,number,value,datetime_start,datetime_complete,duration,params_depth,params_grid,params_k,params_neurons_layer_0,params_neurons_layer_1,params_neurons_layer_10,params_neurons_layer_11,params_neurons_layer_12,params_neurons_layer_13,params_neurons_layer_14,params_neurons_layer_2,params_neurons_layer_3,params_neurons_layer_4,params_neurons_layer_5,params_neurons_layer_6,params_neurons_layer_7,params_neurons_layer_8,params_neurons_layer_9,state
0,0,0.002017654861495394,2025-01-08 13:43:49.180789,2025-01-08 13:44:33.436326,0 days 00:00:44.255537,8,5,5,35,40.0,,,,,,30.0,5.0,25.0,35.0,50.0,45.0,,,COMPLETE
1,1,0.819960423829613,2025-01-08 13:44:33.437214,2025-01-08 13:44:39.928675,0 days 00:00:06.491461,1,1,2,15,,,,,,,,,,,,,,,COMPLETE
2,2,0.7784785043423343,2025-01-08 13:44:39.929971,2025-01-08 13:45:22.417184,0 days 00:00:42.487213,8,5,3,30,40.0,,,,,,35.0,10.0,30.0,50.0,45.0,40.0,,,COMPLETE
3,3,0.30559963057631395,2025-01-08 13:45:22.417991,2025-01-08 13:45:43.460844,0 days 00:00:21.042853,4,9,5,10,50.0,,,,,,35.0,20.0,,,,,,,COMPLETE
4,4,0.569223389675651,2025-01-08 13:45:43.462135,2025-01-08 13:45:57.163266,0 days 00:00:13.701131,1,5,4,40,,,,,,,,,,,,,,,COMPLETE
5,5,0.8222570786649137,2025-01-08 13:45:57.164530,2025-01-08 13:46:27.523083,0 days 00:00:30.358553,6,7,3,45,15.0,,,,,,20.0,45.0,5.0,10.0,,,,,COMPLETE
6,6,0.6667809338745708,2025-01-08 13:46:27.524923,2025-01-08 13:46:53.703413,0 days 00:00:26.178490,5,1,5,50,5.0,,,,,,20.0,10.0,25.0,,,,,,COMPLETE
7,7,0.3558597091531223,2025-01-08 13:46:53.705072,2025-01-08 13:47:33.318778,0 days 00:00:39.613706,10,5,2,25,30.0,,,,,,25.0,15.0,30.0,5.0,35.0,40.0,25.0,50.0,COMPLETE
8,8,0.0,2025-01-08 13:47:33.319693,2025-01-08 13:48:24.141448,0 days 00:00:50.821755,14,3,2,30,20.0,10.0,30.0,10.0,15.0,,45.0,35.0,15.0,45.0,5.0,20.0,30.0,35.0,COMPLETE
9,9,0.8094215849045963,2025-01-08 13:48:24.142418,2025-01-08 13:48:42.720581,0 days 00:00:18.578163,5,7,1,30,30.0,,,,,,30.0,35.0,5.0,,,,,,COMPLETE
10,10,0.0,2025-01-08 13:48:42.721295,2025-01-08 13:49:40.814335,0 days 00:00:58.093040,15,9,3,50,5.0,50.0,5.0,50.0,50.0,50.0,5.0,50.0,50.0,10.0,10.0,5.0,50.0,5.0,COMPLETE
11,11,0.819960423829613,2025-01-08 13:49:40.815330,2025-01-08 13:49:47.319990,0 days 00:00:06.504660,1,1,2,15,,,,,,,,,,,,,,,COMPLETE
12,12,0.8758214248078731,2025-01-08 13:49:47.320595,2025-01-08 13:50:01.540270,0 days 00:00:14.219675,3,7,3,20,15.0,,,,,,10.0,,,,,,,,COMPLETE
13,13,0.8671964879693939,2025-01-08 13:50:01.542542,2025-01-08 13:50:20.661028,0 days 00:00:19.118486,4,7,3,20,15.0,,,,,,10.0,50.0,,,,,,,COMPLETE
14,14,0.8992523320280958,2025-01-08 13:50:20.662297,2025-01-08 13:50:37.385543,0 days 00:00:16.723246,3,7,4,20,15.0,,,,,,5.0,,,,,,,,COMPLETE
15,15,0.8806037506329714,2025-01-08 13:50:37.386533,2025-01-08 13:50:52.097517,0 days 00:00:14.710984,3,7,4,5,20.0,,,,,,10.0,,,,,,,,COMPLETE
16,16,0.0,2025-01-08 13:50:52.099421,2025-01-08 13:51:50.512577,0 days 00:00:58.413156,11,9,4,5,25.0,40.0,,,,,5.0,25.0,50.0,25.0,25.0,20.0,5.0,5.0,COMPLETE
17,17,0.3751723916633095,2025-01-08 13:51:50.513687,2025-01-08 13:52:17.310917,0 days 00:00:26.797230,7,3,4,5,10.0,,,,,,15.0,35.0,40.0,25.0,20.0,,,,COMPLETE
18,18,0.8828903308499559,2025-01-08 13:52:17.312167,2025-01-08 13:52:33.919394,0 days 00:00:16.607227,3,7,4,10,25.0,,,,,,15.0,,,,,,,,COMPLETE
19,19,0.0,2025-01-08 13:52:33.920166,2025-01-08 13:53:20.713329,0 days 00:00:46.793163,10,9,4,15,35.0,,,,,,15.0,25.0,40.0,35.0,35.0,5.0,50.0,30.0,COMPLETE
20,20,0.3124456500780485,2025-01-08 13:53:20.714303,2025-01-08 13:53:40.610831,0 days 00:00:19.896528,3,3,5,20,25.0,,,,,,5.0,,,,,,,,COMPLETE
21,21,0.8743789720550119,2025-01-08 13:53:40.612035,2025-01-08 13:53:56.983154,0 days 00:00:16.371119,3,7,4,10,20.0,,,,,,15.0,,,,,,,,COMPLETE
22,22,0.7254335817503065,2025-01-08 13:53:56.986585,2025-01-08 13:54:09.417406,0 days 00:00:12.430821,2,7,4,10,20.0,,,,,,,,,,,,,,COMPLETE
23,23,0.7055895360735277,2025-01-08 13:54:09.420315,2025-01-08 13:54:33.452620,0 days 00:00:24.032305,6,7,4,5,10.0,,,,,,10.0,40.0,15.0,20.0,,,,,COMPLETE
24,24,0.7261534382798351,2025-01-08 13:54:33.453935,2025-01-08 13:54:50.892818,0 days 00:00:17.438883,2,9,5,10,25.0,,,,,,,,,,,,,,COMPLETE
25,25,0.8707379534974724,2025-01-08 13:54:50.895722,2025-01-08 13:55:16.335280,0 days 00:00:25.439558,4,7,4,25,20.0,,,,,,20.0,30.0,,,,,,,COMPLETE
26,26,0.7705529151578681,2025-01-08 13:55:16.336749,2025-01-08 13:55:43.566673,0 days 00:00:27.229924,6,5,4,15,10.0,,,,,,10.0,5.0,15.0,40.0,,,,,COMPLETE
27,27,0.7468556319687407,2025-01-08 13:55:43.567986,2025-01-08 13:56:00.492221,0 days 00:00:16.924235,2,5,5,5,35.0,,,,,,,,,,,,,,COMPLETE
28,28,0.8578859174347213,2025-01-08 13:56:00.493816,2025-01-08 13:56:25.238124,0 days 00:00:24.744308,5,7,3,20,15.0,,,,,,50.0,20.0,40.0,,,,,,COMPLETE
29,29,0.000505050505050505,2025-01-08 13:56:25.239233,2025-01-08 13:57:00.049546,0 days 00:00:34.810313,9,5,5,10,30.0,,,,,,5.0,45.0,20.0,15.0,15.0,30.0,5.0,,COMPLETE
30,30,0.0005053057099545225,2025-01-08 13:57:00.050864,2025-01-08 13:57:36.398881,0 days 00:00:36.348017,7,9,4,35,25.0,,,,,,15.0,15.0,35.0,50.0,35.0,,,,COMPLETE
31,31,0.8758214248078731,2025-01-08 13:57:36.399851,2025-01-08 13:57:50.626130,0 days 00:00:14.226279,3,7,3,20,15.0,,,,,,10.0,,,,,,,,COMPLETE
32,32,0.8783490878704109,2025-01-08 13:57:50.627666,2025-01-08 13:58:04.974874,0 days 00:00:14.347208,3,7,3,15,20.0,,,,,,10.0,,,,,,,,COMPLETE
33,33,0.8961743401464021,2025-01-08 13:58:04.975917,2025-01-08 13:58:13.322945,0 days 00:00:08.347028,1,7,3,15,,,,,,,,,,,,,,,COMPLETE
34,34,0.8803923687649318,2025-01-08 13:58:13.327657,2025-01-08 13:58:19.545594,0 days 00:00:06.217937,1,9,1,15,,,,,,,,,,,,,,,COMPLETE
35,35,0.876375477299029,2025-01-08 13:58:19.550795,2025-01-08 13:58:29.272415,0 days 00:00:09.721620,2,7,2,10,35.0,,,,,,,,,,,,,,COMPLETE
36,36,0.8735106226574632,2025-01-08 13:58:29.273461,2025-01-08 13:58:40.248921,0 days 00:00:10.975460,1,5,4,25,,,,,,,,,,,,,,,COMPLETE
37,37,0.8643700673794168,2025-01-08 13:58:40.254254,2025-01-08 13:59:00.596492,0 days 00:00:20.342238,4,9,3,5,45.0,,,,,,25.0,30.0,,,,,,,COMPLETE
38,38,0.6689886417480131,2025-01-08 13:59:00.597544,2025-01-08 13:59:15.404869,0 days 00:00:14.807325,2,7,5,10,10.0,,,,,,,,,,,,,,COMPLETE
39,39,0.8196690542539462,2025-01-08 13:59:15.407873,2025-01-08 13:59:46.096365,0 days 00:00:30.688492,5,5,4,15,30.0,,,,,,5.0,40.0,45.0,,,,,,COMPLETE
40,40,0.0,2025-01-08 13:59:46.097556,2025-01-08 14:00:31.533343,0 days 00:00:45.435787,12,5,3,35,50.0,5.0,45.0,,,,20.0,20.0,10.0,30.0,45.0,50.0,30.0,50.0,COMPLETE
41,41,0.8803923687649318,2025-01-08 14:00:31.534375,2025-01-08 14:00:37.757914,0 days 00:00:06.223539,1,9,1,15,,,,,,,,,,,,,,,COMPLETE
42,42,0.8845588799311463,2025-01-08 14:00:37.758560,2025-01-08 14:00:43.758458,0 days 00:00:05.999898,1,9,1,10,,,,,,,,,,,,,,,COMPLETE
43,43,0.8565518930234162,2025-01-08 14:00:43.761921,2025-01-08 14:00:49.653510,0 days 00:00:05.891589,1,7,1,10,,,,,,,,,,,,,,,COMPLETE
44,44,0.8410353237003825,2025-01-08 14:00:49.656912,2025-01-08 14:00:59.390786,0 days 00:00:09.733874,2,9,2,5,40.0,,,,,,,,,,,,,,COMPLETE
45,45,0.27921924885323535,2025-01-08 14:00:59.391695,2025-01-08 14:01:15.629800,0 days 00:00:16.238105,4,7,2,10,25.0,,,,,,15.0,45.0,,,,,,,COMPLETE
46,46,0.24269133511615637,2025-01-08 14:01:15.631051,2025-01-08 14:01:39.235594,0 days 00:00:23.604543,3,9,5,25,5.0,,,,,,30.0,,,,,,,,COMPLETE
47,47,0.8900690525690526,2025-01-08 14:01:39.236680,2025-01-08 14:01:49.846889,0 days 00:00:10.610209,1,7,4,20,,,,,,,,,,,,,,,COMPLETE
48,48,0.895831361816757,2025-01-08 14:01:49.853644,2025-01-08 14:01:58.851391,0 days 00:00:08.997747,1,7,3,20,,,,,,,,,,,,,,,COMPLETE
49,49,0.81271633442565,2025-01-08 14:01:58.857998,2025-01-08 14:02:07.168364,0 days 00:00:08.310366,1,9,2,20,,,,,,,,,,,,,,,COMPLETE
50,50,0.8853172741018822,2025-01-08 14:02:07.174920,2025-01-08 14:02:16.861067,0 days 00:00:09.686147,1,3,3,30,,,,,,,,,,,,,,,COMPLETE
51,51,0.6666666666666666,2025-01-08 14:02:16.862138,2025-01-08 14:02:26.425178,0 days 00:00:09.563040,1,1,3,30,,,,,,,,,,,,,,,COMPLETE
52,52,0.7200513436917162,2025-01-08 14:02:26.426209,2025-01-08 14:02:42.270986,0 days 00:00:15.844777,2,3,3,35,45.0,,,,,,,,,,,,,,COMPLETE
53,53,0.7223419083469034,2025-01-08 14:02:42.272811,2025-01-08 14:02:51.695627,0 days 00:00:09.422816,1,5,3,25,,,,,,,,,,,,,,,COMPLETE
54,54,0.9002598700588313,2025-01-08 14:02:51.698243,2025-01-08 14:03:03.896579,0 days 00:00:12.198336,2,5,3,30,5.0,,,,,,,,,,,,,,COMPLETE
55,55,0.8620163524039817,2025-01-08 14:03:03.897661,2025-01-08 14:03:15.954348,0 days 00:00:12.056687,2,3,3,30,5.0,,,,,,,,,,,,,,COMPLETE
56,56,0.7141252457174951,2025-01-08 14:03:15.955356,2025-01-08 14:03:26.499136,0 days 00:00:10.543780,2,1,3,30,5.0,,,,,,,,,,,,,,COMPLETE
57,57,0.876385774322809,2025-01-08 14:03:26.508088,2025-01-08 14:03:44.595999,0 days 00:00:18.087911,4,3,3,25,10.0,,,,,,40.0,10.0,,,,,,,COMPLETE
58,58,0.8783847217576127,2025-01-08 14:03:44.597424,2025-01-08 14:03:55.798943,0 days 00:00:11.201519,1,3,3,40,,,,,,,,,,,,,,,COMPLETE
59,59,0.8845396309981969,2025-01-08 14:03:55.800076,2025-01-08 14:04:11.032040,0 days 00:00:15.231964,3,5,3,20,15.0,,,,,,35.0,,,,,,,,COMPLETE
60,60,0.887977361778165,2025-01-08 14:04:11.033282,2025-01-08 14:04:25.107943,0 days 00:00:14.074661,2,7,3,35,5.0,,,,,,,,,,,,,,COMPLETE
61,61,0.8246635926716627,2025-01-08 14:04:25.109221,2025-01-08 14:04:39.680814,0 days 00:00:14.571593,2,7,3,40,5.0,,,,,,,,,,,,,,COMPLETE
62,62,0.8680726759936237,2025-01-08 14:04:39.681905,2025-01-08 14:04:51.819993,0 days 00:00:12.138088,1,7,3,35,,,,,,,,,,,,,,,COMPLETE
63,63,0.8786792452830189,2025-01-08 14:04:51.821021,2025-01-08 14:05:05.952066,0 days 00:00:14.131045,2,7,3,35,10.0,,,,,,,,,,,,,,COMPLETE
64,64,0.8691461547345402,2025-01-08 14:05:05.953181,2025-01-08 14:05:25.095736,0 days 00:00:19.142555,3,7,4,25,5.0,,,,,,40.0,,,,,,,,COMPLETE
65,65,0.0,2025-01-08 14:05:25.097259,2025-01-08 14:06:18.459258,0 days 00:00:53.361999,13,7,3,45,15.0,25.0,5.0,40.0,,,25.0,40.0,20.0,5.0,5.0,30.0,20.0,20.0,COMPLETE
66,66,0.8629202414205905,2025-01-08 14:06:18.460287,2025-01-08 14:06:33.129257,0 days 00:00:14.668970,2,7,4,30,5.0,,,,,,,,,,,,,,COMPLETE
67,67,0.8663126270050088,2025-01-08 14:06:33.130585,2025-01-08 14:06:44.634148,0 days 00:00:11.503563,1,5,3,40,,,,,,,,,,,,,,,COMPLETE
68,68,0.8757632911468438,2025-01-08 14:06:44.635425,2025-01-08 14:06:58.068886,0 days 00:00:13.433461,3,5,2,20,10.0,,,,,,50.0,,,,,,,,COMPLETE
69,69,0.8723103849044082,2025-01-08 14:06:58.070374,2025-01-08 14:07:23.247712,0 days 00:00:25.177338,4,7,4,30,10.0,,,,,,35.0,15.0,,,,,,,COMPLETE
70,70,0.0,2025-01-08 14:07:23.249215,2025-01-08 14:07:57.711442,0 days 00:00:34.462227,8,7,3,20,5.0,,,,,,45.0,30.0,35.0,20.0,25.0,15.0,,,COMPLETE
71,71,0.8926474573022858,2025-01-08 14:07:57.712418,2025-01-08 14:08:04.790079,0 days 00:00:07.077661,1,7,2,15,,,,,,,,,,,,,,,COMPLETE
72,72,0.8926474573022858,2025-01-08 14:08:04.790910,2025-01-08 14:08:11.858963,0 days 00:00:07.068053,1,7,2,15,,,,,,,,,,,,,,,COMPLETE
73,73,0.8906331286619162,2025-01-08 14:08:11.863232,2025-01-08 14:08:21.707418,0 days 00:00:09.844186,2,7,2,15,15.0,,,,,,,,,,,,,,COMPLETE
74,74,0.8926474573022858,2025-01-08 14:08:21.710746,2025-01-08 14:08:28.779898,0 days 00:00:07.069152,1,7,2,15,,,,,,,,,,,,,,,COMPLETE
75,75,0.8906331286619162,2025-01-08 14:08:28.784969,2025-01-08 14:08:38.626446,0 days 00:00:09.841477,2,7,2,15,15.0,,,,,,,,,,,,,,COMPLETE
76,76,0.8774123200384653,2025-01-08 14:08:38.630681,2025-01-08 14:08:51.033859,0 days 00:00:12.403178,3,5,2,15,20.0,,,,,,25.0,,,,,,,,COMPLETE
77,77,0.8926474573022858,2025-01-08 14:08:51.035312,2025-01-08 14:08:58.107358,0 days 00:00:07.072046,1,7,2,15,,,,,,,,,,,,,,,COMPLETE
78,78,0.8926474573022858,2025-01-08 14:08:58.111894,2025-01-08 14:09:05.306486,0 days 00:00:07.194592,1,7,2,15,,,,,,,,,,,,,,,COMPLETE
79,79,0.23575098806146363,2025-01-08 14:09:05.311356,2025-01-08 14:09:43.982676,0 days 00:00:38.671320,9,7,2,15,20.0,,,,,,30.0,5.0,45.0,40.0,15.0,35.0,40.0,,COMPLETE
80,80,0.8474033580632565,2025-01-08 14:09:43.983612,2025-01-08 14:09:52.135144,0 days 00:00:08.151532,1,7,2,20,,,,,,,,,,,,,,,COMPLETE
81,81,0.8926474573022858,2025-01-08 14:09:52.140533,2025-01-08 14:09:59.218423,0 days 00:00:07.077890,1,7,2,15,,,,,,,,,,,,,,,COMPLETE
82,82,0.8926474573022858,2025-01-08 14:09:59.219009,2025-01-08 14:10:06.416607,0 days 00:00:07.197598,1,7,2,15,,,,,,,,,,,,,,,COMPLETE
83,83,0.8476641647250418,2025-01-08 14:10:06.421554,2025-01-08 14:10:16.824738,0 days 00:00:10.403184,2,7,2,15,30.0,,,,,,,,,,,,,,COMPLETE
84,84,0.8926474573022858,2025-01-08 14:10:16.825740,2025-01-08 14:10:23.901733,0 days 00:00:07.075993,1,7,2,15,,,,,,,,,,,,,,,COMPLETE
85,85,0.8897866549864717,2025-01-08 14:10:23.906337,2025-01-08 14:10:30.593480,0 days 00:00:06.687143,1,7,1,20,,,,,,,,,,,,,,,COMPLETE
86,86,0.876375477299029,2025-01-08 14:10:30.599426,2025-01-08 14:10:40.322659,0 days 00:00:09.723233,2,7,2,10,35.0,,,,,,,,,,,,,,COMPLETE
87,87,0.8989612489488217,2025-01-08 14:10:40.323763,2025-01-08 14:10:47.250590,0 days 00:00:06.926827,1,5,2,15,,,,,,,,,,,,,,,COMPLETE
88,88,0.8972551556203658,2025-01-08 14:10:47.255616,2025-01-08 14:10:58.968556,0 days 00:00:11.712940,2,5,2,20,45.0,,,,,,,,,,,,,,COMPLETE
89,89,0.0,2025-01-08 14:10:58.970045,2025-01-08 14:11:47.643424,0 days 00:00:48.673379,15,5,1,20,45.0,25.0,50.0,5.0,5.0,5.0,40.0,5.0,10.0,30.0,30.0,10.0,15.0,20.0,COMPLETE
90,90,0.8725403699329384,2025-01-08 14:11:47.644574,2025-01-08 14:12:03.737270,0 days 00:00:16.092696,3,5,2,20,40.0,,,,,,45.0,,,,,,,,COMPLETE
91,91,0.8812512944235256,2025-01-08 14:12:03.738618,2025-01-08 14:12:14.804004,0 days 00:00:11.065386,2,5,2,15,50.0,,,,,,,,,,,,,,COMPLETE
92,92,0.8868887258011364,2025-01-08 14:12:14.805352,2025-01-08 14:12:21.282602,0 days 00:00:06.477250,1,5,2,10,,,,,,,,,,,,,,,COMPLETE
93,93,0.8846294638672623,2025-01-08 14:12:21.285735,2025-01-08 14:12:33.648260,0 days 00:00:12.362525,2,5,2,25,45.0,,,,,,,,,,,,,,COMPLETE
94,94,0.8472849562211203,2025-01-08 14:12:33.649556,2025-01-08 14:12:41.276157,0 days 00:00:07.626601,1,5,2,20,,,,,,,,,,,,,,,COMPLETE
95,95,0.8926474573022858,2025-01-08 14:12:41.281852,2025-01-08 14:12:48.351878,0 days 00:00:07.070026,1,7,2,15,,,,,,,,,,,,,,,COMPLETE
96,96,0.7132487326177837,2025-01-08 14:12:48.356826,2025-01-08 14:13:10.290638,0 days 00:00:21.933812,7,7,1,20,35.0,,,,,,20.0,25.0,20.0,15.0,50.0,,,,COMPLETE
97,97,0.8861409137530158,2025-01-08 14:13:10.291350,2025-01-08 14:13:20.150899,0 days 00:00:09.859549,2,5,2,10,40.0,,,,,,,,,,,,,,COMPLETE
98,98,0.8989612489488217,2025-01-08 14:13:20.151811,2025-01-08 14:13:27.081166,0 days 00:00:06.929355,1,5,2,15,,,,,,,,,,,,,,,COMPLETE
99,99,0.8707983470549037,2025-01-08 14:13:27.081706,2025-01-08 14:13:37.277294,0 days 00:00:10.195588,2,5,2,20,25.0,,,,,,,,,,,,,,COMPLETE
100,100,0.8825869509134829,2025-01-08 14:13:37.278900,2025-01-08 14:13:52.447556,0 days 00:00:15.168656,3,5,2,15,50.0,,,,,,30.0,,,,,,,,COMPLETE
101,101,0.8989612489488217,2025-01-08 14:13:52.449147,2025-01-08 14:13:59.503195,0 days 00:00:07.054048,1,5,2,15,,,,,,,,,,,,,,,COMPLETE
102,102,0.8989612489488217,2025-01-08 14:13:59.509337,2025-01-08 14:14:06.434406,0 days 00:00:06.925069,1,5,2,15,,,,,,,,,,,,,,,COMPLETE
103,103,0.8868887258011364,2025-01-08 14:14:06.439399,2025-01-08 14:14:12.915980,0 days 00:00:06.476581,1,5,2,10,,,,,,,,,,,,,,,COMPLETE
104,104,0.884849993333037,2025-01-08 14:14:12.919169,2025-01-08 14:14:22.877342,0 days 00:00:09.958173,2,5,2,15,30.0,,,,,,,,,,,,,,COMPLETE
105,105,0.8472849562211203,2025-01-08 14:14:22.879004,2025-01-08 14:14:30.507775,0 days 00:00:07.628771,1,5,2,20,,,,,,,,,,,,,,,COMPLETE
106,106,0.9018177208460589,2025-01-08 14:14:30.511525,2025-01-08 14:14:39.587463,0 days 00:00:09.075938,2,5,2,15,10.0,,,,,,,,,,,,,,COMPLETE
107,107,0.8735980951731641,2025-01-08 14:14:39.591203,2025-01-08 14:14:54.195865,0 days 00:00:14.604662,3,5,3,25,10.0,,,,,,20.0,,,,,,,,COMPLETE
108,108,0.8735884465493173,2025-01-08 14:14:54.196977,2025-01-08 14:15:04.001417,0 days 00:00:09.804440,2,5,3,10,15.0,,,,,,,,,,,,,,COMPLETE
109,109,0.865785823816704,2025-01-08 14:15:04.004279,2025-01-08 14:15:14.088420,0 days 00:00:10.084141,2,5,2,20,10.0,,,,,,,,,,,,,,COMPLETE
110,110,0.8847037272892565,2025-01-08 14:15:14.093992,2025-01-08 14:15:25.120123,0 days 00:00:11.026131,3,5,1,15,15.0,,,,,,35.0,,,,,,,,COMPLETE
111,111,0.8989612489488217,2025-01-08 14:15:25.123456,2025-01-08 14:15:32.054363,0 days 00:00:06.930907,1,5,2,15,,,,,,,,,,,,,,,COMPLETE
112,112,0.8989612489488217,2025-01-08 14:15:32.055349,2025-01-08 14:15:38.980602,0 days 00:00:06.925253,1,5,2,15,,,,,,,,,,,,,,,COMPLETE
113,113,0.8777699585992658,2025-01-08 14:15:38.985222,2025-01-08 14:15:48.405683,0 days 00:00:09.420461,2,5,2,15,20.0,,,,,,,,,,,,,,COMPLETE
114,114,0.8868887258011364,2025-01-08 14:15:48.410072,2025-01-08 14:15:54.886583,0 days 00:00:06.476511,1,5,2,10,,,,,,,,,,,,,,,COMPLETE
115,115,0.8472849562211203,2025-01-08 14:15:54.890025,2025-01-08 14:16:02.516764,0 days 00:00:07.626739,1,5,2,20,,,,,,,,,,,,,,,COMPLETE
116,116,0.8980272434294755,2025-01-08 14:16:02.523298,2025-01-08 14:16:12.740954,0 days 00:00:10.217656,2,5,3,15,10.0,,,,,,,,,,,,,,COMPLETE
117,117,0.9018177208460589,2025-01-08 14:16:12.745235,2025-01-08 14:16:21.818710,0 days 00:00:09.073475,2,5,2,15,10.0,,,,,,,,,,,,,,COMPLETE
118,118,0.9018177208460589,2025-01-08 14:16:21.822874,2025-01-08 14:16:30.894559,0 days 00:00:09.071685,2,5,2,15,10.0,,,,,,,,,,,,,,COMPLETE
119,119,0.9018177208460589,2025-01-08 14:16:30.898721,2025-01-08 14:16:39.970181,0 days 00:00:09.071460,2,5,2,15,10.0,,,,,,,,,,,,,,COMPLETE
120,120,0.8793791968785025,2025-01-08 14:16:39.974295,2025-01-08 14:16:50.514059,0 days 00:00:10.539764,3,5,2,10,10.0,,,,,,5.0,,,,,,,,COMPLETE
121,121,0.9018177208460589,2025-01-08 14:16:50.516945,2025-01-08 14:16:59.587469,0 days 00:00:09.070524,2,5,2,15,10.0,,,,,,,,,,,,,,COMPLETE
122,122,0.9058225672488682,2025-01-08 14:16:59.591585,2025-01-08 14:17:08.641556,0 days 00:00:09.049971,2,5,2,15,5.0,,,,,,,,,,,,,,COMPLETE
123,123,0.9058225672488682,2025-01-08 14:17:08.645776,2025-01-08 14:17:17.694712,0 days 00:00:09.048936,2,5,2,15,5.0,,,,,,,,,,,,,,COMPLETE
124,124,0.8896699434190334,2025-01-08 14:17:17.698807,2025-01-08 14:17:29.206994,0 days 00:00:11.508187,3,5,2,15,5.0,,,,,,25.0,,,,,,,,COMPLETE
125,125,0.883188466439698,2025-01-08 14:17:29.211227,2025-01-08 14:17:47.267939,0 days 00:00:18.056712,4,5,2,15,5.0,,,,,,45.0,50.0,,,,,,,COMPLETE
126,126,0.8800832482774774,2025-01-08 14:17:47.269197,2025-01-08 14:17:55.824856,0 days 00:00:08.555659,2,5,2,10,10.0,,,,,,,,,,,,,,COMPLETE
127,127,0.9058225672488682,2025-01-08 14:17:55.826811,2025-01-08 14:18:04.876486,0 days 00:00:09.049675,2,5,2,15,5.0,,,,,,,,,,,,,,COMPLETE
128,128,0.9058225672488682,2025-01-08 14:18:04.880545,2025-01-08 14:18:13.928681,0 days 00:00:09.048136,2,5,2,15,5.0,,,,,,,,,,,,,,COMPLETE
129,129,0.8896248713293682,2025-01-08 14:18:13.932709,2025-01-08 14:18:25.177984,0 days 00:00:11.245275,3,5,2,15,5.0,,,,,,20.0,,,,,,,,COMPLETE
130,130,0.8686182577440331,2025-01-08 14:18:25.182238,2025-01-08 14:18:37.445945,0 days 00:00:12.263707,4,5,2,10,5.0,,,,,,5.0,10.0,,,,,,,COMPLETE
131,131,0.9058225672488682,2025-01-08 14:18:37.448795,2025-01-08 14:18:46.498622,0 days 00:00:09.049827,2,5,2,15,5.0,,,,,,,,,,,,,,COMPLETE
132,132,0.8072806905485572,2025-01-08 14:18:46.502822,2025-01-08 14:18:55.366422,0 days 00:00:08.863600,2,3,2,15,5.0,,,,,,,,,,,,,,COMPLETE
133,133,0.9058225672488682,2025-01-08 14:18:55.370441,2025-01-08 14:19:04.418756,0 days 00:00:09.048315,2,5,2,15,5.0,,,,,,,,,,,,,,COMPLETE
134,134,0.8794731621984841,2025-01-08 14:19:04.422746,2025-01-08 14:19:15.528937,0 days 00:00:11.106191,3,5,2,15,5.0,,,,,,15.0,,,,,,,,COMPLETE
135,135,0.9058225672488682,2025-01-08 14:19:15.533069,2025-01-08 14:19:24.581156,0 days 00:00:09.048087,2,5,2,15,5.0,,,,,,,,,,,,,,COMPLETE
136,136,0.9058225672488682,2025-01-08 14:19:24.585204,2025-01-08 14:19:33.632752,0 days 00:00:09.047548,2,5,2,15,5.0,,,,,,,,,,,,,,COMPLETE
137,137,0.9058225672488682,2025-01-08 14:19:33.636789,2025-01-08 14:19:42.688244,0 days 00:00:09.051455,2,5,2,15,5.0,,,,,,,,,,,,,,COMPLETE
138,138,0.9058225672488682,2025-01-08 14:19:42.692454,2025-01-08 14:19:51.742861,0 days 00:00:09.050407,2,5,2,15,5.0,,,,,,,,,,,,,,COMPLETE
139,139,0.9058225672488682,2025-01-08 14:19:51.746964,2025-01-08 14:20:00.921191,0 days 00:00:09.174227,2,5,2,15,5.0,,,,,,,,,,,,,,COMPLETE
140,140,0.8808059124708438,2025-01-08 14:20:00.926146,2025-01-08 14:20:12.964751,0 days 00:00:12.038605,3,5,2,15,5.0,,,,,,50.0,,,,,,,,COMPLETE
141,141,0.9058225672488682,2025-01-08 14:20:12.966415,2025-01-08 14:20:22.013697,0 days 00:00:09.047282,2,5,2,15,5.0,,,,,,,,,,,,,,COMPLETE
142,142,0.9058225672488682,2025-01-08 14:20:22.017747,2025-01-08 14:20:31.066832,0 days 00:00:09.049085,2,5,2,15,5.0,,,,,,,,,,,,,,COMPLETE
143,143,0.9058225672488682,2025-01-08 14:20:31.071101,2025-01-08 14:20:40.117820,0 days 00:00:09.046719,2,5,2,15,5.0,,,,,,,,,,,,,,COMPLETE
144,144,0.8774587727721428,2025-01-08 14:20:40.121886,2025-01-08 14:20:52.291309,0 days 00:00:12.169423,3,5,2,15,5.0,,,,,,40.0,,,,,,,,COMPLETE
145,145,0.8737259454449721,2025-01-08 14:20:52.295684,2025-01-08 14:21:00.969451,0 days 00:00:08.673767,2,5,2,10,5.0,,,,,,,,,,,,,,COMPLETE
146,146,0.9058225672488682,2025-01-08 14:21:00.972186,2025-01-08 14:21:10.019826,0 days 00:00:09.047640,2,5,2,15,5.0,,,,,,,,,,,,,,COMPLETE
147,147,0.8883319180311898,2025-01-08 14:21:10.023874,2025-01-08 14:21:21.705647,0 days 00:00:11.681773,3,5,2,15,5.0,,,,,,35.0,,,,,,,,COMPLETE
148,148,0.9058225672488682,2025-01-08 14:21:21.710106,2025-01-08 14:21:30.759039,0 days 00:00:09.048933,2,5,2,15,5.0,,,,,,,,,,,,,,COMPLETE
149,149,0.8737259454449721,2025-01-08 14:21:30.763129,2025-01-08 14:21:39.563175,0 days 00:00:08.800046,2,5,2,10,5.0,,,,,,,,,,,,,,COMPLETE
150,150,0.3527065527065527,2025-01-08 14:21:39.566318,2025-01-08 14:22:25.978355,0 days 00:00:46.412037,11,5,2,15,5.0,40.0,,,,,50.0,20.0,35.0,45.0,40.0,50.0,35.0,40.0,COMPLETE
151,151,0.9058225672488682,2025-01-08 14:22:25.979446,2025-01-08 14:22:35.031102,0 days 00:00:09.051656,2,5,2,15,5.0,,,,,,,,,,,,,,COMPLETE
152,152,0.9058225672488682,2025-01-08 14:22:35.035417,2025-01-08 14:22:44.083868,0 days 00:00:09.048451,2,5,2,15,5.0,,,,,,,,,,,,,,COMPLETE
153,153,0.8714533309787487,2025-01-08 14:22:44.087688,2025-01-08 14:22:56.154703,0 days 00:00:12.067015,3,5,2,15,5.0,,,,,,45.0,,,,,,,,COMPLETE
154,154,0.9058225672488682,2025-01-08 14:22:56.155685,2025-01-08 14:23:05.210863,0 days 00:00:09.055178,2,5,2,15,5.0,,,,,,,,,,,,,,COMPLETE
155,155,0.8893622039057136,2025-01-08 14:23:05.215109,2025-01-08 14:23:16.568204,0 days 00:00:11.353095,3,5,2,15,5.0,,,,,,30.0,,,,,,,,COMPLETE
156,156,0.9058225672488682,2025-01-08 14:23:16.572543,2025-01-08 14:23:25.622520,0 days 00:00:09.049977,2,5,2,15,5.0,,,,,,,,,,,,,,COMPLETE
157,157,0.9058225672488682,2025-01-08 14:23:25.626646,2025-01-08 14:23:34.801322,0 days 00:00:09.174676,2,5,2,15,5.0,,,,,,,,,,,,,,COMPLETE
158,158,0.8724989388426311,2025-01-08 14:23:34.806307,2025-01-08 14:23:57.252339,0 days 00:00:22.446032,5,5,2,50,5.0,,,,,,40.0,15.0,45.0,,,,,,COMPLETE
159,159,0.8880504497711463,2025-01-08 14:23:57.254232,2025-01-08 14:24:08.358533,0 days 00:00:11.104301,3,5,2,10,5.0,,,,,,35.0,,,,,,,,COMPLETE
160,160,0.8811104748450866,2025-01-08 14:24:08.359478,2025-01-08 14:24:18.222352,0 days 00:00:09.862874,2,5,2,20,5.0,,,,,,,,,,,,,,COMPLETE
161,161,0.9058225672488682,2025-01-08 14:24:18.226103,2025-01-08 14:24:27.401050,0 days 00:00:09.174947,2,5,2,15,5.0,,,,,,,,,,,,,,COMPLETE
162,162,0.9058225672488682,2025-01-08 14:24:27.404897,2025-01-08 14:24:36.452343,0 days 00:00:09.047446,2,5,2,15,5.0,,,,,,,,,,,,,,COMPLETE
163,163,0.9058225672488682,2025-01-08 14:24:36.456405,2025-01-08 14:24:45.508544,0 days 00:00:09.052139,2,5,2,15,5.0,,,,,,,,,,,,,,COMPLETE
164,164,0.9058225672488682,2025-01-08 14:24:45.512731,2025-01-08 14:24:54.563389,0 days 00:00:09.050658,2,5,2,15,5.0,,,,,,,,,,,,,,COMPLETE
165,165,0.8896699434190334,2025-01-08 14:24:54.567475,2025-01-08 14:25:06.077628,0 days 00:00:11.510153,3,5,2,15,5.0,,,,,,25.0,,,,,,,,COMPLETE
166,166,0.9058225672488682,2025-01-08 14:25:06.080445,2025-01-08 14:25:15.128105,0 days 00:00:09.047660,2,5,2,15,5.0,,,,,,,,,,,,,,COMPLETE
167,167,0.9058225672488682,2025-01-08 14:25:15.132123,2025-01-08 14:25:24.181329,0 days 00:00:09.049206,2,5,2,15,5.0,,,,,,,,,,,,,,COMPLETE
168,168,0.8142215384343408,2025-01-08 14:25:24.185382,2025-01-08 14:25:43.359812,0 days 00:00:19.174430,6,5,2,15,5.0,,,,,,10.0,45.0,10.0,20.0,,,,,COMPLETE
169,169,0.9058225672488682,2025-01-08 14:25:43.361379,2025-01-08 14:25:52.542243,0 days 00:00:09.180864,2,5,2,15,5.0,,,,,,,,,,,,,,COMPLETE
170,170,0.8874669487043891,2025-01-08 14:25:52.544630,2025-01-08 14:26:02.872855,0 days 00:00:10.328225,3,5,2,10,5.0,,,,,,15.0,,,,,,,,COMPLETE
171,171,0.9058225672488682,2025-01-08 14:26:02.875619,2025-01-08 14:26:11.926658,0 days 00:00:09.051039,2,5,2,15,5.0,,,,,,,,,,,,,,COMPLETE
172,172,0.9058225672488682,2025-01-08 14:26:11.930793,2025-01-08 14:26:20.979316,0 days 00:00:09.048523,2,5,2,15,5.0,,,,,,,,,,,,,,COMPLETE
173,173,0.9058225672488682,2025-01-08 14:26:20.983468,2025-01-08 14:26:30.035487,0 days 00:00:09.052019,2,5,2,15,5.0,,,,,,,,,,,,,,COMPLETE
174,174,0.9058225672488682,2025-01-08 14:26:30.039714,2025-01-08 14:26:39.090641,0 days 00:00:09.050927,2,5,2,15,5.0,,,,,,,,,,,,,,COMPLETE
175,175,0.2883580080753701,2025-01-08 14:26:39.094725,2025-01-08 14:27:11.354904,0 days 00:00:32.260179,9,5,2,15,5.0,,,,,,50.0,35.0,25.0,35.0,20.0,25.0,15.0,,COMPLETE
176,176,0.8811104748450866,2025-01-08 14:27:11.355781,2025-01-08 14:27:21.226037,0 days 00:00:09.870256,2,5,2,20,5.0,,,,,,,,,,,,,,COMPLETE
177,177,0.9058225672488682,2025-01-08 14:27:21.230385,2025-01-08 14:27:30.281269,0 days 00:00:09.050884,2,5,2,15,5.0,,,,,,,,,,,,,,COMPLETE
178,178,0.9058225672488682,2025-01-08 14:27:30.285126,2025-01-08 14:27:39.335627,0 days 00:00:09.050501,2,5,2,15,5.0,,,,,,,,,,,,,,COMPLETE
179,179,0.8821630318995609,2025-01-08 14:27:39.339742,2025-01-08 14:27:51.424719,0 days 00:00:12.084977,3,5,2,20,5.0,,,,,,30.0,,,,,,,,COMPLETE
180,180,0.8896248713293682,2025-01-08 14:27:51.429017,2025-01-08 14:28:02.549912,0 days 00:00:11.120895,3,5,2,15,5.0,,,,,,20.0,,,,,,,,COMPLETE
181,181,0.9058225672488682,2025-01-08 14:28:02.554150,2025-01-08 14:28:11.605629,0 days 00:00:09.051479,2,5,2,15,5.0,,,,,,,,,,,,,,COMPLETE
182,182,0.9058225672488682,2025-01-08 14:28:11.609873,2025-01-08 14:28:20.662805,0 days 00:00:09.052932,2,5,2,15,5.0,,,,,,,,,,,,,,COMPLETE
183,183,0.0,2025-01-08 14:28:20.666929,2025-01-08 14:29:08.820972,0 days 00:00:48.154043,14,5,2,15,5.0,15.0,25.0,25.0,40.0,,45.0,40.0,30.0,10.0,30.0,15.0,40.0,15.0,COMPLETE
184,184,0.9058225672488682,2025-01-08 14:29:08.822191,2025-01-08 14:29:17.877994,0 days 00:00:09.055803,2,5,2,15,5.0,,,,,,,,,,,,,,COMPLETE
185,185,0.9058225672488682,2025-01-08 14:29:17.882178,2025-01-08 14:29:27.058247,0 days 00:00:09.176069,2,5,2,15,5.0,,,,,,,,,,,,,,COMPLETE
186,186,0.9018177208460589,2025-01-08 14:29:27.062233,2025-01-08 14:29:36.139077,0 days 00:00:09.076844,2,5,2,15,10.0,,,,,,,,,,,,,,COMPLETE
187,187,0.8883319180311898,2025-01-08 14:29:36.140352,2025-01-08 14:29:47.823508,0 days 00:00:11.683156,3,5,2,15,5.0,,,,,,35.0,,,,,,,,COMPLETE
188,188,0.8737259454449721,2025-01-08 14:29:47.826898,2025-01-08 14:29:56.506802,0 days 00:00:08.679904,2,5,2,10,5.0,,,,,,,,,,,,,,COMPLETE
189,189,0.9058225672488682,2025-01-08 14:29:56.509714,2025-01-08 14:30:05.562843,0 days 00:00:09.053129,2,5,2,15,5.0,,,,,,,,,,,,,,COMPLETE
190,190,0.8726190098243642,2025-01-08 14:30:05.566948,2025-01-08 14:30:20.567854,0 days 00:00:15.000906,3,5,2,45,5.0,,,,,,10.0,,,,,,,,COMPLETE
191,191,0.9058225672488682,2025-01-08 14:30:20.569341,2025-01-08 14:30:29.747113,0 days 00:00:09.177772,2,5,2,15,5.0,,,,,,,,,,,,,,COMPLETE
192,192,0.9058225672488682,2025-01-08 14:30:29.750274,2025-01-08 14:30:38.800338,0 days 00:00:09.050064,2,5,2,15,5.0,,,,,,,,,,,,,,COMPLETE
193,193,0.9058225672488682,2025-01-08 14:30:38.804385,2025-01-08 14:30:47.857267,0 days 00:00:09.052882,2,5,2,15,5.0,,,,,,,,,,,,,,COMPLETE
194,194,0.9058225672488682,2025-01-08 14:30:47.861508,2025-01-08 14:30:56.914420,0 days 00:00:09.052912,2,5,2,15,5.0,,,,,,,,,,,,,,COMPLETE
195,195,0.8989612489488217,2025-01-08 14:30:56.918465,2025-01-08 14:31:03.847129,0 days 00:00:06.928664,1,5,2,15,,,,,,,,,,,,,,,COMPLETE
196,196,0.9058225672488682,2025-01-08 14:31:03.852132,2025-01-08 14:31:12.902646,0 days 00:00:09.050514,2,5,2,15,5.0,,,,,,,,,,,,,,COMPLETE
197,197,0.9058225672488682,2025-01-08 14:31:12.906672,2025-01-08 14:31:21.956894,0 days 00:00:09.050222,2,5,2,15,5.0,,,,,,,,,,,,,,COMPLETE
198,198,0.8472849562211203,2025-01-08 14:31:21.960923,2025-01-08 14:31:29.590457,0 days 00:00:07.629534,1,5,2,20,,,,,,,,,,,,,,,COMPLETE
199,199,0.9018177208460589,2025-01-08 14:31:29.596881,2025-01-08 14:31:38.678643,0 days 00:00:09.081762,2,5,2,15,10.0,,,,,,,,,,,,,,COMPLETE
200,200,0.8896699434190334,2025-01-08 14:31:38.679805,2025-01-08 14:31:50.318793,0 days 00:00:11.638988,3,5,2,15,5.0,,,,,,25.0,,,,,,,,COMPLETE
201,201,0.9058225672488682,2025-01-08 14:31:50.322638,2025-01-08 14:31:59.372837,0 days 00:00:09.050199,2,5,2,15,5.0,,,,,,,,,,,,,,COMPLETE
202,202,0.9058225672488682,2025-01-08 14:31:59.376898,2025-01-08 14:32:08.427091,0 days 00:00:09.050193,2,5,2,15,5.0,,,,,,,,,,,,,,COMPLETE
203,203,0.9058225672488682,2025-01-08 14:32:08.431140,2025-01-08 14:32:17.481644,0 days 00:00:09.050504,2,5,2,15,5.0,,,,,,,,,,,,,,COMPLETE
204,204,0.9058225672488682,2025-01-08 14:32:17.485665,2025-01-08 14:32:26.539205,0 days 00:00:09.053540,2,5,2,15,5.0,,,,,,,,,,,,,,COMPLETE
205,205,0.9058225672488682,2025-01-08 14:32:26.543424,2025-01-08 14:32:35.594665,0 days 00:00:09.051241,2,5,2,15,5.0,,,,,,,,,,,,,,COMPLETE
206,206,0.8989612489488217,2025-01-08 14:32:35.598680,2025-01-08 14:32:42.526552,0 days 00:00:06.927872,1,5,2,15,,,,,,,,,,,,,,,COMPLETE
207,207,0.8774587727721428,2025-01-08 14:32:42.531524,2025-01-08 14:32:54.704624,0 days 00:00:12.173100,3,5,2,15,5.0,,,,,,40.0,,,,,,,,COMPLETE
208,208,0.9058225672488682,2025-01-08 14:32:54.705703,2025-01-08 14:33:03.755757,0 days 00:00:09.050054,2,5,2,15,5.0,,,,,,,,,,,,,,COMPLETE
209,209,0.9058225672488682,2025-01-08 14:33:03.759770,2025-01-08 14:33:12.809977,0 days 00:00:09.050207,2,5,2,15,5.0,,,,,,,,,,,,,,COMPLETE
210,210,0.8868887258011364,2025-01-08 14:33:12.813969,2025-01-08 14:33:19.298865,0 days 00:00:06.484896,1,5,2,10,,,,,,,,,,,,,,,COMPLETE
211,211,0.9058225672488682,2025-01-08 14:33:19.302519,2025-01-08 14:33:28.481222,0 days 00:00:09.178703,2,5,2,15,5.0,,,,,,,,,,,,,,COMPLETE
212,212,0.9058225672488682,2025-01-08 14:33:28.485721,2025-01-08 14:33:37.537007,0 days 00:00:09.051286,2,5,2,15,5.0,,,,,,,,,,,,,,COMPLETE
213,213,0.9058225672488682,2025-01-08 14:33:37.541047,2025-01-08 14:33:46.590928,0 days 00:00:09.049881,2,5,2,15,5.0,,,,,,,,,,,,,,COMPLETE
214,214,0.9058225672488682,2025-01-08 14:33:46.594916,2025-01-08 14:33:55.645959,0 days 00:00:09.051043,2,5,2,15,5.0,,,,,,,,,,,,,,COMPLETE
215,215,0.9058225672488682,2025-01-08 14:33:55.649964,2025-01-08 14:34:04.699900,0 days 00:00:09.049936,2,5,2,15,5.0,,,,,,,,,,,,,,COMPLETE
216,216,0.8896248713293682,2025-01-08 14:34:04.703899,2025-01-08 14:34:15.831877,0 days 00:00:11.127978,3,5,2,15,5.0,,,,,,20.0,,,,,,,,COMPLETE
217,217,0.9058225672488682,2025-01-08 14:34:15.836174,2025-01-08 14:34:24.888065,0 days 00:00:09.051891,2,5,2,15,5.0,,,,,,,,,,,,,,COMPLETE
218,218,0.9018177208460589,2025-01-08 14:34:24.892052,2025-01-08 14:34:33.966315,0 days 00:00:09.074263,2,5,2,15,10.0,,,,,,,,,,,,,,COMPLETE
219,219,0.8989612489488217,2025-01-08 14:34:33.970373,2025-01-08 14:34:40.898551,0 days 00:00:06.928178,1,5,2,15,,,,,,,,,,,,,,,COMPLETE
220,220,0.9058225672488682,2025-01-08 14:34:40.903137,2025-01-08 14:34:49.953539,0 days 00:00:09.050402,2,5,2,15,5.0,,,,,,,,,,,,,,COMPLETE
221,221,0.9058225672488682,2025-01-08 14:34:49.957520,2025-01-08 14:34:59.138153,0 days 00:00:09.180633,2,5,2,15,5.0,,,,,,,,,,,,,,COMPLETE
222,222,0.9058225672488682,2025-01-08 14:34:59.142405,2025-01-08 14:35:08.195304,0 days 00:00:09.052899,2,5,2,15,5.0,,,,,,,,,,,,,,COMPLETE
223,223,0.9058225672488682,2025-01-08 14:35:08.199399,2025-01-08 14:35:17.249926,0 days 00:00:09.050527,2,5,2,15,5.0,,,,,,,,,,,,,,COMPLETE
224,224,0.9058225672488682,2025-01-08 14:35:17.253958,2025-01-08 14:35:26.305021,0 days 00:00:09.051063,2,5,2,15,5.0,,,,,,,,,,,,,,COMPLETE
225,225,0.9058225672488682,2025-01-08 14:35:26.309012,2025-01-08 14:35:35.357893,0 days 00:00:09.048881,2,5,2,15,5.0,,,,,,,,,,,,,,COMPLETE
226,226,0.9058225672488682,2025-01-08 14:35:35.361921,2025-01-08 14:35:44.413452,0 days 00:00:09.051531,2,5,2,15,5.0,,,,,,,,,,,,,,COMPLETE
227,227,0.8787363734741476,2025-01-08 14:35:44.417446,2025-01-08 14:35:55.447734,0 days 00:00:11.030288,3,5,2,15,5.0,,,,,,5.0,,,,,,,,COMPLETE
228,228,0.8811104748450866,2025-01-08 14:35:55.452497,2025-01-08 14:36:05.319459,0 days 00:00:09.866962,2,5,2,20,5.0,,,,,,,,,,,,,,COMPLETE
229,229,0.8989612489488217,2025-01-08 14:36:05.324967,2025-01-08 14:36:12.254363,0 days 00:00:06.929396,1,5,2,15,,,,,,,,,,,,,,,COMPLETE
230,230,0.9058225672488682,2025-01-08 14:36:12.259147,2025-01-08 14:36:21.436442,0 days 00:00:09.177295,2,5,2,15,5.0,,,,,,,,,,,,,,COMPLETE
231,231,0.9058225672488682,2025-01-08 14:36:21.441699,2025-01-08 14:36:30.491535,0 days 00:00:09.049836,2,5,2,15,5.0,,,,,,,,,,,,,,COMPLETE
232,232,0.9058225672488682,2025-01-08 14:36:30.495582,2025-01-08 14:36:39.549519,0 days 00:00:09.053937,2,5,2,15,5.0,,,,,,,,,,,,,,COMPLETE
233,233,0.9058225672488682,2025-01-08 14:36:39.553752,2025-01-08 14:36:48.605986,0 days 00:00:09.052234,2,5,2,15,5.0,,,,,,,,,,,,,,COMPLETE
234,234,0.9058225672488682,2025-01-08 14:36:48.610001,2025-01-08 14:36:57.660964,0 days 00:00:09.050963,2,5,2,15,5.0,,,,,,,,,,,,,,COMPLETE
235,235,0.8794731621984841,2025-01-08 14:36:57.665009,2025-01-08 14:37:08.774303,0 days 00:00:11.109294,3,5,2,15,5.0,,,,,,15.0,,,,,,,,COMPLETE
236,236,0.9058225672488682,2025-01-08 14:37:08.778427,2025-01-08 14:37:17.831092,0 days 00:00:09.052665,2,5,2,15,5.0,,,,,,,,,,,,,,COMPLETE
237,237,0.9058225672488682,2025-01-08 14:37:17.835079,2025-01-08 14:37:26.887925,0 days 00:00:09.052846,2,5,2,15,5.0,,,,,,,,,,,,,,COMPLETE
238,238,0.8989612489488217,2025-01-08 14:37:26.891960,2025-01-08 14:37:33.825535,0 days 00:00:06.933575,1,5,2,15,,,,,,,,,,,,,,,COMPLETE
239,239,0.9058225672488682,2025-01-08 14:37:33.830697,2025-01-08 14:37:42.885005,0 days 00:00:09.054308,2,5,2,15,5.0,,,,,,,,,,,,,,COMPLETE
240,240,0.9058225672488682,2025-01-08 14:37:42.889074,2025-01-08 14:37:51.942381,0 days 00:00:09.053307,2,5,2,15,5.0,,,,,,,,,,,,,,COMPLETE
241,241,0.9058225672488682,2025-01-08 14:37:51.946506,2025-01-08 14:38:01.124897,0 days 00:00:09.178391,2,5,2,15,5.0,,,,,,,,,,,,,,COMPLETE
242,242,0.9058225672488682,2025-01-08 14:38:01.128998,2025-01-08 14:38:10.180772,0 days 00:00:09.051774,2,5,2,15,5.0,,,,,,,,,,,,,,COMPLETE
243,243,0.9058225672488682,2025-01-08 14:38:10.184819,2025-01-08 14:38:19.236786,0 days 00:00:09.051967,2,5,2,15,5.0,,,,,,,,,,,,,,COMPLETE
244,244,0.8893622039057136,2025-01-08 14:38:19.240830,2025-01-08 14:38:30.601566,0 days 00:00:11.360736,3,5,2,15,5.0,,,,,,30.0,,,,,,,,COMPLETE
245,245,0.9058225672488682,2025-01-08 14:38:30.602934,2025-01-08 14:38:39.658369,0 days 00:00:09.055435,2,5,2,15,5.0,,,,,,,,,,,,,,COMPLETE
246,246,0.9058225672488682,2025-01-08 14:38:39.662449,2025-01-08 14:38:48.715685,0 days 00:00:09.053236,2,5,2,15,5.0,,,,,,,,,,,,,,COMPLETE
247,247,0.9058225672488682,2025-01-08 14:38:48.719767,2025-01-08 14:38:57.773521,0 days 00:00:09.053754,2,5,2,15,5.0,,,,,,,,,,,,,,COMPLETE
248,248,0.9058225672488682,2025-01-08 14:38:57.777539,2025-01-08 14:39:06.830066,0 days 00:00:09.052527,2,5,2,15,5.0,,,,,,,,,,,,,,COMPLETE
249,249,0.8808059124708438,2025-01-08 14:39:06.834089,2025-01-08 14:39:18.877048,0 days 00:00:12.042959,3,5,2,15,5.0,,,,,,50.0,,,,,,,,COMPLETE
250,250,0.8989612489488217,2025-01-08 14:39:18.881710,2025-01-08 14:39:25.811744,0 days 00:00:06.930034,1,5,2,15,,,,,,,,,,,,,,,COMPLETE
251,251,0.8737259454449721,2025-01-08 14:39:25.816271,2025-01-08 14:39:34.621153,0 days 00:00:08.804882,2,5,2,10,5.0,,,,,,,,,,,,,,COMPLETE
252,252,0.3612167300380228,2025-01-08 14:39:34.624849,2025-01-08 14:40:12.310802,0 days 00:00:37.685953,10,5,2,15,5.0,,,,,,10.0,20.0,50.0,45.0,10.0,35.0,45.0,40.0,COMPLETE
253,253,0.8811104748450866,2025-01-08 14:40:12.311911,2025-01-08 14:40:22.307603,0 days 00:00:09.995692,2,5,2,20,5.0,,,,,,,,,,,,,,COMPLETE
254,254,0.9018177208460589,2025-01-08 14:40:22.310570,2025-01-08 14:40:31.387664,0 days 00:00:09.077094,2,5,2,15,10.0,,,,,,,,,,,,,,COMPLETE
255,255,0.8989612489488217,2025-01-08 14:40:31.391585,2025-01-08 14:40:38.321858,0 days 00:00:06.930273,1,5,2,15,,,,,,,,,,,,,,,COMPLETE
256,256,0.8896699434190334,2025-01-08 14:40:38.326017,2025-01-08 14:40:49.840760,0 days 00:00:11.514743,3,5,2,15,5.0,,,,,,25.0,,,,,,,,COMPLETE
257,257,0.9058225672488682,2025-01-08 14:40:49.844495,2025-01-08 14:40:58.901235,0 days 00:00:09.056740,2,5,2,15,5.0,,,,,,,,,,,,,,COMPLETE
258,258,0.9058225672488682,2025-01-08 14:40:58.905577,2025-01-08 14:41:07.960219,0 days 00:00:09.054642,2,5,2,15,5.0,,,,,,,,,,,,,,COMPLETE
259,259,0.9058225672488682,2025-01-08 14:41:07.964356,2025-01-08 14:41:17.018736,0 days 00:00:09.054380,2,5,2,15,5.0,,,,,,,,,,,,,,COMPLETE
260,260,0.8868887258011364,2025-01-08 14:41:17.022835,2025-01-08 14:41:23.503872,0 days 00:00:06.481037,1,5,2,10,,,,,,,,,,,,,,,COMPLETE
261,261,0.8714533309787487,2025-01-08 14:41:23.507363,2025-01-08 14:41:35.576313,0 days 00:00:12.068950,3,5,2,15,5.0,,,,,,45.0,,,,,,,,COMPLETE
262,262,0.9058225672488682,2025-01-08 14:41:35.579630,2025-01-08 14:41:44.763409,0 days 00:00:09.183779,2,5,2,15,5.0,,,,,,,,,,,,,,COMPLETE
263,263,0.9018177208460589,2025-01-08 14:41:44.768594,2025-01-08 14:41:53.851185,0 days 00:00:09.082591,2,5,2,15,10.0,,,,,,,,,,,,,,COMPLETE
264,264,0.9058225672488682,2025-01-08 14:41:53.855402,2025-01-08 14:42:02.909712,0 days 00:00:09.054310,2,5,2,15,5.0,,,,,,,,,,,,,,COMPLETE
265,265,0.8989612489488217,2025-01-08 14:42:02.913806,2025-01-08 14:42:09.845387,0 days 00:00:06.931581,1,5,2,15,,,,,,,,,,,,,,,COMPLETE
266,266,0.9023975220357323,2025-01-08 14:42:09.850416,2025-01-08 14:42:17.637516,0 days 00:00:07.787100,2,5,2,5,5.0,,,,,,,,,,,,,,COMPLETE
267,267,0.8883319180311898,2025-01-08 14:42:17.639111,2025-01-08 14:42:29.323876,0 days 00:00:11.684765,3,5,2,15,5.0,,,,,,35.0,,,,,,,,COMPLETE
268,268,0.6899204878836882,2025-01-08 14:42:29.328181,2025-01-08 14:42:51.857043,0 days 00:00:22.528862,7,5,2,20,5.0,,,,,,40.0,10.0,5.0,15.0,40.0,,,,COMPLETE
269,269,0.9058225672488682,2025-01-08 14:42:51.858806,2025-01-08 14:43:00.912844,0 days 00:00:09.054038,2,5,2,15,5.0,,,,,,,,,,,,,,COMPLETE
270,270,0.9058225672488682,2025-01-08 14:43:00.916755,2025-01-08 14:43:09.971353,0 days 00:00:09.054598,2,5,2,15,5.0,,,,,,,,,,,,,,COMPLETE
271,271,0.8989612489488217,2025-01-08 14:43:09.975268,2025-01-08 14:43:17.033042,0 days 00:00:07.057774,1,5,2,15,,,,,,,,,,,,,,,COMPLETE
272,272,0.8737259454449721,2025-01-08 14:43:17.039693,2025-01-08 14:43:25.719035,0 days 00:00:08.679342,2,5,2,10,5.0,,,,,,,,,,,,,,COMPLETE
273,273,0.8693568290500917,2025-01-08 14:43:25.721846,2025-01-08 14:43:37.048336,0 days 00:00:11.326490,3,5,2,15,10.0,,,,,,5.0,,,,,,,,COMPLETE
274,274,0.9058225672488682,2025-01-08 14:43:37.052784,2025-01-08 14:43:46.106805,0 days 00:00:09.054021,2,5,2,15,5.0,,,,,,,,,,,,,,COMPLETE
275,275,0.9058225672488682,2025-01-08 14:43:46.110943,2025-01-08 14:43:55.164592,0 days 00:00:09.053649,2,5,2,15,5.0,,,,,,,,,,,,,,COMPLETE
276,276,0.9058225672488682,2025-01-08 14:43:55.168564,2025-01-08 14:44:04.220082,0 days 00:00:09.051518,2,5,2,15,5.0,,,,,,,,,,,,,,COMPLETE
277,277,0.8472849562211203,2025-01-08 14:44:04.224178,2025-01-08 14:44:11.854542,0 days 00:00:07.630364,1,5,2,20,,,,,,,,,,,,,,,COMPLETE
278,278,0.9058225672488682,2025-01-08 14:44:11.860691,2025-01-08 14:44:20.916028,0 days 00:00:09.055337,2,5,2,15,5.0,,,,,,,,,,,,,,COMPLETE
279,279,0.8794731621984841,2025-01-08 14:44:20.920314,2025-01-08 14:44:32.034182,0 days 00:00:11.113868,3,5,2,15,5.0,,,,,,15.0,,,,,,,,COMPLETE
280,280,0.8414700300236647,2025-01-08 14:44:32.038406,2025-01-08 14:44:40.093625,0 days 00:00:08.055219,2,1,1,15,5.0,,,,,,,,,,,,,,COMPLETE
281,281,0.8737259454449721,2025-01-08 14:44:40.097687,2025-01-08 14:44:48.779807,0 days 00:00:08.682120,2,5,2,10,5.0,,,,,,,,,,,,,,COMPLETE
282,282,0.9058225672488682,2025-01-08 14:44:48.782597,2025-01-08 14:44:57.963662,0 days 00:00:09.181065,2,5,2,15,5.0,,,,,,,,,,,,,,COMPLETE
283,283,0.0,2025-01-08 14:44:57.967776,2025-01-08 14:45:39.624986,0 days 00:00:41.657210,12,5,2,15,5.0,50.0,25.0,,,,25.0,50.0,30.0,40.0,20.0,25.0,15.0,15.0,COMPLETE
284,284,0.8989612489488217,2025-01-08 14:45:39.625997,2025-01-08 14:45:46.562192,0 days 00:00:06.936195,1,5,2,15,,,,,,,,,,,,,,,COMPLETE
285,285,0.9058225672488682,2025-01-08 14:45:46.562928,2025-01-08 14:45:55.616447,0 days 00:00:09.053519,2,5,2,15,5.0,,,,,,,,,,,,,,COMPLETE
286,286,0.8893622039057136,2025-01-08 14:45:55.620312,2025-01-08 14:46:06.983179,0 days 00:00:11.362867,3,5,2,15,5.0,,,,,,30.0,,,,,,,,COMPLETE
287,287,0.8800832482774774,2025-01-08 14:46:06.984836,2025-01-08 14:46:15.544838,0 days 00:00:08.560002,2,5,2,10,10.0,,,,,,,,,,,,,,COMPLETE
288,288,0.8811104748450866,2025-01-08 14:46:15.547585,2025-01-08 14:46:25.418618,0 days 00:00:09.871033,2,5,2,20,5.0,,,,,,,,,,,,,,COMPLETE
289,289,0.8989612489488217,2025-01-08 14:46:25.420224,2025-01-08 14:46:32.351682,0 days 00:00:06.931458,1,5,2,15,,,,,,,,,,,,,,,COMPLETE
290,290,0.9058225672488682,2025-01-08 14:46:32.356081,2025-01-08 14:46:41.411267,0 days 00:00:09.055186,2,5,2,15,5.0,,,,,,,,,,,,,,COMPLETE
291,291,0.8975044631389107,2025-01-08 14:46:41.415337,2025-01-08 14:46:54.830644,0 days 00:00:13.415307,2,5,5,15,5.0,,,,,,,,,,,,,,COMPLETE
292,292,0.8462635235263049,2025-01-08 14:46:54.834952,2025-01-08 14:47:16.089005,0 days 00:00:21.254053,6,5,2,15,5.0,,,,,,20.0,25.0,25.0,35.0,,,,,COMPLETE
293,293,0.8714533309787487,2025-01-08 14:47:16.090565,2025-01-08 14:47:28.162394,0 days 00:00:12.071829,3,5,2,15,5.0,,,,,,45.0,,,,,,,,COMPLETE
294,294,0.9058225672488682,2025-01-08 14:47:28.164767,2025-01-08 14:47:37.223931,0 days 00:00:09.059164,2,5,2,15,5.0,,,,,,,,,,,,,,COMPLETE
295,295,0.9058225672488682,2025-01-08 14:47:37.226123,2025-01-08 14:47:46.285421,0 days 00:00:09.059298,2,5,2,15,5.0,,,,,,,,,,,,,,COMPLETE
296,296,0.8808059124708438,2025-01-08 14:47:46.289737,2025-01-08 14:47:58.333371,0 days 00:00:12.043634,3,5,2,15,5.0,,,,,,50.0,,,,,,,,COMPLETE
297,297,0.8472849562211203,2025-01-08 14:47:58.336424,2025-01-08 14:48:05.967763,0 days 00:00:07.631339,1,5,2,20,,,,,,,,,,,,,,,COMPLETE
298,298,0.9058225672488682,2025-01-08 14:48:05.974020,2025-01-08 14:48:15.029371,0 days 00:00:09.055351,2,5,2,15,5.0,,,,,,,,,,,,,,COMPLETE
299,299,0.8800832482774774,2025-01-08 14:48:15.033539,2025-01-08 14:48:23.591341,0 days 00:00:08.557802,2,5,2,10,10.0,,,,,,,,,,,,,,COMPLETE
300,300,0.9058225672488682,2025-01-08 14:48:23.594077,2025-01-08 14:48:32.649185,0 days 00:00:09.055108,2,5,2,15,5.0,,,,,,,,,,,,,,COMPLETE
301,301,0.8787363734741476,2025-01-08 14:48:32.653252,2025-01-08 14:48:43.685201,0 days 00:00:11.031949,3,5,2,15,5.0,,,,,,5.0,,,,,,,,COMPLETE
302,302,0.9058225672488682,2025-01-08 14:48:43.689562,2025-01-08 14:48:52.872227,0 days 00:00:09.182665,2,5,2,15,5.0,,,,,,,,,,,,,,COMPLETE
303,303,0.8669017591439357,2025-01-08 14:48:52.876847,2025-01-08 14:49:03.590329,0 days 00:00:10.713482,1,5,2,45,,,,,,,,,,,,,,,COMPLETE
304,304,0.9058225672488682,2025-01-08 14:49:03.591812,2025-01-08 14:49:12.647737,0 days 00:00:09.055925,2,5,2,15,5.0,,,,,,,,,,,,,,COMPLETE
305,305,0.8774587727721428,2025-01-08 14:49:12.651852,2025-01-08 14:49:24.832620,0 days 00:00:12.180768,3,5,2,15,5.0,,,,,,40.0,,,,,,,,COMPLETE
306,306,0.9058225672488682,2025-01-08 14:49:24.837200,2025-01-08 14:49:33.893345,0 days 00:00:09.056145,2,5,2,15,5.0,,,,,,,,,,,,,,COMPLETE
307,307,0.3231707317073171,2025-01-08 14:49:33.897413,2025-01-08 14:50:07.863982,0 days 00:00:33.966569,9,5,2,15,5.0,,,,,,30.0,30.0,20.0,25.0,45.0,45.0,10.0,,COMPLETE
308,308,0.9058225672488682,2025-01-08 14:50:07.864870,2025-01-08 14:50:16.928074,0 days 00:00:09.063204,2,5,2,15,5.0,,,,,,,,,,,,,,COMPLETE
309,309,0.8472849562211203,2025-01-08 14:50:16.931576,2025-01-08 14:50:24.567729,0 days 00:00:07.636153,1,5,2,20,,,,,,,,,,,,,,,COMPLETE
310,310,0.9018177208460589,2025-01-08 14:50:24.570903,2025-01-08 14:50:33.651615,0 days 00:00:09.080712,2,5,2,15,10.0,,,,,,,,,,,,,,COMPLETE
311,311,0.5059526371288713,2025-01-08 14:50:33.654131,2025-01-08 14:50:58.379783,0 days 00:00:24.725652,8,5,2,15,5.0,,,,,,10.0,35.0,5.0,50.0,10.0,10.0,,,COMPLETE
312,312,0.8737259454449721,2025-01-08 14:50:58.381234,2025-01-08 14:51:07.194677,0 days 00:00:08.813443,2,5,2,10,5.0,,,,,,,,,,,,,,COMPLETE
313,313,0.9058225672488682,2025-01-08 14:51:07.197427,2025-01-08 14:51:16.254808,0 days 00:00:09.057381,2,5,2,15,5.0,,,,,,,,,,,,,,COMPLETE
314,314,0.8883319180311898,2025-01-08 14:51:16.258726,2025-01-08 14:51:27.949164,0 days 00:00:11.690438,3,5,2,15,5.0,,,,,,35.0,,,,,,,,COMPLETE
315,315,0.8989612489488217,2025-01-08 14:51:27.951180,2025-01-08 14:51:34.882186,0 days 00:00:06.931006,1,5,2,15,,,,,,,,,,,,,,,COMPLETE
316,316,0.9058225672488682,2025-01-08 14:51:34.886756,2025-01-08 14:51:43.942349,0 days 00:00:09.055593,2,5,2,15,5.0,,,,,,,,,,,,,,COMPLETE
317,317,0.8892823258335592,2025-01-08 14:51:43.946474,2025-01-08 14:51:53.553244,0 days 00:00:09.606770,2,5,2,15,25.0,,,,,,,,,,,,,,COMPLETE
318,318,0.8737259454449721,2025-01-08 14:51:53.557674,2025-01-08 14:52:02.244377,0 days 00:00:08.686703,2,5,2,10,5.0,,,,,,,,,,,,,,COMPLETE
319,319,0.8794731621984841,2025-01-08 14:52:02.247375,2025-01-08 14:52:13.363316,0 days 00:00:11.115941,3,5,2,15,5.0,,,,,,15.0,,,,,,,,COMPLETE
320,320,0.8811104748450866,2025-01-08 14:52:13.367540,2025-01-08 14:52:23.237621,0 days 00:00:09.870081,2,5,2,20,5.0,,,,,,,,,,,,,,COMPLETE
321,321,0.8989612489488217,2025-01-08 14:52:23.243175,2025-01-08 14:52:30.175972,0 days 00:00:06.932797,1,5,2,15,,,,,,,,,,,,,,,COMPLETE
322,322,0.9058225672488682,2025-01-08 14:52:30.180656,2025-01-08 14:52:39.235073,0 days 00:00:09.054417,2,5,2,15,5.0,,,,,,,,,,,,,,COMPLETE
323,323,0.8792411652829801,2025-01-08 14:52:39.239158,2025-01-08 14:52:56.900736,0 days 00:00:17.661578,5,5,2,15,10.0,,,,,,40.0,10.0,35.0,,,,,,COMPLETE
324,324,0.8896699434190334,2025-01-08 14:52:56.902162,2025-01-08 14:53:08.420770,0 days 00:00:11.518608,3,5,2,15,5.0,,,,,,25.0,,,,,,,,COMPLETE
325,325,0.9058225672488682,2025-01-08 14:53:08.425110,2025-01-08 14:53:17.480170,0 days 00:00:09.055060,2,5,2,15,5.0,,,,,,,,,,,,,,COMPLETE
326,326,0.9058225672488682,2025-01-08 14:53:17.484253,2025-01-08 14:53:26.539832,0 days 00:00:09.055579,2,5,2,15,5.0,,,,,,,,,,,,,,COMPLETE
327,327,0.8989612489488217,2025-01-08 14:53:26.543930,2025-01-08 14:53:33.475916,0 days 00:00:06.931986,1,5,2,15,,,,,,,,,,,,,,,COMPLETE
328,328,0.9058225672488682,2025-01-08 14:53:33.480488,2025-01-08 14:53:42.539126,0 days 00:00:09.058638,2,5,2,15,5.0,,,,,,,,,,,,,,COMPLETE
329,329,0.9058225672488682,2025-01-08 14:53:42.543391,2025-01-08 14:53:51.601467,0 days 00:00:09.058076,2,5,2,15,5.0,,,,,,,,,,,,,,COMPLETE
330,330,0.8199279313986045,2025-01-08 14:53:51.605567,2025-01-08 14:54:00.105799,0 days 00:00:08.500232,2,5,1,20,5.0,,,,,,,,,,,,,,COMPLETE
331,331,0.8896248713293682,2025-01-08 14:54:00.111337,2025-01-08 14:54:11.365122,0 days 00:00:11.253785,3,5,2,15,5.0,,,,,,20.0,,,,,,,,COMPLETE
332,332,0.8989612489488217,2025-01-08 14:54:11.369375,2025-01-08 14:54:18.302134,0 days 00:00:06.932759,1,5,2,15,,,,,,,,,,,,,,,COMPLETE
333,333,0.8737259454449721,2025-01-08 14:54:18.307010,2025-01-08 14:54:26.988334,0 days 00:00:08.681324,2,5,2,10,5.0,,,,,,,,,,,,,,COMPLETE
334,334,0.9058225672488682,2025-01-08 14:54:26.991155,2025-01-08 14:54:36.048648,0 days 00:00:09.057493,2,5,2,15,5.0,,,,,,,,,,,,,,COMPLETE
335,335,0.0,2025-01-08 14:54:36.052874,2025-01-08 14:55:16.852651,0 days 00:00:40.799777,14,5,2,15,10.0,35.0,35.0,25.0,30.0,,50.0,5.0,25.0,30.0,40.0,20.0,25.0,25.0,COMPLETE
336,336,0.9058225672488682,2025-01-08 14:55:16.853747,2025-01-08 14:55:25.914055,0 days 00:00:09.060308,2,5,2,15,5.0,,,,,,,,,,,,,,COMPLETE
337,337,0.8534326298172017,2025-01-08 14:55:25.918180,2025-01-08 14:55:37.244514,0 days 00:00:11.326334,1,5,2,50,,,,,,,,,,,,,,,COMPLETE
338,338,0.8794731621984841,2025-01-08 14:55:37.246069,2025-01-08 14:55:48.363083,0 days 00:00:11.117014,3,5,2,15,5.0,,,,,,15.0,,,,,,,,COMPLETE
339,339,0.9000188217579522,2025-01-08 14:55:48.364336,2025-01-08 14:55:58.985857,0 days 00:00:10.621521,2,5,2,15,40.0,,,,,,,,,,,,,,COMPLETE
340,340,0.8811104748450866,2025-01-08 14:55:58.987642,2025-01-08 14:56:08.858907,0 days 00:00:09.871265,2,5,2,20,5.0,,,,,,,,,,,,,,COMPLETE
341,341,0.9058225672488682,2025-01-08 14:56:08.864572,2025-01-08 14:56:17.925614,0 days 00:00:09.061042,2,5,2,15,5.0,,,,,,,,,,,,,,COMPLETE
342,342,0.8800832482774774,2025-01-08 14:56:17.929972,2025-01-08 14:56:26.490248,0 days 00:00:08.560276,2,5,2,10,10.0,,,,,,,,,,,,,,COMPLETE
343,343,0.7968318648506132,2025-01-08 14:56:26.493110,2025-01-08 14:56:33.454050,0 days 00:00:06.960940,1,3,2,15,,,,,,,,,,,,,,,COMPLETE
344,344,0.8714533309787487,2025-01-08 14:56:33.459003,2025-01-08 14:56:45.526965,0 days 00:00:12.067962,3,5,2,15,5.0,,,,,,45.0,,,,,,,,COMPLETE
345,345,0.9058225672488682,2025-01-08 14:56:45.531415,2025-01-08 14:56:54.587466,0 days 00:00:09.056051,2,5,2,15,5.0,,,,,,,,,,,,,,COMPLETE
346,346,0.8472849562211203,2025-01-08 14:56:54.591600,2025-01-08 14:57:02.224749,0 days 00:00:07.633149,1,5,2,20,,,,,,,,,,,,,,,COMPLETE
347,347,0.9058225672488682,2025-01-08 14:57:02.230910,2025-01-08 14:57:11.291566,0 days 00:00:09.060656,2,5,2,15,5.0,,,,,,,,,,,,,,COMPLETE
348,348,0.8737259454449721,2025-01-08 14:57:11.295892,2025-01-08 14:57:20.108639,0 days 00:00:08.812747,2,5,2,10,5.0,,,,,,,,,,,,,,COMPLETE
349,349,0.9058225672488682,2025-01-08 14:57:20.111490,2025-01-08 14:57:29.167036,0 days 00:00:09.055546,2,5,2,15,5.0,,,,,,,,,,,,,,COMPLETE
350,350,0.0,2025-01-08 14:57:29.171071,2025-01-08 14:58:17.753509,0 days 00:00:48.582438,15,5,2,15,10.0,20.0,15.0,40.0,20.0,25.0,5.0,45.0,45.0,5.0,25.0,35.0,35.0,45.0,COMPLETE
351,351,0.9058225672488682,2025-01-08 14:58:17.754519,2025-01-08 14:58:26.816314,0 days 00:00:09.061795,2,5,2,15,5.0,,,,,,,,,,,,,,COMPLETE
352,352,0.8893622039057136,2025-01-08 14:58:26.817725,2025-01-08 14:58:38.176488,0 days 00:00:11.358763,3,5,2,15,5.0,,,,,,30.0,,,,,,,,COMPLETE
353,353,0.7629101400926872,2025-01-08 14:58:38.180582,2025-01-08 14:58:50.510613,0 days 00:00:12.330031,2,5,2,40,5.0,,,,,,,,,,,,,,COMPLETE
354,354,0.9058225672488682,2025-01-08 14:58:50.512214,2025-01-08 14:58:59.571840,0 days 00:00:09.059626,2,5,2,15,5.0,,,,,,,,,,,,,,COMPLETE
355,355,0.8989612489488217,2025-01-08 14:58:59.576045,2025-01-08 14:59:06.509369,0 days 00:00:06.933324,1,5,2,15,,,,,,,,,,,,,,,COMPLETE
356,356,0.9058225672488682,2025-01-08 14:59:06.514202,2025-01-08 14:59:15.698347,0 days 00:00:09.184145,2,5,2,15,5.0,,,,,,,,,,,,,,COMPLETE
357,357,0.8368378705993772,2025-01-08 14:59:15.702467,2025-01-08 14:59:35.074363,0 days 00:00:19.371896,6,5,2,15,5.0,,,,,,10.0,25.0,15.0,45.0,,,,,COMPLETE
358,358,0.8774587727721428,2025-01-08 14:59:35.075794,2025-01-08 14:59:47.259682,0 days 00:00:12.183888,3,5,2,15,5.0,,,,,,40.0,,,,,,,,COMPLETE
359,359,0.884849993333037,2025-01-08 14:59:47.264046,2025-01-08 14:59:57.232586,0 days 00:00:09.968540,2,5,2,15,30.0,,,,,,,,,,,,,,COMPLETE
360,360,0.8811104748450866,2025-01-08 14:59:57.236309,2025-01-08 15:00:07.107542,0 days 00:00:09.871233,2,5,2,20,5.0,,,,,,,,,,,,,,COMPLETE
361,361,0.8989612489488217,2025-01-08 15:00:07.112960,2025-01-08 15:00:14.047095,0 days 00:00:06.934135,1,5,2,15,,,,,,,,,,,,,,,COMPLETE
362,362,0.906228389678118,2025-01-08 15:00:14.051659,2025-01-08 15:00:22.179762,0 days 00:00:08.128103,2,5,1,15,5.0,,,,,,,,,,,,,,COMPLETE
363,363,0.8877059700410327,2025-01-08 15:00:22.183936,2025-01-08 15:00:32.141186,0 days 00:00:09.957250,3,5,1,15,5.0,,,,,,25.0,,,,,,,,COMPLETE
364,364,0.9058225672488682,2025-01-08 15:00:32.146580,2025-01-08 15:00:41.205631,0 days 00:00:09.059051,2,5,2,15,5.0,,,,,,,,,,,,,,COMPLETE
365,365,0.9058225672488682,2025-01-08 15:00:41.209835,2025-01-08 15:00:50.267233,0 days 00:00:09.057398,2,5,2,15,5.0,,,,,,,,,,,,,,COMPLETE
366,366,0.7796669265536003,2025-01-08 15:00:50.271392,2025-01-08 15:01:01.892276,0 days 00:00:11.620884,2,5,4,15,5.0,,,,,,,,,,,,,,COMPLETE
367,367,0.6478556786416814,2025-01-08 15:01:01.896517,2025-01-08 15:01:35.777221,0 days 00:00:33.880704,8,5,1,10,35.0,,,,,,35.0,50.0,50.0,50.0,50.0,40.0,,,COMPLETE
368,368,0.8460590879462035,2025-01-08 15:01:35.778146,2025-01-08 15:01:42.328347,0 days 00:00:06.550201,1,5,1,20,,,,,,,,,,,,,,,COMPLETE
369,369,0.8791800412328088,2025-01-08 15:01:42.329122,2025-01-08 15:01:55.344826,0 days 00:00:13.015704,3,5,3,15,10.0,,,,,,20.0,,,,,,,,COMPLETE
370,370,0.9058225672488682,2025-01-08 15:01:55.345754,2025-01-08 15:02:04.505305,0 days 00:00:09.159551,2,5,2,15,5.0,,,,,,,,,,,,,,COMPLETE
371,371,0.906228389678118,2025-01-08 15:02:04.510658,2025-01-08 15:02:12.642709,0 days 00:00:08.132051,2,5,1,15,5.0,,,,,,,,,,,,,,COMPLETE
372,372,0.906228389678118,2025-01-08 15:02:12.647091,2025-01-08 15:02:20.776053,0 days 00:00:08.128962,2,5,1,15,5.0,,,,,,,,,,,,,,COMPLETE
373,373,0.906228389678118,2025-01-08 15:02:20.780206,2025-01-08 15:02:28.907545,0 days 00:00:08.127339,2,5,1,15,5.0,,,,,,,,,,,,,,COMPLETE
374,374,0.0,2025-01-08 15:02:28.911720,2025-01-08 15:02:58.201807,0 days 00:00:29.290087,11,5,1,15,5.0,35.0,,,,,20.0,35.0,40.0,10.0,15.0,10.0,20.0,10.0,COMPLETE
375,375,0.8855501052881594,2025-01-08 15:02:58.202822,2025-01-08 15:03:08.519579,0 days 00:00:10.316757,3,5,1,15,5.0,,,,,,35.0,,,,,,,,COMPLETE
376,376,0.8840204226827042,2025-01-08 15:03:08.522305,2025-01-08 15:03:14.365061,0 days 00:00:05.842756,1,5,1,10,,,,,,,,,,,,,,,COMPLETE
377,377,0.8789254651517314,2025-01-08 15:03:14.368412,2025-01-08 15:03:22.866313,0 days 00:00:08.497901,2,5,1,15,20.0,,,,,,,,,,,,,,COMPLETE
378,378,0.906228389678118,2025-01-08 15:03:22.870846,2025-01-08 15:03:30.999095,0 days 00:00:08.128249,2,5,1,15,5.0,,,,,,,,,,,,,,COMPLETE
379,379,0.906228389678118,2025-01-08 15:03:31.003243,2025-01-08 15:03:39.131624,0 days 00:00:08.128381,2,5,1,15,5.0,,,,,,,,,,,,,,COMPLETE
380,380,0.9056020137145947,2025-01-08 15:03:39.135769,2025-01-08 15:03:48.562787,0 days 00:00:09.427018,2,5,1,25,5.0,,,,,,,,,,,,,,COMPLETE
381,381,0.8286347874234508,2025-01-08 15:03:48.564289,2025-01-08 15:03:54.981832,0 days 00:00:06.417543,1,5,1,15,,,,,,,,,,,,,,,COMPLETE
382,382,0.0,2025-01-08 15:03:54.983135,2025-01-08 15:04:28.561391,0 days 00:00:33.578256,13,5,1,20,10.0,5.0,40.0,20.0,,,15.0,20.0,30.0,20.0,30.0,45.0,45.0,30.0,COMPLETE
383,383,0.8730853230070528,2025-01-08 15:04:28.562401,2025-01-08 15:04:36.179552,0 days 00:00:07.617151,2,5,1,10,5.0,,,,,,,,,,,,,,COMPLETE
384,384,0.906228389678118,2025-01-08 15:04:36.182449,2025-01-08 15:04:44.317318,0 days 00:00:08.134869,2,5,1,15,5.0,,,,,,,,,,,,,,COMPLETE
385,385,0.8799938365832924,2025-01-08 15:04:44.318648,2025-01-08 15:04:54.539340,0 days 00:00:10.220692,3,5,1,15,5.0,,,,,,50.0,,,,,,,,COMPLETE
386,386,0.906228389678118,2025-01-08 15:04:54.540851,2025-01-08 15:05:02.669968,0 days 00:00:08.129117,2,5,1,15,5.0,,,,,,,,,,,,,,COMPLETE
387,387,0.89213094937394,2025-01-08 15:05:02.674204,2025-01-08 15:05:13.386472,0 days 00:00:10.712268,2,5,1,35,5.0,,,,,,,,,,,,,,COMPLETE
388,388,0.906228389678118,2025-01-08 15:05:13.387692,2025-01-08 15:05:21.517203,0 days 00:00:08.129511,2,5,1,15,5.0,,,,,,,,,,,,,,COMPLETE
389,389,0.8717653984481786,2025-01-08 15:05:21.521345,2025-01-08 15:05:31.790858,0 days 00:00:10.269513,3,3,1,15,10.0,,,,,,5.0,,,,,,,,COMPLETE
390,390,0.906228389678118,2025-01-08 15:05:31.795260,2025-01-08 15:05:39.928400,0 days 00:00:08.133140,2,5,1,15,5.0,,,,,,,,,,,,,,COMPLETE
391,391,0.8286347874234508,2025-01-08 15:05:39.931479,2025-01-08 15:05:46.343106,0 days 00:00:06.411627,1,5,1,15,,,,,,,,,,,,,,,COMPLETE
392,392,0.906228389678118,2025-01-08 15:05:46.347901,2025-01-08 15:05:54.476319,0 days 00:00:08.128418,2,5,1,15,5.0,,,,,,,,,,,,,,COMPLETE
393,393,0.906228389678118,2025-01-08 15:05:54.480360,2025-01-08 15:06:02.609741,0 days 00:00:08.129381,2,5,1,15,5.0,,,,,,,,,,,,,,COMPLETE
394,394,0.906228389678118,2025-01-08 15:06:02.613790,2025-01-08 15:06:10.743485,0 days 00:00:08.129695,2,5,1,15,5.0,,,,,,,,,,,,,,COMPLETE
395,395,0.906228389678118,2025-01-08 15:06:10.747591,2025-01-08 15:06:18.878758,0 days 00:00:08.131167,2,5,1,15,5.0,,,,,,,,,,,,,,COMPLETE
396,396,0.8005180801530991,2025-01-08 15:06:18.882889,2025-01-08 15:06:26.074768,0 days 00:00:07.191879,2,5,1,5,5.0,,,,,,,,,,,,,,COMPLETE
397,397,0.906228389678118,2025-01-08 15:06:26.076587,2025-01-08 15:06:34.206447,0 days 00:00:08.129860,2,5,1,15,5.0,,,,,,,,,,,,,,COMPLETE
398,398,0.906228389678118,2025-01-08 15:06:34.210477,2025-01-08 15:06:42.338708,0 days 00:00:08.128231,2,5,1,15,5.0,,,,,,,,,,,,,,COMPLETE
399,399,0.8817212179165089,2025-01-08 15:06:42.342774,2025-01-08 15:06:55.350724,0 days 00:00:13.007950,4,5,1,15,5.0,,,,,,45.0,15.0,,,,,,,COMPLETE
400,400,0.8286347874234508,2025-01-08 15:06:55.351968,2025-01-08 15:07:01.764173,0 days 00:00:06.412205,1,5,1,15,,,,,,,,,,,,,,,COMPLETE
401,401,0.906228389678118,2025-01-08 15:07:01.768924,2025-01-08 15:07:09.900051,0 days 00:00:08.131127,2,5,1,15,5.0,,,,,,,,,,,,,,COMPLETE
402,402,0.8762128809998762,2025-01-08 15:07:09.904169,2025-01-08 15:07:20.206785,0 days 00:00:10.302616,3,5,1,20,5.0,,,,,,10.0,,,,,,,,COMPLETE
403,403,0.906228389678118,2025-01-08 15:07:20.212694,2025-01-08 15:07:28.344404,0 days 00:00:08.131710,2,5,1,15,5.0,,,,,,,,,,,,,,COMPLETE
404,404,0.906228389678118,2025-01-08 15:07:28.348482,2025-01-08 15:07:36.477979,0 days 00:00:08.129497,2,5,1,15,5.0,,,,,,,,,,,,,,COMPLETE
405,405,0.8787901392454036,2025-01-08 15:07:36.482046,2025-01-08 15:07:44.720404,0 days 00:00:08.238358,2,9,1,15,10.0,,,,,,,,,,,,,,COMPLETE
406,406,0.906228389678118,2025-01-08 15:07:44.722022,2025-01-08 15:07:52.851923,0 days 00:00:08.129901,2,5,1,15,5.0,,,,,,,,,,,,,,COMPLETE
407,407,0.8730853230070528,2025-01-08 15:07:52.855993,2025-01-08 15:08:00.471174,0 days 00:00:07.615181,2,5,1,10,5.0,,,,,,,,,,,,,,COMPLETE
408,408,0.8286347874234508,2025-01-08 15:08:00.473973,2025-01-08 15:08:07.015744,0 days 00:00:06.541771,1,5,1,15,,,,,,,,,,,,,,,COMPLETE
409,409,0.906228389678118,2025-01-08 15:08:07.020698,2025-01-08 15:08:15.152373,0 days 00:00:08.131675,2,5,1,15,5.0,,,,,,,,,,,,,,COMPLETE
410,410,0.8722306203727903,2025-01-08 15:08:15.156548,2025-01-08 15:08:25.425737,0 days 00:00:10.269189,3,5,1,15,5.0,,,,,,40.0,,,,,,,,COMPLETE
411,411,0.906228389678118,2025-01-08 15:08:25.430140,2025-01-08 15:08:33.560362,0 days 00:00:08.130222,2,5,1,15,5.0,,,,,,,,,,,,,,COMPLETE
412,412,0.906228389678118,2025-01-08 15:08:33.564800,2025-01-08 15:08:41.695047,0 days 00:00:08.130247,2,5,1,15,5.0,,,,,,,,,,,,,,COMPLETE
413,413,0.0,2025-01-08 15:08:41.699464,2025-01-08 15:09:02.905667,0 days 00:00:21.206203,10,5,1,15,5.0,,,,,,30.0,40.0,5.0,5.0,45.0,15.0,10.0,35.0,COMPLETE
414,414,0.8286347874234508,2025-01-08 15:09:02.907575,2025-01-08 15:09:09.453282,0 days 00:00:06.545707,1,5,1,15,,,,,,,,,,,,,,,COMPLETE
415,415,0.906228389678118,2025-01-08 15:09:09.454077,2025-01-08 15:09:17.585760,0 days 00:00:08.131683,2,5,1,15,5.0,,,,,,,,,,,,,,COMPLETE
416,416,0.906228389678118,2025-01-08 15:09:17.589692,2025-01-08 15:09:25.722376,0 days 00:00:08.132684,2,5,1,15,5.0,,,,,,,,,,,,,,COMPLETE
417,417,0.8958223247763052,2025-01-08 15:09:25.726547,2025-01-08 15:09:35.547755,0 days 00:00:09.821208,2,5,1,30,5.0,,,,,,,,,,,,,,COMPLETE
418,418,0.8730853230070528,2025-01-08 15:09:35.551323,2025-01-08 15:09:43.169866,0 days 00:00:07.618543,2,5,1,10,5.0,,,,,,,,,,,,,,COMPLETE
419,419,0.906228389678118,2025-01-08 15:09:43.172851,2025-01-08 15:09:51.303624,0 days 00:00:08.130773,2,5,1,15,5.0,,,,,,,,,,,,,,COMPLETE
420,420,0.8750095164286271,2025-01-08 15:09:51.307775,2025-01-08 15:10:03.759550,0 days 00:00:12.451775,3,5,1,20,25.0,,,,,,45.0,,,,,,,,COMPLETE
421,421,0.8286347874234508,2025-01-08 15:10:03.761016,2025-01-08 15:10:10.300142,0 days 00:00:06.539126,1,5,1,15,,,,,,,,,,,,,,,COMPLETE
422,422,0.906228389678118,2025-01-08 15:10:10.305130,2025-01-08 15:10:18.435581,0 days 00:00:08.130451,2,5,1,15,5.0,,,,,,,,,,,,,,COMPLETE
423,423,0.8877059700410327,2025-01-08 15:10:18.439704,2025-01-08 15:10:28.273201,0 days 00:00:09.833497,3,5,1,15,5.0,,,,,,25.0,,,,,,,,COMPLETE
424,424,0.906228389678118,2025-01-08 15:10:28.275888,2025-01-08 15:10:36.410430,0 days 00:00:08.134542,2,5,1,15,5.0,,,,,,,,,,,,,,COMPLETE
425,425,0.9037342682471663,2025-01-08 15:10:36.414743,2025-01-08 15:10:44.393708,0 days 00:00:07.978965,2,5,1,15,10.0,,,,,,,,,,,,,,COMPLETE
426,426,0.906228389678118,2025-01-08 15:10:44.397919,2025-01-08 15:10:52.528503,0 days 00:00:08.130584,2,5,1,15,5.0,,,,,,,,,,,,,,COMPLETE
427,427,0.8286347874234508,2025-01-08 15:10:52.532592,2025-01-08 15:10:58.945792,0 days 00:00:06.413200,1,5,1,15,,,,,,,,,,,,,,,COMPLETE
428,428,0.8784963617873487,2025-01-08 15:10:58.950100,2025-01-08 15:11:09.321423,0 days 00:00:10.371323,3,5,1,20,5.0,,,,,,30.0,,,,,,,,COMPLETE
429,429,0.8731954331006195,2025-01-08 15:11:09.325719,2025-01-08 15:11:18.373971,0 days 00:00:09.048252,2,5,1,15,50.0,,,,,,,,,,,,,,COMPLETE
430,430,0.906228389678118,2025-01-08 15:11:18.375465,2025-01-08 15:11:26.635828,0 days 00:00:08.260363,2,5,1,15,5.0,,,,,,,,,,,,,,COMPLETE
431,431,0.8730853230070528,2025-01-08 15:11:26.640213,2025-01-08 15:11:34.257859,0 days 00:00:07.617646,2,5,1,10,5.0,,,,,,,,,,,,,,COMPLETE
432,432,0.906228389678118,2025-01-08 15:11:34.260695,2025-01-08 15:11:42.390556,0 days 00:00:08.129861,2,5,1,15,5.0,,,,,,,,,,,,,,COMPLETE
433,433,0.906228389678118,2025-01-08 15:11:42.394680,2025-01-08 15:11:50.537260,0 days 00:00:08.142580,2,5,1,15,5.0,,,,,,,,,,,,,,COMPLETE
434,434,0.8286347874234508,2025-01-08 15:11:50.541971,2025-01-08 15:11:56.963893,0 days 00:00:06.421922,1,5,1,15,,,,,,,,,,,,,,,COMPLETE
435,435,0.906228389678118,2025-01-08 15:11:56.969066,2025-01-08 15:12:05.107404,0 days 00:00:08.138338,2,5,1,15,5.0,,,,,,,,,,,,,,COMPLETE
436,436,0.8861894694405184,2025-01-08 15:12:05.111578,2025-01-08 15:12:16.247846,0 days 00:00:11.136268,3,5,1,20,10.0,,,,,,50.0,,,,,,,,COMPLETE
437,437,0.906228389678118,2025-01-08 15:12:16.253521,2025-01-08 15:12:24.393796,0 days 00:00:08.140275,2,5,1,15,5.0,,,,,,,,,,,,,,COMPLETE
438,438,0.8286347874234508,2025-01-08 15:12:24.397978,2025-01-08 15:12:30.818168,0 days 00:00:06.420190,1,5,1,15,,,,,,,,,,,,,,,COMPLETE
439,439,0.906228389678118,2025-01-08 15:12:30.822875,2025-01-08 15:12:38.962232,0 days 00:00:08.139357,2,5,1,15,5.0,,,,,,,,,,,,,,COMPLETE
440,440,0.8730853230070528,2025-01-08 15:12:38.966902,2025-01-08 15:12:46.587451,0 days 00:00:07.620549,2,5,1,10,5.0,,,,,,,,,,,,,,COMPLETE
441,441,0.8414700300236647,2025-01-08 15:12:46.590339,2025-01-08 15:12:54.775393,0 days 00:00:08.185054,2,1,1,15,5.0,,,,,,,,,,,,,,COMPLETE
442,442,0.8286347874234508,2025-01-08 15:12:54.779564,2025-01-08 15:13:01.193273,0 days 00:00:06.413709,1,5,1,15,,,,,,,,,,,,,,,COMPLETE
443,443,0.8856113603183455,2025-01-08 15:13:01.198004,2025-01-08 15:13:13.281368,0 days 00:00:12.083364,4,5,1,15,5.0,,,,,,5.0,30.0,,,,,,,COMPLETE
444,444,0.8797476241642466,2025-01-08 15:13:13.285905,2025-01-08 15:13:22.827806,0 days 00:00:09.541901,3,5,1,15,5.0,,,,,,10.0,,,,,,,,COMPLETE
445,445,0.9037342682471663,2025-01-08 15:13:22.831957,2025-01-08 15:13:30.810151,0 days 00:00:07.978194,2,5,1,15,10.0,,,,,,,,,,,,,,COMPLETE
446,446,0.8242653625387675,2025-01-08 15:13:30.814285,2025-01-08 15:13:46.413989,0 days 00:00:15.599704,5,5,1,15,5.0,,,,,,15.0,45.0,10.0,,,,,,COMPLETE
447,447,0.906228389678118,2025-01-08 15:13:46.415239,2025-01-08 15:13:54.552363,0 days 00:00:08.137124,2,5,1,15,5.0,,,,,,,,,,,,,,COMPLETE
448,448,0.906228389678118,2025-01-08 15:13:54.556753,2025-01-08 15:14:02.690539,0 days 00:00:08.133786,2,5,1,15,5.0,,,,,,,,,,,,,,COMPLETE
449,449,0.8836045624515096,2025-01-08 15:14:02.694613,2025-01-08 15:14:12.330273,0 days 00:00:09.635660,3,5,1,10,5.0,,,,,,35.0,,,,,,,,COMPLETE
450,450,0.8286347874234508,2025-01-08 15:14:12.333281,2025-01-08 15:14:18.875253,0 days 00:00:06.541972,1,5,1,15,,,,,,,,,,,,,,,COMPLETE
451,451,0.8903698421666545,2025-01-08 15:14:18.880599,2025-01-08 15:14:27.610711,0 days 00:00:08.730112,2,5,1,15,35.0,,,,,,,,,,,,,,COMPLETE
452,452,0.8199279313986045,2025-01-08 15:14:27.615355,2025-01-08 15:14:36.120138,0 days 00:00:08.504783,2,5,1,20,5.0,,,,,,,,,,,,,,COMPLETE
453,453,0.906228389678118,2025-01-08 15:14:36.125733,2025-01-08 15:14:44.261868,0 days 00:00:08.136135,2,5,1,15,5.0,,,,,,,,,,,,,,COMPLETE
454,454,0.906228389678118,2025-01-08 15:14:44.266191,2025-01-08 15:14:52.401149,0 days 00:00:08.134958,2,5,1,15,5.0,,,,,,,,,,,,,,COMPLETE
455,455,0.8877059700410327,2025-01-08 15:14:52.405281,2025-01-08 15:15:02.238571,0 days 00:00:09.833290,3,5,1,15,5.0,,,,,,25.0,,,,,,,,COMPLETE
456,456,0.0,2025-01-08 15:15:02.242873,2025-01-08 15:15:21.856151,0 days 00:00:19.613278,7,5,1,15,5.0,,,,,,40.0,5.0,15.0,25.0,5.0,,,,COMPLETE
457,457,0.8199279313986045,2025-01-08 15:15:21.857798,2025-01-08 15:15:30.362050,0 days 00:00:08.504252,2,5,1,20,5.0,,,,,,,,,,,,,,COMPLETE
458,458,0.8286347874234508,2025-01-08 15:15:30.367412,2025-01-08 15:15:36.911852,0 days 00:00:06.544440,1,5,1,15,,,,,,,,,,,,,,,COMPLETE
459,459,0.8753402190867496,2025-01-08 15:15:36.916823,2025-01-08 15:15:47.111339,0 days 00:00:10.194516,3,5,1,15,10.0,,,,,,20.0,,,,,,,,COMPLETE
460,460,0.906228389678118,2025-01-08 15:15:47.113279,2025-01-08 15:15:55.247224,0 days 00:00:08.133945,2,5,1,15,5.0,,,,,,,,,,,,,,COMPLETE
461,461,0.8867261642554674,2025-01-08 15:15:55.251399,2025-01-08 15:16:04.433085,0 days 00:00:09.181686,2,5,1,15,45.0,,,,,,,,,,,,,,COMPLETE
462,462,0.906228389678118,2025-01-08 15:16:04.434296,2025-01-08 15:16:12.568410,0 days 00:00:08.134114,2,5,1,15,5.0,,,,,,,,,,,,,,COMPLETE
463,463,0.8730853230070528,2025-01-08 15:16:12.572618,2025-01-08 15:16:20.189906,0 days 00:00:07.617288,2,5,1,10,5.0,,,,,,,,,,,,,,COMPLETE
464,464,0.8286347874234508,2025-01-08 15:16:20.192694,2025-01-08 15:16:26.609117,0 days 00:00:06.416423,1,5,1,15,,,,,,,,,,,,,,,COMPLETE
465,465,0.906228389678118,2025-01-08 15:16:26.614128,2025-01-08 15:16:34.748403,0 days 00:00:08.134275,2,5,1,15,5.0,,,,,,,,,,,,,,COMPLETE
466,466,0.8855501052881594,2025-01-08 15:16:34.752674,2025-01-08 15:16:45.065386,0 days 00:00:10.312712,3,5,1,15,5.0,,,,,,35.0,,,,,,,,COMPLETE
467,467,0.8286347874234508,2025-01-08 15:16:45.069453,2025-01-08 15:16:51.484257,0 days 00:00:06.414804,1,5,1,15,,,,,,,,,,,,,,,COMPLETE
468,468,0.8199279313986045,2025-01-08 15:16:51.489036,2025-01-08 15:17:00.121993,0 days 00:00:08.632957,2,5,1,20,5.0,,,,,,,,,,,,,,COMPLETE
469,469,0.906228389678118,2025-01-08 15:17:00.127454,2025-01-08 15:17:08.259938,0 days 00:00:08.132484,2,5,1,15,5.0,,,,,,,,,,,,,,COMPLETE
470,470,0.906228389678118,2025-01-08 15:17:08.264065,2025-01-08 15:17:16.400364,0 days 00:00:08.136299,2,5,1,15,5.0,,,,,,,,,,,,,,COMPLETE
471,471,0.8799938365832924,2025-01-08 15:17:16.404680,2025-01-08 15:17:26.628925,0 days 00:00:10.224245,3,5,1,15,5.0,,,,,,50.0,,,,,,,,COMPLETE
472,472,0.8730853230070528,2025-01-08 15:17:26.633378,2025-01-08 15:17:34.252507,0 days 00:00:07.619129,2,5,1,10,5.0,,,,,,,,,,,,,,COMPLETE
473,473,0.8286347874234508,2025-01-08 15:17:34.255292,2025-01-08 15:17:40.669702,0 days 00:00:06.414410,1,5,1,15,,,,,,,,,,,,,,,COMPLETE
474,474,0.906228389678118,2025-01-08 15:17:40.674160,2025-01-08 15:17:48.806359,0 days 00:00:08.132199,2,5,1,15,5.0,,,,,,,,,,,,,,COMPLETE
475,475,0.9037342682471663,2025-01-08 15:17:48.810460,2025-01-08 15:17:56.789059,0 days 00:00:07.978599,2,5,1,15,10.0,,,,,,,,,,,,,,COMPLETE
476,476,0.906228389678118,2025-01-08 15:17:56.793268,2025-01-08 15:18:04.927670,0 days 00:00:08.134402,2,5,1,15,5.0,,,,,,,,,,,,,,COMPLETE
477,477,0.8460590879462035,2025-01-08 15:18:04.931976,2025-01-08 15:18:11.482503,0 days 00:00:06.550527,1,5,1,20,,,,,,,,,,,,,,,COMPLETE
478,478,0.906228389678118,2025-01-08 15:18:11.489016,2025-01-08 15:18:19.751189,0 days 00:00:08.262173,2,5,1,15,5.0,,,,,,,,,,,,,,COMPLETE
479,479,0.8889824565223245,2025-01-08 15:18:19.755309,2025-01-08 15:18:29.012288,0 days 00:00:09.256979,3,5,1,10,5.0,,,,,,15.0,,,,,,,,COMPLETE
480,480,0.906228389678118,2025-01-08 15:18:29.015188,2025-01-08 15:18:37.147857,0 days 00:00:08.132669,2,5,1,15,5.0,,,,,,,,,,,,,,COMPLETE
481,481,0.8942358132459571,2025-01-08 15:18:37.151948,2025-01-08 15:18:45.425753,0 days 00:00:08.273805,2,5,1,15,15.0,,,,,,,,,,,,,,COMPLETE
482,482,0.8864231680124015,2025-01-08 15:18:45.429999,2025-01-08 15:18:55.493902,0 days 00:00:10.063903,3,5,1,15,5.0,,,,,,20.0,,,,,,,,COMPLETE
483,483,0.906228389678118,2025-01-08 15:18:55.498339,2025-01-08 15:19:03.633269,0 days 00:00:08.134930,2,5,1,15,5.0,,,,,,,,,,,,,,COMPLETE
484,484,0.906228389678118,2025-01-08 15:19:03.637374,2025-01-08 15:19:11.771162,0 days 00:00:08.133788,2,5,1,15,5.0,,,,,,,,,,,,,,COMPLETE
485,485,0.8286347874234508,2025-01-08 15:19:11.775277,2025-01-08 15:19:18.192368,0 days 00:00:06.417091,1,5,1,15,,,,,,,,,,,,,,,COMPLETE
486,486,0.906228389678118,2025-01-08 15:19:18.197383,2025-01-08 15:19:26.329693,0 days 00:00:08.132310,2,5,1,15,5.0,,,,,,,,,,,,,,COMPLETE
487,487,0.8903676581587819,2025-01-08 15:19:26.333786,2025-01-08 15:19:36.414850,0 days 00:00:10.081064,3,5,1,15,5.0,,,,,,30.0,,,,,,,,COMPLETE
488,488,0.9037342682471663,2025-01-08 15:19:36.419772,2025-01-08 15:19:44.403160,0 days 00:00:07.983388,2,5,1,15,10.0,,,,,,,,,,,,,,COMPLETE
489,489,0.8199279313986045,2025-01-08 15:19:44.407606,2025-01-08 15:19:52.915281,0 days 00:00:08.507675,2,5,1,20,5.0,,,,,,,,,,,,,,COMPLETE
490,490,0.906228389678118,2025-01-08 15:19:52.921263,2025-01-08 15:20:01.054411,0 days 00:00:08.133148,2,5,1,15,5.0,,,,,,,,,,,,,,COMPLETE
491,491,0.8803923687649318,2025-01-08 15:20:01.058589,2025-01-08 15:20:07.290395,0 days 00:00:06.231806,1,9,1,15,,,,,,,,,,,,,,,COMPLETE
492,492,0.906228389678118,2025-01-08 15:20:07.295531,2025-01-08 15:20:15.428203,0 days 00:00:08.132672,2,5,1,15,5.0,,,,,,,,,,,,,,COMPLETE
493,493,0.8746072771744848,2025-01-08 15:20:15.432316,2025-01-08 15:20:25.285720,0 days 00:00:09.853404,3,1,1,10,5.0,,,,,,45.0,,,,,,,,COMPLETE
494,494,0.89213094937394,2025-01-08 15:20:25.288848,2025-01-08 15:20:35.880099,0 days 00:00:10.591251,2,5,1,35,5.0,,,,,,,,,,,,,,COMPLETE
495,495,0.906228389678118,2025-01-08 15:20:35.881482,2025-01-08 15:20:44.017924,0 days 00:00:08.136442,2,5,1,15,5.0,,,,,,,,,,,,,,COMPLETE
496,496,0.8286347874234508,2025-01-08 15:20:44.022066,2025-01-08 15:20:50.563266,0 days 00:00:06.541200,1,5,1,15,,,,,,,,,,,,,,,COMPLETE
497,497,0.906228389678118,2025-01-08 15:20:50.568372,2025-01-08 15:20:58.701485,0 days 00:00:08.133113,2,5,1,15,5.0,,,,,,,,,,,,,,COMPLETE
498,498,0.8286347874234508,2025-01-08 15:20:58.705611,2025-01-08 15:21:05.122718,0 days 00:00:06.417107,1,5,1,15,,,,,,,,,,,,,,,COMPLETE
499,499,0.8765588745980566,2025-01-08 15:21:05.127715,2025-01-08 15:21:16.314299,0 days 00:00:11.186584,3,5,1,25,10.0,,,,,,5.0,,,,,,,,COMPLETE
500,500,0.906228389678118,2025-01-08 15:21:16.316432,2025-01-08 15:21:24.452757,0 days 00:00:08.136325,2,5,1,15,5.0,,,,,,,,,,,,,,COMPLETE
501,501,0.906228389678118,2025-01-08 15:21:24.457069,2025-01-08 15:21:32.591608,0 days 00:00:08.134539,2,5,1,15,5.0,,,,,,,,,,,,,,COMPLETE
502,502,0.8797476241642466,2025-01-08 15:21:32.595708,2025-01-08 15:21:42.139951,0 days 00:00:09.544243,3,5,1,15,5.0,,,,,,10.0,,,,,,,,COMPLETE
503,503,0.906228389678118,2025-01-08 15:21:42.144083,2025-01-08 15:21:50.278505,0 days 00:00:08.134422,2,5,1,15,5.0,,,,,,,,,,,,,,COMPLETE
504,504,0.8730853230070528,2025-01-08 15:21:50.282641,2025-01-08 15:21:57.900855,0 days 00:00:07.618214,2,5,1,10,5.0,,,,,,,,,,,,,,COMPLETE
505,505,0.895204768524386,2025-01-08 15:21:57.903640,2025-01-08 15:22:07.095900,0 days 00:00:09.192260,1,5,1,45,,,,,,,,,,,,,,,COMPLETE
506,506,0.8199279313986045,2025-01-08 15:22:07.097165,2025-01-08 15:22:15.608700,0 days 00:00:08.511535,2,5,1,20,5.0,,,,,,,,,,,,,,COMPLETE
507,507,0.8610258920918643,2025-01-08 15:22:15.614507,2025-01-08 15:22:26.535690,0 days 00:00:10.921183,2,5,1,40,10.0,,,,,,,,,,,,,,COMPLETE
508,508,0.0,2025-01-08 15:22:26.537141,2025-01-08 15:23:03.035863,0 days 00:00:36.498722,12,5,1,15,5.0,15.0,15.0,,,,45.0,20.0,40.0,35.0,35.0,50.0,35.0,20.0,COMPLETE
509,509,0.906228389678118,2025-01-08 15:23:03.037326,2025-01-08 15:23:11.181054,0 days 00:00:08.143728,2,5,1,15,5.0,,,,,,,,,,,,,,COMPLETE
510,510,0.8841660638872482,2025-01-08 15:23:11.182474,2025-01-08 15:23:21.902137,0 days 00:00:10.719663,3,5,1,20,5.0,,,,,,40.0,,,,,,,,COMPLETE
511,511,0.8286347874234508,2025-01-08 15:23:21.903422,2025-01-08 15:23:28.319944,0 days 00:00:06.416522,1,5,1,15,,,,,,,,,,,,,,,COMPLETE
512,512,0.8789254651517314,2025-01-08 15:23:28.324867,2025-01-08 15:23:36.705483,0 days 00:00:08.380616,2,5,1,15,20.0,,,,,,,,,,,,,,COMPLETE
513,513,0.8806165598945521,2025-01-08 15:23:36.706883,2025-01-08 15:23:44.788097,0 days 00:00:08.081214,2,5,1,10,40.0,,,,,,,,,,,,,,COMPLETE
514,514,0.906228389678118,2025-01-08 15:23:44.791164,2025-01-08 15:23:52.929328,0 days 00:00:08.138164,2,5,1,15,5.0,,,,,,,,,,,,,,COMPLETE
515,515,0.906228389678118,2025-01-08 15:23:52.933715,2025-01-08 15:24:01.070111,0 days 00:00:08.136396,2,5,1,15,5.0,,,,,,,,,,,,,,COMPLETE
516,516,0.8958223247763052,2025-01-08 15:24:01.074248,2025-01-08 15:24:10.901384,0 days 00:00:09.827136,2,5,1,30,5.0,,,,,,,,,,,,,,COMPLETE
517,517,0.8855501052881594,2025-01-08 15:24:10.902619,2025-01-08 15:24:21.217550,0 days 00:00:10.314931,3,5,1,15,5.0,,,,,,35.0,,,,,,,,COMPLETE
518,518,0.906228389678118,2025-01-08 15:24:21.221917,2025-01-08 15:24:29.355542,0 days 00:00:08.133625,2,5,1,15,5.0,,,,,,,,,,,,,,COMPLETE
519,519,0.8286347874234508,2025-01-08 15:24:29.359691,2025-01-08 15:24:35.775432,0 days 00:00:06.415741,1,5,1,15,,,,,,,,,,,,,,,COMPLETE
520,520,0.9037342682471663,2025-01-08 15:24:35.780142,2025-01-08 15:24:43.892481,0 days 00:00:08.112339,2,5,1,15,10.0,,,,,,,,,,,,,,COMPLETE
521,521,0.8864231680124015,2025-01-08 15:24:43.896748,2025-01-08 15:24:53.962248,0 days 00:00:10.065500,3,5,1,15,5.0,,,,,,20.0,,,,,,,,COMPLETE
522,522,0.8460590879462035,2025-01-08 15:24:53.966558,2025-01-08 15:25:00.517431,0 days 00:00:06.550873,1,5,1,20,,,,,,,,,,,,,,,COMPLETE
523,523,0.906228389678118,2025-01-08 15:25:00.523737,2025-01-08 15:25:08.659023,0 days 00:00:08.135286,2,5,1,15,5.0,,,,,,,,,,,,,,COMPLETE
524,524,0.906228389678118,2025-01-08 15:25:08.663133,2025-01-08 15:25:16.798952,0 days 00:00:08.135819,2,5,1,15,5.0,,,,,,,,,,,,,,COMPLETE
525,525,0.906228389678118,2025-01-08 15:25:16.803078,2025-01-08 15:25:24.937555,0 days 00:00:08.134477,2,5,1,15,5.0,,,,,,,,,,,,,,COMPLETE
526,526,0.8730853230070528,2025-01-08 15:25:24.941648,2025-01-08 15:25:32.564398,0 days 00:00:07.622750,2,5,1,10,5.0,,,,,,,,,,,,,,COMPLETE
527,527,0.8842226812751248,2025-01-08 15:25:32.567282,2025-01-08 15:25:42.220312,0 days 00:00:09.653030,3,5,1,15,5.0,,,,,,15.0,,,,,,,,COMPLETE
528,528,0.7026117098504616,2025-01-08 15:25:42.224475,2025-01-08 15:25:47.501669,0 days 00:00:05.277194,1,5,1,5,,,,,,,,,,,,,,,COMPLETE
529,529,0.906228389678118,2025-01-08 15:25:47.503567,2025-01-08 15:25:55.637152,0 days 00:00:08.133585,2,5,1,15,5.0,,,,,,,,,,,,,,COMPLETE
530,530,0.0,2025-01-08 15:25:55.641466,2025-01-08 15:26:07.547087,0 days 00:00:11.905621,11,5,1,15,5.0,30.0,,,,,25.0,25.0,20.0,40.0,50.0,30.0,45.0,10.0,COMPLETE
531,531,0.0035292430259431656,2025-01-08 15:26:07.548082,2025-01-08 15:26:48.662253,0 days 00:00:41.114171,8,5,5,15,5.0,,,,,,50.0,35.0,35.0,15.0,20.0,25.0,,,COMPLETE
532,532,0.8674144103576954,2025-01-08 15:26:48.663226,2025-01-08 15:26:58.714666,0 days 00:00:10.051440,3,5,1,15,10.0,,,,,,5.0,,,,,,,,COMPLETE
533,533,0.8199279313986045,2025-01-08 15:26:58.715574,2025-01-08 15:27:07.228176,0 days 00:00:08.512602,2,5,1,20,5.0,,,,,,,,,,,,,,COMPLETE
534,534,0.906228389678118,2025-01-08 15:27:07.229569,2025-01-08 15:27:15.365971,0 days 00:00:08.136402,2,5,1,15,5.0,,,,,,,,,,,,,,COMPLETE
535,535,0.8286347874234508,2025-01-08 15:27:15.370158,2025-01-08 15:27:21.788985,0 days 00:00:06.418827,1,5,1,15,,,,,,,,,,,,,,,COMPLETE
536,536,0.8730853230070528,2025-01-08 15:27:21.794343,2025-01-08 15:27:29.417836,0 days 00:00:07.623493,2,5,1,10,5.0,,,,,,,,,,,,,,COMPLETE
537,537,0.9049990518656001,2025-01-08 15:27:29.418680,2025-01-08 15:27:37.187048,0 days 00:00:07.768368,2,3,1,15,5.0,,,,,,,,,,,,,,COMPLETE
538,538,0.906228389678118,2025-01-08 15:27:37.191162,2025-01-08 15:27:45.325928,0 days 00:00:08.134766,2,5,1,15,5.0,,,,,,,,,,,,,,COMPLETE
539,539,0.906228389678118,2025-01-08 15:27:45.330067,2025-01-08 15:27:53.464676,0 days 00:00:08.134609,2,5,1,15,5.0,,,,,,,,,,,,,,COMPLETE
540,540,0.906228389678118,2025-01-08 15:27:53.468813,2025-01-08 15:28:01.602816,0 days 00:00:08.134003,2,5,1,15,5.0,,,,,,,,,,,,,,COMPLETE
541,541,0.8286347874234508,2025-01-08 15:28:01.606962,2025-01-08 15:28:08.151320,0 days 00:00:06.544358,1,5,1,15,,,,,,,,,,,,,,,COMPLETE
542,542,0.906228389678118,2025-01-08 15:28:08.157380,2025-01-08 15:28:16.298560,0 days 00:00:08.141180,2,5,1,15,5.0,,,,,,,,,,,,,,COMPLETE
543,543,0.8816547617884352,2025-01-08 15:28:16.302964,2025-01-08 15:28:27.550390,0 days 00:00:11.247426,3,5,1,15,30.0,,,,,,30.0,,,,,,,,COMPLETE
544,544,0.8730853230070528,2025-01-08 15:28:27.551777,2025-01-08 15:28:35.172683,0 days 00:00:07.620906,2,5,1,10,5.0,,,,,,,,,,,,,,COMPLETE
545,545,0.8226734397597677,2025-01-08 15:28:35.175481,2025-01-08 15:28:45.868942,0 days 00:00:10.693461,3,5,1,15,10.0,,,,,,10.0,,,,,,,,COMPLETE
546,546,0.906228389678118,2025-01-08 15:28:45.873289,2025-01-08 15:28:54.008332,0 days 00:00:08.135043,2,5,1,15,5.0,,,,,,,,,,,,,,COMPLETE
547,547,0.7764316434691321,2025-01-08 15:28:54.012463,2025-01-08 15:29:14.897367,0 days 00:00:20.884904,6,5,1,20,5.0,,,,,,45.0,30.0,50.0,10.0,,,,,COMPLETE
548,548,0.906228389678118,2025-01-08 15:29:14.898424,2025-01-08 15:29:23.039976,0 days 00:00:08.141552,2,5,1,15,5.0,,,,,,,,,,,,,,COMPLETE
549,549,0.8286347874234508,2025-01-08 15:29:23.040959,2025-01-08 15:29:29.458632,0 days 00:00:06.417673,1,5,1,15,,,,,,,,,,,,,,,COMPLETE
550,550,0.8722306203727903,2025-01-08 15:29:29.463211,2025-01-08 15:29:39.740098,0 days 00:00:10.276887,3,5,1,15,5.0,,,,,,40.0,,,,,,,,COMPLETE
551,551,0.895094210156343,2025-01-08 15:29:39.741455,2025-01-08 15:29:48.192279,0 days 00:00:08.450824,2,5,1,15,25.0,,,,,,,,,,,,,,COMPLETE
552,552,0.906228389678118,2025-01-08 15:29:48.194193,2025-01-08 15:29:56.335707,0 days 00:00:08.141514,2,5,1,15,5.0,,,,,,,,,,,,,,COMPLETE
553,553,0.0,2025-01-08 15:29:56.340097,2025-01-08 15:30:43.536977,0 days 00:00:47.196880,13,5,1,15,5.0,45.0,15.0,50.0,,,25.0,15.0,25.0,30.0,40.0,45.0,20.0,45.0,COMPLETE
554,554,0.0,2025-01-08 15:30:43.538258,2025-01-08 15:31:09.509780,0 days 00:00:25.971522,9,5,1,15,5.0,,,,,,20.0,50.0,10.0,45.0,5.0,5.0,10.0,,COMPLETE
555,555,0.8710818288858149,2025-01-08 15:31:09.511432,2025-01-08 15:31:22.576053,0 days 00:00:13.064621,4,5,1,10,5.0,,,,,,35.0,40.0,,,,,,,COMPLETE
556,556,0.8286347874234508,2025-01-08 15:31:22.577533,2025-01-08 15:31:28.994324,0 days 00:00:06.416791,1,5,1,15,,,,,,,,,,,,,,,COMPLETE
557,557,0.6159556301996858,2025-01-08 15:31:28.999281,2025-01-08 15:31:51.345729,0 days 00:00:22.346448,7,5,1,15,10.0,,,,,,15.0,45.0,45.0,20.0,10.0,,,,COMPLETE
558,558,0.906228389678118,2025-01-08 15:31:51.346799,2025-01-08 15:31:59.486168,0 days 00:00:08.139369,2,5,1,15,5.0,,,,,,,,,,,,,,COMPLETE
559,559,0.906228389678118,2025-01-08 15:31:59.490197,2025-01-08 15:32:07.627710,0 days 00:00:08.137513,2,5,1,15,5.0,,,,,,,,,,,,,,COMPLETE
560,560,0.8199279313986045,2025-01-08 15:32:07.630855,2025-01-08 15:32:16.143632,0 days 00:00:08.512777,2,5,1,20,5.0,,,,,,,,,,,,,,COMPLETE
561,561,0.8903676581587819,2025-01-08 15:32:16.145407,2025-01-08 15:32:26.235706,0 days 00:00:10.090299,3,5,1,15,5.0,,,,,,30.0,,,,,,,,COMPLETE
562,562,0.906228389678118,2025-01-08 15:32:26.241193,2025-01-08 15:32:34.380945,0 days 00:00:08.139752,2,5,1,15,5.0,,,,,,,,,,,,,,COMPLETE
563,563,0.8286347874234508,2025-01-08 15:32:34.385160,2025-01-08 15:32:40.804405,0 days 00:00:06.419245,1,5,1,15,,,,,,,,,,,,,,,COMPLETE
564,564,0.8799938365832924,2025-01-08 15:32:40.809540,2025-01-08 15:32:51.036106,0 days 00:00:10.226566,3,5,1,15,5.0,,,,,,50.0,,,,,,,,COMPLETE
565,565,0.906228389678118,2025-01-08 15:32:51.038569,2025-01-08 15:32:59.175028,0 days 00:00:08.136459,2,5,1,15,5.0,,,,,,,,,,,,,,COMPLETE
566,566,0.884705159280974,2025-01-08 15:32:59.179205,2025-01-08 15:33:11.114620,0 days 00:00:11.935415,2,5,1,50,5.0,,,,,,,,,,,,,,COMPLETE
567,567,0.906228389678118,2025-01-08 15:33:11.116412,2025-01-08 15:33:19.383857,0 days 00:00:08.267445,2,5,1,15,5.0,,,,,,,,,,,,,,COMPLETE
568,568,0.6665542818610923,2025-01-08 15:33:19.389116,2025-01-08 15:33:27.015167,0 days 00:00:07.626051,1,3,4,10,,,,,,,,,,,,,,,COMPLETE
569,569,0.880897419680106,2025-01-08 15:33:27.018708,2025-01-08 15:33:35.841022,0 days 00:00:08.822314,2,5,1,20,10.0,,,,,,,,,,,,,,COMPLETE
570,570,0.906228389678118,2025-01-08 15:33:35.846531,2025-01-08 15:33:43.984536,0 days 00:00:08.138005,2,5,1,15,5.0,,,,,,,,,,,,,,COMPLETE
571,571,0.906228389678118,2025-01-08 15:33:43.988718,2025-01-08 15:33:52.126750,0 days 00:00:08.138032,2,5,1,15,5.0,,,,,,,,,,,,,,COMPLETE
572,572,0.8835614424543738,2025-01-08 15:33:52.130887,2025-01-08 15:34:02.339426,0 days 00:00:10.208539,3,5,1,15,5.0,,,,,,5.0,,,,,,,,COMPLETE
573,573,0.8286347874234508,2025-01-08 15:34:02.343823,2025-01-08 15:34:08.765025,0 days 00:00:06.421202,1,5,1,15,,,,,,,,,,,,,,,COMPLETE
574,574,0.906228389678118,2025-01-08 15:34:08.769874,2025-01-08 15:34:16.907958,0 days 00:00:08.138084,2,5,1,15,5.0,,,,,,,,,,,,,,COMPLETE
575,575,0.89213094937394,2025-01-08 15:34:16.912103,2025-01-08 15:34:27.502265,0 days 00:00:10.590162,2,5,1,35,5.0,,,,,,,,,,,,,,COMPLETE
576,576,0.906228389678118,2025-01-08 15:34:27.503580,2025-01-08 15:34:35.766915,0 days 00:00:08.263335,2,5,1,15,5.0,,,,,,,,,,,,,,COMPLETE
577,577,0.8823394593022638,2025-01-08 15:34:35.769997,2025-01-08 15:34:45.093066,0 days 00:00:09.323069,3,5,1,10,10.0,,,,,,10.0,,,,,,,,COMPLETE
578,578,0.906228389678118,2025-01-08 15:34:45.094828,2025-01-08 15:34:53.235268,0 days 00:00:08.140440,2,5,1,15,5.0,,,,,,,,,,,,,,COMPLETE
579,579,0.906228389678118,2025-01-08 15:34:53.239373,2025-01-08 15:35:01.377360,0 days 00:00:08.137987,2,5,1,15,5.0,,,,,,,,,,,,,,COMPLETE
580,580,0.8286347874234508,2025-01-08 15:35:01.381523,2025-01-08 15:35:07.800726,0 days 00:00:06.419203,1,5,1,15,,,,,,,,,,,,,,,COMPLETE
581,581,0.906228389678118,2025-01-08 15:35:07.805461,2025-01-08 15:35:15.940849,0 days 00:00:08.135388,2,5,1,15,5.0,,,,,,,,,,,,,,COMPLETE
582,582,0.8812522086930955,2025-01-08 15:35:15.944932,2025-01-08 15:35:27.086809,0 days 00:00:11.141877,3,5,1,25,5.0,,,,,,40.0,,,,,,,,COMPLETE
583,583,0.8942358132459571,2025-01-08 15:35:27.090013,2025-01-08 15:35:35.370869,0 days 00:00:08.280856,2,5,1,15,15.0,,,,,,,,,,,,,,COMPLETE
584,584,0.8867261642554674,2025-01-08 15:35:35.375179,2025-01-08 15:35:44.696039,0 days 00:00:09.320860,2,5,1,15,45.0,,,,,,,,,,,,,,COMPLETE
585,585,0.8460590879462035,2025-01-08 15:35:44.698071,2025-01-08 15:35:51.251454,0 days 00:00:06.553383,1,5,1,20,,,,,,,,,,,,,,,COMPLETE
586,586,0.8877059700410327,2025-01-08 15:35:51.257782,2025-01-08 15:36:01.096091,0 days 00:00:09.838309,3,5,1,15,5.0,,,,,,25.0,,,,,,,,COMPLETE
587,587,0.906228389678118,2025-01-08 15:36:01.100447,2025-01-08 15:36:09.237150,0 days 00:00:08.136703,2,5,1,15,5.0,,,,,,,,,,,,,,COMPLETE
588,588,0.8823775570317103,2025-01-08 15:36:09.241183,2025-01-08 15:36:18.105244,0 days 00:00:08.864061,2,5,1,20,20.0,,,,,,,,,,,,,,COMPLETE
589,589,0.8286347874234508,2025-01-08 15:36:18.111261,2025-01-08 15:36:24.531002,0 days 00:00:06.419741,1,5,1,15,,,,,,,,,,,,,,,COMPLETE
590,590,0.906228389678118,2025-01-08 15:36:24.535645,2025-01-08 15:36:32.676627,0 days 00:00:08.140982,2,5,1,15,5.0,,,,,,,,,,,,,,COMPLETE
591,591,0.906228389678118,2025-01-08 15:36:32.680994,2025-01-08 15:36:40.820027,0 days 00:00:08.139033,2,5,1,15,5.0,,,,,,,,,,,,,,COMPLETE
592,592,0.906228389678118,2025-01-08 15:36:40.824164,2025-01-08 15:36:48.961160,0 days 00:00:08.136996,2,5,1,15,5.0,,,,,,,,,,,,,,COMPLETE
593,593,0.8903676581587819,2025-01-08 15:36:48.965294,2025-01-08 15:36:59.051594,0 days 00:00:10.086300,3,5,1,15,5.0,,,,,,30.0,,,,,,,,COMPLETE
594,594,0.8730853230070528,2025-01-08 15:36:59.056051,2025-01-08 15:37:06.679340,0 days 00:00:07.623289,2,5,1,10,5.0,,,,,,,,,,,,,,COMPLETE
595,595,0.9037342682471663,2025-01-08 15:37:06.682185,2025-01-08 15:37:14.664586,0 days 00:00:07.982401,2,5,1,15,10.0,,,,,,,,,,,,,,COMPLETE
596,596,0.8286347874234508,2025-01-08 15:37:14.668836,2025-01-08 15:37:21.091419,0 days 00:00:06.422583,1,5,1,15,,,,,,,,,,,,,,,COMPLETE
597,597,0.906228389678118,2025-01-08 15:37:21.096527,2025-01-08 15:37:29.236819,0 days 00:00:08.140292,2,5,1,15,5.0,,,,,,,,,,,,,,COMPLETE
598,598,0.8842226812751248,2025-01-08 15:37:29.240971,2025-01-08 15:37:38.898182,0 days 00:00:09.657211,3,5,1,15,5.0,,,,,,15.0,,,,,,,,COMPLETE
599,599,0.906228389678118,2025-01-08 15:37:38.902405,2025-01-08 15:37:47.040244,0 days 00:00:08.137839,2,5,1,15,5.0,,,,,,,,,,,,,,COMPLETE
600,600,0.906228389678118,2025-01-08 15:37:47.044709,2025-01-08 15:37:55.183454,0 days 00:00:08.138745,2,5,1,15,5.0,,,,,,,,,,,,,,COMPLETE
601,601,0.8460590879462035,2025-01-08 15:37:55.187604,2025-01-08 15:38:01.740592,0 days 00:00:06.552988,1,5,1,20,,,,,,,,,,,,,,,COMPLETE
602,602,0.906228389678118,2025-01-08 15:38:01.747181,2025-01-08 15:38:09.890556,0 days 00:00:08.143375,2,5,1,15,5.0,,,,,,,,,,,,,,COMPLETE
603,603,0.8789600670320579,2025-01-08 15:38:09.894884,2025-01-08 15:38:21.158564,0 days 00:00:11.263680,3,5,1,30,5.0,,,,,,10.0,,,,,,,,COMPLETE
604,604,0.906228389678118,2025-01-08 15:38:21.159871,2025-01-08 15:38:29.298623,0 days 00:00:08.138752,2,5,1,15,5.0,,,,,,,,,,,,,,COMPLETE
605,605,0.8730853230070528,2025-01-08 15:38:29.302753,2025-01-08 15:38:36.926032,0 days 00:00:07.623279,2,5,1,10,5.0,,,,,,,,,,,,,,COMPLETE
606,606,0.8286347874234508,2025-01-08 15:38:36.928852,2025-01-08 15:38:43.347736,0 days 00:00:06.418884,1,5,1,15,,,,,,,,,,,,,,,COMPLETE
607,607,0.8586153198266291,2025-01-08 15:38:43.352791,2025-01-08 15:38:57.954100,0 days 00:00:14.601309,5,5,1,15,5.0,,,,,,50.0,10.0,15.0,,,,,,COMPLETE
608,608,0.8199279313986045,2025-01-08 15:38:57.957354,2025-01-08 15:39:06.473028,0 days 00:00:08.515674,2,5,1,20,5.0,,,,,,,,,,,,,,COMPLETE
609,609,0.9037342682471663,2025-01-08 15:39:06.478927,2025-01-08 15:39:14.464311,0 days 00:00:07.985384,2,5,1,15,10.0,,,,,,,,,,,,,,COMPLETE
610,610,0.906228389678118,2025-01-08 15:39:14.468574,2025-01-08 15:39:22.606376,0 days 00:00:08.137802,2,5,1,15,5.0,,,,,,,,,,,,,,COMPLETE
611,611,0.906228389678118,2025-01-08 15:39:22.610545,2025-01-08 15:39:30.748487,0 days 00:00:08.137942,2,5,1,15,5.0,,,,,,,,,,,,,,COMPLETE
612,612,0.8286347874234508,2025-01-08 15:39:30.752728,2025-01-08 15:39:37.172409,0 days 00:00:06.419681,1,5,1,15,,,,,,,,,,,,,,,COMPLETE
613,613,0.8855501052881594,2025-01-08 15:39:37.177316,2025-01-08 15:39:47.625469,0 days 00:00:10.448153,3,5,1,15,5.0,,,,,,35.0,,,,,,,,COMPLETE
614,614,0.8730853230070528,2025-01-08 15:39:47.627975,2025-01-08 15:39:55.255803,0 days 00:00:07.627828,2,5,1,10,5.0,,,,,,,,,,,,,,COMPLETE
615,615,0.906228389678118,2025-01-08 15:39:55.258865,2025-01-08 15:40:03.399765,0 days 00:00:08.140900,2,5,1,15,5.0,,,,,,,,,,,,,,COMPLETE
616,616,0.8827899479956692,2025-01-08 15:40:03.403960,2025-01-08 15:40:13.789611,0 days 00:00:10.385651,3,5,1,15,5.0,,,,,,45.0,,,,,,,,COMPLETE
617,617,0.9037342682471663,2025-01-08 15:40:13.794100,2025-01-08 15:40:21.781056,0 days 00:00:07.986956,2,5,1,15,10.0,,,,,,,,,,,,,,COMPLETE
618,618,0.8286347874234508,2025-01-08 15:40:21.785415,2025-01-08 15:40:28.205104,0 days 00:00:06.419689,1,5,1,15,,,,,,,,,,,,,,,COMPLETE
619,619,0.906228389678118,2025-01-08 15:40:28.210021,2025-01-08 15:40:36.348704,0 days 00:00:08.138683,2,5,1,15,5.0,,,,,,,,,,,,,,COMPLETE
620,620,0.7299241749609318,2025-01-08 15:40:36.352914,2025-01-08 15:40:55.227163,0 days 00:00:18.874249,3,5,5,15,5.0,,,,,,45.0,,,,,,,,COMPLETE
621,621,0.8199279313986045,2025-01-08 15:40:55.231915,2025-01-08 15:41:03.743559,0 days 00:00:08.511644,2,5,1,20,5.0,,,,,,,,,,,,,,COMPLETE
622,622,0.8840962267154634,2025-01-08 15:41:03.749315,2025-01-08 15:41:12.467582,0 days 00:00:08.718267,2,5,1,15,30.0,,,,,,,,,,,,,,COMPLETE
623,623,0.906228389678118,2025-01-08 15:41:12.472338,2025-01-08 15:41:20.613128,0 days 00:00:08.140790,2,5,1,15,5.0,,,,,,,,,,,,,,COMPLETE
624,624,0.8286347874234508,2025-01-08 15:41:20.617384,2025-01-08 15:41:27.038272,0 days 00:00:06.420888,1,5,1,15,,,,,,,,,,,,,,,COMPLETE
625,625,0.906228389678118,2025-01-08 15:41:27.043367,2025-01-08 15:41:35.184949,0 days 00:00:08.141582,2,5,1,15,5.0,,,,,,,,,,,,,,COMPLETE
626,626,0.8005180801530991,2025-01-08 15:41:35.189423,2025-01-08 15:41:42.389254,0 days 00:00:07.199831,2,5,1,5,5.0,,,,,,,,,,,,,,COMPLETE
627,627,0.8730853230070528,2025-01-08 15:41:42.390951,2025-01-08 15:41:50.014510,0 days 00:00:07.623559,2,5,1,10,5.0,,,,,,,,,,,,,,COMPLETE
628,628,0.8286347874234508,2025-01-08 15:41:50.017362,2025-01-08 15:41:56.437666,0 days 00:00:06.420304,1,5,1,15,,,,,,,,,,,,,,,COMPLETE
629,629,0.8864231680124015,2025-01-08 15:41:56.442579,2025-01-08 15:42:06.508580,0 days 00:00:10.066001,3,5,1,15,5.0,,,,,,20.0,,,,,,,,COMPLETE
630,630,0.8854441868640985,2025-01-08 15:42:06.512952,2025-01-08 15:42:16.929743,0 days 00:00:10.416791,3,5,1,15,10.0,,,,,,40.0,,,,,,,,COMPLETE
631,631,0.906228389678118,2025-01-08 15:42:16.934576,2025-01-08 15:42:25.079586,0 days 00:00:08.145010,2,5,1,15,5.0,,,,,,,,,,,,,,COMPLETE
632,632,0.8730853230070528,2025-01-08 15:42:25.084104,2025-01-08 15:42:32.710723,0 days 00:00:07.626619,2,5,1,10,5.0,,,,,,,,,,,,,,COMPLETE
633,633,0.23175319789315274,2025-01-08 15:42:32.713633,2025-01-08 15:42:54.870666,0 days 00:00:22.157033,8,5,1,15,5.0,,,,,,5.0,15.0,30.0,35.0,15.0,40.0,,,COMPLETE
634,634,0.0,2025-01-08 15:42:54.872296,2025-01-08 15:43:25.616991,0 days 00:00:30.744695,10,5,1,15,5.0,,,,,,30.0,5.0,40.0,10.0,45.0,20.0,40.0,25.0,COMPLETE
635,635,0.0,2025-01-08 15:43:25.618560,2025-01-08 15:44:13.692217,0 days 00:00:48.073657,14,5,1,15,5.0,20.0,50.0,15.0,50.0,,25.0,20.0,5.0,25.0,35.0,35.0,25.0,35.0,COMPLETE
636,636,0.8460590879462035,2025-01-08 15:44:13.693743,2025-01-08 15:44:20.254865,0 days 00:00:06.561122,1,5,1,20,,,,,,,,,,,,,,,COMPLETE
637,637,0.8903698421666545,2025-01-08 15:44:20.255776,2025-01-08 15:44:28.995736,0 days 00:00:08.739960,2,5,1,15,35.0,,,,,,,,,,,,,,COMPLETE
638,638,0.906228389678118,2025-01-08 15:44:28.996983,2025-01-08 15:44:37.264603,0 days 00:00:08.267620,2,5,1,15,5.0,,,,,,,,,,,,,,COMPLETE
639,639,0.906228389678118,2025-01-08 15:44:37.270143,2025-01-08 15:44:45.410022,0 days 00:00:08.139879,2,5,1,15,5.0,,,,,,,,,,,,,,COMPLETE
640,640,0.8811501727979647,2025-01-08 15:44:45.414309,2025-01-08 15:44:56.899847,0 days 00:00:11.485538,3,5,1,15,25.0,,,,,,35.0,,,,,,,,COMPLETE
641,641,0.906228389678118,2025-01-08 15:44:56.901596,2025-01-08 15:45:05.044393,0 days 00:00:08.142797,2,5,1,15,5.0,,,,,,,,,,,,,,COMPLETE
642,642,0.906228389678118,2025-01-08 15:45:05.048694,2025-01-08 15:45:13.187442,0 days 00:00:08.138748,2,5,1,15,5.0,,,,,,,,,,,,,,COMPLETE
643,643,0.8286347874234508,2025-01-08 15:45:13.191650,2025-01-08 15:45:19.610953,0 days 00:00:06.419303,1,5,1,15,,,,,,,,,,,,,,,COMPLETE
644,644,0.8807227739597101,2025-01-08 15:45:19.615957,2025-01-08 15:45:27.196545,0 days 00:00:07.580588,2,5,1,10,10.0,,,,,,,,,,,,,,COMPLETE
645,645,0.8842226812751248,2025-01-08 15:45:27.199431,2025-01-08 15:45:36.858034,0 days 00:00:09.658603,3,5,1,15,5.0,,,,,,15.0,,,,,,,,COMPLETE
646,646,0.8460590879462035,2025-01-08 15:45:36.862316,2025-01-08 15:45:43.417836,0 days 00:00:06.555520,1,5,1,20,,,,,,,,,,,,,,,COMPLETE
647,647,0.906228389678118,2025-01-08 15:45:43.424730,2025-01-08 15:45:51.566081,0 days 00:00:08.141351,2,5,1,15,5.0,,,,,,,,,,,,,,COMPLETE
648,648,0.906228389678118,2025-01-08 15:45:51.570335,2025-01-08 15:45:59.836007,0 days 00:00:08.265672,2,5,1,15,5.0,,,,,,,,,,,,,,COMPLETE
649,649,0.906228389678118,2025-01-08 15:45:59.840292,2025-01-08 15:46:07.979906,0 days 00:00:08.139614,2,5,1,15,5.0,,,,,,,,,,,,,,COMPLETE
650,650,0.8876441346177764,2025-01-08 15:46:07.984092,2025-01-08 15:46:18.211334,0 days 00:00:10.227242,2,5,3,15,5.0,,,,,,,,,,,,,,COMPLETE
651,651,0.8864231680124015,2025-01-08 15:46:18.215558,2025-01-08 15:46:28.288103,0 days 00:00:10.072545,3,5,1,15,5.0,,,,,,20.0,,,,,,,,COMPLETE
652,652,0.9037342682471663,2025-01-08 15:46:28.289351,2025-01-08 15:46:36.279085,0 days 00:00:07.989734,2,5,1,15,10.0,,,,,,,,,,,,,,COMPLETE
653,653,0.8460590879462035,2025-01-08 15:46:36.283592,2025-01-08 15:46:42.840092,0 days 00:00:06.556500,1,5,1,20,,,,,,,,,,,,,,,COMPLETE
654,654,0.87793281269218,2025-01-08 15:46:42.846484,2025-01-08 15:46:53.491246,0 days 00:00:10.644762,3,9,1,15,5.0,,,,,,50.0,,,,,,,,COMPLETE
655,655,0.8731954331006195,2025-01-08 15:46:53.495792,2025-01-08 15:47:02.683551,0 days 00:00:09.187759,2,5,1,15,50.0,,,,,,,,,,,,,,COMPLETE
656,656,0.9049990518656001,2025-01-08 15:47:02.685212,2025-01-08 15:47:10.458283,0 days 00:00:07.773071,2,3,1,15,5.0,,,,,,,,,,,,,,COMPLETE
657,657,0.7796669265536003,2025-01-08 15:47:10.462507,2025-01-08 15:47:22.097778,0 days 00:00:11.635271,2,5,4,15,5.0,,,,,,,,,,,,,,COMPLETE
658,658,0.906228389678118,2025-01-08 15:47:22.102266,2025-01-08 15:47:30.243813,0 days 00:00:08.141547,2,5,1,15,5.0,,,,,,,,,,,,,,COMPLETE
659,659,0.7180383931850953,2025-01-08 15:47:30.248011,2025-01-08 15:47:35.823228,0 days 00:00:05.575217,1,1,1,10,,,,,,,,,,,,,,,COMPLETE
660,660,0.906228389678118,2025-01-08 15:47:35.826865,2025-01-08 15:47:43.965451,0 days 00:00:08.138586,2,5,1,15,5.0,,,,,,,,,,,,,,COMPLETE
661,661,0.8199279313986045,2025-01-08 15:47:43.969563,2025-01-08 15:47:52.481725,0 days 00:00:08.512162,2,5,1,20,5.0,,,,,,,,,,,,,,COMPLETE
662,662,0.906228389678118,2025-01-08 15:47:52.487406,2025-01-08 15:48:00.627329,0 days 00:00:08.139923,2,5,1,15,5.0,,,,,,,,,,,,,,COMPLETE
663,663,0.8855501052881594,2025-01-08 15:48:00.631494,2025-01-08 15:48:10.955189,0 days 00:00:10.323695,3,5,1,15,5.0,,,,,,35.0,,,,,,,,COMPLETE
664,664,0.0,2025-01-08 15:48:10.959892,2025-01-08 15:48:37.753463,0 days 00:00:26.793571,11,5,1,10,5.0,30.0,,,,,10.0,40.0,35.0,50.0,25.0,5.0,30.0,45.0,COMPLETE
665,665,0.8286347874234508,2025-01-08 15:48:37.754524,2025-01-08 15:48:44.179812,0 days 00:00:06.425288,1,5,1,15,,,,,,,,,,,,,,,COMPLETE
666,666,0.8942358132459571,2025-01-08 15:48:44.183945,2025-01-08 15:48:52.466189,0 days 00:00:08.282244,2,5,1,15,15.0,,,,,,,,,,,,,,COMPLETE
667,667,0.906228389678118,2025-01-08 15:48:52.469637,2025-01-08 15:49:00.613605,0 days 00:00:08.143968,2,5,1,15,5.0,,,,,,,,,,,,,,COMPLETE
668,668,0.8835614424543738,2025-01-08 15:49:00.618066,2025-01-08 15:49:10.829957,0 days 00:00:10.211891,3,5,1,15,5.0,,,,,,5.0,,,,,,,,COMPLETE
669,669,0.8286347874234508,2025-01-08 15:49:10.834262,2025-01-08 15:49:17.382076,0 days 00:00:06.547814,1,5,1,15,,,,,,,,,,,,,,,COMPLETE
670,670,0.9037342682471663,2025-01-08 15:49:17.388713,2025-01-08 15:49:25.376285,0 days 00:00:07.987572,2,5,1,15,10.0,,,,,,,,,,,,,,COMPLETE
671,671,0.906228389678118,2025-01-08 15:49:25.380063,2025-01-08 15:49:33.519071,0 days 00:00:08.139008,2,5,1,15,5.0,,,,,,,,,,,,,,COMPLETE
672,672,0.906228389678118,2025-01-08 15:49:33.523305,2025-01-08 15:49:41.663034,0 days 00:00:08.139729,2,5,1,15,5.0,,,,,,,,,,,,,,COMPLETE
673,673,0.8199279313986045,2025-01-08 15:49:41.667240,2025-01-08 15:49:50.185248,0 days 00:00:08.518008,2,5,1,20,5.0,,,,,,,,,,,,,,COMPLETE
674,674,0.8837058592988338,2025-01-08 15:49:50.191330,2025-01-08 15:50:02.630128,0 days 00:00:12.438798,4,5,1,15,5.0,,,,,,25.0,30.0,,,,,,,COMPLETE
675,675,0.8730853230070528,2025-01-08 15:50:02.631531,2025-01-08 15:50:10.258468,0 days 00:00:07.626937,2,5,1,10,5.0,,,,,,,,,,,,,,COMPLETE
676,676,0.8789157377548781,2025-01-08 15:50:10.260061,2025-01-08 15:50:23.404794,0 days 00:00:13.144733,3,5,1,40,5.0,,,,,,45.0,,,,,,,,COMPLETE
677,677,0.8286347874234508,2025-01-08 15:50:23.406346,2025-01-08 15:50:29.828312,0 days 00:00:06.421966,1,5,1,15,,,,,,,,,,,,,,,COMPLETE
678,678,0.7922007893460934,2025-01-08 15:50:29.832868,2025-01-08 15:50:47.911411,0 days 00:00:18.078543,6,5,1,15,5.0,,,,,,20.0,50.0,15.0,40.0,,,,,COMPLETE
679,679,0.906228389678118,2025-01-08 15:50:47.913287,2025-01-08 15:50:56.055385,0 days 00:00:08.142098,2,5,1,15,5.0,,,,,,,,,,,,,,COMPLETE
680,680,0.906228389678118,2025-01-08 15:50:56.059612,2025-01-08 15:51:04.200385,0 days 00:00:08.140773,2,5,1,15,5.0,,,,,,,,,,,,,,COMPLETE
681,681,0.8286347874234508,2025-01-08 15:51:04.204587,2025-01-08 15:51:10.626176,0 days 00:00:06.421589,1,5,1,15,,,,,,,,,,,,,,,COMPLETE
682,682,0.8722306203727903,2025-01-08 15:51:10.631173,2025-01-08 15:51:20.914856,0 days 00:00:10.283683,3,5,1,15,5.0,,,,,,40.0,,,,,,,,COMPLETE
683,683,0.906228389678118,2025-01-08 15:51:20.917230,2025-01-08 15:51:29.184783,0 days 00:00:08.267553,2,5,1,15,5.0,,,,,,,,,,,,,,COMPLETE
684,684,0.8226734397597677,2025-01-08 15:51:29.189044,2025-01-08 15:51:39.892625,0 days 00:00:10.703581,3,5,1,15,10.0,,,,,,10.0,,,,,,,,COMPLETE
685,685,0.8199279313986045,2025-01-08 15:51:39.897261,2025-01-08 15:51:48.411153,0 days 00:00:08.513892,2,5,1,20,5.0,,,,,,,,,,,,,,COMPLETE
686,686,0.8730853230070528,2025-01-08 15:51:48.416836,2025-01-08 15:51:56.043507,0 days 00:00:07.626671,2,5,1,10,5.0,,,,,,,,,,,,,,COMPLETE
687,687,0.906228389678118,2025-01-08 15:51:56.046359,2025-01-08 15:52:04.187071,0 days 00:00:08.140712,2,5,1,15,5.0,,,,,,,,,,,,,,COMPLETE
688,688,0.8844528714806225,2025-01-08 15:52:04.191245,2025-01-08 15:52:13.529733,0 days 00:00:09.338488,1,5,4,15,,,,,,,,,,,,,,,COMPLETE
689,689,0.906228389678118,2025-01-08 15:52:13.534250,2025-01-08 15:52:21.678094,0 days 00:00:08.143844,2,5,1,15,5.0,,,,,,,,,,,,,,COMPLETE
690,690,0.8903676581587819,2025-01-08 15:52:21.682457,2025-01-08 15:52:31.647278,0 days 00:00:09.964821,3,5,1,15,5.0,,,,,,30.0,,,,,,,,COMPLETE
691,691,0.0,2025-01-08 15:52:31.651690,2025-01-08 15:52:54.549226,0 days 00:00:22.897536,12,5,1,15,10.0,10.0,35.0,,,,15.0,10.0,50.0,30.0,30.0,45.0,5.0,10.0,COMPLETE
692,692,0.9056020137145947,2025-01-08 15:52:54.550247,2025-01-08 15:53:03.984688,0 days 00:00:09.434441,2,5,1,25,5.0,,,,,,,,,,,,,,COMPLETE
693,693,0.906228389678118,2025-01-08 15:53:03.991854,2025-01-08 15:53:12.140899,0 days 00:00:08.149045,2,5,1,15,5.0,,,,,,,,,,,,,,COMPLETE
694,694,0.8847952215163625,2025-01-08 15:53:12.141856,2025-01-08 15:53:19.372191,0 days 00:00:07.230335,1,5,3,10,,,,,,,,,,,,,,,COMPLETE
695,695,0.8199279313986045,2025-01-08 15:53:19.375593,2025-01-08 15:53:27.891880,0 days 00:00:08.516287,2,5,1,20,5.0,,,,,,,,,,,,,,COMPLETE
696,696,0.8877059700410327,2025-01-08 15:53:27.897672,2025-01-08 15:53:37.743491,0 days 00:00:09.845819,3,5,1,15,5.0,,,,,,25.0,,,,,,,,COMPLETE
697,697,0.906228389678118,2025-01-08 15:53:37.746836,2025-01-08 15:53:46.015894,0 days 00:00:08.269058,2,5,1,15,5.0,,,,,,,,,,,,,,COMPLETE
698,698,0.0,2025-01-08 15:53:46.021038,2025-01-08 15:54:13.969644,0 days 00:00:27.948606,9,5,1,15,5.0,,,,,,50.0,25.0,45.0,5.0,20.0,30.0,50.0,,COMPLETE
699,699,0.906228389678118,2025-01-08 15:54:13.970877,2025-01-08 15:54:22.119342,0 days 00:00:08.148465,2,5,1,15,5.0,,,,,,,,,,,,,,COMPLETE
700,700,0.8286347874234508,2025-01-08 15:54:22.120115,2025-01-08 15:54:28.541628,0 days 00:00:06.421513,1,5,1,15,,,,,,,,,,,,,,,COMPLETE
701,701,0.8819378157413991,2025-01-08 15:54:28.546312,2025-01-08 15:54:40.445659,0 days 00:00:11.899347,4,5,1,15,5.0,,,,,,5.0,35.0,,,,,,,COMPLETE
702,702,0.906228389678118,2025-01-08 15:54:40.449557,2025-01-08 15:54:48.592261,0 days 00:00:08.142704,2,5,1,15,5.0,,,,,,,,,,,,,,COMPLETE
703,703,0.906228389678118,2025-01-08 15:54:48.596569,2025-01-08 15:54:56.871047,0 days 00:00:08.274478,2,5,1,15,5.0,,,,,,,,,,,,,,COMPLETE
704,704,0.906228389678118,2025-01-08 15:54:56.875350,2025-01-08 15:55:05.021091,0 days 00:00:08.145741,2,5,1,15,5.0,,,,,,,,,,,,,,COMPLETE
705,705,0.5670176793753011,2025-01-08 15:55:05.025348,2025-01-08 15:55:27.092680,0 days 00:00:22.067332,7,5,1,20,5.0,,,,,,40.0,35.0,30.0,15.0,5.0,,,,COMPLETE
706,706,0.9037342682471663,2025-01-08 15:55:27.093635,2025-01-08 15:55:35.087598,0 days 00:00:07.993963,2,5,1,15,10.0,,,,,,,,,,,,,,COMPLETE
707,707,0.906228389678118,2025-01-08 15:55:35.088747,2025-01-08 15:55:43.232867,0 days 00:00:08.144120,2,5,1,15,5.0,,,,,,,,,,,,,,COMPLETE
708,708,0.8840204226827042,2025-01-08 15:55:43.237121,2025-01-08 15:55:49.092472,0 days 00:00:05.855351,1,5,1,10,,,,,,,,,,,,,,,COMPLETE
709,709,0.8903676581587819,2025-01-08 15:55:49.093324,2025-01-08 15:55:59.185619,0 days 00:00:10.092295,3,5,1,15,5.0,,,,,,30.0,,,,,,,,COMPLETE
710,710,0.906228389678118,2025-01-08 15:55:59.188120,2025-01-08 15:56:07.329590,0 days 00:00:08.141470,2,5,1,15,5.0,,,,,,,,,,,,,,COMPLETE
711,711,0.8805336460722746,2025-01-08 15:56:07.333803,2025-01-08 15:56:17.510875,0 days 00:00:10.177072,3,5,1,15,10.0,,,,,,35.0,,,,,,,,COMPLETE
712,712,0.906228389678118,2025-01-08 15:56:17.512267,2025-01-08 15:56:25.657491,0 days 00:00:08.145224,2,5,1,15,5.0,,,,,,,,,,,,,,COMPLETE
713,713,0.906228389678118,2025-01-08 15:56:25.661711,2025-01-08 15:56:33.810524,0 days 00:00:08.148813,2,5,1,15,5.0,,,,,,,,,,,,,,COMPLETE
714,714,0.8460590879462035,2025-01-08 15:56:33.814938,2025-01-08 15:56:40.374331,0 days 00:00:06.559393,1,5,1,20,,,,,,,,,,,,,,,COMPLETE
715,715,0.906228389678118,2025-01-08 15:56:40.381001,2025-01-08 15:56:48.526801,0 days 00:00:08.145800,2,5,1,15,5.0,,,,,,,,,,,,,,COMPLETE
716,716,0.8797476241642466,2025-01-08 15:56:48.531010,2025-01-08 15:56:58.085019,0 days 00:00:09.554009,3,5,1,15,5.0,,,,,,10.0,,,,,,,,COMPLETE
717,717,0.8730853230070528,2025-01-08 15:56:58.089290,2025-01-08 15:57:05.718149,0 days 00:00:07.628859,2,5,1,10,5.0,,,,,,,,,,,,,,COMPLETE
718,718,0.906228389678118,2025-01-08 15:57:05.721022,2025-01-08 15:57:13.992521,0 days 00:00:08.271499,2,5,1,15,5.0,,,,,,,,,,,,,,COMPLETE
719,719,0.906228389678118,2025-01-08 15:57:13.997683,2025-01-08 15:57:22.146309,0 days 00:00:08.148626,2,5,1,15,5.0,,,,,,,,,,,,,,COMPLETE
720,720,0.8286347874234508,2025-01-08 15:57:22.150773,2025-01-08 15:57:28.574642,0 days 00:00:06.423869,1,5,1,15,,,,,,,,,,,,,,,COMPLETE
721,721,0.906228389678118,2025-01-08 15:57:28.579521,2025-01-08 15:57:36.721357,0 days 00:00:08.141836,2,5,1,15,5.0,,,,,,,,,,,,,,COMPLETE
722,722,0.906228389678118,2025-01-08 15:57:36.725534,2025-01-08 15:57:44.869051,0 days 00:00:08.143517,2,5,1,15,5.0,,,,,,,,,,,,,,COMPLETE
723,723,0.8753402190867496,2025-01-08 15:57:44.873187,2025-01-08 15:57:55.075991,0 days 00:00:10.202804,3,5,1,15,10.0,,,,,,20.0,,,,,,,,COMPLETE
724,724,0.8286347874234508,2025-01-08 15:57:55.079620,2025-01-08 15:58:01.503111,0 days 00:00:06.423491,1,5,1,15,,,,,,,,,,,,,,,COMPLETE
725,725,0.906228389678118,2025-01-08 15:58:01.507782,2025-01-08 15:58:09.650166,0 days 00:00:08.142384,2,5,1,15,5.0,,,,,,,,,,,,,,COMPLETE
726,726,0.8730853230070528,2025-01-08 15:58:09.654336,2025-01-08 15:58:17.283498,0 days 00:00:07.629162,2,5,1,10,5.0,,,,,,,,,,,,,,COMPLETE
727,727,0.8827899479956692,2025-01-08 15:58:17.286645,2025-01-08 15:58:27.677344,0 days 00:00:10.390699,3,5,1,15,5.0,,,,,,45.0,,,,,,,,COMPLETE
728,728,0.8975044631389107,2025-01-08 15:58:27.681848,2025-01-08 15:58:41.109938,0 days 00:00:13.428090,2,5,5,15,5.0,,,,,,,,,,,,,,COMPLETE
729,729,0.8199279313986045,2025-01-08 15:58:41.114135,2025-01-08 15:58:49.758689,0 days 00:00:08.644554,2,5,1,20,5.0,,,,,,,,,,,,,,COMPLETE
730,730,0.8286347874234508,2025-01-08 15:58:49.764802,2025-01-08 15:58:56.189399,0 days 00:00:06.424597,1,5,1,15,,,,,,,,,,,,,,,COMPLETE
731,731,0.906228389678118,2025-01-08 15:58:56.193918,2025-01-08 15:59:04.337774,0 days 00:00:08.143856,2,5,1,15,5.0,,,,,,,,,,,,,,COMPLETE
732,732,0.8840389398270165,2025-01-08 15:59:04.342176,2025-01-08 15:59:15.541509,0 days 00:00:11.199333,2,5,1,45,5.0,,,,,,,,,,,,,,COMPLETE
733,733,0.906228389678118,2025-01-08 15:59:15.543064,2025-01-08 15:59:23.687272,0 days 00:00:08.144208,2,5,1,15,5.0,,,,,,,,,,,,,,COMPLETE
734,734,0.0,2025-01-08 15:59:23.691532,2025-01-08 15:59:50.577900,0 days 00:00:26.886368,15,5,1,15,40.0,45.0,20.0,35.0,5.0,50.0,15.0,45.0,20.0,20.0,15.0,40.0,30.0,15.0,COMPLETE
735,735,0.8286347874234508,2025-01-08 15:59:50.579301,2025-01-08 15:59:57.012668,0 days 00:00:06.433367,1,5,1,15,,,,,,,,,,,,,,,COMPLETE
736,736,0.8799938365832924,2025-01-08 15:59:57.013443,2025-01-08 16:00:07.249781,0 days 00:00:10.236338,3,5,1,15,5.0,,,,,,50.0,,,,,,,,COMPLETE
737,737,0.8807227739597101,2025-01-08 16:00:07.251987,2025-01-08 16:00:14.836000,0 days 00:00:07.584013,2,5,1,10,10.0,,,,,,,,,,,,,,COMPLETE
738,738,0.8754249240534114,2025-01-08 16:00:14.838733,2025-01-08 16:00:24.642596,0 days 00:00:09.803863,3,3,1,15,5.0,,,,,,25.0,,,,,,,,COMPLETE
739,739,0.906228389678118,2025-01-08 16:00:24.647040,2025-01-08 16:00:32.916372,0 days 00:00:08.269332,2,5,1,15,5.0,,,,,,,,,,,,,,COMPLETE
740,740,0.8607828551138856,2025-01-08 16:00:32.920724,2025-01-08 16:00:46.819564,0 days 00:00:13.898840,5,5,1,15,5.0,,,,,,5.0,20.0,25.0,,,,,,COMPLETE
741,741,0.8460590879462035,2025-01-08 16:00:46.821759,2025-01-08 16:00:53.379984,0 days 00:00:06.558225,1,5,1,20,,,,,,,,,,,,,,,COMPLETE
742,742,0.906228389678118,2025-01-08 16:00:53.386744,2025-01-08 16:01:01.530930,0 days 00:00:08.144186,2,5,1,15,5.0,,,,,,,,,,,,,,COMPLETE
743,743,0.906228389678118,2025-01-08 16:01:01.535193,2025-01-08 16:01:09.678430,0 days 00:00:08.143237,2,5,1,15,5.0,,,,,,,,,,,,,,COMPLETE
744,744,0.906228389678118,2025-01-08 16:01:09.682644,2025-01-08 16:01:17.824568,0 days 00:00:08.141924,2,5,1,15,5.0,,,,,,,,,,,,,,COMPLETE
745,745,0.8722306203727903,2025-01-08 16:01:17.828801,2025-01-08 16:01:28.113835,0 days 00:00:10.285034,3,5,1,15,5.0,,,,,,40.0,,,,,,,,COMPLETE
746,746,0.906228389678118,2025-01-08 16:01:28.118364,2025-01-08 16:01:36.265886,0 days 00:00:08.147522,2,5,1,15,5.0,,,,,,,,,,,,,,COMPLETE
747,747,0.8286347874234508,2025-01-08 16:01:36.270407,2025-01-08 16:01:42.694864,0 days 00:00:06.424457,1,5,1,15,,,,,,,,,,,,,,,COMPLETE
748,748,0.8199279313986045,2025-01-08 16:01:42.700131,2025-01-08 16:01:51.350481,0 days 00:00:08.650350,2,5,1,20,5.0,,,,,,,,,,,,,,COMPLETE
749,749,0.8787239790214886,2025-01-08 16:01:51.352280,2025-01-08 16:01:58.928960,0 days 00:00:07.576680,2,7,1,10,5.0,,,,,,,,,,,,,,COMPLETE
750,750,0.8958223247763052,2025-01-08 16:01:58.931847,2025-01-08 16:02:08.768788,0 days 00:00:09.836941,2,5,1,30,5.0,,,,,,,,,,,,,,COMPLETE
751,751,0.8805336460722746,2025-01-08 16:02:08.770077,2025-01-08 16:02:18.948236,0 days 00:00:10.178159,3,5,1,15,10.0,,,,,,35.0,,,,,,,,COMPLETE
752,752,0.906228389678118,2025-01-08 16:02:18.950323,2025-01-08 16:02:27.098239,0 days 00:00:08.147916,2,5,1,15,5.0,,,,,,,,,,,,,,COMPLETE
753,753,0.8286347874234508,2025-01-08 16:02:27.102730,2025-01-08 16:02:33.526583,0 days 00:00:06.423853,1,5,1,15,,,,,,,,,,,,,,,COMPLETE
754,754,0.0,2025-01-08 16:02:33.531440,2025-01-08 16:02:57.246335,0 days 00:00:23.714895,13,5,1,15,5.0,35.0,10.0,5.0,,,20.0,5.0,10.0,25.0,10.0,15.0,25.0,40.0,COMPLETE
755,755,0.906228389678118,2025-01-08 16:02:57.247492,2025-01-08 16:03:05.395624,0 days 00:00:08.148132,2,5,1,15,5.0,,,,,,,,,,,,,,COMPLETE
756,756,0.906228389678118,2025-01-08 16:03:05.396305,2025-01-08 16:03:13.544060,0 days 00:00:08.147755,2,5,1,15,5.0,,,,,,,,,,,,,,COMPLETE
757,757,0.8887113792005097,2025-01-08 16:03:13.548281,2025-01-08 16:03:24.712880,0 days 00:00:11.164599,3,5,1,15,15.0,,,,,,45.0,,,,,,,,COMPLETE
758,758,0.906228389678118,2025-01-08 16:03:24.714951,2025-01-08 16:03:32.861074,0 days 00:00:08.146123,2,5,1,15,5.0,,,,,,,,,,,,,,COMPLETE
759,759,0.906228389678118,2025-01-08 16:03:32.862871,2025-01-08 16:03:41.007476,0 days 00:00:08.144605,2,5,1,15,5.0,,,,,,,,,,,,,,COMPLETE
760,760,0.8961349595286057,2025-01-08 16:03:41.011719,2025-01-08 16:03:50.852024,0 days 00:00:09.840305,1,5,1,50,,,,,,,,,,,,,,,COMPLETE
761,761,0.8730853230070528,2025-01-08 16:03:50.853557,2025-01-08 16:03:58.483962,0 days 00:00:07.630405,2,5,1,10,5.0,,,,,,,,,,,,,,COMPLETE
762,762,0.8199279313986045,2025-01-08 16:03:58.486833,2025-01-08 16:04:07.007276,0 days 00:00:08.520443,2,5,1,20,5.0,,,,,,,,,,,,,,COMPLETE
763,763,0.906228389678118,2025-01-08 16:04:07.013241,2025-01-08 16:04:15.161883,0 days 00:00:08.148642,2,5,1,15,5.0,,,,,,,,,,,,,,COMPLETE
764,764,0.895094210156343,2025-01-08 16:04:15.166105,2025-01-08 16:04:23.625280,0 days 00:00:08.459175,2,5,1,15,25.0,,,,,,,,,,,,,,COMPLETE
765,765,0.8744136989607373,2025-01-08 16:04:23.626796,2025-01-08 16:04:33.717168,0 days 00:00:10.090372,3,5,1,15,10.0,,,,,,15.0,,,,,,,,COMPLETE
766,766,0.8286347874234508,2025-01-08 16:04:33.720976,2025-01-08 16:04:40.145477,0 days 00:00:06.424501,1,5,1,15,,,,,,,,,,,,,,,COMPLETE
767,767,0.906228389678118,2025-01-08 16:04:40.150676,2025-01-08 16:04:48.294084,0 days 00:00:08.143408,2,5,1,15,5.0,,,,,,,,,,,,,,COMPLETE
768,768,0.8789254651517314,2025-01-08 16:04:48.298292,2025-01-08 16:04:56.689447,0 days 00:00:08.391155,2,5,1,15,20.0,,,,,,,,,,,,,,COMPLETE
769,769,0.8286347874234508,2025-01-08 16:04:56.694185,2025-01-08 16:05:03.120424,0 days 00:00:06.426239,1,5,1,15,,,,,,,,,,,,,,,COMPLETE
770,770,0.8823448041030879,2025-01-08 16:05:03.125326,2025-01-08 16:05:12.161729,0 days 00:00:09.036403,3,5,1,5,5.0,,,,,,30.0,,,,,,,,COMPLETE
771,771,0.8552139231855492,2025-01-08 16:05:12.163498,2025-01-08 16:05:23.992152,0 days 00:00:11.828654,4,5,1,10,5.0,,,,,,35.0,15.0,,,,,,,COMPLETE
772,772,0.906228389678118,2025-01-08 16:05:23.993866,2025-01-08 16:05:32.138247,0 days 00:00:08.144381,2,5,1,15,5.0,,,,,,,,,,,,,,COMPLETE
773,773,0.906228389678118,2025-01-08 16:05:32.142479,2025-01-08 16:05:40.285916,0 days 00:00:08.143437,2,5,1,15,5.0,,,,,,,,,,,,,,COMPLETE
774,774,0.8199279313986045,2025-01-08 16:05:40.290117,2025-01-08 16:05:48.811396,0 days 00:00:08.521279,2,5,1,20,5.0,,,,,,,,,,,,,,COMPLETE
775,775,0.8797476241642466,2025-01-08 16:05:48.817373,2025-01-08 16:05:58.373536,0 days 00:00:09.556163,3,5,1,15,5.0,,,,,,10.0,,,,,,,,COMPLETE
776,776,0.9037342682471663,2025-01-08 16:05:58.377751,2025-01-08 16:06:06.368657,0 days 00:00:07.990906,2,5,1,15,10.0,,,,,,,,,,,,,,COMPLETE
777,777,0.8286347874234508,2025-01-08 16:06:06.372925,2025-01-08 16:06:12.798278,0 days 00:00:06.425353,1,5,1,15,,,,,,,,,,,,,,,COMPLETE
778,778,0.9049990518656001,2025-01-08 16:06:12.803071,2025-01-08 16:06:20.579118,0 days 00:00:07.776047,2,3,1,15,5.0,,,,,,,,,,,,,,COMPLETE
779,779,0.8853818715946773,2025-01-08 16:06:20.583290,2025-01-08 16:06:37.268419,0 days 00:00:16.685129,3,5,3,25,45.0,,,,,,5.0,,,,,,,,COMPLETE
780,780,0.906228389678118,2025-01-08 16:06:37.270084,2025-01-08 16:06:45.417654,0 days 00:00:08.147570,2,5,1,15,5.0,,,,,,,,,,,,,,COMPLETE
781,781,0.906228389678118,2025-01-08 16:06:45.421889,2025-01-08 16:06:53.566376,0 days 00:00:08.144487,2,5,1,15,5.0,,,,,,,,,,,,,,COMPLETE
782,782,0.9037342682471663,2025-01-08 16:06:53.570580,2025-01-08 16:07:01.562471,0 days 00:00:07.991891,2,5,1,15,10.0,,,,,,,,,,,,,,COMPLETE
783,783,0.8691712579207969,2025-01-08 16:07:01.566762,2025-01-08 16:07:08.485483,0 days 00:00:06.918721,1,9,1,20,,,,,,,,,,,,,,,COMPLETE
784,784,0.906228389678118,2025-01-08 16:07:08.492083,2025-01-08 16:07:16.637132,0 days 00:00:08.145049,2,5,1,15,5.0,,,,,,,,,,,,,,COMPLETE
785,785,0.8842226812751248,2025-01-08 16:07:16.641122,2025-01-08 16:07:26.310799,0 days 00:00:09.669677,3,5,1,15,5.0,,,,,,15.0,,,,,,,,COMPLETE
786,786,0.906228389678118,2025-01-08 16:07:26.315325,2025-01-08 16:07:34.462446,0 days 00:00:08.147121,2,5,1,15,5.0,,,,,,,,,,,,,,COMPLETE
787,787,0.89213094937394,2025-01-08 16:07:34.466649,2025-01-08 16:07:45.197693,0 days 00:00:10.731044,2,5,1,35,5.0,,,,,,,,,,,,,,COMPLETE
788,788,0.906228389678118,2025-01-08 16:07:45.198965,2025-01-08 16:07:53.344917,0 days 00:00:08.145952,2,5,1,15,5.0,,,,,,,,,,,,,,COMPLETE
789,789,0.8286347874234508,2025-01-08 16:07:53.349091,2025-01-08 16:07:59.774760,0 days 00:00:06.425669,1,5,1,15,,,,,,,,,,,,,,,COMPLETE
790,790,0.8730853230070528,2025-01-08 16:07:59.779989,2025-01-08 16:08:07.410338,0 days 00:00:07.630349,2,5,1,10,5.0,,,,,,,,,,,,,,COMPLETE
791,791,0.8812935144073937,2025-01-08 16:08:07.413193,2025-01-08 16:08:15.383431,0 days 00:00:07.970238,2,7,1,15,5.0,,,,,,,,,,,,,,COMPLETE
792,792,0.8722306203727903,2025-01-08 16:08:15.387882,2025-01-08 16:08:25.678730,0 days 00:00:10.290848,3,5,1,15,5.0,,,,,,40.0,,,,,,,,COMPLETE
793,793,0.8840204226827042,2025-01-08 16:08:25.680301,2025-01-08 16:08:31.535446,0 days 00:00:05.855145,1,5,1,10,,,,,,,,,,,,,,,COMPLETE
794,794,0.906228389678118,2025-01-08 16:08:31.539016,2025-01-08 16:08:39.682704,0 days 00:00:08.143688,2,5,1,15,5.0,,,,,,,,,,,,,,COMPLETE
795,795,0.906228389678118,2025-01-08 16:08:39.686859,2025-01-08 16:08:47.833099,0 days 00:00:08.146240,2,5,1,15,5.0,,,,,,,,,,,,,,COMPLETE
796,796,0.8199279313986045,2025-01-08 16:08:47.837275,2025-01-08 16:08:56.355619,0 days 00:00:08.518344,2,5,1,20,5.0,,,,,,,,,,,,,,COMPLETE
797,797,0.8971068690345798,2025-01-08 16:08:56.361255,2025-01-08 16:09:05.364476,0 days 00:00:09.003221,2,5,1,15,40.0,,,,,,,,,,,,,,COMPLETE
798,798,0.8782064585129743,2025-01-08 16:09:05.366446,2025-01-08 16:09:15.785985,0 days 00:00:10.419539,3,5,1,15,10.0,,,,,,50.0,,,,,,,,COMPLETE
799,799,0.906228389678118,2025-01-08 16:09:15.787361,2025-01-08 16:09:23.933805,0 days 00:00:08.146444,2,5,1,15,5.0,,,,,,,,,,,,,,COMPLETE
800,800,0.8286347874234508,2025-01-08 16:09:23.938051,2025-01-08 16:09:30.364287,0 days 00:00:06.426236,1,5,1,15,,,,,,,,,,,,,,,COMPLETE
801,801,0.906228389678118,2025-01-08 16:09:30.369119,2025-01-08 16:09:38.513925,0 days 00:00:08.144806,2,5,1,15,5.0,,,,,,,,,,,,,,COMPLETE
802,802,0.8864231680124015,2025-01-08 16:09:38.518122,2025-01-08 16:09:48.590532,0 days 00:00:10.072410,3,5,1,15,5.0,,,,,,20.0,,,,,,,,COMPLETE
803,803,0.7525356922056639,2025-01-08 16:09:48.594902,2025-01-08 16:10:08.760562,0 days 00:00:20.165660,6,5,1,10,35.0,,,,,,45.0,25.0,35.0,15.0,,,,,COMPLETE
804,804,0.8199279313986045,2025-01-08 16:10:08.761467,2025-01-08 16:10:17.282825,0 days 00:00:08.521358,2,5,1,20,5.0,,,,,,,,,,,,,,COMPLETE
805,805,0.8286347874234508,2025-01-08 16:10:17.288617,2025-01-08 16:10:23.715131,0 days 00:00:06.426514,1,5,1,15,,,,,,,,,,,,,,,COMPLETE
806,806,0.906228389678118,2025-01-08 16:10:23.720119,2025-01-08 16:10:31.866481,0 days 00:00:08.146362,2,5,1,15,5.0,,,,,,,,,,,,,,COMPLETE
807,807,0.8973890318494826,2025-01-08 16:10:31.870811,2025-01-08 16:10:48.352380,0 days 00:00:16.481569,3,5,4,15,5.0,,,,,,30.0,,,,,,,,COMPLETE
808,808,0.906228389678118,2025-01-08 16:10:48.357343,2025-01-08 16:10:56.504154,0 days 00:00:08.146811,2,5,1,15,5.0,,,,,,,,,,,,,,COMPLETE
809,809,0.906228389678118,2025-01-08 16:10:56.508430,2025-01-08 16:11:04.655857,0 days 00:00:08.147427,2,5,1,15,5.0,,,,,,,,,,,,,,COMPLETE
810,810,0.8286347874234508,2025-01-08 16:11:04.660144,2025-01-08 16:11:11.085753,0 days 00:00:06.425609,1,5,1,15,,,,,,,,,,,,,,,COMPLETE
811,811,0.906228389678118,2025-01-08 16:11:11.091120,2025-01-08 16:11:19.235162,0 days 00:00:08.144042,2,5,1,15,5.0,,,,,,,,,,,,,,COMPLETE
812,812,0.8610258920918643,2025-01-08 16:11:19.239471,2025-01-08 16:11:30.297522,0 days 00:00:11.058051,2,5,1,40,10.0,,,,,,,,,,,,,,COMPLETE
813,813,0.8574899935638907,2025-01-08 16:11:30.299080,2025-01-08 16:11:46.632294,0 days 00:00:16.333214,5,5,1,15,5.0,,,,,,25.0,40.0,20.0,,,,,,COMPLETE
814,814,0.8722306203727903,2025-01-08 16:11:46.634261,2025-01-08 16:11:56.924736,0 days 00:00:10.290475,3,5,1,15,5.0,,,,,,40.0,,,,,,,,COMPLETE
815,815,0.8730853230070528,2025-01-08 16:11:56.928196,2025-01-08 16:12:04.559886,0 days 00:00:07.631690,2,5,1,10,5.0,,,,,,,,,,,,,,COMPLETE
816,816,0.0,2025-01-08 16:12:04.562857,2025-01-08 16:12:25.730713,0 days 00:00:21.167856,10,5,1,20,5.0,,,,,,25.0,30.0,40.0,45.0,25.0,10.0,35.0,50.0,COMPLETE
817,817,0.8286347874234508,2025-01-08 16:12:25.732039,2025-01-08 16:12:32.163698,0 days 00:00:06.431659,1,5,1,15,,,,,,,,,,,,,,,COMPLETE
818,818,0.906228389678118,2025-01-08 16:12:32.168701,2025-01-08 16:12:40.315842,0 days 00:00:08.147141,2,5,1,15,5.0,,,,,,,,,,,,,,COMPLETE
819,819,0.906228389678118,2025-01-08 16:12:40.319050,2025-01-08 16:12:48.466953,0 days 00:00:08.147903,2,5,1,15,5.0,,,,,,,,,,,,,,COMPLETE
820,820,0.8799938365832924,2025-01-08 16:12:48.470972,2025-01-08 16:12:58.711739,0 days 00:00:10.240767,3,5,1,15,5.0,,,,,,50.0,,,,,,,,COMPLETE
821,821,0.8975044631389107,2025-01-08 16:12:58.712968,2025-01-08 16:13:12.275493,0 days 00:00:13.562525,2,5,5,15,5.0,,,,,,,,,,,,,,COMPLETE
822,822,0.906228389678118,2025-01-08 16:13:12.280078,2025-01-08 16:13:20.428794,0 days 00:00:08.148716,2,5,1,15,5.0,,,,,,,,,,,,,,COMPLETE
823,823,0.8286347874234508,2025-01-08 16:13:20.433018,2025-01-08 16:13:26.859237,0 days 00:00:06.426219,1,5,1,15,,,,,,,,,,,,,,,COMPLETE
824,824,0.8739179845934486,2025-01-08 16:13:26.864075,2025-01-08 16:13:41.010812,0 days 00:00:14.146737,3,5,3,15,30.0,,,,,,15.0,,,,,,,,COMPLETE
825,825,0.8939681270552888,2025-01-08 16:13:41.012317,2025-01-08 16:13:48.486002,0 days 00:00:07.473685,2,1,1,10,5.0,,,,,,,,,,,,,,COMPLETE
826,826,0.906228389678118,2025-01-08 16:13:48.488894,2025-01-08 16:13:56.635629,0 days 00:00:08.146735,2,5,1,15,5.0,,,,,,,,,,,,,,COMPLETE
827,827,0.9037342682471663,2025-01-08 16:13:56.639865,2025-01-08 16:14:04.635798,0 days 00:00:07.995933,2,5,1,15,10.0,,,,,,,,,,,,,,COMPLETE
828,828,0.895204768524386,2025-01-08 16:14:04.640339,2025-01-08 16:14:13.846820,0 days 00:00:09.206481,1,5,1,45,,,,,,,,,,,,,,,COMPLETE
829,829,0.8199279313986045,2025-01-08 16:14:13.848382,2025-01-08 16:14:22.367841,0 days 00:00:08.519459,2,5,1,20,5.0,,,,,,,,,,,,,,COMPLETE
830,830,0.906228389678118,2025-01-08 16:14:22.373491,2025-01-08 16:14:30.520086,0 days 00:00:08.146595,2,5,1,15,5.0,,,,,,,,,,,,,,COMPLETE
831,831,0.8855501052881594,2025-01-08 16:14:30.524331,2025-01-08 16:14:40.853366,0 days 00:00:10.329035,3,5,1,15,5.0,,,,,,35.0,,,,,,,,COMPLETE
832,832,0.0,2025-01-08 16:14:40.857852,2025-01-08 16:14:59.517320,0 days 00:00:18.659468,14,5,1,15,10.0,20.0,40.0,35.0,35.0,,10.0,10.0,5.0,40.0,30.0,20.0,50.0,30.0,COMPLETE
833,833,0.906228389678118,2025-01-08 16:14:59.518553,2025-01-08 16:15:07.671355,0 days 00:00:08.152802,2,5,1,15,5.0,,,,,,,,,,,,,,COMPLETE
834,834,0.906228389678118,2025-01-08 16:15:07.672108,2025-01-08 16:15:15.819171,0 days 00:00:08.147063,2,5,1,15,5.0,,,,,,,,,,,,,,COMPLETE
835,835,0.906228389678118,2025-01-08 16:15:15.823319,2025-01-08 16:15:23.969656,0 days 00:00:08.146337,2,5,1,15,5.0,,,,,,,,,,,,,,COMPLETE
836,836,0.8840204226827042,2025-01-08 16:15:23.973737,2025-01-08 16:15:29.827680,0 days 00:00:05.853943,1,5,1,10,,,,,,,,,,,,,,,COMPLETE
837,837,0.8751714075764143,2025-01-08 16:15:29.831089,2025-01-08 16:15:40.752952,0 days 00:00:10.921863,3,5,1,20,5.0,,,,,,45.0,,,,,,,,COMPLETE
838,838,0.906228389678118,2025-01-08 16:15:40.754611,2025-01-08 16:15:48.908212,0 days 00:00:08.153601,2,5,1,15,5.0,,,,,,,,,,,,,,COMPLETE
839,839,0.906228389678118,2025-01-08 16:15:48.912858,2025-01-08 16:15:57.060550,0 days 00:00:08.147692,2,5,1,15,5.0,,,,,,,,,,,,,,COMPLETE
840,840,0.8286347874234508,2025-01-08 16:15:57.064670,2025-01-08 16:16:03.490174,0 days 00:00:06.425504,1,5,1,15,,,,,,,,,,,,,,,COMPLETE
841,841,0.906228389678118,2025-01-08 16:16:03.494731,2025-01-08 16:16:11.770982,0 days 00:00:08.276251,2,5,1,15,5.0,,,,,,,,,,,,,,COMPLETE
842,842,0.0,2025-01-08 16:16:11.775218,2025-01-08 16:16:46.154224,0 days 00:00:34.379006,9,5,1,15,5.0,,,,,,30.0,45.0,45.0,50.0,50.0,50.0,5.0,,COMPLETE
843,843,0.8905352588629392,2025-01-08 16:16:46.155255,2025-01-08 16:16:56.900654,0 days 00:00:10.745399,3,5,1,15,20.0,,,,,,20.0,,,,,,,,COMPLETE
844,844,0.906228389678118,2025-01-08 16:16:56.902411,2025-01-08 16:17:05.049303,0 days 00:00:08.146892,2,5,1,15,5.0,,,,,,,,,,,,,,COMPLETE
845,845,0.906228389678118,2025-01-08 16:17:05.053682,2025-01-08 16:17:13.200343,0 days 00:00:08.146661,2,5,1,15,5.0,,,,,,,,,,,,,,COMPLETE
846,846,0.906228389678118,2025-01-08 16:17:13.204347,2025-01-08 16:17:21.354857,0 days 00:00:08.150510,2,5,1,15,5.0,,,,,,,,,,,,,,COMPLETE
847,847,0.8286347874234508,2025-01-08 16:17:21.359432,2025-01-08 16:17:27.784486,0 days 00:00:06.425054,1,5,1,15,,,,,,,,,,,,,,,COMPLETE
848,848,0.880897419680106,2025-01-08 16:17:27.790134,2025-01-08 16:17:36.622712,0 days 00:00:08.832578,2,5,1,20,10.0,,,,,,,,,,,,,,COMPLETE
849,849,0.8835614424543738,2025-01-08 16:17:36.628588,2025-01-08 16:17:46.845817,0 days 00:00:10.217229,3,5,1,15,5.0,,,,,,5.0,,,,,,,,COMPLETE
850,850,0.906228389678118,2025-01-08 16:17:46.850139,2025-01-08 16:17:54.996871,0 days 00:00:08.146732,2,5,1,15,5.0,,,,,,,,,,,,,,COMPLETE
851,851,0.906228389678118,2025-01-08 16:17:55.001116,2025-01-08 16:18:03.275200,0 days 00:00:08.274084,2,5,1,15,5.0,,,,,,,,,,,,,,COMPLETE
852,852,0.8840204226827042,2025-01-08 16:18:03.279552,2025-01-08 16:18:09.134757,0 days 00:00:05.855205,1,5,1,10,,,,,,,,,,,,,,,COMPLETE
853,853,0.906228389678118,2025-01-08 16:18:09.138378,2025-01-08 16:18:17.288829,0 days 00:00:08.150451,2,5,1,15,5.0,,,,,,,,,,,,,,COMPLETE
854,854,0.906228389678118,2025-01-08 16:18:17.293440,2025-01-08 16:18:25.441544,0 days 00:00:08.148104,2,5,1,15,5.0,,,,,,,,,,,,,,COMPLETE
855,855,0.0015148965679001015,2025-01-08 16:18:25.445821,2025-01-08 16:18:54.297384,0 days 00:00:28.851563,8,5,4,15,5.0,,,,,,25.0,15.0,20.0,5.0,40.0,5.0,,,COMPLETE
856,856,0.906228389678118,2025-01-08 16:18:54.299229,2025-01-08 16:19:02.449203,0 days 00:00:08.149974,2,5,1,15,5.0,,,,,,,,,,,,,,COMPLETE
857,857,0.8286347874234508,2025-01-08 16:19:02.451819,2025-01-08 16:19:08.881672,0 days 00:00:06.429853,1,5,1,15,,,,,,,,,,,,,,,COMPLETE
858,858,0.8797476241642466,2025-01-08 16:19:08.886822,2025-01-08 16:19:18.447294,0 days 00:00:09.560472,3,5,1,15,5.0,,,,,,10.0,,,,,,,,COMPLETE
859,859,0.9056020137145947,2025-01-08 16:19:18.451433,2025-01-08 16:19:28.021500,0 days 00:00:09.570067,2,5,1,25,5.0,,,,,,,,,,,,,,COMPLETE
860,860,0.8730853230070528,2025-01-08 16:19:28.029929,2025-01-08 16:19:35.663545,0 days 00:00:07.633616,2,5,1,10,5.0,,,,,,,,,,,,,,COMPLETE
861,861,0.8830484583692491,2025-01-08 16:19:35.666478,2025-01-08 16:19:46.895251,0 days 00:00:11.228773,3,5,1,20,10.0,,,,,,40.0,,,,,,,,COMPLETE
862,862,0.7088279557022514,2025-01-08 16:19:46.896720,2025-01-08 16:20:13.907573,0 days 00:00:27.010853,7,5,1,15,5.0,,,,,,50.0,50.0,50.0,30.0,45.0,,,,COMPLETE
863,863,0.8005180801530991,2025-01-08 16:20:13.908501,2025-01-08 16:20:21.117322,0 days 00:00:07.208821,2,5,1,5,5.0,,,,,,,,,,,,,,COMPLETE
864,864,0.906228389678118,2025-01-08 16:20:21.118991,2025-01-08 16:20:29.270005,0 days 00:00:08.151014,2,5,1,15,5.0,,,,,,,,,,,,,,COMPLETE
865,865,0.906228389678118,2025-01-08 16:20:29.270812,2025-01-08 16:20:37.418468,0 days 00:00:08.147656,2,5,1,15,5.0,,,,,,,,,,,,,,COMPLETE
866,866,0.8286347874234508,2025-01-08 16:20:37.422569,2025-01-08 16:20:43.853812,0 days 00:00:06.431243,1,5,1,15,,,,,,,,,,,,,,,COMPLETE
867,867,0.8958223247763052,2025-01-08 16:20:43.859095,2025-01-08 16:20:53.699740,0 days 00:00:09.840645,2,5,1,30,5.0,,,,,,,,,,,,,,COMPLETE
868,868,0.8960912236111593,2025-01-08 16:20:53.703425,2025-01-08 16:21:03.959213,0 days 00:00:10.255788,3,1,1,15,5.0,,,,,,35.0,,,,,,,,COMPLETE
869,869,0.8830993804039626,2025-01-08 16:21:03.960817,2025-01-08 16:21:12.219620,0 days 00:00:08.258803,1,5,1,35,,,,,,,,,,,,,,,COMPLETE
870,870,0.906228389678118,2025-01-08 16:21:12.221031,2025-01-08 16:21:20.494248,0 days 00:00:08.273217,2,5,1,15,5.0,,,,,,,,,,,,,,COMPLETE
871,871,0.8818577732382629,2025-01-08 16:21:20.498583,2025-01-08 16:21:33.490549,0 days 00:00:12.991966,2,5,3,15,50.0,,,,,,,,,,,,,,COMPLETE
872,872,0.906228389678118,2025-01-08 16:21:33.491960,2025-01-08 16:21:41.647052,0 days 00:00:08.155092,2,5,1,15,5.0,,,,,,,,,,,,,,COMPLETE
873,873,0.906228389678118,2025-01-08 16:21:41.651689,2025-01-08 16:21:49.800106,0 days 00:00:08.148417,2,5,1,15,5.0,,,,,,,,,,,,,,COMPLETE
874,874,0.8756833723831838,2025-01-08 16:21:49.804104,2025-01-08 16:22:00.517439,0 days 00:00:10.713335,3,9,1,20,10.0,,,,,,15.0,,,,,,,,COMPLETE
875,875,0.906228389678118,2025-01-08 16:22:00.521792,2025-01-08 16:22:08.670564,0 days 00:00:08.148772,2,5,1,15,5.0,,,,,,,,,,,,,,COMPLETE
876,876,0.8840204226827042,2025-01-08 16:22:08.674819,2025-01-08 16:22:14.530662,0 days 00:00:05.855843,1,5,1,10,,,,,,,,,,,,,,,COMPLETE
877,877,0.906228389678118,2025-01-08 16:22:14.534191,2025-01-08 16:22:22.682703,0 days 00:00:08.148512,2,5,1,15,5.0,,,,,,,,,,,,,,COMPLETE
878,878,0.906228389678118,2025-01-08 16:22:22.686924,2025-01-08 16:22:30.839597,0 days 00:00:08.152673,2,5,1,15,5.0,,,,,,,,,,,,,,COMPLETE
879,879,0.8827899479956692,2025-01-08 16:22:30.844241,2025-01-08 16:22:41.244551,0 days 00:00:10.400310,3,5,1,15,5.0,,,,,,45.0,,,,,,,,COMPLETE
880,880,0.8460590879462035,2025-01-08 16:22:41.248349,2025-01-08 16:22:47.937191,0 days 00:00:06.688842,1,5,1,20,,,,,,,,,,,,,,,COMPLETE
881,881,0.906228389678118,2025-01-08 16:22:47.943897,2025-01-08 16:22:56.093455,0 days 00:00:08.149558,2,5,1,15,5.0,,,,,,,,,,,,,,COMPLETE
882,882,0.906228389678118,2025-01-08 16:22:56.097694,2025-01-08 16:23:04.247466,0 days 00:00:08.149772,2,5,1,15,5.0,,,,,,,,,,,,,,COMPLETE
883,883,0.0,2025-01-08 16:23:04.251698,2025-01-08 16:23:28.377453,0 days 00:00:24.125755,13,5,1,15,5.0,45.0,30.0,15.0,,,20.0,35.0,30.0,45.0,35.0,25.0,20.0,25.0,COMPLETE
884,884,0.906228389678118,2025-01-08 16:23:28.378626,2025-01-08 16:23:36.534294,0 days 00:00:08.155668,2,5,1,15,5.0,,,,,,,,,,,,,,COMPLETE
885,885,0.8835614424543738,2025-01-08 16:23:36.535166,2025-01-08 16:23:46.755594,0 days 00:00:10.220428,3,5,1,15,5.0,,,,,,5.0,,,,,,,,COMPLETE
886,886,0.9037342682471663,2025-01-08 16:23:46.759630,2025-01-08 16:23:54.756959,0 days 00:00:07.997329,2,5,1,15,10.0,,,,,,,,,,,,,,COMPLETE
887,887,0.8730853230070528,2025-01-08 16:23:54.761012,2025-01-08 16:24:02.396730,0 days 00:00:07.635718,2,5,1,10,5.0,,,,,,,,,,,,,,COMPLETE
888,888,0.8286347874234508,2025-01-08 16:24:02.399632,2025-01-08 16:24:08.832052,0 days 00:00:06.432420,1,5,1,15,,,,,,,,,,,,,,,COMPLETE
889,889,0.906228389678118,2025-01-08 16:24:08.837056,2025-01-08 16:24:16.991107,0 days 00:00:08.154051,2,5,1,15,5.0,,,,,,,,,,,,,,COMPLETE
890,890,0.906228389678118,2025-01-08 16:24:16.995417,2025-01-08 16:24:25.144718,0 days 00:00:08.149301,2,5,1,15,5.0,,,,,,,,,,,,,,COMPLETE
891,891,0.906228389678118,2025-01-08 16:24:25.148962,2025-01-08 16:24:33.299214,0 days 00:00:08.150252,2,5,1,15,5.0,,,,,,,,,,,,,,COMPLETE
892,892,0.8784963617873487,2025-01-08 16:24:33.303495,2025-01-08 16:24:43.826331,0 days 00:00:10.522836,3,5,1,20,5.0,,,,,,30.0,,,,,,,,COMPLETE
893,893,0.8286347874234508,2025-01-08 16:24:43.828686,2025-01-08 16:24:50.259754,0 days 00:00:06.431068,1,5,1,15,,,,,,,,,,,,,,,COMPLETE
894,894,0.8730853230070528,2025-01-08 16:24:50.265059,2025-01-08 16:24:57.903482,0 days 00:00:07.638423,2,5,1,10,5.0,,,,,,,,,,,,,,COMPLETE
895,895,0.8226734397597677,2025-01-08 16:24:57.906733,2025-01-08 16:25:08.618123,0 days 00:00:10.711390,3,5,1,15,10.0,,,,,,10.0,,,,,,,,COMPLETE
896,896,0.8840962267154634,2025-01-08 16:25:08.622609,2025-01-08 16:25:17.226172,0 days 00:00:08.603563,2,5,1,15,30.0,,,,,,,,,,,,,,COMPLETE
897,897,0.906228389678118,2025-01-08 16:25:17.230901,2025-01-08 16:25:25.382743,0 days 00:00:08.151842,2,5,1,15,5.0,,,,,,,,,,,,,,COMPLETE
898,898,0.8286347874234508,2025-01-08 16:25:25.387008,2025-01-08 16:25:31.815468,0 days 00:00:06.428460,1,5,1,15,,,,,,,,,,,,,,,COMPLETE
899,899,0.906228389678118,2025-01-08 16:25:31.820278,2025-01-08 16:25:39.970345,0 days 00:00:08.150067,2,5,1,15,5.0,,,,,,,,,,,,,,COMPLETE
900,900,0.906228389678118,2025-01-08 16:25:39.974581,2025-01-08 16:25:48.129672,0 days 00:00:08.155091,2,5,1,15,5.0,,,,,,,,,,,,,,COMPLETE
901,901,0.8751714075764143,2025-01-08 16:25:48.134203,2025-01-08 16:25:59.189426,0 days 00:00:11.055223,3,5,1,20,5.0,,,,,,45.0,,,,,,,,COMPLETE
902,902,0.906228389678118,2025-01-08 16:25:59.195283,2025-01-08 16:26:07.348079,0 days 00:00:08.152796,2,5,1,15,5.0,,,,,,,,,,,,,,COMPLETE
903,903,0.906228389678118,2025-01-08 16:26:07.352347,2025-01-08 16:26:15.503756,0 days 00:00:08.151409,2,5,1,15,5.0,,,,,,,,,,,,,,COMPLETE
904,904,0.8286347874234508,2025-01-08 16:26:15.507971,2025-01-08 16:26:21.939228,0 days 00:00:06.431257,1,5,1,15,,,,,,,,,,,,,,,COMPLETE
905,905,0.8877059700410327,2025-01-08 16:26:21.943836,2025-01-08 16:26:31.798958,0 days 00:00:09.855122,3,5,1,15,5.0,,,,,,25.0,,,,,,,,COMPLETE
906,906,0.8177166782003732,2025-01-08 16:26:31.803359,2025-01-08 16:26:42.744984,0 days 00:00:10.941625,4,5,1,10,5.0,,,,,,30.0,5.0,,,,,,,COMPLETE
907,907,0.9037342682471663,2025-01-08 16:26:42.748562,2025-01-08 16:26:50.745322,0 days 00:00:07.996760,2,5,1,15,10.0,,,,,,,,,,,,,,COMPLETE
908,908,0.906228389678118,2025-01-08 16:26:50.749694,2025-01-08 16:26:58.900335,0 days 00:00:08.150641,2,5,1,15,5.0,,,,,,,,,,,,,,COMPLETE
909,909,0.8876441346177764,2025-01-08 16:26:58.904543,2025-01-08 16:27:09.145519,0 days 00:00:10.240976,2,5,3,15,5.0,,,,,,,,,,,,,,COMPLETE
910,910,0.906228389678118,2025-01-08 16:27:09.149738,2025-01-08 16:27:17.299425,0 days 00:00:08.149687,2,5,1,15,5.0,,,,,,,,,,,,,,COMPLETE
911,911,0.0,2025-01-08 16:27:17.303606,2025-01-08 16:27:39.183732,0 days 00:00:21.880126,12,5,1,15,5.0,15.0,20.0,,,,15.0,25.0,25.0,10.0,10.0,35.0,40.0,5.0,COMPLETE
912,912,0.8286347874234508,2025-01-08 16:27:39.185256,2025-01-08 16:27:45.619216,0 days 00:00:06.433960,1,5,1,15,,,,,,,,,,,,,,,COMPLETE
913,913,0.906228389678118,2025-01-08 16:27:45.619933,2025-01-08 16:27:53.773776,0 days 00:00:08.153843,2,5,1,15,5.0,,,,,,,,,,,,,,COMPLETE
914,914,0.8835614424543738,2025-01-08 16:27:53.777817,2025-01-08 16:28:04.000708,0 days 00:00:10.222891,3,5,1,15,5.0,,,,,,5.0,,,,,,,,COMPLETE
915,915,0.880897419680106,2025-01-08 16:28:04.004847,2025-01-08 16:28:12.847527,0 days 00:00:08.842680,2,5,1,20,10.0,,,,,,,,,,,,,,COMPLETE
916,916,0.8903698421666545,2025-01-08 16:28:12.849271,2025-01-08 16:28:21.738074,0 days 00:00:08.888803,2,5,1,15,35.0,,,,,,,,,,,,,,COMPLETE
917,917,0.906228389678118,2025-01-08 16:28:21.741371,2025-01-08 16:28:29.894382,0 days 00:00:08.153011,2,5,1,15,5.0,,,,,,,,,,,,,,COMPLETE
918,918,0.8565518930234162,2025-01-08 16:28:29.898766,2025-01-08 16:28:35.823400,0 days 00:00:05.924634,1,7,1,10,,,,,,,,,,,,,,,COMPLETE
919,919,0.8811501727979647,2025-01-08 16:28:35.826265,2025-01-08 16:28:47.317706,0 days 00:00:11.491441,3,5,1,15,25.0,,,,,,35.0,,,,,,,,COMPLETE
920,920,0.8975044631389107,2025-01-08 16:28:47.319621,2025-01-08 16:29:00.756829,0 days 00:00:13.437208,2,5,5,15,5.0,,,,,,,,,,,,,,COMPLETE
921,921,0.906228389678118,2025-01-08 16:29:00.761156,2025-01-08 16:29:08.917040,0 days 00:00:08.155884,2,5,1,15,5.0,,,,,,,,,,,,,,COMPLETE
922,922,0.8460590879462035,2025-01-08 16:29:08.921677,2025-01-08 16:29:15.488647,0 days 00:00:06.566970,1,5,1,20,,,,,,,,,,,,,,,COMPLETE
923,923,0.8730853230070528,2025-01-08 16:29:15.495130,2025-01-08 16:29:23.131527,0 days 00:00:07.636397,2,5,1,10,5.0,,,,,,,,,,,,,,COMPLETE
924,924,0.0,2025-01-08 16:29:23.134417,2025-01-08 16:29:52.011853,0 days 00:00:28.877436,10,5,1,15,5.0,,,,,,40.0,40.0,40.0,25.0,35.0,15.0,45.0,35.0,COMPLETE
925,925,0.906228389678118,2025-01-08 16:29:52.012778,2025-01-08 16:30:00.169080,0 days 00:00:08.156302,2,5,1,15,5.0,,,,,,,,,,,,,,COMPLETE
926,926,0.8799938365832924,2025-01-08 16:30:00.173599,2025-01-08 16:30:10.418650,0 days 00:00:10.245051,3,5,1,15,5.0,,,,,,50.0,,,,,,,,COMPLETE
927,927,0.906228389678118,2025-01-08 16:30:10.420767,2025-01-08 16:30:18.573198,0 days 00:00:08.152431,2,5,1,15,5.0,,,,,,,,,,,,,,COMPLETE
928,928,0.8286347874234508,2025-01-08 16:30:18.577320,2025-01-08 16:30:25.134527,0 days 00:00:06.557207,1,5,1,15,,,,,,,,,,,,,,,COMPLETE
929,929,0.906228389678118,2025-01-08 16:30:25.139555,2025-01-08 16:30:33.291343,0 days 00:00:08.151788,2,5,1,15,5.0,,,,,,,,,,,,,,COMPLETE
930,930,0.906228389678118,2025-01-08 16:30:33.295639,2025-01-08 16:30:41.446071,0 days 00:00:08.150432,2,5,1,15,5.0,,,,,,,,,,,,,,COMPLETE
931,931,0.8807227739597101,2025-01-08 16:30:41.450378,2025-01-08 16:30:49.045174,0 days 00:00:07.594796,2,5,1,10,10.0,,,,,,,,,,,,,,COMPLETE
932,932,0.8864231680124015,2025-01-08 16:30:49.048452,2025-01-08 16:30:59.130895,0 days 00:00:10.082443,3,5,1,15,5.0,,,,,,20.0,,,,,,,,COMPLETE
933,933,0.906228389678118,2025-01-08 16:30:59.135332,2025-01-08 16:31:07.286966,0 days 00:00:08.151634,2,5,1,15,5.0,,,,,,,,,,,,,,COMPLETE
934,934,0.906228389678118,2025-01-08 16:31:07.290141,2025-01-08 16:31:15.440498,0 days 00:00:08.150357,2,5,1,15,5.0,,,,,,,,,,,,,,COMPLETE
935,935,0.8286347874234508,2025-01-08 16:31:15.444745,2025-01-08 16:31:21.874561,0 days 00:00:06.429816,1,5,1,15,,,,,,,,,,,,,,,COMPLETE
936,936,0.8199279313986045,2025-01-08 16:31:21.879450,2025-01-08 16:31:30.406051,0 days 00:00:08.526601,2,5,1,20,5.0,,,,,,,,,,,,,,COMPLETE
937,937,0.906228389678118,2025-01-08 16:31:30.409532,2025-01-08 16:31:38.563248,0 days 00:00:08.153716,2,5,1,15,5.0,,,,,,,,,,,,,,COMPLETE
938,938,0.8842226812751248,2025-01-08 16:31:38.567827,2025-01-08 16:31:48.240923,0 days 00:00:09.673096,3,5,1,15,5.0,,,,,,15.0,,,,,,,,COMPLETE
939,939,0.8286347874234508,2025-01-08 16:31:48.245332,2025-01-08 16:31:54.803869,0 days 00:00:06.558537,1,5,1,15,,,,,,,,,,,,,,,COMPLETE
940,940,0.906228389678118,2025-01-08 16:31:54.808750,2025-01-08 16:32:02.960613,0 days 00:00:08.151863,2,5,1,15,5.0,,,,,,,,,,,,,,COMPLETE
941,941,0.8795194856027237,2025-01-08 16:32:02.964870,2025-01-08 16:32:13.894576,0 days 00:00:10.929706,3,5,1,15,20.0,,,,,,35.0,,,,,,,,COMPLETE
942,942,0.9037342682471663,2025-01-08 16:32:13.896043,2025-01-08 16:32:21.894605,0 days 00:00:07.998562,2,5,1,15,10.0,,,,,,,,,,,,,,COMPLETE
943,943,0.906228389678118,2025-01-08 16:32:21.898969,2025-01-08 16:32:30.053147,0 days 00:00:08.154178,2,5,1,15,5.0,,,,,,,,,,,,,,COMPLETE
944,944,0.906228389678118,2025-01-08 16:32:30.057717,2025-01-08 16:32:38.212764,0 days 00:00:08.155047,2,5,1,15,5.0,,,,,,,,,,,,,,COMPLETE
945,945,0.8840204226827042,2025-01-08 16:32:38.217033,2025-01-08 16:32:44.076269,0 days 00:00:05.859236,1,5,1,10,,,,,,,,,,,,,,,COMPLETE
946,946,0.8751714075764143,2025-01-08 16:32:44.079940,2025-01-08 16:32:55.009555,0 days 00:00:10.929615,3,5,1,20,5.0,,,,,,45.0,,,,,,,,COMPLETE
947,947,0.9049990518656001,2025-01-08 16:32:55.010940,2025-01-08 16:33:02.796448,0 days 00:00:07.785508,2,3,1,15,5.0,,,,,,,,,,,,,,COMPLETE
948,948,0.906228389678118,2025-01-08 16:33:02.800713,2025-01-08 16:33:11.078313,0 days 00:00:08.277600,2,5,1,15,5.0,,,,,,,,,,,,,,COMPLETE
949,949,0.906228389678118,2025-01-08 16:33:11.082630,2025-01-08 16:33:19.237237,0 days 00:00:08.154607,2,5,1,15,5.0,,,,,,,,,,,,,,COMPLETE
950,950,0.8286347874234508,2025-01-08 16:33:19.241800,2025-01-08 16:33:25.674108,0 days 00:00:06.432308,1,5,1,15,,,,,,,,,,,,,,,COMPLETE
951,951,0.906228389678118,2025-01-08 16:33:25.678842,2025-01-08 16:33:33.830496,0 days 00:00:08.151654,2,5,1,15,5.0,,,,,,,,,,,,,,COMPLETE
952,952,0.8730853230070528,2025-01-08 16:33:33.834707,2025-01-08 16:33:41.469658,0 days 00:00:07.634951,2,5,1,10,5.0,,,,,,,,,,,,,,COMPLETE
953,953,0.8903676581587819,2025-01-08 16:33:41.472605,2025-01-08 16:33:51.448562,0 days 00:00:09.975957,3,5,1,15,5.0,,,,,,30.0,,,,,,,,COMPLETE
954,954,0.8199279313986045,2025-01-08 16:33:51.452982,2025-01-08 16:33:59.978904,0 days 00:00:08.525922,2,5,1,20,5.0,,,,,,,,,,,,,,COMPLETE
955,955,0.906228389678118,2025-01-08 16:33:59.984606,2025-01-08 16:34:08.139107,0 days 00:00:08.154501,2,5,1,15,5.0,,,,,,,,,,,,,,COMPLETE
956,956,0.906228389678118,2025-01-08 16:34:08.143664,2025-01-08 16:34:16.297886,0 days 00:00:08.154222,2,5,1,15,5.0,,,,,,,,,,,,,,COMPLETE
957,957,0.0,2025-01-08 16:34:16.302155,2025-01-08 16:34:35.344552,0 days 00:00:19.042397,15,5,1,15,10.0,10.0,45.0,30.0,20.0,5.0,25.0,20.0,10.0,35.0,20.0,30.0,15.0,50.0,COMPLETE
958,958,0.8286347874234508,2025-01-08 16:34:35.346079,2025-01-08 16:34:41.777810,0 days 00:00:06.431731,1,5,1,15,,,,,,,,,,,,,,,COMPLETE
959,959,0.8797476241642466,2025-01-08 16:34:41.782607,2025-01-08 16:34:51.348608,0 days 00:00:09.566001,3,5,1,15,5.0,,,,,,10.0,,,,,,,,COMPLETE
960,960,0.7796669265536003,2025-01-08 16:34:51.352732,2025-01-08 16:35:03.004059,0 days 00:00:11.651327,2,5,4,15,5.0,,,,,,,,,,,,,,COMPLETE
961,961,0.906228389678118,2025-01-08 16:35:03.008478,2025-01-08 16:35:11.291424,0 days 00:00:08.282946,2,5,1,15,5.0,,,,,,,,,,,,,,COMPLETE
962,962,0.906228389678118,2025-01-08 16:35:11.295809,2025-01-08 16:35:19.448327,0 days 00:00:08.152518,2,5,1,15,5.0,,,,,,,,,,,,,,COMPLETE
963,963,0.8840204226827042,2025-01-08 16:35:19.452641,2025-01-08 16:35:25.313944,0 days 00:00:05.861303,1,5,1,10,,,,,,,,,,,,,,,COMPLETE
964,964,0.8816448215329731,2025-01-08 16:35:25.317596,2025-01-08 16:35:34.762976,0 days 00:00:09.445380,3,5,1,5,5.0,,,,,,5.0,,,,,,,,COMPLETE
965,965,0.8942358132459571,2025-01-08 16:35:34.764740,2025-01-08 16:35:43.058100,0 days 00:00:08.293360,2,5,1,15,15.0,,,,,,,,,,,,,,COMPLETE
966,966,0.906228389678118,2025-01-08 16:35:43.062542,2025-01-08 16:35:51.215228,0 days 00:00:08.152686,2,5,1,15,5.0,,,,,,,,,,,,,,COMPLETE
967,967,0.8286347874234508,2025-01-08 16:35:51.219808,2025-01-08 16:35:57.650344,0 days 00:00:06.430536,1,5,1,15,,,,,,,,,,,,,,,COMPLETE
968,968,0.906228389678118,2025-01-08 16:35:57.655250,2025-01-08 16:36:05.808830,0 days 00:00:08.153580,2,5,1,15,5.0,,,,,,,,,,,,,,COMPLETE
969,969,0.880897419680106,2025-01-08 16:36:05.813084,2025-01-08 16:36:14.649740,0 days 00:00:08.836656,2,5,1,20,10.0,,,,,,,,,,,,,,COMPLETE
970,970,0.906228389678118,2025-01-08 16:36:14.655574,2025-01-08 16:36:22.808514,0 days 00:00:08.152940,2,5,1,15,5.0,,,,,,,,,,,,,,COMPLETE
971,971,0.8385297887531493,2025-01-08 16:36:22.812733,2025-01-08 16:36:41.120822,0 days 00:00:18.308089,6,5,1,15,5.0,,,,,,50.0,30.0,5.0,35.0,,,,,COMPLETE
972,972,0.8864231680124015,2025-01-08 16:36:41.122666,2025-01-08 16:36:51.208610,0 days 00:00:10.085944,3,5,1,15,5.0,,,,,,20.0,,,,,,,,COMPLETE
973,973,0.906228389678118,2025-01-08 16:36:51.211494,2025-01-08 16:36:59.364383,0 days 00:00:08.152889,2,5,1,15,5.0,,,,,,,,,,,,,,COMPLETE
974,974,0.906228389678118,2025-01-08 16:36:59.368629,2025-01-08 16:37:07.520876,0 days 00:00:08.152247,2,5,1,15,5.0,,,,,,,,,,,,,,COMPLETE
975,975,0.8463333272035161,2025-01-08 16:37:07.525130,2025-01-08 16:37:14.652300,0 days 00:00:07.127170,1,5,1,25,,,,,,,,,,,,,,,COMPLETE
976,976,0.906228389678118,2025-01-08 16:37:14.660525,2025-01-08 16:37:22.816144,0 days 00:00:08.155619,2,5,1,15,5.0,,,,,,,,,,,,,,COMPLETE
977,977,0.8855501052881594,2025-01-08 16:37:22.820537,2025-01-08 16:37:33.158396,0 days 00:00:10.337859,3,5,1,15,5.0,,,,,,35.0,,,,,,,,COMPLETE
978,978,0.880897419680106,2025-01-08 16:37:33.162767,2025-01-08 16:37:42.001455,0 days 00:00:08.838688,2,5,1,20,10.0,,,,,,,,,,,,,,COMPLETE
979,979,0.8877059700410327,2025-01-08 16:37:42.007269,2025-01-08 16:37:51.864968,0 days 00:00:09.857699,3,5,1,15,5.0,,,,,,25.0,,,,,,,,COMPLETE
980,980,0.0,2025-01-08 16:37:51.869440,2025-01-08 16:38:13.583833,0 days 00:00:21.714393,11,5,1,15,5.0,40.0,,,,,40.0,10.0,15.0,15.0,25.0,10.0,50.0,5.0,COMPLETE
981,981,0.8840204226827042,2025-01-08 16:38:13.585615,2025-01-08 16:38:19.451301,0 days 00:00:05.865686,1,5,1,10,,,,,,,,,,,,,,,COMPLETE
982,982,0.906228389678118,2025-01-08 16:38:19.454855,2025-01-08 16:38:27.613697,0 days 00:00:08.158842,2,5,1,15,5.0,,,,,,,,,,,,,,COMPLETE
983,983,0.906228389678118,2025-01-08 16:38:27.616746,2025-01-08 16:38:35.771744,0 days 00:00:08.154998,2,5,1,15,5.0,,,,,,,,,,,,,,COMPLETE
984,984,0.906228389678118,2025-01-08 16:38:35.775789,2025-01-08 16:38:43.931408,0 days 00:00:08.155619,2,5,1,15,5.0,,,,,,,,,,,,,,COMPLETE
985,985,0.8460590879462035,2025-01-08 16:38:43.935755,2025-01-08 16:38:50.500585,0 days 00:00:06.564830,1,5,1,20,,,,,,,,,,,,,,,COMPLETE
986,986,0.906228389678118,2025-01-08 16:38:50.507316,2025-01-08 16:38:58.660935,0 days 00:00:08.153619,2,5,1,15,5.0,,,,,,,,,,,,,,COMPLETE
987,987,0.8735585443169622,2025-01-08 16:38:58.665226,2025-01-08 16:39:13.890570,0 days 00:00:15.225344,4,5,1,40,5.0,,,,,,15.0,45.0,,,,,,,COMPLETE
988,988,0.906228389678118,2025-01-08 16:39:13.892426,2025-01-08 16:39:22.045714,0 days 00:00:08.153288,2,5,1,15,5.0,,,,,,,,,,,,,,COMPLETE
989,989,0.8958223247763052,2025-01-08 16:39:22.050029,2025-01-08 16:39:31.896898,0 days 00:00:09.846869,2,5,1,30,5.0,,,,,,,,,,,,,,COMPLETE
990,990,0.9037342682471663,2025-01-08 16:39:31.898751,2025-01-08 16:39:39.901662,0 days 00:00:08.002911,2,5,1,15,10.0,,,,,,,,,,,,,,COMPLETE
991,991,0.8797476241642466,2025-01-08 16:39:39.903695,2025-01-08 16:39:49.469604,0 days 00:00:09.565909,3,5,1,15,5.0,,,,,,10.0,,,,,,,,COMPLETE
992,992,0.8876441346177764,2025-01-08 16:39:49.473938,2025-01-08 16:39:59.718565,0 days 00:00:10.244627,2,5,3,15,5.0,,,,,,,,,,,,,,COMPLETE
993,993,0.8840204226827042,2025-01-08 16:39:59.723130,2025-01-08 16:40:05.586310,0 days 00:00:05.863180,1,5,1,10,,,,,,,,,,,,,,,COMPLETE
994,994,0.906228389678118,2025-01-08 16:40:05.589708,2025-01-08 16:40:13.870870,0 days 00:00:08.281162,2,5,1,15,5.0,,,,,,,,,,,,,,COMPLETE
995,995,0.8799938365832924,2025-01-08 16:40:13.875172,2025-01-08 16:40:24.118844,0 days 00:00:10.243672,3,5,1,15,5.0,,,,,,50.0,,,,,,,,COMPLETE
996,996,0.906228389678118,2025-01-08 16:40:24.120129,2025-01-08 16:40:32.272637,0 days 00:00:08.152508,2,5,1,15,5.0,,,,,,,,,,,,,,COMPLETE
997,997,0.8286347874234508,2025-01-08 16:40:32.276863,2025-01-08 16:40:38.707377,0 days 00:00:06.430514,1,5,1,15,,,,,,,,,,,,,,,COMPLETE
998,998,0.906228389678118,2025-01-08 16:40:38.711887,2025-01-08 16:40:46.867461,0 days 00:00:08.155574,2,5,1,15,5.0,,,,,,,,,,,,,,COMPLETE
999,999,0.9037342682471663,2025-01-08 16:40:46.872026,2025-01-08 16:40:54.874953,0 days 00:00:08.002927,2,5,1,15,10.0,,,,,,,,,,,,,,COMPLETE
