,number,value,datetime_start,datetime_complete,duration,params_depth,params_grid,params_k,params_neurons_layer_0,params_neurons_layer_1,params_neurons_layer_10,params_neurons_layer_11,params_neurons_layer_12,params_neurons_layer_13,params_neurons_layer_14,params_neurons_layer_2,params_neurons_layer_3,params_neurons_layer_4,params_neurons_layer_5,params_neurons_layer_6,params_neurons_layer_7,params_neurons_layer_8,params_neurons_layer_9,state
0,0,0.7482517482517483,2025-01-08 08:21:12.870685,2025-01-08 08:21:17.259928,0 days 00:00:04.389243,2,3,5,45,20.0,,,,,,,,,,,,,,COMPLETE
1,1,0.823512336719884,2025-01-08 08:21:17.260706,2025-01-08 08:21:19.316589,0 days 00:00:02.055883,2,1,1,5,50.0,,,,,,,,,,,,,,COMPLETE
2,2,0.0,2025-01-08 08:21:19.318150,2025-01-08 08:21:24.931980,0 days 00:00:05.613830,3,3,4,50,15.0,,,,,,10.0,,,,,,,,COMPLETE
3,3,0.39215686274509803,2025-01-08 08:21:24.932902,2025-01-08 08:21:30.515749,0 days 00:00:05.582847,3,5,5,25,25.0,,,,,,30.0,,,,,,,,COMPLETE
4,4,0.0,2025-01-08 08:21:30.516495,2025-01-08 08:21:45.372218,0 days 00:00:14.855723,13,9,3,10,10.0,35.0,30.0,45.0,,,10.0,45.0,50.0,40.0,40.0,45.0,15.0,50.0,COMPLETE
5,5,0.0,2025-01-08 08:21:45.373523,2025-01-08 08:21:55.892889,0 days 00:00:10.519366,12,5,3,25,45.0,10.0,10.0,,,,50.0,15.0,20.0,25.0,50.0,5.0,5.0,50.0,COMPLETE
6,6,0.446360153256705,2025-01-08 08:21:55.893922,2025-01-08 08:22:06.905168,0 days 00:00:11.011246,10,9,5,5,45.0,,,,,,30.0,40.0,35.0,50.0,5.0,5.0,35.0,45.0,COMPLETE
7,7,0.5441509433962264,2025-01-08 08:22:06.906313,2025-01-08 08:22:10.074128,0 days 00:00:03.167815,4,9,1,20,25.0,,,,,,5.0,20.0,,,,,,,COMPLETE
8,8,0.0,2025-01-08 08:22:10.074620,2025-01-08 08:22:20.500119,0 days 00:00:10.425499,14,3,3,5,50.0,40.0,10.0,20.0,5.0,,30.0,20.0,15.0,10.0,15.0,15.0,15.0,5.0,COMPLETE
9,9,0.6539451114922813,2025-01-08 08:22:20.501200,2025-01-08 08:22:26.293618,0 days 00:00:05.792418,5,7,3,35,10.0,,,,,,30.0,35.0,20.0,,,,,,COMPLETE
10,10,0.6598793363499246,2025-01-08 08:22:26.294575,2025-01-08 08:22:32.960004,0 days 00:00:06.665429,8,1,1,15,35.0,,,,,,50.0,5.0,5.0,5.0,30.0,50.0,,,COMPLETE
11,11,0.8152734778121775,2025-01-08 08:22:32.960941,2025-01-08 08:22:34.949600,0 days 00:00:01.988659,1,1,2,40,,,,,,,,,,,,,,,COMPLETE
12,12,0.815359477124183,2025-01-08 08:22:34.954679,2025-01-08 08:22:36.832330,0 days 00:00:01.877651,1,1,2,35,,,,,,,,,,,,,,,COMPLETE
13,13,0.8286546610169492,2025-01-08 08:22:36.837042,2025-01-08 08:22:44.012374,0 days 00:00:07.175332,6,1,2,35,35.0,,,,,,40.0,50.0,50.0,25.0,,,,,COMPLETE
14,14,0.7777217741935484,2025-01-08 08:22:44.013221,2025-01-08 08:22:51.249505,0 days 00:00:07.236284,6,1,2,30,35.0,,,,,,40.0,50.0,50.0,25.0,,,,,COMPLETE
15,15,0.7062334217506632,2025-01-08 08:22:51.284374,2025-01-08 08:22:57.724173,0 days 00:00:06.439799,8,3,1,15,35.0,,,,,,40.0,30.0,35.0,35.0,20.0,30.0,,,COMPLETE
16,16,0.7735961768219832,2025-01-08 08:22:57.725278,2025-01-08 08:23:04.342535,0 days 00:00:06.617257,6,5,2,35,50.0,,,,,,20.0,50.0,40.0,15.0,,,,,COMPLETE
17,17,0.8234463276836159,2025-01-08 08:23:04.343675,2025-01-08 08:23:13.493446,0 days 00:00:09.149771,10,1,1,45,40.0,,,,,,40.0,35.0,40.0,20.0,50.0,30.0,50.0,15.0,COMPLETE
18,18,0.16619398752127057,2025-01-08 08:23:13.544071,2025-01-08 08:23:19.641174,0 days 00:00:06.097103,6,7,2,20,30.0,,,,,,20.0,40.0,30.0,35.0,,,,,COMPLETE
19,19,0.0,2025-01-08 08:23:19.642306,2025-01-08 08:23:28.658972,0 days 00:00:09.016666,10,3,1,30,40.0,,,,,,45.0,5.0,45.0,50.0,5.0,40.0,50.0,30.0,COMPLETE
20,20,0.47474747474747475,2025-01-08 08:23:28.698967,2025-01-08 08:23:34.680600,0 days 00:00:05.981633,4,1,4,10,45.0,,,,,,20.0,25.0,,,,,,,COMPLETE
21,21,0.8781068217874141,2025-01-08 08:23:34.681365,2025-01-08 08:23:43.608659,0 days 00:00:08.927294,9,1,1,50,40.0,,,,,,40.0,35.0,40.0,20.0,50.0,25.0,50.0,,COMPLETE
22,22,0.8759562841530055,2025-01-08 08:23:43.609911,2025-01-08 08:23:50.637449,0 days 00:00:07.027538,7,1,1,50,40.0,,,,,,35.0,45.0,45.0,15.0,40.0,,,,COMPLETE
23,23,0.8548009367681498,2025-01-08 08:23:50.638688,2025-01-08 08:23:59.182009,0 days 00:00:08.543321,8,3,2,50,30.0,,,,,,35.0,45.0,45.0,15.0,40.0,20.0,,,COMPLETE
24,24,0.0,2025-01-08 08:23:59.183259,2025-01-08 08:24:07.151287,0 days 00:00:07.968028,9,3,1,50,30.0,,,,,,35.0,40.0,40.0,15.0,40.0,20.0,35.0,,COMPLETE
25,25,0.7361111111111112,2025-01-08 08:24:07.152580,2025-01-08 08:24:19.572230,0 days 00:00:12.419650,12,3,2,45,40.0,5.0,50.0,,,,35.0,45.0,45.0,15.0,40.0,20.0,40.0,30.0,COMPLETE
26,26,0.6426836672738312,2025-01-08 08:24:19.573526,2025-01-08 08:24:25.656841,0 days 00:00:06.083315,7,3,1,50,30.0,,,,,,35.0,35.0,45.0,5.0,45.0,,,,COMPLETE
27,27,0.796875,2025-01-08 08:24:25.658017,2025-01-08 08:24:34.966775,0 days 00:00:09.308758,9,1,2,40,20.0,,,,,,45.0,45.0,30.0,20.0,30.0,35.0,25.0,,COMPLETE
28,28,0.0,2025-01-08 08:24:34.968226,2025-01-08 08:24:38.995251,0 days 00:00:04.027025,11,5,1,45,40.0,50.0,,,,,25.0,30.0,35.0,10.0,35.0,15.0,45.0,20.0,COMPLETE
29,29,0.8870673952641166,2025-01-08 08:24:38.996583,2025-01-08 08:24:46.672454,0 days 00:00:07.675871,7,3,2,40,25.0,,,,,,45.0,40.0,45.0,20.0,45.0,,,,COMPLETE
30,30,0.7406855439642325,2025-01-08 08:24:46.673681,2025-01-08 08:24:52.977193,0 days 00:00:06.303512,7,3,1,40,5.0,,,,,,45.0,40.0,40.0,30.0,50.0,,,,COMPLETE
31,31,0.8371848739495797,2025-01-08 08:24:52.978392,2025-01-08 08:25:02.427077,0 days 00:00:09.448685,9,3,2,50,25.0,,,,,,35.0,45.0,45.0,20.0,45.0,25.0,25.0,,COMPLETE
32,32,0.34375,2025-01-08 08:25:02.428362,2025-01-08 08:25:10.901882,0 days 00:00:08.473520,7,1,4,45,20.0,,,,,,45.0,35.0,50.0,15.0,45.0,,,,COMPLETE
33,33,0.8286247334754797,2025-01-08 08:25:10.903099,2025-01-08 08:25:19.265971,0 days 00:00:08.362872,8,3,2,50,30.0,,,,,,40.0,45.0,45.0,10.0,35.0,15.0,,,COMPLETE
34,34,0.8035087719298246,2025-01-08 08:25:19.267226,2025-01-08 08:25:24.341990,0 days 00:00:05.074764,5,5,1,40,25.0,,,,,,50.0,40.0,40.0,,,,,,COMPLETE
35,35,0.7824074074074074,2025-01-08 08:25:24.343148,2025-01-08 08:25:31.163839,0 days 00:00:06.820691,8,1,1,45,15.0,,,,,,25.0,30.0,45.0,20.0,45.0,25.0,,,COMPLETE
36,36,0.0,2025-01-08 08:25:31.165267,2025-01-08 08:25:45.560019,0 days 00:00:14.394752,11,7,3,50,35.0,20.0,,,,,35.0,50.0,35.0,20.0,35.0,35.0,35.0,40.0,COMPLETE
37,37,0.0,2025-01-08 08:25:45.561330,2025-01-08 08:25:59.218351,0 days 00:00:13.657021,15,3,3,45,45.0,20.0,50.0,5.0,50.0,45.0,45.0,45.0,50.0,10.0,40.0,10.0,15.0,5.0,COMPLETE
38,38,0.7834821428571428,2025-01-08 08:25:59.219795,2025-01-08 08:26:07.254980,0 days 00:00:08.035185,7,1,2,50,15.0,,,,,,40.0,40.0,50.0,30.0,50.0,,,,COMPLETE
39,39,0.7770491803278688,2025-01-08 08:26:07.256140,2025-01-08 08:26:14.214524,0 days 00:00:06.958384,5,5,4,40,20.0,,,,,,30.0,35.0,40.0,,,,,,COMPLETE
40,40,0.0,2025-01-08 08:26:14.215659,2025-01-08 08:26:22.571958,0 days 00:00:08.356299,9,5,1,50,25.0,,,,,,50.0,45.0,30.0,15.0,45.0,20.0,45.0,,COMPLETE
41,41,0.7818181818181819,2025-01-08 08:26:22.572939,2025-01-08 08:26:32.032820,0 days 00:00:09.459881,9,3,2,50,20.0,,,,,,35.0,45.0,45.0,20.0,45.0,25.0,25.0,,COMPLETE
42,42,0.3620689655172414,2025-01-08 08:26:32.034131,2025-01-08 08:26:44.276509,0 days 00:00:12.242378,10,3,3,50,25.0,,,,,,35.0,40.0,45.0,25.0,40.0,25.0,30.0,20.0,COMPLETE
43,43,0.8101092896174864,2025-01-08 08:26:44.277670,2025-01-08 08:26:55.838471,0 days 00:00:11.560801,11,3,2,45,30.0,50.0,,,,,25.0,50.0,50.0,20.0,45.0,35.0,20.0,35.0,COMPLETE
44,44,0.80625,2025-01-08 08:26:55.891961,2025-01-08 08:27:04.895501,0 days 00:00:09.003540,8,1,2,45,40.0,,,,,,30.0,45.0,45.0,15.0,50.0,30.0,,,COMPLETE
45,45,0.03125,2025-01-08 08:27:04.896428,2025-01-08 08:27:15.771572,0 days 00:00:10.875144,9,5,3,50,25.0,,,,,,35.0,35.0,25.0,25.0,35.0,20.0,30.0,,COMPLETE
46,46,0.8273809523809523,2025-01-08 08:27:15.772855,2025-01-08 08:27:22.221879,0 days 00:00:06.449024,7,1,1,40,45.0,,,,,,40.0,40.0,5.0,20.0,40.0,,,,COMPLETE
47,47,0.0,2025-01-08 08:27:22.223102,2025-01-08 08:27:32.419445,0 days 00:00:10.196343,12,3,3,45,35.0,30.0,30.0,,,,5.0,50.0,35.0,10.0,45.0,10.0,5.0,15.0,COMPLETE
48,48,0.8214192196910186,2025-01-08 08:27:32.420570,2025-01-08 08:27:36.789550,0 days 00:00:04.368980,3,1,2,50,50.0,,,,,,30.0,,,,,,,,COMPLETE
49,49,0.5248538011695907,2025-01-08 08:27:36.790388,2025-01-08 08:27:43.896076,0 days 00:00:07.105688,6,7,5,30,20.0,,,,,,40.0,40.0,40.0,15.0,,,,,COMPLETE
50,50,0.859212684527064,2025-01-08 08:27:43.897084,2025-01-08 08:27:51.867813,0 days 00:00:07.970729,8,1,1,40,25.0,,,,,,45.0,25.0,50.0,45.0,50.0,25.0,,,COMPLETE
51,51,0.8202805376972531,2025-01-08 08:27:51.912961,2025-01-08 08:27:59.547970,0 days 00:00:07.635009,8,1,1,25,25.0,,,,,,45.0,25.0,50.0,40.0,50.0,25.0,,,COMPLETE
52,52,0.0,2025-01-08 08:27:59.587362,2025-01-08 08:28:06.986049,0 days 00:00:07.398687,9,1,1,35,30.0,,,,,,50.0,20.0,45.0,45.0,50.0,30.0,20.0,,COMPLETE
53,53,0.8666666666666667,2025-01-08 08:28:06.987341,2025-01-08 08:28:14.028382,0 days 00:00:07.041041,7,1,1,45,25.0,,,,,,40.0,25.0,50.0,45.0,45.0,,,,COMPLETE
54,54,0.8595628415300547,2025-01-08 08:28:14.029330,2025-01-08 08:28:20.857650,0 days 00:00:06.828320,7,1,1,40,35.0,,,,,,40.0,15.0,50.0,45.0,50.0,,,,COMPLETE
55,55,0.8523002421307506,2025-01-08 08:28:20.895934,2025-01-08 08:28:26.741092,0 days 00:00:05.845158,6,1,1,35,35.0,,,,,,45.0,10.0,50.0,45.0,,,,,COMPLETE
56,56,0.8165859564164648,2025-01-08 08:28:26.742272,2025-01-08 08:28:33.770894,0 days 00:00:07.028622,7,1,1,40,40.0,,,,,,40.0,20.0,50.0,45.0,50.0,,,,COMPLETE
57,57,0.7804555084745763,2025-01-08 08:28:33.772189,2025-01-08 08:28:38.863576,0 days 00:00:05.091387,5,1,1,40,35.0,,,,,,45.0,25.0,50.0,,,,,,COMPLETE
58,58,0.782991202346041,2025-01-08 08:28:38.864677,2025-01-08 08:28:43.252572,0 days 00:00:04.387895,4,1,1,45,40.0,,,,,,40.0,15.0,,,,,,,COMPLETE
59,59,0.8444444444444444,2025-01-08 08:28:43.253625,2025-01-08 08:28:49.303460,0 days 00:00:06.049835,6,1,1,35,45.0,,,,,,50.0,15.0,50.0,40.0,,,,,COMPLETE
60,60,0.8403954802259888,2025-01-08 08:28:49.304263,2025-01-08 08:28:53.898226,0 days 00:00:04.593963,5,1,1,40,30.0,,,,,,40.0,10.0,10.0,,,,,,COMPLETE
61,61,0.8471264367816091,2025-01-08 08:28:53.899298,2025-01-08 08:29:01.024493,0 days 00:00:07.125195,7,1,1,45,30.0,,,,,,40.0,30.0,45.0,50.0,50.0,,,,COMPLETE
62,62,0.8471264367816091,2025-01-08 08:29:01.025791,2025-01-08 08:29:09.003317,0 days 00:00:07.977526,8,1,1,45,35.0,,,,,,45.0,25.0,40.0,45.0,45.0,40.0,,,COMPLETE
63,63,0.0,2025-01-08 08:29:09.051057,2025-01-08 08:29:17.353237,0 days 00:00:08.302180,10,1,1,45,25.0,,,,,,35.0,30.0,50.0,50.0,50.0,10.0,45.0,40.0,COMPLETE
64,64,0.8759562841530055,2025-01-08 08:29:17.405943,2025-01-08 08:29:23.682674,0 days 00:00:06.276731,7,1,1,40,30.0,,,,,,15.0,20.0,45.0,35.0,20.0,,,,COMPLETE
65,65,0.8335648791330925,2025-01-08 08:29:23.683864,2025-01-08 08:29:30.061929,0 days 00:00:06.378065,7,1,1,40,35.0,,,,,,10.0,20.0,45.0,40.0,15.0,,,,COMPLETE
66,66,0.710212201591512,2025-01-08 08:29:30.063059,2025-01-08 08:29:36.829546,0 days 00:00:06.766487,8,1,1,30,30.0,,,,,,15.0,15.0,20.0,35.0,20.0,50.0,,,COMPLETE
67,67,0.8406708595387841,2025-01-08 08:29:36.830797,2025-01-08 08:29:42.792338,0 days 00:00:05.961541,6,1,1,35,40.0,,,,,,45.0,25.0,40.0,45.0,,,,,COMPLETE
68,68,0.0,2025-01-08 08:29:42.793163,2025-01-08 08:29:48.474581,0 days 00:00:05.681418,7,9,1,35,25.0,,,,,,15.0,20.0,45.0,30.0,25.0,,,,COMPLETE
69,69,0.788597842835131,2025-01-08 08:29:48.475786,2025-01-08 08:29:54.679750,0 days 00:00:06.203964,6,1,1,40,45.0,,,,,,45.0,20.0,50.0,40.0,,,,,COMPLETE
70,70,0.7863822326125074,2025-01-08 08:29:54.680979,2025-01-08 08:30:01.315870,0 days 00:00:06.634891,8,1,1,20,15.0,,,,,,40.0,15.0,25.0,50.0,10.0,45.0,,,COMPLETE
71,71,0.8025289211729889,2025-01-08 08:30:01.316724,2025-01-08 08:30:09.856276,0 days 00:00:08.539552,8,3,2,45,30.0,,,,,,35.0,25.0,45.0,45.0,25.0,15.0,,,COMPLETE
72,72,0.8665183537263625,2025-01-08 08:30:09.857469,2025-01-08 08:30:16.396345,0 days 00:00:06.538876,7,1,1,50,30.0,,,,,,30.0,10.0,50.0,25.0,40.0,,,,COMPLETE
73,73,0.859212684527064,2025-01-08 08:30:16.397629,2025-01-08 08:30:22.802965,0 days 00:00:06.405336,7,1,1,50,35.0,,,,,,30.0,10.0,50.0,25.0,20.0,,,,COMPLETE
74,74,0.7811400422237861,2025-01-08 08:30:22.804101,2025-01-08 08:30:28.923799,0 days 00:00:06.119698,7,1,1,45,25.0,,,,,,25.0,10.0,50.0,25.0,45.0,,,,COMPLETE
75,75,0.8214192196910186,2025-01-08 08:30:28.925021,2025-01-08 08:30:34.782419,0 days 00:00:05.857398,6,1,1,50,35.0,,,,,,40.0,5.0,50.0,30.0,,,,,COMPLETE
76,76,0.8305084745762712,2025-01-08 08:30:34.807792,2025-01-08 08:30:39.781293,0 days 00:00:04.973501,5,1,1,40,20.0,,,,,,40.0,35.0,45.0,,,,,,COMPLETE
77,77,0.7850877192982456,2025-01-08 08:30:39.782351,2025-01-08 08:30:47.652838,0 days 00:00:07.870487,9,1,1,50,30.0,,,,,,20.0,15.0,45.0,25.0,50.0,5.0,40.0,,COMPLETE
78,78,0.8471264367816091,2025-01-08 08:30:47.654062,2025-01-08 08:30:54.374464,0 days 00:00:06.720402,7,1,1,45,40.0,,,,,,30.0,20.0,40.0,35.0,40.0,,,,COMPLETE
79,79,0.8331479421579533,2025-01-08 08:30:54.375653,2025-01-08 08:31:02.828028,0 days 00:00:08.452375,8,1,2,35,25.0,,,,,,35.0,5.0,50.0,40.0,40.0,40.0,,,COMPLETE
80,80,0.0,2025-01-08 08:31:02.829328,2025-01-08 08:31:10.333089,0 days 00:00:07.503761,10,3,1,50,20.0,,,,,,45.0,25.0,35.0,45.0,45.0,45.0,50.0,25.0,COMPLETE
81,81,0.859212684527064,2025-01-08 08:31:10.334365,2025-01-08 08:31:16.726935,0 days 00:00:06.392570,7,1,1,50,35.0,,,,,,30.0,10.0,50.0,25.0,20.0,,,,COMPLETE
82,82,0.8100195185426156,2025-01-08 08:31:16.728174,2025-01-08 08:31:23.760508,0 days 00:00:07.032334,8,1,1,50,30.0,,,,,,30.0,10.0,50.0,30.0,15.0,35.0,,,COMPLETE
83,83,0.812194420477423,2025-01-08 08:31:23.761710,2025-01-08 08:31:29.668913,0 days 00:00:05.907203,6,1,1,50,40.0,,,,,,25.0,15.0,45.0,25.0,,,,,COMPLETE
84,84,0.847457627118644,2025-01-08 08:31:29.695334,2025-01-08 08:31:35.887839,0 days 00:00:06.192505,7,1,1,45,30.0,,,,,,30.0,10.0,50.0,20.0,20.0,,,,COMPLETE
85,85,0.8444113263785394,2025-01-08 08:31:35.889000,2025-01-08 08:31:43.877699,0 days 00:00:07.988699,9,1,1,40,35.0,,,,,,35.0,30.0,45.0,25.0,30.0,5.0,10.0,,COMPLETE
86,86,0.8333333333333334,2025-01-08 08:31:43.878935,2025-01-08 08:31:49.533921,0 days 00:00:05.654986,6,1,1,50,40.0,,,,,,5.0,35.0,50.0,20.0,,,,,COMPLETE
87,87,0.8544980443285528,2025-01-08 08:31:49.559471,2025-01-08 08:31:56.507255,0 days 00:00:06.947784,7,3,2,45,35.0,,,,,,35.0,5.0,40.0,15.0,25.0,,,,COMPLETE
88,88,0.39344262295081966,2025-01-08 08:31:56.508405,2025-01-08 08:32:03.688826,0 days 00:00:07.180421,8,1,1,40,25.0,,,,,,25.0,15.0,50.0,35.0,20.0,30.0,,,COMPLETE
89,89,0.4819976771196283,2025-01-08 08:32:03.690062,2025-01-08 08:32:11.347328,0 days 00:00:07.657266,9,1,1,10,30.0,,,,,,40.0,20.0,45.0,20.0,50.0,40.0,40.0,,COMPLETE
90,90,0.23956043956043957,2025-01-08 08:32:11.348418,2025-01-08 08:32:19.545722,0 days 00:00:08.197304,5,1,4,50,20.0,,,,,,45.0,25.0,50.0,,,,,,COMPLETE
91,91,0.859212684527064,2025-01-08 08:32:19.546911,2025-01-08 08:32:25.941943,0 days 00:00:06.395032,7,1,1,50,35.0,,,,,,30.0,10.0,50.0,25.0,20.0,,,,COMPLETE
92,92,0.8524590163934426,2025-01-08 08:32:25.943146,2025-01-08 08:32:32.344684,0 days 00:00:06.401538,7,1,1,50,40.0,,,,,,15.0,10.0,50.0,25.0,15.0,,,,COMPLETE
93,93,0.7692048517520216,2025-01-08 08:32:32.345919,2025-01-08 08:32:39.854337,0 days 00:00:07.508418,8,1,1,50,35.0,,,,,,30.0,10.0,45.0,30.0,25.0,45.0,,,COMPLETE
94,94,0.861228813559322,2025-01-08 08:32:39.887314,2025-01-08 08:32:45.189121,0 days 00:00:05.301807,6,1,1,45,25.0,,,,,,30.0,5.0,15.0,20.0,,,,,COMPLETE
95,95,0.861228813559322,2025-01-08 08:32:45.190161,2025-01-08 08:32:50.480169,0 days 00:00:05.290008,6,1,1,45,25.0,,,,,,30.0,5.0,15.0,20.0,,,,,COMPLETE
96,96,0.8053197509903791,2025-01-08 08:32:50.481211,2025-01-08 08:32:55.848264,0 days 00:00:05.367053,6,1,1,45,25.0,,,,,,35.0,5.0,15.0,20.0,,,,,COMPLETE
97,97,0.8200431034482758,2025-01-08 08:32:55.849387,2025-01-08 08:33:02.062993,0 days 00:00:06.213606,6,3,2,40,25.0,,,,,,50.0,5.0,20.0,20.0,,,,,COMPLETE
98,98,0.8036050578423459,2025-01-08 08:33:02.063832,2025-01-08 08:33:06.497913,0 days 00:00:04.434081,5,1,1,45,25.0,,,,,,20.0,5.0,15.0,,,,,,COMPLETE
99,99,0.8380355276907001,2025-01-08 08:33:06.499003,2025-01-08 08:33:10.401953,0 days 00:00:03.902950,4,1,1,40,20.0,,,,,,40.0,5.0,,,,,,,COMPLETE
100,100,0.9032258064516129,2025-01-08 08:33:10.402876,2025-01-08 08:33:15.762897,0 days 00:00:05.360021,6,1,1,45,25.0,,,,,,25.0,30.0,10.0,15.0,,,,,COMPLETE
101,101,0.9032258064516129,2025-01-08 08:33:15.764012,2025-01-08 08:33:21.128501,0 days 00:00:05.364489,6,1,1,45,25.0,,,,,,25.0,30.0,10.0,15.0,,,,,COMPLETE
102,102,0.8849462365591398,2025-01-08 08:33:21.129602,2025-01-08 08:33:26.438213,0 days 00:00:05.308611,6,1,1,45,25.0,,,,,,25.0,35.0,10.0,15.0,,,,,COMPLETE
103,103,0.8236263736263736,2025-01-08 08:33:26.439291,2025-01-08 08:33:30.970248,0 days 00:00:04.530957,5,1,1,45,25.0,,,,,,25.0,30.0,10.0,,,,,,COMPLETE
104,104,0.842896174863388,2025-01-08 08:33:30.971555,2025-01-08 08:33:36.402182,0 days 00:00:05.430627,6,1,1,45,25.0,,,,,,20.0,35.0,10.0,15.0,,,,,COMPLETE
105,105,0.801113516857408,2025-01-08 08:33:36.403246,2025-01-08 08:33:41.494039,0 days 00:00:05.090793,6,1,1,45,20.0,,,,,,25.0,30.0,5.0,15.0,,,,,COMPLETE
106,106,0.873015873015873,2025-01-08 08:33:41.495165,2025-01-08 08:33:46.922288,0 days 00:00:05.427123,6,1,1,45,25.0,,,,,,25.0,35.0,15.0,10.0,,,,,COMPLETE
107,107,0.8538884524744697,2025-01-08 08:33:46.923332,2025-01-08 08:33:51.147517,0 days 00:00:04.224185,4,1,1,45,25.0,,,,,,25.0,35.0,,,,,,,COMPLETE
108,108,0.8222222222222222,2025-01-08 08:33:51.148560,2025-01-08 08:33:55.858058,0 days 00:00:04.709498,5,1,1,45,25.0,,,,,,25.0,35.0,10.0,,,,,,COMPLETE
109,109,0.7898305084745763,2025-01-08 08:33:55.859149,2025-01-08 08:34:02.020109,0 days 00:00:06.160960,6,1,2,45,20.0,,,,,,20.0,40.0,5.0,5.0,,,,,COMPLETE
110,110,0.8192982456140351,2025-01-08 08:34:02.021211,2025-01-08 08:34:06.851249,0 days 00:00:04.830038,5,1,1,45,30.0,,,,,,25.0,40.0,10.0,,,,,,COMPLETE
111,111,0.87042842215256,2025-01-08 08:34:06.852319,2025-01-08 08:34:12.353522,0 days 00:00:05.501203,6,1,1,45,25.0,,,,,,30.0,30.0,15.0,10.0,,,,,COMPLETE
112,112,0.8688524590163934,2025-01-08 08:34:12.354296,2025-01-08 08:34:17.762080,0 days 00:00:05.407784,6,1,1,45,25.0,,,,,,25.0,30.0,15.0,10.0,,,,,COMPLETE
113,113,0.8492769744160178,2025-01-08 08:34:17.763183,2025-01-08 08:34:23.207147,0 days 00:00:05.443964,6,1,1,50,25.0,,,,,,25.0,30.0,15.0,10.0,,,,,COMPLETE
114,114,0.8400226116449971,2025-01-08 08:34:23.208294,2025-01-08 08:34:29.176297,0 days 00:00:05.968003,7,1,1,45,20.0,,,,,,25.0,30.0,10.0,10.0,35.0,,,,COMPLETE
115,115,0.8145604395604396,2025-01-08 08:34:29.177396,2025-01-08 08:34:34.533109,0 days 00:00:05.355713,6,1,1,45,25.0,,,,,,20.0,35.0,10.0,5.0,,,,,COMPLETE
116,116,0.8849462365591398,2025-01-08 08:34:34.534365,2025-01-08 08:34:40.794211,0 days 00:00:06.259846,7,1,1,50,30.0,,,,,,25.0,30.0,15.0,10.0,35.0,,,,COMPLETE
117,117,0.20516499282639883,2025-01-08 08:34:40.795416,2025-01-08 08:34:46.356105,0 days 00:00:05.560689,7,7,1,45,25.0,,,,,,25.0,30.0,15.0,10.0,30.0,,,,COMPLETE
118,118,0.8410087719298245,2025-01-08 08:34:46.357177,2025-01-08 08:34:50.729505,0 days 00:00:04.372328,5,3,1,50,5.0,,,,,,20.0,30.0,20.0,,,,,,COMPLETE
119,119,0.5915966386554622,2025-01-08 08:34:50.730491,2025-01-08 08:34:57.084967,0 days 00:00:06.354476,7,1,5,40,30.0,,,,,,25.0,30.0,10.0,10.0,35.0,,,,COMPLETE
120,120,0.8688172043010753,2025-01-08 08:34:57.086046,2025-01-08 08:35:02.419461,0 days 00:00:05.333415,6,1,1,45,20.0,,,,,,15.0,35.0,20.0,15.0,,,,,COMPLETE
121,121,0.8608047690014903,2025-01-08 08:35:02.420637,2025-01-08 08:35:07.576711,0 days 00:00:05.156074,6,1,1,45,15.0,,,,,,10.0,35.0,20.0,15.0,,,,,COMPLETE
122,122,0.8849462365591398,2025-01-08 08:35:07.577753,2025-01-08 08:35:12.690529,0 days 00:00:05.112776,6,1,1,45,20.0,,,,,,10.0,35.0,15.0,10.0,,,,,COMPLETE
123,123,0.7833333333333334,2025-01-08 08:35:12.691612,2025-01-08 08:35:17.206275,0 days 00:00:04.514663,5,5,1,45,15.0,,,,,,15.0,35.0,15.0,,,,,,COMPLETE
124,124,0.8753417167851285,2025-01-08 08:35:17.207342,2025-01-08 08:35:22.359689,0 days 00:00:05.152347,6,1,1,50,20.0,,,,,,5.0,35.0,15.0,10.0,,,,,COMPLETE
125,125,0.8389926428975665,2025-01-08 08:35:22.360731,2025-01-08 08:35:27.644746,0 days 00:00:05.284015,6,1,1,50,20.0,,,,,,10.0,40.0,15.0,10.0,,,,,COMPLETE
126,126,0.8672064777327935,2025-01-08 08:35:27.645868,2025-01-08 08:35:32.278078,0 days 00:00:04.632210,5,1,1,50,20.0,,,,,,5.0,35.0,15.0,,,,,,COMPLETE
127,127,0.8926229508196721,2025-01-08 08:35:32.279039,2025-01-08 08:35:38.119854,0 days 00:00:05.840815,7,1,1,50,20.0,,,,,,10.0,30.0,15.0,5.0,30.0,,,,COMPLETE
128,128,0.8666666666666667,2025-01-08 08:35:38.121037,2025-01-08 08:35:43.683290,0 days 00:00:05.562253,7,1,1,50,15.0,,,,,,10.0,30.0,10.0,5.0,30.0,,,,COMPLETE
129,129,0.7927445732976509,2025-01-08 08:35:43.684122,2025-01-08 08:35:50.187654,0 days 00:00:06.503532,8,1,1,50,20.0,,,,,,5.0,40.0,5.0,5.0,30.0,15.0,,,COMPLETE
130,130,0.846551724137931,2025-01-08 08:35:50.188853,2025-01-08 08:35:55.939854,0 days 00:00:05.751001,7,1,1,50,10.0,,,,,,10.0,35.0,15.0,10.0,35.0,,,,COMPLETE
131,131,0.817910447761194,2025-01-08 08:35:55.941011,2025-01-08 08:36:01.494113,0 days 00:00:05.553102,6,1,1,50,50.0,,,,,,5.0,30.0,15.0,10.0,,,,,COMPLETE
132,132,0.8781068217874141,2025-01-08 08:36:01.495183,2025-01-08 08:36:06.690782,0 days 00:00:05.195599,6,1,1,50,20.0,,,,,,5.0,30.0,15.0,15.0,,,,,COMPLETE
133,133,0.8070175438596491,2025-01-08 08:36:06.691891,2025-01-08 08:36:12.720428,0 days 00:00:06.028537,7,1,1,50,20.0,,,,,,5.0,30.0,20.0,15.0,35.0,,,,COMPLETE
134,134,0.8595628415300547,2025-01-08 08:36:12.721605,2025-01-08 08:36:17.802671,0 days 00:00:05.081066,6,1,1,50,20.0,,,,,,5.0,35.0,10.0,15.0,,,,,COMPLETE
135,135,0.8494026118366214,2025-01-08 08:36:17.803456,2025-01-08 08:36:23.431025,0 days 00:00:05.627569,7,1,1,25,20.0,,,,,,10.0,30.0,25.0,15.0,40.0,,,,COMPLETE
136,136,0.7693744164332399,2025-01-08 08:36:23.431778,2025-01-08 08:36:27.953727,0 days 00:00:04.521949,5,1,1,50,20.0,,,,,,10.0,35.0,15.0,,,,,,COMPLETE
137,137,0.8759562841530055,2025-01-08 08:36:27.954753,2025-01-08 08:36:33.945992,0 days 00:00:05.991239,7,1,1,50,15.0,,,,,,5.0,45.0,10.0,5.0,30.0,,,,COMPLETE
138,138,0.822863610639502,2025-01-08 08:36:33.946912,2025-01-08 08:36:40.288169,0 days 00:00:06.341257,8,1,1,50,10.0,,,,,,5.0,45.0,10.0,5.0,30.0,50.0,,,COMPLETE
139,139,0.8360655737704918,2025-01-08 08:36:40.289035,2025-01-08 08:36:46.030754,0 days 00:00:05.741719,7,1,1,50,15.0,,,,,,5.0,45.0,10.0,5.0,35.0,,,,COMPLETE
140,140,0.0,2025-01-08 08:36:46.031590,2025-01-08 08:36:55.111198,0 days 00:00:09.079608,14,1,1,50,15.0,20.0,20.0,50.0,25.0,,5.0,50.0,5.0,15.0,10.0,10.0,45.0,10.0,COMPLETE
141,141,0.8452380952380952,2025-01-08 08:36:55.137755,2025-01-08 08:37:00.343953,0 days 00:00:05.206198,6,1,1,50,25.0,,,,,,5.0,45.0,15.0,10.0,,,,,COMPLETE
142,142,0.8688172043010753,2025-01-08 08:37:00.345022,2025-01-08 08:37:06.249494,0 days 00:00:05.904472,7,1,1,50,25.0,,,,,,10.0,30.0,15.0,10.0,25.0,,,,COMPLETE
143,143,0.822863610639502,2025-01-08 08:37:06.250609,2025-01-08 08:37:11.330852,0 days 00:00:05.080243,6,1,1,50,15.0,,,,,,5.0,40.0,10.0,10.0,,,,,COMPLETE
144,144,0.8026315789473684,2025-01-08 08:37:11.331932,2025-01-08 08:37:18.441832,0 days 00:00:07.109900,6,1,3,50,20.0,,,,,,15.0,30.0,20.0,5.0,,,,,COMPLETE
145,145,0.8471264367816091,2025-01-08 08:37:18.443008,2025-01-08 08:37:24.403471,0 days 00:00:05.960463,7,1,1,45,45.0,,,,,,10.0,25.0,10.0,10.0,30.0,,,,COMPLETE
146,146,0.0,2025-01-08 08:37:24.404397,2025-01-08 08:37:29.741284,0 days 00:00:05.336887,6,9,1,50,30.0,,,,,,25.0,35.0,15.0,15.0,,,,,COMPLETE
147,147,0.8570621468926554,2025-01-08 08:37:29.742430,2025-01-08 08:37:35.303553,0 days 00:00:05.561123,7,1,1,45,25.0,,,,,,5.0,30.0,15.0,5.0,40.0,,,,COMPLETE
148,148,0.7739102147039688,2025-01-08 08:37:35.304775,2025-01-08 08:37:42.547655,0 days 00:00:07.242880,8,1,1,45,25.0,,,,,,25.0,40.0,30.0,15.0,25.0,35.0,,,COMPLETE
149,149,0.8119363395225465,2025-01-08 08:37:42.548855,2025-01-08 08:37:44.320829,0 days 00:00:01.771974,1,1,1,50,,,,,,,,,,,,,,,COMPLETE
150,150,0.8516129032258064,2025-01-08 08:37:44.321547,2025-01-08 08:37:49.052049,0 days 00:00:04.730502,6,1,1,15,20.0,,,,,,5.0,35.0,15.0,10.0,,,,,COMPLETE
151,151,0.8688524590163934,2025-01-08 08:37:49.052857,2025-01-08 08:37:54.467350,0 days 00:00:05.414493,6,1,1,45,25.0,,,,,,25.0,30.0,15.0,10.0,,,,,COMPLETE
152,152,0.8688524590163934,2025-01-08 08:37:54.468468,2025-01-08 08:37:59.986873,0 days 00:00:05.518405,6,1,1,45,25.0,,,,,,25.0,30.0,15.0,10.0,,,,,COMPLETE
153,153,0.8596059113300492,2025-01-08 08:37:59.987955,2025-01-08 08:38:04.549200,0 days 00:00:04.561245,5,1,1,45,25.0,,,,,,15.0,35.0,10.0,,,,,,COMPLETE
154,154,0.9016129032258065,2025-01-08 08:38:04.550255,2025-01-08 08:38:09.910242,0 days 00:00:05.359987,6,1,1,40,30.0,,,,,,25.0,30.0,15.0,15.0,,,,,COMPLETE
155,155,0.8740112994350282,2025-01-08 08:38:09.911292,2025-01-08 08:38:15.976217,0 days 00:00:06.064925,7,1,1,40,30.0,,,,,,20.0,25.0,20.0,15.0,35.0,,,,COMPLETE
156,156,0.8740112994350282,2025-01-08 08:38:15.977393,2025-01-08 08:38:21.941706,0 days 00:00:05.964313,7,1,1,40,30.0,,,,,,20.0,25.0,20.0,15.0,35.0,,,,COMPLETE
157,157,0.783273131425396,2025-01-08 08:38:21.942784,2025-01-08 08:38:28.921573,0 days 00:00:06.978789,8,1,1,40,30.0,,,,,,20.0,25.0,20.0,15.0,35.0,20.0,,,COMPLETE
158,158,0.8736574335782927,2025-01-08 08:38:28.922737,2025-01-08 08:38:34.845765,0 days 00:00:05.923028,7,1,1,40,30.0,,,,,,20.0,25.0,25.0,15.0,35.0,,,,COMPLETE
159,159,0.8849462365591398,2025-01-08 08:38:34.847090,2025-01-08 08:38:40.836883,0 days 00:00:05.989793,7,1,1,35,30.0,,,,,,20.0,25.0,20.0,15.0,30.0,,,,COMPLETE
160,160,0.8291777188328913,2025-01-08 08:38:40.837918,2025-01-08 08:38:47.678239,0 days 00:00:06.840321,7,1,2,30,30.0,,,,,,15.0,45.0,10.0,15.0,30.0,,,,COMPLETE
161,161,0.8849462365591398,2025-01-08 08:38:47.679335,2025-01-08 08:38:53.648717,0 days 00:00:05.969382,7,1,1,35,30.0,,,,,,20.0,25.0,20.0,15.0,30.0,,,,COMPLETE
162,162,0.8849462365591398,2025-01-08 08:38:53.649528,2025-01-08 08:38:59.511482,0 days 00:00:05.861954,7,1,1,35,30.0,,,,,,20.0,25.0,20.0,15.0,30.0,,,,COMPLETE
163,163,0.7939744370054778,2025-01-08 08:38:59.512576,2025-01-08 08:39:06.151405,0 days 00:00:06.638829,8,1,1,35,30.0,,,,,,20.0,25.0,25.0,15.0,30.0,5.0,,,COMPLETE
164,164,0.7965517241379311,2025-01-08 08:39:06.152505,2025-01-08 08:39:12.037790,0 days 00:00:05.885285,7,1,1,35,30.0,,,,,,15.0,25.0,20.0,15.0,30.0,,,,COMPLETE
165,165,0.8500000000000001,2025-01-08 08:39:12.038797,2025-01-08 08:39:17.610031,0 days 00:00:05.571234,7,1,1,30,30.0,,,,,,20.0,30.0,10.0,15.0,25.0,,,,COMPLETE
166,166,0.8165859564164648,2025-01-08 08:39:17.610856,2025-01-08 08:39:24.252844,0 days 00:00:06.641988,8,1,1,35,30.0,,,,,,20.0,25.0,20.0,15.0,30.0,30.0,,,COMPLETE
167,167,0.8573446327683616,2025-01-08 08:39:24.253995,2025-01-08 08:39:30.047405,0 days 00:00:05.793410,7,1,1,35,30.0,,,,,,25.0,20.0,25.0,20.0,30.0,,,,COMPLETE
168,168,0.7736009044657999,2025-01-08 08:39:30.048456,2025-01-08 08:39:35.460955,0 days 00:00:05.412499,7,3,1,35,30.0,,,,,,10.0,50.0,5.0,15.0,25.0,,,,COMPLETE
169,169,0.8067796610169492,2025-01-08 08:39:35.461886,2025-01-08 08:39:42.544783,0 days 00:00:07.082897,8,1,1,35,30.0,,,,,,15.0,30.0,40.0,15.0,30.0,40.0,,,COMPLETE
170,170,0.05555555555555555,2025-01-08 08:39:42.545916,2025-01-08 08:39:50.604120,0 days 00:00:08.058204,6,1,4,30,40.0,,,,,,20.0,30.0,10.0,20.0,,,,,COMPLETE
171,171,0.8740112994350282,2025-01-08 08:39:50.604975,2025-01-08 08:39:56.678558,0 days 00:00:06.073583,7,1,1,40,30.0,,,,,,20.0,25.0,20.0,15.0,35.0,,,,COMPLETE
172,172,0.9016129032258065,2025-01-08 08:39:56.679753,2025-01-08 08:40:02.498490,0 days 00:00:05.818737,7,1,1,40,30.0,,,,,,20.0,25.0,20.0,15.0,30.0,,,,COMPLETE
173,173,0.8547632963179427,2025-01-08 08:40:02.499657,2025-01-08 08:40:08.413343,0 days 00:00:05.913686,7,1,1,35,30.0,,,,,,25.0,20.0,20.0,15.0,30.0,,,,COMPLETE
174,174,0.36,2025-01-08 08:40:08.414226,2025-01-08 08:40:15.105982,0 days 00:00:06.691756,8,1,1,40,30.0,,,,,,20.0,25.0,15.0,15.0,30.0,20.0,,,COMPLETE
175,175,0.8665183537263625,2025-01-08 08:40:15.107078,2025-01-08 08:40:20.249774,0 days 00:00:05.142696,6,1,1,40,10.0,,,,,,15.0,25.0,20.0,5.0,,,,,COMPLETE
176,176,0.845603813559322,2025-01-08 08:40:20.250715,2025-01-08 08:40:26.593499,0 days 00:00:06.342784,7,1,1,40,35.0,,,,,,25.0,30.0,45.0,20.0,25.0,,,,COMPLETE
177,177,0.822863610639502,2025-01-08 08:40:26.594608,2025-01-08 08:40:31.989384,0 days 00:00:05.394776,6,1,1,40,20.0,,,,,,20.0,40.0,15.0,15.0,,,,,COMPLETE
178,178,0.8543859649122807,2025-01-08 08:40:31.990408,2025-01-08 08:40:38.358771,0 days 00:00:06.368363,7,1,1,35,30.0,,,,,,25.0,45.0,45.0,15.0,30.0,,,,COMPLETE
179,179,0.8543859649122807,2025-01-08 08:40:38.360028,2025-01-08 08:40:43.556378,0 days 00:00:05.196350,6,1,1,50,15.0,,,,,,5.0,30.0,10.0,15.0,,,,,COMPLETE
180,180,0.847457627118644,2025-01-08 08:40:43.557405,2025-01-08 08:40:49.380832,0 days 00:00:05.823427,7,1,1,40,30.0,,,,,,10.0,25.0,20.0,5.0,45.0,,,,COMPLETE
181,181,0.8740112994350282,2025-01-08 08:40:49.382024,2025-01-08 08:40:55.453801,0 days 00:00:06.071777,7,1,1,40,30.0,,,,,,20.0,25.0,20.0,15.0,35.0,,,,COMPLETE
182,182,0.9016129032258065,2025-01-08 08:40:55.455019,2025-01-08 08:41:01.276781,0 days 00:00:05.821762,7,1,1,40,30.0,,,,,,20.0,25.0,20.0,15.0,30.0,,,,COMPLETE
183,183,0.7922149122807017,2025-01-08 08:41:01.277853,2025-01-08 08:41:06.615860,0 days 00:00:05.338007,6,1,1,40,30.0,,,,,,20.0,25.0,20.0,15.0,,,,,COMPLETE
184,184,0.7898305084745763,2025-01-08 08:41:06.616892,2025-01-08 08:41:13.374746,0 days 00:00:06.757854,8,1,1,35,30.0,,,,,,15.0,20.0,15.0,15.0,30.0,45.0,,,COMPLETE
185,185,0.8570621468926554,2025-01-08 08:41:13.375632,2025-01-08 08:41:19.793137,0 days 00:00:06.417505,7,1,1,40,40.0,,,,,,25.0,30.0,35.0,20.0,30.0,,,,COMPLETE
186,186,0.8857758620689655,2025-01-08 08:41:19.794358,2025-01-08 08:41:25.131944,0 days 00:00:05.337586,6,1,1,50,20.0,,,,,,20.0,25.0,25.0,15.0,,,,,COMPLETE
187,187,0.8275862068965517,2025-01-08 08:41:25.132990,2025-01-08 08:41:30.489707,0 days 00:00:05.356717,7,1,1,5,30.0,,,,,,20.0,25.0,20.0,15.0,25.0,,,,COMPLETE
188,188,0.8852459016393442,2025-01-08 08:41:30.490681,2025-01-08 08:41:35.719503,0 days 00:00:05.228822,6,1,1,25,35.0,,,,,,20.0,25.0,25.0,15.0,,,,,COMPLETE
189,189,0.27972465581977474,2025-01-08 08:41:35.720470,2025-01-08 08:41:39.794234,0 days 00:00:04.073764,5,7,1,20,35.0,,,,,,20.0,25.0,25.0,,,,,,COMPLETE
190,190,0.885483870967742,2025-01-08 08:41:39.795178,2025-01-08 08:41:45.026391,0 days 00:00:05.231213,6,1,1,30,40.0,,,,,,20.0,25.0,25.0,15.0,,,,,COMPLETE
191,191,0.7684210526315789,2025-01-08 08:41:45.027407,2025-01-08 08:41:50.195543,0 days 00:00:05.168136,6,1,1,25,40.0,,,,,,20.0,25.0,25.0,15.0,,,,,COMPLETE
192,192,0.17142857142857143,2025-01-08 08:41:50.196519,2025-01-08 08:41:55.005261,0 days 00:00:04.808742,6,5,1,25,40.0,,,,,,20.0,25.0,30.0,15.0,,,,,COMPLETE
193,193,0.7684210526315789,2025-01-08 08:41:55.006311,2025-01-08 08:42:00.045610,0 days 00:00:05.039299,6,1,1,25,40.0,,,,,,20.0,25.0,25.0,15.0,,,,,COMPLETE
194,194,0.8544980443285528,2025-01-08 08:42:00.046583,2025-01-08 08:42:04.564349,0 days 00:00:04.517766,5,1,1,30,35.0,,,,,,20.0,20.0,25.0,,,,,,COMPLETE
195,195,0.885483870967742,2025-01-08 08:42:04.565412,2025-01-08 08:42:09.776043,0 days 00:00:05.210631,6,1,1,30,40.0,,,,,,20.0,25.0,25.0,15.0,,,,,COMPLETE
196,196,0.885483870967742,2025-01-08 08:42:09.777108,2025-01-08 08:42:15.096667,0 days 00:00:05.319559,6,1,1,30,40.0,,,,,,20.0,25.0,25.0,15.0,,,,,COMPLETE
197,197,0.8468013468013468,2025-01-08 08:42:15.097690,2025-01-08 08:42:19.720833,0 days 00:00:04.623143,5,1,1,30,40.0,,,,,,20.0,25.0,30.0,,,,,,COMPLETE
198,198,0.8335648791330925,2025-01-08 08:42:19.721854,2025-01-08 08:42:25.004476,0 days 00:00:05.282622,6,1,1,30,45.0,,,,,,20.0,25.0,25.0,20.0,,,,,COMPLETE
199,199,0.885483870967742,2025-01-08 08:42:25.005517,2025-01-08 08:42:30.316861,0 days 00:00:05.311344,6,1,1,30,40.0,,,,,,20.0,25.0,25.0,15.0,,,,,COMPLETE
200,200,0.7684210526315789,2025-01-08 08:42:30.317920,2025-01-08 08:42:35.359103,0 days 00:00:05.041183,6,1,1,25,40.0,,,,,,20.0,25.0,25.0,15.0,,,,,COMPLETE
201,201,0.885483870967742,2025-01-08 08:42:35.360226,2025-01-08 08:42:40.569412,0 days 00:00:05.209186,6,1,1,30,40.0,,,,,,20.0,25.0,25.0,15.0,,,,,COMPLETE
202,202,0.885483870967742,2025-01-08 08:42:40.570531,2025-01-08 08:42:45.906765,0 days 00:00:05.336234,6,1,1,30,40.0,,,,,,20.0,25.0,25.0,15.0,,,,,COMPLETE
203,203,0.885483870967742,2025-01-08 08:42:45.907765,2025-01-08 08:42:51.123162,0 days 00:00:05.215397,6,1,1,30,40.0,,,,,,20.0,25.0,25.0,15.0,,,,,COMPLETE
204,204,0.885483870967742,2025-01-08 08:42:51.124239,2025-01-08 08:42:56.441845,0 days 00:00:05.317606,6,1,1,30,40.0,,,,,,20.0,25.0,25.0,15.0,,,,,COMPLETE
205,205,0.885483870967742,2025-01-08 08:42:56.442895,2025-01-08 08:43:01.654178,0 days 00:00:05.211283,6,1,1,30,40.0,,,,,,20.0,25.0,25.0,15.0,,,,,COMPLETE
206,206,0.885483870967742,2025-01-08 08:43:01.655213,2025-01-08 08:43:06.974681,0 days 00:00:05.319468,6,1,1,30,40.0,,,,,,20.0,25.0,25.0,15.0,,,,,COMPLETE
207,207,0.8571428571428571,2025-01-08 08:43:06.975678,2025-01-08 08:43:11.499493,0 days 00:00:04.523815,5,1,1,30,40.0,,,,,,20.0,25.0,25.0,,,,,,COMPLETE
208,208,0.885483870967742,2025-01-08 08:43:11.500578,2025-01-08 08:43:16.713929,0 days 00:00:05.213351,6,1,1,30,40.0,,,,,,20.0,25.0,25.0,15.0,,,,,COMPLETE
209,209,0.885483870967742,2025-01-08 08:43:16.715057,2025-01-08 08:43:22.035138,0 days 00:00:05.320081,6,1,1,30,40.0,,,,,,20.0,25.0,25.0,15.0,,,,,COMPLETE
210,210,0.885483870967742,2025-01-08 08:43:22.036104,2025-01-08 08:43:27.253361,0 days 00:00:05.217257,6,1,1,30,40.0,,,,,,20.0,25.0,25.0,15.0,,,,,COMPLETE
211,211,0.885483870967742,2025-01-08 08:43:27.254418,2025-01-08 08:43:32.564200,0 days 00:00:05.309782,6,1,1,30,40.0,,,,,,20.0,25.0,25.0,15.0,,,,,COMPLETE
212,212,0.885483870967742,2025-01-08 08:43:32.565320,2025-01-08 08:43:37.785151,0 days 00:00:05.219831,6,1,1,30,40.0,,,,,,20.0,25.0,25.0,15.0,,,,,COMPLETE
213,213,0.885483870967742,2025-01-08 08:43:37.786306,2025-01-08 08:43:43.004122,0 days 00:00:05.217816,6,1,1,30,40.0,,,,,,20.0,25.0,25.0,15.0,,,,,COMPLETE
214,214,0.8571428571428571,2025-01-08 08:43:43.005171,2025-01-08 08:43:47.661170,0 days 00:00:04.655999,5,1,1,30,40.0,,,,,,20.0,25.0,25.0,,,,,,COMPLETE
215,215,0.885483870967742,2025-01-08 08:43:47.662112,2025-01-08 08:43:52.877114,0 days 00:00:05.215002,6,1,1,30,40.0,,,,,,20.0,25.0,25.0,15.0,,,,,COMPLETE
216,216,0.864367816091954,2025-01-08 08:43:52.878093,2025-01-08 08:43:58.214734,0 days 00:00:05.336641,6,1,1,30,40.0,,,,,,20.0,25.0,30.0,15.0,,,,,COMPLETE
217,217,0.8571428571428571,2025-01-08 08:43:58.215711,2025-01-08 08:44:02.741720,0 days 00:00:04.526009,5,1,1,30,40.0,,,,,,20.0,25.0,25.0,,,,,,COMPLETE
218,218,0.8100195185426156,2025-01-08 08:44:02.742703,2025-01-08 08:44:07.978828,0 days 00:00:05.236125,6,1,1,30,45.0,,,,,,20.0,25.0,25.0,15.0,,,,,COMPLETE
219,219,0.885483870967742,2025-01-08 08:44:07.979938,2025-01-08 08:44:13.297456,0 days 00:00:05.317518,6,1,1,30,40.0,,,,,,20.0,25.0,25.0,15.0,,,,,COMPLETE
220,220,0.885483870967742,2025-01-08 08:44:13.298465,2025-01-08 08:44:18.513566,0 days 00:00:05.215101,6,1,1,30,40.0,,,,,,20.0,25.0,25.0,15.0,,,,,COMPLETE
221,221,0.885483870967742,2025-01-08 08:44:18.514526,2025-01-08 08:44:23.836182,0 days 00:00:05.321656,6,1,1,30,40.0,,,,,,20.0,25.0,25.0,15.0,,,,,COMPLETE
222,222,0.885483870967742,2025-01-08 08:44:23.837160,2025-01-08 08:44:29.050629,0 days 00:00:05.213469,6,1,1,30,40.0,,,,,,20.0,25.0,25.0,15.0,,,,,COMPLETE
223,223,0.885483870967742,2025-01-08 08:44:29.051633,2025-01-08 08:44:34.268927,0 days 00:00:05.217294,6,1,1,30,40.0,,,,,,20.0,25.0,25.0,15.0,,,,,COMPLETE
224,224,0.885483870967742,2025-01-08 08:44:34.270075,2025-01-08 08:44:39.606414,0 days 00:00:05.336339,6,1,1,30,40.0,,,,,,20.0,25.0,25.0,15.0,,,,,COMPLETE
225,225,0.8571428571428571,2025-01-08 08:44:39.607408,2025-01-08 08:44:44.132655,0 days 00:00:04.525247,5,1,1,30,40.0,,,,,,20.0,25.0,25.0,,,,,,COMPLETE
226,226,0.885483870967742,2025-01-08 08:44:44.133724,2025-01-08 08:44:49.461614,0 days 00:00:05.327890,6,1,1,30,40.0,,,,,,20.0,25.0,25.0,15.0,,,,,COMPLETE
227,227,0.758631512868801,2025-01-08 08:44:49.462591,2025-01-08 08:44:56.676840,0 days 00:00:07.214249,6,1,3,30,40.0,,,,,,20.0,25.0,30.0,15.0,,,,,COMPLETE
228,228,0.885483870967742,2025-01-08 08:44:56.677979,2025-01-08 08:45:01.911810,0 days 00:00:05.233831,6,1,1,30,40.0,,,,,,20.0,25.0,25.0,15.0,,,,,COMPLETE
229,229,0.8571428571428571,2025-01-08 08:45:01.912624,2025-01-08 08:45:06.553679,0 days 00:00:04.641055,5,1,1,30,40.0,,,,,,20.0,25.0,25.0,,,,,,COMPLETE
230,230,0.8523002421307506,2025-01-08 08:45:06.554715,2025-01-08 08:45:11.844910,0 days 00:00:05.290195,6,1,1,30,40.0,,,,,,20.0,20.0,25.0,15.0,,,,,COMPLETE
231,231,0.885483870967742,2025-01-08 08:45:11.845921,2025-01-08 08:45:17.074366,0 days 00:00:05.228445,6,1,1,30,40.0,,,,,,20.0,25.0,25.0,15.0,,,,,COMPLETE
232,232,0.8100195185426156,2025-01-08 08:45:17.075410,2025-01-08 08:45:22.428379,0 days 00:00:05.352969,6,1,1,30,45.0,,,,,,20.0,25.0,25.0,15.0,,,,,COMPLETE
233,233,0.885483870967742,2025-01-08 08:45:22.429470,2025-01-08 08:45:27.664210,0 days 00:00:05.234740,6,1,1,30,40.0,,,,,,20.0,25.0,25.0,15.0,,,,,COMPLETE
234,234,0.864367816091954,2025-01-08 08:45:27.665250,2025-01-08 08:45:33.044175,0 days 00:00:05.378925,6,1,1,30,40.0,,,,,,20.0,25.0,30.0,15.0,,,,,COMPLETE
235,235,0.885483870967742,2025-01-08 08:45:33.045217,2025-01-08 08:45:38.278173,0 days 00:00:05.232956,6,1,1,30,40.0,,,,,,20.0,25.0,25.0,15.0,,,,,COMPLETE
236,236,0.885483870967742,2025-01-08 08:45:38.279190,2025-01-08 08:45:43.512888,0 days 00:00:05.233698,6,1,1,30,40.0,,,,,,20.0,25.0,25.0,15.0,,,,,COMPLETE
237,237,0.885483870967742,2025-01-08 08:45:43.513921,2025-01-08 08:45:48.855898,0 days 00:00:05.341977,6,1,1,30,40.0,,,,,,20.0,25.0,25.0,15.0,,,,,COMPLETE
238,238,0.8571428571428571,2025-01-08 08:45:48.857022,2025-01-08 08:45:53.396099,0 days 00:00:04.539077,5,1,1,30,40.0,,,,,,20.0,25.0,25.0,,,,,,COMPLETE
239,239,0.8400226116449971,2025-01-08 08:45:53.397164,2025-01-08 08:45:58.714951,0 days 00:00:05.317787,6,1,1,30,40.0,,,,,,15.0,25.0,25.0,15.0,,,,,COMPLETE
240,240,0.8335648791330925,2025-01-08 08:45:58.715993,2025-01-08 08:46:04.013279,0 days 00:00:05.297286,6,1,1,30,45.0,,,,,,20.0,25.0,25.0,20.0,,,,,COMPLETE
241,241,0.885483870967742,2025-01-08 08:46:04.014285,2025-01-08 08:46:09.245404,0 days 00:00:05.231119,6,1,1,30,40.0,,,,,,20.0,25.0,25.0,15.0,,,,,COMPLETE
242,242,0.885483870967742,2025-01-08 08:46:09.246402,2025-01-08 08:46:14.579416,0 days 00:00:05.333014,6,1,1,30,40.0,,,,,,20.0,25.0,25.0,15.0,,,,,COMPLETE
243,243,0.885483870967742,2025-01-08 08:46:14.580507,2025-01-08 08:46:19.811325,0 days 00:00:05.230818,6,1,1,30,40.0,,,,,,20.0,25.0,25.0,15.0,,,,,COMPLETE
244,244,0.885483870967742,2025-01-08 08:46:19.812412,2025-01-08 08:46:25.145221,0 days 00:00:05.332809,6,1,1,30,40.0,,,,,,20.0,25.0,25.0,15.0,,,,,COMPLETE
245,245,0.8571428571428571,2025-01-08 08:46:25.146248,2025-01-08 08:46:29.677588,0 days 00:00:04.531340,5,1,1,30,40.0,,,,,,20.0,25.0,25.0,,,,,,COMPLETE
246,246,0.885483870967742,2025-01-08 08:46:29.678576,2025-01-08 08:46:34.914978,0 days 00:00:05.236402,6,1,1,30,40.0,,,,,,20.0,25.0,25.0,15.0,,,,,COMPLETE
247,247,0.8523002421307506,2025-01-08 08:46:34.916133,2025-01-08 08:46:40.325307,0 days 00:00:05.409174,6,1,1,30,40.0,,,,,,20.0,20.0,25.0,15.0,,,,,COMPLETE
248,248,0.885483870967742,2025-01-08 08:46:40.326274,2025-01-08 08:46:45.558553,0 days 00:00:05.232279,6,1,1,30,40.0,,,,,,20.0,25.0,25.0,15.0,,,,,COMPLETE
249,249,0.8571428571428571,2025-01-08 08:46:45.559565,2025-01-08 08:46:50.209952,0 days 00:00:04.650387,5,1,1,30,40.0,,,,,,20.0,25.0,25.0,,,,,,COMPLETE
250,250,0.864367816091954,2025-01-08 08:46:50.211052,2025-01-08 08:46:55.453626,0 days 00:00:05.242574,6,1,1,30,40.0,,,,,,20.0,25.0,30.0,15.0,,,,,COMPLETE
251,251,0.8400226116449971,2025-01-08 08:46:55.454721,2025-01-08 08:47:00.669575,0 days 00:00:05.214854,6,1,1,30,40.0,,,,,,15.0,25.0,25.0,15.0,,,,,COMPLETE
252,252,0.885483870967742,2025-01-08 08:47:00.670522,2025-01-08 08:47:06.001887,0 days 00:00:05.331365,6,1,1,30,40.0,,,,,,20.0,25.0,25.0,15.0,,,,,COMPLETE
253,253,0.8272375854891465,2025-01-08 08:47:06.002887,2025-01-08 08:47:11.273328,0 days 00:00:05.270441,6,1,1,25,45.0,,,,,,25.0,25.0,25.0,15.0,,,,,COMPLETE
254,254,0.8571428571428571,2025-01-08 08:47:11.274318,2025-01-08 08:47:15.914768,0 days 00:00:04.640450,5,1,1,30,40.0,,,,,,20.0,25.0,25.0,,,,,,COMPLETE
255,255,0.885483870967742,2025-01-08 08:47:15.915803,2025-01-08 08:47:21.145183,0 days 00:00:05.229380,6,1,1,30,40.0,,,,,,20.0,25.0,25.0,15.0,,,,,COMPLETE
256,256,0.8471264367816091,2025-01-08 08:47:21.146184,2025-01-08 08:47:26.358614,0 days 00:00:05.212430,6,1,1,30,40.0,,,,,,20.0,20.0,25.0,20.0,,,,,COMPLETE
257,257,0.7751572327044025,2025-01-08 08:47:26.359675,2025-01-08 08:47:31.821999,0 days 00:00:05.462324,6,1,1,30,45.0,,,,,,20.0,25.0,30.0,15.0,,,,,COMPLETE
258,258,0.8461317227494967,2025-01-08 08:47:31.823322,2025-01-08 08:47:37.094101,0 days 00:00:05.270779,6,1,1,30,40.0,,,,,,25.0,25.0,25.0,15.0,,,,,COMPLETE
259,259,0.7580015612802498,2025-01-08 08:47:37.095077,2025-01-08 08:47:42.548911,0 days 00:00:05.453834,5,1,2,30,40.0,,,,,,20.0,25.0,25.0,,,,,,COMPLETE
260,260,0.842896174863388,2025-01-08 08:47:42.549861,2025-01-08 08:47:47.743538,0 days 00:00:05.193677,6,1,1,25,40.0,,,,,,15.0,30.0,25.0,15.0,,,,,COMPLETE
261,261,0.08585055643879173,2025-01-08 08:47:47.744505,2025-01-08 08:47:53.146059,0 days 00:00:05.401554,6,1,5,30,40.0,,,,,,20.0,25.0,25.0,15.0,,,,,COMPLETE
262,262,0.8033313851548802,2025-01-08 08:47:53.147260,2025-01-08 08:48:00.483081,0 days 00:00:07.335821,6,1,3,30,40.0,,,,,,20.0,25.0,25.0,15.0,,,,,COMPLETE
263,263,0.8055555555555556,2025-01-08 08:48:00.484238,2025-01-08 08:48:05.209414,0 days 00:00:04.725176,5,1,1,30,35.0,,,,,,25.0,25.0,25.0,,,,,,COMPLETE
264,264,0.835480093676815,2025-01-08 08:48:05.210399,2025-01-08 08:48:10.420250,0 days 00:00:05.209851,6,1,1,30,40.0,,,,,,20.0,25.0,25.0,20.0,,,,,COMPLETE
265,265,0.8663517643789942,2025-01-08 08:48:10.421329,2025-01-08 08:48:15.764220,0 days 00:00:05.342891,6,1,1,30,40.0,,,,,,20.0,30.0,25.0,15.0,,,,,COMPLETE
266,266,0.864367816091954,2025-01-08 08:48:15.765252,2025-01-08 08:48:21.012076,0 days 00:00:05.246824,6,1,1,30,40.0,,,,,,20.0,25.0,30.0,15.0,,,,,COMPLETE
267,267,0.3620218579234972,2025-01-08 08:48:21.013097,2025-01-08 08:48:28.331647,0 days 00:00:07.318550,5,1,4,30,40.0,,,,,,25.0,20.0,25.0,,,,,,COMPLETE
268,268,0.0,2025-01-08 08:48:28.332828,2025-01-08 08:48:33.812974,0 days 00:00:05.480146,7,5,1,30,40.0,,,,,,20.0,25.0,25.0,15.0,5.0,,,,COMPLETE
269,269,0.7088888888888889,2025-01-08 08:48:33.814302,2025-01-08 08:48:38.706509,0 days 00:00:04.892207,6,3,1,20,35.0,,,,,,20.0,25.0,25.0,15.0,,,,,COMPLETE
270,270,0.845603813559322,2025-01-08 08:48:38.707424,2025-01-08 08:48:44.593303,0 days 00:00:05.885879,7,1,1,30,40.0,,,,,,20.0,30.0,25.0,15.0,15.0,,,,COMPLETE
271,271,0.8548009367681498,2025-01-08 08:48:44.594204,2025-01-08 08:48:49.872647,0 days 00:00:05.278443,6,1,1,25,45.0,,,,,,15.0,25.0,30.0,15.0,,,,,COMPLETE
272,272,0.885483870967742,2025-01-08 08:48:49.873523,2025-01-08 08:48:55.198070,0 days 00:00:05.324547,6,1,1,30,40.0,,,,,,20.0,25.0,25.0,15.0,,,,,COMPLETE
273,273,0.7987249544626593,2025-01-08 08:48:55.199165,2025-01-08 08:48:59.786031,0 days 00:00:04.586866,5,1,1,30,40.0,,,,,,25.0,25.0,25.0,,,,,,COMPLETE
274,274,0.8762295081967213,2025-01-08 08:48:59.787033,2025-01-08 08:49:05.827169,0 days 00:00:06.040136,7,1,1,30,40.0,,,,,,20.0,25.0,25.0,20.0,10.0,,,,COMPLETE
275,275,0.8663517643789942,2025-01-08 08:49:05.828241,2025-01-08 08:49:11.159010,0 days 00:00:05.330769,6,1,1,30,40.0,,,,,,20.0,30.0,25.0,15.0,,,,,COMPLETE
276,276,0.8165859564164648,2025-01-08 08:49:11.159824,2025-01-08 08:49:16.606084,0 days 00:00:05.446260,6,1,1,35,40.0,,,,,,20.0,25.0,25.0,15.0,,,,,COMPLETE
277,277,0.8544710695499708,2025-01-08 08:49:16.607153,2025-01-08 08:49:21.780929,0 days 00:00:05.173776,6,1,1,30,45.0,,,,,,20.0,20.0,25.0,15.0,,,,,COMPLETE
278,278,0.8055469953775038,2025-01-08 08:49:21.782003,2025-01-08 08:49:27.591204,0 days 00:00:05.809201,7,1,1,25,35.0,,,,,,20.0,25.0,25.0,15.0,40.0,,,,COMPLETE
279,279,0.8461317227494967,2025-01-08 08:49:27.592146,2025-01-08 08:49:32.962817,0 days 00:00:05.370671,6,1,1,30,40.0,,,,,,25.0,25.0,25.0,15.0,,,,,COMPLETE
280,280,0.8754789272030651,2025-01-08 08:49:32.963922,2025-01-08 08:49:37.831950,0 days 00:00:04.868028,5,1,1,35,50.0,,,,,,20.0,30.0,20.0,,,,,,COMPLETE
281,281,0.8499583217560434,2025-01-08 08:49:37.833170,2025-01-08 08:49:44.074236,0 days 00:00:06.241066,6,1,2,30,40.0,,,,,,20.0,25.0,30.0,15.0,,,,,COMPLETE
282,282,0.8234463276836159,2025-01-08 08:49:44.075344,2025-01-08 08:49:49.937821,0 days 00:00:05.862477,7,1,1,30,40.0,,,,,,15.0,25.0,25.0,15.0,5.0,,,,COMPLETE
283,283,0.8759562841530055,2025-01-08 08:49:49.938842,2025-01-08 08:49:54.911509,0 days 00:00:04.972667,6,1,1,10,40.0,,,,,,20.0,25.0,25.0,10.0,,,,,COMPLETE
284,284,0.0,2025-01-08 08:49:54.912235,2025-01-08 08:50:02.126463,0 days 00:00:07.214228,12,3,1,35,40.0,40.0,40.0,,,,25.0,25.0,25.0,20.0,20.0,50.0,10.0,35.0,COMPLETE
285,285,0.8663517643789942,2025-01-08 08:50:02.166325,2025-01-08 08:50:07.408166,0 days 00:00:05.241841,6,1,1,30,35.0,,,,,,20.0,30.0,25.0,15.0,,,,,COMPLETE
286,286,0.8189269746646797,2025-01-08 08:50:07.409100,2025-01-08 08:50:11.862680,0 days 00:00:04.453580,5,1,1,30,40.0,,,,,,15.0,25.0,20.0,,,,,,COMPLETE
287,287,0.8663517643789942,2025-01-08 08:50:11.863679,2025-01-08 08:50:17.655994,0 days 00:00:05.792315,7,1,1,25,40.0,,,,,,20.0,20.0,25.0,15.0,40.0,,,,COMPLETE
288,288,0.885483870967742,2025-01-08 08:50:17.657018,2025-01-08 08:50:22.978182,0 days 00:00:05.321164,6,1,1,30,40.0,,,,,,20.0,25.0,25.0,15.0,,,,,COMPLETE
289,289,0.8026315789473684,2025-01-08 08:50:22.979143,2025-01-08 08:50:28.415050,0 days 00:00:05.435907,6,1,1,40,35.0,,,,,,20.0,25.0,30.0,15.0,,,,,COMPLETE
290,290,0.885483870967742,2025-01-08 08:50:28.416171,2025-01-08 08:50:33.766535,0 days 00:00:05.350364,6,1,1,30,40.0,,,,,,20.0,25.0,25.0,15.0,,,,,COMPLETE
291,291,0.03125,2025-01-08 08:50:33.767377,2025-01-08 08:50:39.887958,0 days 00:00:06.120581,7,5,1,40,45.0,,,,,,50.0,30.0,20.0,15.0,15.0,,,,COMPLETE
292,292,0.8565365025466893,2025-01-08 08:50:39.889243,2025-01-08 08:50:45.424061,0 days 00:00:05.534818,6,1,1,30,40.0,,,,,,25.0,25.0,25.0,20.0,,,,,COMPLETE
293,293,0.8571428571428571,2025-01-08 08:50:45.425007,2025-01-08 08:50:49.952994,0 days 00:00:04.527987,5,1,1,30,40.0,,,,,,20.0,25.0,25.0,,,,,,COMPLETE
294,294,0.8336369156041287,2025-01-08 08:50:49.953996,2025-01-08 08:50:54.793494,0 days 00:00:04.839498,6,1,1,25,25.0,,,,,,20.0,25.0,25.0,15.0,,,,,COMPLETE
295,295,0.8275862068965517,2025-01-08 08:50:54.794541,2025-01-08 08:51:00.669213,0 days 00:00:05.874672,7,1,1,30,40.0,,,,,,25.0,20.0,35.0,10.0,20.0,,,,COMPLETE
296,296,0.7802064359441409,2025-01-08 08:51:00.670009,2025-01-08 08:51:05.925002,0 days 00:00:05.254993,6,1,1,30,40.0,,,,,,20.0,30.0,20.0,15.0,,,,,COMPLETE
297,297,0.8165859564164648,2025-01-08 08:51:05.926100,2025-01-08 08:51:11.366589,0 days 00:00:05.440489,6,1,1,35,40.0,,,,,,20.0,25.0,25.0,15.0,,,,,COMPLETE
298,298,0.8375219170075978,2025-01-08 08:51:11.367740,2025-01-08 08:51:17.203472,0 days 00:00:05.835732,7,1,1,30,40.0,,,,,,15.0,25.0,25.0,20.0,40.0,,,,COMPLETE
299,299,0.0,2025-01-08 08:51:17.209766,2025-01-08 08:51:28.698782,0 days 00:00:11.489016,15,1,1,40,35.0,10.0,20.0,30.0,50.0,5.0,20.0,25.0,30.0,15.0,45.0,10.0,5.0,25.0,COMPLETE
300,300,0.8685344827586207,2025-01-08 08:51:28.699966,2025-01-08 08:51:34.829775,0 days 00:00:06.129809,5,1,3,30,25.0,,,,,,20.0,25.0,25.0,,,,,,COMPLETE
301,301,0.8303571428571428,2025-01-08 08:51:34.830819,2025-01-08 08:51:40.038247,0 days 00:00:05.207428,6,1,1,30,40.0,,,,,,25.0,25.0,5.0,15.0,,,,,COMPLETE
302,302,0.8688524590163934,2025-01-08 08:51:40.039354,2025-01-08 08:51:45.437402,0 days 00:00:05.398048,6,1,1,30,40.0,,,,,,30.0,30.0,25.0,10.0,,,,,COMPLETE
303,303,0.7968253968253969,2025-01-08 08:51:45.438471,2025-01-08 08:51:52.364804,0 days 00:00:06.926333,7,1,2,30,40.0,,,,,,20.0,25.0,25.0,15.0,25.0,,,,COMPLETE
304,304,0.0,2025-01-08 08:51:52.365980,2025-01-08 08:51:57.394331,0 days 00:00:05.028351,6,9,1,30,45.0,,,,,,20.0,30.0,25.0,15.0,,,,,COMPLETE
305,305,0.8165859564164648,2025-01-08 08:51:57.395534,2025-01-08 08:52:02.781021,0 days 00:00:05.385487,6,1,1,40,20.0,,,,,,20.0,25.0,25.0,15.0,,,,,COMPLETE
306,306,0.8671328671328671,2025-01-08 08:52:02.782055,2025-01-08 08:52:07.378216,0 days 00:00:04.596161,5,1,1,35,40.0,,,,,,20.0,25.0,20.0,,,,,,COMPLETE
307,307,0.41721491228070173,2025-01-08 08:52:07.379365,2025-01-08 08:52:13.111895,0 days 00:00:05.732530,7,1,1,15,40.0,,,,,,15.0,25.0,25.0,15.0,10.0,,,,COMPLETE
308,308,0.861228813559322,2025-01-08 08:52:13.112655,2025-01-08 08:52:18.376118,0 days 00:00:05.263463,6,1,1,30,25.0,,,,,,20.0,25.0,25.0,10.0,,,,,COMPLETE
309,309,0.8526881720430108,2025-01-08 08:52:18.377126,2025-01-08 08:52:23.618157,0 days 00:00:05.241031,6,1,1,30,40.0,,,,,,25.0,25.0,10.0,15.0,,,,,COMPLETE
310,310,0.8003629764065335,2025-01-08 08:52:23.619186,2025-01-08 08:52:28.550646,0 days 00:00:04.931460,6,3,1,30,40.0,,,,,,20.0,20.0,30.0,20.0,,,,,COMPLETE
311,311,0.8368421052631578,2025-01-08 08:52:28.551672,2025-01-08 08:52:34.494259,0 days 00:00:05.942587,7,1,1,30,40.0,,,,,,20.0,25.0,25.0,15.0,20.0,,,,COMPLETE
312,312,0.8090909090909091,2025-01-08 08:52:34.495132,2025-01-08 08:52:39.326394,0 days 00:00:04.831262,5,1,1,40,45.0,,,,,,30.0,25.0,25.0,,,,,,COMPLETE
313,313,0.8166666666666667,2025-01-08 08:52:39.327568,2025-01-08 08:52:44.624752,0 days 00:00:05.297184,6,1,1,25,40.0,,,,,,20.0,30.0,25.0,15.0,,,,,COMPLETE
314,314,0.864367816091954,2025-01-08 08:52:44.625725,2025-01-08 08:52:49.831838,0 days 00:00:05.206113,6,1,1,30,35.0,,,,,,25.0,25.0,20.0,30.0,,,,,COMPLETE
315,315,0.8131313131313131,2025-01-08 08:52:49.832958,2025-01-08 08:52:54.350193,0 days 00:00:04.517235,5,1,1,35,20.0,,,,,,20.0,25.0,25.0,,,,,,COMPLETE
316,316,0.8663517643789942,2025-01-08 08:52:54.351161,2025-01-08 08:52:59.518304,0 days 00:00:05.167143,6,1,1,30,25.0,,,,,,15.0,25.0,25.0,15.0,,,,,COMPLETE
317,317,0.8753417167851285,2025-01-08 08:52:59.519184,2025-01-08 08:53:05.475310,0 days 00:00:05.956126,7,1,1,30,40.0,,,,,,20.0,30.0,20.0,15.0,45.0,,,,COMPLETE
318,318,0.8523002421307506,2025-01-08 08:53:05.476217,2025-01-08 08:53:10.864878,0 days 00:00:05.388661,6,1,1,30,40.0,,,,,,20.0,20.0,25.0,15.0,,,,,COMPLETE
319,319,0.8523002421307506,2025-01-08 08:53:10.866010,2025-01-08 08:53:14.178005,0 days 00:00:03.311995,3,7,1,40,40.0,,,,,,20.0,,,,,,,,COMPLETE
320,320,0.8151515151515152,2025-01-08 08:53:14.179048,2025-01-08 08:53:19.216946,0 days 00:00:05.037898,6,1,1,30,40.0,,,,,,20.0,25.0,10.0,15.0,,,,,COMPLETE
321,321,0.8719298245614036,2025-01-08 08:53:19.217983,2025-01-08 08:53:25.265905,0 days 00:00:06.047922,7,1,1,35,40.0,,,,,,25.0,25.0,25.0,10.0,40.0,,,,COMPLETE
322,322,0.8224559232910609,2025-01-08 08:53:25.266820,2025-01-08 08:53:30.412343,0 days 00:00:05.145523,6,1,1,30,25.0,,,,,,20.0,25.0,25.0,15.0,,,,,COMPLETE
323,323,0.859212684527064,2025-01-08 08:53:30.413320,2025-01-08 08:53:35.627579,0 days 00:00:05.214259,6,1,1,30,35.0,,,,,,20.0,25.0,30.0,15.0,,,,,COMPLETE
324,324,0.82010582010582,2025-01-08 08:53:35.628607,2025-01-08 08:53:40.629543,0 days 00:00:05.000936,5,1,1,40,40.0,,,,,,20.0,30.0,25.0,,,,,,COMPLETE
325,325,0.8666666666666667,2025-01-08 08:53:40.630592,2025-01-08 08:53:46.367965,0 days 00:00:05.737373,7,1,1,25,40.0,,,,,,15.0,25.0,25.0,20.0,25.0,,,,COMPLETE
326,326,0.8521505376344086,2025-01-08 08:53:46.369145,2025-01-08 08:53:51.551953,0 days 00:00:05.182808,6,1,1,30,40.0,,,,,,20.0,25.0,20.0,15.0,,,,,COMPLETE
327,327,0.8277511961722488,2025-01-08 08:53:51.552870,2025-01-08 08:53:53.976162,0 days 00:00:02.423292,2,1,1,30,40.0,,,,,,,,,,,,,,COMPLETE
328,328,0.8227812323346524,2025-01-08 08:53:53.976961,2025-01-08 08:53:59.088162,0 days 00:00:05.111201,6,1,1,30,20.0,,,,,,20.0,25.0,25.0,15.0,,,,,COMPLETE
329,329,0.8046218487394958,2025-01-08 08:53:59.089120,2025-01-08 08:54:06.294342,0 days 00:00:07.205222,7,1,2,30,40.0,,,,,,25.0,30.0,25.0,15.0,15.0,,,,COMPLETE
330,330,0.8761618370694368,2025-01-08 08:54:06.295597,2025-01-08 08:54:11.509875,0 days 00:00:05.214278,6,1,1,30,45.0,,,,,,20.0,25.0,10.0,15.0,,,,,COMPLETE
331,331,0.7636363636363637,2025-01-08 08:54:11.510674,2025-01-08 08:54:16.906354,0 days 00:00:05.395680,6,1,1,25,40.0,,,,,,20.0,25.0,25.0,10.0,,,,,COMPLETE
332,332,0.26990838618745594,2025-01-08 08:54:16.907233,2025-01-08 08:54:21.856771,0 days 00:00:04.949538,6,5,1,40,25.0,,,,,,20.0,25.0,25.0,15.0,,,,,COMPLETE
333,333,0.8214192196910186,2025-01-08 08:54:21.857942,2025-01-08 08:54:25.694009,0 days 00:00:03.836067,4,1,1,30,35.0,,,,,,20.0,30.0,,,,,,,COMPLETE
334,334,0.9016129032258065,2025-01-08 08:54:25.695059,2025-01-08 08:54:31.661064,0 days 00:00:05.966005,7,1,1,35,40.0,,,,,,25.0,20.0,20.0,15.0,35.0,,,,COMPLETE
335,335,0.873015873015873,2025-01-08 08:54:31.662290,2025-01-08 08:54:37.607035,0 days 00:00:05.944745,7,1,1,35,40.0,,,,,,25.0,30.0,20.0,15.0,35.0,,,,COMPLETE
336,336,0.8471264367816091,2025-01-08 08:54:37.608482,2025-01-08 08:54:43.395098,0 days 00:00:05.786616,7,1,1,35,20.0,,,,,,25.0,20.0,20.0,15.0,40.0,,,,COMPLETE
337,337,0.7833333333333334,2025-01-08 08:54:43.396240,2025-01-08 08:54:49.162122,0 days 00:00:05.765882,7,3,1,35,40.0,,,,,,25.0,15.0,20.0,15.0,35.0,,,,COMPLETE
338,338,0.8595628415300547,2025-01-08 08:54:49.163228,2025-01-08 08:54:55.385981,0 days 00:00:06.222753,7,1,1,40,40.0,,,,,,25.0,30.0,20.0,15.0,25.0,,,,COMPLETE
339,339,0.8685344827586207,2025-01-08 08:54:55.387240,2025-01-08 08:55:01.365644,0 days 00:00:05.978404,7,1,1,35,40.0,,,,,,25.0,20.0,20.0,20.0,50.0,,,,COMPLETE
340,340,0.8165859564164648,2025-01-08 08:55:01.366643,2025-01-08 08:55:06.571216,0 days 00:00:05.204573,6,1,1,40,25.0,,,,,,25.0,20.0,20.0,15.0,,,,,COMPLETE
341,341,0.8222222222222222,2025-01-08 08:55:06.572301,2025-01-08 08:55:11.276787,0 days 00:00:04.704486,5,1,1,30,40.0,,,,,,30.0,20.0,10.0,,,,,,COMPLETE
342,342,0.0,2025-01-08 08:55:11.277813,2025-01-08 08:55:21.996562,0 days 00:00:10.718749,14,1,1,40,40.0,25.0,5.0,5.0,5.0,,25.0,20.0,20.0,10.0,35.0,15.0,20.0,45.0,COMPLETE
343,343,0.8499583217560434,2025-01-08 08:55:21.997941,2025-01-08 08:55:27.871353,0 days 00:00:05.873412,7,1,1,30,40.0,,,,,,20.0,25.0,25.0,15.0,25.0,,,,COMPLETE
344,344,0.8234463276836159,2025-01-08 08:55:27.872403,2025-01-08 08:55:34.917596,0 days 00:00:07.045193,6,1,3,35,40.0,,,,,,15.0,25.0,5.0,15.0,,,,,COMPLETE
345,345,0.7956112852664576,2025-01-08 08:55:34.918956,2025-01-08 08:55:39.492660,0 days 00:00:04.573704,5,1,1,30,25.0,,,,,,20.0,30.0,30.0,,,,,,COMPLETE
346,346,0.8544710695499708,2025-01-08 08:55:39.493676,2025-01-08 08:55:45.436725,0 days 00:00:05.943049,7,1,1,40,20.0,,,,,,25.0,25.0,25.0,15.0,45.0,,,,COMPLETE
347,347,0.8272375854891465,2025-01-08 08:55:45.437946,2025-01-08 08:55:50.694368,0 days 00:00:05.256422,6,1,1,30,35.0,,,,,,20.0,25.0,25.0,15.0,,,,,COMPLETE
348,348,0.758631512868801,2025-01-08 08:55:50.695312,2025-01-08 08:55:57.614532,0 days 00:00:06.919220,8,1,1,30,45.0,,,,,,20.0,25.0,25.0,15.0,35.0,50.0,,,COMPLETE
349,349,0.7068095838587642,2025-01-08 08:55:57.615556,2025-01-08 08:56:02.498146,0 days 00:00:04.882590,5,5,2,25,10.0,,,,,,20.0,30.0,25.0,,,,,,COMPLETE
350,350,0.885483870967742,2025-01-08 08:56:02.498948,2025-01-08 08:56:07.722663,0 days 00:00:05.223715,6,1,1,30,40.0,,,,,,20.0,25.0,25.0,15.0,,,,,COMPLETE
351,351,0.6666666666666666,2025-01-08 08:56:07.723706,2025-01-08 08:56:15.018930,0 days 00:00:07.295224,6,1,5,35,40.0,,,,,,25.0,25.0,10.0,20.0,,,,,COMPLETE
352,352,0.0,2025-01-08 08:56:15.020116,2025-01-08 08:56:25.311185,0 days 00:00:10.291069,13,1,1,30,45.0,45.0,40.0,30.0,,,20.0,25.0,30.0,15.0,40.0,5.0,10.0,10.0,COMPLETE
353,353,0.8360655737704918,2025-01-08 08:56:25.346465,2025-01-08 08:56:31.242244,0 days 00:00:05.895779,7,1,1,30,35.0,,,,,,20.0,15.0,25.0,10.0,35.0,,,,COMPLETE
354,354,0.856416054267948,2025-01-08 08:56:31.243350,2025-01-08 08:56:36.381121,0 days 00:00:05.137771,6,1,1,30,40.0,,,,,,15.0,30.0,25.0,15.0,,,,,COMPLETE
355,355,0.8012295081967213,2025-01-08 08:56:36.382257,2025-01-08 08:56:41.817039,0 days 00:00:05.434782,6,1,1,40,40.0,,,,,,20.0,25.0,20.0,15.0,,,,,COMPLETE
356,356,0.8500000000000001,2025-01-08 08:56:41.818217,2025-01-08 08:56:47.485564,0 days 00:00:05.667347,6,1,1,45,40.0,,,,,,25.0,25.0,25.0,20.0,,,,,COMPLETE
357,357,0.8572639909553419,2025-01-08 08:56:47.486767,2025-01-08 08:56:53.183306,0 days 00:00:05.696539,7,1,1,30,25.0,,,,,,35.0,25.0,25.0,15.0,25.0,,,,COMPLETE
358,358,0.6499999999999999,2025-01-08 08:56:53.184294,2025-01-08 08:56:58.147738,0 days 00:00:04.963444,6,3,1,30,40.0,,,,,,20.0,20.0,15.0,15.0,,,,,COMPLETE
359,359,0.8261904761904761,2025-01-08 08:56:58.148809,2025-01-08 08:57:04.261539,0 days 00:00:06.112730,7,1,1,40,40.0,,,,,,20.0,30.0,25.0,15.0,45.0,,,,COMPLETE
360,360,0.8452380952380952,2025-01-08 08:57:04.262802,2025-01-08 08:57:11.388810,0 days 00:00:07.126008,8,1,1,30,40.0,,,,,,20.0,25.0,30.0,15.0,40.0,45.0,,,COMPLETE
361,361,0.7940991839296924,2025-01-08 08:57:11.390062,2025-01-08 08:57:15.745646,0 days 00:00:04.355584,5,1,1,35,25.0,,,,,,20.0,25.0,20.0,,,,,,COMPLETE
362,362,0.7636363636363637,2025-01-08 08:57:15.746697,2025-01-08 08:57:21.147544,0 days 00:00:05.400847,6,1,1,25,40.0,,,,,,20.0,25.0,25.0,10.0,,,,,COMPLETE
363,363,0.8224559232910609,2025-01-08 08:57:21.148606,2025-01-08 08:57:26.499446,0 days 00:00:05.350840,6,1,1,30,40.0,,,,,,30.0,25.0,25.0,15.0,,,,,COMPLETE
364,364,0.8304597701149425,2025-01-08 08:57:26.500613,2025-01-08 08:57:32.574280,0 days 00:00:06.073667,7,1,1,30,50.0,,,,,,15.0,30.0,25.0,25.0,35.0,,,,COMPLETE
365,365,0.11458333333333333,2025-01-08 08:57:32.575205,2025-01-08 08:57:41.775147,0 days 00:00:09.199942,6,1,4,30,40.0,,,,,,25.0,25.0,20.0,15.0,,,,,COMPLETE
366,366,0.8429276315789473,2025-01-08 08:57:41.776508,2025-01-08 08:57:46.825355,0 days 00:00:05.048847,5,1,1,40,30.0,,,,,,20.0,50.0,35.0,,,,,,COMPLETE
367,367,0.8272375854891465,2025-01-08 08:57:46.847414,2025-01-08 08:57:52.000239,0 days 00:00:05.152825,6,1,1,30,35.0,,,,,,20.0,25.0,25.0,15.0,,,,,COMPLETE
368,368,0.8926229508196721,2025-01-08 08:57:52.001328,2025-01-08 08:57:58.286617,0 days 00:00:06.285289,7,1,1,50,40.0,,,,,,25.0,25.0,10.0,15.0,50.0,,,,COMPLETE
369,369,0.840677966101695,2025-01-08 08:57:58.287549,2025-01-08 08:58:03.956956,0 days 00:00:05.669407,7,1,1,50,5.0,,,,,,25.0,20.0,10.0,15.0,50.0,,,,COMPLETE
370,370,0.7222437137330755,2025-01-08 08:58:03.957900,2025-01-08 08:58:10.787488,0 days 00:00:06.829588,8,1,1,45,20.0,,,,,,25.0,30.0,10.0,10.0,50.0,35.0,,,COMPLETE
371,371,0.8666666666666667,2025-01-08 08:58:10.788711,2025-01-08 08:58:16.920817,0 days 00:00:06.132106,7,1,1,45,40.0,,,,,,25.0,25.0,10.0,15.0,50.0,,,,COMPLETE
372,372,0.8083441981747066,2025-01-08 08:58:16.921748,2025-01-08 08:58:23.010980,0 days 00:00:06.089232,7,1,1,50,15.0,,,,,,30.0,25.0,10.0,20.0,45.0,,,,COMPLETE
373,373,0.8926229508196721,2025-01-08 08:58:23.012140,2025-01-08 08:58:29.277052,0 days 00:00:06.264912,7,1,1,50,40.0,,,,,,25.0,25.0,10.0,15.0,50.0,,,,COMPLETE
374,374,0.8709677419354839,2025-01-08 08:58:29.302046,2025-01-08 08:58:35.689274,0 days 00:00:06.387228,7,1,1,50,45.0,,,,,,25.0,25.0,10.0,15.0,50.0,,,,COMPLETE
375,375,0.8333333333333334,2025-01-08 08:58:35.715814,2025-01-08 08:58:41.802767,0 days 00:00:06.086953,7,1,1,50,20.0,,,,,,25.0,25.0,10.0,15.0,50.0,,,,COMPLETE
376,376,0.7916542473919523,2025-01-08 08:58:41.803756,2025-01-08 08:58:48.719464,0 days 00:00:06.915708,8,1,1,50,40.0,,,,,,25.0,20.0,10.0,15.0,50.0,15.0,,,COMPLETE
377,377,0.7641543454742157,2025-01-08 08:58:48.747085,2025-01-08 08:58:54.938750,0 days 00:00:06.191665,7,1,1,50,30.0,,,,,,25.0,30.0,10.0,15.0,45.0,,,,COMPLETE
378,378,0.8688172043010753,2025-01-08 08:58:54.939986,2025-01-08 08:59:01.248995,0 days 00:00:06.309009,7,1,1,50,25.0,,,,,,25.0,25.0,10.0,35.0,50.0,,,,COMPLETE
379,379,0.39655172413793105,2025-01-08 08:59:01.249970,2025-01-08 08:59:08.158241,0 days 00:00:06.908271,8,1,1,50,40.0,,,,,,25.0,25.0,10.0,10.0,45.0,30.0,,,COMPLETE
380,380,0.859212684527064,2025-01-08 08:59:08.187532,2025-01-08 08:59:14.617534,0 days 00:00:06.430002,7,1,1,50,35.0,,,,,,25.0,30.0,15.0,15.0,50.0,,,,COMPLETE
381,381,0.8709677419354839,2025-01-08 08:59:14.618728,2025-01-08 08:59:20.988790,0 days 00:00:06.370062,7,1,1,50,40.0,,,,,,25.0,25.0,5.0,25.0,45.0,,,,COMPLETE
382,382,0.7720588235294117,2025-01-08 08:59:20.990025,2025-01-08 08:59:23.141151,0 days 00:00:02.151126,1,1,2,50,,,,,,,,,,,,,,,COMPLETE
383,383,0.8926229508196721,2025-01-08 08:59:23.148118,2025-01-08 08:59:29.314895,0 days 00:00:06.166777,7,1,1,50,40.0,,,,,,25.0,25.0,10.0,15.0,50.0,,,,COMPLETE
384,384,0.7059322033898305,2025-01-08 08:59:29.316115,2025-01-08 08:59:35.331901,0 days 00:00:06.015786,7,3,1,50,40.0,,,,,,25.0,25.0,10.0,20.0,50.0,,,,COMPLETE
385,385,0.7902680197762164,2025-01-08 08:59:35.333360,2025-01-08 08:59:43.573171,0 days 00:00:08.239811,8,1,2,50,30.0,,,,,,25.0,25.0,10.0,15.0,50.0,25.0,,,COMPLETE
386,386,0.8688172043010753,2025-01-08 08:59:43.600453,2025-01-08 08:59:49.815218,0 days 00:00:06.214765,7,1,1,50,40.0,,,,,,25.0,30.0,5.0,15.0,50.0,,,,COMPLETE
387,387,0.8344430992736077,2025-01-08 08:59:49.816433,2025-01-08 08:59:56.235875,0 days 00:00:06.419442,7,1,1,50,45.0,,,,,,30.0,20.0,10.0,15.0,45.0,,,,COMPLETE
388,388,0.8423645320197044,2025-01-08 08:59:56.237119,2025-01-08 09:00:02.299732,0 days 00:00:06.062613,7,1,1,50,25.0,,,,,,25.0,25.0,10.0,15.0,50.0,,,,COMPLETE
389,389,0.8833333333333333,2025-01-08 09:00:02.300950,2025-01-08 09:00:08.596394,0 days 00:00:06.295444,7,1,1,50,40.0,,,,,,25.0,25.0,10.0,15.0,45.0,,,,COMPLETE
390,390,0.8663517643789942,2025-01-08 09:00:08.597559,2025-01-08 09:00:16.016240,0 days 00:00:07.418681,8,1,1,50,40.0,,,,,,25.0,15.0,15.0,15.0,50.0,35.0,,,COMPLETE
391,391,0.8688172043010753,2025-01-08 09:00:16.017464,2025-01-08 09:00:22.071665,0 days 00:00:06.054201,7,1,1,50,25.0,,,,,,25.0,25.0,10.0,10.0,45.0,,,,COMPLETE
392,392,0.8166157265907197,2025-01-08 09:00:22.072725,2025-01-08 09:00:28.277425,0 days 00:00:06.204700,7,1,1,40,40.0,,,,,,25.0,25.0,10.0,20.0,50.0,,,,COMPLETE
393,393,0.8942358540454786,2025-01-08 09:00:28.278638,2025-01-08 09:00:33.778247,0 days 00:00:05.499609,6,1,1,45,35.0,,,,,,25.0,25.0,15.0,15.0,,,,,COMPLETE
394,394,0.0,2025-01-08 09:00:33.779716,2025-01-08 09:00:40.850887,0 days 00:00:07.071171,9,1,1,45,35.0,,,,,,25.0,25.0,15.0,15.0,30.0,10.0,15.0,,COMPLETE
395,395,0.8570621468926554,2025-01-08 09:00:40.852094,2025-01-08 09:00:47.033619,0 days 00:00:06.181525,7,1,1,45,35.0,,,,,,25.0,30.0,10.0,20.0,45.0,,,,COMPLETE
396,396,0.8688172043010753,2025-01-08 09:00:47.034845,2025-01-08 09:00:52.683970,0 days 00:00:05.649125,6,1,1,45,35.0,,,,,,25.0,25.0,15.0,30.0,,,,,COMPLETE
397,397,0.8353510895883778,2025-01-08 09:00:52.685054,2025-01-08 09:00:58.268390,0 days 00:00:05.583336,6,1,1,50,35.0,,,,,,30.0,20.0,15.0,15.0,,,,,COMPLETE
398,398,0.8066502463054187,2025-01-08 09:00:58.269593,2025-01-08 09:01:04.438638,0 days 00:00:06.169045,7,1,1,45,30.0,,,,,,25.0,25.0,15.0,15.0,50.0,,,,COMPLETE
399,399,0.8030391583869082,2025-01-08 09:01:04.439572,2025-01-08 09:01:11.690774,0 days 00:00:07.251202,6,1,3,45,30.0,,,,,,25.0,30.0,15.0,15.0,,,,,COMPLETE
400,400,0.9193338537600833,2025-01-08 09:01:11.692008,2025-01-08 09:01:16.410149,0 days 00:00:04.718141,5,3,1,40,30.0,,,,,,50.0,25.0,15.0,,,,,,COMPLETE
401,401,0.8269546200109349,2025-01-08 09:01:16.411292,2025-01-08 09:01:20.614795,0 days 00:00:04.203503,4,3,1,40,30.0,,,,,,50.0,25.0,,,,,,,COMPLETE
402,402,0.8101092896174864,2025-01-08 09:01:20.634171,2025-01-08 09:01:24.913686,0 days 00:00:04.279515,4,5,1,40,30.0,,,,,,50.0,40.0,,,,,,,COMPLETE
403,403,0.821407624633431,2025-01-08 09:01:24.914862,2025-01-08 09:01:29.762368,0 days 00:00:04.847506,5,3,1,40,20.0,,,,,,50.0,30.0,15.0,,,,,,COMPLETE
404,404,0.0,2025-01-08 09:01:29.763473,2025-01-08 09:01:36.292574,0 days 00:00:06.529101,8,5,1,40,30.0,,,,,,25.0,25.0,15.0,10.0,30.0,40.0,,,COMPLETE
405,405,0.8378141437755698,2025-01-08 09:01:36.315980,2025-01-08 09:01:40.915473,0 days 00:00:04.599493,5,3,1,45,30.0,,,,,,25.0,25.0,15.0,,,,,,COMPLETE
406,406,0.5592948717948718,2025-01-08 09:01:40.916645,2025-01-08 09:01:45.463446,0 days 00:00:04.546801,5,7,1,40,30.0,,,,,,40.0,25.0,15.0,,,,,,COMPLETE
407,407,0.14705882352941177,2025-01-08 09:01:45.464616,2025-01-08 09:01:50.200813,0 days 00:00:04.736197,5,7,1,45,30.0,,,,,,45.0,20.0,15.0,,,,,,COMPLETE
408,408,0.847457627118644,2025-01-08 09:01:50.201944,2025-01-08 09:01:56.522298,0 days 00:00:06.320354,7,1,1,40,30.0,,,,,,50.0,25.0,15.0,10.0,45.0,,,,COMPLETE
409,409,0.8681732580037664,2025-01-08 09:01:56.523338,2025-01-08 09:02:02.708244,0 days 00:00:06.184906,7,1,1,45,25.0,,,,,,45.0,30.0,15.0,20.0,50.0,,,,COMPLETE
410,410,0.716931216931217,2025-01-08 09:02:02.709468,2025-01-08 09:02:08.919027,0 days 00:00:06.209559,7,3,1,50,30.0,,,,,,50.0,25.0,10.0,15.0,30.0,,,,COMPLETE
411,411,0.8165859564164648,2025-01-08 09:02:08.920235,2025-01-08 09:02:14.982329,0 days 00:00:06.062094,7,1,1,40,30.0,,,,,,30.0,25.0,20.0,20.0,50.0,,,,COMPLETE
412,412,0.774671052631579,2025-01-08 09:02:14.983515,2025-01-08 09:02:19.137818,0 days 00:00:04.154303,4,5,1,50,35.0,,,,,,25.0,25.0,,,,,,,COMPLETE
413,413,0.8166666666666667,2025-01-08 09:02:19.138946,2025-01-08 09:02:26.019360,0 days 00:00:06.880414,8,1,1,40,25.0,,,,,,45.0,30.0,15.0,15.0,40.0,20.0,,,COMPLETE
414,414,0.8391746749576032,2025-01-08 09:02:26.020588,2025-01-08 09:02:31.430140,0 days 00:00:05.409552,6,1,1,45,35.0,,,,,,25.0,25.0,10.0,15.0,,,,,COMPLETE
415,415,0.5956937799043062,2025-01-08 09:02:31.431481,2025-01-08 09:02:35.930139,0 days 00:00:04.498658,5,3,1,40,25.0,,,,,,25.0,25.0,5.0,,,,,,COMPLETE
416,416,0.8126177024482109,2025-01-08 09:02:35.931278,2025-01-08 09:02:41.444349,0 days 00:00:05.513071,6,1,1,50,20.0,,,,,,25.0,25.0,15.0,10.0,,,,,COMPLETE
417,417,0.8688524590163934,2025-01-08 09:02:41.445563,2025-01-08 09:02:46.834982,0 days 00:00:05.389419,6,1,1,35,40.0,,,,,,25.0,30.0,20.0,15.0,,,,,COMPLETE
418,418,0.8688524590163934,2025-01-08 09:02:46.836078,2025-01-08 09:02:52.244874,0 days 00:00:05.408796,6,1,1,45,30.0,,,,,,25.0,20.0,10.0,15.0,,,,,COMPLETE
419,419,0.8419106317411402,2025-01-08 09:02:52.245941,2025-01-08 09:02:58.445499,0 days 00:00:06.199558,7,1,1,50,40.0,,,,,,10.0,25.0,20.0,15.0,45.0,,,,COMPLETE
420,420,0.7916141235813366,2025-01-08 09:02:58.446694,2025-01-08 09:03:04.208879,0 days 00:00:05.762185,6,1,1,40,45.0,,,,,,35.0,25.0,10.0,10.0,,,,,COMPLETE
421,421,0.8604714912280702,2025-01-08 09:03:04.210036,2025-01-08 09:03:09.584608,0 days 00:00:05.374572,6,1,1,50,40.0,,,,,,15.0,25.0,10.0,20.0,,,,,COMPLETE
422,422,0.0,2025-01-08 09:03:09.585719,2025-01-08 09:03:16.422343,0 days 00:00:06.836624,10,1,1,35,40.0,,,,,,30.0,25.0,15.0,15.0,25.0,30.0,30.0,35.0,COMPLETE
423,423,0.8311362209667295,2025-01-08 09:03:16.452831,2025-01-08 09:03:21.456188,0 days 00:00:05.003357,5,1,1,45,25.0,,,,,,50.0,35.0,20.0,,,,,,COMPLETE
424,424,0.8067345783814375,2025-01-08 09:03:21.457409,2025-01-08 09:03:27.290481,0 days 00:00:05.833072,8,1,1,5,30.0,,,,,,25.0,30.0,20.0,15.0,30.0,5.0,,,COMPLETE
425,425,0.8547632963179427,2025-01-08 09:03:27.302095,2025-01-08 09:03:33.139898,0 days 00:00:05.837803,7,1,1,40,15.0,,,,,,25.0,25.0,40.0,15.0,45.0,,,,COMPLETE
426,426,0.8636755823986195,2025-01-08 09:03:33.141260,2025-01-08 09:03:39.355442,0 days 00:00:06.214182,7,1,1,50,40.0,,,,,,15.0,25.0,10.0,15.0,50.0,,,,COMPLETE
427,427,0.864367816091954,2025-01-08 09:03:39.356508,2025-01-08 09:03:44.566799,0 days 00:00:05.210291,6,1,1,40,35.0,,,,,,25.0,25.0,15.0,15.0,,,,,COMPLETE
428,428,0.8332502492522433,2025-01-08 09:03:44.568004,2025-01-08 09:03:51.627827,0 days 00:00:07.059823,7,1,2,35,45.0,,,,,,20.0,20.0,10.0,15.0,40.0,,,,COMPLETE
429,429,0.8354838709677419,2025-01-08 09:03:51.629032,2025-01-08 09:03:57.320367,0 days 00:00:05.691335,6,1,1,50,40.0,,,,,,25.0,30.0,20.0,15.0,,,,,COMPLETE
430,430,0.8643356643356643,2025-01-08 09:03:57.321549,2025-01-08 09:03:59.994879,0 days 00:00:02.673330,2,1,1,45,20.0,,,,,,,,,,,,,,COMPLETE
431,431,0.7940251572327044,2025-01-08 09:04:00.003754,2025-01-08 09:04:05.984988,0 days 00:00:05.981234,6,1,1,50,40.0,,,,,,45.0,25.0,15.0,20.0,,,,,COMPLETE
432,432,0.8194780737153619,2025-01-08 09:04:05.986181,2025-01-08 09:04:11.060209,0 days 00:00:05.074028,5,1,1,40,40.0,,,,,,20.0,50.0,10.0,,,,,,COMPLETE
433,433,0.8777777777777778,2025-01-08 09:04:11.061324,2025-01-08 09:04:17.039254,0 days 00:00:05.977930,7,1,1,35,40.0,,,,,,20.0,25.0,30.0,15.0,35.0,,,,COMPLETE
434,434,0.8265027322404372,2025-01-08 09:04:17.040161,2025-01-08 09:04:22.423569,0 days 00:00:05.383408,6,1,1,45,30.0,,,,,,20.0,25.0,20.0,5.0,,,,,COMPLETE
435,435,0.864367816091954,2025-01-08 09:04:22.424763,2025-01-08 09:04:28.138633,0 days 00:00:05.713870,6,1,1,50,25.0,,,,,,25.0,25.0,35.0,15.0,,,,,COMPLETE
436,436,0.7684210526315789,2025-01-08 09:04:28.139852,2025-01-08 09:04:32.670273,0 days 00:00:04.530421,5,1,1,25,40.0,,,,,,20.0,35.0,10.0,,,,,,COMPLETE
437,437,0.0,2025-01-08 09:04:32.671431,2025-01-08 09:04:38.284689,0 days 00:00:05.613258,7,9,1,35,40.0,,,,,,20.0,25.0,20.0,10.0,25.0,,,,COMPLETE
438,438,0.8067345783814375,2025-01-08 09:04:38.285826,2025-01-08 09:04:43.861255,0 days 00:00:05.575429,6,1,1,40,35.0,,,,,,30.0,30.0,30.0,15.0,,,,,COMPLETE
439,439,0.760942760942761,2025-01-08 09:04:43.862460,2025-01-08 09:04:49.944829,0 days 00:00:06.082369,7,3,1,50,40.0,,,,,,25.0,25.0,15.0,15.0,30.0,,,,COMPLETE
440,440,0.7000650618087183,2025-01-08 09:04:49.945995,2025-01-08 09:04:57.356060,0 days 00:00:07.410065,6,1,3,45,30.0,,,,,,20.0,20.0,10.0,15.0,,,,,COMPLETE
441,441,0.8225344782721832,2025-01-08 09:04:57.357259,2025-01-08 09:05:01.086664,0 days 00:00:03.729405,3,1,1,50,40.0,,,,,,25.0,,,,,,,,COMPLETE
442,442,0.823728813559322,2025-01-08 09:05:01.104323,2025-01-08 09:05:06.949361,0 days 00:00:05.845038,7,1,1,40,25.0,,,,,,25.0,25.0,5.0,15.0,50.0,,,,COMPLETE
443,443,0.8688172043010753,2025-01-08 09:05:06.950537,2025-01-08 09:05:11.707993,0 days 00:00:04.757456,5,1,1,45,20.0,,,,,,15.0,45.0,25.0,,,,,,COMPLETE
444,444,0.8285878631003738,2025-01-08 09:05:11.708856,2025-01-08 09:05:17.169773,0 days 00:00:05.460917,6,1,1,40,40.0,,,,,,10.0,30.0,20.0,20.0,,,,,COMPLETE
445,445,0.8392857142857142,2025-01-08 09:05:17.170959,2025-01-08 09:05:22.704307,0 days 00:00:05.533348,6,1,1,50,40.0,,,,,,20.0,25.0,15.0,15.0,,,,,COMPLETE
446,446,0.856416054267948,2025-01-08 09:05:22.705531,2025-01-08 09:05:29.064162,0 days 00:00:06.358631,7,1,1,40,35.0,,,,,,20.0,25.0,25.0,40.0,35.0,,,,COMPLETE
447,447,0.7606951871657754,2025-01-08 09:05:29.065700,2025-01-08 09:05:36.721463,0 days 00:00:07.655763,8,1,2,35,30.0,,,,,,20.0,25.0,10.0,15.0,40.0,20.0,,,COMPLETE
448,448,0.7895617263298762,2025-01-08 09:05:36.722356,2025-01-08 09:05:42.380202,0 days 00:00:05.657846,6,1,1,45,40.0,,,,,,25.0,25.0,25.0,10.0,,,,,COMPLETE
449,449,0.8595628415300547,2025-01-08 09:05:42.381517,2025-01-08 09:05:47.817674,0 days 00:00:05.436157,6,1,1,25,40.0,,,,,,40.0,15.0,40.0,15.0,,,,,COMPLETE
450,450,0.861904761904762,2025-01-08 09:05:47.818748,2025-01-08 09:05:54.562116,0 days 00:00:06.743368,7,1,1,50,40.0,,,,,,20.0,20.0,15.0,50.0,45.0,,,,COMPLETE
451,451,0.8389926428975665,2025-01-08 09:05:54.563097,2025-01-08 09:05:59.524532,0 days 00:00:04.961435,6,3,1,30,25.0,,,,,,20.0,30.0,25.0,15.0,,,,,COMPLETE
452,452,0.8595628415300547,2025-01-08 09:05:59.525565,2025-01-08 09:06:05.476270,0 days 00:00:05.950705,7,1,1,40,45.0,,,,,,25.0,25.0,10.0,15.0,30.0,,,,COMPLETE
453,453,0.8305084745762712,2025-01-08 09:06:05.477413,2025-01-08 09:06:10.970721,0 days 00:00:05.493308,6,1,1,45,40.0,,,,,,20.0,25.0,25.0,15.0,,,,,COMPLETE
454,454,0.8356681034482758,2025-01-08 09:06:10.971936,2025-01-08 09:06:15.882560,0 days 00:00:04.910624,5,1,1,50,35.0,,,,,,25.0,25.0,25.0,,,,,,COMPLETE
455,455,0.7987785278045645,2025-01-08 09:06:15.883622,2025-01-08 09:06:21.977649,0 days 00:00:06.094027,7,1,1,35,40.0,,,,,,20.0,30.0,20.0,10.0,35.0,,,,COMPLETE
456,456,0.20735785953177258,2025-01-08 09:06:21.978756,2025-01-08 09:06:30.499855,0 days 00:00:08.521099,6,1,4,30,30.0,,,,,,20.0,25.0,15.0,25.0,,,,,COMPLETE
457,457,0.30158730158730157,2025-01-08 09:06:30.500946,2025-01-08 09:06:35.515113,0 days 00:00:05.014167,6,5,1,30,40.0,,,,,,25.0,25.0,25.0,15.0,,,,,COMPLETE
458,458,0.7898305084745763,2025-01-08 09:06:35.516184,2025-01-08 09:06:43.223728,0 days 00:00:07.707544,8,1,1,50,40.0,,,,,,50.0,20.0,25.0,15.0,50.0,50.0,,,COMPLETE
459,459,0.8147321428571428,2025-01-08 09:06:43.266402,2025-01-08 09:06:46.874047,0 days 00:00:03.607645,4,1,1,30,15.0,,,,,,30.0,25.0,,,,,,,COMPLETE
460,460,0.7823850851816136,2025-01-08 09:06:46.874812,2025-01-08 09:06:51.785931,0 days 00:00:04.911119,5,1,1,40,25.0,,,,,,45.0,25.0,10.0,,,,,,COMPLETE
461,461,0.864367816091954,2025-01-08 09:06:51.787085,2025-01-08 09:06:57.739522,0 days 00:00:05.952437,7,1,1,45,20.0,,,,,,20.0,30.0,15.0,20.0,25.0,,,,COMPLETE
462,462,0.859212684527064,2025-01-08 09:06:57.740729,2025-01-08 09:07:03.570174,0 days 00:00:05.829445,7,1,1,30,30.0,,,,,,15.0,25.0,25.0,15.0,50.0,,,,COMPLETE
463,463,0.8585526315789473,2025-01-08 09:07:03.571151,2025-01-08 09:07:09.171586,0 days 00:00:05.600435,6,1,1,50,40.0,,,,,,20.0,25.0,30.0,15.0,,,,,COMPLETE
464,464,0.850389321468298,2025-01-08 09:07:09.172694,2025-01-08 09:07:14.759528,0 days 00:00:05.586834,6,1,1,30,40.0,,,,,,25.0,40.0,20.0,15.0,,,,,COMPLETE
465,465,0.8512931034482758,2025-01-08 09:07:14.760900,2025-01-08 09:07:19.781350,0 days 00:00:05.020450,6,1,1,15,45.0,,,,,,20.0,25.0,10.0,15.0,,,,,COMPLETE
466,466,0.883300916921367,2025-01-08 09:07:19.782373,2025-01-08 09:07:25.709411,0 days 00:00:05.927038,7,1,1,35,35.0,,,,,,25.0,25.0,25.0,15.0,45.0,,,,COMPLETE
467,467,0.8349567099567099,2025-01-08 09:07:25.710688,2025-01-08 09:07:30.867373,0 days 00:00:05.156685,5,1,1,45,40.0,,,,,,20.0,30.0,20.0,,,,,,COMPLETE
468,468,0.8975694444444444,2025-01-08 09:07:30.868743,2025-01-08 09:07:36.321182,0 days 00:00:05.452439,6,1,1,40,40.0,,,,,,20.0,25.0,25.0,20.0,,,,,COMPLETE
469,469,0.0,2025-01-08 09:07:36.322386,2025-01-08 09:07:42.856594,0 days 00:00:06.534208,11,1,1,40,40.0,30.0,,,,,15.0,25.0,10.0,20.0,40.0,25.0,5.0,20.0,COMPLETE
470,470,0.3510577472841624,2025-01-08 09:07:42.857687,2025-01-08 09:07:49.738001,0 days 00:00:06.880314,8,3,1,40,25.0,,,,,,25.0,25.0,25.0,25.0,30.0,45.0,,,COMPLETE
471,471,0.8032258064516129,2025-01-08 09:07:49.739023,2025-01-08 09:07:55.140616,0 days 00:00:05.401593,6,1,1,40,40.0,,,,,,20.0,30.0,25.0,25.0,,,,,COMPLETE
472,472,0.8046218487394958,2025-01-08 09:07:55.141782,2025-01-08 09:08:02.265649,0 days 00:00:07.123867,7,1,2,40,35.0,,,,,,30.0,25.0,20.0,20.0,35.0,,,,COMPLETE
473,473,0.8471264367816091,2025-01-08 09:08:02.266890,2025-01-08 09:08:08.145775,0 days 00:00:05.878885,7,1,1,40,30.0,,,,,,25.0,20.0,15.0,20.0,50.0,,,,COMPLETE
474,474,0.8428912783751493,2025-01-08 09:08:08.163569,2025-01-08 09:08:12.957771,0 days 00:00:04.794202,5,1,1,40,20.0,,,,,,45.0,25.0,25.0,,,,,,COMPLETE
475,475,0.0,2025-01-08 09:08:12.958631,2025-01-08 09:08:18.167827,0 days 00:00:05.209196,6,5,1,40,40.0,,,,,,20.0,25.0,10.0,10.0,,,,,COMPLETE
476,476,0.8344430992736077,2025-01-08 09:08:18.169034,2025-01-08 09:08:23.604979,0 days 00:00:05.435945,6,1,1,40,25.0,,,,,,20.0,30.0,30.0,30.0,,,,,COMPLETE
477,477,0.8852459016393442,2025-01-08 09:08:23.606143,2025-01-08 09:08:29.826234,0 days 00:00:06.220091,7,1,1,50,40.0,,,,,,25.0,25.0,5.0,20.0,25.0,,,,COMPLETE
478,478,0.8166666666666667,2025-01-08 09:08:29.827602,2025-01-08 09:08:35.420286,0 days 00:00:05.592684,6,1,1,40,40.0,,,,,,20.0,35.0,25.0,15.0,,,,,COMPLETE
479,479,0.8922908693275013,2025-01-08 09:08:35.421538,2025-01-08 09:08:40.942712,0 days 00:00:05.521174,6,1,1,45,30.0,,,,,,35.0,25.0,10.0,5.0,,,,,COMPLETE
480,480,0.7841634738186463,2025-01-08 09:08:40.943916,2025-01-08 09:08:46.721287,0 days 00:00:05.777371,6,1,1,45,30.0,,,,,,50.0,25.0,10.0,5.0,,,,,COMPLETE
481,481,0.8663517643789942,2025-01-08 09:08:46.722389,2025-01-08 09:08:52.816269,0 days 00:00:06.093880,7,1,1,45,30.0,,,,,,30.0,20.0,10.0,5.0,45.0,,,,COMPLETE
482,482,0.8922908693275013,2025-01-08 09:08:52.817519,2025-01-08 09:08:58.334729,0 days 00:00:05.517210,6,1,1,45,30.0,,,,,,35.0,25.0,10.0,5.0,,,,,COMPLETE
483,483,0.861904761904762,2025-01-08 09:08:58.335919,2025-01-08 09:09:03.214148,0 days 00:00:04.878229,5,1,1,45,30.0,,,,,,35.0,30.0,10.0,,,,,,COMPLETE
484,484,0.8666666666666667,2025-01-08 09:09:03.215265,2025-01-08 09:09:08.691861,0 days 00:00:05.476596,6,1,1,45,30.0,,,,,,40.0,25.0,10.0,5.0,,,,,COMPLETE
485,485,0.8777777777777778,2025-01-08 09:09:08.693101,2025-01-08 09:09:14.988313,0 days 00:00:06.295212,7,1,1,45,30.0,,,,,,45.0,25.0,10.0,10.0,50.0,,,,COMPLETE
486,486,0.0,2025-01-08 09:09:14.989364,2025-01-08 09:09:25.065769,0 days 00:00:10.076405,13,1,1,45,30.0,5.0,40.0,20.0,,,35.0,30.0,10.0,5.0,35.0,15.0,35.0,10.0,COMPLETE
487,487,0.8681732580037664,2025-01-08 09:09:25.067107,2025-01-08 09:09:31.874978,0 days 00:00:06.807871,8,1,1,45,30.0,,,,,,40.0,25.0,10.0,5.0,30.0,40.0,,,COMPLETE
488,488,0.8922908693275013,2025-01-08 09:09:31.876356,2025-01-08 09:09:37.524146,0 days 00:00:05.647790,6,1,1,45,30.0,,,,,,35.0,25.0,10.0,5.0,,,,,COMPLETE
489,489,0.8922908693275013,2025-01-08 09:09:37.525305,2025-01-08 09:09:43.042748,0 days 00:00:05.517443,6,1,1,45,30.0,,,,,,35.0,25.0,10.0,5.0,,,,,COMPLETE
490,490,0.8231638418079097,2025-01-08 09:09:43.043938,2025-01-08 09:09:49.071082,0 days 00:00:06.027144,7,1,1,45,30.0,,,,,,35.0,25.0,10.0,5.0,45.0,,,,COMPLETE
491,491,0.8147335423197493,2025-01-08 09:09:49.072326,2025-01-08 09:09:54.593405,0 days 00:00:05.521079,6,1,1,45,30.0,,,,,,35.0,20.0,10.0,5.0,,,,,COMPLETE
492,492,0.8771883289124669,2025-01-08 09:09:54.595129,2025-01-08 09:10:00.130726,0 days 00:00:05.535597,6,1,1,45,30.0,,,,,,30.0,25.0,10.0,5.0,,,,,COMPLETE
493,493,0.4527659574468085,2025-01-08 09:10:00.131914,2025-01-08 09:10:05.820505,0 days 00:00:05.688591,7,7,1,45,30.0,,,,,,35.0,25.0,10.0,5.0,50.0,,,,COMPLETE
494,494,0.8922908693275013,2025-01-08 09:10:05.821761,2025-01-08 09:10:11.339118,0 days 00:00:05.517357,6,1,1,45,30.0,,,,,,35.0,25.0,10.0,5.0,,,,,COMPLETE
495,495,0.8922908693275013,2025-01-08 09:10:11.340331,2025-01-08 09:10:16.967042,0 days 00:00:05.626711,6,1,1,45,30.0,,,,,,35.0,25.0,10.0,5.0,,,,,COMPLETE
496,496,0.8159065628476085,2025-01-08 09:10:16.968320,2025-01-08 09:10:21.890708,0 days 00:00:04.922388,5,1,1,45,30.0,,,,,,35.0,25.0,10.0,,,,,,COMPLETE
497,497,0.8225344782721832,2025-01-08 09:10:21.891893,2025-01-08 09:10:28.285596,0 days 00:00:06.393703,6,1,2,45,30.0,,,,,,35.0,30.0,10.0,5.0,,,,,COMPLETE
498,498,0.8214285714285714,2025-01-08 09:10:28.287031,2025-01-08 09:10:34.002351,0 days 00:00:05.715320,7,3,1,45,30.0,,,,,,35.0,20.0,10.0,5.0,30.0,,,,COMPLETE
499,499,0.0,2025-01-08 09:10:34.003564,2025-01-08 09:10:40.586844,0 days 00:00:06.583280,5,1,3,45,30.0,,,,,,35.0,25.0,10.0,,,,,,COMPLETE
500,500,0.8160860655737705,2025-01-08 09:10:40.588062,2025-01-08 09:10:44.756818,0 days 00:00:04.168756,4,1,1,45,30.0,,,,,,35.0,25.0,,,,,,,COMPLETE
501,501,0.8666666666666667,2025-01-08 09:10:44.757979,2025-01-08 09:10:50.621630,0 days 00:00:05.863651,6,1,1,45,30.0,,,,,,35.0,45.0,5.0,5.0,,,,,COMPLETE
502,502,0.8852459016393442,2025-01-08 09:10:50.622590,2025-01-08 09:10:56.759302,0 days 00:00:06.136712,7,1,1,45,30.0,,,,,,35.0,25.0,10.0,5.0,40.0,,,,COMPLETE
503,503,0.8923497267759564,2025-01-08 09:10:56.760569,2025-01-08 09:11:02.447225,0 days 00:00:05.686656,6,1,1,45,30.0,,,,,,35.0,35.0,10.0,5.0,,,,,COMPLETE
504,504,0.8923497267759564,2025-01-08 09:11:02.449282,2025-01-08 09:11:08.033427,0 days 00:00:05.584145,6,1,1,45,30.0,,,,,,35.0,35.0,10.0,5.0,,,,,COMPLETE
505,505,0.8582375478927202,2025-01-08 09:11:08.034557,2025-01-08 09:11:15.034702,0 days 00:00:07.000145,8,1,1,45,30.0,,,,,,35.0,40.0,10.0,5.0,25.0,35.0,,,COMPLETE
506,506,0.8547632963179427,2025-01-08 09:11:15.035881,2025-01-08 09:11:20.549527,0 days 00:00:05.513646,6,1,1,45,30.0,,,,,,35.0,30.0,10.0,5.0,,,,,COMPLETE
507,507,0.8681732580037664,2025-01-08 09:11:20.550779,2025-01-08 09:11:26.721605,0 days 00:00:06.170826,7,1,1,45,30.0,,,,,,35.0,35.0,10.0,5.0,45.0,,,,COMPLETE
508,508,0.8320512820512821,2025-01-08 09:11:26.723152,2025-01-08 09:11:31.848608,0 days 00:00:05.125456,5,1,1,45,30.0,,,,,,35.0,35.0,10.0,,,,,,COMPLETE
509,509,0.8547632963179427,2025-01-08 09:11:31.849842,2025-01-08 09:11:37.359531,0 days 00:00:05.509689,6,1,1,45,30.0,,,,,,35.0,30.0,10.0,5.0,,,,,COMPLETE
510,510,0.8870673952641166,2025-01-08 09:11:37.360751,2025-01-08 09:11:43.615038,0 days 00:00:06.254287,7,1,1,45,30.0,,,,,,35.0,40.0,10.0,5.0,20.0,,,,COMPLETE
511,511,0.8870673952641166,2025-01-08 09:11:43.615978,2025-01-08 09:11:49.752305,0 days 00:00:06.136327,7,1,1,45,30.0,,,,,,35.0,40.0,10.0,5.0,20.0,,,,COMPLETE
512,512,0.8492769744160178,2025-01-08 09:11:49.753456,2025-01-08 09:11:56.784030,0 days 00:00:07.030574,8,1,1,45,30.0,,,,,,35.0,40.0,10.0,5.0,20.0,15.0,,,COMPLETE
513,513,0.861228813559322,2025-01-08 09:11:56.785373,2025-01-08 09:12:03.880487,0 days 00:00:07.095114,8,1,1,45,30.0,,,,,,35.0,40.0,10.0,5.0,20.0,45.0,,,COMPLETE
514,514,0.8870673952641166,2025-01-08 09:12:03.907117,2025-01-08 09:12:10.150599,0 days 00:00:06.243482,7,1,1,45,30.0,,,,,,35.0,40.0,10.0,5.0,20.0,,,,COMPLETE
515,515,0.0,2025-01-08 09:12:10.151862,2025-01-08 09:12:19.973994,0 days 00:00:09.822132,7,3,5,45,30.0,,,,,,35.0,40.0,10.0,5.0,15.0,,,,COMPLETE
516,516,0.8870673952641166,2025-01-08 09:12:19.975312,2025-01-08 09:12:26.206267,0 days 00:00:06.230955,7,1,1,45,30.0,,,,,,35.0,40.0,10.0,5.0,20.0,,,,COMPLETE
517,517,0.5450819672131147,2025-01-08 09:12:26.207523,2025-01-08 09:12:32.079047,0 days 00:00:05.871524,7,5,1,45,30.0,,,,,,35.0,40.0,10.0,5.0,20.0,,,,COMPLETE
518,518,0.8777777777777778,2025-01-08 09:12:32.080470,2025-01-08 09:12:38.472011,0 days 00:00:06.391541,7,1,1,45,30.0,,,,,,35.0,40.0,5.0,5.0,15.0,,,,COMPLETE
519,519,0.0,2025-01-08 09:12:38.473268,2025-01-08 09:12:45.359244,0 days 00:00:06.885976,8,1,1,45,30.0,,,,,,35.0,40.0,10.0,5.0,20.0,5.0,,,COMPLETE
520,520,0.9032258064516129,2025-01-08 09:12:45.360463,2025-01-08 09:12:51.632530,0 days 00:00:06.272067,7,1,1,45,30.0,,,,,,35.0,40.0,10.0,5.0,15.0,,,,COMPLETE
521,521,0.9032258064516129,2025-01-08 09:12:51.633530,2025-01-08 09:12:57.804302,0 days 00:00:06.170772,7,1,1,45,30.0,,,,,,35.0,40.0,10.0,5.0,15.0,,,,COMPLETE
522,522,0.8570621468926554,2025-01-08 09:12:57.805555,2025-01-08 09:13:04.649721,0 days 00:00:06.844166,8,1,1,45,30.0,,,,,,35.0,35.0,10.0,5.0,15.0,10.0,,,COMPLETE
523,523,0.8942358540454786,2025-01-08 09:13:04.650975,2025-01-08 09:13:10.943028,0 days 00:00:06.292053,7,1,1,45,30.0,,,,,,35.0,40.0,10.0,5.0,10.0,,,,COMPLETE
524,524,0.8942358540454786,2025-01-08 09:13:10.944254,2025-01-08 09:13:17.125093,0 days 00:00:06.180839,7,1,1,45,30.0,,,,,,35.0,40.0,10.0,5.0,10.0,,,,COMPLETE
525,525,0.8942358540454786,2025-01-08 09:13:17.126343,2025-01-08 09:13:23.413240,0 days 00:00:06.286897,7,1,1,45,30.0,,,,,,35.0,40.0,10.0,5.0,10.0,,,,COMPLETE
526,526,0.8942358540454786,2025-01-08 09:13:23.414472,2025-01-08 09:13:29.596382,0 days 00:00:06.181910,7,1,1,45,30.0,,,,,,35.0,40.0,10.0,5.0,10.0,,,,COMPLETE
527,527,0.8942358540454786,2025-01-08 09:13:29.597807,2025-01-08 09:13:35.907172,0 days 00:00:06.309365,7,1,1,45,30.0,,,,,,35.0,40.0,10.0,5.0,10.0,,,,COMPLETE
528,528,0.8942358540454786,2025-01-08 09:13:35.908365,2025-01-08 09:13:42.086159,0 days 00:00:06.177794,7,1,1,45,30.0,,,,,,35.0,40.0,10.0,5.0,10.0,,,,COMPLETE
529,529,0.8942358540454786,2025-01-08 09:13:42.087450,2025-01-08 09:13:48.376218,0 days 00:00:06.288768,7,1,1,45,30.0,,,,,,35.0,40.0,10.0,5.0,10.0,,,,COMPLETE
530,530,0.3744144144144144,2025-01-08 09:13:48.377360,2025-01-08 09:13:56.849137,0 days 00:00:08.471777,8,1,4,45,30.0,,,,,,35.0,40.0,10.0,5.0,10.0,25.0,,,COMPLETE
531,531,0.8942358540454786,2025-01-08 09:13:56.850366,2025-01-08 09:14:03.135594,0 days 00:00:06.285228,7,1,1,45,30.0,,,,,,35.0,40.0,10.0,5.0,10.0,,,,COMPLETE
532,532,0.8368421052631578,2025-01-08 09:14:03.136873,2025-01-08 09:14:10.026280,0 days 00:00:06.889407,8,1,1,45,30.0,,,,,,40.0,40.0,5.0,5.0,10.0,30.0,,,COMPLETE
533,533,0.8942358540454786,2025-01-08 09:14:10.027273,2025-01-08 09:14:16.312675,0 days 00:00:06.285402,7,1,1,45,30.0,,,,,,35.0,40.0,10.0,5.0,10.0,,,,COMPLETE
534,534,0.8942358540454786,2025-01-08 09:14:16.313915,2025-01-08 09:14:22.492609,0 days 00:00:06.178694,7,1,1,45,30.0,,,,,,35.0,40.0,10.0,5.0,10.0,,,,COMPLETE
535,535,0.765270227054685,2025-01-08 09:14:22.493844,2025-01-08 09:14:29.576691,0 days 00:00:07.082847,8,1,1,45,30.0,,,,,,35.0,40.0,10.0,5.0,10.0,20.0,,,COMPLETE
536,536,0.8942358540454786,2025-01-08 09:14:29.578142,2025-01-08 09:14:35.890380,0 days 00:00:06.312238,7,1,1,45,30.0,,,,,,35.0,40.0,10.0,5.0,10.0,,,,COMPLETE
537,537,0.8499583217560434,2025-01-08 09:14:35.891665,2025-01-08 09:14:41.991317,0 days 00:00:06.099652,7,1,1,45,30.0,,,,,,35.0,40.0,5.0,5.0,10.0,,,,COMPLETE
538,538,0.8942358540454786,2025-01-08 09:14:41.992522,2025-01-08 09:14:48.285208,0 days 00:00:06.292686,7,1,1,45,30.0,,,,,,35.0,40.0,10.0,5.0,10.0,,,,COMPLETE
539,539,0.8942358540454786,2025-01-08 09:14:48.286454,2025-01-08 09:14:54.464511,0 days 00:00:06.178057,7,1,1,45,30.0,,,,,,35.0,40.0,10.0,5.0,10.0,,,,COMPLETE
540,540,0.8942358540454786,2025-01-08 09:14:54.465775,2025-01-08 09:15:00.750586,0 days 00:00:06.284811,7,1,1,45,30.0,,,,,,35.0,40.0,10.0,5.0,10.0,,,,COMPLETE
541,541,0.8942358540454786,2025-01-08 09:15:00.751829,2025-01-08 09:15:06.931318,0 days 00:00:06.179489,7,1,1,45,30.0,,,,,,35.0,40.0,10.0,5.0,10.0,,,,COMPLETE
542,542,0.8499583217560434,2025-01-08 09:15:06.932506,2025-01-08 09:15:13.308332,0 days 00:00:06.375826,7,1,1,45,30.0,,,,,,35.0,40.0,10.0,5.0,5.0,,,,COMPLETE
543,543,0.8297382801265458,2025-01-08 09:15:13.309613,2025-01-08 09:15:20.218917,0 days 00:00:06.909304,8,1,1,45,30.0,,,,,,35.0,40.0,10.0,5.0,10.0,40.0,,,COMPLETE
544,544,0.8942358540454786,2025-01-08 09:15:20.220135,2025-01-08 09:15:26.508769,0 days 00:00:06.288634,7,1,1,45,30.0,,,,,,35.0,40.0,10.0,5.0,10.0,,,,COMPLETE
545,545,0.8942358540454786,2025-01-08 09:15:26.510302,2025-01-08 09:15:32.690796,0 days 00:00:06.180494,7,1,1,45,30.0,,,,,,35.0,40.0,10.0,5.0,10.0,,,,COMPLETE
546,546,0.4601339013998783,2025-01-08 09:15:32.692020,2025-01-08 09:15:38.536390,0 days 00:00:05.844370,7,1,5,45,30.0,,,,,,40.0,40.0,10.0,5.0,5.0,,,,COMPLETE
547,547,0.8870673952641166,2025-01-08 09:15:38.537705,2025-01-08 09:15:45.505421,0 days 00:00:06.967716,8,1,1,45,30.0,,,,,,35.0,40.0,10.0,5.0,10.0,50.0,,,COMPLETE
548,548,0.8499583217560434,2025-01-08 09:15:45.506630,2025-01-08 09:15:51.716646,0 days 00:00:06.210016,7,1,1,45,30.0,,,,,,35.0,40.0,5.0,5.0,10.0,,,,COMPLETE
549,549,0.2606060606060606,2025-01-08 09:15:51.717938,2025-01-08 09:15:58.770826,0 days 00:00:07.052888,8,1,1,45,30.0,,,,,,40.0,40.0,10.0,5.0,10.0,10.0,,,COMPLETE
550,550,0.8942358540454786,2025-01-08 09:15:58.771898,2025-01-08 09:16:04.952297,0 days 00:00:06.180399,7,1,1,45,30.0,,,,,,35.0,40.0,10.0,5.0,10.0,,,,COMPLETE
551,551,0.8499583217560434,2025-01-08 09:16:04.953577,2025-01-08 09:16:11.324771,0 days 00:00:06.371194,7,1,1,45,30.0,,,,,,35.0,40.0,10.0,5.0,5.0,,,,COMPLETE
552,552,0.0,2025-01-08 09:16:11.326066,2025-01-08 09:16:17.092775,0 days 00:00:05.766709,7,9,1,45,30.0,,,,,,35.0,40.0,10.0,5.0,10.0,,,,COMPLETE
553,553,0.8942358540454786,2025-01-08 09:16:17.094058,2025-01-08 09:16:23.381668,0 days 00:00:06.287610,7,1,1,45,30.0,,,,,,35.0,40.0,10.0,5.0,10.0,,,,COMPLETE
554,554,0.8942358540454786,2025-01-08 09:16:23.382881,2025-01-08 09:16:29.571923,0 days 00:00:06.189042,7,1,1,45,30.0,,,,,,35.0,40.0,10.0,5.0,10.0,,,,COMPLETE
555,555,0.8942358540454786,2025-01-08 09:16:29.573295,2025-01-08 09:16:35.881042,0 days 00:00:06.307747,7,1,1,45,30.0,,,,,,35.0,40.0,10.0,5.0,10.0,,,,COMPLETE
556,556,0.8688172043010753,2025-01-08 09:16:35.882291,2025-01-08 09:16:42.071929,0 days 00:00:06.189638,7,1,1,45,30.0,,,,,,35.0,40.0,5.0,5.0,5.0,,,,COMPLETE
557,557,0.8592896174863388,2025-01-08 09:16:42.073120,2025-01-08 09:16:49.157085,0 days 00:00:07.083965,8,1,1,45,30.0,,,,,,35.0,40.0,10.0,5.0,10.0,35.0,,,COMPLETE
558,558,0.8403954802259888,2025-01-08 09:16:49.158366,2025-01-08 09:16:55.394489,0 days 00:00:06.236123,7,1,1,45,30.0,,,,,,35.0,45.0,10.0,5.0,10.0,,,,COMPLETE
559,559,0.0,2025-01-08 09:16:55.395809,2025-01-08 09:17:02.262387,0 days 00:00:06.866578,9,1,1,45,30.0,,,,,,40.0,40.0,10.0,5.0,10.0,5.0,10.0,,COMPLETE
560,560,0.8942358540454786,2025-01-08 09:17:02.263462,2025-01-08 09:17:08.555664,0 days 00:00:06.292202,7,1,1,45,30.0,,,,,,35.0,40.0,10.0,5.0,10.0,,,,COMPLETE
561,561,0.751349527665317,2025-01-08 09:17:08.556870,2025-01-08 09:17:15.517840,0 days 00:00:06.960970,8,1,1,45,30.0,,,,,,35.0,40.0,10.0,5.0,10.0,25.0,,,COMPLETE
562,562,0.9032258064516129,2025-01-08 09:17:15.519097,2025-01-08 09:17:21.800885,0 days 00:00:06.281788,7,1,1,45,30.0,,,,,,35.0,40.0,10.0,5.0,15.0,,,,COMPLETE
563,563,0.8759562841530055,2025-01-08 09:17:21.802077,2025-01-08 09:17:28.065283,0 days 00:00:06.263206,7,1,1,45,30.0,,,,,,35.0,45.0,10.0,5.0,15.0,,,,COMPLETE
564,564,0.2765957446808511,2025-01-08 09:17:28.066772,2025-01-08 09:17:34.909881,0 days 00:00:06.843109,8,1,1,45,30.0,,,,,,35.0,40.0,5.0,5.0,15.0,15.0,,,COMPLETE
565,565,0.8499583217560434,2025-01-08 09:17:34.911065,2025-01-08 09:17:41.183189,0 days 00:00:06.272124,7,1,1,45,30.0,,,,,,35.0,40.0,10.0,5.0,5.0,,,,COMPLETE
566,566,0.9032258064516129,2025-01-08 09:17:41.184389,2025-01-08 09:17:47.476074,0 days 00:00:06.291685,7,1,1,45,30.0,,,,,,35.0,40.0,10.0,5.0,15.0,,,,COMPLETE
567,567,0.9032258064516129,2025-01-08 09:17:47.477040,2025-01-08 09:17:53.650639,0 days 00:00:06.173599,7,1,1,45,30.0,,,,,,35.0,40.0,10.0,5.0,15.0,,,,COMPLETE
568,568,0.7997580157289776,2025-01-08 09:17:53.651850,2025-01-08 09:18:00.543982,0 days 00:00:06.892132,8,1,1,45,30.0,,,,,,30.0,40.0,10.0,5.0,15.0,30.0,,,COMPLETE
569,569,0.8759562841530055,2025-01-08 09:18:00.545213,2025-01-08 09:18:06.804845,0 days 00:00:06.259632,7,1,1,45,30.0,,,,,,35.0,45.0,10.0,5.0,15.0,,,,COMPLETE
570,570,0.8849462365591398,2025-01-08 09:18:06.806079,2025-01-08 09:18:13.251100,0 days 00:00:06.445021,7,1,1,45,30.0,,,,,,40.0,40.0,10.0,5.0,15.0,,,,COMPLETE
571,571,0.030303030303030304,2025-01-08 09:18:13.252333,2025-01-08 09:18:22.876281,0 days 00:00:09.623948,7,1,4,45,30.0,,,,,,35.0,40.0,15.0,5.0,15.0,,,,COMPLETE
572,572,0.8570621468926554,2025-01-08 09:18:22.877580,2025-01-08 09:18:28.934783,0 days 00:00:06.057203,7,1,1,45,30.0,,,,,,30.0,40.0,10.0,5.0,15.0,,,,COMPLETE
573,573,0.9032258064516129,2025-01-08 09:18:28.936173,2025-01-08 09:18:35.237505,0 days 00:00:06.301332,7,1,1,45,30.0,,,,,,35.0,40.0,10.0,5.0,15.0,,,,COMPLETE
574,574,0.8777777777777778,2025-01-08 09:18:35.238756,2025-01-08 09:18:41.501804,0 days 00:00:06.263048,7,1,1,45,30.0,,,,,,35.0,40.0,5.0,5.0,15.0,,,,COMPLETE
575,575,0.8452380952380952,2025-01-08 09:18:41.502960,2025-01-08 09:18:48.561013,0 days 00:00:07.058053,8,1,1,45,25.0,,,,,,35.0,40.0,10.0,5.0,15.0,45.0,,,COMPLETE
576,576,0.8849462365591398,2025-01-08 09:18:48.562395,2025-01-08 09:18:54.905037,0 days 00:00:06.342642,7,1,1,45,30.0,,,,,,40.0,40.0,10.0,5.0,15.0,,,,COMPLETE
577,577,0.9032258064516129,2025-01-08 09:18:54.906230,2025-01-08 09:19:01.184080,0 days 00:00:06.277850,7,1,1,45,30.0,,,,,,35.0,40.0,10.0,5.0,15.0,,,,COMPLETE
578,578,0.8777777777777778,2025-01-08 09:19:01.185286,2025-01-08 09:19:07.434765,0 days 00:00:06.249479,7,1,1,45,30.0,,,,,,35.0,40.0,15.0,5.0,15.0,,,,COMPLETE
579,579,0.9032258064516129,2025-01-08 09:19:07.435958,2025-01-08 09:19:13.713196,0 days 00:00:06.277238,7,1,1,45,30.0,,,,,,35.0,40.0,10.0,5.0,15.0,,,,COMPLETE
580,580,0.8499583217560434,2025-01-08 09:19:13.714414,2025-01-08 09:19:20.839033,0 days 00:00:07.124619,8,1,1,45,30.0,,,,,,40.0,40.0,10.0,5.0,15.0,40.0,,,COMPLETE
581,581,0.8849462365591398,2025-01-08 09:19:20.840418,2025-01-08 09:19:27.031605,0 days 00:00:06.191187,7,1,1,45,25.0,,,,,,35.0,45.0,10.0,5.0,15.0,,,,COMPLETE
582,582,0.8681732580037664,2025-01-08 09:19:27.033106,2025-01-08 09:19:33.387576,0 days 00:00:06.354470,7,1,1,45,30.0,,,,,,30.0,40.0,15.0,5.0,15.0,,,,COMPLETE
583,583,0.9032258064516129,2025-01-08 09:19:33.388802,2025-01-08 09:19:39.561979,0 days 00:00:06.173177,7,1,1,45,30.0,,,,,,35.0,40.0,10.0,5.0,15.0,,,,COMPLETE
584,584,0.861904761904762,2025-01-08 09:19:39.563275,2025-01-08 09:19:46.520487,0 days 00:00:06.957212,8,1,1,45,30.0,,,,,,35.0,40.0,10.0,5.0,15.0,20.0,,,COMPLETE
585,585,0.8777777777777778,2025-01-08 09:19:46.521769,2025-01-08 09:19:52.782271,0 days 00:00:06.260502,7,1,1,45,30.0,,,,,,35.0,40.0,5.0,5.0,15.0,,,,COMPLETE
586,586,0.8681732580037664,2025-01-08 09:19:52.783557,2025-01-08 09:19:59.118514,0 days 00:00:06.334957,7,1,1,45,30.0,,,,,,30.0,40.0,15.0,5.0,15.0,,,,COMPLETE
587,587,0.8759562841530055,2025-01-08 09:19:59.119652,2025-01-08 09:20:05.378151,0 days 00:00:06.258499,7,1,1,45,30.0,,,,,,35.0,45.0,10.0,5.0,15.0,,,,COMPLETE
588,588,0.8570621468926554,2025-01-08 09:20:05.379419,2025-01-08 09:20:11.684541,0 days 00:00:06.305122,7,1,1,45,25.0,,,,,,35.0,40.0,10.0,5.0,15.0,,,,COMPLETE
589,589,0.8095238095238095,2025-01-08 09:20:11.685748,2025-01-08 09:20:18.708742,0 days 00:00:07.022994,8,1,1,45,30.0,,,,,,35.0,40.0,10.0,5.0,15.0,35.0,,,COMPLETE
590,590,0.9032258064516129,2025-01-08 09:20:18.710006,2025-01-08 09:20:24.887415,0 days 00:00:06.177409,7,1,1,45,30.0,,,,,,35.0,40.0,10.0,5.0,15.0,,,,COMPLETE
591,591,0.8570621468926554,2025-01-08 09:20:24.889106,2025-01-08 09:20:31.194267,0 days 00:00:06.305161,7,1,1,45,30.0,,,,,,30.0,40.0,10.0,10.0,15.0,,,,COMPLETE
592,592,0.7859649122807018,2025-01-08 09:20:31.195499,2025-01-08 09:20:38.359295,0 days 00:00:07.163796,8,1,1,40,30.0,,,,,,35.0,40.0,15.0,5.0,15.0,50.0,,,COMPLETE
593,593,0.856416054267948,2025-01-08 09:20:38.360573,2025-01-08 09:20:44.757627,0 days 00:00:06.397054,7,1,1,45,35.0,,,,,,40.0,40.0,10.0,5.0,15.0,,,,COMPLETE
594,594,0.0,2025-01-08 09:20:44.758824,2025-01-08 09:20:51.066161,0 days 00:00:06.307337,9,1,1,40,25.0,,,,,,35.0,40.0,10.0,5.0,15.0,25.0,40.0,,COMPLETE
595,595,0.9032258064516129,2025-01-08 09:20:51.090874,2025-01-08 09:20:57.369623,0 days 00:00:06.278749,7,1,1,45,30.0,,,,,,35.0,40.0,10.0,5.0,15.0,,,,COMPLETE
596,596,0.8777777777777778,2025-01-08 09:20:57.370882,2025-01-08 09:21:03.631551,0 days 00:00:06.260669,7,1,1,45,30.0,,,,,,35.0,40.0,5.0,5.0,15.0,,,,COMPLETE
597,597,0.8777777777777778,2025-01-08 09:21:03.632739,2025-01-08 09:21:10.063074,0 days 00:00:06.430335,7,1,1,45,30.0,,,,,,35.0,45.0,10.0,10.0,15.0,,,,COMPLETE
598,598,0.8777777777777778,2025-01-08 09:21:10.064344,2025-01-08 09:21:16.561802,0 days 00:00:06.497458,7,1,1,45,30.0,,,,,,35.0,40.0,15.0,35.0,15.0,,,,COMPLETE
599,599,0.08823529411764706,2025-01-08 09:21:16.563107,2025-01-08 09:21:23.167159,0 days 00:00:06.604052,8,1,1,40,25.0,,,,,,35.0,40.0,10.0,5.0,15.0,10.0,,,COMPLETE
600,600,0.8251231527093597,2025-01-08 09:21:23.168471,2025-01-08 09:21:30.102521,0 days 00:00:06.934050,8,1,1,45,30.0,,,,,,40.0,40.0,10.0,5.0,15.0,5.0,,,COMPLETE
601,601,0.9032258064516129,2025-01-08 09:21:30.104063,2025-01-08 09:21:36.403179,0 days 00:00:06.299116,7,1,1,45,30.0,,,,,,35.0,40.0,10.0,5.0,15.0,,,,COMPLETE
602,602,0.8173018753781004,2025-01-08 09:21:36.404391,2025-01-08 09:21:42.638915,0 days 00:00:06.234524,7,1,1,45,30.0,,,,,,35.0,35.0,10.0,10.0,15.0,,,,COMPLETE
603,603,0.8570621468926554,2025-01-08 09:21:42.640292,2025-01-08 09:21:48.708906,0 days 00:00:06.068614,7,1,1,45,30.0,,,,,,30.0,40.0,10.0,5.0,15.0,,,,COMPLETE
604,604,0.8595628415300547,2025-01-08 09:21:48.710229,2025-01-08 09:21:55.123847,0 days 00:00:06.413618,7,1,1,40,35.0,,,,,,35.0,40.0,15.0,5.0,15.0,,,,COMPLETE
605,605,0.8595628415300547,2025-01-08 09:21:55.125122,2025-01-08 09:22:01.184394,0 days 00:00:06.059272,7,1,1,40,25.0,,,,,,35.0,45.0,5.0,5.0,15.0,,,,COMPLETE
606,606,0.8777777777777778,2025-01-08 09:22:01.185593,2025-01-08 09:22:07.557508,0 days 00:00:06.371915,7,1,1,45,30.0,,,,,,35.0,40.0,15.0,5.0,15.0,,,,COMPLETE
607,607,0.8570621468926554,2025-01-08 09:22:07.558775,2025-01-08 09:22:13.627535,0 days 00:00:06.068760,7,1,1,45,30.0,,,,,,30.0,40.0,10.0,5.0,15.0,,,,COMPLETE
608,608,0.9032258064516129,2025-01-08 09:22:13.628816,2025-01-08 09:22:20.049192,0 days 00:00:06.420376,7,1,1,45,30.0,,,,,,40.0,35.0,10.0,10.0,20.0,,,,COMPLETE
609,609,0.8305084745762712,2025-01-08 09:22:20.050514,2025-01-08 09:22:26.808025,0 days 00:00:06.757511,8,1,1,40,35.0,,,,,,30.0,35.0,10.0,10.0,15.0,30.0,,,COMPLETE
610,610,0.9032258064516129,2025-01-08 09:22:26.809460,2025-01-08 09:22:33.245100,0 days 00:00:06.435640,7,1,1,45,30.0,,,,,,40.0,35.0,10.0,10.0,20.0,,,,COMPLETE
611,611,0.8570621468926554,2025-01-08 09:22:33.246264,2025-01-08 09:22:39.554917,0 days 00:00:06.308653,7,1,1,45,30.0,,,,,,40.0,40.0,10.0,10.0,20.0,,,,COMPLETE
612,612,0.8401129943502825,2025-01-08 09:22:39.555986,2025-01-08 09:22:45.674741,0 days 00:00:06.118755,7,1,1,40,30.0,,,,,,40.0,35.0,10.0,10.0,20.0,,,,COMPLETE
613,613,0.8849462365591398,2025-01-08 09:22:45.675760,2025-01-08 09:22:51.959285,0 days 00:00:06.283525,7,1,1,45,25.0,,,,,,40.0,40.0,15.0,10.0,20.0,,,,COMPLETE
614,614,0.8297382801265458,2025-01-08 09:22:51.960618,2025-01-08 09:22:58.689419,0 days 00:00:06.728801,8,1,1,20,30.0,,,,,,45.0,35.0,10.0,10.0,20.0,45.0,,,COMPLETE
615,615,0.8499583217560434,2025-01-08 09:22:58.690428,2025-01-08 09:23:05.833286,0 days 00:00:07.142858,8,1,1,45,30.0,,,,,,40.0,35.0,10.0,10.0,15.0,40.0,,,COMPLETE
616,616,0.0,2025-01-08 09:23:05.834624,2025-01-08 09:23:10.973518,0 days 00:00:05.138894,7,7,1,10,30.0,,,,,,30.0,35.0,10.0,10.0,15.0,,,,COMPLETE
617,617,0.8849462365591398,2025-01-08 09:23:10.974529,2025-01-08 09:23:17.210790,0 days 00:00:06.236261,7,1,1,45,30.0,,,,,,35.0,35.0,15.0,10.0,20.0,,,,COMPLETE
618,618,0.8214192196910186,2025-01-08 09:23:17.212062,2025-01-08 09:23:21.460790,0 days 00:00:04.248728,4,1,1,45,25.0,,,,,,40.0,40.0,,,,,,,COMPLETE
619,619,0.8227812323346524,2025-01-08 09:23:21.462015,2025-01-08 09:23:29.967317,0 days 00:00:08.505302,7,1,3,45,30.0,,,,,,35.0,35.0,5.0,10.0,15.0,,,,COMPLETE
620,620,0.8543859649122807,2025-01-08 09:23:29.968654,2025-01-08 09:23:36.322602,0 days 00:00:06.353948,7,1,1,45,35.0,,,,,,45.0,40.0,10.0,5.0,15.0,,,,COMPLETE
621,621,0.8663517643789942,2025-01-08 09:23:36.323955,2025-01-08 09:23:42.660810,0 days 00:00:06.336855,7,1,1,45,30.0,,,,,,40.0,35.0,10.0,5.0,15.0,,,,COMPLETE
622,622,0.8091853471842537,2025-01-08 09:23:42.661965,2025-01-08 09:23:49.637429,0 days 00:00:06.975464,8,1,1,40,30.0,,,,,,40.0,40.0,15.0,5.0,20.0,10.0,,,COMPLETE
623,623,0.7794871794871795,2025-01-08 09:23:49.638735,2025-01-08 09:23:56.682706,0 days 00:00:07.043971,8,1,1,45,30.0,,,,,,35.0,45.0,10.0,5.0,15.0,35.0,,,COMPLETE
624,624,0.8688172043010753,2025-01-08 09:23:56.683761,2025-01-08 09:24:03.192891,0 days 00:00:06.509130,7,1,1,45,30.0,,,,,,45.0,40.0,10.0,5.0,20.0,,,,COMPLETE
625,625,0.8740112994350282,2025-01-08 09:24:03.194222,2025-01-08 09:24:09.153577,0 days 00:00:05.959355,7,1,1,45,25.0,,,,,,30.0,40.0,10.0,10.0,15.0,,,,COMPLETE
626,626,0.8595628415300547,2025-01-08 09:24:09.154892,2025-01-08 09:24:15.328308,0 days 00:00:06.173416,7,1,1,40,30.0,,,,,,35.0,40.0,10.0,5.0,15.0,,,,COMPLETE
627,627,0.7752206809583859,2025-01-08 09:24:15.329573,2025-01-08 09:24:21.456364,0 days 00:00:06.126791,7,3,1,45,35.0,,,,,,35.0,40.0,10.0,5.0,15.0,,,,COMPLETE
628,628,0.8570621468926554,2025-01-08 09:24:21.457679,2025-01-08 09:24:28.402609,0 days 00:00:06.944930,8,1,1,40,30.0,,,,,,35.0,45.0,15.0,5.0,15.0,15.0,,,COMPLETE
629,629,0.8923497267759564,2025-01-08 09:24:28.403631,2025-01-08 09:24:34.649516,0 days 00:00:06.245885,7,1,1,45,30.0,,,,,,35.0,40.0,10.0,10.0,20.0,,,,COMPLETE
630,630,0.8663517643789942,2025-01-08 09:24:34.650772,2025-01-08 09:24:40.587224,0 days 00:00:05.936452,7,1,1,45,30.0,,,,,,30.0,35.0,5.0,5.0,15.0,,,,COMPLETE
631,631,0.7854406130268199,2025-01-08 09:24:40.588441,2025-01-08 09:24:47.299800,0 days 00:00:06.711359,8,1,1,40,25.0,,,,,,35.0,40.0,10.0,5.0,15.0,20.0,,,COMPLETE
632,632,0.8849462365591398,2025-01-08 09:24:47.300872,2025-01-08 09:24:53.761263,0 days 00:00:06.460391,7,1,1,45,30.0,,,,,,40.0,40.0,10.0,5.0,15.0,,,,COMPLETE
633,633,0.8942358540454786,2025-01-08 09:24:53.762489,2025-01-08 09:25:00.043280,0 days 00:00:06.280791,7,1,1,45,30.0,,,,,,35.0,35.0,15.0,5.0,20.0,,,,COMPLETE
634,634,0.844047619047619,2025-01-08 09:25:00.044525,2025-01-08 09:25:06.234586,0 days 00:00:06.190061,7,1,1,45,30.0,,,,,,35.0,40.0,10.0,10.0,15.0,,,,COMPLETE
635,635,0.883300916921367,2025-01-08 09:25:06.235856,2025-01-08 09:25:12.647980,0 days 00:00:06.412124,7,1,1,45,35.0,,,,,,35.0,40.0,10.0,5.0,15.0,,,,COMPLETE
636,636,0.8053197509903791,2025-01-08 09:25:12.649206,2025-01-08 09:25:19.503276,0 days 00:00:06.854070,8,1,1,45,25.0,,,,,,30.0,45.0,10.0,5.0,15.0,50.0,,,COMPLETE
637,637,0.8595628415300547,2025-01-08 09:25:19.504287,2025-01-08 09:25:25.720224,0 days 00:00:06.215937,7,1,1,40,30.0,,,,,,35.0,40.0,10.0,5.0,15.0,,,,COMPLETE
638,638,0.8870673952641166,2025-01-08 09:25:25.721532,2025-01-08 09:25:31.878474,0 days 00:00:06.156942,7,1,1,45,30.0,,,,,,35.0,40.0,10.0,5.0,20.0,,,,COMPLETE
639,639,0.859212684527064,2025-01-08 09:25:31.879611,2025-01-08 09:25:38.313087,0 days 00:00:06.433476,7,1,1,45,30.0,,,,,,40.0,40.0,10.0,10.0,15.0,,,,COMPLETE
640,640,0.8666666666666667,2025-01-08 09:25:38.314331,2025-01-08 09:25:44.447419,0 days 00:00:06.133088,7,1,1,40,30.0,,,,,,35.0,35.0,15.0,5.0,20.0,,,,COMPLETE
641,641,0.8777777777777778,2025-01-08 09:25:44.448611,2025-01-08 09:25:50.833270,0 days 00:00:06.384659,7,1,1,45,30.0,,,,,,35.0,40.0,5.0,5.0,15.0,,,,COMPLETE
642,642,0.8572639909553419,2025-01-08 09:25:50.834522,2025-01-08 09:25:58.088913,0 days 00:00:07.254391,8,1,1,45,35.0,,,,,,30.0,40.0,10.0,40.0,15.0,30.0,,,COMPLETE
643,643,0.8481045081967213,2025-01-08 09:25:58.090151,2025-01-08 09:26:01.575819,0 days 00:00:03.485668,3,1,1,45,30.0,,,,,,35.0,,,,,,,,COMPLETE
644,644,0.8103448275862069,2025-01-08 09:26:01.576938,2025-01-08 09:26:07.777752,0 days 00:00:06.200814,7,1,1,40,50.0,,,,,,40.0,15.0,15.0,5.0,15.0,,,,COMPLETE
645,645,0.8595628415300547,2025-01-08 09:26:07.779005,2025-01-08 09:26:14.089450,0 days 00:00:06.310445,7,1,1,45,25.0,,,,,,35.0,40.0,10.0,10.0,15.0,,,,COMPLETE
646,646,0.8759562841530055,2025-01-08 09:26:14.090507,2025-01-08 09:26:20.477080,0 days 00:00:06.386573,7,1,1,45,30.0,,,,,,35.0,45.0,10.0,5.0,15.0,,,,COMPLETE
647,647,0.8870673952641166,2025-01-08 09:26:20.478352,2025-01-08 09:26:26.645562,0 days 00:00:06.167210,7,1,1,45,30.0,,,,,,35.0,40.0,10.0,5.0,20.0,,,,COMPLETE
648,648,0.8666666666666667,2025-01-08 09:26:26.647110,2025-01-08 09:26:32.827624,0 days 00:00:06.180514,7,1,1,40,25.0,,,,,,35.0,35.0,10.0,5.0,15.0,,,,COMPLETE
649,649,0.8403954802259888,2025-01-08 09:26:32.828788,2025-01-08 09:26:39.977440,0 days 00:00:07.148652,8,1,1,45,30.0,,,,,,40.0,40.0,10.0,10.0,15.0,45.0,,,COMPLETE
650,650,0.8681732580037664,2025-01-08 09:26:39.978774,2025-01-08 09:26:46.335492,0 days 00:00:06.356718,7,1,1,45,30.0,,,,,,30.0,40.0,15.0,5.0,15.0,,,,COMPLETE
651,651,0.38596491228070173,2025-01-08 09:26:46.336750,2025-01-08 09:26:53.225859,0 days 00:00:06.889109,8,1,1,40,30.0,,,,,,45.0,40.0,10.0,5.0,25.0,20.0,,,COMPLETE
652,652,0.8533372365339578,2025-01-08 09:26:53.227025,2025-01-08 09:26:59.540430,0 days 00:00:06.313405,7,1,1,45,35.0,,,,,,35.0,35.0,5.0,5.0,15.0,,,,COMPLETE
653,653,0.9032258064516129,2025-01-08 09:26:59.541561,2025-01-08 09:27:05.731542,0 days 00:00:06.189981,7,1,1,45,30.0,,,,,,35.0,40.0,10.0,5.0,15.0,,,,COMPLETE
654,654,0.6188507647788342,2025-01-08 09:27:05.732723,2025-01-08 09:27:12.797271,0 days 00:00:07.064548,8,1,1,45,30.0,,,,,,35.0,40.0,10.0,5.0,20.0,25.0,,,COMPLETE
655,655,0.844047619047619,2025-01-08 09:27:12.798544,2025-01-08 09:27:18.990934,0 days 00:00:06.192390,7,1,1,45,30.0,,,,,,35.0,40.0,10.0,10.0,15.0,,,,COMPLETE
656,656,0.861904761904762,2025-01-08 09:27:18.992222,2025-01-08 09:27:25.357954,0 days 00:00:06.365732,7,1,1,40,30.0,,,,,,35.0,40.0,15.0,5.0,20.0,,,,COMPLETE
657,657,0.8617133791644632,2025-01-08 09:27:25.359345,2025-01-08 09:27:31.759418,0 days 00:00:06.400073,7,1,1,45,25.0,,,,,,35.0,40.0,20.0,5.0,15.0,,,,COMPLETE
658,658,0.8595628415300547,2025-01-08 09:27:31.760701,2025-01-08 09:27:38.276153,0 days 00:00:06.515452,7,1,1,40,35.0,,,,,,30.0,45.0,20.0,10.0,15.0,,,,COMPLETE
659,659,0.9032258064516129,2025-01-08 09:27:38.277371,2025-01-08 09:27:44.579719,0 days 00:00:06.302348,7,1,1,45,30.0,,,,,,35.0,40.0,10.0,5.0,15.0,,,,COMPLETE
660,660,0.8663517643789942,2025-01-08 09:27:44.581014,2025-01-08 09:27:50.825567,0 days 00:00:06.244553,7,1,1,45,30.0,,,,,,40.0,35.0,10.0,5.0,15.0,,,,COMPLETE
661,661,0.7329813837176993,2025-01-08 09:27:50.826751,2025-01-08 09:27:57.843164,0 days 00:00:07.016413,8,3,1,45,30.0,,,,,,50.0,40.0,10.0,5.0,15.0,40.0,,,COMPLETE
662,662,0.0,2025-01-08 09:27:57.844515,2025-01-08 09:28:04.704713,0 days 00:00:06.860198,11,1,1,45,30.0,15.0,,,,,35.0,40.0,10.0,5.0,15.0,5.0,20.0,45.0,COMPLETE
663,663,0.7234748010610079,2025-01-08 09:28:04.706038,2025-01-08 09:28:10.850577,0 days 00:00:06.144539,7,1,1,40,30.0,,,,,,30.0,40.0,10.0,10.0,15.0,,,,COMPLETE
664,664,0.8688172043010753,2025-01-08 09:28:10.851764,2025-01-08 09:28:17.306297,0 days 00:00:06.454533,7,1,1,45,25.0,,,,,,35.0,35.0,15.0,50.0,15.0,,,,COMPLETE
665,665,0.9032258064516129,2025-01-08 09:28:17.332420,2025-01-08 09:28:23.537196,0 days 00:00:06.204776,7,1,1,45,30.0,,,,,,35.0,40.0,10.0,5.0,15.0,,,,COMPLETE
666,666,0.9032258064516129,2025-01-08 09:28:23.538597,2025-01-08 09:28:29.876453,0 days 00:00:06.337856,7,1,1,45,30.0,,,,,,35.0,40.0,10.0,5.0,15.0,,,,COMPLETE
667,667,0.0,2025-01-08 09:28:29.877446,2025-01-08 09:28:42.321008,0 days 00:00:12.443562,15,5,1,45,30.0,35.0,20.0,40.0,30.0,15.0,35.0,40.0,5.0,5.0,15.0,50.0,25.0,40.0,COMPLETE
668,668,0.423728813559322,2025-01-08 09:28:42.322495,2025-01-08 09:28:49.160988,0 days 00:00:06.838493,8,1,1,45,30.0,,,,,,35.0,40.0,10.0,5.0,15.0,10.0,,,COMPLETE
669,669,0.9032258064516129,2025-01-08 09:28:49.162365,2025-01-08 09:28:55.464295,0 days 00:00:06.301930,7,1,1,45,30.0,,,,,,35.0,40.0,10.0,5.0,15.0,,,,COMPLETE
670,670,0.5943562610229276,2025-01-08 09:28:55.465609,2025-01-08 09:29:00.564577,0 days 00:00:05.098968,8,1,5,45,30.0,,,,,,35.0,40.0,10.0,5.0,15.0,15.0,,,COMPLETE
671,671,0.9032258064516129,2025-01-08 09:29:00.565902,2025-01-08 09:29:06.864394,0 days 00:00:06.298492,7,1,1,45,30.0,,,,,,35.0,40.0,10.0,5.0,15.0,,,,COMPLETE
672,672,0.9032258064516129,2025-01-08 09:29:06.865582,2025-01-08 09:29:13.059641,0 days 00:00:06.194059,7,1,1,45,30.0,,,,,,35.0,40.0,10.0,5.0,15.0,,,,COMPLETE
673,673,0.9032258064516129,2025-01-08 09:29:13.060935,2025-01-08 09:29:19.360486,0 days 00:00:06.299551,7,1,1,45,30.0,,,,,,35.0,40.0,10.0,5.0,15.0,,,,COMPLETE
674,674,0.9032258064516129,2025-01-08 09:29:19.361799,2025-01-08 09:29:25.691175,0 days 00:00:06.329376,7,1,1,45,30.0,,,,,,35.0,40.0,10.0,5.0,15.0,,,,COMPLETE
675,675,0.8570621468926554,2025-01-08 09:29:25.692443,2025-01-08 09:29:32.583994,0 days 00:00:06.891551,8,1,1,45,30.0,,,,,,35.0,40.0,10.0,5.0,15.0,30.0,,,COMPLETE
676,676,0.9032258064516129,2025-01-08 09:29:32.585348,2025-01-08 09:29:38.890135,0 days 00:00:06.304787,7,1,1,45,30.0,,,,,,35.0,40.0,10.0,5.0,15.0,,,,COMPLETE
677,677,0.9032258064516129,2025-01-08 09:29:38.891316,2025-01-08 09:29:45.083926,0 days 00:00:06.192610,7,1,1,45,30.0,,,,,,35.0,40.0,10.0,5.0,15.0,,,,COMPLETE
678,678,0.9032258064516129,2025-01-08 09:29:45.085188,2025-01-08 09:29:51.385321,0 days 00:00:06.300133,7,1,1,45,30.0,,,,,,35.0,40.0,10.0,5.0,15.0,,,,COMPLETE
679,679,0.7794871794871795,2025-01-08 09:29:51.386495,2025-01-08 09:29:58.339193,0 days 00:00:06.952698,8,1,1,45,30.0,,,,,,35.0,45.0,10.0,5.0,15.0,35.0,,,COMPLETE
680,680,0.9032258064516129,2025-01-08 09:29:58.341002,2025-01-08 09:30:04.640167,0 days 00:00:06.299165,7,1,1,45,30.0,,,,,,35.0,40.0,10.0,5.0,15.0,,,,COMPLETE
681,681,0.9032258064516129,2025-01-08 09:30:04.641502,2025-01-08 09:30:10.834730,0 days 00:00:06.193228,7,1,1,45,30.0,,,,,,35.0,40.0,10.0,5.0,15.0,,,,COMPLETE
682,682,0.8375366568914956,2025-01-08 09:30:10.835961,2025-01-08 09:30:19.571848,0 days 00:00:08.735887,7,1,3,45,30.0,,,,,,35.0,40.0,10.0,5.0,15.0,,,,COMPLETE
683,683,0.9032258064516129,2025-01-08 09:30:19.573134,2025-01-08 09:30:25.772764,0 days 00:00:06.199630,7,1,1,45,30.0,,,,,,35.0,40.0,10.0,5.0,15.0,,,,COMPLETE
684,684,0.5277777777777778,2025-01-08 09:30:25.774259,2025-01-08 09:30:34.861588,0 days 00:00:09.087329,7,1,4,45,30.0,,,,,,35.0,40.0,10.0,5.0,15.0,,,,COMPLETE
685,685,0.0,2025-01-08 09:30:34.862878,2025-01-08 09:30:41.620948,0 days 00:00:06.758070,8,9,1,45,30.0,,,,,,35.0,40.0,10.0,5.0,15.0,45.0,,,COMPLETE
686,686,0.9032258064516129,2025-01-08 09:30:41.622234,2025-01-08 09:30:47.927617,0 days 00:00:06.305383,7,1,1,45,30.0,,,,,,35.0,40.0,10.0,5.0,15.0,,,,COMPLETE
687,687,0.8759562841530055,2025-01-08 09:30:47.928827,2025-01-08 09:30:54.312519,0 days 00:00:06.383692,7,1,1,45,30.0,,,,,,35.0,45.0,10.0,5.0,15.0,,,,COMPLETE
688,688,0.8777777777777778,2025-01-08 09:30:54.313765,2025-01-08 09:31:00.594339,0 days 00:00:06.280574,7,1,1,45,30.0,,,,,,35.0,40.0,5.0,5.0,15.0,,,,COMPLETE
689,689,0.861904761904762,2025-01-08 09:31:00.595570,2025-01-08 09:31:07.573322,0 days 00:00:06.977752,8,1,1,45,30.0,,,,,,35.0,40.0,10.0,5.0,15.0,20.0,,,COMPLETE
690,690,0.7083333333333333,2025-01-08 09:31:07.574672,2025-01-08 09:31:13.373933,0 days 00:00:05.799261,7,3,1,45,30.0,,,,,,35.0,40.0,10.0,5.0,15.0,,,,COMPLETE
691,691,0.8777777777777778,2025-01-08 09:31:13.375275,2025-01-08 09:31:19.763025,0 days 00:00:06.387750,7,1,1,45,30.0,,,,,,35.0,40.0,5.0,5.0,15.0,,,,COMPLETE
692,692,0.9032258064516129,2025-01-08 09:31:19.764362,2025-01-08 09:31:25.966671,0 days 00:00:06.202309,7,1,1,45,30.0,,,,,,35.0,40.0,10.0,5.0,15.0,,,,COMPLETE
693,693,0.9032258064516129,2025-01-08 09:31:25.968157,2025-01-08 09:31:32.287055,0 days 00:00:06.318898,7,1,1,45,30.0,,,,,,35.0,40.0,10.0,5.0,15.0,,,,COMPLETE
694,694,0.8305084745762712,2025-01-08 09:31:32.288390,2025-01-08 09:31:39.397595,0 days 00:00:07.109205,8,1,1,45,30.0,,,,,,35.0,40.0,10.0,5.0,15.0,40.0,,,COMPLETE
695,695,0.8942358540454786,2025-01-08 09:31:39.398896,2025-01-08 09:31:45.748417,0 days 00:00:06.349521,7,1,1,45,25.0,,,,,,40.0,40.0,10.0,5.0,15.0,,,,COMPLETE
696,696,0.7582515611061552,2025-01-08 09:31:45.749693,2025-01-08 09:31:53.471418,0 days 00:00:07.721725,9,1,1,45,30.0,,,,,,35.0,40.0,10.0,5.0,15.0,5.0,50.0,,COMPLETE
697,697,0.9032258064516129,2025-01-08 09:31:53.472714,2025-01-08 09:31:59.666050,0 days 00:00:06.193336,7,1,1,45,30.0,,,,,,35.0,40.0,10.0,5.0,15.0,,,,COMPLETE
698,698,0.9032258064516129,2025-01-08 09:31:59.667131,2025-01-08 09:32:05.972466,0 days 00:00:06.305335,7,1,1,45,30.0,,,,,,35.0,40.0,10.0,5.0,15.0,,,,COMPLETE
699,699,0.2765957446808511,2025-01-08 09:32:05.973775,2025-01-08 09:32:12.710203,0 days 00:00:06.736428,8,1,1,45,30.0,,,,,,35.0,40.0,5.0,5.0,15.0,15.0,,,COMPLETE
700,700,0.8849462365591398,2025-01-08 09:32:12.711525,2025-01-08 09:32:19.182363,0 days 00:00:06.470838,7,1,1,45,30.0,,,,,,40.0,40.0,10.0,5.0,15.0,,,,COMPLETE
701,701,0.8570621468926554,2025-01-08 09:32:19.183683,2025-01-08 09:32:25.416959,0 days 00:00:06.233276,7,1,1,45,25.0,,,,,,35.0,40.0,10.0,5.0,15.0,,,,COMPLETE
702,702,0.9032258064516129,2025-01-08 09:32:25.418387,2025-01-08 09:32:31.750894,0 days 00:00:06.332507,7,1,1,45,30.0,,,,,,35.0,40.0,10.0,5.0,15.0,,,,COMPLETE
703,703,0.9032258064516129,2025-01-08 09:32:31.752178,2025-01-08 09:32:37.948704,0 days 00:00:06.196526,7,1,1,45,30.0,,,,,,35.0,40.0,10.0,5.0,15.0,,,,COMPLETE
704,704,0.8759562841530055,2025-01-08 09:32:37.949748,2025-01-08 09:32:44.332508,0 days 00:00:06.382760,7,1,1,45,30.0,,,,,,35.0,45.0,10.0,5.0,15.0,,,,COMPLETE
705,705,0.8455843469063987,2025-01-08 09:32:44.333849,2025-01-08 09:32:48.563379,0 days 00:00:04.229530,4,3,1,45,30.0,,,,,,35.0,40.0,,,,,,,COMPLETE
706,706,0.7648305084745763,2025-01-08 09:32:48.564613,2025-01-08 09:32:55.607424,0 days 00:00:07.042811,8,1,1,45,25.0,,,,,,35.0,35.0,10.0,5.0,20.0,25.0,,,COMPLETE
707,707,0.9032258064516129,2025-01-08 09:32:55.608702,2025-01-08 09:33:01.807074,0 days 00:00:06.198372,7,1,1,45,30.0,,,,,,35.0,40.0,10.0,5.0,15.0,,,,COMPLETE
708,708,0.0,2025-01-08 09:33:01.808288,2025-01-08 09:33:09.663968,0 days 00:00:07.855680,10,5,1,45,30.0,,,,,,40.0,40.0,5.0,5.0,15.0,35.0,35.0,15.0,COMPLETE
709,709,0.9032258064516129,2025-01-08 09:33:09.665094,2025-01-08 09:33:15.861766,0 days 00:00:06.196672,7,1,1,45,30.0,,,,,,35.0,40.0,10.0,5.0,15.0,,,,COMPLETE
710,710,0.8492769744160178,2025-01-08 09:33:15.863007,2025-01-08 09:33:22.919835,0 days 00:00:07.056828,8,1,1,45,30.0,,,,,,35.0,40.0,10.0,5.0,20.0,15.0,,,COMPLETE
711,711,0.9032258064516129,2025-01-08 09:33:22.921397,2025-01-08 09:33:29.114646,0 days 00:00:06.193249,7,1,1,45,30.0,,,,,,35.0,40.0,10.0,5.0,15.0,,,,COMPLETE
712,712,0.8481045081967213,2025-01-08 09:33:29.116000,2025-01-08 09:33:32.727175,0 days 00:00:03.611175,3,1,1,45,30.0,,,,,,35.0,,,,,,,,COMPLETE
713,713,0.8066502463054187,2025-01-08 09:33:32.728371,2025-01-08 09:33:38.974277,0 days 00:00:06.245906,7,1,1,45,30.0,,,,,,35.0,35.0,10.0,5.0,15.0,,,,COMPLETE
714,714,0.40350877192982454,2025-01-08 09:33:38.975525,2025-01-08 09:33:46.000089,0 days 00:00:07.024564,8,1,1,45,25.0,,,,,,40.0,45.0,10.0,5.0,15.0,25.0,,,COMPLETE
715,715,0.8126984126984127,2025-01-08 09:33:46.001406,2025-01-08 09:33:53.277858,0 days 00:00:07.276452,7,1,2,45,30.0,,,,,,35.0,40.0,10.0,5.0,15.0,,,,COMPLETE
716,716,0.9032258064516129,2025-01-08 09:33:53.278947,2025-01-08 09:33:59.474712,0 days 00:00:06.195765,7,1,1,45,30.0,,,,,,35.0,40.0,10.0,5.0,15.0,,,,COMPLETE
717,717,0.8570621468926554,2025-01-08 09:33:59.475995,2025-01-08 09:34:05.977251,0 days 00:00:06.501256,7,1,1,45,25.0,,,,,,45.0,40.0,10.0,5.0,15.0,,,,COMPLETE
718,718,0.8870673952641166,2025-01-08 09:34:05.978424,2025-01-08 09:34:12.139995,0 days 00:00:06.161571,7,1,1,45,30.0,,,,,,35.0,40.0,10.0,5.0,20.0,,,,COMPLETE
719,719,0.7916666666666667,2025-01-08 09:34:12.141392,2025-01-08 09:34:17.967114,0 days 00:00:05.825722,7,1,1,45,5.0,,,,,,35.0,35.0,10.0,5.0,15.0,,,,COMPLETE
720,720,0.8617133791644632,2025-01-08 09:34:17.968081,2025-01-08 09:34:25.238295,0 days 00:00:07.270214,8,1,1,45,30.0,,,,,,35.0,40.0,10.0,5.0,15.0,50.0,,,COMPLETE
721,721,0.8849462365591398,2025-01-08 09:34:25.239805,2025-01-08 09:34:31.743922,0 days 00:00:06.504117,7,1,1,45,30.0,,,,,,40.0,40.0,10.0,5.0,15.0,,,,COMPLETE
722,722,0.0,2025-01-08 09:34:31.745184,2025-01-08 09:34:41.570427,0 days 00:00:09.825243,12,1,1,45,30.0,25.0,35.0,,,,35.0,45.0,10.0,5.0,20.0,10.0,15.0,50.0,COMPLETE
723,723,0.8688172043010753,2025-01-08 09:34:41.571651,2025-01-08 09:34:48.615342,0 days 00:00:07.043691,8,1,1,45,30.0,,,,,,35.0,40.0,5.0,5.0,15.0,45.0,,,COMPLETE
724,724,0.8082437275985663,2025-01-08 09:34:48.616672,2025-01-08 09:34:57.203668,0 days 00:00:08.586996,7,1,3,45,30.0,,,,,,40.0,35.0,10.0,5.0,15.0,,,,COMPLETE
725,725,0.9032258064516129,2025-01-08 09:34:57.204709,2025-01-08 09:35:03.401843,0 days 00:00:06.197134,7,1,1,45,30.0,,,,,,35.0,40.0,10.0,5.0,15.0,,,,COMPLETE
726,726,0.8759562841530055,2025-01-08 09:35:03.403143,2025-01-08 09:35:09.632309,0 days 00:00:06.229166,7,1,1,45,30.0,,,,,,30.0,40.0,10.0,10.0,20.0,,,,COMPLETE
727,727,0.8570621468926554,2025-01-08 09:35:09.633551,2025-01-08 09:35:15.864178,0 days 00:00:06.230627,7,1,1,45,25.0,,,,,,35.0,40.0,10.0,5.0,15.0,,,,COMPLETE
728,728,0.600250626566416,2025-01-08 09:35:15.865499,2025-01-08 09:35:23.010863,0 days 00:00:07.145364,8,1,1,45,30.0,,,,,,35.0,40.0,10.0,5.0,15.0,5.0,,,COMPLETE
729,729,0.8777777777777778,2025-01-08 09:35:23.012240,2025-01-08 09:35:29.296004,0 days 00:00:06.283764,7,1,1,45,30.0,,,,,,35.0,40.0,5.0,5.0,15.0,,,,COMPLETE
730,730,0.8849462365591398,2025-01-08 09:35:29.297281,2025-01-08 09:35:35.786348,0 days 00:00:06.489067,7,1,1,45,30.0,,,,,,40.0,40.0,10.0,5.0,15.0,,,,COMPLETE
731,731,0.8759562841530055,2025-01-08 09:35:35.787628,2025-01-08 09:35:42.177417,0 days 00:00:06.389789,7,1,1,45,30.0,,,,,,35.0,45.0,10.0,5.0,15.0,,,,COMPLETE
732,732,0.8595628415300547,2025-01-08 09:35:42.178696,2025-01-08 09:35:48.377101,0 days 00:00:06.198405,7,1,1,45,25.0,,,,,,35.0,40.0,10.0,10.0,15.0,,,,COMPLETE
733,733,0.8870673952641166,2025-01-08 09:35:48.378376,2025-01-08 09:35:54.698371,0 days 00:00:06.319995,7,1,1,45,30.0,,,,,,35.0,35.0,10.0,45.0,20.0,,,,COMPLETE
734,734,0.7529411764705882,2025-01-08 09:35:54.724457,2025-01-08 09:36:01.413620,0 days 00:00:06.689163,8,3,1,45,30.0,,,,,,35.0,40.0,10.0,5.0,15.0,20.0,,,COMPLETE
735,735,0.8335648791330925,2025-01-08 09:36:01.414782,2025-01-08 09:36:07.334823,0 days 00:00:05.920041,7,1,1,20,30.0,,,,,,35.0,40.0,10.0,5.0,15.0,,,,COMPLETE
736,736,0.8595628415300547,2025-01-08 09:36:07.335973,2025-01-08 09:36:12.929378,0 days 00:00:05.593405,7,1,1,15,25.0,,,,,,30.0,40.0,5.0,5.0,15.0,,,,COMPLETE
737,737,0.9032258064516129,2025-01-08 09:36:12.930518,2025-01-08 09:36:19.236670,0 days 00:00:06.306152,7,1,1,45,30.0,,,,,,35.0,40.0,10.0,5.0,15.0,,,,COMPLETE
738,738,0.0,2025-01-08 09:36:19.237815,2025-01-08 09:36:30.203425,0 days 00:00:10.965610,14,1,1,45,30.0,45.0,15.0,20.0,25.0,,35.0,35.0,10.0,5.0,15.0,35.0,15.0,25.0,COMPLETE
739,739,0.8400226116449971,2025-01-08 09:36:30.205142,2025-01-08 09:36:36.602316,0 days 00:00:06.397174,7,1,1,45,30.0,,,,,,35.0,45.0,10.0,5.0,20.0,,,,COMPLETE
740,740,0.8570621468926554,2025-01-08 09:36:36.603673,2025-01-08 09:36:43.604792,0 days 00:00:07.001119,8,1,1,45,30.0,,,,,,35.0,40.0,10.0,5.0,15.0,30.0,,,COMPLETE
741,741,0.0,2025-01-08 09:36:43.606161,2025-01-08 09:36:49.425218,0 days 00:00:05.819057,7,7,1,45,30.0,,,,,,35.0,40.0,10.0,10.0,15.0,,,,COMPLETE
742,742,0.8688172043010753,2025-01-08 09:36:49.426474,2025-01-08 09:36:55.920538,0 days 00:00:06.494064,7,1,1,45,30.0,,,,,,45.0,40.0,10.0,10.0,15.0,,,,COMPLETE
743,743,0.8681732580037664,2025-01-08 09:36:55.921730,2025-01-08 09:37:02.716202,0 days 00:00:06.794472,8,1,1,45,30.0,,,,,,30.0,40.0,10.0,5.0,15.0,40.0,,,COMPLETE
744,744,0.8849462365591398,2025-01-08 09:37:02.717531,2025-01-08 09:37:09.183746,0 days 00:00:06.466215,7,1,1,45,30.0,,,,,,40.0,40.0,10.0,5.0,15.0,,,,COMPLETE
745,745,0.8570621468926554,2025-01-08 09:37:09.185103,2025-01-08 09:37:15.416481,0 days 00:00:06.231378,7,1,1,45,25.0,,,,,,35.0,40.0,10.0,5.0,15.0,,,,COMPLETE
746,746,0.8526881720430108,2025-01-08 09:37:15.417836,2025-01-08 09:37:19.720251,0 days 00:00:04.302415,4,1,1,45,30.0,,,,,,35.0,40.0,,,,,,,COMPLETE
747,747,0.8777777777777778,2025-01-08 09:37:19.721751,2025-01-08 09:37:26.960064,0 days 00:00:07.238313,8,1,1,45,30.0,,,,,,35.0,40.0,5.0,5.0,15.0,50.0,,,COMPLETE
748,748,0.8360655737704918,2025-01-08 09:37:26.961399,2025-01-08 09:37:33.107200,0 days 00:00:06.145801,7,1,1,45,30.0,,,,,,30.0,35.0,10.0,5.0,20.0,,,,COMPLETE
749,749,0.844047619047619,2025-01-08 09:37:33.108471,2025-01-08 09:37:39.414578,0 days 00:00:06.306107,7,1,1,45,30.0,,,,,,35.0,40.0,10.0,10.0,15.0,,,,COMPLETE
750,750,0.8849462365591398,2025-01-08 09:37:39.415866,2025-01-08 09:37:45.773931,0 days 00:00:06.358065,7,1,1,45,30.0,,,,,,40.0,40.0,10.0,5.0,15.0,,,,COMPLETE
751,751,0.0,2025-01-08 09:37:45.775213,2025-01-08 09:37:52.368746,0 days 00:00:06.593533,8,3,1,45,25.0,,,,,,35.0,40.0,10.0,5.0,20.0,25.0,,,COMPLETE
752,752,0.9032258064516129,2025-01-08 09:37:52.369943,2025-01-08 09:37:58.626868,0 days 00:00:06.256925,7,1,1,45,35.0,,,,,,35.0,35.0,10.0,5.0,15.0,,,,COMPLETE
753,753,0.9032258064516129,2025-01-08 09:37:58.628176,2025-01-08 09:38:04.934886,0 days 00:00:06.306710,7,1,1,45,30.0,,,,,,35.0,40.0,10.0,5.0,15.0,,,,COMPLETE
754,754,0.8759562841530055,2025-01-08 09:38:04.936195,2025-01-08 09:38:11.215319,0 days 00:00:06.279124,7,1,1,45,30.0,,,,,,35.0,45.0,10.0,5.0,15.0,,,,COMPLETE
755,755,0.8759562841530055,2025-01-08 09:38:11.216660,2025-01-08 09:38:17.798053,0 days 00:00:06.581393,7,1,1,45,30.0,,,,,,50.0,40.0,5.0,5.0,15.0,,,,COMPLETE
756,756,0.7601880877742947,2025-01-08 09:38:17.799387,2025-01-08 09:38:24.955405,0 days 00:00:07.156018,8,1,1,45,30.0,,,,,,35.0,40.0,10.0,5.0,15.0,45.0,,,COMPLETE
757,757,0.9032258064516129,2025-01-08 09:38:24.956785,2025-01-08 09:38:31.155973,0 days 00:00:06.199188,7,1,1,45,30.0,,,,,,35.0,40.0,10.0,5.0,15.0,,,,COMPLETE
758,758,0.0,2025-01-08 09:38:31.157224,2025-01-08 09:38:41.709432,0 days 00:00:10.552208,7,1,4,45,25.0,,,,,,35.0,35.0,10.0,5.0,20.0,,,,COMPLETE
759,759,0.8375219170075978,2025-01-08 09:38:41.710821,2025-01-08 09:38:47.804011,0 days 00:00:06.093190,7,1,1,45,30.0,,,,,,30.0,40.0,10.0,10.0,10.0,,,,COMPLETE
760,760,0.8849462365591398,2025-01-08 09:38:47.805363,2025-01-08 09:38:54.272762,0 days 00:00:06.467399,7,1,1,45,30.0,,,,,,40.0,40.0,10.0,5.0,15.0,,,,COMPLETE
761,761,0.844047619047619,2025-01-08 09:38:54.274118,2025-01-08 09:39:00.464347,0 days 00:00:06.190229,7,1,1,45,30.0,,,,,,35.0,40.0,10.0,10.0,15.0,,,,COMPLETE
762,762,0.8544980443285528,2025-01-08 09:39:00.465689,2025-01-08 09:39:07.927294,0 days 00:00:07.461605,7,1,2,45,30.0,,,,,,35.0,45.0,10.0,5.0,15.0,,,,COMPLETE
763,763,0.13513513513513514,2025-01-08 09:39:07.928656,2025-01-08 09:39:15.068394,0 days 00:00:07.139738,8,1,1,45,30.0,,,,,,35.0,40.0,10.0,30.0,20.0,5.0,,,COMPLETE
764,764,0.8499583217560434,2025-01-08 09:39:15.069845,2025-01-08 09:39:21.190770,0 days 00:00:06.120925,7,1,1,45,25.0,,,,,,30.0,40.0,10.0,5.0,15.0,,,,COMPLETE
765,765,0.8852459016393442,2025-01-08 09:39:21.192391,2025-01-08 09:39:27.358896,0 days 00:00:06.166505,7,1,1,45,30.0,,,,,,35.0,35.0,5.0,5.0,15.0,,,,COMPLETE
766,766,0.696969696969697,2025-01-08 09:39:27.360154,2025-01-08 09:39:35.193478,0 days 00:00:07.833324,9,1,1,45,30.0,,,,,,40.0,40.0,10.0,5.0,15.0,40.0,30.0,,COMPLETE
767,767,0.765270227054685,2025-01-08 09:39:35.194530,2025-01-08 09:39:42.315043,0 days 00:00:07.120513,8,1,1,45,30.0,,,,,,35.0,40.0,10.0,5.0,10.0,20.0,,,COMPLETE
768,768,0.0,2025-01-08 09:39:42.316372,2025-01-08 09:39:48.145417,0 days 00:00:05.829045,7,9,1,45,35.0,,,,,,35.0,40.0,10.0,5.0,15.0,,,,COMPLETE
769,769,0.43971377459749555,2025-01-08 09:39:48.146672,2025-01-08 09:39:54.208927,0 days 00:00:06.062255,8,1,5,45,30.0,,,,,,35.0,40.0,35.0,5.0,15.0,30.0,,,COMPLETE
770,770,0.620754716981132,2025-01-08 09:39:54.210332,2025-01-08 09:40:00.086220,0 days 00:00:05.875888,7,5,1,45,30.0,,,,,,35.0,45.0,10.0,5.0,15.0,,,,COMPLETE
771,771,0.8499583217560434,2025-01-08 09:40:00.087544,2025-01-08 09:40:05.968815,0 days 00:00:05.881271,7,1,1,10,30.0,,,,,,35.0,40.0,10.0,10.0,15.0,,,,COMPLETE
772,772,0.8595628415300547,2025-01-08 09:40:05.969989,2025-01-08 09:40:12.055593,0 days 00:00:06.085604,7,1,1,45,25.0,,,,,,40.0,40.0,10.0,5.0,20.0,,,,COMPLETE
773,773,0.8688172043010753,2025-01-08 09:40:12.056987,2025-01-08 09:40:18.523452,0 days 00:00:06.466465,7,1,1,45,30.0,,,,,,45.0,40.0,10.0,5.0,10.0,,,,COMPLETE
774,774,0.7393887945670627,2025-01-08 09:40:18.524705,2025-01-08 09:40:24.670845,0 days 00:00:06.146140,7,3,1,45,35.0,,,,,,30.0,40.0,5.0,10.0,15.0,,,,COMPLETE
775,775,0.8570621468926554,2025-01-08 09:40:24.672109,2025-01-08 09:40:31.588941,0 days 00:00:06.916832,8,1,1,45,30.0,,,,,,35.0,35.0,10.0,5.0,15.0,10.0,,,COMPLETE
776,776,0.9032258064516129,2025-01-08 09:40:31.590298,2025-01-08 09:40:37.792522,0 days 00:00:06.202224,7,1,1,45,30.0,,,,,,35.0,40.0,10.0,5.0,15.0,,,,COMPLETE
777,777,0.8663517643789942,2025-01-08 09:40:37.793857,2025-01-08 09:40:44.223402,0 days 00:00:06.429545,7,1,1,45,30.0,,,,,,40.0,40.0,10.0,5.0,10.0,,,,COMPLETE
778,778,0.861904761904762,2025-01-08 09:40:44.224792,2025-01-08 09:40:51.106692,0 days 00:00:06.881900,8,1,1,45,30.0,,,,,,35.0,40.0,10.0,5.0,15.0,20.0,,,COMPLETE
779,779,0.8708333333333333,2025-01-08 09:40:51.107913,2025-01-08 09:40:57.558624,0 days 00:00:06.450711,7,1,1,45,25.0,,,,,,50.0,40.0,10.0,5.0,15.0,,,,COMPLETE
780,780,0.8371848739495797,2025-01-08 09:40:57.559957,2025-01-08 09:41:00.405319,0 days 00:00:02.845362,2,1,1,50,30.0,,,,,,,,,,,,,,COMPLETE
781,781,0.03125,2025-01-08 09:41:00.416988,2025-01-08 09:41:06.268642,0 days 00:00:05.851654,13,1,1,45,30.0,15.0,5.0,40.0,,,35.0,35.0,10.0,5.0,20.0,35.0,40.0,30.0,COMPLETE
782,782,0.9032258064516129,2025-01-08 09:41:06.270093,2025-01-08 09:41:12.473067,0 days 00:00:06.202974,7,1,1,45,30.0,,,,,,35.0,40.0,10.0,5.0,15.0,,,,COMPLETE
783,783,0.8777777777777778,2025-01-08 09:41:12.474430,2025-01-08 09:41:18.936390,0 days 00:00:06.461960,7,1,1,45,30.0,,,,,,35.0,45.0,10.0,10.0,15.0,,,,COMPLETE
784,784,0.8777777777777778,2025-01-08 09:41:18.937682,2025-01-08 09:41:25.360208,0 days 00:00:06.422526,7,1,1,45,30.0,,,,,,35.0,40.0,5.0,5.0,15.0,,,,COMPLETE
785,785,0.8330091692136705,2025-01-08 09:41:25.361543,2025-01-08 09:41:32.188357,0 days 00:00:06.826814,8,1,1,45,25.0,,,,,,35.0,40.0,10.0,5.0,15.0,15.0,,,COMPLETE
786,786,0.8942358540454786,2025-01-08 09:41:32.189747,2025-01-08 09:41:38.408298,0 days 00:00:06.218551,7,1,1,50,30.0,,,,,,30.0,35.0,10.0,5.0,20.0,,,,COMPLETE
787,787,0.883300916921367,2025-01-08 09:41:38.409631,2025-01-08 09:41:44.719397,0 days 00:00:06.309766,7,1,1,45,35.0,,,,,,35.0,40.0,10.0,5.0,15.0,,,,COMPLETE
788,788,0.847457627118644,2025-01-08 09:41:44.720761,2025-01-08 09:41:51.898505,0 days 00:00:07.177744,8,1,1,45,30.0,,,,,,40.0,40.0,10.0,10.0,15.0,50.0,,,COMPLETE
789,789,0.8942358540454786,2025-01-08 09:41:51.925665,2025-01-08 09:41:58.141137,0 days 00:00:06.215472,7,1,1,45,30.0,,,,,,35.0,40.0,10.0,5.0,10.0,,,,COMPLETE
790,790,0.9032258064516129,2025-01-08 09:41:58.142334,2025-01-08 09:42:04.448514,0 days 00:00:06.306180,7,1,1,45,30.0,,,,,,35.0,40.0,10.0,5.0,15.0,,,,COMPLETE
791,791,0.9032258064516129,2025-01-08 09:42:04.449809,2025-01-08 09:42:10.649288,0 days 00:00:06.199479,7,1,1,45,30.0,,,,,,35.0,40.0,10.0,5.0,15.0,,,,COMPLETE
792,792,0.8543859649122807,2025-01-08 09:42:10.650335,2025-01-08 09:42:16.848288,0 days 00:00:06.197953,7,1,1,45,30.0,,,,,,30.0,40.0,5.0,5.0,15.0,,,,COMPLETE
793,793,0.882745207001945,2025-01-08 09:42:16.849629,2025-01-08 09:42:22.966873,0 days 00:00:06.117244,7,1,1,45,25.0,,,,,,35.0,35.0,10.0,5.0,15.0,,,,COMPLETE
794,794,0.8852459016393442,2025-01-08 09:42:22.968307,2025-01-08 09:42:29.501266,0 days 00:00:06.532959,7,1,1,50,30.0,,,,,,35.0,40.0,10.0,5.0,20.0,,,,COMPLETE
795,795,0.4119496855345912,2025-01-08 09:42:29.502586,2025-01-08 09:42:35.270990,0 days 00:00:05.768404,7,5,1,45,30.0,,,,,,35.0,40.0,10.0,10.0,10.0,,,,COMPLETE
796,796,0.8849462365591398,2025-01-08 09:42:35.272257,2025-01-08 09:42:42.416934,0 days 00:00:07.144677,8,1,1,45,30.0,,,,,,35.0,45.0,10.0,5.0,15.0,30.0,,,COMPLETE
797,797,0.8403954802259888,2025-01-08 09:42:42.418057,2025-01-08 09:42:47.992222,0 days 00:00:05.574165,7,1,1,5,25.0,,,,,,45.0,40.0,10.0,5.0,15.0,,,,COMPLETE
798,798,0.9032258064516129,2025-01-08 09:42:47.993306,2025-01-08 09:42:54.299290,0 days 00:00:06.305984,7,1,1,45,30.0,,,,,,35.0,40.0,10.0,5.0,15.0,,,,COMPLETE
799,799,0.8452950558213717,2025-01-08 09:42:54.300491,2025-01-08 09:43:00.674122,0 days 00:00:06.373631,8,1,1,45,30.0,,,,,,40.0,35.0,10.0,5.0,15.0,5.0,,,COMPLETE
800,800,0.783273131425396,2025-01-08 09:43:00.675526,2025-01-08 09:43:05.840229,0 days 00:00:05.164703,4,1,2,45,30.0,,,,,,35.0,40.0,,,,,,,COMPLETE
801,801,0.6188507647788342,2025-01-08 09:43:05.841505,2025-01-08 09:43:12.806930,0 days 00:00:06.965425,8,1,1,45,30.0,,,,,,35.0,40.0,10.0,5.0,20.0,25.0,,,COMPLETE
802,802,0.824441132637854,2025-01-08 09:43:12.808317,2025-01-08 09:43:18.607237,0 days 00:00:05.798920,6,1,1,45,35.0,,,,,,35.0,40.0,5.0,5.0,,,,,COMPLETE
803,803,0.844047619047619,2025-01-08 09:43:18.608843,2025-01-08 09:43:24.938372,0 days 00:00:06.329529,7,1,1,45,30.0,,,,,,35.0,40.0,10.0,10.0,15.0,,,,COMPLETE
804,804,0.8192982456140351,2025-01-08 09:43:24.939737,2025-01-08 09:43:31.173826,0 days 00:00:06.234089,7,1,1,45,30.0,,,,,,35.0,40.0,10.0,35.0,15.0,,,,COMPLETE
805,805,0.8595628415300547,2025-01-08 09:43:31.175056,2025-01-08 09:43:36.843696,0 days 00:00:05.668640,6,1,1,45,25.0,,,,,,35.0,40.0,10.0,5.0,,,,,COMPLETE
806,806,0.8234463276836159,2025-01-08 09:43:36.844960,2025-01-08 09:43:43.075028,0 days 00:00:06.230068,7,1,1,45,30.0,,,,,,30.0,45.0,10.0,5.0,15.0,,,,COMPLETE
807,807,0.6348046999047317,2025-01-08 09:43:43.076358,2025-01-08 09:43:48.788047,0 days 00:00:05.711689,6,3,1,50,30.0,,,,,,40.0,40.0,10.0,10.0,,,,,COMPLETE
808,808,0.0,2025-01-08 09:43:48.789305,2025-01-08 09:43:56.553989,0 days 00:00:07.764684,9,1,1,45,30.0,,,,,,35.0,40.0,10.0,5.0,10.0,15.0,45.0,,COMPLETE
809,809,0.8570621468926554,2025-01-08 09:43:56.555380,2025-01-08 09:44:02.895656,0 days 00:00:06.340276,7,1,1,45,25.0,,,,,,35.0,40.0,10.0,5.0,15.0,,,,COMPLETE
810,810,0.8745053702656869,2025-01-08 09:44:02.896985,2025-01-08 09:44:08.968553,0 days 00:00:06.071568,8,1,1,45,35.0,,,,,,30.0,50.0,5.0,5.0,15.0,45.0,,,COMPLETE
811,811,0.8400226116449971,2025-01-08 09:44:08.969927,2025-01-08 09:44:15.279492,0 days 00:00:06.309565,7,1,1,45,30.0,,,,,,35.0,35.0,10.0,5.0,20.0,,,,COMPLETE
812,812,0.8759562841530055,2025-01-08 09:44:15.280824,2025-01-08 09:44:21.297712,0 days 00:00:06.016888,7,1,1,45,10.0,,,,,,35.0,40.0,10.0,5.0,15.0,,,,COMPLETE
813,813,0.8455843469063987,2025-01-08 09:44:21.298900,2025-01-08 09:44:27.599697,0 days 00:00:06.300797,7,1,1,50,30.0,,,,,,35.0,40.0,10.0,5.0,15.0,,,,COMPLETE
814,814,0.9032258064516129,2025-01-08 09:44:27.601010,2025-01-08 09:44:33.439061,0 days 00:00:05.838051,6,1,1,45,30.0,,,,,,40.0,40.0,10.0,10.0,,,,,COMPLETE
815,815,0.9032258064516129,2025-01-08 09:44:33.440389,2025-01-08 09:44:39.639726,0 days 00:00:06.199337,7,1,1,45,30.0,,,,,,35.0,40.0,10.0,5.0,15.0,,,,COMPLETE
816,816,0.8849462365591398,2025-01-08 09:44:39.641063,2025-01-08 09:44:46.048833,0 days 00:00:06.407770,7,1,1,45,30.0,,,,,,45.0,35.0,10.0,5.0,15.0,,,,COMPLETE
817,817,0.9032258064516129,2025-01-08 09:44:46.050096,2025-01-08 09:44:52.254901,0 days 00:00:06.204805,7,1,1,45,30.0,,,,,,35.0,40.0,10.0,5.0,15.0,,,,COMPLETE
818,818,0.7840909090909092,2025-01-08 09:44:52.256127,2025-01-08 09:44:59.454475,0 days 00:00:07.198348,8,1,1,45,25.0,,,,,,35.0,45.0,10.0,5.0,20.0,40.0,,,COMPLETE
819,819,0.8173018753781004,2025-01-08 09:44:59.455830,2025-01-08 09:45:07.232100,0 days 00:00:07.776270,6,1,3,45,35.0,,,,,,35.0,40.0,10.0,5.0,,,,,COMPLETE
820,820,0.8852459016393442,2025-01-08 09:45:07.233568,2025-01-08 09:45:13.405448,0 days 00:00:06.171880,7,1,1,45,30.0,,,,,,35.0,35.0,5.0,5.0,15.0,,,,COMPLETE
821,821,0.35778061224489793,2025-01-08 09:45:13.406694,2025-01-08 09:45:20.465894,0 days 00:00:07.059200,8,1,1,45,30.0,,,,,,35.0,40.0,10.0,10.0,10.0,10.0,,,COMPLETE
822,822,0.7083333333333333,2025-01-08 09:45:20.467258,2025-01-08 09:45:26.281497,0 days 00:00:05.814239,7,3,1,45,30.0,,,,,,35.0,40.0,10.0,5.0,15.0,,,,COMPLETE
823,823,0.0,2025-01-08 09:45:26.282673,2025-01-08 09:45:31.967008,0 days 00:00:05.684335,6,7,1,50,30.0,,,,,,50.0,40.0,10.0,5.0,,,,,COMPLETE
824,824,0.8663517643789942,2025-01-08 09:45:31.968317,2025-01-08 09:45:38.296313,0 days 00:00:06.327996,7,1,1,45,30.0,,,,,,40.0,40.0,10.0,5.0,10.0,,,,COMPLETE
825,825,0.5277777777777778,2025-01-08 09:45:38.297675,2025-01-08 09:45:47.378307,0 days 00:00:09.080632,7,1,4,45,30.0,,,,,,35.0,40.0,10.0,5.0,15.0,,,,COMPLETE
826,826,0.8499583217560434,2025-01-08 09:45:47.379618,2025-01-08 09:45:53.376893,0 days 00:00:05.997275,7,1,1,45,25.0,,,,,,30.0,40.0,10.0,5.0,15.0,,,,COMPLETE
827,827,0.7761904761904762,2025-01-08 09:45:53.378119,2025-01-08 09:46:00.715563,0 days 00:00:07.337444,8,1,1,45,30.0,,,,,,40.0,45.0,10.0,25.0,15.0,35.0,,,COMPLETE
828,828,0.8923497267759564,2025-01-08 09:46:00.716998,2025-01-08 09:46:06.956071,0 days 00:00:06.239073,7,1,1,45,30.0,,,,,,35.0,40.0,10.0,10.0,20.0,,,,COMPLETE
829,829,0.8753417167851285,2025-01-08 09:46:06.957380,2025-01-08 09:46:12.497130,0 days 00:00:05.539750,6,1,1,45,30.0,,,,,,30.0,35.0,5.0,5.0,,,,,COMPLETE
830,830,0.8445623342175066,2025-01-08 09:46:12.498781,2025-01-08 09:46:19.719433,0 days 00:00:07.220652,7,1,2,45,25.0,,,,,,35.0,40.0,10.0,5.0,15.0,,,,COMPLETE
831,831,0.8455843469063987,2025-01-08 09:46:19.721010,2025-01-08 09:46:26.134026,0 days 00:00:06.413016,7,1,1,50,30.0,,,,,,35.0,40.0,10.0,5.0,15.0,,,,COMPLETE
832,832,0.844047619047619,2025-01-08 09:46:26.135311,2025-01-08 09:46:32.440494,0 days 00:00:06.305183,7,1,1,45,30.0,,,,,,35.0,40.0,10.0,10.0,15.0,,,,COMPLETE
833,833,0.8636755823986195,2025-01-08 09:46:32.441792,2025-01-08 09:46:38.763367,0 days 00:00:06.321575,7,1,1,45,35.0,,,,,,35.0,40.0,10.0,5.0,20.0,,,,COMPLETE
834,834,0.7968253968253969,2025-01-08 09:46:38.764695,2025-01-08 09:46:45.818845,0 days 00:00:07.054150,8,1,1,45,30.0,,,,,,35.0,40.0,10.0,5.0,15.0,25.0,,,COMPLETE
835,835,0.8080476900149032,2025-01-08 09:46:45.820138,2025-01-08 09:46:51.499674,0 days 00:00:05.679536,6,1,1,45,30.0,,,,,,35.0,40.0,10.0,5.0,,,,,COMPLETE
836,836,0.8849462365591398,2025-01-08 09:46:51.500968,2025-01-08 09:46:57.962925,0 days 00:00:06.461957,7,1,1,45,30.0,,,,,,40.0,40.0,10.0,5.0,15.0,,,,COMPLETE
837,837,0.799636803874092,2025-01-08 09:46:57.964166,2025-01-08 09:47:05.105899,0 days 00:00:07.141733,8,1,1,45,30.0,,,,,,35.0,45.0,5.0,10.0,15.0,20.0,,,COMPLETE
838,838,0.8595628415300547,2025-01-08 09:47:05.107198,2025-01-08 09:47:10.651006,0 days 00:00:05.543808,6,1,1,45,25.0,,,,,,35.0,40.0,10.0,5.0,,,,,COMPLETE
839,839,0.8444700460829493,2025-01-08 09:47:10.652795,2025-01-08 09:47:16.927345,0 days 00:00:06.274550,7,1,1,45,30.0,,,,,,35.0,35.0,10.0,5.0,10.0,,,,COMPLETE
840,840,0.2727272727272727,2025-01-08 09:47:16.928717,2025-01-08 09:47:24.104113,0 days 00:00:07.175396,8,1,1,50,30.0,,,,,,35.0,40.0,10.0,5.0,15.0,30.0,,,COMPLETE
841,841,0.8070175438596491,2025-01-08 09:47:24.105495,2025-01-08 09:47:29.736421,0 days 00:00:05.630926,6,1,1,45,30.0,,,,,,30.0,40.0,15.0,5.0,,,,,COMPLETE
842,842,0.883300916921367,2025-01-08 09:47:29.737730,2025-01-08 09:47:36.168658,0 days 00:00:06.430928,7,1,1,45,35.0,,,,,,35.0,40.0,10.0,5.0,15.0,,,,COMPLETE
843,843,0.8688172043010753,2025-01-08 09:47:36.169825,2025-01-08 09:47:42.689107,0 days 00:00:06.519282,7,1,1,45,30.0,,,,,,45.0,40.0,10.0,5.0,20.0,,,,COMPLETE
844,844,0.8403954802259888,2025-01-08 09:47:42.690464,2025-01-08 09:47:48.998429,0 days 00:00:06.307965,7,1,1,45,30.0,,,,,,35.0,40.0,10.0,5.0,25.0,,,,COMPLETE
845,845,0.8595628415300547,2025-01-08 09:47:48.999731,2025-01-08 09:47:54.650018,0 days 00:00:05.650287,6,1,1,45,25.0,,,,,,35.0,40.0,10.0,5.0,,,,,COMPLETE
846,846,0.8894736842105263,2025-01-08 09:47:54.652145,2025-01-08 09:48:00.679170,0 days 00:00:06.027025,7,1,1,50,30.0,,,,,,35.0,10.0,10.0,10.0,10.0,,,,COMPLETE
847,847,0.8688524590163934,2025-01-08 09:48:00.680398,2025-01-08 09:48:07.034155,0 days 00:00:06.353757,7,1,1,45,30.0,,,,,,35.0,45.0,5.0,5.0,15.0,,,,COMPLETE
848,848,0.8681732580037664,2025-01-08 09:48:07.035322,2025-01-08 09:48:14.118429,0 days 00:00:07.083107,8,1,1,45,30.0,,,,,,40.0,35.0,15.0,5.0,15.0,50.0,,,COMPLETE
849,849,0.8261344997266267,2025-01-08 09:48:14.145567,2025-01-08 09:48:20.012587,0 days 00:00:05.867020,6,1,1,45,30.0,,,,,,35.0,40.0,10.0,45.0,,,,,COMPLETE
850,850,0.8777777777777778,2025-01-08 09:48:20.014050,2025-01-08 09:48:26.159298,0 days 00:00:06.145248,7,1,1,45,30.0,,,,,,30.0,35.0,10.0,10.0,15.0,,,,COMPLETE
851,851,0.9032258064516129,2025-01-08 09:48:26.160367,2025-01-08 09:48:32.480514,0 days 00:00:06.320147,7,1,1,45,30.0,,,,,,35.0,40.0,10.0,5.0,15.0,,,,COMPLETE
852,852,0.8264915161466886,2025-01-08 09:48:32.481666,2025-01-08 09:48:37.091107,0 days 00:00:04.609441,4,1,1,45,30.0,,,,,,50.0,40.0,,,,,,,COMPLETE
853,853,0.7520491803278688,2025-01-08 09:48:37.092361,2025-01-08 09:48:43.111262,0 days 00:00:06.018901,7,3,1,45,25.0,,,,,,40.0,40.0,10.0,5.0,15.0,,,,COMPLETE
854,854,0.8297382801265458,2025-01-08 09:48:43.112306,2025-01-08 09:48:50.158390,0 days 00:00:07.046084,8,1,1,45,30.0,,,,,,35.0,40.0,10.0,5.0,10.0,40.0,,,COMPLETE
855,855,0.5257936507936507,2025-01-08 09:48:50.159661,2025-01-08 09:48:55.973096,0 days 00:00:05.813435,7,5,1,45,35.0,,,,,,30.0,40.0,10.0,5.0,15.0,,,,COMPLETE
856,856,0.8585526315789473,2025-01-08 09:48:55.974361,2025-01-08 09:49:01.751870,0 days 00:00:05.777509,6,1,1,50,30.0,,,,,,35.0,40.0,15.0,30.0,,,,,COMPLETE
857,857,0.8091787439613527,2025-01-08 09:49:01.753172,2025-01-08 09:49:03.503452,0 days 00:00:01.750280,1,1,1,45,,,,,,,,,,,,,,,COMPLETE
858,858,0.8471264367816091,2025-01-08 09:49:03.504386,2025-01-08 09:49:09.505873,0 days 00:00:06.001487,7,1,1,45,30.0,,,,,,35.0,35.0,5.0,10.0,15.0,,,,COMPLETE
859,859,0.8759562841530055,2025-01-08 09:49:09.507175,2025-01-08 09:49:15.919618,0 days 00:00:06.412443,7,1,1,45,30.0,,,,,,35.0,45.0,10.0,5.0,15.0,,,,COMPLETE
860,860,0.0,2025-01-08 09:49:15.920644,2025-01-08 09:49:22.834193,0 days 00:00:06.913549,8,1,1,45,30.0,,,,,,35.0,40.0,10.0,5.0,20.0,5.0,,,COMPLETE
861,861,0.8942358540454786,2025-01-08 09:49:22.835547,2025-01-08 09:49:29.185465,0 days 00:00:06.349918,7,1,1,45,25.0,,,,,,40.0,40.0,10.0,5.0,15.0,,,,COMPLETE
862,862,0.9032258064516129,2025-01-08 09:49:29.186802,2025-01-08 09:49:35.375336,0 days 00:00:06.188534,7,1,1,45,30.0,,,,,,35.0,40.0,10.0,5.0,15.0,,,,COMPLETE
863,863,0.553743831795752,2025-01-08 09:49:35.376698,2025-01-08 09:49:43.180614,0 days 00:00:07.803916,6,1,5,45,30.0,,,,,,35.0,40.0,10.0,5.0,,,,,COMPLETE
864,864,0.8617424242424243,2025-01-08 09:49:43.181983,2025-01-08 09:49:48.233093,0 days 00:00:05.051110,6,1,1,15,25.0,,,,,,35.0,40.0,10.0,5.0,,,,,COMPLETE
865,865,0.8455843469063987,2025-01-08 09:49:48.237654,2025-01-08 09:49:54.645889,0 days 00:00:06.408235,7,1,1,50,30.0,,,,,,35.0,40.0,10.0,5.0,15.0,,,,COMPLETE
866,866,0.8066502463054187,2025-01-08 09:49:54.647168,2025-01-08 09:50:00.906634,0 days 00:00:06.259466,7,1,1,45,30.0,,,,,,35.0,35.0,10.0,5.0,15.0,,,,COMPLETE
867,867,0.8777777777777778,2025-01-08 09:50:00.907879,2025-01-08 09:50:07.165051,0 days 00:00:06.257172,7,1,1,45,30.0,,,,,,30.0,40.0,10.0,5.0,20.0,,,,COMPLETE
868,868,0.8072660098522167,2025-01-08 09:50:07.166405,2025-01-08 09:50:14.360051,0 days 00:00:07.193646,8,1,1,45,35.0,,,,,,40.0,40.0,15.0,10.0,15.0,10.0,,,COMPLETE
869,869,0.8942358540454786,2025-01-08 09:50:14.361375,2025-01-08 09:50:20.211986,0 days 00:00:05.850611,6,1,1,45,30.0,,,,,,45.0,40.0,10.0,5.0,,,,,COMPLETE
870,870,0.8499583217560434,2025-01-08 09:50:20.213563,2025-01-08 09:50:26.351543,0 days 00:00:06.137980,7,1,1,45,30.0,,,,,,35.0,40.0,5.0,5.0,10.0,,,,COMPLETE
871,871,0.8777777777777778,2025-01-08 09:50:26.352904,2025-01-08 09:50:32.848924,0 days 00:00:06.496020,7,1,1,45,30.0,,,,,,35.0,45.0,10.0,10.0,15.0,,,,COMPLETE
872,872,0.9032258064516129,2025-01-08 09:50:32.849970,2025-01-08 09:50:39.165328,0 days 00:00:06.315358,7,1,1,45,30.0,,,,,,35.0,40.0,10.0,5.0,15.0,,,,COMPLETE
873,873,0.0,2025-01-08 09:50:39.166836,2025-01-08 09:50:44.962901,0 days 00:00:05.796065,10,1,1,50,30.0,,,,,,35.0,40.0,10.0,5.0,15.0,35.0,25.0,50.0,COMPLETE
874,874,0.8153846153846154,2025-01-08 09:50:44.964286,2025-01-08 09:50:52.230959,0 days 00:00:07.266673,7,1,2,45,25.0,,,,,,35.0,40.0,15.0,5.0,20.0,,,,COMPLETE
875,875,0.8852459016393442,2025-01-08 09:50:52.232249,2025-01-08 09:50:59.443220,0 days 00:00:07.210971,8,1,1,45,30.0,,,,,,35.0,40.0,10.0,10.0,15.0,45.0,,,COMPLETE
876,876,0.8222222222222222,2025-01-08 09:50:59.444625,2025-01-08 09:51:05.383105,0 days 00:00:05.938480,6,1,1,45,30.0,,,,,,40.0,45.0,10.0,5.0,,,,,COMPLETE
877,877,0.8852459016393442,2025-01-08 09:51:05.384476,2025-01-08 09:51:11.652177,0 days 00:00:06.267701,7,1,1,45,30.0,,,,,,30.0,35.0,10.0,5.0,15.0,,,,COMPLETE
878,878,0.8403954802259888,2025-01-08 09:51:11.653476,2025-01-08 09:51:17.985620,0 days 00:00:06.332144,7,1,1,45,30.0,,,,,,35.0,40.0,10.0,5.0,25.0,,,,COMPLETE
879,879,0.8923497267759564,2025-01-08 09:51:17.987161,2025-01-08 09:51:23.720388,0 days 00:00:05.733227,6,1,1,45,30.0,,,,,,35.0,35.0,10.0,5.0,,,,,COMPLETE
880,880,0.7088382038488952,2025-01-08 09:51:23.721605,2025-01-08 09:51:32.149886,0 days 00:00:08.428281,7,1,3,45,30.0,,,,,,35.0,40.0,5.0,5.0,15.0,,,,COMPLETE
881,881,0.0,2025-01-08 09:51:32.151211,2025-01-08 09:51:38.289389,0 days 00:00:06.138178,8,5,1,20,25.0,,,,,,35.0,40.0,10.0,5.0,15.0,15.0,,,COMPLETE
882,882,0.9032258064516129,2025-01-08 09:51:38.290611,2025-01-08 09:51:44.604121,0 days 00:00:06.313510,7,1,1,45,30.0,,,,,,35.0,40.0,10.0,5.0,15.0,,,,COMPLETE
883,883,0.2393162393162393,2025-01-08 09:51:44.605444,2025-01-08 09:51:53.872826,0 days 00:00:09.267382,8,1,4,45,35.0,,,,,,30.0,40.0,10.0,5.0,10.0,25.0,,,COMPLETE
884,884,0.8300691244239631,2025-01-08 09:51:53.873887,2025-01-08 09:51:59.907853,0 days 00:00:06.033966,7,3,1,45,30.0,,,,,,40.0,40.0,15.0,10.0,20.0,,,,COMPLETE
885,885,0.5994397759103641,2025-01-08 09:51:59.909262,2025-01-08 09:52:07.343246,0 days 00:00:07.433984,12,1,1,45,30.0,35.0,45.0,,,,35.0,40.0,10.0,5.0,15.0,45.0,35.0,5.0,COMPLETE
886,886,0.8595628415300547,2025-01-08 09:52:07.381342,2025-01-08 09:52:13.050028,0 days 00:00:05.668686,6,1,1,45,25.0,,,,,,35.0,40.0,10.0,5.0,,,,,COMPLETE
887,887,0.8481045081967213,2025-01-08 09:52:13.051351,2025-01-08 09:52:16.537989,0 days 00:00:03.486638,3,1,1,45,30.0,,,,,,35.0,,,,,,,,COMPLETE
888,888,0.9016129032258065,2025-01-08 09:52:16.552558,2025-01-08 09:52:22.849235,0 days 00:00:06.296677,7,1,1,50,30.0,,,,,,35.0,40.0,5.0,5.0,15.0,,,,COMPLETE
889,889,0.8426229508196721,2025-01-08 09:52:22.850552,2025-01-08 09:52:29.537870,0 days 00:00:06.687318,7,1,1,45,30.0,,,,,,45.0,45.0,10.0,5.0,15.0,,,,COMPLETE
890,890,0.8275862068965517,2025-01-08 09:52:29.539239,2025-01-08 09:52:35.208621,0 days 00:00:05.669382,6,1,1,45,30.0,,,,,,35.0,35.0,10.0,10.0,,,,,COMPLETE
891,891,0.9032258064516129,2025-01-08 09:52:35.210762,2025-01-08 09:52:41.418366,0 days 00:00:06.207604,7,1,1,45,30.0,,,,,,35.0,40.0,10.0,5.0,15.0,,,,COMPLETE
892,892,0.861904761904762,2025-01-08 09:52:41.419696,2025-01-08 09:52:48.415821,0 days 00:00:06.996125,8,1,1,45,30.0,,,,,,35.0,40.0,10.0,5.0,15.0,20.0,,,COMPLETE
893,893,0.8320802005012531,2025-01-08 09:52:48.417264,2025-01-08 09:52:54.826984,0 days 00:00:06.409720,7,1,1,50,35.0,,,,,,40.0,40.0,10.0,5.0,10.0,,,,COMPLETE
894,894,0.8461317227494967,2025-01-08 09:52:54.828269,2025-01-08 09:53:01.188058,0 days 00:00:06.359789,7,1,1,45,30.0,,,,,,50.0,35.0,10.0,5.0,20.0,,,,COMPLETE
895,895,0.8445623342175066,2025-01-08 09:53:01.189398,2025-01-08 09:53:06.803297,0 days 00:00:05.613899,6,1,1,45,25.0,,,,,,35.0,40.0,10.0,10.0,,,,,COMPLETE
896,896,0.8681732580037664,2025-01-08 09:53:06.804667,2025-01-08 09:53:13.172858,0 days 00:00:06.368191,7,1,1,45,30.0,,,,,,30.0,40.0,15.0,5.0,15.0,,,,COMPLETE
897,897,0.8173018753781004,2025-01-08 09:53:13.174219,2025-01-08 09:53:20.092779,0 days 00:00:06.918560,8,1,1,45,30.0,,,,,,35.0,45.0,10.0,5.0,15.0,40.0,,,COMPLETE
898,898,0.0,2025-01-08 09:53:20.094276,2025-01-08 09:53:28.425611,0 days 00:00:08.331335,14,3,1,45,30.0,10.0,25.0,10.0,35.0,,35.0,40.0,10.0,5.0,15.0,10.0,5.0,45.0,COMPLETE
899,899,0.8595628415300547,2025-01-08 09:53:28.426897,2025-01-08 09:53:34.086879,0 days 00:00:05.659982,6,1,1,45,25.0,,,,,,35.0,40.0,10.0,5.0,,,,,COMPLETE
900,900,0.8777777777777778,2025-01-08 09:53:34.088193,2025-01-08 09:53:40.373237,0 days 00:00:06.285044,7,1,1,45,30.0,,,,,,35.0,40.0,5.0,5.0,15.0,,,,COMPLETE
901,901,0.8849462365591398,2025-01-08 09:53:40.374401,2025-01-08 09:53:46.839691,0 days 00:00:06.465290,7,1,1,45,30.0,,,,,,40.0,40.0,10.0,5.0,15.0,,,,COMPLETE
902,902,0.0,2025-01-08 09:53:46.841041,2025-01-08 09:53:53.288272,0 days 00:00:06.447231,9,7,1,45,30.0,,,,,,35.0,40.0,40.0,25.0,15.0,15.0,20.0,,COMPLETE
903,903,0.8753417167851285,2025-01-08 09:53:53.289770,2025-01-08 09:53:59.506316,0 days 00:00:06.216546,7,1,1,50,30.0,,,,,,35.0,30.0,10.0,10.0,20.0,,,,COMPLETE
904,904,0.8492769744160178,2025-01-08 09:53:59.507631,2025-01-08 09:54:06.641791,0 days 00:00:07.134160,8,1,1,45,35.0,,,,,,35.0,35.0,15.0,5.0,15.0,5.0,,,COMPLETE
905,905,0.8595628415300547,2025-01-08 09:54:06.643176,2025-01-08 09:54:12.829658,0 days 00:00:06.186482,7,1,1,40,30.0,,,,,,35.0,40.0,10.0,5.0,10.0,,,,COMPLETE
906,906,0.8570621468926554,2025-01-08 09:54:12.831020,2025-01-08 09:54:19.197554,0 days 00:00:06.366534,7,1,1,45,25.0,,,,,,35.0,40.0,10.0,5.0,15.0,,,,COMPLETE
907,907,0.8942358540454786,2025-01-08 09:54:19.198910,2025-01-08 09:54:25.496009,0 days 00:00:06.297099,7,1,1,45,30.0,,,,,,45.0,40.0,10.0,5.0,15.0,,,,COMPLETE
908,908,0.795668549905838,2025-01-08 09:54:25.497340,2025-01-08 09:54:31.510931,0 days 00:00:06.013591,6,1,1,45,30.0,,,,,,30.0,45.0,35.0,10.0,,,,,COMPLETE
909,909,0.8644067796610169,2025-01-08 09:54:31.512227,2025-01-08 09:54:37.653781,0 days 00:00:06.141554,7,1,1,40,30.0,,,,,,40.0,30.0,10.0,5.0,20.0,,,,COMPLETE
910,910,0.8777777777777778,2025-01-08 09:54:37.655070,2025-01-08 09:54:44.046400,0 days 00:00:06.391330,7,1,1,45,30.0,,,,,,35.0,40.0,5.0,5.0,15.0,,,,COMPLETE
911,911,0.8570621468926554,2025-01-08 09:54:44.047782,2025-01-08 09:54:50.937115,0 days 00:00:06.889333,8,1,1,45,30.0,,,,,,35.0,40.0,10.0,5.0,15.0,30.0,,,COMPLETE
912,912,0.8942358540454786,2025-01-08 09:54:50.938448,2025-01-08 09:54:56.428914,0 days 00:00:05.490466,6,1,1,45,30.0,,,,,,30.0,5.0,10.0,5.0,,,,,COMPLETE
913,913,0.0,2025-01-08 09:54:56.430230,2025-01-08 09:55:02.492049,0 days 00:00:06.061819,7,1,1,50,5.0,,,,,,35.0,40.0,10.0,5.0,10.0,,,,COMPLETE
914,914,0.8570621468926554,2025-01-08 09:55:02.493341,2025-01-08 09:55:08.722430,0 days 00:00:06.229089,7,1,1,45,25.0,,,,,,35.0,40.0,10.0,5.0,15.0,,,,COMPLETE
915,915,0.864367816091954,2025-01-08 09:55:08.723810,2025-01-08 09:55:14.901446,0 days 00:00:06.177636,7,1,1,45,30.0,,,,,,30.0,35.0,10.0,5.0,25.0,,,,COMPLETE
916,916,0.0,2025-01-08 09:55:14.902752,2025-01-08 09:55:27.070503,0 days 00:00:12.167751,15,1,1,45,30.0,45.0,25.0,35.0,15.0,50.0,35.0,40.0,10.0,10.0,15.0,35.0,30.0,15.0,COMPLETE
917,917,0.8130618720253834,2025-01-08 09:55:27.116485,2025-01-08 09:55:38.747340,0 days 00:00:11.630855,11,1,2,45,35.0,15.0,,,,,35.0,40.0,10.0,5.0,15.0,50.0,50.0,35.0,COMPLETE
918,918,0.8356681034482758,2025-01-08 09:55:38.748951,2025-01-08 09:55:43.262471,0 days 00:00:04.513520,4,1,1,45,30.0,,,,,,40.0,40.0,,,,,,,COMPLETE
919,919,0.6188507647788342,2025-01-08 09:55:43.263803,2025-01-08 09:55:50.217780,0 days 00:00:06.953977,8,1,1,45,30.0,,,,,,35.0,40.0,10.0,5.0,20.0,25.0,,,COMPLETE
920,920,0.8400226116449971,2025-01-08 09:55:50.219117,2025-01-08 09:55:56.388935,0 days 00:00:06.169818,7,1,1,40,30.0,,,,,,35.0,35.0,15.0,5.0,15.0,,,,COMPLETE
921,921,0.844047619047619,2025-01-08 09:55:56.390234,2025-01-08 09:56:02.035698,0 days 00:00:05.645464,6,1,1,45,35.0,,,,,,35.0,40.0,10.0,5.0,,,,,COMPLETE
922,922,0.8021978021978022,2025-01-08 09:56:02.037056,2025-01-08 09:56:07.127306,0 days 00:00:05.090250,5,1,1,45,30.0,,,,,,35.0,45.0,10.0,,,,,,COMPLETE
923,923,0.8666666666666667,2025-01-08 09:56:07.128602,2025-01-08 09:56:13.305544,0 days 00:00:06.176942,7,1,1,45,25.0,,,,,,35.0,40.0,10.0,10.0,10.0,,,,COMPLETE
924,924,0.847457627118644,2025-01-08 09:56:13.306895,2025-01-08 09:56:19.706610,0 days 00:00:06.399715,7,1,1,50,30.0,,,,,,40.0,40.0,10.0,5.0,15.0,,,,COMPLETE
925,925,0.8852459016393442,2025-01-08 09:56:19.707949,2025-01-08 09:56:26.083144,0 days 00:00:06.375195,7,1,1,45,30.0,,,,,,45.0,40.0,5.0,40.0,15.0,,,,COMPLETE
926,926,0.7927445732976509,2025-01-08 09:56:26.084475,2025-01-08 09:56:32.835754,0 days 00:00:06.751279,8,1,1,45,25.0,,,,,,35.0,30.0,15.0,5.0,15.0,35.0,,,COMPLETE
927,927,0.0,2025-01-08 09:56:32.837199,2025-01-08 09:56:38.363314,0 days 00:00:05.526115,6,9,1,45,30.0,,,,,,35.0,40.0,10.0,5.0,,,,,COMPLETE
928,928,0.856416054267948,2025-01-08 09:56:38.364603,2025-01-08 09:56:44.440222,0 days 00:00:06.075619,7,1,1,45,30.0,,,,,,35.0,35.0,10.0,10.0,20.0,,,,COMPLETE
929,929,0.8080476900149032,2025-01-08 09:56:44.441507,2025-01-08 09:56:50.236027,0 days 00:00:05.794520,6,1,1,45,30.0,,,,,,35.0,40.0,10.0,5.0,,,,,COMPLETE
930,930,0.8570621468926554,2025-01-08 09:56:50.237332,2025-01-08 09:56:56.313715,0 days 00:00:06.076383,7,1,1,45,30.0,,,,,,30.0,40.0,10.0,5.0,15.0,,,,COMPLETE
931,931,0.8663517643789942,2025-01-08 09:56:56.314997,2025-01-08 09:57:02.941918,0 days 00:00:06.626921,7,1,1,45,30.0,,,,,,50.0,40.0,10.0,5.0,15.0,,,,COMPLETE
932,932,0.8444113263785394,2025-01-08 09:57:02.943357,2025-01-08 09:57:10.533100,0 days 00:00:07.589743,8,1,1,50,30.0,,,,,,35.0,50.0,10.0,50.0,15.0,10.0,,,COMPLETE
933,933,0.0,2025-01-08 09:57:10.559950,2025-01-08 09:57:16.349593,0 days 00:00:05.789643,7,3,1,45,30.0,,,,,,35.0,35.0,5.0,5.0,10.0,,,,COMPLETE
934,934,0.8523002421307506,2025-01-08 09:57:16.350897,2025-01-08 09:57:21.899497,0 days 00:00:05.548600,6,1,1,45,25.0,,,,,,40.0,40.0,10.0,5.0,,,,,COMPLETE
935,935,0.8368421052631578,2025-01-08 09:57:21.902327,2025-01-08 09:57:28.344200,0 days 00:00:06.441873,7,1,1,40,30.0,,,,,,35.0,45.0,10.0,5.0,15.0,,,,COMPLETE
936,936,0.8330091692136705,2025-01-08 09:57:28.345551,2025-01-08 09:57:34.292174,0 days 00:00:05.946623,7,1,1,20,30.0,,,,,,35.0,40.0,15.0,5.0,20.0,,,,COMPLETE
937,937,0.9032258064516129,2025-01-08 09:57:34.293188,2025-01-08 09:57:40.116310,0 days 00:00:05.823122,6,1,1,45,30.0,,,,,,40.0,40.0,10.0,10.0,,,,,COMPLETE
938,938,0.8508684863523573,2025-01-08 09:57:40.117651,2025-01-08 09:57:49.953734,0 days 00:00:09.836083,8,1,3,45,35.0,,,,,,35.0,40.0,10.0,5.0,15.0,50.0,,,COMPLETE
939,939,0.8499583217560434,2025-01-08 09:57:49.954803,2025-01-08 09:57:56.070539,0 days 00:00:06.115736,7,1,1,45,25.0,,,,,,30.0,40.0,10.0,5.0,15.0,,,,COMPLETE
940,940,0.8666666666666667,2025-01-08 09:57:56.071868,2025-01-08 09:58:02.530752,0 days 00:00:06.458884,7,1,1,50,30.0,,,,,,35.0,30.0,5.0,5.0,15.0,,,,COMPLETE
941,941,0.8923497267759564,2025-01-08 09:58:02.532196,2025-01-08 09:58:08.133211,0 days 00:00:05.601015,6,1,1,45,30.0,,,,,,35.0,35.0,10.0,5.0,,,,,COMPLETE
942,942,0.7916542473919523,2025-01-08 09:58:08.134579,2025-01-08 09:58:13.296575,0 days 00:00:05.161996,5,1,1,45,30.0,,,,,,35.0,40.0,10.0,,,,,,COMPLETE
943,943,0.861904761904762,2025-01-08 09:58:13.297874,2025-01-08 09:58:20.179502,0 days 00:00:06.881628,8,1,1,45,30.0,,,,,,35.0,40.0,10.0,5.0,15.0,20.0,,,COMPLETE
944,944,0.8777777777777778,2025-01-08 09:58:20.180839,2025-01-08 09:58:26.576696,0 days 00:00:06.395857,7,1,1,45,30.0,,,,,,35.0,40.0,15.0,5.0,15.0,,,,COMPLETE
945,945,0.8595628415300547,2025-01-08 09:58:26.578112,2025-01-08 09:58:32.670751,0 days 00:00:06.092639,7,1,1,40,30.0,,,,,,35.0,40.0,10.0,5.0,15.0,,,,COMPLETE
946,946,0.8595628415300547,2025-01-08 09:58:32.672017,2025-01-08 09:58:38.884773,0 days 00:00:06.212756,7,1,1,45,25.0,,,,,,35.0,40.0,10.0,10.0,15.0,,,,COMPLETE
947,947,0.8570621468926554,2025-01-08 09:58:38.886154,2025-01-08 09:58:45.063056,0 days 00:00:06.176902,7,1,1,45,30.0,,,,,,30.0,40.0,10.0,5.0,15.0,,,,COMPLETE
948,948,0.6522875816993464,2025-01-08 09:58:45.064342,2025-01-08 09:58:52.865316,0 days 00:00:07.800974,6,1,4,45,35.0,,,,,,40.0,45.0,10.0,5.0,,,,,COMPLETE
949,949,0.7527601204416192,2025-01-08 09:58:52.866916,2025-01-08 09:58:59.758432,0 days 00:00:06.891516,8,1,1,45,30.0,,,,,,35.0,40.0,10.0,10.0,15.0,15.0,,,COMPLETE
950,950,0.8870673952641166,2025-01-08 09:58:59.759838,2025-01-08 09:59:05.928440,0 days 00:00:06.168602,7,1,1,45,30.0,,,,,,35.0,40.0,10.0,5.0,20.0,,,,COMPLETE
951,951,0.8923497267759564,2025-01-08 09:59:05.929821,2025-01-08 09:59:11.632373,0 days 00:00:05.702552,6,1,1,45,30.0,,,,,,35.0,35.0,10.0,5.0,,,,,COMPLETE
952,952,0.8455843469063987,2025-01-08 09:59:11.633735,2025-01-08 09:59:15.992364,0 days 00:00:04.358629,4,3,1,45,30.0,,,,,,35.0,40.0,,,,,,,COMPLETE
953,953,0.842896174863388,2025-01-08 09:59:16.012447,2025-01-08 09:59:22.275563,0 days 00:00:06.263116,7,1,1,50,30.0,,,,,,35.0,40.0,5.0,5.0,10.0,,,,COMPLETE
954,954,0.8617133791644632,2025-01-08 09:59:22.276947,2025-01-08 09:59:28.662108,0 days 00:00:06.385161,7,1,1,45,30.0,,,,,,45.0,30.0,10.0,5.0,15.0,,,,COMPLETE
955,955,0.8903954802259887,2025-01-08 09:59:28.663187,2025-01-08 09:59:35.234989,0 days 00:00:06.571802,7,1,1,45,25.0,,,,,,30.0,40.0,45.0,5.0,15.0,,,,COMPLETE
956,956,0.7804232804232805,2025-01-08 09:59:35.236011,2025-01-08 09:59:42.294305,0 days 00:00:07.058294,8,1,1,40,30.0,,,,,,35.0,45.0,10.0,5.0,10.0,30.0,,,COMPLETE
957,957,0.550709219858156,2025-01-08 09:59:42.295668,2025-01-08 09:59:48.172386,0 days 00:00:05.876718,7,5,1,40,30.0,,,,,,35.0,40.0,10.0,10.0,20.0,,,,COMPLETE
958,958,0.8192982456140351,2025-01-08 09:59:48.173686,2025-01-08 09:59:54.506552,0 days 00:00:06.332866,7,1,1,45,30.0,,,,,,35.0,40.0,10.0,35.0,15.0,,,,COMPLETE
959,959,0.8777777777777778,2025-01-08 09:59:54.507864,2025-01-08 10:00:00.786884,0 days 00:00:06.279020,7,1,1,45,30.0,,,,,,35.0,40.0,15.0,5.0,15.0,,,,COMPLETE
960,960,0.8942358540454786,2025-01-08 10:00:00.788227,2025-01-08 10:00:07.140382,0 days 00:00:06.352155,7,1,1,45,25.0,,,,,,40.0,40.0,10.0,5.0,15.0,,,,COMPLETE
961,961,0.8740112994350282,2025-01-08 10:00:07.141818,2025-01-08 10:00:12.898407,0 days 00:00:05.756589,6,1,1,45,30.0,,,,,,50.0,30.0,10.0,5.0,,,,,COMPLETE
962,962,0.600250626566416,2025-01-08 10:00:12.900215,2025-01-08 10:00:20.065725,0 days 00:00:07.165510,8,1,1,45,30.0,,,,,,35.0,40.0,10.0,5.0,15.0,5.0,,,COMPLETE
963,963,0.8471264367816091,2025-01-08 10:00:20.067109,2025-01-08 10:00:25.858909,0 days 00:00:05.791800,6,1,1,45,30.0,,,,,,40.0,35.0,10.0,5.0,,,,,COMPLETE
964,964,0.8759562841530055,2025-01-08 10:00:25.860288,2025-01-08 10:00:32.136327,0 days 00:00:06.276039,7,1,1,45,30.0,,,,,,30.0,40.0,5.0,30.0,20.0,,,,COMPLETE
965,965,0.8544710695499708,2025-01-08 10:00:32.137717,2025-01-08 10:00:38.601078,0 days 00:00:06.463361,7,1,1,50,30.0,,,,,,35.0,45.0,10.0,10.0,15.0,,,,COMPLETE
966,966,0.9016393442622951,2025-01-08 10:00:38.602104,2025-01-08 10:00:44.987790,0 days 00:00:06.385686,7,1,1,45,35.0,,,,,,35.0,40.0,10.0,5.0,10.0,,,,COMPLETE
967,967,0.842896174863388,2025-01-08 10:00:44.989159,2025-01-08 10:00:52.064212,0 days 00:00:07.075053,8,1,1,45,30.0,,,,,,35.0,35.0,15.0,5.0,15.0,45.0,,,COMPLETE
968,968,0.8492769744160178,2025-01-08 10:00:52.065594,2025-01-08 10:00:57.685700,0 days 00:00:05.620106,6,1,1,40,25.0,,,,,,35.0,40.0,10.0,5.0,,,,,COMPLETE
969,969,0.844047619047619,2025-01-08 10:00:57.686993,2025-01-08 10:01:03.993056,0 days 00:00:06.306063,7,1,1,45,30.0,,,,,,35.0,40.0,10.0,10.0,15.0,,,,COMPLETE
970,970,0.8387096774193549,2025-01-08 10:01:03.994555,2025-01-08 10:01:10.380783,0 days 00:00:06.386228,6,1,2,45,30.0,,,,,,35.0,35.0,10.0,5.0,,,,,COMPLETE
971,971,0.8849462365591398,2025-01-08 10:01:10.382636,2025-01-08 10:01:16.878356,0 days 00:00:06.495720,7,1,1,45,30.0,,,,,,40.0,40.0,10.0,5.0,15.0,,,,COMPLETE
972,972,0.8570621468926554,2025-01-08 10:01:16.879699,2025-01-08 10:01:23.893413,0 days 00:00:07.013714,8,1,1,45,30.0,,,,,,35.0,40.0,10.0,5.0,15.0,30.0,,,COMPLETE
973,973,0.7620967741935484,2025-01-08 10:01:23.894820,2025-01-08 10:01:29.863902,0 days 00:00:05.969082,7,3,1,40,35.0,,,,,,35.0,30.0,10.0,5.0,25.0,,,,COMPLETE
974,974,0.8471264367816091,2025-01-08 10:01:29.865237,2025-01-08 10:01:35.394467,0 days 00:00:05.529230,7,1,1,5,30.0,,,,,,30.0,40.0,5.0,5.0,20.0,,,,COMPLETE
975,975,0.8272375854891465,2025-01-08 10:01:35.395584,2025-01-08 10:01:42.588849,0 days 00:00:07.193265,8,1,1,50,30.0,,,,,,35.0,40.0,10.0,5.0,15.0,40.0,,,COMPLETE
976,976,0.8523002421307506,2025-01-08 10:01:42.590184,2025-01-08 10:01:48.133172,0 days 00:00:05.542988,6,1,1,45,25.0,,,,,,40.0,40.0,10.0,5.0,,,,,COMPLETE
977,977,0.8021978021978022,2025-01-08 10:01:48.134527,2025-01-08 10:01:53.217910,0 days 00:00:05.083383,5,1,1,45,30.0,,,,,,35.0,45.0,10.0,,,,,,COMPLETE
978,978,0.8942358540454786,2025-01-08 10:01:53.219246,2025-01-08 10:01:59.478658,0 days 00:00:06.259412,7,1,1,45,35.0,,,,,,35.0,40.0,15.0,5.0,10.0,,,,COMPLETE
979,979,0.844047619047619,2025-01-08 10:01:59.480067,2025-01-08 10:02:05.782490,0 days 00:00:06.302423,7,1,1,45,30.0,,,,,,35.0,40.0,10.0,10.0,15.0,,,,COMPLETE
980,980,0.8080476900149032,2025-01-08 10:02:05.783820,2025-01-08 10:02:11.615360,0 days 00:00:05.831540,6,1,1,45,30.0,,,,,,35.0,40.0,10.0,5.0,,,,,COMPLETE
981,981,0.7898658718330849,2025-01-08 10:02:11.616667,2025-01-08 10:02:18.502905,0 days 00:00:06.886238,8,1,1,45,25.0,,,,,,35.0,40.0,10.0,25.0,15.0,25.0,,,COMPLETE
982,982,0.5945098039215686,2025-01-08 10:02:18.504358,2025-01-08 10:02:24.770664,0 days 00:00:06.266306,7,1,5,45,30.0,,,,,,30.0,40.0,5.0,5.0,15.0,,,,COMPLETE
983,983,0.8526881720430108,2025-01-08 10:02:24.772048,2025-01-08 10:02:30.685618,0 days 00:00:05.913570,7,1,1,50,10.0,,,,,,35.0,40.0,10.0,10.0,15.0,,,,COMPLETE
984,984,0.8461317227494967,2025-01-08 10:02:30.686735,2025-01-08 10:02:36.939871,0 days 00:00:06.253136,7,1,1,45,30.0,,,,,,50.0,35.0,10.0,5.0,20.0,,,,COMPLETE
985,985,0.9032258064516129,2025-01-08 10:02:36.941166,2025-01-08 10:02:43.249204,0 days 00:00:06.308038,7,1,1,45,30.0,,,,,,35.0,40.0,10.0,5.0,15.0,,,,COMPLETE
986,986,0.423728813559322,2025-01-08 10:02:43.250412,2025-01-08 10:02:50.203541,0 days 00:00:06.953129,8,1,1,45,30.0,,,,,,35.0,40.0,10.0,5.0,15.0,10.0,,,COMPLETE
987,987,0.7731682837069254,2025-01-08 10:02:50.204925,2025-01-08 10:02:55.299900,0 days 00:00:05.094975,5,1,1,45,30.0,,,,,,45.0,35.0,10.0,,,,,,COMPLETE
988,988,0.7190352020860495,2025-01-08 10:02:55.301218,2025-01-08 10:03:01.438834,0 days 00:00:06.137616,7,3,1,45,30.0,,,,,,35.0,45.0,10.0,5.0,10.0,,,,COMPLETE
989,989,0.8492769744160178,2025-01-08 10:03:01.440252,2025-01-08 10:03:07.068442,0 days 00:00:05.628190,6,1,1,40,25.0,,,,,,35.0,40.0,10.0,5.0,,,,,COMPLETE
990,990,0.5630188679245283,2025-01-08 10:03:07.069799,2025-01-08 10:03:13.087660,0 days 00:00:06.017861,7,5,1,45,30.0,,,,,,35.0,40.0,5.0,10.0,15.0,,,,COMPLETE
991,991,0.8849462365591398,2025-01-08 10:03:13.089054,2025-01-08 10:03:19.465115,0 days 00:00:06.376061,7,1,1,45,30.0,,,,,,40.0,40.0,10.0,5.0,15.0,,,,COMPLETE
992,992,0.9032258064516129,2025-01-08 10:03:19.466507,2025-01-08 10:03:25.784912,0 days 00:00:06.318405,7,1,1,45,30.0,,,,,,35.0,40.0,10.0,5.0,15.0,,,,COMPLETE
993,993,0.8135593220338984,2025-01-08 10:03:25.786294,2025-01-08 10:03:31.337459,0 days 00:00:05.551165,6,1,1,45,30.0,,,,,,35.0,30.0,15.0,5.0,,,,,COMPLETE
994,994,0.0,2025-01-08 10:03:31.338737,2025-01-08 10:03:37.469620,0 days 00:00:06.130883,7,7,1,45,35.0,,,,,,30.0,40.0,10.0,5.0,15.0,,,,COMPLETE
995,995,0.8617133791644632,2025-01-08 10:03:37.470936,2025-01-08 10:03:43.237774,0 days 00:00:05.766838,7,1,1,10,25.0,,,,,,40.0,35.0,15.0,5.0,15.0,,,,COMPLETE
996,996,0.8852459016393442,2025-01-08 10:03:43.238962,2025-01-08 10:03:49.756257,0 days 00:00:06.517295,7,1,1,50,30.0,,,,,,35.0,40.0,10.0,5.0,20.0,,,,COMPLETE
997,997,0.8080476900149032,2025-01-08 10:03:49.757638,2025-01-08 10:03:55.451476,0 days 00:00:05.693838,6,1,1,45,30.0,,,,,,35.0,40.0,10.0,5.0,,,,,COMPLETE
998,998,0.765270227054685,2025-01-08 10:03:55.452817,2025-01-08 10:04:02.570760,0 days 00:00:07.117943,8,1,1,45,30.0,,,,,,35.0,40.0,10.0,5.0,10.0,20.0,,,COMPLETE
999,999,0.844047619047619,2025-01-08 10:04:02.571997,2025-01-08 10:04:08.909938,0 days 00:00:06.337941,7,1,1,45,30.0,,,,,,35.0,40.0,10.0,10.0,15.0,,,,COMPLETE
