,number,value,datetime_start,datetime_complete,duration,params_depth,params_grid,params_k,params_neurons_layer_0,params_neurons_layer_1,params_neurons_layer_10,params_neurons_layer_11,params_neurons_layer_12,params_neurons_layer_13,params_neurons_layer_14,params_neurons_layer_2,params_neurons_layer_3,params_neurons_layer_4,params_neurons_layer_5,params_neurons_layer_6,params_neurons_layer_7,params_neurons_layer_8,params_neurons_layer_9,state
0,0,0.8751665614699489,2025-01-08 16:41:03.011520,2025-01-08 16:41:12.435756,0 days 00:00:09.424236,8,5,2,30,10.0,,,,,,35.0,30.0,40.0,25.0,30.0,35.0,,,COMPLETE
1,1,0.5080991258266148,2025-01-08 16:41:12.436917,2025-01-08 16:41:19.857025,0 days 00:00:07.420108,13,3,3,5,50.0,45.0,10.0,15.0,,,15.0,15.0,30.0,35.0,5.0,10.0,40.0,30.0,COMPLETE
2,2,0.9581991051454138,2025-01-08 16:41:19.858654,2025-01-08 16:41:23.328413,0 days 00:00:03.469759,2,9,2,35,10.0,,,,,,,,,,,,,,COMPLETE
3,3,0.9149931141847794,2025-01-08 16:41:23.332969,2025-01-08 16:41:29.973426,0 days 00:00:06.640457,5,5,1,40,40.0,,,,,,50.0,30.0,15.0,,,,,,COMPLETE
4,4,0.39940994448320843,2025-01-08 16:41:29.975058,2025-01-08 16:41:37.494571,0 days 00:00:07.519513,3,9,5,40,30.0,,,,,,30.0,,,,,,,,COMPLETE
5,5,0.9447811447811447,2025-01-08 16:41:37.496033,2025-01-08 16:41:44.098867,0 days 00:00:06.602834,3,7,4,45,25.0,,,,,,35.0,,,,,,,,COMPLETE
6,6,0.9510614398043482,2025-01-08 16:41:44.100504,2025-01-08 16:41:46.904058,0 days 00:00:02.803554,2,9,2,5,45.0,,,,,,,,,,,,,,COMPLETE
7,7,0.5223118772541109,2025-01-08 16:41:46.904774,2025-01-08 16:41:54.945124,0 days 00:00:08.040350,4,7,5,50,10.0,,,,,,30.0,35.0,,,,,,,COMPLETE
8,8,0.6469045433411619,2025-01-08 16:41:54.946681,2025-01-08 16:42:05.862958,0 days 00:00:10.916277,8,1,3,35,30.0,,,,,,10.0,35.0,45.0,5.0,35.0,25.0,,,COMPLETE
9,9,0.9585365249894795,2025-01-08 16:42:05.864395,2025-01-08 16:42:08.209663,0 days 00:00:02.345268,1,9,1,30,,,,,,,,,,,,,,,COMPLETE
10,10,0.0,2025-01-08 16:42:08.216843,2025-01-08 16:42:25.101370,0 days 00:00:16.884527,15,7,1,20,20.0,5.0,45.0,45.0,25.0,20.0,50.0,50.0,10.0,50.0,50.0,50.0,10.0,5.0,COMPLETE
11,11,0.960361771827375,2025-01-08 16:42:25.102985,2025-01-08 16:42:27.406237,0 days 00:00:02.303252,1,9,2,20,,,,,,,,,,,,,,,COMPLETE
12,12,0.9545613005807378,2025-01-08 16:42:27.411824,2025-01-08 16:42:29.535109,0 days 00:00:02.123285,1,9,1,20,,,,,,,,,,,,,,,COMPLETE
13,13,0.07282243729014419,2025-01-08 16:42:29.540452,2025-01-08 16:42:35.772141,0 days 00:00:06.231689,6,7,2,20,40.0,,,,,,5.0,5.0,25.0,5.0,,,,,COMPLETE
14,14,0.0,2025-01-08 16:42:35.775110,2025-01-08 16:42:48.359492,0 days 00:00:12.584382,11,3,3,15,5.0,15.0,,,,,20.0,50.0,5.0,25.0,5.0,5.0,10.0,50.0,COMPLETE
15,15,0.7471017120406129,2025-01-08 16:42:48.360943,2025-01-08 16:42:55.588124,0 days 00:00:07.227181,6,9,1,25,35.0,,,,,,40.0,15.0,50.0,50.0,,,,,COMPLETE
16,16,0.9473216936615962,2025-01-08 16:42:55.589035,2025-01-08 16:42:57.799897,0 days 00:00:02.210862,1,7,2,15,,,,,,,,,,,,,,,COMPLETE
17,17,0.0,2025-01-08 16:42:57.803753,2025-01-08 16:43:13.138135,0 days 00:00:15.334382,11,5,4,30,20.0,50.0,,,,,20.0,5.0,30.0,15.0,50.0,50.0,50.0,5.0,COMPLETE
18,18,0.9505412970894742,2025-01-08 16:43:13.139852,2025-01-08 16:43:18.991418,0 days 00:00:05.851566,5,3,1,10,50.0,,,,,,45.0,20.0,20.0,,,,,,COMPLETE
19,19,0.0,2025-01-08 16:43:18.992585,2025-01-08 16:43:30.672185,0 days 00:00:11.679600,9,9,3,25,20.0,,,,,,5.0,40.0,40.0,40.0,20.0,25.0,25.0,,COMPLETE
20,20,0.955873544093178,2025-01-08 16:43:30.673921,2025-01-08 16:43:33.462054,0 days 00:00:02.788133,1,5,2,35,,,,,,,,,,,,,,,COMPLETE
21,21,0.95420410427066,2025-01-08 16:43:33.471072,2025-01-08 16:43:37.626398,0 days 00:00:04.155326,3,9,2,35,5.0,,,,,,20.0,,,,,,,,COMPLETE
22,22,0.9512744898650939,2025-01-08 16:43:37.627927,2025-01-08 16:43:40.688189,0 days 00:00:03.060262,2,9,1,30,15.0,,,,,,,,,,,,,,COMPLETE
23,23,0.9539079845985217,2025-01-08 16:43:40.695043,2025-01-08 16:43:43.574023,0 days 00:00:02.878980,1,7,2,40,,,,,,,,,,,,,,,COMPLETE
24,24,0.946577480490524,2025-01-08 16:43:43.584374,2025-01-08 16:43:48.641646,0 days 00:00:05.057272,4,9,2,25,15.0,,,,,,25.0,20.0,,,,,,,COMPLETE
25,25,0.9537856023179352,2025-01-08 16:43:48.642812,2025-01-08 16:43:51.296064,0 days 00:00:02.653252,2,7,1,15,10.0,,,,,,,,,,,,,,COMPLETE
26,26,0.021875,2025-01-08 16:43:51.299153,2025-01-08 16:44:01.927279,0 days 00:00:10.628126,6,9,4,35,25.0,,,,,,40.0,45.0,5.0,15.0,,,,,COMPLETE
27,27,0.03225016503055727,2025-01-08 16:44:01.928900,2025-01-08 16:44:07.339714,0 days 00:00:05.410814,4,7,2,45,15.0,,,,,,10.0,10.0,,,,,,,COMPLETE
28,28,0.9410208939434013,2025-01-08 16:44:07.341359,2025-01-08 16:44:10.318816,0 days 00:00:02.977457,2,9,1,30,5.0,,,,,,,,,,,,,,COMPLETE
29,29,0.8962704817803864,2025-01-08 16:44:10.325197,2025-01-08 16:44:21.023061,0 days 00:00:10.697864,9,1,2,25,35.0,,,,,,25.0,25.0,35.0,40.0,20.0,35.0,30.0,,COMPLETE
30,30,0.527392670157068,2025-01-08 16:44:21.023981,2025-01-08 16:44:30.877656,0 days 00:00:09.853675,7,9,3,30,25.0,,,,,,45.0,40.0,20.0,15.0,40.0,,,,COMPLETE
31,31,0.955873544093178,2025-01-08 16:44:30.879320,2025-01-08 16:44:33.569806,0 days 00:00:02.690486,1,5,2,35,,,,,,,,,,,,,,,COMPLETE
32,32,0.955873544093178,2025-01-08 16:44:33.578354,2025-01-08 16:44:36.366181,0 days 00:00:02.787827,1,5,2,35,,,,,,,,,,,,,,,COMPLETE
33,33,0.9498063451670186,2025-01-08 16:44:36.372125,2025-01-08 16:44:41.276690,0 days 00:00:04.904565,3,3,3,40,10.0,,,,,,15.0,,,,,,,,COMPLETE
34,34,0.9565771174229439,2025-01-08 16:44:41.278031,2025-01-08 16:44:45.786647,0 days 00:00:04.508616,2,5,3,45,35.0,,,,,,,,,,,,,,COMPLETE
35,35,0.006600660066006601,2025-01-08 16:44:45.788077,2025-01-08 16:44:52.746075,0 days 00:00:06.957998,3,3,4,45,35.0,,,,,,35.0,,,,,,,,COMPLETE
36,36,0.9361344537815126,2025-01-08 16:44:52.747836,2025-01-08 16:45:01.752650,0 days 00:00:09.004814,5,7,3,50,40.0,,,,,,45.0,25.0,50.0,,,,,,COMPLETE
37,37,0.9531799229872233,2025-01-08 16:45:01.754049,2025-01-08 16:45:06.539612,0 days 00:00:04.785563,2,7,3,45,45.0,,,,,,,,,,,,,,COMPLETE
38,38,0.22333101622864476,2025-01-08 16:45:06.541170,2025-01-08 16:45:13.222353,0 days 00:00:06.681183,4,9,4,40,30.0,,,,,,15.0,45.0,,,,,,,COMPLETE
39,39,0.2927158084686726,2025-01-08 16:45:13.223918,2025-01-08 16:45:19.448142,0 days 00:00:06.224224,3,5,5,50,45.0,,,,,,10.0,,,,,,,,COMPLETE
40,40,0.95473115463993,2025-01-08 16:45:19.449254,2025-01-08 16:45:22.046611,0 days 00:00:02.597357,2,7,1,10,35.0,,,,,,,,,,,,,,COMPLETE
41,41,0.9574652198107958,2025-01-08 16:45:22.049015,2025-01-08 16:45:24.894149,0 days 00:00:02.845134,1,5,2,40,,,,,,,,,,,,,,,COMPLETE
42,42,0.9574652198107958,2025-01-08 16:45:24.904433,2025-01-08 16:45:27.750187,0 days 00:00:02.845754,1,5,2,40,,,,,,,,,,,,,,,COMPLETE
43,43,0.9574652198107958,2025-01-08 16:45:27.760539,2025-01-08 16:45:30.605583,0 days 00:00:02.845044,1,5,2,40,,,,,,,,,,,,,,,COMPLETE
44,44,0.0,2025-01-08 16:45:30.615871,2025-01-08 16:45:45.700939,0 days 00:00:15.085068,15,3,1,20,15.0,30.0,50.0,5.0,50.0,50.0,30.0,10.0,15.0,30.0,15.0,15.0,25.0,45.0,COMPLETE
45,45,0.9574652198107958,2025-01-08 16:45:45.702064,2025-01-08 16:45:48.665158,0 days 00:00:02.963094,1,5,2,40,,,,,,,,,,,,,,,COMPLETE
46,46,0.9552720933412333,2025-01-08 16:45:48.666924,2025-01-08 16:45:53.773634,0 days 00:00:05.106710,4,5,1,40,20.0,,,,,,40.0,20.0,,,,,,,COMPLETE
47,47,0.9510405130663316,2025-01-08 16:45:53.775245,2025-01-08 16:45:57.126071,0 days 00:00:03.350826,2,9,2,30,5.0,,,,,,,,,,,,,,COMPLETE
48,48,0.9404854248873,2025-01-08 16:45:57.132582,2025-01-08 16:46:01.064335,0 days 00:00:03.931753,3,7,1,35,10.0,,,,,,25.0,,,,,,,,COMPLETE
49,49,0.0,2025-01-08 16:46:01.068236,2025-01-08 16:46:15.157025,0 days 00:00:14.088789,13,9,2,20,50.0,30.0,5.0,45.0,,,5.0,35.0,35.0,45.0,40.0,35.0,5.0,25.0,COMPLETE
50,50,0.9428387417517852,2025-01-08 16:46:15.158781,2025-01-08 16:46:17.576655,0 days 00:00:02.417874,1,5,2,25,,,,,,,,,,,,,,,COMPLETE
51,51,0.9574652198107958,2025-01-08 16:46:17.577630,2025-01-08 16:46:20.423997,0 days 00:00:02.846367,1,5,2,40,,,,,,,,,,,,,,,COMPLETE
52,52,0.6611363636363636,2025-01-08 16:46:20.433956,2025-01-08 16:46:24.486113,0 days 00:00:04.052157,2,1,2,45,25.0,,,,,,,,,,,,,,COMPLETE
53,53,0.9384384079318961,2025-01-08 16:46:24.487536,2025-01-08 16:46:27.628673,0 days 00:00:03.141137,1,3,3,40,,,,,,,,,,,,,,,COMPLETE
54,54,0.9564652572214194,2025-01-08 16:46:27.629355,2025-01-08 16:46:31.185456,0 days 00:00:03.556101,2,9,2,30,30.0,,,,,,,,,,,,,,COMPLETE
55,55,0.9497537913328937,2025-01-08 16:46:31.192956,2025-01-08 16:46:35.108524,0 days 00:00:03.915568,3,7,1,35,10.0,,,,,,50.0,,,,,,,,COMPLETE
56,56,0.9461149811554124,2025-01-08 16:46:35.109741,2025-01-08 16:46:37.891115,0 days 00:00:02.781374,1,9,2,35,,,,,,,,,,,,,,,COMPLETE
57,57,0.9423450502351729,2025-01-08 16:46:37.900103,2025-01-08 16:46:40.560586,0 days 00:00:02.660483,1,3,1,40,,,,,,,,,,,,,,,COMPLETE
58,58,0.9513308841124389,2025-01-08 16:46:40.570767,2025-01-08 16:46:45.208058,0 days 00:00:04.637291,3,5,2,45,20.0,,,,,,15.0,,,,,,,,COMPLETE
59,59,0.9573773695524721,2025-01-08 16:46:45.209611,2025-01-08 16:46:49.151030,0 days 00:00:03.941419,2,9,3,30,30.0,,,,,,,,,,,,,,COMPLETE
60,60,0.18845363212600247,2025-01-08 16:46:49.152368,2025-01-08 16:46:58.122729,0 days 00:00:08.970361,11,7,2,10,40.0,15.0,,,,,35.0,45.0,25.0,20.0,15.0,15.0,50.0,25.0,COMPLETE
61,61,0.9574652198107958,2025-01-08 16:46:58.124090,2025-01-08 16:47:00.983042,0 days 00:00:02.858952,1,5,2,40,,,,,,,,,,,,,,,COMPLETE
62,62,0.955873544093178,2025-01-08 16:47:00.986345,2025-01-08 16:47:03.781613,0 days 00:00:02.795268,1,5,2,35,,,,,,,,,,,,,,,COMPLETE
63,63,0.9479753777933368,2025-01-08 16:47:03.783195,2025-01-08 16:47:07.346551,0 days 00:00:03.563356,2,5,2,40,5.0,,,,,,,,,,,,,,COMPLETE
64,64,0.955873544093178,2025-01-08 16:47:07.348011,2025-01-08 16:47:10.033229,0 days 00:00:02.685218,1,5,2,35,,,,,,,,,,,,,,,COMPLETE
65,65,0.9524540901502504,2025-01-08 16:47:10.042216,2025-01-08 16:47:12.749255,0 days 00:00:02.707039,1,5,1,45,,,,,,,,,,,,,,,COMPLETE
66,66,0.9471333569432967,2025-01-08 16:47:12.750389,2025-01-08 16:47:19.440991,0 days 00:00:06.690602,5,5,2,40,15.0,,,,,,35.0,15.0,45.0,,,,,,COMPLETE
67,67,0.9461581920903954,2025-01-08 16:47:19.442569,2025-01-08 16:47:22.679917,0 days 00:00:03.237348,2,5,3,15,20.0,,,,,,,,,,,,,,COMPLETE
68,68,0.9502298791638893,2025-01-08 16:47:22.683017,2025-01-08 16:47:25.147286,0 days 00:00:02.464269,1,3,2,25,,,,,,,,,,,,,,,COMPLETE
69,69,0.9581929277534642,2025-01-08 16:47:25.153509,2025-01-08 16:47:29.079674,0 days 00:00:03.926165,3,5,1,40,10.0,,,,,,30.0,,,,,,,,COMPLETE
70,70,0.9479074864980905,2025-01-08 16:47:29.081004,2025-01-08 16:47:33.020510,0 days 00:00:03.939506,3,9,1,35,10.0,,,,,,30.0,,,,,,,,COMPLETE
71,71,0.9639600899381675,2025-01-08 16:47:33.021765,2025-01-08 16:47:36.330961,0 days 00:00:03.309196,2,5,1,40,5.0,,,,,,,,,,,,,,COMPLETE
72,72,0.9639600899381675,2025-01-08 16:47:36.332091,2025-01-08 16:47:39.638643,0 days 00:00:03.306552,2,5,1,40,5.0,,,,,,,,,,,,,,COMPLETE
73,73,0.9493243243243243,2025-01-08 16:47:39.639694,2025-01-08 16:47:42.591784,0 days 00:00:02.952090,2,5,1,30,5.0,,,,,,,,,,,,,,COMPLETE
74,74,0.922091797904104,2025-01-08 16:47:42.598114,2025-01-08 16:47:47.450076,0 days 00:00:04.851962,4,5,1,45,5.0,,,,,,30.0,10.0,,,,,,,COMPLETE
75,75,0.9471884028644341,2025-01-08 16:47:47.451665,2025-01-08 16:47:51.221776,0 days 00:00:03.770111,3,5,1,35,10.0,,,,,,20.0,,,,,,,,COMPLETE
76,76,0.9564489112227805,2025-01-08 16:47:51.222939,2025-01-08 16:47:54.726781,0 days 00:00:03.503842,2,7,1,45,15.0,,,,,,,,,,,,,,COMPLETE
77,77,0.9529411764705882,2025-01-08 16:47:54.727997,2025-01-08 16:47:58.127335,0 days 00:00:03.399338,2,9,1,40,5.0,,,,,,,,,,,,,,COMPLETE
78,78,0.0,2025-01-08 16:47:58.128518,2025-01-08 16:48:04.146697,0 days 00:00:06.018179,7,5,1,5,10.0,,,,,,25.0,40.0,10.0,10.0,25.0,,,,COMPLETE
79,79,0.8780666936505243,2025-01-08 16:48:04.150159,2025-01-08 16:48:14.468096,0 days 00:00:10.317937,10,5,1,40,10.0,,,,,,40.0,30.0,20.0,30.0,45.0,45.0,35.0,35.0,COMPLETE
80,80,0.9250173423155401,2025-01-08 16:48:14.469786,2025-01-08 16:48:19.140125,0 days 00:00:04.670339,4,5,1,35,5.0,,,,,,45.0,25.0,,,,,,,COMPLETE
81,81,0.9547297297297297,2025-01-08 16:48:19.141379,2025-01-08 16:48:22.554576,0 days 00:00:03.413197,2,5,1,40,15.0,,,,,,,,,,,,,,COMPLETE
82,82,0.9524540901502504,2025-01-08 16:48:22.555856,2025-01-08 16:48:25.253385,0 days 00:00:02.697529,1,5,1,45,,,,,,,,,,,,,,,COMPLETE
83,83,0.9558589438537524,2025-01-08 16:48:25.264778,2025-01-08 16:48:27.828818,0 days 00:00:02.564040,1,5,1,40,,,,,,,,,,,,,,,COMPLETE
84,84,0.9482224730688296,2025-01-08 16:48:27.838789,2025-01-08 16:48:32.506601,0 days 00:00:04.667812,3,5,2,40,10.0,,,,,,50.0,,,,,,,,COMPLETE
85,85,0.0,2025-01-08 16:48:32.508029,2025-01-08 16:48:45.437873,0 days 00:00:12.929844,14,3,1,20,5.0,40.0,30.0,30.0,5.0,,15.0,5.0,35.0,35.0,10.0,20.0,15.0,15.0,COMPLETE
86,86,0.948950437807768,2025-01-08 16:48:45.439658,2025-01-08 16:48:48.960022,0 days 00:00:03.520364,2,9,2,35,15.0,,,,,,,,,,,,,,COMPLETE
87,87,0.3694968553459119,2025-01-08 16:48:48.968125,2025-01-08 16:48:55.548687,0 days 00:00:06.580562,3,5,5,30,5.0,,,,,,30.0,,,,,,,,COMPLETE
88,88,0.967323247707043,2025-01-08 16:48:55.555390,2025-01-08 16:48:58.131679,0 days 00:00:02.576289,1,7,1,40,,,,,,,,,,,,,,,COMPLETE
89,89,0.9564489112227805,2025-01-08 16:48:58.142124,2025-01-08 16:49:01.647184,0 days 00:00:03.505060,2,7,1,45,15.0,,,,,,,,,,,,,,COMPLETE
90,90,0.9627850518276051,2025-01-08 16:49:01.648617,2025-01-08 16:49:04.418946,0 days 00:00:02.770329,1,9,1,40,,,,,,,,,,,,,,,COMPLETE
91,91,0.9627850518276051,2025-01-08 16:49:04.429700,2025-01-08 16:49:07.096839,0 days 00:00:02.667139,1,9,1,40,,,,,,,,,,,,,,,COMPLETE
92,92,0.9627850518276051,2025-01-08 16:49:07.107103,2025-01-08 16:49:09.772008,0 days 00:00:02.664905,1,9,1,40,,,,,,,,,,,,,,,COMPLETE
93,93,0.9445988214791479,2025-01-08 16:49:09.782517,2025-01-08 16:49:13.103881,0 days 00:00:03.321364,2,9,1,40,10.0,,,,,,,,,,,,,,COMPLETE
94,94,0.955455769840192,2025-01-08 16:49:13.105146,2025-01-08 16:49:15.706017,0 days 00:00:02.600871,1,9,1,35,,,,,,,,,,,,,,,COMPLETE
95,95,0.9611934924220106,2025-01-08 16:49:15.715024,2025-01-08 16:49:18.496271,0 days 00:00:02.781247,1,9,1,45,,,,,,,,,,,,,,,COMPLETE
96,96,0.9639849328161016,2025-01-08 16:49:18.497058,2025-01-08 16:49:21.432511,0 days 00:00:02.935453,1,9,1,50,,,,,,,,,,,,,,,COMPLETE
97,97,0.9639849328161016,2025-01-08 16:49:21.433393,2025-01-08 16:49:24.468055,0 days 00:00:03.034662,1,9,1,50,,,,,,,,,,,,,,,COMPLETE
98,98,0.9639849328161016,2025-01-08 16:49:24.469035,2025-01-08 16:49:27.398198,0 days 00:00:02.929163,1,9,1,50,,,,,,,,,,,,,,,COMPLETE
99,99,0.9639849328161016,2025-01-08 16:49:27.411365,2025-01-08 16:49:30.350568,0 days 00:00:02.939203,1,9,1,50,,,,,,,,,,,,,,,COMPLETE
100,100,0.9639849328161016,2025-01-08 16:49:30.351204,2025-01-08 16:49:33.388420,0 days 00:00:03.037216,1,9,1,50,,,,,,,,,,,,,,,COMPLETE
101,101,0.9639849328161016,2025-01-08 16:49:33.389634,2025-01-08 16:49:36.325444,0 days 00:00:02.935810,1,9,1,50,,,,,,,,,,,,,,,COMPLETE
102,102,0.9639849328161016,2025-01-08 16:49:36.326441,2025-01-08 16:49:39.266612,0 days 00:00:02.940171,1,9,1,50,,,,,,,,,,,,,,,COMPLETE
103,103,0.9639849328161016,2025-01-08 16:49:39.267777,2025-01-08 16:49:42.324290,0 days 00:00:03.056513,1,9,1,50,,,,,,,,,,,,,,,COMPLETE
104,104,0.9588621518259044,2025-01-08 16:49:42.325519,2025-01-08 16:49:46.059087,0 days 00:00:03.733568,2,9,1,50,20.0,,,,,,,,,,,,,,COMPLETE
105,105,0.9639849328161016,2025-01-08 16:49:46.059781,2025-01-08 16:49:48.998318,0 days 00:00:02.938537,1,9,1,50,,,,,,,,,,,,,,,COMPLETE
106,106,0.9639849328161016,2025-01-08 16:49:48.999608,2025-01-08 16:49:52.038721,0 days 00:00:03.039113,1,9,1,50,,,,,,,,,,,,,,,COMPLETE
107,107,0.9639849328161016,2025-01-08 16:49:52.039619,2025-01-08 16:49:54.976059,0 days 00:00:02.936440,1,9,1,50,,,,,,,,,,,,,,,COMPLETE
108,108,0.9639849328161016,2025-01-08 16:49:54.976948,2025-01-08 16:49:57.913394,0 days 00:00:02.936446,1,9,1,50,,,,,,,,,,,,,,,COMPLETE
109,109,0.9639849328161016,2025-01-08 16:49:57.914544,2025-01-08 16:50:00.847766,0 days 00:00:02.933222,1,9,1,50,,,,,,,,,,,,,,,COMPLETE
110,110,0.9639849328161016,2025-01-08 16:50:00.848961,2025-01-08 16:50:03.880380,0 days 00:00:03.031419,1,9,1,50,,,,,,,,,,,,,,,COMPLETE
111,111,0.9639849328161016,2025-01-08 16:50:03.881213,2025-01-08 16:50:06.818124,0 days 00:00:02.936911,1,9,1,50,,,,,,,,,,,,,,,COMPLETE
112,112,0.9639849328161016,2025-01-08 16:50:06.818881,2025-01-08 16:50:09.855448,0 days 00:00:03.036567,1,9,1,50,,,,,,,,,,,,,,,COMPLETE
113,113,0.9639849328161016,2025-01-08 16:50:09.856217,2025-01-08 16:50:12.793366,0 days 00:00:02.937149,1,9,1,50,,,,,,,,,,,,,,,COMPLETE
114,114,0.961438063597532,2025-01-08 16:50:12.794553,2025-01-08 16:50:17.113469,0 days 00:00:04.318916,2,9,1,50,45.0,,,,,,,,,,,,,,COMPLETE
115,115,0.9639849328161016,2025-01-08 16:50:17.114559,2025-01-08 16:50:20.148753,0 days 00:00:03.034194,1,9,1,50,,,,,,,,,,,,,,,COMPLETE
116,116,0.9639849328161016,2025-01-08 16:50:20.149956,2025-01-08 16:50:23.088461,0 days 00:00:02.938505,1,9,1,50,,,,,,,,,,,,,,,COMPLETE
117,117,0.9566661851798354,2025-01-08 16:50:23.089549,2025-01-08 16:50:27.498734,0 days 00:00:04.409185,2,9,1,50,50.0,,,,,,,,,,,,,,COMPLETE
118,118,0.9639849328161016,2025-01-08 16:50:27.499718,2025-01-08 16:50:30.435348,0 days 00:00:02.935630,1,9,1,50,,,,,,,,,,,,,,,COMPLETE
119,119,0.9632851588086909,2025-01-08 16:50:30.436558,2025-01-08 16:50:34.734461,0 days 00:00:04.297903,2,9,1,50,40.0,,,,,,,,,,,,,,COMPLETE
120,120,0.9639849328161016,2025-01-08 16:50:34.735577,2025-01-08 16:50:37.674200,0 days 00:00:02.938623,1,9,1,50,,,,,,,,,,,,,,,COMPLETE
121,121,0.9639849328161016,2025-01-08 16:50:37.675240,2025-01-08 16:50:40.614983,0 days 00:00:02.939743,1,9,1,50,,,,,,,,,,,,,,,COMPLETE
122,122,0.9639849328161016,2025-01-08 16:50:40.616050,2025-01-08 16:50:43.651222,0 days 00:00:03.035172,1,9,1,50,,,,,,,,,,,,,,,COMPLETE
123,123,0.9521513290357511,2025-01-08 16:50:43.664502,2025-01-08 16:50:47.484549,0 days 00:00:03.820047,2,9,1,50,25.0,,,,,,,,,,,,,,COMPLETE
124,124,0.9639849328161016,2025-01-08 16:50:47.485481,2025-01-08 16:50:50.520170,0 days 00:00:03.034689,1,9,1,50,,,,,,,,,,,,,,,COMPLETE
125,125,0.9639849328161016,2025-01-08 16:50:50.521284,2025-01-08 16:50:53.458491,0 days 00:00:02.937207,1,9,1,50,,,,,,,,,,,,,,,COMPLETE
126,126,0.9615331906979345,2025-01-08 16:50:53.459414,2025-01-08 16:50:57.173828,0 days 00:00:03.714414,2,9,1,45,30.0,,,,,,,,,,,,,,COMPLETE
127,127,0.9639849328161016,2025-01-08 16:50:57.175079,2025-01-08 16:51:00.208918,0 days 00:00:03.033839,1,9,1,50,,,,,,,,,,,,,,,COMPLETE
128,128,0.9549228646682554,2025-01-08 16:51:00.210087,2025-01-08 16:51:04.209820,0 days 00:00:03.999733,2,9,1,45,40.0,,,,,,,,,,,,,,COMPLETE
129,129,0.9639849328161016,2025-01-08 16:51:04.211147,2025-01-08 16:51:07.147234,0 days 00:00:02.936087,1,9,1,50,,,,,,,,,,,,,,,COMPLETE
130,130,0.9639849328161016,2025-01-08 16:51:07.148303,2025-01-08 16:51:10.184431,0 days 00:00:03.036128,1,9,1,50,,,,,,,,,,,,,,,COMPLETE
131,131,0.9639849328161016,2025-01-08 16:51:10.197585,2025-01-08 16:51:13.138615,0 days 00:00:02.941030,1,9,1,50,,,,,,,,,,,,,,,COMPLETE
132,132,0.9639849328161016,2025-01-08 16:51:13.139714,2025-01-08 16:51:16.076829,0 days 00:00:02.937115,1,9,1,50,,,,,,,,,,,,,,,COMPLETE
133,133,0.961438063597532,2025-01-08 16:51:16.078029,2025-01-08 16:51:20.491137,0 days 00:00:04.413108,2,9,1,50,45.0,,,,,,,,,,,,,,COMPLETE
134,134,0.9611934924220106,2025-01-08 16:51:20.492291,2025-01-08 16:51:23.272359,0 days 00:00:02.780068,1,9,1,45,,,,,,,,,,,,,,,COMPLETE
135,135,0.9639849328161016,2025-01-08 16:51:23.273533,2025-01-08 16:51:26.332276,0 days 00:00:03.058743,1,9,1,50,,,,,,,,,,,,,,,COMPLETE
136,136,0.9607395329618172,2025-01-08 16:51:26.333424,2025-01-08 16:51:30.347854,0 days 00:00:04.014430,2,9,1,50,35.0,,,,,,,,,,,,,,COMPLETE
137,137,0.9611934924220106,2025-01-08 16:51:30.348663,2025-01-08 16:51:33.135061,0 days 00:00:02.786398,1,9,1,45,,,,,,,,,,,,,,,COMPLETE
138,138,0.0,2025-01-08 16:51:33.136368,2025-01-08 16:51:42.233244,0 days 00:00:09.096876,8,9,1,50,45.0,,,,,,5.0,30.0,45.0,20.0,30.0,40.0,,,COMPLETE
139,139,0.9566661851798354,2025-01-08 16:51:42.234791,2025-01-08 16:51:46.644149,0 days 00:00:04.409358,2,9,1,50,50.0,,,,,,,,,,,,,,COMPLETE
140,140,0.9347091932457786,2025-01-08 16:51:46.645003,2025-01-08 16:51:50.265039,0 days 00:00:03.620036,1,7,4,45,,,,,,,,,,,,,,,COMPLETE
141,141,0.9639849328161016,2025-01-08 16:51:50.266021,2025-01-08 16:51:53.202602,0 days 00:00:02.936581,1,9,1,50,,,,,,,,,,,,,,,COMPLETE
142,142,0.9639849328161016,2025-01-08 16:51:53.203792,2025-01-08 16:51:56.239244,0 days 00:00:03.035452,1,9,1,50,,,,,,,,,,,,,,,COMPLETE
143,143,0.0,2025-01-08 16:51:56.240266,2025-01-08 16:52:03.900407,0 days 00:00:07.660141,7,9,1,50,25.0,,,,,,10.0,15.0,10.0,45.0,35.0,,,,COMPLETE
144,144,0.9639849328161016,2025-01-08 16:52:03.901702,2025-01-08 16:52:06.842818,0 days 00:00:02.941116,1,9,1,50,,,,,,,,,,,,,,,COMPLETE
145,145,0.9639849328161016,2025-01-08 16:52:06.845928,2025-01-08 16:52:09.784379,0 days 00:00:02.938451,1,9,1,50,,,,,,,,,,,,,,,COMPLETE
146,146,0.9611934924220106,2025-01-08 16:52:09.785315,2025-01-08 16:52:12.667880,0 days 00:00:02.882565,1,9,1,45,,,,,,,,,,,,,,,COMPLETE
147,147,0.0,2025-01-08 16:52:12.668707,2025-01-08 16:52:22.245602,0 days 00:00:09.576895,9,9,1,50,35.0,,,,,,20.0,35.0,40.0,10.0,25.0,5.0,20.0,,COMPLETE
148,148,0.9523869346733669,2025-01-08 16:52:22.247122,2025-01-08 16:52:26.295393,0 days 00:00:04.048271,2,9,1,50,30.0,,,,,,,,,,,,,,COMPLETE
149,149,0.9639849328161016,2025-01-08 16:52:26.296674,2025-01-08 16:52:29.239296,0 days 00:00:02.942622,1,9,1,50,,,,,,,,,,,,,,,COMPLETE
150,150,0.9556582633053221,2025-01-08 16:52:29.240350,2025-01-08 16:52:33.445873,0 days 00:00:04.205523,2,9,1,45,50.0,,,,,,,,,,,,,,COMPLETE
151,151,0.9639849328161016,2025-01-08 16:52:33.447248,2025-01-08 16:52:36.386779,0 days 00:00:02.939531,1,9,1,50,,,,,,,,,,,,,,,COMPLETE
152,152,0.9639849328161016,2025-01-08 16:52:36.387666,2025-01-08 16:52:39.323033,0 days 00:00:02.935367,1,9,1,50,,,,,,,,,,,,,,,COMPLETE
153,153,0.9639849328161016,2025-01-08 16:52:39.324296,2025-01-08 16:52:42.350540,0 days 00:00:03.026244,1,9,1,50,,,,,,,,,,,,,,,COMPLETE
154,154,0.9639849328161016,2025-01-08 16:52:42.363637,2025-01-08 16:52:45.301244,0 days 00:00:02.937607,1,9,1,50,,,,,,,,,,,,,,,COMPLETE
155,155,0.9639849328161016,2025-01-08 16:52:45.302489,2025-01-08 16:52:48.240057,0 days 00:00:02.937568,1,9,1,50,,,,,,,,,,,,,,,COMPLETE
156,156,0.9632851588086909,2025-01-08 16:52:48.240926,2025-01-08 16:52:52.503113,0 days 00:00:04.262187,2,9,1,50,40.0,,,,,,,,,,,,,,COMPLETE
157,157,0.9639849328161016,2025-01-08 16:52:52.504133,2025-01-08 16:52:55.441246,0 days 00:00:02.937113,1,9,1,50,,,,,,,,,,,,,,,COMPLETE
158,158,0.9639849328161016,2025-01-08 16:52:55.442270,2025-01-08 16:52:58.480731,0 days 00:00:03.038461,1,9,1,50,,,,,,,,,,,,,,,COMPLETE
159,159,0.9573969122532735,2025-01-08 16:52:58.481710,2025-01-08 16:53:02.353924,0 days 00:00:03.872214,2,9,1,45,35.0,,,,,,,,,,,,,,COMPLETE
160,160,0.0,2025-01-08 16:53:02.354921,2025-01-08 16:53:15.743856,0 days 00:00:13.388935,12,9,1,50,45.0,5.0,25.0,,,,45.0,50.0,15.0,35.0,10.0,30.0,40.0,40.0,COMPLETE
161,161,0.9639849328161016,2025-01-08 16:53:15.745814,2025-01-08 16:53:18.689510,0 days 00:00:02.943696,1,9,1,50,,,,,,,,,,,,,,,COMPLETE
162,162,0.9639849328161016,2025-01-08 16:53:18.690451,2025-01-08 16:53:21.619583,0 days 00:00:02.929132,1,9,1,50,,,,,,,,,,,,,,,COMPLETE
163,163,0.9639849328161016,2025-01-08 16:53:21.633011,2025-01-08 16:53:24.563483,0 days 00:00:02.930472,1,9,1,50,,,,,,,,,,,,,,,COMPLETE
164,164,0.9639849328161016,2025-01-08 16:53:24.576857,2025-01-08 16:53:27.618353,0 days 00:00:03.041496,1,9,1,50,,,,,,,,,,,,,,,COMPLETE
165,165,0.9521513290357511,2025-01-08 16:53:27.619603,2025-01-08 16:53:31.439727,0 days 00:00:03.820124,2,9,1,50,25.0,,,,,,,,,,,,,,COMPLETE
166,166,0.9639849328161016,2025-01-08 16:53:31.440762,2025-01-08 16:53:34.380654,0 days 00:00:02.939892,1,9,1,50,,,,,,,,,,,,,,,COMPLETE
167,167,0.9611934924220106,2025-01-08 16:53:34.381522,2025-01-08 16:53:37.259765,0 days 00:00:02.878243,1,9,1,45,,,,,,,,,,,,,,,COMPLETE
168,168,0.9523869346733669,2025-01-08 16:53:37.260571,2025-01-08 16:53:41.195051,0 days 00:00:03.934480,2,9,1,50,30.0,,,,,,,,,,,,,,COMPLETE
169,169,0.9639849328161016,2025-01-08 16:53:41.195927,2025-01-08 16:53:44.232948,0 days 00:00:03.037021,1,9,1,50,,,,,,,,,,,,,,,COMPLETE
170,170,0.9639849328161016,2025-01-08 16:53:44.233975,2025-01-08 16:53:47.168721,0 days 00:00:02.934746,1,9,1,50,,,,,,,,,,,,,,,COMPLETE
171,171,0.9639849328161016,2025-01-08 16:53:47.169763,2025-01-08 16:53:50.105961,0 days 00:00:02.936198,1,9,1,50,,,,,,,,,,,,,,,COMPLETE
172,172,0.9639849328161016,2025-01-08 16:53:50.108826,2025-01-08 16:53:53.136275,0 days 00:00:03.027449,1,9,1,50,,,,,,,,,,,,,,,COMPLETE
173,173,0.9639849328161016,2025-01-08 16:53:53.149482,2025-01-08 16:53:56.077864,0 days 00:00:02.928382,1,9,1,50,,,,,,,,,,,,,,,COMPLETE
174,174,0.9639849328161016,2025-01-08 16:53:56.090983,2025-01-08 16:53:59.028385,0 days 00:00:02.937402,1,9,1,50,,,,,,,,,,,,,,,COMPLETE
175,175,0.9588621518259044,2025-01-08 16:53:59.029599,2025-01-08 16:54:02.864143,0 days 00:00:03.834544,2,9,1,50,20.0,,,,,,,,,,,,,,COMPLETE
176,176,0.9611934924220106,2025-01-08 16:54:02.865106,2025-01-08 16:54:05.653253,0 days 00:00:02.788147,1,9,1,45,,,,,,,,,,,,,,,COMPLETE
177,177,0.9639849328161016,2025-01-08 16:54:05.654388,2025-01-08 16:54:08.597579,0 days 00:00:02.943191,1,9,1,50,,,,,,,,,,,,,,,COMPLETE
178,178,0.9632851588086909,2025-01-08 16:54:08.598553,2025-01-08 16:54:12.888227,0 days 00:00:04.289674,2,9,1,50,40.0,,,,,,,,,,,,,,COMPLETE
179,179,0.9634535359890504,2025-01-08 16:54:12.889263,2025-01-08 16:54:15.766995,0 days 00:00:02.877732,1,7,1,50,,,,,,,,,,,,,,,COMPLETE
180,180,0.9639849328161016,2025-01-08 16:54:15.780188,2025-01-08 16:54:18.827203,0 days 00:00:03.047015,1,9,1,50,,,,,,,,,,,,,,,COMPLETE
181,181,0.9639849328161016,2025-01-08 16:54:18.828372,2025-01-08 16:54:21.766416,0 days 00:00:02.938044,1,9,1,50,,,,,,,,,,,,,,,COMPLETE
182,182,0.9639849328161016,2025-01-08 16:54:21.767254,2025-01-08 16:54:24.702864,0 days 00:00:02.935610,1,9,1,50,,,,,,,,,,,,,,,COMPLETE
183,183,0.9639849328161016,2025-01-08 16:54:24.703890,2025-01-08 16:54:27.643653,0 days 00:00:02.939763,1,9,1,50,,,,,,,,,,,,,,,COMPLETE
184,184,0.9639849328161016,2025-01-08 16:54:27.644471,2025-01-08 16:54:30.679931,0 days 00:00:03.035460,1,9,1,50,,,,,,,,,,,,,,,COMPLETE
185,185,0.9639849328161016,2025-01-08 16:54:30.680904,2025-01-08 16:54:33.621270,0 days 00:00:02.940366,1,9,1,50,,,,,,,,,,,,,,,COMPLETE
186,186,0.9562511336840196,2025-01-08 16:54:33.621936,2025-01-08 16:54:37.373481,0 days 00:00:03.751545,2,9,1,45,25.0,,,,,,,,,,,,,,COMPLETE
187,187,0.9639849328161016,2025-01-08 16:54:37.374796,2025-01-08 16:54:40.310928,0 days 00:00:02.936132,1,9,1,50,,,,,,,,,,,,,,,COMPLETE
188,188,0.7505962803634608,2025-01-08 16:54:40.312159,2025-01-08 16:54:49.125754,0 days 00:00:08.813595,6,9,1,50,50.0,,,,,,50.0,40.0,40.0,20.0,,,,,COMPLETE
189,189,0.9639849328161016,2025-01-08 16:54:49.126985,2025-01-08 16:54:52.067668,0 days 00:00:02.940683,1,9,1,50,,,,,,,,,,,,,,,COMPLETE
190,190,0.9607395329618172,2025-01-08 16:54:52.068911,2025-01-08 16:54:56.181324,0 days 00:00:04.112413,2,9,1,50,35.0,,,,,,,,,,,,,,COMPLETE
191,191,0.8859270046216141,2025-01-08 16:54:56.182388,2025-01-08 16:55:00.864634,0 days 00:00:04.682246,1,9,5,50,,,,,,,,,,,,,,,COMPLETE
192,192,0.9639849328161016,2025-01-08 16:55:00.865751,2025-01-08 16:55:03.925846,0 days 00:00:03.060095,1,9,1,50,,,,,,,,,,,,,,,COMPLETE
193,193,0.9639849328161016,2025-01-08 16:55:03.926919,2025-01-08 16:55:06.869243,0 days 00:00:02.942324,1,9,1,50,,,,,,,,,,,,,,,COMPLETE
194,194,0.9639849328161016,2025-01-08 16:55:06.870139,2025-01-08 16:55:09.810909,0 days 00:00:02.940770,1,9,1,50,,,,,,,,,,,,,,,COMPLETE
195,195,0.9639849328161016,2025-01-08 16:55:09.811911,2025-01-08 16:55:12.855463,0 days 00:00:03.043552,1,9,1,50,,,,,,,,,,,,,,,COMPLETE
196,196,0.9639849328161016,2025-01-08 16:55:12.856460,2025-01-08 16:55:15.797300,0 days 00:00:02.940840,1,9,1,50,,,,,,,,,,,,,,,COMPLETE
197,197,0.9491079279219117,2025-01-08 16:55:15.798572,2025-01-08 16:55:19.624412,0 days 00:00:03.825840,2,1,1,50,20.0,,,,,,,,,,,,,,COMPLETE
198,198,0.9639849328161016,2025-01-08 16:55:19.625443,2025-01-08 16:55:22.660904,0 days 00:00:03.035461,1,9,1,50,,,,,,,,,,,,,,,COMPLETE
199,199,0.9547733617654073,2025-01-08 16:55:22.662006,2025-01-08 16:55:26.696370,0 days 00:00:04.034364,2,9,1,45,45.0,,,,,,,,,,,,,,COMPLETE
200,200,0.9639849328161016,2025-01-08 16:55:26.697916,2025-01-08 16:55:29.740043,0 days 00:00:03.042127,1,9,1,50,,,,,,,,,,,,,,,COMPLETE
201,201,0.9639849328161016,2025-01-08 16:55:29.741151,2025-01-08 16:55:32.683669,0 days 00:00:02.942518,1,9,1,50,,,,,,,,,,,,,,,COMPLETE
202,202,0.9639849328161016,2025-01-08 16:55:32.684815,2025-01-08 16:55:35.622434,0 days 00:00:02.937619,1,9,1,50,,,,,,,,,,,,,,,COMPLETE
203,203,0.9639849328161016,2025-01-08 16:55:35.625224,2025-01-08 16:55:38.663253,0 days 00:00:03.038029,1,9,1,50,,,,,,,,,,,,,,,COMPLETE
204,204,0.9639849328161016,2025-01-08 16:55:38.664364,2025-01-08 16:55:41.601143,0 days 00:00:02.936779,1,9,1,50,,,,,,,,,,,,,,,COMPLETE
205,205,0.9639849328161016,2025-01-08 16:55:41.602209,2025-01-08 16:55:44.541465,0 days 00:00:02.939256,1,9,1,50,,,,,,,,,,,,,,,COMPLETE
206,206,0.9639849328161016,2025-01-08 16:55:44.542532,2025-01-08 16:55:47.578282,0 days 00:00:03.035750,1,9,1,50,,,,,,,,,,,,,,,COMPLETE
207,207,0.9523869346733669,2025-01-08 16:55:47.579481,2025-01-08 16:55:51.517017,0 days 00:00:03.937536,2,9,1,50,30.0,,,,,,,,,,,,,,COMPLETE
208,208,0.9639849328161016,2025-01-08 16:55:51.518193,2025-01-08 16:55:54.461052,0 days 00:00:02.942859,1,9,1,50,,,,,,,,,,,,,,,COMPLETE
209,209,0.9639849328161016,2025-01-08 16:55:54.462258,2025-01-08 16:55:57.515863,0 days 00:00:03.053605,1,9,1,50,,,,,,,,,,,,,,,COMPLETE
210,210,0.0,2025-01-08 16:55:57.516972,2025-01-08 16:56:07.427773,0 days 00:00:09.910801,10,9,1,45,15.0,,,,,,5.0,20.0,25.0,45.0,45.0,45.0,45.0,15.0,COMPLETE
211,211,0.9639849328161016,2025-01-08 16:56:07.429722,2025-01-08 16:56:10.373959,0 days 00:00:02.944237,1,9,1,50,,,,,,,,,,,,,,,COMPLETE
212,212,0.9639849328161016,2025-01-08 16:56:10.375203,2025-01-08 16:56:13.414285,0 days 00:00:03.039082,1,9,1,50,,,,,,,,,,,,,,,COMPLETE
213,213,0.9639849328161016,2025-01-08 16:56:13.415147,2025-01-08 16:56:16.355993,0 days 00:00:02.940846,1,9,1,50,,,,,,,,,,,,,,,COMPLETE
214,214,0.9639849328161016,2025-01-08 16:56:16.357129,2025-01-08 16:56:19.298315,0 days 00:00:02.941186,1,9,1,50,,,,,,,,,,,,,,,COMPLETE
215,215,0.9639849328161016,2025-01-08 16:56:19.299147,2025-01-08 16:56:22.327733,0 days 00:00:03.028586,1,9,1,50,,,,,,,,,,,,,,,COMPLETE
216,216,0.9209187286301009,2025-01-08 16:56:22.340952,2025-01-08 16:56:26.305611,0 days 00:00:03.964659,1,9,4,50,,,,,,,,,,,,,,,COMPLETE
217,217,0.9632851588086909,2025-01-08 16:56:26.306573,2025-01-08 16:56:30.578019,0 days 00:00:04.271446,2,9,1,50,40.0,,,,,,,,,,,,,,COMPLETE
218,218,0.9634535359890504,2025-01-08 16:56:30.579037,2025-01-08 16:56:33.465718,0 days 00:00:02.886681,1,7,1,50,,,,,,,,,,,,,,,COMPLETE
219,219,0.9639849328161016,2025-01-08 16:56:33.466791,2025-01-08 16:56:36.404709,0 days 00:00:02.937918,1,9,1,50,,,,,,,,,,,,,,,COMPLETE
220,220,0.9588621518259044,2025-01-08 16:56:36.405879,2025-01-08 16:56:40.243004,0 days 00:00:03.837125,2,9,1,50,20.0,,,,,,,,,,,,,,COMPLETE
221,221,0.9639849328161016,2025-01-08 16:56:40.243895,2025-01-08 16:56:43.186393,0 days 00:00:02.942498,1,9,1,50,,,,,,,,,,,,,,,COMPLETE
222,222,0.9639849328161016,2025-01-08 16:56:43.187476,2025-01-08 16:56:46.130799,0 days 00:00:02.943323,1,9,1,50,,,,,,,,,,,,,,,COMPLETE
223,223,0.9639849328161016,2025-01-08 16:56:46.134691,2025-01-08 16:56:49.077349,0 days 00:00:02.942658,1,9,1,50,,,,,,,,,,,,,,,COMPLETE
224,224,0.9639849328161016,2025-01-08 16:56:49.078529,2025-01-08 16:56:52.132565,0 days 00:00:03.054036,1,9,1,50,,,,,,,,,,,,,,,COMPLETE
225,225,0.9639849328161016,2025-01-08 16:56:52.133697,2025-01-08 16:56:55.073247,0 days 00:00:02.939550,1,9,1,50,,,,,,,,,,,,,,,COMPLETE
226,226,0.9639849328161016,2025-01-08 16:56:55.074300,2025-01-08 16:56:58.016660,0 days 00:00:02.942360,1,9,1,50,,,,,,,,,,,,,,,COMPLETE
227,227,0.9639849328161016,2025-01-08 16:56:58.017844,2025-01-08 16:57:01.063416,0 days 00:00:03.045572,1,9,1,50,,,,,,,,,,,,,,,COMPLETE
228,228,0.9639849328161016,2025-01-08 16:57:01.064637,2025-01-08 16:57:04.004696,0 days 00:00:02.940059,1,9,1,50,,,,,,,,,,,,,,,COMPLETE
229,229,0.9639849328161016,2025-01-08 16:57:04.005606,2025-01-08 16:57:06.946934,0 days 00:00:02.941328,1,9,1,50,,,,,,,,,,,,,,,COMPLETE
230,230,0.961438063597532,2025-01-08 16:57:06.948116,2025-01-08 16:57:11.359925,0 days 00:00:04.411809,2,9,1,50,45.0,,,,,,,,,,,,,,COMPLETE
231,231,0.9639849328161016,2025-01-08 16:57:11.361029,2025-01-08 16:57:14.299028,0 days 00:00:02.937999,1,9,1,50,,,,,,,,,,,,,,,COMPLETE
232,232,0.9639849328161016,2025-01-08 16:57:14.300158,2025-01-08 16:57:17.330060,0 days 00:00:03.029902,1,9,1,50,,,,,,,,,,,,,,,COMPLETE
233,233,0.9639849328161016,2025-01-08 16:57:17.343552,2025-01-08 16:57:20.286091,0 days 00:00:02.942539,1,9,1,50,,,,,,,,,,,,,,,COMPLETE
234,234,0.9639849328161016,2025-01-08 16:57:20.287057,2025-01-08 16:57:23.227342,0 days 00:00:02.940285,1,9,1,50,,,,,,,,,,,,,,,COMPLETE
235,235,0.9639849328161016,2025-01-08 16:57:23.229302,2025-01-08 16:57:26.271645,0 days 00:00:03.042343,1,9,1,50,,,,,,,,,,,,,,,COMPLETE
236,236,0.9639849328161016,2025-01-08 16:57:26.272816,2025-01-08 16:57:29.215201,0 days 00:00:02.942385,1,9,1,50,,,,,,,,,,,,,,,COMPLETE
237,237,0.9639849328161016,2025-01-08 16:57:29.216417,2025-01-08 16:57:32.156998,0 days 00:00:02.940581,1,9,1,50,,,,,,,,,,,,,,,COMPLETE
238,238,0.9639849328161016,2025-01-08 16:57:32.157982,2025-01-08 16:57:35.088312,0 days 00:00:02.930330,1,9,1,50,,,,,,,,,,,,,,,COMPLETE
239,239,0.9562511336840196,2025-01-08 16:57:35.101320,2025-01-08 16:57:38.856536,0 days 00:00:03.755216,2,9,1,45,25.0,,,,,,,,,,,,,,COMPLETE
240,240,0.9639849328161016,2025-01-08 16:57:38.858028,2025-01-08 16:57:41.799484,0 days 00:00:02.941456,1,9,1,50,,,,,,,,,,,,,,,COMPLETE
241,241,0.9639849328161016,2025-01-08 16:57:41.800357,2025-01-08 16:57:44.873921,0 days 00:00:03.073564,1,9,1,50,,,,,,,,,,,,,,,COMPLETE
242,242,0.9639849328161016,2025-01-08 16:57:44.874895,2025-01-08 16:57:47.816446,0 days 00:00:02.941551,1,9,1,50,,,,,,,,,,,,,,,COMPLETE
243,243,0.9639849328161016,2025-01-08 16:57:47.817543,2025-01-08 16:57:50.749915,0 days 00:00:02.932372,1,9,1,50,,,,,,,,,,,,,,,COMPLETE
244,244,0.9639849328161016,2025-01-08 16:57:50.762975,2025-01-08 16:57:53.704714,0 days 00:00:02.941739,1,9,1,50,,,,,,,,,,,,,,,COMPLETE
245,245,0.9639849328161016,2025-01-08 16:57:53.705497,2025-01-08 16:57:56.742264,0 days 00:00:03.036767,1,9,1,50,,,,,,,,,,,,,,,COMPLETE
246,246,0.9639849328161016,2025-01-08 16:57:56.743429,2025-01-08 16:57:59.683385,0 days 00:00:02.939956,1,9,1,50,,,,,,,,,,,,,,,COMPLETE
247,247,0.9639849328161016,2025-01-08 16:57:59.685856,2025-01-08 16:58:02.627000,0 days 00:00:02.941144,1,9,1,50,,,,,,,,,,,,,,,COMPLETE
248,248,0.9639849328161016,2025-01-08 16:58:02.628029,2025-01-08 16:58:05.664710,0 days 00:00:03.036681,1,9,1,50,,,,,,,,,,,,,,,COMPLETE
249,249,0.9566661851798354,2025-01-08 16:58:05.665571,2025-01-08 16:58:09.990923,0 days 00:00:04.325352,2,9,1,50,50.0,,,,,,,,,,,,,,COMPLETE
250,250,0.9639849328161016,2025-01-08 16:58:09.992043,2025-01-08 16:58:13.066763,0 days 00:00:03.074720,1,9,1,50,,,,,,,,,,,,,,,COMPLETE
251,251,0.9639849328161016,2025-01-08 16:58:13.067954,2025-01-08 16:58:16.009652,0 days 00:00:02.941698,1,9,1,50,,,,,,,,,,,,,,,COMPLETE
252,252,0.9639849328161016,2025-01-08 16:58:16.010777,2025-01-08 16:58:18.945078,0 days 00:00:02.934301,1,9,1,50,,,,,,,,,,,,,,,COMPLETE
253,253,0.9639849328161016,2025-01-08 16:58:18.958378,2025-01-08 16:58:21.895128,0 days 00:00:02.936750,1,9,1,50,,,,,,,,,,,,,,,COMPLETE
254,254,0.9615331906979345,2025-01-08 16:58:21.908466,2025-01-08 16:58:25.727084,0 days 00:00:03.818618,2,9,1,45,30.0,,,,,,,,,,,,,,COMPLETE
255,255,0.9639849328161016,2025-01-08 16:58:25.728379,2025-01-08 16:58:28.675330,0 days 00:00:02.946951,1,9,1,50,,,,,,,,,,,,,,,COMPLETE
256,256,0.9639849328161016,2025-01-08 16:58:28.676455,2025-01-08 16:58:31.735518,0 days 00:00:03.059063,1,9,1,50,,,,,,,,,,,,,,,COMPLETE
257,257,0.9639849328161016,2025-01-08 16:58:31.748856,2025-01-08 16:58:34.691048,0 days 00:00:02.942192,1,9,1,50,,,,,,,,,,,,,,,COMPLETE
258,258,0.9639849328161016,2025-01-08 16:58:34.692367,2025-01-08 16:58:37.634308,0 days 00:00:02.941941,1,9,1,50,,,,,,,,,,,,,,,COMPLETE
259,259,0.9607395329618172,2025-01-08 16:58:37.635606,2025-01-08 16:58:41.768304,0 days 00:00:04.132698,2,9,1,50,35.0,,,,,,,,,,,,,,COMPLETE
260,260,0.9639849328161016,2025-01-08 16:58:41.769293,2025-01-08 16:58:44.710398,0 days 00:00:02.941105,1,9,1,50,,,,,,,,,,,,,,,COMPLETE
261,261,0.9639849328161016,2025-01-08 16:58:44.711568,2025-01-08 16:58:47.754470,0 days 00:00:03.042902,1,9,1,50,,,,,,,,,,,,,,,COMPLETE
262,262,0.9639849328161016,2025-01-08 16:58:47.755697,2025-01-08 16:58:50.693978,0 days 00:00:02.938281,1,9,1,50,,,,,,,,,,,,,,,COMPLETE
263,263,0.9581001182499015,2025-01-08 16:58:50.695167,2025-01-08 16:58:54.422212,0 days 00:00:03.727045,2,9,1,50,15.0,,,,,,,,,,,,,,COMPLETE
264,264,0.9611934924220106,2025-01-08 16:58:54.423294,2025-01-08 16:58:57.198229,0 days 00:00:02.774935,1,9,1,45,,,,,,,,,,,,,,,COMPLETE
265,265,0.0,2025-01-08 16:58:57.209867,2025-01-08 16:59:13.102263,0 days 00:00:15.892396,15,9,1,50,35.0,20.0,25.0,25.0,50.0,5.0,10.0,45.0,50.0,10.0,20.0,20.0,5.0,15.0,COMPLETE
266,266,0.9639849328161016,2025-01-08 16:59:13.103941,2025-01-08 16:59:16.049790,0 days 00:00:02.945849,1,9,1,50,,,,,,,,,,,,,,,COMPLETE
267,267,0.9586184210526316,2025-01-08 16:59:16.050988,2025-01-08 16:59:19.824042,0 days 00:00:03.773054,1,7,4,50,,,,,,,,,,,,,,,COMPLETE
268,268,0.9588621518259044,2025-01-08 16:59:19.825179,2025-01-08 16:59:23.670694,0 days 00:00:03.845515,2,9,1,50,20.0,,,,,,,,,,,,,,COMPLETE
269,269,0.9639849328161016,2025-01-08 16:59:23.671886,2025-01-08 16:59:26.615635,0 days 00:00:02.943749,1,9,1,50,,,,,,,,,,,,,,,COMPLETE
270,270,0.9639849328161016,2025-01-08 16:59:26.616834,2025-01-08 16:59:29.548465,0 days 00:00:02.931631,1,9,1,50,,,,,,,,,,,,,,,COMPLETE
271,271,0.961438063597532,2025-01-08 16:59:29.561538,2025-01-08 16:59:34.007200,0 days 00:00:04.445662,2,9,1,50,45.0,,,,,,,,,,,,,,COMPLETE
272,272,0.9611934924220106,2025-01-08 16:59:34.008150,2025-01-08 16:59:36.790760,0 days 00:00:02.782610,1,9,1,45,,,,,,,,,,,,,,,COMPLETE
273,273,0.9639849328161016,2025-01-08 16:59:36.793714,2025-01-08 16:59:39.735293,0 days 00:00:02.941579,1,9,1,50,,,,,,,,,,,,,,,COMPLETE
274,274,0.9563841617048829,2025-01-08 16:59:39.736369,2025-01-08 16:59:43.396396,0 days 00:00:03.660027,1,9,3,50,,,,,,,,,,,,,,,COMPLETE
275,275,0.9639849328161016,2025-01-08 16:59:43.397587,2025-01-08 16:59:46.337461,0 days 00:00:02.939874,1,9,1,50,,,,,,,,,,,,,,,COMPLETE
276,276,0.0,2025-01-08 16:59:46.338622,2025-01-08 17:00:02.709898,0 days 00:00:16.371276,13,9,1,50,30.0,35.0,40.0,30.0,,,35.0,35.0,30.0,40.0,35.0,30.0,30.0,40.0,COMPLETE
277,277,0.9632851588086909,2025-01-08 17:00:02.711751,2025-01-08 17:00:06.890955,0 days 00:00:04.179204,2,9,1,50,40.0,,,,,,,,,,,,,,COMPLETE
278,278,0.9639849328161016,2025-01-08 17:00:06.891966,2025-01-08 17:00:09.834881,0 days 00:00:02.942915,1,9,1,50,,,,,,,,,,,,,,,COMPLETE
279,279,0.15702479338842976,2025-01-08 17:00:09.836002,2025-01-08 17:00:15.550796,0 days 00:00:05.714794,5,9,1,50,20.0,,,,,,25.0,5.0,5.0,,,,,,COMPLETE
280,280,0.9611934924220106,2025-01-08 17:00:15.552174,2025-01-08 17:00:18.333403,0 days 00:00:02.781229,1,9,1,45,,,,,,,,,,,,,,,COMPLETE
281,281,0.9634535359890504,2025-01-08 17:00:18.345543,2025-01-08 17:00:21.233995,0 days 00:00:02.888452,1,7,1,50,,,,,,,,,,,,,,,COMPLETE
282,282,0.9557357826851671,2025-01-08 17:00:21.234949,2025-01-08 17:00:24.535928,0 days 00:00:03.300979,2,9,1,25,50.0,,,,,,,,,,,,,,COMPLETE
283,283,0.9639849328161016,2025-01-08 17:00:24.542344,2025-01-08 17:00:27.599898,0 days 00:00:03.057554,1,9,1,50,,,,,,,,,,,,,,,COMPLETE
284,284,0.9639849328161016,2025-01-08 17:00:27.600855,2025-01-08 17:00:30.542116,0 days 00:00:02.941261,1,9,1,50,,,,,,,,,,,,,,,COMPLETE
285,285,0.9639849328161016,2025-01-08 17:00:30.543087,2025-01-08 17:00:33.485302,0 days 00:00:02.942215,1,9,1,50,,,,,,,,,,,,,,,COMPLETE
286,286,0.9421632772362933,2025-01-08 17:00:33.486533,2025-01-08 17:00:35.483127,0 days 00:00:01.996594,1,9,1,10,,,,,,,,,,,,,,,COMPLETE
287,287,0.9639849328161016,2025-01-08 17:00:35.487409,2025-01-08 17:00:38.427878,0 days 00:00:02.940469,1,9,1,50,,,,,,,,,,,,,,,COMPLETE
288,288,0.9521513290357511,2025-01-08 17:00:38.429827,2025-01-08 17:00:42.252750,0 days 00:00:03.822923,2,9,1,50,25.0,,,,,,,,,,,,,,COMPLETE
289,289,0.9639849328161016,2025-01-08 17:00:42.253410,2025-01-08 17:00:45.295904,0 days 00:00:03.042494,1,9,1,50,,,,,,,,,,,,,,,COMPLETE
290,290,0.9639849328161016,2025-01-08 17:00:45.297003,2025-01-08 17:00:48.255551,0 days 00:00:02.958548,1,9,1,50,,,,,,,,,,,,,,,COMPLETE
291,291,0.9632851588086909,2025-01-08 17:00:48.256550,2025-01-08 17:00:52.424198,0 days 00:00:04.167648,2,9,1,50,40.0,,,,,,,,,,,,,,COMPLETE
292,292,0.8479349345533105,2025-01-08 17:00:52.425273,2025-01-08 17:00:56.834004,0 days 00:00:04.408731,1,9,5,45,,,,,,,,,,,,,,,COMPLETE
293,293,0.6709982531634784,2025-01-08 17:00:56.835187,2025-01-08 17:01:03.921439,0 days 00:00:07.086252,6,9,1,50,10.0,,,,,,40.0,50.0,15.0,25.0,,,,,COMPLETE
294,294,0.9639849328161016,2025-01-08 17:01:03.922780,2025-01-08 17:01:06.863009,0 days 00:00:02.940229,1,9,1,50,,,,,,,,,,,,,,,COMPLETE
295,295,0.0,2025-01-08 17:01:06.864324,2025-01-08 17:01:14.928312,0 days 00:00:08.063988,8,9,1,50,25.0,,,,,,10.0,10.0,30.0,30.0,10.0,10.0,,,COMPLETE
296,296,0.9639849328161016,2025-01-08 17:01:14.929871,2025-01-08 17:01:17.992920,0 days 00:00:03.063049,1,9,1,50,,,,,,,,,,,,,,,COMPLETE
297,297,0.9581001182499015,2025-01-08 17:01:17.993935,2025-01-08 17:01:21.719186,0 days 00:00:03.725251,2,9,1,50,15.0,,,,,,,,,,,,,,COMPLETE
298,298,0.9639849328161016,2025-01-08 17:01:21.720141,2025-01-08 17:01:24.771358,0 days 00:00:03.051217,1,9,1,50,,,,,,,,,,,,,,,COMPLETE
299,299,0.9634535359890504,2025-01-08 17:01:24.772513,2025-01-08 17:01:27.659194,0 days 00:00:02.886681,1,7,1,50,,,,,,,,,,,,,,,COMPLETE
300,300,0.9611934924220106,2025-01-08 17:01:27.660601,2025-01-08 17:01:30.443371,0 days 00:00:02.782770,1,9,1,45,,,,,,,,,,,,,,,COMPLETE
301,301,0.961438063597532,2025-01-08 17:01:30.444315,2025-01-08 17:01:34.863121,0 days 00:00:04.418806,2,9,1,50,45.0,,,,,,,,,,,,,,COMPLETE
302,302,0.9639849328161016,2025-01-08 17:01:34.864136,2025-01-08 17:01:37.808866,0 days 00:00:02.944730,1,9,1,50,,,,,,,,,,,,,,,COMPLETE
303,303,0.9639849328161016,2025-01-08 17:01:37.810909,2025-01-08 17:01:40.749277,0 days 00:00:02.938368,1,9,1,50,,,,,,,,,,,,,,,COMPLETE
304,304,0.9639849328161016,2025-01-08 17:01:40.750488,2025-01-08 17:01:43.693452,0 days 00:00:02.942964,1,9,1,50,,,,,,,,,,,,,,,COMPLETE
305,305,0.0,2025-01-08 17:01:43.694666,2025-01-08 17:01:53.378963,0 days 00:00:09.684297,12,9,1,50,35.0,20.0,15.0,,,,20.0,25.0,45.0,5.0,45.0,40.0,20.0,50.0,COMPLETE
306,306,0.9639849328161016,2025-01-08 17:01:53.380951,2025-01-08 17:01:56.325779,0 days 00:00:02.944828,1,9,1,50,,,,,,,,,,,,,,,COMPLETE
307,307,0.954932105509599,2025-01-08 17:01:56.329154,2025-01-08 17:01:59.815621,0 days 00:00:03.486467,2,9,1,50,5.0,,,,,,,,,,,,,,COMPLETE
308,308,0.9639849328161016,2025-01-08 17:01:59.816905,2025-01-08 17:02:02.860801,0 days 00:00:03.043896,1,9,1,50,,,,,,,,,,,,,,,COMPLETE
309,309,0.9611934924220106,2025-01-08 17:02:02.862035,2025-01-08 17:02:05.651026,0 days 00:00:02.788991,1,9,1,45,,,,,,,,,,,,,,,COMPLETE
310,310,0.9639849328161016,2025-01-08 17:02:05.652492,2025-01-08 17:02:08.600670,0 days 00:00:02.948178,1,9,1,50,,,,,,,,,,,,,,,COMPLETE
311,311,0.9566661851798354,2025-01-08 17:02:08.601890,2025-01-08 17:02:13.048660,0 days 00:00:04.446770,2,9,1,50,50.0,,,,,,,,,,,,,,COMPLETE
312,312,0.9639849328161016,2025-01-08 17:02:13.049373,2025-01-08 17:02:15.991511,0 days 00:00:02.942138,1,9,1,50,,,,,,,,,,,,,,,COMPLETE
313,313,0.9639849328161016,2025-01-08 17:02:15.992824,2025-01-08 17:02:19.042985,0 days 00:00:03.050161,1,9,1,50,,,,,,,,,,,,,,,COMPLETE
314,314,0.9639849328161016,2025-01-08 17:02:19.044340,2025-01-08 17:02:21.985631,0 days 00:00:02.941291,1,9,1,50,,,,,,,,,,,,,,,COMPLETE
315,315,0.9539809077769437,2025-01-08 17:02:21.986851,2025-01-08 17:02:25.631238,0 days 00:00:03.644387,2,9,1,50,10.0,,,,,,,,,,,,,,COMPLETE
316,316,0.9611934924220106,2025-01-08 17:02:25.632162,2025-01-08 17:02:28.518771,0 days 00:00:02.886609,1,9,1,45,,,,,,,,,,,,,,,COMPLETE
317,317,0.9639849328161016,2025-01-08 17:02:28.519984,2025-01-08 17:02:31.461510,0 days 00:00:02.941526,1,9,1,50,,,,,,,,,,,,,,,COMPLETE
318,318,0.9639849328161016,2025-01-08 17:02:31.462489,2025-01-08 17:02:34.405999,0 days 00:00:02.943510,1,9,1,50,,,,,,,,,,,,,,,COMPLETE
319,319,0.1523545706371191,2025-01-08 17:02:34.407029,2025-01-08 17:02:42.510924,0 days 00:00:08.103895,7,9,1,50,25.0,,,,,,35.0,30.0,20.0,25.0,40.0,,,,COMPLETE
320,320,0.9582710874266984,2025-01-08 17:02:42.512235,2025-01-08 17:02:46.451479,0 days 00:00:03.939244,2,7,1,50,30.0,,,,,,,,,,,,,,COMPLETE
321,321,0.9639849328161016,2025-01-08 17:02:46.452631,2025-01-08 17:02:49.385467,0 days 00:00:02.932836,1,9,1,50,,,,,,,,,,,,,,,COMPLETE
322,322,0.9639849328161016,2025-01-08 17:02:49.398814,2025-01-08 17:02:52.339041,0 days 00:00:02.940227,1,9,1,50,,,,,,,,,,,,,,,COMPLETE
323,323,0.9639849328161016,2025-01-08 17:02:52.340196,2025-01-08 17:02:55.281998,0 days 00:00:02.941802,1,9,1,50,,,,,,,,,,,,,,,COMPLETE
324,324,0.0,2025-01-08 17:02:55.283122,2025-01-08 17:03:06.380374,0 days 00:00:11.097252,10,9,1,50,40.0,,,,,,50.0,15.0,10.0,50.0,15.0,20.0,35.0,20.0,COMPLETE
325,325,0.9639849328161016,2025-01-08 17:03:06.381936,2025-01-08 17:03:09.329034,0 days 00:00:02.947098,1,9,1,50,,,,,,,,,,,,,,,COMPLETE
326,326,0.9639849328161016,2025-01-08 17:03:09.329976,2025-01-08 17:03:12.270726,0 days 00:00:02.940750,1,9,1,50,,,,,,,,,,,,,,,COMPLETE
327,327,0.9596797884841364,2025-01-08 17:03:12.271958,2025-01-08 17:03:15.871322,0 days 00:00:03.599364,2,9,1,45,20.0,,,,,,,,,,,,,,COMPLETE
328,328,0.943104528369429,2025-01-08 17:03:15.872848,2025-01-08 17:03:18.864793,0 days 00:00:02.991945,1,3,1,50,,,,,,,,,,,,,,,COMPLETE
329,329,0.9639849328161016,2025-01-08 17:03:18.878004,2025-01-08 17:03:21.821350,0 days 00:00:02.943346,1,9,1,50,,,,,,,,,,,,,,,COMPLETE
330,330,0.9585365249894795,2025-01-08 17:03:21.822062,2025-01-08 17:03:24.191925,0 days 00:00:02.369863,1,9,1,30,,,,,,,,,,,,,,,COMPLETE
331,331,0.0,2025-01-08 17:03:24.200097,2025-01-08 17:03:39.765236,0 days 00:00:15.565139,14,9,1,50,15.0,50.0,35.0,50.0,5.0,,20.0,35.0,35.0,35.0,30.0,10.0,15.0,10.0,COMPLETE
332,332,0.9443919918098055,2025-01-08 17:03:39.767051,2025-01-08 17:03:42.260308,0 days 00:00:02.493257,2,9,1,5,30.0,,,,,,,,,,,,,,COMPLETE
333,333,0.9563841617048829,2025-01-08 17:03:42.261777,2025-01-08 17:03:45.821844,0 days 00:00:03.560067,1,9,3,50,,,,,,,,,,,,,,,COMPLETE
334,334,0.9639849328161016,2025-01-08 17:03:45.822891,2025-01-08 17:03:48.768694,0 days 00:00:02.945803,1,9,1,50,,,,,,,,,,,,,,,COMPLETE
335,335,0.9639849328161016,2025-01-08 17:03:48.769970,2025-01-08 17:03:51.711711,0 days 00:00:02.941741,1,9,1,50,,,,,,,,,,,,,,,COMPLETE
336,336,0.9573969122532735,2025-01-08 17:03:51.712877,2025-01-08 17:03:55.691428,0 days 00:00:03.978551,2,9,1,45,35.0,,,,,,,,,,,,,,COMPLETE
337,337,0.9545613005807378,2025-01-08 17:03:55.692868,2025-01-08 17:03:57.833555,0 days 00:00:02.140687,1,9,1,20,,,,,,,,,,,,,,,COMPLETE
338,338,0.9639849328161016,2025-01-08 17:03:57.838521,2025-01-08 17:04:00.777516,0 days 00:00:02.938995,1,9,1,50,,,,,,,,,,,,,,,COMPLETE
339,339,0.9639849328161016,2025-01-08 17:04:00.778746,2025-01-08 17:04:03.849212,0 days 00:00:03.070466,1,9,1,50,,,,,,,,,,,,,,,COMPLETE
340,340,0.9639849328161016,2025-01-08 17:04:03.850374,2025-01-08 17:04:06.791169,0 days 00:00:02.940795,1,9,1,50,,,,,,,,,,,,,,,COMPLETE
341,341,0.954932105509599,2025-01-08 17:04:06.792326,2025-01-08 17:04:10.275526,0 days 00:00:03.483200,2,9,1,50,5.0,,,,,,,,,,,,,,COMPLETE
342,342,0.9639849328161016,2025-01-08 17:04:10.276770,2025-01-08 17:04:13.324933,0 days 00:00:03.048163,1,9,1,50,,,,,,,,,,,,,,,COMPLETE
343,343,0.9639849328161016,2025-01-08 17:04:13.325665,2025-01-08 17:04:16.257625,0 days 00:00:02.931960,1,9,1,50,,,,,,,,,,,,,,,COMPLETE
344,344,0.9639849328161016,2025-01-08 17:04:16.270687,2025-01-08 17:04:19.214370,0 days 00:00:02.943683,1,9,1,50,,,,,,,,,,,,,,,COMPLETE
345,345,0.9566661851798354,2025-01-08 17:04:19.215617,2025-01-08 17:04:23.638852,0 days 00:00:04.423235,2,9,1,50,50.0,,,,,,,,,,,,,,COMPLETE
346,346,0.9499108138238573,2025-01-08 17:04:23.639840,2025-01-08 17:04:26.424812,0 days 00:00:02.784972,1,1,1,45,,,,,,,,,,,,,,,COMPLETE
347,347,0.9639849328161016,2025-01-08 17:04:26.425616,2025-01-08 17:04:29.368431,0 days 00:00:02.942815,1,9,1,50,,,,,,,,,,,,,,,COMPLETE
348,348,0.9639849328161016,2025-01-08 17:04:29.369644,2025-01-08 17:04:32.410488,0 days 00:00:03.040844,1,9,1,50,,,,,,,,,,,,,,,COMPLETE
349,349,0.9634535359890504,2025-01-08 17:04:32.411637,2025-01-08 17:04:35.299368,0 days 00:00:02.887731,1,7,1,50,,,,,,,,,,,,,,,COMPLETE
350,350,0.9588621518259044,2025-01-08 17:04:35.301143,2025-01-08 17:04:39.142518,0 days 00:00:03.841375,2,9,1,50,20.0,,,,,,,,,,,,,,COMPLETE
351,351,0.9639849328161016,2025-01-08 17:04:39.143355,2025-01-08 17:04:42.085553,0 days 00:00:02.942198,1,9,1,50,,,,,,,,,,,,,,,COMPLETE
352,352,0.9581001182499015,2025-01-08 17:04:42.086657,2025-01-08 17:04:45.814090,0 days 00:00:03.727433,2,9,1,50,15.0,,,,,,,,,,,,,,COMPLETE
353,353,0.9639849328161016,2025-01-08 17:04:45.814948,2025-01-08 17:04:48.883513,0 days 00:00:03.068565,1,9,1,50,,,,,,,,,,,,,,,COMPLETE
354,354,0.9510636172975132,2025-01-08 17:04:48.884660,2025-01-08 17:04:51.109059,0 days 00:00:02.224399,1,9,1,25,,,,,,,,,,,,,,,COMPLETE
355,355,0.9611934924220106,2025-01-08 17:04:51.115560,2025-01-08 17:04:53.900690,0 days 00:00:02.785130,1,9,1,45,,,,,,,,,,,,,,,COMPLETE
356,356,0.9632851588086909,2025-01-08 17:04:53.901310,2025-01-08 17:04:58.095380,0 days 00:00:04.194070,2,9,1,50,40.0,,,,,,,,,,,,,,COMPLETE
357,357,0.0,2025-01-08 17:04:58.096406,2025-01-08 17:05:08.482962,0 days 00:00:10.386556,9,9,1,50,35.0,,,,,,45.0,20.0,25.0,5.0,25.0,40.0,45.0,,COMPLETE
358,358,0.9639849328161016,2025-01-08 17:05:08.484420,2025-01-08 17:05:11.431293,0 days 00:00:02.946873,1,9,1,50,,,,,,,,,,,,,,,COMPLETE
359,359,0.9639849328161016,2025-01-08 17:05:11.432500,2025-01-08 17:05:14.376068,0 days 00:00:02.943568,1,9,1,50,,,,,,,,,,,,,,,COMPLETE
360,360,0.9639849328161016,2025-01-08 17:05:14.377353,2025-01-08 17:05:17.320902,0 days 00:00:02.943549,1,9,1,50,,,,,,,,,,,,,,,COMPLETE
361,361,0.9639849328161016,2025-01-08 17:05:17.321878,2025-01-08 17:05:20.362785,0 days 00:00:03.040907,1,9,1,50,,,,,,,,,,,,,,,COMPLETE
362,362,0.9639849328161016,2025-01-08 17:05:20.364004,2025-01-08 17:05:23.308947,0 days 00:00:02.944943,1,9,1,50,,,,,,,,,,,,,,,COMPLETE
363,363,0.9639849328161016,2025-01-08 17:05:23.309824,2025-01-08 17:05:26.243289,0 days 00:00:02.933465,1,9,1,50,,,,,,,,,,,,,,,COMPLETE
364,364,0.9547733617654073,2025-01-08 17:05:26.255954,2025-01-08 17:05:30.389292,0 days 00:00:04.133338,2,9,1,45,45.0,,,,,,,,,,,,,,COMPLETE
365,365,0.9639849328161016,2025-01-08 17:05:30.390590,2025-01-08 17:05:33.335728,0 days 00:00:02.945138,1,9,1,50,,,,,,,,,,,,,,,COMPLETE
366,366,0.9639849328161016,2025-01-08 17:05:33.336617,2025-01-08 17:05:36.378363,0 days 00:00:03.041746,1,9,1,50,,,,,,,,,,,,,,,COMPLETE
367,367,0.9485400940037032,2025-01-08 17:05:36.379585,2025-01-08 17:05:41.514549,0 days 00:00:05.134964,2,9,4,50,10.0,,,,,,,,,,,,,,COMPLETE
368,368,0.9639849328161016,2025-01-08 17:05:41.515791,2025-01-08 17:05:44.459622,0 days 00:00:02.943831,1,9,1,50,,,,,,,,,,,,,,,COMPLETE
369,369,0.0,2025-01-08 17:05:44.465429,2025-01-08 17:05:50.245149,0 days 00:00:05.779720,5,9,1,50,25.0,,,,,,15.0,5.0,5.0,,,,,,COMPLETE
370,370,0.8651427177818007,2025-01-08 17:05:50.246351,2025-01-08 17:05:55.321217,0 days 00:00:05.074866,4,9,1,50,5.0,,,,,,40.0,30.0,,,,,,,COMPLETE
371,371,0.955455769840192,2025-01-08 17:05:55.322298,2025-01-08 17:05:57.842198,0 days 00:00:02.519900,1,9,1,35,,,,,,,,,,,,,,,COMPLETE
372,372,0.9639849328161016,2025-01-08 17:05:57.843554,2025-01-08 17:06:00.889244,0 days 00:00:03.045690,1,9,1,50,,,,,,,,,,,,,,,COMPLETE
373,373,0.9615331906979345,2025-01-08 17:06:00.890404,2025-01-08 17:06:04.611807,0 days 00:00:03.721403,2,9,1,45,30.0,,,,,,,,,,,,,,COMPLETE
374,374,0.9563841617048829,2025-01-08 17:06:04.613152,2025-01-08 17:06:08.278774,0 days 00:00:03.665622,1,9,3,50,,,,,,,,,,,,,,,COMPLETE
375,375,0.9639849328161016,2025-01-08 17:06:08.279748,2025-01-08 17:06:11.219388,0 days 00:00:02.939640,1,9,1,50,,,,,,,,,,,,,,,COMPLETE
376,376,0.9639849328161016,2025-01-08 17:06:11.220477,2025-01-08 17:06:14.165776,0 days 00:00:02.945299,1,9,1,50,,,,,,,,,,,,,,,COMPLETE
377,377,0.9634535359890504,2025-01-08 17:06:14.166967,2025-01-08 17:06:17.050079,0 days 00:00:02.883112,1,7,1,50,,,,,,,,,,,,,,,COMPLETE
378,378,0.9639849328161016,2025-01-08 17:06:17.063204,2025-01-08 17:06:20.103680,0 days 00:00:03.040476,1,9,1,50,,,,,,,,,,,,,,,COMPLETE
379,379,0.9556582633053221,2025-01-08 17:06:20.104615,2025-01-08 17:06:24.212850,0 days 00:00:04.108235,2,9,1,45,50.0,,,,,,,,,,,,,,COMPLETE
380,380,0.9639849328161016,2025-01-08 17:06:24.213836,2025-01-08 17:06:27.254774,0 days 00:00:03.040938,1,9,1,50,,,,,,,,,,,,,,,COMPLETE
381,381,0.9639849328161016,2025-01-08 17:06:27.255899,2025-01-08 17:06:30.201182,0 days 00:00:02.945283,1,9,1,50,,,,,,,,,,,,,,,COMPLETE
382,382,0.9539809077769437,2025-01-08 17:06:30.202156,2025-01-08 17:06:33.846390,0 days 00:00:03.644234,2,9,1,50,10.0,,,,,,,,,,,,,,COMPLETE
383,383,0.8928357783791483,2025-01-08 17:06:33.847478,2025-01-08 17:06:43.244666,0 days 00:00:09.397188,8,3,1,50,45.0,,,,,,25.0,40.0,40.0,20.0,5.0,45.0,,,COMPLETE
384,384,0.9639849328161016,2025-01-08 17:06:43.246700,2025-01-08 17:06:46.317343,0 days 00:00:03.070643,1,9,1,50,,,,,,,,,,,,,,,COMPLETE
385,385,0.9639849328161016,2025-01-08 17:06:46.318307,2025-01-08 17:06:49.263212,0 days 00:00:02.944905,1,9,1,50,,,,,,,,,,,,,,,COMPLETE
386,386,0.8859270046216141,2025-01-08 17:06:49.264465,2025-01-08 17:06:53.945224,0 days 00:00:04.680759,1,9,5,50,,,,,,,,,,,,,,,COMPLETE
387,387,0.9563841617048829,2025-01-08 17:06:53.946370,2025-01-08 17:06:57.413091,0 days 00:00:03.466721,2,9,1,30,40.0,,,,,,,,,,,,,,COMPLETE
388,388,0.9639849328161016,2025-01-08 17:06:57.423710,2025-01-08 17:07:00.371151,0 days 00:00:02.947441,1,9,1,50,,,,,,,,,,,,,,,COMPLETE
389,389,0.9639849328161016,2025-01-08 17:07:00.372199,2025-01-08 17:07:03.319555,0 days 00:00:02.947356,1,9,1,50,,,,,,,,,,,,,,,COMPLETE
390,390,0.9639849328161016,2025-01-08 17:07:03.320454,2025-01-08 17:07:06.361977,0 days 00:00:03.041523,1,9,1,50,,,,,,,,,,,,,,,COMPLETE
391,391,0.9639849328161016,2025-01-08 17:07:06.363223,2025-01-08 17:07:09.298669,0 days 00:00:02.935446,1,9,1,50,,,,,,,,,,,,,,,COMPLETE
392,392,0.9611934924220106,2025-01-08 17:07:09.311723,2025-01-08 17:07:12.102451,0 days 00:00:02.790728,1,9,1,45,,,,,,,,,,,,,,,COMPLETE
393,393,0.9588621518259044,2025-01-08 17:07:12.103677,2025-01-08 17:07:15.939114,0 days 00:00:03.835437,2,9,1,50,20.0,,,,,,,,,,,,,,COMPLETE
394,394,0.0,2025-01-08 17:07:15.939930,2025-01-08 17:07:25.117495,0 days 00:00:09.177565,12,9,1,15,15.0,40.0,15.0,,,,5.0,50.0,30.0,40.0,50.0,15.0,35.0,30.0,COMPLETE
395,395,0.9639849328161016,2025-01-08 17:07:25.119342,2025-01-08 17:07:28.063547,0 days 00:00:02.944205,1,9,1,50,,,,,,,,,,,,,,,COMPLETE
396,396,0.9634535359890504,2025-01-08 17:07:28.064828,2025-01-08 17:07:30.963792,0 days 00:00:02.898964,1,7,1,50,,,,,,,,,,,,,,,COMPLETE
397,397,0.9521513290357511,2025-01-08 17:07:30.965103,2025-01-08 17:07:34.910993,0 days 00:00:03.945890,2,9,1,50,25.0,,,,,,,,,,,,,,COMPLETE
398,398,0.9639849328161016,2025-01-08 17:07:34.911869,2025-01-08 17:07:37.857883,0 days 00:00:02.946014,1,9,1,50,,,,,,,,,,,,,,,COMPLETE
399,399,0.9639849328161016,2025-01-08 17:07:37.859110,2025-01-08 17:07:40.805669,0 days 00:00:02.946559,1,9,1,50,,,,,,,,,,,,,,,COMPLETE
400,400,0.9639849328161016,2025-01-08 17:07:40.806547,2025-01-08 17:07:43.856132,0 days 00:00:03.049585,1,9,1,50,,,,,,,,,,,,,,,COMPLETE
401,401,0.9523630027977417,2025-01-08 17:07:43.857146,2025-01-08 17:07:47.319104,0 days 00:00:03.461958,2,9,1,45,5.0,,,,,,,,,,,,,,COMPLETE
402,402,0.9639849328161016,2025-01-08 17:07:47.320282,2025-01-08 17:07:50.264757,0 days 00:00:02.944475,1,9,1,50,,,,,,,,,,,,,,,COMPLETE
403,403,0.9632252380752612,2025-01-08 17:07:50.265785,2025-01-08 17:07:53.616439,0 days 00:00:03.350654,1,9,2,50,,,,,,,,,,,,,,,COMPLETE
404,404,0.9547821597719468,2025-01-08 17:07:53.617600,2025-01-08 17:07:55.641659,0 days 00:00:02.024059,1,9,1,15,,,,,,,,,,,,,,,COMPLETE
405,405,0.7369450699135462,2025-01-08 17:07:55.645423,2025-01-08 17:08:03.622426,0 days 00:00:07.977003,6,9,1,50,20.0,,,,,,15.0,45.0,50.0,50.0,,,,,COMPLETE
406,406,0.9639849328161016,2025-01-08 17:08:03.623718,2025-01-08 17:08:06.571067,0 days 00:00:02.947349,1,9,1,50,,,,,,,,,,,,,,,COMPLETE
407,407,0.9523869346733669,2025-01-08 17:08:06.571997,2025-01-08 17:08:10.612864,0 days 00:00:04.040867,2,9,1,50,30.0,,,,,,,,,,,,,,COMPLETE
408,408,0.9639849328161016,2025-01-08 17:08:10.613916,2025-01-08 17:08:13.561727,0 days 00:00:02.947811,1,9,1,50,,,,,,,,,,,,,,,COMPLETE
409,409,0.9639849328161016,2025-01-08 17:08:13.562792,2025-01-08 17:08:16.507301,0 days 00:00:02.944509,1,9,1,50,,,,,,,,,,,,,,,COMPLETE
410,410,0.9639849328161016,2025-01-08 17:08:16.508443,2025-01-08 17:08:19.451529,0 days 00:00:02.943086,1,9,1,50,,,,,,,,,,,,,,,COMPLETE
411,411,0.9611934924220106,2025-01-08 17:08:19.452458,2025-01-08 17:08:22.332001,0 days 00:00:02.879543,1,9,1,45,,,,,,,,,,,,,,,COMPLETE
412,412,0.9639849328161016,2025-01-08 17:08:22.343820,2025-01-08 17:08:25.289109,0 days 00:00:02.945289,1,9,1,50,,,,,,,,,,,,,,,COMPLETE
413,413,0.7868023860997678,2025-01-08 17:08:25.290371,2025-01-08 17:08:31.571498,0 days 00:00:06.281127,2,9,4,50,35.0,,,,,,,,,,,,,,COMPLETE
414,414,0.9639849328161016,2025-01-08 17:08:31.572525,2025-01-08 17:08:34.519714,0 days 00:00:02.947189,1,9,1,50,,,,,,,,,,,,,,,COMPLETE
415,415,0.9632851588086909,2025-01-08 17:08:34.520683,2025-01-08 17:08:38.702475,0 days 00:00:04.181792,2,9,1,50,40.0,,,,,,,,,,,,,,COMPLETE
416,416,0.9639849328161016,2025-01-08 17:08:38.703525,2025-01-08 17:08:41.745272,0 days 00:00:03.041747,1,9,1,50,,,,,,,,,,,,,,,COMPLETE
417,417,0.9639849328161016,2025-01-08 17:08:41.746413,2025-01-08 17:08:44.689407,0 days 00:00:02.942994,1,9,1,50,,,,,,,,,,,,,,,COMPLETE
418,418,0.9639849328161016,2025-01-08 17:08:44.690482,2025-01-08 17:08:47.633838,0 days 00:00:02.943356,1,9,1,50,,,,,,,,,,,,,,,COMPLETE
419,419,0.9611934924220106,2025-01-08 17:08:47.634849,2025-01-08 17:08:50.513058,0 days 00:00:02.878209,1,9,1,45,,,,,,,,,,,,,,,COMPLETE
420,420,0.9639849328161016,2025-01-08 17:08:50.524653,2025-01-08 17:08:53.470531,0 days 00:00:02.945878,1,9,1,50,,,,,,,,,,,,,,,COMPLETE
421,421,0.9639849328161016,2025-01-08 17:08:53.471383,2025-01-08 17:08:56.413549,0 days 00:00:02.942166,1,9,1,50,,,,,,,,,,,,,,,COMPLETE
422,422,0.9566661851798354,2025-01-08 17:08:56.414535,2025-01-08 17:09:00.837048,0 days 00:00:04.422513,2,9,1,50,50.0,,,,,,,,,,,,,,COMPLETE
423,423,0.9634535359890504,2025-01-08 17:09:00.837890,2025-01-08 17:09:03.734922,0 days 00:00:02.897032,1,7,1,50,,,,,,,,,,,,,,,COMPLETE
424,424,0.9639849328161016,2025-01-08 17:09:03.735929,2025-01-08 17:09:06.778947,0 days 00:00:03.043018,1,9,1,50,,,,,,,,,,,,,,,COMPLETE
425,425,0.9639849328161016,2025-01-08 17:09:06.779873,2025-01-08 17:09:09.727169,0 days 00:00:02.947296,1,9,1,50,,,,,,,,,,,,,,,COMPLETE
426,426,0.9581001182499015,2025-01-08 17:09:09.728195,2025-01-08 17:09:13.457629,0 days 00:00:03.729434,2,9,1,50,15.0,,,,,,,,,,,,,,COMPLETE
427,427,0.955455769840192,2025-01-08 17:09:13.458577,2025-01-08 17:09:16.096366,0 days 00:00:02.637789,1,9,1,35,,,,,,,,,,,,,,,COMPLETE
428,428,0.9639849328161016,2025-01-08 17:09:16.107991,2025-01-08 17:09:19.055472,0 days 00:00:02.947481,1,9,1,50,,,,,,,,,,,,,,,COMPLETE
429,429,0.9547733617654073,2025-01-08 17:09:19.056879,2025-01-08 17:09:23.098785,0 days 00:00:04.041906,2,9,1,45,45.0,,,,,,,,,,,,,,COMPLETE
430,430,0.0,2025-01-08 17:09:23.100170,2025-01-08 17:09:29.272599,0 days 00:00:06.172429,9,9,1,50,25.0,,,,,,35.0,10.0,45.0,30.0,35.0,35.0,20.0,,COMPLETE
431,431,0.9639849328161016,2025-01-08 17:09:29.274096,2025-01-08 17:09:32.323419,0 days 00:00:03.049323,1,9,1,50,,,,,,,,,,,,,,,COMPLETE
432,432,0.9639849328161016,2025-01-08 17:09:32.324740,2025-01-08 17:09:35.270676,0 days 00:00:02.945936,1,9,1,50,,,,,,,,,,,,,,,COMPLETE
433,433,0.9639849328161016,2025-01-08 17:09:35.271660,2025-01-08 17:09:38.218023,0 days 00:00:02.946363,1,9,1,50,,,,,,,,,,,,,,,COMPLETE
434,434,0.9639849328161016,2025-01-08 17:09:38.219282,2025-01-08 17:09:41.163356,0 days 00:00:02.944074,1,9,1,50,,,,,,,,,,,,,,,COMPLETE
435,435,0.9639849328161016,2025-01-08 17:09:41.164447,2025-01-08 17:09:44.205885,0 days 00:00:03.041438,1,9,1,50,,,,,,,,,,,,,,,COMPLETE
436,436,0.9523869346733669,2025-01-08 17:09:44.206933,2025-01-08 17:09:48.146259,0 days 00:00:03.939326,2,9,1,50,30.0,,,,,,,,,,,,,,COMPLETE
437,437,0.9510636172975132,2025-01-08 17:09:48.147016,2025-01-08 17:09:50.376572,0 days 00:00:02.229556,1,9,1,25,,,,,,,,,,,,,,,COMPLETE
438,438,0.9634535359890504,2025-01-08 17:09:50.383339,2025-01-08 17:09:53.374111,0 days 00:00:02.990772,1,7,1,50,,,,,,,,,,,,,,,COMPLETE
439,439,0.9611934924220106,2025-01-08 17:09:53.375184,2025-01-08 17:09:56.166275,0 days 00:00:02.791091,1,9,1,45,,,,,,,,,,,,,,,COMPLETE
440,440,0.9563841617048829,2025-01-08 17:09:56.167402,2025-01-08 17:09:59.731363,0 days 00:00:03.563961,1,9,3,50,,,,,,,,,,,,,,,COMPLETE
441,441,0.9539809077769437,2025-01-08 17:09:59.732337,2025-01-08 17:10:03.478003,0 days 00:00:03.745666,2,9,1,50,10.0,,,,,,,,,,,,,,COMPLETE
442,442,0.7093882605334974,2025-01-08 17:10:03.478717,2025-01-08 17:10:12.008407,0 days 00:00:08.529690,7,9,1,50,35.0,,,,,,40.0,25.0,15.0,45.0,5.0,,,,COMPLETE
443,443,0.9639849328161016,2025-01-08 17:10:12.009787,2025-01-08 17:10:14.959201,0 days 00:00:02.949414,1,9,1,50,,,,,,,,,,,,,,,COMPLETE
444,444,0.9522977204864904,2025-01-08 17:10:14.960401,2025-01-08 17:10:19.132112,0 days 00:00:04.171711,3,9,1,50,5.0,,,,,,30.0,,,,,,,,COMPLETE
445,445,0.9639849328161016,2025-01-08 17:10:19.133695,2025-01-08 17:10:22.182878,0 days 00:00:03.049183,1,9,1,50,,,,,,,,,,,,,,,COMPLETE
446,446,0.9581001182499015,2025-01-08 17:10:22.183750,2025-01-08 17:10:25.914385,0 days 00:00:03.730635,2,9,1,50,15.0,,,,,,,,,,,,,,COMPLETE
447,447,0.9611934924220106,2025-01-08 17:10:25.915295,2025-01-08 17:10:28.707803,0 days 00:00:02.792508,1,9,1,45,,,,,,,,,,,,,,,COMPLETE
448,448,0.9639849328161016,2025-01-08 17:10:28.708865,2025-01-08 17:10:31.754116,0 days 00:00:03.045251,1,9,1,50,,,,,,,,,,,,,,,COMPLETE
449,449,0.961438063597532,2025-01-08 17:10:31.755363,2025-01-08 17:10:36.080711,0 days 00:00:04.325348,2,9,1,50,45.0,,,,,,,,,,,,,,COMPLETE
450,450,0.9639849328161016,2025-01-08 17:10:36.081740,2025-01-08 17:10:39.032196,0 days 00:00:02.950456,1,9,1,50,,,,,,,,,,,,,,,COMPLETE
451,451,0.9639849328161016,2025-01-08 17:10:39.033225,2025-01-08 17:10:42.078266,0 days 00:00:03.045041,1,9,1,50,,,,,,,,,,,,,,,COMPLETE
452,452,0.9639849328161016,2025-01-08 17:10:42.079527,2025-01-08 17:10:45.025224,0 days 00:00:02.945697,1,9,1,50,,,,,,,,,,,,,,,COMPLETE
453,453,0.9632252380752612,2025-01-08 17:10:45.026586,2025-01-08 17:10:48.269746,0 days 00:00:03.243160,1,9,2,50,,,,,,,,,,,,,,,COMPLETE
454,454,0.9566661851798354,2025-01-08 17:10:48.282835,2025-01-08 17:10:52.709430,0 days 00:00:04.426595,2,9,1,50,50.0,,,,,,,,,,,,,,COMPLETE
455,455,0.9611934924220106,2025-01-08 17:10:52.710189,2025-01-08 17:10:55.503857,0 days 00:00:02.793668,1,9,1,45,,,,,,,,,,,,,,,COMPLETE
456,456,0.9639849328161016,2025-01-08 17:10:55.504947,2025-01-08 17:10:58.451998,0 days 00:00:02.947051,1,9,1,50,,,,,,,,,,,,,,,COMPLETE
457,457,0.9639849328161016,2025-01-08 17:10:58.453027,2025-01-08 17:11:01.501586,0 days 00:00:03.048559,1,9,1,50,,,,,,,,,,,,,,,COMPLETE
458,458,0.9525330848503001,2025-01-08 17:11:01.502739,2025-01-08 17:11:05.432248,0 days 00:00:03.929509,2,1,1,50,25.0,,,,,,,,,,,,,,COMPLETE
459,459,0.9639849328161016,2025-01-08 17:11:05.433339,2025-01-08 17:11:08.500908,0 days 00:00:03.067569,1,9,1,50,,,,,,,,,,,,,,,COMPLETE
460,460,0.9639849328161016,2025-01-08 17:11:08.501679,2025-01-08 17:11:11.449019,0 days 00:00:02.947340,1,9,1,50,,,,,,,,,,,,,,,COMPLETE
461,461,0.0,2025-01-08 17:11:11.449933,2025-01-08 17:11:22.746418,0 days 00:00:11.296485,11,9,1,50,20.0,25.0,,,,,45.0,20.0,35.0,15.0,30.0,25.0,45.0,40.0,COMPLETE
462,462,0.9639849328161016,2025-01-08 17:11:22.747956,2025-01-08 17:11:25.799596,0 days 00:00:03.051640,1,9,1,50,,,,,,,,,,,,,,,COMPLETE
463,463,0.9439309143263699,2025-01-08 17:11:25.801044,2025-01-08 17:11:27.643220,0 days 00:00:01.842176,1,9,1,5,,,,,,,,,,,,,,,COMPLETE
464,464,0.9607395329618172,2025-01-08 17:11:27.644868,2025-01-08 17:11:31.671472,0 days 00:00:04.026604,2,9,1,50,35.0,,,,,,,,,,,,,,COMPLETE
465,465,0.9611934924220106,2025-01-08 17:11:31.672546,2025-01-08 17:11:34.467282,0 days 00:00:02.794736,1,9,1,45,,,,,,,,,,,,,,,COMPLETE
466,466,0.9639849328161016,2025-01-08 17:11:34.468160,2025-01-08 17:11:37.504408,0 days 00:00:03.036248,1,9,1,50,,,,,,,,,,,,,,,COMPLETE
467,467,0.9639849328161016,2025-01-08 17:11:37.517576,2025-01-08 17:11:40.468800,0 days 00:00:02.951224,1,9,1,50,,,,,,,,,,,,,,,COMPLETE
468,468,0.0,2025-01-08 17:11:40.470023,2025-01-08 17:11:53.687327,0 days 00:00:13.217304,14,9,1,50,10.0,10.0,50.0,5.0,30.0,,10.0,10.0,20.0,10.0,50.0,5.0,10.0,20.0,COMPLETE
469,469,0.9639849328161016,2025-01-08 17:11:53.689001,2025-01-08 17:11:56.643528,0 days 00:00:02.954527,1,9,1,50,,,,,,,,,,,,,,,COMPLETE
470,470,0.9421632772362933,2025-01-08 17:11:56.644860,2025-01-08 17:11:58.548926,0 days 00:00:01.904066,1,9,1,10,,,,,,,,,,,,,,,COMPLETE
471,471,0.0,2025-01-08 17:11:58.551891,2025-01-08 17:12:07.495052,0 days 00:00:08.943161,10,7,1,50,40.0,,,,,,20.0,45.0,5.0,5.0,20.0,30.0,40.0,35.0,COMPLETE
472,472,0.9523869346733669,2025-01-08 17:12:07.496647,2025-01-08 17:12:11.549084,0 days 00:00:04.052437,2,9,1,50,30.0,,,,,,,,,,,,,,COMPLETE
473,473,0.9639849328161016,2025-01-08 17:12:11.549923,2025-01-08 17:12:14.500049,0 days 00:00:02.950126,1,9,1,50,,,,,,,,,,,,,,,COMPLETE
474,474,0.9572729572476599,2025-01-08 17:12:14.501137,2025-01-08 17:12:18.453777,0 days 00:00:03.952640,2,9,1,40,45.0,,,,,,,,,,,,,,COMPLETE
475,475,0.9611934924220106,2025-01-08 17:12:18.455187,2025-01-08 17:12:21.245332,0 days 00:00:02.790145,1,9,1,45,,,,,,,,,,,,,,,COMPLETE
476,476,0.9639849328161016,2025-01-08 17:12:21.246271,2025-01-08 17:12:24.196330,0 days 00:00:02.950059,1,9,1,50,,,,,,,,,,,,,,,COMPLETE
477,477,0.9639849328161016,2025-01-08 17:12:24.197200,2025-01-08 17:12:27.146888,0 days 00:00:02.949688,1,9,1,50,,,,,,,,,,,,,,,COMPLETE
478,478,0.9548545861297539,2025-01-08 17:12:27.147899,2025-01-08 17:12:29.847865,0 days 00:00:02.699966,1,9,2,30,,,,,,,,,,,,,,,COMPLETE
479,479,0.9639849328161016,2025-01-08 17:12:29.855337,2025-01-08 17:12:32.802588,0 days 00:00:02.947251,1,9,1,50,,,,,,,,,,,,,,,COMPLETE
480,480,0.954932105509599,2025-01-08 17:12:32.803672,2025-01-08 17:12:36.296450,0 days 00:00:03.492778,2,9,1,50,5.0,,,,,,,,,,,,,,COMPLETE
481,481,0.9639849328161016,2025-01-08 17:12:36.297490,2025-01-08 17:12:39.247897,0 days 00:00:02.950407,1,9,1,50,,,,,,,,,,,,,,,COMPLETE
482,482,0.9545613005807378,2025-01-08 17:12:39.248931,2025-01-08 17:12:41.489713,0 days 00:00:02.240782,1,9,1,20,,,,,,,,,,,,,,,COMPLETE
483,483,0.9506254796838148,2025-01-08 17:12:41.495021,2025-01-08 17:12:44.739121,0 days 00:00:03.244100,1,7,3,45,,,,,,,,,,,,,,,COMPLETE
484,484,0.9639849328161016,2025-01-08 17:12:44.740342,2025-01-08 17:12:47.691925,0 days 00:00:02.951583,1,9,1,50,,,,,,,,,,,,,,,COMPLETE
485,485,0.6595482409381663,2025-01-08 17:12:47.692744,2025-01-08 17:12:53.477016,0 days 00:00:05.784272,5,9,1,50,15.0,,,,,,25.0,15.0,10.0,,,,,,COMPLETE
486,486,0.9588621518259044,2025-01-08 17:12:53.478165,2025-01-08 17:12:57.226318,0 days 00:00:03.748153,2,9,1,50,20.0,,,,,,,,,,,,,,COMPLETE
487,487,0.9639849328161016,2025-01-08 17:12:57.227306,2025-01-08 17:13:00.177663,0 days 00:00:02.950357,1,9,1,50,,,,,,,,,,,,,,,COMPLETE
488,488,0.9632851588086909,2025-01-08 17:13:00.178601,2025-01-08 17:13:04.464909,0 days 00:00:04.286308,2,9,1,50,40.0,,,,,,,,,,,,,,COMPLETE
489,489,0.8859270046216141,2025-01-08 17:13:04.465977,2025-01-08 17:13:09.151173,0 days 00:00:04.685196,1,9,5,50,,,,,,,,,,,,,,,COMPLETE
490,490,0.9639849328161016,2025-01-08 17:13:09.152108,2025-01-08 17:13:12.098156,0 days 00:00:02.946048,1,9,1,50,,,,,,,,,,,,,,,COMPLETE
491,491,0.9639849328161016,2025-01-08 17:13:12.099287,2025-01-08 17:13:15.141228,0 days 00:00:03.041941,1,9,1,50,,,,,,,,,,,,,,,COMPLETE
492,492,0.9639849328161016,2025-01-08 17:13:15.144600,2025-01-08 17:13:18.090943,0 days 00:00:02.946343,1,9,1,50,,,,,,,,,,,,,,,COMPLETE
493,493,0.8673463286295144,2025-01-08 17:13:18.092140,2025-01-08 17:13:24.593029,0 days 00:00:06.500889,4,9,1,50,35.0,,,,,,50.0,40.0,,,,,,,COMPLETE
494,494,0.9611934924220106,2025-01-08 17:13:24.594319,2025-01-08 17:13:27.385999,0 days 00:00:02.791680,1,9,1,45,,,,,,,,,,,,,,,COMPLETE
495,495,0.9566661851798354,2025-01-08 17:13:27.387010,2025-01-08 17:13:31.818421,0 days 00:00:04.431411,2,9,1,50,50.0,,,,,,,,,,,,,,COMPLETE
496,496,0.9639849328161016,2025-01-08 17:13:31.819432,2025-01-08 17:13:34.770725,0 days 00:00:02.951293,1,9,1,50,,,,,,,,,,,,,,,COMPLETE
497,497,0.9639849328161016,2025-01-08 17:13:34.771864,2025-01-08 17:13:37.719047,0 days 00:00:02.947183,1,9,1,50,,,,,,,,,,,,,,,COMPLETE
498,498,0.9639849328161016,2025-01-08 17:13:37.719951,2025-01-08 17:13:40.763401,0 days 00:00:03.043450,1,9,1,50,,,,,,,,,,,,,,,COMPLETE
499,499,0.9523869346733669,2025-01-08 17:13:40.764329,2025-01-08 17:13:43.648167,0 days 00:00:02.883838,1,5,1,50,,,,,,,,,,,,,,,COMPLETE
500,500,0.9588621518259044,2025-01-08 17:13:43.649230,2025-01-08 17:13:47.524985,0 days 00:00:03.875755,2,9,1,50,20.0,,,,,,,,,,,,,,COMPLETE
501,501,0.9639849328161016,2025-01-08 17:13:47.525849,2025-01-08 17:13:50.473199,0 days 00:00:02.947350,1,9,1,50,,,,,,,,,,,,,,,COMPLETE
502,502,0.9209187286301009,2025-01-08 17:13:50.474431,2025-01-08 17:13:54.448834,0 days 00:00:03.974403,1,9,4,50,,,,,,,,,,,,,,,COMPLETE
503,503,0.9611934924220106,2025-01-08 17:13:54.450112,2025-01-08 17:13:57.238875,0 days 00:00:02.788763,1,9,1,45,,,,,,,,,,,,,,,COMPLETE
504,504,0.9539809077769437,2025-01-08 17:13:57.239759,2025-01-08 17:14:00.994871,0 days 00:00:03.755112,2,9,1,50,10.0,,,,,,,,,,,,,,COMPLETE
505,505,0.9627850518276051,2025-01-08 17:14:00.995970,2025-01-08 17:14:03.674197,0 days 00:00:02.678227,1,9,1,40,,,,,,,,,,,,,,,COMPLETE
506,506,0.9639849328161016,2025-01-08 17:14:03.684429,2025-01-08 17:14:06.632873,0 days 00:00:02.948444,1,9,1,50,,,,,,,,,,,,,,,COMPLETE
507,507,0.943104528369429,2025-01-08 17:14:06.633812,2025-01-08 17:14:09.634309,0 days 00:00:03.000497,1,3,1,50,,,,,,,,,,,,,,,COMPLETE
508,508,0.9639849328161016,2025-01-08 17:14:09.635311,2025-01-08 17:14:12.583993,0 days 00:00:02.948682,1,9,1,50,,,,,,,,,,,,,,,COMPLETE
509,509,0.9521513290357511,2025-01-08 17:14:12.585260,2025-01-08 17:14:16.522072,0 days 00:00:03.936812,2,9,1,50,25.0,,,,,,,,,,,,,,COMPLETE
510,510,0.9639849328161016,2025-01-08 17:14:16.523114,2025-01-08 17:14:19.473572,0 days 00:00:02.950458,1,9,1,50,,,,,,,,,,,,,,,COMPLETE
511,511,0.9639849328161016,2025-01-08 17:14:19.476830,2025-01-08 17:14:22.422228,0 days 00:00:02.945398,1,9,1,50,,,,,,,,,,,,,,,COMPLETE
512,512,0.9611934924220106,2025-01-08 17:14:22.423403,2025-01-08 17:14:25.207468,0 days 00:00:02.784065,1,9,1,45,,,,,,,,,,,,,,,COMPLETE
513,513,0.954932105509599,2025-01-08 17:14:25.218889,2025-01-08 17:14:28.811381,0 days 00:00:03.592492,2,9,1,50,5.0,,,,,,,,,,,,,,COMPLETE
514,514,0.9639849328161016,2025-01-08 17:14:28.812688,2025-01-08 17:14:31.762836,0 days 00:00:02.950148,1,9,1,50,,,,,,,,,,,,,,,COMPLETE
515,515,0.9639849328161016,2025-01-08 17:14:31.764035,2025-01-08 17:14:34.713612,0 days 00:00:02.949577,1,9,1,50,,,,,,,,,,,,,,,COMPLETE
516,516,0.9607395329618172,2025-01-08 17:14:34.714574,2025-01-08 17:14:38.855624,0 days 00:00:04.141050,2,9,1,50,35.0,,,,,,,,,,,,,,COMPLETE
517,517,0.9639849328161016,2025-01-08 17:14:38.856871,2025-01-08 17:14:41.807987,0 days 00:00:02.951116,1,9,1,50,,,,,,,,,,,,,,,COMPLETE
518,518,0.9639849328161016,2025-01-08 17:14:41.809258,2025-01-08 17:14:44.761226,0 days 00:00:02.951968,1,9,1,50,,,,,,,,,,,,,,,COMPLETE
519,519,0.9374641537429913,2025-01-08 17:14:44.762399,2025-01-08 17:14:49.069591,0 days 00:00:04.307192,3,7,1,35,45.0,,,,,,5.0,,,,,,,,COMPLETE
520,520,0.9611934924220106,2025-01-08 17:14:49.070882,2025-01-08 17:14:51.866898,0 days 00:00:02.796016,1,9,1,45,,,,,,,,,,,,,,,COMPLETE
521,521,0.9639849328161016,2025-01-08 17:14:51.868067,2025-01-08 17:14:54.817563,0 days 00:00:02.949496,1,9,1,50,,,,,,,,,,,,,,,COMPLETE
522,522,0.9639849328161016,2025-01-08 17:14:54.818757,2025-01-08 17:14:57.863684,0 days 00:00:03.044927,1,9,1,50,,,,,,,,,,,,,,,COMPLETE
523,523,0.9523869346733669,2025-01-08 17:14:57.864685,2025-01-08 17:15:01.807930,0 days 00:00:03.943245,2,9,1,50,30.0,,,,,,,,,,,,,,COMPLETE
524,524,0.9639849328161016,2025-01-08 17:15:01.808971,2025-01-08 17:15:04.861389,0 days 00:00:03.052418,1,9,1,50,,,,,,,,,,,,,,,COMPLETE
525,525,0.9639849328161016,2025-01-08 17:15:04.862649,2025-01-08 17:15:07.808778,0 days 00:00:02.946129,1,9,1,50,,,,,,,,,,,,,,,COMPLETE
526,526,0.9639849328161016,2025-01-08 17:15:07.809980,2025-01-08 17:15:10.751357,0 days 00:00:02.941377,1,9,1,50,,,,,,,,,,,,,,,COMPLETE
527,527,0.9566661851798354,2025-01-08 17:15:10.764587,2025-01-08 17:15:15.196222,0 days 00:00:04.431635,2,9,1,50,50.0,,,,,,,,,,,,,,COMPLETE
528,528,0.9639849328161016,2025-01-08 17:15:15.197216,2025-01-08 17:15:18.149071,0 days 00:00:02.951855,1,9,1,50,,,,,,,,,,,,,,,COMPLETE
529,529,0.9639849328161016,2025-01-08 17:15:18.150189,2025-01-08 17:15:21.099590,0 days 00:00:02.949401,1,9,1,50,,,,,,,,,,,,,,,COMPLETE
530,530,0.9639849328161016,2025-01-08 17:15:21.100655,2025-01-08 17:15:24.150920,0 days 00:00:03.050265,1,9,1,50,,,,,,,,,,,,,,,COMPLETE
531,531,0.9639849328161016,2025-01-08 17:15:24.152119,2025-01-08 17:15:27.102924,0 days 00:00:02.950805,1,9,1,50,,,,,,,,,,,,,,,COMPLETE
532,532,0.9658821382959314,2025-01-08 17:15:27.104361,2025-01-08 17:15:29.861490,0 days 00:00:02.757129,1,7,1,45,,,,,,,,,,,,,,,COMPLETE
533,533,0.9615988181678815,2025-01-08 17:15:29.862729,2025-01-08 17:15:33.671450,0 days 00:00:03.808721,2,7,1,45,25.0,,,,,,,,,,,,,,COMPLETE
534,534,0.9658821382959314,2025-01-08 17:15:33.672962,2025-01-08 17:15:36.428247,0 days 00:00:02.755285,1,7,1,45,,,,,,,,,,,,,,,COMPLETE
535,535,0.967323247707043,2025-01-08 17:15:36.431593,2025-01-08 17:15:39.026119,0 days 00:00:02.594526,1,7,1,40,,,,,,,,,,,,,,,COMPLETE
536,536,0.0,2025-01-08 17:15:39.027473,2025-01-08 17:15:51.279039,0 days 00:00:12.251566,13,3,1,40,15.0,35.0,20.0,20.0,,,40.0,30.0,25.0,40.0,40.0,50.0,15.0,45.0,COMPLETE
537,537,0.967323247707043,2025-01-08 17:15:51.281060,2025-01-08 17:15:53.877884,0 days 00:00:02.596824,1,7,1,40,,,,,,,,,,,,,,,COMPLETE
538,538,0.0,2025-01-08 17:15:53.881226,2025-01-08 17:16:01.226067,0 days 00:00:07.344841,7,7,1,40,10.0,,,,,,15.0,35.0,50.0,15.0,10.0,,,,COMPLETE
539,539,0.967323247707043,2025-01-08 17:16:01.227326,2025-01-08 17:16:03.816156,0 days 00:00:02.588830,1,7,1,40,,,,,,,,,,,,,,,COMPLETE
540,540,0.967323247707043,2025-01-08 17:16:03.826181,2025-01-08 17:16:06.414210,0 days 00:00:02.588029,1,7,1,40,,,,,,,,,,,,,,,COMPLETE
541,541,0.3273799104445586,2025-01-08 17:16:06.424600,2025-01-08 17:16:14.174898,0 days 00:00:07.750298,6,7,2,40,30.0,,,,,,35.0,5.0,20.0,50.0,,,,,COMPLETE
542,542,0.967323247707043,2025-01-08 17:16:14.176145,2025-01-08 17:16:16.775791,0 days 00:00:02.599646,1,7,1,40,,,,,,,,,,,,,,,COMPLETE
543,543,0.9540452261306533,2025-01-08 17:16:16.776904,2025-01-08 17:16:20.470612,0 days 00:00:03.693708,2,7,1,40,40.0,,,,,,,,,,,,,,COMPLETE
544,544,0.967323247707043,2025-01-08 17:16:20.471761,2025-01-08 17:16:23.158974,0 days 00:00:02.687213,1,7,1,40,,,,,,,,,,,,,,,COMPLETE
545,545,0.967323247707043,2025-01-08 17:16:23.170563,2025-01-08 17:16:25.762653,0 days 00:00:02.592090,1,7,1,40,,,,,,,,,,,,,,,COMPLETE
546,546,0.967323247707043,2025-01-08 17:16:25.773352,2025-01-08 17:16:28.362445,0 days 00:00:02.589093,1,7,1,40,,,,,,,,,,,,,,,COMPLETE
547,547,0.967323247707043,2025-01-08 17:16:28.372680,2025-01-08 17:16:30.970005,0 days 00:00:02.597325,1,7,1,40,,,,,,,,,,,,,,,COMPLETE
548,548,0.967323247707043,2025-01-08 17:16:30.970845,2025-01-08 17:16:33.695740,0 days 00:00:02.724895,1,7,1,40,,,,,,,,,,,,,,,COMPLETE
549,549,0.967323247707043,2025-01-08 17:16:33.696571,2025-01-08 17:16:36.288862,0 days 00:00:02.592291,1,7,1,40,,,,,,,,,,,,,,,COMPLETE
550,550,0.967323247707043,2025-01-08 17:16:36.299073,2025-01-08 17:16:38.896447,0 days 00:00:02.597374,1,7,1,40,,,,,,,,,,,,,,,COMPLETE
551,551,0.9598867970960994,2025-01-08 17:16:38.897281,2025-01-08 17:16:41.995366,0 days 00:00:03.098085,1,7,3,40,,,,,,,,,,,,,,,COMPLETE
552,552,0.967323247707043,2025-01-08 17:16:42.005620,2025-01-08 17:16:44.703478,0 days 00:00:02.697858,1,7,1,40,,,,,,,,,,,,,,,COMPLETE
553,553,0.9549248747913188,2025-01-08 17:16:44.704234,2025-01-08 17:16:47.951553,0 days 00:00:03.247319,2,7,1,40,5.0,,,,,,,,,,,,,,COMPLETE
554,554,0.967323247707043,2025-01-08 17:16:47.952751,2025-01-08 17:16:50.549012,0 days 00:00:02.596261,1,7,1,40,,,,,,,,,,,,,,,COMPLETE
555,555,0.967323247707043,2025-01-08 17:16:50.554074,2025-01-08 17:16:53.151050,0 days 00:00:02.596976,1,7,1,40,,,,,,,,,,,,,,,COMPLETE
556,556,0.967323247707043,2025-01-08 17:16:53.152011,2025-01-08 17:16:55.850180,0 days 00:00:02.698169,1,7,1,40,,,,,,,,,,,,,,,COMPLETE
557,557,0.967323247707043,2025-01-08 17:16:55.850935,2025-01-08 17:16:58.443087,0 days 00:00:02.592152,1,7,1,40,,,,,,,,,,,,,,,COMPLETE
558,558,0.967323247707043,2025-01-08 17:16:58.450255,2025-01-08 17:17:01.043493,0 days 00:00:02.593238,1,7,1,40,,,,,,,,,,,,,,,COMPLETE
559,559,0.967323247707043,2025-01-08 17:17:01.048404,2025-01-08 17:17:03.638817,0 days 00:00:02.590413,1,7,1,40,,,,,,,,,,,,,,,COMPLETE
560,560,0.967323247707043,2025-01-08 17:17:03.648991,2025-01-08 17:17:06.345074,0 days 00:00:02.696083,1,7,1,40,,,,,,,,,,,,,,,COMPLETE
561,561,0.967323247707043,2025-01-08 17:17:06.346241,2025-01-08 17:17:08.942135,0 days 00:00:02.595894,1,7,1,40,,,,,,,,,,,,,,,COMPLETE
562,562,0.967323247707043,2025-01-08 17:17:08.943322,2025-01-08 17:17:11.541934,0 days 00:00:02.598612,1,7,1,40,,,,,,,,,,,,,,,COMPLETE
563,563,0.967323247707043,2025-01-08 17:17:11.542863,2025-01-08 17:17:14.129536,0 days 00:00:02.586673,1,7,1,40,,,,,,,,,,,,,,,COMPLETE
564,564,0.967323247707043,2025-01-08 17:17:14.139650,2025-01-08 17:17:16.840863,0 days 00:00:02.701213,1,7,1,40,,,,,,,,,,,,,,,COMPLETE
565,565,0.9498298392351294,2025-01-08 17:17:16.841677,2025-01-08 17:17:20.368499,0 days 00:00:03.526822,2,7,1,40,25.0,,,,,,,,,,,,,,COMPLETE
566,566,0.967323247707043,2025-01-08 17:17:20.369847,2025-01-08 17:17:22.967717,0 days 00:00:02.597870,1,7,1,40,,,,,,,,,,,,,,,COMPLETE
567,567,0.967323247707043,2025-01-08 17:17:22.970979,2025-01-08 17:17:25.562209,0 days 00:00:02.591230,1,7,1,40,,,,,,,,,,,,,,,COMPLETE
568,568,0.967323247707043,2025-01-08 17:17:25.572029,2025-01-08 17:17:28.287341,0 days 00:00:02.715312,1,7,1,40,,,,,,,,,,,,,,,COMPLETE
569,569,0.967323247707043,2025-01-08 17:17:28.292507,2025-01-08 17:17:30.883053,0 days 00:00:02.590546,1,7,1,40,,,,,,,,,,,,,,,COMPLETE
570,570,0.967323247707043,2025-01-08 17:17:30.893299,2025-01-08 17:17:33.490951,0 days 00:00:02.597652,1,7,1,40,,,,,,,,,,,,,,,COMPLETE
571,571,0.9541260663665352,2025-01-08 17:17:33.491998,2025-01-08 17:17:37.391720,0 days 00:00:03.899722,2,7,1,40,45.0,,,,,,,,,,,,,,COMPLETE
572,572,0.967323247707043,2025-01-08 17:17:37.392626,2025-01-08 17:17:39.993301,0 days 00:00:02.600675,1,7,1,40,,,,,,,,,,,,,,,COMPLETE
573,573,0.967323247707043,2025-01-08 17:17:39.994544,2025-01-08 17:17:42.585178,0 days 00:00:02.590634,1,7,1,40,,,,,,,,,,,,,,,COMPLETE
574,574,0.0,2025-01-08 17:17:42.595321,2025-01-08 17:17:52.878027,0 days 00:00:10.282706,11,7,1,40,20.0,25.0,,,,,45.0,25.0,45.0,35.0,45.0,10.0,40.0,10.0,COMPLETE
575,575,0.967323247707043,2025-01-08 17:17:52.879974,2025-01-08 17:17:55.474475,0 days 00:00:02.594501,1,7,1,40,,,,,,,,,,,,,,,COMPLETE
576,576,0.9298579800309904,2025-01-08 17:17:55.484887,2025-01-08 17:17:59.855100,0 days 00:00:04.370213,2,7,2,40,50.0,,,,,,,,,,,,,,COMPLETE
577,577,0.967323247707043,2025-01-08 17:17:59.856245,2025-01-08 17:18:02.452473,0 days 00:00:02.596228,1,7,1,40,,,,,,,,,,,,,,,COMPLETE
578,578,0.967323247707043,2025-01-08 17:18:02.457254,2025-01-08 17:18:05.046525,0 days 00:00:02.589271,1,7,1,40,,,,,,,,,,,,,,,COMPLETE
579,579,0.9589600899381675,2025-01-08 17:18:05.056958,2025-01-08 17:18:08.790867,0 days 00:00:03.733909,2,7,1,40,35.0,,,,,,,,,,,,,,COMPLETE
580,580,0.967323247707043,2025-01-08 17:18:08.791874,2025-01-08 17:18:11.385365,0 days 00:00:02.593491,1,7,1,40,,,,,,,,,,,,,,,COMPLETE
581,581,0.967323247707043,2025-01-08 17:18:11.395679,2025-01-08 17:18:13.998307,0 days 00:00:02.602628,1,7,1,40,,,,,,,,,,,,,,,COMPLETE
582,582,0.967323247707043,2025-01-08 17:18:13.999235,2025-01-08 17:18:16.589836,0 days 00:00:02.590601,1,7,1,40,,,,,,,,,,,,,,,COMPLETE
583,583,0.967323247707043,2025-01-08 17:18:16.600063,2025-01-08 17:18:19.315019,0 days 00:00:02.714956,1,7,1,40,,,,,,,,,,,,,,,COMPLETE
584,584,0.967323247707043,2025-01-08 17:18:19.315890,2025-01-08 17:18:21.917442,0 days 00:00:02.601552,1,7,1,40,,,,,,,,,,,,,,,COMPLETE
585,585,0.967323247707043,2025-01-08 17:18:21.918247,2025-01-08 17:18:24.515007,0 days 00:00:02.596760,1,7,1,40,,,,,,,,,,,,,,,COMPLETE
586,586,0.9514876957494407,2025-01-08 17:18:24.515762,2025-01-08 17:18:27.867324,0 days 00:00:03.351562,2,7,1,40,15.0,,,,,,,,,,,,,,COMPLETE
587,587,0.967323247707043,2025-01-08 17:18:27.868371,2025-01-08 17:18:30.569687,0 days 00:00:02.701316,1,7,1,40,,,,,,,,,,,,,,,COMPLETE
588,588,0.9435697251873723,2025-01-08 17:18:30.570663,2025-01-08 17:18:33.708003,0 days 00:00:03.137340,2,7,1,35,10.0,,,,,,,,,,,,,,COMPLETE
589,589,0.967323247707043,2025-01-08 17:18:33.714451,2025-01-08 17:18:36.308647,0 days 00:00:02.594196,1,7,1,40,,,,,,,,,,,,,,,COMPLETE
590,590,0.967323247707043,2025-01-08 17:18:36.318874,2025-01-08 17:18:39.008872,0 days 00:00:02.689998,1,7,1,40,,,,,,,,,,,,,,,COMPLETE
591,591,0.967323247707043,2025-01-08 17:18:39.021258,2025-01-08 17:18:41.619858,0 days 00:00:02.598600,1,7,1,40,,,,,,,,,,,,,,,COMPLETE
592,592,0.967323247707043,2025-01-08 17:18:41.620608,2025-01-08 17:18:44.210193,0 days 00:00:02.589585,1,7,1,40,,,,,,,,,,,,,,,COMPLETE
593,593,0.0,2025-01-08 17:18:44.220305,2025-01-08 17:19:11.772248,0 days 00:00:27.551943,15,7,5,35,40.0,45.0,35.0,40.0,30.0,50.0,20.0,15.0,30.0,20.0,35.0,20.0,25.0,20.0,COMPLETE
594,594,0.9489495798319327,2025-01-08 17:19:11.774069,2025-01-08 17:19:15.331085,0 days 00:00:03.557016,2,7,1,40,30.0,,,,,,,,,,,,,,COMPLETE
595,595,0.967323247707043,2025-01-08 17:19:15.332292,2025-01-08 17:19:17.922441,0 days 00:00:02.590149,1,7,1,40,,,,,,,,,,,,,,,COMPLETE
596,596,0.967323247707043,2025-01-08 17:19:17.932761,2025-01-08 17:19:20.521649,0 days 00:00:02.588888,1,7,1,40,,,,,,,,,,,,,,,COMPLETE
597,597,0.967323247707043,2025-01-08 17:19:20.532093,2025-01-08 17:19:23.243409,0 days 00:00:02.711316,1,7,1,40,,,,,,,,,,,,,,,COMPLETE
598,598,0.967323247707043,2025-01-08 17:19:23.253983,2025-01-08 17:19:25.846600,0 days 00:00:02.592617,1,7,1,40,,,,,,,,,,,,,,,COMPLETE
599,599,0.967323247707043,2025-01-08 17:19:25.856975,2025-01-08 17:19:28.450525,0 days 00:00:02.593550,1,7,1,40,,,,,,,,,,,,,,,COMPLETE
600,600,0.9589600899381675,2025-01-08 17:19:28.459034,2025-01-08 17:19:32.200424,0 days 00:00:03.741390,2,7,1,40,35.0,,,,,,,,,,,,,,COMPLETE
601,601,0.967323247707043,2025-01-08 17:19:32.201361,2025-01-08 17:19:34.802787,0 days 00:00:02.601426,1,7,1,40,,,,,,,,,,,,,,,COMPLETE
602,602,0.9549248747913188,2025-01-08 17:19:34.803933,2025-01-08 17:19:38.050949,0 days 00:00:03.247016,2,7,1,40,5.0,,,,,,,,,,,,,,COMPLETE
603,603,0.967323247707043,2025-01-08 17:19:38.052213,2025-01-08 17:19:40.644564,0 days 00:00:02.592351,1,7,1,40,,,,,,,,,,,,,,,COMPLETE
604,604,0.967323247707043,2025-01-08 17:19:40.654917,2025-01-08 17:19:43.347532,0 days 00:00:02.692615,1,7,1,40,,,,,,,,,,,,,,,COMPLETE
605,605,0.967323247707043,2025-01-08 17:19:43.357825,2025-01-08 17:19:45.961915,0 days 00:00:02.604090,1,7,1,40,,,,,,,,,,,,,,,COMPLETE
606,606,0.9445387196511634,2025-01-08 17:19:45.962724,2025-01-08 17:19:49.361249,0 days 00:00:03.398525,1,7,4,40,,,,,,,,,,,,,,,COMPLETE
607,607,0.967323247707043,2025-01-08 17:19:49.362337,2025-01-08 17:19:51.962731,0 days 00:00:02.600394,1,7,1,40,,,,,,,,,,,,,,,COMPLETE
608,608,0.9514876957494407,2025-01-08 17:19:51.963607,2025-01-08 17:19:55.412565,0 days 00:00:03.448958,2,7,1,40,15.0,,,,,,,,,,,,,,COMPLETE
609,609,0.9510135135135135,2025-01-08 17:19:55.413442,2025-01-08 17:19:58.136378,0 days 00:00:02.722936,1,7,2,35,,,,,,,,,,,,,,,COMPLETE
610,610,0.967323247707043,2025-01-08 17:19:58.145296,2025-01-08 17:20:00.739383,0 days 00:00:02.594087,1,7,1,40,,,,,,,,,,,,,,,COMPLETE
611,611,0.967323247707043,2025-01-08 17:20:00.749317,2025-01-08 17:20:03.454049,0 days 00:00:02.704732,1,7,1,40,,,,,,,,,,,,,,,COMPLETE
612,612,0.967323247707043,2025-01-08 17:20:03.454824,2025-01-08 17:20:06.056524,0 days 00:00:02.601700,1,7,1,40,,,,,,,,,,,,,,,COMPLETE
613,613,0.9503972520569961,2025-01-08 17:20:06.057325,2025-01-08 17:20:09.509202,0 days 00:00:03.451877,2,7,1,40,20.0,,,,,,,,,,,,,,COMPLETE
614,614,0.967323247707043,2025-01-08 17:20:09.510413,2025-01-08 17:20:12.111760,0 days 00:00:02.601347,1,7,1,40,,,,,,,,,,,,,,,COMPLETE
615,615,0.967323247707043,2025-01-08 17:20:12.112600,2025-01-08 17:20:14.829818,0 days 00:00:02.717218,1,7,1,40,,,,,,,,,,,,,,,COMPLETE
616,616,0.0,2025-01-08 17:20:14.830999,2025-01-08 17:20:22.477157,0 days 00:00:07.646158,12,7,1,40,45.0,10.0,5.0,,,,30.0,40.0,40.0,30.0,20.0,25.0,30.0,35.0,COMPLETE
617,617,0.967323247707043,2025-01-08 17:20:22.479085,2025-01-08 17:20:25.073019,0 days 00:00:02.593934,1,7,1,40,,,,,,,,,,,,,,,COMPLETE
618,618,0.9498298392351294,2025-01-08 17:20:25.083454,2025-01-08 17:20:28.603585,0 days 00:00:03.520131,2,7,1,40,25.0,,,,,,,,,,,,,,COMPLETE
619,619,0.9588961518721766,2025-01-08 17:20:28.604665,2025-01-08 17:20:31.225641,0 days 00:00:02.620976,1,7,1,35,,,,,,,,,,,,,,,COMPLETE
620,620,0.967323247707043,2025-01-08 17:20:31.234176,2025-01-08 17:20:33.825061,0 days 00:00:02.590885,1,7,1,40,,,,,,,,,,,,,,,COMPLETE
621,621,0.967323247707043,2025-01-08 17:20:33.835229,2025-01-08 17:20:36.427394,0 days 00:00:02.592165,1,7,1,40,,,,,,,,,,,,,,,COMPLETE
622,622,0.9540452261306533,2025-01-08 17:20:36.437709,2025-01-08 17:20:40.235804,0 days 00:00:03.798095,2,7,1,40,40.0,,,,,,,,,,,,,,COMPLETE
623,623,0.967323247707043,2025-01-08 17:20:40.236764,2025-01-08 17:20:42.830286,0 days 00:00:02.593522,1,7,1,40,,,,,,,,,,,,,,,COMPLETE
624,624,0.9588961518721766,2025-01-08 17:20:42.835327,2025-01-08 17:20:45.352084,0 days 00:00:02.516757,1,7,1,35,,,,,,,,,,,,,,,COMPLETE
625,625,0.9590685727049364,2025-01-08 17:20:45.361035,2025-01-08 17:20:49.184803,0 days 00:00:03.823768,2,7,1,40,50.0,,,,,,,,,,,,,,COMPLETE
626,626,0.967323247707043,2025-01-08 17:20:49.185926,2025-01-08 17:20:51.884089,0 days 00:00:02.698163,1,7,1,40,,,,,,,,,,,,,,,COMPLETE
627,627,0.967323247707043,2025-01-08 17:20:51.885001,2025-01-08 17:20:54.475862,0 days 00:00:02.590861,1,7,1,40,,,,,,,,,,,,,,,COMPLETE
628,628,0.967323247707043,2025-01-08 17:20:54.485835,2025-01-08 17:20:57.085903,0 days 00:00:02.600068,1,7,1,40,,,,,,,,,,,,,,,COMPLETE
629,629,0.9527824620573355,2025-01-08 17:20:57.086814,2025-01-08 17:21:00.460814,0 days 00:00:03.374000,2,7,1,40,10.0,,,,,,,,,,,,,,COMPLETE
630,630,0.967323247707043,2025-01-08 17:21:00.461962,2025-01-08 17:21:03.158639,0 days 00:00:02.696677,1,7,1,40,,,,,,,,,,,,,,,COMPLETE
631,631,0.967323247707043,2025-01-08 17:21:03.166765,2025-01-08 17:21:05.764144,0 days 00:00:02.597379,1,7,1,40,,,,,,,,,,,,,,,COMPLETE
632,632,0.967323247707043,2025-01-08 17:21:05.769271,2025-01-08 17:21:08.361576,0 days 00:00:02.592305,1,7,1,40,,,,,,,,,,,,,,,COMPLETE
633,633,0.967323247707043,2025-01-08 17:21:08.371877,2025-01-08 17:21:10.973614,0 days 00:00:02.601737,1,7,1,40,,,,,,,,,,,,,,,COMPLETE
634,634,0.967323247707043,2025-01-08 17:21:10.974384,2025-01-08 17:21:13.699256,0 days 00:00:02.724872,1,7,1,40,,,,,,,,,,,,,,,COMPLETE
635,635,0.967323247707043,2025-01-08 17:21:13.700184,2025-01-08 17:21:16.293805,0 days 00:00:02.593621,1,7,1,40,,,,,,,,,,,,,,,COMPLETE
636,636,0.9001999777114624,2025-01-08 17:21:16.303626,2025-01-08 17:21:20.281896,0 days 00:00:03.978270,3,7,1,40,15.0,,,,,,5.0,,,,,,,,COMPLETE
637,637,0.9615134237227261,2025-01-08 17:21:20.283004,2025-01-08 17:21:23.933851,0 days 00:00:03.650847,2,7,1,35,45.0,,,,,,,,,,,,,,COMPLETE
638,638,0.9489495798319327,2025-01-08 17:21:23.935176,2025-01-08 17:21:27.485320,0 days 00:00:03.550144,2,7,1,40,30.0,,,,,,,,,,,,,,COMPLETE
639,639,0.967323247707043,2025-01-08 17:21:27.486502,2025-01-08 17:21:30.086432,0 days 00:00:02.599930,1,7,1,40,,,,,,,,,,,,,,,COMPLETE
640,640,0.967323247707043,2025-01-08 17:21:30.090152,2025-01-08 17:21:32.688138,0 days 00:00:02.597986,1,7,1,40,,,,,,,,,,,,,,,COMPLETE
641,641,0.9510135135135135,2025-01-08 17:21:32.688866,2025-01-08 17:21:35.513240,0 days 00:00:02.824374,1,7,2,35,,,,,,,,,,,,,,,COMPLETE
642,642,0.967323247707043,2025-01-08 17:21:35.522124,2025-01-08 17:21:38.121420,0 days 00:00:02.599296,1,7,1,40,,,,,,,,,,,,,,,COMPLETE
643,643,0.9598867970960994,2025-01-08 17:21:38.122248,2025-01-08 17:21:41.220847,0 days 00:00:03.098599,1,7,3,40,,,,,,,,,,,,,,,COMPLETE
644,644,0.9503972520569961,2025-01-08 17:21:41.231011,2025-01-08 17:21:44.780425,0 days 00:00:03.549414,2,7,1,40,20.0,,,,,,,,,,,,,,COMPLETE
645,645,0.967323247707043,2025-01-08 17:21:44.781583,2025-01-08 17:21:47.386634,0 days 00:00:02.605051,1,7,1,40,,,,,,,,,,,,,,,COMPLETE
646,646,0.967323247707043,2025-01-08 17:21:47.387447,2025-01-08 17:21:49.984896,0 days 00:00:02.597449,1,7,1,40,,,,,,,,,,,,,,,COMPLETE
647,647,0.967323247707043,2025-01-08 17:21:49.985746,2025-01-08 17:21:52.583546,0 days 00:00:02.597800,1,7,1,40,,,,,,,,,,,,,,,COMPLETE
648,648,0.9549248747913188,2025-01-08 17:21:52.584396,2025-01-08 17:21:55.958650,0 days 00:00:03.374254,2,7,1,40,5.0,,,,,,,,,,,,,,COMPLETE
649,649,0.967323247707043,2025-01-08 17:21:55.960010,2025-01-08 17:21:58.551549,0 days 00:00:02.591539,1,7,1,40,,,,,,,,,,,,,,,COMPLETE
650,650,0.967323247707043,2025-01-08 17:21:58.561694,2025-01-08 17:22:01.164329,0 days 00:00:02.602635,1,7,1,40,,,,,,,,,,,,,,,COMPLETE
651,651,0.967323247707043,2025-01-08 17:22:01.165230,2025-01-08 17:22:03.765363,0 days 00:00:02.600133,1,7,1,40,,,,,,,,,,,,,,,COMPLETE
652,652,0.9300923244642796,2025-01-08 17:22:03.766384,2025-01-08 17:22:09.429542,0 days 00:00:05.663158,4,7,1,40,40.0,,,,,,25.0,50.0,,,,,,,COMPLETE
653,653,0.9588961518721766,2025-01-08 17:22:09.430942,2025-01-08 17:22:11.956949,0 days 00:00:02.526007,1,7,1,35,,,,,,,,,,,,,,,COMPLETE
654,654,0.967323247707043,2025-01-08 17:22:11.965489,2025-01-08 17:22:14.561177,0 days 00:00:02.595688,1,7,1,40,,,,,,,,,,,,,,,COMPLETE
655,655,0.9498298392351294,2025-01-08 17:22:14.562691,2025-01-08 17:22:18.186966,0 days 00:00:03.624275,2,7,1,40,25.0,,,,,,,,,,,,,,COMPLETE
656,656,0.967323247707043,2025-01-08 17:22:18.188140,2025-01-08 17:22:20.786932,0 days 00:00:02.598792,1,7,1,40,,,,,,,,,,,,,,,COMPLETE
657,657,0.967323247707043,2025-01-08 17:22:20.788056,2025-01-08 17:22:23.390887,0 days 00:00:02.602831,1,7,1,40,,,,,,,,,,,,,,,COMPLETE
658,658,0.967323247707043,2025-01-08 17:22:23.391749,2025-01-08 17:22:25.994253,0 days 00:00:02.602504,1,7,1,40,,,,,,,,,,,,,,,COMPLETE
659,659,0.0,2025-01-08 17:22:25.995152,2025-01-08 17:22:36.636243,0 days 00:00:10.641091,9,7,1,40,50.0,,,,,,50.0,35.0,35.0,25.0,15.0,50.0,10.0,,COMPLETE
660,660,0.9489495798319327,2025-01-08 17:22:36.638159,2025-01-08 17:22:40.189476,0 days 00:00:03.551317,2,7,1,40,30.0,,,,,,,,,,,,,,COMPLETE
661,661,0.967323247707043,2025-01-08 17:22:40.190540,2025-01-08 17:22:42.783723,0 days 00:00:02.593183,1,7,1,40,,,,,,,,,,,,,,,COMPLETE
662,662,0.0,2025-01-08 17:22:42.794329,2025-01-08 17:22:50.370176,0 days 00:00:07.575847,8,7,1,40,15.0,,,,,,10.0,20.0,25.0,10.0,5.0,5.0,,,COMPLETE
663,663,0.9588961518721766,2025-01-08 17:22:50.371866,2025-01-08 17:22:52.901616,0 days 00:00:02.529750,1,7,1,35,,,,,,,,,,,,,,,COMPLETE
664,664,0.967323247707043,2025-01-08 17:22:52.904510,2025-01-08 17:22:55.495649,0 days 00:00:02.591139,1,7,1,40,,,,,,,,,,,,,,,COMPLETE
665,665,0.967323247707043,2025-01-08 17:22:55.505996,2025-01-08 17:22:58.107210,0 days 00:00:02.601214,1,7,1,40,,,,,,,,,,,,,,,COMPLETE
666,666,0.967323247707043,2025-01-08 17:22:58.108105,2025-01-08 17:23:00.698994,0 days 00:00:02.590889,1,7,1,40,,,,,,,,,,,,,,,COMPLETE
667,667,0.9589600899381675,2025-01-08 17:23:00.709207,2025-01-08 17:23:04.446634,0 days 00:00:03.737427,2,7,1,40,35.0,,,,,,,,,,,,,,COMPLETE
668,668,0.967323247707043,2025-01-08 17:23:04.447749,2025-01-08 17:23:07.046092,0 days 00:00:02.598343,1,7,1,40,,,,,,,,,,,,,,,COMPLETE
669,669,0.967323247707043,2025-01-08 17:23:07.054023,2025-01-08 17:23:09.653972,0 days 00:00:02.599949,1,7,1,40,,,,,,,,,,,,,,,COMPLETE
670,670,0.9549248747913188,2025-01-08 17:23:09.654757,2025-01-08 17:23:13.002588,0 days 00:00:03.347831,2,7,1,40,5.0,,,,,,,,,,,,,,COMPLETE
671,671,0.9588961518721766,2025-01-08 17:23:13.003875,2025-01-08 17:23:15.522855,0 days 00:00:02.518980,1,7,1,35,,,,,,,,,,,,,,,COMPLETE
672,672,0.967323247707043,2025-01-08 17:23:15.531416,2025-01-08 17:23:18.131556,0 days 00:00:02.600140,1,7,1,40,,,,,,,,,,,,,,,COMPLETE
673,673,0.967323247707043,2025-01-08 17:23:18.132271,2025-01-08 17:23:20.728022,0 days 00:00:02.595751,1,7,1,40,,,,,,,,,,,,,,,COMPLETE
674,674,0.967323247707043,2025-01-08 17:23:20.735842,2025-01-08 17:23:23.431632,0 days 00:00:02.695790,1,7,1,40,,,,,,,,,,,,,,,COMPLETE
675,675,0.9527824620573355,2025-01-08 17:23:23.436679,2025-01-08 17:23:26.813587,0 days 00:00:03.376908,2,7,1,40,10.0,,,,,,,,,,,,,,COMPLETE
676,676,0.967323247707043,2025-01-08 17:23:26.814628,2025-01-08 17:23:29.412530,0 days 00:00:02.597902,1,7,1,40,,,,,,,,,,,,,,,COMPLETE
677,677,0.9541260663665352,2025-01-08 17:23:29.418397,2025-01-08 17:23:33.310454,0 days 00:00:03.892057,2,7,1,40,45.0,,,,,,,,,,,,,,COMPLETE
678,678,0.967323247707043,2025-01-08 17:23:33.311555,2025-01-08 17:23:35.913868,0 days 00:00:02.602313,1,7,1,40,,,,,,,,,,,,,,,COMPLETE
679,679,0.967323247707043,2025-01-08 17:23:35.915325,2025-01-08 17:23:38.517069,0 days 00:00:02.601744,1,7,1,40,,,,,,,,,,,,,,,COMPLETE
680,680,0.7161438986614956,2025-01-08 17:23:38.517962,2025-01-08 17:23:44.902393,0 days 00:00:06.384431,5,7,1,40,20.0,,,,,,45.0,45.0,10.0,,,,,,COMPLETE
681,681,0.967323247707043,2025-01-08 17:23:44.903849,2025-01-08 17:23:47.506710,0 days 00:00:02.602861,1,7,1,40,,,,,,,,,,,,,,,COMPLETE
682,682,0.9588961518721766,2025-01-08 17:23:47.507711,2025-01-08 17:23:50.027789,0 days 00:00:02.520078,1,7,1,35,,,,,,,,,,,,,,,COMPLETE
683,683,0.967323247707043,2025-01-08 17:23:50.036724,2025-01-08 17:23:52.635631,0 days 00:00:02.598907,1,7,1,40,,,,,,,,,,,,,,,COMPLETE
684,684,0.9498298392351294,2025-01-08 17:23:52.636810,2025-01-08 17:23:56.263570,0 days 00:00:03.626760,2,7,1,40,25.0,,,,,,,,,,,,,,COMPLETE
685,685,0.967323247707043,2025-01-08 17:23:56.264694,2025-01-08 17:23:58.865655,0 days 00:00:02.600961,1,7,1,40,,,,,,,,,,,,,,,COMPLETE
686,686,0.967323247707043,2025-01-08 17:23:58.866547,2025-01-08 17:24:01.469097,0 days 00:00:02.602550,1,7,1,40,,,,,,,,,,,,,,,COMPLETE
687,687,0.9504785485062632,2025-01-08 17:24:01.470201,2025-01-08 17:24:06.255636,0 days 00:00:04.785435,3,7,1,40,35.0,,,,,,40.0,,,,,,,,COMPLETE
688,688,0.9588961518721766,2025-01-08 17:24:06.256786,2025-01-08 17:24:08.783847,0 days 00:00:02.527061,1,7,1,35,,,,,,,,,,,,,,,COMPLETE
689,689,0.967323247707043,2025-01-08 17:24:08.785813,2025-01-08 17:24:11.389906,0 days 00:00:02.604093,1,7,1,40,,,,,,,,,,,,,,,COMPLETE
690,690,0.9590685727049364,2025-01-08 17:24:11.391063,2025-01-08 17:24:15.315697,0 days 00:00:03.924634,2,7,1,40,50.0,,,,,,,,,,,,,,COMPLETE
691,691,0.967323247707043,2025-01-08 17:24:15.316693,2025-01-08 17:24:17.920551,0 days 00:00:02.603858,1,7,1,40,,,,,,,,,,,,,,,COMPLETE
692,692,0.967323247707043,2025-01-08 17:24:17.921433,2025-01-08 17:24:20.520830,0 days 00:00:02.599397,1,7,1,40,,,,,,,,,,,,,,,COMPLETE
693,693,0.967323247707043,2025-01-08 17:24:20.521906,2025-01-08 17:24:23.223171,0 days 00:00:02.701265,1,7,1,40,,,,,,,,,,,,,,,COMPLETE
694,694,0.9503972520569961,2025-01-08 17:24:23.225307,2025-01-08 17:24:26.678397,0 days 00:00:03.453090,2,7,1,40,20.0,,,,,,,,,,,,,,COMPLETE
695,695,0.967323247707043,2025-01-08 17:24:26.679626,2025-01-08 17:24:29.282191,0 days 00:00:02.602565,1,7,1,40,,,,,,,,,,,,,,,COMPLETE
696,696,0.967323247707043,2025-01-08 17:24:29.283143,2025-01-08 17:24:31.886869,0 days 00:00:02.603726,1,7,1,40,,,,,,,,,,,,,,,COMPLETE
697,697,0.29450381679389315,2025-01-08 17:24:31.887687,2025-01-08 17:24:41.327455,0 days 00:00:09.439768,10,7,2,35,40.0,,,,,,15.0,25.0,20.0,35.0,25.0,35.0,50.0,45.0,COMPLETE
698,698,0.967323247707043,2025-01-08 17:24:41.329173,2025-01-08 17:24:43.930255,0 days 00:00:02.601082,1,7,1,40,,,,,,,,,,,,,,,COMPLETE
699,699,0.9557233069608768,2025-01-08 17:24:43.939139,2025-01-08 17:24:48.204529,0 days 00:00:04.265390,2,7,3,40,30.0,,,,,,,,,,,,,,COMPLETE
700,700,0.967323247707043,2025-01-08 17:24:48.205943,2025-01-08 17:24:50.800258,0 days 00:00:02.594315,1,7,1,40,,,,,,,,,,,,,,,COMPLETE
701,701,0.967323247707043,2025-01-08 17:24:50.810753,2025-01-08 17:24:53.519876,0 days 00:00:02.709123,1,7,1,40,,,,,,,,,,,,,,,COMPLETE
702,702,0.967323247707043,2025-01-08 17:24:53.520624,2025-01-08 17:24:56.112050,0 days 00:00:02.591426,1,7,1,40,,,,,,,,,,,,,,,COMPLETE
703,703,0.967323247707043,2025-01-08 17:24:56.122064,2025-01-08 17:24:58.717796,0 days 00:00:02.595732,1,7,1,40,,,,,,,,,,,,,,,COMPLETE
704,704,0.9527824620573355,2025-01-08 17:24:58.726235,2025-01-08 17:25:02.104353,0 days 00:00:03.378118,2,7,1,40,10.0,,,,,,,,,,,,,,COMPLETE
705,705,0.9445387196511634,2025-01-08 17:25:02.105625,2025-01-08 17:25:05.601259,0 days 00:00:03.495634,1,7,4,40,,,,,,,,,,,,,,,COMPLETE
706,706,0.9588961518721766,2025-01-08 17:25:05.614125,2025-01-08 17:25:08.134936,0 days 00:00:02.520811,1,7,1,35,,,,,,,,,,,,,,,COMPLETE
707,707,0.17027027027027028,2025-01-08 17:25:08.144378,2025-01-08 17:25:16.261199,0 days 00:00:08.116821,7,7,1,40,45.0,,,,,,30.0,5.0,15.0,45.0,50.0,,,,COMPLETE
708,708,0.967323247707043,2025-01-08 17:25:16.262914,2025-01-08 17:25:18.863309,0 days 00:00:02.600395,1,7,1,40,,,,,,,,,,,,,,,COMPLETE
709,709,0.9549248747913188,2025-01-08 17:25:18.873319,2025-01-08 17:25:22.126284,0 days 00:00:03.252965,2,7,1,40,5.0,,,,,,,,,,,,,,COMPLETE
710,710,0.967323247707043,2025-01-08 17:25:22.127560,2025-01-08 17:25:24.721610,0 days 00:00:02.594050,1,7,1,40,,,,,,,,,,,,,,,COMPLETE
711,711,0.967323247707043,2025-01-08 17:25:24.732323,2025-01-08 17:25:27.427628,0 days 00:00:02.695305,1,7,1,40,,,,,,,,,,,,,,,COMPLETE
712,712,0.967323247707043,2025-01-08 17:25:27.439768,2025-01-08 17:25:30.032760,0 days 00:00:02.592992,1,7,1,40,,,,,,,,,,,,,,,COMPLETE
713,713,0.967323247707043,2025-01-08 17:25:30.043442,2025-01-08 17:25:32.652562,0 days 00:00:02.609120,1,7,1,40,,,,,,,,,,,,,,,COMPLETE
714,714,0.9514876957494407,2025-01-08 17:25:32.653489,2025-01-08 17:25:36.011330,0 days 00:00:03.357841,2,7,1,40,15.0,,,,,,,,,,,,,,COMPLETE
715,715,0.9588961518721766,2025-01-08 17:25:36.012391,2025-01-08 17:25:38.654743,0 days 00:00:02.642352,1,7,1,35,,,,,,,,,,,,,,,COMPLETE
716,716,0.967323247707043,2025-01-08 17:25:38.664132,2025-01-08 17:25:41.267901,0 days 00:00:02.603769,1,7,1,40,,,,,,,,,,,,,,,COMPLETE
717,717,0.9589600899381675,2025-01-08 17:25:41.269062,2025-01-08 17:25:44.906141,0 days 00:00:03.637079,2,7,1,40,35.0,,,,,,,,,,,,,,COMPLETE
718,718,0.967323247707043,2025-01-08 17:25:44.907129,2025-01-08 17:25:47.615593,0 days 00:00:02.708464,1,7,1,40,,,,,,,,,,,,,,,COMPLETE
719,719,0.967323247707043,2025-01-08 17:25:47.616723,2025-01-08 17:25:50.217482,0 days 00:00:02.600759,1,7,1,40,,,,,,,,,,,,,,,COMPLETE
720,720,0.0,2025-01-08 17:25:50.218595,2025-01-08 17:25:56.418144,0 days 00:00:06.199549,14,7,1,40,30.0,35.0,40.0,35.0,20.0,,35.0,20.0,45.0,15.0,15.0,15.0,5.0,10.0,COMPLETE
721,721,0.967323247707043,2025-01-08 17:25:56.420138,2025-01-08 17:25:59.022485,0 days 00:00:02.602347,1,7,1,40,,,,,,,,,,,,,,,COMPLETE
722,722,0.5481627713185985,2025-01-08 17:25:59.027971,2025-01-08 17:26:02.626423,0 days 00:00:03.598452,1,7,5,35,,,,,,,,,,,,,,,COMPLETE
723,723,0.967323247707043,2025-01-08 17:26:02.635515,2025-01-08 17:26:05.229634,0 days 00:00:02.594119,1,7,1,40,,,,,,,,,,,,,,,COMPLETE
724,724,0.967323247707043,2025-01-08 17:26:05.240126,2025-01-08 17:26:07.933863,0 days 00:00:02.693737,1,7,1,40,,,,,,,,,,,,,,,COMPLETE
725,725,0.9498298392351294,2025-01-08 17:26:07.944380,2025-01-08 17:26:11.466921,0 days 00:00:03.522541,2,7,1,40,25.0,,,,,,,,,,,,,,COMPLETE
726,726,0.967323247707043,2025-01-08 17:26:11.468109,2025-01-08 17:26:14.067997,0 days 00:00:02.599888,1,7,1,40,,,,,,,,,,,,,,,COMPLETE
727,727,0.967323247707043,2025-01-08 17:26:14.070974,2025-01-08 17:26:16.769128,0 days 00:00:02.698154,1,7,1,40,,,,,,,,,,,,,,,COMPLETE
728,728,0.9573955477635524,2025-01-08 17:26:16.774188,2025-01-08 17:26:21.299673,0 days 00:00:04.525485,2,7,3,40,40.0,,,,,,,,,,,,,,COMPLETE
729,729,0.637147860479515,2025-01-08 17:26:21.300990,2025-01-08 17:26:28.659430,0 days 00:00:07.358440,6,7,1,40,45.0,,,,,,15.0,30.0,50.0,20.0,,,,,COMPLETE
730,730,0.967323247707043,2025-01-08 17:26:28.661136,2025-01-08 17:26:31.258941,0 days 00:00:02.597805,1,7,1,40,,,,,,,,,,,,,,,COMPLETE
731,731,0.967323247707043,2025-01-08 17:26:31.269110,2025-01-08 17:26:33.864859,0 days 00:00:02.595749,1,7,1,40,,,,,,,,,,,,,,,COMPLETE
732,732,0.9527824620573355,2025-01-08 17:26:33.874843,2025-01-08 17:26:37.376666,0 days 00:00:03.501823,2,7,1,40,10.0,,,,,,,,,,,,,,COMPLETE
733,733,0.967323247707043,2025-01-08 17:26:37.377886,2025-01-08 17:26:39.972382,0 days 00:00:02.594496,1,7,1,40,,,,,,,,,,,,,,,COMPLETE
734,734,0.967323247707043,2025-01-08 17:26:39.982743,2025-01-08 17:26:42.586327,0 days 00:00:02.603584,1,7,1,40,,,,,,,,,,,,,,,COMPLETE
735,735,0.967323247707043,2025-01-08 17:26:42.587274,2025-01-08 17:26:45.178886,0 days 00:00:02.591612,1,7,1,40,,,,,,,,,,,,,,,COMPLETE
736,736,0.0,2025-01-08 17:26:45.189097,2025-01-08 17:26:58.806987,0 days 00:00:13.617890,11,7,1,40,50.0,20.0,,,,,35.0,50.0,5.0,40.0,40.0,45.0,35.0,30.0,COMPLETE
737,737,0.9510135135135135,2025-01-08 17:26:58.808926,2025-01-08 17:27:01.543402,0 days 00:00:02.734476,1,7,2,35,,,,,,,,,,,,,,,COMPLETE
738,738,0.9498298392351294,2025-01-08 17:27:01.552868,2025-01-08 17:27:05.076117,0 days 00:00:03.523249,2,7,1,40,25.0,,,,,,,,,,,,,,COMPLETE
739,739,0.967323247707043,2025-01-08 17:27:05.077193,2025-01-08 17:27:07.772737,0 days 00:00:02.695544,1,7,1,40,,,,,,,,,,,,,,,COMPLETE
740,740,0.967323247707043,2025-01-08 17:27:07.783335,2025-01-08 17:27:10.380585,0 days 00:00:02.597250,1,7,1,40,,,,,,,,,,,,,,,COMPLETE
741,741,0.967323247707043,2025-01-08 17:27:10.391124,2025-01-08 17:27:12.988555,0 days 00:00:02.597431,1,7,1,40,,,,,,,,,,,,,,,COMPLETE
742,742,0.8445222517933056,2025-01-08 17:27:12.998987,2025-01-08 17:27:17.874329,0 days 00:00:04.875342,4,7,1,35,15.0,,,,,,50.0,10.0,,,,,,,COMPLETE
743,743,0.967323247707043,2025-01-08 17:27:17.875875,2025-01-08 17:27:20.479727,0 days 00:00:02.603852,1,7,1,40,,,,,,,,,,,,,,,COMPLETE
744,744,0.967323247707043,2025-01-08 17:27:20.480826,2025-01-08 17:27:23.082801,0 days 00:00:02.601975,1,7,1,40,,,,,,,,,,,,,,,COMPLETE
745,745,0.9589600899381675,2025-01-08 17:27:23.093418,2025-01-08 17:27:26.734860,0 days 00:00:03.641442,2,7,1,40,35.0,,,,,,,,,,,,,,COMPLETE
746,746,0.0,2025-01-08 17:27:26.735760,2025-01-08 17:27:39.429362,0 days 00:00:12.693602,13,7,1,40,5.0,10.0,20.0,15.0,,,25.0,15.0,15.0,5.0,45.0,40.0,15.0,25.0,COMPLETE
747,747,0.967323247707043,2025-01-08 17:27:39.431296,2025-01-08 17:27:42.035852,0 days 00:00:02.604556,1,7,1,40,,,,,,,,,,,,,,,COMPLETE
748,748,0.967323247707043,2025-01-08 17:27:42.040186,2025-01-08 17:27:44.742685,0 days 00:00:02.702499,1,7,1,40,,,,,,,,,,,,,,,COMPLETE
749,749,0.967323247707043,2025-01-08 17:27:44.753986,2025-01-08 17:27:47.350047,0 days 00:00:02.596061,1,7,1,40,,,,,,,,,,,,,,,COMPLETE
750,750,0.9503972520569961,2025-01-08 17:27:47.360593,2025-01-08 17:27:50.815488,0 days 00:00:03.454895,2,7,1,40,20.0,,,,,,,,,,,,,,COMPLETE
751,751,0.967323247707043,2025-01-08 17:27:50.816648,2025-01-08 17:27:53.413726,0 days 00:00:02.597078,1,7,1,40,,,,,,,,,,,,,,,COMPLETE
752,752,0.9588961518721766,2025-01-08 17:27:53.424125,2025-01-08 17:27:55.949212,0 days 00:00:02.525087,1,7,1,35,,,,,,,,,,,,,,,COMPLETE
753,753,0.9558589438537524,2025-01-08 17:27:55.958268,2025-01-08 17:27:58.648514,0 days 00:00:02.690246,1,5,1,40,,,,,,,,,,,,,,,COMPLETE
754,754,0.967323247707043,2025-01-08 17:27:58.649607,2025-01-08 17:28:01.245341,0 days 00:00:02.595734,1,7,1,40,,,,,,,,,,,,,,,COMPLETE
755,755,0.9489495798319327,2025-01-08 17:28:01.255669,2025-01-08 17:28:04.808981,0 days 00:00:03.553312,2,7,1,40,30.0,,,,,,,,,,,,,,COMPLETE
756,756,0.967323247707043,2025-01-08 17:28:04.809926,2025-01-08 17:28:07.514307,0 days 00:00:02.704381,1,7,1,40,,,,,,,,,,,,,,,COMPLETE
757,757,0.967323247707043,2025-01-08 17:28:07.519382,2025-01-08 17:28:10.115661,0 days 00:00:02.596279,1,7,1,40,,,,,,,,,,,,,,,COMPLETE
758,758,0.9514876957494407,2025-01-08 17:28:10.126223,2025-01-08 17:28:13.484625,0 days 00:00:03.358402,2,7,1,40,15.0,,,,,,,,,,,,,,COMPLETE
759,759,0.0,2025-01-08 17:28:13.485726,2025-01-08 17:28:27.008677,0 days 00:00:13.522951,8,7,4,40,45.0,,,,,,5.0,35.0,35.0,25.0,30.0,30.0,,,COMPLETE
760,760,0.967323247707043,2025-01-08 17:28:27.010828,2025-01-08 17:28:29.612644,0 days 00:00:02.601816,1,7,1,40,,,,,,,,,,,,,,,COMPLETE
761,761,0.918612502190771,2025-01-08 17:28:29.619308,2025-01-08 17:28:36.324218,0 days 00:00:06.704910,5,5,1,40,40.0,,,,,,30.0,45.0,30.0,,,,,,COMPLETE
762,762,0.967323247707043,2025-01-08 17:28:36.326111,2025-01-08 17:28:38.931650,0 days 00:00:02.605539,1,7,1,40,,,,,,,,,,,,,,,COMPLETE
763,763,0.967323247707043,2025-01-08 17:28:38.933336,2025-01-08 17:28:41.638861,0 days 00:00:02.705525,1,7,1,40,,,,,,,,,,,,,,,COMPLETE
764,764,0.9588961518721766,2025-01-08 17:28:41.639742,2025-01-08 17:28:44.163114,0 days 00:00:02.523372,1,7,1,35,,,,,,,,,,,,,,,COMPLETE
765,765,0.967323247707043,2025-01-08 17:28:44.172165,2025-01-08 17:28:46.768196,0 days 00:00:02.596031,1,7,1,40,,,,,,,,,,,,,,,COMPLETE
766,766,0.9590685727049364,2025-01-08 17:28:46.778832,2025-01-08 17:28:50.608914,0 days 00:00:03.830082,2,7,1,40,50.0,,,,,,,,,,,,,,COMPLETE
767,767,0.967323247707043,2025-01-08 17:28:50.610134,2025-01-08 17:28:53.312985,0 days 00:00:02.702851,1,7,1,40,,,,,,,,,,,,,,,COMPLETE
768,768,0.9527824620573355,2025-01-08 17:28:53.315068,2025-01-08 17:28:56.697256,0 days 00:00:03.382188,2,7,1,40,10.0,,,,,,,,,,,,,,COMPLETE
769,769,0.9588961518721766,2025-01-08 17:28:56.698448,2025-01-08 17:28:59.223806,0 days 00:00:02.525358,1,7,1,35,,,,,,,,,,,,,,,COMPLETE
770,770,0.9605745301002758,2025-01-08 17:28:59.233079,2025-01-08 17:29:01.393053,0 days 00:00:02.159974,1,7,1,20,,,,,,,,,,,,,,,COMPLETE
771,771,0.967323247707043,2025-01-08 17:29:01.398079,2025-01-08 17:29:04.101550,0 days 00:00:02.703471,1,7,1,40,,,,,,,,,,,,,,,COMPLETE
772,772,0.967323247707043,2025-01-08 17:29:04.102767,2025-01-08 17:29:06.708343,0 days 00:00:02.605576,1,7,1,40,,,,,,,,,,,,,,,COMPLETE
773,773,0.9409987187191727,2025-01-08 17:29:06.709282,2025-01-08 17:29:10.764285,0 days 00:00:04.055003,3,7,1,40,20.0,,,,,,10.0,,,,,,,,COMPLETE
774,774,0.967323247707043,2025-01-08 17:29:10.765408,2025-01-08 17:29:13.376414,0 days 00:00:02.611006,1,7,1,40,,,,,,,,,,,,,,,COMPLETE
775,775,0.9498298392351294,2025-01-08 17:29:13.377480,2025-01-08 17:29:17.023500,0 days 00:00:03.646020,2,7,1,40,25.0,,,,,,,,,,,,,,COMPLETE
776,776,0.967323247707043,2025-01-08 17:29:17.024637,2025-01-08 17:29:19.627242,0 days 00:00:02.602605,1,7,1,40,,,,,,,,,,,,,,,COMPLETE
777,777,0.967323247707043,2025-01-08 17:29:19.628374,2025-01-08 17:29:22.234792,0 days 00:00:02.606418,1,7,1,40,,,,,,,,,,,,,,,COMPLETE
778,778,0.967323247707043,2025-01-08 17:29:22.235938,2025-01-08 17:29:24.841600,0 days 00:00:02.605662,1,7,1,40,,,,,,,,,,,,,,,COMPLETE
779,779,0.9588961518721766,2025-01-08 17:29:24.842721,2025-01-08 17:29:27.472416,0 days 00:00:02.629695,1,7,1,35,,,,,,,,,,,,,,,COMPLETE
780,780,0.9589600899381675,2025-01-08 17:29:27.481740,2025-01-08 17:29:31.122431,0 days 00:00:03.640691,2,7,1,40,35.0,,,,,,,,,,,,,,COMPLETE
781,781,0.967323247707043,2025-01-08 17:29:31.123284,2025-01-08 17:29:33.729230,0 days 00:00:02.605946,1,7,1,40,,,,,,,,,,,,,,,COMPLETE
782,782,0.967323247707043,2025-01-08 17:29:33.730448,2025-01-08 17:29:36.427964,0 days 00:00:02.697516,1,7,1,40,,,,,,,,,,,,,,,COMPLETE
783,783,0.967323247707043,2025-01-08 17:29:36.440271,2025-01-08 17:29:39.043626,0 days 00:00:02.603355,1,7,1,40,,,,,,,,,,,,,,,COMPLETE
784,784,0.9549248747913188,2025-01-08 17:29:39.045516,2025-01-08 17:29:42.297387,0 days 00:00:03.251871,2,7,1,40,5.0,,,,,,,,,,,,,,COMPLETE
785,785,0.967323247707043,2025-01-08 17:29:42.298692,2025-01-08 17:29:44.900638,0 days 00:00:02.601946,1,7,1,40,,,,,,,,,,,,,,,COMPLETE
786,786,0.967323247707043,2025-01-08 17:29:44.901864,2025-01-08 17:29:47.505078,0 days 00:00:02.603214,1,7,1,40,,,,,,,,,,,,,,,COMPLETE
787,787,0.9540452261306533,2025-01-08 17:29:47.505876,2025-01-08 17:29:51.303734,0 days 00:00:03.797858,2,7,1,40,40.0,,,,,,,,,,,,,,COMPLETE
788,788,0.9658821382959314,2025-01-08 17:29:51.304871,2025-01-08 17:29:54.073063,0 days 00:00:02.768192,1,7,1,45,,,,,,,,,,,,,,,COMPLETE
789,789,0.9570895628325318,2025-01-08 17:29:54.074219,2025-01-08 17:29:56.345326,0 days 00:00:02.271107,1,7,1,25,,,,,,,,,,,,,,,COMPLETE
790,790,0.9476737956454655,2025-01-08 17:29:56.349008,2025-01-08 17:29:58.375025,0 days 00:00:02.026017,1,7,1,15,,,,,,,,,,,,,,,COMPLETE
791,791,0.967323247707043,2025-01-08 17:29:58.375969,2025-01-08 17:30:01.075259,0 days 00:00:02.699290,1,7,1,40,,,,,,,,,,,,,,,COMPLETE
792,792,0.9498298392351294,2025-01-08 17:30:01.082756,2025-01-08 17:30:04.611962,0 days 00:00:03.529206,2,7,1,40,25.0,,,,,,,,,,,,,,COMPLETE
793,793,0.967323247707043,2025-01-08 17:30:04.613124,2025-01-08 17:30:07.224900,0 days 00:00:02.611776,1,7,1,40,,,,,,,,,,,,,,,COMPLETE
794,794,0.967323247707043,2025-01-08 17:30:07.226356,2025-01-08 17:30:09.951595,0 days 00:00:02.725239,1,7,1,40,,,,,,,,,,,,,,,COMPLETE
795,795,0.967323247707043,2025-01-08 17:30:09.952801,2025-01-08 17:30:12.556982,0 days 00:00:02.604181,1,7,1,40,,,,,,,,,,,,,,,COMPLETE
796,796,0.9588961518721766,2025-01-08 17:30:12.558125,2025-01-08 17:30:15.086064,0 days 00:00:02.527939,1,7,1,35,,,,,,,,,,,,,,,COMPLETE
797,797,0.9514876957494407,2025-01-08 17:30:15.094586,2025-01-08 17:30:18.452882,0 days 00:00:03.358296,2,7,1,40,15.0,,,,,,,,,,,,,,COMPLETE
798,798,0.507311731621124,2025-01-08 17:30:18.454027,2025-01-08 17:30:22.370787,0 days 00:00:03.916760,1,7,5,40,,,,,,,,,,,,,,,COMPLETE
799,799,0.967323247707043,2025-01-08 17:30:22.371976,2025-01-08 17:30:24.975816,0 days 00:00:02.603840,1,7,1,40,,,,,,,,,,,,,,,COMPLETE
800,800,0.9539079845985217,2025-01-08 17:30:24.977044,2025-01-08 17:30:27.890148,0 days 00:00:02.913104,1,7,2,40,,,,,,,,,,,,,,,COMPLETE
801,801,0.9435697251873723,2025-01-08 17:30:27.891288,2025-01-08 17:30:31.041975,0 days 00:00:03.150687,2,7,1,35,10.0,,,,,,,,,,,,,,COMPLETE
802,802,0.967323247707043,2025-01-08 17:30:31.043263,2025-01-08 17:30:33.747839,0 days 00:00:02.704576,1,7,1,40,,,,,,,,,,,,,,,COMPLETE
803,803,0.967323247707043,2025-01-08 17:30:33.750740,2025-01-08 17:30:36.355659,0 days 00:00:02.604919,1,7,1,40,,,,,,,,,,,,,,,COMPLETE
804,804,0.9489495798319327,2025-01-08 17:30:36.356890,2025-01-08 17:30:39.913732,0 days 00:00:03.556842,2,7,1,40,30.0,,,,,,,,,,,,,,COMPLETE
805,805,0.9658821382959314,2025-01-08 17:30:39.914675,2025-01-08 17:30:42.782468,0 days 00:00:02.867793,1,7,1,45,,,,,,,,,,,,,,,COMPLETE
806,806,0.967323247707043,2025-01-08 17:30:42.783636,2025-01-08 17:30:45.390946,0 days 00:00:02.607310,1,7,1,40,,,,,,,,,,,,,,,COMPLETE
807,807,0.967323247707043,2025-01-08 17:30:45.393420,2025-01-08 17:30:48.000664,0 days 00:00:02.607244,1,7,1,40,,,,,,,,,,,,,,,COMPLETE
808,808,0.967323247707043,2025-01-08 17:30:48.001902,2025-01-08 17:30:50.603533,0 days 00:00:02.601631,1,7,1,40,,,,,,,,,,,,,,,COMPLETE
809,809,0.967323247707043,2025-01-08 17:30:50.605322,2025-01-08 17:30:53.310589,0 days 00:00:02.705267,1,7,1,40,,,,,,,,,,,,,,,COMPLETE
810,810,0.9589600899381675,2025-01-08 17:30:53.311776,2025-01-08 17:30:56.950696,0 days 00:00:03.638920,2,7,1,40,35.0,,,,,,,,,,,,,,COMPLETE
811,811,0.967323247707043,2025-01-08 17:30:56.951612,2025-01-08 17:30:59.556568,0 days 00:00:02.604956,1,7,1,40,,,,,,,,,,,,,,,COMPLETE
812,812,0.6666666666666666,2025-01-08 17:30:59.557870,2025-01-08 17:31:03.133246,0 days 00:00:03.575376,1,1,4,45,,,,,,,,,,,,,,,COMPLETE
813,813,0.9598867970960994,2025-01-08 17:31:03.134449,2025-01-08 17:31:06.249220,0 days 00:00:03.114771,1,7,3,40,,,,,,,,,,,,,,,COMPLETE
814,814,0.9581991051454138,2025-01-08 17:31:06.250376,2025-01-08 17:31:09.691755,0 days 00:00:03.441379,2,7,1,30,50.0,,,,,,,,,,,,,,COMPLETE
815,815,0.967323247707043,2025-01-08 17:31:09.693104,2025-01-08 17:31:12.297648,0 days 00:00:02.604544,1,7,1,40,,,,,,,,,,,,,,,COMPLETE
816,816,0.9588961518721766,2025-01-08 17:31:12.298973,2025-01-08 17:31:14.935186,0 days 00:00:02.636213,1,7,1,35,,,,,,,,,,,,,,,COMPLETE
817,817,0.9503972520569961,2025-01-08 17:31:14.938986,2025-01-08 17:31:18.395858,0 days 00:00:03.456872,2,7,1,40,20.0,,,,,,,,,,,,,,COMPLETE
818,818,0.967323247707043,2025-01-08 17:31:18.397104,2025-01-08 17:31:21.002769,0 days 00:00:02.605665,1,7,1,40,,,,,,,,,,,,,,,COMPLETE
819,819,0.967323247707043,2025-01-08 17:31:21.004116,2025-01-08 17:31:23.609376,0 days 00:00:02.605260,1,7,1,40,,,,,,,,,,,,,,,COMPLETE
820,820,0.9539079845985217,2025-01-08 17:31:23.610562,2025-01-08 17:31:26.614473,0 days 00:00:03.003911,1,7,2,40,,,,,,,,,,,,,,,COMPLETE
821,821,0.967323247707043,2025-01-08 17:31:26.625561,2025-01-08 17:31:29.232509,0 days 00:00:02.606948,1,7,1,40,,,,,,,,,,,,,,,COMPLETE
822,822,0.9527824620573355,2025-01-08 17:31:29.233823,2025-01-08 17:31:32.615082,0 days 00:00:03.381259,2,7,1,40,10.0,,,,,,,,,,,,,,COMPLETE
823,823,0.967323247707043,2025-01-08 17:31:32.616225,2025-01-08 17:31:35.222108,0 days 00:00:02.605883,1,7,1,40,,,,,,,,,,,,,,,COMPLETE
824,824,0.9658821382959314,2025-01-08 17:31:35.223432,2025-01-08 17:31:38.087985,0 days 00:00:02.864553,1,7,1,45,,,,,,,,,,,,,,,COMPLETE
825,825,0.967323247707043,2025-01-08 17:31:38.089352,2025-01-08 17:31:40.695401,0 days 00:00:02.606049,1,7,1,40,,,,,,,,,,,,,,,COMPLETE
826,826,0.9541260663665352,2025-01-08 17:31:40.696651,2025-01-08 17:31:44.497028,0 days 00:00:03.800377,2,7,1,40,45.0,,,,,,,,,,,,,,COMPLETE
827,827,0.967323247707043,2025-01-08 17:31:44.498224,2025-01-08 17:31:47.206833,0 days 00:00:02.708609,1,7,1,40,,,,,,,,,,,,,,,COMPLETE
828,828,0.967323247707043,2025-01-08 17:31:47.208230,2025-01-08 17:31:49.806797,0 days 00:00:02.598567,1,7,1,40,,,,,,,,,,,,,,,COMPLETE
829,829,0.9588961518721766,2025-01-08 17:31:49.817257,2025-01-08 17:31:52.351467,0 days 00:00:02.534210,1,7,1,35,,,,,,,,,,,,,,,COMPLETE
830,830,0.967323247707043,2025-01-08 17:31:52.352708,2025-01-08 17:31:54.964318,0 days 00:00:02.611610,1,7,1,40,,,,,,,,,,,,,,,COMPLETE
831,831,0.9549248747913188,2025-01-08 17:31:54.965883,2025-01-08 17:31:58.220696,0 days 00:00:03.254813,2,7,1,40,5.0,,,,,,,,,,,,,,COMPLETE
832,832,0.967323247707043,2025-01-08 17:31:58.222095,2025-01-08 17:32:00.938412,0 days 00:00:02.716317,1,7,1,40,,,,,,,,,,,,,,,COMPLETE
833,833,0.9658821382959314,2025-01-08 17:32:00.948388,2025-01-08 17:32:03.717624,0 days 00:00:02.769236,1,7,1,45,,,,,,,,,,,,,,,COMPLETE
834,834,0.967323247707043,2025-01-08 17:32:03.718909,2025-01-08 17:32:06.324993,0 days 00:00:02.606084,1,7,1,40,,,,,,,,,,,,,,,COMPLETE
835,835,0.943893552255327,2025-01-08 17:32:06.326451,2025-01-08 17:32:08.256011,0 days 00:00:01.929560,1,7,1,10,,,,,,,,,,,,,,,COMPLETE
836,836,0.9489495798319327,2025-01-08 17:32:08.258903,2025-01-08 17:32:11.921128,0 days 00:00:03.662225,2,7,1,40,30.0,,,,,,,,,,,,,,COMPLETE
837,837,0.967323247707043,2025-01-08 17:32:11.922375,2025-01-08 17:32:14.529407,0 days 00:00:02.607032,1,7,1,40,,,,,,,,,,,,,,,COMPLETE
838,838,0.9588961518721766,2025-01-08 17:32:14.530606,2025-01-08 17:32:17.063770,0 days 00:00:02.533164,1,7,1,35,,,,,,,,,,,,,,,COMPLETE
839,839,0.9503972520569961,2025-01-08 17:32:17.064922,2025-01-08 17:32:20.626315,0 days 00:00:03.561393,2,7,1,40,20.0,,,,,,,,,,,,,,COMPLETE
840,840,0.967323247707043,2025-01-08 17:32:20.627335,2025-01-08 17:32:23.235506,0 days 00:00:02.608171,1,7,1,40,,,,,,,,,,,,,,,COMPLETE
841,841,0.967323247707043,2025-01-08 17:32:23.236800,2025-01-08 17:32:25.833471,0 days 00:00:02.596671,1,7,1,40,,,,,,,,,,,,,,,COMPLETE
842,842,0.967323247707043,2025-01-08 17:32:25.843957,2025-01-08 17:32:28.450362,0 days 00:00:02.606405,1,7,1,40,,,,,,,,,,,,,,,COMPLETE
843,843,0.967323247707043,2025-01-08 17:32:28.451745,2025-01-08 17:32:31.057126,0 days 00:00:02.605381,1,7,1,40,,,,,,,,,,,,,,,COMPLETE
844,844,0.0,2025-01-08 17:32:31.058530,2025-01-08 17:32:37.235726,0 days 00:00:06.177196,9,7,1,45,40.0,,,,,,20.0,5.0,40.0,50.0,20.0,25.0,20.0,,COMPLETE
845,845,0.967323247707043,2025-01-08 17:32:37.237714,2025-01-08 17:32:39.844132,0 days 00:00:02.606418,1,7,1,40,,,,,,,,,,,,,,,COMPLETE
846,846,0.967323247707043,2025-01-08 17:32:39.848925,2025-01-08 17:32:42.452932,0 days 00:00:02.604007,1,7,1,40,,,,,,,,,,,,,,,COMPLETE
847,847,0.0,2025-01-08 17:32:42.456633,2025-01-08 17:32:51.235815,0 days 00:00:08.779182,12,3,1,45,50.0,45.0,30.0,,,,10.0,40.0,10.0,30.0,10.0,35.0,25.0,5.0,COMPLETE
848,848,0.9557286432160804,2025-01-08 17:32:51.237687,2025-01-08 17:32:55.653771,0 days 00:00:04.416084,2,7,3,40,35.0,,,,,,,,,,,,,,COMPLETE
849,849,0.967323247707043,2025-01-08 17:32:55.655038,2025-01-08 17:32:58.263321,0 days 00:00:02.608283,1,7,1,40,,,,,,,,,,,,,,,COMPLETE
850,850,0.967323247707043,2025-01-08 17:32:58.264514,2025-01-08 17:33:00.967218,0 days 00:00:02.702704,1,7,1,40,,,,,,,,,,,,,,,COMPLETE
851,851,0.9581313131313132,2025-01-08 17:33:00.975199,2025-01-08 17:33:04.341309,0 days 00:00:03.366110,2,7,1,35,25.0,,,,,,,,,,,,,,COMPLETE
852,852,0.967323247707043,2025-01-08 17:33:04.342714,2025-01-08 17:33:06.945118,0 days 00:00:02.602404,1,7,1,40,,,,,,,,,,,,,,,COMPLETE
853,853,0.967323247707043,2025-01-08 17:33:06.946333,2025-01-08 17:33:09.652919,0 days 00:00:02.706586,1,7,1,40,,,,,,,,,,,,,,,COMPLETE
854,854,0.9558589438537524,2025-01-08 17:33:09.653824,2025-01-08 17:33:12.248159,0 days 00:00:02.594335,1,5,1,40,,,,,,,,,,,,,,,COMPLETE
855,855,0.0,2025-01-08 17:33:12.249288,2025-01-08 17:33:29.726605,0 days 00:00:17.477317,15,7,1,40,15.0,15.0,15.0,10.0,40.0,25.0,45.0,50.0,20.0,45.0,25.0,50.0,45.0,50.0,COMPLETE
856,856,0.9588961518721766,2025-01-08 17:33:29.728483,2025-01-08 17:33:32.359429,0 days 00:00:02.630946,1,7,1,35,,,,,,,,,,,,,,,COMPLETE
857,857,0.967323247707043,2025-01-08 17:33:32.368615,2025-01-08 17:33:34.976387,0 days 00:00:02.607772,1,7,1,40,,,,,,,,,,,,,,,COMPLETE
858,858,0.9549248747913188,2025-01-08 17:33:34.977667,2025-01-08 17:33:38.237362,0 days 00:00:03.259695,2,7,1,40,5.0,,,,,,,,,,,,,,COMPLETE
859,859,0.967323247707043,2025-01-08 17:33:38.238693,2025-01-08 17:33:40.837055,0 days 00:00:02.598362,1,7,1,40,,,,,,,,,,,,,,,COMPLETE
860,860,0.967323247707043,2025-01-08 17:33:40.847582,2025-01-08 17:33:43.561514,0 days 00:00:02.713932,1,7,1,40,,,,,,,,,,,,,,,COMPLETE
861,861,0.9541260663665352,2025-01-08 17:33:43.562710,2025-01-08 17:33:47.364127,0 days 00:00:03.801417,2,7,1,40,45.0,,,,,,,,,,,,,,COMPLETE
862,862,0.967323247707043,2025-01-08 17:33:47.364999,2025-01-08 17:33:49.972239,0 days 00:00:02.607240,1,7,1,40,,,,,,,,,,,,,,,COMPLETE
863,863,0.967323247707043,2025-01-08 17:33:49.973132,2025-01-08 17:33:52.700371,0 days 00:00:02.727239,1,7,1,40,,,,,,,,,,,,,,,COMPLETE
864,864,0.967323247707043,2025-01-08 17:33:52.710728,2025-01-08 17:33:55.310030,0 days 00:00:02.599302,1,7,1,40,,,,,,,,,,,,,,,COMPLETE
865,865,0.0,2025-01-08 17:33:55.320370,2025-01-08 17:34:10.544179,0 days 00:00:15.223809,14,7,1,40,40.0,40.0,45.0,50.0,15.0,,25.0,25.0,25.0,15.0,35.0,5.0,30.0,5.0,COMPLETE
866,866,0.9598736000223718,2025-01-08 17:34:10.546183,2025-01-08 17:34:14.352573,0 days 00:00:03.806390,2,7,1,45,20.0,,,,,,,,,,,,,,COMPLETE
867,867,0.967323247707043,2025-01-08 17:34:14.354140,2025-01-08 17:34:16.960211,0 days 00:00:02.606071,1,7,1,40,,,,,,,,,,,,,,,COMPLETE
868,868,0.9464705701397453,2025-01-08 17:34:16.966160,2025-01-08 17:34:22.118214,0 days 00:00:05.152054,3,7,1,40,50.0,,,,,,40.0,,,,,,,,COMPLETE
869,869,0.967323247707043,2025-01-08 17:34:22.119388,2025-01-08 17:34:24.730836,0 days 00:00:02.611448,1,7,1,40,,,,,,,,,,,,,,,COMPLETE
870,870,0.967323247707043,2025-01-08 17:34:24.731758,2025-01-08 17:34:27.335713,0 days 00:00:02.603955,1,7,1,40,,,,,,,,,,,,,,,COMPLETE
871,871,0.9588961518721766,2025-01-08 17:34:27.343259,2025-01-08 17:34:29.869953,0 days 00:00:02.526694,1,7,1,35,,,,,,,,,,,,,,,COMPLETE
872,872,0.9489495798319327,2025-01-08 17:34:29.878995,2025-01-08 17:34:33.436667,0 days 00:00:03.557672,2,7,1,40,30.0,,,,,,,,,,,,,,COMPLETE
873,873,0.967323247707043,2025-01-08 17:34:33.437548,2025-01-08 17:34:36.140338,0 days 00:00:02.702790,1,7,1,40,,,,,,,,,,,,,,,COMPLETE
874,874,0.967323247707043,2025-01-08 17:34:36.141532,2025-01-08 17:34:38.754870,0 days 00:00:02.613338,1,7,1,40,,,,,,,,,,,,,,,COMPLETE
875,875,0.7374553961414887,2025-01-08 17:34:38.756101,2025-01-08 17:34:45.671421,0 days 00:00:06.915320,6,7,1,40,15.0,,,,,,20.0,30.0,40.0,35.0,,,,,COMPLETE
876,876,0.9527824620573355,2025-01-08 17:34:45.672829,2025-01-08 17:34:49.061472,0 days 00:00:03.388643,2,7,1,40,10.0,,,,,,,,,,,,,,COMPLETE
877,877,0.9658821382959314,2025-01-08 17:34:49.062942,2025-01-08 17:34:51.828864,0 days 00:00:02.765922,1,7,1,45,,,,,,,,,,,,,,,COMPLETE
878,878,0.967323247707043,2025-01-08 17:34:51.830112,2025-01-08 17:34:54.431682,0 days 00:00:02.601570,1,7,1,40,,,,,,,,,,,,,,,COMPLETE
879,879,0.9588961518721766,2025-01-08 17:34:54.442343,2025-01-08 17:34:57.083711,0 days 00:00:02.641368,1,7,1,35,,,,,,,,,,,,,,,COMPLETE
880,880,0.9539079845985217,2025-01-08 17:34:57.086851,2025-01-08 17:35:00.002939,0 days 00:00:02.916088,1,7,2,40,,,,,,,,,,,,,,,COMPLETE
881,881,0.9423450502351729,2025-01-08 17:35:00.004081,2025-01-08 17:35:02.599837,0 days 00:00:02.595756,1,3,1,40,,,,,,,,,,,,,,,COMPLETE
882,882,0.9589600899381675,2025-01-08 17:35:02.605433,2025-01-08 17:35:06.245728,0 days 00:00:03.640295,2,7,1,40,35.0,,,,,,,,,,,,,,COMPLETE
883,883,0.9558589438537524,2025-01-08 17:35:06.246622,2025-01-08 17:35:08.942800,0 days 00:00:02.696178,1,5,1,40,,,,,,,,,,,,,,,COMPLETE
884,884,0.9658821382959314,2025-01-08 17:35:08.944155,2025-01-08 17:35:11.709757,0 days 00:00:02.765602,1,7,1,45,,,,,,,,,,,,,,,COMPLETE
885,885,0.9498298392351294,2025-01-08 17:35:11.711047,2025-01-08 17:35:15.240483,0 days 00:00:03.529436,2,7,1,40,25.0,,,,,,,,,,,,,,COMPLETE
886,886,0.9445387196511634,2025-01-08 17:35:15.241573,2025-01-08 17:35:18.650673,0 days 00:00:03.409100,1,7,4,40,,,,,,,,,,,,,,,COMPLETE
887,887,0.9588961518721766,2025-01-08 17:35:18.651757,2025-01-08 17:35:21.287369,0 days 00:00:02.635612,1,7,1,35,,,,,,,,,,,,,,,COMPLETE
888,888,0.967323247707043,2025-01-08 17:35:21.289308,2025-01-08 17:35:23.897481,0 days 00:00:02.608173,1,7,1,40,,,,,,,,,,,,,,,COMPLETE
889,889,0.967323247707043,2025-01-08 17:35:23.898401,2025-01-08 17:35:26.496065,0 days 00:00:02.597664,1,7,1,40,,,,,,,,,,,,,,,COMPLETE
890,890,0.967323247707043,2025-01-08 17:35:26.506374,2025-01-08 17:35:29.103286,0 days 00:00:02.596912,1,7,1,40,,,,,,,,,,,,,,,COMPLETE
891,891,0.9541260663665352,2025-01-08 17:35:29.113686,2025-01-08 17:35:33.019433,0 days 00:00:03.905747,2,7,1,40,45.0,,,,,,,,,,,,,,COMPLETE
892,892,0.9191937518359166,2025-01-08 17:35:33.020862,2025-01-08 17:35:38.236930,0 days 00:00:05.216068,4,7,1,40,20.0,,,,,,50.0,20.0,,,,,,,COMPLETE
893,893,0.967323247707043,2025-01-08 17:35:38.238263,2025-01-08 17:35:40.959543,0 days 00:00:02.721280,1,7,1,40,,,,,,,,,,,,,,,COMPLETE
894,894,0.967323247707043,2025-01-08 17:35:40.969940,2025-01-08 17:35:43.573608,0 days 00:00:02.603668,1,7,1,40,,,,,,,,,,,,,,,COMPLETE
895,895,0.9549248747913188,2025-01-08 17:35:43.583961,2025-01-08 17:35:46.842597,0 days 00:00:03.258636,2,7,1,40,5.0,,,,,,,,,,,,,,COMPLETE
896,896,0.9658821382959314,2025-01-08 17:35:46.844005,2025-01-08 17:35:49.609554,0 days 00:00:02.765549,1,7,1,45,,,,,,,,,,,,,,,COMPLETE
897,897,0.507311731621124,2025-01-08 17:35:49.610826,2025-01-08 17:35:53.529705,0 days 00:00:03.918879,1,7,5,40,,,,,,,,,,,,,,,COMPLETE
898,898,0.967323247707043,2025-01-08 17:35:53.530920,2025-01-08 17:35:56.137280,0 days 00:00:02.606360,1,7,1,40,,,,,,,,,,,,,,,COMPLETE
899,899,0.967323247707043,2025-01-08 17:35:56.138544,2025-01-08 17:35:58.746952,0 days 00:00:02.608408,1,7,1,40,,,,,,,,,,,,,,,COMPLETE
900,900,0.967323247707043,2025-01-08 17:35:58.748082,2025-01-08 17:36:01.354692,0 days 00:00:02.606610,1,7,1,40,,,,,,,,,,,,,,,COMPLETE
901,901,0.947986577181208,2025-01-08 17:36:01.356012,2025-01-08 17:36:04.959244,0 days 00:00:03.603232,2,7,1,35,40.0,,,,,,,,,,,,,,COMPLETE
902,902,0.967323247707043,2025-01-08 17:36:04.960514,2025-01-08 17:36:07.568154,0 days 00:00:02.607640,1,7,1,40,,,,,,,,,,,,,,,COMPLETE
903,903,0.6902129309242679,2025-01-08 17:36:07.569362,2025-01-08 17:36:14.872071,0 days 00:00:07.302709,7,7,1,40,30.0,,,,,,35.0,10.0,30.0,10.0,30.0,,,,COMPLETE
904,904,0.967323247707043,2025-01-08 17:36:14.873551,2025-01-08 17:36:17.481712,0 days 00:00:02.608161,1,7,1,40,,,,,,,,,,,,,,,COMPLETE
905,905,0.967323247707043,2025-01-08 17:36:17.485872,2025-01-08 17:36:20.090427,0 days 00:00:02.604555,1,7,1,40,,,,,,,,,,,,,,,COMPLETE
906,906,0.967323247707043,2025-01-08 17:36:20.099043,2025-01-08 17:36:22.698482,0 days 00:00:02.599439,1,7,1,40,,,,,,,,,,,,,,,COMPLETE
907,907,0.9514237855946399,2025-01-08 17:36:22.708700,2025-01-08 17:36:26.058748,0 days 00:00:03.350048,2,7,1,25,45.0,,,,,,,,,,,,,,COMPLETE
908,908,0.9658821382959314,2025-01-08 17:36:26.059529,2025-01-08 17:36:28.836272,0 days 00:00:02.776743,1,7,1,45,,,,,,,,,,,,,,,COMPLETE
909,909,0.967323247707043,2025-01-08 17:36:28.837835,2025-01-08 17:36:31.435427,0 days 00:00:02.597592,1,7,1,40,,,,,,,,,,,,,,,COMPLETE
910,910,0.9435697251873723,2025-01-08 17:36:31.445343,2025-01-08 17:36:34.602340,0 days 00:00:03.156997,2,7,1,35,10.0,,,,,,,,,,,,,,COMPLETE
911,911,0.967323247707043,2025-01-08 17:36:34.606048,2025-01-08 17:36:37.341693,0 days 00:00:02.735645,1,7,1,40,,,,,,,,,,,,,,,COMPLETE
912,912,0.967323247707043,2025-01-08 17:36:37.342692,2025-01-08 17:36:39.951123,0 days 00:00:02.608431,1,7,1,40,,,,,,,,,,,,,,,COMPLETE
913,913,0.967323247707043,2025-01-08 17:36:39.952073,2025-01-08 17:36:42.556592,0 days 00:00:02.604519,1,7,1,40,,,,,,,,,,,,,,,COMPLETE
914,914,0.0,2025-01-08 17:36:42.558389,2025-01-08 17:36:51.097190,0 days 00:00:08.538801,8,7,1,40,25.0,,,,,,45.0,40.0,5.0,20.0,40.0,15.0,,,COMPLETE
915,915,0.967323247707043,2025-01-08 17:36:51.098720,2025-01-08 17:36:53.707361,0 days 00:00:02.608641,1,7,1,40,,,,,,,,,,,,,,,COMPLETE
916,916,0.967323247707043,2025-01-08 17:36:53.711822,2025-01-08 17:36:56.311531,0 days 00:00:02.599709,1,7,1,40,,,,,,,,,,,,,,,COMPLETE
917,917,0.9486913957502193,2025-01-08 17:36:56.321455,2025-01-08 17:36:59.516792,0 days 00:00:03.195337,2,7,1,20,50.0,,,,,,,,,,,,,,COMPLETE
918,918,0.9539079845985217,2025-01-08 17:36:59.525461,2025-01-08 17:37:02.435285,0 days 00:00:02.909824,1,7,2,40,,,,,,,,,,,,,,,COMPLETE
919,919,0.9658821382959314,2025-01-08 17:37:02.445626,2025-01-08 17:37:05.203674,0 days 00:00:02.758048,1,7,1,45,,,,,,,,,,,,,,,COMPLETE
920,920,0.9461896328183921,2025-01-08 17:37:05.215137,2025-01-08 17:37:08.747186,0 days 00:00:03.532049,2,7,1,35,35.0,,,,,,,,,,,,,,COMPLETE
921,921,0.8551886423408621,2025-01-08 17:37:08.748476,2025-01-08 17:37:15.092283,0 days 00:00:06.343807,5,7,1,40,40.0,,,,,,5.0,45.0,50.0,,,,,,COMPLETE
922,922,0.967323247707043,2025-01-08 17:37:15.093747,2025-01-08 17:37:17.701542,0 days 00:00:02.607795,1,7,1,40,,,,,,,,,,,,,,,COMPLETE
923,923,0.967323247707043,2025-01-08 17:37:17.702337,2025-01-08 17:37:20.416792,0 days 00:00:02.714455,1,7,1,40,,,,,,,,,,,,,,,COMPLETE
924,924,0.967323247707043,2025-01-08 17:37:20.418050,2025-01-08 17:37:23.029635,0 days 00:00:02.611585,1,7,1,40,,,,,,,,,,,,,,,COMPLETE
925,925,0.9547297297297297,2025-01-08 17:37:23.030519,2025-01-08 17:37:26.372148,0 days 00:00:03.341629,2,5,1,40,15.0,,,,,,,,,,,,,,COMPLETE
926,926,0.967323247707043,2025-01-08 17:37:26.372923,2025-01-08 17:37:28.985596,0 days 00:00:02.612673,1,7,1,40,,,,,,,,,,,,,,,COMPLETE
927,927,0.9598867970960994,2025-01-08 17:37:28.986565,2025-01-08 17:37:32.224324,0 days 00:00:03.237759,1,7,3,40,,,,,,,,,,,,,,,COMPLETE
928,928,0.9658821382959314,2025-01-08 17:37:32.225139,2025-01-08 17:37:34.992402,0 days 00:00:02.767263,1,7,1,45,,,,,,,,,,,,,,,COMPLETE
929,929,0.967323247707043,2025-01-08 17:37:34.993690,2025-01-08 17:37:37.598747,0 days 00:00:02.605057,1,7,1,40,,,,,,,,,,,,,,,COMPLETE
930,930,0.9527824620573355,2025-01-08 17:37:37.599555,2025-01-08 17:37:40.985708,0 days 00:00:03.386153,2,7,1,40,10.0,,,,,,,,,,,,,,COMPLETE
931,931,0.0,2025-01-08 17:37:40.986886,2025-01-08 17:37:49.712062,0 days 00:00:08.725176,9,7,1,40,25.0,,,,,,10.0,15.0,45.0,25.0,5.0,10.0,50.0,,COMPLETE
932,932,0.9588961518721766,2025-01-08 17:37:49.713845,2025-01-08 17:37:52.246311,0 days 00:00:02.532466,1,7,1,35,,,,,,,,,,,,,,,COMPLETE
933,933,0.9377808583145613,2025-01-08 17:37:52.254857,2025-01-08 17:37:55.042987,0 days 00:00:02.788130,1,1,1,40,,,,,,,,,,,,,,,COMPLETE
934,934,0.9549248747913188,2025-01-08 17:37:55.053419,2025-01-08 17:37:58.311878,0 days 00:00:03.258459,2,7,1,40,5.0,,,,,,,,,,,,,,COMPLETE
935,935,0.967323247707043,2025-01-08 17:37:58.312901,2025-01-08 17:38:00.916570,0 days 00:00:02.603669,1,7,1,40,,,,,,,,,,,,,,,COMPLETE
936,936,0.967323247707043,2025-01-08 17:38:00.924328,2025-01-08 17:38:03.522044,0 days 00:00:02.597716,1,7,1,40,,,,,,,,,,,,,,,COMPLETE
937,937,0.9658821382959314,2025-01-08 17:38:03.532349,2025-01-08 17:38:06.400332,0 days 00:00:02.867983,1,7,1,45,,,,,,,,,,,,,,,COMPLETE
938,938,0.967323247707043,2025-01-08 17:38:06.401258,2025-01-08 17:38:09.011249,0 days 00:00:02.609991,1,7,1,40,,,,,,,,,,,,,,,COMPLETE
939,939,0.9489495798319327,2025-01-08 17:38:09.012167,2025-01-08 17:38:12.570812,0 days 00:00:03.558645,2,7,1,40,30.0,,,,,,,,,,,,,,COMPLETE
940,940,0.9409933939578208,2025-01-08 17:38:12.571773,2025-01-08 17:38:14.398805,0 days 00:00:01.827032,1,7,1,5,,,,,,,,,,,,,,,COMPLETE
941,941,0.967323247707043,2025-01-08 17:38:14.400428,2025-01-08 17:38:17.129745,0 days 00:00:02.729317,1,7,1,40,,,,,,,,,,,,,,,COMPLETE
942,942,0.9588961518721766,2025-01-08 17:38:17.135352,2025-01-08 17:38:19.662992,0 days 00:00:02.527640,1,7,1,35,,,,,,,,,,,,,,,COMPLETE
943,943,0.967323247707043,2025-01-08 17:38:19.671964,2025-01-08 17:38:22.280270,0 days 00:00:02.608306,1,7,1,40,,,,,,,,,,,,,,,COMPLETE
944,944,0.967323247707043,2025-01-08 17:38:22.281467,2025-01-08 17:38:24.889248,0 days 00:00:02.607781,1,7,1,40,,,,,,,,,,,,,,,COMPLETE
945,945,0.9514876957494407,2025-01-08 17:38:24.890179,2025-01-08 17:38:28.251431,0 days 00:00:03.361252,2,7,1,40,15.0,,,,,,,,,,,,,,COMPLETE
946,946,0.967323247707043,2025-01-08 17:38:28.252453,2025-01-08 17:38:30.964999,0 days 00:00:02.712546,1,7,1,40,,,,,,,,,,,,,,,COMPLETE
947,947,0.967323247707043,2025-01-08 17:38:30.965963,2025-01-08 17:38:33.565557,0 days 00:00:02.599594,1,7,1,40,,,,,,,,,,,,,,,COMPLETE
948,948,0.9497429911786492,2025-01-08 17:38:33.575850,2025-01-08 17:38:36.764621,0 days 00:00:03.188771,2,7,1,30,20.0,,,,,,,,,,,,,,COMPLETE
949,949,0.967323247707043,2025-01-08 17:38:36.765829,2025-01-08 17:38:39.371677,0 days 00:00:02.605848,1,7,1,40,,,,,,,,,,,,,,,COMPLETE
950,950,0.9588961518721766,2025-01-08 17:38:39.374581,2025-01-08 17:38:42.002594,0 days 00:00:02.628013,1,7,1,35,,,,,,,,,,,,,,,COMPLETE
951,951,0.9658821382959314,2025-01-08 17:38:42.011501,2025-01-08 17:38:44.770910,0 days 00:00:02.759409,1,7,1,45,,,,,,,,,,,,,,,COMPLETE
952,952,0.967323247707043,2025-01-08 17:38:44.782558,2025-01-08 17:38:47.390752,0 days 00:00:02.608194,1,7,1,40,,,,,,,,,,,,,,,COMPLETE
953,953,0.9589600899381675,2025-01-08 17:38:47.391713,2025-01-08 17:38:51.036450,0 days 00:00:03.644737,2,7,1,40,35.0,,,,,,,,,,,,,,COMPLETE
954,954,0.967323247707043,2025-01-08 17:38:51.037603,2025-01-08 17:38:53.756931,0 days 00:00:02.719328,1,7,1,40,,,,,,,,,,,,,,,COMPLETE
955,955,0.967323247707043,2025-01-08 17:38:53.758040,2025-01-08 17:38:56.358759,0 days 00:00:02.600719,1,7,1,40,,,,,,,,,,,,,,,COMPLETE
956,956,0.967323247707043,2025-01-08 17:38:56.369154,2025-01-08 17:38:58.976972,0 days 00:00:02.607818,1,7,1,40,,,,,,,,,,,,,,,COMPLETE
957,957,0.9540452261306533,2025-01-08 17:38:58.978039,2025-01-08 17:39:02.782059,0 days 00:00:03.804020,2,7,1,40,40.0,,,,,,,,,,,,,,COMPLETE
958,958,0.967323247707043,2025-01-08 17:39:02.783101,2025-01-08 17:39:05.393564,0 days 00:00:02.610463,1,7,1,40,,,,,,,,,,,,,,,COMPLETE
959,959,0.967323247707043,2025-01-08 17:39:05.394477,2025-01-08 17:39:08.002131,0 days 00:00:02.607654,1,7,1,40,,,,,,,,,,,,,,,COMPLETE
960,960,0.9658821382959314,2025-01-08 17:39:08.003048,2025-01-08 17:39:10.897161,0 days 00:00:02.894113,1,7,1,45,,,,,,,,,,,,,,,COMPLETE
961,961,0.967323247707043,2025-01-08 17:39:10.898529,2025-01-08 17:39:13.505363,0 days 00:00:02.606834,1,7,1,40,,,,,,,,,,,,,,,COMPLETE
962,962,0.967323247707043,2025-01-08 17:39:13.506659,2025-01-08 17:39:16.114845,0 days 00:00:02.608186,1,7,1,40,,,,,,,,,,,,,,,COMPLETE
963,963,0.9503972520569961,2025-01-08 17:39:16.115930,2025-01-08 17:39:19.579293,0 days 00:00:03.463363,2,7,1,40,20.0,,,,,,,,,,,,,,COMPLETE
964,964,0.9588961518721766,2025-01-08 17:39:19.580607,2025-01-08 17:39:22.224132,0 days 00:00:02.643525,1,7,1,35,,,,,,,,,,,,,,,COMPLETE
965,965,0.9539079845985217,2025-01-08 17:39:22.224958,2025-01-08 17:39:25.136197,0 days 00:00:02.911239,1,7,2,40,,,,,,,,,,,,,,,COMPLETE
966,966,0.0,2025-01-08 17:39:25.143940,2025-01-08 17:39:34.256575,0 days 00:00:09.112635,10,7,1,40,50.0,,,,,,30.0,35.0,15.0,5.0,20.0,45.0,5.0,30.0,COMPLETE
967,967,0.9489495798319327,2025-01-08 17:39:34.258256,2025-01-08 17:39:37.821005,0 days 00:00:03.562749,2,7,1,40,30.0,,,,,,,,,,,,,,COMPLETE
968,968,0.9384939899273794,2025-01-08 17:39:37.822178,2025-01-08 17:39:41.841489,0 days 00:00:04.019311,3,7,1,40,15.0,,,,,,15.0,,,,,,,,COMPLETE
969,969,0.9445387196511634,2025-01-08 17:39:41.842733,2025-01-08 17:39:45.253967,0 days 00:00:03.411234,1,7,4,40,,,,,,,,,,,,,,,COMPLETE
970,970,0.9658821382959314,2025-01-08 17:39:45.255130,2025-01-08 17:39:48.116393,0 days 00:00:02.861263,1,7,1,45,,,,,,,,,,,,,,,COMPLETE
971,971,0.967323247707043,2025-01-08 17:39:48.128200,2025-01-08 17:39:50.737607,0 days 00:00:02.609407,1,7,1,40,,,,,,,,,,,,,,,COMPLETE
972,972,0.0,2025-01-08 17:39:50.738475,2025-01-08 17:40:02.624376,0 days 00:00:11.885901,11,7,1,40,45.0,50.0,,,,,20.0,30.0,35.0,50.0,50.0,20.0,10.0,50.0,COMPLETE
973,973,0.9588961518721766,2025-01-08 17:40:02.626342,2025-01-08 17:40:05.170079,0 days 00:00:02.543737,1,7,1,35,,,,,,,,,,,,,,,COMPLETE
974,974,0.9549248747913188,2025-01-08 17:40:05.174407,2025-01-08 17:40:08.434981,0 days 00:00:03.260574,2,7,1,40,5.0,,,,,,,,,,,,,,COMPLETE
975,975,0.967323247707043,2025-01-08 17:40:08.436034,2025-01-08 17:40:11.045270,0 days 00:00:02.609236,1,7,1,40,,,,,,,,,,,,,,,COMPLETE
976,976,0.9547137303037383,2025-01-08 17:40:11.046271,2025-01-08 17:40:13.086933,0 days 00:00:02.040662,1,5,1,15,,,,,,,,,,,,,,,COMPLETE
977,977,0.967323247707043,2025-01-08 17:40:13.090624,2025-01-08 17:40:15.826012,0 days 00:00:02.735388,1,7,1,40,,,,,,,,,,,,,,,COMPLETE
978,978,0.967323247707043,2025-01-08 17:40:15.827105,2025-01-08 17:40:18.439721,0 days 00:00:02.612616,1,7,1,40,,,,,,,,,,,,,,,COMPLETE
979,979,0.9540452261306533,2025-01-08 17:40:18.440948,2025-01-08 17:40:22.151229,0 days 00:00:03.710281,2,7,1,40,40.0,,,,,,,,,,,,,,COMPLETE
980,980,0.9588961518721766,2025-01-08 17:40:22.152179,2025-01-08 17:40:24.682006,0 days 00:00:02.529827,1,7,1,35,,,,,,,,,,,,,,,COMPLETE
981,981,0.9527824620573355,2025-01-08 17:40:24.691038,2025-01-08 17:40:28.181275,0 days 00:00:03.490237,2,7,1,40,10.0,,,,,,,,,,,,,,COMPLETE
982,982,0.967323247707043,2025-01-08 17:40:28.182517,2025-01-08 17:40:30.793539,0 days 00:00:02.611022,1,7,1,40,,,,,,,,,,,,,,,COMPLETE
983,983,0.9658821382959314,2025-01-08 17:40:30.794764,2025-01-08 17:40:33.564885,0 days 00:00:02.770121,1,7,1,45,,,,,,,,,,,,,,,COMPLETE
984,984,0.967323247707043,2025-01-08 17:40:33.566233,2025-01-08 17:40:36.276766,0 days 00:00:02.710533,1,7,1,40,,,,,,,,,,,,,,,COMPLETE
985,985,0.967323247707043,2025-01-08 17:40:36.278010,2025-01-08 17:40:38.886156,0 days 00:00:02.608146,1,7,1,40,,,,,,,,,,,,,,,COMPLETE
986,986,0.7905267720253845,2025-01-08 17:40:38.887099,2025-01-08 17:40:45.397638,0 days 00:00:06.510539,6,7,1,40,25.0,,,,,,40.0,20.0,5.0,40.0,,,,,COMPLETE
987,987,0.967323247707043,2025-01-08 17:40:45.398973,2025-01-08 17:40:48.112828,0 days 00:00:02.713855,1,7,1,40,,,,,,,,,,,,,,,COMPLETE
988,988,0.9589600899381675,2025-01-08 17:40:48.113655,2025-01-08 17:40:51.758869,0 days 00:00:03.645214,2,7,1,40,35.0,,,,,,,,,,,,,,COMPLETE
989,989,0.967323247707043,2025-01-08 17:40:51.760022,2025-01-08 17:40:54.372468,0 days 00:00:02.612446,1,7,1,40,,,,,,,,,,,,,,,COMPLETE
990,990,0.9539079845985217,2025-01-08 17:40:54.373333,2025-01-08 17:40:57.295838,0 days 00:00:02.922505,1,7,2,40,,,,,,,,,,,,,,,COMPLETE
991,991,0.967323247707043,2025-01-08 17:40:57.297045,2025-01-08 17:41:00.018559,0 days 00:00:02.721514,1,7,1,40,,,,,,,,,,,,,,,COMPLETE
992,992,0.967323247707043,2025-01-08 17:41:00.028814,2025-01-08 17:41:02.636902,0 days 00:00:02.608088,1,7,1,40,,,,,,,,,,,,,,,COMPLETE
993,993,0.9590685727049364,2025-01-08 17:41:02.637767,2025-01-08 17:41:06.479131,0 days 00:00:03.841364,2,7,1,40,50.0,,,,,,,,,,,,,,COMPLETE
994,994,0.9570895628325318,2025-01-08 17:41:06.480542,2025-01-08 17:41:08.863046,0 days 00:00:02.382504,1,7,1,25,,,,,,,,,,,,,,,COMPLETE
995,995,0.955251439122407,2025-01-08 17:41:08.869669,2025-01-08 17:41:11.354117,0 days 00:00:02.484448,1,5,1,35,,,,,,,,,,,,,,,COMPLETE
996,996,0.9658821382959314,2025-01-08 17:41:11.355485,2025-01-08 17:41:14.126374,0 days 00:00:02.770889,1,7,1,45,,,,,,,,,,,,,,,COMPLETE
997,997,0.9527824620573355,2025-01-08 17:41:14.127580,2025-01-08 17:41:17.513748,0 days 00:00:03.386168,2,7,1,40,10.0,,,,,,,,,,,,,,COMPLETE
998,998,0.967323247707043,2025-01-08 17:41:17.514987,2025-01-08 17:41:20.226323,0 days 00:00:02.711336,1,7,1,40,,,,,,,,,,,,,,,COMPLETE
999,999,0.967323247707043,2025-01-08 17:41:20.227296,2025-01-08 17:41:22.837215,0 days 00:00:02.609919,1,7,1,40,,,,,,,,,,,,,,,COMPLETE
