,number,value,datetime_start,datetime_complete,duration,params_depth,params_neurons_layer_0,params_neurons_layer_1,params_neurons_layer_10,params_neurons_layer_11,params_neurons_layer_12,params_neurons_layer_13,params_neurons_layer_14,params_neurons_layer_15,params_neurons_layer_16,params_neurons_layer_17,params_neurons_layer_18,params_neurons_layer_19,params_neurons_layer_2,params_neurons_layer_3,params_neurons_layer_4,params_neurons_layer_5,params_neurons_layer_6,params_neurons_layer_7,params_neurons_layer_8,params_neurons_layer_9,params_orders_layer_0,params_orders_layer_1,params_orders_layer_10,params_orders_layer_11,params_orders_layer_12,params_orders_layer_13,params_orders_layer_14,params_orders_layer_15,params_orders_layer_16,params_orders_layer_17,params_orders_layer_18,params_orders_layer_19,params_orders_layer_2,params_orders_layer_3,params_orders_layer_4,params_orders_layer_5,params_orders_layer_6,params_orders_layer_7,params_orders_layer_8,params_orders_layer_9,state
0,0,0.0,2025-01-01 12:23:14.296004,2025-01-01 12:23:41.399185,0 days 00:00:27.103181,5,110,105.0,,,,,,,,,,,170.0,60.0,150.0,,,,,,4,3.0,,,,,,,,,,,5.0,4.0,5.0,,,,,,COMPLETE
1,1,0.8778415421764598,2025-01-01 12:23:41.399774,2025-01-01 12:26:34.062408,0 days 00:02:52.662634,4,200,40.0,,,,,,,,,,,195.0,110.0,,,,,,,3,5.0,,,,,,,,,,,6.0,4.0,,,,,,,COMPLETE
2,2,0.0,2025-01-01 12:26:34.062994,2025-01-01 12:27:26.810811,0 days 00:00:52.747817,9,180,60.0,,,,,,,,,,,95.0,20.0,200.0,110.0,130.0,100.0,100.0,,3,4.0,,,,,,,,,,,5.0,6.0,4.0,5.0,5.0,6.0,5.0,,COMPLETE
3,3,0.0,2025-01-01 12:27:26.811498,2025-01-01 12:28:15.571966,0 days 00:00:48.760468,13,80,140.0,115.0,15.0,150.0,,,,,,,,40.0,90.0,100.0,180.0,105.0,185.0,145.0,150.0,4,2.0,2.0,2.0,6.0,,,,,,,,5.0,3.0,6.0,5.0,2.0,3.0,5.0,4.0,COMPLETE
4,4,0.0,2025-01-01 12:28:15.572735,2025-01-01 12:29:50.266411,0 days 00:01:34.693676,17,65,150.0,175.0,195.0,120.0,20.0,100.0,20.0,90.0,,,,90.0,45.0,145.0,180.0,120.0,200.0,55.0,55.0,6,5.0,5.0,3.0,6.0,5.0,3.0,3.0,5.0,,,,2.0,6.0,6.0,6.0,4.0,6.0,5.0,6.0,COMPLETE
5,5,0.8750836462444103,2025-01-01 12:29:50.267320,2025-01-01 12:31:17.221157,0 days 00:01:26.953837,3,15,115.0,,,,,,,,,,,90.0,,,,,,,,2,5.0,,,,,,,,,,,6.0,,,,,,,,COMPLETE
6,6,0.0,2025-01-01 12:31:17.221727,2025-01-01 12:31:44.892818,0 days 00:00:27.671091,9,15,125.0,,,,,,,,,,,55.0,110.0,150.0,145.0,100.0,25.0,190.0,,2,2.0,,,,,,,,,,,4.0,5.0,4.0,5.0,3.0,2.0,5.0,,COMPLETE
7,7,0.0,2025-01-01 12:31:44.893492,2025-01-01 12:32:25.929822,0 days 00:00:41.036330,12,135,200.0,180.0,90.0,,,,,,,,,165.0,20.0,70.0,10.0,70.0,50.0,160.0,55.0,4,2.0,4.0,5.0,,,,,,,,,2.0,6.0,5.0,3.0,3.0,6.0,2.0,2.0,COMPLETE
8,8,0.0,2025-01-01 12:32:25.930455,2025-01-01 12:33:28.169433,0 days 00:01:02.238978,17,85,165.0,30.0,90.0,10.0,115.0,190.0,25.0,90.0,,,,20.0,80.0,130.0,40.0,60.0,10.0,195.0,70.0,2,5.0,6.0,4.0,5.0,4.0,4.0,4.0,4.0,,,,3.0,6.0,2.0,5.0,5.0,6.0,5.0,5.0,COMPLETE
9,9,0.0,2025-01-01 12:33:28.170331,2025-01-01 12:33:50.043775,0 days 00:00:21.873444,4,65,60.0,,,,,,,,,,,200.0,30.0,,,,,,,3,3.0,,,,,,,,,,,3.0,5.0,,,,,,,COMPLETE
10,10,0.8896122021474495,2025-01-01 12:33:50.044324,2025-01-01 12:34:05.289524,0 days 00:00:15.245200,1,190,,,,,,,,,,,,,,,,,,,,6,,,,,,,,,,,,,,,,,,,,COMPLETE
11,11,0.8773527959136799,2025-01-01 12:34:05.289863,2025-01-01 12:36:18.585014,0 days 00:02:13.295151,2,200,15.0,,,,,,,,,,,,,,,,,,,6,6.0,,,,,,,,,,,,,,,,,,,COMPLETE
12,12,0.8669976481857602,2025-01-01 12:36:18.585502,2025-01-01 12:36:32.948857,0 days 00:00:14.363355,1,160,,,,,,,,,,,,,,,,,,,,5,,,,,,,,,,,,,,,,,,,,COMPLETE
13,13,0.0,2025-01-01 12:36:32.949189,2025-01-01 12:36:55.120423,0 days 00:00:22.171234,6,200,5.0,,,,,,,,,,,140.0,175.0,5.0,70.0,,,,,5,6.0,,,,,,,,,,,6.0,2.0,2.0,2.0,,,,,COMPLETE
14,14,0.0,2025-01-01 12:36:55.120982,2025-01-01 12:37:14.283124,0 days 00:00:19.162142,7,155,60.0,,,,,,,,,,,130.0,140.0,20.0,100.0,195.0,,,,3,4.0,,,,,,,,,,,6.0,3.0,3.0,2.0,6.0,,,,COMPLETE
15,15,0.8488118770212492,2025-01-01 12:37:14.283613,2025-01-01 12:37:30.599353,0 days 00:00:16.315740,1,135,,,,,,,,,,,,,,,,,,,,5,,,,,,,,,,,,,,,,,,,,COMPLETE
16,16,0.0,2025-01-01 12:37:30.599697,2025-01-01 12:38:01.826854,0 days 00:00:31.227157,8,175,35.0,,,,,,,,,,,195.0,185.0,50.0,5.0,20.0,130.0,,,6,6.0,,,,,,,,,,,4.0,4.0,3.0,3.0,2.0,4.0,,,COMPLETE
17,17,0.0,2025-01-01 12:38:01.827449,2025-01-01 12:38:14.212992,0 days 00:00:12.385543,4,125,85.0,,,,,,,,,,,130.0,135.0,,,,,,,3,3.0,,,,,,,,,,,4.0,2.0,,,,,,,COMPLETE
18,18,0.0,2025-01-01 12:38:14.213389,2025-01-01 12:39:35.051316,0 days 00:01:20.837927,15,180,85.0,5.0,190.0,20.0,185.0,5.0,,,,,,65.0,140.0,195.0,135.0,195.0,100.0,5.0,190.0,5,4.0,2.0,6.0,2.0,2.0,6.0,,,,,,5.0,3.0,5.0,6.0,6.0,4.0,2.0,2.0,COMPLETE
19,19,0.0,2025-01-01 12:39:35.052108,2025-01-01 12:40:10.291984,0 days 00:00:35.239876,11,200,30.0,80.0,,,,,,,,,,165.0,115.0,90.0,60.0,5.0,150.0,5.0,130.0,3,5.0,3.0,,,,,,,,,,6.0,4.0,3.0,4.0,4.0,2.0,3.0,3.0,COMPLETE
20,20,0.0,2025-01-01 12:40:10.292560,2025-01-01 12:42:08.071504,0 days 00:01:57.778944,20,150,40.0,115.0,5.0,195.0,10.0,200.0,200.0,200.0,180.0,105.0,115.0,120.0,200.0,45.0,200.0,155.0,60.0,85.0,10.0,4,5.0,6.0,6.0,2.0,6.0,2.0,6.0,2.0,4.0,5.0,2.0,3.0,5.0,6.0,3.0,3.0,4.0,6.0,6.0,COMPLETE
21,21,0.8707665560397078,2025-01-01 12:42:08.072406,2025-01-01 12:44:22.711183,0 days 00:02:14.638777,2,200,5.0,,,,,,,,,,,,,,,,,,,6,6.0,,,,,,,,,,,,,,,,,,,COMPLETE
22,22,0.8652559361881419,2025-01-01 12:44:22.711690,2025-01-01 12:46:30.837544,0 days 00:02:08.125854,3,175,20.0,,,,,,,,,,,10.0,,,,,,,,6,6.0,,,,,,,,,,,5.0,,,,,,,,COMPLETE
23,23,0.9092071932600572,2025-01-01 12:46:30.838057,2025-01-01 12:46:47.598437,0 days 00:00:16.760380,1,185,,,,,,,,,,,,,,,,,,,,6,,,,,,,,,,,,,,,,,,,,COMPLETE
24,24,0.8909666187154771,2025-01-01 12:46:47.598782,2025-01-01 12:47:03.127304,0 days 00:00:15.528522,1,165,,,,,,,,,,,,,,,,,,,,5,,,,,,,,,,,,,,,,,,,,COMPLETE
25,25,0.8775478924384297,2025-01-01 12:47:03.127644,2025-01-01 12:47:15.846417,0 days 00:00:12.718773,1,160,,,,,,,,,,,,,,,,,,,,5,,,,,,,,,,,,,,,,,,,,COMPLETE
26,26,0.0,2025-01-01 12:47:15.846867,2025-01-01 12:47:28.385917,0 days 00:00:12.539050,6,180,195.0,,,,,,,,,,,70.0,165.0,175.0,95.0,,,,,6,3.0,,,,,,,,,,,2.0,2.0,2.0,4.0,,,,,COMPLETE
27,27,0.8738514406760896,2025-01-01 12:47:28.386372,2025-01-01 12:48:26.070083,0 days 00:00:57.683711,3,145,175.0,,,,,,,,,,,30.0,,,,,,,,5,2.0,,,,,,,,,,,3.0,,,,,,,,COMPLETE
28,28,0.8126148607321393,2025-01-01 12:48:26.070602,2025-01-01 12:48:37.786871,0 days 00:00:11.716269,1,120,,,,,,,,,,,,,,,,,,,,6,,,,,,,,,,,,,,,,,,,,COMPLETE
29,29,0.0,2025-01-01 12:48:37.787190,2025-01-01 12:48:53.921456,0 days 00:00:16.134266,5,105,80.0,,,,,,,,,,,110.0,70.0,115.0,,,,,,5,4.0,,,,,,,,,,,2.0,3.0,4.0,,,,,,COMPLETE
30,30,0.0,2025-01-01 12:48:53.921987,2025-01-01 12:49:27.458144,0 days 00:00:33.536157,5,165,180.0,,,,,,,,,,,145.0,155.0,80.0,,,,,,6,3.0,,,,,,,,,,,4.0,5.0,3.0,,,,,,COMPLETE
31,31,0.8724748049965216,2025-01-01 12:49:27.458568,2025-01-01 12:50:33.176206,0 days 00:01:05.717638,2,190,50.0,,,,,,,,,,,,,,,,,,,4,4.0,,,,,,,,,,,,,,,,,,,COMPLETE
32,32,0.0,2025-01-01 12:50:33.176674,2025-01-01 12:51:07.965656,0 days 00:00:34.788982,4,185,75.0,,,,,,,,,,,185.0,100.0,,,,,,,5,5.0,,,,,,,,,,,6.0,4.0,,,,,,,COMPLETE
33,33,0.8757127930839805,2025-01-01 12:51:07.966152,2025-01-01 12:53:00.978018,0 days 00:01:53.011866,3,165,100.0,,,,,,,,,,,150.0,,,,,,,,6,4.0,,,,,,,,,,,5.0,,,,,,,,COMPLETE
34,34,0.8425629229411293,2025-01-01 12:53:00.978510,2025-01-01 12:53:13.764809,0 days 00:00:12.786299,1,190,,,,,,,,,,,,,,,,,,,,4,,,,,,,,,,,,,,,,,,,,COMPLETE
35,35,0.0,2025-01-01 12:53:13.765228,2025-01-01 12:53:34.885281,0 days 00:00:21.120053,6,175,125.0,,,,,,,,,,,180.0,50.0,45.0,140.0,,,,,5,3.0,,,,,,,,,,,4.0,4.0,5.0,2.0,,,,,COMPLETE
36,36,0.0,2025-01-01 12:53:34.885725,2025-01-01 12:54:05.011749,0 days 00:00:30.126024,9,30,100.0,,,,,,,,,,,75.0,115.0,180.0,50.0,40.0,160.0,50.0,,6,5.0,,,,,,,,,,,6.0,3.0,2.0,4.0,5.0,5.0,3.0,,COMPLETE
37,37,0.8695640771700979,2025-01-01 12:54:05.012327,2025-01-01 12:55:37.240988,0 days 00:01:32.228661,2,140,70.0,,,,,,,,,,,,,,,,,,,2,6.0,,,,,,,,,,,,,,,,,,,COMPLETE
38,38,0.8715509846524259,2025-01-01 12:55:37.241461,2025-01-01 12:56:51.288012,0 days 00:01:14.046551,3,190,25.0,,,,,,,,,,,110.0,,,,,,,,3,4.0,,,,,,,,,,,5.0,,,,,,,,COMPLETE
39,39,0.8767520488757377,2025-01-01 12:56:51.288515,2025-01-01 12:59:47.172321,0 days 00:02:55.883806,4,165,45.0,,,,,,,,,,,160.0,5.0,,,,,,,6,5.0,,,,,,,,,,,5.0,5.0,,,,,,,COMPLETE
40,40,0.0,2025-01-01 12:59:47.172851,2025-01-01 13:00:39.211797,0 days 00:00:52.038946,14,90,145.0,60.0,140.0,80.0,200.0,,,,,,,180.0,125.0,25.0,30.0,160.0,70.0,135.0,195.0,4,3.0,4.0,2.0,4.0,3.0,,,,,,,6.0,2.0,4.0,6.0,6.0,3.0,3.0,4.0,COMPLETE
41,41,0.893551072017911,2025-01-01 13:00:39.212576,2025-01-01 13:00:54.867607,0 days 00:00:15.655031,1,165,,,,,,,,,,,,,,,,,,,,5,,,,,,,,,,,,,,,,,,,,COMPLETE
42,42,0.8755251261086432,2025-01-01 13:00:54.867955,2025-01-01 13:02:31.812616,0 days 00:01:36.944661,2,190,120.0,,,,,,,,,,,,,,,,,,,5,5.0,,,,,,,,,,,,,,,,,,,COMPLETE
43,43,0.9098017233242709,2025-01-01 13:02:31.813127,2025-01-01 13:02:49.162147,0 days 00:00:17.349020,1,170,,,,,,,,,,,,,,,,,,,,6,,,,,,,,,,,,,,,,,,,,COMPLETE
44,44,0.8913063814115048,2025-01-01 13:02:49.162616,2025-01-01 13:03:07.760529,0 days 00:00:18.597913,1,170,,,,,,,,,,,,,,,,,,,,6,,,,,,,,,,,,,,,,,,,,COMPLETE
45,45,0.8685177230307981,2025-01-01 13:03:07.760876,2025-01-01 13:03:38.809466,0 days 00:00:31.048590,2,130,160.0,,,,,,,,,,,,,,,,,,,6,2.0,,,,,,,,,,,,,,,,,,,COMPLETE
46,46,0.4595893018130822,2025-01-01 13:03:38.809851,2025-01-01 13:03:55.486843,0 days 00:00:16.676992,1,155,,,,,,,,,,,,,,,,,,,,6,,,,,,,,,,,,,,,,,,,,COMPLETE
47,47,0.0,2025-01-01 13:03:55.487302,2025-01-01 13:04:06.810059,0 days 00:00:11.322757,4,115,110.0,,,,,,,,,,,15.0,190.0,,,,,,,5,2.0,,,,,,,,,,,3.0,6.0,,,,,,,COMPLETE
48,48,0.0,2025-01-01 13:04:06.810471,2025-01-01 13:04:15.040246,0 days 00:00:08.229775,3,170,190.0,,,,,,,,,,,45.0,,,,,,,,5,2.0,,,,,,,,,,,2.0,,,,,,,,COMPLETE
49,49,0.0,2025-01-01 13:04:15.040621,2025-01-01 13:04:38.967010,0 days 00:00:23.926389,7,140,130.0,,,,,,,,,,,5.0,155.0,110.0,80.0,75.0,,,,6,3.0,,,,,,,,,,,3.0,2.0,6.0,3.0,2.0,,,,COMPLETE
50,50,0.898986580964283,2025-01-01 13:04:38.967597,2025-01-01 13:04:56.580300,0 days 00:00:17.612703,1,155,,,,,,,,,,,,,,,,,,,,6,,,,,,,,,,,,,,,,,,,,COMPLETE
51,51,0.8572828235813243,2025-01-01 13:04:56.580666,2025-01-01 13:05:12.046527,0 days 00:00:15.465861,1,150,,,,,,,,,,,,,,,,,,,,6,,,,,,,,,,,,,,,,,,,,COMPLETE
52,52,0.8719675657394498,2025-01-01 13:05:12.046841,2025-01-01 13:05:46.662207,0 days 00:00:34.615366,2,170,155.0,,,,,,,,,,,,,,,,,,,6,2.0,,,,,,,,,,,,,,,,,,,COMPLETE
53,53,0.8428165903057769,2025-01-01 13:05:46.662680,2025-01-01 13:06:05.979296,0 days 00:00:19.316616,1,160,,,,,,,,,,,,,,,,,,,,6,,,,,,,,,,,,,,,,,,,,COMPLETE
54,54,0.8729410260559871,2025-01-01 13:06:05.979651,2025-01-01 13:06:37.653291,0 days 00:00:31.673640,2,45,135.0,,,,,,,,,,,,,,,,,,,6,4.0,,,,,,,,,,,,,,,,,,,COMPLETE
55,55,0.0,2025-01-01 13:06:37.653765,2025-01-01 13:07:05.377383,0 days 00:00:27.723618,4,150,170.0,,,,,,,,,,,85.0,55.0,,,,,,,5,6.0,,,,,,,,,,,2.0,5.0,,,,,,,COMPLETE
56,56,0.8776530334842989,2025-01-01 13:07:05.377793,2025-01-01 13:08:32.986714,0 days 00:01:27.608921,3,180,185.0,,,,,,,,,,,40.0,,,,,,,,6,2.0,,,,,,,,,,,4.0,,,,,,,,COMPLETE
57,57,0.544180841679531,2025-01-01 13:08:32.987212,2025-01-01 13:08:52.208016,0 days 00:00:19.220804,1,155,,,,,,,,,,,,,,,,,,,,6,,,,,,,,,,,,,,,,,,,,COMPLETE
58,58,0.0,2025-01-01 13:08:52.208449,2025-01-01 13:09:42.987570,0 days 00:00:50.779121,10,170,145.0,,,,,,,,,,,60.0,80.0,65.0,120.0,155.0,115.0,55.0,15.0,5,3.0,,,,,,,,,,,4.0,3.0,3.0,2.0,4.0,5.0,6.0,3.0,COMPLETE
59,59,0.0,2025-01-01 13:09:42.988187,2025-01-01 13:11:05.208593,0 days 00:01:22.220406,18,95,95.0,150.0,55.0,70.0,85.0,5.0,160.0,5.0,25.0,,,100.0,5.0,170.0,165.0,35.0,75.0,115.0,100.0,6,5.0,3.0,4.0,4.0,6.0,6.0,2.0,6.0,2.0,,,3.0,4.0,5.0,4.0,5.0,3.0,4.0,5.0,COMPLETE
60,60,0.8668664037862395,2025-01-01 13:11:05.209477,2025-01-01 13:13:13.021536,0 days 00:02:07.812059,2,180,200.0,,,,,,,,,,,,,,,,,,,5,6.0,,,,,,,,,,,,,,,,,,,COMPLETE
61,61,0.8827072631574189,2025-01-01 13:13:13.022054,2025-01-01 13:13:28.524915,0 days 00:00:15.502861,1,195,,,,,,,,,,,,,,,,,,,,6,,,,,,,,,,,,,,,,,,,,COMPLETE
62,62,0.0,2025-01-01 13:13:28.525359,2025-01-01 13:13:42.431420,0 days 00:00:13.906061,5,185,55.0,,,,,,,,,,,25.0,90.0,130.0,,,,,,6,3.0,,,,,,,,,,,2.0,6.0,2.0,,,,,,COMPLETE
63,63,0.8664375833057116,2025-01-01 13:13:42.431881,2025-01-01 13:14:51.008129,0 days 00:01:08.576248,2,175,65.0,,,,,,,,,,,,,,,,,,,6,4.0,,,,,,,,,,,,,,,,,,,COMPLETE
64,64,0.8915557273053094,2025-01-01 13:14:51.008650,2025-01-01 13:15:06.710272,0 days 00:00:15.701622,1,5,,,,,,,,,,,,,,,,,,,,6,,,,,,,,,,,,,,,,,,,,COMPLETE
65,65,0.8726761225023623,2025-01-01 13:15:06.710751,2025-01-01 13:17:00.711651,0 days 00:01:54.000900,3,75,115.0,,,,,,,,,,,85.0,,,,,,,,6,6.0,,,,,,,,,,,5.0,,,,,,,,COMPLETE
66,66,0.8888167831886398,2025-01-01 13:17:00.712191,2025-01-01 13:17:15.702522,0 days 00:00:14.990331,1,50,,,,,,,,,,,,,,,,,,,,6,,,,,,,,,,,,,,,,,,,,COMPLETE
67,67,0.8774534537746295,2025-01-01 13:17:15.702881,2025-01-01 13:18:07.741745,0 days 00:00:52.038864,3,25,90.0,,,,,,,,,,,40.0,,,,,,,,5,5.0,,,,,,,,,,,4.0,,,,,,,,COMPLETE
68,68,0.0,2025-01-01 13:18:07.742281,2025-01-01 13:18:40.538589,0 days 00:00:32.796308,12,10,5.0,200.0,140.0,,,,,,,,,50.0,35.0,10.0,25.0,175.0,30.0,170.0,150.0,6,2.0,5.0,5.0,,,,,,,,,3.0,4.0,4.0,6.0,3.0,5.0,4.0,5.0,COMPLETE
69,69,0.8711553605849438,2025-01-01 13:18:40.539314,2025-01-01 13:19:34.452944,0 days 00:00:53.913630,2,140,15.0,,,,,,,,,,,,,,,,,,,5,4.0,,,,,,,,,,,,,,,,,,,COMPLETE
70,70,0.8967216961956581,2025-01-01 13:19:34.453459,2025-01-01 13:19:49.491280,0 days 00:00:15.037821,1,130,,,,,,,,,,,,,,,,,,,,6,,,,,,,,,,,,,,,,,,,,COMPLETE
71,71,0.6872593025043117,2025-01-01 13:19:49.491649,2025-01-01 13:20:08.265683,0 days 00:00:18.774034,1,160,,,,,,,,,,,,,,,,,,,,6,,,,,,,,,,,,,,,,,,,,COMPLETE
72,72,0.9088552184148575,2025-01-01 13:20:08.266038,2025-01-01 13:20:27.235272,0 days 00:00:18.969234,1,130,,,,,,,,,,,,,,,,,,,,6,,,,,,,,,,,,,,,,,,,,COMPLETE
73,73,0.8713412411722463,2025-01-01 13:20:27.235744,2025-01-01 13:21:17.771388,0 days 00:00:50.535644,3,125,110.0,,,,,,,,,,,130.0,,,,,,,,6,3.0,,,,,,,,,,,2.0,,,,,,,,COMPLETE
74,74,0.8859656260399685,2025-01-01 13:21:17.771918,2025-01-01 13:21:37.556982,0 days 00:00:19.785064,1,130,,,,,,,,,,,,,,,,,,,,6,,,,,,,,,,,,,,,,,,,,COMPLETE
75,75,0.8579090677602289,2025-01-01 13:21:37.557358,2025-01-01 13:22:41.373647,0 days 00:01:03.816289,2,110,35.0,,,,,,,,,,,,,,,,,,,6,5.0,,,,,,,,,,,,,,,,,,,COMPLETE
76,76,0.8907596528352808,2025-01-01 13:22:41.374171,2025-01-01 13:22:57.734330,0 days 00:00:16.360159,1,100,,,,,,,,,,,,,,,,,,,,6,,,,,,,,,,,,,,,,,,,,COMPLETE
77,77,0.8662842900428742,2025-01-01 13:22:57.734788,2025-01-01 13:24:47.642319,0 days 00:01:49.907531,2,150,160.0,,,,,,,,,,,,,,,,,,,6,6.0,,,,,,,,,,,,,,,,,,,COMPLETE
78,78,0.8707495019541646,2025-01-01 13:24:47.642815,2025-01-01 13:27:28.552839,0 days 00:02:40.910024,3,120,170.0,,,,,,,,,,,110.0,,,,,,,,6,4.0,,,,,,,,,,,6.0,,,,,,,,COMPLETE
79,79,0.8795055086407357,2025-01-01 13:27:28.553349,2025-01-01 13:29:00.802817,0 days 00:01:32.249468,4,135,135.0,,,,,,,,,,,75.0,60.0,,,,,,,6,3.0,,,,,,,,,,,4.0,3.0,,,,,,,COMPLETE
80,80,0.7257571327294534,2025-01-01 13:29:00.803346,2025-01-01 13:29:18.075694,0 days 00:00:17.272348,1,145,,,,,,,,,,,,,,,,,,,,6,,,,,,,,,,,,,,,,,,,,COMPLETE
81,81,0.8840268158250475,2025-01-01 13:29:18.076120,2025-01-01 13:29:31.656184,0 days 00:00:13.580064,1,165,,,,,,,,,,,,,,,,,,,,4,,,,,,,,,,,,,,,,,,,,COMPLETE
82,82,0.8693291117208521,2025-01-01 13:29:31.656541,2025-01-01 13:30:06.239440,0 days 00:00:34.582899,2,185,75.0,,,,,,,,,,,,,,,,,,,6,2.0,,,,,,,,,,,,,,,,,,,COMPLETE
83,83,0.8869305394562184,2025-01-01 13:30:06.239920,2025-01-01 13:30:22.514264,0 days 00:00:16.274344,1,170,,,,,,,,,,,,,,,,,,,,6,,,,,,,,,,,,,,,,,,,,COMPLETE
84,84,0.8670337477326664,2025-01-01 13:30:22.514600,2025-01-01 13:32:10.487850,0 days 00:01:47.973250,2,155,50.0,,,,,,,,,,,,,,,,,,,5,6.0,,,,,,,,,,,,,,,,,,,COMPLETE
85,85,0.8349566559452345,2025-01-01 13:32:10.488346,2025-01-01 13:32:29.617518,0 days 00:00:19.129172,1,175,,,,,,,,,,,,,,,,,,,,6,,,,,,,,,,,,,,,,,,,,COMPLETE
86,86,0.8649283705199589,2025-01-01 13:32:29.617969,2025-01-01 13:33:25.276950,0 days 00:00:55.658981,2,145,25.0,,,,,,,,,,,,,,,,,,,5,4.0,,,,,,,,,,,,,,,,,,,COMPLETE
87,87,0.8711242294640885,2025-01-01 13:33:25.277440,2025-01-01 13:36:19.095737,0 days 00:02:53.818297,3,165,180.0,,,,,,,,,,,155.0,,,,,,,,6,5.0,,,,,,,,,,,5.0,,,,,,,,COMPLETE
88,88,0.8413122772460437,2025-01-01 13:36:19.096252,2025-01-01 13:36:31.420870,0 days 00:00:12.324618,1,155,,,,,,,,,,,,,,,,,,,,4,,,,,,,,,,,,,,,,,,,,COMPLETE
89,89,0.0,2025-01-01 13:36:31.421311,2025-01-01 13:37:02.808475,0 days 00:00:31.387164,4,195,150.0,,,,,,,,,,,170.0,200.0,,,,,,,6,4.0,,,,,,,,,,,3.0,5.0,,,,,,,COMPLETE
90,90,0.8699481380713067,2025-01-01 13:37:02.808889,2025-01-01 13:37:53.249900,0 days 00:00:50.441011,2,75,85.0,,,,,,,,,,,,,,,,,,,6,5.0,,,,,,,,,,,,,,,,,,,COMPLETE
91,91,0.8989183135027712,2025-01-01 13:37:53.250394,2025-01-01 13:38:09.264290,0 days 00:00:16.013896,1,175,,,,,,,,,,,,,,,,,,,,6,,,,,,,,,,,,,,,,,,,,COMPLETE
92,92,0.8514935612634273,2025-01-01 13:38:09.264637,2025-01-01 13:38:28.544325,0 days 00:00:19.279688,1,175,,,,,,,,,,,,,,,,,,,,6,,,,,,,,,,,,,,,,,,,,COMPLETE
93,93,0.8669772437893537,2025-01-01 13:38:28.544784,2025-01-01 13:39:17.016603,0 days 00:00:48.471819,2,180,40.0,,,,,,,,,,,,,,,,,,,6,3.0,,,,,,,,,,,,,,,,,,,COMPLETE
94,94,0.8388428385431608,2025-01-01 13:39:17.031501,2025-01-01 13:39:35.147955,0 days 00:00:18.116454,1,160,,,,,,,,,,,,,,,,,,,,6,,,,,,,,,,,,,,,,,,,,COMPLETE
95,95,0.8680877931331096,2025-01-01 13:39:35.148306,2025-01-01 13:40:08.819075,0 days 00:00:33.670769,2,170,105.0,,,,,,,,,,,,,,,,,,,6,2.0,,,,,,,,,,,,,,,,,,,COMPLETE
96,96,0.8649809714820835,2025-01-01 13:40:08.819554,2025-01-01 13:40:27.623461,0 days 00:00:18.803907,1,185,,,,,,,,,,,,,,,,,,,,6,,,,,,,,,,,,,,,,,,,,COMPLETE
97,97,0.8734414243455936,2025-01-01 13:40:27.624060,2025-01-01 13:42:34.710390,0 days 00:02:07.086330,3,165,10.0,,,,,,,,,,,200.0,,,,,,,,6,6.0,,,,,,,,,,,6.0,,,,,,,,COMPLETE
98,98,0.8661833730852135,2025-01-01 13:42:34.710915,2025-01-01 13:43:37.348842,0 days 00:01:02.637927,2,110,120.0,,,,,,,,,,,,,,,,,,,5,5.0,,,,,,,,,,,,,,,,,,,COMPLETE
99,99,0.0,2025-01-01 13:43:37.349342,2025-01-01 13:44:14.516401,0 days 00:00:37.167059,15,195,65.0,140.0,145.0,195.0,130.0,100.0,,,,,,135.0,40.0,30.0,200.0,90.0,165.0,30.0,95.0,3,2.0,5.0,3.0,3.0,2.0,5.0,,,,,,2.0,2.0,6.0,3.0,2.0,2.0,2.0,3.0,COMPLETE
100,100,0.8612421213736706,2025-01-01 13:44:14.517110,2025-01-01 13:44:29.543252,0 days 00:00:15.026142,1,55,,,,,,,,,,,,,,,,,,,,6,,,,,,,,,,,,,,,,,,,,COMPLETE
101,101,0.8465825898295646,2025-01-01 13:44:29.554187,2025-01-01 13:44:46.631596,0 days 00:00:17.077409,1,95,,,,,,,,,,,,,,,,,,,,6,,,,,,,,,,,,,,,,,,,,COMPLETE
102,102,0.887432476436451,2025-01-01 13:44:46.631947,2025-01-01 13:45:02.501527,0 days 00:00:15.869580,1,100,,,,,,,,,,,,,,,,,,,,6,,,,,,,,,,,,,,,,,,,,COMPLETE
103,103,0.8739401749983042,2025-01-01 13:45:02.501979,2025-01-01 13:46:20.735850,0 days 00:01:18.233871,3,170,30.0,,,,,,,,,,,120.0,,,,,,,,6,4.0,,,,,,,,,,,5.0,,,,,,,,COMPLETE
104,104,0.8791499086253133,2025-01-01 13:46:20.736369,2025-01-01 13:46:42.113145,0 days 00:00:21.376776,2,5,195.0,,,,,,,,,,,,,,,,,,,6,6.0,,,,,,,,,,,,,,,,,,,COMPLETE
105,105,0.8445599310077676,2025-01-01 13:46:42.113525,2025-01-01 13:46:59.359063,0 days 00:00:17.245538,1,85,,,,,,,,,,,,,,,,,,,,6,,,,,,,,,,,,,,,,,,,,COMPLETE
106,106,0.8739494870294089,2025-01-01 13:46:59.359526,2025-01-01 13:47:49.640145,0 days 00:00:50.280619,2,175,140.0,,,,,,,,,,,,,,,,,,,6,3.0,,,,,,,,,,,,,,,,,,,COMPLETE
107,107,0.8944873714384598,2025-01-01 13:47:49.640646,2025-01-01 13:48:00.729467,0 days 00:00:11.088821,1,20,,,,,,,,,,,,,,,,,,,,4,,,,,,,,,,,,,,,,,,,,COMPLETE
108,108,0.8709125297055491,2025-01-01 13:48:00.729832,2025-01-01 13:48:46.110382,0 days 00:00:45.380550,3,35,95.0,,,,,,,,,,,30.0,,,,,,,,4,3.0,,,,,,,,,,,4.0,,,,,,,,COMPLETE
109,109,0.0,2025-01-01 13:48:46.110897,2025-01-01 13:49:34.371000,0 days 00:00:48.260103,10,15,75.0,,,,,,,,,,,95.0,25.0,130.0,80.0,125.0,130.0,80.0,165.0,4,2.0,,,,,,,,,,,3.0,6.0,5.0,5.0,4.0,3.0,6.0,2.0,COMPLETE
110,110,0.42106459362043275,2025-01-01 13:49:34.371651,2025-01-01 13:49:45.617845,0 days 00:00:11.246194,1,20,,,,,,,,,,,,,,,,,,,,4,,,,,,,,,,,,,,,,,,,,COMPLETE
111,111,0.761112125236235,2025-01-01 13:49:45.618189,2025-01-01 13:49:53.108551,0 days 00:00:07.490362,1,5,,,,,,,,,,,,,,,,,,,,3,,,,,,,,,,,,,,,,,,,,COMPLETE
112,112,0.8810605325737735,2025-01-01 13:49:53.108889,2025-01-01 13:50:13.574636,0 days 00:00:20.465747,2,10,55.0,,,,,,,,,,,,,,,,,,,6,4.0,,,,,,,,,,,,,,,,,,,COMPLETE
113,113,0.0,2025-01-01 13:50:13.575006,2025-01-01 13:51:04.149780,0 days 00:00:50.574774,8,120,165.0,,,,,,,,,,,170.0,100.0,155.0,155.0,50.0,80.0,,,2,5.0,,,,,,,,,,,6.0,4.0,3.0,4.0,6.0,5.0,,,COMPLETE
114,114,0.884241811137118,2025-01-01 13:51:04.150372,2025-01-01 13:51:17.572827,0 days 00:00:13.422455,1,60,,,,,,,,,,,,,,,,,,,,5,,,,,,,,,,,,,,,,,,,,COMPLETE
115,115,0.876820986539998,2025-01-01 13:51:17.573292,2025-01-01 13:51:36.705091,0 days 00:00:19.131799,1,130,,,,,,,,,,,,,,,,,,,,6,,,,,,,,,,,,,,,,,,,,COMPLETE
116,116,0.8655681908390886,2025-01-01 13:51:36.705431,2025-01-01 13:53:31.385229,0 days 00:01:54.679798,2,160,125.0,,,,,,,,,,,,,,,,,,,6,6.0,,,,,,,,,,,,,,,,,,,COMPLETE
117,117,0.907364665810563,2025-01-01 13:53:31.385740,2025-01-01 13:53:47.609199,0 days 00:00:16.223459,1,180,,,,,,,,,,,,,,,,,,,,6,,,,,,,,,,,,,,,,,,,,COMPLETE
118,118,0.867486875758932,2025-01-01 13:53:47.609655,2025-01-01 13:54:41.559421,0 days 00:00:53.949766,2,185,185.0,,,,,,,,,,,,,,,,,,,6,3.0,,,,,,,,,,,,,,,,,,,COMPLETE
119,119,0.9101852379908972,2025-01-01 13:54:41.559936,2025-01-01 13:54:57.133687,0 days 00:00:15.573751,1,165,,,,,,,,,,,,,,,,,,,,5,,,,,,,,,,,,,,,,,,,,COMPLETE
120,120,0.8710939699303784,2025-01-01 13:54:57.134048,2025-01-01 13:55:27.224513,0 days 00:00:30.090465,2,180,45.0,,,,,,,,,,,,,,,,,,,5,2.0,,,,,,,,,,,,,,,,,,,COMPLETE
121,121,0.8883455974691526,2025-01-01 13:55:27.224986,2025-01-01 13:55:42.987943,0 days 00:00:15.762957,1,165,,,,,,,,,,,,,,,,,,,,5,,,,,,,,,,,,,,,,,,,,COMPLETE
122,122,0.8954766308474054,2025-01-01 13:55:42.988296,2025-01-01 13:55:56.955964,0 days 00:00:13.967668,1,175,,,,,,,,,,,,,,,,,,,,5,,,,,,,,,,,,,,,,,,,,COMPLETE
123,123,0.8832132376194864,2025-01-01 13:55:56.956311,2025-01-01 13:56:12.657602,0 days 00:00:15.701291,1,175,,,,,,,,,,,,,,,,,,,,5,,,,,,,,,,,,,,,,,,,,COMPLETE
124,124,0.8712987078027699,2025-01-01 13:56:12.657954,2025-01-01 13:58:18.945464,0 days 00:02:06.287510,2,190,20.0,,,,,,,,,,,,,,,,,,,5,6.0,,,,,,,,,,,,,,,,,,,COMPLETE
125,125,0.0,2025-01-01 13:58:18.945977,2025-01-01 14:00:07.882366,0 days 00:01:48.936389,20,150,65.0,70.0,55.0,145.0,60.0,145.0,95.0,190.0,105.0,200.0,10.0,185.0,70.0,60.0,115.0,5.0,45.0,130.0,35.0,6,5.0,3.0,3.0,5.0,4.0,2.0,6.0,2.0,6.0,2.0,6.0,4.0,6.0,5.0,6.0,5.0,2.0,3.0,6.0,COMPLETE
126,126,0.8742603673752118,2025-01-01 14:00:07.883324,2025-01-01 14:00:23.698790,0 days 00:00:15.815466,1,170,,,,,,,,,,,,,,,,,,,,6,,,,,,,,,,,,,,,,,,,,COMPLETE
127,127,0.8692628181622037,2025-01-01 14:00:23.699161,2025-01-01 14:01:34.883048,0 days 00:01:11.183887,2,175,155.0,,,,,,,,,,,,,,,,,,,6,4.0,,,,,,,,,,,,,,,,,,,COMPLETE
128,128,0.9078594370354416,2025-01-01 14:01:34.883590,2025-01-01 14:01:48.248420,0 days 00:00:13.364830,1,180,,,,,,,,,,,,,,,,,,,,5,,,,,,,,,,,,,,,,,,,,COMPLETE
129,129,0.9039267695714943,2025-01-01 14:01:48.248897,2025-01-01 14:02:03.840506,0 days 00:00:15.591609,1,180,,,,,,,,,,,,,,,,,,,,5,,,,,,,,,,,,,,,,,,,,COMPLETE
130,130,0.8871289607773811,2025-01-01 14:02:03.840890,2025-01-01 14:02:17.705869,0 days 00:00:13.864979,1,180,,,,,,,,,,,,,,,,,,,,5,,,,,,,,,,,,,,,,,,,,COMPLETE
131,131,0.8998851391007512,2025-01-01 14:02:17.706216,2025-01-01 14:02:31.821782,0 days 00:00:14.115566,1,185,,,,,,,,,,,,,,,,,,,,5,,,,,,,,,,,,,,,,,,,,COMPLETE
132,132,0.7127237347495281,2025-01-01 14:02:31.822154,2025-01-01 14:02:42.369553,0 days 00:00:10.547399,1,195,,,,,,,,,,,,,,,,,,,,5,,,,,,,,,,,,,,,,,,,,COMPLETE
133,133,0.8697962580012559,2025-01-01 14:02:42.370018,2025-01-01 14:04:29.247692,0 days 00:01:46.877674,2,200,195.0,,,,,,,,,,,,,,,,,,,5,5.0,,,,,,,,,,,,,,,,,,,COMPLETE
134,134,0.9049341878155066,2025-01-01 14:04:29.248249,2025-01-01 14:04:43.935568,0 days 00:00:14.687319,1,185,,,,,,,,,,,,,,,,,,,,5,,,,,,,,,,,,,,,,,,,,COMPLETE
135,135,0.816463741717042,2025-01-01 14:04:43.935897,2025-01-01 14:04:59.254062,0 days 00:00:15.318165,1,185,,,,,,,,,,,,,,,,,,,,5,,,,,,,,,,,,,,,,,,,,COMPLETE
136,136,0.873662846433656,2025-01-01 14:04:59.254542,2025-01-01 14:05:27.867875,0 days 00:00:28.613333,2,185,80.0,,,,,,,,,,,,,,,,,,,4,2.0,,,,,,,,,,,,,,,,,,,COMPLETE
137,137,0.0,2025-01-01 14:05:27.868256,2025-01-01 14:06:30.577536,0 days 00:01:02.709280,19,190,105.0,35.0,50.0,55.0,155.0,55.0,85.0,5.0,25.0,10.0,,120.0,160.0,90.0,125.0,140.0,180.0,80.0,120.0,5,4.0,2.0,5.0,3.0,5.0,4.0,5.0,3.0,2.0,6.0,,2.0,5.0,4.0,2.0,3.0,4.0,4.0,4.0,COMPLETE
138,138,0.8968270457241045,2025-01-01 14:06:30.578352,2025-01-01 14:06:45.078605,0 days 00:00:14.500253,1,180,,,,,,,,,,,,,,,,,,,,5,,,,,,,,,,,,,,,,,,,,COMPLETE
139,139,0.8689174741984322,2025-01-01 14:06:45.079004,2025-01-01 14:08:51.362920,0 days 00:02:06.283916,2,180,130.0,,,,,,,,,,,,,,,,,,,5,6.0,,,,,,,,,,,,,,,,,,,COMPLETE
140,140,0.8751309319560925,2025-01-01 14:08:51.363464,2025-01-01 14:10:19.169856,0 days 00:01:27.806392,3,190,90.0,,,,,,,,,,,65.0,,,,,,,,5,3.0,,,,,,,,,,,5.0,,,,,,,,COMPLETE
141,141,0.8751479628638539,2025-01-01 14:10:19.170415,2025-01-01 14:10:33.328335,0 days 00:00:14.157920,1,185,,,,,,,,,,,,,,,,,,,,5,,,,,,,,,,,,,,,,,,,,COMPLETE
142,142,0.8853406484687683,2025-01-01 14:10:33.328747,2025-01-01 14:10:46.640824,0 days 00:00:13.312077,1,180,,,,,,,,,,,,,,,,,,,,5,,,,,,,,,,,,,,,,,,,,COMPLETE
143,143,0.8629407770163939,2025-01-01 14:10:46.641298,2025-01-01 14:11:00.650714,0 days 00:00:14.009416,1,170,,,,,,,,,,,,,,,,,,,,5,,,,,,,,,,,,,,,,,,,,COMPLETE
144,144,0.8762081663245023,2025-01-01 14:11:00.651087,2025-01-01 14:12:15.789210,0 days 00:01:15.138123,2,195,175.0,,,,,,,,,,,,,,,,,,,5,4.0,,,,,,,,,,,,,,,,,,,COMPLETE
145,145,0.8740749453983949,2025-01-01 14:12:15.789764,2025-01-01 14:12:29.486439,0 days 00:00:13.696675,1,175,,,,,,,,,,,,,,,,,,,,4,,,,,,,,,,,,,,,,,,,,COMPLETE
146,146,0.6288360562592248,2025-01-01 14:12:29.486913,2025-01-01 14:12:38.378641,0 days 00:00:08.891728,1,185,,,,,,,,,,,,,,,,,,,,4,,,,,,,,,,,,,,,,,,,,COMPLETE
147,147,0.8679571489628739,2025-01-01 14:12:38.378996,2025-01-01 14:14:13.453755,0 days 00:01:35.074759,2,190,35.0,,,,,,,,,,,,,,,,,,,5,5.0,,,,,,,,,,,,,,,,,,,COMPLETE
148,148,0.9094286675855101,2025-01-01 14:14:13.454273,2025-01-01 14:14:27.708770,0 days 00:00:14.254497,1,170,,,,,,,,,,,,,,,,,,,,5,,,,,,,,,,,,,,,,,,,,COMPLETE
149,149,0.8673110137540283,2025-01-01 14:14:27.709122,2025-01-01 14:15:15.524840,0 days 00:00:47.815718,2,180,110.0,,,,,,,,,,,,,,,,,,,5,3.0,,,,,,,,,,,,,,,,,,,COMPLETE
150,150,0.8568832745830026,2025-01-01 14:15:15.525355,2025-01-01 14:15:29.777939,0 days 00:00:14.252584,1,165,,,,,,,,,,,,,,,,,,,,5,,,,,,,,,,,,,,,,,,,,COMPLETE
151,151,0.9069313709295195,2025-01-01 14:15:29.778267,2025-01-01 14:15:46.174898,0 days 00:00:16.396631,1,180,,,,,,,,,,,,,,,,,,,,5,,,,,,,,,,,,,,,,,,,,COMPLETE
152,152,0.8926105729317277,2025-01-01 14:15:46.175374,2025-01-01 14:16:02.116170,0 days 00:00:15.940796,1,180,,,,,,,,,,,,,,,,,,,,5,,,,,,,,,,,,,,,,,,,,COMPLETE
153,153,0.8905557386285119,2025-01-01 14:16:02.116526,2025-01-01 14:16:16.825320,0 days 00:00:14.708794,1,175,,,,,,,,,,,,,,,,,,,,5,,,,,,,,,,,,,,,,,,,,COMPLETE
154,154,0.8706859047097923,2025-01-01 14:16:16.825670,2025-01-01 14:16:48.547201,0 days 00:00:31.721531,2,175,145.0,,,,,,,,,,,,,,,,,,,5,2.0,,,,,,,,,,,,,,,,,,,COMPLETE
155,155,0.7943270328266789,2025-01-01 14:16:48.547713,2025-01-01 14:17:04.156237,0 days 00:00:15.608524,1,170,,,,,,,,,,,,,,,,,,,,5,,,,,,,,,,,,,,,,,,,,COMPLETE
156,156,0.9124402488637382,2025-01-01 14:17:04.156610,2025-01-01 14:17:19.168551,0 days 00:00:15.011941,1,185,,,,,,,,,,,,,,,,,,,,5,,,,,,,,,,,,,,,,,,,,COMPLETE
157,157,0.8761188478498444,2025-01-01 14:17:19.168887,2025-01-01 14:18:36.964494,0 days 00:01:17.795607,3,200,15.0,,,,,,,,,,,145.0,,,,,,,,5,4.0,,,,,,,,,,,5.0,,,,,,,,COMPLETE
158,158,0.905030105109716,2025-01-01 14:18:36.965035,2025-01-01 14:18:51.962141,0 days 00:00:14.997106,1,190,,,,,,,,,,,,,,,,,,,,5,,,,,,,,,,,,,,,,,,,,COMPLETE
159,159,0.0,2025-01-01 14:18:51.962477,2025-01-01 14:19:28.023326,0 days 00:00:36.060849,12,190,115.0,95.0,165.0,,,,,,,,,55.0,15.0,200.0,90.0,85.0,5.0,35.0,70.0,5,6.0,6.0,2.0,,,,,,,,,3.0,2.0,6.0,5.0,4.0,3.0,4.0,3.0,COMPLETE
160,160,0.8669648834743174,2025-01-01 14:19:28.024024,2025-01-01 14:20:14.652909,0 days 00:00:46.628885,2,185,70.0,,,,,,,,,,,,,,,,,,,5,3.0,,,,,,,,,,,,,,,,,,,COMPLETE
161,161,0.7877716439876328,2025-01-01 14:20:14.653448,2025-01-01 14:20:28.481422,0 days 00:00:13.827974,1,180,,,,,,,,,,,,,,,,,,,,5,,,,,,,,,,,,,,,,,,,,COMPLETE
162,162,0.8096310002091965,2025-01-01 14:20:28.481788,2025-01-01 14:20:40.585323,0 days 00:00:12.103535,1,190,,,,,,,,,,,,,,,,,,,,5,,,,,,,,,,,,,,,,,,,,COMPLETE
163,163,0.8087033819223219,2025-01-01 14:20:40.585678,2025-01-01 14:20:54.927496,0 days 00:00:14.341818,1,180,,,,,,,,,,,,,,,,,,,,5,,,,,,,,,,,,,,,,,,,,COMPLETE
164,164,0.8740705665233968,2025-01-01 14:20:54.927981,2025-01-01 14:22:32.571294,0 days 00:01:37.643313,2,195,55.0,,,,,,,,,,,,,,,,,,,5,5.0,,,,,,,,,,,,,,,,,,,COMPLETE
165,165,0.8906848566488577,2025-01-01 14:22:32.571824,2025-01-01 14:22:46.608074,0 days 00:00:14.036250,1,185,,,,,,,,,,,,,,,,,,,,5,,,,,,,,,,,,,,,,,,,,COMPLETE
166,166,0.8766527590057002,2025-01-01 14:22:46.608543,2025-01-01 14:23:18.368800,0 days 00:00:31.760257,2,165,200.0,,,,,,,,,,,,,,,,,,,5,2.0,,,,,,,,,,,,,,,,,,,COMPLETE
167,167,0.9012104025754146,2025-01-01 14:23:18.369201,2025-01-01 14:23:32.441451,0 days 00:00:14.072250,1,170,,,,,,,,,,,,,,,,,,,,5,,,,,,,,,,,,,,,,,,,,COMPLETE
168,168,0.873048646434587,2025-01-01 14:23:32.441904,2025-01-01 14:23:48.523486,0 days 00:00:16.081582,1,170,,,,,,,,,,,,,,,,,,,,5,,,,,,,,,,,,,,,,,,,,COMPLETE
169,169,0.8711242853025069,2025-01-01 14:23:48.523848,2025-01-01 14:25:36.160935,0 days 00:01:47.637087,2,160,5.0,,,,,,,,,,,,,,,,,,,5,6.0,,,,,,,,,,,,,,,,,,,COMPLETE
170,170,0.710727212871363,2025-01-01 14:25:36.161464,2025-01-01 14:25:47.462070,0 days 00:00:11.300606,1,185,,,,,,,,,,,,,,,,,,,,5,,,,,,,,,,,,,,,,,,,,COMPLETE
171,171,0.8545934136160557,2025-01-01 14:25:47.462446,2025-01-01 14:26:04.029368,0 days 00:00:16.566922,1,175,,,,,,,,,,,,,,,,,,,,5,,,,,,,,,,,,,,,,,,,,COMPLETE
172,172,0.8468032586991694,2025-01-01 14:26:04.029832,2025-01-01 14:26:18.537526,0 days 00:00:14.507694,1,175,,,,,,,,,,,,,,,,,,,,5,,,,,,,,,,,,,,,,,,,,COMPLETE
173,173,0.8260600217287783,2025-01-01 14:26:18.537898,2025-01-01 14:26:34.719181,0 days 00:00:16.181283,1,170,,,,,,,,,,,,,,,,,,,,5,,,,,,,,,,,,,,,,,,,,COMPLETE
174,174,0.8753033685731171,2025-01-01 14:26:34.719531,2025-01-01 14:27:22.896097,0 days 00:00:48.176566,2,180,130.0,,,,,,,,,,,,,,,,,,,5,3.0,,,,,,,,,,,,,,,,,,,COMPLETE
175,175,0.8837828828086802,2025-01-01 14:27:22.896631,2025-01-01 14:27:41.009452,0 days 00:00:18.112821,1,160,,,,,,,,,,,,,,,,,,,,6,,,,,,,,,,,,,,,,,,,,COMPLETE
176,176,0.0,2025-01-01 14:27:41.009952,2025-01-01 14:28:57.283079,0 days 00:01:16.273127,15,190,190.0,5.0,100.0,40.0,50.0,65.0,,,,,,190.0,180.0,165.0,170.0,175.0,140.0,170.0,180.0,5,4.0,4.0,6.0,3.0,3.0,5.0,,,,,,6.0,3.0,4.0,3.0,2.0,5.0,2.0,5.0,COMPLETE
177,177,0.8765800338819447,2025-01-01 14:28:57.283847,2025-01-01 14:29:26.550958,0 days 00:00:29.267111,2,115,150.0,,,,,,,,,,,,,,,,,,,6,2.0,,,,,,,,,,,,,,,,,,,COMPLETE
178,178,0.9047348168127065,2025-01-01 14:29:26.551497,2025-01-01 14:29:42.273271,0 days 00:00:15.721774,1,165,,,,,,,,,,,,,,,,,,,,5,,,,,,,,,,,,,,,,,,,,COMPLETE
179,179,0.886405564774043,2025-01-01 14:29:42.273667,2025-01-01 14:29:56.771601,0 days 00:00:14.497934,1,155,,,,,,,,,,,,,,,,,,,,5,,,,,,,,,,,,,,,,,,,,COMPLETE
180,180,0.8710558527242913,2025-01-01 14:29:56.771990,2025-01-01 14:31:27.650208,0 days 00:01:30.878218,2,170,165.0,,,,,,,,,,,,,,,,,,,5,5.0,,,,,,,,,,,,,,,,,,,COMPLETE
181,181,0.9030480880281593,2025-01-01 14:31:27.650774,2025-01-01 14:31:41.188938,0 days 00:00:13.538164,1,180,,,,,,,,,,,,,,,,,,,,5,,,,,,,,,,,,,,,,,,,,COMPLETE
182,182,0.8222591700209319,2025-01-01 14:31:41.189301,2025-01-01 14:31:55.480588,0 days 00:00:14.291287,1,185,,,,,,,,,,,,,,,,,,,,5,,,,,,,,,,,,,,,,,,,,COMPLETE
183,183,0.8918919335058892,2025-01-01 14:31:55.481066,2025-01-01 14:32:08.896575,0 days 00:00:13.415509,1,175,,,,,,,,,,,,,,,,,,,,5,,,,,,,,,,,,,,,,,,,,COMPLETE
184,184,0.8649787105345247,2025-01-01 14:32:08.896959,2025-01-01 14:32:25.038964,0 days 00:00:16.142005,1,180,,,,,,,,,,,,,,,,,,,,5,,,,,,,,,,,,,,,,,,,,COMPLETE
185,185,0.8829032545624914,2025-01-01 14:32:25.039341,2025-01-01 14:32:40.196334,0 days 00:00:15.156993,1,180,,,,,,,,,,,,,,,,,,,,5,,,,,,,,,,,,,,,,,,,,COMPLETE
186,186,0.8721733935609203,2025-01-01 14:32:40.196724,2025-01-01 14:34:51.930244,0 days 00:02:11.733520,2,195,95.0,,,,,,,,,,,,,,,,,,,5,6.0,,,,,,,,,,,,,,,,,,,COMPLETE
187,187,0.8982510827072632,2025-01-01 14:34:51.930780,2025-01-01 14:35:06.412629,0 days 00:00:14.481849,1,165,,,,,,,,,,,,,,,,,,,,5,,,,,,,,,,,,,,,,,,,,COMPLETE
188,188,0.8708156114213281,2025-01-01 14:35:06.413082,2025-01-01 14:35:48.121495,0 days 00:00:41.708413,2,160,30.0,,,,,,,,,,,,,,,,,,,5,3.0,,,,,,,,,,,,,,,,,,,COMPLETE
189,189,0.8436877986050867,2025-01-01 14:35:48.121926,2025-01-01 14:36:00.852014,0 days 00:00:12.730088,1,165,,,,,,,,,,,,,,,,,,,,5,,,,,,,,,,,,,,,,,,,,COMPLETE
190,190,0.8812100874578828,2025-01-01 14:36:00.852473,2025-01-01 14:36:16.698984,0 days 00:00:15.846511,1,170,,,,,,,,,,,,,,,,,,,,5,,,,,,,,,,,,,,,,,,,,COMPLETE
191,191,0.8743316630796119,2025-01-01 14:36:16.699358,2025-01-01 14:36:32.020617,0 days 00:00:15.321259,1,165,,,,,,,,,,,,,,,,,,,,5,,,,,,,,,,,,,,,,,,,,COMPLETE
192,192,0.8652047320403189,2025-01-01 14:36:32.020962,2025-01-01 14:36:45.278247,0 days 00:00:13.257285,1,185,,,,,,,,,,,,,,,,,,,,5,,,,,,,,,,,,,,,,,,,,COMPLETE
193,193,0.852954681532621,2025-01-01 14:36:45.278745,2025-01-01 14:37:00.364837,0 days 00:00:15.086092,1,180,,,,,,,,,,,,,,,,,,,,5,,,,,,,,,,,,,,,,,,,,COMPLETE
194,194,0.8998428961916646,2025-01-01 14:37:00.365196,2025-01-01 14:37:15.369792,0 days 00:00:15.004596,1,170,,,,,,,,,,,,,,,,,,,,5,,,,,,,,,,,,,,,,,,,,COMPLETE
195,195,0.870358662574588,2025-01-01 14:37:15.370154,2025-01-01 14:38:41.970957,0 days 00:01:26.600803,2,170,45.0,,,,,,,,,,,,,,,,,,,5,5.0,,,,,,,,,,,,,,,,,,,COMPLETE
196,196,0.9016331806497508,2025-01-01 14:38:41.971469,2025-01-01 14:38:56.102728,0 days 00:00:14.131259,1,155,,,,,,,,,,,,,,,,,,,,5,,,,,,,,,,,,,,,,,,,,COMPLETE
197,197,0.0,2025-01-01 14:38:56.103074,2025-01-01 14:40:46.977104,0 days 00:01:50.874030,17,175,175.0,40.0,120.0,110.0,150.0,150.0,145.0,135.0,,,,20.0,170.0,140.0,20.0,105.0,115.0,115.0,125.0,5,4.0,3.0,4.0,5.0,3.0,3.0,2.0,6.0,,,,2.0,6.0,5.0,5.0,6.0,4.0,6.0,6.0,COMPLETE
198,198,0.886824834977318,2025-01-01 14:40:46.977924,2025-01-01 14:41:01.479389,0 days 00:00:14.501465,1,155,,,,,,,,,,,,,,,,,,,,5,,,,,,,,,,,,,,,,,,,,COMPLETE
199,199,0.8695458248586412,2025-01-01 14:41:01.479772,2025-01-01 14:41:29.884451,0 days 00:00:28.404679,2,145,120.0,,,,,,,,,,,,,,,,,,,5,2.0,,,,,,,,,,,,,,,,,,,COMPLETE
200,200,0.8791707538635938,2025-01-01 14:41:29.885035,2025-01-01 14:41:45.774731,0 days 00:00:15.889696,1,150,,,,,,,,,,,,,,,,,,,,5,,,,,,,,,,,,,,,,,,,,COMPLETE
201,201,0.8841281021514527,2025-01-01 14:41:45.775121,2025-01-01 14:42:00.691074,0 days 00:00:14.915953,1,165,,,,,,,,,,,,,,,,,,,,5,,,,,,,,,,,,,,,,,,,,COMPLETE
202,202,0.8946622071025563,2025-01-01 14:42:00.691492,2025-01-01 14:42:13.369774,0 days 00:00:12.678282,1,155,,,,,,,,,,,,,,,,,,,,5,,,,,,,,,,,,,,,,,,,,COMPLETE
203,203,0.8593890048993982,2025-01-01 14:42:13.370258,2025-01-01 14:42:29.170370,0 days 00:00:15.800112,1,160,,,,,,,,,,,,,,,,,,,,5,,,,,,,,,,,,,,,,,,,,COMPLETE
204,204,0.8713333782622614,2025-01-01 14:42:29.170791,2025-01-01 14:44:28.979283,0 days 00:01:59.808492,2,170,140.0,,,,,,,,,,,,,,,,,,,5,6.0,,,,,,,,,,,,,,,,,,,COMPLETE
205,205,0.8846245911994826,2025-01-01 14:44:28.979856,2025-01-01 14:44:43.867921,0 days 00:00:14.888065,1,185,,,,,,,,,,,,,,,,,,,,5,,,,,,,,,,,,,,,,,,,,COMPLETE
206,206,0.8692033420865681,2025-01-01 14:44:43.868420,2025-01-01 14:46:11.527665,0 days 00:01:27.659245,2,175,20.0,,,,,,,,,,,,,,,,,,,5,5.0,,,,,,,,,,,,,,,,,,,COMPLETE
207,207,0.8728533448189314,2025-01-01 14:46:11.528203,2025-01-01 14:46:28.322702,0 days 00:00:16.794499,1,165,,,,,,,,,,,,,,,,,,,,5,,,,,,,,,,,,,,,,,,,,COMPLETE
208,208,0.8846347168615643,2025-01-01 14:46:28.323171,2025-01-01 14:46:42.103675,0 days 00:00:13.780504,1,175,,,,,,,,,,,,,,,,,,,,5,,,,,,,,,,,,,,,,,,,,COMPLETE
209,209,0.868664206864699,2025-01-01 14:46:42.104049,2025-01-01 14:47:33.667734,0 days 00:00:51.563685,2,190,80.0,,,,,,,,,,,,,,,,,,,6,3.0,,,,,,,,,,,,,,,,,,,COMPLETE
210,210,0.8666199471761232,2025-01-01 14:47:33.668265,2025-01-01 14:47:47.569257,0 days 00:00:13.900992,1,175,,,,,,,,,,,,,,,,,,,,5,,,,,,,,,,,,,,,,,,,,COMPLETE
211,211,0.8850647528430929,2025-01-01 14:47:47.569620,2025-01-01 14:48:02.846079,0 days 00:00:15.276459,1,180,,,,,,,,,,,,,,,,,,,,5,,,,,,,,,,,,,,,,,,,,COMPLETE
212,212,0.8682942097026605,2025-01-01 14:48:02.846585,2025-01-01 14:48:18.140179,0 days 00:00:15.293594,1,165,,,,,,,,,,,,,,,,,,,,5,,,,,,,,,,,,,,,,,,,,COMPLETE
213,213,0.892242733194305,2025-01-01 14:48:18.140560,2025-01-01 14:48:33.292281,0 days 00:00:15.151721,1,185,,,,,,,,,,,,,,,,,,,,5,,,,,,,,,,,,,,,,,,,,COMPLETE
214,214,0.8784526259063297,2025-01-01 14:48:33.292660,2025-01-01 14:48:46.186842,0 days 00:00:12.894182,1,170,,,,,,,,,,,,,,,,,,,,5,,,,,,,,,,,,,,,,,,,,COMPLETE
215,215,0.872967114968674,2025-01-01 14:48:46.187227,2025-01-01 14:49:52.853787,0 days 00:01:06.666560,2,180,60.0,,,,,,,,,,,,,,,,,,,5,4.0,,,,,,,,,,,,,,,,,,,COMPLETE
216,216,0.8877132811729274,2025-01-01 14:49:52.854321,2025-01-01 14:50:07.447655,0 days 00:00:14.593334,1,185,,,,,,,,,,,,,,,,,,,,5,,,,,,,,,,,,,,,,,,,,COMPLETE
217,217,0.6831516966028686,2025-01-01 14:50:07.448023,2025-01-01 14:50:22.150330,0 days 00:00:14.702307,1,175,,,,,,,,,,,,,,,,,,,,5,,,,,,,,,,,,,,,,,,,,COMPLETE
218,218,0.0,2025-01-01 14:50:22.150731,2025-01-01 14:50:54.489444,0 days 00:00:32.338713,7,190,10.0,,,,,,,,,,,80.0,130.0,185.0,55.0,25.0,,,,6,5.0,,,,,,,,,,,4.0,5.0,2.0,5.0,3.0,,,,COMPLETE
219,219,0.8763097449838572,2025-01-01 14:50:54.490056,2025-01-01 14:51:26.588748,0 days 00:00:32.098692,2,170,180.0,,,,,,,,,,,,,,,,,,,5,2.0,,,,,,,,,,,,,,,,,,,COMPLETE
220,220,0.88664043153299,2025-01-01 14:51:26.589267,2025-01-01 14:51:45.237756,0 days 00:00:18.648489,1,140,,,,,,,,,,,,,,,,,,,,6,,,,,,,,,,,,,,,,,,,,COMPLETE
221,221,0.8619290829917217,2025-01-01 14:51:45.238142,2025-01-01 14:52:01.577057,0 days 00:00:16.338915,1,160,,,,,,,,,,,,,,,,,,,,6,,,,,,,,,,,,,,,,,,,,COMPLETE
222,222,0.8916477379152783,2025-01-01 14:52:01.577409,2025-01-01 14:52:18.399736,0 days 00:00:16.822327,1,135,,,,,,,,,,,,,,,,,,,,6,,,,,,,,,,,,,,,,,,,,COMPLETE
223,223,0.8933119490156682,2025-01-01 14:52:18.400238,2025-01-01 14:52:35.303450,0 days 00:00:16.903212,1,180,,,,,,,,,,,,,,,,,,,,6,,,,,,,,,,,,,,,,,,,,COMPLETE
224,224,0.893108726513886,2025-01-01 14:52:35.303861,2025-01-01 14:52:52.214512,0 days 00:00:16.910651,1,185,,,,,,,,,,,,,,,,,,,,6,,,,,,,,,,,,,,,,,,,,COMPLETE
225,225,0.8698526735787182,2025-01-01 14:52:52.214876,2025-01-01 14:53:48.081606,0 days 00:00:55.866730,2,125,160.0,,,,,,,,,,,,,,,,,,,6,4.0,,,,,,,,,,,,,,,,,,,COMPLETE
226,226,0.9043573228194164,2025-01-01 14:53:48.082155,2025-01-01 14:54:04.248194,0 days 00:00:16.166039,1,165,,,,,,,,,,,,,,,,,,,,5,,,,,,,,,,,,,,,,,,,,COMPLETE
227,227,0.9000437590578436,2025-01-01 14:54:04.248673,2025-01-01 14:54:19.205379,0 days 00:00:14.956706,1,165,,,,,,,,,,,,,,,,,,,,5,,,,,,,,,,,,,,,,,,,,COMPLETE
228,228,0.871766376921769,2025-01-01 14:54:19.205775,2025-01-01 14:55:05.674253,0 days 00:00:46.468478,2,165,170.0,,,,,,,,,,,,,,,,,,,5,3.0,,,,,,,,,,,,,,,,,,,COMPLETE
229,229,0.8990131191072623,2025-01-01 14:55:05.674790,2025-01-01 14:55:15.265703,0 days 00:00:09.590913,1,160,,,,,,,,,,,,,,,,,,,,5,,,,,,,,,,,,,,,,,,,,COMPLETE
230,230,0.8969663914702214,2025-01-01 14:55:15.266072,2025-01-01 14:55:28.304710,0 days 00:00:13.038638,1,160,,,,,,,,,,,,,,,,,,,,5,,,,,,,,,,,,,,,,,,,,COMPLETE
231,231,0.9083576280814426,2025-01-01 14:55:28.305063,2025-01-01 14:55:43.616140,0 days 00:00:15.311077,1,155,,,,,,,,,,,,,,,,,,,,5,,,,,,,,,,,,,,,,,,,,COMPLETE
232,232,0.8837944999948013,2025-01-01 14:55:43.616654,2025-01-01 14:55:59.906940,0 days 00:00:16.290286,1,155,,,,,,,,,,,,,,,,,,,,5,,,,,,,,,,,,,,,,,,,,COMPLETE
233,233,0.8925726506338973,2025-01-01 14:55:59.907318,2025-01-01 14:56:14.777315,0 days 00:00:14.869997,1,155,,,,,,,,,,,,,,,,,,,,5,,,,,,,,,,,,,,,,,,,,COMPLETE
234,234,0.8781260388214767,2025-01-01 14:56:14.777698,2025-01-01 14:56:30.900536,0 days 00:00:16.122838,1,160,,,,,,,,,,,,,,,,,,,,5,,,,,,,,,,,,,,,,,,,,COMPLETE
235,235,0.9109893751832532,2025-01-01 14:56:30.900935,2025-01-01 14:56:45.812733,0 days 00:00:14.911798,1,150,,,,,,,,,,,,,,,,,,,,5,,,,,,,,,,,,,,,,,,,,COMPLETE
236,236,0.8654029399215103,2025-01-01 14:56:45.813214,2025-01-01 14:58:33.315988,0 days 00:01:47.502774,2,155,90.0,,,,,,,,,,,,,,,,,,,5,6.0,,,,,,,,,,,,,,,,,,,COMPLETE
237,237,0.9087041407002475,2025-01-01 14:58:33.316547,2025-01-01 14:58:46.190333,0 days 00:00:12.873786,1,150,,,,,,,,,,,,,,,,,,,,5,,,,,,,,,,,,,,,,,,,,COMPLETE
238,238,0.8855766791356359,2025-01-01 14:58:46.190697,2025-01-01 14:59:00.086318,0 days 00:00:13.895621,1,150,,,,,,,,,,,,,,,,,,,,5,,,,,,,,,,,,,,,,,,,,COMPLETE
239,239,0.8987106172459018,2025-01-01 14:59:00.086726,2025-01-01 14:59:15.423046,0 days 00:00:15.336320,1,160,,,,,,,,,,,,,,,,,,,,5,,,,,,,,,,,,,,,,,,,,COMPLETE
240,240,0.776687662667906,2025-01-01 14:59:15.423544,2025-01-01 14:59:31.207319,0 days 00:00:15.783775,1,150,,,,,,,,,,,,,,,,,,,,5,,,,,,,,,,,,,,,,,,,,COMPLETE
241,241,0.8584763134241022,2025-01-01 14:59:31.207711,2025-01-01 14:59:43.291799,0 days 00:00:12.084088,1,150,,,,,,,,,,,,,,,,,,,,5,,,,,,,,,,,,,,,,,,,,COMPLETE
242,242,0.6909222196517079,2025-01-01 14:59:43.292201,2025-01-01 14:59:57.489386,0 days 00:00:14.197185,1,145,,,,,,,,,,,,,,,,,,,,5,,,,,,,,,,,,,,,,,,,,COMPLETE
243,243,0.76238228019216,2025-01-01 14:59:57.489864,2025-01-01 15:00:11.504525,0 days 00:00:14.014661,1,155,,,,,,,,,,,,,,,,,,,,5,,,,,,,,,,,,,,,,,,,,COMPLETE
244,244,0.8750385992626086,2025-01-01 15:00:11.504901,2025-01-01 15:00:41.164279,0 days 00:00:29.659378,2,165,100.0,,,,,,,,,,,,,,,,,,,5,2.0,,,,,,,,,,,,,,,,,,,COMPLETE
245,245,0.8829645500372498,2025-01-01 15:00:41.164723,2025-01-01 15:00:56.747872,0 days 00:00:15.583149,1,160,,,,,,,,,,,,,,,,,,,,5,,,,,,,,,,,,,,,,,,,,COMPLETE
246,246,0.9068536139086277,2025-01-01 15:00:56.748359,2025-01-01 15:01:11.104869,0 days 00:00:14.356510,1,155,,,,,,,,,,,,,,,,,,,,5,,,,,,,,,,,,,,,,,,,,COMPLETE
247,247,0.851759832477748,2025-01-01 15:01:11.105249,2025-01-01 15:01:26.689631,0 days 00:00:15.584382,1,150,,,,,,,,,,,,,,,,,,,,5,,,,,,,,,,,,,,,,,,,,COMPLETE
248,248,0.8693280982323225,2025-01-01 15:01:26.689992,2025-01-01 15:02:52.296776,0 days 00:01:25.606784,2,165,70.0,,,,,,,,,,,,,,,,,,,5,5.0,,,,,,,,,,,,,,,,,,,COMPLETE
249,249,0.8684916502486162,2025-01-01 15:02:52.297331,2025-01-01 15:03:07.301125,0 days 00:00:15.003794,1,155,,,,,,,,,,,,,,,,,,,,5,,,,,,,,,,,,,,,,,,,,COMPLETE
250,250,0.9116979513398653,2025-01-01 15:03:07.301543,2025-01-01 15:03:22.031167,0 days 00:00:14.729624,1,170,,,,,,,,,,,,,,,,,,,,5,,,,,,,,,,,,,,,,,,,,COMPLETE
251,251,0.0,2025-01-01 15:03:22.031655,2025-01-01 15:03:55.884366,0 days 00:00:33.852711,6,170,25.0,,,,,,,,,,,105.0,145.0,105.0,190.0,,,,,5,4.0,,,,,,,,,,,6.0,3.0,6.0,6.0,,,,,COMPLETE
252,252,0.8690688410639582,2025-01-01 15:03:55.884909,2025-01-01 15:04:35.461846,0 days 00:00:39.576937,2,145,50.0,,,,,,,,,,,,,,,,,,,5,3.0,,,,,,,,,,,,,,,,,,,COMPLETE
253,253,0.9073760421975824,2025-01-01 15:04:35.462363,2025-01-01 15:04:46.099531,0 days 00:00:10.637168,1,170,,,,,,,,,,,,,,,,,,,,5,,,,,,,,,,,,,,,,,,,,COMPLETE
254,254,0.8424602524450389,2025-01-01 15:04:46.099887,2025-01-01 15:05:00.353075,0 days 00:00:14.253188,1,175,,,,,,,,,,,,,,,,,,,,5,,,,,,,,,,,,,,,,,,,,COMPLETE
255,255,0.8679336660895565,2025-01-01 15:05:00.353625,2025-01-01 15:05:15.045650,0 days 00:00:14.692025,1,180,,,,,,,,,,,,,,,,,,,,5,,,,,,,,,,,,,,,,,,,,COMPLETE
256,256,0.8712581127010816,2025-01-01 15:05:15.046032,2025-01-01 15:07:14.762009,0 days 00:01:59.715977,2,170,135.0,,,,,,,,,,,,,,,,,,,5,6.0,,,,,,,,,,,,,,,,,,,COMPLETE
257,257,0.0,2025-01-01 15:07:14.762569,2025-01-01 15:07:59.721938,0 days 00:00:44.959369,14,195,40.0,145.0,35.0,150.0,85.0,,,,,,,5.0,90.0,160.0,110.0,175.0,90.0,25.0,30.0,5,2.0,5.0,3.0,2.0,5.0,,,,,,,3.0,2.0,3.0,2.0,5.0,6.0,3.0,2.0,COMPLETE
258,258,0.8980546759883374,2025-01-01 15:07:59.722680,2025-01-01 15:08:10.076314,0 days 00:00:10.353634,1,165,,,,,,,,,,,,,,,,,,,,5,,,,,,,,,,,,,,,,,,,,COMPLETE
259,259,0.8764814436712524,2025-01-01 15:08:10.076740,2025-01-01 15:08:25.542849,0 days 00:00:15.466109,1,140,,,,,,,,,,,,,,,,,,,,5,,,,,,,,,,,,,,,,,,,,COMPLETE
260,260,0.0,2025-01-01 15:08:25.543325,2025-01-01 15:10:35.021111,0 days 00:02:09.477786,16,190,185.0,200.0,80.0,90.0,45.0,55.0,60.0,,,,,160.0,125.0,35.0,155.0,140.0,195.0,200.0,90.0,5,4.0,6.0,5.0,6.0,6.0,3.0,4.0,,,,,5.0,4.0,6.0,4.0,5.0,2.0,4.0,4.0,COMPLETE
261,261,0.8656134429382837,2025-01-01 15:10:35.021942,2025-01-01 15:12:06.637682,0 days 00:01:31.615740,2,180,85.0,,,,,,,,,,,,,,,,,,,5,5.0,,,,,,,,,,,,,,,,,,,COMPLETE
262,262,0.8736486461233719,2025-01-01 15:12:06.638282,2025-01-01 15:12:21.458327,0 days 00:00:14.820045,1,170,,,,,,,,,,,,,,,,,,,,5,,,,,,,,,,,,,,,,,,,,COMPLETE
263,263,0.5957666829467446,2025-01-01 15:12:21.458746,2025-01-01 15:12:36.043185,0 days 00:00:14.584439,1,185,,,,,,,,,,,,,,,,,,,,5,,,,,,,,,,,,,,,,,,,,COMPLETE
264,264,0.8706397366214933,2025-01-01 15:12:36.043626,2025-01-01 15:13:26.343024,0 days 00:00:50.299398,2,190,155.0,,,,,,,,,,,,,,,,,,,5,3.0,,,,,,,,,,,,,,,,,,,COMPLETE
265,265,0.8391779669261314,2025-01-01 15:13:26.343621,2025-01-01 15:13:41.458795,0 days 00:00:15.115174,1,175,,,,,,,,,,,,,,,,,,,,5,,,,,,,,,,,,,,,,,,,,COMPLETE
266,266,0.0,2025-01-01 15:13:41.459296,2025-01-01 15:14:20.260768,0 days 00:00:38.801472,11,165,105.0,125.0,,,,,,,,,,30.0,80.0,75.0,40.0,60.0,35.0,100.0,170.0,5,6.0,2.0,,,,,,,,,,2.0,6.0,4.0,5.0,4.0,5.0,2.0,5.0,COMPLETE
267,267,0.8984656060757394,2025-01-01 15:14:20.261448,2025-01-01 15:14:35.175425,0 days 00:00:14.913977,1,175,,,,,,,,,,,,,,,,,,,,5,,,,,,,,,,,,,,,,,,,,COMPLETE
268,268,0.8696804538794002,2025-01-01 15:14:35.175940,2025-01-01 15:15:04.634825,0 days 00:00:29.458885,2,160,125.0,,,,,,,,,,,,,,,,,,,5,2.0,,,,,,,,,,,,,,,,,,,COMPLETE
269,269,0.8757714467585538,2025-01-01 15:15:04.635267,2025-01-01 15:15:19.205041,0 days 00:00:14.569774,1,180,,,,,,,,,,,,,,,,,,,,5,,,,,,,,,,,,,,,,,,,,COMPLETE
270,270,0.8846054038624755,2025-01-01 15:15:19.205493,2025-01-01 15:15:33.625546,0 days 00:00:14.420053,1,145,,,,,,,,,,,,,,,,,,,,5,,,,,,,,,,,,,,,,,,,,COMPLETE
271,271,0.8718138316942896,2025-01-01 15:15:33.626039,2025-01-01 15:17:00.805800,0 days 00:01:27.179761,2,170,60.0,,,,,,,,,,,,,,,,,,,5,5.0,,,,,,,,,,,,,,,,,,,COMPLETE
272,272,0.9069407568213181,2025-01-01 15:17:00.806372,2025-01-01 15:17:09.615650,0 days 00:00:08.809278,1,185,,,,,,,,,,,,,,,,,,,,2,,,,,,,,,,,,,,,,,,,,COMPLETE
273,273,0.8119714567082988,2025-01-01 15:17:09.616129,2025-01-01 15:17:23.410897,0 days 00:00:13.794768,1,165,,,,,,,,,,,,,,,,,,,,4,,,,,,,,,,,,,,,,,,,,COMPLETE
274,274,0.8258232897186061,2025-01-01 15:17:23.411286,2025-01-01 15:17:32.040145,0 days 00:00:08.628859,1,185,,,,,,,,,,,,,,,,,,,,3,,,,,,,,,,,,,,,,,,,,COMPLETE
275,275,0.8766669674188783,2025-01-01 15:17:32.040539,2025-01-01 15:18:35.577566,0 days 00:01:03.537027,2,180,115.0,,,,,,,,,,,,,,,,,,,3,4.0,,,,,,,,,,,,,,,,,,,COMPLETE
276,276,0.8509574595781478,2025-01-01 15:18:35.578134,2025-01-01 15:18:44.112124,0 days 00:00:08.533990,1,175,,,,,,,,,,,,,,,,,,,,2,,,,,,,,,,,,,,,,,,,,COMPLETE
277,277,0.8778258752455942,2025-01-01 15:18:44.112553,2025-01-01 15:19:00.056728,0 days 00:00:15.944175,1,155,,,,,,,,,,,,,,,,,,,,5,,,,,,,,,,,,,,,,,,,,COMPLETE
278,278,0.8706416157246493,2025-01-01 15:19:00.057212,2025-01-01 15:20:54.298066,0 days 00:01:54.240854,2,170,150.0,,,,,,,,,,,,,,,,,,,2,6.0,,,,,,,,,,,,,,,,,,,COMPLETE
279,279,0.8757349668839498,2025-01-01 15:20:54.298647,2025-01-01 15:21:09.586380,0 days 00:00:15.287733,1,190,,,,,,,,,,,,,,,,,,,,5,,,,,,,,,,,,,,,,,,,,COMPLETE
280,280,0.0,2025-01-01 15:21:09.586807,2025-01-01 15:21:42.208607,0 days 00:00:32.621800,9,160,190.0,,,,,,,,,,,175.0,190.0,140.0,130.0,115.0,170.0,70.0,,5,2.0,,,,,,,,,,,5.0,3.0,2.0,3.0,2.0,6.0,6.0,,COMPLETE
281,281,0.8698602685807224,2025-01-01 15:21:42.209265,2025-01-01 15:22:25.836728,0 days 00:00:43.627463,2,185,140.0,,,,,,,,,,,,,,,,,,,3,3.0,,,,,,,,,,,,,,,,,,,COMPLETE
282,282,0.8448377222222911,2025-01-01 15:22:25.837283,2025-01-01 15:22:42.721140,0 days 00:00:16.883857,1,195,,,,,,,,,,,,,,,,,,,,5,,,,,,,,,,,,,,,,,,,,COMPLETE
283,283,0.8640731273821192,2025-01-01 15:22:42.721532,2025-01-01 15:22:57.942244,0 days 00:00:15.220712,1,150,,,,,,,,,,,,,,,,,,,,5,,,,,,,,,,,,,,,,,,,,COMPLETE
284,284,0.8314686671132498,2025-01-01 15:22:57.942676,2025-01-01 15:23:12.833562,0 days 00:00:14.890886,1,175,,,,,,,,,,,,,,,,,,,,5,,,,,,,,,,,,,,,,,,,,COMPLETE
285,285,0.8658907417980877,2025-01-01 15:23:12.834061,2025-01-01 15:24:38.200276,0 days 00:01:25.366215,2,165,80.0,,,,,,,,,,,,,,,,,,,5,5.0,,,,,,,,,,,,,,,,,,,COMPLETE
286,286,0.860806541608992,2025-01-01 15:24:38.200856,2025-01-01 15:24:47.132072,0 days 00:00:08.931216,1,180,,,,,,,,,,,,,,,,,,,,2,,,,,,,,,,,,,,,,,,,,COMPLETE
287,287,0.7274989803333064,2025-01-01 15:24:47.132558,2025-01-01 15:25:01.260600,0 days 00:00:14.128042,1,170,,,,,,,,,,,,,,,,,,,,5,,,,,,,,,,,,,,,,,,,,COMPLETE
288,288,0.8653397436051107,2025-01-01 15:25:01.260991,2025-01-01 15:25:52.211392,0 days 00:00:50.950401,2,185,200.0,,,,,,,,,,,,,,,,,,,5,3.0,,,,,,,,,,,,,,,,,,,COMPLETE
289,289,0.8692830114432877,2025-01-01 15:25:52.211973,2025-01-01 15:26:06.406763,0 days 00:00:14.194790,1,155,,,,,,,,,,,,,,,,,,,,5,,,,,,,,,,,,,,,,,,,,COMPLETE
290,290,0.8703940456549721,2025-01-01 15:26:06.407154,2025-01-01 15:27:53.953079,0 days 00:01:47.545925,2,160,15.0,,,,,,,,,,,,,,,,,,,5,6.0,,,,,,,,,,,,,,,,,,,COMPLETE
291,291,0.8501708589690364,2025-01-01 15:27:53.953658,2025-01-01 15:28:08.719395,0 days 00:00:14.765737,1,190,,,,,,,,,,,,,,,,,,,,5,,,,,,,,,,,,,,,,,,,,COMPLETE
292,292,0.8850533721139839,2025-01-01 15:28:08.719935,2025-01-01 15:28:18.834055,0 days 00:00:10.114120,1,165,,,,,,,,,,,,,,,,,,,,5,,,,,,,,,,,,,,,,,,,,COMPLETE
293,293,0.8767352287034131,2025-01-01 15:28:18.834440,2025-01-01 15:29:27.066290,0 days 00:01:08.231850,2,180,120.0,,,,,,,,,,,,,,,,,,,5,4.0,,,,,,,,,,,,,,,,,,,COMPLETE
294,294,0.0,2025-01-01 15:29:27.066873,2025-01-01 15:29:46.731549,0 days 00:00:19.664676,5,175,110.0,,,,,,,,,,,125.0,15.0,95.0,,,,,,5,2.0,,,,,,,,,,,3.0,5.0,5.0,,,,,,COMPLETE
295,295,0.9087504507594748,2025-01-01 15:29:46.732042,2025-01-01 15:30:02.711947,0 days 00:00:15.979905,1,200,,,,,,,,,,,,,,,,,,,,5,,,,,,,,,,,,,,,,,,,,COMPLETE
296,296,0.8937360973918789,2025-01-01 15:30:02.712445,2025-01-01 15:30:19.758043,0 days 00:00:17.045598,1,200,,,,,,,,,,,,,,,,,,,,5,,,,,,,,,,,,,,,,,,,,COMPLETE
297,297,0.0,2025-01-01 15:30:19.758431,2025-01-01 15:30:40.177990,0 days 00:00:20.419559,8,200,195.0,,,,,,,,,,,95.0,65.0,15.0,175.0,140.0,110.0,,,4,3.0,,,,,,,,,,,4.0,4.0,3.0,6.0,4.0,3.0,,,COMPLETE
298,298,0.8755266042964578,2025-01-01 15:30:40.178550,2025-01-01 15:31:51.807713,0 days 00:01:11.629163,2,190,100.0,,,,,,,,,,,,,,,,,,,5,4.0,,,,,,,,,,,,,,,,,,,COMPLETE
299,299,0.8899888929123936,2025-01-01 15:31:51.808288,2025-01-01 15:32:07.494275,0 days 00:00:15.685987,1,200,,,,,,,,,,,,,,,,,,,,5,,,,,,,,,,,,,,,,,,,,COMPLETE
300,300,0.8887290352316206,2025-01-01 15:32:07.494709,2025-01-01 15:32:22.466194,0 days 00:00:14.971485,1,195,,,,,,,,,,,,,,,,,,,,5,,,,,,,,,,,,,,,,,,,,COMPLETE
301,301,0.9111007895492427,2025-01-01 15:32:22.466694,2025-01-01 15:32:36.780515,0 days 00:00:14.313821,1,145,,,,,,,,,,,,,,,,,,,,5,,,,,,,,,,,,,,,,,,,,COMPLETE
302,302,0.8659300263888,2025-01-01 15:32:36.780902,2025-01-01 15:34:11.425875,0 days 00:01:34.644973,2,135,35.0,,,,,,,,,,,,,,,,,,,5,6.0,,,,,,,,,,,,,,,,,,,COMPLETE
303,303,0.8002720201946514,2025-01-01 15:34:11.426445,2025-01-01 15:34:26.085441,0 days 00:00:14.658996,1,140,,,,,,,,,,,,,,,,,,,,5,,,,,,,,,,,,,,,,,,,,COMPLETE
304,304,0.8947937499247531,2025-01-01 15:34:26.085839,2025-01-01 15:34:41.734459,0 days 00:00:15.648620,1,145,,,,,,,,,,,,,,,,,,,,5,,,,,,,,,,,,,,,,,,,,COMPLETE
305,305,0.9019916386869019,2025-01-01 15:34:41.734890,2025-01-01 15:34:54.844159,0 days 00:00:13.109269,1,150,,,,,,,,,,,,,,,,,,,,5,,,,,,,,,,,,,,,,,,,,COMPLETE
306,306,0.865852562644448,2025-01-01 15:34:54.844670,2025-01-01 15:36:32.632513,0 days 00:01:37.787843,2,185,145.0,,,,,,,,,,,,,,,,,,,5,5.0,,,,,,,,,,,,,,,,,,,COMPLETE
307,307,0.8902668526610112,2025-01-01 15:36:32.633097,2025-01-01 15:36:46.973781,0 days 00:00:14.340684,1,150,,,,,,,,,,,,,,,,,,,,5,,,,,,,,,,,,,,,,,,,,COMPLETE
308,308,0.9061011306854675,2025-01-01 15:36:46.974176,2025-01-01 15:37:01.495433,0 days 00:00:14.521257,1,145,,,,,,,,,,,,,,,,,,,,5,,,,,,,,,,,,,,,,,,,,COMPLETE
309,309,0.8774654488711152,2025-01-01 15:37:01.495875,2025-01-01 15:38:01.549390,0 days 00:01:00.053515,2,145,165.0,,,,,,,,,,,,,,,,,,,5,4.0,,,,,,,,,,,,,,,,,,,COMPLETE
310,310,0.8939160868113794,2025-01-01 15:38:01.549968,2025-01-01 15:38:15.905107,0 days 00:00:14.355139,1,140,,,,,,,,,,,,,,,,,,,,5,,,,,,,,,,,,,,,,,,,,COMPLETE
311,311,0.6689213387271069,2025-01-01 15:38:15.905617,2025-01-01 15:38:29.723244,0 days 00:00:13.817627,1,145,,,,,,,,,,,,,,,,,,,,5,,,,,,,,,,,,,,,,,,,,COMPLETE
312,312,0.8760144766014095,2025-01-01 15:38:29.723643,2025-01-01 15:38:45.979872,0 days 00:00:16.256229,1,150,,,,,,,,,,,,,,,,,,,,5,,,,,,,,,,,,,,,,,,,,COMPLETE
313,313,0.8762937874048458,2025-01-01 15:38:45.980328,2025-01-01 15:39:20.578546,0 days 00:00:34.598218,2,190,50.0,,,,,,,,,,,,,,,,,,,6,2.0,,,,,,,,,,,,,,,,,,,COMPLETE
314,314,0.8802469787677714,2025-01-01 15:39:20.579073,2025-01-01 15:39:35.301013,0 days 00:00:14.721940,1,195,,,,,,,,,,,,,,,,,,,,5,,,,,,,,,,,,,,,,,,,,COMPLETE
315,315,0.892662335152121,2025-01-01 15:39:35.301395,2025-01-01 15:39:51.606593,0 days 00:00:16.305198,1,180,,,,,,,,,,,,,,,,,,,,5,,,,,,,,,,,,,,,,,,,,COMPLETE
316,316,0.8702845167589701,2025-01-01 15:39:51.607128,2025-01-01 15:41:54.444611,0 days 00:02:02.837483,2,185,25.0,,,,,,,,,,,,,,,,,,,5,6.0,,,,,,,,,,,,,,,,,,,COMPLETE
317,317,0.9019996422391008,2025-01-01 15:41:54.445190,2025-01-01 15:42:07.326296,0 days 00:00:12.881106,1,175,,,,,,,,,,,,,,,,,,,,4,,,,,,,,,,,,,,,,,,,,COMPLETE
318,318,0.8963689492508392,2025-01-01 15:42:07.326737,2025-01-01 15:42:23.063016,0 days 00:00:15.736279,1,185,,,,,,,,,,,,,,,,,,,,5,,,,,,,,,,,,,,,,,,,,COMPLETE
319,319,0.9049263976350053,2025-01-01 15:42:23.063537,2025-01-01 15:42:38.316875,0 days 00:00:15.253338,1,105,,,,,,,,,,,,,,,,,,,,6,,,,,,,,,,,,,,,,,,,,COMPLETE
320,320,0.8681093346767537,2025-01-01 15:42:38.317258,2025-01-01 15:43:12.786455,0 days 00:00:34.469197,2,95,75.0,,,,,,,,,,,,,,,,,,,6,3.0,,,,,,,,,,,,,,,,,,,COMPLETE
321,321,0.8582765079142096,2025-01-01 15:43:12.787011,2025-01-01 15:43:31.354458,0 days 00:00:18.567447,1,110,,,,,,,,,,,,,,,,,,,,6,,,,,,,,,,,,,,,,,,,,COMPLETE
322,322,0.8645774614938027,2025-01-01 15:43:31.354883,2025-01-01 15:44:21.007447,0 days 00:00:49.652564,2,75,10.0,,,,,,,,,,,,,,,,,,,6,5.0,,,,,,,,,,,,,,,,,,,COMPLETE
323,323,0.8688778136971507,2025-01-01 15:44:21.008039,2025-01-01 15:46:19.203993,0 days 00:01:58.195954,3,140,135.0,,,,,,,,,,,195.0,,,,,,,,6,2.0,,,,,,,,,,,6.0,,,,,,,,COMPLETE
324,324,0.0,2025-01-01 15:46:19.204597,2025-01-01 15:46:37.574584,0 days 00:00:18.369987,10,145,70.0,,,,,,,,,,,35.0,110.0,120.0,70.0,200.0,15.0,150.0,145.0,6,4.0,,,,,,,,,,,2.0,2.0,2.0,4.0,3.0,3.0,5.0,3.0,COMPLETE
325,325,0.8938605171888268,2025-01-01 15:46:37.575286,2025-01-01 15:46:53.579405,0 days 00:00:16.004119,1,90,,,,,,,,,,,,,,,,,,,,6,,,,,,,,,,,,,,,,,,,,COMPLETE
326,326,0.8935518814243256,2025-01-01 15:46:53.579811,2025-01-01 15:47:09.688468,0 days 00:00:16.108657,1,115,,,,,,,,,,,,,,,,,,,,6,,,,,,,,,,,,,,,,,,,,COMPLETE
327,327,0.8924121339440072,2025-01-01 15:47:09.688906,2025-01-01 15:47:25.198264,0 days 00:00:15.509358,1,130,,,,,,,,,,,,,,,,,,,,6,,,,,,,,,,,,,,,,,,,,COMPLETE
328,328,0.862323259928369,2025-01-01 15:47:25.198772,2025-01-01 15:48:00.071808,0 days 00:00:34.873036,2,150,5.0,,,,,,,,,,,,,,,,,,,3,3.0,,,,,,,,,,,,,,,,,,,COMPLETE
329,329,0.869378574916438,2025-01-01 15:48:00.072234,2025-01-01 15:48:15.329717,0 days 00:00:15.257483,1,120,,,,,,,,,,,,,,,,,,,,6,,,,,,,,,,,,,,,,,,,,COMPLETE
330,330,0.6938316698630043,2025-01-01 15:48:15.330260,2025-01-01 15:48:31.979732,0 days 00:00:16.649472,1,155,,,,,,,,,,,,,,,,,,,,5,,,,,,,,,,,,,,,,,,,,COMPLETE
331,331,0.8900875979714153,2025-01-01 15:48:31.980122,2025-01-01 15:48:44.767390,0 days 00:00:12.787268,1,135,,,,,,,,,,,,,,,,,,,,5,,,,,,,,,,,,,,,,,,,,COMPLETE
332,332,0.8786166217957395,2025-01-01 15:48:44.767784,2025-01-01 15:50:28.163275,0 days 00:01:43.395491,2,195,175.0,,,,,,,,,,,,,,,,,,,5,5.0,,,,,,,,,,,,,,,,,,,COMPLETE
333,333,0.8333599283979031,2025-01-01 15:50:28.163858,2025-01-01 15:50:43.766568,0 days 00:00:15.602710,1,180,,,,,,,,,,,,,,,,,,,,6,,,,,,,,,,,,,,,,,,,,COMPLETE
334,334,0.8910417363598986,2025-01-01 15:50:43.767066,2025-01-01 15:50:59.912749,0 days 00:00:16.145683,1,190,,,,,,,,,,,,,,,,,,,,5,,,,,,,,,,,,,,,,,,,,COMPLETE
335,335,0.871156788451497,2025-01-01 15:50:59.913164,2025-01-01 15:52:47.684319,0 days 00:01:47.771155,2,155,90.0,,,,,,,,,,,,,,,,,,,5,6.0,,,,,,,,,,,,,,,,,,,COMPLETE
336,336,0.8275467363075537,2025-01-01 15:52:47.684905,2025-01-01 15:53:01.285962,0 days 00:00:13.601057,1,100,,,,,,,,,,,,,,,,,,,,5,,,,,,,,,,,,,,,,,,,,COMPLETE
337,337,0.8689448895918532,2025-01-01 15:53:01.286395,2025-01-01 15:53:38.291028,0 days 00:00:37.004633,3,145,30.0,,,,,,,,,,,145.0,,,,,,,,5,2.0,,,,,,,,,,,4.0,,,,,,,,COMPLETE
338,338,0.8621974708765368,2025-01-01 15:53:38.291584,2025-01-01 15:54:41.224924,0 days 00:01:02.933340,2,160,45.0,,,,,,,,,,,,,,,,,,,6,4.0,,,,,,,,,,,,,,,,,,,COMPLETE
339,339,0.6861787315127719,2025-01-01 15:54:41.225512,2025-01-01 15:54:54.821565,0 days 00:00:13.596053,1,105,,,,,,,,,,,,,,,,,,,,5,,,,,,,,,,,,,,,,,,,,COMPLETE
340,340,0.8978321669756667,2025-01-01 15:54:54.822069,2025-01-01 15:55:08.748963,0 days 00:00:13.926894,1,125,,,,,,,,,,,,,,,,,,,,5,,,,,,,,,,,,,,,,,,,,COMPLETE
341,341,0.8744486648322933,2025-01-01 15:55:08.749363,2025-01-01 15:56:36.231356,0 days 00:01:27.481993,2,175,20.0,,,,,,,,,,,,,,,,,,,5,5.0,,,,,,,,,,,,,,,,,,,COMPLETE
342,342,0.8684113640259188,2025-01-01 15:56:36.231961,2025-01-01 15:56:49.854139,0 days 00:00:13.622178,1,170,,,,,,,,,,,,,,,,,,,,5,,,,,,,,,,,,,,,,,,,,COMPLETE
343,343,0.8929553442389735,2025-01-01 15:56:49.854543,2025-01-01 15:57:05.414179,0 days 00:00:15.559636,1,150,,,,,,,,,,,,,,,,,,,,6,,,,,,,,,,,,,,,,,,,,COMPLETE
344,344,0.8636452558054749,2025-01-01 15:57:05.414623,2025-01-01 15:57:22.218677,0 days 00:00:16.804054,1,185,,,,,,,,,,,,,,,,,,,,5,,,,,,,,,,,,,,,,,,,,COMPLETE
345,345,0.871700256825521,2025-01-01 15:57:22.219164,2025-01-01 15:58:08.423537,0 days 00:00:46.204373,2,190,95.0,,,,,,,,,,,,,,,,,,,4,3.0,,,,,,,,,,,,,,,,,,,COMPLETE
346,346,0.8063977316317581,2025-01-01 15:58:08.424125,2025-01-01 15:58:22.744445,0 days 00:00:14.320320,1,170,,,,,,,,,,,,,,,,,,,,5,,,,,,,,,,,,,,,,,,,,COMPLETE
347,347,0.8847299647228097,2025-01-01 15:58:22.744857,2025-01-01 15:58:28.964452,0 days 00:00:06.219595,1,160,,,,,,,,,,,,,,,,,,,,3,,,,,,,,,,,,,,,,,,,,COMPLETE
348,348,0.8741229932109389,2025-01-01 15:58:28.964857,2025-01-01 15:59:25.202415,0 days 00:00:56.237558,2,80,55.0,,,,,,,,,,,,,,,,,,,2,6.0,,,,,,,,,,,,,,,,,,,COMPLETE
349,349,0.894893012497087,2025-01-01 15:59:25.203014,2025-01-01 15:59:39.137110,0 days 00:00:13.934096,1,175,,,,,,,,,,,,,,,,,,,,5,,,,,,,,,,,,,,,,,,,,COMPLETE
350,350,0.8780993148804301,2025-01-01 15:59:39.137503,2025-01-01 16:00:06.217445,0 days 00:00:27.079942,2,140,65.0,,,,,,,,,,,,,,,,,,,5,2.0,,,,,,,,,,,,,,,,,,,COMPLETE
351,351,0.9043572332336003,2025-01-01 16:00:06.218025,2025-01-01 16:00:23.251763,0 days 00:00:17.033738,1,165,,,,,,,,,,,,,,,,,,,,6,,,,,,,,,,,,,,,,,,,,COMPLETE
352,352,0.8863053712304493,2025-01-01 16:00:23.252166,2025-01-01 16:00:42.130535,0 days 00:00:18.878369,1,165,,,,,,,,,,,,,,,,,,,,6,,,,,,,,,,,,,,,,,,,,COMPLETE
353,353,0.9098917194532268,2025-01-01 16:00:42.130978,2025-01-01 16:00:58.647684,0 days 00:00:16.516706,1,155,,,,,,,,,,,,,,,,,,,,6,,,,,,,,,,,,,,,,,,,,COMPLETE
354,354,0.7551855097867368,2025-01-01 16:00:58.648192,2025-01-01 16:01:18.013748,0 days 00:00:19.365556,1,150,,,,,,,,,,,,,,,,,,,,6,,,,,,,,,,,,,,,,,,,,COMPLETE
355,355,0.0,2025-01-01 16:01:18.014155,2025-01-01 16:02:22.336473,0 days 00:01:04.322318,13,160,180.0,90.0,175.0,170.0,,,,,,,,15.0,50.0,80.0,185.0,105.0,185.0,180.0,80.0,6,5.0,4.0,2.0,4.0,,,,,,,,6.0,6.0,5.0,2.0,6.0,4.0,3.0,6.0,COMPLETE
356,356,0.8863274697317542,2025-01-01 16:02:22.337272,2025-01-01 16:02:39.414677,0 days 00:00:17.077405,1,155,,,,,,,,,,,,,,,,,,,,6,,,,,,,,,,,,,,,,,,,,COMPLETE
357,357,0.8616278146278608,2025-01-01 16:02:39.415214,2025-01-01 16:03:43.973243,0 days 00:01:04.558029,2,155,160.0,,,,,,,,,,,,,,,,,,,6,4.0,,,,,,,,,,,,,,,,,,,COMPLETE
358,358,0.7923463689106907,2025-01-01 16:03:43.973876,2025-01-01 16:03:55.343716,0 days 00:00:11.369840,1,40,,,,,,,,,,,,,,,,,,,,6,,,,,,,,,,,,,,,,,,,,COMPLETE
359,359,0.9037200816768842,2025-01-01 16:03:55.344146,2025-01-01 16:04:12.881648,0 days 00:00:17.537502,1,200,,,,,,,,,,,,,,,,,,,,6,,,,,,,,,,,,,,,,,,,,COMPLETE
360,360,0.8738741987179488,2025-01-01 16:04:12.882110,2025-01-01 16:06:00.448035,0 days 00:01:47.565925,2,145,130.0,,,,,,,,,,,,,,,,,,,6,6.0,,,,,,,,,,,,,,,,,,,COMPLETE
361,361,0.87131412701303,2025-01-01 16:06:00.448669,2025-01-01 16:06:39.462055,0 days 00:00:39.013386,2,150,85.0,,,,,,,,,,,,,,,,,,,4,3.0,,,,,,,,,,,,,,,,,,,COMPLETE
362,362,0.8790475886171959,2025-01-01 16:06:39.462627,2025-01-01 16:06:57.043407,0 days 00:00:17.580780,1,155,,,,,,,,,,,,,,,,,,,,6,,,,,,,,,,,,,,,,,,,,COMPLETE
363,363,0.902276674073262,2025-01-01 16:06:57.043880,2025-01-01 16:07:10.606567,0 days 00:00:13.562687,1,160,,,,,,,,,,,,,,,,,,,,5,,,,,,,,,,,,,,,,,,,,COMPLETE
364,364,0.8756339540609204,2025-01-01 16:07:10.606990,2025-01-01 16:08:39.294521,0 days 00:01:28.687531,2,170,115.0,,,,,,,,,,,,,,,,,,,5,5.0,,,,,,,,,,,,,,,,,,,COMPLETE
365,365,0.9116401516295314,2025-01-01 16:08:39.295143,2025-01-01 16:08:58.053160,0 days 00:00:18.758017,1,135,,,,,,,,,,,,,,,,,,,,6,,,,,,,,,,,,,,,,,,,,COMPLETE
366,366,0.8625734490508812,2025-01-01 16:08:58.053616,2025-01-01 16:09:14.717115,0 days 00:00:16.663499,1,135,,,,,,,,,,,,,,,,,,,,6,,,,,,,,,,,,,,,,,,,,COMPLETE
367,367,0.0,2025-01-01 16:09:14.717638,2025-01-01 16:09:34.906394,0 days 00:00:20.188756,6,145,185.0,,,,,,,,,,,50.0,30.0,190.0,15.0,,,,,6,2.0,,,,,,,,,,,3.0,3.0,3.0,5.0,,,,,COMPLETE
368,368,0.883747639677998,2025-01-01 16:09:34.906886,2025-01-01 16:09:52.543758,0 days 00:00:17.636872,1,135,,,,,,,,,,,,,,,,,,,,6,,,,,,,,,,,,,,,,,,,,COMPLETE
369,369,0.808821445339243,2025-01-01 16:09:52.544209,2025-01-01 16:10:09.133009,0 days 00:00:16.588800,1,195,,,,,,,,,,,,,,,,,,,,6,,,,,,,,,,,,,,,,,,,,COMPLETE
370,370,0.861315118011902,2025-01-01 16:10:09.133529,2025-01-01 16:10:27.267347,0 days 00:00:18.133818,1,130,,,,,,,,,,,,,,,,,,,,6,,,,,,,,,,,,,,,,,,,,COMPLETE
371,371,0.8703991067036929,2025-01-01 16:10:27.267762,2025-01-01 16:11:26.680314,0 days 00:00:59.412552,2,140,125.0,,,,,,,,,,,,,,,,,,,6,4.0,,,,,,,,,,,,,,,,,,,COMPLETE
372,372,0.0,2025-01-01 16:11:26.680920,2025-01-01 16:11:58.213276,0 days 00:00:31.532356,7,145,140.0,,,,,,,,,,,70.0,145.0,60.0,40.0,90.0,,,,6,5.0,,,,,,,,,,,5.0,5.0,4.0,3.0,5.0,,,,COMPLETE
373,373,0.8557301025556686,2025-01-01 16:11:58.213961,2025-01-01 16:12:14.523729,0 days 00:00:16.309768,1,140,,,,,,,,,,,,,,,,,,,,6,,,,,,,,,,,,,,,,,,,,COMPLETE
374,374,0.8731164214297795,2025-01-01 16:12:14.524134,2025-01-01 16:13:01.966676,0 days 00:00:47.442542,2,150,195.0,,,,,,,,,,,,,,,,,,,6,3.0,,,,,,,,,,,,,,,,,,,COMPLETE
375,375,0.39621911032157825,2025-01-01 16:13:01.967274,2025-01-01 16:13:14.890982,0 days 00:00:12.923708,1,125,,,,,,,,,,,,,,,,,,,,6,,,,,,,,,,,,,,,,,,,,COMPLETE
376,376,0.8739515328808474,2025-01-01 16:13:14.891426,2025-01-01 16:13:32.549887,0 days 00:00:17.658461,1,130,,,,,,,,,,,,,,,,,,,,6,,,,,,,,,,,,,,,,,,,,COMPLETE
377,377,0.8693944281795429,2025-01-01 16:13:32.550361,2025-01-01 16:14:40.147830,0 days 00:01:07.597469,2,185,40.0,,,,,,,,,,,,,,,,,,,5,4.0,,,,,,,,,,,,,,,,,,,COMPLETE
378,378,0.0,2025-01-01 16:14:40.148431,2025-01-01 16:15:59.306472,0 days 00:01:19.158041,18,180,170.0,50.0,120.0,40.0,175.0,150.0,140.0,45.0,200.0,,,135.0,90.0,5.0,155.0,115.0,90.0,105.0,115.0,5,6.0,3.0,4.0,3.0,2.0,5.0,5.0,4.0,6.0,,,4.0,4.0,6.0,2.0,2.0,2.0,5.0,2.0,COMPLETE
379,379,0.0,2025-01-01 16:15:59.307360,2025-01-01 16:16:07.327666,0 days 00:00:08.020306,3,150,155.0,,,,,,,,,,,115.0,,,,,,,,5,2.0,,,,,,,,,,,2.0,,,,,,,,COMPLETE
380,380,0.8038564586456143,2025-01-01 16:16:07.328116,2025-01-01 16:16:23.991425,0 days 00:00:16.663309,1,190,,,,,,,,,,,,,,,,,,,,6,,,,,,,,,,,,,,,,,,,,COMPLETE
381,381,0.8549804411230763,2025-01-01 16:16:23.991981,2025-01-01 16:16:36.341889,0 days 00:00:12.349908,1,185,,,,,,,,,,,,,,,,,,,,5,,,,,,,,,,,,,,,,,,,,COMPLETE
382,382,0.8929866670877614,2025-01-01 16:16:36.342354,2025-01-01 16:16:51.417473,0 days 00:00:15.075119,1,180,,,,,,,,,,,,,,,,,,,,5,,,,,,,,,,,,,,,,,,,,COMPLETE
383,383,0.8644472942663379,2025-01-01 16:16:51.417919,2025-01-01 16:17:40.509126,0 days 00:00:49.091207,2,195,60.0,,,,,,,,,,,,,,,,,,,5,3.0,,,,,,,,,,,,,,,,,,,COMPLETE
384,384,0.9051680119605889,2025-01-01 16:17:40.509753,2025-01-01 16:17:54.605375,0 days 00:00:14.095622,1,140,,,,,,,,,,,,,,,,,,,,5,,,,,,,,,,,,,,,,,,,,COMPLETE
385,385,0.8708456939991057,2025-01-01 16:17:54.605851,2025-01-01 16:18:48.840613,0 days 00:00:54.234762,2,140,105.0,,,,,,,,,,,,,,,,,,,4,4.0,,,,,,,,,,,,,,,,,,,COMPLETE
386,386,0.8472918459588048,2025-01-01 16:18:48.841237,2025-01-01 16:19:03.929754,0 days 00:00:15.088517,1,65,,,,,,,,,,,,,,,,,,,,6,,,,,,,,,,,,,,,,,,,,COMPLETE
387,387,0.9101941285138238,2025-01-01 16:19:03.930245,2025-01-01 16:19:19.803144,0 days 00:00:15.872899,1,135,,,,,,,,,,,,,,,,,,,,6,,,,,,,,,,,,,,,,,,,,COMPLETE
388,388,0.8920899231065681,2025-01-01 16:19:19.803630,2025-01-01 16:19:35.887030,0 days 00:00:16.083400,1,135,,,,,,,,,,,,,,,,,,,,5,,,,,,,,,,,,,,,,,,,,COMPLETE
389,389,0.8675960058456758,2025-01-01 16:19:35.887450,2025-01-01 16:21:11.978294,0 days 00:01:36.090844,2,130,145.0,,,,,,,,,,,,,,,,,,,5,6.0,,,,,,,,,,,,,,,,,,,COMPLETE
390,390,0.898842589668776,2025-01-01 16:21:11.978902,2025-01-01 16:21:27.282506,0 days 00:00:15.303604,1,135,,,,,,,,,,,,,,,,,,,,5,,,,,,,,,,,,,,,,,,,,COMPLETE
391,391,0.8130552777339113,2025-01-01 16:21:27.283036,2025-01-01 16:21:42.446862,0 days 00:00:15.163826,1,140,,,,,,,,,,,,,,,,,,,,5,,,,,,,,,,,,,,,,,,,,COMPLETE
392,392,0.8603402240095238,2025-01-01 16:21:42.447313,2025-01-01 16:22:19.800694,0 days 00:00:37.353381,2,135,20.0,,,,,,,,,,,,,,,,,,,5,3.0,,,,,,,,,,,,,,,,,,,COMPLETE
393,393,0.8839393983688097,2025-01-01 16:22:19.801245,2025-01-01 16:22:35.529716,0 days 00:00:15.728471,1,145,,,,,,,,,,,,,,,,,,,,6,,,,,,,,,,,,,,,,,,,,COMPLETE
394,394,0.8987898897079722,2025-01-01 16:22:35.530160,2025-01-01 16:22:46.785246,0 days 00:00:11.255086,1,140,,,,,,,,,,,,,,,,,,,,4,,,,,,,,,,,,,,,,,,,,COMPLETE
395,395,0.8707567956059146,2025-01-01 16:22:46.785672,2025-01-01 16:24:02.401446,0 days 00:01:15.615774,2,145,35.0,,,,,,,,,,,,,,,,,,,5,5.0,,,,,,,,,,,,,,,,,,,COMPLETE
396,396,0.8661302570886869,2025-01-01 16:24:02.402059,2025-01-01 16:24:21.076143,0 days 00:00:18.674084,1,135,,,,,,,,,,,,,,,,,,,,6,,,,,,,,,,,,,,,,,,,,COMPLETE
397,397,0.8903053200527847,2025-01-01 16:24:21.076577,2025-01-01 16:24:34.797236,0 days 00:00:13.720659,1,140,,,,,,,,,,,,,,,,,,,,5,,,,,,,,,,,,,,,,,,,,COMPLETE
398,398,0.8745147303982317,2025-01-01 16:24:34.797696,2025-01-01 16:25:02.870513,0 days 00:00:28.072817,2,145,75.0,,,,,,,,,,,,,,,,,,,5,2.0,,,,,,,,,,,,,,,,,,,COMPLETE
399,399,0.644506230083899,2025-01-01 16:25:02.871049,2025-01-01 16:25:20.936757,0 days 00:00:18.065708,1,200,,,,,,,,,,,,,,,,,,,,6,,,,,,,,,,,,,,,,,,,,COMPLETE
400,400,0.859479149604952,2025-01-01 16:25:20.937165,2025-01-01 16:25:36.610494,0 days 00:00:15.673329,1,150,,,,,,,,,,,,,,,,,,,,5,,,,,,,,,,,,,,,,,,,,COMPLETE
401,401,0.9012511396457529,2025-01-01 16:25:36.611027,2025-01-01 16:25:51.654252,0 days 00:00:15.043225,1,130,,,,,,,,,,,,,,,,,,,,5,,,,,,,,,,,,,,,,,,,,COMPLETE
402,402,0.8723348311923154,2025-01-01 16:25:51.654711,2025-01-01 16:26:47.995965,0 days 00:00:56.341254,2,140,110.0,,,,,,,,,,,,,,,,,,,5,4.0,,,,,,,,,,,,,,,,,,,COMPLETE
403,403,0.7410741447551169,2025-01-01 16:26:47.996567,2025-01-01 16:27:03.845539,0 days 00:00:15.848972,1,190,,,,,,,,,,,,,,,,,,,,5,,,,,,,,,,,,,,,,,,,,COMPLETE
404,404,0.8947931610960268,2025-01-01 16:27:03.845956,2025-01-01 16:27:18.173399,0 days 00:00:14.327443,1,180,,,,,,,,,,,,,,,,,,,,5,,,,,,,,,,,,,,,,,,,,COMPLETE
405,405,0.8700720360104145,2025-01-01 16:27:18.173873,2025-01-01 16:28:32.381207,0 days 00:01:14.207334,2,155,50.0,,,,,,,,,,,,,,,,,,,2,5.0,,,,,,,,,,,,,,,,,,,COMPLETE
406,406,0.9081578293656987,2025-01-01 16:28:32.381827,2025-01-01 16:28:49.952977,0 days 00:00:17.571150,1,175,,,,,,,,,,,,,,,,,,,,6,,,,,,,,,,,,,,,,,,,,COMPLETE
407,407,0.0,2025-01-01 16:28:49.953438,2025-01-01 16:30:04.960978,0 days 00:01:15.007540,16,175,100.0,170.0,35.0,130.0,105.0,30.0,190.0,,,,,155.0,120.0,50.0,145.0,185.0,130.0,20.0,40.0,6,6.0,5.0,6.0,5.0,4.0,2.0,3.0,,,,,4.0,2.0,2.0,4.0,3.0,6.0,5.0,4.0,COMPLETE
408,408,0.8900725976581857,2025-01-01 16:30:04.961852,2025-01-01 16:30:24.168625,0 days 00:00:19.206773,1,175,,,,,,,,,,,,,,,,,,,,6,,,,,,,,,,,,,,,,,,,,COMPLETE
409,409,0.9087075634997281,2025-01-01 16:30:24.169071,2025-01-01 16:30:43.683071,0 days 00:00:19.514000,1,170,,,,,,,,,,,,,,,,,,,,6,,,,,,,,,,,,,,,,,,,,COMPLETE
410,410,0.8747261702046232,2025-01-01 16:30:43.683644,2025-01-01 16:32:25.740683,0 days 00:01:42.057039,3,170,120.0,,,,,,,,,,,105.0,,,,,,,,6,3.0,,,,,,,,,,,5.0,,,,,,,,COMPLETE
411,411,0.8993888213592647,2025-01-01 16:32:25.741353,2025-01-01 16:32:43.561146,0 days 00:00:17.819793,1,170,,,,,,,,,,,,,,,,,,,,6,,,,,,,,,,,,,,,,,,,,COMPLETE
412,412,0.7793853598922025,2025-01-01 16:32:43.561600,2025-01-01 16:33:01.775128,0 days 00:00:18.213528,1,175,,,,,,,,,,,,,,,,,,,,6,,,,,,,,,,,,,,,,,,,,COMPLETE
413,413,0.8630239771357738,2025-01-01 16:33:01.775621,2025-01-01 16:33:34.697342,0 days 00:00:32.921721,2,170,80.0,,,,,,,,,,,,,,,,,,,6,2.0,,,,,,,,,,,,,,,,,,,COMPLETE
414,414,0.8681034950838957,2025-01-01 16:33:34.697929,2025-01-01 16:33:54.556361,0 days 00:00:19.858432,1,175,,,,,,,,,,,,,,,,,,,,6,,,,,,,,,,,,,,,,,,,,COMPLETE
415,415,0.9097502344343062,2025-01-01 16:33:54.556862,2025-01-01 16:34:11.918405,0 days 00:00:17.361543,1,170,,,,,,,,,,,,,,,,,,,,6,,,,,,,,,,,,,,,,,,,,COMPLETE
416,416,0.8702405281775643,2025-01-01 16:34:11.918965,2025-01-01 16:35:19.685648,0 days 00:01:07.766683,2,170,65.0,,,,,,,,,,,,,,,,,,,6,4.0,,,,,,,,,,,,,,,,,,,COMPLETE
417,417,0.8671919080515419,2025-01-01 16:35:19.686261,2025-01-01 16:36:51.324681,0 days 00:01:31.638420,2,165,190.0,,,,,,,,,,,,,,,,,,,6,5.0,,,,,,,,,,,,,,,,,,,COMPLETE
418,418,0.8508722954254662,2025-01-01 16:36:51.325299,2025-01-01 16:37:09.663747,0 days 00:00:18.338448,1,160,,,,,,,,,,,,,,,,,,,,6,,,,,,,,,,,,,,,,,,,,COMPLETE
419,419,0.8703618297712785,2025-01-01 16:37:09.664216,2025-01-01 16:37:26.644237,0 days 00:00:16.980021,1,165,,,,,,,,,,,,,,,,,,,,6,,,,,,,,,,,,,,,,,,,,COMPLETE
420,420,0.0,2025-01-01 16:37:26.644785,2025-01-01 16:38:14.032933,0 days 00:00:47.388148,11,175,165.0,20.0,,,,,,,,,,90.0,150.0,120.0,5.0,70.0,200.0,130.0,5.0,6,6.0,6.0,,,,,,,,,,3.0,5.0,3.0,5.0,4.0,6.0,2.0,3.0,COMPLETE
421,421,0.893641236622429,2025-01-01 16:38:14.033737,2025-01-01 16:38:32.468907,0 days 00:00:18.435170,1,170,,,,,,,,,,,,,,,,,,,,6,,,,,,,,,,,,,,,,,,,,COMPLETE
422,422,0.8717357910906298,2025-01-01 16:38:32.469381,2025-01-01 16:39:19.652688,0 days 00:00:47.183307,2,175,10.0,,,,,,,,,,,,,,,,,,,6,3.0,,,,,,,,,,,,,,,,,,,COMPLETE
423,423,0.0,2025-01-01 16:39:19.653293,2025-01-01 16:39:55.390383,0 days 00:00:35.737090,5,165,130.0,,,,,,,,,,,200.0,175.0,35.0,,,,,,6,2.0,,,,,,,,,,,6.0,3.0,4.0,,,,,,COMPLETE
424,424,0.8734071752421555,2025-01-01 16:39:55.391019,2025-01-01 16:40:14.517190,0 days 00:00:19.126171,1,155,,,,,,,,,,,,,,,,,,,,6,,,,,,,,,,,,,,,,,,,,COMPLETE
425,425,0.8831906311011111,2025-01-01 16:40:14.517670,2025-01-01 16:40:34.856776,0 days 00:00:20.339106,1,170,,,,,,,,,,,,,,,,,,,,6,,,,,,,,,,,,,,,,,,,,COMPLETE
426,426,0.8655755271745464,2025-01-01 16:40:34.857247,2025-01-01 16:41:26.229318,0 days 00:00:51.372071,2,180,150.0,,,,,,,,,,,,,,,,,,,6,3.0,,,,,,,,,,,,,,,,,,,COMPLETE
427,427,0.8673608999695956,2025-01-01 16:41:26.229883,2025-01-01 16:41:46.036897,0 days 00:00:19.807014,1,170,,,,,,,,,,,,,,,,,,,,6,,,,,,,,,,,,,,,,,,,,COMPLETE
428,428,0.8364072118048319,2025-01-01 16:41:46.037443,2025-01-01 16:42:01.647104,0 days 00:00:15.609661,1,155,,,,,,,,,,,,,,,,,,,,6,,,,,,,,,,,,,,,,,,,,COMPLETE
429,429,0.0,2025-01-01 16:42:01.647583,2025-01-01 16:43:25.997426,0 days 00:01:24.349843,20,160,200.0,165.0,120.0,100.0,30.0,120.0,55.0,145.0,110.0,20.0,195.0,60.0,135.0,145.0,100.0,20.0,55.0,45.0,140.0,6,5.0,2.0,3.0,6.0,5.0,6.0,3.0,5.0,4.0,2.0,4.0,2.0,4.0,5.0,6.0,6.0,5.0,4.0,4.0,COMPLETE
430,430,0.9039973697835149,2025-01-01 16:43:25.998498,2025-01-01 16:43:41.460317,0 days 00:00:15.461819,1,175,,,,,,,,,,,,,,,,,,,,6,,,,,,,,,,,,,,,,,,,,COMPLETE
431,431,0.8775908246519531,2025-01-01 16:43:41.460829,2025-01-01 16:45:45.227596,0 days 00:02:03.766767,2,180,15.0,,,,,,,,,,,,,,,,,,,6,6.0,,,,,,,,,,,,,,,,,,,COMPLETE
432,432,0.8919368623235652,2025-01-01 16:45:45.228257,2025-01-01 16:45:59.484747,0 days 00:00:14.256490,1,150,,,,,,,,,,,,,,,,,,,,6,,,,,,,,,,,,,,,,,,,,COMPLETE
433,433,0.8736193855716741,2025-01-01 16:45:59.485238,2025-01-01 16:47:01.395273,0 days 00:01:01.910035,2,160,30.0,,,,,,,,,,,,,,,,,,,6,4.0,,,,,,,,,,,,,,,,,,,COMPLETE
434,434,0.8831800961285339,2025-01-01 16:47:01.395924,2025-01-01 16:47:20.449459,0 days 00:00:19.053535,1,175,,,,,,,,,,,,,,,,,,,,6,,,,,,,,,,,,,,,,,,,,COMPLETE
435,435,0.8233906281867668,2025-01-01 16:47:20.449913,2025-01-01 16:47:36.185048,0 days 00:00:15.735135,1,170,,,,,,,,,,,,,,,,,,,,6,,,,,,,,,,,,,,,,,,,,COMPLETE
436,436,0.8872341970668389,2025-01-01 16:47:36.185628,2025-01-01 16:47:54.659393,0 days 00:00:18.473765,1,165,,,,,,,,,,,,,,,,,,,,6,,,,,,,,,,,,,,,,,,,,COMPLETE
437,437,0.8737699179468384,2025-01-01 16:47:54.659896,2025-01-01 16:48:27.700642,0 days 00:00:33.040746,2,180,5.0,,,,,,,,,,,,,,,,,,,6,2.0,,,,,,,,,,,,,,,,,,,COMPLETE
438,438,0.8940840351703434,2025-01-01 16:48:27.701221,2025-01-01 16:48:45.332847,0 days 00:00:17.631626,1,160,,,,,,,,,,,,,,,,,,,,6,,,,,,,,,,,,,,,,,,,,COMPLETE
439,439,0.8721072626113062,2025-01-01 16:48:45.333322,2025-01-01 16:49:47.894995,0 days 00:01:02.561673,2,175,95.0,,,,,,,,,,,,,,,,,,,4,4.0,,,,,,,,,,,,,,,,,,,COMPLETE
440,440,0.8579521927348015,2025-01-01 16:49:47.895623,2025-01-01 16:49:54.446994,0 days 00:00:06.551371,1,155,,,,,,,,,,,,,,,,,,,,3,,,,,,,,,,,,,,,,,,,,COMPLETE
441,441,0.8849341356730995,2025-01-01 16:49:54.447387,2025-01-01 16:50:01.102718,0 days 00:00:06.655331,1,150,,,,,,,,,,,,,,,,,,,,3,,,,,,,,,,,,,,,,,,,,COMPLETE
442,442,0.0,2025-01-01 16:50:01.103185,2025-01-01 16:50:33.210452,0 days 00:00:32.107267,8,165,115.0,,,,,,,,,,,100.0,105.0,100.0,70.0,55.0,20.0,,,6,3.0,,,,,,,,,,,6.0,2.0,6.0,3.0,5.0,3.0,,,COMPLETE
443,443,0.9073544860029064,2025-01-01 16:50:33.211150,2025-01-01 16:50:51.583380,0 days 00:00:18.372230,1,180,,,,,,,,,,,,,,,,,,,,6,,,,,,,,,,,,,,,,,,,,COMPLETE
444,444,0.0,2025-01-01 16:50:51.583801,2025-01-01 16:51:49.681090,0 days 00:00:58.097289,13,180,180.0,130.0,170.0,165.0,,,,,,,,85.0,40.0,85.0,190.0,165.0,40.0,65.0,160.0,6,6.0,4.0,5.0,2.0,,,,,,,,3.0,6.0,2.0,4.0,2.0,2.0,6.0,5.0,COMPLETE
445,445,0.8688836557306234,2025-01-01 16:51:49.681915,2025-01-01 16:53:25.070534,0 days 00:01:35.388619,2,180,70.0,,,,,,,,,,,,,,,,,,,6,5.0,,,,,,,,,,,,,,,,,,,COMPLETE
446,446,0.8008636355467795,2025-01-01 16:53:25.071165,2025-01-01 16:53:40.520832,0 days 00:00:15.449667,1,125,,,,,,,,,,,,,,,,,,,,6,,,,,,,,,,,,,,,,,,,,COMPLETE
447,447,0.8778754992746021,2025-01-01 16:53:40.521323,2025-01-01 16:53:59.948465,0 days 00:00:19.427142,1,170,,,,,,,,,,,,,,,,,,,,6,,,,,,,,,,,,,,,,,,,,COMPLETE
448,448,0.8702762167899847,2025-01-01 16:53:59.948946,2025-01-01 16:54:16.418538,0 days 00:00:16.469592,1,185,,,,,,,,,,,,,,,,,,,,6,,,,,,,,,,,,,,,,,,,,COMPLETE
449,449,0.8760020392412894,2025-01-01 16:54:16.419013,2025-01-01 16:54:49.697580,0 days 00:00:33.278567,2,175,45.0,,,,,,,,,,,,,,,,,,,6,2.0,,,,,,,,,,,,,,,,,,,COMPLETE
450,450,0.8408842467848756,2025-01-01 16:54:49.698142,2025-01-01 16:55:07.160320,0 days 00:00:17.462178,1,185,,,,,,,,,,,,,,,,,,,,6,,,,,,,,,,,,,,,,,,,,COMPLETE
451,451,0.8760263969594984,2025-01-01 16:55:07.160808,2025-01-01 16:57:24.461862,0 days 00:02:17.301054,3,170,160.0,,,,,,,,,,,45.0,,,,,,,,6,4.0,,,,,,,,,,,5.0,,,,,,,,COMPLETE
452,452,0.9023721346579141,2025-01-01 16:57:24.462518,2025-01-01 16:57:43.080855,0 days 00:00:18.618337,1,175,,,,,,,,,,,,,,,,,,,,6,,,,,,,,,,,,,,,,,,,,COMPLETE
453,453,0.8649068251717258,2025-01-01 16:57:43.081415,2025-01-01 16:58:32.185149,0 days 00:00:49.103734,2,180,55.0,,,,,,,,,,,,,,,,,,,6,3.0,,,,,,,,,,,,,,,,,,,COMPLETE
454,454,0.8896305651363898,2025-01-01 16:58:32.185738,2025-01-01 16:58:51.954864,0 days 00:00:19.769126,1,185,,,,,,,,,,,,,,,,,,,,6,,,,,,,,,,,,,,,,,,,,COMPLETE
455,455,0.8535301968311721,2025-01-01 16:58:51.955336,2025-01-01 16:59:10.360071,0 days 00:00:18.404735,1,120,,,,,,,,,,,,,,,,,,,,6,,,,,,,,,,,,,,,,,,,,COMPLETE
456,456,0.8624032068255656,2025-01-01 16:59:10.360562,2025-01-01 17:00:46.173865,0 days 00:01:35.813303,2,175,135.0,,,,,,,,,,,,,,,,,,,6,5.0,,,,,,,,,,,,,,,,,,,COMPLETE
457,457,0.8378259915247039,2025-01-01 17:00:46.174504,2025-01-01 17:00:59.400155,0 days 00:00:13.225651,1,165,,,,,,,,,,,,,,,,,,,,4,,,,,,,,,,,,,,,,,,,,COMPLETE
458,458,0.8589596419071732,2025-01-01 17:00:59.400657,2025-01-01 17:01:16.021841,0 days 00:00:16.621184,1,170,,,,,,,,,,,,,,,,,,,,6,,,,,,,,,,,,,,,,,,,,COMPLETE
459,459,0.8769335108117335,2025-01-01 17:01:16.022317,2025-01-01 17:01:31.865994,0 days 00:00:15.843677,1,180,,,,,,,,,,,,,,,,,,,,6,,,,,,,,,,,,,,,,,,,,COMPLETE
460,460,0.8670214882636642,2025-01-01 17:01:31.866489,2025-01-01 17:03:28.290834,0 days 00:01:56.424345,2,160,170.0,,,,,,,,,,,,,,,,,,,6,6.0,,,,,,,,,,,,,,,,,,,COMPLETE
461,461,0.41969565519104346,2025-01-01 17:03:28.291466,2025-01-01 17:03:35.460810,0 days 00:00:07.169344,1,175,,,,,,,,,,,,,,,,,,,,2,,,,,,,,,,,,,,,,,,,,COMPLETE
462,462,0.0,2025-01-01 17:03:35.461223,2025-01-01 17:04:08.998019,0 days 00:00:33.536796,12,165,155.0,110.0,75.0,,,,,,,,,10.0,15.0,40.0,90.0,40.0,155.0,145.0,25.0,6,2.0,5.0,2.0,,,,,,,,,2.0,4.0,3.0,2.0,3.0,4.0,5.0,6.0,COMPLETE
463,463,0.8866523366912885,2025-01-01 17:04:08.998829,2025-01-01 17:04:25.220610,0 days 00:00:16.221781,1,180,,,,,,,,,,,,,,,,,,,,6,,,,,,,,,,,,,,,,,,,,COMPLETE
464,464,0.871262416887948,2025-01-01 17:04:25.221043,2025-01-01 17:05:33.357107,0 days 00:01:08.136064,2,170,90.0,,,,,,,,,,,,,,,,,,,6,4.0,,,,,,,,,,,,,,,,,,,COMPLETE
465,465,0.8752356264765206,2025-01-01 17:05:33.357747,2025-01-01 17:05:48.152224,0 days 00:00:14.794477,1,185,,,,,,,,,,,,,,,,,,,,6,,,,,,,,,,,,,,,,,,,,COMPLETE
466,466,0.8745222643320374,2025-01-01 17:05:48.152726,2025-01-01 17:07:42.718882,0 days 00:01:54.566156,2,155,185.0,,,,,,,,,,,,,,,,,,,6,6.0,,,,,,,,,,,,,,,,,,,COMPLETE
467,467,0.8724695462535128,2025-01-01 17:07:42.719518,2025-01-01 17:08:02.489610,0 days 00:00:19.770092,1,175,,,,,,,,,,,,,,,,,,,,6,,,,,,,,,,,,,,,,,,,,COMPLETE
468,468,0.8824941748098911,2025-01-01 17:08:02.490100,2025-01-01 17:08:21.110214,0 days 00:00:18.620114,1,160,,,,,,,,,,,,,,,,,,,,6,,,,,,,,,,,,,,,,,,,,COMPLETE
469,469,0.870503497254449,2025-01-01 17:08:21.110772,2025-01-01 17:09:07.649228,0 days 00:00:46.538456,2,170,25.0,,,,,,,,,,,,,,,,,,,6,3.0,,,,,,,,,,,,,,,,,,,COMPLETE
470,470,0.8993212977307472,2025-01-01 17:09:07.649820,2025-01-01 17:09:24.692785,0 days 00:00:17.042965,1,150,,,,,,,,,,,,,,,,,,,,6,,,,,,,,,,,,,,,,,,,,COMPLETE
471,471,0.8573879513352018,2025-01-01 17:09:24.693272,2025-01-01 17:09:36.842428,0 days 00:00:12.149156,1,180,,,,,,,,,,,,,,,,,,,,4,,,,,,,,,,,,,,,,,,,,COMPLETE
472,472,0.0,2025-01-01 17:09:36.842854,2025-01-01 17:10:19.654015,0 days 00:00:42.811161,4,165,40.0,,,,,,,,,,,175.0,195.0,,,,,,,5,5.0,,,,,,,,,,,5.0,5.0,,,,,,,COMPLETE
473,473,0.8687619529071485,2025-01-01 17:10:19.654687,2025-01-01 17:10:54.179039,0 days 00:00:34.524352,2,185,85.0,,,,,,,,,,,,,,,,,,,6,2.0,,,,,,,,,,,,,,,,,,,COMPLETE
474,474,0.8671071084018489,2025-01-01 17:10:54.179626,2025-01-01 17:11:02.053606,0 days 00:00:07.873980,1,175,,,,,,,,,,,,,,,,,,,,3,,,,,,,,,,,,,,,,,,,,COMPLETE
475,475,0.8683762890294451,2025-01-01 17:11:02.054073,2025-01-01 17:12:37.500994,0 days 00:01:35.446921,3,130,125.0,,,,,,,,,,,165.0,,,,,,,,6,4.0,,,,,,,,,,,4.0,,,,,,,,COMPLETE
476,476,0.895758902423157,2025-01-01 17:12:37.501654,2025-01-01 17:12:50.548672,0 days 00:00:13.047018,1,165,,,,,,,,,,,,,,,,,,,,5,,,,,,,,,,,,,,,,,,,,COMPLETE
477,477,0.0,2025-01-01 17:12:50.549102,2025-01-01 17:14:14.991809,0 days 00:01:24.442707,19,155,145.0,65.0,155.0,65.0,80.0,175.0,110.0,55.0,145.0,200.0,,135.0,165.0,175.0,110.0,130.0,65.0,90.0,50.0,5,3.0,2.0,4.0,4.0,3.0,4.0,5.0,3.0,3.0,4.0,,4.0,3.0,5.0,3.0,6.0,6.0,5.0,2.0,COMPLETE
478,478,0.8936150212864176,2025-01-01 17:14:14.992754,2025-01-01 17:14:33.445763,0 days 00:00:18.453009,1,170,,,,,,,,,,,,,,,,,,,,6,,,,,,,,,,,,,,,,,,,,COMPLETE
479,479,0.8891265712035714,2025-01-01 17:14:33.446284,2025-01-01 17:14:49.065034,0 days 00:00:15.618750,1,175,,,,,,,,,,,,,,,,,,,,5,,,,,,,,,,,,,,,,,,,,COMPLETE
480,480,0.8707823412262634,2025-01-01 17:14:49.065551,2025-01-01 17:16:29.225698,0 days 00:01:40.160147,2,190,105.0,,,,,,,,,,,,,,,,,,,6,5.0,,,,,,,,,,,,,,,,,,,COMPLETE
481,481,0.881309003650424,2025-01-01 17:16:29.226364,2025-01-01 17:16:43.784428,0 days 00:00:14.558064,1,160,,,,,,,,,,,,,,,,,,,,5,,,,,,,,,,,,,,,,,,,,COMPLETE
482,482,0.9046039693483126,2025-01-01 17:16:43.784949,2025-01-01 17:16:57.782817,0 days 00:00:13.997868,1,125,,,,,,,,,,,,,,,,,,,,5,,,,,,,,,,,,,,,,,,,,COMPLETE
483,483,0.865830024607352,2025-01-01 17:16:57.783330,2025-01-01 17:19:02.589260,0 days 00:02:04.805930,2,180,75.0,,,,,,,,,,,,,,,,,,,6,6.0,,,,,,,,,,,,,,,,,,,COMPLETE
484,484,0.8355606049148248,2025-01-01 17:19:02.589934,2025-01-01 17:19:17.381247,0 days 00:00:14.791313,1,185,,,,,,,,,,,,,,,,,,,,5,,,,,,,,,,,,,,,,,,,,COMPLETE
485,485,0.8493294946313087,2025-01-01 17:19:17.381840,2025-01-01 17:19:31.542724,0 days 00:00:14.160884,1,155,,,,,,,,,,,,,,,,,,,,5,,,,,,,,,,,,,,,,,,,,COMPLETE
486,486,0.8634459840200732,2025-01-01 17:19:31.543216,2025-01-01 17:20:04.789241,0 days 00:00:33.246025,2,165,120.0,,,,,,,,,,,,,,,,,,,6,2.0,,,,,,,,,,,,,,,,,,,COMPLETE
487,487,0.9005311335087938,2025-01-01 17:20:04.789791,2025-01-01 17:20:20.826514,0 days 00:00:16.036723,1,170,,,,,,,,,,,,,,,,,,,,5,,,,,,,,,,,,,,,,,,,,COMPLETE
488,488,0.8690341108962756,2025-01-01 17:20:20.827090,2025-01-01 17:21:25.171312,0 days 00:01:04.344222,2,150,175.0,,,,,,,,,,,,,,,,,,,6,4.0,,,,,,,,,,,,,,,,,,,COMPLETE
489,489,0.8976134562245026,2025-01-01 17:21:25.171959,2025-01-01 17:21:40.842681,0 days 00:00:15.670722,1,175,,,,,,,,,,,,,,,,,,,,5,,,,,,,,,,,,,,,,,,,,COMPLETE
490,490,0.8835528986947019,2025-01-01 17:21:40.843098,2025-01-01 17:22:00.909498,0 days 00:00:20.066400,1,180,,,,,,,,,,,,,,,,,,,,6,,,,,,,,,,,,,,,,,,,,COMPLETE
491,491,0.8716776204870951,2025-01-01 17:22:00.910068,2025-01-01 17:23:29.853055,0 days 00:01:28.942987,2,170,110.0,,,,,,,,,,,,,,,,,,,5,5.0,,,,,,,,,,,,,,,,,,,COMPLETE
492,492,0.0,2025-01-01 17:23:29.853702,2025-01-01 17:24:02.323927,0 days 00:00:32.470225,9,135,195.0,,,,,,,,,,,115.0,70.0,20.0,30.0,75.0,175.0,190.0,,6,6.0,,,,,,,,,,,3.0,2.0,4.0,6.0,5.0,4.0,3.0,,COMPLETE
493,493,0.912757045275675,2025-01-01 17:24:02.324637,2025-01-01 17:24:15.923620,0 days 00:00:13.598983,1,55,,,,,,,,,,,,,,,,,,,,5,,,,,,,,,,,,,,,,,,,,COMPLETE
494,494,0.9097012653824412,2025-01-01 17:24:15.924042,2025-01-01 17:24:31.183359,0 days 00:00:15.259317,1,55,,,,,,,,,,,,,,,,,,,,6,,,,,,,,,,,,,,,,,,,,COMPLETE
495,495,0.9011194749642075,2025-01-01 17:24:31.183939,2025-01-01 17:24:44.922867,0 days 00:00:13.738928,1,45,,,,,,,,,,,,,,,,,,,,6,,,,,,,,,,,,,,,,,,,,COMPLETE
496,496,0.0,2025-01-01 17:24:44.923344,2025-01-01 17:25:47.536505,0 days 00:01:02.613161,14,55,65.0,160.0,35.0,175.0,135.0,,,,,,,190.0,95.0,65.0,45.0,150.0,100.0,160.0,65.0,6,3.0,3.0,6.0,3.0,2.0,,,,,,,6.0,6.0,4.0,4.0,3.0,5.0,2.0,4.0,COMPLETE
497,497,0.884763704294186,2025-01-01 17:25:47.537354,2025-01-01 17:26:02.486072,0 days 00:00:14.948718,1,50,,,,,,,,,,,,,,,,,,,,6,,,,,,,,,,,,,,,,,,,,COMPLETE
498,498,0.8799926558448962,2025-01-01 17:26:02.486518,2025-01-01 17:26:16.103097,0 days 00:00:13.616579,2,60,140.0,,,,,,,,,,,,,,,,,,,2,2.0,,,,,,,,,,,,,,,,,,,COMPLETE
499,499,0.9025866598763497,2025-01-01 17:26:16.103637,2025-01-01 17:26:33.359217,0 days 00:00:17.255580,1,190,,,,,,,,,,,,,,,,,,,,6,,,,,,,,,,,,,,,,,,,,COMPLETE
500,500,0.8926537868834414,2025-01-01 17:26:33.359805,2025-01-01 17:26:50.286140,0 days 00:00:16.926335,1,145,,,,,,,,,,,,,,,,,,,,6,,,,,,,,,,,,,,,,,,,,COMPLETE
501,501,0.8801464420758636,2025-01-01 17:26:50.286615,2025-01-01 17:27:32.425012,0 days 00:00:42.138397,3,25,150.0,,,,,,,,,,,75.0,,,,,,,,6,5.0,,,,,,,,,,,2.0,,,,,,,,COMPLETE
502,502,0.7429245250064623,2025-01-01 17:27:32.425700,2025-01-01 17:27:46.973490,0 days 00:00:14.547790,1,60,,,,,,,,,,,,,,,,,,,,6,,,,,,,,,,,,,,,,,,,,COMPLETE
503,503,0.8719314557770292,2025-01-01 17:27:46.973946,2025-01-01 17:28:14.184360,0 days 00:00:27.210414,2,55,95.0,,,,,,,,,,,,,,,,,,,6,3.0,,,,,,,,,,,,,,,,,,,COMPLETE
504,504,0.8694427375653515,2025-01-01 17:28:14.184981,2025-01-01 17:28:47.544248,0 days 00:00:33.359267,2,55,50.0,,,,,,,,,,,,,,,,,,,6,4.0,,,,,,,,,,,,,,,,,,,COMPLETE
505,505,0.44543270579474337,2025-01-01 17:28:47.544786,2025-01-01 17:29:01.141639,0 days 00:00:13.596853,1,65,,,,,,,,,,,,,,,,,,,,6,,,,,,,,,,,,,,,,,,,,COMPLETE
506,506,0.8033987224338397,2025-01-01 17:29:01.142232,2025-01-01 17:29:14.979265,0 days 00:00:13.837033,1,65,,,,,,,,,,,,,,,,,,,,6,,,,,,,,,,,,,,,,,,,,COMPLETE
507,507,0.8997370128132873,2025-01-01 17:29:14.979774,2025-01-01 17:29:31.037384,0 days 00:00:16.057610,1,45,,,,,,,,,,,,,,,,,,,,6,,,,,,,,,,,,,,,,,,,,COMPLETE
508,508,0.9037370627287196,2025-01-01 17:29:31.037829,2025-01-01 17:29:48.050663,0 days 00:00:17.012834,1,30,,,,,,,,,,,,,,,,,,,,6,,,,,,,,,,,,,,,,,,,,COMPLETE
509,509,0.8744189424354198,2025-01-01 17:29:48.051158,2025-01-01 17:30:19.750955,0 days 00:00:31.699797,2,50,60.0,,,,,,,,,,,,,,,,,,,6,4.0,,,,,,,,,,,,,,,,,,,COMPLETE
510,510,0.8262491156525742,2025-01-01 17:30:19.751531,2025-01-01 17:30:35.303300,0 days 00:00:15.551769,1,90,,,,,,,,,,,,,,,,,,,,6,,,,,,,,,,,,,,,,,,,,COMPLETE
511,511,0.8886568665657117,2025-01-01 17:30:35.303810,2025-01-01 17:30:52.266303,0 days 00:00:16.962493,1,115,,,,,,,,,,,,,,,,,,,,6,,,,,,,,,,,,,,,,,,,,COMPLETE
512,512,0.8784624551844046,2025-01-01 17:30:52.266809,2025-01-01 17:31:16.541937,0 days 00:00:24.275128,2,15,30.0,,,,,,,,,,,,,,,,,,,6,5.0,,,,,,,,,,,,,,,,,,,COMPLETE
513,513,0.9054321628491286,2025-01-01 17:31:16.542440,2025-01-01 17:31:32.093363,0 days 00:00:15.550923,1,130,,,,,,,,,,,,,,,,,,,,6,,,,,,,,,,,,,,,,,,,,COMPLETE
514,514,0.8816768956373517,2025-01-01 17:31:32.093886,2025-01-01 17:31:48.792071,0 days 00:00:16.698185,1,50,,,,,,,,,,,,,,,,,,,,6,,,,,,,,,,,,,,,,,,,,COMPLETE
515,515,0.8732054725648748,2025-01-01 17:31:48.792587,2025-01-01 17:32:28.371116,0 days 00:00:39.578529,2,35,100.0,,,,,,,,,,,,,,,,,,,6,6.0,,,,,,,,,,,,,,,,,,,COMPLETE
516,516,0.8233203201690147,2025-01-01 17:32:28.371702,2025-01-01 17:32:41.798633,0 days 00:00:13.426931,1,175,,,,,,,,,,,,,,,,,,,,5,,,,,,,,,,,,,,,,,,,,COMPLETE
517,517,0.8420350113985736,2025-01-01 17:32:41.799133,2025-01-01 17:32:56.700699,0 days 00:00:14.901566,1,55,,,,,,,,,,,,,,,,,,,,6,,,,,,,,,,,,,,,,,,,,COMPLETE
518,518,0.6117561220531611,2025-01-01 17:32:56.701200,2025-01-01 17:33:05.143570,0 days 00:00:08.442370,1,75,,,,,,,,,,,,,,,,,,,,4,,,,,,,,,,,,,,,,,,,,COMPLETE
519,519,0.8679727206721295,2025-01-01 17:33:05.143989,2025-01-01 17:33:24.451703,0 days 00:00:19.307714,2,60,40.0,,,,,,,,,,,,,,,,,,,5,2.0,,,,,,,,,,,,,,,,,,,COMPLETE
520,520,0.8871597650776615,2025-01-01 17:33:24.452638,2025-01-01 17:33:44.600510,0 days 00:00:20.147872,1,195,,,,,,,,,,,,,,,,,,,,6,,,,,,,,,,,,,,,,,,,,COMPLETE
521,521,0.8810319309617238,2025-01-01 17:33:44.601071,2025-01-01 17:34:00.684617,0 days 00:00:16.083546,1,165,,,,,,,,,,,,,,,,,,,,5,,,,,,,,,,,,,,,,,,,,COMPLETE
522,522,0.87318514551636,2025-01-01 17:34:00.685060,2025-01-01 17:34:30.409028,0 days 00:00:29.723968,2,70,15.0,,,,,,,,,,,,,,,,,,,6,3.0,,,,,,,,,,,,,,,,,,,COMPLETE
523,523,0.8874002043644901,2025-01-01 17:34:30.409628,2025-01-01 17:34:44.163761,0 days 00:00:13.754133,1,170,,,,,,,,,,,,,,,,,,,,5,,,,,,,,,,,,,,,,,,,,COMPLETE
524,524,0.8972492071273499,2025-01-01 17:34:44.164246,2025-01-01 17:35:00.450878,0 days 00:00:16.286632,1,175,,,,,,,,,,,,,,,,,,,,5,,,,,,,,,,,,,,,,,,,,COMPLETE
525,525,0.8713622854217151,2025-01-01 17:35:00.451300,2025-01-01 17:36:02.107049,0 days 00:01:01.655749,2,85,80.0,,,,,,,,,,,,,,,,,,,3,6.0,,,,,,,,,,,,,,,,,,,COMPLETE
526,526,0.7907553164292318,2025-01-01 17:36:02.107699,2025-01-01 17:36:18.856357,0 days 00:00:16.748658,1,185,,,,,,,,,,,,,,,,,,,,6,,,,,,,,,,,,,,,,,,,,COMPLETE
527,527,0.0,2025-01-01 17:36:18.856921,2025-01-01 17:36:45.335008,0 days 00:00:26.478087,5,165,20.0,,,,,,,,,,,125.0,80.0,200.0,,,,,,5,5.0,,,,,,,,,,,5.0,5.0,2.0,,,,,,COMPLETE
528,528,0.8697781569653871,2025-01-01 17:36:45.335548,2025-01-01 17:37:32.484486,0 days 00:00:47.148938,2,170,35.0,,,,,,,,,,,,,,,,,,,6,3.0,,,,,,,,,,,,,,,,,,,COMPLETE
529,529,0.8985732811775221,2025-01-01 17:37:32.485140,2025-01-01 17:37:47.905881,0 days 00:00:15.420741,1,135,,,,,,,,,,,,,,,,,,,,5,,,,,,,,,,,,,,,,,,,,COMPLETE
530,530,0.9093723034214769,2025-01-01 17:37:47.906380,2025-01-01 17:37:55.950504,0 days 00:00:08.044124,1,145,,,,,,,,,,,,,,,,,,,,2,,,,,,,,,,,,,,,,,,,,COMPLETE
531,531,0.8572919563018573,2025-01-01 17:37:55.951012,2025-01-01 17:38:11.946151,0 days 00:00:15.995139,1,145,,,,,,,,,,,,,,,,,,,,6,,,,,,,,,,,,,,,,,,,,COMPLETE
532,532,0.8693335843865801,2025-01-01 17:38:11.946635,2025-01-01 17:39:13.471464,0 days 00:01:01.524829,2,140,185.0,,,,,,,,,,,,,,,,,,,6,4.0,,,,,,,,,,,,,,,,,,,COMPLETE
533,533,0.8780547496917632,2025-01-01 17:39:13.472122,2025-01-01 17:39:26.518295,0 days 00:00:13.046173,1,145,,,,,,,,,,,,,,,,,,,,4,,,,,,,,,,,,,,,,,,,,COMPLETE
534,534,0.9094727323365916,2025-01-01 17:39:26.518735,2025-01-01 17:39:42.141873,0 days 00:00:15.623138,1,150,,,,,,,,,,,,,,,,,,,,5,,,,,,,,,,,,,,,,,,,,COMPLETE
535,535,0.8761579090861027,2025-01-01 17:39:42.142452,2025-01-01 17:40:11.544503,0 days 00:00:29.402051,2,150,135.0,,,,,,,,,,,,,,,,,,,5,2.0,,,,,,,,,,,,,,,,,,,COMPLETE
536,536,0.9054006754424102,2025-01-01 17:40:11.545040,2025-01-01 17:40:26.144157,0 days 00:00:14.599117,1,150,,,,,,,,,,,,,,,,,,,,5,,,,,,,,,,,,,,,,,,,,COMPLETE
537,537,0.8741246476166069,2025-01-01 17:40:26.144672,2025-01-01 17:41:26.822437,0 days 00:01:00.677765,2,150,160.0,,,,,,,,,,,,,,,,,,,5,4.0,,,,,,,,,,,,,,,,,,,COMPLETE
538,538,0.8868707579470196,2025-01-01 17:41:26.823103,2025-01-01 17:41:41.706471,0 days 00:00:14.883368,1,145,,,,,,,,,,,,,,,,,,,,5,,,,,,,,,,,,,,,,,,,,COMPLETE
539,539,0.891163257498786,2025-01-01 17:41:41.706922,2025-01-01 17:41:55.800431,0 days 00:00:14.093509,1,140,,,,,,,,,,,,,,,,,,,,5,,,,,,,,,,,,,,,,,,,,COMPLETE
540,540,0.8954249132832605,2025-01-01 17:41:55.800950,2025-01-01 17:42:10.339013,0 days 00:00:14.538063,1,145,,,,,,,,,,,,,,,,,,,,5,,,,,,,,,,,,,,,,,,,,COMPLETE
541,541,0.899322834486386,2025-01-01 17:42:10.339530,2025-01-01 17:42:24.872765,0 days 00:00:14.533235,1,150,,,,,,,,,,,,,,,,,,,,5,,,,,,,,,,,,,,,,,,,,COMPLETE
542,542,0.8681205232760076,2025-01-01 17:42:24.873242,2025-01-01 17:44:10.365315,0 days 00:01:45.492073,2,155,10.0,,,,,,,,,,,,,,,,,,,5,6.0,,,,,,,,,,,,,,,,,,,COMPLETE
543,543,0.9042008701447619,2025-01-01 17:44:10.365982,2025-01-01 17:44:24.281377,0 days 00:00:13.915395,1,140,,,,,,,,,,,,,,,,,,,,5,,,,,,,,,,,,,,,,,,,,COMPLETE
544,544,0.8762050633598222,2025-01-01 17:44:24.281896,2025-01-01 17:45:43.934196,0 days 00:01:19.652300,2,155,45.0,,,,,,,,,,,,,,,,,,,5,5.0,,,,,,,,,,,,,,,,,,,COMPLETE
545,545,0.899167626331749,2025-01-01 17:45:43.934859,2025-01-01 17:45:58.140511,0 days 00:00:14.205652,1,160,,,,,,,,,,,,,,,,,,,,5,,,,,,,,,,,,,,,,,,,,COMPLETE
546,546,0.0,2025-01-01 17:45:58.141037,2025-01-01 17:46:31.999593,0 days 00:00:33.858556,10,135,180.0,,,,,,,,,,,150.0,185.0,155.0,60.0,95.0,140.0,15.0,110.0,5,2.0,,,,,,,,,,,3.0,3.0,3.0,5.0,4.0,2.0,4.0,5.0,COMPLETE
547,547,0.9033677556760586,2025-01-01 17:46:32.000322,2025-01-01 17:46:47.362096,0 days 00:00:15.361774,1,145,,,,,,,,,,,,,,,,,,,,5,,,,,,,,,,,,,,,,,,,,COMPLETE
548,548,0.8727150334425215,2025-01-01 17:46:47.362612,2025-01-01 17:47:32.657913,0 days 00:00:45.295301,2,160,165.0,,,,,,,,,,,,,,,,,,,5,3.0,,,,,,,,,,,,,,,,,,,COMPLETE
549,549,0.8707097472904035,2025-01-01 17:47:32.658503,2025-01-01 17:50:23.439353,0 days 00:02:50.780850,3,150,190.0,,,,,,,,,,,25.0,,,,,,,,5,4.0,,,,,,,,,,,6.0,,,,,,,,COMPLETE
550,550,0.4217086839715364,2025-01-01 17:50:23.440040,2025-01-01 17:50:34.526802,0 days 00:00:11.086762,1,145,,,,,,,,,,,,,,,,,,,,5,,,,,,,,,,,,,,,,,,,,COMPLETE
551,551,0.0,2025-01-01 17:50:34.527237,2025-01-01 17:51:58.844562,0 days 00:01:24.317325,16,160,200.0,190.0,200.0,5.0,70.0,80.0,10.0,,,,,140.0,55.0,185.0,135.0,30.0,85.0,115.0,200.0,5,6.0,4.0,5.0,5.0,4.0,5.0,6.0,,,,,4.0,4.0,6.0,2.0,2.0,4.0,5.0,3.0,COMPLETE
552,552,0.8873630481097186,2025-01-01 17:51:58.845468,2025-01-01 17:52:12.735975,0 days 00:00:13.890507,1,120,,,,,,,,,,,,,,,,,,,,5,,,,,,,,,,,,,,,,,,,,COMPLETE
553,553,0.885409387809712,2025-01-01 17:52:12.736448,2025-01-01 17:52:25.339565,0 days 00:00:12.603117,1,155,,,,,,,,,,,,,,,,,,,,4,,,,,,,,,,,,,,,,,,,,COMPLETE
554,554,0.0,2025-01-01 17:52:25.340031,2025-01-01 17:52:57.673563,0 days 00:00:32.333532,7,125,125.0,,,,,,,,,,,80.0,25.0,125.0,145.0,185.0,,,,5,5.0,,,,,,,,,,,5.0,6.0,5.0,3.0,4.0,,,,COMPLETE
555,555,0.8749251183115466,2025-01-01 17:52:57.674356,2025-01-01 17:53:27.327661,0 days 00:00:29.653305,2,150,170.0,,,,,,,,,,,,,,,,,,,5,2.0,,,,,,,,,,,,,,,,,,,COMPLETE
556,556,0.7484504543314622,2025-01-01 17:53:27.328225,2025-01-01 17:53:41.994970,0 days 00:00:14.666745,1,140,,,,,,,,,,,,,,,,,,,,5,,,,,,,,,,,,,,,,,,,,COMPLETE
557,557,0.8906467771639042,2025-01-01 17:53:41.995560,2025-01-01 17:53:57.346629,0 days 00:00:15.351069,1,145,,,,,,,,,,,,,,,,,,,,5,,,,,,,,,,,,,,,,,,,,COMPLETE
558,558,0.8698252134464766,2025-01-01 17:53:57.347102,2025-01-01 17:54:40.106542,0 days 00:00:42.759440,2,165,25.0,,,,,,,,,,,,,,,,,,,5,3.0,,,,,,,,,,,,,,,,,,,COMPLETE
559,559,0.6856115269503108,2025-01-01 17:54:40.107222,2025-01-01 17:54:59.463586,0 days 00:00:19.356364,1,140,,,,,,,,,,,,,,,,,,,,6,,,,,,,,,,,,,,,,,,,,COMPLETE
560,560,0.8845714457686289,2025-01-01 17:54:59.464061,2025-01-01 17:55:14.762199,0 days 00:00:15.298138,1,130,,,,,,,,,,,,,,,,,,,,5,,,,,,,,,,,,,,,,,,,,COMPLETE
561,561,0.8727557500929373,2025-01-01 17:55:14.762760,2025-01-01 17:56:18.235477,0 days 00:01:03.472717,2,170,85.0,,,,,,,,,,,,,,,,,,,5,4.0,,,,,,,,,,,,,,,,,,,COMPLETE
562,562,0.8816317567473206,2025-01-01 17:56:18.236180,2025-01-01 17:56:35.413477,0 days 00:00:17.177297,1,160,,,,,,,,,,,,,,,,,,,,6,,,,,,,,,,,,,,,,,,,,COMPLETE
563,563,0.9110027868800044,2025-01-01 17:56:35.413932,2025-01-01 17:56:51.205319,0 days 00:00:15.791387,1,135,,,,,,,,,,,,,,,,,,,,5,,,,,,,,,,,,,,,,,,,,COMPLETE
564,564,0.7795814932651031,2025-01-01 17:56:51.205927,2025-01-01 17:57:05.679839,0 days 00:00:14.473912,1,135,,,,,,,,,,,,,,,,,,,,5,,,,,,,,,,,,,,,,,,,,COMPLETE
565,565,0.8701914782144516,2025-01-01 17:57:05.680328,2025-01-01 17:58:15.695594,0 days 00:01:10.015266,2,130,5.0,,,,,,,,,,,,,,,,,,,5,5.0,,,,,,,,,,,,,,,,,,,COMPLETE
566,566,0.9116756353970631,2025-01-01 17:58:15.696256,2025-01-01 17:58:30.231601,0 days 00:00:14.535345,1,135,,,,,,,,,,,,,,,,,,,,5,,,,,,,,,,,,,,,,,,,,COMPLETE
567,567,0.9099695196792407,2025-01-01 17:58:30.232119,2025-01-01 17:58:42.893192,0 days 00:00:12.661073,1,135,,,,,,,,,,,,,,,,,,,,5,,,,,,,,,,,,,,,,,,,,COMPLETE
568,568,0.9067050416123656,2025-01-01 17:58:42.893717,2025-01-01 17:58:58.339039,0 days 00:00:15.445322,1,130,,,,,,,,,,,,,,,,,,,,5,,,,,,,,,,,,,,,,,,,,COMPLETE
569,569,0.8701598638444616,2025-01-01 17:58:58.339548,2025-01-01 18:00:26.278603,0 days 00:01:27.939055,2,125,55.0,,,,,,,,,,,,,,,,,,,5,6.0,,,,,,,,,,,,,,,,,,,COMPLETE
570,570,0.8612037844549387,2025-01-01 18:00:26.279277,2025-01-01 18:00:37.660637,0 days 00:00:11.381360,1,135,,,,,,,,,,,,,,,,,,,,5,,,,,,,,,,,,,,,,,,,,COMPLETE
571,571,0.8715165588239104,2025-01-01 18:00:37.661083,2025-01-01 18:01:27.979733,0 days 00:00:50.318650,3,130,130.0,,,,,,,,,,,65.0,,,,,,,,5,2.0,,,,,,,,,,,3.0,,,,,,,,COMPLETE
572,572,0.876085388051681,2025-01-01 18:01:27.980435,2025-01-01 18:01:42.775006,0 days 00:00:14.794571,1,135,,,,,,,,,,,,,,,,,,,,5,,,,,,,,,,,,,,,,,,,,COMPLETE
573,573,0.91057609994334,2025-01-01 18:01:42.775449,2025-01-01 18:01:55.804377,0 days 00:00:13.028928,1,135,,,,,,,,,,,,,,,,,,,,5,,,,,,,,,,,,,,,,,,,,COMPLETE
574,574,0.8891007209388928,2025-01-01 18:01:55.804975,2025-01-01 18:02:10.700039,0 days 00:00:14.895064,1,135,,,,,,,,,,,,,,,,,,,,5,,,,,,,,,,,,,,,,,,,,COMPLETE
575,575,0.0,2025-01-01 18:02:10.700535,2025-01-01 18:02:40.231222,0 days 00:00:29.530687,9,135,115.0,,,,,,,,,,,35.0,5.0,105.0,80.0,45.0,190.0,40.0,,5,3.0,,,,,,,,,,,2.0,2.0,4.0,6.0,6.0,6.0,6.0,,COMPLETE
576,576,0.8365776876754956,2025-01-01 18:02:40.231900,2025-01-01 18:02:54.262744,0 days 00:00:14.030844,1,135,,,,,,,,,,,,,,,,,,,,5,,,,,,,,,,,,,,,,,,,,COMPLETE
577,577,0.8718537136494628,2025-01-01 18:02:54.263268,2025-01-01 18:03:49.545162,0 days 00:00:55.281894,2,130,155.0,,,,,,,,,,,,,,,,,,,5,4.0,,,,,,,,,,,,,,,,,,,COMPLETE
578,578,0.8062059771775267,2025-01-01 18:03:49.545841,2025-01-01 18:04:03.287804,0 days 00:00:13.741963,1,140,,,,,,,,,,,,,,,,,,,,5,,,,,,,,,,,,,,,,,,,,COMPLETE
579,579,0.8700102344542446,2025-01-01 18:04:03.288298,2025-01-01 18:05:39.846530,0 days 00:01:36.558232,2,135,70.0,,,,,,,,,,,,,,,,,,,5,6.0,,,,,,,,,,,,,,,,,,,COMPLETE
580,580,0.893618440454305,2025-01-01 18:05:39.847198,2025-01-01 18:05:53.165650,0 days 00:00:13.318452,1,125,,,,,,,,,,,,,,,,,,,,5,,,,,,,,,,,,,,,,,,,,COMPLETE
581,581,0.867248039939879,2025-01-01 18:05:53.166098,2025-01-01 18:07:09.014872,0 days 00:01:15.848774,2,140,85.0,,,,,,,,,,,,,,,,,,,5,5.0,,,,,,,,,,,,,,,,,,,COMPLETE
582,582,0.8918210621783018,2025-01-01 18:07:09.015547,2025-01-01 18:07:23.369152,0 days 00:00:14.353605,1,140,,,,,,,,,,,,,,,,,,,,5,,,,,,,,,,,,,,,,,,,,COMPLETE
583,583,0.8744874544445611,2025-01-01 18:07:23.369618,2025-01-01 18:07:39.023782,0 days 00:00:15.654164,1,130,,,,,,,,,,,,,,,,,,,,5,,,,,,,,,,,,,,,,,,,,COMPLETE
584,584,0.8712867964497828,2025-01-01 18:07:39.024297,2025-01-01 18:07:51.759707,0 days 00:00:12.735410,1,125,,,,,,,,,,,,,,,,,,,,5,,,,,,,,,,,,,,,,,,,,COMPLETE
585,585,0.8690861215964045,2025-01-01 18:07:51.760276,2025-01-01 18:08:21.120552,0 days 00:00:29.360276,2,135,195.0,,,,,,,,,,,,,,,,,,,5,2.0,,,,,,,,,,,,,,,,,,,COMPLETE
586,586,0.8703867864144352,2025-01-01 18:08:21.121029,2025-01-01 18:08:35.144570,0 days 00:00:14.023541,1,140,,,,,,,,,,,,,,,,,,,,5,,,,,,,,,,,,,,,,,,,,COMPLETE
587,587,0.9105813226806524,2025-01-01 18:08:35.145161,2025-01-01 18:08:45.930825,0 days 00:00:10.785664,1,145,,,,,,,,,,,,,,,,,,,,5,,,,,,,,,,,,,,,,,,,,COMPLETE
588,588,0.8563994524723946,2025-01-01 18:08:45.931321,2025-01-01 18:08:54.387877,0 days 00:00:08.456556,1,145,,,,,,,,,,,,,,,,,,,,2,,,,,,,,,,,,,,,,,,,,COMPLETE
589,589,0.0,2025-01-01 18:08:54.388313,2025-01-01 18:09:28.670917,0 days 00:00:34.282604,6,140,175.0,,,,,,,,,,,180.0,120.0,50.0,160.0,,,,,5,3.0,,,,,,,,,,,4.0,5.0,6.0,5.0,,,,,COMPLETE
590,590,0.8708761660874337,2025-01-01 18:09:28.671622,2025-01-01 18:10:22.973732,0 days 00:00:54.302110,2,130,105.0,,,,,,,,,,,,,,,,,,,5,4.0,,,,,,,,,,,,,,,,,,,COMPLETE
591,591,0.8705815087613089,2025-01-01 18:10:22.974403,2025-01-01 18:10:38.745694,0 days 00:00:15.771291,1,140,,,,,,,,,,,,,,,,,,,,5,,,,,,,,,,,,,,,,,,,,COMPLETE
592,592,0.8622758703154898,2025-01-01 18:10:38.746190,2025-01-01 18:10:53.295579,0 days 00:00:14.549389,1,120,,,,,,,,,,,,,,,,,,,,5,,,,,,,,,,,,,,,,,,,,COMPLETE
593,593,0.8735760427530783,2025-01-01 18:10:53.296031,2025-01-01 18:11:07.538806,0 days 00:00:14.242775,1,145,,,,,,,,,,,,,,,,,,,,5,,,,,,,,,,,,,,,,,,,,COMPLETE
594,594,0.8673760083741324,2025-01-01 18:11:07.539332,2025-01-01 18:12:43.729097,0 days 00:01:36.189765,2,135,90.0,,,,,,,,,,,,,,,,,,,5,6.0,,,,,,,,,,,,,,,,,,,COMPLETE
595,595,0.0,2025-01-01 18:12:43.729777,2025-01-01 18:13:11.374952,0 days 00:00:27.645175,8,130,120.0,,,,,,,,,,,50.0,75.0,135.0,65.0,15.0,150.0,,,5,5.0,,,,,,,,,,,6.0,3.0,2.0,4.0,3.0,3.0,,,COMPLETE
596,596,0.8954865049646629,2025-01-01 18:13:11.375666,2025-01-01 18:13:26.665714,0 days 00:00:15.290048,1,145,,,,,,,,,,,,,,,,,,,,5,,,,,,,,,,,,,,,,,,,,COMPLETE
597,597,0.8754324682410006,2025-01-01 18:13:26.666169,2025-01-01 18:13:55.625768,0 days 00:00:28.959599,2,200,145.0,,,,,,,,,,,,,,,,,,,3,2.0,,,,,,,,,,,,,,,,,,,COMPLETE
598,598,0.7173200883281661,2025-01-01 18:13:55.644275,2025-01-01 18:14:08.757373,0 days 00:00:13.113098,1,135,,,,,,,,,,,,,,,,,,,,5,,,,,,,,,,,,,,,,,,,,COMPLETE
599,599,0.7102542507981391,2025-01-01 18:14:08.757843,2025-01-01 18:14:21.618703,0 days 00:00:12.860860,1,140,,,,,,,,,,,,,,,,,,,,5,,,,,,,,,,,,,,,,,,,,COMPLETE
600,600,0.8733027975327023,2025-01-01 18:14:21.619158,2025-01-01 18:15:19.042639,0 days 00:00:57.423481,2,135,130.0,,,,,,,,,,,,,,,,,,,5,4.0,,,,,,,,,,,,,,,,,,,COMPLETE
601,601,0.6703472092796223,2025-01-01 18:15:19.054652,2025-01-01 18:15:31.740897,0 days 00:00:12.686245,1,145,,,,,,,,,,,,,,,,,,,,4,,,,,,,,,,,,,,,,,,,,COMPLETE
602,602,0.865281460889195,2025-01-01 18:15:31.741417,2025-01-01 18:16:11.484074,0 days 00:00:39.742657,2,140,70.0,,,,,,,,,,,,,,,,,,,5,3.0,,,,,,,,,,,,,,,,,,,COMPLETE
603,603,0.8184808746853649,2025-01-01 18:16:11.484683,2025-01-01 18:16:27.206433,0 days 00:00:15.721750,1,150,,,,,,,,,,,,,,,,,,,,5,,,,,,,,,,,,,,,,,,,,COMPLETE
604,604,0.8797099681242211,2025-01-01 18:16:27.206965,2025-01-01 18:16:41.764528,0 days 00:00:14.557563,1,130,,,,,,,,,,,,,,,,,,,,5,,,,,,,,,,,,,,,,,,,,COMPLETE
605,605,0.8476296361125409,2025-01-01 18:16:41.765038,2025-01-01 18:16:52.454903,0 days 00:00:10.689865,1,135,,,,,,,,,,,,,,,,,,,,5,,,,,,,,,,,,,,,,,,,,COMPLETE
606,606,0.9048581183989062,2025-01-01 18:16:52.455357,2025-01-01 18:17:07.300435,0 days 00:00:14.845078,1,150,,,,,,,,,,,,,,,,,,,,5,,,,,,,,,,,,,,,,,,,,COMPLETE
607,607,0.8727002886769482,2025-01-01 18:17:07.300992,2025-01-01 18:18:24.255965,0 days 00:01:16.954973,2,140,110.0,,,,,,,,,,,,,,,,,,,5,5.0,,,,,,,,,,,,,,,,,,,COMPLETE
608,608,0.847827526104862,2025-01-01 18:18:24.256645,2025-01-01 18:18:39.972370,0 days 00:00:15.715725,1,145,,,,,,,,,,,,,,,,,,,,5,,,,,,,,,,,,,,,,,,,,COMPLETE
609,609,0.8310142583213377,2025-01-01 18:18:39.972902,2025-01-01 18:18:56.065524,0 days 00:00:16.092622,1,140,,,,,,,,,,,,,,,,,,,,5,,,,,,,,,,,,,,,,,,,,COMPLETE
610,610,0.8705215622157851,2025-01-01 18:18:56.066104,2025-01-01 18:20:33.016813,0 days 00:01:36.950709,2,135,95.0,,,,,,,,,,,,,,,,,,,5,6.0,,,,,,,,,,,,,,,,,,,COMPLETE
611,611,0.8610769036138597,2025-01-01 18:20:33.034627,2025-01-01 18:20:47.711592,0 days 00:00:14.676965,1,145,,,,,,,,,,,,,,,,,,,,5,,,,,,,,,,,,,,,,,,,,COMPLETE
612,612,0.8776748423303207,2025-01-01 18:20:47.712055,2025-01-01 18:20:59.687856,0 days 00:00:11.975801,1,125,,,,,,,,,,,,,,,,,,,,4,,,,,,,,,,,,,,,,,,,,COMPLETE
613,613,0.8767607506898916,2025-01-01 18:20:59.688308,2025-01-01 18:21:31.392854,0 days 00:00:31.704546,3,130,60.0,,,,,,,,,,,60.0,,,,,,,,3,2.0,,,,,,,,,,,3.0,,,,,,,,COMPLETE
614,614,0.8722541802580153,2025-01-01 18:21:31.393562,2025-01-01 18:21:47.561872,0 days 00:00:16.168310,2,10,35.0,,,,,,,,,,,,,,,,,,,5,3.0,,,,,,,,,,,,,,,,,,,COMPLETE
615,615,0.877447283780983,2025-01-01 18:21:47.562350,2025-01-01 18:22:01.913921,0 days 00:00:14.351571,1,50,,,,,,,,,,,,,,,,,,,,5,,,,,,,,,,,,,,,,,,,,COMPLETE
616,616,0.648441215148478,2025-01-01 18:22:01.914449,2025-01-01 18:22:17.085046,0 days 00:00:15.170597,1,150,,,,,,,,,,,,,,,,,,,,5,,,,,,,,,,,,,,,,,,,,COMPLETE
617,617,0.8837303460346926,2025-01-01 18:22:17.085587,2025-01-01 18:22:30.187621,0 days 00:00:13.102034,1,145,,,,,,,,,,,,,,,,,,,,5,,,,,,,,,,,,,,,,,,,,COMPLETE
618,618,0.8709740313208945,2025-01-01 18:22:30.188130,2025-01-01 18:23:47.750144,0 days 00:01:17.562014,2,140,140.0,,,,,,,,,,,,,,,,,,,5,5.0,,,,,,,,,,,,,,,,,,,COMPLETE
619,619,0.8486132028344422,2025-01-01 18:23:47.750835,2025-01-01 18:24:02.141888,0 days 00:00:14.391053,1,60,,,,,,,,,,,,,,,,,,,,5,,,,,,,,,,,,,,,,,,,,COMPLETE
620,620,0.870824668572914,2025-01-01 18:24:02.142418,2025-01-01 18:24:55.463849,0 days 00:00:53.321431,2,135,15.0,,,,,,,,,,,,,,,,,,,5,4.0,,,,,,,,,,,,,,,,,,,COMPLETE
621,621,0.9118153342657708,2025-01-01 18:24:55.464535,2025-01-01 18:25:10.108555,0 days 00:00:14.644020,1,150,,,,,,,,,,,,,,,,,,,,5,,,,,,,,,,,,,,,,,,,,COMPLETE
622,622,0.90016664971317,2025-01-01 18:25:10.109398,2025-01-01 18:25:23.634822,0 days 00:00:13.525424,1,40,,,,,,,,,,,,,,,,,,,,5,,,,,,,,,,,,,,,,,,,,COMPLETE
623,623,0.8859194973257093,2025-01-01 18:25:23.635273,2025-01-01 18:25:36.942146,0 days 00:00:13.306873,1,145,,,,,,,,,,,,,,,,,,,,5,,,,,,,,,,,,,,,,,,,,COMPLETE
624,624,0.8647433904684159,2025-01-01 18:25:36.942676,2025-01-01 18:26:20.192012,0 days 00:00:43.249336,2,130,190.0,,,,,,,,,,,,,,,,,,,6,3.0,,,,,,,,,,,,,,,,,,,COMPLETE
625,625,0.8696357838797605,2025-01-01 18:26:20.192620,2025-01-01 18:26:33.671113,0 days 00:00:13.478493,1,150,,,,,,,,,,,,,,,,,,,,5,,,,,,,,,,,,,,,,,,,,COMPLETE
626,626,0.0,2025-01-01 18:26:33.671725,2025-01-01 18:27:33.454313,0 days 00:00:59.782588,17,140,80.0,80.0,20.0,130.0,170.0,120.0,120.0,155.0,,,,90.0,45.0,110.0,30.0,60.0,120.0,60.0,50.0,6,6.0,5.0,2.0,6.0,6.0,3.0,2.0,3.0,,,,2.0,6.0,3.0,3.0,2.0,5.0,3.0,6.0,COMPLETE
627,627,0.9110374077346322,2025-01-01 18:27:33.455694,2025-01-01 18:27:47.883263,0 days 00:00:14.427569,1,95,,,,,,,,,,,,,,,,,,,,5,,,,,,,,,,,,,,,,,,,,COMPLETE
628,628,0.8939731849114296,2025-01-01 18:27:47.883876,2025-01-01 18:28:03.603894,0 days 00:00:15.720018,1,135,,,,,,,,,,,,,,,,,,,,5,,,,,,,,,,,,,,,,,,,,COMPLETE
629,629,0.8618817502324583,2025-01-01 18:28:03.604389,2025-01-01 18:28:27.123581,0 days 00:00:23.519192,2,105,55.0,,,,,,,,,,,,,,,,,,,5,2.0,,,,,,,,,,,,,,,,,,,COMPLETE
630,630,0.0,2025-01-01 18:28:27.124155,2025-01-01 18:29:12.118450,0 days 00:00:44.994295,13,125,100.0,185.0,110.0,30.0,,,,,,,,160.0,105.0,25.0,200.0,70.0,50.0,5.0,20.0,5,4.0,4.0,3.0,2.0,,,,,,,,5.0,4.0,5.0,2.0,5.0,4.0,2.0,2.0,COMPLETE
631,631,0.9033894220018973,2025-01-01 18:29:12.119659,2025-01-01 18:29:27.429305,0 days 00:00:15.309646,1,120,,,,,,,,,,,,,,,,,,,,5,,,,,,,,,,,,,,,,,,,,COMPLETE
632,632,0.8699774596762391,2025-01-01 18:29:27.429950,2025-01-01 18:30:11.213219,0 days 00:00:43.783269,2,155,150.0,,,,,,,,,,,,,,,,,,,5,3.0,,,,,,,,,,,,,,,,,,,COMPLETE
633,633,0.0,2025-01-01 18:30:11.213860,2025-01-01 18:31:34.474814,0 days 00:01:23.260954,14,145,65.0,20.0,185.0,50.0,35.0,,,,,,,195.0,160.0,170.0,120.0,10.0,25.0,180.0,185.0,5,6.0,6.0,4.0,4.0,3.0,,,,,,,6.0,2.0,5.0,6.0,6.0,2.0,4.0,4.0,COMPLETE
634,634,0.7148768913605561,2025-01-01 18:31:34.475808,2025-01-01 18:31:47.972786,0 days 00:00:13.496978,1,85,,,,,,,,,,,,,,,,,,,,5,,,,,,,,,,,,,,,,,,,,COMPLETE
635,635,0.8140035775046028,2025-01-01 18:31:47.973257,2025-01-01 18:32:01.443139,0 days 00:00:13.469882,1,75,,,,,,,,,,,,,,,,,,,,5,,,,,,,,,,,,,,,,,,,,COMPLETE
636,636,0.8869439227821183,2025-01-01 18:32:01.443777,2025-01-01 18:32:17.471881,0 days 00:00:16.028104,1,140,,,,,,,,,,,,,,,,,,,,5,,,,,,,,,,,,,,,,,,,,COMPLETE
637,637,0.8704317604404324,2025-01-01 18:32:17.472741,2025-01-01 18:33:22.095496,0 days 00:01:04.622755,2,110,175.0,,,,,,,,,,,,,,,,,,,5,5.0,,,,,,,,,,,,,,,,,,,COMPLETE
638,638,0.8844738317161213,2025-01-01 18:33:22.096203,2025-01-01 18:33:34.261008,0 days 00:00:12.164805,1,95,,,,,,,,,,,,,,,,,,,,5,,,,,,,,,,,,,,,,,,,,COMPLETE
639,639,0.8045865422378737,2025-01-01 18:33:34.261496,2025-01-01 18:33:48.333507,0 days 00:00:14.072011,1,55,,,,,,,,,,,,,,,,,,,,5,,,,,,,,,,,,,,,,,,,,COMPLETE
640,640,0.8711650268351365,2025-01-01 18:33:48.334132,2025-01-01 18:35:00.941653,0 days 00:01:12.607521,2,200,75.0,,,,,,,,,,,,,,,,,,,5,4.0,,,,,,,,,,,,,,,,,,,COMPLETE
641,641,0.7664405560859028,2025-01-01 18:35:00.942370,2025-01-01 18:35:15.689673,0 days 00:00:14.747303,1,95,,,,,,,,,,,,,,,,,,,,5,,,,,,,,,,,,,,,,,,,,COMPLETE
642,642,0.903769580064082,2025-01-01 18:35:15.690152,2025-01-01 18:35:28.903393,0 days 00:00:13.213241,1,150,,,,,,,,,,,,,,,,,,,,5,,,,,,,,,,,,,,,,,,,,COMPLETE
643,643,0.881220553170778,2025-01-01 18:35:28.903950,2025-01-01 18:35:47.462972,0 days 00:00:18.559022,2,50,30.0,,,,,,,,,,,,,,,,,,,5,2.0,,,,,,,,,,,,,,,,,,,COMPLETE
644,644,0.8855411574416165,2025-01-01 18:35:47.463862,2025-01-01 18:35:59.719456,0 days 00:00:12.255594,1,20,,,,,,,,,,,,,,,,,,,,5,,,,,,,,,,,,,,,,,,,,COMPLETE
645,645,0.8975633267762209,2025-01-01 18:35:59.719967,2025-01-01 18:36:05.115858,0 days 00:00:05.395891,1,45,,,,,,,,,,,,,,,,,,,,2,,,,,,,,,,,,,,,,,,,,COMPLETE
646,646,0.8696941921738434,2025-01-01 18:36:05.116312,2025-01-01 18:37:44.515755,0 days 00:01:39.399443,3,135,90.0,,,,,,,,,,,10.0,,,,,,,,5,5.0,,,,,,,,,,,4.0,,,,,,,,COMPLETE
647,647,0.8679695249099127,2025-01-01 18:37:44.516463,2025-01-01 18:39:17.059417,0 days 00:01:32.542954,2,130,40.0,,,,,,,,,,,,,,,,,,,5,6.0,,,,,,,,,,,,,,,,,,,COMPLETE
648,648,0.9053072642390696,2025-01-01 18:39:17.060107,2025-01-01 18:39:30.367747,0 days 00:00:13.307640,1,145,,,,,,,,,,,,,,,,,,,,4,,,,,,,,,,,,,,,,,,,,COMPLETE
649,649,0.0,2025-01-01 18:39:30.368266,2025-01-01 18:40:04.981646,0 days 00:00:34.613380,12,125,45.0,100.0,75.0,,,,,,,,,20.0,60.0,150.0,175.0,165.0,70.0,140.0,130.0,5,4.0,2.0,3.0,,,,,,,,,3.0,3.0,2.0,4.0,4.0,3.0,5.0,2.0,COMPLETE
650,650,0.9106323850597979,2025-01-01 18:40:04.982473,2025-01-01 18:40:20.070640,0 days 00:00:15.088167,1,135,,,,,,,,,,,,,,,,,,,,5,,,,,,,,,,,,,,,,,,,,COMPLETE
651,651,0.8569024741875219,2025-01-01 18:40:20.071181,2025-01-01 18:40:27.326754,0 days 00:00:07.255573,1,130,,,,,,,,,,,,,,,,,,,,3,,,,,,,,,,,,,,,,,,,,COMPLETE
652,652,0.0,2025-01-01 18:40:27.327220,2025-01-01 18:41:57.044991,0 days 00:01:29.717771,19,140,160.0,130.0,25.0,85.0,120.0,30.0,170.0,50.0,65.0,105.0,,185.0,135.0,70.0,10.0,185.0,140.0,95.0,80.0,5,3.0,3.0,5.0,3.0,5.0,2.0,4.0,5.0,5.0,3.0,,5.0,5.0,6.0,5.0,5.0,5.0,3.0,5.0,COMPLETE
653,653,0.0,2025-01-01 18:41:57.046123,2025-01-01 18:42:58.453917,0 days 00:01:01.407794,15,135,5.0,55.0,65.0,150.0,100.0,130.0,,,,,,150.0,85.0,95.0,105.0,150.0,10.0,155.0,155.0,5,2.0,6.0,6.0,5.0,4.0,4.0,,,,,,2.0,4.0,4.0,3.0,2.0,6.0,6.0,3.0,COMPLETE
654,654,0.9070946148442427,2025-01-01 18:42:58.454923,2025-01-01 18:43:12.496892,0 days 00:00:14.041969,1,115,,,,,,,,,,,,,,,,,,,,5,,,,,,,,,,,,,,,,,,,,COMPLETE
655,655,0.867948820835965,2025-01-01 18:43:12.497458,2025-01-01 18:44:23.319739,0 days 00:01:10.822281,2,140,10.0,,,,,,,,,,,,,,,,,,,4,5.0,,,,,,,,,,,,,,,,,,,COMPLETE
656,656,0.9111842842102905,2025-01-01 18:44:23.320838,2025-01-01 18:44:39.234845,0 days 00:00:15.914007,1,135,,,,,,,,,,,,,,,,,,,,5,,,,,,,,,,,,,,,,,,,,COMPLETE
657,657,0.9108377488468438,2025-01-01 18:44:39.235345,2025-01-01 18:44:54.386507,0 days 00:00:15.151162,1,135,,,,,,,,,,,,,,,,,,,,5,,,,,,,,,,,,,,,,,,,,COMPLETE
658,658,0.8702264211564301,2025-01-01 18:44:54.387071,2025-01-01 18:45:08.527306,0 days 00:00:14.140235,1,130,,,,,,,,,,,,,,,,,,,,5,,,,,,,,,,,,,,,,,,,,COMPLETE
659,659,0.8698879572221971,2025-01-01 18:45:08.527927,2025-01-01 18:46:47.667777,0 days 00:01:39.139850,2,135,135.0,,,,,,,,,,,,,,,,,,,5,6.0,,,,,,,,,,,,,,,,,,,COMPLETE
660,660,0.8809422688618802,2025-01-01 18:46:47.668503,2025-01-01 18:47:01.070839,0 days 00:00:13.402336,1,70,,,,,,,,,,,,,,,,,,,,5,,,,,,,,,,,,,,,,,,,,COMPLETE
661,661,0.0,2025-01-01 18:47:01.071336,2025-01-01 18:47:36.264022,0 days 00:00:35.192686,4,135,180.0,,,,,,,,,,,175.0,175.0,,,,,,,5,3.0,,,,,,,,,,,4.0,6.0,,,,,,,COMPLETE
662,662,0.8884817346161173,2025-01-01 18:47:36.264782,2025-01-01 18:47:50.039221,0 days 00:00:13.774439,1,130,,,,,,,,,,,,,,,,,,,,5,,,,,,,,,,,,,,,,,,,,COMPLETE
663,663,0.8704547833423322,2025-01-01 18:47:50.039735,2025-01-01 18:48:17.129281,0 days 00:00:27.089546,2,125,200.0,,,,,,,,,,,,,,,,,,,5,2.0,,,,,,,,,,,,,,,,,,,COMPLETE
664,664,0.8597762065480128,2025-01-01 18:48:17.129946,2025-01-01 18:48:31.852962,0 days 00:00:14.723016,1,140,,,,,,,,,,,,,,,,,,,,5,,,,,,,,,,,,,,,,,,,,COMPLETE
665,665,0.8950621965581956,2025-01-01 18:48:31.853499,2025-01-01 18:48:44.570353,0 days 00:00:12.716854,1,80,,,,,,,,,,,,,,,,,,,,5,,,,,,,,,,,,,,,,,,,,COMPLETE
666,666,0.8741960860117479,2025-01-01 18:48:44.570868,2025-01-01 18:49:27.796776,0 days 00:00:43.225908,2,90,165.0,,,,,,,,,,,,,,,,,,,5,4.0,,,,,,,,,,,,,,,,,,,COMPLETE
667,667,0.8548120788606981,2025-01-01 18:49:27.797441,2025-01-01 18:49:42.698741,0 days 00:00:14.901300,1,135,,,,,,,,,,,,,,,,,,,,5,,,,,,,,,,,,,,,,,,,,COMPLETE
668,668,0.41528664411029603,2025-01-01 18:49:42.699242,2025-01-01 18:49:58.719671,0 days 00:00:16.020429,1,135,,,,,,,,,,,,,,,,,,,,5,,,,,,,,,,,,,,,,,,,,COMPLETE
669,669,0.910224026065932,2025-01-01 18:49:58.720212,2025-01-01 18:50:14.648519,0 days 00:00:15.928307,1,140,,,,,,,,,,,,,,,,,,,,5,,,,,,,,,,,,,,,,,,,,COMPLETE
670,670,0.8224800295624963,2025-01-01 18:50:14.649114,2025-01-01 18:50:30.453815,0 days 00:00:15.804701,1,140,,,,,,,,,,,,,,,,,,,,5,,,,,,,,,,,,,,,,,,,,COMPLETE
671,671,0.8721051444995798,2025-01-01 18:50:30.454290,2025-01-01 18:51:43.150660,0 days 00:01:12.696370,2,130,110.0,,,,,,,,,,,,,,,,,,,5,5.0,,,,,,,,,,,,,,,,,,,COMPLETE
672,672,0.8217427350320123,2025-01-01 18:51:43.151346,2025-01-01 18:51:57.630880,0 days 00:00:14.479534,1,140,,,,,,,,,,,,,,,,,,,,5,,,,,,,,,,,,,,,,,,,,COMPLETE
673,673,0.8847723379316563,2025-01-01 18:51:57.631414,2025-01-01 18:52:12.205894,0 days 00:00:14.574480,1,135,,,,,,,,,,,,,,,,,,,,5,,,,,,,,,,,,,,,,,,,,COMPLETE
674,674,0.8670943236812498,2025-01-01 18:52:12.206411,2025-01-01 18:53:05.259346,0 days 00:00:53.052935,2,135,50.0,,,,,,,,,,,,,,,,,,,5,4.0,,,,,,,,,,,,,,,,,,,COMPLETE
675,675,0.0,2025-01-01 18:53:05.260047,2025-01-01 18:53:28.747181,0 days 00:00:23.487134,7,130,15.0,,,,,,,,,,,140.0,200.0,195.0,85.0,110.0,,,,5,6.0,,,,,,,,,,,5.0,2.0,3.0,2.0,3.0,,,,COMPLETE
676,676,0.78142247221253,2025-01-01 18:53:28.747841,2025-01-01 18:53:39.091576,0 days 00:00:10.343735,1,140,,,,,,,,,,,,,,,,,,,,5,,,,,,,,,,,,,,,,,,,,COMPLETE
677,677,0.8753915673051783,2025-01-01 18:53:39.092121,2025-01-01 18:53:53.597373,0 days 00:00:14.505252,1,145,,,,,,,,,,,,,,,,,,,,5,,,,,,,,,,,,,,,,,,,,COMPLETE
678,678,0.8685762746583423,2025-01-01 18:53:53.597893,2025-01-01 18:54:34.751163,0 days 00:00:41.153270,2,135,185.0,,,,,,,,,,,,,,,,,,,5,3.0,,,,,,,,,,,,,,,,,,,COMPLETE
679,679,0.7878519167124263,2025-01-01 18:54:34.751823,2025-01-01 18:54:47.580323,0 days 00:00:12.828500,1,140,,,,,,,,,,,,,,,,,,,,5,,,,,,,,,,,,,,,,,,,,COMPLETE
680,680,0.7959859051889188,2025-01-01 18:54:47.580865,2025-01-01 18:55:02.114573,0 days 00:00:14.533708,1,130,,,,,,,,,,,,,,,,,,,,5,,,,,,,,,,,,,,,,,,,,COMPLETE
681,681,0.8664329770524462,2025-01-01 18:55:02.115033,2025-01-01 18:55:44.203908,0 days 00:00:42.088875,2,150,115.0,,,,,,,,,,,,,,,,,,,5,3.0,,,,,,,,,,,,,,,,,,,COMPLETE
682,682,0.8753375795190006,2025-01-01 18:55:44.204614,2025-01-01 18:56:25.721769,0 days 00:00:41.517155,3,145,75.0,,,,,,,,,,,125.0,,,,,,,,5,2.0,,,,,,,,,,,3.0,,,,,,,,COMPLETE
683,683,0.0,2025-01-01 18:56:25.722474,2025-01-01 18:57:10.271908,0 days 00:00:44.549434,11,70,155.0,80.0,,,,,,,,,,70.0,115.0,5.0,50.0,80.0,105.0,75.0,105.0,5,5.0,2.0,,,,,,,,,,6.0,5.0,6.0,5.0,5.0,2.0,3.0,6.0,COMPLETE
684,684,0.8509222017607867,2025-01-01 18:57:10.272740,2025-01-01 18:57:22.971470,0 days 00:00:12.698730,1,60,,,,,,,,,,,,,,,,,,,,5,,,,,,,,,,,,,,,,,,,,COMPLETE
685,685,0.9037043417507693,2025-01-01 18:57:22.972001,2025-01-01 18:57:36.837943,0 days 00:00:13.865942,1,125,,,,,,,,,,,,,,,,,,,,5,,,,,,,,,,,,,,,,,,,,COMPLETE
686,686,0.8664483385546521,2025-01-01 18:57:36.838426,2025-01-01 18:58:51.514883,0 days 00:01:14.676457,2,100,20.0,,,,,,,,,,,,,,,,,,,5,6.0,,,,,,,,,,,,,,,,,,,COMPLETE
687,687,0.8964388341853182,2025-01-01 18:58:51.515580,2025-01-01 18:59:05.895586,0 days 00:00:14.380006,1,135,,,,,,,,,,,,,,,,,,,,5,,,,,,,,,,,,,,,,,,,,COMPLETE
688,688,0.9098302937349885,2025-01-01 18:59:05.896183,2025-01-01 18:59:21.437737,0 days 00:00:15.541554,1,140,,,,,,,,,,,,,,,,,,,,5,,,,,,,,,,,,,,,,,,,,COMPLETE
689,689,0.9105287505798689,2025-01-01 18:59:21.438222,2025-01-01 18:59:34.085328,0 days 00:00:12.647106,1,140,,,,,,,,,,,,,,,,,,,,5,,,,,,,,,,,,,,,,,,,,COMPLETE
690,690,0.8821988830176961,2025-01-01 18:59:34.085878,2025-01-01 18:59:48.673681,0 days 00:00:14.587803,1,140,,,,,,,,,,,,,,,,,,,,5,,,,,,,,,,,,,,,,,,,,COMPLETE
691,691,0.8690287762110966,2025-01-01 18:59:48.674224,2025-01-01 19:00:42.527175,0 days 00:00:53.852951,2,140,25.0,,,,,,,,,,,,,,,,,,,5,4.0,,,,,,,,,,,,,,,,,,,COMPLETE
692,692,0.8400763752449618,2025-01-01 19:00:42.527874,2025-01-01 19:00:58.033083,0 days 00:00:15.505209,1,135,,,,,,,,,,,,,,,,,,,,5,,,,,,,,,,,,,,,,,,,,COMPLETE
693,693,0.8631635172638805,2025-01-01 19:00:58.033601,2025-01-01 19:01:13.229283,0 days 00:00:15.195682,1,140,,,,,,,,,,,,,,,,,,,,5,,,,,,,,,,,,,,,,,,,,COMPLETE
694,694,0.8718476061316063,2025-01-01 19:01:13.229773,2025-01-01 19:01:41.431626,0 days 00:00:28.201853,2,130,145.0,,,,,,,,,,,,,,,,,,,5,2.0,,,,,,,,,,,,,,,,,,,COMPLETE
695,695,0.0,2025-01-01 19:01:41.432313,2025-01-01 19:01:57.521174,0 days 00:00:16.088861,6,140,125.0,,,,,,,,,,,45.0,35.0,55.0,190.0,,,,,5,5.0,,,,,,,,,,,2.0,4.0,3.0,4.0,,,,,COMPLETE
696,696,0.8605035200856648,2025-01-01 19:01:57.521772,2025-01-01 19:02:12.905626,0 days 00:00:15.383854,1,135,,,,,,,,,,,,,,,,,,,,5,,,,,,,,,,,,,,,,,,,,COMPLETE
697,697,0.8715555162037862,2025-01-01 19:02:12.906172,2025-01-01 19:02:54.735042,0 days 00:00:41.828870,2,145,105.0,,,,,,,,,,,,,,,,,,,5,3.0,,,,,,,,,,,,,,,,,,,COMPLETE
698,698,0.8886031588980261,2025-01-01 19:02:54.735667,2025-01-01 19:03:08.109332,0 days 00:00:13.373665,1,135,,,,,,,,,,,,,,,,,,,,5,,,,,,,,,,,,,,,,,,,,COMPLETE
699,699,0.8935086310771032,2025-01-01 19:03:08.109887,2025-01-01 19:03:22.077903,0 days 00:00:13.968016,1,145,,,,,,,,,,,,,,,,,,,,5,,,,,,,,,,,,,,,,,,,,COMPLETE
700,700,0.8685389275586491,2025-01-01 19:03:22.078455,2025-01-01 19:04:50.920283,0 days 00:01:28.841828,2,125,60.0,,,,,,,,,,,,,,,,,,,5,6.0,,,,,,,,,,,,,,,,,,,COMPLETE
701,701,0.8852079232076455,2025-01-01 19:04:50.920999,2025-01-01 19:05:05.929487,0 days 00:00:15.008488,1,130,,,,,,,,,,,,,,,,,,,,5,,,,,,,,,,,,,,,,,,,,COMPLETE
702,702,0.90675571621417,2025-01-01 19:05:05.930039,2025-01-01 19:05:18.942223,0 days 00:00:13.012184,1,140,,,,,,,,,,,,,,,,,,,,5,,,,,,,,,,,,,,,,,,,,COMPLETE
703,703,0.8666473781573706,2025-01-01 19:05:18.942751,2025-01-01 19:06:15.379361,0 days 00:00:56.436610,2,135,165.0,,,,,,,,,,,,,,,,,,,5,4.0,,,,,,,,,,,,,,,,,,,COMPLETE
704,704,0.8735187121441785,2025-01-01 19:06:15.380073,2025-01-01 19:06:29.282183,0 days 00:00:13.902110,1,145,,,,,,,,,,,,,,,,,,,,5,,,,,,,,,,,,,,,,,,,,COMPLETE
705,705,0.9052654354351195,2025-01-01 19:06:29.282666,2025-01-01 19:06:44.976465,0 days 00:00:15.693799,1,130,,,,,,,,,,,,,,,,,,,,5,,,,,,,,,,,,,,,,,,,,COMPLETE
706,706,0.8768499833850181,2025-01-01 19:06:44.977022,2025-01-01 19:06:59.671276,0 days 00:00:14.694254,1,135,,,,,,,,,,,,,,,,,,,,5,,,,,,,,,,,,,,,,,,,,COMPLETE
707,707,0.8738083002720378,2025-01-01 19:06:59.671884,2025-01-01 19:08:16.793357,0 days 00:01:17.121473,2,140,140.0,,,,,,,,,,,,,,,,,,,5,5.0,,,,,,,,,,,,,,,,,,,COMPLETE
708,708,0.7477340104832129,2025-01-01 19:08:16.794073,2025-01-01 19:08:29.630935,0 days 00:00:12.836862,1,145,,,,,,,,,,,,,,,,,,,,5,,,,,,,,,,,,,,,,,,,,COMPLETE
709,709,0.905623831661619,2025-01-01 19:08:29.631489,2025-01-01 19:08:45.368372,0 days 00:00:15.736883,1,140,,,,,,,,,,,,,,,,,,,,5,,,,,,,,,,,,,,,,,,,,COMPLETE
710,710,0.8446156374611122,2025-01-01 19:08:45.368978,2025-01-01 19:08:58.481684,0 days 00:00:13.112706,1,135,,,,,,,,,,,,,,,,,,,,5,,,,,,,,,,,,,,,,,,,,COMPLETE
711,711,0.8263163618894972,2025-01-01 19:08:58.482162,2025-01-01 19:09:12.949381,0 days 00:00:14.467219,1,120,,,,,,,,,,,,,,,,,,,,5,,,,,,,,,,,,,,,,,,,,COMPLETE
712,712,0.8784708661271774,2025-01-01 19:09:12.949945,2025-01-01 19:09:38.761853,0 days 00:00:25.811908,2,130,30.0,,,,,,,,,,,,,,,,,,,5,2.0,,,,,,,,,,,,,,,,,,,COMPLETE
713,713,0.9019204500970324,2025-01-01 19:09:38.762462,2025-01-01 19:09:48.542403,0 days 00:00:09.779941,1,140,,,,,,,,,,,,,,,,,,,,5,,,,,,,,,,,,,,,,,,,,COMPLETE
714,714,0.8731477872476237,2025-01-01 19:09:48.542900,2025-01-01 19:11:02.049455,0 days 00:01:13.506555,3,55,95.0,,,,,,,,,,,115.0,,,,,,,,5,4.0,,,,,,,,,,,5.0,,,,,,,,COMPLETE
715,715,0.8555549842480829,2025-01-01 19:11:02.050189,2025-01-01 19:11:16.855007,0 days 00:00:14.804818,1,145,,,,,,,,,,,,,,,,,,,,5,,,,,,,,,,,,,,,,,,,,COMPLETE
716,716,0.881326054499592,2025-01-01 19:11:16.855567,2025-01-01 19:11:39.628155,0 days 00:00:22.772588,2,40,190.0,,,,,,,,,,,,,,,,,,,5,3.0,,,,,,,,,,,,,,,,,,,COMPLETE
717,717,0.8737675920197958,2025-01-01 19:11:39.628712,2025-01-01 19:13:17.279055,0 days 00:01:37.650343,2,135,150.0,,,,,,,,,,,,,,,,,,,5,6.0,,,,,,,,,,,,,,,,,,,COMPLETE
718,718,0.8588070788326588,2025-01-01 19:13:17.279770,2025-01-01 19:13:32.115400,0 days 00:00:14.835630,1,145,,,,,,,,,,,,,,,,,,,,5,,,,,,,,,,,,,,,,,,,,COMPLETE
719,719,0.445022033970821,2025-01-01 19:13:32.115969,2025-01-01 19:13:44.318566,0 days 00:00:12.202597,1,130,,,,,,,,,,,,,,,,,,,,5,,,,,,,,,,,,,,,,,,,,COMPLETE
720,720,0.877680459515475,2025-01-01 19:13:44.319127,2025-01-01 19:15:00.051596,0 days 00:01:15.732469,2,140,100.0,,,,,,,,,,,,,,,,,,,5,5.0,,,,,,,,,,,,,,,,,,,COMPLETE
721,721,0.8769296772577961,2025-01-01 19:15:00.052317,2025-01-01 19:15:15.929898,0 days 00:00:15.877581,1,135,,,,,,,,,,,,,,,,,,,,5,,,,,,,,,,,,,,,,,,,,COMPLETE
722,722,0.9098187653369871,2025-01-01 19:15:15.930454,2025-01-01 19:15:30.149455,0 days 00:00:14.219001,1,150,,,,,,,,,,,,,,,,,,,,5,,,,,,,,,,,,,,,,,,,,COMPLETE
723,723,0.8669793600825301,2025-01-01 19:15:30.150032,2025-01-01 19:16:00.443004,0 days 00:00:30.292972,2,150,170.0,,,,,,,,,,,,,,,,,,,5,2.0,,,,,,,,,,,,,,,,,,,COMPLETE
724,724,0.8801028327121702,2025-01-01 19:16:00.443565,2025-01-01 19:16:11.332642,0 days 00:00:10.889077,1,150,,,,,,,,,,,,,,,,,,,,5,,,,,,,,,,,,,,,,,,,,COMPLETE
725,725,0.8589165238119061,2025-01-01 19:16:11.333196,2025-01-01 19:16:27.001251,0 days 00:00:15.668055,1,155,,,,,,,,,,,,,,,,,,,,5,,,,,,,,,,,,,,,,,,,,COMPLETE
726,726,0.8358054427325508,2025-01-01 19:16:27.001870,2025-01-01 19:16:41.188915,0 days 00:00:14.187045,1,145,,,,,,,,,,,,,,,,,,,,5,,,,,,,,,,,,,,,,,,,,COMPLETE
727,727,0.8715130601234933,2025-01-01 19:16:41.189404,2025-01-01 19:17:23.311588,0 days 00:00:42.122184,2,150,125.0,,,,,,,,,,,,,,,,,,,5,3.0,,,,,,,,,,,,,,,,,,,COMPLETE
728,728,0.8877474804683602,2025-01-01 19:17:23.312288,2025-01-01 19:17:39.276538,0 days 00:00:15.964250,1,155,,,,,,,,,,,,,,,,,,,,5,,,,,,,,,,,,,,,,,,,,COMPLETE
729,729,0.8865902625800173,2025-01-01 19:17:39.277039,2025-01-01 19:17:52.903022,0 days 00:00:13.625983,1,140,,,,,,,,,,,,,,,,,,,,5,,,,,,,,,,,,,,,,,,,,COMPLETE
730,730,0.8749980245309359,2025-01-01 19:17:52.903590,2025-01-01 19:18:18.511527,0 days 00:00:25.607937,2,25,35.0,,,,,,,,,,,,,,,,,,,5,5.0,,,,,,,,,,,,,,,,,,,COMPLETE
731,731,0.8715754562854099,2025-01-01 19:18:18.512152,2025-01-01 19:18:33.808352,0 days 00:00:15.296200,1,155,,,,,,,,,,,,,,,,,,,,5,,,,,,,,,,,,,,,,,,,,COMPLETE
732,732,0.8507826652022352,2025-01-01 19:18:33.808855,2025-01-01 19:18:46.795003,0 days 00:00:12.986148,1,125,,,,,,,,,,,,,,,,,,,,5,,,,,,,,,,,,,,,,,,,,COMPLETE
733,733,0.869433974085946,2025-01-01 19:18:46.795565,2025-01-01 19:20:30.802697,0 days 00:01:44.007132,2,150,85.0,,,,,,,,,,,,,,,,,,,5,6.0,,,,,,,,,,,,,,,,,,,COMPLETE
734,734,0.8837414396476302,2025-01-01 19:20:30.803410,2025-01-01 19:20:44.959458,0 days 00:00:14.156048,1,145,,,,,,,,,,,,,,,,,,,,5,,,,,,,,,,,,,,,,,,,,COMPLETE
735,735,0.8625640682336527,2025-01-01 19:20:44.959969,2025-01-01 19:20:58.182443,0 days 00:00:13.222474,1,140,,,,,,,,,,,,,,,,,,,,5,,,,,,,,,,,,,,,,,,,,COMPLETE
736,736,0.8912725968304192,2025-01-01 19:20:58.182938,2025-01-01 19:21:09.584371,0 days 00:00:11.401433,1,130,,,,,,,,,,,,,,,,,,,,5,,,,,,,,,,,,,,,,,,,,COMPLETE
737,737,0.8630968944757533,2025-01-01 19:21:09.584936,2025-01-01 19:21:22.430134,0 days 00:00:12.845198,1,135,,,,,,,,,,,,,,,,,,,,5,,,,,,,,,,,,,,,,,,,,COMPLETE
738,738,0.8671114599686027,2025-01-01 19:21:22.430749,2025-01-01 19:22:02.431491,0 days 00:00:40.000742,2,145,50.0,,,,,,,,,,,,,,,,,,,5,3.0,,,,,,,,,,,,,,,,,,,COMPLETE
739,739,0.8964309619292639,2025-01-01 19:22:02.432077,2025-01-01 19:22:14.101007,0 days 00:00:11.668930,1,5,,,,,,,,,,,,,,,,,,,,5,,,,,,,,,,,,,,,,,,,,COMPLETE
740,740,0.8705187099488956,2025-01-01 19:22:14.101574,2025-01-01 19:23:15.284600,0 days 00:01:01.183026,2,150,130.0,,,,,,,,,,,,,,,,,,,5,4.0,,,,,,,,,,,,,,,,,,,COMPLETE
741,741,0.9047406938390858,2025-01-01 19:23:15.285308,2025-01-01 19:23:30.095151,0 days 00:00:14.809843,1,135,,,,,,,,,,,,,,,,,,,,5,,,,,,,,,,,,,,,,,,,,COMPLETE
742,742,0.8920017650349388,2025-01-01 19:23:30.095653,2025-01-01 19:23:45.931925,0 days 00:00:15.836272,1,140,,,,,,,,,,,,,,,,,,,,5,,,,,,,,,,,,,,,,,,,,COMPLETE
743,743,0.874180020294336,2025-01-01 19:23:45.932496,2025-01-01 19:24:10.785678,0 days 00:00:24.853182,2,125,40.0,,,,,,,,,,,,,,,,,,,5,2.0,,,,,,,,,,,,,,,,,,,COMPLETE
744,744,0.8409912708747512,2025-01-01 19:24:10.786293,2025-01-01 19:24:25.314240,0 days 00:00:14.527947,1,145,,,,,,,,,,,,,,,,,,,,5,,,,,,,,,,,,,,,,,,,,COMPLETE
745,745,0.8819204865811705,2025-01-01 19:24:25.314740,2025-01-01 19:24:39.071412,0 days 00:00:13.756672,1,80,,,,,,,,,,,,,,,,,,,,5,,,,,,,,,,,,,,,,,,,,COMPLETE
746,746,0.8699054090701358,2025-01-01 19:24:39.071985,2025-01-01 19:26:32.103376,0 days 00:01:53.031391,2,155,200.0,,,,,,,,,,,,,,,,,,,5,6.0,,,,,,,,,,,,,,,,,,,COMPLETE
747,747,0.907831175644296,2025-01-01 19:26:32.104094,2025-01-01 19:26:45.684688,0 days 00:00:13.580594,1,140,,,,,,,,,,,,,,,,,,,,5,,,,,,,,,,,,,,,,,,,,COMPLETE
748,748,0.8430773095455069,2025-01-01 19:26:45.685168,2025-01-01 19:27:00.172131,0 days 00:00:14.486963,1,130,,,,,,,,,,,,,,,,,,,,5,,,,,,,,,,,,,,,,,,,,COMPLETE
749,749,0.875769494896289,2025-01-01 19:27:00.172774,2025-01-01 19:27:15.996107,0 days 00:00:15.823333,1,135,,,,,,,,,,,,,,,,,,,,5,,,,,,,,,,,,,,,,,,,,COMPLETE
750,750,0.8713359191565766,2025-01-01 19:27:15.996651,2025-01-01 19:27:40.246078,0 days 00:00:24.249427,2,30,170.0,,,,,,,,,,,,,,,,,,,5,4.0,,,,,,,,,,,,,,,,,,,COMPLETE
751,751,0.8983078423135813,2025-01-01 19:27:40.246599,2025-01-01 19:27:53.609140,0 days 00:00:13.362541,1,145,,,,,,,,,,,,,,,,,,,,5,,,,,,,,,,,,,,,,,,,,COMPLETE
752,752,0.8710910698268025,2025-01-01 19:27:53.609791,2025-01-01 19:29:30.527949,0 days 00:01:36.918158,3,150,65.0,,,,,,,,,,,35.0,,,,,,,,5,5.0,,,,,,,,,,,4.0,,,,,,,,COMPLETE
753,753,0.8295613919222083,2025-01-01 19:29:30.528689,2025-01-01 19:29:44.345240,0 days 00:00:13.816551,1,140,,,,,,,,,,,,,,,,,,,,5,,,,,,,,,,,,,,,,,,,,COMPLETE
754,754,0.8681268892047558,2025-01-01 19:29:44.345816,2025-01-01 19:30:12.782859,0 days 00:00:28.437043,2,145,120.0,,,,,,,,,,,,,,,,,,,5,2.0,,,,,,,,,,,,,,,,,,,COMPLETE
755,755,0.8307412564243144,2025-01-01 19:30:12.783420,2025-01-01 19:30:27.526274,0 days 00:00:14.742854,1,120,,,,,,,,,,,,,,,,,,,,5,,,,,,,,,,,,,,,,,,,,COMPLETE
756,756,0.867510336438769,2025-01-01 19:30:27.526793,2025-01-01 19:31:20.563494,0 days 00:00:53.036701,2,135,10.0,,,,,,,,,,,,,,,,,,,5,4.0,,,,,,,,,,,,,,,,,,,COMPLETE
757,757,0.8683329558777344,2025-01-01 19:31:20.564195,2025-01-01 19:31:35.888154,0 days 00:00:15.323959,1,155,,,,,,,,,,,,,,,,,,,,5,,,,,,,,,,,,,,,,,,,,COMPLETE
758,758,0.9024494118547104,2025-01-01 19:31:35.888853,2025-01-01 19:31:51.214782,0 days 00:00:15.325929,1,140,,,,,,,,,,,,,,,,,,,,5,,,,,,,,,,,,,,,,,,,,COMPLETE
759,759,0.868096531793175,2025-01-01 19:31:51.215281,2025-01-01 19:32:07.790772,0 days 00:00:16.575491,1,135,,,,,,,,,,,,,,,,,,,,5,,,,,,,,,,,,,,,,,,,,COMPLETE
760,760,0.8720667942185935,2025-01-01 19:32:07.791264,2025-01-01 19:32:51.237102,0 days 00:00:43.445838,2,150,180.0,,,,,,,,,,,,,,,,,,,5,3.0,,,,,,,,,,,,,,,,,,,COMPLETE
761,761,0.8808001060590822,2025-01-01 19:32:51.237823,2025-01-01 19:33:04.860305,0 days 00:00:13.622482,1,110,,,,,,,,,,,,,,,,,,,,5,,,,,,,,,,,,,,,,,,,,COMPLETE
762,762,0.8722835922432806,2025-01-01 19:33:04.860807,2025-01-01 19:34:15.580083,0 days 00:01:10.719276,2,130,45.0,,,,,,,,,,,,,,,,,,,5,5.0,,,,,,,,,,,,,,,,,,,COMPLETE
763,763,0.8321316977596047,2025-01-01 19:34:15.580815,2025-01-01 19:34:28.984731,0 days 00:00:13.403916,1,130,,,,,,,,,,,,,,,,,,,,5,,,,,,,,,,,,,,,,,,,,COMPLETE
764,764,0.8121406596608682,2025-01-01 19:34:28.985226,2025-01-01 19:34:42.676551,0 days 00:00:13.691325,1,140,,,,,,,,,,,,,,,,,,,,5,,,,,,,,,,,,,,,,,,,,COMPLETE
765,765,0.9074783023280459,2025-01-01 19:34:42.677039,2025-01-01 19:34:57.302683,0 days 00:00:14.625644,1,145,,,,,,,,,,,,,,,,,,,,5,,,,,,,,,,,,,,,,,,,,COMPLETE
766,766,0.8650864816566097,2025-01-01 19:34:57.303283,2025-01-01 19:35:10.337997,0 days 00:00:13.034714,1,160,,,,,,,,,,,,,,,,,,,,5,,,,,,,,,,,,,,,,,,,,COMPLETE
767,767,0.0,2025-01-01 19:35:10.338624,2025-01-01 19:36:08.106228,0 days 00:00:57.767604,10,150,160.0,,,,,,,,,,,15.0,140.0,165.0,165.0,130.0,125.0,125.0,135.0,5,6.0,,,,,,,,,,,3.0,5.0,2.0,6.0,6.0,3.0,2.0,5.0,COMPLETE
768,768,0.8727389922373794,2025-01-01 19:36:08.107103,2025-01-01 19:36:34.376576,0 days 00:00:26.269473,2,135,20.0,,,,,,,,,,,,,,,,,,,5,2.0,,,,,,,,,,,,,,,,,,,COMPLETE
769,769,0.5934433187547288,2025-01-01 19:36:34.377085,2025-01-01 19:36:45.917165,0 days 00:00:11.540080,1,155,,,,,,,,,,,,,,,,,,,,5,,,,,,,,,,,,,,,,,,,,COMPLETE
770,770,0.8917661222412221,2025-01-01 19:36:45.917769,2025-01-01 19:36:58.919457,0 days 00:00:13.001688,1,125,,,,,,,,,,,,,,,,,,,,5,,,,,,,,,,,,,,,,,,,,COMPLETE
771,771,0.8697322982056259,2025-01-01 19:36:58.920045,2025-01-01 19:37:38.856479,0 days 00:00:39.936434,2,140,80.0,,,,,,,,,,,,,,,,,,,5,3.0,,,,,,,,,,,,,,,,,,,COMPLETE
772,772,0.8772426696110907,2025-01-01 19:37:38.857114,2025-01-01 19:37:54.290608,0 days 00:00:15.433494,1,145,,,,,,,,,,,,,,,,,,,,5,,,,,,,,,,,,,,,,,,,,COMPLETE
773,773,0.9102956492589411,2025-01-01 19:37:54.291218,2025-01-01 19:38:06.515470,0 days 00:00:12.224252,1,135,,,,,,,,,,,,,,,,,,,,5,,,,,,,,,,,,,,,,,,,,COMPLETE
774,774,0.0,2025-01-01 19:38:06.515966,2025-01-01 19:39:01.316055,0 days 00:00:54.800089,18,130,90.0,115.0,10.0,105.0,5.0,35.0,60.0,115.0,65.0,,,5.0,10.0,15.0,130.0,100.0,95.0,50.0,175.0,5,4.0,4.0,2.0,4.0,6.0,6.0,5.0,6.0,3.0,,,6.0,6.0,4.0,2.0,3.0,5.0,4.0,3.0,COMPLETE
775,775,0.8674319474666663,2025-01-01 19:39:01.317071,2025-01-01 19:40:35.720764,0 days 00:01:34.403693,2,130,110.0,,,,,,,,,,,,,,,,,,,5,6.0,,,,,,,,,,,,,,,,,,,COMPLETE
776,776,0.7960294338885039,2025-01-01 19:40:35.721527,2025-01-01 19:40:50.312159,0 days 00:00:14.590632,1,135,,,,,,,,,,,,,,,,,,,,5,,,,,,,,,,,,,,,,,,,,COMPLETE
777,777,0.744000905219552,2025-01-01 19:40:50.312695,2025-01-01 19:41:05.153554,0 days 00:00:14.840859,1,135,,,,,,,,,,,,,,,,,,,,5,,,,,,,,,,,,,,,,,,,,COMPLETE
778,778,0.8739067595078923,2025-01-01 19:41:05.154067,2025-01-01 19:42:24.574756,0 days 00:01:19.420689,2,140,195.0,,,,,,,,,,,,,,,,,,,5,5.0,,,,,,,,,,,,,,,,,,,COMPLETE
779,779,0.8740672600535695,2025-01-01 19:42:24.575516,2025-01-01 19:42:40.931266,0 days 00:00:16.355750,1,130,,,,,,,,,,,,,,,,,,,,5,,,,,,,,,,,,,,,,,,,,COMPLETE
780,780,0.8767436351735007,2025-01-01 19:42:40.931805,2025-01-01 19:42:54.807430,0 days 00:00:13.875625,1,140,,,,,,,,,,,,,,,,,,,,5,,,,,,,,,,,,,,,,,,,,COMPLETE
781,781,0.8722607289782459,2025-01-01 19:42:54.807948,2025-01-01 19:43:25.913240,0 days 00:00:31.105292,3,135,55.0,,,,,,,,,,,55.0,,,,,,,,5,2.0,,,,,,,,,,,2.0,,,,,,,,COMPLETE
782,782,0.8671628489534408,2025-01-01 19:43:25.914017,2025-01-01 19:43:40.982038,0 days 00:00:15.068021,1,145,,,,,,,,,,,,,,,,,,,,5,,,,,,,,,,,,,,,,,,,,COMPLETE
783,783,0.8709016485367993,2025-01-01 19:43:40.982565,2025-01-01 19:44:20.303819,0 days 00:00:39.321254,2,135,70.0,,,,,,,,,,,,,,,,,,,5,3.0,,,,,,,,,,,,,,,,,,,COMPLETE
784,784,0.9041441257266978,2025-01-01 19:44:20.304570,2025-01-01 19:44:33.206844,0 days 00:00:12.902274,1,150,,,,,,,,,,,,,,,,,,,,5,,,,,,,,,,,,,,,,,,,,COMPLETE
785,785,0.9018361952253977,2025-01-01 19:44:33.207358,2025-01-01 19:44:47.661751,0 days 00:00:14.454393,1,125,,,,,,,,,,,,,,,,,,,,5,,,,,,,,,,,,,,,,,,,,COMPLETE
786,786,0.8841162669172535,2025-01-01 19:44:47.662359,2025-01-01 19:45:01.718312,0 days 00:00:14.055953,1,140,,,,,,,,,,,,,,,,,,,,5,,,,,,,,,,,,,,,,,,,,COMPLETE
787,787,0.8713565935035524,2025-01-01 19:45:01.718910,2025-01-01 19:45:59.315508,0 days 00:00:57.596598,2,140,140.0,,,,,,,,,,,,,,,,,,,5,4.0,,,,,,,,,,,,,,,,,,,COMPLETE
788,788,0.9081529671598152,2025-01-01 19:45:59.316241,2025-01-01 19:46:11.600767,0 days 00:00:12.284526,1,145,,,,,,,,,,,,,,,,,,,,5,,,,,,,,,,,,,,,,,,,,COMPLETE
789,789,0.8907892430113423,2025-01-01 19:46:11.601281,2025-01-01 19:46:27.107855,0 days 00:00:15.506574,1,130,,,,,,,,,,,,,,,,,,,,5,,,,,,,,,,,,,,,,,,,,COMPLETE
790,790,0.8712493477162939,2025-01-01 19:46:27.108361,2025-01-01 19:47:29.273651,0 days 00:01:02.165290,2,115,115.0,,,,,,,,,,,,,,,,,,,4,5.0,,,,,,,,,,,,,,,,,,,COMPLETE
791,791,0.9055542989161129,2025-01-01 19:47:29.274377,2025-01-01 19:47:40.346711,0 days 00:00:11.072334,1,125,,,,,,,,,,,,,,,,,,,,5,,,,,,,,,,,,,,,,,,,,COMPLETE
792,792,0.8666365122473835,2025-01-01 19:47:40.347305,2025-01-01 19:49:15.004679,0 days 00:01:34.657374,2,135,25.0,,,,,,,,,,,,,,,,,,,5,6.0,,,,,,,,,,,,,,,,,,,COMPLETE
793,793,0.0,2025-01-01 19:49:15.005399,2025-01-01 19:49:39.238276,0 days 00:00:24.232877,5,145,75.0,,,,,,,,,,,100.0,185.0,80.0,,,,,,5,2.0,,,,,,,,,,,4.0,3.0,5.0,,,,,,COMPLETE
794,794,0.8652467475001284,2025-01-01 19:49:39.238984,2025-01-01 19:49:53.444890,0 days 00:00:14.205906,1,150,,,,,,,,,,,,,,,,,,,,5,,,,,,,,,,,,,,,,,,,,COMPLETE
795,795,0.7663636848912978,2025-01-01 19:49:53.445394,2025-01-01 19:50:07.537455,0 days 00:00:14.092061,1,140,,,,,,,,,,,,,,,,,,,,5,,,,,,,,,,,,,,,,,,,,COMPLETE
796,796,0.8701289949607921,2025-01-01 19:50:07.538069,2025-01-01 19:50:48.253073,0 days 00:00:40.715004,2,135,135.0,,,,,,,,,,,,,,,,,,,5,3.0,,,,,,,,,,,,,,,,,,,COMPLETE
797,797,0.8907644840166072,2025-01-01 19:50:48.253699,2025-01-01 19:51:00.541224,0 days 00:00:12.287525,1,90,,,,,,,,,,,,,,,,,,,,5,,,,,,,,,,,,,,,,,,,,COMPLETE
798,798,0.6366471363838955,2025-01-01 19:51:00.541835,2025-01-01 19:51:14.829023,0 days 00:00:14.287188,1,130,,,,,,,,,,,,,,,,,,,,5,,,,,,,,,,,,,,,,,,,,COMPLETE
799,799,0.8721920215695984,2025-01-01 19:51:14.829649,2025-01-01 19:52:18.757353,0 days 00:01:03.927704,2,155,195.0,,,,,,,,,,,,,,,,,,,5,4.0,,,,,,,,,,,,,,,,,,,COMPLETE
800,800,0.9095691623072382,2025-01-01 19:52:18.758089,2025-01-01 19:52:30.670387,0 days 00:00:11.912298,1,145,,,,,,,,,,,,,,,,,,,,4,,,,,,,,,,,,,,,,,,,,COMPLETE
801,801,0.9111400302238857,2025-01-01 19:52:30.670893,2025-01-01 19:52:46.060617,0 days 00:00:15.389724,1,135,,,,,,,,,,,,,,,,,,,,5,,,,,,,,,,,,,,,,,,,,COMPLETE
802,802,0.8049034342177999,2025-01-01 19:52:46.061225,2025-01-01 19:53:00.623002,0 days 00:00:14.561777,1,135,,,,,,,,,,,,,,,,,,,,5,,,,,,,,,,,,,,,,,,,,COMPLETE
803,803,0.0,2025-01-01 19:53:00.623609,2025-01-01 19:53:32.355413,0 days 00:00:31.731804,4,130,155.0,,,,,,,,,,,165.0,95.0,,,,,,,5,6.0,,,,,,,,,,,5.0,2.0,,,,,,,COMPLETE
804,804,0.8302135413735983,2025-01-01 19:53:32.356079,2025-01-01 19:53:46.853679,0 days 00:00:14.497600,1,125,,,,,,,,,,,,,,,,,,,,5,,,,,,,,,,,,,,,,,,,,COMPLETE
805,805,0.8420984416990895,2025-01-01 19:53:46.854280,2025-01-01 19:54:01.883704,0 days 00:00:15.029424,1,140,,,,,,,,,,,,,,,,,,,,5,,,,,,,,,,,,,,,,,,,,COMPLETE
806,806,0.8720793200245255,2025-01-01 19:54:01.884206,2025-01-01 19:54:55.495954,0 days 00:00:53.611748,2,135,5.0,,,,,,,,,,,,,,,,,,,5,4.0,,,,,,,,,,,,,,,,,,,COMPLETE
807,807,0.8408116671326065,2025-01-01 19:54:55.496688,2025-01-01 19:55:10.902094,0 days 00:00:15.405406,1,130,,,,,,,,,,,,,,,,,,,,5,,,,,,,,,,,,,,,,,,,,COMPLETE
808,808,0.8123732776943904,2025-01-01 19:55:10.902611,2025-01-01 19:55:25.959130,0 days 00:00:15.056519,1,120,,,,,,,,,,,,,,,,,,,,5,,,,,,,,,,,,,,,,,,,,COMPLETE
809,809,0.8718256284805879,2025-01-01 19:55:25.959739,2025-01-01 19:55:54.084244,0 days 00:00:28.124505,2,140,105.0,,,,,,,,,,,,,,,,,,,5,2.0,,,,,,,,,,,,,,,,,,,COMPLETE
810,810,0.8399671583243847,2025-01-01 19:55:54.084868,2025-01-01 19:56:06.925568,0 days 00:00:12.840700,1,135,,,,,,,,,,,,,,,,,,,,5,,,,,,,,,,,,,,,,,,,,COMPLETE
811,811,0.8736901215471724,2025-01-01 19:56:06.926075,2025-01-01 19:56:46.166004,0 days 00:00:39.239929,2,140,65.0,,,,,,,,,,,,,,,,,,,5,3.0,,,,,,,,,,,,,,,,,,,COMPLETE
812,812,0.7177428640961914,2025-01-01 19:56:46.166728,2025-01-01 19:57:01.552498,0 days 00:00:15.385770,1,100,,,,,,,,,,,,,,,,,,,,5,,,,,,,,,,,,,,,,,,,,COMPLETE
813,813,0.8917468297035896,2025-01-01 19:57:01.553005,2025-01-01 19:57:16.663366,0 days 00:00:15.110361,1,135,,,,,,,,,,,,,,,,,,,,5,,,,,,,,,,,,,,,,,,,,COMPLETE
814,814,0.0,2025-01-01 19:57:16.664072,2025-01-01 19:58:46.731328,0 days 00:01:30.067256,16,145,175.0,155.0,95.0,200.0,145.0,175.0,40.0,,,,,90.0,150.0,115.0,145.0,120.0,160.0,170.0,60.0,5,5.0,5.0,4.0,6.0,2.0,5.0,3.0,,,,,6.0,3.0,3.0,4.0,4.0,4.0,6.0,2.0,COMPLETE
815,815,0.8934766703128736,2025-01-01 19:58:46.732300,2025-01-01 19:58:59.780874,0 days 00:00:13.048574,1,125,,,,,,,,,,,,,,,,,,,,5,,,,,,,,,,,,,,,,,,,,COMPLETE
816,816,0.8730822517091692,2025-01-01 19:58:59.781404,2025-01-01 19:59:43.341074,0 days 00:00:43.559670,2,150,185.0,,,,,,,,,,,,,,,,,,,5,3.0,,,,,,,,,,,,,,,,,,,COMPLETE
817,817,0.8772059385382952,2025-01-01 19:59:43.341831,2025-01-01 19:59:58.341022,0 days 00:00:14.999191,1,130,,,,,,,,,,,,,,,,,,,,5,,,,,,,,,,,,,,,,,,,,COMPLETE
818,818,0.8768958685980497,2025-01-01 19:59:58.341659,2025-01-01 20:01:37.148592,0 days 00:01:38.806933,2,140,60.0,,,,,,,,,,,,,,,,,,,5,6.0,,,,,,,,,,,,,,,,,,,COMPLETE
819,819,0.8812774877936445,2025-01-01 20:01:37.149356,2025-01-01 20:01:52.139695,0 days 00:00:14.990339,1,135,,,,,,,,,,,,,,,,,,,,5,,,,,,,,,,,,,,,,,,,,COMPLETE
820,820,0.8041440250847351,2025-01-01 20:01:52.140418,2025-01-01 20:02:08.526120,0 days 00:00:16.385702,1,145,,,,,,,,,,,,,,,,,,,,5,,,,,,,,,,,,,,,,,,,,COMPLETE
821,821,0.866820464340418,2025-01-01 20:02:08.526672,2025-01-01 20:02:21.003935,0 days 00:00:12.477263,1,140,,,,,,,,,,,,,,,,,,,,5,,,,,,,,,,,,,,,,,,,,COMPLETE
822,822,0.8731167836506767,2025-01-01 20:02:21.004458,2025-01-01 20:03:02.386061,0 days 00:00:41.381603,2,85,150.0,,,,,,,,,,,,,,,,,,,5,4.0,,,,,,,,,,,,,,,,,,,COMPLETE
823,823,0.9018736331223736,2025-01-01 20:03:02.386826,2025-01-01 20:03:16.386016,0 days 00:00:13.999190,1,130,,,,,,,,,,,,,,,,,,,,5,,,,,,,,,,,,,,,,,,,,COMPLETE
824,824,0.8775632275825302,2025-01-01 20:03:16.386557,2025-01-01 20:03:32.706618,0 days 00:00:16.320061,1,140,,,,,,,,,,,,,,,,,,,,5,,,,,,,,,,,,,,,,,,,,COMPLETE
825,825,0.0,2025-01-01 20:03:32.707247,2025-01-01 20:03:58.812195,0 days 00:00:26.104948,8,145,115.0,,,,,,,,,,,155.0,110.0,90.0,20.0,200.0,80.0,,,5,5.0,,,,,,,,,,,3.0,4.0,2.0,6.0,2.0,5.0,,,COMPLETE
826,826,0.8721909022744834,2025-01-01 20:03:58.812991,2025-01-01 20:04:26.503366,0 days 00:00:27.690375,2,135,95.0,,,,,,,,,,,,,,,,,,,5,2.0,,,,,,,,,,,,,,,,,,,COMPLETE
827,827,0.9090620373395497,2025-01-01 20:04:26.504031,2025-01-01 20:04:41.519552,0 days 00:00:15.015521,1,150,,,,,,,,,,,,,,,,,,,,5,,,,,,,,,,,,,,,,,,,,COMPLETE
828,828,0.9108326750075018,2025-01-01 20:04:41.520167,2025-01-01 20:04:57.915210,0 days 00:00:16.395043,1,130,,,,,,,,,,,,,,,,,,,,5,,,,,,,,,,,,,,,,,,,,COMPLETE
829,829,0.871459943190475,2025-01-01 20:04:57.915725,2025-01-01 20:06:29.313912,0 days 00:01:31.398187,2,125,145.0,,,,,,,,,,,,,,,,,,,5,6.0,,,,,,,,,,,,,,,,,,,COMPLETE
830,830,0.8695336596951297,2025-01-01 20:06:29.314646,2025-01-01 20:07:36.355696,0 days 00:01:07.041050,3,130,130.0,,,,,,,,,,,130.0,,,,,,,,5,4.0,,,,,,,,,,,2.0,,,,,,,,COMPLETE
831,831,0.8669638135291953,2025-01-01 20:07:36.356459,2025-01-01 20:07:50.005152,0 days 00:00:13.648693,1,135,,,,,,,,,,,,,,,,,,,,5,,,,,,,,,,,,,,,,,,,,COMPLETE
832,832,0.9012169488308287,2025-01-01 20:07:50.005664,2025-01-01 20:08:03.907567,0 days 00:00:13.901903,1,120,,,,,,,,,,,,,,,,,,,,5,,,,,,,,,,,,,,,,,,,,COMPLETE
833,833,0.8470683229813665,2025-01-01 20:08:03.908276,2025-01-01 20:08:19.382113,0 days 00:00:15.473837,1,130,,,,,,,,,,,,,,,,,,,,5,,,,,,,,,,,,,,,,,,,,COMPLETE
834,834,0.8725701427987582,2025-01-01 20:08:19.382635,2025-01-01 20:09:33.280288,0 days 00:01:13.897653,2,135,80.0,,,,,,,,,,,,,,,,,,,5,5.0,,,,,,,,,,,,,,,,,,,COMPLETE
835,835,0.9065928436317781,2025-01-01 20:09:33.281035,2025-01-01 20:09:45.189011,0 days 00:00:11.907976,1,35,,,,,,,,,,,,,,,,,,,,5,,,,,,,,,,,,,,,,,,,,COMPLETE
836,836,0.9047621227519235,2025-01-01 20:09:45.189625,2025-01-01 20:09:59.678904,0 days 00:00:14.489279,1,135,,,,,,,,,,,,,,,,,,,,5,,,,,,,,,,,,,,,,,,,,COMPLETE
837,837,0.8773113932064693,2025-01-01 20:09:59.679534,2025-01-01 20:10:37.132239,0 days 00:00:37.452705,2,130,45.0,,,,,,,,,,,,,,,,,,,5,3.0,,,,,,,,,,,,,,,,,,,COMPLETE
838,838,0.8693627460938929,2025-01-01 20:10:37.132877,2025-01-01 20:10:53.538600,0 days 00:00:16.405723,1,135,,,,,,,,,,,,,,,,,,,,5,,,,,,,,,,,,,,,,,,,,COMPLETE
839,839,0.8276930156819711,2025-01-01 20:10:53.539222,2025-01-01 20:11:09.187555,0 days 00:00:15.648333,1,140,,,,,,,,,,,,,,,,,,,,5,,,,,,,,,,,,,,,,,,,,COMPLETE
840,840,0.8703501432867209,2025-01-01 20:11:09.188060,2025-01-01 20:11:34.676404,0 days 00:00:25.488344,2,125,85.0,,,,,,,,,,,,,,,,,,,5,2.0,,,,,,,,,,,,,,,,,,,COMPLETE
841,841,0.8809947768732952,2025-01-01 20:11:34.677143,2025-01-01 20:11:49.819538,0 days 00:00:15.142395,1,130,,,,,,,,,,,,,,,,,,,,5,,,,,,,,,,,,,,,,,,,,COMPLETE
842,842,0.8855799862015179,2025-01-01 20:11:49.820066,2025-01-01 20:12:02.742144,0 days 00:00:12.922078,1,140,,,,,,,,,,,,,,,,,,,,5,,,,,,,,,,,,,,,,,,,,COMPLETE
843,843,0.8663049853587267,2025-01-01 20:12:02.742659,2025-01-01 20:13:39.387343,0 days 00:01:36.644684,2,135,55.0,,,,,,,,,,,,,,,,,,,5,6.0,,,,,,,,,,,,,,,,,,,COMPLETE
844,844,0.8862840524483526,2025-01-01 20:13:39.388088,2025-01-01 20:13:53.205825,0 days 00:00:13.817737,1,140,,,,,,,,,,,,,,,,,,,,5,,,,,,,,,,,,,,,,,,,,COMPLETE
845,845,0.8632375343288705,2025-01-01 20:13:53.206338,2025-01-01 20:14:49.218902,0 days 00:00:56.012564,2,135,120.0,,,,,,,,,,,,,,,,,,,5,4.0,,,,,,,,,,,,,,,,,,,COMPLETE
846,846,0.9070959630383905,2025-01-01 20:14:49.219641,2025-01-01 20:15:05.580244,0 days 00:00:16.360603,1,130,,,,,,,,,,,,,,,,,,,,5,,,,,,,,,,,,,,,,,,,,COMPLETE
847,847,0.882629242164415,2025-01-01 20:15:05.580966,2025-01-01 20:15:19.182473,0 days 00:00:13.601507,1,140,,,,,,,,,,,,,,,,,,,,5,,,,,,,,,,,,,,,,,,,,COMPLETE
848,848,0.8377485294938489,2025-01-01 20:15:19.182996,2025-01-01 20:15:32.237881,0 days 00:00:13.054885,1,125,,,,,,,,,,,,,,,,,,,,5,,,,,,,,,,,,,,,,,,,,COMPLETE
849,849,0.8620497695493354,2025-01-01 20:15:32.238388,2025-01-01 20:16:10.556328,0 days 00:00:38.317940,2,140,30.0,,,,,,,,,,,,,,,,,,,5,3.0,,,,,,,,,,,,,,,,,,,COMPLETE
850,850,0.8895176142057801,2025-01-01 20:16:10.557073,2025-01-01 20:16:26.535285,0 days 00:00:15.978212,1,135,,,,,,,,,,,,,,,,,,,,5,,,,,,,,,,,,,,,,,,,,COMPLETE
851,851,0.8634812340898719,2025-01-01 20:16:26.535805,2025-01-01 20:16:42.894168,0 days 00:00:16.358363,1,145,,,,,,,,,,,,,,,,,,,,5,,,,,,,,,,,,,,,,,,,,COMPLETE
852,852,0.0,2025-01-01 20:16:42.894789,2025-01-01 20:17:18.182917,0 days 00:00:35.288128,9,105,160.0,,,,,,,,,,,190.0,130.0,40.0,115.0,190.0,5.0,185.0,,5,2.0,,,,,,,,,,,4.0,5.0,5.0,3.0,4.0,2.0,4.0,,COMPLETE
853,853,0.8860008128656497,2025-01-01 20:17:18.183690,2025-01-01 20:17:29.744794,0 days 00:00:11.561104,1,130,,,,,,,,,,,,,,,,,,,,5,,,,,,,,,,,,,,,,,,,,COMPLETE
854,854,0.8582530581113506,2025-01-01 20:17:29.745417,2025-01-01 20:17:43.600510,0 days 00:00:13.855093,1,135,,,,,,,,,,,,,,,,,,,,5,,,,,,,,,,,,,,,,,,,,COMPLETE
855,855,0.8717665895748088,2025-01-01 20:17:43.601116,2025-01-01 20:19:23.771194,0 days 00:01:40.170078,2,145,70.0,,,,,,,,,,,,,,,,,,,4,6.0,,,,,,,,,,,,,,,,,,,COMPLETE
856,856,0.0,2025-01-01 20:19:23.771937,2025-01-01 20:20:05.131810,0 days 00:00:41.359873,7,140,15.0,,,,,,,,,,,40.0,170.0,180.0,95.0,5.0,,,,5,5.0,,,,,,,,,,,5.0,3.0,6.0,5.0,5.0,,,,COMPLETE
857,857,0.8744131460166501,2025-01-01 20:20:05.132557,2025-01-01 20:21:01.326894,0 days 00:00:56.194337,2,130,165.0,,,,,,,,,,,,,,,,,,,5,4.0,,,,,,,,,,,,,,,,,,,COMPLETE
858,858,0.9048750012711735,2025-01-01 20:21:01.327639,2025-01-01 20:21:13.826455,0 days 00:00:12.498816,1,120,,,,,,,,,,,,,,,,,,,,5,,,,,,,,,,,,,,,,,,,,COMPLETE
859,859,0.8963450720837346,2025-01-01 20:21:13.827065,2025-01-01 20:21:25.900606,0 days 00:00:12.073541,1,15,,,,,,,,,,,,,,,,,,,,5,,,,,,,,,,,,,,,,,,,,COMPLETE
860,860,0.8980257783425616,2025-01-01 20:21:25.901129,2025-01-01 20:21:40.460628,0 days 00:00:14.559499,1,135,,,,,,,,,,,,,,,,,,,,5,,,,,,,,,,,,,,,,,,,,COMPLETE
861,861,0.0,2025-01-01 20:21:40.461139,2025-01-01 20:22:32.453247,0 days 00:00:51.992108,15,145,175.0,45.0,135.0,130.0,200.0,75.0,,,,,,25.0,25.0,75.0,75.0,30.0,40.0,165.0,85.0,5,5.0,3.0,6.0,6.0,3.0,3.0,,,,,,3.0,4.0,4.0,3.0,2.0,3.0,5.0,4.0,COMPLETE
862,862,0.8653418996536022,2025-01-01 20:22:32.454226,2025-01-01 20:22:59.257903,0 days 00:00:26.803677,2,135,25.0,,,,,,,,,,,,,,,,,,,5,2.0,,,,,,,,,,,,,,,,,,,COMPLETE
863,863,0.9040609594534919,2025-01-01 20:22:59.258566,2025-01-01 20:23:14.463558,0 days 00:00:15.204992,1,140,,,,,,,,,,,,,,,,,,,,5,,,,,,,,,,,,,,,,,,,,COMPLETE
864,864,0.0,2025-01-01 20:23:14.464222,2025-01-01 20:24:08.555451,0 days 00:00:54.091229,12,130,100.0,15.0,185.0,,,,,,,,,120.0,195.0,135.0,35.0,170.0,60.0,105.0,40.0,5,3.0,6.0,2.0,,,,,,,,,6.0,6.0,5.0,2.0,6.0,4.0,2.0,5.0,COMPLETE
865,865,0.8716564875981554,2025-01-01 20:24:08.556456,2025-01-01 20:24:20.162498,0 days 00:00:11.606042,1,115,,,,,,,,,,,,,,,,,,,,4,,,,,,,,,,,,,,,,,,,,COMPLETE
866,866,0.8770069843646693,2025-01-01 20:24:20.163045,2025-01-01 20:26:03.247664,0 days 00:01:43.084619,3,125,135.0,,,,,,,,,,,95.0,,,,,,,,5,6.0,,,,,,,,,,,2.0,,,,,,,,COMPLETE
867,867,0.8733059861354913,2025-01-01 20:26:03.248453,2025-01-01 20:26:59.258748,0 days 00:00:56.010295,2,145,40.0,,,,,,,,,,,,,,,,,,,5,4.0,,,,,,,,,,,,,,,,,,,COMPLETE
868,868,0.8597428514095875,2025-01-01 20:26:59.259533,2025-01-01 20:27:15.094286,0 days 00:00:15.834753,1,140,,,,,,,,,,,,,,,,,,,,5,,,,,,,,,,,,,,,,,,,,COMPLETE
869,869,0.0,2025-01-01 20:27:15.094830,2025-01-01 20:28:37.784567,0 days 00:01:22.689737,17,140,35.0,175.0,130.0,185.0,25.0,170.0,80.0,165.0,,,,110.0,65.0,30.0,55.0,135.0,30.0,200.0,100.0,5,5.0,5.0,3.0,5.0,5.0,4.0,2.0,2.0,,,,4.0,2.0,2.0,6.0,3.0,6.0,3.0,3.0,COMPLETE
870,870,0.0,2025-01-01 20:28:37.785668,2025-01-01 20:30:21.177837,0 days 00:01:43.392169,19,135,190.0,30.0,150.0,10.0,165.0,85.0,135.0,110.0,155.0,150.0,,170.0,155.0,145.0,105.0,60.0,175.0,120.0,5.0,5,3.0,2.0,5.0,2.0,5.0,6.0,4.0,4.0,5.0,6.0,,5.0,3.0,6.0,4.0,5.0,3.0,5.0,4.0,COMPLETE
871,871,0.8752629710893134,2025-01-01 20:30:21.178995,2025-01-01 20:30:46.904408,0 days 00:00:25.725413,2,130,5.0,,,,,,,,,,,,,,,,,,,5,2.0,,,,,,,,,,,,,,,,,,,COMPLETE
872,872,0.8559550617406151,2025-01-01 20:30:46.905082,2025-01-01 20:31:00.278398,0 days 00:00:13.373316,1,145,,,,,,,,,,,,,,,,,,,,5,,,,,,,,,,,,,,,,,,,,COMPLETE
873,873,0.8914485117014104,2025-01-01 20:31:00.279047,2025-01-01 20:31:14.948116,0 days 00:00:14.669069,1,140,,,,,,,,,,,,,,,,,,,,5,,,,,,,,,,,,,,,,,,,,COMPLETE
874,874,0.8472226505595699,2025-01-01 20:31:14.948671,2025-01-01 20:31:28.611128,0 days 00:00:13.662457,1,125,,,,,,,,,,,,,,,,,,,,5,,,,,,,,,,,,,,,,,,,,COMPLETE
875,875,0.8710385924225674,2025-01-01 20:31:28.611675,2025-01-01 20:32:27.173792,0 days 00:00:58.562117,2,150,90.0,,,,,,,,,,,,,,,,,,,5,4.0,,,,,,,,,,,,,,,,,,,COMPLETE
876,876,0.9001015972078591,2025-01-01 20:32:27.174577,2025-01-01 20:32:42.648461,0 days 00:00:15.473884,1,135,,,,,,,,,,,,,,,,,,,,5,,,,,,,,,,,,,,,,,,,,COMPLETE
877,877,0.8802913171409251,2025-01-01 20:32:42.649116,2025-01-01 20:32:56.493305,0 days 00:00:13.844189,1,135,,,,,,,,,,,,,,,,,,,,5,,,,,,,,,,,,,,,,,,,,COMPLETE
878,878,0.8741517002218346,2025-01-01 20:32:56.493861,2025-01-01 20:33:38.231334,0 days 00:00:41.737473,2,155,50.0,,,,,,,,,,,,,,,,,,,5,3.0,,,,,,,,,,,,,,,,,,,COMPLETE
879,879,0.8770580460001649,2025-01-01 20:33:38.232114,2025-01-01 20:33:52.352879,0 days 00:00:14.120765,1,140,,,,,,,,,,,,,,,,,,,,5,,,,,,,,,,,,,,,,,,,,COMPLETE
880,880,0.5720929851959139,2025-01-01 20:33:52.353434,2025-01-01 20:34:06.399234,0 days 00:00:14.045800,1,145,,,,,,,,,,,,,,,,,,,,5,,,,,,,,,,,,,,,,,,,,COMPLETE
881,881,0.9069405180945985,2025-01-01 20:34:06.399784,2025-01-01 20:34:20.480759,0 days 00:00:14.080975,1,130,,,,,,,,,,,,,,,,,,,,5,,,,,,,,,,,,,,,,,,,,COMPLETE
882,882,0.8742209766105219,2025-01-01 20:34:20.481504,2025-01-01 20:36:05.171979,0 days 00:01:44.690475,2,140,200.0,,,,,,,,,,,,,,,,,,,5,6.0,,,,,,,,,,,,,,,,,,,COMPLETE
883,883,0.9049358369773357,2025-01-01 20:36:05.172761,2025-01-01 20:36:18.939143,0 days 00:00:13.766382,1,125,,,,,,,,,,,,,,,,,,,,5,,,,,,,,,,,,,,,,,,,,COMPLETE
884,884,0.8718022690316125,2025-01-01 20:36:18.939686,2025-01-01 20:38:05.913989,0 days 00:01:46.974303,3,130,185.0,,,,,,,,,,,80.0,,,,,,,,5,5.0,,,,,,,,,,,3.0,,,,,,,,COMPLETE
885,885,0.9112527873618259,2025-01-01 20:38:05.914770,2025-01-01 20:38:21.088933,0 days 00:00:15.174163,1,135,,,,,,,,,,,,,,,,,,,,5,,,,,,,,,,,,,,,,,,,,COMPLETE
886,886,0.8723829732510289,2025-01-01 20:38:21.089459,2025-01-01 20:38:50.239815,0 days 00:00:29.150356,2,135,170.0,,,,,,,,,,,,,,,,,,,5,2.0,,,,,,,,,,,,,,,,,,,COMPLETE
887,887,0.8967893274251656,2025-01-01 20:38:50.240566,2025-01-01 20:39:03.684740,0 days 00:00:13.444174,1,95,,,,,,,,,,,,,,,,,,,,5,,,,,,,,,,,,,,,,,,,,COMPLETE
888,888,0.8996288328458361,2025-01-01 20:39:03.685275,2025-01-01 20:39:17.222771,0 days 00:00:13.537496,1,130,,,,,,,,,,,,,,,,,,,,5,,,,,,,,,,,,,,,,,,,,COMPLETE
889,889,0.8691063883867598,2025-01-01 20:39:17.223293,2025-01-01 20:40:12.604848,0 days 00:00:55.381555,2,135,125.0,,,,,,,,,,,,,,,,,,,5,4.0,,,,,,,,,,,,,,,,,,,COMPLETE
890,890,0.8966704241953196,2025-01-01 20:40:12.605601,2025-01-01 20:40:25.338925,0 days 00:00:12.733324,1,125,,,,,,,,,,,,,,,,,,,,5,,,,,,,,,,,,,,,,,,,,COMPLETE
891,891,0.9044938089698425,2025-01-01 20:40:25.339568,2025-01-01 20:40:41.192671,0 days 00:00:15.853103,1,130,,,,,,,,,,,,,,,,,,,,5,,,,,,,,,,,,,,,,,,,,COMPLETE
892,892,0.8753898023517214,2025-01-01 20:40:41.193304,2025-01-01 20:41:55.450155,0 days 00:01:14.256851,2,135,100.0,,,,,,,,,,,,,,,,,,,5,5.0,,,,,,,,,,,,,,,,,,,COMPLETE
893,893,0.8889170950696742,2025-01-01 20:41:55.450918,2025-01-01 20:42:11.548594,0 days 00:00:16.097676,1,135,,,,,,,,,,,,,,,,,,,,5,,,,,,,,,,,,,,,,,,,,COMPLETE
894,894,0.8739842034773615,2025-01-01 20:42:11.549220,2025-01-01 20:42:28.141406,0 days 00:00:16.592186,1,130,,,,,,,,,,,,,,,,,,,,5,,,,,,,,,,,,,,,,,,,,COMPLETE
895,895,0.9040925493106134,2025-01-01 20:42:28.142045,2025-01-01 20:42:37.357354,0 days 00:00:09.215309,1,145,,,,,,,,,,,,,,,,,,,,4,,,,,,,,,,,,,,,,,,,,COMPLETE
896,896,0.8631897975880582,2025-01-01 20:42:37.357887,2025-01-01 20:42:51.298432,0 days 00:00:13.940545,1,80,,,,,,,,,,,,,,,,,,,,5,,,,,,,,,,,,,,,,,,,,COMPLETE
897,897,0.8655989744438761,2025-01-01 20:42:51.298972,2025-01-01 20:43:28.009946,0 days 00:00:36.710974,2,120,150.0,,,,,,,,,,,,,,,,,,,5,3.0,,,,,,,,,,,,,,,,,,,COMPLETE
898,898,0.8682519543566368,2025-01-01 20:43:28.010705,2025-01-01 20:45:17.441816,0 days 00:01:49.431111,2,155,120.0,,,,,,,,,,,,,,,,,,,5,6.0,,,,,,,,,,,,,,,,,,,COMPLETE
899,899,0.7610830560709688,2025-01-01 20:45:17.442579,2025-01-01 20:45:32.486342,0 days 00:00:15.043763,1,130,,,,,,,,,,,,,,,,,,,,5,,,,,,,,,,,,,,,,,,,,COMPLETE
900,900,0.8827829261655682,2025-01-01 20:45:32.486987,2025-01-01 20:45:47.980770,0 days 00:00:15.493783,1,140,,,,,,,,,,,,,,,,,,,,5,,,,,,,,,,,,,,,,,,,,COMPLETE
901,901,0.9055439813473207,2025-01-01 20:45:47.981392,2025-01-01 20:46:01.933939,0 days 00:00:13.952547,1,70,,,,,,,,,,,,,,,,,,,,5,,,,,,,,,,,,,,,,,,,,COMPLETE
902,902,0.0,2025-01-01 20:46:01.934471,2025-01-01 20:46:59.253927,0 days 00:00:57.319456,13,150,180.0,105.0,160.0,115.0,,,,,,,,135.0,50.0,125.0,140.0,155.0,145.0,15.0,190.0,5,2.0,3.0,4.0,3.0,,,,,,,,6.0,6.0,4.0,5.0,6.0,6.0,6.0,6.0,COMPLETE
903,903,0.8695195256261133,2025-01-01 20:46:59.254888,2025-01-01 20:47:57.878580,0 days 00:00:58.623692,2,160,10.0,,,,,,,,,,,,,,,,,,,5,4.0,,,,,,,,,,,,,,,,,,,COMPLETE
904,904,0.0,2025-01-01 20:47:57.879381,2025-01-01 20:48:30.749754,0 days 00:00:32.870373,11,135,140.0,140.0,,,,,,,,,,65.0,35.0,160.0,195.0,145.0,110.0,30.0,70.0,5,5.0,4.0,,,,,,,,,,2.0,5.0,4.0,3.0,3.0,2.0,2.0,6.0,COMPLETE
905,905,0.9037055596596426,2025-01-01 20:48:30.750723,2025-01-01 20:48:44.637830,0 days 00:00:13.887107,1,110,,,,,,,,,,,,,,,,,,,,5,,,,,,,,,,,,,,,,,,,,COMPLETE
906,906,0.8725838375913244,2025-01-01 20:48:44.638406,2025-01-01 20:49:24.604188,0 days 00:00:39.965782,2,140,95.0,,,,,,,,,,,,,,,,,,,5,3.0,,,,,,,,,,,,,,,,,,,COMPLETE
907,907,0.8571497901554446,2025-01-01 20:49:24.604977,2025-01-01 20:49:38.942403,0 days 00:00:14.337426,1,125,,,,,,,,,,,,,,,,,,,,5,,,,,,,,,,,,,,,,,,,,COMPLETE
908,908,0.8859823143195107,2025-01-01 20:49:38.942974,2025-01-01 20:49:53.947785,0 days 00:00:15.004811,1,135,,,,,,,,,,,,,,,,,,,,5,,,,,,,,,,,,,,,,,,,,COMPLETE
909,909,0.8745220738076058,2025-01-01 20:49:53.948323,2025-01-01 20:51:37.919743,0 days 00:01:43.971420,2,145,155.0,,,,,,,,,,,,,,,,,,,5,6.0,,,,,,,,,,,,,,,,,,,COMPLETE
910,910,0.8502573791146316,2025-01-01 20:51:37.920542,2025-01-01 20:51:51.270318,0 days 00:00:13.349776,1,130,,,,,,,,,,,,,,,,,,,,5,,,,,,,,,,,,,,,,,,,,COMPLETE
911,911,0.8913406567365512,2025-01-01 20:51:51.270991,2025-01-01 20:52:06.006993,0 days 00:00:14.736002,1,150,,,,,,,,,,,,,,,,,,,,5,,,,,,,,,,,,,,,,,,,,COMPLETE
912,912,0.8730244217538083,2025-01-01 20:52:06.007660,2025-01-01 20:52:59.549553,0 days 00:00:53.541893,3,135,60.0,,,,,,,,,,,105.0,,,,,,,,5,2.0,,,,,,,,,,,5.0,,,,,,,,COMPLETE
913,913,0.7874957524250863,2025-01-01 20:52:59.550344,2025-01-01 20:53:09.398002,0 days 00:00:09.847658,1,140,,,,,,,,,,,,,,,,,,,,5,,,,,,,,,,,,,,,,,,,,COMPLETE
914,914,0.8686684328940883,2025-01-01 20:53:09.398562,2025-01-01 20:54:07.497127,0 days 00:00:58.098565,2,145,105.0,,,,,,,,,,,,,,,,,,,5,4.0,,,,,,,,,,,,,,,,,,,COMPLETE
915,915,0.8874060932679487,2025-01-01 20:54:07.497915,2025-01-01 20:54:22.756301,0 days 00:00:15.258386,1,140,,,,,,,,,,,,,,,,,,,,5,,,,,,,,,,,,,,,,,,,,COMPLETE
916,916,0.9093412536113978,2025-01-01 20:54:22.756834,2025-01-01 20:54:37.563211,0 days 00:00:14.806377,1,155,,,,,,,,,,,,,,,,,,,,5,,,,,,,,,,,,,,,,,,,,COMPLETE
917,917,0.8689702979338207,2025-01-01 20:54:37.563954,2025-01-01 20:55:45.851242,0 days 00:01:08.287288,2,125,75.0,,,,,,,,,,,,,,,,,,,5,5.0,,,,,,,,,,,,,,,,,,,COMPLETE
918,918,0.862693592074684,2025-01-01 20:55:45.852026,2025-01-01 20:55:59.423338,0 days 00:00:13.571312,1,130,,,,,,,,,,,,,,,,,,,,4,,,,,,,,,,,,,,,,,,,,COMPLETE
919,919,0.8691673074411735,2025-01-01 20:55:59.423879,2025-01-01 20:56:11.220792,0 days 00:00:11.796913,1,135,,,,,,,,,,,,,,,,,,,,5,,,,,,,,,,,,,,,,,,,,COMPLETE
920,920,0.8740626139213534,2025-01-01 20:56:11.221436,2025-01-01 20:56:51.344878,0 days 00:00:40.123442,2,150,20.0,,,,,,,,,,,,,,,,,,,5,3.0,,,,,,,,,,,,,,,,,,,COMPLETE
921,921,0.0,2025-01-01 20:56:51.345550,2025-01-01 20:57:57.734921,0 days 00:01:06.389371,18,140,145.0,75.0,85.0,20.0,100.0,45.0,185.0,75.0,5.0,,,200.0,20.0,190.0,175.0,95.0,190.0,85.0,120.0,5,6.0,5.0,6.0,2.0,4.0,2.0,6.0,3.0,5.0,,,3.0,2.0,3.0,2.0,4.0,5.0,3.0,2.0,COMPLETE
922,922,0.8908783468632945,2025-01-01 20:57:57.735981,2025-01-01 20:58:12.198330,0 days 00:00:14.462349,1,135,,,,,,,,,,,,,,,,,,,,5,,,,,,,,,,,,,,,,,,,,COMPLETE
923,923,0.7994894982934915,2025-01-01 20:58:12.199026,2025-01-01 20:58:28.613239,0 days 00:00:16.414213,1,145,,,,,,,,,,,,,,,,,,,,5,,,,,,,,,,,,,,,,,,,,COMPLETE
924,924,0.8625214367707326,2025-01-01 20:58:28.613918,2025-01-01 20:58:41.920656,0 days 00:00:13.306738,1,120,,,,,,,,,,,,,,,,,,,,5,,,,,,,,,,,,,,,,,,,,COMPLETE
925,925,0.8728770049223805,2025-01-01 20:58:41.921208,2025-01-01 20:59:12.927059,0 days 00:00:31.005851,2,160,190.0,,,,,,,,,,,,,,,,,,,5,2.0,,,,,,,,,,,,,,,,,,,COMPLETE
926,926,0.903011078023487,2025-01-01 20:59:12.927851,2025-01-01 20:59:28.180211,0 days 00:00:15.252360,1,130,,,,,,,,,,,,,,,,,,,,5,,,,,,,,,,,,,,,,,,,,COMPLETE
927,927,0.883643046584804,2025-01-01 20:59:28.180810,2025-01-01 20:59:43.256495,0 days 00:00:15.075685,1,145,,,,,,,,,,,,,,,,,,,,5,,,,,,,,,,,,,,,,,,,,COMPLETE
928,928,0.8953637711468712,2025-01-01 20:59:43.257062,2025-01-01 20:59:58.191156,0 days 00:00:14.934094,1,140,,,,,,,,,,,,,,,,,,,,5,,,,,,,,,,,,,,,,,,,,COMPLETE
929,929,0.8695389156095585,2025-01-01 20:59:58.191927,2025-01-01 21:00:37.222063,0 days 00:00:39.030136,2,135,45.0,,,,,,,,,,,,,,,,,,,5,3.0,,,,,,,,,,,,,,,,,,,COMPLETE
930,930,0.8676188237614055,2025-01-01 21:00:37.222665,2025-01-01 21:00:52.129045,0 days 00:00:14.906380,1,125,,,,,,,,,,,,,,,,,,,,5,,,,,,,,,,,,,,,,,,,,COMPLETE
931,931,0.0,2025-01-01 21:00:52.129817,2025-01-01 21:02:14.800575,0 days 00:01:22.670758,20,150,160.0,90.0,45.0,65.0,190.0,20.0,5.0,175.0,70.0,60.0,10.0,85.0,75.0,10.0,180.0,45.0,165.0,55.0,150.0,5,5.0,3.0,5.0,6.0,2.0,3.0,5.0,5.0,3.0,4.0,2.0,4.0,4.0,3.0,6.0,2.0,4.0,4.0,5.0,COMPLETE
932,932,0.8898753958919348,2025-01-01 21:02:14.801784,2025-01-01 21:02:31.397076,0 days 00:00:16.595292,1,135,,,,,,,,,,,,,,,,,,,,5,,,,,,,,,,,,,,,,,,,,COMPLETE
933,933,0.8739134741710285,2025-01-01 21:02:31.397640,2025-01-01 21:03:32.424560,0 days 00:01:01.026920,2,155,110.0,,,,,,,,,,,,,,,,,,,5,4.0,,,,,,,,,,,,,,,,,,,COMPLETE
934,934,0.8987916633713784,2025-01-01 21:03:32.425345,2025-01-01 21:03:48.488404,0 days 00:00:16.063059,1,140,,,,,,,,,,,,,,,,,,,,5,,,,,,,,,,,,,,,,,,,,COMPLETE
935,935,0.8834484633383934,2025-01-01 21:03:48.489179,2025-01-01 21:04:03.747676,0 days 00:00:15.258497,1,115,,,,,,,,,,,,,,,,,,,,5,,,,,,,,,,,,,,,,,,,,COMPLETE
936,936,0.8693494915587259,2025-01-01 21:04:03.748235,2025-01-01 21:05:46.096671,0 days 00:01:42.348436,2,145,80.0,,,,,,,,,,,,,,,,,,,5,6.0,,,,,,,,,,,,,,,,,,,COMPLETE
937,937,0.885516617463577,2025-01-01 21:05:46.097487,2025-01-01 21:06:02.432384,0 days 00:00:16.334897,1,140,,,,,,,,,,,,,,,,,,,,5,,,,,,,,,,,,,,,,,,,,COMPLETE
938,938,0.0,2025-01-01 21:06:02.432946,2025-01-01 21:06:56.105396,0 days 00:00:53.672450,10,130,65.0,,,,,,,,,,,195.0,85.0,60.0,95.0,120.0,75.0,5.0,165.0,5,4.0,,,,,,,,,,,6.0,6.0,5.0,5.0,5.0,5.0,6.0,4.0,COMPLETE
939,939,0.8654531394209719,2025-01-01 21:06:56.106395,2025-01-01 21:07:11.052141,0 days 00:00:14.945746,1,130,,,,,,,,,,,,,,,,,,,,5,,,,,,,,,,,,,,,,,,,,COMPLETE
940,940,0.8759335033753031,2025-01-01 21:07:11.052832,2025-01-01 21:07:27.513457,0 days 00:00:16.460625,2,20,135.0,,,,,,,,,,,,,,,,,,,5,2.0,,,,,,,,,,,,,,,,,,,COMPLETE
941,941,0.9093821142394114,2025-01-01 21:07:27.514157,2025-01-01 21:07:41.184306,0 days 00:00:13.670149,1,90,,,,,,,,,,,,,,,,,,,,5,,,,,,,,,,,,,,,,,,,,COMPLETE
942,942,0.824917964877815,2025-01-01 21:07:41.184874,2025-01-01 21:07:53.824621,0 days 00:00:12.639747,1,135,,,,,,,,,,,,,,,,,,,,5,,,,,,,,,,,,,,,,,,,,COMPLETE
943,943,0.8624005357671657,2025-01-01 21:07:53.825177,2025-01-01 21:08:23.946452,0 days 00:00:30.121275,2,105,55.0,,,,,,,,,,,,,,,,,,,4,3.0,,,,,,,,,,,,,,,,,,,COMPLETE
944,944,0.8982394116126393,2025-01-01 21:08:23.947276,2025-01-01 21:08:38.787093,0 days 00:00:14.839817,1,145,,,,,,,,,,,,,,,,,,,,5,,,,,,,,,,,,,,,,,,,,COMPLETE
945,945,0.8120592245349909,2025-01-01 21:08:38.787636,2025-01-01 21:08:52.482074,0 days 00:00:13.694438,1,135,,,,,,,,,,,,,,,,,,,,5,,,,,,,,,,,,,,,,,,,,COMPLETE
946,946,0.9095871122652479,2025-01-01 21:08:52.482733,2025-01-01 21:09:06.861830,0 days 00:00:14.379097,1,35,,,,,,,,,,,,,,,,,,,,5,,,,,,,,,,,,,,,,,,,,COMPLETE
947,947,0.8721844816398604,2025-01-01 21:09:06.862469,2025-01-01 21:10:42.240663,0 days 00:01:35.378194,3,125,90.0,,,,,,,,,,,75.0,,,,,,,,5,5.0,,,,,,,,,,,4.0,,,,,,,,COMPLETE
948,948,0.8711296068045853,2025-01-01 21:10:42.241466,2025-01-01 21:11:39.186280,0 days 00:00:56.944814,2,150,15.0,,,,,,,,,,,,,,,,,,,5,4.0,,,,,,,,,,,,,,,,,,,COMPLETE
949,949,0.8901817309643734,2025-01-01 21:11:39.187067,2025-01-01 21:11:53.376755,0 days 00:00:14.189688,1,135,,,,,,,,,,,,,,,,,,,,5,,,,,,,,,,,,,,,,,,,,COMPLETE
950,950,0.44165877082163574,2025-01-01 21:11:53.377399,2025-01-01 21:12:07.135534,0 days 00:00:13.758135,1,140,,,,,,,,,,,,,,,,,,,,5,,,,,,,,,,,,,,,,,,,,COMPLETE
951,951,0.8656982255823908,2025-01-01 21:12:07.136067,2025-01-01 21:12:44.611344,0 days 00:00:37.475277,2,130,35.0,,,,,,,,,,,,,,,,,,,5,3.0,,,,,,,,,,,,,,,,,,,COMPLETE
952,952,0.8633239412568305,2025-01-01 21:12:44.612127,2025-01-01 21:14:33.988704,0 days 00:01:49.376577,2,155,125.0,,,,,,,,,,,,,,,,,,,5,6.0,,,,,,,,,,,,,,,,,,,COMPLETE
953,953,0.8989105081001789,2025-01-01 21:14:33.989489,2025-01-01 21:14:48.244405,0 days 00:00:14.254916,1,145,,,,,,,,,,,,,,,,,,,,5,,,,,,,,,,,,,,,,,,,,COMPLETE
954,954,0.9076849299059369,2025-01-01 21:14:48.244950,2025-01-01 21:15:03.080522,0 days 00:00:14.835572,1,160,,,,,,,,,,,,,,,,,,,,5,,,,,,,,,,,,,,,,,,,,COMPLETE
955,955,0.881053808777613,2025-01-01 21:15:03.081193,2025-01-01 21:15:18.320699,0 days 00:00:15.239506,1,100,,,,,,,,,,,,,,,,,,,,5,,,,,,,,,,,,,,,,,,,,COMPLETE
956,956,0.861600674903787,2025-01-01 21:15:18.321331,2025-01-01 21:15:32.956329,0 days 00:00:14.634998,1,140,,,,,,,,,,,,,,,,,,,,5,,,,,,,,,,,,,,,,,,,,COMPLETE
957,957,0.8937781697040956,2025-01-01 21:15:32.956887,2025-01-01 21:15:48.453655,0 days 00:00:15.496768,1,135,,,,,,,,,,,,,,,,,,,,5,,,,,,,,,,,,,,,,,,,,COMPLETE
958,958,0.0,2025-01-01 21:15:48.454197,2025-01-01 21:16:07.047676,0 days 00:00:18.593479,5,150,195.0,,,,,,,,,,,180.0,120.0,110.0,,,,,,5,5.0,,,,,,,,,,,2.0,3.0,2.0,,,,,,COMPLETE
959,959,0.873418318671298,2025-01-01 21:16:07.048476,2025-01-01 21:17:43.346175,0 days 00:01:36.297699,2,135,70.0,,,,,,,,,,,,,,,,,,,5,6.0,,,,,,,,,,,,,,,,,,,COMPLETE
960,960,0.8986712894745427,2025-01-01 21:17:43.346961,2025-01-01 21:17:57.534885,0 days 00:00:14.187924,1,130,,,,,,,,,,,,,,,,,,,,5,,,,,,,,,,,,,,,,,,,,COMPLETE
961,961,0.8736240877676673,2025-01-01 21:17:57.535534,2025-01-01 21:18:26.780124,0 days 00:00:29.244590,2,140,180.0,,,,,,,,,,,,,,,,,,,5,2.0,,,,,,,,,,,,,,,,,,,COMPLETE
962,962,0.7706614449077899,2025-01-01 21:18:26.780686,2025-01-01 21:18:42.652682,0 days 00:00:15.871996,1,140,,,,,,,,,,,,,,,,,,,,5,,,,,,,,,,,,,,,,,,,,COMPLETE
963,963,0.7438383562708113,2025-01-01 21:18:42.653435,2025-01-01 21:18:57.980921,0 days 00:00:15.327486,1,85,,,,,,,,,,,,,,,,,,,,5,,,,,,,,,,,,,,,,,,,,COMPLETE
964,964,0.8648398516691018,2025-01-01 21:18:57.981479,2025-01-01 21:19:12.989978,0 days 00:00:15.008499,1,145,,,,,,,,,,,,,,,,,,,,5,,,,,,,,,,,,,,,,,,,,COMPLETE
965,965,0.864262437891654,2025-01-01 21:19:12.990519,2025-01-01 21:19:39.955305,0 days 00:00:26.964786,2,130,85.0,,,,,,,,,,,,,,,,,,,5,2.0,,,,,,,,,,,,,,,,,,,COMPLETE
966,966,0.6905333878659469,2025-01-01 21:19:39.956084,2025-01-01 21:19:54.831424,0 days 00:00:14.875340,1,140,,,,,,,,,,,,,,,,,,,,5,,,,,,,,,,,,,,,,,,,,COMPLETE
967,967,0.0,2025-01-01 21:19:54.831997,2025-01-01 21:20:35.300054,0 days 00:00:40.468057,14,150,130.0,190.0,5.0,95.0,65.0,,,,,,,30.0,125.0,45.0,5.0,85.0,130.0,140.0,15.0,5,3.0,4.0,3.0,4.0,4.0,,,,,,,3.0,2.0,6.0,4.0,6.0,2.0,5.0,3.0,COMPLETE
968,968,0.8701325157180233,2025-01-01 21:20:35.301060,2025-01-01 21:21:55.550805,0 days 00:01:20.249745,2,160,50.0,,,,,,,,,,,,,,,,,,,4,5.0,,,,,,,,,,,,,,,,,,,COMPLETE
969,969,0.9036473710045744,2025-01-01 21:21:55.551588,2025-01-01 21:22:09.128775,0 days 00:00:13.577187,1,145,,,,,,,,,,,,,,,,,,,,5,,,,,,,,,,,,,,,,,,,,COMPLETE
970,970,0.902895427935985,2025-01-01 21:22:09.129433,2025-01-01 21:22:24.172706,0 days 00:00:15.043273,1,125,,,,,,,,,,,,,,,,,,,,5,,,,,,,,,,,,,,,,,,,,COMPLETE
971,971,0.0,2025-01-01 21:22:24.173358,2025-01-01 21:22:43.694169,0 days 00:00:19.520811,6,135,20.0,,,,,,,,,,,45.0,45.0,155.0,20.0,,,,,5,4.0,,,,,,,,,,,6.0,5.0,4.0,2.0,,,,,COMPLETE
972,972,0.8672263513940216,2025-01-01 21:22:43.694813,2025-01-01 21:23:40.487850,0 days 00:00:56.793037,2,65,165.0,,,,,,,,,,,,,,,,,,,5,6.0,,,,,,,,,,,,,,,,,,,COMPLETE
973,973,0.8979737926570432,2025-01-01 21:23:40.488640,2025-01-01 21:23:55.512674,0 days 00:00:15.024034,1,155,,,,,,,,,,,,,,,,,,,,5,,,,,,,,,,,,,,,,,,,,COMPLETE
974,974,0.6240495194388206,2025-01-01 21:23:55.513323,2025-01-01 21:24:09.821955,0 days 00:00:14.308632,1,130,,,,,,,,,,,,,,,,,,,,5,,,,,,,,,,,,,,,,,,,,COMPLETE
975,975,0.8725298680918971,2025-01-01 21:24:09.822610,2025-01-01 21:24:51.969799,0 days 00:00:42.147189,2,135,200.0,,,,,,,,,,,,,,,,,,,5,3.0,,,,,,,,,,,,,,,,,,,COMPLETE
976,976,0.8984227658810109,2025-01-01 21:24:51.970565,2025-01-01 21:25:08.021077,0 days 00:00:16.050512,1,145,,,,,,,,,,,,,,,,,,,,5,,,,,,,,,,,,,,,,,,,,COMPLETE
977,977,0.8534989201705896,2025-01-01 21:25:08.021645,2025-01-01 21:25:22.567460,0 days 00:00:14.545815,1,140,,,,,,,,,,,,,,,,,,,,5,,,,,,,,,,,,,,,,,,,,COMPLETE
978,978,0.8988490809899685,2025-01-01 21:25:22.568006,2025-01-01 21:25:36.921799,0 days 00:00:14.353793,1,125,,,,,,,,,,,,,,,,,,,,5,,,,,,,,,,,,,,,,,,,,COMPLETE
979,979,0.8719698212796215,2025-01-01 21:25:36.922454,2025-01-01 21:26:24.972737,0 days 00:00:48.050283,2,75,115.0,,,,,,,,,,,,,,,,,,,5,5.0,,,,,,,,,,,,,,,,,,,COMPLETE
980,980,0.9085405515292424,2025-01-01 21:26:24.973398,2025-01-01 21:26:39.570635,0 days 00:00:14.597237,1,135,,,,,,,,,,,,,,,,,,,,5,,,,,,,,,,,,,,,,,,,,COMPLETE
981,981,0.8705057232332918,2025-01-01 21:26:39.571382,2025-01-01 21:27:30.594031,0 days 00:00:51.022649,2,120,145.0,,,,,,,,,,,,,,,,,,,5,4.0,,,,,,,,,,,,,,,,,,,COMPLETE
982,982,0.8790376774721198,2025-01-01 21:27:30.594826,2025-01-01 21:27:44.087268,0 days 00:00:13.492442,1,130,,,,,,,,,,,,,,,,,,,,5,,,,,,,,,,,,,,,,,,,,COMPLETE
983,983,0.8990192450689136,2025-01-01 21:27:44.087830,2025-01-01 21:27:57.487868,0 days 00:00:13.400038,1,140,,,,,,,,,,,,,,,,,,,,5,,,,,,,,,,,,,,,,,,,,COMPLETE
984,984,0.8670065066959263,2025-01-01 21:27:57.488418,2025-01-01 21:29:41.611637,0 days 00:01:44.123219,2,150,40.0,,,,,,,,,,,,,,,,,,,5,6.0,,,,,,,,,,,,,,,,,,,COMPLETE
985,985,0.677048828688173,2025-01-01 21:29:41.612400,2025-01-01 21:29:57.810010,0 days 00:00:16.197610,1,135,,,,,,,,,,,,,,,,,,,,5,,,,,,,,,,,,,,,,,,,,COMPLETE
986,986,0.8859558040826521,2025-01-01 21:29:57.810720,2025-01-01 21:30:14.126561,0 days 00:00:16.315841,1,145,,,,,,,,,,,,,,,,,,,,5,,,,,,,,,,,,,,,,,,,,COMPLETE
987,987,0.5935428528012587,2025-01-01 21:30:14.127201,2025-01-01 21:30:25.586948,0 days 00:00:11.459747,1,145,,,,,,,,,,,,,,,,,,,,5,,,,,,,,,,,,,,,,,,,,COMPLETE
988,988,0.8656369519520701,2025-01-01 21:30:25.587518,2025-01-01 21:30:40.171750,0 days 00:00:14.584232,1,135,,,,,,,,,,,,,,,,,,,,5,,,,,,,,,,,,,,,,,,,,COMPLETE
989,989,0.8751124561851038,2025-01-01 21:30:40.172293,2025-01-01 21:31:00.640863,0 days 00:00:20.468570,2,130,10.0,,,,,,,,,,,,,,,,,,,3,2.0,,,,,,,,,,,,,,,,,,,COMPLETE
990,990,0.8990297047965341,2025-01-01 21:31:00.641647,2025-01-01 21:31:13.854542,0 days 00:00:13.212895,1,160,,,,,,,,,,,,,,,,,,,,4,,,,,,,,,,,,,,,,,,,,COMPLETE
991,991,0.8927172302276285,2025-01-01 21:31:13.855127,2025-01-01 21:31:25.092264,0 days 00:00:11.237137,1,140,,,,,,,,,,,,,,,,,,,,5,,,,,,,,,,,,,,,,,,,,COMPLETE
992,992,0.864771685310838,2025-01-01 21:31:25.092828,2025-01-01 21:32:05.922276,0 days 00:00:40.829448,2,155,30.0,,,,,,,,,,,,,,,,,,,5,3.0,,,,,,,,,,,,,,,,,,,COMPLETE
993,993,0.5953032840843808,2025-01-01 21:32:05.923080,2025-01-01 21:32:20.032646,0 days 00:00:14.109566,1,25,,,,,,,,,,,,,,,,,,,,5,,,,,,,,,,,,,,,,,,,,COMPLETE
994,994,0.8968120851211179,2025-01-01 21:32:20.033196,2025-01-01 21:32:35.200771,0 days 00:00:15.167575,1,150,,,,,,,,,,,,,,,,,,,,5,,,,,,,,,,,,,,,,,,,,COMPLETE
995,995,0.8716639128015131,2025-01-01 21:32:35.201444,2025-01-01 21:33:34.223598,0 days 00:00:59.022154,2,140,170.0,,,,,,,,,,,,,,,,,,,5,4.0,,,,,,,,,,,,,,,,,,,COMPLETE
996,996,0.8698987950436332,2025-01-01 21:33:34.224384,2025-01-01 21:34:48.205157,0 days 00:01:13.980773,2,130,155.0,,,,,,,,,,,,,,,,,,,5,5.0,,,,,,,,,,,,,,,,,,,COMPLETE
997,997,0.9094893682112402,2025-01-01 21:34:48.205956,2025-01-01 21:35:00.806051,0 days 00:00:12.600095,1,10,,,,,,,,,,,,,,,,,,,,5,,,,,,,,,,,,,,,,,,,,COMPLETE
998,998,0.8896848251879721,2025-01-01 21:35:00.806603,2025-01-01 21:35:17.166664,0 days 00:00:16.360061,1,140,,,,,,,,,,,,,,,,,,,,5,,,,,,,,,,,,,,,,,,,,COMPLETE
999,999,0.7861071239987802,2025-01-01 21:35:17.167331,2025-01-01 21:35:28.516253,0 days 00:00:11.348922,1,135,,,,,,,,,,,,,,,,,,,,5,,,,,,,,,,,,,,,,,,,,COMPLETE
