,number,value,datetime_start,datetime_complete,duration,params_depth,params_neurons_layer_0,params_neurons_layer_1,params_neurons_layer_10,params_neurons_layer_11,params_neurons_layer_12,params_neurons_layer_13,params_neurons_layer_14,params_neurons_layer_15,params_neurons_layer_16,params_neurons_layer_17,params_neurons_layer_18,params_neurons_layer_19,params_neurons_layer_2,params_neurons_layer_3,params_neurons_layer_4,params_neurons_layer_5,params_neurons_layer_6,params_neurons_layer_7,params_neurons_layer_8,params_neurons_layer_9,params_orders_layer_0,params_orders_layer_1,params_orders_layer_10,params_orders_layer_11,params_orders_layer_12,params_orders_layer_13,params_orders_layer_14,params_orders_layer_15,params_orders_layer_16,params_orders_layer_17,params_orders_layer_18,params_orders_layer_19,params_orders_layer_2,params_orders_layer_3,params_orders_layer_4,params_orders_layer_5,params_orders_layer_6,params_orders_layer_7,params_orders_layer_8,params_orders_layer_9,state
0,0,0.0,2025-01-01 11:15:15.674636,2025-01-01 11:15:21.179337,0 days 00:00:05.504701,8,90,90.0,,,,,,,,,,,100.0,115.0,60.0,120.0,200.0,180.0,,,3,4.0,,,,,,,,,,,6.0,2.0,6.0,5.0,4.0,6.0,,,COMPLETE
1,1,0.0,2025-01-01 11:15:21.179939,2025-01-01 11:15:29.462981,0 days 00:00:08.283042,16,145,5.0,80.0,85.0,130.0,195.0,35.0,95.0,,,,,35.0,85.0,150.0,90.0,200.0,30.0,15.0,200.0,3,2.0,4.0,3.0,5.0,4.0,5.0,3.0,,,,,3.0,3.0,3.0,6.0,6.0,6.0,3.0,2.0,COMPLETE
2,2,0.4301572617946346,2025-01-01 11:15:29.463763,2025-01-01 11:15:34.716066,0 days 00:00:05.252303,3,145,25.0,,,,,,,,,,,60.0,,,,,,,,5,5.0,,,,,,,,,,,4.0,,,,,,,,COMPLETE
3,3,0.0,2025-01-01 11:15:34.716451,2025-01-01 11:15:39.010697,0 days 00:00:04.294246,11,180,45.0,30.0,,,,,,,,,,45.0,30.0,120.0,95.0,110.0,20.0,100.0,190.0,3,5.0,2.0,,,,,,,,,,5.0,4.0,3.0,2.0,4.0,2.0,6.0,6.0,COMPLETE
4,4,0.0,2025-01-01 11:15:39.011269,2025-01-01 11:15:50.567189,0 days 00:00:11.555920,19,130,65.0,150.0,50.0,190.0,95.0,110.0,125.0,190.0,115.0,170.0,,10.0,115.0,90.0,20.0,50.0,95.0,30.0,5.0,4,3.0,6.0,4.0,5.0,5.0,4.0,5.0,3.0,2.0,3.0,,6.0,5.0,6.0,6.0,5.0,3.0,6.0,5.0,COMPLETE
5,5,0.0,2025-01-01 11:15:50.568036,2025-01-01 11:15:55.097922,0 days 00:00:04.529886,8,120,80.0,,,,,,,,,,,70.0,155.0,70.0,15.0,175.0,190.0,,,6,4.0,,,,,,,,,,,6.0,5.0,3.0,3.0,2.0,2.0,,,COMPLETE
6,6,0.0,2025-01-01 11:15:55.098429,2025-01-01 11:16:01.862478,0 days 00:00:06.764049,15,25,25.0,25.0,110.0,160.0,10.0,50.0,,,,,,10.0,100.0,85.0,200.0,60.0,25.0,100.0,105.0,2,3.0,3.0,3.0,2.0,3.0,3.0,,,,,,2.0,6.0,6.0,6.0,6.0,5.0,4.0,3.0,COMPLETE
7,7,0.0,2025-01-01 11:16:01.863162,2025-01-01 11:16:09.368537,0 days 00:00:07.505375,11,65,40.0,90.0,,,,,,,,,,30.0,105.0,175.0,30.0,145.0,60.0,100.0,140.0,3,6.0,3.0,,,,,,,,,,5.0,6.0,4.0,6.0,6.0,6.0,6.0,4.0,COMPLETE
8,8,0.0,2025-01-01 11:16:09.369145,2025-01-01 11:16:14.813318,0 days 00:00:05.444173,11,155,125.0,115.0,,,,,,,,,,130.0,55.0,40.0,100.0,100.0,125.0,180.0,15.0,6,2.0,4.0,,,,,,,,,,2.0,3.0,4.0,6.0,5.0,5.0,6.0,6.0,COMPLETE
9,9,0.0,2025-01-01 11:16:14.814029,2025-01-01 11:16:18.232609,0 days 00:00:03.418580,6,95,180.0,,,,,,,,,,,130.0,5.0,65.0,75.0,,,,,2,5.0,,,,,,,,,,,2.0,4.0,4.0,3.0,,,,,COMPLETE
10,10,0.6227272727272728,2025-01-01 11:16:18.233065,2025-01-01 11:16:20.676227,0 days 00:00:02.443162,1,200,,,,,,,,,,,,,,,,,,,,5,,,,,,,,,,,,,,,,,,,,COMPLETE
11,11,0.6059928443649374,2025-01-01 11:16:20.676535,2025-01-01 11:16:24.529151,0 days 00:00:03.852616,1,180,,,,,,,,,,,,,,,,,,,,5,,,,,,,,,,,,,,,,,,,,COMPLETE
12,12,0.6057142857142856,2025-01-01 11:16:24.529450,2025-01-01 11:16:26.751497,0 days 00:00:02.222047,1,200,,,,,,,,,,,,,,,,,,,,5,,,,,,,,,,,,,,,,,,,,COMPLETE
13,13,0.5994397759103641,2025-01-01 11:16:26.751796,2025-01-01 11:16:30.017987,0 days 00:00:03.266191,1,190,,,,,,,,,,,,,,,,,,,,5,,,,,,,,,,,,,,,,,,,,COMPLETE
14,14,0.0,2025-01-01 11:16:30.018300,2025-01-01 11:16:32.676209,0 days 00:00:02.657909,4,165,195.0,,,,,,,,,,,195.0,190.0,,,,,,,4,6.0,,,,,,,,,,,4.0,2.0,,,,,,,COMPLETE
15,15,0.0,2025-01-01 11:16:32.676599,2025-01-01 11:16:34.858993,0 days 00:00:02.182394,4,200,125.0,,,,,,,,,,,200.0,185.0,,,,,,,5,3.0,,,,,,,,,,,3.0,3.0,,,,,,,COMPLETE
16,16,0.6578044596912521,2025-01-01 11:16:34.859362,2025-01-01 11:16:39.155362,0 days 00:00:04.296000,1,175,,,,,,,,,,,,,,,,,,,,6,,,,,,,,,,,,,,,,,,,,COMPLETE
17,17,0.0,2025-01-01 11:16:39.155675,2025-01-01 11:16:41.857938,0 days 00:00:02.702263,7,5,150.0,,,,,,,,,,,165.0,155.0,10.0,195.0,5.0,,,,6,6.0,,,,,,,,,,,5.0,5.0,2.0,4.0,2.0,,,,COMPLETE
18,18,0.0,2025-01-01 11:16:41.858384,2025-01-01 11:16:44.824109,0 days 00:00:02.965725,5,55,160.0,,,,,,,,,,,90.0,60.0,195.0,,,,,,6,2.0,,,,,,,,,,,3.0,4.0,5.0,,,,,,COMPLETE
19,19,0.0,2025-01-01 11:16:44.824527,2025-01-01 11:16:47.327731,0 days 00:00:02.503204,3,170,115.0,,,,,,,,,,,140.0,,,,,,,,6,4.0,,,,,,,,,,,4.0,,,,,,,,COMPLETE
20,20,0.0,2025-01-01 11:16:47.328085,2025-01-01 11:16:52.949876,0 days 00:00:05.621791,13,125,145.0,180.0,200.0,30.0,,,,,,,,170.0,145.0,120.0,155.0,35.0,140.0,195.0,60.0,4,5.0,6.0,6.0,2.0,,,,,,,,5.0,2.0,2.0,2.0,3.0,4.0,2.0,2.0,COMPLETE
21,21,0.5095693779904306,2025-01-01 11:16:52.950463,2025-01-01 11:16:55.711665,0 days 00:00:02.761202,1,180,,,,,,,,,,,,,,,,,,,,5,,,,,,,,,,,,,,,,,,,,COMPLETE
22,22,0.5927952576379389,2025-01-01 11:16:55.711976,2025-01-01 11:16:59.563634,0 days 00:00:03.851658,2,170,200.0,,,,,,,,,,,,,,,,,,,5,3.0,,,,,,,,,,,,,,,,,,,COMPLETE
23,23,0.5700000000000001,2025-01-01 11:16:59.563959,2025-01-01 11:17:04.922591,0 days 00:00:05.358632,3,200,70.0,,,,,,,,,,,80.0,,,,,,,,4,2.0,,,,,,,,,,,3.0,,,,,,,,COMPLETE
24,24,0.0,2025-01-01 11:17:04.922947,2025-01-01 11:17:09.122809,0 days 00:00:04.199862,5,150,95.0,,,,,,,,,,,115.0,5.0,25.0,,,,,,6,4.0,,,,,,,,,,,6.0,6.0,5.0,,,,,,COMPLETE
25,25,0.0,2025-01-01 11:17:09.123243,2025-01-01 11:17:14.502606,0 days 00:00:05.379363,9,185,110.0,,,,,,,,,,,160.0,200.0,150.0,50.0,105.0,75.0,150.0,,5,6.0,,,,,,,,,,,2.0,3.0,5.0,4.0,3.0,3.0,4.0,,COMPLETE
26,26,0.4594594594594595,2025-01-01 11:17:14.503108,2025-01-01 11:17:19.127608,0 days 00:00:04.624500,1,160,,,,,,,,,,,,,,,,,,,,6,,,,,,,,,,,,,,,,,,,,COMPLETE
27,27,0.0,2025-01-01 11:17:19.127919,2025-01-01 11:17:32.375188,0 days 00:00:13.247269,20,110,170.0,190.0,10.0,40.0,200.0,200.0,5.0,5.0,5.0,25.0,150.0,110.0,50.0,200.0,140.0,145.0,155.0,55.0,145.0,5,5.0,5.0,6.0,6.0,2.0,6.0,6.0,6.0,6.0,6.0,3.0,5.0,5.0,2.0,5.0,3.0,4.0,2.0,4.0,COMPLETE
28,28,0.0,2025-01-01 11:17:32.376125,2025-01-01 11:17:35.714818,0 days 00:00:03.338693,6,140,55.0,,,,,,,,,,,55.0,140.0,150.0,170.0,,,,,4,3.0,,,,,,,,,,,4.0,2.0,5.0,3.0,,,,,COMPLETE
29,29,0.0,2025-01-01 11:17:35.715258,2025-01-01 11:17:38.526290,0 days 00:00:02.811032,3,80,140.0,,,,,,,,,,,180.0,,,,,,,,5,4.0,,,,,,,,,,,3.0,,,,,,,,COMPLETE
30,30,0.0,2025-01-01 11:17:38.526657,2025-01-01 11:17:44.142112,0 days 00:00:05.615455,9,175,15.0,,,,,,,,,,,150.0,80.0,120.0,60.0,5.0,100.0,145.0,,6,6.0,,,,,,,,,,,4.0,4.0,3.0,4.0,5.0,3.0,4.0,,COMPLETE
31,31,0.6242424242424243,2025-01-01 11:17:44.142647,2025-01-01 11:17:47.629965,0 days 00:00:03.487318,1,200,,,,,,,,,,,,,,,,,,,,5,,,,,,,,,,,,,,,,,,,,COMPLETE
32,32,0.6154545454545455,2025-01-01 11:17:47.630293,2025-01-01 11:17:50.572204,0 days 00:00:02.941911,2,190,175.0,,,,,,,,,,,,,,,,,,,4,2.0,,,,,,,,,,,,,,,,,,,COMPLETE
33,33,0.5742753623188406,2025-01-01 11:17:50.572535,2025-01-01 11:17:53.249607,0 days 00:00:02.677072,2,190,185.0,,,,,,,,,,,,,,,,,,,4,2.0,,,,,,,,,,,,,,,,,,,COMPLETE
34,34,0.0,2025-01-01 11:17:53.249929,2025-01-01 11:17:55.668470,0 days 00:00:02.418541,4,190,175.0,,,,,,,,,,,30.0,25.0,,,,,,,3,3.0,,,,,,,,,,,2.0,6.0,,,,,,,COMPLETE
35,35,0.6452358926919519,2025-01-01 11:17:55.668855,2025-01-01 11:17:59.160346,0 days 00:00:03.491491,2,140,160.0,,,,,,,,,,,,,,,,,,,4,2.0,,,,,,,,,,,,,,,,,,,COMPLETE
36,36,0.5523809523809524,2025-01-01 11:17:59.160681,2025-01-01 11:18:03.802577,0 days 00:00:04.641896,2,135,90.0,,,,,,,,,,,,,,,,,,,3,4.0,,,,,,,,,,,,,,,,,,,COMPLETE
37,37,0.0,2025-01-01 11:18:03.802924,2025-01-01 11:18:10.224367,0 days 00:00:06.421443,17,150,130.0,5.0,200.0,85.0,10.0,200.0,200.0,70.0,,,,5.0,175.0,5.0,125.0,80.0,5.0,60.0,60.0,4,2.0,2.0,2.0,3.0,6.0,2.0,2.0,2.0,,,,6.0,3.0,2.0,5.0,2.0,5.0,5.0,3.0,COMPLETE
38,38,0.0,2025-01-01 11:18:10.225048,2025-01-01 11:18:13.570421,0 days 00:00:03.345373,5,115,155.0,,,,,,,,,,,185.0,125.0,40.0,,,,,,5,3.0,,,,,,,,,,,5.0,5.0,4.0,,,,,,COMPLETE
39,39,0.0,2025-01-01 11:18:13.570849,2025-01-01 11:18:17.036810,0 days 00:00:03.465961,3,155,100.0,,,,,,,,,,,90.0,,,,,,,,3,4.0,,,,,,,,,,,6.0,,,,,,,,COMPLETE
40,40,0.0,2025-01-01 11:18:17.037166,2025-01-01 11:18:19.884649,0 days 00:00:02.847483,7,165,165.0,,,,,,,,,,,100.0,75.0,100.0,170.0,150.0,,,,4,2.0,,,,,,,,,,,3.0,2.0,6.0,2.0,4.0,,,,COMPLETE
41,41,0.5695970695970696,2025-01-01 11:18:19.885096,2025-01-01 11:18:23.072362,0 days 00:00:03.187266,2,200,135.0,,,,,,,,,,,,,,,,,,,4,2.0,,,,,,,,,,,,,,,,,,,COMPLETE
42,42,0.5790697674418605,2025-01-01 11:18:23.072697,2025-01-01 11:18:26.690465,0 days 00:00:03.617768,2,190,185.0,,,,,,,,,,,,,,,,,,,4,3.0,,,,,,,,,,,,,,,,,,,COMPLETE
43,43,0.0,2025-01-01 11:18:26.690819,2025-01-01 11:18:28.994807,0 days 00:00:02.303988,4,180,195.0,,,,,,,,,,,125.0,170.0,,,,,,,3,2.0,,,,,,,,,,,4.0,4.0,,,,,,,COMPLETE
44,44,0.37254901960784315,2025-01-01 11:18:28.995188,2025-01-01 11:18:31.785602,0 days 00:00:02.790414,1,175,,,,,,,,,,,,,,,,,,,,4,,,,,,,,,,,,,,,,,,,,COMPLETE
45,45,0.5560224089635855,2025-01-01 11:18:31.785930,2025-01-01 11:18:35.710784,0 days 00:00:03.924854,2,195,115.0,,,,,,,,,,,,,,,,,,,5,3.0,,,,,,,,,,,,,,,,,,,COMPLETE
46,46,0.0,2025-01-01 11:18:35.711118,2025-01-01 11:18:37.364697,0 days 00:00:01.653579,3,140,160.0,,,,,,,,,,,150.0,,,,,,,,4,2.0,,,,,,,,,,,3.0,,,,,,,,COMPLETE
47,47,0.0,2025-01-01 11:18:37.365053,2025-01-01 11:18:45.568613,0 days 00:00:08.203560,14,185,85.0,60.0,140.0,90.0,110.0,,,,,,,45.0,20.0,175.0,5.0,30.0,60.0,150.0,65.0,2,3.0,5.0,5.0,4.0,2.0,,,,,,,4.0,6.0,5.0,3.0,5.0,2.0,3.0,5.0,COMPLETE
48,48,0.5927952576379389,2025-01-01 11:18:45.569375,2025-01-01 11:18:48.184541,0 days 00:00:02.615166,1,160,,,,,,,,,,,,,,,,,,,,5,,,,,,,,,,,,,,,,,,,,COMPLETE
49,49,0.0,2025-01-01 11:18:48.184858,2025-01-01 11:18:50.878925,0 days 00:00:02.694067,4,170,145.0,,,,,,,,,,,65.0,45.0,,,,,,,6,2.0,,,,,,,,,,,5.0,5.0,,,,,,,COMPLETE
50,50,0.0,2025-01-01 11:18:50.879308,2025-01-01 11:18:53.989812,0 days 00:00:03.110504,5,130,185.0,,,,,,,,,,,20.0,125.0,175.0,,,,,,5,4.0,,,,,,,,,,,6.0,2.0,3.0,,,,,,COMPLETE
51,51,0.4871456822676335,2025-01-01 11:18:53.990219,2025-01-01 11:18:58.010234,0 days 00:00:04.020015,1,180,,,,,,,,,,,,,,,,,,,,5,,,,,,,,,,,,,,,,,,,,COMPLETE
52,52,0.43665158371040724,2025-01-01 11:18:58.010563,2025-01-01 11:19:01.682359,0 days 00:00:03.671796,1,195,,,,,,,,,,,,,,,,,,,,5,,,,,,,,,,,,,,,,,,,,COMPLETE
53,53,0.6356589147286822,2025-01-01 11:19:01.682710,2025-01-01 11:19:04.102952,0 days 00:00:02.420242,2,200,40.0,,,,,,,,,,,,,,,,,,,6,2.0,,,,,,,,,,,,,,,,,,,COMPLETE
54,54,0.6126373626373627,2025-01-01 11:19:04.103282,2025-01-01 11:19:11.362042,0 days 00:00:07.258760,3,200,35.0,,,,,,,,,,,55.0,,,,,,,,6,2.0,,,,,,,,,,,2.0,,,,,,,,COMPLETE
55,55,0.6323055683387022,2025-01-01 11:19:11.362403,2025-01-01 11:19:13.944250,0 days 00:00:02.581847,2,185,5.0,,,,,,,,,,,,,,,,,,,6,2.0,,,,,,,,,,,,,,,,,,,COMPLETE
56,56,0.0,2025-01-01 11:19:13.944590,2025-01-01 11:19:17.793190,0 days 00:00:03.848600,6,95,5.0,,,,,,,,,,,75.0,75.0,140.0,45.0,,,,,6,3.0,,,,,,,,,,,5.0,3.0,4.0,5.0,,,,,COMPLETE
57,57,0.0,2025-01-01 11:19:17.793639,2025-01-01 11:19:20.548493,0 days 00:00:02.754854,4,175,30.0,,,,,,,,,,,45.0,90.0,,,,,,,6,2.0,,,,,,,,,,,6.0,4.0,,,,,,,COMPLETE
58,58,0.637641723356009,2025-01-01 11:19:20.548887,2025-01-01 11:19:23.138238,0 days 00:00:02.589351,2,185,45.0,,,,,,,,,,,,,,,,,,,6,3.0,,,,,,,,,,,,,,,,,,,COMPLETE
59,59,0.6168478260869565,2025-01-01 11:19:23.138576,2025-01-01 11:19:27.118141,0 days 00:00:03.979565,3,165,45.0,,,,,,,,,,,20.0,,,,,,,,6,3.0,,,,,,,,,,,2.0,,,,,,,,COMPLETE
60,60,0.0,2025-01-01 11:19:27.118505,2025-01-01 11:19:33.178640,0 days 00:00:06.060135,12,185,55.0,130.0,5.0,,,,,,,,,100.0,35.0,30.0,75.0,125.0,170.0,70.0,155.0,6,2.0,3.0,2.0,,,,,,,,,3.0,3.0,6.0,4.0,3.0,4.0,5.0,5.0,COMPLETE
61,61,0.5957446808510638,2025-01-01 11:19:33.179232,2025-01-01 11:19:36.221994,0 days 00:00:03.042762,2,195,20.0,,,,,,,,,,,,,,,,,,,6,2.0,,,,,,,,,,,,,,,,,,,COMPLETE
62,62,0.60858189429618,2025-01-01 11:19:36.222331,2025-01-01 11:19:40.289052,0 days 00:00:04.066721,1,200,,,,,,,,,,,,,,,,,,,,6,,,,,,,,,,,,,,,,,,,,COMPLETE
63,63,0.6594202898550725,2025-01-01 11:19:40.289377,2025-01-01 11:19:43.754797,0 days 00:00:03.465420,2,40,5.0,,,,,,,,,,,,,,,,,,,6,3.0,,,,,,,,,,,,,,,,,,,COMPLETE
64,64,0.6295238095238096,2025-01-01 11:19:43.755160,2025-01-01 11:19:47.189916,0 days 00:00:03.434756,2,35,5.0,,,,,,,,,,,,,,,,,,,6,3.0,,,,,,,,,,,,,,,,,,,COMPLETE
65,65,0.0,2025-01-01 11:19:47.190269,2025-01-01 11:19:49.900588,0 days 00:00:02.710319,4,40,5.0,,,,,,,,,,,185.0,130.0,,,,,,,6,3.0,,,,,,,,,,,4.0,4.0,,,,,,,COMPLETE
66,66,0.6154545454545455,2025-01-01 11:19:49.900988,2025-01-01 11:19:53.741129,0 days 00:00:03.840141,3,20,15.0,,,,,,,,,,,120.0,,,,,,,,6,3.0,,,,,,,,,,,2.0,,,,,,,,COMPLETE
67,67,0.723404255319149,2025-01-01 11:19:53.741506,2025-01-01 11:19:57.740906,0 days 00:00:03.999400,2,50,10.0,,,,,,,,,,,,,,,,,,,6,3.0,,,,,,,,,,,,,,,,,,,COMPLETE
68,68,0.0,2025-01-01 11:19:57.741388,2025-01-01 11:20:01.055555,0 days 00:00:03.314167,6,65,30.0,,,,,,,,,,,140.0,165.0,55.0,115.0,,,,,6,2.0,,,,,,,,,,,5.0,5.0,2.0,2.0,,,,,COMPLETE
69,69,0.0,2025-01-01 11:20:01.056003,2025-01-01 11:20:12.455191,0 days 00:00:11.399188,17,45,45.0,160.0,150.0,5.0,115.0,125.0,35.0,190.0,,,,35.0,110.0,85.0,140.0,80.0,200.0,125.0,110.0,6,3.0,5.0,4.0,6.0,6.0,6.0,4.0,6.0,,,,6.0,6.0,5.0,3.0,2.0,5.0,3.0,3.0,COMPLETE
70,70,0.0,2025-01-01 11:20:12.455974,2025-01-01 11:20:15.423379,0 days 00:00:02.967405,3,70,75.0,,,,,,,,,,,90.0,,,,,,,,6,2.0,,,,,,,,,,,3.0,,,,,,,,COMPLETE
71,71,0.5432624113475177,2025-01-01 11:20:15.423763,2025-01-01 11:20:19.963591,0 days 00:00:04.539828,2,35,10.0,,,,,,,,,,,,,,,,,,,6,3.0,,,,,,,,,,,,,,,,,,,COMPLETE
72,72,0.6382978723404256,2025-01-01 11:20:19.963956,2025-01-01 11:20:23.063706,0 days 00:00:03.099750,2,20,20.0,,,,,,,,,,,,,,,,,,,6,3.0,,,,,,,,,,,,,,,,,,,COMPLETE
73,73,0.527536231884058,2025-01-01 11:20:23.064058,2025-01-01 11:20:28.303495,0 days 00:00:05.239437,3,5,20.0,,,,,,,,,,,15.0,,,,,,,,6,3.0,,,,,,,,,,,5.0,,,,,,,,COMPLETE
74,74,0.0,2025-01-01 11:20:28.303883,2025-01-01 11:20:31.438673,0 days 00:00:03.134790,5,25,25.0,,,,,,,,,,,200.0,90.0,135.0,,,,,,6,3.0,,,,,,,,,,,4.0,2.0,6.0,,,,,,COMPLETE
75,75,0.408418131359852,2025-01-01 11:20:31.439109,2025-01-01 11:20:34.974018,0 days 00:00:03.534909,2,15,35.0,,,,,,,,,,,,,,,,,,,6,2.0,,,,,,,,,,,,,,,,,,,COMPLETE
76,76,0.513157894736842,2025-01-01 11:20:34.974371,2025-01-01 11:20:38.580841,0 days 00:00:03.606470,1,55,,,,,,,,,,,,,,,,,,,,6,,,,,,,,,,,,,,,,,,,,COMPLETE
77,77,0.0,2025-01-01 11:20:38.581183,2025-01-01 11:20:41.149740,0 days 00:00:02.568557,4,105,55.0,,,,,,,,,,,175.0,65.0,,,,,,,6,4.0,,,,,,,,,,,2.0,5.0,,,,,,,COMPLETE
78,78,0.0,2025-01-01 11:20:41.150142,2025-01-01 11:20:45.635784,0 days 00:00:04.485642,10,30,15.0,,,,,,,,,,,135.0,40.0,185.0,175.0,160.0,125.0,10.0,45.0,6,3.0,,,,,,,,,,,3.0,6.0,3.0,5.0,4.0,3.0,5.0,2.0,COMPLETE
79,79,0.677564558161573,2025-01-01 11:20:45.636354,2025-01-01 11:20:49.310077,0 days 00:00:03.673723,1,10,,,,,,,,,,,,,,,,,,,,6,,,,,,,,,,,,,,,,,,,,COMPLETE
80,80,0.6153846153846154,2025-01-01 11:20:49.310418,2025-01-01 11:20:53.325611,0 days 00:00:04.015193,1,10,,,,,,,,,,,,,,,,,,,,6,,,,,,,,,,,,,,,,,,,,COMPLETE
81,81,0.4564393939393939,2025-01-01 11:20:53.325974,2025-01-01 11:20:59.945625,0 days 00:00:06.619651,2,15,25.0,,,,,,,,,,,,,,,,,,,6,5.0,,,,,,,,,,,,,,,,,,,COMPLETE
82,82,0.6382978723404256,2025-01-01 11:20:59.946000,2025-01-01 11:21:03.633908,0 days 00:00:03.687908,2,50,65.0,,,,,,,,,,,,,,,,,,,6,2.0,,,,,,,,,,,,,,,,,,,COMPLETE
83,83,0.36213235294117646,2025-01-01 11:21:03.634268,2025-01-01 11:21:07.762098,0 days 00:00:04.127830,1,75,,,,,,,,,,,,,,,,,,,,6,,,,,,,,,,,,,,,,,,,,COMPLETE
84,84,0.5161887141535615,2025-01-01 11:21:07.762576,2025-01-01 11:21:12.714966,0 days 00:00:04.952390,3,50,40.0,,,,,,,,,,,155.0,,,,,,,,6,3.0,,,,,,,,,,,6.0,,,,,,,,COMPLETE
85,85,0.5558139534883721,2025-01-01 11:21:12.715359,2025-01-01 11:21:16.960006,0 days 00:00:04.244647,2,25,65.0,,,,,,,,,,,,,,,,,,,6,4.0,,,,,,,,,,,,,,,,,,,COMPLETE
86,86,0.43529411764705883,2025-01-01 11:21:16.960375,2025-01-01 11:21:21.410022,0 days 00:00:04.449647,1,85,,,,,,,,,,,,,,,,,,,,6,,,,,,,,,,,,,,,,,,,,COMPLETE
87,87,0.5990697674418605,2025-01-01 11:21:21.410366,2025-01-01 11:21:25.839719,0 days 00:00:04.429353,3,55,65.0,,,,,,,,,,,80.0,,,,,,,,6,2.0,,,,,,,,,,,5.0,,,,,,,,COMPLETE
88,88,0.0,2025-01-01 11:21:25.840111,2025-01-01 11:21:28.230920,0 days 00:00:02.390809,4,60,50.0,,,,,,,,,,,105.0,20.0,,,,,,,6,3.0,,,,,,,,,,,4.0,3.0,,,,,,,COMPLETE
89,89,0.39507154213036566,2025-01-01 11:21:28.231327,2025-01-01 11:21:31.487175,0 days 00:00:03.255848,1,40,,,,,,,,,,,,,,,,,,,,2,,,,,,,,,,,,,,,,,,,,COMPLETE
90,90,0.6013888888888889,2025-01-01 11:21:31.487524,2025-01-01 11:21:37.287343,0 days 00:00:05.799819,2,20,20.0,,,,,,,,,,,,,,,,,,,6,2.0,,,,,,,,,,,,,,,,,,,COMPLETE
91,91,0.4865361077111383,2025-01-01 11:21:37.287724,2025-01-01 11:21:45.133626,0 days 00:00:07.845902,2,5,10.0,,,,,,,,,,,,,,,,,,,6,2.0,,,,,,,,,,,,,,,,,,,COMPLETE
92,92,0.5836829836829837,2025-01-01 11:21:45.133996,2025-01-01 11:21:48.630878,0 days 00:00:03.496882,3,30,35.0,,,,,,,,,,,190.0,,,,,,,,6,2.0,,,,,,,,,,,2.0,,,,,,,,COMPLETE
93,93,0.4444444444444444,2025-01-01 11:21:48.631249,2025-01-01 11:21:53.290808,0 days 00:00:04.659559,1,120,,,,,,,,,,,,,,,,,,,,6,,,,,,,,,,,,,,,,,,,,COMPLETE
94,94,0.6013888888888889,2025-01-01 11:21:53.291148,2025-01-01 11:21:56.140355,0 days 00:00:02.849207,2,45,10.0,,,,,,,,,,,,,,,,,,,6,2.0,,,,,,,,,,,,,,,,,,,COMPLETE
95,95,0.6015769944341374,2025-01-01 11:21:56.140746,2025-01-01 11:22:00.979163,0 days 00:00:04.838417,3,185,30.0,,,,,,,,,,,65.0,,,,,,,,6,2.0,,,,,,,,,,,3.0,,,,,,,,COMPLETE
96,96,0.5196172248803828,2025-01-01 11:22:00.979558,2025-01-01 11:22:06.489251,0 days 00:00:05.509693,2,15,40.0,,,,,,,,,,,,,,,,,,,6,2.0,,,,,,,,,,,,,,,,,,,COMPLETE
97,97,0.4563543003851091,2025-01-01 11:22:06.489619,2025-01-01 11:22:10.041828,0 days 00:00:03.552209,1,175,,,,,,,,,,,,,,,,,,,,5,,,,,,,,,,,,,,,,,,,,COMPLETE
98,98,0.0,2025-01-01 11:22:10.042299,2025-01-01 11:22:12.775865,0 days 00:00:02.733566,4,10,20.0,,,,,,,,,,,145.0,200.0,,,,,,,6,2.0,,,,,,,,,,,6.0,4.0,,,,,,,COMPLETE
99,99,0.0,2025-01-01 11:22:12.776281,2025-01-01 11:22:16.225822,0 days 00:00:03.449541,5,145,60.0,,,,,,,,,,,165.0,100.0,105.0,,,,,,5,4.0,,,,,,,,,,,5.0,5.0,3.0,,,,,,COMPLETE
100,100,0.6595441595441596,2025-01-01 11:22:16.226268,2025-01-01 11:22:19.553859,0 days 00:00:03.327591,2,195,25.0,,,,,,,,,,,,,,,,,,,6,3.0,,,,,,,,,,,,,,,,,,,COMPLETE
101,101,0.6882516188714154,2025-01-01 11:22:19.554232,2025-01-01 11:22:22.761581,0 days 00:00:03.207349,2,195,25.0,,,,,,,,,,,,,,,,,,,6,3.0,,,,,,,,,,,,,,,,,,,COMPLETE
102,102,0.6480274442538594,2025-01-01 11:22:22.761943,2025-01-01 11:22:27.153703,0 days 00:00:04.391760,1,195,,,,,,,,,,,,,,,,,,,,6,,,,,,,,,,,,,,,,,,,,COMPLETE
103,103,0.5064011379800853,2025-01-01 11:22:27.154078,2025-01-01 11:22:31.329088,0 days 00:00:04.175010,1,190,,,,,,,,,,,,,,,,,,,,6,,,,,,,,,,,,,,,,,,,,COMPLETE
104,104,0.38235294117647056,2025-01-01 11:22:31.329442,2025-01-01 11:22:35.358230,0 days 00:00:04.028788,1,195,,,,,,,,,,,,,,,,,,,,6,,,,,,,,,,,,,,,,,,,,COMPLETE
105,105,0.6447124304267161,2025-01-01 11:22:35.358576,2025-01-01 11:22:40.086757,0 days 00:00:04.728181,2,180,15.0,,,,,,,,,,,,,,,,,,,6,3.0,,,,,,,,,,,,,,,,,,,COMPLETE
106,106,0.5990697674418605,2025-01-01 11:22:40.087122,2025-01-01 11:22:45.316688,0 days 00:00:05.229566,3,170,15.0,,,,,,,,,,,115.0,,,,,,,,6,3.0,,,,,,,,,,,4.0,,,,,,,,COMPLETE
107,107,0.6154545454545455,2025-01-01 11:22:45.317089,2025-01-01 11:22:49.535503,0 days 00:00:04.218414,2,195,25.0,,,,,,,,,,,,,,,,,,,4,3.0,,,,,,,,,,,,,,,,,,,COMPLETE
108,108,0.6918238993710691,2025-01-01 11:22:49.535880,2025-01-01 11:22:53.956313,0 days 00:00:04.420433,1,180,,,,,,,,,,,,,,,,,,,,6,,,,,,,,,,,,,,,,,,,,COMPLETE
109,109,0.48008534850640117,2025-01-01 11:22:53.956669,2025-01-01 11:22:58.616147,0 days 00:00:04.659478,1,180,,,,,,,,,,,,,,,,,,,,6,,,,,,,,,,,,,,,,,,,,COMPLETE
110,110,0.3915441176470588,2025-01-01 11:22:58.616530,2025-01-01 11:23:03.834005,0 days 00:00:05.217475,1,180,,,,,,,,,,,,,,,,,,,,6,,,,,,,,,,,,,,,,,,,,COMPLETE
111,111,0.5742753623188406,2025-01-01 11:23:03.834361,2025-01-01 11:23:07.779057,0 days 00:00:03.944696,2,165,110.0,,,,,,,,,,,,,,,,,,,6,4.0,,,,,,,,,,,,,,,,,,,COMPLETE
112,112,0.6190476190476191,2025-01-01 11:23:07.779431,2025-01-01 11:23:10.661593,0 days 00:00:02.882162,2,160,10.0,,,,,,,,,,,,,,,,,,,6,3.0,,,,,,,,,,,,,,,,,,,COMPLETE
113,113,0.5317028985507246,2025-01-01 11:23:10.661959,2025-01-01 11:23:15.866894,0 days 00:00:05.204935,3,195,30.0,,,,,,,,,,,25.0,,,,,,,,6,3.0,,,,,,,,,,,2.0,,,,,,,,COMPLETE
114,114,0.5570512820512821,2025-01-01 11:23:15.867425,2025-01-01 11:23:19.859124,0 days 00:00:03.991699,1,190,,,,,,,,,,,,,,,,,,,,6,,,,,,,,,,,,,,,,,,,,COMPLETE
115,115,0.6154545454545455,2025-01-01 11:23:19.859469,2025-01-01 11:23:24.364300,0 days 00:00:04.504831,3,155,15.0,,,,,,,,,,,5.0,,,,,,,,6,3.0,,,,,,,,,,,4.0,,,,,,,,COMPLETE
116,116,0.6617866004962779,2025-01-01 11:23:24.364697,2025-01-01 11:23:29.156470,0 days 00:00:04.791773,1,175,,,,,,,,,,,,,,,,,,,,6,,,,,,,,,,,,,,,,,,,,COMPLETE
117,117,0.6617226125422846,2025-01-01 11:23:29.156848,2025-01-01 11:23:34.719748,0 days 00:00:05.562900,1,175,,,,,,,,,,,,,,,,,,,,6,,,,,,,,,,,,,,,,,,,,COMPLETE
118,118,0.6202795123401724,2025-01-01 11:23:34.720105,2025-01-01 11:23:37.606903,0 days 00:00:02.886798,1,175,,,,,,,,,,,,,,,,,,,,4,,,,,,,,,,,,,,,,,,,,COMPLETE
119,119,0.6541005291005291,2025-01-01 11:23:37.607245,2025-01-01 11:23:41.467475,0 days 00:00:03.860230,1,150,,,,,,,,,,,,,,,,,,,,6,,,,,,,,,,,,,,,,,,,,COMPLETE
120,120,0.5386977886977887,2025-01-01 11:23:41.467837,2025-01-01 11:23:46.203877,0 days 00:00:04.736040,1,165,,,,,,,,,,,,,,,,,,,,6,,,,,,,,,,,,,,,,,,,,COMPLETE
121,121,0.43843843843843844,2025-01-01 11:23:46.204235,2025-01-01 11:23:50.562076,0 days 00:00:04.357841,1,150,,,,,,,,,,,,,,,,,,,,6,,,,,,,,,,,,,,,,,,,,COMPLETE
122,122,0.5384615384615384,2025-01-01 11:23:50.562423,2025-01-01 11:23:54.778831,0 days 00:00:04.216408,1,175,,,,,,,,,,,,,,,,,,,,6,,,,,,,,,,,,,,,,,,,,COMPLETE
123,123,0.6260162601626016,2025-01-01 11:23:54.779182,2025-01-01 11:23:59.193969,0 days 00:00:04.414787,1,185,,,,,,,,,,,,,,,,,,,,6,,,,,,,,,,,,,,,,,,,,COMPLETE
124,124,0.637641723356009,2025-01-01 11:23:59.194343,2025-01-01 11:24:03.479827,0 days 00:00:04.285484,2,130,80.0,,,,,,,,,,,,,,,,,,,6,4.0,,,,,,,,,,,,,,,,,,,COMPLETE
125,125,0.0,2025-01-01 11:24:03.480198,2025-01-01 11:24:10.250953,0 days 00:00:06.770755,15,170,100.0,60.0,65.0,190.0,60.0,5.0,,,,,,40.0,185.0,50.0,35.0,125.0,50.0,180.0,175.0,6,4.0,2.0,5.0,4.0,4.0,2.0,,,,,,3.0,3.0,4.0,4.0,6.0,2.0,2.0,6.0,COMPLETE
126,126,0.5314505776636713,2025-01-01 11:24:10.251641,2025-01-01 11:24:14.849328,0 days 00:00:04.597687,1,180,,,,,,,,,,,,,,,,,,,,6,,,,,,,,,,,,,,,,,,,,COMPLETE
127,127,0.6122448979591837,2025-01-01 11:24:14.849832,2025-01-01 11:24:18.464363,0 days 00:00:03.614531,2,140,5.0,,,,,,,,,,,,,,,,,,,6,4.0,,,,,,,,,,,,,,,,,,,COMPLETE
128,128,0.0,2025-01-01 11:24:18.464744,2025-01-01 11:24:21.877549,0 days 00:00:03.412805,8,190,50.0,,,,,,,,,,,90.0,150.0,160.0,75.0,175.0,120.0,,,6,5.0,,,,,,,,,,,6.0,2.0,2.0,2.0,3.0,4.0,,,COMPLETE
129,129,0.6382978723404256,2025-01-01 11:24:21.878062,2025-01-01 11:24:25.780413,0 days 00:00:03.902351,2,160,130.0,,,,,,,,,,,,,,,,,,,6,4.0,,,,,,,,,,,,,,,,,,,COMPLETE
130,130,0.4444444444444444,2025-01-01 11:24:25.780806,2025-01-01 11:24:29.365273,0 days 00:00:03.584467,1,185,,,,,,,,,,,,,,,,,,,,6,,,,,,,,,,,,,,,,,,,,COMPLETE
131,131,0.5714285714285714,2025-01-01 11:24:29.365652,2025-01-01 11:24:32.126556,0 days 00:00:02.760904,2,170,25.0,,,,,,,,,,,,,,,,,,,6,3.0,,,,,,,,,,,,,,,,,,,COMPLETE
132,132,0.6304347826086957,2025-01-01 11:24:32.126942,2025-01-01 11:24:35.546788,0 days 00:00:03.419846,2,155,35.0,,,,,,,,,,,,,,,,,,,6,3.0,,,,,,,,,,,,,,,,,,,COMPLETE
133,133,0.6088888888888888,2025-01-01 11:24:35.547167,2025-01-01 11:24:40.251097,0 days 00:00:04.703930,1,180,,,,,,,,,,,,,,,,,,,,6,,,,,,,,,,,,,,,,,,,,COMPLETE
134,134,0.6987179487179487,2025-01-01 11:24:40.251451,2025-01-01 11:24:43.557814,0 days 00:00:03.306363,2,200,20.0,,,,,,,,,,,,,,,,,,,6,3.0,,,,,,,,,,,,,,,,,,,COMPLETE
135,135,0.559204440333025,2025-01-01 11:24:43.558193,2025-01-01 11:24:53.483774,0 days 00:00:09.925581,3,200,10.0,,,,,,,,,,,130.0,,,,,,,,6,3.0,,,,,,,,,,,5.0,,,,,,,,COMPLETE
136,136,0.6154545454545455,2025-01-01 11:24:53.484187,2025-01-01 11:24:57.500088,0 days 00:00:04.015901,2,195,30.0,,,,,,,,,,,,,,,,,,,4,3.0,,,,,,,,,,,,,,,,,,,COMPLETE
137,137,0.36363636363636365,2025-01-01 11:24:57.500471,2025-01-01 11:25:00.896264,0 days 00:00:03.395793,1,200,,,,,,,,,,,,,,,,,,,,6,,,,,,,,,,,,,,,,,,,,COMPLETE
138,138,0.5331384015594541,2025-01-01 11:25:00.896623,2025-01-01 11:25:10.914216,0 days 00:00:10.017593,3,190,5.0,,,,,,,,,,,170.0,,,,,,,,6,3.0,,,,,,,,,,,4.0,,,,,,,,COMPLETE
139,139,0.0,2025-01-01 11:25:10.914653,2025-01-01 11:25:18.826163,0 days 00:00:07.911510,12,175,20.0,200.0,155.0,,,,,,,,,60.0,135.0,70.0,145.0,75.0,85.0,40.0,125.0,6,3.0,6.0,5.0,,,,,,,,,2.0,6.0,6.0,5.0,5.0,6.0,3.0,4.0,COMPLETE
140,140,0.6015769944341374,2025-01-01 11:25:18.826820,2025-01-01 11:25:22.159771,0 days 00:00:03.332951,2,110,15.0,,,,,,,,,,,,,,,,,,,6,3.0,,,,,,,,,,,,,,,,,,,COMPLETE
141,141,0.5819047619047619,2025-01-01 11:25:22.160171,2025-01-01 11:25:26.699932,0 days 00:00:04.539761,2,20,20.0,,,,,,,,,,,,,,,,,,,6,3.0,,,,,,,,,,,,,,,,,,,COMPLETE
142,142,0.5381578947368422,2025-01-01 11:25:26.700435,2025-01-01 11:25:30.966753,0 days 00:00:04.266318,1,185,,,,,,,,,,,,,,,,,,,,6,,,,,,,,,,,,,,,,,,,,COMPLETE
143,143,0.5714975845410628,2025-01-01 11:25:30.967110,2025-01-01 11:25:34.852664,0 days 00:00:03.885554,2,190,25.0,,,,,,,,,,,,,,,,,,,6,3.0,,,,,,,,,,,,,,,,,,,COMPLETE
144,144,0.49324324324324326,2025-01-01 11:25:34.853051,2025-01-01 11:25:38.566629,0 days 00:00:03.713578,1,195,,,,,,,,,,,,,,,,,,,,6,,,,,,,,,,,,,,,,,,,,COMPLETE
145,145,0.49444444444444446,2025-01-01 11:25:38.567008,2025-01-01 11:25:42.588337,0 days 00:00:04.021329,3,30,10.0,,,,,,,,,,,80.0,,,,,,,,6,3.0,,,,,,,,,,,3.0,,,,,,,,COMPLETE
146,146,0.7273584905660377,2025-01-01 11:25:42.588751,2025-01-01 11:25:46.453214,0 days 00:00:03.864463,2,95,120.0,,,,,,,,,,,,,,,,,,,6,3.0,,,,,,,,,,,,,,,,,,,COMPLETE
147,147,0.6012002182214948,2025-01-01 11:25:46.453616,2025-01-01 11:25:50.674950,0 days 00:00:04.221334,1,95,,,,,,,,,,,,,,,,,,,,6,,,,,,,,,,,,,,,,,,,,COMPLETE
148,148,0.5994397759103641,2025-01-01 11:25:50.675304,2025-01-01 11:25:53.905872,0 days 00:00:03.230568,2,135,120.0,,,,,,,,,,,,,,,,,,,6,3.0,,,,,,,,,,,,,,,,,,,COMPLETE
149,149,0.0,2025-01-01 11:25:53.906253,2025-01-01 11:26:02.918893,0 days 00:00:09.012640,18,85,145.0,130.0,40.0,125.0,155.0,140.0,195.0,110.0,195.0,,,195.0,160.0,130.0,185.0,25.0,155.0,80.0,90.0,6,3.0,4.0,3.0,3.0,3.0,4.0,2.0,4.0,4.0,,,5.0,3.0,3.0,3.0,4.0,3.0,5.0,3.0,COMPLETE
150,150,0.2875,2025-01-01 11:26:02.919665,2025-01-01 11:26:06.690132,0 days 00:00:03.770467,1,70,,,,,,,,,,,,,,,,,,,,6,,,,,,,,,,,,,,,,,,,,COMPLETE
151,151,0.6323055683387022,2025-01-01 11:26:06.690507,2025-01-01 11:26:10.463336,0 days 00:00:03.772829,2,10,155.0,,,,,,,,,,,,,,,,,,,6,3.0,,,,,,,,,,,,,,,,,,,COMPLETE
152,152,0.0,2025-01-01 11:26:10.463727,2025-01-01 11:26:13.653650,0 days 00:00:03.189923,3,120,175.0,,,,,,,,,,,50.0,,,,,,,,6,3.0,,,,,,,,,,,6.0,,,,,,,,COMPLETE
153,153,0.5457892314772204,2025-01-01 11:26:13.654085,2025-01-01 11:26:16.886327,0 days 00:00:03.232242,2,125,135.0,,,,,,,,,,,,,,,,,,,6,3.0,,,,,,,,,,,,,,,,,,,COMPLETE
154,154,0.0,2025-01-01 11:26:16.886712,2025-01-01 11:26:20.697437,0 days 00:00:03.810725,7,175,105.0,,,,,,,,,,,95.0,65.0,20.0,120.0,50.0,,,,6,3.0,,,,,,,,,,,2.0,4.0,5.0,5.0,2.0,,,,COMPLETE
155,155,0.528957528957529,2025-01-01 11:26:20.697958,2025-01-01 11:26:24.767766,0 days 00:00:04.069808,1,200,,,,,,,,,,,,,,,,,,,,6,,,,,,,,,,,,,,,,,,,,COMPLETE
156,156,0.5523809523809524,2025-01-01 11:26:24.768137,2025-01-01 11:26:29.417954,0 days 00:00:04.649817,2,180,95.0,,,,,,,,,,,,,,,,,,,4,3.0,,,,,,,,,,,,,,,,,,,COMPLETE
157,157,0.4318181818181818,2025-01-01 11:26:29.418507,2025-01-01 11:26:33.493227,0 days 00:00:04.074720,1,170,,,,,,,,,,,,,,,,,,,,6,,,,,,,,,,,,,,,,,,,,COMPLETE
158,158,0.0,2025-01-01 11:26:33.493609,2025-01-01 11:26:35.685666,0 days 00:00:02.192057,3,185,190.0,,,,,,,,,,,110.0,,,,,,,,6,4.0,,,,,,,,,,,4.0,,,,,,,,COMPLETE
159,159,0.5727272727272728,2025-01-01 11:26:35.686072,2025-01-01 11:26:40.274794,0 days 00:00:04.588722,2,5,15.0,,,,,,,,,,,,,,,,,,,6,3.0,,,,,,,,,,,,,,,,,,,COMPLETE
160,160,0.6851851851851851,2025-01-01 11:26:40.275186,2025-01-01 11:26:44.889184,0 days 00:00:04.613998,1,195,,,,,,,,,,,,,,,,,,,,6,,,,,,,,,,,,,,,,,,,,COMPLETE
161,161,0.6012002182214948,2025-01-01 11:26:44.889576,2025-01-01 11:26:49.553528,0 days 00:00:04.663952,1,195,,,,,,,,,,,,,,,,,,,,6,,,,,,,,,,,,,,,,,,,,COMPLETE
162,162,0.5188933873144399,2025-01-01 11:26:49.553895,2025-01-01 11:26:53.563689,0 days 00:00:04.009794,1,190,,,,,,,,,,,,,,,,,,,,6,,,,,,,,,,,,,,,,,,,,COMPLETE
163,163,0.6666666666666666,2025-01-01 11:26:53.564048,2025-01-01 11:26:57.842452,0 days 00:00:04.278404,2,145,165.0,,,,,,,,,,,,,,,,,,,6,3.0,,,,,,,,,,,,,,,,,,,COMPLETE
164,164,0.6192135390741662,2025-01-01 11:26:57.842855,2025-01-01 11:27:01.319888,0 days 00:00:03.477033,1,140,,,,,,,,,,,,,,,,,,,,6,,,,,,,,,,,,,,,,,,,,COMPLETE
165,165,0.5890473999079613,2025-01-01 11:27:01.320254,2025-01-01 11:27:05.096248,0 days 00:00:03.775994,2,150,170.0,,,,,,,,,,,,,,,,,,,6,3.0,,,,,,,,,,,,,,,,,,,COMPLETE
166,166,0.39507154213036566,2025-01-01 11:27:05.096633,2025-01-01 11:27:07.605420,0 days 00:00:02.508787,1,135,,,,,,,,,,,,,,,,,,,,4,,,,,,,,,,,,,,,,,,,,COMPLETE
167,167,0.6802721088435374,2025-01-01 11:27:07.605785,2025-01-01 11:27:11.525280,0 days 00:00:03.919495,2,200,165.0,,,,,,,,,,,,,,,,,,,6,3.0,,,,,,,,,,,,,,,,,,,COMPLETE
168,168,0.6556497175141243,2025-01-01 11:27:11.525667,2025-01-01 11:27:15.759024,0 days 00:00:04.233357,1,145,,,,,,,,,,,,,,,,,,,,6,,,,,,,,,,,,,,,,,,,,COMPLETE
169,169,0.0,2025-01-01 11:27:15.759412,2025-01-01 11:27:31.880334,0 days 00:00:16.120922,20,145,165.0,50.0,115.0,60.0,55.0,70.0,110.0,120.0,10.0,10.0,5.0,160.0,10.0,100.0,155.0,180.0,45.0,120.0,170.0,6,3.0,3.0,6.0,5.0,5.0,5.0,6.0,4.0,6.0,2.0,6.0,5.0,2.0,6.0,6.0,6.0,5.0,2.0,5.0,COMPLETE
170,170,0.6153846153846154,2025-01-01 11:27:31.881247,2025-01-01 11:27:35.823455,0 days 00:00:03.942208,1,200,,,,,,,,,,,,,,,,,,,,6,,,,,,,,,,,,,,,,,,,,COMPLETE
171,171,0.34879032258064513,2025-01-01 11:27:35.823975,2025-01-01 11:27:39.789895,0 days 00:00:03.965920,1,145,,,,,,,,,,,,,,,,,,,,6,,,,,,,,,,,,,,,,,,,,COMPLETE
172,172,0.0,2025-01-01 11:27:39.790265,2025-01-01 11:27:44.550944,0 days 00:00:04.760679,9,195,150.0,,,,,,,,,,,70.0,100.0,160.0,85.0,125.0,110.0,200.0,,6,3.0,,,,,,,,,,,6.0,5.0,3.0,2.0,3.0,4.0,4.0,,COMPLETE
173,173,0.5882926829268293,2025-01-01 11:27:44.551532,2025-01-01 11:27:48.013889,0 days 00:00:03.462357,2,200,180.0,,,,,,,,,,,,,,,,,,,6,4.0,,,,,,,,,,,,,,,,,,,COMPLETE
174,174,0.5195681511470984,2025-01-01 11:27:48.014283,2025-01-01 11:27:52.445094,0 days 00:00:04.430811,1,150,,,,,,,,,,,,,,,,,,,,6,,,,,,,,,,,,,,,,,,,,COMPLETE
175,175,0.6655813953488372,2025-01-01 11:27:52.445475,2025-01-01 11:27:56.452037,0 days 00:00:04.006562,2,155,160.0,,,,,,,,,,,,,,,,,,,6,3.0,,,,,,,,,,,,,,,,,,,COMPLETE
176,176,0.6154545454545455,2025-01-01 11:27:56.452425,2025-01-01 11:28:00.095521,0 days 00:00:03.643096,2,155,160.0,,,,,,,,,,,,,,,,,,,6,3.0,,,,,,,,,,,,,,,,,,,COMPLETE
177,177,0.48684210526315785,2025-01-01 11:28:00.095914,2025-01-01 11:28:05.017506,0 days 00:00:04.921592,1,165,,,,,,,,,,,,,,,,,,,,6,,,,,,,,,,,,,,,,,,,,COMPLETE
178,178,0.6423255813953488,2025-01-01 11:28:05.017873,2025-01-01 11:28:08.236718,0 days 00:00:03.218845,2,160,140.0,,,,,,,,,,,,,,,,,,,6,3.0,,,,,,,,,,,,,,,,,,,COMPLETE
179,179,0.6594202898550725,2025-01-01 11:28:08.237124,2025-01-01 11:28:13.482408,0 days 00:00:05.245284,3,100,165.0,,,,,,,,,,,125.0,,,,,,,,6,3.0,,,,,,,,,,,3.0,,,,,,,,COMPLETE
180,180,0.5950113378684807,2025-01-01 11:28:13.482836,2025-01-01 11:28:18.136289,0 days 00:00:04.653453,3,105,170.0,,,,,,,,,,,125.0,,,,,,,,6,3.0,,,,,,,,,,,3.0,,,,,,,,COMPLETE
181,181,0.6154545454545455,2025-01-01 11:28:18.136710,2025-01-01 11:28:21.524462,0 days 00:00:03.387752,2,95,150.0,,,,,,,,,,,,,,,,,,,6,3.0,,,,,,,,,,,,,,,,,,,COMPLETE
182,182,0.5811224489795919,2025-01-01 11:28:21.524867,2025-01-01 11:28:25.930451,0 days 00:00:04.405584,1,100,,,,,,,,,,,,,,,,,,,,6,,,,,,,,,,,,,,,,,,,,COMPLETE
183,183,0.48008534850640117,2025-01-01 11:28:25.930863,2025-01-01 11:28:30.979233,0 days 00:00:05.048370,1,195,,,,,,,,,,,,,,,,,,,,6,,,,,,,,,,,,,,,,,,,,COMPLETE
184,184,0.6624649859943978,2025-01-01 11:28:30.979613,2025-01-01 11:28:34.275845,0 days 00:00:03.296232,2,90,165.0,,,,,,,,,,,,,,,,,,,6,3.0,,,,,,,,,,,,,,,,,,,COMPLETE
185,185,0.6755637367694431,2025-01-01 11:28:34.276234,2025-01-01 11:28:38.913620,0 days 00:00:04.637386,3,95,165.0,,,,,,,,,,,145.0,,,,,,,,6,3.0,,,,,,,,,,,3.0,,,,,,,,COMPLETE
186,186,0.0,2025-01-01 11:28:38.914037,2025-01-01 11:28:41.801453,0 days 00:00:02.887416,3,90,180.0,,,,,,,,,,,145.0,,,,,,,,6,3.0,,,,,,,,,,,3.0,,,,,,,,COMPLETE
187,187,0.0,2025-01-01 11:28:41.802009,2025-01-01 11:28:44.473879,0 days 00:00:02.671870,4,90,155.0,,,,,,,,,,,135.0,115.0,,,,,,,6,3.0,,,,,,,,,,,3.0,6.0,,,,,,,COMPLETE
188,188,0.0,2025-01-01 11:28:44.474357,2025-01-01 11:28:46.204534,0 days 00:00:01.730177,3,85,165.0,,,,,,,,,,,180.0,,,,,,,,6,3.0,,,,,,,,,,,2.0,,,,,,,,COMPLETE
189,189,0.0,2025-01-01 11:28:46.204924,2025-01-01 11:28:48.399107,0 days 00:00:02.194183,3,100,170.0,,,,,,,,,,,120.0,,,,,,,,6,3.0,,,,,,,,,,,4.0,,,,,,,,COMPLETE
190,190,0.5727272727272728,2025-01-01 11:28:48.399525,2025-01-01 11:28:52.449989,0 days 00:00:04.050464,2,110,165.0,,,,,,,,,,,,,,,,,,,2,3.0,,,,,,,,,,,,,,,,,,,COMPLETE
191,191,0.6356589147286822,2025-01-01 11:28:52.450385,2025-01-01 11:28:56.734466,0 days 00:00:04.284081,2,90,160.0,,,,,,,,,,,,,,,,,,,6,3.0,,,,,,,,,,,,,,,,,,,COMPLETE
192,192,0.5531914893617021,2025-01-01 11:28:56.734863,2025-01-01 11:29:00.790996,0 days 00:00:04.056133,2,100,200.0,,,,,,,,,,,,,,,,,,,6,3.0,,,,,,,,,,,,,,,,,,,COMPLETE
193,193,0.6808510638297872,2025-01-01 11:29:00.791402,2025-01-01 11:29:03.643893,0 days 00:00:02.852491,2,80,175.0,,,,,,,,,,,,,,,,,,,6,3.0,,,,,,,,,,,,,,,,,,,COMPLETE
194,194,0.6154545454545455,2025-01-01 11:29:03.644285,2025-01-01 11:29:06.910653,0 days 00:00:03.266368,2,75,175.0,,,,,,,,,,,,,,,,,,,6,3.0,,,,,,,,,,,,,,,,,,,COMPLETE
195,195,0.0,2025-01-01 11:29:06.911036,2025-01-01 11:29:09.487462,0 days 00:00:02.576426,3,95,165.0,,,,,,,,,,,160.0,,,,,,,,6,3.0,,,,,,,,,,,3.0,,,,,,,,COMPLETE
196,196,0.6834905660377358,2025-01-01 11:29:09.487884,2025-01-01 11:29:13.249279,0 days 00:00:03.761395,2,80,180.0,,,,,,,,,,,,,,,,,,,6,3.0,,,,,,,,,,,,,,,,,,,COMPLETE
197,197,0.0,2025-01-01 11:29:13.249702,2025-01-01 11:29:15.033224,0 days 00:00:01.783522,3,85,185.0,,,,,,,,,,,110.0,,,,,,,,6,3.0,,,,,,,,,,,2.0,,,,,,,,COMPLETE
198,198,0.5957446808510638,2025-01-01 11:29:15.033635,2025-01-01 11:29:19.025456,0 days 00:00:03.991821,2,80,180.0,,,,,,,,,,,,,,,,,,,6,3.0,,,,,,,,,,,,,,,,,,,COMPLETE
199,199,0.6287878787878788,2025-01-01 11:29:19.025852,2025-01-01 11:29:22.388409,0 days 00:00:03.362557,2,90,170.0,,,,,,,,,,,,,,,,,,,6,3.0,,,,,,,,,,,,,,,,,,,COMPLETE
200,200,0.6556776556776557,2025-01-01 11:29:22.388807,2025-01-01 11:29:26.942524,0 days 00:00:04.553717,3,75,190.0,,,,,,,,,,,150.0,,,,,,,,6,3.0,,,,,,,,,,,3.0,,,,,,,,COMPLETE
201,201,0.0,2025-01-01 11:29:26.942946,2025-01-01 11:29:29.341050,0 days 00:00:02.398104,4,75,190.0,,,,,,,,,,,145.0,120.0,,,,,,,6,3.0,,,,,,,,,,,3.0,4.0,,,,,,,COMPLETE
202,202,0.0,2025-01-01 11:29:29.341495,2025-01-01 11:29:31.847248,0 days 00:00:02.505753,3,95,190.0,,,,,,,,,,,155.0,,,,,,,,6,3.0,,,,,,,,,,,3.0,,,,,,,,COMPLETE
203,203,0.4777777777777778,2025-01-01 11:29:31.847682,2025-01-01 11:29:35.897564,0 days 00:00:04.049882,2,80,175.0,,,,,,,,,,,,,,,,,,,6,3.0,,,,,,,,,,,,,,,,,,,COMPLETE
204,204,0.723404255319149,2025-01-01 11:29:35.897966,2025-01-01 11:29:41.291951,0 days 00:00:05.393985,3,70,175.0,,,,,,,,,,,140.0,,,,,,,,6,3.0,,,,,,,,,,,3.0,,,,,,,,COMPLETE
205,205,0.6356589147286822,2025-01-01 11:29:41.292372,2025-01-01 11:29:44.667416,0 days 00:00:03.375044,2,60,175.0,,,,,,,,,,,,,,,,,,,6,3.0,,,,,,,,,,,,,,,,,,,COMPLETE
206,206,0.5499316005471957,2025-01-01 11:29:44.667832,2025-01-01 11:29:49.692291,0 days 00:00:05.024459,3,70,155.0,,,,,,,,,,,135.0,,,,,,,,6,3.0,,,,,,,,,,,3.0,,,,,,,,COMPLETE
207,207,0.6855813953488372,2025-01-01 11:29:49.692864,2025-01-01 11:29:53.588079,0 days 00:00:03.895215,2,80,160.0,,,,,,,,,,,,,,,,,,,6,3.0,,,,,,,,,,,,,,,,,,,COMPLETE
208,208,0.6594202898550725,2025-01-01 11:29:53.588489,2025-01-01 11:29:57.308010,0 days 00:00:03.719521,2,80,160.0,,,,,,,,,,,,,,,,,,,6,3.0,,,,,,,,,,,,,,,,,,,COMPLETE
209,209,0.0,2025-01-01 11:29:57.308411,2025-01-01 11:29:59.704552,0 days 00:00:02.396141,4,85,170.0,,,,,,,,,,,125.0,190.0,,,,,,,6,3.0,,,,,,,,,,,4.0,3.0,,,,,,,COMPLETE
210,210,0.0,2025-01-01 11:29:59.705001,2025-01-01 11:30:01.594960,0 days 00:00:01.889959,3,65,150.0,,,,,,,,,,,105.0,,,,,,,,6,3.0,,,,,,,,,,,2.0,,,,,,,,COMPLETE
211,211,0.6015769944341374,2025-01-01 11:30:01.595377,2025-01-01 11:30:05.810650,0 days 00:00:04.215273,2,80,160.0,,,,,,,,,,,,,,,,,,,6,3.0,,,,,,,,,,,,,,,,,,,COMPLETE
212,212,0.6154545454545455,2025-01-01 11:30:05.811047,2025-01-01 11:30:09.389039,0 days 00:00:03.577992,2,80,165.0,,,,,,,,,,,,,,,,,,,6,3.0,,,,,,,,,,,,,,,,,,,COMPLETE
213,213,0.5208333333333333,2025-01-01 11:30:09.389451,2025-01-01 11:30:13.180178,0 days 00:00:03.790727,2,70,160.0,,,,,,,,,,,,,,,,,,,6,3.0,,,,,,,,,,,,,,,,,,,COMPLETE
214,214,0.6275058275058275,2025-01-01 11:30:13.180589,2025-01-01 11:30:16.869112,0 days 00:00:03.688523,2,105,180.0,,,,,,,,,,,,,,,,,,,6,3.0,,,,,,,,,,,,,,,,,,,COMPLETE
215,215,0.5950113378684807,2025-01-01 11:30:16.869513,2025-01-01 11:30:20.930933,0 days 00:00:04.061420,2,50,155.0,,,,,,,,,,,,,,,,,,,6,3.0,,,,,,,,,,,,,,,,,,,COMPLETE
216,216,0.5654846335697399,2025-01-01 11:30:20.931341,2025-01-01 11:30:25.497507,0 days 00:00:04.566166,3,85,165.0,,,,,,,,,,,170.0,,,,,,,,6,3.0,,,,,,,,,,,3.0,,,,,,,,COMPLETE
217,217,0.5836829836829837,2025-01-01 11:30:25.497935,2025-01-01 11:30:29.940626,0 days 00:00:04.442691,2,90,170.0,,,,,,,,,,,,,,,,,,,6,3.0,,,,,,,,,,,,,,,,,,,COMPLETE
218,218,0.6356589147286822,2025-01-01 11:30:29.941028,2025-01-01 11:30:36.061742,0 days 00:00:06.120714,3,40,175.0,,,,,,,,,,,85.0,,,,,,,,6,3.0,,,,,,,,,,,4.0,,,,,,,,COMPLETE
219,219,0.559204440333025,2025-01-01 11:30:36.062200,2025-01-01 11:30:39.543893,0 days 00:00:03.481693,2,100,160.0,,,,,,,,,,,,,,,,,,,6,3.0,,,,,,,,,,,,,,,,,,,COMPLETE
220,220,0.0,2025-01-01 11:30:39.544285,2025-01-01 11:30:41.708891,0 days 00:00:02.164606,4,65,170.0,,,,,,,,,,,115.0,175.0,,,,,,,6,3.0,,,,,,,,,,,3.0,2.0,,,,,,,COMPLETE
221,221,0.5689102564102564,2025-01-01 11:30:41.709329,2025-01-01 11:30:45.608132,0 days 00:00:03.898803,1,95,,,,,,,,,,,,,,,,,,,,6,,,,,,,,,,,,,,,,,,,,COMPLETE
222,222,0.6059928443649374,2025-01-01 11:30:45.608521,2025-01-01 11:30:49.444004,0 days 00:00:03.835483,1,75,,,,,,,,,,,,,,,,,,,,6,,,,,,,,,,,,,,,,,,,,COMPLETE
223,223,0.696969696969697,2025-01-01 11:30:49.444399,2025-01-01 11:30:52.981054,0 days 00:00:03.536655,1,80,,,,,,,,,,,,,,,,,,,,6,,,,,,,,,,,,,,,,,,,,COMPLETE
224,224,0.6564516129032258,2025-01-01 11:30:52.981434,2025-01-01 11:30:56.771329,0 days 00:00:03.789895,1,80,,,,,,,,,,,,,,,,,,,,6,,,,,,,,,,,,,,,,,,,,COMPLETE
225,225,0.6154545454545455,2025-01-01 11:30:56.771848,2025-01-01 11:31:00.116548,0 days 00:00:03.344700,2,90,155.0,,,,,,,,,,,,,,,,,,,6,3.0,,,,,,,,,,,,,,,,,,,COMPLETE
226,226,0.6665124884366327,2025-01-01 11:31:00.116944,2025-01-01 11:31:03.932166,0 days 00:00:03.815222,2,85,180.0,,,,,,,,,,,,,,,,,,,6,3.0,,,,,,,,,,,,,,,,,,,COMPLETE
227,227,0.4444444444444444,2025-01-01 11:31:03.932560,2025-01-01 11:31:08.346278,0 days 00:00:04.413718,1,90,,,,,,,,,,,,,,,,,,,,6,,,,,,,,,,,,,,,,,,,,COMPLETE
228,228,0.5265567765567765,2025-01-01 11:31:08.346663,2025-01-01 11:31:12.087131,0 days 00:00:03.740468,2,85,185.0,,,,,,,,,,,,,,,,,,,6,3.0,,,,,,,,,,,,,,,,,,,COMPLETE
229,229,0.513157894736842,2025-01-01 11:31:12.087546,2025-01-01 11:31:16.436380,0 days 00:00:04.348834,1,85,,,,,,,,,,,,,,,,,,,,6,,,,,,,,,,,,,,,,,,,,COMPLETE
230,230,0.559204440333025,2025-01-01 11:31:16.436766,2025-01-01 11:31:20.312465,0 days 00:00:03.875699,2,200,175.0,,,,,,,,,,,,,,,,,,,6,3.0,,,,,,,,,,,,,,,,,,,COMPLETE
231,231,0.6084480303749407,2025-01-01 11:31:20.312900,2025-01-01 11:31:23.347689,0 days 00:00:03.034789,2,80,165.0,,,,,,,,,,,,,,,,,,,6,3.0,,,,,,,,,,,,,,,,,,,COMPLETE
232,232,0.5990697674418605,2025-01-01 11:31:23.348077,2025-01-01 11:31:26.886538,0 days 00:00:03.538461,2,80,180.0,,,,,,,,,,,,,,,,,,,6,3.0,,,,,,,,,,,,,,,,,,,COMPLETE
233,233,0.5950113378684807,2025-01-01 11:31:26.886927,2025-01-01 11:31:32.120544,0 days 00:00:05.233617,3,75,150.0,,,,,,,,,,,130.0,,,,,,,,6,3.0,,,,,,,,,,,2.0,,,,,,,,COMPLETE
234,234,0.6719851576994433,2025-01-01 11:31:32.120976,2025-01-01 11:31:36.216490,0 days 00:00:04.095514,1,95,,,,,,,,,,,,,,,,,,,,6,,,,,,,,,,,,,,,,,,,,COMPLETE
235,235,0.29699666295884314,2025-01-01 11:31:36.216876,2025-01-01 11:31:39.263755,0 days 00:00:03.046879,1,105,,,,,,,,,,,,,,,,,,,,6,,,,,,,,,,,,,,,,,,,,COMPLETE
236,236,0.44324324324324327,2025-01-01 11:31:39.264115,2025-01-01 11:31:43.605233,0 days 00:00:04.341118,1,100,,,,,,,,,,,,,,,,,,,,6,,,,,,,,,,,,,,,,,,,,COMPLETE
237,237,0.38235294117647056,2025-01-01 11:31:43.605656,2025-01-01 11:31:48.411587,0 days 00:00:04.805931,1,95,,,,,,,,,,,,,,,,,,,,6,,,,,,,,,,,,,,,,,,,,COMPLETE
238,238,0.650733752620545,2025-01-01 11:31:48.411973,2025-01-01 11:31:52.607345,0 days 00:00:04.195372,1,95,,,,,,,,,,,,,,,,,,,,6,,,,,,,,,,,,,,,,,,,,COMPLETE
239,239,0.6013888888888889,2025-01-01 11:31:52.607727,2025-01-01 11:31:56.436736,0 days 00:00:03.829009,2,190,180.0,,,,,,,,,,,,,,,,,,,6,3.0,,,,,,,,,,,,,,,,,,,COMPLETE
240,240,0.6668614845119814,2025-01-01 11:31:56.437281,2025-01-01 11:32:01.220566,0 days 00:00:04.783285,1,85,,,,,,,,,,,,,,,,,,,,6,,,,,,,,,,,,,,,,,,,,COMPLETE
241,241,0.4594594594594595,2025-01-01 11:32:01.220950,2025-01-01 11:32:05.295829,0 days 00:00:04.074879,1,85,,,,,,,,,,,,,,,,,,,,6,,,,,,,,,,,,,,,,,,,,COMPLETE
242,242,0.6723057644110275,2025-01-01 11:32:05.296206,2025-01-01 11:32:09.784818,0 days 00:00:04.488612,1,90,,,,,,,,,,,,,,,,,,,,6,,,,,,,,,,,,,,,,,,,,COMPLETE
243,243,0.5755591925804692,2025-01-01 11:32:09.785218,2025-01-01 11:32:13.862815,0 days 00:00:04.077597,1,90,,,,,,,,,,,,,,,,,,,,6,,,,,,,,,,,,,,,,,,,,COMPLETE
244,244,0.4987468671679198,2025-01-01 11:32:13.863211,2025-01-01 11:32:18.121174,0 days 00:00:04.257963,1,85,,,,,,,,,,,,,,,,,,,,6,,,,,,,,,,,,,,,,,,,,COMPLETE
245,245,0.6362433862433863,2025-01-01 11:32:18.121566,2025-01-01 11:32:21.996714,0 days 00:00:03.875148,1,90,,,,,,,,,,,,,,,,,,,,6,,,,,,,,,,,,,,,,,,,,COMPLETE
246,246,0.40540540540540543,2025-01-01 11:32:21.997097,2025-01-01 11:32:25.398509,0 days 00:00:03.401412,1,200,,,,,,,,,,,,,,,,,,,,3,,,,,,,,,,,,,,,,,,,,COMPLETE
247,247,0.6234967622571693,2025-01-01 11:32:25.398899,2025-01-01 11:32:29.018572,0 days 00:00:03.619673,2,85,5.0,,,,,,,,,,,,,,,,,,,6,3.0,,,,,,,,,,,,,,,,,,,COMPLETE
248,248,0.6356589147286822,2025-01-01 11:32:29.018964,2025-01-01 11:32:33.570172,0 days 00:00:04.551208,1,90,,,,,,,,,,,,,,,,,,,,6,,,,,,,,,,,,,,,,,,,,COMPLETE
249,249,0.5788497217068646,2025-01-01 11:32:33.570570,2025-01-01 11:32:37.005726,0 days 00:00:03.435156,2,195,145.0,,,,,,,,,,,,,,,,,,,6,3.0,,,,,,,,,,,,,,,,,,,COMPLETE
250,250,0.6515151515151515,2025-01-01 11:32:37.006154,2025-01-01 11:32:40.412735,0 days 00:00:03.406581,2,75,90.0,,,,,,,,,,,,,,,,,,,6,3.0,,,,,,,,,,,,,,,,,,,COMPLETE
251,251,0.6260162601626016,2025-01-01 11:32:40.413134,2025-01-01 11:32:45.128963,0 days 00:00:04.715829,1,190,,,,,,,,,,,,,,,,,,,,6,,,,,,,,,,,,,,,,,,,,COMPLETE
252,252,0.5182724252491694,2025-01-01 11:32:45.129355,2025-01-01 11:32:49.125631,0 days 00:00:03.996276,2,45,180.0,,,,,,,,,,,,,,,,,,,6,3.0,,,,,,,,,,,,,,,,,,,COMPLETE
253,253,0.3773109243697479,2025-01-01 11:32:49.126032,2025-01-01 11:32:52.461329,0 days 00:00:03.335297,1,70,,,,,,,,,,,,,,,,,,,,6,,,,,,,,,,,,,,,,,,,,COMPLETE
254,254,0.551594746716698,2025-01-01 11:32:52.461865,2025-01-01 11:32:56.285742,0 days 00:00:03.823877,2,95,195.0,,,,,,,,,,,,,,,,,,,6,3.0,,,,,,,,,,,,,,,,,,,COMPLETE
255,255,0.543956043956044,2025-01-01 11:32:56.286153,2025-01-01 11:33:00.810413,0 days 00:00:04.524260,1,80,,,,,,,,,,,,,,,,,,,,6,,,,,,,,,,,,,,,,,,,,COMPLETE
256,256,0.6015769944341374,2025-01-01 11:33:00.810815,2025-01-01 11:33:04.298302,0 days 00:00:03.487487,2,55,185.0,,,,,,,,,,,,,,,,,,,6,3.0,,,,,,,,,,,,,,,,,,,COMPLETE
257,257,0.6723872950819672,2025-01-01 11:33:04.298702,2025-01-01 11:33:08.455099,0 days 00:00:04.156397,1,35,,,,,,,,,,,,,,,,,,,,6,,,,,,,,,,,,,,,,,,,,COMPLETE
258,258,0.5695394436844505,2025-01-01 11:33:08.455512,2025-01-01 11:33:12.202198,0 days 00:00:03.746686,1,195,,,,,,,,,,,,,,,,,,,,6,,,,,,,,,,,,,,,,,,,,COMPLETE
259,259,0.29094827586206895,2025-01-01 11:33:12.202593,2025-01-01 11:33:16.697823,0 days 00:00:04.495230,1,25,,,,,,,,,,,,,,,,,,,,6,,,,,,,,,,,,,,,,,,,,COMPLETE
260,260,0.5873460246360582,2025-01-01 11:33:16.698214,2025-01-01 11:33:20.580923,0 days 00:00:03.882709,1,90,,,,,,,,,,,,,,,,,,,,6,,,,,,,,,,,,,,,,,,,,COMPLETE
261,261,0.3208333333333333,2025-01-01 11:33:20.581300,2025-01-01 11:33:24.481933,0 days 00:00:03.900633,1,85,,,,,,,,,,,,,,,,,,,,6,,,,,,,,,,,,,,,,,,,,COMPLETE
262,262,0.5851922164214522,2025-01-01 11:33:24.482313,2025-01-01 11:33:28.522121,0 days 00:00:04.039808,2,200,195.0,,,,,,,,,,,,,,,,,,,6,3.0,,,,,,,,,,,,,,,,,,,COMPLETE
263,263,0.3155694879832811,2025-01-01 11:33:28.522526,2025-01-01 11:33:33.067497,0 days 00:00:04.544971,1,190,,,,,,,,,,,,,,,,,,,,6,,,,,,,,,,,,,,,,,,,,COMPLETE
264,264,0.6154545454545455,2025-01-01 11:33:33.067888,2025-01-01 11:33:37.122371,0 days 00:00:04.054483,2,95,125.0,,,,,,,,,,,,,,,,,,,6,6.0,,,,,,,,,,,,,,,,,,,COMPLETE
265,265,0.4871456822676335,2025-01-01 11:33:37.122818,2025-01-01 11:33:40.775948,0 days 00:00:03.653130,1,80,,,,,,,,,,,,,,,,,,,,6,,,,,,,,,,,,,,,,,,,,COMPLETE
266,266,0.0,2025-01-01 11:33:40.776335,2025-01-01 11:33:47.557021,0 days 00:00:06.780686,14,90,170.0,105.0,170.0,145.0,155.0,,,,,,,180.0,55.0,75.0,110.0,195.0,5.0,175.0,30.0,6,3.0,5.0,2.0,3.0,5.0,,,,,,,4.0,5.0,4.0,4.0,4.0,6.0,3.0,6.0,COMPLETE
267,267,0.0,2025-01-01 11:33:47.557656,2025-01-01 11:33:53.599710,0 days 00:00:06.042054,10,35,175.0,,,,,,,,,,,195.0,30.0,110.0,60.0,95.0,75.0,125.0,80.0,6,5.0,,,,,,,,,,,2.0,6.0,4.0,6.0,5.0,2.0,5.0,2.0,COMPLETE
268,268,0.7095282146160962,2025-01-01 11:33:53.600464,2025-01-01 11:33:56.650316,0 days 00:00:03.049852,2,170,185.0,,,,,,,,,,,,,,,,,,,6,3.0,,,,,,,,,,,,,,,,,,,COMPLETE
269,269,0.6083333333333334,2025-01-01 11:33:56.650721,2025-01-01 11:34:00.389589,0 days 00:00:03.738868,2,170,175.0,,,,,,,,,,,,,,,,,,,6,3.0,,,,,,,,,,,,,,,,,,,COMPLETE
270,270,0.6493278784336645,2025-01-01 11:34:00.390018,2025-01-01 11:34:04.733407,0 days 00:00:04.343389,1,170,,,,,,,,,,,,,,,,,,,,6,,,,,,,,,,,,,,,,,,,,COMPLETE
271,271,0.3800865800865801,2025-01-01 11:34:04.733807,2025-01-01 11:34:09.747576,0 days 00:00:05.013769,1,175,,,,,,,,,,,,,,,,,,,,6,,,,,,,,,,,,,,,,,,,,COMPLETE
272,272,0.559204440333025,2025-01-01 11:34:09.748002,2025-01-01 11:34:13.461713,0 days 00:00:03.713711,2,180,190.0,,,,,,,,,,,,,,,,,,,6,3.0,,,,,,,,,,,,,,,,,,,COMPLETE
273,273,0.0,2025-01-01 11:34:13.462121,2025-01-01 11:34:17.465070,0 days 00:00:04.002949,8,165,200.0,,,,,,,,,,,165.0,140.0,185.0,10.0,65.0,150.0,,,6,3.0,,,,,,,,,,,2.0,4.0,2.0,3.0,4.0,3.0,,,COMPLETE
274,274,0.0,2025-01-01 11:34:17.465619,2025-01-01 11:34:19.947970,0 days 00:00:02.482351,3,60,180.0,,,,,,,,,,,95.0,,,,,,,,6,3.0,,,,,,,,,,,4.0,,,,,,,,COMPLETE
275,275,0.5051480051480052,2025-01-01 11:34:19.948389,2025-01-01 11:34:24.023779,0 days 00:00:04.075390,1,175,,,,,,,,,,,,,,,,,,,,6,,,,,,,,,,,,,,,,,,,,COMPLETE
276,276,0.6168478260869565,2025-01-01 11:34:24.024159,2025-01-01 11:34:28.441873,0 days 00:00:04.417714,2,75,185.0,,,,,,,,,,,,,,,,,,,6,3.0,,,,,,,,,,,,,,,,,,,COMPLETE
277,277,0.6168478260869565,2025-01-01 11:34:28.442280,2025-01-01 11:34:32.237286,0 days 00:00:03.795006,2,85,140.0,,,,,,,,,,,,,,,,,,,6,3.0,,,,,,,,,,,,,,,,,,,COMPLETE
278,278,0.5,2025-01-01 11:34:32.237720,2025-01-01 11:34:36.148397,0 days 00:00:03.910677,1,95,,,,,,,,,,,,,,,,,,,,6,,,,,,,,,,,,,,,,,,,,COMPLETE
279,279,0.6356589147286822,2025-01-01 11:34:36.148786,2025-01-01 11:34:40.104265,0 days 00:00:03.955479,2,80,185.0,,,,,,,,,,,,,,,,,,,6,3.0,,,,,,,,,,,,,,,,,,,COMPLETE
280,280,0.0,2025-01-01 11:34:40.104682,2025-01-01 11:34:42.433073,0 days 00:00:02.328391,3,180,155.0,,,,,,,,,,,140.0,,,,,,,,6,3.0,,,,,,,,,,,4.0,,,,,,,,COMPLETE
281,281,0.6013888888888889,2025-01-01 11:34:42.433529,2025-01-01 11:34:46.541639,0 days 00:00:04.108110,2,90,170.0,,,,,,,,,,,,,,,,,,,6,3.0,,,,,,,,,,,,,,,,,,,COMPLETE
282,282,0.6655813953488372,2025-01-01 11:34:46.542058,2025-01-01 11:34:50.892348,0 days 00:00:04.350290,1,75,,,,,,,,,,,,,,,,,,,,6,,,,,,,,,,,,,,,,,,,,COMPLETE
283,283,0.4065656565656566,2025-01-01 11:34:50.892735,2025-01-01 11:34:55.332771,0 days 00:00:04.440036,1,70,,,,,,,,,,,,,,,,,,,,6,,,,,,,,,,,,,,,,,,,,COMPLETE
284,284,0.6190476190476191,2025-01-01 11:34:55.333161,2025-01-01 11:34:59.448496,0 days 00:00:04.115335,2,75,115.0,,,,,,,,,,,,,,,,,,,6,3.0,,,,,,,,,,,,,,,,,,,COMPLETE
285,285,0.552046783625731,2025-01-01 11:34:59.449045,2025-01-01 11:35:04.131724,0 days 00:00:04.682679,1,65,,,,,,,,,,,,,,,,,,,,6,,,,,,,,,,,,,,,,,,,,COMPLETE
286,286,0.6302600472813239,2025-01-01 11:35:04.132129,2025-01-01 11:35:07.330672,0 days 00:00:03.198543,2,80,160.0,,,,,,,,,,,,,,,,,,,6,3.0,,,,,,,,,,,,,,,,,,,COMPLETE
287,287,0.6012002182214948,2025-01-01 11:35:07.331082,2025-01-01 11:35:11.521950,0 days 00:00:04.190868,1,75,,,,,,,,,,,,,,,,,,,,6,,,,,,,,,,,,,,,,,,,,COMPLETE
288,288,0.6356589147286822,2025-01-01 11:35:11.522344,2025-01-01 11:35:16.270885,0 days 00:00:04.748541,2,85,75.0,,,,,,,,,,,,,,,,,,,6,3.0,,,,,,,,,,,,,,,,,,,COMPLETE
289,289,0.6755637367694431,2025-01-01 11:35:16.271295,2025-01-01 11:35:20.569267,0 days 00:00:04.297972,3,70,145.0,,,,,,,,,,,190.0,,,,,,,,6,3.0,,,,,,,,,,,2.0,,,,,,,,COMPLETE
290,290,0.6323055683387022,2025-01-01 11:35:20.569710,2025-01-01 11:35:25.388041,0 days 00:00:04.818331,3,70,135.0,,,,,,,,,,,185.0,,,,,,,,6,3.0,,,,,,,,,,,2.0,,,,,,,,COMPLETE
291,291,0.0,2025-01-01 11:35:25.388512,2025-01-01 11:35:27.355042,0 days 00:00:01.966530,3,75,110.0,,,,,,,,,,,175.0,,,,,,,,6,3.0,,,,,,,,,,,2.0,,,,,,,,COMPLETE
292,292,0.0,2025-01-01 11:35:27.355459,2025-01-01 11:35:29.185549,0 days 00:00:01.830090,3,65,165.0,,,,,,,,,,,190.0,,,,,,,,6,3.0,,,,,,,,,,,2.0,,,,,,,,COMPLETE
293,293,0.570754716981132,2025-01-01 11:35:29.185964,2025-01-01 11:35:35.261105,0 days 00:00:06.075141,3,80,145.0,,,,,,,,,,,200.0,,,,,,,,6,3.0,,,,,,,,,,,3.0,,,,,,,,COMPLETE
294,294,0.6086956521739131,2025-01-01 11:35:35.261557,2025-01-01 11:35:38.925191,0 days 00:00:03.663634,2,70,165.0,,,,,,,,,,,,,,,,,,,6,3.0,,,,,,,,,,,,,,,,,,,COMPLETE
295,295,0.614975845410628,2025-01-01 11:35:38.925612,2025-01-01 11:35:42.718406,0 days 00:00:03.792794,2,85,170.0,,,,,,,,,,,,,,,,,,,6,3.0,,,,,,,,,,,,,,,,,,,COMPLETE
296,296,0.0,2025-01-01 11:35:42.718823,2025-01-01 11:35:44.562529,0 days 00:00:01.843706,3,60,175.0,,,,,,,,,,,175.0,,,,,,,,6,3.0,,,,,,,,,,,2.0,,,,,,,,COMPLETE
297,297,0.0,2025-01-01 11:35:44.562963,2025-01-01 11:35:47.117422,0 days 00:00:02.554459,4,100,125.0,,,,,,,,,,,190.0,10.0,,,,,,,6,3.0,,,,,,,,,,,3.0,5.0,,,,,,,COMPLETE
298,298,0.5358139534883721,2025-01-01 11:35:47.117903,2025-01-01 11:35:51.139888,0 days 00:00:04.021985,2,15,160.0,,,,,,,,,,,,,,,,,,,6,3.0,,,,,,,,,,,,,,,,,,,COMPLETE
299,299,0.6802721088435374,2025-01-01 11:35:51.140304,2025-01-01 11:35:55.132279,0 days 00:00:03.991975,3,75,150.0,,,,,,,,,,,155.0,,,,,,,,6,3.0,,,,,,,,,,,2.0,,,,,,,,COMPLETE
300,300,0.5820181731229077,2025-01-01 11:35:55.132723,2025-01-01 11:35:58.826080,0 days 00:00:03.693357,3,75,145.0,,,,,,,,,,,165.0,,,,,,,,6,3.0,,,,,,,,,,,2.0,,,,,,,,COMPLETE
301,301,0.0,2025-01-01 11:35:58.826514,2025-01-01 11:36:00.646315,0 days 00:00:01.819801,3,70,140.0,,,,,,,,,,,155.0,,,,,,,,6,3.0,,,,,,,,,,,2.0,,,,,,,,COMPLETE
302,302,0.0,2025-01-01 11:36:00.646736,2025-01-01 11:36:07.136118,0 days 00:00:06.489382,12,30,150.0,170.0,85.0,,,,,,,,,145.0,90.0,45.0,130.0,15.0,170.0,80.0,120.0,5,3.0,6.0,4.0,,,,,,,,,2.0,2.0,5.0,4.0,6.0,6.0,4.0,4.0,COMPLETE
303,303,0.0,2025-01-01 11:36:07.136894,2025-01-01 11:36:09.282503,0 days 00:00:02.145609,4,50,130.0,,,,,,,,,,,170.0,150.0,,,,,,,6,3.0,,,,,,,,,,,2.0,3.0,,,,,,,COMPLETE
304,304,0.0,2025-01-01 11:36:09.282955,2025-01-01 11:36:11.020599,0 days 00:00:01.737644,3,75,155.0,,,,,,,,,,,155.0,,,,,,,,6,3.0,,,,,,,,,,,2.0,,,,,,,,COMPLETE
305,305,0.5390189520624302,2025-01-01 11:36:11.021001,2025-01-01 11:36:15.443042,0 days 00:00:04.422041,1,80,,,,,,,,,,,,,,,,,,,,6,,,,,,,,,,,,,,,,,,,,COMPLETE
306,306,0.0,2025-01-01 11:36:15.443433,2025-01-01 11:36:20.229336,0 days 00:00:04.785903,7,200,155.0,,,,,,,,,,,185.0,70.0,80.0,105.0,195.0,,,,6,3.0,,,,,,,,,,,3.0,5.0,6.0,6.0,4.0,,,,COMPLETE
307,307,0.45151033386327505,2025-01-01 11:36:20.229903,2025-01-01 11:36:24.064884,0 days 00:00:03.834981,1,85,,,,,,,,,,,,,,,,,,,,6,,,,,,,,,,,,,,,,,,,,COMPLETE
308,308,0.6356589147286822,2025-01-01 11:36:24.065297,2025-01-01 11:36:27.510236,0 days 00:00:03.444939,2,80,195.0,,,,,,,,,,,,,,,,,,,6,3.0,,,,,,,,,,,,,,,,,,,COMPLETE
309,309,0.6655813953488372,2025-01-01 11:36:27.510664,2025-01-01 11:36:30.949427,0 days 00:00:03.438763,2,65,180.0,,,,,,,,,,,,,,,,,,,6,3.0,,,,,,,,,,,,,,,,,,,COMPLETE
310,310,0.5927952576379389,2025-01-01 11:36:30.949847,2025-01-01 11:36:35.386637,0 days 00:00:04.436790,1,70,,,,,,,,,,,,,,,,,,,,6,,,,,,,,,,,,,,,,,,,,COMPLETE
311,311,0.0,2025-01-01 11:36:35.387038,2025-01-01 11:36:38.365673,0 days 00:00:02.978635,5,35,160.0,,,,,,,,,,,120.0,50.0,160.0,,,,,,6,4.0,,,,,,,,,,,2.0,6.0,2.0,,,,,,COMPLETE
312,312,0.7213862289101687,2025-01-01 11:36:38.366157,2025-01-01 11:36:42.242128,0 days 00:00:03.875971,3,160,185.0,,,,,,,,,,,160.0,,,,,,,,6,3.0,,,,,,,,,,,3.0,,,,,,,,COMPLETE
313,313,0.0,2025-01-01 11:36:42.242576,2025-01-01 11:36:44.522762,0 days 00:00:02.280186,4,155,190.0,,,,,,,,,,,140.0,190.0,,,,,,,6,3.0,,,,,,,,,,,3.0,3.0,,,,,,,COMPLETE
314,314,0.0,2025-01-01 11:36:44.523240,2025-01-01 11:36:46.675953,0 days 00:00:02.152713,3,160,185.0,,,,,,,,,,,195.0,,,,,,,,6,3.0,,,,,,,,,,,3.0,,,,,,,,COMPLETE
315,315,0.0,2025-01-01 11:36:46.676380,2025-01-01 11:36:48.808669,0 days 00:00:02.132289,3,200,175.0,,,,,,,,,,,160.0,,,,,,,,5,3.0,,,,,,,,,,,3.0,,,,,,,,COMPLETE
316,316,0.0,2025-01-01 11:36:48.809099,2025-01-01 11:36:58.281813,0 days 00:00:09.472714,19,160,185.0,5.0,30.0,5.0,50.0,160.0,65.0,5.0,200.0,195.0,,150.0,80.0,65.0,25.0,135.0,180.0,30.0,85.0,6,3.0,2.0,3.0,4.0,3.0,3.0,4.0,2.0,2.0,6.0,,3.0,4.0,3.0,5.0,2.0,5.0,6.0,5.0,COMPLETE
317,317,0.0,2025-01-01 11:36:58.282697,2025-01-01 11:36:59.983175,0 days 00:00:01.700478,3,165,180.0,,,,,,,,,,,165.0,,,,,,,,6,3.0,,,,,,,,,,,2.0,,,,,,,,COMPLETE
318,318,0.0,2025-01-01 11:36:59.983657,2025-01-01 11:37:02.055143,0 days 00:00:02.071486,3,195,170.0,,,,,,,,,,,180.0,,,,,,,,3,3.0,,,,,,,,,,,3.0,,,,,,,,COMPLETE
319,319,0.0,2025-01-01 11:37:02.055587,2025-01-01 11:37:04.016296,0 days 00:00:01.960709,4,90,150.0,,,,,,,,,,,130.0,105.0,,,,,,,6,3.0,,,,,,,,,,,2.0,2.0,,,,,,,COMPLETE
320,320,0.5643939393939394,2025-01-01 11:37:04.016757,2025-01-01 11:37:07.827881,0 days 00:00:03.811124,2,155,165.0,,,,,,,,,,,,,,,,,,,6,3.0,,,,,,,,,,,,,,,,,,,COMPLETE
321,321,0.0,2025-01-01 11:37:07.828295,2025-01-01 11:37:10.876339,0 days 00:00:03.048044,3,85,175.0,,,,,,,,,,,175.0,,,,,,,,6,3.0,,,,,,,,,,,3.0,,,,,,,,COMPLETE
322,322,0.6219851576994434,2025-01-01 11:37:10.876779,2025-01-01 11:37:15.291402,0 days 00:00:04.414623,2,45,120.0,,,,,,,,,,,,,,,,,,,6,3.0,,,,,,,,,,,,,,,,,,,COMPLETE
323,323,0.5804810360777057,2025-01-01 11:37:15.291980,2025-01-01 11:37:19.322089,0 days 00:00:04.030109,2,95,170.0,,,,,,,,,,,,,,,,,,,6,3.0,,,,,,,,,,,,,,,,,,,COMPLETE
324,324,0.0,2025-01-01 11:37:19.322519,2025-01-01 11:37:28.135486,0 days 00:00:08.812967,16,105,160.0,80.0,125.0,70.0,155.0,80.0,160.0,,,,,170.0,180.0,90.0,85.0,45.0,140.0,165.0,35.0,6,5.0,4.0,5.0,6.0,2.0,3.0,3.0,,,,,2.0,4.0,5.0,2.0,5.0,6.0,2.0,3.0,COMPLETE
325,325,0.0,2025-01-01 11:37:28.136255,2025-01-01 11:37:33.747672,0 days 00:00:05.611417,11,185,190.0,125.0,,,,,,,,,,135.0,160.0,20.0,190.0,165.0,40.0,45.0,160.0,6,3.0,3.0,,,,,,,,,,3.0,5.0,4.0,6.0,6.0,2.0,5.0,2.0,COMPLETE
326,326,0.6518518518518519,2025-01-01 11:37:33.748323,2025-01-01 11:37:38.177220,0 days 00:00:04.428897,2,165,180.0,,,,,,,,,,,,,,,,,,,6,3.0,,,,,,,,,,,,,,,,,,,COMPLETE
327,327,0.6581818181818182,2025-01-01 11:37:38.177653,2025-01-01 11:37:43.787289,0 days 00:00:05.609636,3,80,185.0,,,,,,,,,,,160.0,,,,,,,,2,3.0,,,,,,,,,,,3.0,,,,,,,,COMPLETE
328,328,0.0,2025-01-01 11:37:43.787766,2025-01-01 11:37:46.026150,0 days 00:00:02.238384,4,10,165.0,,,,,,,,,,,155.0,35.0,,,,,,,6,3.0,,,,,,,,,,,4.0,2.0,,,,,,,COMPLETE
329,329,0.5927952576379389,2025-01-01 11:37:46.026606,2025-01-01 11:37:49.529162,0 days 00:00:03.502556,2,55,105.0,,,,,,,,,,,,,,,,,,,6,3.0,,,,,,,,,,,,,,,,,,,COMPLETE
330,330,0.4968641114982578,2025-01-01 11:37:49.529597,2025-01-01 11:37:54.106515,0 days 00:00:04.576918,1,195,,,,,,,,,,,,,,,,,,,,6,,,,,,,,,,,,,,,,,,,,COMPLETE
331,331,0.6190476190476191,2025-01-01 11:37:54.106921,2025-01-01 11:37:57.821595,0 days 00:00:03.714674,2,95,195.0,,,,,,,,,,,,,,,,,,,6,3.0,,,,,,,,,,,,,,,,,,,COMPLETE
332,332,0.5308139534883721,2025-01-01 11:37:57.822024,2025-01-01 11:38:01.144746,0 days 00:00:03.322722,1,25,,,,,,,,,,,,,,,,,,,,6,,,,,,,,,,,,,,,,,,,,COMPLETE
333,333,0.0,2025-01-01 11:38:01.145147,2025-01-01 11:38:02.993315,0 days 00:00:01.848168,3,100,150.0,,,,,,,,,,,185.0,,,,,,,,6,3.0,,,,,,,,,,,2.0,,,,,,,,COMPLETE
334,334,0.6785225718194254,2025-01-01 11:38:02.993755,2025-01-01 11:38:07.492595,0 days 00:00:04.498840,2,90,20.0,,,,,,,,,,,,,,,,,,,6,3.0,,,,,,,,,,,,,,,,,,,COMPLETE
335,335,0.5804810360777057,2025-01-01 11:38:07.493024,2025-01-01 11:38:11.494766,0 days 00:00:04.001742,2,90,20.0,,,,,,,,,,,,,,,,,,,6,3.0,,,,,,,,,,,,,,,,,,,COMPLETE
336,336,0.6356589147286822,2025-01-01 11:38:11.495217,2025-01-01 11:38:15.211452,0 days 00:00:03.716235,1,85,,,,,,,,,,,,,,,,,,,,6,,,,,,,,,,,,,,,,,,,,COMPLETE
337,337,0.5990697674418605,2025-01-01 11:38:15.211863,2025-01-01 11:38:18.720534,0 days 00:00:03.508671,2,90,10.0,,,,,,,,,,,,,,,,,,,6,3.0,,,,,,,,,,,,,,,,,,,COMPLETE
338,338,0.6168478260869565,2025-01-01 11:38:18.720963,2025-01-01 11:38:22.312207,0 days 00:00:03.591244,3,95,30.0,,,,,,,,,,,145.0,,,,,,,,6,3.0,,,,,,,,,,,3.0,,,,,,,,COMPLETE
339,339,0.47401247401247404,2025-01-01 11:38:22.312656,2025-01-01 11:38:27.004645,0 days 00:00:04.691989,1,80,,,,,,,,,,,,,,,,,,,,6,,,,,,,,,,,,,,,,,,,,COMPLETE
340,340,0.0,2025-01-01 11:38:27.005191,2025-01-01 11:38:30.516136,0 days 00:00:03.510945,6,110,20.0,,,,,,,,,,,140.0,95.0,35.0,160.0,,,,,6,3.0,,,,,,,,,,,2.0,6.0,3.0,3.0,,,,,COMPLETE
341,341,0.5927952576379389,2025-01-01 11:38:30.516657,2025-01-01 11:38:34.471873,0 days 00:00:03.955216,2,85,175.0,,,,,,,,,,,,,,,,,,,6,3.0,,,,,,,,,,,,,,,,,,,COMPLETE
342,342,0.5488721804511278,2025-01-01 11:38:34.472298,2025-01-01 11:38:38.731348,0 days 00:00:04.259050,1,200,,,,,,,,,,,,,,,,,,,,6,,,,,,,,,,,,,,,,,,,,COMPLETE
343,343,0.6987179487179487,2025-01-01 11:38:38.731772,2025-01-01 11:38:41.550003,0 days 00:00:02.818231,2,190,25.0,,,,,,,,,,,,,,,,,,,6,3.0,,,,,,,,,,,,,,,,,,,COMPLETE
344,344,0.5654846335697399,2025-01-01 11:38:41.550419,2025-01-01 11:38:46.486662,0 days 00:00:04.936243,3,190,35.0,,,,,,,,,,,130.0,,,,,,,,6,3.0,,,,,,,,,,,3.0,,,,,,,,COMPLETE
345,345,0.0,2025-01-01 11:38:46.487131,2025-01-01 11:38:48.874101,0 days 00:00:02.386970,4,190,20.0,,,,,,,,,,,150.0,45.0,,,,,,,6,3.0,,,,,,,,,,,4.0,3.0,,,,,,,COMPLETE
346,346,0.6083333333333334,2025-01-01 11:38:48.874567,2025-01-01 11:38:53.181682,0 days 00:00:04.307115,2,195,25.0,,,,,,,,,,,,,,,,,,,6,4.0,,,,,,,,,,,,,,,,,,,COMPLETE
347,347,0.5064102564102564,2025-01-01 11:38:53.182114,2025-01-01 11:38:57.834658,0 days 00:00:04.652544,1,185,,,,,,,,,,,,,,,,,,,,6,,,,,,,,,,,,,,,,,,,,COMPLETE
348,348,0.6168478260869565,2025-01-01 11:38:57.835052,2025-01-01 11:39:01.612569,0 days 00:00:03.777517,3,195,15.0,,,,,,,,,,,165.0,,,,,,,,6,3.0,,,,,,,,,,,2.0,,,,,,,,COMPLETE
349,349,0.513157894736842,2025-01-01 11:39:01.613019,2025-01-01 11:39:06.274512,0 days 00:00:04.661493,1,185,,,,,,,,,,,,,,,,,,,,6,,,,,,,,,,,,,,,,,,,,COMPLETE
350,350,0.6518518518518519,2025-01-01 11:39:06.274918,2025-01-01 11:39:09.915175,0 days 00:00:03.640257,2,200,15.0,,,,,,,,,,,,,,,,,,,6,3.0,,,,,,,,,,,,,,,,,,,COMPLETE
351,351,0.4944495837187789,2025-01-01 11:39:09.915613,2025-01-01 11:39:13.729801,0 days 00:00:03.814188,2,40,135.0,,,,,,,,,,,,,,,,,,,6,3.0,,,,,,,,,,,,,,,,,,,COMPLETE
352,352,0.4722222222222222,2025-01-01 11:39:13.730240,2025-01-01 11:39:17.695005,0 days 00:00:03.964765,1,190,,,,,,,,,,,,,,,,,,,,6,,,,,,,,,,,,,,,,,,,,COMPLETE
353,353,0.7097222222222223,2025-01-01 11:39:17.695442,2025-01-01 11:39:21.458394,0 days 00:00:03.762952,2,20,25.0,,,,,,,,,,,,,,,,,,,6,3.0,,,,,,,,,,,,,,,,,,,COMPLETE
354,354,0.5871212121212122,2025-01-01 11:39:21.458836,2025-01-01 11:39:25.510800,0 days 00:00:04.051964,3,200,25.0,,,,,,,,,,,110.0,,,,,,,,6,3.0,,,,,,,,,,,3.0,,,,,,,,COMPLETE
355,355,0.4327485380116959,2025-01-01 11:39:25.511237,2025-01-01 11:39:28.957749,0 days 00:00:03.446512,1,100,,,,,,,,,,,,,,,,,,,,6,,,,,,,,,,,,,,,,,,,,COMPLETE
356,356,0.5950113378684807,2025-01-01 11:39:28.958166,2025-01-01 11:39:32.657337,0 days 00:00:03.699171,2,5,25.0,,,,,,,,,,,,,,,,,,,6,3.0,,,,,,,,,,,,,,,,,,,COMPLETE
357,357,0.5819444444444444,2025-01-01 11:39:32.657926,2025-01-01 11:39:36.558039,0 days 00:00:03.900113,1,15,,,,,,,,,,,,,,,,,,,,6,,,,,,,,,,,,,,,,,,,,COMPLETE
358,358,0.4944495837187789,2025-01-01 11:39:36.558429,2025-01-01 11:39:40.225311,0 days 00:00:03.666882,2,15,30.0,,,,,,,,,,,,,,,,,,,6,3.0,,,,,,,,,,,,,,,,,,,COMPLETE
359,359,0.6725201708590414,2025-01-01 11:39:40.225752,2025-01-01 11:39:44.396720,0 days 00:00:04.170968,2,75,10.0,,,,,,,,,,,,,,,,,,,6,3.0,,,,,,,,,,,,,,,,,,,COMPLETE
360,360,0.6556776556776557,2025-01-01 11:39:44.397156,2025-01-01 11:39:49.027682,0 days 00:00:04.630526,3,70,10.0,,,,,,,,,,,200.0,,,,,,,,6,3.0,,,,,,,,,,,2.0,,,,,,,,COMPLETE
361,361,0.5374653098982424,2025-01-01 11:39:49.028159,2025-01-01 11:39:52.358732,0 days 00:00:03.330573,2,20,5.0,,,,,,,,,,,,,,,,,,,6,3.0,,,,,,,,,,,,,,,,,,,COMPLETE
362,362,0.6126373626373627,2025-01-01 11:39:52.359157,2025-01-01 11:39:56.765216,0 days 00:00:04.406059,2,30,15.0,,,,,,,,,,,,,,,,,,,6,3.0,,,,,,,,,,,,,,,,,,,COMPLETE
363,363,0.543560606060606,2025-01-01 11:39:56.765660,2025-01-01 11:40:01.539921,0 days 00:00:04.774261,3,10,35.0,,,,,,,,,,,190.0,,,,,,,,6,3.0,,,,,,,,,,,4.0,,,,,,,,COMPLETE
364,364,0.6190476190476191,2025-01-01 11:40:01.540381,2025-01-01 11:40:05.934683,0 days 00:00:04.394302,3,20,10.0,,,,,,,,,,,120.0,,,,,,,,6,3.0,,,,,,,,,,,3.0,,,,,,,,COMPLETE
365,365,0.5890473999079613,2025-01-01 11:40:05.935137,2025-01-01 11:40:09.411186,0 days 00:00:03.476049,2,75,20.0,,,,,,,,,,,,,,,,,,,6,3.0,,,,,,,,,,,,,,,,,,,COMPLETE
366,366,0.5771649733913884,2025-01-01 11:40:09.411621,2025-01-01 11:40:12.544277,0 days 00:00:03.132656,2,70,30.0,,,,,,,,,,,,,,,,,,,6,3.0,,,,,,,,,,,,,,,,,,,COMPLETE
367,367,0.5643939393939394,2025-01-01 11:40:12.544713,2025-01-01 11:40:16.572435,0 days 00:00:04.027722,3,60,15.0,,,,,,,,,,,175.0,,,,,,,,6,3.0,,,,,,,,,,,2.0,,,,,,,,COMPLETE
368,368,0.0,2025-01-01 11:40:16.572874,2025-01-01 11:40:19.314035,0 days 00:00:02.741161,4,75,25.0,,,,,,,,,,,160.0,110.0,,,,,,,6,3.0,,,,,,,,,,,3.0,6.0,,,,,,,COMPLETE
369,369,0.55,2025-01-01 11:40:19.314518,2025-01-01 11:40:23.317489,0 days 00:00:04.002971,2,65,10.0,,,,,,,,,,,,,,,,,,,6,3.0,,,,,,,,,,,,,,,,,,,COMPLETE
370,370,0.5398601398601399,2025-01-01 11:40:23.317940,2025-01-01 11:40:26.793588,0 days 00:00:03.475648,2,10,95.0,,,,,,,,,,,,,,,,,,,6,3.0,,,,,,,,,,,,,,,,,,,COMPLETE
371,371,0.5357142857142857,2025-01-01 11:40:26.794023,2025-01-01 11:40:33.025436,0 days 00:00:06.231413,3,195,5.0,,,,,,,,,,,180.0,,,,,,,,6,3.0,,,,,,,,,,,2.0,,,,,,,,COMPLETE
372,372,0.5422276621787026,2025-01-01 11:40:33.025910,2025-01-01 11:40:37.501276,0 days 00:00:04.475366,1,35,,,,,,,,,,,,,,,,,,,,6,,,,,,,,,,,,,,,,,,,,COMPLETE
373,373,0.6223255813953488,2025-01-01 11:40:37.501856,2025-01-01 11:40:41.191083,0 days 00:00:03.689227,2,25,20.0,,,,,,,,,,,,,,,,,,,6,3.0,,,,,,,,,,,,,,,,,,,COMPLETE
374,374,0.0,2025-01-01 11:40:41.191519,2025-01-01 11:40:44.962555,0 days 00:00:03.771036,9,105,15.0,,,,,,,,,,,135.0,200.0,10.0,35.0,90.0,85.0,5.0,,6,3.0,,,,,,,,,,,3.0,4.0,4.0,4.0,3.0,4.0,3.0,,COMPLETE
375,375,0.4297385620915033,2025-01-01 11:40:44.963160,2025-01-01 11:40:48.824070,0 days 00:00:03.860910,1,65,,,,,,,,,,,,,,,,,,,,6,,,,,,,,,,,,,,,,,,,,COMPLETE
376,376,0.5867612293144208,2025-01-01 11:40:48.824501,2025-01-01 11:40:53.349591,0 days 00:00:04.525090,3,45,25.0,,,,,,,,,,,170.0,,,,,,,,6,3.0,,,,,,,,,,,4.0,,,,,,,,COMPLETE
377,377,0.0,2025-01-01 11:40:53.350063,2025-01-01 11:40:59.648527,0 days 00:00:06.298464,13,195,40.0,150.0,180.0,165.0,,,,,,,,150.0,20.0,200.0,20.0,110.0,15.0,115.0,130.0,6,3.0,5.0,2.0,2.0,,,,,,,,2.0,3.0,5.0,2.0,5.0,3.0,3.0,4.0,COMPLETE
378,378,0.6126373626373627,2025-01-01 11:40:59.649154,2025-01-01 11:41:03.695639,0 days 00:00:04.046485,2,5,45.0,,,,,,,,,,,,,,,,,,,6,3.0,,,,,,,,,,,,,,,,,,,COMPLETE
379,379,0.5384615384615384,2025-01-01 11:41:03.696078,2025-01-01 11:41:08.201383,0 days 00:00:04.505305,1,75,,,,,,,,,,,,,,,,,,,,6,,,,,,,,,,,,,,,,,,,,COMPLETE
380,380,0.5523809523809524,2025-01-01 11:41:08.201815,2025-01-01 11:41:12.214563,0 days 00:00:04.012748,2,95,15.0,,,,,,,,,,,,,,,,,,,6,3.0,,,,,,,,,,,,,,,,,,,COMPLETE
381,381,0.6730769230769231,2025-01-01 11:41:12.215003,2025-01-01 11:41:15.386331,0 days 00:00:03.171328,2,80,120.0,,,,,,,,,,,,,,,,,,,6,3.0,,,,,,,,,,,,,,,,,,,COMPLETE
382,382,0.0,2025-01-01 11:41:15.386780,2025-01-01 11:41:17.972238,0 days 00:00:02.585458,4,80,120.0,,,,,,,,,,,100.0,85.0,,,,,,,6,3.0,,,,,,,,,,,3.0,5.0,,,,,,,COMPLETE
383,383,0.0,2025-01-01 11:41:17.972727,2025-01-01 11:41:19.816858,0 days 00:00:01.844131,3,70,125.0,,,,,,,,,,,140.0,,,,,,,,6,3.0,,,,,,,,,,,2.0,,,,,,,,COMPLETE
384,384,0.5558139534883721,2025-01-01 11:41:19.817294,2025-01-01 11:41:23.290473,0 days 00:00:03.473179,2,75,110.0,,,,,,,,,,,,,,,,,,,6,3.0,,,,,,,,,,,,,,,,,,,COMPLETE
385,385,0.6959810874704492,2025-01-01 11:41:23.290926,2025-01-01 11:41:27.869850,0 days 00:00:04.578924,3,20,135.0,,,,,,,,,,,195.0,,,,,,,,5,3.0,,,,,,,,,,,4.0,,,,,,,,COMPLETE
386,386,0.6882516188714154,2025-01-01 11:41:27.870317,2025-01-01 11:41:33.415939,0 days 00:00:05.545622,3,25,20.0,,,,,,,,,,,200.0,,,,,,,,5,3.0,,,,,,,,,,,5.0,,,,,,,,COMPLETE
387,387,0.6015769944341374,2025-01-01 11:41:33.416438,2025-01-01 11:41:38.156393,0 days 00:00:04.739955,3,25,140.0,,,,,,,,,,,195.0,,,,,,,,5,3.0,,,,,,,,,,,5.0,,,,,,,,COMPLETE
388,388,0.6126373626373627,2025-01-01 11:41:38.156867,2025-01-01 11:41:43.383592,0 days 00:00:05.226725,3,20,135.0,,,,,,,,,,,200.0,,,,,,,,5,3.0,,,,,,,,,,,5.0,,,,,,,,COMPLETE
389,389,0.0,2025-01-01 11:41:43.384070,2025-01-01 11:41:45.686416,0 days 00:00:02.302346,4,15,130.0,,,,,,,,,,,195.0,135.0,,,,,,,3,3.0,,,,,,,,,,,5.0,2.0,,,,,,,COMPLETE
390,390,0.6356589147286822,2025-01-01 11:41:45.686907,2025-01-01 11:41:50.847249,0 days 00:00:05.160342,3,15,115.0,,,,,,,,,,,190.0,,,,,,,,4,3.0,,,,,,,,,,,5.0,,,,,,,,COMPLETE
391,391,0.0,2025-01-01 11:41:50.847862,2025-01-01 11:41:54.314375,0 days 00:00:03.466513,5,20,20.0,,,,,,,,,,,185.0,60.0,60.0,,,,,,5,3.0,,,,,,,,,,,4.0,4.0,6.0,,,,,,COMPLETE
392,392,0.6382978723404256,2025-01-01 11:41:54.314901,2025-01-01 11:41:59.737193,0 days 00:00:05.422292,3,190,145.0,,,,,,,,,,,180.0,,,,,,,,5,3.0,,,,,,,,,,,5.0,,,,,,,,COMPLETE
393,393,0.0,2025-01-01 11:41:59.737674,2025-01-01 11:42:02.995691,0 days 00:00:03.258017,4,20,25.0,,,,,,,,,,,200.0,125.0,,,,,,,5,3.0,,,,,,,,,,,6.0,6.0,,,,,,,COMPLETE
394,394,0.0,2025-01-01 11:42:02.996174,2025-01-01 11:42:05.305560,0 days 00:00:02.309386,3,80,140.0,,,,,,,,,,,195.0,,,,,,,,5,3.0,,,,,,,,,,,4.0,,,,,,,,COMPLETE
395,395,0.5523809523809524,2025-01-01 11:42:05.306017,2025-01-01 11:42:10.961429,0 days 00:00:05.655412,3,30,130.0,,,,,,,,,,,190.0,,,,,,,,4,3.0,,,,,,,,,,,4.0,,,,,,,,COMPLETE
396,396,0.6022201665124884,2025-01-01 11:42:10.961924,2025-01-01 11:42:16.371551,0 days 00:00:05.409627,3,190,30.0,,,,,,,,,,,175.0,,,,,,,,5,3.0,,,,,,,,,,,5.0,,,,,,,,COMPLETE
397,397,0.6083333333333334,2025-01-01 11:42:16.372013,2025-01-01 11:42:22.217816,0 days 00:00:05.845803,3,75,100.0,,,,,,,,,,,170.0,,,,,,,,6,3.0,,,,,,,,,,,4.0,,,,,,,,COMPLETE
398,398,0.5695970695970696,2025-01-01 11:42:22.218286,2025-01-01 11:42:26.642531,0 days 00:00:04.424245,2,200,20.0,,,,,,,,,,,,,,,,,,,4,3.0,,,,,,,,,,,,,,,,,,,COMPLETE
399,399,0.6581818181818182,2025-01-01 11:42:26.642975,2025-01-01 11:42:31.719046,0 days 00:00:05.076071,3,70,145.0,,,,,,,,,,,185.0,,,,,,,,6,3.0,,,,,,,,,,,5.0,,,,,,,,COMPLETE
400,400,0.0,2025-01-01 11:42:31.719544,2025-01-01 11:42:34.516291,0 days 00:00:02.796747,4,80,15.0,,,,,,,,,,,155.0,170.0,,,,,,,4,6.0,,,,,,,,,,,4.0,3.0,,,,,,,COMPLETE
401,401,0.6556776556776557,2025-01-01 11:42:34.516780,2025-01-01 11:42:38.694594,0 days 00:00:04.177814,2,195,155.0,,,,,,,,,,,,,,,,,,,5,3.0,,,,,,,,,,,,,,,,,,,COMPLETE
402,402,0.6452358926919519,2025-01-01 11:42:38.695036,2025-01-01 11:42:45.597165,0 days 00:00:06.902129,4,25,120.0,,,,,,,,,,,190.0,10.0,,,,,,,6,3.0,,,,,,,,,,,3.0,5.0,,,,,,,COMPLETE
403,403,0.6288561936402468,2025-01-01 11:42:45.597669,2025-01-01 11:42:49.490518,0 days 00:00:03.892849,2,15,125.0,,,,,,,,,,,,,,,,,,,6,3.0,,,,,,,,,,,,,,,,,,,COMPLETE
404,404,0.6380813953488372,2025-01-01 11:42:49.490994,2025-01-01 11:42:56.511261,0 days 00:00:07.020267,3,10,25.0,,,,,,,,,,,200.0,,,,,,,,6,3.0,,,,,,,,,,,6.0,,,,,,,,COMPLETE
405,405,0.637641723356009,2025-01-01 11:42:56.511749,2025-01-01 11:42:59.653590,0 days 00:00:03.141841,2,80,110.0,,,,,,,,,,,,,,,,,,,6,3.0,,,,,,,,,,,,,,,,,,,COMPLETE
406,406,0.6581818181818182,2025-01-01 11:42:59.654041,2025-01-01 11:43:03.853992,0 days 00:00:04.199951,3,70,85.0,,,,,,,,,,,175.0,,,,,,,,6,3.0,,,,,,,,,,,5.0,,,,,,,,COMPLETE
407,407,0.5619047619047619,2025-01-01 11:43:03.854618,2025-01-01 11:43:07.712240,0 days 00:00:03.857622,2,185,10.0,,,,,,,,,,,,,,,,,,,6,3.0,,,,,,,,,,,,,,,,,,,COMPLETE
408,408,0.6323055683387022,2025-01-01 11:43:07.712695,2025-01-01 11:43:11.938611,0 days 00:00:04.225916,2,60,35.0,,,,,,,,,,,,,,,,,,,6,3.0,,,,,,,,,,,,,,,,,,,COMPLETE
409,409,0.0,2025-01-01 11:43:11.939052,2025-01-01 11:43:14.983444,0 days 00:00:03.044392,3,200,150.0,,,,,,,,,,,180.0,,,,,,,,6,3.0,,,,,,,,,,,3.0,,,,,,,,COMPLETE
410,410,0.6515151515151515,2025-01-01 11:43:14.983918,2025-01-01 11:43:18.374598,0 days 00:00:03.390680,2,180,20.0,,,,,,,,,,,,,,,,,,,6,3.0,,,,,,,,,,,,,,,,,,,COMPLETE
411,411,0.5374653098982424,2025-01-01 11:43:18.375042,2025-01-01 11:43:21.319330,0 days 00:00:02.944288,2,75,10.0,,,,,,,,,,,,,,,,,,,6,3.0,,,,,,,,,,,,,,,,,,,COMPLETE
412,412,0.0,2025-01-01 11:43:21.319774,2025-01-01 11:43:23.514768,0 days 00:00:02.194994,3,195,190.0,,,,,,,,,,,160.0,,,,,,,,6,3.0,,,,,,,,,,,4.0,,,,,,,,COMPLETE
413,413,0.6556776556776557,2025-01-01 11:43:23.515225,2025-01-01 11:43:27.322798,0 days 00:00:03.807573,2,65,185.0,,,,,,,,,,,,,,,,,,,6,3.0,,,,,,,,,,,,,,,,,,,COMPLETE
414,414,0.0,2025-01-01 11:43:27.323248,2025-01-01 11:43:29.570804,0 days 00:00:02.247556,4,25,135.0,,,,,,,,,,,165.0,25.0,,,,,,,6,3.0,,,,,,,,,,,4.0,2.0,,,,,,,COMPLETE
415,415,0.5790697674418605,2025-01-01 11:43:29.571298,2025-01-01 11:43:33.528026,0 days 00:00:03.956728,2,10,15.0,,,,,,,,,,,,,,,,,,,6,3.0,,,,,,,,,,,,,,,,,,,COMPLETE
416,416,0.6153846153846154,2025-01-01 11:43:33.528476,2025-01-01 11:43:37.001676,0 days 00:00:03.473200,2,75,30.0,,,,,,,,,,,,,,,,,,,6,3.0,,,,,,,,,,,,,,,,,,,COMPLETE
417,417,0.45138888888888884,2025-01-01 11:43:37.002133,2025-01-01 11:43:42.094210,0 days 00:00:05.092077,3,120,30.0,,,,,,,,,,,185.0,,,,,,,,6,3.0,,,,,,,,,,,3.0,,,,,,,,COMPLETE
418,418,0.0,2025-01-01 11:43:42.094688,2025-01-01 11:43:44.081380,0 days 00:00:01.986692,3,50,115.0,,,,,,,,,,,155.0,,,,,,,,6,3.0,,,,,,,,,,,2.0,,,,,,,,COMPLETE
419,419,0.5238095238095237,2025-01-01 11:43:44.081856,2025-01-01 11:43:49.457894,0 days 00:00:05.376038,3,80,5.0,,,,,,,,,,,145.0,,,,,,,,5,3.0,,,,,,,,,,,3.0,,,,,,,,COMPLETE
420,420,0.5805555555555555,2025-01-01 11:43:49.458364,2025-01-01 11:43:53.697840,0 days 00:00:04.239476,2,200,175.0,,,,,,,,,,,,,,,,,,,6,3.0,,,,,,,,,,,,,,,,,,,COMPLETE
421,421,0.7014634146341463,2025-01-01 11:43:53.698273,2025-01-01 11:43:56.920490,0 days 00:00:03.222217,2,85,170.0,,,,,,,,,,,,,,,,,,,6,3.0,,,,,,,,,,,,,,,,,,,COMPLETE
422,422,0.5152777777777777,2025-01-01 11:43:56.920935,2025-01-01 11:44:00.337335,0 days 00:00:03.416400,2,85,170.0,,,,,,,,,,,,,,,,,,,6,3.0,,,,,,,,,,,,,,,,,,,COMPLETE
423,423,0.0,2025-01-01 11:44:00.337829,2025-01-01 11:44:03.598530,0 days 00:00:03.260701,5,85,175.0,,,,,,,,,,,180.0,150.0,190.0,,,,,,6,3.0,,,,,,,,,,,6.0,4.0,2.0,,,,,,COMPLETE
424,424,0.6219387755102042,2025-01-01 11:44:03.599042,2025-01-01 11:44:06.907332,0 days 00:00:03.308290,2,85,180.0,,,,,,,,,,,,,,,,,,,6,3.0,,,,,,,,,,,,,,,,,,,COMPLETE
425,425,0.6219851576994434,2025-01-01 11:44:06.907787,2025-01-01 11:44:11.895827,0 days 00:00:04.988040,3,20,170.0,,,,,,,,,,,195.0,,,,,,,,6,3.0,,,,,,,,,,,4.0,,,,,,,,COMPLETE
426,426,0.0,2025-01-01 11:44:11.896297,2025-01-01 11:44:13.719015,0 days 00:00:01.822718,3,80,165.0,,,,,,,,,,,150.0,,,,,,,,6,3.0,,,,,,,,,,,2.0,,,,,,,,COMPLETE
427,427,0.0,2025-01-01 11:44:13.719466,2025-01-01 11:44:16.472160,0 days 00:00:02.752694,4,5,170.0,,,,,,,,,,,170.0,195.0,,,,,,,6,3.0,,,,,,,,,,,3.0,6.0,,,,,,,COMPLETE
428,428,0.6957759848125297,2025-01-01 11:44:16.472664,2025-01-01 11:44:20.683536,0 days 00:00:04.210872,2,115,105.0,,,,,,,,,,,,,,,,,,,4,3.0,,,,,,,,,,,,,,,,,,,COMPLETE
429,429,0.5890473999079613,2025-01-01 11:44:20.684140,2025-01-01 11:44:24.189816,0 days 00:00:03.505676,2,185,105.0,,,,,,,,,,,,,,,,,,,4,3.0,,,,,,,,,,,,,,,,,,,COMPLETE
430,430,0.0,2025-01-01 11:44:24.190262,2025-01-01 11:44:25.967162,0 days 00:00:01.776900,3,115,155.0,,,,,,,,,,,145.0,,,,,,,,6,3.0,,,,,,,,,,,2.0,,,,,,,,COMPLETE
431,431,0.0,2025-01-01 11:44:25.967623,2025-01-01 11:44:31.634751,0 days 00:00:05.667128,10,190,175.0,,,,,,,,,,,200.0,5.0,115.0,95.0,115.0,35.0,20.0,185.0,4,3.0,,,,,,,,,,,3.0,5.0,5.0,6.0,2.0,5.0,4.0,6.0,COMPLETE
432,432,0.6518518518518519,2025-01-01 11:44:31.635353,2025-01-01 11:44:36.021601,0 days 00:00:04.386248,2,195,185.0,,,,,,,,,,,,,,,,,,,4,3.0,,,,,,,,,,,,,,,,,,,COMPLETE
433,433,0.6594202898550725,2025-01-01 11:44:36.022065,2025-01-01 11:44:39.196815,0 days 00:00:03.174750,2,170,160.0,,,,,,,,,,,,,,,,,,,4,3.0,,,,,,,,,,,,,,,,,,,COMPLETE
434,434,0.5317028985507246,2025-01-01 11:44:39.197271,2025-01-01 11:44:45.069452,0 days 00:00:05.872181,3,90,95.0,,,,,,,,,,,125.0,,,,,,,,4,3.0,,,,,,,,,,,5.0,,,,,,,,COMPLETE
435,435,0.6154545454545455,2025-01-01 11:44:45.069948,2025-01-01 11:44:49.014747,0 days 00:00:03.944799,2,200,180.0,,,,,,,,,,,,,,,,,,,4,3.0,,,,,,,,,,,,,,,,,,,COMPLETE
436,436,0.0,2025-01-01 11:44:49.015202,2025-01-01 11:44:50.674576,0 days 00:00:01.659374,3,125,140.0,,,,,,,,,,,190.0,,,,,,,,4,3.0,,,,,,,,,,,2.0,,,,,,,,COMPLETE
437,437,0.5584415584415584,2025-01-01 11:44:50.675025,2025-01-01 11:44:54.198575,0 days 00:00:03.523550,2,190,165.0,,,,,,,,,,,,,,,,,,,4,3.0,,,,,,,,,,,,,,,,,,,COMPLETE
438,438,0.0,2025-01-01 11:44:54.199024,2025-01-01 11:44:56.423882,0 days 00:00:02.224858,4,135,175.0,,,,,,,,,,,165.0,115.0,,,,,,,4,3.0,,,,,,,,,,,4.0,2.0,,,,,,,COMPLETE
439,439,0.6091800356506238,2025-01-01 11:44:56.424358,2025-01-01 11:44:59.027624,0 days 00:00:02.603266,1,30,,,,,,,,,,,,,,,,,,,,5,,,,,,,,,,,,,,,,,,,,COMPLETE
440,440,0.6153846153846154,2025-01-01 11:44:59.028050,2025-01-01 11:45:02.929908,0 days 00:00:03.901858,2,195,70.0,,,,,,,,,,,,,,,,,,,6,3.0,,,,,,,,,,,,,,,,,,,COMPLETE
441,441,0.0,2025-01-01 11:45:02.930365,2025-01-01 11:45:05.049494,0 days 00:00:02.119129,1,175,,,,,,,,,,,,,,,,,,,,4,,,,,,,,,,,,,,,,,,,,COMPLETE
442,442,0.4925581395348837,2025-01-01 11:45:05.049921,2025-01-01 11:45:08.813615,0 days 00:00:03.763694,3,55,160.0,,,,,,,,,,,170.0,,,,,,,,6,3.0,,,,,,,,,,,3.0,,,,,,,,COMPLETE
443,443,0.6584905660377358,2025-01-01 11:45:08.814088,2025-01-01 11:45:12.534011,0 days 00:00:03.719923,2,185,20.0,,,,,,,,,,,,,,,,,,,6,3.0,,,,,,,,,,,,,,,,,,,COMPLETE
444,444,0.0,2025-01-01 11:45:12.534504,2025-01-01 11:45:20.501216,0 days 00:00:07.966712,16,90,180.0,40.0,80.0,105.0,90.0,155.0,65.0,,,,,130.0,75.0,145.0,200.0,65.0,110.0,140.0,95.0,6,3.0,6.0,4.0,5.0,6.0,5.0,5.0,,,,,2.0,3.0,2.0,5.0,6.0,2.0,6.0,5.0,COMPLETE
445,445,0.5584415584415584,2025-01-01 11:45:20.502049,2025-01-01 11:45:24.353826,0 days 00:00:03.851777,2,100,25.0,,,,,,,,,,,,,,,,,,,6,4.0,,,,,,,,,,,,,,,,,,,COMPLETE
446,446,0.6594202898550725,2025-01-01 11:45:24.354281,2025-01-01 11:45:29.679605,0 days 00:00:05.325324,3,20,150.0,,,,,,,,,,,135.0,,,,,,,,6,3.0,,,,,,,,,,,5.0,,,,,,,,COMPLETE
447,447,0.6378233719892952,2025-01-01 11:45:29.680229,2025-01-01 11:45:33.916049,0 days 00:00:04.235820,1,180,,,,,,,,,,,,,,,,,,,,6,,,,,,,,,,,,,,,,,,,,COMPLETE
448,448,0.0,2025-01-01 11:45:33.916497,2025-01-01 11:45:36.340397,0 days 00:00:02.423900,4,200,195.0,,,,,,,,,,,115.0,145.0,,,,,,,2,3.0,,,,,,,,,,,3.0,5.0,,,,,,,COMPLETE
449,449,0.5960328979196903,2025-01-01 11:45:36.340894,2025-01-01 11:45:41.471467,0 days 00:00:05.130573,2,15,100.0,,,,,,,,,,,,,,,,,,,5,3.0,,,,,,,,,,,,,,,,,,,COMPLETE
450,450,0.0,2025-01-01 11:45:41.471931,2025-01-01 11:45:48.074159,0 days 00:00:06.602228,15,95,90.0,95.0,25.0,200.0,135.0,5.0,,,,,,160.0,120.0,175.0,60.0,20.0,200.0,90.0,200.0,6,3.0,2.0,6.0,3.0,4.0,6.0,,,,,,4.0,6.0,4.0,3.0,3.0,6.0,2.0,2.0,COMPLETE
451,451,0.5119047619047619,2025-01-01 11:45:48.074951,2025-01-01 11:45:52.285910,0 days 00:00:04.210959,1,85,,,,,,,,,,,,,,,,,,,,6,,,,,,,,,,,,,,,,,,,,COMPLETE
452,452,0.0,2025-01-01 11:45:52.286368,2025-01-01 11:45:54.089831,0 days 00:00:01.803463,3,190,170.0,,,,,,,,,,,175.0,,,,,,,,6,3.0,,,,,,,,,,,2.0,,,,,,,,COMPLETE
453,453,0.34545454545454546,2025-01-01 11:45:54.090284,2025-01-01 11:45:57.867170,0 days 00:00:03.776886,1,90,,,,,,,,,,,,,,,,,,,,6,,,,,,,,,,,,,,,,,,,,COMPLETE
454,454,0.6987179487179487,2025-01-01 11:45:57.867617,2025-01-01 11:46:01.876366,0 days 00:00:04.008749,2,200,145.0,,,,,,,,,,,,,,,,,,,6,3.0,,,,,,,,,,,,,,,,,,,COMPLETE
455,455,0.53,2025-01-01 11:46:01.876835,2025-01-01 11:46:05.066398,0 days 00:00:03.189563,2,200,185.0,,,,,,,,,,,,,,,,,,,5,3.0,,,,,,,,,,,,,,,,,,,COMPLETE
456,456,0.6665124884366327,2025-01-01 11:46:05.066860,2025-01-01 11:46:09.530671,0 days 00:00:04.463811,2,195,85.0,,,,,,,,,,,,,,,,,,,6,3.0,,,,,,,,,,,,,,,,,,,COMPLETE
457,457,0.6260162601626016,2025-01-01 11:46:09.531132,2025-01-01 11:46:13.324245,0 days 00:00:03.793113,2,195,20.0,,,,,,,,,,,,,,,,,,,5,3.0,,,,,,,,,,,,,,,,,,,COMPLETE
458,458,0.5875,2025-01-01 11:46:13.324706,2025-01-01 11:46:16.457534,0 days 00:00:03.132828,1,200,,,,,,,,,,,,,,,,,,,,3,,,,,,,,,,,,,,,,,,,,COMPLETE
459,459,0.5499316005471957,2025-01-01 11:46:16.457970,2025-01-01 11:46:21.137477,0 days 00:00:04.679507,2,200,155.0,,,,,,,,,,,,,,,,,,,3,3.0,,,,,,,,,,,,,,,,,,,COMPLETE
460,460,0.5422276621787026,2025-01-01 11:46:21.137978,2025-01-01 11:46:25.327557,0 days 00:00:04.189579,1,190,,,,,,,,,,,,,,,,,,,,6,,,,,,,,,,,,,,,,,,,,COMPLETE
461,461,0.6655813953488372,2025-01-01 11:46:25.327996,2025-01-01 11:46:28.340442,0 days 00:00:03.012446,2,185,130.0,,,,,,,,,,,,,,,,,,,6,3.0,,,,,,,,,,,,,,,,,,,COMPLETE
462,462,0.6785225718194254,2025-01-01 11:46:28.340891,2025-01-01 11:46:32.028804,0 days 00:00:03.687913,2,195,50.0,,,,,,,,,,,,,,,,,,,6,2.0,,,,,,,,,,,,,,,,,,,COMPLETE
463,463,0.6,2025-01-01 11:46:32.029262,2025-01-01 11:46:34.699303,0 days 00:00:02.670041,1,200,,,,,,,,,,,,,,,,,,,,3,,,,,,,,,,,,,,,,,,,,COMPLETE
464,464,0.6154545454545455,2025-01-01 11:46:34.699885,2025-01-01 11:46:39.271607,0 days 00:00:04.571722,2,195,25.0,,,,,,,,,,,,,,,,,,,6,4.0,,,,,,,,,,,,,,,,,,,COMPLETE
465,465,0.6594202898550725,2025-01-01 11:46:39.272066,2025-01-01 11:46:43.342395,0 days 00:00:04.070329,2,190,30.0,,,,,,,,,,,,,,,,,,,6,4.0,,,,,,,,,,,,,,,,,,,COMPLETE
466,466,0.48684210526315785,2025-01-01 11:46:43.342877,2025-01-01 11:46:47.381138,0 days 00:00:04.038261,1,195,,,,,,,,,,,,,,,,,,,,6,,,,,,,,,,,,,,,,,,,,COMPLETE
467,467,0.5727272727272728,2025-01-01 11:46:47.381581,2025-01-01 11:46:50.876769,0 days 00:00:03.495188,2,190,50.0,,,,,,,,,,,,,,,,,,,6,2.0,,,,,,,,,,,,,,,,,,,COMPLETE
468,468,0.6234967622571693,2025-01-01 11:46:50.877212,2025-01-01 11:46:53.574253,0 days 00:00:02.697041,2,200,60.0,,,,,,,,,,,,,,,,,,,6,2.0,,,,,,,,,,,,,,,,,,,COMPLETE
469,469,0.38235294117647056,2025-01-01 11:46:53.574707,2025-01-01 11:46:58.027811,0 days 00:00:04.453104,1,185,,,,,,,,,,,,,,,,,,,,6,,,,,,,,,,,,,,,,,,,,COMPLETE
470,470,0.5523809523809524,2025-01-01 11:46:58.028243,2025-01-01 11:47:00.235721,0 days 00:00:02.207478,2,130,40.0,,,,,,,,,,,,,,,,,,,6,2.0,,,,,,,,,,,,,,,,,,,COMPLETE
471,471,0.6082926829268294,2025-01-01 11:47:00.236167,2025-01-01 11:47:03.280760,0 days 00:00:03.044593,1,195,,,,,,,,,,,,,,,,,,,,6,,,,,,,,,,,,,,,,,,,,COMPLETE
472,472,0.6126373626373627,2025-01-01 11:47:03.281198,2025-01-01 11:47:06.101643,0 days 00:00:02.820445,2,195,25.0,,,,,,,,,,,,,,,,,,,6,2.0,,,,,,,,,,,,,,,,,,,COMPLETE
473,473,0.0,2025-01-01 11:47:06.102093,2025-01-01 11:47:10.571837,0 days 00:00:04.469744,7,170,35.0,,,,,,,,,,,15.0,160.0,130.0,45.0,40.0,,,,2,2.0,,,,,,,,,,,6.0,3.0,5.0,4.0,5.0,,,,COMPLETE
474,474,0.41666666666666663,2025-01-01 11:47:10.572442,2025-01-01 11:47:14.542723,0 days 00:00:03.970281,1,200,,,,,,,,,,,,,,,,,,,,5,,,,,,,,,,,,,,,,,,,,COMPLETE
475,475,0.0,2025-01-01 11:47:14.543160,2025-01-01 11:47:23.160125,0 days 00:00:08.616965,18,195,15.0,25.0,65.0,115.0,175.0,90.0,150.0,70.0,100.0,,,75.0,180.0,95.0,185.0,55.0,55.0,110.0,75.0,6,5.0,4.0,5.0,2.0,3.0,2.0,3.0,5.0,4.0,,,4.0,4.0,3.0,5.0,2.0,5.0,6.0,3.0,COMPLETE
476,476,0.6168478260869565,2025-01-01 11:47:23.160984,2025-01-01 11:47:26.127490,0 days 00:00:02.966506,2,180,35.0,,,,,,,,,,,,,,,,,,,6,2.0,,,,,,,,,,,,,,,,,,,COMPLETE
477,477,0.4783573806881243,2025-01-01 11:47:26.127979,2025-01-01 11:47:33.269836,0 days 00:00:07.141857,2,10,190.0,,,,,,,,,,,,,,,,,,,6,2.0,,,,,,,,,,,,,,,,,,,COMPLETE
478,478,0.6260162601626016,2025-01-01 11:47:33.270300,2025-01-01 11:47:36.977423,0 days 00:00:03.707123,1,190,,,,,,,,,,,,,,,,,,,,6,,,,,,,,,,,,,,,,,,,,COMPLETE
479,479,0.6518518518518519,2025-01-01 11:47:36.977868,2025-01-01 11:47:40.771575,0 days 00:00:03.793707,2,15,30.0,,,,,,,,,,,,,,,,,,,6,4.0,,,,,,,,,,,,,,,,,,,COMPLETE
480,480,0.5726405090137858,2025-01-01 11:47:40.772183,2025-01-01 11:47:44.498305,0 days 00:00:03.726122,2,40,145.0,,,,,,,,,,,,,,,,,,,6,2.0,,,,,,,,,,,,,,,,,,,COMPLETE
481,481,0.4285714285714286,2025-01-01 11:47:44.498789,2025-01-01 11:47:48.606714,0 days 00:00:04.107925,1,200,,,,,,,,,,,,,,,,,,,,6,,,,,,,,,,,,,,,,,,,,COMPLETE
482,482,0.6388367729831144,2025-01-01 11:47:48.607150,2025-01-01 11:47:51.843929,0 days 00:00:03.236779,2,185,20.0,,,,,,,,,,,,,,,,,,,6,3.0,,,,,,,,,,,,,,,,,,,COMPLETE
483,483,0.7213862289101687,2025-01-01 11:47:51.844390,2025-01-01 11:47:57.954241,0 days 00:00:06.109851,3,195,140.0,,,,,,,,,,,105.0,,,,,,,,6,3.0,,,,,,,,,,,5.0,,,,,,,,COMPLETE
484,484,0.5954545454545455,2025-01-01 11:47:57.954758,2025-01-01 11:48:02.413454,0 days 00:00:04.458696,3,195,135.0,,,,,,,,,,,85.0,,,,,,,,6,3.0,,,,,,,,,,,5.0,,,,,,,,COMPLETE
485,485,0.0,2025-01-01 11:48:02.413952,2025-01-01 11:48:05.586775,0 days 00:00:03.172823,3,190,140.0,,,,,,,,,,,105.0,,,,,,,,5,3.0,,,,,,,,,,,5.0,,,,,,,,COMPLETE
486,486,0.6222222222222222,2025-01-01 11:48:05.587259,2025-01-01 11:48:11.585713,0 days 00:00:05.998454,3,195,140.0,,,,,,,,,,,95.0,,,,,,,,6,3.0,,,,,,,,,,,5.0,,,,,,,,COMPLETE
487,487,0.6168478260869565,2025-01-01 11:48:11.586205,2025-01-01 11:48:17.309462,0 days 00:00:05.723257,3,200,150.0,,,,,,,,,,,55.0,,,,,,,,6,3.0,,,,,,,,,,,5.0,,,,,,,,COMPLETE
488,488,0.6802721088435374,2025-01-01 11:48:17.309966,2025-01-01 11:48:21.703545,0 days 00:00:04.393579,3,185,55.0,,,,,,,,,,,105.0,,,,,,,,6,3.0,,,,,,,,,,,5.0,,,,,,,,COMPLETE
489,489,0.0,2025-01-01 11:48:21.704059,2025-01-01 11:48:24.486517,0 days 00:00:02.782458,4,180,145.0,,,,,,,,,,,110.0,60.0,,,,,,,6,3.0,,,,,,,,,,,5.0,4.0,,,,,,,COMPLETE
490,490,0.5950113378684807,2025-01-01 11:48:24.487031,2025-01-01 11:48:29.715578,0 days 00:00:05.228547,3,180,135.0,,,,,,,,,,,85.0,,,,,,,,6,3.0,,,,,,,,,,,5.0,,,,,,,,COMPLETE
491,491,0.5742753623188406,2025-01-01 11:48:29.716073,2025-01-01 11:48:35.602820,0 days 00:00:05.886747,3,185,140.0,,,,,,,,,,,105.0,,,,,,,,6,3.0,,,,,,,,,,,5.0,,,,,,,,COMPLETE
492,492,0.559204440333025,2025-01-01 11:48:35.603343,2025-01-01 11:48:41.213885,0 days 00:00:05.610542,3,25,20.0,,,,,,,,,,,65.0,,,,,,,,6,3.0,,,,,,,,,,,5.0,,,,,,,,COMPLETE
493,493,0.5820181731229077,2025-01-01 11:48:41.214417,2025-01-01 11:48:46.078186,0 days 00:00:04.863769,3,115,105.0,,,,,,,,,,,100.0,,,,,,,,6,3.0,,,,,,,,,,,6.0,,,,,,,,COMPLETE
494,494,0.0,2025-01-01 11:48:46.078699,2025-01-01 11:48:48.472523,0 days 00:00:02.393824,4,190,75.0,,,,,,,,,,,115.0,40.0,,,,,,,6,3.0,,,,,,,,,,,5.0,2.0,,,,,,,COMPLETE
495,495,0.0,2025-01-01 11:48:48.473045,2025-01-01 11:48:51.252122,0 days 00:00:02.779077,3,185,180.0,,,,,,,,,,,35.0,,,,,,,,6,3.0,,,,,,,,,,,5.0,,,,,,,,COMPLETE
496,496,0.0,2025-01-01 11:48:51.252621,2025-01-01 11:48:53.817236,0 days 00:00:02.564615,3,190,185.0,,,,,,,,,,,75.0,,,,,,,,6,3.0,,,,,,,,,,,6.0,,,,,,,,COMPLETE
497,497,0.0,2025-01-01 11:48:53.817881,2025-01-01 11:48:56.775684,0 days 00:00:02.957803,4,175,130.0,,,,,,,,,,,90.0,95.0,,,,,,,6,3.0,,,,,,,,,,,5.0,5.0,,,,,,,COMPLETE
498,498,0.6356589147286822,2025-01-01 11:48:56.776198,2025-01-01 11:49:01.132550,0 days 00:00:04.356352,2,85,60.0,,,,,,,,,,,,,,,,,,,6,3.0,,,,,,,,,,,,,,,,,,,COMPLETE
499,499,0.5239024390243903,2025-01-01 11:49:01.133024,2025-01-01 11:49:07.008086,0 days 00:00:05.875062,3,165,25.0,,,,,,,,,,,95.0,,,,,,,,6,3.0,,,,,,,,,,,5.0,,,,,,,,COMPLETE
500,500,0.53,2025-01-01 11:49:07.008592,2025-01-01 11:49:11.910848,0 days 00:00:04.902256,2,80,145.0,,,,,,,,,,,,,,,,,,,6,3.0,,,,,,,,,,,,,,,,,,,COMPLETE
501,501,0.5499316005471957,2025-01-01 11:49:11.911325,2025-01-01 11:49:16.196771,0 days 00:00:04.285446,3,80,125.0,,,,,,,,,,,125.0,,,,,,,,6,3.0,,,,,,,,,,,5.0,,,,,,,,COMPLETE
502,502,0.5523809523809524,2025-01-01 11:49:16.197274,2025-01-01 11:49:19.256902,0 days 00:00:03.059628,2,190,175.0,,,,,,,,,,,,,,,,,,,6,3.0,,,,,,,,,,,,,,,,,,,COMPLETE
503,503,0.6304347826086957,2025-01-01 11:49:19.257370,2025-01-01 11:49:24.290559,0 days 00:00:05.033189,3,85,40.0,,,,,,,,,,,110.0,,,,,,,,6,3.0,,,,,,,,,,,6.0,,,,,,,,COMPLETE
504,504,0.0,2025-01-01 11:49:24.291059,2025-01-01 11:49:29.116859,0 days 00:00:04.825800,8,185,150.0,,,,,,,,,,,80.0,130.0,5.0,130.0,155.0,70.0,,,5,3.0,,,,,,,,,,,4.0,3.0,6.0,2.0,6.0,2.0,,,COMPLETE
505,505,0.0,2025-01-01 11:49:29.117471,2025-01-01 11:49:36.066606,0 days 00:00:06.949135,12,200,15.0,70.0,130.0,,,,,,,,,120.0,15.0,120.0,165.0,200.0,135.0,165.0,45.0,3,3.0,5.0,3.0,,,,,,,,,5.0,6.0,4.0,3.0,4.0,4.0,5.0,4.0,COMPLETE
506,506,0.5727272727272728,2025-01-01 11:49:36.067325,2025-01-01 11:49:40.274359,0 days 00:00:04.207034,2,195,180.0,,,,,,,,,,,,,,,,,,,6,3.0,,,,,,,,,,,,,,,,,,,COMPLETE
507,507,0.6802721088435374,2025-01-01 11:49:40.274851,2025-01-01 11:49:43.835568,0 days 00:00:03.560717,2,175,170.0,,,,,,,,,,,,,,,,,,,6,3.0,,,,,,,,,,,,,,,,,,,COMPLETE
508,508,0.6581818181818182,2025-01-01 11:49:43.836039,2025-01-01 11:49:48.589508,0 days 00:00:04.753469,3,175,165.0,,,,,,,,,,,105.0,,,,,,,,6,3.0,,,,,,,,,,,4.0,,,,,,,,COMPLETE
509,509,0.614622641509434,2025-01-01 11:49:48.590011,2025-01-01 11:49:52.436079,0 days 00:00:03.846068,2,170,170.0,,,,,,,,,,,,,,,,,,,6,3.0,,,,,,,,,,,,,,,,,,,COMPLETE
510,510,0.5727272727272728,2025-01-01 11:49:52.436559,2025-01-01 11:49:56.540870,0 days 00:00:04.104311,2,180,170.0,,,,,,,,,,,,,,,,,,,6,3.0,,,,,,,,,,,,,,,,,,,COMPLETE
511,511,0.0,2025-01-01 11:49:56.541382,2025-01-01 11:49:59.281190,0 days 00:00:02.739808,5,185,115.0,,,,,,,,,,,120.0,170.0,25.0,,,,,,6,3.0,,,,,,,,,,,5.0,2.0,2.0,,,,,,COMPLETE
512,512,0.0,2025-01-01 11:49:59.281738,2025-01-01 11:50:02.182906,0 days 00:00:02.901168,3,170,185.0,,,,,,,,,,,140.0,,,,,,,,6,3.0,,,,,,,,,,,6.0,,,,,,,,COMPLETE
513,513,0.6556776556776557,2025-01-01 11:50:02.183410,2025-01-01 11:50:06.178673,0 days 00:00:03.995263,2,175,175.0,,,,,,,,,,,,,,,,,,,6,3.0,,,,,,,,,,,,,,,,,,,COMPLETE
514,514,0.0,2025-01-01 11:50:06.179178,2025-01-01 11:50:08.602299,0 days 00:00:02.423121,4,180,175.0,,,,,,,,,,,70.0,30.0,,,,,,,6,3.0,,,,,,,,,,,4.0,3.0,,,,,,,COMPLETE
515,515,0.7273584905660377,2025-01-01 11:50:08.602836,2025-01-01 11:50:14.623030,0 days 00:00:06.020194,3,190,160.0,,,,,,,,,,,130.0,,,,,,,,6,3.0,,,,,,,,,,,5.0,,,,,,,,COMPLETE
516,516,0.0,2025-01-01 11:50:14.623698,2025-01-01 11:50:17.315600,0 days 00:00:02.691902,4,190,155.0,,,,,,,,,,,140.0,70.0,,,,,,,6,3.0,,,,,,,,,,,5.0,4.0,,,,,,,COMPLETE
517,517,0.0,2025-01-01 11:50:17.316127,2025-01-01 11:50:20.676133,0 days 00:00:03.360006,3,190,160.0,,,,,,,,,,,130.0,,,,,,,,6,3.0,,,,,,,,,,,5.0,,,,,,,,COMPLETE
518,518,0.0,2025-01-01 11:50:20.676650,2025-01-01 11:50:23.611557,0 days 00:00:02.934907,3,195,150.0,,,,,,,,,,,135.0,,,,,,,,6,3.0,,,,,,,,,,,5.0,,,,,,,,COMPLETE
519,519,0.0,2025-01-01 11:50:23.612062,2025-01-01 11:50:31.845206,0 days 00:00:08.233144,14,200,165.0,80.0,100.0,35.0,75.0,,,,,,,115.0,110.0,165.0,150.0,135.0,20.0,20.0,15.0,6,3.0,4.0,6.0,4.0,5.0,,,,,,,5.0,5.0,3.0,6.0,4.0,3.0,3.0,6.0,COMPLETE
520,520,0.0,2025-01-01 11:50:31.846024,2025-01-01 11:50:35.000606,0 days 00:00:03.154582,3,190,160.0,,,,,,,,,,,125.0,,,,,,,,5,3.0,,,,,,,,,,,5.0,,,,,,,,COMPLETE
521,521,0.0,2025-01-01 11:50:35.001110,2025-01-01 11:50:37.984863,0 days 00:00:02.983753,4,185,155.0,,,,,,,,,,,150.0,85.0,,,,,,,6,3.0,,,,,,,,,,,5.0,6.0,,,,,,,COMPLETE
522,522,0.5804810360777057,2025-01-01 11:50:37.985415,2025-01-01 11:50:42.724227,0 days 00:00:04.738812,3,195,110.0,,,,,,,,,,,110.0,,,,,,,,6,3.0,,,,,,,,,,,5.0,,,,,,,,COMPLETE
523,523,0.0,2025-01-01 11:50:42.724743,2025-01-01 11:50:49.983349,0 days 00:00:07.258606,11,50,135.0,145.0,,,,,,,,,,95.0,50.0,55.0,70.0,185.0,90.0,95.0,110.0,6,3.0,3.0,,,,,,,,,,5.0,2.0,6.0,5.0,3.0,6.0,6.0,5.0,COMPLETE
524,524,0.6755637367694431,2025-01-01 11:50:49.984084,2025-01-01 11:50:56.344120,0 days 00:00:06.360036,3,75,140.0,,,,,,,,,,,130.0,,,,,,,,6,3.0,,,,,,,,,,,6.0,,,,,,,,COMPLETE
525,525,0.0,2025-01-01 11:50:56.344649,2025-01-01 11:50:58.886432,0 days 00:00:02.541783,4,185,95.0,,,,,,,,,,,120.0,155.0,,,,,,,6,3.0,,,,,,,,,,,4.0,4.0,,,,,,,COMPLETE
526,526,0.5317028985507246,2025-01-01 11:50:58.886979,2025-01-01 11:51:04.757765,0 days 00:00:05.870786,3,200,190.0,,,,,,,,,,,100.0,,,,,,,,6,6.0,,,,,,,,,,,5.0,,,,,,,,COMPLETE
527,527,0.6326530612244898,2025-01-01 11:51:04.758285,2025-01-01 11:51:08.043520,0 days 00:00:03.285235,2,20,145.0,,,,,,,,,,,,,,,,,,,6,3.0,,,,,,,,,,,,,,,,,,,COMPLETE
528,528,0.7088372093023256,2025-01-01 11:51:08.044004,2025-01-01 11:51:12.004695,0 days 00:00:03.960691,2,195,155.0,,,,,,,,,,,,,,,,,,,6,3.0,,,,,,,,,,,,,,,,,,,COMPLETE
529,529,0.5195681511470984,2025-01-01 11:51:12.005186,2025-01-01 11:51:16.295296,0 days 00:00:04.290110,1,195,,,,,,,,,,,,,,,,,,,,6,,,,,,,,,,,,,,,,,,,,COMPLETE
530,530,0.0,2025-01-01 11:51:16.295807,2025-01-01 11:51:21.448513,0 days 00:00:05.152706,9,200,155.0,,,,,,,,,,,155.0,185.0,150.0,180.0,170.0,180.0,135.0,,6,3.0,,,,,,,,,,,4.0,6.0,5.0,4.0,2.0,4.0,4.0,,COMPLETE
531,531,0.575984990619137,2025-01-01 11:51:21.449175,2025-01-01 11:51:24.920504,0 days 00:00:03.471329,2,195,160.0,,,,,,,,,,,,,,,,,,,6,3.0,,,,,,,,,,,,,,,,,,,COMPLETE
532,532,0.4050420168067227,2025-01-01 11:51:24.920991,2025-01-01 11:51:28.573382,0 days 00:00:03.652391,1,25,,,,,,,,,,,,,,,,,,,,6,,,,,,,,,,,,,,,,,,,,COMPLETE
533,533,0.6356589147286822,2025-01-01 11:51:28.573834,2025-01-01 11:51:32.007984,0 days 00:00:03.434150,2,200,150.0,,,,,,,,,,,,,,,,,,,6,3.0,,,,,,,,,,,,,,,,,,,COMPLETE
534,534,0.3411534701857283,2025-01-01 11:51:32.008627,2025-01-01 11:51:36.330335,0 days 00:00:04.321708,1,110,,,,,,,,,,,,,,,,,,,,6,,,,,,,,,,,,,,,,,,,,COMPLETE
535,535,0.6802721088435374,2025-01-01 11:51:36.330807,2025-01-01 11:51:40.356315,0 days 00:00:04.025508,2,195,155.0,,,,,,,,,,,,,,,,,,,6,3.0,,,,,,,,,,,,,,,,,,,COMPLETE
536,536,0.4049707602339181,2025-01-01 11:51:40.356791,2025-01-01 11:51:43.279670,0 days 00:00:02.922879,1,200,,,,,,,,,,,,,,,,,,,,3,,,,,,,,,,,,,,,,,,,,COMPLETE
537,537,0.6382978723404256,2025-01-01 11:51:43.280134,2025-01-01 11:51:47.731432,0 days 00:00:04.451298,2,30,150.0,,,,,,,,,,,,,,,,,,,6,3.0,,,,,,,,,,,,,,,,,,,COMPLETE
538,538,0.0,2025-01-01 11:51:47.731926,2025-01-01 11:51:50.414855,0 days 00:00:02.682929,6,75,160.0,,,,,,,,,,,145.0,165.0,40.0,5.0,,,,,6,3.0,,,,,,,,,,,4.0,3.0,4.0,2.0,,,,,COMPLETE
539,539,0.5826923076923077,2025-01-01 11:51:50.415410,2025-01-01 11:51:54.412912,0 days 00:00:03.997502,2,190,145.0,,,,,,,,,,,,,,,,,,,5,3.0,,,,,,,,,,,,,,,,,,,COMPLETE
540,540,0.6126373626373627,2025-01-01 11:51:54.413376,2025-01-01 11:51:58.515782,0 days 00:00:04.102406,2,195,165.0,,,,,,,,,,,,,,,,,,,6,3.0,,,,,,,,,,,,,,,,,,,COMPLETE
541,541,0.3737373737373737,2025-01-01 11:51:58.516256,2025-01-01 11:52:02.258413,0 days 00:00:03.742157,1,80,,,,,,,,,,,,,,,,,,,,6,,,,,,,,,,,,,,,,,,,,COMPLETE
542,542,0.5820181731229077,2025-01-01 11:52:02.258881,2025-01-01 11:52:05.937354,0 days 00:00:03.678473,2,200,155.0,,,,,,,,,,,,,,,,,,,6,3.0,,,,,,,,,,,,,,,,,,,COMPLETE
543,543,0.5857142857142856,2025-01-01 11:52:05.937832,2025-01-01 11:52:09.271291,0 days 00:00:03.333459,2,190,160.0,,,,,,,,,,,,,,,,,,,6,3.0,,,,,,,,,,,,,,,,,,,COMPLETE
544,544,0.6124031007751938,2025-01-01 11:52:09.271773,2025-01-01 11:52:13.070015,0 days 00:00:03.798242,2,160,200.0,,,,,,,,,,,,,,,,,,,6,3.0,,,,,,,,,,,,,,,,,,,COMPLETE
545,545,0.565483476132191,2025-01-01 11:52:13.070488,2025-01-01 11:52:17.420645,0 days 00:00:04.350157,1,195,,,,,,,,,,,,,,,,,,,,6,,,,,,,,,,,,,,,,,,,,COMPLETE
546,546,0.0,2025-01-01 11:52:17.421099,2025-01-01 11:52:20.059693,0 days 00:00:02.638594,3,75,180.0,,,,,,,,,,,135.0,,,,,,,,6,3.0,,,,,,,,,,,4.0,,,,,,,,COMPLETE
547,547,0.5152777777777777,2025-01-01 11:52:20.060213,2025-01-01 11:52:23.185646,0 days 00:00:03.125433,2,70,165.0,,,,,,,,,,,,,,,,,,,6,3.0,,,,,,,,,,,,,,,,,,,COMPLETE
548,548,0.0,2025-01-01 11:52:23.186110,2025-01-01 11:52:25.989423,0 days 00:00:02.803313,3,190,145.0,,,,,,,,,,,160.0,,,,,,,,6,3.0,,,,,,,,,,,6.0,,,,,,,,COMPLETE
549,549,0.36363636363636365,2025-01-01 11:52:25.989951,2025-01-01 11:52:30.157861,0 days 00:00:04.167910,1,80,,,,,,,,,,,,,,,,,,,,6,,,,,,,,,,,,,,,,,,,,COMPLETE
550,550,0.6594202898550725,2025-01-01 11:52:30.158316,2025-01-01 11:52:34.628340,0 days 00:00:04.470024,2,55,175.0,,,,,,,,,,,,,,,,,,,6,3.0,,,,,,,,,,,,,,,,,,,COMPLETE
551,551,0.0,2025-01-01 11:52:34.628973,2025-01-01 11:52:36.832175,0 days 00:00:02.203202,3,195,185.0,,,,,,,,,,,165.0,,,,,,,,5,3.0,,,,,,,,,,,4.0,,,,,,,,COMPLETE
552,552,0.608983451536643,2025-01-01 11:52:36.832666,2025-01-01 11:52:41.156732,0 days 00:00:04.324066,2,200,170.0,,,,,,,,,,,,,,,,,,,6,3.0,,,,,,,,,,,,,,,,,,,COMPLETE
553,553,0.5115359261700725,2025-01-01 11:52:41.157216,2025-01-01 11:52:45.527228,0 days 00:00:04.370012,1,25,,,,,,,,,,,,,,,,,,,,6,,,,,,,,,,,,,,,,,,,,COMPLETE
554,554,0.6056003796867584,2025-01-01 11:52:45.527703,2025-01-01 11:52:48.231120,0 days 00:00:02.703417,2,80,155.0,,,,,,,,,,,,,,,,,,,6,3.0,,,,,,,,,,,,,,,,,,,COMPLETE
555,555,0.6022201665124884,2025-01-01 11:52:48.231586,2025-01-01 11:52:51.736671,0 days 00:00:03.505085,2,200,180.0,,,,,,,,,,,,,,,,,,,6,3.0,,,,,,,,,,,,,,,,,,,COMPLETE
556,556,0.7417582417582418,2025-01-01 11:52:51.737151,2025-01-01 11:52:57.940535,0 days 00:00:06.203384,3,65,150.0,,,,,,,,,,,140.0,,,,,,,,6,3.0,,,,,,,,,,,4.0,,,,,,,,COMPLETE
557,557,0.40032679738562094,2025-01-01 11:52:57.941056,2025-01-01 11:53:02.661893,0 days 00:00:04.720837,1,65,,,,,,,,,,,,,,,,,,,,6,,,,,,,,,,,,,,,,,,,,COMPLETE
558,558,0.6802721088435374,2025-01-01 11:53:02.662365,2025-01-01 11:53:07.556278,0 days 00:00:04.893913,3,60,130.0,,,,,,,,,,,140.0,,,,,,,,6,3.0,,,,,,,,,,,4.0,,,,,,,,COMPLETE
559,559,0.6632270168855534,2025-01-01 11:53:07.556810,2025-01-01 11:53:11.204047,0 days 00:00:03.647237,2,65,190.0,,,,,,,,,,,,,,,,,,,6,3.0,,,,,,,,,,,,,,,,,,,COMPLETE
560,560,0.5790697674418605,2025-01-01 11:53:11.204550,2025-01-01 11:53:15.686214,0 days 00:00:04.481664,3,45,125.0,,,,,,,,,,,125.0,,,,,,,,6,3.0,,,,,,,,,,,4.0,,,,,,,,COMPLETE
561,561,0.6168478260869565,2025-01-01 11:53:15.686732,2025-01-01 11:53:19.066873,0 days 00:00:03.380141,2,190,160.0,,,,,,,,,,,,,,,,,,,6,3.0,,,,,,,,,,,,,,,,,,,COMPLETE
562,562,0.6287878787878788,2025-01-01 11:53:19.067361,2025-01-01 11:53:22.971228,0 days 00:00:03.903867,1,60,,,,,,,,,,,,,,,,,,,,6,,,,,,,,,,,,,,,,,,,,COMPLETE
563,563,0.6802721088435374,2025-01-01 11:53:22.971718,2025-01-01 11:53:26.270324,0 days 00:00:03.298606,2,130,165.0,,,,,,,,,,,,,,,,,,,6,3.0,,,,,,,,,,,,,,,,,,,COMPLETE
564,564,0.5950113378684807,2025-01-01 11:53:26.270862,2025-01-01 11:53:32.372655,0 days 00:00:06.101793,3,65,180.0,,,,,,,,,,,145.0,,,,,,,,6,3.0,,,,,,,,,,,6.0,,,,,,,,COMPLETE
565,565,0.6794871794871795,2025-01-01 11:53:32.373179,2025-01-01 11:53:36.796585,0 days 00:00:04.423406,1,195,,,,,,,,,,,,,,,,,,,,6,,,,,,,,,,,,,,,,,,,,COMPLETE
566,566,0.0,2025-01-01 11:53:36.797064,2025-01-01 11:53:43.250086,0 days 00:00:06.453022,17,70,80.0,105.0,175.0,170.0,25.0,40.0,5.0,150.0,,,,130.0,95.0,170.0,100.0,10.0,65.0,160.0,140.0,4,3.0,2.0,2.0,6.0,6.0,4.0,5.0,3.0,,,,4.0,5.0,3.0,3.0,5.0,5.0,2.0,3.0,COMPLETE
567,567,0.0,2025-01-01 11:53:43.251093,2025-01-01 11:53:45.380857,0 days 00:00:02.129764,4,35,120.0,,,,,,,,,,,150.0,195.0,,,,,,,6,3.0,,,,,,,,,,,3.0,2.0,,,,,,,COMPLETE
568,568,0.6755637367694431,2025-01-01 11:53:45.381389,2025-01-01 11:53:49.137523,0 days 00:00:03.756134,2,190,140.0,,,,,,,,,,,,,,,,,,,6,3.0,,,,,,,,,,,,,,,,,,,COMPLETE
569,569,0.3270944741532977,2025-01-01 11:53:49.138019,2025-01-01 11:53:51.783243,0 days 00:00:02.645224,1,140,,,,,,,,,,,,,,,,,,,,5,,,,,,,,,,,,,,,,,,,,COMPLETE
570,570,0.6275058275058275,2025-01-01 11:53:51.783717,2025-01-01 11:53:55.847599,0 days 00:00:04.063882,3,20,150.0,,,,,,,,,,,115.0,,,,,,,,6,3.0,,,,,,,,,,,4.0,,,,,,,,COMPLETE
571,571,0.6586073500967118,2025-01-01 11:53:55.848119,2025-01-01 11:53:59.860975,0 days 00:00:04.012856,2,55,5.0,,,,,,,,,,,,,,,,,,,6,3.0,,,,,,,,,,,,,,,,,,,COMPLETE
572,572,0.637641723356009,2025-01-01 11:53:59.861490,2025-01-01 11:54:03.807144,0 days 00:00:03.945654,2,200,170.0,,,,,,,,,,,,,,,,,,,6,3.0,,,,,,,,,,,,,,,,,,,COMPLETE
573,573,0.525062656641604,2025-01-01 11:54:03.807654,2025-01-01 11:54:07.775230,0 days 00:00:03.967576,1,195,,,,,,,,,,,,,,,,,,,,6,,,,,,,,,,,,,,,,,,,,COMPLETE
574,574,0.0,2025-01-01 11:54:07.775718,2025-01-01 11:54:10.442694,0 days 00:00:02.666976,4,195,155.0,,,,,,,,,,,135.0,140.0,,,,,,,6,3.0,,,,,,,,,,,4.0,4.0,,,,,,,COMPLETE
575,575,0.0,2025-01-01 11:54:10.443227,2025-01-01 11:54:13.160821,0 days 00:00:02.717594,3,185,135.0,,,,,,,,,,,180.0,,,,,,,,6,3.0,,,,,,,,,,,6.0,,,,,,,,COMPLETE
576,576,0.0,2025-01-01 11:54:13.161359,2025-01-01 11:54:19.288891,0 days 00:00:06.127532,13,200,10.0,175.0,55.0,60.0,,,,,,,,120.0,130.0,125.0,135.0,90.0,165.0,60.0,5.0,6,3.0,4.0,4.0,5.0,,,,,,,,3.0,5.0,2.0,5.0,3.0,2.0,4.0,2.0,COMPLETE
577,577,0.6356589147286822,2025-01-01 11:54:19.289651,2025-01-01 11:54:22.019244,0 days 00:00:02.729593,2,190,100.0,,,,,,,,,,,,,,,,,,,6,3.0,,,,,,,,,,,,,,,,,,,COMPLETE
578,578,0.5432624113475177,2025-01-01 11:54:22.019751,2025-01-01 11:54:25.167112,0 days 00:00:03.147361,2,15,165.0,,,,,,,,,,,,,,,,,,,6,3.0,,,,,,,,,,,,,,,,,,,COMPLETE
579,579,0.0,2025-01-01 11:54:25.167621,2025-01-01 11:54:28.274961,0 days 00:00:03.107340,3,195,160.0,,,,,,,,,,,195.0,,,,,,,,6,3.0,,,,,,,,,,,5.0,,,,,,,,COMPLETE
580,580,0.6950757575757576,2025-01-01 11:54:28.275477,2025-01-01 11:54:31.320402,0 days 00:00:03.044925,2,50,145.0,,,,,,,,,,,,,,,,,,,6,3.0,,,,,,,,,,,,,,,,,,,COMPLETE
581,581,0.0,2025-01-01 11:54:31.320921,2025-01-01 11:54:35.052066,0 days 00:00:03.731145,5,45,140.0,,,,,,,,,,,140.0,80.0,80.0,,,,,,5,3.0,,,,,,,,,,,4.0,6.0,6.0,,,,,,COMPLETE
582,582,0.35357142857142854,2025-01-01 11:54:35.052668,2025-01-01 11:54:39.495924,0 days 00:00:04.443256,1,50,,,,,,,,,,,,,,,,,,,,6,,,,,,,,,,,,,,,,,,,,COMPLETE
583,583,0.0,2025-01-01 11:54:39.496446,2025-01-01 11:54:44.097563,0 days 00:00:04.601117,8,50,145.0,,,,,,,,,,,200.0,120.0,140.0,40.0,35.0,30.0,,,6,3.0,,,,,,,,,,,5.0,3.0,5.0,4.0,6.0,3.0,,,COMPLETE
584,584,0.5682926829268293,2025-01-01 11:54:44.098222,2025-01-01 11:54:47.563457,0 days 00:00:03.465235,2,60,145.0,,,,,,,,,,,,,,,,,,,6,5.0,,,,,,,,,,,,,,,,,,,COMPLETE
585,585,0.6428571428571428,2025-01-01 11:54:47.563972,2025-01-01 11:54:52.752312,0 days 00:00:05.188340,3,40,145.0,,,,,,,,,,,130.0,,,,,,,,6,3.0,,,,,,,,,,,3.0,,,,,,,,COMPLETE
586,586,0.6594202898550725,2025-01-01 11:54:52.752847,2025-01-01 11:54:56.080415,0 days 00:00:03.327568,2,30,140.0,,,,,,,,,,,,,,,,,,,6,3.0,,,,,,,,,,,,,,,,,,,COMPLETE
587,587,0.5314505776636713,2025-01-01 11:54:56.081050,2025-01-01 11:55:00.226592,0 days 00:00:04.145542,1,70,,,,,,,,,,,,,,,,,,,,6,,,,,,,,,,,,,,,,,,,,COMPLETE
588,588,0.6452358926919519,2025-01-01 11:55:00.227068,2025-01-01 11:55:04.548924,0 days 00:00:04.321856,3,20,150.0,,,,,,,,,,,45.0,,,,,,,,6,3.0,,,,,,,,,,,4.0,,,,,,,,COMPLETE
589,589,0.6168478260869565,2025-01-01 11:55:04.549453,2025-01-01 11:55:07.752214,0 days 00:00:03.202761,2,55,150.0,,,,,,,,,,,,,,,,,,,6,3.0,,,,,,,,,,,,,,,,,,,COMPLETE
590,590,0.6356589147286822,2025-01-01 11:55:07.752774,2025-01-01 11:55:11.946470,0 days 00:00:04.193696,2,60,110.0,,,,,,,,,,,,,,,,,,,4,3.0,,,,,,,,,,,,,,,,,,,COMPLETE
591,591,0.5675057208237986,2025-01-01 11:55:11.946990,2025-01-01 11:55:15.857429,0 days 00:00:03.910439,1,125,,,,,,,,,,,,,,,,,,,,6,,,,,,,,,,,,,,,,,,,,COMPLETE
592,592,0.7023584905660378,2025-01-01 11:55:15.857918,2025-01-01 11:55:20.797524,0 days 00:00:04.939606,3,85,135.0,,,,,,,,,,,155.0,,,,,,,,6,3.0,,,,,,,,,,,5.0,,,,,,,,COMPLETE
593,593,0.6802721088435374,2025-01-01 11:55:20.798051,2025-01-01 11:55:25.834578,0 days 00:00:05.036527,3,35,130.0,,,,,,,,,,,150.0,,,,,,,,6,3.0,,,,,,,,,,,5.0,,,,,,,,COMPLETE
594,594,0.5952157598499062,2025-01-01 11:55:25.835098,2025-01-01 11:55:30.521464,0 days 00:00:04.686366,3,40,140.0,,,,,,,,,,,160.0,,,,,,,,6,3.0,,,,,,,,,,,5.0,,,,,,,,COMPLETE
595,595,0.0,2025-01-01 11:55:30.522010,2025-01-01 11:55:33.375997,0 days 00:00:02.853987,4,90,140.0,,,,,,,,,,,155.0,55.0,,,,,,,6,3.0,,,,,,,,,,,5.0,5.0,,,,,,,COMPLETE
596,596,0.0,2025-01-01 11:55:33.376568,2025-01-01 11:55:35.689645,0 days 00:00:02.313077,4,105,130.0,,,,,,,,,,,145.0,25.0,,,,,,,3,3.0,,,,,,,,,,,5.0,2.0,,,,,,,COMPLETE
597,597,0.5742753623188406,2025-01-01 11:55:35.690173,2025-01-01 11:55:40.909808,0 days 00:00:05.219635,3,85,135.0,,,,,,,,,,,170.0,,,,,,,,5,3.0,,,,,,,,,,,5.0,,,,,,,,COMPLETE
598,598,0.5441176470588236,2025-01-01 11:55:40.910345,2025-01-01 11:55:46.005670,0 days 00:00:05.095325,3,85,25.0,,,,,,,,,,,185.0,,,,,,,,6,3.0,,,,,,,,,,,4.0,,,,,,,,COMPLETE
599,599,0.5742753623188406,2025-01-01 11:55:46.006211,2025-01-01 11:55:54.702772,0 days 00:00:08.696561,4,25,135.0,,,,,,,,,,,150.0,40.0,,,,,,,6,3.0,,,,,,,,,,,5.0,4.0,,,,,,,COMPLETE
600,600,0.0,2025-01-01 11:55:54.703376,2025-01-01 11:55:57.229331,0 days 00:00:02.525955,3,150,135.0,,,,,,,,,,,175.0,,,,,,,,2,3.0,,,,,,,,,,,4.0,,,,,,,,COMPLETE
601,601,0.6581818181818182,2025-01-01 11:55:57.229850,2025-01-01 11:56:04.336406,0 days 00:00:07.106556,3,165,125.0,,,,,,,,,,,165.0,,,,,,,,6,3.0,,,,,,,,,,,5.0,,,,,,,,COMPLETE
602,602,0.6126373626373627,2025-01-01 11:56:04.336953,2025-01-01 11:56:09.654437,0 days 00:00:05.317484,3,180,145.0,,,,,,,,,,,140.0,,,,,,,,6,3.0,,,,,,,,,,,5.0,,,,,,,,COMPLETE
603,603,0.0,2025-01-01 11:56:09.655121,2025-01-01 11:56:12.490386,0 days 00:00:02.835265,3,85,150.0,,,,,,,,,,,125.0,,,,,,,,6,3.0,,,,,,,,,,,4.0,,,,,,,,COMPLETE
604,604,0.4542002847650688,2025-01-01 11:56:12.490896,2025-01-01 11:56:20.344144,0 days 00:00:07.853248,4,165,15.0,,,,,,,,,,,155.0,65.0,,,,,,,6,3.0,,,,,,,,,,,6.0,3.0,,,,,,,COMPLETE
605,605,0.6371980676328503,2025-01-01 11:56:20.344706,2025-01-01 11:56:24.049163,0 days 00:00:03.704457,2,90,115.0,,,,,,,,,,,,,,,,,,,6,3.0,,,,,,,,,,,,,,,,,,,COMPLETE
606,606,0.6366771159874608,2025-01-01 11:56:24.049675,2025-01-01 11:56:27.751727,0 days 00:00:03.702052,1,75,,,,,,,,,,,,,,,,,,,,6,,,,,,,,,,,,,,,,,,,,COMPLETE
607,607,0.637641723356009,2025-01-01 11:56:27.752255,2025-01-01 11:56:31.074473,0 days 00:00:03.322218,2,65,105.0,,,,,,,,,,,,,,,,,,,6,3.0,,,,,,,,,,,,,,,,,,,COMPLETE
608,608,0.0,2025-01-01 11:56:31.074981,2025-01-01 11:56:41.482677,0 days 00:00:10.407696,19,185,25.0,200.0,95.0,145.0,35.0,170.0,165.0,55.0,85.0,105.0,,135.0,175.0,105.0,55.0,75.0,190.0,190.0,100.0,5,3.0,6.0,5.0,3.0,2.0,5.0,2.0,5.0,3.0,4.0,,5.0,4.0,2.0,3.0,2.0,4.0,6.0,6.0,COMPLETE
609,609,0.637641723356009,2025-01-01 11:56:41.483474,2025-01-01 11:56:46.594754,0 days 00:00:05.111280,2,30,140.0,,,,,,,,,,,,,,,,,,,6,3.0,,,,,,,,,,,,,,,,,,,COMPLETE
610,610,0.4285714285714286,2025-01-01 11:56:46.595273,2025-01-01 11:56:50.335892,0 days 00:00:03.740619,1,100,,,,,,,,,,,,,,,,,,,,6,,,,,,,,,,,,,,,,,,,,COMPLETE
611,611,0.0,2025-01-01 11:56:50.336368,2025-01-01 11:56:52.591836,0 days 00:00:02.255468,3,190,135.0,,,,,,,,,,,180.0,,,,,,,,6,3.0,,,,,,,,,,,4.0,,,,,,,,COMPLETE
612,612,0.49257884972170685,2025-01-01 11:56:52.592349,2025-01-01 11:56:56.113758,0 days 00:00:03.521409,2,50,30.0,,,,,,,,,,,,,,,,,,,6,3.0,,,,,,,,,,,,,,,,,,,COMPLETE
613,613,0.0,2025-01-01 11:56:56.114262,2025-01-01 11:56:59.097998,0 days 00:00:02.983736,4,45,195.0,,,,,,,,,,,195.0,135.0,,,,,,,6,3.0,,,,,,,,,,,5.0,6.0,,,,,,,COMPLETE
614,614,0.6624649859943978,2025-01-01 11:56:59.098554,2025-01-01 11:57:02.942853,0 days 00:00:03.844299,2,55,130.0,,,,,,,,,,,,,,,,,,,6,3.0,,,,,,,,,,,,,,,,,,,COMPLETE
615,615,0.5864621893178212,2025-01-01 11:57:02.943420,2025-01-01 11:57:08.222052,0 days 00:00:05.278632,3,80,20.0,,,,,,,,,,,190.0,,,,,,,,6,3.0,,,,,,,,,,,4.0,,,,,,,,COMPLETE
616,616,0.6333333333333333,2025-01-01 11:57:08.222588,2025-01-01 11:57:12.718987,0 days 00:00:04.496399,1,70,,,,,,,,,,,,,,,,,,,,6,,,,,,,,,,,,,,,,,,,,COMPLETE
617,617,0.6236111111111111,2025-01-01 11:57:12.719479,2025-01-01 11:57:17.015086,0 days 00:00:04.295607,2,160,120.0,,,,,,,,,,,,,,,,,,,6,3.0,,,,,,,,,,,,,,,,,,,COMPLETE
618,618,0.5531914893617021,2025-01-01 11:57:17.015610,2025-01-01 11:57:23.175457,0 days 00:00:06.159847,3,85,150.0,,,,,,,,,,,25.0,,,,,,,,5,3.0,,,,,,,,,,,5.0,,,,,,,,COMPLETE
619,619,0.0,2025-01-01 11:57:23.176151,2025-01-01 11:57:35.209977,0 days 00:00:12.033826,20,190,145.0,20.0,160.0,25.0,135.0,110.0,65.0,155.0,150.0,95.0,195.0,135.0,145.0,155.0,115.0,135.0,110.0,40.0,185.0,4,3.0,3.0,3.0,4.0,4.0,3.0,6.0,5.0,5.0,4.0,2.0,3.0,5.0,4.0,6.0,5.0,5.0,5.0,4.0,COMPLETE
620,620,0.5265567765567765,2025-01-01 11:57:35.210950,2025-01-01 11:57:39.440031,0 days 00:00:04.229081,2,20,185.0,,,,,,,,,,,,,,,,,,,6,3.0,,,,,,,,,,,,,,,,,,,COMPLETE
621,621,0.41666666666666663,2025-01-01 11:57:39.440556,2025-01-01 11:57:43.361763,0 days 00:00:03.921207,1,180,,,,,,,,,,,,,,,,,,,,6,,,,,,,,,,,,,,,,,,,,COMPLETE
622,622,0.6413255360623782,2025-01-01 11:57:43.362275,2025-01-01 11:57:48.736102,0 days 00:00:05.373827,3,15,35.0,,,,,,,,,,,170.0,,,,,,,,6,3.0,,,,,,,,,,,6.0,,,,,,,,COMPLETE
623,623,0.6349924585218703,2025-01-01 11:57:48.736639,2025-01-01 11:57:51.875284,0 days 00:00:03.138645,2,90,155.0,,,,,,,,,,,,,,,,,,,6,3.0,,,,,,,,,,,,,,,,,,,COMPLETE
624,624,0.5950113378684807,2025-01-01 11:57:51.875790,2025-01-01 11:57:55.725451,0 days 00:00:03.849661,2,65,15.0,,,,,,,,,,,,,,,,,,,6,3.0,,,,,,,,,,,,,,,,,,,COMPLETE
625,625,0.6808510638297872,2025-01-01 11:57:55.725979,2025-01-01 11:58:01.305196,0 days 00:00:05.579217,3,40,125.0,,,,,,,,,,,160.0,,,,,,,,6,3.0,,,,,,,,,,,5.0,,,,,,,,COMPLETE
626,626,0.4939271255060729,2025-01-01 11:58:01.305742,2025-01-01 11:58:05.341061,0 days 00:00:04.035319,1,195,,,,,,,,,,,,,,,,,,,,6,,,,,,,,,,,,,,,,,,,,COMPLETE
627,627,0.6655813953488372,2025-01-01 11:58:05.341554,2025-01-01 11:58:09.191710,0 days 00:00:03.850156,2,80,30.0,,,,,,,,,,,,,,,,,,,6,3.0,,,,,,,,,,,,,,,,,,,COMPLETE
628,628,0.49444444444444446,2025-01-01 11:58:09.192205,2025-01-01 11:58:12.936247,0 days 00:00:03.744042,2,180,145.0,,,,,,,,,,,,,,,,,,,6,3.0,,,,,,,,,,,,,,,,,,,COMPLETE
629,629,0.5322128851540616,2025-01-01 11:58:12.936770,2025-01-01 11:58:18.403879,0 days 00:00:05.467109,3,115,20.0,,,,,,,,,,,150.0,,,,,,,,6,3.0,,,,,,,,,,,4.0,,,,,,,,COMPLETE
630,630,0.0,2025-01-01 11:58:18.404468,2025-01-01 11:58:23.141722,0 days 00:00:04.737254,10,185,155.0,,,,,,,,,,,145.0,105.0,185.0,25.0,145.0,95.0,85.0,195.0,6,3.0,,,,,,,,,,,5.0,2.0,6.0,2.0,3.0,3.0,3.0,6.0,COMPLETE
631,631,0.0,2025-01-01 11:58:23.142465,2025-01-01 11:58:26.734339,0 days 00:00:03.591874,7,75,10.0,,,,,,,,,,,120.0,75.0,70.0,80.0,115.0,,,,6,3.0,,,,,,,,,,,3.0,3.0,3.0,4.0,4.0,,,,COMPLETE
632,632,0.0,2025-01-01 11:58:26.734982,2025-01-01 11:58:29.523989,0 days 00:00:02.789007,4,190,190.0,,,,,,,,,,,130.0,5.0,,,,,,,6,3.0,,,,,,,,,,,5.0,4.0,,,,,,,COMPLETE
633,633,0.6223776223776224,2025-01-01 11:58:29.524690,2025-01-01 11:58:32.242018,0 days 00:00:02.717328,1,95,,,,,,,,,,,,,,,,,,,,5,,,,,,,,,,,,,,,,,,,,COMPLETE
634,634,0.0,2025-01-01 11:58:32.242517,2025-01-01 11:58:34.301284,0 days 00:00:02.058767,3,170,135.0,,,,,,,,,,,185.0,,,,,,,,3,3.0,,,,,,,,,,,4.0,,,,,,,,COMPLETE
635,635,0.637641723356009,2025-01-01 11:58:34.301829,2025-01-01 11:58:38.427723,0 days 00:00:04.125894,2,85,145.0,,,,,,,,,,,,,,,,,,,6,3.0,,,,,,,,,,,,,,,,,,,COMPLETE
636,636,0.5756302521008403,2025-01-01 11:58:38.428236,2025-01-01 11:58:42.136795,0 days 00:00:03.708559,2,45,150.0,,,,,,,,,,,,,,,,,,,6,3.0,,,,,,,,,,,,,,,,,,,COMPLETE
637,637,0.42142857142857143,2025-01-01 11:58:42.137304,2025-01-01 11:58:46.577369,0 days 00:00:04.440065,1,195,,,,,,,,,,,,,,,,,,,,6,,,,,,,,,,,,,,,,,,,,COMPLETE
638,638,0.53,2025-01-01 11:58:46.577887,2025-01-01 11:58:51.411369,0 days 00:00:04.833482,2,200,25.0,,,,,,,,,,,,,,,,,,,6,4.0,,,,,,,,,,,,,,,,,,,COMPLETE
639,639,0.6168478260869565,2025-01-01 11:58:51.411912,2025-01-01 11:58:56.440004,0 days 00:00:05.028092,3,60,140.0,,,,,,,,,,,90.0,,,,,,,,6,3.0,,,,,,,,,,,5.0,,,,,,,,COMPLETE
640,640,0.0,2025-01-01 11:58:56.440551,2025-01-01 11:58:59.493320,0 days 00:00:03.052769,4,30,150.0,,,,,,,,,,,140.0,35.0,,,,,,,6,3.0,,,,,,,,,,,6.0,5.0,,,,,,,COMPLETE
641,641,0.0,2025-01-01 11:58:59.493894,2025-01-01 11:59:01.996132,0 days 00:00:02.502238,3,80,185.0,,,,,,,,,,,115.0,,,,,,,,6,3.0,,,,,,,,,,,3.0,,,,,,,,COMPLETE
642,642,0.49324324324324326,2025-01-01 11:59:01.996665,2025-01-01 11:59:06.376553,0 days 00:00:04.379888,1,55,,,,,,,,,,,,,,,,,,,,6,,,,,,,,,,,,,,,,,,,,COMPLETE
643,643,0.6287878787878788,2025-01-01 11:59:06.377041,2025-01-01 11:59:09.268299,0 days 00:00:02.891258,2,185,115.0,,,,,,,,,,,,,,,,,,,6,3.0,,,,,,,,,,,,,,,,,,,COMPLETE
644,644,0.5764102564102564,2025-01-01 11:59:09.268822,2025-01-01 11:59:13.935516,0 days 00:00:04.666694,1,175,,,,,,,,,,,,,,,,,,,,6,,,,,,,,,,,,,,,,,,,,COMPLETE
645,645,0.6666666666666666,2025-01-01 11:59:13.936013,2025-01-01 11:59:16.858389,0 days 00:00:02.922376,2,70,5.0,,,,,,,,,,,,,,,,,,,6,3.0,,,,,,,,,,,,,,,,,,,COMPLETE
646,646,0.5701357466063348,2025-01-01 11:59:16.858917,2025-01-01 11:59:22.001811,0 days 00:00:05.142894,3,150,20.0,,,,,,,,,,,165.0,,,,,,,,6,4.0,,,,,,,,,,,4.0,,,,,,,,COMPLETE
647,647,0.6154545454545455,2025-01-01 11:59:22.002350,2025-01-01 11:59:26.161000,0 days 00:00:04.158650,1,25,,,,,,,,,,,,,,,,,,,,6,,,,,,,,,,,,,,,,,,,,COMPLETE
648,648,0.6802721088435374,2025-01-01 11:59:26.161550,2025-01-01 11:59:32.225286,0 days 00:00:06.063736,3,110,140.0,,,,,,,,,,,145.0,,,,,,,,6,3.0,,,,,,,,,,,5.0,,,,,,,,COMPLETE
649,649,0.6257142857142857,2025-01-01 11:59:32.225844,2025-01-01 11:59:35.563644,0 days 00:00:03.337800,2,90,155.0,,,,,,,,,,,,,,,,,,,6,3.0,,,,,,,,,,,,,,,,,,,COMPLETE
650,650,0.6651205936920223,2025-01-01 11:59:35.564157,2025-01-01 11:59:38.872666,0 days 00:00:03.308509,2,75,90.0,,,,,,,,,,,,,,,,,,,6,3.0,,,,,,,,,,,,,,,,,,,COMPLETE
651,651,0.0,2025-01-01 11:59:38.873171,2025-01-01 11:59:41.704645,0 days 00:00:02.831474,4,120,10.0,,,,,,,,,,,200.0,100.0,,,,,,,5,3.0,,,,,,,,,,,4.0,6.0,,,,,,,COMPLETE
652,652,0.5695970695970696,2025-01-01 11:59:41.705351,2025-01-01 11:59:45.610327,0 days 00:00:03.904976,2,195,190.0,,,,,,,,,,,,,,,,,,,6,3.0,,,,,,,,,,,,,,,,,,,COMPLETE
653,653,0.0,2025-01-01 11:59:45.610864,2025-01-01 11:59:48.435153,0 days 00:00:02.824289,5,105,135.0,,,,,,,,,,,125.0,15.0,15.0,,,,,,6,3.0,,,,,,,,,,,5.0,2.0,2.0,,,,,,COMPLETE
654,654,0.5727272727272728,2025-01-01 11:59:48.435736,2025-01-01 11:59:52.407915,0 days 00:00:03.972179,3,20,15.0,,,,,,,,,,,155.0,,,,,,,,6,3.0,,,,,,,,,,,3.0,,,,,,,,COMPLETE
655,655,0.5452991452991452,2025-01-01 11:59:52.408448,2025-01-01 11:59:56.514642,0 days 00:00:04.106194,1,190,,,,,,,,,,,,,,,,,,,,6,,,,,,,,,,,,,,,,,,,,COMPLETE
656,656,0.6624649859943978,2025-01-01 11:59:56.515142,2025-01-01 12:00:00.710027,0 days 00:00:04.194885,2,200,25.0,,,,,,,,,,,,,,,,,,,4,3.0,,,,,,,,,,,,,,,,,,,COMPLETE
657,657,0.6581818181818182,2025-01-01 12:00:00.710569,2025-01-01 12:00:08.290228,0 days 00:00:07.579659,3,85,180.0,,,,,,,,,,,190.0,,,,,,,,3,3.0,,,,,,,,,,,6.0,,,,,,,,COMPLETE
658,658,0.6423255813953488,2025-01-01 12:00:08.290785,2025-01-01 12:00:12.647202,0 days 00:00:04.356417,2,15,130.0,,,,,,,,,,,,,,,,,,,6,3.0,,,,,,,,,,,,,,,,,,,COMPLETE
659,659,0.559204440333025,2025-01-01 12:00:12.647733,2025-01-01 12:00:17.748155,0 days 00:00:05.100422,3,35,30.0,,,,,,,,,,,175.0,,,,,,,,4,3.0,,,,,,,,,,,4.0,,,,,,,,COMPLETE
660,660,0.48008534850640117,2025-01-01 12:00:17.748696,2025-01-01 12:00:22.662878,0 days 00:00:04.914182,1,95,,,,,,,,,,,,,,,,,,,,6,,,,,,,,,,,,,,,,,,,,COMPLETE
661,661,0.6556776556776557,2025-01-01 12:00:22.663384,2025-01-01 12:00:28.172601,0 days 00:00:05.509217,3,190,120.0,,,,,,,,,,,60.0,,,,,,,,6,3.0,,,,,,,,,,,3.0,,,,,,,,COMPLETE
662,662,0.5957446808510638,2025-01-01 12:00:28.173149,2025-01-01 12:00:31.591924,0 days 00:00:03.418775,2,195,160.0,,,,,,,,,,,,,,,,,,,6,3.0,,,,,,,,,,,,,,,,,,,COMPLETE
663,663,0.64642166344294,2025-01-01 12:00:31.592449,2025-01-01 12:00:36.546859,0 days 00:00:04.954410,1,200,,,,,,,,,,,,,,,,,,,,6,,,,,,,,,,,,,,,,,,,,COMPLETE
664,664,0.5619047619047619,2025-01-01 12:00:36.547413,2025-01-01 12:00:40.389226,0 days 00:00:03.841813,2,70,150.0,,,,,,,,,,,,,,,,,,,6,3.0,,,,,,,,,,,,,,,,,,,COMPLETE
665,665,0.0,2025-01-01 12:00:40.389755,2025-01-01 12:00:43.011582,0 days 00:00:02.621827,4,75,175.0,,,,,,,,,,,185.0,45.0,,,,,,,6,3.0,,,,,,,,,,,5.0,3.0,,,,,,,COMPLETE
666,666,0.7097222222222223,2025-01-01 12:00:43.012193,2025-01-01 12:00:47.008739,0 days 00:00:03.996546,3,85,140.0,,,,,,,,,,,110.0,,,,,,,,6,3.0,,,,,,,,,,,4.0,,,,,,,,COMPLETE
667,667,0.0,2025-01-01 12:00:47.009298,2025-01-01 12:00:49.635984,0 days 00:00:02.626686,4,95,140.0,,,,,,,,,,,110.0,70.0,,,,,,,6,3.0,,,,,,,,,,,4.0,4.0,,,,,,,COMPLETE
668,668,0.0,2025-01-01 12:00:49.636696,2025-01-01 12:00:53.717282,0 days 00:00:04.080586,6,90,145.0,,,,,,,,,,,100.0,195.0,30.0,65.0,,,,,6,3.0,,,,,,,,,,,3.0,6.0,3.0,6.0,,,,,COMPLETE
669,669,0.7305555555555556,2025-01-01 12:00:53.717906,2025-01-01 12:00:59.641949,0 days 00:00:05.924043,3,85,135.0,,,,,,,,,,,105.0,,,,,,,,6,6.0,,,,,,,,,,,4.0,,,,,,,,COMPLETE
670,670,0.6168478260869565,2025-01-01 12:00:59.642505,2025-01-01 12:01:09.228175,0 days 00:00:09.585670,4,85,135.0,,,,,,,,,,,90.0,55.0,,,,,,,4,6.0,,,,,,,,,,,4.0,5.0,,,,,,,COMPLETE
671,671,0.6236111111111111,2025-01-01 12:01:09.228775,2025-01-01 12:01:14.931243,0 days 00:00:05.702468,3,90,130.0,,,,,,,,,,,100.0,,,,,,,,6,5.0,,,,,,,,,,,4.0,,,,,,,,COMPLETE
672,672,0.0,2025-01-01 12:01:14.931810,2025-01-01 12:01:17.149942,0 days 00:00:02.218132,4,100,140.0,,,,,,,,,,,85.0,180.0,,,,,,,4,3.0,,,,,,,,,,,4.0,2.0,,,,,,,COMPLETE
673,673,0.6168478260869565,2025-01-01 12:01:17.150487,2025-01-01 12:01:22.649876,0 days 00:00:05.499389,3,90,135.0,,,,,,,,,,,105.0,,,,,,,,6,5.0,,,,,,,,,,,4.0,,,,,,,,COMPLETE
674,674,0.5890473999079613,2025-01-01 12:01:22.650432,2025-01-01 12:01:29.451967,0 days 00:00:06.801535,3,85,130.0,,,,,,,,,,,105.0,,,,,,,,4,5.0,,,,,,,,,,,4.0,,,,,,,,COMPLETE
675,675,0.6356589147286822,2025-01-01 12:01:29.452547,2025-01-01 12:01:35.301613,0 days 00:00:05.849066,3,80,145.0,,,,,,,,,,,115.0,,,,,,,,4,5.0,,,,,,,,,,,4.0,,,,,,,,COMPLETE
676,676,0.6713286713286714,2025-01-01 12:01:35.302169,2025-01-01 12:01:40.681216,0 days 00:00:05.379047,3,85,140.0,,,,,,,,,,,95.0,,,,,,,,4,3.0,,,,,,,,,,,4.0,,,,,,,,COMPLETE
677,677,0.0,2025-01-01 12:01:40.681773,2025-01-01 12:01:43.611135,0 days 00:00:02.929362,4,85,135.0,,,,,,,,,,,110.0,155.0,,,,,,,4,6.0,,,,,,,,,,,4.0,4.0,,,,,,,COMPLETE
678,678,0.6581818181818182,2025-01-01 12:01:43.611726,2025-01-01 12:01:48.781348,0 days 00:00:05.169622,3,95,125.0,,,,,,,,,,,115.0,,,,,,,,4,6.0,,,,,,,,,,,4.0,,,,,,,,COMPLETE
679,679,0.637641723356009,2025-01-01 12:01:48.781901,2025-01-01 12:01:55.079110,0 days 00:00:06.297209,3,80,145.0,,,,,,,,,,,85.0,,,,,,,,4,3.0,,,,,,,,,,,5.0,,,,,,,,COMPLETE
680,680,0.6356589147286822,2025-01-01 12:01:55.079688,2025-01-01 12:02:02.233640,0 days 00:00:07.153952,3,85,135.0,,,,,,,,,,,95.0,,,,,,,,6,6.0,,,,,,,,,,,5.0,,,,,,,,COMPLETE
681,681,0.0,2025-01-01 12:02:02.234196,2025-01-01 12:02:05.986127,0 days 00:00:03.751931,5,95,140.0,,,,,,,,,,,125.0,165.0,195.0,,,,,,6,4.0,,,,,,,,,,,4.0,5.0,6.0,,,,,,COMPLETE
682,682,0.5742753623188406,2025-01-01 12:02:05.986889,2025-01-01 12:02:11.895241,0 days 00:00:05.908352,3,50,150.0,,,,,,,,,,,120.0,,,,,,,,6,3.0,,,,,,,,,,,5.0,,,,,,,,COMPLETE
683,683,0.0,2025-01-01 12:02:11.895804,2025-01-01 12:02:14.216890,0 days 00:00:02.321086,4,25,140.0,,,,,,,,,,,110.0,15.0,,,,,,,6,3.0,,,,,,,,,,,3.0,3.0,,,,,,,COMPLETE
684,684,0.5950113378684807,2025-01-01 12:02:14.217434,2025-01-01 12:02:19.640217,0 days 00:00:05.422783,3,80,130.0,,,,,,,,,,,135.0,,,,,,,,6,3.0,,,,,,,,,,,5.0,,,,,,,,COMPLETE
685,685,0.5584415584415584,2025-01-01 12:02:19.640773,2025-01-01 12:02:25.401926,0 days 00:00:05.761153,3,90,155.0,,,,,,,,,,,100.0,,,,,,,,6,6.0,,,,,,,,,,,4.0,,,,,,,,COMPLETE
686,686,0.0,2025-01-01 12:02:25.402493,2025-01-01 12:02:27.874405,0 days 00:00:02.471912,4,90,145.0,,,,,,,,,,,125.0,110.0,,,,,,,6,3.0,,,,,,,,,,,5.0,2.0,,,,,,,COMPLETE
687,687,0.5727272727272728,2025-01-01 12:02:27.874958,2025-01-01 12:02:32.754053,0 days 00:00:04.879095,3,10,130.0,,,,,,,,,,,130.0,,,,,,,,6,3.0,,,,,,,,,,,4.0,,,,,,,,COMPLETE
688,688,0.6126373626373627,2025-01-01 12:02:32.754627,2025-01-01 12:02:37.029595,0 days 00:00:04.274968,3,60,140.0,,,,,,,,,,,105.0,,,,,,,,6,4.0,,,,,,,,,,,3.0,,,,,,,,COMPLETE
689,689,0.6428571428571428,2025-01-01 12:02:37.030134,2025-01-01 12:02:41.041969,0 days 00:00:04.011835,3,170,145.0,,,,,,,,,,,120.0,,,,,,,,6,3.0,,,,,,,,,,,3.0,,,,,,,,COMPLETE
690,690,0.6396226415094339,2025-01-01 12:02:41.042505,2025-01-01 12:02:45.149679,0 days 00:00:04.107174,2,20,125.0,,,,,,,,,,,,,,,,,,,6,3.0,,,,,,,,,,,,,,,,,,,COMPLETE
691,691,0.0,2025-01-01 12:02:45.150217,2025-01-01 12:02:48.325718,0 days 00:00:03.175501,4,35,70.0,,,,,,,,,,,110.0,125.0,,,,,,,6,3.0,,,,,,,,,,,5.0,6.0,,,,,,,COMPLETE
692,692,0.6742424242424242,2025-01-01 12:02:48.326275,2025-01-01 12:02:52.516721,0 days 00:00:04.190446,3,145,105.0,,,,,,,,,,,80.0,,,,,,,,4,3.0,,,,,,,,,,,3.0,,,,,,,,COMPLETE
693,693,0.5152777777777777,2025-01-01 12:02:52.517262,2025-01-01 12:02:55.947353,0 days 00:00:03.430091,2,80,100.0,,,,,,,,,,,,,,,,,,,6,3.0,,,,,,,,,,,,,,,,,,,COMPLETE
694,694,0.6882516188714154,2025-01-01 12:02:55.947876,2025-01-01 12:02:59.258904,0 days 00:00:03.311028,2,65,20.0,,,,,,,,,,,,,,,,,,,6,3.0,,,,,,,,,,,,,,,,,,,COMPLETE
695,695,0.6022201665124884,2025-01-01 12:02:59.259420,2025-01-01 12:03:04.907949,0 days 00:00:05.648529,3,65,20.0,,,,,,,,,,,115.0,,,,,,,,6,3.0,,,,,,,,,,,5.0,,,,,,,,COMPLETE
696,696,0.5070679434564523,2025-01-01 12:03:04.908513,2025-01-01 12:03:08.488331,0 days 00:00:03.579818,2,60,15.0,,,,,,,,,,,,,,,,,,,6,3.0,,,,,,,,,,,,,,,,,,,COMPLETE
697,697,0.5558139534883721,2025-01-01 12:03:08.488859,2025-01-01 12:03:12.207050,0 days 00:00:03.718191,2,65,25.0,,,,,,,,,,,,,,,,,,,6,3.0,,,,,,,,,,,,,,,,,,,COMPLETE
698,698,0.6154545454545455,2025-01-01 12:03:12.207589,2025-01-01 12:03:16.566743,0 days 00:00:04.359154,3,60,20.0,,,,,,,,,,,135.0,,,,,,,,6,3.0,,,,,,,,,,,4.0,,,,,,,,COMPLETE
699,699,0.0,2025-01-01 12:03:16.567287,2025-01-01 12:03:19.196420,0 days 00:00:02.629133,4,65,30.0,,,,,,,,,,,150.0,90.0,,,,,,,6,3.0,,,,,,,,,,,5.0,3.0,,,,,,,COMPLETE
700,700,0.5523809523809524,2025-01-01 12:03:19.196986,2025-01-01 12:03:23.076621,0 days 00:00:03.879635,3,55,15.0,,,,,,,,,,,120.0,,,,,,,,6,3.0,,,,,,,,,,,3.0,,,,,,,,COMPLETE
701,701,0.5957446808510638,2025-01-01 12:03:23.077163,2025-01-01 12:03:27.632079,0 days 00:00:04.554916,2,155,10.0,,,,,,,,,,,,,,,,,,,6,3.0,,,,,,,,,,,,,,,,,,,COMPLETE
702,702,0.48879551820728295,2025-01-01 12:03:27.632752,2025-01-01 12:03:31.920921,0 days 00:00:04.288169,3,55,25.0,,,,,,,,,,,200.0,,,,,,,,6,3.0,,,,,,,,,,,4.0,,,,,,,,COMPLETE
703,703,0.5323639774859287,2025-01-01 12:03:31.921473,2025-01-01 12:03:35.261090,0 days 00:00:03.339617,2,65,20.0,,,,,,,,,,,,,,,,,,,6,3.0,,,,,,,,,,,,,,,,,,,COMPLETE
704,704,0.0,2025-01-01 12:03:35.261610,2025-01-01 12:03:41.408369,0 days 00:00:06.146759,11,175,135.0,40.0,,,,,,,,,,130.0,50.0,50.0,15.0,100.0,190.0,110.0,25.0,6,3.0,5.0,,,,,,,,,,4.0,5.0,4.0,5.0,5.0,6.0,4.0,2.0,COMPLETE
705,705,0.6219851576994434,2025-01-01 12:03:41.409074,2025-01-01 12:03:45.573470,0 days 00:00:04.164396,2,60,35.0,,,,,,,,,,,,,,,,,,,6,3.0,,,,,,,,,,,,,,,,,,,COMPLETE
706,706,0.5416666666666667,2025-01-01 12:03:45.574055,2025-01-01 12:03:48.723438,0 days 00:00:03.149383,2,135,20.0,,,,,,,,,,,,,,,,,,,6,3.0,,,,,,,,,,,,,,,,,,,COMPLETE
707,707,0.4744141559062649,2025-01-01 12:03:48.723957,2025-01-01 12:03:55.581946,0 days 00:00:06.857989,3,70,25.0,,,,,,,,,,,90.0,,,,,,,,6,3.0,,,,,,,,,,,5.0,,,,,,,,COMPLETE
708,708,0.48879551820728295,2025-01-01 12:03:55.582516,2025-01-01 12:04:00.161641,0 days 00:00:04.579125,3,185,10.0,,,,,,,,,,,140.0,,,,,,,,6,3.0,,,,,,,,,,,3.0,,,,,,,,COMPLETE
709,709,0.681159420289855,2025-01-01 12:04:00.162182,2025-01-01 12:04:04.938960,0 days 00:00:04.776778,2,15,15.0,,,,,,,,,,,,,,,,,,,4,5.0,,,,,,,,,,,,,,,,,,,COMPLETE
710,710,0.0,2025-01-01 12:04:04.939495,2025-01-01 12:04:07.335992,0 days 00:00:02.396497,3,180,110.0,,,,,,,,,,,145.0,,,,,,,,6,3.0,,,,,,,,,,,4.0,,,,,,,,COMPLETE
711,711,0.5950113378684807,2025-01-01 12:04:07.336543,2025-01-01 12:04:10.502358,0 days 00:00:03.165815,2,100,135.0,,,,,,,,,,,,,,,,,,,6,3.0,,,,,,,,,,,,,,,,,,,COMPLETE
712,712,0.0,2025-01-01 12:04:10.502891,2025-01-01 12:04:13.510057,0 days 00:00:03.007166,4,65,200.0,,,,,,,,,,,140.0,30.0,,,,,,,6,3.0,,,,,,,,,,,5.0,6.0,,,,,,,COMPLETE
713,713,0.6056003796867584,2025-01-01 12:04:13.510633,2025-01-01 12:04:17.139648,0 days 00:00:03.629015,2,70,140.0,,,,,,,,,,,,,,,,,,,6,3.0,,,,,,,,,,,,,,,,,,,COMPLETE
714,714,0.6346153846153846,2025-01-01 12:04:17.140173,2025-01-01 12:04:21.131221,0 days 00:00:03.991048,2,185,30.0,,,,,,,,,,,,,,,,,,,6,3.0,,,,,,,,,,,,,,,,,,,COMPLETE
715,715,0.0,2025-01-01 12:04:21.131806,2025-01-01 12:04:23.431845,0 days 00:00:02.300039,3,200,150.0,,,,,,,,,,,100.0,,,,,,,,6,3.0,,,,,,,,,,,4.0,,,,,,,,COMPLETE
716,716,0.6933333333333334,2025-01-01 12:04:23.432386,2025-01-01 12:04:27.408394,0 days 00:00:03.976008,2,45,5.0,,,,,,,,,,,,,,,,,,,6,3.0,,,,,,,,,,,,,,,,,,,COMPLETE
717,717,0.5415282392026578,2025-01-01 12:04:27.408937,2025-01-01 12:04:32.670171,0 days 00:00:05.261234,3,45,5.0,,,,,,,,,,,95.0,,,,,,,,6,3.0,,,,,,,,,,,5.0,,,,,,,,COMPLETE
718,718,0.0,2025-01-01 12:04:32.670724,2025-01-01 12:04:35.262244,0 days 00:00:02.591520,4,40,10.0,,,,,,,,,,,160.0,185.0,,,,,,,6,3.0,,,,,,,,,,,4.0,3.0,,,,,,,COMPLETE
719,719,0.0,2025-01-01 12:04:35.262812,2025-01-01 12:04:37.803545,0 days 00:00:02.540733,4,45,5.0,,,,,,,,,,,155.0,115.0,,,,,,,6,3.0,,,,,,,,,,,3.0,4.0,,,,,,,COMPLETE
720,720,0.0,2025-01-01 12:04:37.804103,2025-01-01 12:04:46.254317,0 days 00:00:08.450214,18,50,5.0,145.0,20.0,80.0,175.0,180.0,130.0,40.0,55.0,,,195.0,200.0,90.0,90.0,5.0,130.0,65.0,70.0,6,3.0,2.0,3.0,2.0,5.0,2.0,4.0,3.0,3.0,,,5.0,2.0,5.0,3.0,4.0,2.0,2.0,3.0,COMPLETE
721,721,0.6595441595441596,2025-01-01 12:04:46.255378,2025-01-01 12:04:49.965035,0 days 00:00:03.709657,2,50,125.0,,,,,,,,,,,,,,,,,,,6,3.0,,,,,,,,,,,,,,,,,,,COMPLETE
722,722,0.45138888888888884,2025-01-01 12:04:49.965578,2025-01-01 12:04:55.155241,0 days 00:00:05.189663,3,50,45.0,,,,,,,,,,,115.0,,,,,,,,6,4.0,,,,,,,,,,,4.0,,,,,,,,COMPLETE
723,723,0.0,2025-01-01 12:04:55.155806,2025-01-01 12:05:03.089699,0 days 00:00:07.933893,15,45,5.0,115.0,185.0,50.0,130.0,130.0,,,,,,165.0,85.0,110.0,195.0,185.0,150.0,130.0,150.0,4,3.0,6.0,4.0,6.0,3.0,4.0,,,,,,5.0,6.0,3.0,2.0,2.0,4.0,6.0,5.0,COMPLETE
724,724,0.6661828737300435,2025-01-01 12:05:03.090573,2025-01-01 12:05:06.458157,0 days 00:00:03.367584,2,25,5.0,,,,,,,,,,,,,,,,,,,6,3.0,,,,,,,,,,,,,,,,,,,COMPLETE
725,725,0.5652173913043478,2025-01-01 12:05:06.458717,2025-01-01 12:05:10.408616,0 days 00:00:03.949899,3,30,10.0,,,,,,,,,,,105.0,,,,,,,,6,3.0,,,,,,,,,,,3.0,,,,,,,,COMPLETE
726,726,0.6288561936402468,2025-01-01 12:05:10.409161,2025-01-01 12:05:13.681476,0 days 00:00:03.272315,2,50,145.0,,,,,,,,,,,,,,,,,,,6,3.0,,,,,,,,,,,,,,,,,,,COMPLETE
727,727,0.5769230769230769,2025-01-01 12:05:13.682008,2025-01-01 12:05:17.628660,0 days 00:00:03.946652,2,40,130.0,,,,,,,,,,,,,,,,,,,6,3.0,,,,,,,,,,,,,,,,,,,COMPLETE
728,728,0.6521120075937352,2025-01-01 12:05:17.629190,2025-01-01 12:05:22.608288,0 days 00:00:04.979098,3,195,80.0,,,,,,,,,,,125.0,,,,,,,,6,3.0,,,,,,,,,,,4.0,,,,,,,,COMPLETE
729,729,0.5584415584415584,2025-01-01 12:05:22.608869,2025-01-01 12:05:26.044674,0 days 00:00:03.435805,2,55,135.0,,,,,,,,,,,,,,,,,,,6,3.0,,,,,,,,,,,,,,,,,,,COMPLETE
730,730,0.0,2025-01-01 12:05:26.045233,2025-01-01 12:05:30.313299,0 days 00:00:04.268066,6,190,195.0,,,,,,,,,,,145.0,25.0,140.0,170.0,,,,,4,3.0,,,,,,,,,,,5.0,5.0,5.0,5.0,,,,,COMPLETE
731,731,0.5823068309070549,2025-01-01 12:05:30.313994,2025-01-01 12:05:34.722881,0 days 00:00:04.408887,1,45,,,,,,,,,,,,,,,,,,,,6,,,,,,,,,,,,,,,,,,,,COMPLETE
732,732,0.559204440333025,2025-01-01 12:05:34.723408,2025-01-01 12:05:40.055574,0 days 00:00:05.332166,3,35,145.0,,,,,,,,,,,135.0,,,,,,,,6,3.0,,,,,,,,,,,6.0,,,,,,,,COMPLETE
733,733,0.0,2025-01-01 12:05:40.056197,2025-01-01 12:05:46.479760,0 days 00:00:06.423563,12,20,140.0,185.0,75.0,,,,,,,,,10.0,145.0,65.0,140.0,25.0,120.0,50.0,170.0,6,3.0,3.0,4.0,,,,,,,,,4.0,3.0,2.0,4.0,6.0,3.0,5.0,4.0,COMPLETE
734,734,0.6882516188714154,2025-01-01 12:05:46.480563,2025-01-01 12:05:50.554232,0 days 00:00:04.073669,2,200,95.0,,,,,,,,,,,,,,,,,,,6,3.0,,,,,,,,,,,,,,,,,,,COMPLETE
735,735,0.5643939393939394,2025-01-01 12:05:50.554783,2025-01-01 12:05:55.059687,0 days 00:00:04.504904,2,175,120.0,,,,,,,,,,,,,,,,,,,6,6.0,,,,,,,,,,,,,,,,,,,COMPLETE
736,736,0.6785225718194254,2025-01-01 12:05:55.060233,2025-01-01 12:06:00.953641,0 days 00:00:05.893408,3,160,150.0,,,,,,,,,,,150.0,,,,,,,,6,3.0,,,,,,,,,,,5.0,,,,,,,,COMPLETE
737,737,0.5586470267321331,2025-01-01 12:06:00.954350,2025-01-01 12:06:03.240754,0 days 00:00:02.286404,1,95,,,,,,,,,,,,,,,,,,,,5,,,,,,,,,,,,,,,,,,,,COMPLETE
738,738,0.0,2025-01-01 12:06:03.241269,2025-01-01 12:06:06.865834,0 days 00:00:03.624565,9,190,10.0,,,,,,,,,,,130.0,60.0,180.0,120.0,60.0,5.0,30.0,,6,3.0,,,,,,,,,,,3.0,4.0,4.0,2.0,3.0,5.0,4.0,,COMPLETE
739,739,0.0,2025-01-01 12:06:06.866547,2025-01-01 12:06:09.471022,0 days 00:00:02.604475,4,25,115.0,,,,,,,,,,,110.0,160.0,,,,,,,6,3.0,,,,,,,,,,,5.0,2.0,,,,,,,COMPLETE
740,740,0.6594202898550725,2025-01-01 12:06:09.471608,2025-01-01 12:06:15.347809,0 days 00:00:05.876201,3,55,135.0,,,,,,,,,,,85.0,,,,,,,,6,3.0,,,,,,,,,,,4.0,,,,,,,,COMPLETE
741,741,0.0,2025-01-01 12:06:15.348381,2025-01-01 12:06:22.832624,0 days 00:00:07.484243,13,90,155.0,165.0,45.0,105.0,,,,,,,,140.0,150.0,115.0,105.0,80.0,80.0,75.0,45.0,6,4.0,5.0,3.0,5.0,,,,,,,,5.0,4.0,4.0,6.0,4.0,6.0,3.0,5.0,COMPLETE
742,742,0.6624649859943978,2025-01-01 12:06:22.833466,2025-01-01 12:06:26.808503,0 days 00:00:03.975037,2,195,15.0,,,,,,,,,,,,,,,,,,,6,3.0,,,,,,,,,,,,,,,,,,,COMPLETE
743,743,0.0,2025-01-01 12:06:26.809048,2025-01-01 12:06:29.732202,0 days 00:00:02.923154,4,15,140.0,,,,,,,,,,,70.0,105.0,,,,,,,6,3.0,,,,,,,,,,,4.0,6.0,,,,,,,COMPLETE
744,744,0.0,2025-01-01 12:06:29.732787,2025-01-01 12:06:32.016976,0 days 00:00:02.284189,3,195,145.0,,,,,,,,,,,155.0,,,,,,,,4,3.0,,,,,,,,,,,3.0,,,,,,,,COMPLETE
745,745,0.6191489361702127,2025-01-01 12:06:32.017545,2025-01-01 12:06:36.401852,0 days 00:00:04.384307,1,170,,,,,,,,,,,,,,,,,,,,6,,,,,,,,,,,,,,,,,,,,COMPLETE
746,746,0.5695970695970696,2025-01-01 12:06:36.402375,2025-01-01 12:06:39.681294,0 days 00:00:03.278919,2,185,130.0,,,,,,,,,,,,,,,,,,,6,3.0,,,,,,,,,,,,,,,,,,,COMPLETE
747,747,0.6083333333333334,2025-01-01 12:06:39.681843,2025-01-01 12:06:43.735292,0 days 00:00:04.053449,2,180,150.0,,,,,,,,,,,,,,,,,,,6,3.0,,,,,,,,,,,,,,,,,,,COMPLETE
748,748,0.637641723356009,2025-01-01 12:06:43.735865,2025-01-01 12:06:48.219058,0 days 00:00:04.483193,3,30,145.0,,,,,,,,,,,120.0,,,,,,,,6,3.0,,,,,,,,,,,5.0,,,,,,,,COMPLETE
749,749,0.6725201708590414,2025-01-01 12:06:48.219628,2025-01-01 12:06:52.525234,0 days 00:00:04.305606,3,50,15.0,,,,,,,,,,,180.0,,,,,,,,6,3.0,,,,,,,,,,,4.0,,,,,,,,COMPLETE
750,750,0.46131528046421666,2025-01-01 12:06:52.525807,2025-01-01 12:06:55.672369,0 days 00:00:03.146562,2,85,5.0,,,,,,,,,,,,,,,,,,,6,3.0,,,,,,,,,,,,,,,,,,,COMPLETE
751,751,0.5118577075098814,2025-01-01 12:06:55.672976,2025-01-01 12:06:59.998785,0 days 00:00:04.325809,2,40,135.0,,,,,,,,,,,,,,,,,,,5,3.0,,,,,,,,,,,,,,,,,,,COMPLETE
752,752,0.6154545454545455,2025-01-01 12:06:59.999329,2025-01-01 12:07:04.354840,0 days 00:00:04.355511,1,190,,,,,,,,,,,,,,,,,,,,6,,,,,,,,,,,,,,,,,,,,COMPLETE
753,753,0.0,2025-01-01 12:07:04.355371,2025-01-01 12:07:06.766130,0 days 00:00:02.410759,4,90,140.0,,,,,,,,,,,135.0,175.0,,,,,,,6,3.0,,,,,,,,,,,5.0,2.0,,,,,,,COMPLETE
754,754,0.6862745098039216,2025-01-01 12:07:06.766730,2025-01-01 12:07:10.309051,0 days 00:00:03.542321,2,200,125.0,,,,,,,,,,,,,,,,,,,6,3.0,,,,,,,,,,,,,,,,,,,COMPLETE
755,755,0.5025310630464795,2025-01-01 12:07:10.309746,2025-01-01 12:07:13.799650,0 days 00:00:03.489904,3,55,10.0,,,,,,,,,,,95.0,,,,,,,,6,3.0,,,,,,,,,,,3.0,,,,,,,,COMPLETE
756,756,0.6673392181588903,2025-01-01 12:07:13.800210,2025-01-01 12:07:17.903666,0 days 00:00:04.103456,1,20,,,,,,,,,,,,,,,,,,,,4,,,,,,,,,,,,,,,,,,,,COMPLETE
757,757,0.0,2025-01-01 12:07:17.904186,2025-01-01 12:07:21.348377,0 days 00:00:03.444191,3,100,155.0,,,,,,,,,,,200.0,,,,,,,,6,3.0,,,,,,,,,,,6.0,,,,,,,,COMPLETE
758,758,0.5886977886977887,2025-01-01 12:07:21.348958,2025-01-01 12:07:26.217188,0 days 00:00:04.868230,2,85,150.0,,,,,,,,,,,,,,,,,,,6,5.0,,,,,,,,,,,,,,,,,,,COMPLETE
759,759,0.5416666666666667,2025-01-01 12:07:26.217749,2025-01-01 12:07:30.334687,0 days 00:00:04.116938,2,5,40.0,,,,,,,,,,,,,,,,,,,6,3.0,,,,,,,,,,,,,,,,,,,COMPLETE
760,760,0.6168478260869565,2025-01-01 12:07:30.335243,2025-01-01 12:07:35.557961,0 days 00:00:05.222718,3,195,25.0,,,,,,,,,,,190.0,,,,,,,,6,3.0,,,,,,,,,,,4.0,,,,,,,,COMPLETE
761,761,0.6572649572649573,2025-01-01 12:07:35.558537,2025-01-01 12:07:39.706030,0 days 00:00:04.147493,1,200,,,,,,,,,,,,,,,,,,,,6,,,,,,,,,,,,,,,,,,,,COMPLETE
762,762,0.5503439649781113,2025-01-01 12:07:39.706560,2025-01-01 12:07:43.945211,0 days 00:00:04.238651,1,165,,,,,,,,,,,,,,,,,,,,6,,,,,,,,,,,,,,,,,,,,COMPLETE
763,763,0.6148255813953488,2025-01-01 12:07:43.945760,2025-01-01 12:07:47.204446,0 days 00:00:03.258686,2,170,145.0,,,,,,,,,,,,,,,,,,,6,3.0,,,,,,,,,,,,,,,,,,,COMPLETE
764,764,0.6126373626373627,2025-01-01 12:07:47.204997,2025-01-01 12:07:52.708580,0 days 00:00:05.503583,3,180,35.0,,,,,,,,,,,100.0,,,,,,,,6,3.0,,,,,,,,,,,5.0,,,,,,,,COMPLETE
765,765,0.7009090909090909,2025-01-01 12:07:52.709154,2025-01-01 12:07:56.455012,0 days 00:00:03.745858,2,190,185.0,,,,,,,,,,,,,,,,,,,6,3.0,,,,,,,,,,,,,,,,,,,COMPLETE
766,766,0.6405418480890179,2025-01-01 12:07:56.455566,2025-01-01 12:08:00.346251,0 days 00:00:03.890685,2,190,180.0,,,,,,,,,,,,,,,,,,,6,3.0,,,,,,,,,,,,,,,,,,,COMPLETE
767,767,0.6658163265306123,2025-01-01 12:08:00.346866,2025-01-01 12:08:04.557313,0 days 00:00:04.210447,1,185,,,,,,,,,,,,,,,,,,,,6,,,,,,,,,,,,,,,,,,,,COMPLETE
768,768,0.6713286713286714,2025-01-01 12:08:04.557855,2025-01-01 12:08:07.861879,0 days 00:00:03.304024,2,185,190.0,,,,,,,,,,,,,,,,,,,6,3.0,,,,,,,,,,,,,,,,,,,COMPLETE
769,769,0.637641723356009,2025-01-01 12:08:07.862420,2025-01-01 12:08:12.247258,0 days 00:00:04.384838,2,190,190.0,,,,,,,,,,,,,,,,,,,6,3.0,,,,,,,,,,,,,,,,,,,COMPLETE
770,770,0.6396217023394724,2025-01-01 12:08:12.247817,2025-01-01 12:08:15.995945,0 days 00:00:03.748128,1,190,,,,,,,,,,,,,,,,,,,,6,,,,,,,,,,,,,,,,,,,,COMPLETE
771,771,0.5857142857142856,2025-01-01 12:08:15.996626,2025-01-01 12:08:19.847082,0 days 00:00:03.850456,2,195,185.0,,,,,,,,,,,,,,,,,,,6,3.0,,,,,,,,,,,,,,,,,,,COMPLETE
772,772,0.648479427549195,2025-01-01 12:08:19.847634,2025-01-01 12:08:24.116358,0 days 00:00:04.268724,1,180,,,,,,,,,,,,,,,,,,,,6,,,,,,,,,,,,,,,,,,,,COMPLETE
773,773,0.6428571428571428,2025-01-01 12:08:24.116900,2025-01-01 12:08:27.807578,0 days 00:00:03.690678,2,195,185.0,,,,,,,,,,,,,,,,,,,6,4.0,,,,,,,,,,,,,,,,,,,COMPLETE
774,774,0.6737588652482269,2025-01-01 12:08:27.808121,2025-01-01 12:08:31.101878,0 days 00:00:03.293757,2,105,185.0,,,,,,,,,,,,,,,,,,,6,3.0,,,,,,,,,,,,,,,,,,,COMPLETE
775,775,0.0,2025-01-01 12:08:31.102423,2025-01-01 12:08:39.263587,0 days 00:00:08.161164,16,185,185.0,15.0,115.0,150.0,85.0,65.0,85.0,,,,,115.0,135.0,80.0,150.0,150.0,15.0,155.0,115.0,6,3.0,3.0,6.0,3.0,6.0,6.0,3.0,,,,,4.0,3.0,6.0,4.0,5.0,2.0,2.0,3.0,COMPLETE
776,776,0.6384180790960452,2025-01-01 12:08:39.264374,2025-01-01 12:08:43.596021,0 days 00:00:04.331647,1,195,,,,,,,,,,,,,,,,,,,,6,,,,,,,,,,,,,,,,,,,,COMPLETE
777,777,0.6632270168855534,2025-01-01 12:08:43.596583,2025-01-01 12:08:47.265493,0 days 00:00:03.668910,2,190,190.0,,,,,,,,,,,,,,,,,,,6,3.0,,,,,,,,,,,,,,,,,,,COMPLETE
778,778,0.0,2025-01-01 12:08:47.266035,2025-01-01 12:08:50.585498,0 days 00:00:03.319463,5,140,180.0,,,,,,,,,,,40.0,65.0,95.0,,,,,,6,3.0,,,,,,,,,,,4.0,4.0,5.0,,,,,,COMPLETE
779,779,0.7161841480778358,2025-01-01 12:08:50.586122,2025-01-01 12:08:54.637742,0 days 00:00:04.051620,2,115,140.0,,,,,,,,,,,,,,,,,,,6,3.0,,,,,,,,,,,,,,,,,,,COMPLETE
780,780,0.5933268858800773,2025-01-01 12:08:54.638296,2025-01-01 12:08:58.264845,0 days 00:00:03.626549,2,120,135.0,,,,,,,,,,,,,,,,,,,6,3.0,,,,,,,,,,,,,,,,,,,COMPLETE
781,781,0.7009090909090909,2025-01-01 12:08:58.265384,2025-01-01 12:09:01.651640,0 days 00:00:03.386256,2,100,195.0,,,,,,,,,,,,,,,,,,,6,3.0,,,,,,,,,,,,,,,,,,,COMPLETE
782,782,0.6556776556776557,2025-01-01 12:09:01.652197,2025-01-01 12:09:06.112598,0 days 00:00:04.460401,2,125,200.0,,,,,,,,,,,,,,,,,,,6,3.0,,,,,,,,,,,,,,,,,,,COMPLETE
783,783,0.0,2025-01-01 12:09:06.113216,2025-01-01 12:09:08.421937,0 days 00:00:02.308721,3,110,190.0,,,,,,,,,,,125.0,,,,,,,,6,3.0,,,,,,,,,,,4.0,,,,,,,,COMPLETE
784,784,0.717156862745098,2025-01-01 12:09:08.422506,2025-01-01 12:09:11.693535,0 days 00:00:03.271029,2,110,140.0,,,,,,,,,,,,,,,,,,,6,3.0,,,,,,,,,,,,,,,,,,,COMPLETE
785,785,0.5152777777777777,2025-01-01 12:09:11.694094,2025-01-01 12:09:15.684056,0 days 00:00:03.989962,2,115,195.0,,,,,,,,,,,,,,,,,,,6,3.0,,,,,,,,,,,,,,,,,,,COMPLETE
786,786,0.649264356905553,2025-01-01 12:09:15.684619,2025-01-01 12:09:19.270674,0 days 00:00:03.586055,2,105,140.0,,,,,,,,,,,,,,,,,,,6,3.0,,,,,,,,,,,,,,,,,,,COMPLETE
787,787,0.0,2025-01-01 12:09:19.271225,2025-01-01 12:09:21.584676,0 days 00:00:02.313451,3,105,195.0,,,,,,,,,,,90.0,,,,,,,,6,3.0,,,,,,,,,,,4.0,,,,,,,,COMPLETE
788,788,0.0,2025-01-01 12:09:21.585375,2025-01-01 12:09:23.948518,0 days 00:00:02.363143,3,110,140.0,,,,,,,,,,,160.0,,,,,,,,6,3.0,,,,,,,,,,,4.0,,,,,,,,COMPLETE
789,789,0.6168478260869565,2025-01-01 12:09:23.949071,2025-01-01 12:09:27.728190,0 days 00:00:03.779119,2,110,195.0,,,,,,,,,,,,,,,,,,,6,3.0,,,,,,,,,,,,,,,,,,,COMPLETE
790,790,0.6013888888888889,2025-01-01 12:09:27.728749,2025-01-01 12:09:31.217876,0 days 00:00:03.489127,2,115,200.0,,,,,,,,,,,,,,,,,,,6,3.0,,,,,,,,,,,,,,,,,,,COMPLETE
791,791,0.0,2025-01-01 12:09:31.218425,2025-01-01 12:09:33.387407,0 days 00:00:02.168982,3,115,195.0,,,,,,,,,,,75.0,,,,,,,,6,3.0,,,,,,,,,,,4.0,,,,,,,,COMPLETE
792,792,0.0,2025-01-01 12:09:33.387979,2025-01-01 12:09:36.003134,0 days 00:00:02.615155,3,105,135.0,,,,,,,,,,,130.0,,,,,,,,6,3.0,,,,,,,,,,,4.0,,,,,,,,COMPLETE
793,793,0.6154545454545455,2025-01-01 12:09:36.003709,2025-01-01 12:09:39.848947,0 days 00:00:03.845238,2,120,140.0,,,,,,,,,,,,,,,,,,,6,3.0,,,,,,,,,,,,,,,,,,,COMPLETE
794,794,0.6669960474308301,2025-01-01 12:09:39.849508,2025-01-01 12:09:44.513979,0 days 00:00:04.664471,2,115,130.0,,,,,,,,,,,,,,,,,,,6,5.0,,,,,,,,,,,,,,,,,,,COMPLETE
795,795,0.6665124884366327,2025-01-01 12:09:44.514567,2025-01-01 12:09:50.323646,0 days 00:00:05.809079,3,100,145.0,,,,,,,,,,,150.0,,,,,,,,6,3.0,,,,,,,,,,,3.0,,,,,,,,COMPLETE
796,796,0.6444444444444444,2025-01-01 12:09:50.324212,2025-01-01 12:09:53.925943,0 days 00:00:03.601731,2,110,140.0,,,,,,,,,,,,,,,,,,,6,3.0,,,,,,,,,,,,,,,,,,,COMPLETE
797,797,0.0,2025-01-01 12:09:53.926507,2025-01-01 12:09:56.523928,0 days 00:00:02.597421,3,100,135.0,,,,,,,,,,,110.0,,,,,,,,6,3.0,,,,,,,,,,,4.0,,,,,,,,COMPLETE
798,798,0.7009090909090909,2025-01-01 12:09:56.524474,2025-01-01 12:10:00.137204,0 days 00:00:03.612730,2,105,150.0,,,,,,,,,,,,,,,,,,,6,3.0,,,,,,,,,,,,,,,,,,,COMPLETE
799,799,0.7213862289101687,2025-01-01 12:10:00.137757,2025-01-01 12:10:04.927953,0 days 00:00:04.790196,3,115,150.0,,,,,,,,,,,140.0,,,,,,,,6,3.0,,,,,,,,,,,3.0,,,,,,,,COMPLETE
800,800,0.0,2025-01-01 12:10:04.928544,2025-01-01 12:10:07.508632,0 days 00:00:02.580088,4,110,150.0,,,,,,,,,,,135.0,190.0,,,,,,,6,3.0,,,,,,,,,,,3.0,5.0,,,,,,,COMPLETE
801,801,0.6651205936920223,2025-01-01 12:10:07.509218,2025-01-01 12:10:12.394494,0 days 00:00:04.885276,3,100,145.0,,,,,,,,,,,140.0,,,,,,,,6,3.0,,,,,,,,,,,3.0,,,,,,,,COMPLETE
802,802,0.0,2025-01-01 12:10:12.395070,2025-01-01 12:10:15.099577,0 days 00:00:02.704507,4,105,155.0,,,,,,,,,,,145.0,95.0,,,,,,,6,3.0,,,,,,,,,,,3.0,6.0,,,,,,,COMPLETE
803,803,0.6288561936402468,2025-01-01 12:10:15.100164,2025-01-01 12:10:19.498260,0 days 00:00:04.398096,3,110,150.0,,,,,,,,,,,125.0,,,,,,,,6,3.0,,,,,,,,,,,3.0,,,,,,,,COMPLETE
804,804,0.6356589147286822,2025-01-01 12:10:19.498917,2025-01-01 12:10:23.551185,0 days 00:00:04.052268,3,105,150.0,,,,,,,,,,,150.0,,,,,,,,6,3.0,,,,,,,,,,,3.0,,,,,,,,COMPLETE
805,805,0.637641723356009,2025-01-01 12:10:23.551770,2025-01-01 12:10:29.422420,0 days 00:00:05.870650,3,120,155.0,,,,,,,,,,,140.0,,,,,,,,6,3.0,,,,,,,,,,,3.0,,,,,,,,COMPLETE
806,806,0.6356589147286822,2025-01-01 12:10:29.423018,2025-01-01 12:10:33.977404,0 days 00:00:04.554386,3,105,160.0,,,,,,,,,,,155.0,,,,,,,,6,3.0,,,,,,,,,,,3.0,,,,,,,,COMPLETE
807,807,0.0,2025-01-01 12:10:33.978148,2025-01-01 12:10:36.318366,0 days 00:00:02.340218,4,115,150.0,,,,,,,,,,,120.0,120.0,,,,,,,6,3.0,,,,,,,,,,,3.0,3.0,,,,,,,COMPLETE
808,808,0.0,2025-01-01 12:10:36.318964,2025-01-01 12:10:39.037884,0 days 00:00:02.718920,3,110,200.0,,,,,,,,,,,145.0,,,,,,,,6,3.0,,,,,,,,,,,3.0,,,,,,,,COMPLETE
809,809,0.0,2025-01-01 12:10:39.038441,2025-01-01 12:10:41.237042,0 days 00:00:02.198601,4,100,155.0,,,,,,,,,,,170.0,75.0,,,,,,,6,3.0,,,,,,,,,,,3.0,2.0,,,,,,,COMPLETE
810,810,0.0,2025-01-01 12:10:41.237630,2025-01-01 12:10:44.080292,0 days 00:00:02.842662,3,120,145.0,,,,,,,,,,,130.0,,,,,,,,6,3.0,,,,,,,,,,,3.0,,,,,,,,COMPLETE
811,811,0.0,2025-01-01 12:10:44.080889,2025-01-01 12:10:46.664057,0 days 00:00:02.583168,4,105,160.0,,,,,,,,,,,140.0,165.0,,,,,,,6,3.0,,,,,,,,,,,3.0,5.0,,,,,,,COMPLETE
812,812,0.559204440333025,2025-01-01 12:10:46.664656,2025-01-01 12:10:51.232864,0 days 00:00:04.568208,3,110,145.0,,,,,,,,,,,160.0,,,,,,,,6,3.0,,,,,,,,,,,3.0,,,,,,,,COMPLETE
813,813,0.6785225718194254,2025-01-01 12:10:51.233442,2025-01-01 12:10:57.057295,0 days 00:00:05.823853,3,125,140.0,,,,,,,,,,,105.0,,,,,,,,6,3.0,,,,,,,,,,,3.0,,,,,,,,COMPLETE
814,814,0.7172576832151301,2025-01-01 12:10:57.057902,2025-01-01 12:11:00.944111,0 days 00:00:03.886209,2,115,175.0,,,,,,,,,,,,,,,,,,,6,3.0,,,,,,,,,,,,,,,,,,,COMPLETE
815,815,0.5357142857142857,2025-01-01 12:11:00.944679,2025-01-01 12:11:04.179122,0 days 00:00:03.234443,2,115,175.0,,,,,,,,,,,,,,,,,,,6,3.0,,,,,,,,,,,,,,,,,,,COMPLETE
816,816,0.6168478260869565,2025-01-01 12:11:04.179679,2025-01-01 12:11:08.031921,0 days 00:00:03.852242,2,115,175.0,,,,,,,,,,,,,,,,,,,6,3.0,,,,,,,,,,,,,,,,,,,COMPLETE
817,817,0.6802721088435374,2025-01-01 12:11:08.032472,2025-01-01 12:11:11.928567,0 days 00:00:03.896095,2,110,170.0,,,,,,,,,,,,,,,,,,,6,3.0,,,,,,,,,,,,,,,,,,,COMPLETE
818,818,0.5771649733913884,2025-01-01 12:11:11.929120,2025-01-01 12:11:15.018554,0 days 00:00:03.089434,2,120,180.0,,,,,,,,,,,,,,,,,,,2,3.0,,,,,,,,,,,,,,,,,,,COMPLETE
819,819,0.6581818181818182,2025-01-01 12:11:15.019110,2025-01-01 12:11:18.652272,0 days 00:00:03.633162,2,110,175.0,,,,,,,,,,,,,,,,,,,6,3.0,,,,,,,,,,,,,,,,,,,COMPLETE
820,820,0.752093023255814,2025-01-01 12:11:18.652836,2025-01-01 12:11:23.388259,0 days 00:00:04.735423,2,125,185.0,,,,,,,,,,,,,,,,,,,6,3.0,,,,,,,,,,,,,,,,,,,COMPLETE
821,821,0.6396226415094339,2025-01-01 12:11:23.388803,2025-01-01 12:11:27.438596,0 days 00:00:04.049793,2,115,185.0,,,,,,,,,,,,,,,,,,,6,3.0,,,,,,,,,,,,,,,,,,,COMPLETE
822,822,0.5952157598499062,2025-01-01 12:11:27.439129,2025-01-01 12:11:30.581524,0 days 00:00:03.142395,2,120,180.0,,,,,,,,,,,,,,,,,,,6,3.0,,,,,,,,,,,,,,,,,,,COMPLETE
823,823,0.5927952576379389,2025-01-01 12:11:30.582130,2025-01-01 12:11:34.327503,0 days 00:00:03.745373,2,125,180.0,,,,,,,,,,,,,,,,,,,6,3.0,,,,,,,,,,,,,,,,,,,COMPLETE
824,824,0.5217391304347826,2025-01-01 12:11:34.328057,2025-01-01 12:11:38.212382,0 days 00:00:03.884325,2,120,170.0,,,,,,,,,,,,,,,,,,,6,3.0,,,,,,,,,,,,,,,,,,,COMPLETE
825,825,0.5695970695970696,2025-01-01 12:11:38.212917,2025-01-01 12:11:41.575864,0 days 00:00:03.362947,2,125,190.0,,,,,,,,,,,,,,,,,,,6,3.0,,,,,,,,,,,,,,,,,,,COMPLETE
826,826,0.5322128851540616,2025-01-01 12:11:41.576391,2025-01-01 12:11:45.338904,0 days 00:00:03.762513,2,110,185.0,,,,,,,,,,,,,,,,,,,6,3.0,,,,,,,,,,,,,,,,,,,COMPLETE
827,827,0.6737588652482269,2025-01-01 12:11:45.339607,2025-01-01 12:11:49.393387,0 days 00:00:04.053780,2,130,185.0,,,,,,,,,,,,,,,,,,,6,3.0,,,,,,,,,,,,,,,,,,,COMPLETE
828,828,0.5583333333333333,2025-01-01 12:11:49.393910,2025-01-01 12:11:52.724865,0 days 00:00:03.330955,2,115,185.0,,,,,,,,,,,,,,,,,,,6,3.0,,,,,,,,,,,,,,,,,,,COMPLETE
829,829,0.0,2025-01-01 12:11:52.725396,2025-01-01 12:11:55.254122,0 days 00:00:02.528726,3,105,190.0,,,,,,,,,,,135.0,,,,,,,,6,3.0,,,,,,,,,,,3.0,,,,,,,,COMPLETE
830,830,0.6427511133102424,2025-01-01 12:11:55.254680,2025-01-01 12:11:59.202957,0 days 00:00:03.948277,2,100,180.0,,,,,,,,,,,,,,,,,,,6,6.0,,,,,,,,,,,,,,,,,,,COMPLETE
831,831,0.6190476190476191,2025-01-01 12:11:59.203515,2025-01-01 12:12:02.697511,0 days 00:00:03.493996,2,105,195.0,,,,,,,,,,,,,,,,,,,6,3.0,,,,,,,,,,,,,,,,,,,COMPLETE
832,832,0.6700143472022956,2025-01-01 12:12:02.698070,2025-01-01 12:12:06.898427,0 days 00:00:04.200357,2,115,175.0,,,,,,,,,,,,,,,,,,,6,3.0,,,,,,,,,,,,,,,,,,,COMPLETE
833,833,0.0,2025-01-01 12:12:06.898978,2025-01-01 12:12:09.814611,0 days 00:00:02.915633,3,130,165.0,,,,,,,,,,,150.0,,,,,,,,6,3.0,,,,,,,,,,,6.0,,,,,,,,COMPLETE
834,834,0.6665124884366327,2025-01-01 12:12:09.815176,2025-01-01 12:12:13.407366,0 days 00:00:03.592190,2,110,190.0,,,,,,,,,,,,,,,,,,,6,3.0,,,,,,,,,,,,,,,,,,,COMPLETE
835,835,0.6785225718194254,2025-01-01 12:12:13.407936,2025-01-01 12:12:18.576996,0 days 00:00:05.169060,3,120,180.0,,,,,,,,,,,115.0,,,,,,,,6,3.0,,,,,,,,,,,3.0,,,,,,,,COMPLETE
836,836,0.49444444444444446,2025-01-01 12:12:18.577586,2025-01-01 12:12:22.342421,0 days 00:00:03.764835,2,110,175.0,,,,,,,,,,,,,,,,,,,6,3.0,,,,,,,,,,,,,,,,,,,COMPLETE
837,837,0.6755637367694431,2025-01-01 12:12:22.342975,2025-01-01 12:12:26.868063,0 days 00:00:04.525088,3,95,165.0,,,,,,,,,,,125.0,,,,,,,,6,3.0,,,,,,,,,,,3.0,,,,,,,,COMPLETE
838,838,0.0,2025-01-01 12:12:26.868626,2025-01-01 12:12:29.508935,0 days 00:00:02.640309,5,100,155.0,,,,,,,,,,,80.0,35.0,45.0,,,,,,6,3.0,,,,,,,,,,,2.0,4.0,2.0,,,,,,COMPLETE
839,839,0.6356589147286822,2025-01-01 12:12:29.509524,2025-01-01 12:12:35.271897,0 days 00:00:05.762373,3,115,150.0,,,,,,,,,,,165.0,,,,,,,,6,3.0,,,,,,,,,,,3.0,,,,,,,,COMPLETE
840,840,0.6302600472813239,2025-01-01 12:12:35.272479,2025-01-01 12:12:38.653266,0 days 00:00:03.380787,2,105,195.0,,,,,,,,,,,,,,,,,,,6,3.0,,,,,,,,,,,,,,,,,,,COMPLETE
841,841,0.6382978723404256,2025-01-01 12:12:38.653899,2025-01-01 12:12:41.623856,0 days 00:00:02.969957,2,100,170.0,,,,,,,,,,,,,,,,,,,6,3.0,,,,,,,,,,,,,,,,,,,COMPLETE
842,842,0.637641723356009,2025-01-01 12:12:41.624386,2025-01-01 12:12:46.300331,0 days 00:00:04.675945,3,105,190.0,,,,,,,,,,,160.0,,,,,,,,6,3.0,,,,,,,,,,,6.0,,,,,,,,COMPLETE
843,843,0.7655328798185941,2025-01-01 12:12:46.300937,2025-01-01 12:12:50.690684,0 days 00:00:04.389747,2,120,185.0,,,,,,,,,,,,,,,,,,,6,3.0,,,,,,,,,,,,,,,,,,,COMPLETE
844,844,0.6423255813953488,2025-01-01 12:12:50.691229,2025-01-01 12:12:55.166062,0 days 00:00:04.474833,2,120,180.0,,,,,,,,,,,,,,,,,,,6,3.0,,,,,,,,,,,,,,,,,,,COMPLETE
845,845,0.0,2025-01-01 12:12:55.166767,2025-01-01 12:12:57.636378,0 days 00:00:02.469611,3,115,185.0,,,,,,,,,,,145.0,,,,,,,,6,3.0,,,,,,,,,,,3.0,,,,,,,,COMPLETE
846,846,0.6808510638297872,2025-01-01 12:12:57.636932,2025-01-01 12:13:02.020379,0 days 00:00:04.383447,2,125,190.0,,,,,,,,,,,,,,,,,,,6,3.0,,,,,,,,,,,,,,,,,,,COMPLETE
847,847,0.7172576832151301,2025-01-01 12:13:02.020944,2025-01-01 12:13:05.296425,0 days 00:00:03.275481,2,120,185.0,,,,,,,,,,,,,,,,,,,6,3.0,,,,,,,,,,,,,,,,,,,COMPLETE
848,848,0.0,2025-01-01 12:13:05.296968,2025-01-01 12:13:07.684339,0 days 00:00:02.387371,3,125,185.0,,,,,,,,,,,105.0,,,,,,,,6,3.0,,,,,,,,,,,4.0,,,,,,,,COMPLETE
849,849,0.0,2025-01-01 12:13:07.684907,2025-01-01 12:13:09.877140,0 days 00:00:02.192233,3,125,185.0,,,,,,,,,,,130.0,,,,,,,,6,3.0,,,,,,,,,,,4.0,,,,,,,,COMPLETE
850,850,0.5950113378684807,2025-01-01 12:13:09.877725,2025-01-01 12:13:13.044736,0 days 00:00:03.167011,2,120,180.0,,,,,,,,,,,,,,,,,,,6,3.0,,,,,,,,,,,,,,,,,,,COMPLETE
851,851,0.6126373626373627,2025-01-01 12:13:13.045281,2025-01-01 12:13:16.182628,0 days 00:00:03.137347,2,120,190.0,,,,,,,,,,,,,,,,,,,6,2.0,,,,,,,,,,,,,,,,,,,COMPLETE
852,852,0.6827238335435057,2025-01-01 12:13:16.183161,2025-01-01 12:13:20.423819,0 days 00:00:04.240658,1,115,,,,,,,,,,,,,,,,,,,,6,,,,,,,,,,,,,,,,,,,,COMPLETE
853,853,0.0,2025-01-01 12:13:20.424359,2025-01-01 12:13:25.067452,0 days 00:00:04.643093,8,115,180.0,,,,,,,,,,,155.0,45.0,130.0,160.0,165.0,160.0,,,6,3.0,,,,,,,,,,,3.0,5.0,3.0,3.0,6.0,4.0,,,COMPLETE
854,854,0.0,2025-01-01 12:13:25.068117,2025-01-01 12:13:26.867644,0 days 00:00:01.799527,3,120,185.0,,,,,,,,,,,110.0,,,,,,,,6,3.0,,,,,,,,,,,2.0,,,,,,,,COMPLETE
855,855,0.6013888888888889,2025-01-01 12:13:26.868196,2025-01-01 12:13:30.961496,0 days 00:00:04.093300,2,130,175.0,,,,,,,,,,,,,,,,,,,6,3.0,,,,,,,,,,,,,,,,,,,COMPLETE
856,856,0.0,2025-01-01 12:13:30.962051,2025-01-01 12:13:33.214472,0 days 00:00:02.252421,3,110,195.0,,,,,,,,,,,125.0,,,,,,,,6,3.0,,,,,,,,,,,4.0,,,,,,,,COMPLETE
857,857,0.0,2025-01-01 12:13:33.215058,2025-01-01 12:13:40.933238,0 days 00:00:07.718180,14,120,185.0,35.0,130.0,130.0,70.0,,,,,,,95.0,155.0,195.0,50.0,90.0,100.0,190.0,55.0,6,3.0,4.0,2.0,5.0,2.0,,,,,,,4.0,2.0,6.0,6.0,2.0,5.0,5.0,2.0,COMPLETE
858,858,0.0,2025-01-01 12:13:40.934078,2025-01-01 12:13:46.773986,0 days 00:00:05.839908,10,125,190.0,,,,,,,,,,,120.0,10.0,170.0,95.0,120.0,50.0,100.0,135.0,6,3.0,,,,,,,,,,,6.0,6.0,5.0,3.0,3.0,3.0,6.0,5.0,COMPLETE
859,859,0.6723776223776223,2025-01-01 12:13:46.774817,2025-01-01 12:13:50.609002,0 days 00:00:03.834185,1,155,,,,,,,,,,,,,,,,,,,,6,,,,,,,,,,,,,,,,,,,,COMPLETE
860,860,0.6653846153846154,2025-01-01 12:13:50.609533,2025-01-01 12:13:54.539375,0 days 00:00:03.929842,2,115,185.0,,,,,,,,,,,,,,,,,,,6,3.0,,,,,,,,,,,,,,,,,,,COMPLETE
861,861,0.6279411764705882,2025-01-01 12:13:54.539942,2025-01-01 12:13:58.104086,0 days 00:00:03.564144,2,115,190.0,,,,,,,,,,,,,,,,,,,6,3.0,,,,,,,,,,,,,,,,,,,COMPLETE
862,862,0.6015769944341374,2025-01-01 12:13:58.104649,2025-01-01 12:14:03.005165,0 days 00:00:04.900516,3,130,175.0,,,,,,,,,,,150.0,,,,,,,,6,3.0,,,,,,,,,,,3.0,,,,,,,,COMPLETE
863,863,0.5381578947368422,2025-01-01 12:14:03.005746,2025-01-01 12:14:07.100314,0 days 00:00:04.094568,1,110,,,,,,,,,,,,,,,,,,,,6,,,,,,,,,,,,,,,,,,,,COMPLETE
864,864,0.0,2025-01-01 12:14:07.101009,2025-01-01 12:14:09.649428,0 days 00:00:02.548419,4,135,180.0,,,,,,,,,,,100.0,20.0,,,,,,,6,3.0,,,,,,,,,,,4.0,4.0,,,,,,,COMPLETE
865,865,0.5871212121212122,2025-01-01 12:14:09.650031,2025-01-01 12:14:13.330936,0 days 00:00:03.680905,2,120,180.0,,,,,,,,,,,,,,,,,,,6,3.0,,,,,,,,,,,,,,,,,,,COMPLETE
866,866,0.7151515151515151,2025-01-01 12:14:13.331493,2025-01-01 12:14:17.499258,0 days 00:00:04.167765,2,110,160.0,,,,,,,,,,,,,,,,,,,6,3.0,,,,,,,,,,,,,,,,,,,COMPLETE
867,867,0.0,2025-01-01 12:14:17.499817,2025-01-01 12:14:26.791216,0 days 00:00:09.291399,17,115,160.0,90.0,190.0,185.0,40.0,30.0,25.0,145.0,,,,135.0,80.0,60.0,30.0,105.0,180.0,180.0,160.0,6,3.0,2.0,5.0,4.0,4.0,3.0,5.0,6.0,,,,3.0,5.0,3.0,4.0,4.0,4.0,3.0,3.0,COMPLETE
868,868,0.6413255360623782,2025-01-01 12:14:26.792169,2025-01-01 12:14:30.700750,0 days 00:00:03.908581,2,110,160.0,,,,,,,,,,,,,,,,,,,6,3.0,,,,,,,,,,,,,,,,,,,COMPLETE
869,869,0.0,2025-01-01 12:14:30.701308,2025-01-01 12:14:32.551241,0 days 00:00:01.849933,3,105,165.0,,,,,,,,,,,120.0,,,,,,,,6,3.0,,,,,,,,,,,2.0,,,,,,,,COMPLETE
870,870,0.6356589147286822,2025-01-01 12:14:32.551826,2025-01-01 12:14:36.979623,0 days 00:00:04.427797,2,110,165.0,,,,,,,,,,,,,,,,,,,6,3.0,,,,,,,,,,,,,,,,,,,COMPLETE
871,871,0.0,2025-01-01 12:14:36.980185,2025-01-01 12:14:42.343871,0 days 00:00:05.363686,9,115,170.0,,,,,,,,,,,165.0,130.0,35.0,175.0,50.0,145.0,200.0,,6,3.0,,,,,,,,,,,5.0,3.0,4.0,2.0,5.0,6.0,2.0,,COMPLETE
872,872,0.0,2025-01-01 12:14:42.344600,2025-01-01 12:14:45.240154,0 days 00:00:02.895554,3,125,160.0,,,,,,,,,,,115.0,,,,,,,,6,6.0,,,,,,,,,,,4.0,,,,,,,,COMPLETE
873,873,0.0,2025-01-01 12:14:45.240763,2025-01-01 12:14:48.070629,0 days 00:00:02.829866,4,105,195.0,,,,,,,,,,,85.0,115.0,,,,,,,6,3.0,,,,,,,,,,,3.0,6.0,,,,,,,COMPLETE
874,874,0.34375,2025-01-01 12:14:48.071225,2025-01-01 12:14:52.068575,0 days 00:00:03.997350,1,120,,,,,,,,,,,,,,,,,,,,6,,,,,,,,,,,,,,,,,,,,COMPLETE
875,875,0.4872727272727273,2025-01-01 12:14:52.069108,2025-01-01 12:14:56.845640,0 days 00:00:04.776532,2,95,155.0,,,,,,,,,,,,,,,,,,,6,5.0,,,,,,,,,,,,,,,,,,,COMPLETE
876,876,0.5790697674418605,2025-01-01 12:14:56.846196,2025-01-01 12:14:59.740340,0 days 00:00:02.894144,2,115,170.0,,,,,,,,,,,,,,,,,,,6,3.0,,,,,,,,,,,,,,,,,,,COMPLETE
877,877,0.0,2025-01-01 12:14:59.740884,2025-01-01 12:15:01.961773,0 days 00:00:02.220889,3,105,200.0,,,,,,,,,,,140.0,,,,,,,,6,3.0,,,,,,,,,,,4.0,,,,,,,,COMPLETE
878,878,0.0,2025-01-01 12:15:01.962425,2025-01-01 12:15:05.622083,0 days 00:00:03.659658,3,140,175.0,,,,,,,,,,,155.0,,,,,,,,6,3.0,,,,,,,,,,,5.0,,,,,,,,COMPLETE
879,879,0.5386977886977887,2025-01-01 12:15:05.622665,2025-01-01 12:15:09.516448,0 days 00:00:03.893783,1,110,,,,,,,,,,,,,,,,,,,,6,,,,,,,,,,,,,,,,,,,,COMPLETE
880,880,0.0,2025-01-01 12:15:09.516994,2025-01-01 12:15:11.837173,0 days 00:00:02.320179,3,110,185.0,,,,,,,,,,,90.0,,,,,,,,6,4.0,,,,,,,,,,,4.0,,,,,,,,COMPLETE
881,881,0.0,2025-01-01 12:15:11.837736,2025-01-01 12:15:16.368639,0 days 00:00:04.530903,7,120,160.0,,,,,,,,,,,145.0,100.0,5.0,200.0,70.0,,,,6,3.0,,,,,,,,,,,6.0,2.0,2.0,5.0,6.0,,,,COMPLETE
882,882,0.6855813953488372,2025-01-01 12:15:16.369346,2025-01-01 12:15:20.208140,0 days 00:00:03.838794,2,95,180.0,,,,,,,,,,,,,,,,,,,6,3.0,,,,,,,,,,,,,,,,,,,COMPLETE
883,883,0.5499316005471957,2025-01-01 12:15:20.208857,2025-01-01 12:15:23.248919,0 days 00:00:03.040062,2,100,165.0,,,,,,,,,,,,,,,,,,,6,3.0,,,,,,,,,,,,,,,,,,,COMPLETE
884,884,0.6423255813953488,2025-01-01 12:15:23.249469,2025-01-01 12:15:26.720553,0 days 00:00:03.471084,2,110,185.0,,,,,,,,,,,,,,,,,,,6,3.0,,,,,,,,,,,,,,,,,,,COMPLETE
885,885,0.0,2025-01-01 12:15:26.721109,2025-01-01 12:15:29.182654,0 days 00:00:02.461545,4,125,195.0,,,,,,,,,,,110.0,60.0,,,,,,,6,2.0,,,,,,,,,,,3.0,5.0,,,,,,,COMPLETE
886,886,0.6022201665124884,2025-01-01 12:15:29.183241,2025-01-01 12:15:34.427543,0 days 00:00:05.244302,3,115,190.0,,,,,,,,,,,135.0,,,,,,,,6,3.0,,,,,,,,,,,5.0,,,,,,,,COMPLETE
887,887,0.6287878787878788,2025-01-01 12:15:34.428136,2025-01-01 12:15:39.083862,0 days 00:00:04.655726,1,105,,,,,,,,,,,,,,,,,,,,6,,,,,,,,,,,,,,,,,,,,COMPLETE
888,888,0.5497584541062801,2025-01-01 12:15:39.084415,2025-01-01 12:15:42.616939,0 days 00:00:03.532524,2,115,155.0,,,,,,,,,,,,,,,,,,,6,3.0,,,,,,,,,,,,,,,,,,,COMPLETE
889,889,0.0,2025-01-01 12:15:42.617479,2025-01-01 12:15:44.975141,0 days 00:00:02.357662,3,150,170.0,,,,,,,,,,,130.0,,,,,,,,6,3.0,,,,,,,,,,,4.0,,,,,,,,COMPLETE
890,890,0.6452358926919519,2025-01-01 12:15:44.975746,2025-01-01 12:15:48.305806,0 days 00:00:03.330060,2,100,160.0,,,,,,,,,,,,,,,,,,,6,3.0,,,,,,,,,,,,,,,,,,,COMPLETE
891,891,0.5584415584415584,2025-01-01 12:15:48.306364,2025-01-01 12:15:52.389186,0 days 00:00:04.082822,2,120,185.0,,,,,,,,,,,,,,,,,,,6,3.0,,,,,,,,,,,,,,,,,,,COMPLETE
892,892,0.0,2025-01-01 12:15:52.389756,2025-01-01 12:15:55.436043,0 days 00:00:03.046287,3,95,190.0,,,,,,,,,,,170.0,,,,,,,,6,3.0,,,,,,,,,,,3.0,,,,,,,,COMPLETE
893,893,0.44478764478764476,2025-01-01 12:15:55.436634,2025-01-01 12:15:59.897905,0 days 00:00:04.461271,1,115,,,,,,,,,,,,,,,,,,,,6,,,,,,,,,,,,,,,,,,,,COMPLETE
894,894,0.0,2025-01-01 12:15:59.898447,2025-01-01 12:16:02.154440,0 days 00:00:02.255993,3,110,175.0,,,,,,,,,,,140.0,,,,,,,,6,3.0,,,,,,,,,,,4.0,,,,,,,,COMPLETE
895,895,0.6515151515151515,2025-01-01 12:16:02.155013,2025-01-01 12:16:04.932020,0 days 00:00:02.777007,2,110,180.0,,,,,,,,,,,,,,,,,,,6,3.0,,,,,,,,,,,,,,,,,,,COMPLETE
896,896,0.0,2025-01-01 12:16:04.932586,2025-01-01 12:16:07.526823,0 days 00:00:02.594237,4,120,155.0,,,,,,,,,,,120.0,40.0,,,,,,,6,3.0,,,,,,,,,,,5.0,3.0,,,,,,,COMPLETE
897,897,0.5927952576379389,2025-01-01 12:16:07.527404,2025-01-01 12:16:11.916216,0 days 00:00:04.388812,2,100,175.0,,,,,,,,,,,,,,,,,,,6,3.0,,,,,,,,,,,,,,,,,,,COMPLETE
898,898,0.0,2025-01-01 12:16:11.916879,2025-01-01 12:16:15.736298,0 days 00:00:03.819419,6,125,150.0,,,,,,,,,,,105.0,170.0,15.0,125.0,,,,,6,3.0,,,,,,,,,,,2.0,4.0,5.0,5.0,,,,,COMPLETE
899,899,0.7009090909090909,2025-01-01 12:16:15.736972,2025-01-01 12:16:21.241205,0 days 00:00:05.504233,3,105,155.0,,,,,,,,,,,50.0,,,,,,,,6,3.0,,,,,,,,,,,3.0,,,,,,,,COMPLETE
900,900,0.6436781609195402,2025-01-01 12:16:21.241801,2025-01-01 12:16:25.342736,0 days 00:00:04.100935,1,115,,,,,,,,,,,,,,,,,,,,6,,,,,,,,,,,,,,,,,,,,COMPLETE
901,901,0.5679586563307493,2025-01-01 12:16:25.343282,2025-01-01 12:16:28.580589,0 days 00:00:03.237307,2,130,170.0,,,,,,,,,,,,,,,,,,,6,3.0,,,,,,,,,,,,,,,,,,,COMPLETE
902,902,0.6275058275058275,2025-01-01 12:16:28.581293,2025-01-01 12:16:32.538289,0 days 00:00:03.956996,2,95,180.0,,,,,,,,,,,,,,,,,,,6,3.0,,,,,,,,,,,,,,,,,,,COMPLETE
903,903,0.0,2025-01-01 12:16:32.538872,2025-01-01 12:16:34.867666,0 days 00:00:02.328794,3,110,200.0,,,,,,,,,,,160.0,,,,,,,,6,3.0,,,,,,,,,,,4.0,,,,,,,,COMPLETE
904,904,0.6875,2025-01-01 12:16:34.868227,2025-01-01 12:16:40.095166,0 days 00:00:05.226939,3,120,165.0,,,,,,,,,,,150.0,,,,,,,,6,3.0,,,,,,,,,,,5.0,,,,,,,,COMPLETE
905,905,0.0,2025-01-01 12:16:40.095763,2025-01-01 12:16:42.116479,0 days 00:00:02.020716,4,105,190.0,,,,,,,,,,,65.0,125.0,,,,,,,2,3.0,,,,,,,,,,,3.0,2.0,,,,,,,COMPLETE
906,906,0.6495238095238096,2025-01-01 12:16:42.117057,2025-01-01 12:16:46.105866,0 days 00:00:03.988809,2,145,150.0,,,,,,,,,,,,,,,,,,,6,3.0,,,,,,,,,,,,,,,,,,,COMPLETE
907,907,0.6538461538461539,2025-01-01 12:16:46.106457,2025-01-01 12:16:49.938263,0 days 00:00:03.831806,2,100,185.0,,,,,,,,,,,,,,,,,,,6,3.0,,,,,,,,,,,,,,,,,,,COMPLETE
908,908,0.3208333333333333,2025-01-01 12:16:49.938824,2025-01-01 12:16:55.450194,0 days 00:00:05.511370,1,135,,,,,,,,,,,,,,,,,,,,6,,,,,,,,,,,,,,,,,,,,COMPLETE
909,909,0.6624649859943978,2025-01-01 12:16:55.450739,2025-01-01 12:17:01.594633,0 days 00:00:06.143894,3,115,160.0,,,,,,,,,,,145.0,,,,,,,,6,3.0,,,,,,,,,,,5.0,,,,,,,,COMPLETE
910,910,0.0,2025-01-01 12:17:01.595203,2025-01-01 12:17:04.204667,0 days 00:00:02.609464,3,110,130.0,,,,,,,,,,,115.0,,,,,,,,6,3.0,,,,,,,,,,,4.0,,,,,,,,COMPLETE
911,911,0.48141025641025637,2025-01-01 12:17:04.205241,2025-01-01 12:17:07.981271,0 days 00:00:03.776030,1,120,,,,,,,,,,,,,,,,,,,,6,,,,,,,,,,,,,,,,,,,,COMPLETE
912,912,0.7445652173913043,2025-01-01 12:17:07.981810,2025-01-01 12:17:11.250088,0 days 00:00:03.268278,2,105,140.0,,,,,,,,,,,,,,,,,,,6,3.0,,,,,,,,,,,,,,,,,,,COMPLETE
913,913,0.5184122429459589,2025-01-01 12:17:11.250648,2025-01-01 12:17:14.304071,0 days 00:00:03.053423,2,95,135.0,,,,,,,,,,,,,,,,,,,6,3.0,,,,,,,,,,,,,,,,,,,COMPLETE
914,914,0.0,2025-01-01 12:17:14.304642,2025-01-01 12:17:17.186029,0 days 00:00:02.881387,3,125,135.0,,,,,,,,,,,100.0,,,,,,,,6,3.0,,,,,,,,,,,3.0,,,,,,,,COMPLETE
915,915,0.45138888888888884,2025-01-01 12:17:17.186601,2025-01-01 12:17:20.745397,0 days 00:00:03.558796,2,115,140.0,,,,,,,,,,,,,,,,,,,6,3.0,,,,,,,,,,,,,,,,,,,COMPLETE
916,916,0.5927952576379389,2025-01-01 12:17:20.746046,2025-01-01 12:17:26.235298,0 days 00:00:05.489252,3,110,190.0,,,,,,,,,,,130.0,,,,,,,,6,3.0,,,,,,,,,,,5.0,,,,,,,,COMPLETE
917,917,0.0,2025-01-01 12:17:26.235893,2025-01-01 12:17:28.964658,0 days 00:00:02.728765,4,90,140.0,,,,,,,,,,,125.0,140.0,,,,,,,6,3.0,,,,,,,,,,,6.0,3.0,,,,,,,COMPLETE
918,918,0.50682261208577,2025-01-01 12:17:28.965251,2025-01-01 12:17:33.087797,0 days 00:00:04.122546,2,95,175.0,,,,,,,,,,,,,,,,,,,6,3.0,,,,,,,,,,,,,,,,,,,COMPLETE
919,919,0.6126373626373627,2025-01-01 12:17:33.088530,2025-01-01 12:17:38.942300,0 days 00:00:05.853770,3,100,140.0,,,,,,,,,,,95.0,,,,,,,,6,3.0,,,,,,,,,,,4.0,,,,,,,,COMPLETE
920,920,0.6333333333333333,2025-01-01 12:17:38.942888,2025-01-01 12:17:43.793286,0 days 00:00:04.850398,1,120,,,,,,,,,,,,,,,,,,,,6,,,,,,,,,,,,,,,,,,,,COMPLETE
921,921,0.6154545454545455,2025-01-01 12:17:43.793856,2025-01-01 12:17:46.750726,0 days 00:00:02.956870,2,105,195.0,,,,,,,,,,,,,,,,,,,6,3.0,,,,,,,,,,,,,,,,,,,COMPLETE
922,922,0.5695970695970696,2025-01-01 12:17:46.751259,2025-01-01 12:17:50.741234,0 days 00:00:03.989975,2,115,130.0,,,,,,,,,,,,,,,,,,,6,3.0,,,,,,,,,,,,,,,,,,,COMPLETE
923,923,0.6260869565217391,2025-01-01 12:17:50.741808,2025-01-01 12:17:54.897932,0 days 00:00:04.156124,1,110,,,,,,,,,,,,,,,,,,,,6,,,,,,,,,,,,,,,,,,,,COMPLETE
924,924,0.6504065040650406,2025-01-01 12:17:54.898500,2025-01-01 12:17:59.150871,0 days 00:00:04.252371,2,130,185.0,,,,,,,,,,,,,,,,,,,6,3.0,,,,,,,,,,,,,,,,,,,COMPLETE
925,925,0.0,2025-01-01 12:17:59.151434,2025-01-01 12:18:02.020391,0 days 00:00:02.868957,3,90,180.0,,,,,,,,,,,75.0,,,,,,,,6,3.0,,,,,,,,,,,3.0,,,,,,,,COMPLETE
926,926,0.6234967622571693,2025-01-01 12:18:02.020979,2025-01-01 12:18:06.341601,0 days 00:00:04.320622,2,100,135.0,,,,,,,,,,,,,,,,,,,6,4.0,,,,,,,,,,,,,,,,,,,COMPLETE
927,927,0.0,2025-01-01 12:18:06.342166,2025-01-01 12:18:08.155097,0 days 00:00:01.812931,3,125,145.0,,,,,,,,,,,160.0,,,,,,,,6,3.0,,,,,,,,,,,2.0,,,,,,,,COMPLETE
928,928,0.6015769944341374,2025-01-01 12:18:08.155647,2025-01-01 12:18:12.672517,0 days 00:00:04.516870,2,155,170.0,,,,,,,,,,,,,,,,,,,6,3.0,,,,,,,,,,,,,,,,,,,COMPLETE
929,929,0.0,2025-01-01 12:18:12.673087,2025-01-01 12:18:15.809986,0 days 00:00:03.136899,4,105,140.0,,,,,,,,,,,140.0,5.0,,,,,,,6,3.0,,,,,,,,,,,5.0,6.0,,,,,,,COMPLETE
930,930,0.0,2025-01-01 12:18:15.810599,2025-01-01 12:18:18.151293,0 days 00:00:02.340694,3,120,165.0,,,,,,,,,,,110.0,,,,,,,,6,3.0,,,,,,,,,,,4.0,,,,,,,,COMPLETE
931,931,0.3737373737373737,2025-01-01 12:18:18.151859,2025-01-01 12:18:22.629533,0 days 00:00:04.477674,1,115,,,,,,,,,,,,,,,,,,,,6,,,,,,,,,,,,,,,,,,,,COMPLETE
932,932,0.6594202898550725,2025-01-01 12:18:22.630082,2025-01-01 12:18:25.573298,0 days 00:00:02.943216,2,105,175.0,,,,,,,,,,,,,,,,,,,6,2.0,,,,,,,,,,,,,,,,,,,COMPLETE
933,933,0.6444444444444444,2025-01-01 12:18:25.573948,2025-01-01 12:18:29.398759,0 days 00:00:03.824811,2,110,130.0,,,,,,,,,,,,,,,,,,,6,3.0,,,,,,,,,,,,,,,,,,,COMPLETE
934,934,0.5707364341085271,2025-01-01 12:18:29.399310,2025-01-01 12:18:34.225555,0 days 00:00:04.826245,3,115,185.0,,,,,,,,,,,135.0,,,,,,,,6,5.0,,,,,,,,,,,3.0,,,,,,,,COMPLETE
935,935,0.0,2025-01-01 12:18:34.226159,2025-01-01 12:18:36.513873,0 days 00:00:02.287714,3,145,195.0,,,,,,,,,,,155.0,,,,,,,,6,3.0,,,,,,,,,,,4.0,,,,,,,,COMPLETE
936,936,0.5927952576379389,2025-01-01 12:18:36.514423,2025-01-01 12:18:39.904641,0 days 00:00:03.390218,2,95,135.0,,,,,,,,,,,,,,,,,,,6,3.0,,,,,,,,,,,,,,,,,,,COMPLETE
937,937,0.6715415019762846,2025-01-01 12:18:39.905204,2025-01-01 12:18:44.498619,0 days 00:00:04.593415,1,90,,,,,,,,,,,,,,,,,,,,6,,,,,,,,,,,,,,,,,,,,COMPLETE
938,938,0.0,2025-01-01 12:18:44.499344,2025-01-01 12:18:47.402390,0 days 00:00:02.903046,4,115,180.0,,,,,,,,,,,120.0,185.0,,,,,,,6,3.0,,,,,,,,,,,5.0,5.0,,,,,,,COMPLETE
939,939,0.608983451536643,2025-01-01 12:18:47.402999,2025-01-01 12:18:50.943401,0 days 00:00:03.540402,2,160,145.0,,,,,,,,,,,,,,,,,,,6,3.0,,,,,,,,,,,,,,,,,,,COMPLETE
940,940,0.6515151515151515,2025-01-01 12:18:50.943976,2025-01-01 12:18:54.902191,0 days 00:00:03.958215,2,100,140.0,,,,,,,,,,,,,,,,,,,6,3.0,,,,,,,,,,,,,,,,,,,COMPLETE
941,941,0.6356589147286822,2025-01-01 12:18:54.902758,2025-01-01 12:18:59.990508,0 days 00:00:05.087750,3,120,190.0,,,,,,,,,,,125.0,,,,,,,,6,3.0,,,,,,,,,,,4.0,,,,,,,,COMPLETE
942,942,0.4117647058823529,2025-01-01 12:18:59.991116,2025-01-01 12:19:04.109081,0 days 00:00:04.117965,1,110,,,,,,,,,,,,,,,,,,,,6,,,,,,,,,,,,,,,,,,,,COMPLETE
943,943,0.6594202898550725,2025-01-01 12:19:04.109641,2025-01-01 12:19:08.837887,0 days 00:00:04.728246,3,85,185.0,,,,,,,,,,,150.0,,,,,,,,6,3.0,,,,,,,,,,,5.0,,,,,,,,COMPLETE
944,944,0.6524822695035462,2025-01-01 12:19:08.838488,2025-01-01 12:19:12.867383,0 days 00:00:04.028895,2,125,180.0,,,,,,,,,,,,,,,,,,,6,3.0,,,,,,,,,,,,,,,,,,,COMPLETE
945,945,0.6423255813953488,2025-01-01 12:19:12.867963,2025-01-01 12:19:17.570197,0 days 00:00:04.702234,2,110,65.0,,,,,,,,,,,,,,,,,,,6,6.0,,,,,,,,,,,,,,,,,,,COMPLETE
946,946,0.0,2025-01-01 12:19:17.570778,2025-01-01 12:19:26.035939,0 days 00:00:08.465161,14,95,160.0,55.0,95.0,120.0,185.0,,,,,,,165.0,195.0,145.0,110.0,130.0,170.0,150.0,10.0,6,3.0,6.0,6.0,2.0,5.0,,,,,,,3.0,4.0,6.0,6.0,2.0,3.0,5.0,4.0,COMPLETE
947,947,0.0,2025-01-01 12:19:26.036744,2025-01-01 12:19:28.759706,0 days 00:00:02.722962,3,90,145.0,,,,,,,,,,,175.0,,,,,,,,6,3.0,,,,,,,,,,,4.0,,,,,,,,COMPLETE
948,948,0.0,2025-01-01 12:19:28.760285,2025-01-01 12:19:32.635688,0 days 00:00:03.875403,7,105,165.0,,,,,,,,,,,80.0,50.0,200.0,80.0,180.0,,,,6,3.0,,,,,,,,,,,6.0,3.0,4.0,3.0,3.0,,,,COMPLETE
949,949,0.0,2025-01-01 12:19:32.636463,2025-01-01 12:19:35.353059,0 days 00:00:02.716596,4,120,170.0,,,,,,,,,,,130.0,70.0,,,,,,,6,3.0,,,,,,,,,,,3.0,6.0,,,,,,,COMPLETE
950,950,0.6013888888888889,2025-01-01 12:19:35.353668,2025-01-01 12:19:38.515776,0 days 00:00:03.162108,2,150,190.0,,,,,,,,,,,,,,,,,,,6,4.0,,,,,,,,,,,,,,,,,,,COMPLETE
951,951,0.0,2025-01-01 12:19:38.516331,2025-01-01 12:19:47.130737,0 days 00:00:08.614406,15,135,135.0,155.0,15.0,15.0,115.0,100.0,,,,,,105.0,105.0,155.0,70.0,35.0,120.0,175.0,180.0,6,3.0,4.0,2.0,5.0,4.0,5.0,,,,,,2.0,2.0,3.0,2.0,6.0,5.0,4.0,6.0,COMPLETE
952,952,0.6219851576994434,2025-01-01 12:19:47.131639,2025-01-01 12:19:52.695959,0 days 00:00:05.564320,3,110,140.0,,,,,,,,,,,145.0,,,,,,,,6,3.0,,,,,,,,,,,5.0,,,,,,,,COMPLETE
953,953,0.5586124401913876,2025-01-01 12:19:52.696570,2025-01-01 12:19:56.619455,0 days 00:00:03.922885,1,100,,,,,,,,,,,,,,,,,,,,6,,,,,,,,,,,,,,,,,,,,COMPLETE
954,954,0.6423255813953488,2025-01-01 12:19:56.620017,2025-01-01 12:20:00.474302,0 days 00:00:03.854285,2,90,150.0,,,,,,,,,,,,,,,,,,,6,3.0,,,,,,,,,,,,,,,,,,,COMPLETE
955,955,0.6581818181818182,2025-01-01 12:20:00.475042,2025-01-01 12:20:05.424625,0 days 00:00:04.949583,3,115,180.0,,,,,,,,,,,155.0,,,,,,,,6,3.0,,,,,,,,,,,4.0,,,,,,,,COMPLETE
956,956,0.36837121212121215,2025-01-01 12:20:05.425238,2025-01-01 12:20:09.513011,0 days 00:00:04.087773,1,105,,,,,,,,,,,,,,,,,,,,6,,,,,,,,,,,,,,,,,,,,COMPLETE
957,957,0.6651205936920223,2025-01-01 12:20:09.513572,2025-01-01 12:20:14.368935,0 days 00:00:04.855363,2,130,125.0,,,,,,,,,,,,,,,,,,,6,3.0,,,,,,,,,,,,,,,,,,,COMPLETE
958,958,0.0,2025-01-01 12:20:14.369537,2025-01-01 12:20:16.928774,0 days 00:00:02.559237,3,125,175.0,,,,,,,,,,,110.0,,,,,,,,6,3.0,,,,,,,,,,,3.0,,,,,,,,COMPLETE
959,959,0.6154545454545455,2025-01-01 12:20:16.929355,2025-01-01 12:20:22.741060,0 days 00:00:05.811705,3,85,200.0,,,,,,,,,,,30.0,,,,,,,,6,3.0,,,,,,,,,,,5.0,,,,,,,,COMPLETE
960,960,0.6957759848125297,2025-01-01 12:20:22.741673,2025-01-01 12:20:27.003175,0 days 00:00:04.261502,2,95,185.0,,,,,,,,,,,,,,,,,,,6,3.0,,,,,,,,,,,,,,,,,,,COMPLETE
961,961,0.6855813953488372,2025-01-01 12:20:27.003762,2025-01-01 12:20:30.762344,0 days 00:00:03.758582,2,155,145.0,,,,,,,,,,,,,,,,,,,6,3.0,,,,,,,,,,,,,,,,,,,COMPLETE
962,962,0.5941489361702128,2025-01-01 12:20:30.762948,2025-01-01 12:20:35.491421,0 days 00:00:04.728473,1,80,,,,,,,,,,,,,,,,,,,,6,,,,,,,,,,,,,,,,,,,,COMPLETE
963,963,0.0,2025-01-01 12:20:35.492003,2025-01-01 12:20:38.242394,0 days 00:00:02.750391,4,120,155.0,,,,,,,,,,,135.0,55.0,,,,,,,6,3.0,,,,,,,,,,,4.0,5.0,,,,,,,COMPLETE
964,964,0.6168478260869565,2025-01-01 12:20:38.243016,2025-01-01 12:20:44.135955,0 days 00:00:05.892939,3,115,130.0,,,,,,,,,,,90.0,,,,,,,,6,3.0,,,,,,,,,,,6.0,,,,,,,,COMPLETE
965,965,0.0,2025-01-01 12:20:44.136581,2025-01-01 12:20:47.059324,0 days 00:00:02.922743,5,110,175.0,,,,,,,,,,,115.0,90.0,75.0,,,,,,6,3.0,,,,,,,,,,,4.0,4.0,2.0,,,,,,COMPLETE
966,966,0.0,2025-01-01 12:20:47.060042,2025-01-01 12:20:57.352051,0 days 00:00:10.292009,18,100,135.0,75.0,140.0,175.0,5.0,185.0,180.0,90.0,160.0,,,140.0,25.0,135.0,145.0,195.0,65.0,5.0,20.0,6,3.0,5.0,3.0,6.0,3.0,4.0,6.0,2.0,5.0,,,3.0,3.0,5.0,5.0,5.0,2.0,5.0,4.0,COMPLETE
967,967,0.6785225718194254,2025-01-01 12:20:57.353024,2025-01-01 12:21:01.005176,0 days 00:00:03.652152,2,115,170.0,,,,,,,,,,,,,,,,,,,6,3.0,,,,,,,,,,,,,,,,,,,COMPLETE
968,968,0.0,2025-01-01 12:21:01.005767,2025-01-01 12:21:11.970800,0 days 00:00:10.965033,19,75,160.0,190.0,55.0,135.0,100.0,20.0,45.0,30.0,65.0,125.0,,165.0,85.0,85.0,190.0,140.0,40.0,55.0,55.0,6,3.0,3.0,5.0,2.0,5.0,6.0,2.0,4.0,5.0,2.0,,5.0,4.0,6.0,6.0,4.0,4.0,3.0,6.0,COMPLETE
969,969,0.6382978723404256,2025-01-01 12:21:11.971969,2025-01-01 12:21:15.832970,0 days 00:00:03.861001,2,105,190.0,,,,,,,,,,,,,,,,,,,6,3.0,,,,,,,,,,,,,,,,,,,COMPLETE
970,970,0.5755591925804692,2025-01-01 12:21:15.833566,2025-01-01 12:21:20.548512,0 days 00:00:04.714946,1,120,,,,,,,,,,,,,,,,,,,,6,,,,,,,,,,,,,,,,,,,,COMPLETE
971,971,0.6168478260869565,2025-01-01 12:21:20.549077,2025-01-01 12:21:24.164313,0 days 00:00:03.615236,2,90,140.0,,,,,,,,,,,,,,,,,,,6,3.0,,,,,,,,,,,,,,,,,,,COMPLETE
972,972,0.0,2025-01-01 12:21:24.164894,2025-01-01 12:21:26.630197,0 days 00:00:02.465303,3,160,145.0,,,,,,,,,,,170.0,,,,,,,,6,3.0,,,,,,,,,,,3.0,,,,,,,,COMPLETE
973,973,0.0,2025-01-01 12:21:26.630786,2025-01-01 12:21:28.427886,0 days 00:00:01.797100,3,95,185.0,,,,,,,,,,,100.0,,,,,,,,6,3.0,,,,,,,,,,,2.0,,,,,,,,COMPLETE
974,974,0.6594202898550725,2025-01-01 12:21:28.428457,2025-01-01 12:21:31.708871,0 days 00:00:03.280414,2,110,180.0,,,,,,,,,,,,,,,,,,,6,3.0,,,,,,,,,,,,,,,,,,,COMPLETE
975,975,0.637641723356009,2025-01-01 12:21:31.709476,2025-01-01 12:21:37.482890,0 days 00:00:05.773414,3,85,195.0,,,,,,,,,,,5.0,,,,,,,,6,3.0,,,,,,,,,,,5.0,,,,,,,,COMPLETE
976,976,0.513157894736842,2025-01-01 12:21:37.483501,2025-01-01 12:21:41.951201,0 days 00:00:04.467700,1,75,,,,,,,,,,,,,,,,,,,,6,,,,,,,,,,,,,,,,,,,,COMPLETE
977,977,0.0,2025-01-01 12:21:41.951775,2025-01-01 12:21:44.963225,0 days 00:00:03.011450,4,100,120.0,,,,,,,,,,,145.0,180.0,,,,,,,6,3.0,,,,,,,,,,,4.0,6.0,,,,,,,COMPLETE
978,978,0.6515151515151515,2025-01-01 12:21:44.963887,2025-01-01 12:21:49.521149,0 days 00:00:04.557262,2,105,150.0,,,,,,,,,,,,,,,,,,,6,3.0,,,,,,,,,,,,,,,,,,,COMPLETE
979,979,0.5712250712250713,2025-01-01 12:21:49.521738,2025-01-01 12:21:53.256960,0 days 00:00:03.735222,2,120,55.0,,,,,,,,,,,,,,,,,,,6,3.0,,,,,,,,,,,,,,,,,,,COMPLETE
980,980,0.6223255813953488,2025-01-01 12:21:53.257549,2025-01-01 12:21:59.156653,0 days 00:00:05.899104,3,80,140.0,,,,,,,,,,,115.0,,,,,,,,6,6.0,,,,,,,,,,,4.0,,,,,,,,COMPLETE
981,981,0.5950113378684807,2025-01-01 12:21:59.157263,2025-01-01 12:22:02.319524,0 days 00:00:03.162261,2,115,125.0,,,,,,,,,,,,,,,,,,,6,3.0,,,,,,,,,,,,,,,,,,,COMPLETE
982,982,0.6126373626373627,2025-01-01 12:22:02.320091,2025-01-01 12:22:06.269399,0 days 00:00:03.949308,2,125,185.0,,,,,,,,,,,,,,,,,,,6,3.0,,,,,,,,,,,,,,,,,,,COMPLETE
983,983,0.5742753623188406,2025-01-01 12:22:06.270092,2025-01-01 12:22:11.700785,0 days 00:00:05.430693,3,110,165.0,,,,,,,,,,,130.0,,,,,,,,6,3.0,,,,,,,,,,,5.0,,,,,,,,COMPLETE
984,984,0.3088954056695992,2025-01-01 12:22:11.701381,2025-01-01 12:22:14.790037,0 days 00:00:03.088656,1,85,,,,,,,,,,,,,,,,,,,,3,,,,,,,,,,,,,,,,,,,,COMPLETE
985,985,0.5857142857142856,2025-01-01 12:22:14.790600,2025-01-01 12:22:18.172514,0 days 00:00:03.381914,2,100,155.0,,,,,,,,,,,,,,,,,,,6,3.0,,,,,,,,,,,,,,,,,,,COMPLETE
986,986,0.0,2025-01-01 12:22:18.173104,2025-01-01 12:22:20.649847,0 days 00:00:02.476743,3,130,190.0,,,,,,,,,,,150.0,,,,,,,,6,3.0,,,,,,,,,,,3.0,,,,,,,,COMPLETE
987,987,0.0,2025-01-01 12:22:20.650425,2025-01-01 12:22:22.820597,0 days 00:00:02.170172,4,90,145.0,,,,,,,,,,,125.0,145.0,,,,,,,6,3.0,,,,,,,,,,,3.0,2.0,,,,,,,COMPLETE
988,988,0.6761904761904762,2025-01-01 12:22:22.821355,2025-01-01 12:22:25.432729,0 days 00:00:02.611374,1,115,,,,,,,,,,,,,,,,,,,,6,,,,,,,,,,,,,,,,,,,,COMPLETE
989,989,0.6015769944341374,2025-01-01 12:22:25.433277,2025-01-01 12:22:29.556204,0 days 00:00:04.122927,2,95,175.0,,,,,,,,,,,,,,,,,,,6,3.0,,,,,,,,,,,,,,,,,,,COMPLETE
990,990,0.0,2025-01-01 12:22:29.556805,2025-01-01 12:22:36.044702,0 days 00:00:06.487897,11,105,135.0,115.0,,,,,,,,,,155.0,200.0,180.0,10.0,15.0,195.0,70.0,85.0,6,3.0,4.0,,,,,,,,,,5.0,5.0,3.0,4.0,2.0,5.0,4.0,2.0,COMPLETE
991,991,0.0,2025-01-01 12:22:36.045446,2025-01-01 12:22:38.936864,0 days 00:00:02.891418,3,165,185.0,,,,,,,,,,,120.0,,,,,,,,6,3.0,,,,,,,,,,,6.0,,,,,,,,COMPLETE
992,992,0.0,2025-01-01 12:22:38.937458,2025-01-01 12:22:41.418821,0 days 00:00:02.481363,4,85,165.0,,,,,,,,,,,160.0,30.0,,,,,,,6,3.0,,,,,,,,,,,4.0,3.0,,,,,,,COMPLETE
993,993,0.6220238095238095,2025-01-01 12:22:41.419459,2025-01-01 12:22:45.989541,0 days 00:00:04.570082,2,110,195.0,,,,,,,,,,,,,,,,,,,6,3.0,,,,,,,,,,,,,,,,,,,COMPLETE
994,994,0.6447124304267161,2025-01-01 12:22:45.990163,2025-01-01 12:22:51.109202,0 days 00:00:05.119039,3,125,160.0,,,,,,,,,,,105.0,,,,,,,,6,5.0,,,,,,,,,,,3.0,,,,,,,,COMPLETE
995,995,0.6392857142857142,2025-01-01 12:22:51.109821,2025-01-01 12:22:55.438913,0 days 00:00:04.329092,1,145,,,,,,,,,,,,,,,,,,,,6,,,,,,,,,,,,,,,,,,,,COMPLETE
996,996,0.6594202898550725,2025-01-01 12:22:55.439476,2025-01-01 12:22:58.968535,0 days 00:00:03.529059,2,115,170.0,,,,,,,,,,,,,,,,,,,6,3.0,,,,,,,,,,,,,,,,,,,COMPLETE
997,997,0.0,2025-01-01 12:22:58.969147,2025-01-01 12:23:01.508523,0 days 00:00:02.539376,3,120,130.0,,,,,,,,,,,135.0,,,,,,,,6,3.0,,,,,,,,,,,4.0,,,,,,,,COMPLETE
998,998,0.6323055683387022,2025-01-01 12:23:01.509108,2025-01-01 12:23:05.306468,0 days 00:00:03.797360,2,75,180.0,,,,,,,,,,,,,,,,,,,6,2.0,,,,,,,,,,,,,,,,,,,COMPLETE
999,999,0.6802721088435374,2025-01-01 12:23:05.307061,2025-01-01 12:23:10.249501,0 days 00:00:04.942440,3,105,140.0,,,,,,,,,,,150.0,,,,,,,,6,3.0,,,,,,,,,,,5.0,,,,,,,,COMPLETE
