,number,value,datetime_start,datetime_complete,duration,params_depth,params_grids_0,params_grids_1,params_grids_10,params_grids_11,params_grids_12,params_grids_13,params_grids_14,params_grids_15,params_grids_16,params_grids_17,params_grids_18,params_grids_19,params_grids_2,params_grids_3,params_grids_4,params_grids_5,params_grids_6,params_grids_7,params_grids_8,params_grids_9,params_neurons_layer_0,params_neurons_layer_1,params_neurons_layer_10,params_neurons_layer_11,params_neurons_layer_12,params_neurons_layer_13,params_neurons_layer_14,params_neurons_layer_15,params_neurons_layer_16,params_neurons_layer_17,params_neurons_layer_18,params_neurons_layer_19,params_neurons_layer_2,params_neurons_layer_3,params_neurons_layer_4,params_neurons_layer_5,params_neurons_layer_6,params_neurons_layer_7,params_neurons_layer_8,params_neurons_layer_9,state
0,0,0.23450292397660819,2025-01-05 12:03:27.471772,2025-01-05 12:03:32.602799,0 days 00:00:05.131027,8,14,10.0,,,,,,,,,,,14.0,4.0,15.0,15.0,14.0,8.0,,,50,30.0,,,,,,,,,,,5.0,25.0,25.0,40.0,40.0,40.0,,,COMPLETE
1,1,0.3482352941176471,2025-01-05 12:03:32.604133,2025-01-05 12:03:39.248191,0 days 00:00:06.644058,16,6,2.0,1.0,5.0,1.0,14.0,15.0,15.0,,,,,11.0,9.0,2.0,1.0,6.0,1.0,15.0,3.0,45,15.0,50.0,50.0,55.0,15.0,40.0,40.0,,,,,10.0,40.0,20.0,45.0,35.0,45.0,15.0,40.0,COMPLETE
2,2,0.7822660098522167,2025-01-05 12:03:39.249084,2025-01-05 12:03:45.535911,0 days 00:00:06.286827,1,10,,,,,,,,,,,,,,,,,,,,55,,,,,,,,,,,,,,,,,,,,COMPLETE
3,3,0.11601731601731602,2025-01-05 12:03:45.536245,2025-01-05 12:03:54.753262,0 days 00:00:09.217017,17,6,13.0,3.0,3.0,14.0,5.0,7.0,1.0,5.0,,,,5.0,3.0,15.0,7.0,11.0,9.0,9.0,15.0,25,40.0,25.0,15.0,15.0,60.0,30.0,30.0,30.0,,,,25.0,20.0,15.0,10.0,10.0,20.0,60.0,35.0,COMPLETE
4,4,0.0,2025-01-05 12:03:54.753958,2025-01-05 12:04:31.544358,0 days 00:00:36.790400,20,1,5.0,4.0,13.0,3.0,12.0,8.0,2.0,4.0,3.0,9.0,1.0,15.0,12.0,9.0,11.0,5.0,8.0,4.0,10.0,15,60.0,40.0,25.0,10.0,50.0,25.0,20.0,20.0,25.0,55.0,25.0,45.0,20.0,50.0,20.0,50.0,15.0,10.0,35.0,COMPLETE
5,5,0.1921921921921922,2025-01-05 12:04:31.546386,2025-01-05 12:04:39.552785,0 days 00:00:08.006399,9,5,13.0,,,,,,,,,,,9.0,12.0,14.0,10.0,4.0,5.0,14.0,,5,60.0,,,,,,,,,,,35.0,20.0,55.0,5.0,35.0,45.0,45.0,,COMPLETE
6,6,0.30434782608695654,2025-01-05 12:04:39.553306,2025-01-05 12:04:44.324783,0 days 00:00:04.771477,12,14,11.0,14.0,5.0,,,,,,,,,7.0,10.0,9.0,3.0,7.0,14.0,12.0,13.0,30,35.0,30.0,15.0,,,,,,,,,50.0,35.0,20.0,45.0,5.0,20.0,5.0,10.0,COMPLETE
7,7,0.5921658986175116,2025-01-05 12:04:44.325324,2025-01-05 12:04:51.919586,0 days 00:00:07.594262,6,2,11.0,,,,,,,,,,,5.0,6.0,1.0,7.0,,,,,45,50.0,,,,,,,,,,,5.0,55.0,25.0,60.0,,,,,COMPLETE
8,8,0.2649122807017544,2025-01-05 12:04:51.919987,2025-01-05 12:05:07.566357,0 days 00:00:15.646370,9,7,11.0,,,,,,,,,,,15.0,1.0,3.0,10.0,6.0,9.0,14.0,,50,25.0,,,,,,,,,,,50.0,10.0,35.0,35.0,40.0,50.0,35.0,,COMPLETE
9,9,0.0,2025-01-05 12:05:07.566838,2025-01-05 12:05:38.107397,0 days 00:00:30.540559,19,7,1.0,15.0,6.0,10.0,14.0,5.0,10.0,4.0,8.0,8.0,,3.0,11.0,12.0,14.0,3.0,12.0,1.0,12.0,10,35.0,35.0,10.0,20.0,35.0,5.0,40.0,30.0,55.0,20.0,,30.0,10.0,5.0,25.0,30.0,60.0,20.0,60.0,COMPLETE
10,10,0.8385416666666667,2025-01-05 12:05:38.108090,2025-01-05 12:05:42.386385,0 days 00:00:04.278295,3,11,6.0,,,,,,,,,,,1.0,,,,,,,,60,5.0,,,,,,,,,,,60.0,,,,,,,,COMPLETE
11,11,0.7882808181315644,2025-01-05 12:05:42.386798,2025-01-05 12:05:48.880096,0 days 00:00:06.493298,1,11,,,,,,,,,,,,,,,,,,,,60,,,,,,,,,,,,,,,,,,,,COMPLETE
12,12,0.779020979020979,2025-01-05 12:05:48.880420,2025-01-05 12:05:55.390020,0 days 00:00:06.509600,1,11,,,,,,,,,,,,,,,,,,,,60,,,,,,,,,,,,,,,,,,,,COMPLETE
13,13,0.40384615384615385,2025-01-05 12:05:55.390441,2025-01-05 12:06:00.610835,0 days 00:00:05.220394,4,11,6.0,,,,,,,,,,,1.0,15.0,,,,,,,60,10.0,,,,,,,,,,,60.0,60.0,,,,,,,COMPLETE
14,14,0.5565638233514821,2025-01-05 12:06:00.611265,2025-01-05 12:06:05.995530,0 days 00:00:05.384265,4,9,7.0,,,,,,,,,,,1.0,15.0,,,,,,,40,5.0,,,,,,,,,,,60.0,45.0,,,,,,,COMPLETE
15,15,0.553639846743295,2025-01-05 12:06:05.995933,2025-01-05 12:06:11.507985,0 days 00:00:05.512052,4,12,4.0,,,,,,,,,,,10.0,7.0,,,,,,,35,20.0,,,,,,,,,,,40.0,5.0,,,,,,,COMPLETE
16,16,0.7375661375661375,2025-01-05 12:06:11.508444,2025-01-05 12:06:15.717440,0 days 00:00:04.208996,1,15,,,,,,,,,,,,,,,,,,,,60,,,,,,,,,,,,,,,,,,,,COMPLETE
17,17,0.2149744753261486,2025-01-05 12:06:15.717889,2025-01-05 12:06:32.790487,0 days 00:00:17.072598,12,13,15.0,9.0,15.0,,,,,,,,,6.0,1.0,5.0,4.0,1.0,1.0,7.0,1.0,20,5.0,5.0,60.0,,,,,,,,,20.0,50.0,40.0,60.0,60.0,5.0,60.0,5.0,COMPLETE
18,18,0.36363636363636365,2025-01-05 12:06:32.791074,2025-01-05 12:06:46.072830,0 days 00:00:13.281756,6,9,8.0,,,,,,,,,,,12.0,5.0,6.0,13.0,,,,,50,45.0,,,,,,,,,,,55.0,30.0,60.0,20.0,,,,,COMPLETE
19,19,0.8709677419354839,2025-01-05 12:06:46.073276,2025-01-05 12:06:50.455447,0 days 00:00:04.382171,3,4,3.0,,,,,,,,,,,3.0,,,,,,,,40,20.0,,,,,,,,,,,15.0,,,,,,,,COMPLETE
20,20,0.3912377450980392,2025-01-05 12:06:50.455812,2025-01-05 12:06:57.216496,0 days 00:00:06.760684,5,4,3.0,,,,,,,,,,,3.0,8.0,11.0,,,,,,35,15.0,,,,,,,,,,,15.0,60.0,5.0,,,,,,COMPLETE
21,21,0.8708333333333333,2025-01-05 12:06:57.216905,2025-01-05 12:07:01.293839,0 days 00:00:04.076934,3,3,4.0,,,,,,,,,,,3.0,,,,,,,,55,20.0,,,,,,,,,,,25.0,,,,,,,,COMPLETE
22,22,0.8429276315789473,2025-01-05 12:07:01.294221,2025-01-05 12:07:05.375443,0 days 00:00:04.081222,3,4,5.0,,,,,,,,,,,3.0,,,,,,,,55,25.0,,,,,,,,,,,20.0,,,,,,,,COMPLETE
23,23,0.24604743083003952,2025-01-05 12:07:05.375815,2025-01-05 12:07:18.851026,0 days 00:00:13.475211,7,3,4.0,,,,,,,,,,,3.0,13.0,6.0,5.0,11.0,,,,40,25.0,,,,,,,,,,,20.0,45.0,45.0,50.0,20.0,,,,COMPLETE
24,24,0.8225344782721832,2025-01-05 12:07:18.851482,2025-01-05 12:07:22.927550,0 days 00:00:04.076068,3,3,1.0,,,,,,,,,,,3.0,,,,,,,,45,20.0,,,,,,,,,,,25.0,,,,,,,,COMPLETE
25,25,0.8617133791644632,2025-01-05 12:07:22.927924,2025-01-05 12:07:27.010958,0 days 00:00:04.083034,3,4,3.0,,,,,,,,,,,5.0,,,,,,,,55,25.0,,,,,,,,,,,15.0,,,,,,,,COMPLETE
26,26,0.3289036544850498,2025-01-05 12:07:27.011335,2025-01-05 12:07:33.131347,0 days 00:00:06.120012,11,1,3.0,10.0,,,,,,,,,,5.0,3.0,12.0,1.0,10.0,15.0,9.0,5.0,40,15.0,60.0,,,,,,,,,,15.0,35.0,35.0,30.0,20.0,30.0,30.0,60.0,COMPLETE
27,27,0.34587813620071683,2025-01-05 12:07:33.131877,2025-01-05 12:07:38.153193,0 days 00:00:05.021316,14,3,3.0,7.0,10.0,7.0,1.0,,,,,,,8.0,14.0,4.0,12.0,15.0,4.0,1.0,7.0,55,30.0,5.0,40.0,60.0,5.0,,,,,,,10.0,5.0,60.0,15.0,60.0,5.0,45.0,20.0,COMPLETE
28,28,0.5714285714285714,2025-01-05 12:07:38.153779,2025-01-05 12:07:50.403330,0 days 00:00:12.249551,6,5,2.0,,,,,,,,,,,4.0,9.0,8.0,9.0,,,,,30,20.0,,,,,,,,,,,30.0,15.0,10.0,5.0,,,,,COMPLETE
29,29,0.18364518364518365,2025-01-05 12:07:50.403772,2025-01-05 12:08:05.043328,0 days 00:00:14.639556,8,2,5.0,,,,,,,,,,,6.0,7.0,7.0,6.0,9.0,5.0,,,50,25.0,,,,,,,,,,,15.0,30.0,45.0,55.0,50.0,60.0,,,COMPLETE
30,30,0.8452380952380952,2025-01-05 12:08:05.044033,2025-01-05 12:08:08.360810,0 days 00:00:03.316777,2,5,8.0,,,,,,,,,,,,,,,,,,,50,10.0,,,,,,,,,,,,,,,,,,,COMPLETE
31,31,0.8604465709728868,2025-01-05 12:08:08.361187,2025-01-05 12:08:11.685408,0 days 00:00:03.324221,2,5,9.0,,,,,,,,,,,,,,,,,,,50,10.0,,,,,,,,,,,,,,,,,,,COMPLETE
32,32,0.49952030700351774,2025-01-05 12:08:11.685780,2025-01-05 12:08:17.592457,0 days 00:00:05.906677,5,4,9.0,,,,,,,,,,,2.0,2.0,10.0,,,,,,45,10.0,,,,,,,,,,,25.0,50.0,30.0,,,,,,COMPLETE
33,33,0.8944297082228116,2025-01-05 12:08:17.592874,2025-01-05 12:08:20.955928,0 days 00:00:03.363054,2,6,2.0,,,,,,,,,,,,,,,,,,,55,20.0,,,,,,,,,,,,,,,,,,,COMPLETE
34,34,0.8771883289124669,2025-01-05 12:08:20.956271,2025-01-05 12:08:24.344474,0 days 00:00:03.388203,2,7,2.0,,,,,,,,,,,,,,,,,,,55,30.0,,,,,,,,,,,,,,,,,,,COMPLETE
35,35,0.8380355276907001,2025-01-05 12:08:24.344803,2025-01-05 12:08:27.702463,0 days 00:00:03.357660,2,7,1.0,,,,,,,,,,,,,,,,,,,55,30.0,,,,,,,,,,,,,,,,,,,COMPLETE
36,36,0.43371670702179177,2025-01-05 12:08:27.702787,2025-01-05 12:08:35.726627,0 days 00:00:08.023840,5,6,2.0,,,,,,,,,,,8.0,6.0,13.0,,,,,,25,20.0,,,,,,,,,,,35.0,40.0,50.0,,,,,,COMPLETE
37,37,0.15759637188208617,2025-01-05 12:08:35.727029,2025-01-05 12:08:51.200875,0 days 00:00:15.473846,8,6,4.0,,,,,,,,,,,13.0,10.0,1.0,8.0,13.0,12.0,,,55,30.0,,,,,,,,,,,5.0,25.0,15.0,35.0,15.0,30.0,,,COMPLETE
38,38,0.903125,2025-01-05 12:08:51.201347,2025-01-05 12:08:54.601192,0 days 00:00:03.399845,2,9,2.0,,,,,,,,,,,,,,,,,,,40,35.0,,,,,,,,,,,,,,,,,,,COMPLETE
39,39,0.7483210745123121,2025-01-05 12:08:54.601527,2025-01-05 12:09:00.471227,0 days 00:00:05.869700,1,8,,,,,,,,,,,,,,,,,,,,35,,,,,,,,,,,,,,,,,,,,COMPLETE
40,40,0.2753387533875339,2025-01-05 12:09:00.471546,2025-01-05 12:09:06.695775,0 days 00:00:06.224229,15,8,2.0,11.0,1.0,15.0,8.0,15.0,,,,,,10.0,4.0,4.0,3.0,1.0,11.0,5.0,8.0,40,40.0,20.0,35.0,40.0,30.0,60.0,,,,,,40.0,55.0,40.0,25.0,25.0,35.0,25.0,45.0,COMPLETE
41,41,0.845603813559322,2025-01-05 12:09:06.696379,2025-01-05 12:09:09.840786,0 days 00:00:03.144407,2,9,1.0,,,,,,,,,,,,,,,,,,,45,35.0,,,,,,,,,,,,,,,,,,,COMPLETE
42,42,0.44473684210526315,2025-01-05 12:09:09.841130,2025-01-05 12:09:14.976512,0 days 00:00:05.135382,4,7,2.0,,,,,,,,,,,7.0,14.0,,,,,,,50,40.0,,,,,,,,,,,10.0,15.0,,,,,,,COMPLETE
43,43,0.8225344782721832,2025-01-05 12:09:14.976888,2025-01-05 12:09:19.124304,0 days 00:00:04.147416,3,8,4.0,,,,,,,,,,,2.0,,,,,,,,30,20.0,,,,,,,,,,,30.0,,,,,,,,COMPLETE
44,44,0.8082417582417583,2025-01-05 12:09:19.124657,2025-01-05 12:09:25.049330,0 days 00:00:05.924673,1,6,,,,,,,,,,,,,,,,,,,,55,,,,,,,,,,,,,,,,,,,,COMPLETE
45,45,0.8445623342175066,2025-01-05 12:09:25.049645,2025-01-05 12:09:28.377514,0 days 00:00:03.327869,2,2,2.0,,,,,,,,,,,,,,,,,,,40,45.0,,,,,,,,,,,,,,,,,,,COMPLETE
46,46,0.25582750582750585,2025-01-05 12:09:28.377845,2025-01-05 12:09:42.020553,0 days 00:00:13.642708,7,10,3.0,,,,,,,,,,,4.0,8.0,8.0,15.0,8.0,,,,45,30.0,,,,,,,,,,,25.0,25.0,10.0,50.0,50.0,,,,COMPLETE
47,47,0.6270114942528735,2025-01-05 12:09:42.020999,2025-01-05 12:09:46.766712,0 days 00:00:04.745713,4,7,6.0,,,,,,,,,,,2.0,4.0,,,,,,,5,15.0,,,,,,,,,,,40.0,40.0,,,,,,,COMPLETE
48,48,0.2583333333333333,2025-01-05 12:09:46.767155,2025-01-05 12:09:58.452455,0 days 00:00:11.685300,18,10,1.0,7.0,10.0,7.0,1.0,1.0,7.0,15.0,15.0,,,6.0,12.0,13.0,12.0,12.0,3.0,4.0,1.0,25,35.0,60.0,60.0,35.0,30.0,5.0,60.0,60.0,5.0,,,5.0,25.0,30.0,15.0,5.0,15.0,45.0,20.0,COMPLETE
49,49,0.62106135986733,2025-01-05 12:09:58.453255,2025-01-05 12:10:04.072140,0 days 00:00:05.618885,5,5,4.0,,,,,,,,,,,9.0,5.0,3.0,,,,,,60,25.0,,,,,,,,,,,35.0,45.0,55.0,,,,,,COMPLETE
50,50,0.8026932084309133,2025-01-05 12:10:04.072591,2025-01-05 12:10:10.123333,0 days 00:00:06.050742,1,8,,,,,,,,,,,,,,,,,,,,50,,,,,,,,,,,,,,,,,,,,COMPLETE
51,51,0.861228813559322,2025-01-05 12:10:10.123663,2025-01-05 12:10:14.208630,0 days 00:00:04.084967,3,4,3.0,,,,,,,,,,,4.0,,,,,,,,55,25.0,,,,,,,,,,,15.0,,,,,,,,COMPLETE
52,52,0.9020715630885122,2025-01-05 12:10:14.208995,2025-01-05 12:10:18.610389,0 days 00:00:04.401394,3,3,2.0,,,,,,,,,,,5.0,,,,,,,,60,20.0,,,,,,,,,,,20.0,,,,,,,,COMPLETE
53,53,0.6012006861063465,2025-01-05 12:10:18.610748,2025-01-05 12:10:23.212029,0 days 00:00:04.601281,4,2,2.0,,,,,,,,,,,7.0,2.0,,,,,,,60,15.0,,,,,,,,,,,20.0,10.0,,,,,,,COMPLETE
54,54,0.8225344782721832,2025-01-05 12:10:23.212403,2025-01-05 12:10:26.539106,0 days 00:00:03.326703,2,3,1.0,,,,,,,,,,,,,,,,,,,60,20.0,,,,,,,,,,,,,,,,,,,COMPLETE
55,55,0.8385416666666667,2025-01-05 12:10:26.539440,2025-01-05 12:10:30.688083,0 days 00:00:04.148643,3,7,2.0,,,,,,,,,,,4.0,,,,,,,,20,45.0,,,,,,,,,,,25.0,,,,,,,,COMPLETE
56,56,0.5123018042646255,2025-01-05 12:10:30.688434,2025-01-05 12:10:36.466637,0 days 00:00:05.778203,5,1,5.0,,,,,,,,,,,2.0,10.0,10.0,,,,,,60,30.0,,,,,,,,,,,10.0,55.0,25.0,,,,,,COMPLETE
57,57,0.8193181818181818,2025-01-05 12:10:36.467048,2025-01-05 12:10:42.330104,0 days 00:00:05.863056,1,6,,,,,,,,,,,,,,,,,,,,35,,,,,,,,,,,,,,,,,,,,COMPLETE
58,58,0.4438839848675914,2025-01-05 12:10:42.330417,2025-01-05 12:10:50.303119,0 days 00:00:07.972702,6,3,3.0,,,,,,,,,,,5.0,13.0,6.0,3.0,,,,,55,40.0,,,,,,,,,,,30.0,40.0,40.0,30.0,,,,,COMPLETE
59,59,0.13333333333333333,2025-01-05 12:10:50.303539,2025-01-05 12:11:06.358151,0 days 00:00:16.054612,9,5,4.0,,,,,,,,,,,1.0,11.0,15.0,5.0,3.0,6.0,12.0,,45,15.0,,,,,,,,,,,20.0,15.0,10.0,55.0,45.0,55.0,35.0,,COMPLETE
60,60,0.4145299145299145,2025-01-05 12:11:06.358651,2025-01-05 12:11:11.329989,0 days 00:00:04.971338,4,9,13.0,,,,,,,,,,,7.0,9.0,,,,,,,50,20.0,,,,,,,,,,,25.0,30.0,,,,,,,COMPLETE
61,61,0.7968253968253969,2025-01-05 12:11:11.330380,2025-01-05 12:11:15.445154,0 days 00:00:04.114774,3,4,3.0,,,,,,,,,,,5.0,,,,,,,,55,25.0,,,,,,,,,,,10.0,,,,,,,,COMPLETE
62,62,0.8868318122555411,2025-01-05 12:11:15.445515,2025-01-05 12:11:18.785442,0 days 00:00:03.339927,2,4,2.0,,,,,,,,,,,,,,,,,,,55,35.0,,,,,,,,,,,,,,,,,,,COMPLETE
63,63,0.7968253968253969,2025-01-05 12:11:18.785776,2025-01-05 12:11:22.143530,0 days 00:00:03.357754,2,3,1.0,,,,,,,,,,,,,,,,,,,60,35.0,,,,,,,,,,,,,,,,,,,COMPLETE
64,64,0.8351482153660013,2025-01-05 12:11:22.143866,2025-01-05 12:11:25.504168,0 days 00:00:03.360302,1,2,,,,,,,,,,,,,,,,,,,,50,,,,,,,,,,,,,,,,,,,,COMPLETE
65,65,0.8291777188328913,2025-01-05 12:11:25.504478,2025-01-05 12:11:28.848363,0 days 00:00:03.343885,2,5,2.0,,,,,,,,,,,,,,,,,,,55,55.0,,,,,,,,,,,,,,,,,,,COMPLETE
66,66,0.3881578947368421,2025-01-05 12:11:28.848691,2025-01-05 12:11:34.056493,0 days 00:00:05.207802,4,1,12.0,,,,,,,,,,,6.0,7.0,,,,,,,60,40.0,,,,,,,,,,,45.0,20.0,,,,,,,COMPLETE
67,67,0.7898305084745763,2025-01-05 12:11:34.056933,2025-01-05 12:11:38.175866,0 days 00:00:04.118933,3,4,5.0,,,,,,,,,,,4.0,,,,,,,,55,35.0,,,,,,,,,,,35.0,,,,,,,,COMPLETE
68,68,0.0,2025-01-05 12:11:38.176350,2025-01-05 12:12:10.354242,0 days 00:00:32.177892,20,6,1.0,12.0,9.0,11.0,9.0,11.0,14.0,13.0,15.0,1.0,13.0,1.0,3.0,11.0,9.0,15.0,14.0,11.0,6.0,50,30.0,15.0,5.0,45.0,50.0,60.0,5.0,5.0,60.0,5.0,60.0,20.0,50.0,20.0,10.0,25.0,25.0,50.0,50.0,COMPLETE
69,69,0.9191655801825294,2025-01-05 12:12:10.355078,2025-01-05 12:12:13.679805,0 days 00:00:03.324727,2,3,2.0,,,,,,,,,,,,,,,,,,,40,20.0,,,,,,,,,,,,,,,,,,,COMPLETE
70,70,0.7267194157029824,2025-01-05 12:12:13.680159,2025-01-05 12:12:19.732007,0 days 00:00:06.051848,1,10,,,,,,,,,,,,,,,,,,,,40,,,,,,,,,,,,,,,,,,,,COMPLETE
71,71,0.8286546610169492,2025-01-05 12:12:19.732335,2025-01-05 12:12:23.041915,0 days 00:00:03.309580,2,3,2.0,,,,,,,,,,,,,,,,,,,35,20.0,,,,,,,,,,,,,,,,,,,COMPLETE
72,72,0.861228813559322,2025-01-05 12:12:23.042248,2025-01-05 12:12:27.415148,0 days 00:00:04.372900,3,2,3.0,,,,,,,,,,,3.0,,,,,,,,45,15.0,,,,,,,,,,,5.0,,,,,,,,COMPLETE
73,73,0.861228813559322,2025-01-05 12:12:27.415500,2025-01-05 12:12:30.763392,0 days 00:00:03.347892,2,3,2.0,,,,,,,,,,,,,,,,,,,40,25.0,,,,,,,,,,,,,,,,,,,COMPLETE
74,74,0.46695402298850575,2025-01-05 12:12:30.763723,2025-01-05 12:12:37.149382,0 days 00:00:06.385659,5,4,4.0,,,,,,,,,,,9.0,11.0,2.0,,,,,,45,20.0,,,,,,,,,,,45.0,35.0,55.0,,,,,,COMPLETE
75,75,0.7935064935064935,2025-01-05 12:12:37.149779,2025-01-05 12:12:40.987451,0 days 00:00:03.837672,1,2,,,,,,,,,,,,,,,,,,,,60,,,,,,,,,,,,,,,,,,,,COMPLETE
76,76,0.4953475643130816,2025-01-05 12:12:40.987763,2025-01-05 12:12:45.238531,0 days 00:00:04.250768,3,4,3.0,,,,,,,,,,,14.0,,,,,,,,30,20.0,,,,,,,,,,,30.0,,,,,,,,COMPLETE
77,77,0.861904761904762,2025-01-05 12:12:45.238879,2025-01-05 12:12:50.173711,0 days 00:00:04.934832,4,3,1.0,,,,,,,,,,,2.0,5.0,,,,,,,55,15.0,,,,,,,,,,,10.0,60.0,,,,,,,COMPLETE
78,78,0.3085867620751342,2025-01-05 12:12:50.174092,2025-01-05 12:12:59.141934,0 days 00:00:08.967842,13,9,2.0,5.0,13.0,4.0,,,,,,,,8.0,2.0,5.0,2.0,9.0,3.0,7.0,10.0,50,25.0,50.0,25.0,25.0,,,,,,,,15.0,5.0,15.0,40.0,15.0,10.0,20.0,25.0,COMPLETE
79,79,0.861904761904762,2025-01-05 12:12:59.142509,2025-01-05 12:13:02.473570,0 days 00:00:03.331061,2,6,3.0,,,,,,,,,,,,,,,,,,,40,35.0,,,,,,,,,,,,,,,,,,,COMPLETE
80,80,0.3479010925819437,2025-01-05 12:13:02.473948,2025-01-05 12:13:15.889771,0 days 00:00:13.415823,7,5,1.0,,,,,,,,,,,11.0,14.0,14.0,13.0,2.0,,,,55,10.0,,,,,,,,,,,20.0,20.0,45.0,25.0,55.0,,,,COMPLETE
81,81,0.8709677419354839,2025-01-05 12:13:15.890242,2025-01-05 12:13:20.830748,0 days 00:00:04.940506,4,3,1.0,,,,,,,,,,,2.0,5.0,,,,,,,55,15.0,,,,,,,,,,,10.0,60.0,,,,,,,COMPLETE
82,82,0.87042842215256,2025-01-05 12:13:20.831137,2025-01-05 12:13:25.231870,0 days 00:00:04.400733,3,3,2.0,,,,,,,,,,,1.0,,,,,,,,55,20.0,,,,,,,,,,,15.0,,,,,,,,COMPLETE
83,83,0.8098360655737705,2025-01-05 12:13:25.232238,2025-01-05 12:13:30.416821,0 days 00:00:05.184583,4,7,1.0,,,,,,,,,,,3.0,6.0,,,,,,,60,10.0,,,,,,,,,,,10.0,55.0,,,,,,,COMPLETE
84,84,0.8360215053763441,2025-01-05 12:13:30.417273,2025-01-05 12:13:33.983044,0 days 00:00:03.565771,2,4,2.0,,,,,,,,,,,,,,,,,,,50,15.0,,,,,,,,,,,,,,,,,,,COMPLETE
85,85,0.8526442307692308,2025-01-05 12:13:33.983494,2025-01-05 12:13:37.257340,0 days 00:00:03.273846,1,2,,,,,,,,,,,,,,,,,,,,60,,,,,,,,,,,,,,,,,,,,COMPLETE
86,86,0.8708333333333333,2025-01-05 12:13:37.257661,2025-01-05 12:13:41.357217,0 days 00:00:04.099556,3,5,1.0,,,,,,,,,,,5.0,,,,,,,,45,30.0,,,,,,,,,,,25.0,,,,,,,,COMPLETE
87,87,0.5661846496106786,2025-01-05 12:13:41.357567,2025-01-05 12:13:47.406140,0 days 00:00:06.048573,5,8,3.0,,,,,,,,,,,2.0,4.0,7.0,,,,,,20,20.0,,,,,,,,,,,5.0,45.0,50.0,,,,,,COMPLETE
88,88,0.8119363395225465,2025-01-05 12:13:47.406538,2025-01-05 12:13:51.145029,0 days 00:00:03.738491,2,15,7.0,,,,,,,,,,,,,,,,,,,55,15.0,,,,,,,,,,,,,,,,,,,COMPLETE
89,89,0.8335648791330925,2025-01-05 12:13:51.145362,2025-01-05 12:13:56.313083,0 days 00:00:05.167721,1,4,,,,,,,,,,,,,,,,,,,,40,,,,,,,,,,,,,,,,,,,,COMPLETE
90,90,0.8548009367681498,2025-01-05 12:13:56.313399,2025-01-05 12:14:01.170259,0 days 00:00:04.856860,4,1,2.0,,,,,,,,,,,4.0,1.0,,,,,,,35,40.0,,,,,,,,,,,15.0,60.0,,,,,,,COMPLETE
91,91,0.845603813559322,2025-01-05 12:14:01.170665,2025-01-05 12:14:05.279970,0 days 00:00:04.109305,3,5,1.0,,,,,,,,,,,6.0,,,,,,,,45,30.0,,,,,,,,,,,25.0,,,,,,,,COMPLETE
92,92,0.8455843469063987,2025-01-05 12:14:05.280343,2025-01-05 12:14:09.368880,0 days 00:00:04.088537,3,6,1.0,,,,,,,,,,,3.0,,,,,,,,35,35.0,,,,,,,,,,,20.0,,,,,,,,COMPLETE
93,93,0.8870967741935484,2025-01-05 12:14:09.369249,2025-01-05 12:14:12.704848,0 days 00:00:03.335599,2,3,1.0,,,,,,,,,,,,,,,,,,,40,25.0,,,,,,,,,,,,,,,,,,,COMPLETE
94,94,0.8526881720430108,2025-01-05 12:14:12.705192,2025-01-05 12:14:16.044251,0 days 00:00:03.339059,2,3,2.0,,,,,,,,,,,,,,,,,,,40,25.0,,,,,,,,,,,,,,,,,,,COMPLETE
95,95,0.8430836522689995,2025-01-05 12:14:16.044581,2025-01-05 12:14:19.474368,0 days 00:00:03.429787,1,2,,,,,,,,,,,,,,,,,,,,55,,,,,,,,,,,,,,,,,,,,COMPLETE
96,96,0.8385416666666667,2025-01-05 12:14:19.474671,2025-01-05 12:14:22.804720,0 days 00:00:03.330049,2,3,3.0,,,,,,,,,,,,,,,,,,,50,20.0,,,,,,,,,,,,,,,,,,,COMPLETE
97,97,0.8221642764015646,2025-01-05 12:14:22.805059,2025-01-05 12:14:26.911083,0 days 00:00:04.106024,3,3,4.0,,,,,,,,,,,1.0,,,,,,,,30,25.0,,,,,,,,,,,30.0,,,,,,,,COMPLETE
98,98,0.2564935064935065,2025-01-05 12:14:26.911437,2025-01-05 12:14:32.014063,0 days 00:00:05.102626,16,12,2.0,13.0,7.0,12.0,5.0,2.0,6.0,,,,,5.0,9.0,9.0,6.0,13.0,7.0,3.0,15.0,60,25.0,45.0,45.0,50.0,15.0,45.0,55.0,,,,,55.0,50.0,35.0,40.0,30.0,40.0,5.0,50.0,COMPLETE
99,99,0.23523035230352302,2025-01-05 12:14:32.014680,2025-01-05 12:14:44.181100,0 days 00:00:12.166420,6,4,14.0,,,,,,,,,,,3.0,7.0,14.0,15.0,,,,,10,20.0,,,,,,,,,,,15.0,35.0,20.0,45.0,,,,,COMPLETE
100,100,0.16073968705547653,2025-01-05 12:14:44.181533,2025-01-05 12:14:52.693152,0 days 00:00:08.511619,10,3,1.0,,,,,,,,,,,2.0,8.0,15.0,14.0,7.0,11.0,6.0,3.0,40,30.0,,,,,,,,,,,20.0,40.0,25.0,55.0,40.0,50.0,55.0,25.0,COMPLETE
101,101,0.8221642764015646,2025-01-05 12:14:52.693655,2025-01-05 12:14:56.812630,0 days 00:00:04.118975,3,5,1.0,,,,,,,,,,,4.0,,,,,,,,45,30.0,,,,,,,,,,,25.0,,,,,,,,COMPLETE
102,102,0.44960534304796596,2025-01-05 12:14:56.812992,2025-01-05 12:15:01.521740,0 days 00:00:04.708748,4,4,1.0,,,,,,,,,,,7.0,6.0,,,,,,,40,35.0,,,,,,,,,,,20.0,60.0,,,,,,,COMPLETE
103,103,0.8777777777777778,2025-01-05 12:15:01.522182,2025-01-05 12:15:04.860264,0 days 00:00:03.338082,2,4,2.0,,,,,,,,,,,,,,,,,,,45,30.0,,,,,,,,,,,,,,,,,,,COMPLETE
104,104,0.8305084745762712,2025-01-05 12:15:04.860614,2025-01-05 12:15:09.452252,0 days 00:00:04.591638,1,4,,,,,,,,,,,,,,,,,,,,35,,,,,,,,,,,,,,,,,,,,COMPLETE
105,105,0.8126984126984127,2025-01-05 12:15:09.452572,2025-01-05 12:15:12.780756,0 days 00:00:03.328184,2,3,2.0,,,,,,,,,,,,,,,,,,,50,25.0,,,,,,,,,,,,,,,,,,,COMPLETE
106,106,0.8342780026990553,2025-01-05 12:15:12.781171,2025-01-05 12:15:18.902171,0 days 00:00:06.121000,1,8,,,,,,,,,,,,,,,,,,,,55,,,,,,,,,,,,,,,,,,,,COMPLETE
107,107,0.8455843469063987,2025-01-05 12:15:18.902616,2025-01-05 12:15:22.225483,0 days 00:00:03.322867,2,2,3.0,,,,,,,,,,,,,,,,,,,35,20.0,,,,,,,,,,,,,,,,,,,COMPLETE
108,108,0.8126984126984127,2025-01-05 12:15:22.225812,2025-01-05 12:15:25.540453,0 days 00:00:03.314641,2,2,2.0,,,,,,,,,,,,,,,,,,,40,15.0,,,,,,,,,,,,,,,,,,,COMPLETE
109,109,0.7793103448275862,2025-01-05 12:15:25.540784,2025-01-05 12:15:29.752883,0 days 00:00:04.212099,3,9,3.0,,,,,,,,,,,6.0,,,,,,,,45,25.0,,,,,,,,,,,5.0,,,,,,,,COMPLETE
110,110,0.8544980443285528,2025-01-05 12:15:29.753242,2025-01-05 12:15:34.671230,0 days 00:00:04.917988,4,3,2.0,,,,,,,,,,,3.0,3.0,,,,,,,50,20.0,,,,,,,,,,,40.0,50.0,,,,,,,COMPLETE
111,111,0.8604465709728868,2025-01-05 12:15:34.671604,2025-01-05 12:15:38.489412,0 days 00:00:03.817808,3,5,1.0,,,,,,,,,,,4.0,,,,,,,,45,30.0,,,,,,,,,,,25.0,,,,,,,,COMPLETE
112,112,0.7950558213716108,2025-01-05 12:15:38.489771,2025-01-05 12:15:41.834729,0 days 00:00:03.344958,2,4,2.0,,,,,,,,,,,,,,,,,,,55,30.0,,,,,,,,,,,,,,,,,,,COMPLETE
113,113,0.6235150776728602,2025-01-05 12:15:41.835067,2025-01-05 12:15:46.822048,0 days 00:00:04.986981,4,5,1.0,,,,,,,,,,,5.0,5.0,,,,,,,45,35.0,,,,,,,,,,,30.0,55.0,,,,,,,COMPLETE
114,114,0.8961538461538462,2025-01-05 12:15:46.822424,2025-01-05 12:15:50.183609,0 days 00:00:03.361185,2,7,2.0,,,,,,,,,,,,,,,,,,,40,30.0,,,,,,,,,,,,,,,,,,,COMPLETE
115,115,0.8026819923371648,2025-01-05 12:15:50.183944,2025-01-05 12:15:56.048364,0 days 00:00:05.864420,1,6,,,,,,,,,,,,,,,,,,,,40,,,,,,,,,,,,,,,,,,,,COMPLETE
116,116,0.8194780737153619,2025-01-05 12:15:56.048682,2025-01-05 12:15:59.398174,0 days 00:00:03.349492,2,7,2.0,,,,,,,,,,,,,,,,,,,40,35.0,,,,,,,,,,,,,,,,,,,COMPLETE
117,117,0.7427716849451645,2025-01-05 12:15:59.398512,2025-01-05 12:16:05.551450,0 days 00:00:06.152938,1,8,,,,,,,,,,,,,,,,,,,,55,,,,,,,,,,,,,,,,,,,,COMPLETE
118,118,0.8455843469063987,2025-01-05 12:16:05.551802,2025-01-05 12:16:10.013344,0 days 00:00:04.461542,3,7,3.0,,,,,,,,,,,2.0,,,,,,,,60,30.0,,,,,,,,,,,10.0,,,,,,,,COMPLETE
119,119,0.8385416666666667,2025-01-05 12:16:10.013714,2025-01-05 12:16:13.364031,0 days 00:00:03.350317,2,8,4.0,,,,,,,,,,,,,,,,,,,35,25.0,,,,,,,,,,,,,,,,,,,COMPLETE
120,120,0.8385416666666667,2025-01-05 12:16:13.364368,2025-01-05 12:16:17.473689,0 days 00:00:04.109321,3,3,2.0,,,,,,,,,,,1.0,,,,,,,,40,20.0,,,,,,,,,,,10.0,,,,,,,,COMPLETE
121,121,0.8618037135278515,2025-01-05 12:16:17.474052,2025-01-05 12:16:21.588084,0 days 00:00:04.114032,3,6,1.0,,,,,,,,,,,4.0,,,,,,,,45,30.0,,,,,,,,,,,25.0,,,,,,,,COMPLETE
122,122,0.8385416666666667,2025-01-05 12:16:21.588436,2025-01-05 12:16:24.928379,0 days 00:00:03.339943,2,4,2.0,,,,,,,,,,,,,,,,,,,50,30.0,,,,,,,,,,,,,,,,,,,COMPLETE
123,123,0.8360655737704918,2025-01-05 12:16:24.928715,2025-01-05 12:16:29.037420,0 days 00:00:04.108705,3,5,1.0,,,,,,,,,,,5.0,,,,,,,,40,35.0,,,,,,,,,,,15.0,,,,,,,,COMPLETE
124,124,0.8944444444444444,2025-01-05 12:16:29.037784,2025-01-05 12:16:32.358881,0 days 00:00:03.321097,2,4,3.0,,,,,,,,,,,,,,,,,,,45,30.0,,,,,,,,,,,,,,,,,,,COMPLETE
125,125,0.8205503512880562,2025-01-05 12:16:32.359224,2025-01-05 12:16:35.308911,0 days 00:00:02.949687,1,3,,,,,,,,,,,,,,,,,,,,55,,,,,,,,,,,,,,,,,,,,COMPLETE
126,126,0.861228813559322,2025-01-05 12:16:35.309235,2025-01-05 12:16:38.636328,0 days 00:00:03.327093,2,4,3.0,,,,,,,,,,,,,,,,,,,55,25.0,,,,,,,,,,,,,,,,,,,COMPLETE
127,127,0.8437328954570333,2025-01-05 12:16:38.636661,2025-01-05 12:16:41.170491,0 days 00:00:02.533830,1,3,,,,,,,,,,,,,,,,,,,,60,,,,,,,,,,,,,,,,,,,,COMPLETE
128,128,0.8781068217874141,2025-01-05 12:16:41.170800,2025-01-05 12:16:44.525098,0 days 00:00:03.354298,2,7,3.0,,,,,,,,,,,,,,,,,,,50,15.0,,,,,,,,,,,,,,,,,,,COMPLETE
129,129,0.903125,2025-01-05 12:16:44.525430,2025-01-05 12:16:48.096405,0 days 00:00:03.570975,2,7,3.0,,,,,,,,,,,,,,,,,,,45,10.0,,,,,,,,,,,,,,,,,,,COMPLETE
130,130,0.8455843469063987,2025-01-05 12:16:48.096818,2025-01-05 12:16:51.453728,0 days 00:00:03.356910,2,7,10.0,,,,,,,,,,,,,,,,,,,45,10.0,,,,,,,,,,,,,,,,,,,COMPLETE
131,131,0.8685344827586207,2025-01-05 12:16:51.454096,2025-01-05 12:16:55.035310,0 days 00:00:03.581214,2,7,3.0,,,,,,,,,,,,,,,,,,,45,5.0,,,,,,,,,,,,,,,,,,,COMPLETE
132,132,0.8320802005012531,2025-01-05 12:16:55.035722,2025-01-05 12:17:00.981720,0 days 00:00:05.945998,1,7,,,,,,,,,,,,,,,,,,,,50,,,,,,,,,,,,,,,,,,,,COMPLETE
133,133,0.8781779661016949,2025-01-05 12:17:00.982066,2025-01-05 12:17:04.612306,0 days 00:00:03.630240,2,8,2.0,,,,,,,,,,,,,,,,,,,45,10.0,,,,,,,,,,,,,,,,,,,COMPLETE
134,134,0.8544980443285528,2025-01-05 12:17:04.612645,2025-01-05 12:17:07.964963,0 days 00:00:03.352318,2,8,3.0,,,,,,,,,,,,,,,,,,,40,5.0,,,,,,,,,,,,,,,,,,,COMPLETE
135,135,0.7830237358101135,2025-01-05 12:17:07.965309,2025-01-05 12:17:13.883699,0 days 00:00:05.918390,1,9,,,,,,,,,,,,,,,,,,,,45,,,,,,,,,,,,,,,,,,,,COMPLETE
136,136,0.8548009367681498,2025-01-05 12:17:13.884021,2025-01-05 12:17:17.238527,0 days 00:00:03.354506,2,7,3.0,,,,,,,,,,,,,,,,,,,45,35.0,,,,,,,,,,,,,,,,,,,COMPLETE
137,137,0.7231638418079096,2025-01-05 12:17:17.238861,2025-01-05 12:17:23.199107,0 days 00:00:05.960246,1,8,,,,,,,,,,,,,,,,,,,,45,,,,,,,,,,,,,,,,,,,,COMPLETE
138,138,0.6496201052016364,2025-01-05 12:17:23.199428,2025-01-05 12:17:27.591138,0 days 00:00:04.391710,3,10,2.0,,,,,,,,,,,12.0,,,,,,,,40,10.0,,,,,,,,,,,55.0,,,,,,,,COMPLETE
139,139,0.8944297082228116,2025-01-05 12:17:27.591500,2025-01-05 12:17:30.925849,0 days 00:00:03.334349,2,7,4.0,,,,,,,,,,,,,,,,,,,45,10.0,,,,,,,,,,,,,,,,,,,COMPLETE
140,140,0.8781779661016949,2025-01-05 12:17:30.926199,2025-01-05 12:17:34.288722,0 days 00:00:03.362523,2,7,2.0,,,,,,,,,,,,,,,,,,,45,10.0,,,,,,,,,,,,,,,,,,,COMPLETE
141,141,0.8847503373819163,2025-01-05 12:17:34.289064,2025-01-05 12:17:37.653067,0 days 00:00:03.364003,2,7,2.0,,,,,,,,,,,,,,,,,,,45,10.0,,,,,,,,,,,,,,,,,,,COMPLETE
142,142,0.8385416666666667,2025-01-05 12:17:37.653404,2025-01-05 12:17:41.016450,0 days 00:00:03.363046,2,7,2.0,,,,,,,,,,,,,,,,,,,45,10.0,,,,,,,,,,,,,,,,,,,COMPLETE
143,143,0.7748538011695907,2025-01-05 12:17:41.016781,2025-01-05 12:17:46.869345,0 days 00:00:05.852564,1,7,,,,,,,,,,,,,,,,,,,,45,,,,,,,,,,,,,,,,,,,,COMPLETE
144,144,0.8221642764015646,2025-01-05 12:17:46.869659,2025-01-05 12:17:50.207923,0 days 00:00:03.338264,2,6,2.0,,,,,,,,,,,,,,,,,,,45,5.0,,,,,,,,,,,,,,,,,,,COMPLETE
145,145,0.8708333333333333,2025-01-05 12:17:50.208267,2025-01-05 12:17:53.559469,0 days 00:00:03.351202,2,7,3.0,,,,,,,,,,,,,,,,,,,50,10.0,,,,,,,,,,,,,,,,,,,COMPLETE
146,146,0.8170189098998888,2025-01-05 12:17:53.559802,2025-01-05 12:17:59.511284,0 days 00:00:05.951482,1,8,,,,,,,,,,,,,,,,,,,,45,,,,,,,,,,,,,,,,,,,,COMPLETE
147,147,0.6418504901960784,2025-01-05 12:17:59.511603,2025-01-05 12:18:03.612611,0 days 00:00:04.101008,3,9,2.0,,,,,,,,,,,10.0,,,,,,,,50,10.0,,,,,,,,,,,50.0,,,,,,,,COMPLETE
148,148,0.8286247334754797,2025-01-05 12:18:03.613027,2025-01-05 12:18:06.934919,0 days 00:00:03.321892,2,6,3.0,,,,,,,,,,,,,,,,,,,45,10.0,,,,,,,,,,,,,,,,,,,COMPLETE
149,149,0.7015306122448979,2025-01-05 12:18:06.935282,2025-01-05 12:18:12.986425,0 days 00:00:06.051143,1,8,,,,,,,,,,,,,,,,,,,,50,,,,,,,,,,,,,,,,,,,,COMPLETE
150,150,0.8455843469063987,2025-01-05 12:18:12.986752,2025-01-05 12:18:16.352390,0 days 00:00:03.365638,2,7,2.0,,,,,,,,,,,,,,,,,,,45,5.0,,,,,,,,,,,,,,,,,,,COMPLETE
151,151,0.8777777777777778,2025-01-05 12:18:16.352724,2025-01-05 12:18:19.740168,0 days 00:00:03.387444,2,7,2.0,,,,,,,,,,,,,,,,,,,50,10.0,,,,,,,,,,,,,,,,,,,COMPLETE
152,152,0.8538884524744697,2025-01-05 12:18:19.740592,2025-01-05 12:18:23.107184,0 days 00:00:03.366592,2,7,4.0,,,,,,,,,,,,,,,,,,,50,10.0,,,,,,,,,,,,,,,,,,,COMPLETE
153,153,0.5511904761904762,2025-01-05 12:18:23.107519,2025-01-05 12:18:27.105841,0 days 00:00:03.998322,3,6,2.0,,,,,,,,,,,15.0,,,,,,,,45,15.0,,,,,,,,,,,60.0,,,,,,,,COMPLETE
154,154,0.8518218623481781,2025-01-05 12:18:27.106324,2025-01-05 12:18:30.478591,0 days 00:00:03.372267,2,8,2.0,,,,,,,,,,,,,,,,,,,40,10.0,,,,,,,,,,,,,,,,,,,COMPLETE
155,155,0.8523002421307506,2025-01-05 12:18:30.478943,2025-01-05 12:18:36.394630,0 days 00:00:05.915687,1,7,,,,,,,,,,,,,,,,,,,,45,,,,,,,,,,,,,,,,,,,,COMPLETE
156,156,0.4642857142857143,2025-01-05 12:18:36.394951,2025-01-05 12:18:40.449148,0 days 00:00:04.054197,3,8,2.0,,,,,,,,,,,12.0,,,,,,,,50,15.0,,,,,,,,,,,40.0,,,,,,,,COMPLETE
157,157,0.8492769744160178,2025-01-05 12:18:40.449503,2025-01-05 12:18:46.294146,0 days 00:00:05.844643,1,7,,,,,,,,,,,,,,,,,,,,40,,,,,,,,,,,,,,,,,,,,COMPLETE
158,158,0.23409090909090907,2025-01-05 12:18:46.294465,2025-01-05 12:18:55.023920,0 days 00:00:08.729455,12,6,4.0,1.0,1.0,,,,,,,,,14.0,15.0,2.0,8.0,4.0,10.0,10.0,10.0,45,5.0,15.0,25.0,,,,,,,,,50.0,5.0,30.0,10.0,55.0,25.0,40.0,10.0,COMPLETE
159,159,0.8870673952641166,2025-01-05 12:18:55.024471,2025-01-05 12:18:58.368838,0 days 00:00:03.344367,2,7,3.0,,,,,,,,,,,,,,,,,,,40,10.0,,,,,,,,,,,,,,,,,,,COMPLETE
160,160,0.6261520737327189,2025-01-05 12:18:58.369194,2025-01-05 12:19:02.688643,0 days 00:00:04.319449,3,9,3.0,,,,,,,,,,,8.0,,,,,,,,40,10.0,,,,,,,,,,,35.0,,,,,,,,COMPLETE
161,161,0.8870673952641166,2025-01-05 12:19:02.689009,2025-01-05 12:19:06.046111,0 days 00:00:03.357102,2,7,2.0,,,,,,,,,,,,,,,,,,,40,10.0,,,,,,,,,,,,,,,,,,,COMPLETE
162,162,0.8868318122555411,2025-01-05 12:19:06.046452,2025-01-05 12:19:09.618206,0 days 00:00:03.571754,2,7,3.0,,,,,,,,,,,,,,,,,,,40,10.0,,,,,,,,,,,,,,,,,,,COMPLETE
163,163,0.8781068217874141,2025-01-05 12:19:09.618549,2025-01-05 12:19:12.956550,0 days 00:00:03.338001,2,7,3.0,,,,,,,,,,,,,,,,,,,35,10.0,,,,,,,,,,,,,,,,,,,COMPLETE
164,164,0.8548009367681498,2025-01-05 12:19:12.956889,2025-01-05 12:19:16.521416,0 days 00:00:03.564527,2,6,3.0,,,,,,,,,,,,,,,,,,,40,10.0,,,,,,,,,,,,,,,,,,,COMPLETE
165,165,0.4430817610062893,2025-01-05 12:19:16.521760,2025-01-05 12:19:20.540638,0 days 00:00:04.018878,3,7,4.0,,,,,,,,,,,11.0,,,,,,,,40,15.0,,,,,,,,,,,55.0,,,,,,,,COMPLETE
166,166,0.8391134289439375,2025-01-05 12:19:20.540996,2025-01-05 12:19:26.465135,0 days 00:00:05.924139,1,8,,,,,,,,,,,,,,,,,,,,40,,,,,,,,,,,,,,,,,,,,COMPLETE
167,167,0.8870673952641166,2025-01-05 12:19:26.465455,2025-01-05 12:19:29.801784,0 days 00:00:03.336329,2,7,3.0,,,,,,,,,,,,,,,,,,,35,10.0,,,,,,,,,,,,,,,,,,,COMPLETE
168,168,0.46825396825396826,2025-01-05 12:19:29.802131,2025-01-05 12:19:33.869115,0 days 00:00:04.066984,3,6,4.0,,,,,,,,,,,13.0,,,,,,,,35,10.0,,,,,,,,,,,45.0,,,,,,,,COMPLETE
169,169,0.8162071846282373,2025-01-05 12:19:33.869482,2025-01-05 12:19:39.748972,0 days 00:00:05.879490,1,8,,,,,,,,,,,,,,,,,,,,35,,,,,,,,,,,,,,,,,,,,COMPLETE
170,170,0.8851224105461393,2025-01-05 12:19:39.749308,2025-01-05 12:19:43.103343,0 days 00:00:03.354035,2,7,5.0,,,,,,,,,,,,,,,,,,,40,5.0,,,,,,,,,,,,,,,,,,,COMPLETE
171,171,0.8672064777327935,2025-01-05 12:19:43.103684,2025-01-05 12:19:46.433762,0 days 00:00:03.330078,2,7,4.0,,,,,,,,,,,,,,,,,,,40,5.0,,,,,,,,,,,,,,,,,,,COMPLETE
172,172,0.8349567099567099,2025-01-05 12:19:46.434110,2025-01-05 12:19:50.010030,0 days 00:00:03.575920,2,7,5.0,,,,,,,,,,,,,,,,,,,40,5.0,,,,,,,,,,,,,,,,,,,COMPLETE
173,173,0.715079365079365,2025-01-05 12:19:50.010369,2025-01-05 12:19:53.955189,0 days 00:00:03.944820,3,7,2.0,,,,,,,,,,,9.0,,,,,,,,40,10.0,,,,,,,,,,,50.0,,,,,,,,COMPLETE
174,174,0.849624060150376,2025-01-05 12:19:53.955549,2025-01-05 12:19:57.305800,0 days 00:00:03.350251,2,6,6.0,,,,,,,,,,,,,,,,,,,35,5.0,,,,,,,,,,,,,,,,,,,COMPLETE
175,175,0.7321187584345479,2025-01-05 12:19:57.306246,2025-01-05 12:20:03.180416,0 days 00:00:05.874170,1,8,,,,,,,,,,,,,,,,,,,,40,,,,,,,,,,,,,,,,,,,,COMPLETE
176,176,0.2984802431610942,2025-01-05 12:20:03.180868,2025-01-05 12:20:10.850265,0 days 00:00:07.669397,18,7,3.0,6.0,12.0,4.0,11.0,11.0,11.0,10.0,1.0,,,10.0,12.0,10.0,1.0,10.0,2.0,2.0,4.0,35,10.0,30.0,50.0,5.0,40.0,20.0,5.0,60.0,35.0,,,45.0,10.0,5.0,20.0,10.0,35.0,25.0,55.0,COMPLETE
177,177,0.87042842215256,2025-01-05 12:20:10.850924,2025-01-05 12:20:14.200273,0 days 00:00:03.349349,2,6,2.0,,,,,,,,,,,,,,,,,,,40,10.0,,,,,,,,,,,,,,,,,,,COMPLETE
178,178,0.5381571509327303,2025-01-05 12:20:14.200620,2025-01-05 12:20:18.525944,0 days 00:00:04.325324,3,7,3.0,,,,,,,,,,,10.0,,,,,,,,30,5.0,,,,,,,,,,,35.0,,,,,,,,COMPLETE
179,179,0.903125,2025-01-05 12:20:18.526326,2025-01-05 12:20:21.873539,0 days 00:00:03.347213,2,7,2.0,,,,,,,,,,,,,,,,,,,40,10.0,,,,,,,,,,,,,,,,,,,COMPLETE
180,180,0.8342780026990553,2025-01-05 12:20:21.873882,2025-01-05 12:20:27.780505,0 days 00:00:05.906623,1,8,,,,,,,,,,,,,,,,,,,,40,,,,,,,,,,,,,,,,,,,,COMPLETE
181,181,0.8870673952641166,2025-01-05 12:20:27.780829,2025-01-05 12:20:31.119199,0 days 00:00:03.338370,2,7,2.0,,,,,,,,,,,,,,,,,,,40,10.0,,,,,,,,,,,,,,,,,,,COMPLETE
182,182,0.8119363395225465,2025-01-05 12:20:31.119541,2025-01-05 12:20:34.696073,0 days 00:00:03.576532,2,7,2.0,,,,,,,,,,,,,,,,,,,40,10.0,,,,,,,,,,,,,,,,,,,COMPLETE
183,183,0.87042842215256,2025-01-05 12:20:34.696417,2025-01-05 12:20:38.047402,0 days 00:00:03.350985,2,7,3.0,,,,,,,,,,,,,,,,,,,40,15.0,,,,,,,,,,,,,,,,,,,COMPLETE
184,184,0.8548009367681498,2025-01-05 12:20:38.047742,2025-01-05 12:20:41.390837,0 days 00:00:03.343095,2,6,5.0,,,,,,,,,,,,,,,,,,,40,10.0,,,,,,,,,,,,,,,,,,,COMPLETE
185,185,0.7684210526315789,2025-01-05 12:20:41.391184,2025-01-05 12:20:45.651990,0 days 00:00:04.260806,3,8,1.0,,,,,,,,,,,11.0,,,,,,,,40,10.0,,,,,,,,,,,40.0,,,,,,,,COMPLETE
186,186,0.859212684527064,2025-01-05 12:20:45.652363,2025-01-05 12:20:51.403957,0 days 00:00:05.751594,1,7,,,,,,,,,,,,,,,,,,,,35,,,,,,,,,,,,,,,,,,,,COMPLETE
187,187,0.8868318122555411,2025-01-05 12:20:51.404291,2025-01-05 12:20:54.824479,0 days 00:00:03.420188,2,10,2.0,,,,,,,,,,,,,,,,,,,40,15.0,,,,,,,,,,,,,,,,,,,COMPLETE
188,188,0.8870673952641166,2025-01-05 12:20:54.824819,2025-01-05 12:20:58.240007,0 days 00:00:03.415188,2,11,3.0,,,,,,,,,,,,,,,,,,,40,15.0,,,,,,,,,,,,,,,,,,,COMPLETE
189,189,0.7607142857142857,2025-01-05 12:20:58.240363,2025-01-05 12:21:04.296301,0 days 00:00:06.055938,1,10,,,,,,,,,,,,,,,,,,,,40,,,,,,,,,,,,,,,,,,,,COMPLETE
190,190,0.5456284153005464,2025-01-05 12:21:04.296627,2025-01-05 12:21:08.155531,0 days 00:00:03.858904,3,11,3.0,,,,,,,,,,,14.0,,,,,,,,40,15.0,,,,,,,,,,,60.0,,,,,,,,COMPLETE
191,191,0.8523002421307506,2025-01-05 12:21:08.155895,2025-01-05 12:21:11.577845,0 days 00:00:03.421950,2,11,3.0,,,,,,,,,,,,,,,,,,,40,15.0,,,,,,,,,,,,,,,,,,,COMPLETE
192,192,0.87042842215256,2025-01-05 12:21:11.578196,2025-01-05 12:21:14.990620,0 days 00:00:03.412424,2,10,2.0,,,,,,,,,,,,,,,,,,,40,15.0,,,,,,,,,,,,,,,,,,,COMPLETE
193,193,0.8938029661016949,2025-01-05 12:21:14.990960,2025-01-05 12:21:18.611848,0 days 00:00:03.620888,2,10,2.0,,,,,,,,,,,,,,,,,,,35,10.0,,,,,,,,,,,,,,,,,,,COMPLETE
194,194,0.8741776315789473,2025-01-05 12:21:18.612199,2025-01-05 12:21:22.042179,0 days 00:00:03.429980,2,12,3.0,,,,,,,,,,,,,,,,,,,35,5.0,,,,,,,,,,,,,,,,,,,COMPLETE
195,195,0.620826259196378,2025-01-05 12:21:22.042520,2025-01-05 12:21:26.068881,0 days 00:00:04.026361,3,10,2.0,,,,,,,,,,,9.0,,,,,,,,35,15.0,,,,,,,,,,,30.0,,,,,,,,COMPLETE
196,196,0.7779850746268657,2025-01-05 12:21:26.069255,2025-01-05 12:21:32.084985,0 days 00:00:06.015730,1,11,,,,,,,,,,,,,,,,,,,,35,,,,,,,,,,,,,,,,,,,,COMPLETE
197,197,0.8708333333333333,2025-01-05 12:21:32.085422,2025-01-05 12:21:35.498095,0 days 00:00:03.412673,2,10,4.0,,,,,,,,,,,,,,,,,,,40,35.0,,,,,,,,,,,,,,,,,,,COMPLETE
198,198,0.8708333333333333,2025-01-05 12:21:35.498437,2025-01-05 12:21:38.921168,0 days 00:00:03.422731,2,11,1.0,,,,,,,,,,,,,,,,,,,40,20.0,,,,,,,,,,,,,,,,,,,COMPLETE
199,199,0.5122950819672132,2025-01-05 12:21:38.921632,2025-01-05 12:21:43.357590,0 days 00:00:04.435958,3,11,3.0,,,,,,,,,,,13.0,,,,,,,,35,10.0,,,,,,,,,,,35.0,,,,,,,,COMPLETE
200,200,0.7185888738127544,2025-01-05 12:21:43.357962,2025-01-05 12:21:49.535958,0 days 00:00:06.177996,1,12,,,,,,,,,,,,,,,,,,,,40,,,,,,,,,,,,,,,,,,,,COMPLETE
201,201,0.9016393442622951,2025-01-05 12:21:49.536296,2025-01-05 12:21:52.950686,0 days 00:00:03.414390,2,9,2.0,,,,,,,,,,,,,,,,,,,40,10.0,,,,,,,,,,,,,,,,,,,COMPLETE
202,202,0.8544980443285528,2025-01-05 12:21:52.951032,2025-01-05 12:21:56.587584,0 days 00:00:03.636552,2,9,2.0,,,,,,,,,,,,,,,,,,,40,10.0,,,,,,,,,,,,,,,,,,,COMPLETE
203,203,0.8445623342175066,2025-01-05 12:21:56.587923,2025-01-05 12:22:00.006050,0 days 00:00:03.418127,2,9,2.0,,,,,,,,,,,,,,,,,,,40,10.0,,,,,,,,,,,,,,,,,,,COMPLETE
204,204,0.6582972582972583,2025-01-05 12:22:00.006391,2025-01-05 12:22:04.389424,0 days 00:00:04.383033,3,10,2.0,,,,,,,,,,,12.0,,,,,,,,40,10.0,,,,,,,,,,,5.0,,,,,,,,COMPLETE
205,205,0.8595628415300547,2025-01-05 12:22:04.389793,2025-01-05 12:22:07.736721,0 days 00:00:03.346928,2,7,3.0,,,,,,,,,,,,,,,,,,,40,20.0,,,,,,,,,,,,,,,,,,,COMPLETE
206,206,0.36050724637681164,2025-01-05 12:22:07.737076,2025-01-05 12:22:13.997101,0 days 00:00:06.260025,10,9,2.0,,,,,,,,,,,7.0,13.0,13.0,11.0,8.0,13.0,13.0,12.0,35,15.0,,,,,,,,,,,55.0,30.0,60.0,50.0,45.0,10.0,15.0,15.0,COMPLETE
207,207,0.7878088201339182,2025-01-05 12:22:13.997618,2025-01-05 12:22:19.807353,0 days 00:00:05.809735,1,9,,,,,,,,,,,,,,,,,,,,30,,,,,,,,,,,,,,,,,,,,COMPLETE
208,208,0.8380355276907001,2025-01-05 12:22:19.807684,2025-01-05 12:22:23.201746,0 days 00:00:03.394062,2,10,1.0,,,,,,,,,,,,,,,,,,,40,40.0,,,,,,,,,,,,,,,,,,,COMPLETE
209,209,0.6768115942028985,2025-01-05 12:22:23.202098,2025-01-05 12:22:27.100476,0 days 00:00:03.898378,3,3,3.0,,,,,,,,,,,6.0,,,,,,,,40,10.0,,,,,,,,,,,40.0,,,,,,,,COMPLETE
210,210,0.8868318122555411,2025-01-05 12:22:27.100839,2025-01-05 12:22:30.768666,0 days 00:00:03.667827,2,12,2.0,,,,,,,,,,,,,,,,,,,35,5.0,,,,,,,,,,,,,,,,,,,COMPLETE
211,211,0.8708333333333333,2025-01-05 12:22:30.769009,2025-01-05 12:22:34.211873,0 days 00:00:03.442864,2,12,2.0,,,,,,,,,,,,,,,,,,,35,5.0,,,,,,,,,,,,,,,,,,,COMPLETE
212,212,0.8618037135278515,2025-01-05 12:22:34.212222,2025-01-05 12:22:37.668447,0 days 00:00:03.456225,2,14,2.0,,,,,,,,,,,,,,,,,,,35,5.0,,,,,,,,,,,,,,,,,,,COMPLETE
213,213,0.8868318122555411,2025-01-05 12:22:37.668789,2025-01-05 12:22:41.124801,0 days 00:00:03.456012,2,12,2.0,,,,,,,,,,,,,,,,,,,40,5.0,,,,,,,,,,,,,,,,,,,COMPLETE
214,214,0.7276887871853547,2025-01-05 12:22:41.125146,2025-01-05 12:22:47.227547,0 days 00:00:06.102401,1,12,,,,,,,,,,,,,,,,,,,,35,,,,,,,,,,,,,,,,,,,,COMPLETE
215,215,0.7642857142857142,2025-01-05 12:22:47.227872,2025-01-05 12:22:51.624005,0 days 00:00:04.396133,3,13,2.0,,,,,,,,,,,8.0,,,,,,,,40,10.0,,,,,,,,,,,35.0,,,,,,,,COMPLETE
216,216,0.8353510895883778,2025-01-05 12:22:51.624381,2025-01-05 12:22:55.076645,0 days 00:00:03.452264,2,13,1.0,,,,,,,,,,,,,,,,,,,40,10.0,,,,,,,,,,,,,,,,,,,COMPLETE
217,217,0.7216386554621849,2025-01-05 12:22:55.076985,2025-01-05 12:23:01.202538,0 days 00:00:06.125553,1,12,,,,,,,,,,,,,,,,,,,,35,,,,,,,,,,,,,,,,,,,,COMPLETE
218,218,0.8771883289124669,2025-01-05 12:23:01.202930,2025-01-05 12:23:04.677254,0 days 00:00:03.474324,2,13,2.0,,,,,,,,,,,,,,,,,,,40,35.0,,,,,,,,,,,,,,,,,,,COMPLETE
219,219,0.8708333333333333,2025-01-05 12:23:04.677619,2025-01-05 12:23:08.097647,0 days 00:00:03.420028,2,12,2.0,,,,,,,,,,,,,,,,,,,30,10.0,,,,,,,,,,,,,,,,,,,COMPLETE
220,220,0.5031746031746032,2025-01-05 12:23:08.098107,2025-01-05 12:23:11.940607,0 days 00:00:03.842500,3,3,2.0,,,,,,,,,,,15.0,,,,,,,,40,5.0,,,,,,,,,,,50.0,,,,,,,,COMPLETE
221,221,0.8380355276907001,2025-01-05 12:23:11.941105,2025-01-05 12:23:15.365513,0 days 00:00:03.424408,2,11,3.0,,,,,,,,,,,,,,,,,,,40,5.0,,,,,,,,,,,,,,,,,,,COMPLETE
222,222,0.903125,2025-01-05 12:23:15.365864,2025-01-05 12:23:18.963301,0 days 00:00:03.597437,2,7,2.0,,,,,,,,,,,,,,,,,,,40,5.0,,,,,,,,,,,,,,,,,,,COMPLETE
223,223,0.8264915161466886,2025-01-05 12:23:18.963658,2025-01-05 12:23:22.414923,0 days 00:00:03.451265,2,12,2.0,,,,,,,,,,,,,,,,,,,40,5.0,,,,,,,,,,,,,,,,,,,COMPLETE
224,224,0.861904761904762,2025-01-05 12:23:22.415275,2025-01-05 12:23:28.292832,0 days 00:00:05.877557,1,7,,,,,,,,,,,,,,,,,,,,25,,,,,,,,,,,,,,,,,,,,COMPLETE
225,225,0.8385416666666667,2025-01-05 12:23:28.293172,2025-01-05 12:23:31.695162,0 days 00:00:03.401990,2,10,1.0,,,,,,,,,,,,,,,,,,,40,20.0,,,,,,,,,,,,,,,,,,,COMPLETE
226,226,0.861228813559322,2025-01-05 12:23:31.695503,2025-01-05 12:23:35.152751,0 days 00:00:03.457248,2,11,2.0,,,,,,,,,,,,,,,,,,,40,10.0,,,,,,,,,,,,,,,,,,,COMPLETE
227,227,0.5852272727272727,2025-01-05 12:23:35.153106,2025-01-05 12:23:39.525515,0 days 00:00:04.372409,3,7,2.0,,,,,,,,,,,11.0,,,,,,,,35,5.0,,,,,,,,,,,5.0,,,,,,,,COMPLETE
228,228,0.7703703703703704,2025-01-05 12:23:39.525882,2025-01-05 12:23:45.412810,0 days 00:00:05.886928,1,8,,,,,,,,,,,,,,,,,,,,40,,,,,,,,,,,,,,,,,,,,COMPLETE
229,229,0.903125,2025-01-05 12:23:45.413147,2025-01-05 12:23:48.766961,0 days 00:00:03.353814,2,6,8.0,,,,,,,,,,,,,,,,,,,40,10.0,,,,,,,,,,,,,,,,,,,COMPLETE
230,230,0.8032786885245902,2025-01-05 12:23:48.767318,2025-01-05 12:23:52.119416,0 days 00:00:03.352098,2,6,9.0,,,,,,,,,,,,,,,,,,,35,10.0,,,,,,,,,,,,,,,,,,,COMPLETE
231,231,0.7739583333333333,2025-01-05 12:23:52.119757,2025-01-05 12:23:55.482108,0 days 00:00:03.362351,2,7,10.0,,,,,,,,,,,,,,,,,,,40,10.0,,,,,,,,,,,,,,,,,,,COMPLETE
232,232,0.8771883289124669,2025-01-05 12:23:55.482452,2025-01-05 12:23:58.826768,0 days 00:00:03.344316,2,6,2.0,,,,,,,,,,,,,,,,,,,40,10.0,,,,,,,,,,,,,,,,,,,COMPLETE
233,233,0.3087027914614121,2025-01-05 12:23:58.827121,2025-01-05 12:24:01.903904,0 days 00:00:03.076783,14,7,12.0,9.0,15.0,9.0,5.0,,,,,,,9.0,1.0,1.0,7.0,14.0,6.0,8.0,9.0,40,60.0,55.0,30.0,25.0,20.0,,,,,,,45.0,15.0,20.0,15.0,20.0,55.0,55.0,30.0,COMPLETE
234,234,0.8523002421307506,2025-01-05 12:24:01.904570,2025-01-05 12:24:05.256066,0 days 00:00:03.351496,2,7,3.0,,,,,,,,,,,,,,,,,,,40,10.0,,,,,,,,,,,,,,,,,,,COMPLETE
235,235,0.7258771929824561,2025-01-05 12:24:05.256438,2025-01-05 12:24:09.563605,0 days 00:00:04.307167,3,7,2.0,,,,,,,,,,,7.0,,,,,,,,40,5.0,,,,,,,,,,,30.0,,,,,,,,COMPLETE
236,236,0.8681732580037664,2025-01-05 12:24:09.563984,2025-01-05 12:24:13.006372,0 days 00:00:03.442388,2,6,8.0,,,,,,,,,,,,,,,,,,,60,35.0,,,,,,,,,,,,,,,,,,,COMPLETE
237,237,0.3521739130434783,2025-01-05 12:24:13.006727,2025-01-05 12:24:23.571053,0 days 00:00:10.564326,8,3,7.0,,,,,,,,,,,8.0,10.0,3.0,10.0,13.0,15.0,,,40,15.0,,,,,,,,,,,20.0,20.0,55.0,40.0,45.0,25.0,,,COMPLETE
238,238,0.783068783068783,2025-01-05 12:24:23.571542,2025-01-05 12:24:29.486436,0 days 00:00:05.914894,1,8,,,,,,,,,,,,,,,,,,,,40,,,,,,,,,,,,,,,,,,,,COMPLETE
239,239,0.8455843469063987,2025-01-05 12:24:29.486770,2025-01-05 12:24:32.903079,0 days 00:00:03.416309,2,11,2.0,,,,,,,,,,,,,,,,,,,35,10.0,,,,,,,,,,,,,,,,,,,COMPLETE
240,240,0.5329991645781119,2025-01-05 12:24:32.903433,2025-01-05 12:24:36.847210,0 days 00:00:03.943777,3,2,3.0,,,,,,,,,,,13.0,,,,,,,,40,10.0,,,,,,,,,,,30.0,,,,,,,,COMPLETE
241,241,0.861904761904762,2025-01-05 12:24:36.847585,2025-01-05 12:24:40.194524,0 days 00:00:03.346939,2,7,2.0,,,,,,,,,,,,,,,,,,,40,5.0,,,,,,,,,,,,,,,,,,,COMPLETE
242,242,0.8685344827586207,2025-01-05 12:24:40.194875,2025-01-05 12:24:43.543550,0 days 00:00:03.348675,2,7,6.0,,,,,,,,,,,,,,,,,,,40,5.0,,,,,,,,,,,,,,,,,,,COMPLETE
243,243,0.8816964285714286,2025-01-05 12:24:43.543903,2025-01-05 12:24:47.133617,0 days 00:00:03.589714,2,7,3.0,,,,,,,,,,,,,,,,,,,40,5.0,,,,,,,,,,,,,,,,,,,COMPLETE
244,244,0.8709677419354839,2025-01-05 12:24:47.134072,2025-01-05 12:24:50.706950,0 days 00:00:03.572878,2,7,4.0,,,,,,,,,,,,,,,,,,,40,5.0,,,,,,,,,,,,,,,,,,,COMPLETE
245,245,0.8472485768500948,2025-01-05 12:24:50.707422,2025-01-05 12:24:56.579362,0 days 00:00:05.871940,1,6,,,,,,,,,,,,,,,,,,,,40,,,,,,,,,,,,,,,,,,,,COMPLETE
246,246,0.8868318122555411,2025-01-05 12:24:56.579709,2025-01-05 12:25:00.187639,0 days 00:00:03.607930,2,7,2.0,,,,,,,,,,,,,,,,,,,45,10.0,,,,,,,,,,,,,,,,,,,COMPLETE
247,247,0.8938029661016949,2025-01-05 12:25:00.187987,2025-01-05 12:25:03.567450,0 days 00:00:03.379463,2,7,2.0,,,,,,,,,,,,,,,,,,,45,10.0,,,,,,,,,,,,,,,,,,,COMPLETE
248,248,0.87042842215256,2025-01-05 12:25:03.567815,2025-01-05 12:25:06.953419,0 days 00:00:03.385604,2,8,1.0,,,,,,,,,,,,,,,,,,,45,10.0,,,,,,,,,,,,,,,,,,,COMPLETE
249,249,0.7526984126984126,2025-01-05 12:25:06.953772,2025-01-05 12:25:12.946957,0 days 00:00:05.993185,1,9,,,,,,,,,,,,,,,,,,,,45,,,,,,,,,,,,,,,,,,,,COMPLETE
250,250,0.7996926229508197,2025-01-05 12:25:12.947302,2025-01-05 12:25:17.104510,0 days 00:00:04.157208,3,4,2.0,,,,,,,,,,,6.0,,,,,,,,45,10.0,,,,,,,,,,,40.0,,,,,,,,COMPLETE
251,251,0.8385416666666667,2025-01-05 12:25:17.104882,2025-01-05 12:25:20.463957,0 days 00:00:03.359075,2,5,2.0,,,,,,,,,,,,,,,,,,,35,20.0,,,,,,,,,,,,,,,,,,,COMPLETE
252,252,0.845603813559322,2025-01-05 12:25:20.464313,2025-01-05 12:25:23.799869,0 days 00:00:03.335556,2,6,3.0,,,,,,,,,,,,,,,,,,,45,10.0,,,,,,,,,,,,,,,,,,,COMPLETE
253,253,0.5488235294117647,2025-01-05 12:25:23.800227,2025-01-05 12:25:27.522443,0 days 00:00:03.722216,3,7,2.0,,,,,,,,,,,14.0,,,,,,,,40,15.0,,,,,,,,,,,5.0,,,,,,,,COMPLETE
254,254,0.7576754385964912,2025-01-05 12:25:27.522819,2025-01-05 12:25:30.644001,0 days 00:00:03.121182,1,3,,,,,,,,,,,,,,,,,,,,40,,,,,,,,,,,,,,,,,,,,COMPLETE
255,255,0.8526881720430108,2025-01-05 12:25:30.644338,2025-01-05 12:25:33.991022,0 days 00:00:03.346684,2,7,1.0,,,,,,,,,,,,,,,,,,,45,10.0,,,,,,,,,,,,,,,,,,,COMPLETE
256,256,0.9263771186440678,2025-01-05 12:25:33.991368,2025-01-05 12:25:37.354884,0 days 00:00:03.363516,2,8,3.0,,,,,,,,,,,,,,,,,,,35,25.0,,,,,,,,,,,,,,,,,,,COMPLETE
257,257,0.7154195011337868,2025-01-05 12:25:37.355237,2025-01-05 12:25:41.327439,0 days 00:00:03.972202,3,8,3.0,,,,,,,,,,,9.0,,,,,,,,35,25.0,,,,,,,,,,,10.0,,,,,,,,COMPLETE
258,258,0.7727272727272727,2025-01-05 12:25:41.327810,2025-01-05 12:25:47.158886,0 days 00:00:05.831076,1,9,,,,,,,,,,,,,,,,,,,,35,,,,,,,,,,,,,,,,,,,,COMPLETE
259,259,0.8708333333333333,2025-01-05 12:25:47.159227,2025-01-05 12:25:50.510626,0 days 00:00:03.351399,2,8,3.0,,,,,,,,,,,,,,,,,,,35,30.0,,,,,,,,,,,,,,,,,,,COMPLETE
260,260,0.8868318122555411,2025-01-05 12:25:50.510974,2025-01-05 12:25:53.902071,0 days 00:00:03.391097,2,10,3.0,,,,,,,,,,,,,,,,,,,35,25.0,,,,,,,,,,,,,,,,,,,COMPLETE
261,261,0.8668653750620964,2025-01-05 12:25:53.902421,2025-01-05 12:25:59.799634,0 days 00:00:05.897213,1,7,,,,,,,,,,,,,,,,,,,,35,,,,,,,,,,,,,,,,,,,,COMPLETE
262,262,0.7100840336134454,2025-01-05 12:25:59.799972,2025-01-05 12:26:03.775759,0 days 00:00:03.975787,3,6,3.0,,,,,,,,,,,10.0,,,,,,,,30,20.0,,,,,,,,,,,60.0,,,,,,,,COMPLETE
263,263,0.7793103448275862,2025-01-05 12:26:03.776200,2025-01-05 12:26:07.156777,0 days 00:00:03.380577,2,7,2.0,,,,,,,,,,,,,,,,,,,10,35.0,,,,,,,,,,,,,,,,,,,COMPLETE
264,264,0.829190904283448,2025-01-05 12:26:07.157146,2025-01-05 12:26:10.489341,0 days 00:00:03.332195,2,2,15.0,,,,,,,,,,,,,,,,,,,60,15.0,,,,,,,,,,,,,,,,,,,COMPLETE
265,265,0.7529411764705882,2025-01-05 12:26:10.489703,2025-01-05 12:26:16.491721,0 days 00:00:06.002018,1,9,,,,,,,,,,,,,,,,,,,,45,,,,,,,,,,,,,,,,,,,,COMPLETE
266,266,0.6491228070175439,2025-01-05 12:26:16.492061,2025-01-05 12:26:20.461782,0 days 00:00:03.969721,3,8,3.0,,,,,,,,,,,12.0,,,,,,,,40,30.0,,,,,,,,,,,20.0,,,,,,,,COMPLETE
267,267,0.8618037135278515,2025-01-05 12:26:20.462276,2025-01-05 12:26:23.875896,0 days 00:00:03.413620,2,10,2.0,,,,,,,,,,,,,,,,,,,40,10.0,,,,,,,,,,,,,,,,,,,COMPLETE
268,268,0.8851224105461393,2025-01-05 12:26:23.876372,2025-01-05 12:26:27.444700,0 days 00:00:03.568328,2,7,1.0,,,,,,,,,,,,,,,,,,,35,10.0,,,,,,,,,,,,,,,,,,,COMPLETE
269,269,0.8544980443285528,2025-01-05 12:26:27.445054,2025-01-05 12:26:31.579125,0 days 00:00:04.134071,3,3,2.0,,,,,,,,,,,6.0,,,,,,,,45,20.0,,,,,,,,,,,50.0,,,,,,,,COMPLETE
270,270,0.8055555555555556,2025-01-05 12:26:31.579503,2025-01-05 12:26:37.460006,0 days 00:00:05.880503,1,7,,,,,,,,,,,,,,,,,,,,40,,,,,,,,,,,,,,,,,,,,COMPLETE
271,271,0.8119363395225465,2025-01-05 12:26:37.460345,2025-01-05 12:26:40.797215,0 days 00:00:03.336870,2,5,3.0,,,,,,,,,,,,,,,,,,,25,25.0,,,,,,,,,,,,,,,,,,,COMPLETE
272,272,0.8548009367681498,2025-01-05 12:26:40.797566,2025-01-05 12:26:44.388420,0 days 00:00:03.590854,2,8,2.0,,,,,,,,,,,,,,,,,,,35,10.0,,,,,,,,,,,,,,,,,,,COMPLETE
273,273,0.8331479421579533,2025-01-05 12:26:44.388772,2025-01-05 12:26:48.276135,0 days 00:00:03.887363,3,4,1.0,,,,,,,,,,,7.0,,,,,,,,40,15.0,,,,,,,,,,,15.0,,,,,,,,COMPLETE
274,274,0.8526881720430108,2025-01-05 12:26:48.276505,2025-01-05 12:26:51.413466,0 days 00:00:03.136961,2,7,11.0,,,,,,,,,,,,,,,,,,,40,10.0,,,,,,,,,,,,,,,,,,,COMPLETE
275,275,0.7054293415479399,2025-01-05 12:26:51.413817,2025-01-05 12:26:57.313041,0 days 00:00:05.899224,1,6,,,,,,,,,,,,,,,,,,,,45,,,,,,,,,,,,,,,,,,,,COMPLETE
276,276,0.8435501066098081,2025-01-05 12:26:57.313376,2025-01-05 12:27:00.670698,0 days 00:00:03.357322,2,7,2.0,,,,,,,,,,,,,,,,,,,35,30.0,,,,,,,,,,,,,,,,,,,COMPLETE
277,277,0.8548009367681498,2025-01-05 12:27:00.671063,2025-01-05 12:27:04.863005,0 days 00:00:04.191942,3,10,3.0,,,,,,,,,,,1.0,,,,,,,,40,20.0,,,,,,,,,,,45.0,,,,,,,,COMPLETE
278,278,0.8917214912280702,2025-01-05 12:27:04.863390,2025-01-05 12:27:08.213282,0 days 00:00:03.349892,2,8,2.0,,,,,,,,,,,,,,,,,,,30,35.0,,,,,,,,,,,,,,,,,,,COMPLETE
279,279,0.7703703703703704,2025-01-05 12:27:08.213630,2025-01-05 12:27:14.074137,0 days 00:00:05.860507,1,8,,,,,,,,,,,,,,,,,,,,30,,,,,,,,,,,,,,,,,,,,COMPLETE
280,280,0.861228813559322,2025-01-05 12:27:14.074471,2025-01-05 12:27:17.508044,0 days 00:00:03.433573,2,8,4.0,,,,,,,,,,,,,,,,,,,60,35.0,,,,,,,,,,,,,,,,,,,COMPLETE
281,281,0.8709677419354839,2025-01-05 12:27:17.508387,2025-01-05 12:27:21.679882,0 days 00:00:04.171495,3,9,2.0,,,,,,,,,,,5.0,,,,,,,,30,55.0,,,,,,,,,,,15.0,,,,,,,,COMPLETE
282,282,0.926984126984127,2025-01-05 12:27:21.680259,2025-01-05 12:27:25.043545,0 days 00:00:03.363286,2,8,3.0,,,,,,,,,,,,,,,,,,,30,35.0,,,,,,,,,,,,,,,,,,,COMPLETE
283,283,0.7254641909814323,2025-01-05 12:27:25.043891,2025-01-05 12:27:30.931770,0 days 00:00:05.887879,1,8,,,,,,,,,,,,,,,,,,,,30,,,,,,,,,,,,,,,,,,,,COMPLETE
284,284,0.15,2025-01-05 12:27:30.932118,2025-01-05 12:27:41.376295,0 days 00:00:10.444177,9,8,3.0,,,,,,,,,,,8.0,11.0,7.0,2.0,5.0,7.0,15.0,,45,35.0,,,,,,,,,,,25.0,25.0,35.0,5.0,35.0,40.0,30.0,,COMPLETE
285,285,0.5784153005464481,2025-01-05 12:27:41.376803,2025-01-05 12:27:45.467516,0 days 00:00:04.090713,3,8,8.0,,,,,,,,,,,7.0,,,,,,,,30,35.0,,,,,,,,,,,35.0,,,,,,,,COMPLETE
286,286,0.8452380952380952,2025-01-05 12:27:45.467893,2025-01-05 12:27:48.812875,0 days 00:00:03.344982,2,7,3.0,,,,,,,,,,,,,,,,,,,30,35.0,,,,,,,,,,,,,,,,,,,COMPLETE
287,287,0.0,2025-01-05 12:27:48.813229,2025-01-05 12:28:15.409310,0 days 00:00:26.596081,16,9,14.0,3.0,8.0,13.0,3.0,11.0,4.0,,,,,11.0,13.0,5.0,4.0,11.0,9.0,6.0,14.0,30,40.0,40.0,5.0,30.0,60.0,45.0,20.0,,,,,30.0,10.0,50.0,45.0,25.0,45.0,40.0,5.0,COMPLETE
288,288,0.8618037135278515,2025-01-05 12:28:15.410383,2025-01-05 12:28:18.764618,0 days 00:00:03.354235,2,7,3.0,,,,,,,,,,,,,,,,,,,30,35.0,,,,,,,,,,,,,,,,,,,COMPLETE
289,289,0.830392156862745,2025-01-05 12:28:18.764988,2025-01-05 12:28:24.626696,0 days 00:00:05.861708,1,6,,,,,,,,,,,,,,,,,,,,30,,,,,,,,,,,,,,,,,,,,COMPLETE
290,290,0.8387096774193549,2025-01-05 12:28:24.627038,2025-01-05 12:28:28.025296,0 days 00:00:03.398258,2,7,3.0,,,,,,,,,,,,,,,,,,,55,35.0,,,,,,,,,,,,,,,,,,,COMPLETE
291,291,0.8032258064516129,2025-01-05 12:28:28.025645,2025-01-05 12:28:31.945518,0 days 00:00:03.919873,3,8,4.0,,,,,,,,,,,5.0,,,,,,,,25,35.0,,,,,,,,,,,40.0,,,,,,,,COMPLETE
292,292,0.87042842215256,2025-01-05 12:28:31.945894,2025-01-05 12:28:35.538676,0 days 00:00:03.592782,2,2,1.0,,,,,,,,,,,,,,,,,,,45,10.0,,,,,,,,,,,,,,,,,,,COMPLETE
293,293,0.5001434720229555,2025-01-05 12:28:35.539030,2025-01-05 12:28:39.807758,0 days 00:00:04.268728,13,7,3.0,12.0,3.0,1.0,,,,,,,,4.0,9.0,12.0,9.0,6.0,3.0,11.0,7.0,40,40.0,10.0,55.0,5.0,,,,,,,,10.0,45.0,15.0,35.0,10.0,55.0,10.0,40.0,COMPLETE
294,294,0.9021505376344086,2025-01-05 12:28:39.808343,2025-01-05 12:28:43.150974,0 days 00:00:03.342631,2,6,2.0,,,,,,,,,,,,,,,,,,,30,30.0,,,,,,,,,,,,,,,,,,,COMPLETE
295,295,0.8320512820512821,2025-01-05 12:28:43.151340,2025-01-05 12:28:49.003567,0 days 00:00:05.852227,1,6,,,,,,,,,,,,,,,,,,,,25,,,,,,,,,,,,,,,,,,,,COMPLETE
296,296,0.8160860655737705,2025-01-05 12:28:49.003899,2025-01-05 12:28:53.128416,0 days 00:00:04.124517,3,5,2.0,,,,,,,,,,,6.0,,,,,,,,30,30.0,,,,,,,,,,,25.0,,,,,,,,COMPLETE
297,297,0.8550420168067226,2025-01-05 12:28:53.128787,2025-01-05 12:28:56.506243,0 days 00:00:03.377456,2,6,2.0,,,,,,,,,,,,,,,,,,,50,30.0,,,,,,,,,,,,,,,,,,,COMPLETE
298,298,0.4208306294613887,2025-01-05 12:28:56.506595,2025-01-05 12:29:10.043587,0 days 00:00:13.536992,7,6,2.0,,,,,,,,,,,10.0,14.0,11.0,14.0,2.0,,,,30,30.0,,,,,,,,,,,55.0,35.0,25.0,60.0,40.0,,,,COMPLETE
299,299,0.15543735224586286,2025-01-05 12:29:10.044088,2025-01-05 12:29:23.588159,0 days 00:00:13.544071,19,3,1.0,8.0,3.0,6.0,10.0,5.0,11.0,1.0,9.0,15.0,,1.0,15.0,4.0,6.0,14.0,1.0,3.0,12.0,30,30.0,35.0,40.0,60.0,5.0,15.0,50.0,45.0,5.0,60.0,,15.0,25.0,5.0,30.0,55.0,10.0,50.0,45.0,COMPLETE
300,300,0.8771883289124669,2025-01-05 12:29:23.588859,2025-01-05 12:29:26.937610,0 days 00:00:03.348751,2,3,2.0,,,,,,,,,,,,,,,,,,,30,25.0,,,,,,,,,,,,,,,,,,,COMPLETE
301,301,0.8117647058823529,2025-01-05 12:29:26.937970,2025-01-05 12:29:32.811909,0 days 00:00:05.873939,1,6,,,,,,,,,,,,,,,,,,,,30,,,,,,,,,,,,,,,,,,,,COMPLETE
302,302,0.8781068217874141,2025-01-05 12:29:32.812257,2025-01-05 12:29:36.174632,0 days 00:00:03.362375,2,4,2.0,,,,,,,,,,,,,,,,,,,60,35.0,,,,,,,,,,,,,,,,,,,COMPLETE
303,303,0.8385416666666667,2025-01-05 12:29:36.174984,2025-01-05 12:29:39.619575,0 days 00:00:03.444591,2,8,1.0,,,,,,,,,,,,,,,,,,,55,30.0,,,,,,,,,,,,,,,,,,,COMPLETE
304,304,0.829190904283448,2025-01-05 12:29:39.619929,2025-01-05 12:29:44.595730,0 days 00:00:04.975801,4,9,2.0,,,,,,,,,,,2.0,4.0,,,,,,,25,25.0,,,,,,,,,,,20.0,30.0,,,,,,,COMPLETE
305,305,0.8708333333333333,2025-01-05 12:29:44.596126,2025-01-05 12:29:48.179931,0 days 00:00:03.583805,2,5,2.0,,,,,,,,,,,,,,,,,,,45,35.0,,,,,,,,,,,,,,,,,,,COMPLETE
306,306,0.7303703703703703,2025-01-05 12:29:48.180292,2025-01-05 12:29:54.040869,0 days 00:00:05.860577,1,6,,,,,,,,,,,,,,,,,,,,45,,,,,,,,,,,,,,,,,,,,COMPLETE
307,307,0.5424890350877193,2025-01-05 12:29:54.041444,2025-01-05 12:29:57.848673,0 days 00:00:03.807229,3,7,2.0,,,,,,,,,,,13.0,,,,,,,,40,10.0,,,,,,,,,,,5.0,,,,,,,,COMPLETE
308,308,0.8293650793650793,2025-01-05 12:29:57.849063,2025-01-05 12:30:01.187506,0 days 00:00:03.338443,2,7,1.0,,,,,,,,,,,,,,,,,,,35,30.0,,,,,,,,,,,,,,,,,,,COMPLETE
309,309,0.8781779661016949,2025-01-05 12:30:01.187867,2025-01-05 12:30:04.532765,0 days 00:00:03.344898,2,8,2.0,,,,,,,,,,,,,,,,,,,30,20.0,,,,,,,,,,,,,,,,,,,COMPLETE
310,310,0.8108831400535237,2025-01-05 12:30:04.533126,2025-01-05 12:30:07.233332,0 days 00:00:02.700206,1,3,,,,,,,,,,,,,,,,,,,,40,,,,,,,,,,,,,,,,,,,,COMPLETE
311,311,0.5793650793650793,2025-01-05 12:30:07.233660,2025-01-05 12:30:11.220965,0 days 00:00:03.987305,3,9,3.0,,,,,,,,,,,9.0,,,,,,,,40,35.0,,,,,,,,,,,35.0,,,,,,,,COMPLETE
312,312,0.8779904306220095,2025-01-05 12:30:11.221345,2025-01-05 12:30:14.550467,0 days 00:00:03.329122,2,5,2.0,,,,,,,,,,,,,,,,,,,35,10.0,,,,,,,,,,,,,,,,,,,COMPLETE
313,313,0.6263706140350878,2025-01-05 12:30:14.550812,2025-01-05 12:30:18.736081,0 days 00:00:04.185269,3,7,6.0,,,,,,,,,,,3.0,,,,,,,,40,10.0,,,,,,,,,,,10.0,,,,,,,,COMPLETE
314,314,0.8685344827586207,2025-01-05 12:30:18.736454,2025-01-05 12:30:22.102654,0 days 00:00:03.366200,2,1,3.0,,,,,,,,,,,,,,,,,,,45,25.0,,,,,,,,,,,,,,,,,,,COMPLETE
315,315,0.8201754385964912,2025-01-05 12:30:22.103005,2025-01-05 12:30:27.954303,0 days 00:00:05.851298,1,7,,,,,,,,,,,,,,,,,,,,40,,,,,,,,,,,,,,,,,,,,COMPLETE
316,316,0.8291777188328913,2025-01-05 12:30:27.954633,2025-01-05 12:30:31.301145,0 days 00:00:03.346512,2,4,2.0,,,,,,,,,,,,,,,,,,,55,15.0,,,,,,,,,,,,,,,,,,,COMPLETE
317,317,0.8548009367681498,2025-01-05 12:30:31.301500,2025-01-05 12:30:34.683759,0 days 00:00:03.382259,2,6,4.0,,,,,,,,,,,,,,,,,,,15,10.0,,,,,,,,,,,,,,,,,,,COMPLETE
318,318,0.7542613636363636,2025-01-05 12:30:34.684115,2025-01-05 12:30:38.651006,0 days 00:00:03.966891,3,8,1.0,,,,,,,,,,,14.0,,,,,,,,30,35.0,,,,,,,,,,,45.0,,,,,,,,COMPLETE
319,319,0.2673076923076923,2025-01-05 12:30:38.651396,2025-01-05 12:30:45.057252,0 days 00:00:06.405856,11,6,3.0,15.0,,,,,,,,,,15.0,8.0,9.0,12.0,5.0,10.0,9.0,2.0,35,10.0,20.0,,,,,,,,,,50.0,10.0,40.0,25.0,5.0,40.0,25.0,30.0,COMPLETE
320,320,0.7702156334231807,2025-01-05 12:30:45.057793,2025-01-05 12:30:50.926821,0 days 00:00:05.869028,1,7,,,,,,,,,,,,,,,,,,,,40,,,,,,,,,,,,,,,,,,,,COMPLETE
321,321,0.8709677419354839,2025-01-05 12:30:50.927173,2025-01-05 12:30:54.301556,0 days 00:00:03.374383,2,7,2.0,,,,,,,,,,,,,,,,,,,45,15.0,,,,,,,,,,,,,,,,,,,COMPLETE
322,322,0.903125,2025-01-05 12:30:54.301908,2025-01-05 12:30:58.523365,0 days 00:00:04.221457,3,8,2.0,,,,,,,,,,,3.0,,,,,,,,60,35.0,,,,,,,,,,,20.0,,,,,,,,COMPLETE
323,323,0.7866559052999731,2025-01-05 12:30:58.523741,2025-01-05 12:31:03.577849,0 days 00:00:05.054108,4,8,2.0,,,,,,,,,,,4.0,2.0,,,,,,,60,10.0,,,,,,,,,,,20.0,15.0,,,,,,,COMPLETE
324,324,0.631578947368421,2025-01-05 12:31:03.578331,2025-01-05 12:31:07.919371,0 days 00:00:04.341040,3,8,10.0,,,,,,,,,,,3.0,,,,,,,,60,30.0,,,,,,,,,,,25.0,,,,,,,,COMPLETE
325,325,0.8286546610169492,2025-01-05 12:31:07.919761,2025-01-05 12:31:12.118965,0 days 00:00:04.199204,3,8,3.0,,,,,,,,,,,2.0,,,,,,,,60,20.0,,,,,,,,,,,20.0,,,,,,,,COMPLETE
326,326,0.8961538461538462,2025-01-05 12:31:12.119356,2025-01-05 12:31:15.572075,0 days 00:00:03.452719,2,8,2.0,,,,,,,,,,,,,,,,,,,60,40.0,,,,,,,,,,,,,,,,,,,COMPLETE
327,327,0.8685344827586207,2025-01-05 12:31:15.572430,2025-01-05 12:31:19.791150,0 days 00:00:04.218720,3,8,1.0,,,,,,,,,,,1.0,,,,,,,,60,40.0,,,,,,,,,,,30.0,,,,,,,,COMPLETE
328,328,0.8708333333333333,2025-01-05 12:31:19.791531,2025-01-05 12:31:23.254079,0 days 00:00:03.462548,2,8,2.0,,,,,,,,,,,,,,,,,,,60,40.0,,,,,,,,,,,,,,,,,,,COMPLETE
329,329,0.47368421052631576,2025-01-05 12:31:23.254447,2025-01-05 12:31:27.945796,0 days 00:00:04.691349,4,8,2.0,,,,,,,,,,,5.0,11.0,,,,,,,60,40.0,,,,,,,,,,,15.0,40.0,,,,,,,COMPLETE
330,330,0.6633771929824561,2025-01-05 12:31:27.946323,2025-01-05 12:31:34.148469,0 days 00:00:06.202146,1,9,,,,,,,,,,,,,,,,,,,,60,,,,,,,,,,,,,,,,,,,,COMPLETE
331,331,0.8596059113300492,2025-01-05 12:31:34.148919,2025-01-05 12:31:38.366406,0 days 00:00:04.217487,3,8,2.0,,,,,,,,,,,4.0,,,,,,,,60,30.0,,,,,,,,,,,25.0,,,,,,,,COMPLETE
332,332,0.4307692307692308,2025-01-05 12:31:38.366797,2025-01-05 12:31:50.851592,0 days 00:00:12.484795,6,8,2.0,,,,,,,,,,,3.0,10.0,9.0,11.0,,,,,60,45.0,,,,,,,,,,,10.0,5.0,45.0,45.0,,,,,COMPLETE
333,333,0.8342780026990553,2025-01-05 12:31:50.852061,2025-01-05 12:31:54.192777,0 days 00:00:03.340716,2,9,1.0,,,,,,,,,,,,,,,,,,,30,45.0,,,,,,,,,,,,,,,,,,,COMPLETE
334,334,0.8870673952641166,2025-01-05 12:31:54.193145,2025-01-05 12:31:57.597750,0 days 00:00:03.404605,2,7,7.0,,,,,,,,,,,,,,,,,,,60,25.0,,,,,,,,,,,,,,,,,,,COMPLETE
335,335,0.8055555555555556,2025-01-05 12:31:57.598108,2025-01-05 12:32:03.469398,0 days 00:00:05.871290,1,7,,,,,,,,,,,,,,,,,,,,35,,,,,,,,,,,,,,,,,,,,COMPLETE
336,336,0.8548009367681498,2025-01-05 12:32:03.469806,2025-01-05 12:32:06.838665,0 days 00:00:03.368859,2,7,2.0,,,,,,,,,,,,,,,,,,,45,35.0,,,,,,,,,,,,,,,,,,,COMPLETE
337,337,0.8944297082228116,2025-01-05 12:32:06.839036,2025-01-05 12:32:10.195376,0 days 00:00:03.356340,2,8,2.0,,,,,,,,,,,,,,,,,,,30,10.0,,,,,,,,,,,,,,,,,,,COMPLETE
338,338,0.8452950558213717,2025-01-05 12:32:10.195734,2025-01-05 12:32:14.353615,0 days 00:00:04.157881,3,8,2.0,,,,,,,,,,,4.0,,,,,,,,30,30.0,,,,,,,,,,,20.0,,,,,,,,COMPLETE
339,339,0.8595628415300547,2025-01-05 12:32:14.353995,2025-01-05 12:32:17.692310,0 days 00:00:03.338315,2,9,1.0,,,,,,,,,,,,,,,,,,,30,10.0,,,,,,,,,,,,,,,,,,,COMPLETE
340,340,0.7795833333333333,2025-01-05 12:32:17.692665,2025-01-05 12:32:23.550834,0 days 00:00:05.858169,1,8,,,,,,,,,,,,,,,,,,,,5,,,,,,,,,,,,,,,,,,,,COMPLETE
341,341,0.7674291938997821,2025-01-05 12:32:23.551182,2025-01-05 12:32:27.734548,0 days 00:00:04.183366,3,8,2.0,,,,,,,,,,,8.0,,,,,,,,30,35.0,,,,,,,,,,,30.0,,,,,,,,COMPLETE
342,342,0.8548009367681498,2025-01-05 12:32:27.734919,2025-01-05 12:32:31.286197,0 days 00:00:03.551278,2,2,3.0,,,,,,,,,,,,,,,,,,,30,10.0,,,,,,,,,,,,,,,,,,,COMPLETE
343,343,0.8198924731182795,2025-01-05 12:32:31.286551,2025-01-05 12:32:34.681622,0 days 00:00:03.395071,2,8,9.0,,,,,,,,,,,,,,,,,,,25,30.0,,,,,,,,,,,,,,,,,,,COMPLETE
344,344,0.059027777777777776,2025-01-05 12:32:34.681975,2025-01-05 12:32:43.685124,0 days 00:00:09.003149,17,8,2.0,2.0,11.0,9.0,15.0,4.0,4.0,9.0,,,,7.0,7.0,6.0,5.0,7.0,7.0,15.0,5.0,30,25.0,25.0,15.0,40.0,45.0,35.0,20.0,5.0,,,,5.0,45.0,60.0,20.0,30.0,20.0,15.0,15.0,COMPLETE
345,345,0.7166666666666667,2025-01-05 12:32:43.685909,2025-01-05 12:32:49.213957,0 days 00:00:05.528048,1,9,,,,,,,,,,,,,,,,,,,,30,,,,,,,,,,,,,,,,,,,,COMPLETE
346,346,0.8360655737704918,2025-01-05 12:32:49.214303,2025-01-05 12:32:52.818453,0 days 00:00:03.604150,2,8,2.0,,,,,,,,,,,,,,,,,,,35,10.0,,,,,,,,,,,,,,,,,,,COMPLETE
347,347,0.4730015082956259,2025-01-05 12:32:52.818805,2025-01-05 12:32:56.789305,0 days 00:00:03.970500,3,7,12.0,,,,,,,,,,,3.0,,,,,,,,45,10.0,,,,,,,,,,,15.0,,,,,,,,COMPLETE
348,348,0.8474358974358975,2025-01-05 12:32:56.789681,2025-01-05 12:32:59.962468,0 days 00:00:03.172787,1,3,,,,,,,,,,,,,,,,,,,,30,,,,,,,,,,,,,,,,,,,,COMPLETE
349,349,0.8604465709728868,2025-01-05 12:32:59.962801,2025-01-05 12:33:03.356875,0 days 00:00:03.394074,2,6,3.0,,,,,,,,,,,,,,,,,,,60,45.0,,,,,,,,,,,,,,,,,,,COMPLETE
350,350,0.8385416666666667,2025-01-05 12:33:03.357301,2025-01-05 12:33:06.731447,0 days 00:00:03.374146,2,8,2.0,,,,,,,,,,,,,,,,,,,35,35.0,,,,,,,,,,,,,,,,,,,COMPLETE
351,351,0.83754889178618,2025-01-05 12:33:06.731940,2025-01-05 12:33:10.099047,0 days 00:00:03.367107,2,7,1.0,,,,,,,,,,,,,,,,,,,35,40.0,,,,,,,,,,,,,,,,,,,COMPLETE
352,352,0.9016393442622951,2025-01-05 12:33:10.099526,2025-01-05 12:33:13.430934,0 days 00:00:03.331408,2,6,3.0,,,,,,,,,,,,,,,,,,,45,20.0,,,,,,,,,,,,,,,,,,,COMPLETE
353,353,0.8455843469063987,2025-01-05 12:33:13.431297,2025-01-05 12:33:17.582420,0 days 00:00:04.151123,3,6,2.0,,,,,,,,,,,5.0,,,,,,,,45,20.0,,,,,,,,,,,25.0,,,,,,,,COMPLETE
354,354,0.7765899122807017,2025-01-05 12:33:17.582812,2025-01-05 12:33:21.740467,0 days 00:00:04.157655,3,6,2.0,,,,,,,,,,,6.0,,,,,,,,45,20.0,,,,,,,,,,,15.0,,,,,,,,COMPLETE
355,355,0.7675814751286449,2025-01-05 12:33:21.740843,2025-01-05 12:33:27.755738,0 days 00:00:06.014895,1,9,,,,,,,,,,,,,,,,,,,,45,,,,,,,,,,,,,,,,,,,,COMPLETE
356,356,0.8851224105461393,2025-01-05 12:33:27.756078,2025-01-05 12:33:31.118955,0 days 00:00:03.362877,2,6,4.0,,,,,,,,,,,,,,,,,,,50,20.0,,,,,,,,,,,,,,,,,,,COMPLETE
357,357,0.8317035512094699,2025-01-05 12:33:31.119314,2025-01-05 12:33:34.688674,0 days 00:00:03.569360,2,3,3.0,,,,,,,,,,,,,,,,,,,45,20.0,,,,,,,,,,,,,,,,,,,COMPLETE
358,358,0.5400130123617437,2025-01-05 12:33:34.689038,2025-01-05 12:33:39.871481,0 days 00:00:05.182443,4,9,2.0,,,,,,,,,,,2.0,12.0,,,,,,,45,25.0,,,,,,,,,,,35.0,15.0,,,,,,,COMPLETE
359,359,0.8035087719298246,2025-01-05 12:33:39.871876,2025-01-05 12:33:45.745133,0 days 00:00:05.873257,1,5,,,,,,,,,,,,,,,,,,,,50,,,,,,,,,,,,,,,,,,,,COMPLETE
360,360,0.8544980443285528,2025-01-05 12:33:45.745474,2025-01-05 12:33:49.125467,0 days 00:00:03.379993,2,6,1.0,,,,,,,,,,,,,,,,,,,60,20.0,,,,,,,,,,,,,,,,,,,COMPLETE
361,361,0.9193338537600833,2025-01-05 12:33:49.125823,2025-01-05 12:33:53.290531,0 days 00:00:04.164708,3,8,2.0,,,,,,,,,,,1.0,,,,,,,,45,30.0,,,,,,,,,,,20.0,,,,,,,,COMPLETE
362,362,0.801948051948052,2025-01-05 12:33:53.290906,2025-01-05 12:33:58.602257,0 days 00:00:05.311351,4,8,3.0,,,,,,,,,,,1.0,6.0,,,,,,,45,30.0,,,,,,,,,,,20.0,55.0,,,,,,,COMPLETE
363,363,0.6228448275862069,2025-01-05 12:33:58.602656,2025-01-05 12:34:04.467951,0 days 00:00:05.865295,5,8,2.0,,,,,,,,,,,2.0,1.0,8.0,,,,,,45,30.0,,,,,,,,,,,20.0,20.0,30.0,,,,,,COMPLETE
364,364,0.8512931034482758,2025-01-05 12:34:04.468396,2025-01-05 12:34:08.654423,0 days 00:00:04.186027,3,8,7.0,,,,,,,,,,,1.0,,,,,,,,45,30.0,,,,,,,,,,,20.0,,,,,,,,COMPLETE
365,365,0.8548009367681498,2025-01-05 12:34:08.654804,2025-01-05 12:34:12.845604,0 days 00:00:04.190800,3,9,2.0,,,,,,,,,,,3.0,,,,,,,,45,30.0,,,,,,,,,,,25.0,,,,,,,,COMPLETE
366,366,0.8777777777777778,2025-01-05 12:34:12.845987,2025-01-05 12:34:17.036470,0 days 00:00:04.190483,3,8,3.0,,,,,,,,,,,4.0,,,,,,,,45,30.0,,,,,,,,,,,30.0,,,,,,,,COMPLETE
367,367,0.8548009367681498,2025-01-05 12:34:17.036850,2025-01-05 12:34:21.451928,0 days 00:00:04.415078,3,9,1.0,,,,,,,,,,,2.0,,,,,,,,25,35.0,,,,,,,,,,,10.0,,,,,,,,COMPLETE
368,368,0.861904761904762,2025-01-05 12:34:21.452312,2025-01-05 12:34:24.817748,0 days 00:00:03.365436,2,2,2.0,,,,,,,,,,,,,,,,,,,45,50.0,,,,,,,,,,,,,,,,,,,COMPLETE
369,369,0.8064516129032258,2025-01-05 12:34:24.818106,2025-01-05 12:34:28.925298,0 days 00:00:04.107192,3,3,3.0,,,,,,,,,,,1.0,,,,,,,,50,25.0,,,,,,,,,,,15.0,,,,,,,,COMPLETE
370,370,0.8538884524744697,2025-01-05 12:34:28.925681,2025-01-05 12:34:32.368085,0 days 00:00:03.442404,2,8,2.0,,,,,,,,,,,,,,,,,,,55,30.0,,,,,,,,,,,,,,,,,,,COMPLETE
371,371,0.783068783068783,2025-01-05 12:34:32.368442,2025-01-05 12:34:38.544662,0 days 00:00:06.176220,1,8,,,,,,,,,,,,,,,,,,,,60,,,,,,,,,,,,,,,,,,,,COMPLETE
372,372,0.8942358540454786,2025-01-05 12:34:38.544999,2025-01-05 12:34:42.693859,0 days 00:00:04.148860,3,6,4.0,,,,,,,,,,,2.0,,,,,,,,30,35.0,,,,,,,,,,,25.0,,,,,,,,COMPLETE
373,373,0.8253968253968254,2025-01-05 12:34:42.694253,2025-01-05 12:34:46.844025,0 days 00:00:04.149772,3,6,4.0,,,,,,,,,,,2.0,,,,,,,,30,35.0,,,,,,,,,,,25.0,,,,,,,,COMPLETE
374,374,0.8221642764015646,2025-01-05 12:34:46.844529,2025-01-05 12:34:50.967355,0 days 00:00:04.122826,3,5,5.0,,,,,,,,,,,1.0,,,,,,,,30,35.0,,,,,,,,,,,25.0,,,,,,,,COMPLETE
375,375,0.8452380952380952,2025-01-05 12:34:50.967849,2025-01-05 12:34:55.130353,0 days 00:00:04.162504,3,6,4.0,,,,,,,,,,,3.0,,,,,,,,30,35.0,,,,,,,,,,,20.0,,,,,,,,COMPLETE
376,376,0.8452380952380952,2025-01-05 12:34:55.130746,2025-01-05 12:35:00.388272,0 days 00:00:05.257526,4,5,1.0,,,,,,,,,,,2.0,3.0,,,,,,,30,40.0,,,,,,,,,,,25.0,50.0,,,,,,,COMPLETE
377,377,0.5139826422372227,2025-01-05 12:35:00.388726,2025-01-05 12:35:05.236195,0 days 00:00:04.847469,4,6,5.0,,,,,,,,,,,3.0,14.0,,,,,,,30,35.0,,,,,,,,,,,30.0,25.0,,,,,,,COMPLETE
378,378,0.8422635319846912,2025-01-05 12:35:05.236614,2025-01-05 12:35:09.385412,0 days 00:00:04.148798,3,6,2.0,,,,,,,,,,,4.0,,,,,,,,30,30.0,,,,,,,,,,,15.0,,,,,,,,COMPLETE
379,379,0.9028213166144201,2025-01-05 12:35:09.385802,2025-01-05 12:35:12.780813,0 days 00:00:03.395011,2,6,2.0,,,,,,,,,,,,,,,,,,,55,25.0,,,,,,,,,,,,,,,,,,,COMPLETE
380,380,0.8685344827586207,2025-01-05 12:35:12.781180,2025-01-05 12:35:16.162928,0 days 00:00:03.381748,2,6,2.0,,,,,,,,,,,,,,,,,,,55,35.0,,,,,,,,,,,,,,,,,,,COMPLETE
381,381,0.8544980443285528,2025-01-05 12:35:16.163298,2025-01-05 12:35:19.543838,0 days 00:00:03.380540,2,6,2.0,,,,,,,,,,,,,,,,,,,55,20.0,,,,,,,,,,,,,,,,,,,COMPLETE
382,382,0.7760577915376676,2025-01-05 12:35:19.544203,2025-01-05 12:35:25.441170,0 days 00:00:05.896967,1,6,,,,,,,,,,,,,,,,,,,,50,,,,,,,,,,,,,,,,,,,,COMPLETE
383,383,0.8709677419354839,2025-01-05 12:35:25.441511,2025-01-05 12:35:29.567471,0 days 00:00:04.125960,3,5,2.0,,,,,,,,,,,1.0,,,,,,,,60,25.0,,,,,,,,,,,20.0,,,,,,,,COMPLETE
384,384,0.8293650793650793,2025-01-05 12:35:29.567854,2025-01-05 12:35:32.966814,0 days 00:00:03.398960,2,6,2.0,,,,,,,,,,,,,,,,,,,60,35.0,,,,,,,,,,,,,,,,,,,COMPLETE
385,385,0.861228813559322,2025-01-05 12:35:32.967179,2025-01-05 12:35:36.307660,0 days 00:00:03.340481,2,5,2.0,,,,,,,,,,,,,,,,,,,50,20.0,,,,,,,,,,,,,,,,,,,COMPLETE
386,386,0.8781068217874141,2025-01-05 12:35:36.308023,2025-01-05 12:35:40.440771,0 days 00:00:04.132748,3,6,2.0,,,,,,,,,,,2.0,,,,,,,,55,30.0,,,,,,,,,,,30.0,,,,,,,,COMPLETE
387,387,0.861904761904762,2025-01-05 12:35:40.441156,2025-01-05 12:35:43.789124,0 days 00:00:03.347968,2,9,2.0,,,,,,,,,,,,,,,,,,,30,30.0,,,,,,,,,,,,,,,,,,,COMPLETE
388,388,0.8011730205278593,2025-01-05 12:35:43.789475,2025-01-05 12:35:49.847278,0 days 00:00:06.057803,1,8,,,,,,,,,,,,,,,,,,,,50,,,,,,,,,,,,,,,,,,,,COMPLETE
389,389,0.861904761904762,2025-01-05 12:35:49.847620,2025-01-05 12:35:53.202552,0 days 00:00:03.354932,2,6,3.0,,,,,,,,,,,,,,,,,,,25,40.0,,,,,,,,,,,,,,,,,,,COMPLETE
390,390,0.4720647773279352,2025-01-05 12:35:53.202909,2025-01-05 12:35:58.533236,0 days 00:00:05.330327,4,10,2.0,,,,,,,,,,,5.0,9.0,,,,,,,45,35.0,,,,,,,,,,,15.0,30.0,,,,,,,COMPLETE
391,391,0.8868318122555411,2025-01-05 12:35:58.533633,2025-01-05 12:36:02.011166,0 days 00:00:03.477533,2,8,6.0,,,,,,,,,,,,,,,,,,,60,35.0,,,,,,,,,,,,,,,,,,,COMPLETE
392,392,0.43099273607748184,2025-01-05 12:36:02.011588,2025-01-05 12:36:18.115869,0 days 00:00:16.104281,9,6,3.0,,,,,,,,,,,4.0,15.0,1.0,13.0,4.0,8.0,13.0,,30,25.0,,,,,,,,,,,20.0,35.0,10.0,5.0,35.0,15.0,10.0,,COMPLETE
393,393,0.3224489795918367,2025-01-05 12:36:18.116422,2025-01-05 12:36:23.428003,0 days 00:00:05.311581,4,9,11.0,,,,,,,,,,,2.0,13.0,,,,,,,45,20.0,,,,,,,,,,,35.0,5.0,,,,,,,COMPLETE
394,394,0.8641025641025641,2025-01-05 12:36:23.428430,2025-01-05 12:36:29.540423,0 days 00:00:06.111993,1,7,,,,,,,,,,,,,,,,,,,,60,,,,,,,,,,,,,,,,,,,,COMPLETE
395,395,0.8868318122555411,2025-01-05 12:36:29.540908,2025-01-05 12:36:33.677954,0 days 00:00:04.137046,3,8,4.0,,,,,,,,,,,3.0,,,,,,,,30,30.0,,,,,,,,,,,25.0,,,,,,,,COMPLETE
396,396,0.8681732580037664,2025-01-05 12:36:33.678468,2025-01-05 12:36:37.074102,0 days 00:00:03.395634,2,8,3.0,,,,,,,,,,,,,,,,,,,45,15.0,,,,,,,,,,,,,,,,,,,COMPLETE
397,397,0.8435501066098081,2025-01-05 12:36:37.074479,2025-01-05 12:36:40.471716,0 days 00:00:03.397237,2,6,2.0,,,,,,,,,,,,,,,,,,,55,35.0,,,,,,,,,,,,,,,,,,,COMPLETE
398,398,0.8544980443285528,2025-01-05 12:36:40.472093,2025-01-05 12:36:44.610643,0 days 00:00:04.138550,3,7,2.0,,,,,,,,,,,1.0,,,,,,,,30,30.0,,,,,,,,,,,10.0,,,,,,,,COMPLETE
399,399,0.8698826597131681,2025-01-05 12:36:44.611030,2025-01-05 12:36:48.016601,0 days 00:00:03.405571,2,8,2.0,,,,,,,,,,,,,,,,,,,45,25.0,,,,,,,,,,,,,,,,,,,COMPLETE
400,400,0.6973584905660377,2025-01-05 12:36:48.016956,2025-01-05 12:36:54.040380,0 days 00:00:06.023424,1,6,,,,,,,,,,,,,,,,,,,,60,,,,,,,,,,,,,,,,,,,,COMPLETE
401,401,0.8548009367681498,2025-01-05 12:36:54.040720,2025-01-05 12:36:57.394120,0 days 00:00:03.353400,2,9,3.0,,,,,,,,,,,,,,,,,,,30,20.0,,,,,,,,,,,,,,,,,,,COMPLETE
402,402,0.8548009367681498,2025-01-05 12:36:57.394476,2025-01-05 12:37:01.552873,0 days 00:00:04.158397,3,7,5.0,,,,,,,,,,,3.0,,,,,,,,45,35.0,,,,,,,,,,,30.0,,,,,,,,COMPLETE
403,403,0.7817460317460317,2025-01-05 12:37:01.553323,2025-01-05 12:37:07.402782,0 days 00:00:05.849459,1,7,,,,,,,,,,,,,,,,,,,,45,,,,,,,,,,,,,,,,,,,,COMPLETE
404,404,0.826098901098901,2025-01-05 12:37:07.403145,2025-01-05 12:37:11.602941,0 days 00:00:04.199796,3,8,2.0,,,,,,,,,,,4.0,,,,,,,,45,15.0,,,,,,,,,,,20.0,,,,,,,,COMPLETE
405,405,0.8618037135278515,2025-01-05 12:37:11.603337,2025-01-05 12:37:14.963573,0 days 00:00:03.360236,2,5,2.0,,,,,,,,,,,,,,,,,,,50,20.0,,,,,,,,,,,,,,,,,,,COMPLETE
406,406,0.8445623342175066,2025-01-05 12:37:14.963932,2025-01-05 12:37:18.453792,0 days 00:00:03.489860,2,9,2.0,,,,,,,,,,,,,,,,,,,60,25.0,,,,,,,,,,,,,,,,,,,COMPLETE
407,407,0.7958009778544722,2025-01-05 12:37:18.454158,2025-01-05 12:37:22.654387,0 days 00:00:04.200229,3,7,3.0,,,,,,,,,,,6.0,,,,,,,,30,30.0,,,,,,,,,,,15.0,,,,,,,,COMPLETE
408,408,0.8158705701078584,2025-01-05 12:37:22.654773,2025-01-05 12:37:28.542700,0 days 00:00:05.887927,1,6,,,,,,,,,,,,,,,,,,,,30,,,,,,,,,,,,,,,,,,,,COMPLETE
409,409,0.903125,2025-01-05 12:37:28.543047,2025-01-05 12:37:31.880616,0 days 00:00:03.337569,2,8,1.0,,,,,,,,,,,,,,,,,,,35,40.0,,,,,,,,,,,,,,,,,,,COMPLETE
410,410,0.8529094827586207,2025-01-05 12:37:31.880976,2025-01-05 12:37:35.251161,0 days 00:00:03.370185,2,10,1.0,,,,,,,,,,,,,,,,,,,35,40.0,,,,,,,,,,,,,,,,,,,COMPLETE
411,411,0.9028213166144201,2025-01-05 12:37:35.251520,2025-01-05 12:37:38.609452,0 days 00:00:03.357932,2,8,1.0,,,,,,,,,,,,,,,,,,,35,40.0,,,,,,,,,,,,,,,,,,,COMPLETE
412,412,0.8697478991596639,2025-01-05 12:37:38.609809,2025-01-05 12:37:42.749527,0 days 00:00:04.139718,3,8,1.0,,,,,,,,,,,2.0,,,,,,,,35,40.0,,,,,,,,,,,25.0,,,,,,,,COMPLETE
413,413,0.6586538461538461,2025-01-05 12:37:42.749910,2025-01-05 12:37:48.651711,0 days 00:00:05.901801,1,8,,,,,,,,,,,,,,,,,,,,35,,,,,,,,,,,,,,,,,,,,COMPLETE
414,414,0.1891891891891892,2025-01-05 12:37:48.652066,2025-01-05 12:38:07.777397,0 days 00:00:19.125331,10,9,1.0,,,,,,,,,,,5.0,2.0,14.0,4.0,10.0,5.0,8.0,11.0,35,40.0,,,,,,,,,,,15.0,50.0,50.0,35.0,15.0,50.0,60.0,55.0,COMPLETE
415,415,0.8286546610169492,2025-01-05 12:38:07.778102,2025-01-05 12:38:11.133405,0 days 00:00:03.355303,2,8,1.0,,,,,,,,,,,,,,,,,,,35,40.0,,,,,,,,,,,,,,,,,,,COMPLETE
416,416,0.8253837719298245,2025-01-05 12:38:11.133896,2025-01-05 12:38:14.724671,0 days 00:00:03.590775,2,8,1.0,,,,,,,,,,,,,,,,,,,35,40.0,,,,,,,,,,,,,,,,,,,COMPLETE
417,417,0.8787956767884715,2025-01-05 12:38:14.725053,2025-01-05 12:38:18.805293,0 days 00:00:04.080240,3,4,1.0,,,,,,,,,,,1.0,,,,,,,,35,40.0,,,,,,,,,,,35.0,,,,,,,,COMPLETE
418,418,0.7672364672364673,2025-01-05 12:38:18.805677,2025-01-05 12:38:24.489653,0 days 00:00:05.683976,1,9,,,,,,,,,,,,,,,,,,,,35,,,,,,,,,,,,,,,,,,,,COMPLETE
419,419,0.8544980443285528,2025-01-05 12:38:24.490001,2025-01-05 12:38:27.848571,0 days 00:00:03.358570,2,8,1.0,,,,,,,,,,,,,,,,,,,35,45.0,,,,,,,,,,,,,,,,,,,COMPLETE
420,420,0.8548009367681498,2025-01-05 12:38:27.848933,2025-01-05 12:38:32.048397,0 days 00:00:04.199464,3,8,1.0,,,,,,,,,,,5.0,,,,,,,,55,40.0,,,,,,,,,,,25.0,,,,,,,,COMPLETE
421,421,0.9107521186440678,2025-01-05 12:38:32.048781,2025-01-05 12:38:35.419852,0 days 00:00:03.371071,2,6,1.0,,,,,,,,,,,,,,,,,,,35,40.0,,,,,,,,,,,,,,,,,,,COMPLETE
422,422,0.81889338731444,2025-01-05 12:38:35.420228,2025-01-05 12:38:38.762498,0 days 00:00:03.342270,2,5,1.0,,,,,,,,,,,,,,,,,,,35,40.0,,,,,,,,,,,,,,,,,,,COMPLETE
423,423,0.8293650793650793,2025-01-05 12:38:38.762859,2025-01-05 12:38:43.354132,0 days 00:00:04.591273,4,6,1.0,,,,,,,,,,,2.0,7.0,,,,,,,40,40.0,,,,,,,,,,,30.0,40.0,,,,,,,COMPLETE
424,424,0.3705329153605016,2025-01-05 12:38:43.354539,2025-01-05 12:38:49.744669,0 days 00:00:06.390130,5,6,4.0,,,,,,,,,,,3.0,5.0,12.0,,,,,,35,40.0,,,,,,,,,,,10.0,55.0,35.0,,,,,,COMPLETE
425,425,0.8512931034482758,2025-01-05 12:38:49.745105,2025-01-05 12:38:53.095703,0 days 00:00:03.350598,2,6,1.0,,,,,,,,,,,,,,,,,,,40,40.0,,,,,,,,,,,,,,,,,,,COMPLETE
426,426,0.0,2025-01-05 12:38:53.096071,2025-01-05 12:39:17.914729,0 days 00:00:24.818658,15,5,1.0,5.0,8.0,5.0,7.0,13.0,,,,,,1.0,8.0,5.0,7.0,12.0,13.0,5.0,8.0,60,40.0,50.0,20.0,15.0,25.0,50.0,,,,,,5.0,20.0,45.0,10.0,60.0,35.0,20.0,40.0,COMPLETE
427,427,0.8944444444444444,2025-01-05 12:39:17.915487,2025-01-05 12:39:22.032360,0 days 00:00:04.116873,3,6,1.0,,,,,,,,,,,4.0,,,,,,,,35,45.0,,,,,,,,,,,20.0,,,,,,,,COMPLETE
428,428,0.7357549857549857,2025-01-05 12:39:22.032761,2025-01-05 12:39:27.887607,0 days 00:00:05.854846,1,6,,,,,,,,,,,,,,,,,,,,35,,,,,,,,,,,,,,,,,,,,COMPLETE
429,429,0.776775956284153,2025-01-05 12:39:27.887966,2025-01-05 12:39:31.279783,0 days 00:00:03.391817,2,1,1.0,,,,,,,,,,,,,,,,,,,35,45.0,,,,,,,,,,,,,,,,,,,COMPLETE
430,430,0.15384615384615385,2025-01-05 12:39:31.280164,2025-01-05 12:39:37.167089,0 days 00:00:05.886925,12,6,13.0,10.0,14.0,,,,,,,,,6.0,6.0,7.0,2.0,6.0,2.0,11.0,14.0,35,50.0,40.0,35.0,,,,,,,,,15.0,15.0,55.0,50.0,40.0,45.0,55.0,25.0,COMPLETE
431,431,0.8672064777327935,2025-01-05 12:39:37.167668,2025-01-05 12:39:40.538147,0 days 00:00:03.370479,2,9,1.0,,,,,,,,,,,,,,,,,,,35,45.0,,,,,,,,,,,,,,,,,,,COMPLETE
432,432,0.8423645320197044,2025-01-05 12:39:40.538519,2025-01-05 12:39:46.374493,0 days 00:00:05.835974,1,7,,,,,,,,,,,,,,,,,,,,40,,,,,,,,,,,,,,,,,,,,COMPLETE
433,433,0.87042842215256,2025-01-05 12:39:46.374842,2025-01-05 12:39:49.737252,0 days 00:00:03.362410,2,8,1.0,,,,,,,,,,,,,,,,,,,35,45.0,,,,,,,,,,,,,,,,,,,COMPLETE
434,434,0.29474216380182,2025-01-05 12:39:49.737621,2025-01-05 12:39:58.505183,0 days 00:00:08.767562,8,6,9.0,,,,,,,,,,,5.0,12.0,11.0,10.0,9.0,9.0,,,40,45.0,,,,,,,,,,,10.0,45.0,15.0,60.0,30.0,20.0,,,COMPLETE
435,435,0.8544980443285528,2025-01-05 12:39:58.505932,2025-01-05 12:40:01.941304,0 days 00:00:03.435372,2,8,1.0,,,,,,,,,,,,,,,,,,,55,45.0,,,,,,,,,,,,,,,,,,,COMPLETE
436,436,0.8548009367681498,2025-01-05 12:40:01.941757,2025-01-05 12:40:06.085070,0 days 00:00:04.143313,3,7,1.0,,,,,,,,,,,7.0,,,,,,,,40,50.0,,,,,,,,,,,20.0,,,,,,,,COMPLETE
437,437,0.8538884524744697,2025-01-05 12:40:06.085490,2025-01-05 12:40:09.426193,0 days 00:00:03.340703,2,6,1.0,,,,,,,,,,,,,,,,,,,35,50.0,,,,,,,,,,,,,,,,,,,COMPLETE
438,438,0.8521505376344086,2025-01-05 12:40:09.426567,2025-01-05 12:40:13.552411,0 days 00:00:04.125844,3,5,1.0,,,,,,,,,,,4.0,,,,,,,,60,40.0,,,,,,,,,,,40.0,,,,,,,,COMPLETE
439,439,0.8389926428975665,2025-01-05 12:40:13.552802,2025-01-05 12:40:19.409028,0 days 00:00:05.856226,1,7,,,,,,,,,,,,,,,,,,,,40,,,,,,,,,,,,,,,,,,,,COMPLETE
440,440,0.8544980443285528,2025-01-05 12:40:19.409378,2025-01-05 12:40:23.618800,0 days 00:00:04.209422,3,8,3.0,,,,,,,,,,,4.0,,,,,,,,50,30.0,,,,,,,,,,,15.0,,,,,,,,COMPLETE
441,441,0.3170731707317073,2025-01-05 12:40:23.619200,2025-01-05 12:40:32.910048,0 days 00:00:09.290848,20,7,1.0,13.0,4.0,15.0,7.0,9.0,13.0,1.0,5.0,1.0,4.0,6.0,4.0,10.0,1.0,2.0,4.0,2.0,4.0,35,20.0,10.0,45.0,50.0,55.0,15.0,30.0,45.0,40.0,35.0,5.0,20.0,35.0,25.0,55.0,45.0,30.0,40.0,45.0,COMPLETE
442,442,0.8762295081967213,2025-01-05 12:40:32.910815,2025-01-05 12:40:36.268297,0 days 00:00:03.357482,2,2,3.0,,,,,,,,,,,,,,,,,,,40,30.0,,,,,,,,,,,,,,,,,,,COMPLETE
443,443,0.45757837215990793,2025-01-05 12:40:36.268671,2025-01-05 12:40:40.316478,0 days 00:00:04.047807,3,9,8.0,,,,,,,,,,,6.0,,,,,,,,35,25.0,,,,,,,,,,,5.0,,,,,,,,COMPLETE
444,444,0.8380355276907001,2025-01-05 12:40:40.316867,2025-01-05 12:40:43.697518,0 days 00:00:03.380651,2,6,2.0,,,,,,,,,,,,,,,,,,,55,20.0,,,,,,,,,,,,,,,,,,,COMPLETE
445,445,0.8317035512094699,2025-01-05 12:40:43.697877,2025-01-05 12:40:49.930483,0 days 00:00:06.232606,1,8,,,,,,,,,,,,,,,,,,,,60,,,,,,,,,,,,,,,,,,,,COMPLETE
446,446,0.8214192196910186,2025-01-05 12:40:49.930828,2025-01-05 12:40:53.289329,0 days 00:00:03.358501,2,7,2.0,,,,,,,,,,,,,,,,,,,40,45.0,,,,,,,,,,,,,,,,,,,COMPLETE
447,447,0.49958228905597324,2025-01-05 12:40:53.289690,2025-01-05 12:40:57.522427,0 days 00:00:04.232737,3,9,14.0,,,,,,,,,,,3.0,,,,,,,,15,40.0,,,,,,,,,,,10.0,,,,,,,,COMPLETE
448,448,0.8548009367681498,2025-01-05 12:40:57.522814,2025-01-05 12:41:00.876955,0 days 00:00:03.354141,2,6,3.0,,,,,,,,,,,,,,,,,,,35,15.0,,,,,,,,,,,,,,,,,,,COMPLETE
449,449,0.418722786647315,2025-01-05 12:41:00.877418,2025-01-05 12:41:11.067291,0 days 00:00:10.189873,6,7,2.0,,,,,,,,,,,7.0,1.0,13.0,11.0,,,,,40,25.0,,,,,,,,,,,10.0,40.0,40.0,40.0,,,,,COMPLETE
450,450,0.7496807151979565,2025-01-05 12:41:11.067769,2025-01-05 12:41:16.950764,0 days 00:00:05.882995,1,8,,,,,,,,,,,,,,,,,,,,35,,,,,,,,,,,,,,,,,,,,COMPLETE
451,451,0.8293650793650793,2025-01-05 12:41:16.951132,2025-01-05 12:41:21.895851,0 days 00:00:04.944719,4,5,1.0,,,,,,,,,,,4.0,3.0,,,,,,,60,55.0,,,,,,,,,,,15.0,30.0,,,,,,,COMPLETE
452,452,0.861904761904762,2025-01-05 12:41:21.896280,2025-01-05 12:41:25.257608,0 days 00:00:03.361328,2,4,2.0,,,,,,,,,,,,,,,,,,,40,40.0,,,,,,,,,,,,,,,,,,,COMPLETE
453,453,0.8236291690220463,2025-01-05 12:41:25.257985,2025-01-05 12:41:31.192541,0 days 00:00:05.934556,1,8,,,,,,,,,,,,,,,,,,,,40,,,,,,,,,,,,,,,,,,,,COMPLETE
454,454,0.826098901098901,2025-01-05 12:41:31.192893,2025-01-05 12:41:35.372809,0 days 00:00:04.179916,3,7,2.0,,,,,,,,,,,5.0,,,,,,,,50,30.0,,,,,,,,,,,20.0,,,,,,,,COMPLETE
455,455,0.8214192196910186,2025-01-05 12:41:35.373351,2025-01-05 12:41:38.843453,0 days 00:00:03.470102,2,15,3.0,,,,,,,,,,,,,,,,,,,35,20.0,,,,,,,,,,,,,,,,,,,COMPLETE
456,456,0.9032258064516129,2025-01-05 12:41:38.843938,2025-01-05 12:41:42.213923,0 days 00:00:03.369985,2,8,1.0,,,,,,,,,,,,,,,,,,,40,5.0,,,,,,,,,,,,,,,,,,,COMPLETE
457,457,0.8692493946731235,2025-01-05 12:41:42.214310,2025-01-05 12:41:45.560024,0 days 00:00:03.345714,2,6,1.0,,,,,,,,,,,,,,,,,,,40,5.0,,,,,,,,,,,,,,,,,,,COMPLETE
458,458,0.7674291938997821,2025-01-05 12:41:45.560393,2025-01-05 12:41:49.614281,0 days 00:00:04.053888,3,9,1.0,,,,,,,,,,,7.0,,,,,,,,40,5.0,,,,,,,,,,,30.0,,,,,,,,COMPLETE
459,459,0.8870673952641166,2025-01-05 12:41:49.614668,2025-01-05 12:41:52.974864,0 days 00:00:03.360196,2,8,1.0,,,,,,,,,,,,,,,,,,,40,5.0,,,,,,,,,,,,,,,,,,,COMPLETE
460,460,0.839785447761194,2025-01-05 12:41:52.975240,2025-01-05 12:41:58.828493,0 days 00:00:05.853253,1,7,,,,,,,,,,,,,,,,,,,,40,,,,,,,,,,,,,,,,,,,,COMPLETE
461,461,0.8331479421579533,2025-01-05 12:41:58.828845,2025-01-05 12:42:02.174193,0 days 00:00:03.345348,2,6,1.0,,,,,,,,,,,,,,,,,,,40,5.0,,,,,,,,,,,,,,,,,,,COMPLETE
462,462,0.8125996810207337,2025-01-05 12:42:02.174565,2025-01-05 12:42:06.403402,0 days 00:00:04.228837,3,8,1.0,,,,,,,,,,,3.0,,,,,,,,45,5.0,,,,,,,,,,,20.0,,,,,,,,COMPLETE
463,463,0.8291777188328913,2025-01-05 12:42:06.403801,2025-01-05 12:42:09.744288,0 days 00:00:03.340487,2,7,1.0,,,,,,,,,,,,,,,,,,,40,30.0,,,,,,,,,,,,,,,,,,,COMPLETE
464,464,0.32669511616880037,2025-01-05 12:42:09.744658,2025-01-05 12:42:23.381404,0 days 00:00:13.636746,7,5,1.0,,,,,,,,,,,4.0,11.0,3.0,14.0,3.0,,,,45,5.0,,,,,,,,,,,25.0,60.0,5.0,15.0,20.0,,,,COMPLETE
465,465,0.7699353448275862,2025-01-05 12:42:23.381899,2025-01-05 12:42:27.651418,0 days 00:00:04.269519,3,9,2.0,,,,,,,,,,,8.0,,,,,,,,40,20.0,,,,,,,,,,,35.0,,,,,,,,COMPLETE
466,466,0.8445623342175066,2025-01-05 12:42:27.651817,2025-01-05 12:42:33.517935,0 days 00:00:05.866118,1,8,,,,,,,,,,,,,,,,,,,,40,,,,,,,,,,,,,,,,,,,,COMPLETE
467,467,0.24696969696969695,2025-01-05 12:42:33.518304,2025-01-05 12:42:42.336896,0 days 00:00:08.818592,13,7,3.0,6.0,11.0,2.0,,,,,,,,2.0,10.0,2.0,3.0,12.0,14.0,10.0,3.0,35,30.0,55.0,30.0,35.0,,,,,,,,15.0,20.0,10.0,30.0,5.0,5.0,5.0,55.0,COMPLETE
468,468,0.8293650793650793,2025-01-05 12:42:42.337508,2025-01-05 12:42:45.754645,0 days 00:00:03.417137,2,6,2.0,,,,,,,,,,,,,,,,,,,60,25.0,,,,,,,,,,,,,,,,,,,COMPLETE
469,469,0.8544980443285528,2025-01-05 12:42:45.755028,2025-01-05 12:42:49.132592,0 days 00:00:03.377564,2,2,1.0,,,,,,,,,,,,,,,,,,,55,40.0,,,,,,,,,,,,,,,,,,,COMPLETE
470,470,0.8100054674685621,2025-01-05 12:42:49.132960,2025-01-05 12:42:53.292730,0 days 00:00:04.159770,3,6,3.0,,,,,,,,,,,5.0,,,,,,,,40,30.0,,,,,,,,,,,5.0,,,,,,,,COMPLETE
471,471,0.5890957446808511,2025-01-05 12:42:53.293131,2025-01-05 12:42:59.293564,0 days 00:00:06.000433,1,8,,,,,,,,,,,,,,,,,,,,45,,,,,,,,,,,,,,,,,,,,COMPLETE
472,472,0.7549407114624507,2025-01-05 12:42:59.293922,2025-01-05 12:43:03.476785,0 days 00:00:04.182863,3,6,3.0,,,,,,,,,,,3.0,,,,,,,,35,5.0,,,,,,,,,,,25.0,,,,,,,,COMPLETE
473,473,0.8423645320197044,2025-01-05 12:43:03.477191,2025-01-05 12:43:06.324291,0 days 00:00:02.847100,1,3,,,,,,,,,,,,,,,,,,,,50,,,,,,,,,,,,,,,,,,,,COMPLETE
474,474,0.87042842215256,2025-01-05 12:43:06.324637,2025-01-05 12:43:09.746147,0 days 00:00:03.421510,2,9,2.0,,,,,,,,,,,,,,,,,,,45,20.0,,,,,,,,,,,,,,,,,,,COMPLETE
475,475,0.8221642764015646,2025-01-05 12:43:09.746519,2025-01-05 12:43:13.104742,0 days 00:00:03.358223,2,5,1.0,,,,,,,,,,,,,,,,,,,60,25.0,,,,,,,,,,,,,,,,,,,COMPLETE
476,476,0.8681732580037664,2025-01-05 12:43:13.105265,2025-01-05 12:43:16.483738,0 days 00:00:03.378473,2,8,2.0,,,,,,,,,,,,,,,,,,,40,40.0,,,,,,,,,,,,,,,,,,,COMPLETE
477,477,0.7704301075268818,2025-01-05 12:43:16.484116,2025-01-05 12:43:21.498050,0 days 00:00:05.013934,4,7,1.0,,,,,,,,,,,1.0,12.0,,,,,,,40,30.0,,,,,,,,,,,10.0,5.0,,,,,,,COMPLETE
478,478,0.8538884524744697,2025-01-05 12:43:21.498575,2025-01-05 12:43:24.847759,0 days 00:00:03.349184,2,6,3.0,,,,,,,,,,,,,,,,,,,45,35.0,,,,,,,,,,,,,,,,,,,COMPLETE
479,479,0.8741776315789473,2025-01-05 12:43:24.848152,2025-01-05 12:43:29.032563,0 days 00:00:04.184411,3,8,2.0,,,,,,,,,,,6.0,,,,,,,,35,45.0,,,,,,,,,,,20.0,,,,,,,,COMPLETE
480,480,0.8342780026990553,2025-01-05 12:43:29.032955,2025-01-05 12:43:32.380334,0 days 00:00:03.347379,2,7,1.0,,,,,,,,,,,,,,,,,,,40,40.0,,,,,,,,,,,,,,,,,,,COMPLETE
481,481,0.8547785547785548,2025-01-05 12:43:32.380701,2025-01-05 12:43:37.617830,0 days 00:00:05.237129,1,4,,,,,,,,,,,,,,,,,,,,35,,,,,,,,,,,,,,,,,,,,COMPLETE
482,482,0.87042842215256,2025-01-05 12:43:37.618187,2025-01-05 12:43:41.890226,0 days 00:00:04.272039,3,9,2.0,,,,,,,,,,,3.0,,,,,,,,60,15.0,,,,,,,,,,,25.0,,,,,,,,COMPLETE
483,483,0.8781068217874141,2025-01-05 12:43:41.890619,2025-01-05 12:43:45.280998,0 days 00:00:03.390379,2,6,2.0,,,,,,,,,,,,,,,,,,,55,25.0,,,,,,,,,,,,,,,,,,,COMPLETE
484,484,0.7334905660377358,2025-01-05 12:43:45.281381,2025-01-05 12:43:51.257573,0 days 00:00:05.976192,1,8,,,,,,,,,,,,,,,,,,,,45,,,,,,,,,,,,,,,,,,,,COMPLETE
485,485,0.28532460447354063,2025-01-05 12:43:51.257927,2025-01-05 12:43:55.384423,0 days 00:00:04.126496,11,7,3.0,3.0,,,,,,,,,,5.0,9.0,15.0,15.0,1.0,12.0,14.0,6.0,40,20.0,45.0,,,,,,,,,,30.0,10.0,30.0,20.0,10.0,60.0,35.0,15.0,COMPLETE
486,486,0.6028680128767925,2025-01-05 12:43:55.384981,2025-01-05 12:43:59.464916,0 days 00:00:04.079935,3,6,2.0,,,,,,,,,,,9.0,,,,,,,,35,5.0,,,,,,,,,,,15.0,,,,,,,,COMPLETE
487,487,0.8801229508196722,2025-01-05 12:43:59.465323,2025-01-05 12:44:02.846984,0 days 00:00:03.381661,2,7,1.0,,,,,,,,,,,,,,,,,,,50,30.0,,,,,,,,,,,,,,,,,,,COMPLETE
488,488,0.8708333333333333,2025-01-05 12:44:02.847378,2025-01-05 12:44:06.269682,0 days 00:00:03.422304,2,8,2.0,,,,,,,,,,,,,,,,,,,45,40.0,,,,,,,,,,,,,,,,,,,COMPLETE
489,489,0.8221642764015646,2025-01-05 12:44:06.270069,2025-01-05 12:44:09.668761,0 days 00:00:03.398692,2,8,2.0,,,,,,,,,,,,,,,,,,,40,30.0,,,,,,,,,,,,,,,,,,,COMPLETE
490,490,0.6750811395600433,2025-01-05 12:44:09.669145,2025-01-05 12:44:15.421659,0 days 00:00:05.752514,1,9,,,,,,,,,,,,,,,,,,,,35,,,,,,,,,,,,,,,,,,,,COMPLETE
491,491,0.9014008620689655,2025-01-05 12:44:15.422021,2025-01-05 12:44:19.582146,0 days 00:00:04.160125,3,6,3.0,,,,,,,,,,,4.0,,,,,,,,40,15.0,,,,,,,,,,,20.0,,,,,,,,COMPLETE
492,492,0.8841594827586207,2025-01-05 12:44:19.582540,2025-01-05 12:44:23.726741,0 days 00:00:04.144201,3,6,3.0,,,,,,,,,,,4.0,,,,,,,,40,20.0,,,,,,,,,,,20.0,,,,,,,,COMPLETE
493,493,0.8032258064516129,2025-01-05 12:44:23.727147,2025-01-05 12:44:27.879664,0 days 00:00:04.152517,3,6,3.0,,,,,,,,,,,3.0,,,,,,,,40,15.0,,,,,,,,,,,20.0,,,,,,,,COMPLETE
494,494,0.41099163679808837,2025-01-05 12:44:27.880062,2025-01-05 12:44:32.365410,0 days 00:00:04.485348,4,5,3.0,,,,,,,,,,,4.0,14.0,,,,,,,40,15.0,,,,,,,,,,,25.0,40.0,,,,,,,COMPLETE
495,495,0.5103225806451613,2025-01-05 12:44:32.365835,2025-01-05 12:44:37.243353,0 days 00:00:04.877518,4,6,1.0,,,,,,,,,,,5.0,8.0,,,,,,,40,20.0,,,,,,,,,,,15.0,25.0,,,,,,,COMPLETE
496,496,0.8618037135278515,2025-01-05 12:44:37.243768,2025-01-05 12:44:41.390007,0 days 00:00:04.146239,3,5,2.0,,,,,,,,,,,3.0,,,,,,,,20,15.0,,,,,,,,,,,20.0,,,,,,,,COMPLETE
497,497,0.3943965517241379,2025-01-05 12:44:41.390409,2025-01-05 12:44:46.567881,0 days 00:00:05.177472,5,6,3.0,,,,,,,,,,,2.0,13.0,6.0,,,,,,40,35.0,,,,,,,,,,,20.0,45.0,20.0,,,,,,COMPLETE
498,498,0.8870673952641166,2025-01-05 12:44:46.568330,2025-01-05 12:44:51.039347,0 days 00:00:04.471017,3,6,2.0,,,,,,,,,,,1.0,,,,,,,,60,20.0,,,,,,,,,,,15.0,,,,,,,,COMPLETE
499,499,0.8521505376344086,2025-01-05 12:44:51.039739,2025-01-05 12:44:55.183165,0 days 00:00:04.143426,3,6,1.0,,,,,,,,,,,2.0,,,,,,,,40,20.0,,,,,,,,,,,25.0,,,,,,,,COMPLETE
500,500,0.80625,2025-01-05 12:44:55.183708,2025-01-05 12:44:58.547957,0 days 00:00:03.364249,2,3,2.0,,,,,,,,,,,,,,,,,,,35,25.0,,,,,,,,,,,,,,,,,,,COMPLETE
501,501,0.8868318122555411,2025-01-05 12:44:58.548456,2025-01-05 12:45:02.680844,0 days 00:00:04.132388,3,5,3.0,,,,,,,,,,,4.0,,,,,,,,40,45.0,,,,,,,,,,,30.0,,,,,,,,COMPLETE
502,502,0.7930518119197365,2025-01-05 12:45:02.681346,2025-01-05 12:45:05.873658,0 days 00:00:03.192312,2,9,11.0,,,,,,,,,,,,,,,,,,,35,35.0,,,,,,,,,,,,,,,,,,,COMPLETE
503,503,0.3302058111380145,2025-01-05 12:45:05.874049,2025-01-05 12:45:10.947958,0 days 00:00:05.073909,4,8,1.0,,,,,,,,,,,6.0,10.0,,,,,,,55,20.0,,,,,,,,,,,15.0,50.0,,,,,,,COMPLETE
504,504,0.0,2025-01-05 12:45:10.948389,2025-01-05 12:45:41.705095,0 days 00:00:30.756706,19,6,2.0,1.0,7.0,12.0,12.0,13.0,9.0,12.0,11.0,15.0,,3.0,4.0,4.0,8.0,7.0,8.0,4.0,9.0,40,50.0,25.0,55.0,25.0,10.0,55.0,45.0,15.0,20.0,40.0,,20.0,10.0,60.0,25.0,50.0,25.0,50.0,35.0,COMPLETE
505,505,0.7254641909814323,2025-01-05 12:45:41.705828,2025-01-05 12:45:47.584414,0 days 00:00:05.878586,1,8,,,,,,,,,,,,,,,,,,,,35,,,,,,,,,,,,,,,,,,,,COMPLETE
506,506,0.8709677419354839,2025-01-05 12:45:47.584777,2025-01-05 12:45:51.725890,0 days 00:00:04.141113,3,3,2.0,,,,,,,,,,,4.0,,,,,,,,60,15.0,,,,,,,,,,,10.0,,,,,,,,COMPLETE
507,507,0.8221642764015646,2025-01-05 12:45:51.726301,2025-01-05 12:45:54.931416,0 days 00:00:03.205115,2,14,1.0,,,,,,,,,,,,,,,,,,,35,40.0,,,,,,,,,,,,,,,,,,,COMPLETE
508,508,0.8130618720253834,2025-01-05 12:45:54.931791,2025-01-05 12:45:58.386644,0 days 00:00:03.454853,2,8,7.0,,,,,,,,,,,,,,,,,,,10,5.0,,,,,,,,,,,,,,,,,,,COMPLETE
509,509,0.8387096774193549,2025-01-05 12:45:58.387023,2025-01-05 12:46:02.555222,0 days 00:00:04.168199,3,6,3.0,,,,,,,,,,,5.0,,,,,,,,40,30.0,,,,,,,,,,,25.0,,,,,,,,COMPLETE
510,510,0.33615288220551376,2025-01-05 12:46:02.555682,2025-01-05 12:46:07.582429,0 days 00:00:05.026747,4,9,15.0,,,,,,,,,,,1.0,5.0,,,,,,,40,35.0,,,,,,,,,,,15.0,60.0,,,,,,,COMPLETE
511,511,0.8529094827586207,2025-01-05 12:46:07.582864,2025-01-05 12:46:10.931935,0 days 00:00:03.349071,2,5,4.0,,,,,,,,,,,,,,,,,,,60,25.0,,,,,,,,,,,,,,,,,,,COMPLETE
512,512,0.8201754385964912,2025-01-05 12:46:10.932322,2025-01-05 12:46:16.750769,0 days 00:00:05.818447,1,7,,,,,,,,,,,,,,,,,,,,40,,,,,,,,,,,,,,,,,,,,COMPLETE
513,513,0.8371848739495797,2025-01-05 12:46:16.751141,2025-01-05 12:46:20.106433,0 days 00:00:03.355292,2,4,2.0,,,,,,,,,,,,,,,,,,,55,40.0,,,,,,,,,,,,,,,,,,,COMPLETE
514,514,0.8938029661016949,2025-01-05 12:46:20.106807,2025-01-05 12:46:23.668715,0 days 00:00:03.561908,2,6,1.0,,,,,,,,,,,,,,,,,,,35,30.0,,,,,,,,,,,,,,,,,,,COMPLETE
515,515,0.8423645320197044,2025-01-05 12:46:23.669104,2025-01-05 12:46:27.833251,0 days 00:00:04.164147,3,8,3.0,,,,,,,,,,,2.0,,,,,,,,40,25.0,,,,,,,,,,,30.0,,,,,,,,COMPLETE
516,516,0.8709677419354839,2025-01-05 12:46:27.833645,2025-01-05 12:46:30.964395,0 days 00:00:03.130750,2,7,2.0,,,,,,,,,,,,,,,,,,,35,15.0,,,,,,,,,,,,,,,,,,,COMPLETE
517,517,0.7804555084745763,2025-01-05 12:46:30.964772,2025-01-05 12:46:34.094972,0 days 00:00:03.130200,2,6,12.0,,,,,,,,,,,,,,,,,,,40,20.0,,,,,,,,,,,,,,,,,,,COMPLETE
518,518,0.8342780026990553,2025-01-05 12:46:34.095358,2025-01-05 12:46:40.268441,0 days 00:00:06.173083,1,8,,,,,,,,,,,,,,,,,,,,60,,,,,,,,,,,,,,,,,,,,COMPLETE
519,519,0.861228813559322,2025-01-05 12:46:40.268960,2025-01-05 12:46:44.453046,0 days 00:00:04.184086,3,9,2.0,,,,,,,,,,,5.0,,,,,,,,35,35.0,,,,,,,,,,,25.0,,,,,,,,COMPLETE
520,520,0.8688172043010753,2025-01-05 12:46:44.453563,2025-01-05 12:46:47.784955,0 days 00:00:03.331392,2,7,1.0,,,,,,,,,,,,,,,,,,,40,5.0,,,,,,,,,,,,,,,,,,,COMPLETE
521,521,0.75,2025-01-05 12:46:47.785346,2025-01-05 12:46:52.229457,0 days 00:00:04.444111,3,3,3.0,,,,,,,,,,,7.0,,,,,,,,40,40.0,,,,,,,,,,,10.0,,,,,,,,COMPLETE
522,522,0.31277728482697426,2025-01-05 12:46:52.229856,2025-01-05 12:46:55.768390,0 days 00:00:03.538534,14,6,2.0,8.0,2.0,8.0,2.0,,,,,,,3.0,7.0,12.0,12.0,15.0,10.0,13.0,14.0,55,30.0,55.0,10.0,50.0,40.0,,,,,,,20.0,35.0,40.0,10.0,25.0,50.0,30.0,30.0,COMPLETE
523,523,0.818426724137931,2025-01-05 12:46:55.769012,2025-01-05 12:47:01.631642,0 days 00:00:05.862630,1,8,,,,,,,,,,,,,,,,,,,,35,,,,,,,,,,,,,,,,,,,,COMPLETE
524,524,0.8681732580037664,2025-01-05 12:47:01.632028,2025-01-05 12:47:04.989527,0 days 00:00:03.357499,2,5,2.0,,,,,,,,,,,,,,,,,,,50,15.0,,,,,,,,,,,,,,,,,,,COMPLETE
525,525,0.8342780026990553,2025-01-05 12:47:04.989904,2025-01-05 12:47:08.379854,0 days 00:00:03.389950,2,8,1.0,,,,,,,,,,,,,,,,,,,40,35.0,,,,,,,,,,,,,,,,,,,COMPLETE
526,526,0.8847503373819163,2025-01-05 12:47:08.380234,2025-01-05 12:47:11.777115,0 days 00:00:03.396881,2,6,3.0,,,,,,,,,,,,,,,,,,,60,30.0,,,,,,,,,,,,,,,,,,,COMPLETE
527,527,0.7301587301587301,2025-01-05 12:47:11.777498,2025-01-05 12:47:17.345868,0 days 00:00:05.568370,1,9,,,,,,,,,,,,,,,,,,,,35,,,,,,,,,,,,,,,,,,,,COMPLETE
528,528,0.8544980443285528,2025-01-05 12:47:17.346234,2025-01-05 12:47:22.250844,0 days 00:00:04.904610,4,7,2.0,,,,,,,,,,,1.0,2.0,,,,,,,40,40.0,,,,,,,,,,,15.0,55.0,,,,,,,COMPLETE
529,529,0.8371848739495797,2025-01-05 12:47:22.251270,2025-01-05 12:47:26.378521,0 days 00:00:04.127251,3,4,2.0,,,,,,,,,,,2.0,,,,,,,,40,25.0,,,,,,,,,,,25.0,,,,,,,,COMPLETE
530,530,0.903125,2025-01-05 12:47:26.378918,2025-01-05 12:47:29.738485,0 days 00:00:03.359567,2,7,1.0,,,,,,,,,,,,,,,,,,,45,20.0,,,,,,,,,,,,,,,,,,,COMPLETE
531,531,0.8523002421307506,2025-01-05 12:47:29.738864,2025-01-05 12:47:33.899283,0 days 00:00:04.160419,3,7,1.0,,,,,,,,,,,4.0,,,,,,,,45,20.0,,,,,,,,,,,20.0,,,,,,,,COMPLETE
532,532,0.8604465709728868,2025-01-05 12:47:33.899673,2025-01-05 12:47:37.253444,0 days 00:00:03.353771,2,7,1.0,,,,,,,,,,,,,,,,,,,45,45.0,,,,,,,,,,,,,,,,,,,COMPLETE
533,533,0.8380355276907001,2025-01-05 12:47:37.253820,2025-01-05 12:47:40.370933,0 days 00:00:03.117113,2,7,1.0,,,,,,,,,,,,,,,,,,,45,30.0,,,,,,,,,,,,,,,,,,,COMPLETE
534,534,0.8582375478927202,2025-01-05 12:47:40.371315,2025-01-05 12:47:46.245349,0 days 00:00:05.874034,1,7,,,,,,,,,,,,,,,,,,,,45,,,,,,,,,,,,,,,,,,,,COMPLETE
535,535,0.9103174603174603,2025-01-05 12:47:46.245712,2025-01-05 12:47:50.436611,0 days 00:00:04.190899,3,8,1.0,,,,,,,,,,,5.0,,,,,,,,45,35.0,,,,,,,,,,,30.0,,,,,,,,COMPLETE
536,536,0.8544980443285528,2025-01-05 12:47:50.437010,2025-01-05 12:47:54.650421,0 days 00:00:04.213411,3,8,1.0,,,,,,,,,,,7.0,,,,,,,,45,35.0,,,,,,,,,,,35.0,,,,,,,,COMPLETE
537,537,0.8779904306220095,2025-01-05 12:47:54.650812,2025-01-05 12:47:58.057419,0 days 00:00:03.406607,2,8,1.0,,,,,,,,,,,,,,,,,,,45,35.0,,,,,,,,,,,,,,,,,,,COMPLETE
538,538,0.845603813559322,2025-01-05 12:47:58.057797,2025-01-05 12:48:01.511983,0 days 00:00:03.454186,2,8,10.0,,,,,,,,,,,,,,,,,,,45,35.0,,,,,,,,,,,,,,,,,,,COMPLETE
539,539,0.8455843469063987,2025-01-05 12:48:01.512460,2025-01-05 12:48:04.907634,0 days 00:00:03.395174,2,8,1.0,,,,,,,,,,,,,,,,,,,45,35.0,,,,,,,,,,,,,,,,,,,COMPLETE
540,540,0.8380355276907001,2025-01-05 12:48:04.908031,2025-01-05 12:48:10.886658,0 days 00:00:05.978627,1,8,,,,,,,,,,,,,,,,,,,,45,,,,,,,,,,,,,,,,,,,,COMPLETE
541,541,0.861228813559322,2025-01-05 12:48:10.887034,2025-01-05 12:48:14.295317,0 days 00:00:03.408283,2,8,4.0,,,,,,,,,,,,,,,,,,,45,40.0,,,,,,,,,,,,,,,,,,,COMPLETE
542,542,0.8771883289124669,2025-01-05 12:48:14.295847,2025-01-05 12:48:18.509211,0 days 00:00:04.213364,3,9,1.0,,,,,,,,,,,6.0,,,,,,,,45,35.0,,,,,,,,,,,35.0,,,,,,,,COMPLETE
543,543,0.8708333333333333,2025-01-05 12:48:18.509729,2025-01-05 12:48:21.919823,0 days 00:00:03.410094,2,8,3.0,,,,,,,,,,,,,,,,,,,45,5.0,,,,,,,,,,,,,,,,,,,COMPLETE
544,544,0.7431693989071038,2025-01-05 12:48:21.920212,2025-01-05 12:48:27.883415,0 days 00:00:05.963203,1,8,,,,,,,,,,,,,,,,,,,,45,,,,,,,,,,,,,,,,,,,,COMPLETE
545,545,0.87042842215256,2025-01-05 12:48:27.883790,2025-01-05 12:48:32.052093,0 days 00:00:04.168303,3,7,1.0,,,,,,,,,,,8.0,,,,,,,,45,40.0,,,,,,,,,,,40.0,,,,,,,,COMPLETE
546,546,0.861904761904762,2025-01-05 12:48:32.052496,2025-01-05 12:48:35.696430,0 days 00:00:03.643934,2,8,2.0,,,,,,,,,,,,,,,,,,,45,20.0,,,,,,,,,,,,,,,,,,,COMPLETE
547,547,0.3432385874246339,2025-01-05 12:48:35.696805,2025-01-05 12:48:42.826753,0 days 00:00:07.129948,8,9,14.0,,,,,,,,,,,5.0,15.0,8.0,9.0,14.0,6.0,,,40,15.0,,,,,,,,,,,30.0,30.0,45.0,35.0,15.0,45.0,,,COMPLETE
548,548,0.38181818181818183,2025-01-05 12:48:42.827271,2025-01-05 12:48:49.582958,0 days 00:00:06.755687,17,7,3.0,11.0,13.0,10.0,4.0,2.0,5.0,7.0,,,,6.0,6.0,10.0,5.0,6.0,13.0,1.0,2.0,45,40.0,45.0,20.0,15.0,25.0,30.0,15.0,45.0,,,,35.0,25.0,50.0,50.0,35.0,30.0,10.0,40.0,COMPLETE
549,549,0.8269546200109349,2025-01-05 12:48:49.583631,2025-01-05 12:48:53.775345,0 days 00:00:04.191714,3,8,2.0,,,,,,,,,,,5.0,,,,,,,,40,35.0,,,,,,,,,,,30.0,,,,,,,,COMPLETE
550,550,0.8380355276907001,2025-01-05 12:48:53.775755,2025-01-05 12:48:57.126533,0 days 00:00:03.350778,2,7,1.0,,,,,,,,,,,,,,,,,,,40,30.0,,,,,,,,,,,,,,,,,,,COMPLETE
551,551,0.7794612794612794,2025-01-05 12:48:57.126916,2025-01-05 12:49:03.140038,0 days 00:00:06.013122,1,9,,,,,,,,,,,,,,,,,,,,50,,,,,,,,,,,,,,,,,,,,COMPLETE
552,552,0.8385416666666667,2025-01-05 12:49:03.140483,2025-01-05 12:49:06.491475,0 days 00:00:03.350992,2,1,4.0,,,,,,,,,,,,,,,,,,,40,35.0,,,,,,,,,,,,,,,,,,,COMPLETE
553,553,0.3833333333333333,2025-01-05 12:49:06.491854,2025-01-05 12:49:11.559964,0 days 00:00:05.068110,4,2,8.0,,,,,,,,,,,7.0,3.0,,,,,,,45,25.0,,,,,,,,,,,25.0,5.0,,,,,,,COMPLETE
554,554,0.613986013986014,2025-01-05 12:49:11.560397,2025-01-05 12:49:15.553864,0 days 00:00:03.993467,3,8,3.0,,,,,,,,,,,8.0,,,,,,,,25,20.0,,,,,,,,,,,45.0,,,,,,,,COMPLETE
555,555,0.8548009367681498,2025-01-05 12:49:15.554268,2025-01-05 12:49:18.926205,0 days 00:00:03.371937,2,7,2.0,,,,,,,,,,,,,,,,,,,45,5.0,,,,,,,,,,,,,,,,,,,COMPLETE
556,556,0.849624060150376,2025-01-05 12:49:18.926584,2025-01-05 12:49:22.043240,0 days 00:00:03.116656,1,3,,,,,,,,,,,,,,,,,,,,40,,,,,,,,,,,,,,,,,,,,COMPLETE
557,557,0.845603813559322,2025-01-05 12:49:22.043594,2025-01-05 12:49:26.201904,0 days 00:00:04.158310,3,8,2.0,,,,,,,,,,,3.0,,,,,,,,40,30.0,,,,,,,,,,,30.0,,,,,,,,COMPLETE
558,558,0.8708333333333333,2025-01-05 12:49:26.202312,2025-01-05 12:49:29.608640,0 days 00:00:03.406328,2,8,1.0,,,,,,,,,,,,,,,,,,,45,40.0,,,,,,,,,,,,,,,,,,,COMPLETE
559,559,0.861228813559322,2025-01-05 12:49:29.609034,2025-01-05 12:49:32.966908,0 days 00:00:03.357874,2,7,3.0,,,,,,,,,,,,,,,,,,,40,35.0,,,,,,,,,,,,,,,,,,,COMPLETE
560,560,0.8380355276907001,2025-01-05 12:49:32.967294,2025-01-05 12:49:37.111151,0 days 00:00:04.143857,3,8,2.0,,,,,,,,,,,1.0,,,,,,,,40,20.0,,,,,,,,,,,40.0,,,,,,,,COMPLETE
561,561,0.2875494071146245,2025-01-05 12:49:37.111554,2025-01-05 12:49:45.592031,0 days 00:00:08.480477,9,7,2.0,,,,,,,,,,,9.0,12.0,14.0,6.0,11.0,15.0,8.0,,45,15.0,,,,,,,,,,,25.0,15.0,25.0,5.0,60.0,5.0,45.0,,COMPLETE
562,562,0.7432258064516128,2025-01-05 12:49:45.592573,2025-01-05 12:49:51.535285,0 days 00:00:05.942712,1,9,,,,,,,,,,,,,,,,,,,,40,,,,,,,,,,,,,,,,,,,,COMPLETE
563,563,0.8544980443285528,2025-01-05 12:49:51.535663,2025-01-05 12:49:54.912544,0 days 00:00:03.376881,2,8,1.0,,,,,,,,,,,,,,,,,,,40,25.0,,,,,,,,,,,,,,,,,,,COMPLETE
564,564,0.6493470408446791,2025-01-05 12:49:54.913092,2025-01-05 12:49:58.945354,0 days 00:00:04.032262,3,10,6.0,,,,,,,,,,,5.0,,,,,,,,50,30.0,,,,,,,,,,,35.0,,,,,,,,COMPLETE
565,565,0.8544980443285528,2025-01-05 12:49:58.945877,2025-01-05 12:50:02.516446,0 days 00:00:03.570569,2,7,1.0,,,,,,,,,,,,,,,,,,,45,5.0,,,,,,,,,,,,,,,,,,,COMPLETE
566,566,0.8604465709728868,2025-01-05 12:50:02.516931,2025-01-05 12:50:06.018882,0 days 00:00:03.501951,2,9,3.0,,,,,,,,,,,,,,,,,,,60,35.0,,,,,,,,,,,,,,,,,,,COMPLETE
567,567,0.9032258064516129,2025-01-05 12:50:06.019294,2025-01-05 12:50:10.989526,0 days 00:00:04.970232,4,8,2.0,,,,,,,,,,,2.0,1.0,,,,,,,40,10.0,,,,,,,,,,,45.0,55.0,,,,,,,COMPLETE
568,568,0.8385416666666667,2025-01-05 12:50:10.989951,2025-01-05 12:50:15.593925,0 days 00:00:04.603974,4,8,2.0,,,,,,,,,,,2.0,1.0,,,,,,,40,10.0,,,,,,,,,,,55.0,55.0,,,,,,,COMPLETE
569,569,0.802801724137931,2025-01-05 12:50:15.594354,2025-01-05 12:50:20.588315,0 days 00:00:04.993961,4,8,2.0,,,,,,,,,,,2.0,2.0,,,,,,,40,10.0,,,,,,,,,,,45.0,60.0,,,,,,,COMPLETE
570,570,0.8777777777777778,2025-01-05 12:50:20.588737,2025-01-05 12:50:24.451603,0 days 00:00:03.862866,3,8,2.0,,,,,,,,,,,1.0,,,,,,,,40,10.0,,,,,,,,,,,55.0,,,,,,,,COMPLETE
571,571,0.8617133791644632,2025-01-05 12:50:24.452000,2025-01-05 12:50:29.141949,0 days 00:00:04.689949,4,8,1.0,,,,,,,,,,,3.0,5.0,,,,,,,40,10.0,,,,,,,,,,,50.0,45.0,,,,,,,COMPLETE
572,572,0.8692493946731235,2025-01-05 12:50:29.142380,2025-01-05 12:50:33.343271,0 days 00:00:04.200891,3,9,1.0,,,,,,,,,,,4.0,,,,,,,,40,10.0,,,,,,,,,,,45.0,,,,,,,,COMPLETE
573,573,0.8194780737153619,2025-01-05 12:50:33.343678,2025-01-05 12:50:37.986475,0 days 00:00:04.642797,4,8,2.0,,,,,,,,,,,2.0,3.0,,,,,,,40,10.0,,,,,,,,,,,60.0,50.0,,,,,,,COMPLETE
574,574,0.87042842215256,2025-01-05 12:50:37.986916,2025-01-05 12:50:42.171923,0 days 00:00:04.185007,3,8,2.0,,,,,,,,,,,3.0,,,,,,,,40,15.0,,,,,,,,,,,40.0,,,,,,,,COMPLETE
575,575,0.4450830140485313,2025-01-05 12:50:42.172338,2025-01-05 12:50:48.084371,0 days 00:00:05.912033,5,9,2.0,,,,,,,,,,,4.0,4.0,9.0,,,,,,40,40.0,,,,,,,,,,,50.0,55.0,55.0,,,,,,COMPLETE
576,576,0.7151515151515151,2025-01-05 12:50:48.084821,2025-01-05 12:50:53.976243,0 days 00:00:05.891422,1,7,,,,,,,,,,,,,,,,,,,,40,,,,,,,,,,,,,,,,,,,,COMPLETE
577,577,0.8777777777777778,2025-01-05 12:50:53.976616,2025-01-05 12:50:58.188361,0 days 00:00:04.211745,3,7,2.0,,,,,,,,,,,1.0,,,,,,,,60,5.0,,,,,,,,,,,60.0,,,,,,,,COMPLETE
578,578,0.9193338537600833,2025-01-05 12:50:58.188766,2025-01-05 12:51:02.340742,0 days 00:00:04.151976,3,8,1.0,,,,,,,,,,,2.0,,,,,,,,35,10.0,,,,,,,,,,,40.0,,,,,,,,COMPLETE
579,579,0.5958279009126467,2025-01-05 12:51:02.341162,2025-01-05 12:51:08.755053,0 days 00:00:06.413891,6,8,1.0,,,,,,,,,,,2.0,1.0,1.0,13.0,,,,,35,10.0,,,,,,,,,,,45.0,60.0,35.0,45.0,,,,,COMPLETE
580,580,0.8286546610169492,2025-01-05 12:51:08.755530,2025-01-05 12:51:12.888794,0 days 00:00:04.133264,3,8,1.0,,,,,,,,,,,2.0,,,,,,,,35,10.0,,,,,,,,,,,45.0,,,,,,,,COMPLETE
581,581,0.8544980443285528,2025-01-05 12:51:12.889205,2025-01-05 12:51:17.015710,0 days 00:00:04.126505,3,7,1.0,,,,,,,,,,,1.0,,,,,,,,35,10.0,,,,,,,,,,,40.0,,,,,,,,COMPLETE
582,582,0.7931693989071038,2025-01-05 12:51:17.016121,2025-01-05 12:51:21.844212,0 days 00:00:04.828091,4,9,1.0,,,,,,,,,,,3.0,6.0,,,,,,,35,10.0,,,,,,,,,,,50.0,50.0,,,,,,,COMPLETE
583,583,0.8452380952380952,2025-01-05 12:51:21.844636,2025-01-05 12:51:26.350316,0 days 00:00:04.505680,4,8,1.0,,,,,,,,,,,2.0,7.0,,,,,,,5,10.0,,,,,,,,,,,40.0,35.0,,,,,,,COMPLETE
584,584,0.8544980443285528,2025-01-05 12:51:26.350737,2025-01-05 12:51:30.440409,0 days 00:00:04.089672,3,7,1.0,,,,,,,,,,,1.0,,,,,,,,35,15.0,,,,,,,,,,,45.0,,,,,,,,COMPLETE
585,585,0.8709677419354839,2025-01-05 12:51:30.440813,2025-01-05 12:51:34.616062,0 days 00:00:04.175249,3,9,1.0,,,,,,,,,,,2.0,,,,,,,,35,10.0,,,,,,,,,,,40.0,,,,,,,,COMPLETE
586,586,0.861228813559322,2025-01-05 12:51:34.616467,2025-01-05 12:51:38.785169,0 days 00:00:04.168702,3,8,1.0,,,,,,,,,,,4.0,,,,,,,,35,10.0,,,,,,,,,,,50.0,,,,,,,,COMPLETE
587,587,0.8130296610169492,2025-01-05 12:51:38.785564,2025-01-05 12:51:42.982818,0 days 00:00:04.197254,3,8,1.0,,,,,,,,,,,3.0,,,,,,,,35,5.0,,,,,,,,,,,40.0,,,,,,,,COMPLETE
588,588,0.8544980443285528,2025-01-05 12:51:42.983397,2025-01-05 12:51:47.077300,0 days 00:00:04.093903,3,7,1.0,,,,,,,,,,,1.0,,,,,,,,30,15.0,,,,,,,,,,,45.0,,,,,,,,COMPLETE
589,589,0.4107142857142857,2025-01-05 12:51:47.077810,2025-01-05 12:51:53.039947,0 days 00:00:05.962137,5,8,2.0,,,,,,,,,,,3.0,4.0,13.0,,,,,,40,20.0,,,,,,,,,,,45.0,45.0,15.0,,,,,,COMPLETE
590,590,0.861904761904762,2025-01-05 12:51:53.040418,2025-01-05 12:51:56.402610,0 days 00:00:03.362192,2,7,1.0,,,,,,,,,,,,,,,,,,,35,10.0,,,,,,,,,,,,,,,,,,,COMPLETE
591,591,0.6462303231151616,2025-01-05 12:51:56.402983,2025-01-05 12:52:01.252010,0 days 00:00:04.849027,4,8,2.0,,,,,,,,,,,2.0,9.0,,,,,,,40,10.0,,,,,,,,,,,35.0,40.0,,,,,,,COMPLETE
592,592,0.8618037135278515,2025-01-05 12:52:01.252528,2025-01-05 12:52:04.881127,0 days 00:00:03.628599,2,9,1.0,,,,,,,,,,,,,,,,,,,40,5.0,,,,,,,,,,,,,,,,,,,COMPLETE
593,593,0.8857758620689655,2025-01-05 12:52:04.881516,2025-01-05 12:52:08.238163,0 days 00:00:03.356647,2,7,2.0,,,,,,,,,,,,,,,,,,,35,15.0,,,,,,,,,,,,,,,,,,,COMPLETE
594,594,0.845603813559322,2025-01-05 12:52:08.238540,2025-01-05 12:52:11.605154,0 days 00:00:03.366614,2,10,1.0,,,,,,,,,,,,,,,,,,,30,10.0,,,,,,,,,,,,,,,,,,,COMPLETE
595,595,0.8544980443285528,2025-01-05 12:52:11.605535,2025-01-05 12:52:14.999912,0 days 00:00:03.394377,2,8,2.0,,,,,,,,,,,,,,,,,,,40,20.0,,,,,,,,,,,,,,,,,,,COMPLETE
596,596,0.7930563149261891,2025-01-05 12:52:15.000297,2025-01-05 12:52:19.174630,0 days 00:00:04.174333,3,7,2.0,,,,,,,,,,,4.0,,,,,,,,35,5.0,,,,,,,,,,,45.0,,,,,,,,COMPLETE
597,597,0.8026932084309133,2025-01-05 12:52:19.175043,2025-01-05 12:52:25.066317,0 days 00:00:05.891274,1,8,,,,,,,,,,,,,,,,,,,,40,,,,,,,,,,,,,,,,,,,,COMPLETE
598,598,0.8126984126984127,2025-01-05 12:52:25.066684,2025-01-05 12:52:28.450374,0 days 00:00:03.383690,2,9,2.0,,,,,,,,,,,,,,,,,,,35,10.0,,,,,,,,,,,,,,,,,,,COMPLETE
599,599,0.8452950558213717,2025-01-05 12:52:28.450746,2025-01-05 12:52:32.638412,0 days 00:00:04.187666,3,8,3.0,,,,,,,,,,,3.0,,,,,,,,40,20.0,,,,,,,,,,,40.0,,,,,,,,COMPLETE
600,600,0.7702156334231807,2025-01-05 12:52:32.638808,2025-01-05 12:52:38.499153,0 days 00:00:05.860345,1,7,,,,,,,,,,,,,,,,,,,,40,,,,,,,,,,,,,,,,,,,,COMPLETE
601,601,0.8265027322404372,2025-01-05 12:52:38.499512,2025-01-05 12:52:43.396765,0 days 00:00:04.897253,4,8,1.0,,,,,,,,,,,1.0,5.0,,,,,,,35,15.0,,,,,,,,,,,35.0,55.0,,,,,,,COMPLETE
602,602,0.8688172043010753,2025-01-05 12:52:43.397196,2025-01-05 12:52:46.760638,0 days 00:00:03.363442,2,1,9.0,,,,,,,,,,,,,,,,,,,25,35.0,,,,,,,,,,,,,,,,,,,COMPLETE
603,603,0.8385416666666667,2025-01-05 12:52:46.761012,2025-01-05 12:52:50.911564,0 days 00:00:04.150552,3,6,3.0,,,,,,,,,,,3.0,,,,,,,,30,25.0,,,,,,,,,,,20.0,,,,,,,,COMPLETE
604,604,0.8380355276907001,2025-01-05 12:52:50.911966,2025-01-05 12:52:54.535415,0 days 00:00:03.623449,2,9,1.0,,,,,,,,,,,,,,,,,,,40,10.0,,,,,,,,,,,,,,,,,,,COMPLETE
605,605,0.8777777777777778,2025-01-05 12:52:54.535791,2025-01-05 12:52:57.907976,0 days 00:00:03.372185,2,7,2.0,,,,,,,,,,,,,,,,,,,35,5.0,,,,,,,,,,,,,,,,,,,COMPLETE
606,606,0.8544980443285528,2025-01-05 12:52:57.908360,2025-01-05 12:53:02.047108,0 days 00:00:04.138748,3,7,1.0,,,,,,,,,,,2.0,,,,,,,,30,25.0,,,,,,,,,,,50.0,,,,,,,,COMPLETE
607,607,0.8310220852593735,2025-01-05 12:53:02.047609,2025-01-05 12:53:07.958325,0 days 00:00:05.910716,1,8,,,,,,,,,,,,,,,,,,,,40,,,,,,,,,,,,,,,,,,,,COMPLETE
608,608,0.87042842215256,2025-01-05 12:53:07.958705,2025-01-05 12:53:11.361638,0 days 00:00:03.402933,2,9,2.0,,,,,,,,,,,,,,,,,,,40,10.0,,,,,,,,,,,,,,,,,,,COMPLETE
609,609,0.8708333333333333,2025-01-05 12:53:11.362022,2025-01-05 12:53:15.255754,0 days 00:00:03.893732,3,8,2.0,,,,,,,,,,,5.0,,,,,,,,20,35.0,,,,,,,,,,,40.0,,,,,,,,COMPLETE
610,610,0.8944444444444444,2025-01-05 12:53:15.256167,2025-01-05 12:53:18.620553,0 days 00:00:03.364386,2,7,1.0,,,,,,,,,,,,,,,,,,,35,20.0,,,,,,,,,,,,,,,,,,,COMPLETE
611,611,0.8870673952641166,2025-01-05 12:53:18.621122,2025-01-05 12:53:22.841161,0 days 00:00:04.220039,3,8,3.0,,,,,,,,,,,4.0,,,,,,,,50,20.0,,,,,,,,,,,25.0,,,,,,,,COMPLETE
612,612,0.8107675906183369,2025-01-05 12:53:22.841682,2025-01-05 12:53:28.729897,0 days 00:00:05.888215,1,6,,,,,,,,,,,,,,,,,,,,40,,,,,,,,,,,,,,,,,,,,COMPLETE
613,613,0.8518218623481781,2025-01-05 12:53:28.730283,2025-01-05 12:53:32.105396,0 days 00:00:03.375113,2,7,7.0,,,,,,,,,,,,,,,,,,,35,35.0,,,,,,,,,,,,,,,,,,,COMPLETE
614,614,0.8512931034482758,2025-01-05 12:53:32.105778,2025-01-05 12:53:35.717772,0 days 00:00:03.611994,2,8,2.0,,,,,,,,,,,,,,,,,,,40,10.0,,,,,,,,,,,,,,,,,,,COMPLETE
615,615,0.49120879120879124,2025-01-05 12:53:35.718165,2025-01-05 12:53:40.518703,0 days 00:00:04.800538,4,6,13.0,,,,,,,,,,,3.0,2.0,,,,,,,45,15.0,,,,,,,,,,,35.0,50.0,,,,,,,COMPLETE
616,616,0.8604465709728868,2025-01-05 12:53:40.519138,2025-01-05 12:53:44.422604,0 days 00:00:03.903466,3,8,1.0,,,,,,,,,,,2.0,,,,,,,,40,5.0,,,,,,,,,,,45.0,,,,,,,,COMPLETE
617,617,0.87042842215256,2025-01-05 12:53:44.423000,2025-01-05 12:53:47.835243,0 days 00:00:03.412243,2,9,2.0,,,,,,,,,,,,,,,,,,,40,35.0,,,,,,,,,,,,,,,,,,,COMPLETE
618,618,0.8781068217874141,2025-01-05 12:53:47.835622,2025-01-05 12:53:51.202568,0 days 00:00:03.366946,2,7,4.0,,,,,,,,,,,,,,,,,,,45,10.0,,,,,,,,,,,,,,,,,,,COMPLETE
619,619,0.7928571428571429,2025-01-05 12:53:51.202953,2025-01-05 12:53:57.071776,0 days 00:00:05.868823,1,6,,,,,,,,,,,,,,,,,,,,30,,,,,,,,,,,,,,,,,,,,COMPLETE
620,620,0.861228813559322,2025-01-05 12:53:57.072156,2025-01-05 12:54:01.235010,0 days 00:00:04.162854,3,9,3.0,,,,,,,,,,,1.0,,,,,,,,35,10.0,,,,,,,,,,,20.0,,,,,,,,COMPLETE
621,621,0.8944444444444444,2025-01-05 12:54:01.235525,2025-01-05 12:54:04.585197,0 days 00:00:03.349672,2,5,1.0,,,,,,,,,,,,,,,,,,,40,20.0,,,,,,,,,,,,,,,,,,,COMPLETE
622,622,0.861904761904762,2025-01-05 12:54:04.585593,2025-01-05 12:54:08.748083,0 days 00:00:04.162490,3,8,2.0,,,,,,,,,,,4.0,,,,,,,,35,25.0,,,,,,,,,,,40.0,,,,,,,,COMPLETE
623,623,0.8640552995391705,2025-01-05 12:54:08.748486,2025-01-05 12:54:12.110381,0 days 00:00:03.361895,2,6,2.0,,,,,,,,,,,,,,,,,,,45,15.0,,,,,,,,,,,,,,,,,,,COMPLETE
624,624,0.8709677419354839,2025-01-05 12:54:12.110763,2025-01-05 12:54:16.265128,0 days 00:00:04.154365,3,7,2.0,,,,,,,,,,,3.0,,,,,,,,50,35.0,,,,,,,,,,,30.0,,,,,,,,COMPLETE
625,625,0.2003955174686882,2025-01-05 12:54:16.265534,2025-01-05 12:54:23.051507,0 days 00:00:06.785973,15,8,1.0,4.0,5.0,6.0,7.0,7.0,,,,,,2.0,8.0,7.0,4.0,9.0,11.0,7.0,15.0,40,20.0,20.0,50.0,30.0,40.0,10.0,,,,,,50.0,45.0,10.0,55.0,55.0,15.0,20.0,10.0,COMPLETE
626,626,0.8548009367681498,2025-01-05 12:54:23.052171,2025-01-05 12:54:26.419615,0 days 00:00:03.367444,2,7,3.0,,,,,,,,,,,,,,,,,,,40,35.0,,,,,,,,,,,,,,,,,,,COMPLETE
627,627,0.7607142857142857,2025-01-05 12:54:26.420008,2025-01-05 12:54:32.313232,0 days 00:00:05.893224,1,10,,,,,,,,,,,,,,,,,,,,30,,,,,,,,,,,,,,,,,,,,COMPLETE
628,628,0.8194780737153619,2025-01-05 12:54:32.313598,2025-01-05 12:54:36.335561,0 days 00:00:04.021963,3,8,1.0,,,,,,,,,,,6.0,,,,,,,,45,5.0,,,,,,,,,,,55.0,,,,,,,,COMPLETE
629,629,0.8193548387096774,2025-01-05 12:54:36.335965,2025-01-05 12:54:39.473410,0 days 00:00:03.137445,2,6,4.0,,,,,,,,,,,,,,,,,,,35,25.0,,,,,,,,,,,,,,,,,,,COMPLETE
630,630,0.8360655737704918,2025-01-05 12:54:39.473788,2025-01-05 12:54:44.438288,0 days 00:00:04.964500,4,8,2.0,,,,,,,,,,,5.0,1.0,,,,,,,40,30.0,,,,,,,,,,,20.0,60.0,,,,,,,COMPLETE
631,631,0.81889338731444,2025-01-05 12:54:44.438717,2025-01-05 12:54:47.848369,0 days 00:00:03.409652,2,9,5.0,,,,,,,,,,,,,,,,,,,40,60.0,,,,,,,,,,,,,,,,,,,COMPLETE
632,632,0.799636803874092,2025-01-05 12:54:47.848753,2025-01-05 12:54:53.740591,0 days 00:00:05.891838,1,7,,,,,,,,,,,,,,,,,,,,45,,,,,,,,,,,,,,,,,,,,COMPLETE
633,633,0.29521276595744683,2025-01-05 12:54:53.740956,2025-01-05 12:55:07.460498,0 days 00:00:13.719542,7,5,2.0,,,,,,,,,,,1.0,11.0,4.0,7.0,8.0,,,,35,10.0,,,,,,,,,,,15.0,35.0,5.0,30.0,50.0,,,,COMPLETE
634,634,0.05714285714285714,2025-01-05 12:55:07.461297,2025-01-05 12:55:26.138252,0 days 00:00:18.676955,11,6,3.0,14.0,,,,,,,,,,3.0,2.0,3.0,2.0,3.0,4.0,5.0,11.0,40,15.0,10.0,,,,,,,,,,25.0,30.0,20.0,15.0,15.0,60.0,60.0,60.0,COMPLETE
635,635,0.8777777777777778,2025-01-05 12:55:26.138892,2025-01-05 12:55:30.306614,0 days 00:00:04.167722,3,8,1.0,,,,,,,,,,,4.0,,,,,,,,35,20.0,,,,,,,,,,,20.0,,,,,,,,COMPLETE
636,636,0.8582375478927202,2025-01-05 12:55:30.307042,2025-01-05 12:55:36.190491,0 days 00:00:05.883449,1,7,,,,,,,,,,,,,,,,,,,,45,,,,,,,,,,,,,,,,,,,,COMPLETE
637,637,0.8435501066098081,2025-01-05 12:55:36.190865,2025-01-05 12:55:39.540024,0 days 00:00:03.349159,2,7,2.0,,,,,,,,,,,,,,,,,,,30,30.0,,,,,,,,,,,,,,,,,,,COMPLETE
638,638,0.25810810810810814,2025-01-05 12:55:39.540414,2025-01-05 12:55:49.151258,0 days 00:00:09.610844,10,8,1.0,,,,,,,,,,,6.0,6.0,11.0,8.0,5.0,1.0,12.0,13.0,35,5.0,,,,,,,,,,,30.0,40.0,30.0,60.0,20.0,40.0,15.0,20.0,COMPLETE
639,639,0.8380355276907001,2025-01-05 12:55:49.151830,2025-01-05 12:55:52.582467,0 days 00:00:03.430637,2,9,3.0,,,,,,,,,,,,,,,,,,,50,35.0,,,,,,,,,,,,,,,,,,,COMPLETE
640,640,0.8708333333333333,2025-01-05 12:55:52.582856,2025-01-05 12:55:55.944769,0 days 00:00:03.361913,2,6,2.0,,,,,,,,,,,,,,,,,,,40,10.0,,,,,,,,,,,,,,,,,,,COMPLETE
641,641,0.0,2025-01-05 12:55:55.945161,2025-01-05 12:56:25.493442,0 days 00:00:29.548281,18,14,1.0,4.0,5.0,13.0,13.0,4.0,12.0,15.0,12.0,,,2.0,4.0,2.0,3.0,13.0,5.0,9.0,7.0,40,10.0,35.0,40.0,40.0,20.0,40.0,35.0,20.0,45.0,,,15.0,50.0,50.0,20.0,40.0,55.0,25.0,5.0,COMPLETE
642,642,0.7704301075268818,2025-01-05 12:56:25.494267,2025-01-05 12:56:29.736775,0 days 00:00:04.242508,3,8,3.0,,,,,,,,,,,5.0,,,,,,,,45,15.0,,,,,,,,,,,25.0,,,,,,,,COMPLETE
643,643,0.8709677419354839,2025-01-05 12:56:29.737216,2025-01-05 12:56:33.889088,0 days 00:00:04.151872,3,8,2.0,,,,,,,,,,,2.0,,,,,,,,35,25.0,,,,,,,,,,,15.0,,,,,,,,COMPLETE
644,644,0.8455843469063987,2025-01-05 12:56:33.889503,2025-01-05 12:56:37.015184,0 days 00:00:03.125681,2,7,1.0,,,,,,,,,,,,,,,,,,,40,30.0,,,,,,,,,,,,,,,,,,,COMPLETE
645,645,0.8002283105022832,2025-01-05 12:56:37.015572,2025-01-05 12:56:42.925650,0 days 00:00:05.910078,1,8,,,,,,,,,,,,,,,,,,,,40,,,,,,,,,,,,,,,,,,,,COMPLETE
646,646,0.87042842215256,2025-01-05 12:56:42.926033,2025-01-05 12:56:47.887120,0 days 00:00:04.961087,4,9,2.0,,,,,,,,,,,1.0,3.0,,,,,,,40,40.0,,,,,,,,,,,35.0,55.0,,,,,,,COMPLETE
647,647,0.8445623342175066,2025-01-05 12:56:47.887549,2025-01-05 12:56:51.239195,0 days 00:00:03.351646,2,7,1.0,,,,,,,,,,,,,,,,,,,30,10.0,,,,,,,,,,,,,,,,,,,COMPLETE
648,648,0.5775767543859649,2025-01-05 12:56:51.239584,2025-01-05 12:56:55.252378,0 days 00:00:04.012794,3,6,6.0,,,,,,,,,,,4.0,,,,,,,,35,5.0,,,,,,,,,,,25.0,,,,,,,,COMPLETE
649,649,0.8385416666666667,2025-01-05 12:56:55.252790,2025-01-05 12:56:58.670456,0 days 00:00:03.417666,2,8,2.0,,,,,,,,,,,,,,,,,,,45,35.0,,,,,,,,,,,,,,,,,,,COMPLETE
650,650,0.6222410865874364,2025-01-05 12:56:58.671035,2025-01-05 12:57:03.403204,0 days 00:00:04.732169,4,7,2.0,,,,,,,,,,,3.0,7.0,,,,,,,45,40.0,,,,,,,,,,,45.0,40.0,,,,,,,COMPLETE
651,651,0.751349527665317,2025-01-05 12:57:03.403849,2025-01-05 12:57:09.277805,0 days 00:00:05.873956,1,5,,,,,,,,,,,,,,,,,,,,35,,,,,,,,,,,,,,,,,,,,COMPLETE
652,652,0.9191655801825294,2025-01-05 12:57:09.278213,2025-01-05 12:57:12.668987,0 days 00:00:03.390774,2,8,3.0,,,,,,,,,,,,,,,,,,,40,35.0,,,,,,,,,,,,,,,,,,,COMPLETE
653,653,0.8385416666666667,2025-01-05 12:57:12.669391,2025-01-05 12:57:16.065611,0 days 00:00:03.396220,2,8,4.0,,,,,,,,,,,,,,,,,,,40,35.0,,,,,,,,,,,,,,,,,,,COMPLETE
654,654,0.8544980443285528,2025-01-05 12:57:16.065999,2025-01-05 12:57:20.239989,0 days 00:00:04.173990,3,9,4.0,,,,,,,,,,,2.0,,,,,,,,25,35.0,,,,,,,,,,,40.0,,,,,,,,COMPLETE
655,655,0.9179445789615281,2025-01-05 12:57:20.240407,2025-01-05 12:57:23.397696,0 days 00:00:03.157289,2,8,3.0,,,,,,,,,,,,,,,,,,,40,35.0,,,,,,,,,,,,,,,,,,,COMPLETE
656,656,0.761128526645768,2025-01-05 12:57:23.398086,2025-01-05 12:57:29.310104,0 days 00:00:05.912018,1,8,,,,,,,,,,,,,,,,,,,,40,,,,,,,,,,,,,,,,,,,,COMPLETE
657,657,0.8800719054956343,2025-01-05 12:57:29.310472,2025-01-05 12:57:32.728464,0 days 00:00:03.417992,2,8,3.0,,,,,,,,,,,,,,,,,,,50,35.0,,,,,,,,,,,,,,,,,,,COMPLETE
658,658,0.8125874125874126,2025-01-05 12:57:32.728847,2025-01-05 12:57:38.605617,0 days 00:00:05.876770,1,8,,,,,,,,,,,,,,,,,,,,35,,,,,,,,,,,,,,,,,,,,COMPLETE
659,659,0.8482142857142857,2025-01-05 12:57:38.605989,2025-01-05 12:57:42.004007,0 days 00:00:03.398018,2,8,3.0,,,,,,,,,,,,,,,,,,,40,35.0,,,,,,,,,,,,,,,,,,,COMPLETE
660,660,0.8544980443285528,2025-01-05 12:57:42.004403,2025-01-05 12:57:45.405375,0 days 00:00:03.400972,2,8,3.0,,,,,,,,,,,,,,,,,,,45,35.0,,,,,,,,,,,,,,,,,,,COMPLETE
661,661,0.9263771186440678,2025-01-05 12:57:45.405759,2025-01-05 12:57:48.773481,0 days 00:00:03.367722,2,9,3.0,,,,,,,,,,,,,,,,,,,30,35.0,,,,,,,,,,,,,,,,,,,COMPLETE
662,662,0.7720588235294117,2025-01-05 12:57:48.773868,2025-01-05 12:57:54.559925,0 days 00:00:05.786057,1,9,,,,,,,,,,,,,,,,,,,,30,,,,,,,,,,,,,,,,,,,,COMPLETE
663,663,0.8781779661016949,2025-01-05 12:57:54.560305,2025-01-05 12:57:57.975456,0 days 00:00:03.415151,2,9,9.0,,,,,,,,,,,,,,,,,,,30,35.0,,,,,,,,,,,,,,,,,,,COMPLETE
664,664,0.8038384845463609,2025-01-05 12:57:57.975844,2025-01-05 12:58:03.681351,0 days 00:00:05.705507,1,9,,,,,,,,,,,,,,,,,,,,30,,,,,,,,,,,,,,,,,,,,COMPLETE
665,665,0.8781779661016949,2025-01-05 12:58:03.681822,2025-01-05 12:58:06.851043,0 days 00:00:03.169221,2,10,3.0,,,,,,,,,,,,,,,,,,,30,35.0,,,,,,,,,,,,,,,,,,,COMPLETE
666,666,0.903125,2025-01-05 12:58:06.851443,2025-01-05 12:58:10.221536,0 days 00:00:03.370093,2,9,3.0,,,,,,,,,,,,,,,,,,,30,35.0,,,,,,,,,,,,,,,,,,,COMPLETE
667,667,0.826098901098901,2025-01-05 12:58:10.221929,2025-01-05 12:58:13.594359,0 days 00:00:03.372430,2,9,4.0,,,,,,,,,,,,,,,,,,,30,35.0,,,,,,,,,,,,,,,,,,,COMPLETE
668,668,0.8771883289124669,2025-01-05 12:58:13.594748,2025-01-05 12:58:16.944354,0 days 00:00:03.349606,2,9,3.0,,,,,,,,,,,,,,,,,,,30,35.0,,,,,,,,,,,,,,,,,,,COMPLETE
669,669,0.7826876513317191,2025-01-05 12:58:16.944733,2025-01-05 12:58:22.842335,0 days 00:00:05.897602,1,8,,,,,,,,,,,,,,,,,,,,30,,,,,,,,,,,,,,,,,,,,COMPLETE
670,670,0.8544980443285528,2025-01-05 12:58:22.842708,2025-01-05 12:58:26.207556,0 days 00:00:03.364848,2,8,3.0,,,,,,,,,,,,,,,,,,,30,35.0,,,,,,,,,,,,,,,,,,,COMPLETE
671,671,0.861904761904762,2025-01-05 12:58:26.207937,2025-01-05 12:58:29.570794,0 days 00:00:03.362857,2,8,3.0,,,,,,,,,,,,,,,,,,,25,35.0,,,,,,,,,,,,,,,,,,,COMPLETE
672,672,0.8455843469063987,2025-01-05 12:58:29.571368,2025-01-05 12:58:32.939109,0 days 00:00:03.367741,2,9,3.0,,,,,,,,,,,,,,,,,,,30,35.0,,,,,,,,,,,,,,,,,,,COMPLETE
673,673,0.7364480383348307,2025-01-05 12:58:32.939615,2025-01-05 12:58:38.558558,0 days 00:00:05.618943,1,9,,,,,,,,,,,,,,,,,,,,30,,,,,,,,,,,,,,,,,,,,COMPLETE
674,674,0.8119363395225465,2025-01-05 12:58:38.558939,2025-01-05 12:58:41.702932,0 days 00:00:03.143993,2,8,4.0,,,,,,,,,,,,,,,,,,,30,35.0,,,,,,,,,,,,,,,,,,,COMPLETE
675,675,0.8944444444444444,2025-01-05 12:58:41.703328,2025-01-05 12:58:45.073795,0 days 00:00:03.370467,2,8,3.0,,,,,,,,,,,,,,,,,,,30,35.0,,,,,,,,,,,,,,,,,,,COMPLETE
676,676,0.2331002331002331,2025-01-05 12:58:45.074190,2025-01-05 12:58:59.371028,0 days 00:00:14.296838,12,8,3.0,2.0,9.0,,,,,,,,,1.0,9.0,5.0,10.0,10.0,2.0,6.0,1.0,30,35.0,30.0,55.0,,,,,,,,,35.0,25.0,20.0,25.0,5.0,10.0,5.0,50.0,COMPLETE
677,677,0.802801724137931,2025-01-05 12:58:59.371640,2025-01-05 12:59:03.527756,0 days 00:00:04.156116,3,9,3.0,,,,,,,,,,,1.0,,,,,,,,25,35.0,,,,,,,,,,,35.0,,,,,,,,COMPLETE
678,678,0.802801724137931,2025-01-05 12:59:03.528280,2025-01-05 12:59:07.753698,0 days 00:00:04.225418,3,10,1.0,,,,,,,,,,,11.0,,,,,,,,30,35.0,,,,,,,,,,,30.0,,,,,,,,COMPLETE
679,679,0.8117647058823529,2025-01-05 12:59:07.754131,2025-01-05 12:59:13.628205,0 days 00:00:05.874074,1,8,,,,,,,,,,,,,,,,,,,,30,,,,,,,,,,,,,,,,,,,,COMPLETE
680,680,0.8771883289124669,2025-01-05 12:59:13.628585,2025-01-05 12:59:17.008951,0 days 00:00:03.380366,2,8,4.0,,,,,,,,,,,,,,,,,,,30,35.0,,,,,,,,,,,,,,,,,,,COMPLETE
681,681,0.7731638418079096,2025-01-05 12:59:17.009353,2025-01-05 12:59:20.182089,0 days 00:00:03.172736,2,8,12.0,,,,,,,,,,,,,,,,,,,30,35.0,,,,,,,,,,,,,,,,,,,COMPLETE
682,682,0.8286546610169492,2025-01-05 12:59:20.182482,2025-01-05 12:59:24.324962,0 days 00:00:04.142480,3,8,3.0,,,,,,,,,,,1.0,,,,,,,,30,35.0,,,,,,,,,,,50.0,,,,,,,,COMPLETE
683,683,0.7666214382632293,2025-01-05 12:59:24.325382,2025-01-05 12:59:30.156720,0 days 00:00:05.831338,1,9,,,,,,,,,,,,,,,,,,,,25,,,,,,,,,,,,,,,,,,,,COMPLETE
684,684,0.9028213166144201,2025-01-05 12:59:30.157110,2025-01-05 12:59:34.336359,0 days 00:00:04.179249,3,9,1.0,,,,,,,,,,,6.0,,,,,,,,35,40.0,,,,,,,,,,,40.0,,,,,,,,COMPLETE
685,685,0.8771883289124669,2025-01-05 12:59:34.336772,2025-01-05 12:59:37.694730,0 days 00:00:03.357958,2,9,1.0,,,,,,,,,,,,,,,,,,,35,40.0,,,,,,,,,,,,,,,,,,,COMPLETE
686,686,0.87042842215256,2025-01-05 12:59:37.695123,2025-01-05 12:59:41.092051,0 days 00:00:03.396928,2,10,1.0,,,,,,,,,,,,,,,,,,,35,40.0,,,,,,,,,,,,,,,,,,,COMPLETE
687,687,0.43079922027290446,2025-01-05 12:59:41.092445,2025-01-05 12:59:47.936975,0 days 00:00:06.844530,5,9,1.0,,,,,,,,,,,7.0,13.0,7.0,,,,,,35,40.0,,,,,,,,,,,40.0,45.0,40.0,,,,,,COMPLETE
688,688,0.9001349527665317,2025-01-05 12:59:47.937447,2025-01-05 12:59:52.113394,0 days 00:00:04.175947,3,9,1.0,,,,,,,,,,,8.0,,,,,,,,35,40.0,,,,,,,,,,,40.0,,,,,,,,COMPLETE
689,689,0.8544980443285528,2025-01-05 12:59:52.113801,2025-01-05 12:59:56.291286,0 days 00:00:04.177485,3,10,1.0,,,,,,,,,,,6.0,,,,,,,,35,40.0,,,,,,,,,,,45.0,,,,,,,,COMPLETE
690,690,0.8868318122555411,2025-01-05 12:59:56.291698,2025-01-05 12:59:59.655899,0 days 00:00:03.364201,2,9,1.0,,,,,,,,,,,,,,,,,,,35,40.0,,,,,,,,,,,,,,,,,,,COMPLETE
691,691,0.7103825136612021,2025-01-05 12:59:59.656289,2025-01-05 13:00:05.419829,0 days 00:00:05.763540,1,9,,,,,,,,,,,,,,,,,,,,35,,,,,,,,,,,,,,,,,,,,COMPLETE
692,692,0.8960573476702509,2025-01-05 13:00:05.420333,2025-01-05 13:00:08.769008,0 days 00:00:03.348675,2,9,1.0,,,,,,,,,,,,,,,,,,,30,35.0,,,,,,,,,,,,,,,,,,,COMPLETE
693,693,0.5389150943396226,2025-01-05 13:00:08.769596,2025-01-05 13:00:12.872770,0 days 00:00:04.103174,3,9,10.0,,,,,,,,,,,6.0,,,,,,,,35,40.0,,,,,,,,,,,50.0,,,,,,,,COMPLETE
694,694,0.8380355276907001,2025-01-05 13:00:12.873315,2025-01-05 13:00:16.258797,0 days 00:00:03.385482,2,10,1.0,,,,,,,,,,,,,,,,,,,35,35.0,,,,,,,,,,,,,,,,,,,COMPLETE
695,695,0.7585956416464892,2025-01-05 13:00:16.259194,2025-01-05 13:00:21.936993,0 days 00:00:05.677799,1,9,,,,,,,,,,,,,,,,,,,,30,,,,,,,,,,,,,,,,,,,,COMPLETE
696,696,0.8781068217874141,2025-01-05 13:00:21.937392,2025-01-05 13:00:26.094794,0 days 00:00:04.157402,3,9,1.0,,,,,,,,,,,7.0,,,,,,,,35,40.0,,,,,,,,,,,40.0,,,,,,,,COMPLETE
697,697,0.8771883289124669,2025-01-05 13:00:26.095216,2025-01-05 13:00:29.457388,0 days 00:00:03.362172,2,8,1.0,,,,,,,,,,,,,,,,,,,35,35.0,,,,,,,,,,,,,,,,,,,COMPLETE
698,698,0.8026932084309133,2025-01-05 13:00:29.457778,2025-01-05 13:00:35.329903,0 days 00:00:05.872125,1,8,,,,,,,,,,,,,,,,,,,,30,,,,,,,,,,,,,,,,,,,,COMPLETE
699,699,0.8221642764015646,2025-01-05 13:00:35.330281,2025-01-05 13:00:38.721955,0 days 00:00:03.391674,2,8,3.0,,,,,,,,,,,,,,,,,,,35,35.0,,,,,,,,,,,,,,,,,,,COMPLETE
700,700,0.8868318122555411,2025-01-05 13:00:38.722349,2025-01-05 13:00:42.897458,0 days 00:00:04.175109,3,9,1.0,,,,,,,,,,,5.0,,,,,,,,35,35.0,,,,,,,,,,,45.0,,,,,,,,COMPLETE
701,701,0.3997338065661047,2025-01-05 13:00:42.897871,2025-01-05 13:00:57.694831,0 days 00:00:14.796960,8,8,1.0,,,,,,,,,,,10.0,2.0,15.0,1.0,1.0,12.0,,,30,40.0,,,,,,,,,,,35.0,20.0,35.0,40.0,25.0,20.0,,,COMPLETE
702,702,0.8596059113300492,2025-01-05 13:00:57.695389,2025-01-05 13:01:01.074452,0 days 00:00:03.379063,2,8,3.0,,,,,,,,,,,,,,,,,,,35,35.0,,,,,,,,,,,,,,,,,,,COMPLETE
703,703,0.8548009367681498,2025-01-05 13:01:01.074961,2025-01-05 13:01:04.431135,0 days 00:00:03.356174,2,8,1.0,,,,,,,,,,,,,,,,,,,30,35.0,,,,,,,,,,,,,,,,,,,COMPLETE
704,704,0.861228813559322,2025-01-05 13:01:04.431538,2025-01-05 13:01:08.614342,0 days 00:00:04.182804,3,9,3.0,,,,,,,,,,,2.0,,,,,,,,25,40.0,,,,,,,,,,,40.0,,,,,,,,COMPLETE
705,705,0.8708333333333333,2025-01-05 13:01:08.614760,2025-01-05 13:01:12.004123,0 days 00:00:03.389363,2,9,1.0,,,,,,,,,,,,,,,,,,,35,35.0,,,,,,,,,,,,,,,,,,,COMPLETE
706,706,0.7826876513317191,2025-01-05 13:01:12.004516,2025-01-05 13:01:17.897204,0 days 00:00:05.892688,1,8,,,,,,,,,,,,,,,,,,,,35,,,,,,,,,,,,,,,,,,,,COMPLETE
707,707,0.9098143236074271,2025-01-05 13:01:17.897596,2025-01-05 13:01:21.279737,0 days 00:00:03.382141,2,8,4.0,,,,,,,,,,,,,,,,,,,30,40.0,,,,,,,,,,,,,,,,,,,COMPLETE
708,708,0.6266968325791855,2025-01-05 13:01:21.280132,2025-01-05 13:01:25.244953,0 days 00:00:03.964821,3,8,4.0,,,,,,,,,,,6.0,,,,,,,,35,40.0,,,,,,,,,,,55.0,,,,,,,,COMPLETE
709,709,0.8385416666666667,2025-01-05 13:01:25.245370,2025-01-05 13:01:28.385819,0 days 00:00:03.140449,2,8,5.0,,,,,,,,,,,,,,,,,,,30,40.0,,,,,,,,,,,,,,,,,,,COMPLETE
710,710,0.8548009367681498,2025-01-05 13:01:28.386211,2025-01-05 13:01:31.777777,0 days 00:00:03.391566,2,8,4.0,,,,,,,,,,,,,,,,,,,35,40.0,,,,,,,,,,,,,,,,,,,COMPLETE
711,711,0.767188999040614,2025-01-05 13:01:31.778169,2025-01-05 13:01:37.615120,0 days 00:00:05.836951,1,8,,,,,,,,,,,,,,,,,,,,30,,,,,,,,,,,,,,,,,,,,COMPLETE
712,712,0.6033342914630642,2025-01-05 13:01:37.615497,2025-01-05 13:01:41.566728,0 days 00:00:03.951231,3,8,8.0,,,,,,,,,,,3.0,,,,,,,,35,40.0,,,,,,,,,,,45.0,,,,,,,,COMPLETE
713,713,0.861904761904762,2025-01-05 13:01:41.567150,2025-01-05 13:01:44.984554,0 days 00:00:03.417404,2,9,3.0,,,,,,,,,,,,,,,,,,,40,40.0,,,,,,,,,,,,,,,,,,,COMPLETE
714,714,0.4819776714513556,2025-01-05 13:01:44.985127,2025-01-05 13:01:50.870227,0 days 00:00:05.885100,4,9,4.0,,,,,,,,,,,15.0,10.0,,,,,,,30,40.0,,,,,,,,,,,35.0,60.0,,,,,,,COMPLETE
715,715,0.8708333333333333,2025-01-05 13:01:50.870781,2025-01-05 13:01:55.025437,0 days 00:00:04.154656,3,8,3.0,,,,,,,,,,,1.0,,,,,,,,40,40.0,,,,,,,,,,,40.0,,,,,,,,COMPLETE
716,716,0.903125,2025-01-05 13:01:55.025859,2025-01-05 13:01:58.412024,0 days 00:00:03.386165,2,8,3.0,,,,,,,,,,,,,,,,,,,35,40.0,,,,,,,,,,,,,,,,,,,COMPLETE
717,717,0.8356681034482758,2025-01-05 13:01:58.412408,2025-01-05 13:02:04.321392,0 days 00:00:05.908984,1,8,,,,,,,,,,,,,,,,,,,,40,,,,,,,,,,,,,,,,,,,,COMPLETE
718,718,0.6561996779388084,2025-01-05 13:02:04.321887,2025-01-05 13:02:10.194318,0 days 00:00:05.872431,1,8,,,,,,,,,,,,,,,,,,,,35,,,,,,,,,,,,,,,,,,,,COMPLETE
719,719,0.8671679197994987,2025-01-05 13:02:10.194711,2025-01-05 13:02:13.583674,0 days 00:00:03.388963,2,8,3.0,,,,,,,,,,,,,,,,,,,40,35.0,,,,,,,,,,,,,,,,,,,COMPLETE
720,720,0.8709677419354839,2025-01-05 13:02:13.584079,2025-01-05 13:02:16.998746,0 days 00:00:03.414667,2,8,3.0,,,,,,,,,,,,,,,,,,,50,40.0,,,,,,,,,,,,,,,,,,,COMPLETE
721,721,0.8868318122555411,2025-01-05 13:02:16.999143,2025-01-05 13:02:20.366654,0 days 00:00:03.367511,2,8,3.0,,,,,,,,,,,,,,,,,,,30,35.0,,,,,,,,,,,,,,,,,,,COMPLETE
722,722,0.7552083333333333,2025-01-05 13:02:20.367054,2025-01-05 13:02:26.276533,0 days 00:00:05.909479,1,8,,,,,,,,,,,,,,,,,,,,40,,,,,,,,,,,,,,,,,,,,COMPLETE
723,723,0.8360215053763441,2025-01-05 13:02:26.276910,2025-01-05 13:02:29.672126,0 days 00:00:03.395216,2,8,4.0,,,,,,,,,,,,,,,,,,,35,35.0,,,,,,,,,,,,,,,,,,,COMPLETE
724,724,0.8548009367681498,2025-01-05 13:02:29.672518,2025-01-05 13:02:33.060744,0 days 00:00:03.388226,2,8,3.0,,,,,,,,,,,,,,,,,,,40,40.0,,,,,,,,,,,,,,,,,,,COMPLETE
725,725,0.7896517412935323,2025-01-05 13:02:33.061137,2025-01-05 13:02:38.938094,0 days 00:00:05.876957,1,8,,,,,,,,,,,,,,,,,,,,30,,,,,,,,,,,,,,,,,,,,COMPLETE
726,726,0.3368686868686869,2025-01-05 13:02:38.938470,2025-01-05 13:02:51.418364,0 days 00:00:12.479894,6,8,3.0,,,,,,,,,,,12.0,3.0,8.0,11.0,,,,,35,35.0,,,,,,,,,,,30.0,55.0,60.0,10.0,,,,,COMPLETE
727,727,0.8193548387096774,2025-01-05 13:02:51.418864,2025-01-05 13:02:54.814322,0 days 00:00:03.395458,2,8,4.0,,,,,,,,,,,,,,,,,,,40,40.0,,,,,,,,,,,,,,,,,,,COMPLETE
728,728,0.305982905982906,2025-01-05 13:02:54.814728,2025-01-05 13:03:04.509809,0 days 00:00:09.695081,16,7,3.0,14.0,2.0,3.0,9.0,9.0,8.0,,,,,2.0,14.0,11.0,15.0,12.0,14.0,3.0,9.0,35,45.0,15.0,45.0,10.0,50.0,25.0,60.0,,,,,55.0,35.0,15.0,50.0,10.0,35.0,35.0,35.0,COMPLETE
729,729,0.8097647356438149,2025-01-05 13:03:04.510615,2025-01-05 13:03:10.396089,0 days 00:00:05.885474,1,8,,,,,,,,,,,,,,,,,,,,30,,,,,,,,,,,,,,,,,,,,COMPLETE
730,730,0.903125,2025-01-05 13:03:10.396490,2025-01-05 13:03:13.776764,0 days 00:00:03.380274,2,7,3.0,,,,,,,,,,,,,,,,,,,25,35.0,,,,,,,,,,,,,,,,,,,COMPLETE
731,731,0.8291777188328913,2025-01-05 13:03:13.777171,2025-01-05 13:03:17.138166,0 days 00:00:03.360995,2,7,3.0,,,,,,,,,,,,,,,,,,,25,35.0,,,,,,,,,,,,,,,,,,,COMPLETE
732,732,0.845603813559322,2025-01-05 13:03:17.138561,2025-01-05 13:03:20.507226,0 days 00:00:03.368665,2,7,3.0,,,,,,,,,,,,,,,,,,,25,35.0,,,,,,,,,,,,,,,,,,,COMPLETE
733,733,0.8777777777777778,2025-01-05 13:03:20.507627,2025-01-05 13:03:23.867093,0 days 00:00:03.359466,2,7,3.0,,,,,,,,,,,,,,,,,,,25,35.0,,,,,,,,,,,,,,,,,,,COMPLETE
734,734,0.8145424836601307,2025-01-05 13:03:23.867669,2025-01-05 13:03:29.734126,0 days 00:00:05.866457,1,7,,,,,,,,,,,,,,,,,,,,20,,,,,,,,,,,,,,,,,,,,COMPLETE
735,735,0.849624060150376,2025-01-05 13:03:29.734627,2025-01-05 13:03:33.177949,0 days 00:00:03.443322,2,7,13.0,,,,,,,,,,,,,,,,,,,25,35.0,,,,,,,,,,,,,,,,,,,COMPLETE
736,736,0.8385416666666667,2025-01-05 13:03:33.178362,2025-01-05 13:03:36.360648,0 days 00:00:03.182286,2,7,4.0,,,,,,,,,,,,,,,,,,,20,35.0,,,,,,,,,,,,,,,,,,,COMPLETE
737,737,0.05714285714285714,2025-01-05 13:03:36.361051,2025-01-05 13:03:50.051539,0 days 00:00:13.690488,7,7,3.0,,,,,,,,,,,1.0,7.0,13.0,13.0,4.0,,,,20,35.0,,,,,,,,,,,50.0,25.0,5.0,55.0,45.0,,,,COMPLETE
738,738,0.26805385556915545,2025-01-05 13:03:50.052070,2025-01-05 13:04:00.454641,0 days 00:00:10.402571,17,7,4.0,9.0,6.0,8.0,3.0,13.0,3.0,6.0,,,,2.0,5.0,9.0,6.0,7.0,6.0,2.0,6.0,25,35.0,25.0,20.0,55.0,35.0,50.0,10.0,40.0,,,,30.0,30.0,45.0,15.0,30.0,50.0,40.0,60.0,COMPLETE
739,739,0.861904761904762,2025-01-05 13:04:00.455503,2025-01-05 13:04:03.843132,0 days 00:00:03.387629,2,7,3.0,,,,,,,,,,,,,,,,,,,25,35.0,,,,,,,,,,,,,,,,,,,COMPLETE
740,740,0.8597262952101662,2025-01-05 13:04:03.843548,2025-01-05 13:04:09.697643,0 days 00:00:05.854095,1,7,,,,,,,,,,,,,,,,,,,,25,,,,,,,,,,,,,,,,,,,,COMPLETE
741,741,0.8801229508196722,2025-01-05 13:04:09.698042,2025-01-05 13:04:13.094605,0 days 00:00:03.396563,2,8,3.0,,,,,,,,,,,,,,,,,,,40,5.0,,,,,,,,,,,,,,,,,,,COMPLETE
742,742,0.8708333333333333,2025-01-05 13:04:13.094999,2025-01-05 13:04:16.500054,0 days 00:00:03.405055,2,8,7.0,,,,,,,,,,,,,,,,,,,25,35.0,,,,,,,,,,,,,,,,,,,COMPLETE
743,743,0.44781445138269405,2025-01-05 13:04:16.500456,2025-01-05 13:04:21.024075,0 days 00:00:04.523619,3,7,3.0,,,,,,,,,,,13.0,,,,,,,,20,35.0,,,,,,,,,,,60.0,,,,,,,,COMPLETE
744,744,0.7059649122807017,2025-01-05 13:04:21.024496,2025-01-05 13:04:26.960501,0 days 00:00:05.936005,1,8,,,,,,,,,,,,,,,,,,,,40,,,,,,,,,,,,,,,,,,,,COMPLETE
745,745,0.87042842215256,2025-01-05 13:04:26.960882,2025-01-05 13:04:30.332944,0 days 00:00:03.372062,2,7,3.0,,,,,,,,,,,,,,,,,,,40,35.0,,,,,,,,,,,,,,,,,,,COMPLETE
746,746,0.5406162464985994,2025-01-05 13:04:30.333355,2025-01-05 13:04:34.462324,0 days 00:00:04.128969,3,8,3.0,,,,,,,,,,,9.0,,,,,,,,40,5.0,,,,,,,,,,,55.0,,,,,,,,COMPLETE
747,747,0.8708333333333333,2025-01-05 13:04:34.462738,2025-01-05 13:04:37.860188,0 days 00:00:03.397450,2,7,3.0,,,,,,,,,,,,,,,,,,,55,35.0,,,,,,,,,,,,,,,,,,,COMPLETE
748,748,0.8265027322404372,2025-01-05 13:04:37.860580,2025-01-05 13:04:42.009505,0 days 00:00:04.148925,3,8,4.0,,,,,,,,,,,1.0,,,,,,,,20,35.0,,,,,,,,,,,30.0,,,,,,,,COMPLETE
749,749,0.8526881720430108,2025-01-05 13:04:42.009922,2025-01-05 13:04:47.911484,0 days 00:00:05.901562,1,7,,,,,,,,,,,,,,,,,,,,45,,,,,,,,,,,,,,,,,,,,COMPLETE
750,750,0.9028213166144201,2025-01-05 13:04:47.911871,2025-01-05 13:04:51.299505,0 days 00:00:03.387634,2,8,3.0,,,,,,,,,,,,,,,,,,,40,35.0,,,,,,,,,,,,,,,,,,,COMPLETE
751,751,0.8709677419354839,2025-01-05 13:04:51.299898,2025-01-05 13:04:54.965251,0 days 00:00:03.665353,2,8,3.0,,,,,,,,,,,,,,,,,,,50,5.0,,,,,,,,,,,,,,,,,,,COMPLETE
752,752,0.8548009367681498,2025-01-05 13:04:54.965651,2025-01-05 13:04:58.352555,0 days 00:00:03.386904,2,8,4.0,,,,,,,,,,,,,,,,,,,40,35.0,,,,,,,,,,,,,,,,,,,COMPLETE
753,753,0.831511839708561,2025-01-05 13:04:58.352949,2025-01-05 13:05:04.199205,0 days 00:00:05.846256,1,7,,,,,,,,,,,,,,,,,,,,40,,,,,,,,,,,,,,,,,,,,COMPLETE
754,754,0.8868318122555411,2025-01-05 13:05:04.199889,2025-01-05 13:05:08.125687,0 days 00:00:03.925798,3,9,3.0,,,,,,,,,,,3.0,,,,,,,,45,35.0,,,,,,,,,,,35.0,,,,,,,,COMPLETE
755,755,0.8942358540454786,2025-01-05 13:05:08.126243,2025-01-05 13:05:11.530005,0 days 00:00:03.403762,2,8,4.0,,,,,,,,,,,,,,,,,,,40,5.0,,,,,,,,,,,,,,,,,,,COMPLETE
756,756,0.8056426332288402,2025-01-05 13:05:11.530437,2025-01-05 13:05:15.967428,0 days 00:00:04.436991,3,10,2.0,,,,,,,,,,,2.0,,,,,,,,15,35.0,,,,,,,,,,,5.0,,,,,,,,COMPLETE
757,757,0.8380355276907001,2025-01-05 13:05:15.967849,2025-01-05 13:05:19.322964,0 days 00:00:03.355115,2,8,3.0,,,,,,,,,,,,,,,,,,,30,35.0,,,,,,,,,,,,,,,,,,,COMPLETE
758,758,0.631578947368421,2025-01-05 13:05:19.323381,2025-01-05 13:05:23.572416,0 days 00:00:04.249035,3,7,8.0,,,,,,,,,,,3.0,,,,,,,,40,35.0,,,,,,,,,,,45.0,,,,,,,,COMPLETE
759,759,0.8320512820512821,2025-01-05 13:05:23.572840,2025-01-05 13:05:29.586215,0 days 00:00:06.013375,1,8,,,,,,,,,,,,,,,,,,,,45,,,,,,,,,,,,,,,,,,,,COMPLETE
760,760,0.8518218623481781,2025-01-05 13:05:29.586603,2025-01-05 13:05:33.774754,0 days 00:00:04.188151,3,9,2.0,,,,,,,,,,,1.0,,,,,,,,40,40.0,,,,,,,,,,,35.0,,,,,,,,COMPLETE
761,761,0.801948051948052,2025-01-05 13:05:33.775178,2025-01-05 13:05:37.185310,0 days 00:00:03.410132,2,7,11.0,,,,,,,,,,,,,,,,,,,40,35.0,,,,,,,,,,,,,,,,,,,COMPLETE
762,762,0.7617163724893488,2025-01-05 13:05:37.185711,2025-01-05 13:05:43.063012,0 days 00:00:05.877301,1,8,,,,,,,,,,,,,,,,,,,,30,,,,,,,,,,,,,,,,,,,,COMPLETE
763,763,0.8868318122555411,2025-01-05 13:05:43.063402,2025-01-05 13:05:46.503446,0 days 00:00:03.440044,2,9,6.0,,,,,,,,,,,,,,,,,,,50,35.0,,,,,,,,,,,,,,,,,,,COMPLETE
764,764,0.8538884524744697,2025-01-05 13:05:46.503835,2025-01-05 13:05:50.142643,0 days 00:00:03.638808,2,15,3.0,,,,,,,,,,,,,,,,,,,45,40.0,,,,,,,,,,,,,,,,,,,COMPLETE
765,765,0.8708333333333333,2025-01-05 13:05:50.143047,2025-01-05 13:05:53.761387,0 days 00:00:03.618340,2,8,2.0,,,,,,,,,,,,,,,,,,,35,5.0,,,,,,,,,,,,,,,,,,,COMPLETE
766,766,0.9032258064516129,2025-01-05 13:05:53.761784,2025-01-05 13:05:57.945590,0 days 00:00:04.183806,3,7,2.0,,,,,,,,,,,4.0,,,,,,,,55,35.0,,,,,,,,,,,30.0,,,,,,,,COMPLETE
767,767,0.80625,2025-01-05 13:05:57.946006,2025-01-05 13:06:02.911449,0 days 00:00:04.965443,4,7,3.0,,,,,,,,,,,4.0,1.0,,,,,,,45,35.0,,,,,,,,,,,30.0,15.0,,,,,,,COMPLETE
768,768,0.5076923076923077,2025-01-05 13:06:02.911918,2025-01-05 13:06:07.290189,0 days 00:00:04.378271,4,7,3.0,,,,,,,,,,,3.0,6.0,,,,,,,15,35.0,,,,,,,,,,,35.0,45.0,,,,,,,COMPLETE
769,769,0.531328320802005,2025-01-05 13:06:07.290636,2025-01-05 13:06:12.149831,0 days 00:00:04.859195,4,7,2.0,,,,,,,,,,,4.0,8.0,,,,,,,40,35.0,,,,,,,,,,,30.0,60.0,,,,,,,COMPLETE
770,770,0.8617133791644632,2025-01-05 13:06:12.150282,2025-01-05 13:06:16.310713,0 days 00:00:04.160431,3,7,2.0,,,,,,,,,,,3.0,,,,,,,,30,35.0,,,,,,,,,,,30.0,,,,,,,,COMPLETE
771,771,0.21616161616161617,2025-01-05 13:06:16.311145,2025-01-05 13:06:23.811329,0 days 00:00:07.500184,13,7,2.0,15.0,4.0,5.0,,,,,,,,3.0,3.0,14.0,7.0,8.0,8.0,14.0,13.0,40,35.0,5.0,10.0,55.0,,,,,,,,25.0,40.0,55.0,45.0,55.0,15.0,45.0,20.0,COMPLETE
772,772,0.8353510895883778,2025-01-05 13:06:23.811966,2025-01-05 13:06:28.006500,0 days 00:00:04.194534,3,8,3.0,,,,,,,,,,,4.0,,,,,,,,40,35.0,,,,,,,,,,,35.0,,,,,,,,COMPLETE
773,773,0.8708333333333333,2025-01-05 13:06:28.006928,2025-01-05 13:06:32.194768,0 days 00:00:04.187840,3,7,2.0,,,,,,,,,,,2.0,,,,,,,,55,35.0,,,,,,,,,,,40.0,,,,,,,,COMPLETE
774,774,0.6509758897818599,2025-01-05 13:06:32.195202,2025-01-05 13:06:36.184454,0 days 00:00:03.989252,3,8,5.0,,,,,,,,,,,5.0,,,,,,,,25,40.0,,,,,,,,,,,30.0,,,,,,,,COMPLETE
775,775,0.8938029661016949,2025-01-05 13:06:36.184870,2025-01-05 13:06:40.343394,0 days 00:00:04.158524,3,8,3.0,,,,,,,,,,,2.0,,,,,,,,35,35.0,,,,,,,,,,,25.0,,,,,,,,COMPLETE
776,776,0.774671052631579,2025-01-05 13:06:40.343809,2025-01-05 13:06:44.515609,0 days 00:00:04.171800,3,7,5.0,,,,,,,,,,,3.0,,,,,,,,35,35.0,,,,,,,,,,,30.0,,,,,,,,COMPLETE
777,777,0.4376432078559738,2025-01-05 13:06:44.516223,2025-01-05 13:06:51.096078,0 days 00:00:06.579855,5,9,2.0,,,,,,,,,,,1.0,11.0,12.0,,,,,,30,40.0,,,,,,,,,,,35.0,50.0,30.0,,,,,,COMPLETE
778,778,0.5671812464265295,2025-01-05 13:06:51.096665,2025-01-05 13:06:55.904120,0 days 00:00:04.807455,4,7,4.0,,,,,,,,,,,2.0,5.0,,,,,,,40,10.0,,,,,,,,,,,50.0,55.0,,,,,,,COMPLETE
779,779,0.7699353448275862,2025-01-05 13:06:55.904576,2025-01-05 13:07:00.459053,0 days 00:00:04.554477,3,8,3.0,,,,,,,,,,,4.0,,,,,,,,45,5.0,,,,,,,,,,,35.0,,,,,,,,COMPLETE
780,780,0.3308913308913309,2025-01-05 13:07:00.459520,2025-01-05 13:07:07.073538,0 days 00:00:06.614018,10,8,3.0,,,,,,,,,,,2.0,10.0,5.0,9.0,15.0,3.0,10.0,11.0,40,35.0,,,,,,,,,,,45.0,20.0,10.0,25.0,60.0,25.0,55.0,45.0,COMPLETE
781,781,0.8349567099567099,2025-01-05 13:07:07.074122,2025-01-05 13:07:11.270727,0 days 00:00:04.196605,3,9,2.0,,,,,,,,,,,4.0,,,,,,,,35,40.0,,,,,,,,,,,25.0,,,,,,,,COMPLETE
782,782,0.8107675906183369,2025-01-05 13:07:11.271165,2025-01-05 13:07:14.404428,0 days 00:00:03.133263,2,1,10.0,,,,,,,,,,,,,,,,,,,50,35.0,,,,,,,,,,,,,,,,,,,COMPLETE
783,783,0.8614072494669509,2025-01-05 13:07:14.404825,2025-01-05 13:07:18.668892,0 days 00:00:04.264067,3,13,2.0,,,,,,,,,,,1.0,,,,,,,,40,35.0,,,,,,,,,,,40.0,,,,,,,,COMPLETE
784,784,0.8938029661016949,2025-01-05 13:07:18.669317,2025-01-05 13:07:22.048542,0 days 00:00:03.379225,2,7,2.0,,,,,,,,,,,,,,,,,,,35,45.0,,,,,,,,,,,,,,,,,,,COMPLETE
785,785,0.7943661971830986,2025-01-05 13:07:22.048951,2025-01-05 13:07:27.936561,0 days 00:00:05.887610,1,8,,,,,,,,,,,,,,,,,,,,25,,,,,,,,,,,,,,,,,,,,COMPLETE
786,786,0.6050847457627119,2025-01-05 13:07:27.936950,2025-01-05 13:07:32.228599,0 days 00:00:04.291649,3,8,3.0,,,,,,,,,,,5.0,,,,,,,,45,5.0,,,,,,,,,,,30.0,,,,,,,,COMPLETE
787,787,0.87042842215256,2025-01-05 13:07:32.229055,2025-01-05 13:07:35.630289,0 days 00:00:03.401234,2,10,4.0,,,,,,,,,,,,,,,,,,,30,10.0,,,,,,,,,,,,,,,,,,,COMPLETE
788,788,0.5994134897360703,2025-01-05 13:07:35.630692,2025-01-05 13:07:40.086220,0 days 00:00:04.455528,4,7,2.0,,,,,,,,,,,3.0,8.0,,,,,,,40,40.0,,,,,,,,,,,35.0,30.0,,,,,,,COMPLETE
789,789,0.8851224105461393,2025-01-05 13:07:40.086662,2025-01-05 13:07:43.477001,0 days 00:00:03.390339,2,9,3.0,,,,,,,,,,,,,,,,,,,35,35.0,,,,,,,,,,,,,,,,,,,COMPLETE
790,790,0.22174447174447176,2025-01-05 13:07:43.477401,2025-01-05 13:07:56.685958,0 days 00:00:13.208557,19,8,2.0,10.0,12.0,1.0,15.0,6.0,15.0,12.0,6.0,5.0,,2.0,1.0,6.0,4.0,11.0,7.0,1.0,5.0,30,30.0,60.0,30.0,45.0,10.0,20.0,25.0,55.0,20.0,5.0,,40.0,50.0,25.0,5.0,50.0,5.0,30.0,25.0,COMPLETE
791,791,0.2197674418604651,2025-01-05 13:07:56.686751,2025-01-05 13:08:13.401063,0 days 00:00:16.714312,9,7,2.0,,,,,,,,,,,4.0,12.0,10.0,8.0,9.0,11.0,7.0,,55,10.0,,,,,,,,,,,25.0,40.0,60.0,35.0,35.0,30.0,50.0,,COMPLETE
792,792,0.4913793103448276,2025-01-05 13:08:13.401659,2025-01-05 13:08:19.283239,0 days 00:00:05.881580,5,8,3.0,,,,,,,,,,,3.0,4.0,1.0,,,,,,40,35.0,,,,,,,,,,,45.0,10.0,40.0,,,,,,COMPLETE
793,793,0.8640552995391705,2025-01-05 13:08:19.283722,2025-01-05 13:08:23.413777,0 days 00:00:04.130055,3,8,3.0,,,,,,,,,,,1.0,,,,,,,,30,40.0,,,,,,,,,,,35.0,,,,,,,,COMPLETE
794,794,0.6628383921246923,2025-01-05 13:08:23.414219,2025-01-05 13:08:29.418516,0 days 00:00:06.004297,1,8,,,,,,,,,,,,,,,,,,,,45,,,,,,,,,,,,,,,,,,,,COMPLETE
795,795,0.8779904306220095,2025-01-05 13:08:29.418907,2025-01-05 13:08:33.084151,0 days 00:00:03.665244,2,9,2.0,,,,,,,,,,,,,,,,,,,40,35.0,,,,,,,,,,,,,,,,,,,COMPLETE
796,796,0.8868318122555411,2025-01-05 13:08:33.084746,2025-01-05 13:08:36.444696,0 days 00:00:03.359950,2,8,3.0,,,,,,,,,,,,,,,,,,,35,10.0,,,,,,,,,,,,,,,,,,,COMPLETE
797,797,0.7854406130268199,2025-01-05 13:08:36.445219,2025-01-05 13:08:42.373893,0 days 00:00:05.928674,1,7,,,,,,,,,,,,,,,,,,,,50,,,,,,,,,,,,,,,,,,,,COMPLETE
798,798,0.8708333333333333,2025-01-05 13:08:42.374302,2025-01-05 13:08:46.517606,0 days 00:00:04.143304,3,7,3.0,,,,,,,,,,,1.0,,,,,,,,40,35.0,,,,,,,,,,,50.0,,,,,,,,COMPLETE
799,799,0.8293650793650793,2025-01-05 13:08:46.518041,2025-01-05 13:08:49.975720,0 days 00:00:03.457679,2,9,11.0,,,,,,,,,,,,,,,,,,,45,5.0,,,,,,,,,,,,,,,,,,,COMPLETE
800,800,0.8402432283029297,2025-01-05 13:08:49.976132,2025-01-05 13:08:53.346231,0 days 00:00:03.370099,2,8,4.0,,,,,,,,,,,,,,,,,,,35,40.0,,,,,,,,,,,,,,,,,,,COMPLETE
801,801,0.6157894736842104,2025-01-05 13:08:53.346627,2025-01-05 13:08:57.583088,0 days 00:00:04.236461,3,9,2.0,,,,,,,,,,,14.0,,,,,,,,10,30.0,,,,,,,,,,,10.0,,,,,,,,COMPLETE
802,802,0.8356681034482758,2025-01-05 13:08:57.583515,2025-01-05 13:09:00.954721,0 days 00:00:03.371206,2,7,2.0,,,,,,,,,,,,,,,,,,,25,35.0,,,,,,,,,,,,,,,,,,,COMPLETE
803,803,0.8286546610169492,2025-01-05 13:09:00.955227,2025-01-05 13:09:05.159351,0 days 00:00:04.204124,3,8,2.0,,,,,,,,,,,5.0,,,,,,,,40,35.0,,,,,,,,,,,30.0,,,,,,,,COMPLETE
804,804,0.8082417582417583,2025-01-05 13:09:05.159794,2025-01-05 13:09:11.056011,0 days 00:00:05.896217,1,8,,,,,,,,,,,,,,,,,,,,30,,,,,,,,,,,,,,,,,,,,COMPLETE
805,805,0.8708333333333333,2025-01-05 13:09:11.056421,2025-01-05 13:09:14.481104,0 days 00:00:03.424683,2,7,15.0,,,,,,,,,,,,,,,,,,,40,10.0,,,,,,,,,,,,,,,,,,,COMPLETE
806,806,0.8119363395225465,2025-01-05 13:09:14.481516,2025-01-05 13:09:17.853832,0 days 00:00:03.372316,2,8,3.0,,,,,,,,,,,,,,,,,,,35,40.0,,,,,,,,,,,,,,,,,,,COMPLETE
807,807,0.15136298421807748,2025-01-05 13:09:17.854247,2025-01-05 13:09:21.324321,0 days 00:00:03.470074,14,8,4.0,7.0,14.0,11.0,6.0,,,,,,,3.0,9.0,15.0,2.0,2.0,10.0,4.0,2.0,40,35.0,40.0,15.0,20.0,55.0,,,,,,,25.0,35.0,45.0,30.0,30.0,45.0,20.0,50.0,COMPLETE
808,808,0.87042842215256,2025-01-05 13:09:21.324974,2025-01-05 13:09:25.495203,0 days 00:00:04.170229,3,7,3.0,,,,,,,,,,,2.0,,,,,,,,45,10.0,,,,,,,,,,,40.0,,,,,,,,COMPLETE
809,809,0.08839285714285713,2025-01-05 13:09:25.495633,2025-01-05 13:09:33.167501,0 days 00:00:07.671868,15,9,1.0,6.0,7.0,14.0,10.0,3.0,,,,,,2.0,14.0,3.0,5.0,14.0,12.0,15.0,4.0,45,35.0,30.0,60.0,10.0,45.0,35.0,,,,,,25.0,60.0,50.0,60.0,40.0,10.0,10.0,35.0,COMPLETE
810,810,0.746031746031746,2025-01-05 13:09:33.168190,2025-01-05 13:09:39.035677,0 days 00:00:05.867487,1,8,,,,,,,,,,,,,,,,,,,,35,,,,,,,,,,,,,,,,,,,,COMPLETE
811,811,0.8938029661016949,2025-01-05 13:09:39.036086,2025-01-05 13:09:42.418324,0 days 00:00:03.382238,2,7,2.0,,,,,,,,,,,,,,,,,,,30,55.0,,,,,,,,,,,,,,,,,,,COMPLETE
812,812,0.4907635467980296,2025-01-05 13:09:42.418733,2025-01-05 13:09:47.200426,0 days 00:00:04.781693,4,9,3.0,,,,,,,,,,,4.0,3.0,,,,,,,40,30.0,,,,,,,,,,,20.0,50.0,,,,,,,COMPLETE
813,813,0.8544980443285528,2025-01-05 13:09:47.200880,2025-01-05 13:09:50.569511,0 days 00:00:03.368631,2,8,1.0,,,,,,,,,,,,,,,,,,,35,40.0,,,,,,,,,,,,,,,,,,,COMPLETE
814,814,0.7400793650793651,2025-01-05 13:09:50.569910,2025-01-05 13:09:54.623448,0 days 00:00:04.053538,3,10,7.0,,,,,,,,,,,3.0,,,,,,,,40,5.0,,,,,,,,,,,30.0,,,,,,,,COMPLETE
815,815,0.8162071846282373,2025-01-05 13:09:54.623873,2025-01-05 13:10:00.521699,0 days 00:00:05.897826,1,8,,,,,,,,,,,,,,,,,,,,30,,,,,,,,,,,,,,,,,,,,COMPLETE
816,816,0.8944444444444444,2025-01-05 13:10:00.522250,2025-01-05 13:10:04.703302,0 days 00:00:04.181052,3,11,3.0,,,,,,,,,,,2.0,,,,,,,,25,35.0,,,,,,,,,,,40.0,,,,,,,,COMPLETE
817,817,0.8423645320197044,2025-01-05 13:10:04.703793,2025-01-05 13:10:08.088827,0 days 00:00:03.385034,2,7,2.0,,,,,,,,,,,,,,,,,,,35,40.0,,,,,,,,,,,,,,,,,,,COMPLETE
818,818,0.861228813559322,2025-01-05 13:10:08.089248,2025-01-05 13:10:11.502611,0 days 00:00:03.413363,2,8,2.0,,,,,,,,,,,,,,,,,,,40,30.0,,,,,,,,,,,,,,,,,,,COMPLETE
819,819,0.8342780026990553,2025-01-05 13:10:11.503226,2025-01-05 13:10:15.650983,0 days 00:00:04.147757,3,7,1.0,,,,,,,,,,,4.0,,,,,,,,40,35.0,,,,,,,,,,,45.0,,,,,,,,COMPLETE
820,820,0.6713362068965517,2025-01-05 13:10:15.651529,2025-01-05 13:10:20.526721,0 days 00:00:04.875192,4,8,3.0,,,,,,,,,,,1.0,15.0,,,,,,,35,10.0,,,,,,,,,,,35.0,30.0,,,,,,,COMPLETE
821,821,0.7461538461538462,2025-01-05 13:10:20.527193,2025-01-05 13:10:26.466655,0 days 00:00:05.939462,1,9,,,,,,,,,,,,,,,,,,,,45,,,,,,,,,,,,,,,,,,,,COMPLETE
822,822,0.8870673952641166,2025-01-05 13:10:26.467057,2025-01-05 13:10:29.853559,0 days 00:00:03.386502,2,8,4.0,,,,,,,,,,,,,,,,,,,30,35.0,,,,,,,,,,,,,,,,,,,COMPLETE
823,823,0.8455843469063987,2025-01-05 13:10:29.853953,2025-01-05 13:10:33.215325,0 days 00:00:03.361372,2,7,1.0,,,,,,,,,,,,,,,,,,,40,5.0,,,,,,,,,,,,,,,,,,,COMPLETE
824,824,0.8538884524744697,2025-01-05 13:10:33.215731,2025-01-05 13:10:36.673756,0 days 00:00:03.458025,2,9,2.0,,,,,,,,,,,,,,,,,,,45,45.0,,,,,,,,,,,,,,,,,,,COMPLETE
825,825,0.4913793103448276,2025-01-05 13:10:36.674162,2025-01-05 13:10:40.779856,0 days 00:00:04.105694,3,8,3.0,,,,,,,,,,,12.0,,,,,,,,20,40.0,,,,,,,,,,,20.0,,,,,,,,COMPLETE
826,826,0.8446524064171123,2025-01-05 13:10:40.780282,2025-01-05 13:10:44.178764,0 days 00:00:03.398482,2,8,1.0,,,,,,,,,,,,,,,,,,,40,35.0,,,,,,,,,,,,,,,,,,,COMPLETE
827,827,0.7432258064516128,2025-01-05 13:10:44.179169,2025-01-05 13:10:49.968044,0 days 00:00:05.788875,1,9,,,,,,,,,,,,,,,,,,,,30,,,,,,,,,,,,,,,,,,,,COMPLETE
828,828,0.8870673952641166,2025-01-05 13:10:49.968437,2025-01-05 13:10:53.410031,0 days 00:00:03.441594,2,8,2.0,,,,,,,,,,,,,,,,,,,50,35.0,,,,,,,,,,,,,,,,,,,COMPLETE
829,829,0.7047619047619047,2025-01-05 13:10:53.410428,2025-01-05 13:10:57.326854,0 days 00:00:03.916426,3,7,3.0,,,,,,,,,,,5.0,,,,,,,,35,10.0,,,,,,,,,,,30.0,,,,,,,,COMPLETE
830,830,0.8777777777777778,2025-01-05 13:10:57.327287,2025-01-05 13:11:00.698865,0 days 00:00:03.371578,2,8,4.0,,,,,,,,,,,,,,,,,,,35,10.0,,,,,,,,,,,,,,,,,,,COMPLETE
831,831,0.8285714285714285,2025-01-05 13:11:00.699350,2025-01-05 13:11:06.592527,0 days 00:00:05.893177,1,7,,,,,,,,,,,,,,,,,,,,45,,,,,,,,,,,,,,,,,,,,COMPLETE
832,832,0.8863576852579209,2025-01-05 13:11:06.592924,2025-01-05 13:11:10.728350,0 days 00:00:04.135426,3,7,1.0,,,,,,,,,,,3.0,,,,,,,,40,35.0,,,,,,,,,,,10.0,,,,,,,,COMPLETE
833,833,0.8056426332288402,2025-01-05 13:11:10.728780,2025-01-05 13:11:14.360603,0 days 00:00:03.631823,2,9,2.0,,,,,,,,,,,,,,,,,,,35,40.0,,,,,,,,,,,,,,,,,,,COMPLETE
834,834,0.8548009367681498,2025-01-05 13:11:14.361002,2025-01-05 13:11:18.553687,0 days 00:00:04.192685,3,8,2.0,,,,,,,,,,,1.0,,,,,,,,40,5.0,,,,,,,,,,,50.0,,,,,,,,COMPLETE
835,835,0.8708333333333333,2025-01-05 13:11:18.554116,2025-01-05 13:11:22.067243,0 days 00:00:03.513127,2,10,3.0,,,,,,,,,,,,,,,,,,,55,30.0,,,,,,,,,,,,,,,,,,,COMPLETE
836,836,0.5505430242272347,2025-01-05 13:11:22.067647,2025-01-05 13:11:26.805411,0 days 00:00:04.737764,4,7,3.0,,,,,,,,,,,2.0,6.0,,,,,,,30,40.0,,,,,,,,,,,25.0,45.0,,,,,,,COMPLETE
837,837,0.861904761904762,2025-01-05 13:11:26.805855,2025-01-05 13:11:30.212498,0 days 00:00:03.406643,2,8,1.0,,,,,,,,,,,,,,,,,,,45,35.0,,,,,,,,,,,,,,,,,,,COMPLETE
838,838,0.8284313725490196,2025-01-05 13:11:30.212899,2025-01-05 13:11:36.095305,0 days 00:00:05.882406,1,8,,,,,,,,,,,,,,,,,,,,35,,,,,,,,,,,,,,,,,,,,COMPLETE
839,839,0.8380355276907001,2025-01-05 13:11:36.095690,2025-01-05 13:11:40.317567,0 days 00:00:04.221877,3,8,2.0,,,,,,,,,,,5.0,,,,,,,,40,35.0,,,,,,,,,,,45.0,,,,,,,,COMPLETE
840,840,0.8387096774193549,2025-01-05 13:11:40.317993,2025-01-05 13:11:43.692432,0 days 00:00:03.374439,2,7,2.0,,,,,,,,,,,,,,,,,,,40,10.0,,,,,,,,,,,,,,,,,,,COMPLETE
841,841,0.7125,2025-01-05 13:11:43.692828,2025-01-05 13:11:49.470854,0 days 00:00:05.778026,1,9,,,,,,,,,,,,,,,,,,,,35,,,,,,,,,,,,,,,,,,,,COMPLETE
842,842,0.4771043771043771,2025-01-05 13:11:49.471572,2025-01-05 13:11:54.406682,0 days 00:00:04.935110,4,8,6.0,,,,,,,,,,,4.0,8.0,,,,,,,30,30.0,,,,,,,,,,,40.0,55.0,,,,,,,COMPLETE
843,843,0.8090909090909091,2025-01-05 13:11:54.407164,2025-01-05 13:11:58.698254,0 days 00:00:04.291090,3,7,1.0,,,,,,,,,,,11.0,,,,,,,,45,5.0,,,,,,,,,,,55.0,,,,,,,,COMPLETE
844,844,0.8119363395225465,2025-01-05 13:11:58.698697,2025-01-05 13:12:02.118117,0 days 00:00:03.419420,2,9,3.0,,,,,,,,,,,,,,,,,,,40,35.0,,,,,,,,,,,,,,,,,,,COMPLETE
845,845,0.8870673952641166,2025-01-05 13:12:02.118527,2025-01-05 13:12:05.496488,0 days 00:00:03.377961,2,7,9.0,,,,,,,,,,,,,,,,,,,30,10.0,,,,,,,,,,,,,,,,,,,COMPLETE
846,846,0.8709677419354839,2025-01-05 13:12:05.496887,2025-01-05 13:12:09.691378,0 days 00:00:04.194491,3,8,3.0,,,,,,,,,,,3.0,,,,,,,,40,35.0,,,,,,,,,,,30.0,,,,,,,,COMPLETE
847,847,0.8277511961722488,2025-01-05 13:12:09.691800,2025-01-05 13:12:15.583104,0 days 00:00:05.891304,1,8,,,,,,,,,,,,,,,,,,,,35,,,,,,,,,,,,,,,,,,,,COMPLETE
848,848,0.8380355276907001,2025-01-05 13:12:15.583487,2025-01-05 13:12:18.984575,0 days 00:00:03.401088,2,8,1.0,,,,,,,,,,,,,,,,,,,40,40.0,,,,,,,,,,,,,,,,,,,COMPLETE
849,849,0.8868318122555411,2025-01-05 13:12:18.984975,2025-01-05 13:12:22.365971,0 days 00:00:03.380996,2,9,2.0,,,,,,,,,,,,,,,,,,,30,40.0,,,,,,,,,,,,,,,,,,,COMPLETE
850,850,0.8518218623481781,2025-01-05 13:12:22.366380,2025-01-05 13:12:26.684902,0 days 00:00:04.318522,3,7,2.0,,,,,,,,,,,2.0,,,,,,,,5,35.0,,,,,,,,,,,15.0,,,,,,,,COMPLETE
851,851,0.7358490566037736,2025-01-05 13:12:26.685335,2025-01-05 13:12:32.627161,0 days 00:00:05.941826,1,7,,,,,,,,,,,,,,,,,,,,50,,,,,,,,,,,,,,,,,,,,COMPLETE
852,852,0.8385416666666667,2025-01-05 13:12:32.627543,2025-01-05 13:12:36.068070,0 days 00:00:03.440527,2,8,2.0,,,,,,,,,,,,,,,,,,,45,30.0,,,,,,,,,,,,,,,,,,,COMPLETE
853,853,0.8851224105461393,2025-01-05 13:12:36.068471,2025-01-05 13:12:39.293380,0 days 00:00:03.224909,2,9,4.0,,,,,,,,,,,,,,,,,,,55,35.0,,,,,,,,,,,,,,,,,,,COMPLETE
854,854,0.8868318122555411,2025-01-05 13:12:39.293778,2025-01-05 13:12:43.733988,0 days 00:00:04.440210,3,8,1.0,,,,,,,,,,,1.0,,,,,,,,40,10.0,,,,,,,,,,,35.0,,,,,,,,COMPLETE
855,855,0.8708333333333333,2025-01-05 13:12:43.734426,2025-01-05 13:12:47.117995,0 days 00:00:03.383569,2,8,3.0,,,,,,,,,,,,,,,,,,,35,45.0,,,,,,,,,,,,,,,,,,,COMPLETE
856,856,0.7960805084745763,2025-01-05 13:12:47.118406,2025-01-05 13:12:51.327893,0 days 00:00:04.209487,3,8,1.0,,,,,,,,,,,3.0,,,,,,,,25,5.0,,,,,,,,,,,35.0,,,,,,,,COMPLETE
857,857,0.8300691244239631,2025-01-05 13:12:51.328333,2025-01-05 13:12:56.518928,0 days 00:00:05.190595,1,4,,,,,,,,,,,,,,,,,,,,45,,,,,,,,,,,,,,,,,,,,COMPLETE
858,858,0.869365721997301,2025-01-05 13:12:56.519323,2025-01-05 13:12:59.704804,0 days 00:00:03.185481,2,9,3.0,,,,,,,,,,,,,,,,,,,15,35.0,,,,,,,,,,,,,,,,,,,COMPLETE
859,859,0.8870673952641166,2025-01-05 13:12:59.705219,2025-01-05 13:13:03.086459,0 days 00:00:03.381240,2,7,2.0,,,,,,,,,,,,,,,,,,,40,40.0,,,,,,,,,,,,,,,,,,,COMPLETE
860,860,0.8917214912280702,2025-01-05 13:13:03.086864,2025-01-05 13:13:06.454679,0 days 00:00:03.367815,2,2,1.0,,,,,,,,,,,,,,,,,,,35,35.0,,,,,,,,,,,,,,,,,,,COMPLETE
861,861,0.6419437340153453,2025-01-05 13:13:06.455088,2025-01-05 13:13:10.514230,0 days 00:00:04.059142,3,8,3.0,,,,,,,,,,,10.0,,,,,,,,35,10.0,,,,,,,,,,,20.0,,,,,,,,COMPLETE
862,862,0.8277511961722488,2025-01-05 13:13:10.514654,2025-01-05 13:13:13.891424,0 days 00:00:03.376770,2,7,2.0,,,,,,,,,,,,,,,,,,,30,15.0,,,,,,,,,,,,,,,,,,,COMPLETE
863,863,0.873392181588903,2025-01-05 13:13:13.891825,2025-01-05 13:13:19.733872,0 days 00:00:05.842047,1,7,,,,,,,,,,,,,,,,,,,,40,,,,,,,,,,,,,,,,,,,,COMPLETE
864,864,0.8455843469063987,2025-01-05 13:13:19.734475,2025-01-05 13:13:23.971656,0 days 00:00:04.237181,3,8,3.0,,,,,,,,,,,4.0,,,,,,,,50,35.0,,,,,,,,,,,25.0,,,,,,,,COMPLETE
865,865,0.8225344782721832,2025-01-05 13:13:23.972089,2025-01-05 13:13:27.348340,0 days 00:00:03.376251,2,8,1.0,,,,,,,,,,,,,,,,,,,40,30.0,,,,,,,,,,,,,,,,,,,COMPLETE
866,866,0.7662466024215469,2025-01-05 13:13:27.348856,2025-01-05 13:13:33.317544,0 days 00:00:05.968688,1,10,,,,,,,,,,,,,,,,,,,,35,,,,,,,,,,,,,,,,,,,,COMPLETE
867,867,0.5030358227079539,2025-01-05 13:13:33.317954,2025-01-05 13:13:38.330921,0 days 00:00:05.012967,4,9,4.0,,,,,,,,,,,2.0,13.0,,,,,,,45,35.0,,,,,,,,,,,15.0,15.0,,,,,,,COMPLETE
868,868,0.9014008620689655,2025-01-05 13:13:38.331389,2025-01-05 13:13:42.554434,0 days 00:00:04.223045,3,8,2.0,,,,,,,,,,,6.0,,,,,,,,40,35.0,,,,,,,,,,,40.0,,,,,,,,COMPLETE
869,869,0.0,2025-01-05 13:13:42.554865,2025-01-05 13:14:14.845335,0 days 00:00:32.290470,20,7,2.0,11.0,9.0,2.0,14.0,10.0,1.0,10.0,1.0,11.0,15.0,8.0,11.0,8.0,14.0,13.0,9.0,12.0,10.0,30,40.0,5.0,35.0,20.0,20.0,55.0,50.0,35.0,50.0,20.0,60.0,30.0,25.0,25.0,45.0,20.0,55.0,35.0,5.0,COMPLETE
870,870,0.8194780737153619,2025-01-05 13:14:14.846351,2025-01-05 13:14:18.232310,0 days 00:00:03.385959,2,7,4.0,,,,,,,,,,,,,,,,,,,45,10.0,,,,,,,,,,,,,,,,,,,COMPLETE
871,871,0.7584300718629077,2025-01-05 13:14:18.232735,2025-01-05 13:14:23.999880,0 days 00:00:05.767145,1,9,,,,,,,,,,,,,,,,,,,,25,,,,,,,,,,,,,,,,,,,,COMPLETE
872,872,0.9103174603174603,2025-01-05 13:14:24.000284,2025-01-05 13:14:28.424455,0 days 00:00:04.424171,3,8,2.0,,,,,,,,,,,1.0,,,,,,,,35,5.0,,,,,,,,,,,45.0,,,,,,,,COMPLETE
873,873,0.7732497387669801,2025-01-05 13:14:28.424895,2025-01-05 13:14:33.058171,0 days 00:00:04.633276,4,8,2.0,,,,,,,,,,,1.0,2.0,,,,,,,35,5.0,,,,,,,,,,,50.0,60.0,,,,,,,COMPLETE
874,874,0.8455843469063987,2025-01-05 13:14:33.058637,2025-01-05 13:14:38.066879,0 days 00:00:05.008242,4,8,2.0,,,,,,,,,,,1.0,5.0,,,,,,,35,5.0,,,,,,,,,,,45.0,40.0,,,,,,,COMPLETE
875,875,0.8385416666666667,2025-01-05 13:14:38.067346,2025-01-05 13:14:42.221268,0 days 00:00:04.153922,3,8,2.0,,,,,,,,,,,1.0,,,,,,,,35,5.0,,,,,,,,,,,50.0,,,,,,,,COMPLETE
876,876,0.5569007263922519,2025-01-05 13:14:42.221698,2025-01-05 13:14:47.009788,0 days 00:00:04.788090,4,8,2.0,,,,,,,,,,,2.0,7.0,,,,,,,35,10.0,,,,,,,,,,,45.0,35.0,,,,,,,COMPLETE
877,877,0.7950558213716108,2025-01-05 13:14:47.010259,2025-01-05 13:14:50.894411,0 days 00:00:03.884152,3,9,5.0,,,,,,,,,,,1.0,,,,,,,,35,5.0,,,,,,,,,,,45.0,,,,,,,,COMPLETE
878,878,0.8868318122555411,2025-01-05 13:14:50.894846,2025-01-05 13:14:55.105612,0 days 00:00:04.210766,3,8,1.0,,,,,,,,,,,2.0,,,,,,,,30,5.0,,,,,,,,,,,50.0,,,,,,,,COMPLETE
879,879,0.8870673952641166,2025-01-05 13:14:55.106049,2025-01-05 13:14:59.242022,0 days 00:00:04.135973,3,8,1.0,,,,,,,,,,,1.0,,,,,,,,35,5.0,,,,,,,,,,,45.0,,,,,,,,COMPLETE
880,880,0.8342780026990553,2025-01-05 13:14:59.242457,2025-01-05 13:15:03.452433,0 days 00:00:04.209976,3,8,2.0,,,,,,,,,,,2.0,,,,,,,,35,5.0,,,,,,,,,,,40.0,,,,,,,,COMPLETE
881,881,0.8938029661016949,2025-01-05 13:15:03.452878,2025-01-05 13:15:07.625065,0 days 00:00:04.172187,3,9,1.0,,,,,,,,,,,3.0,,,,,,,,30,5.0,,,,,,,,,,,50.0,,,,,,,,COMPLETE
882,882,0.8423645320197044,2025-01-05 13:15:07.625707,2025-01-05 13:15:11.769953,0 days 00:00:04.144246,3,8,2.0,,,,,,,,,,,1.0,,,,,,,,35,5.0,,,,,,,,,,,55.0,,,,,,,,COMPLETE
883,883,0.9098143236074271,2025-01-05 13:15:11.770398,2025-01-05 13:15:16.733481,0 days 00:00:04.963083,4,8,2.0,,,,,,,,,,,2.0,1.0,,,,,,,30,5.0,,,,,,,,,,,45.0,10.0,,,,,,,COMPLETE
884,884,0.7476190476190476,2025-01-05 13:15:16.734067,2025-01-05 13:15:21.817841,0 days 00:00:05.083774,4,9,2.0,,,,,,,,,,,2.0,4.0,,,,,,,30,5.0,,,,,,,,,,,45.0,10.0,,,,,,,COMPLETE
885,885,0.5378787878787878,2025-01-05 13:15:21.818318,2025-01-05 13:15:26.579327,0 days 00:00:04.761009,4,8,8.0,,,,,,,,,,,2.0,1.0,,,,,,,30,5.0,,,,,,,,,,,50.0,5.0,,,,,,,COMPLETE
886,886,0.8544980443285528,2025-01-05 13:15:26.579787,2025-01-05 13:15:31.868421,0 days 00:00:05.288634,4,9,2.0,,,,,,,,,,,2.0,1.0,,,,,,,30,5.0,,,,,,,,,,,45.0,5.0,,,,,,,COMPLETE
887,887,0.6830357142857143,2025-01-05 13:15:31.868882,2025-01-05 13:15:37.044341,0 days 00:00:05.175459,5,8,2.0,,,,,,,,,,,1.0,2.0,6.0,,,,,,30,5.0,,,,,,,,,,,45.0,20.0,55.0,,,,,,COMPLETE
888,888,0.8452950558213717,2025-01-05 13:15:37.044828,2025-01-05 13:15:41.673010,0 days 00:00:04.628182,4,8,2.0,,,,,,,,,,,2.0,2.0,,,,,,,30,5.0,,,,,,,,,,,50.0,15.0,,,,,,,COMPLETE
889,889,0.5668241178105029,2025-01-05 13:15:41.673478,2025-01-05 13:15:47.378029,0 days 00:00:05.704551,5,8,1.0,,,,,,,,,,,3.0,3.0,2.0,,,,,,30,5.0,,,,,,,,,,,40.0,25.0,15.0,,,,,,COMPLETE
890,890,0.7801587301587302,2025-01-05 13:15:47.378505,2025-01-05 13:15:51.987112,0 days 00:00:04.608607,4,1,2.0,,,,,,,,,,,1.0,1.0,,,,,,,30,5.0,,,,,,,,,,,45.0,10.0,,,,,,,COMPLETE
891,891,0.4203980099502488,2025-01-05 13:15:51.987568,2025-01-05 13:15:57.861073,0 days 00:00:05.873505,5,9,2.0,,,,,,,,,,,3.0,2.0,4.0,,,,,,30,5.0,,,,,,,,,,,45.0,5.0,35.0,,,,,,COMPLETE
892,892,0.8452950558213717,2025-01-05 13:15:57.861560,2025-01-05 13:16:02.014983,0 days 00:00:04.153423,3,10,1.0,,,,,,,,,,,1.0,,,,,,,,30,5.0,,,,,,,,,,,50.0,,,,,,,,COMPLETE
893,893,0.4685230024213075,2025-01-05 13:16:02.015433,2025-01-05 13:16:09.819219,0 days 00:00:07.803786,6,8,1.0,,,,,,,,,,,2.0,3.0,13.0,3.0,,,,,30,5.0,,,,,,,,,,,40.0,20.0,10.0,40.0,,,,,COMPLETE
894,894,0.5584415584415584,2025-01-05 13:16:09.819730,2025-01-05 13:16:16.158182,0 days 00:00:06.338452,5,9,2.0,,,,,,,,,,,3.0,4.0,9.0,,,,,,30,5.0,,,,,,,,,,,45.0,15.0,20.0,,,,,,COMPLETE
895,895,0.8548009367681498,2025-01-05 13:16:16.158667,2025-01-05 13:16:21.127008,0 days 00:00:04.968341,4,8,1.0,,,,,,,,,,,2.0,1.0,,,,,,,30,5.0,,,,,,,,,,,40.0,5.0,,,,,,,COMPLETE
896,896,0.8708333333333333,2025-01-05 13:16:21.127474,2025-01-05 13:16:26.125379,0 days 00:00:04.997905,4,8,2.0,,,,,,,,,,,1.0,5.0,,,,,,,40,10.0,,,,,,,,,,,45.0,30.0,,,,,,,COMPLETE
897,897,0.8544980443285528,2025-01-05 13:16:26.125830,2025-01-05 13:16:30.321477,0 days 00:00:04.195647,3,8,2.0,,,,,,,,,,,2.0,,,,,,,,30,5.0,,,,,,,,,,,45.0,,,,,,,,COMPLETE
898,898,0.4370553665326322,2025-01-05 13:16:30.321910,2025-01-05 13:16:42.541918,0 days 00:00:12.220008,6,8,2.0,,,,,,,,,,,3.0,4.0,10.0,9.0,,,,,40,10.0,,,,,,,,,,,50.0,20.0,5.0,20.0,,,,,COMPLETE
899,899,0.861228813559322,2025-01-05 13:16:42.542431,2025-01-05 13:16:47.244306,0 days 00:00:04.701875,4,8,1.0,,,,,,,,,,,1.0,6.0,,,,,,,45,5.0,,,,,,,,,,,40.0,25.0,,,,,,,COMPLETE
900,900,0.8356681034482758,2025-01-05 13:16:47.244765,2025-01-05 13:16:51.406284,0 days 00:00:04.161519,3,9,1.0,,,,,,,,,,,3.0,,,,,,,,30,15.0,,,,,,,,,,,55.0,,,,,,,,COMPLETE
901,901,0.8385416666666667,2025-01-05 13:16:51.406716,2025-01-05 13:16:55.634771,0 days 00:00:04.228055,3,9,2.0,,,,,,,,,,,2.0,,,,,,,,40,10.0,,,,,,,,,,,50.0,,,,,,,,COMPLETE
902,902,0.8524590163934426,2025-01-05 13:16:55.635215,2025-01-05 13:16:59.828020,0 days 00:00:04.192805,3,8,2.0,,,,,,,,,,,1.0,,,,,,,,40,5.0,,,,,,,,,,,40.0,,,,,,,,COMPLETE
903,903,0.8225344782721832,2025-01-05 13:16:59.828658,2025-01-05 13:17:04.878556,0 days 00:00:05.049898,4,8,1.0,,,,,,,,,,,3.0,3.0,,,,,,,45,10.0,,,,,,,,,,,45.0,15.0,,,,,,,COMPLETE
904,904,0.8353510895883778,2025-01-05 13:17:04.879145,2025-01-05 13:17:09.340521,0 days 00:00:04.461376,3,9,2.0,,,,,,,,,,,2.0,,,,,,,,30,5.0,,,,,,,,,,,35.0,,,,,,,,COMPLETE
905,905,0.5186480186480187,2025-01-05 13:17:09.340976,2025-01-05 13:17:13.392112,0 days 00:00:04.051136,3,8,12.0,,,,,,,,,,,4.0,,,,,,,,40,15.0,,,,,,,,,,,40.0,,,,,,,,COMPLETE
906,906,0.3351870576339737,2025-01-05 13:17:13.392541,2025-01-05 13:17:30.154960,0 days 00:00:16.762419,9,8,1.0,,,,,,,,,,,1.0,1.0,1.0,10.0,10.0,4.0,9.0,,40,25.0,,,,,,,,,,,45.0,10.0,30.0,40.0,10.0,40.0,60.0,,COMPLETE
907,907,0.8604465709728868,2025-01-05 13:17:30.155561,2025-01-05 13:17:35.152156,0 days 00:00:04.996595,4,9,2.0,,,,,,,,,,,2.0,2.0,,,,,,,40,60.0,,,,,,,,,,,50.0,20.0,,,,,,,COMPLETE
908,908,0.7902680197762164,2025-01-05 13:17:35.152621,2025-01-05 13:17:39.685654,0 days 00:00:04.533033,3,8,2.0,,,,,,,,,,,3.0,,,,,,,,45,5.0,,,,,,,,,,,35.0,,,,,,,,COMPLETE
909,909,0.8521505376344086,2025-01-05 13:17:39.686093,2025-01-05 13:17:43.054642,0 days 00:00:03.368549,2,8,1.0,,,,,,,,,,,,,,,,,,,30,10.0,,,,,,,,,,,,,,,,,,,COMPLETE
910,910,0.87042842215256,2025-01-05 13:17:43.055063,2025-01-05 13:17:46.546247,0 days 00:00:03.491184,2,11,2.0,,,,,,,,,,,,,,,,,,,45,10.0,,,,,,,,,,,,,,,,,,,COMPLETE
911,911,0.3803030303030303,2025-01-05 13:17:46.546649,2025-01-05 13:17:52.336681,0 days 00:00:05.790032,5,9,1.0,,,,,,,,,,,2.0,5.0,7.0,,,,,,55,30.0,,,,,,,,,,,55.0,10.0,15.0,,,,,,COMPLETE
912,912,0.8380355276907001,2025-01-05 13:17:52.337172,2025-01-05 13:17:56.489256,0 days 00:00:04.152084,3,7,1.0,,,,,,,,,,,1.0,,,,,,,,40,25.0,,,,,,,,,,,40.0,,,,,,,,COMPLETE
913,913,0.8868318122555411,2025-01-05 13:17:56.489690,2025-01-05 13:18:00.109093,0 days 00:00:03.619403,2,10,2.0,,,,,,,,,,,,,,,,,,,30,5.0,,,,,,,,,,,,,,,,,,,COMPLETE
914,914,0.8777777777777778,2025-01-05 13:18:00.109503,2025-01-05 13:18:03.528020,0 days 00:00:03.418517,2,8,1.0,,,,,,,,,,,,,,,,,,,50,10.0,,,,,,,,,,,,,,,,,,,COMPLETE
915,915,0.8544980443285528,2025-01-05 13:18:03.528455,2025-01-05 13:18:06.915945,0 days 00:00:03.387490,2,7,2.0,,,,,,,,,,,,,,,,,,,40,30.0,,,,,,,,,,,,,,,,,,,COMPLETE
916,916,0.5195717631314821,2025-01-05 13:18:06.916365,2025-01-05 13:18:13.463699,0 days 00:00:06.547334,5,8,2.0,,,,,,,,,,,3.0,4.0,14.0,,,,,,30,10.0,,,,,,,,,,,45.0,35.0,55.0,,,,,,COMPLETE
917,917,0.8741776315789473,2025-01-05 13:18:13.464187,2025-01-05 13:18:17.671366,0 days 00:00:04.207179,3,8,1.0,,,,,,,,,,,4.0,,,,,,,,40,15.0,,,,,,,,,,,40.0,,,,,,,,COMPLETE
918,918,0.8481045081967213,2025-01-05 13:18:17.671795,2025-01-05 13:18:21.057077,0 days 00:00:03.385282,2,2,2.0,,,,,,,,,,,,,,,,,,,50,5.0,,,,,,,,,,,,,,,,,,,COMPLETE
919,919,0.8544980443285528,2025-01-05 13:18:21.057487,2025-01-05 13:18:25.266969,0 days 00:00:04.209482,3,7,1.0,,,,,,,,,,,4.0,,,,,,,,45,10.0,,,,,,,,,,,45.0,,,,,,,,COMPLETE
920,920,0.8126984126984127,2025-01-05 13:18:25.267407,2025-01-05 13:18:28.688537,0 days 00:00:03.421130,2,8,2.0,,,,,,,,,,,,,,,,,,,45,5.0,,,,,,,,,,,,,,,,,,,COMPLETE
921,921,0.8445623342175066,2025-01-05 13:18:28.688940,2025-01-05 13:18:32.826710,0 days 00:00:04.137770,3,9,2.0,,,,,,,,,,,1.0,,,,,,,,30,5.0,,,,,,,,,,,50.0,,,,,,,,COMPLETE
922,922,0.8400226116449971,2025-01-05 13:18:32.827148,2025-01-05 13:18:37.570465,0 days 00:00:04.743317,4,9,1.0,,,,,,,,,,,2.0,7.0,,,,,,,40,25.0,,,,,,,,,,,35.0,45.0,,,,,,,COMPLETE
923,923,0.28959810874704495,2025-01-05 13:18:37.570915,2025-01-05 13:18:47.166004,0 days 00:00:09.595089,11,7,7.0,8.0,,,,,,,,,,3.0,3.0,4.0,14.0,4.0,15.0,5.0,15.0,35,30.0,35.0,,,,,,,,,,40.0,25.0,35.0,15.0,25.0,60.0,25.0,15.0,COMPLETE
924,924,0.8221642764015646,2025-01-05 13:18:47.166819,2025-01-05 13:18:50.813190,0 days 00:00:03.646371,2,8,10.0,,,,,,,,,,,,,,,,,,,55,35.0,,,,,,,,,,,,,,,,,,,COMPLETE
925,925,0.8387096774193549,2025-01-05 13:18:50.813718,2025-01-05 13:18:54.402181,0 days 00:00:03.588463,2,4,2.0,,,,,,,,,,,,,,,,,,,40,10.0,,,,,,,,,,,,,,,,,,,COMPLETE
926,926,0.5864527629233511,2025-01-05 13:18:54.402603,2025-01-05 13:19:00.321389,0 days 00:00:05.918786,1,8,,,,,,,,,,,,,,,,,,,,40,,,,,,,,,,,,,,,,,,,,COMPLETE
927,927,0.8870673952641166,2025-01-05 13:19:00.321782,2025-01-05 13:19:04.451384,0 days 00:00:04.129602,3,9,1.0,,,,,,,,,,,1.0,,,,,,,,30,50.0,,,,,,,,,,,20.0,,,,,,,,COMPLETE
928,928,0.861904761904762,2025-01-05 13:19:04.451822,2025-01-05 13:19:07.867988,0 days 00:00:03.416166,2,8,2.0,,,,,,,,,,,,,,,,,,,40,35.0,,,,,,,,,,,,,,,,,,,COMPLETE
929,929,0.8423645320197044,2025-01-05 13:19:07.868405,2025-01-05 13:19:13.766076,0 days 00:00:05.897671,1,7,,,,,,,,,,,,,,,,,,,,30,,,,,,,,,,,,,,,,,,,,COMPLETE
930,930,0.818426724137931,2025-01-05 13:19:13.766479,2025-01-05 13:19:17.412677,0 days 00:00:03.646198,2,8,5.0,,,,,,,,,,,,,,,,,,,45,5.0,,,,,,,,,,,,,,,,,,,COMPLETE
931,931,0.0,2025-01-05 13:19:17.413100,2025-01-05 13:19:43.566719,0 days 00:00:26.153619,16,7,3.0,13.0,6.0,9.0,12.0,1.0,8.0,,,,,2.0,2.0,12.0,11.0,1.0,13.0,13.0,1.0,35,30.0,20.0,25.0,45.0,15.0,10.0,35.0,,,,,45.0,5.0,25.0,35.0,15.0,20.0,40.0,10.0,COMPLETE
932,932,0.8688172043010753,2025-01-05 13:19:43.567455,2025-01-05 13:19:47.749598,0 days 00:00:04.182143,3,8,2.0,,,,,,,,,,,3.0,,,,,,,,35,35.0,,,,,,,,,,,40.0,,,,,,,,COMPLETE
933,933,0.6114754098360655,2025-01-05 13:19:47.750055,2025-01-05 13:19:52.646624,0 days 00:00:04.896569,4,7,1.0,,,,,,,,,,,4.0,6.0,,,,,,,40,10.0,,,,,,,,,,,20.0,40.0,,,,,,,COMPLETE
934,934,0.8291777188328913,2025-01-05 13:19:52.647088,2025-01-05 13:19:56.853495,0 days 00:00:04.206407,3,9,2.0,,,,,,,,,,,1.0,,,,,,,,40,35.0,,,,,,,,,,,30.0,,,,,,,,COMPLETE
935,935,0.8870673952641166,2025-01-05 13:19:56.853935,2025-01-05 13:20:00.237905,0 days 00:00:03.383970,2,7,3.0,,,,,,,,,,,,,,,,,,,45,5.0,,,,,,,,,,,,,,,,,,,COMPLETE
936,936,0.7231638418079096,2025-01-05 13:20:00.238329,2025-01-05 13:20:06.112035,0 days 00:00:05.873706,1,8,,,,,,,,,,,,,,,,,,,,30,,,,,,,,,,,,,,,,,,,,COMPLETE
937,937,0.8455843469063987,2025-01-05 13:20:06.112565,2025-01-05 13:20:10.289410,0 days 00:00:04.176845,3,8,1.0,,,,,,,,,,,2.0,,,,,,,,35,15.0,,,,,,,,,,,50.0,,,,,,,,COMPLETE
938,938,0.8544980443285528,2025-01-05 13:20:10.289867,2025-01-05 13:20:13.476425,0 days 00:00:03.186558,2,9,2.0,,,,,,,,,,,,,,,,,,,35,35.0,,,,,,,,,,,,,,,,,,,COMPLETE
939,939,0.8356681034482758,2025-01-05 13:20:13.476845,2025-01-05 13:20:16.874224,0 days 00:00:03.397379,2,8,3.0,,,,,,,,,,,,,,,,,,,40,10.0,,,,,,,,,,,,,,,,,,,COMPLETE
940,940,0.903125,2025-01-05 13:20:16.874644,2025-01-05 13:20:21.091784,0 days 00:00:04.217140,3,8,2.0,,,,,,,,,,,2.0,,,,,,,,50,45.0,,,,,,,,,,,60.0,,,,,,,,COMPLETE
941,941,0.3155555555555556,2025-01-05 13:20:21.092228,2025-01-05 13:20:26.647163,0 days 00:00:05.554935,13,10,1.0,5.0,10.0,14.0,,,,,,,,3.0,1.0,11.0,12.0,6.0,5.0,11.0,8.0,40,35.0,50.0,5.0,60.0,,,,,,,,25.0,15.0,40.0,50.0,45.0,35.0,5.0,55.0,COMPLETE
942,942,0.7359843546284224,2025-01-05 13:20:26.647802,2025-01-05 13:20:32.537054,0 days 00:00:05.889252,1,8,,,,,,,,,,,,,,,,,,,,30,,,,,,,,,,,,,,,,,,,,COMPLETE
943,943,0.8672064777327935,2025-01-05 13:20:32.537678,2025-01-05 13:20:35.924770,0 days 00:00:03.387092,2,7,2.0,,,,,,,,,,,,,,,,,,,40,35.0,,,,,,,,,,,,,,,,,,,COMPLETE
944,944,0.8548009367681498,2025-01-05 13:20:35.925305,2025-01-05 13:20:40.059590,0 days 00:00:04.134285,3,7,1.0,,,,,,,,,,,1.0,,,,,,,,35,5.0,,,,,,,,,,,35.0,,,,,,,,COMPLETE
945,945,0.20928620928620928,2025-01-05 13:20:40.060046,2025-01-05 13:20:46.960914,0 days 00:00:06.900868,18,9,3.0,12.0,15.0,7.0,3.0,14.0,13.0,3.0,11.0,,,3.0,10.0,5.0,1.0,5.0,1.0,6.0,3.0,45,15.0,60.0,10.0,5.0,10.0,40.0,10.0,15.0,15.0,,,45.0,35.0,50.0,55.0,55.0,25.0,45.0,25.0,COMPLETE
946,946,0.8548009367681498,2025-01-05 13:20:46.961701,2025-01-05 13:20:50.350303,0 days 00:00:03.388602,2,8,2.0,,,,,,,,,,,,,,,,,,,30,10.0,,,,,,,,,,,,,,,,,,,COMPLETE
947,947,0.8544980443285528,2025-01-05 13:20:50.350721,2025-01-05 13:20:54.521884,0 days 00:00:04.171163,3,7,1.0,,,,,,,,,,,4.0,,,,,,,,40,25.0,,,,,,,,,,,25.0,,,,,,,,COMPLETE
948,948,0.8617133791644632,2025-01-05 13:20:54.522338,2025-01-05 13:20:57.957275,0 days 00:00:03.434937,2,8,2.0,,,,,,,,,,,,,,,,,,,45,30.0,,,,,,,,,,,,,,,,,,,COMPLETE
949,949,0.8637295081967213,2025-01-05 13:20:57.957686,2025-01-05 13:21:01.344072,0 days 00:00:03.386386,2,9,3.0,,,,,,,,,,,,,,,,,,,35,10.0,,,,,,,,,,,,,,,,,,,COMPLETE
950,950,0.7862997658079625,2025-01-05 13:21:01.344617,2025-01-05 13:21:07.264205,0 days 00:00:05.919588,1,8,,,,,,,,,,,,,,,,,,,,40,,,,,,,,,,,,,,,,,,,,COMPLETE
951,951,0.8198051948051948,2025-01-05 13:21:07.264622,2025-01-05 13:21:12.247475,0 days 00:00:04.982853,4,8,3.0,,,,,,,,,,,2.0,3.0,,,,,,,30,35.0,,,,,,,,,,,50.0,30.0,,,,,,,COMPLETE
952,952,0.8130296610169492,2025-01-05 13:21:12.247949,2025-01-05 13:21:16.368783,0 days 00:00:04.120834,3,5,1.0,,,,,,,,,,,1.0,,,,,,,,40,35.0,,,,,,,,,,,55.0,,,,,,,,COMPLETE
953,953,0.3578231292517007,2025-01-05 13:21:16.369236,2025-01-05 13:21:25.158373,0 days 00:00:08.789137,12,8,3.0,2.0,4.0,,,,,,,,,5.0,8.0,8.0,6.0,3.0,9.0,14.0,13.0,45,5.0,15.0,45.0,,,,,,,,,40.0,25.0,20.0,20.0,35.0,50.0,15.0,30.0,COMPLETE
954,954,0.779020979020979,2025-01-05 13:21:25.159026,2025-01-05 13:21:30.907955,0 days 00:00:05.748929,1,9,,,,,,,,,,,,,,,,,,,,35,,,,,,,,,,,,,,,,,,,,COMPLETE
955,955,0.8617133791644632,2025-01-05 13:21:30.908376,2025-01-05 13:21:34.320630,0 days 00:00:03.412254,2,8,2.0,,,,,,,,,,,,,,,,,,,40,35.0,,,,,,,,,,,,,,,,,,,COMPLETE
956,956,0.903125,2025-01-05 13:21:34.321057,2025-01-05 13:21:38.497139,0 days 00:00:04.176082,3,7,2.0,,,,,,,,,,,2.0,,,,,,,,35,15.0,,,,,,,,,,,30.0,,,,,,,,COMPLETE
957,957,0.37845849802371545,2025-01-05 13:21:38.497586,2025-01-05 13:21:53.669371,0 days 00:00:15.171785,8,7,1.0,,,,,,,,,,,3.0,4.0,3.0,13.0,7.0,2.0,,,30,5.0,,,,,,,,,,,35.0,45.0,60.0,5.0,5.0,40.0,,,COMPLETE
958,958,0.8709677419354839,2025-01-05 13:21:53.669956,2025-01-05 13:21:57.375689,0 days 00:00:03.705733,2,8,2.0,,,,,,,,,,,,,,,,,,,55,35.0,,,,,,,,,,,,,,,,,,,COMPLETE
959,959,0.31761006289308175,2025-01-05 13:21:57.376122,2025-01-05 13:22:08.651632,0 days 00:00:11.275510,5,9,13.0,,,,,,,,,,,15.0,2.0,15.0,,,,,,40,10.0,,,,,,,,,,,45.0,30.0,45.0,,,,,,COMPLETE
960,960,0.7960805084745763,2025-01-05 13:22:08.652160,2025-01-05 13:22:12.795625,0 days 00:00:04.143465,3,8,1.0,,,,,,,,,,,1.0,,,,,,,,35,30.0,,,,,,,,,,,20.0,,,,,,,,COMPLETE
961,961,0.8868318122555411,2025-01-05 13:22:12.796080,2025-01-05 13:22:16.184728,0 days 00:00:03.388648,2,7,3.0,,,,,,,,,,,,,,,,,,,30,35.0,,,,,,,,,,,,,,,,,,,COMPLETE
962,962,0.7483210745123121,2025-01-05 13:22:16.185356,2025-01-05 13:22:22.094545,0 days 00:00:05.909189,1,8,,,,,,,,,,,,,,,,,,,,40,,,,,,,,,,,,,,,,,,,,COMPLETE
963,963,0.4482758620689655,2025-01-05 13:22:22.095083,2025-01-05 13:22:27.076298,0 days 00:00:04.981215,4,10,8.0,,,,,,,,,,,4.0,6.0,,,,,,,50,10.0,,,,,,,,,,,50.0,55.0,,,,,,,COMPLETE
964,964,0.9028213166144201,2025-01-05 13:22:27.076781,2025-01-05 13:22:30.509203,0 days 00:00:03.432422,2,9,3.0,,,,,,,,,,,,,,,,,,,45,5.0,,,,,,,,,,,,,,,,,,,COMPLETE
965,965,0.8544980443285528,2025-01-05 13:22:30.509622,2025-01-05 13:22:34.679104,0 days 00:00:04.169482,3,8,2.0,,,,,,,,,,,2.0,,,,,,,,30,40.0,,,,,,,,,,,45.0,,,,,,,,COMPLETE
966,966,0.8781068217874141,2025-01-05 13:22:34.679549,2025-01-05 13:22:37.350644,0 days 00:00:02.671095,1,1,,,,,,,,,,,,,,,,,,,,40,,,,,,,,,,,,,,,,,,,,COMPLETE
967,967,0.8455843469063987,2025-01-05 13:22:37.351043,2025-01-05 13:22:40.736214,0 days 00:00:03.385171,2,7,6.0,,,,,,,,,,,,,,,,,,,40,35.0,,,,,,,,,,,,,,,,,,,COMPLETE
968,968,0.8544980443285528,2025-01-05 13:22:40.736634,2025-01-05 13:22:44.164789,0 days 00:00:03.428155,2,13,1.0,,,,,,,,,,,,,,,,,,,35,25.0,,,,,,,,,,,,,,,,,,,COMPLETE
969,969,0.845603813559322,2025-01-05 13:22:44.165208,2025-01-05 13:22:48.327576,0 days 00:00:04.162368,3,8,4.0,,,,,,,,,,,1.0,,,,,,,,35,5.0,,,,,,,,,,,40.0,,,,,,,,COMPLETE
970,970,0.8293650793650793,2025-01-05 13:22:48.328020,2025-01-05 13:22:51.726025,0 days 00:00:03.398005,2,7,2.0,,,,,,,,,,,,,,,,,,,45,30.0,,,,,,,,,,,,,,,,,,,COMPLETE
971,971,0.742979242979243,2025-01-05 13:22:51.726435,2025-01-05 13:22:57.642191,0 days 00:00:05.915756,1,9,,,,,,,,,,,,,,,,,,,,40,,,,,,,,,,,,,,,,,,,,COMPLETE
972,972,0.845603813559322,2025-01-05 13:22:57.642593,2025-01-05 13:23:01.825082,0 days 00:00:04.182489,3,8,2.0,,,,,,,,,,,3.0,,,,,,,,30,10.0,,,,,,,,,,,15.0,,,,,,,,COMPLETE
973,973,0.8870673952641166,2025-01-05 13:23:01.825620,2025-01-05 13:23:05.203761,0 days 00:00:03.378141,2,7,3.0,,,,,,,,,,,,,,,,,,,40,35.0,,,,,,,,,,,,,,,,,,,COMPLETE
974,974,0.8194780737153619,2025-01-05 13:23:05.204202,2025-01-05 13:23:10.169588,0 days 00:00:04.965386,4,8,1.0,,,,,,,,,,,2.0,4.0,,,,,,,35,40.0,,,,,,,,,,,30.0,10.0,,,,,,,COMPLETE
975,975,0.8708333333333333,2025-01-05 13:23:10.170061,2025-01-05 13:23:13.617079,0 days 00:00:03.447018,2,8,2.0,,,,,,,,,,,,,,,,,,,45,35.0,,,,,,,,,,,,,,,,,,,COMPLETE
976,976,0.6165865384615384,2025-01-05 13:23:13.617500,2025-01-05 13:23:17.929762,0 days 00:00:04.312262,3,8,3.0,,,,,,,,,,,5.0,,,,,,,,60,15.0,,,,,,,,,,,25.0,,,,,,,,COMPLETE
977,977,0.8360655737704918,2025-01-05 13:23:17.930211,2025-01-05 13:23:22.089683,0 days 00:00:04.159472,3,5,2.0,,,,,,,,,,,1.0,,,,,,,,50,5.0,,,,,,,,,,,35.0,,,,,,,,COMPLETE
978,978,0.87042842215256,2025-01-05 13:23:22.090153,2025-01-05 13:23:25.436326,0 days 00:00:03.346173,2,7,1.0,,,,,,,,,,,,,,,,,,,30,35.0,,,,,,,,,,,,,,,,,,,COMPLETE
979,979,0.8604465709728868,2025-01-05 13:23:25.436739,2025-01-05 13:23:28.831488,0 days 00:00:03.394749,2,9,3.0,,,,,,,,,,,,,,,,,,,35,10.0,,,,,,,,,,,,,,,,,,,COMPLETE
980,980,0.861228813559322,2025-01-05 13:23:28.831905,2025-01-05 13:23:34.704559,0 days 00:00:05.872654,1,7,,,,,,,,,,,,,,,,,,,,40,,,,,,,,,,,,,,,,,,,,COMPLETE
981,981,0.8360215053763441,2025-01-05 13:23:34.704956,2025-01-05 13:23:38.159418,0 days 00:00:03.454462,2,8,9.0,,,,,,,,,,,,,,,,,,,45,25.0,,,,,,,,,,,,,,,,,,,COMPLETE
982,982,0.706060606060606,2025-01-05 13:23:38.159829,2025-01-05 13:23:43.285091,0 days 00:00:05.125262,4,9,1.0,,,,,,,,,,,4.0,5.0,,,,,,,55,40.0,,,,,,,,,,,50.0,5.0,,,,,,,COMPLETE
983,983,0.8387096774193549,2025-01-05 13:23:43.285545,2025-01-05 13:23:47.463289,0 days 00:00:04.177744,3,8,4.0,,,,,,,,,,,2.0,,,,,,,,30,35.0,,,,,,,,,,,40.0,,,,,,,,COMPLETE
984,984,0.6612021857923497,2025-01-05 13:23:47.463728,2025-01-05 13:23:51.620095,0 days 00:00:04.156367,3,9,2.0,,,,,,,,,,,9.0,,,,,,,,35,5.0,,,,,,,,,,,5.0,,,,,,,,COMPLETE
985,985,0.7945165945165945,2025-01-05 13:23:51.620534,2025-01-05 13:23:57.554364,0 days 00:00:05.933830,1,8,,,,,,,,,,,,,,,,,,,,40,,,,,,,,,,,,,,,,,,,,COMPLETE
986,986,0.8526881720430108,2025-01-05 13:23:57.555096,2025-01-05 13:24:00.713821,0 days 00:00:03.158725,2,7,2.0,,,,,,,,,,,,,,,,,,,40,30.0,,,,,,,,,,,,,,,,,,,COMPLETE
987,987,0.5029131355932204,2025-01-05 13:24:00.714247,2025-01-05 13:24:13.656865,0 days 00:00:12.942618,7,7,1.0,,,,,,,,,,,3.0,1.0,2.0,12.0,11.0,,,,45,10.0,,,,,,,,,,,10.0,20.0,5.0,10.0,50.0,,,,COMPLETE
988,988,0.7960805084745763,2025-01-05 13:24:13.657434,2025-01-05 13:24:17.041267,0 days 00:00:03.383833,2,8,3.0,,,,,,,,,,,,,,,,,,,30,35.0,,,,,,,,,,,,,,,,,,,COMPLETE
989,989,0.7303703703703703,2025-01-05 13:24:17.041692,2025-01-05 13:24:21.620648,0 days 00:00:04.578956,1,4,,,,,,,,,,,,,,,,,,,,35,,,,,,,,,,,,,,,,,,,,COMPLETE
990,990,0.9258373205741627,2025-01-05 13:24:21.621052,2025-01-05 13:24:25.812555,0 days 00:00:04.191503,3,8,3.0,,,,,,,,,,,3.0,,,,,,,,40,35.0,,,,,,,,,,,25.0,,,,,,,,COMPLETE
991,991,0.40534591194968556,2025-01-05 13:24:25.812998,2025-01-05 13:24:30.824590,0 days 00:00:05.011592,4,8,7.0,,,,,,,,,,,3.0,7.0,,,,,,,40,45.0,,,,,,,,,,,25.0,50.0,,,,,,,COMPLETE
992,992,0.6050847457627119,2025-01-05 13:24:30.825061,2025-01-05 13:24:36.068201,0 days 00:00:05.243140,4,8,2.0,,,,,,,,,,,3.0,12.0,,,,,,,40,5.0,,,,,,,,,,,25.0,15.0,,,,,,,COMPLETE
993,993,0.80625,2025-01-05 13:24:36.068662,2025-01-05 13:24:40.276313,0 days 00:00:04.207651,3,8,2.0,,,,,,,,,,,4.0,,,,,,,,40,40.0,,,,,,,,,,,25.0,,,,,,,,COMPLETE
994,994,0.6483990147783252,2025-01-05 13:24:40.276753,2025-01-05 13:24:44.722721,0 days 00:00:04.445968,4,8,1.0,,,,,,,,,,,2.0,9.0,,,,,,,40,35.0,,,,,,,,,,,20.0,30.0,,,,,,,COMPLETE
995,995,0.8286247334754797,2025-01-05 13:24:44.723193,2025-01-05 13:24:49.039962,0 days 00:00:04.316769,3,14,1.0,,,,,,,,,,,4.0,,,,,,,,40,10.0,,,,,,,,,,,20.0,,,,,,,,COMPLETE
996,996,0.8681732580037664,2025-01-05 13:24:49.040409,2025-01-05 13:24:53.238353,0 days 00:00:04.197944,3,8,3.0,,,,,,,,,,,3.0,,,,,,,,40,35.0,,,,,,,,,,,25.0,,,,,,,,COMPLETE
997,997,0.7329813837176993,2025-01-05 13:24:53.238786,2025-01-05 13:24:58.324841,0 days 00:00:05.086055,4,7,2.0,,,,,,,,,,,2.0,5.0,,,,,,,40,5.0,,,,,,,,,,,30.0,40.0,,,,,,,COMPLETE
998,998,0.8870673952641166,2025-01-05 13:24:58.325314,2025-01-05 13:25:02.533323,0 days 00:00:04.208009,3,8,3.0,,,,,,,,,,,3.0,,,,,,,,40,30.0,,,,,,,,,,,25.0,,,,,,,,COMPLETE
999,999,0.8548009367681498,2025-01-05 13:25:02.533782,2025-01-05 13:25:06.699653,0 days 00:00:04.165871,3,7,2.0,,,,,,,,,,,2.0,,,,,,,,40,10.0,,,,,,,,,,,20.0,,,,,,,,COMPLETE
