,number,value,datetime_start,datetime_complete,duration,params_depth,params_grids_0,params_grids_1,params_grids_10,params_grids_11,params_grids_12,params_grids_13,params_grids_14,params_grids_15,params_grids_16,params_grids_17,params_grids_18,params_grids_19,params_grids_2,params_grids_3,params_grids_4,params_grids_5,params_grids_6,params_grids_7,params_grids_8,params_grids_9,params_neurons_layer_0,params_neurons_layer_1,params_neurons_layer_10,params_neurons_layer_11,params_neurons_layer_12,params_neurons_layer_13,params_neurons_layer_14,params_neurons_layer_15,params_neurons_layer_16,params_neurons_layer_17,params_neurons_layer_18,params_neurons_layer_19,params_neurons_layer_2,params_neurons_layer_3,params_neurons_layer_4,params_neurons_layer_5,params_neurons_layer_6,params_neurons_layer_7,params_neurons_layer_8,params_neurons_layer_9,state
0,0,0.9395838403504502,2025-01-06 19:49:26.872800,2025-01-06 19:49:32.534729,0 days 00:00:05.661929,1,3,,,,,,,,,,,,,,,,,,,,10,,,,,,,,,,,,,,,,,,,,COMPLETE
1,1,0.0,2025-01-06 19:49:32.535051,2025-01-06 19:51:04.394619,0 days 00:01:31.859568,18,3,9.0,7.0,6.0,7.0,12.0,5.0,12.0,1.0,11.0,,,10.0,10.0,11.0,3.0,12.0,2.0,12.0,4.0,25,25.0,5.0,25.0,35.0,35.0,50.0,15.0,50.0,20.0,,,40.0,30.0,15.0,40.0,55.0,35.0,15.0,50.0,COMPLETE
2,2,0.4917857953256183,2025-01-06 19:51:04.395400,2025-01-06 19:52:00.584287,0 days 00:00:56.188887,6,8,12.0,,,,,,,,,,,2.0,13.0,5.0,11.0,,,,,35,50.0,,,,,,,,,,,50.0,45.0,40.0,40.0,,,,,COMPLETE
3,3,0.6135995594756718,2025-01-06 19:52:00.584878,2025-01-06 19:52:33.601583,0 days 00:00:33.016705,4,6,15.0,,,,,,,,,,,13.0,6.0,,,,,,,25,45.0,,,,,,,,,,,45.0,10.0,,,,,,,COMPLETE
4,4,0.7560587902393555,2025-01-06 19:52:33.602112,2025-01-06 19:52:39.904135,0 days 00:00:06.302023,2,8,14.0,,,,,,,,,,,,,,,,,,,25,10.0,,,,,,,,,,,,,,,,,,,COMPLETE
5,5,0.0,2025-01-06 19:52:39.904457,2025-01-06 19:54:53.953808,0 days 00:02:14.049351,18,13,6.0,13.0,10.0,14.0,12.0,2.0,1.0,8.0,4.0,,,3.0,15.0,12.0,7.0,5.0,8.0,14.0,9.0,10,15.0,25.0,55.0,40.0,40.0,55.0,30.0,35.0,20.0,,,50.0,55.0,45.0,20.0,25.0,60.0,5.0,45.0,COMPLETE
6,6,0.0,2025-01-06 19:54:53.954576,2025-01-06 19:56:45.113175,0 days 00:01:51.158599,19,8,8.0,9.0,15.0,15.0,9.0,13.0,14.0,8.0,7.0,15.0,,12.0,1.0,14.0,5.0,13.0,5.0,7.0,14.0,35,40.0,30.0,60.0,40.0,40.0,20.0,5.0,40.0,5.0,60.0,,50.0,30.0,15.0,25.0,5.0,15.0,5.0,15.0,COMPLETE
7,7,0.38062841763499655,2025-01-06 19:56:45.114014,2025-01-06 19:57:02.577791,0 days 00:00:17.463777,9,4,8.0,,,,,,,,,,,5.0,9.0,15.0,4.0,11.0,8.0,9.0,,20,60.0,,,,,,,,,,,15.0,30.0,30.0,60.0,60.0,45.0,25.0,,COMPLETE
8,8,0.3014835041561099,2025-01-06 19:57:02.578260,2025-01-06 19:57:29.444967,0 days 00:00:26.866707,17,1,8.0,7.0,4.0,1.0,7.0,13.0,7.0,8.0,,,,15.0,5.0,13.0,6.0,9.0,3.0,12.0,3.0,35,35.0,5.0,5.0,35.0,60.0,45.0,25.0,20.0,,,,35.0,45.0,20.0,45.0,45.0,20.0,60.0,15.0,COMPLETE
9,9,0.6359504132231405,2025-01-06 19:57:29.445599,2025-01-06 19:57:41.810094,0 days 00:00:12.364495,3,9,5.0,,,,,,,,,,,7.0,,,,,,,,35,10.0,,,,,,,,,,,35.0,,,,,,,,COMPLETE
10,10,0.37705149971703456,2025-01-06 19:57:41.810452,2025-01-06 19:58:48.283998,0 days 00:01:06.473546,13,14,1.0,3.0,1.0,1.0,,,,,,,,8.0,1.0,1.0,15.0,2.0,14.0,1.0,15.0,60,25.0,60.0,35.0,5.0,,,,,,,,5.0,5.0,60.0,5.0,20.0,10.0,50.0,60.0,COMPLETE
11,11,0.9392298135267951,2025-01-06 19:58:48.284717,2025-01-06 19:58:54.673183,0 days 00:00:06.388466,1,10,,,,,,,,,,,,,,,,,,,,5,,,,,,,,,,,,,,,,,,,,COMPLETE
12,12,0.8773092784191978,2025-01-06 19:58:54.673616,2025-01-06 19:59:01.299912,0 days 00:00:06.626296,1,11,,,,,,,,,,,,,,,,,,,,5,,,,,,,,,,,,,,,,,,,,COMPLETE
13,13,0.2730242090431664,2025-01-06 19:59:01.300244,2025-01-06 19:59:30.509116,0 days 00:00:29.208872,7,11,1.0,,,,,,,,,,,5.0,12.0,7.0,1.0,15.0,,,,10,60.0,,,,,,,,,,,60.0,15.0,5.0,60.0,5.0,,,,COMPLETE
14,14,0.4065220208932784,2025-01-06 19:59:30.509537,2025-01-06 20:00:14.046151,0 days 00:00:43.536614,13,5,11.0,1.0,12.0,9.0,,,,,,,,1.0,5.0,1.0,11.0,1.0,13.0,1.0,9.0,50,25.0,60.0,5.0,60.0,,,,,,,,20.0,60.0,60.0,5.0,40.0,55.0,40.0,30.0,COMPLETE
15,15,0.4683133447553779,2025-01-06 20:00:14.046831,2025-01-06 20:00:42.516714,0 days 00:00:28.469883,6,1,4.0,,,,,,,,,,,15.0,3.0,5.0,15.0,,,,,5,50.0,,,,,,,,,,,25.0,20.0,50.0,20.0,,,,,COMPLETE
16,16,0.9397558690697577,2025-01-06 20:00:42.517134,2025-01-06 20:00:52.279662,0 days 00:00:09.762528,1,11,,,,,,,,,,,,,,,,,,,,15,,,,,,,,,,,,,,,,,,,,COMPLETE
17,17,0.5922342004629164,2025-01-06 20:00:52.279980,2025-01-06 20:01:05.798942,0 days 00:00:13.518962,4,13,3.0,,,,,,,,,,,10.0,7.0,,,,,,,15,5.0,,,,,,,,,,,5.0,45.0,,,,,,,COMPLETE
18,18,0.10480325040351757,2025-01-06 20:01:05.799474,2025-01-06 20:01:24.157222,0 days 00:00:18.357748,10,6,12.0,,,,,,,,,,,4.0,15.0,9.0,10.0,6.0,11.0,5.0,1.0,15,20.0,,,,,,,,,,,60.0,20.0,30.0,50.0,20.0,30.0,35.0,30.0,COMPLETE
19,19,0.0,2025-01-06 20:01:24.157698,2025-01-06 20:02:23.775283,0 days 00:00:59.617585,13,2,10.0,15.0,15.0,7.0,,,,,,,,10.0,11.0,4.0,9.0,4.0,5.0,4.0,12.0,45,30.0,45.0,40.0,5.0,,,,,,,,25.0,40.0,5.0,30.0,35.0,5.0,60.0,5.0,COMPLETE
20,20,0.543980088032754,2025-01-06 20:02:23.775996,2025-01-06 20:03:00.698835,0 days 00:00:36.922839,7,12,6.0,,,,,,,,,,,7.0,3.0,9.0,13.0,8.0,,,,15,55.0,,,,,,,,,,,15.0,55.0,40.0,15.0,50.0,,,,COMPLETE
21,21,0.9153225806451613,2025-01-06 20:03:00.699279,2025-01-06 20:03:07.075559,0 days 00:00:06.376280,1,10,,,,,,,,,,,,,,,,,,,,5,,,,,,,,,,,,,,,,,,,,COMPLETE
22,22,0.4347175458286569,2025-01-06 20:03:07.075883,2025-01-06 20:03:26.678537,0 days 00:00:19.602654,4,10,14.0,,,,,,,,,,,12.0,8.0,,,,,,,10,40.0,,,,,,,,,,,30.0,5.0,,,,,,,COMPLETE
23,23,0.9290740006067536,2025-01-06 20:03:26.679056,2025-01-06 20:03:40.233221,0 days 00:00:13.554165,1,15,,,,,,,,,,,,,,,,,,,,20,,,,,,,,,,,,,,,,,,,,COMPLETE
24,24,0.9146993482991574,2025-01-06 20:03:40.233536,2025-01-06 20:03:46.184403,0 days 00:00:05.950867,3,10,3.0,,,,,,,,,,,1.0,,,,,,,,5,5.0,,,,,,,,,,,10.0,,,,,,,,COMPLETE
25,25,0.5730257320319432,2025-01-06 20:03:46.184734,2025-01-06 20:04:12.351195,0 days 00:00:26.166461,5,7,6.0,,,,,,,,,,,6.0,13.0,3.0,,,,,,20,35.0,,,,,,,,,,,55.0,20.0,25.0,,,,,,COMPLETE
26,26,0.8870585331128868,2025-01-06 20:04:12.351609,2025-01-06 20:04:19.925713,0 days 00:00:07.574104,2,12,13.0,,,,,,,,,,,,,,,,,,,10,15.0,,,,,,,,,,,,,,,,,,,COMPLETE
27,27,0.06981981981981983,2025-01-06 20:04:19.926131,2025-01-06 20:04:34.087494,0 days 00:00:14.161363,15,9,2.0,11.0,1.0,11.0,2.0,8.0,,,,,,9.0,3.0,7.0,2.0,15.0,11.0,15.0,6.0,15,45.0,20.0,20.0,60.0,5.0,5.0,,,,,,40.0,35.0,50.0,35.0,15.0,30.0,25.0,40.0,COMPLETE
28,28,0.44217611656636047,2025-01-06 20:04:34.088117,2025-01-06 20:04:52.054656,0 days 00:00:17.966539,8,4,10.0,,,,,,,,,,,13.0,9.0,11.0,8.0,8.0,15.0,,,30,55.0,,,,,,,,,,,25.0,55.0,10.0,50.0,30.0,45.0,,,COMPLETE
29,29,0.5917151515151515,2025-01-06 20:04:52.055095,2025-01-06 20:05:00.631899,0 days 00:00:08.576804,3,3,15.0,,,,,,,,,,,3.0,,,,,,,,10,30.0,,,,,,,,,,,15.0,,,,,,,,COMPLETE
30,30,0.8326304824167534,2025-01-06 20:05:00.632260,2025-01-06 20:05:09.436011,0 days 00:00:08.803751,1,7,,,,,,,,,,,,,,,,,,,,20,,,,,,,,,,,,,,,,,,,,COMPLETE
31,31,0.9297120415486211,2025-01-06 20:05:09.436335,2025-01-06 20:05:22.807369,0 days 00:00:13.371034,1,15,,,,,,,,,,,,,,,,,,,,20,,,,,,,,,,,,,,,,,,,,COMPLETE
32,32,0.9405664922521877,2025-01-06 20:05:22.807685,2025-01-06 20:05:30.353923,0 days 00:00:07.546238,2,15,4.0,,,,,,,,,,,,,,,,,,,15,20.0,,,,,,,,,,,,,,,,,,,COMPLETE
33,33,0.5324930775984331,2025-01-06 20:05:30.354351,2025-01-06 20:06:03.871971,0 days 00:00:33.517620,5,14,4.0,,,,,,,,,,,14.0,14.0,3.0,,,,,,30,20.0,,,,,,,,,,,40.0,25.0,35.0,,,,,,COMPLETE
34,34,0.9292232503439399,2025-01-06 20:06:03.872474,2025-01-06 20:06:10.344751,0 days 00:00:06.472277,2,12,7.0,,,,,,,,,,,,,,,,,,,25,15.0,,,,,,,,,,,,,,,,,,,COMPLETE
35,35,0.6634215785099121,2025-01-06 20:06:10.345098,2025-01-06 20:06:21.226693,0 days 00:00:10.881595,3,9,2.0,,,,,,,,,,,11.0,,,,,,,,15,20.0,,,,,,,,,,,30.0,,,,,,,,COMPLETE
36,36,0.346537120079721,2025-01-06 20:06:21.227083,2025-01-06 20:06:51.388899,0 days 00:00:30.161816,5,11,9.0,,,,,,,,,,,8.0,11.0,9.0,,,,,,5,10.0,,,,,,,,,,,45.0,40.0,55.0,,,,,,COMPLETE
37,37,0.9302125523201372,2025-01-06 20:06:51.389482,2025-01-06 20:06:55.912188,0 days 00:00:04.522706,2,7,5.0,,,,,,,,,,,,,,,,,,,10,25.0,,,,,,,,,,,,,,,,,,,COMPLETE
38,38,0.66530546654189,2025-01-06 20:06:55.912532,2025-01-06 20:07:09.705115,0 days 00:00:13.792583,3,13,4.0,,,,,,,,,,,6.0,,,,,,,,25,40.0,,,,,,,,,,,10.0,,,,,,,,COMPLETE
39,39,0.6348770851624232,2025-01-06 20:07:09.705503,2025-01-06 20:07:26.407344,0 days 00:00:16.701841,4,14,7.0,,,,,,,,,,,9.0,4.0,,,,,,,10,30.0,,,,,,,,,,,20.0,60.0,,,,,,,COMPLETE
40,40,0.48130921619293715,2025-01-06 20:07:26.407749,2025-01-06 20:08:02.453075,0 days 00:00:36.045326,6,6,2.0,,,,,,,,,,,11.0,8.0,15.0,13.0,,,,,45,45.0,,,,,,,,,,,55.0,10.0,25.0,10.0,,,,,COMPLETE
41,41,0.9247560866451844,2025-01-06 20:08:02.453652,2025-01-06 20:08:06.642422,0 days 00:00:04.188770,2,8,5.0,,,,,,,,,,,,,,,,,,,10,25.0,,,,,,,,,,,,,,,,,,,COMPLETE
42,42,0.9201980946364411,2025-01-06 20:08:06.642766,2025-01-06 20:08:11.180036,0 days 00:00:04.537270,2,7,5.0,,,,,,,,,,,,,,,,,,,5,25.0,,,,,,,,,,,,,,,,,,,COMPLETE
43,43,0.8561476039976083,2025-01-06 20:08:11.180388,2025-01-06 20:08:18.221935,0 days 00:00:07.041547,1,5,,,,,,,,,,,,,,,,,,,,15,,,,,,,,,,,,,,,,,,,,COMPLETE
44,44,0.9323174340819494,2025-01-06 20:08:18.222248,2025-01-06 20:08:21.890197,0 days 00:00:03.667949,2,3,7.0,,,,,,,,,,,,,,,,,,,10,10.0,,,,,,,,,,,,,,,,,,,COMPLETE
45,45,0.6141398619308722,2025-01-06 20:08:21.890525,2025-01-06 20:08:31.620028,0 days 00:00:09.729503,4,3,9.0,,,,,,,,,,,2.0,2.0,,,,,,,5,10.0,,,,,,,,,,,40.0,50.0,,,,,,,COMPLETE
46,46,0.33690106035238776,2025-01-06 20:08:31.620409,2025-01-06 20:08:53.602276,0 days 00:00:21.981867,20,1,7.0,4.0,7.0,4.0,1.0,9.0,1.0,14.0,15.0,2.0,11.0,4.0,6.0,7.0,12.0,3.0,1.0,9.0,12.0,15,5.0,45.0,45.0,20.0,5.0,30.0,60.0,5.0,60.0,5.0,25.0,45.0,35.0,40.0,30.0,60.0,45.0,45.0,20.0,COMPLETE
47,47,0.5884423503325942,2025-01-06 20:08:53.602944,2025-01-06 20:09:09.019022,0 days 00:00:15.416078,3,3,10.0,,,,,,,,,,,14.0,,,,,,,,60,15.0,,,,,,,,,,,55.0,,,,,,,,COMPLETE
48,48,0.9325432714798066,2025-01-06 20:09:09.019563,2025-01-06 20:09:12.443756,0 days 00:00:03.424193,2,4,6.0,,,,,,,,,,,,,,,,,,,10,20.0,,,,,,,,,,,,,,,,,,,COMPLETE
49,49,0.3351672060409925,2025-01-06 20:09:12.444092,2025-01-06 20:09:31.835912,0 days 00:00:19.391820,11,5,3.0,15.0,,,,,,,,,,3.0,12.0,11.0,7.0,10.0,5.0,4.0,7.0,25,35.0,45.0,,,,,,,,,,10.0,15.0,15.0,55.0,10.0,20.0,20.0,60.0,COMPLETE
50,50,0.820221809545653,2025-01-06 20:09:31.836421,2025-01-06 20:09:37.015861,0 days 00:00:05.179440,1,2,,,,,,,,,,,,,,,,,,,,5,,,,,,,,,,,,,,,,,,,,COMPLETE
51,51,0.9246441997851773,2025-01-06 20:09:37.016180,2025-01-06 20:09:40.826203,0 days 00:00:03.810023,2,4,7.0,,,,,,,,,,,,,,,,,,,10,20.0,,,,,,,,,,,,,,,,,,,COMPLETE
52,52,0.6434252722232623,2025-01-06 20:09:40.826518,2025-01-06 20:09:48.090239,0 days 00:00:07.263721,3,2,6.0,,,,,,,,,,,12.0,,,,,,,,15,10.0,,,,,,,,,,,20.0,,,,,,,,COMPLETE
53,53,0.9322671601022117,2025-01-06 20:09:48.090606,2025-01-06 20:09:54.048555,0 days 00:00:05.957949,1,4,,,,,,,,,,,,,,,,,,,,10,,,,,,,,,,,,,,,,,,,,COMPLETE
54,54,0.6714392828230626,2025-01-06 20:09:54.048879,2025-01-06 20:10:07.580446,0 days 00:00:13.531567,4,3,8.0,,,,,,,,,,,2.0,9.0,,,,,,,5,15.0,,,,,,,,,,,50.0,25.0,,,,,,,COMPLETE
55,55,0.914337690956879,2025-01-06 20:10:07.580929,2025-01-06 20:10:12.240376,0 days 00:00:04.659447,2,9,6.0,,,,,,,,,,,,,,,,,,,20,5.0,,,,,,,,,,,,,,,,,,,COMPLETE
56,56,0.6264518557929551,2025-01-06 20:10:12.240719,2025-01-06 20:10:34.398614,0 days 00:00:22.157895,6,2,4.0,,,,,,,,,,,7.0,10.0,2.0,1.0,,,,,40,10.0,,,,,,,,,,,35.0,50.0,50.0,15.0,,,,,COMPLETE
57,57,0.16888023814975955,2025-01-06 20:10:34.399101,2025-01-06 20:11:00.776688,0 days 00:00:26.377587,17,10,8.0,5.0,11.0,12.0,7.0,1.0,7.0,1.0,,,,9.0,14.0,5.0,4.0,6.0,10.0,12.0,12.0,10,20.0,15.0,20.0,20.0,60.0,5.0,55.0,60.0,,,,45.0,40.0,25.0,40.0,35.0,35.0,50.0,5.0,COMPLETE
58,58,0.6710274865192184,2025-01-06 20:11:00.777305,2025-01-06 20:11:10.522484,0 days 00:00:09.745179,1,11,,,,,,,,,,,,,,,,,,,,15,,,,,,,,,,,,,,,,,,,,COMPLETE
59,59,0.6012707262913918,2025-01-06 20:11:10.522821,2025-01-06 20:11:31.475520,0 days 00:00:20.952699,5,1,9.0,,,,,,,,,,,5.0,7.0,13.0,,,,,,55,30.0,,,,,,,,,,,30.0,10.0,35.0,,,,,,COMPLETE
60,60,0.8728027798966014,2025-01-06 20:11:31.476111,2025-01-06 20:11:38.200841,0 days 00:00:06.724730,2,8,11.0,,,,,,,,,,,,,,,,,,,5,20.0,,,,,,,,,,,,,,,,,,,COMPLETE
61,61,0.9225361860913003,2025-01-06 20:11:38.201203,2025-01-06 20:11:44.160673,0 days 00:00:05.959470,1,4,,,,,,,,,,,,,,,,,,,,10,,,,,,,,,,,,,,,,,,,,COMPLETE
62,62,0.9334523858964243,2025-01-06 20:11:44.160983,2025-01-06 20:11:50.117454,0 days 00:00:05.956471,1,4,,,,,,,,,,,,,,,,,,,,10,,,,,,,,,,,,,,,,,,,,COMPLETE
63,63,0.6837546193643755,2025-01-06 20:11:50.117753,2025-01-06 20:11:58.754108,0 days 00:00:08.636355,3,5,1.0,,,,,,,,,,,14.0,,,,,,,,15,10.0,,,,,,,,,,,50.0,,,,,,,,COMPLETE
64,64,0.6201117318435754,2025-01-06 20:11:58.754465,2025-01-06 20:12:22.971143,0 days 00:00:24.216678,4,13,5.0,,,,,,,,,,,11.0,4.0,,,,,,,10,25.0,,,,,,,,,,,60.0,50.0,,,,,,,COMPLETE
65,65,0.9465603112623573,2025-01-06 20:12:22.971562,2025-01-06 20:12:27.178858,0 days 00:00:04.207296,2,3,3.0,,,,,,,,,,,,,,,,,,,5,15.0,,,,,,,,,,,,,,,,,,,COMPLETE
66,66,0.932433635705938,2025-01-06 20:12:27.179197,2025-01-06 20:12:32.879787,0 days 00:00:05.700590,1,6,,,,,,,,,,,,,,,,,,,,5,,,,,,,,,,,,,,,,,,,,COMPLETE
67,67,0.6066380395264286,2025-01-06 20:12:32.880181,2025-01-06 20:12:40.550045,0 days 00:00:07.669864,3,6,3.0,,,,,,,,,,,13.0,,,,,,,,5,15.0,,,,,,,,,,,5.0,,,,,,,,COMPLETE
68,68,0.9547738693467337,2025-01-06 20:12:40.550491,2025-01-06 20:12:43.116142,0 days 00:00:02.565651,2,2,1.0,,,,,,,,,,,,,,,,,,,20,35.0,,,,,,,,,,,,,,,,,,,COMPLETE
69,69,0.28123843860399994,2025-01-06 20:12:43.116476,2025-01-06 20:13:19.059712,0 days 00:00:35.943236,10,2,1.0,,,,,,,,,,,6.0,2.0,8.0,9.0,13.0,7.0,7.0,1.0,20,35.0,,,,,,,,,,,35.0,25.0,10.0,25.0,45.0,55.0,15.0,35.0,COMPLETE
70,70,0.4104456932575178,2025-01-06 20:13:19.060218,2025-01-06 20:14:07.027808,0 days 00:00:47.967590,7,11,2.0,,,,,,,,,,,15.0,10.0,6.0,14.0,7.0,,,,15,40.0,,,,,,,,,,,25.0,15.0,55.0,50.0,25.0,,,,COMPLETE
71,71,0.9516910896590041,2025-01-06 20:14:07.028421,2025-01-06 20:14:09.892545,0 days 00:00:02.864124,2,4,3.0,,,,,,,,,,,,,,,,,,,15,30.0,,,,,,,,,,,,,,,,,,,COMPLETE
72,72,0.9367144613706636,2025-01-06 20:14:09.892899,2025-01-06 20:14:16.456823,0 days 00:00:06.563924,1,3,,,,,,,,,,,,,,,,,,,,20,,,,,,,,,,,,,,,,,,,,COMPLETE
73,73,0.9121041985353034,2025-01-06 20:14:16.457161,2025-01-06 20:14:22.895989,0 days 00:00:06.438828,3,3,3.0,,,,,,,,,,,4.0,,,,,,,,30,50.0,,,,,,,,,,,20.0,,,,,,,,COMPLETE
74,74,0.9388888888888889,2025-01-06 20:14:22.896344,2025-01-06 20:14:25.599240,0 days 00:00:02.702896,2,2,2.0,,,,,,,,,,,,,,,,,,,20,30.0,,,,,,,,,,,,,,,,,,,COMPLETE
75,75,0.9307341594575638,2025-01-06 20:14:25.599555,2025-01-06 20:14:30.516738,0 days 00:00:04.917183,4,1,1.0,,,,,,,,,,,1.0,6.0,,,,,,,20,30.0,,,,,,,,,,,5.0,30.0,,,,,,,COMPLETE
76,76,0.9447842294989359,2025-01-06 20:14:30.517134,2025-01-06 20:14:34.200720,0 days 00:00:03.683586,2,2,2.0,,,,,,,,,,,,,,,,,,,25,35.0,,,,,,,,,,,,,,,,,,,COMPLETE
77,77,0.28342722092722095,2025-01-06 20:14:34.201059,2025-01-06 20:14:45.527860,0 days 00:00:11.326801,12,1,2.0,11.0,4.0,,,,,,,,,10.0,15.0,10.0,6.0,1.0,13.0,10.0,5.0,25,40.0,35.0,45.0,,,,,,,,,15.0,35.0,20.0,35.0,50.0,5.0,30.0,50.0,COMPLETE
78,78,0.9475273719591334,2025-01-06 20:14:45.528495,2025-01-06 20:14:48.968191,0 days 00:00:03.439696,2,2,3.0,,,,,,,,,,,,,,,,,,,15,35.0,,,,,,,,,,,,,,,,,,,COMPLETE
79,79,0.3466980083852266,2025-01-06 20:14:48.968588,2025-01-06 20:14:58.594983,0 days 00:00:09.626395,15,2,3.0,1.0,9.0,4.0,15.0,15.0,,,,,,5.0,13.0,12.0,2.0,4.0,3.0,3.0,10.0,25,35.0,15.0,15.0,50.0,20.0,35.0,,,,,,55.0,5.0,45.0,10.0,15.0,25.0,55.0,25.0,COMPLETE
80,80,0.6966729105342967,2025-01-06 20:14:58.595603,2025-01-06 20:15:07.807367,0 days 00:00:09.211764,3,2,4.0,,,,,,,,,,,8.0,,,,,,,,15,35.0,,,,,,,,,,,40.0,,,,,,,,COMPLETE
81,81,0.9434361892105154,2025-01-06 20:15:07.807725,2025-01-06 20:15:13.701797,0 days 00:00:05.894072,2,15,1.0,,,,,,,,,,,,,,,,,,,15,45.0,,,,,,,,,,,,,,,,,,,COMPLETE
82,82,0.9414395140654233,2025-01-06 20:15:13.702130,2025-01-06 20:15:20.446733,0 days 00:00:06.744603,2,15,1.0,,,,,,,,,,,,,,,,,,,20,45.0,,,,,,,,,,,,,,,,,,,COMPLETE
83,83,0.9415512743327313,2025-01-06 20:15:20.447054,2025-01-06 20:15:26.418881,0 days 00:00:05.971827,2,15,1.0,,,,,,,,,,,,,,,,,,,20,45.0,,,,,,,,,,,,,,,,,,,COMPLETE
84,84,0.9501639127123415,2025-01-06 20:15:26.419205,2025-01-06 20:15:35.573816,0 days 00:00:09.154611,4,15,1.0,,,,,,,,,,,2.0,1.0,,,,,,,30,45.0,,,,,,,,,,,50.0,45.0,,,,,,,COMPLETE
85,85,0.9438355086393938,2025-01-06 20:15:35.574206,2025-01-06 20:15:43.683008,0 days 00:00:08.108802,4,14,1.0,,,,,,,,,,,2.0,1.0,,,,,,,30,45.0,,,,,,,,,,,50.0,45.0,,,,,,,COMPLETE
86,86,0.9421557054525014,2025-01-06 20:15:43.683374,2025-01-06 20:15:56.422040,0 days 00:00:12.738666,5,14,1.0,,,,,,,,,,,2.0,1.0,3.0,,,,,,35,50.0,,,,,,,,,,,50.0,45.0,45.0,,,,,,COMPLETE
87,87,0.9101495016611296,2025-01-06 20:15:56.422605,2025-01-06 20:16:10.816028,0 days 00:00:14.393423,5,14,2.0,,,,,,,,,,,2.0,1.0,2.0,,,,,,35,50.0,,,,,,,,,,,50.0,45.0,45.0,,,,,,COMPLETE
88,88,0.5889315449389386,2025-01-06 20:16:10.816483,2025-01-06 20:16:52.068859,0 days 00:00:41.252376,6,14,1.0,,,,,,,,,,,3.0,2.0,4.0,10.0,,,,,35,55.0,,,,,,,,,,,60.0,45.0,55.0,55.0,,,,,COMPLETE
89,89,0.9375547716507482,2025-01-06 20:16:52.069422,2025-01-06 20:17:02.073927,0 days 00:00:10.004505,4,15,2.0,,,,,,,,,,,1.0,1.0,,,,,,,30,45.0,,,,,,,,,,,45.0,50.0,,,,,,,COMPLETE
90,90,0.4083151634151075,2025-01-06 20:17:02.074408,2025-01-06 20:18:02.695824,0 days 00:01:00.621416,8,14,1.0,,,,,,,,,,,4.0,4.0,6.0,4.0,14.0,10.0,,,40,50.0,,,,,,,,,,,55.0,40.0,35.0,45.0,40.0,40.0,,,COMPLETE
91,91,0.9379347816906762,2025-01-06 20:18:02.696457,2025-01-06 20:18:14.759162,0 days 00:00:12.062705,4,15,1.0,,,,,,,,,,,3.0,1.0,,,,,,,30,45.0,,,,,,,,,,,50.0,55.0,,,,,,,COMPLETE
92,92,0.9422427267685172,2025-01-06 20:18:14.759572,2025-01-06 20:18:23.589015,0 days 00:00:08.829443,3,15,2.0,,,,,,,,,,,1.0,,,,,,,,25,50.0,,,,,,,,,,,45.0,,,,,,,,COMPLETE
93,93,0.9385366795899501,2025-01-06 20:18:23.589369,2025-01-06 20:18:30.253377,0 days 00:00:06.664008,3,14,2.0,,,,,,,,,,,1.0,,,,,,,,30,50.0,,,,,,,,,,,45.0,,,,,,,,COMPLETE
94,94,0.6073779869896374,2025-01-06 20:18:30.253732,2025-01-06 20:18:57.071569,0 days 00:00:26.817837,5,13,3.0,,,,,,,,,,,2.0,5.0,4.0,,,,,,25,55.0,,,,,,,,,,,55.0,45.0,40.0,,,,,,COMPLETE
95,95,0.9360771097406981,2025-01-06 20:18:57.072024,2025-01-06 20:19:05.560339,0 days 00:00:08.488315,3,14,2.0,,,,,,,,,,,2.0,,,,,,,,25,45.0,,,,,,,,,,,45.0,,,,,,,,COMPLETE
96,96,0.9465714596275889,2025-01-06 20:19:05.560842,2025-01-06 20:19:16.870004,0 days 00:00:11.309162,4,15,1.0,,,,,,,,,,,3.0,2.0,,,,,,,30,40.0,,,,,,,,,,,60.0,60.0,,,,,,,COMPLETE
97,97,0.665053171983865,2025-01-06 20:19:16.870428,2025-01-06 20:19:39.126351,0 days 00:00:22.255923,4,15,3.0,,,,,,,,,,,4.0,3.0,,,,,,,30,40.0,,,,,,,,,,,60.0,60.0,,,,,,,COMPLETE
98,98,0.940772522635325,2025-01-06 20:19:39.126735,2025-01-06 20:19:46.875036,0 days 00:00:07.748301,3,15,2.0,,,,,,,,,,,1.0,,,,,,,,25,40.0,,,,,,,,,,,60.0,,,,,,,,COMPLETE
99,99,0.9515830546265329,2025-01-06 20:19:46.875405,2025-01-06 20:19:54.388083,0 days 00:00:07.512678,2,15,1.0,,,,,,,,,,,,,,,,,,,30,35.0,,,,,,,,,,,,,,,,,,,COMPLETE
100,100,0.9491199073996783,2025-01-06 20:19:54.388431,2025-01-06 20:19:57.358311,0 days 00:00:02.969880,2,1,1.0,,,,,,,,,,,,,,,,,,,30,35.0,,,,,,,,,,,,,,,,,,,COMPLETE
101,101,0.9424286445809956,2025-01-06 20:19:57.358667,2025-01-06 20:20:00.964623,0 days 00:00:03.605956,2,1,1.0,,,,,,,,,,,,,,,,,,,30,35.0,,,,,,,,,,,,,,,,,,,COMPLETE
102,102,0.9490175385697774,2025-01-06 20:20:00.964955,2025-01-06 20:20:03.844544,0 days 00:00:02.879589,2,1,1.0,,,,,,,,,,,,,,,,,,,30,40.0,,,,,,,,,,,,,,,,,,,COMPLETE
103,103,0.9138435878428466,2025-01-06 20:20:03.844996,2025-01-06 20:20:09.491600,0 days 00:00:05.646604,1,1,,,,,,,,,,,,,,,,,,,,30,,,,,,,,,,,,,,,,,,,,COMPLETE
104,104,0.9465603112623573,2025-01-06 20:20:09.491945,2025-01-06 20:20:12.251910,0 days 00:00:02.759965,2,2,1.0,,,,,,,,,,,,,,,,,,,30,40.0,,,,,,,,,,,,,,,,,,,COMPLETE
105,105,0.9458322238494652,2025-01-06 20:20:12.252324,2025-01-06 20:20:15.893793,0 days 00:00:03.641469,2,2,2.0,,,,,,,,,,,,,,,,,,,35,40.0,,,,,,,,,,,,,,,,,,,COMPLETE
106,106,0.9245258039668784,2025-01-06 20:20:15.894117,2025-01-06 20:20:21.840603,0 days 00:00:05.946486,1,1,,,,,,,,,,,,,,,,,,,,40,,,,,,,,,,,,,,,,,,,,COMPLETE
107,107,0.9557233069608768,2025-01-06 20:20:21.840905,2025-01-06 20:20:25.346508,0 days 00:00:03.505603,2,2,1.0,,,,,,,,,,,,,,,,,,,35,40.0,,,,,,,,,,,,,,,,,,,COMPLETE
108,108,0.9388838465331003,2025-01-06 20:20:25.346817,2025-01-06 20:20:31.616047,0 days 00:00:06.269230,3,2,1.0,,,,,,,,,,,7.0,,,,,,,,35,35.0,,,,,,,,,,,35.0,,,,,,,,COMPLETE
109,109,0.9356223932326851,2025-01-06 20:20:31.616388,2025-01-06 20:20:39.575101,0 days 00:00:07.958713,1,3,,,,,,,,,,,,,,,,,,,,35,,,,,,,,,,,,,,,,,,,,COMPLETE
110,110,0.9407498928644973,2025-01-06 20:20:39.575407,2025-01-06 20:20:42.672889,0 days 00:00:03.097482,2,1,1.0,,,,,,,,,,,,,,,,,,,40,40.0,,,,,,,,,,,,,,,,,,,COMPLETE
111,111,0.9424362335053067,2025-01-06 20:20:42.673224,2025-01-06 20:20:46.646377,0 days 00:00:03.973153,2,2,2.0,,,,,,,,,,,,,,,,,,,35,40.0,,,,,,,,,,,,,,,,,,,COMPLETE
112,112,0.9448904051553058,2025-01-06 20:20:46.646706,2025-01-06 20:20:50.594773,0 days 00:00:03.948067,2,3,1.0,,,,,,,,,,,,,,,,,,,35,40.0,,,,,,,,,,,,,,,,,,,COMPLETE
113,113,0.885472856791943,2025-01-06 20:20:50.595096,2025-01-06 20:20:57.113752,0 days 00:00:06.518656,1,2,,,,,,,,,,,,,,,,,,,,30,,,,,,,,,,,,,,,,,,,,COMPLETE
114,114,0.9584022015686731,2025-01-06 20:20:57.114071,2025-01-06 20:21:02.580056,0 days 00:00:05.465985,3,1,2.0,,,,,,,,,,,6.0,,,,,,,,35,35.0,,,,,,,,,,,55.0,,,,,,,,COMPLETE
115,115,0.949821029082774,2025-01-06 20:21:02.580426,2025-01-06 20:21:08.002841,0 days 00:00:05.422415,3,1,1.0,,,,,,,,,,,6.0,,,,,,,,30,35.0,,,,,,,,,,,55.0,,,,,,,,COMPLETE
116,116,0.9273274966777965,2025-01-06 20:21:08.003232,2025-01-06 20:21:13.854503,0 days 00:00:05.851271,3,1,3.0,,,,,,,,,,,6.0,,,,,,,,30,35.0,,,,,,,,,,,55.0,,,,,,,,COMPLETE
117,117,0.9525217449187894,2025-01-06 20:21:13.855052,2025-01-06 20:21:18.926458,0 days 00:00:05.071406,3,1,2.0,,,,,,,,,,,5.0,,,,,,,,35,30.0,,,,,,,,,,,60.0,,,,,,,,COMPLETE
118,118,0.9465703327089465,2025-01-06 20:21:18.926832,2025-01-06 20:21:24.051703,0 days 00:00:05.124871,3,1,2.0,,,,,,,,,,,5.0,,,,,,,,35,30.0,,,,,,,,,,,60.0,,,,,,,,COMPLETE
119,119,0.7359740668547283,2025-01-06 20:21:24.052054,2025-01-06 20:21:41.406708,0 days 00:00:17.354654,4,1,1.0,,,,,,,,,,,6.0,7.0,,,,,,,40,30.0,,,,,,,,,,,55.0,60.0,,,,,,,COMPLETE
120,120,0.9365426207942207,2025-01-06 20:21:41.407127,2025-01-06 20:21:47.515794,0 days 00:00:06.108667,3,1,2.0,,,,,,,,,,,7.0,,,,,,,,35,35.0,,,,,,,,,,,60.0,,,,,,,,COMPLETE
121,121,0.9482084372778838,2025-01-06 20:21:47.516170,2025-01-06 20:21:52.421386,0 days 00:00:04.905216,3,1,2.0,,,,,,,,,,,5.0,,,,,,,,35,30.0,,,,,,,,,,,60.0,,,,,,,,COMPLETE
122,122,0.9591360869032911,2025-01-06 20:21:52.421741,2025-01-06 20:21:56.979749,0 days 00:00:04.558008,3,1,1.0,,,,,,,,,,,5.0,,,,,,,,35,30.0,,,,,,,,,,,55.0,,,,,,,,COMPLETE
123,123,0.9616721157558772,2025-01-06 20:21:56.980128,2025-01-06 20:22:02.247508,0 days 00:00:05.267380,3,1,2.0,,,,,,,,,,,5.0,,,,,,,,40,30.0,,,,,,,,,,,55.0,,,,,,,,COMPLETE
124,124,0.9522099121431342,2025-01-06 20:22:02.247878,2025-01-06 20:22:07.460598,0 days 00:00:05.212720,3,1,2.0,,,,,,,,,,,5.0,,,,,,,,45,30.0,,,,,,,,,,,55.0,,,,,,,,COMPLETE
125,125,0.8009604258273548,2025-01-06 20:22:07.460971,2025-01-06 20:22:16.857512,0 days 00:00:09.396541,4,1,1.0,,,,,,,,,,,6.0,6.0,,,,,,,40,30.0,,,,,,,,,,,55.0,35.0,,,,,,,COMPLETE
126,126,0.9506162464985994,2025-01-06 20:22:16.858049,2025-01-06 20:22:21.507276,0 days 00:00:04.649227,3,1,2.0,,,,,,,,,,,4.0,,,,,,,,45,30.0,,,,,,,,,,,55.0,,,,,,,,COMPLETE
127,127,0.9574622006800261,2025-01-06 20:22:21.507661,2025-01-06 20:22:26.111567,0 days 00:00:04.603906,3,1,2.0,,,,,,,,,,,4.0,,,,,,,,50,25.0,,,,,,,,,,,55.0,,,,,,,,COMPLETE
128,128,0.6255555076153083,2025-01-06 20:22:26.111940,2025-01-06 20:22:43.366981,0 days 00:00:17.255041,5,1,2.0,,,,,,,,,,,4.0,5.0,14.0,,,,,,50,25.0,,,,,,,,,,,55.0,30.0,20.0,,,,,,COMPLETE
129,129,0.8839545903031137,2025-01-06 20:22:43.367403,2025-01-06 20:22:49.999410,0 days 00:00:06.632007,3,2,3.0,,,,,,,,,,,5.0,,,,,,,,45,25.0,,,,,,,,,,,55.0,,,,,,,,COMPLETE
130,130,0.682354716981132,2025-01-06 20:22:49.999779,2025-01-06 20:23:01.149518,0 days 00:00:11.149739,4,1,2.0,,,,,,,,,,,4.0,9.0,,,,,,,50,30.0,,,,,,,,,,,55.0,25.0,,,,,,,COMPLETE
131,131,0.9517422784599836,2025-01-06 20:23:01.149908,2025-01-06 20:23:06.829120,0 days 00:00:05.679212,3,1,1.0,,,,,,,,,,,5.0,,,,,,,,45,30.0,,,,,,,,,,,50.0,,,,,,,,COMPLETE
132,132,0.9494915254237288,2025-01-06 20:23:06.829482,2025-01-06 20:23:11.764560,0 days 00:00:04.935078,3,1,2.0,,,,,,,,,,,5.0,,,,,,,,45,30.0,,,,,,,,,,,50.0,,,,,,,,COMPLETE
133,133,0.9540536013400336,2025-01-06 20:23:11.764936,2025-01-06 20:23:16.668176,0 days 00:00:04.903240,3,1,1.0,,,,,,,,,,,5.0,,,,,,,,50,25.0,,,,,,,,,,,50.0,,,,,,,,COMPLETE
134,134,0.6001912289648139,2025-01-06 20:23:16.668538,2025-01-06 20:23:30.377227,0 days 00:00:13.708689,4,2,2.0,,,,,,,,,,,5.0,12.0,,,,,,,55,25.0,,,,,,,,,,,50.0,20.0,,,,,,,COMPLETE
135,135,0.9273399014778325,2025-01-06 20:23:30.377768,2025-01-06 20:23:34.741760,0 days 00:00:04.363992,3,1,1.0,,,,,,,,,,,4.0,,,,,,,,50,25.0,,,,,,,,,,,50.0,,,,,,,,COMPLETE
136,136,0.6400997246048018,2025-01-06 20:23:34.742143,2025-01-06 20:23:50.699813,0 days 00:00:15.957670,4,2,2.0,,,,,,,,,,,5.0,11.0,,,,,,,45,30.0,,,,,,,,,,,55.0,40.0,,,,,,,COMPLETE
137,137,0.9506210188406528,2025-01-06 20:23:50.700239,2025-01-06 20:23:56.404969,0 days 00:00:05.704730,3,1,3.0,,,,,,,,,,,4.0,,,,,,,,45,30.0,,,,,,,,,,,50.0,,,,,,,,COMPLETE
138,138,0.9414243962467312,2025-01-06 20:23:56.405360,2025-01-06 20:24:02.068084,0 days 00:00:05.662724,3,1,3.0,,,,,,,,,,,4.0,,,,,,,,45,30.0,,,,,,,,,,,55.0,,,,,,,,COMPLETE
139,139,0.932791095890411,2025-01-06 20:24:02.068446,2025-01-06 20:24:07.070334,0 days 00:00:05.001888,3,2,3.0,,,,,,,,,,,4.0,,,,,,,,50,25.0,,,,,,,,,,,50.0,,,,,,,,COMPLETE
140,140,0.880811403508772,2025-01-06 20:24:07.070734,2025-01-06 20:24:13.141929,0 days 00:00:06.071195,3,1,4.0,,,,,,,,,,,6.0,,,,,,,,55,30.0,,,,,,,,,,,60.0,,,,,,,,COMPLETE
141,141,0.6795990363355113,2025-01-06 20:24:13.142350,2025-01-06 20:24:25.039024,0 days 00:00:11.896674,4,1,2.0,,,,,,,,,,,5.0,8.0,,,,,,,50,30.0,,,,,,,,,,,50.0,55.0,,,,,,,COMPLETE
142,142,0.9559392585877124,2025-01-06 20:24:25.039435,2025-01-06 20:24:28.205872,0 days 00:00:03.166437,2,1,1.0,,,,,,,,,,,,,,,,,,,45,25.0,,,,,,,,,,,,,,,,,,,COMPLETE
143,143,0.9482326505919971,2025-01-06 20:24:28.206375,2025-01-06 20:24:31.256943,0 days 00:00:03.050568,2,1,2.0,,,,,,,,,,,,,,,,,,,45,25.0,,,,,,,,,,,,,,,,,,,COMPLETE
144,144,0.937549582535852,2025-01-06 20:24:31.257309,2025-01-06 20:24:34.536406,0 days 00:00:03.279097,2,1,1.0,,,,,,,,,,,,,,,,,,,45,30.0,,,,,,,,,,,,,,,,,,,COMPLETE
145,145,0.2049204597453635,2025-01-06 20:24:34.536777,2025-01-06 20:25:03.042005,0 days 00:00:28.505228,15,2,1.0,9.0,13.0,4.0,4.0,8.0,,,,,,3.0,14.0,14.0,3.0,11.0,6.0,6.0,3.0,40,25.0,50.0,30.0,15.0,20.0,60.0,,,,,,55.0,5.0,10.0,25.0,30.0,60.0,40.0,55.0,COMPLETE
146,146,0.9098493497121065,2025-01-06 20:25:03.042657,2025-01-06 20:25:09.203195,0 days 00:00:06.160538,1,1,,,,,,,,,,,,,,,,,,,,45,,,,,,,,,,,,,,,,,,,,COMPLETE
147,147,0.9358385479075134,2025-01-06 20:25:09.203546,2025-01-06 20:25:12.394033,0 days 00:00:03.190487,2,2,3.0,,,,,,,,,,,,,,,,,,,40,30.0,,,,,,,,,,,,,,,,,,,COMPLETE
148,148,0.9584026622296173,2025-01-06 20:25:12.394400,2025-01-06 20:25:17.533178,0 days 00:00:05.138778,3,1,2.0,,,,,,,,,,,5.0,,,,,,,,50,25.0,,,,,,,,,,,60.0,,,,,,,,COMPLETE
149,149,0.9517375800128464,2025-01-06 20:25:17.533540,2025-01-06 20:25:23.033340,0 days 00:00:05.499800,3,2,1.0,,,,,,,,,,,6.0,,,,,,,,50,25.0,,,,,,,,,,,60.0,,,,,,,,COMPLETE
150,150,0.9582376418649245,2025-01-06 20:25:23.033715,2025-01-06 20:25:26.209015,0 days 00:00:03.175300,2,2,1.0,,,,,,,,,,,,,,,,,,,50,25.0,,,,,,,,,,,,,,,,,,,COMPLETE
151,151,0.9525181651783239,2025-01-06 20:25:26.209362,2025-01-06 20:25:29.586062,0 days 00:00:03.376700,2,2,1.0,,,,,,,,,,,,,,,,,,,50,25.0,,,,,,,,,,,,,,,,,,,COMPLETE
152,152,0.9546084828711257,2025-01-06 20:25:29.586433,2025-01-06 20:25:37.123823,0 days 00:00:07.537390,1,2,,,,,,,,,,,,,,,,,,,,50,,,,,,,,,,,,,,,,,,,,COMPLETE
153,153,0.9437544228523502,2025-01-06 20:25:37.124310,2025-01-06 20:25:44.915085,0 days 00:00:07.790775,1,2,,,,,,,,,,,,,,,,,,,,50,,,,,,,,,,,,,,,,,,,,COMPLETE
154,154,0.9561187214611873,2025-01-06 20:25:44.915455,2025-01-06 20:25:52.952693,0 days 00:00:08.037238,1,2,,,,,,,,,,,,,,,,,,,,55,,,,,,,,,,,,,,,,,,,,COMPLETE
155,155,0.9173903538071004,2025-01-06 20:25:52.953047,2025-01-06 20:26:02.763881,0 days 00:00:09.810834,1,3,,,,,,,,,,,,,,,,,,,,55,,,,,,,,,,,,,,,,,,,,COMPLETE
156,156,0.9549397859054416,2025-01-06 20:26:02.764228,2025-01-06 20:26:10.370108,0 days 00:00:07.605880,1,2,,,,,,,,,,,,,,,,,,,,50,,,,,,,,,,,,,,,,,,,,COMPLETE
157,157,0.9288246000574768,2025-01-06 20:26:10.370476,2025-01-06 20:26:20.232405,0 days 00:00:09.861929,1,3,,,,,,,,,,,,,,,,,,,,55,,,,,,,,,,,,,,,,,,,,COMPLETE
158,158,0.8863712954703142,2025-01-06 20:26:20.232766,2025-01-06 20:26:27.983236,0 days 00:00:07.750470,1,2,,,,,,,,,,,,,,,,,,,,50,,,,,,,,,,,,,,,,,,,,COMPLETE
159,159,0.939143056824902,2025-01-06 20:26:27.983597,2025-01-06 20:26:35.713588,0 days 00:00:07.729991,1,2,,,,,,,,,,,,,,,,,,,,50,,,,,,,,,,,,,,,,,,,,COMPLETE
160,160,0.9147846361821136,2025-01-06 20:26:35.713953,2025-01-06 20:26:43.740779,0 days 00:00:08.026826,1,2,,,,,,,,,,,,,,,,,,,,55,,,,,,,,,,,,,,,,,,,,COMPLETE
161,161,0.9466613327999467,2025-01-06 20:26:43.741294,2025-01-06 20:26:46.978097,0 days 00:00:03.236803,2,1,1.0,,,,,,,,,,,,,,,,,,,50,20.0,,,,,,,,,,,,,,,,,,,COMPLETE
162,162,0.9407869107908065,2025-01-06 20:26:46.978454,2025-01-06 20:26:50.404058,0 days 00:00:03.425604,2,2,1.0,,,,,,,,,,,,,,,,,,,50,20.0,,,,,,,,,,,,,,,,,,,COMPLETE
163,163,0.9371164534767651,2025-01-06 20:26:50.404406,2025-01-06 20:26:56.372109,0 days 00:00:05.967703,1,1,,,,,,,,,,,,,,,,,,,,60,,,,,,,,,,,,,,,,,,,,COMPLETE
164,164,0.955701291522187,2025-01-06 20:26:56.372444,2025-01-06 20:26:59.900388,0 days 00:00:03.527944,2,2,2.0,,,,,,,,,,,,,,,,,,,50,25.0,,,,,,,,,,,,,,,,,,,COMPLETE
165,165,0.9362296318818057,2025-01-06 20:26:59.900726,2025-01-06 20:27:04.790313,0 days 00:00:04.889587,2,3,2.0,,,,,,,,,,,,,,,,,,,55,25.0,,,,,,,,,,,,,,,,,,,COMPLETE
166,166,0.9521513290357511,2025-01-06 20:27:04.790670,2025-01-06 20:27:07.998300,0 days 00:00:03.207630,2,2,2.0,,,,,,,,,,,,,,,,,,,50,25.0,,,,,,,,,,,,,,,,,,,COMPLETE
167,167,0.9003224974200207,2025-01-06 20:27:07.998644,2025-01-06 20:27:15.344782,0 days 00:00:07.346138,1,2,,,,,,,,,,,,,,,,,,,,50,,,,,,,,,,,,,,,,,,,,COMPLETE
168,168,0.9425141031401328,2025-01-06 20:27:15.345130,2025-01-06 20:27:19.710073,0 days 00:00:04.364943,2,3,2.0,,,,,,,,,,,,,,,,,,,50,20.0,,,,,,,,,,,,,,,,,,,COMPLETE
169,169,0.9339666901243255,2025-01-06 20:27:19.710417,2025-01-06 20:27:23.724529,0 days 00:00:04.014112,2,2,2.0,,,,,,,,,,,,,,,,,,,55,25.0,,,,,,,,,,,,,,,,,,,COMPLETE
170,170,0.9019571960004165,2025-01-06 20:27:23.724885,2025-01-06 20:27:29.842009,0 days 00:00:06.117124,1,1,,,,,,,,,,,,,,,,,,,,50,,,,,,,,,,,,,,,,,,,,COMPLETE
171,171,0.9045665145065053,2025-01-06 20:27:29.842366,2025-01-06 20:27:36.246454,0 days 00:00:06.404088,2,2,14.0,,,,,,,,,,,,,,,,,,,50,25.0,,,,,,,,,,,,,,,,,,,COMPLETE
172,172,0.9505944577044183,2025-01-06 20:27:36.246814,2025-01-06 20:27:39.905321,0 days 00:00:03.658507,2,2,2.0,,,,,,,,,,,,,,,,,,,50,25.0,,,,,,,,,,,,,,,,,,,COMPLETE
173,173,0.9472681636860741,2025-01-06 20:27:39.905656,2025-01-06 20:27:45.251256,0 days 00:00:05.345600,3,2,1.0,,,,,,,,,,,7.0,,,,,,,,50,25.0,,,,,,,,,,,60.0,,,,,,,,COMPLETE
174,174,0.9557803822053046,2025-01-06 20:27:45.251776,2025-01-06 20:27:48.460420,0 days 00:00:03.208644,2,1,2.0,,,,,,,,,,,,,,,,,,,55,20.0,,,,,,,,,,,,,,,,,,,COMPLETE
175,175,0.9342673107890499,2025-01-06 20:27:48.460772,2025-01-06 20:27:54.277208,0 days 00:00:05.816436,1,1,,,,,,,,,,,,,,,,,,,,55,,,,,,,,,,,,,,,,,,,,COMPLETE
176,176,0.30247541768039954,2025-01-06 20:27:54.277553,2025-01-06 20:28:07.953373,0 days 00:00:13.675820,9,1,1.0,,,,,,,,,,,8.0,7.0,12.0,13.0,10.0,9.0,14.0,,60,20.0,,,,,,,,,,,60.0,15.0,30.0,40.0,10.0,50.0,10.0,,COMPLETE
177,177,0.9455720952642401,2025-01-06 20:28:07.953870,2025-01-06 20:28:12.817384,0 days 00:00:04.863514,3,1,2.0,,,,,,,,,,,6.0,,,,,,,,55,20.0,,,,,,,,,,,60.0,,,,,,,,COMPLETE
178,178,0.9374189418607888,2025-01-06 20:28:12.817779,2025-01-06 20:28:16.137872,0 days 00:00:03.320093,2,1,1.0,,,,,,,,,,,,,,,,,,,40,25.0,,,,,,,,,,,,,,,,,,,COMPLETE
179,179,0.9449998472217979,2025-01-06 20:28:16.138250,2025-01-06 20:28:21.864096,0 days 00:00:05.725846,3,1,2.0,,,,,,,,,,,7.0,,,,,,,,55,20.0,,,,,,,,,,,60.0,,,,,,,,COMPLETE
180,180,0.9558679977814754,2025-01-06 20:28:21.864466,2025-01-06 20:28:26.283561,0 days 00:00:04.419095,2,3,1.0,,,,,,,,,,,,,,,,,,,50,25.0,,,,,,,,,,,,,,,,,,,COMPLETE
181,181,0.882658732194463,2025-01-06 20:28:26.283930,2025-01-06 20:28:35.490440,0 days 00:00:09.206510,2,3,13.0,,,,,,,,,,,,,,,,,,,50,25.0,,,,,,,,,,,,,,,,,,,COMPLETE
182,182,0.9285228169832037,2025-01-06 20:28:35.490796,2025-01-06 20:28:43.183595,0 days 00:00:07.692799,1,2,,,,,,,,,,,,,,,,,,,,50,,,,,,,,,,,,,,,,,,,,COMPLETE
183,183,0.9541291040623261,2025-01-06 20:28:43.183969,2025-01-06 20:28:46.649609,0 days 00:00:03.465640,2,1,1.0,,,,,,,,,,,,,,,,,,,45,25.0,,,,,,,,,,,,,,,,,,,COMPLETE
184,184,0.9523916867040698,2025-01-06 20:28:46.650120,2025-01-06 20:28:50.057087,0 days 00:00:03.406967,2,2,1.0,,,,,,,,,,,,,,,,,,,50,25.0,,,,,,,,,,,,,,,,,,,COMPLETE
185,185,0.9584008195246203,2025-01-06 20:28:50.057427,2025-01-06 20:28:53.321674,0 days 00:00:03.264247,2,1,1.0,,,,,,,,,,,,,,,,,,,55,25.0,,,,,,,,,,,,,,,,,,,COMPLETE
186,186,0.9322648586607978,2025-01-06 20:28:53.322033,2025-01-06 20:28:59.495967,0 days 00:00:06.173934,1,1,,,,,,,,,,,,,,,,,,,,55,,,,,,,,,,,,,,,,,,,,COMPLETE
187,187,0.9483262999686068,2025-01-06 20:28:59.496325,2025-01-06 20:29:02.635046,0 days 00:00:03.138721,2,1,1.0,,,,,,,,,,,,,,,,,,,55,20.0,,,,,,,,,,,,,,,,,,,COMPLETE
188,188,0.9387213973320172,2025-01-06 20:29:02.635401,2025-01-06 20:29:08.403403,0 days 00:00:05.768002,1,1,,,,,,,,,,,,,,,,,,,,35,,,,,,,,,,,,,,,,,,,,COMPLETE
189,189,0.951749723145072,2025-01-06 20:29:08.403738,2025-01-06 20:29:11.400102,0 days 00:00:02.996364,2,1,1.0,,,,,,,,,,,,,,,,,,,35,25.0,,,,,,,,,,,,,,,,,,,COMPLETE
190,190,0.9608034636081848,2025-01-06 20:29:11.400490,2025-01-06 20:29:15.496558,0 days 00:00:04.096068,3,1,1.0,,,,,,,,,,,3.0,,,,,,,,60,25.0,,,,,,,,,,,45.0,,,,,,,,COMPLETE
191,191,0.9558589438537524,2025-01-06 20:29:15.496932,2025-01-06 20:29:19.647005,0 days 00:00:04.150073,3,1,1.0,,,,,,,,,,,3.0,,,,,,,,60,25.0,,,,,,,,,,,45.0,,,,,,,,COMPLETE
192,192,0.9523816170763982,2025-01-06 20:29:19.647384,2025-01-06 20:29:24.452637,0 days 00:00:04.805253,3,1,1.0,,,,,,,,,,,3.0,,,,,,,,60,25.0,,,,,,,,,,,40.0,,,,,,,,COMPLETE
193,193,0.9416470535930133,2025-01-06 20:29:24.453014,2025-01-06 20:29:27.481104,0 days 00:00:03.028090,2,1,1.0,,,,,,,,,,,,,,,,,,,60,25.0,,,,,,,,,,,,,,,,,,,COMPLETE
194,194,0.7331202806349961,2025-01-06 20:29:27.481447,2025-01-06 20:29:34.379989,0 days 00:00:06.898542,4,1,1.0,,,,,,,,,,,3.0,13.0,,,,,,,55,20.0,,,,,,,,,,,45.0,10.0,,,,,,,COMPLETE
195,195,0.9549939443771598,2025-01-06 20:29:34.380416,2025-01-06 20:29:38.639903,0 days 00:00:04.259487,3,2,1.0,,,,,,,,,,,3.0,,,,,,,,60,25.0,,,,,,,,,,,45.0,,,,,,,,COMPLETE
196,196,0.9541960175273171,2025-01-06 20:29:38.640296,2025-01-06 20:29:42.596828,0 days 00:00:03.956532,2,2,1.0,,,,,,,,,,,,,,,,,,,60,25.0,,,,,,,,,,,,,,,,,,,COMPLETE
197,197,0.926515246121841,2025-01-06 20:29:42.597201,2025-01-06 20:29:50.907136,0 days 00:00:08.309935,1,2,,,,,,,,,,,,,,,,,,,,60,,,,,,,,,,,,,,,,,,,,COMPLETE
198,198,0.9473591637770742,2025-01-06 20:29:50.907504,2025-01-06 20:29:55.100173,0 days 00:00:04.192669,2,3,1.0,,,,,,,,,,,,,,,,,,,60,25.0,,,,,,,,,,,,,,,,,,,COMPLETE
199,199,0.19331166486096063,2025-01-06 20:29:55.100630,2025-01-06 20:30:46.901359,0 days 00:00:51.800729,18,2,1.0,12.0,4.0,10.0,15.0,4.0,10.0,15.0,1.0,,,3.0,10.0,8.0,11.0,3.0,12.0,2.0,7.0,60,25.0,35.0,50.0,50.0,50.0,20.0,40.0,5.0,60.0,,,40.0,30.0,60.0,10.0,55.0,15.0,30.0,40.0,COMPLETE
200,200,0.937909780851446,2025-01-06 20:30:46.902162,2025-01-06 20:30:51.239551,0 days 00:00:04.337389,3,2,2.0,,,,,,,,,,,3.0,,,,,,,,60,20.0,,,,,,,,,,,45.0,,,,,,,,COMPLETE
201,201,0.9566637685104681,2025-01-06 20:30:51.239940,2025-01-06 20:30:54.666498,0 days 00:00:03.426558,2,2,1.0,,,,,,,,,,,,,,,,,,,60,25.0,,,,,,,,,,,,,,,,,,,COMPLETE
202,202,0.945790106416136,2025-01-06 20:30:54.666848,2025-01-06 20:30:58.063299,0 days 00:00:03.396451,2,2,1.0,,,,,,,,,,,,,,,,,,,60,25.0,,,,,,,,,,,,,,,,,,,COMPLETE
203,203,0.9507010402532791,2025-01-06 20:30:58.063662,2025-01-06 20:31:02.802764,0 days 00:00:04.739102,3,2,1.0,,,,,,,,,,,4.0,,,,,,,,60,25.0,,,,,,,,,,,35.0,,,,,,,,COMPLETE
204,204,0.8773092784191978,2025-01-06 20:31:02.803171,2025-01-06 20:31:12.852975,0 days 00:00:10.049804,1,3,,,,,,,,,,,,,,,,,,,,60,,,,,,,,,,,,,,,,,,,,COMPLETE
205,205,0.9532554257095158,2025-01-06 20:31:12.853543,2025-01-06 20:31:15.929795,0 days 00:00:03.076252,2,2,1.0,,,,,,,,,,,,,,,,,,,60,25.0,,,,,,,,,,,,,,,,,,,COMPLETE
206,206,0.9447136903843185,2025-01-06 20:31:15.930167,2025-01-06 20:31:20.102942,0 days 00:00:04.172775,3,2,2.0,,,,,,,,,,,2.0,,,,,,,,60,20.0,,,,,,,,,,,45.0,,,,,,,,COMPLETE
207,207,0.968382872094472,2025-01-06 20:31:20.103310,2025-01-06 20:31:23.421366,0 days 00:00:03.318056,2,2,1.0,,,,,,,,,,,,,,,,,,,60,25.0,,,,,,,,,,,,,,,,,,,COMPLETE
208,208,0.951621192884587,2025-01-06 20:31:23.421714,2025-01-06 20:31:28.502276,0 days 00:00:05.080562,3,2,1.0,,,,,,,,,,,3.0,,,,,,,,55,25.0,,,,,,,,,,,40.0,,,,,,,,COMPLETE
209,209,0.9339888468385622,2025-01-06 20:31:28.502658,2025-01-06 20:31:35.115359,0 days 00:00:06.612701,1,1,,,,,,,,,,,,,,,,,,,,60,,,,,,,,,,,,,,,,,,,,COMPLETE
210,210,0.9490139476711075,2025-01-06 20:31:35.115686,2025-01-06 20:31:40.820563,0 days 00:00:05.704877,3,3,2.0,,,,,,,,,,,2.0,,,,,,,,55,15.0,,,,,,,,,,,45.0,,,,,,,,COMPLETE
211,211,0.9531039126836043,2025-01-06 20:31:40.820925,2025-01-06 20:31:44.506503,0 days 00:00:03.685578,2,2,1.0,,,,,,,,,,,,,,,,,,,60,25.0,,,,,,,,,,,,,,,,,,,COMPLETE
212,212,0.9423218673218673,2025-01-06 20:31:44.506854,2025-01-06 20:31:48.091025,0 days 00:00:03.584171,2,2,1.0,,,,,,,,,,,,,,,,,,,60,25.0,,,,,,,,,,,,,,,,,,,COMPLETE
213,213,0.9426113931190073,2025-01-06 20:31:48.091386,2025-01-06 20:31:51.549454,0 days 00:00:03.458068,2,2,1.0,,,,,,,,,,,,,,,,,,,60,25.0,,,,,,,,,,,,,,,,,,,COMPLETE
214,214,0.9107336499270837,2025-01-06 20:31:51.549789,2025-01-06 20:31:58.130608,0 days 00:00:06.580819,1,1,,,,,,,,,,,,,,,,,,,,60,,,,,,,,,,,,,,,,,,,,COMPLETE
215,215,0.9485037045213096,2025-01-06 20:31:58.130948,2025-01-06 20:32:03.642148,0 days 00:00:05.511200,2,3,1.0,,,,,,,,,,,,,,,,,,,55,25.0,,,,,,,,,,,,,,,,,,,COMPLETE
216,216,0.9499152712435059,2025-01-06 20:32:03.642495,2025-01-06 20:32:08.137789,0 days 00:00:04.495294,3,2,2.0,,,,,,,,,,,3.0,,,,,,,,60,25.0,,,,,,,,,,,30.0,,,,,,,,COMPLETE
217,217,0.9533238330958274,2025-01-06 20:32:08.138153,2025-01-06 20:32:11.424248,0 days 00:00:03.286095,2,1,1.0,,,,,,,,,,,,,,,,,,,60,30.0,,,,,,,,,,,,,,,,,,,COMPLETE
218,218,0.9444288331957591,2025-01-06 20:32:11.424595,2025-01-06 20:32:19.373615,0 days 00:00:07.949020,1,2,,,,,,,,,,,,,,,,,,,,55,,,,,,,,,,,,,,,,,,,,COMPLETE
219,219,0.943104528369429,2025-01-06 20:32:19.374132,2025-01-06 20:32:23.713416,0 days 00:00:04.339284,3,1,2.0,,,,,,,,,,,4.0,,,,,,,,50,20.0,,,,,,,,,,,45.0,,,,,,,,COMPLETE
220,220,0.9400427079380818,2025-01-06 20:32:23.713796,2025-01-06 20:32:26.801611,0 days 00:00:03.087815,2,2,1.0,,,,,,,,,,,,,,,,,,,60,25.0,,,,,,,,,,,,,,,,,,,COMPLETE
221,221,0.9408809741754736,2025-01-06 20:32:26.801978,2025-01-06 20:32:29.914307,0 days 00:00:03.112329,2,1,1.0,,,,,,,,,,,,,,,,,,,45,25.0,,,,,,,,,,,,,,,,,,,COMPLETE
222,222,0.951559851931139,2025-01-06 20:32:29.914633,2025-01-06 20:32:32.793999,0 days 00:00:02.879366,2,1,1.0,,,,,,,,,,,,,,,,,,,40,25.0,,,,,,,,,,,,,,,,,,,COMPLETE
223,223,0.9565882657881755,2025-01-06 20:32:32.794357,2025-01-06 20:32:37.649433,0 days 00:00:04.855076,3,1,1.0,,,,,,,,,,,7.0,,,,,,,,50,25.0,,,,,,,,,,,35.0,,,,,,,,COMPLETE
224,224,0.9445706676126366,2025-01-06 20:32:37.649812,2025-01-06 20:32:42.613802,0 days 00:00:04.963990,3,1,1.0,,,,,,,,,,,7.0,,,,,,,,50,35.0,,,,,,,,,,,30.0,,,,,,,,COMPLETE
225,225,0.27478446965551623,2025-01-06 20:32:42.614192,2025-01-06 20:32:51.695034,0 days 00:00:09.080842,14,2,2.0,6.0,6.0,13.0,4.0,,,,,,,6.0,11.0,10.0,8.0,7.0,1.0,11.0,14.0,50,25.0,55.0,60.0,25.0,20.0,,,,,,,25.0,20.0,5.0,20.0,25.0,25.0,40.0,15.0,COMPLETE
226,226,0.9516756300280012,2025-01-06 20:32:51.695617,2025-01-06 20:32:56.883960,0 days 00:00:05.188343,3,1,1.0,,,,,,,,,,,8.0,,,,,,,,50,30.0,,,,,,,,,,,40.0,,,,,,,,COMPLETE
227,227,0.6222253272446666,2025-01-06 20:32:56.884336,2025-01-06 20:33:07.106905,0 days 00:00:10.222569,4,2,1.0,,,,,,,,,,,7.0,14.0,,,,,,,55,25.0,,,,,,,,,,,35.0,10.0,,,,,,,COMPLETE
228,228,0.9326190476190477,2025-01-06 20:33:07.107316,2025-01-06 20:33:12.493749,0 days 00:00:05.386433,3,1,2.0,,,,,,,,,,,9.0,,,,,,,,50,20.0,,,,,,,,,,,35.0,,,,,,,,COMPLETE
229,229,0.9432676823981172,2025-01-06 20:33:12.494153,2025-01-06 20:33:18.982658,0 days 00:00:06.488505,1,1,,,,,,,,,,,,,,,,,,,,55,,,,,,,,,,,,,,,,,,,,COMPLETE
230,230,0.7362058874991704,2025-01-06 20:33:18.982999,2025-01-06 20:33:26.928741,0 days 00:00:07.945742,4,2,1.0,,,,,,,,,,,6.0,4.0,,,,,,,50,25.0,,,,,,,,,,,40.0,25.0,,,,,,,COMPLETE
231,231,0.9432063043399482,2025-01-06 20:33:26.929248,2025-01-06 20:33:30.066465,0 days 00:00:03.137217,2,1,1.0,,,,,,,,,,,,,,,,,,,45,25.0,,,,,,,,,,,,,,,,,,,COMPLETE
232,232,0.9474590798034273,2025-01-06 20:33:30.066807,2025-01-06 20:33:33.417114,0 days 00:00:03.350307,2,1,1.0,,,,,,,,,,,,,,,,,,,50,25.0,,,,,,,,,,,,,,,,,,,COMPLETE
233,233,0.9523785594639866,2025-01-06 20:33:33.417531,2025-01-06 20:33:38.637231,0 days 00:00:05.219700,3,1,1.0,,,,,,,,,,,4.0,,,,,,,,40,30.0,,,,,,,,,,,55.0,,,,,,,,COMPLETE
234,234,0.9607385398981324,2025-01-06 20:33:38.637615,2025-01-06 20:33:41.964549,0 days 00:00:03.326934,2,1,2.0,,,,,,,,,,,,,,,,,,,60,25.0,,,,,,,,,,,,,,,,,,,COMPLETE
235,235,0.9356038502119031,2025-01-06 20:33:41.964904,2025-01-06 20:33:50.275485,0 days 00:00:08.310581,1,2,,,,,,,,,,,,,,,,,,,,60,,,,,,,,,,,,,,,,,,,,COMPLETE
236,236,0.9496632618700191,2025-01-06 20:33:50.275835,2025-01-06 20:33:55.481148,0 days 00:00:05.205313,3,1,2.0,,,,,,,,,,,7.0,,,,,,,,60,25.0,,,,,,,,,,,50.0,,,,,,,,COMPLETE
237,237,0.9617930710964555,2025-01-06 20:33:55.481529,2025-01-06 20:33:59.107964,0 days 00:00:03.626435,2,2,2.0,,,,,,,,,,,,,,,,,,,60,25.0,,,,,,,,,,,,,,,,,,,COMPLETE
238,238,0.9542086141387248,2025-01-06 20:33:59.108308,2025-01-06 20:34:02.554851,0 days 00:00:03.446543,2,1,2.0,,,,,,,,,,,,,,,,,,,60,20.0,,,,,,,,,,,,,,,,,,,COMPLETE
239,239,0.9557515453037841,2025-01-06 20:34:02.555212,2025-01-06 20:34:09.205076,0 days 00:00:06.649864,3,2,2.0,,,,,,,,,,,5.0,,,,,,,,55,30.0,,,,,,,,,,,45.0,,,,,,,,COMPLETE
240,240,0.642869293053004,2025-01-06 20:34:09.205505,2025-01-06 20:34:20.355769,0 days 00:00:11.150264,4,1,2.0,,,,,,,,,,,5.0,13.0,,,,,,,55,30.0,,,,,,,,,,,45.0,5.0,,,,,,,COMPLETE
241,241,0.8583027335781314,2025-01-06 20:34:20.356209,2025-01-06 20:34:28.339403,0 days 00:00:07.983194,3,2,3.0,,,,,,,,,,,5.0,,,,,,,,55,35.0,,,,,,,,,,,40.0,,,,,,,,COMPLETE
242,242,0.9439355742296919,2025-01-06 20:34:28.339799,2025-01-06 20:34:34.699210,0 days 00:00:06.359411,3,2,2.0,,,,,,,,,,,4.0,,,,,,,,55,30.0,,,,,,,,,,,45.0,,,,,,,,COMPLETE
243,243,0.3799974029346838,2025-01-06 20:34:34.699585,2025-01-06 20:34:47.352400,0 days 00:00:12.652815,11,2,2.0,3.0,,,,,,,,,,6.0,5.0,13.0,6.0,9.0,15.0,8.0,11.0,60,30.0,10.0,,,,,,,,,,55.0,15.0,15.0,35.0,40.0,40.0,20.0,10.0,COMPLETE
244,244,0.9466692963036009,2025-01-06 20:34:47.353104,2025-01-06 20:34:51.873302,0 days 00:00:04.520198,2,3,2.0,,,,,,,,,,,,,,,,,,,50,25.0,,,,,,,,,,,,,,,,,,,COMPLETE
245,245,0.946485899974272,2025-01-06 20:34:51.873681,2025-01-06 20:34:56.623542,0 days 00:00:04.749861,3,1,2.0,,,,,,,,,,,5.0,,,,,,,,60,25.0,,,,,,,,,,,50.0,,,,,,,,COMPLETE
246,246,0.922131951253677,2025-01-06 20:34:56.623913,2025-01-06 20:35:02.076130,0 days 00:00:05.452217,2,2,11.0,,,,,,,,,,,,,,,,,,,50,25.0,,,,,,,,,,,,,,,,,,,COMPLETE
247,247,0.9405120016193331,2025-01-06 20:35:02.076497,2025-01-06 20:35:08.438684,0 days 00:00:06.362187,1,1,,,,,,,,,,,,,,,,,,,,55,,,,,,,,,,,,,,,,,,,,COMPLETE
248,248,0.9353852207887119,2025-01-06 20:35:08.439018,2025-01-06 20:35:13.218362,0 days 00:00:04.779344,3,2,2.0,,,,,,,,,,,3.0,,,,,,,,60,30.0,,,,,,,,,,,45.0,,,,,,,,COMPLETE
249,249,0.9465739068388075,2025-01-06 20:35:13.218733,2025-01-06 20:35:16.471848,0 days 00:00:03.253115,2,1,3.0,,,,,,,,,,,,,,,,,,,35,25.0,,,,,,,,,,,,,,,,,,,COMPLETE
250,250,0.9086502045144675,2025-01-06 20:35:16.472205,2025-01-06 20:35:26.345157,0 days 00:00:09.872952,1,3,,,,,,,,,,,,,,,,,,,,55,,,,,,,,,,,,,,,,,,,,COMPLETE
251,251,0.5213727061984098,2025-01-06 20:35:26.345525,2025-01-06 20:36:19.940472,0 days 00:00:53.594947,7,2,2.0,,,,,,,,,,,4.0,12.0,15.0,5.0,13.0,,,,50,35.0,,,,,,,,,,,55.0,35.0,20.0,55.0,55.0,,,,COMPLETE
252,252,0.6775208886784678,2025-01-06 20:36:19.941132,2025-01-06 20:36:36.410629,0 days 00:00:16.469497,4,1,1.0,,,,,,,,,,,5.0,15.0,,,,,,,60,25.0,,,,,,,,,,,50.0,50.0,,,,,,,COMPLETE
253,253,0.9423534338358459,2025-01-06 20:36:36.411073,2025-01-06 20:36:41.445387,0 days 00:00:05.034314,3,2,1.0,,,,,,,,,,,6.0,,,,,,,,50,30.0,,,,,,,,,,,40.0,,,,,,,,COMPLETE
254,254,0.9477134986225895,2025-01-06 20:36:41.445760,2025-01-06 20:36:46.885210,0 days 00:00:05.439450,2,1,10.0,,,,,,,,,,,,,,,,,,,60,25.0,,,,,,,,,,,,,,,,,,,COMPLETE
255,255,0.9476196530641576,2025-01-06 20:36:46.885664,2025-01-06 20:36:50.103520,0 days 00:00:03.217856,2,2,2.0,,,,,,,,,,,,,,,,,,,35,25.0,,,,,,,,,,,,,,,,,,,COMPLETE
256,256,0.941558857881958,2025-01-06 20:36:50.103928,2025-01-06 20:36:54.533628,0 days 00:00:04.429700,3,1,1.0,,,,,,,,,,,4.0,,,,,,,,55,20.0,,,,,,,,,,,55.0,,,,,,,,COMPLETE
257,257,0.9271935626102292,2025-01-06 20:36:54.534018,2025-01-06 20:37:02.913825,0 days 00:00:08.379807,1,2,,,,,,,,,,,,,,,,,,,,60,,,,,,,,,,,,,,,,,,,,COMPLETE
258,258,0.6225302227556129,2025-01-06 20:37:02.914206,2025-01-06 20:37:11.997509,0 days 00:00:09.083303,4,1,3.0,,,,,,,,,,,5.0,9.0,,,,,,,50,30.0,,,,,,,,,,,25.0,20.0,,,,,,,COMPLETE
259,259,0.9433276660999433,2025-01-06 20:37:11.997926,2025-01-06 20:37:16.804976,0 days 00:00:04.807050,2,3,1.0,,,,,,,,,,,,,,,,,,,55,25.0,,,,,,,,,,,,,,,,,,,COMPLETE
260,260,0.9482418853567098,2025-01-06 20:37:16.805359,2025-01-06 20:37:21.633209,0 days 00:00:04.827850,3,2,2.0,,,,,,,,,,,2.0,,,,,,,,35,35.0,,,,,,,,,,,50.0,,,,,,,,COMPLETE
261,261,0.9473287430265869,2025-01-06 20:37:21.633598,2025-01-06 20:37:25.483610,0 days 00:00:03.850012,2,1,1.0,,,,,,,,,,,,,,,,,,,55,25.0,,,,,,,,,,,,,,,,,,,COMPLETE
262,262,0.9201333815090851,2025-01-06 20:37:25.483952,2025-01-06 20:37:33.449506,0 days 00:00:07.965554,1,2,,,,,,,,,,,,,,,,,,,,60,,,,,,,,,,,,,,,,,,,,COMPLETE
263,263,0.9433842609131518,2025-01-06 20:37:33.449850,2025-01-06 20:37:36.582397,0 days 00:00:03.132547,2,1,2.0,,,,,,,,,,,,,,,,,,,50,25.0,,,,,,,,,,,,,,,,,,,COMPLETE
264,264,0.9515686668004548,2025-01-06 20:37:36.582759,2025-01-06 20:37:41.787753,0 days 00:00:05.204994,3,1,1.0,,,,,,,,,,,7.0,,,,,,,,50,30.0,,,,,,,,,,,45.0,,,,,,,,COMPLETE
265,265,0.9516600870674063,2025-01-06 20:37:41.788144,2025-01-06 20:37:45.624336,0 days 00:00:03.836192,2,2,2.0,,,,,,,,,,,,,,,,,,,60,20.0,,,,,,,,,,,,,,,,,,,COMPLETE
266,266,0.959070351758794,2025-01-06 20:37:45.624677,2025-01-06 20:37:49.648026,0 days 00:00:04.023349,3,1,1.0,,,,,,,,,,,3.0,,,,,,,,45,25.0,,,,,,,,,,,35.0,,,,,,,,COMPLETE
267,267,0.9473409423405514,2025-01-06 20:37:49.648404,2025-01-06 20:37:53.359828,0 days 00:00:03.711424,3,1,1.0,,,,,,,,,,,3.0,,,,,,,,45,25.0,,,,,,,,,,,35.0,,,,,,,,COMPLETE
268,268,0.9525374376039933,2025-01-06 20:37:53.360331,2025-01-06 20:37:58.928797,0 days 00:00:05.568466,4,1,1.0,,,,,,,,,,,3.0,3.0,,,,,,,45,25.0,,,,,,,,,,,30.0,55.0,,,,,,,COMPLETE
269,269,0.9658594889600054,2025-01-06 20:37:58.929281,2025-01-06 20:38:02.856489,0 days 00:00:03.927208,3,1,1.0,,,,,,,,,,,2.0,,,,,,,,40,25.0,,,,,,,,,,,35.0,,,,,,,,COMPLETE
270,270,0.9483262999686068,2025-01-06 20:38:02.856857,2025-01-06 20:38:06.488994,0 days 00:00:03.632137,3,1,1.0,,,,,,,,,,,2.0,,,,,,,,40,25.0,,,,,,,,,,,35.0,,,,,,,,COMPLETE
271,271,0.950548060708263,2025-01-06 20:38:06.489381,2025-01-06 20:38:12.749452,0 days 00:00:06.260071,4,1,1.0,,,,,,,,,,,2.0,10.0,,,,,,,35,25.0,,,,,,,,,,,35.0,30.0,,,,,,,COMPLETE
272,272,0.9624680022259322,2025-01-06 20:38:12.749857,2025-01-06 20:38:16.323135,0 days 00:00:03.573278,3,1,2.0,,,,,,,,,,,3.0,,,,,,,,40,25.0,,,,,,,,,,,40.0,,,,,,,,COMPLETE
273,273,0.9382296953430491,2025-01-06 20:38:16.323523,2025-01-06 20:38:22.482102,0 days 00:00:06.158579,3,8,2.0,,,,,,,,,,,3.0,,,,,,,,40,25.0,,,,,,,,,,,40.0,,,,,,,,COMPLETE
274,274,0.95,2025-01-06 20:38:22.482492,2025-01-06 20:38:26.149805,0 days 00:00:03.667313,3,1,2.0,,,,,,,,,,,3.0,,,,,,,,40,25.0,,,,,,,,,,,35.0,,,,,,,,COMPLETE
275,275,0.7436094725143199,2025-01-06 20:38:26.150196,2025-01-06 20:38:33.910880,0 days 00:00:07.760684,4,1,1.0,,,,,,,,,,,4.0,8.0,,,,,,,40,25.0,,,,,,,,,,,40.0,10.0,,,,,,,COMPLETE
276,276,0.9566666666666667,2025-01-06 20:38:33.911312,2025-01-06 20:38:37.639188,0 days 00:00:03.727876,3,1,2.0,,,,,,,,,,,2.0,,,,,,,,40,25.0,,,,,,,,,,,30.0,,,,,,,,COMPLETE
277,277,0.9507949492757253,2025-01-06 20:38:37.639564,2025-01-06 20:38:41.670395,0 days 00:00:04.030831,3,1,2.0,,,,,,,,,,,1.0,,,,,,,,40,25.0,,,,,,,,,,,30.0,,,,,,,,COMPLETE
278,278,0.949821029082774,2025-01-06 20:38:41.670761,2025-01-06 20:38:45.300333,0 days 00:00:03.629572,3,1,2.0,,,,,,,,,,,2.0,,,,,,,,40,25.0,,,,,,,,,,,30.0,,,,,,,,COMPLETE
279,279,0.9413009494567917,2025-01-06 20:38:45.300714,2025-01-06 20:38:50.019262,0 days 00:00:04.718548,4,1,3.0,,,,,,,,,,,1.0,6.0,,,,,,,40,25.0,,,,,,,,,,,35.0,15.0,,,,,,,COMPLETE
280,280,0.0,2025-01-06 20:38:50.019676,2025-01-06 20:40:53.212950,0 days 00:02:03.193274,20,1,2.0,13.0,8.0,6.0,10.0,11.0,4.0,12.0,14.0,10.0,3.0,2.0,14.0,1.0,12.0,12.0,3.0,14.0,8.0,40,25.0,40.0,10.0,50.0,25.0,35.0,45.0,20.0,40.0,30.0,55.0,35.0,25.0,50.0,45.0,50.0,15.0,50.0,25.0,COMPLETE
281,281,0.9625445106326334,2025-01-06 20:40:53.213925,2025-01-06 20:40:56.708574,0 days 00:00:03.494649,3,1,2.0,,,,,,,,,,,4.0,,,,,,,,45,25.0,,,,,,,,,,,30.0,,,,,,,,COMPLETE
282,282,0.4524323673064625,2025-01-06 20:40:56.708949,2025-01-06 20:41:22.646143,0 days 00:00:25.937194,8,1,2.0,,,,,,,,,,,4.0,15.0,6.0,7.0,5.0,7.0,,,45,20.0,,,,,,,,,,,30.0,40.0,25.0,15.0,20.0,10.0,,,COMPLETE
283,283,0.9574680022259321,2025-01-06 20:41:22.646823,2025-01-06 20:41:28.044338,0 days 00:00:05.397515,3,1,3.0,,,,,,,,,,,3.0,,,,,,,,45,60.0,,,,,,,,,,,30.0,,,,,,,,COMPLETE
284,284,0.9517299045340776,2025-01-06 20:41:28.044751,2025-01-06 20:41:32.338353,0 days 00:00:04.293602,3,1,3.0,,,,,,,,,,,3.0,,,,,,,,45,25.0,,,,,,,,,,,30.0,,,,,,,,COMPLETE
285,285,0.6721433038506209,2025-01-06 20:41:32.338725,2025-01-06 20:41:43.221302,0 days 00:00:10.882577,4,1,3.0,,,,,,,,,,,2.0,11.0,,,,,,,45,25.0,,,,,,,,,,,25.0,50.0,,,,,,,COMPLETE
286,286,0.9568394560226068,2025-01-06 20:41:43.221738,2025-01-06 20:41:47.738447,0 days 00:00:04.516709,3,1,2.0,,,,,,,,,,,3.0,,,,,,,,45,55.0,,,,,,,,,,,30.0,,,,,,,,COMPLETE
287,287,0.6732976052616617,2025-01-06 20:41:47.738818,2025-01-06 20:41:57.443601,0 days 00:00:09.704783,4,1,2.0,,,,,,,,,,,3.0,12.0,,,,,,,45,60.0,,,,,,,,,,,30.0,35.0,,,,,,,COMPLETE
288,288,0.9425508902324033,2025-01-06 20:41:57.444029,2025-01-06 20:42:02.585928,0 days 00:00:05.141899,3,1,2.0,,,,,,,,,,,3.0,,,,,,,,45,60.0,,,,,,,,,,,30.0,,,,,,,,COMPLETE
289,289,0.9322341049339625,2025-01-06 20:42:02.586317,2025-01-06 20:42:11.276407,0 days 00:00:08.690090,3,7,3.0,,,,,,,,,,,2.0,,,,,,,,45,55.0,,,,,,,,,,,25.0,,,,,,,,COMPLETE
290,290,0.9483760683760684,2025-01-06 20:42:11.276847,2025-01-06 20:42:16.056841,0 days 00:00:04.779994,3,1,2.0,,,,,,,,,,,3.0,,,,,,,,45,60.0,,,,,,,,,,,30.0,,,,,,,,COMPLETE
291,291,0.7410066639146076,2025-01-06 20:42:16.057246,2025-01-06 20:42:22.870471,0 days 00:00:06.813225,4,1,1.0,,,,,,,,,,,4.0,9.0,,,,,,,45,15.0,,,,,,,,,,,35.0,5.0,,,,,,,COMPLETE
292,292,0.0,2025-01-06 20:42:22.870880,2025-01-06 20:43:36.184309,0 days 00:01:13.313429,17,1,2.0,9.0,13.0,3.0,5.0,5.0,15.0,4.0,,,,2.0,5.0,10.0,3.0,14.0,4.0,5.0,2.0,40,55.0,30.0,30.0,10.0,50.0,15.0,5.0,20.0,,,,30.0,55.0,40.0,60.0,10.0,25.0,55.0,40.0,COMPLETE
293,293,0.952442166535891,2025-01-06 20:43:36.185221,2025-01-06 20:43:39.978530,0 days 00:00:03.793309,3,1,1.0,,,,,,,,,,,4.0,,,,,,,,45,20.0,,,,,,,,,,,30.0,,,,,,,,COMPLETE
294,294,0.9482295359778803,2025-01-06 20:43:39.979039,2025-01-06 20:43:44.678042,0 days 00:00:04.699003,3,1,1.0,,,,,,,,,,,3.0,,,,,,,,45,60.0,,,,,,,,,,,35.0,,,,,,,,COMPLETE
295,295,0.9566661851798354,2025-01-06 20:43:44.678448,2025-01-06 20:43:49.768874,0 days 00:00:05.090426,3,1,2.0,,,,,,,,,,,4.0,,,,,,,,40,55.0,,,,,,,,,,,25.0,,,,,,,,COMPLETE
296,296,0.7925592082007777,2025-01-06 20:43:49.769262,2025-01-06 20:43:56.077764,0 days 00:00:06.308502,4,1,1.0,,,,,,,,,,,4.0,7.0,,,,,,,40,50.0,,,,,,,,,,,25.0,15.0,,,,,,,COMPLETE
297,297,0.9416529623538824,2025-01-06 20:43:56.078184,2025-01-06 20:44:00.196926,0 days 00:00:04.118742,3,1,2.0,,,,,,,,,,,3.0,,,,,,,,40,55.0,,,,,,,,,,,20.0,,,,,,,,COMPLETE
298,298,0.8799696371294531,2025-01-06 20:44:00.197304,2025-01-06 20:44:06.971659,0 days 00:00:06.774355,3,5,3.0,,,,,,,,,,,4.0,,,,,,,,40,55.0,,,,,,,,,,,30.0,,,,,,,,COMPLETE
299,299,0.9592620232172471,2025-01-06 20:44:06.972034,2025-01-06 20:44:10.836211,0 days 00:00:03.864177,3,1,1.0,,,,,,,,,,,4.0,,,,,,,,40,25.0,,,,,,,,,,,25.0,,,,,,,,COMPLETE
300,300,0.8144779343281215,2025-01-06 20:44:10.836604,2025-01-06 20:44:15.436921,0 days 00:00:04.600317,4,1,2.0,,,,,,,,,,,4.0,3.0,,,,,,,40,25.0,,,,,,,,,,,20.0,20.0,,,,,,,COMPLETE
301,301,0.9557983071692108,2025-01-06 20:44:15.437355,2025-01-06 20:44:19.965826,0 days 00:00:04.528471,3,1,1.0,,,,,,,,,,,5.0,,,,,,,,40,60.0,,,,,,,,,,,25.0,,,,,,,,COMPLETE
302,302,0.6367614407302331,2025-01-06 20:44:19.966205,2025-01-06 20:44:39.873890,0 days 00:00:19.907685,5,1,1.0,,,,,,,,,,,4.0,13.0,12.0,,,,,,40,55.0,,,,,,,,,,,25.0,60.0,5.0,,,,,,COMPLETE
303,303,0.6721238435270407,2025-01-06 20:44:39.874351,2025-01-06 20:44:47.536611,0 days 00:00:07.662260,4,1,8.0,,,,,,,,,,,5.0,2.0,,,,,,,45,25.0,,,,,,,,,,,25.0,30.0,,,,,,,COMPLETE
304,304,0.3882057073543098,2025-01-06 20:44:47.537199,2025-01-06 20:45:00.618157,0 days 00:00:13.080958,12,1,2.0,2.0,10.0,,,,,,,,,4.0,8.0,2.0,14.0,12.0,2.0,10.0,5.0,40,25.0,25.0,40.0,,,,,,,,,30.0,40.0,30.0,5.0,5.0,55.0,35.0,50.0,COMPLETE
305,305,0.9423337856173677,2025-01-06 20:45:00.618737,2025-01-06 20:45:05.113546,0 days 00:00:04.494809,3,1,1.0,,,,,,,,,,,6.0,,,,,,,,40,25.0,,,,,,,,,,,35.0,,,,,,,,COMPLETE
306,306,0.9466613327999467,2025-01-06 20:45:05.113951,2025-01-06 20:45:08.431816,0 days 00:00:03.317865,3,1,2.0,,,,,,,,,,,3.0,,,,,,,,45,25.0,,,,,,,,,,,20.0,,,,,,,,COMPLETE
307,307,0.9506162464985994,2025-01-06 20:45:08.432207,2025-01-06 20:45:12.693429,0 days 00:00:04.261222,2,1,4.0,,,,,,,,,,,,,,,,,,,40,50.0,,,,,,,,,,,,,,,,,,,COMPLETE
308,308,0.9498231239251108,2025-01-06 20:45:12.693805,2025-01-06 20:45:16.647024,0 days 00:00:03.953219,3,1,1.0,,,,,,,,,,,5.0,,,,,,,,45,25.0,,,,,,,,,,,35.0,,,,,,,,COMPLETE
309,309,0.9492115786729673,2025-01-06 20:45:16.647425,2025-01-06 20:45:19.792975,0 days 00:00:03.145550,2,1,2.0,,,,,,,,,,,,,,,,,,,45,25.0,,,,,,,,,,,,,,,,,,,COMPLETE
310,310,0.9516654583031243,2025-01-06 20:45:19.793337,2025-01-06 20:45:23.259278,0 days 00:00:03.465941,3,1,1.0,,,,,,,,,,,1.0,,,,,,,,40,25.0,,,,,,,,,,,30.0,,,,,,,,COMPLETE
311,311,0.9480489235198222,2025-01-06 20:45:23.259669,2025-01-06 20:45:29.950204,0 days 00:00:06.690535,2,12,2.0,,,,,,,,,,,,,,,,,,,40,25.0,,,,,,,,,,,,,,,,,,,COMPLETE
312,312,0.9482497212931995,2025-01-06 20:45:29.950560,2025-01-06 20:45:33.576859,0 days 00:00:03.626299,3,1,1.0,,,,,,,,,,,3.0,,,,,,,,45,25.0,,,,,,,,,,,25.0,,,,,,,,COMPLETE
313,313,0.6474208851258032,2025-01-06 20:45:33.577266,2025-01-06 20:45:44.340632,0 days 00:00:10.763366,4,4,3.0,,,,,,,,,,,4.0,6.0,,,,,,,35,25.0,,,,,,,,,,,35.0,50.0,,,,,,,COMPLETE
314,314,0.9507121679945952,2025-01-06 20:45:44.341050,2025-01-06 20:45:48.625499,0 days 00:00:04.284449,2,1,2.0,,,,,,,,,,,,,,,,,,,45,55.0,,,,,,,,,,,,,,,,,,,COMPLETE
315,315,0.9434385945481982,2025-01-06 20:45:48.625855,2025-01-06 20:45:52.657496,0 days 00:00:04.031641,3,1,1.0,,,,,,,,,,,2.0,,,,,,,,40,25.0,,,,,,,,,,,25.0,,,,,,,,COMPLETE
316,316,0.9599304301291056,2025-01-06 20:45:52.657923,2025-01-06 20:45:56.280221,0 days 00:00:03.622298,3,1,1.0,,,,,,,,,,,4.0,,,,,,,,35,25.0,,,,,,,,,,,30.0,,,,,,,,COMPLETE
317,317,0.7662234426940309,2025-01-06 20:45:56.280739,2025-01-06 20:46:02.521759,0 days 00:00:06.241020,4,1,2.0,,,,,,,,,,,4.0,4.0,,,,,,,35,25.0,,,,,,,,,,,30.0,20.0,,,,,,,COMPLETE
318,318,0.9423218673218673,2025-01-06 20:46:02.522204,2025-01-06 20:46:06.146872,0 days 00:00:03.624668,3,1,1.0,,,,,,,,,,,4.0,,,,,,,,35,30.0,,,,,,,,,,,30.0,,,,,,,,COMPLETE
319,319,0.6806684111463067,2025-01-06 20:46:06.147281,2025-01-06 20:46:11.938100,0 days 00:00:05.790819,4,1,2.0,,,,,,,,,,,5.0,7.0,,,,,,,35,25.0,,,,,,,,,,,30.0,5.0,,,,,,,COMPLETE
320,320,0.9457912457912458,2025-01-06 20:46:11.938515,2025-01-06 20:46:15.382161,0 days 00:00:03.443646,3,1,1.0,,,,,,,,,,,4.0,,,,,,,,35,20.0,,,,,,,,,,,35.0,,,,,,,,COMPLETE
321,321,0.9507982793449046,2025-01-06 20:46:15.382550,2025-01-06 20:46:18.972956,0 days 00:00:03.590406,3,1,1.0,,,,,,,,,,,3.0,,,,,,,,40,25.0,,,,,,,,,,,30.0,,,,,,,,COMPLETE
322,322,0.6228894936605168,2025-01-06 20:46:18.973341,2025-01-06 20:46:27.769746,0 days 00:00:08.796405,3,1,12.0,,,,,,,,,,,5.0,,,,,,,,35,25.0,,,,,,,,,,,55.0,,,,,,,,COMPLETE
323,323,0.6595768505421971,2025-01-06 20:46:27.770147,2025-01-06 20:46:36.177431,0 days 00:00:08.407284,4,1,3.0,,,,,,,,,,,3.0,11.0,,,,,,,40,30.0,,,,,,,,,,,35.0,25.0,,,,,,,COMPLETE
324,324,0.9472989780825603,2025-01-06 20:46:36.177851,2025-01-06 20:46:41.261520,0 days 00:00:05.083669,3,1,2.0,,,,,,,,,,,4.0,,,,,,,,45,60.0,,,,,,,,,,,30.0,,,,,,,,COMPLETE
325,325,0.9557922502879848,2025-01-06 20:46:41.261895,2025-01-06 20:46:44.418459,0 days 00:00:03.156564,2,1,1.0,,,,,,,,,,,,,,,,,,,40,25.0,,,,,,,,,,,,,,,,,,,COMPLETE
326,326,0.30134158361625235,2025-01-06 20:46:44.418810,2025-01-06 20:47:06.012158,0 days 00:00:21.593348,16,1,2.0,5.0,3.0,9.0,11.0,15.0,4.0,,,,,5.0,15.0,11.0,9.0,2.0,9.0,15.0,15.0,45,25.0,55.0,15.0,25.0,10.0,40.0,45.0,,,,,25.0,35.0,55.0,30.0,60.0,40.0,10.0,25.0,COMPLETE
327,327,0.965121412803532,2025-01-06 20:47:06.012985,2025-01-06 20:47:10.019429,0 days 00:00:04.006444,3,1,1.0,,,,,,,,,,,2.0,,,,,,,,35,20.0,,,,,,,,,,,60.0,,,,,,,,COMPLETE
328,328,0.9583933198963432,2025-01-06 20:47:10.019847,2025-01-06 20:47:15.880501,0 days 00:00:05.860654,4,1,2.0,,,,,,,,,,,2.0,2.0,,,,,,,35,30.0,,,,,,,,,,,60.0,40.0,,,,,,,COMPLETE
329,329,0.9464765100671141,2025-01-06 20:47:15.880917,2025-01-06 20:47:21.152511,0 days 00:00:05.271594,4,1,2.0,,,,,,,,,,,2.0,2.0,,,,,,,35,30.0,,,,,,,,,,,60.0,40.0,,,,,,,COMPLETE
330,330,0.4297750618872191,2025-01-06 20:47:21.152919,2025-01-06 20:48:27.434477,0 days 00:01:06.281558,9,6,2.0,,,,,,,,,,,1.0,4.0,14.0,5.0,11.0,13.0,2.0,,35,30.0,,,,,,,,,,,55.0,45.0,60.0,25.0,45.0,50.0,45.0,,COMPLETE
331,331,0.9473409423405514,2025-01-06 20:48:27.435273,2025-01-06 20:48:31.168279,0 days 00:00:03.733006,3,1,2.0,,,,,,,,,,,2.0,,,,,,,,35,20.0,,,,,,,,,,,60.0,,,,,,,,COMPLETE
332,332,0.646837951534958,2025-01-06 20:48:31.168680,2025-01-06 20:48:41.839891,0 days 00:00:10.671211,5,1,3.0,,,,,,,,,,,2.0,3.0,9.0,,,,,,35,30.0,,,,,,,,,,,60.0,55.0,10.0,,,,,,COMPLETE
333,333,0.9523030554279504,2025-01-06 20:48:41.840345,2025-01-06 20:48:49.056511,0 days 00:00:07.216166,3,9,1.0,,,,,,,,,,,2.0,,,,,,,,35,20.0,,,,,,,,,,,60.0,,,,,,,,COMPLETE
334,334,0.9541260663665352,2025-01-06 20:48:49.056906,2025-01-06 20:48:54.613880,0 days 00:00:05.556974,4,1,2.0,,,,,,,,,,,3.0,2.0,,,,,,,35,30.0,,,,,,,,,,,60.0,40.0,,,,,,,COMPLETE
335,335,0.9481424516562033,2025-01-06 20:48:54.614302,2025-01-06 20:48:58.871106,0 days 00:00:04.256804,3,1,1.0,,,,,,,,,,,3.0,,,,,,,,35,5.0,,,,,,,,,,,60.0,,,,,,,,COMPLETE
336,336,0.9410449220687563,2025-01-06 20:48:58.871495,2025-01-06 20:49:06.585681,0 days 00:00:07.714186,4,1,2.0,,,,,,,,,,,2.0,5.0,,,,,,,35,30.0,,,,,,,,,,,55.0,50.0,,,,,,,COMPLETE
337,337,0.9473409423405514,2025-01-06 20:49:06.586133,2025-01-06 20:49:11.053275,0 days 00:00:04.467142,3,1,1.0,,,,,,,,,,,1.0,,,,,,,,40,60.0,,,,,,,,,,,60.0,,,,,,,,COMPLETE
338,338,0.9499031453377371,2025-01-06 20:49:11.053703,2025-01-06 20:49:14.849917,0 days 00:00:03.796214,3,1,2.0,,,,,,,,,,,3.0,,,,,,,,40,25.0,,,,,,,,,,,55.0,,,,,,,,COMPLETE
339,339,0.7353771135091465,2025-01-06 20:49:14.850310,2025-01-06 20:49:20.209546,0 days 00:00:05.359236,3,1,5.0,,,,,,,,,,,6.0,,,,,,,,35,20.0,,,,,,,,,,,30.0,,,,,,,,COMPLETE
340,340,0.9265488988449266,2025-01-06 20:49:20.210110,2025-01-06 20:49:26.149919,0 days 00:00:05.939809,3,1,9.0,,,,,,,,,,,2.0,,,,,,,,35,30.0,,,,,,,,,,,60.0,,,,,,,,COMPLETE
341,341,0.9551483878088826,2025-01-06 20:49:26.150328,2025-01-06 20:49:30.838144,0 days 00:00:04.687816,4,1,1.0,,,,,,,,,,,8.0,1.0,,,,,,,40,25.0,,,,,,,,,,,35.0,25.0,,,,,,,COMPLETE
342,342,0.9444488393644193,2025-01-06 20:49:30.838546,2025-01-06 20:49:37.573083,0 days 00:00:06.734537,2,10,2.0,,,,,,,,,,,,,,,,,,,35,15.0,,,,,,,,,,,,,,,,,,,COMPLETE
343,343,0.5580035389063916,2025-01-06 20:49:37.573467,2025-01-06 20:50:01.700538,0 days 00:00:24.127071,6,1,1.0,,,,,,,,,,,3.0,8.0,8.0,15.0,,,,,40,25.0,,,,,,,,,,,55.0,30.0,15.0,45.0,,,,,COMPLETE
344,344,0.9564954767264643,2025-01-06 20:50:01.701052,2025-01-06 20:50:05.617960,0 days 00:00:03.916908,3,1,2.0,,,,,,,,,,,4.0,,,,,,,,60,25.0,,,,,,,,,,,30.0,,,,,,,,COMPLETE
345,345,0.9539057159825641,2025-01-06 20:50:05.618360,2025-01-06 20:50:09.210926,0 days 00:00:03.592566,2,1,1.0,,,,,,,,,,,,,,,,,,,40,50.0,,,,,,,,,,,,,,,,,,,COMPLETE
346,346,0.9137414203669982,2025-01-06 20:50:09.211322,2025-01-06 20:50:14.211020,0 days 00:00:04.999698,3,1,7.0,,,,,,,,,,,3.0,,,,,,,,60,20.0,,,,,,,,,,,40.0,,,,,,,,COMPLETE
347,347,0.7347883597883598,2025-01-06 20:50:14.211415,2025-01-06 20:50:24.156383,0 days 00:00:09.944968,4,1,2.0,,,,,,,,,,,2.0,10.0,,,,,,,40,10.0,,,,,,,,,,,25.0,60.0,,,,,,,COMPLETE
348,348,0.9541311207198785,2025-01-06 20:50:24.156986,2025-01-06 20:50:27.626671,0 days 00:00:03.469685,3,1,1.0,,,,,,,,,,,4.0,,,,,,,,35,25.0,,,,,,,,,,,30.0,,,,,,,,COMPLETE
349,349,0.946577480490524,2025-01-06 20:50:27.627052,2025-01-06 20:50:30.954643,0 days 00:00:03.327591,2,1,3.0,,,,,,,,,,,,,,,,,,,60,30.0,,,,,,,,,,,,,,,,,,,COMPLETE
350,350,0.80991778316496,2025-01-06 20:50:30.955009,2025-01-06 20:50:37.301409,0 days 00:00:06.346400,3,1,6.0,,,,,,,,,,,5.0,,,,,,,,30,25.0,,,,,,,,,,,60.0,,,,,,,,COMPLETE
351,351,0.8906689270325634,2025-01-06 20:50:37.301824,2025-01-06 20:50:43.091348,0 days 00:00:05.789524,4,2,1.0,,,,,,,,,,,3.0,4.0,,,,,,,35,25.0,,,,,,,,,,,35.0,35.0,,,,,,,COMPLETE
352,352,0.9482441471571906,2025-01-06 20:50:43.091760,2025-01-06 20:50:46.137892,0 days 00:00:03.046132,2,1,2.0,,,,,,,,,,,,,,,,,,,40,25.0,,,,,,,,,,,,,,,,,,,COMPLETE
353,353,0.9609337858903912,2025-01-06 20:50:46.138259,2025-01-06 20:50:50.949242,0 days 00:00:04.810983,3,1,1.0,,,,,,,,,,,6.0,,,,,,,,45,30.0,,,,,,,,,,,55.0,,,,,,,,COMPLETE
354,354,0.703971526026991,2025-01-06 20:50:50.949637,2025-01-06 20:51:03.837202,0 days 00:00:12.887565,5,2,1.0,,,,,,,,,,,4.0,7.0,1.0,,,,,,45,30.0,,,,,,,,,,,55.0,45.0,45.0,,,,,,COMPLETE
355,355,0.9432250512145157,2025-01-06 20:51:03.837680,2025-01-06 20:51:07.282351,0 days 00:00:03.444671,2,1,3.0,,,,,,,,,,,,,,,,,,,45,30.0,,,,,,,,,,,,,,,,,,,COMPLETE
356,356,0.9472584359050495,2025-01-06 20:51:07.282720,2025-01-06 20:51:12.055824,0 days 00:00:04.773104,3,2,2.0,,,,,,,,,,,2.0,,,,,,,,45,30.0,,,,,,,,,,,55.0,,,,,,,,COMPLETE
357,357,0.0,2025-01-06 20:51:12.056291,2025-01-06 20:53:22.451275,0 days 00:02:10.394984,19,1,1.0,10.0,2.0,15.0,13.0,10.0,10.0,11.0,8.0,1.0,,5.0,6.0,7.0,2.0,9.0,7.0,13.0,13.0,45,30.0,20.0,50.0,45.0,50.0,25.0,20.0,60.0,40.0,60.0,,55.0,50.0,35.0,40.0,25.0,35.0,15.0,35.0,COMPLETE
358,358,0.9480814472296584,2025-01-06 20:53:22.452191,2025-01-06 20:53:25.529058,0 days 00:00:03.076867,2,1,2.0,,,,,,,,,,,,,,,,,,,40,30.0,,,,,,,,,,,,,,,,,,,COMPLETE
359,359,0.9558707709373266,2025-01-06 20:53:25.529450,2025-01-06 20:53:29.730738,0 days 00:00:04.201288,3,1,1.0,,,,,,,,,,,3.0,,,,,,,,45,30.0,,,,,,,,,,,60.0,,,,,,,,COMPLETE
360,360,0.8809034030041256,2025-01-06 20:53:29.731141,2025-01-06 20:53:38.337480,0 days 00:00:08.606339,4,2,2.0,,,,,,,,,,,1.0,9.0,,,,,,,60,55.0,,,,,,,,,,,55.0,30.0,,,,,,,COMPLETE
361,361,0.6773281165295684,2025-01-06 20:53:38.337938,2025-01-06 20:53:52.460695,0 days 00:00:14.122757,3,1,15.0,,,,,,,,,,,6.0,,,,,,,,35,60.0,,,,,,,,,,,25.0,,,,,,,,COMPLETE
362,362,0.9423813340457743,2025-01-06 20:53:52.461268,2025-01-06 20:53:55.814121,0 days 00:00:03.352853,2,1,1.0,,,,,,,,,,,,,,,,,,,40,25.0,,,,,,,,,,,,,,,,,,,COMPLETE
363,363,0.9463928980269803,2025-01-06 20:53:55.814486,2025-01-06 20:54:03.376038,0 days 00:00:07.561552,3,2,2.0,,,,,,,,,,,4.0,,,,,,,,45,55.0,,,,,,,,,,,55.0,,,,,,,,COMPLETE
364,364,0.9473591637770742,2025-01-06 20:54:03.376442,2025-01-06 20:54:07.879835,0 days 00:00:04.503393,3,1,1.0,,,,,,,,,,,3.0,,,,,,,,60,25.0,,,,,,,,,,,60.0,,,,,,,,COMPLETE
365,365,0.5540681105728128,2025-01-06 20:54:07.880234,2025-01-06 20:54:43.988773,0 days 00:00:36.108539,10,1,2.0,,,,,,,,,,,5.0,1.0,4.0,10.0,5.0,6.0,11.0,10.0,40,20.0,,,,,,,,,,,30.0,55.0,50.0,20.0,15.0,60.0,25.0,10.0,COMPLETE
366,366,0.9499031453377371,2025-01-06 20:54:43.989430,2025-01-06 20:54:46.886011,0 days 00:00:02.896581,2,1,1.0,,,,,,,,,,,,,,,,,,,35,25.0,,,,,,,,,,,,,,,,,,,COMPLETE
367,367,0.8651968289612466,2025-01-06 20:54:46.886549,2025-01-06 20:54:53.714248,0 days 00:00:06.827699,3,2,4.0,,,,,,,,,,,4.0,,,,,,,,45,30.0,,,,,,,,,,,55.0,,,,,,,,COMPLETE
368,368,0.949197104584408,2025-01-06 20:54:53.714683,2025-01-06 20:54:57.701371,0 days 00:00:03.986688,4,1,2.0,,,,,,,,,,,2.0,3.0,,,,,,,40,20.0,,,,,,,,,,,30.0,45.0,,,,,,,COMPLETE
369,369,0.9558707709373266,2025-01-06 20:54:57.701804,2025-01-06 20:55:02.097864,0 days 00:00:04.396060,3,1,3.0,,,,,,,,,,,3.0,,,,,,,,60,25.0,,,,,,,,,,,25.0,,,,,,,,COMPLETE
370,370,0.9466642961909417,2025-01-06 20:55:02.098293,2025-01-06 20:55:04.751853,0 days 00:00:02.653560,2,2,1.0,,,,,,,,,,,,,,,,,,,30,25.0,,,,,,,,,,,,,,,,,,,COMPLETE
371,371,0.9606729298667249,2025-01-06 20:55:04.752232,2025-01-06 20:55:08.059307,0 days 00:00:03.307075,3,1,2.0,,,,,,,,,,,4.0,,,,,,,,35,25.0,,,,,,,,,,,15.0,,,,,,,,COMPLETE
372,372,0.692894954700745,2025-01-06 20:55:08.059683,2025-01-06 20:55:13.634545,0 days 00:00:05.574862,4,1,2.0,,,,,,,,,,,4.0,6.0,,,,,,,35,30.0,,,,,,,,,,,15.0,10.0,,,,,,,COMPLETE
373,373,0.9441077441077441,2025-01-06 20:55:13.634998,2025-01-06 20:55:17.766233,0 days 00:00:04.131235,3,1,3.0,,,,,,,,,,,4.0,,,,,,,,35,45.0,,,,,,,,,,,15.0,,,,,,,,COMPLETE
374,374,0.9292042025383864,2025-01-06 20:55:17.766634,2025-01-06 20:55:22.804796,0 days 00:00:05.038162,3,8,2.0,,,,,,,,,,,4.0,,,,,,,,35,25.0,,,,,,,,,,,5.0,,,,,,,,COMPLETE
375,375,0.6896028037383177,2025-01-06 20:55:22.805192,2025-01-06 20:55:35.536908,0 days 00:00:12.731716,4,11,2.0,,,,,,,,,,,5.0,2.0,,,,,,,35,50.0,,,,,,,,,,,10.0,25.0,,,,,,,COMPLETE
376,376,0.9573955477635524,2025-01-06 20:55:35.537379,2025-01-06 20:55:39.050271,0 days 00:00:03.512892,3,1,2.0,,,,,,,,,,,4.0,,,,,,,,35,25.0,,,,,,,,,,,10.0,,,,,,,,COMPLETE
377,377,0.6980281268356734,2025-01-06 20:55:39.050673,2025-01-06 20:55:44.918303,0 days 00:00:05.867630,4,1,3.0,,,,,,,,,,,3.0,5.0,,,,,,,35,25.0,,,,,,,,,,,10.0,35.0,,,,,,,COMPLETE
378,378,0.8752457426451956,2025-01-06 20:55:44.918756,2025-01-06 20:55:50.090904,0 days 00:00:05.172148,3,1,2.0,,,,,,,,,,,12.0,,,,,,,,35,25.0,,,,,,,,,,,10.0,,,,,,,,COMPLETE
379,379,0.9616100693437981,2025-01-06 20:55:50.091341,2025-01-06 20:55:53.641057,0 days 00:00:03.549716,3,1,2.0,,,,,,,,,,,2.0,,,,,,,,35,25.0,,,,,,,,,,,15.0,,,,,,,,COMPLETE
380,380,0.9413507788650144,2025-01-06 20:55:53.641502,2025-01-06 20:55:57.169328,0 days 00:00:03.527826,3,1,2.0,,,,,,,,,,,6.0,,,,,,,,35,15.0,,,,,,,,,,,15.0,,,,,,,,COMPLETE
381,381,0.7133387888707037,2025-01-06 20:55:57.169740,2025-01-06 20:56:04.840503,0 days 00:00:07.670763,4,1,1.0,,,,,,,,,,,4.0,8.0,,,,,,,35,25.0,,,,,,,,,,,15.0,60.0,,,,,,,COMPLETE
382,382,0.9476322118707323,2025-01-06 20:56:04.841124,2025-01-06 20:56:08.852644,0 days 00:00:04.011520,3,1,2.0,,,,,,,,,,,3.0,,,,,,,,30,30.0,,,,,,,,,,,5.0,,,,,,,,COMPLETE
383,383,0.9424286445809956,2025-01-06 20:56:08.853085,2025-01-06 20:56:11.390238,0 days 00:00:02.537153,2,1,2.0,,,,,,,,,,,,,,,,,,,35,20.0,,,,,,,,,,,,,,,,,,,COMPLETE
384,384,0.9525283282583736,2025-01-06 20:56:11.390601,2025-01-06 20:56:14.650022,0 days 00:00:03.259421,3,1,1.0,,,,,,,,,,,5.0,,,,,,,,35,25.0,,,,,,,,,,,10.0,,,,,,,,COMPLETE
385,385,0.6235837750349037,2025-01-06 20:56:14.650435,2025-01-06 20:56:27.101587,0 days 00:00:12.451152,4,1,13.0,,,,,,,,,,,2.0,12.0,,,,,,,35,25.0,,,,,,,,,,,15.0,40.0,,,,,,,COMPLETE
386,386,0.9474441383532293,2025-01-06 20:56:27.102027,2025-01-06 20:56:30.073914,0 days 00:00:02.971887,2,1,3.0,,,,,,,,,,,,,,,,,,,30,25.0,,,,,,,,,,,,,,,,,,,COMPLETE
387,387,0.948409710071098,2025-01-06 20:56:30.074286,2025-01-06 20:56:33.447472,0 days 00:00:03.373186,3,1,1.0,,,,,,,,,,,4.0,,,,,,,,35,25.0,,,,,,,,,,,20.0,,,,,,,,COMPLETE
388,388,0.9489795918367347,2025-01-06 20:56:33.447858,2025-01-06 20:56:37.271457,0 days 00:00:03.823599,3,1,2.0,,,,,,,,,,,3.0,,,,,,,,35,30.0,,,,,,,,,,,5.0,,,,,,,,COMPLETE
389,389,0.9574672921640317,2025-01-06 20:56:37.271853,2025-01-06 20:56:40.668514,0 days 00:00:03.396661,2,1,1.0,,,,,,,,,,,,,,,,,,,35,20.0,,,,,,,,,,,,,,,,,,,COMPLETE
390,390,0.9406599891987595,2025-01-06 20:56:40.668877,2025-01-06 20:56:43.351779,0 days 00:00:02.682902,2,1,1.0,,,,,,,,,,,,,,,,,,,35,20.0,,,,,,,,,,,,,,,,,,,COMPLETE
391,391,0.9429709972077621,2025-01-06 20:56:43.352143,2025-01-06 20:56:45.979478,0 days 00:00:02.627335,2,2,1.0,,,,,,,,,,,,,,,,,,,30,20.0,,,,,,,,,,,,,,,,,,,COMPLETE
392,392,0.9441901877246704,2025-01-06 20:56:45.979829,2025-01-06 20:56:48.801692,0 days 00:00:02.821863,2,1,1.0,,,,,,,,,,,,,,,,,,,35,20.0,,,,,,,,,,,,,,,,,,,COMPLETE
393,393,0.3518664477285167,2025-01-06 20:56:48.802060,2025-01-06 20:57:09.703470,0 days 00:00:20.901410,14,5,1.0,14.0,6.0,6.0,6.0,,,,,,,1.0,3.0,5.0,7.0,2.0,4.0,7.0,6.0,35,20.0,40.0,35.0,30.0,30.0,,,,,,,20.0,30.0,25.0,5.0,30.0,20.0,5.0,55.0,COMPLETE
394,394,0.9516665324070345,2025-01-06 20:57:09.704338,2025-01-06 20:57:13.489057,0 days 00:00:03.784719,2,2,1.0,,,,,,,,,,,,,,,,,,,35,20.0,,,,,,,,,,,,,,,,,,,COMPLETE
395,395,0.9437985585626103,2025-01-06 20:57:13.489478,2025-01-06 20:57:16.438340,0 days 00:00:02.948862,2,1,1.0,,,,,,,,,,,,,,,,,,,35,25.0,,,,,,,,,,,,,,,,,,,COMPLETE
396,396,0.9421656473445159,2025-01-06 20:57:16.438728,2025-01-06 20:57:21.683315,0 days 00:00:05.244587,3,1,1.0,,,,,,,,,,,6.0,,,,,,,,35,25.0,,,,,,,,,,,60.0,,,,,,,,COMPLETE
397,397,0.9466420729810214,2025-01-06 20:57:21.683714,2025-01-06 20:57:25.021121,0 days 00:00:03.337407,3,1,1.0,,,,,,,,,,,5.0,,,,,,,,35,15.0,,,,,,,,,,,10.0,,,,,,,,COMPLETE
398,398,0.7086245389244807,2025-01-06 20:57:25.021510,2025-01-06 20:57:35.652962,0 days 00:00:10.631452,4,2,1.0,,,,,,,,,,,4.0,7.0,,,,,,,35,20.0,,,,,,,,,,,55.0,35.0,,,,,,,COMPLETE
399,399,0.6221223747980613,2025-01-06 20:57:35.653437,2025-01-06 20:57:47.502335,0 days 00:00:11.848898,5,1,2.0,,,,,,,,,,,5.0,10.0,3.0,,,,,,30,30.0,,,,,,,,,,,15.0,45.0,30.0,,,,,,COMPLETE
400,400,0.9296615031554791,2025-01-06 20:57:47.502797,2025-01-06 20:57:50.741835,0 days 00:00:03.239038,2,1,1.0,,,,,,,,,,,,,,,,,,,35,35.0,,,,,,,,,,,,,,,,,,,COMPLETE
401,401,0.9475043267950652,2025-01-06 20:57:50.742214,2025-01-06 20:57:54.338870,0 days 00:00:03.596656,3,1,2.0,,,,,,,,,,,2.0,,,,,,,,35,25.0,,,,,,,,,,,60.0,,,,,,,,COMPLETE
402,402,0.9448103064012326,2025-01-06 20:57:54.339267,2025-01-06 20:57:58.751443,0 days 00:00:04.412176,2,2,5.0,,,,,,,,,,,,,,,,,,,35,25.0,,,,,,,,,,,,,,,,,,,COMPLETE
403,403,0.7049332194090929,2025-01-06 20:57:58.751836,2025-01-06 20:58:14.908957,0 days 00:00:16.157121,3,13,1.0,,,,,,,,,,,15.0,,,,,,,,35,25.0,,,,,,,,,,,40.0,,,,,,,,COMPLETE
404,404,0.9432788051209103,2025-01-06 20:58:14.909493,2025-01-06 20:58:19.063511,0 days 00:00:04.154018,3,1,2.0,,,,,,,,,,,4.0,,,,,,,,35,30.0,,,,,,,,,,,50.0,,,,,,,,COMPLETE
405,405,0.8896717476586264,2025-01-06 20:58:19.064080,2025-01-06 20:58:23.854658,0 days 00:00:04.790578,4,1,1.0,,,,,,,,,,,5.0,5.0,,,,,,,30,25.0,,,,,,,,,,,20.0,15.0,,,,,,,COMPLETE
406,406,0.9490900996160053,2025-01-06 20:58:23.855140,2025-01-06 20:58:27.034401,0 days 00:00:03.179261,2,1,2.0,,,,,,,,,,,,,,,,,,,35,25.0,,,,,,,,,,,,,,,,,,,COMPLETE
407,407,0.7188064783181558,2025-01-06 20:58:27.034779,2025-01-06 20:58:36.926279,0 days 00:00:09.891500,3,2,3.0,,,,,,,,,,,10.0,,,,,,,,35,30.0,,,,,,,,,,,55.0,,,,,,,,COMPLETE
408,408,0.9557957707289928,2025-01-06 20:58:36.926702,2025-01-06 20:58:39.841822,0 days 00:00:02.915120,2,1,1.0,,,,,,,,,,,,,,,,,,,60,20.0,,,,,,,,,,,,,,,,,,,COMPLETE
409,409,0.8524190581309787,2025-01-06 20:58:39.842193,2025-01-06 20:58:47.670294,0 days 00:00:07.828101,4,1,2.0,,,,,,,,,,,4.0,4.0,,,,,,,35,25.0,,,,,,,,,,,60.0,50.0,,,,,,,COMPLETE
410,410,0.9507707718849129,2025-01-06 20:58:47.670729,2025-01-06 20:58:53.158568,0 days 00:00:05.487839,3,1,1.0,,,,,,,,,,,6.0,,,,,,,,50,25.0,,,,,,,,,,,55.0,,,,,,,,COMPLETE
411,411,0.9498947779186933,2025-01-06 20:58:53.158995,2025-01-06 20:58:56.441630,0 days 00:00:03.282635,2,2,2.0,,,,,,,,,,,,,,,,,,,40,35.0,,,,,,,,,,,,,,,,,,,COMPLETE
412,412,0.9500699087725126,2025-01-06 20:58:56.441993,2025-01-06 20:59:00.691546,0 days 00:00:04.249553,4,1,1.0,,,,,,,,,,,2.0,1.0,,,,,,,35,30.0,,,,,,,,,,,50.0,20.0,,,,,,,COMPLETE
413,413,0.915895381303761,2025-01-06 20:59:00.691988,2025-01-06 20:59:05.679671,0 days 00:00:04.987683,3,4,2.0,,,,,,,,,,,1.0,,,,,,,,60,25.0,,,,,,,,,,,60.0,,,,,,,,COMPLETE
414,414,0.9450941306755261,2025-01-06 20:59:05.680072,2025-01-06 20:59:09.592044,0 days 00:00:03.911972,3,1,1.0,,,,,,,,,,,3.0,,,,,,,,45,20.0,,,,,,,,,,,55.0,,,,,,,,COMPLETE
415,415,0.956588395326019,2025-01-06 20:59:09.592466,2025-01-06 20:59:12.419246,0 days 00:00:02.826780,2,1,2.0,,,,,,,,,,,,,,,,,,,30,25.0,,,,,,,,,,,,,,,,,,,COMPLETE
416,416,0.9524514441538204,2025-01-06 20:59:12.419614,2025-01-06 20:59:17.810082,0 days 00:00:05.390468,3,2,1.0,,,,,,,,,,,4.0,,,,,,,,45,30.0,,,,,,,,,,,40.0,,,,,,,,COMPLETE
417,417,0.9616717963532928,2025-01-06 20:59:17.810545,2025-01-06 20:59:20.736157,0 days 00:00:02.925612,2,1,2.0,,,,,,,,,,,,,,,,,,,35,25.0,,,,,,,,,,,,,,,,,,,COMPLETE
418,418,0.5850310209867362,2025-01-06 20:59:20.736517,2025-01-06 20:59:42.439887,0 days 00:00:21.703370,7,1,1.0,,,,,,,,,,,6.0,2.0,11.0,1.0,6.0,,,,40,25.0,,,,,,,,,,,50.0,10.0,20.0,60.0,35.0,,,,COMPLETE
419,419,0.9406417052557492,2025-01-06 20:59:42.440614,2025-01-06 20:59:45.985273,0 days 00:00:03.544659,2,1,2.0,,,,,,,,,,,,,,,,,,,50,20.0,,,,,,,,,,,,,,,,,,,COMPLETE
420,420,0.4012754855541598,2025-01-06 20:59:45.985650,2025-01-06 21:00:10.021742,0 days 00:00:24.036092,11,2,1.0,7.0,,,,,,,,,,2.0,9.0,8.0,12.0,14.0,9.0,13.0,4.0,35,25.0,10.0,,,,,,,,,,60.0,55.0,5.0,15.0,55.0,50.0,10.0,45.0,COMPLETE
421,421,0.9547474747474747,2025-01-06 21:00:10.022341,2025-01-06 21:00:15.619859,0 days 00:00:05.597518,2,1,9.0,,,,,,,,,,,,,,,,,,,60,30.0,,,,,,,,,,,,,,,,,,,COMPLETE
422,422,0.9532552954292085,2025-01-06 21:00:15.620251,2025-01-06 21:00:18.558387,0 days 00:00:02.938136,2,1,3.0,,,,,,,,,,,,,,,,,,,40,25.0,,,,,,,,,,,,,,,,,,,COMPLETE
423,423,0.9583997785160576,2025-01-06 21:00:18.558751,2025-01-06 21:00:22.657151,0 days 00:00:04.098400,2,2,2.0,,,,,,,,,,,,,,,,,,,45,25.0,,,,,,,,,,,,,,,,,,,COMPLETE
424,424,0.957534664448142,2025-01-06 21:00:22.657520,2025-01-06 21:00:26.347306,0 days 00:00:03.689786,2,2,1.0,,,,,,,,,,,,,,,,,,,45,15.0,,,,,,,,,,,,,,,,,,,COMPLETE
425,425,0.9142251721666511,2025-01-06 21:00:26.347704,2025-01-06 21:00:33.674651,0 days 00:00:07.326947,1,2,,,,,,,,,,,,,,,,,,,,45,,,,,,,,,,,,,,,,,,,,COMPLETE
426,426,0.940708681205149,2025-01-06 21:00:33.675048,2025-01-06 21:00:37.556221,0 days 00:00:03.881173,2,2,4.0,,,,,,,,,,,,,,,,,,,45,10.0,,,,,,,,,,,,,,,,,,,COMPLETE
427,427,0.9536892437518811,2025-01-06 21:00:37.556612,2025-01-06 21:00:44.945905,0 days 00:00:07.389293,1,2,,,,,,,,,,,,,,,,,,,,45,,,,,,,,,,,,,,,,,,,,COMPLETE
428,428,0.9482418853567098,2025-01-06 21:00:44.946473,2025-01-06 21:00:48.487517,0 days 00:00:03.541044,2,2,2.0,,,,,,,,,,,,,,,,,,,45,10.0,,,,,,,,,,,,,,,,,,,COMPLETE
429,429,0.9366692685257458,2025-01-06 21:00:48.487915,2025-01-06 21:00:52.728408,0 days 00:00:04.240493,2,2,1.0,,,,,,,,,,,,,,,,,,,45,25.0,,,,,,,,,,,,,,,,,,,COMPLETE
430,430,0.9523033226332331,2025-01-06 21:00:52.728784,2025-01-06 21:00:56.210371,0 days 00:00:03.481587,2,2,2.0,,,,,,,,,,,,,,,,,,,45,15.0,,,,,,,,,,,,,,,,,,,COMPLETE
431,431,0.9573960101867572,2025-01-06 21:00:56.210765,2025-01-06 21:01:03.373893,0 days 00:00:07.163128,1,2,,,,,,,,,,,,,,,,,,,,45,,,,,,,,,,,,,,,,,,,,COMPLETE
432,432,0.9423444147896682,2025-01-06 21:01:03.374286,2025-01-06 21:01:07.537545,0 days 00:00:04.163259,2,2,1.0,,,,,,,,,,,,,,,,,,,45,15.0,,,,,,,,,,,,,,,,,,,COMPLETE
433,433,0.9490399271919197,2025-01-06 21:01:07.537941,2025-01-06 21:01:11.843062,0 days 00:00:04.305121,2,2,2.0,,,,,,,,,,,,,,,,,,,45,25.0,,,,,,,,,,,,,,,,,,,COMPLETE
434,434,0.9506254796838148,2025-01-06 21:01:11.843463,2025-01-06 21:01:17.332380,0 days 00:00:05.488917,3,2,3.0,,,,,,,,,,,2.0,,,,,,,,45,30.0,,,,,,,,,,,35.0,,,,,,,,COMPLETE
435,435,0.9310916584044449,2025-01-06 21:01:17.332814,2025-01-06 21:01:23.024551,0 days 00:00:05.691737,3,3,1.0,,,,,,,,,,,9.0,,,,,,,,40,25.0,,,,,,,,,,,40.0,,,,,,,,COMPLETE
436,436,0.9475169235366456,2025-01-06 21:01:23.024972,2025-01-06 21:01:30.369855,0 days 00:00:07.344883,1,2,,,,,,,,,,,,,,,,,,,,45,,,,,,,,,,,,,,,,,,,,COMPLETE
437,437,0.948193244633255,2025-01-06 21:01:30.370257,2025-01-06 21:01:33.930385,0 days 00:00:03.560128,2,1,2.0,,,,,,,,,,,,,,,,,,,60,25.0,,,,,,,,,,,,,,,,,,,COMPLETE
438,438,0.9116918027220509,2025-01-06 21:01:33.930760,2025-01-06 21:01:40.674964,0 days 00:00:06.744204,3,6,1.0,,,,,,,,,,,7.0,,,,,,,,40,15.0,,,,,,,,,,,60.0,,,,,,,,COMPLETE
439,439,0.9457606366697275,2025-01-06 21:01:40.675386,2025-01-06 21:01:46.368788,0 days 00:00:05.693402,4,2,2.0,,,,,,,,,,,1.0,3.0,,,,,,,45,5.0,,,,,,,,,,,35.0,40.0,,,,,,,COMPLETE
440,440,0.9283630973726362,2025-01-06 21:01:46.369238,2025-01-06 21:01:52.535609,0 days 00:00:06.166371,1,1,,,,,,,,,,,,,,,,,,,,45,,,,,,,,,,,,,,,,,,,,COMPLETE
441,441,0.9450426498282929,2025-01-06 21:01:52.536155,2025-01-06 21:01:55.411533,0 days 00:00:02.875378,2,1,1.0,,,,,,,,,,,,,,,,,,,40,10.0,,,,,,,,,,,,,,,,,,,COMPLETE
442,442,0.8966857529687191,2025-01-06 21:01:55.411985,2025-01-06 21:02:04.330663,0 days 00:00:08.918678,3,7,2.0,,,,,,,,,,,5.0,,,,,,,,60,30.0,,,,,,,,,,,60.0,,,,,,,,COMPLETE
443,443,0.9533217035744842,2025-01-06 21:02:04.331116,2025-01-06 21:02:07.958110,0 days 00:00:03.626994,2,3,1.0,,,,,,,,,,,,,,,,,,,40,25.0,,,,,,,,,,,,,,,,,,,COMPLETE
444,444,0.9550091115160674,2025-01-06 21:02:07.958499,2025-01-06 21:02:12.882811,0 days 00:00:04.924312,3,1,3.0,,,,,,,,,,,2.0,,,,,,,,55,25.0,,,,,,,,,,,40.0,,,,,,,,COMPLETE
445,445,0.8156285264899694,2025-01-06 21:02:12.883298,2025-01-06 21:02:20.831380,0 days 00:00:07.948082,4,2,1.0,,,,,,,,,,,3.0,6.0,,,,,,,45,30.0,,,,,,,,,,,35.0,25.0,,,,,,,COMPLETE
446,446,0.5505642361111112,2025-01-06 21:02:20.831833,2025-01-06 21:03:02.615818,0 days 00:00:41.783985,6,1,8.0,,,,,,,,,,,2.0,14.0,15.0,14.0,,,,,60,25.0,,,,,,,,,,,50.0,20.0,40.0,50.0,,,,,COMPLETE
447,447,0.8422855082912761,2025-01-06 21:03:02.616583,2025-01-06 21:03:12.698648,0 days 00:00:10.082065,3,10,2.0,,,,,,,,,,,6.0,,,,,,,,45,25.0,,,,,,,,,,,20.0,,,,,,,,COMPLETE
448,448,0.949036850921273,2025-01-06 21:03:12.699159,2025-01-06 21:03:15.988345,0 days 00:00:03.289186,2,2,1.0,,,,,,,,,,,,,,,,,,,40,30.0,,,,,,,,,,,,,,,,,,,COMPLETE
449,449,0.9473153650254669,2025-01-06 21:03:15.988717,2025-01-06 21:03:20.520555,0 days 00:00:04.531838,3,1,3.0,,,,,,,,,,,3.0,,,,,,,,55,25.0,,,,,,,,,,,15.0,,,,,,,,COMPLETE
450,450,0.6773530584482597,2025-01-06 21:03:20.520966,2025-01-06 21:03:35.376244,0 days 00:00:14.855278,4,1,2.0,,,,,,,,,,,5.0,8.0,,,,,,,40,25.0,,,,,,,,,,,60.0,55.0,,,,,,,COMPLETE
451,451,0.9499163879598662,2025-01-06 21:03:35.376721,2025-01-06 21:03:38.194084,0 days 00:00:02.817363,2,1,1.0,,,,,,,,,,,,,,,,,,,30,35.0,,,,,,,,,,,,,,,,,,,COMPLETE
452,452,0.948409710071098,2025-01-06 21:03:38.194456,2025-01-06 21:03:42.122635,0 days 00:00:03.928179,3,2,2.0,,,,,,,,,,,1.0,,,,,,,,35,25.0,,,,,,,,,,,35.0,,,,,,,,COMPLETE
453,453,0.951826046165096,2025-01-06 21:03:42.123044,2025-01-06 21:03:46.593004,0 days 00:00:04.469960,3,1,1.0,,,,,,,,,,,3.0,,,,,,,,60,30.0,,,,,,,,,,,55.0,,,,,,,,COMPLETE
454,454,0.9525431249653336,2025-01-06 21:03:46.593436,2025-01-06 21:03:49.538670,0 days 00:00:02.945234,2,1,2.0,,,,,,,,,,,,,,,,,,,45,25.0,,,,,,,,,,,,,,,,,,,COMPLETE
455,455,0.5994770538399978,2025-01-06 21:03:49.539034,2025-01-06 21:04:08.365853,0 days 00:00:18.826819,5,2,11.0,,,,,,,,,,,2.0,11.0,13.0,,,,,,45,25.0,,,,,,,,,,,60.0,5.0,10.0,,,,,,COMPLETE
456,456,0.9348653448838304,2025-01-06 21:04:08.366535,2025-01-06 21:04:11.295995,0 days 00:00:02.929460,2,1,1.0,,,,,,,,,,,,,,,,,,,35,30.0,,,,,,,,,,,,,,,,,,,COMPLETE
457,457,0.9518239191564632,2025-01-06 21:04:11.296456,2025-01-06 21:04:15.171912,0 days 00:00:03.875456,3,1,2.0,,,,,,,,,,,5.0,,,,,,,,40,25.0,,,,,,,,,,,40.0,,,,,,,,COMPLETE
458,458,0.9236237144585602,2025-01-06 21:04:15.172352,2025-01-06 21:04:20.608735,0 days 00:00:05.436383,1,1,,,,,,,,,,,,,,,,,,,,35,,,,,,,,,,,,,,,,,,,,COMPLETE
459,459,0.6031258876854104,2025-01-06 21:04:20.609134,2025-01-06 21:04:47.405687,0 days 00:00:26.796553,8,1,1.0,,,,,,,,,,,3.0,13.0,6.0,5.0,4.0,2.0,,,60,25.0,,,,,,,,,,,35.0,15.0,55.0,55.0,5.0,10.0,,,COMPLETE
460,460,0.9466642961909417,2025-01-06 21:04:47.406271,2025-01-06 21:04:52.953546,0 days 00:00:05.547275,3,2,2.0,,,,,,,,,,,2.0,,,,,,,,55,30.0,,,,,,,,,,,15.0,,,,,,,,COMPLETE
461,461,0.35203354297693923,2025-01-06 21:04:52.953966,2025-01-06 21:05:01.594092,0 days 00:00:08.640126,13,1,1.0,8.0,14.0,12.0,,,,,,,,5.0,1.0,7.0,11.0,10.0,14.0,8.0,3.0,40,25.0,50.0,25.0,55.0,,,,,,,,60.0,30.0,15.0,30.0,20.0,30.0,20.0,20.0,COMPLETE
462,462,0.9465555447159004,2025-01-06 21:05:01.594704,2025-01-06 21:05:04.537122,0 days 00:00:02.942418,2,1,2.0,,,,,,,,,,,,,,,,,,,45,25.0,,,,,,,,,,,,,,,,,,,COMPLETE
463,463,0.9449406208764497,2025-01-06 21:05:04.537496,2025-01-06 21:05:11.102691,0 days 00:00:06.565195,3,2,1.0,,,,,,,,,,,7.0,,,,,,,,35,25.0,,,,,,,,,,,55.0,,,,,,,,COMPLETE
464,464,0.8753093508656082,2025-01-06 21:05:11.103181,2025-01-06 21:05:18.824578,0 days 00:00:07.721397,4,1,1.0,,,,,,,,,,,3.0,10.0,,,,,,,35,20.0,,,,,,,,,,,30.0,45.0,,,,,,,COMPLETE
465,465,0.759791532805026,2025-01-06 21:05:18.825177,2025-01-06 21:05:25.252512,0 days 00:00:06.427335,3,2,3.0,,,,,,,,,,,6.0,,,,,,,,60,25.0,,,,,,,,,,,60.0,,,,,,,,COMPLETE
466,466,0.9406570027807869,2025-01-06 21:05:25.252991,2025-01-06 21:05:28.236347,0 days 00:00:02.983356,2,3,2.0,,,,,,,,,,,,,,,,,,,40,30.0,,,,,,,,,,,,,,,,,,,COMPLETE
467,467,0.6054366953783459,2025-01-06 21:05:28.236730,2025-01-06 21:05:53.478575,0 days 00:00:25.241845,4,1,7.0,,,,,,,,,,,13.0,7.0,,,,,,,45,35.0,,,,,,,,,,,55.0,35.0,,,,,,,COMPLETE
468,468,0.9423701842546064,2025-01-06 21:05:53.479091,2025-01-06 21:05:57.260439,0 days 00:00:03.781348,3,1,1.0,,,,,,,,,,,14.0,,,,,,,,30,15.0,,,,,,,,,,,15.0,,,,,,,,COMPLETE
469,469,0.9455720952642401,2025-01-06 21:05:57.260860,2025-01-06 21:06:02.123720,0 days 00:00:04.862860,2,4,6.0,,,,,,,,,,,,,,,,,,,45,25.0,,,,,,,,,,,,,,,,,,,COMPLETE
470,470,0.9517465538196608,2025-01-06 21:06:02.124124,2025-01-06 21:06:07.437409,0 days 00:00:05.313285,3,1,2.0,,,,,,,,,,,8.0,,,,,,,,35,25.0,,,,,,,,,,,50.0,,,,,,,,COMPLETE
471,471,0.9046593504186755,2025-01-06 21:06:07.437816,2025-01-06 21:06:14.116818,0 days 00:00:06.679002,1,1,,,,,,,,,,,,,,,,,,,,60,,,,,,,,,,,,,,,,,,,,COMPLETE
472,472,0.9574672921640317,2025-01-06 21:06:14.117247,2025-01-06 21:06:17.402972,0 days 00:00:03.285725,2,2,1.0,,,,,,,,,,,,,,,,,,,50,30.0,,,,,,,,,,,,,,,,,,,COMPLETE
473,473,0.955077519379845,2025-01-06 21:06:17.403366,2025-01-06 21:06:20.786872,0 days 00:00:03.383506,3,1,2.0,,,,,,,,,,,1.0,,,,,,,,35,20.0,,,,,,,,,,,40.0,,,,,,,,COMPLETE
474,474,0.9583997785160576,2025-01-06 21:06:20.787426,2025-01-06 21:06:24.791652,0 days 00:00:04.004226,2,2,1.0,,,,,,,,,,,,,,,,,,,55,25.0,,,,,,,,,,,,,,,,,,,COMPLETE
475,475,0.9274684250078786,2025-01-06 21:06:24.792085,2025-01-06 21:06:34.003655,0 days 00:00:09.211570,1,3,,,,,,,,,,,,,,,,,,,,50,,,,,,,,,,,,,,,,,,,,COMPLETE
476,476,0.9534160029014638,2025-01-06 21:06:34.004081,2025-01-06 21:06:37.801567,0 days 00:00:03.797486,2,2,1.0,,,,,,,,,,,,,,,,,,,60,35.0,,,,,,,,,,,,,,,,,,,COMPLETE
477,477,0.9334907069861949,2025-01-06 21:06:37.801952,2025-01-06 21:06:45.835975,0 days 00:00:08.034023,1,2,,,,,,,,,,,,,,,,,,,,55,,,,,,,,,,,,,,,,,,,,COMPLETE
478,478,0.9475164323155004,2025-01-06 21:06:45.836358,2025-01-06 21:06:49.942117,0 days 00:00:04.105759,2,2,1.0,,,,,,,,,,,,,,,,,,,55,25.0,,,,,,,,,,,,,,,,,,,COMPLETE
479,479,0.9460520876395204,2025-01-06 21:06:49.942508,2025-01-06 21:06:54.708040,0 days 00:00:04.765532,2,2,1.0,,,,,,,,,,,,,,,,,,,55,35.0,,,,,,,,,,,,,,,,,,,COMPLETE
480,480,0.9499103950144511,2025-01-06 21:06:54.708427,2025-01-06 21:07:03.006394,0 days 00:00:08.297967,2,12,1.0,,,,,,,,,,,,,,,,,,,55,35.0,,,,,,,,,,,,,,,,,,,COMPLETE
481,481,0.9198519888991674,2025-01-06 21:07:03.006767,2025-01-06 21:07:13.077026,0 days 00:00:10.070259,1,3,,,,,,,,,,,,,,,,,,,,60,,,,,,,,,,,,,,,,,,,,COMPLETE
482,482,0.9439865306327587,2025-01-06 21:07:13.077501,2025-01-06 21:07:16.230740,0 days 00:00:03.153239,2,2,1.0,,,,,,,,,,,,,,,,,,,60,25.0,,,,,,,,,,,,,,,,,,,COMPLETE
483,483,0.9439390034845547,2025-01-06 21:07:16.231152,2025-01-06 21:07:24.177333,0 days 00:00:07.946181,2,9,1.0,,,,,,,,,,,,,,,,,,,55,25.0,,,,,,,,,,,,,,,,,,,COMPLETE
484,484,0.324781005612832,2025-01-06 21:07:24.177823,2025-01-06 21:08:19.065322,0 days 00:00:54.887499,9,6,1.0,,,,,,,,,,,5.0,4.0,10.0,6.0,8.0,12.0,5.0,,40,25.0,,,,,,,,,,,55.0,60.0,60.0,25.0,45.0,15.0,5.0,,COMPLETE
485,485,0.6494146642020948,2025-01-06 21:08:19.066089,2025-01-06 21:08:29.188330,0 days 00:00:10.122241,4,2,2.0,,,,,,,,,,,5.0,5.0,,,,,,,35,30.0,,,,,,,,,,,60.0,25.0,,,,,,,COMPLETE
486,486,0.9573927560426798,2025-01-06 21:08:29.188895,2025-01-06 21:08:33.447703,0 days 00:00:04.258808,3,1,1.0,,,,,,,,,,,4.0,,,,,,,,35,25.0,,,,,,,,,,,55.0,,,,,,,,COMPLETE
487,487,0.9482374188945126,2025-01-06 21:08:33.448255,2025-01-06 21:08:36.472823,0 days 00:00:03.024568,2,1,2.0,,,,,,,,,,,,,,,,,,,50,25.0,,,,,,,,,,,,,,,,,,,COMPLETE
488,488,0.6242854905645603,2025-01-06 21:08:36.473223,2025-01-06 21:08:47.507786,0 days 00:00:11.034563,3,2,12.0,,,,,,,,,,,6.0,,,,,,,,60,25.0,,,,,,,,,,,40.0,,,,,,,,COMPLETE
489,489,0.9441133259875121,2025-01-06 21:08:47.508217,2025-01-06 21:08:50.495173,0 days 00:00:02.986956,2,2,1.0,,,,,,,,,,,,,,,,,,,30,25.0,,,,,,,,,,,,,,,,,,,COMPLETE
490,490,0.9400470704818531,2025-01-06 21:08:50.495549,2025-01-06 21:08:56.378333,0 days 00:00:05.882784,1,1,,,,,,,,,,,,,,,,,,,,40,,,,,,,,,,,,,,,,,,,,COMPLETE
491,491,0.9432309785032558,2025-01-06 21:08:56.378712,2025-01-06 21:09:00.961227,0 days 00:00:04.582515,3,1,2.0,,,,,,,,,,,5.0,,,,,,,,35,30.0,,,,,,,,,,,50.0,,,,,,,,COMPLETE
492,492,0.9257595862679051,2025-01-06 21:09:00.961624,2025-01-06 21:09:10.592032,0 days 00:00:09.630408,4,3,1.0,,,,,,,,,,,1.0,9.0,,,,,,,35,25.0,,,,,,,,,,,45.0,40.0,,,,,,,COMPLETE
493,493,0.9566661851798354,2025-01-06 21:09:10.592527,2025-01-06 21:09:13.747009,0 days 00:00:03.154482,2,1,1.0,,,,,,,,,,,,,,,,,,,55,35.0,,,,,,,,,,,,,,,,,,,COMPLETE
494,494,0.9154794520547945,2025-01-06 21:09:13.747398,2025-01-06 21:09:19.145708,0 days 00:00:05.398310,3,2,2.0,,,,,,,,,,,6.0,,,,,,,,60,20.0,,,,,,,,,,,60.0,,,,,,,,COMPLETE
495,495,0.9380539887187751,2025-01-06 21:09:19.146138,2025-01-06 21:09:22.232992,0 days 00:00:03.086854,2,1,1.0,,,,,,,,,,,,,,,,,,,40,25.0,,,,,,,,,,,,,,,,,,,COMPLETE
496,496,0.30442908388982803,2025-01-06 21:09:22.233405,2025-01-06 21:09:34.684735,0 days 00:00:12.451330,12,2,2.0,11.0,8.0,,,,,,,,,4.0,12.0,9.0,8.0,15.0,8.0,9.0,8.0,50,30.0,25.0,55.0,,,,,,,,,55.0,50.0,30.0,10.0,40.0,35.0,60.0,45.0,COMPLETE
497,497,0.9533333333333334,2025-01-06 21:09:34.685427,2025-01-06 21:09:37.807706,0 days 00:00:03.122279,3,1,1.0,,,,,,,,,,,2.0,,,,,,,,35,20.0,,,,,,,,,,,35.0,,,,,,,,COMPLETE
498,498,0.948955753997154,2025-01-06 21:09:37.808116,2025-01-06 21:09:42.133885,0 days 00:00:04.325769,3,1,2.0,,,,,,,,,,,5.0,,,,,,,,40,35.0,,,,,,,,,,,20.0,,,,,,,,COMPLETE
499,499,0.8890602752728998,2025-01-06 21:09:42.134534,2025-01-06 21:09:49.687997,0 days 00:00:07.553463,4,2,1.0,,,,,,,,,,,7.0,2.0,,,,,,,35,25.0,,,,,,,,,,,45.0,35.0,,,,,,,COMPLETE
500,500,0.9490418653474635,2025-01-06 21:09:49.688495,2025-01-06 21:09:53.285928,0 days 00:00:03.597433,2,1,2.0,,,,,,,,,,,,,,,,,,,60,25.0,,,,,,,,,,,,,,,,,,,COMPLETE
501,501,0.9423218673218673,2025-01-06 21:09:53.286314,2025-01-06 21:09:57.297086,0 days 00:00:04.010772,3,1,1.0,,,,,,,,,,,3.0,,,,,,,,40,30.0,,,,,,,,,,,55.0,,,,,,,,COMPLETE
502,502,0.725771290046914,2025-01-06 21:09:57.297512,2025-01-06 21:10:05.624972,0 days 00:00:08.327460,4,2,2.0,,,,,,,,,,,4.0,3.0,,,,,,,30,25.0,,,,,,,,,,,60.0,45.0,,,,,,,COMPLETE
503,503,0.2181327562118182,2025-01-06 21:10:05.625443,2025-01-06 21:10:23.132933,0 days 00:00:17.507490,16,1,1.0,6.0,11.0,2.0,3.0,7.0,4.0,,,,,2.0,6.0,2.0,15.0,1.0,11.0,6.0,10.0,35,25.0,5.0,10.0,15.0,15.0,60.0,35.0,,,,,50.0,40.0,35.0,35.0,60.0,55.0,45.0,55.0,COMPLETE
504,504,0.949187420267347,2025-01-06 21:10:23.133661,2025-01-06 21:10:26.448286,0 days 00:00:03.314625,2,1,2.0,,,,,,,,,,,,,,,,,,,50,20.0,,,,,,,,,,,,,,,,,,,COMPLETE
505,505,0.6240020030358513,2025-01-06 21:10:26.448688,2025-01-06 21:10:42.126126,0 days 00:00:15.677438,5,1,1.0,,,,,,,,,,,5.0,8.0,5.0,,,,,,55,30.0,,,,,,,,,,,35.0,50.0,45.0,,,,,,COMPLETE
506,506,0.9424117280377577,2025-01-06 21:10:42.126735,2025-01-06 21:10:45.537476,0 days 00:00:03.410741,3,1,2.0,,,,,,,,,,,2.0,,,,,,,,35,25.0,,,,,,,,,,,40.0,,,,,,,,COMPLETE
507,507,0.9494063926940639,2025-01-06 21:10:45.537898,2025-01-06 21:10:53.876577,0 days 00:00:08.338679,1,2,,,,,,,,,,,,,,,,,,,,60,,,,,,,,,,,,,,,,,,,,COMPLETE
508,508,0.48404065989553585,2025-01-06 21:10:53.877135,2025-01-06 21:11:37.819008,0 days 00:00:43.941873,10,1,1.0,,,,,,,,,,,3.0,4.0,12.0,1.0,3.0,6.0,2.0,14.0,55,25.0,,,,,,,,,,,60.0,60.0,50.0,20.0,35.0,5.0,55.0,10.0,COMPLETE
509,509,0.9390455036351693,2025-01-06 21:11:37.819620,2025-01-06 21:11:40.672490,0 days 00:00:02.852870,2,1,2.0,,,,,,,,,,,,,,,,,,,35,20.0,,,,,,,,,,,,,,,,,,,COMPLETE
510,510,0.0,2025-01-06 21:11:40.672896,2025-01-06 21:13:00.237016,0 days 00:01:19.564120,19,1,1.0,13.0,5.0,8.0,9.0,3.0,12.0,5.0,1.0,7.0,,6.0,14.0,14.0,4.0,12.0,14.0,13.0,2.0,40,25.0,40.0,40.0,30.0,45.0,10.0,15.0,45.0,5.0,10.0,,20.0,30.0,40.0,50.0,15.0,20.0,25.0,20.0,COMPLETE
511,511,0.5944318111978366,2025-01-06 21:13:00.238087,2025-01-06 21:13:09.690100,0 days 00:00:09.452013,4,2,3.0,,,,,,,,,,,4.0,11.0,,,,,,,50,30.0,,,,,,,,,,,10.0,55.0,,,,,,,COMPLETE
512,512,0.9440195063295367,2025-01-06 21:13:09.690727,2025-01-06 21:13:12.646855,0 days 00:00:02.956128,2,2,1.0,,,,,,,,,,,,,,,,,,,40,25.0,,,,,,,,,,,,,,,,,,,COMPLETE
513,513,0.9558679977814754,2025-01-06 21:13:12.647245,2025-01-06 21:13:16.393427,0 days 00:00:03.746182,3,1,2.0,,,,,,,,,,,1.0,,,,,,,,45,25.0,,,,,,,,,,,55.0,,,,,,,,COMPLETE
514,514,0.9533328148090534,2025-01-06 21:13:16.393829,2025-01-06 21:13:20.634168,0 days 00:00:04.240339,3,1,1.0,,,,,,,,,,,8.0,,,,,,,,35,30.0,,,,,,,,,,,15.0,,,,,,,,COMPLETE
515,515,0.9500521962579298,2025-01-06 21:13:20.634595,2025-01-06 21:13:25.014519,0 days 00:00:04.379924,3,2,2.0,,,,,,,,,,,3.0,,,,,,,,60,25.0,,,,,,,,,,,55.0,,,,,,,,COMPLETE
516,516,0.9575173186464556,2025-01-06 21:13:25.014913,2025-01-06 21:13:27.914651,0 days 00:00:02.899738,2,1,1.0,,,,,,,,,,,,,,,,,,,45,25.0,,,,,,,,,,,,,,,,,,,COMPLETE
517,517,0.9440863985218084,2025-01-06 21:13:27.915039,2025-01-06 21:13:32.715640,0 days 00:00:04.800601,3,1,3.0,,,,,,,,,,,4.0,,,,,,,,35,30.0,,,,,,,,,,,60.0,,,,,,,,COMPLETE
518,518,0.9107499349694905,2025-01-06 21:13:32.716047,2025-01-06 21:13:40.565542,0 days 00:00:07.849495,1,2,,,,,,,,,,,,,,,,,,,,55,,,,,,,,,,,,,,,,,,,,COMPLETE
519,519,0.9506302521008403,2025-01-06 21:13:40.565941,2025-01-06 21:13:45.624272,0 days 00:00:05.058331,2,5,2.0,,,,,,,,,,,,,,,,,,,60,25.0,,,,,,,,,,,,,,,,,,,COMPLETE
520,520,0.9448160535117057,2025-01-06 21:13:45.624648,2025-01-06 21:13:50.521798,0 days 00:00:04.897150,4,1,1.0,,,,,,,,,,,4.0,5.0,,,,,,,35,35.0,,,,,,,,,,,35.0,10.0,,,,,,,COMPLETE
521,521,0.9499254428139414,2025-01-06 21:13:50.522262,2025-01-06 21:13:54.316082,0 days 00:00:03.793820,3,3,2.0,,,,,,,,,,,2.0,,,,,,,,40,20.0,,,,,,,,,,,50.0,,,,,,,,COMPLETE
522,522,0.9458816351433801,2025-01-06 21:13:54.316502,2025-01-06 21:13:57.276529,0 days 00:00:02.960027,2,1,1.0,,,,,,,,,,,,,,,,,,,45,25.0,,,,,,,,,,,,,,,,,,,COMPLETE
523,523,0.9475467846961074,2025-01-06 21:13:57.276919,2025-01-06 21:14:01.538780,0 days 00:00:04.261861,3,1,1.0,,,,,,,,,,,3.0,,,,,,,,30,30.0,,,,,,,,,,,60.0,,,,,,,,COMPLETE
524,524,0.9405887065599212,2025-01-06 21:14:01.539206,2025-01-06 21:14:07.310588,0 days 00:00:05.771382,2,2,10.0,,,,,,,,,,,,,,,,,,,60,25.0,,,,,,,,,,,,,,,,,,,COMPLETE
525,525,0.951585436890498,2025-01-06 21:14:07.311053,2025-01-06 21:14:11.742652,0 days 00:00:04.431599,3,1,2.0,,,,,,,,,,,5.0,,,,,,,,50,25.0,,,,,,,,,,,40.0,,,,,,,,COMPLETE
526,526,0.9056766619070284,2025-01-06 21:14:11.743222,2025-01-06 21:14:18.795168,0 days 00:00:07.051946,1,2,,,,,,,,,,,,,,,,,,,,40,,,,,,,,,,,,,,,,,,,,COMPLETE
527,527,0.6550057368845055,2025-01-06 21:14:18.795569,2025-01-06 21:14:29.663690,0 days 00:00:10.868121,4,1,14.0,,,,,,,,,,,6.0,3.0,,,,,,,35,25.0,,,,,,,,,,,15.0,15.0,,,,,,,COMPLETE
528,528,0.9540510661582012,2025-01-06 21:14:29.664203,2025-01-06 21:14:32.826416,0 days 00:00:03.162213,3,1,1.0,,,,,,,,,,,2.0,,,,,,,,45,25.0,,,,,,,,,,,35.0,,,,,,,,COMPLETE
529,529,0.9492068774265114,2025-01-06 21:14:32.826842,2025-01-06 21:14:35.834421,0 days 00:00:03.007579,2,2,2.0,,,,,,,,,,,,,,,,,,,35,20.0,,,,,,,,,,,,,,,,,,,COMPLETE
530,530,0.9533897249179737,2025-01-06 21:14:35.834812,2025-01-06 21:14:40.024932,0 days 00:00:04.190120,3,1,1.0,,,,,,,,,,,3.0,,,,,,,,45,30.0,,,,,,,,,,,60.0,,,,,,,,COMPLETE
531,531,0.746417323726663,2025-01-06 21:14:40.025372,2025-01-06 21:14:49.836343,0 days 00:00:09.810971,4,1,3.0,,,,,,,,,,,10.0,1.0,,,,,,,55,25.0,,,,,,,,,,,55.0,30.0,,,,,,,COMPLETE
532,532,0.945818191905462,2025-01-06 21:14:49.836841,2025-01-06 21:14:52.874310,0 days 00:00:03.037469,2,2,2.0,,,,,,,,,,,,,,,,,,,40,15.0,,,,,,,,,,,,,,,,,,,COMPLETE
533,533,0.8112002845390869,2025-01-06 21:14:52.874685,2025-01-06 21:14:59.451938,0 days 00:00:06.577253,3,1,7.0,,,,,,,,,,,4.0,,,,,,,,35,25.0,,,,,,,,,,,45.0,,,,,,,,COMPLETE
534,534,0.907502523977789,2025-01-06 21:14:59.452400,2025-01-06 21:15:06.040165,0 days 00:00:06.587765,1,1,,,,,,,,,,,,,,,,,,,,60,,,,,,,,,,,,,,,,,,,,COMPLETE
535,535,0.905057399937946,2025-01-06 21:15:06.040572,2025-01-06 21:15:13.565776,0 days 00:00:07.525204,2,2,15.0,,,,,,,,,,,,,,,,,,,40,40.0,,,,,,,,,,,,,,,,,,,COMPLETE
536,536,0.9433024646752121,2025-01-06 21:15:13.566207,2025-01-06 21:15:17.190732,0 days 00:00:03.624525,2,1,1.0,,,,,,,,,,,,,,,,,,,50,30.0,,,,,,,,,,,,,,,,,,,COMPLETE
537,537,0.9466571834992887,2025-01-06 21:15:17.191207,2025-01-06 21:15:20.271180,0 days 00:00:03.079973,3,1,1.0,,,,,,,,,,,1.0,,,,,,,,30,25.0,,,,,,,,,,,35.0,,,,,,,,COMPLETE
538,538,0.849201481178582,2025-01-06 21:15:20.271759,2025-01-06 21:15:27.707468,0 days 00:00:07.435709,3,3,2.0,,,,,,,,,,,7.0,,,,,,,,35,20.0,,,,,,,,,,,55.0,,,,,,,,COMPLETE
539,539,0.9447180341945097,2025-01-06 21:15:27.707951,2025-01-06 21:15:31.062308,0 days 00:00:03.354357,2,1,2.0,,,,,,,,,,,,,,,,,,,60,30.0,,,,,,,,,,,,,,,,,,,COMPLETE
540,540,0.6373781676413255,2025-01-06 21:15:31.062702,2025-01-06 21:15:41.659987,0 days 00:00:10.597285,4,2,1.0,,,,,,,,,,,11.0,6.0,,,,,,,45,25.0,,,,,,,,,,,30.0,20.0,,,,,,,COMPLETE
541,541,0.9466571834992887,2025-01-06 21:15:41.660512,2025-01-06 21:15:45.457223,0 days 00:00:03.796711,2,1,1.0,,,,,,,,,,,,,,,,,,,35,25.0,,,,,,,,,,,,,,,,,,,COMPLETE
542,542,0.9557783379800442,2025-01-06 21:15:45.457618,2025-01-06 21:15:49.182699,0 days 00:00:03.725081,3,1,2.0,,,,,,,,,,,2.0,,,,,,,,50,25.0,,,,,,,,,,,25.0,,,,,,,,COMPLETE
543,543,0.5146557658476888,2025-01-06 21:15:49.183127,2025-01-06 21:16:33.048957,0 days 00:00:43.865830,7,1,1.0,,,,,,,,,,,5.0,7.0,5.0,9.0,8.0,,,,40,20.0,,,,,,,,,,,50.0,40.0,55.0,45.0,55.0,,,,COMPLETE
544,544,0.9499904164270774,2025-01-06 21:16:33.049745,2025-01-06 21:16:37.519112,0 days 00:00:04.469367,3,2,1.0,,,,,,,,,,,5.0,,,,,,,,40,25.0,,,,,,,,,,,60.0,,,,,,,,COMPLETE
545,545,0.9397481838297206,2025-01-06 21:16:37.519562,2025-01-06 21:16:43.643257,0 days 00:00:06.123695,1,1,,,,,,,,,,,,,,,,,,,,45,,,,,,,,,,,,,,,,,,,,COMPLETE
546,546,0.9474595136067672,2025-01-06 21:16:43.643653,2025-01-06 21:16:47.494189,0 days 00:00:03.850536,3,1,2.0,,,,,,,,,,,3.0,,,,,,,,25,30.0,,,,,,,,,,,20.0,,,,,,,,COMPLETE
547,547,0.9432259143621766,2025-01-06 21:16:47.494623,2025-01-06 21:16:51.324892,0 days 00:00:03.830269,2,2,2.0,,,,,,,,,,,,,,,,,,,60,25.0,,,,,,,,,,,,,,,,,,,COMPLETE
548,548,0.9516355302451559,2025-01-06 21:16:51.325299,2025-01-06 21:16:56.412231,0 days 00:00:05.086932,3,1,1.0,,,,,,,,,,,4.0,,,,,,,,55,35.0,,,,,,,,,,,55.0,,,,,,,,COMPLETE
549,549,0.9583276620212834,2025-01-06 21:16:56.412661,2025-01-06 21:17:01.242761,0 days 00:00:04.830100,3,2,1.0,,,,,,,,,,,2.0,,,,,,,,35,25.0,,,,,,,,,,,60.0,,,,,,,,COMPLETE
550,550,0.7229516629190365,2025-01-06 21:17:01.243222,2025-01-06 21:17:12.200208,0 days 00:00:10.956986,4,1,2.0,,,,,,,,,,,2.0,15.0,,,,,,,35,25.0,,,,,,,,,,,60.0,25.0,,,,,,,COMPLETE
551,551,0.6205271226308545,2025-01-06 21:17:12.200715,2025-01-06 21:17:28.055263,0 days 00:00:15.854548,4,2,3.0,,,,,,,,,,,2.0,12.0,,,,,,,35,25.0,,,,,,,,,,,60.0,35.0,,,,,,,COMPLETE
552,552,0.9491079279219117,2025-01-06 21:17:28.055853,2025-01-06 21:17:31.925266,0 days 00:00:03.869413,3,1,1.0,,,,,,,,,,,2.0,,,,,,,,35,25.0,,,,,,,,,,,60.0,,,,,,,,COMPLETE
553,553,0.9434214569888455,2025-01-06 21:17:31.925849,2025-01-06 21:17:37.118625,0 days 00:00:05.192776,3,3,2.0,,,,,,,,,,,1.0,,,,,,,,35,30.0,,,,,,,,,,,60.0,,,,,,,,COMPLETE
554,554,0.9387473436849976,2025-01-06 21:17:37.119105,2025-01-06 21:17:47.163261,0 days 00:00:10.044156,4,1,1.0,,,,,,,,,,,2.0,9.0,,,,,,,35,25.0,,,,,,,,,,,60.0,50.0,,,,,,,COMPLETE
555,555,0.9299992222135802,2025-01-06 21:17:47.163748,2025-01-06 21:17:52.106405,0 days 00:00:04.942657,4,2,3.0,,,,,,,,,,,3.0,1.0,,,,,,,30,25.0,,,,,,,,,,,55.0,60.0,,,,,,,COMPLETE
556,556,0.9391974349871306,2025-01-06 21:17:52.106859,2025-01-06 21:17:55.906029,0 days 00:00:03.799170,3,1,2.0,,,,,,,,,,,2.0,,,,,,,,35,25.0,,,,,,,,,,,60.0,,,,,,,,COMPLETE
557,557,0.9483331898144162,2025-01-06 21:17:55.906462,2025-01-06 21:17:59.444217,0 days 00:00:03.537755,3,1,1.0,,,,,,,,,,,1.0,,,,,,,,35,30.0,,,,,,,,,,,55.0,,,,,,,,COMPLETE
558,558,0.9551318312890631,2025-01-06 21:17:59.444642,2025-01-06 21:18:03.559479,0 days 00:00:04.114837,3,1,2.0,,,,,,,,,,,3.0,,,,,,,,35,25.0,,,,,,,,,,,60.0,,,,,,,,COMPLETE
559,559,0.24718294409764463,2025-01-06 21:18:03.559917,2025-01-06 21:18:18.671553,0 days 00:00:15.111636,14,2,1.0,3.0,8.0,5.0,14.0,,,,,,,4.0,13.0,3.0,10.0,7.0,4.0,1.0,9.0,35,25.0,20.0,20.0,40.0,30.0,,,,,,,55.0,5.0,20.0,5.0,25.0,45.0,30.0,60.0,COMPLETE
560,560,0.9525402107598447,2025-01-06 21:18:18.672230,2025-01-06 21:18:23.127748,0 days 00:00:04.455518,3,1,1.0,,,,,,,,,,,4.0,,,,,,,,35,25.0,,,,,,,,,,,60.0,,,,,,,,COMPLETE
561,561,0.6587623999061832,2025-01-06 21:18:23.128210,2025-01-06 21:18:30.264729,0 days 00:00:07.136519,4,2,2.0,,,,,,,,,,,6.0,4.0,,,,,,,30,30.0,,,,,,,,,,,35.0,20.0,,,,,,,COMPLETE
562,562,0.6098332206738768,2025-01-06 21:18:30.265228,2025-01-06 21:18:47.008501,0 days 00:00:16.743273,5,1,2.0,,,,,,,,,,,5.0,5.0,10.0,,,,,,60,25.0,,,,,,,,,,,30.0,45.0,25.0,,,,,,COMPLETE
563,563,0.9388838465331003,2025-01-06 21:18:47.009282,2025-01-06 21:18:50.544314,0 days 00:00:03.535032,3,1,3.0,,,,,,,,,,,2.0,,,,,,,,40,25.0,,,,,,,,,,,45.0,,,,,,,,COMPLETE
564,564,0.948950437807768,2025-01-06 21:18:50.544728,2025-01-06 21:19:02.181589,0 days 00:00:11.636861,2,13,1.0,,,,,,,,,,,,,,,,,,,55,25.0,,,,,,,,,,,,,,,,,,,COMPLETE
565,565,0.9524264010239858,2025-01-06 21:19:02.182021,2025-01-06 21:19:05.591302,0 days 00:00:03.409281,3,1,1.0,,,,,,,,,,,3.0,,,,,,,,35,30.0,,,,,,,,,,,40.0,,,,,,,,COMPLETE
566,566,0.9347685045359464,2025-01-06 21:19:05.591741,2025-01-06 21:19:10.586887,0 days 00:00:04.995146,2,2,5.0,,,,,,,,,,,,,,,,,,,40,25.0,,,,,,,,,,,,,,,,,,,COMPLETE
567,567,0.9549275362318841,2025-01-06 21:19:10.587369,2025-01-06 21:19:14.493343,0 days 00:00:03.905974,3,1,2.0,,,,,,,,,,,3.0,,,,,,,,60,20.0,,,,,,,,,,,15.0,,,,,,,,COMPLETE
568,568,0.9505382085944746,2025-01-06 21:19:14.493767,2025-01-06 21:19:24.188618,0 days 00:00:09.694851,4,1,1.0,,,,,,,,,,,1.0,10.0,,,,,,,35,25.0,,,,,,,,,,,60.0,55.0,,,,,,,COMPLETE
569,569,0.9375910000910002,2025-01-06 21:19:24.189115,2025-01-06 21:19:29.170204,0 days 00:00:04.981089,2,7,2.0,,,,,,,,,,,,,,,,,,,40,35.0,,,,,,,,,,,,,,,,,,,COMPLETE
570,570,0.9490900996160053,2025-01-06 21:19:29.170601,2025-01-06 21:19:33.780083,0 days 00:00:04.609482,3,2,1.0,,,,,,,,,,,2.0,,,,,,,,35,25.0,,,,,,,,,,,50.0,,,,,,,,COMPLETE
571,571,0.9481009790843422,2025-01-06 21:19:33.780534,2025-01-06 21:19:37.503314,0 days 00:00:03.722780,3,1,1.0,,,,,,,,,,,4.0,,,,,,,,30,30.0,,,,,,,,,,,30.0,,,,,,,,COMPLETE
572,572,0.9395290815530952,2025-01-06 21:19:37.503740,2025-01-06 21:19:43.966337,0 days 00:00:06.462597,1,1,,,,,,,,,,,,,,,,,,,,60,,,,,,,,,,,,,,,,,,,,COMPLETE
573,573,0.9364265637454378,2025-01-06 21:19:43.966812,2025-01-06 21:19:48.659671,0 days 00:00:04.692859,3,2,2.0,,,,,,,,,,,5.0,,,,,,,,50,25.0,,,,,,,,,,,15.0,,,,,,,,COMPLETE
574,574,0.9508760447922617,2025-01-06 21:19:48.660271,2025-01-06 21:19:52.591815,0 days 00:00:03.931544,4,1,1.0,,,,,,,,,,,2.0,2.0,,,,,,,35,25.0,,,,,,,,,,,60.0,15.0,,,,,,,COMPLETE
575,575,0.9399893314366998,2025-01-06 21:19:52.592286,2025-01-06 21:19:55.835225,0 days 00:00:03.242939,2,1,2.0,,,,,,,,,,,,,,,,,,,40,20.0,,,,,,,,,,,,,,,,,,,COMPLETE
576,576,0.9525402107598447,2025-01-06 21:19:55.835620,2025-01-06 21:20:01.887634,0 days 00:00:06.052014,2,10,1.0,,,,,,,,,,,,,,,,,,,35,25.0,,,,,,,,,,,,,,,,,,,COMPLETE
577,577,0.9616795012834616,2025-01-06 21:20:01.888038,2025-01-06 21:20:06.959956,0 days 00:00:05.071918,3,1,2.0,,,,,,,,,,,3.0,,,,,,,,55,30.0,,,,,,,,,,,55.0,,,,,,,,COMPLETE
578,578,0.7101891229908729,2025-01-06 21:20:06.960405,2025-01-06 21:20:14.708383,0 days 00:00:07.747978,4,1,6.0,,,,,,,,,,,3.0,3.0,,,,,,,55,30.0,,,,,,,,,,,55.0,35.0,,,,,,,COMPLETE
579,579,0.8824437941285768,2025-01-06 21:20:14.708873,2025-01-06 21:20:22.612309,0 days 00:00:07.903436,3,8,4.0,,,,,,,,,,,3.0,,,,,,,,55,30.0,,,,,,,,,,,55.0,,,,,,,,COMPLETE
580,580,0.9541291040623261,2025-01-06 21:20:22.612737,2025-01-06 21:20:28.717128,0 days 00:00:06.104391,3,1,3.0,,,,,,,,,,,3.0,,,,,,,,55,35.0,,,,,,,,,,,55.0,,,,,,,,COMPLETE
581,581,0.9508580429742531,2025-01-06 21:20:28.717586,2025-01-06 21:20:33.520722,0 days 00:00:04.803136,3,1,2.0,,,,,,,,,,,4.0,,,,,,,,55,30.0,,,,,,,,,,,55.0,,,,,,,,COMPLETE
582,582,0.6353237223196311,2025-01-06 21:20:33.521178,2025-01-06 21:20:57.586802,0 days 00:00:24.065624,4,11,2.0,,,,,,,,,,,2.0,8.0,,,,,,,55,30.0,,,,,,,,,,,55.0,50.0,,,,,,,COMPLETE
583,583,0.9534863185315188,2025-01-06 21:20:57.587535,2025-01-06 21:21:02.716967,0 days 00:00:05.129432,3,1,3.0,,,,,,,,,,,3.0,,,,,,,,55,30.0,,,,,,,,,,,50.0,,,,,,,,COMPLETE
584,584,0.9641535473602787,2025-01-06 21:21:02.717427,2025-01-06 21:21:07.711108,0 days 00:00:04.993681,3,1,2.0,,,,,,,,,,,4.0,,,,,,,,60,30.0,,,,,,,,,,,55.0,,,,,,,,COMPLETE
585,585,0.9181849346566442,2025-01-06 21:21:07.711538,2025-01-06 21:21:13.456353,0 days 00:00:05.744815,4,1,2.0,,,,,,,,,,,4.0,2.0,,,,,,,60,30.0,,,,,,,,,,,50.0,40.0,,,,,,,COMPLETE
586,586,0.94887187615932,2025-01-06 21:21:13.456873,2025-01-06 21:21:18.681166,0 days 00:00:05.224293,3,1,2.0,,,,,,,,,,,4.0,,,,,,,,60,30.0,,,,,,,,,,,55.0,,,,,,,,COMPLETE
587,587,0.9489532388811392,2025-01-06 21:21:18.681616,2025-01-06 21:21:23.552428,0 days 00:00:04.870812,3,1,3.0,,,,,,,,,,,4.0,,,,,,,,60,30.0,,,,,,,,,,,55.0,,,,,,,,COMPLETE
588,588,0.7415011575484343,2025-01-06 21:21:23.552854,2025-01-06 21:21:35.091029,0 days 00:00:11.538175,4,1,2.0,,,,,,,,,,,4.0,7.0,,,,,,,60,30.0,,,,,,,,,,,55.0,45.0,,,,,,,COMPLETE
589,589,0.39887083808491147,2025-01-06 21:21:35.091524,2025-01-06 21:22:14.198296,0 days 00:00:39.106772,8,1,2.0,,,,,,,,,,,4.0,11.0,1.0,13.0,11.0,10.0,,,60,30.0,,,,,,,,,,,55.0,25.0,15.0,40.0,50.0,10.0,,,COMPLETE
590,590,0.6201970443349754,2025-01-06 21:22:14.199121,2025-01-06 21:22:32.005383,0 days 00:00:17.806262,5,1,2.0,,,,,,,,,,,5.0,4.0,8.0,,,,,,60,30.0,,,,,,,,,,,50.0,30.0,60.0,,,,,,COMPLETE
591,591,0.9574672921640317,2025-01-06 21:22:32.005909,2025-01-06 21:22:36.561032,0 days 00:00:04.555123,3,1,2.0,,,,,,,,,,,3.0,,,,,,,,60,30.0,,,,,,,,,,,35.0,,,,,,,,COMPLETE
592,592,0.9432309785032558,2025-01-06 21:22:36.561490,2025-01-06 21:22:42.232870,0 days 00:00:05.671380,3,1,2.0,,,,,,,,,,,5.0,,,,,,,,60,35.0,,,,,,,,,,,55.0,,,,,,,,COMPLETE
593,593,0.9498081591104848,2025-01-06 21:22:42.233311,2025-01-06 21:22:46.013716,0 days 00:00:03.780405,2,1,3.0,,,,,,,,,,,,,,,,,,,55,30.0,,,,,,,,,,,,,,,,,,,COMPLETE
594,594,0.9458662672989988,2025-01-06 21:22:46.014115,2025-01-06 21:22:50.544729,0 days 00:00:04.530614,3,1,2.0,,,,,,,,,,,6.0,,,,,,,,60,30.0,,,,,,,,,,,25.0,,,,,,,,COMPLETE
595,595,0.9540863177226814,2025-01-06 21:22:50.545169,2025-01-06 21:22:54.040851,0 days 00:00:03.495682,2,1,2.0,,,,,,,,,,,,,,,,,,,55,35.0,,,,,,,,,,,,,,,,,,,COMPLETE
596,596,0.7470105890676285,2025-01-06 21:22:54.041248,2025-01-06 21:23:00.979445,0 days 00:00:06.938197,4,1,2.0,,,,,,,,,,,4.0,6.0,,,,,,,60,30.0,,,,,,,,,,,55.0,5.0,,,,,,,COMPLETE
597,597,0.9325586554994731,2025-01-06 21:23:00.979938,2025-01-06 21:23:07.749500,0 days 00:00:06.769562,3,1,3.0,,,,,,,,,,,5.0,,,,,,,,55,30.0,,,,,,,,,,,50.0,,,,,,,,COMPLETE
598,598,0.9508472696009096,2025-01-06 21:23:07.750205,2025-01-06 21:23:11.617310,0 days 00:00:03.867105,2,1,2.0,,,,,,,,,,,,,,,,,,,60,30.0,,,,,,,,,,,,,,,,,,,COMPLETE
599,599,0.6308002351690984,2025-01-06 21:23:11.617798,2025-01-06 21:23:28.959174,0 days 00:00:17.341376,4,1,2.0,,,,,,,,,,,4.0,14.0,,,,,,,60,35.0,,,,,,,,,,,40.0,60.0,,,,,,,COMPLETE
600,600,0.8922269376814831,2025-01-06 21:23:28.959687,2025-01-06 21:23:35.127926,0 days 00:00:06.168239,3,1,8.0,,,,,,,,,,,3.0,,,,,,,,60,30.0,,,,,,,,,,,45.0,,,,,,,,COMPLETE
601,601,0.9379966329966329,2025-01-06 21:23:35.128360,2025-01-06 21:23:40.657923,0 days 00:00:05.529563,2,9,2.0,,,,,,,,,,,,,,,,,,,40,25.0,,,,,,,,,,,,,,,,,,,COMPLETE
602,602,0.9457912457912458,2025-01-06 21:23:40.658314,2025-01-06 21:23:44.673520,0 days 00:00:04.015206,3,1,2.0,,,,,,,,,,,5.0,,,,,,,,55,30.0,,,,,,,,,,,10.0,,,,,,,,COMPLETE
603,603,0.9193660745384884,2025-01-06 21:23:44.673963,2025-01-06 21:23:50.137743,0 days 00:00:05.463780,4,4,2.0,,,,,,,,,,,3.0,1.0,,,,,,,60,25.0,,,,,,,,,,,35.0,10.0,,,,,,,COMPLETE
604,604,0.9592677762975329,2025-01-06 21:23:50.138222,2025-01-06 21:23:53.837665,0 days 00:00:03.699443,2,1,3.0,,,,,,,,,,,,,,,,,,,60,35.0,,,,,,,,,,,,,,,,,,,COMPLETE
605,605,0.9369789852548474,2025-01-06 21:23:53.838059,2025-01-06 21:24:00.101742,0 days 00:00:06.263683,1,1,,,,,,,,,,,,,,,,,,,,60,,,,,,,,,,,,,,,,,,,,COMPLETE
606,606,0.9518058989756271,2025-01-06 21:24:00.102131,2025-01-06 21:24:03.838422,0 days 00:00:03.736291,2,1,3.0,,,,,,,,,,,,,,,,,,,60,35.0,,,,,,,,,,,,,,,,,,,COMPLETE
607,607,0.9583332175922711,2025-01-06 21:24:03.838833,2025-01-06 21:24:07.502148,0 days 00:00:03.663315,2,1,3.0,,,,,,,,,,,,,,,,,,,60,35.0,,,,,,,,,,,,,,,,,,,COMPLETE
608,608,0.9469006587905211,2025-01-06 21:24:07.502635,2025-01-06 21:24:10.914562,0 days 00:00:03.411927,2,1,1.0,,,,,,,,,,,,,,,,,,,60,40.0,,,,,,,,,,,,,,,,,,,COMPLETE
609,609,0.9549998749996528,2025-01-06 21:24:10.914980,2025-01-06 21:24:14.620402,0 days 00:00:03.705422,2,1,3.0,,,,,,,,,,,,,,,,,,,60,35.0,,,,,,,,,,,,,,,,,,,COMPLETE
610,610,0.9002611049195988,2025-01-06 21:24:14.620920,2025-01-06 21:24:21.245130,0 days 00:00:06.624210,1,1,,,,,,,,,,,,,,,,,,,,60,,,,,,,,,,,,,,,,,,,,COMPLETE
611,611,0.9484316852737905,2025-01-06 21:24:21.245549,2025-01-06 21:24:24.861290,0 days 00:00:03.615741,2,1,1.0,,,,,,,,,,,,,,,,,,,55,35.0,,,,,,,,,,,,,,,,,,,COMPLETE
612,612,0.9516756300280012,2025-01-06 21:24:24.861696,2025-01-06 21:24:28.652608,0 days 00:00:03.790912,2,1,2.0,,,,,,,,,,,,,,,,,,,60,35.0,,,,,,,,,,,,,,,,,,,COMPLETE
613,613,0.9566661851798354,2025-01-06 21:24:28.653016,2025-01-06 21:24:34.183685,0 days 00:00:05.530669,3,1,1.0,,,,,,,,,,,4.0,,,,,,,,60,40.0,,,,,,,,,,,50.0,,,,,,,,COMPLETE
614,614,0.9456000492991675,2025-01-06 21:24:34.184123,2025-01-06 21:24:38.289571,0 days 00:00:04.105448,3,1,2.0,,,,,,,,,,,6.0,,,,,,,,55,20.0,,,,,,,,,,,25.0,,,,,,,,COMPLETE
615,615,0.9508111417202326,2025-01-06 21:24:38.290005,2025-01-06 21:24:41.487639,0 days 00:00:03.197634,2,1,1.0,,,,,,,,,,,,,,,,,,,60,35.0,,,,,,,,,,,,,,,,,,,COMPLETE
616,616,0.8907740399782041,2025-01-06 21:24:41.488019,2025-01-06 21:24:52.719163,0 days 00:00:11.231144,3,12,2.0,,,,,,,,,,,5.0,,,,,,,,60,25.0,,,,,,,,,,,30.0,,,,,,,,COMPLETE
617,617,0.9505849132714804,2025-01-06 21:24:52.719600,2025-01-06 21:24:55.808081,0 days 00:00:03.088481,2,1,1.0,,,,,,,,,,,,,,,,,,,60,20.0,,,,,,,,,,,,,,,,,,,COMPLETE
618,618,0.9277151420008563,2025-01-06 21:24:55.808482,2025-01-06 21:25:02.244016,0 days 00:00:06.435534,1,1,,,,,,,,,,,,,,,,,,,,55,,,,,,,,,,,,,,,,,,,,COMPLETE
619,619,0.9466660740674897,2025-01-06 21:25:02.244421,2025-01-06 21:25:06.215853,0 days 00:00:03.971432,3,1,2.0,,,,,,,,,,,4.0,,,,,,,,40,35.0,,,,,,,,,,,30.0,,,,,,,,COMPLETE
620,620,0.9532552954292085,2025-01-06 21:25:06.216303,2025-01-06 21:25:09.910899,0 days 00:00:03.694596,3,1,1.0,,,,,,,,,,,5.0,,,,,,,,40,25.0,,,,,,,,,,,15.0,,,,,,,,COMPLETE
621,621,0.8302793304210672,2025-01-06 21:25:09.911361,2025-01-06 21:25:16.556028,0 days 00:00:06.644667,1,1,,,,,,,,,,,,,,,,,,,,60,,,,,,,,,,,,,,,,,,,,COMPLETE
622,622,0.7948401766583584,2025-01-06 21:25:16.556439,2025-01-06 21:25:24.060295,0 days 00:00:07.503856,3,1,3.0,,,,,,,,,,,9.0,,,,,,,,55,25.0,,,,,,,,,,,35.0,,,,,,,,COMPLETE
623,623,0.6311637143037256,2025-01-06 21:25:24.061015,2025-01-06 21:25:34.082766,0 days 00:00:10.021751,3,2,11.0,,,,,,,,,,,7.0,,,,,,,,60,25.0,,,,,,,,,,,50.0,,,,,,,,COMPLETE
624,624,0.9456861606494769,2025-01-06 21:25:34.083239,2025-01-06 21:25:37.373633,0 days 00:00:03.290394,2,1,2.0,,,,,,,,,,,,,,,,,,,55,25.0,,,,,,,,,,,,,,,,,,,COMPLETE
625,625,0.9549275362318841,2025-01-06 21:25:37.374039,2025-01-06 21:25:40.508321,0 days 00:00:03.134282,2,2,2.0,,,,,,,,,,,,,,,,,,,40,25.0,,,,,,,,,,,,,,,,,,,COMPLETE
626,626,0.9531799229872233,2025-01-06 21:25:40.508731,2025-01-06 21:25:44.208981,0 days 00:00:03.700250,3,1,1.0,,,,,,,,,,,4.0,,,,,,,,50,25.0,,,,,,,,,,,35.0,,,,,,,,COMPLETE
627,627,0.9624705757961926,2025-01-06 21:25:44.209417,2025-01-06 21:25:47.288339,0 days 00:00:03.078922,2,1,2.0,,,,,,,,,,,,,,,,,,,60,25.0,,,,,,,,,,,,,,,,,,,COMPLETE
628,628,0.9554960239129209,2025-01-06 21:25:47.288722,2025-01-06 21:25:51.545916,0 days 00:00:04.257194,3,1,2.0,,,,,,,,,,,3.0,,,,,,,,60,25.0,,,,,,,,,,,40.0,,,,,,,,COMPLETE
629,629,0.9531527903620927,2025-01-06 21:25:51.546370,2025-01-06 21:25:54.980633,0 days 00:00:03.434263,2,1,3.0,,,,,,,,,,,,,,,,,,,60,20.0,,,,,,,,,,,,,,,,,,,COMPLETE
630,630,0.6936718646880244,2025-01-06 21:25:54.981019,2025-01-06 21:26:03.842096,0 days 00:00:08.861077,3,1,10.0,,,,,,,,,,,6.0,,,,,,,,60,35.0,,,,,,,,,,,20.0,,,,,,,,COMPLETE
631,631,0.9375952678876123,2025-01-06 21:26:03.842538,2025-01-06 21:26:10.064454,0 days 00:00:06.221916,2,1,13.0,,,,,,,,,,,,,,,,,,,60,25.0,,,,,,,,,,,,,,,,,,,COMPLETE
632,632,0.6300292563259102,2025-01-06 21:26:10.064920,2025-01-06 21:26:18.774502,0 days 00:00:08.709582,4,1,4.0,,,,,,,,,,,4.0,15.0,,,,,,,60,25.0,,,,,,,,,,,55.0,5.0,,,,,,,COMPLETE
633,633,0.9426033736378564,2025-01-06 21:26:18.775011,2025-01-06 21:26:22.723780,0 days 00:00:03.948769,3,1,3.0,,,,,,,,,,,5.0,,,,,,,,60,25.0,,,,,,,,,,,5.0,,,,,,,,COMPLETE
634,634,0.9424362335053067,2025-01-06 21:26:22.724222,2025-01-06 21:26:25.946838,0 days 00:00:03.222616,2,1,2.0,,,,,,,,,,,,,,,,,,,60,20.0,,,,,,,,,,,,,,,,,,,COMPLETE
635,635,0.6524838032420548,2025-01-06 21:26:25.947244,2025-01-06 21:26:37.177099,0 days 00:00:11.229855,4,1,2.0,,,,,,,,,,,3.0,12.0,,,,,,,60,25.0,,,,,,,,,,,40.0,15.0,,,,,,,COMPLETE
636,636,0.9559392585877124,2025-01-06 21:26:37.177832,2025-01-06 21:26:42.749056,0 days 00:00:05.571224,3,1,2.0,,,,,,,,,,,4.0,,,,,,,,60,35.0,,,,,,,,,,,55.0,,,,,,,,COMPLETE
637,637,0.957244034737641,2025-01-06 21:26:42.749515,2025-01-06 21:26:46.036774,0 days 00:00:03.287259,2,1,2.0,,,,,,,,,,,,,,,,,,,60,25.0,,,,,,,,,,,,,,,,,,,COMPLETE
638,638,0.9260743891797556,2025-01-06 21:26:46.037175,2025-01-06 21:26:51.844870,0 days 00:00:05.807695,1,1,,,,,,,,,,,,,,,,,,,,40,,,,,,,,,,,,,,,,,,,,COMPLETE
639,639,0.2534189281198327,2025-01-06 21:26:51.845286,2025-01-06 21:27:21.414351,0 days 00:00:29.569065,17,1,2.0,8.0,2.0,10.0,9.0,6.0,9.0,4.0,,,,5.0,14.0,9.0,11.0,13.0,8.0,3.0,4.0,60,25.0,30.0,25.0,10.0,55.0,45.0,50.0,30.0,,,,25.0,10.0,45.0,10.0,10.0,30.0,35.0,45.0,COMPLETE
640,640,0.0,2025-01-06 21:27:21.415137,2025-01-06 21:29:27.712449,0 days 00:02:06.297312,18,1,2.0,14.0,6.0,13.0,1.0,12.0,6.0,11.0,11.0,,,3.0,13.0,15.0,3.0,5.0,12.0,8.0,13.0,40,30.0,10.0,25.0,55.0,35.0,25.0,60.0,50.0,50.0,,,30.0,20.0,5.0,30.0,30.0,60.0,50.0,30.0,COMPLETE
641,641,0.6288376608768751,2025-01-06 21:29:27.713454,2025-01-06 21:29:37.192508,0 days 00:00:09.479054,4,1,3.0,,,,,,,,,,,6.0,10.0,,,,,,,45,25.0,,,,,,,,,,,55.0,5.0,,,,,,,COMPLETE
642,642,0.14700797872340426,2025-01-06 21:29:37.193031,2025-01-06 21:29:49.846789,0 days 00:00:12.653758,13,1,2.0,2.0,10.0,2.0,,,,,,,,4.0,15.0,12.0,14.0,4.0,1.0,10.0,11.0,60,40.0,55.0,55.0,45.0,,,,,,,,10.0,15.0,35.0,35.0,20.0,5.0,60.0,15.0,COMPLETE
643,643,0.9446352798545161,2025-01-06 21:29:49.847448,2025-01-06 21:29:54.249331,0 days 00:00:04.401883,3,1,2.0,,,,,,,,,,,5.0,,,,,,,,45,20.0,,,,,,,,,,,50.0,,,,,,,,COMPLETE
644,644,0.9465640982761263,2025-01-06 21:29:54.249943,2025-01-06 21:29:57.869660,0 days 00:00:03.619717,3,1,2.0,,,,,,,,,,,3.0,,,,,,,,40,25.0,,,,,,,,,,,35.0,,,,,,,,COMPLETE
645,645,0.9525330848503001,2025-01-06 21:29:57.870099,2025-01-06 21:30:01.658435,0 days 00:00:03.788336,2,1,3.0,,,,,,,,,,,,,,,,,,,60,30.0,,,,,,,,,,,,,,,,,,,COMPLETE
646,646,0.934465553636538,2025-01-06 21:30:01.658915,2025-01-06 21:30:08.257083,0 days 00:00:06.598168,1,1,,,,,,,,,,,,,,,,,,,,60,,,,,,,,,,,,,,,,,,,,COMPLETE
647,647,0.9394899780805821,2025-01-06 21:30:08.257509,2025-01-06 21:30:12.917265,0 days 00:00:04.659756,3,1,2.0,,,,,,,,,,,4.0,,,,,,,,40,25.0,,,,,,,,,,,45.0,,,,,,,,COMPLETE
648,648,0.9532340111214862,2025-01-06 21:30:12.917745,2025-01-06 21:30:15.986317,0 days 00:00:03.068572,2,1,2.0,,,,,,,,,,,,,,,,,,,45,25.0,,,,,,,,,,,,,,,,,,,COMPLETE
649,649,0.9456861606494769,2025-01-06 21:30:15.986714,2025-01-06 21:30:20.434605,0 days 00:00:04.447891,3,1,1.0,,,,,,,,,,,3.0,,,,,,,,30,35.0,,,,,,,,,,,55.0,,,,,,,,COMPLETE
650,650,0.9455901219628342,2025-01-06 21:30:20.435059,2025-01-06 21:30:25.390078,0 days 00:00:04.955019,3,2,2.0,,,,,,,,,,,5.0,,,,,,,,60,30.0,,,,,,,,,,,30.0,,,,,,,,COMPLETE
651,651,0.6488153585004901,2025-01-06 21:30:25.390534,2025-01-06 21:30:39.996085,0 days 00:00:14.605551,4,1,1.0,,,,,,,,,,,8.0,13.0,,,,,,,40,25.0,,,,,,,,,,,55.0,20.0,,,,,,,COMPLETE
652,652,0.5791737196394127,2025-01-06 21:30:39.996612,2025-01-06 21:31:14.865084,0 days 00:00:34.868472,6,1,2.0,,,,,,,,,,,4.0,11.0,4.0,4.0,,,,,45,20.0,,,,,,,,,,,45.0,55.0,50.0,55.0,,,,,COMPLETE
653,653,0.9557929883138564,2025-01-06 21:31:14.865924,2025-01-06 21:31:18.556460,0 days 00:00:03.690536,2,1,3.0,,,,,,,,,,,,,,,,,,,60,25.0,,,,,,,,,,,,,,,,,,,COMPLETE
654,654,0.9532421923993477,2025-01-06 21:31:18.556864,2025-01-06 21:31:21.880693,0 days 00:00:03.323829,3,1,1.0,,,,,,,,,,,3.0,,,,,,,,35,30.0,,,,,,,,,,,15.0,,,,,,,,COMPLETE
655,655,0.6036295639699687,2025-01-06 21:31:21.881142,2025-01-06 21:31:32.586089,0 days 00:00:10.704947,4,2,2.0,,,,,,,,,,,7.0,12.0,,,,,,,40,25.0,,,,,,,,,,,25.0,10.0,,,,,,,COMPLETE
656,656,0.9490326363103381,2025-01-06 21:31:32.586638,2025-01-06 21:31:35.598795,0 days 00:00:03.012157,2,1,1.0,,,,,,,,,,,,,,,,,,,60,25.0,,,,,,,,,,,,,,,,,,,COMPLETE
657,657,0.9454541877016831,2025-01-06 21:31:35.599199,2025-01-06 21:31:39.724739,0 days 00:00:04.125540,3,1,2.0,,,,,,,,,,,4.0,,,,,,,,50,25.0,,,,,,,,,,,20.0,,,,,,,,COMPLETE
658,658,0.9448103064012326,2025-01-06 21:31:39.725213,2025-01-06 21:31:46.532266,0 days 00:00:06.807053,3,1,1.0,,,,,,,,,,,14.0,,,,,,,,35,30.0,,,,,,,,,,,40.0,,,,,,,,COMPLETE
659,659,0.9541291040623261,2025-01-06 21:31:46.532732,2025-01-06 21:31:49.588623,0 days 00:00:03.055891,2,1,2.0,,,,,,,,,,,,,,,,,,,45,25.0,,,,,,,,,,,,,,,,,,,COMPLETE
660,660,0.6122672238952738,2025-01-06 21:31:49.589026,2025-01-06 21:32:01.763233,0 days 00:00:12.174207,4,2,2.0,,,,,,,,,,,6.0,14.0,,,,,,,60,20.0,,,,,,,,,,,30.0,25.0,,,,,,,COMPLETE
661,661,0.9490984563497211,2025-01-06 21:32:01.763759,2025-01-06 21:32:08.548410,0 days 00:00:06.784651,1,2,,,,,,,,,,,,,,,,,,,,35,,,,,,,,,,,,,,,,,,,,COMPLETE
662,662,0.9423813340457743,2025-01-06 21:32:08.549032,2025-01-06 21:32:11.304181,0 days 00:00:02.755149,2,1,1.0,,,,,,,,,,,,,,,,,,,40,25.0,,,,,,,,,,,,,,,,,,,COMPLETE
663,663,0.9278810534114637,2025-01-06 21:32:11.304572,2025-01-06 21:32:16.266332,0 days 00:00:04.961760,3,1,4.0,,,,,,,,,,,3.0,,,,,,,,30,35.0,,,,,,,,,,,50.0,,,,,,,,COMPLETE
664,664,0.9507118927973199,2025-01-06 21:32:16.266835,2025-01-06 21:32:19.923652,0 days 00:00:03.656817,2,1,1.0,,,,,,,,,,,,,,,,,,,50,30.0,,,,,,,,,,,,,,,,,,,COMPLETE
665,665,0.8917796133497411,2025-01-06 21:32:19.924072,2025-01-06 21:32:24.686455,0 days 00:00:04.762383,3,2,3.0,,,,,,,,,,,5.0,,,,,,,,60,25.0,,,,,,,,,,,35.0,,,,,,,,COMPLETE
666,666,0.9514988814317673,2025-01-06 21:32:24.686885,2025-01-06 21:32:27.881498,0 days 00:00:03.194613,3,1,2.0,,,,,,,,,,,4.0,,,,,,,,35,25.0,,,,,,,,,,,15.0,,,,,,,,COMPLETE
667,667,0.9523692527612432,2025-01-06 21:32:27.881926,2025-01-06 21:32:31.213597,0 days 00:00:03.331671,2,1,1.0,,,,,,,,,,,,,,,,,,,40,30.0,,,,,,,,,,,,,,,,,,,COMPLETE
668,668,0.9317745456458273,2025-01-06 21:32:31.214011,2025-01-06 21:32:37.848560,0 days 00:00:06.634549,1,1,,,,,,,,,,,,,,,,,,,,60,,,,,,,,,,,,,,,,,,,,COMPLETE
669,669,0.7335164835164836,2025-01-06 21:32:37.848978,2025-01-06 21:32:46.682244,0 days 00:00:08.833266,3,2,9.0,,,,,,,,,,,3.0,,,,,,,,45,25.0,,,,,,,,,,,55.0,,,,,,,,COMPLETE
670,670,0.6901903525849016,2025-01-06 21:32:46.682733,2025-01-06 21:32:54.213536,0 days 00:00:07.530803,4,1,1.0,,,,,,,,,,,6.0,9.0,,,,,,,35,25.0,,,,,,,,,,,35.0,5.0,,,,,,,COMPLETE
671,671,0.6083698830409356,2025-01-06 21:32:54.214061,2025-01-06 21:33:12.765387,0 days 00:00:18.551326,5,1,2.0,,,,,,,,,,,5.0,13.0,13.0,,,,,,45,20.0,,,,,,,,,,,55.0,15.0,15.0,,,,,,COMPLETE
672,672,0.33522201773152344,2025-01-06 21:33:12.765962,2025-01-06 21:33:28.806161,0 days 00:00:16.040199,16,1,1.0,10.0,13.0,7.0,7.0,1.0,13.0,,,,,4.0,10.0,6.0,12.0,6.0,15.0,11.0,7.0,60,30.0,5.0,10.0,35.0,10.0,50.0,30.0,,,,,50.0,45.0,30.0,20.0,5.0,40.0,40.0,35.0,COMPLETE
673,673,0.31735422553300796,2025-01-06 21:33:28.807170,2025-01-06 21:33:49.238739,0 days 00:00:20.431569,12,2,3.0,6.0,9.0,,,,,,,,,3.0,15.0,7.0,2.0,9.0,14.0,15.0,15.0,40,35.0,60.0,60.0,,,,,,,,,30.0,35.0,40.0,60.0,45.0,25.0,20.0,5.0,COMPLETE
674,674,0.4245167713128247,2025-01-06 21:33:49.239410,2025-01-06 21:34:03.635534,0 days 00:00:14.396124,11,1,2.0,4.0,,,,,,,,,,4.0,9.0,11.0,13.0,10.0,10.0,4.0,5.0,50,25.0,25.0,,,,,,,,,,55.0,25.0,25.0,15.0,35.0,45.0,35.0,40.0,COMPLETE
675,675,0.9415670134035143,2025-01-06 21:34:03.636209,2025-01-06 21:34:06.581813,0 days 00:00:02.945604,2,1,1.0,,,,,,,,,,,,,,,,,,,35,25.0,,,,,,,,,,,,,,,,,,,COMPLETE
676,676,0.946381223607974,2025-01-06 21:34:06.582233,2025-01-06 21:34:10.494342,0 days 00:00:03.912109,3,1,2.0,,,,,,,,,,,5.0,,,,,,,,25,25.0,,,,,,,,,,,40.0,,,,,,,,COMPLETE
677,677,0.9515686668004548,2025-01-06 21:34:10.494797,2025-01-06 21:34:13.852049,0 days 00:00:03.357252,2,2,2.0,,,,,,,,,,,,,,,,,,,60,20.0,,,,,,,,,,,,,,,,,,,COMPLETE
678,678,0.9414387201432007,2025-01-06 21:34:13.852453,2025-01-06 21:34:19.136917,0 days 00:00:05.284464,3,1,5.0,,,,,,,,,,,3.0,,,,,,,,35,30.0,,,,,,,,,,,55.0,,,,,,,,COMPLETE
679,679,0.7919001879666834,2025-01-06 21:34:19.137374,2025-01-06 21:34:28.571740,0 days 00:00:09.434366,4,1,1.0,,,,,,,,,,,4.0,8.0,,,,,,,45,25.0,,,,,,,,,,,35.0,60.0,,,,,,,COMPLETE
680,680,0.942329489935509,2025-01-06 21:34:28.572494,2025-01-06 21:34:33.649606,0 days 00:00:05.077112,3,4,2.0,,,,,,,,,,,3.0,,,,,,,,40,35.0,,,,,,,,,,,55.0,,,,,,,,COMPLETE
681,681,0.9523816170763982,2025-01-06 21:34:33.650073,2025-01-06 21:34:36.171103,0 days 00:00:02.521030,2,2,1.0,,,,,,,,,,,,,,,,,,,30,25.0,,,,,,,,,,,,,,,,,,,COMPLETE
682,682,0.9500283803801586,2025-01-06 21:34:36.171500,2025-01-06 21:34:39.960112,0 days 00:00:03.788612,3,1,1.0,,,,,,,,,,,2.0,,,,,,,,60,30.0,,,,,,,,,,,20.0,,,,,,,,COMPLETE
683,683,0.8330268348441906,2025-01-06 21:34:39.960582,2025-01-06 21:34:45.835217,0 days 00:00:05.874635,1,1,,,,,,,,,,,,,,,,,,,,35,,,,,,,,,,,,,,,,,,,,COMPLETE
684,684,0.6183658303333759,2025-01-06 21:34:45.835625,2025-01-06 21:34:57.197404,0 days 00:00:11.361779,4,1,2.0,,,,,,,,,,,12.0,5.0,,,,,,,60,30.0,,,,,,,,,,,30.0,30.0,,,,,,,COMPLETE
685,685,0.9507093762737227,2025-01-06 21:34:57.197937,2025-01-06 21:35:00.978991,0 days 00:00:03.781054,2,2,2.0,,,,,,,,,,,,,,,,,,,45,25.0,,,,,,,,,,,,,,,,,,,COMPLETE
686,686,0.9498327759197325,2025-01-06 21:35:00.979423,2025-01-06 21:35:05.819052,0 days 00:00:04.839629,3,1,1.0,,,,,,,,,,,6.0,,,,,,,,40,25.0,,,,,,,,,,,50.0,,,,,,,,COMPLETE
687,687,0.9524514441538204,2025-01-06 21:35:05.819509,2025-01-06 21:35:08.739224,0 days 00:00:02.919715,2,1,3.0,,,,,,,,,,,,,,,,,,,35,20.0,,,,,,,,,,,,,,,,,,,COMPLETE
688,688,0.9565932350777052,2025-01-06 21:35:08.739699,2025-01-06 21:35:13.568911,0 days 00:00:04.829212,3,1,2.0,,,,,,,,,,,4.0,,,,,,,,60,30.0,,,,,,,,,,,40.0,,,,,,,,COMPLETE
689,689,0.45069771331041236,2025-01-06 21:35:13.569372,2025-01-06 21:35:59.114411,0 days 00:00:45.545039,9,2,1.0,,,,,,,,,,,5.0,12.0,2.0,8.0,15.0,5.0,12.0,,50,25.0,,,,,,,,,,,60.0,10.0,20.0,25.0,40.0,50.0,45.0,,COMPLETE
690,690,0.9590671029268891,2025-01-06 21:35:59.115319,2025-01-06 21:36:04.243661,0 days 00:00:05.128342,3,1,2.0,,,,,,,,,,,7.0,,,,,,,,35,25.0,,,,,,,,,,,55.0,,,,,,,,COMPLETE
691,691,0.6478006840205206,2025-01-06 21:36:04.244109,2025-01-06 21:36:23.664763,0 days 00:00:19.420654,4,1,2.0,,,,,,,,,,,6.0,11.0,,,,,,,35,25.0,,,,,,,,,,,55.0,55.0,,,,,,,COMPLETE
692,692,0.7036349027994249,2025-01-06 21:36:23.665314,2025-01-06 21:36:32.960184,0 days 00:00:09.294870,4,1,1.0,,,,,,,,,,,8.0,6.0,,,,,,,35,25.0,,,,,,,,,,,55.0,20.0,,,,,,,COMPLETE
693,693,0.9455705137901478,2025-01-06 21:36:32.960687,2025-01-06 21:36:38.271113,0 days 00:00:05.310426,3,1,2.0,,,,,,,,,,,7.0,,,,,,,,35,25.0,,,,,,,,,,,55.0,,,,,,,,COMPLETE
694,694,0.9533333333333334,2025-01-06 21:36:38.271685,2025-01-06 21:36:44.339158,0 days 00:00:06.067473,3,1,1.0,,,,,,,,,,,7.0,,,,,,,,35,30.0,,,,,,,,,,,55.0,,,,,,,,COMPLETE
695,695,0.9514870174359261,2025-01-06 21:36:44.339726,2025-01-06 21:36:50.659227,0 days 00:00:06.319501,3,1,2.0,,,,,,,,,,,6.0,,,,,,,,35,35.0,,,,,,,,,,,55.0,,,,,,,,COMPLETE
696,696,0.9008463850656542,2025-01-06 21:36:50.659699,2025-01-06 21:36:56.707304,0 days 00:00:06.047605,3,1,3.0,,,,,,,,,,,7.0,,,,,,,,30,25.0,,,,,,,,,,,55.0,,,,,,,,COMPLETE
697,697,0.6612171025123347,2025-01-06 21:36:56.707759,2025-01-06 21:37:05.392901,0 days 00:00:08.685142,4,1,1.0,,,,,,,,,,,7.0,7.0,,,,,,,35,20.0,,,,,,,,,,,10.0,50.0,,,,,,,COMPLETE
698,698,0.9472584359050495,2025-01-06 21:37:05.393449,2025-01-06 21:37:10.421302,0 days 00:00:05.027853,3,1,1.0,,,,,,,,,,,6.0,,,,,,,,35,30.0,,,,,,,,,,,50.0,,,,,,,,COMPLETE
699,699,0.7657288552839809,2025-01-06 21:37:10.421808,2025-01-06 21:37:19.957319,0 days 00:00:09.535511,3,5,2.0,,,,,,,,,,,7.0,,,,,,,,35,25.0,,,,,,,,,,,55.0,,,,,,,,COMPLETE
700,700,0.9471941443011502,2025-01-06 21:37:19.957803,2025-01-06 21:37:24.719651,0 days 00:00:04.761848,3,1,1.0,,,,,,,,,,,6.0,,,,,,,,35,30.0,,,,,,,,,,,60.0,,,,,,,,COMPLETE
701,701,0.619774156547878,2025-01-06 21:37:24.720093,2025-01-06 21:37:47.227603,0 days 00:00:22.507510,4,6,2.0,,,,,,,,,,,5.0,9.0,,,,,,,35,25.0,,,,,,,,,,,50.0,60.0,,,,,,,COMPLETE
702,702,0.9094318437008757,2025-01-06 21:37:47.228289,2025-01-06 21:37:53.271238,0 days 00:00:06.042949,3,1,3.0,,,,,,,,,,,7.0,,,,,,,,60,25.0,,,,,,,,,,,55.0,,,,,,,,COMPLETE
703,703,0.9607897153351699,2025-01-06 21:37:53.271814,2025-01-06 21:37:58.570137,0 days 00:00:05.298323,3,1,1.0,,,,,,,,,,,8.0,,,,,,,,35,35.0,,,,,,,,,,,35.0,,,,,,,,COMPLETE
704,704,0.6173553846867893,2025-01-06 21:37:58.570579,2025-01-06 21:38:10.787650,0 days 00:00:12.217071,4,1,2.0,,,,,,,,,,,8.0,10.0,,,,,,,30,35.0,,,,,,,,,,,35.0,40.0,,,,,,,COMPLETE
705,705,0.6169522703069029,2025-01-06 21:38:10.788214,2025-01-06 21:38:21.369521,0 days 00:00:10.581307,5,1,1.0,,,,,,,,,,,7.0,7.0,3.0,,,,,,35,30.0,,,,,,,,,,,35.0,5.0,10.0,,,,,,COMPLETE
706,706,0.638045540796964,2025-01-06 21:38:21.370100,2025-01-06 21:38:35.905324,0 days 00:00:14.535224,4,1,2.0,,,,,,,,,,,8.0,14.0,,,,,,,35,35.0,,,,,,,,,,,35.0,30.0,,,,,,,COMPLETE
707,707,0.628674508071493,2025-01-06 21:38:35.905868,2025-01-06 21:38:50.231688,0 days 00:00:14.325820,4,1,3.0,,,,,,,,,,,8.0,10.0,,,,,,,35,35.0,,,,,,,,,,,35.0,50.0,,,,,,,COMPLETE
708,708,0.9549822078885306,2025-01-06 21:38:50.232209,2025-01-06 21:38:53.916461,0 days 00:00:03.684252,3,1,1.0,,,,,,,,,,,2.0,,,,,,,,35,40.0,,,,,,,,,,,35.0,,,,,,,,COMPLETE
709,709,0.9453357100415924,2025-01-06 21:38:53.917015,2025-01-06 21:38:59.747004,0 days 00:00:05.829989,3,1,2.0,,,,,,,,,,,9.0,,,,,,,,35,35.0,,,,,,,,,,,30.0,,,,,,,,COMPLETE
710,710,0.947361809045226,2025-01-06 21:38:59.747593,2025-01-06 21:39:05.141518,0 days 00:00:05.393925,3,1,1.0,,,,,,,,,,,7.0,,,,,,,,35,35.0,,,,,,,,,,,40.0,,,,,,,,COMPLETE
711,711,0.9574099200964872,2025-01-06 21:39:05.141976,2025-01-06 21:39:10.625038,0 days 00:00:05.483062,3,1,1.0,,,,,,,,,,,8.0,,,,,,,,40,35.0,,,,,,,,,,,35.0,,,,,,,,COMPLETE
712,712,0.0,2025-01-06 21:39:10.625573,2025-01-06 21:41:08.856075,0 days 00:01:58.230502,20,1,2.0,10.0,14.0,8.0,11.0,14.0,3.0,6.0,5.0,15.0,15.0,8.0,8.0,14.0,7.0,1.0,13.0,6.0,2.0,30,35.0,50.0,50.0,25.0,25.0,15.0,10.0,30.0,25.0,35.0,5.0,35.0,10.0,55.0,50.0,25.0,55.0,55.0,25.0,COMPLETE
713,713,0.6305580762250453,2025-01-06 21:41:08.857139,2025-01-06 21:41:19.657142,0 days 00:00:10.800003,4,1,2.0,,,,,,,,,,,9.0,12.0,,,,,,,35,30.0,,,,,,,,,,,30.0,15.0,,,,,,,COMPLETE
714,714,0.9483262999686068,2025-01-06 21:41:19.657700,2025-01-06 21:41:23.886401,0 days 00:00:04.228701,3,1,1.0,,,,,,,,,,,4.0,,,,,,,,35,35.0,,,,,,,,,,,40.0,,,,,,,,COMPLETE
715,715,0.9533217035744842,2025-01-06 21:41:23.886862,2025-01-06 21:41:27.828393,0 days 00:00:03.941531,3,1,2.0,,,,,,,,,,,9.0,,,,,,,,30,40.0,,,,,,,,,,,15.0,,,,,,,,COMPLETE
716,716,0.6444615451179637,2025-01-06 21:41:27.828845,2025-01-06 21:41:37.671418,0 days 00:00:09.842573,4,1,1.0,,,,,,,,,,,5.0,15.0,,,,,,,40,35.0,,,,,,,,,,,30.0,20.0,,,,,,,COMPLETE
717,717,0.9425259304453935,2025-01-06 21:41:37.671937,2025-01-06 21:41:43.386344,0 days 00:00:05.714407,3,1,1.0,,,,,,,,,,,6.0,,,,,,,,35,40.0,,,,,,,,,,,55.0,,,,,,,,COMPLETE
718,718,0.9042898341744774,2025-01-06 21:41:43.386810,2025-01-06 21:41:50.190766,0 days 00:00:06.803956,3,1,3.0,,,,,,,,,,,7.0,,,,,,,,35,35.0,,,,,,,,,,,55.0,,,,,,,,COMPLETE
719,719,0.6413261056060474,2025-01-06 21:41:50.191226,2025-01-06 21:42:06.054332,0 days 00:00:15.863106,4,1,2.0,,,,,,,,,,,4.0,14.0,,,,,,,40,30.0,,,,,,,,,,,60.0,35.0,,,,,,,COMPLETE
720,720,0.9591985579589573,2025-01-06 21:42:06.054857,2025-01-06 21:42:10.435317,0 days 00:00:04.380460,3,1,2.0,,,,,,,,,,,3.0,,,,,,,,35,20.0,,,,,,,,,,,35.0,,,,,,,,COMPLETE
721,721,0.9533238330958274,2025-01-06 21:42:10.435898,2025-01-06 21:42:13.882641,0 days 00:00:03.446743,3,1,1.0,,,,,,,,,,,3.0,,,,,,,,35,20.0,,,,,,,,,,,35.0,,,,,,,,COMPLETE
722,722,0.36985853620270376,2025-01-06 21:42:13.883106,2025-01-06 21:42:44.835175,0 days 00:00:30.952069,10,1,14.0,,,,,,,,,,,3.0,3.0,1.0,10.0,7.0,2.0,9.0,1.0,35,20.0,,,,,,,,,,,35.0,25.0,5.0,40.0,60.0,35.0,10.0,30.0,COMPLETE
723,723,0.7591647498562393,2025-01-06 21:42:44.835960,2025-01-06 21:42:51.219193,0 days 00:00:06.383233,3,1,12.0,,,,,,,,,,,3.0,,,,,,,,40,20.0,,,,,,,,,,,35.0,,,,,,,,COMPLETE
724,724,0.33712541620421754,2025-01-06 21:42:51.219670,2025-01-06 21:43:02.046525,0 days 00:00:10.826855,15,2,2.0,12.0,7.0,14.0,5.0,10.0,,,,,,2.0,6.0,10.0,9.0,3.0,3.0,3.0,13.0,35,25.0,15.0,5.0,10.0,40.0,30.0,,,,,,35.0,55.0,10.0,45.0,30.0,30.0,15.0,50.0,COMPLETE
725,725,0.9481470295423784,2025-01-06 21:43:02.047249,2025-01-06 21:43:05.827061,0 days 00:00:03.779812,3,1,2.0,,,,,,,,,,,3.0,,,,,,,,40,20.0,,,,,,,,,,,35.0,,,,,,,,COMPLETE
726,726,0.9218592242045474,2025-01-06 21:43:05.827512,2025-01-06 21:43:12.796235,0 days 00:00:06.968723,3,7,3.0,,,,,,,,,,,2.0,,,,,,,,35,20.0,,,,,,,,,,,40.0,,,,,,,,COMPLETE
727,727,0.94965470838131,2025-01-06 21:43:12.796766,2025-01-06 21:43:17.802860,0 days 00:00:05.006094,4,1,1.0,,,,,,,,,,,3.0,4.0,,,,,,,60,20.0,,,,,,,,,,,35.0,30.0,,,,,,,COMPLETE
728,728,0.9440101622044166,2025-01-06 21:43:17.803371,2025-01-06 21:43:22.544835,0 days 00:00:04.741464,2,8,2.0,,,,,,,,,,,,,,,,,,,35,15.0,,,,,,,,,,,,,,,,,,,COMPLETE
729,729,0.9515830546265329,2025-01-06 21:43:22.545379,2025-01-06 21:43:26.079163,0 days 00:00:03.533784,3,1,1.0,,,,,,,,,,,4.0,,,,,,,,40,20.0,,,,,,,,,,,30.0,,,,,,,,COMPLETE
730,730,0.9489767335025239,2025-01-06 21:43:26.079727,2025-01-06 21:43:29.439486,0 days 00:00:03.359759,2,2,2.0,,,,,,,,,,,,,,,,,,,60,20.0,,,,,,,,,,,,,,,,,,,COMPLETE
731,731,0.6479577074241072,2025-01-06 21:43:29.439911,2025-01-06 21:43:37.033518,0 days 00:00:07.593607,4,1,4.0,,,,,,,,,,,3.0,9.0,,,,,,,35,20.0,,,,,,,,,,,35.0,15.0,,,,,,,COMPLETE
732,732,0.8547292724196278,2025-01-06 21:43:37.034060,2025-01-06 21:43:46.296922,0 days 00:00:09.262862,4,1,1.0,,,,,,,,,,,2.0,13.0,,,,,,,30,25.0,,,,,,,,,,,30.0,45.0,,,,,,,COMPLETE
733,733,0.948510360013576,2025-01-06 21:43:46.297441,2025-01-06 21:43:49.352874,0 days 00:00:03.055433,2,2,2.0,,,,,,,,,,,,,,,,,,,40,25.0,,,,,,,,,,,,,,,,,,,COMPLETE
734,734,0.9491235392320534,2025-01-06 21:43:49.353293,2025-01-06 21:43:53.635142,0 days 00:00:04.281849,3,1,3.0,,,,,,,,,,,3.0,,,,,,,,60,20.0,,,,,,,,,,,40.0,,,,,,,,COMPLETE
735,735,0.9482295359778803,2025-01-06 21:43:53.635589,2025-01-06 21:43:56.404671,0 days 00:00:02.769082,2,1,1.0,,,,,,,,,,,,,,,,,,,35,30.0,,,,,,,,,,,,,,,,,,,COMPLETE
736,736,0.5255156813974756,2025-01-06 21:43:56.405099,2025-01-06 21:44:27.525331,0 days 00:00:31.120232,7,1,2.0,,,,,,,,,,,4.0,5.0,13.0,6.0,14.0,,,,5,25.0,,,,,,,,,,,35.0,40.0,45.0,30.0,10.0,,,,COMPLETE
737,737,0.9353736906910453,2025-01-06 21:44:27.525930,2025-01-06 21:44:32.944373,0 days 00:00:05.418443,3,2,2.0,,,,,,,,,,,4.0,,,,,,,,35,30.0,,,,,,,,,,,45.0,,,,,,,,COMPLETE
738,738,0.9573955477635524,2025-01-06 21:44:32.944947,2025-01-06 21:44:36.235819,0 days 00:00:03.290872,3,1,1.0,,,,,,,,,,,2.0,,,,,,,,60,20.0,,,,,,,,,,,30.0,,,,,,,,COMPLETE
739,739,0.9549988749718743,2025-01-06 21:44:36.236412,2025-01-06 21:44:38.929213,0 days 00:00:02.692801,2,1,1.0,,,,,,,,,,,,,,,,,,,35,25.0,,,,,,,,,,,,,,,,,,,COMPLETE
740,740,0.9565771174229439,2025-01-06 21:44:38.929629,2025-01-06 21:44:43.086608,0 days 00:00:04.156979,3,1,2.0,,,,,,,,,,,3.0,,,,,,,,60,25.0,,,,,,,,,,,25.0,,,,,,,,COMPLETE
741,741,0.9540781280540587,2025-01-06 21:44:43.087049,2025-01-06 21:44:45.942825,0 days 00:00:02.855776,2,1,1.0,,,,,,,,,,,,,,,,,,,40,25.0,,,,,,,,,,,,,,,,,,,COMPLETE
742,742,0.9507707718849129,2025-01-06 21:44:45.943229,2025-01-06 21:44:50.713749,0 days 00:00:04.770520,3,2,2.0,,,,,,,,,,,3.0,,,,,,,,35,25.0,,,,,,,,,,,35.0,,,,,,,,COMPLETE
743,743,0.9320922075513061,2025-01-06 21:44:50.714230,2025-01-06 21:44:59.899222,0 days 00:00:09.184992,4,1,1.0,,,,,,,,,,,1.0,11.0,,,,,,,60,30.0,,,,,,,,,,,40.0,60.0,,,,,,,COMPLETE
744,744,0.9507324457901064,2025-01-06 21:44:59.899735,2025-01-06 21:45:03.752570,0 days 00:00:03.852835,3,1,2.0,,,,,,,,,,,4.0,,,,,,,,35,25.0,,,,,,,,,,,35.0,,,,,,,,COMPLETE
745,745,0.933672663696351,2025-01-06 21:45:03.753036,2025-01-06 21:45:07.694108,0 days 00:00:03.941072,3,2,1.0,,,,,,,,,,,8.0,,,,,,,,30,20.0,,,,,,,,,,,15.0,,,,,,,,COMPLETE
746,746,0.9583942414174973,2025-01-06 21:45:07.694563,2025-01-06 21:45:11.010412,0 days 00:00:03.315849,2,1,3.0,,,,,,,,,,,,,,,,,,,40,25.0,,,,,,,,,,,,,,,,,,,COMPLETE
747,747,0.9501545253863135,2025-01-06 21:45:11.010834,2025-01-06 21:45:15.067508,0 days 00:00:04.056674,4,1,2.0,,,,,,,,,,,2.0,2.0,,,,,,,60,30.0,,,,,,,,,,,20.0,5.0,,,,,,,COMPLETE
748,748,0.9549998749996528,2025-01-06 21:45:15.068010,2025-01-06 21:45:18.008902,0 days 00:00:02.940892,2,2,2.0,,,,,,,,,,,,,,,,,,,40,25.0,,,,,,,,,,,,,,,,,,,COMPLETE
749,749,0.9608575073492707,2025-01-06 21:45:18.009323,2025-01-06 21:45:21.527808,0 days 00:00:03.518485,3,1,1.0,,,,,,,,,,,3.0,,,,,,,,35,30.0,,,,,,,,,,,35.0,,,,,,,,COMPLETE
750,750,0.9482204977254483,2025-01-06 21:45:21.528257,2025-01-06 21:45:24.826729,0 days 00:00:03.298472,3,1,1.0,,,,,,,,,,,3.0,,,,,,,,20,30.0,,,,,,,,,,,35.0,,,,,,,,COMPLETE
751,751,0.9558760725239741,2025-01-06 21:45:24.827174,2025-01-06 21:45:28.345937,0 days 00:00:03.518763,3,1,1.0,,,,,,,,,,,3.0,,,,,,,,35,30.0,,,,,,,,,,,35.0,,,,,,,,COMPLETE
752,752,0.9516600870674063,2025-01-06 21:45:28.346385,2025-01-06 21:45:31.973469,0 days 00:00:03.627084,3,1,1.0,,,,,,,,,,,3.0,,,,,,,,35,30.0,,,,,,,,,,,35.0,,,,,,,,COMPLETE
753,753,0.9516057779667092,2025-01-06 21:45:31.973929,2025-01-06 21:45:35.534554,0 days 00:00:03.560625,2,2,1.0,,,,,,,,,,,,,,,,,,,35,30.0,,,,,,,,,,,,,,,,,,,COMPLETE
754,754,0.953165548098434,2025-01-06 21:45:35.534956,2025-01-06 21:45:42.729890,0 days 00:00:07.194934,4,1,1.0,,,,,,,,,,,2.0,8.0,,,,,,,30,30.0,,,,,,,,,,,35.0,55.0,,,,,,,COMPLETE
755,755,0.5959850943623032,2025-01-06 21:45:42.730544,2025-01-06 21:45:59.346482,0 days 00:00:16.615938,5,1,1.0,,,,,,,,,,,3.0,12.0,11.0,,,,,,35,30.0,,,,,,,,,,,40.0,20.0,35.0,,,,,,COMPLETE
756,756,0.9398983254922072,2025-01-06 21:45:59.347175,2025-01-06 21:46:02.449831,0 days 00:00:03.102656,2,1,1.0,,,,,,,,,,,,,,,,,,,35,30.0,,,,,,,,,,,,,,,,,,,COMPLETE
757,757,0.9515764008116123,2025-01-06 21:46:02.450254,2025-01-06 21:46:05.897765,0 days 00:00:03.447511,3,1,1.0,,,,,,,,,,,3.0,,,,,,,,30,30.0,,,,,,,,,,,30.0,,,,,,,,COMPLETE
758,758,0.9349541539316477,2025-01-06 21:46:05.898244,2025-01-06 21:46:10.350979,0 days 00:00:04.452735,2,1,8.0,,,,,,,,,,,,,,,,,,,35,30.0,,,,,,,,,,,,,,,,,,,COMPLETE
759,759,0.9592703150912105,2025-01-06 21:46:10.351451,2025-01-06 21:46:15.693559,0 days 00:00:05.342108,4,2,1.0,,,,,,,,,,,2.0,1.0,,,,,,,35,30.0,,,,,,,,,,,35.0,35.0,,,,,,,COMPLETE
760,760,0.9263986697965572,2025-01-06 21:46:15.694099,2025-01-06 21:46:22.546847,0 days 00:00:06.852748,1,2,,,,,,,,,,,,,,,,,,,,35,,,,,,,,,,,,,,,,,,,,COMPLETE
761,761,0.9541291040623261,2025-01-06 21:46:22.547294,2025-01-06 21:46:28.267276,0 days 00:00:05.719982,4,2,1.0,,,,,,,,,,,2.0,1.0,,,,,,,35,30.0,,,,,,,,,,,35.0,35.0,,,,,,,COMPLETE
762,762,0.954969095076047,2025-01-06 21:46:28.267797,2025-01-06 21:46:31.633883,0 days 00:00:03.366086,2,2,1.0,,,,,,,,,,,,,,,,,,,35,30.0,,,,,,,,,,,,,,,,,,,COMPLETE
763,763,0.9266593325999266,2025-01-06 21:46:31.634302,2025-01-06 21:46:37.700775,0 days 00:00:06.066473,3,2,7.0,,,,,,,,,,,1.0,,,,,,,,35,30.0,,,,,,,,,,,35.0,,,,,,,,COMPLETE
764,764,0.6864837308009224,2025-01-06 21:46:37.701262,2025-01-06 21:46:46.800165,0 days 00:00:09.098903,4,3,1.0,,,,,,,,,,,10.0,3.0,,,,,,,40,30.0,,,,,,,,,,,35.0,30.0,,,,,,,COMPLETE
765,765,0.9398770783103145,2025-01-06 21:46:46.800687,2025-01-06 21:46:51.218659,0 days 00:00:04.417972,3,2,1.0,,,,,,,,,,,2.0,,,,,,,,35,30.0,,,,,,,,,,,35.0,,,,,,,,COMPLETE
766,766,0.9457010290283137,2025-01-06 21:46:51.219255,2025-01-06 21:46:58.392631,0 days 00:00:07.173376,5,2,1.0,,,,,,,,,,,2.0,1.0,6.0,,,,,,30,30.0,,,,,,,,,,,35.0,35.0,60.0,,,,,,COMPLETE
767,767,0.9374189418607888,2025-01-06 21:46:58.393298,2025-01-06 21:47:01.329585,0 days 00:00:02.936287,2,2,1.0,,,,,,,,,,,,,,,,,,,40,30.0,,,,,,,,,,,,,,,,,,,COMPLETE
768,768,0.9379770135584089,2025-01-06 21:47:01.330026,2025-01-06 21:47:07.507963,0 days 00:00:06.177937,3,2,1.0,,,,,,,,,,,11.0,,,,,,,,60,30.0,,,,,,,,,,,40.0,,,,,,,,COMPLETE
769,769,0.9505382085944746,2025-01-06 21:47:07.508432,2025-01-06 21:47:12.332637,0 days 00:00:04.824205,2,2,6.0,,,,,,,,,,,,,,,,,,,35,30.0,,,,,,,,,,,,,,,,,,,COMPLETE
770,770,0.9490279065092855,2025-01-06 21:47:12.333160,2025-01-06 21:47:17.723932,0 days 00:00:05.390772,4,2,1.0,,,,,,,,,,,2.0,2.0,,,,,,,35,30.0,,,,,,,,,,,30.0,45.0,,,,,,,COMPLETE
771,771,0.951585436890498,2025-01-06 21:47:17.724451,2025-01-06 21:47:22.979799,0 days 00:00:05.255348,3,1,1.0,,,,,,,,,,,2.0,,,,,,,,60,15.0,,,,,,,,,,,35.0,,,,,,,,COMPLETE
772,772,0.9433677098150782,2025-01-06 21:47:22.980277,2025-01-06 21:47:27.083111,0 days 00:00:04.102834,2,3,1.0,,,,,,,,,,,,,,,,,,,35,30.0,,,,,,,,,,,,,,,,,,,COMPLETE
773,773,0.9465703327089465,2025-01-06 21:47:27.083534,2025-01-06 21:47:30.622190,0 days 00:00:03.538656,3,1,1.0,,,,,,,,,,,1.0,,,,,,,,60,30.0,,,,,,,,,,,35.0,,,,,,,,COMPLETE
774,774,0.9525421942683461,2025-01-06 21:47:30.622649,2025-01-06 21:47:34.345663,0 days 00:00:03.723014,2,2,1.0,,,,,,,,,,,,,,,,,,,40,30.0,,,,,,,,,,,,,,,,,,,COMPLETE
775,775,0.9401091794370418,2025-01-06 21:47:34.346098,2025-01-06 21:47:37.741497,0 days 00:00:03.395399,3,1,1.0,,,,,,,,,,,3.0,,,,,,,,35,20.0,,,,,,,,,,,40.0,,,,,,,,COMPLETE
776,776,0.4300347337448287,2025-01-06 21:47:37.741964,2025-01-06 21:48:04.453638,0 days 00:00:26.711674,8,1,1.0,,,,,,,,,,,2.0,4.0,4.0,15.0,13.0,8.0,,,40,30.0,,,,,,,,,,,30.0,25.0,25.0,10.0,50.0,40.0,,,COMPLETE
777,777,0.8923334566627071,2025-01-06 21:48:04.454381,2025-01-06 21:48:18.613161,0 days 00:00:14.158780,1,9,,,,,,,,,,,,,,,,,,,,35,,,,,,,,,,,,,,,,,,,,COMPLETE
778,778,0.7388121990369181,2025-01-06 21:48:18.613827,2025-01-06 21:48:28.294400,0 days 00:00:09.680573,4,5,1.0,,,,,,,,,,,3.0,5.0,,,,,,,30,30.0,,,,,,,,,,,35.0,50.0,,,,,,,COMPLETE
779,779,0.9497941650259532,2025-01-06 21:48:28.294946,2025-01-06 21:48:31.530751,0 days 00:00:03.235805,2,2,1.0,,,,,,,,,,,,,,,,,,,15,30.0,,,,,,,,,,,,,,,,,,,COMPLETE
780,780,0.9558728098637248,2025-01-06 21:48:31.531173,2025-01-06 21:48:35.479333,0 days 00:00:03.948160,3,1,1.0,,,,,,,,,,,3.0,,,,,,,,60,35.0,,,,,,,,,,,30.0,,,,,,,,COMPLETE
781,781,0.9485014308224262,2025-01-06 21:48:35.479781,2025-01-06 21:48:38.638801,0 days 00:00:03.159020,2,1,1.0,,,,,,,,,,,,,,,,,,,40,20.0,,,,,,,,,,,,,,,,,,,COMPLETE
782,782,0.9581991051454138,2025-01-06 21:48:38.639252,2025-01-06 21:48:42.422100,0 days 00:00:03.782848,3,1,1.0,,,,,,,,,,,4.0,,,,,,,,35,30.0,,,,,,,,,,,40.0,,,,,,,,COMPLETE
783,783,0.9424197723287595,2025-01-06 21:48:42.422545,2025-01-06 21:48:46.779172,0 days 00:00:04.356627,4,1,1.0,,,,,,,,,,,2.0,1.0,,,,,,,60,25.0,,,,,,,,,,,35.0,40.0,,,,,,,COMPLETE
784,784,0.9456951423785595,2025-01-06 21:48:46.779685,2025-01-06 21:48:50.082724,0 days 00:00:03.303039,2,2,1.0,,,,,,,,,,,,,,,,,,,35,30.0,,,,,,,,,,,,,,,,,,,COMPLETE
785,785,0.94566394907304,2025-01-06 21:48:50.083145,2025-01-06 21:48:53.647343,0 days 00:00:03.564198,3,1,2.0,,,,,,,,,,,4.0,,,,,,,,30,20.0,,,,,,,,,,,35.0,,,,,,,,COMPLETE
786,786,0.9348570465719461,2025-01-06 21:48:53.647788,2025-01-06 21:49:01.904334,0 days 00:00:08.256546,1,2,,,,,,,,,,,,,,,,,,,,60,,,,,,,,,,,,,,,,,,,,COMPLETE
787,787,0.775116604134481,2025-01-06 21:49:01.904782,2025-01-06 21:49:12.098763,0 days 00:00:10.193981,4,10,1.0,,,,,,,,,,,3.0,4.0,,,,,,,40,35.0,,,,,,,,,,,30.0,35.0,,,,,,,COMPLETE
788,788,0.9507035175879397,2025-01-06 21:49:12.099440,2025-01-06 21:49:16.997257,0 days 00:00:04.897817,3,1,2.0,,,,,,,,,,,3.0,,,,,,,,35,25.0,,,,,,,,,,,45.0,,,,,,,,COMPLETE
789,789,0.9415309991079392,2025-01-06 21:49:16.997887,2025-01-06 21:49:20.727836,0 days 00:00:03.729949,2,1,2.0,,,,,,,,,,,,,,,,,,,10,25.0,,,,,,,,,,,,,,,,,,,COMPLETE
790,790,0.9599906664333275,2025-01-06 21:49:20.728297,2025-01-06 21:49:24.868851,0 days 00:00:04.140554,3,1,1.0,,,,,,,,,,,1.0,,,,,,,,35,25.0,,,,,,,,,,,30.0,,,,,,,,COMPLETE
791,791,0.949815285573258,2025-01-06 21:49:24.869340,2025-01-06 21:49:28.058623,0 days 00:00:03.189283,3,1,1.0,,,,,,,,,,,1.0,,,,,,,,35,30.0,,,,,,,,,,,30.0,,,,,,,,COMPLETE
792,792,0.9441855950300913,2025-01-06 21:49:28.059095,2025-01-06 21:49:31.930022,0 days 00:00:03.870927,3,2,1.0,,,,,,,,,,,1.0,,,,,,,,35,15.0,,,,,,,,,,,30.0,,,,,,,,COMPLETE
793,793,0.9179296313442655,2025-01-06 21:49:31.930502,2025-01-06 21:49:37.678856,0 days 00:00:05.748354,1,1,,,,,,,,,,,,,,,,,,,,35,,,,,,,,,,,,,,,,,,,,COMPLETE
794,794,0.9558707709373266,2025-01-06 21:49:37.679293,2025-01-06 21:49:41.384094,0 days 00:00:03.704801,4,1,2.0,,,,,,,,,,,1.0,2.0,,,,,,,35,25.0,,,,,,,,,,,25.0,25.0,,,,,,,COMPLETE
795,795,0.9417705818512039,2025-01-06 21:49:41.384585,2025-01-06 21:49:44.594215,0 days 00:00:03.209630,3,1,1.0,,,,,,,,,,,1.0,,,,,,,,35,30.0,,,,,,,,,,,30.0,,,,,,,,COMPLETE
796,796,0.9357240266065514,2025-01-06 21:49:44.594668,2025-01-06 21:49:48.183522,0 days 00:00:03.588854,3,1,2.0,,,,,,,,,,,1.0,,,,,,,,35,25.0,,,,,,,,,,,25.0,,,,,,,,COMPLETE
797,797,0.9532542531606056,2025-01-06 21:49:48.183987,2025-01-06 21:49:51.072772,0 days 00:00:02.888785,2,1,1.0,,,,,,,,,,,,,,,,,,,30,35.0,,,,,,,,,,,,,,,,,,,COMPLETE
798,798,0.9582664437012263,2025-01-06 21:49:51.073209,2025-01-06 21:49:54.934228,0 days 00:00:03.861019,2,2,2.0,,,,,,,,,,,,,,,,,,,35,25.0,,,,,,,,,,,,,,,,,,,COMPLETE
799,799,0.9480707503759735,2025-01-06 21:49:54.934653,2025-01-06 21:49:59.405480,0 days 00:00:04.470827,4,1,2.0,,,,,,,,,,,1.0,3.0,,,,,,,35,30.0,,,,,,,,,,,30.0,45.0,,,,,,,COMPLETE
800,800,0.9533312591670741,2025-01-06 21:49:59.405967,2025-01-06 21:50:02.819046,0 days 00:00:03.413079,3,1,1.0,,,,,,,,,,,1.0,,,,,,,,35,25.0,,,,,,,,,,,5.0,,,,,,,,COMPLETE
801,801,0.9466642961909417,2025-01-06 21:50:02.819529,2025-01-06 21:50:06.489985,0 days 00:00:03.670456,2,2,1.0,,,,,,,,,,,,,,,,,,,35,25.0,,,,,,,,,,,,,,,,,,,COMPLETE
802,802,0.9583425930041335,2025-01-06 21:50:06.490435,2025-01-06 21:50:09.925160,0 days 00:00:03.434725,2,4,2.0,,,,,,,,,,,,,,,,,,,35,20.0,,,,,,,,,,,,,,,,,,,COMPLETE
803,803,0.6835016636556808,2025-01-06 21:50:09.925606,2025-01-06 21:50:20.506236,0 days 00:00:10.580630,6,1,1.0,,,,,,,,,,,2.0,7.0,5.0,1.0,,,,,60,25.0,,,,,,,,,,,30.0,30.0,40.0,15.0,,,,,COMPLETE
804,804,0.9425009985354813,2025-01-06 21:50:20.506850,2025-01-06 21:50:24.252577,0 days 00:00:03.745727,3,1,3.0,,,,,,,,,,,1.0,,,,,,,,35,30.0,,,,,,,,,,,25.0,,,,,,,,COMPLETE
805,805,0.6543938990866365,2025-01-06 21:50:24.253138,2025-01-06 21:50:38.672948,0 days 00:00:14.419810,5,1,2.0,,,,,,,,,,,2.0,2.0,15.0,,,,,,30,25.0,,,,,,,,,,,30.0,40.0,30.0,,,,,,COMPLETE
806,806,0.9165256210739154,2025-01-06 21:50:38.673698,2025-01-06 21:50:52.424571,0 days 00:00:13.750873,3,14,2.0,,,,,,,,,,,4.0,,,,,,,,60,35.0,,,,,,,,,,,30.0,,,,,,,,COMPLETE
807,807,0.6326128744901308,2025-01-06 21:50:52.425050,2025-01-06 21:51:01.462473,0 days 00:00:09.037423,4,2,1.0,,,,,,,,,,,10.0,6.0,,,,,,,35,20.0,,,,,,,,,,,15.0,45.0,,,,,,,COMPLETE
808,808,0.9440733814231008,2025-01-06 21:51:01.463038,2025-01-06 21:51:04.664418,0 days 00:00:03.201380,2,1,1.0,,,,,,,,,,,,,,,,,,,40,30.0,,,,,,,,,,,,,,,,,,,COMPLETE
809,809,0.8184087127514749,2025-01-06 21:51:04.664836,2025-01-06 21:51:12.459869,0 days 00:00:07.795033,3,3,9.0,,,,,,,,,,,2.0,,,,,,,,35,25.0,,,,,,,,,,,30.0,,,,,,,,COMPLETE
810,810,0.9516274342211647,2025-01-06 21:51:12.460386,2025-01-06 21:51:20.788814,0 days 00:00:08.328428,1,2,,,,,,,,,,,,,,,,,,,,60,,,,,,,,,,,,,,,,,,,,COMPLETE
811,811,0.8342379824431061,2025-01-06 21:51:20.789247,2025-01-06 21:51:26.598021,0 days 00:00:05.808774,4,1,2.0,,,,,,,,,,,4.0,3.0,,,,,,,40,25.0,,,,,,,,,,,30.0,20.0,,,,,,,COMPLETE
812,812,0.9493806548307822,2025-01-06 21:51:26.598543,2025-01-06 21:51:29.661326,0 days 00:00:03.062783,2,1,1.0,,,,,,,,,,,,,,,,,,,35,30.0,,,,,,,,,,,,,,,,,,,COMPLETE
813,813,0.9549243722773602,2025-01-06 21:51:29.661861,2025-01-06 21:51:33.760105,0 days 00:00:04.098244,3,1,1.0,,,,,,,,,,,2.0,,,,,,,,60,20.0,,,,,,,,,,,25.0,,,,,,,,COMPLETE
814,814,0.9557627024319661,2025-01-06 21:51:33.760699,2025-01-06 21:51:37.644614,0 days 00:00:03.883915,3,1,2.0,,,,,,,,,,,4.0,,,,,,,,35,25.0,,,,,,,,,,,20.0,,,,,,,,COMPLETE
815,815,0.7273106887624229,2025-01-06 21:51:37.645060,2025-01-06 21:51:46.451857,0 days 00:00:08.806797,3,1,3.0,,,,,,,,,,,13.0,,,,,,,,35,25.0,,,,,,,,,,,40.0,,,,,,,,COMPLETE
816,816,0.8788841545368755,2025-01-06 21:51:46.452360,2025-01-06 21:51:57.015779,0 days 00:00:10.563419,2,13,10.0,,,,,,,,,,,,,,,,,,,30,30.0,,,,,,,,,,,,,,,,,,,COMPLETE
817,817,0.945012503473187,2025-01-06 21:51:57.016233,2025-01-06 21:52:00.709714,0 days 00:00:03.693481,3,2,1.0,,,,,,,,,,,1.0,,,,,,,,60,30.0,,,,,,,,,,,10.0,,,,,,,,COMPLETE
818,818,0.9457874234835837,2025-01-06 21:52:00.710174,2025-01-06 21:52:05.640697,0 days 00:00:04.930523,3,3,2.0,,,,,,,,,,,2.0,,,,,,,,40,35.0,,,,,,,,,,,45.0,,,,,,,,COMPLETE
819,819,0.9413709023465668,2025-01-06 21:52:05.641178,2025-01-06 21:52:11.339225,0 days 00:00:05.698047,4,1,1.0,,,,,,,,,,,4.0,5.0,,,,,,,35,25.0,,,,,,,,,,,35.0,25.0,,,,,,,COMPLETE
820,820,0.9609316698083482,2025-01-06 21:52:11.339777,2025-01-06 21:52:14.372690,0 days 00:00:03.032913,2,1,2.0,,,,,,,,,,,,,,,,,,,40,20.0,,,,,,,,,,,,,,,,,,,COMPLETE
821,821,0.245338524767467,2025-01-06 21:52:14.373134,2025-01-06 21:52:29.717242,0 days 00:00:15.344108,14,2,3.0,14.0,11.0,5.0,3.0,,,,,,,3.0,1.0,13.0,3.0,2.0,7.0,1.0,9.0,40,20.0,35.0,45.0,45.0,55.0,,,,,,,15.0,50.0,50.0,25.0,45.0,15.0,5.0,20.0,COMPLETE
822,822,0.9413009494567917,2025-01-06 21:52:29.717957,2025-01-06 21:52:33.749259,0 days 00:00:04.031302,2,1,13.0,,,,,,,,,,,,,,,,,,,40,15.0,,,,,,,,,,,,,,,,,,,COMPLETE
823,823,0.9340937011391557,2025-01-06 21:52:33.749686,2025-01-06 21:52:39.470210,0 days 00:00:05.720524,1,1,,,,,,,,,,,,,,,,,,,,40,,,,,,,,,,,,,,,,,,,,COMPLETE
824,824,0.9515931235924993,2025-01-06 21:52:39.470662,2025-01-06 21:52:42.419409,0 days 00:00:02.948747,2,2,2.0,,,,,,,,,,,,,,,,,,,40,20.0,,,,,,,,,,,,,,,,,,,COMPLETE
825,825,0.9341511562323745,2025-01-06 21:52:42.419986,2025-01-06 21:52:48.430208,0 days 00:00:06.010222,1,1,,,,,,,,,,,,,,,,,,,,40,,,,,,,,,,,,,,,,,,,,COMPLETE
826,826,0.933687464623155,2025-01-06 21:52:48.430723,2025-01-06 21:52:54.017381,0 days 00:00:05.586658,1,1,,,,,,,,,,,,,,,,,,,,40,,,,,,,,,,,,,,,,,,,,COMPLETE
827,827,0.9524264010239858,2025-01-06 21:52:54.017818,2025-01-06 21:52:57.048161,0 days 00:00:03.030343,2,1,2.0,,,,,,,,,,,,,,,,,,,40,20.0,,,,,,,,,,,,,,,,,,,COMPLETE
828,828,0.9482295359778803,2025-01-06 21:52:57.048572,2025-01-06 21:52:59.924509,0 days 00:00:02.875937,2,1,2.0,,,,,,,,,,,,,,,,,,,40,20.0,,,,,,,,,,,,,,,,,,,COMPLETE
829,829,0.9150638376044824,2025-01-06 21:52:59.924931,2025-01-06 21:53:05.691224,0 days 00:00:05.766293,1,1,,,,,,,,,,,,,,,,,,,,40,,,,,,,,,,,,,,,,,,,,COMPLETE
830,830,0.9422070572942929,2025-01-06 21:53:05.691667,2025-01-06 21:53:09.949701,0 days 00:00:04.258034,2,2,3.0,,,,,,,,,,,,,,,,,,,60,20.0,,,,,,,,,,,,,,,,,,,COMPLETE
831,831,0.9490418653474635,2025-01-06 21:53:09.950125,2025-01-06 21:53:12.818062,0 days 00:00:02.867937,2,1,2.0,,,,,,,,,,,,,,,,,,,40,20.0,,,,,,,,,,,,,,,,,,,COMPLETE
832,832,0.9338823196980575,2025-01-06 21:53:12.818507,2025-01-06 21:53:18.548419,0 days 00:00:05.729912,1,1,,,,,,,,,,,,,,,,,,,,40,,,,,,,,,,,,,,,,,,,,COMPLETE
833,833,0.9491199073996783,2025-01-06 21:53:18.548847,2025-01-06 21:53:22.362129,0 days 00:00:03.813282,2,2,2.0,,,,,,,,,,,,,,,,,,,60,20.0,,,,,,,,,,,,,,,,,,,COMPLETE
834,834,0.9515104739054203,2025-01-06 21:53:22.362547,2025-01-06 21:53:25.515205,0 days 00:00:03.152658,2,1,2.0,,,,,,,,,,,,,,,,,,,60,20.0,,,,,,,,,,,,,,,,,,,COMPLETE
835,835,0.9541311207198785,2025-01-06 21:53:25.515632,2025-01-06 21:53:28.624716,0 days 00:00:03.109084,2,1,3.0,,,,,,,,,,,,,,,,,,,40,20.0,,,,,,,,,,,,,,,,,,,COMPLETE
836,836,0.9525371743603681,2025-01-06 21:53:28.625130,2025-01-06 21:53:32.348521,0 days 00:00:03.723391,3,1,2.0,,,,,,,,,,,1.0,,,,,,,,60,20.0,,,,,,,,,,,25.0,,,,,,,,COMPLETE
837,837,0.9567327524868701,2025-01-06 21:53:32.348957,2025-01-06 21:53:35.841950,0 days 00:00:03.492993,2,2,2.0,,,,,,,,,,,,,,,,,,,25,25.0,,,,,,,,,,,,,,,,,,,COMPLETE
838,838,0.37489421018569224,2025-01-06 21:53:35.842393,2025-01-06 21:53:53.290695,0 days 00:00:17.448302,12,1,2.0,1.0,2.0,,,,,,,,,2.0,8.0,8.0,8.0,11.0,11.0,4.0,11.0,40,20.0,30.0,35.0,,,,,,,,,30.0,35.0,20.0,60.0,55.0,20.0,25.0,5.0,COMPLETE
839,839,0.9492123800543568,2025-01-06 21:53:53.291574,2025-01-06 21:53:57.931901,0 days 00:00:04.640327,3,1,3.0,,,,,,,,,,,3.0,,,,,,,,60,25.0,,,,,,,,,,,35.0,,,,,,,,COMPLETE
840,840,0.9413553919367872,2025-01-06 21:53:57.932427,2025-01-06 21:54:01.635557,0 days 00:00:03.703130,2,2,2.0,,,,,,,,,,,,,,,,,,,60,25.0,,,,,,,,,,,,,,,,,,,COMPLETE
841,841,0.9532552954292085,2025-01-06 21:54:01.636002,2025-01-06 21:54:05.620416,0 days 00:00:03.984414,3,1,2.0,,,,,,,,,,,3.0,,,,,,,,40,25.0,,,,,,,,,,,40.0,,,,,,,,COMPLETE
842,842,0.9433432877283144,2025-01-06 21:54:05.620870,2025-01-06 21:54:09.801317,0 days 00:00:04.180447,3,1,2.0,,,,,,,,,,,2.0,,,,,,,,60,20.0,,,,,,,,,,,45.0,,,,,,,,COMPLETE
843,843,0.9506442577030813,2025-01-06 21:54:09.801823,2025-01-06 21:54:13.402140,0 days 00:00:03.600317,2,1,5.0,,,,,,,,,,,,,,,,,,,40,15.0,,,,,,,,,,,,,,,,,,,COMPLETE
844,844,0.6675640527006661,2025-01-06 21:54:13.402582,2025-01-06 21:54:23.196142,0 days 00:00:09.793560,4,2,2.0,,,,,,,,,,,3.0,7.0,,,,,,,30,25.0,,,,,,,,,,,35.0,30.0,,,,,,,COMPLETE
845,845,0.2999010227647641,2025-01-06 21:54:23.196691,2025-01-06 21:54:37.592904,0 days 00:00:14.396213,13,1,3.0,7.0,15.0,11.0,,,,,,,,2.0,4.0,7.0,14.0,9.0,1.0,7.0,6.0,60,15.0,45.0,15.0,20.0,,,,,,,,40.0,45.0,50.0,5.0,15.0,25.0,30.0,55.0,COMPLETE
846,846,0.944953618686988,2025-01-06 21:54:37.593624,2025-01-06 21:54:41.080937,0 days 00:00:03.487313,3,1,2.0,,,,,,,,,,,1.0,,,,,,,,35,25.0,,,,,,,,,,,30.0,,,,,,,,COMPLETE
847,847,0.9516609768360468,2025-01-06 21:54:41.081425,2025-01-06 21:54:44.524258,0 days 00:00:03.442833,2,1,6.0,,,,,,,,,,,,,,,,,,,40,20.0,,,,,,,,,,,,,,,,,,,COMPLETE
848,848,0.9348175778712633,2025-01-06 21:54:44.524673,2025-01-06 21:54:51.570996,0 days 00:00:07.046323,3,7,2.0,,,,,,,,,,,4.0,,,,,,,,60,25.0,,,,,,,,,,,20.0,,,,,,,,COMPLETE
849,849,0.9508777768533155,2025-01-06 21:54:51.571472,2025-01-06 21:54:54.787226,0 days 00:00:03.215754,2,1,2.0,,,,,,,,,,,,,,,,,,,35,25.0,,,,,,,,,,,,,,,,,,,COMPLETE
850,850,0.5995215921413536,2025-01-06 21:54:54.787685,2025-01-06 21:55:10.040873,0 days 00:00:15.253188,5,2,1.0,,,,,,,,,,,11.0,5.0,9.0,,,,,,40,25.0,,,,,,,,,,,10.0,40.0,15.0,,,,,,COMPLETE
851,851,0.9557983071692108,2025-01-06 21:55:10.041678,2025-01-06 21:55:13.611871,0 days 00:00:03.570193,3,1,1.0,,,,,,,,,,,3.0,,,,,,,,35,20.0,,,,,,,,,,,35.0,,,,,,,,COMPLETE
852,852,0.9615384615384616,2025-01-06 21:55:13.612419,2025-01-06 21:55:17.087924,0 days 00:00:03.475505,3,1,1.0,,,,,,,,,,,2.0,,,,,,,,60,25.0,,,,,,,,,,,25.0,,,,,,,,COMPLETE
853,853,0.9399543339701335,2025-01-06 21:55:17.088410,2025-01-06 21:55:23.692273,0 days 00:00:06.603863,1,1,,,,,,,,,,,,,,,,,,,,60,,,,,,,,,,,,,,,,,,,,COMPLETE
854,854,0.942740877883206,2025-01-06 21:55:23.692730,2025-01-06 21:55:30.201747,0 days 00:00:06.509017,4,6,1.0,,,,,,,,,,,1.0,2.0,,,,,,,60,25.0,,,,,,,,,,,25.0,15.0,,,,,,,COMPLETE
855,855,0.9499994444382716,2025-01-06 21:55:30.202260,2025-01-06 21:55:34.964861,0 days 00:00:04.762601,2,5,1.0,,,,,,,,,,,,,,,,,,,60,25.0,,,,,,,,,,,,,,,,,,,COMPLETE
856,856,0.9177217519322782,2025-01-06 21:55:34.965291,2025-01-06 21:55:41.615319,0 days 00:00:06.650028,1,1,,,,,,,,,,,,,,,,,,,,60,,,,,,,,,,,,,,,,,,,,COMPLETE
857,857,0.9295702290483503,2025-01-06 21:55:41.615768,2025-01-06 21:55:47.804413,0 days 00:00:06.188645,4,2,1.0,,,,,,,,,,,2.0,6.0,,,,,,,60,25.0,,,,,,,,,,,25.0,50.0,,,,,,,COMPLETE
858,858,0.9342216206621106,2025-01-06 21:55:47.804936,2025-01-06 21:55:51.796725,0 days 00:00:03.991789,3,2,4.0,,,,,,,,,,,2.0,,,,,,,,60,25.0,,,,,,,,,,,20.0,,,,,,,,COMPLETE
859,859,0.9423218673218673,2025-01-06 21:55:51.797173,2025-01-06 21:55:56.092445,0 days 00:00:04.295272,3,1,1.0,,,,,,,,,,,1.0,,,,,,,,60,25.0,,,,,,,,,,,25.0,,,,,,,,COMPLETE
860,860,0.943511618921455,2025-01-06 21:55:56.092915,2025-01-06 21:55:59.288965,0 days 00:00:03.196050,2,1,1.0,,,,,,,,,,,,,,,,,,,60,25.0,,,,,,,,,,,,,,,,,,,COMPLETE
861,861,0.0,2025-01-06 21:55:59.289416,2025-01-06 21:57:31.809023,0 days 00:01:32.519607,17,1,1.0,15.0,3.0,15.0,14.0,3.0,11.0,13.0,,,,2.0,10.0,14.0,11.0,6.0,6.0,5.0,9.0,55,25.0,20.0,30.0,40.0,15.0,40.0,40.0,15.0,,,,25.0,25.0,10.0,35.0,20.0,45.0,40.0,60.0,COMPLETE
862,862,0.9576087076695154,2025-01-06 21:57:31.810079,2025-01-06 21:57:36.152774,0 days 00:00:04.342695,4,1,1.0,,,,,,,,,,,2.0,1.0,,,,,,,60,25.0,,,,,,,,,,,20.0,10.0,,,,,,,COMPLETE
863,863,0.9426636444051304,2025-01-06 21:57:36.153306,2025-01-06 21:57:43.147086,0 days 00:00:06.993780,2,9,1.0,,,,,,,,,,,,,,,,,,,60,25.0,,,,,,,,,,,,,,,,,,,COMPLETE
864,864,0.9559347894588455,2025-01-06 21:57:43.147518,2025-01-06 21:57:46.988859,0 days 00:00:03.841341,3,1,1.0,,,,,,,,,,,1.0,,,,,,,,60,25.0,,,,,,,,,,,25.0,,,,,,,,COMPLETE
865,865,0.9414533200967575,2025-01-06 21:57:46.989357,2025-01-06 21:57:52.920477,0 days 00:00:05.931120,2,8,1.0,,,,,,,,,,,,,,,,,,,55,35.0,,,,,,,,,,,,,,,,,,,COMPLETE
866,866,0.9406137436126547,2025-01-06 21:57:52.920901,2025-01-06 21:57:57.286117,0 days 00:00:04.365216,3,2,1.0,,,,,,,,,,,2.0,,,,,,,,60,25.0,,,,,,,,,,,25.0,,,,,,,,COMPLETE
867,867,0.9550054305706405,2025-01-06 21:57:57.286598,2025-01-06 21:58:00.909329,0 days 00:00:03.622731,3,1,1.0,,,,,,,,,,,2.0,,,,,,,,60,25.0,,,,,,,,,,,30.0,,,,,,,,COMPLETE
868,868,0.3729394287904926,2025-01-06 21:58:00.909788,2025-01-06 21:58:15.987640,0 days 00:00:15.077852,9,1,1.0,,,,,,,,,,,9.0,9.0,12.0,6.0,10.0,12.0,12.0,,60,25.0,,,,,,,,,,,15.0,20.0,5.0,55.0,40.0,10.0,50.0,,COMPLETE
869,869,0.9509138352332408,2025-01-06 21:58:15.988304,2025-01-06 21:58:19.697750,0 days 00:00:03.709446,3,1,1.0,,,,,,,,,,,1.0,,,,,,,,55,25.0,,,,,,,,,,,30.0,,,,,,,,COMPLETE
870,870,0.9389075630252101,2025-01-06 21:58:19.698244,2025-01-06 21:58:29.772651,0 days 00:00:10.074407,1,3,,,,,,,,,,,,,,,,,,,,60,,,,,,,,,,,,,,,,,,,,COMPLETE
871,871,0.957534664448142,2025-01-06 21:58:29.773115,2025-01-06 21:58:34.045648,0 days 00:00:04.272533,3,2,1.0,,,,,,,,,,,2.0,,,,,,,,60,35.0,,,,,,,,,,,20.0,,,,,,,,COMPLETE
872,872,0.6688980402465026,2025-01-06 21:58:34.046119,2025-01-06 21:58:44.161293,0 days 00:00:10.115174,4,1,1.0,,,,,,,,,,,15.0,6.0,,,,,,,55,25.0,,,,,,,,,,,15.0,40.0,,,,,,,COMPLETE
873,873,0.560475153991945,2025-01-06 21:58:44.162113,2025-01-06 21:59:22.348927,0 days 00:00:38.186814,11,2,1.0,5.0,,,,,,,,,,2.0,5.0,3.0,2.0,12.0,4.0,14.0,1.0,60,25.0,60.0,,,,,,,,,,30.0,55.0,45.0,50.0,5.0,55.0,15.0,35.0,COMPLETE
874,874,0.9533286661999534,2025-01-06 21:59:22.349683,2025-01-06 21:59:25.643354,0 days 00:00:03.293671,2,1,2.0,,,,,,,,,,,,,,,,,,,40,30.0,,,,,,,,,,,,,,,,,,,COMPLETE
875,875,0.9442161136809877,2025-01-06 21:59:25.643798,2025-01-06 21:59:28.921316,0 days 00:00:03.277518,2,1,1.0,,,,,,,,,,,,,,,,,,,60,30.0,,,,,,,,,,,,,,,,,,,COMPLETE
876,876,0.9608013355592655,2025-01-06 21:59:28.921759,2025-01-06 21:59:33.091238,0 days 00:00:04.169479,3,1,2.0,,,,,,,,,,,4.0,,,,,,,,60,25.0,,,,,,,,,,,30.0,,,,,,,,COMPLETE
877,877,0.9472736236463358,2025-01-06 21:59:33.091687,2025-01-06 21:59:37.451216,0 days 00:00:04.359529,3,1,3.0,,,,,,,,,,,4.0,,,,,,,,60,25.0,,,,,,,,,,,30.0,,,,,,,,COMPLETE
878,878,0.950785780270905,2025-01-06 21:59:37.451673,2025-01-06 21:59:41.005632,0 days 00:00:03.553959,2,1,2.0,,,,,,,,,,,,,,,,,,,60,25.0,,,,,,,,,,,,,,,,,,,COMPLETE
879,879,0.7810557210832926,2025-01-06 21:59:41.006053,2025-01-06 21:59:47.131839,0 days 00:00:06.125786,4,2,2.0,,,,,,,,,,,3.0,4.0,,,,,,,60,35.0,,,,,,,,,,,30.0,30.0,,,,,,,COMPLETE
880,880,0.9541025298563113,2025-01-06 21:59:47.132371,2025-01-06 21:59:50.997939,0 days 00:00:03.865568,2,1,3.0,,,,,,,,,,,,,,,,,,,60,30.0,,,,,,,,,,,,,,,,,,,COMPLETE
881,881,0.9337912981087232,2025-01-06 21:59:50.998497,2025-01-06 21:59:54.870427,0 days 00:00:03.871930,3,2,2.0,,,,,,,,,,,1.0,,,,,,,,60,10.0,,,,,,,,,,,30.0,,,,,,,,COMPLETE
882,882,0.9540355677154583,2025-01-06 21:59:54.870882,2025-01-06 21:59:58.712991,0 days 00:00:03.842109,3,1,2.0,,,,,,,,,,,2.0,,,,,,,,60,25.0,,,,,,,,,,,30.0,,,,,,,,COMPLETE
883,883,0.9606274205606427,2025-01-06 21:59:58.713555,2025-01-06 22:00:02.674771,0 days 00:00:03.961216,3,1,2.0,,,,,,,,,,,4.0,,,,,,,,60,25.0,,,,,,,,,,,30.0,,,,,,,,COMPLETE
884,884,0.8808793601751195,2025-01-06 22:00:02.675278,2025-01-06 22:00:09.171898,0 days 00:00:06.496620,4,1,2.0,,,,,,,,,,,4.0,3.0,,,,,,,60,25.0,,,,,,,,,,,30.0,35.0,,,,,,,COMPLETE
885,885,0.6798029556650247,2025-01-06 22:00:09.172469,2025-01-06 22:00:18.263202,0 days 00:00:09.090733,4,1,2.0,,,,,,,,,,,4.0,7.0,,,,,,,60,25.0,,,,,,,,,,,30.0,60.0,,,,,,,COMPLETE
886,886,0.8245660294440782,2025-01-06 22:00:18.263745,2025-01-06 22:00:23.706874,0 days 00:00:05.443129,4,2,2.0,,,,,,,,,,,4.0,2.0,,,,,,,60,25.0,,,,,,,,,,,30.0,50.0,,,,,,,COMPLETE
887,887,0.95420410427066,2025-01-06 22:00:23.707404,2025-01-06 22:00:28.266171,0 days 00:00:04.558767,3,1,2.0,,,,,,,,,,,4.0,,,,,,,,55,25.0,,,,,,,,,,,30.0,,,,,,,,COMPLETE
888,888,0.9473519640414305,2025-01-06 22:00:28.266632,2025-01-06 22:00:33.069401,0 days 00:00:04.802769,3,1,2.0,,,,,,,,,,,4.0,,,,,,,,60,25.0,,,,,,,,,,,30.0,,,,,,,,COMPLETE
889,889,0.9483333333333333,2025-01-06 22:00:33.069870,2025-01-06 22:00:37.152015,0 days 00:00:04.082145,3,2,2.0,,,,,,,,,,,4.0,,,,,,,,60,25.0,,,,,,,,,,,30.0,,,,,,,,COMPLETE
890,890,0.6624596525586625,2025-01-06 22:00:37.152474,2025-01-06 22:00:44.875443,0 days 00:00:07.722969,4,1,2.0,,,,,,,,,,,4.0,8.0,,,,,,,55,25.0,,,,,,,,,,,30.0,15.0,,,,,,,COMPLETE
891,891,0.9541220074126013,2025-01-06 22:00:44.876005,2025-01-06 22:00:49.199534,0 days 00:00:04.323529,3,1,2.0,,,,,,,,,,,3.0,,,,,,,,60,25.0,,,,,,,,,,,30.0,,,,,,,,COMPLETE
892,892,0.9515830546265329,2025-01-06 22:00:49.200015,2025-01-06 22:00:53.428421,0 days 00:00:04.228406,3,2,2.0,,,,,,,,,,,3.0,,,,,,,,60,25.0,,,,,,,,,,,30.0,,,,,,,,COMPLETE
893,893,0.8801233735378557,2025-01-06 22:00:53.428866,2025-01-06 22:00:58.471605,0 days 00:00:05.042739,4,1,2.0,,,,,,,,,,,4.0,3.0,,,,,,,55,25.0,,,,,,,,,,,30.0,20.0,,,,,,,COMPLETE
894,894,0.9497425681457892,2025-01-06 22:00:58.472121,2025-01-06 22:01:03.600751,0 days 00:00:05.128630,3,3,2.0,,,,,,,,,,,3.0,,,,,,,,60,30.0,,,,,,,,,,,45.0,,,,,,,,COMPLETE
895,895,0.9573847932056887,2025-01-06 22:01:03.601256,2025-01-06 22:01:07.689241,0 days 00:00:04.087985,3,1,2.0,,,,,,,,,,,4.0,,,,,,,,60,25.0,,,,,,,,,,,35.0,,,,,,,,COMPLETE
896,896,0.9382024351083758,2025-01-06 22:01:07.689835,2025-01-06 22:01:16.256382,0 days 00:00:08.566547,4,11,2.0,,,,,,,,,,,2.0,1.0,,,,,,,60,25.0,,,,,,,,,,,30.0,35.0,,,,,,,COMPLETE
897,897,0.9464876957494407,2025-01-06 22:01:16.257031,2025-01-06 22:01:20.647041,0 days 00:00:04.390010,3,1,2.0,,,,,,,,,,,3.0,,,,,,,,60,30.0,,,,,,,,,,,35.0,,,,,,,,COMPLETE
898,898,0.6860592209856916,2025-01-06 22:01:20.647510,2025-01-06 22:01:29.933524,0 days 00:00:09.286014,3,1,15.0,,,,,,,,,,,5.0,,,,,,,,60,25.0,,,,,,,,,,,30.0,,,,,,,,COMPLETE
899,899,0.759520927040346,2025-01-06 22:01:29.934034,2025-01-06 22:01:35.269376,0 days 00:00:05.335342,4,1,3.0,,,,,,,,,,,3.0,4.0,,,,,,,60,30.0,,,,,,,,,,,35.0,30.0,,,,,,,COMPLETE
900,900,0.9499616628329499,2025-01-06 22:01:35.269883,2025-01-06 22:01:40.834156,0 days 00:00:05.564273,3,2,2.0,,,,,,,,,,,4.0,,,,,,,,55,25.0,,,,,,,,,,,25.0,,,,,,,,COMPLETE
901,901,0.9389023659191117,2025-01-06 22:01:40.834659,2025-01-06 22:01:45.634154,0 days 00:00:04.799495,3,4,2.0,,,,,,,,,,,2.0,,,,,,,,60,25.0,,,,,,,,,,,5.0,,,,,,,,COMPLETE
902,902,0.9551438591843886,2025-01-06 22:01:45.634630,2025-01-06 22:01:49.271674,0 days 00:00:03.637044,3,1,2.0,,,,,,,,,,,3.0,,,,,,,,60,25.0,,,,,,,,,,,10.0,,,,,,,,COMPLETE
903,903,0.949997777679008,2025-01-06 22:01:49.272162,2025-01-06 22:01:53.099390,0 days 00:00:03.827228,3,1,1.0,,,,,,,,,,,5.0,,,,,,,,30,30.0,,,,,,,,,,,30.0,,,,,,,,COMPLETE
904,904,0.9380234505862647,2025-01-06 22:01:53.099867,2025-01-06 22:02:04.957673,0 days 00:00:11.857806,4,12,1.0,,,,,,,,,,,1.0,8.0,,,,,,,55,25.0,,,,,,,,,,,35.0,45.0,,,,,,,COMPLETE
905,905,0.8338462078487352,2025-01-06 22:02:04.958218,2025-01-06 22:02:12.973980,0 days 00:00:08.015762,3,2,11.0,,,,,,,,,,,2.0,,,,,,,,35,25.0,,,,,,,,,,,50.0,,,,,,,,COMPLETE
906,906,0.957395309882747,2025-01-06 22:02:12.974576,2025-01-06 22:02:16.557184,0 days 00:00:03.582608,2,1,3.0,,,,,,,,,,,,,,,,,,,60,25.0,,,,,,,,,,,,,,,,,,,COMPLETE
907,907,0.6499697713289947,2025-01-06 22:02:16.557756,2025-01-06 22:02:30.461079,0 days 00:00:13.903323,4,1,2.0,,,,,,,,,,,4.0,13.0,,,,,,,35,30.0,,,,,,,,,,,30.0,55.0,,,,,,,COMPLETE
908,908,0.943439747242736,2025-01-06 22:02:30.461785,2025-01-06 22:02:34.081807,0 days 00:00:03.620022,2,1,2.0,,,,,,,,,,,,,,,,,,,60,25.0,,,,,,,,,,,,,,,,,,,COMPLETE
909,909,0.9466549628329204,2025-01-06 22:02:34.082263,2025-01-06 22:02:38.272939,0 days 00:00:04.190676,3,1,1.0,,,,,,,,,,,3.0,,,,,,,,60,30.0,,,,,,,,,,,35.0,,,,,,,,COMPLETE
910,910,0.9257078426459534,2025-01-06 22:02:38.273404,2025-01-06 22:02:42.076333,0 days 00:00:03.802929,2,2,1.0,,,,,,,,,,,,,,,,,,,35,25.0,,,,,,,,,,,,,,,,,,,COMPLETE
911,911,0.9565943238731218,2025-01-06 22:02:42.076788,2025-01-06 22:02:45.689240,0 days 00:00:03.612452,3,1,2.0,,,,,,,,,,,2.0,,,,,,,,35,25.0,,,,,,,,,,,40.0,,,,,,,,COMPLETE
912,912,0.6193588997120242,2025-01-06 22:02:45.689703,2025-01-06 22:02:59.564423,0 days 00:00:13.874720,5,1,2.0,,,,,,,,,,,4.0,11.0,2.0,,,,,,60,30.0,,,,,,,,,,,30.0,25.0,55.0,,,,,,COMPLETE
913,913,0.9423534338358459,2025-01-06 22:02:59.565014,2025-01-06 22:03:06.648499,0 days 00:00:07.083485,3,2,3.0,,,,,,,,,,,5.0,,,,,,,,55,45.0,,,,,,,,,,,15.0,,,,,,,,COMPLETE
914,914,0.93999399939994,2025-01-06 22:03:06.649012,2025-01-06 22:03:09.561140,0 days 00:00:02.912128,2,1,2.0,,,,,,,,,,,,,,,,,,,30,25.0,,,,,,,,,,,,,,,,,,,COMPLETE
915,915,0.5066001899335233,2025-01-06 22:03:09.561625,2025-01-06 22:03:28.873720,0 days 00:00:19.312095,8,2,1.0,,,,,,,,,,,2.0,6.0,10.0,5.0,8.0,5.0,,,60,25.0,,,,,,,,,,,25.0,10.0,35.0,15.0,15.0,20.0,,,COMPLETE
916,916,0.8494276812624877,2025-01-06 22:03:28.874434,2025-01-06 22:03:37.674691,0 days 00:00:08.800257,4,1,1.0,,,,,,,,,,,3.0,10.0,,,,,,,35,30.0,,,,,,,,,,,50.0,40.0,,,,,,,COMPLETE
917,917,0.916241125394076,2025-01-06 22:03:37.675491,2025-01-06 22:03:42.367781,0 days 00:00:04.692290,3,1,12.0,,,,,,,,,,,1.0,,,,,,,,20,25.0,,,,,,,,,,,40.0,,,,,,,,COMPLETE
918,918,0.6015219316875924,2025-01-06 22:03:42.368299,2025-01-06 22:04:04.939759,0 days 00:00:22.571460,7,1,1.0,,,,,,,,,,,4.0,7.0,1.0,12.0,4.0,,,,35,25.0,,,,,,,,,,,35.0,55.0,30.0,20.0,25.0,,,,COMPLETE
919,919,0.9488710139795282,2025-01-06 22:04:04.940440,2025-01-06 22:04:09.561196,0 days 00:00:04.620756,2,3,2.0,,,,,,,,,,,,,,,,,,,60,25.0,,,,,,,,,,,,,,,,,,,COMPLETE
920,920,0.9365843869155128,2025-01-06 22:04:09.561684,2025-01-06 22:04:13.710468,0 days 00:00:04.148784,3,2,2.0,,,,,,,,,,,5.0,,,,,,,,35,5.0,,,,,,,,,,,30.0,,,,,,,,COMPLETE
921,921,0.9392169262858918,2025-01-06 22:04:13.710966,2025-01-06 22:04:17.002392,0 days 00:00:03.291426,2,1,1.0,,,,,,,,,,,,,,,,,,,60,30.0,,,,,,,,,,,,,,,,,,,COMPLETE
922,922,0.9539727623625374,2025-01-06 22:04:17.002854,2025-01-06 22:04:21.932370,0 days 00:00:04.929516,4,1,1.0,,,,,,,,,,,3.0,2.0,,,,,,,60,25.0,,,,,,,,,,,45.0,20.0,,,,,,,COMPLETE
923,923,0.37597959115616764,2025-01-06 22:04:21.932888,2025-01-06 22:04:36.127235,0 days 00:00:14.194347,15,1,3.0,12.0,1.0,2.0,12.0,7.0,,,,,,4.0,9.0,5.0,7.0,7.0,9.0,8.0,4.0,35,30.0,35.0,55.0,55.0,35.0,10.0,,,,,,35.0,5.0,60.0,45.0,60.0,5.0,40.0,45.0,COMPLETE
924,924,0.9491274054782018,2025-01-06 22:04:36.128000,2025-01-06 22:04:40.669134,0 days 00:00:04.541134,3,2,1.0,,,,,,,,,,,2.0,,,,,,,,35,25.0,,,,,,,,,,,40.0,,,,,,,,COMPLETE
925,925,0.0,2025-01-06 22:04:40.669650,2025-01-06 22:07:06.197010,0 days 00:02:25.527360,18,14,2.0,4.0,5.0,1.0,8.0,11.0,15.0,10.0,11.0,,,3.0,4.0,7.0,13.0,14.0,13.0,10.0,3.0,55,25.0,40.0,5.0,5.0,45.0,55.0,25.0,55.0,30.0,,,35.0,35.0,25.0,40.0,35.0,50.0,45.0,15.0,COMPLETE
926,926,0.9573354174019731,2025-01-06 22:07:06.198168,2025-01-06 22:07:09.779835,0 days 00:00:03.581667,3,1,2.0,,,,,,,,,,,4.0,,,,,,,,30,30.0,,,,,,,,,,,25.0,,,,,,,,COMPLETE
927,927,0.9401093137525534,2025-01-06 22:07:09.780410,2025-01-06 22:07:13.156323,0 days 00:00:03.375913,2,1,1.0,,,,,,,,,,,,,,,,,,,60,20.0,,,,,,,,,,,,,,,,,,,COMPLETE
928,928,0.9532421923993477,2025-01-06 22:07:13.156790,2025-01-06 22:07:17.943518,0 days 00:00:04.786728,3,1,2.0,,,,,,,,,,,5.0,,,,,,,,60,25.0,,,,,,,,,,,30.0,,,,,,,,COMPLETE
929,929,0.8113601214745663,2025-01-06 22:07:17.944010,2025-01-06 22:07:25.802003,0 days 00:00:07.857993,3,2,9.0,,,,,,,,,,,2.0,,,,,,,,35,30.0,,,,,,,,,,,30.0,,,,,,,,COMPLETE
930,930,0.9541220074126013,2025-01-06 22:07:25.802564,2025-01-06 22:07:28.384618,0 days 00:00:02.582054,2,1,2.0,,,,,,,,,,,,,,,,,,,35,25.0,,,,,,,,,,,,,,,,,,,COMPLETE
931,931,0.9540680436202824,2025-01-06 22:07:28.385081,2025-01-06 22:07:32.312130,0 days 00:00:03.927049,3,1,1.0,,,,,,,,,,,3.0,,,,,,,,60,25.0,,,,,,,,,,,15.0,,,,,,,,COMPLETE
932,932,0.9643146394274476,2025-01-06 22:07:32.312603,2025-01-06 22:07:36.825422,0 days 00:00:04.512819,4,1,1.0,,,,,,,,,,,4.0,1.0,,,,,,,55,30.0,,,,,,,,,,,30.0,30.0,,,,,,,COMPLETE
933,933,0.940771349862259,2025-01-06 22:07:36.825942,2025-01-06 22:07:40.339981,0 days 00:00:03.514039,2,1,2.0,,,,,,,,,,,,,,,,,,,55,20.0,,,,,,,,,,,,,,,,,,,COMPLETE
934,934,0.9475469395679064,2025-01-06 22:07:40.340445,2025-01-06 22:07:44.228736,0 days 00:00:03.888291,3,1,2.0,,,,,,,,,,,4.0,,,,,,,,55,25.0,,,,,,,,,,,25.0,,,,,,,,COMPLETE
935,935,0.7939307984434338,2025-01-06 22:07:44.229201,2025-01-06 22:07:51.029708,0 days 00:00:06.800507,4,1,1.0,,,,,,,,,,,10.0,3.0,,,,,,,55,25.0,,,,,,,,,,,30.0,10.0,,,,,,,COMPLETE
936,936,0.9456706281833616,2025-01-06 22:07:51.030286,2025-01-06 22:07:54.300256,0 days 00:00:03.269970,2,1,1.0,,,,,,,,,,,,,,,,,,,55,30.0,,,,,,,,,,,,,,,,,,,COMPLETE
937,937,0.8387178067410626,2025-01-06 22:07:54.300689,2025-01-06 22:07:59.917914,0 days 00:00:05.617225,1,1,,,,,,,,,,,,,,,,,,,,50,,,,,,,,,,,,,,,,,,,,COMPLETE
938,938,0.958901761072045,2025-01-06 22:07:59.918357,2025-01-06 22:08:04.630495,0 days 00:00:04.712138,3,1,2.0,,,,,,,,,,,4.0,,,,,,,,55,25.0,,,,,,,,,,,30.0,,,,,,,,COMPLETE
939,939,0.7014230419628829,2025-01-06 22:08:04.631014,2025-01-06 22:08:12.055422,0 days 00:00:07.424408,4,1,1.0,,,,,,,,,,,4.0,12.0,,,,,,,25,20.0,,,,,,,,,,,30.0,10.0,,,,,,,COMPLETE
940,940,0.9592013311148087,2025-01-06 22:08:12.056132,2025-01-06 22:08:15.646109,0 days 00:00:03.589977,2,1,3.0,,,,,,,,,,,,,,,,,,,55,30.0,,,,,,,,,,,,,,,,,,,COMPLETE
941,941,0.8723395132659886,2025-01-06 22:08:15.646559,2025-01-06 22:08:21.148157,0 days 00:00:05.501598,3,1,7.0,,,,,,,,,,,4.0,,,,,,,,60,25.0,,,,,,,,,,,30.0,,,,,,,,COMPLETE
942,942,0.9633304536957048,2025-01-06 22:08:21.148805,2025-01-06 22:08:25.688259,0 days 00:00:04.539454,3,1,2.0,,,,,,,,,,,5.0,,,,,,,,60,25.0,,,,,,,,,,,25.0,,,,,,,,COMPLETE
943,943,0.9386900464738528,2025-01-06 22:08:25.688747,2025-01-06 22:08:30.550724,0 days 00:00:04.861977,3,1,3.0,,,,,,,,,,,5.0,,,,,,,,60,30.0,,,,,,,,,,,25.0,,,,,,,,COMPLETE
944,944,0.15713754286083975,2025-01-06 22:08:30.551228,2025-01-06 22:08:47.544331,0 days 00:00:16.993103,19,1,2.0,2.0,12.0,9.0,13.0,6.0,8.0,3.0,4.0,7.0,,5.0,11.0,11.0,5.0,1.0,3.0,13.0,7.0,60,25.0,55.0,20.0,30.0,25.0,40.0,50.0,10.0,15.0,40.0,,20.0,20.0,55.0,5.0,50.0,60.0,25.0,10.0,COMPLETE
945,945,0.9557803822053046,2025-01-06 22:08:47.545168,2025-01-06 22:08:51.299901,0 days 00:00:03.754733,2,1,3.0,,,,,,,,,,,,,,,,,,,60,25.0,,,,,,,,,,,,,,,,,,,COMPLETE
946,946,0.9540355677154583,2025-01-06 22:08:51.300366,2025-01-06 22:08:55.636430,0 days 00:00:04.336064,3,1,2.0,,,,,,,,,,,5.0,,,,,,,,60,20.0,,,,,,,,,,,25.0,,,,,,,,COMPLETE
947,947,0.6904709177749315,2025-01-06 22:08:55.636941,2025-01-06 22:09:03.315835,0 days 00:00:07.678894,4,1,2.0,,,,,,,,,,,5.0,5.0,,,,,,,60,25.0,,,,,,,,,,,25.0,15.0,,,,,,,COMPLETE
948,948,0.9406443182389305,2025-01-06 22:09:03.316411,2025-01-06 22:09:07.581168,0 days 00:00:04.264757,3,1,2.0,,,,,,,,,,,5.0,,,,,,,,60,30.0,,,,,,,,,,,20.0,,,,,,,,COMPLETE
949,949,0.9568022339770919,2025-01-06 22:09:07.581665,2025-01-06 22:09:10.898707,0 days 00:00:03.317042,2,1,2.0,,,,,,,,,,,,,,,,,,,55,25.0,,,,,,,,,,,,,,,,,,,COMPLETE
950,950,0.9166267236929431,2025-01-06 22:09:10.899162,2025-01-06 22:09:17.483025,0 days 00:00:06.583863,1,1,,,,,,,,,,,,,,,,,,,,60,,,,,,,,,,,,,,,,,,,,COMPLETE
951,951,0.9422543078169072,2025-01-06 22:09:17.483527,2025-01-06 22:09:22.196633,0 days 00:00:04.713106,3,1,2.0,,,,,,,,,,,5.0,,,,,,,,60,25.0,,,,,,,,,,,25.0,,,,,,,,COMPLETE
952,952,0.6326497897952394,2025-01-06 22:09:22.197175,2025-01-06 22:09:37.425691,0 days 00:00:15.228516,5,1,3.0,,,,,,,,,,,4.0,7.0,9.0,,,,,,60,30.0,,,,,,,,,,,15.0,25.0,15.0,,,,,,COMPLETE
953,953,0.6209051271887897,2025-01-06 22:09:37.426584,2025-01-06 22:09:49.621374,0 days 00:00:12.194790,4,1,8.0,,,,,,,,,,,4.0,8.0,,,,,,,60,25.0,,,,,,,,,,,50.0,30.0,,,,,,,COMPLETE
954,954,0.5482294335707801,2025-01-06 22:09:49.621967,2025-01-06 22:10:10.493077,0 days 00:00:20.871110,6,1,2.0,,,,,,,,,,,12.0,14.0,6.0,9.0,,,,,60,20.0,,,,,,,,,,,25.0,5.0,40.0,35.0,,,,,COMPLETE
955,955,0.9446308724832215,2025-01-06 22:10:10.493724,2025-01-06 22:10:15.506673,0 days 00:00:05.012949,3,1,2.0,,,,,,,,,,,5.0,,,,,,,,55,30.0,,,,,,,,,,,45.0,,,,,,,,COMPLETE
956,956,0.9457912457912458,2025-01-06 22:10:15.507182,2025-01-06 22:10:18.713783,0 days 00:00:03.206601,2,1,2.0,,,,,,,,,,,,,,,,,,,60,25.0,,,,,,,,,,,,,,,,,,,COMPLETE
957,957,0.9449925128698073,2025-01-06 22:10:18.714264,2025-01-06 22:10:22.089299,0 days 00:00:03.375035,2,1,2.0,,,,,,,,,,,,,,,,,,,60,20.0,,,,,,,,,,,,,,,,,,,COMPLETE
958,958,0.959070351758794,2025-01-06 22:10:22.089727,2025-01-06 22:10:26.913325,0 days 00:00:04.823598,3,1,3.0,,,,,,,,,,,3.0,,,,,,,,60,25.0,,,,,,,,,,,20.0,,,,,,,,COMPLETE
959,959,0.952972972972973,2025-01-06 22:10:26.913832,2025-01-06 22:10:30.804270,0 days 00:00:03.890438,3,1,2.0,,,,,,,,,,,4.0,,,,,,,,50,25.0,,,,,,,,,,,25.0,,,,,,,,COMPLETE
960,960,0.9516654583031243,2025-01-06 22:10:30.804779,2025-01-06 22:10:34.049804,0 days 00:00:03.245025,2,1,2.0,,,,,,,,,,,,,,,,,,,60,25.0,,,,,,,,,,,,,,,,,,,COMPLETE
961,961,0.9255159539134619,2025-01-06 22:10:34.050255,2025-01-06 22:10:39.769164,0 days 00:00:05.718909,4,1,3.0,,,,,,,,,,,3.0,2.0,,,,,,,55,30.0,,,,,,,,,,,30.0,15.0,,,,,,,COMPLETE
962,962,0.9197118220803951,2025-01-06 22:10:39.769853,2025-01-06 22:10:45.572320,0 days 00:00:05.802467,1,1,,,,,,,,,,,,,,,,,,,,60,,,,,,,,,,,,,,,,,,,,COMPLETE
963,963,0.9614740368509213,2025-01-06 22:10:45.572873,2025-01-06 22:10:49.683146,0 days 00:00:04.110273,3,1,2.0,,,,,,,,,,,4.0,,,,,,,,55,25.0,,,,,,,,,,,10.0,,,,,,,,COMPLETE
964,964,0.95397836450928,2025-01-06 22:10:49.683659,2025-01-06 22:10:53.316497,0 days 00:00:03.632838,2,1,2.0,,,,,,,,,,,,,,,,,,,55,15.0,,,,,,,,,,,,,,,,,,,COMPLETE
965,965,0.9422246250553243,2025-01-06 22:10:53.316931,2025-01-06 22:10:56.969426,0 days 00:00:03.652495,3,1,2.0,,,,,,,,,,,4.0,,,,,,,,55,20.0,,,,,,,,,,,5.0,,,,,,,,COMPLETE
966,966,0.8344840658961928,2025-01-06 22:10:56.969924,2025-01-06 22:11:15.956731,0 days 00:00:18.986807,3,15,2.0,,,,,,,,,,,5.0,,,,,,,,55,25.0,,,,,,,,,,,50.0,,,,,,,,COMPLETE
967,967,0.6308777429467085,2025-01-06 22:11:15.957312,2025-01-06 22:11:23.574095,0 days 00:00:07.616783,4,1,3.0,,,,,,,,,,,4.0,9.0,,,,,,,55,25.0,,,,,,,,,,,10.0,30.0,,,,,,,COMPLETE
968,968,0.947361809045226,2025-01-06 22:11:23.574687,2025-01-06 22:11:26.713583,0 days 00:00:03.138896,2,1,2.0,,,,,,,,,,,,,,,,,,,55,30.0,,,,,,,,,,,,,,,,,,,COMPLETE
969,969,0.9422048885452039,2025-01-06 22:11:26.714019,2025-01-06 22:11:31.393719,0 days 00:00:04.679700,3,1,3.0,,,,,,,,,,,4.0,,,,,,,,55,30.0,,,,,,,,,,,10.0,,,,,,,,COMPLETE
970,970,0.950968794051798,2025-01-06 22:11:31.394233,2025-01-06 22:11:34.840891,0 days 00:00:03.446658,2,1,2.0,,,,,,,,,,,,,,,,,,,55,25.0,,,,,,,,,,,,,,,,,,,COMPLETE
971,971,0.5986911113462208,2025-01-06 22:11:34.841360,2025-01-06 22:11:50.908854,0 days 00:00:16.067494,4,10,2.0,,,,,,,,,,,4.0,6.0,,,,,,,55,20.0,,,,,,,,,,,10.0,40.0,,,,,,,COMPLETE
972,972,0.7557313804817262,2025-01-06 22:11:50.909606,2025-01-06 22:11:56.540317,0 days 00:00:05.630711,3,1,2.0,,,,,,,,,,,14.0,,,,,,,,55,25.0,,,,,,,,,,,10.0,,,,,,,,COMPLETE
973,973,0.9184319825775842,2025-01-06 22:11:56.540946,2025-01-06 22:12:04.628162,0 days 00:00:08.087216,1,2,,,,,,,,,,,,,,,,,,,,55,,,,,,,,,,,,,,,,,,,,COMPLETE
974,974,0.9550493974836081,2025-01-06 22:12:04.628621,2025-01-06 22:12:08.037602,0 days 00:00:03.408981,2,1,2.0,,,,,,,,,,,,,,,,,,,55,30.0,,,,,,,,,,,,,,,,,,,COMPLETE
975,975,0.9178076021070354,2025-01-06 22:12:08.038081,2025-01-06 22:12:13.882599,0 days 00:00:05.844518,3,2,3.0,,,,,,,,,,,4.0,,,,,,,,55,25.0,,,,,,,,,,,10.0,,,,,,,,COMPLETE
976,976,0.6462477935213015,2025-01-06 22:12:13.883197,2025-01-06 22:12:21.013622,0 days 00:00:07.130425,4,1,2.0,,,,,,,,,,,5.0,5.0,,,,,,,50,30.0,,,,,,,,,,,5.0,25.0,,,,,,,COMPLETE
977,977,0.9515050167224081,2025-01-06 22:12:21.014205,2025-01-06 22:12:24.729501,0 days 00:00:03.715296,3,1,2.0,,,,,,,,,,,5.0,,,,,,,,60,20.0,,,,,,,,,,,5.0,,,,,,,,COMPLETE
978,978,0.944996180290298,2025-01-06 22:12:24.729973,2025-01-06 22:12:31.230361,0 days 00:00:06.500388,2,7,3.0,,,,,,,,,,,,,,,,,,,60,25.0,,,,,,,,,,,,,,,,,,,COMPLETE
979,979,0.9658041179744018,2025-01-06 22:12:31.230831,2025-01-06 22:12:34.565961,0 days 00:00:03.335130,2,1,2.0,,,,,,,,,,,,,,,,,,,60,25.0,,,,,,,,,,,,,,,,,,,COMPLETE
980,980,0.9097814996391509,2025-01-06 22:12:34.566422,2025-01-06 22:12:41.061050,0 days 00:00:06.494628,1,1,,,,,,,,,,,,,,,,,,,,55,,,,,,,,,,,,,,,,,,,,COMPLETE
981,981,0.8683541723294373,2025-01-06 22:12:41.061526,2025-01-06 22:12:49.085580,0 days 00:00:08.024054,1,2,,,,,,,,,,,,,,,,,,,,55,,,,,,,,,,,,,,,,,,,,COMPLETE
982,982,0.9210535817446563,2025-01-06 22:12:49.086044,2025-01-06 22:12:55.410031,0 days 00:00:06.323987,1,1,,,,,,,,,,,,,,,,,,,,50,,,,,,,,,,,,,,,,,,,,COMPLETE
983,983,0.9618545246529229,2025-01-06 22:12:55.410500,2025-01-06 22:12:59.111935,0 days 00:00:03.701435,2,1,2.0,,,,,,,,,,,,,,,,,,,60,25.0,,,,,,,,,,,,,,,,,,,COMPLETE
984,984,0.9269638029098735,2025-01-06 22:12:59.112402,2025-01-06 22:13:07.436567,0 days 00:00:08.324165,1,2,,,,,,,,,,,,,,,,,,,,60,,,,,,,,,,,,,,,,,,,,COMPLETE
985,985,0.9156486329261198,2025-01-06 22:13:07.437282,2025-01-06 22:13:13.974484,0 days 00:00:06.537202,1,1,,,,,,,,,,,,,,,,,,,,60,,,,,,,,,,,,,,,,,,,,COMPLETE
986,986,0.9567327524868701,2025-01-06 22:13:13.974983,2025-01-06 22:13:17.382097,0 days 00:00:03.407114,2,1,2.0,,,,,,,,,,,,,,,,,,,60,30.0,,,,,,,,,,,,,,,,,,,COMPLETE
987,987,0.95,2025-01-06 22:13:17.382536,2025-01-06 22:13:20.568078,0 days 00:00:03.185542,2,1,2.0,,,,,,,,,,,,,,,,,,,60,25.0,,,,,,,,,,,,,,,,,,,COMPLETE
988,988,0.9489375171571511,2025-01-06 22:13:20.568524,2025-01-06 22:13:24.163096,0 days 00:00:03.594572,2,2,2.0,,,,,,,,,,,,,,,,,,,60,25.0,,,,,,,,,,,,,,,,,,,COMPLETE
989,989,0.9373563218390805,2025-01-06 22:13:24.163535,2025-01-06 22:13:30.857615,0 days 00:00:06.694080,1,1,,,,,,,,,,,,,,,,,,,,60,,,,,,,,,,,,,,,,,,,,COMPLETE
990,990,0.9534199925246065,2025-01-06 22:13:30.858072,2025-01-06 22:13:34.330174,0 days 00:00:03.472102,2,1,3.0,,,,,,,,,,,,,,,,,,,60,30.0,,,,,,,,,,,,,,,,,,,COMPLETE
991,991,0.9346997392674391,2025-01-06 22:13:34.330620,2025-01-06 22:13:40.571114,0 days 00:00:06.240494,2,1,14.0,,,,,,,,,,,,,,,,,,,60,20.0,,,,,,,,,,,,,,,,,,,COMPLETE
992,992,0.9364084579911013,2025-01-06 22:13:40.571565,2025-01-06 22:13:49.259216,0 days 00:00:08.687651,2,11,2.0,,,,,,,,,,,,,,,,,,,60,25.0,,,,,,,,,,,,,,,,,,,COMPLETE
993,993,0.8894704293200534,2025-01-06 22:13:49.259680,2025-01-06 22:13:55.799976,0 days 00:00:06.540296,1,1,,,,,,,,,,,,,,,,,,,,60,,,,,,,,,,,,,,,,,,,,COMPLETE
994,994,0.9489532388811392,2025-01-06 22:13:55.800459,2025-01-06 22:13:59.556382,0 days 00:00:03.755923,2,6,2.0,,,,,,,,,,,,,,,,,,,60,25.0,,,,,,,,,,,,,,,,,,,COMPLETE
995,995,0.9456785780100854,2025-01-06 22:13:59.556800,2025-01-06 22:14:02.886205,0 days 00:00:03.329405,2,1,2.0,,,,,,,,,,,,,,,,,,,60,30.0,,,,,,,,,,,,,,,,,,,COMPLETE
996,996,0.9557264184129856,2025-01-06 22:14:02.886650,2025-01-06 22:14:07.157907,0 days 00:00:04.271257,2,2,2.0,,,,,,,,,,,,,,,,,,,55,25.0,,,,,,,,,,,,,,,,,,,COMPLETE
997,997,0.9599425839987736,2025-01-06 22:14:07.158390,2025-01-06 22:14:10.947571,0 days 00:00:03.789181,2,1,3.0,,,,,,,,,,,,,,,,,,,60,25.0,,,,,,,,,,,,,,,,,,,COMPLETE
998,998,0.9253287275007246,2025-01-06 22:14:10.948162,2025-01-06 22:14:16.780514,0 days 00:00:05.832352,1,1,,,,,,,,,,,,,,,,,,,,50,,,,,,,,,,,,,,,,,,,,COMPLETE
999,999,0.950785780270905,2025-01-06 22:14:16.781153,2025-01-06 22:14:20.005770,0 days 00:00:03.224617,2,2,2.0,,,,,,,,,,,,,,,,,,,60,30.0,,,,,,,,,,,,,,,,,,,COMPLETE
