,number,value,datetime_start,datetime_complete,duration,params_depth,params_grids_0,params_grids_1,params_grids_10,params_grids_11,params_grids_12,params_grids_13,params_grids_14,params_grids_15,params_grids_16,params_grids_17,params_grids_18,params_grids_19,params_grids_2,params_grids_3,params_grids_4,params_grids_5,params_grids_6,params_grids_7,params_grids_8,params_grids_9,params_neurons_layer_0,params_neurons_layer_1,params_neurons_layer_10,params_neurons_layer_11,params_neurons_layer_12,params_neurons_layer_13,params_neurons_layer_14,params_neurons_layer_15,params_neurons_layer_16,params_neurons_layer_17,params_neurons_layer_18,params_neurons_layer_19,params_neurons_layer_2,params_neurons_layer_3,params_neurons_layer_4,params_neurons_layer_5,params_neurons_layer_6,params_neurons_layer_7,params_neurons_layer_8,params_neurons_layer_9,state
0,0,0.26916221033868093,2025-01-05 13:25:10.206688,2025-01-05 13:25:14.536565,0 days 00:00:04.329877,14,2,1.0,2.0,14.0,7.0,1.0,,,,,,,13.0,3.0,10.0,7.0,12.0,10.0,2.0,1.0,60,50.0,50.0,25.0,55.0,25.0,,,,,,,55.0,60.0,30.0,60.0,30.0,55.0,15.0,60.0,COMPLETE
1,1,0.6740890688259109,2025-01-05 13:25:14.537366,2025-01-05 13:25:21.937328,0 days 00:00:07.399962,1,14,,,,,,,,,,,,,,,,,,,,40,,,,,,,,,,,,,,,,,,,,COMPLETE
2,2,0.4825396825396825,2025-01-05 13:25:21.937644,2025-01-05 13:25:33.347721,0 days 00:00:11.410077,3,14,7.0,,,,,,,,,,,14.0,,,,,,,,60,10.0,,,,,,,,,,,45.0,,,,,,,,COMPLETE
3,3,0.29263746505125815,2025-01-05 13:25:33.348121,2025-01-05 13:25:38.842329,0 days 00:00:05.494208,9,2,11.0,,,,,,,,,,,5.0,1.0,10.0,12.0,12.0,8.0,2.0,,5,55.0,,,,,,,,,,,30.0,25.0,35.0,60.0,30.0,40.0,15.0,,COMPLETE
4,4,0.37293469708890636,2025-01-05 13:25:38.842909,2025-01-05 13:25:44.592218,0 days 00:00:05.749309,12,11,4.0,9.0,13.0,,,,,,,,,4.0,10.0,7.0,12.0,13.0,1.0,11.0,9.0,5,35.0,35.0,50.0,,,,,,,,,55.0,45.0,60.0,5.0,40.0,35.0,50.0,40.0,COMPLETE
5,5,0.7414634146341463,2025-01-05 13:25:44.592741,2025-01-05 13:25:49.550110,0 days 00:00:04.957369,1,7,,,,,,,,,,,,,,,,,,,,35,,,,,,,,,,,,,,,,,,,,COMPLETE
6,6,0.3333333333333333,2025-01-05 13:25:49.550403,2025-01-05 13:26:00.979765,0 days 00:00:11.429362,12,12,11.0,3.0,15.0,,,,,,,,,11.0,2.0,14.0,2.0,12.0,7.0,3.0,10.0,55,35.0,50.0,25.0,,,,,,,,,10.0,5.0,45.0,40.0,35.0,10.0,45.0,50.0,COMPLETE
7,7,0.39,2025-01-05 13:26:00.980332,2025-01-05 13:26:06.319708,0 days 00:00:05.339376,3,11,12.0,,,,,,,,,,,5.0,,,,,,,,10,10.0,,,,,,,,,,,25.0,,,,,,,,COMPLETE
8,8,0.0,2025-01-05 13:26:06.320076,2025-01-05 13:26:33.482678,0 days 00:00:27.162602,16,15,7.0,13.0,4.0,4.0,3.0,14.0,7.0,,,,,13.0,1.0,11.0,15.0,7.0,14.0,8.0,5.0,10,20.0,55.0,5.0,15.0,10.0,20.0,25.0,,,,,60.0,20.0,55.0,55.0,10.0,25.0,15.0,20.0,COMPLETE
9,9,0.42012195121951224,2025-01-05 13:26:33.483346,2025-01-05 13:26:39.264548,0 days 00:00:05.781202,11,7,11.0,7.0,,,,,,,,,,15.0,12.0,12.0,6.0,5.0,9.0,5.0,14.0,10,10.0,5.0,,,,,,,,,,40.0,15.0,25.0,25.0,20.0,40.0,45.0,50.0,COMPLETE
10,10,0.507051282051282,2025-01-05 13:26:39.265053,2025-01-05 13:26:54.114979,0 days 00:00:14.849926,7,6,15.0,,,,,,,,,,,1.0,15.0,2.0,2.0,1.0,,,,30,60.0,,,,,,,,,,,5.0,45.0,5.0,5.0,60.0,,,,COMPLETE
11,11,0.705810147299509,2025-01-05 13:26:54.115404,2025-01-05 13:26:58.110353,0 days 00:00:03.994949,1,5,,,,,,,,,,,,,,,,,,,,40,,,,,,,,,,,,,,,,,,,,COMPLETE
12,12,0.4445454545454546,2025-01-05 13:26:58.110646,2025-01-05 13:27:11.351622,0 days 00:00:13.240976,6,5,1.0,,,,,,,,,,,9.0,6.0,1.0,10.0,,,,,35,25.0,,,,,,,,,,,20.0,40.0,5.0,25.0,,,,,COMPLETE
13,13,0.0,2025-01-05 13:27:11.352032,2025-01-05 13:27:45.059284,0 days 00:00:33.707252,20,4,15.0,15.0,1.0,14.0,15.0,1.0,15.0,9.0,5.0,8.0,13.0,1.0,6.0,5.0,5.0,1.0,1.0,15.0,15.0,45,45.0,10.0,60.0,5.0,60.0,60.0,60.0,40.0,40.0,25.0,15.0,40.0,60.0,20.0,40.0,60.0,5.0,30.0,10.0,COMPLETE
14,14,0.8357963875205254,2025-01-05 13:27:45.060166,2025-01-05 13:27:49.519809,0 days 00:00:04.459643,1,9,,,,,,,,,,,,,,,,,,,,25,,,,,,,,,,,,,,,,,,,,COMPLETE
15,15,0.27134146341463417,2025-01-05 13:27:49.520114,2025-01-05 13:28:01.113945,0 days 00:00:11.593831,4,9,4.0,,,,,,,,,,,8.0,15.0,,,,,,,25,25.0,,,,,,,,,,,15.0,5.0,,,,,,,COMPLETE
16,16,0.3380952380952381,2025-01-05 13:28:01.114321,2025-01-05 13:28:14.838821,0 days 00:00:13.724500,6,9,4.0,,,,,,,,,,,8.0,9.0,15.0,14.0,,,,,20,40.0,,,,,,,,,,,45.0,30.0,45.0,15.0,,,,,COMPLETE
17,17,0.3142857142857143,2025-01-05 13:28:14.839239,2025-01-05 13:28:20.081668,0 days 00:00:05.242429,8,8,9.0,,,,,,,,,,,11.0,5.0,4.0,9.0,15.0,15.0,,,20,5.0,,,,,,,,,,,30.0,50.0,20.0,45.0,45.0,60.0,,,COMPLETE
18,18,0.24543610547667344,2025-01-05 13:28:20.082115,2025-01-05 13:28:32.974276,0 days 00:00:12.892161,4,10,13.0,,,,,,,,,,,6.0,13.0,,,,,,,30,20.0,,,,,,,,,,,5.0,15.0,,,,,,,COMPLETE
19,19,0.7543103448275862,2025-01-05 13:28:32.974647,2025-01-05 13:28:38.202404,0 days 00:00:05.227757,1,7,,,,,,,,,,,,,,,,,,,,50,,,,,,,,,,,,,,,,,,,,COMPLETE
20,20,0.0,2025-01-05 13:28:38.202702,2025-01-05 13:29:08.896125,0 days 00:00:30.693423,18,4,8.0,9.0,8.0,15.0,12.0,6.0,1.0,1.0,15.0,,,3.0,8.0,7.0,4.0,5.0,4.0,15.0,3.0,50,60.0,25.0,5.0,60.0,60.0,5.0,5.0,5.0,5.0,,,20.0,30.0,45.0,30.0,5.0,20.0,60.0,25.0,COMPLETE
21,21,0.7661169415292354,2025-01-05 13:29:08.896824,2025-01-05 13:29:13.447987,0 days 00:00:04.551163,1,7,,,,,,,,,,,,,,,,,,,,50,,,,,,,,,,,,,,,,,,,,COMPLETE
22,22,0.5380200860832138,2025-01-05 13:29:13.448309,2025-01-05 13:29:20.633191,0 days 00:00:07.184882,3,8,5.0,,,,,,,,,,,10.0,,,,,,,,50,45.0,,,,,,,,,,,35.0,,,,,,,,COMPLETE
23,23,0.31785714285714284,2025-01-05 13:29:20.633702,2025-01-05 13:29:35.268992,0 days 00:00:14.635290,5,7,2.0,,,,,,,,,,,7.0,11.0,4.0,,,,,,50,30.0,,,,,,,,,,,50.0,35.0,15.0,,,,,,COMPLETE
24,24,0.07692307692307693,2025-01-05 13:29:35.269400,2025-01-05 13:29:41.421041,0 days 00:00:06.151641,1,9,,,,,,,,,,,,,,,,,,,,45,,,,,,,,,,,,,,,,,,,,COMPLETE
25,25,0.8075980392156863,2025-01-05 13:29:41.421345,2025-01-05 13:29:44.708990,0 days 00:00:03.287645,2,5,9.0,,,,,,,,,,,,,,,,,,,20,50.0,,,,,,,,,,,,,,,,,,,COMPLETE
26,26,0.6914715719063544,2025-01-05 13:29:44.709313,2025-01-05 13:29:48.520354,0 days 00:00:03.811041,3,1,9.0,,,,,,,,,,,3.0,,,,,,,,20,50.0,,,,,,,,,,,60.0,,,,,,,,COMPLETE
27,27,0.1530214424951267,2025-01-05 13:29:48.520684,2025-01-05 13:29:52.274477,0 days 00:00:03.753793,9,4,6.0,,,,,,,,,,,12.0,4.0,13.0,12.0,9.0,11.0,10.0,,25,40.0,,,,,,,,,,,15.0,55.0,35.0,50.0,50.0,45.0,5.0,,COMPLETE
28,28,0.32646276595744683,2025-01-05 13:29:52.274933,2025-01-05 13:30:03.891262,0 days 00:00:11.616329,5,6,13.0,,,,,,,,,,,15.0,8.0,8.0,,,,,,15,55.0,,,,,,,,,,,35.0,10.0,55.0,,,,,,COMPLETE
29,29,0.2857142857142857,2025-01-05 13:30:03.891693,2025-01-05 13:30:08.170100,0 days 00:00:04.278407,14,2,9.0,5.0,9.0,1.0,7.0,,,,,,,2.0,13.0,9.0,4.0,9.0,5.0,6.0,6.0,25,45.0,30.0,40.0,35.0,40.0,,,,,,,25.0,40.0,10.0,15.0,20.0,20.0,30.0,10.0,COMPLETE
30,30,0.7953488372093023,2025-01-05 13:30:08.170667,2025-01-05 13:30:11.461607,0 days 00:00:03.290940,2,10,3.0,,,,,,,,,,,,,,,,,,,15,55.0,,,,,,,,,,,,,,,,,,,COMPLETE
31,31,0.8561844863731656,2025-01-05 13:30:11.461927,2025-01-05 13:30:15.643688,0 days 00:00:04.181761,2,10,3.0,,,,,,,,,,,,,,,,,,,15,50.0,,,,,,,,,,,,,,,,,,,COMPLETE
32,32,0.7951505016722409,2025-01-05 13:30:15.644029,2025-01-05 13:30:19.829856,0 days 00:00:04.185827,2,12,3.0,,,,,,,,,,,,,,,,,,,15,55.0,,,,,,,,,,,,,,,,,,,COMPLETE
33,33,0.34705882352941175,2025-01-05 13:30:19.830193,2025-01-05 13:30:31.084888,0 days 00:00:11.254695,4,10,6.0,,,,,,,,,,,10.0,7.0,,,,,,,15,50.0,,,,,,,,,,,50.0,20.0,,,,,,,COMPLETE
34,34,0.7627551020408163,2025-01-05 13:30:31.085276,2025-01-05 13:30:36.244688,0 days 00:00:05.159412,2,13,2.0,,,,,,,,,,,,,,,,,,,20,60.0,,,,,,,,,,,,,,,,,,,COMPLETE
35,35,0.8622222222222222,2025-01-05 13:30:36.245030,2025-01-05 13:30:40.190384,0 days 00:00:03.945354,2,10,5.0,,,,,,,,,,,,,,,,,,,15,40.0,,,,,,,,,,,,,,,,,,,COMPLETE
36,36,0.3069852941176471,2025-01-05 13:30:40.190714,2025-01-05 13:30:51.611901,0 days 00:00:11.421187,5,12,5.0,,,,,,,,,,,6.0,4.0,6.0,,,,,,5,40.0,,,,,,,,,,,10.0,55.0,40.0,,,,,,COMPLETE
37,37,0.2186932849364791,2025-01-05 13:30:51.612372,2025-01-05 13:31:07.203651,0 days 00:00:15.591279,7,11,1.0,,,,,,,,,,,7.0,10.0,2.0,1.0,4.0,,,,25,50.0,,,,,,,,,,,25.0,35.0,60.0,15.0,20.0,,,,COMPLETE
38,38,0.84,2025-01-05 13:31:07.204273,2025-01-05 13:31:12.011353,0 days 00:00:04.807080,2,9,7.0,,,,,,,,,,,,,,,,,,,30,45.0,,,,,,,,,,,,,,,,,,,COMPLETE
39,39,0.4365079365079365,2025-01-05 13:31:12.011713,2025-01-05 13:31:17.768994,0 days 00:00:05.757281,3,11,7.0,,,,,,,,,,,9.0,,,,,,,,30,30.0,,,,,,,,,,,40.0,,,,,,,,COMPLETE
40,40,0.1674937965260546,2025-01-05 13:31:17.769369,2025-01-05 13:31:21.675679,0 days 00:00:03.906310,9,13,5.0,,,,,,,,,,,13.0,14.0,15.0,8.0,15.0,13.0,12.0,,35,40.0,,,,,,,,,,,55.0,25.0,25.0,35.0,50.0,50.0,60.0,,COMPLETE
41,41,0.7708333333333333,2025-01-05 13:31:21.676167,2025-01-05 13:31:26.083104,0 days 00:00:04.406937,2,9,8.0,,,,,,,,,,,,,,,,,,,20,45.0,,,,,,,,,,,,,,,,,,,COMPLETE
42,42,0.39703989703989706,2025-01-05 13:31:26.083449,2025-01-05 13:31:36.763254,0 days 00:00:10.679805,4,10,10.0,,,,,,,,,,,4.0,11.0,,,,,,,10,50.0,,,,,,,,,,,50.0,50.0,,,,,,,COMPLETE
43,43,0.8452380952380952,2025-01-05 13:31:36.763647,2025-01-05 13:31:41.637358,0 days 00:00:04.873711,2,8,6.0,,,,,,,,,,,,,,,,,,,25,35.0,,,,,,,,,,,,,,,,,,,COMPLETE
44,44,0.5219858156028369,2025-01-05 13:31:41.637696,2025-01-05 13:31:47.852163,0 days 00:00:06.214467,3,8,6.0,,,,,,,,,,,14.0,,,,,,,,30,35.0,,,,,,,,,,,45.0,,,,,,,,COMPLETE
45,45,0.7944444444444445,2025-01-05 13:31:47.852526,2025-01-05 13:31:52.780068,0 days 00:00:04.927542,1,9,,,,,,,,,,,,,,,,,,,,35,,,,,,,,,,,,,,,,,,,,COMPLETE
46,46,0.3741109530583215,2025-01-05 13:31:52.780388,2025-01-05 13:32:07.788203,0 days 00:00:15.007815,6,11,3.0,,,,,,,,,,,2.0,6.0,12.0,10.0,,,,,25,35.0,,,,,,,,,,,10.0,10.0,50.0,50.0,,,,,COMPLETE
47,47,0.26737967914438504,2025-01-05 13:32:07.788673,2025-01-05 13:32:15.731421,0 days 00:00:07.942748,13,10,6.0,11.0,9.0,10.0,,,,,,,,12.0,3.0,1.0,14.0,10.0,4.0,8.0,12.0,40,30.0,20.0,35.0,30.0,,,,,,,,30.0,40.0,15.0,20.0,10.0,25.0,35.0,35.0,COMPLETE
48,48,0.34803528468323974,2025-01-05 13:32:15.732002,2025-01-05 13:32:25.808406,0 days 00:00:10.076404,4,8,7.0,,,,,,,,,,,14.0,8.0,,,,,,,5,40.0,,,,,,,,,,,60.0,25.0,,,,,,,COMPLETE
49,49,0.823076923076923,2025-01-05 13:32:25.808807,2025-01-05 13:32:29.842547,0 days 00:00:04.033740,2,9,4.0,,,,,,,,,,,,,,,,,,,15,45.0,,,,,,,,,,,,,,,,,,,COMPLETE
50,50,0.4337979094076655,2025-01-05 13:32:29.842958,2025-01-05 13:32:34.807685,0 days 00:00:04.964727,3,6,8.0,,,,,,,,,,,4.0,,,,,,,,10,25.0,,,,,,,,,,,20.0,,,,,,,,COMPLETE
51,51,0.7962264150943397,2025-01-05 13:32:34.808181,2025-01-05 13:32:38.898836,0 days 00:00:04.090655,2,9,4.0,,,,,,,,,,,,,,,,,,,15,45.0,,,,,,,,,,,,,,,,,,,COMPLETE
52,52,0.7777777777777778,2025-01-05 13:32:38.899197,2025-01-05 13:32:42.864629,0 days 00:00:03.965432,1,8,,,,,,,,,,,,,,,,,,,,25,,,,,,,,,,,,,,,,,,,,COMPLETE
53,53,0.7341666666666666,2025-01-05 13:32:42.864945,2025-01-05 13:32:46.875525,0 days 00:00:04.010580,2,11,5.0,,,,,,,,,,,,,,,,,,,10,35.0,,,,,,,,,,,,,,,,,,,COMPLETE
54,54,0.5705996131528046,2025-01-05 13:32:46.875860,2025-01-05 13:32:55.663159,0 days 00:00:08.787299,5,10,4.0,,,,,,,,,,,5.0,3.0,3.0,,,,,,30,40.0,,,,,,,,,,,55.0,60.0,30.0,,,,,,COMPLETE
55,55,0.7968253968253969,2025-01-05 13:32:55.663568,2025-01-05 13:32:59.345989,0 days 00:00:03.682421,1,9,,,,,,,,,,,,,,,,,,,,15,,,,,,,,,,,,,,,,,,,,COMPLETE
56,56,0.6660869565217391,2025-01-05 13:32:59.346314,2025-01-05 13:33:04.445871,0 days 00:00:05.099557,3,9,2.0,,,,,,,,,,,11.0,,,,,,,,20,45.0,,,,,,,,,,,15.0,,,,,,,,COMPLETE
57,57,0.48404255319148937,2025-01-05 13:33:04.446249,2025-01-05 13:33:14.346977,0 days 00:00:09.900728,4,7,7.0,,,,,,,,,,,6.0,13.0,,,,,,,35,55.0,,,,,,,,,,,5.0,55.0,,,,,,,COMPLETE
58,58,0.737689829728486,2025-01-05 13:33:14.347373,2025-01-05 13:33:18.031783,0 days 00:00:03.684410,1,8,,,,,,,,,,,,,,,,,,,,25,,,,,,,,,,,,,,,,,,,,COMPLETE
59,59,0.4605263157894737,2025-01-05 13:33:18.032109,2025-01-05 13:33:32.740741,0 days 00:00:14.708632,7,10,3.0,,,,,,,,,,,9.0,1.0,8.0,3.0,4.0,,,,20,35.0,,,,,,,,,,,35.0,20.0,40.0,35.0,25.0,,,,COMPLETE
60,60,0.8339622641509434,2025-01-05 13:33:32.741214,2025-01-05 13:33:38.659065,0 days 00:00:05.917851,2,11,5.0,,,,,,,,,,,,,,,,,,,40,40.0,,,,,,,,,,,,,,,,,,,COMPLETE
61,61,0.7903861308116626,2025-01-05 13:33:38.659412,2025-01-05 13:33:45.052250,0 days 00:00:06.392838,2,11,5.0,,,,,,,,,,,,,,,,,,,40,40.0,,,,,,,,,,,,,,,,,,,COMPLETE
62,62,0.7931432973805855,2025-01-05 13:33:45.052601,2025-01-05 13:33:50.396352,0 days 00:00:05.343751,1,12,,,,,,,,,,,,,,,,,,,,30,,,,,,,,,,,,,,,,,,,,COMPLETE
63,63,0.487736900780379,2025-01-05 13:33:50.396678,2025-01-05 13:33:57.234824,0 days 00:00:06.838146,3,9,4.0,,,,,,,,,,,15.0,,,,,,,,45,45.0,,,,,,,,,,,45.0,,,,,,,,COMPLETE
64,64,0.32634032634032634,2025-01-05 13:33:57.235201,2025-01-05 13:34:12.323234,0 days 00:00:15.088033,4,13,6.0,,,,,,,,,,,13.0,9.0,,,,,,,35,35.0,,,,,,,,,,,25.0,45.0,,,,,,,COMPLETE
65,65,0.8421985815602837,2025-01-05 13:34:12.323831,2025-01-05 13:34:16.261214,0 days 00:00:03.937383,2,8,5.0,,,,,,,,,,,,,,,,,,,15,50.0,,,,,,,,,,,,,,,,,,,COMPLETE
66,66,0.0,2025-01-05 13:34:16.261562,2025-01-05 13:34:47.246744,0 days 00:00:30.985182,17,7,5.0,1.0,5.0,10.0,7.0,14.0,15.0,15.0,,,,2.0,2.0,5.0,7.0,7.0,12.0,13.0,7.0,40,50.0,40.0,15.0,40.0,5.0,55.0,60.0,55.0,,,,40.0,10.0,15.0,10.0,55.0,10.0,25.0,5.0,COMPLETE
67,67,0.7584541062801933,2025-01-05 13:34:47.247420,2025-01-05 13:34:50.567259,0 days 00:00:03.319839,2,6,7.0,,,,,,,,,,,,,,,,,,,10,40.0,,,,,,,,,,,,,,,,,,,COMPLETE
68,68,0.41000000000000003,2025-01-05 13:34:50.567617,2025-01-05 13:34:57.060613,0 days 00:00:06.492996,3,15,6.0,,,,,,,,,,,8.0,,,,,,,,25,50.0,,,,,,,,,,,55.0,,,,,,,,COMPLETE
69,69,0.35625,2025-01-05 13:34:57.060990,2025-01-05 13:35:00.973132,0 days 00:00:03.912142,11,10,5.0,6.0,,,,,,,,,,1.0,11.0,13.0,11.0,3.0,6.0,5.0,11.0,5,15.0,60.0,,,,,,,,,,30.0,50.0,50.0,25.0,40.0,60.0,5.0,25.0,COMPLETE
70,70,0.03571428571428571,2025-01-05 13:35:00.973697,2025-01-05 13:35:11.818588,0 days 00:00:10.844891,20,7,8.0,15.0,1.0,1.0,11.0,7.0,1.0,1.0,1.0,1.0,1.0,12.0,5.0,10.0,15.0,7.0,3.0,9.0,1.0,30,30.0,20.0,60.0,20.0,40.0,35.0,30.0,10.0,60.0,60.0,55.0,10.0,5.0,10.0,45.0,5.0,30.0,50.0,60.0,COMPLETE
71,71,0.8571428571428571,2025-01-05 13:35:11.819329,2025-01-05 13:35:15.494995,0 days 00:00:03.675666,2,8,4.0,,,,,,,,,,,,,,,,,,,15,45.0,,,,,,,,,,,,,,,,,,,COMPLETE
72,72,0.717948717948718,2025-01-05 13:35:15.495357,2025-01-05 13:35:19.285229,0 days 00:00:03.789872,1,8,,,,,,,,,,,,,,,,,,,,15,,,,,,,,,,,,,,,,,,,,COMPLETE
73,73,0.13248847926267282,2025-01-05 13:35:19.285556,2025-01-05 13:35:35.362176,0 days 00:00:16.076620,5,8,3.0,,,,,,,,,,,7.0,14.0,9.0,,,,,,60,55.0,,,,,,,,,,,20.0,25.0,30.0,,,,,,COMPLETE
74,74,0.5492753623188406,2025-01-05 13:35:35.362607,2025-01-05 13:35:41.185573,0 days 00:00:05.822966,3,10,4.0,,,,,,,,,,,10.0,,,,,,,,20,45.0,,,,,,,,,,,50.0,,,,,,,,COMPLETE
75,75,0.7584541062801933,2025-01-05 13:35:41.185943,2025-01-05 13:35:47.178851,0 days 00:00:05.992908,1,8,,,,,,,,,,,,,,,,,,,,55,,,,,,,,,,,,,,,,,,,,COMPLETE
76,76,0.8222222222222222,2025-01-05 13:35:47.179376,2025-01-05 13:35:51.983959,0 days 00:00:04.804583,2,11,6.0,,,,,,,,,,,,,,,,,,,20,40.0,,,,,,,,,,,,,,,,,,,COMPLETE
77,77,0.806063122923588,2025-01-05 13:35:51.984323,2025-01-05 13:35:57.028469,0 days 00:00:05.044146,4,9,2.0,,,,,,,,,,,3.0,2.0,,,,,,,10,55.0,,,,,,,,,,,15.0,15.0,,,,,,,COMPLETE
78,78,0.5016025641025641,2025-01-05 13:35:57.028856,2025-01-05 13:36:02.738896,0 days 00:00:05.710040,3,12,5.0,,,,,,,,,,,11.0,,,,,,,,15,45.0,,,,,,,,,,,5.0,,,,,,,,COMPLETE
79,79,0.7658536585365854,2025-01-05 13:36:02.739306,2025-01-05 13:36:08.379505,0 days 00:00:05.640199,1,10,,,,,,,,,,,,,,,,,,,,45,,,,,,,,,,,,,,,,,,,,COMPLETE
80,80,0.8081632653061225,2025-01-05 13:36:08.379846,2025-01-05 13:36:12.830836,0 days 00:00:04.450990,2,9,6.0,,,,,,,,,,,,,,,,,,,25,50.0,,,,,,,,,,,,,,,,,,,COMPLETE
81,81,0.8366666666666667,2025-01-05 13:36:12.831195,2025-01-05 13:36:16.927498,0 days 00:00:04.096303,2,9,4.0,,,,,,,,,,,,,,,,,,,15,45.0,,,,,,,,,,,,,,,,,,,COMPLETE
82,82,0.8273322422258592,2025-01-05 13:36:16.927847,2025-01-05 13:36:20.601447,0 days 00:00:03.673600,2,8,4.0,,,,,,,,,,,,,,,,,,,15,40.0,,,,,,,,,,,,,,,,,,,COMPLETE
83,83,0.6818181818181819,2025-01-05 13:36:20.601793,2025-01-05 13:36:25.955012,0 days 00:00:05.353219,3,10,3.0,,,,,,,,,,,5.0,,,,,,,,20,45.0,,,,,,,,,,,40.0,,,,,,,,COMPLETE
84,84,0.7707390648567118,2025-01-05 13:36:25.955394,2025-01-05 13:36:29.204588,0 days 00:00:03.249194,1,9,,,,,,,,,,,,,,,,,,,,10,,,,,,,,,,,,,,,,,,,,COMPLETE
85,85,0.44508196721311477,2025-01-05 13:36:29.204906,2025-01-05 13:36:38.479377,0 days 00:00:09.274471,15,11,5.0,11.0,12.0,5.0,5.0,1.0,,,,,,13.0,7.0,6.0,1.0,10.0,15.0,1.0,13.0,15,50.0,40.0,45.0,45.0,25.0,40.0,,,,,,60.0,30.0,25.0,30.0,15.0,15.0,40.0,45.0,COMPLETE
86,86,0.8074074074074074,2025-01-05 13:36:38.479991,2025-01-05 13:36:42.757784,0 days 00:00:04.277793,2,7,5.0,,,,,,,,,,,,,,,,,,,30,45.0,,,,,,,,,,,,,,,,,,,COMPLETE
87,87,0.7829787234042553,2025-01-05 13:36:42.758140,2025-01-05 13:36:47.249572,0 days 00:00:04.491432,3,8,4.0,,,,,,,,,,,1.0,,,,,,,,20,40.0,,,,,,,,,,,25.0,,,,,,,,COMPLETE
88,88,0.41587301587301584,2025-01-05 13:36:47.249938,2025-01-05 13:36:50.594613,0 days 00:00:03.344675,10,9,1.0,,,,,,,,,,,8.0,12.0,11.0,6.0,2.0,9.0,13.0,4.0,15,45.0,,,,,,,,,,,35.0,35.0,35.0,55.0,35.0,50.0,20.0,20.0,COMPLETE
89,89,0.6013888888888889,2025-01-05 13:36:50.595121,2025-01-05 13:36:58.025853,0 days 00:00:07.430732,4,7,7.0,,,,,,,,,,,14.0,1.0,,,,,,,10,60.0,,,,,,,,,,,45.0,45.0,,,,,,,COMPLETE
90,90,0.7637426900584795,2025-01-05 13:36:58.026254,2025-01-05 13:37:02.264477,0 days 00:00:04.238223,1,8,,,,,,,,,,,,,,,,,,,,25,,,,,,,,,,,,,,,,,,,,COMPLETE
91,91,0.8666666666666667,2025-01-05 13:37:02.264848,2025-01-05 13:37:05.945651,0 days 00:00:03.680803,2,8,4.0,,,,,,,,,,,,,,,,,,,15,40.0,,,,,,,,,,,,,,,,,,,COMPLETE
92,92,0.8454545454545455,2025-01-05 13:37:05.946003,2025-01-05 13:37:10.303244,0 days 00:00:04.357241,2,9,3.0,,,,,,,,,,,,,,,,,,,15,40.0,,,,,,,,,,,,,,,,,,,COMPLETE
93,93,0.6603260869565217,2025-01-05 13:37:10.303594,2025-01-05 13:37:14.662336,0 days 00:00:04.358742,3,9,3.0,,,,,,,,,,,6.0,,,,,,,,15,35.0,,,,,,,,,,,30.0,,,,,,,,COMPLETE
94,94,0.775,2025-01-05 13:37:14.662702,2025-01-05 13:37:17.729860,0 days 00:00:03.067158,1,9,,,,,,,,,,,,,,,,,,,,10,,,,,,,,,,,,,,,,,,,,COMPLETE
95,95,0.7987117552334944,2025-01-05 13:37:17.730260,2025-01-05 13:37:21.953280,0 days 00:00:04.223020,2,10,3.0,,,,,,,,,,,,,,,,,,,15,50.0,,,,,,,,,,,,,,,,,,,COMPLETE
96,96,0.8164014687882497,2025-01-05 13:37:21.953744,2025-01-05 13:37:26.485846,0 days 00:00:04.532102,2,8,2.0,,,,,,,,,,,,,,,,,,,20,35.0,,,,,,,,,,,,,,,,,,,COMPLETE
97,97,0.5074231177094379,2025-01-05 13:37:26.486211,2025-01-05 13:37:36.384533,0 days 00:00:09.898322,4,8,4.0,,,,,,,,,,,10.0,9.0,,,,,,,5,40.0,,,,,,,,,,,15.0,60.0,,,,,,,COMPLETE
98,98,0.5669920141969831,2025-01-05 13:37:36.384925,2025-01-05 13:37:40.904450,0 days 00:00:04.519525,3,6,4.0,,,,,,,,,,,9.0,,,,,,,,15,30.0,,,,,,,,,,,20.0,,,,,,,,COMPLETE
99,99,0.6818181818181819,2025-01-05 13:37:40.904817,2025-01-05 13:37:44.139593,0 days 00:00:03.234776,1,3,,,,,,,,,,,,,,,,,,,,20,,,,,,,,,,,,,,,,,,,,COMPLETE
100,100,0.23809523809523808,2025-01-05 13:37:44.139915,2025-01-05 13:37:56.800485,0 days 00:00:12.660570,6,7,3.0,,,,,,,,,,,4.0,10.0,9.0,13.0,,,,,10,45.0,,,,,,,,,,,10.0,40.0,40.0,10.0,,,,,COMPLETE
101,101,0.8278388278388278,2025-01-05 13:37:56.800928,2025-01-05 13:38:01.011483,0 days 00:00:04.210555,2,10,5.0,,,,,,,,,,,,,,,,,,,15,40.0,,,,,,,,,,,,,,,,,,,COMPLETE
102,102,0.825925925925926,2025-01-05 13:38:01.011839,2025-01-05 13:38:06.422915,0 days 00:00:05.411076,2,9,6.0,,,,,,,,,,,,,,,,,,,35,40.0,,,,,,,,,,,,,,,,,,,COMPLETE
103,103,0.7404761904761905,2025-01-05 13:38:06.423274,2025-01-05 13:38:09.189569,0 days 00:00:02.766295,1,10,,,,,,,,,,,,,,,,,,,,15,,,,,,,,,,,,,,,,,,,,COMPLETE
104,104,0.7799119647859143,2025-01-05 13:38:09.189891,2025-01-05 13:38:12.867380,0 days 00:00:03.677489,2,8,5.0,,,,,,,,,,,,,,,,,,,15,45.0,,,,,,,,,,,,,,,,,,,COMPLETE
105,105,0.5205640423031728,2025-01-05 13:38:12.867723,2025-01-05 13:38:17.782139,0 days 00:00:04.914416,3,9,4.0,,,,,,,,,,,15.0,,,,,,,,20,35.0,,,,,,,,,,,40.0,,,,,,,,COMPLETE
106,106,0.27477477477477474,2025-01-05 13:38:17.782510,2025-01-05 13:38:28.251719,0 days 00:00:10.469209,4,10,6.0,,,,,,,,,,,7.0,15.0,,,,,,,10,50.0,,,,,,,,,,,55.0,5.0,,,,,,,COMPLETE
107,107,0.8376623376623377,2025-01-05 13:38:28.252123,2025-01-05 13:38:33.438859,0 days 00:00:05.186736,2,7,2.0,,,,,,,,,,,,,,,,,,,40,40.0,,,,,,,,,,,,,,,,,,,COMPLETE
108,108,0.7728092318788315,2025-01-05 13:38:33.439217,2025-01-05 13:38:36.952391,0 days 00:00:03.513174,1,7,,,,,,,,,,,,,,,,,,,,25,,,,,,,,,,,,,,,,,,,,COMPLETE
109,109,0.7473469387755103,2025-01-05 13:38:36.952717,2025-01-05 13:38:42.084612,0 days 00:00:05.131895,3,7,2.0,,,,,,,,,,,12.0,,,,,,,,30,45.0,,,,,,,,,,,5.0,,,,,,,,COMPLETE
110,110,0.8782467532467533,2025-01-05 13:38:42.084981,2025-01-05 13:38:46.513114,0 days 00:00:04.428133,2,9,2.0,,,,,,,,,,,,,,,,,,,20,35.0,,,,,,,,,,,,,,,,,,,COMPLETE
111,111,0.8397435897435898,2025-01-05 13:38:46.513455,2025-01-05 13:38:50.886805,0 days 00:00:04.373350,2,9,2.0,,,,,,,,,,,,,,,,,,,20,35.0,,,,,,,,,,,,,,,,,,,COMPLETE
112,112,0.825925925925926,2025-01-05 13:38:50.887156,2025-01-05 13:38:55.361314,0 days 00:00:04.474158,2,9,1.0,,,,,,,,,,,,,,,,,,,20,30.0,,,,,,,,,,,,,,,,,,,COMPLETE
113,113,0.0,2025-01-05 13:38:55.361811,2025-01-05 13:39:26.960365,0 days 00:00:31.598554,19,8,2.0,4.0,5.0,12.0,11.0,10.0,9.0,15.0,15.0,15.0,,3.0,7.0,14.0,9.0,13.0,12.0,6.0,8.0,15,35.0,15.0,25.0,50.0,50.0,5.0,5.0,30.0,15.0,5.0,,25.0,20.0,55.0,20.0,45.0,5.0,55.0,30.0,COMPLETE
114,114,0.6947648624667258,2025-01-05 13:39:26.961146,2025-01-05 13:39:31.131811,0 days 00:00:04.170665,3,9,2.0,,,,,,,,,,,5.0,,,,,,,,15,35.0,,,,,,,,,,,45.0,,,,,,,,COMPLETE
115,115,0.8480392156862746,2025-01-05 13:39:31.132184,2025-01-05 13:39:35.356887,0 days 00:00:04.224703,2,8,1.0,,,,,,,,,,,,,,,,,,,20,40.0,,,,,,,,,,,,,,,,,,,COMPLETE
116,116,0.8122895622895623,2025-01-05 13:39:35.357233,2025-01-05 13:39:39.656167,0 days 00:00:04.298934,3,7,1.0,,,,,,,,,,,1.0,,,,,,,,20,35.0,,,,,,,,,,,50.0,,,,,,,,COMPLETE
117,117,0.4138477801268499,2025-01-05 13:39:39.656529,2025-01-05 13:39:51.777394,0 days 00:00:12.120865,5,8,1.0,,,,,,,,,,,8.0,5.0,7.0,,,,,,20,40.0,,,,,,,,,,,60.0,15.0,60.0,,,,,,COMPLETE
118,118,0.8470057424118129,2025-01-05 13:39:51.777805,2025-01-05 13:39:56.307841,0 days 00:00:04.530036,2,8,2.0,,,,,,,,,,,,,,,,,,,25,40.0,,,,,,,,,,,,,,,,,,,COMPLETE
119,119,0.765625,2025-01-05 13:39:56.308190,2025-01-05 13:40:00.820786,0 days 00:00:04.512596,1,8,,,,,,,,,,,,,,,,,,,,25,,,,,,,,,,,,,,,,,,,,COMPLETE
120,120,0.24014336917562723,2025-01-05 13:40:00.821156,2025-01-05 13:40:16.712000,0 days 00:00:15.890844,8,8,1.0,,,,,,,,,,,10.0,14.0,3.0,7.0,6.0,2.0,,,25,35.0,,,,,,,,,,,30.0,30.0,50.0,60.0,25.0,30.0,,,COMPLETE
121,121,0.7903861308116626,2025-01-05 13:40:16.712495,2025-01-05 13:40:20.636294,0 days 00:00:03.923799,2,6,2.0,,,,,,,,,,,,,,,,,,,20,40.0,,,,,,,,,,,,,,,,,,,COMPLETE
122,122,0.7627551020408163,2025-01-05 13:40:20.636637,2025-01-05 13:40:24.266023,0 days 00:00:03.629386,2,8,2.0,,,,,,,,,,,,,,,,,,,20,40.0,,,,,,,,,,,,,,,,,,,COMPLETE
123,123,0.8571428571428571,2025-01-05 13:40:24.266365,2025-01-05 13:40:29.610280,0 days 00:00:05.343915,3,9,3.0,,,,,,,,,,,2.0,,,,,,,,20,40.0,,,,,,,,,,,10.0,,,,,,,,COMPLETE
124,124,0.7416943521594684,2025-01-05 13:40:29.610638,2025-01-05 13:40:34.588171,0 days 00:00:04.977533,3,9,3.0,,,,,,,,,,,2.0,,,,,,,,20,40.0,,,,,,,,,,,10.0,,,,,,,,COMPLETE
125,125,0.812015503875969,2025-01-05 13:40:34.588530,2025-01-05 13:40:39.055303,0 days 00:00:04.466773,1,9,,,,,,,,,,,,,,,,,,,,25,,,,,,,,,,,,,,,,,,,,COMPLETE
126,126,0.5587172538392051,2025-01-05 13:40:39.055702,2025-01-05 13:40:45.003502,0 days 00:00:05.947800,4,10,3.0,,,,,,,,,,,2.0,4.0,,,,,,,20,35.0,,,,,,,,,,,15.0,10.0,,,,,,,COMPLETE
127,127,0.7937710437710437,2025-01-05 13:40:45.004000,2025-01-05 13:40:49.195091,0 days 00:00:04.191091,2,8,3.0,,,,,,,,,,,,,,,,,,,15,30.0,,,,,,,,,,,,,,,,,,,COMPLETE
128,128,0.7857142857142857,2025-01-05 13:40:49.195442,2025-01-05 13:40:53.329165,0 days 00:00:04.133723,1,9,,,,,,,,,,,,,,,,,,,,20,,,,,,,,,,,,,,,,,,,,COMPLETE
129,129,0.816020025031289,2025-01-05 13:40:53.329478,2025-01-05 13:40:58.503190,0 days 00:00:05.173712,3,8,3.0,,,,,,,,,,,3.0,,,,,,,,25,35.0,,,,,,,,,,,5.0,,,,,,,,COMPLETE
130,130,0.8098360655737705,2025-01-05 13:40:58.503543,2025-01-05 13:41:02.051193,0 days 00:00:03.547650,1,10,,,,,,,,,,,,,,,,,,,,15,,,,,,,,,,,,,,,,,,,,COMPLETE
131,131,0.8045454545454545,2025-01-05 13:41:02.051548,2025-01-05 13:41:06.648359,0 days 00:00:04.596811,2,7,2.0,,,,,,,,,,,,,,,,,,,30,40.0,,,,,,,,,,,,,,,,,,,COMPLETE
132,132,0.8193496587715776,2025-01-05 13:41:06.648707,2025-01-05 13:41:10.058583,0 days 00:00:03.409876,2,8,2.0,,,,,,,,,,,,,,,,,,,15,40.0,,,,,,,,,,,,,,,,,,,COMPLETE
133,133,0.7937710437710437,2025-01-05 13:41:10.058931,2025-01-05 13:41:15.059404,0 days 00:00:05.000473,3,9,1.0,,,,,,,,,,,6.0,,,,,,,,20,40.0,,,,,,,,,,,15.0,,,,,,,,COMPLETE
134,134,0.7987117552334944,2025-01-05 13:41:15.059769,2025-01-05 13:41:19.234427,0 days 00:00:04.174658,2,8,2.0,,,,,,,,,,,,,,,,,,,15,5.0,,,,,,,,,,,,,,,,,,,COMPLETE
135,135,0.7545592705167173,2025-01-05 13:41:19.234775,2025-01-05 13:41:22.314946,0 days 00:00:03.080171,1,7,,,,,,,,,,,,,,,,,,,,20,,,,,,,,,,,,,,,,,,,,COMPLETE
136,136,0.8599439775910365,2025-01-05 13:41:22.315276,2025-01-05 13:41:28.464475,0 days 00:00:06.149199,3,9,3.0,,,,,,,,,,,4.0,,,,,,,,35,45.0,,,,,,,,,,,20.0,,,,,,,,COMPLETE
137,137,0.7567084078711985,2025-01-05 13:41:28.464839,2025-01-05 13:41:34.568861,0 days 00:00:06.104022,3,9,3.0,,,,,,,,,,,4.0,,,,,,,,35,45.0,,,,,,,,,,,20.0,,,,,,,,COMPLETE
138,138,0.4173913043478261,2025-01-05 13:41:34.569237,2025-01-05 13:41:42.780614,0 days 00:00:08.211377,4,10,4.0,,,,,,,,,,,5.0,12.0,,,,,,,35,50.0,,,,,,,,,,,20.0,55.0,,,,,,,COMPLETE
139,139,0.8397435897435898,2025-01-05 13:41:42.781005,2025-01-05 13:41:48.489118,0 days 00:00:05.708113,3,9,3.0,,,,,,,,,,,2.0,,,,,,,,30,45.0,,,,,,,,,,,10.0,,,,,,,,COMPLETE
140,140,0.865531914893617,2025-01-05 13:41:48.489485,2025-01-05 13:41:52.068451,0 days 00:00:03.578966,2,10,4.0,,,,,,,,,,,,,,,,,,,10,50.0,,,,,,,,,,,,,,,,,,,COMPLETE
141,141,0.8830409356725146,2025-01-05 13:41:52.068789,2025-01-05 13:41:56.298849,0 days 00:00:04.230060,2,10,4.0,,,,,,,,,,,,,,,,,,,15,50.0,,,,,,,,,,,,,,,,,,,COMPLETE
142,142,0.741921768707483,2025-01-05 13:41:56.299200,2025-01-05 13:41:59.991094,0 days 00:00:03.691894,2,11,4.0,,,,,,,,,,,,,,,,,,,10,50.0,,,,,,,,,,,,,,,,,,,COMPLETE
143,143,0.7536119711042312,2025-01-05 13:41:59.991452,2025-01-05 13:42:02.938107,0 days 00:00:02.946655,1,10,,,,,,,,,,,,,,,,,,,,10,,,,,,,,,,,,,,,,,,,,COMPLETE
144,144,0.8164983164983165,2025-01-05 13:42:02.938471,2025-01-05 13:42:06.905459,0 days 00:00:03.966988,2,10,4.0,,,,,,,,,,,,,,,,,,,15,50.0,,,,,,,,,,,,,,,,,,,COMPLETE
145,145,0.7494572297003907,2025-01-05 13:42:06.905809,2025-01-05 13:42:11.339267,0 days 00:00:04.433458,3,11,4.0,,,,,,,,,,,3.0,,,,,,,,10,55.0,,,,,,,,,,,5.0,,,,,,,,COMPLETE
146,146,0.7740041928721174,2025-01-05 13:42:11.339715,2025-01-05 13:42:15.118813,0 days 00:00:03.779098,2,9,3.0,,,,,,,,,,,,,,,,,,,15,50.0,,,,,,,,,,,,,,,,,,,COMPLETE
147,147,0.75,2025-01-05 13:42:15.119279,2025-01-05 13:42:18.931357,0 days 00:00:03.812078,1,10,,,,,,,,,,,,,,,,,,,,15,,,,,,,,,,,,,,,,,,,,COMPLETE
148,148,0.7444444444444445,2025-01-05 13:42:18.931688,2025-01-05 13:42:22.583954,0 days 00:00:03.652266,2,9,4.0,,,,,,,,,,,,,,,,,,,5,45.0,,,,,,,,,,,,,,,,,,,COMPLETE
149,149,0.6356589147286822,2025-01-05 13:42:22.584302,2025-01-05 13:42:26.841948,0 days 00:00:04.257646,3,8,5.0,,,,,,,,,,,4.0,,,,,,,,15,50.0,,,,,,,,,,,25.0,,,,,,,,COMPLETE
150,150,0.6666666666666666,2025-01-05 13:42:26.842321,2025-01-05 13:42:31.406218,0 days 00:00:04.563897,3,8,3.0,,,,,,,,,,,7.0,,,,,,,,15,45.0,,,,,,,,,,,10.0,,,,,,,,COMPLETE
151,151,0.22532894736842105,2025-01-05 13:42:31.406579,2025-01-05 13:42:33.689979,0 days 00:00:02.283400,12,9,4.0,12.0,11.0,,,,,,,,,1.0,2.0,11.0,8.0,14.0,7.0,4.0,3.0,20,50.0,5.0,15.0,,,,,,,,,25.0,50.0,10.0,40.0,55.0,40.0,35.0,55.0,COMPLETE
152,152,0.7937710437710437,2025-01-05 13:42:33.690522,2025-01-05 13:42:38.417135,0 days 00:00:04.726613,2,10,7.0,,,,,,,,,,,,,,,,,,,25,55.0,,,,,,,,,,,,,,,,,,,COMPLETE
153,153,0.7976190476190477,2025-01-05 13:42:38.417480,2025-01-05 13:42:42.818655,0 days 00:00:04.401175,1,9,,,,,,,,,,,,,,,,,,,,20,,,,,,,,,,,,,,,,,,,,COMPLETE
154,154,0.8577441077441077,2025-01-05 13:42:42.818976,2025-01-05 13:42:47.820508,0 days 00:00:05.001532,2,10,3.0,,,,,,,,,,,,,,,,,,,25,35.0,,,,,,,,,,,,,,,,,,,COMPLETE
155,155,0.7453846153846153,2025-01-05 13:42:47.820854,2025-01-05 13:42:52.958793,0 days 00:00:05.137939,2,11,14.0,,,,,,,,,,,,,,,,,,,25,40.0,,,,,,,,,,,,,,,,,,,COMPLETE
156,156,0.8357963875205254,2025-01-05 13:42:52.959147,2025-01-05 13:42:57.925241,0 days 00:00:04.966094,2,10,3.0,,,,,,,,,,,,,,,,,,,30,45.0,,,,,,,,,,,,,,,,,,,COMPLETE
157,157,0.717948717948718,2025-01-05 13:42:57.925591,2025-01-05 13:43:02.891952,0 days 00:00:04.966361,1,11,,,,,,,,,,,,,,,,,,,,25,,,,,,,,,,,,,,,,,,,,COMPLETE
158,158,0.35384615384615387,2025-01-05 13:43:02.892339,2025-01-05 13:43:11.443838,0 days 00:00:08.551499,4,10,4.0,,,,,,,,,,,5.0,10.0,,,,,,,35,40.0,,,,,,,,,,,15.0,15.0,,,,,,,COMPLETE
159,159,0.7835884353741496,2025-01-05 13:43:11.444255,2025-01-05 13:43:16.470589,0 days 00:00:05.026334,3,8,3.0,,,,,,,,,,,6.0,,,,,,,,25,35.0,,,,,,,,,,,30.0,,,,,,,,COMPLETE
160,160,0.8775,2025-01-05 13:43:16.470967,2025-01-05 13:43:19.791623,0 days 00:00:03.320656,2,1,5.0,,,,,,,,,,,,,,,,,,,15,50.0,,,,,,,,,,,,,,,,,,,COMPLETE
161,161,0.7712264150943396,2025-01-05 13:43:19.791970,2025-01-05 13:43:23.021904,0 days 00:00:03.229934,2,4,5.0,,,,,,,,,,,,,,,,,,,15,50.0,,,,,,,,,,,,,,,,,,,COMPLETE
162,162,0.9198717948717949,2025-01-05 13:43:23.022260,2025-01-05 13:43:27.023098,0 days 00:00:04.000838,3,1,6.0,,,,,,,,,,,1.0,,,,,,,,15,55.0,,,,,,,,,,,20.0,,,,,,,,COMPLETE
163,163,0.7987117552334944,2025-01-05 13:43:27.023481,2025-01-05 13:43:31.841863,0 days 00:00:04.818382,3,14,5.0,,,,,,,,,,,1.0,,,,,,,,10,55.0,,,,,,,,,,,20.0,,,,,,,,COMPLETE
164,164,0.7469237079573421,2025-01-05 13:43:31.842253,2025-01-05 13:43:35.653738,0 days 00:00:03.811485,3,2,6.0,,,,,,,,,,,2.0,,,,,,,,15,55.0,,,,,,,,,,,15.0,,,,,,,,COMPLETE
165,165,0.8599439775910365,2025-01-05 13:43:35.654127,2025-01-05 13:43:38.746089,0 days 00:00:03.091962,2,1,5.0,,,,,,,,,,,,,,,,,,,15,50.0,,,,,,,,,,,,,,,,,,,COMPLETE
166,166,0.8199279711884754,2025-01-05 13:43:38.746445,2025-01-05 13:43:42.075524,0 days 00:00:03.329079,2,1,4.0,,,,,,,,,,,,,,,,,,,15,55.0,,,,,,,,,,,,,,,,,,,COMPLETE
167,167,0.8107142857142857,2025-01-05 13:43:42.075965,2025-01-05 13:43:44.848947,0 days 00:00:02.772982,1,1,,,,,,,,,,,,,,,,,,,,15,,,,,,,,,,,,,,,,,,,,COMPLETE
168,168,0.8599439775910365,2025-01-05 13:43:44.849410,2025-01-05 13:43:49.251453,0 days 00:00:04.402043,3,1,5.0,,,,,,,,,,,3.0,,,,,,,,10,50.0,,,,,,,,,,,35.0,,,,,,,,COMPLETE
169,169,0.8158333333333333,2025-01-05 13:43:49.251830,2025-01-05 13:43:53.370706,0 days 00:00:04.118876,3,1,5.0,,,,,,,,,,,3.0,,,,,,,,10,60.0,,,,,,,,,,,35.0,,,,,,,,COMPLETE
170,170,0.7346938775510204,2025-01-05 13:43:53.371108,2025-01-05 13:43:57.946428,0 days 00:00:04.575320,4,2,5.0,,,,,,,,,,,1.0,6.0,,,,,,,10,50.0,,,,,,,,,,,35.0,45.0,,,,,,,COMPLETE
171,171,0.8666666666666667,2025-01-05 13:43:57.946831,2025-01-05 13:44:01.123848,0 days 00:00:03.177017,2,2,4.0,,,,,,,,,,,,,,,,,,,10,50.0,,,,,,,,,,,,,,,,,,,COMPLETE
172,172,0.767156862745098,2025-01-05 13:44:01.124273,2025-01-05 13:44:04.359120,0 days 00:00:03.234847,2,2,4.0,,,,,,,,,,,,,,,,,,,5,50.0,,,,,,,,,,,,,,,,,,,COMPLETE
173,173,0.7996794871794872,2025-01-05 13:44:04.359498,2025-01-05 13:44:07.948462,0 days 00:00:03.588964,3,1,4.0,,,,,,,,,,,4.0,,,,,,,,10,50.0,,,,,,,,,,,25.0,,,,,,,,COMPLETE
174,174,0.8361204013377926,2025-01-05 13:44:07.948845,2025-01-05 13:44:11.493108,0 days 00:00:03.544263,2,1,3.0,,,,,,,,,,,,,,,,,,,10,50.0,,,,,,,,,,,,,,,,,,,COMPLETE
175,175,0.90935192780968,2025-01-05 13:44:11.493471,2025-01-05 13:44:15.227984,0 days 00:00:03.734513,3,1,3.0,,,,,,,,,,,2.0,,,,,,,,15,55.0,,,,,,,,,,,30.0,,,,,,,,COMPLETE
176,176,0.4821428571428571,2025-01-05 13:44:15.228376,2025-01-05 13:44:20.201155,0 days 00:00:04.972779,4,1,5.0,,,,,,,,,,,2.0,8.0,,,,,,,15,55.0,,,,,,,,,,,30.0,35.0,,,,,,,COMPLETE
177,177,0.8566666666666667,2025-01-05 13:44:20.201562,2025-01-05 13:44:24.046377,0 days 00:00:03.844815,3,1,4.0,,,,,,,,,,,3.0,,,,,,,,10,55.0,,,,,,,,,,,30.0,,,,,,,,COMPLETE
178,178,0.7666666666666666,2025-01-05 13:44:24.046767,2025-01-05 13:44:28.131224,0 days 00:00:04.084457,3,1,4.0,,,,,,,,,,,3.0,,,,,,,,10,55.0,,,,,,,,,,,30.0,,,,,,,,COMPLETE
179,179,0.4551282051282051,2025-01-05 13:44:28.131610,2025-01-05 13:44:33.562598,0 days 00:00:05.430988,4,2,4.0,,,,,,,,,,,2.0,9.0,,,,,,,10,55.0,,,,,,,,,,,35.0,20.0,,,,,,,COMPLETE
180,180,0.7842553191489361,2025-01-05 13:44:33.563004,2025-01-05 13:44:37.771039,0 days 00:00:04.208035,3,2,5.0,,,,,,,,,,,1.0,,,,,,,,5,60.0,,,,,,,,,,,40.0,,,,,,,,COMPLETE
181,181,0.7777777777777778,2025-01-05 13:44:37.771430,2025-01-05 13:44:41.131622,0 days 00:00:03.360192,3,1,3.0,,,,,,,,,,,4.0,,,,,,,,10,55.0,,,,,,,,,,,30.0,,,,,,,,COMPLETE
182,182,0.8983333333333333,2025-01-05 13:44:41.132010,2025-01-05 13:44:44.229056,0 days 00:00:03.097046,2,1,4.0,,,,,,,,,,,,,,,,,,,15,50.0,,,,,,,,,,,,,,,,,,,COMPLETE
183,183,0.88,2025-01-05 13:44:44.229419,2025-01-05 13:44:47.295822,0 days 00:00:03.066403,2,1,4.0,,,,,,,,,,,,,,,,,,,15,50.0,,,,,,,,,,,,,,,,,,,COMPLETE
184,184,0.8770903010033444,2025-01-05 13:44:47.296190,2025-01-05 13:44:50.414227,0 days 00:00:03.118037,2,1,4.0,,,,,,,,,,,,,,,,,,,15,50.0,,,,,,,,,,,,,,,,,,,COMPLETE
185,185,0.9399759903961584,2025-01-05 13:44:50.414589,2025-01-05 13:44:54.191115,0 days 00:00:03.776526,3,1,4.0,,,,,,,,,,,2.0,,,,,,,,15,50.0,,,,,,,,,,,35.0,,,,,,,,COMPLETE
186,186,0.8193496587715776,2025-01-05 13:44:54.191499,2025-01-05 13:44:57.713056,0 days 00:00:03.521557,2,1,4.0,,,,,,,,,,,,,,,,,,,15,50.0,,,,,,,,,,,,,,,,,,,COMPLETE
187,187,0.7788461538461539,2025-01-05 13:44:57.713419,2025-01-05 13:45:00.208641,0 days 00:00:02.495222,1,1,,,,,,,,,,,,,,,,,,,,15,,,,,,,,,,,,,,,,,,,,COMPLETE
188,188,0.8255319148936171,2025-01-05 13:45:00.208979,2025-01-05 13:45:03.738596,0 days 00:00:03.529617,2,2,4.0,,,,,,,,,,,,,,,,,,,15,50.0,,,,,,,,,,,,,,,,,,,COMPLETE
189,189,0.9089795918367347,2025-01-05 13:45:03.738963,2025-01-05 13:45:06.823965,0 days 00:00:03.085002,2,1,5.0,,,,,,,,,,,,,,,,,,,15,50.0,,,,,,,,,,,,,,,,,,,COMPLETE
190,190,0.7488708220415538,2025-01-05 13:45:06.824339,2025-01-05 13:45:09.943819,0 days 00:00:03.119480,1,1,,,,,,,,,,,,,,,,,,,,15,,,,,,,,,,,,,,,,,,,,COMPLETE
191,191,0.9280851063829787,2025-01-05 13:45:09.944168,2025-01-05 13:45:13.007517,0 days 00:00:03.063349,2,1,5.0,,,,,,,,,,,,,,,,,,,15,50.0,,,,,,,,,,,,,,,,,,,COMPLETE
192,192,0.831764705882353,2025-01-05 13:45:13.007874,2025-01-05 13:45:16.025011,0 days 00:00:03.017137,2,3,5.0,,,,,,,,,,,,,,,,,,,15,50.0,,,,,,,,,,,,,,,,,,,COMPLETE
193,193,0.8480392156862746,2025-01-05 13:45:16.025383,2025-01-05 13:45:19.352771,0 days 00:00:03.327388,2,1,5.0,,,,,,,,,,,,,,,,,,,15,50.0,,,,,,,,,,,,,,,,,,,COMPLETE
194,194,0.825925925925926,2025-01-05 13:45:19.353143,2025-01-05 13:45:22.467221,0 days 00:00:03.114078,2,1,5.0,,,,,,,,,,,,,,,,,,,15,50.0,,,,,,,,,,,,,,,,,,,COMPLETE
195,195,0.7984084880636605,2025-01-05 13:45:22.467667,2025-01-05 13:45:25.720218,0 days 00:00:03.252551,1,1,,,,,,,,,,,,,,,,,,,,15,,,,,,,,,,,,,,,,,,,,COMPLETE
196,196,0.7525252525252526,2025-01-05 13:45:25.720673,2025-01-05 13:45:29.245236,0 days 00:00:03.524563,2,2,5.0,,,,,,,,,,,,,,,,,,,15,50.0,,,,,,,,,,,,,,,,,,,COMPLETE
197,197,0.8585858585858586,2025-01-05 13:45:29.245596,2025-01-05 13:45:33.270495,0 days 00:00:04.024899,3,1,6.0,,,,,,,,,,,1.0,,,,,,,,15,50.0,,,,,,,,,,,35.0,,,,,,,,COMPLETE
198,198,0.7868248772504092,2025-01-05 13:45:33.270897,2025-01-05 13:45:37.024658,0 days 00:00:03.753761,3,1,5.0,,,,,,,,,,,1.0,,,,,,,,15,50.0,,,,,,,,,,,35.0,,,,,,,,COMPLETE
199,199,0.3419512195121951,2025-01-05 13:45:37.025055,2025-01-05 13:45:43.063216,0 days 00:00:06.038161,4,1,6.0,,,,,,,,,,,3.0,15.0,,,,,,,15,50.0,,,,,,,,,,,40.0,25.0,,,,,,,COMPLETE
200,200,0.8996386993175431,2025-01-05 13:45:43.063632,2025-01-05 13:45:47.190424,0 days 00:00:04.126792,3,2,6.0,,,,,,,,,,,2.0,,,,,,,,15,50.0,,,,,,,,,,,35.0,,,,,,,,COMPLETE
201,201,0.8569044639132248,2025-01-05 13:45:47.190814,2025-01-05 13:45:50.670360,0 days 00:00:03.479546,3,2,5.0,,,,,,,,,,,2.0,,,,,,,,15,50.0,,,,,,,,,,,35.0,,,,,,,,COMPLETE
202,202,0.8485714285714285,2025-01-05 13:45:50.670745,2025-01-05 13:45:54.951217,0 days 00:00:04.280472,3,1,6.0,,,,,,,,,,,1.0,,,,,,,,15,50.0,,,,,,,,,,,40.0,,,,,,,,COMPLETE
203,203,0.8687448728465956,2025-01-05 13:45:54.951610,2025-01-05 13:45:58.119822,0 days 00:00:03.168212,2,3,6.0,,,,,,,,,,,,,,,,,,,15,50.0,,,,,,,,,,,,,,,,,,,COMPLETE
204,204,0.9044444444444444,2025-01-05 13:45:58.120196,2025-01-05 13:46:01.770588,0 days 00:00:03.650392,3,3,6.0,,,,,,,,,,,2.0,,,,,,,,15,50.0,,,,,,,,,,,35.0,,,,,,,,COMPLETE
205,205,0.7342511472674176,2025-01-05 13:46:01.770979,2025-01-05 13:46:04.672364,0 days 00:00:02.901385,2,3,6.0,,,,,,,,,,,,,,,,,,,10,50.0,,,,,,,,,,,,,,,,,,,COMPLETE
206,206,0.7564935064935066,2025-01-05 13:46:04.672729,2025-01-05 13:46:08.783360,0 days 00:00:04.110631,3,2,6.0,,,,,,,,,,,2.0,,,,,,,,15,50.0,,,,,,,,,,,40.0,,,,,,,,COMPLETE
207,207,0.8678396072013093,2025-01-05 13:46:08.783750,2025-01-05 13:46:11.987663,0 days 00:00:03.203913,2,3,6.0,,,,,,,,,,,,,,,,,,,15,50.0,,,,,,,,,,,,,,,,,,,COMPLETE
208,208,0.8561844863731656,2025-01-05 13:46:11.988035,2025-01-05 13:46:14.731894,0 days 00:00:02.743859,2,3,7.0,,,,,,,,,,,,,,,,,,,15,50.0,,,,,,,,,,,,,,,,,,,COMPLETE
209,209,0.7209401709401709,2025-01-05 13:46:14.732267,2025-01-05 13:46:16.416371,0 days 00:00:01.684104,1,4,,,,,,,,,,,,,,,,,,,,15,,,,,,,,,,,,,,,,,,,,COMPLETE
210,210,0.7390606182256123,2025-01-05 13:46:16.416705,2025-01-05 13:46:18.939131,0 days 00:00:02.522426,2,3,6.0,,,,,,,,,,,,,,,,,,,15,55.0,,,,,,,,,,,,,,,,,,,COMPLETE
211,211,0.8397435897435898,2025-01-05 13:46:18.939493,2025-01-05 13:46:23.076374,0 days 00:00:04.136881,3,2,6.0,,,,,,,,,,,3.0,,,,,,,,15,50.0,,,,,,,,,,,45.0,,,,,,,,COMPLETE
212,212,0.9083469721767594,2025-01-05 13:46:23.076763,2025-01-05 13:46:26.185585,0 days 00:00:03.108822,2,1,7.0,,,,,,,,,,,,,,,,,,,15,50.0,,,,,,,,,,,,,,,,,,,COMPLETE
213,213,0.8376623376623377,2025-01-05 13:46:26.185947,2025-01-05 13:46:29.540749,0 days 00:00:03.354802,2,1,7.0,,,,,,,,,,,,,,,,,,,15,50.0,,,,,,,,,,,,,,,,,,,COMPLETE
214,214,0.8124185844550587,2025-01-05 13:46:29.541122,2025-01-05 13:46:32.969880,0 days 00:00:03.428758,2,3,8.0,,,,,,,,,,,,,,,,,,,15,50.0,,,,,,,,,,,,,,,,,,,COMPLETE
215,215,0.7596153846153846,2025-01-05 13:46:32.970257,2025-01-05 13:46:35.741179,0 days 00:00:02.770922,1,2,,,,,,,,,,,,,,,,,,,,15,,,,,,,,,,,,,,,,,,,,COMPLETE
216,216,0.8063986874487286,2025-01-05 13:46:35.741526,2025-01-05 13:46:39.073317,0 days 00:00:03.331791,2,1,6.0,,,,,,,,,,,,,,,,,,,15,50.0,,,,,,,,,,,,,,,,,,,COMPLETE
217,217,0.7958333333333334,2025-01-05 13:46:39.073680,2025-01-05 13:46:42.210689,0 days 00:00:03.137009,2,1,7.0,,,,,,,,,,,,,,,,,,,15,50.0,,,,,,,,,,,,,,,,,,,COMPLETE
218,218,0.7838461538461539,2025-01-05 13:46:42.211065,2025-01-05 13:46:45.004921,0 days 00:00:02.793856,1,2,,,,,,,,,,,,,,,,,,,,15,,,,,,,,,,,,,,,,,,,,COMPLETE
219,219,0.88,2025-01-05 13:46:45.005274,2025-01-05 13:46:48.321312,0 days 00:00:03.316038,2,2,6.0,,,,,,,,,,,,,,,,,,,15,55.0,,,,,,,,,,,,,,,,,,,COMPLETE
220,220,0.28287841191067,2025-01-05 13:46:48.321671,2025-01-05 13:46:54.885996,0 days 00:00:06.564325,14,3,6.0,8.0,3.0,7.0,15.0,,,,,,,2.0,13.0,14.0,5.0,10.0,6.0,7.0,15.0,15,55.0,40.0,50.0,5.0,15.0,,,,,,,25.0,40.0,20.0,55.0,15.0,50.0,10.0,35.0,COMPLETE
221,221,0.84,2025-01-05 13:46:54.886622,2025-01-05 13:46:57.766454,0 days 00:00:02.879832,2,2,6.0,,,,,,,,,,,,,,,,,,,15,55.0,,,,,,,,,,,,,,,,,,,COMPLETE
222,222,0.8561844863731656,2025-01-05 13:46:57.766826,2025-01-05 13:47:00.881632,0 days 00:00:03.114806,2,1,6.0,,,,,,,,,,,,,,,,,,,15,50.0,,,,,,,,,,,,,,,,,,,COMPLETE
223,223,0.5695394436844505,2025-01-05 13:47:00.882067,2025-01-05 13:47:05.227111,0 days 00:00:04.345044,3,5,7.0,,,,,,,,,,,4.0,,,,,,,,15,50.0,,,,,,,,,,,20.0,,,,,,,,COMPLETE
224,224,0.8750524109014675,2025-01-05 13:47:05.227607,2025-01-05 13:47:08.360450,0 days 00:00:03.132843,2,1,4.0,,,,,,,,,,,,,,,,,,,15,55.0,,,,,,,,,,,,,,,,,,,COMPLETE
225,225,0.25634725634725636,2025-01-05 13:47:08.360939,2025-01-05 13:47:13.990998,0 days 00:00:05.630059,16,2,4.0,1.0,7.0,4.0,1.0,10.0,8.0,,,,,1.0,3.0,10.0,11.0,3.0,11.0,10.0,9.0,15,55.0,60.0,15.0,30.0,20.0,20.0,45.0,,,,,25.0,5.0,5.0,5.0,40.0,35.0,25.0,15.0,COMPLETE
226,226,0.7906178489702517,2025-01-05 13:47:13.991685,2025-01-05 13:47:16.738813,0 days 00:00:02.747128,1,1,,,,,,,,,,,,,,,,,,,,15,,,,,,,,,,,,,,,,,,,,COMPLETE
227,227,0.038461538461538464,2025-01-05 13:47:16.739180,2025-01-05 13:47:20.716397,0 days 00:00:03.977217,10,4,4.0,,,,,,,,,,,5.0,12.0,12.0,13.0,11.0,13.0,14.0,12.0,10,55.0,,,,,,,,,,,30.0,55.0,30.0,45.0,25.0,15.0,40.0,5.0,COMPLETE
228,228,0.8645299145299146,2025-01-05 13:47:20.716958,2025-01-05 13:47:24.077093,0 days 00:00:03.360135,2,1,4.0,,,,,,,,,,,,,,,,,,,15,55.0,,,,,,,,,,,,,,,,,,,COMPLETE
229,229,0.9296235679214403,2025-01-05 13:47:24.077470,2025-01-05 13:47:27.612423,0 days 00:00:03.534953,2,1,4.0,,,,,,,,,,,,,,,,,,,15,55.0,,,,,,,,,,,,,,,,,,,COMPLETE
230,230,0.8798076923076923,2025-01-05 13:47:27.612788,2025-01-05 13:47:31.152339,0 days 00:00:03.539551,2,1,4.0,,,,,,,,,,,,,,,,,,,15,60.0,,,,,,,,,,,,,,,,,,,COMPLETE
231,231,0.8889795918367347,2025-01-05 13:47:31.152711,2025-01-05 13:47:34.324255,0 days 00:00:03.171544,2,1,4.0,,,,,,,,,,,,,,,,,,,15,25.0,,,,,,,,,,,,,,,,,,,COMPLETE
232,232,0.8996386993175431,2025-01-05 13:47:34.324622,2025-01-05 13:47:37.194839,0 days 00:00:02.870217,2,1,4.0,,,,,,,,,,,,,,,,,,,15,20.0,,,,,,,,,,,,,,,,,,,COMPLETE
233,233,0.8863636363636364,2025-01-05 13:47:37.195215,2025-01-05 13:47:40.545574,0 days 00:00:03.350359,2,1,4.0,,,,,,,,,,,,,,,,,,,15,15.0,,,,,,,,,,,,,,,,,,,COMPLETE
234,234,0.8688725490196079,2025-01-05 13:47:40.545944,2025-01-05 13:47:43.863942,0 days 00:00:03.317998,2,1,4.0,,,,,,,,,,,,,,,,,,,15,60.0,,,,,,,,,,,,,,,,,,,COMPLETE
235,235,0.782520325203252,2025-01-05 13:47:43.864320,2025-01-05 13:47:46.652081,0 days 00:00:02.787761,1,1,,,,,,,,,,,,,,,,,,,,15,,,,,,,,,,,,,,,,,,,,COMPLETE
236,236,0.8762626262626263,2025-01-05 13:47:46.652426,2025-01-05 13:47:49.962244,0 days 00:00:03.309818,2,1,4.0,,,,,,,,,,,,,,,,,,,15,20.0,,,,,,,,,,,,,,,,,,,COMPLETE
237,237,0.8480392156862746,2025-01-05 13:47:49.962605,2025-01-05 13:47:53.484699,0 days 00:00:03.522094,2,1,4.0,,,,,,,,,,,,,,,,,,,15,20.0,,,,,,,,,,,,,,,,,,,COMPLETE
238,238,0.8798076923076923,2025-01-05 13:47:53.485071,2025-01-05 13:47:57.019904,0 days 00:00:03.534833,2,1,4.0,,,,,,,,,,,,,,,,,,,15,20.0,,,,,,,,,,,,,,,,,,,COMPLETE
239,239,0.8035087719298246,2025-01-05 13:47:57.020286,2025-01-05 13:47:59.616325,0 days 00:00:02.596039,1,1,,,,,,,,,,,,,,,,,,,,15,,,,,,,,,,,,,,,,,,,,COMPLETE
240,240,0.9093137254901961,2025-01-05 13:47:59.616671,2025-01-05 13:48:03.162692,0 days 00:00:03.546021,2,1,4.0,,,,,,,,,,,,,,,,,,,15,20.0,,,,,,,,,,,,,,,,,,,COMPLETE
241,241,0.9194847020933977,2025-01-05 13:48:03.163136,2025-01-05 13:48:06.028893,0 days 00:00:02.865757,2,1,4.0,,,,,,,,,,,,,,,,,,,15,20.0,,,,,,,,,,,,,,,,,,,COMPLETE
242,242,0.8569044639132248,2025-01-05 13:48:06.029281,2025-01-05 13:48:09.138230,0 days 00:00:03.108949,2,1,4.0,,,,,,,,,,,,,,,,,,,15,20.0,,,,,,,,,,,,,,,,,,,COMPLETE
243,243,0.928921568627451,2025-01-05 13:48:09.138603,2025-01-05 13:48:12.031651,0 days 00:00:02.893048,2,1,4.0,,,,,,,,,,,,,,,,,,,15,15.0,,,,,,,,,,,,,,,,,,,COMPLETE
244,244,0.8366666666666667,2025-01-05 13:48:12.032048,2025-01-05 13:48:16.090315,0 days 00:00:04.058267,3,1,4.0,,,,,,,,,,,2.0,,,,,,,,15,15.0,,,,,,,,,,,45.0,,,,,,,,COMPLETE
245,245,0.9173967459324155,2025-01-05 13:48:16.090711,2025-01-05 13:48:19.180617,0 days 00:00:03.089906,2,1,4.0,,,,,,,,,,,,,,,,,,,15,15.0,,,,,,,,,,,,,,,,,,,COMPLETE
246,246,0.2748768472906404,2025-01-05 13:48:19.180988,2025-01-05 13:48:34.228235,0 days 00:00:15.047247,8,1,4.0,,,,,,,,,,,4.0,4.0,2.0,3.0,8.0,3.0,,,15,15.0,,,,,,,,,,,40.0,30.0,55.0,60.0,30.0,55.0,,,COMPLETE
247,247,0.8440779610194902,2025-01-05 13:48:34.228777,2025-01-05 13:48:36.824714,0 days 00:00:02.595937,1,1,,,,,,,,,,,,,,,,,,,,15,,,,,,,,,,,,,,,,,,,,COMPLETE
248,248,0.8678396072013093,2025-01-05 13:48:36.825084,2025-01-05 13:48:40.847746,0 days 00:00:04.022662,3,1,4.0,,,,,,,,,,,1.0,,,,,,,,15,15.0,,,,,,,,,,,45.0,,,,,,,,COMPLETE
249,249,0.9093137254901961,2025-01-05 13:48:40.848160,2025-01-05 13:48:44.169263,0 days 00:00:03.321103,2,1,4.0,,,,,,,,,,,,,,,,,,,15,25.0,,,,,,,,,,,,,,,,,,,COMPLETE
250,250,0.9089795918367347,2025-01-05 13:48:44.169730,2025-01-05 13:48:47.464024,0 days 00:00:03.294294,2,1,4.0,,,,,,,,,,,,,,,,,,,15,25.0,,,,,,,,,,,,,,,,,,,COMPLETE
251,251,0.8285714285714285,2025-01-05 13:48:47.464521,2025-01-05 13:48:50.254617,0 days 00:00:02.790096,1,1,,,,,,,,,,,,,,,,,,,,15,,,,,,,,,,,,,,,,,,,,COMPLETE
252,252,0.9399759903961584,2025-01-05 13:48:50.254967,2025-01-05 13:48:53.097693,0 days 00:00:02.842726,2,1,4.0,,,,,,,,,,,,,,,,,,,15,25.0,,,,,,,,,,,,,,,,,,,COMPLETE
253,253,0.8569044639132248,2025-01-05 13:48:53.098080,2025-01-05 13:48:56.880103,0 days 00:00:03.782023,3,1,4.0,,,,,,,,,,,3.0,,,,,,,,15,25.0,,,,,,,,,,,50.0,,,,,,,,COMPLETE
254,254,0.8485714285714285,2025-01-05 13:48:56.880501,2025-01-05 13:48:59.978216,0 days 00:00:03.097715,2,1,4.0,,,,,,,,,,,,,,,,,,,15,25.0,,,,,,,,,,,,,,,,,,,COMPLETE
255,255,0.8513725490196078,2025-01-05 13:48:59.978584,2025-01-05 13:49:03.522188,0 days 00:00:03.543604,2,2,4.0,,,,,,,,,,,,,,,,,,,15,20.0,,,,,,,,,,,,,,,,,,,COMPLETE
256,256,0.8889795918367347,2025-01-05 13:49:03.522604,2025-01-05 13:49:07.843925,0 days 00:00:04.321321,3,1,4.0,,,,,,,,,,,2.0,,,,,,,,15,25.0,,,,,,,,,,,35.0,,,,,,,,COMPLETE
257,257,0.8454545454545455,2025-01-05 13:49:07.844341,2025-01-05 13:49:12.185205,0 days 00:00:04.340864,3,1,4.0,,,,,,,,,,,2.0,,,,,,,,15,25.0,,,,,,,,,,,35.0,,,,,,,,COMPLETE
258,258,0.7816239316239316,2025-01-05 13:49:12.185615,2025-01-05 13:49:16.568070,0 days 00:00:04.382455,4,1,4.0,,,,,,,,,,,1.0,6.0,,,,,,,15,25.0,,,,,,,,,,,30.0,60.0,,,,,,,COMPLETE
259,259,0.76936243046641,2025-01-05 13:49:16.568502,2025-01-05 13:49:20.663511,0 days 00:00:04.095009,3,1,4.0,,,,,,,,,,,2.0,,,,,,,,15,15.0,,,,,,,,,,,40.0,,,,,,,,COMPLETE
260,260,0.825925925925926,2025-01-05 13:49:20.663917,2025-01-05 13:49:24.278233,0 days 00:00:03.614316,3,2,4.0,,,,,,,,,,,3.0,,,,,,,,15,10.0,,,,,,,,,,,35.0,,,,,,,,COMPLETE
261,261,0.8999599839935974,2025-01-05 13:49:24.278634,2025-01-05 13:49:27.900401,0 days 00:00:03.621767,2,1,4.0,,,,,,,,,,,,,,,,,,,55,25.0,,,,,,,,,,,,,,,,,,,COMPLETE
262,262,0.8149696048632218,2025-01-05 13:49:27.900781,2025-01-05 13:49:31.219147,0 days 00:00:03.318366,1,1,,,,,,,,,,,,,,,,,,,,20,,,,,,,,,,,,,,,,,,,,COMPLETE
263,263,0.3462121212121212,2025-01-05 13:49:31.219504,2025-01-05 13:49:33.978714,0 days 00:00:02.759210,13,2,4.0,14.0,11.0,10.0,,,,,,,,1.0,11.0,5.0,6.0,14.0,9.0,1.0,7.0,15,25.0,50.0,30.0,20.0,,,,,,,,30.0,10.0,35.0,50.0,55.0,45.0,25.0,45.0,COMPLETE
264,264,0.8242553191489361,2025-01-05 13:49:33.979315,2025-01-05 13:49:38.075837,0 days 00:00:04.096522,3,1,5.0,,,,,,,,,,,3.0,,,,,,,,55,25.0,,,,,,,,,,,40.0,,,,,,,,COMPLETE
265,265,0.7920104211897525,2025-01-05 13:49:38.076257,2025-01-05 13:49:40.995905,0 days 00:00:02.919648,2,1,11.0,,,,,,,,,,,,,,,,,,,15,15.0,,,,,,,,,,,,,,,,,,,COMPLETE
266,266,0.8775,2025-01-05 13:49:40.996293,2025-01-05 13:49:44.524255,0 days 00:00:03.527962,2,2,3.0,,,,,,,,,,,,,,,,,,,15,25.0,,,,,,,,,,,,,,,,,,,COMPLETE
267,267,0.828137817883511,2025-01-05 13:49:44.524632,2025-01-05 13:49:48.298298,0 days 00:00:03.773666,3,1,4.0,,,,,,,,,,,2.0,,,,,,,,15,25.0,,,,,,,,,,,25.0,,,,,,,,COMPLETE
268,268,0.8035087719298246,2025-01-05 13:49:48.298694,2025-01-05 13:49:51.226678,0 days 00:00:02.927984,1,1,,,,,,,,,,,,,,,,,,,,20,,,,,,,,,,,,,,,,,,,,COMPLETE
269,269,0.8999599839935974,2025-01-05 13:49:51.227039,2025-01-05 13:49:54.351925,0 days 00:00:03.124886,2,1,4.0,,,,,,,,,,,,,,,,,,,15,20.0,,,,,,,,,,,,,,,,,,,COMPLETE
270,270,0.8199279711884754,2025-01-05 13:49:54.352308,2025-01-05 13:49:58.362585,0 days 00:00:04.010277,3,1,4.0,,,,,,,,,,,1.0,,,,,,,,15,20.0,,,,,,,,,,,35.0,,,,,,,,COMPLETE
271,271,0.9089795918367347,2025-01-05 13:49:58.362981,2025-01-05 13:50:01.920998,0 days 00:00:03.558017,2,1,4.0,,,,,,,,,,,,,,,,,,,50,20.0,,,,,,,,,,,,,,,,,,,COMPLETE
272,272,0.8876127973748975,2025-01-05 13:50:01.921457,2025-01-05 13:50:05.536879,0 days 00:00:03.615422,2,1,3.0,,,,,,,,,,,,,,,,,,,50,20.0,,,,,,,,,,,,,,,,,,,COMPLETE
273,273,0.7627551020408163,2025-01-05 13:50:05.537279,2025-01-05 13:50:10.727368,0 days 00:00:05.190089,4,1,12.0,,,,,,,,,,,2.0,1.0,,,,,,,55,20.0,,,,,,,,,,,40.0,45.0,,,,,,,COMPLETE
274,274,0.8045454545454545,2025-01-05 13:50:10.727809,2025-01-05 13:50:13.810151,0 days 00:00:03.082342,1,1,,,,,,,,,,,,,,,,,,,,60,,,,,,,,,,,,,,,,,,,,COMPLETE
275,275,0.9089795918367347,2025-01-05 13:50:13.810511,2025-01-05 13:50:18.157487,0 days 00:00:04.346976,3,1,3.0,,,,,,,,,,,3.0,,,,,,,,45,20.0,,,,,,,,,,,30.0,,,,,,,,COMPLETE
276,276,0.5869565217391304,2025-01-05 13:50:18.157898,2025-01-05 13:50:22.901080,0 days 00:00:04.743182,4,1,3.0,,,,,,,,,,,3.0,5.0,,,,,,,50,20.0,,,,,,,,,,,30.0,40.0,,,,,,,COMPLETE
277,277,0.9093137254901961,2025-01-05 13:50:22.901515,2025-01-05 13:50:26.992712,0 days 00:00:04.091197,3,1,3.0,,,,,,,,,,,2.0,,,,,,,,50,20.0,,,,,,,,,,,30.0,,,,,,,,COMPLETE
278,278,0.8775,2025-01-05 13:50:26.993228,2025-01-05 13:50:31.092110,0 days 00:00:04.098882,3,1,3.0,,,,,,,,,,,2.0,,,,,,,,55,20.0,,,,,,,,,,,30.0,,,,,,,,COMPLETE
279,279,0.8075980392156863,2025-01-05 13:50:31.092646,2025-01-05 13:50:35.327986,0 days 00:00:04.235340,3,2,3.0,,,,,,,,,,,1.0,,,,,,,,45,20.0,,,,,,,,,,,35.0,,,,,,,,COMPLETE
280,280,0.6804255319148936,2025-01-05 13:50:35.328419,2025-01-05 13:50:40.425520,0 days 00:00:05.097101,4,1,3.0,,,,,,,,,,,2.0,7.0,,,,,,,45,25.0,,,,,,,,,,,25.0,35.0,,,,,,,COMPLETE
281,281,0.8599439775910365,2025-01-05 13:50:40.425950,2025-01-05 13:50:44.506966,0 days 00:00:04.081016,3,1,5.0,,,,,,,,,,,3.0,,,,,,,,50,20.0,,,,,,,,,,,30.0,,,,,,,,COMPLETE
282,282,0.8599439775910365,2025-01-05 13:50:44.507391,2025-01-05 13:50:48.785588,0 days 00:00:04.278197,3,2,3.0,,,,,,,,,,,1.0,,,,,,,,50,25.0,,,,,,,,,,,35.0,,,,,,,,COMPLETE
283,283,0.33636363636363636,2025-01-05 13:50:48.786001,2025-01-05 13:50:56.288059,0 days 00:00:07.502058,5,1,4.0,,,,,,,,,,,2.0,14.0,6.0,,,,,,55,20.0,,,,,,,,,,,30.0,50.0,45.0,,,,,,COMPLETE
284,284,0.8599439775910365,2025-01-05 13:50:56.288525,2025-01-05 13:51:00.421670,0 days 00:00:04.133145,3,1,4.0,,,,,,,,,,,4.0,,,,,,,,50,30.0,,,,,,,,,,,35.0,,,,,,,,COMPLETE
285,285,0.8891162029459901,2025-01-05 13:51:00.422155,2025-01-05 13:51:04.567493,0 days 00:00:04.145338,3,1,5.0,,,,,,,,,,,2.0,,,,,,,,55,10.0,,,,,,,,,,,25.0,,,,,,,,COMPLETE
286,286,0.8798076923076923,2025-01-05 13:51:04.567918,2025-01-05 13:51:09.215991,0 days 00:00:04.648073,3,2,5.0,,,,,,,,,,,1.0,,,,,,,,55,20.0,,,,,,,,,,,25.0,,,,,,,,COMPLETE
287,287,0.4504761904761905,2025-01-05 13:51:09.216424,2025-01-05 13:51:13.203251,0 days 00:00:03.986827,4,1,5.0,,,,,,,,,,,3.0,13.0,,,,,,,55,20.0,,,,,,,,,,,20.0,25.0,,,,,,,COMPLETE
288,288,0.86615515771526,2025-01-05 13:51:13.203687,2025-01-05 13:51:16.790302,0 days 00:00:03.586615,2,1,5.0,,,,,,,,,,,,,,,,,,,55,10.0,,,,,,,,,,,,,,,,,,,COMPLETE
289,289,0.8599439775910365,2025-01-05 13:51:16.790691,2025-01-05 13:51:20.428691,0 days 00:00:03.638000,3,1,3.0,,,,,,,,,,,2.0,,,,,,,,60,10.0,,,,,,,,,,,25.0,,,,,,,,COMPLETE
290,290,0.3018575851393189,2025-01-05 13:51:20.429107,2025-01-05 13:51:34.631371,0 days 00:00:14.202264,7,2,5.0,,,,,,,,,,,1.0,2.0,13.0,11.0,11.0,,,,55,5.0,,,,,,,,,,,30.0,55.0,20.0,10.0,45.0,,,,COMPLETE
291,291,0.8958333333333333,2025-01-05 13:51:34.631907,2025-01-05 13:51:37.924167,0 days 00:00:03.292260,2,1,8.0,,,,,,,,,,,,,,,,,,,40,15.0,,,,,,,,,,,,,,,,,,,COMPLETE
292,292,0.6248366013071895,2025-01-05 13:51:37.924558,2025-01-05 13:51:42.045720,0 days 00:00:04.121162,3,1,7.0,,,,,,,,,,,3.0,,,,,,,,45,15.0,,,,,,,,,,,25.0,,,,,,,,COMPLETE
293,293,0.823076923076923,2025-01-05 13:51:42.046137,2025-01-05 13:51:45.099661,0 days 00:00:03.053524,2,1,7.0,,,,,,,,,,,,,,,,,,,40,15.0,,,,,,,,,,,,,,,,,,,COMPLETE
294,294,0.7859410430839002,2025-01-05 13:51:45.100049,2025-01-05 13:51:48.445998,0 days 00:00:03.345949,2,2,8.0,,,,,,,,,,,,,,,,,,,45,20.0,,,,,,,,,,,,,,,,,,,COMPLETE
295,295,0.7777777777777778,2025-01-05 13:51:48.446388,2025-01-05 13:51:51.361235,0 days 00:00:02.914847,1,1,,,,,,,,,,,,,,,,,,,,45,,,,,,,,,,,,,,,,,,,,COMPLETE
296,296,0.88,2025-01-05 13:51:51.361590,2025-01-05 13:51:54.673961,0 days 00:00:03.312371,2,1,8.0,,,,,,,,,,,,,,,,,,,50,15.0,,,,,,,,,,,,,,,,,,,COMPLETE
297,297,0.6704545454545454,2025-01-05 13:51:54.674348,2025-01-05 13:51:59.265989,0 days 00:00:04.591641,3,2,9.0,,,,,,,,,,,4.0,,,,,,,,40,20.0,,,,,,,,,,,20.0,,,,,,,,COMPLETE
298,298,0.8999599839935974,2025-01-05 13:51:59.266416,2025-01-05 13:52:03.392390,0 days 00:00:04.125974,3,1,3.0,,,,,,,,,,,2.0,,,,,,,,50,10.0,,,,,,,,,,,25.0,,,,,,,,COMPLETE
299,299,0.7977777777777777,2025-01-05 13:52:03.392863,2025-01-05 13:52:06.546916,0 days 00:00:03.154053,1,1,,,,,,,,,,,,,,,,,,,,45,,,,,,,,,,,,,,,,,,,,COMPLETE
300,300,0.8481481481481481,2025-01-05 13:52:06.547398,2025-01-05 13:52:09.850866,0 days 00:00:03.303468,2,1,8.0,,,,,,,,,,,,,,,,,,,50,15.0,,,,,,,,,,,,,,,,,,,COMPLETE
301,301,0.8891162029459901,2025-01-05 13:52:09.851256,2025-01-05 13:52:13.482427,0 days 00:00:03.631171,2,1,3.0,,,,,,,,,,,,,,,,,,,50,20.0,,,,,,,,,,,,,,,,,,,COMPLETE
302,302,0.8599439775910365,2025-01-05 13:52:13.482930,2025-01-05 13:52:16.662273,0 days 00:00:03.179343,2,1,3.0,,,,,,,,,,,,,,,,,,,50,20.0,,,,,,,,,,,,,,,,,,,COMPLETE
303,303,0.8535353535353536,2025-01-05 13:52:16.662667,2025-01-05 13:52:21.259392,0 days 00:00:04.596725,3,2,3.0,,,,,,,,,,,1.0,,,,,,,,50,30.0,,,,,,,,,,,30.0,,,,,,,,COMPLETE
304,304,0.41053630754627435,2025-01-05 13:52:21.259800,2025-01-05 13:52:26.835404,0 days 00:00:05.575604,4,1,9.0,,,,,,,,,,,3.0,10.0,,,,,,,50,15.0,,,,,,,,,,,30.0,60.0,,,,,,,COMPLETE
305,305,0.19631410256410256,2025-01-05 13:52:26.835839,2025-01-05 13:52:34.634507,0 days 00:00:07.798668,11,1,3.0,10.0,,,,,,,,,,2.0,9.0,1.0,2.0,13.0,10.0,11.0,2.0,60,20.0,30.0,,,,,,,,,,20.0,20.0,25.0,20.0,35.0,55.0,10.0,30.0,COMPLETE
306,306,0.7721568627450981,2025-01-05 13:52:34.635110,2025-01-05 13:52:38.213517,0 days 00:00:03.578407,2,1,10.0,,,,,,,,,,,,,,,,,,,50,15.0,,,,,,,,,,,,,,,,,,,COMPLETE
307,307,0.7951505016722409,2025-01-05 13:52:38.213906,2025-01-05 13:52:42.839374,0 days 00:00:04.625468,3,2,4.0,,,,,,,,,,,5.0,,,,,,,,45,20.0,,,,,,,,,,,25.0,,,,,,,,COMPLETE
308,308,0.8284313725490196,2025-01-05 13:52:42.839786,2025-01-05 13:52:45.309513,0 days 00:00:02.469727,1,1,,,,,,,,,,,,,,,,,,,,20,,,,,,,,,,,,,,,,,,,,COMPLETE
309,309,0.8685714285714285,2025-01-05 13:52:45.309876,2025-01-05 13:52:48.647643,0 days 00:00:03.337767,2,1,4.0,,,,,,,,,,,,,,,,,,,45,25.0,,,,,,,,,,,,,,,,,,,COMPLETE
310,310,0.4889445139758031,2025-01-05 13:52:48.648028,2025-01-05 13:52:53.917811,0 days 00:00:05.269783,4,1,9.0,,,,,,,,,,,1.0,12.0,,,,,,,40,5.0,,,,,,,,,,,35.0,5.0,,,,,,,COMPLETE
311,311,0.8747826086956522,2025-01-05 13:52:53.918268,2025-01-05 13:52:56.807250,0 days 00:00:02.888982,2,2,4.0,,,,,,,,,,,,,,,,,,,15,20.0,,,,,,,,,,,,,,,,,,,COMPLETE
312,312,0.8864795918367347,2025-01-05 13:52:56.807636,2025-01-05 13:53:00.123028,0 days 00:00:03.315392,3,1,3.0,,,,,,,,,,,3.0,,,,,,,,15,10.0,,,,,,,,,,,35.0,,,,,,,,COMPLETE
313,313,0.8328267477203647,2025-01-05 13:53:00.123436,2025-01-05 13:53:03.093493,0 days 00:00:02.970057,1,1,,,,,,,,,,,,,,,,,,,,15,,,,,,,,,,,,,,,,,,,,COMPLETE
314,314,0.8678396072013093,2025-01-05 13:53:03.093851,2025-01-05 13:53:06.373928,0 days 00:00:03.280077,2,1,4.0,,,,,,,,,,,,,,,,,,,20,25.0,,,,,,,,,,,,,,,,,,,COMPLETE
315,315,0.8063986874487286,2025-01-05 13:53:06.374313,2025-01-05 13:53:09.290393,0 days 00:00:02.916080,2,2,4.0,,,,,,,,,,,,,,,,,,,15,20.0,,,,,,,,,,,,,,,,,,,COMPLETE
316,316,0.8486088379705401,2025-01-05 13:53:09.290775,2025-01-05 13:53:13.709037,0 days 00:00:04.418262,3,1,3.0,,,,,,,,,,,4.0,,,,,,,,10,15.0,,,,,,,,,,,30.0,,,,,,,,COMPLETE
317,317,0.7686628383921248,2025-01-05 13:53:13.709455,2025-01-05 13:53:16.698575,0 days 00:00:02.989120,1,1,,,,,,,,,,,,,,,,,,,,15,,,,,,,,,,,,,,,,,,,,COMPLETE
318,318,0.8389694041867954,2025-01-05 13:53:16.698936,2025-01-05 13:53:19.990656,0 days 00:00:03.291720,2,1,4.0,,,,,,,,,,,,,,,,,,,15,25.0,,,,,,,,,,,,,,,,,,,COMPLETE
319,319,0.8361204013377926,2025-01-05 13:53:19.991043,2025-01-05 13:53:24.071133,0 days 00:00:04.080090,3,2,4.0,,,,,,,,,,,2.0,,,,,,,,15,20.0,,,,,,,,,,,25.0,,,,,,,,COMPLETE
320,320,0.9173967459324155,2025-01-05 13:53:24.071538,2025-01-05 13:53:27.364097,0 days 00:00:03.292559,2,1,7.0,,,,,,,,,,,,,,,,,,,40,20.0,,,,,,,,,,,,,,,,,,,COMPLETE
321,321,0.4358974358974359,2025-01-05 13:53:27.364479,2025-01-05 13:53:39.700005,0 days 00:00:12.335526,6,1,7.0,,,,,,,,,,,1.0,15.0,4.0,9.0,,,,,50,20.0,,,,,,,,,,,40.0,15.0,5.0,30.0,,,,,COMPLETE
322,322,0.0,2025-01-05 13:53:39.700527,2025-01-05 13:54:09.142701,0 days 00:00:29.442174,18,1,3.0,6.0,7.0,13.0,9.0,4.0,11.0,7.0,9.0,,,2.0,11.0,15.0,13.0,8.0,5.0,4.0,5.0,15,20.0,15.0,55.0,20.0,35.0,45.0,20.0,60.0,35.0,,,30.0,25.0,60.0,35.0,10.0,25.0,55.0,40.0,COMPLETE
323,323,0.86615515771526,2025-01-05 13:54:09.143811,2025-01-05 13:54:12.754736,0 days 00:00:03.610925,3,2,5.0,,,,,,,,,,,3.0,,,,,,,,15,20.0,,,,,,,,,,,25.0,,,,,,,,COMPLETE
324,324,0.8868085106382979,2025-01-05 13:54:12.755161,2025-01-05 13:54:17.333922,0 days 00:00:04.578761,3,1,4.0,,,,,,,,,,,2.0,,,,,,,,20,30.0,,,,,,,,,,,20.0,,,,,,,,COMPLETE
325,325,0.88,2025-01-05 13:54:17.334328,2025-01-05 13:54:20.653621,0 days 00:00:03.319293,2,1,7.0,,,,,,,,,,,,,,,,,,,15,20.0,,,,,,,,,,,,,,,,,,,COMPLETE
326,326,0.7475490196078431,2025-01-05 13:54:20.654000,2025-01-05 13:54:22.766245,0 days 00:00:02.112245,1,2,,,,,,,,,,,,,,,,,,,,15,,,,,,,,,,,,,,,,,,,,COMPLETE
327,327,0.8599439775910365,2025-01-05 13:54:22.766599,2025-01-05 13:54:26.082242,0 days 00:00:03.315643,2,1,4.0,,,,,,,,,,,,,,,,,,,15,25.0,,,,,,,,,,,,,,,,,,,COMPLETE
328,328,0.86615515771526,2025-01-05 13:54:26.082609,2025-01-05 13:54:30.199847,0 days 00:00:04.117238,3,1,3.0,,,,,,,,,,,5.0,,,,,,,,50,20.0,,,,,,,,,,,30.0,,,,,,,,COMPLETE
329,329,0.48793330408073715,2025-01-05 13:54:30.200254,2025-01-05 13:54:36.935092,0 days 00:00:06.734838,9,1,4.0,,,,,,,,,,,1.0,3.0,8.0,15.0,12.0,8.0,9.0,,10,25.0,,,,,,,,,,,35.0,30.0,15.0,5.0,15.0,15.0,20.0,,COMPLETE
330,330,0.5637651821862348,2025-01-05 13:54:36.935608,2025-01-05 13:54:41.231584,0 days 00:00:04.295976,4,1,5.0,,,,,,,,,,,4.0,6.0,,,,,,,15,25.0,,,,,,,,,,,35.0,45.0,,,,,,,COMPLETE
331,331,0.8485714285714285,2025-01-05 13:54:41.232006,2025-01-05 13:54:45.079580,0 days 00:00:03.847574,2,2,7.0,,,,,,,,,,,,,,,,,,,45,20.0,,,,,,,,,,,,,,,,,,,COMPLETE
332,332,0.7616869918699187,2025-01-05 13:54:45.079957,2025-01-05 13:54:48.055533,0 days 00:00:02.975576,1,1,,,,,,,,,,,,,,,,,,,,20,,,,,,,,,,,,,,,,,,,,COMPLETE
333,333,0.8281632653061224,2025-01-05 13:54:48.055884,2025-01-05 13:54:51.008712,0 days 00:00:02.952828,2,1,4.0,,,,,,,,,,,,,,,,,,,15,20.0,,,,,,,,,,,,,,,,,,,COMPLETE
334,334,0.5952380952380952,2025-01-05 13:54:51.009089,2025-01-05 13:54:55.135482,0 days 00:00:04.126393,3,2,3.0,,,,,,,,,,,11.0,,,,,,,,10,55.0,,,,,,,,,,,30.0,,,,,,,,COMPLETE
335,335,0.8599439775910365,2025-01-05 13:54:55.135869,2025-01-05 13:54:58.464443,0 days 00:00:03.328574,2,1,4.0,,,,,,,,,,,,,,,,,,,15,10.0,,,,,,,,,,,,,,,,,,,COMPLETE
336,336,0.828137817883511,2025-01-05 13:54:58.464812,2025-01-05 13:55:02.017735,0 days 00:00:03.552923,3,1,5.0,,,,,,,,,,,3.0,,,,,,,,15,20.0,,,,,,,,,,,40.0,,,,,,,,COMPLETE
337,337,0.8110349801658854,2025-01-05 13:55:02.018208,2025-01-05 13:55:04.825817,0 days 00:00:02.807609,1,1,,,,,,,,,,,,,,,,,,,,20,,,,,,,,,,,,,,,,,,,,COMPLETE
338,338,0.8480392156862746,2025-01-05 13:55:04.826187,2025-01-05 13:55:08.211463,0 days 00:00:03.385276,2,1,3.0,,,,,,,,,,,,,,,,,,,50,25.0,,,,,,,,,,,,,,,,,,,COMPLETE
339,339,0.500709219858156,2025-01-05 13:55:08.211839,2025-01-05 13:55:13.542529,0 days 00:00:05.330690,4,2,6.0,,,,,,,,,,,2.0,14.0,,,,,,,15,55.0,,,,,,,,,,,25.0,15.0,,,,,,,COMPLETE
340,340,0.8,2025-01-05 13:55:13.542944,2025-01-05 13:55:17.567320,0 days 00:00:04.024376,3,1,4.0,,,,,,,,,,,1.0,,,,,,,,15,20.0,,,,,,,,,,,15.0,,,,,,,,COMPLETE
341,341,0.8397435897435898,2025-01-05 13:55:17.567721,2025-01-05 13:55:20.871573,0 days 00:00:03.303852,2,1,5.0,,,,,,,,,,,,,,,,,,,15,20.0,,,,,,,,,,,,,,,,,,,COMPLETE
342,342,0.6747491638795986,2025-01-05 13:55:20.871953,2025-01-05 13:55:24.823373,0 days 00:00:03.951420,3,1,3.0,,,,,,,,,,,9.0,,,,,,,,15,25.0,,,,,,,,,,,35.0,,,,,,,,COMPLETE
343,343,0.7596153846153846,2025-01-05 13:55:24.823768,2025-01-05 13:55:28.174878,0 days 00:00:03.351110,1,2,,,,,,,,,,,,,,,,,,,,45,,,,,,,,,,,,,,,,,,,,COMPLETE
344,344,0.816020025031289,2025-01-05 13:55:28.175238,2025-01-05 13:55:31.545509,0 days 00:00:03.370271,2,1,4.0,,,,,,,,,,,,,,,,,,,10,55.0,,,,,,,,,,,,,,,,,,,COMPLETE
345,345,0.8042553191489361,2025-01-05 13:55:31.545883,2025-01-05 13:55:36.058485,0 days 00:00:04.512602,2,5,4.0,,,,,,,,,,,,,,,,,,,40,60.0,,,,,,,,,,,,,,,,,,,COMPLETE
346,346,0.9089795918367347,2025-01-05 13:55:36.058860,2025-01-05 13:55:39.382428,0 days 00:00:03.323568,2,1,4.0,,,,,,,,,,,,,,,,,,,15,10.0,,,,,,,,,,,,,,,,,,,COMPLETE
347,347,0.7077724706904038,2025-01-05 13:55:39.382913,2025-01-05 13:55:43.238154,0 days 00:00:03.855241,3,1,5.0,,,,,,,,,,,4.0,,,,,,,,15,10.0,,,,,,,,,,,40.0,,,,,,,,COMPLETE
348,348,0.8687448728465956,2025-01-05 13:55:43.238671,2025-01-05 13:55:45.918324,0 days 00:00:02.679653,2,2,3.0,,,,,,,,,,,,,,,,,,,20,10.0,,,,,,,,,,,,,,,,,,,COMPLETE
349,349,0.7947434292866082,2025-01-05 13:55:45.918694,2025-01-05 13:55:50.043345,0 days 00:00:04.124651,3,1,4.0,,,,,,,,,,,3.0,,,,,,,,50,10.0,,,,,,,,,,,15.0,,,,,,,,COMPLETE
350,350,0.46739130434782605,2025-01-05 13:55:50.043762,2025-01-05 13:55:55.522363,0 days 00:00:05.478601,4,1,6.0,,,,,,,,,,,2.0,8.0,,,,,,,15,10.0,,,,,,,,,,,20.0,35.0,,,,,,,COMPLETE
351,351,0.8452991452991453,2025-01-05 13:55:55.522784,2025-01-05 13:55:58.585321,0 days 00:00:03.062537,2,1,4.0,,,,,,,,,,,,,,,,,,,15,15.0,,,,,,,,,,,,,,,,,,,COMPLETE
352,352,0.7037037037037037,2025-01-05 13:55:58.585697,2025-01-05 13:56:02.340461,0 days 00:00:03.754764,3,2,5.0,,,,,,,,,,,1.0,,,,,,,,15,30.0,,,,,,,,,,,30.0,,,,,,,,COMPLETE
353,353,0.8376623376623377,2025-01-05 13:56:02.340937,2025-01-05 13:56:05.313250,0 days 00:00:02.972313,1,1,,,,,,,,,,,,,,,,,,,,15,,,,,,,,,,,,,,,,,,,,COMPLETE
354,354,0.8798076923076923,2025-01-05 13:56:05.313616,2025-01-05 13:56:08.872878,0 days 00:00:03.559262,2,1,3.0,,,,,,,,,,,,,,,,,,,15,5.0,,,,,,,,,,,,,,,,,,,COMPLETE
355,355,0.784506273867976,2025-01-05 13:56:08.873263,2025-01-05 13:56:12.189287,0 days 00:00:03.316024,1,1,,,,,,,,,,,,,,,,,,,,10,,,,,,,,,,,,,,,,,,,,COMPLETE
356,356,0.9198717948717949,2025-01-05 13:56:12.189647,2025-01-05 13:56:15.812540,0 days 00:00:03.622893,2,1,4.0,,,,,,,,,,,,,,,,,,,60,20.0,,,,,,,,,,,,,,,,,,,COMPLETE
357,357,0.7916012558869702,2025-01-05 13:56:15.812923,2025-01-05 13:56:20.283779,0 days 00:00:04.470856,3,2,6.0,,,,,,,,,,,3.0,,,,,,,,60,20.0,,,,,,,,,,,25.0,,,,,,,,COMPLETE
358,358,0.8996386993175431,2025-01-05 13:56:20.284197,2025-01-05 13:56:23.978125,0 days 00:00:03.693928,2,1,2.0,,,,,,,,,,,,,,,,,,,60,25.0,,,,,,,,,,,,,,,,,,,COMPLETE
359,359,0.391156462585034,2025-01-05 13:56:23.978505,2025-01-05 13:56:39.847690,0 days 00:00:15.869185,5,14,4.0,,,,,,,,,,,2.0,3.0,7.0,,,,,,60,15.0,,,,,,,,,,,30.0,50.0,40.0,,,,,,COMPLETE
360,360,0.928921568627451,2025-01-05 13:56:39.848188,2025-01-05 13:56:43.924099,0 days 00:00:04.075911,3,1,5.0,,,,,,,,,,,1.0,,,,,,,,50,20.0,,,,,,,,,,,35.0,,,,,,,,COMPLETE
361,361,0.8688725490196079,2025-01-05 13:56:43.924509,2025-01-05 13:56:47.259113,0 days 00:00:03.334604,2,1,5.0,,,,,,,,,,,,,,,,,,,50,20.0,,,,,,,,,,,,,,,,,,,COMPLETE
362,362,0.8116627265563435,2025-01-05 13:56:47.259500,2025-01-05 13:56:50.080348,0 days 00:00:02.820848,1,1,,,,,,,,,,,,,,,,,,,,55,,,,,,,,,,,,,,,,,,,,COMPLETE
363,363,0.6959517657192076,2025-01-05 13:56:50.080712,2025-01-05 13:56:55.014108,0 days 00:00:04.933396,4,1,5.0,,,,,,,,,,,1.0,7.0,,,,,,,55,20.0,,,,,,,,,,,40.0,40.0,,,,,,,COMPLETE
364,364,0.8081632653061225,2025-01-05 13:56:55.014541,2025-01-05 13:56:59.128135,0 days 00:00:04.113594,3,1,15.0,,,,,,,,,,,1.0,,,,,,,,50,20.0,,,,,,,,,,,20.0,,,,,,,,COMPLETE
365,365,0.9183673469387755,2025-01-05 13:56:59.128540,2025-01-05 13:57:02.472896,0 days 00:00:03.344356,2,1,4.0,,,,,,,,,,,,,,,,,,,50,10.0,,,,,,,,,,,,,,,,,,,COMPLETE
366,366,0.9399759903961584,2025-01-05 13:57:02.473290,2025-01-05 13:57:06.030285,0 days 00:00:03.556995,2,1,4.0,,,,,,,,,,,,,,,,,,,50,20.0,,,,,,,,,,,,,,,,,,,COMPLETE
367,367,0.7647969052224372,2025-01-05 13:57:06.030671,2025-01-05 13:57:09.192457,0 days 00:00:03.161786,1,1,,,,,,,,,,,,,,,,,,,,50,,,,,,,,,,,,,,,,,,,,COMPLETE
368,368,0.8876127973748975,2025-01-05 13:57:09.192817,2025-01-05 13:57:12.767285,0 days 00:00:03.574468,2,1,4.0,,,,,,,,,,,,,,,,,,,50,25.0,,,,,,,,,,,,,,,,,,,COMPLETE
369,369,0.8685714285714285,2025-01-05 13:57:12.767671,2025-01-05 13:57:16.341547,0 days 00:00:03.573876,2,1,5.0,,,,,,,,,,,,,,,,,,,50,20.0,,,,,,,,,,,,,,,,,,,COMPLETE
370,370,0.8547826086956521,2025-01-05 13:57:16.342047,2025-01-05 13:57:19.920606,0 days 00:00:03.578559,2,1,4.0,,,,,,,,,,,,,,,,,,,55,20.0,,,,,,,,,,,,,,,,,,,COMPLETE
371,371,0.7596153846153846,2025-01-05 13:57:19.921120,2025-01-05 13:57:23.368803,0 days 00:00:03.447683,1,2,,,,,,,,,,,,,,,,,,,,50,,,,,,,,,,,,,,,,,,,,COMPLETE
372,372,0.891287284144427,2025-01-05 13:57:23.369184,2025-01-05 13:57:26.954335,0 days 00:00:03.585151,2,1,4.0,,,,,,,,,,,,,,,,,,,45,25.0,,,,,,,,,,,,,,,,,,,COMPLETE
373,373,0.10978835978835978,2025-01-05 13:57:26.954719,2025-01-05 13:57:41.978949,0 days 00:00:15.024230,8,1,4.0,,,,,,,,,,,4.0,5.0,3.0,5.0,6.0,2.0,,,50,15.0,,,,,,,,,,,45.0,55.0,45.0,55.0,30.0,35.0,,,COMPLETE
374,374,0.8389694041867954,2025-01-05 13:57:41.979494,2025-01-05 13:57:45.343838,0 days 00:00:03.364344,2,1,5.0,,,,,,,,,,,,,,,,,,,55,20.0,,,,,,,,,,,,,,,,,,,COMPLETE
375,375,0.8594941790445605,2025-01-05 13:57:45.344231,2025-01-05 13:57:48.746879,0 days 00:00:03.402648,2,1,4.0,,,,,,,,,,,,,,,,,,,60,30.0,,,,,,,,,,,,,,,,,,,COMPLETE
376,376,0.7005813953488372,2025-01-05 13:57:48.747273,2025-01-05 13:57:52.170725,0 days 00:00:03.423452,1,2,,,,,,,,,,,,,,,,,,,,50,,,,,,,,,,,,,,,,,,,,COMPLETE
377,377,0.9198717948717949,2025-01-05 13:57:52.171098,2025-01-05 13:57:55.751170,0 days 00:00:03.580072,2,1,4.0,,,,,,,,,,,,,,,,,,,50,55.0,,,,,,,,,,,,,,,,,,,COMPLETE
378,378,0.8688725490196079,2025-01-05 13:57:55.751556,2025-01-05 13:57:58.890959,0 days 00:00:03.139403,2,1,5.0,,,,,,,,,,,,,,,,,,,50,55.0,,,,,,,,,,,,,,,,,,,COMPLETE
379,379,0.8081632653061225,2025-01-05 13:57:58.891355,2025-01-05 13:58:03.107584,0 days 00:00:04.216229,3,2,4.0,,,,,,,,,,,5.0,,,,,,,,35,55.0,,,,,,,,,,,45.0,,,,,,,,COMPLETE
380,380,0.7494572297003907,2025-01-05 13:58:03.108075,2025-01-05 13:58:07.272098,0 days 00:00:04.164023,3,1,4.0,,,,,,,,,,,8.0,,,,,,,,50,60.0,,,,,,,,,,,40.0,,,,,,,,COMPLETE
381,381,0.8107142857142857,2025-01-05 13:58:07.272527,2025-01-05 13:58:10.196315,0 days 00:00:02.923788,1,1,,,,,,,,,,,,,,,,,,,,45,,,,,,,,,,,,,,,,,,,,COMPLETE
382,382,0.9277210884353742,2025-01-05 13:58:10.196681,2025-01-05 13:58:13.560049,0 days 00:00:03.363368,2,1,5.0,,,,,,,,,,,,,,,,,,,50,55.0,,,,,,,,,,,,,,,,,,,COMPLETE
383,383,0.8765123070504798,2025-01-05 13:58:13.560434,2025-01-05 13:58:16.899025,0 days 00:00:03.338591,2,1,5.0,,,,,,,,,,,,,,,,,,,50,55.0,,,,,,,,,,,,,,,,,,,COMPLETE
384,384,0.8096264367816092,2025-01-05 13:58:16.899415,2025-01-05 13:58:18.603600,0 days 00:00:01.704185,1,1,,,,,,,,,,,,,,,,,,,,50,,,,,,,,,,,,,,,,,,,,COMPLETE
385,385,0.13916256157635468,2025-01-05 13:58:18.603960,2025-01-05 13:58:24.697847,0 days 00:00:06.093887,13,1,5.0,4.0,3.0,3.0,,,,,,,,7.0,10.0,5.0,14.0,2.0,7.0,2.0,13.0,50,55.0,45.0,40.0,60.0,,,,,,,,15.0,10.0,20.0,40.0,50.0,45.0,40.0,15.0,COMPLETE
386,386,0.8979591836734694,2025-01-05 13:58:24.698469,2025-01-05 13:58:28.271049,0 days 00:00:03.572580,2,1,5.0,,,,,,,,,,,,,,,,,,,50,10.0,,,,,,,,,,,,,,,,,,,COMPLETE
387,387,0.765791632485644,2025-01-05 13:58:28.271445,2025-01-05 13:58:31.010733,0 days 00:00:02.739288,1,1,,,,,,,,,,,,,,,,,,,,45,,,,,,,,,,,,,,,,,,,,COMPLETE
388,388,0.9093137254901961,2025-01-05 13:58:31.011107,2025-01-05 13:58:34.317128,0 days 00:00:03.306021,2,1,4.0,,,,,,,,,,,,,,,,,,,50,55.0,,,,,,,,,,,,,,,,,,,COMPLETE
389,389,0.8868085106382979,2025-01-05 13:58:34.317515,2025-01-05 13:58:38.308386,0 days 00:00:03.990871,2,2,4.0,,,,,,,,,,,,,,,,,,,50,55.0,,,,,,,,,,,,,,,,,,,COMPLETE
390,390,0.9183333333333333,2025-01-05 13:58:38.308768,2025-01-05 13:58:41.639695,0 days 00:00:03.330927,2,1,4.0,,,,,,,,,,,,,,,,,,,50,55.0,,,,,,,,,,,,,,,,,,,COMPLETE
391,391,0.9697959183673469,2025-01-05 13:58:41.640092,2025-01-05 13:58:44.987403,0 days 00:00:03.347311,2,1,4.0,,,,,,,,,,,,,,,,,,,50,55.0,,,,,,,,,,,,,,,,,,,COMPLETE
392,392,0.7958333333333334,2025-01-05 13:58:44.987771,2025-01-05 13:58:47.989824,0 days 00:00:03.002053,1,1,,,,,,,,,,,,,,,,,,,,50,,,,,,,,,,,,,,,,,,,,COMPLETE
393,393,0.8747826086956522,2025-01-05 13:58:47.990180,2025-01-05 13:58:51.716336,0 days 00:00:03.726156,2,2,4.0,,,,,,,,,,,,,,,,,,,50,55.0,,,,,,,,,,,,,,,,,,,COMPLETE
394,394,0.7557932263814617,2025-01-05 13:58:51.716705,2025-01-05 13:58:59.730034,0 days 00:00:08.013329,2,13,4.0,,,,,,,,,,,,,,,,,,,50,55.0,,,,,,,,,,,,,,,,,,,COMPLETE
395,395,0.8020186335403727,2025-01-05 13:58:59.730679,2025-01-05 13:59:02.687666,0 days 00:00:02.956987,1,1,,,,,,,,,,,,,,,,,,,,50,,,,,,,,,,,,,,,,,,,,COMPLETE
396,396,0.8775,2025-01-05 13:59:02.688104,2025-01-05 13:59:06.045849,0 days 00:00:03.357745,2,1,5.0,,,,,,,,,,,,,,,,,,,50,55.0,,,,,,,,,,,,,,,,,,,COMPLETE
397,397,0.9083469721767594,2025-01-05 13:59:06.046243,2025-01-05 13:59:09.408274,0 days 00:00:03.362031,2,1,4.0,,,,,,,,,,,,,,,,,,,50,55.0,,,,,,,,,,,,,,,,,,,COMPLETE
398,398,0.7645502645502645,2025-01-05 13:59:09.408647,2025-01-05 13:59:12.362590,0 days 00:00:02.953943,1,1,,,,,,,,,,,,,,,,,,,,50,,,,,,,,,,,,,,,,,,,,COMPLETE
399,399,0.898989898989899,2025-01-05 13:59:12.362942,2025-01-05 13:59:16.103456,0 days 00:00:03.740514,2,2,4.0,,,,,,,,,,,,,,,,,,,50,55.0,,,,,,,,,,,,,,,,,,,COMPLETE
400,400,0.8963210702341138,2025-01-05 13:59:16.103827,2025-01-05 13:59:19.448873,0 days 00:00:03.345046,2,1,4.0,,,,,,,,,,,,,,,,,,,50,55.0,,,,,,,,,,,,,,,,,,,COMPLETE
401,401,0.7847222222222222,2025-01-05 13:59:19.449257,2025-01-05 13:59:22.032061,0 days 00:00:02.582804,1,1,,,,,,,,,,,,,,,,,,,,50,,,,,,,,,,,,,,,,,,,,COMPLETE
402,402,0.7994676131322094,2025-01-05 13:59:22.032410,2025-01-05 13:59:30.941600,0 days 00:00:08.909190,2,15,5.0,,,,,,,,,,,,,,,,,,,50,60.0,,,,,,,,,,,,,,,,,,,COMPLETE
403,403,0.88,2025-01-05 13:59:30.942000,2025-01-05 13:59:34.295486,0 days 00:00:03.353486,2,1,4.0,,,,,,,,,,,,,,,,,,,50,55.0,,,,,,,,,,,,,,,,,,,COMPLETE
404,404,0.8999599839935974,2025-01-05 13:59:34.295859,2025-01-05 13:59:37.713913,0 days 00:00:03.418054,2,1,5.0,,,,,,,,,,,,,,,,,,,55,55.0,,,,,,,,,,,,,,,,,,,COMPLETE
405,405,0.779205138498595,2025-01-05 13:59:37.714292,2025-01-05 13:59:40.685692,0 days 00:00:02.971400,1,1,,,,,,,,,,,,,,,,,,,,50,,,,,,,,,,,,,,,,,,,,COMPLETE
406,406,0.9180602006688963,2025-01-05 13:59:40.686052,2025-01-05 13:59:44.055369,0 days 00:00:03.369317,2,1,4.0,,,,,,,,,,,,,,,,,,,50,60.0,,,,,,,,,,,,,,,,,,,COMPLETE
407,407,0.34029038112522686,2025-01-05 13:59:44.055747,2025-01-05 13:59:46.738928,0 days 00:00:02.683181,15,2,4.0,12.0,10.0,8.0,4.0,11.0,,,,,,6.0,4.0,11.0,10.0,6.0,14.0,7.0,11.0,50,60.0,25.0,10.0,10.0,50.0,20.0,,,,,,45.0,60.0,10.0,25.0,60.0,10.0,10.0,50.0,COMPLETE
408,408,0.8781810596579057,2025-01-05 13:59:46.739568,2025-01-05 13:59:50.106259,0 days 00:00:03.366691,2,1,4.0,,,,,,,,,,,,,,,,,,,50,60.0,,,,,,,,,,,,,,,,,,,COMPLETE
409,409,0.5695394436844505,2025-01-05 13:59:50.106638,2025-01-05 13:59:54.197961,0 days 00:00:04.091323,3,2,5.0,,,,,,,,,,,13.0,,,,,,,,50,55.0,,,,,,,,,,,10.0,,,,,,,,COMPLETE
410,410,0.8798076923076923,2025-01-05 13:59:54.198370,2025-01-05 13:59:57.849441,0 days 00:00:03.651071,2,1,4.0,,,,,,,,,,,,,,,,,,,55,60.0,,,,,,,,,,,,,,,,,,,COMPLETE
411,411,0.795959595959596,2025-01-05 13:59:57.849816,2025-01-05 14:00:00.761242,0 days 00:00:02.911426,1,1,,,,,,,,,,,,,,,,,,,,45,,,,,,,,,,,,,,,,,,,,COMPLETE
412,412,0.8494071146245059,2025-01-05 14:00:00.761665,2025-01-05 14:00:04.846550,0 days 00:00:04.084885,3,1,5.0,,,,,,,,,,,5.0,,,,,,,,50,55.0,,,,,,,,,,,50.0,,,,,,,,COMPLETE
413,413,0.8781810596579057,2025-01-05 14:00:04.846974,2025-01-05 14:00:08.240542,0 days 00:00:03.393568,2,1,4.0,,,,,,,,,,,,,,,,,,,50,60.0,,,,,,,,,,,,,,,,,,,COMPLETE
414,414,0.779205138498595,2025-01-05 14:00:08.240928,2025-01-05 14:00:12.423406,0 days 00:00:04.182478,3,2,4.0,,,,,,,,,,,6.0,,,,,,,,50,55.0,,,,,,,,,,,50.0,,,,,,,,COMPLETE
415,415,0.8666666666666667,2025-01-05 14:00:12.423819,2025-01-05 14:00:16.034215,0 days 00:00:03.610396,2,1,5.0,,,,,,,,,,,,,,,,,,,50,55.0,,,,,,,,,,,,,,,,,,,COMPLETE
416,416,0.817230273752013,2025-01-05 14:00:16.034599,2025-01-05 14:00:19.009074,0 days 00:00:02.974475,1,1,,,,,,,,,,,,,,,,,,,,50,,,,,,,,,,,,,,,,,,,,COMPLETE
417,417,0.8561844863731656,2025-01-05 14:00:19.009428,2025-01-05 14:00:22.405876,0 days 00:00:03.396448,2,1,4.0,,,,,,,,,,,,,,,,,,,55,60.0,,,,,,,,,,,,,,,,,,,COMPLETE
418,418,0.4565217391304348,2025-01-05 14:00:22.406262,2025-01-05 14:00:26.841474,0 days 00:00:04.435212,3,1,14.0,,,,,,,,,,,7.0,,,,,,,,45,55.0,,,,,,,,,,,55.0,,,,,,,,COMPLETE
419,419,0.0,2025-01-05 14:00:26.842008,2025-01-05 14:00:59.986601,0 days 00:00:33.144593,20,2,4.0,8.0,15.0,12.0,9.0,4.0,4.0,8.0,9.0,15.0,4.0,14.0,1.0,4.0,7.0,1.0,10.0,13.0,8.0,50,55.0,35.0,35.0,45.0,50.0,50.0,45.0,25.0,60.0,60.0,5.0,15.0,20.0,55.0,45.0,35.0,40.0,20.0,55.0,COMPLETE
420,420,0.8775,2025-01-05 14:00:59.987557,2025-01-05 14:01:03.608457,0 days 00:00:03.620900,2,1,3.0,,,,,,,,,,,,,,,,,,,45,55.0,,,,,,,,,,,,,,,,,,,COMPLETE
421,421,0.8116627265563435,2025-01-05 14:01:03.608901,2025-01-05 14:01:06.737870,0 days 00:00:03.128969,1,1,,,,,,,,,,,,,,,,,,,,50,,,,,,,,,,,,,,,,,,,,COMPLETE
422,422,0.80306905370844,2025-01-05 14:01:06.738238,2025-01-05 14:01:10.795803,0 days 00:00:04.057565,3,1,4.0,,,,,,,,,,,5.0,,,,,,,,50,60.0,,,,,,,,,,,45.0,,,,,,,,COMPLETE
423,423,0.823076923076923,2025-01-05 14:01:10.796201,2025-01-05 14:01:14.299393,0 days 00:00:03.503192,2,2,4.0,,,,,,,,,,,,,,,,,,,35,55.0,,,,,,,,,,,,,,,,,,,COMPLETE
424,424,0.8999599839935974,2025-01-05 14:01:14.299768,2025-01-05 14:01:17.707897,0 days 00:00:03.408129,2,1,5.0,,,,,,,,,,,,,,,,,,,55,55.0,,,,,,,,,,,,,,,,,,,COMPLETE
425,425,0.4721706864564007,2025-01-05 14:01:17.708275,2025-01-05 14:01:21.718236,0 days 00:00:04.009961,3,1,4.0,,,,,,,,,,,12.0,,,,,,,,30,15.0,,,,,,,,,,,45.0,,,,,,,,COMPLETE
426,426,0.7596153846153846,2025-01-05 14:01:21.718629,2025-01-05 14:01:24.754393,0 days 00:00:03.035764,1,2,,,,,,,,,,,,,,,,,,,,40,,,,,,,,,,,,,,,,,,,,COMPLETE
427,427,0.9093137254901961,2025-01-05 14:01:24.754737,2025-01-05 14:01:28.130618,0 days 00:00:03.375881,2,1,5.0,,,,,,,,,,,,,,,,,,,50,60.0,,,,,,,,,,,,,,,,,,,COMPLETE
428,428,0.8678396072013093,2025-01-05 14:01:28.130987,2025-01-05 14:01:31.511882,0 days 00:00:03.380895,2,1,5.0,,,,,,,,,,,,,,,,,,,50,60.0,,,,,,,,,,,,,,,,,,,COMPLETE
429,429,0.8125,2025-01-05 14:01:31.512260,2025-01-05 14:01:35.846828,0 days 00:00:04.334568,3,1,5.0,,,,,,,,,,,4.0,,,,,,,,50,55.0,,,,,,,,,,,10.0,,,,,,,,COMPLETE
430,430,0.8884803921568627,2025-01-05 14:01:35.847227,2025-01-05 14:01:38.763209,0 days 00:00:02.915982,2,1,5.0,,,,,,,,,,,,,,,,,,,50,60.0,,,,,,,,,,,,,,,,,,,COMPLETE
431,431,0.767156862745098,2025-01-05 14:01:38.763573,2025-01-05 14:01:42.404169,0 days 00:00:03.640596,1,2,,,,,,,,,,,,,,,,,,,,50,,,,,,,,,,,,,,,,,,,,COMPLETE
432,432,0.0,2025-01-05 14:01:42.404510,2025-01-05 14:02:13.263410,0 days 00:00:30.858900,19,1,5.0,3.0,6.0,6.0,13.0,15.0,12.0,11.0,1.0,1.0,,9.0,9.0,12.0,3.0,14.0,1.0,3.0,6.0,50,60.0,10.0,20.0,25.0,5.0,30.0,40.0,45.0,20.0,30.0,,5.0,5.0,35.0,15.0,5.0,20.0,50.0,25.0,COMPLETE
433,433,0.5720502901353965,2025-01-05 14:02:13.264183,2025-01-05 14:02:17.436794,0 days 00:00:04.172611,3,1,5.0,,,,,,,,,,,10.0,,,,,,,,55,60.0,,,,,,,,,,,20.0,,,,,,,,COMPLETE
434,434,0.8594941790445605,2025-01-05 14:02:17.437200,2025-01-05 14:02:21.037578,0 days 00:00:03.600378,2,1,3.0,,,,,,,,,,,,,,,,,,,45,60.0,,,,,,,,,,,,,,,,,,,COMPLETE
435,435,0.8193496587715776,2025-01-05 14:02:21.038087,2025-01-05 14:02:24.572532,0 days 00:00:03.534445,1,1,,,,,,,,,,,,,,,,,,,,50,,,,,,,,,,,,,,,,,,,,COMPLETE
436,436,0.8884803921568627,2025-01-05 14:02:24.572999,2025-01-05 14:02:28.321986,0 days 00:00:03.748987,2,2,3.0,,,,,,,,,,,,,,,,,,,50,55.0,,,,,,,,,,,,,,,,,,,COMPLETE
437,437,0.6039947894051237,2025-01-05 14:02:28.322369,2025-01-05 14:02:32.840478,0 days 00:00:04.518109,3,1,4.0,,,,,,,,,,,15.0,,,,,,,,55,60.0,,,,,,,,,,,40.0,,,,,,,,COMPLETE
438,438,0.28095238095238095,2025-01-05 14:02:32.840868,2025-01-05 14:02:41.975084,0 days 00:00:09.134216,9,1,5.0,,,,,,,,,,,6.0,8.0,14.0,12.0,5.0,14.0,2.0,,50,55.0,,,,,,,,,,,20.0,30.0,25.0,40.0,40.0,55.0,55.0,,COMPLETE
439,439,0.8599439775910365,2025-01-05 14:02:41.975606,2025-01-05 14:02:45.547665,0 days 00:00:03.572059,2,1,4.0,,,,,,,,,,,,,,,,,,,45,15.0,,,,,,,,,,,,,,,,,,,COMPLETE
440,440,0.8594941790445605,2025-01-05 14:02:45.548045,2025-01-05 14:02:49.290520,0 days 00:00:03.742475,2,2,4.0,,,,,,,,,,,,,,,,,,,50,55.0,,,,,,,,,,,,,,,,,,,COMPLETE
441,441,0.15384615384615385,2025-01-05 14:02:49.290890,2025-01-05 14:02:51.986464,0 days 00:00:02.695574,12,6,5.0,13.0,2.0,,,,,,,,,11.0,4.0,8.0,4.0,11.0,8.0,11.0,1.0,50,55.0,55.0,45.0,,,,,,,,,35.0,45.0,30.0,25.0,20.0,5.0,45.0,60.0,COMPLETE
442,442,0.830181245074862,2025-01-05 14:02:51.987037,2025-01-05 14:02:56.078662,0 days 00:00:04.091625,3,1,3.0,,,,,,,,,,,6.0,,,,,,,,50,60.0,,,,,,,,,,,55.0,,,,,,,,COMPLETE
443,443,0.7937710437710437,2025-01-05 14:02:56.079060,2025-01-05 14:02:59.219292,0 days 00:00:03.140232,1,1,,,,,,,,,,,,,,,,,,,,20,,,,,,,,,,,,,,,,,,,,COMPLETE
444,444,0.5607843137254902,2025-01-05 14:02:59.219642,2025-01-05 14:03:04.087946,0 days 00:00:04.868304,4,1,4.0,,,,,,,,,,,1.0,13.0,,,,,,,50,15.0,,,,,,,,,,,60.0,10.0,,,,,,,COMPLETE
445,445,0.8685714285714285,2025-01-05 14:03:04.088378,2025-01-05 14:03:07.507487,0 days 00:00:03.419109,2,1,4.0,,,,,,,,,,,,,,,,,,,55,55.0,,,,,,,,,,,,,,,,,,,COMPLETE
446,446,0.681159420289855,2025-01-05 14:03:07.507856,2025-01-05 14:03:11.503782,0 days 00:00:03.995926,3,2,5.0,,,,,,,,,,,4.0,,,,,,,,10,55.0,,,,,,,,,,,25.0,,,,,,,,COMPLETE
447,447,0.8996386993175431,2025-01-05 14:03:11.504179,2025-01-05 14:03:14.826687,0 days 00:00:03.322508,2,1,4.0,,,,,,,,,,,,,,,,,,,45,20.0,,,,,,,,,,,,,,,,,,,COMPLETE
448,448,0.8437137330754352,2025-01-05 14:03:14.827066,2025-01-05 14:03:17.797326,0 days 00:00:02.970260,1,1,,,,,,,,,,,,,,,,,,,,50,,,,,,,,,,,,,,,,,,,,COMPLETE
449,449,0.8983333333333333,2025-01-05 14:03:17.797678,2025-01-05 14:03:21.162781,0 days 00:00:03.365103,2,1,5.0,,,,,,,,,,,,,,,,,,,50,60.0,,,,,,,,,,,,,,,,,,,COMPLETE
450,450,0.29375,2025-01-05 14:03:21.163166,2025-01-05 14:03:35.249857,0 days 00:00:14.086691,7,2,4.0,,,,,,,,,,,5.0,11.0,1.0,2.0,9.0,,,,55,20.0,,,,,,,,,,,15.0,25.0,50.0,50.0,45.0,,,,COMPLETE
451,451,0.9083469721767594,2025-01-05 14:03:35.250363,2025-01-05 14:03:39.015696,0 days 00:00:03.765333,3,1,4.0,,,,,,,,,,,4.0,,,,,,,,35,55.0,,,,,,,,,,,40.0,,,,,,,,COMPLETE
452,452,0.9089795918367347,2025-01-05 14:03:39.016103,2025-01-05 14:03:42.395611,0 days 00:00:03.379508,2,1,3.0,,,,,,,,,,,,,,,,,,,50,15.0,,,,,,,,,,,,,,,,,,,COMPLETE
453,453,0.8884803921568627,2025-01-05 14:03:42.395984,2025-01-05 14:03:46.026622,0 days 00:00:03.630638,2,1,3.0,,,,,,,,,,,,,,,,,,,50,55.0,,,,,,,,,,,,,,,,,,,COMPLETE
454,454,0.7469733656174334,2025-01-05 14:03:46.026997,2025-01-05 14:03:47.721718,0 days 00:00:01.694721,1,1,,,,,,,,,,,,,,,,,,,,10,,,,,,,,,,,,,,,,,,,,COMPLETE
455,455,0.3484848484848485,2025-01-05 14:03:47.722069,2025-01-05 14:03:54.068847,0 days 00:00:06.346778,10,2,5.0,,,,,,,,,,,7.0,3.0,10.0,1.0,4.0,11.0,12.0,10.0,15,20.0,,,,,,,,,,,35.0,35.0,40.0,30.0,30.0,60.0,15.0,40.0,COMPLETE
456,456,0.84,2025-01-05 14:03:54.069391,2025-01-05 14:03:58.440442,0 days 00:00:04.371051,3,1,4.0,,,,,,,,,,,1.0,,,,,,,,60,55.0,,,,,,,,,,,20.0,,,,,,,,COMPLETE
457,457,0.7875307629204267,2025-01-05 14:03:58.440840,2025-01-05 14:04:02.208955,0 days 00:00:03.768115,2,5,4.0,,,,,,,,,,,,,,,,,,,20,60.0,,,,,,,,,,,,,,,,,,,COMPLETE
458,458,0.8273322422258592,2025-01-05 14:04:02.209486,2025-01-05 14:04:05.559545,0 days 00:00:03.350059,2,1,6.0,,,,,,,,,,,,,,,,,,,50,20.0,,,,,,,,,,,,,,,,,,,COMPLETE
459,459,0.42206828302820387,2025-01-05 14:04:05.560043,2025-01-05 14:04:17.871438,0 days 00:00:12.311395,6,1,3.0,,,,,,,,,,,3.0,7.0,6.0,10.0,,,,,30,15.0,,,,,,,,,,,30.0,50.0,5.0,60.0,,,,,COMPLETE
460,460,0.8574999999999999,2025-01-05 14:04:17.871934,2025-01-05 14:04:22.229547,0 days 00:00:04.357613,3,1,4.0,,,,,,,,,,,1.0,,,,,,,,45,5.0,,,,,,,,,,,25.0,,,,,,,,COMPLETE
461,461,0.7596153846153846,2025-01-05 14:04:22.229949,2025-01-05 14:04:25.027184,0 days 00:00:02.797235,1,2,,,,,,,,,,,,,,,,,,,,15,,,,,,,,,,,,,,,,,,,,COMPLETE
462,462,0.8535947712418301,2025-01-05 14:04:25.027532,2025-01-05 14:04:28.618811,0 days 00:00:03.591279,2,1,5.0,,,,,,,,,,,,,,,,,,,50,55.0,,,,,,,,,,,,,,,,,,,COMPLETE
463,463,0.8666666666666667,2025-01-05 14:04:28.619196,2025-01-05 14:04:31.926279,0 days 00:00:03.307083,2,1,4.0,,,,,,,,,,,,,,,,,,,15,20.0,,,,,,,,,,,,,,,,,,,COMPLETE
464,464,0.7623931623931623,2025-01-05 14:04:31.926654,2025-01-05 14:04:35.768491,0 days 00:00:03.841837,3,2,5.0,,,,,,,,,,,3.0,,,,,,,,20,55.0,,,,,,,,,,,50.0,,,,,,,,COMPLETE
465,465,0.8792270531400965,2025-01-05 14:04:35.768889,2025-01-05 14:04:42.475558,0 days 00:00:06.706669,2,12,4.0,,,,,,,,,,,,,,,,,,,40,20.0,,,,,,,,,,,,,,,,,,,COMPLETE
466,466,0.7647969052224372,2025-01-05 14:04:42.475954,2025-01-05 14:04:45.549105,0 days 00:00:03.073151,1,1,,,,,,,,,,,,,,,,,,,,55,,,,,,,,,,,,,,,,,,,,COMPLETE
467,467,0.7629787234042553,2025-01-05 14:04:45.549465,2025-01-05 14:04:49.589981,0 days 00:00:04.040516,3,1,6.0,,,,,,,,,,,4.0,,,,,,,,50,60.0,,,,,,,,,,,35.0,,,,,,,,COMPLETE
468,468,0.8876127973748975,2025-01-05 14:04:49.590392,2025-01-05 14:04:52.661318,0 days 00:00:03.070926,2,1,4.0,,,,,,,,,,,,,,,,,,,15,20.0,,,,,,,,,,,,,,,,,,,COMPLETE
469,469,0.3693181818181818,2025-01-05 14:04:52.661692,2025-01-05 14:05:01.263830,0 days 00:00:08.602138,4,1,3.0,,,,,,,,,,,5.0,10.0,,,,,,,50,55.0,,,,,,,,,,,5.0,40.0,,,,,,,COMPLETE
470,470,0.8996386993175431,2025-01-05 14:05:01.264511,2025-01-05 14:05:04.816774,0 days 00:00:03.552263,2,2,4.0,,,,,,,,,,,,,,,,,,,15,60.0,,,,,,,,,,,,,,,,,,,COMPLETE
471,471,0.5310310310310311,2025-01-05 14:05:04.817190,2025-01-05 14:05:08.961871,0 days 00:00:04.144681,3,1,5.0,,,,,,,,,,,13.0,,,,,,,,45,15.0,,,,,,,,,,,40.0,,,,,,,,COMPLETE
472,472,0.8181818181818181,2025-01-05 14:05:08.962421,2025-01-05 14:05:11.913835,0 days 00:00:02.951414,1,1,,,,,,,,,,,,,,,,,,,,15,,,,,,,,,,,,,,,,,,,,COMPLETE
473,473,0.8999599839935974,2025-01-05 14:05:11.914195,2025-01-05 14:05:15.498829,0 days 00:00:03.584634,2,1,4.0,,,,,,,,,,,,,,,,,,,50,30.0,,,,,,,,,,,,,,,,,,,COMPLETE
474,474,0.8117647058823529,2025-01-05 14:05:15.499211,2025-01-05 14:05:19.511160,0 days 00:00:04.011949,3,2,3.0,,,,,,,,,,,8.0,,,,,,,,10,55.0,,,,,,,,,,,15.0,,,,,,,,COMPLETE
475,475,0.8571428571428571,2025-01-05 14:05:19.511549,2025-01-05 14:05:22.835151,0 days 00:00:03.323602,2,1,5.0,,,,,,,,,,,,,,,,,,,15,45.0,,,,,,,,,,,,,,,,,,,COMPLETE
476,476,0.8181818181818181,2025-01-05 14:05:22.835520,2025-01-05 14:05:25.610113,0 days 00:00:02.774593,1,1,,,,,,,,,,,,,,,,,,,,20,,,,,,,,,,,,,,,,,,,,COMPLETE
477,477,0.6733333333333333,2025-01-05 14:05:25.610460,2025-01-05 14:05:30.206785,0 days 00:00:04.596325,4,1,4.0,,,,,,,,,,,1.0,14.0,,,,,,,50,20.0,,,,,,,,,,,30.0,60.0,,,,,,,COMPLETE
478,478,0.8798076923076923,2025-01-05 14:05:30.207210,2025-01-05 14:05:34.131151,0 days 00:00:03.923941,2,2,4.0,,,,,,,,,,,,,,,,,,,60,55.0,,,,,,,,,,,,,,,,,,,COMPLETE
479,479,0.831764705882353,2025-01-05 14:05:34.131525,2025-01-05 14:05:36.997701,0 days 00:00:02.866176,2,1,5.0,,,,,,,,,,,,,,,,,,,15,20.0,,,,,,,,,,,,,,,,,,,COMPLETE
480,480,0.7777284826974268,2025-01-05 14:05:36.998082,2025-01-05 14:05:40.898589,0 days 00:00:03.900507,3,1,3.0,,,,,,,,,,,12.0,,,,,,,,50,55.0,,,,,,,,,,,25.0,,,,,,,,COMPLETE
481,481,0.92,2025-01-05 14:05:40.899117,2025-01-05 14:05:44.329639,0 days 00:00:03.430522,2,1,4.0,,,,,,,,,,,,,,,,,,,55,60.0,,,,,,,,,,,,,,,,,,,COMPLETE
482,482,0.8889795918367347,2025-01-05 14:05:44.330136,2025-01-05 14:05:47.260290,0 days 00:00:02.930154,2,1,4.0,,,,,,,,,,,,,,,,,,,55,60.0,,,,,,,,,,,,,,,,,,,COMPLETE
483,483,0.7765679442508711,2025-01-05 14:05:47.260784,2025-01-05 14:05:56.504555,0 days 00:00:09.243771,1,13,,,,,,,,,,,,,,,,,,,,60,,,,,,,,,,,,,,,,,,,,COMPLETE
484,484,0.8480392156862746,2025-01-05 14:05:56.504941,2025-01-05 14:06:00.943207,0 days 00:00:04.438266,3,2,4.0,,,,,,,,,,,3.0,,,,,,,,55,60.0,,,,,,,,,,,45.0,,,,,,,,COMPLETE
485,485,0.8876127973748975,2025-01-05 14:06:00.943678,2025-01-05 14:06:04.402976,0 days 00:00:03.459298,2,1,4.0,,,,,,,,,,,,,,,,,,,60,60.0,,,,,,,,,,,,,,,,,,,COMPLETE
486,486,0.8599439775910365,2025-01-05 14:06:04.403377,2025-01-05 14:06:08.783120,0 days 00:00:04.379743,3,1,4.0,,,,,,,,,,,2.0,,,,,,,,55,60.0,,,,,,,,,,,40.0,,,,,,,,COMPLETE
487,487,0.5423167848699764,2025-01-05 14:06:08.783535,2025-01-05 14:06:15.211735,0 days 00:00:06.428200,5,1,3.0,,,,,,,,,,,1.0,5.0,15.0,,,,,,55,60.0,,,,,,,,,,,35.0,20.0,60.0,,,,,,COMPLETE
488,488,0.8599439775910365,2025-01-05 14:06:15.212202,2025-01-05 14:06:18.899559,0 days 00:00:03.687357,2,1,4.0,,,,,,,,,,,,,,,,,,,60,60.0,,,,,,,,,,,,,,,,,,,COMPLETE
489,489,0.7987117552334944,2025-01-05 14:06:18.899944,2025-01-05 14:06:21.508631,0 days 00:00:02.608687,1,1,,,,,,,,,,,,,,,,,,,,50,,,,,,,,,,,,,,,,,,,,COMPLETE
490,490,0.8181818181818181,2025-01-05 14:06:21.508984,2025-01-05 14:06:25.233669,0 days 00:00:03.724685,2,2,4.0,,,,,,,,,,,,,,,,,,,50,55.0,,,,,,,,,,,,,,,,,,,COMPLETE
491,491,0.8470057424118129,2025-01-05 14:06:25.234052,2025-01-05 14:06:29.345201,0 days 00:00:04.111149,3,1,2.0,,,,,,,,,,,2.0,,,,,,,,55,60.0,,,,,,,,,,,20.0,,,,,,,,COMPLETE
492,492,0.8273322422258592,2025-01-05 14:06:29.345598,2025-01-05 14:06:33.032408,0 days 00:00:03.686810,2,2,3.0,,,,,,,,,,,,,,,,,,,50,20.0,,,,,,,,,,,,,,,,,,,COMPLETE
493,493,0.8212747631352282,2025-01-05 14:06:33.032782,2025-01-05 14:06:35.974961,0 days 00:00:02.942179,1,1,,,,,,,,,,,,,,,,,,,,50,,,,,,,,,,,,,,,,,,,,COMPLETE
494,494,0.8792270531400965,2025-01-05 14:06:35.975331,2025-01-05 14:06:39.390731,0 days 00:00:03.415400,2,1,4.0,,,,,,,,,,,,,,,,,,,55,15.0,,,,,,,,,,,,,,,,,,,COMPLETE
495,495,0.791304347826087,2025-01-05 14:06:39.391114,2025-01-05 14:06:43.507187,0 days 00:00:04.116073,3,1,4.0,,,,,,,,,,,4.0,,,,,,,,50,20.0,,,,,,,,,,,30.0,,,,,,,,COMPLETE
496,496,0.17037037037037037,2025-01-05 14:06:43.507591,2025-01-05 14:06:47.297090,0 days 00:00:03.789499,11,2,4.0,6.0,,,,,,,,,,7.0,6.0,13.0,8.0,15.0,5.0,9.0,3.0,45,55.0,45.0,,,,,,,,,,45.0,30.0,45.0,35.0,60.0,35.0,35.0,10.0,COMPLETE
497,497,0.9083469721767594,2025-01-05 14:06:47.297658,2025-01-05 14:06:50.705831,0 days 00:00:03.408173,2,1,3.0,,,,,,,,,,,,,,,,,,,50,60.0,,,,,,,,,,,,,,,,,,,COMPLETE
498,498,0.7915752523036419,2025-01-05 14:06:50.706221,2025-01-05 14:06:53.826105,0 days 00:00:03.119884,1,1,,,,,,,,,,,,,,,,,,,,45,,,,,,,,,,,,,,,,,,,,COMPLETE
499,499,0.4891304347826087,2025-01-05 14:06:53.826459,2025-01-05 14:06:57.546970,0 days 00:00:03.720511,3,1,4.0,,,,,,,,,,,11.0,,,,,,,,50,15.0,,,,,,,,,,,35.0,,,,,,,,COMPLETE
500,500,0.92,2025-01-05 14:06:57.547376,2025-01-05 14:07:01.173131,0 days 00:00:03.625755,2,1,4.0,,,,,,,,,,,,,,,,,,,60,20.0,,,,,,,,,,,,,,,,,,,COMPLETE
501,501,0.8470057424118129,2025-01-05 14:07:01.173584,2025-01-05 14:07:04.550380,0 days 00:00:03.376796,2,1,4.0,,,,,,,,,,,,,,,,,,,55,20.0,,,,,,,,,,,,,,,,,,,COMPLETE
502,502,0.4962121212121212,2025-01-05 14:07:04.550771,2025-01-05 14:07:09.100827,0 days 00:00:04.550056,3,2,3.0,,,,,,,,,,,14.0,,,,,,,,60,20.0,,,,,,,,,,,25.0,,,,,,,,COMPLETE
503,503,0.88,2025-01-05 14:07:09.101244,2025-01-05 14:07:12.496720,0 days 00:00:03.395476,2,1,4.0,,,,,,,,,,,,,,,,,,,60,20.0,,,,,,,,,,,,,,,,,,,COMPLETE
504,504,0.7609819121447028,2025-01-05 14:07:12.497106,2025-01-05 14:07:15.717197,0 days 00:00:03.220091,1,1,,,,,,,,,,,,,,,,,,,,60,,,,,,,,,,,,,,,,,,,,COMPLETE
505,505,0.46927914852443153,2025-01-05 14:07:15.717556,2025-01-05 14:07:20.829469,0 days 00:00:05.111913,4,1,4.0,,,,,,,,,,,2.0,15.0,,,,,,,60,20.0,,,,,,,,,,,40.0,25.0,,,,,,,COMPLETE
506,506,0.797077922077922,2025-01-05 14:07:20.830033,2025-01-05 14:07:23.887254,0 days 00:00:03.057221,1,1,,,,,,,,,,,,,,,,,,,,60,,,,,,,,,,,,,,,,,,,,COMPLETE
507,507,0.7227272727272727,2025-01-05 14:07:23.887729,2025-01-05 14:07:27.997970,0 days 00:00:04.110241,3,1,12.0,,,,,,,,,,,3.0,,,,,,,,60,20.0,,,,,,,,,,,25.0,,,,,,,,COMPLETE
508,508,0.8884803921568627,2025-01-05 14:07:27.998397,2025-01-05 14:07:31.823685,0 days 00:00:03.825288,2,2,3.0,,,,,,,,,,,,,,,,,,,60,15.0,,,,,,,,,,,,,,,,,,,COMPLETE
509,509,0.0,2025-01-05 14:07:31.824078,2025-01-05 14:07:58.212465,0 days 00:00:26.388387,16,1,4.0,3.0,13.0,9.0,6.0,12.0,5.0,,,,,1.0,1.0,9.0,14.0,2.0,6.0,14.0,9.0,60,20.0,25.0,55.0,40.0,30.0,30.0,15.0,,,,,30.0,5.0,10.0,10.0,10.0,25.0,15.0,55.0,COMPLETE
510,510,0.8397435897435898,2025-01-05 14:07:58.213183,2025-01-05 14:08:01.615673,0 days 00:00:03.402490,2,1,4.0,,,,,,,,,,,,,,,,,,,60,20.0,,,,,,,,,,,,,,,,,,,COMPLETE
511,511,0.5301587301587302,2025-01-05 14:08:01.616074,2025-01-05 14:08:07.709889,0 days 00:00:06.093815,3,4,4.0,,,,,,,,,,,6.0,,,,,,,,55,5.0,,,,,,,,,,,10.0,,,,,,,,COMPLETE
512,512,0.88,2025-01-05 14:08:07.710308,2025-01-05 14:08:10.235608,0 days 00:00:02.525300,2,1,3.0,,,,,,,,,,,,,,,,,,,15,25.0,,,,,,,,,,,,,,,,,,,COMPLETE
513,513,0.7585139318885449,2025-01-05 14:08:10.235980,2025-01-05 14:08:13.094751,0 days 00:00:02.858771,1,2,,,,,,,,,,,,,,,,,,,,15,,,,,,,,,,,,,,,,,,,,COMPLETE
514,514,0.7996794871794872,2025-01-05 14:08:13.095115,2025-01-05 14:08:16.446666,0 days 00:00:03.351551,2,1,4.0,,,,,,,,,,,,,,,,,,,15,15.0,,,,,,,,,,,,,,,,,,,COMPLETE
515,515,0.8199279711884754,2025-01-05 14:08:16.447047,2025-01-05 14:08:20.010938,0 days 00:00:03.563891,3,1,4.0,,,,,,,,,,,3.0,,,,,,,,10,55.0,,,,,,,,,,,20.0,,,,,,,,COMPLETE
516,516,0.8770903010033444,2025-01-05 14:08:20.011343,2025-01-05 14:08:23.128257,0 days 00:00:03.116914,2,2,4.0,,,,,,,,,,,,,,,,,,,15,20.0,,,,,,,,,,,,,,,,,,,COMPLETE
517,517,0.88,2025-01-05 14:08:23.128631,2025-01-05 14:08:26.446466,0 days 00:00:03.317835,2,1,4.0,,,,,,,,,,,,,,,,,,,15,55.0,,,,,,,,,,,,,,,,,,,COMPLETE
518,518,0.8775,2025-01-05 14:08:26.446839,2025-01-05 14:08:30.736194,0 days 00:00:04.289355,3,1,3.0,,,,,,,,,,,10.0,,,,,,,,60,20.0,,,,,,,,,,,15.0,,,,,,,,COMPLETE
519,519,0.8163265306122449,2025-01-05 14:08:30.736595,2025-01-05 14:08:33.750766,0 days 00:00:03.014171,1,1,,,,,,,,,,,,,,,,,,,,55,,,,,,,,,,,,,,,,,,,,COMPLETE
520,520,0.7525490196078432,2025-01-05 14:08:33.751125,2025-01-05 14:08:37.074710,0 days 00:00:03.323585,2,2,4.0,,,,,,,,,,,,,,,,,,,15,25.0,,,,,,,,,,,,,,,,,,,COMPLETE
521,521,0.4444444444444444,2025-01-05 14:08:37.075093,2025-01-05 14:08:41.275792,0 days 00:00:04.200699,3,1,7.0,,,,,,,,,,,9.0,,,,,,,,10,20.0,,,,,,,,,,,35.0,,,,,,,,COMPLETE
522,522,0.8688725490196079,2025-01-05 14:08:41.276200,2025-01-05 14:08:46.334188,0 days 00:00:05.057988,4,1,3.0,,,,,,,,,,,1.0,2.0,,,,,,,20,55.0,,,,,,,,,,,30.0,15.0,,,,,,,COMPLETE
523,523,0.92,2025-01-05 14:08:46.334617,2025-01-05 14:08:49.624406,0 days 00:00:03.289789,2,1,4.0,,,,,,,,,,,,,,,,,,,5,30.0,,,,,,,,,,,,,,,,,,,COMPLETE
524,524,0.88,2025-01-05 14:08:49.624790,2025-01-05 14:08:52.972202,0 days 00:00:03.347412,2,1,4.0,,,,,,,,,,,,,,,,,,,10,30.0,,,,,,,,,,,,,,,,,,,COMPLETE
525,525,0.8996386993175431,2025-01-05 14:08:52.972581,2025-01-05 14:08:56.858806,0 days 00:00:03.886225,3,1,3.0,,,,,,,,,,,2.0,,,,,,,,5,30.0,,,,,,,,,,,45.0,,,,,,,,COMPLETE
526,526,0.7177382580939353,2025-01-05 14:08:56.859220,2025-01-05 14:08:59.972471,0 days 00:00:03.113251,1,2,,,,,,,,,,,,,,,,,,,,10,,,,,,,,,,,,,,,,,,,,COMPLETE
527,527,0.8199279711884754,2025-01-05 14:08:59.972829,2025-01-05 14:09:03.333293,0 days 00:00:03.360464,2,1,4.0,,,,,,,,,,,,,,,,,,,5,30.0,,,,,,,,,,,,,,,,,,,COMPLETE
528,528,0.7124735729386893,2025-01-05 14:09:03.333754,2025-01-05 14:09:06.794147,0 days 00:00:03.460393,2,1,10.0,,,,,,,,,,,,,,,,,,,5,25.0,,,,,,,,,,,,,,,,,,,COMPLETE
529,529,0.6989160979526294,2025-01-05 14:09:06.794687,2025-01-05 14:09:10.762062,0 days 00:00:03.967375,3,2,4.0,,,,,,,,,,,5.0,,,,,,,,5,25.0,,,,,,,,,,,25.0,,,,,,,,COMPLETE
530,530,0.9198717948717949,2025-01-05 14:09:10.762601,2025-01-05 14:09:14.303232,0 days 00:00:03.540631,2,1,2.0,,,,,,,,,,,,,,,,,,,10,20.0,,,,,,,,,,,,,,,,,,,COMPLETE
531,531,0.8260120585701981,2025-01-05 14:09:14.303629,2025-01-05 14:09:17.411768,0 days 00:00:03.108139,1,1,,,,,,,,,,,,,,,,,,,,10,,,,,,,,,,,,,,,,,,,,COMPLETE
532,532,0.81438127090301,2025-01-05 14:09:17.412144,2025-01-05 14:09:21.001830,0 days 00:00:03.589686,2,1,6.0,,,,,,,,,,,,,,,,,,,10,25.0,,,,,,,,,,,,,,,,,,,COMPLETE
533,533,0.7166257166257166,2025-01-05 14:09:21.002223,2025-01-05 14:09:24.212840,0 days 00:00:03.210617,1,1,,,,,,,,,,,,,,,,,,,,5,,,,,,,,,,,,,,,,,,,,COMPLETE
534,534,0.8074074074074074,2025-01-05 14:09:24.213212,2025-01-05 14:09:27.414441,0 days 00:00:03.201229,2,2,5.0,,,,,,,,,,,,,,,,,,,5,30.0,,,,,,,,,,,,,,,,,,,COMPLETE
535,535,0.6060606060606061,2025-01-05 14:09:27.414824,2025-01-05 14:09:30.307215,0 days 00:00:02.892391,1,1,,,,,,,,,,,,,,,,,,,,5,,,,,,,,,,,,,,,,,,,,COMPLETE
536,536,0.4282103134479272,2025-01-05 14:09:30.307573,2025-01-05 14:09:39.139128,0 days 00:00:08.831555,5,1,4.0,,,,,,,,,,,6.0,13.0,2.0,,,,,,10,20.0,,,,,,,,,,,55.0,45.0,15.0,,,,,,COMPLETE
537,537,0.8281632653061224,2025-01-05 14:09:39.139596,2025-01-05 14:09:42.669345,0 days 00:00:03.529749,2,1,4.0,,,,,,,,,,,,,,,,,,,10,35.0,,,,,,,,,,,,,,,,,,,COMPLETE
538,538,0.8999599839935974,2025-01-05 14:09:42.669734,2025-01-05 14:09:46.273049,0 days 00:00:03.603315,2,1,2.0,,,,,,,,,,,,,,,,,,,5,15.0,,,,,,,,,,,,,,,,,,,COMPLETE
539,539,0.714221824686941,2025-01-05 14:09:46.273441,2025-01-05 14:09:49.873218,0 days 00:00:03.599777,1,6,,,,,,,,,,,,,,,,,,,,20,,,,,,,,,,,,,,,,,,,,COMPLETE
540,540,0.8039965986394557,2025-01-05 14:09:49.873585,2025-01-05 14:09:53.008726,0 days 00:00:03.135141,2,2,1.0,,,,,,,,,,,,,,,,,,,10,20.0,,,,,,,,,,,,,,,,,,,COMPLETE
541,541,0.8599439775910365,2025-01-05 14:09:53.009110,2025-01-05 14:09:56.337066,0 days 00:00:03.327956,2,1,4.0,,,,,,,,,,,,,,,,,,,20,25.0,,,,,,,,,,,,,,,,,,,COMPLETE
542,542,0.8666666666666667,2025-01-05 14:09:56.337448,2025-01-05 14:09:59.466483,0 days 00:00:03.129035,2,1,1.0,,,,,,,,,,,,,,,,,,,5,10.0,,,,,,,,,,,,,,,,,,,COMPLETE
543,543,0.8130434782608695,2025-01-05 14:09:59.466865,2025-01-05 14:10:02.862459,0 days 00:00:03.395594,2,1,8.0,,,,,,,,,,,,,,,,,,,10,20.0,,,,,,,,,,,,,,,,,,,COMPLETE
544,544,0.2774621212121212,2025-01-05 14:10:02.862945,2025-01-05 14:10:08.707912,0 days 00:00:05.844967,12,2,5.0,2.0,8.0,,,,,,,,,4.0,12.0,7.0,12.0,3.0,15.0,7.0,14.0,15,15.0,55.0,10.0,,,,,,,,,5.0,55.0,25.0,20.0,50.0,30.0,30.0,20.0,COMPLETE
545,545,0.5846036585365854,2025-01-05 14:10:08.708528,2025-01-05 14:10:11.877399,0 days 00:00:03.168871,1,1,,,,,,,,,,,,,,,,,,,,15,,,,,,,,,,,,,,,,,,,,COMPLETE
546,546,0.8193496587715776,2025-01-05 14:10:11.878329,2025-01-05 14:10:15.010023,0 days 00:00:03.131694,2,1,5.0,,,,,,,,,,,,,,,,,,,10,20.0,,,,,,,,,,,,,,,,,,,COMPLETE
547,547,0.8999599839935974,2025-01-05 14:10:15.010418,2025-01-05 14:10:18.449619,0 days 00:00:03.439201,2,1,2.0,,,,,,,,,,,,,,,,,,,60,20.0,,,,,,,,,,,,,,,,,,,COMPLETE
548,548,0.6799999999999999,2025-01-05 14:10:18.450005,2025-01-05 14:10:21.056517,0 days 00:00:02.606512,1,2,,,,,,,,,,,,,,,,,,,,5,,,,,,,,,,,,,,,,,,,,COMPLETE
549,549,0.8081632653061225,2025-01-05 14:10:21.056883,2025-01-05 14:10:23.981781,0 days 00:00:02.924898,2,1,4.0,,,,,,,,,,,,,,,,,,,15,20.0,,,,,,,,,,,,,,,,,,,COMPLETE
550,550,0.6794871794871795,2025-01-05 14:10:23.982174,2025-01-05 14:10:28.184223,0 days 00:00:04.202049,3,1,2.0,,,,,,,,,,,8.0,,,,,,,,15,20.0,,,,,,,,,,,50.0,,,,,,,,COMPLETE
551,551,0.2661361626878868,2025-01-05 14:10:28.184632,2025-01-05 14:10:34.650468,0 days 00:00:06.465836,14,1,4.0,9.0,5.0,2.0,3.0,,,,,,,9.0,9.0,11.0,9.0,5.0,4.0,3.0,5.0,30,35.0,45.0,30.0,50.0,45.0,,,,,,,60.0,50.0,50.0,55.0,25.0,45.0,60.0,45.0,COMPLETE
552,552,0.8248081841432224,2025-01-05 14:10:34.651102,2025-01-05 14:10:37.952629,0 days 00:00:03.301527,2,1,5.0,,,,,,,,,,,,,,,,,,,15,25.0,,,,,,,,,,,,,,,,,,,COMPLETE
553,553,0.816020025031289,2025-01-05 14:10:37.953021,2025-01-05 14:10:41.331356,0 days 00:00:03.378335,3,2,2.0,,,,,,,,,,,5.0,,,,,,,,15,10.0,,,,,,,,,,,15.0,,,,,,,,COMPLETE
554,554,0.7991341991341991,2025-01-05 14:10:41.331763,2025-01-05 14:10:44.395347,0 days 00:00:03.063584,1,1,,,,,,,,,,,,,,,,,,,,60,,,,,,,,,,,,,,,,,,,,COMPLETE
555,555,0.8770903010033444,2025-01-05 14:10:44.395879,2025-01-05 14:10:48.005701,0 days 00:00:03.609822,2,1,4.0,,,,,,,,,,,,,,,,,,,10,15.0,,,,,,,,,,,,,,,,,,,COMPLETE
556,556,0.453656462585034,2025-01-05 14:10:48.006209,2025-01-05 14:10:52.288788,0 days 00:00:04.282579,3,1,7.0,,,,,,,,,,,7.0,,,,,,,,20,30.0,,,,,,,,,,,20.0,,,,,,,,COMPLETE
557,557,0.3307692307692308,2025-01-05 14:10:52.289247,2025-01-05 14:11:00.448802,0 days 00:00:08.159555,15,1,4.0,10.0,11.0,12.0,9.0,5.0,,,,,,4.0,11.0,3.0,5.0,7.0,13.0,15.0,10.0,15,55.0,35.0,20.0,10.0,15.0,15.0,,,,,,10.0,10.0,35.0,5.0,55.0,20.0,45.0,35.0,COMPLETE
558,558,0.8569044639132248,2025-01-05 14:11:00.449552,2025-01-05 14:11:03.790518,0 days 00:00:03.340966,2,2,4.0,,,,,,,,,,,,,,,,,,,15,25.0,,,,,,,,,,,,,,,,,,,COMPLETE
559,559,0.7285796434732605,2025-01-05 14:11:03.790918,2025-01-05 14:11:06.587601,0 days 00:00:02.796683,1,1,,,,,,,,,,,,,,,,,,,,15,,,,,,,,,,,,,,,,,,,,COMPLETE
560,560,0.8884803921568627,2025-01-05 14:11:06.587963,2025-01-05 14:11:09.644099,0 days 00:00:03.056136,2,1,5.0,,,,,,,,,,,,,,,,,,,15,20.0,,,,,,,,,,,,,,,,,,,COMPLETE
561,561,0.8622222222222222,2025-01-05 14:11:09.644475,2025-01-05 14:11:13.424449,0 days 00:00:03.779974,3,1,4.0,,,,,,,,,,,5.0,,,,,,,,40,45.0,,,,,,,,,,,55.0,,,,,,,,COMPLETE
562,562,0.8485714285714285,2025-01-05 14:11:13.424849,2025-01-05 14:11:17.201791,0 days 00:00:03.776942,2,2,4.0,,,,,,,,,,,,,,,,,,,55,20.0,,,,,,,,,,,,,,,,,,,COMPLETE
563,563,0.7698412698412698,2025-01-05 14:11:17.202182,2025-01-05 14:11:20.168196,0 days 00:00:02.966014,1,1,,,,,,,,,,,,,,,,,,,,10,,,,,,,,,,,,,,,,,,,,COMPLETE
564,564,0.9198717948717949,2025-01-05 14:11:20.168551,2025-01-05 14:11:23.253668,0 days 00:00:03.085117,2,1,4.0,,,,,,,,,,,,,,,,,,,35,30.0,,,,,,,,,,,,,,,,,,,COMPLETE
565,565,0.2708333333333333,2025-01-05 14:11:23.254056,2025-01-05 14:11:39.250377,0 days 00:00:15.996321,9,1,5.0,,,,,,,,,,,3.0,4.0,4.0,3.0,9.0,1.0,5.0,,40,30.0,,,,,,,,,,,45.0,15.0,55.0,40.0,5.0,10.0,5.0,,COMPLETE
566,566,0.8685714285714285,2025-01-05 14:11:39.250933,2025-01-05 14:11:42.794692,0 days 00:00:03.543759,2,1,4.0,,,,,,,,,,,,,,,,,,,35,55.0,,,,,,,,,,,,,,,,,,,COMPLETE
567,567,0.5319727891156463,2025-01-05 14:11:42.795087,2025-01-05 14:11:46.433530,0 days 00:00:03.638443,3,1,6.0,,,,,,,,,,,15.0,,,,,,,,40,30.0,,,,,,,,,,,50.0,,,,,,,,COMPLETE
568,568,0.8356278681685441,2025-01-05 14:11:46.433937,2025-01-05 14:11:49.975941,0 days 00:00:03.542004,2,2,4.0,,,,,,,,,,,,,,,,,,,35,55.0,,,,,,,,,,,,,,,,,,,COMPLETE
569,569,0.8999599839935974,2025-01-05 14:11:49.976334,2025-01-05 14:11:54.395858,0 days 00:00:04.419524,3,1,3.0,,,,,,,,,,,1.0,,,,,,,,55,30.0,,,,,,,,,,,40.0,,,,,,,,COMPLETE
570,570,0.2509157509157509,2025-01-05 14:11:54.396269,2025-01-05 14:12:09.139450,0 days 00:00:14.743181,8,1,5.0,,,,,,,,,,,6.0,2.0,9.0,4.0,13.0,12.0,,,30,35.0,,,,,,,,,,,15.0,35.0,40.0,25.0,15.0,60.0,,,COMPLETE
571,571,0.8485714285714285,2025-01-05 14:12:09.140063,2025-01-05 14:12:13.456257,0 days 00:00:04.316194,3,1,4.0,,,,,,,,,,,4.0,,,,,,,,35,30.0,,,,,,,,,,,20.0,,,,,,,,COMPLETE
572,572,0.7463175122749591,2025-01-05 14:12:13.456685,2025-01-05 14:12:17.537051,0 days 00:00:04.080366,1,2,,,,,,,,,,,,,,,,,,,,60,,,,,,,,,,,,,,,,,,,,COMPLETE
573,573,0.8750524109014675,2025-01-05 14:12:17.537418,2025-01-05 14:12:20.406671,0 days 00:00:02.869253,2,1,5.0,,,,,,,,,,,,,,,,,,,30,55.0,,,,,,,,,,,,,,,,,,,COMPLETE
574,574,0.8977889027951607,2025-01-05 14:12:20.407060,2025-01-05 14:12:23.463829,0 days 00:00:03.056769,2,1,4.0,,,,,,,,,,,,,,,,,,,25,10.0,,,,,,,,,,,,,,,,,,,COMPLETE
575,575,0.8775,2025-01-05 14:12:23.464223,2025-01-05 14:12:26.896086,0 days 00:00:03.431863,2,1,3.0,,,,,,,,,,,,,,,,,,,60,30.0,,,,,,,,,,,,,,,,,,,COMPLETE
576,576,0.4356060606060606,2025-01-05 14:12:26.896465,2025-01-05 14:12:31.651277,0 days 00:00:04.754812,4,2,6.0,,,,,,,,,,,2.0,8.0,,,,,,,45,55.0,,,,,,,,,,,25.0,55.0,,,,,,,COMPLETE
577,577,0.779205138498595,2025-01-05 14:12:31.651735,2025-01-05 14:12:34.673314,0 days 00:00:03.021579,1,1,,,,,,,,,,,,,,,,,,,,55,,,,,,,,,,,,,,,,,,,,COMPLETE
578,578,0.8366666666666667,2025-01-05 14:12:34.673795,2025-01-05 14:12:41.510797,0 days 00:00:06.837002,2,14,4.0,,,,,,,,,,,,,,,,,,,40,15.0,,,,,,,,,,,,,,,,,,,COMPLETE
579,579,0.3246753246753247,2025-01-05 14:12:41.511216,2025-01-05 14:12:53.796972,0 days 00:00:12.285756,6,1,1.0,,,,,,,,,,,12.0,5.0,14.0,7.0,,,,,20,20.0,,,,,,,,,,,50.0,45.0,30.0,15.0,,,,,COMPLETE
580,580,0.8452380952380952,2025-01-05 14:12:53.797474,2025-01-05 14:12:57.323169,0 days 00:00:03.525695,3,1,4.0,,,,,,,,,,,5.0,,,,,,,,35,55.0,,,,,,,,,,,35.0,,,,,,,,COMPLETE
581,581,0.8193496587715776,2025-01-05 14:12:57.323579,2025-01-05 14:13:00.315975,0 days 00:00:02.992396,2,1,4.0,,,,,,,,,,,,,,,,,,,5,5.0,,,,,,,,,,,,,,,,,,,COMPLETE
582,582,0.7420689655172414,2025-01-05 14:13:00.316368,2025-01-05 14:13:03.201565,0 days 00:00:02.885197,1,2,,,,,,,,,,,,,,,,,,,,30,,,,,,,,,,,,,,,,,,,,COMPLETE
583,583,0.9399759903961584,2025-01-05 14:13:03.201962,2025-01-05 14:13:07.216799,0 days 00:00:04.014837,3,1,5.0,,,,,,,,,,,1.0,,,,,,,,35,15.0,,,,,,,,,,,10.0,,,,,,,,COMPLETE
584,584,0.5107159142726858,2025-01-05 14:13:07.217230,2025-01-05 14:13:11.445237,0 days 00:00:04.228007,4,1,5.0,,,,,,,,,,,1.0,7.0,,,,,,,35,15.0,,,,,,,,,,,5.0,20.0,,,,,,,COMPLETE
585,585,0.7373737373737375,2025-01-05 14:13:11.445682,2025-01-05 14:13:15.744453,0 days 00:00:04.298771,3,1,5.0,,,,,,,,,,,1.0,,,,,,,,35,15.0,,,,,,,,,,,10.0,,,,,,,,COMPLETE
586,586,0.43529411764705883,2025-01-05 14:13:15.744865,2025-01-05 14:13:21.717682,0 days 00:00:05.972817,4,2,6.0,,,,,,,,,,,2.0,12.0,,,,,,,35,15.0,,,,,,,,,,,5.0,40.0,,,,,,,COMPLETE
587,587,0.32798573975044565,2025-01-05 14:13:21.718136,2025-01-05 14:13:35.394505,0 days 00:00:13.676369,7,1,5.0,,,,,,,,,,,1.0,14.0,5.0,11.0,1.0,,,,40,15.0,,,,,,,,,,,10.0,25.0,20.0,10.0,40.0,,,,COMPLETE
588,588,0.8361204013377926,2025-01-05 14:13:35.395029,2025-01-05 14:13:39.180265,0 days 00:00:03.785236,3,1,5.0,,,,,,,,,,,3.0,,,,,,,,30,15.0,,,,,,,,,,,5.0,,,,,,,,COMPLETE
589,589,0.9293877551020409,2025-01-05 14:13:39.180679,2025-01-05 14:13:43.296589,0 days 00:00:04.115910,3,1,5.0,,,,,,,,,,,2.0,,,,,,,,35,10.0,,,,,,,,,,,10.0,,,,,,,,COMPLETE
590,590,0.8996386993175431,2025-01-05 14:13:43.297007,2025-01-05 14:13:47.690687,0 days 00:00:04.393680,3,1,6.0,,,,,,,,,,,2.0,,,,,,,,45,10.0,,,,,,,,,,,10.0,,,,,,,,COMPLETE
591,591,0.8081014729950899,2025-01-05 14:13:47.691110,2025-01-05 14:13:51.542053,0 days 00:00:03.850943,3,2,5.0,,,,,,,,,,,1.0,,,,,,,,35,15.0,,,,,,,,,,,5.0,,,,,,,,COMPLETE
592,592,0.8239202657807309,2025-01-05 14:13:51.542461,2025-01-05 14:13:55.689510,0 days 00:00:04.147049,3,1,5.0,,,,,,,,,,,3.0,,,,,,,,35,10.0,,,,,,,,,,,10.0,,,,,,,,COMPLETE
593,593,0.8199279711884754,2025-01-05 14:13:55.689923,2025-01-05 14:13:58.995632,0 days 00:00:03.305709,2,1,5.0,,,,,,,,,,,,,,,,,,,35,10.0,,,,,,,,,,,,,,,,,,,COMPLETE
594,594,0.6562358276643991,2025-01-05 14:13:58.996028,2025-01-05 14:14:04.009827,0 days 00:00:05.013799,4,1,5.0,,,,,,,,,,,2.0,9.0,,,,,,,35,15.0,,,,,,,,,,,5.0,30.0,,,,,,,COMPLETE
595,595,0.8979591836734694,2025-01-05 14:14:04.010272,2025-01-05 14:14:07.518524,0 days 00:00:03.508252,2,1,6.0,,,,,,,,,,,,,,,,,,,35,10.0,,,,,,,,,,,,,,,,,,,COMPLETE
596,596,0.7398959583833533,2025-01-05 14:14:07.518910,2025-01-05 14:14:11.834407,0 days 00:00:04.315497,3,1,5.0,,,,,,,,,,,1.0,,,,,,,,35,15.0,,,,,,,,,,,10.0,,,,,,,,COMPLETE
597,597,0.8792270531400965,2025-01-05 14:14:11.834997,2025-01-05 14:14:14.581533,0 days 00:00:02.746536,2,2,5.0,,,,,,,,,,,,,,,,,,,35,10.0,,,,,,,,,,,,,,,,,,,COMPLETE
598,598,0.8081014729950899,2025-01-05 14:14:14.582041,2025-01-05 14:14:17.899719,0 days 00:00:03.317678,3,1,7.0,,,,,,,,,,,3.0,,,,,,,,35,10.0,,,,,,,,,,,15.0,,,,,,,,COMPLETE
599,599,0.765791632485644,2025-01-05 14:14:17.900143,2025-01-05 14:14:20.970314,0 days 00:00:03.070171,2,1,8.0,,,,,,,,,,,,,,,,,,,35,10.0,,,,,,,,,,,,,,,,,,,COMPLETE
600,600,0.7444444444444445,2025-01-05 14:14:20.970697,2025-01-05 14:14:24.175887,0 days 00:00:03.205190,1,2,,,,,,,,,,,,,,,,,,,,35,,,,,,,,,,,,,,,,,,,,COMPLETE
601,601,0.0,2025-01-05 14:14:24.176259,2025-01-05 14:14:53.644716,0 days 00:00:29.468457,18,1,6.0,5.0,13.0,15.0,13.0,8.0,4.0,5.0,12.0,,,1.0,15.0,1.0,13.0,4.0,3.0,10.0,2.0,30,10.0,10.0,40.0,55.0,55.0,60.0,50.0,20.0,45.0,,,10.0,5.0,5.0,45.0,35.0,50.0,45.0,15.0,COMPLETE
602,602,0.8868085106382979,2025-01-05 14:14:53.645486,2025-01-05 14:14:57.106575,0 days 00:00:03.461089,3,1,5.0,,,,,,,,,,,2.0,,,,,,,,35,45.0,,,,,,,,,,,5.0,,,,,,,,COMPLETE
603,603,0.8210526315789474,2025-01-05 14:14:57.106991,2025-01-05 14:14:59.651500,0 days 00:00:02.544509,1,1,,,,,,,,,,,,,,,,,,,,40,,,,,,,,,,,,,,,,,,,,COMPLETE
604,604,0.8389694041867954,2025-01-05 14:14:59.651861,2025-01-05 14:15:03.319545,0 days 00:00:03.667684,2,2,5.0,,,,,,,,,,,,,,,,,,,35,5.0,,,,,,,,,,,,,,,,,,,COMPLETE
605,605,0.8775,2025-01-05 14:15:03.319964,2025-01-05 14:15:07.394587,0 days 00:00:04.074623,3,1,5.0,,,,,,,,,,,3.0,,,,,,,,40,30.0,,,,,,,,,,,10.0,,,,,,,,COMPLETE
606,606,0.8685714285714285,2025-01-05 14:15:07.394988,2025-01-05 14:15:10.656111,0 days 00:00:03.261123,2,1,6.0,,,,,,,,,,,,,,,,,,,60,60.0,,,,,,,,,,,,,,,,,,,COMPLETE
607,607,0.9198717948717949,2025-01-05 14:15:10.656493,2025-01-05 14:15:14.199992,0 days 00:00:03.543499,2,1,4.0,,,,,,,,,,,,,,,,,,,35,10.0,,,,,,,,,,,,,,,,,,,COMPLETE
608,608,0.7937710437710437,2025-01-05 14:15:14.200383,2025-01-05 14:15:18.560224,0 days 00:00:04.359841,2,5,4.0,,,,,,,,,,,,,,,,,,,35,10.0,,,,,,,,,,,,,,,,,,,COMPLETE
609,609,0.8198757763975155,2025-01-05 14:15:18.560611,2025-01-05 14:15:21.364177,0 days 00:00:02.803566,1,1,,,,,,,,,,,,,,,,,,,,35,,,,,,,,,,,,,,,,,,,,COMPLETE
610,610,0.96,2025-01-05 14:15:21.364537,2025-01-05 14:15:24.738199,0 days 00:00:03.373662,2,1,4.0,,,,,,,,,,,,,,,,,,,5,10.0,,,,,,,,,,,,,,,,,,,COMPLETE
611,611,0.7390606182256123,2025-01-05 14:15:24.738581,2025-01-05 14:15:28.153773,0 days 00:00:03.415192,2,2,4.0,,,,,,,,,,,,,,,,,,,5,10.0,,,,,,,,,,,,,,,,,,,COMPLETE
612,612,0.7617220801364024,2025-01-05 14:15:28.154162,2025-01-05 14:15:32.812523,0 days 00:00:04.658361,4,1,4.0,,,,,,,,,,,1.0,6.0,,,,,,,35,10.0,,,,,,,,,,,15.0,50.0,,,,,,,COMPLETE
613,613,0.0,2025-01-05 14:15:32.812938,2025-01-05 14:16:00.608008,0 days 00:00:27.795070,17,1,4.0,14.0,14.0,5.0,2.0,3.0,12.0,4.0,,,,2.0,13.0,12.0,6.0,12.0,10.0,8.0,14.0,5,10.0,50.0,20.0,35.0,30.0,10.0,35.0,45.0,,,,10.0,10.0,15.0,50.0,20.0,25.0,50.0,30.0,COMPLETE
614,614,0.8081014729950899,2025-01-05 14:16:00.608837,2025-01-05 14:16:04.558389,0 days 00:00:03.949552,3,1,4.0,,,,,,,,,,,1.0,,,,,,,,5,10.0,,,,,,,,,,,5.0,,,,,,,,COMPLETE
615,615,0.3150787696924231,2025-01-05 14:16:04.558987,2025-01-05 14:16:12.531860,0 days 00:00:07.972873,10,2,4.0,,,,,,,,,,,3.0,2.0,7.0,14.0,10.0,2.0,6.0,4.0,5,5.0,,,,,,,,,,,15.0,60.0,45.0,20.0,50.0,40.0,30.0,40.0,COMPLETE
616,616,0.891287284144427,2025-01-05 14:16:12.532553,2025-01-05 14:16:15.618402,0 days 00:00:03.085849,2,1,4.0,,,,,,,,,,,,,,,,,,,25,10.0,,,,,,,,,,,,,,,,,,,COMPLETE
617,617,0.8284313725490196,2025-01-05 14:16:15.618803,2025-01-05 14:16:19.884635,0 days 00:00:04.265832,3,1,5.0,,,,,,,,,,,2.0,,,,,,,,5,10.0,,,,,,,,,,,15.0,,,,,,,,COMPLETE
618,618,0.797112462006079,2025-01-05 14:16:19.885053,2025-01-05 14:16:22.869465,0 days 00:00:02.984412,1,1,,,,,,,,,,,,,,,,,,,,35,,,,,,,,,,,,,,,,,,,,COMPLETE
619,619,0.8585858585858586,2025-01-05 14:16:22.869828,2025-01-05 14:16:26.932990,0 days 00:00:04.063162,2,1,4.0,,,,,,,,,,,,,,,,,,,5,10.0,,,,,,,,,,,,,,,,,,,COMPLETE
620,620,0.9183333333333333,2025-01-05 14:16:26.933380,2025-01-05 14:16:31.104648,0 days 00:00:04.171268,3,2,4.0,,,,,,,,,,,3.0,,,,,,,,5,10.0,,,,,,,,,,,10.0,,,,,,,,COMPLETE
621,621,0.7777777777777778,2025-01-05 14:16:31.105068,2025-01-05 14:16:35.721851,0 days 00:00:04.616783,3,3,5.0,,,,,,,,,,,1.0,,,,,,,,5,10.0,,,,,,,,,,,10.0,,,,,,,,COMPLETE
622,622,0.7269387755102041,2025-01-05 14:16:35.722274,2025-01-05 14:16:40.469838,0 days 00:00:04.747564,3,12,4.0,,,,,,,,,,,2.0,,,,,,,,5,10.0,,,,,,,,,,,5.0,,,,,,,,COMPLETE
623,623,0.8081632653061225,2025-01-05 14:16:40.470257,2025-01-05 14:16:44.593438,0 days 00:00:04.123181,4,2,4.0,,,,,,,,,,,3.0,1.0,,,,,,,5,5.0,,,,,,,,,,,10.0,40.0,,,,,,,COMPLETE
624,624,0.5584415584415584,2025-01-05 14:16:44.593863,2025-01-05 14:16:50.414459,0 days 00:00:05.820596,4,2,11.0,,,,,,,,,,,2.0,10.0,,,,,,,35,10.0,,,,,,,,,,,15.0,35.0,,,,,,,COMPLETE
625,625,0.8356278681685441,2025-01-05 14:16:50.414899,2025-01-05 14:16:54.375536,0 days 00:00:03.960637,3,2,3.0,,,,,,,,,,,1.0,,,,,,,,5,10.0,,,,,,,,,,,5.0,,,,,,,,COMPLETE
626,626,0.6666666666666666,2025-01-05 14:16:54.375945,2025-01-05 14:16:58.818351,0 days 00:00:04.442406,3,1,4.0,,,,,,,,,,,4.0,,,,,,,,5,10.0,,,,,,,,,,,15.0,,,,,,,,COMPLETE
627,627,0.135632183908046,2025-01-05 14:16:58.818764,2025-01-05 14:17:02.113124,0 days 00:00:03.294360,13,4,5.0,7.0,3.0,8.0,,,,,,,,1.0,3.0,2.0,1.0,8.0,9.0,12.0,11.0,5,10.0,20.0,50.0,25.0,,,,,,,,10.0,20.0,60.0,30.0,10.0,5.0,20.0,50.0,COMPLETE
628,628,0.5344449319877139,2025-01-05 14:17:02.113812,2025-01-05 14:17:07.928532,0 days 00:00:05.814720,4,1,4.0,,,,,,,,,,,2.0,11.0,,,,,,,5,5.0,,,,,,,,,,,5.0,30.0,,,,,,,COMPLETE
629,629,0.8193496587715776,2025-01-05 14:17:07.928987,2025-01-05 14:17:11.856324,0 days 00:00:03.927337,3,1,4.0,,,,,,,,,,,2.0,,,,,,,,5,10.0,,,,,,,,,,,10.0,,,,,,,,COMPLETE
630,630,0.7342511472674176,2025-01-05 14:17:11.856742,2025-01-05 14:17:15.777477,0 days 00:00:03.920735,3,2,5.0,,,,,,,,,,,3.0,,,,,,,,5,10.0,,,,,,,,,,,15.0,,,,,,,,COMPLETE
631,631,0.8470057424118129,2025-01-05 14:17:15.777886,2025-01-05 14:17:19.433186,0 days 00:00:03.655300,3,1,4.0,,,,,,,,,,,1.0,,,,,,,,5,10.0,,,,,,,,,,,5.0,,,,,,,,COMPLETE
632,632,0.8561844863731656,2025-01-05 14:17:19.433602,2025-01-05 14:17:22.727430,0 days 00:00:03.293828,2,1,5.0,,,,,,,,,,,,,,,,,,,35,10.0,,,,,,,,,,,,,,,,,,,COMPLETE
633,633,0.6287878787878788,2025-01-05 14:17:22.727824,2025-01-05 14:17:27.658072,0 days 00:00:04.930248,3,2,4.0,,,,,,,,,,,3.0,,,,,,,,5,5.0,,,,,,,,,,,10.0,,,,,,,,COMPLETE
634,634,0.7429787234042553,2025-01-05 14:17:27.658479,2025-01-05 14:17:30.945249,0 days 00:00:03.286770,2,1,13.0,,,,,,,,,,,,,,,,,,,5,10.0,,,,,,,,,,,,,,,,,,,COMPLETE
635,635,0.7947434292866082,2025-01-05 14:17:30.945636,2025-01-05 14:17:34.131075,0 days 00:00:03.185439,2,1,3.0,,,,,,,,,,,,,,,,,,,5,10.0,,,,,,,,,,,,,,,,,,,COMPLETE
636,636,0.8153624233681933,2025-01-05 14:17:34.131461,2025-01-05 14:17:37.240772,0 days 00:00:03.109311,1,1,,,,,,,,,,,,,,,,,,,,10,,,,,,,,,,,,,,,,,,,,COMPLETE
637,637,0.5272045028142589,2025-01-05 14:17:37.241145,2025-01-05 14:17:44.449225,0 days 00:00:07.208080,4,2,4.0,,,,,,,,,,,4.0,8.0,,,,,,,5,10.0,,,,,,,,,,,10.0,45.0,,,,,,,COMPLETE
638,638,0.8273322422258592,2025-01-05 14:17:44.449665,2025-01-05 14:17:47.853782,0 days 00:00:03.404117,2,1,5.0,,,,,,,,,,,,,,,,,,,60,10.0,,,,,,,,,,,,,,,,,,,COMPLETE
639,639,0.5888888888888888,2025-01-05 14:17:47.854346,2025-01-05 14:17:53.853440,0 days 00:00:05.999094,5,1,3.0,,,,,,,,,,,2.0,7.0,6.0,,,,,,35,30.0,,,,,,,,,,,15.0,50.0,25.0,,,,,,COMPLETE
640,640,0.9296235679214403,2025-01-05 14:17:53.854028,2025-01-05 14:17:58.221926,0 days 00:00:04.367898,3,1,4.0,,,,,,,,,,,1.0,,,,,,,,10,50.0,,,,,,,,,,,20.0,,,,,,,,COMPLETE
641,641,0.779205138498595,2025-01-05 14:17:58.222356,2025-01-05 14:18:01.575102,0 days 00:00:03.352746,2,1,5.0,,,,,,,,,,,,,,,,,,,10,45.0,,,,,,,,,,,,,,,,,,,COMPLETE
642,642,0.8050974512743628,2025-01-05 14:18:01.575593,2025-01-05 14:18:04.543602,0 days 00:00:02.968009,1,1,,,,,,,,,,,,,,,,,,,,10,,,,,,,,,,,,,,,,,,,,COMPLETE
643,643,0.865531914893617,2025-01-05 14:18:04.543977,2025-01-05 14:18:08.528845,0 days 00:00:03.984868,3,1,4.0,,,,,,,,,,,1.0,,,,,,,,30,50.0,,,,,,,,,,,20.0,,,,,,,,COMPLETE
644,644,0.865531914893617,2025-01-05 14:18:08.529270,2025-01-05 14:18:11.930610,0 days 00:00:03.401340,2,1,3.0,,,,,,,,,,,,,,,,,,,10,50.0,,,,,,,,,,,,,,,,,,,COMPLETE
645,645,0.779205138498595,2025-01-05 14:18:11.930999,2025-01-05 14:18:15.720365,0 days 00:00:03.789366,3,1,4.0,,,,,,,,,,,1.0,,,,,,,,10,50.0,,,,,,,,,,,20.0,,,,,,,,COMPLETE
646,646,0.8135306553911205,2025-01-05 14:18:15.720774,2025-01-05 14:18:18.710558,0 days 00:00:02.989784,1,1,,,,,,,,,,,,,,,,,,,,35,,,,,,,,,,,,,,,,,,,,COMPLETE
647,647,0.8585858585858586,2025-01-05 14:18:18.710928,2025-01-05 14:18:22.122826,0 days 00:00:03.411898,2,1,5.0,,,,,,,,,,,,,,,,,,,55,50.0,,,,,,,,,,,,,,,,,,,COMPLETE
648,648,0.8272727272727273,2025-01-05 14:18:22.123221,2025-01-05 14:18:32.790292,0 days 00:00:10.667071,2,15,4.0,,,,,,,,,,,,,,,,,,,60,35.0,,,,,,,,,,,,,,,,,,,COMPLETE
649,649,0.7734113712374582,2025-01-05 14:18:32.790723,2025-01-05 14:18:36.368873,0 days 00:00:03.578150,2,1,4.0,,,,,,,,,,,,,,,,,,,10,50.0,,,,,,,,,,,,,,,,,,,COMPLETE
650,650,0.8909803921568628,2025-01-05 14:18:36.369270,2025-01-05 14:18:39.495680,0 days 00:00:03.126410,2,1,3.0,,,,,,,,,,,,,,,,,,,35,50.0,,,,,,,,,,,,,,,,,,,COMPLETE
651,651,0.9089795918367347,2025-01-05 14:18:39.496072,2025-01-05 14:18:43.854777,0 days 00:00:04.358705,3,1,5.0,,,,,,,,,,,1.0,,,,,,,,55,50.0,,,,,,,,,,,20.0,,,,,,,,COMPLETE
652,652,0.8081632653061225,2025-01-05 14:18:43.855198,2025-01-05 14:18:47.179416,0 days 00:00:03.324218,2,1,4.0,,,,,,,,,,,,,,,,,,,10,50.0,,,,,,,,,,,,,,,,,,,COMPLETE
653,653,0.8996386993175431,2025-01-05 14:18:47.179797,2025-01-05 14:18:51.567002,0 days 00:00:04.387205,3,1,4.0,,,,,,,,,,,2.0,,,,,,,,60,45.0,,,,,,,,,,,20.0,,,,,,,,COMPLETE
654,654,0.7695732838589981,2025-01-05 14:18:51.567431,2025-01-05 14:18:54.546730,0 days 00:00:02.979299,1,2,,,,,,,,,,,,,,,,,,,,10,,,,,,,,,,,,,,,,,,,,COMPLETE
655,655,0.9093137254901961,2025-01-05 14:18:54.547098,2025-01-05 14:18:58.203679,0 days 00:00:03.656581,2,1,4.0,,,,,,,,,,,,,,,,,,,60,25.0,,,,,,,,,,,,,,,,,,,COMPLETE
656,656,0.8480392156862746,2025-01-05 14:18:58.204071,2025-01-05 14:19:01.478151,0 days 00:00:03.274080,2,1,5.0,,,,,,,,,,,,,,,,,,,30,55.0,,,,,,,,,,,,,,,,,,,COMPLETE
657,657,0.80306905370844,2025-01-05 14:19:01.478618,2025-01-05 14:19:06.352429,0 days 00:00:04.873811,4,1,4.0,,,,,,,,,,,1.0,6.0,,,,,,,35,30.0,,,,,,,,,,,15.0,35.0,,,,,,,COMPLETE
658,658,0.8687448728465956,2025-01-05 14:19:06.352880,2025-01-05 14:19:10.459743,0 days 00:00:04.106863,3,1,3.0,,,,,,,,,,,2.0,,,,,,,,55,50.0,,,,,,,,,,,20.0,,,,,,,,COMPLETE
659,659,0.765791632485644,2025-01-05 14:19:10.460169,2025-01-05 14:19:13.846567,0 days 00:00:03.386398,1,2,,,,,,,,,,,,,,,,,,,,50,,,,,,,,,,,,,,,,,,,,COMPLETE
660,660,0.9407051282051282,2025-01-05 14:19:13.846943,2025-01-05 14:19:17.417779,0 days 00:00:03.570836,2,1,4.0,,,,,,,,,,,,,,,,,,,35,55.0,,,,,,,,,,,,,,,,,,,COMPLETE
661,661,0.8685714285714285,2025-01-05 14:19:17.418181,2025-01-05 14:19:20.758447,0 days 00:00:03.340266,2,1,4.0,,,,,,,,,,,,,,,,,,,35,55.0,,,,,,,,,,,,,,,,,,,COMPLETE
662,662,0.4654150197628458,2025-01-05 14:19:20.758839,2025-01-05 14:19:24.773178,0 days 00:00:04.014339,3,1,5.0,,,,,,,,,,,13.0,,,,,,,,35,25.0,,,,,,,,,,,15.0,,,,,,,,COMPLETE
663,663,0.8470057424118129,2025-01-05 14:19:24.773772,2025-01-05 14:19:28.268551,0 days 00:00:03.494779,2,2,4.0,,,,,,,,,,,,,,,,,,,35,55.0,,,,,,,,,,,,,,,,,,,COMPLETE
664,664,0.7627705627705628,2025-01-05 14:19:28.269058,2025-01-05 14:19:31.106747,0 days 00:00:02.837689,1,1,,,,,,,,,,,,,,,,,,,,35,,,,,,,,,,,,,,,,,,,,COMPLETE
665,665,0.8798076923076923,2025-01-05 14:19:31.107136,2025-01-05 14:19:35.419139,0 days 00:00:04.312003,3,1,5.0,,,,,,,,,,,1.0,,,,,,,,35,30.0,,,,,,,,,,,25.0,,,,,,,,COMPLETE
666,666,0.88,2025-01-05 14:19:35.419554,2025-01-05 14:19:39.723255,0 days 00:00:04.303701,3,1,4.0,,,,,,,,,,,2.0,,,,,,,,35,50.0,,,,,,,,,,,20.0,,,,,,,,COMPLETE
667,667,0.9293877551020409,2025-01-05 14:19:39.723670,2025-01-05 14:19:42.828071,0 days 00:00:03.104401,2,1,3.0,,,,,,,,,,,,,,,,,,,35,50.0,,,,,,,,,,,,,,,,,,,COMPLETE
668,668,0.8389694041867954,2025-01-05 14:19:42.828462,2025-01-05 14:19:47.185839,0 days 00:00:04.357377,2,5,2.0,,,,,,,,,,,,,,,,,,,35,50.0,,,,,,,,,,,,,,,,,,,COMPLETE
669,669,0.7373737373737375,2025-01-05 14:19:47.186242,2025-01-05 14:19:50.344130,0 days 00:00:03.157888,1,2,,,,,,,,,,,,,,,,,,,,35,,,,,,,,,,,,,,,,,,,,COMPLETE
670,670,0.8996386993175431,2025-01-05 14:19:50.344523,2025-01-05 14:19:54.699124,0 days 00:00:04.354601,3,1,3.0,,,,,,,,,,,1.0,,,,,,,,40,50.0,,,,,,,,,,,15.0,,,,,,,,COMPLETE
671,671,0.907312925170068,2025-01-05 14:19:54.699541,2025-01-05 14:19:58.244437,0 days 00:00:03.544896,2,1,3.0,,,,,,,,,,,,,,,,,,,35,45.0,,,,,,,,,,,,,,,,,,,COMPLETE
672,672,0.779205138498595,2025-01-05 14:19:58.244831,2025-01-05 14:20:01.592844,0 days 00:00:03.348013,2,1,3.0,,,,,,,,,,,,,,,,,,,35,50.0,,,,,,,,,,,,,,,,,,,COMPLETE
673,673,0.8065476190476191,2025-01-05 14:20:01.593332,2025-01-05 14:20:04.190532,0 days 00:00:02.597200,1,1,,,,,,,,,,,,,,,,,,,,30,,,,,,,,,,,,,,,,,,,,COMPLETE
674,674,0.5057675244010648,2025-01-05 14:20:04.190920,2025-01-05 14:20:09.442346,0 days 00:00:05.251426,4,2,2.0,,,,,,,,,,,8.0,3.0,,,,,,,35,50.0,,,,,,,,,,,35.0,55.0,,,,,,,COMPLETE
675,675,0.9190654985398414,2025-01-05 14:20:09.442796,2025-01-05 14:20:13.034474,0 days 00:00:03.591678,2,1,2.0,,,,,,,,,,,,,,,,,,,35,50.0,,,,,,,,,,,,,,,,,,,COMPLETE
676,676,0.8688725490196079,2025-01-05 14:20:13.034878,2025-01-05 14:20:16.355851,0 days 00:00:03.320973,2,1,3.0,,,,,,,,,,,,,,,,,,,35,50.0,,,,,,,,,,,,,,,,,,,COMPLETE
677,677,0.8678396072013093,2025-01-05 14:20:16.356249,2025-01-05 14:20:20.396449,0 days 00:00:04.040200,3,1,3.0,,,,,,,,,,,2.0,,,,,,,,35,50.0,,,,,,,,,,,30.0,,,,,,,,COMPLETE
678,678,0.8389694041867954,2025-01-05 14:20:20.396866,2025-01-05 14:20:24.610122,0 days 00:00:04.213256,3,2,5.0,,,,,,,,,,,1.0,,,,,,,,40,55.0,,,,,,,,,,,5.0,,,,,,,,COMPLETE
679,679,0.8388594164456233,2025-01-05 14:20:24.610539,2025-01-05 14:20:27.149668,0 days 00:00:02.539129,1,1,,,,,,,,,,,,,,,,,,,,35,,,,,,,,,,,,,,,,,,,,COMPLETE
680,680,0.9399759903961584,2025-01-05 14:20:27.150045,2025-01-05 14:20:30.322715,0 days 00:00:03.172670,2,1,1.0,,,,,,,,,,,,,,,,,,,35,35.0,,,,,,,,,,,,,,,,,,,COMPLETE
681,681,0.8688725490196079,2025-01-05 14:20:30.323108,2025-01-05 14:20:33.625146,0 days 00:00:03.302038,2,1,3.0,,,,,,,,,,,,,,,,,,,30,35.0,,,,,,,,,,,,,,,,,,,COMPLETE
682,682,0.7367021276595744,2025-01-05 14:20:33.625537,2025-01-05 14:20:38.544239,0 days 00:00:04.918702,4,1,2.0,,,,,,,,,,,3.0,5.0,,,,,,,35,45.0,,,,,,,,,,,25.0,10.0,,,,,,,COMPLETE
683,683,0.8599439775910365,2025-01-05 14:20:38.544678,2025-01-05 14:20:41.828160,0 days 00:00:03.283482,2,2,1.0,,,,,,,,,,,,,,,,,,,35,55.0,,,,,,,,,,,,,,,,,,,COMPLETE
684,684,0.8452380952380952,2025-01-05 14:20:41.828554,2025-01-05 14:20:45.871396,0 days 00:00:04.042842,3,1,1.0,,,,,,,,,,,4.0,,,,,,,,35,40.0,,,,,,,,,,,40.0,,,,,,,,COMPLETE
685,685,0.7864874953340799,2025-01-05 14:20:45.871812,2025-01-05 14:20:49.000294,0 days 00:00:03.128482,1,1,,,,,,,,,,,,,,,,,,,,30,,,,,,,,,,,,,,,,,,,,COMPLETE
686,686,0.8397435897435898,2025-01-05 14:20:49.000667,2025-01-05 14:20:52.819678,0 days 00:00:03.819011,3,1,1.0,,,,,,,,,,,2.0,,,,,,,,35,35.0,,,,,,,,,,,20.0,,,,,,,,COMPLETE
687,687,0.8798076923076923,2025-01-05 14:20:52.820103,2025-01-05 14:20:56.213481,0 days 00:00:03.393378,2,1,1.0,,,,,,,,,,,,,,,,,,,40,50.0,,,,,,,,,,,,,,,,,,,COMPLETE
688,688,0.8999599839935974,2025-01-05 14:20:56.213876,2025-01-05 14:20:59.603843,0 days 00:00:03.389967,2,1,1.0,,,,,,,,,,,,,,,,,,,35,55.0,,,,,,,,,,,,,,,,,,,COMPLETE
689,689,0.8685714285714285,2025-01-05 14:20:59.604430,2025-01-05 14:21:03.775906,0 days 00:00:04.171476,3,2,1.0,,,,,,,,,,,4.0,,,,,,,,35,30.0,,,,,,,,,,,10.0,,,,,,,,COMPLETE
690,690,0.8480392156862746,2025-01-05 14:21:03.776334,2025-01-05 14:21:07.372733,0 days 00:00:03.596399,2,1,2.0,,,,,,,,,,,,,,,,,,,35,55.0,,,,,,,,,,,,,,,,,,,COMPLETE
691,691,0.7371355060034306,2025-01-05 14:21:07.373250,2025-01-05 14:21:10.380642,0 days 00:00:03.007392,1,1,,,,,,,,,,,,,,,,,,,,35,,,,,,,,,,,,,,,,,,,,COMPLETE
692,692,0.7083333333333333,2025-01-05 14:21:10.381035,2025-01-05 14:21:14.022048,0 days 00:00:03.641013,2,2,15.0,,,,,,,,,,,,,,,,,,,40,50.0,,,,,,,,,,,,,,,,,,,COMPLETE
693,693,0.8599439775910365,2025-01-05 14:21:14.022441,2025-01-05 14:21:18.142360,0 days 00:00:04.119919,3,1,1.0,,,,,,,,,,,1.0,,,,,,,,35,25.0,,,,,,,,,,,35.0,,,,,,,,COMPLETE
694,694,0.8599439775910365,2025-01-05 14:21:18.142784,2025-01-05 14:21:21.502781,0 days 00:00:03.359997,2,1,2.0,,,,,,,,,,,,,,,,,,,30,45.0,,,,,,,,,,,,,,,,,,,COMPLETE
695,695,0.7673202614379084,2025-01-05 14:21:21.503186,2025-01-05 14:21:24.545636,0 days 00:00:03.042450,1,1,,,,,,,,,,,,,,,,,,,,35,,,,,,,,,,,,,,,,,,,,COMPLETE
696,696,0.8594941790445605,2025-01-05 14:21:24.546006,2025-01-05 14:21:27.871675,0 days 00:00:03.325669,2,1,5.0,,,,,,,,,,,,,,,,,,,35,30.0,,,,,,,,,,,,,,,,,,,COMPLETE
697,697,0.88,2025-01-05 14:21:27.872075,2025-01-05 14:21:32.098621,0 days 00:00:04.226546,3,2,2.0,,,,,,,,,,,2.0,,,,,,,,35,55.0,,,,,,,,,,,20.0,,,,,,,,COMPLETE
698,698,0.49922158796056043,2025-01-05 14:21:32.099043,2025-01-05 14:21:43.207876,0 days 00:00:11.108833,5,1,5.0,,,,,,,,,,,3.0,14.0,10.0,,,,,,60,45.0,,,,,,,,,,,5.0,15.0,30.0,,,,,,COMPLETE
699,699,0.8333333333333334,2025-01-05 14:21:43.208385,2025-01-05 14:21:46.732263,0 days 00:00:03.523878,2,1,4.0,,,,,,,,,,,,,,,,,,,25,55.0,,,,,,,,,,,,,,,,,,,COMPLETE
700,700,0.40476190476190477,2025-01-05 14:21:46.732661,2025-01-05 14:21:53.357330,0 days 00:00:06.624669,4,2,4.0,,,,,,,,,,,10.0,11.0,,,,,,,35,50.0,,,,,,,,,,,25.0,5.0,,,,,,,COMPLETE
701,701,0.8442553191489361,2025-01-05 14:21:53.357773,2025-01-05 14:21:56.667926,0 days 00:00:03.310153,2,1,5.0,,,,,,,,,,,,,,,,,,,40,50.0,,,,,,,,,,,,,,,,,,,COMPLETE
702,702,0.7388888888888889,2025-01-05 14:21:56.668328,2025-01-05 14:22:03.258379,0 days 00:00:06.590051,1,13,,,,,,,,,,,,,,,,,,,,35,,,,,,,,,,,,,,,,,,,,COMPLETE
703,703,0.8876127973748975,2025-01-05 14:22:03.258802,2025-01-05 14:22:06.825992,0 days 00:00:03.567190,3,1,4.0,,,,,,,,,,,1.0,,,,,,,,10,55.0,,,,,,,,,,,15.0,,,,,,,,COMPLETE
704,704,0.6892177589852009,2025-01-05 14:22:06.826427,2025-01-05 14:22:09.907968,0 days 00:00:03.081541,2,1,14.0,,,,,,,,,,,,,,,,,,,30,25.0,,,,,,,,,,,,,,,,,,,COMPLETE
705,705,0.8996386993175431,2025-01-05 14:22:09.908381,2025-01-05 14:22:13.237741,0 days 00:00:03.329360,2,1,3.0,,,,,,,,,,,,,,,,,,,35,30.0,,,,,,,,,,,,,,,,,,,COMPLETE
706,706,0.8569044639132248,2025-01-05 14:22:13.238147,2025-01-05 14:22:17.581486,0 days 00:00:04.343339,3,1,5.0,,,,,,,,,,,3.0,,,,,,,,35,50.0,,,,,,,,,,,30.0,,,,,,,,COMPLETE
707,707,0.7846153846153847,2025-01-05 14:22:17.581907,2025-01-05 14:22:21.443955,0 days 00:00:03.862048,1,2,,,,,,,,,,,,,,,,,,,,60,,,,,,,,,,,,,,,,,,,,COMPLETE
708,708,0.8999599839935974,2025-01-05 14:22:21.444331,2025-01-05 14:22:24.770967,0 days 00:00:03.326636,2,1,4.0,,,,,,,,,,,,,,,,,,,40,55.0,,,,,,,,,,,,,,,,,,,COMPLETE
709,709,0.8975,2025-01-05 14:22:24.771369,2025-01-05 14:22:28.836989,0 days 00:00:04.065620,3,1,4.0,,,,,,,,,,,2.0,,,,,,,,30,15.0,,,,,,,,,,,40.0,,,,,,,,COMPLETE
710,710,0.8689795918367347,2025-01-05 14:22:28.837421,2025-01-05 14:22:32.148698,0 days 00:00:03.311277,2,1,4.0,,,,,,,,,,,,,,,,,,,20,55.0,,,,,,,,,,,,,,,,,,,COMPLETE
711,711,0.8798076923076923,2025-01-05 14:22:32.149100,2025-01-05 14:22:36.181180,0 days 00:00:04.032080,3,1,5.0,,,,,,,,,,,1.0,,,,,,,,35,55.0,,,,,,,,,,,35.0,,,,,,,,COMPLETE
712,712,0.8035087719298246,2025-01-05 14:22:36.181792,2025-01-05 14:22:39.582496,0 days 00:00:03.400704,1,2,,,,,,,,,,,,,,,,,,,,60,,,,,,,,,,,,,,,,,,,,COMPLETE
713,713,0.2565359477124183,2025-01-05 14:22:39.582870,2025-01-05 14:22:43.732425,0 days 00:00:04.149555,14,1,3.0,2.0,14.0,3.0,5.0,,,,,,,2.0,1.0,13.0,8.0,6.0,14.0,14.0,7.0,10,35.0,30.0,30.0,15.0,40.0,,,,,,,15.0,25.0,15.0,60.0,25.0,15.0,40.0,5.0,COMPLETE
714,714,0.8452380952380952,2025-01-05 14:22:43.733201,2025-01-05 14:22:47.143244,0 days 00:00:03.410043,2,1,2.0,,,,,,,,,,,,,,,,,,,35,25.0,,,,,,,,,,,,,,,,,,,COMPLETE
715,715,0.4997635933806146,2025-01-05 14:22:47.143660,2025-01-05 14:22:51.994285,0 days 00:00:04.850625,4,1,4.0,,,,,,,,,,,3.0,4.0,,,,,,,20,30.0,,,,,,,,,,,10.0,55.0,,,,,,,COMPLETE
716,716,0.9296235679214403,2025-01-05 14:22:51.994740,2025-01-05 14:22:55.341873,0 days 00:00:03.347133,2,2,4.0,,,,,,,,,,,,,,,,,,,40,50.0,,,,,,,,,,,,,,,,,,,COMPLETE
717,717,0.9399759903961584,2025-01-05 14:22:55.342276,2025-01-05 14:22:59.537573,0 days 00:00:04.195297,3,2,5.0,,,,,,,,,,,1.0,,,,,,,,40,50.0,,,,,,,,,,,25.0,,,,,,,,COMPLETE
718,718,0.4992248062015504,2025-01-05 14:22:59.538006,2025-01-05 14:23:04.984214,0 days 00:00:05.446208,4,4,6.0,,,,,,,,,,,1.0,8.0,,,,,,,40,50.0,,,,,,,,,,,25.0,20.0,,,,,,,COMPLETE
719,719,0.9089795918367347,2025-01-05 14:23:04.984771,2025-01-05 14:23:09.251648,0 days 00:00:04.266877,3,2,5.0,,,,,,,,,,,1.0,,,,,,,,45,50.0,,,,,,,,,,,20.0,,,,,,,,COMPLETE
720,720,0.7877551020408163,2025-01-05 14:23:09.252096,2025-01-05 14:23:13.757632,0 days 00:00:04.505536,3,2,5.0,,,,,,,,,,,2.0,,,,,,,,40,50.0,,,,,,,,,,,25.0,,,,,,,,COMPLETE
721,721,0.44957264957264953,2025-01-05 14:23:13.758077,2025-01-05 14:23:18.853673,0 days 00:00:05.095596,4,2,6.0,,,,,,,,,,,1.0,13.0,,,,,,,45,50.0,,,,,,,,,,,25.0,60.0,,,,,,,COMPLETE
722,722,0.8688725490196079,2025-01-05 14:23:18.854141,2025-01-05 14:23:23.707824,0 days 00:00:04.853683,3,3,5.0,,,,,,,,,,,2.0,,,,,,,,40,50.0,,,,,,,,,,,20.0,,,,,,,,COMPLETE
723,723,0.8599439775910365,2025-01-05 14:23:23.708270,2025-01-05 14:23:27.884797,0 days 00:00:04.176527,3,3,5.0,,,,,,,,,,,1.0,,,,,,,,40,50.0,,,,,,,,,,,30.0,,,,,,,,COMPLETE
724,724,0.3819655521783181,2025-01-05 14:23:27.885235,2025-01-05 14:23:32.926994,0 days 00:00:05.041759,4,3,6.0,,,,,,,,,,,1.0,15.0,,,,,,,45,50.0,,,,,,,,,,,20.0,30.0,,,,,,,COMPLETE
725,725,0.0,2025-01-05 14:23:32.927459,2025-01-05 14:24:01.562957,0 days 00:00:28.635498,17,3,5.0,10.0,6.0,11.0,10.0,9.0,10.0,12.0,,,,2.0,4.0,12.0,15.0,11.0,7.0,1.0,13.0,40,50.0,5.0,55.0,40.0,20.0,45.0,15.0,15.0,,,,25.0,40.0,50.0,35.0,45.0,30.0,5.0,25.0,COMPLETE
726,726,0.8452380952380952,2025-01-05 14:24:01.563826,2025-01-05 14:24:06.145870,0 days 00:00:04.582044,3,3,5.0,,,,,,,,,,,1.0,,,,,,,,45,45.0,,,,,,,,,,,30.0,,,,,,,,COMPLETE
727,727,0.0,2025-01-05 14:24:06.146313,2025-01-05 14:24:37.610788,0 days 00:00:31.464475,19,2,5.0,7.0,12.0,7.0,14.0,12.0,6.0,4.0,5.0,8.0,,2.0,10.0,15.0,6.0,15.0,8.0,4.0,6.0,55,50.0,15.0,5.0,55.0,35.0,25.0,55.0,35.0,25.0,5.0,,15.0,10.0,55.0,55.0,20.0,35.0,25.0,20.0,COMPLETE
728,728,0.8792270531400965,2025-01-05 14:24:37.611894,2025-01-05 14:24:42.148355,0 days 00:00:04.536461,3,2,1.0,,,,,,,,,,,1.0,,,,,,,,40,50.0,,,,,,,,,,,30.0,,,,,,,,COMPLETE
729,729,0.8239202657807309,2025-01-05 14:24:42.148805,2025-01-05 14:24:46.406971,0 days 00:00:04.258166,3,2,3.0,,,,,,,,,,,3.0,,,,,,,,45,50.0,,,,,,,,,,,25.0,,,,,,,,COMPLETE
730,730,0.8470057424118129,2025-01-05 14:24:46.407407,2025-01-05 14:24:51.121620,0 days 00:00:04.714213,4,2,5.0,,,,,,,,,,,2.0,2.0,,,,,,,10,50.0,,,,,,,,,,,20.0,25.0,,,,,,,COMPLETE
731,731,0.8075980392156863,2025-01-05 14:24:51.122075,2025-01-05 14:24:55.561493,0 days 00:00:04.439418,3,2,5.0,,,,,,,,,,,1.0,,,,,,,,30,45.0,,,,,,,,,,,35.0,,,,,,,,COMPLETE
732,732,0.8577441077441077,2025-01-05 14:24:55.561924,2025-01-05 14:24:59.464686,0 days 00:00:03.902762,2,2,5.0,,,,,,,,,,,,,,,,,,,60,50.0,,,,,,,,,,,,,,,,,,,COMPLETE
733,733,0.898989898989899,2025-01-05 14:24:59.465095,2025-01-05 14:25:02.824960,0 days 00:00:03.359865,2,1,4.0,,,,,,,,,,,,,,,,,,,45,45.0,,,,,,,,,,,,,,,,,,,COMPLETE
734,734,0.9180602006688963,2025-01-05 14:25:02.825457,2025-01-05 14:25:06.278735,0 days 00:00:03.453278,2,1,6.0,,,,,,,,,,,,,,,,,,,55,50.0,,,,,,,,,,,,,,,,,,,COMPLETE
735,735,0.8685714285714285,2025-01-05 14:25:06.279153,2025-01-05 14:25:09.575697,0 days 00:00:03.296544,2,1,6.0,,,,,,,,,,,,,,,,,,,40,55.0,,,,,,,,,,,,,,,,,,,COMPLETE
736,736,0.8876127973748975,2025-01-05 14:25:09.576110,2025-01-05 14:25:13.160986,0 days 00:00:03.584876,3,1,4.0,,,,,,,,,,,3.0,,,,,,,,10,50.0,,,,,,,,,,,15.0,,,,,,,,COMPLETE
737,737,0.7951505016722409,2025-01-05 14:25:13.161415,2025-01-05 14:25:17.452857,0 days 00:00:04.291442,3,7,3.0,,,,,,,,,,,1.0,,,,,,,,5,55.0,,,,,,,,,,,30.0,,,,,,,,COMPLETE
738,738,0.7816239316239316,2025-01-05 14:25:17.453289,2025-01-05 14:25:20.497784,0 days 00:00:03.044495,1,1,,,,,,,,,,,,,,,,,,,,55,,,,,,,,,,,,,,,,,,,,COMPLETE
739,739,0.8312401883830456,2025-01-05 14:25:20.498169,2025-01-05 14:25:24.673007,0 days 00:00:04.174838,2,2,10.0,,,,,,,,,,,,,,,,,,,60,50.0,,,,,,,,,,,,,,,,,,,COMPLETE
740,740,0.8889795918367347,2025-01-05 14:25:24.673420,2025-01-05 14:25:28.750120,0 days 00:00:04.076700,3,1,2.0,,,,,,,,,,,2.0,,,,,,,,10,55.0,,,,,,,,,,,15.0,,,,,,,,COMPLETE
741,741,0.8599439775910365,2025-01-05 14:25:28.750536,2025-01-05 14:25:32.075727,0 days 00:00:03.325191,2,1,5.0,,,,,,,,,,,,,,,,,,,40,50.0,,,,,,,,,,,,,,,,,,,COMPLETE
742,742,0.7723704866562009,2025-01-05 14:25:32.076132,2025-01-05 14:25:35.054919,0 days 00:00:02.978787,1,2,,,,,,,,,,,,,,,,,,,,5,,,,,,,,,,,,,,,,,,,,COMPLETE
743,743,0.8798076923076923,2025-01-05 14:25:35.055301,2025-01-05 14:25:38.147861,0 days 00:00:03.092560,2,1,4.0,,,,,,,,,,,,,,,,,,,30,45.0,,,,,,,,,,,,,,,,,,,COMPLETE
744,744,0.771043771043771,2025-01-05 14:25:38.148267,2025-01-05 14:25:43.476009,0 days 00:00:05.327742,3,4,4.0,,,,,,,,,,,1.0,,,,,,,,45,55.0,,,,,,,,,,,20.0,,,,,,,,COMPLETE
745,745,0.8891162029459901,2025-01-05 14:25:43.476451,2025-01-05 14:25:46.904641,0 days 00:00:03.428190,2,1,4.0,,,,,,,,,,,,,,,,,,,60,50.0,,,,,,,,,,,,,,,,,,,COMPLETE
746,746,0.6737588652482269,2025-01-05 14:25:46.905052,2025-01-05 14:25:51.723271,0 days 00:00:04.818219,4,1,3.0,,,,,,,,,,,2.0,9.0,,,,,,,55,20.0,,,,,,,,,,,30.0,40.0,,,,,,,COMPLETE
747,747,0.7386363636363636,2025-01-05 14:25:51.723719,2025-01-05 14:25:54.938569,0 days 00:00:03.214850,1,2,,,,,,,,,,,,,,,,,,,,25,,,,,,,,,,,,,,,,,,,,COMPLETE
748,748,0.8181818181818181,2025-01-05 14:25:54.938948,2025-01-05 14:25:59.071988,0 days 00:00:04.133040,3,1,9.0,,,,,,,,,,,1.0,,,,,,,,10,55.0,,,,,,,,,,,35.0,,,,,,,,COMPLETE
749,749,0.8599439775910365,2025-01-05 14:25:59.072427,2025-01-05 14:26:02.611945,0 days 00:00:03.539518,2,1,5.0,,,,,,,,,,,,,,,,,,,40,50.0,,,,,,,,,,,,,,,,,,,COMPLETE
750,750,0.8199279711884754,2025-01-05 14:26:02.612364,2025-01-05 14:26:06.457991,0 days 00:00:03.845627,3,1,4.0,,,,,,,,,,,3.0,,,,,,,,5,55.0,,,,,,,,,,,20.0,,,,,,,,COMPLETE
751,751,0.8470057424118129,2025-01-05 14:26:06.458611,2025-01-05 14:26:10.028546,0 days 00:00:03.569935,2,1,4.0,,,,,,,,,,,,,,,,,,,20,55.0,,,,,,,,,,,,,,,,,,,COMPLETE
752,752,0.2589363557105493,2025-01-05 14:26:10.029080,2025-01-05 14:26:12.655902,0 days 00:00:02.626822,11,2,5.0,15.0,,,,,,,,,,2.0,12.0,3.0,10.0,13.0,5.0,11.0,15.0,10,15.0,60.0,,,,,,,,,,25.0,50.0,10.0,15.0,55.0,50.0,60.0,55.0,COMPLETE
753,753,0.8480392156862746,2025-01-05 14:26:12.656498,2025-01-05 14:26:16.084378,0 days 00:00:03.427880,2,1,3.0,,,,,,,,,,,,,,,,,,,60,20.0,,,,,,,,,,,,,,,,,,,COMPLETE
754,754,0.8272727272727273,2025-01-05 14:26:16.084793,2025-01-05 14:26:19.030261,0 days 00:00:02.945468,1,1,,,,,,,,,,,,,,,,,,,,5,,,,,,,,,,,,,,,,,,,,COMPLETE
755,755,0.8798076923076923,2025-01-05 14:26:19.030640,2025-01-05 14:26:22.857236,0 days 00:00:03.826596,2,2,4.0,,,,,,,,,,,,,,,,,,,55,60.0,,,,,,,,,,,,,,,,,,,COMPLETE
756,756,0.875,2025-01-05 14:26:22.857641,2025-01-05 14:26:26.869293,0 days 00:00:04.011652,3,1,5.0,,,,,,,,,,,1.0,,,,,,,,30,50.0,,,,,,,,,,,40.0,,,,,,,,COMPLETE
757,757,0.8339622641509434,2025-01-05 14:26:26.869721,2025-01-05 14:26:30.250382,0 days 00:00:03.380661,2,1,5.0,,,,,,,,,,,,,,,,,,,10,40.0,,,,,,,,,,,,,,,,,,,COMPLETE
758,758,0.4815422477440525,2025-01-05 14:26:30.250792,2025-01-05 14:26:37.458397,0 days 00:00:07.207605,5,1,4.0,,,,,,,,,,,2.0,6.0,10.0,,,,,,40,20.0,,,,,,,,,,,25.0,15.0,20.0,,,,,,COMPLETE
759,759,0.88,2025-01-05 14:26:37.458885,2025-01-05 14:26:41.500049,0 days 00:00:04.041164,3,1,3.0,,,,,,,,,,,3.0,,,,,,,,20,55.0,,,,,,,,,,,15.0,,,,,,,,COMPLETE
760,760,0.7159090909090908,2025-01-05 14:26:41.500480,2025-01-05 14:26:44.448924,0 days 00:00:02.948444,1,3,,,,,,,,,,,,,,,,,,,,5,,,,,,,,,,,,,,,,,,,,COMPLETE
761,761,0.375139353400223,2025-01-05 14:26:44.449317,2025-01-05 14:26:55.389638,0 days 00:00:10.940321,6,2,1.0,,,,,,,,,,,1.0,7.0,8.0,9.0,,,,,45,15.0,,,,,,,,,,,35.0,60.0,35.0,45.0,,,,,COMPLETE
762,762,0.4494047619047619,2025-01-05 14:26:55.390155,2025-01-05 14:27:00.633612,0 days 00:00:05.243457,4,1,4.0,,,,,,,,,,,4.0,14.0,,,,,,,60,40.0,,,,,,,,,,,10.0,45.0,,,,,,,COMPLETE
763,763,0.8397435897435898,2025-01-05 14:27:00.634106,2025-01-05 14:27:04.030967,0 days 00:00:03.396861,2,1,3.0,,,,,,,,,,,,,,,,,,,55,50.0,,,,,,,,,,,,,,,,,,,COMPLETE
764,764,0.92,2025-01-05 14:27:04.031379,2025-01-05 14:27:07.398523,0 days 00:00:03.367144,2,1,2.0,,,,,,,,,,,,,,,,,,,15,55.0,,,,,,,,,,,,,,,,,,,COMPLETE
765,765,0.6587715776796468,2025-01-05 14:27:07.398927,2025-01-05 14:27:11.748138,0 days 00:00:04.349211,3,2,4.0,,,,,,,,,,,8.0,,,,,,,,15,55.0,,,,,,,,,,,25.0,,,,,,,,COMPLETE
766,766,0.8996386993175431,2025-01-05 14:27:11.748573,2025-01-05 14:27:15.831410,0 days 00:00:04.082837,3,1,5.0,,,,,,,,,,,2.0,,,,,,,,15,55.0,,,,,,,,,,,20.0,,,,,,,,COMPLETE
767,767,0.8999599839935974,2025-01-05 14:27:15.831842,2025-01-05 14:27:18.960211,0 days 00:00:03.128369,2,1,4.0,,,,,,,,,,,,,,,,,,,15,55.0,,,,,,,,,,,,,,,,,,,COMPLETE
768,768,0.818789584799437,2025-01-05 14:27:18.960608,2025-01-05 14:27:21.405904,0 days 00:00:02.445296,1,1,,,,,,,,,,,,,,,,,,,,15,,,,,,,,,,,,,,,,,,,,COMPLETE
769,769,0.8480392156862746,2025-01-05 14:27:21.406296,2025-01-05 14:27:24.753400,0 days 00:00:03.347104,2,2,4.0,,,,,,,,,,,,,,,,,,,15,55.0,,,,,,,,,,,,,,,,,,,COMPLETE
770,770,0.8376623376623377,2025-01-05 14:27:24.753805,2025-01-05 14:27:27.729794,0 days 00:00:02.975989,1,1,,,,,,,,,,,,,,,,,,,,15,,,,,,,,,,,,,,,,,,,,COMPLETE
771,771,0.8361204013377926,2025-01-05 14:27:27.730179,2025-01-05 14:27:31.246653,0 days 00:00:03.516474,2,1,6.0,,,,,,,,,,,,,,,,,,,15,55.0,,,,,,,,,,,,,,,,,,,COMPLETE
772,772,0.8389694041867954,2025-01-05 14:27:31.247058,2025-01-05 14:27:35.570466,0 days 00:00:04.323408,3,1,4.0,,,,,,,,,,,1.0,,,,,,,,20,55.0,,,,,,,,,,,15.0,,,,,,,,COMPLETE
773,773,0.5623100303951367,2025-01-05 14:27:35.570894,2025-01-05 14:27:40.018093,0 days 00:00:04.447199,3,1,5.0,,,,,,,,,,,14.0,,,,,,,,15,60.0,,,,,,,,,,,30.0,,,,,,,,COMPLETE
774,774,0.8272727272727273,2025-01-05 14:27:40.018519,2025-01-05 14:27:43.148912,0 days 00:00:03.130393,2,2,3.0,,,,,,,,,,,,,,,,,,,15,55.0,,,,,,,,,,,,,,,,,,,COMPLETE
775,775,0.8999599839935974,2025-01-05 14:27:43.149321,2025-01-05 14:27:46.473806,0 days 00:00:03.324485,2,1,4.0,,,,,,,,,,,,,,,,,,,25,55.0,,,,,,,,,,,,,,,,,,,COMPLETE
776,776,0.4435351882160393,2025-01-05 14:27:46.474410,2025-01-05 14:27:51.562558,0 days 00:00:05.088148,4,1,5.0,,,,,,,,,,,2.0,12.0,,,,,,,60,50.0,,,,,,,,,,,10.0,15.0,,,,,,,COMPLETE
777,777,0.8765123070504798,2025-01-05 14:27:51.563136,2025-01-05 14:27:55.104942,0 days 00:00:03.541806,3,2,4.0,,,,,,,,,,,3.0,,,,,,,,15,55.0,,,,,,,,,,,5.0,,,,,,,,COMPLETE
778,778,0.8884803921568627,2025-01-05 14:27:55.105379,2025-01-05 14:27:58.541771,0 days 00:00:03.436392,2,1,2.0,,,,,,,,,,,,,,,,,,,50,60.0,,,,,,,,,,,,,,,,,,,COMPLETE
779,779,0.7851851851851852,2025-01-05 14:27:58.542193,2025-01-05 14:28:01.572816,0 days 00:00:03.030623,1,1,,,,,,,,,,,,,,,,,,,,55,,,,,,,,,,,,,,,,,,,,COMPLETE
780,780,0.7759197324414716,2025-01-05 14:28:01.573300,2025-01-05 14:28:05.598537,0 days 00:00:04.025237,3,1,5.0,,,,,,,,,,,1.0,,,,,,,,40,50.0,,,,,,,,,,,30.0,,,,,,,,COMPLETE
781,781,0.8312252964426877,2025-01-05 14:28:05.598979,2025-01-05 14:28:09.033404,0 days 00:00:03.434425,2,2,4.0,,,,,,,,,,,,,,,,,,,30,55.0,,,,,,,,,,,,,,,,,,,COMPLETE
782,782,0.7947434292866082,2025-01-05 14:28:09.033812,2025-01-05 14:28:13.040179,0 days 00:00:04.006367,3,3,6.0,,,,,,,,,,,3.0,,,,,,,,15,55.0,,,,,,,,,,,35.0,,,,,,,,COMPLETE
783,783,0.8685714285714285,2025-01-05 14:28:13.040613,2025-01-05 14:28:16.302044,0 days 00:00:03.261431,2,1,12.0,,,,,,,,,,,,,,,,,,,45,45.0,,,,,,,,,,,,,,,,,,,COMPLETE
784,784,0.7666666666666666,2025-01-05 14:28:16.302446,2025-01-05 14:28:19.117194,0 days 00:00:02.814748,1,1,,,,,,,,,,,,,,,,,,,,35,,,,,,,,,,,,,,,,,,,,COMPLETE
785,785,0.8444160272804775,2025-01-05 14:28:19.117578,2025-01-05 14:28:22.866150,0 days 00:00:03.748572,2,2,4.0,,,,,,,,,,,,,,,,,,,50,50.0,,,,,,,,,,,,,,,,,,,COMPLETE
786,786,0.8798076923076923,2025-01-05 14:28:22.866561,2025-01-05 14:28:26.891393,0 days 00:00:04.024832,3,1,5.0,,,,,,,,,,,2.0,,,,,,,,35,60.0,,,,,,,,,,,20.0,,,,,,,,COMPLETE
787,787,0.7596153846153846,2025-01-05 14:28:26.891824,2025-01-05 14:28:29.853987,0 days 00:00:02.962163,1,1,,,,,,,,,,,,,,,,,,,,45,,,,,,,,,,,,,,,,,,,,COMPLETE
788,788,0.6524822695035462,2025-01-05 14:28:29.854380,2025-01-05 14:28:34.963953,0 days 00:00:05.109573,4,6,3.0,,,,,,,,,,,1.0,10.0,,,,,,,15,50.0,,,,,,,,,,,25.0,35.0,,,,,,,COMPLETE
789,789,0.9147826086956521,2025-01-05 14:28:34.964421,2025-01-05 14:28:38.027982,0 days 00:00:03.063561,2,1,4.0,,,,,,,,,,,,,,,,,,,20,55.0,,,,,,,,,,,,,,,,,,,COMPLETE
790,790,0.30090497737556565,2025-01-05 14:28:38.028397,2025-01-05 14:28:51.239604,0 days 00:00:13.211207,8,1,4.0,,,,,,,,,,,2.0,11.0,4.0,12.0,14.0,12.0,,,30,55.0,,,,,,,,,,,10.0,5.0,5.0,5.0,30.0,45.0,,,COMPLETE
791,791,0.8470057424118129,2025-01-05 14:28:51.240186,2025-01-05 14:28:54.728372,0 days 00:00:03.488186,2,1,1.0,,,,,,,,,,,,,,,,,,,60,50.0,,,,,,,,,,,,,,,,,,,COMPLETE
792,792,0.9194847020933977,2025-01-05 14:28:54.728785,2025-01-05 14:28:58.512399,0 days 00:00:03.783614,2,2,4.0,,,,,,,,,,,,,,,,,,,40,25.0,,,,,,,,,,,,,,,,,,,COMPLETE
793,793,0.8452380952380952,2025-01-05 14:28:58.512807,2025-01-05 14:29:02.911894,0 days 00:00:04.399087,3,1,5.0,,,,,,,,,,,4.0,,,,,,,,50,45.0,,,,,,,,,,,15.0,,,,,,,,COMPLETE
794,794,0.7651135926068541,2025-01-05 14:29:02.912440,2025-01-05 14:29:05.790414,0 days 00:00:02.877974,1,1,,,,,,,,,,,,,,,,,,,,55,,,,,,,,,,,,,,,,,,,,COMPLETE
795,795,0.5153191489361701,2025-01-05 14:29:05.790810,2025-01-05 14:29:09.040588,0 days 00:00:03.249778,3,1,5.0,,,,,,,,,,,11.0,,,,,,,,15,50.0,,,,,,,,,,,40.0,,,,,,,,COMPLETE
796,796,0.7596153846153846,2025-01-05 14:29:09.041022,2025-01-05 14:29:12.580686,0 days 00:00:03.539664,2,2,3.0,,,,,,,,,,,,,,,,,,,35,60.0,,,,,,,,,,,,,,,,,,,COMPLETE
797,797,0.9194847020933977,2025-01-05 14:29:12.581102,2025-01-05 14:29:16.889532,0 days 00:00:04.308430,3,1,4.0,,,,,,,,,,,1.0,,,,,,,,35,55.0,,,,,,,,,,,20.0,,,,,,,,COMPLETE
798,798,0.8884803921568627,2025-01-05 14:29:16.889967,2025-01-05 14:29:20.048204,0 days 00:00:03.158237,2,1,3.0,,,,,,,,,,,,,,,,,,,45,50.0,,,,,,,,,,,,,,,,,,,COMPLETE
799,799,0.2967741935483871,2025-01-05 14:29:20.048613,2025-01-05 14:29:34.249836,0 days 00:00:14.201223,9,2,4.0,,,,,,,,,,,3.0,13.0,5.0,5.0,3.0,6.0,8.0,,15,55.0,,,,,,,,,,,15.0,30.0,45.0,25.0,60.0,20.0,10.0,,COMPLETE
800,800,0.7812865497076023,2025-01-05 14:29:34.250761,2025-01-05 14:29:37.243631,0 days 00:00:02.992870,1,1,,,,,,,,,,,,,,,,,,,,50,,,,,,,,,,,,,,,,,,,,COMPLETE
801,801,0.92,2025-01-05 14:29:37.244029,2025-01-05 14:29:40.656299,0 days 00:00:03.412270,2,1,5.0,,,,,,,,,,,,,,,,,,,60,15.0,,,,,,,,,,,,,,,,,,,COMPLETE
802,802,0.5691489361702128,2025-01-05 14:29:40.656718,2025-01-05 14:29:45.741091,0 days 00:00:05.084373,4,1,5.0,,,,,,,,,,,2.0,5.0,,,,,,,60,15.0,,,,,,,,,,,10.0,25.0,,,,,,,COMPLETE
803,803,0.88,2025-01-05 14:29:45.741562,2025-01-05 14:29:49.134942,0 days 00:00:03.393380,2,1,6.0,,,,,,,,,,,,,,,,,,,60,15.0,,,,,,,,,,,,,,,,,,,COMPLETE
804,804,0.8620230700976043,2025-01-05 14:29:49.135356,2025-01-05 14:29:52.887941,0 days 00:00:03.752585,2,2,5.0,,,,,,,,,,,,,,,,,,,55,15.0,,,,,,,,,,,,,,,,,,,COMPLETE
805,805,0.8063986874487286,2025-01-05 14:29:52.888360,2025-01-05 14:29:57.002786,0 days 00:00:04.114426,3,1,5.0,,,,,,,,,,,1.0,,,,,,,,60,15.0,,,,,,,,,,,35.0,,,,,,,,COMPLETE
806,806,0.8284313725490196,2025-01-05 14:29:57.003229,2025-01-05 14:30:00.821367,0 days 00:00:03.818138,3,1,5.0,,,,,,,,,,,1.0,,,,,,,,60,25.0,,,,,,,,,,,20.0,,,,,,,,COMPLETE
807,807,0.8273322422258592,2025-01-05 14:30:00.821915,2025-01-05 14:30:04.197728,0 days 00:00:03.375813,2,1,5.0,,,,,,,,,,,,,,,,,,,60,15.0,,,,,,,,,,,,,,,,,,,COMPLETE
808,808,0.7684210526315789,2025-01-05 14:30:04.198169,2025-01-05 14:30:07.872493,0 days 00:00:03.674324,1,2,,,,,,,,,,,,,,,,,,,,60,,,,,,,,,,,,,,,,,,,,COMPLETE
809,809,0.8999599839935974,2025-01-05 14:30:07.872888,2025-01-05 14:30:11.491086,0 days 00:00:03.618198,2,1,6.0,,,,,,,,,,,,,,,,,,,60,15.0,,,,,,,,,,,,,,,,,,,COMPLETE
810,810,0.8180555555555555,2025-01-05 14:30:11.491508,2025-01-05 14:30:15.742435,0 days 00:00:04.250927,3,1,5.0,,,,,,,,,,,4.0,,,,,,,,60,15.0,,,,,,,,,,,30.0,,,,,,,,COMPLETE
811,811,0.6959517657192076,2025-01-05 14:30:15.742886,2025-01-05 14:30:21.455858,0 days 00:00:05.712972,1,6,,,,,,,,,,,,,,,,,,,,60,,,,,,,,,,,,,,,,,,,,COMPLETE
812,812,0.9271099744245523,2025-01-05 14:30:21.456264,2025-01-05 14:30:25.833013,0 days 00:00:04.376749,3,1,5.0,,,,,,,,,,,2.0,,,,,,,,60,50.0,,,,,,,,,,,40.0,,,,,,,,COMPLETE
813,813,0.369281045751634,2025-01-05 14:30:25.833456,2025-01-05 14:30:32.704357,0 days 00:00:06.870901,16,1,5.0,13.0,9.0,13.0,7.0,2.0,3.0,,,,,2.0,15.0,6.0,2.0,7.0,15.0,10.0,2.0,60,50.0,55.0,45.0,50.0,10.0,40.0,30.0,,,,,40.0,50.0,55.0,15.0,5.0,40.0,55.0,45.0,COMPLETE
814,814,0.8480392156862746,2025-01-05 14:30:32.705077,2025-01-05 14:30:37.839753,0 days 00:00:05.134676,4,2,6.0,,,,,,,,,,,1.0,1.0,,,,,,,60,50.0,,,,,,,,,,,45.0,60.0,,,,,,,COMPLETE
815,815,0.6888888888888889,2025-01-05 14:30:37.840233,2025-01-05 14:30:42.773287,0 days 00:00:04.933054,4,1,6.0,,,,,,,,,,,2.0,3.0,,,,,,,60,50.0,,,,,,,,,,,40.0,5.0,,,,,,,COMPLETE
816,816,0.8239202657807309,2025-01-05 14:30:42.773745,2025-01-05 14:30:46.915193,0 days 00:00:04.141448,3,4,5.0,,,,,,,,,,,1.0,,,,,,,,40,50.0,,,,,,,,,,,45.0,,,,,,,,COMPLETE
817,817,0.5694444444444444,2025-01-05 14:30:46.915633,2025-01-05 14:30:52.023273,0 days 00:00:05.107640,4,1,5.0,,,,,,,,,,,2.0,8.0,,,,,,,60,50.0,,,,,,,,,,,40.0,20.0,,,,,,,COMPLETE
818,818,0.8891162029459901,2025-01-05 14:30:52.023736,2025-01-05 14:30:55.813987,0 days 00:00:03.790251,3,1,5.0,,,,,,,,,,,2.0,,,,,,,,15,50.0,,,,,,,,,,,35.0,,,,,,,,COMPLETE
819,819,0.9093137254901961,2025-01-05 14:30:55.814437,2025-01-05 14:31:00.183069,0 days 00:00:04.368632,3,1,5.0,,,,,,,,,,,3.0,,,,,,,,15,50.0,,,,,,,,,,,40.0,,,,,,,,COMPLETE
820,820,0.8594941790445605,2025-01-05 14:31:00.183509,2025-01-05 14:31:04.356843,0 days 00:00:04.173334,3,2,5.0,,,,,,,,,,,1.0,,,,,,,,30,15.0,,,,,,,,,,,45.0,,,,,,,,COMPLETE
821,821,0.3335907335907336,2025-01-05 14:31:04.357406,2025-01-05 14:31:11.067142,0 days 00:00:06.709736,15,12,6.0,14.0,15.0,6.0,8.0,7.0,,,,,,2.0,6.0,11.0,2.0,10.0,11.0,5.0,4.0,20,45.0,40.0,25.0,10.0,55.0,50.0,,,,,,35.0,45.0,35.0,50.0,15.0,55.0,35.0,60.0,COMPLETE
822,822,0.5166666666666667,2025-01-05 14:31:11.068065,2025-01-05 14:31:15.832627,0 days 00:00:04.764562,4,1,5.0,,,,,,,,,,,3.0,7.0,,,,,,,35,50.0,,,,,,,,,,,40.0,55.0,,,,,,,COMPLETE
823,823,0.8685714285714285,2025-01-05 14:31:15.833229,2025-01-05 14:31:25.074619,0 days 00:00:09.241390,3,11,5.0,,,,,,,,,,,1.0,,,,,,,,60,45.0,,,,,,,,,,,40.0,,,,,,,,COMPLETE
824,824,0.9089795918367347,2025-01-05 14:31:25.075122,2025-01-05 14:31:29.153121,0 days 00:00:04.077999,3,1,2.0,,,,,,,,,,,1.0,,,,,,,,35,50.0,,,,,,,,,,,35.0,,,,,,,,COMPLETE
825,825,0.617872340425532,2025-01-05 14:31:29.153568,2025-01-05 14:31:33.271254,0 days 00:00:04.117686,3,2,5.0,,,,,,,,,,,10.0,,,,,,,,15,15.0,,,,,,,,,,,35.0,,,,,,,,COMPLETE
826,826,0.8470057424118129,2025-01-05 14:31:33.271691,2025-01-05 14:31:37.435860,0 days 00:00:04.164169,3,1,6.0,,,,,,,,,,,2.0,,,,,,,,60,15.0,,,,,,,,,,,45.0,,,,,,,,COMPLETE
827,827,0.5192307692307692,2025-01-05 14:31:37.436304,2025-01-05 14:31:44.493573,0 days 00:00:07.057269,5,1,1.0,,,,,,,,,,,3.0,9.0,13.0,,,,,,55,50.0,,,,,,,,,,,30.0,35.0,40.0,,,,,,COMPLETE
828,828,0.2713248638838475,2025-01-05 14:31:44.494079,2025-01-05 14:31:57.978295,0 days 00:00:13.484216,7,1,5.0,,,,,,,,,,,2.0,11.0,14.0,8.0,5.0,,,,40,35.0,,,,,,,,,,,35.0,40.0,10.0,30.0,40.0,,,,COMPLETE
829,829,0.8513725490196078,2025-01-05 14:31:57.978878,2025-01-05 14:32:02.085327,0 days 00:00:04.106449,3,2,2.0,,,,,,,,,,,1.0,,,,,,,,5,50.0,,,,,,,,,,,40.0,,,,,,,,COMPLETE
830,830,0.9173967459324155,2025-01-05 14:32:02.085873,2025-01-05 14:32:04.992113,0 days 00:00:02.906240,2,1,5.0,,,,,,,,,,,,,,,,,,,35,5.0,,,,,,,,,,,,,,,,,,,COMPLETE
831,831,0.88,2025-01-05 14:32:04.992529,2025-01-05 14:32:08.156515,0 days 00:00:03.163986,2,1,5.0,,,,,,,,,,,,,,,,,,,20,50.0,,,,,,,,,,,,,,,,,,,COMPLETE
832,832,0.779205138498595,2025-01-05 14:32:08.156929,2025-01-05 14:32:12.915079,0 days 00:00:04.758150,4,1,5.0,,,,,,,,,,,2.0,3.0,,,,,,,15,15.0,,,,,,,,,,,35.0,25.0,,,,,,,COMPLETE
833,833,0.8452380952380952,2025-01-05 14:32:12.915548,2025-01-05 14:32:16.332050,0 days 00:00:03.416502,2,3,5.0,,,,,,,,,,,,,,,,,,,15,50.0,,,,,,,,,,,,,,,,,,,COMPLETE
834,834,0.7868248772504092,2025-01-05 14:32:16.332467,2025-01-05 14:32:20.367676,0 days 00:00:04.035209,3,1,5.0,,,,,,,,,,,3.0,,,,,,,,35,60.0,,,,,,,,,,,40.0,,,,,,,,COMPLETE
835,835,0.7740041928721174,2025-01-05 14:32:20.368122,2025-01-05 14:32:24.223639,0 days 00:00:03.855517,2,2,6.0,,,,,,,,,,,,,,,,,,,55,50.0,,,,,,,,,,,,,,,,,,,COMPLETE
836,836,0.9083469721767594,2025-01-05 14:32:24.224062,2025-01-05 14:32:27.780431,0 days 00:00:03.556369,2,1,4.0,,,,,,,,,,,,,,,,,,,40,50.0,,,,,,,,,,,,,,,,,,,COMPLETE
837,837,0.8209219858156028,2025-01-05 14:32:27.780842,2025-01-05 14:32:31.977701,0 days 00:00:04.196859,3,1,4.0,,,,,,,,,,,9.0,,,,,,,,60,45.0,,,,,,,,,,,5.0,,,,,,,,COMPLETE
838,838,0.8775,2025-01-05 14:32:31.978151,2025-01-05 14:32:34.913268,0 days 00:00:02.935117,2,1,4.0,,,,,,,,,,,,,,,,,,,10,50.0,,,,,,,,,,,,,,,,,,,COMPLETE
839,839,0.7333333333333334,2025-01-05 14:32:34.913673,2025-01-05 14:32:38.050059,0 days 00:00:03.136386,1,1,,,,,,,,,,,,,,,,,,,,15,,,,,,,,,,,,,,,,,,,,COMPLETE
840,840,0.8891162029459901,2025-01-05 14:32:38.050445,2025-01-05 14:32:42.990354,0 days 00:00:04.939909,4,2,5.0,,,,,,,,,,,1.0,2.0,,,,,,,35,15.0,,,,,,,,,,,45.0,15.0,,,,,,,COMPLETE
841,841,0.8599439775910365,2025-01-05 14:32:42.990827,2025-01-05 14:32:47.252283,0 days 00:00:04.261456,3,1,5.0,,,,,,,,,,,2.0,,,,,,,,5,60.0,,,,,,,,,,,25.0,,,,,,,,COMPLETE
842,842,0.8569044639132248,2025-01-05 14:32:47.252725,2025-01-05 14:32:50.561440,0 days 00:00:03.308715,2,2,10.0,,,,,,,,,,,,,,,,,,,35,45.0,,,,,,,,,,,,,,,,,,,COMPLETE
843,843,0.8685714285714285,2025-01-05 14:32:50.562058,2025-01-05 14:32:54.973635,0 days 00:00:04.411577,3,1,4.0,,,,,,,,,,,1.0,,,,,,,,60,55.0,,,,,,,,,,,30.0,,,,,,,,COMPLETE
844,844,0.8688725490196079,2025-01-05 14:32:54.974202,2025-01-05 14:32:58.349425,0 days 00:00:03.375223,2,1,4.0,,,,,,,,,,,,,,,,,,,55,25.0,,,,,,,,,,,,,,,,,,,COMPLETE
845,845,0.8045454545454545,2025-01-05 14:32:58.349856,2025-01-05 14:33:01.325962,0 days 00:00:02.976106,1,1,,,,,,,,,,,,,,,,,,,,15,,,,,,,,,,,,,,,,,,,,COMPLETE
846,846,0.9089795918367347,2025-01-05 14:33:01.326372,2025-01-05 14:33:04.907843,0 days 00:00:03.581471,2,1,2.0,,,,,,,,,,,,,,,,,,,15,50.0,,,,,,,,,,,,,,,,,,,COMPLETE
847,847,0.0,2025-01-05 14:33:04.908266,2025-01-05 14:33:37.556715,0 days 00:00:32.648449,20,2,1.0,11.0,1.0,2.0,11.0,13.0,13.0,12.0,6.0,5.0,15.0,3.0,14.0,1.0,11.0,8.0,13.0,3.0,12.0,10,55.0,20.0,60.0,15.0,45.0,10.0,10.0,50.0,5.0,45.0,60.0,50.0,30.0,25.0,60.0,25.0,15.0,50.0,10.0,COMPLETE
848,848,0.4597069597069597,2025-01-05 14:33:37.557600,2025-01-05 14:33:48.185107,0 days 00:00:10.627507,13,1,6.0,5.0,4.0,14.0,,,,,,,,2.0,5.0,9.0,13.0,9.0,4.0,15.0,1.0,40,50.0,25.0,10.0,5.0,,,,,,,,10.0,45.0,60.0,40.0,50.0,10.0,15.0,35.0,COMPLETE
849,849,0.34070434070434075,2025-01-05 14:33:48.185767,2025-01-05 14:33:52.475291,0 days 00:00:04.289524,12,14,5.0,12.0,10.0,,,,,,,,,1.0,7.0,7.0,4.0,12.0,9.0,13.0,9.0,35,15.0,35.0,35.0,,,,,,,,,35.0,50.0,40.0,45.0,30.0,30.0,30.0,25.0,COMPLETE
850,850,0.8599439775910365,2025-01-05 14:33:52.475940,2025-01-05 14:33:55.652924,0 days 00:00:03.176984,2,1,4.0,,,,,,,,,,,,,,,,,,,5,55.0,,,,,,,,,,,,,,,,,,,COMPLETE
851,851,0.8397435897435898,2025-01-05 14:33:55.653349,2025-01-05 14:33:59.961736,0 days 00:00:04.308387,3,1,3.0,,,,,,,,,,,2.0,,,,,,,,20,50.0,,,,,,,,,,,15.0,,,,,,,,COMPLETE
852,852,0.6794258373205742,2025-01-05 14:33:59.962189,2025-01-05 14:34:03.383807,0 days 00:00:03.421618,1,2,,,,,,,,,,,,,,,,,,,,25,,,,,,,,,,,,,,,,,,,,COMPLETE
853,853,0.8122895622895623,2025-01-05 14:34:03.384223,2025-01-05 14:34:08.122579,0 days 00:00:04.738356,3,5,4.0,,,,,,,,,,,1.0,,,,,,,,30,55.0,,,,,,,,,,,25.0,,,,,,,,COMPLETE
854,854,0.7141666666666666,2025-01-05 14:34:08.123025,2025-01-05 14:34:12.930176,0 days 00:00:04.807151,3,7,5.0,,,,,,,,,,,4.0,,,,,,,,15,60.0,,,,,,,,,,,30.0,,,,,,,,COMPLETE
855,855,0.8798076923076923,2025-01-05 14:34:12.930618,2025-01-05 14:34:16.379566,0 days 00:00:03.448948,2,1,4.0,,,,,,,,,,,,,,,,,,,60,50.0,,,,,,,,,,,,,,,,,,,COMPLETE
856,856,0.7869062901155327,2025-01-05 14:34:16.379983,2025-01-05 14:34:19.741795,0 days 00:00:03.361812,2,1,5.0,,,,,,,,,,,,,,,,,,,15,55.0,,,,,,,,,,,,,,,,,,,COMPLETE
857,857,0.9293877551020409,2025-01-05 14:34:19.742214,2025-01-05 14:34:23.137567,0 days 00:00:03.395353,2,1,4.0,,,,,,,,,,,,,,,,,,,55,5.0,,,,,,,,,,,,,,,,,,,COMPLETE
858,858,0.7649501661129567,2025-01-05 14:34:23.137981,2025-01-05 14:34:26.170291,0 days 00:00:03.032310,1,1,,,,,,,,,,,,,,,,,,,,55,,,,,,,,,,,,,,,,,,,,COMPLETE
859,859,0.779205138498595,2025-01-05 14:34:26.170683,2025-01-05 14:34:29.871231,0 days 00:00:03.700548,1,2,,,,,,,,,,,,,,,,,,,,55,,,,,,,,,,,,,,,,,,,,COMPLETE
860,860,0.8678396072013093,2025-01-05 14:34:29.871618,2025-01-05 14:34:33.492531,0 days 00:00:03.620913,2,1,3.0,,,,,,,,,,,,,,,,,,,55,5.0,,,,,,,,,,,,,,,,,,,COMPLETE
861,861,0.9093137254901961,2025-01-05 14:34:33.492940,2025-01-05 14:34:37.105174,0 days 00:00:03.612234,2,1,4.0,,,,,,,,,,,,,,,,,,,55,5.0,,,,,,,,,,,,,,,,,,,COMPLETE
862,862,0.7895424836601307,2025-01-05 14:34:37.105584,2025-01-05 14:34:40.172159,0 days 00:00:03.066575,1,1,,,,,,,,,,,,,,,,,,,,60,,,,,,,,,,,,,,,,,,,,COMPLETE
863,863,0.9198717948717949,2025-01-05 14:34:40.172548,2025-01-05 14:34:43.793008,0 days 00:00:03.620460,2,1,4.0,,,,,,,,,,,,,,,,,,,55,5.0,,,,,,,,,,,,,,,,,,,COMPLETE
864,864,0.8389694041867954,2025-01-05 14:34:43.793632,2025-01-05 14:34:47.888724,0 days 00:00:04.095092,2,2,3.0,,,,,,,,,,,,,,,,,,,60,5.0,,,,,,,,,,,,,,,,,,,COMPLETE
865,865,0.8889795918367347,2025-01-05 14:34:47.889257,2025-01-05 14:34:51.273189,0 days 00:00:03.383932,2,1,4.0,,,,,,,,,,,,,,,,,,,55,5.0,,,,,,,,,,,,,,,,,,,COMPLETE
866,866,0.8792270531400965,2025-01-05 14:34:51.273618,2025-01-05 14:34:54.910704,0 days 00:00:03.637086,2,1,2.0,,,,,,,,,,,,,,,,,,,45,5.0,,,,,,,,,,,,,,,,,,,COMPLETE
867,867,0.8594941790445605,2025-01-05 14:34:54.911127,2025-01-05 14:34:57.998202,0 days 00:00:03.087075,1,1,,,,,,,,,,,,,,,,,,,,60,,,,,,,,,,,,,,,,,,,,COMPLETE
868,868,0.8678396072013093,2025-01-05 14:34:57.998595,2025-01-05 14:35:01.223164,0 days 00:00:03.224569,2,1,3.0,,,,,,,,,,,,,,,,,,,60,15.0,,,,,,,,,,,,,,,,,,,COMPLETE
869,869,0.779205138498595,2025-01-05 14:35:01.223667,2025-01-05 14:35:04.068395,0 days 00:00:02.844728,1,2,,,,,,,,,,,,,,,,,,,,55,,,,,,,,,,,,,,,,,,,,COMPLETE
870,870,0.8798076923076923,2025-01-05 14:35:04.068804,2025-01-05 14:35:07.652994,0 days 00:00:03.584190,2,1,4.0,,,,,,,,,,,,,,,,,,,35,5.0,,,,,,,,,,,,,,,,,,,COMPLETE
871,871,0.8798076923076923,2025-01-05 14:35:07.653423,2025-01-05 14:35:11.517675,0 days 00:00:03.864252,2,2,3.0,,,,,,,,,,,,,,,,,,,45,5.0,,,,,,,,,,,,,,,,,,,COMPLETE
872,872,0.7695652173913043,2025-01-05 14:35:11.518102,2025-01-05 14:35:14.627832,0 days 00:00:03.109730,1,1,,,,,,,,,,,,,,,,,,,,60,,,,,,,,,,,,,,,,,,,,COMPLETE
873,873,0.9391666666666667,2025-01-05 14:35:14.628235,2025-01-05 14:35:18.046064,0 days 00:00:03.417829,2,1,4.0,,,,,,,,,,,,,,,,,,,55,5.0,,,,,,,,,,,,,,,,,,,COMPLETE
874,874,0.8281632653061224,2025-01-05 14:35:18.046482,2025-01-05 14:35:21.676163,0 days 00:00:03.629681,2,1,4.0,,,,,,,,,,,,,,,,,,,55,5.0,,,,,,,,,,,,,,,,,,,COMPLETE
875,875,0.7751355861493534,2025-01-05 14:35:21.676583,2025-01-05 14:35:25.209649,0 days 00:00:03.533066,1,2,,,,,,,,,,,,,,,,,,,,55,,,,,,,,,,,,,,,,,,,,COMPLETE
876,876,0.9293877551020409,2025-01-05 14:35:25.210046,2025-01-05 14:35:28.378835,0 days 00:00:03.168789,2,1,4.0,,,,,,,,,,,,,,,,,,,55,5.0,,,,,,,,,,,,,,,,,,,COMPLETE
877,877,0.5272045028142589,2025-01-05 14:35:28.379251,2025-01-05 14:35:32.535689,0 days 00:00:04.156438,3,1,4.0,,,,,,,,,,,5.0,,,,,,,,55,5.0,,,,,,,,,,,50.0,,,,,,,,COMPLETE
878,878,0.8480392156862746,2025-01-05 14:35:32.536135,2025-01-05 14:35:35.689119,0 days 00:00:03.152984,2,1,4.0,,,,,,,,,,,,,,,,,,,55,5.0,,,,,,,,,,,,,,,,,,,COMPLETE
879,879,0.7655328798185941,2025-01-05 14:35:35.689527,2025-01-05 14:35:40.537512,0 days 00:00:04.847985,3,2,4.0,,,,,,,,,,,4.0,,,,,,,,55,5.0,,,,,,,,,,,5.0,,,,,,,,COMPLETE
880,880,0.8124185844550587,2025-01-05 14:35:40.537957,2025-01-05 14:35:43.932259,0 days 00:00:03.394302,2,1,4.0,,,,,,,,,,,,,,,,,,,55,5.0,,,,,,,,,,,,,,,,,,,COMPLETE
881,881,0.8128571428571428,2025-01-05 14:35:43.932673,2025-01-05 14:35:47.124334,0 days 00:00:03.191661,1,1,,,,,,,,,,,,,,,,,,,,55,,,,,,,,,,,,,,,,,,,,COMPLETE
882,882,0.8594941790445605,2025-01-05 14:35:47.124724,2025-01-05 14:35:51.350998,0 days 00:00:04.226274,2,3,4.0,,,,,,,,,,,,,,,,,,,55,5.0,,,,,,,,,,,,,,,,,,,COMPLETE
883,883,0.8999599839935974,2025-01-05 14:35:51.351418,2025-01-05 14:35:54.980630,0 days 00:00:03.629212,2,1,4.0,,,,,,,,,,,,,,,,,,,55,5.0,,,,,,,,,,,,,,,,,,,COMPLETE
884,884,0.8366666666666667,2025-01-05 14:35:54.981057,2025-01-05 14:35:59.001485,0 days 00:00:04.020428,3,1,4.0,,,,,,,,,,,4.0,,,,,,,,55,5.0,,,,,,,,,,,45.0,,,,,,,,COMPLETE
885,885,0.8977889027951607,2025-01-05 14:35:59.001918,2025-01-05 14:36:02.996989,0 days 00:00:03.995071,2,2,4.0,,,,,,,,,,,,,,,,,,,55,5.0,,,,,,,,,,,,,,,,,,,COMPLETE
886,886,0.8792270531400965,2025-01-05 14:36:02.997427,2025-01-05 14:36:06.393309,0 days 00:00:03.395882,2,1,4.0,,,,,,,,,,,,,,,,,,,55,5.0,,,,,,,,,,,,,,,,,,,COMPLETE
887,887,0.5329059829059829,2025-01-05 14:36:06.393723,2025-01-05 14:36:10.496711,0 days 00:00:04.102988,3,1,13.0,,,,,,,,,,,5.0,,,,,,,,55,5.0,,,,,,,,,,,40.0,,,,,,,,COMPLETE
888,888,0.7879901960784313,2025-01-05 14:36:10.497162,2025-01-05 14:36:14.008903,0 days 00:00:03.511741,1,2,,,,,,,,,,,,,,,,,,,,55,,,,,,,,,,,,,,,,,,,,COMPLETE
889,889,0.574468085106383,2025-01-05 14:36:14.009296,2025-01-05 14:36:18.526750,0 days 00:00:04.517454,3,1,4.0,,,,,,,,,,,12.0,,,,,,,,55,5.0,,,,,,,,,,,50.0,,,,,,,,COMPLETE
890,890,0.8389694041867954,2025-01-05 14:36:18.527411,2025-01-05 14:36:22.163476,0 days 00:00:03.636065,2,1,4.0,,,,,,,,,,,,,,,,,,,55,5.0,,,,,,,,,,,,,,,,,,,COMPLETE
891,891,0.8485714285714285,2025-01-05 14:36:22.164020,2025-01-05 14:36:25.560655,0 days 00:00:03.396635,2,1,4.0,,,,,,,,,,,,,,,,,,,55,35.0,,,,,,,,,,,,,,,,,,,COMPLETE
892,892,0.8212067435669921,2025-01-05 14:36:25.561099,2025-01-05 14:36:28.597872,0 days 00:00:03.036773,1,1,,,,,,,,,,,,,,,,,,,,55,,,,,,,,,,,,,,,,,,,,COMPLETE
893,893,0.779205138498595,2025-01-05 14:36:28.598270,2025-01-05 14:36:32.912966,0 days 00:00:04.314696,3,2,4.0,,,,,,,,,,,3.0,,,,,,,,55,5.0,,,,,,,,,,,40.0,,,,,,,,COMPLETE
894,894,0.4593023255813954,2025-01-05 14:36:32.913409,2025-01-05 14:36:38.404859,0 days 00:00:05.491450,4,1,4.0,,,,,,,,,,,4.0,8.0,,,,,,,50,5.0,,,,,,,,,,,55.0,55.0,,,,,,,COMPLETE
895,895,0.8798076923076923,2025-01-05 14:36:38.405334,2025-01-05 14:36:42.007743,0 days 00:00:03.602409,2,1,4.0,,,,,,,,,,,,,,,,,,,55,5.0,,,,,,,,,,,,,,,,,,,COMPLETE
896,896,0.9166666666666667,2025-01-05 14:36:42.008164,2025-01-05 14:36:45.125618,0 days 00:00:03.117454,2,1,4.0,,,,,,,,,,,,,,,,,,,50,5.0,,,,,,,,,,,,,,,,,,,COMPLETE
897,897,0.5549872122762148,2025-01-05 14:36:45.126030,2025-01-05 14:36:49.238939,0 days 00:00:04.112909,3,1,4.0,,,,,,,,,,,6.0,,,,,,,,40,5.0,,,,,,,,,,,45.0,,,,,,,,COMPLETE
898,898,0.30851943755169564,2025-01-05 14:36:49.239390,2025-01-05 14:37:02.848972,0 days 00:00:13.609582,6,3,4.0,,,,,,,,,,,3.0,10.0,8.0,15.0,,,,,50,5.0,,,,,,,,,,,35.0,15.0,50.0,55.0,,,,,COMPLETE
899,899,0.7734113712374582,2025-01-05 14:37:02.849632,2025-01-05 14:37:05.879291,0 days 00:00:03.029659,1,1,,,,,,,,,,,,,,,,,,,,55,,,,,,,,,,,,,,,,,,,,COMPLETE
900,900,0.8678396072013093,2025-01-05 14:37:05.879695,2025-01-05 14:37:09.399643,0 days 00:00:03.519948,2,2,3.0,,,,,,,,,,,,,,,,,,,35,40.0,,,,,,,,,,,,,,,,,,,COMPLETE
901,901,0.7752525252525253,2025-01-05 14:37:09.400069,2025-01-05 14:37:13.667891,0 days 00:00:04.267822,3,1,4.0,,,,,,,,,,,4.0,,,,,,,,5,5.0,,,,,,,,,,,60.0,,,,,,,,COMPLETE
902,902,0.8857630008525149,2025-01-05 14:37:13.668354,2025-01-05 14:37:17.593447,0 days 00:00:03.925093,2,2,4.0,,,,,,,,,,,,,,,,,,,50,5.0,,,,,,,,,,,,,,,,,,,COMPLETE
903,903,0.8485714285714285,2025-01-05 14:37:17.593863,2025-01-05 14:37:21.262085,0 days 00:00:03.668222,2,1,3.0,,,,,,,,,,,,,,,,,,,55,5.0,,,,,,,,,,,,,,,,,,,COMPLETE
904,904,0.549685534591195,2025-01-05 14:37:21.262505,2025-01-05 14:37:26.028078,0 days 00:00:04.765573,3,1,4.0,,,,,,,,,,,15.0,,,,,,,,35,5.0,,,,,,,,,,,5.0,,,,,,,,COMPLETE
905,905,0.7758358662613982,2025-01-05 14:37:26.028522,2025-01-05 14:37:29.014890,0 days 00:00:02.986368,1,1,,,,,,,,,,,,,,,,,,,,55,,,,,,,,,,,,,,,,,,,,COMPLETE
906,906,0.5903212348769296,2025-01-05 14:37:29.015290,2025-01-05 14:37:33.430989,0 days 00:00:04.415699,3,2,4.0,,,,,,,,,,,7.0,,,,,,,,35,25.0,,,,,,,,,,,30.0,,,,,,,,COMPLETE
907,907,0.8594941790445605,2025-01-05 14:37:33.431438,2025-01-05 14:37:36.791883,0 days 00:00:03.360445,2,1,4.0,,,,,,,,,,,,,,,,,,,50,5.0,,,,,,,,,,,,,,,,,,,COMPLETE
908,908,0.8666666666666667,2025-01-05 14:37:36.792306,2025-01-05 14:37:40.889588,0 days 00:00:04.097282,3,1,3.0,,,,,,,,,,,3.0,,,,,,,,45,45.0,,,,,,,,,,,10.0,,,,,,,,COMPLETE
909,909,0.8750524109014675,2025-01-05 14:37:40.890038,2025-01-05 14:37:44.224844,0 days 00:00:03.334806,2,1,4.0,,,,,,,,,,,,,,,,,,,25,5.0,,,,,,,,,,,,,,,,,,,COMPLETE
910,910,0.7756017951856384,2025-01-05 14:37:44.225267,2025-01-05 14:37:47.015480,0 days 00:00:02.790213,1,1,,,,,,,,,,,,,,,,,,,,30,,,,,,,,,,,,,,,,,,,,COMPLETE
911,911,0.6515151515151515,2025-01-05 14:37:47.015869,2025-01-05 14:37:52.243581,0 days 00:00:05.227712,4,2,4.0,,,,,,,,,,,3.0,4.0,,,,,,,5,50.0,,,,,,,,,,,45.0,20.0,,,,,,,COMPLETE
912,912,0.834096109839817,2025-01-05 14:37:52.244049,2025-01-05 14:37:55.619963,0 days 00:00:03.375914,1,1,,,,,,,,,,,,,,,,,,,,55,,,,,,,,,,,,,,,,,,,,COMPLETE
913,913,0.37102734663710274,2025-01-05 14:37:55.620592,2025-01-05 14:38:13.006676,0 days 00:00:17.386084,10,1,4.0,,,,,,,,,,,5.0,9.0,4.0,3.0,2.0,2.0,7.0,7.0,50,5.0,,,,,,,,,,,35.0,10.0,30.0,35.0,10.0,5.0,45.0,5.0,COMPLETE
914,914,0.8657804459691252,2025-01-05 14:38:13.007551,2025-01-05 14:38:16.141064,0 days 00:00:03.133513,2,1,5.0,,,,,,,,,,,,,,,,,,,35,25.0,,,,,,,,,,,,,,,,,,,COMPLETE
915,915,0.5565476190476191,2025-01-05 14:38:16.141495,2025-01-05 14:38:20.392010,0 days 00:00:04.250515,3,2,3.0,,,,,,,,,,,14.0,,,,,,,,30,45.0,,,,,,,,,,,30.0,,,,,,,,COMPLETE
916,916,0.37648221343873517,2025-01-05 14:38:20.392475,2025-01-05 14:38:28.269063,0 days 00:00:07.876588,5,1,4.0,,,,,,,,,,,3.0,13.0,2.0,,,,,,50,40.0,,,,,,,,,,,5.0,40.0,5.0,,,,,,COMPLETE
917,917,0.8485714285714285,2025-01-05 14:38:28.269587,2025-01-05 14:38:32.046988,0 days 00:00:03.777401,3,1,5.0,,,,,,,,,,,2.0,,,,,,,,35,50.0,,,,,,,,,,,40.0,,,,,,,,COMPLETE
918,918,0.9399759903961584,2025-01-05 14:38:32.047456,2025-01-05 14:38:35.829113,0 days 00:00:03.781657,2,2,4.0,,,,,,,,,,,,,,,,,,,55,10.0,,,,,,,,,,,,,,,,,,,COMPLETE
919,919,0.8594941790445605,2025-01-05 14:38:35.829542,2025-01-05 14:38:39.570333,0 days 00:00:03.740791,2,2,4.0,,,,,,,,,,,,,,,,,,,55,10.0,,,,,,,,,,,,,,,,,,,COMPLETE
920,920,0.8284313725490196,2025-01-05 14:38:39.570755,2025-01-05 14:38:44.100511,0 days 00:00:04.529756,2,3,5.0,,,,,,,,,,,,,,,,,,,55,10.0,,,,,,,,,,,,,,,,,,,COMPLETE
921,921,0.6984627512810406,2025-01-05 14:38:44.100943,2025-01-05 14:38:47.901627,0 days 00:00:03.800684,1,3,,,,,,,,,,,,,,,,,,,,55,,,,,,,,,,,,,,,,,,,,COMPLETE
922,922,0.88,2025-01-05 14:38:47.902026,2025-01-05 14:38:51.944672,0 days 00:00:04.042646,2,2,3.0,,,,,,,,,,,,,,,,,,,55,10.0,,,,,,,,,,,,,,,,,,,COMPLETE
923,923,0.8164983164983165,2025-01-05 14:38:51.945100,2025-01-05 14:38:55.972428,0 days 00:00:04.027328,2,2,4.0,,,,,,,,,,,,,,,,,,,55,10.0,,,,,,,,,,,,,,,,,,,COMPLETE
924,924,0.9089795918367347,2025-01-05 14:38:55.972852,2025-01-05 14:39:00.740196,0 days 00:00:04.767344,3,2,5.0,,,,,,,,,,,3.0,,,,,,,,55,10.0,,,,,,,,,,,30.0,,,,,,,,COMPLETE
925,925,0.8574999999999999,2025-01-05 14:39:00.740766,2025-01-05 14:39:05.138139,0 days 00:00:04.397373,3,2,4.0,,,,,,,,,,,2.0,,,,,,,,55,10.0,,,,,,,,,,,40.0,,,,,,,,COMPLETE
926,926,0.84,2025-01-05 14:39:05.138598,2025-01-05 14:39:08.641344,0 days 00:00:03.502746,2,2,5.0,,,,,,,,,,,,,,,,,,,55,10.0,,,,,,,,,,,,,,,,,,,COMPLETE
927,927,0.7717996289424861,2025-01-05 14:39:08.641777,2025-01-05 14:39:12.427706,0 days 00:00:03.785929,1,2,,,,,,,,,,,,,,,,,,,,55,,,,,,,,,,,,,,,,,,,,COMPLETE
928,928,0.8535353535353536,2025-01-05 14:39:12.428118,2025-01-05 14:39:16.471489,0 days 00:00:04.043371,2,2,3.0,,,,,,,,,,,,,,,,,,,55,10.0,,,,,,,,,,,,,,,,,,,COMPLETE
929,929,0.8470057424118129,2025-01-05 14:39:16.471910,2025-01-05 14:39:20.856894,0 days 00:00:04.384984,3,2,4.0,,,,,,,,,,,1.0,,,,,,,,55,10.0,,,,,,,,,,,35.0,,,,,,,,COMPLETE
930,930,0.8063986874487286,2025-01-05 14:39:20.857352,2025-01-05 14:39:26.175887,0 days 00:00:05.318535,4,2,4.0,,,,,,,,,,,4.0,1.0,,,,,,,50,10.0,,,,,,,,,,,10.0,5.0,,,,,,,COMPLETE
931,931,0.15625,2025-01-05 14:39:26.176381,2025-01-05 14:39:34.358455,0 days 00:00:08.182074,17,2,5.0,1.0,7.0,9.0,1.0,15.0,14.0,6.0,,,,6.0,2.0,5.0,7.0,4.0,3.0,12.0,10.0,55,10.0,5.0,5.0,60.0,25.0,35.0,40.0,5.0,,,,35.0,60.0,25.0,5.0,45.0,60.0,25.0,30.0,COMPLETE
932,932,0.8397435897435898,2025-01-05 14:39:34.359213,2025-01-05 14:39:38.795716,0 days 00:00:04.436503,2,3,3.0,,,,,,,,,,,,,,,,,,,50,5.0,,,,,,,,,,,,,,,,,,,COMPLETE
933,933,0.8569044639132248,2025-01-05 14:39:38.796376,2025-01-05 14:39:42.136470,0 days 00:00:03.340094,2,1,4.0,,,,,,,,,,,,,,,,,,,40,5.0,,,,,,,,,,,,,,,,,,,COMPLETE
934,934,0.7369121561668146,2025-01-05 14:39:42.137004,2025-01-05 14:39:45.894124,0 days 00:00:03.757120,1,2,,,,,,,,,,,,,,,,,,,,55,,,,,,,,,,,,,,,,,,,,COMPLETE
935,935,0.5601443464314354,2025-01-05 14:39:45.894533,2025-01-05 14:39:49.754119,0 days 00:00:03.859586,3,1,5.0,,,,,,,,,,,13.0,,,,,,,,50,50.0,,,,,,,,,,,45.0,,,,,,,,COMPLETE
936,936,0.8397435897435898,2025-01-05 14:39:49.754567,2025-01-05 14:39:53.166383,0 days 00:00:03.411816,2,1,4.0,,,,,,,,,,,,,,,,,,,55,50.0,,,,,,,,,,,,,,,,,,,COMPLETE
937,937,0.0,2025-01-05 14:39:53.166796,2025-01-05 14:40:24.437811,0 days 00:00:31.271015,19,2,4.0,4.0,4.0,14.0,5.0,8.0,2.0,10.0,11.0,12.0,,1.0,12.0,15.0,10.0,1.0,7.0,1.0,14.0,35,5.0,45.0,40.0,25.0,20.0,25.0,25.0,60.0,50.0,20.0,,35.0,35.0,50.0,20.0,15.0,50.0,40.0,15.0,COMPLETE
938,938,0.8798076923076923,2025-01-05 14:40:24.438743,2025-01-05 14:40:28.828719,0 days 00:00:04.389976,3,1,3.0,,,,,,,,,,,2.0,,,,,,,,40,10.0,,,,,,,,,,,5.0,,,,,,,,COMPLETE
939,939,0.8999599839935974,2025-01-05 14:40:28.829189,2025-01-05 14:40:32.224621,0 days 00:00:03.395432,2,1,4.0,,,,,,,,,,,,,,,,,,,55,10.0,,,,,,,,,,,,,,,,,,,COMPLETE
940,940,0.779205138498595,2025-01-05 14:40:32.225054,2025-01-05 14:40:35.053478,0 days 00:00:02.828424,1,1,,,,,,,,,,,,,,,,,,,,35,,,,,,,,,,,,,,,,,,,,COMPLETE
941,941,0.8775,2025-01-05 14:40:35.053883,2025-01-05 14:40:37.978761,0 days 00:00:02.924878,2,1,5.0,,,,,,,,,,,,,,,,,,,50,50.0,,,,,,,,,,,,,,,,,,,COMPLETE
942,942,0.8281632653061224,2025-01-05 14:40:37.979188,2025-01-05 14:40:42.702824,0 days 00:00:04.723636,3,2,4.0,,,,,,,,,,,2.0,,,,,,,,55,45.0,,,,,,,,,,,30.0,,,,,,,,COMPLETE
943,943,0.5327144120247569,2025-01-05 14:40:42.703276,2025-01-05 14:40:46.925516,0 days 00:00:04.222240,3,1,5.0,,,,,,,,,,,7.0,,,,,,,,40,5.0,,,,,,,,,,,40.0,,,,,,,,COMPLETE
944,944,0.8569044639132248,2025-01-05 14:40:46.925964,2025-01-05 14:40:50.249878,0 days 00:00:03.323914,2,1,4.0,,,,,,,,,,,,,,,,,,,35,50.0,,,,,,,,,,,,,,,,,,,COMPLETE
945,945,0.7584541062801933,2025-01-05 14:40:50.250310,2025-01-05 14:40:53.300382,0 days 00:00:03.050072,1,2,,,,,,,,,,,,,,,,,,,,30,,,,,,,,,,,,,,,,,,,,COMPLETE
946,946,0.46187363834422657,2025-01-05 14:40:53.300778,2025-01-05 14:41:03.943548,0 days 00:00:10.642770,4,3,4.0,,,,,,,,,,,8.0,15.0,,,,,,,50,10.0,,,,,,,,,,,10.0,20.0,,,,,,,COMPLETE
947,947,0.8075980392156863,2025-01-05 14:41:03.944143,2025-01-05 14:41:07.424492,0 days 00:00:03.480349,2,1,11.0,,,,,,,,,,,,,,,,,,,45,45.0,,,,,,,,,,,,,,,,,,,COMPLETE
948,948,0.8273322422258592,2025-01-05 14:41:07.424937,2025-01-05 14:41:11.211123,0 days 00:00:03.786186,2,4,5.0,,,,,,,,,,,,,,,,,,,45,50.0,,,,,,,,,,,,,,,,,,,COMPLETE
949,949,0.6938502673796791,2025-01-05 14:41:11.211551,2025-01-05 14:41:15.386695,0 days 00:00:04.175144,3,1,3.0,,,,,,,,,,,11.0,,,,,,,,35,50.0,,,,,,,,,,,25.0,,,,,,,,COMPLETE
950,950,0.8421985815602837,2025-01-05 14:41:15.387158,2025-01-05 14:41:18.731037,0 days 00:00:03.343879,2,1,9.0,,,,,,,,,,,,,,,,,,,55,5.0,,,,,,,,,,,,,,,,,,,COMPLETE
951,951,0.2984126984126984,2025-01-05 14:41:18.731466,2025-01-05 14:41:33.233512,0 days 00:00:14.502046,8,1,4.0,,,,,,,,,,,9.0,5.0,11.0,13.0,6.0,8.0,,,50,10.0,,,,,,,,,,,15.0,10.0,35.0,10.0,35.0,10.0,,,COMPLETE
952,952,0.8389694041867954,2025-01-05 14:41:33.234468,2025-01-05 14:41:36.847443,0 days 00:00:03.612975,1,1,,,,,,,,,,,,,,,,,,,,55,,,,,,,,,,,,,,,,,,,,COMPLETE
953,953,0.40490196078431373,2025-01-05 14:41:36.847849,2025-01-05 14:41:41.793579,0 days 00:00:04.945730,4,2,5.0,,,,,,,,,,,5.0,6.0,,,,,,,35,50.0,,,,,,,,,,,40.0,30.0,,,,,,,COMPLETE
954,954,0.9083469721767594,2025-01-05 14:41:41.794071,2025-01-05 14:41:45.837129,0 days 00:00:04.043058,3,1,4.0,,,,,,,,,,,3.0,,,,,,,,40,60.0,,,,,,,,,,,15.0,,,,,,,,COMPLETE
955,955,0.7981283422459893,2025-01-05 14:41:45.837579,2025-01-05 14:41:53.039225,0 days 00:00:07.201646,2,11,3.0,,,,,,,,,,,,,,,,,,,50,5.0,,,,,,,,,,,,,,,,,,,COMPLETE
956,956,0.3944444444444445,2025-01-05 14:41:53.039674,2025-01-05 14:42:01.008704,0 days 00:00:07.969030,18,1,4.0,8.0,2.0,15.0,3.0,6.0,8.0,13.0,3.0,,,1.0,4.0,9.0,1.0,14.0,1.0,6.0,3.0,55,50.0,15.0,25.0,35.0,10.0,55.0,50.0,30.0,30.0,,,30.0,45.0,45.0,30.0,60.0,25.0,5.0,50.0,COMPLETE
957,957,0.4872727272727273,2025-01-05 14:42:01.009521,2025-01-05 14:42:05.482314,0 days 00:00:04.472793,3,2,4.0,,,,,,,,,,,12.0,,,,,,,,35,10.0,,,,,,,,,,,25.0,,,,,,,,COMPLETE
958,958,0.84,2025-01-05 14:42:05.482778,2025-01-05 14:42:08.849377,0 days 00:00:03.366599,2,1,5.0,,,,,,,,,,,,,,,,,,,50,15.0,,,,,,,,,,,,,,,,,,,COMPLETE
959,959,0.8193496587715776,2025-01-05 14:42:08.849807,2025-01-05 14:42:12.194625,0 days 00:00:03.344818,2,1,5.0,,,,,,,,,,,,,,,,,,,45,50.0,,,,,,,,,,,,,,,,,,,COMPLETE
960,960,0.8273322422258592,2025-01-05 14:42:12.195076,2025-01-05 14:42:16.320497,0 days 00:00:04.125421,3,1,4.0,,,,,,,,,,,2.0,,,,,,,,55,20.0,,,,,,,,,,,35.0,,,,,,,,COMPLETE
961,961,0.7937710437710437,2025-01-05 14:42:16.320950,2025-01-05 14:42:19.312153,0 days 00:00:02.991203,1,1,,,,,,,,,,,,,,,,,,,,35,,,,,,,,,,,,,,,,,,,,COMPLETE
962,962,0.8513986013986015,2025-01-05 14:42:19.312560,2025-01-05 14:42:22.609873,0 days 00:00:03.297313,2,2,4.0,,,,,,,,,,,,,,,,,,,40,5.0,,,,,,,,,,,,,,,,,,,COMPLETE
963,963,0.4972170686456401,2025-01-05 14:42:22.610311,2025-01-05 14:42:28.783004,0 days 00:00:06.172693,4,7,5.0,,,,,,,,,,,1.0,10.0,,,,,,,30,50.0,,,,,,,,,,,5.0,25.0,,,,,,,COMPLETE
964,964,0.6909660107334525,2025-01-05 14:42:28.783502,2025-01-05 14:42:34.443618,0 days 00:00:05.660116,1,5,,,,,,,,,,,,,,,,,,,,55,,,,,,,,,,,,,,,,,,,,COMPLETE
965,965,0.9399759903961584,2025-01-05 14:42:34.444040,2025-01-05 14:42:38.584326,0 days 00:00:04.140286,3,1,4.0,,,,,,,,,,,3.0,,,,,,,,50,45.0,,,,,,,,,,,20.0,,,,,,,,COMPLETE
966,966,0.509750566893424,2025-01-05 14:42:38.584779,2025-01-05 14:42:44.003493,0 days 00:00:05.418714,4,2,5.0,,,,,,,,,,,2.0,13.0,,,,,,,50,45.0,,,,,,,,,,,20.0,55.0,,,,,,,COMPLETE
967,967,0.8389694041867954,2025-01-05 14:42:44.003976,2025-01-05 14:42:48.130687,0 days 00:00:04.126711,3,1,4.0,,,,,,,,,,,2.0,,,,,,,,45,40.0,,,,,,,,,,,20.0,,,,,,,,COMPLETE
968,968,0.6594202898550725,2025-01-05 14:42:48.131150,2025-01-05 14:42:52.764914,0 days 00:00:04.633764,4,1,4.0,,,,,,,,,,,1.0,7.0,,,,,,,50,45.0,,,,,,,,,,,20.0,35.0,,,,,,,COMPLETE
969,969,0.8481481481481481,2025-01-05 14:42:52.765397,2025-01-05 14:42:56.885451,0 days 00:00:04.120054,3,1,3.0,,,,,,,,,,,2.0,,,,,,,,50,45.0,,,,,,,,,,,15.0,,,,,,,,COMPLETE
970,970,0.8585858585858586,2025-01-05 14:42:56.885911,2025-01-05 14:43:00.972307,0 days 00:00:04.086396,3,1,3.0,,,,,,,,,,,3.0,,,,,,,,50,40.0,,,,,,,,,,,25.0,,,,,,,,COMPLETE
971,971,0.6660877116804169,2025-01-05 14:43:00.972791,2025-01-05 14:43:05.700494,0 days 00:00:04.727703,4,2,4.0,,,,,,,,,,,1.0,8.0,,,,,,,50,45.0,,,,,,,,,,,20.0,50.0,,,,,,,COMPLETE
972,972,0.9198717948717949,2025-01-05 14:43:05.701219,2025-01-05 14:43:09.813544,0 days 00:00:04.112325,3,1,4.0,,,,,,,,,,,2.0,,,,,,,,50,50.0,,,,,,,,,,,15.0,,,,,,,,COMPLETE
973,973,0.8999599839935974,2025-01-05 14:43:09.814127,2025-01-05 14:43:13.889555,0 days 00:00:04.075428,3,1,5.0,,,,,,,,,,,1.0,,,,,,,,50,50.0,,,,,,,,,,,25.0,,,,,,,,COMPLETE
974,974,0.8884803921568627,2025-01-05 14:43:13.890024,2025-01-05 14:43:17.692635,0 days 00:00:03.802611,3,1,4.0,,,,,,,,,,,3.0,,,,,,,,50,50.0,,,,,,,,,,,10.0,,,,,,,,COMPLETE
975,975,0.5265957446808511,2025-01-05 14:43:17.693098,2025-01-05 14:43:22.706804,0 days 00:00:05.013706,4,1,5.0,,,,,,,,,,,2.0,14.0,,,,,,,50,50.0,,,,,,,,,,,15.0,5.0,,,,,,,COMPLETE
976,976,0.8688725490196079,2025-01-05 14:43:22.707294,2025-01-05 14:43:27.006535,0 days 00:00:04.299241,3,2,4.0,,,,,,,,,,,1.0,,,,,,,,50,50.0,,,,,,,,,,,20.0,,,,,,,,COMPLETE
977,977,0.8,2025-01-05 14:43:27.006989,2025-01-05 14:43:31.092886,0 days 00:00:04.085897,3,1,3.0,,,,,,,,,,,2.0,,,,,,,,50,50.0,,,,,,,,,,,25.0,,,,,,,,COMPLETE
978,978,0.8248299319727892,2025-01-05 14:43:31.093341,2025-01-05 14:43:35.808586,0 days 00:00:04.715245,3,3,6.0,,,,,,,,,,,1.0,,,,,,,,50,10.0,,,,,,,,,,,10.0,,,,,,,,COMPLETE
979,979,0.8081014729950899,2025-01-05 14:43:35.809045,2025-01-05 14:43:39.617977,0 days 00:00:03.808932,3,1,5.0,,,,,,,,,,,3.0,,,,,,,,45,45.0,,,,,,,,,,,20.0,,,,,,,,COMPLETE
980,980,0.36602870813397126,2025-01-05 14:43:39.618428,2025-01-05 14:43:47.447483,0 days 00:00:07.829055,11,1,4.0,9.0,,,,,,,,,,2.0,11.0,3.0,9.0,3.0,10.0,4.0,5.0,50,60.0,30.0,,,,,,,,,,10.0,10.0,20.0,50.0,55.0,40.0,35.0,10.0,COMPLETE
981,981,0.6161616161616161,2025-01-05 14:43:47.448133,2025-01-05 14:43:52.051455,0 days 00:00:04.603322,4,2,4.0,,,,,,,,,,,1.0,15.0,,,,,,,35,50.0,,,,,,,,,,,15.0,55.0,,,,,,,COMPLETE
982,982,0.8209219858156028,2025-01-05 14:43:52.051939,2025-01-05 14:43:55.438509,0 days 00:00:03.386570,2,1,5.0,,,,,,,,,,,,,,,,,,,50,50.0,,,,,,,,,,,,,,,,,,,COMPLETE
983,983,0.8,2025-01-05 14:43:55.438931,2025-01-05 14:43:59.203178,0 days 00:00:03.764247,2,2,3.0,,,,,,,,,,,,,,,,,,,55,5.0,,,,,,,,,,,,,,,,,,,COMPLETE
984,984,0.9485544217687075,2025-01-05 14:43:59.203603,2025-01-05 14:44:03.690433,0 days 00:00:04.486830,3,1,4.0,,,,,,,,,,,3.0,,,,,,,,45,10.0,,,,,,,,,,,30.0,,,,,,,,COMPLETE
985,985,0.317312661498708,2025-01-05 14:44:03.691005,2025-01-05 14:44:16.076464,0 days 00:00:12.385459,4,12,5.0,,,,,,,,,,,3.0,9.0,,,,,,,45,10.0,,,,,,,,,,,25.0,45.0,,,,,,,COMPLETE
986,986,0.7829787234042553,2025-01-05 14:44:16.076990,2025-01-05 14:44:20.541827,0 days 00:00:04.464837,3,1,4.0,,,,,,,,,,,3.0,,,,,,,,45,10.0,,,,,,,,,,,30.0,,,,,,,,COMPLETE
987,987,0.49810606060606055,2025-01-05 14:44:20.542298,2025-01-05 14:44:26.927826,0 days 00:00:06.385528,4,2,6.0,,,,,,,,,,,4.0,12.0,,,,,,,40,10.0,,,,,,,,,,,30.0,40.0,,,,,,,COMPLETE
988,988,0.845531914893617,2025-01-05 14:44:26.928310,2025-01-05 14:44:31.359755,0 days 00:00:04.431445,3,1,4.0,,,,,,,,,,,2.0,,,,,,,,45,10.0,,,,,,,,,,,25.0,,,,,,,,COMPLETE
989,989,0.8685714285714285,2025-01-05 14:44:31.360222,2025-01-05 14:44:35.503577,0 days 00:00:04.143355,3,1,4.0,,,,,,,,,,,2.0,,,,,,,,40,10.0,,,,,,,,,,,30.0,,,,,,,,COMPLETE
990,990,0.7573203194321206,2025-01-05 14:44:35.504029,2025-01-05 14:44:40.505958,0 days 00:00:05.001929,4,1,5.0,,,,,,,,,,,2.0,3.0,,,,,,,45,10.0,,,,,,,,,,,25.0,60.0,,,,,,,COMPLETE
991,991,0.8975,2025-01-05 14:44:40.506450,2025-01-05 14:44:44.630707,0 days 00:00:04.124257,3,1,3.0,,,,,,,,,,,1.0,,,,,,,,45,10.0,,,,,,,,,,,35.0,,,,,,,,COMPLETE
992,992,0.7777777777777778,2025-01-05 14:44:44.631165,2025-01-05 14:44:48.946950,0 days 00:00:04.315785,3,2,4.0,,,,,,,,,,,3.0,,,,,,,,40,10.0,,,,,,,,,,,30.0,,,,,,,,COMPLETE
993,993,0.6594097726173198,2025-01-05 14:44:48.947654,2025-01-05 14:44:52.621799,0 days 00:00:03.674145,3,1,4.0,,,,,,,,,,,4.0,,,,,,,,40,5.0,,,,,,,,,,,35.0,,,,,,,,COMPLETE
994,994,0.8891162029459901,2025-01-05 14:44:52.622373,2025-01-05 14:44:57.803659,0 days 00:00:05.181286,4,1,5.0,,,,,,,,,,,2.0,1.0,,,,,,,45,10.0,,,,,,,,,,,30.0,20.0,,,,,,,COMPLETE
995,995,0.4580952380952381,2025-01-05 14:44:57.804160,2025-01-05 14:45:04.283747,0 days 00:00:06.479587,5,1,4.0,,,,,,,,,,,1.0,4.0,12.0,,,,,,45,10.0,,,,,,,,,,,25.0,30.0,15.0,,,,,,COMPLETE
996,996,0.76759410801964,2025-01-05 14:45:04.284406,2025-01-05 14:45:08.697418,0 days 00:00:04.413012,3,2,6.0,,,,,,,,,,,4.0,,,,,,,,45,15.0,,,,,,,,,,,30.0,,,,,,,,COMPLETE
997,997,0.845531914893617,2025-01-05 14:45:08.697887,2025-01-05 14:45:12.816651,0 days 00:00:04.118764,3,1,5.0,,,,,,,,,,,2.0,,,,,,,,50,10.0,,,,,,,,,,,35.0,,,,,,,,COMPLETE
998,998,0.8685714285714285,2025-01-05 14:45:12.817118,2025-01-05 14:45:17.194291,0 days 00:00:04.377173,3,2,3.0,,,,,,,,,,,3.0,,,,,,,,40,5.0,,,,,,,,,,,25.0,,,,,,,,COMPLETE
999,999,0.7141666666666666,2025-01-05 14:45:17.194760,2025-01-05 14:45:22.065498,0 days 00:00:04.870738,3,4,4.0,,,,,,,,,,,1.0,,,,,,,,50,5.0,,,,,,,,,,,30.0,,,,,,,,COMPLETE
