,number,value,datetime_start,datetime_complete,duration,params_depth,params_grids_0,params_grids_1,params_grids_10,params_grids_11,params_grids_12,params_grids_13,params_grids_14,params_grids_15,params_grids_16,params_grids_17,params_grids_18,params_grids_19,params_grids_2,params_grids_3,params_grids_4,params_grids_5,params_grids_6,params_grids_7,params_grids_8,params_grids_9,params_neurons_layer_0,params_neurons_layer_1,params_neurons_layer_10,params_neurons_layer_11,params_neurons_layer_12,params_neurons_layer_13,params_neurons_layer_14,params_neurons_layer_15,params_neurons_layer_16,params_neurons_layer_17,params_neurons_layer_18,params_neurons_layer_19,params_neurons_layer_2,params_neurons_layer_3,params_neurons_layer_4,params_neurons_layer_5,params_neurons_layer_6,params_neurons_layer_7,params_neurons_layer_8,params_neurons_layer_9,state
0,0,0.7790716656690428,2025-01-05 07:03:03.631903,2025-01-05 07:03:24.098774,0 days 00:00:20.466871,3,7,3.0,,,,,,,,,,,11.0,,,,,,,,5,30.0,,,,,,,,,,,60.0,,,,,,,,COMPLETE
1,1,0.5138649966819362,2025-01-05 07:03:24.099249,2025-01-05 07:04:12.701141,0 days 00:00:48.601892,4,3,14.0,,,,,,,,,,,5.0,6.0,,,,,,,55,35.0,,,,,,,,,,,60.0,50.0,,,,,,,COMPLETE
2,2,0.4587087087087087,2025-01-05 07:04:12.701724,2025-01-05 07:04:56.571331,0 days 00:00:43.869607,4,8,11.0,,,,,,,,,,,15.0,11.0,,,,,,,15,60.0,,,,,,,,,,,40.0,15.0,,,,,,,COMPLETE
3,3,0.36611898074038274,2025-01-05 07:04:56.571938,2025-01-05 07:05:54.632761,0 days 00:00:58.060823,8,4,1.0,,,,,,,,,,,9.0,7.0,15.0,11.0,13.0,5.0,,,25,40.0,,,,,,,,,,,55.0,50.0,20.0,30.0,20.0,35.0,,,COMPLETE
4,4,0.07648371262829094,2025-01-05 07:05:54.633476,2025-01-05 07:06:22.481007,0 days 00:00:27.847531,8,9,2.0,,,,,,,,,,,10.0,5.0,6.0,2.0,6.0,12.0,,,5,55.0,,,,,,,,,,,10.0,25.0,35.0,25.0,45.0,5.0,,,COMPLETE
5,5,0.2610744319005313,2025-01-05 07:06:22.481897,2025-01-05 07:06:46.981329,0 days 00:00:24.499432,11,11,12.0,10.0,,,,,,,,,,7.0,8.0,9.0,5.0,3.0,12.0,9.0,12.0,5,10.0,20.0,,,,,,,,,,45.0,35.0,55.0,35.0,30.0,55.0,35.0,20.0,COMPLETE
6,6,0.6439401404980784,2025-01-05 07:06:46.982050,2025-01-05 07:06:55.497409,0 days 00:00:08.515359,3,4,14.0,,,,,,,,,,,2.0,,,,,,,,5,10.0,,,,,,,,,,,25.0,,,,,,,,COMPLETE
7,7,0.25,2025-01-05 07:06:55.497830,2025-01-05 07:07:34.924940,0 days 00:00:39.427110,8,13,1.0,,,,,,,,,,,11.0,2.0,14.0,9.0,7.0,11.0,,,40,5.0,,,,,,,,,,,15.0,40.0,10.0,5.0,50.0,35.0,,,COMPLETE
8,8,0.0,2025-01-05 07:07:34.925601,2025-01-05 07:11:30.602069,0 days 00:03:55.676468,18,3,12.0,13.0,11.0,6.0,10.0,8.0,1.0,5.0,6.0,,,14.0,12.0,5.0,3.0,12.0,9.0,5.0,15.0,50,60.0,60.0,10.0,20.0,50.0,20.0,50.0,30.0,40.0,,,55.0,35.0,60.0,15.0,35.0,55.0,55.0,45.0,COMPLETE
9,9,0.32707675983581386,2025-01-05 07:11:30.602957,2025-01-05 07:12:03.907147,0 days 00:00:33.304190,11,15,5.0,9.0,,,,,,,,,,11.0,2.0,6.0,13.0,13.0,5.0,13.0,13.0,45,35.0,40.0,,,,,,,,,,30.0,10.0,25.0,25.0,5.0,55.0,45.0,35.0,COMPLETE
10,10,0.15324566144238275,2025-01-05 07:12:03.907739,2025-01-05 07:14:01.378086,0 days 00:01:57.470347,16,7,6.0,1.0,2.0,15.0,2.0,1.0,15.0,,,,,1.0,15.0,1.0,15.0,1.0,1.0,1.0,3.0,25,20.0,5.0,55.0,60.0,5.0,60.0,5.0,,,,,45.0,60.0,40.0,60.0,60.0,5.0,5.0,5.0,COMPLETE
11,11,0.843993999648515,2025-01-05 07:14:01.378990,2025-01-05 07:14:07.879947,0 days 00:00:06.500957,1,6,,,,,,,,,,,,,,,,,,,,15,,,,,,,,,,,,,,,,,,,,COMPLETE
12,12,0.7868878566688786,2025-01-05 07:14:07.880285,2025-01-05 07:14:17.704172,0 days 00:00:09.823887,2,6,5.0,,,,,,,,,,,,,,,,,,,20,20.0,,,,,,,,,,,,,,,,,,,COMPLETE
13,13,0.6000359389038634,2025-01-05 07:14:17.704515,2025-01-05 07:14:24.856285,0 days 00:00:07.151770,1,6,,,,,,,,,,,,,,,,,,,,20,,,,,,,,,,,,,,,,,,,,COMPLETE
14,14,0.8152232596544715,2025-01-05 07:14:24.856606,2025-01-05 07:14:34.713601,0 days 00:00:09.856995,1,10,,,,,,,,,,,,,,,,,,,,30,,,,,,,,,,,,,,,,,,,,COMPLETE
15,15,0.3045953490472575,2025-01-05 07:14:34.714074,2025-01-05 07:14:56.471285,0 days 00:00:21.757211,6,1,9.0,,,,,,,,,,,4.0,15.0,10.0,7.0,,,,,35,45.0,,,,,,,,,,,5.0,5.0,5.0,60.0,,,,,COMPLETE
16,16,0.1728465302274168,2025-01-05 07:14:56.471729,2025-01-05 07:15:04.489396,0 days 00:00:08.017667,15,10,8.0,2.0,15.0,1.0,15.0,15.0,,,,,,6.0,11.0,1.0,1.0,10.0,15.0,15.0,1.0,30,20.0,60.0,5.0,5.0,15.0,5.0,,,,,,20.0,20.0,45.0,45.0,5.0,20.0,5.0,60.0,COMPLETE
17,17,0.26074725444503094,2025-01-05 07:15:04.490000,2025-01-05 07:15:54.995495,0 days 00:00:50.505495,6,12,8.0,,,,,,,,,,,13.0,4.0,12.0,8.0,,,,,15,50.0,,,,,,,,,,,35.0,60.0,20.0,45.0,,,,,COMPLETE
18,18,0.7571706134697882,2025-01-05 07:15:54.996144,2025-01-05 07:16:09.713187,0 days 00:00:14.717043,1,15,,,,,,,,,,,,,,,,,,,,35,,,,,,,,,,,,,,,,,,,,COMPLETE
19,19,0.24863434781781152,2025-01-05 07:16:09.713524,2025-01-05 07:16:26.198685,0 days 00:00:16.485161,13,9,4.0,5.0,1.0,15.0,,,,,,,,3.0,9.0,4.0,11.0,15.0,1.0,9.0,7.0,60,25.0,40.0,55.0,55.0,,,,,,,,5.0,25.0,50.0,5.0,15.0,20.0,20.0,5.0,COMPLETE
20,20,0.0,2025-01-05 07:16:26.199237,2025-01-05 07:19:42.211475,0 days 00:03:16.012238,20,12,15.0,15.0,7.0,8.0,1.0,15.0,8.0,15.0,15.0,15.0,11.0,8.0,1.0,12.0,15.0,4.0,5.0,2.0,8.0,15,45.0,20.0,30.0,40.0,60.0,60.0,15.0,60.0,10.0,35.0,5.0,25.0,45.0,30.0,45.0,60.0,45.0,25.0,55.0,COMPLETE
21,21,0.8237759000683991,2025-01-05 07:19:42.212384,2025-01-05 07:19:50.393231,0 days 00:00:08.180847,1,6,,,,,,,,,,,,,,,,,,,,25,,,,,,,,,,,,,,,,,,,,COMPLETE
22,22,0.4142579567716864,2025-01-05 07:19:50.393574,2025-01-05 07:20:08.062075,0 days 00:00:17.668501,5,5,10.0,,,,,,,,,,,13.0,13.0,3.0,,,,,,30,5.0,,,,,,,,,,,50.0,5.0,15.0,,,,,,COMPLETE
23,23,0.6918219026872845,2025-01-05 07:20:08.062590,2025-01-05 07:20:15.861801,0 days 00:00:07.799211,1,8,,,,,,,,,,,,,,,,,,,,25,,,,,,,,,,,,,,,,,,,,COMPLETE
24,24,0.7538071596394804,2025-01-05 07:20:15.862237,2025-01-05 07:20:27.731705,0 days 00:00:11.869468,3,1,8.0,,,,,,,,,,,1.0,,,,,,,,40,15.0,,,,,,,,,,,35.0,,,,,,,,COMPLETE
25,25,0.37085987261146497,2025-01-05 07:20:27.732078,2025-01-05 07:20:57.263333,0 days 00:00:29.531255,6,10,6.0,,,,,,,,,,,6.0,9.0,8.0,5.0,,,,,20,30.0,,,,,,,,,,,15.0,25.0,60.0,15.0,,,,,COMPLETE
26,26,0.8124377802036347,2025-01-05 07:20:57.263898,2025-01-05 07:21:03.351294,0 days 00:00:06.087396,1,5,,,,,,,,,,,,,,,,,,,,10,,,,,,,,,,,,,,,,,,,,COMPLETE
27,27,0.5112635763351795,2025-01-05 07:21:03.351656,2025-01-05 07:21:35.146464,0 days 00:00:31.794808,4,7,13.0,,,,,,,,,,,3.0,4.0,,,,,,,30,50.0,,,,,,,,,,,30.0,55.0,,,,,,,COMPLETE
28,28,0.7840987992769325,2025-01-05 07:21:35.147039,2025-01-05 07:21:58.904662,0 days 00:00:23.757623,2,9,10.0,,,,,,,,,,,,,,,,,,,40,40.0,,,,,,,,,,,,,,,,,,,COMPLETE
29,29,0.3929922426566722,2025-01-05 07:21:58.905024,2025-01-05 07:22:29.050769,0 days 00:00:30.145745,9,7,7.0,,,,,,,,,,,8.0,13.0,12.0,5.0,10.0,15.0,6.0,,25,25.0,,,,,,,,,,,40.0,15.0,5.0,50.0,30.0,25.0,60.0,,COMPLETE
30,30,0.6179784521753433,2025-01-05 07:22:29.051472,2025-01-05 07:22:49.358477,0 days 00:00:20.307005,3,6,3.0,,,,,,,,,,,15.0,,,,,,,,10,55.0,,,,,,,,,,,20.0,,,,,,,,COMPLETE
31,31,0.715389757441816,2025-01-05 07:22:49.358877,2025-01-05 07:22:55.653988,0 days 00:00:06.295111,1,5,,,,,,,,,,,,,,,,,,,,10,,,,,,,,,,,,,,,,,,,,COMPLETE
32,32,0.8064602064602064,2025-01-05 07:22:55.654303,2025-01-05 07:23:03.964007,0 days 00:00:08.309704,2,3,15.0,,,,,,,,,,,,,,,,,,,10,15.0,,,,,,,,,,,,,,,,,,,COMPLETE
33,33,0.26193101122575374,2025-01-05 07:23:03.964396,2025-01-05 07:23:28.754972,0 days 00:00:24.790576,5,5,11.0,,,,,,,,,,,13.0,10.0,8.0,,,,,,15,40.0,,,,,,,,,,,10.0,30.0,35.0,,,,,,COMPLETE
34,34,0.6052309688673325,2025-01-05 07:23:28.755417,2025-01-05 07:23:44.728175,0 days 00:00:15.972758,4,4,3.0,,,,,,,,,,,5.0,3.0,,,,,,,10,25.0,,,,,,,,,,,45.0,40.0,,,,,,,COMPLETE
35,35,0.8054409618957254,2025-01-05 07:23:44.728758,2025-01-05 07:23:53.431685,0 days 00:00:08.702927,2,2,4.0,,,,,,,,,,,,,,,,,,,20,30.0,,,,,,,,,,,,,,,,,,,COMPLETE
36,36,0.5651615047230295,2025-01-05 07:23:53.432039,2025-01-05 07:24:19.662731,0 days 00:00:26.230692,3,8,13.0,,,,,,,,,,,9.0,,,,,,,,20,35.0,,,,,,,,,,,50.0,,,,,,,,COMPLETE
37,37,0.5121717119133762,2025-01-05 07:24:19.663141,2025-01-05 07:24:51.531556,0 days 00:00:31.868415,5,6,2.0,,,,,,,,,,,3.0,6.0,10.0,,,,,,15,60.0,,,,,,,,,,,25.0,45.0,45.0,,,,,,COMPLETE
38,38,0.3903115526027221,2025-01-05 07:24:51.532191,2025-01-05 07:24:55.373811,0 days 00:00:03.841620,1,4,,,,,,,,,,,,,,,,,,,,5,,,,,,,,,,,,,,,,,,,,COMPLETE
39,39,0.4353173942552728,2025-01-05 07:24:55.374147,2025-01-05 07:25:45.180784,0 days 00:00:49.806637,7,10,10.0,,,,,,,,,,,11.0,1.0,2.0,11.0,1.0,,,,35,45.0,,,,,,,,,,,60.0,15.0,25.0,15.0,40.0,,,,COMPLETE
40,40,0.4955301938225468,2025-01-05 07:25:45.181472,2025-01-05 07:26:32.200670,0 days 00:00:47.019198,4,7,7.0,,,,,,,,,,,7.0,14.0,,,,,,,25,55.0,,,,,,,,,,,40.0,55.0,,,,,,,COMPLETE
41,41,0.8085376695270581,2025-01-05 07:26:32.201234,2025-01-05 07:26:40.669649,0 days 00:00:08.468415,2,3,15.0,,,,,,,,,,,,,,,,,,,10,15.0,,,,,,,,,,,,,,,,,,,COMPLETE
42,42,0.802296219417959,2025-01-05 07:26:40.670130,2025-01-05 07:26:48.316461,0 days 00:00:07.646331,2,2,14.0,,,,,,,,,,,,,,,,,,,10,10.0,,,,,,,,,,,,,,,,,,,COMPLETE
43,43,0.509679549317936,2025-01-05 07:26:48.316885,2025-01-05 07:27:02.424889,0 days 00:00:14.108004,3,5,12.0,,,,,,,,,,,12.0,,,,,,,,5,15.0,,,,,,,,,,,55.0,,,,,,,,COMPLETE
44,44,0.7769457252745968,2025-01-05 07:27:02.425297,2025-01-05 07:27:06.227554,0 days 00:00:03.802257,1,4,,,,,,,,,,,,,,,,,,,,5,,,,,,,,,,,,,,,,,,,,COMPLETE
45,45,0.8070623583931569,2025-01-05 07:27:06.227860,2025-01-05 07:27:13.671276,0 days 00:00:07.443416,2,2,11.0,,,,,,,,,,,,,,,,,,,15,5.0,,,,,,,,,,,,,,,,,,,COMPLETE
46,46,0.30117769721096654,2025-01-05 07:27:13.671620,2025-01-05 07:27:25.728686,0 days 00:00:12.057066,10,3,13.0,,,,,,,,,,,14.0,7.0,14.0,3.0,9.0,7.0,12.0,5.0,20,10.0,,,,,,,,,,,10.0,30.0,50.0,35.0,20.0,40.0,40.0,25.0,COMPLETE
47,47,0.5630361535751601,2025-01-05 07:27:25.729180,2025-01-05 07:27:45.154269,0 days 00:00:19.425089,3,8,14.0,,,,,,,,,,,5.0,,,,,,,,25,30.0,,,,,,,,,,,20.0,,,,,,,,COMPLETE
48,48,0.47010603484990227,2025-01-05 07:27:45.154661,2025-01-05 07:28:03.512820,0 days 00:00:18.358159,4,3,9.0,,,,,,,,,,,9.0,10.0,,,,,,,10,15.0,,,,,,,,,,,60.0,10.0,,,,,,,COMPLETE
49,49,0.6990097474953006,2025-01-05 07:28:03.513453,2025-01-05 07:28:12.575690,0 days 00:00:09.062237,1,6,,,,,,,,,,,,,,,,,,,,30,,,,,,,,,,,,,,,,,,,,COMPLETE
50,50,0.8117546432062561,2025-01-05 07:28:12.576038,2025-01-05 07:28:20.936573,0 days 00:00:08.360535,2,5,1.0,,,,,,,,,,,,,,,,,,,15,35.0,,,,,,,,,,,,,,,,,,,COMPLETE
51,51,0.8129022136663584,2025-01-05 07:28:20.936925,2025-01-05 07:28:29.690630,0 days 00:00:08.753705,2,6,1.0,,,,,,,,,,,,,,,,,,,15,35.0,,,,,,,,,,,,,,,,,,,COMPLETE
52,52,0.5606530987696907,2025-01-05 07:28:29.690963,2025-01-05 07:28:36.555363,0 days 00:00:06.864400,1,7,,,,,,,,,,,,,,,,,,,,15,,,,,,,,,,,,,,,,,,,,COMPLETE
53,53,0.29192229038854806,2025-01-05 07:28:36.555687,2025-01-05 07:28:49.146459,0 days 00:00:12.590772,13,5,1.0,5.0,7.0,9.0,,,,,,,,10.0,4.0,7.0,13.0,4.0,3.0,4.0,11.0,20,35.0,5.0,30.0,30.0,,,,,,,,50.0,20.0,15.0,55.0,50.0,10.0,25.0,45.0,COMPLETE
54,54,0.7204850090900687,2025-01-05 07:28:49.147006,2025-01-05 07:29:14.265940,0 days 00:00:25.118934,3,6,2.0,,,,,,,,,,,15.0,,,,,,,,25,40.0,,,,,,,,,,,35.0,,,,,,,,COMPLETE
55,55,0.7921124936454527,2025-01-05 07:29:14.266553,2025-01-05 07:29:24.476927,0 days 00:00:10.210374,2,11,1.0,,,,,,,,,,,,,,,,,,,15,50.0,,,,,,,,,,,,,,,,,,,COMPLETE
56,56,0.5024854364359094,2025-01-05 07:29:24.477287,2025-01-05 07:29:45.423476,0 days 00:00:20.946189,5,5,3.0,,,,,,,,,,,2.0,6.0,4.0,,,,,,30,40.0,,,,,,,,,,,15.0,50.0,30.0,,,,,,COMPLETE
57,57,0.8498287122468182,2025-01-05 07:29:45.423904,2025-01-05 07:29:53.158255,0 days 00:00:07.734351,1,7,,,,,,,,,,,,,,,,,,,,20,,,,,,,,,,,,,,,,,,,,COMPLETE
58,58,0.8356589417233995,2025-01-05 07:29:53.158586,2025-01-05 07:30:01.652079,0 days 00:00:08.493493,1,9,,,,,,,,,,,,,,,,,,,,20,,,,,,,,,,,,,,,,,,,,COMPLETE
59,59,0.5321337132773061,2025-01-05 07:30:01.652455,2025-01-05 07:30:28.214125,0 days 00:00:26.561670,4,9,5.0,,,,,,,,,,,4.0,12.0,,,,,,,20,45.0,,,,,,,,,,,30.0,40.0,,,,,,,COMPLETE
60,60,0.8500782894532182,2025-01-05 07:30:28.214703,2025-01-05 07:30:38.431499,0 days 00:00:10.216796,1,11,,,,,,,,,,,,,,,,,,,,25,,,,,,,,,,,,,,,,,,,,COMPLETE
61,61,0.7465643699320081,2025-01-05 07:30:38.431830,2025-01-05 07:30:48.216942,0 days 00:00:09.785112,1,11,,,,,,,,,,,,,,,,,,,,25,,,,,,,,,,,,,,,,,,,,COMPLETE
62,62,0.836658644781318,2025-01-05 07:30:48.217270,2025-01-05 07:31:00.607974,0 days 00:00:12.390704,1,12,,,,,,,,,,,,,,,,,,,,30,,,,,,,,,,,,,,,,,,,,COMPLETE
63,63,0.6155981537147457,2025-01-05 07:31:00.608320,2025-01-05 07:31:15.804054,0 days 00:00:15.195734,1,14,,,,,,,,,,,,,,,,,,,,35,,,,,,,,,,,,,,,,,,,,COMPLETE
64,64,0.602854779165928,2025-01-05 07:31:15.804561,2025-01-05 07:31:55.806232,0 days 00:00:40.001671,3,12,6.0,,,,,,,,,,,12.0,,,,,,,,30,60.0,,,,,,,,,,,40.0,,,,,,,,COMPLETE
65,65,0.7680363750695334,2025-01-05 07:31:55.806616,2025-01-05 07:32:06.545291,0 days 00:00:10.738675,1,10,,,,,,,,,,,,,,,,,,,,30,,,,,,,,,,,,,,,,,,,,COMPLETE
66,66,0.5269783751644452,2025-01-05 07:32:06.545809,2025-01-05 07:32:27.258128,0 days 00:00:20.712319,3,13,7.0,,,,,,,,,,,7.0,,,,,,,,25,20.0,,,,,,,,,,,55.0,,,,,,,,COMPLETE
67,67,0.802949744432927,2025-01-05 07:32:27.258523,2025-01-05 07:32:52.066692,0 days 00:00:24.808169,2,13,4.0,,,,,,,,,,,,,,,,,,,45,55.0,,,,,,,,,,,,,,,,,,,COMPLETE
68,68,0.07428545291917385,2025-01-05 07:32:52.067061,2025-01-05 07:33:36.978632,0 days 00:00:44.911571,17,9,11.0,12.0,15.0,2.0,7.0,1.0,1.0,1.0,,,,6.0,8.0,13.0,7.0,15.0,9.0,11.0,10.0,20,25.0,50.0,40.0,5.0,30.0,35.0,60.0,5.0,,,,5.0,10.0,40.0,40.0,15.0,45.0,50.0,15.0,COMPLETE
69,69,0.7594307195628149,2025-01-05 07:33:36.979473,2025-01-05 07:33:50.663441,0 days 00:00:13.683968,1,11,,,,,,,,,,,,,,,,,,,,40,,,,,,,,,,,,,,,,,,,,COMPLETE
70,70,0.3122068965517241,2025-01-05 07:33:50.663784,2025-01-05 07:34:21.935541,0 days 00:00:31.271757,7,11,5.0,,,,,,,,,,,10.0,5.0,10.0,1.0,8.0,,,,25,5.0,,,,,,,,,,,45.0,55.0,10.0,20.0,25.0,,,,COMPLETE
71,71,0.8054617256038388,2025-01-05 07:34:21.936234,2025-01-05 07:34:31.918632,0 days 00:00:09.982398,2,7,2.0,,,,,,,,,,,,,,,,,,,20,30.0,,,,,,,,,,,,,,,,,,,COMPLETE
72,72,0.7006904066263608,2025-01-05 07:34:31.918999,2025-01-05 07:34:38.381664,0 days 00:00:06.462665,1,8,,,,,,,,,,,,,,,,,,,,30,,,,,,,,,,,,,,,,,,,,COMPLETE
73,73,0.0,2025-01-05 07:34:38.381986,2025-01-05 07:38:06.615560,0 days 00:03:28.233574,20,10,9.0,6.0,11.0,11.0,15.0,10.0,15.0,15.0,1.0,1.0,1.0,2.0,14.0,15.0,9.0,5.0,13.0,15.0,5.0,20,50.0,25.0,20.0,45.0,35.0,35.0,30.0,60.0,60.0,60.0,60.0,10.0,45.0,55.0,10.0,55.0,60.0,15.0,35.0,COMPLETE
74,74,0.7853134819691756,2025-01-05 07:38:06.616488,2025-01-05 07:38:23.361458,0 days 00:00:16.744970,2,12,5.0,,,,,,,,,,,,,,,,,,,35,20.0,,,,,,,,,,,,,,,,,,,COMPLETE
75,75,0.7608635934414971,2025-01-05 07:38:23.362031,2025-01-05 07:38:32.555264,0 days 00:00:09.193233,1,9,,,,,,,,,,,,,,,,,,,,25,,,,,,,,,,,,,,,,,,,,COMPLETE
76,76,0.5426637190760233,2025-01-05 07:38:32.555599,2025-01-05 07:38:56.391314,0 days 00:00:23.835715,3,6,6.0,,,,,,,,,,,14.0,,,,,,,,25,55.0,,,,,,,,,,,15.0,,,,,,,,COMPLETE
77,77,0.344779097189972,2025-01-05 07:38:56.391698,2025-01-05 07:39:05.105389,0 days 00:00:08.713691,14,8,4.0,15.0,4.0,4.0,7.0,,,,,,,1.0,7.0,3.0,13.0,11.0,7.0,7.0,1.0,20,40.0,35.0,40.0,20.0,30.0,,,,,,,55.0,20.0,25.0,30.0,40.0,25.0,35.0,45.0,COMPLETE
78,78,0.7904429212497672,2025-01-05 07:39:05.106009,2025-01-05 07:39:20.541782,0 days 00:00:15.435773,2,6,2.0,,,,,,,,,,,,,,,,,,,60,25.0,,,,,,,,,,,,,,,,,,,COMPLETE
79,79,0.8335553278688524,2025-01-05 07:39:20.542172,2025-01-05 07:39:31.769291,0 days 00:00:11.227119,1,10,,,,,,,,,,,,,,,,,,,,35,,,,,,,,,,,,,,,,,,,,COMPLETE
80,80,0.4621571630778909,2025-01-05 07:39:31.769824,2025-01-05 07:40:07.912402,0 days 00:00:36.142578,4,10,12.0,,,,,,,,,,,4.0,11.0,,,,,,,35,45.0,,,,,,,,,,,25.0,35.0,,,,,,,COMPLETE
81,81,0.8282105733765508,2025-01-05 07:40:07.912829,2025-01-05 07:40:18.938703,0 days 00:00:11.025874,1,11,,,,,,,,,,,,,,,,,,,,30,,,,,,,,,,,,,,,,,,,,COMPLETE
82,82,0.8593238822246456,2025-01-05 07:40:18.939037,2025-01-05 07:40:28.981294,0 days 00:00:10.042257,1,11,,,,,,,,,,,,,,,,,,,,30,,,,,,,,,,,,,,,,,,,,COMPLETE
83,83,0.7627957341800549,2025-01-05 07:40:28.981807,2025-01-05 07:40:39.928288,0 days 00:00:10.946481,1,11,,,,,,,,,,,,,,,,,,,,30,,,,,,,,,,,,,,,,,,,,COMPLETE
84,84,0.8011268626062094,2025-01-05 07:40:39.928641,2025-01-05 07:40:53.977108,0 days 00:00:14.048467,1,12,,,,,,,,,,,,,,,,,,,,40,,,,,,,,,,,,,,,,,,,,COMPLETE
85,85,0.7924111377217111,2025-01-05 07:40:53.977447,2025-01-05 07:41:09.804505,0 days 00:00:15.827058,2,11,8.0,,,,,,,,,,,,,,,,,,,35,10.0,,,,,,,,,,,,,,,,,,,COMPLETE
86,86,0.520595191170674,2025-01-05 07:41:09.804897,2025-01-05 07:42:08.383685,0 days 00:00:58.578788,3,13,14.0,,,,,,,,,,,12.0,,,,,,,,30,60.0,,,,,,,,,,,60.0,,,,,,,,COMPLETE
87,87,0.7964336917562724,2025-01-05 07:42:08.384301,2025-01-05 07:42:21.027045,0 days 00:00:12.642744,2,12,7.0,,,,,,,,,,,,,,,,,,,25,5.0,,,,,,,,,,,,,,,,,,,COMPLETE
88,88,0.0,2025-01-05 07:42:21.027456,2025-01-05 07:44:29.486616,0 days 00:02:08.459160,19,10,10.0,7.0,11.0,12.0,11.0,4.0,8.0,9.0,15.0,8.0,,8.0,2.0,11.0,4.0,6.0,3.0,4.0,15.0,35,50.0,50.0,60.0,20.0,50.0,5.0,35.0,5.0,10.0,5.0,,5.0,50.0,40.0,55.0,10.0,15.0,15.0,15.0,COMPLETE
89,89,0.8498997289243948,2025-01-05 07:44:29.487575,2025-01-05 07:44:39.364394,0 days 00:00:09.876819,1,9,,,,,,,,,,,,,,,,,,,,30,,,,,,,,,,,,,,,,,,,,COMPLETE
90,90,0.4977272727272727,2025-01-05 07:44:39.364915,2025-01-05 07:44:55.904473,0 days 00:00:16.539558,3,9,13.0,,,,,,,,,,,9.0,,,,,,,,30,10.0,,,,,,,,,,,30.0,,,,,,,,COMPLETE
91,91,0.7687609912070343,2025-01-05 07:44:55.904878,2025-01-05 07:45:04.872226,0 days 00:00:08.967348,1,10,,,,,,,,,,,,,,,,,,,,25,,,,,,,,,,,,,,,,,,,,COMPLETE
92,92,0.683970099667774,2025-01-05 07:45:04.872604,2025-01-05 07:45:15.205088,0 days 00:00:10.332484,1,9,,,,,,,,,,,,,,,,,,,,30,,,,,,,,,,,,,,,,,,,,COMPLETE
93,93,0.7877348051326291,2025-01-05 07:45:15.205442,2025-01-05 07:45:30.428099,0 days 00:00:15.222657,2,11,11.0,,,,,,,,,,,,,,,,,,,25,20.0,,,,,,,,,,,,,,,,,,,COMPLETE
94,94,0.8088596092685143,2025-01-05 07:45:30.428450,2025-01-05 07:45:40.023972,0 days 00:00:09.595522,1,7,,,,,,,,,,,,,,,,,,,,30,,,,,,,,,,,,,,,,,,,,COMPLETE
95,95,0.7655578749924365,2025-01-05 07:45:40.024515,2025-01-05 07:46:06.308430,0 days 00:00:26.283915,2,14,15.0,,,,,,,,,,,,,,,,,,,35,30.0,,,,,,,,,,,,,,,,,,,COMPLETE
96,96,0.7375988562535063,2025-01-05 07:46:06.308825,2025-01-05 07:46:19.624530,0 days 00:00:13.315705,1,10,,,,,,,,,,,,,,,,,,,,55,,,,,,,,,,,,,,,,,,,,COMPLETE
97,97,0.7828168543335005,2025-01-05 07:46:19.624861,2025-01-05 07:46:34.325643,0 days 00:00:14.700782,2,7,9.0,,,,,,,,,,,,,,,,,,,30,25.0,,,,,,,,,,,,,,,,,,,COMPLETE
98,98,0.5929759093056212,2025-01-05 07:46:34.326035,2025-01-05 07:47:01.166010,0 days 00:00:26.839975,3,8,3.0,,,,,,,,,,,14.0,,,,,,,,20,45.0,,,,,,,,,,,35.0,,,,,,,,COMPLETE
99,99,0.8056653932935683,2025-01-05 07:47:01.166607,2025-01-05 07:47:13.718312,0 days 00:00:12.551705,1,11,,,,,,,,,,,,,,,,,,,,35,,,,,,,,,,,,,,,,,,,,COMPLETE
100,100,0.7716159402498279,2025-01-05 07:47:13.718651,2025-01-05 07:47:36.456405,0 days 00:00:22.737754,2,12,12.0,,,,,,,,,,,,,,,,,,,25,55.0,,,,,,,,,,,,,,,,,,,COMPLETE
101,101,0.8223680645860425,2025-01-05 07:47:36.456796,2025-01-05 07:47:46.123875,0 days 00:00:09.667079,1,10,,,,,,,,,,,,,,,,,,,,30,,,,,,,,,,,,,,,,,,,,COMPLETE
102,102,0.7788119610992577,2025-01-05 07:47:46.124423,2025-01-05 07:47:55.315579,0 days 00:00:09.191156,1,10,,,,,,,,,,,,,,,,,,,,30,,,,,,,,,,,,,,,,,,,,COMPLETE
103,103,0.8414567568940126,2025-01-05 07:47:55.315930,2025-01-05 07:48:05.964204,0 days 00:00:10.648274,1,11,,,,,,,,,,,,,,,,,,,,30,,,,,,,,,,,,,,,,,,,,COMPLETE
104,104,0.25460757920894594,2025-01-05 07:48:05.964542,2025-01-05 07:49:07.146322,0 days 00:01:01.181780,11,11,7.0,3.0,,,,,,,,,,4.0,8.0,7.0,6.0,2.0,10.0,10.0,9.0,35,60.0,10.0,,,,,,,,,,40.0,30.0,20.0,40.0,35.0,45.0,60.0,30.0,COMPLETE
105,105,0.7721697828709289,2025-01-05 07:49:07.147077,2025-01-05 07:49:23.971397,0 days 00:00:16.824320,2,11,14.0,,,,,,,,,,,,,,,,,,,30,15.0,,,,,,,,,,,,,,,,,,,COMPLETE
106,106,0.8383203188768569,2025-01-05 07:49:23.971778,2025-01-05 07:49:34.026213,0 days 00:00:10.054435,1,9,,,,,,,,,,,,,,,,,,,,25,,,,,,,,,,,,,,,,,,,,COMPLETE
107,107,0.41143654114365413,2025-01-05 07:49:34.026565,2025-01-05 07:49:41.567685,0 days 00:00:07.541120,1,9,,,,,,,,,,,,,,,,,,,,20,,,,,,,,,,,,,,,,,,,,COMPLETE
108,108,0.7912040073945972,2025-01-05 07:49:41.568035,2025-01-05 07:49:59.914551,0 days 00:00:18.346516,2,12,10.0,,,,,,,,,,,,,,,,,,,25,40.0,,,,,,,,,,,,,,,,,,,COMPLETE
109,109,0.7624268168416228,2025-01-05 07:49:59.915114,2025-01-05 07:50:27.445214,0 days 00:00:27.530100,3,8,3.0,,,,,,,,,,,7.0,,,,,,,,40,50.0,,,,,,,,,,,45.0,,,,,,,,COMPLETE
110,110,0.3189534138066437,2025-01-05 07:50:27.445617,2025-01-05 07:50:49.221212,0 days 00:00:21.775595,9,9,9.0,,,,,,,,,,,11.0,6.0,15.0,10.0,8.0,7.0,13.0,,30,10.0,,,,,,,,,,,25.0,25.0,15.0,25.0,25.0,25.0,45.0,,COMPLETE
111,111,0.7609543010752688,2025-01-05 07:50:49.221920,2025-01-05 07:50:56.312104,0 days 00:00:07.090184,1,8,,,,,,,,,,,,,,,,,,,,25,,,,,,,,,,,,,,,,,,,,COMPLETE
112,112,0.743301184940198,2025-01-05 07:50:56.312447,2025-01-05 07:51:05.410745,0 days 00:00:09.098298,1,9,,,,,,,,,,,,,,,,,,,,25,,,,,,,,,,,,,,,,,,,,COMPLETE
113,113,0.7895335069855554,2025-01-05 07:51:05.411103,2025-01-05 07:51:16.408112,0 days 00:00:10.997009,2,11,8.0,,,,,,,,,,,,,,,,,,,20,5.0,,,,,,,,,,,,,,,,,,,COMPLETE
114,114,0.2153012552004706,2025-01-05 07:51:16.408485,2025-01-05 07:51:34.495597,0 days 00:00:18.087112,12,12,12.0,11.0,4.0,,,,,,,,,10.0,12.0,6.0,14.0,14.0,14.0,3.0,6.0,30,35.0,50.0,15.0,,,,,,,,,50.0,5.0,35.0,10.0,45.0,30.0,30.0,55.0,COMPLETE
115,115,0.3994211287988423,2025-01-05 07:51:34.496148,2025-01-05 07:51:41.270880,0 days 00:00:06.774732,1,7,,,,,,,,,,,,,,,,,,,,15,,,,,,,,,,,,,,,,,,,,COMPLETE
116,116,0.7537354588220488,2025-01-05 07:51:41.271240,2025-01-05 07:51:47.922663,0 days 00:00:06.651423,1,10,,,,,,,,,,,,,,,,,,,,25,,,,,,,,,,,,,,,,,,,,COMPLETE
117,117,0.7972781163897471,2025-01-05 07:51:47.922989,2025-01-05 07:52:05.903467,0 days 00:00:17.980478,2,13,4.0,,,,,,,,,,,,,,,,,,,35,30.0,,,,,,,,,,,,,,,,,,,COMPLETE
118,118,0.6218197808080373,2025-01-05 07:52:05.904047,2025-01-05 07:52:20.034779,0 days 00:00:14.130732,3,9,15.0,,,,,,,,,,,3.0,,,,,,,,20,15.0,,,,,,,,,,,20.0,,,,,,,,COMPLETE
119,119,0.7309347944751152,2025-01-05 07:52:20.035183,2025-01-05 07:52:32.013176,0 days 00:00:11.977993,1,11,,,,,,,,,,,,,,,,,,,,30,,,,,,,,,,,,,,,,,,,,COMPLETE
120,120,0.5077522860744309,2025-01-05 07:52:32.013532,2025-01-05 07:52:50.294880,0 days 00:00:18.281348,4,6,5.0,,,,,,,,,,,13.0,3.0,,,,,,,25,25.0,,,,,,,,,,,15.0,60.0,,,,,,,COMPLETE
121,121,0.8426594464500602,2025-01-05 07:52:50.295337,2025-01-05 07:52:58.405324,0 days 00:00:08.109987,1,10,,,,,,,,,,,,,,,,,,,,30,,,,,,,,,,,,,,,,,,,,COMPLETE
122,122,0.8507104381388642,2025-01-05 07:52:58.405680,2025-01-05 07:53:08.664855,0 days 00:00:10.259175,1,10,,,,,,,,,,,,,,,,,,,,35,,,,,,,,,,,,,,,,,,,,COMPLETE
123,123,0.7872690208456632,2025-01-05 07:53:08.665399,2025-01-05 07:53:35.810963,0 days 00:00:27.145564,2,10,13.0,,,,,,,,,,,,,,,,,,,35,45.0,,,,,,,,,,,,,,,,,,,COMPLETE
124,124,0.7858885561089879,2025-01-05 07:53:35.811338,2025-01-05 07:53:46.780844,0 days 00:00:10.969506,1,10,,,,,,,,,,,,,,,,,,,,35,,,,,,,,,,,,,,,,,,,,COMPLETE
125,125,0.7955925105145893,2025-01-05 07:53:46.781212,2025-01-05 07:54:17.480662,0 days 00:00:30.699450,2,9,11.0,,,,,,,,,,,,,,,,,,,40,60.0,,,,,,,,,,,,,,,,,,,COMPLETE
126,126,0.7775307774814196,2025-01-05 07:54:17.481264,2025-01-05 07:54:28.887143,0 days 00:00:11.405879,1,11,,,,,,,,,,,,,,,,,,,,30,,,,,,,,,,,,,,,,,,,,COMPLETE
127,127,0.7661038412832419,2025-01-05 07:54:28.887501,2025-01-05 07:54:44.854896,0 days 00:00:15.967395,2,10,6.0,,,,,,,,,,,,,,,,,,,35,20.0,,,,,,,,,,,,,,,,,,,COMPLETE
128,128,0.6229977116704806,2025-01-05 07:54:44.855289,2025-01-05 07:54:56.443618,0 days 00:00:11.588329,1,12,,,,,,,,,,,,,,,,,,,,30,,,,,,,,,,,,,,,,,,,,COMPLETE
129,129,0.777727023570254,2025-01-05 07:54:56.443973,2025-01-05 07:55:12.796028,0 days 00:00:16.352055,2,9,7.0,,,,,,,,,,,,,,,,,,,30,35.0,,,,,,,,,,,,,,,,,,,COMPLETE
130,130,0.8177247241163518,2025-01-05 07:55:12.796545,2025-01-05 07:55:20.301797,0 days 00:00:07.505252,1,10,,,,,,,,,,,,,,,,,,,,35,,,,,,,,,,,,,,,,,,,,COMPLETE
131,131,0.8531052698484443,2025-01-05 07:55:20.302247,2025-01-05 07:55:31.658573,0 days 00:00:11.356326,1,11,,,,,,,,,,,,,,,,,,,,30,,,,,,,,,,,,,,,,,,,,COMPLETE
132,132,0.7182660815186632,2025-01-05 07:55:31.658911,2025-01-05 07:55:42.946471,0 days 00:00:11.287560,1,11,,,,,,,,,,,,,,,,,,,,30,,,,,,,,,,,,,,,,,,,,COMPLETE
133,133,0.8244164866353201,2025-01-05 07:55:42.946805,2025-01-05 07:55:54.564642,0 days 00:00:11.617837,1,11,,,,,,,,,,,,,,,,,,,,30,,,,,,,,,,,,,,,,,,,,COMPLETE
134,134,0.7823342208170396,2025-01-05 07:55:54.564992,2025-01-05 07:56:22.062778,0 days 00:00:27.497786,2,10,14.0,,,,,,,,,,,,,,,,,,,30,55.0,,,,,,,,,,,,,,,,,,,COMPLETE
135,135,0.4034582132564842,2025-01-05 07:56:22.063374,2025-01-05 07:56:30.477544,0 days 00:00:08.414170,1,12,,,,,,,,,,,,,,,,,,,,15,,,,,,,,,,,,,,,,,,,,COMPLETE
136,136,0.7639443998351965,2025-01-05 07:56:30.477897,2025-01-05 07:56:54.818973,0 days 00:00:24.341076,2,11,9.0,,,,,,,,,,,,,,,,,,,35,50.0,,,,,,,,,,,,,,,,,,,COMPLETE
137,137,0.8323759723450647,2025-01-05 07:56:54.819367,2025-01-05 07:57:04.584249,0 days 00:00:09.764882,1,10,,,,,,,,,,,,,,,,,,,,30,,,,,,,,,,,,,,,,,,,,COMPLETE
138,138,0.8526849003131395,2025-01-05 07:57:04.584631,2025-01-05 07:57:17.824405,0 days 00:00:13.239774,1,9,,,,,,,,,,,,,,,,,,,,45,,,,,,,,,,,,,,,,,,,,COMPLETE
139,139,0.7803692730163319,2025-01-05 07:57:17.824750,2025-01-05 07:57:41.745396,0 days 00:00:23.920646,2,8,10.0,,,,,,,,,,,,,,,,,,,50,30.0,,,,,,,,,,,,,,,,,,,COMPLETE
140,140,0.7258059375284582,2025-01-05 07:57:41.745974,2025-01-05 07:57:55.034276,0 days 00:00:13.288302,1,9,,,,,,,,,,,,,,,,,,,,50,,,,,,,,,,,,,,,,,,,,COMPLETE
141,141,0.8545348657053375,2025-01-05 07:57:55.034635,2025-01-05 07:58:06.459109,0 days 00:00:11.424474,1,10,,,,,,,,,,,,,,,,,,,,45,,,,,,,,,,,,,,,,,,,,COMPLETE
142,142,0.7988149373019153,2025-01-05 07:58:06.459458,2025-01-05 07:58:19.759316,0 days 00:00:13.299858,1,9,,,,,,,,,,,,,,,,,,,,45,,,,,,,,,,,,,,,,,,,,COMPLETE
143,143,0.779406464015379,2025-01-05 07:58:19.759695,2025-01-05 07:58:39.966756,0 days 00:00:20.207061,2,10,13.0,,,,,,,,,,,,,,,,,,,55,5.0,,,,,,,,,,,,,,,,,,,COMPLETE
144,144,0.859360472927583,2025-01-05 07:58:39.967336,2025-01-05 07:58:52.013371,0 days 00:00:12.046035,1,9,,,,,,,,,,,,,,,,,,,,40,,,,,,,,,,,,,,,,,,,,COMPLETE
145,145,0.6837221080227605,2025-01-05 07:58:52.013732,2025-01-05 07:59:05.040893,0 days 00:00:13.027161,1,9,,,,,,,,,,,,,,,,,,,,45,,,,,,,,,,,,,,,,,,,,COMPLETE
146,146,0.7804269301786906,2025-01-05 07:59:05.041298,2025-01-05 07:59:18.904685,0 days 00:00:13.863387,2,8,1.0,,,,,,,,,,,,,,,,,,,40,45.0,,,,,,,,,,,,,,,,,,,COMPLETE
147,147,0.8203276511425279,2025-01-05 07:59:18.905089,2025-01-05 07:59:32.730267,0 days 00:00:13.825178,1,9,,,,,,,,,,,,,,,,,,,,50,,,,,,,,,,,,,,,,,,,,COMPLETE
148,148,0.8038639978305323,2025-01-05 07:59:32.730794,2025-01-05 07:59:49.511999,0 days 00:00:16.781205,2,9,4.0,,,,,,,,,,,,,,,,,,,45,20.0,,,,,,,,,,,,,,,,,,,COMPLETE
149,149,0.6916502301117686,2025-01-05 07:59:49.512400,2025-01-05 07:59:59.436474,0 days 00:00:09.924074,1,8,,,,,,,,,,,,,,,,,,,,45,,,,,,,,,,,,,,,,,,,,COMPLETE
150,150,0.7877367848361518,2025-01-05 07:59:59.436814,2025-01-05 08:00:19.863927,0 days 00:00:20.427113,3,10,3.0,,,,,,,,,,,5.0,,,,,,,,40,40.0,,,,,,,,,,,20.0,,,,,,,,COMPLETE
151,151,0.8538186839702138,2025-01-05 08:00:19.864377,2025-01-05 08:00:33.116407,0 days 00:00:13.252030,1,10,,,,,,,,,,,,,,,,,,,,40,,,,,,,,,,,,,,,,,,,,COMPLETE
152,152,0.8062747598894622,2025-01-05 08:00:33.116975,2025-01-05 08:00:41.579551,0 days 00:00:08.462576,1,10,,,,,,,,,,,,,,,,,,,,40,,,,,,,,,,,,,,,,,,,,COMPLETE
153,153,0.6662171540513002,2025-01-05 08:00:41.579902,2025-01-05 08:00:55.436616,0 days 00:00:13.856714,1,11,,,,,,,,,,,,,,,,,,,,45,,,,,,,,,,,,,,,,,,,,COMPLETE
154,154,0.7975308641975309,2025-01-05 08:00:55.436982,2025-01-05 08:01:11.018299,0 days 00:00:15.581317,2,9,8.0,,,,,,,,,,,,,,,,,,,40,10.0,,,,,,,,,,,,,,,,,,,COMPLETE
155,155,0.8196428699951779,2025-01-05 08:01:11.018689,2025-01-05 08:01:24.429684,0 days 00:00:13.410995,1,10,,,,,,,,,,,,,,,,,,,,45,,,,,,,,,,,,,,,,,,,,COMPLETE
156,156,0.8432277464240068,2025-01-05 08:01:24.430073,2025-01-05 08:01:41.081470,0 days 00:00:16.651397,1,12,,,,,,,,,,,,,,,,,,,,50,,,,,,,,,,,,,,,,,,,,COMPLETE
157,157,0.7999667646759406,2025-01-05 08:01:41.082042,2025-01-05 08:02:00.823619,0 days 00:00:19.741577,2,12,2.0,,,,,,,,,,,,,,,,,,,50,25.0,,,,,,,,,,,,,,,,,,,COMPLETE
158,158,0.20562138098261343,2025-01-05 08:02:00.824040,2025-01-05 08:02:31.555205,0 days 00:00:30.731165,16,12,6.0,8.0,9.0,5.0,4.0,10.0,5.0,,,,,6.0,9.0,9.0,12.0,11.0,2.0,8.0,3.0,50,50.0,15.0,45.0,50.0,15.0,45.0,30.0,,,,,10.0,35.0,55.0,50.0,10.0,15.0,15.0,40.0,COMPLETE
159,159,0.7549430652587514,2025-01-05 08:02:31.555966,2025-01-05 08:02:45.363735,0 days 00:00:13.807769,1,11,,,,,,,,,,,,,,,,,,,,40,,,,,,,,,,,,,,,,,,,,COMPLETE
160,160,0.8062419424151268,2025-01-05 08:02:45.364213,2025-01-05 08:03:01.339953,0 days 00:00:15.975740,1,12,,,,,,,,,,,,,,,,,,,,45,,,,,,,,,,,,,,,,,,,,COMPLETE
161,161,0.7098527497025956,2025-01-05 08:03:01.340334,2025-01-05 08:03:07.710557,0 days 00:00:06.370223,1,10,,,,,,,,,,,,,,,,,,,,25,,,,,,,,,,,,,,,,,,,,COMPLETE
162,162,0.7805425072143515,2025-01-05 08:03:07.710920,2025-01-05 08:03:35.773919,0 days 00:00:28.062999,2,13,12.0,,,,,,,,,,,,,,,,,,,55,15.0,,,,,,,,,,,,,,,,,,,COMPLETE
163,163,0.5037829186672487,2025-01-05 08:03:35.774520,2025-01-05 08:03:42.429383,0 days 00:00:06.654863,1,9,,,,,,,,,,,,,,,,,,,,15,,,,,,,,,,,,,,,,,,,,COMPLETE
164,164,0.8379705400981996,2025-01-05 08:03:42.429766,2025-01-05 08:03:52.546866,0 days 00:00:10.117100,1,11,,,,,,,,,,,,,,,,,,,,25,,,,,,,,,,,,,,,,,,,,COMPLETE
165,165,0.7914029180695847,2025-01-05 08:03:52.547227,2025-01-05 08:04:06.897729,0 days 00:00:14.350502,2,11,5.0,,,,,,,,,,,,,,,,,,,25,35.0,,,,,,,,,,,,,,,,,,,COMPLETE
166,166,0.6634650486536839,2025-01-05 08:04:06.898155,2025-01-05 08:04:17.218535,0 days 00:00:10.320380,1,11,,,,,,,,,,,,,,,,,,,,25,,,,,,,,,,,,,,,,,,,,COMPLETE
167,167,0.8466520526106018,2025-01-05 08:04:17.218890,2025-01-05 08:04:28.524222,0 days 00:00:11.305332,1,11,,,,,,,,,,,,,,,,,,,,30,,,,,,,,,,,,,,,,,,,,COMPLETE
168,168,0.7991887816646562,2025-01-05 08:04:28.524578,2025-01-05 08:04:54.400321,0 days 00:00:25.875743,2,11,11.0,,,,,,,,,,,,,,,,,,,30,60.0,,,,,,,,,,,,,,,,,,,COMPLETE
169,169,0.8312022436539507,2025-01-05 08:04:54.400915,2025-01-05 08:05:03.622920,0 days 00:00:09.222005,1,11,,,,,,,,,,,,,,,,,,,,25,,,,,,,,,,,,,,,,,,,,COMPLETE
170,170,0.7728622082955389,2025-01-05 08:05:03.623327,2025-01-05 08:05:15.842233,0 days 00:00:12.218906,1,10,,,,,,,,,,,,,,,,,,,,45,,,,,,,,,,,,,,,,,,,,COMPLETE
171,171,0.7947492987377279,2025-01-05 08:05:15.842608,2025-01-05 08:05:28.044007,0 days 00:00:12.201399,1,12,,,,,,,,,,,,,,,,,,,,30,,,,,,,,,,,,,,,,,,,,COMPLETE
172,172,0.8216471201643104,2025-01-05 08:05:28.044402,2025-01-05 08:05:39.065634,0 days 00:00:11.021232,1,11,,,,,,,,,,,,,,,,,,,,30,,,,,,,,,,,,,,,,,,,,COMPLETE
173,173,0.7833523687697017,2025-01-05 08:05:39.066185,2025-01-05 08:05:54.104880,0 days 00:00:15.038695,2,12,15.0,,,,,,,,,,,,,,,,,,,30,5.0,,,,,,,,,,,,,,,,,,,COMPLETE
174,174,0.854502238194313,2025-01-05 08:05:54.105294,2025-01-05 08:06:10.524963,0 days 00:00:16.419669,1,11,,,,,,,,,,,,,,,,,,,,50,,,,,,,,,,,,,,,,,,,,COMPLETE
175,175,0.7531127607967492,2025-01-05 08:06:10.525332,2025-01-05 08:06:26.665367,0 days 00:00:16.140035,1,11,,,,,,,,,,,,,,,,,,,,50,,,,,,,,,,,,,,,,,,,,COMPLETE
176,176,0.7938805867405729,2025-01-05 08:06:26.665747,2025-01-05 08:06:53.689215,0 days 00:00:27.023468,2,10,7.0,,,,,,,,,,,,,,,,,,,55,40.0,,,,,,,,,,,,,,,,,,,COMPLETE
177,177,0.8354370753465042,2025-01-05 08:06:53.689824,2025-01-05 08:07:07.855192,0 days 00:00:14.165368,1,11,,,,,,,,,,,,,,,,,,,,50,,,,,,,,,,,,,,,,,,,,COMPLETE
178,178,0.8101298184813794,2025-01-05 08:07:07.855565,2025-01-05 08:07:20.442132,0 days 00:00:12.586567,1,10,,,,,,,,,,,,,,,,,,,,50,,,,,,,,,,,,,,,,,,,,COMPLETE
179,179,0.8031287605294826,2025-01-05 08:07:20.442505,2025-01-05 08:07:53.121911,0 days 00:00:32.679406,2,11,10.0,,,,,,,,,,,,,,,,,,,45,55.0,,,,,,,,,,,,,,,,,,,COMPLETE
180,180,0.7581602277242556,2025-01-05 08:07:53.122530,2025-01-05 08:08:01.034744,0 days 00:00:07.912214,1,8,,,,,,,,,,,,,,,,,,,,35,,,,,,,,,,,,,,,,,,,,COMPLETE
181,181,0.7506256930838451,2025-01-05 08:08:01.035129,2025-01-05 08:08:13.531102,0 days 00:00:12.495973,1,12,,,,,,,,,,,,,,,,,,,,30,,,,,,,,,,,,,,,,,,,,COMPLETE
182,182,0.7807647537757714,2025-01-05 08:08:13.531449,2025-01-05 08:08:25.113597,0 days 00:00:11.582148,1,11,,,,,,,,,,,,,,,,,,,,30,,,,,,,,,,,,,,,,,,,,COMPLETE
183,183,0.7924774512056463,2025-01-05 08:08:25.113970,2025-01-05 08:08:39.234041,0 days 00:00:14.120071,2,12,1.0,,,,,,,,,,,,,,,,,,,30,30.0,,,,,,,,,,,,,,,,,,,COMPLETE
184,184,0.292068114309724,2025-01-05 08:08:39.234484,2025-01-05 08:09:23.757371,0 days 00:00:44.522887,7,11,2.0,,,,,,,,,,,15.0,5.0,14.0,10.0,3.0,,,,25,20.0,,,,,,,,,,,35.0,20.0,45.0,30.0,55.0,,,,COMPLETE
185,185,0.8247293310371527,2025-01-05 08:09:23.758078,2025-01-05 08:09:35.171100,0 days 00:00:11.413022,1,10,,,,,,,,,,,,,,,,,,,,40,,,,,,,,,,,,,,,,,,,,COMPLETE
186,186,0.7897002124478716,2025-01-05 08:09:35.171506,2025-01-05 08:09:46.171053,0 days 00:00:10.999547,1,13,,,,,,,,,,,,,,,,,,,,30,,,,,,,,,,,,,,,,,,,,COMPLETE
187,187,0.7830276711320145,2025-01-05 08:09:46.171615,2025-01-05 08:10:09.580982,0 days 00:00:23.409367,2,10,14.0,,,,,,,,,,,,,,,,,,,50,15.0,,,,,,,,,,,,,,,,,,,COMPLETE
188,188,0.8391361432803663,2025-01-05 08:10:09.581419,2025-01-05 08:10:22.949673,0 days 00:00:13.368254,1,11,,,,,,,,,,,,,,,,,,,,35,,,,,,,,,,,,,,,,,,,,COMPLETE
189,189,0.43182176035270037,2025-01-05 08:10:22.950064,2025-01-05 08:10:35.777580,0 days 00:00:12.827516,1,11,,,,,,,,,,,,,,,,,,,,35,,,,,,,,,,,,,,,,,,,,COMPLETE
190,190,0.7852798795866894,2025-01-05 08:10:35.777943,2025-01-05 08:10:45.548727,0 days 00:00:09.770784,1,7,,,,,,,,,,,,,,,,,,,,35,,,,,,,,,,,,,,,,,,,,COMPLETE
191,191,0.7733988359570684,2025-01-05 08:10:45.549302,2025-01-05 08:10:58.242444,0 days 00:00:12.693142,1,11,,,,,,,,,,,,,,,,,,,,35,,,,,,,,,,,,,,,,,,,,COMPLETE
192,192,0.8225964912280701,2025-01-05 08:10:58.242815,2025-01-05 08:11:08.842273,0 days 00:00:10.599458,1,11,,,,,,,,,,,,,,,,,,,,30,,,,,,,,,,,,,,,,,,,,COMPLETE
193,193,0.7941429599839309,2025-01-05 08:11:08.842672,2025-01-05 08:11:30.302871,0 days 00:00:21.460199,2,10,5.0,,,,,,,,,,,,,,,,,,,40,55.0,,,,,,,,,,,,,,,,,,,COMPLETE
194,194,0.8546834623143719,2025-01-05 08:11:30.303279,2025-01-05 08:11:43.196737,0 days 00:00:12.893458,1,12,,,,,,,,,,,,,,,,,,,,30,,,,,,,,,,,,,,,,,,,,COMPLETE
195,195,0.8125141608378831,2025-01-05 08:11:43.197134,2025-01-05 08:11:57.108585,0 days 00:00:13.911451,1,12,,,,,,,,,,,,,,,,,,,,35,,,,,,,,,,,,,,,,,,,,COMPLETE
196,196,0.8450251835071096,2025-01-05 08:11:57.109159,2025-01-05 08:12:05.972808,0 days 00:00:08.863649,1,9,,,,,,,,,,,,,,,,,,,,25,,,,,,,,,,,,,,,,,,,,COMPLETE
197,197,0.7735544618980201,2025-01-05 08:12:05.973174,2025-01-05 08:12:22.138758,0 days 00:00:16.165584,2,9,9.0,,,,,,,,,,,,,,,,,,,30,25.0,,,,,,,,,,,,,,,,,,,COMPLETE
198,198,0.7472207757675136,2025-01-05 08:12:22.139174,2025-01-05 08:12:31.761201,0 days 00:00:09.622027,1,9,,,,,,,,,,,,,,,,,,,,25,,,,,,,,,,,,,,,,,,,,COMPLETE
199,199,0.8422803904170364,2025-01-05 08:12:31.761582,2025-01-05 08:12:44.615795,0 days 00:00:12.854213,1,9,,,,,,,,,,,,,,,,,,,,45,,,,,,,,,,,,,,,,,,,,COMPLETE
200,200,0.8175208412277377,2025-01-05 08:12:44.616247,2025-01-05 08:13:01.864645,0 days 00:00:17.248398,2,8,3.0,,,,,,,,,,,,,,,,,,,45,45.0,,,,,,,,,,,,,,,,,,,COMPLETE
201,201,0.8440434216073276,2025-01-05 08:13:01.865243,2025-01-05 08:13:15.944591,0 days 00:00:14.079348,1,9,,,,,,,,,,,,,,,,,,,,45,,,,,,,,,,,,,,,,,,,,COMPLETE
202,202,0.8609327297610274,2025-01-05 08:13:15.944979,2025-01-05 08:13:29.240399,0 days 00:00:13.295420,1,9,,,,,,,,,,,,,,,,,,,,45,,,,,,,,,,,,,,,,,,,,COMPLETE
203,203,0.1265996259900264,2025-01-05 08:13:29.240756,2025-01-05 08:14:13.736199,0 days 00:00:44.495443,10,9,4.0,,,,,,,,,,,1.0,7.0,5.0,7.0,7.0,4.0,1.0,3.0,45,50.0,,,,,,,,,,,30.0,50.0,10.0,20.0,25.0,60.0,50.0,10.0,COMPLETE
204,204,0.4038244266184612,2025-01-05 08:14:13.737034,2025-01-05 08:14:26.163202,0 days 00:00:12.426168,1,9,,,,,,,,,,,,,,,,,,,,45,,,,,,,,,,,,,,,,,,,,COMPLETE
205,205,0.7827405569341053,2025-01-05 08:14:26.163594,2025-01-05 08:14:43.127826,0 days 00:00:16.964232,2,9,8.0,,,,,,,,,,,,,,,,,,,45,10.0,,,,,,,,,,,,,,,,,,,COMPLETE
206,206,0.38836016388682776,2025-01-05 08:14:43.128253,2025-01-05 08:14:51.798533,0 days 00:00:08.670280,1,8,,,,,,,,,,,,,,,,,,,,45,,,,,,,,,,,,,,,,,,,,COMPLETE
207,207,0.8248872888769262,2025-01-05 08:14:51.798940,2025-01-05 08:15:04.095784,0 days 00:00:12.296844,1,9,,,,,,,,,,,,,,,,,,,,45,,,,,,,,,,,,,,,,,,,,COMPLETE
208,208,0.7592076027628847,2025-01-05 08:15:04.096343,2025-01-05 08:15:35.708197,0 days 00:00:31.611854,2,10,13.0,,,,,,,,,,,,,,,,,,,50,35.0,,,,,,,,,,,,,,,,,,,COMPLETE
209,209,0.8535281153912138,2025-01-05 08:15:35.708609,2025-01-05 08:15:49.109798,0 days 00:00:13.401189,1,9,,,,,,,,,,,,,,,,,,,,45,,,,,,,,,,,,,,,,,,,,COMPLETE
210,210,0.8390696887802824,2025-01-05 08:15:49.110177,2025-01-05 08:16:01.734563,0 days 00:00:12.624386,1,9,,,,,,,,,,,,,,,,,,,,45,,,,,,,,,,,,,,,,,,,,COMPLETE
211,211,0.7449383743723316,2025-01-05 08:16:01.735197,2025-01-05 08:16:14.500585,0 days 00:00:12.765388,1,9,,,,,,,,,,,,,,,,,,,,45,,,,,,,,,,,,,,,,,,,,COMPLETE
212,212,0.8051499614936207,2025-01-05 08:16:14.500979,2025-01-05 08:16:23.051641,0 days 00:00:08.550662,1,8,,,,,,,,,,,,,,,,,,,,45,,,,,,,,,,,,,,,,,,,,COMPLETE
213,213,0.6125526560533946,2025-01-05 08:16:23.051997,2025-01-05 08:16:36.521805,0 days 00:00:13.469808,1,9,,,,,,,,,,,,,,,,,,,,45,,,,,,,,,,,,,,,,,,,,COMPLETE
214,214,0.7859278001706435,2025-01-05 08:16:36.522175,2025-01-05 08:16:58.793273,0 days 00:00:22.271098,2,10,6.0,,,,,,,,,,,,,,,,,,,45,40.0,,,,,,,,,,,,,,,,,,,COMPLETE
215,215,0.8411249881729587,2025-01-05 08:16:58.793900,2025-01-05 08:17:11.833075,0 days 00:00:13.039175,1,9,,,,,,,,,,,,,,,,,,,,50,,,,,,,,,,,,,,,,,,,,COMPLETE
216,216,0.6418118039291887,2025-01-05 08:17:11.833478,2025-01-05 08:17:23.723024,0 days 00:00:11.889546,1,9,,,,,,,,,,,,,,,,,,,,40,,,,,,,,,,,,,,,,,,,,COMPLETE
217,217,0.755426274312097,2025-01-05 08:17:23.723392,2025-01-05 08:17:36.775104,0 days 00:00:13.051712,1,10,,,,,,,,,,,,,,,,,,,,50,,,,,,,,,,,,,,,,,,,,COMPLETE
218,218,0.7561274509803921,2025-01-05 08:17:36.775488,2025-01-05 08:18:10.964376,0 days 00:00:34.188888,2,9,11.0,,,,,,,,,,,,,,,,,,,45,60.0,,,,,,,,,,,,,,,,,,,COMPLETE
219,219,0.7254407593481766,2025-01-05 08:18:10.965013,2025-01-05 08:18:21.161996,0 days 00:00:10.196983,1,10,,,,,,,,,,,,,,,,,,,,40,,,,,,,,,,,,,,,,,,,,COMPLETE
220,220,0.7765041323049277,2025-01-05 08:18:21.162365,2025-01-05 08:18:36.207496,0 days 00:00:15.045131,2,8,6.0,,,,,,,,,,,,,,,,,,,45,10.0,,,,,,,,,,,,,,,,,,,COMPLETE
221,221,0.7990204168238401,2025-01-05 08:18:36.207902,2025-01-05 08:18:51.303347,0 days 00:00:15.095445,1,9,,,,,,,,,,,,,,,,,,,,55,,,,,,,,,,,,,,,,,,,,COMPLETE
222,222,0.3811659192825112,2025-01-05 08:18:51.303786,2025-01-05 08:19:04.875288,0 days 00:00:13.571502,1,9,,,,,,,,,,,,,,,,,,,,45,,,,,,,,,,,,,,,,,,,,COMPLETE
223,223,0.7982578824684088,2025-01-05 08:19:04.875879,2025-01-05 08:19:19.088572,0 days 00:00:14.212693,1,9,,,,,,,,,,,,,,,,,,,,50,,,,,,,,,,,,,,,,,,,,COMPLETE
224,224,0.8433958382783449,2025-01-05 08:19:19.088957,2025-01-05 08:19:33.252029,0 days 00:00:14.163072,1,9,,,,,,,,,,,,,,,,,,,,50,,,,,,,,,,,,,,,,,,,,COMPLETE
225,225,0.8104223107569721,2025-01-05 08:19:33.252401,2025-01-05 08:19:45.411623,0 days 00:00:12.159222,1,7,,,,,,,,,,,,,,,,,,,,50,,,,,,,,,,,,,,,,,,,,COMPLETE
226,226,0.8466325616541033,2025-01-05 08:19:45.412029,2025-01-05 08:19:56.242725,0 days 00:00:10.830696,1,8,,,,,,,,,,,,,,,,,,,,50,,,,,,,,,,,,,,,,,,,,COMPLETE
227,227,0.7882999189955447,2025-01-05 08:19:56.243331,2025-01-05 08:20:13.543527,0 days 00:00:17.300196,2,8,4.0,,,,,,,,,,,,,,,,,,,50,25.0,,,,,,,,,,,,,,,,,,,COMPLETE
228,228,0.72639336711193,2025-01-05 08:20:13.543963,2025-01-05 08:20:24.096358,0 days 00:00:10.552395,1,8,,,,,,,,,,,,,,,,,,,,50,,,,,,,,,,,,,,,,,,,,COMPLETE
229,229,0.6270417422867514,2025-01-05 08:20:24.096752,2025-01-05 08:20:34.400437,0 days 00:00:10.303685,1,6,,,,,,,,,,,,,,,,,,,,50,,,,,,,,,,,,,,,,,,,,COMPLETE
230,230,0.7947996441556433,2025-01-05 08:20:34.400829,2025-01-05 08:20:44.303723,0 days 00:00:09.902894,1,8,,,,,,,,,,,,,,,,,,,,55,,,,,,,,,,,,,,,,,,,,COMPLETE
231,231,0.8470056058167287,2025-01-05 08:20:44.304093,2025-01-05 08:20:54.024288,0 days 00:00:09.720195,1,9,,,,,,,,,,,,,,,,,,,,30,,,,,,,,,,,,,,,,,,,,COMPLETE
232,232,0.7951126950491235,2025-01-05 08:20:54.024685,2025-01-05 08:21:03.890844,0 days 00:00:09.866159,1,9,,,,,,,,,,,,,,,,,,,,30,,,,,,,,,,,,,,,,,,,,COMPLETE
233,233,0.6762261430316625,2025-01-05 08:21:03.891464,2025-01-05 08:21:17.283315,0 days 00:00:13.391851,1,9,,,,,,,,,,,,,,,,,,,,50,,,,,,,,,,,,,,,,,,,,COMPLETE
234,234,0.8192764753132296,2025-01-05 08:21:17.283707,2025-01-05 08:21:27.720449,0 days 00:00:10.436742,1,9,,,,,,,,,,,,,,,,,,,,30,,,,,,,,,,,,,,,,,,,,COMPLETE
235,235,0.7829921773930286,2025-01-05 08:21:27.720839,2025-01-05 08:21:53.798500,0 days 00:00:26.077661,2,10,10.0,,,,,,,,,,,,,,,,,,,50,30.0,,,,,,,,,,,,,,,,,,,COMPLETE
236,236,0.8623398175995074,2025-01-05 08:21:53.798944,2025-01-05 08:22:00.385036,0 days 00:00:06.586092,1,9,,,,,,,,,,,,,,,,,,,,10,,,,,,,,,,,,,,,,,,,,COMPLETE
237,237,0.7559171597633136,2025-01-05 08:22:00.385576,2025-01-05 08:22:07.402675,0 days 00:00:07.017099,1,9,,,,,,,,,,,,,,,,,,,,15,,,,,,,,,,,,,,,,,,,,COMPLETE
238,238,0.7987853924104883,2025-01-05 08:22:07.403154,2025-01-05 08:22:18.401691,0 days 00:00:10.998537,2,8,12.0,,,,,,,,,,,,,,,,,,,10,45.0,,,,,,,,,,,,,,,,,,,COMPLETE
239,239,0.3841180371352785,2025-01-05 08:22:18.402112,2025-01-05 08:22:24.120877,0 days 00:00:05.718765,1,9,,,,,,,,,,,,,,,,,,,,5,,,,,,,,,,,,,,,,,,,,COMPLETE
240,240,0.8292323351720515,2025-01-05 08:22:24.121253,2025-01-05 08:22:30.784889,0 days 00:00:06.663636,1,10,,,,,,,,,,,,,,,,,,,,10,,,,,,,,,,,,,,,,,,,,COMPLETE
241,241,0.6572156414389424,2025-01-05 08:22:30.785289,2025-01-05 08:22:37.872519,0 days 00:00:07.087230,1,9,,,,,,,,,,,,,,,,,,,,10,,,,,,,,,,,,,,,,,,,,COMPLETE
242,242,0.786640804946054,2025-01-05 08:22:37.872901,2025-01-05 08:22:50.463866,0 days 00:00:12.590965,1,9,,,,,,,,,,,,,,,,,,,,45,,,,,,,,,,,,,,,,,,,,COMPLETE
243,243,0.7591321399733644,2025-01-05 08:22:50.464244,2025-01-05 08:23:01.369152,0 days 00:00:10.904908,1,9,,,,,,,,,,,,,,,,,,,,40,,,,,,,,,,,,,,,,,,,,COMPLETE
244,244,0.8548083588033066,2025-01-05 08:23:01.369546,2025-01-05 08:23:14.989854,0 days 00:00:13.620308,1,14,,,,,,,,,,,,,,,,,,,,30,,,,,,,,,,,,,,,,,,,,COMPLETE
245,245,0.8275665549721644,2025-01-05 08:23:14.990460,2025-01-05 08:23:29.155810,0 days 00:00:14.165350,1,15,,,,,,,,,,,,,,,,,,,,30,,,,,,,,,,,,,,,,,,,,COMPLETE
246,246,0.7460196934073742,2025-01-05 08:23:29.156223,2025-01-05 08:23:44.475444,0 days 00:00:15.319221,2,13,15.0,,,,,,,,,,,,,,,,,,,30,5.0,,,,,,,,,,,,,,,,,,,COMPLETE
247,247,0.8557418848680984,2025-01-05 08:23:44.475864,2025-01-05 08:23:57.582711,0 days 00:00:13.106847,1,14,,,,,,,,,,,,,,,,,,,,30,,,,,,,,,,,,,,,,,,,,COMPLETE
248,248,0.8484008769679869,2025-01-05 08:23:57.583099,2025-01-05 08:24:08.562956,0 days 00:00:10.979857,1,14,,,,,,,,,,,,,,,,,,,,20,,,,,,,,,,,,,,,,,,,,COMPLETE
249,249,0.21295467191397943,2025-01-05 08:24:08.563382,2025-01-05 08:24:53.722560,0 days 00:00:45.159178,14,6,8.0,4.0,13.0,12.0,12.0,,,,,,,7.0,15.0,2.0,2.0,12.0,9.0,6.0,13.0,20,15.0,30.0,20.0,35.0,40.0,,,,,,,45.0,40.0,30.0,40.0,45.0,50.0,10.0,60.0,COMPLETE
250,250,0.776716050742597,2025-01-05 08:24:53.723464,2025-01-05 08:25:04.820643,0 days 00:00:11.097179,2,14,1.0,,,,,,,,,,,,,,,,,,,15,50.0,,,,,,,,,,,,,,,,,,,COMPLETE
251,251,0.8406088084987167,2025-01-05 08:25:04.821079,2025-01-05 08:25:15.334386,0 days 00:00:10.513307,1,14,,,,,,,,,,,,,,,,,,,,20,,,,,,,,,,,,,,,,,,,,COMPLETE
252,252,0.5391970447668251,2025-01-05 08:25:15.334802,2025-01-05 08:25:27.853310,0 days 00:00:12.518508,1,14,,,,,,,,,,,,,,,,,,,,30,,,,,,,,,,,,,,,,,,,,COMPLETE
253,253,0.810002049600328,2025-01-05 08:25:27.853896,2025-01-05 08:25:37.799204,0 days 00:00:09.945308,1,14,,,,,,,,,,,,,,,,,,,,20,,,,,,,,,,,,,,,,,,,,COMPLETE
254,254,0.7746949592525258,2025-01-05 08:25:37.799603,2025-01-05 08:26:07.299619,0 days 00:00:29.500016,2,14,14.0,,,,,,,,,,,,,,,,,,,30,55.0,,,,,,,,,,,,,,,,,,,COMPLETE
255,255,0.8315278793114906,2025-01-05 08:26:07.300054,2025-01-05 08:26:19.555234,0 days 00:00:12.255180,1,15,,,,,,,,,,,,,,,,,,,,30,,,,,,,,,,,,,,,,,,,,COMPLETE
256,256,0.734881834504507,2025-01-05 08:26:19.555658,2025-01-05 08:26:28.564340,0 days 00:00:09.008682,1,14,,,,,,,,,,,,,,,,,,,,15,,,,,,,,,,,,,,,,,,,,COMPLETE
257,257,0.7796704885441059,2025-01-05 08:26:28.564948,2025-01-05 08:26:45.199611,0 days 00:00:16.634663,2,14,3.0,,,,,,,,,,,,,,,,,,,30,35.0,,,,,,,,,,,,,,,,,,,COMPLETE
258,258,0.8297808336914483,2025-01-05 08:26:45.200056,2025-01-05 08:26:51.409565,0 days 00:00:06.209509,1,7,,,,,,,,,,,,,,,,,,,,5,,,,,,,,,,,,,,,,,,,,COMPLETE
259,259,0.7689491264131552,2025-01-05 08:26:51.409972,2025-01-05 08:27:03.910314,0 days 00:00:12.500342,1,15,,,,,,,,,,,,,,,,,,,,30,,,,,,,,,,,,,,,,,,,,COMPLETE
260,260,0.8104979225304919,2025-01-05 08:27:03.910714,2025-01-05 08:27:20.699593,0 days 00:00:16.788879,2,13,7.0,,,,,,,,,,,,,,,,,,,30,20.0,,,,,,,,,,,,,,,,,,,COMPLETE
261,261,0.1734511890444826,2025-01-05 08:27:20.700036,2025-01-05 08:27:57.181534,0 days 00:00:36.481498,8,14,5.0,,,,,,,,,,,8.0,10.0,13.0,4.0,13.0,6.0,,,40,30.0,,,,,,,,,,,5.0,10.0,50.0,55.0,20.0,40.0,,,COMPLETE
262,262,0.7501400451172378,2025-01-05 08:27:57.182279,2025-01-05 08:28:03.861464,0 days 00:00:06.679185,1,9,,,,,,,,,,,,,,,,,,,,20,,,,,,,,,,,,,,,,,,,,COMPLETE
263,263,0.8537076090443139,2025-01-05 08:28:03.861869,2025-01-05 08:28:16.387209,0 days 00:00:12.525340,1,14,,,,,,,,,,,,,,,,,,,,30,,,,,,,,,,,,,,,,,,,,COMPLETE
264,264,0.8047703963944781,2025-01-05 08:28:16.387605,2025-01-05 08:28:32.609853,0 days 00:00:16.222248,2,14,2.0,,,,,,,,,,,,,,,,,,,30,40.0,,,,,,,,,,,,,,,,,,,COMPLETE
265,265,0.7931644783882956,2025-01-05 08:28:32.610437,2025-01-05 08:28:45.765047,0 days 00:00:13.154610,1,14,,,,,,,,,,,,,,,,,,,,30,,,,,,,,,,,,,,,,,,,,COMPLETE
266,266,0.6675874936598798,2025-01-05 08:28:45.765517,2025-01-05 08:28:58.888065,0 days 00:00:13.122548,1,14,,,,,,,,,,,,,,,,,,,,30,,,,,,,,,,,,,,,,,,,,COMPLETE
267,267,0.7858032549244132,2025-01-05 08:28:58.888471,2025-01-05 08:29:18.695905,0 days 00:00:19.807434,2,15,12.0,,,,,,,,,,,,,,,,,,,30,20.0,,,,,,,,,,,,,,,,,,,COMPLETE
268,268,0.6603082494804207,2025-01-05 08:29:18.696349,2025-01-05 08:29:29.422298,0 days 00:00:10.725949,1,13,,,,,,,,,,,,,,,,,,,,25,,,,,,,,,,,,,,,,,,,,COMPLETE
269,269,0.8401238698841345,2025-01-05 08:29:29.422715,2025-01-05 08:29:39.015952,0 days 00:00:09.593237,1,7,,,,,,,,,,,,,,,,,,,,30,,,,,,,,,,,,,,,,,,,,COMPLETE
270,270,0.7937732713903405,2025-01-05 08:29:39.016596,2025-01-05 08:30:03.304977,0 days 00:00:24.288381,2,8,9.0,,,,,,,,,,,,,,,,,,,35,60.0,,,,,,,,,,,,,,,,,,,COMPLETE
271,271,0.8000132375814939,2025-01-05 08:30:03.305427,2025-01-05 08:30:12.196887,0 days 00:00:08.891460,1,14,,,,,,,,,,,,,,,,,,,,15,,,,,,,,,,,,,,,,,,,,COMPLETE
272,272,0.5840213208404045,2025-01-05 08:30:12.197281,2025-01-05 08:30:22.355914,0 days 00:00:10.158633,1,10,,,,,,,,,,,,,,,,,,,,30,,,,,,,,,,,,,,,,,,,,COMPLETE
273,273,0.7836687030522012,2025-01-05 08:30:22.356329,2025-01-05 08:30:37.618812,0 days 00:00:15.262483,2,14,13.0,,,,,,,,,,,,,,,,,,,25,10.0,,,,,,,,,,,,,,,,,,,COMPLETE
274,274,0.7931935374369585,2025-01-05 08:30:37.619450,2025-01-05 08:30:46.105145,0 days 00:00:08.485695,1,5,,,,,,,,,,,,,,,,,,,,30,,,,,,,,,,,,,,,,,,,,COMPLETE
275,275,0.0,2025-01-05 08:30:46.105565,2025-01-05 08:32:48.373278,0 days 00:02:02.267713,19,8,7.0,13.0,5.0,3.0,5.0,6.0,11.0,9.0,8.0,15.0,,11.0,14.0,9.0,9.0,9.0,11.0,11.0,9.0,10,5.0,45.0,45.0,15.0,5.0,20.0,45.0,35.0,35.0,5.0,,55.0,15.0,60.0,25.0,15.0,30.0,30.0,25.0,COMPLETE
276,276,0.834931673818953,2025-01-05 08:32:48.374289,2025-01-05 08:32:59.908448,0 days 00:00:11.534159,1,10,,,,,,,,,,,,,,,,,,,,40,,,,,,,,,,,,,,,,,,,,COMPLETE
277,277,0.7938130890999825,2025-01-05 08:32:59.908981,2025-01-05 08:33:22.766666,0 days 00:00:22.857685,2,9,11.0,,,,,,,,,,,,,,,,,,,45,25.0,,,,,,,,,,,,,,,,,,,COMPLETE
278,278,0.795238842490076,2025-01-05 08:33:22.767110,2025-01-05 08:33:31.580092,0 days 00:00:08.812982,1,10,,,,,,,,,,,,,,,,,,,,30,,,,,,,,,,,,,,,,,,,,COMPLETE
279,279,0.8326467017950753,2025-01-05 08:33:31.580474,2025-01-05 08:33:47.950607,0 days 00:00:16.370133,1,15,,,,,,,,,,,,,,,,,,,,35,,,,,,,,,,,,,,,,,,,,COMPLETE
280,280,0.7889880952380952,2025-01-05 08:33:47.951112,2025-01-05 08:34:03.098398,0 days 00:00:15.147286,2,11,8.0,,,,,,,,,,,,,,,,,,,20,45.0,,,,,,,,,,,,,,,,,,,COMPLETE
281,281,0.8545093211351631,2025-01-05 08:34:03.098987,2025-01-05 08:34:13.042602,0 days 00:00:09.943615,1,9,,,,,,,,,,,,,,,,,,,,25,,,,,,,,,,,,,,,,,,,,COMPLETE
282,282,0.6362521684858194,2025-01-05 08:34:13.043023,2025-01-05 08:34:22.355257,0 days 00:00:09.312234,1,9,,,,,,,,,,,,,,,,,,,,25,,,,,,,,,,,,,,,,,,,,COMPLETE
283,283,0.802394072169185,2025-01-05 08:34:22.355640,2025-01-05 08:34:30.806838,0 days 00:00:08.451198,1,9,,,,,,,,,,,,,,,,,,,,25,,,,,,,,,,,,,,,,,,,,COMPLETE
284,284,0.7820394540471604,2025-01-05 08:34:30.807242,2025-01-05 08:34:41.599994,0 days 00:00:10.792752,2,8,2.0,,,,,,,,,,,,,,,,,,,25,15.0,,,,,,,,,,,,,,,,,,,COMPLETE
285,285,0.7141001698984821,2025-01-05 08:34:41.600439,2025-01-05 08:34:51.118917,0 days 00:00:09.518478,1,9,,,,,,,,,,,,,,,,,,,,25,,,,,,,,,,,,,,,,,,,,COMPLETE
286,286,0.8409942263809975,2025-01-05 08:34:51.119381,2025-01-05 08:34:59.438566,0 days 00:00:08.319185,1,10,,,,,,,,,,,,,,,,,,,,30,,,,,,,,,,,,,,,,,,,,COMPLETE
287,287,0.43147794329931977,2025-01-05 08:34:59.439120,2025-01-05 08:35:26.971990,0 days 00:00:27.532870,6,13,10.0,,,,,,,,,,,2.0,3.0,5.0,6.0,,,,,30,40.0,,,,,,,,,,,40.0,5.0,5.0,35.0,,,,,COMPLETE
288,288,0.7999308418433793,2025-01-05 08:35:26.972539,2025-01-05 08:35:47.153167,0 days 00:00:20.180628,2,9,4.0,,,,,,,,,,,,,,,,,,,45,50.0,,,,,,,,,,,,,,,,,,,COMPLETE
289,289,0.7978122384679762,2025-01-05 08:35:47.153621,2025-01-05 08:35:56.283100,0 days 00:00:09.129479,1,9,,,,,,,,,,,,,,,,,,,,25,,,,,,,,,,,,,,,,,,,,COMPLETE
290,290,0.7573398799652997,2025-01-05 08:35:56.283592,2025-01-05 08:36:06.239140,0 days 00:00:09.955548,1,11,,,,,,,,,,,,,,,,,,,,30,,,,,,,,,,,,,,,,,,,,COMPLETE
291,291,0.780833006723145,2025-01-05 08:36:06.239709,2025-01-05 08:36:40.191777,0 days 00:00:33.952068,2,8,15.0,,,,,,,,,,,,,,,,,,,60,30.0,,,,,,,,,,,,,,,,,,,COMPLETE
292,292,0.8350140056022409,2025-01-05 08:36:40.192219,2025-01-05 08:36:50.881302,0 days 00:00:10.689083,1,10,,,,,,,,,,,,,,,,,,,,45,,,,,,,,,,,,,,,,,,,,COMPLETE
293,293,0.7761237700882226,2025-01-05 08:36:50.881690,2025-01-05 08:37:01.996040,0 days 00:00:11.114350,1,9,,,,,,,,,,,,,,,,,,,,35,,,,,,,,,,,,,,,,,,,,COMPLETE
294,294,0.7973312587982515,2025-01-05 08:37:01.996731,2025-01-05 08:37:25.248497,0 days 00:00:23.251766,2,11,6.0,,,,,,,,,,,,,,,,,,,40,55.0,,,,,,,,,,,,,,,,,,,COMPLETE
295,295,0.4748073022312373,2025-01-05 08:37:25.248933,2025-01-05 08:38:07.070974,0 days 00:00:41.822041,5,9,9.0,,,,,,,,,,,8.0,1.0,11.0,,,,,,30,25.0,,,,,,,,,,,50.0,60.0,35.0,,,,,,COMPLETE
296,296,0.49727434440810236,2025-01-05 08:38:07.071767,2025-01-05 08:38:13.567064,0 days 00:00:06.495297,1,10,,,,,,,,,,,,,,,,,,,,25,,,,,,,,,,,,,,,,,,,,COMPLETE
297,297,0.7270094898951889,2025-01-05 08:38:13.567449,2025-01-05 08:38:26.169426,0 days 00:00:12.601977,1,14,,,,,,,,,,,,,,,,,,,,30,,,,,,,,,,,,,,,,,,,,COMPLETE
298,298,0.8318662376945959,2025-01-05 08:38:26.169831,2025-01-05 08:38:36.331351,0 days 00:00:10.161520,1,9,,,,,,,,,,,,,,,,,,,,30,,,,,,,,,,,,,,,,,,,,COMPLETE
299,299,0.789410092395167,2025-01-05 08:38:36.331759,2025-01-05 08:39:04.203038,0 days 00:00:27.871279,2,8,14.0,,,,,,,,,,,,,,,,,,,45,35.0,,,,,,,,,,,,,,,,,,,COMPLETE
300,300,0.859294485815167,2025-01-05 08:39:04.203687,2025-01-05 08:39:16.338344,0 days 00:00:12.134657,1,10,,,,,,,,,,,,,,,,,,,,35,,,,,,,,,,,,,,,,,,,,COMPLETE
301,301,0.7233534192825112,2025-01-05 08:39:16.338748,2025-01-05 08:39:27.656031,0 days 00:00:11.317283,1,10,,,,,,,,,,,,,,,,,,,,35,,,,,,,,,,,,,,,,,,,,COMPLETE
302,302,0.7840331478403315,2025-01-05 08:39:27.656420,2025-01-05 08:39:42.718064,0 days 00:00:15.061644,2,10,1.0,,,,,,,,,,,,,,,,,,,35,60.0,,,,,,,,,,,,,,,,,,,COMPLETE
303,303,0.8006760551327239,2025-01-05 08:39:42.718508,2025-01-05 08:39:53.991100,0 days 00:00:11.272592,1,11,,,,,,,,,,,,,,,,,,,,35,,,,,,,,,,,,,,,,,,,,COMPLETE
304,304,0.8388420637519969,2025-01-05 08:39:53.991519,2025-01-05 08:40:03.540072,0 days 00:00:09.548553,1,10,,,,,,,,,,,,,,,,,,,,35,,,,,,,,,,,,,,,,,,,,COMPLETE
305,305,0.7848785908036211,2025-01-05 08:40:03.540730,2025-01-05 08:40:18.408886,0 days 00:00:14.868156,2,10,3.0,,,,,,,,,,,,,,,,,,,40,10.0,,,,,,,,,,,,,,,,,,,COMPLETE
306,306,0.8346122994652406,2025-01-05 08:40:18.409338,2025-01-05 08:40:28.893659,0 days 00:00:10.484321,1,11,,,,,,,,,,,,,,,,,,,,30,,,,,,,,,,,,,,,,,,,,COMPLETE
307,307,0.8374806843390941,2025-01-05 08:40:28.894053,2025-01-05 08:40:43.690743,0 days 00:00:14.796690,1,14,,,,,,,,,,,,,,,,,,,,35,,,,,,,,,,,,,,,,,,,,COMPLETE
308,308,0.7955921462117355,2025-01-05 08:40:43.691144,2025-01-05 08:41:03.347183,0 days 00:00:19.656039,2,10,11.0,,,,,,,,,,,,,,,,,,,30,35.0,,,,,,,,,,,,,,,,,,,COMPLETE
309,309,0.8430868065694871,2025-01-05 08:41:03.347697,2025-01-05 08:41:15.048404,0 days 00:00:11.700707,1,15,,,,,,,,,,,,,,,,,,,,25,,,,,,,,,,,,,,,,,,,,COMPLETE
310,310,0.2544039770885118,2025-01-05 08:41:15.049007,2025-01-05 08:41:22.574425,0 days 00:00:07.525418,12,11,13.0,1.0,9.0,,,,,,,,,13.0,13.0,1.0,12.0,5.0,14.0,14.0,14.0,40,5.0,30.0,25.0,,,,,,,,,25.0,35.0,25.0,5.0,40.0,10.0,25.0,50.0,COMPLETE
311,311,0.518026418026418,2025-01-05 08:41:22.575004,2025-01-05 08:41:37.083940,0 days 00:00:14.508936,1,13,,,,,,,,,,,,,,,,,,,,35,,,,,,,,,,,,,,,,,,,,COMPLETE
312,312,0.5958557951482479,2025-01-05 08:41:37.084367,2025-01-05 08:42:13.134253,0 days 00:00:36.049886,3,10,6.0,,,,,,,,,,,9.0,,,,,,,,30,50.0,,,,,,,,,,,60.0,,,,,,,,COMPLETE
313,313,0.844329607575166,2025-01-05 08:42:13.134962,2025-01-05 08:42:23.395895,0 days 00:00:10.260933,1,9,,,,,,,,,,,,,,,,,,,,30,,,,,,,,,,,,,,,,,,,,COMPLETE
314,314,0.7744610281923715,2025-01-05 08:42:23.396290,2025-01-05 08:42:38.106704,0 days 00:00:14.710414,2,12,8.0,,,,,,,,,,,,,,,,,,,20,40.0,,,,,,,,,,,,,,,,,,,COMPLETE
315,315,0.8267260714909521,2025-01-05 08:42:38.107148,2025-01-05 08:42:47.798873,0 days 00:00:09.691725,1,11,,,,,,,,,,,,,,,,,,,,25,,,,,,,,,,,,,,,,,,,,COMPLETE
316,316,0.8619616114743724,2025-01-05 08:42:47.799288,2025-01-05 08:43:00.498543,0 days 00:00:12.699255,1,14,,,,,,,,,,,,,,,,,,,,30,,,,,,,,,,,,,,,,,,,,COMPLETE
317,317,0.7870962024327743,2025-01-05 08:43:00.498977,2025-01-05 08:43:25.374974,0 days 00:00:24.875997,2,14,12.0,,,,,,,,,,,,,,,,,,,30,45.0,,,,,,,,,,,,,,,,,,,COMPLETE
318,318,0.6675843985578498,2025-01-05 08:43:25.375663,2025-01-05 08:43:39.137522,0 days 00:00:13.761859,1,14,,,,,,,,,,,,,,,,,,,,30,,,,,,,,,,,,,,,,,,,,COMPLETE
319,319,0.8518767902774482,2025-01-05 08:43:39.137934,2025-01-05 08:43:51.933779,0 days 00:00:12.795845,1,13,,,,,,,,,,,,,,,,,,,,30,,,,,,,,,,,,,,,,,,,,COMPLETE
320,320,0.8245380941016389,2025-01-05 08:43:51.934201,2025-01-05 08:44:01.433190,0 days 00:00:09.498989,1,13,,,,,,,,,,,,,,,,,,,,30,,,,,,,,,,,,,,,,,,,,COMPLETE
321,321,0.7801720988696226,2025-01-05 08:44:01.433622,2025-01-05 08:44:18.972001,0 days 00:00:17.538379,2,14,10.0,,,,,,,,,,,,,,,,,,,30,15.0,,,,,,,,,,,,,,,,,,,COMPLETE
322,322,0.8017792804158046,2025-01-05 08:44:18.972689,2025-01-05 08:44:31.500637,0 days 00:00:12.527948,1,13,,,,,,,,,,,,,,,,,,,,30,,,,,,,,,,,,,,,,,,,,COMPLETE
323,323,0.7916888866529155,2025-01-05 08:44:31.501070,2025-01-05 08:44:44.365833,0 days 00:00:12.864763,1,13,,,,,,,,,,,,,,,,,,,,30,,,,,,,,,,,,,,,,,,,,COMPLETE
324,324,0.0,2025-01-05 08:44:44.366252,2025-01-05 08:47:09.635269,0 days 00:02:25.269017,16,14,14.0,8.0,13.0,6.0,9.0,12.0,11.0,,,,,6.0,11.0,7.0,14.0,14.0,8.0,8.0,11.0,35,55.0,15.0,5.0,30.0,20.0,50.0,15.0,,,,,10.0,45.0,40.0,20.0,55.0,40.0,40.0,30.0,COMPLETE
325,325,0.7671180479360202,2025-01-05 08:47:09.636224,2025-01-05 08:47:31.722037,0 days 00:00:22.085813,2,14,15.0,,,,,,,,,,,,,,,,,,,30,25.0,,,,,,,,,,,,,,,,,,,COMPLETE
326,326,0.827536750241425,2025-01-05 08:47:31.722718,2025-01-05 08:47:45.667415,0 days 00:00:13.944697,1,12,,,,,,,,,,,,,,,,,,,,35,,,,,,,,,,,,,,,,,,,,COMPLETE
327,327,0.7638933372259264,2025-01-05 08:47:45.667830,2025-01-05 08:47:57.815915,0 days 00:00:12.148085,1,13,,,,,,,,,,,,,,,,,,,,30,,,,,,,,,,,,,,,,,,,,COMPLETE
328,328,0.7965622264237002,2025-01-05 08:47:57.816341,2025-01-05 08:48:11.341507,0 days 00:00:13.525166,1,14,,,,,,,,,,,,,,,,,,,,30,,,,,,,,,,,,,,,,,,,,COMPLETE
329,329,0.7861873339463776,2025-01-05 08:48:11.341899,2025-01-05 08:48:28.511606,0 days 00:00:17.169707,2,15,5.0,,,,,,,,,,,,,,,,,,,30,20.0,,,,,,,,,,,,,,,,,,,COMPLETE
330,330,0.7419466000733959,2025-01-05 08:48:28.512274,2025-01-05 08:48:40.591208,0 days 00:00:12.078934,1,13,,,,,,,,,,,,,,,,,,,,30,,,,,,,,,,,,,,,,,,,,COMPLETE
331,331,0.787842058359428,2025-01-05 08:48:40.591597,2025-01-05 08:48:53.307608,0 days 00:00:12.716011,1,11,,,,,,,,,,,,,,,,,,,,35,,,,,,,,,,,,,,,,,,,,COMPLETE
332,332,0.7899551803585572,2025-01-05 08:48:53.307999,2025-01-05 08:49:08.650283,0 days 00:00:15.342284,2,14,1.0,,,,,,,,,,,,,,,,,,,30,45.0,,,,,,,,,,,,,,,,,,,COMPLETE
333,333,0.750165892501659,2025-01-05 08:49:08.650726,2025-01-05 08:49:23.771853,0 days 00:00:15.121127,1,12,,,,,,,,,,,,,,,,,,,,40,,,,,,,,,,,,,,,,,,,,COMPLETE
334,334,0.6532109025223409,2025-01-05 08:49:23.772544,2025-01-05 08:49:43.185520,0 days 00:00:19.412976,3,11,7.0,,,,,,,,,,,4.0,,,,,,,,30,35.0,,,,,,,,,,,15.0,,,,,,,,COMPLETE
335,335,0.8200760614800582,2025-01-05 08:49:43.185976,2025-01-05 08:49:56.490466,0 days 00:00:13.304490,1,10,,,,,,,,,,,,,,,,,,,,40,,,,,,,,,,,,,,,,,,,,COMPLETE
336,336,0.7855992829764786,2025-01-05 08:49:56.490888,2025-01-05 08:50:14.491671,0 days 00:00:18.000783,2,14,3.0,,,,,,,,,,,,,,,,,,,30,60.0,,,,,,,,,,,,,,,,,,,COMPLETE
337,337,0.23735557008938302,2025-01-05 08:50:14.492105,2025-01-05 08:51:12.915214,0 days 00:00:58.423109,9,11,5.0,,,,,,,,,,,12.0,12.0,4.0,2.0,2.0,5.0,3.0,,35,10.0,,,,,,,,,,,45.0,55.0,20.0,10.0,50.0,50.0,55.0,,COMPLETE
338,338,0.7477368024943555,2025-01-05 08:51:12.916072,2025-01-05 08:51:25.428708,0 days 00:00:12.512636,1,12,,,,,,,,,,,,,,,,,,,,30,,,,,,,,,,,,,,,,,,,,COMPLETE
339,339,0.6720970537261699,2025-01-05 08:51:25.429375,2025-01-05 08:51:35.669180,0 days 00:00:10.239805,1,10,,,,,,,,,,,,,,,,,,,,35,,,,,,,,,,,,,,,,,,,,COMPLETE
340,340,0.7701063183475092,2025-01-05 08:51:35.669606,2025-01-05 08:51:56.039277,0 days 00:00:20.369671,2,13,11.0,,,,,,,,,,,,,,,,,,,30,30.0,,,,,,,,,,,,,,,,,,,COMPLETE
341,341,0.19788117913832198,2025-01-05 08:51:56.039718,2025-01-05 08:52:26.847446,0 days 00:00:30.807728,17,15,4.0,10.0,2.0,9.0,13.0,4.0,4.0,1.0,,,,10.0,9.0,11.0,8.0,6.0,13.0,6.0,5.0,30,5.0,55.0,35.0,45.0,55.0,20.0,60.0,30.0,,,,55.0,30.0,55.0,60.0,35.0,5.0,10.0,20.0,COMPLETE
342,342,0.8398150548785757,2025-01-05 08:52:26.848272,2025-01-05 08:52:43.162801,0 days 00:00:16.314529,1,14,,,,,,,,,,,,,,,,,,,,40,,,,,,,,,,,,,,,,,,,,COMPLETE
343,343,0.47699303680545685,2025-01-05 08:52:43.163423,2025-01-05 08:52:46.026761,0 days 00:00:02.863338,1,1,,,,,,,,,,,,,,,,,,,,30,,,,,,,,,,,,,,,,,,,,COMPLETE
344,344,0.7718430185457676,2025-01-05 08:52:46.027163,2025-01-05 08:52:58.559982,0 days 00:00:12.532819,2,10,9.0,,,,,,,,,,,,,,,,,,,20,20.0,,,,,,,,,,,,,,,,,,,COMPLETE
345,345,0.7751663923576191,2025-01-05 08:52:58.560441,2025-01-05 08:53:10.048672,0 days 00:00:11.488231,1,11,,,,,,,,,,,,,,,,,,,,30,,,,,,,,,,,,,,,,,,,,COMPLETE
346,346,0.845192099371705,2025-01-05 08:53:10.049090,2025-01-05 08:53:19.149306,0 days 00:00:09.100216,1,10,,,,,,,,,,,,,,,,,,,,25,,,,,,,,,,,,,,,,,,,,COMPLETE
347,347,0.8116022099447514,2025-01-05 08:53:19.149724,2025-01-05 08:53:30.764166,0 days 00:00:11.614442,1,11,,,,,,,,,,,,,,,,,,,,35,,,,,,,,,,,,,,,,,,,,COMPLETE
348,348,0.8094047895838177,2025-01-05 08:53:30.764799,2025-01-05 08:53:43.100009,0 days 00:00:12.335210,1,9,,,,,,,,,,,,,,,,,,,,45,,,,,,,,,,,,,,,,,,,,COMPLETE
349,349,0.7938842203548085,2025-01-05 08:53:43.100451,2025-01-05 08:54:03.969028,0 days 00:00:20.868577,2,12,8.0,,,,,,,,,,,,,,,,,,,30,50.0,,,,,,,,,,,,,,,,,,,COMPLETE
350,350,0.8150429750755885,2025-01-05 08:54:03.969497,2025-01-05 08:54:10.868237,0 days 00:00:06.898740,1,14,,,,,,,,,,,,,,,,,,,,5,,,,,,,,,,,,,,,,,,,,COMPLETE
351,351,0.8275441034061723,2025-01-05 08:54:10.868650,2025-01-05 08:54:24.014532,0 days 00:00:13.145882,1,9,,,,,,,,,,,,,,,,,,,,45,,,,,,,,,,,,,,,,,,,,COMPLETE
352,352,0.7724102399161366,2025-01-05 08:54:24.014932,2025-01-05 08:54:43.193877,0 days 00:00:19.178945,2,10,13.0,,,,,,,,,,,,,,,,,,,25,40.0,,,,,,,,,,,,,,,,,,,COMPLETE
353,353,0.7699623848538728,2025-01-05 08:54:43.194555,2025-01-05 08:54:57.278648,0 days 00:00:14.084093,2,11,2.0,,,,,,,,,,,,,,,,,,,30,30.0,,,,,,,,,,,,,,,,,,,COMPLETE
354,354,0.8424242424242424,2025-01-05 08:54:57.279102,2025-01-05 08:55:10.318146,0 days 00:00:13.039044,1,10,,,,,,,,,,,,,,,,,,,,40,,,,,,,,,,,,,,,,,,,,COMPLETE
355,355,0.8032697547683925,2025-01-05 08:55:10.318584,2025-01-05 08:55:23.200946,0 days 00:00:12.882362,1,12,,,,,,,,,,,,,,,,,,,,35,,,,,,,,,,,,,,,,,,,,COMPLETE
356,356,0.3182793400794075,2025-01-05 08:55:23.201363,2025-01-05 08:55:47.269973,0 days 00:00:24.068610,8,14,10.0,,,,,,,,,,,14.0,13.0,2.0,10.0,7.0,11.0,,,30,15.0,,,,,,,,,,,25.0,10.0,15.0,50.0,10.0,15.0,,,COMPLETE
357,357,0.7838376693707036,2025-01-05 08:55:47.270771,2025-01-05 08:56:15.307517,0 days 00:00:28.036746,2,9,12.0,,,,,,,,,,,,,,,,,,,35,55.0,,,,,,,,,,,,,,,,,,,COMPLETE
358,358,0.8485832110281737,2025-01-05 08:56:15.307966,2025-01-05 08:56:28.239651,0 days 00:00:12.931685,1,15,,,,,,,,,,,,,,,,,,,,30,,,,,,,,,,,,,,,,,,,,COMPLETE
359,359,0.7548963133640554,2025-01-05 08:56:28.240062,2025-01-05 08:56:36.875187,0 days 00:00:08.635125,1,15,,,,,,,,,,,,,,,,,,,,15,,,,,,,,,,,,,,,,,,,,COMPLETE
360,360,0.8469484359136558,2025-01-05 08:56:36.875609,2025-01-05 08:56:50.490856,0 days 00:00:13.615247,1,15,,,,,,,,,,,,,,,,,,,,30,,,,,,,,,,,,,,,,,,,,COMPLETE
361,361,0.798482186520802,2025-01-05 08:56:50.491508,2025-01-05 08:57:26.674351,0 days 00:00:36.182843,2,15,9.0,,,,,,,,,,,,,,,,,,,45,60.0,,,,,,,,,,,,,,,,,,,COMPLETE
362,362,0.6739564958849484,2025-01-05 08:57:26.674790,2025-01-05 08:57:39.386446,0 days 00:00:12.711656,1,15,,,,,,,,,,,,,,,,,,,,25,,,,,,,,,,,,,,,,,,,,COMPLETE
363,363,0.5861414643721782,2025-01-05 08:57:39.386849,2025-01-05 08:57:51.747625,0 days 00:00:12.360776,1,13,,,,,,,,,,,,,,,,,,,,30,,,,,,,,,,,,,,,,,,,,COMPLETE
364,364,0.7843447236030872,2025-01-05 08:57:51.748306,2025-01-05 08:58:24.799199,0 days 00:00:33.050893,2,15,6.0,,,,,,,,,,,,,,,,,,,55,45.0,,,,,,,,,,,,,,,,,,,COMPLETE
365,365,0.8112043202827932,2025-01-05 08:58:24.799671,2025-01-05 08:58:34.130568,0 days 00:00:09.330897,1,9,,,,,,,,,,,,,,,,,,,,30,,,,,,,,,,,,,,,,,,,,COMPLETE
366,366,0.8552905120126878,2025-01-05 08:58:34.130974,2025-01-05 08:58:41.669376,0 days 00:00:07.538402,1,14,,,,,,,,,,,,,,,,,,,,10,,,,,,,,,,,,,,,,,,,,COMPLETE
367,367,0.47491415210323273,2025-01-05 08:58:41.669803,2025-01-05 08:58:48.179145,0 days 00:00:06.509342,1,14,,,,,,,,,,,,,,,,,,,,5,,,,,,,,,,,,,,,,,,,,COMPLETE
368,368,0.7811820159535896,2025-01-05 08:58:48.179566,2025-01-05 08:58:57.608193,0 days 00:00:09.428627,2,14,4.0,,,,,,,,,,,,,,,,,,,10,10.0,,,,,,,,,,,,,,,,,,,COMPLETE
369,369,0.3783783783783784,2025-01-05 08:58:57.608884,2025-01-05 08:59:05.589502,0 days 00:00:07.980618,1,14,,,,,,,,,,,,,,,,,,,,10,,,,,,,,,,,,,,,,,,,,COMPLETE
370,370,0.5606316778208289,2025-01-05 08:59:05.589929,2025-01-05 08:59:15.441144,0 days 00:00:09.851215,1,13,,,,,,,,,,,,,,,,,,,,20,,,,,,,,,,,,,,,,,,,,COMPLETE
371,371,0.8172188284581732,2025-01-05 08:59:15.441548,2025-01-05 08:59:23.337555,0 days 00:00:07.896007,1,14,,,,,,,,,,,,,,,,,,,,10,,,,,,,,,,,,,,,,,,,,COMPLETE
372,372,0.753297199638663,2025-01-05 08:59:23.337980,2025-01-05 08:59:34.708851,0 days 00:00:11.370871,2,15,15.0,,,,,,,,,,,,,,,,,,,10,25.0,,,,,,,,,,,,,,,,,,,COMPLETE
373,373,0.8460892824202177,2025-01-05 08:59:34.709300,2025-01-05 08:59:50.461157,0 days 00:00:15.751857,1,14,,,,,,,,,,,,,,,,,,,,40,,,,,,,,,,,,,,,,,,,,COMPLETE
374,374,0.7740868547320161,2025-01-05 08:59:50.461569,2025-01-05 09:00:01.609624,0 days 00:00:11.148055,3,14,1.0,,,,,,,,,,,2.0,,,,,,,,10,20.0,,,,,,,,,,,30.0,,,,,,,,COMPLETE
375,375,0.8464834583885956,2025-01-05 09:00:01.610374,2025-01-05 09:00:18.650998,0 days 00:00:17.040624,1,13,,,,,,,,,,,,,,,,,,,,45,,,,,,,,,,,,,,,,,,,,COMPLETE
376,376,0.7597937412357776,2025-01-05 09:00:18.651450,2025-01-05 09:00:28.175520,0 days 00:00:09.524070,2,15,14.0,,,,,,,,,,,,,,,,,,,10,5.0,,,,,,,,,,,,,,,,,,,COMPLETE
377,377,0.3703418467211056,2025-01-05 09:00:28.175969,2025-01-05 09:01:09.956656,0 days 00:00:41.780687,10,14,3.0,,,,,,,,,,,5.0,2.0,6.0,3.0,3.0,3.0,11.0,2.0,20,35.0,,,,,,,,,,,35.0,25.0,50.0,35.0,30.0,35.0,20.0,40.0,COMPLETE
378,378,0.3841180371352785,2025-01-05 09:01:09.957560,2025-01-05 09:01:24.265883,0 days 00:00:14.308323,1,13,,,,,,,,,,,,,,,,,,,,35,,,,,,,,,,,,,,,,,,,,COMPLETE
379,379,0.7821094623973659,2025-01-05 09:01:24.266304,2025-01-05 09:01:36.033602,0 days 00:00:11.767298,2,7,7.0,,,,,,,,,,,,,,,,,,,15,50.0,,,,,,,,,,,,,,,,,,,COMPLETE
380,380,0.32804475237155345,2025-01-05 09:01:36.034058,2025-01-05 09:02:14.859398,0 days 00:00:38.825340,12,10,12.0,14.0,6.0,,,,,,,,,13.0,4.0,13.0,15.0,12.0,12.0,9.0,7.0,15,55.0,35.0,60.0,,,,,,,,,60.0,45.0,60.0,30.0,5.0,50.0,35.0,10.0,COMPLETE
381,381,0.7857362299758612,2025-01-05 09:02:14.860303,2025-01-05 09:02:32.195871,0 days 00:00:17.335568,1,13,,,,,,,,,,,,,,,,,,,,45,,,,,,,,,,,,,,,,,,,,COMPLETE
382,382,0.8288814873241506,2025-01-05 09:02:32.196322,2025-01-05 09:02:48.743890,0 days 00:00:16.547568,1,14,,,,,,,,,,,,,,,,,,,,40,,,,,,,,,,,,,,,,,,,,COMPLETE
383,383,0.7835644493364249,2025-01-05 09:02:48.744332,2025-01-05 09:03:01.628952,0 days 00:00:12.884620,2,10,7.0,,,,,,,,,,,,,,,,,,,25,15.0,,,,,,,,,,,,,,,,,,,COMPLETE
384,384,0.7177392986253426,2025-01-05 09:03:01.629441,2025-01-05 09:03:14.477554,0 days 00:00:12.848113,1,15,,,,,,,,,,,,,,,,,,,,25,,,,,,,,,,,,,,,,,,,,COMPLETE
385,385,0.7537962670041126,2025-01-05 09:03:14.478259,2025-01-05 09:03:26.708944,0 days 00:00:12.230685,1,9,,,,,,,,,,,,,,,,,,,,45,,,,,,,,,,,,,,,,,,,,COMPLETE
386,386,0.772945657167415,2025-01-05 09:03:26.709394,2025-01-05 09:03:48.075240,0 days 00:00:21.365846,2,14,8.0,,,,,,,,,,,,,,,,,,,35,30.0,,,,,,,,,,,,,,,,,,,COMPLETE
387,387,0.8523551954838824,2025-01-05 09:03:48.075698,2025-01-05 09:03:58.402295,0 days 00:00:10.326597,1,10,,,,,,,,,,,,,,,,,,,,30,,,,,,,,,,,,,,,,,,,,COMPLETE
388,388,0.7019427685836055,2025-01-05 09:03:58.402744,2025-01-05 09:04:06.380877,0 days 00:00:07.978133,1,10,,,,,,,,,,,,,,,,,,,,30,,,,,,,,,,,,,,,,,,,,COMPLETE
389,389,0.709838195682689,2025-01-05 09:04:06.381423,2025-01-05 09:04:14.744368,0 days 00:00:08.362945,1,10,,,,,,,,,,,,,,,,,,,,30,,,,,,,,,,,,,,,,,,,,COMPLETE
390,390,0.7781196167910787,2025-01-05 09:04:14.744928,2025-01-05 09:04:34.662139,0 days 00:00:19.917211,2,10,11.0,,,,,,,,,,,,,,,,,,,30,35.0,,,,,,,,,,,,,,,,,,,COMPLETE
391,391,0.8526117824675113,2025-01-05 09:04:34.662589,2025-01-05 09:04:46.532339,0 days 00:00:11.869750,1,12,,,,,,,,,,,,,,,,,,,,30,,,,,,,,,,,,,,,,,,,,COMPLETE
392,392,0.7438524864466903,2025-01-05 09:04:46.532746,2025-01-05 09:04:59.151190,0 days 00:00:12.618444,1,12,,,,,,,,,,,,,,,,,,,,30,,,,,,,,,,,,,,,,,,,,COMPLETE
393,393,0.7711083444573787,2025-01-05 09:04:59.151600,2025-01-05 09:05:27.504547,0 days 00:00:28.352947,2,12,13.0,,,,,,,,,,,,,,,,,,,35,45.0,,,,,,,,,,,,,,,,,,,COMPLETE
394,394,0.553666524695619,2025-01-05 09:05:27.505248,2025-01-05 09:05:31.682950,0 days 00:00:04.177702,1,2,,,,,,,,,,,,,,,,,,,,30,,,,,,,,,,,,,,,,,,,,COMPLETE
395,395,0.8518532774461058,2025-01-05 09:05:31.683366,2025-01-05 09:05:42.421284,0 days 00:00:10.737918,1,11,,,,,,,,,,,,,,,,,,,,30,,,,,,,,,,,,,,,,,,,,COMPLETE
396,396,0.8137451737451737,2025-01-05 09:05:42.421715,2025-01-05 09:05:53.026600,0 days 00:00:10.604885,1,11,,,,,,,,,,,,,,,,,,,,30,,,,,,,,,,,,,,,,,,,,COMPLETE
397,397,0.778516844161723,2025-01-05 09:05:53.027034,2025-01-05 09:06:07.315123,0 days 00:00:14.288089,2,11,2.0,,,,,,,,,,,,,,,,,,,30,40.0,,,,,,,,,,,,,,,,,,,COMPLETE
398,398,0.8460061189830264,2025-01-05 09:06:07.315593,2025-01-05 09:06:18.449456,0 days 00:00:11.133863,1,11,,,,,,,,,,,,,,,,,,,,35,,,,,,,,,,,,,,,,,,,,COMPLETE
399,399,0.8286409958128593,2025-01-05 09:06:18.450130,2025-01-05 09:06:30.995375,0 days 00:00:12.545245,1,12,,,,,,,,,,,,,,,,,,,,30,,,,,,,,,,,,,,,,,,,,COMPLETE
400,400,0.7659449197346919,2025-01-05 09:06:30.995811,2025-01-05 09:06:44.653121,0 days 00:00:13.657310,2,11,5.0,,,,,,,,,,,,,,,,,,,30,10.0,,,,,,,,,,,,,,,,,,,COMPLETE
401,401,0.8114090909090909,2025-01-05 09:06:44.653584,2025-01-05 09:07:00.309700,0 days 00:00:15.656116,1,11,,,,,,,,,,,,,,,,,,,,45,,,,,,,,,,,,,,,,,,,,COMPLETE
402,402,0.8271989555277366,2025-01-05 09:07:00.310154,2025-01-05 09:07:08.203064,0 days 00:00:07.892910,1,10,,,,,,,,,,,,,,,,,,,,35,,,,,,,,,,,,,,,,,,,,COMPLETE
403,403,0.7808584765001612,2025-01-05 09:07:08.203482,2025-01-05 09:07:29.811763,0 days 00:00:21.608281,2,12,11.0,,,,,,,,,,,,,,,,,,,40,20.0,,,,,,,,,,,,,,,,,,,COMPLETE
404,404,0.1964281875828467,2025-01-05 09:07:29.812494,2025-01-05 09:07:52.419869,0 days 00:00:22.607375,15,10,6.0,3.0,13.0,13.0,4.0,12.0,,,,,,1.0,1.0,14.0,6.0,14.0,10.0,13.0,4.0,30,25.0,25.0,50.0,60.0,40.0,45.0,,,,,,40.0,25.0,5.0,15.0,60.0,30.0,40.0,50.0,COMPLETE
405,405,0.7621307434793805,2025-01-05 09:07:52.420563,2025-01-05 09:08:09.230513,0 days 00:00:16.809950,1,11,,,,,,,,,,,,,,,,,,,,60,,,,,,,,,,,,,,,,,,,,COMPLETE
406,406,0.850611332801277,2025-01-05 09:08:09.230953,2025-01-05 09:08:19.215528,0 days 00:00:09.984575,1,10,,,,,,,,,,,,,,,,,,,,30,,,,,,,,,,,,,,,,,,,,COMPLETE
407,407,0.8159466209415887,2025-01-05 09:08:19.216223,2025-01-05 09:08:27.900024,0 days 00:00:08.683801,1,10,,,,,,,,,,,,,,,,,,,,30,,,,,,,,,,,,,,,,,,,,COMPLETE
408,408,0.7175629461804813,2025-01-05 09:08:27.900449,2025-01-05 09:08:38.739052,0 days 00:00:10.838603,1,10,,,,,,,,,,,,,,,,,,,,30,,,,,,,,,,,,,,,,,,,,COMPLETE
409,409,0.7750453208119112,2025-01-05 09:08:38.739493,2025-01-05 09:09:08.996162,0 days 00:00:30.256669,2,11,10.0,,,,,,,,,,,,,,,,,,,40,60.0,,,,,,,,,,,,,,,,,,,COMPLETE
410,410,0.6472275603468479,2025-01-05 09:09:08.996638,2025-01-05 09:09:35.822733,0 days 00:00:26.826095,3,10,13.0,,,,,,,,,,,3.0,,,,,,,,35,40.0,,,,,,,,,,,15.0,,,,,,,,COMPLETE
411,411,0.15126050420168066,2025-01-05 09:09:35.823488,2025-01-05 09:09:57.820889,0 days 00:00:21.997401,5,10,15.0,,,,,,,,,,,15.0,10.0,3.0,,,,,,45,5.0,,,,,,,,,,,5.0,40.0,10.0,,,,,,COMPLETE
412,412,0.7750519562663776,2025-01-05 09:09:57.821408,2025-01-05 09:10:09.395435,0 days 00:00:11.574027,1,11,,,,,,,,,,,,,,,,,,,,30,,,,,,,,,,,,,,,,,,,,COMPLETE
413,413,0.717263950253641,2025-01-05 09:10:09.395895,2025-01-05 09:10:21.144742,0 days 00:00:11.748847,1,10,,,,,,,,,,,,,,,,,,,,55,,,,,,,,,,,,,,,,,,,,COMPLETE
414,414,0.7313845591260227,2025-01-05 09:10:21.145258,2025-01-05 09:10:32.118166,0 days 00:00:10.972908,1,11,,,,,,,,,,,,,,,,,,,,30,,,,,,,,,,,,,,,,,,,,COMPLETE
415,415,0.7829405961410942,2025-01-05 09:10:32.118777,2025-01-05 09:10:48.600175,0 days 00:00:16.481398,2,10,3.0,,,,,,,,,,,,,,,,,,,45,15.0,,,,,,,,,,,,,,,,,,,COMPLETE
416,416,0.8157846413750045,2025-01-05 09:10:48.600635,2025-01-05 09:11:01.085341,0 days 00:00:12.484706,1,11,,,,,,,,,,,,,,,,,,,,35,,,,,,,,,,,,,,,,,,,,COMPLETE
417,417,0.19583048530416952,2025-01-05 09:11:01.085765,2025-01-05 09:11:30.478424,0 days 00:00:29.392659,7,10,10.0,,,,,,,,,,,5.0,6.0,8.0,14.0,9.0,,,,30,25.0,,,,,,,,,,,20.0,15.0,45.0,5.0,25.0,,,,COMPLETE
418,418,0.7798869240947912,2025-01-05 09:11:30.479290,2025-01-05 09:11:48.134518,0 days 00:00:17.655228,2,12,4.0,,,,,,,,,,,,,,,,,,,30,55.0,,,,,,,,,,,,,,,,,,,COMPLETE
419,419,0.39686659934288193,2025-01-05 09:11:48.134993,2025-01-05 09:12:00.213669,0 days 00:00:12.078676,1,13,,,,,,,,,,,,,,,,,,,,30,,,,,,,,,,,,,,,,,,,,COMPLETE
420,420,0.7855973371716445,2025-01-05 09:12:00.214126,2025-01-05 09:12:32.943436,0 days 00:00:32.729310,2,10,14.0,,,,,,,,,,,,,,,,,,,40,50.0,,,,,,,,,,,,,,,,,,,COMPLETE
421,421,0.8487120771314701,2025-01-05 09:12:32.944183,2025-01-05 09:12:46.055982,0 days 00:00:13.111799,1,11,,,,,,,,,,,,,,,,,,,,35,,,,,,,,,,,,,,,,,,,,COMPLETE
422,422,0.40289525048796354,2025-01-05 09:12:46.056434,2025-01-05 09:12:53.022404,0 days 00:00:06.965970,1,9,,,,,,,,,,,,,,,,,,,,10,,,,,,,,,,,,,,,,,,,,COMPLETE
423,423,0.8031811872116055,2025-01-05 09:12:53.022851,2025-01-05 09:13:04.759535,0 days 00:00:11.736684,1,12,,,,,,,,,,,,,,,,,,,,30,,,,,,,,,,,,,,,,,,,,COMPLETE
424,424,0.8033980582524272,2025-01-05 09:13:04.759998,2025-01-05 09:13:20.870127,0 days 00:00:16.110129,2,10,1.0,,,,,,,,,,,,,,,,,,,45,30.0,,,,,,,,,,,,,,,,,,,COMPLETE
425,425,0.5912833761087848,2025-01-05 09:13:20.870610,2025-01-05 09:13:31.704868,0 days 00:00:10.834258,1,11,,,,,,,,,,,,,,,,,,,,30,,,,,,,,,,,,,,,,,,,,COMPLETE
426,426,0.8177666133820507,2025-01-05 09:13:31.705559,2025-01-05 09:13:41.000824,0 days 00:00:09.295265,1,9,,,,,,,,,,,,,,,,,,,,25,,,,,,,,,,,,,,,,,,,,COMPLETE
427,427,0.7904063758024154,2025-01-05 09:13:41.001294,2025-01-05 09:13:57.146989,0 days 00:00:16.145695,2,10,5.0,,,,,,,,,,,,,,,,,,,30,40.0,,,,,,,,,,,,,,,,,,,COMPLETE
428,428,0.7491284098469727,2025-01-05 09:13:57.147456,2025-01-05 09:14:10.849961,0 days 00:00:13.702505,1,12,,,,,,,,,,,,,,,,,,,,35,,,,,,,,,,,,,,,,,,,,COMPLETE
429,429,0.7593265852361398,2025-01-05 09:14:10.850425,2025-01-05 09:14:24.452218,0 days 00:00:13.601793,1,9,,,,,,,,,,,,,,,,,,,,45,,,,,,,,,,,,,,,,,,,,COMPLETE
430,430,0.7880304984356714,2025-01-05 09:14:24.452668,2025-01-05 09:14:45.978077,0 days 00:00:21.525409,2,11,9.0,,,,,,,,,,,,,,,,,,,30,50.0,,,,,,,,,,,,,,,,,,,COMPLETE
431,431,0.8232071236130776,2025-01-05 09:14:45.978808,2025-01-05 09:15:00.660198,0 days 00:00:14.681390,1,13,,,,,,,,,,,,,,,,,,,,40,,,,,,,,,,,,,,,,,,,,COMPLETE
432,432,0.7574354657687992,2025-01-05 09:15:00.660620,2025-01-05 09:15:06.330175,0 days 00:00:05.669555,1,10,,,,,,,,,,,,,,,,,,,,5,,,,,,,,,,,,,,,,,,,,COMPLETE
433,433,0.5158683603064279,2025-01-05 09:15:06.330620,2025-01-05 09:15:21.491973,0 days 00:00:15.161353,3,11,9.0,,,,,,,,,,,9.0,,,,,,,,30,5.0,,,,,,,,,,,20.0,,,,,,,,COMPLETE
434,434,0.3149777152240206,2025-01-05 09:15:21.492468,2025-01-05 09:16:12.092606,0 days 00:00:50.600138,9,10,7.0,,,,,,,,,,,11.0,11.0,5.0,4.0,10.0,6.0,5.0,,50,20.0,,,,,,,,,,,50.0,50.0,30.0,25.0,45.0,10.0,50.0,,COMPLETE
435,435,0.7318429465531993,2025-01-05 09:16:12.093469,2025-01-05 09:16:22.864962,0 days 00:00:10.771493,1,9,,,,,,,,,,,,,,,,,,,,30,,,,,,,,,,,,,,,,,,,,COMPLETE
436,436,0.7872469678242014,2025-01-05 09:16:22.865399,2025-01-05 09:16:43.640479,0 days 00:00:20.775080,2,11,12.0,,,,,,,,,,,,,,,,,,,30,35.0,,,,,,,,,,,,,,,,,,,COMPLETE
437,437,0.8164093048386867,2025-01-05 09:16:43.641228,2025-01-05 09:16:51.868861,0 days 00:00:08.227633,1,8,,,,,,,,,,,,,,,,,,,,35,,,,,,,,,,,,,,,,,,,,COMPLETE
438,438,0.8510452653025069,2025-01-05 09:16:51.869287,2025-01-05 09:17:05.291325,0 days 00:00:13.422038,1,10,,,,,,,,,,,,,,,,,,,,45,,,,,,,,,,,,,,,,,,,,COMPLETE
439,439,0.7028719447141031,2025-01-05 09:17:05.291793,2025-01-05 09:17:14.946827,0 days 00:00:09.655034,1,10,,,,,,,,,,,,,,,,,,,,45,,,,,,,,,,,,,,,,,,,,COMPLETE
440,440,0.8269517468233547,2025-01-05 09:17:14.947280,2025-01-05 09:17:27.828482,0 days 00:00:12.881202,1,10,,,,,,,,,,,,,,,,,,,,45,,,,,,,,,,,,,,,,,,,,COMPLETE
441,441,0.7822580887410973,2025-01-05 09:17:27.828928,2025-01-05 09:17:56.451005,0 days 00:00:28.622077,2,9,8.0,,,,,,,,,,,,,,,,,,,45,60.0,,,,,,,,,,,,,,,,,,,COMPLETE
442,442,0.8112155807972155,2025-01-05 09:17:56.451764,2025-01-05 09:18:05.220964,0 days 00:00:08.769200,1,10,,,,,,,,,,,,,,,,,,,,50,,,,,,,,,,,,,,,,,,,,COMPLETE
443,443,0.7842063193530187,2025-01-05 09:18:05.221420,2025-01-05 09:18:22.343450,0 days 00:00:17.122030,2,9,2.0,,,,,,,,,,,,,,,,,,,45,45.0,,,,,,,,,,,,,,,,,,,COMPLETE
444,444,0.7013951027084235,2025-01-05 09:18:22.343918,2025-01-05 09:18:31.435376,0 days 00:00:09.091458,1,10,,,,,,,,,,,,,,,,,,,,45,,,,,,,,,,,,,,,,,,,,COMPLETE
445,445,0.8174515960230246,2025-01-05 09:18:31.435816,2025-01-05 09:18:42.878117,0 days 00:00:11.442301,1,10,,,,,,,,,,,,,,,,,,,,40,,,,,,,,,,,,,,,,,,,,COMPLETE
446,446,0.849109323019944,2025-01-05 09:18:42.878834,2025-01-05 09:18:54.908428,0 days 00:00:12.029594,1,9,,,,,,,,,,,,,,,,,,,,45,,,,,,,,,,,,,,,,,,,,COMPLETE
447,447,0.7662917065006001,2025-01-05 09:18:54.908866,2025-01-05 09:19:14.874138,0 days 00:00:19.965272,2,10,14.0,,,,,,,,,,,,,,,,,,,40,15.0,,,,,,,,,,,,,,,,,,,COMPLETE
448,448,0.7259185333037628,2025-01-05 09:19:14.874621,2025-01-05 09:19:31.132564,0 days 00:00:16.257943,1,13,,,,,,,,,,,,,,,,,,,,45,,,,,,,,,,,,,,,,,,,,COMPLETE
449,449,0.7558463594524697,2025-01-05 09:19:31.133037,2025-01-05 09:19:46.428990,0 days 00:00:15.295953,2,14,4.0,,,,,,,,,,,,,,,,,,,30,10.0,,,,,,,,,,,,,,,,,,,COMPLETE
450,450,0.7656693547218046,2025-01-05 09:19:46.429744,2025-01-05 09:19:56.413038,0 days 00:00:09.983294,1,9,,,,,,,,,,,,,,,,,,,,30,,,,,,,,,,,,,,,,,,,,COMPLETE
451,451,0.850803305319979,2025-01-05 09:19:56.413488,2025-01-05 09:20:08.593577,0 days 00:00:12.180089,1,10,,,,,,,,,,,,,,,,,,,,45,,,,,,,,,,,,,,,,,,,,COMPLETE
452,452,0.0,2025-01-05 09:20:08.594048,2025-01-05 09:22:48.102033,0 days 00:02:39.507985,20,12,13.0,7.0,9.0,7.0,6.0,5.0,12.0,12.0,9.0,1.0,14.0,8.0,14.0,1.0,8.0,1.0,2.0,10.0,8.0,45,30.0,40.0,15.0,10.0,20.0,25.0,5.0,40.0,60.0,55.0,30.0,45.0,5.0,35.0,45.0,30.0,55.0,55.0,25.0,COMPLETE
453,453,0.7911253320453997,2025-01-05 09:22:48.103125,2025-01-05 09:23:07.161512,0 days 00:00:19.058387,2,9,6.0,,,,,,,,,,,,,,,,,,,45,25.0,,,,,,,,,,,,,,,,,,,COMPLETE
454,454,0.6865846384943339,2025-01-05 09:23:07.162273,2025-01-05 09:23:22.315386,0 days 00:00:15.153113,1,13,,,,,,,,,,,,,,,,,,,,45,,,,,,,,,,,,,,,,,,,,COMPLETE
455,455,0.05129296751813309,2025-01-05 09:23:22.315809,2025-01-05 09:23:51.028393,0 days 00:00:28.712584,18,10,15.0,11.0,1.0,10.0,13.0,8.0,4.0,5.0,1.0,,,12.0,8.0,12.0,1.0,5.0,4.0,2.0,12.0,45,20.0,10.0,35.0,25.0,45.0,30.0,20.0,20.0,25.0,,,30.0,55.0,20.0,55.0,5.0,20.0,45.0,20.0,COMPLETE
456,456,0.854415237385036,2025-01-05 09:23:51.029217,2025-01-05 09:24:08.999878,0 days 00:00:17.970661,1,14,,,,,,,,,,,,,,,,,,,,45,,,,,,,,,,,,,,,,,,,,COMPLETE
457,457,0.7316015361309098,2025-01-05 09:24:09.000874,2025-01-05 09:24:24.529251,0 days 00:00:15.528377,1,14,,,,,,,,,,,,,,,,,,,,45,,,,,,,,,,,,,,,,,,,,COMPLETE
458,458,0.7884439551978442,2025-01-05 09:24:24.529680,2025-01-05 09:24:45.233987,0 days 00:00:20.704307,2,14,1.0,,,,,,,,,,,,,,,,,,,45,55.0,,,,,,,,,,,,,,,,,,,COMPLETE
459,459,0.8241881732930326,2025-01-05 09:24:45.234478,2025-01-05 09:25:03.146596,0 days 00:00:17.912118,1,14,,,,,,,,,,,,,,,,,,,,50,,,,,,,,,,,,,,,,,,,,COMPLETE
460,460,0.4187535002800224,2025-01-05 09:25:03.147462,2025-01-05 09:25:20.524640,0 days 00:00:17.377178,1,14,,,,,,,,,,,,,,,,,,,,45,,,,,,,,,,,,,,,,,,,,COMPLETE
461,461,0.15648535564853558,2025-01-05 09:25:20.525101,2025-01-05 09:25:47.069517,0 days 00:00:26.544416,11,14,5.0,6.0,,,,,,,,,,7.0,7.0,8.0,11.0,2.0,8.0,7.0,10.0,45,35.0,55.0,,,,,,,,,,5.0,20.0,25.0,60.0,20.0,60.0,5.0,15.0,COMPLETE
462,462,0.7858040862332708,2025-01-05 09:25:47.070157,2025-01-05 09:26:03.082568,0 days 00:00:16.012411,1,14,,,,,,,,,,,,,,,,,,,,45,,,,,,,,,,,,,,,,,,,,COMPLETE
463,463,0.830749354005168,2025-01-05 09:26:03.083317,2025-01-05 09:26:18.091008,0 days 00:00:15.007691,1,13,,,,,,,,,,,,,,,,,,,,45,,,,,,,,,,,,,,,,,,,,COMPLETE
464,464,0.4474059532199067,2025-01-05 09:26:18.091460,2025-01-05 09:27:28.570261,0 days 00:01:10.478801,4,14,11.0,,,,,,,,,,,10.0,15.0,,,,,,,50,45.0,,,,,,,,,,,55.0,30.0,,,,,,,COMPLETE
465,465,0.8047968602584312,2025-01-05 09:27:28.571041,2025-01-05 09:27:52.089179,0 days 00:00:23.518138,2,13,3.0,,,,,,,,,,,,,,,,,,,45,60.0,,,,,,,,,,,,,,,,,,,COMPLETE
466,466,0.2640135590652577,2025-01-05 09:27:52.089658,2025-01-05 09:28:17.965326,0 days 00:00:25.875668,14,12,8.0,13.0,3.0,1.0,3.0,,,,,,,14.0,5.0,10.0,12.0,13.0,1.0,14.0,14.0,40,5.0,45.0,25.0,40.0,25.0,,,,,,,10.0,60.0,50.0,40.0,40.0,5.0,20.0,55.0,COMPLETE
467,467,0.7784020332605733,2025-01-05 09:28:17.966331,2025-01-05 09:28:36.001222,0 days 00:00:18.034891,2,8,10.0,,,,,,,,,,,,,,,,,,,45,15.0,,,,,,,,,,,,,,,,,,,COMPLETE
468,468,0.8301707520472473,2025-01-05 09:28:36.001695,2025-01-05 09:28:54.704291,0 days 00:00:18.702596,1,14,,,,,,,,,,,,,,,,,,,,50,,,,,,,,,,,,,,,,,,,,COMPLETE
469,469,0.42417971643305213,2025-01-05 09:28:54.704736,2025-01-05 09:29:39.266671,0 days 00:00:44.561935,6,9,7.0,,,,,,,,,,,6.0,3.0,9.0,3.0,,,,,45,55.0,,,,,,,,,,,35.0,15.0,40.0,50.0,,,,,COMPLETE
470,470,0.8198218647177337,2025-01-05 09:29:39.267532,2025-01-05 09:29:55.379339,0 days 00:00:16.111807,1,14,,,,,,,,,,,,,,,,,,,,40,,,,,,,,,,,,,,,,,,,,COMPLETE
471,471,0.7935096022001614,2025-01-05 09:29:55.379772,2025-01-05 09:30:09.785175,0 days 00:00:14.405403,1,11,,,,,,,,,,,,,,,,,,,,45,,,,,,,,,,,,,,,,,,,,COMPLETE
472,472,0.6585900364220014,2025-01-05 09:30:09.785921,2025-01-05 09:30:17.825337,0 days 00:00:08.039416,1,13,,,,,,,,,,,,,,,,,,,,10,,,,,,,,,,,,,,,,,,,,COMPLETE
473,473,0.7924488041964259,2025-01-05 09:30:17.825809,2025-01-05 09:30:34.179218,0 days 00:00:16.353409,2,9,2.0,,,,,,,,,,,,,,,,,,,45,30.0,,,,,,,,,,,,,,,,,,,COMPLETE
474,474,0.7663920750782065,2025-01-05 09:30:34.179692,2025-01-05 09:30:45.843040,0 days 00:00:11.663348,1,9,,,,,,,,,,,,,,,,,,,,40,,,,,,,,,,,,,,,,,,,,COMPLETE
475,475,0.7846972503723075,2025-01-05 09:30:45.843477,2025-01-05 09:31:12.838397,0 days 00:00:26.994920,2,11,6.0,,,,,,,,,,,,,,,,,,,50,50.0,,,,,,,,,,,,,,,,,,,COMPLETE
476,476,0.6124733680901548,2025-01-05 09:31:12.839094,2025-01-05 09:31:15.968702,0 days 00:00:03.129608,1,3,,,,,,,,,,,,,,,,,,,,10,,,,,,,,,,,,,,,,,,,,COMPLETE
477,477,0.7849331463300608,2025-01-05 09:31:15.969218,2025-01-05 09:31:31.490702,0 days 00:00:15.521484,1,12,,,,,,,,,,,,,,,,,,,,45,,,,,,,,,,,,,,,,,,,,COMPLETE
478,478,0.7742027537989584,2025-01-05 09:31:31.491177,2025-01-05 09:31:45.165753,0 days 00:00:13.674576,2,4,12.0,,,,,,,,,,,,,,,,,,,45,10.0,,,,,,,,,,,,,,,,,,,COMPLETE
479,479,0.7533824251350024,2025-01-05 09:31:45.166237,2025-01-05 09:32:03.338556,0 days 00:00:18.172319,1,14,,,,,,,,,,,,,,,,,,,,50,,,,,,,,,,,,,,,,,,,,COMPLETE
480,480,0.721854427790382,2025-01-05 09:32:03.339020,2025-01-05 09:32:18.041114,0 days 00:00:14.702094,1,9,,,,,,,,,,,,,,,,,,,,55,,,,,,,,,,,,,,,,,,,,COMPLETE
481,481,0.7458086818388999,2025-01-05 09:32:18.041777,2025-01-05 09:32:39.136281,0 days 00:00:21.094504,3,13,5.0,,,,,,,,,,,4.0,,,,,,,,30,40.0,,,,,,,,,,,25.0,,,,,,,,COMPLETE
482,482,0.7576197387518142,2025-01-05 09:32:39.136841,2025-01-05 09:32:52.069852,0 days 00:00:12.933011,1,14,,,,,,,,,,,,,,,,,,,,30,,,,,,,,,,,,,,,,,,,,COMPLETE
483,483,0.8493824719374563,2025-01-05 09:32:52.070297,2025-01-05 09:33:01.415506,0 days 00:00:09.345209,1,10,,,,,,,,,,,,,,,,,,,,40,,,,,,,,,,,,,,,,,,,,COMPLETE
484,484,0.766069484938297,2025-01-05 09:33:01.415970,2025-01-05 09:33:27.349739,0 days 00:00:25.933769,2,10,14.0,,,,,,,,,,,,,,,,,,,45,25.0,,,,,,,,,,,,,,,,,,,COMPLETE
485,485,0.741878094059406,2025-01-05 09:33:27.350498,2025-01-05 09:33:37.681607,0 days 00:00:10.331109,1,9,,,,,,,,,,,,,,,,,,,,30,,,,,,,,,,,,,,,,,,,,COMPLETE
486,486,0.7507179976105981,2025-01-05 09:33:37.682084,2025-01-05 09:33:51.514825,0 days 00:00:13.832741,2,8,1.0,,,,,,,,,,,,,,,,,,,45,20.0,,,,,,,,,,,,,,,,,,,COMPLETE
487,487,0.7222274608413223,2025-01-05 09:33:51.515318,2025-01-05 09:34:03.736197,0 days 00:00:12.220879,1,12,,,,,,,,,,,,,,,,,,,,30,,,,,,,,,,,,,,,,,,,,COMPLETE
488,488,0.843645443196005,2025-01-05 09:34:03.736645,2025-01-05 09:34:10.585126,0 days 00:00:06.848481,1,11,,,,,,,,,,,,,,,,,,,,10,,,,,,,,,,,,,,,,,,,,COMPLETE
489,489,0.6443240280003373,2025-01-05 09:34:10.585590,2025-01-05 09:34:18.824551,0 days 00:00:08.238961,1,8,,,,,,,,,,,,,,,,,,,,30,,,,,,,,,,,,,,,,,,,,COMPLETE
490,490,0.7916326653972859,2025-01-05 09:34:18.824984,2025-01-05 09:34:46.417327,0 days 00:00:27.592343,2,10,9.0,,,,,,,,,,,,,,,,,,,45,45.0,,,,,,,,,,,,,,,,,,,COMPLETE
491,491,0.5586708935071034,2025-01-05 09:34:46.418092,2025-01-05 09:34:58.946690,0 days 00:00:12.528598,1,13,,,,,,,,,,,,,,,,,,,,30,,,,,,,,,,,,,,,,,,,,COMPLETE
492,492,0.786251518833536,2025-01-05 09:34:58.947164,2025-01-05 09:35:29.945533,0 days 00:00:30.998369,2,14,12.0,,,,,,,,,,,,,,,,,,,45,35.0,,,,,,,,,,,,,,,,,,,COMPLETE
493,493,0.8567037010142087,2025-01-05 09:35:29.946043,2025-01-05 09:35:42.482335,0 days 00:00:12.536292,1,12,,,,,,,,,,,,,,,,,,,,30,,,,,,,,,,,,,,,,,,,,COMPLETE
494,494,0.8241349538420668,2025-01-05 09:35:42.483087,2025-01-05 09:35:55.119267,0 days 00:00:12.636180,1,12,,,,,,,,,,,,,,,,,,,,30,,,,,,,,,,,,,,,,,,,,COMPLETE
495,495,0.7677995258213451,2025-01-05 09:35:55.119703,2025-01-05 09:36:09.342130,0 days 00:00:14.222427,2,12,4.0,,,,,,,,,,,,,,,,,,,30,10.0,,,,,,,,,,,,,,,,,,,COMPLETE
496,496,0.6099008204271362,2025-01-05 09:36:09.342615,2025-01-05 09:36:21.829083,0 days 00:00:12.486468,1,12,,,,,,,,,,,,,,,,,,,,30,,,,,,,,,,,,,,,,,,,,COMPLETE
497,497,0.5676364272388059,2025-01-05 09:36:21.829526,2025-01-05 09:36:34.160734,0 days 00:00:12.331208,1,12,,,,,,,,,,,,,,,,,,,,30,,,,,,,,,,,,,,,,,,,,COMPLETE
498,498,0.68349150067786,2025-01-05 09:36:34.161215,2025-01-05 09:36:45.478812,0 days 00:00:11.317597,1,12,,,,,,,,,,,,,,,,,,,,25,,,,,,,,,,,,,,,,,,,,COMPLETE
499,499,0.2684706597750076,2025-01-05 09:36:45.479550,2025-01-05 09:37:17.315940,0 days 00:00:31.836390,13,12,6.0,10.0,8.0,14.0,,,,,,,,6.0,9.0,4.0,5.0,4.0,12.0,1.0,12.0,30,60.0,20.0,50.0,50.0,,,,,,,,50.0,40.0,10.0,20.0,15.0,35.0,10.0,40.0,COMPLETE
500,500,0.7549276549276549,2025-01-05 09:37:17.316671,2025-01-05 09:37:35.088194,0 days 00:00:17.771523,2,13,13.0,,,,,,,,,,,,,,,,,,,30,15.0,,,,,,,,,,,,,,,,,,,COMPLETE
501,501,0.6217441646557228,2025-01-05 09:37:35.088689,2025-01-05 09:37:46.113340,0 days 00:00:11.024651,1,11,,,,,,,,,,,,,,,,,,,,30,,,,,,,,,,,,,,,,,,,,COMPLETE
502,502,0.8418600663975436,2025-01-05 09:37:46.113937,2025-01-05 09:37:57.745877,0 days 00:00:11.631940,1,14,,,,,,,,,,,,,,,,,,,,25,,,,,,,,,,,,,,,,,,,,COMPLETE
503,503,0.7696046486369067,2025-01-05 09:37:57.746494,2025-01-05 09:38:18.491455,0 days 00:00:20.744961,2,13,9.0,,,,,,,,,,,,,,,,,,,35,25.0,,,,,,,,,,,,,,,,,,,COMPLETE
504,504,0.7868733700376702,2025-01-05 09:38:18.491940,2025-01-05 09:38:27.420773,0 days 00:00:08.928833,1,9,,,,,,,,,,,,,,,,,,,,30,,,,,,,,,,,,,,,,,,,,COMPLETE
505,505,0.7738815268897398,2025-01-05 09:38:27.421245,2025-01-05 09:38:52.044045,0 days 00:00:24.622800,2,11,15.0,,,,,,,,,,,,,,,,,,,30,40.0,,,,,,,,,,,,,,,,,,,COMPLETE
506,506,0.8507412398921832,2025-01-05 09:38:52.044817,2025-01-05 09:39:06.633780,0 days 00:00:14.588963,1,15,,,,,,,,,,,,,,,,,,,,30,,,,,,,,,,,,,,,,,,,,COMPLETE
507,507,0.6801719209006132,2025-01-05 09:39:06.634281,2025-01-05 09:39:17.844967,0 days 00:00:11.210686,1,14,,,,,,,,,,,,,,,,,,,,25,,,,,,,,,,,,,,,,,,,,COMPLETE
508,508,0.8443124544149248,2025-01-05 09:39:17.845452,2025-01-05 09:39:31.147007,0 days 00:00:13.301555,1,12,,,,,,,,,,,,,,,,,,,,40,,,,,,,,,,,,,,,,,,,,COMPLETE
509,509,0.7914077178783061,2025-01-05 09:39:31.147490,2025-01-05 09:39:43.855460,0 days 00:00:12.707970,2,8,8.0,,,,,,,,,,,,,,,,,,,35,5.0,,,,,,,,,,,,,,,,,,,COMPLETE
510,510,0.7878797989234396,2025-01-05 09:39:43.855953,2025-01-05 09:39:54.461874,0 days 00:00:10.605921,1,9,,,,,,,,,,,,,,,,,,,,30,,,,,,,,,,,,,,,,,,,,COMPLETE
511,511,0.8114521082337318,2025-01-05 09:39:54.462494,2025-01-05 09:40:05.892424,0 days 00:00:11.429930,1,11,,,,,,,,,,,,,,,,,,,,30,,,,,,,,,,,,,,,,,,,,COMPLETE
512,512,0.8520218843570322,2025-01-05 09:40:05.893024,2025-01-05 09:40:25.184903,0 days 00:00:19.291879,1,13,,,,,,,,,,,,,,,,,,,,55,,,,,,,,,,,,,,,,,,,,COMPLETE
513,513,0.7860470921041685,2025-01-05 09:40:25.185355,2025-01-05 09:40:49.349908,0 days 00:00:24.164553,2,13,3.0,,,,,,,,,,,,,,,,,,,55,30.0,,,,,,,,,,,,,,,,,,,COMPLETE
514,514,0.7344728307254622,2025-01-05 09:40:49.350410,2025-01-05 09:41:07.418897,0 days 00:00:18.068487,1,12,,,,,,,,,,,,,,,,,,,,55,,,,,,,,,,,,,,,,,,,,COMPLETE
515,515,0.5974679853775595,2025-01-05 09:41:07.419672,2025-01-05 09:41:27.113104,0 days 00:00:19.693432,1,13,,,,,,,,,,,,,,,,,,,,55,,,,,,,,,,,,,,,,,,,,COMPLETE
516,516,0.7695192307692308,2025-01-05 09:41:27.113572,2025-01-05 09:42:08.567535,0 days 00:00:41.453963,2,13,11.0,,,,,,,,,,,,,,,,,,,55,50.0,,,,,,,,,,,,,,,,,,,COMPLETE
517,517,0.8202059576794405,2025-01-05 09:42:08.568328,2025-01-05 09:42:39.766178,0 days 00:00:31.197850,3,14,2.0,,,,,,,,,,,2.0,,,,,,,,60,45.0,,,,,,,,,,,60.0,,,,,,,,COMPLETE
518,518,0.7198326351990854,2025-01-05 09:42:39.766699,2025-01-05 09:43:01.279722,0 days 00:00:21.513023,1,14,,,,,,,,,,,,,,,,,,,,60,,,,,,,,,,,,,,,,,,,,COMPLETE
519,519,0.7533238552799294,2025-01-05 09:43:01.280189,2025-01-05 09:43:08.058310,0 days 00:00:06.778121,1,12,,,,,,,,,,,,,,,,,,,,5,,,,,,,,,,,,,,,,,,,,COMPLETE
520,520,0.8241203007518797,2025-01-05 09:43:08.058901,2025-01-05 09:43:26.159880,0 days 00:00:18.100979,1,13,,,,,,,,,,,,,,,,,,,,50,,,,,,,,,,,,,,,,,,,,COMPLETE
521,521,0.8024539877300614,2025-01-05 09:43:26.160500,2025-01-05 09:44:08.701467,0 days 00:00:42.540967,2,12,10.0,,,,,,,,,,,,,,,,,,,60,55.0,,,,,,,,,,,,,,,,,,,COMPLETE
522,522,0.8381022620435798,2025-01-05 09:44:08.702114,2025-01-05 09:44:21.626493,0 days 00:00:12.924379,1,14,,,,,,,,,,,,,,,,,,,,30,,,,,,,,,,,,,,,,,,,,COMPLETE
523,523,0.847935147347088,2025-01-05 09:44:21.627112,2025-01-05 09:44:40.427656,0 days 00:00:18.800544,1,14,,,,,,,,,,,,,,,,,,,,50,,,,,,,,,,,,,,,,,,,,COMPLETE
524,524,0.7806162677011386,2025-01-05 09:44:40.428110,2025-01-05 09:45:00.243630,0 days 00:00:19.815520,2,15,7.0,,,,,,,,,,,,,,,,,,,35,20.0,,,,,,,,,,,,,,,,,,,COMPLETE
525,525,0.8276241597101106,2025-01-05 09:45:00.244136,2025-01-05 09:45:18.590735,0 days 00:00:18.346599,1,12,,,,,,,,,,,,,,,,,,,,55,,,,,,,,,,,,,,,,,,,,COMPLETE
526,526,0.8497189299348151,2025-01-05 09:45:18.591531,2025-01-05 09:45:31.376535,0 days 00:00:12.785004,1,14,,,,,,,,,,,,,,,,,,,,30,,,,,,,,,,,,,,,,,,,,COMPLETE
527,527,0.7926677821156349,2025-01-05 09:45:31.377037,2025-01-05 09:45:46.668950,0 days 00:00:15.291913,2,13,4.0,,,,,,,,,,,,,,,,,,,25,35.0,,,,,,,,,,,,,,,,,,,COMPLETE
528,528,0.609432933478735,2025-01-05 09:45:46.669461,2025-01-05 09:45:56.026372,0 days 00:00:09.356911,1,12,,,,,,,,,,,,,,,,,,,,30,,,,,,,,,,,,,,,,,,,,COMPLETE
529,529,0.8493057965984033,2025-01-05 09:45:56.026844,2025-01-05 09:46:09.310444,0 days 00:00:13.283600,1,13,,,,,,,,,,,,,,,,,,,,30,,,,,,,,,,,,,,,,,,,,COMPLETE
530,530,0.7977792363252414,2025-01-05 09:46:09.310974,2025-01-05 09:46:26.147818,0 days 00:00:16.836844,2,9,3.0,,,,,,,,,,,,,,,,,,,35,50.0,,,,,,,,,,,,,,,,,,,COMPLETE
531,531,0.3357063257948214,2025-01-05 09:46:26.148614,2025-01-05 09:47:09.321837,0 days 00:00:43.173223,7,11,14.0,,,,,,,,,,,15.0,4.0,13.0,9.0,6.0,,,,30,10.0,,,,,,,,,,,40.0,10.0,45.0,35.0,50.0,,,,COMPLETE
532,532,0.7642382161062281,2025-01-05 09:47:09.322426,2025-01-05 09:47:16.732529,0 days 00:00:07.410103,1,11,,,,,,,,,,,,,,,,,,,,10,,,,,,,,,,,,,,,,,,,,COMPLETE
533,533,0.5845096457619143,2025-01-05 09:47:16.733022,2025-01-05 09:47:31.629033,0 days 00:00:14.896011,1,14,,,,,,,,,,,,,,,,,,,,35,,,,,,,,,,,,,,,,,,,,COMPLETE
534,534,0.7660830594382442,2025-01-05 09:47:31.629796,2025-01-05 09:47:49.599600,0 days 00:00:17.969804,2,15,10.0,,,,,,,,,,,,,,,,,,,25,25.0,,,,,,,,,,,,,,,,,,,COMPLETE
535,535,0.8240924560408396,2025-01-05 09:47:49.600117,2025-01-05 09:47:59.227503,0 days 00:00:09.627386,1,9,,,,,,,,,,,,,,,,,,,,30,,,,,,,,,,,,,,,,,,,,COMPLETE
536,536,0.769602306860507,2025-01-05 09:47:59.227944,2025-01-05 09:48:15.436622,0 days 00:00:16.208678,2,8,1.0,,,,,,,,,,,,,,,,,,,50,60.0,,,,,,,,,,,,,,,,,,,COMPLETE
537,537,0.7897974244193591,2025-01-05 09:48:15.437131,2025-01-05 09:48:27.014202,0 days 00:00:11.577071,1,12,,,,,,,,,,,,,,,,,,,,30,,,,,,,,,,,,,,,,,,,,COMPLETE
538,538,0.8136215540815276,2025-01-05 09:48:27.014686,2025-01-05 09:48:40.786783,0 days 00:00:13.772097,1,11,,,,,,,,,,,,,,,,,,,,40,,,,,,,,,,,,,,,,,,,,COMPLETE
539,539,0.7994713150660101,2025-01-05 09:48:40.787527,2025-01-05 09:49:05.013151,0 days 00:00:24.225624,2,14,13.0,,,,,,,,,,,,,,,,,,,30,40.0,,,,,,,,,,,,,,,,,,,COMPLETE
540,540,0.8021566977277106,2025-01-05 09:49:05.013644,2025-01-05 09:49:14.357987,0 days 00:00:09.344343,1,9,,,,,,,,,,,,,,,,,,,,30,,,,,,,,,,,,,,,,,,,,COMPLETE
541,541,0.8428137651821862,2025-01-05 09:49:14.358446,2025-01-05 09:49:26.783914,0 days 00:00:12.425468,1,13,,,,,,,,,,,,,,,,,,,,30,,,,,,,,,,,,,,,,,,,,COMPLETE
542,542,0.8442811728146777,2025-01-05 09:49:26.784405,2025-01-05 09:49:34.829994,0 days 00:00:08.045589,2,9,7.0,,,,,,,,,,,,,,,,,,,5,15.0,,,,,,,,,,,,,,,,,,,COMPLETE
543,543,0.7615521975571345,2025-01-05 09:49:34.830505,2025-01-05 09:49:45.098670,0 days 00:00:10.268165,1,11,,,,,,,,,,,,,,,,,,,,25,,,,,,,,,,,,,,,,,,,,COMPLETE
544,544,0.4355108062973232,2025-01-05 09:49:45.099426,2025-01-05 09:50:21.100049,0 days 00:00:36.000623,6,14,11.0,,,,,,,,,,,1.0,2.0,15.0,7.0,,,,,35,30.0,,,,,,,,,,,10.0,35.0,25.0,10.0,,,,,COMPLETE
545,545,0.4938903012478607,2025-01-05 09:50:21.100644,2025-01-05 09:50:39.683371,0 days 00:00:18.582727,3,8,15.0,,,,,,,,,,,9.0,,,,,,,,50,5.0,,,,,,,,,,,15.0,,,,,,,,COMPLETE
546,546,0.816979830680061,2025-01-05 09:50:39.683904,2025-01-05 09:50:52.365647,0 days 00:00:12.681743,1,13,,,,,,,,,,,,,,,,,,,,30,,,,,,,,,,,,,,,,,,,,COMPLETE
547,547,0.8420744259699129,2025-01-05 09:50:52.366395,2025-01-05 09:51:05.491151,0 days 00:00:13.124756,1,11,,,,,,,,,,,,,,,,,,,,40,,,,,,,,,,,,,,,,,,,,COMPLETE
548,548,0.7894694262792422,2025-01-05 09:51:05.491653,2025-01-05 09:51:26.794396,0 days 00:00:21.302743,2,14,8.0,,,,,,,,,,,,,,,,,,,30,45.0,,,,,,,,,,,,,,,,,,,COMPLETE
549,549,0.8271330524288631,2025-01-05 09:51:26.794890,2025-01-05 09:51:38.797004,0 days 00:00:12.002114,1,13,,,,,,,,,,,,,,,,,,,,30,,,,,,,,,,,,,,,,,,,,COMPLETE
550,550,0.8511340651191619,2025-01-05 09:51:38.797461,2025-01-05 09:51:53.166099,0 days 00:00:14.368638,1,15,,,,,,,,,,,,,,,,,,,,30,,,,,,,,,,,,,,,,,,,,COMPLETE
551,551,0.0,2025-01-05 09:51:53.166722,2025-01-05 09:54:06.875785,0 days 00:02:13.709063,15,12,6.0,2.0,12.0,4.0,9.0,12.0,,,,,,3.0,12.0,7.0,13.0,15.0,14.0,12.0,6.0,35,55.0,25.0,10.0,10.0,60.0,10.0,,,,,,25.0,55.0,55.0,15.0,60.0,20.0,55.0,35.0,COMPLETE
552,552,0.7864173330892388,2025-01-05 09:54:06.876896,2025-01-05 09:54:28.709765,0 days 00:00:21.832869,2,14,5.0,,,,,,,,,,,,,,,,,,,40,35.0,,,,,,,,,,,,,,,,,,,COMPLETE
553,553,0.3599989582815434,2025-01-05 09:54:28.710441,2025-01-05 09:55:50.298801,0 days 00:01:21.588360,19,9,2.0,9.0,5.0,8.0,1.0,2.0,6.0,5.0,11.0,7.0,,11.0,8.0,11.0,1.0,11.0,15.0,5.0,15.0,10,40.0,60.0,40.0,35.0,10.0,50.0,45.0,50.0,45.0,25.0,,40.0,25.0,15.0,45.0,55.0,55.0,5.0,5.0,COMPLETE
554,554,0.8336167220978414,2025-01-05 09:55:50.299985,2025-01-05 09:55:58.769783,0 days 00:00:08.469798,1,9,,,,,,,,,,,,,,,,,,,,25,,,,,,,,,,,,,,,,,,,,COMPLETE
555,555,0.6625867953395316,2025-01-05 09:55:58.770255,2025-01-05 09:56:10.449213,0 days 00:00:11.678958,1,11,,,,,,,,,,,,,,,,,,,,30,,,,,,,,,,,,,,,,,,,,COMPLETE
556,556,0.7655387514466278,2025-01-05 09:56:10.449672,2025-01-05 09:56:24.380426,0 days 00:00:13.930754,2,9,11.0,,,,,,,,,,,,,,,,,,,30,10.0,,,,,,,,,,,,,,,,,,,COMPLETE
557,557,0.8527935817099709,2025-01-05 09:56:24.381185,2025-01-05 09:56:39.316125,0 days 00:00:14.934940,1,14,,,,,,,,,,,,,,,,,,,,35,,,,,,,,,,,,,,,,,,,,COMPLETE
558,558,0.8477439513995655,2025-01-05 09:56:39.316626,2025-01-05 09:56:53.629727,0 days 00:00:14.313101,1,14,,,,,,,,,,,,,,,,,,,,35,,,,,,,,,,,,,,,,,,,,COMPLETE
559,559,0.7865976886307255,2025-01-05 09:56:53.630223,2025-01-05 09:57:16.089780,0 days 00:00:22.459557,2,14,14.0,,,,,,,,,,,,,,,,,,,35,20.0,,,,,,,,,,,,,,,,,,,COMPLETE
560,560,0.8407098686997035,2025-01-05 09:57:16.090340,2025-01-05 09:57:31.326392,0 days 00:00:15.236052,1,14,,,,,,,,,,,,,,,,,,,,35,,,,,,,,,,,,,,,,,,,,COMPLETE
561,561,0.744396721412995,2025-01-05 09:57:31.327224,2025-01-05 09:57:45.839094,0 days 00:00:14.511870,1,15,,,,,,,,,,,,,,,,,,,,35,,,,,,,,,,,,,,,,,,,,COMPLETE
562,562,0.8210432045945671,2025-01-05 09:57:45.839584,2025-01-05 09:58:00.195958,0 days 00:00:14.356374,1,14,,,,,,,,,,,,,,,,,,,,35,,,,,,,,,,,,,,,,,,,,COMPLETE
563,563,0.7985148514851486,2025-01-05 09:58:00.196459,2025-01-05 09:58:34.284459,0 days 00:00:34.088000,2,14,12.0,,,,,,,,,,,,,,,,,,,40,55.0,,,,,,,,,,,,,,,,,,,COMPLETE
564,564,0.8069587330944399,2025-01-05 09:58:34.285289,2025-01-05 09:58:48.037838,0 days 00:00:13.752549,1,13,,,,,,,,,,,,,,,,,,,,35,,,,,,,,,,,,,,,,,,,,COMPLETE
565,565,0.850738526104136,2025-01-05 09:58:48.038327,2025-01-05 09:59:07.366246,0 days 00:00:19.327919,1,14,,,,,,,,,,,,,,,,,,,,50,,,,,,,,,,,,,,,,,,,,COMPLETE
566,566,0.2507070988083646,2025-01-05 09:59:07.366716,2025-01-05 09:59:50.074381,0 days 00:00:42.707665,11,14,9.0,12.0,,,,,,,,,,13.0,6.0,14.0,5.0,7.0,6.0,15.0,2.0,55,50.0,10.0,,,,,,,,,,20.0,45.0,30.0,30.0,50.0,40.0,60.0,50.0,COMPLETE
567,567,0.7835540673861701,2025-01-05 09:59:50.075413,2025-01-05 10:00:27.424610,0 days 00:00:37.349197,2,13,13.0,,,,,,,,,,,,,,,,,,,40,60.0,,,,,,,,,,,,,,,,,,,COMPLETE
568,568,0.8159675236806495,2025-01-05 10:00:27.425174,2025-01-05 10:00:42.536919,0 days 00:00:15.111745,1,15,,,,,,,,,,,,,,,,,,,,35,,,,,,,,,,,,,,,,,,,,COMPLETE
569,569,0.8172535124627839,2025-01-05 10:00:42.537725,2025-01-05 10:00:51.417032,0 days 00:00:08.879307,1,14,,,,,,,,,,,,,,,,,,,,15,,,,,,,,,,,,,,,,,,,,COMPLETE
570,570,0.8004542137634216,2025-01-05 10:00:51.417518,2025-01-05 10:01:09.459908,0 days 00:00:18.042390,2,13,4.0,,,,,,,,,,,,,,,,,,,35,30.0,,,,,,,,,,,,,,,,,,,COMPLETE
571,571,0.7524985531282662,2025-01-05 10:01:09.460430,2025-01-05 10:01:24.239598,0 days 00:00:14.779168,1,9,,,,,,,,,,,,,,,,,,,,60,,,,,,,,,,,,,,,,,,,,COMPLETE
572,572,0.8480808375827406,2025-01-05 10:01:24.240066,2025-01-05 10:01:40.394147,0 days 00:00:16.154081,1,14,,,,,,,,,,,,,,,,,,,,40,,,,,,,,,,,,,,,,,,,,COMPLETE
573,573,0.778125,2025-01-05 10:01:40.394801,2025-01-05 10:01:48.583884,0 days 00:00:08.189083,2,2,3.0,,,,,,,,,,,,,,,,,,,35,5.0,,,,,,,,,,,,,,,,,,,COMPLETE
574,574,0.8377050790843894,2025-01-05 10:01:48.584551,2025-01-05 10:02:00.082629,0 days 00:00:11.498078,1,9,,,,,,,,,,,,,,,,,,,,40,,,,,,,,,,,,,,,,,,,,COMPLETE
575,575,0.7515738200745586,2025-01-05 10:02:00.083162,2025-01-05 10:02:07.856524,0 days 00:00:07.773362,1,14,,,,,,,,,,,,,,,,,,,,10,,,,,,,,,,,,,,,,,,,,COMPLETE
576,576,0.7890936739659368,2025-01-05 10:02:07.857032,2025-01-05 10:02:21.715734,0 days 00:00:13.858702,2,12,7.0,,,,,,,,,,,,,,,,,,,25,15.0,,,,,,,,,,,,,,,,,,,COMPLETE
577,577,0.7614399471579025,2025-01-05 10:02:21.716246,2025-01-05 10:02:39.451185,0 days 00:00:17.734939,1,15,,,,,,,,,,,,,,,,,,,,50,,,,,,,,,,,,,,,,,,,,COMPLETE
578,578,0.7983012689316414,2025-01-05 10:02:39.451648,2025-01-05 10:02:52.597081,0 days 00:00:13.145433,1,13,,,,,,,,,,,,,,,,,,,,30,,,,,,,,,,,,,,,,,,,,COMPLETE
579,579,0.7636397882091958,2025-01-05 10:02:52.597859,2025-01-05 10:03:00.926993,0 days 00:00:08.329134,1,8,,,,,,,,,,,,,,,,,,,,35,,,,,,,,,,,,,,,,,,,,COMPLETE
580,580,0.7450624857166913,2025-01-05 10:03:00.927535,2025-01-05 10:03:21.098349,0 days 00:00:20.170814,3,8,5.0,,,,,,,,,,,5.0,,,,,,,,30,35.0,,,,,,,,,,,45.0,,,,,,,,COMPLETE
581,581,0.7001633986928104,2025-01-05 10:03:21.098885,2025-01-05 10:03:39.534174,0 days 00:00:18.435289,1,14,,,,,,,,,,,,,,,,,,,,50,,,,,,,,,,,,,,,,,,,,COMPLETE
582,582,0.77852776052513,2025-01-05 10:03:39.534641,2025-01-05 10:03:54.321394,0 days 00:00:14.786753,2,9,8.0,,,,,,,,,,,,,,,,,,,30,20.0,,,,,,,,,,,,,,,,,,,COMPLETE
583,583,0.8284445189406637,2025-01-05 10:03:54.322048,2025-01-05 10:04:07.269352,0 days 00:00:12.947304,1,13,,,,,,,,,,,,,,,,,,,,30,,,,,,,,,,,,,,,,,,,,COMPLETE
584,584,0.7679900744416874,2025-01-05 10:04:07.270053,2025-01-05 10:04:32.964039,0 days 00:00:25.693986,2,10,14.0,,,,,,,,,,,,,,,,,,,45,25.0,,,,,,,,,,,,,,,,,,,COMPLETE
585,585,0.8231220466025746,2025-01-05 10:04:32.964516,2025-01-05 10:04:51.558714,0 days 00:00:18.594198,1,12,,,,,,,,,,,,,,,,,,,,55,,,,,,,,,,,,,,,,,,,,COMPLETE
586,586,0.7770158154544813,2025-01-05 10:04:51.559222,2025-01-05 10:04:59.223377,0 days 00:00:07.664155,1,10,,,,,,,,,,,,,,,,,,,,25,,,,,,,,,,,,,,,,,,,,COMPLETE
587,587,0.8004803897917914,2025-01-05 10:04:59.223959,2025-01-05 10:05:13.105312,0 days 00:00:13.881353,2,9,1.0,,,,,,,,,,,,,,,,,,,40,10.0,,,,,,,,,,,,,,,,,,,COMPLETE
588,588,0.5829163852028257,2025-01-05 10:05:13.106040,2025-01-05 10:05:27.991893,0 days 00:00:14.885853,1,14,,,,,,,,,,,,,,,,,,,,35,,,,,,,,,,,,,,,,,,,,COMPLETE
589,589,0.8260908432065539,2025-01-05 10:05:27.992391,2025-01-05 10:05:39.889520,0 days 00:00:11.897129,1,12,,,,,,,,,,,,,,,,,,,,30,,,,,,,,,,,,,,,,,,,,COMPLETE
590,590,0.7857887602961109,2025-01-05 10:05:39.889985,2025-01-05 10:06:20.962490,0 days 00:00:41.072505,2,15,15.0,,,,,,,,,,,,,,,,,,,45,45.0,,,,,,,,,,,,,,,,,,,COMPLETE
591,591,0.7932961823172253,2025-01-05 10:06:20.963316,2025-01-05 10:06:29.672637,0 days 00:00:08.709321,1,10,,,,,,,,,,,,,,,,,,,,30,,,,,,,,,,,,,,,,,,,,COMPLETE
592,592,0.80726923999041,2025-01-05 10:06:29.673103,2025-01-05 10:06:37.580499,0 days 00:00:07.907396,1,13,,,,,,,,,,,,,,,,,,,,10,,,,,,,,,,,,,,,,,,,,COMPLETE
593,593,0.7889313161001228,2025-01-05 10:06:37.581034,2025-01-05 10:07:04.661535,0 days 00:00:27.080501,2,14,12.0,,,,,,,,,,,,,,,,,,,35,40.0,,,,,,,,,,,,,,,,,,,COMPLETE
594,594,0.7600865098675318,2025-01-05 10:07:04.662080,2025-01-05 10:07:14.596124,0 days 00:00:09.934044,1,9,,,,,,,,,,,,,,,,,,,,30,,,,,,,,,,,,,,,,,,,,COMPLETE
595,595,0.24225658926864363,2025-01-05 10:07:14.596923,2025-01-05 10:07:39.097814,0 days 00:00:24.500891,10,14,2.0,,,,,,,,,,,7.0,10.0,3.0,11.0,10.0,13.0,7.0,14.0,45,30.0,,,,,,,,,,,5.0,20.0,5.0,5.0,10.0,45.0,30.0,60.0,COMPLETE
596,596,0.8423992373450857,2025-01-05 10:07:39.098507,2025-01-05 10:07:49.845324,0 days 00:00:10.746817,1,9,,,,,,,,,,,,,,,,,,,,30,,,,,,,,,,,,,,,,,,,,COMPLETE
597,597,0.787322977103999,2025-01-05 10:07:49.845846,2025-01-05 10:08:24.150320,0 days 00:00:34.304474,2,13,9.0,,,,,,,,,,,,,,,,,,,45,60.0,,,,,,,,,,,,,,,,,,,COMPLETE
598,598,0.8028973907204136,2025-01-05 10:08:24.151157,2025-01-05 10:08:35.591359,0 days 00:00:11.440202,1,12,,,,,,,,,,,,,,,,,,,,25,,,,,,,,,,,,,,,,,,,,COMPLETE
599,599,0.2396894581859049,2025-01-05 10:08:35.591829,2025-01-05 10:09:02.798353,0 days 00:00:27.206524,9,10,5.0,,,,,,,,,,,10.0,14.0,6.0,15.0,1.0,10.0,10.0,,40,15.0,,,,,,,,,,,50.0,5.0,60.0,25.0,30.0,25.0,45.0,,COMPLETE
600,600,0.7290613162235151,2025-01-05 10:09:02.798985,2025-01-05 10:09:14.669065,0 days 00:00:11.870080,1,8,,,,,,,,,,,,,,,,,,,,50,,,,,,,,,,,,,,,,,,,,COMPLETE
601,601,0.8475544922913344,2025-01-05 10:09:14.669535,2025-01-05 10:09:28.198387,0 days 00:00:13.528852,1,14,,,,,,,,,,,,,,,,,,,,30,,,,,,,,,,,,,,,,,,,,COMPLETE
602,602,0.7739808055122631,2025-01-05 10:09:28.199163,2025-01-05 10:09:52.389228,0 days 00:00:24.190065,2,14,10.0,,,,,,,,,,,,,,,,,,,30,50.0,,,,,,,,,,,,,,,,,,,COMPLETE
603,603,0.8048258759094061,2025-01-05 10:09:52.389720,2025-01-05 10:10:07.740758,0 days 00:00:15.351038,1,9,,,,,,,,,,,,,,,,,,,,55,,,,,,,,,,,,,,,,,,,,COMPLETE
604,604,0.6325868898543318,2025-01-05 10:10:07.741293,2025-01-05 10:10:14.042439,0 days 00:00:06.301146,1,15,,,,,,,,,,,,,,,,,,,,5,,,,,,,,,,,,,,,,,,,,COMPLETE
605,605,0.4807224025974026,2025-01-05 10:10:14.042935,2025-01-05 10:10:26.118957,0 days 00:00:12.076022,1,10,,,,,,,,,,,,,,,,,,,,40,,,,,,,,,,,,,,,,,,,,COMPLETE
606,606,0.7812011623001183,2025-01-05 10:10:26.119598,2025-01-05 10:10:46.261624,0 days 00:00:20.142026,2,13,6.0,,,,,,,,,,,,,,,,,,,30,55.0,,,,,,,,,,,,,,,,,,,COMPLETE
607,607,0.7476469283654912,2025-01-05 10:10:46.262284,2025-01-05 10:10:55.761852,0 days 00:00:09.499568,1,9,,,,,,,,,,,,,,,,,,,,30,,,,,,,,,,,,,,,,,,,,COMPLETE
608,608,0.7049211377378771,2025-01-05 10:10:55.762363,2025-01-05 10:11:12.967710,0 days 00:00:17.205347,1,14,,,,,,,,,,,,,,,,,,,,45,,,,,,,,,,,,,,,,,,,,COMPLETE
609,609,0.7709883448965967,2025-01-05 10:11:12.968183,2025-01-05 10:11:24.941542,0 days 00:00:11.973359,2,9,13.0,,,,,,,,,,,,,,,,,,,15,25.0,,,,,,,,,,,,,,,,,,,COMPLETE
610,610,0.5053904428904429,2025-01-05 10:11:24.942070,2025-01-05 10:11:39.213756,0 days 00:00:14.271686,3,12,4.0,,,,,,,,,,,12.0,,,,,,,,25,5.0,,,,,,,,,,,30.0,,,,,,,,COMPLETE
611,611,0.8591050660666761,2025-01-05 10:11:39.214591,2025-01-05 10:11:49.378115,0 days 00:00:10.163524,1,10,,,,,,,,,,,,,,,,,,,,35,,,,,,,,,,,,,,,,,,,,COMPLETE
612,612,0.806724591476671,2025-01-05 10:11:49.378595,2025-01-05 10:11:59.747952,0 days 00:00:10.369357,1,10,,,,,,,,,,,,,,,,,,,,35,,,,,,,,,,,,,,,,,,,,COMPLETE
613,613,0.7751079078039347,2025-01-05 10:11:59.748426,2025-01-05 10:12:21.147190,0 days 00:00:21.398764,2,10,8.0,,,,,,,,,,,,,,,,,,,35,45.0,,,,,,,,,,,,,,,,,,,COMPLETE
614,614,0.7326595600523962,2025-01-05 10:12:21.147705,2025-01-05 10:12:31.656653,0 days 00:00:10.508948,1,10,,,,,,,,,,,,,,,,,,,,35,,,,,,,,,,,,,,,,,,,,COMPLETE
615,615,0.5727082591158252,2025-01-05 10:12:31.657153,2025-01-05 10:12:42.599693,0 days 00:00:10.942540,1,10,,,,,,,,,,,,,,,,,,,,35,,,,,,,,,,,,,,,,,,,,COMPLETE
616,616,0.7611239717426772,2025-01-05 10:12:42.600174,2025-01-05 10:12:52.457147,0 days 00:00:09.856973,1,10,,,,,,,,,,,,,,,,,,,,35,,,,,,,,,,,,,,,,,,,,COMPLETE
617,617,0.0,2025-01-05 10:12:52.457946,2025-01-05 10:15:06.211250,0 days 00:02:13.753304,17,10,11.0,4.0,14.0,11.0,14.0,6.0,13.0,12.0,,,,4.0,5.0,12.0,4.0,9.0,8.0,4.0,8.0,35,20.0,55.0,25.0,25.0,35.0,15.0,35.0,15.0,,,,35.0,35.0,20.0,50.0,45.0,50.0,40.0,10.0,COMPLETE
618,618,0.8066749072929542,2025-01-05 10:15:06.212358,2025-01-05 10:15:15.093859,0 days 00:00:08.881501,2,10,2.0,,,,,,,,,,,,,,,,,,,10,10.0,,,,,,,,,,,,,,,,,,,COMPLETE
619,619,0.40115440115440115,2025-01-05 10:15:15.094708,2025-01-05 10:15:25.602658,0 days 00:00:10.507950,1,9,,,,,,,,,,,,,,,,,,,,35,,,,,,,,,,,,,,,,,,,,COMPLETE
620,620,0.17098206633090354,2025-01-05 10:15:25.603165,2025-01-05 10:15:55.985603,0 days 00:00:30.382438,13,11,15.0,9.0,10.0,2.0,,,,,,,,8.0,15.0,8.0,6.0,4.0,11.0,14.0,13.0,35,25.0,15.0,10.0,55.0,,,,,,,,55.0,30.0,40.0,10.0,35.0,10.0,25.0,30.0,COMPLETE
621,621,0.7862817574135634,2025-01-05 10:15:55.986360,2025-01-05 10:16:19.472867,0 days 00:00:23.486507,2,10,10.0,,,,,,,,,,,,,,,,,,,40,35.0,,,,,,,,,,,,,,,,,,,COMPLETE
622,622,0.8248189243334874,2025-01-05 10:16:19.473640,2025-01-05 10:16:31.099768,0 days 00:00:11.626128,1,9,,,,,,,,,,,,,,,,,,,,35,,,,,,,,,,,,,,,,,,,,COMPLETE
623,623,0.8122340425531915,2025-01-05 10:16:31.100336,2025-01-05 10:16:42.158591,0 days 00:00:11.058255,1,8,,,,,,,,,,,,,,,,,,,,50,,,,,,,,,,,,,,,,,,,,COMPLETE
624,624,0.12502923976608188,2025-01-05 10:16:42.159122,2025-01-05 10:17:28.997830,0 days 00:00:46.838708,8,11,3.0,,,,,,,,,,,14.0,13.0,10.0,14.0,12.0,4.0,,,35,60.0,,,,,,,,,,,15.0,50.0,10.0,20.0,20.0,15.0,,,COMPLETE
625,625,0.7843355682649663,2025-01-05 10:17:28.998460,2025-01-05 10:17:51.353931,0 days 00:00:22.355471,2,10,6.0,,,,,,,,,,,,,,,,,,,45,40.0,,,,,,,,,,,,,,,,,,,COMPLETE
626,626,0.7228321135506764,2025-01-05 10:17:51.354740,2025-01-05 10:18:03.129917,0 days 00:00:11.775177,1,10,,,,,,,,,,,,,,,,,,,,40,,,,,,,,,,,,,,,,,,,,COMPLETE
627,627,0.8089221123703882,2025-01-05 10:18:03.130420,2025-01-05 10:18:16.076377,0 days 00:00:12.945957,1,9,,,,,,,,,,,,,,,,,,,,45,,,,,,,,,,,,,,,,,,,,COMPLETE
628,628,0.8296250964531836,2025-01-05 10:18:16.076906,2025-01-05 10:18:28.451420,0 days 00:00:12.374514,1,11,,,,,,,,,,,,,,,,,,,,35,,,,,,,,,,,,,,,,,,,,COMPLETE
629,629,0.8269551290398187,2025-01-05 10:18:28.451907,2025-01-05 10:18:40.574489,0 days 00:00:12.122582,1,9,,,,,,,,,,,,,,,,,,,,45,,,,,,,,,,,,,,,,,,,,COMPLETE
630,630,0.3094804229844531,2025-01-05 10:18:40.575191,2025-01-05 10:19:21.554362,0 days 00:00:40.979171,12,11,12.0,14.0,7.0,,,,,,,,,3.0,2.0,1.0,10.0,8.0,15.0,9.0,4.0,35,50.0,5.0,15.0,,,,,,,,,20.0,60.0,50.0,55.0,40.0,5.0,35.0,5.0,COMPLETE
631,631,0.7810209588541137,2025-01-05 10:19:21.555244,2025-01-05 10:19:42.823893,0 days 00:00:21.268649,2,10,9.0,,,,,,,,,,,,,,,,,,,40,30.0,,,,,,,,,,,,,,,,,,,COMPLETE
632,632,0.777956282254863,2025-01-05 10:19:42.824440,2025-01-05 10:19:52.569925,0 days 00:00:09.745485,1,8,,,,,,,,,,,,,,,,,,,,50,,,,,,,,,,,,,,,,,,,,COMPLETE
633,633,0.7688012511372624,2025-01-05 10:19:52.570697,2025-01-05 10:20:13.897453,0 days 00:00:21.326756,5,9,1.0,,,,,,,,,,,1.0,7.0,2.0,,,,,,45,45.0,,,,,,,,,,,25.0,15.0,35.0,,,,,,COMPLETE
634,634,0.6608140957937266,2025-01-05 10:20:13.898066,2025-01-05 10:20:16.764723,0 days 00:00:02.866657,1,1,,,,,,,,,,,,,,,,,,,,35,,,,,,,,,,,,,,,,,,,,COMPLETE
635,635,0.5168854836910031,2025-01-05 10:20:16.765210,2025-01-05 10:20:24.269718,0 days 00:00:07.504508,1,14,,,,,,,,,,,,,,,,,,,,10,,,,,,,,,,,,,,,,,,,,COMPLETE
636,636,0.7999973391910549,2025-01-05 10:20:24.270220,2025-01-05 10:20:45.230845,0 days 00:00:20.960625,2,15,7.0,,,,,,,,,,,,,,,,,,,40,15.0,,,,,,,,,,,,,,,,,,,COMPLETE
637,637,0.5264542426023908,2025-01-05 10:20:45.231374,2025-01-05 10:21:09.681851,0 days 00:00:24.450477,4,11,5.0,,,,,,,,,,,9.0,1.0,,,,,,,55,5.0,,,,,,,,,,,60.0,40.0,,,,,,,COMPLETE
638,638,0.7809467645955075,2025-01-05 10:21:09.682768,2025-01-05 10:21:32.900127,0 days 00:00:23.217359,2,9,4.0,,,,,,,,,,,,,,,,,,,60,40.0,,,,,,,,,,,,,,,,,,,COMPLETE
639,639,0.7967906758035608,2025-01-05 10:21:32.900653,2025-01-05 10:21:43.507727,0 days 00:00:10.607074,1,10,,,,,,,,,,,,,,,,,,,,30,,,,,,,,,,,,,,,,,,,,COMPLETE
640,640,0.839522623991374,2025-01-05 10:21:43.508269,2025-01-05 10:21:56.021254,0 days 00:00:12.512985,1,14,,,,,,,,,,,,,,,,,,,,30,,,,,,,,,,,,,,,,,,,,COMPLETE
641,641,0.8317344568681467,2025-01-05 10:21:56.021729,2025-01-05 10:22:09.628314,0 days 00:00:13.606585,1,10,,,,,,,,,,,,,,,,,,,,45,,,,,,,,,,,,,,,,,,,,COMPLETE
642,642,0.7865779734315794,2025-01-05 10:22:09.628793,2025-01-05 10:22:29.758509,0 days 00:00:20.129716,2,14,14.0,,,,,,,,,,,,,,,,,,,30,20.0,,,,,,,,,,,,,,,,,,,COMPLETE
643,643,0.8544468772807841,2025-01-05 10:22:29.759344,2025-01-05 10:22:43.385996,0 days 00:00:13.626652,1,12,,,,,,,,,,,,,,,,,,,,35,,,,,,,,,,,,,,,,,,,,COMPLETE
644,644,0.7812422622822115,2025-01-05 10:22:43.386505,2025-01-05 10:23:10.309308,0 days 00:00:26.922803,2,12,10.0,,,,,,,,,,,,,,,,,,,35,55.0,,,,,,,,,,,,,,,,,,,COMPLETE
645,645,0.20756122936760116,2025-01-05 10:23:10.309844,2025-01-05 10:23:57.401039,0 days 00:00:47.091195,18,12,13.0,1.0,3.0,13.0,8.0,10.0,9.0,12.0,4.0,,,2.0,11.0,5.0,12.0,11.0,1.0,12.0,7.0,35,15.0,45.0,50.0,15.0,25.0,40.0,20.0,45.0,20.0,,,30.0,20.0,55.0,40.0,5.0,30.0,50.0,45.0,COMPLETE
646,646,0.8176296492623023,2025-01-05 10:23:57.402167,2025-01-05 10:24:10.526163,0 days 00:00:13.123996,1,11,,,,,,,,,,,,,,,,,,,,35,,,,,,,,,,,,,,,,,,,,COMPLETE
647,647,0.7149014577259476,2025-01-05 10:24:10.526655,2025-01-05 10:24:24.303461,0 days 00:00:13.776806,1,12,,,,,,,,,,,,,,,,,,,,35,,,,,,,,,,,,,,,,,,,,COMPLETE
648,648,0.7847015483327215,2025-01-05 10:24:24.303978,2025-01-05 10:24:40.934370,0 days 00:00:16.630392,2,10,15.0,,,,,,,,,,,,,,,,,,,35,10.0,,,,,,,,,,,,,,,,,,,COMPLETE
649,649,0.8311441499676794,2025-01-05 10:24:40.935229,2025-01-05 10:24:52.579629,0 days 00:00:11.644400,1,9,,,,,,,,,,,,,,,,,,,,35,,,,,,,,,,,,,,,,,,,,COMPLETE
650,650,0.5279057217083548,2025-01-05 10:24:52.580144,2025-01-05 10:25:26.235497,0 days 00:00:33.655353,3,12,12.0,,,,,,,,,,,15.0,,,,,,,,35,25.0,,,,,,,,,,,45.0,,,,,,,,COMPLETE
651,651,0.7312792297111417,2025-01-05 10:25:26.236059,2025-01-05 10:25:37.415352,0 days 00:00:11.179293,1,11,,,,,,,,,,,,,,,,,,,,35,,,,,,,,,,,,,,,,,,,,COMPLETE
652,652,0.7745617731333221,2025-01-05 10:25:37.415864,2025-01-05 10:25:47.303656,0 days 00:00:09.887792,1,9,,,,,,,,,,,,,,,,,,,,35,,,,,,,,,,,,,,,,,,,,COMPLETE
653,653,0.4283857729138167,2025-01-05 10:25:47.304445,2025-01-05 10:25:56.343039,0 days 00:00:09.038594,1,10,,,,,,,,,,,,,,,,,,,,30,,,,,,,,,,,,,,,,,,,,COMPLETE
654,654,0.768831330312643,2025-01-05 10:25:56.343516,2025-01-05 10:26:11.997167,0 days 00:00:15.653651,2,10,2.0,,,,,,,,,,,,,,,,,,,40,30.0,,,,,,,,,,,,,,,,,,,COMPLETE
655,655,0.7652062370757691,2025-01-05 10:26:11.997701,2025-01-05 10:26:26.684568,0 days 00:00:14.686867,1,12,,,,,,,,,,,,,,,,,,,,40,,,,,,,,,,,,,,,,,,,,COMPLETE
656,656,0.7933798297137735,2025-01-05 10:26:26.685065,2025-01-05 10:26:43.834876,0 days 00:00:17.149811,2,8,7.0,,,,,,,,,,,,,,,,,,,30,45.0,,,,,,,,,,,,,,,,,,,COMPLETE
657,657,0.8439655148774676,2025-01-05 10:26:43.835391,2025-01-05 10:26:57.252362,0 days 00:00:13.416971,1,11,,,,,,,,,,,,,,,,,,,,35,,,,,,,,,,,,,,,,,,,,COMPLETE
658,658,0.8586236263736264,2025-01-05 10:26:57.253197,2025-01-05 10:27:06.066700,0 days 00:00:08.813503,1,9,,,,,,,,,,,,,,,,,,,,30,,,,,,,,,,,,,,,,,,,,COMPLETE
659,659,0.6458792327531299,2025-01-05 10:27:06.067218,2025-01-05 10:27:12.776860,0 days 00:00:06.709642,1,9,,,,,,,,,,,,,,,,,,,,10,,,,,,,,,,,,,,,,,,,,COMPLETE
660,660,0.7769993164730007,2025-01-05 10:27:12.777378,2025-01-05 10:27:27.239275,0 days 00:00:14.461897,2,9,11.0,,,,,,,,,,,,,,,,,,,25,20.0,,,,,,,,,,,,,,,,,,,COMPLETE
661,661,0.808269482410426,2025-01-05 10:27:27.239802,2025-01-05 10:27:38.683707,0 days 00:00:11.443905,1,9,,,,,,,,,,,,,,,,,,,,35,,,,,,,,,,,,,,,,,,,,COMPLETE
662,662,0.7926190526073202,2025-01-05 10:27:38.684192,2025-01-05 10:28:01.088500,0 days 00:00:22.404308,2,9,9.0,,,,,,,,,,,,,,,,,,,30,60.0,,,,,,,,,,,,,,,,,,,COMPLETE
663,663,0.7664635921498784,2025-01-05 10:28:01.089195,2025-01-05 10:28:11.841365,0 days 00:00:10.752170,1,9,,,,,,,,,,,,,,,,,,,,30,,,,,,,,,,,,,,,,,,,,COMPLETE
664,664,0.8532167004348123,2025-01-05 10:28:11.842030,2025-01-05 10:28:25.436241,0 days 00:00:13.594211,1,9,,,,,,,,,,,,,,,,,,,,45,,,,,,,,,,,,,,,,,,,,COMPLETE
665,665,0.7838833429585017,2025-01-05 10:28:25.436728,2025-01-05 10:28:37.186927,0 days 00:00:11.750199,1,8,,,,,,,,,,,,,,,,,,,,45,,,,,,,,,,,,,,,,,,,,COMPLETE
666,666,0.775506039213315,2025-01-05 10:28:37.187423,2025-01-05 10:28:54.982262,0 days 00:00:17.794839,2,9,3.0,,,,,,,,,,,,,,,,,,,45,35.0,,,,,,,,,,,,,,,,,,,COMPLETE
667,667,0.8309865294912594,2025-01-05 10:28:54.982873,2025-01-05 10:29:07.738552,0 days 00:00:12.755679,1,9,,,,,,,,,,,,,,,,,,,,45,,,,,,,,,,,,,,,,,,,,COMPLETE
668,668,0.5724725306668217,2025-01-05 10:29:07.739255,2025-01-05 10:29:18.628581,0 days 00:00:10.889326,1,8,,,,,,,,,,,,,,,,,,,,45,,,,,,,,,,,,,,,,,,,,COMPLETE
669,669,0.81887488572548,2025-01-05 10:29:18.629266,2025-01-05 10:29:32.452498,0 days 00:00:13.823232,1,9,,,,,,,,,,,,,,,,,,,,45,,,,,,,,,,,,,,,,,,,,COMPLETE
670,670,0.7916914221225702,2025-01-05 10:29:32.452988,2025-01-05 10:29:55.990985,0 days 00:00:23.537997,2,9,6.0,,,,,,,,,,,,,,,,,,,45,50.0,,,,,,,,,,,,,,,,,,,COMPLETE
671,671,0.7662326116957777,2025-01-05 10:29:55.991528,2025-01-05 10:30:08.007635,0 days 00:00:12.016107,1,9,,,,,,,,,,,,,,,,,,,,40,,,,,,,,,,,,,,,,,,,,COMPLETE
672,672,0.8008520286305845,2025-01-05 10:30:08.008136,2025-01-05 10:30:17.160554,0 days 00:00:09.152418,1,8,,,,,,,,,,,,,,,,,,,,45,,,,,,,,,,,,,,,,,,,,COMPLETE
673,673,0.7699023031643227,2025-01-05 10:30:17.161219,2025-01-05 10:30:33.096245,0 days 00:00:15.935026,2,9,1.0,,,,,,,,,,,,,,,,,,,45,40.0,,,,,,,,,,,,,,,,,,,COMPLETE
674,674,0.7493233741077825,2025-01-05 10:30:33.096912,2025-01-05 10:30:46.527828,0 days 00:00:13.430916,1,9,,,,,,,,,,,,,,,,,,,,45,,,,,,,,,,,,,,,,,,,,COMPLETE
675,675,0.8000159283302837,2025-01-05 10:30:46.528356,2025-01-05 10:30:57.756301,0 days 00:00:11.227945,1,9,,,,,,,,,,,,,,,,,,,,40,,,,,,,,,,,,,,,,,,,,COMPLETE
676,676,0.7803223409270698,2025-01-05 10:30:57.756817,2025-01-05 10:31:08.372985,0 days 00:00:10.616168,1,8,,,,,,,,,,,,,,,,,,,,45,,,,,,,,,,,,,,,,,,,,COMPLETE
677,677,0.5226457953946992,2025-01-05 10:31:08.373542,2025-01-05 10:31:25.800667,0 days 00:00:17.427125,3,9,8.0,,,,,,,,,,,6.0,,,,,,,,45,5.0,,,,,,,,,,,35.0,,,,,,,,COMPLETE
678,678,0.7854340765609604,2025-01-05 10:31:25.801416,2025-01-05 10:31:55.430067,0 days 00:00:29.628651,2,9,11.0,,,,,,,,,,,,,,,,,,,40,55.0,,,,,,,,,,,,,,,,,,,COMPLETE
679,679,0.23225846613545817,2025-01-05 10:31:55.430742,2025-01-05 10:32:30.092451,0 days 00:00:34.661709,15,15,13.0,5.0,11.0,6.0,11.0,14.0,,,,,,11.0,8.0,9.0,8.0,14.0,2.0,2.0,1.0,45,30.0,35.0,5.0,40.0,45.0,30.0,,,,,,10.0,45.0,15.0,60.0,25.0,35.0,20.0,40.0,COMPLETE
680,680,0.8562097895443563,2025-01-05 10:32:30.093249,2025-01-05 10:32:40.979984,0 days 00:00:10.886735,1,9,,,,,,,,,,,,,,,,,,,,35,,,,,,,,,,,,,,,,,,,,COMPLETE
681,681,0.8192232694182645,2025-01-05 10:32:40.980823,2025-01-05 10:32:52.831711,0 days 00:00:11.850888,1,9,,,,,,,,,,,,,,,,,,,,35,,,,,,,,,,,,,,,,,,,,COMPLETE
682,682,0.8183389261546226,2025-01-05 10:32:52.832247,2025-01-05 10:33:04.402378,0 days 00:00:11.570131,1,9,,,,,,,,,,,,,,,,,,,,35,,,,,,,,,,,,,,,,,,,,COMPLETE
683,683,0.7766242834855858,2025-01-05 10:33:04.402871,2025-01-05 10:33:20.388025,0 days 00:00:15.985154,2,9,4.0,,,,,,,,,,,,,,,,,,,35,35.0,,,,,,,,,,,,,,,,,,,COMPLETE
684,684,0.8271240210171508,2025-01-05 10:33:20.388575,2025-01-05 10:33:29.555307,0 days 00:00:09.166732,1,8,,,,,,,,,,,,,,,,,,,,35,,,,,,,,,,,,,,,,,,,,COMPLETE
685,685,0.8121188207293057,2025-01-05 10:33:29.555821,2025-01-05 10:33:43.567520,0 days 00:00:14.011699,1,14,,,,,,,,,,,,,,,,,,,,35,,,,,,,,,,,,,,,,,,,,COMPLETE
686,686,0.782641171866264,2025-01-05 10:33:43.568052,2025-01-05 10:34:09.539696,0 days 00:00:25.971644,2,15,8.0,,,,,,,,,,,,,,,,,,,35,50.0,,,,,,,,,,,,,,,,,,,COMPLETE
687,687,0.8520423910352983,2025-01-05 10:34:09.540543,2025-01-05 10:34:20.347200,0 days 00:00:10.806657,1,9,,,,,,,,,,,,,,,,,,,,35,,,,,,,,,,,,,,,,,,,,COMPLETE
688,688,0.6128106128106128,2025-01-05 10:34:20.347689,2025-01-05 10:34:34.720793,0 days 00:00:14.373104,1,14,,,,,,,,,,,,,,,,,,,,35,,,,,,,,,,,,,,,,,,,,COMPLETE
689,689,0.7587269756387403,2025-01-05 10:34:34.721296,2025-01-05 10:35:11.048823,0 days 00:00:36.327527,2,8,15.0,,,,,,,,,,,,,,,,,,,40,60.0,,,,,,,,,,,,,,,,,,,COMPLETE
690,690,0.8457318328043932,2025-01-05 10:35:11.049693,2025-01-05 10:35:19.833375,0 days 00:00:08.783682,1,10,,,,,,,,,,,,,,,,,,,,35,,,,,,,,,,,,,,,,,,,,COMPLETE
691,691,0.8516567054629338,2025-01-05 10:35:19.833899,2025-01-05 10:35:31.376920,0 days 00:00:11.543021,1,9,,,,,,,,,,,,,,,,,,,,35,,,,,,,,,,,,,,,,,,,,COMPLETE
692,692,0.796515129894027,2025-01-05 10:35:31.377422,2025-01-05 10:35:47.544681,0 days 00:00:16.167259,2,10,5.0,,,,,,,,,,,,,,,,,,,40,15.0,,,,,,,,,,,,,,,,,,,COMPLETE
693,693,0.8349444958371878,2025-01-05 10:35:47.545231,2025-01-05 10:36:01.888098,0 days 00:00:14.342867,1,14,,,,,,,,,,,,,,,,,,,,35,,,,,,,,,,,,,,,,,,,,COMPLETE
694,694,0.8245921821120004,2025-01-05 10:36:01.888789,2025-01-05 10:36:12.822938,0 days 00:00:10.934149,1,9,,,,,,,,,,,,,,,,,,,,35,,,,,,,,,,,,,,,,,,,,COMPLETE
695,695,0.7866875927683286,2025-01-05 10:36:12.823602,2025-01-05 10:36:35.404946,0 days 00:00:22.581344,2,9,14.0,,,,,,,,,,,,,,,,,,,40,25.0,,,,,,,,,,,,,,,,,,,COMPLETE
696,696,0.754493048491014,2025-01-05 10:36:35.405495,2025-01-05 10:36:41.325462,0 days 00:00:05.919967,1,11,,,,,,,,,,,,,,,,,,,,5,,,,,,,,,,,,,,,,,,,,COMPLETE
697,697,0.4020172910662824,2025-01-05 10:36:41.326001,2025-01-05 10:36:48.026611,0 days 00:00:06.700610,1,10,,,,,,,,,,,,,,,,,,,,10,,,,,,,,,,,,,,,,,,,,COMPLETE
698,698,0.7121566765578635,2025-01-05 10:36:48.027130,2025-01-05 10:37:01.933353,0 days 00:00:13.906223,1,14,,,,,,,,,,,,,,,,,,,,35,,,,,,,,,,,,,,,,,,,,COMPLETE
699,699,0.7958870889514016,2025-01-05 10:37:01.933899,2025-01-05 10:37:13.732992,0 days 00:00:11.799093,2,10,3.0,,,,,,,,,,,,,,,,,,,25,10.0,,,,,,,,,,,,,,,,,,,COMPLETE
700,700,0.7695345203301669,2025-01-05 10:37:13.733688,2025-01-05 10:37:32.171505,0 days 00:00:18.437817,2,14,10.0,,,,,,,,,,,,,,,,,,,30,20.0,,,,,,,,,,,,,,,,,,,COMPLETE
701,701,0.6999556189950702,2025-01-05 10:37:32.172218,2025-01-05 10:37:45.355289,0 days 00:00:13.183071,1,15,,,,,,,,,,,,,,,,,,,,35,,,,,,,,,,,,,,,,,,,,COMPLETE
702,702,0.712518001970742,2025-01-05 10:37:45.355836,2025-01-05 10:37:53.086813,0 days 00:00:07.730977,1,8,,,,,,,,,,,,,,,,,,,,30,,,,,,,,,,,,,,,,,,,,COMPLETE
703,703,0.6221079482680184,2025-01-05 10:37:53.087311,2025-01-05 10:38:00.653771,0 days 00:00:07.566460,1,9,,,,,,,,,,,,,,,,,,,,15,,,,,,,,,,,,,,,,,,,,COMPLETE
704,704,0.791431665119821,2025-01-05 10:38:00.654313,2025-01-05 10:38:22.957544,0 days 00:00:22.303231,2,10,7.0,,,,,,,,,,,,,,,,,,,35,55.0,,,,,,,,,,,,,,,,,,,COMPLETE
705,705,0.8179276503480544,2025-01-05 10:38:22.958201,2025-01-05 10:38:32.802169,0 days 00:00:09.843968,1,9,,,,,,,,,,,,,,,,,,,,30,,,,,,,,,,,,,,,,,,,,COMPLETE
706,706,0.7766535523766075,2025-01-05 10:38:32.802871,2025-01-05 10:38:45.116329,0 days 00:00:12.313458,2,7,2.0,,,,,,,,,,,,,,,,,,,30,45.0,,,,,,,,,,,,,,,,,,,COMPLETE
707,707,0.7715789985189692,2025-01-05 10:38:45.116860,2025-01-05 10:38:55.292328,0 days 00:00:10.175468,1,11,,,,,,,,,,,,,,,,,,,,25,,,,,,,,,,,,,,,,,,,,COMPLETE
708,708,0.8163402710693481,2025-01-05 10:38:55.292822,2025-01-05 10:39:02.707712,0 days 00:00:07.414890,1,14,,,,,,,,,,,,,,,,,,,,10,,,,,,,,,,,,,,,,,,,,COMPLETE
709,709,0.8045992356221441,2025-01-05 10:39:02.708283,2025-01-05 10:39:14.666720,0 days 00:00:11.958437,1,9,,,,,,,,,,,,,,,,,,,,50,,,,,,,,,,,,,,,,,,,,COMPLETE
710,710,0.5228737942566432,2025-01-05 10:39:14.667242,2025-01-05 10:39:32.194629,0 days 00:00:17.527387,3,10,6.0,,,,,,,,,,,13.0,,,,,,,,40,5.0,,,,,,,,,,,40.0,,,,,,,,COMPLETE
711,711,0.7792608709038475,2025-01-05 10:39:32.195357,2025-01-05 10:39:45.516291,0 days 00:00:13.320934,1,11,,,,,,,,,,,,,,,,,,,,35,,,,,,,,,,,,,,,,,,,,COMPLETE
712,712,0.7775926194271361,2025-01-05 10:39:45.516998,2025-01-05 10:40:05.815710,0 days 00:00:20.298712,2,10,12.0,,,,,,,,,,,,,,,,,,,30,35.0,,,,,,,,,,,,,,,,,,,COMPLETE
713,713,0.6561015899236011,2025-01-05 10:40:05.816273,2025-01-05 10:40:20.403124,0 days 00:00:14.586851,1,14,,,,,,,,,,,,,,,,,,,,35,,,,,,,,,,,,,,,,,,,,COMPLETE
714,714,0.3926640926640927,2025-01-05 10:40:20.403623,2025-01-05 10:40:28.789178,0 days 00:00:08.385555,1,8,,,,,,,,,,,,,,,,,,,,30,,,,,,,,,,,,,,,,,,,,COMPLETE
715,715,0.7735364904084377,2025-01-05 10:40:28.789699,2025-01-05 10:40:42.079177,0 days 00:00:13.289478,2,11,1.0,,,,,,,,,,,,,,,,,,,30,10.0,,,,,,,,,,,,,,,,,,,COMPLETE
716,716,0.8598716884174904,2025-01-05 10:40:42.079840,2025-01-05 10:40:56.546602,0 days 00:00:14.466762,1,9,,,,,,,,,,,,,,,,,,,,50,,,,,,,,,,,,,,,,,,,,COMPLETE
717,717,0.8309368191721133,2025-01-05 10:40:56.547269,2025-01-05 10:41:10.957298,0 days 00:00:14.410029,1,9,,,,,,,,,,,,,,,,,,,,50,,,,,,,,,,,,,,,,,,,,COMPLETE
718,718,0.8336236841827416,2025-01-05 10:41:10.957822,2025-01-05 10:41:20.360913,0 days 00:00:09.403091,1,9,,,,,,,,,,,,,,,,,,,,25,,,,,,,,,,,,,,,,,,,,COMPLETE
719,719,0.7744013460325091,2025-01-05 10:41:20.361448,2025-01-05 10:41:43.106067,0 days 00:00:22.744619,2,9,14.0,,,,,,,,,,,,,,,,,,,30,40.0,,,,,,,,,,,,,,,,,,,COMPLETE
720,720,0.6485322038849131,2025-01-05 10:41:43.106626,2025-01-05 10:41:52.783299,0 days 00:00:09.676673,1,8,,,,,,,,,,,,,,,,,,,,50,,,,,,,,,,,,,,,,,,,,COMPLETE
721,721,0.8003576300134111,2025-01-05 10:41:52.783975,2025-01-05 10:42:06.523125,0 days 00:00:13.739150,1,9,,,,,,,,,,,,,,,,,,,,50,,,,,,,,,,,,,,,,,,,,COMPLETE
722,722,0.7776163477439169,2025-01-05 10:42:06.523865,2025-01-05 10:42:22.600480,0 days 00:00:16.076615,2,9,9.0,,,,,,,,,,,,,,,,,,,30,25.0,,,,,,,,,,,,,,,,,,,COMPLETE
723,723,0.7943635478445605,2025-01-05 10:42:22.601033,2025-01-05 10:42:36.245265,0 days 00:00:13.644232,1,9,,,,,,,,,,,,,,,,,,,,50,,,,,,,,,,,,,,,,,,,,COMPLETE
724,724,0.7997584829149025,2025-01-05 10:42:36.245760,2025-01-05 10:42:54.517543,0 days 00:00:18.271783,2,8,8.0,,,,,,,,,,,,,,,,,,,50,15.0,,,,,,,,,,,,,,,,,,,COMPLETE
725,725,0.8219433436078085,2025-01-05 10:42:54.518067,2025-01-05 10:43:06.413565,0 days 00:00:11.895498,1,9,,,,,,,,,,,,,,,,,,,,50,,,,,,,,,,,,,,,,,,,,COMPLETE
726,726,0.2613902869640834,2025-01-05 10:43:06.414428,2025-01-05 10:43:27.384927,0 days 00:00:20.970499,14,10,11.0,2.0,15.0,5.0,6.0,,,,,,,10.0,3.0,3.0,2.0,15.0,5.0,7.0,10.0,50,30.0,40.0,55.0,20.0,55.0,,,,,,,55.0,5.0,45.0,15.0,35.0,45.0,15.0,20.0,COMPLETE
727,727,0.79642000428143,2025-01-05 10:43:27.385704,2025-01-05 10:43:40.137291,0 days 00:00:12.751587,1,9,,,,,,,,,,,,,,,,,,,,50,,,,,,,,,,,,,,,,,,,,COMPLETE
728,728,0.7610962014863749,2025-01-05 10:43:40.137787,2025-01-05 10:43:49.786783,0 days 00:00:09.648996,1,10,,,,,,,,,,,,,,,,,,,,40,,,,,,,,,,,,,,,,,,,,COMPLETE
729,729,0.7795253744408424,2025-01-05 10:43:49.787287,2025-01-05 10:44:09.774668,0 days 00:00:19.987381,2,9,4.0,,,,,,,,,,,,,,,,,,,50,35.0,,,,,,,,,,,,,,,,,,,COMPLETE
730,730,0.32323480444335273,2025-01-05 10:44:09.775265,2025-01-05 10:45:32.350490,0 days 00:01:22.575225,7,9,12.0,,,,,,,,,,,12.0,4.0,7.0,13.0,3.0,,,,50,60.0,,,,,,,,,,,50.0,50.0,25.0,30.0,10.0,,,,COMPLETE
731,731,0.4086184119037686,2025-01-05 10:45:32.351522,2025-01-05 10:45:42.316843,0 days 00:00:09.965321,1,8,,,,,,,,,,,,,,,,,,,,50,,,,,,,,,,,,,,,,,,,,COMPLETE
732,732,0.8410736447722749,2025-01-05 10:45:42.317358,2025-01-05 10:45:53.579478,0 days 00:00:11.262120,1,10,,,,,,,,,,,,,,,,,,,,30,,,,,,,,,,,,,,,,,,,,COMPLETE
733,733,0.7642843941914119,2025-01-05 10:45:53.580002,2025-01-05 10:46:10.467606,0 days 00:00:16.887604,2,9,13.0,,,,,,,,,,,,,,,,,,,45,5.0,,,,,,,,,,,,,,,,,,,COMPLETE
734,734,0.8464260172394324,2025-01-05 10:46:10.468129,2025-01-05 10:46:22.070074,0 days 00:00:11.601945,1,11,,,,,,,,,,,,,,,,,,,,30,,,,,,,,,,,,,,,,,,,,COMPLETE
735,735,0.8001126126126126,2025-01-05 10:46:22.070626,2025-01-05 10:46:27.672960,0 days 00:00:05.602334,1,10,,,,,,,,,,,,,,,,,,,,5,,,,,,,,,,,,,,,,,,,,COMPLETE
736,736,0.7870177267987487,2025-01-05 10:46:27.673464,2025-01-05 10:46:37.611852,0 days 00:00:09.938388,2,9,5.0,,,,,,,,,,,,,,,,,,,15,20.0,,,,,,,,,,,,,,,,,,,COMPLETE
737,737,0.6743055555555555,2025-01-05 10:46:37.612659,2025-01-05 10:46:46.108604,0 days 00:00:08.495945,1,10,,,,,,,,,,,,,,,,,,,,25,,,,,,,,,,,,,,,,,,,,COMPLETE
738,738,0.7737141873024074,2025-01-05 10:46:46.109232,2025-01-05 10:46:58.226473,0 days 00:00:12.117241,1,9,,,,,,,,,,,,,,,,,,,,45,,,,,,,,,,,,,,,,,,,,COMPLETE
739,739,0.23152863396765835,2025-01-05 10:46:58.226998,2025-01-05 10:47:42.936918,0 days 00:00:44.709920,6,8,10.0,,,,,,,,,,,5.0,12.0,12.0,9.0,,,,,50,55.0,,,,,,,,,,,5.0,10.0,30.0,45.0,,,,,COMPLETE
740,740,0.8177443807263858,2025-01-05 10:47:42.937596,2025-01-05 10:47:54.188679,0 days 00:00:11.251083,1,11,,,,,,,,,,,,,,,,,,,,30,,,,,,,,,,,,,,,,,,,,COMPLETE
741,741,0.7588247632746015,2025-01-05 10:47:54.189466,2025-01-05 10:48:07.412857,0 days 00:00:13.223391,2,9,2.0,,,,,,,,,,,,,,,,,,,30,40.0,,,,,,,,,,,,,,,,,,,COMPLETE
742,742,0.8476157135355455,2025-01-05 10:48:07.413492,2025-01-05 10:48:21.746545,0 days 00:00:14.333053,1,10,,,,,,,,,,,,,,,,,,,,45,,,,,,,,,,,,,,,,,,,,COMPLETE
743,743,0.7071967945754354,2025-01-05 10:48:21.747054,2025-01-05 10:48:34.998349,0 days 00:00:13.251295,1,9,,,,,,,,,,,,,,,,,,,,50,,,,,,,,,,,,,,,,,,,,COMPLETE
744,744,0.24303016148405177,2025-01-05 10:48:34.998914,2025-01-05 10:49:02.573598,0 days 00:00:27.574684,10,10,6.0,,,,,,,,,,,14.0,9.0,15.0,10.0,13.0,9.0,3.0,11.0,30,50.0,,,,,,,,,,,60.0,55.0,35.0,40.0,55.0,25.0,25.0,35.0,COMPLETE
745,745,0.6045970008767858,2025-01-05 10:49:02.574303,2025-01-05 10:49:28.592143,0 days 00:00:26.017840,3,8,7.0,,,,,,,,,,,8.0,,,,,,,,40,45.0,,,,,,,,,,,20.0,,,,,,,,COMPLETE
746,746,0.3794850449723922,2025-01-05 10:49:28.593059,2025-01-05 10:49:59.115980,0 days 00:00:30.522921,16,11,3.0,11.0,6.0,10.0,3.0,7.0,3.0,,,,,7.0,13.0,11.0,7.0,6.0,7.0,13.0,9.0,10,30.0,30.0,45.0,25.0,10.0,55.0,50.0,,,,,10.0,30.0,60.0,15.0,20.0,60.0,45.0,25.0,COMPLETE
747,747,0.845175496900679,2025-01-05 10:49:59.116829,2025-01-05 10:50:08.542720,0 days 00:00:09.425891,1,9,,,,,,,,,,,,,,,,,,,,30,,,,,,,,,,,,,,,,,,,,COMPLETE
748,748,0.7824648469809761,2025-01-05 10:50:08.543277,2025-01-05 10:50:23.455553,0 days 00:00:14.912276,2,9,15.0,,,,,,,,,,,,,,,,,,,30,10.0,,,,,,,,,,,,,,,,,,,COMPLETE
749,749,0.7973972963746025,2025-01-05 10:50:23.456430,2025-01-05 10:50:49.349470,0 days 00:00:25.893040,2,10,9.0,,,,,,,,,,,,,,,,,,,40,50.0,,,,,,,,,,,,,,,,,,,COMPLETE
750,750,0.8206212829459916,2025-01-05 10:50:49.350039,2025-01-05 10:51:04.390789,0 days 00:00:15.040750,1,11,,,,,,,,,,,,,,,,,,,,45,,,,,,,,,,,,,,,,,,,,COMPLETE
751,751,0.48155740328238217,2025-01-05 10:51:04.391340,2025-01-05 10:51:28.769829,0 days 00:00:24.378489,4,8,8.0,,,,,,,,,,,3.0,11.0,,,,,,,30,25.0,,,,,,,,,,,35.0,25.0,,,,,,,COMPLETE
752,752,0.8438913321903652,2025-01-05 10:51:28.770471,2025-01-05 10:51:35.807543,0 days 00:00:07.037072,1,10,,,,,,,,,,,,,,,,,,,,25,,,,,,,,,,,,,,,,,,,,COMPLETE
753,753,0.7696819639067416,2025-01-05 10:51:35.808353,2025-01-05 10:51:47.849884,0 days 00:00:12.041531,2,9,12.0,,,,,,,,,,,,,,,,,,,20,15.0,,,,,,,,,,,,,,,,,,,COMPLETE
754,754,0.6380069218778897,2025-01-05 10:51:47.850450,2025-01-05 10:51:58.462883,0 days 00:00:10.612433,1,9,,,,,,,,,,,,,,,,,,,,40,,,,,,,,,,,,,,,,,,,,COMPLETE
755,755,0.6216188313029114,2025-01-05 10:51:58.463392,2025-01-05 10:52:14.703537,0 days 00:00:16.240145,1,12,,,,,,,,,,,,,,,,,,,,45,,,,,,,,,,,,,,,,,,,,COMPLETE
756,756,0.8568713199942042,2025-01-05 10:52:14.704085,2025-01-05 10:52:26.740602,0 days 00:00:12.036517,1,11,,,,,,,,,,,,,,,,,,,,30,,,,,,,,,,,,,,,,,,,,COMPLETE
757,757,0.7958694977298891,2025-01-05 10:52:26.741147,2025-01-05 10:52:36.913905,0 days 00:00:10.172758,2,12,4.0,,,,,,,,,,,,,,,,,,,10,45.0,,,,,,,,,,,,,,,,,,,COMPLETE
758,758,0.7753546966731898,2025-01-05 10:52:36.914472,2025-01-05 10:52:46.680153,0 days 00:00:09.765681,1,9,,,,,,,,,,,,,,,,,,,,30,,,,,,,,,,,,,,,,,,,,COMPLETE
759,759,0.7452075240373404,2025-01-05 10:52:46.680879,2025-01-05 10:53:02.307892,0 days 00:00:15.627013,1,11,,,,,,,,,,,,,,,,,,,,45,,,,,,,,,,,,,,,,,,,,COMPLETE
760,760,0.7263671576726041,2025-01-05 10:53:02.308592,2025-01-05 10:53:11.771121,0 days 00:00:09.462529,1,10,,,,,,,,,,,,,,,,,,,,25,,,,,,,,,,,,,,,,,,,,COMPLETE
761,761,0.7759010139920409,2025-01-05 10:53:11.771636,2025-01-05 10:53:27.589466,0 days 00:00:15.817830,2,15,1.0,,,,,,,,,,,,,,,,,,,30,20.0,,,,,,,,,,,,,,,,,,,COMPLETE
762,762,0.7853782642089093,2025-01-05 10:53:27.590021,2025-01-05 10:53:41.135865,0 days 00:00:13.545844,1,9,,,,,,,,,,,,,,,,,,,,50,,,,,,,,,,,,,,,,,,,,COMPLETE
763,763,0.8277488894679139,2025-01-05 10:53:41.136428,2025-01-05 10:53:47.870485,0 days 00:00:06.734057,1,10,,,,,,,,,,,,,,,,,,,,30,,,,,,,,,,,,,,,,,,,,COMPLETE
764,764,0.5024475046026771,2025-01-05 10:53:47.871033,2025-01-05 10:54:01.419881,0 days 00:00:13.548848,1,11,,,,,,,,,,,,,,,,,,,,45,,,,,,,,,,,,,,,,,,,,COMPLETE
765,765,0.7780012376237624,2025-01-05 10:54:01.420648,2025-01-05 10:54:21.038856,0 days 00:00:19.618208,2,9,7.0,,,,,,,,,,,,,,,,,,,30,60.0,,,,,,,,,,,,,,,,,,,COMPLETE
766,766,0.8115100394783976,2025-01-05 10:54:21.039564,2025-01-05 10:54:32.021180,0 days 00:00:10.981616,1,10,,,,,,,,,,,,,,,,,,,,40,,,,,,,,,,,,,,,,,,,,COMPLETE
767,767,0.6872019077901431,2025-01-05 10:54:32.021715,2025-01-05 10:54:37.791201,0 days 00:00:05.769486,1,4,,,,,,,,,,,,,,,,,,,,20,,,,,,,,,,,,,,,,,,,,COMPLETE
768,768,0.7882874547567411,2025-01-05 10:54:37.791700,2025-01-05 10:54:47.605103,0 days 00:00:09.813403,2,8,14.0,,,,,,,,,,,,,,,,,,,15,10.0,,,,,,,,,,,,,,,,,,,COMPLETE
769,769,0.746396336899573,2025-01-05 10:54:47.605666,2025-01-05 10:54:59.749506,0 days 00:00:12.143840,1,9,,,,,,,,,,,,,,,,,,,,45,,,,,,,,,,,,,,,,,,,,COMPLETE
770,770,0.7784778506442108,2025-01-05 10:54:59.750057,2025-01-05 10:55:18.336944,0 days 00:00:18.586887,2,5,11.0,,,,,,,,,,,,,,,,,,,35,35.0,,,,,,,,,,,,,,,,,,,COMPLETE
771,771,0.254533695766362,2025-01-05 10:55:18.337804,2025-01-05 10:56:14.794000,0 days 00:00:56.456196,9,10,5.0,,,,,,,,,,,4.0,6.0,4.0,3.0,8.0,13.0,4.0,,50,15.0,,,,,,,,,,,45.0,60.0,45.0,25.0,15.0,55.0,30.0,,COMPLETE
772,772,0.8253750359707109,2025-01-05 10:56:14.794774,2025-01-05 10:56:26.614520,0 days 00:00:11.819746,1,12,,,,,,,,,,,,,,,,,,,,30,,,,,,,,,,,,,,,,,,,,COMPLETE
773,773,0.8412320732704228,2025-01-05 10:56:26.615044,2025-01-05 10:56:35.652701,0 days 00:00:09.037657,1,9,,,,,,,,,,,,,,,,,,,,30,,,,,,,,,,,,,,,,,,,,COMPLETE
774,774,0.8613212134971922,2025-01-05 10:56:35.653559,2025-01-05 10:56:48.222628,0 days 00:00:12.569069,1,8,,,,,,,,,,,,,,,,,,,,45,,,,,,,,,,,,,,,,,,,,COMPLETE
775,775,0.8483593160673875,2025-01-05 10:56:48.223182,2025-01-05 10:56:56.563768,0 days 00:00:08.340586,1,8,,,,,,,,,,,,,,,,,,,,40,,,,,,,,,,,,,,,,,,,,COMPLETE
776,776,0.7838363775448579,2025-01-05 10:56:56.564303,2025-01-05 10:57:08.792641,0 days 00:00:12.228338,2,7,3.0,,,,,,,,,,,,,,,,,,,30,30.0,,,,,,,,,,,,,,,,,,,COMPLETE
777,777,0.8414240896137465,2025-01-05 10:57:08.793207,2025-01-05 10:57:19.319780,0 days 00:00:10.526573,1,7,,,,,,,,,,,,,,,,,,,,35,,,,,,,,,,,,,,,,,,,,COMPLETE
778,778,0.8084555716527828,2025-01-05 10:57:19.320355,2025-01-05 10:57:28.639865,0 days 00:00:09.319510,1,8,,,,,,,,,,,,,,,,,,,,35,,,,,,,,,,,,,,,,,,,,COMPLETE
779,779,0.7743402996875404,2025-01-05 10:57:28.640382,2025-01-05 10:57:52.021147,0 days 00:00:23.380765,2,8,13.0,,,,,,,,,,,,,,,,,,,30,50.0,,,,,,,,,,,,,,,,,,,COMPLETE
780,780,0.8131100018287356,2025-01-05 10:57:52.022057,2025-01-05 10:58:02.953360,0 days 00:00:10.931303,1,8,,,,,,,,,,,,,,,,,,,,50,,,,,,,,,,,,,,,,,,,,COMPLETE
781,781,0.7183524504692388,2025-01-05 10:58:02.953910,2025-01-05 10:58:14.838364,0 days 00:00:11.884454,1,13,,,,,,,,,,,,,,,,,,,,25,,,,,,,,,,,,,,,,,,,,COMPLETE
782,782,0.7714404317144044,2025-01-05 10:58:14.838898,2025-01-05 10:58:33.628937,0 days 00:00:18.790039,2,8,10.0,,,,,,,,,,,,,,,,,,,30,40.0,,,,,,,,,,,,,,,,,,,COMPLETE
783,783,0.7991587942421376,2025-01-05 10:58:33.629515,2025-01-05 10:58:50.547857,0 days 00:00:16.918342,2,8,4.0,,,,,,,,,,,,,,,,,,,40,45.0,,,,,,,,,,,,,,,,,,,COMPLETE
784,784,0.8516781695871009,2025-01-05 10:58:50.548490,2025-01-05 10:59:02.834494,0 days 00:00:12.286004,1,7,,,,,,,,,,,,,,,,,,,,45,,,,,,,,,,,,,,,,,,,,COMPLETE
785,785,0.6731688138873768,2025-01-05 10:59:02.835410,2025-01-05 10:59:09.422215,0 days 00:00:06.586805,1,8,,,,,,,,,,,,,,,,,,,,35,,,,,,,,,,,,,,,,,,,,COMPLETE
786,786,0.8172320722229978,2025-01-05 10:59:09.422739,2025-01-05 10:59:28.700572,0 days 00:00:19.277833,1,14,,,,,,,,,,,,,,,,,,,,50,,,,,,,,,,,,,,,,,,,,COMPLETE
787,787,0.813945251126915,2025-01-05 10:59:28.701116,2025-01-05 10:59:42.763173,0 days 00:00:14.062057,1,11,,,,,,,,,,,,,,,,,,,,45,,,,,,,,,,,,,,,,,,,,COMPLETE
788,788,0.7647745818342868,2025-01-05 10:59:42.763714,2025-01-05 10:59:58.401532,0 days 00:00:15.637818,2,15,2.0,,,,,,,,,,,,,,,,,,,30,5.0,,,,,,,,,,,,,,,,,,,COMPLETE
789,789,0.8371296021035795,2025-01-05 10:59:58.402121,2025-01-05 11:00:06.107577,0 days 00:00:07.705456,1,12,,,,,,,,,,,,,,,,,,,,10,,,,,,,,,,,,,,,,,,,,COMPLETE
790,790,0.28956222264494863,2025-01-05 11:00:06.108146,2025-01-05 11:00:38.415809,0 days 00:00:32.307663,17,13,6.0,7.0,1.0,14.0,10.0,3.0,7.0,7.0,,,,7.0,7.0,6.0,1.0,5.0,3.0,8.0,6.0,35,25.0,60.0,30.0,55.0,40.0,10.0,25.0,20.0,,,,50.0,35.0,5.0,55.0,50.0,20.0,60.0,15.0,COMPLETE
791,791,0.7786557010955109,2025-01-05 11:00:38.417026,2025-01-05 11:00:59.070687,0 days 00:00:20.653661,2,14,9.0,,,,,,,,,,,,,,,,,,,30,35.0,,,,,,,,,,,,,,,,,,,COMPLETE
792,792,0.2805320395507748,2025-01-05 11:00:59.071249,2025-01-05 11:01:44.188286,0 days 00:00:45.117037,5,11,11.0,,,,,,,,,,,9.0,10.0,14.0,,,,,,35,55.0,,,,,,,,,,,30.0,15.0,20.0,,,,,,COMPLETE
793,793,0.7790740333113215,2025-01-05 11:01:44.189267,2025-01-05 11:01:53.375803,0 days 00:00:09.186536,1,11,,,,,,,,,,,,,,,,,,,,25,,,,,,,,,,,,,,,,,,,,COMPLETE
794,794,0.7569230769230769,2025-01-05 11:01:53.376346,2025-01-05 11:02:00.091322,0 days 00:00:06.714976,1,14,,,,,,,,,,,,,,,,,,,,5,,,,,,,,,,,,,,,,,,,,COMPLETE
795,795,0.0,2025-01-05 11:02:00.091838,2025-01-05 11:05:46.598916,0 days 00:03:46.507078,20,8,15.0,15.0,8.0,7.0,13.0,13.0,10.0,3.0,12.0,11.0,4.0,11.0,1.0,10.0,6.0,7.0,14.0,6.0,2.0,40,20.0,20.0,60.0,60.0,25.0,40.0,40.0,50.0,50.0,40.0,60.0,55.0,40.0,50.0,5.0,60.0,40.0,10.0,50.0,COMPLETE
796,796,0.8016925472273364,2025-01-05 11:05:46.600251,2025-01-05 11:06:13.263249,0 days 00:00:26.662998,3,7,14.0,,,,,,,,,,,1.0,,,,,,,,30,55.0,,,,,,,,,,,15.0,,,,,,,,COMPLETE
797,797,0.7919655667144907,2025-01-05 11:06:13.263882,2025-01-05 11:06:28.940631,0 days 00:00:15.676749,1,12,,,,,,,,,,,,,,,,,,,,45,,,,,,,,,,,,,,,,,,,,COMPLETE
798,798,0.7930020512921178,2025-01-05 11:06:28.941537,2025-01-05 11:06:39.876093,0 days 00:00:10.934556,1,10,,,,,,,,,,,,,,,,,,,,30,,,,,,,,,,,,,,,,,,,,COMPLETE
799,799,0.7663226863226864,2025-01-05 11:06:39.876610,2025-01-05 11:06:58.874090,0 days 00:00:18.997480,2,14,1.0,,,,,,,,,,,,,,,,,,,45,10.0,,,,,,,,,,,,,,,,,,,COMPLETE
800,800,0.7713517162809342,2025-01-05 11:06:58.874674,2025-01-05 11:07:11.158143,0 days 00:00:12.283469,1,13,,,,,,,,,,,,,,,,,,,,35,,,,,,,,,,,,,,,,,,,,COMPLETE
801,801,0.7878401310265719,2025-01-05 11:07:11.158711,2025-01-05 11:07:22.822897,0 days 00:00:11.664186,2,8,7.0,,,,,,,,,,,,,,,,,,,30,5.0,,,,,,,,,,,,,,,,,,,COMPLETE
802,802,0.846534473679432,2025-01-05 11:07:22.823484,2025-01-05 11:07:38.287187,0 days 00:00:15.463703,1,11,,,,,,,,,,,,,,,,,,,,50,,,,,,,,,,,,,,,,,,,,COMPLETE
803,803,0.8202739045280482,2025-01-05 11:07:38.288039,2025-01-05 11:07:51.432590,0 days 00:00:13.144551,1,15,,,,,,,,,,,,,,,,,,,,30,,,,,,,,,,,,,,,,,,,,COMPLETE
804,804,0.8057373973856798,2025-01-05 11:07:51.433142,2025-01-05 11:08:19.932459,0 days 00:00:28.499317,2,10,9.0,,,,,,,,,,,,,,,,,,,40,60.0,,,,,,,,,,,,,,,,,,,COMPLETE
805,805,0.7505106048703849,2025-01-05 11:08:19.933045,2025-01-05 11:08:30.756501,0 days 00:00:10.823456,1,10,,,,,,,,,,,,,,,,,,,,45,,,,,,,,,,,,,,,,,,,,COMPLETE
806,806,0.8345761381475667,2025-01-05 11:08:30.757069,2025-01-05 11:08:43.415386,0 days 00:00:12.658317,1,14,,,,,,,,,,,,,,,,,,,,30,,,,,,,,,,,,,,,,,,,,COMPLETE
807,807,0.7957427696817123,2025-01-05 11:08:43.416269,2025-01-05 11:08:57.495826,0 days 00:00:14.079557,1,12,,,,,,,,,,,,,,,,,,,,35,,,,,,,,,,,,,,,,,,,,COMPLETE
808,808,0.4343567620744207,2025-01-05 11:08:57.496402,2025-01-05 11:09:05.013110,0 days 00:00:07.516708,1,11,,,,,,,,,,,,,,,,,,,,10,,,,,,,,,,,,,,,,,,,,COMPLETE
809,809,0.7706191906234029,2025-01-05 11:09:05.013658,2025-01-05 11:09:20.206619,0 days 00:00:15.192961,2,10,5.0,,,,,,,,,,,,,,,,,,,30,30.0,,,,,,,,,,,,,,,,,,,COMPLETE
810,810,0.7788027058100051,2025-01-05 11:09:20.207213,2025-01-05 11:09:37.345089,0 days 00:00:17.137876,2,8,8.0,,,,,,,,,,,,,,,,,,,25,55.0,,,,,,,,,,,,,,,,,,,COMPLETE
811,811,0.8484330484330485,2025-01-05 11:09:37.345654,2025-01-05 11:09:52.029291,0 days 00:00:14.683637,1,14,,,,,,,,,,,,,,,,,,,,35,,,,,,,,,,,,,,,,,,,,COMPLETE
812,812,0.8260287201223555,2025-01-05 11:09:52.030035,2025-01-05 11:10:05.927543,0 days 00:00:13.897508,1,9,,,,,,,,,,,,,,,,,,,,50,,,,,,,,,,,,,,,,,,,,COMPLETE
813,813,0.7769767568154665,2025-01-05 11:10:05.928259,2025-01-05 11:10:28.922186,0 days 00:00:22.993927,2,12,13.0,,,,,,,,,,,,,,,,,,,45,15.0,,,,,,,,,,,,,,,,,,,COMPLETE
814,814,0.8056164526568534,2025-01-05 11:10:28.922752,2025-01-05 11:10:41.646034,0 days 00:00:12.723282,1,13,,,,,,,,,,,,,,,,,,,,30,,,,,,,,,,,,,,,,,,,,COMPLETE
815,815,0.8360929393932388,2025-01-05 11:10:41.646558,2025-01-05 11:10:53.701589,0 days 00:00:12.055031,1,11,,,,,,,,,,,,,,,,,,,,40,,,,,,,,,,,,,,,,,,,,COMPLETE
816,816,0.788498789346247,2025-01-05 11:10:53.702152,2025-01-05 11:11:05.894678,0 days 00:00:12.192526,1,9,,,,,,,,,,,,,,,,,,,,35,,,,,,,,,,,,,,,,,,,,COMPLETE
817,817,0.7763109538489574,2025-01-05 11:11:05.895371,2025-01-05 11:11:18.837375,0 days 00:00:12.942004,2,10,10.0,,,,,,,,,,,,,,,,,,,15,40.0,,,,,,,,,,,,,,,,,,,COMPLETE
818,818,0.8440923233999835,2025-01-05 11:11:18.838079,2025-01-05 11:11:32.542190,0 days 00:00:13.704111,1,14,,,,,,,,,,,,,,,,,,,,30,,,,,,,,,,,,,,,,,,,,COMPLETE
819,819,0.8417268576172685,2025-01-05 11:11:32.542756,2025-01-05 11:11:42.992925,0 days 00:00:10.450169,1,8,,,,,,,,,,,,,,,,,,,,40,,,,,,,,,,,,,,,,,,,,COMPLETE
820,820,0.0,2025-01-05 11:11:42.993519,2025-01-05 11:13:16.681073,0 days 00:01:33.687554,18,10,3.0,6.0,14.0,15.0,9.0,9.0,14.0,7.0,4.0,,,12.0,15.0,13.0,4.0,2.0,9.0,1.0,4.0,30,20.0,5.0,35.0,5.0,50.0,25.0,10.0,20.0,25.0,,,40.0,25.0,40.0,35.0,30.0,10.0,35.0,55.0,COMPLETE
821,821,0.2963924664173937,2025-01-05 11:13:16.682343,2025-01-05 11:13:49.199861,0 days 00:00:32.517518,8,3,12.0,,,,,,,,,,,15.0,14.0,9.0,11.0,13.0,10.0,,,50,35.0,,,,,,,,,,,25.0,50.0,15.0,45.0,40.0,15.0,,,COMPLETE
822,822,0.7892516372734186,2025-01-05 11:13:49.200876,2025-01-05 11:13:57.286800,0 days 00:00:08.085924,1,9,,,,,,,,,,,,,,,,,,,,20,,,,,,,,,,,,,,,,,,,,COMPLETE
823,823,0.7895268090245505,2025-01-05 11:13:57.287349,2025-01-05 11:14:21.678916,0 days 00:00:24.391567,2,15,6.0,,,,,,,,,,,,,,,,,,,45,25.0,,,,,,,,,,,,,,,,,,,COMPLETE
824,824,0.793375658339162,2025-01-05 11:14:21.679499,2025-01-05 11:14:40.225953,0 days 00:00:18.546454,3,12,2.0,,,,,,,,,,,5.0,,,,,,,,35,50.0,,,,,,,,,,,5.0,,,,,,,,COMPLETE
825,825,0.7914107289107288,2025-01-05 11:14:40.226570,2025-01-05 11:14:55.905092,0 days 00:00:15.678522,2,9,12.0,,,,,,,,,,,,,,,,,,,25,25.0,,,,,,,,,,,,,,,,,,,COMPLETE
826,826,0.7938235646171647,2025-01-05 11:14:55.905837,2025-01-05 11:15:15.507508,0 days 00:00:19.601671,1,14,,,,,,,,,,,,,,,,,,,,55,,,,,,,,,,,,,,,,,,,,COMPLETE
827,827,0.8299533799533799,2025-01-05 11:15:15.508206,2025-01-05 11:15:25.442086,0 days 00:00:09.933880,1,9,,,,,,,,,,,,,,,,,,,,30,,,,,,,,,,,,,,,,,,,,COMPLETE
828,828,0.836473099036108,2025-01-05 11:15:25.442663,2025-01-05 11:15:41.147913,0 days 00:00:15.705250,1,11,,,,,,,,,,,,,,,,,,,,45,,,,,,,,,,,,,,,,,,,,COMPLETE
829,829,0.7916080795628921,2025-01-05 11:15:41.148480,2025-01-05 11:15:52.034651,0 days 00:00:10.886171,2,10,6.0,,,,,,,,,,,,,,,,,,,10,60.0,,,,,,,,,,,,,,,,,,,COMPLETE
830,830,0.8187422716834482,2025-01-05 11:15:52.035265,2025-01-05 11:15:59.910552,0 days 00:00:07.875287,1,8,,,,,,,,,,,,,,,,,,,,30,,,,,,,,,,,,,,,,,,,,COMPLETE
831,831,0.839754792002397,2025-01-05 11:15:59.911086,2025-01-05 11:16:14.796154,0 days 00:00:14.885068,1,11,,,,,,,,,,,,,,,,,,,,45,,,,,,,,,,,,,,,,,,,,COMPLETE
832,832,0.8007354872603099,2025-01-05 11:16:14.797061,2025-01-05 11:16:29.622565,0 days 00:00:14.825504,1,13,,,,,,,,,,,,,,,,,,,,35,,,,,,,,,,,,,,,,,,,,COMPLETE
833,833,0.7872706430587999,2025-01-05 11:16:29.623129,2025-01-05 11:16:41.741261,0 days 00:00:12.118132,2,9,1.0,,,,,,,,,,,,,,,,,,,30,15.0,,,,,,,,,,,,,,,,,,,COMPLETE
834,834,0.7849692202462379,2025-01-05 11:16:41.741830,2025-01-05 11:16:56.908374,0 days 00:00:15.166544,1,14,,,,,,,,,,,,,,,,,,,,35,,,,,,,,,,,,,,,,,,,,COMPLETE
835,835,0.8113604488078541,2025-01-05 11:16:56.908923,2025-01-05 11:17:11.272040,0 days 00:00:14.363117,1,10,,,,,,,,,,,,,,,,,,,,50,,,,,,,,,,,,,,,,,,,,COMPLETE
836,836,0.7842137081538578,2025-01-05 11:17:11.272629,2025-01-05 11:17:36.130183,0 days 00:00:24.857554,2,9,15.0,,,,,,,,,,,,,,,,,,,30,45.0,,,,,,,,,,,,,,,,,,,COMPLETE
837,837,0.8466601281275432,2025-01-05 11:17:36.131093,2025-01-05 11:17:51.666237,0 days 00:00:15.535144,1,12,,,,,,,,,,,,,,,,,,,,45,,,,,,,,,,,,,,,,,,,,COMPLETE
838,838,0.7485285285285286,2025-01-05 11:17:51.666796,2025-01-05 11:18:02.369652,0 days 00:00:10.702856,1,9,,,,,,,,,,,,,,,,,,,,35,,,,,,,,,,,,,,,,,,,,COMPLETE
839,839,0.777447294818201,2025-01-05 11:18:02.370212,2025-01-05 11:18:11.955141,0 days 00:00:09.584929,2,10,5.0,,,,,,,,,,,,,,,,,,,15,5.0,,,,,,,,,,,,,,,,,,,COMPLETE
840,840,0.3783783783783784,2025-01-05 11:18:11.955716,2025-01-05 11:18:23.589824,0 days 00:00:11.634108,1,14,,,,,,,,,,,,,,,,,,,,25,,,,,,,,,,,,,,,,,,,,COMPLETE
841,841,0.6442362827360161,2025-01-05 11:18:23.590368,2025-01-05 11:18:37.244834,0 days 00:00:13.654466,1,11,,,,,,,,,,,,,,,,,,,,40,,,,,,,,,,,,,,,,,,,,COMPLETE
842,842,0.5840075296690393,2025-01-05 11:18:37.245621,2025-01-05 11:19:00.147637,0 days 00:00:22.902016,3,8,10.0,,,,,,,,,,,13.0,,,,,,,,30,40.0,,,,,,,,,,,10.0,,,,,,,,COMPLETE
843,843,0.842566825567175,2025-01-05 11:19:00.148318,2025-01-05 11:19:04.312771,0 days 00:00:04.164453,1,2,,,,,,,,,,,,,,,,,,,,45,,,,,,,,,,,,,,,,,,,,COMPLETE
844,844,0.7763388871003991,2025-01-05 11:19:04.313311,2025-01-05 11:19:18.122471,0 days 00:00:13.809160,2,9,4.0,,,,,,,,,,,,,,,,,,,35,10.0,,,,,,,,,,,,,,,,,,,COMPLETE
845,845,0.5588780169602088,2025-01-05 11:19:18.123050,2025-01-05 11:19:26.498482,0 days 00:00:08.375432,1,15,,,,,,,,,,,,,,,,,,,,10,,,,,,,,,,,,,,,,,,,,COMPLETE
846,846,0.807292711180022,2025-01-05 11:19:26.499041,2025-01-05 11:19:45.149284,0 days 00:00:18.650243,2,13,8.0,,,,,,,,,,,,,,,,,,,30,30.0,,,,,,,,,,,,,,,,,,,COMPLETE
847,847,0.7020898335701383,2025-01-05 11:19:45.149885,2025-01-05 11:19:56.325000,0 days 00:00:11.175115,1,10,,,,,,,,,,,,,,,,,,,,50,,,,,,,,,,,,,,,,,,,,COMPLETE
848,848,0.8387702483044672,2025-01-05 11:19:56.325809,2025-01-05 11:20:05.973857,0 days 00:00:09.648048,1,7,,,,,,,,,,,,,,,,,,,,30,,,,,,,,,,,,,,,,,,,,COMPLETE
849,849,0.8502119349576978,2025-01-05 11:20:05.974493,2025-01-05 11:20:20.841651,0 days 00:00:14.867158,1,14,,,,,,,,,,,,,,,,,,,,35,,,,,,,,,,,,,,,,,,,,COMPLETE
850,850,0.7938476239479584,2025-01-05 11:20:20.842210,2025-01-05 11:20:46.235266,0 days 00:00:25.393056,2,8,14.0,,,,,,,,,,,,,,,,,,,40,35.0,,,,,,,,,,,,,,,,,,,COMPLETE
851,851,0.7967986347118624,2025-01-05 11:20:46.235840,2025-01-05 11:21:12.067629,0 days 00:00:25.831789,2,10,7.0,,,,,,,,,,,,,,,,,,,45,50.0,,,,,,,,,,,,,,,,,,,COMPLETE
852,852,0.7693153909128121,2025-01-05 11:21:12.068547,2025-01-05 11:21:23.383510,0 days 00:00:11.314963,1,11,,,,,,,,,,,,,,,,,,,,30,,,,,,,,,,,,,,,,,,,,COMPLETE
853,853,0.8242150101982767,2025-01-05 11:21:23.384083,2025-01-05 11:21:33.152313,0 days 00:00:09.768230,1,9,,,,,,,,,,,,,,,,,,,,30,,,,,,,,,,,,,,,,,,,,COMPLETE
854,854,0.5331645290912094,2025-01-05 11:21:33.152865,2025-01-05 11:21:37.847066,0 days 00:00:04.694201,1,10,,,,,,,,,,,,,,,,,,,,5,,,,,,,,,,,,,,,,,,,,COMPLETE
855,855,0.7848344344503702,2025-01-05 11:21:37.847639,2025-01-05 11:21:49.843045,0 days 00:00:11.995406,1,14,,,,,,,,,,,,,,,,,,,,25,,,,,,,,,,,,,,,,,,,,COMPLETE
856,856,0.82039188948835,2025-01-05 11:21:49.843575,2025-01-05 11:22:21.628445,0 days 00:00:31.784870,2,12,11.0,,,,,,,,,,,,,,,,,,,45,45.0,,,,,,,,,,,,,,,,,,,COMPLETE
857,857,0.7702752062472448,2025-01-05 11:22:21.629030,2025-01-05 11:22:36.506282,0 days 00:00:14.877252,1,13,,,,,,,,,,,,,,,,,,,,40,,,,,,,,,,,,,,,,,,,,COMPLETE
858,858,0.6894808159478496,2025-01-05 11:22:36.507183,2025-01-05 11:22:45.926392,0 days 00:00:09.419209,1,9,,,,,,,,,,,,,,,,,,,,35,,,,,,,,,,,,,,,,,,,,COMPLETE
859,859,0.701266808277506,2025-01-05 11:22:45.926950,2025-01-05 11:22:58.103317,0 days 00:00:12.176367,1,10,,,,,,,,,,,,,,,,,,,,50,,,,,,,,,,,,,,,,,,,,COMPLETE
860,860,0.7895796064400715,2025-01-05 11:22:58.103868,2025-01-05 11:23:14.998250,0 days 00:00:16.894382,2,12,9.0,,,,,,,,,,,,,,,,,,,30,20.0,,,,,,,,,,,,,,,,,,,COMPLETE
861,861,0.6912051510726501,2025-01-05 11:23:14.998829,2025-01-05 11:23:30.451148,0 days 00:00:15.452319,1,14,,,,,,,,,,,,,,,,,,,,40,,,,,,,,,,,,,,,,,,,,COMPLETE
862,862,0.5963611121259728,2025-01-05 11:23:30.451727,2025-01-05 11:23:32.644801,0 days 00:00:02.193074,1,1,,,,,,,,,,,,,,,,,,,,30,,,,,,,,,,,,,,,,,,,,COMPLETE
863,863,0.7435379596678529,2025-01-05 11:23:32.645298,2025-01-05 11:23:51.097888,0 days 00:00:18.452590,2,8,15.0,,,,,,,,,,,,,,,,,,,30,25.0,,,,,,,,,,,,,,,,,,,COMPLETE
864,864,0.8481698891853886,2025-01-05 11:23:51.098805,2025-01-05 11:24:04.645093,0 days 00:00:13.546288,1,11,,,,,,,,,,,,,,,,,,,,45,,,,,,,,,,,,,,,,,,,,COMPLETE
865,865,0.8043345543345544,2025-01-05 11:24:04.645664,2025-01-05 11:24:18.829233,0 days 00:00:14.183569,1,9,,,,,,,,,,,,,,,,,,,,55,,,,,,,,,,,,,,,,,,,,COMPLETE
866,866,0.7770009045829216,2025-01-05 11:24:18.829788,2025-01-05 11:24:34.371729,0 days 00:00:15.541941,2,9,3.0,,,,,,,,,,,,,,,,,,,35,40.0,,,,,,,,,,,,,,,,,,,COMPLETE
867,867,0.8219142362165348,2025-01-05 11:24:34.372324,2025-01-05 11:24:49.657378,0 days 00:00:15.285054,1,15,,,,,,,,,,,,,,,,,,,,35,,,,,,,,,,,,,,,,,,,,COMPLETE
868,868,0.7603553833644234,2025-01-05 11:24:49.657990,2025-01-05 11:25:09.468507,0 days 00:00:19.810517,2,10,13.0,,,,,,,,,,,,,,,,,,,30,30.0,,,,,,,,,,,,,,,,,,,COMPLETE
869,869,0.7077434955208819,2025-01-05 11:25:09.469427,2025-01-05 11:25:27.306510,0 days 00:00:17.837083,1,14,,,,,,,,,,,,,,,,,,,,45,,,,,,,,,,,,,,,,,,,,COMPLETE
870,870,0.2994265041761833,2025-01-05 11:25:27.307109,2025-01-05 11:26:20.065829,0 days 00:00:52.758720,19,13,8.0,14.0,2.0,1.0,11.0,3.0,2.0,11.0,12.0,5.0,,2.0,5.0,3.0,15.0,10.0,4.0,15.0,5.0,30,5.0,25.0,20.0,50.0,55.0,55.0,55.0,10.0,5.0,20.0,,30.0,10.0,5.0,60.0,45.0,25.0,50.0,30.0,COMPLETE
871,871,0.836189363557676,2025-01-05 11:26:20.067122,2025-01-05 11:26:30.999850,0 days 00:00:10.932728,1,10,,,,,,,,,,,,,,,,,,,,50,,,,,,,,,,,,,,,,,,,,COMPLETE
872,872,0.7657377344877345,2025-01-05 11:26:31.000438,2025-01-05 11:26:38.393119,0 days 00:00:07.392681,1,11,,,,,,,,,,,,,,,,,,,,10,,,,,,,,,,,,,,,,,,,,COMPLETE
873,873,0.7689692469654017,2025-01-05 11:26:38.393679,2025-01-05 11:26:46.234403,0 days 00:00:07.840724,1,8,,,,,,,,,,,,,,,,,,,,25,,,,,,,,,,,,,,,,,,,,COMPLETE
874,874,0.7847624004454236,2025-01-05 11:26:46.234932,2025-01-05 11:27:03.973609,0 days 00:00:17.738677,2,9,14.0,,,,,,,,,,,,,,,,,,,35,15.0,,,,,,,,,,,,,,,,,,,COMPLETE
875,875,0.7730582524271845,2025-01-05 11:27:03.974210,2025-01-05 11:27:21.790615,0 days 00:00:17.816405,2,12,2.0,,,,,,,,,,,,,,,,,,,35,60.0,,,,,,,,,,,,,,,,,,,COMPLETE
876,876,0.8138422818791946,2025-01-05 11:27:21.791218,2025-01-05 11:27:35.104903,0 days 00:00:13.313685,1,14,,,,,,,,,,,,,,,,,,,,30,,,,,,,,,,,,,,,,,,,,COMPLETE
877,877,0.6639473406185548,2025-01-05 11:27:35.105693,2025-01-05 11:28:15.936963,0 days 00:00:40.831270,3,11,4.0,,,,,,,,,,,8.0,,,,,,,,45,55.0,,,,,,,,,,,60.0,,,,,,,,COMPLETE
878,878,0.45138219265404333,2025-01-05 11:28:15.937712,2025-01-05 11:29:02.342500,0 days 00:00:46.404788,6,9,5.0,,,,,,,,,,,6.0,9.0,2.0,9.0,,,,,30,45.0,,,,,,,,,,,45.0,20.0,60.0,35.0,,,,,COMPLETE
879,879,0.34833394573478504,2025-01-05 11:29:02.343531,2025-01-05 11:29:26.098850,0 days 00:00:23.755319,12,9,12.0,12.0,10.0,,,,,,,,,10.0,3.0,5.0,5.0,12.0,11.0,9.0,12.0,45,10.0,55.0,55.0,,,,,,,,,40.0,45.0,30.0,20.0,25.0,55.0,5.0,60.0,COMPLETE
880,880,0.791966715949803,2025-01-05 11:29:26.099626,2025-01-05 11:29:33.814856,0 days 00:00:07.715230,1,8,,,,,,,,,,,,,,,,,,,,30,,,,,,,,,,,,,,,,,,,,COMPLETE
881,881,0.7647235337320324,2025-01-05 11:29:33.815424,2025-01-05 11:29:44.723833,0 days 00:00:10.908409,1,9,,,,,,,,,,,,,,,,,,,,40,,,,,,,,,,,,,,,,,,,,COMPLETE
882,882,0.7743667192762851,2025-01-05 11:29:44.724409,2025-01-05 11:30:02.462621,0 days 00:00:17.738212,2,10,10.0,,,,,,,,,,,,,,,,,,,35,20.0,,,,,,,,,,,,,,,,,,,COMPLETE
883,883,0.4892138799324428,2025-01-05 11:30:02.463228,2025-01-05 11:30:19.735570,0 days 00:00:17.272342,1,15,,,,,,,,,,,,,,,,,,,,40,,,,,,,,,,,,,,,,,,,,COMPLETE
884,884,0.8065241779720805,2025-01-05 11:30:19.736446,2025-01-05 11:30:36.331661,0 days 00:00:16.595215,1,12,,,,,,,,,,,,,,,,,,,,50,,,,,,,,,,,,,,,,,,,,COMPLETE
885,885,0.7785669698591047,2025-01-05 11:30:36.332210,2025-01-05 11:30:54.294671,0 days 00:00:17.962461,2,11,11.0,,,,,,,,,,,,,,,,,,,25,35.0,,,,,,,,,,,,,,,,,,,COMPLETE
886,886,0.8423946399345336,2025-01-05 11:30:54.295252,2025-01-05 11:31:06.285583,0 days 00:00:11.990331,1,9,,,,,,,,,,,,,,,,,,,,35,,,,,,,,,,,,,,,,,,,,COMPLETE
887,887,0.8144880113877951,2025-01-05 11:31:06.286136,2025-01-05 11:31:19.144375,0 days 00:00:12.858239,1,13,,,,,,,,,,,,,,,,,,,,30,,,,,,,,,,,,,,,,,,,,COMPLETE
888,888,0.8518881118881119,2025-01-05 11:31:19.144942,2025-01-05 11:31:36.616520,0 days 00:00:17.471578,1,14,,,,,,,,,,,,,,,,,,,,45,,,,,,,,,,,,,,,,,,,,COMPLETE
889,889,0.7408697221219775,2025-01-05 11:31:36.617398,2025-01-05 11:31:47.592560,0 days 00:00:10.975162,1,10,,,,,,,,,,,,,,,,,,,,50,,,,,,,,,,,,,,,,,,,,COMPLETE
890,890,0.7808543544983695,2025-01-05 11:31:47.593096,2025-01-05 11:32:08.026310,0 days 00:00:20.433214,2,11,7.0,,,,,,,,,,,,,,,,,,,30,55.0,,,,,,,,,,,,,,,,,,,COMPLETE
891,891,0.7820076300194521,2025-01-05 11:32:08.026889,2025-01-05 11:32:21.092896,0 days 00:00:13.066007,2,10,1.0,,,,,,,,,,,,,,,,,,,30,40.0,,,,,,,,,,,,,,,,,,,COMPLETE
892,892,0.808867682180344,2025-01-05 11:32:21.093527,2025-01-05 11:32:31.789113,0 days 00:00:10.695586,1,14,,,,,,,,,,,,,,,,,,,,20,,,,,,,,,,,,,,,,,,,,COMPLETE
893,893,0.18789451264376716,2025-01-05 11:32:31.789643,2025-01-05 11:33:35.314762,0 days 00:01:03.525119,11,9,3.0,4.0,,,,,,,,,,14.0,4.0,1.0,2.0,9.0,7.0,11.0,8.0,35,25.0,50.0,,,,,,,,,,25.0,5.0,55.0,50.0,55.0,30.0,25.0,10.0,COMPLETE
894,894,0.7409145864447764,2025-01-05 11:33:35.315839,2025-01-05 11:33:44.814841,0 days 00:00:09.499002,1,8,,,,,,,,,,,,,,,,,,,,40,,,,,,,,,,,,,,,,,,,,COMPLETE
895,895,0.7744197593467077,2025-01-05 11:33:44.815426,2025-01-05 11:33:52.958278,0 days 00:00:08.142852,1,14,,,,,,,,,,,,,,,,,,,,10,,,,,,,,,,,,,,,,,,,,COMPLETE
896,896,0.7804214911401269,2025-01-05 11:33:52.958817,2025-01-05 11:34:06.903450,0 days 00:00:13.944633,2,10,6.0,,,,,,,,,,,,,,,,,,,30,15.0,,,,,,,,,,,,,,,,,,,COMPLETE
897,897,0.7468420333335503,2025-01-05 11:34:06.904380,2025-01-05 11:34:24.858879,0 days 00:00:17.954499,1,11,,,,,,,,,,,,,,,,,,,,55,,,,,,,,,,,,,,,,,,,,COMPLETE
898,898,0.8165480949063039,2025-01-05 11:34:24.859480,2025-01-05 11:34:33.392486,0 days 00:00:08.533006,1,9,,,,,,,,,,,,,,,,,,,,25,,,,,,,,,,,,,,,,,,,,COMPLETE
899,899,0.7898776352646322,2025-01-05 11:34:33.393052,2025-01-05 11:35:10.596537,0 days 00:00:37.203485,2,13,13.0,,,,,,,,,,,,,,,,,,,45,50.0,,,,,,,,,,,,,,,,,,,COMPLETE
900,900,0.4590434523217659,2025-01-05 11:35:10.597149,2025-01-05 11:35:16.381277,0 days 00:00:05.784128,1,10,,,,,,,,,,,,,,,,,,,,5,,,,,,,,,,,,,,,,,,,,COMPLETE
901,901,0.7983127204726083,2025-01-05 11:35:16.382141,2025-01-05 11:35:28.722084,0 days 00:00:12.339943,1,12,,,,,,,,,,,,,,,,,,,,30,,,,,,,,,,,,,,,,,,,,COMPLETE
902,902,0.7938406093865181,2025-01-05 11:35:28.722675,2025-01-05 11:35:44.616071,0 days 00:00:15.893396,1,15,,,,,,,,,,,,,,,,,,,,40,,,,,,,,,,,,,,,,,,,,COMPLETE
903,903,0.15891663680079396,2025-01-05 11:35:44.616650,2025-01-05 11:36:08.455309,0 days 00:00:23.838659,14,9,2.0,8.0,12.0,3.0,2.0,,,,,,,4.0,8.0,4.0,14.0,4.0,6.0,12.0,13.0,35,60.0,40.0,5.0,15.0,5.0,,,,,,,50.0,30.0,20.0,30.0,5.0,45.0,40.0,45.0,COMPLETE
904,904,0.7823972573054581,2025-01-05 11:36:08.456112,2025-01-05 11:36:23.448867,0 days 00:00:14.992755,2,8,9.0,,,,,,,,,,,,,,,,,,,45,5.0,,,,,,,,,,,,,,,,,,,COMPLETE
905,905,0.8363638090895273,2025-01-05 11:36:23.449471,2025-01-05 11:36:36.601682,0 days 00:00:13.152211,1,14,,,,,,,,,,,,,,,,,,,,30,,,,,,,,,,,,,,,,,,,,COMPLETE
906,906,0.387947756368809,2025-01-05 11:36:36.602554,2025-01-05 11:36:46.245619,0 days 00:00:09.643065,1,9,,,,,,,,,,,,,,,,,,,,30,,,,,,,,,,,,,,,,,,,,COMPLETE
907,907,0.8474976448422045,2025-01-05 11:36:46.246176,2025-01-05 11:36:57.288532,0 days 00:00:11.042356,1,10,,,,,,,,,,,,,,,,,,,,35,,,,,,,,,,,,,,,,,,,,COMPLETE
908,908,0.8160768622494017,2025-01-05 11:36:57.289101,2025-01-05 11:37:22.340629,0 days 00:00:25.051528,2,14,5.0,,,,,,,,,,,,,,,,,,,50,30.0,,,,,,,,,,,,,,,,,,,COMPLETE
909,909,0.739619608292189,2025-01-05 11:37:22.341246,2025-01-05 11:37:34.453663,0 days 00:00:12.112417,1,11,,,,,,,,,,,,,,,,,,,,30,,,,,,,,,,,,,,,,,,,,COMPLETE
910,910,0.7798476084070664,2025-01-05 11:37:34.454212,2025-01-05 11:37:51.648857,0 days 00:00:17.194645,2,9,8.0,,,,,,,,,,,,,,,,,,,45,10.0,,,,,,,,,,,,,,,,,,,COMPLETE
911,911,0.5802584258482708,2025-01-05 11:37:51.649792,2025-01-05 11:38:06.945201,0 days 00:00:15.295409,1,12,,,,,,,,,,,,,,,,,,,,40,,,,,,,,,,,,,,,,,,,,COMPLETE
912,912,0.8301647655259823,2025-01-05 11:38:06.945795,2025-01-05 11:38:19.261540,0 days 00:00:12.315745,1,13,,,,,,,,,,,,,,,,,,,,25,,,,,,,,,,,,,,,,,,,,COMPLETE
913,913,0.7256010026204853,2025-01-05 11:38:19.262160,2025-01-05 11:38:28.558052,0 days 00:00:09.295892,1,8,,,,,,,,,,,,,,,,,,,,35,,,,,,,,,,,,,,,,,,,,COMPLETE
914,914,0.7960563482951543,2025-01-05 11:38:28.558599,2025-01-05 11:38:47.592465,0 days 00:00:19.033866,2,10,10.0,,,,,,,,,,,,,,,,,,,30,35.0,,,,,,,,,,,,,,,,,,,COMPLETE
915,915,0.4037492485768348,2025-01-05 11:38:47.593081,2025-01-05 11:40:02.346710,0 days 00:01:14.753629,8,9,15.0,,,,,,,,,,,9.0,12.0,15.0,12.0,1.0,5.0,,,35,45.0,,,,,,,,,,,15.0,55.0,35.0,40.0,15.0,5.0,,,COMPLETE
916,916,0.7770094981138065,2025-01-05 11:40:02.347736,2025-01-05 11:40:12.061215,0 days 00:00:09.713479,2,14,6.0,,,,,,,,,,,,,,,,,,,10,20.0,,,,,,,,,,,,,,,,,,,COMPLETE
917,917,0.7451847903340441,2025-01-05 11:40:12.061790,2025-01-05 11:40:26.013160,0 days 00:00:13.951370,1,11,,,,,,,,,,,,,,,,,,,,45,,,,,,,,,,,,,,,,,,,,COMPLETE
918,918,0.7707488544881114,2025-01-05 11:40:26.014062,2025-01-05 11:40:35.672732,0 days 00:00:09.658670,1,9,,,,,,,,,,,,,,,,,,,,30,,,,,,,,,,,,,,,,,,,,COMPLETE
919,919,0.7679900873913945,2025-01-05 11:40:35.673322,2025-01-05 11:40:49.549984,0 days 00:00:13.876662,2,10,13.0,,,,,,,,,,,,,,,,,,,15,40.0,,,,,,,,,,,,,,,,,,,COMPLETE
920,920,0.8601481539342811,2025-01-05 11:40:49.550591,2025-01-05 11:41:06.045258,0 days 00:00:16.494667,1,12,,,,,,,,,,,,,,,,,,,,50,,,,,,,,,,,,,,,,,,,,COMPLETE
921,921,0.7678866056697164,2025-01-05 11:41:06.045834,2025-01-05 11:41:32.822646,0 days 00:00:26.776812,3,12,3.0,,,,,,,,,,,6.0,,,,,,,,50,50.0,,,,,,,,,,,15.0,,,,,,,,COMPLETE
922,922,0.8175965068416954,2025-01-05 11:41:32.823237,2025-01-05 11:41:50.291342,0 days 00:00:17.468105,1,12,,,,,,,,,,,,,,,,,,,,50,,,,,,,,,,,,,,,,,,,,COMPLETE
923,923,0.705598372632725,2025-01-05 11:41:50.292257,2025-01-05 11:42:07.521782,0 days 00:00:17.229525,1,12,,,,,,,,,,,,,,,,,,,,50,,,,,,,,,,,,,,,,,,,,COMPLETE
924,924,0.7729505405635482,2025-01-05 11:42:07.522364,2025-01-05 11:42:24.671716,0 days 00:00:17.149352,1,12,,,,,,,,,,,,,,,,,,,,50,,,,,,,,,,,,,,,,,,,,COMPLETE
925,925,0.839224334534376,2025-01-05 11:42:24.672296,2025-01-05 11:42:42.478103,0 days 00:00:17.805807,1,12,,,,,,,,,,,,,,,,,,,,50,,,,,,,,,,,,,,,,,,,,COMPLETE
926,926,0.7977627121661985,2025-01-05 11:42:42.478685,2025-01-05 11:43:08.549820,0 days 00:00:26.071135,2,12,4.0,,,,,,,,,,,,,,,,,,,50,60.0,,,,,,,,,,,,,,,,,,,COMPLETE
927,927,0.8181578793375857,2025-01-05 11:43:08.550762,2025-01-05 11:43:25.061735,0 days 00:00:16.510973,1,12,,,,,,,,,,,,,,,,,,,,50,,,,,,,,,,,,,,,,,,,,COMPLETE
928,928,0.7980655065302646,2025-01-05 11:43:25.062295,2025-01-05 11:44:04.470283,0 days 00:00:39.407988,2,13,11.0,,,,,,,,,,,,,,,,,,,50,55.0,,,,,,,,,,,,,,,,,,,COMPLETE
929,929,0.8383879260303508,2025-01-05 11:44:04.471119,2025-01-05 11:44:20.271042,0 days 00:00:15.799923,1,12,,,,,,,,,,,,,,,,,,,,50,,,,,,,,,,,,,,,,,,,,COMPLETE
930,930,0.7497597369752149,2025-01-05 11:44:20.271742,2025-01-05 11:44:32.370710,0 days 00:00:12.098968,1,7,,,,,,,,,,,,,,,,,,,,55,,,,,,,,,,,,,,,,,,,,COMPLETE
931,931,0.7354262023141982,2025-01-05 11:44:32.371286,2025-01-05 11:44:42.657302,0 days 00:00:10.286016,1,6,,,,,,,,,,,,,,,,,,,,50,,,,,,,,,,,,,,,,,,,,COMPLETE
932,932,0.803285729625255,2025-01-05 11:44:42.657872,2025-01-05 11:45:11.036922,0 days 00:00:28.379050,2,12,12.0,,,,,,,,,,,,,,,,,,,50,25.0,,,,,,,,,,,,,,,,,,,COMPLETE
933,933,0.8391549249515552,2025-01-05 11:45:11.037499,2025-01-05 11:45:27.104288,0 days 00:00:16.066789,1,11,,,,,,,,,,,,,,,,,,,,55,,,,,,,,,,,,,,,,,,,,COMPLETE
934,934,0.5385800018576167,2025-01-05 11:45:27.105211,2025-01-05 11:45:39.823293,0 days 00:00:12.718082,1,12,,,,,,,,,,,,,,,,,,,,30,,,,,,,,,,,,,,,,,,,,COMPLETE
935,935,0.7827899213797345,2025-01-05 11:45:39.823876,2025-01-05 11:45:55.429820,0 days 00:00:15.605944,2,11,1.0,,,,,,,,,,,,,,,,,,,35,50.0,,,,,,,,,,,,,,,,,,,COMPLETE
936,936,0.7661350226641569,2025-01-05 11:45:55.430418,2025-01-05 11:46:11.523140,0 days 00:00:16.092722,1,13,,,,,,,,,,,,,,,,,,,,50,,,,,,,,,,,,,,,,,,,,COMPLETE
937,937,0.5778669034864068,2025-01-05 11:46:11.523691,2025-01-05 11:46:24.363259,0 days 00:00:12.839568,1,13,,,,,,,,,,,,,,,,,,,,30,,,,,,,,,,,,,,,,,,,,COMPLETE
938,938,0.7786727059368717,2025-01-05 11:46:24.363855,2025-01-05 11:46:41.435167,0 days 00:00:17.071312,2,12,7.0,,,,,,,,,,,,,,,,,,,35,15.0,,,,,,,,,,,,,,,,,,,COMPLETE
939,939,0.7598758621784442,2025-01-05 11:46:41.436094,2025-01-05 11:46:53.503772,0 days 00:00:12.067678,1,12,,,,,,,,,,,,,,,,,,,,30,,,,,,,,,,,,,,,,,,,,COMPLETE
940,940,0.404574157268072,2025-01-05 11:46:53.504369,2025-01-05 11:47:04.410012,0 days 00:00:10.905643,1,7,,,,,,,,,,,,,,,,,,,,50,,,,,,,,,,,,,,,,,,,,COMPLETE
941,941,0.7749173263043847,2025-01-05 11:47:04.410568,2025-01-05 11:47:21.812900,0 days 00:00:17.402332,1,11,,,,,,,,,,,,,,,,,,,,55,,,,,,,,,,,,,,,,,,,,COMPLETE
942,942,0.7770210769122948,2025-01-05 11:47:21.813482,2025-01-05 11:47:41.100676,0 days 00:00:19.287194,2,13,9.0,,,,,,,,,,,,,,,,,,,30,30.0,,,,,,,,,,,,,,,,,,,COMPLETE
943,943,0.7705637919124289,2025-01-05 11:47:41.101302,2025-01-05 11:47:57.291377,0 days 00:00:16.190075,1,15,,,,,,,,,,,,,,,,,,,,35,,,,,,,,,,,,,,,,,,,,COMPLETE
944,944,0.2637972646822204,2025-01-05 11:47:57.292279,2025-01-05 11:48:23.377979,0 days 00:00:26.085700,7,11,14.0,,,,,,,,,,,7.0,7.0,6.0,7.0,10.0,,,,25,5.0,,,,,,,,,,,35.0,35.0,10.0,5.0,60.0,,,,COMPLETE
945,945,0.8057138959244079,2025-01-05 11:48:23.378718,2025-01-05 11:48:39.517463,0 days 00:00:16.138745,2,14,4.0,,,,,,,,,,,,,,,,,,,30,20.0,,,,,,,,,,,,,,,,,,,COMPLETE
946,946,0.5826666666666667,2025-01-05 11:48:39.518069,2025-01-05 11:48:45.614787,0 days 00:00:06.096718,1,6,,,,,,,,,,,,,,,,,,,,10,,,,,,,,,,,,,,,,,,,,COMPLETE
947,947,0.8046232850696607,2025-01-05 11:48:45.615363,2025-01-05 11:49:06.411725,0 days 00:00:20.796362,2,12,11.0,,,,,,,,,,,,,,,,,,,30,35.0,,,,,,,,,,,,,,,,,,,COMPLETE
948,948,0.5917783790431681,2025-01-05 11:49:06.412310,2025-01-05 11:49:15.432520,0 days 00:00:09.020210,1,11,,,,,,,,,,,,,,,,,,,,20,,,,,,,,,,,,,,,,,,,,COMPLETE
949,949,0.8390501804703938,2025-01-05 11:49:15.433429,2025-01-05 11:49:29.605395,0 days 00:00:14.171966,1,13,,,,,,,,,,,,,,,,,,,,35,,,,,,,,,,,,,,,,,,,,COMPLETE
950,950,0.8443630029693017,2025-01-05 11:49:29.605995,2025-01-05 11:49:37.119715,0 days 00:00:07.513720,1,10,,,,,,,,,,,,,,,,,,,,30,,,,,,,,,,,,,,,,,,,,COMPLETE
951,951,0.853179849555505,2025-01-05 11:49:37.120266,2025-01-05 11:49:55.959969,0 days 00:00:18.839703,1,14,,,,,,,,,,,,,,,,,,,,50,,,,,,,,,,,,,,,,,,,,COMPLETE
952,952,0.478706975387057,2025-01-05 11:49:55.960534,2025-01-05 11:50:25.918265,0 days 00:00:29.957731,5,14,2.0,,,,,,,,,,,2.0,13.0,8.0,,,,,,35,40.0,,,,,,,,,,,5.0,55.0,25.0,,,,,,COMPLETE
953,953,0.7675220477098976,2025-01-05 11:50:25.918912,2025-01-05 11:50:47.842415,0 days 00:00:21.923503,2,12,8.0,,,,,,,,,,,,,,,,,,,30,55.0,,,,,,,,,,,,,,,,,,,COMPLETE
954,954,0.7820982335200344,2025-01-05 11:50:47.843350,2025-01-05 11:51:03.219488,0 days 00:00:15.376138,2,11,5.0,,,,,,,,,,,,,,,,,,,25,45.0,,,,,,,,,,,,,,,,,,,COMPLETE
955,955,0.6283511192087454,2025-01-05 11:51:03.220065,2025-01-05 11:51:17.391812,0 days 00:00:14.171747,1,11,,,,,,,,,,,,,,,,,,,,40,,,,,,,,,,,,,,,,,,,,COMPLETE
956,956,0.6959714082016241,2025-01-05 11:51:17.392438,2025-01-05 11:52:06.806810,0 days 00:00:49.414372,3,10,15.0,,,,,,,,,,,3.0,,,,,,,,50,60.0,,,,,,,,,,,20.0,,,,,,,,COMPLETE
957,957,0.8458155795913908,2025-01-05 11:52:06.807776,2025-01-05 11:52:21.893720,0 days 00:00:15.085944,1,14,,,,,,,,,,,,,,,,,,,,35,,,,,,,,,,,,,,,,,,,,COMPLETE
958,958,0.7666458072590738,2025-01-05 11:52:21.894310,2025-01-05 11:52:35.895629,0 days 00:00:14.001319,1,15,,,,,,,,,,,,,,,,,,,,30,,,,,,,,,,,,,,,,,,,,COMPLETE
959,959,0.8320135103208701,2025-01-05 11:52:35.896193,2025-01-05 11:52:48.356880,0 days 00:00:12.460687,1,13,,,,,,,,,,,,,,,,,,,,30,,,,,,,,,,,,,,,,,,,,COMPLETE
960,960,0.7820647491177727,2025-01-05 11:52:48.357445,2025-01-05 11:53:05.796560,0 days 00:00:17.439115,2,12,12.0,,,,,,,,,,,,,,,,,,,35,10.0,,,,,,,,,,,,,,,,,,,COMPLETE
961,961,0.6767738293320656,2025-01-05 11:53:05.797496,2025-01-05 11:53:11.173833,0 days 00:00:05.376337,1,10,,,,,,,,,,,,,,,,,,,,5,,,,,,,,,,,,,,,,,,,,COMPLETE
962,962,0.3085057760675667,2025-01-05 11:53:11.174442,2025-01-05 11:53:29.886599,0 days 00:00:18.712157,13,10,7.0,3.0,6.0,9.0,,,,,,,,8.0,2.0,13.0,8.0,14.0,2.0,5.0,1.0,30,45.0,20.0,40.0,45.0,,,,,,,,25.0,40.0,40.0,10.0,15.0,50.0,10.0,25.0,COMPLETE
963,963,0.8158677344161215,2025-01-05 11:53:29.887390,2025-01-05 11:53:45.124852,0 days 00:00:15.237462,1,11,,,,,,,,,,,,,,,,,,,,50,,,,,,,,,,,,,,,,,,,,COMPLETE
964,964,0.7899549673743222,2025-01-05 11:53:45.125450,2025-01-05 11:54:08.877392,0 days 00:00:23.751942,2,14,13.0,,,,,,,,,,,,,,,,,,,35,25.0,,,,,,,,,,,,,,,,,,,COMPLETE
965,965,0.3912435190519299,2025-01-05 11:54:08.878004,2025-01-05 11:54:20.133283,0 days 00:00:11.255279,1,12,,,,,,,,,,,,,,,,,,,,25,,,,,,,,,,,,,,,,,,,,COMPLETE
966,966,0.7903182109255702,2025-01-05 11:54:20.134055,2025-01-05 11:54:29.971844,0 days 00:00:09.837789,2,10,2.0,,,,,,,,,,,,,,,,,,,15,10.0,,,,,,,,,,,,,,,,,,,COMPLETE
967,967,0.7827692642893456,2025-01-05 11:54:29.972612,2025-01-05 11:54:37.244416,0 days 00:00:07.271804,1,13,,,,,,,,,,,,,,,,,,,,10,,,,,,,,,,,,,,,,,,,,COMPLETE
968,968,0.661994201825808,2025-01-05 11:54:37.245006,2025-01-05 11:54:49.488889,0 days 00:00:12.243883,1,14,,,,,,,,,,,,,,,,,,,,30,,,,,,,,,,,,,,,,,,,,COMPLETE
969,969,0.8073468328141225,2025-01-05 11:54:49.489459,2025-01-05 11:55:02.915136,0 days 00:00:13.425677,1,11,,,,,,,,,,,,,,,,,,,,40,,,,,,,,,,,,,,,,,,,,COMPLETE
970,970,0.7748381044604491,2025-01-05 11:55:02.915727,2025-01-05 11:55:20.696394,0 days 00:00:17.780667,2,12,14.0,,,,,,,,,,,,,,,,,,,30,15.0,,,,,,,,,,,,,,,,,,,COMPLETE
971,971,0.8409085674141128,2025-01-05 11:55:20.697000,2025-01-05 11:55:31.921396,0 days 00:00:11.224396,1,10,,,,,,,,,,,,,,,,,,,,35,,,,,,,,,,,,,,,,,,,,COMPLETE
972,972,0.7613761444405573,2025-01-05 11:55:31.921997,2025-01-05 11:55:47.452359,0 days 00:00:15.530362,1,14,,,,,,,,,,,,,,,,,,,,40,,,,,,,,,,,,,,,,,,,,COMPLETE
973,973,0.7498435955990123,2025-01-05 11:55:47.453307,2025-01-05 11:55:59.792742,0 days 00:00:12.339435,1,13,,,,,,,,,,,,,,,,,,,,30,,,,,,,,,,,,,,,,,,,,COMPLETE
974,974,0.7723521589486859,2025-01-05 11:55:59.793302,2025-01-05 11:56:26.867764,0 days 00:00:27.074462,2,11,10.0,,,,,,,,,,,,,,,,,,,50,30.0,,,,,,,,,,,,,,,,,,,COMPLETE
975,975,0.8109644613112487,2025-01-05 11:56:26.868381,2025-01-05 11:56:36.552434,0 days 00:00:09.684053,1,10,,,,,,,,,,,,,,,,,,,,35,,,,,,,,,,,,,,,,,,,,COMPLETE
976,976,0.8395496715679063,2025-01-05 11:56:36.552989,2025-01-05 11:56:45.998378,0 days 00:00:09.445389,1,7,,,,,,,,,,,,,,,,,,,,30,,,,,,,,,,,,,,,,,,,,COMPLETE
977,977,0.7832882093751659,2025-01-05 11:56:45.998931,2025-01-05 11:57:02.633188,0 days 00:00:16.634257,3,15,1.0,,,,,,,,,,,10.0,,,,,,,,25,5.0,,,,,,,,,,,55.0,,,,,,,,COMPLETE
978,978,0.8090011366865587,2025-01-05 11:57:02.634175,2025-01-05 11:57:25.606700,0 days 00:00:22.972525,2,9,6.0,,,,,,,,,,,,,,,,,,,55,30.0,,,,,,,,,,,,,,,,,,,COMPLETE
979,979,0.8320327636775092,2025-01-05 11:57:25.607302,2025-01-05 11:57:40.388071,0 days 00:00:14.780769,1,12,,,,,,,,,,,,,,,,,,,,40,,,,,,,,,,,,,,,,,,,,COMPLETE
980,980,0.7837564000865365,2025-01-05 11:57:40.388658,2025-01-05 11:57:53.644385,0 days 00:00:13.255727,1,14,,,,,,,,,,,,,,,,,,,,30,,,,,,,,,,,,,,,,,,,,COMPLETE
981,981,0.785179946470269,2025-01-05 11:57:53.644945,2025-01-05 11:58:13.931538,0 days 00:00:20.286593,2,9,9.0,,,,,,,,,,,,,,,,,,,35,35.0,,,,,,,,,,,,,,,,,,,COMPLETE
982,982,0.8417297802711547,2025-01-05 11:58:13.932502,2025-01-05 11:58:22.596290,0 days 00:00:08.663788,1,10,,,,,,,,,,,,,,,,,,,,30,,,,,,,,,,,,,,,,,,,,COMPLETE
983,983,0.7762781894429531,2025-01-05 11:58:22.596873,2025-01-05 11:58:37.658911,0 days 00:00:15.062038,1,13,,,,,,,,,,,,,,,,,,,,50,,,,,,,,,,,,,,,,,,,,COMPLETE
984,984,0.7815042238844851,2025-01-05 11:58:37.659506,2025-01-05 11:58:54.820629,0 days 00:00:17.161123,2,9,6.0,,,,,,,,,,,,,,,,,,,25,40.0,,,,,,,,,,,,,,,,,,,COMPLETE
985,985,0.7840827404385131,2025-01-05 11:58:54.821440,2025-01-05 11:59:05.384647,0 days 00:00:10.563207,1,11,,,,,,,,,,,,,,,,,,,,30,,,,,,,,,,,,,,,,,,,,COMPLETE
986,986,0.7098750201656908,2025-01-05 11:59:05.385265,2025-01-05 11:59:19.929732,0 days 00:00:14.544467,1,14,,,,,,,,,,,,,,,,,,,,35,,,,,,,,,,,,,,,,,,,,COMPLETE
987,987,0.7638360228024088,2025-01-05 11:59:19.930194,2025-01-05 11:59:38.095817,0 days 00:00:18.165623,2,9,9.0,,,,,,,,,,,,,,,,,,,35,25.0,,,,,,,,,,,,,,,,,,,COMPLETE
988,988,0.8487002136345368,2025-01-05 11:59:38.096665,2025-01-05 11:59:50.341619,0 days 00:00:12.244954,1,12,,,,,,,,,,,,,,,,,,,,30,,,,,,,,,,,,,,,,,,,,COMPLETE
989,989,0.7867473769168685,2025-01-05 11:59:50.342059,2025-01-05 12:00:01.669930,0 days 00:00:11.327871,1,10,,,,,,,,,,,,,,,,,,,,50,,,,,,,,,,,,,,,,,,,,COMPLETE
990,990,0.7878910675908342,2025-01-05 12:00:01.670407,2025-01-05 12:00:16.185894,0 days 00:00:14.515487,1,15,,,,,,,,,,,,,,,,,,,,40,,,,,,,,,,,,,,,,,,,,COMPLETE
991,991,0.7684487637602324,2025-01-05 12:00:16.186325,2025-01-05 12:00:33.444737,0 days 00:00:17.258412,2,11,12.0,,,,,,,,,,,,,,,,,,,30,20.0,,,,,,,,,,,,,,,,,,,COMPLETE
992,992,0.17314608134920634,2025-01-05 12:00:33.445198,2025-01-05 12:01:39.660156,0 days 00:01:06.214958,10,10,3.0,,,,,,,,,,,12.0,10.0,11.0,13.0,3.0,12.0,3.0,7.0,35,50.0,,,,,,,,,,,60.0,60.0,10.0,25.0,30.0,40.0,15.0,5.0,COMPLETE
993,993,0.7797001712384091,2025-01-05 12:01:39.661179,2025-01-05 12:01:52.373690,0 days 00:00:12.712511,1,9,,,,,,,,,,,,,,,,,,,,50,,,,,,,,,,,,,,,,,,,,COMPLETE
994,994,0.7780707954977979,2025-01-05 12:01:52.374139,2025-01-05 12:02:05.464390,0 days 00:00:13.090251,1,14,,,,,,,,,,,,,,,,,,,,30,,,,,,,,,,,,,,,,,,,,COMPLETE
995,995,0.7900152520891066,2025-01-05 12:02:05.464922,2025-01-05 12:02:13.098363,0 days 00:00:07.633441,1,11,,,,,,,,,,,,,,,,,,,,10,,,,,,,,,,,,,,,,,,,,COMPLETE
996,996,0.7886470347135213,2025-01-05 12:02:13.098795,2025-01-05 12:02:26.511765,0 days 00:00:13.412970,2,12,5.0,,,,,,,,,,,,,,,,,,,25,15.0,,,,,,,,,,,,,,,,,,,COMPLETE
997,997,0.7763157894736842,2025-01-05 12:02:26.512517,2025-01-05 12:02:54.978171,0 days 00:00:28.465654,2,10,15.0,,,,,,,,,,,,,,,,,,,30,55.0,,,,,,,,,,,,,,,,,,,COMPLETE
998,998,0.7491967475398339,2025-01-05 12:02:54.978626,2025-01-05 12:03:08.524928,0 days 00:00:13.546302,1,14,,,,,,,,,,,,,,,,,,,,35,,,,,,,,,,,,,,,,,,,,COMPLETE
999,999,0.7979739507959479,2025-01-05 12:03:08.525466,2025-01-05 12:03:19.731870,0 days 00:00:11.206404,1,9,,,,,,,,,,,,,,,,,,,,40,,,,,,,,,,,,,,,,,,,,COMPLETE
