,number,value,datetime_start,datetime_complete,duration,params_depth,params_neurons_layer_0,params_neurons_layer_1,params_neurons_layer_10,params_neurons_layer_11,params_neurons_layer_12,params_neurons_layer_13,params_neurons_layer_14,params_neurons_layer_15,params_neurons_layer_16,params_neurons_layer_17,params_neurons_layer_18,params_neurons_layer_19,params_neurons_layer_2,params_neurons_layer_3,params_neurons_layer_4,params_neurons_layer_5,params_neurons_layer_6,params_neurons_layer_7,params_neurons_layer_8,params_neurons_layer_9,state
0,0,0.5102101213376738,2025-01-02 06:45:16.790791,2025-01-02 06:45:29.484854,0 days 00:00:12.694063,6,75,120.0,,,,,,,,,,,65.0,115.0,80.0,50.0,,,,,COMPLETE
1,1,0.034482758620689655,2025-01-02 06:45:29.485411,2025-01-02 06:46:16.971688,0 days 00:00:47.486277,17,30,175.0,70.0,85.0,155.0,150.0,175.0,100.0,95.0,,,,45.0,85.0,70.0,85.0,175.0,45.0,145.0,140.0,COMPLETE
2,2,0.5200254291163382,2025-01-02 06:46:16.972556,2025-01-02 06:47:04.192520,0 days 00:00:47.219964,17,180,30.0,120.0,20.0,175.0,195.0,155.0,145.0,30.0,,,,40.0,155.0,15.0,100.0,80.0,150.0,100.0,20.0,COMPLETE
3,3,0.6424949290060853,2025-01-02 06:47:04.193591,2025-01-02 06:47:14.566259,0 days 00:00:10.372668,5,20,165.0,,,,,,,,,,,85.0,45.0,150.0,,,,,,COMPLETE
4,4,0.7600753604193972,2025-01-02 06:47:14.566831,2025-01-02 06:47:21.923574,0 days 00:00:07.356743,3,100,30.0,,,,,,,,,,,120.0,,,,,,,,COMPLETE
5,5,0.8291666666666666,2025-01-02 06:47:21.924074,2025-01-02 06:47:26.885645,0 days 00:00:04.961571,1,115,,,,,,,,,,,,,,,,,,,,COMPLETE
6,6,0.5099920063948841,2025-01-02 06:47:26.886126,2025-01-02 06:48:13.694408,0 days 00:00:46.808282,17,155,170.0,65.0,190.0,75.0,20.0,175.0,105.0,45.0,,,,30.0,60.0,100.0,150.0,35.0,165.0,55.0,110.0,COMPLETE
7,7,0.45591702027345593,2025-01-02 06:48:13.695174,2025-01-02 06:49:00.361491,0 days 00:00:46.666317,17,165,15.0,10.0,155.0,105.0,200.0,30.0,65.0,65.0,,,,185.0,80.0,110.0,35.0,170.0,45.0,45.0,180.0,COMPLETE
8,8,0.652804711628241,2025-01-02 06:49:00.362234,2025-01-02 06:49:12.138334,0 days 00:00:11.776100,6,115,120.0,,,,,,,,,,,70.0,20.0,105.0,115.0,,,,,COMPLETE
9,9,0.42544802867383513,2025-01-02 06:49:12.138903,2025-01-02 06:49:22.212114,0 days 00:00:10.073211,5,190,90.0,,,,,,,,,,,155.0,150.0,170.0,,,,,,COMPLETE
10,10,0.5101853397896143,2025-01-02 06:49:22.212781,2025-01-02 06:49:56.541643,0 days 00:00:34.328862,11,75,75.0,195.0,,,,,,,,,,125.0,200.0,200.0,200.0,15.0,5.0,200.0,10.0,COMPLETE
11,11,0.8182447637181929,2025-01-02 06:49:56.542290,2025-01-02 06:50:01.486312,0 days 00:00:04.944022,1,120,,,,,,,,,,,,,,,,,,,,COMPLETE
12,12,0.8321861684693543,2025-01-02 06:50:01.486793,2025-01-02 06:50:06.451334,0 days 00:00:04.964541,1,125,,,,,,,,,,,,,,,,,,,,COMPLETE
13,13,0.4445121951219512,2025-01-02 06:50:06.451811,2025-01-02 06:50:23.378457,0 days 00:00:16.926646,9,145,200.0,,,,,,,,,,,200.0,5.0,10.0,5.0,120.0,200.0,5.0,,COMPLETE
14,14,0.391350584898972,2025-01-02 06:50:23.379763,2025-01-02 06:50:43.796651,0 days 00:00:20.416888,10,75,60.0,,,,,,,,,,,10.0,185.0,45.0,200.0,110.0,105.0,165.0,60.0,COMPLETE
15,15,0.8402036048064085,2025-01-02 06:50:43.797298,2025-01-02 06:50:48.789615,0 days 00:00:04.992317,1,130,,,,,,,,,,,,,,,,,,,,COMPLETE
16,16,0.33284198113207547,2025-01-02 06:50:48.790074,2025-01-02 06:51:27.041332,0 days 00:00:38.251258,13,140,135.0,200.0,15.0,15.0,,,,,,,,160.0,115.0,140.0,150.0,65.0,100.0,105.0,195.0,COMPLETE
17,17,0.8016569200779726,2025-01-02 06:51:27.042059,2025-01-02 06:51:34.482312,0 days 00:00:07.440253,3,50,55.0,,,,,,,,,,,105.0,,,,,,,,COMPLETE
18,18,0.5283018867924528,2025-01-02 06:51:34.482843,2025-01-02 06:51:49.487471,0 days 00:00:15.004628,8,130,145.0,,,,,,,,,,,145.0,150.0,195.0,150.0,195.0,90.0,,,COMPLETE
19,19,0.034482758620689655,2025-01-02 06:51:49.488245,2025-01-02 06:52:29.486115,0 days 00:00:39.997870,14,170,100.0,145.0,95.0,5.0,45.0,,,,,,,10.0,40.0,45.0,65.0,140.0,145.0,5.0,70.0,COMPLETE
20,20,0.8054054054054054,2025-01-02 06:52:29.486837,2025-01-02 06:52:36.814991,0 days 00:00:07.328154,3,200,190.0,,,,,,,,,,,175.0,,,,,,,,COMPLETE
21,21,0.8238421955403088,2025-01-02 06:52:36.815499,2025-01-02 06:52:41.773074,0 days 00:00:04.957575,1,105,,,,,,,,,,,,,,,,,,,,COMPLETE
22,22,0.8166203586764335,2025-01-02 06:52:41.773549,2025-01-02 06:52:46.779293,0 days 00:00:05.005744,1,95,,,,,,,,,,,,,,,,,,,,COMPLETE
23,23,0.760458958517211,2025-01-02 06:52:46.779759,2025-01-02 06:52:54.151960,0 days 00:00:07.372201,3,135,150.0,,,,,,,,,,,95.0,,,,,,,,COMPLETE
24,24,0.8109921848453958,2025-01-02 06:52:54.152469,2025-01-02 06:52:59.146313,0 days 00:00:04.993844,1,90,,,,,,,,,,,,,,,,,,,,COMPLETE
25,25,0.6539083557951482,2025-01-02 06:52:59.146792,2025-01-02 06:53:08.122015,0 days 00:00:08.975223,4,120,15.0,,,,,,,,,,,130.0,175.0,,,,,,,COMPLETE
26,26,0.3007765830346476,2025-01-02 06:53:08.122511,2025-01-02 06:54:05.790514,0 days 00:00:57.668003,20,150,50.0,5.0,140.0,200.0,85.0,15.0,10.0,200.0,40.0,25.0,55.0,60.0,130.0,130.0,5.0,60.0,10.0,105.0,150.0,COMPLETE
27,27,0.4922172258734002,2025-01-02 06:54:05.791331,2025-01-02 06:54:20.906198,0 days 00:00:15.114867,8,125,80.0,,,,,,,,,,,200.0,95.0,170.0,130.0,145.0,60.0,,,COMPLETE
28,28,0.8218515429524604,2025-01-02 06:54:20.906966,2025-01-02 06:54:27.310978,0 days 00:00:06.404012,2,110,115.0,,,,,,,,,,,,,,,,,,,COMPLETE
29,29,0.575281113016962,2025-01-02 06:54:27.311466,2025-01-02 06:54:38.928301,0 days 00:00:11.616835,6,60,5.0,,,,,,,,,,,105.0,65.0,40.0,180.0,,,,,COMPLETE
30,30,0.8017094017094017,2025-01-02 06:54:38.928847,2025-01-02 06:54:47.602465,0 days 00:00:08.673618,4,85,35.0,,,,,,,,,,,80.0,20.0,,,,,,,COMPLETE
31,31,0.8205607476635515,2025-01-02 06:54:47.603007,2025-01-02 06:54:52.600067,0 days 00:00:04.997060,1,105,,,,,,,,,,,,,,,,,,,,COMPLETE
32,32,0.7833333333333333,2025-01-02 06:54:52.600537,2025-01-02 06:54:59.014060,0 days 00:00:06.413523,2,105,70.0,,,,,,,,,,,,,,,,,,,COMPLETE
33,33,0.8267195767195767,2025-01-02 06:54:59.014563,2025-01-02 06:55:05.020607,0 days 00:00:06.006044,2,160,140.0,,,,,,,,,,,,,,,,,,,COMPLETE
34,34,0.714905814905815,2025-01-02 06:55:05.021091,2025-01-02 06:55:13.701125,0 days 00:00:08.680034,4,160,150.0,,,,,,,,,,,140.0,125.0,,,,,,,COMPLETE
35,35,0.5712829226847917,2025-01-02 06:55:13.701645,2025-01-02 06:55:26.459351,0 days 00:00:12.757706,7,175,105.0,,,,,,,,,,,25.0,180.0,80.0,30.0,10.0,,,,COMPLETE
36,36,0.853606453653907,2025-01-02 06:55:26.459928,2025-01-02 06:55:32.456224,0 days 00:00:05.996296,2,135,130.0,,,,,,,,,,,,,,,,,,,COMPLETE
37,37,0.49719101123595505,2025-01-02 06:55:32.456726,2025-01-02 06:55:42.652399,0 days 00:00:10.195673,5,140,125.0,,,,,,,,,,,55.0,165.0,165.0,,,,,,COMPLETE
38,38,0.8287337662337663,2025-01-02 06:55:42.652974,2025-01-02 06:55:48.687722,0 days 00:00:06.034748,2,125,160.0,,,,,,,,,,,,,,,,,,,COMPLETE
39,39,0.6855605800717293,2025-01-02 06:55:48.688227,2025-01-02 06:55:58.776971,0 days 00:00:10.088744,5,130,185.0,,,,,,,,,,,180.0,135.0,120.0,,,,,,COMPLETE
40,40,0.8144144144144144,2025-01-02 06:55:58.777500,2025-01-02 06:56:06.143177,0 days 00:00:07.365677,3,150,95.0,,,,,,,,,,,165.0,,,,,,,,COMPLETE
41,41,0.8493493493493494,2025-01-02 06:56:06.143751,2025-01-02 06:56:11.107702,0 days 00:00:04.963951,1,120,,,,,,,,,,,,,,,,,,,,COMPLETE
42,42,0.8177865612648222,2025-01-02 06:56:11.108193,2025-01-02 06:56:17.560327,0 days 00:00:06.452134,2,115,130.0,,,,,,,,,,,,,,,,,,,COMPLETE
43,43,0.8310258548790659,2025-01-02 06:56:17.560844,2025-01-02 06:56:22.567768,0 days 00:00:05.006924,1,85,,,,,,,,,,,,,,,,,,,,COMPLETE
44,44,0.7677589093518298,2025-01-02 06:56:22.568240,2025-01-02 06:56:31.357120,0 days 00:00:08.788880,4,85,175.0,,,,,,,,,,,110.0,200.0,,,,,,,COMPLETE
45,45,0.8089550246897104,2025-01-02 06:56:31.357644,2025-01-02 06:56:36.875269,0 days 00:00:05.517625,1,5,,,,,,,,,,,,,,,,,,,,COMPLETE
46,46,0.8066528066528067,2025-01-02 06:56:36.875767,2025-01-02 06:56:44.741939,0 days 00:00:07.866172,3,70,160.0,,,,,,,,,,,45.0,,,,,,,,COMPLETE
47,47,0.8108766233766234,2025-01-02 06:56:44.742597,2025-01-02 06:56:50.753103,0 days 00:00:06.010506,2,55,110.0,,,,,,,,,,,,,,,,,,,COMPLETE
48,48,0.533201581027668,2025-01-02 06:56:50.753619,2025-01-02 06:57:02.276755,0 days 00:00:11.523136,6,95,40.0,,,,,,,,,,,90.0,65.0,25.0,80.0,,,,,COMPLETE
49,49,0.8574341546304163,2025-01-02 06:57:02.277308,2025-01-02 06:57:07.598477,0 days 00:00:05.321169,1,140,,,,,,,,,,,,,,,,,,,,COMPLETE
50,50,0.3153100205700852,2025-01-02 06:57:07.598959,2025-01-02 06:57:45.988367,0 days 00:00:38.389408,13,185,90.0,155.0,60.0,75.0,,,,,,,,75.0,100.0,60.0,180.0,85.0,200.0,195.0,70.0,COMPLETE
51,51,0.8541890662476221,2025-01-02 06:57:45.989072,2025-01-02 06:57:50.978277,0 days 00:00:04.989205,1,140,,,,,,,,,,,,,,,,,,,,COMPLETE
52,52,0.8359788359788359,2025-01-02 06:57:50.978770,2025-01-02 06:57:57.007756,0 days 00:00:06.028986,2,140,185.0,,,,,,,,,,,,,,,,,,,COMPLETE
53,53,0.8016142735768904,2025-01-02 06:57:57.008242,2025-01-02 06:58:04.939992,0 days 00:00:07.931750,3,140,185.0,,,,,,,,,,,20.0,,,,,,,,COMPLETE
54,54,0.8263092928936695,2025-01-02 06:58:04.940511,2025-01-02 06:58:11.401179,0 days 00:00:06.460668,2,150,200.0,,,,,,,,,,,,,,,,,,,COMPLETE
55,55,0.5555555555555556,2025-01-02 06:58:11.401672,2025-01-02 06:58:21.537888,0 days 00:00:10.136216,5,135,165.0,,,,,,,,,,,40.0,110.0,185.0,,,,,,COMPLETE
56,56,0.7511467889908257,2025-01-02 06:58:21.538438,2025-01-02 06:58:30.181620,0 days 00:00:08.643182,4,155,175.0,,,,,,,,,,,140.0,40.0,,,,,,,COMPLETE
57,57,0.822429906542056,2025-01-02 06:58:30.182032,2025-01-02 06:58:35.121985,0 days 00:00:04.939953,1,170,,,,,,,,,,,,,,,,,,,,COMPLETE
58,58,0.8363095238095238,2025-01-02 06:58:35.122455,2025-01-02 06:58:42.504431,0 days 00:00:07.381976,3,145,120.0,,,,,,,,,,,115.0,,,,,,,,COMPLETE
59,59,0.8088624338624338,2025-01-02 06:58:42.504968,2025-01-02 06:58:50.359625,0 days 00:00:07.854657,3,120,120.0,,,,,,,,,,,115.0,,,,,,,,COMPLETE
60,60,0.6454166666666666,2025-01-02 06:58:50.360151,2025-01-02 06:59:34.846230,0 days 00:00:44.486079,16,130,80.0,55.0,190.0,130.0,115.0,90.0,180.0,,,,,130.0,20.0,90.0,125.0,35.0,125.0,55.0,115.0,COMPLETE
61,61,0.8251287001287001,2025-01-02 06:59:34.847231,2025-01-02 06:59:41.287156,0 days 00:00:06.439925,2,145,155.0,,,,,,,,,,,,,,,,,,,COMPLETE
62,62,0.8458874458874459,2025-01-02 06:59:41.287664,2025-01-02 06:59:46.298446,0 days 00:00:05.010782,1,145,,,,,,,,,,,,,,,,,,,,COMPLETE
63,63,0.8181818181818181,2025-01-02 06:59:46.298946,2025-01-02 06:59:51.249907,0 days 00:00:04.950961,1,115,,,,,,,,,,,,,,,,,,,,COMPLETE
64,64,0.7960216067907057,2025-01-02 06:59:51.250380,2025-01-02 06:59:56.230937,0 days 00:00:04.980557,1,160,,,,,,,,,,,,,,,,,,,,COMPLETE
65,65,0.7980041847738613,2025-01-02 06:59:56.231428,2025-01-02 07:00:03.561556,0 days 00:00:07.330128,3,145,65.0,,,,,,,,,,,95.0,,,,,,,,COMPLETE
66,66,0.8071428571428572,2025-01-02 07:00:03.562055,2025-01-02 07:00:08.561973,0 days 00:00:04.999918,1,135,,,,,,,,,,,,,,,,,,,,COMPLETE
67,67,0.3886113886113886,2025-01-02 07:00:08.562471,2025-01-02 07:00:37.430446,0 days 00:00:28.867975,11,125,140.0,100.0,,,,,,,,,,50.0,85.0,30.0,95.0,200.0,75.0,140.0,45.0,COMPLETE
68,68,0.8125625625625625,2025-01-02 07:00:37.431154,2025-01-02 07:00:44.831756,0 days 00:00:07.400602,3,155,110.0,,,,,,,,,,,190.0,,,,,,,,COMPLETE
69,69,0.7889908256880734,2025-01-02 07:00:44.832257,2025-01-02 07:00:54.150369,0 days 00:00:09.318112,4,170,45.0,,,,,,,,,,,65.0,5.0,,,,,,,COMPLETE
70,70,0.8502795248078268,2025-01-02 07:00:54.150921,2025-01-02 07:01:00.556920,0 days 00:00:06.405999,2,130,130.0,,,,,,,,,,,,,,,,,,,COMPLETE
71,71,0.8369818351187703,2025-01-02 07:01:00.557402,2025-01-02 07:01:07.004435,0 days 00:00:06.447033,2,130,130.0,,,,,,,,,,,,,,,,,,,COMPLETE
72,72,0.8272727272727273,2025-01-02 07:01:07.004940,2025-01-02 07:01:13.480225,0 days 00:00:06.475285,2,110,100.0,,,,,,,,,,,,,,,,,,,COMPLETE
73,73,0.8660607510165033,2025-01-02 07:01:13.480729,2025-01-02 07:01:18.468816,0 days 00:00:04.988087,1,120,,,,,,,,,,,,,,,,,,,,COMPLETE
74,74,0.8558558558558559,2025-01-02 07:01:18.469300,2025-01-02 07:01:23.460744,0 days 00:00:04.991444,1,120,,,,,,,,,,,,,,,,,,,,COMPLETE
75,75,0.8049742710120069,2025-01-02 07:01:23.461207,2025-01-02 07:01:28.439955,0 days 00:00:04.978748,1,110,,,,,,,,,,,,,,,,,,,,COMPLETE
76,76,0.8311092577147623,2025-01-02 07:01:28.440431,2025-01-02 07:01:33.410050,0 days 00:00:04.969619,1,120,,,,,,,,,,,,,,,,,,,,COMPLETE
77,77,0.7850225413257639,2025-01-02 07:01:33.410558,2025-01-02 07:01:39.872640,0 days 00:00:06.462082,2,100,90.0,,,,,,,,,,,,,,,,,,,COMPLETE
78,78,0.8273809523809523,2025-01-02 07:01:39.873319,2025-01-02 07:01:45.199726,0 days 00:00:05.326407,1,135,,,,,,,,,,,,,,,,,,,,COMPLETE
79,79,0.7161442006269593,2025-01-02 07:01:45.200211,2025-01-02 07:01:53.848152,0 days 00:00:08.647941,4,125,80.0,,,,,,,,,,,155.0,55.0,,,,,,,COMPLETE
80,80,0.8016142735768904,2025-01-02 07:01:53.848691,2025-01-02 07:01:59.856348,0 days 00:00:06.007657,2,115,145.0,,,,,,,,,,,,,,,,,,,COMPLETE
81,81,0.8252925823019281,2025-01-02 07:01:59.856873,2025-01-02 07:02:04.845087,0 days 00:00:04.988214,1,130,,,,,,,,,,,,,,,,,,,,COMPLETE
82,82,0.823495655025414,2025-01-02 07:02:04.845581,2025-01-02 07:02:09.818134,0 days 00:00:04.972553,1,120,,,,,,,,,,,,,,,,,,,,COMPLETE
83,83,0.8212005108556832,2025-01-02 07:02:09.818614,2025-01-02 07:02:16.705912,0 days 00:00:06.887298,3,135,15.0,,,,,,,,,,,30.0,,,,,,,,COMPLETE
84,84,0.5640552995391706,2025-01-02 07:02:16.706407,2025-01-02 07:03:30.991830,0 days 00:01:14.285423,20,140,130.0,35.0,135.0,60.0,70.0,80.0,5.0,180.0,200.0,185.0,200.0,5.0,75.0,60.0,60.0,135.0,175.0,80.0,155.0,COMPLETE
85,85,0.8557504873294347,2025-01-02 07:03:31.002101,2025-01-02 07:03:37.466370,0 days 00:00:06.464269,2,35,60.0,,,,,,,,,,,,,,,,,,,COMPLETE
86,86,0.8572111934943794,2025-01-02 07:03:37.466895,2025-01-02 07:03:43.913472,0 days 00:00:06.446577,2,150,60.0,,,,,,,,,,,,,,,,,,,COMPLETE
87,87,0.8520514883346741,2025-01-02 07:03:43.914002,2025-01-02 07:03:50.436443,0 days 00:00:06.522441,2,25,25.0,,,,,,,,,,,,,,,,,,,COMPLETE
88,88,0.8607085346215781,2025-01-02 07:03:50.436952,2025-01-02 07:03:56.923430,0 days 00:00:06.486478,2,35,25.0,,,,,,,,,,,,,,,,,,,COMPLETE
89,89,0.5710743801652892,2025-01-02 07:03:56.923943,2025-01-02 07:04:12.258949,0 days 00:00:15.335006,7,30,5.0,,,,,,,,,,,190.0,30.0,150.0,30.0,165.0,,,,COMPLETE
90,90,0.7135673959068455,2025-01-02 07:04:12.259535,2025-01-02 07:04:19.718227,0 days 00:00:07.458692,3,40,25.0,,,,,,,,,,,170.0,,,,,,,,COMPLETE
91,91,0.8071784967004667,2025-01-02 07:04:19.718891,2025-01-02 07:04:25.784767,0 days 00:00:06.065876,2,20,55.0,,,,,,,,,,,,,,,,,,,COMPLETE
92,92,0.8161705551086083,2025-01-02 07:04:25.785251,2025-01-02 07:04:32.227487,0 days 00:00:06.442236,2,35,20.0,,,,,,,,,,,,,,,,,,,COMPLETE
93,93,0.6410367545076283,2025-01-02 07:04:32.228004,2025-01-02 07:04:41.378396,0 days 00:00:09.150392,4,15,35.0,,,,,,,,,,,150.0,140.0,,,,,,,COMPLETE
94,94,0.8559714216124057,2025-01-02 07:04:41.378940,2025-01-02 07:04:47.407883,0 days 00:00:06.028943,2,45,30.0,,,,,,,,,,,,,,,,,,,COMPLETE
95,95,0.7797292942313889,2025-01-02 07:04:47.408383,2025-01-02 07:04:54.782667,0 days 00:00:07.374284,3,40,30.0,,,,,,,,,,,85.0,,,,,,,,COMPLETE
96,96,0.8125996810207337,2025-01-02 07:04:54.783187,2025-01-02 07:05:00.781877,0 days 00:00:05.998690,2,50,50.0,,,,,,,,,,,,,,,,,,,COMPLETE
97,97,0.812125569134915,2025-01-02 07:05:00.782380,2025-01-02 07:05:07.816780,0 days 00:00:07.034400,3,30,10.0,,,,,,,,,,,15.0,,,,,,,,COMPLETE
98,98,0.8123653769445554,2025-01-02 07:05:07.817294,2025-01-02 07:05:14.302607,0 days 00:00:06.485313,2,10,40.0,,,,,,,,,,,,,,,,,,,COMPLETE
99,99,0.6819571865443426,2025-01-02 07:05:14.303139,2025-01-02 07:05:23.330440,0 days 00:00:09.027301,4,20,25.0,,,,,,,,,,,35.0,165.0,,,,,,,COMPLETE
100,100,0.34337637494022,2025-01-02 07:05:23.330973,2025-01-02 07:06:15.670318,0 days 00:00:52.339345,19,25,65.0,165.0,50.0,40.0,140.0,125.0,200.0,130.0,155.0,200.0,,70.0,115.0,5.0,180.0,90.0,25.0,30.0,100.0,COMPLETE
101,101,0.8176638176638176,2025-01-02 07:06:15.671225,2025-01-02 07:06:22.112989,0 days 00:00:06.441764,2,45,20.0,,,,,,,,,,,,,,,,,,,COMPLETE
102,102,0.8072745642839101,2025-01-02 07:06:22.113522,2025-01-02 07:06:27.453348,0 days 00:00:05.339826,1,25,,,,,,,,,,,,,,,,,,,,COMPLETE
103,103,0.8325958702064897,2025-01-02 07:06:27.453853,2025-01-02 07:06:33.502466,0 days 00:00:06.048613,2,35,45.0,,,,,,,,,,,,,,,,,,,COMPLETE
104,104,0.8250080567193039,2025-01-02 07:06:33.502978,2025-01-02 07:06:38.818737,0 days 00:00:05.315759,1,65,,,,,,,,,,,,,,,,,,,,COMPLETE
105,105,0.8144963144963145,2025-01-02 07:06:38.819224,2025-01-02 07:06:46.270826,0 days 00:00:07.451602,3,50,30.0,,,,,,,,,,,125.0,,,,,,,,COMPLETE
106,106,0.8336283185840708,2025-01-02 07:06:46.271521,2025-01-02 07:06:52.672516,0 days 00:00:06.400995,2,150,70.0,,,,,,,,,,,,,,,,,,,COMPLETE
107,107,0.4994422547780174,2025-01-02 07:06:52.673001,2025-01-02 07:07:05.949234,0 days 00:00:13.276233,9,155,55.0,,,,,,,,,,,100.0,50.0,85.0,135.0,50.0,120.0,170.0,,COMPLETE
108,108,0.8649350649350649,2025-01-02 07:07:05.950424,2025-01-02 07:07:11.244828,0 days 00:00:05.294404,1,25,,,,,,,,,,,,,,,,,,,,COMPLETE
109,109,0.7777777777777778,2025-01-02 07:07:11.245309,2025-01-02 07:07:16.351393,0 days 00:00:05.106084,1,10,,,,,,,,,,,,,,,,,,,,COMPLETE
110,110,0.823100446953658,2025-01-02 07:07:16.351907,2025-01-02 07:07:21.337500,0 days 00:00:04.985593,1,30,,,,,,,,,,,,,,,,,,,,COMPLETE
111,111,0.8209146146466262,2025-01-02 07:07:21.338008,2025-01-02 07:07:27.783822,0 days 00:00:06.445814,2,40,10.0,,,,,,,,,,,,,,,,,,,COMPLETE
112,112,0.810428849902534,2025-01-02 07:07:27.784346,2025-01-02 07:07:35.226397,0 days 00:00:07.442051,3,20,35.0,,,,,,,,,,,140.0,,,,,,,,COMPLETE
113,113,0.7904761904761906,2025-01-02 07:07:35.226976,2025-01-02 07:07:40.533552,0 days 00:00:05.306576,1,35,,,,,,,,,,,,,,,,,,,,COMPLETE
114,114,0.8446640316205534,2025-01-02 07:07:40.534263,2025-01-02 07:07:46.643884,0 days 00:00:06.109621,2,15,25.0,,,,,,,,,,,,,,,,,,,COMPLETE
115,115,0.8526563947124695,2025-01-02 07:07:46.644363,2025-01-02 07:07:51.969315,0 days 00:00:05.324952,1,125,,,,,,,,,,,,,,,,,,,,COMPLETE
116,116,0.7677929547088426,2025-01-02 07:07:51.969829,2025-01-02 07:07:57.313477,0 days 00:00:05.343648,1,25,,,,,,,,,,,,,,,,,,,,COMPLETE
117,117,0.8056374959029826,2025-01-02 07:07:57.313951,2025-01-02 07:08:02.649802,0 days 00:00:05.335851,1,55,,,,,,,,,,,,,,,,,,,,COMPLETE
118,118,0.845568783068783,2025-01-02 07:08:02.650284,2025-01-02 07:08:10.546420,0 days 00:00:07.896136,3,125,45.0,,,,,,,,,,,60.0,,,,,,,,COMPLETE
119,119,0.8128930817610063,2025-01-02 07:08:10.546955,2025-01-02 07:08:15.534634,0 days 00:00:04.987679,1,135,,,,,,,,,,,,,,,,,,,,COMPLETE
120,120,0.06349206349206349,2025-01-02 07:08:15.535134,2025-01-02 07:08:55.951747,0 days 00:00:40.416613,14,140,75.0,100.0,120.0,100.0,10.0,,,,,,,175.0,190.0,70.0,110.0,110.0,70.0,130.0,35.0,COMPLETE
121,121,0.7873525557011796,2025-01-02 07:08:55.952880,2025-01-02 07:09:02.342664,0 days 00:00:06.389784,2,130,60.0,,,,,,,,,,,,,,,,,,,COMPLETE
122,122,0.8519248906799279,2025-01-02 07:09:02.343171,2025-01-02 07:09:08.754751,0 days 00:00:06.411580,2,125,20.0,,,,,,,,,,,,,,,,,,,COMPLETE
123,123,0.8093631014191762,2025-01-02 07:09:08.755417,2025-01-02 07:09:13.728725,0 days 00:00:04.973308,1,115,,,,,,,,,,,,,,,,,,,,COMPLETE
124,124,0.8010104302477183,2025-01-02 07:09:13.729233,2025-01-02 07:09:20.135546,0 days 00:00:06.406313,2,110,20.0,,,,,,,,,,,,,,,,,,,COMPLETE
125,125,0.8568009573195055,2025-01-02 07:09:20.136042,2025-01-02 07:09:25.134080,0 days 00:00:04.998038,1,150,,,,,,,,,,,,,,,,,,,,COMPLETE
126,126,0.8390804597701149,2025-01-02 07:09:25.134565,2025-01-02 07:09:30.138910,0 days 00:00:05.004345,1,165,,,,,,,,,,,,,,,,,,,,COMPLETE
127,127,0.8480292218824329,2025-01-02 07:09:30.139410,2025-01-02 07:09:35.139103,0 days 00:00:04.999693,1,155,,,,,,,,,,,,,,,,,,,,COMPLETE
128,128,0.8416052416052415,2025-01-02 07:09:35.139609,2025-01-02 07:09:41.567236,0 days 00:00:06.427627,2,150,40.0,,,,,,,,,,,,,,,,,,,COMPLETE
129,129,0.8203058623619371,2025-01-02 07:09:41.567744,2025-01-02 07:09:46.565445,0 days 00:00:04.997701,1,145,,,,,,,,,,,,,,,,,,,,COMPLETE
130,130,0.8094021461420542,2025-01-02 07:09:46.565961,2025-01-02 07:09:53.021472,0 days 00:00:06.455511,2,45,50.0,,,,,,,,,,,,,,,,,,,COMPLETE
131,131,0.8267130089374379,2025-01-02 07:09:53.021997,2025-01-02 07:09:59.449601,0 days 00:00:06.427604,2,140,10.0,,,,,,,,,,,,,,,,,,,COMPLETE
132,132,0.7824074074074074,2025-01-02 07:09:59.450101,2025-01-02 07:10:04.447490,0 days 00:00:04.997389,1,125,,,,,,,,,,,,,,,,,,,,COMPLETE
133,133,0.8264550264550264,2025-01-02 07:10:04.447989,2025-01-02 07:10:11.417419,0 days 00:00:06.969430,3,135,5.0,,,,,,,,,,,200.0,,,,,,,,COMPLETE
134,134,0.8054873054873055,2025-01-02 07:10:11.417951,2025-01-02 07:10:17.872086,0 days 00:00:06.454135,2,160,30.0,,,,,,,,,,,,,,,,,,,COMPLETE
135,135,0.8373019097927672,2025-01-02 07:10:17.872602,2025-01-02 07:10:22.864293,0 days 00:00:04.991691,1,120,,,,,,,,,,,,,,,,,,,,COMPLETE
136,136,0.7521885521885522,2025-01-02 07:10:22.864792,2025-01-02 07:10:30.396017,0 days 00:00:07.531225,3,25,15.0,,,,,,,,,,,165.0,,,,,,,,COMPLETE
137,137,0.8163299663299664,2025-01-02 07:10:30.396574,2025-01-02 07:10:36.857847,0 days 00:00:06.461273,2,145,35.0,,,,,,,,,,,,,,,,,,,COMPLETE
138,138,0.8424076138214868,2025-01-02 07:10:36.858360,2025-01-02 07:10:41.847658,0 days 00:00:04.989298,1,95,,,,,,,,,,,,,,,,,,,,COMPLETE
139,139,0.8442687747035573,2025-01-02 07:10:41.848157,2025-01-02 07:10:48.240875,0 days 00:00:06.392718,2,105,60.0,,,,,,,,,,,,,,,,,,,COMPLETE
140,140,0.7910872313527181,2025-01-02 07:10:48.241390,2025-01-02 07:10:57.172464,0 days 00:00:08.931074,4,30,25.0,,,,,,,,,,,190.0,85.0,,,,,,,COMPLETE
141,141,0.420795920629642,2025-01-02 07:10:57.173008,2025-01-02 07:11:21.845151,0 days 00:00:24.672143,11,130,140.0,125.0,,,,,,,,,,5.0,75.0,125.0,165.0,25.0,130.0,80.0,200.0,COMPLETE
142,142,0.8495493991989319,2025-01-02 07:11:21.845842,2025-01-02 07:11:27.847507,0 days 00:00:06.001665,2,130,115.0,,,,,,,,,,,,,,,,,,,COMPLETE
143,143,0.7965360541884592,2025-01-02 07:11:27.848028,2025-01-02 07:11:32.853686,0 days 00:00:05.005658,1,135,,,,,,,,,,,,,,,,,,,,COMPLETE
144,144,0.8071911196911197,2025-01-02 07:11:32.854345,2025-01-02 07:11:40.693297,0 days 00:00:07.838952,3,125,85.0,,,,,,,,,,,80.0,,,,,,,,COMPLETE
145,145,0.8016142735768904,2025-01-02 07:11:40.693837,2025-01-02 07:11:46.692101,0 days 00:00:05.998264,2,150,105.0,,,,,,,,,,,,,,,,,,,COMPLETE
146,146,0.8093301021291328,2025-01-02 07:11:46.692609,2025-01-02 07:11:51.686261,0 days 00:00:04.993652,1,35,,,,,,,,,,,,,,,,,,,,COMPLETE
147,147,0.8311092577147623,2025-01-02 07:11:51.686805,2025-01-02 07:11:57.705785,0 days 00:00:06.018980,2,140,125.0,,,,,,,,,,,,,,,,,,,COMPLETE
148,148,0.857097288676236,2025-01-02 07:11:57.706284,2025-01-02 07:12:05.573300,0 days 00:00:07.867016,3,80,95.0,,,,,,,,,,,20.0,,,,,,,,COMPLETE
149,149,0.8257575757575758,2025-01-02 07:12:05.573839,2025-01-02 07:12:13.465783,0 days 00:00:07.891944,3,45,95.0,,,,,,,,,,,20.0,,,,,,,,COMPLETE
150,150,0.8086580086580086,2025-01-02 07:12:13.466301,2025-01-02 07:12:18.470163,0 days 00:00:05.003862,1,70,,,,,,,,,,,,,,,,,,,,COMPLETE
151,151,0.8125625625625625,2025-01-02 07:12:18.470710,2025-01-02 07:12:24.873563,0 days 00:00:06.402853,2,120,115.0,,,,,,,,,,,,,,,,,,,COMPLETE
152,152,0.8159504265250281,2025-01-02 07:12:24.874073,2025-01-02 07:12:30.186547,0 days 00:00:05.312474,1,80,,,,,,,,,,,,,,,,,,,,COMPLETE
153,153,0.8148148148148148,2025-01-02 07:12:30.187051,2025-01-02 07:12:36.214957,0 days 00:00:06.027906,2,125,150.0,,,,,,,,,,,,,,,,,,,COMPLETE
154,154,0.8363636363636363,2025-01-02 07:12:36.215462,2025-01-02 07:12:44.139500,0 days 00:00:07.924038,3,115,135.0,,,,,,,,,,,35.0,,,,,,,,COMPLETE
155,155,0.810428849902534,2025-01-02 07:12:44.140043,2025-01-02 07:12:49.492657,0 days 00:00:05.352614,1,40,,,,,,,,,,,,,,,,,,,,COMPLETE
156,156,0.8219349457881568,2025-01-02 07:12:49.493610,2025-01-02 07:12:55.980112,0 days 00:00:06.486502,2,140,95.0,,,,,,,,,,,,,,,,,,,COMPLETE
157,157,0.8266434892541087,2025-01-02 07:12:55.980641,2025-01-02 07:13:01.041165,0 days 00:00:05.060524,1,15,,,,,,,,,,,,,,,,,,,,COMPLETE
158,158,0.8558558558558559,2025-01-02 07:13:01.041670,2025-01-02 07:13:07.501817,0 days 00:00:06.460147,2,135,20.0,,,,,,,,,,,,,,,,,,,COMPLETE
159,159,0.8392344497607656,2025-01-02 07:13:07.502347,2025-01-02 07:13:13.944467,0 days 00:00:06.442120,2,145,20.0,,,,,,,,,,,,,,,,,,,COMPLETE
160,160,0.36329935125115853,2025-01-02 07:13:13.945014,2025-01-02 07:13:48.249754,0 days 00:00:34.304740,12,150,15.0,175.0,165.0,,,,,,,,,45.0,145.0,185.0,45.0,185.0,185.0,165.0,90.0,COMPLETE
161,161,0.8498769483182937,2025-01-02 07:13:48.250492,2025-01-02 07:13:54.672789,0 days 00:00:06.422297,2,130,30.0,,,,,,,,,,,,,,,,,,,COMPLETE
162,162,0.8163265306122449,2025-01-02 07:13:54.673311,2025-01-02 07:13:59.995807,0 days 00:00:05.322496,1,135,,,,,,,,,,,,,,,,,,,,COMPLETE
163,163,0.8013988288874431,2025-01-02 07:13:59.996435,2025-01-02 07:14:07.357911,0 days 00:00:07.361476,3,140,35.0,,,,,,,,,,,25.0,,,,,,,,COMPLETE
164,164,0.8659752692461109,2025-01-02 07:14:07.358520,2025-01-02 07:14:13.789636,0 days 00:00:06.431116,2,130,125.0,,,,,,,,,,,,,,,,,,,COMPLETE
165,165,0.8098693759071118,2025-01-02 07:14:13.790163,2025-01-02 07:14:18.774686,0 days 00:00:04.984523,1,125,,,,,,,,,,,,,,,,,,,,COMPLETE
166,166,0.8163299663299664,2025-01-02 07:14:18.775198,2025-01-02 07:14:25.185592,0 days 00:00:06.410394,2,110,40.0,,,,,,,,,,,,,,,,,,,COMPLETE
167,167,0.823887507502358,2025-01-02 07:14:25.186095,2025-01-02 07:14:30.195446,0 days 00:00:05.009351,1,135,,,,,,,,,,,,,,,,,,,,COMPLETE
168,168,0.8214285714285714,2025-01-02 07:14:30.195967,2025-01-02 07:14:36.647018,0 days 00:00:06.451051,2,35,110.0,,,,,,,,,,,,,,,,,,,COMPLETE
169,169,0.7979358168037414,2025-01-02 07:14:36.647550,2025-01-02 07:14:44.540983,0 days 00:00:07.893433,3,20,125.0,,,,,,,,,,,50.0,,,,,,,,COMPLETE
170,170,0.8686926605504588,2025-01-02 07:14:44.541510,2025-01-02 07:14:49.526099,0 days 00:00:04.984589,1,120,,,,,,,,,,,,,,,,,,,,COMPLETE
171,171,0.8035087719298246,2025-01-02 07:14:49.526614,2025-01-02 07:14:54.528043,0 days 00:00:05.001429,1,120,,,,,,,,,,,,,,,,,,,,COMPLETE
172,172,0.838095238095238,2025-01-02 07:14:54.528558,2025-01-02 07:14:59.519176,0 days 00:00:04.990618,1,130,,,,,,,,,,,,,,,,,,,,COMPLETE
173,173,0.8054554390563565,2025-01-02 07:14:59.519697,2025-01-02 07:15:05.996757,0 days 00:00:06.477060,2,30,20.0,,,,,,,,,,,,,,,,,,,COMPLETE
174,174,0.8057311420143278,2025-01-02 07:15:05.997302,2025-01-02 07:15:10.990648,0 days 00:00:04.993346,1,120,,,,,,,,,,,,,,,,,,,,COMPLETE
175,175,0.8215120160213618,2025-01-02 07:15:10.991140,2025-01-02 07:15:17.455831,0 days 00:00:06.464691,2,145,10.0,,,,,,,,,,,,,,,,,,,COMPLETE
176,176,0.8492910758965805,2025-01-02 07:15:17.456342,2025-01-02 07:15:22.495453,0 days 00:00:05.039111,1,90,,,,,,,,,,,,,,,,,,,,COMPLETE
177,177,0.7925586136595311,2025-01-02 07:15:22.495975,2025-01-02 07:15:28.984263,0 days 00:00:06.488288,2,115,25.0,,,,,,,,,,,,,,,,,,,COMPLETE
178,178,0.8302353410450738,2025-01-02 07:15:28.984783,2025-01-02 07:15:33.984115,0 days 00:00:04.999332,1,125,,,,,,,,,,,,,,,,,,,,COMPLETE
179,179,0.3368421052631579,2025-01-02 07:15:33.984655,2025-01-02 07:16:18.523295,0 days 00:00:44.538640,16,155,50.0,85.0,60.0,140.0,160.0,50.0,55.0,,,,,15.0,160.0,20.0,15.0,160.0,35.0,80.0,125.0,COMPLETE
180,180,0.7910052910052909,2025-01-02 07:16:18.524624,2025-01-02 07:16:24.954952,0 days 00:00:06.430328,2,115,5.0,,,,,,,,,,,,,,,,,,,COMPLETE
181,181,0.8352624068495322,2025-01-02 07:16:24.955470,2025-01-02 07:16:30.932642,0 days 00:00:05.977172,2,130,135.0,,,,,,,,,,,,,,,,,,,COMPLETE
182,182,0.8233366109472304,2025-01-02 07:16:30.933325,2025-01-02 07:16:38.824613,0 days 00:00:07.891288,3,135,145.0,,,,,,,,,,,55.0,,,,,,,,COMPLETE
183,183,0.8168753306295187,2025-01-02 07:16:38.825190,2025-01-02 07:16:43.816813,0 days 00:00:04.991623,1,140,,,,,,,,,,,,,,,,,,,,COMPLETE
184,184,0.8251247384516337,2025-01-02 07:16:43.817334,2025-01-02 07:16:51.730321,0 days 00:00:07.912987,3,125,135.0,,,,,,,,,,,75.0,,,,,,,,COMPLETE
185,185,0.8400900900900901,2025-01-02 07:16:51.730877,2025-01-02 07:16:57.739036,0 days 00:00:06.008159,2,135,125.0,,,,,,,,,,,,,,,,,,,COMPLETE
186,186,0.8136177194421657,2025-01-02 07:16:57.739571,2025-01-02 07:17:03.102337,0 days 00:00:05.362766,1,25,,,,,,,,,,,,,,,,,,,,COMPLETE
187,187,0.8282075178626902,2025-01-02 07:17:03.102870,2025-01-02 07:17:09.094617,0 days 00:00:05.991747,2,130,85.0,,,,,,,,,,,,,,,,,,,COMPLETE
188,188,0.8364327630382676,2025-01-02 07:17:09.095152,2025-01-02 07:17:14.100859,0 days 00:00:05.005707,1,150,,,,,,,,,,,,,,,,,,,,COMPLETE
189,189,0.5756600660066007,2025-01-02 07:17:14.101373,2025-01-02 07:17:26.965081,0 days 00:00:12.863708,7,120,120.0,,,,,,,,,,,90.0,125.0,145.0,75.0,5.0,,,,COMPLETE
190,190,0.8214285714285714,2025-01-02 07:17:26.965752,2025-01-02 07:17:33.399371,0 days 00:00:06.433619,2,145,15.0,,,,,,,,,,,,,,,,,,,COMPLETE
191,191,0.8158692722371967,2025-01-02 07:17:33.400120,2025-01-02 07:17:39.839112,0 days 00:00:06.438992,2,130,25.0,,,,,,,,,,,,,,,,,,,COMPLETE
192,192,0.4990053050397878,2025-01-02 07:17:39.839641,2025-01-02 07:18:01.689881,0 days 00:00:21.850240,10,125,30.0,,,,,,,,,,,110.0,30.0,160.0,90.0,125.0,145.0,25.0,175.0,COMPLETE
193,193,0.8176638176638176,2025-01-02 07:18:01.690593,2025-01-02 07:18:08.107881,0 days 00:00:06.417288,2,130,30.0,,,,,,,,,,,,,,,,,,,COMPLETE
194,194,0.8291418861512319,2025-01-02 07:18:08.108422,2025-01-02 07:18:13.102579,0 days 00:00:04.994157,1,135,,,,,,,,,,,,,,,,,,,,COMPLETE
195,195,0.7925233644859813,2025-01-02 07:18:13.103077,2025-01-02 07:18:20.473138,0 days 00:00:07.370061,3,140,35.0,,,,,,,,,,,130.0,,,,,,,,COMPLETE
196,196,0.812125569134915,2025-01-02 07:18:20.473677,2025-01-02 07:18:26.932803,0 days 00:00:06.459126,2,60,40.0,,,,,,,,,,,,,,,,,,,COMPLETE
197,197,0.8634669151910531,2025-01-02 07:18:26.933341,2025-01-02 07:18:31.934658,0 days 00:00:05.001317,1,130,,,,,,,,,,,,,,,,,,,,COMPLETE
198,198,0.822884012539185,2025-01-02 07:18:31.935171,2025-01-02 07:18:37.273455,0 days 00:00:05.338284,1,30,,,,,,,,,,,,,,,,,,,,COMPLETE
199,199,0.8270502645502645,2025-01-02 07:18:37.273997,2025-01-02 07:18:42.267683,0 days 00:00:04.993686,1,100,,,,,,,,,,,,,,,,,,,,COMPLETE
200,200,0.8012068672446031,2025-01-02 07:18:42.268221,2025-01-02 07:18:47.259423,0 days 00:00:04.991202,1,120,,,,,,,,,,,,,,,,,,,,COMPLETE
201,201,0.8235583224115335,2025-01-02 07:18:47.259961,2025-01-02 07:18:53.691282,0 days 00:00:06.431321,2,130,130.0,,,,,,,,,,,,,,,,,,,COMPLETE
202,202,0.8400900900900901,2025-01-02 07:18:53.691843,2025-01-02 07:19:00.127698,0 days 00:00:06.435855,2,130,15.0,,,,,,,,,,,,,,,,,,,COMPLETE
203,203,0.8276787259823438,2025-01-02 07:19:00.128404,2025-01-02 07:19:05.135756,0 days 00:00:05.007352,1,125,,,,,,,,,,,,,,,,,,,,COMPLETE
204,204,0.8244637961619095,2025-01-02 07:19:05.136354,2025-01-02 07:19:11.567231,0 days 00:00:06.430877,2,135,45.0,,,,,,,,,,,,,,,,,,,COMPLETE
205,205,0.8151841868823001,2025-01-02 07:19:11.567791,2025-01-02 07:19:16.553759,0 days 00:00:04.985968,1,200,,,,,,,,,,,,,,,,,,,,COMPLETE
206,206,0.8034438541857483,2025-01-02 07:19:16.554272,2025-01-02 07:19:21.523410,0 days 00:00:04.969138,1,120,,,,,,,,,,,,,,,,,,,,COMPLETE
207,207,0.7927927927927928,2025-01-02 07:19:21.523923,2025-01-02 07:19:28.913208,0 days 00:00:07.389285,3,40,75.0,,,,,,,,,,,40.0,,,,,,,,COMPLETE
208,208,0.8284600389863548,2025-01-02 07:19:28.913782,2025-01-02 07:19:35.320195,0 days 00:00:06.406413,2,110,105.0,,,,,,,,,,,,,,,,,,,COMPLETE
209,209,0.8364327630382676,2025-01-02 07:19:35.320736,2025-01-02 07:19:40.332883,0 days 00:00:05.012147,1,145,,,,,,,,,,,,,,,,,,,,COMPLETE
210,210,0.8392857142857143,2025-01-02 07:19:40.333395,2025-01-02 07:19:46.761756,0 days 00:00:06.428361,2,125,70.0,,,,,,,,,,,,,,,,,,,COMPLETE
211,211,0.8271441568108511,2025-01-02 07:19:46.762292,2025-01-02 07:19:52.778032,0 days 00:00:06.015740,2,135,115.0,,,,,,,,,,,,,,,,,,,COMPLETE
212,212,0.8308578104138852,2025-01-02 07:19:52.778553,2025-01-02 07:19:59.205418,0 days 00:00:06.426865,2,130,120.0,,,,,,,,,,,,,,,,,,,COMPLETE
213,213,0.8130006675567423,2025-01-02 07:19:59.205951,2025-01-02 07:20:04.211410,0 days 00:00:05.005459,1,140,,,,,,,,,,,,,,,,,,,,COMPLETE
214,214,0.8036697247706422,2025-01-02 07:20:04.211956,2025-01-02 07:20:10.681285,0 days 00:00:06.469329,2,125,115.0,,,,,,,,,,,,,,,,,,,COMPLETE
215,215,0.8379520520113775,2025-01-02 07:20:10.681874,2025-01-02 07:20:15.678109,0 days 00:00:04.996235,1,130,,,,,,,,,,,,,,,,,,,,COMPLETE
216,216,0.7294795810668182,2025-01-02 07:20:15.678631,2025-01-02 07:20:23.238986,0 days 00:00:07.560355,3,20,110.0,,,,,,,,,,,100.0,,,,,,,,COMPLETE
217,217,0.8408119658119657,2025-01-02 07:20:23.239554,2025-01-02 07:20:29.297384,0 days 00:00:06.057830,2,25,100.0,,,,,,,,,,,,,,,,,,,COMPLETE
218,218,0.8029707295762342,2025-01-02 07:20:29.297958,2025-01-02 07:20:34.305361,0 days 00:00:05.007403,1,135,,,,,,,,,,,,,,,,,,,,COMPLETE
219,219,0.8288288288288288,2025-01-02 07:20:34.305956,2025-01-02 07:20:40.326570,0 days 00:00:06.020614,2,115,20.0,,,,,,,,,,,,,,,,,,,COMPLETE
220,220,0.8402001668056713,2025-01-02 07:20:40.327093,2025-01-02 07:20:48.253669,0 days 00:00:07.926576,3,120,125.0,,,,,,,,,,,65.0,,,,,,,,COMPLETE
221,221,0.8392857142857143,2025-01-02 07:20:48.254229,2025-01-02 07:20:53.267792,0 days 00:00:05.013563,1,125,,,,,,,,,,,,,,,,,,,,COMPLETE
222,222,0.8325958702064897,2025-01-02 07:20:53.268566,2025-01-02 07:20:58.254434,0 days 00:00:04.985868,1,130,,,,,,,,,,,,,,,,,,,,COMPLETE
223,223,0.8105648110524177,2025-01-02 07:20:58.254964,2025-01-02 07:21:03.243923,0 days 00:00:04.988959,1,120,,,,,,,,,,,,,,,,,,,,COMPLETE
224,224,0.8272695772695773,2025-01-02 07:21:03.244716,2025-01-02 07:21:09.736289,0 days 00:00:06.491573,2,130,135.0,,,,,,,,,,,,,,,,,,,COMPLETE
225,225,0.7996030105036804,2025-01-02 07:21:09.736837,2025-01-02 07:21:15.078298,0 days 00:00:05.341461,1,35,,,,,,,,,,,,,,,,,,,,COMPLETE
226,226,0.8464912280701755,2025-01-02 07:21:15.078840,2025-01-02 07:21:21.516866,0 days 00:00:06.438026,2,140,25.0,,,,,,,,,,,,,,,,,,,COMPLETE
227,227,0.8341110217216412,2025-01-02 07:21:21.517465,2025-01-02 07:21:26.516261,0 days 00:00:04.998796,1,115,,,,,,,,,,,,,,,,,,,,COMPLETE
228,228,0.836985236985237,2025-01-02 07:21:26.516918,2025-01-02 07:21:32.948080,0 days 00:00:06.431162,2,160,30.0,,,,,,,,,,,,,,,,,,,COMPLETE
229,229,0.8221523410202656,2025-01-02 07:21:32.948640,2025-01-02 07:21:37.944836,0 days 00:00:04.996196,1,125,,,,,,,,,,,,,,,,,,,,COMPLETE
230,230,0.8571428571428571,2025-01-02 07:21:37.945341,2025-01-02 07:21:43.969201,0 days 00:00:06.023860,2,135,140.0,,,,,,,,,,,,,,,,,,,COMPLETE
231,231,0.843939393939394,2025-01-02 07:21:43.969771,2025-01-02 07:21:50.423268,0 days 00:00:06.453497,2,135,140.0,,,,,,,,,,,,,,,,,,,COMPLETE
232,232,0.8105884179475237,2025-01-02 07:21:50.423825,2025-01-02 07:21:56.456794,0 days 00:00:06.032969,2,140,130.0,,,,,,,,,,,,,,,,,,,COMPLETE
233,233,0.8558441558441559,2025-01-02 07:21:56.457330,2025-01-02 07:22:04.329641,0 days 00:00:07.872311,3,130,155.0,,,,,,,,,,,10.0,,,,,,,,COMPLETE
234,234,0.7831196581196581,2025-01-02 07:22:04.330195,2025-01-02 07:22:11.718283,0 days 00:00:07.388088,3,130,170.0,,,,,,,,,,,30.0,,,,,,,,COMPLETE
235,235,0.7814826548392206,2025-01-02 07:22:11.718855,2025-01-02 07:22:20.462022,0 days 00:00:08.743167,4,135,160.0,,,,,,,,,,,5.0,175.0,,,,,,,COMPLETE
236,236,0.8672150411280846,2025-01-02 07:22:20.462590,2025-01-02 07:22:28.395222,0 days 00:00:07.932632,3,130,155.0,,,,,,,,,,,25.0,,,,,,,,COMPLETE
237,237,0.8200509770603228,2025-01-02 07:22:28.395801,2025-01-02 07:22:36.341617,0 days 00:00:07.945816,3,145,155.0,,,,,,,,,,,15.0,,,,,,,,COMPLETE
238,238,0.745966263292996,2025-01-02 07:22:36.342600,2025-01-02 07:22:43.750514,0 days 00:00:07.407914,3,135,155.0,,,,,,,,,,,10.0,,,,,,,,COMPLETE
239,239,0.8091931216931216,2025-01-02 07:22:43.751083,2025-01-02 07:22:51.722955,0 days 00:00:07.971872,3,125,170.0,,,,,,,,,,,25.0,,,,,,,,COMPLETE
240,240,0.8138736263736264,2025-01-02 07:22:51.723503,2025-01-02 07:22:58.168305,0 days 00:00:06.444802,2,140,145.0,,,,,,,,,,,,,,,,,,,COMPLETE
241,241,0.8346383766944514,2025-01-02 07:22:58.168868,2025-01-02 07:23:04.169448,0 days 00:00:06.000580,2,130,165.0,,,,,,,,,,,,,,,,,,,COMPLETE
242,242,0.7963963963963965,2025-01-02 07:23:04.170013,2025-01-02 07:23:12.914186,0 days 00:00:08.744173,4,130,120.0,,,,,,,,,,,40.0,10.0,,,,,,,COMPLETE
243,243,0.8093681917211328,2025-01-02 07:23:12.914775,2025-01-02 07:23:19.375835,0 days 00:00:06.461060,2,125,140.0,,,,,,,,,,,,,,,,,,,COMPLETE
244,244,0.8325962325962326,2025-01-02 07:23:19.376399,2025-01-02 07:23:25.903043,0 days 00:00:06.526644,2,45,150.0,,,,,,,,,,,,,,,,,,,COMPLETE
245,245,0.8200509770603228,2025-01-02 07:23:25.903622,2025-01-02 07:23:33.868941,0 days 00:00:07.965319,3,135,160.0,,,,,,,,,,,20.0,,,,,,,,COMPLETE
246,246,0.8597051597051597,2025-01-02 07:23:33.869490,2025-01-02 07:23:39.208015,0 days 00:00:05.338525,1,130,,,,,,,,,,,,,,,,,,,,COMPLETE
247,247,0.8108766233766234,2025-01-02 07:23:39.208559,2025-01-02 07:23:44.235596,0 days 00:00:05.027037,1,150,,,,,,,,,,,,,,,,,,,,COMPLETE
248,248,0.8287732402370707,2025-01-02 07:23:44.236123,2025-01-02 07:23:49.260894,0 days 00:00:05.024771,1,30,,,,,,,,,,,,,,,,,,,,COMPLETE
249,249,0.8124850514231046,2025-01-02 07:23:49.261469,2025-01-02 07:23:54.254183,0 days 00:00:04.992714,1,130,,,,,,,,,,,,,,,,,,,,COMPLETE
250,250,0.7326967150496562,2025-01-02 07:23:54.254861,2025-01-02 07:24:04.435701,0 days 00:00:10.180840,5,75,145.0,,,,,,,,,,,35.0,90.0,95.0,,,,,,COMPLETE
251,251,0.8328408611228366,2025-01-02 07:24:04.436290,2025-01-02 07:24:09.438839,0 days 00:00:05.002549,1,125,,,,,,,,,,,,,,,,,,,,COMPLETE
252,252,0.7924608577263444,2025-01-02 07:24:09.439365,2025-01-02 07:24:15.878578,0 days 00:00:06.439213,2,135,150.0,,,,,,,,,,,,,,,,,,,COMPLETE
253,253,0.8583583583583584,2025-01-02 07:24:15.879124,2025-01-02 07:24:20.873167,0 days 00:00:04.994043,1,135,,,,,,,,,,,,,,,,,,,,COMPLETE
254,254,0.8195421751135655,2025-01-02 07:24:20.873715,2025-01-02 07:24:25.874292,0 days 00:00:05.000577,1,140,,,,,,,,,,,,,,,,,,,,COMPLETE
255,255,0.7960216067907057,2025-01-02 07:24:25.874842,2025-01-02 07:24:30.882856,0 days 00:00:05.008014,1,145,,,,,,,,,,,,,,,,,,,,COMPLETE
256,256,0.8325962325962326,2025-01-02 07:24:30.883380,2025-01-02 07:24:35.906424,0 days 00:00:05.023044,1,135,,,,,,,,,,,,,,,,,,,,COMPLETE
257,257,0.8120569967117282,2025-01-02 07:24:35.906991,2025-01-02 07:24:41.319201,0 days 00:00:05.412210,1,15,,,,,,,,,,,,,,,,,,,,COMPLETE
258,258,0.8236961938310852,2025-01-02 07:24:41.319735,2025-01-02 07:24:46.306520,0 days 00:00:04.986785,1,50,,,,,,,,,,,,,,,,,,,,COMPLETE
259,259,0.017241379310344827,2025-01-02 07:24:46.307057,2025-01-02 07:25:44.277233,0 days 00:00:57.970176,19,25,180.0,35.0,35.0,195.0,110.0,135.0,145.0,145.0,10.0,10.0,,55.0,30.0,115.0,50.0,150.0,85.0,120.0,90.0,COMPLETE
260,260,0.8069377789003958,2025-01-02 07:25:44.278567,2025-01-02 07:25:50.706567,0 days 00:00:06.428000,2,120,155.0,,,,,,,,,,,,,,,,,,,COMPLETE
261,261,0.8042692939244663,2025-01-02 07:25:50.707124,2025-01-02 07:25:55.692348,0 days 00:00:04.985224,1,140,,,,,,,,,,,,,,,,,,,,COMPLETE
262,262,0.815929203539823,2025-01-02 07:25:55.692891,2025-01-02 07:26:02.125191,0 days 00:00:06.432300,2,135,165.0,,,,,,,,,,,,,,,,,,,COMPLETE
263,263,0.740829346092504,2025-01-02 07:26:02.125758,2025-01-02 07:26:09.493100,0 days 00:00:07.367342,3,5,140.0,,,,,,,,,,,50.0,,,,,,,,COMPLETE
264,264,0.8199236827149469,2025-01-02 07:26:09.493683,2025-01-02 07:26:14.460606,0 days 00:00:04.966923,1,130,,,,,,,,,,,,,,,,,,,,COMPLETE
265,265,0.8071911196911197,2025-01-02 07:26:14.461145,2025-01-02 07:26:20.888348,0 days 00:00:06.427203,2,120,10.0,,,,,,,,,,,,,,,,,,,COMPLETE
266,266,0.8315863032844165,2025-01-02 07:26:20.888917,2025-01-02 07:26:25.884711,0 days 00:00:04.995794,1,125,,,,,,,,,,,,,,,,,,,,COMPLETE
267,267,0.790909090909091,2025-01-02 07:26:25.885423,2025-01-02 07:26:33.301654,0 days 00:00:07.416231,3,145,20.0,,,,,,,,,,,10.0,,,,,,,,COMPLETE
268,268,0.8287337662337663,2025-01-02 07:26:33.302223,2025-01-02 07:26:38.557447,0 days 00:00:05.255224,1,40,,,,,,,,,,,,,,,,,,,,COMPLETE
269,269,0.8464912280701755,2025-01-02 07:26:38.557960,2025-01-02 07:26:44.973619,0 days 00:00:06.415659,2,135,65.0,,,,,,,,,,,,,,,,,,,COMPLETE
270,270,0.8018110530246452,2025-01-02 07:26:44.974188,2025-01-02 07:26:49.959108,0 days 00:00:04.984920,1,155,,,,,,,,,,,,,,,,,,,,COMPLETE
271,271,0.4247944339025933,2025-01-02 07:26:49.959682,2025-01-02 07:27:04.460308,0 days 00:00:14.500626,8,115,130.0,,,,,,,,,,,30.0,105.0,105.0,165.0,95.0,110.0,,,COMPLETE
272,272,0.8429605792437651,2025-01-02 07:27:04.460993,2025-01-02 07:27:10.483406,0 days 00:00:06.022413,2,90,135.0,,,,,,,,,,,,,,,,,,,COMPLETE
273,273,0.8090751301760477,2025-01-02 07:27:10.484186,2025-01-02 07:27:17.795435,0 days 00:00:07.311249,3,80,90.0,,,,,,,,,,,60.0,,,,,,,,COMPLETE
274,274,0.8317757009345794,2025-01-02 07:27:17.796040,2025-01-02 07:27:22.753905,0 days 00:00:04.957865,1,125,,,,,,,,,,,,,,,,,,,,COMPLETE
275,275,0.8327326343381389,2025-01-02 07:27:22.754437,2025-01-02 07:27:29.212274,0 days 00:00:06.457837,2,150,145.0,,,,,,,,,,,,,,,,,,,COMPLETE
276,276,0.7797292942313889,2025-01-02 07:27:29.212859,2025-01-02 07:27:35.691806,0 days 00:00:06.478947,2,30,35.0,,,,,,,,,,,,,,,,,,,COMPLETE
277,277,0.5113636363636364,2025-01-02 07:27:35.692353,2025-01-02 07:27:44.510096,0 days 00:00:08.817743,4,130,55.0,,,,,,,,,,,70.0,190.0,,,,,,,COMPLETE
278,278,0.8027216563700117,2025-01-02 07:27:44.510695,2025-01-02 07:27:49.546588,0 days 00:00:05.035893,1,60,,,,,,,,,,,,,,,,,,,,COMPLETE
279,279,0.8301435406698565,2025-01-02 07:27:49.547106,2025-01-02 07:27:54.583521,0 days 00:00:05.036415,1,110,,,,,,,,,,,,,,,,,,,,COMPLETE
280,280,0.822661644695543,2025-01-02 07:27:54.584069,2025-01-02 07:28:01.015810,0 days 00:00:06.431741,2,140,85.0,,,,,,,,,,,,,,,,,,,COMPLETE
281,281,0.7958815958815959,2025-01-02 07:28:01.016348,2025-01-02 07:28:05.996717,0 days 00:00:04.980369,1,125,,,,,,,,,,,,,,,,,,,,COMPLETE
282,282,0.4581472291149711,2025-01-02 07:28:05.997258,2025-01-02 07:28:46.248306,0 days 00:00:40.251048,14,35,25.0,135.0,80.0,30.0,50.0,,,,,,,20.0,155.0,135.0,105.0,180.0,20.0,150.0,135.0,COMPLETE
283,283,0.7988095238095239,2025-01-02 07:28:46.249135,2025-01-02 07:28:52.730694,0 days 00:00:06.481559,2,20,10.0,,,,,,,,,,,,,,,,,,,COMPLETE
284,284,0.8112535612535612,2025-01-02 07:28:52.731282,2025-01-02 07:29:00.079830,0 days 00:00:07.348548,3,130,160.0,,,,,,,,,,,25.0,,,,,,,,COMPLETE
285,285,0.3521594684385382,2025-01-02 07:29:00.080562,2025-01-02 07:29:11.927896,0 days 00:00:11.847334,6,140,15.0,,,,,,,,,,,35.0,65.0,180.0,20.0,,,,,COMPLETE
286,286,0.8507780507780507,2025-01-02 07:29:11.928519,2025-01-02 07:29:18.333068,0 days 00:00:06.404549,2,130,125.0,,,,,,,,,,,,,,,,,,,COMPLETE
287,287,0.8161705551086083,2025-01-02 07:29:18.333640,2025-01-02 07:29:24.758087,0 days 00:00:06.424447,2,135,80.0,,,,,,,,,,,,,,,,,,,COMPLETE
288,288,0.04918032786885246,2025-01-02 07:29:24.758646,2025-01-02 07:30:06.776769,0 days 00:00:42.018123,15,120,195.0,30.0,115.0,120.0,170.0,65.0,,,,,,45.0,130.0,60.0,70.0,70.0,55.0,180.0,5.0,COMPLETE
289,289,0.823495655025414,2025-01-02 07:30:06.778423,2025-01-02 07:30:11.786559,0 days 00:00:05.008136,1,135,,,,,,,,,,,,,,,,,,,,COMPLETE
290,290,0.8125996810207337,2025-01-02 07:30:11.787121,2025-01-02 07:30:16.787476,0 days 00:00:05.000355,1,125,,,,,,,,,,,,,,,,,,,,COMPLETE
291,291,0.8250201126307322,2025-01-02 07:30:16.788033,2025-01-02 07:30:22.880858,0 days 00:00:06.092825,2,25,45.0,,,,,,,,,,,,,,,,,,,COMPLETE
292,292,0.8107051826677995,2025-01-02 07:30:22.881415,2025-01-02 07:30:28.241589,0 days 00:00:05.360174,1,140,,,,,,,,,,,,,,,,,,,,COMPLETE
293,293,0.7795733678086619,2025-01-02 07:30:28.242115,2025-01-02 07:30:36.167142,0 days 00:00:07.925027,3,155,20.0,,,,,,,,,,,5.0,,,,,,,,COMPLETE
294,294,0.8571428571428571,2025-01-02 07:30:36.167740,2025-01-02 07:30:42.159983,0 days 00:00:05.992243,2,130,125.0,,,,,,,,,,,,,,,,,,,COMPLETE
295,295,0.7551577152600171,2025-01-02 07:30:42.160541,2025-01-02 07:30:50.971221,0 days 00:00:08.810680,4,145,40.0,,,,,,,,,,,15.0,45.0,,,,,,,COMPLETE
296,296,0.8034438541857483,2025-01-02 07:30:50.971844,2025-01-02 07:30:55.965532,0 days 00:00:04.993688,1,120,,,,,,,,,,,,,,,,,,,,COMPLETE
297,297,0.49060970182465513,2025-01-02 07:30:55.966079,2025-01-02 07:31:12.314420,0 days 00:00:16.348341,9,105,95.0,,,,,,,,,,,80.0,200.0,35.0,120.0,45.0,185.0,65.0,,COMPLETE
298,298,0.8348484848484848,2025-01-02 07:31:12.315145,2025-01-02 07:31:18.796285,0 days 00:00:06.481140,2,130,5.0,,,,,,,,,,,,,,,,,,,COMPLETE
299,299,0.838517763046065,2025-01-02 07:31:18.796835,2025-01-02 07:31:26.653575,0 days 00:00:07.856740,3,135,155.0,,,,,,,,,,,75.0,,,,,,,,COMPLETE
300,300,0.815929203539823,2025-01-02 07:31:26.654173,2025-01-02 07:31:31.673248,0 days 00:00:05.019075,1,150,,,,,,,,,,,,,,,,,,,,COMPLETE
301,301,0.8202380952380952,2025-01-02 07:31:31.673960,2025-01-02 07:31:37.656535,0 days 00:00:05.982575,2,125,25.0,,,,,,,,,,,,,,,,,,,COMPLETE
302,302,0.7795238095238095,2025-01-02 07:31:37.657110,2025-01-02 07:31:42.661365,0 days 00:00:05.004255,1,135,,,,,,,,,,,,,,,,,,,,COMPLETE
303,303,0.787311618862421,2025-01-02 07:31:42.661923,2025-01-02 07:31:49.168779,0 days 00:00:06.506856,2,35,110.0,,,,,,,,,,,,,,,,,,,COMPLETE
304,304,0.8074085005903188,2025-01-02 07:31:49.169341,2025-01-02 07:31:53.951756,0 days 00:00:04.782415,1,15,,,,,,,,,,,,,,,,,,,,COMPLETE
305,305,0.8233125819134994,2025-01-02 07:31:53.952290,2025-01-02 07:31:59.959961,0 days 00:00:06.007671,2,165,145.0,,,,,,,,,,,,,,,,,,,COMPLETE
306,306,0.8033205619412516,2025-01-02 07:31:59.960519,2025-01-02 07:32:07.379444,0 days 00:00:07.418925,3,130,15.0,,,,,,,,,,,90.0,,,,,,,,COMPLETE
307,307,0.8508355176933159,2025-01-02 07:32:07.380036,2025-01-02 07:32:12.411000,0 days 00:00:05.030964,1,145,,,,,,,,,,,,,,,,,,,,COMPLETE
308,308,0.8461288223812622,2025-01-02 07:32:12.411571,2025-01-02 07:32:18.464963,0 days 00:00:06.053392,2,55,135.0,,,,,,,,,,,,,,,,,,,COMPLETE
309,309,0.8192604632263307,2025-01-02 07:32:18.465534,2025-01-02 07:32:23.445074,0 days 00:00:04.979540,1,115,,,,,,,,,,,,,,,,,,,,COMPLETE
310,310,0.8256880733944955,2025-01-02 07:32:23.445635,2025-01-02 07:32:29.893694,0 days 00:00:06.448059,2,125,30.0,,,,,,,,,,,,,,,,,,,COMPLETE
311,311,0.8196498385177631,2025-01-02 07:32:29.894240,2025-01-02 07:32:34.912368,0 days 00:00:05.018128,1,140,,,,,,,,,,,,,,,,,,,,COMPLETE
312,312,0.8090751301760477,2025-01-02 07:32:34.913119,2025-01-02 07:32:40.948866,0 days 00:00:06.035747,2,140,120.0,,,,,,,,,,,,,,,,,,,COMPLETE
313,313,0.8333333333333333,2025-01-02 07:32:40.949415,2025-01-02 07:32:48.890282,0 days 00:00:07.940867,3,30,55.0,,,,,,,,,,,10.0,,,,,,,,COMPLETE
314,314,0.8107142857142857,2025-01-02 07:32:48.890888,2025-01-02 07:32:54.197322,0 days 00:00:05.306434,1,40,,,,,,,,,,,,,,,,,,,,COMPLETE
315,315,0.8144963144963145,2025-01-02 07:32:54.197894,2025-01-02 07:33:00.229527,0 days 00:00:06.031633,2,130,170.0,,,,,,,,,,,,,,,,,,,COMPLETE
316,316,0.8042787181029298,2025-01-02 07:33:00.230087,2025-01-02 07:33:05.574230,0 days 00:00:05.344143,1,70,,,,,,,,,,,,,,,,,,,,COMPLETE
317,317,0.7802896218825423,2025-01-02 07:33:05.574792,2025-01-02 07:33:12.917182,0 days 00:00:07.342390,3,135,105.0,,,,,,,,,,,55.0,,,,,,,,COMPLETE
318,318,0.8377192982456141,2025-01-02 07:33:12.917774,2025-01-02 07:33:18.953822,0 days 00:00:06.036048,2,125,140.0,,,,,,,,,,,,,,,,,,,COMPLETE
319,319,0.8372294372294372,2025-01-02 07:33:18.954412,2025-01-02 07:33:23.960902,0 days 00:00:05.006490,1,185,,,,,,,,,,,,,,,,,,,,COMPLETE
320,320,0.7918582864929313,2025-01-02 07:33:23.961441,2025-01-02 07:33:30.456417,0 days 00:00:06.494976,2,120,65.0,,,,,,,,,,,,,,,,,,,COMPLETE
321,321,0.7999008182494421,2025-01-02 07:33:30.456986,2025-01-02 07:33:35.492877,0 days 00:00:05.035891,1,135,,,,,,,,,,,,,,,,,,,,COMPLETE
322,322,0.7868472948641001,2025-01-02 07:33:35.493432,2025-01-02 07:33:43.476738,0 days 00:00:07.983306,3,125,165.0,,,,,,,,,,,65.0,,,,,,,,COMPLETE
323,323,0.5241477272727273,2025-01-02 07:33:43.477319,2025-01-02 07:34:18.901415,0 days 00:00:35.424096,12,45,75.0,85.0,170.0,,,,,,,,,120.0,75.0,155.0,140.0,25.0,160.0,25.0,165.0,COMPLETE
324,324,0.7979287698913867,2025-01-02 07:34:18.902371,2025-01-02 07:34:25.315628,0 days 00:00:06.413257,2,145,150.0,,,,,,,,,,,,,,,,,,,COMPLETE
325,325,0.8120183486238532,2025-01-02 07:34:25.316226,2025-01-02 07:34:30.309677,0 days 00:00:04.993451,1,130,,,,,,,,,,,,,,,,,,,,COMPLETE
326,326,0.8458313926408942,2025-01-02 07:34:30.310210,2025-01-02 07:34:36.722457,0 days 00:00:06.412247,2,115,35.0,,,,,,,,,,,,,,,,,,,COMPLETE
327,327,0.8198051948051948,2025-01-02 07:34:36.723033,2025-01-02 07:34:41.685559,0 days 00:00:04.962526,1,120,,,,,,,,,,,,,,,,,,,,COMPLETE
328,328,0.8493687759742805,2025-01-02 07:34:41.686123,2025-01-02 07:34:47.718019,0 days 00:00:06.031896,2,20,50.0,,,,,,,,,,,,,,,,,,,COMPLETE
329,329,0.7942942942942943,2025-01-02 07:34:47.718573,2025-01-02 07:34:56.539594,0 days 00:00:08.821021,4,160,20.0,,,,,,,,,,,40.0,170.0,,,,,,,COMPLETE
330,330,0.8636363636363635,2025-01-02 07:34:56.540157,2025-01-02 07:35:01.544718,0 days 00:00:05.004561,1,130,,,,,,,,,,,,,,,,,,,,COMPLETE
331,331,0.8192007797270955,2025-01-02 07:35:01.545266,2025-01-02 07:35:06.612722,0 days 00:00:05.067456,1,140,,,,,,,,,,,,,,,,,,,,COMPLETE
332,332,0.8391931754763613,2025-01-02 07:35:06.613244,2025-01-02 07:35:11.621829,0 days 00:00:05.008585,1,135,,,,,,,,,,,,,,,,,,,,COMPLETE
333,333,0.8072512023677396,2025-01-02 07:35:11.622381,2025-01-02 07:35:16.602680,0 days 00:00:04.980299,1,130,,,,,,,,,,,,,,,,,,,,COMPLETE
334,334,0.8338696701528561,2025-01-02 07:35:16.603241,2025-01-02 07:35:22.002043,0 days 00:00:05.398802,1,25,,,,,,,,,,,,,,,,,,,,COMPLETE
335,335,0.8215120160213618,2025-01-02 07:35:22.002598,2025-01-02 07:35:26.970765,0 days 00:00:04.968167,1,130,,,,,,,,,,,,,,,,,,,,COMPLETE
336,336,0.7782145782145782,2025-01-02 07:35:26.971331,2025-01-02 07:35:32.439907,0 days 00:00:05.468576,1,10,,,,,,,,,,,,,,,,,,,,COMPLETE
337,337,0.7663865546218487,2025-01-02 07:35:32.440459,2025-01-02 07:35:38.882094,0 days 00:00:06.441635,2,150,130.0,,,,,,,,,,,,,,,,,,,COMPLETE
338,338,0.7975067385444744,2025-01-02 07:35:38.882679,2025-01-02 07:35:43.885904,0 days 00:00:05.003225,1,135,,,,,,,,,,,,,,,,,,,,COMPLETE
339,339,0.8246708246708246,2025-01-02 07:35:43.886442,2025-01-02 07:35:51.259861,0 days 00:00:07.373419,3,140,100.0,,,,,,,,,,,45.0,,,,,,,,COMPLETE
340,340,0.5536181342632955,2025-01-02 07:35:51.260434,2025-01-02 07:36:01.470387,0 days 00:00:10.209953,5,135,115.0,,,,,,,,,,,70.0,115.0,75.0,,,,,,COMPLETE
341,341,0.7856459330143541,2025-01-02 07:36:01.471003,2025-01-02 07:36:07.974891,0 days 00:00:06.503888,2,35,70.0,,,,,,,,,,,,,,,,,,,COMPLETE
342,342,0.8218218218218218,2025-01-02 07:36:07.975460,2025-01-02 07:36:12.954798,0 days 00:00:04.979338,1,125,,,,,,,,,,,,,,,,,,,,COMPLETE
343,343,0.8071784967004667,2025-01-02 07:36:12.955337,2025-01-02 07:36:19.369104,0 days 00:00:06.413767,2,100,60.0,,,,,,,,,,,,,,,,,,,COMPLETE
344,344,0.8264691905591637,2025-01-02 07:36:19.369654,2025-01-02 07:36:24.353816,0 days 00:00:04.984162,1,65,,,,,,,,,,,,,,,,,,,,COMPLETE
345,345,0.830084557187361,2025-01-02 07:36:24.354539,2025-01-02 07:36:29.345658,0 days 00:00:04.991119,1,145,,,,,,,,,,,,,,,,,,,,COMPLETE
346,346,0.8596059113300492,2025-01-02 07:36:29.346206,2025-01-02 07:36:36.719062,0 days 00:00:07.372856,3,130,150.0,,,,,,,,,,,25.0,,,,,,,,COMPLETE
347,347,0.7383990247866721,2025-01-02 07:36:36.719656,2025-01-02 07:36:45.514478,0 days 00:00:08.794822,4,130,150.0,,,,,,,,,,,25.0,95.0,,,,,,,COMPLETE
348,348,0.8622271433090793,2025-01-02 07:36:45.515089,2025-01-02 07:36:53.390444,0 days 00:00:07.875355,3,120,150.0,,,,,,,,,,,10.0,,,,,,,,COMPLETE
349,349,0.8251247384516337,2025-01-02 07:36:53.391031,2025-01-02 07:37:01.289280,0 days 00:00:07.898249,3,115,150.0,,,,,,,,,,,30.0,,,,,,,,COMPLETE
350,350,0.7699579831932772,2025-01-02 07:37:01.289920,2025-01-02 07:37:09.040269,0 days 00:00:07.750349,4,140,145.0,,,,,,,,,,,10.0,15.0,,,,,,,COMPLETE
351,351,0.8071106821106822,2025-01-02 07:37:09.040888,2025-01-02 07:37:16.952001,0 days 00:00:07.911113,3,110,160.0,,,,,,,,,,,20.0,,,,,,,,COMPLETE
352,352,0.8559218559218559,2025-01-02 07:37:16.952623,2025-01-02 07:37:24.854777,0 days 00:00:07.902154,3,120,155.0,,,,,,,,,,,15.0,,,,,,,,COMPLETE
353,353,0.807074805928017,2025-01-02 07:37:24.855353,2025-01-02 07:37:32.195851,0 days 00:00:07.340498,3,120,155.0,,,,,,,,,,,15.0,,,,,,,,COMPLETE
354,354,0.5677110083889745,2025-01-02 07:37:32.196426,2025-01-02 07:37:40.612500,0 days 00:00:08.416074,4,120,160.0,,,,,,,,,,,5.0,125.0,,,,,,,COMPLETE
355,355,0.7982655552749011,2025-01-02 07:37:40.613133,2025-01-02 07:37:48.602124,0 days 00:00:07.988991,3,120,155.0,,,,,,,,,,,20.0,,,,,,,,COMPLETE
356,356,0.8266434892541087,2025-01-02 07:37:48.602720,2025-01-02 07:37:56.443072,0 days 00:00:07.840352,3,105,150.0,,,,,,,,,,,30.0,,,,,,,,COMPLETE
357,357,0.7956486042692938,2025-01-02 07:37:56.443674,2025-01-02 07:38:04.296509,0 days 00:00:07.852835,3,50,180.0,,,,,,,,,,,35.0,,,,,,,,COMPLETE
358,358,0.7445678416224046,2025-01-02 07:38:04.297066,2025-01-02 07:38:13.162907,0 days 00:00:08.865841,4,115,165.0,,,,,,,,,,,10.0,150.0,,,,,,,COMPLETE
359,359,0.5500719165767709,2025-01-02 07:38:13.163520,2025-01-02 07:38:26.724815,0 days 00:00:13.561295,7,110,140.0,,,,,,,,,,,15.0,60.0,195.0,190.0,105.0,,,,COMPLETE
360,360,0.8017857142857143,2025-01-02 07:38:26.725470,2025-01-02 07:38:35.263047,0 days 00:00:08.537577,3,125,145.0,,,,,,,,,,,5.0,,,,,,,,COMPLETE
361,361,0.8341110217216412,2025-01-02 07:38:35.263645,2025-01-02 07:38:43.199117,0 days 00:00:07.935472,3,130,160.0,,,,,,,,,,,25.0,,,,,,,,COMPLETE
362,362,0.7711987127916331,2025-01-02 07:38:43.199711,2025-01-02 07:38:52.497701,0 days 00:00:09.297990,4,125,175.0,,,,,,,,,,,40.0,35.0,,,,,,,COMPLETE
363,363,0.8354670459933617,2025-01-02 07:38:52.498488,2025-01-02 07:39:00.355525,0 days 00:00:07.857037,3,155,155.0,,,,,,,,,,,20.0,,,,,,,,COMPLETE
364,364,0.8107142857142857,2025-01-02 07:39:00.356137,2025-01-02 07:39:08.251011,0 days 00:00:07.894874,3,115,135.0,,,,,,,,,,,50.0,,,,,,,,COMPLETE
365,365,0.8354670459933617,2025-01-02 07:39:08.251598,2025-01-02 07:39:14.254027,0 days 00:00:06.002429,2,135,155.0,,,,,,,,,,,,,,,,,,,COMPLETE
366,366,0.8601135867190913,2025-01-02 07:39:14.254588,2025-01-02 07:39:20.284983,0 days 00:00:06.030395,2,130,140.0,,,,,,,,,,,,,,,,,,,COMPLETE
367,367,0.4403970013726111,2025-01-02 07:39:20.285576,2025-01-02 07:39:54.279796,0 days 00:00:33.994220,18,130,145.0,180.0,5.0,165.0,125.0,200.0,45.0,5.0,95.0,,,30.0,140.0,100.0,160.0,75.0,45.0,145.0,45.0,COMPLETE
368,368,0.8179410791128765,2025-01-02 07:39:54.281146,2025-01-02 07:40:00.753241,0 days 00:00:06.472095,2,120,140.0,,,,,,,,,,,,,,,,,,,COMPLETE
369,369,0.851842910027362,2025-01-02 07:40:00.753862,2025-01-02 07:40:08.683136,0 days 00:00:07.929274,3,125,140.0,,,,,,,,,,,35.0,,,,,,,,COMPLETE
370,370,0.8310235431624645,2025-01-02 07:40:08.683756,2025-01-02 07:40:14.717711,0 days 00:00:06.033955,2,95,150.0,,,,,,,,,,,,,,,,,,,COMPLETE
371,371,0.8363636363636363,2025-01-02 07:40:14.718285,2025-01-02 07:40:20.801490,0 days 00:00:06.083205,2,130,145.0,,,,,,,,,,,,,,,,,,,COMPLETE
372,372,0.6102446483180428,2025-01-02 07:40:20.802068,2025-01-02 07:40:31.150063,0 days 00:00:10.347995,5,125,170.0,,,,,,,,,,,15.0,110.0,50.0,,,,,,COMPLETE
373,373,0.7910052910052909,2025-01-02 07:40:31.150700,2025-01-02 07:40:39.035973,0 days 00:00:07.885273,3,45,160.0,,,,,,,,,,,25.0,,,,,,,,COMPLETE
374,374,0.8355720606826802,2025-01-02 07:40:39.036592,2025-01-02 07:40:45.030809,0 days 00:00:05.994217,2,120,125.0,,,,,,,,,,,,,,,,,,,COMPLETE
375,375,0.6389196895295421,2025-01-02 07:40:45.031392,2025-01-02 07:40:54.616097,0 days 00:00:09.584705,4,135,155.0,,,,,,,,,,,5.0,100.0,,,,,,,COMPLETE
376,376,0.8107142857142857,2025-01-02 07:40:54.616712,2025-01-02 07:41:00.636750,0 days 00:00:06.020038,2,125,150.0,,,,,,,,,,,,,,,,,,,COMPLETE
377,377,0.7488317757009346,2025-01-02 07:41:00.637314,2025-01-02 07:41:08.537758,0 days 00:00:07.900444,3,85,90.0,,,,,,,,,,,10.0,,,,,,,,COMPLETE
378,378,0.8200509770603228,2025-01-02 07:41:08.538364,2025-01-02 07:41:15.052427,0 days 00:00:06.514063,2,130,135.0,,,,,,,,,,,,,,,,,,,COMPLETE
379,379,0.8310810810810811,2025-01-02 07:41:15.053012,2025-01-02 07:41:21.523262,0 days 00:00:06.470250,2,130,165.0,,,,,,,,,,,,,,,,,,,COMPLETE
380,380,0.8018691588785047,2025-01-02 07:41:21.523836,2025-01-02 07:41:29.364956,0 days 00:00:07.841120,3,135,140.0,,,,,,,,,,,60.0,,,,,,,,COMPLETE
381,381,0.8074413683653676,2025-01-02 07:41:29.365736,2025-01-02 07:41:34.349308,0 days 00:00:04.983572,1,120,,,,,,,,,,,,,,,,,,,,COMPLETE
382,382,0.8638849682427665,2025-01-02 07:41:34.349869,2025-01-02 07:41:40.360015,0 days 00:00:06.010146,2,110,165.0,,,,,,,,,,,,,,,,,,,COMPLETE
383,383,0.8179410791128765,2025-01-02 07:41:40.360603,2025-01-02 07:41:48.224743,0 days 00:00:07.864140,3,105,165.0,,,,,,,,,,,40.0,,,,,,,,COMPLETE
384,384,0.8324324324324325,2025-01-02 07:41:48.225368,2025-01-02 07:41:53.209340,0 days 00:00:04.983972,1,115,,,,,,,,,,,,,,,,,,,,COMPLETE
385,385,0.7891391794046662,2025-01-02 07:41:53.209920,2025-01-02 07:41:59.623167,0 days 00:00:06.413247,2,110,155.0,,,,,,,,,,,,,,,,,,,COMPLETE
386,386,0.8196881091617934,2025-01-02 07:41:59.623760,2025-01-02 07:42:06.089413,0 days 00:00:06.465653,2,115,175.0,,,,,,,,,,,,,,,,,,,COMPLETE
387,387,0.7671621273305267,2025-01-02 07:42:06.090025,2025-01-02 07:42:11.067831,0 days 00:00:04.977806,1,120,,,,,,,,,,,,,,,,,,,,COMPLETE
388,388,0.8456070749648732,2025-01-02 07:42:11.068409,2025-01-02 07:42:17.513350,0 days 00:00:06.444941,2,125,160.0,,,,,,,,,,,,,,,,,,,COMPLETE
389,389,0.8187088958116995,2025-01-02 07:42:17.513948,2025-01-02 07:42:22.493280,0 days 00:00:04.979332,1,130,,,,,,,,,,,,,,,,,,,,COMPLETE
390,390,0.7923976608187134,2025-01-02 07:42:22.493856,2025-01-02 07:42:30.423257,0 days 00:00:07.929401,3,125,145.0,,,,,,,,,,,45.0,,,,,,,,COMPLETE
391,391,0.8482142857142857,2025-01-02 07:42:30.423865,2025-01-02 07:42:36.439355,0 days 00:00:06.015490,2,110,170.0,,,,,,,,,,,,,,,,,,,COMPLETE
392,392,0.8255892255892255,2025-01-02 07:42:36.439941,2025-01-02 07:42:41.466279,0 days 00:00:05.026338,1,135,,,,,,,,,,,,,,,,,,,,COMPLETE
393,393,0.8237463126843658,2025-01-02 07:42:41.466861,2025-01-02 07:42:46.479467,0 days 00:00:05.012606,1,80,,,,,,,,,,,,,,,,,,,,COMPLETE
394,394,0.7617628101836932,2025-01-02 07:42:46.480031,2025-01-02 07:42:55.267903,0 days 00:00:08.787872,4,120,165.0,,,,,,,,,,,25.0,190.0,,,,,,,COMPLETE
395,395,0.8174250832408435,2025-01-02 07:42:55.268784,2025-01-02 07:43:01.710531,0 days 00:00:06.441747,2,130,150.0,,,,,,,,,,,,,,,,,,,COMPLETE
396,396,0.8322675848499754,2025-01-02 07:43:01.711109,2025-01-02 07:43:09.030070,0 days 00:00:07.318961,3,110,130.0,,,,,,,,,,,15.0,,,,,,,,COMPLETE
397,397,0.8,2025-01-02 07:43:09.030689,2025-01-02 07:43:14.038072,0 days 00:00:05.007383,1,145,,,,,,,,,,,,,,,,,,,,COMPLETE
398,398,0.8110771321780497,2025-01-02 07:43:14.038651,2025-01-02 07:43:20.050457,0 days 00:00:06.011806,2,125,135.0,,,,,,,,,,,,,,,,,,,COMPLETE
399,399,0.8230516817063167,2025-01-02 07:43:20.051057,2025-01-02 07:43:27.453542,0 days 00:00:07.402485,3,160,160.0,,,,,,,,,,,30.0,,,,,,,,COMPLETE
400,400,0.8376623376623377,2025-01-02 07:43:27.454161,2025-01-02 07:43:32.448704,0 days 00:00:04.994543,1,150,,,,,,,,,,,,,,,,,,,,COMPLETE
401,401,0.8603049680275454,2025-01-02 07:43:32.449275,2025-01-02 07:43:38.924971,0 days 00:00:06.475696,2,115,120.0,,,,,,,,,,,,,,,,,,,COMPLETE
402,402,0.543229869545659,2025-01-02 07:43:38.925560,2025-01-02 07:43:59.298621,0 days 00:00:20.373061,10,115,120.0,,,,,,,,,,,50.0,180.0,15.0,55.0,120.0,135.0,120.0,30.0,COMPLETE
403,403,0.8069407008086253,2025-01-02 07:43:59.299398,2025-01-02 07:44:05.335363,0 days 00:00:06.035965,2,110,125.0,,,,,,,,,,,,,,,,,,,COMPLETE
404,404,0.8109921848453958,2025-01-02 07:44:05.336332,2025-01-02 07:44:11.771589,0 days 00:00:06.435257,2,100,110.0,,,,,,,,,,,,,,,,,,,COMPLETE
405,405,0.8440366972477065,2025-01-02 07:44:11.772191,2025-01-02 07:44:16.760177,0 days 00:00:04.987986,1,115,,,,,,,,,,,,,,,,,,,,COMPLETE
406,406,0.8317757009345794,2025-01-02 07:44:16.760769,2025-01-02 07:44:21.766318,0 days 00:00:05.005549,1,115,,,,,,,,,,,,,,,,,,,,COMPLETE
407,407,0.8481053051455923,2025-01-02 07:44:21.766932,2025-01-02 07:44:27.782715,0 days 00:00:06.015783,2,110,125.0,,,,,,,,,,,,,,,,,,,COMPLETE
408,408,0.8423645320197044,2025-01-02 07:44:27.783307,2025-01-02 07:44:32.774357,0 days 00:00:04.991050,1,120,,,,,,,,,,,,,,,,,,,,COMPLETE
409,409,0.8202514441046551,2025-01-02 07:44:32.774935,2025-01-02 07:44:38.808784,0 days 00:00:06.033849,2,105,130.0,,,,,,,,,,,,,,,,,,,COMPLETE
410,410,0.8235583224115335,2025-01-02 07:44:38.809369,2025-01-02 07:44:45.248990,0 days 00:00:06.439621,2,120,130.0,,,,,,,,,,,,,,,,,,,COMPLETE
411,411,0.8310810810810811,2025-01-02 07:44:45.249568,2025-01-02 07:44:50.226036,0 days 00:00:04.976468,1,120,,,,,,,,,,,,,,,,,,,,COMPLETE
412,412,0.8281980266574347,2025-01-02 07:44:50.226618,2025-01-02 07:44:55.233132,0 days 00:00:05.006514,1,140,,,,,,,,,,,,,,,,,,,,COMPLETE
413,413,0.8373019097927672,2025-01-02 07:44:55.233698,2025-01-02 07:45:01.682269,0 days 00:00:06.448571,2,125,180.0,,,,,,,,,,,,,,,,,,,COMPLETE
414,414,0.8355720606826802,2025-01-02 07:45:01.682861,2025-01-02 07:45:08.117349,0 days 00:00:06.434488,2,115,120.0,,,,,,,,,,,,,,,,,,,COMPLETE
415,415,0.6388611388611389,2025-01-02 07:45:08.117950,2025-01-02 07:45:22.331651,0 days 00:00:14.213701,9,135,115.0,,,,,,,,,,,145.0,55.0,110.0,85.0,55.0,165.0,185.0,,COMPLETE
416,416,0.4544740973312402,2025-01-02 07:45:22.332357,2025-01-02 07:45:51.910439,0 days 00:00:29.578082,12,110,140.0,55.0,200.0,,,,,,,,,55.0,25.0,170.0,45.0,155.0,90.0,40.0,185.0,COMPLETE
417,417,0.8295107033639144,2025-01-02 07:45:51.911267,2025-01-02 07:45:56.920254,0 days 00:00:05.008987,1,130,,,,,,,,,,,,,,,,,,,,COMPLETE
418,418,0.7990638002773924,2025-01-02 07:45:56.920850,2025-01-02 07:46:03.005445,0 days 00:00:06.084595,2,140,135.0,,,,,,,,,,,,,,,,,,,COMPLETE
419,419,0.844107744107744,2025-01-02 07:46:03.006053,2025-01-02 07:46:08.002861,0 days 00:00:04.996808,1,120,,,,,,,,,,,,,,,,,,,,COMPLETE
420,420,0.7963963963963965,2025-01-02 07:46:08.003449,2025-01-02 07:46:15.928077,0 days 00:00:07.924628,3,125,125.0,,,,,,,,,,,65.0,,,,,,,,COMPLETE
421,421,0.8278816199376947,2025-01-02 07:46:15.928688,2025-01-02 07:46:22.382306,0 days 00:00:06.453618,2,140,145.0,,,,,,,,,,,,,,,,,,,COMPLETE
422,422,0.09475806451612903,2025-01-02 07:46:22.382941,2025-01-02 07:47:00.014922,0 days 00:00:37.631981,13,135,110.0,20.0,35.0,55.0,,,,,,,,35.0,80.0,50.0,145.0,175.0,65.0,90.0,130.0,COMPLETE
423,423,0.8197753573859768,2025-01-02 07:47:00.015931,2025-01-02 07:47:05.013051,0 days 00:00:04.997120,1,115,,,,,,,,,,,,,,,,,,,,COMPLETE
424,424,0.8055555555555556,2025-01-02 07:47:05.013619,2025-01-02 07:47:11.455956,0 days 00:00:06.442337,2,105,135.0,,,,,,,,,,,,,,,,,,,COMPLETE
425,425,0.8124850514231046,2025-01-02 07:47:11.456590,2025-01-02 07:47:16.422053,0 days 00:00:04.965463,1,125,,,,,,,,,,,,,,,,,,,,COMPLETE
426,426,0.8388278388278387,2025-01-02 07:47:16.422657,2025-01-02 07:47:22.848426,0 days 00:00:06.425769,2,130,105.0,,,,,,,,,,,,,,,,,,,COMPLETE
427,427,0.8378084179970973,2025-01-02 07:47:22.849032,2025-01-02 07:47:28.193336,0 days 00:00:05.344304,1,175,,,,,,,,,,,,,,,,,,,,COMPLETE
428,428,0.7906715126341295,2025-01-02 07:47:28.193933,2025-01-02 07:47:34.630430,0 days 00:00:06.436497,2,155,100.0,,,,,,,,,,,,,,,,,,,COMPLETE
429,429,0.8275754746342981,2025-01-02 07:47:34.631030,2025-01-02 07:47:42.560049,0 days 00:00:07.929019,3,135,150.0,,,,,,,,,,,20.0,,,,,,,,COMPLETE
430,430,0.8101190476190476,2025-01-02 07:47:42.560667,2025-01-02 07:47:47.583436,0 days 00:00:05.022769,1,150,,,,,,,,,,,,,,,,,,,,COMPLETE
431,431,0.8235583224115335,2025-01-02 07:47:47.584034,2025-01-02 07:47:54.012777,0 days 00:00:06.428743,2,120,115.0,,,,,,,,,,,,,,,,,,,COMPLETE
432,432,0.8480883602378929,2025-01-02 07:47:54.013383,2025-01-02 07:47:59.043784,0 days 00:00:05.030401,1,130,,,,,,,,,,,,,,,,,,,,COMPLETE
433,433,0.8303436179542374,2025-01-02 07:47:59.044371,2025-01-02 07:48:06.993572,0 days 00:00:07.949201,3,95,170.0,,,,,,,,,,,45.0,,,,,,,,COMPLETE
434,434,0.8250201126307322,2025-01-02 07:48:06.994245,2025-01-02 07:48:13.449542,0 days 00:00:06.455297,2,115,140.0,,,,,,,,,,,,,,,,,,,COMPLETE
435,435,0.8040668348045397,2025-01-02 07:48:13.450126,2025-01-02 07:48:22.767124,0 days 00:00:09.316998,4,125,150.0,,,,,,,,,,,135.0,5.0,,,,,,,COMPLETE
436,436,0.8359788359788359,2025-01-02 07:48:22.767766,2025-01-02 07:48:27.768184,0 days 00:00:05.000418,1,65,,,,,,,,,,,,,,,,,,,,COMPLETE
437,437,0.7787193973634652,2025-01-02 07:48:27.768767,2025-01-02 07:48:35.684916,0 days 00:00:07.916149,3,145,30.0,,,,,,,,,,,5.0,,,,,,,,COMPLETE
438,438,0.8583583583583584,2025-01-02 07:48:35.685526,2025-01-02 07:48:42.164728,0 days 00:00:06.479202,2,135,10.0,,,,,,,,,,,,,,,,,,,COMPLETE
439,439,0.8295107033639144,2025-01-02 07:48:42.165321,2025-01-02 07:48:47.175799,0 days 00:00:05.010478,1,130,,,,,,,,,,,,,,,,,,,,COMPLETE
440,440,0.8317473338802297,2025-01-02 07:48:47.176379,2025-01-02 07:48:53.613715,0 days 00:00:06.437336,2,125,85.0,,,,,,,,,,,,,,,,,,,COMPLETE
441,441,0.8651457335390111,2025-01-02 07:48:53.614310,2025-01-02 07:48:58.604311,0 days 00:00:04.990001,1,135,,,,,,,,,,,,,,,,,,,,COMPLETE
442,442,0.43813131313131315,2025-01-02 07:48:58.604933,2025-01-02 07:49:13.098591,0 days 00:00:14.493658,8,140,175.0,,,,,,,,,,,85.0,120.0,200.0,100.0,190.0,30.0,,,COMPLETE
443,443,0.833576266826717,2025-01-02 07:49:13.099548,2025-01-02 07:49:18.430138,0 days 00:00:05.330590,1,140,,,,,,,,,,,,,,,,,,,,COMPLETE
444,444,0.803654873164219,2025-01-02 07:49:18.430736,2025-01-02 07:49:24.858660,0 days 00:00:06.427924,2,135,5.0,,,,,,,,,,,,,,,,,,,COMPLETE
445,445,0.8272584511116621,2025-01-02 07:49:24.859229,2025-01-02 07:49:29.862545,0 days 00:00:05.003316,1,145,,,,,,,,,,,,,,,,,,,,COMPLETE
446,446,0.8377192982456141,2025-01-02 07:49:29.863136,2025-01-02 07:49:37.795105,0 days 00:00:07.931969,3,135,145.0,,,,,,,,,,,105.0,,,,,,,,COMPLETE
447,447,0.7373428474345906,2025-01-02 07:49:37.795719,2025-01-02 07:49:46.589213,0 days 00:00:08.793494,4,140,10.0,,,,,,,,,,,155.0,40.0,,,,,,,COMPLETE
448,448,0.838095238095238,2025-01-02 07:49:46.589824,2025-01-02 07:49:53.005494,0 days 00:00:06.415670,2,135,130.0,,,,,,,,,,,,,,,,,,,COMPLETE
449,449,0.5170068027210885,2025-01-02 07:49:53.006079,2025-01-02 07:50:40.899010,0 days 00:00:47.892931,17,130,155.0,130.0,105.0,80.0,85.0,110.0,120.0,85.0,,,,60.0,135.0,135.0,200.0,20.0,5.0,60.0,75.0,COMPLETE
450,450,0.8198051948051948,2025-01-02 07:50:40.899934,2025-01-02 07:50:45.885973,0 days 00:00:04.986039,1,130,,,,,,,,,,,,,,,,,,,,COMPLETE
451,451,0.6174821610601428,2025-01-02 07:50:45.886572,2025-01-02 07:50:58.805144,0 days 00:00:12.918572,6,145,10.0,,,,,,,,,,,40.0,195.0,125.0,15.0,,,,,COMPLETE
452,452,0.572814399251987,2025-01-02 07:50:58.805849,2025-01-02 07:51:08.507636,0 days 00:00:09.701787,5,55,40.0,,,,,,,,,,,50.0,70.0,175.0,,,,,,COMPLETE
453,453,0.8070796460176992,2025-01-02 07:51:08.508285,2025-01-02 07:51:14.931640,0 days 00:00:06.423355,2,135,80.0,,,,,,,,,,,,,,,,,,,COMPLETE
454,454,0.8310810810810811,2025-01-02 07:51:14.932254,2025-01-02 07:51:19.904312,0 days 00:00:04.972058,1,125,,,,,,,,,,,,,,,,,,,,COMPLETE
455,455,0.7946264848919716,2025-01-02 07:51:19.904920,2025-01-02 07:51:27.898862,0 days 00:00:07.993942,3,150,165.0,,,,,,,,,,,20.0,,,,,,,,COMPLETE
456,456,0.7888034188034188,2025-01-02 07:51:27.899468,2025-01-02 07:51:34.336832,0 days 00:00:06.437364,2,130,45.0,,,,,,,,,,,,,,,,,,,COMPLETE
457,457,0.8407079646017699,2025-01-02 07:51:34.337428,2025-01-02 07:51:40.328960,0 days 00:00:05.991532,2,135,120.0,,,,,,,,,,,,,,,,,,,COMPLETE
458,458,0.822429906542056,2025-01-02 07:51:40.329659,2025-01-02 07:51:45.330263,0 days 00:00:05.000604,1,140,,,,,,,,,,,,,,,,,,,,COMPLETE
459,459,0.7816430291677816,2025-01-02 07:51:45.330981,2025-01-02 07:51:50.318760,0 days 00:00:04.987779,1,125,,,,,,,,,,,,,,,,,,,,COMPLETE
460,460,0.8018998132662174,2025-01-02 07:51:50.319362,2025-01-02 07:51:57.709159,0 days 00:00:07.389797,3,130,140.0,,,,,,,,,,,35.0,,,,,,,,COMPLETE
461,461,0.798605924819517,2025-01-02 07:51:57.709766,2025-01-02 07:52:03.043200,0 days 00:00:05.333434,1,30,,,,,,,,,,,,,,,,,,,,COMPLETE
462,462,0.8286062576188541,2025-01-02 07:52:03.043803,2025-01-02 07:52:09.473916,0 days 00:00:06.430113,2,120,160.0,,,,,,,,,,,,,,,,,,,COMPLETE
463,463,0.8379475521636762,2025-01-02 07:52:09.474532,2025-01-02 07:52:16.045049,0 days 00:00:06.570517,2,10,95.0,,,,,,,,,,,,,,,,,,,COMPLETE
464,464,0.8166445623342176,2025-01-02 07:52:16.045657,2025-01-02 07:52:22.081491,0 days 00:00:06.035834,2,135,150.0,,,,,,,,,,,,,,,,,,,COMPLETE
465,465,0.8020471740097908,2025-01-02 07:52:22.082111,2025-01-02 07:52:29.501020,0 days 00:00:07.418909,3,125,190.0,,,,,,,,,,,95.0,,,,,,,,COMPLETE
466,466,0.809190031152648,2025-01-02 07:52:29.501676,2025-01-02 07:52:34.502928,0 days 00:00:05.001252,1,165,,,,,,,,,,,,,,,,,,,,COMPLETE
467,467,0.8266434892541087,2025-01-02 07:52:34.503502,2025-01-02 07:52:40.966808,0 days 00:00:06.463306,2,100,125.0,,,,,,,,,,,,,,,,,,,COMPLETE
468,468,0.7917989912198767,2025-01-02 07:52:40.967407,2025-01-02 07:52:46.018437,0 days 00:00:05.051030,1,140,,,,,,,,,,,,,,,,,,,,COMPLETE
469,469,0.8182605682605683,2025-01-02 07:52:46.019034,2025-01-02 07:52:53.904561,0 days 00:00:07.885527,3,110,145.0,,,,,,,,,,,10.0,,,,,,,,COMPLETE
470,470,0.8400900900900901,2025-01-02 07:52:53.905191,2025-01-02 07:53:00.356439,0 days 00:00:06.451248,2,195,15.0,,,,,,,,,,,,,,,,,,,COMPLETE
471,471,0.8301807833947104,2025-01-02 07:53:00.357062,2025-01-02 07:53:05.389549,0 days 00:00:05.032487,1,105,,,,,,,,,,,,,,,,,,,,COMPLETE
472,472,0.7907534529815565,2025-01-02 07:53:05.390129,2025-01-02 07:53:10.777597,0 days 00:00:05.387468,1,40,,,,,,,,,,,,,,,,,,,,COMPLETE
473,473,0.8199106054449411,2025-01-02 07:53:10.778197,2025-01-02 07:53:18.724464,0 days 00:00:07.946267,3,155,130.0,,,,,,,,,,,25.0,,,,,,,,COMPLETE
474,474,0.8304391384204375,2025-01-02 07:53:18.725111,2025-01-02 07:53:25.184512,0 days 00:00:06.459401,2,135,155.0,,,,,,,,,,,,,,,,,,,COMPLETE
475,475,0.796281127129751,2025-01-02 07:53:25.185660,2025-01-02 07:53:31.658039,0 days 00:00:06.472379,2,75,5.0,,,,,,,,,,,,,,,,,,,COMPLETE
476,476,0.8218218218218218,2025-01-02 07:53:31.658653,2025-01-02 07:53:36.665394,0 days 00:00:05.006741,1,130,,,,,,,,,,,,,,,,,,,,COMPLETE
477,477,0.8197753573859768,2025-01-02 07:53:36.666005,2025-01-02 07:53:44.094573,0 days 00:00:07.428568,3,120,55.0,,,,,,,,,,,180.0,,,,,,,,COMPLETE
478,478,0.8052096985583224,2025-01-02 07:53:44.095233,2025-01-02 07:53:50.636928,0 days 00:00:06.541695,2,145,135.0,,,,,,,,,,,,,,,,,,,COMPLETE
479,479,0.794232766195383,2025-01-02 07:53:50.637554,2025-01-02 07:53:59.543236,0 days 00:00:08.905682,4,115,120.0,,,,,,,,,,,30.0,15.0,,,,,,,COMPLETE
480,480,0.8150943396226416,2025-01-02 07:53:59.543884,2025-01-02 07:54:04.530711,0 days 00:00:04.986827,1,150,,,,,,,,,,,,,,,,,,,,COMPLETE
481,481,0.8401167639699749,2025-01-02 07:54:04.531290,2025-01-02 07:54:09.520786,0 days 00:00:04.989496,1,130,,,,,,,,,,,,,,,,,,,,COMPLETE
482,482,0.3261904761904762,2025-01-02 07:54:09.521845,2025-01-02 07:54:24.176089,0 days 00:00:14.654244,16,125,115.0,110.0,75.0,100.0,35.0,5.0,80.0,,,,,15.0,160.0,85.0,190.0,35.0,110.0,15.0,145.0,COMPLETE
483,483,0.8278816199376947,2025-01-02 07:54:24.177150,2025-01-02 07:54:30.687936,0 days 00:00:06.510786,2,20,160.0,,,,,,,,,,,,,,,,,,,COMPLETE
484,484,0.8018018018018018,2025-01-02 07:54:30.688539,2025-01-02 07:54:38.590211,0 days 00:00:07.901672,3,130,145.0,,,,,,,,,,,45.0,,,,,,,,COMPLETE
485,485,0.8182605682605683,2025-01-02 07:54:38.590861,2025-01-02 07:54:43.615048,0 days 00:00:05.024187,1,140,,,,,,,,,,,,,,,,,,,,COMPLETE
486,486,0.8340579710144927,2025-01-02 07:54:43.615654,2025-01-02 07:54:50.030868,0 days 00:00:06.415214,2,135,60.0,,,,,,,,,,,,,,,,,,,COMPLETE
487,487,0.8284600389863548,2025-01-02 07:54:50.031473,2025-01-02 07:54:56.054023,0 days 00:00:06.022550,2,125,140.0,,,,,,,,,,,,,,,,,,,COMPLETE
488,488,0.8493744787322769,2025-01-02 07:54:56.054650,2025-01-02 07:55:01.031056,0 days 00:00:04.976406,1,120,,,,,,,,,,,,,,,,,,,,COMPLETE
489,489,0.8238421955403088,2025-01-02 07:55:01.031714,2025-01-02 07:55:07.070805,0 days 00:00:06.039091,2,135,150.0,,,,,,,,,,,,,,,,,,,COMPLETE
490,490,0.5577319587628866,2025-01-02 07:55:07.071439,2025-01-02 07:55:15.883552,0 days 00:00:08.812113,4,130,50.0,,,,,,,,,,,55.0,90.0,,,,,,,COMPLETE
491,491,0.849624060150376,2025-01-02 07:55:15.884187,2025-01-02 07:55:20.879021,0 days 00:00:04.994834,1,70,,,,,,,,,,,,,,,,,,,,COMPLETE
492,492,0.849467418546366,2025-01-02 07:55:20.879622,2025-01-02 07:55:26.934627,0 days 00:00:06.055005,2,115,135.0,,,,,,,,,,,,,,,,,,,COMPLETE
493,493,0.8240589899682758,2025-01-02 07:55:26.935225,2025-01-02 07:55:34.871189,0 days 00:00:07.935964,3,60,105.0,,,,,,,,,,,75.0,,,,,,,,COMPLETE
494,494,0.34177215189873417,2025-01-02 07:55:34.871833,2025-01-02 07:56:38.631699,0 days 00:01:03.759866,20,145,155.0,80.0,130.0,180.0,185.0,50.0,30.0,140.0,90.0,105.0,155.0,5.0,50.0,10.0,35.0,130.0,80.0,115.0,20.0,COMPLETE
495,495,0.8288288288288288,2025-01-02 07:56:38.632978,2025-01-02 07:56:43.613909,0 days 00:00:04.980931,1,125,,,,,,,,,,,,,,,,,,,,COMPLETE
496,496,0.8386850152905199,2025-01-02 07:56:43.614510,2025-01-02 07:56:48.596844,0 days 00:00:04.982334,1,140,,,,,,,,,,,,,,,,,,,,COMPLETE
497,497,0.7999338624338624,2025-01-02 07:56:48.597500,2025-01-02 07:56:55.015111,0 days 00:00:06.417611,2,120,75.0,,,,,,,,,,,,,,,,,,,COMPLETE
498,498,0.4664095146255223,2025-01-02 07:56:55.015903,2025-01-02 07:57:37.882084,0 days 00:00:42.866181,15,110,170.0,55.0,160.0,155.0,70.0,105.0,,,,,,110.0,180.0,145.0,115.0,100.0,155.0,90.0,55.0,COMPLETE
499,499,0.8089098272584512,2025-01-02 07:57:37.883593,2025-01-02 07:57:44.288793,0 days 00:00:06.405200,2,130,125.0,,,,,,,,,,,,,,,,,,,COMPLETE
500,500,0.8676176176176176,2025-01-02 07:57:44.289387,2025-01-02 07:57:52.184128,0 days 00:00:07.894741,3,135,165.0,,,,,,,,,,,15.0,,,,,,,,COMPLETE
501,501,0.8342990503782393,2025-01-02 07:57:52.184763,2025-01-02 07:57:57.176446,0 days 00:00:04.991683,1,140,,,,,,,,,,,,,,,,,,,,COMPLETE
502,502,0.8213716108452951,2025-01-02 07:57:57.177054,2025-01-02 07:58:03.606254,0 days 00:00:06.429200,2,135,180.0,,,,,,,,,,,,,,,,,,,COMPLETE
503,503,0.8074460916442049,2025-01-02 07:58:03.606900,2025-01-02 07:58:08.618471,0 days 00:00:05.011571,1,140,,,,,,,,,,,,,,,,,,,,COMPLETE
504,504,0.8050161812297735,2025-01-02 07:58:08.619074,2025-01-02 07:58:13.652240,0 days 00:00:05.033166,1,135,,,,,,,,,,,,,,,,,,,,COMPLETE
505,505,0.8108766233766234,2025-01-02 07:58:13.652855,2025-01-02 07:58:21.613668,0 days 00:00:07.960813,3,145,165.0,,,,,,,,,,,40.0,,,,,,,,COMPLETE
506,506,0.8301886792452831,2025-01-02 07:58:21.614322,2025-01-02 07:58:28.087844,0 days 00:00:06.473522,2,135,170.0,,,,,,,,,,,,,,,,,,,COMPLETE
507,507,0.8373019097927672,2025-01-02 07:58:28.088466,2025-01-02 07:58:34.468251,0 days 00:00:06.379785,2,130,35.0,,,,,,,,,,,,,,,,,,,COMPLETE
508,508,0.787525354969574,2025-01-02 07:58:34.468886,2025-01-02 07:58:39.480072,0 days 00:00:05.011186,1,50,,,,,,,,,,,,,,,,,,,,COMPLETE
509,509,0.8444760550023708,2025-01-02 07:58:39.480672,2025-01-02 07:58:47.413410,0 days 00:00:07.932738,3,135,120.0,,,,,,,,,,,20.0,,,,,,,,COMPLETE
510,510,0.8384876805437553,2025-01-02 07:58:47.414067,2025-01-02 07:58:53.850374,0 days 00:00:06.436307,2,130,25.0,,,,,,,,,,,,,,,,,,,COMPLETE
511,511,0.8258086253369272,2025-01-02 07:58:53.851005,2025-01-02 07:58:59.207031,0 days 00:00:05.356026,1,30,,,,,,,,,,,,,,,,,,,,COMPLETE
512,512,0.8703703703703703,2025-01-02 07:58:59.207642,2025-01-02 07:59:04.232253,0 days 00:00:05.024611,1,140,,,,,,,,,,,,,,,,,,,,COMPLETE
513,513,0.8257575757575758,2025-01-02 07:59:04.232875,2025-01-02 07:59:09.217223,0 days 00:00:04.984348,1,145,,,,,,,,,,,,,,,,,,,,COMPLETE
514,514,0.849624060150376,2025-01-02 07:59:09.217848,2025-01-02 07:59:14.204061,0 days 00:00:04.986213,1,150,,,,,,,,,,,,,,,,,,,,COMPLETE
515,515,0.8308308308308308,2025-01-02 07:59:14.204686,2025-01-02 07:59:19.189682,0 days 00:00:04.984996,1,140,,,,,,,,,,,,,,,,,,,,COMPLETE
516,516,0.4926043812020221,2025-01-02 07:59:19.190317,2025-01-02 07:59:33.919398,0 days 00:00:14.729081,7,140,185.0,,,,,,,,,,,10.0,145.0,30.0,155.0,115.0,,,,COMPLETE
517,517,0.8612706850724514,2025-01-02 07:59:33.920296,2025-01-02 07:59:38.906792,0 days 00:00:04.986496,1,150,,,,,,,,,,,,,,,,,,,,COMPLETE
518,518,0.8158692722371967,2025-01-02 07:59:38.907370,2025-01-02 07:59:43.926306,0 days 00:00:05.018936,1,145,,,,,,,,,,,,,,,,,,,,COMPLETE
519,519,0.8141498606328906,2025-01-02 07:59:43.926905,2025-01-02 07:59:49.382573,0 days 00:00:05.455668,1,5,,,,,,,,,,,,,,,,,,,,COMPLETE
520,520,0.8361469712015889,2025-01-02 07:59:49.383194,2025-01-02 07:59:54.402937,0 days 00:00:05.019743,1,140,,,,,,,,,,,,,,,,,,,,COMPLETE
521,521,0.8492910758965805,2025-01-02 07:59:54.403545,2025-01-02 07:59:59.397345,0 days 00:00:04.993800,1,135,,,,,,,,,,,,,,,,,,,,COMPLETE
522,522,0.7817460317460317,2025-01-02 07:59:59.397936,2025-01-02 08:00:08.108908,0 days 00:00:08.710972,4,135,175.0,,,,,,,,,,,70.0,165.0,,,,,,,COMPLETE
523,523,0.8245892951775304,2025-01-02 08:00:08.109569,2025-01-02 08:00:13.112342,0 days 00:00:05.002773,1,150,,,,,,,,,,,,,,,,,,,,COMPLETE
524,524,0.8054554390563565,2025-01-02 08:00:13.112962,2025-01-02 08:00:19.545785,0 days 00:00:06.432823,2,130,130.0,,,,,,,,,,,,,,,,,,,COMPLETE
525,525,0.6002962962962963,2025-01-02 08:00:19.546397,2025-01-02 08:00:41.352266,0 days 00:00:21.805869,11,155,115.0,145.0,,,,,,,,,,50.0,105.0,65.0,170.0,140.0,50.0,155.0,165.0,COMPLETE
526,526,0.8088421385637456,2025-01-02 08:00:41.353066,2025-01-02 08:00:47.821074,0 days 00:00:06.468008,2,160,95.0,,,,,,,,,,,,,,,,,,,COMPLETE
527,527,0.8453395087254982,2025-01-02 08:00:47.821688,2025-01-02 08:00:52.845406,0 days 00:00:05.023718,1,140,,,,,,,,,,,,,,,,,,,,COMPLETE
528,528,0.805367401183229,2025-01-02 08:00:52.846044,2025-01-02 08:01:00.754864,0 days 00:00:07.908820,3,130,175.0,,,,,,,,,,,25.0,,,,,,,,COMPLETE
529,529,0.8113929684023142,2025-01-02 08:01:00.755490,2025-01-02 08:01:05.754528,0 days 00:00:04.999038,1,125,,,,,,,,,,,,,,,,,,,,COMPLETE
530,530,0.8223678462210573,2025-01-02 08:01:05.755130,2025-01-02 08:01:12.235553,0 days 00:00:06.480423,2,145,140.0,,,,,,,,,,,,,,,,,,,COMPLETE
531,531,0.8364899512033743,2025-01-02 08:01:12.236170,2025-01-02 08:01:18.687662,0 days 00:00:06.451492,2,135,160.0,,,,,,,,,,,,,,,,,,,COMPLETE
532,532,0.8163299663299664,2025-01-02 08:01:18.688304,2025-01-02 08:01:23.711895,0 days 00:00:05.023591,1,125,,,,,,,,,,,,,,,,,,,,COMPLETE
533,533,0.7996030105036804,2025-01-02 08:01:23.712523,2025-01-02 08:01:31.706114,0 days 00:00:07.993591,3,130,165.0,,,,,,,,,,,30.0,,,,,,,,COMPLETE
534,534,0.7963963963963965,2025-01-02 08:01:31.706754,2025-01-02 08:01:38.202346,0 days 00:00:06.495592,2,140,135.0,,,,,,,,,,,,,,,,,,,COMPLETE
535,535,0.8159504265250281,2025-01-02 08:01:38.202989,2025-01-02 08:01:43.264266,0 days 00:00:05.061277,1,15,,,,,,,,,,,,,,,,,,,,COMPLETE
536,536,0.8207282913165266,2025-01-02 08:01:43.264931,2025-01-02 08:01:48.589268,0 days 00:00:05.324337,1,135,,,,,,,,,,,,,,,,,,,,COMPLETE
537,537,0.8070796460176992,2025-01-02 08:01:48.589888,2025-01-02 08:01:56.005724,0 days 00:00:07.415836,3,145,110.0,,,,,,,,,,,195.0,,,,,,,,COMPLETE
538,538,0.8141498606328906,2025-01-02 08:01:56.006530,2025-01-02 08:02:02.444792,0 days 00:00:06.438262,2,130,145.0,,,,,,,,,,,,,,,,,,,COMPLETE
539,539,0.8479442745497792,2025-01-02 08:02:02.445465,2025-01-02 08:02:07.448725,0 days 00:00:05.003260,1,130,,,,,,,,,,,,,,,,,,,,COMPLETE
540,540,0.788888888888889,2025-01-02 08:02:07.449362,2025-01-02 08:02:13.450757,0 days 00:00:06.001395,2,125,70.0,,,,,,,,,,,,,,,,,,,COMPLETE
541,541,0.8469155844155845,2025-01-02 08:02:13.451380,2025-01-02 08:02:18.434141,0 days 00:00:04.982761,1,135,,,,,,,,,,,,,,,,,,,,COMPLETE
542,542,0.7781782437745741,2025-01-02 08:02:18.434757,2025-01-02 08:02:27.236248,0 days 00:00:08.801491,4,140,150.0,,,,,,,,,,,35.0,25.0,,,,,,,COMPLETE
543,543,0.8125625625625625,2025-01-02 08:02:27.236908,2025-01-02 08:02:33.666689,0 days 00:00:06.429781,2,105,80.0,,,,,,,,,,,,,,,,,,,COMPLETE
544,544,0.7864656381486677,2025-01-02 08:02:33.667337,2025-01-02 08:02:42.332388,0 days 00:00:08.665051,4,150,130.0,,,,,,,,,,,120.0,175.0,,,,,,,COMPLETE
545,545,0.7946264848919716,2025-01-02 08:02:42.333040,2025-01-02 08:02:49.720329,0 days 00:00:07.387289,3,135,165.0,,,,,,,,,,,85.0,,,,,,,,COMPLETE
546,546,0.8253842077371489,2025-01-02 08:02:49.721015,2025-01-02 08:02:55.727696,0 days 00:00:06.006681,2,115,125.0,,,,,,,,,,,,,,,,,,,COMPLETE
547,547,0.2751358695652174,2025-01-02 08:02:55.728329,2025-01-02 08:03:49.019141,0 days 00:00:53.290812,19,125,100.0,115.0,180.0,35.0,130.0,200.0,160.0,175.0,145.0,105.0,,60.0,155.0,190.0,5.0,80.0,40.0,45.0,115.0,COMPLETE
548,548,0.8647727272727272,2025-01-02 08:03:49.020143,2025-01-02 08:03:54.014304,0 days 00:00:04.994161,1,135,,,,,,,,,,,,,,,,,,,,COMPLETE
549,549,0.8107493707883413,2025-01-02 08:03:54.014964,2025-01-02 08:03:58.998819,0 days 00:00:04.983855,1,135,,,,,,,,,,,,,,,,,,,,COMPLETE
550,550,0.7874525770334042,2025-01-02 08:03:58.999433,2025-01-02 08:04:03.989111,0 days 00:00:04.989678,1,140,,,,,,,,,,,,,,,,,,,,COMPLETE
551,551,0.809276566285912,2025-01-02 08:04:03.989742,2025-01-02 08:04:08.988384,0 days 00:00:04.998642,1,140,,,,,,,,,,,,,,,,,,,,COMPLETE
552,552,0.8278867102396514,2025-01-02 08:04:08.988995,2025-01-02 08:04:13.992531,0 days 00:00:05.003536,1,130,,,,,,,,,,,,,,,,,,,,COMPLETE
553,553,0.8144963144963145,2025-01-02 08:04:13.993150,2025-01-02 08:04:18.986211,0 days 00:00:04.993061,1,135,,,,,,,,,,,,,,,,,,,,COMPLETE
554,554,0.8317610062893082,2025-01-02 08:04:18.986858,2025-01-02 08:04:23.961800,0 days 00:00:04.974942,1,130,,,,,,,,,,,,,,,,,,,,COMPLETE
555,555,0.8181818181818181,2025-01-02 08:04:23.962410,2025-01-02 08:04:28.941498,0 days 00:00:04.979088,1,145,,,,,,,,,,,,,,,,,,,,COMPLETE
556,556,0.8090909090909091,2025-01-02 08:04:28.942157,2025-01-02 08:04:33.943404,0 days 00:00:05.001247,1,125,,,,,,,,,,,,,,,,,,,,COMPLETE
557,557,0.8152740341419586,2025-01-02 08:04:33.944087,2025-01-02 08:04:39.936894,0 days 00:00:05.992807,2,135,195.0,,,,,,,,,,,,,,,,,,,COMPLETE
558,558,0.8287732402370707,2025-01-02 08:04:39.937613,2025-01-02 08:04:44.906355,0 days 00:00:04.968742,1,120,,,,,,,,,,,,,,,,,,,,COMPLETE
559,559,0.8611111111111112,2025-01-02 08:04:44.906988,2025-01-02 08:04:51.329045,0 days 00:00:06.422057,2,130,160.0,,,,,,,,,,,,,,,,,,,COMPLETE
560,560,0.803654873164219,2025-01-02 08:04:51.329668,2025-01-02 08:04:56.327185,0 days 00:00:04.997517,1,140,,,,,,,,,,,,,,,,,,,,COMPLETE
561,561,0.8189404934687954,2025-01-02 08:04:56.327838,2025-01-02 08:05:02.763407,0 days 00:00:06.435569,2,145,160.0,,,,,,,,,,,,,,,,,,,COMPLETE
562,562,0.8198051948051948,2025-01-02 08:05:02.764079,2025-01-02 08:05:07.759174,0 days 00:00:04.995095,1,125,,,,,,,,,,,,,,,,,,,,COMPLETE
563,563,0.8220183486238533,2025-01-02 08:05:07.759793,2025-01-02 08:05:14.193197,0 days 00:00:06.433404,2,130,180.0,,,,,,,,,,,,,,,,,,,COMPLETE
564,564,0.8254208754208754,2025-01-02 08:05:14.193835,2025-01-02 08:05:19.191056,0 days 00:00:04.997221,1,140,,,,,,,,,,,,,,,,,,,,COMPLETE
565,565,0.46156279658335975,2025-01-02 08:05:19.191683,2025-01-02 08:05:39.339567,0 days 00:00:20.147884,10,135,175.0,,,,,,,,,,,125.0,120.0,5.0,130.0,65.0,175.0,200.0,85.0,COMPLETE
566,566,0.8031910650179498,2025-01-02 08:05:39.340390,2025-01-02 08:05:45.791843,0 days 00:00:06.451453,2,120,170.0,,,,,,,,,,,,,,,,,,,COMPLETE
567,567,0.805176132278936,2025-01-02 08:05:45.792509,2025-01-02 08:05:50.817436,0 days 00:00:05.024927,1,165,,,,,,,,,,,,,,,,,,,,COMPLETE
568,568,0.833896668276195,2025-01-02 08:05:50.818056,2025-01-02 08:05:57.316478,0 days 00:00:06.498422,2,130,155.0,,,,,,,,,,,,,,,,,,,COMPLETE
569,569,0.8322675848499754,2025-01-02 08:05:57.317111,2025-01-02 08:06:02.325784,0 days 00:00:05.008673,1,115,,,,,,,,,,,,,,,,,,,,COMPLETE
570,570,0.8250201126307322,2025-01-02 08:06:02.326405,2025-01-02 08:06:08.385492,0 days 00:00:06.059087,2,135,160.0,,,,,,,,,,,,,,,,,,,COMPLETE
571,571,0.8256293676854425,2025-01-02 08:06:08.386120,2025-01-02 08:06:14.406554,0 days 00:00:06.020434,2,130,170.0,,,,,,,,,,,,,,,,,,,COMPLETE
572,572,0.8225524475524475,2025-01-02 08:06:14.407184,2025-01-02 08:06:19.392441,0 days 00:00:04.985257,1,155,,,,,,,,,,,,,,,,,,,,COMPLETE
573,573,0.8597640891218873,2025-01-02 08:06:19.393083,2025-01-02 08:06:25.417327,0 days 00:00:06.024244,2,125,185.0,,,,,,,,,,,,,,,,,,,COMPLETE
574,574,0.8340572715572716,2025-01-02 08:06:25.418193,2025-01-02 08:06:30.399819,0 days 00:00:04.981626,1,120,,,,,,,,,,,,,,,,,,,,COMPLETE
575,575,0.8287337662337663,2025-01-02 08:06:30.400441,2025-01-02 08:06:36.433291,0 days 00:00:06.032850,2,125,180.0,,,,,,,,,,,,,,,,,,,COMPLETE
576,576,0.8541666666666667,2025-01-02 08:06:36.433925,2025-01-02 08:06:41.404414,0 days 00:00:04.970489,1,120,,,,,,,,,,,,,,,,,,,,COMPLETE
577,577,0.8293967714528462,2025-01-02 08:06:41.405056,2025-01-02 08:06:46.421098,0 days 00:00:05.016042,1,125,,,,,,,,,,,,,,,,,,,,COMPLETE
578,578,0.8107142857142857,2025-01-02 08:06:46.421713,2025-01-02 08:06:52.961425,0 days 00:00:06.539712,2,125,190.0,,,,,,,,,,,,,,,,,,,COMPLETE
579,579,0.8272584511116621,2025-01-02 08:06:52.962065,2025-01-02 08:06:59.434180,0 days 00:00:06.472115,2,120,185.0,,,,,,,,,,,,,,,,,,,COMPLETE
580,580,0.8086451836451836,2025-01-02 08:06:59.434814,2025-01-02 08:07:04.430991,0 days 00:00:04.996177,1,115,,,,,,,,,,,,,,,,,,,,COMPLETE
581,581,0.8200509770603228,2025-01-02 08:07:04.431625,2025-01-02 08:07:10.481160,0 days 00:00:06.049535,2,130,165.0,,,,,,,,,,,,,,,,,,,COMPLETE
582,582,0.8161196911196911,2025-01-02 08:07:10.482018,2025-01-02 08:07:15.469964,0 days 00:00:04.987946,1,110,,,,,,,,,,,,,,,,,,,,COMPLETE
583,583,0.8165137614678899,2025-01-02 08:07:15.470585,2025-01-02 08:07:21.509149,0 days 00:00:06.038564,2,125,185.0,,,,,,,,,,,,,,,,,,,COMPLETE
584,584,0.8427101200686107,2025-01-02 08:07:21.509790,2025-01-02 08:07:26.503388,0 days 00:00:04.993598,1,115,,,,,,,,,,,,,,,,,,,,COMPLETE
585,585,0.8054873054873055,2025-01-02 08:07:26.504010,2025-01-02 08:07:34.426922,0 days 00:00:07.922912,3,125,180.0,,,,,,,,,,,65.0,,,,,,,,COMPLETE
586,586,0.8018178729187904,2025-01-02 08:07:34.427569,2025-01-02 08:07:40.872706,0 days 00:00:06.445137,2,130,190.0,,,,,,,,,,,,,,,,,,,COMPLETE
587,587,0.851842910027362,2025-01-02 08:07:40.873327,2025-01-02 08:07:45.873987,0 days 00:00:05.000660,1,125,,,,,,,,,,,,,,,,,,,,COMPLETE
588,588,0.8071911196911197,2025-01-02 08:07:45.874617,2025-01-02 08:07:52.346793,0 days 00:00:06.472176,2,135,175.0,,,,,,,,,,,,,,,,,,,COMPLETE
589,589,0.8109600679694138,2025-01-02 08:07:52.347427,2025-01-02 08:07:57.352189,0 days 00:00:05.004762,1,110,,,,,,,,,,,,,,,,,,,,COMPLETE
590,590,0.8148846780416703,2025-01-02 08:07:57.352829,2025-01-02 08:08:05.276884,0 days 00:00:07.924055,3,130,190.0,,,,,,,,,,,80.0,,,,,,,,COMPLETE
591,591,0.8281385281385282,2025-01-02 08:08:05.277584,2025-01-02 08:08:10.250299,0 days 00:00:04.972715,1,120,,,,,,,,,,,,,,,,,,,,COMPLETE
592,592,0.8363636363636363,2025-01-02 08:08:10.250922,2025-01-02 08:08:16.286206,0 days 00:00:06.035284,2,150,195.0,,,,,,,,,,,,,,,,,,,COMPLETE
593,593,0.8287337662337663,2025-01-02 08:08:16.286832,2025-01-02 08:08:21.281058,0 days 00:00:04.994226,1,120,,,,,,,,,,,,,,,,,,,,COMPLETE
594,594,0.8079923717059639,2025-01-02 08:08:21.281687,2025-01-02 08:08:27.739515,0 days 00:00:06.457828,2,125,15.0,,,,,,,,,,,,,,,,,,,COMPLETE
595,595,0.8111339435830376,2025-01-02 08:08:27.740154,2025-01-02 08:08:32.776579,0 days 00:00:05.036425,1,140,,,,,,,,,,,,,,,,,,,,COMPLETE
596,596,0.7549035115469789,2025-01-02 08:08:32.777221,2025-01-02 08:08:43.744202,0 days 00:00:10.966981,5,130,170.0,,,,,,,,,,,95.0,45.0,40.0,,,,,,COMPLETE
597,597,0.8091931216931216,2025-01-02 08:08:43.744930,2025-01-02 08:08:51.696322,0 days 00:00:07.951392,3,135,150.0,,,,,,,,,,,165.0,,,,,,,,COMPLETE
598,598,0.7797292942313889,2025-01-02 08:08:51.696991,2025-01-02 08:08:57.708259,0 days 00:00:06.011268,2,135,160.0,,,,,,,,,,,,,,,,,,,COMPLETE
599,599,0.8261904761904761,2025-01-02 08:08:57.708915,2025-01-02 08:09:02.704415,0 days 00:00:04.995500,1,115,,,,,,,,,,,,,,,,,,,,COMPLETE
600,600,0.819047619047619,2025-01-02 08:09:02.705056,2025-01-02 08:09:07.705815,0 days 00:00:05.000759,1,150,,,,,,,,,,,,,,,,,,,,COMPLETE
601,601,0.818121693121693,2025-01-02 08:09:07.706431,2025-01-02 08:09:15.685678,0 days 00:00:07.979247,3,160,155.0,,,,,,,,,,,45.0,,,,,,,,COMPLETE
602,602,0.22,2025-01-02 08:09:15.686319,2025-01-02 08:09:54.920786,0 days 00:00:39.234467,13,120,165.0,185.0,150.0,120.0,,,,,,,,170.0,195.0,160.0,65.0,200.0,15.0,130.0,190.0,COMPLETE
603,603,0.8392857142857143,2025-01-02 08:09:54.921955,2025-01-02 08:10:01.416777,0 days 00:00:06.494822,2,145,5.0,,,,,,,,,,,,,,,,,,,COMPLETE
604,604,0.8150943396226416,2025-01-02 08:10:01.417422,2025-01-02 08:10:07.849990,0 days 00:00:06.432568,2,130,200.0,,,,,,,,,,,,,,,,,,,COMPLETE
605,605,0.8252925823019281,2025-01-02 08:10:07.850621,2025-01-02 08:10:12.857516,0 days 00:00:05.006895,1,125,,,,,,,,,,,,,,,,,,,,COMPLETE
606,606,0.7748671917933687,2025-01-02 08:10:12.858150,2025-01-02 08:10:20.769098,0 days 00:00:07.910948,3,140,150.0,,,,,,,,,,,55.0,,,,,,,,COMPLETE
607,607,0.22784810126582278,2025-01-02 08:10:20.769765,2025-01-02 08:10:56.982725,0 days 00:00:36.212960,12,130,145.0,75.0,100.0,,,,,,,,,5.0,80.0,75.0,95.0,170.0,190.0,95.0,15.0,COMPLETE
608,608,0.8219349457881568,2025-01-02 08:10:56.983456,2025-01-02 08:11:01.988682,0 days 00:00:05.005226,1,135,,,,,,,,,,,,,,,,,,,,COMPLETE
609,609,0.8303436179542374,2025-01-02 08:11:01.989298,2025-01-02 08:11:08.073391,0 days 00:00:06.084093,2,155,185.0,,,,,,,,,,,,,,,,,,,COMPLETE
610,610,0.812280701754386,2025-01-02 08:11:08.074024,2025-01-02 08:11:13.086086,0 days 00:00:05.012062,1,130,,,,,,,,,,,,,,,,,,,,COMPLETE
611,611,0.8214152352501867,2025-01-02 08:11:13.086755,2025-01-02 08:11:19.183405,0 days 00:00:06.096650,2,115,200.0,,,,,,,,,,,,,,,,,,,COMPLETE
612,612,0.7743857719105244,2025-01-02 08:11:19.184057,2025-01-02 08:11:24.193519,0 days 00:00:05.009462,1,125,,,,,,,,,,,,,,,,,,,,COMPLETE
613,613,0.7927927927927928,2025-01-02 08:11:24.194151,2025-01-02 08:11:31.599914,0 days 00:00:07.405763,3,140,170.0,,,,,,,,,,,70.0,,,,,,,,COMPLETE
614,614,0.7998911465892597,2025-01-02 08:11:31.600594,2025-01-02 08:11:36.635546,0 days 00:00:05.034952,1,145,,,,,,,,,,,,,,,,,,,,COMPLETE
615,615,0.8027972027972028,2025-01-02 08:11:36.636176,2025-01-02 08:11:43.186231,0 days 00:00:06.550055,2,120,155.0,,,,,,,,,,,,,,,,,,,COMPLETE
616,616,0.8427101200686107,2025-01-02 08:11:43.187583,2025-01-02 08:11:48.235378,0 days 00:00:05.047795,1,135,,,,,,,,,,,,,,,,,,,,COMPLETE
617,617,0.8213346089452285,2025-01-02 08:11:48.236004,2025-01-02 08:11:54.807495,0 days 00:00:06.571491,2,125,160.0,,,,,,,,,,,,,,,,,,,COMPLETE
618,618,0.882844848583259,2025-01-02 08:11:54.808151,2025-01-02 08:11:59.860080,0 days 00:00:05.051929,1,110,,,,,,,,,,,,,,,,,,,,COMPLETE
619,619,0.8502949852507375,2025-01-02 08:11:59.860738,2025-01-02 08:12:04.872832,0 days 00:00:05.012094,1,105,,,,,,,,,,,,,,,,,,,,COMPLETE
620,620,0.7872602065912444,2025-01-02 08:12:04.874286,2025-01-02 08:12:10.228463,0 days 00:00:05.354177,1,100,,,,,,,,,,,,,,,,,,,,COMPLETE
621,621,0.8016142735768904,2025-01-02 08:12:10.229110,2025-01-02 08:12:15.240082,0 days 00:00:05.010972,1,110,,,,,,,,,,,,,,,,,,,,COMPLETE
622,622,0.864522417153996,2025-01-02 08:12:15.240712,2025-01-02 08:12:20.272508,0 days 00:00:05.031796,1,110,,,,,,,,,,,,,,,,,,,,COMPLETE
623,623,0.42110719469210034,2025-01-02 08:12:20.273287,2025-01-02 08:12:34.289225,0 days 00:00:14.015938,8,110,175.0,,,,,,,,,,,40.0,70.0,95.0,190.0,45.0,100.0,,,COMPLETE
624,624,0.8125625625625625,2025-01-02 08:12:34.290154,2025-01-02 08:12:39.267399,0 days 00:00:04.977245,1,105,,,,,,,,,,,,,,,,,,,,COMPLETE
625,625,0.8027568922305764,2025-01-02 08:12:39.268034,2025-01-02 08:12:44.249377,0 days 00:00:04.981343,1,110,,,,,,,,,,,,,,,,,,,,COMPLETE
626,626,0.8595183486238532,2025-01-02 08:12:44.250014,2025-01-02 08:12:49.232454,0 days 00:00:04.982440,1,110,,,,,,,,,,,,,,,,,,,,COMPLETE
627,627,0.8220634048011728,2025-01-02 08:12:49.233077,2025-01-02 08:12:54.246989,0 days 00:00:05.013912,1,105,,,,,,,,,,,,,,,,,,,,COMPLETE
628,628,0.8273809523809523,2025-01-02 08:12:54.247623,2025-01-02 08:12:59.237507,0 days 00:00:04.989884,1,105,,,,,,,,,,,,,,,,,,,,COMPLETE
629,629,0.7982655552749011,2025-01-02 08:12:59.238127,2025-01-02 08:13:04.223642,0 days 00:00:04.985515,1,110,,,,,,,,,,,,,,,,,,,,COMPLETE
630,630,0.8251287001287001,2025-01-02 08:13:04.224273,2025-01-02 08:13:09.212685,0 days 00:00:04.988412,1,100,,,,,,,,,,,,,,,,,,,,COMPLETE
631,631,0.8270074384894144,2025-01-02 08:13:09.213326,2025-01-02 08:13:14.198433,0 days 00:00:04.985107,1,110,,,,,,,,,,,,,,,,,,,,COMPLETE
632,632,0.8507780507780507,2025-01-02 08:13:14.199070,2025-01-02 08:13:19.531966,0 days 00:00:05.332896,1,100,,,,,,,,,,,,,,,,,,,,COMPLETE
633,633,0.8416612057667103,2025-01-02 08:13:19.532634,2025-01-02 08:13:24.560357,0 days 00:00:05.027723,1,115,,,,,,,,,,,,,,,,,,,,COMPLETE
634,634,0.8180841391850566,2025-01-02 08:13:24.561011,2025-01-02 08:13:29.591989,0 days 00:00:05.030978,1,110,,,,,,,,,,,,,,,,,,,,COMPLETE
635,635,0.8073394495412844,2025-01-02 08:13:29.592630,2025-01-02 08:13:34.487477,0 days 00:00:04.894847,1,115,,,,,,,,,,,,,,,,,,,,COMPLETE
636,636,0.8186190000907358,2025-01-02 08:13:34.488135,2025-01-02 08:13:39.505120,0 days 00:00:05.016985,1,105,,,,,,,,,,,,,,,,,,,,COMPLETE
637,637,0.8266951161688003,2025-01-02 08:13:39.505854,2025-01-02 08:13:44.498457,0 days 00:00:04.992603,1,110,,,,,,,,,,,,,,,,,,,,COMPLETE
638,638,0.8220183486238533,2025-01-02 08:13:44.499189,2025-01-02 08:13:49.515337,0 days 00:00:05.016148,1,105,,,,,,,,,,,,,,,,,,,,COMPLETE
639,639,0.8407164700742682,2025-01-02 08:13:49.515982,2025-01-02 08:13:54.510310,0 days 00:00:04.994328,1,115,,,,,,,,,,,,,,,,,,,,COMPLETE
640,640,0.8306595365418895,2025-01-02 08:13:54.510977,2025-01-02 08:13:59.517367,0 days 00:00:05.006390,1,90,,,,,,,,,,,,,,,,,,,,COMPLETE
641,641,0.8376227977591946,2025-01-02 08:13:59.518017,2025-01-02 08:14:05.552218,0 days 00:00:06.034201,2,115,140.0,,,,,,,,,,,,,,,,,,,COMPLETE
642,642,0.5909391534391535,2025-01-02 08:14:05.552884,2025-01-02 08:14:17.187968,0 days 00:00:11.635084,6,110,185.0,,,,,,,,,,,75.0,185.0,115.0,75.0,,,,,COMPLETE
643,643,0.0,2025-01-02 08:14:17.188685,2025-01-02 08:15:07.851220,0 days 00:00:50.662535,18,120,180.0,165.0,40.0,145.0,180.0,150.0,200.0,115.0,65.0,,,160.0,60.0,130.0,25.0,85.0,140.0,70.0,30.0,COMPLETE
644,644,0.820074791772905,2025-01-02 08:15:07.852466,2025-01-02 08:15:14.328087,0 days 00:00:06.475621,2,115,165.0,,,,,,,,,,,,,,,,,,,COMPLETE
645,645,0.8400900900900901,2025-01-02 08:15:14.328766,2025-01-02 08:15:19.288586,0 days 00:00:04.959820,1,110,,,,,,,,,,,,,,,,,,,,COMPLETE
646,646,0.8195868282075178,2025-01-02 08:15:19.289227,2025-01-02 08:15:25.312132,0 days 00:00:06.022905,2,120,170.0,,,,,,,,,,,,,,,,,,,COMPLETE
647,647,0.795968534906588,2025-01-02 08:15:25.312787,2025-01-02 08:15:30.297069,0 days 00:00:04.984282,1,120,,,,,,,,,,,,,,,,,,,,COMPLETE
648,648,0.8282099052942089,2025-01-02 08:15:30.297733,2025-01-02 08:15:36.758031,0 days 00:00:06.460298,2,115,135.0,,,,,,,,,,,,,,,,,,,COMPLETE
649,649,0.7841173730787145,2025-01-02 08:15:36.758699,2025-01-02 08:15:46.046973,0 days 00:00:09.288274,4,105,145.0,,,,,,,,,,,145.0,35.0,,,,,,,COMPLETE
650,650,0.8384876805437553,2025-01-02 08:15:46.047674,2025-01-02 08:15:51.046551,0 days 00:00:04.998877,1,105,,,,,,,,,,,,,,,,,,,,COMPLETE
651,651,0.8569607343192249,2025-01-02 08:15:51.047191,2025-01-02 08:15:56.026748,0 days 00:00:04.979557,1,115,,,,,,,,,,,,,,,,,,,,COMPLETE
652,652,0.8647727272727272,2025-01-02 08:15:56.027393,2025-01-02 08:16:02.068286,0 days 00:00:06.040893,2,115,145.0,,,,,,,,,,,,,,,,,,,COMPLETE
653,653,0.8649350649350649,2025-01-02 08:16:02.068950,2025-01-02 08:16:09.440332,0 days 00:00:07.371382,3,110,150.0,,,,,,,,,,,65.0,,,,,,,,COMPLETE
654,654,0.801631820499745,2025-01-02 08:16:09.441028,2025-01-02 08:16:17.387985,0 days 00:00:07.946957,3,115,150.0,,,,,,,,,,,30.0,,,,,,,,COMPLETE
655,655,0.7476635514018691,2025-01-02 08:16:17.388696,2025-01-02 08:16:26.151999,0 days 00:00:08.763303,4,120,155.0,,,,,,,,,,,25.0,130.0,,,,,,,COMPLETE
656,656,0.8392857142857143,2025-01-02 08:16:26.152703,2025-01-02 08:16:34.028566,0 days 00:00:07.875863,3,110,145.0,,,,,,,,,,,15.0,,,,,,,,COMPLETE
657,657,0.8686926605504588,2025-01-02 08:16:34.029247,2025-01-02 08:16:41.379044,0 days 00:00:07.349797,3,115,140.0,,,,,,,,,,,60.0,,,,,,,,COMPLETE
658,658,0.7792574656981437,2025-01-02 08:16:41.379731,2025-01-02 08:16:49.242392,0 days 00:00:07.862661,3,115,140.0,,,,,,,,,,,100.0,,,,,,,,COMPLETE
659,659,0.8390804597701149,2025-01-02 08:16:49.243108,2025-01-02 08:16:57.178545,0 days 00:00:07.935437,3,110,140.0,,,,,,,,,,,90.0,,,,,,,,COMPLETE
660,660,0.7557368689444162,2025-01-02 08:16:57.179230,2025-01-02 08:17:05.978853,0 days 00:00:08.799623,4,115,135.0,,,,,,,,,,,85.0,95.0,,,,,,,COMPLETE
661,661,0.8054054054054054,2025-01-02 08:17:05.979538,2025-01-02 08:17:13.859148,0 days 00:00:07.879610,3,100,150.0,,,,,,,,,,,65.0,,,,,,,,COMPLETE
662,662,0.8143840104849279,2025-01-02 08:17:13.859862,2025-01-02 08:17:21.777348,0 days 00:00:07.917486,3,115,160.0,,,,,,,,,,,60.0,,,,,,,,COMPLETE
663,663,0.7391242937853107,2025-01-02 08:17:21.778024,2025-01-02 08:17:30.548675,0 days 00:00:08.770651,4,105,145.0,,,,,,,,,,,110.0,145.0,,,,,,,COMPLETE
664,664,0.8270502645502645,2025-01-02 08:17:30.549434,2025-01-02 08:17:38.465598,0 days 00:00:07.916164,3,95,155.0,,,,,,,,,,,70.0,,,,,,,,COMPLETE
665,665,0.8324324324324325,2025-01-02 08:17:38.466430,2025-01-02 08:17:44.500107,0 days 00:00:06.033677,2,110,130.0,,,,,,,,,,,,,,,,,,,COMPLETE
666,666,0.8557459328487366,2025-01-02 08:17:44.500770,2025-01-02 08:17:50.956945,0 days 00:00:06.456175,2,120,135.0,,,,,,,,,,,,,,,,,,,COMPLETE
667,667,0.8088421385637456,2025-01-02 08:17:50.957607,2025-01-02 08:17:58.307198,0 days 00:00:07.349591,3,115,145.0,,,,,,,,,,,80.0,,,,,,,,COMPLETE
668,668,0.8288961038961038,2025-01-02 08:17:58.307896,2025-01-02 08:18:04.749947,0 days 00:00:06.442051,2,110,160.0,,,,,,,,,,,,,,,,,,,COMPLETE
669,669,0.8210051761562865,2025-01-02 08:18:04.750602,2025-01-02 08:18:10.810673,0 days 00:00:06.060071,2,115,150.0,,,,,,,,,,,,,,,,,,,COMPLETE
670,670,0.8272584511116621,2025-01-02 08:18:10.811320,2025-01-02 08:18:16.858302,0 days 00:00:06.046982,2,120,140.0,,,,,,,,,,,,,,,,,,,COMPLETE
671,671,0.761128526645768,2025-01-02 08:18:16.858991,2025-01-02 08:18:24.303434,0 days 00:00:07.444443,3,120,165.0,,,,,,,,,,,105.0,,,,,,,,COMPLETE
672,672,0.833896668276195,2025-01-02 08:18:24.304122,2025-01-02 08:18:31.692839,0 days 00:00:07.388717,3,105,155.0,,,,,,,,,,,45.0,,,,,,,,COMPLETE
673,673,0.8235583224115335,2025-01-02 08:18:31.693538,2025-01-02 08:18:38.202318,0 days 00:00:06.508780,2,110,135.0,,,,,,,,,,,,,,,,,,,COMPLETE
674,674,0.8125834445927904,2025-01-02 08:18:38.203405,2025-01-02 08:18:44.278249,0 days 00:00:06.074844,2,120,155.0,,,,,,,,,,,,,,,,,,,COMPLETE
675,675,0.835655087286193,2025-01-02 08:18:44.278932,2025-01-02 08:18:50.350639,0 days 00:00:06.071707,2,115,130.0,,,,,,,,,,,,,,,,,,,COMPLETE
676,676,0.7760260260260261,2025-01-02 08:18:50.351291,2025-01-02 08:18:59.182444,0 days 00:00:08.831153,4,100,195.0,,,,,,,,,,,115.0,10.0,,,,,,,COMPLETE
677,677,0.8163299663299664,2025-01-02 08:18:59.183176,2025-01-02 08:19:05.688670,0 days 00:00:06.505494,2,110,145.0,,,,,,,,,,,,,,,,,,,COMPLETE
678,678,0.8144963144963145,2025-01-02 08:19:05.689728,2025-01-02 08:19:13.591760,0 days 00:00:07.902032,3,120,150.0,,,,,,,,,,,50.0,,,,,,,,COMPLETE
679,679,0.8332761578044596,2025-01-02 08:19:13.592441,2025-01-02 08:19:19.623272,0 days 00:00:06.030831,2,120,120.0,,,,,,,,,,,,,,,,,,,COMPLETE
680,680,0.8161705551086083,2025-01-02 08:19:19.623925,2025-01-02 08:19:27.617063,0 days 00:00:07.993138,3,125,165.0,,,,,,,,,,,35.0,,,,,,,,COMPLETE
681,681,0.8018018018018018,2025-01-02 08:19:27.617769,2025-01-02 08:19:34.107139,0 days 00:00:06.489370,2,115,175.0,,,,,,,,,,,,,,,,,,,COMPLETE
682,682,0.8233366109472304,2025-01-02 08:19:34.107814,2025-01-02 08:19:40.597249,0 days 00:00:06.489435,2,110,140.0,,,,,,,,,,,,,,,,,,,COMPLETE
683,683,0.8287337662337663,2025-01-02 08:19:40.597925,2025-01-02 08:19:46.673545,0 days 00:00:06.075620,2,125,150.0,,,,,,,,,,,,,,,,,,,COMPLETE
684,684,0.7763399632558511,2025-01-02 08:19:46.674247,2025-01-02 08:19:54.563660,0 days 00:00:07.889413,3,105,130.0,,,,,,,,,,,55.0,,,,,,,,COMPLETE
685,685,0.798165137614679,2025-01-02 08:19:54.564329,2025-01-02 08:20:01.995121,0 days 00:00:07.430792,3,125,160.0,,,,,,,,,,,80.0,,,,,,,,COMPLETE
686,686,0.39470830622424635,2025-01-02 08:20:01.995828,2025-01-02 08:20:16.789802,0 days 00:00:14.793974,8,120,110.0,,,,,,,,,,,90.0,85.0,20.0,40.0,15.0,115.0,,,COMPLETE
687,687,0.670388349514563,2025-01-02 08:20:16.790828,2025-01-02 08:20:25.600521,0 days 00:00:08.809693,4,115,145.0,,,,,,,,,,,20.0,170.0,,,,,,,COMPLETE
688,688,0.8402001668056713,2025-01-02 08:20:25.601206,2025-01-02 08:20:32.049769,0 days 00:00:06.448563,2,125,140.0,,,,,,,,,,,,,,,,,,,COMPLETE
689,689,0.8163299663299664,2025-01-02 08:20:32.050433,2025-01-02 08:20:38.090047,0 days 00:00:06.039614,2,25,155.0,,,,,,,,,,,,,,,,,,,COMPLETE
690,690,0.798012129380054,2025-01-02 08:20:38.090714,2025-01-02 08:20:43.091181,0 days 00:00:05.000467,1,95,,,,,,,,,,,,,,,,,,,,COMPLETE
691,691,0.8219292389853137,2025-01-02 08:20:43.091860,2025-01-02 08:20:49.537890,0 days 00:00:06.446030,2,110,160.0,,,,,,,,,,,,,,,,,,,COMPLETE
692,692,0.8001038421599169,2025-01-02 08:20:49.538537,2025-01-02 08:20:54.514667,0 days 00:00:04.976130,1,125,,,,,,,,,,,,,,,,,,,,COMPLETE
693,693,0.629186137071651,2025-01-02 08:20:54.515642,2025-01-02 08:21:05.393887,0 days 00:00:10.878245,5,115,125.0,,,,,,,,,,,60.0,135.0,90.0,,,,,,COMPLETE
694,694,0.5740337962188389,2025-01-02 08:21:05.394620,2025-01-02 08:21:48.207636,0 days 00:00:42.813016,15,105,135.0,45.0,90.0,55.0,90.0,35.0,,,,,,10.0,120.0,55.0,175.0,35.0,95.0,185.0,105.0,COMPLETE
695,695,0.8235872235872236,2025-01-02 08:21:48.208615,2025-01-02 08:21:54.740906,0 days 00:00:06.532291,2,120,175.0,,,,,,,,,,,,,,,,,,,COMPLETE
696,696,0.8004901960784314,2025-01-02 08:21:54.741585,2025-01-02 08:22:00.133092,0 days 00:00:05.391507,1,15,,,,,,,,,,,,,,,,,,,,COMPLETE
697,697,0.8529014844804319,2025-01-02 08:22:00.133768,2025-01-02 08:22:07.583135,0 days 00:00:07.449367,3,120,170.0,,,,,,,,,,,100.0,,,,,,,,COMPLETE
698,698,0.8352578298006961,2025-01-02 08:22:07.583841,2025-01-02 08:22:12.588072,0 days 00:00:05.004231,1,110,,,,,,,,,,,,,,,,,,,,COMPLETE
699,699,0.8235053235053236,2025-01-02 08:22:12.588747,2025-01-02 08:22:19.075276,0 days 00:00:06.486529,2,125,145.0,,,,,,,,,,,,,,,,,,,COMPLETE
700,700,0.8493493493493494,2025-01-02 08:22:19.076281,2025-01-02 08:22:24.448452,0 days 00:00:05.372171,1,115,,,,,,,,,,,,,,,,,,,,COMPLETE
701,701,0.8390804597701149,2025-01-02 08:22:24.449093,2025-01-02 08:22:32.447111,0 days 00:00:07.998018,3,20,165.0,,,,,,,,,,,40.0,,,,,,,,COMPLETE
702,702,0.8432019308125502,2025-01-02 08:22:32.447808,2025-01-02 08:22:38.503655,0 days 00:00:06.055847,2,170,150.0,,,,,,,,,,,,,,,,,,,COMPLETE
703,703,0.8286062576188541,2025-01-02 08:22:38.504323,2025-01-02 08:22:43.520923,0 days 00:00:05.016600,1,105,,,,,,,,,,,,,,,,,,,,COMPLETE
704,704,0.8235053235053236,2025-01-02 08:22:43.521617,2025-01-02 08:22:49.567318,0 days 00:00:06.045701,2,125,140.0,,,,,,,,,,,,,,,,,,,COMPLETE
705,705,0.8018691588785047,2025-01-02 08:22:49.568091,2025-01-02 08:22:54.588637,0 days 00:00:05.020546,1,130,,,,,,,,,,,,,,,,,,,,COMPLETE
706,706,0.7962264150943397,2025-01-02 08:22:54.589455,2025-01-02 08:22:59.594717,0 days 00:00:05.005262,1,115,,,,,,,,,,,,,,,,,,,,COMPLETE
707,707,0.8237463126843658,2025-01-02 08:22:59.595363,2025-01-02 08:23:06.037022,0 days 00:00:06.441659,2,120,115.0,,,,,,,,,,,,,,,,,,,COMPLETE
708,708,0.8394303515798842,2025-01-02 08:23:06.037734,2025-01-02 08:23:13.973070,0 days 00:00:07.935336,3,100,135.0,,,,,,,,,,,30.0,,,,,,,,COMPLETE
709,709,0.8196428571428571,2025-01-02 08:23:13.973763,2025-01-02 08:23:18.960214,0 days 00:00:04.986451,1,130,,,,,,,,,,,,,,,,,,,,COMPLETE
710,710,0.8018691588785047,2025-01-02 08:23:18.960893,2025-01-02 08:23:25.016636,0 days 00:00:06.055743,2,110,155.0,,,,,,,,,,,,,,,,,,,COMPLETE
711,711,0.8219349457881568,2025-01-02 08:23:25.017338,2025-01-02 08:23:32.406189,0 days 00:00:07.388851,3,125,105.0,,,,,,,,,,,50.0,,,,,,,,COMPLETE
712,712,0.8144082332761577,2025-01-02 08:23:32.406868,2025-01-02 08:23:37.385685,0 days 00:00:04.978817,1,120,,,,,,,,,,,,,,,,,,,,COMPLETE
713,713,0.819047619047619,2025-01-02 08:23:37.386367,2025-01-02 08:23:43.827654,0 days 00:00:06.441287,2,115,120.0,,,,,,,,,,,,,,,,,,,COMPLETE
714,714,0.7218406593406593,2025-01-02 08:23:43.828324,2025-01-02 08:23:52.233589,0 days 00:00:08.405265,4,130,125.0,,,,,,,,,,,5.0,110.0,,,,,,,COMPLETE
715,715,0.7996030105036804,2025-01-02 08:23:52.234279,2025-01-02 08:23:57.231655,0 days 00:00:04.997376,1,120,,,,,,,,,,,,,,,,,,,,COMPLETE
716,716,0.820074791772905,2025-01-02 08:23:57.232327,2025-01-02 08:24:03.727764,0 days 00:00:06.495437,2,130,165.0,,,,,,,,,,,,,,,,,,,COMPLETE
717,717,0.46825396825396826,2025-01-02 08:24:03.728452,2025-01-02 08:24:37.313270,0 days 00:00:33.584818,11,110,145.0,70.0,,,,,,,,,,135.0,55.0,155.0,125.0,145.0,170.0,10.0,60.0,COMPLETE
718,718,0.8363636363636364,2025-01-02 08:24:37.314144,2025-01-02 08:24:42.321736,0 days 00:00:05.007592,1,115,,,,,,,,,,,,,,,,,,,,COMPLETE
719,719,0.8200509770603228,2025-01-02 08:24:42.322398,2025-01-02 08:24:48.784451,0 days 00:00:06.462053,2,125,180.0,,,,,,,,,,,,,,,,,,,COMPLETE
720,720,0.8636363636363635,2025-01-02 08:24:48.785155,2025-01-02 08:24:56.815127,0 days 00:00:08.029972,3,130,190.0,,,,,,,,,,,15.0,,,,,,,,COMPLETE
721,721,0.8532479848269322,2025-01-02 08:24:56.815841,2025-01-02 08:25:04.825939,0 days 00:00:08.010098,3,120,190.0,,,,,,,,,,,15.0,,,,,,,,COMPLETE
722,722,0.7930900621118013,2025-01-02 08:25:04.826632,2025-01-02 08:25:13.674186,0 days 00:00:08.847554,4,105,195.0,,,,,,,,,,,20.0,90.0,,,,,,,COMPLETE
723,723,0.8144963144963145,2025-01-02 08:25:13.674929,2025-01-02 08:25:21.652694,0 days 00:00:07.977765,3,125,185.0,,,,,,,,,,,35.0,,,,,,,,COMPLETE
724,724,0.5407685098406747,2025-01-02 08:25:21.653412,2025-01-02 08:25:33.598408,0 days 00:00:11.944996,6,130,190.0,,,,,,,,,,,15.0,155.0,180.0,105.0,,,,,COMPLETE
725,725,0.7158373326597626,2025-01-02 08:25:33.599410,2025-01-02 08:25:42.466780,0 days 00:00:08.867370,4,115,200.0,,,,,,,,,,,10.0,200.0,,,,,,,COMPLETE
726,726,0.811484593837535,2025-01-02 08:25:42.467764,2025-01-02 08:25:49.896075,0 days 00:00:07.428311,3,105,180.0,,,,,,,,,,,25.0,,,,,,,,COMPLETE
727,727,0.799029799029799,2025-01-02 08:25:49.896784,2025-01-02 08:25:57.806656,0 days 00:00:07.909872,3,125,200.0,,,,,,,,,,,5.0,,,,,,,,COMPLETE
728,728,0.8110771321780497,2025-01-02 08:25:57.807356,2025-01-02 08:26:05.765448,0 days 00:00:07.958092,3,120,185.0,,,,,,,,,,,30.0,,,,,,,,COMPLETE
729,729,0.7963963963963965,2025-01-02 08:26:05.766150,2025-01-02 08:26:13.121866,0 days 00:00:07.355716,3,110,195.0,,,,,,,,,,,45.0,,,,,,,,COMPLETE
730,730,0.6055090998524348,2025-01-02 08:26:13.122557,2025-01-02 08:26:21.470358,0 days 00:00:08.347801,4,130,190.0,,,,,,,,,,,10.0,185.0,,,,,,,COMPLETE
731,731,0.8597311034595836,2025-01-02 08:26:21.471088,2025-01-02 08:26:29.433418,0 days 00:00:07.962330,3,135,155.0,,,,,,,,,,,25.0,,,,,,,,COMPLETE
732,732,0.8213716108452951,2025-01-02 08:26:29.434118,2025-01-02 08:26:37.383619,0 days 00:00:07.949501,3,130,160.0,,,,,,,,,,,5.0,,,,,,,,COMPLETE
733,733,0.7780968006562756,2025-01-02 08:26:37.384329,2025-01-02 08:26:46.331524,0 days 00:00:08.947195,4,25,175.0,,,,,,,,,,,15.0,25.0,,,,,,,COMPLETE
734,734,0.7856174758829626,2025-01-02 08:26:46.332218,2025-01-02 08:26:54.241383,0 days 00:00:07.909165,3,115,170.0,,,,,,,,,,,40.0,,,,,,,,COMPLETE
735,735,0.7170692431561997,2025-01-02 08:26:54.242138,2025-01-02 08:27:00.061968,0 days 00:00:05.819830,2,5,90.0,,,,,,,,,,,,,,,,,,,COMPLETE
736,736,0.7799548459925818,2025-01-02 08:27:00.062672,2025-01-02 08:27:06.124229,0 days 00:00:06.061557,2,125,150.0,,,,,,,,,,,,,,,,,,,COMPLETE
737,737,0.646515209857528,2025-01-02 08:27:06.124911,2025-01-02 08:27:16.456036,0 days 00:00:10.331125,5,110,160.0,,,,,,,,,,,20.0,65.0,70.0,,,,,,COMPLETE
738,738,0.8233366109472304,2025-01-02 08:27:16.456808,2025-01-02 08:27:22.916043,0 days 00:00:06.459235,2,120,185.0,,,,,,,,,,,,,,,,,,,COMPLETE
739,739,0.8283744557329463,2025-01-02 08:27:22.916723,2025-01-02 08:27:28.964792,0 days 00:00:06.048069,2,135,195.0,,,,,,,,,,,,,,,,,,,COMPLETE
740,740,0.29365079365079366,2025-01-02 08:27:28.965478,2025-01-02 08:28:09.152873,0 days 00:00:40.187395,14,120,130.0,15.0,70.0,20.0,60.0,,,,,,,25.0,15.0,40.0,145.0,5.0,125.0,50.0,175.0,COMPLETE
741,741,0.7871189773844641,2025-01-02 08:28:09.154004,2025-01-02 08:28:17.065626,0 days 00:00:07.911622,3,100,175.0,,,,,,,,,,,35.0,,,,,,,,COMPLETE
742,742,0.8386850152905199,2025-01-02 08:28:17.066427,2025-01-02 08:28:23.066415,0 days 00:00:05.999988,2,125,150.0,,,,,,,,,,,,,,,,,,,COMPLETE
743,743,0.8483253588516746,2025-01-02 08:28:23.067116,2025-01-02 08:28:32.410952,0 days 00:00:09.343836,4,180,145.0,,,,,,,,,,,65.0,35.0,,,,,,,COMPLETE
744,744,0.8203058623619371,2025-01-02 08:28:32.411689,2025-01-02 08:28:38.887817,0 days 00:00:06.476128,2,115,135.0,,,,,,,,,,,,,,,,,,,COMPLETE
745,745,0.3779595350839432,2025-01-02 08:28:38.888511,2025-01-02 08:28:54.973910,0 days 00:00:16.085399,10,110,140.0,,,,,,,,,,,75.0,140.0,105.0,55.0,160.0,150.0,160.0,160.0,COMPLETE
746,746,0.7410507852985729,2025-01-02 08:28:54.974761,2025-01-02 08:29:02.438947,0 days 00:00:07.464186,3,10,165.0,,,,,,,,,,,10.0,,,,,,,,COMPLETE
747,747,0.8412587412587412,2025-01-02 08:29:02.439651,2025-01-02 08:29:08.905984,0 days 00:00:06.466333,2,135,170.0,,,,,,,,,,,,,,,,,,,COMPLETE
748,748,0.8478334749362786,2025-01-02 08:29:08.906679,2025-01-02 08:29:16.854688,0 days 00:00:07.948009,3,130,160.0,,,,,,,,,,,40.0,,,,,,,,COMPLETE
749,749,0.8209146146466262,2025-01-02 08:29:16.855389,2025-01-02 08:29:22.219742,0 days 00:00:05.364353,1,130,,,,,,,,,,,,,,,,,,,,COMPLETE
750,750,0.8225524475524475,2025-01-02 08:29:22.220413,2025-01-02 08:29:27.239652,0 days 00:00:05.019239,1,125,,,,,,,,,,,,,,,,,,,,COMPLETE
751,751,0.8125834445927904,2025-01-02 08:29:27.240324,2025-01-02 08:29:33.723194,0 days 00:00:06.482870,2,105,180.0,,,,,,,,,,,,,,,,,,,COMPLETE
752,752,0.803654873164219,2025-01-02 08:29:33.723872,2025-01-02 08:29:41.195514,0 days 00:00:07.471642,3,135,200.0,,,,,,,,,,,50.0,,,,,,,,COMPLETE
753,753,0.8340579710144927,2025-01-02 08:29:41.196221,2025-01-02 08:29:46.539676,0 days 00:00:05.343455,1,120,,,,,,,,,,,,,,,,,,,,COMPLETE
754,754,0.8268590455049944,2025-01-02 08:29:46.540378,2025-01-02 08:29:53.037578,0 days 00:00:06.497200,2,115,155.0,,,,,,,,,,,,,,,,,,,COMPLETE
755,755,0.7275736511089044,2025-01-02 08:29:53.038276,2025-01-02 08:30:01.842291,0 days 00:00:08.804015,4,125,140.0,,,,,,,,,,,20.0,50.0,,,,,,,COMPLETE
756,756,0.8387425658453695,2025-01-02 08:30:01.843031,2025-01-02 08:30:08.335141,0 days 00:00:06.492110,2,140,145.0,,,,,,,,,,,,,,,,,,,COMPLETE
757,757,0.7925586136595311,2025-01-02 08:30:08.335849,2025-01-02 08:30:13.372833,0 days 00:00:05.036984,1,110,,,,,,,,,,,,,,,,,,,,COMPLETE
758,758,0.8597051597051597,2025-01-02 08:30:13.373518,2025-01-02 08:30:19.459355,0 days 00:00:06.085837,2,125,150.0,,,,,,,,,,,,,,,,,,,COMPLETE
759,759,0.8557504873294347,2025-01-02 08:30:19.460060,2025-01-02 08:30:24.468291,0 days 00:00:05.008231,1,115,,,,,,,,,,,,,,,,,,,,COMPLETE
760,760,0.8262599469496021,2025-01-02 08:30:24.468971,2025-01-02 08:30:32.470610,0 days 00:00:08.001639,3,130,130.0,,,,,,,,,,,30.0,,,,,,,,COMPLETE
761,761,0.8597051597051597,2025-01-02 08:30:32.471296,2025-01-02 08:30:37.469026,0 days 00:00:04.997730,1,120,,,,,,,,,,,,,,,,,,,,COMPLETE
762,762,0.8205607476635515,2025-01-02 08:30:37.469707,2025-01-02 08:30:43.549163,0 days 00:00:06.079456,2,135,145.0,,,,,,,,,,,,,,,,,,,COMPLETE
763,763,0.8402001668056713,2025-01-02 08:30:43.549886,2025-01-02 08:30:50.019915,0 days 00:00:06.470029,2,110,190.0,,,,,,,,,,,,,,,,,,,COMPLETE
764,764,0.8007326007326008,2025-01-02 08:30:50.020713,2025-01-02 08:30:56.505156,0 days 00:00:06.484443,2,125,155.0,,,,,,,,,,,,,,,,,,,COMPLETE
765,765,0.7960164835164836,2025-01-02 08:30:56.505926,2025-01-02 08:31:04.451138,0 days 00:00:07.945212,3,130,110.0,,,,,,,,,,,55.0,,,,,,,,COMPLETE
766,766,0.8212005108556832,2025-01-02 08:31:04.451848,2025-01-02 08:31:09.790298,0 days 00:00:05.338450,1,115,,,,,,,,,,,,,,,,,,,,COMPLETE
767,767,0.8113929684023142,2025-01-02 08:31:09.791010,2025-01-02 08:31:14.790095,0 days 00:00:04.999085,1,130,,,,,,,,,,,,,,,,,,,,COMPLETE
768,768,0.7878440366972477,2025-01-02 08:31:14.790768,2025-01-02 08:31:19.793457,0 days 00:00:05.002689,1,105,,,,,,,,,,,,,,,,,,,,COMPLETE
769,769,0.42220801364023874,2025-01-02 08:31:19.794180,2025-01-02 08:32:14.370011,0 days 00:00:54.575831,16,120,125.0,190.0,20.0,85.0,25.0,75.0,125.0,,,,,15.0,100.0,165.0,90.0,190.0,195.0,135.0,125.0,COMPLETE
770,770,0.8483253588516746,2025-01-02 08:32:14.372181,2025-01-02 08:32:21.805879,0 days 00:00:07.433698,3,135,165.0,,,,,,,,,,,70.0,,,,,,,,COMPLETE
771,771,0.40384615384615385,2025-01-02 08:32:21.806607,2025-01-02 08:32:43.878110,0 days 00:00:22.071503,9,100,150.0,,,,,,,,,,,5.0,160.0,120.0,10.0,90.0,60.0,105.0,,COMPLETE
772,772,0.8311188811188811,2025-01-02 08:32:43.879009,2025-01-02 08:32:50.313423,0 days 00:00:06.434414,2,140,160.0,,,,,,,,,,,,,,,,,,,COMPLETE
773,773,0.8070796460176992,2025-01-02 08:32:50.314101,2025-01-02 08:32:55.275952,0 days 00:00:04.961851,1,120,,,,,,,,,,,,,,,,,,,,COMPLETE
774,774,0.8738636363636363,2025-01-02 08:32:55.276665,2025-01-02 08:33:03.164228,0 days 00:00:07.887563,3,125,140.0,,,,,,,,,,,95.0,,,,,,,,COMPLETE
775,775,0.5327540106951871,2025-01-02 08:33:03.164938,2025-01-02 08:33:13.412275,0 days 00:00:10.247337,5,130,135.0,,,,,,,,,,,95.0,170.0,145.0,,,,,,COMPLETE
776,776,0.8267284390591589,2025-01-02 08:33:13.413010,2025-01-02 08:33:22.793159,0 days 00:00:09.380149,4,115,135.0,,,,,,,,,,,115.0,5.0,,,,,,,COMPLETE
777,777,0.7925233644859813,2025-01-02 08:33:22.793906,2025-01-02 08:33:30.209007,0 days 00:00:07.415101,3,25,140.0,,,,,,,,,,,85.0,,,,,,,,COMPLETE
778,778,0.7996030105036804,2025-01-02 08:33:30.209730,2025-01-02 08:33:37.535544,0 days 00:00:07.325814,3,110,120.0,,,,,,,,,,,105.0,,,,,,,,COMPLETE
779,779,0.7312178387650086,2025-01-02 08:33:37.536268,2025-01-02 08:33:46.245976,0 days 00:00:08.709708,4,135,130.0,,,,,,,,,,,95.0,70.0,,,,,,,COMPLETE
780,780,0.7682675814751287,2025-01-02 08:33:46.246940,2025-01-02 08:33:53.602614,0 days 00:00:07.355674,3,120,140.0,,,,,,,,,,,120.0,,,,,,,,COMPLETE
781,781,0.8233366109472304,2025-01-02 08:33:53.603387,2025-01-02 08:34:01.023735,0 days 00:00:07.420348,3,140,145.0,,,,,,,,,,,130.0,,,,,,,,COMPLETE
782,782,0.7635467980295567,2025-01-02 08:34:01.024496,2025-01-02 08:34:09.957224,0 days 00:00:08.932728,4,15,130.0,,,,,,,,,,,100.0,150.0,,,,,,,COMPLETE
783,783,0.8363095238095238,2025-01-02 08:34:09.957985,2025-01-02 08:34:17.900550,0 days 00:00:07.942565,3,130,150.0,,,,,,,,,,,90.0,,,,,,,,COMPLETE
784,784,0.8033033033033032,2025-01-02 08:34:17.901262,2025-01-02 08:34:25.299459,0 days 00:00:07.398197,3,110,155.0,,,,,,,,,,,80.0,,,,,,,,COMPLETE
785,785,0.8559218559218559,2025-01-02 08:34:25.300187,2025-01-02 08:34:32.742402,0 days 00:00:07.442215,3,20,115.0,,,,,,,,,,,75.0,,,,,,,,COMPLETE
786,786,0.7600701861458652,2025-01-02 08:34:32.743120,2025-01-02 08:34:41.453250,0 days 00:00:08.710130,4,115,135.0,,,,,,,,,,,115.0,110.0,,,,,,,COMPLETE
787,787,0.8233495232955568,2025-01-02 08:34:41.453994,2025-01-02 08:34:46.458330,0 days 00:00:05.004336,1,135,,,,,,,,,,,,,,,,,,,,COMPLETE
788,788,0.8288961038961038,2025-01-02 08:34:46.459001,2025-01-02 08:34:51.796342,0 days 00:00:05.337341,1,35,,,,,,,,,,,,,,,,,,,,COMPLETE
789,789,0.7807881773399015,2025-01-02 08:34:51.797032,2025-01-02 08:35:00.569173,0 days 00:00:08.772141,4,195,125.0,,,,,,,,,,,90.0,195.0,,,,,,,COMPLETE
790,790,0.8514492753623188,2025-01-02 08:35:00.569909,2025-01-02 08:35:05.580895,0 days 00:00:05.010986,1,125,,,,,,,,,,,,,,,,,,,,COMPLETE
791,791,0.8359209597741708,2025-01-02 08:35:05.581610,2025-01-02 08:35:12.138791,0 days 00:00:06.557181,2,85,145.0,,,,,,,,,,,,,,,,,,,COMPLETE
792,792,0.8073394495412844,2025-01-02 08:35:12.139457,2025-01-02 08:35:20.114406,0 days 00:00:07.974949,3,125,140.0,,,,,,,,,,,20.0,,,,,,,,COMPLETE
793,793,0.8376227977591946,2025-01-02 08:35:20.115148,2025-01-02 08:35:25.112341,0 days 00:00:04.997193,1,130,,,,,,,,,,,,,,,,,,,,COMPLETE
794,794,0.8240740740740741,2025-01-02 08:35:25.113034,2025-01-02 08:35:31.141078,0 days 00:00:06.028044,2,105,150.0,,,,,,,,,,,,,,,,,,,COMPLETE
795,795,0.8609277201406156,2025-01-02 08:35:31.141768,2025-01-02 08:35:37.172749,0 days 00:00:06.030981,2,120,125.0,,,,,,,,,,,,,,,,,,,COMPLETE
796,796,0.8033060611120388,2025-01-02 08:35:37.173422,2025-01-02 08:35:42.200965,0 days 00:00:05.027543,1,115,,,,,,,,,,,,,,,,,,,,COMPLETE
797,797,0.8499081605877723,2025-01-02 08:35:42.201691,2025-01-02 08:35:49.651516,0 days 00:00:07.449825,3,120,120.0,,,,,,,,,,,35.0,,,,,,,,COMPLETE
798,798,0.8295107033639144,2025-01-02 08:35:49.652199,2025-01-02 08:35:56.145984,0 days 00:00:06.493785,2,110,115.0,,,,,,,,,,,,,,,,,,,COMPLETE
799,799,0.8233366109472304,2025-01-02 08:35:56.146682,2025-01-02 08:36:01.146506,0 days 00:00:04.999824,1,120,,,,,,,,,,,,,,,,,,,,COMPLETE
800,800,0.49271844660194175,2025-01-02 08:36:01.147198,2025-01-02 08:36:15.470432,0 days 00:00:14.323234,7,115,110.0,,,,,,,,,,,110.0,105.0,25.0,155.0,60.0,,,,COMPLETE
801,801,0.8490990990990992,2025-01-02 08:36:15.471221,2025-01-02 08:36:20.458228,0 days 00:00:04.987007,1,120,,,,,,,,,,,,,,,,,,,,COMPLETE
802,802,0.8251287001287001,2025-01-02 08:36:20.458924,2025-01-02 08:36:28.332822,0 days 00:00:07.873898,3,110,120.0,,,,,,,,,,,45.0,,,,,,,,COMPLETE
803,803,0.8392344497607656,2025-01-02 08:36:28.333800,2025-01-02 08:36:34.815679,0 days 00:00:06.481879,2,30,125.0,,,,,,,,,,,,,,,,,,,COMPLETE
804,804,0.7978835978835979,2025-01-02 08:36:34.816373,2025-01-02 08:36:39.802993,0 days 00:00:04.986620,1,115,,,,,,,,,,,,,,,,,,,,COMPLETE
805,805,0.8340579710144927,2025-01-02 08:36:39.803705,2025-01-02 08:36:45.804721,0 days 00:00:06.001016,2,120,105.0,,,,,,,,,,,,,,,,,,,COMPLETE
806,806,0.8017857142857143,2025-01-02 08:36:45.805410,2025-01-02 08:36:52.278677,0 days 00:00:06.473267,2,90,130.0,,,,,,,,,,,,,,,,,,,COMPLETE
807,807,0.8325143325143325,2025-01-02 08:36:52.279347,2025-01-02 08:36:57.270574,0 days 00:00:04.991227,1,120,,,,,,,,,,,,,,,,,,,,COMPLETE
808,808,0.8054554390563565,2025-01-02 08:36:57.271220,2025-01-02 08:37:05.199402,0 days 00:00:07.928182,3,125,110.0,,,,,,,,,,,10.0,,,,,,,,COMPLETE
809,809,0.7666889185580774,2025-01-02 08:37:05.200144,2025-01-02 08:37:12.551786,0 days 00:00:07.351642,3,105,130.0,,,,,,,,,,,65.0,,,,,,,,COMPLETE
810,810,0.8558441558441559,2025-01-02 08:37:12.552528,2025-01-02 08:37:17.549008,0 days 00:00:04.996480,1,115,,,,,,,,,,,,,,,,,,,,COMPLETE
811,811,0.37461520246270424,2025-01-02 08:37:17.549728,2025-01-02 08:38:09.722823,0 days 00:00:52.173095,18,110,125.0,95.0,110.0,180.0,100.0,175.0,80.0,10.0,140.0,,,55.0,130.0,140.0,110.0,130.0,180.0,35.0,80.0,COMPLETE
812,812,0.8303436179542374,2025-01-02 08:38:09.723901,2025-01-02 08:38:19.088677,0 days 00:00:09.364776,4,125,135.0,,,,,,,,,,,60.0,20.0,,,,,,,COMPLETE
813,813,0.8229949874686717,2025-01-02 08:38:19.089437,2025-01-02 08:38:25.534988,0 days 00:00:06.445551,2,115,100.0,,,,,,,,,,,,,,,,,,,COMPLETE
814,814,0.8109600679694138,2025-01-02 08:38:25.535718,2025-01-02 08:38:31.991599,0 days 00:00:06.455881,2,100,160.0,,,,,,,,,,,,,,,,,,,COMPLETE
815,815,0.3717948717948718,2025-01-02 08:38:31.992335,2025-01-02 08:39:00.847334,0 days 00:00:28.854999,13,120,115.0,140.0,145.0,165.0,,,,,,,,125.0,95.0,80.0,135.0,110.0,75.0,170.0,100.0,COMPLETE
816,816,0.8244637961619095,2025-01-02 08:39:00.848261,2025-01-02 08:39:05.845827,0 days 00:00:04.997566,1,125,,,,,,,,,,,,,,,,,,,,COMPLETE
817,817,0.7814076585890332,2025-01-02 08:39:05.846526,2025-01-02 08:39:11.878200,0 days 00:00:06.031674,2,105,155.0,,,,,,,,,,,,,,,,,,,COMPLETE
818,818,0.8558441558441559,2025-01-02 08:39:11.879130,2025-01-02 08:39:17.202635,0 days 00:00:05.323505,1,115,,,,,,,,,,,,,,,,,,,,COMPLETE
819,819,0.8196881091617934,2025-01-02 08:39:17.203343,2025-01-02 08:39:23.661648,0 days 00:00:06.458305,2,140,165.0,,,,,,,,,,,,,,,,,,,COMPLETE
820,820,0.8532479848269322,2025-01-02 08:39:23.662351,2025-01-02 08:39:31.535309,0 days 00:00:07.872958,3,110,125.0,,,,,,,,,,,25.0,,,,,,,,COMPLETE
821,821,0.8128930817610063,2025-01-02 08:39:31.536029,2025-01-02 08:39:36.868974,0 days 00:00:05.332945,1,130,,,,,,,,,,,,,,,,,,,,COMPLETE
822,822,0.8410202655485675,2025-01-02 08:39:36.869665,2025-01-02 08:39:41.835981,0 days 00:00:04.966316,1,120,,,,,,,,,,,,,,,,,,,,COMPLETE
823,823,0.8281385281385282,2025-01-02 08:39:41.836651,2025-01-02 08:39:48.251506,0 days 00:00:06.414855,2,125,120.0,,,,,,,,,,,,,,,,,,,COMPLETE
824,824,0.8430709802028006,2025-01-02 08:39:48.252218,2025-01-02 08:39:56.110409,0 days 00:00:07.858191,3,135,145.0,,,,,,,,,,,30.0,,,,,,,,COMPLETE
825,825,0.4459016393442623,2025-01-02 08:39:56.111154,2025-01-02 08:40:16.585741,0 days 00:00:20.474587,9,125,170.0,,,,,,,,,,,70.0,80.0,195.0,25.0,30.0,25.0,75.0,,COMPLETE
826,826,0.8582060321190756,2025-01-02 08:40:16.586588,2025-01-02 08:40:21.580566,0 days 00:00:04.993978,1,110,,,,,,,,,,,,,,,,,,,,COMPLETE
827,827,0.8544973544973544,2025-01-02 08:40:21.581257,2025-01-02 08:40:28.061768,0 days 00:00:06.480511,2,115,155.0,,,,,,,,,,,,,,,,,,,COMPLETE
828,828,0.8340572715572716,2025-01-02 08:40:28.062475,2025-01-02 08:40:36.023119,0 days 00:00:07.960644,3,145,150.0,,,,,,,,,,,15.0,,,,,,,,COMPLETE
829,829,0.6179271708683474,2025-01-02 08:40:36.023861,2025-01-02 08:40:44.343575,0 days 00:00:08.319714,4,130,140.0,,,,,,,,,,,10.0,115.0,,,,,,,COMPLETE
830,830,0.8054054054054054,2025-01-02 08:40:44.344311,2025-01-02 08:40:49.342518,0 days 00:00:04.998207,1,115,,,,,,,,,,,,,,,,,,,,COMPLETE
831,831,0.8293907420013614,2025-01-02 08:40:49.343227,2025-01-02 08:40:55.804299,0 days 00:00:06.461072,2,135,135.0,,,,,,,,,,,,,,,,,,,COMPLETE
832,832,0.8280741704619389,2025-01-02 08:40:55.805014,2025-01-02 08:41:00.817992,0 days 00:00:05.012978,1,105,,,,,,,,,,,,,,,,,,,,COMPLETE
833,833,0.7958833619210979,2025-01-02 08:41:00.818667,2025-01-02 08:41:05.817502,0 days 00:00:04.998835,1,120,,,,,,,,,,,,,,,,,,,,COMPLETE
834,834,0.8198051948051948,2025-01-02 08:41:05.818207,2025-01-02 08:41:11.862542,0 days 00:00:06.044335,2,125,160.0,,,,,,,,,,,,,,,,,,,COMPLETE
835,835,0.780952380952381,2025-01-02 08:41:11.863247,2025-01-02 08:41:16.875123,0 days 00:00:05.011876,1,95,,,,,,,,,,,,,,,,,,,,COMPLETE
836,836,0.8176861071597914,2025-01-02 08:41:16.875818,2025-01-02 08:41:23.374016,0 days 00:00:06.498198,2,135,150.0,,,,,,,,,,,,,,,,,,,COMPLETE
837,837,0.8159504265250281,2025-01-02 08:41:23.374715,2025-01-02 08:41:31.271894,0 days 00:00:07.897179,3,120,115.0,,,,,,,,,,,80.0,,,,,,,,COMPLETE
838,838,0.8390804597701149,2025-01-02 08:41:31.272626,2025-01-02 08:41:39.337064,0 days 00:00:08.064438,3,140,165.0,,,,,,,,,,,5.0,,,,,,,,COMPLETE
839,839,0.7444086886564762,2025-01-02 08:41:39.337805,2025-01-02 08:41:47.925280,0 days 00:00:08.587475,4,130,155.0,,,,,,,,,,,20.0,10.0,,,,,,,COMPLETE
840,840,0.8107142857142857,2025-01-02 08:41:47.926152,2025-01-02 08:41:52.939570,0 days 00:00:05.013418,1,115,,,,,,,,,,,,,,,,,,,,COMPLETE
841,841,0.8052096985583224,2025-01-02 08:41:52.940396,2025-01-02 08:41:59.384900,0 days 00:00:06.444504,2,120,135.0,,,,,,,,,,,,,,,,,,,COMPLETE
842,842,0.853030303030303,2025-01-02 08:41:59.385626,2025-01-02 08:42:05.835419,0 days 00:00:06.449793,2,110,130.0,,,,,,,,,,,,,,,,,,,COMPLETE
843,843,0.8675562969140951,2025-01-02 08:42:05.836133,2025-01-02 08:42:10.832006,0 days 00:00:04.995873,1,130,,,,,,,,,,,,,,,,,,,,COMPLETE
844,844,0.8272584511116621,2025-01-02 08:42:10.832685,2025-01-02 08:42:15.857080,0 days 00:00:05.024395,1,135,,,,,,,,,,,,,,,,,,,,COMPLETE
845,845,0.826489086200518,2025-01-02 08:42:15.857779,2025-01-02 08:42:20.872075,0 days 00:00:05.014296,1,130,,,,,,,,,,,,,,,,,,,,COMPLETE
846,846,0.8215715715715716,2025-01-02 08:42:20.872775,2025-01-02 08:42:25.885182,0 days 00:00:05.012407,1,140,,,,,,,,,,,,,,,,,,,,COMPLETE
847,847,0.810640829508754,2025-01-02 08:42:25.885896,2025-01-02 08:42:30.904023,0 days 00:00:05.018127,1,135,,,,,,,,,,,,,,,,,,,,COMPLETE
848,848,0.8281385281385282,2025-01-02 08:42:30.904725,2025-01-02 08:42:35.894205,0 days 00:00:04.989480,1,130,,,,,,,,,,,,,,,,,,,,COMPLETE
849,849,0.7906746031746033,2025-01-02 08:42:35.894887,2025-01-02 08:42:40.891516,0 days 00:00:04.996629,1,125,,,,,,,,,,,,,,,,,,,,COMPLETE
850,850,0.8650917272412599,2025-01-02 08:42:40.892215,2025-01-02 08:42:45.904842,0 days 00:00:05.012627,1,130,,,,,,,,,,,,,,,,,,,,COMPLETE
851,851,0.8684109272797229,2025-01-02 08:42:45.905547,2025-01-02 08:42:50.895165,0 days 00:00:04.989618,1,130,,,,,,,,,,,,,,,,,,,,COMPLETE
852,852,0.8255892255892255,2025-01-02 08:42:50.895881,2025-01-02 08:42:55.942126,0 days 00:00:05.046245,1,135,,,,,,,,,,,,,,,,,,,,COMPLETE
853,853,0.8311926605504587,2025-01-02 08:42:55.942835,2025-01-02 08:43:01.004161,0 days 00:00:05.061326,1,130,,,,,,,,,,,,,,,,,,,,COMPLETE
854,854,0.8214816758506078,2025-01-02 08:43:01.004886,2025-01-02 08:43:06.044097,0 days 00:00:05.039211,1,135,,,,,,,,,,,,,,,,,,,,COMPLETE
855,855,0.8144144144144144,2025-01-02 08:43:06.044811,2025-01-02 08:43:11.055849,0 days 00:00:05.011038,1,130,,,,,,,,,,,,,,,,,,,,COMPLETE
856,856,0.8125834445927904,2025-01-02 08:43:11.056561,2025-01-02 08:43:16.122703,0 days 00:00:05.066142,1,140,,,,,,,,,,,,,,,,,,,,COMPLETE
857,857,0.8130841121495327,2025-01-02 08:43:16.123387,2025-01-02 08:43:21.152294,0 days 00:00:05.028907,1,130,,,,,,,,,,,,,,,,,,,,COMPLETE
858,858,0.843939393939394,2025-01-02 08:43:21.153041,2025-01-02 08:43:26.177053,0 days 00:00:05.024012,1,130,,,,,,,,,,,,,,,,,,,,COMPLETE
859,859,0.8481053051455923,2025-01-02 08:43:26.177772,2025-01-02 08:43:31.156799,0 days 00:00:04.979027,1,135,,,,,,,,,,,,,,,,,,,,COMPLETE
860,860,0.8377192982456141,2025-01-02 08:43:31.157477,2025-01-02 08:43:36.189932,0 days 00:00:05.032455,1,140,,,,,,,,,,,,,,,,,,,,COMPLETE
861,861,0.834862385321101,2025-01-02 08:43:36.190637,2025-01-02 08:43:41.195587,0 days 00:00:05.004950,1,130,,,,,,,,,,,,,,,,,,,,COMPLETE
862,862,0.8113207547169812,2025-01-02 08:43:41.196285,2025-01-02 08:43:46.231344,0 days 00:00:05.035059,1,135,,,,,,,,,,,,,,,,,,,,COMPLETE
863,863,0.1411764705882353,2025-01-02 08:43:46.232064,2025-01-02 08:44:08.723736,0 days 00:00:22.491672,20,145,175.0,155.0,125.0,90.0,10.0,125.0,30.0,70.0,200.0,65.0,5.0,60.0,85.0,110.0,200.0,50.0,5.0,190.0,140.0,COMPLETE
864,864,0.8019028202514441,2025-01-02 08:44:08.724695,2025-01-02 08:44:13.732454,0 days 00:00:05.007759,1,160,,,,,,,,,,,,,,,,,,,,COMPLETE
865,865,0.8109022891244322,2025-01-02 08:44:13.733145,2025-01-02 08:44:18.746687,0 days 00:00:05.013542,1,130,,,,,,,,,,,,,,,,,,,,COMPLETE
866,866,0.8491321762349799,2025-01-02 08:44:18.747348,2025-01-02 08:44:23.731742,0 days 00:00:04.984394,1,125,,,,,,,,,,,,,,,,,,,,COMPLETE
867,867,0.7743374442403569,2025-01-02 08:44:23.732540,2025-01-02 08:44:28.765788,0 days 00:00:05.033248,1,135,,,,,,,,,,,,,,,,,,,,COMPLETE
868,868,0.8387699626231737,2025-01-02 08:44:28.766647,2025-01-02 08:44:33.781247,0 days 00:00:05.014600,1,130,,,,,,,,,,,,,,,,,,,,COMPLETE
869,869,0.8610992026065335,2025-01-02 08:44:33.781965,2025-01-02 08:44:38.822296,0 days 00:00:05.040331,1,140,,,,,,,,,,,,,,,,,,,,COMPLETE
870,870,0.8166203586764335,2025-01-02 08:44:38.823016,2025-01-02 08:44:43.834300,0 days 00:00:05.011284,1,125,,,,,,,,,,,,,,,,,,,,COMPLETE
871,871,0.8350388143966125,2025-01-02 08:44:43.835014,2025-01-02 08:44:48.843465,0 days 00:00:05.008451,1,135,,,,,,,,,,,,,,,,,,,,COMPLETE
872,872,0.8121556186341626,2025-01-02 08:44:48.844175,2025-01-02 08:44:53.851071,0 days 00:00:05.006896,1,125,,,,,,,,,,,,,,,,,,,,COMPLETE
873,873,0.7925233644859813,2025-01-02 08:44:53.851801,2025-01-02 08:44:58.880981,0 days 00:00:05.029180,1,140,,,,,,,,,,,,,,,,,,,,COMPLETE
874,874,0.8196428571428571,2025-01-02 08:44:58.881702,2025-01-02 08:45:03.892465,0 days 00:00:05.010763,1,130,,,,,,,,,,,,,,,,,,,,COMPLETE
875,875,0.8506961506961507,2025-01-02 08:45:03.893196,2025-01-02 08:45:08.571082,0 days 00:00:04.677886,1,130,,,,,,,,,,,,,,,,,,,,COMPLETE
876,876,0.8325962325962326,2025-01-02 08:45:08.571812,2025-01-02 08:45:13.587742,0 days 00:00:05.015930,1,145,,,,,,,,,,,,,,,,,,,,COMPLETE
877,877,0.8341377091377091,2025-01-02 08:45:13.588455,2025-01-02 08:45:18.596985,0 days 00:00:05.008530,1,125,,,,,,,,,,,,,,,,,,,,COMPLETE
878,878,0.8189404934687954,2025-01-02 08:45:18.597676,2025-01-02 08:45:23.590300,0 days 00:00:04.992624,1,135,,,,,,,,,,,,,,,,,,,,COMPLETE
879,879,0.49271986022131625,2025-01-02 08:45:23.591008,2025-01-02 08:45:33.905802,0 days 00:00:10.314794,5,135,170.0,,,,,,,,,,,35.0,45.0,50.0,,,,,,COMPLETE
880,880,0.8482142857142857,2025-01-02 08:45:33.906575,2025-01-02 08:45:38.918604,0 days 00:00:05.012029,1,125,,,,,,,,,,,,,,,,,,,,COMPLETE
881,881,0.7766254487435182,2025-01-02 08:45:38.919304,2025-01-02 08:45:47.670965,0 days 00:00:08.751661,4,130,180.0,,,,,,,,,,,40.0,40.0,,,,,,,COMPLETE
882,882,0.8482021844853703,2025-01-02 08:45:47.671723,2025-01-02 08:45:52.712574,0 days 00:00:05.040851,1,135,,,,,,,,,,,,,,,,,,,,COMPLETE
883,883,0.8422161172161172,2025-01-02 08:45:52.713288,2025-01-02 08:45:57.764305,0 days 00:00:05.051017,1,140,,,,,,,,,,,,,,,,,,,,COMPLETE
884,884,0.5449042792792793,2025-01-02 08:45:57.765036,2025-01-02 08:46:20.292303,0 days 00:00:22.527267,11,130,170.0,200.0,,,,,,,,,,150.0,175.0,175.0,80.0,180.0,35.0,110.0,60.0,COMPLETE
885,885,0.8411214953271028,2025-01-02 08:46:20.293220,2025-01-02 08:46:25.289564,0 days 00:00:04.996344,1,125,,,,,,,,,,,,,,,,,,,,COMPLETE
886,886,0.7897167487684729,2025-01-02 08:46:25.290282,2025-01-02 08:46:34.680910,0 days 00:00:09.390628,4,135,160.0,,,,,,,,,,,135.0,55.0,,,,,,,COMPLETE
887,887,0.8469155844155845,2025-01-02 08:46:34.681674,2025-01-02 08:46:39.680058,0 days 00:00:04.998384,1,125,,,,,,,,,,,,,,,,,,,,COMPLETE
888,888,0.8089488048962038,2025-01-02 08:46:39.680771,2025-01-02 08:46:44.708545,0 days 00:00:05.027774,1,130,,,,,,,,,,,,,,,,,,,,COMPLETE
889,889,0.8136177194421657,2025-01-02 08:46:44.709432,2025-01-02 08:46:51.170865,0 days 00:00:06.461433,2,140,170.0,,,,,,,,,,,,,,,,,,,COMPLETE
890,890,0.8283744557329463,2025-01-02 08:46:51.171590,2025-01-02 08:46:57.669976,0 days 00:00:06.498386,2,125,175.0,,,,,,,,,,,,,,,,,,,COMPLETE
891,891,0.8200766010510376,2025-01-02 08:46:57.670886,2025-01-02 08:47:02.673696,0 days 00:00:05.002810,1,130,,,,,,,,,,,,,,,,,,,,COMPLETE
892,892,0.47836538461538464,2025-01-02 08:47:02.674502,2025-01-02 08:47:14.382366,0 days 00:00:11.707864,6,145,165.0,,,,,,,,,,,50.0,125.0,65.0,185.0,,,,,COMPLETE
893,893,0.8267195767195767,2025-01-02 08:47:14.383357,2025-01-02 08:47:19.407526,0 days 00:00:05.024169,1,135,,,,,,,,,,,,,,,,,,,,COMPLETE
894,894,0.8367965367965368,2025-01-02 08:47:19.408250,2025-01-02 08:47:24.422788,0 days 00:00:05.014538,1,130,,,,,,,,,,,,,,,,,,,,COMPLETE
895,895,0.8017329255861366,2025-01-02 08:47:24.423495,2025-01-02 08:47:30.481721,0 days 00:00:06.058226,2,65,165.0,,,,,,,,,,,,,,,,,,,COMPLETE
896,896,0.7930551911134436,2025-01-02 08:47:30.482440,2025-01-02 08:47:36.518165,0 days 00:00:06.035725,2,125,180.0,,,,,,,,,,,,,,,,,,,COMPLETE
897,897,0.7978835978835979,2025-01-02 08:47:36.518855,2025-01-02 08:47:41.540049,0 days 00:00:05.021194,1,155,,,,,,,,,,,,,,,,,,,,COMPLETE
898,898,0.8611111111111112,2025-01-02 08:47:41.540770,2025-01-02 08:47:47.984852,0 days 00:00:06.444082,2,135,155.0,,,,,,,,,,,,,,,,,,,COMPLETE
899,899,0.8402036048064085,2025-01-02 08:47:47.985568,2025-01-02 08:47:53.018836,0 days 00:00:05.033268,1,140,,,,,,,,,,,,,,,,,,,,COMPLETE
900,900,0.7059502066711525,2025-01-02 08:47:53.019574,2025-01-02 08:48:02.354973,0 days 00:00:09.335399,4,125,160.0,,,,,,,,,,,185.0,75.0,,,,,,,COMPLETE
901,901,0.8287732402370707,2025-01-02 08:48:02.355752,2025-01-02 08:48:07.370585,0 days 00:00:05.014833,1,150,,,,,,,,,,,,,,,,,,,,COMPLETE
902,902,0.7887261820748059,2025-01-02 08:48:07.371335,2025-01-02 08:48:14.813404,0 days 00:00:07.442069,3,130,145.0,,,,,,,,,,,75.0,,,,,,,,COMPLETE
903,903,0.8052096985583224,2025-01-02 08:48:14.814155,2025-01-02 08:48:20.884100,0 days 00:00:06.069945,2,125,175.0,,,,,,,,,,,,,,,,,,,COMPLETE
904,904,0.5388969329998684,2025-01-02 08:48:20.884812,2025-01-02 08:49:09.064985,0 days 00:00:48.180173,17,145,145.0,110.0,5.0,65.0,150.0,150.0,170.0,160.0,,,,105.0,165.0,30.0,60.0,100.0,105.0,175.0,50.0,COMPLETE
905,905,0.8505897771952817,2025-01-02 08:49:09.066024,2025-01-02 08:49:14.064744,0 days 00:00:04.998720,1,100,,,,,,,,,,,,,,,,,,,,COMPLETE
906,906,0.8416052416052415,2025-01-02 08:49:14.065454,2025-01-02 08:49:20.167000,0 days 00:00:06.101546,2,135,160.0,,,,,,,,,,,,,,,,,,,COMPLETE
907,907,0.8371126882464948,2025-01-02 08:49:20.167707,2025-01-02 08:49:24.828347,0 days 00:00:04.660640,1,120,,,,,,,,,,,,,,,,,,,,COMPLETE
908,908,0.8090751301760477,2025-01-02 08:49:24.829066,2025-01-02 08:49:31.353510,0 days 00:00:06.524444,2,125,155.0,,,,,,,,,,,,,,,,,,,COMPLETE
909,909,0.8266951161688003,2025-01-02 08:49:31.354200,2025-01-02 08:49:39.306836,0 days 00:00:07.952636,3,140,165.0,,,,,,,,,,,25.0,,,,,,,,COMPLETE
910,910,0.8141498606328906,2025-01-02 08:49:39.307599,2025-01-02 08:49:44.314258,0 days 00:00:05.006659,1,170,,,,,,,,,,,,,,,,,,,,COMPLETE
911,911,0.8310235431624645,2025-01-02 08:49:44.315065,2025-01-02 08:49:49.307398,0 days 00:00:04.992333,1,130,,,,,,,,,,,,,,,,,,,,COMPLETE
912,912,0.8448432718550989,2025-01-02 08:49:49.308292,2025-01-02 08:49:57.158865,0 days 00:00:07.850573,3,130,150.0,,,,,,,,,,,15.0,,,,,,,,COMPLETE
913,913,0.8177939317319849,2025-01-02 08:49:57.159622,2025-01-02 08:50:02.154217,0 days 00:00:04.994595,1,120,,,,,,,,,,,,,,,,,,,,COMPLETE
914,914,0.8085071168487257,2025-01-02 08:50:02.154972,2025-01-02 08:50:08.173472,0 days 00:00:06.018500,2,135,140.0,,,,,,,,,,,,,,,,,,,COMPLETE
915,915,0.8308308308308308,2025-01-02 08:50:08.174223,2025-01-02 08:50:14.602566,0 days 00:00:06.428343,2,105,175.0,,,,,,,,,,,,,,,,,,,COMPLETE
916,916,0.7998696219035202,2025-01-02 08:50:14.603307,2025-01-02 08:50:21.046254,0 days 00:00:06.442947,2,135,155.0,,,,,,,,,,,,,,,,,,,COMPLETE
917,917,0.8324175824175823,2025-01-02 08:50:21.046981,2025-01-02 08:50:26.025176,0 days 00:00:04.978195,1,120,,,,,,,,,,,,,,,,,,,,COMPLETE
918,918,0.8113929684023142,2025-01-02 08:50:26.025908,2025-01-02 08:50:33.407750,0 days 00:00:07.381842,3,125,150.0,,,,,,,,,,,85.0,,,,,,,,COMPLETE
919,919,0.8287337662337663,2025-01-02 08:50:33.408496,2025-01-02 08:50:38.384802,0 days 00:00:04.976306,1,130,,,,,,,,,,,,,,,,,,,,COMPLETE
920,920,0.8177865612648222,2025-01-02 08:50:38.385533,2025-01-02 08:50:45.790134,0 days 00:00:07.404601,3,125,145.0,,,,,,,,,,,30.0,,,,,,,,COMPLETE
921,921,0.8052277941658472,2025-01-02 08:50:45.790880,2025-01-02 08:50:52.244915,0 days 00:00:06.454035,2,130,170.0,,,,,,,,,,,,,,,,,,,COMPLETE
922,922,0.8425925925925926,2025-01-02 08:50:52.245656,2025-01-02 08:50:57.273589,0 days 00:00:05.027933,1,140,,,,,,,,,,,,,,,,,,,,COMPLETE
923,923,0.7106918238993711,2025-01-02 08:50:57.274309,2025-01-02 08:51:06.078312,0 days 00:00:08.804003,4,120,160.0,,,,,,,,,,,45.0,185.0,,,,,,,COMPLETE
924,924,0.8215715715715716,2025-01-02 08:51:06.079105,2025-01-02 08:51:11.077210,0 days 00:00:04.998105,1,110,,,,,,,,,,,,,,,,,,,,COMPLETE
925,925,0.8054054054054054,2025-01-02 08:51:11.077950,2025-01-02 08:51:19.384356,0 days 00:00:08.306406,4,135,165.0,,,,,,,,,,,5.0,30.0,,,,,,,COMPLETE
926,926,0.8005347593582888,2025-01-02 08:51:19.385134,2025-01-02 08:51:25.384211,0 days 00:00:05.999077,2,105,180.0,,,,,,,,,,,,,,,,,,,COMPLETE
927,927,0.8074074074074074,2025-01-02 08:51:25.384956,2025-01-02 08:51:30.364248,0 days 00:00:04.979292,1,115,,,,,,,,,,,,,,,,,,,,COMPLETE
928,928,0.8148846780416703,2025-01-02 08:51:30.364994,2025-01-02 08:51:36.381787,0 days 00:00:06.016793,2,145,140.0,,,,,,,,,,,,,,,,,,,COMPLETE
929,929,0.8295107033639144,2025-01-02 08:51:36.382528,2025-01-02 08:51:41.390979,0 days 00:00:05.008451,1,125,,,,,,,,,,,,,,,,,,,,COMPLETE
930,930,0.8107142857142857,2025-01-02 08:51:41.391714,2025-01-02 08:51:49.310085,0 days 00:00:07.918371,3,140,145.0,,,,,,,,,,,10.0,,,,,,,,COMPLETE
931,931,0.8580607476635513,2025-01-02 08:51:49.310841,2025-01-02 08:51:54.289272,0 days 00:00:04.978431,1,130,,,,,,,,,,,,,,,,,,,,COMPLETE
932,932,0.8430662805662805,2025-01-02 08:51:54.290021,2025-01-02 08:52:00.305355,0 days 00:00:06.015334,2,135,150.0,,,,,,,,,,,,,,,,,,,COMPLETE
933,933,0.8341110217216412,2025-01-02 08:52:00.306124,2025-01-02 08:52:05.299114,0 days 00:00:04.992990,1,100,,,,,,,,,,,,,,,,,,,,COMPLETE
934,934,0.8130841121495327,2025-01-02 08:52:05.299851,2025-01-02 08:52:11.731646,0 days 00:00:06.431795,2,120,160.0,,,,,,,,,,,,,,,,,,,COMPLETE
935,935,0.7975067385444744,2025-01-02 08:52:11.732385,2025-01-02 08:52:16.739168,0 days 00:00:05.006783,1,130,,,,,,,,,,,,,,,,,,,,COMPLETE
936,936,0.4105263157894737,2025-01-02 08:52:16.739909,2025-01-02 08:52:53.133108,0 days 00:00:36.393199,12,150,185.0,5.0,195.0,,,,,,,,,65.0,60.0,190.0,35.0,75.0,15.0,125.0,115.0,COMPLETE
937,937,0.8203058623619371,2025-01-02 08:52:53.134318,2025-01-02 08:53:00.475786,0 days 00:00:07.341468,3,120,150.0,,,,,,,,,,,120.0,,,,,,,,COMPLETE
938,938,0.8442687747035573,2025-01-02 08:53:00.476576,2025-01-02 08:53:06.494205,0 days 00:00:06.017629,2,135,170.0,,,,,,,,,,,,,,,,,,,COMPLETE
939,939,0.8017857142857143,2025-01-02 08:53:06.494959,2025-01-02 08:53:11.482618,0 days 00:00:04.987659,1,130,,,,,,,,,,,,,,,,,,,,COMPLETE
940,940,0.2436529680365297,2025-01-02 08:53:11.483348,2025-01-02 08:53:49.344870,0 days 00:00:37.861522,15,110,140.0,25.0,180.0,5.0,150.0,100.0,,,,,,35.0,140.0,15.0,115.0,165.0,200.0,140.0,200.0,COMPLETE
941,941,0.8161196911196911,2025-01-02 08:53:49.346856,2025-01-02 08:53:54.371220,0 days 00:00:05.024364,1,165,,,,,,,,,,,,,,,,,,,,COMPLETE
942,942,0.8104493857875914,2025-01-02 08:53:54.371954,2025-01-02 08:54:00.867910,0 days 00:00:06.495956,2,125,155.0,,,,,,,,,,,,,,,,,,,COMPLETE
943,943,0.7927285083248385,2025-01-02 08:54:00.868673,2025-01-02 08:54:09.640401,0 days 00:00:08.771728,4,115,165.0,,,,,,,,,,,95.0,155.0,,,,,,,COMPLETE
944,944,0.8789414414414414,2025-01-02 08:54:09.641209,2025-01-02 08:54:17.608793,0 days 00:00:07.967584,3,135,170.0,,,,,,,,,,,20.0,,,,,,,,COMPLETE
945,945,0.7455357142857142,2025-01-02 08:54:17.609548,2025-01-02 08:54:25.545773,0 days 00:00:07.936225,3,140,195.0,,,,,,,,,,,20.0,,,,,,,,COMPLETE
946,946,0.7236238532110092,2025-01-02 08:54:25.546537,2025-01-02 08:54:34.367747,0 days 00:00:08.821210,4,145,185.0,,,,,,,,,,,15.0,135.0,,,,,,,COMPLETE
947,947,0.8156108597285068,2025-01-02 08:54:34.368535,2025-01-02 08:54:41.824443,0 days 00:00:07.455908,3,140,190.0,,,,,,,,,,,25.0,,,,,,,,COMPLETE
948,948,0.7743664717348928,2025-01-02 08:54:41.825206,2025-01-02 08:54:49.821787,0 days 00:00:07.996581,3,145,180.0,,,,,,,,,,,15.0,,,,,,,,COMPLETE
949,949,0.7818828002314241,2025-01-02 08:54:49.822552,2025-01-02 08:54:58.676182,0 days 00:00:08.853630,4,140,175.0,,,,,,,,,,,20.0,145.0,,,,,,,COMPLETE
950,950,0.8311092577147623,2025-01-02 08:54:58.676984,2025-01-02 08:55:06.645866,0 days 00:00:07.968882,3,75,200.0,,,,,,,,,,,30.0,,,,,,,,COMPLETE
951,951,0.7209216248727677,2025-01-02 08:55:06.646635,2025-01-02 08:55:14.601670,0 days 00:00:07.955035,3,135,190.0,,,,,,,,,,,10.0,,,,,,,,COMPLETE
952,952,0.8430662805662805,2025-01-02 08:55:14.602458,2025-01-02 08:55:22.550408,0 days 00:00:07.947950,3,150,175.0,,,,,,,,,,,5.0,,,,,,,,COMPLETE
953,953,0.8073394495412844,2025-01-02 08:55:22.551337,2025-01-02 08:55:30.495628,0 days 00:00:07.944291,3,135,170.0,,,,,,,,,,,25.0,,,,,,,,COMPLETE
954,954,0.41951896392229415,2025-01-02 08:55:30.496503,2025-01-02 08:55:40.667748,0 days 00:00:10.171245,5,110,170.0,,,,,,,,,,,40.0,180.0,95.0,,,,,,COMPLETE
955,955,0.6759862778730703,2025-01-02 08:55:40.668552,2025-01-02 08:55:49.461948,0 days 00:00:08.793396,4,140,180.0,,,,,,,,,,,15.0,120.0,,,,,,,COMPLETE
956,956,0.5753961634695579,2025-01-02 08:55:49.462683,2025-01-02 08:56:03.256083,0 days 00:00:13.793400,7,135,160.0,,,,,,,,,,,30.0,100.0,200.0,170.0,45.0,,,,COMPLETE
957,957,0.7777015437392796,2025-01-02 08:56:03.256904,2025-01-02 08:56:12.092447,0 days 00:00:08.835543,4,105,165.0,,,,,,,,,,,20.0,90.0,,,,,,,COMPLETE
958,958,0.8518518518518519,2025-01-02 08:56:12.093234,2025-01-02 08:56:17.089149,0 days 00:00:04.995915,1,115,,,,,,,,,,,,,,,,,,,,COMPLETE
959,959,0.7757972913936217,2025-01-02 08:56:17.089860,2025-01-02 08:56:26.007962,0 days 00:00:08.918102,4,120,145.0,,,,,,,,,,,10.0,75.0,,,,,,,COMPLETE
960,960,0.810428849902534,2025-01-02 08:56:26.008774,2025-01-02 08:56:30.997195,0 days 00:00:04.988421,1,130,,,,,,,,,,,,,,,,,,,,COMPLETE
961,961,0.7854406130268199,2025-01-02 08:56:30.997936,2025-01-02 08:56:38.920087,0 days 00:00:07.922151,3,110,195.0,,,,,,,,,,,45.0,,,,,,,,COMPLETE
962,962,0.822921790457452,2025-01-02 08:56:38.920823,2025-01-02 08:56:43.936070,0 days 00:00:05.015247,1,125,,,,,,,,,,,,,,,,,,,,COMPLETE
963,963,0.8223464619492658,2025-01-02 08:56:43.936868,2025-01-02 08:56:48.942069,0 days 00:00:05.005201,1,125,,,,,,,,,,,,,,,,,,,,COMPLETE
964,964,0.3580038572806172,2025-01-02 08:56:48.942788,2025-01-02 08:57:19.459560,0 days 00:00:30.516772,10,135,135.0,,,,,,,,,,,55.0,50.0,130.0,95.0,120.0,135.0,20.0,40.0,COMPLETE
965,965,0.8057103661150647,2025-01-02 08:57:19.460523,2025-01-02 08:57:27.435432,0 days 00:00:07.974909,3,155,155.0,,,,,,,,,,,140.0,,,,,,,,COMPLETE
966,966,0.8233125819134994,2025-01-02 08:57:27.436229,2025-01-02 08:57:32.445277,0 days 00:00:05.009048,1,140,,,,,,,,,,,,,,,,,,,,COMPLETE
967,967,0.8193603477720851,2025-01-02 08:57:32.446004,2025-01-02 08:57:40.373919,0 days 00:00:07.927915,3,95,170.0,,,,,,,,,,,5.0,,,,,,,,COMPLETE
968,968,0.8143840104849279,2025-01-02 08:57:40.374718,2025-01-02 08:57:45.392312,0 days 00:00:05.017594,1,135,,,,,,,,,,,,,,,,,,,,COMPLETE
969,969,0.7999051683262209,2025-01-02 08:57:45.393056,2025-01-02 08:57:51.877776,0 days 00:00:06.484720,2,55,175.0,,,,,,,,,,,,,,,,,,,COMPLETE
970,970,0.8196428571428571,2025-01-02 08:57:51.878542,2025-01-02 08:57:56.876198,0 days 00:00:04.997656,1,115,,,,,,,,,,,,,,,,,,,,COMPLETE
971,971,0.8250201126307322,2025-01-02 08:57:56.876945,2025-01-02 08:58:04.812511,0 days 00:00:07.935566,3,130,140.0,,,,,,,,,,,30.0,,,,,,,,COMPLETE
972,972,0.8123653769445554,2025-01-02 08:58:04.813317,2025-01-02 08:58:10.846940,0 days 00:00:06.033623,2,120,185.0,,,,,,,,,,,,,,,,,,,COMPLETE
973,973,0.14285714285714285,2025-01-02 08:58:10.847794,2025-01-02 08:59:02.517493,0 days 00:00:51.669699,19,105,155.0,170.0,65.0,115.0,175.0,50.0,80.0,110.0,15.0,145.0,,35.0,25.0,155.0,70.0,15.0,85.0,100.0,5.0,COMPLETE
974,974,0.8308308308308308,2025-01-02 08:59:02.518702,2025-01-02 08:59:07.549571,0 days 00:00:05.030869,1,130,,,,,,,,,,,,,,,,,,,,COMPLETE
975,975,0.8286062576188541,2025-01-02 08:59:07.550318,2025-01-02 08:59:16.983920,0 days 00:00:09.433602,4,125,150.0,,,,,,,,,,,15.0,35.0,,,,,,,COMPLETE
976,976,0.8397863818424566,2025-01-02 08:59:16.984717,2025-01-02 08:59:22.003011,0 days 00:00:05.018294,1,115,,,,,,,,,,,,,,,,,,,,COMPLETE
977,977,0.7954291605808059,2025-01-02 08:59:22.003748,2025-01-02 08:59:28.475475,0 days 00:00:06.471727,2,120,135.0,,,,,,,,,,,,,,,,,,,COMPLETE
978,978,0.20612866387514275,2025-01-02 08:59:28.476240,2025-01-02 09:00:08.935297,0 days 00:00:40.459057,14,110,160.0,150.0,50.0,195.0,135.0,,,,,,,25.0,65.0,45.0,45.0,65.0,65.0,150.0,150.0,COMPLETE
979,979,0.8530528313824739,2025-01-02 09:00:08.936345,2025-01-02 09:00:13.974494,0 days 00:00:05.038149,1,145,,,,,,,,,,,,,,,,,,,,COMPLETE
980,980,0.8341110217216412,2025-01-02 09:00:13.975275,2025-01-02 09:00:20.430598,0 days 00:00:06.455323,2,135,145.0,,,,,,,,,,,,,,,,,,,COMPLETE
981,981,0.8287732402370707,2025-01-02 09:00:20.431351,2025-01-02 09:00:27.863746,0 days 00:00:07.432395,3,140,165.0,,,,,,,,,,,40.0,,,,,,,,COMPLETE
982,982,0.8219349457881568,2025-01-02 09:00:27.864528,2025-01-02 09:00:32.867374,0 days 00:00:05.002846,1,135,,,,,,,,,,,,,,,,,,,,COMPLETE
983,983,0.833976833976834,2025-01-02 09:00:32.868105,2025-01-02 09:00:39.344029,0 days 00:00:06.475924,2,125,150.0,,,,,,,,,,,,,,,,,,,COMPLETE
984,984,0.7850975375759515,2025-01-02 09:00:39.344809,2025-01-02 09:00:45.778124,0 days 00:00:06.433315,2,120,130.0,,,,,,,,,,,,,,,,,,,COMPLETE
985,985,0.8402036048064085,2025-01-02 09:00:45.778915,2025-01-02 09:00:50.782067,0 days 00:00:05.003152,1,130,,,,,,,,,,,,,,,,,,,,COMPLETE
986,986,0.8342990503782393,2025-01-02 09:00:50.782813,2025-01-02 09:00:58.708375,0 days 00:00:07.925562,3,115,140.0,,,,,,,,,,,20.0,,,,,,,,COMPLETE
987,987,0.8317757009345794,2025-01-02 09:00:58.709172,2025-01-02 09:01:03.711962,0 days 00:00:05.002790,1,125,,,,,,,,,,,,,,,,,,,,COMPLETE
988,988,0.8250080567193039,2025-01-02 09:01:03.712933,2025-01-02 09:01:08.697958,0 days 00:00:04.985025,1,110,,,,,,,,,,,,,,,,,,,,COMPLETE
989,989,0.8257575757575758,2025-01-02 09:01:08.698699,2025-01-02 09:01:15.198045,0 days 00:00:06.499346,2,70,175.0,,,,,,,,,,,,,,,,,,,COMPLETE
990,990,0.8333333333333333,2025-01-02 09:01:15.198776,2025-01-02 09:01:23.171075,0 days 00:00:07.972299,3,130,170.0,,,,,,,,,,,110.0,,,,,,,,COMPLETE
991,991,0.8160392535392536,2025-01-02 09:01:23.171850,2025-01-02 09:01:28.178281,0 days 00:00:05.006431,1,145,,,,,,,,,,,,,,,,,,,,COMPLETE
992,992,0.8086580086580086,2025-01-02 09:01:28.179013,2025-01-02 09:01:34.634352,0 days 00:00:06.455339,2,135,155.0,,,,,,,,,,,,,,,,,,,COMPLETE
993,993,0.8184523809523809,2025-01-02 09:01:34.635090,2025-01-02 09:01:39.634515,0 days 00:00:04.999425,1,155,,,,,,,,,,,,,,,,,,,,COMPLETE
994,994,0.2607352486870559,2025-01-02 09:01:39.635233,2025-01-02 09:01:53.954697,0 days 00:00:14.319464,8,130,180.0,,,,,,,,,,,100.0,190.0,90.0,125.0,145.0,155.0,,,COMPLETE
995,995,0.8147512864493998,2025-01-02 09:01:53.955604,2025-01-02 09:02:01.864799,0 days 00:00:07.909195,3,100,165.0,,,,,,,,,,,10.0,,,,,,,,COMPLETE
996,996,0.7962264150943397,2025-01-02 09:02:01.865563,2025-01-02 09:02:06.878896,0 days 00:00:05.013333,1,105,,,,,,,,,,,,,,,,,,,,COMPLETE
997,997,0.8196236977141969,2025-01-02 09:02:06.879635,2025-01-02 09:02:13.364909,0 days 00:00:06.485274,2,115,140.0,,,,,,,,,,,,,,,,,,,COMPLETE
998,998,0.8468468468468469,2025-01-02 09:02:13.365675,2025-01-02 09:02:18.381361,0 days 00:00:05.015686,1,125,,,,,,,,,,,,,,,,,,,,COMPLETE
999,999,0.6406508549365693,2025-01-02 09:02:18.382104,2025-01-02 09:02:27.237846,0 days 00:00:08.855742,4,140,160.0,,,,,,,,,,,50.0,200.0,,,,,,,COMPLETE
