,number,value,datetime_start,datetime_complete,duration,params_depth,params_neurons_layer_0,params_neurons_layer_1,params_neurons_layer_10,params_neurons_layer_11,params_neurons_layer_12,params_neurons_layer_13,params_neurons_layer_14,params_neurons_layer_15,params_neurons_layer_16,params_neurons_layer_17,params_neurons_layer_18,params_neurons_layer_19,params_neurons_layer_2,params_neurons_layer_3,params_neurons_layer_4,params_neurons_layer_5,params_neurons_layer_6,params_neurons_layer_7,params_neurons_layer_8,params_neurons_layer_9,state
0,0,0.6723642747019798,2024-12-31 18:36:09.725206,2024-12-31 18:39:31.082781,0 days 00:03:21.357575,8,25,60.0,,,,,,,,,,,165.0,80.0,160.0,105.0,180.0,10.0,,,COMPLETE
1,1,0.8551442100731812,2024-12-31 18:39:31.083516,2024-12-31 18:40:08.363794,0 days 00:00:37.280278,1,40,,,,,,,,,,,,,,,,,,,,COMPLETE
2,2,0.8625896726929085,2024-12-31 18:40:08.364219,2024-12-31 18:41:01.833823,0 days 00:00:53.469604,1,120,,,,,,,,,,,,,,,,,,,,COMPLETE
3,3,0.8740060268722689,2024-12-31 18:41:01.834339,2024-12-31 18:42:24.696967,0 days 00:01:22.862628,2,140,90.0,,,,,,,,,,,,,,,,,,,COMPLETE
4,4,0.8733574233408864,2024-12-31 18:42:24.697500,2024-12-31 18:43:27.208184,0 days 00:01:02.510684,1,150,,,,,,,,,,,,,,,,,,,,COMPLETE
5,5,0.8756740695819247,2024-12-31 18:43:27.208731,2024-12-31 18:46:39.734100,0 days 00:03:12.525369,6,195,70.0,,,,,,,,,,,100.0,120.0,115.0,105.0,,,,,COMPLETE
6,6,0.8760648778452045,2024-12-31 18:46:39.734759,2024-12-31 18:50:34.707399,0 days 00:03:54.972640,7,65,195.0,,,,,,,,,,,110.0,175.0,195.0,70.0,25.0,,,,COMPLETE
7,7,0.8689875728616763,2024-12-31 18:50:34.708088,2024-12-31 18:53:31.219748,0 days 00:02:56.511660,7,150,85.0,,,,,,,,,,,190.0,60.0,10.0,5.0,120.0,,,,COMPLETE
8,8,0.245295767416013,2024-12-31 18:53:31.220440,2024-12-31 19:00:11.324534,0 days 00:06:40.104094,16,30,190.0,115.0,15.0,45.0,155.0,175.0,35.0,,,,,105.0,200.0,160.0,30.0,190.0,35.0,120.0,90.0,COMPLETE
9,9,0.520481594576865,2024-12-31 19:00:11.325335,2024-12-31 19:05:35.987542,0 days 00:05:24.662207,13,65,145.0,55.0,10.0,175.0,,,,,,,,50.0,100.0,50.0,50.0,195.0,75.0,180.0,195.0,COMPLETE
10,10,0.6058932615974657,2024-12-31 19:05:35.988328,2024-12-31 19:13:01.573385,0 days 00:07:25.585057,19,80,10.0,200.0,200.0,10.0,5.0,5.0,185.0,140.0,95.0,155.0,,30.0,190.0,200.0,175.0,25.0,195.0,5.0,5.0,COMPLETE
11,11,0.8752202407360532,2024-12-31 19:13:01.574254,2024-12-31 19:16:51.263498,0 days 00:03:49.689244,6,185,195.0,,,,,,,,,,,105.0,145.0,100.0,100.0,,,,,COMPLETE
12,12,0.5836980742515059,2024-12-31 19:16:51.264201,2024-12-31 19:21:11.740992,0 days 00:04:20.476791,11,195,135.0,10.0,,,,,,,,,,130.0,5.0,110.0,100.0,10.0,170.0,5.0,200.0,COMPLETE
13,13,0.8774779330662414,2024-12-31 19:21:11.741762,2024-12-31 19:23:52.924555,0 days 00:02:41.182793,5,90,40.0,,,,,,,,,,,65.0,150.0,200.0,,,,,,COMPLETE
14,14,0.8658124727786604,2024-12-31 19:23:52.925213,2024-12-31 19:25:37.172009,0 days 00:01:44.246796,4,90,15.0,,,,,,,,,,,60.0,155.0,,,,,,,COMPLETE
15,15,0.9013939934882038,2024-12-31 19:25:37.172663,2024-12-31 19:30:27.749573,0 days 00:04:50.576910,10,5,45.0,,,,,,,,,,,5.0,160.0,200.0,200.0,75.0,125.0,195.0,5.0,COMPLETE
16,16,0.3408781257867713,2024-12-31 19:30:27.750321,2024-12-31 19:34:47.254982,0 days 00:04:19.504661,10,5,40.0,,,,,,,,,,,5.0,135.0,160.0,200.0,80.0,130.0,200.0,25.0,COMPLETE
17,17,0.17690618623152773,2024-12-31 19:34:47.255722,2024-12-31 19:42:08.303959,0 days 00:07:21.048237,14,110,45.0,190.0,145.0,175.0,200.0,,,,,,,10.0,165.0,200.0,150.0,90.0,115.0,115.0,80.0,COMPLETE
18,18,0.38616629907045474,2024-12-31 19:42:08.304769,2024-12-31 19:46:31.113384,0 days 00:04:22.808615,10,15,120.0,,,,,,,,,,,65.0,115.0,150.0,150.0,135.0,80.0,155.0,55.0,COMPLETE
19,19,0.8766501741219447,2024-12-31 19:46:31.114146,2024-12-31 19:47:46.230334,0 days 00:01:15.116188,4,60,40.0,,,,,,,,,,,35.0,45.0,,,,,,,COMPLETE
20,20,0.8946030185752101,2024-12-31 19:47:46.231022,2024-12-31 19:49:26.696513,0 days 00:01:40.465491,4,50,5.0,,,,,,,,,,,80.0,170.0,,,,,,,COMPLETE
21,21,0.8522079438088385,2024-12-31 19:49:26.697182,2024-12-31 19:50:28.394258,0 days 00:01:01.697076,3,50,5.0,,,,,,,,,,,80.0,,,,,,,,COMPLETE
22,22,0.8767509827345286,2024-12-31 19:50:28.394952,2024-12-31 19:52:58.602533,0 days 00:02:30.207581,5,95,25.0,,,,,,,,,,,80.0,175.0,135.0,,,,,,COMPLETE
23,23,0.5976549179380692,2024-12-31 19:52:58.603219,2024-12-31 19:56:45.554973,0 days 00:03:46.951754,9,5,30.0,,,,,,,,,,,140.0,135.0,75.0,200.0,55.0,145.0,85.0,,COMPLETE
24,24,0.584802424282608,2024-12-31 19:56:45.555726,2024-12-31 20:02:02.375809,0 days 00:05:16.820083,12,40,60.0,125.0,80.0,,,,,,,,,45.0,180.0,180.0,145.0,145.0,80.0,70.0,130.0,COMPLETE
25,25,0.21242609659380624,2024-12-31 20:02:02.376589,2024-12-31 20:08:14.215071,0 days 00:06:11.838482,15,80,5.0,60.0,95.0,100.0,50.0,55.0,,,,,,25.0,155.0,175.0,175.0,55.0,155.0,150.0,125.0,COMPLETE
26,26,0.559476594210822,2024-12-31 20:08:14.215881,2024-12-31 20:11:57.165964,0 days 00:03:42.950083,8,125,55.0,,,,,,,,,,,70.0,130.0,130.0,125.0,55.0,190.0,,,COMPLETE
27,27,0.48781436097732245,2024-12-31 20:11:57.166708,2024-12-31 20:19:41.568229,0 days 00:07:44.401521,20,25,25.0,150.0,165.0,100.0,100.0,195.0,195.0,10.0,200.0,10.0,190.0,85.0,105.0,85.0,70.0,110.0,100.0,50.0,45.0,COMPLETE
28,28,0.8738956744644644,2024-12-31 20:19:41.569091,2024-12-31 20:21:17.122587,0 days 00:01:35.553496,3,75,75.0,,,,,,,,,,,130.0,,,,,,,,COMPLETE
29,29,0.5581195793782675,2024-12-31 20:21:17.123265,2024-12-31 20:25:13.592248,0 days 00:03:56.468983,8,50,105.0,,,,,,,,,,,20.0,200.0,180.0,175.0,145.0,40.0,,,COMPLETE
30,30,0.8742391370366305,2024-12-31 20:25:13.592995,2024-12-31 20:26:56.923477,0 days 00:01:43.330482,5,20,30.0,,,,,,,,,,,55.0,155.0,35.0,,,,,,COMPLETE
31,31,0.8796110653292148,2024-12-31 20:26:56.924185,2024-12-31 20:29:25.566866,0 days 00:02:28.642681,5,95,20.0,,,,,,,,,,,85.0,175.0,125.0,,,,,,COMPLETE
32,32,0.8752836812208744,2024-12-31 20:29:25.567571,2024-12-31 20:31:58.066756,0 days 00:02:32.499185,5,105,20.0,,,,,,,,,,,90.0,165.0,140.0,,,,,,COMPLETE
33,33,0.8666794741861743,2024-12-31 20:31:58.067508,2024-12-31 20:32:59.073033,0 days 00:01:01.005525,3,35,50.0,,,,,,,,,,,40.0,,,,,,,,COMPLETE
34,34,0.6677230240292329,2024-12-31 20:32:59.073707,2024-12-31 20:36:58.913787,0 days 00:03:59.840080,7,115,35.0,,,,,,,,,,,120.0,180.0,180.0,130.0,170.0,,,,COMPLETE
35,35,0.8764831053971516,2024-12-31 20:36:58.914513,2024-12-31 20:38:04.209227,0 days 00:01:05.294714,2,130,15.0,,,,,,,,,,,,,,,,,,,COMPLETE
36,36,0.8670758931522278,2024-12-31 20:38:04.209920,2024-12-31 20:41:09.543278,0 days 00:03:05.333358,6,95,75.0,,,,,,,,,,,155.0,145.0,75.0,185.0,,,,,COMPLETE
37,37,0.8810421167414227,2024-12-31 20:41:09.544604,2024-12-31 20:41:50.903547,0 days 00:00:41.358943,1,55,,,,,,,,,,,,,,,,,,,,COMPLETE
38,38,0.8466793127604701,2024-12-31 20:41:50.904175,2024-12-31 20:42:31.642574,0 days 00:00:40.738399,1,50,,,,,,,,,,,,,,,,,,,,COMPLETE
39,39,0.8782660835674203,2024-12-31 20:42:31.643126,2024-12-31 20:43:04.681747,0 days 00:00:33.038621,1,15,,,,,,,,,,,,,,,,,,,,COMPLETE
40,40,0.8671203326884159,2024-12-31 20:43:04.682408,2024-12-31 20:44:29.777095,0 days 00:01:25.094687,2,165,65.0,,,,,,,,,,,,,,,,,,,COMPLETE
41,41,0.8778319192580428,2024-12-31 20:44:29.777771,2024-12-31 20:45:03.150845,0 days 00:00:33.373074,1,15,,,,,,,,,,,,,,,,,,,,COMPLETE
42,42,0.7476473350759443,2024-12-31 20:45:03.151674,2024-12-31 20:45:38.786245,0 days 00:00:35.634571,1,30,,,,,,,,,,,,,,,,,,,,COMPLETE
43,43,0.7528869642460583,2024-12-31 20:45:38.786885,2024-12-31 20:46:29.644903,0 days 00:00:50.858018,2,5,95.0,,,,,,,,,,,,,,,,,,,COMPLETE
44,44,0.8804901796206144,2024-12-31 20:46:29.645572,2024-12-31 20:48:49.232090,0 days 00:02:19.586518,4,60,170.0,,,,,,,,,,,155.0,80.0,,,,,,,COMPLETE
45,45,0.872254095167547,2024-12-31 20:48:49.232780,2024-12-31 20:51:24.714854,0 days 00:02:35.482074,4,70,175.0,,,,,,,,,,,190.0,85.0,,,,,,,COMPLETE
46,46,0.8726590720585804,2024-12-31 20:51:24.715549,2024-12-31 20:53:16.056706,0 days 00:01:51.341157,3,60,150.0,,,,,,,,,,,160.0,,,,,,,,COMPLETE
47,47,0.8760807977789109,2024-12-31 20:53:16.057390,2024-12-31 20:56:03.720452,0 days 00:02:47.663062,6,45,165.0,,,,,,,,,,,180.0,60.0,55.0,80.0,,,,,COMPLETE
48,48,0.2944423488385116,2024-12-31 20:56:03.721174,2024-12-31 21:02:46.431438,0 days 00:06:42.710264,17,60,120.0,15.0,60.0,195.0,105.0,115.0,20.0,200.0,,,,150.0,85.0,125.0,10.0,80.0,105.0,160.0,160.0,COMPLETE
49,49,0.8191510911251008,2024-12-31 21:02:46.432326,2024-12-31 21:06:13.582995,0 days 00:03:27.150669,7,85,185.0,,,,,,,,,,,175.0,70.0,95.0,125.0,40.0,,,,COMPLETE
50,50,0.8750632247716675,2024-12-31 21:06:13.583742,2024-12-31 21:07:24.869524,0 days 00:01:11.285782,4,40,5.0,,,,,,,,,,,100.0,25.0,,,,,,,COMPLETE
51,51,0.8472020933672741,2024-12-31 21:07:24.870230,2024-12-31 21:08:29.292478,0 days 00:01:04.422248,2,15,155.0,,,,,,,,,,,,,,,,,,,COMPLETE
52,52,0.8884424120773493,2024-12-31 21:08:29.293170,2024-12-31 21:09:04.349200,0 days 00:00:35.056030,1,25,,,,,,,,,,,,,,,,,,,,COMPLETE
53,53,0.8812942206393927,2024-12-31 21:09:04.349845,2024-12-31 21:10:36.437172,0 days 00:01:32.087327,3,30,130.0,,,,,,,,,,,115.0,,,,,,,,COMPLETE
54,54,0.876876503618619,2024-12-31 21:10:36.437863,2024-12-31 21:12:23.882350,0 days 00:01:47.444487,3,25,125.0,,,,,,,,,,,200.0,,,,,,,,COMPLETE
55,55,0.877273313223054,2024-12-31 21:12:23.883074,2024-12-31 21:14:33.212132,0 days 00:02:09.329058,4,30,200.0,,,,,,,,,,,120.0,100.0,,,,,,,COMPLETE
56,56,0.877008383938781,2024-12-31 21:14:33.212832,2024-12-31 21:15:44.578305,0 days 00:01:11.365473,2,55,135.0,,,,,,,,,,,,,,,,,,,COMPLETE
57,57,0.4053254858254566,2024-12-31 21:15:44.578986,2024-12-31 21:19:38.021672,0 days 00:03:53.442686,11,40,100.0,70.0,,,,,,,,,,140.0,115.0,10.0,40.0,95.0,55.0,200.0,65.0,COMPLETE
58,58,0.19015057920889278,2024-12-31 21:19:38.022504,2024-12-31 21:25:10.977671,0 days 00:05:32.955167,13,35,110.0,155.0,125.0,135.0,,,,,,,,120.0,45.0,35.0,155.0,160.0,170.0,135.0,5.0,COMPLETE
59,59,0.4977810823775529,2024-12-31 21:25:10.979318,2024-12-31 21:29:22.013111,0 days 00:04:11.033793,9,70,180.0,,,,,,,,,,,170.0,125.0,160.0,85.0,120.0,5.0,40.0,,COMPLETE
60,60,0.8631361445243112,2024-12-31 21:29:22.013900,2024-12-31 21:29:52.410534,0 days 00:00:30.396634,1,5,,,,,,,,,,,,,,,,,,,,COMPLETE
61,61,0.8766297793124569,2024-12-31 21:29:52.411145,2024-12-31 21:33:24.772708,0 days 00:03:32.361563,6,45,170.0,,,,,,,,,,,95.0,190.0,120.0,165.0,,,,,COMPLETE
62,62,0.8660654593402238,2024-12-31 21:33:24.773437,2024-12-31 21:34:53.688347,0 days 00:01:28.914910,3,20,135.0,,,,,,,,,,,110.0,,,,,,,,COMPLETE
63,63,0.8785623977504506,2024-12-31 21:34:53.689041,2024-12-31 21:36:57.183452,0 days 00:02:03.494411,4,65,80.0,,,,,,,,,,,75.0,190.0,,,,,,,COMPLETE
64,64,0.8683257132559961,2024-12-31 21:36:57.184158,2024-12-31 21:39:25.550079,0 days 00:02:28.365921,5,55,15.0,,,,,,,,,,,110.0,170.0,145.0,,,,,,COMPLETE
65,65,0.8733054906640225,2024-12-31 21:39:25.550792,2024-12-31 21:40:32.532940,0 days 00:01:06.982148,2,30,160.0,,,,,,,,,,,,,,,,,,,COMPLETE
66,66,0.8809377859168885,2024-12-31 21:40:32.533623,2024-12-31 21:42:34.445220,0 days 00:02:01.911597,4,75,90.0,,,,,,,,,,,145.0,70.0,,,,,,,COMPLETE
67,67,0.877989205594552,2024-12-31 21:42:34.445938,2024-12-31 21:44:40.570174,0 days 00:02:06.124236,4,75,90.0,,,,,,,,,,,145.0,95.0,,,,,,,COMPLETE
68,68,0.25651687129460105,2024-12-31 21:44:40.570890,2024-12-31 21:50:20.087450,0 days 00:05:39.516560,17,45,145.0,85.0,50.0,60.0,105.0,120.0,105.0,5.0,,,,130.0,65.0,60.0,110.0,5.0,125.0,100.0,115.0,COMPLETE
69,69,0.8746988030668152,2024-12-31 21:50:20.088319,2024-12-31 21:51:15.397744,0 days 00:00:55.309425,2,55,60.0,,,,,,,,,,,,,,,,,,,COMPLETE
70,70,0.8742378280914591,2024-12-31 21:51:15.398432,2024-12-31 21:52:44.736241,0 days 00:01:29.337809,3,10,85.0,,,,,,,,,,,165.0,,,,,,,,COMPLETE
71,71,0.8687685325763882,2024-12-31 21:52:44.736953,2024-12-31 21:54:43.156669,0 days 00:01:58.419716,5,85,45.0,,,,,,,,,,,15.0,50.0,165.0,,,,,,COMPLETE
72,72,0.8525382840470327,2024-12-31 21:54:43.157396,2024-12-31 21:57:27.579192,0 days 00:02:44.421796,6,95,20.0,,,,,,,,,,,135.0,75.0,110.0,190.0,,,,,COMPLETE
73,73,0.8798243860046631,2024-12-31 21:57:27.579924,2024-12-31 21:58:52.951336,0 days 00:01:25.371412,3,105,35.0,,,,,,,,,,,100.0,,,,,,,,COMPLETE
74,74,0.8755490347253387,2024-12-31 21:58:52.952034,2024-12-31 21:59:44.991222,0 days 00:00:52.039188,1,105,,,,,,,,,,,,,,,,,,,,COMPLETE
75,75,0.8716898273451708,2024-12-31 21:59:44.991896,2024-12-31 22:01:34.800513,0 days 00:01:49.808617,3,115,110.0,,,,,,,,,,,115.0,,,,,,,,COMPLETE
76,76,0.8761276140203409,2024-12-31 22:01:34.801207,2024-12-31 22:02:20.720734,0 days 00:00:45.919527,2,20,50.0,,,,,,,,,,,,,,,,,,,COMPLETE
77,77,0.8786592458413798,2024-12-31 22:02:20.721422,2024-12-31 22:03:29.891817,0 days 00:01:09.170395,3,35,35.0,,,,,,,,,,,100.0,,,,,,,,COMPLETE
78,78,0.8768927296551523,2024-12-31 22:03:29.892528,2024-12-31 22:05:49.077360,0 days 00:02:19.184832,4,130,145.0,,,,,,,,,,,150.0,20.0,,,,,,,COMPLETE
79,79,0.8641658394864188,2024-12-31 22:05:49.078083,2024-12-31 22:09:10.252112,0 days 00:03:21.174029,9,70,70.0,,,,,,,,,,,5.0,90.0,5.0,55.0,70.0,145.0,175.0,,COMPLETE
80,80,0.8068634449416063,2024-12-31 22:09:10.252888,2024-12-31 22:09:45.245441,0 days 00:00:34.992553,1,25,,,,,,,,,,,,,,,,,,,,COMPLETE
81,81,0.8624233209484604,2024-12-31 22:09:45.246001,2024-12-31 22:12:16.114699,0 days 00:02:30.868698,5,80,10.0,,,,,,,,,,,90.0,140.0,190.0,,,,,,COMPLETE
82,82,0.8802704041032067,2024-12-31 22:12:16.115442,2024-12-31 22:13:30.979094,0 days 00:01:14.863652,3,90,25.0,,,,,,,,,,,65.0,,,,,,,,COMPLETE
83,83,0.872150747951274,2024-12-31 22:13:30.979818,2024-12-31 22:14:44.265630,0 days 00:01:13.285812,3,100,25.0,,,,,,,,,,,55.0,,,,,,,,COMPLETE
84,84,0.8766846968672526,2024-12-31 22:14:44.266337,2024-12-31 22:16:19.711960,0 days 00:01:35.445623,4,85,35.0,,,,,,,,,,,70.0,75.0,,,,,,,COMPLETE
85,85,0.8194479303536213,2024-12-31 22:16:19.712784,2024-12-31 22:17:19.693291,0 days 00:00:59.980507,2,75,45.0,,,,,,,,,,,,,,,,,,,COMPLETE
86,86,0.8692968975856674,2024-12-31 22:17:19.693988,2024-12-31 22:18:00.307273,0 days 00:00:40.613285,1,50,,,,,,,,,,,,,,,,,,,,COMPLETE
87,87,0.8530102177925591,2024-12-31 22:18:00.307965,2024-12-31 22:20:06.967887,0 days 00:02:06.659922,7,60,10.0,,,,,,,,,,,35.0,110.0,35.0,25.0,110.0,,,,COMPLETE
88,88,0.8721543517945917,2024-12-31 22:20:06.968645,2024-12-31 22:21:10.876153,0 days 00:01:03.907508,2,90,55.0,,,,,,,,,,,,,,,,,,,COMPLETE
89,89,0.8151077694235589,2024-12-31 22:21:10.876852,2024-12-31 22:22:39.625648,0 days 00:01:28.748796,3,10,125.0,,,,,,,,,,,125.0,,,,,,,,COMPLETE
90,90,0.0,2024-12-31 22:22:39.626364,2024-12-31 22:27:39.800446,0 days 00:05:00.174082,15,65,30.0,30.0,195.0,135.0,5.0,5.0,,,,,,105.0,25.0,190.0,135.0,40.0,90.0,130.0,35.0,COMPLETE
91,91,0.8753657887151461,2024-12-31 22:27:39.801304,2024-12-31 22:30:02.248020,0 days 00:02:22.446716,5,110,5.0,,,,,,,,,,,80.0,185.0,95.0,,,,,,COMPLETE
92,92,0.8779177888793291,2024-12-31 22:30:02.248753,2024-12-31 22:31:59.624812,0 days 00:01:57.376059,4,80,20.0,,,,,,,,,,,95.0,200.0,,,,,,,COMPLETE
93,93,0.8744105645516413,2024-12-31 22:31:59.625547,2024-12-31 22:35:00.485042,0 days 00:03:00.859495,6,90,25.0,,,,,,,,,,,85.0,160.0,150.0,115.0,,,,,COMPLETE
94,94,0.8781188017172439,2024-12-31 22:35:00.485805,2024-12-31 22:36:14.167495,0 days 00:01:13.681690,3,100,15.0,,,,,,,,,,,65.0,,,,,,,,COMPLETE
95,95,0.86534968898458,2024-12-31 22:36:14.168203,2024-12-31 22:37:38.414018,0 days 00:01:24.245815,4,70,40.0,,,,,,,,,,,50.0,55.0,,,,,,,COMPLETE
96,96,0.8787773398253342,2024-12-31 22:37:38.414742,2024-12-31 22:40:04.812387,0 days 00:02:26.397645,5,95,30.0,,,,,,,,,,,75.0,170.0,110.0,,,,,,COMPLETE
97,97,0.2807350276284478,2024-12-31 22:40:04.813132,2024-12-31 22:44:52.097257,0 days 00:04:47.284125,10,115,10.0,,,,,,,,,,,95.0,120.0,170.0,90.0,165.0,60.0,180.0,170.0,COMPLETE
98,98,0.6235286131590677,2024-12-31 22:44:52.098815,2024-12-31 22:48:14.748063,0 days 00:03:22.649248,8,110,50.0,,,,,,,,,,,85.0,150.0,70.0,65.0,65.0,175.0,,,COMPLETE
99,99,0.5699749697704564,2024-12-31 22:48:14.748855,2024-12-31 22:53:09.432820,0 days 00:04:54.683965,12,55,20.0,170.0,125.0,,,,,,,,,160.0,40.0,90.0,165.0,20.0,135.0,100.0,145.0,COMPLETE
100,100,0.8789002194397831,2024-12-31 22:53:09.433645,2024-12-31 22:53:53.882248,0 days 00:00:44.448603,1,65,,,,,,,,,,,,,,,,,,,,COMPLETE
101,101,0.8288774183554596,2024-12-31 22:53:53.882950,2024-12-31 22:54:38.193853,0 days 00:00:44.310903,1,65,,,,,,,,,,,,,,,,,,,,COMPLETE
102,102,0.8600533668183958,2024-12-31 22:54:38.194554,2024-12-31 22:55:35.359038,0 days 00:00:57.164484,2,75,35.0,,,,,,,,,,,,,,,,,,,COMPLETE
103,103,0.8194913053794559,2024-12-31 22:55:35.359742,2024-12-31 22:56:15.034255,0 days 00:00:39.674513,1,45,,,,,,,,,,,,,,,,,,,,COMPLETE
104,104,0.8791430432792195,2024-12-31 22:56:15.034961,2024-12-31 22:57:21.038868,0 days 00:01:06.003907,3,60,40.0,,,,,,,,,,,60.0,,,,,,,,COMPLETE
105,105,0.8723891403526522,2024-12-31 22:57:21.039594,2024-12-31 22:59:00.790994,0 days 00:01:39.751400,4,40,40.0,,,,,,,,,,,60.0,175.0,,,,,,,COMPLETE
106,106,0.8724483432042885,2024-12-31 22:59:00.791713,2024-12-31 23:00:35.104242,0 days 00:01:34.312529,3,175,30.0,,,,,,,,,,,70.0,,,,,,,,COMPLETE
107,107,0.8764919017574112,2024-12-31 23:00:35.105008,2024-12-31 23:02:48.590859,0 days 00:02:13.485851,5,50,25.0,,,,,,,,,,,45.0,160.0,155.0,,,,,,COMPLETE
108,108,0.8723258377374372,2024-12-31 23:02:48.591545,2024-12-31 23:03:54.768811,0 days 00:01:06.177266,2,85,65.0,,,,,,,,,,,,,,,,,,,COMPLETE
109,109,0.757942989098006,2024-12-31 23:03:54.769868,2024-12-31 23:05:00.218330,0 days 00:01:05.448462,3,10,115.0,,,,,,,,,,,25.0,,,,,,,,COMPLETE
110,110,0.8913202879126928,2024-12-31 23:05:00.219035,2024-12-31 23:06:09.519688,0 days 00:01:09.300653,4,20,5.0,,,,,,,,,,,60.0,80.0,,,,,,,COMPLETE
111,111,0.8914362049960209,2024-12-31 23:06:09.520377,2024-12-31 23:07:21.568015,0 days 00:01:12.047638,4,20,5.0,,,,,,,,,,,60.0,85.0,,,,,,,COMPLETE
112,112,0.8774545893472603,2024-12-31 23:07:21.568704,2024-12-31 23:08:38.083593,0 days 00:01:16.514889,4,20,5.0,,,,,,,,,,,90.0,80.0,,,,,,,COMPLETE
113,113,0.8650471882057413,2024-12-31 23:08:38.084291,2024-12-31 23:10:05.262426,0 days 00:01:27.178135,5,25,10.0,,,,,,,,,,,75.0,90.0,20.0,,,,,,COMPLETE
114,114,0.8640385625209781,2024-12-31 23:10:05.263142,2024-12-31 23:11:15.969525,0 days 00:01:10.706383,4,10,15.0,,,,,,,,,,,55.0,70.0,,,,,,,COMPLETE
115,115,0.8787382648321425,2024-12-31 23:11:15.970207,2024-12-31 23:13:41.574808,0 days 00:02:25.604601,6,30,20.0,,,,,,,,,,,105.0,60.0,130.0,140.0,,,,,COMPLETE
116,116,0.8940508394215203,2024-12-31 23:13:41.575533,2024-12-31 23:15:03.822330,0 days 00:01:22.246797,4,35,5.0,,,,,,,,,,,80.0,100.0,,,,,,,COMPLETE
117,117,0.8868095771073403,2024-12-31 23:15:03.823051,2024-12-31 23:16:25.751767,0 days 00:01:21.928716,4,35,5.0,,,,,,,,,,,65.0,105.0,,,,,,,COMPLETE
118,118,0.8755102694557845,2024-12-31 23:16:25.752454,2024-12-31 23:17:47.914392,0 days 00:01:22.161938,4,35,5.0,,,,,,,,,,,65.0,105.0,,,,,,,COMPLETE
119,119,0.8882221177971895,2024-12-31 23:17:47.915113,2024-12-31 23:19:27.696467,0 days 00:01:39.781354,6,20,15.0,,,,,,,,,,,65.0,95.0,45.0,15.0,,,,,COMPLETE
120,120,0.8575856347486458,2024-12-31 23:19:27.697915,2024-12-31 23:21:00.709953,0 days 00:01:33.012038,6,15,15.0,,,,,,,,,,,45.0,100.0,45.0,10.0,,,,,COMPLETE
121,121,0.883627741888489,2024-12-31 23:21:00.710675,2024-12-31 23:22:24.368464,0 days 00:01:23.657789,5,20,10.0,,,,,,,,,,,70.0,85.0,20.0,,,,,,COMPLETE
122,122,0.8664203517015381,2024-12-31 23:22:24.369176,2024-12-31 23:23:48.183611,0 days 00:01:23.814435,5,20,10.0,,,,,,,,,,,80.0,80.0,25.0,,,,,,COMPLETE
123,123,0.8728514424364846,2024-12-31 23:23:48.184310,2024-12-31 23:25:15.795357,0 days 00:01:27.611047,5,25,5.0,,,,,,,,,,,60.0,90.0,45.0,,,,,,COMPLETE
124,124,0.8824424100879755,2024-12-31 23:25:15.796077,2024-12-31 23:27:14.191520,0 days 00:01:58.395443,4,30,190.0,,,,,,,,,,,70.0,95.0,,,,,,,COMPLETE
125,125,0.8786213068024714,2024-12-31 23:27:14.192212,2024-12-31 23:28:30.027599,0 days 00:01:15.835387,4,30,5.0,,,,,,,,,,,50.0,95.0,,,,,,,COMPLETE
126,126,0.8501374259026,2024-12-31 23:28:30.028290,2024-12-31 23:30:20.508076,0 days 00:01:50.479786,7,35,10.0,,,,,,,,,,,70.0,85.0,20.0,45.0,35.0,,,,COMPLETE
127,127,0.8699439622901163,2024-12-31 23:30:20.508814,2024-12-31 23:32:07.548291,0 days 00:01:47.039477,5,40,15.0,,,,,,,,,,,75.0,110.0,70.0,,,,,,COMPLETE
128,128,0.8699270864031629,2024-12-31 23:32:07.549003,2024-12-31 23:33:42.964518,0 days 00:01:35.415515,6,15,10.0,,,,,,,,,,,35.0,95.0,60.0,25.0,,,,,COMPLETE
129,129,0.8771731175452213,2024-12-31 23:33:42.965291,2024-12-31 23:35:28.831199,0 days 00:01:45.865908,4,20,200.0,,,,,,,,,,,55.0,75.0,,,,,,,COMPLETE
130,130,0.8810663692516609,2024-12-31 23:35:28.831898,2024-12-31 23:37:13.542187,0 days 00:01:44.710289,4,5,190.0,,,,,,,,,,,60.0,105.0,,,,,,,COMPLETE
131,131,0.8171031493282742,2024-12-31 23:37:13.542901,2024-12-31 23:39:00.749375,0 days 00:01:47.206474,4,5,190.0,,,,,,,,,,,60.0,105.0,,,,,,,COMPLETE
132,132,0.87232473546342,2024-12-31 23:39:00.750081,2024-12-31 23:40:57.851033,0 days 00:01:57.100952,4,30,190.0,,,,,,,,,,,70.0,85.0,,,,,,,COMPLETE
133,133,0.8744246819143892,2024-12-31 23:40:57.851724,2024-12-31 23:43:05.513772,0 days 00:02:07.662048,5,5,180.0,,,,,,,,,,,80.0,100.0,80.0,,,,,,COMPLETE
134,134,0.8683625590872495,2024-12-31 23:43:05.514478,2024-12-31 23:45:21.187815,0 days 00:02:15.673337,6,10,195.0,,,,,,,,,,,65.0,70.0,10.0,95.0,,,,,COMPLETE
135,135,0.85583675729818,2024-12-31 23:45:21.188555,2024-12-31 23:46:55.499750,0 days 00:01:34.311195,4,15,100.0,,,,,,,,,,,50.0,110.0,,,,,,,COMPLETE
136,136,0.8304469471830536,2024-12-31 23:46:55.500448,2024-12-31 23:47:44.588559,0 days 00:00:49.088111,3,25,5.0,,,,,,,,,,,40.0,,,,,,,,COMPLETE
137,137,0.8241229374979051,2024-12-31 23:47:44.589499,2024-12-31 23:48:26.539656,0 days 00:00:41.950157,2,25,15.0,,,,,,,,,,,,,,,,,,,COMPLETE
138,138,0.08497536945812807,2024-12-31 23:48:26.540312,2024-12-31 23:50:41.019993,0 days 00:02:14.479681,5,35,185.0,,,,,,,,,,,75.0,95.0,25.0,,,,,,COMPLETE
139,139,0.8790913185851009,2024-12-31 23:50:41.020702,2024-12-31 23:52:07.440946,0 days 00:01:26.420244,3,20,170.0,,,,,,,,,,,65.0,,,,,,,,COMPLETE
140,140,0.8723818107408412,2024-12-31 23:52:07.441620,2024-12-31 23:53:40.921019,0 days 00:01:33.479399,4,15,90.0,,,,,,,,,,,55.0,120.0,,,,,,,COMPLETE
141,141,0.8754499234040434,2024-12-31 23:53:40.921723,2024-12-31 23:55:51.862267,0 days 00:02:10.940544,4,40,175.0,,,,,,,,,,,145.0,80.0,,,,,,,COMPLETE
142,142,0.8764903435182793,2024-12-31 23:55:51.862975,2024-12-31 23:57:20.327216,0 days 00:01:28.464241,3,30,160.0,,,,,,,,,,,70.0,,,,,,,,COMPLETE
143,143,0.8784621582373804,2024-12-31 23:57:20.327944,2024-12-31 23:59:36.792731,0 days 00:02:16.464787,5,45,180.0,,,,,,,,,,,90.0,85.0,45.0,,,,,,COMPLETE
144,144,0.3827227715342064,2024-12-31 23:59:36.793431,2025-01-01 00:03:44.352267,0 days 00:04:07.558836,11,25,130.0,105.0,,,,,,,,,,160.0,90.0,105.0,60.0,180.0,20.0,30.0,100.0,COMPLETE
145,145,0.8782373260134959,2025-01-01 00:03:44.353047,2025-01-01 00:05:56.417088,0 days 00:02:12.064041,4,35,140.0,,,,,,,,,,,180.0,75.0,,,,,,,COMPLETE
146,146,0.8733269788873614,2025-01-01 00:05:56.417808,2025-01-01 00:07:12.608415,0 days 00:01:16.190607,5,5,5.0,,,,,,,,,,,60.0,80.0,30.0,,,,,,COMPLETE
147,147,0.8652361603698733,2025-01-01 00:07:12.609120,2025-01-01 00:08:19.212074,0 days 00:01:06.602954,3,50,15.0,,,,,,,,,,,85.0,,,,,,,,COMPLETE
148,148,0.2951245672189845,2025-01-01 00:08:19.213024,2025-01-01 00:12:32.508256,0 days 00:04:13.295232,12,20,185.0,135.0,40.0,,,,,,,,,135.0,65.0,5.0,35.0,125.0,115.0,65.0,75.0,COMPLETE
149,149,0.8755122814497063,2025-01-01 00:12:32.509059,2025-01-01 00:15:40.494614,0 days 00:03:07.985555,4,200,195.0,,,,,,,,,,,150.0,100.0,,,,,,,COMPLETE
150,150,0.8801298613060113,2025-01-01 00:15:40.495324,2025-01-01 00:17:18.204292,0 days 00:01:37.708968,5,10,20.0,,,,,,,,,,,70.0,115.0,55.0,,,,,,COMPLETE
151,151,0.8389521736537551,2025-01-01 00:17:18.205019,2025-01-01 00:18:17.656081,0 days 00:00:59.451062,3,30,10.0,,,,,,,,,,,75.0,,,,,,,,COMPLETE
152,152,0.85581801328409,2025-01-01 00:18:17.656778,2025-01-01 00:19:04.881789,0 days 00:00:47.225011,2,55,10.0,,,,,,,,,,,,,,,,,,,COMPLETE
153,153,0.5385456547899852,2025-01-01 00:19:04.882366,2025-01-01 00:21:09.466829,0 days 00:02:04.584463,8,20,25.0,,,,,,,,,,,45.0,65.0,15.0,80.0,105.0,60.0,,,COMPLETE
154,154,0.8827037755470919,2025-01-01 00:21:09.467569,2025-01-01 00:23:04.124021,0 days 00:01:54.656452,4,45,150.0,,,,,,,,,,,80.0,90.0,,,,,,,COMPLETE
155,155,0.8768453686519319,2025-01-01 00:23:04.124718,2025-01-01 00:24:59.003611,0 days 00:01:54.878893,4,45,155.0,,,,,,,,,,,80.0,90.0,,,,,,,COMPLETE
156,156,0.8785114198572012,2025-01-01 00:24:59.004311,2025-01-01 00:27:01.048357,0 days 00:02:02.044046,4,35,150.0,,,,,,,,,,,115.0,95.0,,,,,,,COMPLETE
157,157,0.8748504256782146,2025-01-01 00:27:01.049057,2025-01-01 00:29:44.363752,0 days 00:02:43.314695,5,50,160.0,,,,,,,,,,,170.0,105.0,65.0,,,,,,COMPLETE
158,158,0.8495548193596905,2025-01-01 00:29:44.364459,2025-01-01 00:32:03.440639,0 days 00:02:19.076180,6,25,170.0,,,,,,,,,,,80.0,85.0,40.0,115.0,,,,,COMPLETE
159,159,0.8705749619500094,2025-01-01 00:32:03.441350,2025-01-01 00:33:42.574295,0 days 00:01:39.132945,4,40,165.0,,,,,,,,,,,10.0,95.0,,,,,,,COMPLETE
160,160,0.8041009336066882,2025-01-01 00:33:42.574994,2025-01-01 00:34:42.205060,0 days 00:00:59.630066,3,30,5.0,,,,,,,,,,,85.0,,,,,,,,COMPLETE
161,161,0.8788764737324114,2025-01-01 00:34:42.205740,2025-01-01 00:35:44.309001,0 days 00:01:02.103261,3,45,15.0,,,,,,,,,,,65.0,,,,,,,,COMPLETE
162,162,0.8763940793597722,2025-01-01 00:35:44.309694,2025-01-01 00:37:14.460531,0 days 00:01:30.150837,4,55,10.0,,,,,,,,,,,60.0,130.0,,,,,,,COMPLETE
163,163,0.8458589286545621,2025-01-01 00:37:14.461233,2025-01-01 00:37:58.744287,0 days 00:00:44.283054,2,40,20.0,,,,,,,,,,,,,,,,,,,COMPLETE
164,164,0.8692742338027951,2025-01-01 00:37:58.744980,2025-01-01 00:39:20.520518,0 days 00:01:21.775538,4,60,5.0,,,,,,,,,,,75.0,70.0,,,,,,,COMPLETE
165,165,0.548231197760542,2025-01-01 00:39:20.521230,2025-01-01 00:41:59.113709,0 days 00:02:38.592479,9,15,20.0,,,,,,,,,,,55.0,80.0,80.0,5.0,90.0,155.0,80.0,,COMPLETE
166,166,0.8766402321662832,2025-01-01 00:41:59.114465,2025-01-01 00:44:42.259517,0 days 00:02:43.145052,5,150,145.0,,,,,,,,,,,65.0,90.0,100.0,,,,,,COMPLETE
167,167,0.871088898937034,2025-01-01 00:44:42.260252,2025-01-01 00:45:38.515511,0 days 00:00:56.255259,3,25,10.0,,,,,,,,,,,65.0,,,,,,,,COMPLETE
168,168,0.875541161763056,2025-01-01 00:45:38.516242,2025-01-01 00:48:08.850733,0 days 00:02:30.334491,5,35,175.0,,,,,,,,,,,155.0,75.0,55.0,,,,,,COMPLETE
169,169,0.8518289072839396,2025-01-01 00:48:08.851460,2025-01-01 00:49:28.108386,0 days 00:01:19.256926,3,10,130.0,,,,,,,,,,,70.0,,,,,,,,COMPLETE
170,170,0.8145600988201607,2025-01-01 00:49:28.109092,2025-01-01 00:50:39.844934,0 days 00:01:11.735842,2,20,200.0,,,,,,,,,,,,,,,,,,,COMPLETE
171,171,0.8741555004016234,2025-01-01 00:50:39.845625,2025-01-01 00:52:16.887803,0 days 00:01:37.042178,5,10,20.0,,,,,,,,,,,80.0,115.0,50.0,,,,,,COMPLETE
172,172,0.8789075086766646,2025-01-01 00:52:16.888533,2025-01-01 00:53:37.860260,0 days 00:01:20.971727,4,5,15.0,,,,,,,,,,,70.0,115.0,,,,,,,COMPLETE
173,173,0.8699747427770449,2025-01-01 00:53:37.860988,2025-01-01 00:55:02.621222,0 days 00:01:24.760234,4,15,25.0,,,,,,,,,,,70.0,110.0,,,,,,,COMPLETE
174,174,0.8510039882040568,2025-01-01 00:55:02.621938,2025-01-01 00:56:27.084713,0 days 00:01:24.462775,5,5,5.0,,,,,,,,,,,60.0,100.0,55.0,,,,,,COMPLETE
175,175,0.04113863874061095,2025-01-01 00:56:27.085431,2025-01-01 01:01:51.822948,0 days 00:05:24.737517,18,15,10.0,40.0,115.0,5.0,170.0,145.0,95.0,90.0,10.0,,,50.0,105.0,30.0,20.0,200.0,25.0,170.0,25.0,COMPLETE
176,176,0.8771695309375355,2025-01-01 01:01:51.823830,2025-01-01 01:03:36.776249,0 days 00:01:44.952419,4,30,110.0,,,,,,,,,,,95.0,90.0,,,,,,,COMPLETE
177,177,0.8580710670054621,2025-01-01 01:03:36.776976,2025-01-01 01:04:08.862352,0 days 00:00:32.085376,1,10,,,,,,,,,,,,,,,,,,,,COMPLETE
178,178,0.8608358980697958,2025-01-01 01:04:08.863015,2025-01-01 01:06:23.609529,0 days 00:02:14.746514,6,25,80.0,,,,,,,,,,,75.0,85.0,15.0,185.0,,,,,COMPLETE
179,179,0.8850086386792847,2025-01-01 01:06:23.610254,2025-01-01 01:08:35.496061,0 days 00:02:11.885807,5,10,185.0,,,,,,,,,,,60.0,165.0,40.0,,,,,,COMPLETE
180,180,0.875674261089443,2025-01-01 01:08:35.496787,2025-01-01 01:10:04.782766,0 days 00:01:29.285979,3,30,190.0,,,,,,,,,,,55.0,,,,,,,,COMPLETE
181,181,0.4345393709643596,2025-01-01 01:10:04.783470,2025-01-01 01:15:28.921454,0 days 00:05:24.137984,14,10,185.0,85.0,165.0,55.0,60.0,,,,,,,65.0,165.0,30.0,70.0,150.0,45.0,135.0,105.0,COMPLETE
182,182,0.7872804049337674,2025-01-01 01:15:28.922285,2025-01-01 01:18:45.121216,0 days 00:03:16.198931,7,20,195.0,,,,,,,,,,,70.0,160.0,50.0,160.0,130.0,,,,COMPLETE
183,183,0.8819770501438637,2025-01-01 01:18:45.121950,2025-01-01 01:20:18.529019,0 days 00:01:33.407069,5,10,5.0,,,,,,,,,,,60.0,145.0,40.0,,,,,,COMPLETE
184,184,0.8762975252743527,2025-01-01 01:20:18.529767,2025-01-01 01:21:59.305411,0 days 00:01:40.775644,5,15,10.0,,,,,,,,,,,55.0,165.0,35.0,,,,,,COMPLETE
185,185,0.8748600941900768,2025-01-01 01:21:59.306157,2025-01-01 01:23:58.054366,0 days 00:01:58.748209,4,5,180.0,,,,,,,,,,,60.0,175.0,,,,,,,COMPLETE
186,186,0.8303906426572105,2025-01-01 01:23:58.055081,2025-01-01 01:25:27.467299,0 days 00:01:29.412218,4,45,5.0,,,,,,,,,,,60.0,145.0,,,,,,,COMPLETE
187,187,0.8681278925476501,2025-01-01 01:25:27.468106,2025-01-01 01:27:34.902449,0 days 00:02:07.434343,5,20,140.0,,,,,,,,,,,50.0,155.0,65.0,,,,,,COMPLETE
188,188,0.8718908754260628,2025-01-01 01:27:34.903181,2025-01-01 01:29:47.854861,0 days 00:02:12.951680,6,35,5.0,,,,,,,,,,,65.0,180.0,40.0,105.0,,,,,COMPLETE
189,189,0.8721367776210616,2025-01-01 01:29:47.855601,2025-01-01 01:31:46.475844,0 days 00:01:58.620243,4,50,190.0,,,,,,,,,,,20.0,150.0,,,,,,,COMPLETE
190,190,0.857286974328147,2025-01-01 01:31:46.476551,2025-01-01 01:32:54.083640,0 days 00:01:07.607089,3,60,15.0,,,,,,,,,,,85.0,,,,,,,,COMPLETE
191,191,0.8339467804236922,2025-01-01 01:32:54.084332,2025-01-01 01:34:23.761573,0 days 00:01:29.677241,5,10,20.0,,,,,,,,,,,70.0,95.0,40.0,,,,,,COMPLETE
192,192,0.7998390040545689,2025-01-01 01:34:23.762299,2025-01-01 01:36:25.149831,0 days 00:02:01.387532,5,5,120.0,,,,,,,,,,,75.0,170.0,25.0,,,,,,COMPLETE
193,193,0.8973352412041999,2025-01-01 01:36:25.150554,2025-01-01 01:38:03.138429,0 days 00:01:37.987875,4,15,5.0,,,,,,,,,,,125.0,135.0,,,,,,,COMPLETE
194,194,0.786931629187031,2025-01-01 01:38:03.139141,2025-01-01 01:39:25.789030,0 days 00:01:22.649889,4,15,5.0,,,,,,,,,,,125.0,80.0,,,,,,,COMPLETE
195,195,0.791641677742319,2025-01-01 01:39:25.789744,2025-01-01 01:41:08.264170,0 days 00:01:42.474426,4,20,10.0,,,,,,,,,,,140.0,140.0,,,,,,,COMPLETE
196,196,0.8524886835150192,2025-01-01 01:41:08.264914,2025-01-01 01:42:50.829165,0 days 00:01:42.564251,4,25,5.0,,,,,,,,,,,125.0,155.0,,,,,,,COMPLETE
197,197,0.6547721853134844,2025-01-01 01:42:50.829880,2025-01-01 01:43:23.495772,0 days 00:00:32.665892,1,20,,,,,,,,,,,,,,,,,,,,COMPLETE
198,198,0.8861978572240474,2025-01-01 01:43:23.496432,2025-01-01 01:44:33.829631,0 days 00:01:10.333199,3,15,15.0,,,,,,,,,,,150.0,,,,,,,,COMPLETE
199,199,0.8794210535349548,2025-01-01 01:44:33.830322,2025-01-01 01:46:26.836661,0 days 00:01:53.006339,5,15,15.0,,,,,,,,,,,145.0,140.0,20.0,,,,,,COMPLETE
200,200,0.8921620934959349,2025-01-01 01:46:26.837387,2025-01-01 01:48:11.695059,0 days 00:01:44.857672,4,15,10.0,,,,,,,,,,,155.0,130.0,,,,,,,COMPLETE
201,201,0.8702259646398572,2025-01-01 01:48:11.695766,2025-01-01 01:49:59.704363,0 days 00:01:48.008597,4,15,10.0,,,,,,,,,,,155.0,145.0,,,,,,,COMPLETE
202,202,0.8777613429243355,2025-01-01 01:49:59.705104,2025-01-01 01:51:42.217852,0 days 00:01:42.512748,4,10,5.0,,,,,,,,,,,155.0,135.0,,,,,,,COMPLETE
203,203,0.8813665803565234,2025-01-01 01:51:42.218574,2025-01-01 01:53:32.470089,0 days 00:01:50.251515,3,25,185.0,,,,,,,,,,,150.0,,,,,,,,COMPLETE
204,204,0.8704289563618317,2025-01-01 01:53:32.470784,2025-01-01 01:54:41.847236,0 days 00:01:09.376452,3,25,15.0,,,,,,,,,,,135.0,,,,,,,,COMPLETE
205,205,0.8757036546171587,2025-01-01 01:54:41.847953,2025-01-01 01:55:54.181002,0 days 00:01:12.333049,2,25,185.0,,,,,,,,,,,,,,,,,,,COMPLETE
206,206,0.8785780550028686,2025-01-01 01:55:54.181698,2025-01-01 01:57:47.999376,0 days 00:01:53.817678,3,15,195.0,,,,,,,,,,,150.0,,,,,,,,COMPLETE
207,207,0.8647750461151491,2025-01-01 01:57:48.000099,2025-01-01 01:58:50.434246,0 days 00:01:02.434147,3,20,10.0,,,,,,,,,,,115.0,,,,,,,,COMPLETE
208,208,0.8837258558504681,2025-01-01 01:58:50.434953,2025-01-01 02:00:32.506746,0 days 00:01:42.071793,4,30,5.0,,,,,,,,,,,145.0,125.0,,,,,,,COMPLETE
209,209,0.819953936614942,2025-01-01 02:00:32.507466,2025-01-01 02:01:41.051515,0 days 00:01:08.544049,3,30,5.0,,,,,,,,,,,145.0,,,,,,,,COMPLETE
210,210,0.8630696351835598,2025-01-01 02:01:41.052221,2025-01-01 02:03:14.673001,0 days 00:01:33.620780,4,25,10.0,,,,,,,,,,,110.0,125.0,,,,,,,COMPLETE
211,211,0.8772947427285192,2025-01-01 02:03:14.673722,2025-01-01 02:04:56.465840,0 days 00:01:41.792118,4,30,5.0,,,,,,,,,,,145.0,125.0,,,,,,,COMPLETE
212,212,0.8155599210012123,2025-01-01 02:04:56.466561,2025-01-01 02:06:52.271962,0 days 00:01:55.805401,5,40,10.0,,,,,,,,,,,160.0,130.0,15.0,,,,,,COMPLETE
213,213,0.8660126251129084,2025-01-01 02:06:52.272696,2025-01-01 02:08:49.308985,0 days 00:01:57.036289,4,35,15.0,,,,,,,,,,,165.0,150.0,,,,,,,COMPLETE
214,214,0.841092692704569,2025-01-01 02:08:49.309720,2025-01-01 02:09:53.136242,0 days 00:01:03.826522,3,10,5.0,,,,,,,,,,,135.0,,,,,,,,COMPLETE
215,215,0.8717464708332805,2025-01-01 02:09:53.136965,2025-01-01 02:11:32.973596,0 days 00:01:39.836631,4,20,10.0,,,,,,,,,,,140.0,130.0,,,,,,,COMPLETE
216,216,0.877256682399332,2025-01-01 02:11:32.974317,2025-01-01 02:13:49.160419,0 days 00:02:16.186102,5,15,60.0,,,,,,,,,,,150.0,100.0,140.0,,,,,,COMPLETE
217,217,0.8820292312669067,2025-01-01 02:13:49.161165,2025-01-01 02:16:07.746940,0 days 00:02:18.585775,4,5,190.0,,,,,,,,,,,140.0,135.0,,,,,,,COMPLETE
218,218,0.8823022448793951,2025-01-01 02:16:07.747685,2025-01-01 02:18:28.215549,0 days 00:02:20.467864,5,5,190.0,,,,,,,,,,,130.0,135.0,5.0,,,,,,COMPLETE
219,219,0.7179484746714709,2025-01-01 02:18:28.216285,2025-01-01 02:21:18.016656,0 days 00:02:49.800371,6,5,190.0,,,,,,,,,,,120.0,140.0,5.0,200.0,,,,,COMPLETE
220,220,0.8832152383182091,2025-01-01 02:21:18.017400,2025-01-01 02:23:35.504081,0 days 00:02:17.486681,5,5,185.0,,,,,,,,,,,130.0,125.0,10.0,,,,,,COMPLETE
221,221,0.8843577063950049,2025-01-01 02:23:35.504858,2025-01-01 02:25:58.464788,0 days 00:02:22.959930,5,5,185.0,,,,,,,,,,,150.0,125.0,10.0,,,,,,COMPLETE
222,222,0.8767940366409046,2025-01-01 02:25:58.465549,2025-01-01 02:28:16.305312,0 days 00:02:17.839763,5,5,185.0,,,,,,,,,,,125.0,135.0,15.0,,,,,,COMPLETE
223,223,0.8576251727056177,2025-01-01 02:28:16.306056,2025-01-01 02:31:05.323609,0 days 00:02:49.017553,6,10,180.0,,,,,,,,,,,130.0,125.0,10.0,145.0,,,,,COMPLETE
224,224,0.8900533936352419,2025-01-01 02:31:05.324373,2025-01-01 02:33:22.688734,0 days 00:02:17.364361,5,5,175.0,,,,,,,,,,,140.0,130.0,5.0,,,,,,COMPLETE
225,225,0.8782034128871226,2025-01-01 02:33:22.689473,2025-01-01 02:35:38.344453,0 days 00:02:15.654980,5,5,180.0,,,,,,,,,,,140.0,130.0,5.0,,,,,,COMPLETE
226,226,0.8721301776404206,2025-01-01 02:35:38.345200,2025-01-01 02:38:00.399030,0 days 00:02:22.053830,5,10,175.0,,,,,,,,,,,140.0,135.0,10.0,,,,,,COMPLETE
227,227,0.87066140682677,2025-01-01 02:38:00.399783,2025-01-01 02:40:24.107938,0 days 00:02:23.708155,5,10,195.0,,,,,,,,,,,135.0,120.0,25.0,,,,,,COMPLETE
228,228,0.8898217801136878,2025-01-01 02:40:24.108687,2025-01-01 02:43:05.510201,0 days 00:02:41.401514,6,5,185.0,,,,,,,,,,,150.0,135.0,20.0,45.0,,,,,COMPLETE
229,229,0.45966410070205854,2025-01-01 02:43:05.510967,2025-01-01 02:45:41.644656,0 days 00:02:36.133689,6,5,190.0,,,,,,,,,,,130.0,135.0,20.0,15.0,,,,,COMPLETE
230,230,0.8121825099571407,2025-01-01 02:45:41.645414,2025-01-01 02:48:21.053188,0 days 00:02:39.407774,6,5,185.0,,,,,,,,,,,155.0,125.0,10.0,50.0,,,,,COMPLETE
231,231,0.8777881159791117,2025-01-01 02:48:21.053783,2025-01-01 02:51:14.085969,0 days 00:02:53.032186,5,140,185.0,,,,,,,,,,,150.0,130.0,5.0,,,,,,COMPLETE
232,232,0.8897613363643847,2025-01-01 02:51:14.086581,2025-01-01 02:53:57.401188,0 days 00:02:43.314607,7,10,185.0,,,,,,,,,,,145.0,140.0,15.0,35.0,20.0,,,,COMPLETE
233,233,0.8693676675738102,2025-01-01 02:53:57.401806,2025-01-01 02:56:40.795690,0 days 00:02:43.393884,7,10,180.0,,,,,,,,,,,145.0,140.0,15.0,30.0,25.0,,,,COMPLETE
234,234,0.8502093334821927,2025-01-01 02:56:40.796297,2025-01-01 02:59:15.466987,0 days 00:02:34.670690,6,5,195.0,,,,,,,,,,,145.0,135.0,20.0,35.0,,,,,COMPLETE
235,235,0.5552394895130928,2025-01-01 02:59:15.467588,2025-01-01 03:02:29.153100,0 days 00:03:13.685512,8,10,175.0,,,,,,,,,,,155.0,145.0,30.0,45.0,15.0,200.0,,,COMPLETE
236,236,0.8795753829567747,2025-01-01 03:02:29.153721,2025-01-01 03:05:13.272899,0 days 00:02:44.119178,7,15,195.0,,,,,,,,,,,145.0,130.0,10.0,20.0,30.0,,,,COMPLETE
237,237,0.8645388606828688,2025-01-01 03:05:13.273519,2025-01-01 03:07:30.231461,0 days 00:02:16.957942,5,5,190.0,,,,,,,,,,,130.0,120.0,25.0,,,,,,COMPLETE
238,238,0.5583183329714569,2025-01-01 03:07:30.232075,2025-01-01 03:10:00.281661,0 days 00:02:30.049586,7,15,200.0,,,,,,,,,,,140.0,140.0,5.0,5.0,70.0,,,,COMPLETE
239,239,0.8674707456430345,2025-01-01 03:10:00.282271,2025-01-01 03:12:31.909438,0 days 00:02:31.627167,6,10,185.0,,,,,,,,,,,135.0,125.0,15.0,55.0,,,,,COMPLETE
240,240,0.881121504145797,2025-01-01 03:12:31.910054,2025-01-01 03:15:04.086141,0 days 00:02:32.176087,5,5,190.0,,,,,,,,,,,160.0,170.0,20.0,,,,,,COMPLETE
241,241,0.8779470332640883,2025-01-01 03:15:04.086775,2025-01-01 03:17:35.167251,0 days 00:02:31.080476,5,15,185.0,,,,,,,,,,,150.0,135.0,35.0,,,,,,COMPLETE
242,242,0.8794253338729259,2025-01-01 03:17:35.167866,2025-01-01 03:19:55.163884,0 days 00:02:19.996018,4,10,180.0,,,,,,,,,,,150.0,145.0,,,,,,,COMPLETE
243,243,0.8797194950488907,2025-01-01 03:19:55.164488,2025-01-01 03:22:25.173243,0 days 00:02:30.008755,5,20,190.0,,,,,,,,,,,150.0,130.0,30.0,,,,,,COMPLETE
244,244,0.8273227027074559,2025-01-01 03:22:25.173857,2025-01-01 03:24:44.991423,0 days 00:02:19.817566,4,5,185.0,,,,,,,,,,,145.0,135.0,,,,,,,COMPLETE
245,245,0.8807781338876006,2025-01-01 03:24:44.992032,2025-01-01 03:26:26.459651,0 days 00:01:41.467619,4,15,5.0,,,,,,,,,,,140.0,160.0,,,,,,,COMPLETE
246,246,0.5197258526583226,2025-01-01 03:26:26.460254,2025-01-01 03:31:19.682609,0 days 00:04:53.222355,11,10,180.0,180.0,,,,,,,,,,155.0,165.0,5.0,75.0,50.0,185.0,190.0,20.0,COMPLETE
247,247,0.8745165495662998,2025-01-01 03:31:19.683258,2025-01-01 03:32:59.374019,0 days 00:01:39.690761,5,20,5.0,,,,,,,,,,,145.0,120.0,15.0,,,,,,COMPLETE
248,248,0.870375316281186,2025-01-01 03:32:59.374627,2025-01-01 03:34:53.273872,0 days 00:01:53.899245,6,5,175.0,,,,,,,,,,,30.0,125.0,25.0,40.0,,,,,COMPLETE
249,249,0.8784359569111664,2025-01-01 03:34:53.274491,2025-01-01 03:36:26.404840,0 days 00:01:33.130349,4,25,10.0,,,,,,,,,,,150.0,85.0,,,,,,,COMPLETE
250,250,0.8798985931054998,2025-01-01 03:36:26.405442,2025-01-01 03:38:45.184915,0 days 00:02:18.779473,4,15,190.0,,,,,,,,,,,135.0,140.0,,,,,,,COMPLETE
251,251,0.868087635807009,2025-01-01 03:38:45.185527,2025-01-01 03:40:20.244357,0 days 00:01:35.058830,5,10,5.0,,,,,,,,,,,65.0,150.0,40.0,,,,,,COMPLETE
252,252,0.17270825512434718,2025-01-01 03:40:20.244976,2025-01-01 03:43:56.281309,0 days 00:03:36.036333,13,20,10.0,85.0,80.0,135.0,,,,,,,,155.0,90.0,10.0,15.0,5.0,70.0,120.0,50.0,COMPLETE
253,253,0.841311201420766,2025-01-01 03:43:56.281988,2025-01-01 03:45:45.574296,0 days 00:01:49.292308,4,5,185.0,,,,,,,,,,,60.0,130.0,,,,,,,COMPLETE
254,254,0.868558189732437,2025-01-01 03:45:45.574901,2025-01-01 03:48:28.616703,0 days 00:02:43.041802,6,25,195.0,,,,,,,,,,,140.0,140.0,20.0,60.0,,,,,COMPLETE
255,255,0.8843195324561437,2025-01-01 03:48:28.617318,2025-01-01 03:50:16.553555,0 days 00:01:47.936237,5,10,15.0,,,,,,,,,,,165.0,95.0,45.0,,,,,,COMPLETE
256,256,0.8714734661216749,2025-01-01 03:50:16.554176,2025-01-01 03:52:04.561410,0 days 00:01:48.007234,5,10,15.0,,,,,,,,,,,170.0,95.0,45.0,,,,,,COMPLETE
257,257,0.5145327876941544,2025-01-01 03:52:04.562036,2025-01-01 03:55:24.277052,0 days 00:03:19.715016,10,15,15.0,,,,,,,,,,,80.0,90.0,35.0,30.0,80.0,95.0,145.0,180.0,COMPLETE
258,258,0.8602212627318098,2025-01-01 03:55:24.277698,2025-01-01 03:58:15.900763,0 days 00:02:51.623065,9,5,10.0,,,,,,,,,,,160.0,100.0,50.0,95.0,50.0,115.0,20.0,,COMPLETE
259,259,0.8858282819667622,2025-01-01 03:58:15.901394,2025-01-01 03:59:40.244204,0 days 00:01:24.342810,5,10,5.0,,,,,,,,,,,90.0,85.0,30.0,,,,,,COMPLETE
260,260,0.8796422511505002,2025-01-01 03:59:40.244828,2025-01-01 04:01:09.368513,0 days 00:01:29.123685,5,15,15.0,,,,,,,,,,,95.0,85.0,30.0,,,,,,COMPLETE
261,261,0.8764886241218337,2025-01-01 04:01:09.369135,2025-01-01 04:02:42.767929,0 days 00:01:33.398794,6,10,5.0,,,,,,,,,,,75.0,95.0,15.0,50.0,,,,,COMPLETE
262,262,0.8595722282129884,2025-01-01 04:02:42.768559,2025-01-01 04:03:58.789694,0 days 00:01:16.021135,4,5,15.0,,,,,,,,,,,90.0,85.0,,,,,,,COMPLETE
263,263,0.8530706088273847,2025-01-01 04:03:58.790300,2025-01-01 04:05:25.047094,0 days 00:01:26.256794,5,20,10.0,,,,,,,,,,,85.0,90.0,25.0,,,,,,COMPLETE
264,264,0.900933085799049,2025-01-01 04:05:25.047727,2025-01-01 04:07:17.350429,0 days 00:01:52.302702,6,15,5.0,,,,,,,,,,,175.0,80.0,10.0,65.0,,,,,COMPLETE
265,265,0.8889561390612868,2025-01-01 04:07:17.351060,2025-01-01 04:09:02.993578,0 days 00:01:45.642518,6,15,5.0,,,,,,,,,,,180.0,80.0,10.0,35.0,,,,,COMPLETE
266,266,0.8633543341655707,2025-01-01 04:09:02.994204,2025-01-01 04:11:12.964055,0 days 00:02:09.969851,7,15,5.0,,,,,,,,,,,185.0,80.0,10.0,35.0,95.0,,,,COMPLETE
267,267,0.870232033585672,2025-01-01 04:11:12.965002,2025-01-01 04:12:59.540280,0 days 00:01:46.575278,6,20,5.0,,,,,,,,,,,180.0,80.0,20.0,25.0,,,,,COMPLETE
268,268,0.8899841524865577,2025-01-01 04:12:59.540926,2025-01-01 04:14:52.778161,0 days 00:01:53.237235,6,15,10.0,,,,,,,,,,,180.0,85.0,10.0,45.0,,,,,COMPLETE
269,269,0.8761854468829124,2025-01-01 04:14:52.778797,2025-01-01 04:16:43.403114,0 days 00:01:50.624317,6,15,10.0,,,,,,,,,,,175.0,80.0,10.0,45.0,,,,,COMPLETE
270,270,0.8813144155209314,2025-01-01 04:16:43.403745,2025-01-01 04:18:39.593810,0 days 00:01:56.190065,6,20,20.0,,,,,,,,,,,185.0,75.0,15.0,60.0,,,,,COMPLETE
271,271,0.8868684122469466,2025-01-01 04:18:39.594444,2025-01-01 04:20:40.156002,0 days 00:02:00.561558,7,15,10.0,,,,,,,,,,,170.0,75.0,20.0,40.0,45.0,,,,COMPLETE
272,272,0.8801594565396366,2025-01-01 04:20:40.156644,2025-01-01 04:22:28.971595,0 days 00:01:48.814951,6,15,10.0,,,,,,,,,,,175.0,75.0,20.0,40.0,,,,,COMPLETE
273,273,0.8827370811052793,2025-01-01 04:22:28.972546,2025-01-01 04:24:25.434723,0 days 00:01:56.462177,7,15,10.0,,,,,,,,,,,165.0,70.0,10.0,30.0,45.0,,,,COMPLETE
274,274,0.836324369132931,2025-01-01 04:24:25.435351,2025-01-01 04:26:28.119382,0 days 00:02:02.684031,7,10,5.0,,,,,,,,,,,175.0,85.0,5.0,50.0,60.0,,,,COMPLETE
275,275,0.7942526600741234,2025-01-01 04:26:28.120037,2025-01-01 04:28:25.936387,0 days 00:01:57.816350,7,20,15.0,,,,,,,,,,,170.0,75.0,25.0,20.0,15.0,,,,COMPLETE
276,276,0.893036848209262,2025-01-01 04:28:25.937037,2025-01-01 04:31:02.808473,0 days 00:02:36.871436,8,15,5.0,,,,,,,,,,,180.0,85.0,15.0,65.0,30.0,155.0,,,COMPLETE
277,277,0.489423038413787,2025-01-01 04:31:02.809130,2025-01-01 04:33:37.622989,0 days 00:02:34.813859,8,15,5.0,,,,,,,,,,,190.0,85.0,15.0,65.0,30.0,160.0,,,COMPLETE
278,278,0.8907871381547,2025-01-01 04:33:37.623650,2025-01-01 04:35:44.855986,0 days 00:02:07.232336,7,20,20.0,,,,,,,,,,,185.0,85.0,30.0,40.0,40.0,,,,COMPLETE
279,279,0.3834355282998687,2025-01-01 04:35:44.862004,2025-01-01 04:38:06.384758,0 days 00:02:21.522754,8,20,15.0,,,,,,,,,,,185.0,80.0,30.0,40.0,35.0,135.0,,,COMPLETE
280,280,0.6238091955052507,2025-01-01 04:38:06.385401,2025-01-01 04:40:57.274321,0 days 00:02:50.888920,8,15,10.0,,,,,,,,,,,180.0,175.0,35.0,45.0,20.0,175.0,,,COMPLETE
281,281,0.8537108264245254,2025-01-01 04:40:57.274982,2025-01-01 04:43:53.298486,0 days 00:02:56.023504,7,10,20.0,,,,,,,,,,,190.0,90.0,195.0,35.0,70.0,,,,COMPLETE
282,282,0.8436540581723335,2025-01-01 04:43:53.299126,2025-01-01 04:45:57.141012,0 days 00:02:03.841886,7,20,5.0,,,,,,,,,,,180.0,75.0,25.0,55.0,40.0,,,,COMPLETE
283,283,0.8635103234444366,2025-01-01 04:45:57.141664,2025-01-01 04:48:39.963761,0 days 00:02:42.822097,7,25,25.0,,,,,,,,,,,165.0,165.0,45.0,65.0,50.0,,,,COMPLETE
284,284,0.8880322357060246,2025-01-01 04:48:39.964408,2025-01-01 04:50:57.015931,0 days 00:02:17.051523,7,10,10.0,,,,,,,,,,,175.0,85.0,15.0,75.0,80.0,,,,COMPLETE
285,285,0.5617123709349944,2025-01-01 04:50:57.017110,2025-01-01 04:53:33.492463,0 days 00:02:36.475353,8,10,10.0,,,,,,,,,,,175.0,70.0,15.0,75.0,80.0,145.0,,,COMPLETE
286,286,0.8836713810726119,2025-01-01 04:53:33.493134,2025-01-01 04:55:45.628146,0 days 00:02:12.135012,7,15,20.0,,,,,,,,,,,170.0,80.0,20.0,85.0,60.0,,,,COMPLETE
287,287,0.8715402126428714,2025-01-01 04:55:45.628798,2025-01-01 04:57:52.115519,0 days 00:02:06.486721,7,10,15.0,,,,,,,,,,,195.0,85.0,5.0,55.0,30.0,,,,COMPLETE
288,288,0.8917181918070818,2025-01-01 04:57:52.116161,2025-01-01 04:59:51.831128,0 days 00:01:59.714967,6,10,10.0,,,,,,,,,,,185.0,90.0,15.0,70.0,,,,,COMPLETE
289,289,0.8691173348768448,2025-01-01 04:59:51.831770,2025-01-01 05:01:52.694347,0 days 00:02:00.862577,6,15,10.0,,,,,,,,,,,185.0,85.0,15.0,70.0,,,,,COMPLETE
290,290,0.820064188804091,2025-01-01 05:01:52.694988,2025-01-01 05:03:45.822599,0 days 00:01:53.127611,6,10,5.0,,,,,,,,,,,190.0,80.0,20.0,50.0,,,,,COMPLETE
291,291,0.8954358939599729,2025-01-01 05:03:45.843721,2025-01-01 05:06:02.730940,0 days 00:02:16.887219,7,20,10.0,,,,,,,,,,,180.0,85.0,10.0,80.0,75.0,,,,COMPLETE
292,292,0.8969020414698761,2025-01-01 05:06:02.731599,2025-01-01 05:08:19.412894,0 days 00:02:16.681295,7,20,10.0,,,,,,,,,,,180.0,85.0,5.0,80.0,85.0,,,,COMPLETE
293,293,0.5841005356444261,2025-01-01 05:08:19.413549,2025-01-01 05:10:25.078419,0 days 00:02:05.664870,7,20,10.0,,,,,,,,,,,180.0,90.0,5.0,80.0,85.0,,,,COMPLETE
294,294,0.8958344996947363,2025-01-01 05:10:25.079082,2025-01-01 05:12:49.268692,0 days 00:02:24.189610,7,25,20.0,,,,,,,,,,,180.0,85.0,10.0,85.0,75.0,,,,COMPLETE
295,295,0.36145144437607024,2025-01-01 05:12:49.269348,2025-01-01 05:15:23.583395,0 days 00:02:34.314047,8,25,20.0,,,,,,,,,,,180.0,90.0,10.0,75.0,75.0,120.0,,,COMPLETE
296,296,0.796879272631192,2025-01-01 05:15:23.584075,2025-01-01 05:17:46.125941,0 days 00:02:22.541866,7,25,15.0,,,,,,,,,,,185.0,75.0,5.0,85.0,100.0,,,,COMPLETE
297,297,0.37175170960681503,2025-01-01 05:17:46.126613,2025-01-01 05:21:08.686402,0 days 00:03:22.559789,9,20,20.0,,,,,,,,,,,180.0,80.0,10.0,80.0,90.0,165.0,165.0,,COMPLETE
298,298,0.8683152428377572,2025-01-01 05:21:08.687079,2025-01-01 05:23:28.388845,0 days 00:02:19.701766,7,20,15.0,,,,,,,,,,,175.0,85.0,15.0,90.0,65.0,,,,COMPLETE
299,299,0.8512587041909314,2025-01-01 05:23:28.389507,2025-01-01 05:26:19.317774,0 days 00:02:50.928267,7,25,30.0,,,,,,,,,,,175.0,95.0,115.0,70.0,75.0,,,,COMPLETE
300,300,0.4620934593572507,2025-01-01 05:26:19.318442,2025-01-01 05:29:09.675795,0 days 00:02:50.357353,8,20,10.0,,,,,,,,,,,185.0,80.0,15.0,90.0,85.0,185.0,,,COMPLETE
301,301,0.5731257315677267,2025-01-01 05:29:09.676454,2025-01-01 05:31:39.175867,0 days 00:02:29.499413,7,15,25.0,,,,,,,,,,,195.0,185.0,5.0,75.0,45.0,,,,COMPLETE
302,302,0.5904010435717559,2025-01-01 05:31:39.176528,2025-01-01 05:34:08.042998,0 days 00:02:28.866470,8,25,10.0,,,,,,,,,,,175.0,85.0,20.0,65.0,65.0,105.0,,,COMPLETE
303,303,0.58564328661513,2025-01-01 05:34:08.043658,2025-01-01 05:37:19.259087,0 days 00:03:11.215429,10,20,5.0,,,,,,,,,,,185.0,5.0,10.0,60.0,60.0,140.0,110.0,140.0,COMPLETE
304,304,0.8809672040354456,2025-01-01 05:37:19.259766,2025-01-01 05:39:16.798207,0 days 00:01:57.538441,6,15,15.0,,,,,,,,,,,190.0,90.0,15.0,40.0,,,,,COMPLETE
305,305,0.8920570264765784,2025-01-01 05:39:16.798889,2025-01-01 05:41:35.915198,0 days 00:02:19.116309,7,20,10.0,,,,,,,,,,,180.0,75.0,5.0,80.0,100.0,,,,COMPLETE
306,306,0.8319231479770922,2025-01-01 05:41:35.915887,2025-01-01 05:43:55.792965,0 days 00:02:19.877078,7,30,5.0,,,,,,,,,,,180.0,65.0,5.0,80.0,115.0,,,,COMPLETE
307,307,0.8865758287602177,2025-01-01 05:43:55.793628,2025-01-01 05:46:12.087931,0 days 00:02:16.294303,7,20,10.0,,,,,,,,,,,170.0,75.0,10.0,70.0,100.0,,,,COMPLETE
308,308,0.851887334946716,2025-01-01 05:46:12.088585,2025-01-01 05:48:53.551705,0 days 00:02:41.463120,8,25,5.0,,,,,,,,,,,180.0,80.0,10.0,85.0,95.0,85.0,,,COMPLETE
309,309,0.8803765454611656,2025-01-01 05:48:53.552355,2025-01-01 05:51:52.520748,0 days 00:02:58.968393,7,15,70.0,,,,,,,,,,,175.0,90.0,175.0,30.0,85.0,,,,COMPLETE
310,310,0.8234737697826704,2025-01-01 05:51:52.521404,2025-01-01 05:53:53.613608,0 days 00:02:01.092204,6,20,10.0,,,,,,,,,,,195.0,75.0,5.0,100.0,,,,,COMPLETE
311,311,0.8693304143957212,2025-01-01 05:53:53.614269,2025-01-01 05:56:20.889548,0 days 00:02:27.275279,7,30,10.0,,,,,,,,,,,185.0,85.0,15.0,75.0,105.0,,,,COMPLETE
312,312,0.8780317007628273,2025-01-01 05:56:20.890213,2025-01-01 05:58:27.932847,0 days 00:02:07.042634,6,25,20.0,,,,,,,,,,,180.0,100.0,20.0,95.0,,,,,COMPLETE
313,313,0.8773063503571095,2025-01-01 05:58:27.933498,2025-01-01 06:01:09.950047,0 days 00:02:42.016549,8,15,5.0,,,,,,,,,,,170.0,70.0,25.0,70.0,75.0,125.0,,,COMPLETE
314,314,0.8743800650453333,2025-01-01 06:01:09.950718,2025-01-01 06:03:15.052803,0 days 00:02:05.102085,7,20,15.0,,,,,,,,,,,190.0,80.0,10.0,80.0,20.0,,,,COMPLETE
315,315,0.8704446840472184,2025-01-01 06:03:15.053447,2025-01-01 06:05:41.512465,0 days 00:02:26.459018,6,180,5.0,,,,,,,,,,,175.0,85.0,5.0,55.0,,,,,COMPLETE
316,316,0.07208388808314804,2025-01-01 06:05:41.513126,2025-01-01 06:13:41.492958,0 days 00:07:59.979832,20,15,10.0,145.0,170.0,75.0,150.0,70.0,130.0,75.0,195.0,195.0,20.0,180.0,95.0,15.0,45.0,90.0,75.0,185.0,75.0,COMPLETE
317,317,0.8537675243634562,2025-01-01 06:13:41.493738,2025-01-01 06:15:34.681257,0 days 00:01:53.187519,6,30,5.0,,,,,,,,,,,185.0,80.0,20.0,35.0,,,,,COMPLETE
318,318,0.7794282247389024,2025-01-01 06:15:34.681928,2025-01-01 06:17:07.562222,0 days 00:01:32.880294,7,20,15.0,,,,,,,,,,,10.0,75.0,10.0,65.0,35.0,,,,COMPLETE
319,319,0.8663349861923161,2025-01-01 06:17:07.562907,2025-01-01 06:19:37.049388,0 days 00:02:29.486481,7,25,10.0,,,,,,,,,,,180.0,105.0,90.0,25.0,75.0,,,,COMPLETE
320,320,0.2894371135659377,2025-01-01 06:19:37.050070,2025-01-01 06:22:15.415196,0 days 00:02:38.365126,8,15,25.0,,,,,,,,,,,170.0,90.0,20.0,90.0,55.0,150.0,,,COMPLETE
321,321,0.8244153593875219,2025-01-01 06:22:15.415893,2025-01-01 06:24:09.034772,0 days 00:01:53.618879,6,10,5.0,,,,,,,,,,,175.0,95.0,25.0,40.0,,,,,COMPLETE
322,322,0.8827233274490267,2025-01-01 06:24:09.121689,2025-01-01 06:25:33.486296,0 days 00:01:24.364607,6,20,10.0,,,,,,,,,,,40.0,85.0,5.0,50.0,,,,,COMPLETE
323,323,0.8651585539857426,2025-01-01 06:25:33.486975,2025-01-01 06:27:33.306892,0 days 00:01:59.819917,7,10,20.0,,,,,,,,,,,185.0,70.0,10.0,60.0,10.0,,,,COMPLETE
324,324,0.6055682360864129,2025-01-01 06:27:33.307576,2025-01-01 06:29:52.078886,0 days 00:02:18.771310,7,25,55.0,,,,,,,,,,,190.0,80.0,15.0,35.0,110.0,,,,COMPLETE
325,325,0.5279798778179392,2025-01-01 06:29:52.079563,2025-01-01 06:32:14.449601,0 days 00:02:22.370038,8,15,15.0,,,,,,,,,,,180.0,100.0,15.0,75.0,25.0,105.0,,,COMPLETE
326,326,0.8914656606124338,2025-01-01 06:32:14.450281,2025-01-01 06:33:41.575139,0 days 00:01:27.124858,6,20,5.0,,,,,,,,,,,100.0,90.0,5.0,15.0,,,,,COMPLETE
327,327,0.8709081044012683,2025-01-01 06:33:41.575814,2025-01-01 06:35:32.608220,0 days 00:01:51.032406,6,20,95.0,,,,,,,,,,,105.0,90.0,5.0,15.0,,,,,COMPLETE
328,328,0.305950991831972,2025-01-01 06:35:32.622634,2025-01-01 06:37:22.085221,0 days 00:01:49.462587,6,15,10.0,,,,,,,,,,,175.0,90.0,10.0,10.0,,,,,COMPLETE
329,329,0.4597476725909762,2025-01-01 06:37:22.085903,2025-01-01 06:40:36.156076,0 days 00:03:14.070173,9,160,15.0,,,,,,,,,,,110.0,85.0,5.0,25.0,85.0,195.0,85.0,,COMPLETE
330,330,0.8735407250837322,2025-01-01 06:40:36.156778,2025-01-01 06:42:18.107722,0 days 00:01:41.950944,7,10,5.0,,,,,,,,,,,100.0,75.0,20.0,20.0,65.0,,,,COMPLETE
331,331,0.8114459503849043,2025-01-01 06:42:18.108398,2025-01-01 06:44:16.820792,0 days 00:01:58.712394,6,20,10.0,,,,,,,,,,,170.0,90.0,10.0,85.0,,,,,COMPLETE
332,332,0.8511260396404384,2025-01-01 06:44:16.821455,2025-01-01 06:46:23.023851,0 days 00:02:06.202396,7,25,5.0,,,,,,,,,,,185.0,80.0,15.0,45.0,45.0,,,,COMPLETE
333,333,0.7137536344350208,2025-01-01 06:46:23.024533,2025-01-01 06:48:26.355969,0 days 00:02:03.331436,6,15,15.0,,,,,,,,,,,175.0,85.0,5.0,110.0,,,,,COMPLETE
334,334,0.8788128317869544,2025-01-01 06:48:26.375207,2025-01-01 06:50:35.747426,0 days 00:02:09.372219,7,10,20.0,,,,,,,,,,,180.0,65.0,15.0,30.0,95.0,,,,COMPLETE
335,335,0.846824649819641,2025-01-01 06:50:35.748112,2025-01-01 06:52:26.733127,0 days 00:01:50.985015,6,15,5.0,,,,,,,,,,,190.0,95.0,25.0,10.0,,,,,COMPLETE
336,336,0.7239133838183,2025-01-01 06:52:26.733803,2025-01-01 06:55:12.467557,0 days 00:02:45.733754,8,20,10.0,,,,,,,,,,,185.0,80.0,10.0,80.0,70.0,130.0,,,COMPLETE
337,337,0.8759334190892325,2025-01-01 06:55:12.468269,2025-01-01 06:58:03.127059,0 days 00:02:50.658790,7,25,35.0,,,,,,,,,,,200.0,85.0,150.0,65.0,35.0,,,,COMPLETE
338,338,0.8307730949212851,2025-01-01 06:58:03.127748,2025-01-01 07:00:24.383229,0 days 00:02:21.255481,6,5,10.0,,,,,,,,,,,165.0,195.0,20.0,70.0,,,,,COMPLETE
339,339,0.8012914102337079,2025-01-01 07:00:24.383916,2025-01-01 07:02:22.869584,0 days 00:01:58.485668,6,10,45.0,,,,,,,,,,,175.0,95.0,5.0,35.0,,,,,COMPLETE
340,340,0.8279871465566655,2025-01-01 07:02:22.870582,2025-01-01 07:04:14.450682,0 days 00:01:51.580100,7,20,25.0,,,,,,,,,,,20.0,75.0,125.0,15.0,55.0,,,,COMPLETE
341,341,0.8949322833755582,2025-01-01 07:04:14.451363,2025-01-01 07:06:31.156810,0 days 00:02:16.705447,6,15,5.0,,,,,,,,,,,180.0,85.0,165.0,5.0,,,,,COMPLETE
342,342,0.7599394692066316,2025-01-01 07:06:31.157495,2025-01-01 07:08:55.860442,0 days 00:02:24.702947,6,10,5.0,,,,,,,,,,,195.0,90.0,170.0,10.0,,,,,COMPLETE
343,343,0.8949242988301325,2025-01-01 07:08:55.861130,2025-01-01 07:11:12.339104,0 days 00:02:16.477974,6,15,5.0,,,,,,,,,,,180.0,85.0,160.0,20.0,,,,,COMPLETE
344,344,0.23365435271122298,2025-01-01 07:11:12.339788,2025-01-01 07:15:38.670513,0 days 00:04:26.330725,12,25,5.0,40.0,145.0,,,,,,,,,185.0,95.0,195.0,5.0,120.0,180.0,50.0,90.0,COMPLETE
345,345,0.8886081913131048,2025-01-01 07:15:38.671239,2025-01-01 07:17:34.617596,0 days 00:01:55.946357,6,20,5.0,,,,,,,,,,,100.0,90.0,160.0,5.0,,,,,COMPLETE
346,346,0.8880242650540643,2025-01-01 07:17:34.618815,2025-01-01 07:19:28.029412,0 days 00:01:53.410597,6,20,5.0,,,,,,,,,,,100.0,80.0,160.0,5.0,,,,,COMPLETE
347,347,0.8863420631559416,2025-01-01 07:19:28.030098,2025-01-01 07:21:31.159630,0 days 00:02:03.129532,6,30,5.0,,,,,,,,,,,105.0,85.0,155.0,10.0,,,,,COMPLETE
348,348,0.8862241305108067,2025-01-01 07:21:31.160311,2025-01-01 07:23:34.858240,0 days 00:02:03.697929,6,15,5.0,,,,,,,,,,,100.0,90.0,185.0,20.0,,,,,COMPLETE
349,349,0.7701855491782637,2025-01-01 07:23:34.858933,2025-01-01 07:25:48.709397,0 days 00:02:13.850464,6,15,5.0,,,,,,,,,,,180.0,80.0,165.0,5.0,,,,,COMPLETE
350,350,0.8788739432807229,2025-01-01 07:25:48.710100,2025-01-01 07:28:13.651390,0 days 00:02:24.941290,6,20,10.0,,,,,,,,,,,190.0,90.0,165.0,15.0,,,,,COMPLETE
351,351,0.0533595143366717,2025-01-01 07:28:13.652086,2025-01-01 07:32:11.320761,0 days 00:03:57.668675,11,25,5.0,160.0,,,,,,,,,,95.0,85.0,135.0,5.0,10.0,165.0,200.0,60.0,COMPLETE
352,352,0.6295236163572611,2025-01-01 07:32:11.321501,2025-01-01 07:34:39.645706,0 days 00:02:28.324205,6,15,10.0,,,,,,,,,,,180.0,85.0,200.0,25.0,,,,,COMPLETE
353,353,0.8723505866636443,2025-01-01 07:34:39.646380,2025-01-01 07:37:20.106873,0 days 00:02:40.460493,6,120,15.0,,,,,,,,,,,115.0,110.0,150.0,60.0,,,,,COMPLETE
354,354,0.8701518139738539,2025-01-01 07:37:20.107563,2025-01-01 07:40:06.480527,0 days 00:02:46.372964,7,5,5.0,,,,,,,,,,,185.0,80.0,185.0,95.0,15.0,,,,COMPLETE
355,355,0.8931463173685148,2025-01-01 07:40:06.481233,2025-01-01 07:42:41.244096,0 days 00:02:34.762863,6,30,10.0,,,,,,,,,,,185.0,90.0,170.0,45.0,,,,,COMPLETE
356,356,0.8815752074517286,2025-01-01 07:42:41.244784,2025-01-01 07:45:14.771775,0 days 00:02:33.526991,6,30,10.0,,,,,,,,,,,185.0,90.0,175.0,45.0,,,,,COMPLETE
357,357,0.8500444948152155,2025-01-01 07:45:14.772457,2025-01-01 07:48:03.889401,0 days 00:02:49.116944,6,35,5.0,,,,,,,,,,,180.0,155.0,160.0,55.0,,,,,COMPLETE
358,358,0.877571333263621,2025-01-01 07:48:03.890088,2025-01-01 07:50:16.576524,0 days 00:02:12.686436,6,20,10.0,,,,,,,,,,,110.0,85.0,170.0,50.0,,,,,COMPLETE
359,359,0.4453813797340177,2025-01-01 07:50:16.577209,2025-01-01 07:53:59.023907,0 days 00:03:42.446698,10,15,15.0,,,,,,,,,,,185.0,180.0,170.0,40.0,105.0,95.0,20.0,35.0,COMPLETE
360,360,0.8700932474408943,2025-01-01 07:53:59.024621,2025-01-01 07:56:19.084040,0 days 00:02:20.059419,7,25,5.0,,,,,,,,,,,35.0,90.0,145.0,125.0,25.0,,,,COMPLETE
361,361,0.8730358857960188,2025-01-01 07:56:19.084738,2025-01-01 07:59:55.530949,0 days 00:03:36.446211,7,10,10.0,,,,,,,,,,,180.0,80.0,185.0,195.0,125.0,,,,COMPLETE
362,362,0.8859494501501255,2025-01-01 07:59:55.531655,2025-01-01 08:03:38.720542,0 days 00:03:43.188887,9,20,5.0,,,,,,,,,,,190.0,85.0,155.0,85.0,5.0,150.0,145.0,,COMPLETE
363,363,0.8697036812468069,2025-01-01 08:03:38.721246,2025-01-01 08:06:43.402275,0 days 00:03:04.681029,6,30,10.0,,,,,,,,,,,195.0,100.0,165.0,175.0,,,,,COMPLETE
364,364,0.6857530271813768,2025-01-01 08:06:43.402961,2025-01-01 08:09:28.279218,0 days 00:02:44.876257,8,5,15.0,,,,,,,,,,,180.0,95.0,105.0,30.0,135.0,70.0,,,COMPLETE
365,365,0.8726297905815408,2025-01-01 08:09:28.279922,2025-01-01 08:12:15.132032,0 days 00:02:46.852110,6,15,80.0,,,,,,,,,,,95.0,170.0,180.0,45.0,,,,,COMPLETE
366,366,0.8272207771526419,2025-01-01 08:12:15.132711,2025-01-01 08:14:50.723728,0 days 00:02:35.591017,7,10,5.0,,,,,,,,,,,190.0,85.0,175.0,20.0,60.0,,,,COMPLETE
367,367,0.8770287746145915,2025-01-01 08:14:50.724419,2025-01-01 08:16:53.266106,0 days 00:02:02.541687,6,25,15.0,,,,,,,,,,,185.0,90.0,10.0,80.0,,,,,COMPLETE
368,368,0.8783674121224759,2025-01-01 08:16:53.266792,2025-01-01 08:19:13.752470,0 days 00:02:20.485678,6,20,10.0,,,,,,,,,,,105.0,75.0,165.0,90.0,,,,,COMPLETE
369,369,0.8741652194535079,2025-01-01 08:19:13.753169,2025-01-01 08:21:47.117348,0 days 00:02:33.364179,7,15,115.0,,,,,,,,,,,175.0,90.0,5.0,65.0,50.0,,,,COMPLETE
370,370,0.8673020797085471,2025-01-01 08:21:47.118048,2025-01-01 08:23:31.447149,0 days 00:01:44.329101,7,10,5.0,,,,,,,,,,,90.0,80.0,10.0,15.0,100.0,,,,COMPLETE
371,371,0.8776129635440332,2025-01-01 08:23:31.447858,2025-01-01 08:26:13.707328,0 days 00:02:42.259470,5,30,30.0,,,,,,,,,,,185.0,140.0,190.0,,,,,,COMPLETE
372,372,0.8766405839380896,2025-01-01 08:26:13.708014,2025-01-01 08:28:59.829696,0 days 00:02:46.121682,6,20,50.0,,,,,,,,,,,175.0,130.0,160.0,50.0,,,,,COMPLETE
373,373,0.5452293019586687,2025-01-01 08:28:59.830386,2025-01-01 08:31:30.870497,0 days 00:02:31.040111,8,15,20.0,,,,,,,,,,,120.0,85.0,155.0,35.0,40.0,110.0,,,COMPLETE
374,374,0.8651824003245248,2025-01-01 08:31:30.871194,2025-01-01 08:34:16.317096,0 days 00:02:45.445902,6,5,15.0,,,,,,,,,,,180.0,160.0,145.0,70.0,,,,,COMPLETE
375,375,0.4520178956105391,2025-01-01 08:34:16.317796,2025-01-01 08:37:37.387939,0 days 00:03:21.070143,13,25,5.0,5.0,30.0,160.0,,,,,,,,45.0,80.0,5.0,60.0,110.0,125.0,125.0,5.0,COMPLETE
376,376,0.8908886655100163,2025-01-01 08:37:37.388691,2025-01-01 08:38:48.200144,0 days 00:01:10.811453,5,10,10.0,,,,,,,,,,,25.0,90.0,15.0,,,,,,COMPLETE
377,377,0.9050124415503004,2025-01-01 08:38:48.200853,2025-01-01 08:39:49.339336,0 days 00:01:01.138483,5,5,10.0,,,,,,,,,,,5.0,70.0,15.0,,,,,,COMPLETE
378,378,0.25289042650779026,2025-01-01 08:39:49.339984,2025-01-01 08:44:13.823965,0 days 00:04:24.483981,16,5,20.0,100.0,70.0,40.0,50.0,60.0,60.0,,,,,10.0,65.0,15.0,100.0,80.0,45.0,110.0,190.0,COMPLETE
379,379,0.8849645033357614,2025-01-01 08:44:13.824701,2025-01-01 08:45:25.720408,0 days 00:01:11.895707,5,5,65.0,,,,,,,,,,,5.0,75.0,15.0,,,,,,COMPLETE
380,380,0.15564929462783866,2025-01-01 08:45:25.721065,2025-01-01 08:53:23.926741,0 days 00:07:58.205676,19,5,15.0,135.0,100.0,80.0,195.0,155.0,150.0,200.0,10.0,45.0,,200.0,60.0,10.0,75.0,190.0,25.0,190.0,150.0,COMPLETE
381,381,0.8542306882999962,2025-01-01 08:53:23.927525,2025-01-01 08:54:24.715156,0 days 00:01:00.787631,5,10,10.0,,,,,,,,,,,5.0,70.0,5.0,,,,,,COMPLETE
382,382,0.8627551430517655,2025-01-01 08:54:24.715824,2025-01-01 08:56:35.735448,0 days 00:02:11.019624,5,10,105.0,,,,,,,,,,,190.0,95.0,25.0,,,,,,COMPLETE
383,383,0.8933931576804011,2025-01-01 08:56:35.736109,2025-01-01 08:57:52.140445,0 days 00:01:16.404336,5,5,10.0,,,,,,,,,,,20.0,150.0,15.0,,,,,,COMPLETE
384,384,0.8648964549676359,2025-01-01 08:57:52.141104,2025-01-01 08:59:13.459525,0 days 00:01:21.318421,5,5,15.0,,,,,,,,,,,5.0,70.0,115.0,,,,,,COMPLETE
385,385,0.890841584591519,2025-01-01 08:59:13.460191,2025-01-01 09:00:35.495607,0 days 00:01:22.035416,5,5,10.0,,,,,,,,,,,15.0,165.0,15.0,,,,,,COMPLETE
386,386,0.8636925853736991,2025-01-01 09:00:35.496264,2025-01-01 09:01:52.257375,0 days 00:01:16.761111,5,5,10.0,,,,,,,,,,,15.0,160.0,10.0,,,,,,COMPLETE
387,387,0.7987575224506234,2025-01-01 09:01:52.258039,2025-01-01 09:03:14.071912,0 days 00:01:21.813873,5,10,15.0,,,,,,,,,,,15.0,170.0,5.0,,,,,,COMPLETE
388,388,0.8330647073630756,2025-01-01 09:03:14.072571,2025-01-01 09:04:32.951422,0 days 00:01:18.878851,4,10,10.0,,,,,,,,,,,25.0,170.0,,,,,,,COMPLETE
389,389,0.8886420115454239,2025-01-01 09:04:32.952077,2025-01-01 09:05:58.267409,0 days 00:01:25.315332,5,5,20.0,,,,,,,,,,,30.0,175.0,20.0,,,,,,COMPLETE
390,390,0.8915626319172723,2025-01-01 09:05:58.268075,2025-01-01 09:07:25.546138,0 days 00:01:27.278063,5,35,10.0,,,,,,,,,,,15.0,170.0,15.0,,,,,,COMPLETE
391,391,0.8918269043993574,2025-01-01 09:07:25.546798,2025-01-01 09:08:52.927544,0 days 00:01:27.380746,5,35,10.0,,,,,,,,,,,20.0,165.0,15.0,,,,,,COMPLETE
392,392,0.8786453060831969,2025-01-01 09:08:52.928200,2025-01-01 09:10:15.090418,0 days 00:01:22.162218,4,35,15.0,,,,,,,,,,,20.0,165.0,,,,,,,COMPLETE
393,393,0.6618264349863334,2025-01-01 09:10:15.091072,2025-01-01 09:11:42.788171,0 days 00:01:27.697099,5,40,10.0,,,,,,,,,,,10.0,160.0,25.0,,,,,,COMPLETE
394,394,0.7708803518501902,2025-01-01 09:11:42.789444,2025-01-01 09:13:05.716346,0 days 00:01:22.926902,4,35,10.0,,,,,,,,,,,25.0,165.0,,,,,,,COMPLETE
395,395,0.8367463617463617,2025-01-01 09:13:05.717008,2025-01-01 09:14:34.520397,0 days 00:01:28.803389,5,40,20.0,,,,,,,,,,,15.0,170.0,15.0,,,,,,COMPLETE
396,396,0.8483511065706857,2025-01-01 09:14:34.521062,2025-01-01 09:15:57.834953,0 days 00:01:23.313891,4,40,15.0,,,,,,,,,,,15.0,175.0,,,,,,,COMPLETE
397,397,0.8860770180279405,2025-01-01 09:15:57.835597,2025-01-01 09:17:23.860994,0 days 00:01:26.025397,5,35,10.0,,,,,,,,,,,20.0,160.0,20.0,,,,,,COMPLETE
398,398,0.8681709476320565,2025-01-01 09:17:23.861650,2025-01-01 09:18:48.417043,0 days 00:01:24.555393,5,35,5.0,,,,,,,,,,,20.0,165.0,20.0,,,,,,COMPLETE
399,399,0.8858107234096178,2025-01-01 09:18:48.417704,2025-01-01 09:20:06.146193,0 days 00:01:17.728489,4,35,10.0,,,,,,,,,,,5.0,165.0,,,,,,,COMPLETE
400,400,0.8902576920787955,2025-01-01 09:20:06.146845,2025-01-01 09:21:38.479570,0 days 00:01:32.332725,5,30,20.0,,,,,,,,,,,15.0,175.0,30.0,,,,,,COMPLETE
401,401,0.8781157562095104,2025-01-01 09:21:38.480226,2025-01-01 09:23:21.446069,0 days 00:01:42.965843,4,135,10.0,,,,,,,,,,,10.0,170.0,,,,,,,COMPLETE
402,402,0.8790749630500477,2025-01-01 09:23:21.446728,2025-01-01 09:25:22.437762,0 days 00:02:00.991034,5,190,15.0,,,,,,,,,,,25.0,155.0,15.0,,,,,,COMPLETE
403,403,0.8850288043005816,2025-01-01 09:25:22.438429,2025-01-01 09:27:26.195786,0 days 00:02:03.757357,5,30,5.0,,,,,,,,,,,20.0,150.0,200.0,,,,,,COMPLETE
404,404,0.8903930310650355,2025-01-01 09:27:26.196439,2025-01-01 09:28:46.663897,0 days 00:01:20.467458,4,30,5.0,,,,,,,,,,,30.0,155.0,,,,,,,COMPLETE
405,405,0.7846364733116451,2025-01-01 09:28:46.664904,2025-01-01 09:30:11.356642,0 days 00:01:24.691738,5,25,15.0,,,,,,,,,,,10.0,165.0,15.0,,,,,,COMPLETE
406,406,0.36703870645999936,2025-01-01 09:30:11.357297,2025-01-01 09:35:01.880397,0 days 00:04:50.523100,11,45,10.0,115.0,,,,,,,,,,15.0,170.0,190.0,115.0,115.0,200.0,65.0,95.0,COMPLETE
407,407,0.8721429158811922,2025-01-01 09:35:01.881118,2025-01-01 09:36:14.591597,0 days 00:01:12.710479,4,30,5.0,,,,,,,,,,,5.0,155.0,,,,,,,COMPLETE
408,408,0.8905777190510015,2025-01-01 09:36:14.592253,2025-01-01 09:37:35.588692,0 days 00:01:20.996439,4,25,15.0,,,,,,,,,,,15.0,175.0,,,,,,,COMPLETE
409,409,0.8811464719582329,2025-01-01 09:37:35.589355,2025-01-01 09:39:15.967475,0 days 00:01:40.378120,5,20,30.0,,,,,,,,,,,25.0,160.0,80.0,,,,,,COMPLETE
410,410,0.8892172990939767,2025-01-01 09:39:15.968146,2025-01-01 09:40:28.176536,0 days 00:01:12.208390,4,35,10.0,,,,,,,,,,,40.0,100.0,,,,,,,COMPLETE
411,411,0.8291671215176055,2025-01-01 09:40:28.177552,2025-01-01 09:41:39.741460,0 days 00:01:11.563908,5,15,25.0,,,,,,,,,,,10.0,95.0,10.0,,,,,,COMPLETE
412,412,0.35754830882613264,2025-01-01 09:41:39.742126,2025-01-01 09:46:17.238062,0 days 00:04:37.495936,14,25,5.0,25.0,180.0,30.0,75.0,,,,,,,20.0,160.0,20.0,90.0,90.0,160.0,155.0,110.0,COMPLETE
413,413,0.8379813989696109,2025-01-01 09:46:17.238816,2025-01-01 09:47:49.304026,0 days 00:01:32.065210,5,20,10.0,,,,,,,,,,,5.0,85.0,130.0,,,,,,COMPLETE
414,414,0.42343159605428116,2025-01-01 09:47:49.304709,2025-01-01 09:50:10.304311,0 days 00:02:20.999602,9,10,20.0,,,,,,,,,,,30.0,75.0,10.0,100.0,70.0,85.0,95.0,,COMPLETE
415,415,0.8969993611949447,2025-01-01 09:50:10.305006,2025-01-01 09:51:11.373260,0 days 00:01:01.068254,4,15,5.0,,,,,,,,,,,10.0,90.0,,,,,,,COMPLETE
416,416,0.818723912633742,2025-01-01 09:51:11.373915,2025-01-01 09:52:25.319041,0 days 00:01:13.945126,4,15,5.0,,,,,,,,,,,10.0,180.0,,,,,,,COMPLETE
417,417,0.8582574578722175,2025-01-01 09:52:25.320021,2025-01-01 09:53:05.701191,0 days 00:00:40.381170,3,10,5.0,,,,,,,,,,,15.0,,,,,,,,COMPLETE
418,418,0.8779274868538585,2025-01-01 09:53:05.701660,2025-01-01 09:54:09.267252,0 days 00:01:03.565592,4,15,10.0,,,,,,,,,,,5.0,105.0,,,,,,,COMPLETE
419,419,0.8713200222496613,2025-01-01 09:54:09.267911,2025-01-01 09:54:54.392169,0 days 00:00:45.124258,3,40,5.0,,,,,,,,,,,10.0,,,,,,,,COMPLETE
420,420,0.8934579160690455,2025-01-01 09:54:54.392702,2025-01-01 09:55:56.419388,0 days 00:01:02.026686,4,10,10.0,,,,,,,,,,,15.0,90.0,,,,,,,COMPLETE
421,421,0.866035526623824,2025-01-01 09:55:56.420057,2025-01-01 09:56:57.843407,0 days 00:01:01.423350,4,15,5.0,,,,,,,,,,,10.0,95.0,,,,,,,COMPLETE
422,422,0.889826516560348,2025-01-01 09:56:57.844074,2025-01-01 09:58:03.612338,0 days 00:01:05.768264,4,25,15.0,,,,,,,,,,,20.0,90.0,,,,,,,COMPLETE
423,423,0.8069152592889067,2025-01-01 09:58:03.613003,2025-01-01 09:58:45.243529,0 days 00:00:41.630526,3,10,10.0,,,,,,,,,,,10.0,,,,,,,,COMPLETE
424,424,0.8894679881293901,2025-01-01 09:58:45.244010,2025-01-01 09:59:44.703192,0 days 00:00:59.459182,4,20,5.0,,,,,,,,,,,5.0,95.0,,,,,,,COMPLETE
425,425,0.8862773887388633,2025-01-01 09:59:44.703862,2025-01-01 10:00:49.508540,0 days 00:01:04.804678,4,15,15.0,,,,,,,,,,,15.0,100.0,,,,,,,COMPLETE
426,426,0.867041603309193,2025-01-01 10:00:49.509202,2025-01-01 10:01:37.438558,0 days 00:00:47.929356,3,30,10.0,,,,,,,,,,,25.0,,,,,,,,COMPLETE
427,427,0.8932636217467556,2025-01-01 10:01:37.439123,2025-01-01 10:02:38.773420,0 days 00:01:01.334297,4,20,5.0,,,,,,,,,,,20.0,90.0,,,,,,,COMPLETE
428,428,0.8570465839740878,2025-01-01 10:02:38.774093,2025-01-01 10:03:21.952080,0 days 00:00:43.177987,3,25,5.0,,,,,,,,,,,10.0,,,,,,,,COMPLETE
429,429,0.8882985963084016,2025-01-01 10:03:21.952662,2025-01-01 10:04:20.247635,0 days 00:00:58.294973,4,20,5.0,,,,,,,,,,,5.0,90.0,,,,,,,COMPLETE
430,430,0.815159588271571,2025-01-01 10:04:20.248297,2025-01-01 10:05:20.544707,0 days 00:01:00.296410,4,20,5.0,,,,,,,,,,,20.0,85.0,,,,,,,COMPLETE
431,431,0.8769054259093529,2025-01-01 10:05:20.545384,2025-01-01 10:06:19.953761,0 days 00:00:59.408377,4,30,10.0,,,,,,,,,,,15.0,55.0,,,,,,,COMPLETE
432,432,0.8000966061688517,2025-01-01 10:06:19.954416,2025-01-01 10:06:59.594610,0 days 00:00:39.640194,3,15,5.0,,,,,,,,,,,5.0,,,,,,,,COMPLETE
433,433,0.8763564444237006,2025-01-01 10:06:59.595265,2025-01-01 10:08:33.266070,0 days 00:01:33.670805,4,25,15.0,,,,,,,,,,,170.0,70.0,,,,,,,COMPLETE
434,434,0.4228617680542084,2025-01-01 10:08:33.266754,2025-01-01 10:12:12.012836,0 days 00:03:38.746082,10,20,5.0,,,,,,,,,,,20.0,150.0,120.0,155.0,150.0,170.0,5.0,20.0,COMPLETE
435,435,0.89103932137487,2025-01-01 10:12:12.013565,2025-01-01 10:13:08.435875,0 days 00:00:56.422310,4,35,10.0,,,,,,,,,,,10.0,30.0,,,,,,,COMPLETE
436,436,0.8676001233830395,2025-01-01 10:13:08.436552,2025-01-01 10:14:34.010178,0 days 00:01:25.573626,4,45,15.0,,,,,,,,,,,85.0,85.0,,,,,,,COMPLETE
437,437,0.6926632434494071,2025-01-01 10:14:34.010872,2025-01-01 10:15:45.531778,0 days 00:01:11.520906,4,15,10.0,,,,,,,,,,,50.0,95.0,,,,,,,COMPLETE
438,438,0.8866691571374501,2025-01-01 10:15:45.532450,2025-01-01 10:16:56.880210,0 days 00:01:11.347760,3,30,5.0,,,,,,,,,,,175.0,,,,,,,,COMPLETE
439,439,0.8481741573033708,2025-01-01 10:16:56.881202,2025-01-01 10:18:31.483052,0 days 00:01:34.601850,4,20,15.0,,,,,,,,,,,185.0,80.0,,,,,,,COMPLETE
440,440,0.3847427712561411,2025-01-01 10:18:31.483734,2025-01-01 10:21:56.104873,0 days 00:03:24.621139,12,25,10.0,70.0,30.0,,,,,,,,,15.0,90.0,5.0,105.0,135.0,140.0,55.0,85.0,COMPLETE
441,441,0.8852899895023265,2025-01-01 10:21:56.105609,2025-01-01 10:24:10.094540,0 days 00:02:13.988931,5,40,5.0,,,,,,,,,,,180.0,80.0,180.0,,,,,,COMPLETE
442,442,0.8687837986977155,2025-01-01 10:24:10.095217,2025-01-01 10:26:08.976991,0 days 00:01:58.881774,5,15,10.0,,,,,,,,,,,190.0,95.0,70.0,,,,,,COMPLETE
443,443,0.5296929648701634,2025-01-01 10:26:08.977678,2025-01-01 10:28:46.284448,0 days 00:02:37.306770,8,25,5.0,,,,,,,,,,,15.0,85.0,135.0,85.0,95.0,110.0,,,COMPLETE
444,444,0.9019991393008475,2025-01-01 10:28:46.285171,2025-01-01 10:29:32.442884,0 days 00:00:46.157713,3,10,15.0,,,,,,,,,,,30.0,,,,,,,,COMPLETE
445,445,0.8863371363139092,2025-01-01 10:29:32.443545,2025-01-01 10:30:17.575051,0 days 00:00:45.131506,3,10,20.0,,,,,,,,,,,25.0,,,,,,,,COMPLETE
446,446,0.772835235296998,2025-01-01 10:30:17.575715,2025-01-01 10:31:01.201050,0 days 00:00:43.625335,3,10,15.0,,,,,,,,,,,20.0,,,,,,,,COMPLETE
447,447,0.8779744681567964,2025-01-01 10:31:01.201714,2025-01-01 10:32:31.630916,0 days 00:01:30.429202,6,10,15.0,,,,,,,,,,,10.0,105.0,30.0,70.0,,,,,COMPLETE
448,448,0.8763618085977622,2025-01-01 10:32:31.631613,2025-01-01 10:33:05.387364,0 days 00:00:33.755751,2,5,10.0,,,,,,,,,,,,,,,,,,,COMPLETE
449,449,0.8521749592723722,2025-01-01 10:33:05.388021,2025-01-01 10:33:52.388612,0 days 00:00:47.000591,3,15,15.0,,,,,,,,,,,30.0,,,,,,,,COMPLETE
450,450,0.8731457823111308,2025-01-01 10:33:52.389592,2025-01-01 10:36:45.868605,0 days 00:02:53.479013,6,170,20.0,,,,,,,,,,,20.0,100.0,140.0,165.0,,,,,COMPLETE
451,451,0.9026615417442955,2025-01-01 10:36:45.869308,2025-01-01 10:37:55.593230,0 days 00:01:09.723922,5,15,10.0,,,,,,,,,,,5.0,90.0,25.0,,,,,,COMPLETE
452,452,0.8924984705876144,2025-01-01 10:37:55.593920,2025-01-01 10:39:19.558314,0 days 00:01:23.964394,5,10,10.0,,,,,,,,,,,5.0,90.0,95.0,,,,,,COMPLETE
453,453,0.898127389509799,2025-01-01 10:39:19.559012,2025-01-01 10:40:32.658595,0 days 00:01:13.099583,5,10,15.0,,,,,,,,,,,5.0,115.0,25.0,,,,,,COMPLETE
454,454,0.8549726779645379,2025-01-01 10:40:32.659274,2025-01-01 10:41:42.515246,0 days 00:01:09.855972,5,5,20.0,,,,,,,,,,,5.0,110.0,25.0,,,,,,COMPLETE
455,455,0.8815571787696248,2025-01-01 10:41:42.515936,2025-01-01 10:43:10.287437,0 days 00:01:27.771501,5,10,25.0,,,,,,,,,,,10.0,95.0,100.0,,,,,,COMPLETE
456,456,0.9009556682405944,2025-01-01 10:43:10.288457,2025-01-01 10:44:24.454500,0 days 00:01:14.166043,5,10,15.0,,,,,,,,,,,5.0,120.0,25.0,,,,,,COMPLETE
457,457,0.8631538037626432,2025-01-01 10:44:24.455191,2025-01-01 10:45:48.995066,0 days 00:01:24.539875,5,5,20.0,,,,,,,,,,,5.0,120.0,90.0,,,,,,COMPLETE
458,458,0.8921430696263842,2025-01-01 10:45:48.995755,2025-01-01 10:47:05.691585,0 days 00:01:16.695830,5,10,15.0,,,,,,,,,,,5.0,115.0,35.0,,,,,,COMPLETE
459,459,0.3958808221259783,2025-01-01 10:47:05.692271,2025-01-01 10:49:42.035218,0 days 00:02:36.342947,9,10,20.0,,,,,,,,,,,5.0,120.0,35.0,90.0,170.0,15.0,140.0,,COMPLETE
460,460,0.8954767992220346,2025-01-01 10:49:42.035940,2025-01-01 10:50:55.804562,0 days 00:01:13.768622,5,10,15.0,,,,,,,,,,,5.0,120.0,30.0,,,,,,COMPLETE
461,461,0.8940162659917089,2025-01-01 10:50:55.805248,2025-01-01 10:52:12.871427,0 days 00:01:17.066179,5,5,25.0,,,,,,,,,,,5.0,115.0,35.0,,,,,,COMPLETE
462,462,0.7946755387185338,2025-01-01 10:52:12.872123,2025-01-01 10:53:25.596881,0 days 00:01:12.724758,5,5,20.0,,,,,,,,,,,5.0,115.0,30.0,,,,,,COMPLETE
463,463,0.870266910469157,2025-01-01 10:53:25.597576,2025-01-01 10:54:42.073675,0 days 00:01:16.476099,5,5,30.0,,,,,,,,,,,5.0,120.0,40.0,,,,,,COMPLETE
464,464,0.8922894359760114,2025-01-01 10:54:42.074368,2025-01-01 10:55:58.569504,0 days 00:01:16.495136,5,5,25.0,,,,,,,,,,,10.0,115.0,35.0,,,,,,COMPLETE
465,465,0.8992177891116361,2025-01-01 10:55:58.570198,2025-01-01 10:57:17.779738,0 days 00:01:19.209540,5,5,25.0,,,,,,,,,,,10.0,120.0,50.0,,,,,,COMPLETE
466,466,0.8888374878570957,2025-01-01 10:57:17.780421,2025-01-01 10:58:32.243455,0 days 00:01:14.463034,5,5,25.0,,,,,,,,,,,5.0,115.0,30.0,,,,,,COMPLETE
467,467,0.861329614255876,2025-01-01 10:58:32.244155,2025-01-01 10:59:52.062438,0 days 00:01:19.818283,5,5,25.0,,,,,,,,,,,10.0,110.0,60.0,,,,,,COMPLETE
468,468,0.8855941036166441,2025-01-01 10:59:52.063127,2025-01-01 11:01:12.171184,0 days 00:01:20.108057,5,10,25.0,,,,,,,,,,,5.0,120.0,50.0,,,,,,COMPLETE
469,469,0.8857442207384614,2025-01-01 11:01:12.171878,2025-01-01 11:02:29.716703,0 days 00:01:17.544825,5,5,30.0,,,,,,,,,,,10.0,115.0,40.0,,,,,,COMPLETE
470,470,0.8713520498334522,2025-01-01 11:02:29.717398,2025-01-01 11:03:52.650307,0 days 00:01:22.932909,5,10,20.0,,,,,,,,,,,5.0,110.0,65.0,,,,,,COMPLETE
471,471,0.8834184586850324,2025-01-01 11:03:52.651013,2025-01-01 11:05:12.841473,0 days 00:01:20.190460,5,10,45.0,,,,,,,,,,,10.0,110.0,25.0,,,,,,COMPLETE
472,472,0.889794945101956,2025-01-01 11:05:12.842170,2025-01-01 11:06:30.982813,0 days 00:01:18.140643,5,5,40.0,,,,,,,,,,,5.0,125.0,30.0,,,,,,COMPLETE
473,473,0.8784525975562785,2025-01-01 11:06:30.983848,2025-01-01 11:07:38.881203,0 days 00:01:07.897355,4,10,35.0,,,,,,,,,,,10.0,105.0,,,,,,,COMPLETE
474,474,0.8965903804703383,2025-01-01 11:07:38.881888,2025-01-01 11:09:10.173753,0 days 00:01:31.291865,5,10,25.0,,,,,,,,,,,5.0,120.0,95.0,,,,,,COMPLETE
475,475,0.8739402900606323,2025-01-01 11:09:10.174445,2025-01-01 11:10:17.397517,0 days 00:01:07.223072,4,5,30.0,,,,,,,,,,,10.0,120.0,,,,,,,COMPLETE
476,476,0.8321077498656189,2025-01-01 11:10:17.398201,2025-01-01 11:11:33.000831,0 days 00:01:15.602630,5,10,25.0,,,,,,,,,,,5.0,115.0,25.0,,,,,,COMPLETE
477,477,0.8541457397746058,2025-01-01 11:11:33.001540,2025-01-01 11:12:58.812974,0 days 00:01:25.811434,5,15,35.0,,,,,,,,,,,10.0,120.0,55.0,,,,,,COMPLETE
478,478,0.9040739022724624,2025-01-01 11:12:58.813680,2025-01-01 11:14:06.009996,0 days 00:01:07.196316,4,5,25.0,,,,,,,,,,,5.0,125.0,,,,,,,COMPLETE
479,479,0.8992620038176817,2025-01-01 11:14:06.010689,2025-01-01 11:15:12.736867,0 days 00:01:06.726178,4,5,25.0,,,,,,,,,,,5.0,125.0,,,,,,,COMPLETE
480,480,0.8598803139428663,2025-01-01 11:15:12.737548,2025-01-01 11:16:19.573968,0 days 00:01:06.836420,4,5,30.0,,,,,,,,,,,5.0,125.0,,,,,,,COMPLETE
481,481,0.8831594325072785,2025-01-01 11:16:19.574669,2025-01-01 11:17:26.229436,0 days 00:01:06.654767,4,5,25.0,,,,,,,,,,,5.0,125.0,,,,,,,COMPLETE
482,482,0.8491253627183308,2025-01-01 11:17:26.230135,2025-01-01 11:18:34.879950,0 days 00:01:08.649815,4,5,30.0,,,,,,,,,,,10.0,125.0,,,,,,,COMPLETE
483,483,0.895437917958741,2025-01-01 11:18:34.880645,2025-01-01 11:19:18.264342,0 days 00:00:43.383697,3,5,25.0,,,,,,,,,,,10.0,,,,,,,,COMPLETE
484,484,0.9011096185152718,2025-01-01 11:19:18.265367,2025-01-01 11:19:57.060337,0 days 00:00:38.794970,2,5,35.0,,,,,,,,,,,,,,,,,,,COMPLETE
485,485,0.8593417067468125,2025-01-01 11:19:57.060818,2025-01-01 11:20:35.628393,0 days 00:00:38.567575,2,5,35.0,,,,,,,,,,,,,,,,,,,COMPLETE
486,486,0.3429303112384464,2025-01-01 11:20:35.629069,2025-01-01 11:21:18.832237,0 days 00:00:43.203168,3,5,40.0,,,,,,,,,,,5.0,,,,,,,,COMPLETE
487,487,0.5353098314831383,2025-01-01 11:21:18.832924,2025-01-01 11:21:59.550894,0 days 00:00:40.717970,2,10,35.0,,,,,,,,,,,,,,,,,,,COMPLETE
488,488,0.8839369894408649,2025-01-01 11:21:59.551574,2025-01-01 11:22:36.953675,0 days 00:00:37.402101,2,5,30.0,,,,,,,,,,,,,,,,,,,COMPLETE
489,489,0.8500655125811936,2025-01-01 11:22:36.954144,2025-01-01 11:23:15.720070,0 days 00:00:38.765926,2,10,25.0,,,,,,,,,,,,,,,,,,,COMPLETE
490,490,0.8866372242812943,2025-01-01 11:23:15.720748,2025-01-01 11:23:44.158081,0 days 00:00:28.437333,1,5,,,,,,,,,,,,,,,,,,,,COMPLETE
491,491,0.8302634887583817,2025-01-01 11:23:44.158763,2025-01-01 11:24:29.669527,0 days 00:00:45.510764,3,10,30.0,,,,,,,,,,,10.0,,,,,,,,COMPLETE
492,492,0.7137854508191721,2025-01-01 11:24:29.670110,2025-01-01 11:25:09.255941,0 days 00:00:39.585831,2,10,25.0,,,,,,,,,,,,,,,,,,,COMPLETE
493,493,0.8718906122272376,2025-01-01 11:25:09.256516,2025-01-01 11:25:52.288000,0 days 00:00:43.031484,3,5,25.0,,,,,,,,,,,10.0,,,,,,,,COMPLETE
494,494,0.8364333593030048,2025-01-01 11:25:52.288678,2025-01-01 11:26:35.205891,0 days 00:00:42.917213,3,10,25.0,,,,,,,,,,,5.0,,,,,,,,COMPLETE
495,495,0.8868673802808584,2025-01-01 11:26:35.206565,2025-01-01 11:27:33.288029,0 days 00:00:58.081464,2,100,30.0,,,,,,,,,,,,,,,,,,,COMPLETE
496,496,0.7986755605367656,2025-01-01 11:27:33.288710,2025-01-01 11:28:18.725884,0 days 00:00:45.437174,3,5,35.0,,,,,,,,,,,15.0,,,,,,,,COMPLETE
497,497,0.892645728460127,2025-01-01 11:28:18.726469,2025-01-01 11:29:24.781575,0 days 00:01:06.055106,4,10,25.0,,,,,,,,,,,5.0,120.0,,,,,,,COMPLETE
498,498,0.900362994021275,2025-01-01 11:29:24.782267,2025-01-01 11:30:04.917837,0 days 00:00:40.135570,3,5,20.0,,,,,,,,,,,10.0,,,,,,,,COMPLETE
499,499,0.5141604866917973,2025-01-01 11:30:04.918327,2025-01-01 11:36:37.851634,0 days 00:06:32.933307,15,5,20.0,195.0,145.0,200.0,130.0,85.0,,,,,,10.0,115.0,40.0,140.0,150.0,35.0,160.0,125.0,COMPLETE
500,500,0.8564811670669739,2025-01-01 11:36:37.852743,2025-01-01 11:37:20.393573,0 days 00:00:42.540830,3,5,40.0,,,,,,,,,,,5.0,,,,,,,,COMPLETE
501,501,0.8991249544823965,2025-01-01 11:37:20.394266,2025-01-01 11:37:57.398814,0 days 00:00:37.004548,2,5,25.0,,,,,,,,,,,,,,,,,,,COMPLETE
502,502,0.8260751359689313,2025-01-01 11:37:57.399496,2025-01-01 11:38:44.487363,0 days 00:00:47.087867,3,15,30.0,,,,,,,,,,,15.0,,,,,,,,COMPLETE
503,503,0.706761434012062,2025-01-01 11:38:44.487965,2025-01-01 11:39:19.381806,0 days 00:00:34.893841,2,5,20.0,,,,,,,,,,,,,,,,,,,COMPLETE
504,504,0.6717123053157925,2025-01-01 11:39:19.382379,2025-01-01 11:39:55.959803,0 days 00:00:36.577424,2,10,20.0,,,,,,,,,,,,,,,,,,,COMPLETE
505,505,0.7507927231977957,2025-01-01 11:39:55.960474,2025-01-01 11:40:36.718864,0 days 00:00:40.758390,2,15,30.0,,,,,,,,,,,,,,,,,,,COMPLETE
506,506,0.8485094974418961,2025-01-01 11:40:36.719446,2025-01-01 11:41:06.870931,0 days 00:00:30.151485,1,10,,,,,,,,,,,,,,,,,,,,COMPLETE
507,507,0.8721652171634926,2025-01-01 11:41:06.871501,2025-01-01 11:41:44.186469,0 days 00:00:37.314968,2,5,25.0,,,,,,,,,,,,,,,,,,,COMPLETE
508,508,0.7789444866339217,2025-01-01 11:41:44.187141,2025-01-01 11:42:27.527266,0 days 00:00:43.340125,3,15,20.0,,,,,,,,,,,10.0,,,,,,,,COMPLETE
509,509,0.8809834348858525,2025-01-01 11:42:27.527773,2025-01-01 11:42:57.880176,0 days 00:00:30.352403,1,10,,,,,,,,,,,,,,,,,,,,COMPLETE
510,510,0.8769365583243156,2025-01-01 11:42:57.880859,2025-01-01 11:43:34.933748,0 days 00:00:37.052889,2,5,25.0,,,,,,,,,,,,,,,,,,,COMPLETE
511,511,0.8871131676806842,2025-01-01 11:43:34.934417,2025-01-01 11:44:18.107509,0 days 00:00:43.173092,3,15,20.0,,,,,,,,,,,10.0,,,,,,,,COMPLETE
512,512,0.8502043216912916,2025-01-01 11:44:18.108000,2025-01-01 11:45:02.998135,0 days 00:00:44.890135,3,10,35.0,,,,,,,,,,,5.0,,,,,,,,COMPLETE
513,513,0.7210327922249915,2025-01-01 11:45:02.998823,2025-01-01 11:45:31.497811,0 days 00:00:28.498988,1,5,,,,,,,,,,,,,,,,,,,,COMPLETE
514,514,0.8121217139196247,2025-01-01 11:45:31.498461,2025-01-01 11:46:18.095184,0 days 00:00:46.596723,3,10,30.0,,,,,,,,,,,15.0,,,,,,,,COMPLETE
515,515,0.8829980785672915,2025-01-01 11:46:18.095693,2025-01-01 11:47:01.263800,0 days 00:00:43.168107,3,15,20.0,,,,,,,,,,,10.0,,,,,,,,COMPLETE
516,516,0.8847155914169293,2025-01-01 11:47:01.264502,2025-01-01 11:47:35.864300,0 days 00:00:34.599798,2,5,20.0,,,,,,,,,,,,,,,,,,,COMPLETE
517,517,0.8777677524908529,2025-01-01 11:47:35.864990,2025-01-01 11:48:18.747287,0 days 00:00:42.882297,3,10,25.0,,,,,,,,,,,5.0,,,,,,,,COMPLETE
518,518,0.8786071265727637,2025-01-01 11:48:18.747789,2025-01-01 11:49:28.928725,0 days 00:01:10.180936,2,150,30.0,,,,,,,,,,,,,,,,,,,COMPLETE
519,519,0.6976788416132693,2025-01-01 11:49:28.929413,2025-01-01 11:50:19.228510,0 days 00:00:50.299097,3,15,45.0,,,,,,,,,,,10.0,,,,,,,,COMPLETE
520,520,0.7930521179841612,2025-01-01 11:50:19.229209,2025-01-01 11:51:27.488595,0 days 00:01:08.259386,4,5,20.0,,,,,,,,,,,15.0,130.0,,,,,,,COMPLETE
521,521,0.828457767342888,2025-01-01 11:51:27.489630,2025-01-01 11:52:37.635758,0 days 00:01:10.146128,4,15,25.0,,,,,,,,,,,5.0,130.0,,,,,,,COMPLETE
522,522,0.8096091425440604,2025-01-01 11:52:37.636472,2025-01-01 11:53:54.005393,0 days 00:01:16.368921,4,10,75.0,,,,,,,,,,,5.0,125.0,,,,,,,COMPLETE
523,523,0.48248582995951417,2025-01-01 11:53:54.006114,2025-01-01 11:54:22.530228,0 days 00:00:28.524114,1,5,,,,,,,,,,,,,,,,,,,,COMPLETE
524,524,0.8695743814445669,2025-01-01 11:54:22.530919,2025-01-01 11:55:29.251405,0 days 00:01:06.720486,4,10,20.0,,,,,,,,,,,15.0,120.0,,,,,,,COMPLETE
525,525,0.8685850198170011,2025-01-01 11:55:29.252125,2025-01-01 11:56:24.318887,0 days 00:00:55.066762,2,80,35.0,,,,,,,,,,,,,,,,,,,COMPLETE
526,526,0.4345935463246674,2025-01-01 11:56:24.319586,2025-01-01 11:57:10.854321,0 days 00:00:46.534735,3,15,25.0,,,,,,,,,,,10.0,,,,,,,,COMPLETE
527,527,0.8144282832195334,2025-01-01 11:57:10.855011,2025-01-01 11:58:14.751900,0 days 00:01:03.896889,4,5,15.0,,,,,,,,,,,5.0,125.0,,,,,,,COMPLETE
528,528,0.8995637597441942,2025-01-01 11:58:14.752613,2025-01-01 11:58:57.065595,0 days 00:00:42.312982,3,10,15.0,,,,,,,,,,,10.0,,,,,,,,COMPLETE
529,529,0.89872450297745,2025-01-01 11:58:57.066289,2025-01-01 11:59:33.735935,0 days 00:00:36.669646,2,10,20.0,,,,,,,,,,,,,,,,,,,COMPLETE
530,530,0.8961522049880486,2025-01-01 11:59:33.736427,2025-01-01 12:00:10.536207,0 days 00:00:36.799780,2,10,20.0,,,,,,,,,,,,,,,,,,,COMPLETE
531,531,0.8875093232990238,2025-01-01 12:00:10.536907,2025-01-01 12:00:47.261098,0 days 00:00:36.724191,2,10,20.0,,,,,,,,,,,,,,,,,,,COMPLETE
532,532,0.9002823404828038,2025-01-01 12:00:47.261686,2025-01-01 12:01:26.085399,0 days 00:00:38.823713,2,10,25.0,,,,,,,,,,,,,,,,,,,COMPLETE
533,533,0.8938303839866428,2025-01-01 12:01:26.085996,2025-01-01 12:02:03.064349,0 days 00:00:36.978353,2,5,25.0,,,,,,,,,,,,,,,,,,,COMPLETE
534,534,0.8851464872959449,2025-01-01 12:02:03.065044,2025-01-01 12:02:41.692282,0 days 00:00:38.627238,2,10,25.0,,,,,,,,,,,,,,,,,,,COMPLETE
535,535,0.7059511336386645,2025-01-01 12:02:41.692879,2025-01-01 12:03:09.973070,0 days 00:00:28.280191,1,5,,,,,,,,,,,,,,,,,,,,COMPLETE
536,536,0.8821204708101176,2025-01-01 12:03:09.973657,2025-01-01 12:03:49.714996,0 days 00:00:39.741339,2,10,30.0,,,,,,,,,,,,,,,,,,,COMPLETE
537,537,0.8979410585321921,2025-01-01 12:03:49.715690,2025-01-01 12:04:27.330918,0 days 00:00:37.615228,2,5,30.0,,,,,,,,,,,,,,,,,,,COMPLETE
538,538,0.8858897679694621,2025-01-01 12:04:27.331408,2025-01-01 12:05:04.796074,0 days 00:00:37.464666,2,5,30.0,,,,,,,,,,,,,,,,,,,COMPLETE
539,539,0.8955588743091001,2025-01-01 12:05:04.796767,2025-01-01 12:05:33.299003,0 days 00:00:28.502236,1,5,,,,,,,,,,,,,,,,,,,,COMPLETE
540,540,0.5722002304882651,2025-01-01 12:05:33.299471,2025-01-01 12:06:03.529325,0 days 00:00:30.229854,1,10,,,,,,,,,,,,,,,,,,,,COMPLETE
541,541,0.8595126878173108,2025-01-01 12:06:03.530011,2025-01-01 12:06:31.956780,0 days 00:00:28.426769,1,5,,,,,,,,,,,,,,,,,,,,COMPLETE
542,542,0.8968401456628581,2025-01-01 12:06:31.957356,2025-01-01 12:07:02.349385,0 days 00:00:30.392029,1,10,,,,,,,,,,,,,,,,,,,,COMPLETE
543,543,0.8770150722591273,2025-01-01 12:07:02.349980,2025-01-01 12:07:30.731040,0 days 00:00:28.381060,1,5,,,,,,,,,,,,,,,,,,,,COMPLETE
544,544,0.6951637914196327,2025-01-01 12:07:30.731622,2025-01-01 12:08:01.057329,0 days 00:00:30.325707,1,10,,,,,,,,,,,,,,,,,,,,COMPLETE
545,545,0.8925810809585357,2025-01-01 12:08:01.057933,2025-01-01 12:08:39.612009,0 days 00:00:38.554076,2,5,35.0,,,,,,,,,,,,,,,,,,,COMPLETE
546,546,0.6398915689436777,2025-01-01 12:08:39.612714,2025-01-01 12:09:09.962655,0 days 00:00:30.349941,1,10,,,,,,,,,,,,,,,,,,,,COMPLETE
547,547,0.8857311175273828,2025-01-01 12:09:09.963120,2025-01-01 12:09:38.454971,0 days 00:00:28.491851,1,5,,,,,,,,,,,,,,,,,,,,COMPLETE
548,548,0.867018479739208,2025-01-01 12:09:38.455665,2025-01-01 12:10:08.797899,0 days 00:00:30.342234,1,10,,,,,,,,,,,,,,,,,,,,COMPLETE
549,549,0.8062704280835293,2025-01-01 12:10:08.798368,2025-01-01 12:10:46.959530,0 days 00:00:38.161162,2,5,40.0,,,,,,,,,,,,,,,,,,,COMPLETE
550,550,0.8788792354857337,2025-01-01 12:10:46.960220,2025-01-01 12:11:17.137584,0 days 00:00:30.177364,1,10,,,,,,,,,,,,,,,,,,,,COMPLETE
551,551,0.8598953624513748,2025-01-01 12:11:17.138056,2025-01-01 12:11:56.771621,0 days 00:00:39.633565,2,10,30.0,,,,,,,,,,,,,,,,,,,COMPLETE
552,552,0.8970034546948181,2025-01-01 12:11:56.772321,2025-01-01 12:12:35.307837,0 days 00:00:38.535516,2,5,35.0,,,,,,,,,,,,,,,,,,,COMPLETE
553,553,0.8308584961734954,2025-01-01 12:12:35.308543,2025-01-01 12:13:16.222244,0 days 00:00:40.913701,2,15,40.0,,,,,,,,,,,,,,,,,,,COMPLETE
554,554,0.8943906302494279,2025-01-01 12:13:16.222827,2025-01-01 12:13:56.779822,0 days 00:00:40.556995,2,10,35.0,,,,,,,,,,,,,,,,,,,COMPLETE
555,555,0.9015247084675506,2025-01-01 12:13:56.780428,2025-01-01 12:14:35.711441,0 days 00:00:38.931013,2,5,35.0,,,,,,,,,,,,,,,,,,,COMPLETE
556,556,0.806122313652651,2025-01-01 12:14:35.712152,2025-01-01 12:15:13.859551,0 days 00:00:38.147399,2,5,40.0,,,,,,,,,,,,,,,,,,,COMPLETE
557,557,0.8803256928256928,2025-01-01 12:15:13.860135,2025-01-01 12:15:52.820130,0 days 00:00:38.959995,2,5,35.0,,,,,,,,,,,,,,,,,,,COMPLETE
558,558,0.6878680699596786,2025-01-01 12:15:52.820750,2025-01-01 12:16:35.622402,0 days 00:00:42.801652,2,10,45.0,,,,,,,,,,,,,,,,,,,COMPLETE
559,559,0.8790974824245918,2025-01-01 12:16:35.623109,2025-01-01 12:17:47.175899,0 days 00:01:11.552790,2,160,35.0,,,,,,,,,,,,,,,,,,,COMPLETE
560,560,0.8979761871836712,2025-01-01 12:17:47.176608,2025-01-01 12:18:25.005039,0 days 00:00:37.828431,2,5,30.0,,,,,,,,,,,,,,,,,,,COMPLETE
561,561,0.9024817028241773,2025-01-01 12:18:25.005760,2025-01-01 12:19:03.653108,0 days 00:00:38.647348,2,5,35.0,,,,,,,,,,,,,,,,,,,COMPLETE
562,562,0.8379115051756321,2025-01-01 12:19:03.653807,2025-01-01 12:19:42.291114,0 days 00:00:38.637307,2,5,35.0,,,,,,,,,,,,,,,,,,,COMPLETE
563,563,0.8796578458439687,2025-01-01 12:19:42.291627,2025-01-01 12:20:21.069468,0 days 00:00:38.777841,2,5,35.0,,,,,,,,,,,,,,,,,,,COMPLETE
564,564,0.8942146900742534,2025-01-01 12:20:21.070188,2025-01-01 12:20:49.265042,0 days 00:00:28.194854,1,5,,,,,,,,,,,,,,,,,,,,COMPLETE
565,565,0.8369573922683444,2025-01-01 12:20:49.265624,2025-01-01 12:21:27.316581,0 days 00:00:38.050957,2,5,40.0,,,,,,,,,,,,,,,,,,,COMPLETE
566,566,0.9051836383246414,2025-01-01 12:21:27.317180,2025-01-01 12:22:05.392322,0 days 00:00:38.075142,2,5,40.0,,,,,,,,,,,,,,,,,,,COMPLETE
567,567,0.9019771305770747,2025-01-01 12:22:05.392998,2025-01-01 12:22:43.787781,0 days 00:00:38.394783,2,5,40.0,,,,,,,,,,,,,,,,,,,COMPLETE
568,568,0.883944435285051,2025-01-01 12:22:43.788443,2025-01-01 12:23:22.276316,0 days 00:00:38.487873,2,5,40.0,,,,,,,,,,,,,,,,,,,COMPLETE
569,569,0.6829554166850098,2025-01-01 12:23:22.276802,2025-01-01 12:24:03.425045,0 days 00:00:41.148243,2,5,45.0,,,,,,,,,,,,,,,,,,,COMPLETE
570,570,0.8834086989070106,2025-01-01 12:24:03.425730,2025-01-01 12:24:44.985228,0 days 00:00:41.559498,2,5,50.0,,,,,,,,,,,,,,,,,,,COMPLETE
571,571,0.8935141978047734,2025-01-01 12:24:44.985919,2025-01-01 12:25:25.468177,0 days 00:00:40.482258,2,5,45.0,,,,,,,,,,,,,,,,,,,COMPLETE
572,572,0.8068326986420858,2025-01-01 12:25:25.468864,2025-01-01 12:26:03.617355,0 days 00:00:38.148491,2,5,40.0,,,,,,,,,,,,,,,,,,,COMPLETE
573,573,0.8351803679596229,2025-01-01 12:26:03.617924,2025-01-01 12:26:44.609135,0 days 00:00:40.991211,2,5,50.0,,,,,,,,,,,,,,,,,,,COMPLETE
574,574,0.822213089278433,2025-01-01 12:26:44.609739,2025-01-01 12:27:23.461244,0 days 00:00:38.851505,2,5,35.0,,,,,,,,,,,,,,,,,,,COMPLETE
575,575,0.8473693609214901,2025-01-01 12:27:23.461927,2025-01-01 12:28:03.884663,0 days 00:00:40.422736,2,10,40.0,,,,,,,,,,,,,,,,,,,COMPLETE
576,576,0.8748904890751721,2025-01-01 12:28:03.885342,2025-01-01 12:28:51.953030,0 days 00:00:48.067688,3,5,35.0,,,,,,,,,,,25.0,,,,,,,,COMPLETE
577,577,0.8770309552671633,2025-01-01 12:28:51.953736,2025-01-01 12:29:40.773636,0 days 00:00:48.819900,3,10,30.0,,,,,,,,,,,30.0,,,,,,,,COMPLETE
578,578,0.8304905375933915,2025-01-01 12:29:40.774321,2025-01-01 12:30:49.394935,0 days 00:01:08.620614,2,125,50.0,,,,,,,,,,,,,,,,,,,COMPLETE
579,579,0.8666474853607511,2025-01-01 12:30:49.395619,2025-01-01 12:31:36.117896,0 days 00:00:46.722277,3,5,30.0,,,,,,,,,,,30.0,,,,,,,,COMPLETE
580,580,0.850529035277451,2025-01-01 12:31:36.118591,2025-01-01 12:32:18.324738,0 days 00:00:42.206147,2,10,45.0,,,,,,,,,,,,,,,,,,,COMPLETE
581,581,0.749280407634723,2025-01-01 12:32:18.325415,2025-01-01 12:33:06.432886,0 days 00:00:48.107471,3,5,35.0,,,,,,,,,,,25.0,,,,,,,,COMPLETE
582,582,0.5991477856332085,2025-01-01 12:33:06.433601,2025-01-01 12:33:36.760990,0 days 00:00:30.327389,1,10,,,,,,,,,,,,,,,,,,,,COMPLETE
583,583,0.8462506924220867,2025-01-01 12:33:36.761457,2025-01-01 12:34:14.793437,0 days 00:00:38.031980,2,5,40.0,,,,,,,,,,,,,,,,,,,COMPLETE
584,584,0.8265065960252701,2025-01-01 12:34:14.794143,2025-01-01 12:34:55.103299,0 days 00:00:40.309156,2,10,30.0,,,,,,,,,,,,,,,,,,,COMPLETE
585,585,0.8906824073280386,2025-01-01 12:34:55.103990,2025-01-01 12:35:43.585392,0 days 00:00:48.481402,3,5,40.0,,,,,,,,,,,35.0,,,,,,,,COMPLETE
586,586,0.7548427441898438,2025-01-01 12:35:43.586101,2025-01-01 12:36:13.911821,0 days 00:00:30.325720,1,10,,,,,,,,,,,,,,,,,,,,COMPLETE
587,587,0.11661284422517172,2025-01-01 12:36:13.912289,2025-01-01 12:41:18.791006,0 days 00:05:04.878717,17,5,35.0,100.0,85.0,110.0,25.0,35.0,5.0,140.0,,,,35.0,55.0,50.0,185.0,155.0,55.0,90.0,40.0,COMPLETE
588,588,0.8732861526523159,2025-01-01 12:41:18.791820,2025-01-01 12:42:05.413848,0 days 00:00:46.622028,3,15,30.0,,,,,,,,,,,20.0,,,,,,,,COMPLETE
589,589,0.8269954970573363,2025-01-01 12:42:05.414552,2025-01-01 12:42:45.636153,0 days 00:00:40.221601,2,10,40.0,,,,,,,,,,,,,,,,,,,COMPLETE
590,590,0.8746215251954288,2025-01-01 12:42:45.636853,2025-01-01 12:43:29.526860,0 days 00:00:43.890007,3,5,30.0,,,,,,,,,,,20.0,,,,,,,,COMPLETE
591,591,0.8683861371752812,2025-01-01 12:43:29.527560,2025-01-01 12:44:20.574557,0 days 00:00:51.046997,1,110,,,,,,,,,,,,,,,,,,,,COMPLETE
592,592,0.8945679979532954,2025-01-01 12:44:20.575237,2025-01-01 12:45:09.651064,0 days 00:00:49.075827,3,10,35.0,,,,,,,,,,,25.0,,,,,,,,COMPLETE
593,593,0.8785978534778974,2025-01-01 12:45:09.651563,2025-01-01 12:45:52.814057,0 days 00:00:43.162494,2,15,45.0,,,,,,,,,,,,,,,,,,,COMPLETE
594,594,0.8611641684742142,2025-01-01 12:45:52.814755,2025-01-01 12:46:30.070463,0 days 00:00:37.255708,2,5,30.0,,,,,,,,,,,,,,,,,,,COMPLETE
595,595,0.8302084382666359,2025-01-01 12:46:30.071163,2025-01-01 12:47:10.608030,0 days 00:00:40.536867,2,10,35.0,,,,,,,,,,,,,,,,,,,COMPLETE
596,596,0.8439354514842086,2025-01-01 12:47:10.608717,2025-01-01 12:47:58.289508,0 days 00:00:47.680791,3,15,40.0,,,,,,,,,,,15.0,,,,,,,,COMPLETE
597,597,0.8140068177282089,2025-01-01 12:47:58.290009,2025-01-01 12:48:35.635379,0 days 00:00:37.345370,2,5,30.0,,,,,,,,,,,,,,,,,,,COMPLETE
598,598,0.6018702056287817,2025-01-01 12:48:35.636069,2025-01-01 12:49:06.028344,0 days 00:00:30.392275,1,10,,,,,,,,,,,,,,,,,,,,COMPLETE
599,599,0.7951938750435815,2025-01-01 12:49:06.029019,2025-01-01 12:49:54.768694,0 days 00:00:48.739675,3,5,55.0,,,,,,,,,,,15.0,,,,,,,,COMPLETE
600,600,0.6689972676734119,2025-01-01 12:49:54.769184,2025-01-01 12:50:46.124229,0 days 00:00:51.355045,3,15,35.0,,,,,,,,,,,25.0,,,,,,,,COMPLETE
601,601,0.850519125028929,2025-01-01 12:50:46.124947,2025-01-01 12:51:24.893010,0 days 00:00:38.768063,2,10,25.0,,,,,,,,,,,,,,,,,,,COMPLETE
602,602,0.8943220506986929,2025-01-01 12:51:24.893704,2025-01-01 12:52:02.697347,0 days 00:00:37.803643,2,5,30.0,,,,,,,,,,,,,,,,,,,COMPLETE
603,603,0.4260213262634041,2025-01-01 12:52:02.698042,2025-01-01 12:57:52.416851,0 days 00:05:49.718809,16,10,45.0,180.0,110.0,25.0,130.0,200.0,65.0,,,,,20.0,60.0,60.0,130.0,175.0,35.0,115.0,70.0,COMPLETE
604,604,0.838967629385319,2025-01-01 12:57:52.417680,2025-01-01 12:58:23.740603,0 days 00:00:31.322923,1,15,,,,,,,,,,,,,,,,,,,,COMPLETE
605,605,0.9038197941799766,2025-01-01 12:58:23.741071,2025-01-01 12:59:00.355585,0 days 00:00:36.614514,2,5,25.0,,,,,,,,,,,,,,,,,,,COMPLETE
606,606,0.8262766079777565,2025-01-01 12:59:00.356271,2025-01-01 12:59:36.985832,0 days 00:00:36.629561,2,5,25.0,,,,,,,,,,,,,,,,,,,COMPLETE
607,607,0.8891967675574751,2025-01-01 12:59:36.986527,2025-01-01 13:00:15.048860,0 days 00:00:38.062333,2,5,30.0,,,,,,,,,,,,,,,,,,,COMPLETE
608,608,0.8529627880123865,2025-01-01 13:00:15.049341,2025-01-01 13:00:51.824812,0 days 00:00:36.775471,2,5,25.0,,,,,,,,,,,,,,,,,,,COMPLETE
609,609,0.8851673465137707,2025-01-01 13:00:51.825509,2025-01-01 13:01:22.278250,0 days 00:00:30.452741,1,10,,,,,,,,,,,,,,,,,,,,COMPLETE
610,610,0.8939539759005963,2025-01-01 13:01:22.278727,2025-01-01 13:02:00.886802,0 days 00:00:38.608075,2,5,35.0,,,,,,,,,,,,,,,,,,,COMPLETE
611,611,0.5817534244313938,2025-01-01 13:02:00.887505,2025-01-01 13:02:29.471882,0 days 00:00:28.584377,1,5,,,,,,,,,,,,,,,,,,,,COMPLETE
612,612,0.8709289831849915,2025-01-01 13:02:29.472468,2025-01-01 13:03:19.183528,0 days 00:00:49.711060,3,10,30.0,,,,,,,,,,,35.0,,,,,,,,COMPLETE
613,613,0.8879877136489984,2025-01-01 13:03:19.184117,2025-01-01 13:03:58.240850,0 days 00:00:39.056733,2,10,25.0,,,,,,,,,,,,,,,,,,,COMPLETE
614,614,0.8061452081831075,2025-01-01 13:03:58.241548,2025-01-01 13:04:36.457534,0 days 00:00:38.215986,2,5,40.0,,,,,,,,,,,,,,,,,,,COMPLETE
615,615,0.8578824102817499,2025-01-01 13:04:36.458232,2025-01-01 13:05:23.093085,0 days 00:00:46.634853,3,5,25.0,,,,,,,,,,,30.0,,,,,,,,COMPLETE
616,616,0.5865300962423566,2025-01-01 13:05:23.093701,2025-01-01 13:06:02.309025,0 days 00:00:39.215324,2,10,30.0,,,,,,,,,,,,,,,,,,,COMPLETE
617,617,0.8938892096690262,2025-01-01 13:06:02.309603,2025-01-01 13:06:32.865745,0 days 00:00:30.556142,1,10,,,,,,,,,,,,,,,,,,,,COMPLETE
618,618,0.32328264383466876,2025-01-01 13:06:32.866437,2025-01-01 13:10:09.659960,0 days 00:03:36.793523,13,5,40.0,50.0,5.0,120.0,,,,,,,,25.0,15.0,75.0,180.0,130.0,5.0,175.0,15.0,COMPLETE
619,619,0.7760974778777188,2025-01-01 13:10:09.660772,2025-01-01 13:10:56.557817,0 days 00:00:46.897045,3,15,25.0,,,,,,,,,,,20.0,,,,,,,,COMPLETE
620,620,0.8577846960533798,2025-01-01 13:10:56.558426,2025-01-01 13:11:37.106458,0 days 00:00:40.548032,2,10,35.0,,,,,,,,,,,,,,,,,,,COMPLETE
621,621,0.8725184798834553,2025-01-01 13:11:37.107171,2025-01-01 13:12:59.788803,0 days 00:01:22.681632,3,200,20.0,,,,,,,,,,,15.0,,,,,,,,COMPLETE
622,622,0.8653298334034256,2025-01-01 13:12:59.789520,2025-01-01 13:13:38.392547,0 days 00:00:38.603027,2,5,35.0,,,,,,,,,,,,,,,,,,,COMPLETE
623,623,0.8874792475831481,2025-01-01 13:13:38.393137,2025-01-01 13:14:17.892116,0 days 00:00:39.498979,2,15,25.0,,,,,,,,,,,,,,,,,,,COMPLETE
624,624,0.8689105982866613,2025-01-01 13:14:17.892848,2025-01-01 13:14:46.117035,0 days 00:00:28.224187,1,5,,,,,,,,,,,,,,,,,,,,COMPLETE
625,625,0.8581183854480745,2025-01-01 13:14:46.117510,2025-01-01 13:15:32.424377,0 days 00:00:46.306867,3,10,30.0,,,,,,,,,,,15.0,,,,,,,,COMPLETE
626,626,0.8420605631748355,2025-01-01 13:15:32.425097,2025-01-01 13:16:06.889941,0 days 00:00:34.464844,2,5,20.0,,,,,,,,,,,,,,,,,,,COMPLETE
627,627,0.8620984786780794,2025-01-01 13:16:06.890644,2025-01-01 13:16:49.631739,0 days 00:00:42.741095,2,10,45.0,,,,,,,,,,,,,,,,,,,COMPLETE
628,628,0.8824896680618074,2025-01-01 13:16:49.632218,2025-01-01 13:17:36.962894,0 days 00:00:47.330676,3,5,30.0,,,,,,,,,,,40.0,,,,,,,,COMPLETE
629,629,0.6583797421371674,2025-01-01 13:17:36.963614,2025-01-01 13:18:08.249083,0 days 00:00:31.285469,1,15,,,,,,,,,,,,,,,,,,,,COMPLETE
630,630,0.845453481026132,2025-01-01 13:18:08.249787,2025-01-01 13:18:48.406376,0 days 00:00:40.156589,2,10,40.0,,,,,,,,,,,,,,,,,,,COMPLETE
631,631,0.8803689213050175,2025-01-01 13:18:48.406986,2025-01-01 13:19:35.297763,0 days 00:00:46.890777,3,5,25.0,,,,,,,,,,,40.0,,,,,,,,COMPLETE
632,632,0.8471499763884318,2025-01-01 13:19:35.298353,2025-01-01 13:20:11.961865,0 days 00:00:36.663512,2,10,20.0,,,,,,,,,,,,,,,,,,,COMPLETE
633,633,0.2629574152574108,2025-01-01 13:20:11.962569,2025-01-01 13:27:21.225934,0 days 00:07:09.263365,19,15,35.0,120.0,25.0,155.0,85.0,140.0,165.0,45.0,120.0,95.0,,25.0,50.0,45.0,150.0,190.0,65.0,75.0,200.0,COMPLETE
634,634,0.8247021829319086,2025-01-01 13:27:21.226792,2025-01-01 13:27:49.425350,0 days 00:00:28.198558,1,5,,,,,,,,,,,,,,,,,,,,COMPLETE
635,635,0.883572937383653,2025-01-01 13:27:49.425949,2025-01-01 13:28:35.373612,0 days 00:00:45.947663,3,10,30.0,,,,,,,,,,,20.0,,,,,,,,COMPLETE
636,636,0.8068879589395951,2025-01-01 13:28:35.374320,2025-01-01 13:29:12.826542,0 days 00:00:37.452222,2,15,20.0,,,,,,,,,,,,,,,,,,,COMPLETE
637,637,0.8519572091940792,2025-01-01 13:29:12.827024,2025-01-01 13:29:49.538081,0 days 00:00:36.711057,2,5,25.0,,,,,,,,,,,,,,,,,,,COMPLETE
638,638,0.8531652016377587,2025-01-01 13:29:49.538810,2025-01-01 13:30:46.476310,0 days 00:00:56.937500,3,10,95.0,,,,,,,,,,,15.0,,,,,,,,COMPLETE
639,639,0.4548808645268489,2025-01-01 13:30:46.477049,2025-01-01 13:34:32.829877,0 days 00:03:46.352828,12,5,35.0,65.0,50.0,,,,,,,,,30.0,145.0,55.0,170.0,160.0,50.0,40.0,55.0,COMPLETE
640,640,0.8420200399425721,2025-01-01 13:34:32.830700,2025-01-01 13:35:13.519799,0 days 00:00:40.689099,2,10,40.0,,,,,,,,,,,,,,,,,,,COMPLETE
641,641,0.8749912412548813,2025-01-01 13:35:13.520522,2025-01-01 13:36:11.605966,0 days 00:00:58.085444,1,145,,,,,,,,,,,,,,,,,,,,COMPLETE
642,642,0.8968277318784388,2025-01-01 13:36:11.606676,2025-01-01 13:36:59.128010,0 days 00:00:47.521334,3,15,30.0,,,,,,,,,,,15.0,,,,,,,,COMPLETE
643,643,0.8556404737401395,2025-01-01 13:36:59.128661,2025-01-01 13:37:39.969101,0 days 00:00:40.840440,3,5,20.0,,,,,,,,,,,20.0,,,,,,,,COMPLETE
644,644,0.9014839277851167,2025-01-01 13:37:39.969717,2025-01-01 13:38:21.365821,0 days 00:00:41.396104,2,5,50.0,,,,,,,,,,,,,,,,,,,COMPLETE
645,645,0.854773424618466,2025-01-01 13:38:21.366548,2025-01-01 13:38:51.382076,0 days 00:00:30.015528,1,10,,,,,,,,,,,,,,,,,,,,COMPLETE
646,646,0.8461663882460582,2025-01-01 13:38:51.382561,2025-01-01 13:39:35.299213,0 days 00:00:43.916652,2,15,50.0,,,,,,,,,,,,,,,,,,,COMPLETE
647,647,0.8788070024659187,2025-01-01 13:39:35.312550,2025-01-01 13:40:16.156268,0 days 00:00:40.843718,2,5,45.0,,,,,,,,,,,,,,,,,,,COMPLETE
648,648,0.8200438451821739,2025-01-01 13:40:16.156994,2025-01-01 13:41:06.364756,0 days 00:00:50.207762,3,10,50.0,,,,,,,,,,,15.0,,,,,,,,COMPLETE
649,649,0.8976847777669132,2025-01-01 13:41:06.365491,2025-01-01 13:41:34.767772,0 days 00:00:28.402281,1,5,,,,,,,,,,,,,,,,,,,,COMPLETE
650,650,0.7300880621742312,2025-01-01 13:41:34.768269,2025-01-01 13:42:03.077726,0 days 00:00:28.309457,1,5,,,,,,,,,,,,,,,,,,,,COMPLETE
651,651,0.8138150841562509,2025-01-01 13:42:03.078427,2025-01-01 13:42:31.463460,0 days 00:00:28.385033,1,5,,,,,,,,,,,,,,,,,,,,COMPLETE
652,652,0.8608918340617356,2025-01-01 13:42:31.463951,2025-01-01 13:42:59.958910,0 days 00:00:28.494959,1,5,,,,,,,,,,,,,,,,,,,,COMPLETE
653,653,0.5858593465376447,2025-01-01 13:42:59.959621,2025-01-01 13:43:28.468720,0 days 00:00:28.509099,1,5,,,,,,,,,,,,,,,,,,,,COMPLETE
654,654,0.8488195272759254,2025-01-01 13:43:28.469197,2025-01-01 13:44:14.712766,0 days 00:00:46.243569,1,85,,,,,,,,,,,,,,,,,,,,COMPLETE
655,655,0.28628882177741527,2025-01-01 13:44:14.713472,2025-01-01 13:52:40.775525,0 days 00:08:26.062053,18,10,40.0,200.0,130.0,85.0,175.0,100.0,110.0,145.0,85.0,,,35.0,200.0,70.0,120.0,140.0,95.0,190.0,160.0,COMPLETE
656,656,0.8277053650427368,2025-01-01 13:52:40.776405,2025-01-01 13:53:24.140427,0 days 00:00:43.364022,2,10,50.0,,,,,,,,,,,,,,,,,,,COMPLETE
657,657,0.7674004838438395,2025-01-01 13:53:24.141164,2025-01-01 13:53:52.680178,0 days 00:00:28.539014,1,5,,,,,,,,,,,,,,,,,,,,COMPLETE
658,658,0.8142445559616435,2025-01-01 13:53:52.680659,2025-01-01 13:54:36.499242,0 days 00:00:43.818583,2,10,55.0,,,,,,,,,,,,,,,,,,,COMPLETE
659,659,0.8727736684090971,2025-01-01 13:54:36.499973,2025-01-01 13:55:13.589582,0 days 00:00:37.089609,2,5,25.0,,,,,,,,,,,,,,,,,,,COMPLETE
660,660,0.8694045478652142,2025-01-01 13:55:13.590310,2025-01-01 13:55:43.814637,0 days 00:00:30.224327,1,10,,,,,,,,,,,,,,,,,,,,COMPLETE
661,661,0.8940146816467041,2025-01-01 13:55:43.815103,2025-01-01 13:56:24.386586,0 days 00:00:40.571483,2,5,45.0,,,,,,,,,,,,,,,,,,,COMPLETE
662,662,0.29161270420746654,2025-01-01 13:56:24.387286,2025-01-01 14:00:16.280783,0 days 00:03:51.893497,11,15,20.0,15.0,,,,,,,,,,45.0,60.0,85.0,200.0,200.0,80.0,130.0,30.0,COMPLETE
663,663,0.8527792242045137,2025-01-01 14:00:16.282305,2025-01-01 14:00:53.569828,0 days 00:00:37.287523,2,5,25.0,,,,,,,,,,,,,,,,,,,COMPLETE
664,664,0.8864133473008647,2025-01-01 14:00:53.570554,2025-01-01 14:01:51.837928,0 days 00:00:58.267374,3,10,85.0,,,,,,,,,,,30.0,,,,,,,,COMPLETE
665,665,0.8914680179380843,2025-01-01 14:01:51.838665,2025-01-01 14:02:40.416863,0 days 00:00:48.578198,3,10,30.0,,,,,,,,,,,25.0,,,,,,,,COMPLETE
666,666,0.8986040409753645,2025-01-01 14:02:40.417593,2025-01-01 14:03:08.742347,0 days 00:00:28.324754,1,5,,,,,,,,,,,,,,,,,,,,COMPLETE
667,667,0.8012293014401102,2025-01-01 14:03:08.742951,2025-01-01 14:03:52.614546,0 days 00:00:43.871595,2,15,45.0,,,,,,,,,,,,,,,,,,,COMPLETE
668,668,0.883139158030183,2025-01-01 14:03:52.615171,2025-01-01 14:04:26.996535,0 days 00:00:34.381364,2,5,20.0,,,,,,,,,,,,,,,,,,,COMPLETE
669,669,0.8810130576226868,2025-01-01 14:04:26.997266,2025-01-01 14:05:50.731000,0 days 00:01:23.733734,3,95,125.0,,,,,,,,,,,20.0,,,,,,,,COMPLETE
670,670,0.7322680268468866,2025-01-01 14:05:50.731751,2025-01-01 14:06:20.828487,0 days 00:00:30.096736,1,10,,,,,,,,,,,,,,,,,,,,COMPLETE
671,671,0.8808972117083593,2025-01-01 14:06:20.828980,2025-01-01 14:06:59.331807,0 days 00:00:38.502827,2,10,25.0,,,,,,,,,,,,,,,,,,,COMPLETE
672,672,0.9019920084844666,2025-01-01 14:06:59.332540,2025-01-01 14:07:34.126124,0 days 00:00:34.793584,2,5,20.0,,,,,,,,,,,,,,,,,,,COMPLETE
673,673,0.26675361060775926,2025-01-01 14:07:34.126741,2025-01-01 14:14:27.495731,0 days 00:06:53.368990,15,15,60.0,185.0,195.0,65.0,30.0,40.0,,,,,,30.0,190.0,50.0,145.0,180.0,190.0,150.0,135.0,COMPLETE
674,674,0.823078227117916,2025-01-01 14:14:27.496571,2025-01-01 14:15:08.375747,0 days 00:00:40.879176,3,5,20.0,,,,,,,,,,,15.0,,,,,,,,COMPLETE
675,675,0.6859122492628413,2025-01-01 14:15:08.376374,2025-01-01 14:15:45.061907,0 days 00:00:36.685533,2,10,20.0,,,,,,,,,,,,,,,,,,,COMPLETE
676,676,0.8732128591535442,2025-01-01 14:15:45.062642,2025-01-01 14:16:59.596669,0 days 00:01:14.534027,2,185,20.0,,,,,,,,,,,,,,,,,,,COMPLETE
677,677,0.891018103719452,2025-01-01 14:16:59.597411,2025-01-01 14:17:28.044767,0 days 00:00:28.447356,1,5,,,,,,,,,,,,,,,,,,,,COMPLETE
678,678,0.8590129874023281,2025-01-01 14:17:28.045490,2025-01-01 14:18:16.189554,0 days 00:00:48.144064,3,15,15.0,,,,,,,,,,,35.0,,,,,,,,COMPLETE
679,679,0.6808984356656087,2025-01-01 14:18:16.190626,2025-01-01 14:18:55.078620,0 days 00:00:38.887994,2,10,25.0,,,,,,,,,,,,,,,,,,,COMPLETE
680,680,0.8799728090371239,2025-01-01 14:18:55.079337,2025-01-01 14:19:35.771363,0 days 00:00:40.692026,3,5,20.0,,,,,,,,,,,20.0,,,,,,,,COMPLETE
681,681,0.8764670031132239,2025-01-01 14:19:35.771884,2025-01-01 14:20:06.052802,0 days 00:00:30.280918,1,10,,,,,,,,,,,,,,,,,,,,COMPLETE
682,682,0.9019412579156081,2025-01-01 14:20:06.053527,2025-01-01 14:20:40.809495,0 days 00:00:34.755968,2,5,20.0,,,,,,,,,,,,,,,,,,,COMPLETE
683,683,0.9054733358794644,2025-01-01 14:20:40.810215,2025-01-01 14:21:34.813225,0 days 00:00:54.003010,3,15,55.0,,,,,,,,,,,25.0,,,,,,,,COMPLETE
684,684,0.3968498138278022,2025-01-01 14:21:34.813984,2025-01-01 14:22:28.409226,0 days 00:00:53.595242,3,15,50.0,,,,,,,,,,,25.0,,,,,,,,COMPLETE
685,685,0.8723415338453577,2025-01-01 14:22:28.409989,2025-01-01 14:23:21.207750,0 days 00:00:52.797761,3,15,50.0,,,,,,,,,,,25.0,,,,,,,,COMPLETE
686,686,0.5087316141380851,2025-01-01 14:23:21.208501,2025-01-01 14:27:37.617131,0 days 00:04:16.408630,10,5,50.0,,,,,,,,,,,20.0,55.0,45.0,190.0,185.0,120.0,170.0,120.0,COMPLETE
687,687,0.8839229732694776,2025-01-01 14:27:37.617930,2025-01-01 14:28:32.886894,0 days 00:00:55.268964,3,15,55.0,,,,,,,,,,,35.0,,,,,,,,COMPLETE
688,688,0.8701593077950485,2025-01-01 14:28:32.887654,2025-01-01 14:29:22.330214,0 days 00:00:49.442560,3,10,40.0,,,,,,,,,,,30.0,,,,,,,,COMPLETE
689,689,0.8822406667971014,2025-01-01 14:29:22.330752,2025-01-01 14:30:04.085836,0 days 00:00:41.755084,2,5,60.0,,,,,,,,,,,,,,,,,,,COMPLETE
690,690,0.8717381924768164,2025-01-01 14:30:04.086588,2025-01-01 14:31:22.130199,0 days 00:01:18.043611,3,115,45.0,,,,,,,,,,,45.0,,,,,,,,COMPLETE
691,691,0.8756994188917164,2025-01-01 14:31:22.130962,2025-01-01 14:32:05.667068,0 days 00:00:43.536106,2,15,45.0,,,,,,,,,,,,,,,,,,,COMPLETE
692,692,0.8189607544502001,2025-01-01 14:32:05.667815,2025-01-01 14:32:49.060580,0 days 00:00:43.392765,2,10,50.0,,,,,,,,,,,,,,,,,,,COMPLETE
693,693,0.8694210901849712,2025-01-01 14:32:49.061093,2025-01-01 14:33:30.127042,0 days 00:00:41.065949,3,5,20.0,,,,,,,,,,,15.0,,,,,,,,COMPLETE
694,694,0.7564744498717527,2025-01-01 14:33:30.127800,2025-01-01 14:34:27.868864,0 days 00:00:57.741064,2,70,45.0,,,,,,,,,,,,,,,,,,,COMPLETE
695,695,0.867250028459758,2025-01-01 14:34:27.869920,2025-01-01 14:35:10.947539,0 days 00:00:43.077619,3,10,15.0,,,,,,,,,,,15.0,,,,,,,,COMPLETE
696,696,0.8946508716998354,2025-01-01 14:35:10.948285,2025-01-01 14:35:39.512441,0 days 00:00:28.564156,1,5,,,,,,,,,,,,,,,,,,,,COMPLETE
697,697,0.8775881982387752,2025-01-01 14:35:39.513183,2025-01-01 14:36:18.962474,0 days 00:00:39.449291,2,15,25.0,,,,,,,,,,,,,,,,,,,COMPLETE
698,698,0.8749830027044586,2025-01-01 14:36:18.962989,2025-01-01 14:37:05.086378,0 days 00:00:46.123389,3,5,40.0,,,,,,,,,,,25.0,,,,,,,,COMPLETE
699,699,0.896108811018326,2025-01-01 14:37:05.087138,2025-01-01 14:37:41.628346,0 days 00:00:36.541208,2,10,20.0,,,,,,,,,,,,,,,,,,,COMPLETE
700,700,0.8852545542098187,2025-01-01 14:37:41.629409,2025-01-01 14:38:23.755946,0 days 00:00:42.126537,2,5,55.0,,,,,,,,,,,,,,,,,,,COMPLETE
701,701,0.4000176985071199,2025-01-01 14:38:23.756607,2025-01-01 14:43:26.373458,0 days 00:05:02.616851,14,10,15.0,165.0,15.0,150.0,125.0,,,,,,,40.0,40.0,60.0,135.0,145.0,90.0,195.0,45.0,COMPLETE
702,702,0.8810100664950296,2025-01-01 14:43:26.374320,2025-01-01 14:43:57.349281,0 days 00:00:30.974961,1,15,,,,,,,,,,,,,,,,,,,,COMPLETE
703,703,0.6720303764566284,2025-01-01 14:43:57.349782,2025-01-01 14:44:44.224984,0 days 00:00:46.875202,3,5,55.0,,,,,,,,,,,10.0,,,,,,,,COMPLETE
704,704,0.8985800808215174,2025-01-01 14:44:44.225738,2025-01-01 14:45:20.893898,0 days 00:00:36.668160,2,10,15.0,,,,,,,,,,,,,,,,,,,COMPLETE
705,705,0.8742406472279511,2025-01-01 14:45:20.894652,2025-01-01 14:45:49.214416,0 days 00:00:28.319764,1,5,,,,,,,,,,,,,,,,,,,,COMPLETE
706,706,0.8845513043013911,2025-01-01 14:45:49.214913,2025-01-01 14:46:28.226695,0 days 00:00:39.011782,2,10,25.0,,,,,,,,,,,,,,,,,,,COMPLETE
707,707,0.8482527108515261,2025-01-01 14:46:28.227436,2025-01-01 14:47:09.806813,0 days 00:00:41.579377,3,5,15.0,,,,,,,,,,,20.0,,,,,,,,COMPLETE
708,708,0.9006838720875936,2025-01-01 14:47:09.807568,2025-01-01 14:48:00.559915,0 days 00:00:50.752347,3,15,55.0,,,,,,,,,,,10.0,,,,,,,,COMPLETE
709,709,0.8910318123885914,2025-01-01 14:48:00.560439,2025-01-01 14:48:51.474889,0 days 00:00:50.914450,3,15,55.0,,,,,,,,,,,10.0,,,,,,,,COMPLETE
710,710,0.8867363928693595,2025-01-01 14:48:51.475648,2025-01-01 14:49:42.336572,0 days 00:00:50.860924,3,15,55.0,,,,,,,,,,,10.0,,,,,,,,COMPLETE
711,711,0.8550171299347641,2025-01-01 14:49:42.337322,2025-01-01 14:50:36.379061,0 days 00:00:54.041739,3,15,70.0,,,,,,,,,,,15.0,,,,,,,,COMPLETE
712,712,0.7579457589010585,2025-01-01 14:50:36.379850,2025-01-01 14:51:26.300645,0 days 00:00:49.920795,3,15,50.0,,,,,,,,,,,10.0,,,,,,,,COMPLETE
713,713,0.8772267127279609,2025-01-01 14:51:26.301393,2025-01-01 14:52:44.992970,0 days 00:01:18.691577,3,135,60.0,,,,,,,,,,,15.0,,,,,,,,COMPLETE
714,714,0.8725523471476656,2025-01-01 14:52:44.993731,2025-01-01 14:53:27.359756,0 days 00:00:42.366025,2,10,45.0,,,,,,,,,,,,,,,,,,,COMPLETE
715,715,0.900959634419953,2025-01-01 14:53:27.360538,2025-01-01 14:54:18.176602,0 days 00:00:50.816064,3,15,50.0,,,,,,,,,,,20.0,,,,,,,,COMPLETE
716,716,0.8390318106572412,2025-01-01 14:54:18.177369,2025-01-01 14:55:08.940121,0 days 00:00:50.762752,3,20,55.0,,,,,,,,,,,20.0,,,,,,,,COMPLETE
717,717,0.7040401759160124,2025-01-01 14:55:08.940896,2025-01-01 14:55:59.053096,0 days 00:00:50.112200,3,20,50.0,,,,,,,,,,,10.0,,,,,,,,COMPLETE
718,718,0.8004738051868412,2025-01-01 14:55:59.053861,2025-01-01 14:56:53.263742,0 days 00:00:54.209881,3,15,65.0,,,,,,,,,,,15.0,,,,,,,,COMPLETE
719,719,0.8813130667204079,2025-01-01 14:56:53.264449,2025-01-01 14:57:40.702886,0 days 00:00:47.438437,3,15,45.0,,,,,,,,,,,5.0,,,,,,,,COMPLETE
720,720,0.8755321988231257,2025-01-01 14:57:40.703514,2025-01-01 14:58:33.654873,0 days 00:00:52.951359,3,10,55.0,,,,,,,,,,,25.0,,,,,,,,COMPLETE
721,721,0.8568340218525234,2025-01-01 14:58:33.655638,2025-01-01 14:59:36.886315,0 days 00:01:03.230677,4,20,60.0,,,,,,,,,,,10.0,50.0,,,,,,,COMPLETE
722,722,0.8730496453900709,2025-01-01 14:59:36.887082,2025-01-01 15:00:37.496941,0 days 00:01:00.609859,4,15,60.0,,,,,,,,,,,20.0,40.0,,,,,,,COMPLETE
723,723,0.8679534870966317,2025-01-01 15:00:37.497721,2025-01-01 15:01:40.284143,0 days 00:01:02.786422,3,75,55.0,,,,,,,,,,,5.0,,,,,,,,COMPLETE
724,724,0.8656890048806507,2025-01-01 15:01:40.284914,2025-01-01 15:02:58.319305,0 days 00:01:18.034391,4,10,45.0,,,,,,,,,,,15.0,145.0,,,,,,,COMPLETE
725,725,0.8772477770602554,2025-01-01 15:02:58.320082,2025-01-01 15:04:08.772766,0 days 00:01:10.452684,3,105,60.0,,,,,,,,,,,10.0,,,,,,,,COMPLETE
726,726,0.7872579043738395,2025-01-01 15:04:08.773534,2025-01-01 15:04:52.603964,0 days 00:00:43.830430,2,20,50.0,,,,,,,,,,,,,,,,,,,COMPLETE
727,727,0.806243918042788,2025-01-01 15:04:52.604714,2025-01-01 15:05:40.373650,0 days 00:00:47.768936,3,10,50.0,,,,,,,,,,,5.0,,,,,,,,COMPLETE
728,728,0.6882800596133016,2025-01-01 15:05:40.374411,2025-01-01 15:06:41.074019,0 days 00:01:00.699608,4,5,65.0,,,,,,,,,,,20.0,30.0,,,,,,,COMPLETE
729,729,0.8727991527899734,2025-01-01 15:06:41.074806,2025-01-01 15:07:22.128837,0 days 00:00:41.054031,2,15,40.0,,,,,,,,,,,,,,,,,,,COMPLETE
730,730,0.8993477747888055,2025-01-01 15:07:22.129355,2025-01-01 15:08:06.824359,0 days 00:00:44.695004,2,5,70.0,,,,,,,,,,,,,,,,,,,COMPLETE
731,731,0.885611345687602,2025-01-01 15:08:06.825135,2025-01-01 15:08:58.154857,0 days 00:00:51.329722,3,10,50.0,,,,,,,,,,,25.0,,,,,,,,COMPLETE
732,732,0.8598550073074505,2025-01-01 15:08:58.155627,2025-01-01 15:10:05.343941,0 days 00:01:07.188314,4,5,75.0,,,,,,,,,,,15.0,65.0,,,,,,,COMPLETE
733,733,0.8684096057089677,2025-01-01 15:10:05.344710,2025-01-01 15:10:51.118818,0 days 00:00:45.774108,2,10,65.0,,,,,,,,,,,,,,,,,,,COMPLETE
734,734,0.8826529768368367,2025-01-01 15:10:51.119588,2025-01-01 15:11:40.113578,0 days 00:00:48.993990,3,15,45.0,,,,,,,,,,,10.0,,,,,,,,COMPLETE
735,735,0.8988786602574896,2025-01-01 15:11:40.114359,2025-01-01 15:12:24.660794,0 days 00:00:44.546435,2,5,70.0,,,,,,,,,,,,,,,,,,,COMPLETE
736,736,0.8613065553991233,2025-01-01 15:12:24.661450,2025-01-01 15:13:31.816640,0 days 00:01:07.155190,3,65,55.0,,,,,,,,,,,30.0,,,,,,,,COMPLETE
737,737,0.6018381918037233,2025-01-01 15:13:31.817415,2025-01-01 15:14:56.806559,0 days 00:01:24.989144,4,10,60.0,,,,,,,,,,,5.0,185.0,,,,,,,COMPLETE
738,738,0.8907015598117419,2025-01-01 15:14:56.807348,2025-01-01 15:15:37.123201,0 days 00:00:40.315853,2,5,45.0,,,,,,,,,,,,,,,,,,,COMPLETE
739,739,0.8889219614212973,2025-01-01 15:15:37.123976,2025-01-01 15:16:27.829285,0 days 00:00:50.705309,3,15,60.0,,,,,,,,,,,20.0,,,,,,,,COMPLETE
740,740,0.8708347071214559,2025-01-01 15:16:27.830075,2025-01-01 15:17:15.439471,0 days 00:00:47.609396,2,10,75.0,,,,,,,,,,,,,,,,,,,COMPLETE
741,741,0.7633955435656024,2025-01-01 15:17:15.440142,2025-01-01 15:18:13.743604,0 days 00:00:58.303462,3,5,105.0,,,,,,,,,,,15.0,,,,,,,,COMPLETE
742,742,0.8703671953278378,2025-01-01 15:18:13.744387,2025-01-01 15:19:51.436448,0 days 00:01:37.692061,4,90,85.0,,,,,,,,,,,10.0,105.0,,,,,,,COMPLETE
743,743,0.8780611948316436,2025-01-01 15:19:51.437231,2025-01-01 15:20:36.355938,0 days 00:00:44.918707,2,20,50.0,,,,,,,,,,,,,,,,,,,COMPLETE
744,744,0.4626331086109037,2025-01-01 15:20:36.356705,2025-01-01 15:26:03.240185,0 days 00:05:26.883480,14,10,40.0,50.0,155.0,185.0,180.0,,,,,,,5.0,140.0,45.0,155.0,125.0,135.0,105.0,10.0,COMPLETE
745,745,0.86064102045522,2025-01-01 15:26:03.241054,2025-01-01 15:26:59.447451,0 days 00:00:56.206397,3,15,65.0,,,,,,,,,,,25.0,,,,,,,,COMPLETE
746,746,0.8575658025408764,2025-01-01 15:26:59.448243,2025-01-01 15:27:41.511032,0 days 00:00:42.062789,2,5,55.0,,,,,,,,,,,,,,,,,,,COMPLETE
747,747,0.8842807231588288,2025-01-01 15:27:41.511563,2025-01-01 15:28:40.171282,0 days 00:00:58.659719,4,15,40.0,,,,,,,,,,,10.0,45.0,,,,,,,COMPLETE
748,748,0.900942011376778,2025-01-01 15:28:40.172065,2025-01-01 15:29:27.827550,0 days 00:00:47.655485,3,5,50.0,,,,,,,,,,,20.0,,,,,,,,COMPLETE
749,749,0.0,2025-01-01 15:29:27.828351,2025-01-01 15:30:18.917629,0 days 00:00:51.089278,3,10,50.0,,,,,,,,,,,20.0,,,,,,,,COMPLETE
750,750,0.8774986806926433,2025-01-01 15:30:18.918421,2025-01-01 15:31:08.999708,0 days 00:00:50.081287,3,10,50.0,,,,,,,,,,,15.0,,,,,,,,COMPLETE
751,751,0.7570261063560504,2025-01-01 15:31:09.000496,2025-01-01 15:32:02.359045,0 days 00:00:53.358549,3,20,45.0,,,,,,,,,,,30.0,,,,,,,,COMPLETE
752,752,0.8646864916054109,2025-01-01 15:32:02.359841,2025-01-01 15:32:52.552371,0 days 00:00:50.192530,3,5,55.0,,,,,,,,,,,25.0,,,,,,,,COMPLETE
753,753,0.8766971034884541,2025-01-01 15:32:52.553168,2025-01-01 15:33:33.929040,0 days 00:00:41.375872,2,5,50.0,,,,,,,,,,,,,,,,,,,COMPLETE
754,754,0.863128409643033,2025-01-01 15:33:33.929577,2025-01-01 15:34:16.133914,0 days 00:00:42.204337,2,10,45.0,,,,,,,,,,,,,,,,,,,COMPLETE
755,755,0.851325443178258,2025-01-01 15:34:16.134696,2025-01-01 15:35:09.649500,0 days 00:00:53.514804,3,15,45.0,,,,,,,,,,,35.0,,,,,,,,COMPLETE
756,756,0.8533500638624699,2025-01-01 15:35:09.650291,2025-01-01 15:36:01.068282,0 days 00:00:51.417991,3,5,55.0,,,,,,,,,,,30.0,,,,,,,,COMPLETE
757,757,0.3658448205385701,2025-01-01 15:36:01.069081,2025-01-01 15:40:18.873465,0 days 00:04:17.804384,13,10,40.0,130.0,180.0,25.0,,,,,,,,20.0,60.0,110.0,110.0,160.0,30.0,10.0,155.0,COMPLETE
758,758,0.13981653719106946,2025-01-01 15:40:18.874349,2025-01-01 15:45:24.736031,0 days 00:05:05.861682,12,5,55.0,145.0,65.0,,,,,,,,,5.0,50.0,75.0,135.0,170.0,100.0,180.0,170.0,COMPLETE
759,759,0.8622106919058918,2025-01-01 15:45:24.736907,2025-01-01 15:46:05.889615,0 days 00:00:41.152708,2,15,40.0,,,,,,,,,,,,,,,,,,,COMPLETE
760,760,0.779407460894443,2025-01-01 15:46:05.890268,2025-01-01 15:46:56.160375,0 days 00:00:50.270107,3,10,50.0,,,,,,,,,,,15.0,,,,,,,,COMPLETE
761,761,0.8323668688838324,2025-01-01 15:46:56.161041,2025-01-01 15:47:36.717004,0 days 00:00:40.555963,2,5,45.0,,,,,,,,,,,,,,,,,,,COMPLETE
762,762,0.8505771323561322,2025-01-01 15:47:36.717801,2025-01-01 15:48:17.967788,0 days 00:00:41.249987,2,20,35.0,,,,,,,,,,,,,,,,,,,COMPLETE
763,763,0.4138442753246617,2025-01-01 15:48:17.968570,2025-01-01 15:51:39.150393,0 days 00:03:21.181823,11,10,80.0,75.0,,,,,,,,,,25.0,35.0,85.0,160.0,120.0,10.0,125.0,65.0,COMPLETE
764,764,0.8621349846126165,2025-01-01 15:51:39.151261,2025-01-01 15:52:34.390106,0 days 00:00:55.238845,3,15,55.0,,,,,,,,,,,40.0,,,,,,,,COMPLETE
765,765,0.8751284308997939,2025-01-01 15:52:34.390921,2025-01-01 15:54:01.044623,0 days 00:01:26.653702,4,5,60.0,,,,,,,,,,,20.0,195.0,,,,,,,COMPLETE
766,766,0.7149255501674363,2025-01-01 15:54:01.045419,2025-01-01 15:54:44.815612,0 days 00:00:43.770193,2,10,50.0,,,,,,,,,,,,,,,,,,,COMPLETE
767,767,0.8311740930718827,2025-01-01 15:54:44.816396,2025-01-01 15:55:30.084078,0 days 00:00:45.267682,3,5,35.0,,,,,,,,,,,15.0,,,,,,,,COMPLETE
768,768,0.8322569684431229,2025-01-01 15:55:30.084883,2025-01-01 15:56:11.132346,0 days 00:00:41.047463,2,15,40.0,,,,,,,,,,,,,,,,,,,COMPLETE
769,769,0.8861847932804379,2025-01-01 15:56:11.133153,2025-01-01 15:56:59.440503,0 days 00:00:48.307350,3,10,60.0,,,,,,,,,,,5.0,,,,,,,,COMPLETE
770,770,0.8472351972631019,2025-01-01 15:56:59.441180,2025-01-01 15:57:37.588078,0 days 00:00:38.146898,2,5,40.0,,,,,,,,,,,,,,,,,,,COMPLETE
771,771,0.8697310940930647,2025-01-01 15:57:37.588740,2025-01-01 15:58:34.507984,0 days 00:00:56.919244,3,20,100.0,,,,,,,,,,,10.0,,,,,,,,COMPLETE
772,772,0.8599089488938458,2025-01-01 15:58:34.508786,2025-01-01 15:59:17.732932,0 days 00:00:43.224146,2,10,50.0,,,,,,,,,,,,,,,,,,,COMPLETE
773,773,0.8425871453964864,2025-01-01 15:59:17.733731,2025-01-01 16:00:20.511085,0 days 00:01:02.777354,3,5,140.0,,,,,,,,,,,15.0,,,,,,,,COMPLETE
774,774,0.8568830524602694,2025-01-01 16:00:20.511884,2025-01-01 16:01:27.592045,0 days 00:01:07.080161,4,10,45.0,,,,,,,,,,,25.0,65.0,,,,,,,COMPLETE
775,775,0.8430805346364738,2025-01-01 16:01:27.592861,2025-01-01 16:02:31.561425,0 days 00:01:03.968564,4,15,45.0,,,,,,,,,,,5.0,65.0,,,,,,,COMPLETE
776,776,0.5356090571708771,2025-01-01 16:02:31.562245,2025-01-01 16:09:19.264607,0 days 00:06:47.702362,20,5,15.0,110.0,95.0,45.0,30.0,170.0,70.0,55.0,145.0,105.0,120.0,20.0,105.0,60.0,120.0,115.0,75.0,35.0,190.0,COMPLETE
777,777,0.8395838413080055,2025-01-01 16:09:19.265421,2025-01-01 16:10:15.041371,0 days 00:00:55.775950,2,15,115.0,,,,,,,,,,,,,,,,,,,COMPLETE
778,778,0.8486917970850886,2025-01-01 16:10:15.042042,2025-01-01 16:11:05.357945,0 days 00:00:50.315903,3,5,70.0,,,,,,,,,,,10.0,,,,,,,,COMPLETE
779,779,0.876075641127237,2025-01-01 16:11:05.358609,2025-01-01 16:12:21.354617,0 days 00:01:15.996008,2,155,50.0,,,,,,,,,,,,,,,,,,,COMPLETE
780,780,0.8626187002835044,2025-01-01 16:12:21.355273,2025-01-01 16:13:05.692157,0 days 00:00:44.336884,3,10,35.0,,,,,,,,,,,5.0,,,,,,,,COMPLETE
781,781,0.8628050047042528,2025-01-01 16:13:05.692830,2025-01-01 16:13:46.193993,0 days 00:00:40.501163,2,10,35.0,,,,,,,,,,,,,,,,,,,COMPLETE
782,782,0.8220990336701548,2025-01-01 16:13:46.194534,2025-01-01 16:14:37.758341,0 days 00:00:51.563807,4,5,15.0,,,,,,,,,,,35.0,20.0,,,,,,,COMPLETE
783,783,0.8717782373173499,2025-01-01 16:14:37.759029,2025-01-01 16:15:18.704039,0 days 00:00:40.945010,2,15,40.0,,,,,,,,,,,,,,,,,,,COMPLETE
784,784,0.8347038789297039,2025-01-01 16:15:18.704705,2025-01-01 16:15:49.603504,0 days 00:00:30.898799,1,20,,,,,,,,,,,,,,,,,,,,COMPLETE
785,785,0.2843744911426819,2025-01-01 16:15:49.604157,2025-01-01 16:22:48.969106,0 days 00:06:59.364949,18,5,15.0,25.0,45.0,170.0,150.0,85.0,155.0,115.0,55.0,,,15.0,110.0,120.0,195.0,175.0,60.0,65.0,80.0,COMPLETE
786,786,0.8552867759432872,2025-01-01 16:22:48.969911,2025-01-01 16:23:38.052341,0 days 00:00:49.082430,3,10,55.0,,,,,,,,,,,10.0,,,,,,,,COMPLETE
787,787,0.8934277785275045,2025-01-01 16:23:38.052906,2025-01-01 16:24:18.352474,0 days 00:00:40.299568,2,5,45.0,,,,,,,,,,,,,,,,,,,COMPLETE
788,788,0.8932151563087283,2025-01-01 16:24:18.353141,2025-01-01 16:25:01.180953,0 days 00:00:42.827812,3,10,20.0,,,,,,,,,,,20.0,,,,,,,,COMPLETE
789,789,0.8765413617476973,2025-01-01 16:25:01.181627,2025-01-01 16:26:05.298568,0 days 00:01:04.116941,4,20,40.0,,,,,,,,,,,30.0,55.0,,,,,,,COMPLETE
790,790,0.8655345313067149,2025-01-01 16:26:05.299238,2025-01-01 16:26:36.466003,0 days 00:00:31.166765,1,15,,,,,,,,,,,,,,,,,,,,COMPLETE
791,791,0.8882410126183087,2025-01-01 16:26:36.466660,2025-01-01 16:27:20.865033,0 days 00:00:44.398373,2,5,65.0,,,,,,,,,,,,,,,,,,,COMPLETE
792,792,0.68892972471295,2025-01-01 16:27:20.865700,2025-01-01 16:28:02.333164,0 days 00:00:41.467464,3,10,15.0,,,,,,,,,,,5.0,,,,,,,,COMPLETE
793,793,0.8533391113542571,2025-01-01 16:28:02.333703,2025-01-01 16:28:40.780742,0 days 00:00:38.447039,2,5,35.0,,,,,,,,,,,,,,,,,,,COMPLETE
794,794,0.8743695145978865,2025-01-01 16:28:40.781393,2025-01-01 16:29:23.664210,0 days 00:00:42.882817,2,10,50.0,,,,,,,,,,,,,,,,,,,COMPLETE
795,795,0.8659522883143441,2025-01-01 16:29:23.664878,2025-01-01 16:31:12.274683,0 days 00:01:48.609805,4,175,20.0,,,,,,,,,,,15.0,145.0,,,,,,,COMPLETE
796,796,0.7969636405699918,2025-01-01 16:31:12.275367,2025-01-01 16:31:58.127795,0 days 00:00:45.852428,3,20,30.0,,,,,,,,,,,10.0,,,,,,,,COMPLETE
797,797,0.8427939436588173,2025-01-01 16:31:58.128464,2025-01-01 16:32:40.309078,0 days 00:00:42.180614,2,5,55.0,,,,,,,,,,,,,,,,,,,COMPLETE
798,798,0.47439884661620413,2025-01-01 16:32:40.309734,2025-01-01 16:36:56.589397,0 days 00:04:16.279663,10,15,90.0,,,,,,,,,,,25.0,135.0,40.0,140.0,145.0,175.0,160.0,115.0,COMPLETE
799,799,0.8667232783138887,2025-01-01 16:36:56.590134,2025-01-01 16:37:43.362268,0 days 00:00:46.772134,3,10,15.0,,,,,,,,,,,35.0,,,,,,,,COMPLETE
800,800,0.8831590845972569,2025-01-01 16:37:43.362955,2025-01-01 16:38:11.608904,0 days 00:00:28.245949,1,5,,,,,,,,,,,,,,,,,,,,COMPLETE
801,801,0.8374851505266345,2025-01-01 16:38:11.609571,2025-01-01 16:39:01.581017,0 days 00:00:49.971446,3,15,45.0,,,,,,,,,,,20.0,,,,,,,,COMPLETE
802,802,0.8791985278094836,2025-01-01 16:39:01.581684,2025-01-01 16:39:53.700326,0 days 00:00:52.118642,4,10,20.0,,,,,,,,,,,5.0,45.0,,,,,,,COMPLETE
803,803,0.8807829177040188,2025-01-01 16:39:53.701024,2025-01-01 16:40:31.955119,0 days 00:00:38.254095,2,5,40.0,,,,,,,,,,,,,,,,,,,COMPLETE
804,804,0.8920419979812961,2025-01-01 16:40:31.955662,2025-01-01 16:41:21.206130,0 days 00:00:49.250468,3,10,60.0,,,,,,,,,,,10.0,,,,,,,,COMPLETE
805,805,0.8086449074785915,2025-01-01 16:41:21.206807,2025-01-01 16:41:52.235078,0 days 00:00:31.028271,1,15,,,,,,,,,,,,,,,,,,,,COMPLETE
806,806,0.8704743982420267,2025-01-01 16:41:52.235734,2025-01-01 16:42:30.797142,0 days 00:00:38.561408,2,5,35.0,,,,,,,,,,,,,,,,,,,COMPLETE
807,807,0.8746068805461789,2025-01-01 16:42:30.797692,2025-01-01 16:43:14.966992,0 days 00:00:44.169300,3,15,20.0,,,,,,,,,,,15.0,,,,,,,,COMPLETE
808,808,0.8442676379251077,2025-01-01 16:43:14.967674,2025-01-01 16:44:29.567441,0 days 00:01:14.599767,4,10,45.0,,,,,,,,,,,10.0,140.0,,,,,,,COMPLETE
809,809,0.7184926073122218,2025-01-01 16:44:29.568142,2025-01-01 16:45:06.954530,0 days 00:00:37.386388,2,5,30.0,,,,,,,,,,,,,,,,,,,COMPLETE
810,810,0.7726708202094374,2025-01-01 16:45:06.955192,2025-01-01 16:45:37.216622,0 days 00:00:30.261430,1,10,,,,,,,,,,,,,,,,,,,,COMPLETE
811,811,0.8010709514504271,2025-01-01 16:45:37.217181,2025-01-01 16:46:18.406780,0 days 00:00:41.189599,2,5,50.0,,,,,,,,,,,,,,,,,,,COMPLETE
812,812,0.8806688204932256,2025-01-01 16:46:18.407407,2025-01-01 16:47:02.052745,0 days 00:00:43.645338,3,20,15.0,,,,,,,,,,,20.0,,,,,,,,COMPLETE
813,813,0.8844336959114947,2025-01-01 16:47:02.053414,2025-01-01 16:48:19.102768,0 days 00:01:17.049354,4,15,25.0,,,,,,,,,,,120.0,45.0,,,,,,,COMPLETE
814,814,0.7457619189347475,2025-01-01 16:48:19.103455,2025-01-01 16:48:59.271713,0 days 00:00:40.168258,2,10,30.0,,,,,,,,,,,,,,,,,,,COMPLETE
815,815,0.012357540426169093,2025-01-01 16:48:59.272364,2025-01-01 16:49:45.989738,0 days 00:00:46.717374,3,5,55.0,,,,,,,,,,,5.0,,,,,,,,COMPLETE
816,816,0.3585639507091849,2025-01-01 16:49:45.990421,2025-01-01 16:53:00.255245,0 days 00:03:14.264824,9,5,40.0,,,,,,,,,,,30.0,10.0,125.0,170.0,140.0,110.0,95.0,,COMPLETE
817,817,0.8753305333077752,2025-01-01 16:53:00.255980,2025-01-01 16:54:00.448090,0 days 00:01:00.192110,2,125,20.0,,,,,,,,,,,,,,,,,,,COMPLETE
818,818,0.7907122175035409,2025-01-01 16:54:00.448759,2025-01-01 16:54:31.041650,0 days 00:00:30.592891,1,10,,,,,,,,,,,,,,,,,,,,COMPLETE
819,819,0.8680864850669173,2025-01-01 16:54:31.042309,2025-01-01 16:55:18.148282,0 days 00:00:47.105973,2,15,65.0,,,,,,,,,,,,,,,,,,,COMPLETE
820,820,0.8941201473108715,2025-01-01 16:55:18.148855,2025-01-01 16:56:03.199180,0 days 00:00:45.050325,3,5,35.0,,,,,,,,,,,15.0,,,,,,,,COMPLETE
821,821,0.8648099652703352,2025-01-01 16:56:03.199859,2025-01-01 16:56:44.925867,0 days 00:00:41.726008,3,10,15.0,,,,,,,,,,,5.0,,,,,,,,COMPLETE
822,822,0.8622900784733744,2025-01-01 16:56:44.926552,2025-01-01 16:58:18.842194,0 days 00:01:33.915642,4,55,25.0,,,,,,,,,,,25.0,185.0,,,,,,,COMPLETE
823,823,0.8728635300683939,2025-01-01 16:58:18.842902,2025-01-01 16:59:12.981578,0 days 00:00:54.138676,3,15,50.0,,,,,,,,,,,40.0,,,,,,,,COMPLETE
824,824,0.823527250113071,2025-01-01 16:59:12.982147,2025-01-01 17:00:26.358652,0 days 00:01:13.376505,4,20,30.0,,,,,,,,,,,10.0,135.0,,,,,,,COMPLETE
825,825,0.819964542889116,2025-01-01 17:00:26.359340,2025-01-01 17:01:04.806141,0 days 00:00:38.446801,2,5,35.0,,,,,,,,,,,,,,,,,,,COMPLETE
826,826,0.810854295620407,2025-01-01 17:01:04.806699,2025-01-01 17:01:41.789444,0 days 00:00:36.982745,2,10,15.0,,,,,,,,,,,,,,,,,,,COMPLETE
827,827,0.6755607274662224,2025-01-01 17:01:41.790120,2025-01-01 17:02:10.312762,0 days 00:00:28.522642,1,5,,,,,,,,,,,,,,,,,,,,COMPLETE
828,828,0.4051835071519082,2025-01-01 17:02:10.313321,2025-01-01 17:07:55.182968,0 days 00:05:44.869647,16,10,45.0,95.0,135.0,115.0,80.0,25.0,35.0,,,,,15.0,150.0,80.0,130.0,165.0,150.0,55.0,100.0,COMPLETE
829,829,0.3494895622497673,2025-01-01 17:07:55.183755,2025-01-01 17:08:33.099226,0 days 00:00:37.915471,2,15,20.0,,,,,,,,,,,,,,,,,,,COMPLETE
830,830,0.7373334351558807,2025-01-01 17:08:33.099910,2025-01-01 17:09:16.738323,0 days 00:00:43.638413,3,5,25.0,,,,,,,,,,,20.0,,,,,,,,COMPLETE
831,831,0.9002837535088705,2025-01-01 17:09:16.739014,2025-01-01 17:09:56.817096,0 days 00:00:40.078082,2,10,40.0,,,,,,,,,,,,,,,,,,,COMPLETE
832,832,0.0763367778786281,2025-01-01 17:09:56.817775,2025-01-01 17:15:33.473808,0 days 00:05:36.656033,15,20,40.0,175.0,110.0,90.0,115.0,125.0,,,,,,35.0,30.0,75.0,180.0,130.0,130.0,75.0,45.0,COMPLETE
833,833,0.8594142123814626,2025-01-01 17:15:33.474587,2025-01-01 17:16:04.536729,0 days 00:00:31.062142,1,15,,,,,,,,,,,,,,,,,,,,COMPLETE
834,834,0.8507275329979159,2025-01-01 17:16:04.537381,2025-01-01 17:16:47.553472,0 days 00:00:43.016091,2,20,45.0,,,,,,,,,,,,,,,,,,,COMPLETE
835,835,0.8898507193274194,2025-01-01 17:16:47.554153,2025-01-01 17:17:31.070126,0 days 00:00:43.515973,2,15,45.0,,,,,,,,,,,,,,,,,,,COMPLETE
836,836,0.6868656878916417,2025-01-01 17:17:31.070679,2025-01-01 17:18:11.450575,0 days 00:00:40.379896,2,10,40.0,,,,,,,,,,,,,,,,,,,COMPLETE
837,837,0.8555233030422222,2025-01-01 17:18:11.451248,2025-01-01 17:18:55.145148,0 days 00:00:43.693900,2,10,60.0,,,,,,,,,,,,,,,,,,,COMPLETE
838,838,0.6459597006146084,2025-01-01 17:18:55.145820,2025-01-01 17:19:26.241159,0 days 00:00:31.095339,1,15,,,,,,,,,,,,,,,,,,,,COMPLETE
839,839,0.8683639975686054,2025-01-01 17:19:26.242867,2025-01-01 17:20:09.608478,0 days 00:00:43.365611,2,10,50.0,,,,,,,,,,,,,,,,,,,COMPLETE
840,840,0.6721842638558049,2025-01-01 17:20:09.609179,2025-01-01 17:20:41.036941,0 days 00:00:31.427762,1,15,,,,,,,,,,,,,,,,,,,,COMPLETE
841,841,0.8843620205198705,2025-01-01 17:20:41.037611,2025-01-01 17:21:21.307287,0 days 00:00:40.269676,2,10,40.0,,,,,,,,,,,,,,,,,,,COMPLETE
842,842,0.7718625087474345,2025-01-01 17:21:21.307848,2025-01-01 17:21:49.775614,0 days 00:00:28.467766,1,5,,,,,,,,,,,,,,,,,,,,COMPLETE
843,843,0.8388228769264382,2025-01-01 17:21:49.776281,2025-01-01 17:22:33.965432,0 days 00:00:44.189151,2,10,55.0,,,,,,,,,,,,,,,,,,,COMPLETE
844,844,0.8617999565633658,2025-01-01 17:22:33.966108,2025-01-01 17:23:17.984009,0 days 00:00:44.017901,2,20,50.0,,,,,,,,,,,,,,,,,,,COMPLETE
845,845,0.9002237510817561,2025-01-01 17:23:17.984577,2025-01-01 17:24:05.646400,0 days 00:00:47.661823,3,5,40.0,,,,,,,,,,,30.0,,,,,,,,COMPLETE
846,846,0.8711968779288801,2025-01-01 17:24:05.647102,2025-01-01 17:25:20.918723,0 days 00:01:15.271621,3,15,155.0,,,,,,,,,,,45.0,,,,,,,,COMPLETE
847,847,0.8824815160160175,2025-01-01 17:25:20.919397,2025-01-01 17:26:14.658695,0 days 00:00:53.739298,3,10,40.0,,,,,,,,,,,50.0,,,,,,,,COMPLETE
848,848,0.8442704528645296,2025-01-01 17:26:14.659383,2025-01-01 17:27:02.504834,0 days 00:00:47.845451,3,5,40.0,,,,,,,,,,,40.0,,,,,,,,COMPLETE
849,849,0.8806388195676135,2025-01-01 17:27:02.505529,2025-01-01 17:27:52.210135,0 days 00:00:49.704606,3,10,35.0,,,,,,,,,,,30.0,,,,,,,,COMPLETE
850,850,0.8386210583062192,2025-01-01 17:27:52.210829,2025-01-01 17:28:41.881447,0 days 00:00:49.670618,3,5,45.0,,,,,,,,,,,30.0,,,,,,,,COMPLETE
851,851,0.8815645301412306,2025-01-01 17:28:41.882147,2025-01-01 17:29:31.369792,0 days 00:00:49.487645,3,15,35.0,,,,,,,,,,,25.0,,,,,,,,COMPLETE
852,852,0.8983992797311284,2025-01-01 17:29:31.370476,2025-01-01 17:30:22.926525,0 days 00:00:51.556049,3,20,40.0,,,,,,,,,,,35.0,,,,,,,,COMPLETE
853,853,0.8954652133129823,2025-01-01 17:30:22.927111,2025-01-01 17:31:14.600670,0 days 00:00:51.673559,3,10,45.0,,,,,,,,,,,30.0,,,,,,,,COMPLETE
854,854,0.7882635403890377,2025-01-01 17:31:14.601332,2025-01-01 17:32:01.990572,0 days 00:00:47.389240,3,5,35.0,,,,,,,,,,,25.0,,,,,,,,COMPLETE
855,855,0.8207903865971952,2025-01-01 17:32:01.991265,2025-01-01 17:33:05.194354,0 days 00:01:03.203089,4,15,45.0,,,,,,,,,,,20.0,50.0,,,,,,,COMPLETE
856,856,0.8587848859278983,2025-01-01 17:33:05.195070,2025-01-01 17:33:56.751187,0 days 00:00:51.556117,3,5,40.0,,,,,,,,,,,50.0,,,,,,,,COMPLETE
857,857,0.8978365817796887,2025-01-01 17:33:56.751885,2025-01-01 17:34:39.023193,0 days 00:00:42.271308,2,10,45.0,,,,,,,,,,,,,,,,,,,COMPLETE
858,858,0.8738972881185071,2025-01-01 17:34:39.023871,2025-01-01 17:35:41.567460,0 days 00:01:02.543589,3,70,35.0,,,,,,,,,,,25.0,,,,,,,,COMPLETE
859,859,0.9026296434660708,2025-01-01 17:35:41.568168,2025-01-01 17:36:16.188900,0 days 00:00:34.620732,2,5,15.0,,,,,,,,,,,,,,,,,,,COMPLETE
860,860,0.5648970423364855,2025-01-01 17:36:16.189488,2025-01-01 17:36:44.541604,0 days 00:00:28.352116,1,5,,,,,,,,,,,,,,,,,,,,COMPLETE
861,861,0.852591819492073,2025-01-01 17:36:44.542243,2025-01-01 17:37:23.242239,0 days 00:00:38.699996,2,5,35.0,,,,,,,,,,,,,,,,,,,COMPLETE
862,862,0.9026813398175666,2025-01-01 17:37:23.242911,2025-01-01 17:38:01.398231,0 days 00:00:38.155320,2,5,40.0,,,,,,,,,,,,,,,,,,,COMPLETE
863,863,0.8233725284876294,2025-01-01 17:38:01.398790,2025-01-01 17:38:29.974669,0 days 00:00:28.575879,1,5,,,,,,,,,,,,,,,,,,,,COMPLETE
864,864,0.8438091705741864,2025-01-01 17:38:29.975332,2025-01-01 17:39:00.404527,0 days 00:00:30.429195,1,10,,,,,,,,,,,,,,,,,,,,COMPLETE
865,865,0.8708868148954898,2025-01-01 17:39:00.405067,2025-01-01 17:40:19.754234,0 days 00:01:19.349167,2,195,30.0,,,,,,,,,,,,,,,,,,,COMPLETE
866,866,0.8304453854576104,2025-01-01 17:40:19.754928,2025-01-01 17:40:54.626798,0 days 00:00:34.871870,2,5,15.0,,,,,,,,,,,,,,,,,,,COMPLETE
867,867,0.863403845214829,2025-01-01 17:40:54.627463,2025-01-01 17:41:25.112416,0 days 00:00:30.484953,1,10,,,,,,,,,,,,,,,,,,,,COMPLETE
868,868,0.8365487936683469,2025-01-01 17:41:25.112980,2025-01-01 17:42:03.345858,0 days 00:00:38.232878,2,5,40.0,,,,,,,,,,,,,,,,,,,COMPLETE
869,869,0.6305462513737549,2025-01-01 17:42:03.346550,2025-01-01 17:42:46.896210,0 days 00:00:43.549660,2,10,50.0,,,,,,,,,,,,,,,,,,,COMPLETE
870,870,0.8807114837509344,2025-01-01 17:42:46.896902,2025-01-01 17:43:15.485562,0 days 00:00:28.588660,1,5,,,,,,,,,,,,,,,,,,,,COMPLETE
871,871,0.8473675314510402,2025-01-01 17:43:15.486120,2025-01-01 17:43:58.785204,0 days 00:00:43.299084,2,15,45.0,,,,,,,,,,,,,,,,,,,COMPLETE
872,872,0.8819049157822059,2025-01-01 17:43:58.785896,2025-01-01 17:44:52.885234,0 days 00:00:54.099338,2,10,120.0,,,,,,,,,,,,,,,,,,,COMPLETE
873,873,0.7907502400219448,2025-01-01 17:44:52.885923,2025-01-01 17:45:31.436973,0 days 00:00:38.551050,2,5,35.0,,,,,,,,,,,,,,,,,,,COMPLETE
874,874,0.8831800934122777,2025-01-01 17:45:31.437657,2025-01-01 17:46:11.804643,0 days 00:00:40.366986,2,15,30.0,,,,,,,,,,,,,,,,,,,COMPLETE
875,875,0.8441430909516017,2025-01-01 17:46:11.805193,2025-01-01 17:46:42.328499,0 days 00:00:30.523306,1,10,,,,,,,,,,,,,,,,,,,,COMPLETE
876,876,0.34922842702633367,2025-01-01 17:46:42.329173,2025-01-01 17:53:39.033663,0 days 00:06:56.704490,17,5,15.0,55.0,200.0,125.0,60.0,180.0,85.0,165.0,,,,45.0,60.0,105.0,105.0,195.0,120.0,25.0,170.0,COMPLETE
877,877,0.8414558148945965,2025-01-01 17:53:39.034497,2025-01-01 17:54:19.800960,0 days 00:00:40.766463,2,10,35.0,,,,,,,,,,,,,,,,,,,COMPLETE
878,878,0.8888001104420162,2025-01-01 17:54:19.801525,2025-01-01 17:55:04.075288,0 days 00:00:44.273763,2,15,50.0,,,,,,,,,,,,,,,,,,,COMPLETE
879,879,0.8697539465561337,2025-01-01 17:55:04.075987,2025-01-01 17:55:51.936303,0 days 00:00:47.860316,1,100,,,,,,,,,,,,,,,,,,,,COMPLETE
880,880,0.8699070259981994,2025-01-01 17:55:51.936987,2025-01-01 17:56:50.906722,0 days 00:00:58.969735,2,120,15.0,,,,,,,,,,,,,,,,,,,COMPLETE
881,881,0.8173477823037483,2025-01-01 17:56:50.907388,2025-01-01 17:57:28.242864,0 days 00:00:37.335476,2,20,20.0,,,,,,,,,,,,,,,,,,,COMPLETE
882,882,0.891040578139469,2025-01-01 17:57:28.243556,2025-01-01 17:58:08.653185,0 days 00:00:40.409629,2,5,45.0,,,,,,,,,,,,,,,,,,,COMPLETE
883,883,0.522704911367702,2025-01-01 17:58:08.653880,2025-01-01 17:58:38.684909,0 days 00:00:30.031029,1,10,,,,,,,,,,,,,,,,,,,,COMPLETE
884,884,0.8329396896430273,2025-01-01 17:58:38.685457,2025-01-01 17:59:16.804912,0 days 00:00:38.119455,2,5,40.0,,,,,,,,,,,,,,,,,,,COMPLETE
885,885,0.5535305644772033,2025-01-01 17:59:16.805596,2025-01-01 18:03:05.029649,0 days 00:03:48.224053,13,10,30.0,35.0,180.0,15.0,,,,,,,,35.0,35.0,65.0,150.0,5.0,185.0,140.0,30.0,COMPLETE
886,886,0.7649349362111828,2025-01-01 18:03:05.030462,2025-01-01 18:03:42.736248,0 days 00:00:37.705786,2,15,20.0,,,,,,,,,,,,,,,,,,,COMPLETE
887,887,0.8115197341905251,2025-01-01 18:03:42.736947,2025-01-01 18:04:11.337686,0 days 00:00:28.600739,1,5,,,,,,,,,,,,,,,,,,,,COMPLETE
888,888,0.8758055054791922,2025-01-01 18:04:11.338232,2025-01-01 18:04:55.310533,0 days 00:00:43.972301,2,20,50.0,,,,,,,,,,,,,,,,,,,COMPLETE
889,889,0.8891034762277471,2025-01-01 18:04:55.311225,2025-01-01 18:05:33.501627,0 days 00:00:38.190402,2,5,40.0,,,,,,,,,,,,,,,,,,,COMPLETE
890,890,0.8785646432668354,2025-01-01 18:05:33.502314,2025-01-01 18:06:04.475690,0 days 00:00:30.973376,1,20,,,,,,,,,,,,,,,,,,,,COMPLETE
891,891,0.8697769702510088,2025-01-01 18:06:04.476237,2025-01-01 18:06:45.188364,0 days 00:00:40.712127,2,10,35.0,,,,,,,,,,,,,,,,,,,COMPLETE
892,892,0.8636156602784135,2025-01-01 18:06:45.189055,2025-01-01 18:07:22.462809,0 days 00:00:37.273754,2,5,25.0,,,,,,,,,,,,,,,,,,,COMPLETE
893,893,0.8103990159824059,2025-01-01 18:07:22.463493,2025-01-01 18:07:59.817619,0 days 00:00:37.354126,2,10,15.0,,,,,,,,,,,,,,,,,,,COMPLETE
894,894,0.4084096246552922,2025-01-01 18:07:59.818205,2025-01-01 18:12:21.792194,0 days 00:04:21.973989,10,15,45.0,,,,,,,,,,,110.0,195.0,115.0,120.0,155.0,70.0,165.0,55.0,COMPLETE
895,895,0.904087554645846,2025-01-01 18:12:21.792942,2025-01-01 18:12:50.402070,0 days 00:00:28.609128,1,5,,,,,,,,,,,,,,,,,,,,COMPLETE
896,896,0.6334338765726607,2025-01-01 18:12:50.402652,2025-01-01 18:13:18.660588,0 days 00:00:28.257936,1,5,,,,,,,,,,,,,,,,,,,,COMPLETE
897,897,0.8089572052663361,2025-01-01 18:13:18.661230,2025-01-01 18:13:47.089910,0 days 00:00:28.428680,1,5,,,,,,,,,,,,,,,,,,,,COMPLETE
898,898,0.8562747319951076,2025-01-01 18:13:47.090490,2025-01-01 18:14:15.466799,0 days 00:00:28.376309,1,5,,,,,,,,,,,,,,,,,,,,COMPLETE
899,899,0.38059162967660115,2025-01-01 18:14:15.467450,2025-01-01 18:14:44.139235,0 days 00:00:28.671785,1,5,,,,,,,,,,,,,,,,,,,,COMPLETE
900,900,0.43294426415956394,2025-01-01 18:14:44.139777,2025-01-01 18:15:12.662467,0 days 00:00:28.522690,1,5,,,,,,,,,,,,,,,,,,,,COMPLETE
901,901,0.895527164344277,2025-01-01 18:15:12.663154,2025-01-01 18:16:11.739504,0 days 00:00:59.076350,3,10,55.0,,,,,,,,,,,55.0,,,,,,,,COMPLETE
902,902,0.41249947014590066,2025-01-01 18:16:11.740202,2025-01-01 18:16:40.142761,0 days 00:00:28.402559,1,5,,,,,,,,,,,,,,,,,,,,COMPLETE
903,903,0.8633993248815448,2025-01-01 18:16:40.143292,2025-01-01 18:17:10.283942,0 days 00:00:30.140650,1,10,,,,,,,,,,,,,,,,,,,,COMPLETE
904,904,0.7148069986761847,2025-01-01 18:17:10.284626,2025-01-01 18:17:41.478358,0 days 00:00:31.193732,1,15,,,,,,,,,,,,,,,,,,,,COMPLETE
905,905,0.8842026371418996,2025-01-01 18:17:41.478912,2025-01-01 18:18:33.750128,0 days 00:00:52.271216,3,10,50.0,,,,,,,,,,,25.0,,,,,,,,COMPLETE
906,906,0.8952988740168469,2025-01-01 18:18:33.750839,2025-01-01 18:19:29.627125,0 days 00:00:55.876286,4,5,45.0,,,,,,,,,,,20.0,40.0,,,,,,,COMPLETE
907,907,0.7750641399955032,2025-01-01 18:19:29.627836,2025-01-01 18:20:41.076661,0 days 00:01:11.448825,4,5,55.0,,,,,,,,,,,15.0,110.0,,,,,,,COMPLETE
908,908,0.42424688671936,2025-01-01 18:20:41.077365,2025-01-01 18:24:31.320905,0 days 00:03:50.243540,12,15,40.0,155.0,70.0,,,,,,,,,35.0,105.0,55.0,195.0,50.0,40.0,200.0,5.0,COMPLETE
909,909,0.2698919449901768,2025-01-01 18:24:31.321967,2025-01-01 18:25:09.032982,0 days 00:00:37.711015,2,10,15.0,,,,,,,,,,,,,,,,,,,COMPLETE
910,910,0.8868006050999664,2025-01-01 18:25:09.033677,2025-01-01 18:25:57.861652,0 days 00:00:48.827975,3,5,45.0,,,,,,,,,,,25.0,,,,,,,,COMPLETE
911,911,0.8128460745367556,2025-01-01 18:25:57.862349,2025-01-01 18:26:27.911070,0 days 00:00:30.048721,1,10,,,,,,,,,,,,,,,,,,,,COMPLETE
912,912,0.6776074682429113,2025-01-01 18:26:27.911631,2025-01-01 18:27:09.161613,0 days 00:00:41.249982,2,5,50.0,,,,,,,,,,,,,,,,,,,COMPLETE
913,913,0.8888628448170559,2025-01-01 18:27:09.162309,2025-01-01 18:28:13.095444,0 days 00:01:03.933135,3,10,130.0,,,,,,,,,,,15.0,,,,,,,,COMPLETE
914,914,0.8829428823003465,2025-01-01 18:28:13.109349,2025-01-01 18:29:21.711769,0 days 00:01:08.602420,4,15,40.0,,,,,,,,,,,40.0,70.0,,,,,,,COMPLETE
915,915,0.4089220529073051,2025-01-01 18:29:21.712478,2025-01-01 18:32:38.073119,0 days 00:03:16.360641,9,5,15.0,,,,,,,,,,,120.0,55.0,130.0,160.0,20.0,160.0,120.0,,COMPLETE
916,916,0.17864518966342674,2025-01-01 18:32:38.073882,2025-01-01 18:37:13.753224,0 days 00:04:35.679342,11,90,35.0,190.0,,,,,,,,,,20.0,65.0,35.0,170.0,140.0,20.0,185.0,180.0,COMPLETE
917,917,0.8802952007602756,2025-01-01 18:37:13.754003,2025-01-01 18:37:57.894435,0 days 00:00:44.140432,2,10,55.0,,,,,,,,,,,,,,,,,,,COMPLETE
918,918,0.882313534176462,2025-01-01 18:37:57.895078,2025-01-01 18:38:29.138897,0 days 00:00:31.243819,1,15,,,,,,,,,,,,,,,,,,,,COMPLETE
919,919,0.8704197558811237,2025-01-01 18:38:29.139582,2025-01-01 18:39:36.262667,0 days 00:01:07.123085,2,140,30.0,,,,,,,,,,,,,,,,,,,COMPLETE
920,920,0.8932512234371295,2025-01-01 18:39:36.263361,2025-01-01 18:40:24.300740,0 days 00:00:48.037379,3,5,35.0,,,,,,,,,,,30.0,,,,,,,,COMPLETE
921,921,0.873478451393866,2025-01-01 18:40:24.301444,2025-01-01 18:41:34.755144,0 days 00:01:10.453700,2,130,45.0,,,,,,,,,,,,,,,,,,,COMPLETE
922,922,0.8109636768496991,2025-01-01 18:41:34.755859,2025-01-01 18:42:15.971561,0 days 00:00:41.215702,3,10,15.0,,,,,,,,,,,5.0,,,,,,,,COMPLETE
923,923,0.86031708198401,2025-01-01 18:42:15.972272,2025-01-01 18:42:55.007775,0 days 00:00:39.035503,1,60,,,,,,,,,,,,,,,,,,,,COMPLETE
924,924,0.8671614000866564,2025-01-01 18:42:55.008325,2025-01-01 18:43:49.623926,0 days 00:00:54.615601,2,20,110.0,,,,,,,,,,,,,,,,,,,COMPLETE
925,925,0.8754872446529279,2025-01-01 18:43:49.640904,2025-01-01 18:44:54.648853,0 days 00:01:05.007949,3,5,40.0,,,,,,,,,,,125.0,,,,,,,,COMPLETE
926,926,0.8742316954865211,2025-01-01 18:44:54.649573,2025-01-01 18:45:38.265425,0 days 00:00:43.615852,3,15,20.0,,,,,,,,,,,20.0,,,,,,,,COMPLETE
927,927,0.8721800236393142,2025-01-01 18:45:38.266137,2025-01-01 18:46:32.206443,0 days 00:00:53.940306,2,80,30.0,,,,,,,,,,,,,,,,,,,COMPLETE
928,928,0.8924864563746802,2025-01-01 18:46:32.207154,2025-01-01 18:47:29.471716,0 days 00:00:57.264562,4,10,50.0,,,,,,,,,,,10.0,25.0,,,,,,,COMPLETE
929,929,0.7288650094087352,2025-01-01 18:47:29.472436,2025-01-01 18:48:03.557397,0 days 00:00:34.084961,2,5,10.0,,,,,,,,,,,,,,,,,,,COMPLETE
930,930,0.6454055229662874,2025-01-01 18:48:03.558093,2025-01-01 18:48:33.829509,0 days 00:00:30.271416,1,10,,,,,,,,,,,,,,,,,,,,COMPLETE
931,931,0.8056268870854102,2025-01-01 18:48:33.830074,2025-01-01 18:49:53.087417,0 days 00:01:19.257343,4,5,20.0,,,,,,,,,,,15.0,190.0,,,,,,,COMPLETE
932,932,0.8251842149133588,2025-01-01 18:49:53.088140,2025-01-01 18:50:45.401756,0 days 00:00:52.313616,3,10,40.0,,,,,,,,,,,45.0,,,,,,,,COMPLETE
933,933,0.8695305689102601,2025-01-01 18:50:45.402459,2025-01-01 18:51:29.773408,0 days 00:00:44.370949,2,15,60.0,,,,,,,,,,,,,,,,,,,COMPLETE
934,934,0.8231192562750681,2025-01-01 18:51:29.774105,2025-01-01 18:54:36.518653,0 days 00:03:06.744548,9,5,45.0,,,,,,,,,,,5.0,100.0,55.0,125.0,110.0,195.0,45.0,,COMPLETE
935,935,0.8823141838733503,2025-01-01 18:54:36.519397,2025-01-01 18:55:22.093870,0 days 00:00:45.574473,3,10,15.0,,,,,,,,,,,25.0,,,,,,,,COMPLETE
936,936,0.8053959235534669,2025-01-01 18:55:22.094581,2025-01-01 18:55:52.893930,0 days 00:00:30.799349,1,20,,,,,,,,,,,,,,,,,,,,COMPLETE
937,937,0.46341499021300914,2025-01-01 18:55:52.894615,2025-01-01 19:01:01.202325,0 days 00:05:08.307710,14,5,30.0,15.0,90.0,190.0,160.0,,,,,,,40.0,60.0,65.0,180.0,30.0,145.0,105.0,140.0,COMPLETE
938,938,0.8732172659390254,2025-01-01 19:01:01.203116,2025-01-01 19:01:38.074082,0 days 00:00:36.870966,2,10,20.0,,,,,,,,,,,,,,,,,,,COMPLETE
939,939,0.8371158691060163,2025-01-01 19:01:38.074663,2025-01-01 19:02:17.716684,0 days 00:00:39.642021,2,15,25.0,,,,,,,,,,,,,,,,,,,COMPLETE
940,940,0.6430841335667548,2025-01-01 19:02:17.717373,2025-01-01 19:03:05.608917,0 days 00:00:47.891544,3,5,50.0,,,,,,,,,,,15.0,,,,,,,,COMPLETE
941,941,0.8339625614973528,2025-01-01 19:03:05.609633,2025-01-01 19:03:42.659492,0 days 00:00:37.049859,2,15,10.0,,,,,,,,,,,,,,,,,,,COMPLETE
942,942,0.88165782098306,2025-01-01 19:03:42.660179,2025-01-01 19:04:11.062055,0 days 00:00:28.401876,1,5,,,,,,,,,,,,,,,,,,,,COMPLETE
943,943,0.37515520358206655,2025-01-01 19:04:11.062630,2025-01-01 19:11:10.601325,0 days 00:06:59.538695,19,10,40.0,140.0,120.0,100.0,15.0,100.0,130.0,40.0,150.0,95.0,,10.0,110.0,195.0,190.0,105.0,55.0,85.0,85.0,COMPLETE
944,944,0.6771139725485558,2025-01-01 19:11:10.602165,2025-01-01 19:11:55.706408,0 days 00:00:45.104243,3,5,35.0,,,,,,,,,,,20.0,,,,,,,,COMPLETE
945,945,0.8540702474073467,2025-01-01 19:11:55.707126,2025-01-01 19:13:34.770292,0 days 00:01:39.063166,4,110,15.0,,,,,,,,,,,35.0,145.0,,,,,,,COMPLETE
946,946,0.8245271002479391,2025-01-01 19:13:34.771009,2025-01-01 19:14:20.183787,0 days 00:00:45.412778,2,15,55.0,,,,,,,,,,,,,,,,,,,COMPLETE
947,947,0.8707382052953443,2025-01-01 19:14:20.228998,2025-01-01 19:15:48.717310,0 days 00:01:28.488312,3,170,45.0,,,,,,,,,,,30.0,,,,,,,,COMPLETE
948,948,0.8417199189770539,2025-01-01 19:15:48.718025,2025-01-01 19:17:23.759939,0 days 00:01:35.041914,5,10,165.0,,,,,,,,,,,10.0,70.0,40.0,,,,,,COMPLETE
949,949,0.8666590450251843,2025-01-01 19:17:23.760670,2025-01-01 19:18:58.066494,0 days 00:01:34.305824,4,20,95.0,,,,,,,,,,,20.0,185.0,,,,,,,COMPLETE
950,950,0.8959874279689171,2025-01-01 19:18:58.067212,2025-01-01 19:19:36.687138,0 days 00:00:38.619926,2,5,35.0,,,,,,,,,,,,,,,,,,,COMPLETE
951,951,0.8466690464209075,2025-01-01 19:19:36.687845,2025-01-01 19:20:07.092241,0 days 00:00:30.404396,1,10,,,,,,,,,,,,,,,,,,,,COMPLETE
952,952,0.8943867021256637,2025-01-01 19:20:07.092817,2025-01-01 19:20:41.037834,0 days 00:00:33.945017,2,5,10.0,,,,,,,,,,,,,,,,,,,COMPLETE
953,953,0.8860624432584123,2025-01-01 19:20:41.038532,2025-01-01 19:22:02.633393,0 days 00:01:21.594861,5,10,25.0,,,,,,,,,,,5.0,100.0,70.0,,,,,,COMPLETE
954,954,0.8441249618753736,2025-01-01 19:22:02.634122,2025-01-01 19:22:52.420501,0 days 00:00:49.786379,3,15,45.0,,,,,,,,,,,15.0,,,,,,,,COMPLETE
955,955,0.8488710617955642,2025-01-01 19:22:52.421215,2025-01-01 19:23:54.625919,0 days 00:01:02.204704,3,5,50.0,,,,,,,,,,,90.0,,,,,,,,COMPLETE
956,956,0.8889342727001277,2025-01-01 19:23:54.626637,2025-01-01 19:24:31.806708,0 days 00:00:37.180071,2,20,20.0,,,,,,,,,,,,,,,,,,,COMPLETE
957,957,0.31927671158252796,2025-01-01 19:24:31.807423,2025-01-01 19:29:43.399568,0 days 00:05:11.592145,15,10,30.0,80.0,55.0,175.0,185.0,25.0,,,,,,115.0,45.0,35.0,110.0,60.0,180.0,150.0,20.0,COMPLETE
958,958,0.8672306256959049,2025-01-01 19:29:43.415164,2025-01-01 19:30:11.760172,0 days 00:00:28.345008,1,5,,,,,,,,,,,,,,,,,,,,COMPLETE
959,959,0.8565070069259562,2025-01-01 19:30:11.760880,2025-01-01 19:31:14.777755,0 days 00:01:03.016875,4,15,35.0,,,,,,,,,,,25.0,50.0,,,,,,,COMPLETE
960,960,0.6448443378162984,2025-01-01 19:31:14.778460,2025-01-01 19:31:51.896554,0 days 00:00:37.118094,2,10,15.0,,,,,,,,,,,,,,,,,,,COMPLETE
961,961,0.8989114218168112,2025-01-01 19:31:51.897127,2025-01-01 19:32:31.222597,0 days 00:00:39.325470,3,5,10.0,,,,,,,,,,,10.0,,,,,,,,COMPLETE
962,962,0.892623875863487,2025-01-01 19:32:31.223309,2025-01-01 19:33:13.250173,0 days 00:00:42.026864,3,5,40.0,,,,,,,,,,,5.0,,,,,,,,COMPLETE
963,963,0.7759736275509679,2025-01-01 19:33:13.250902,2025-01-01 19:33:44.415603,0 days 00:00:31.164701,1,15,,,,,,,,,,,,,,,,,,,,COMPLETE
964,964,0.7137079666745044,2025-01-01 19:33:44.416170,2025-01-01 19:34:24.489600,0 days 00:00:40.073430,2,10,40.0,,,,,,,,,,,,,,,,,,,COMPLETE
965,965,0.8750537510392751,2025-01-01 19:34:24.490303,2025-01-01 19:35:49.626560,0 days 00:01:25.136257,3,10,55.0,,,,,,,,,,,200.0,,,,,,,,COMPLETE
966,966,0.8790266356125799,2025-01-01 19:35:49.627276,2025-01-01 19:36:22.513423,0 days 00:00:32.886147,1,25,,,,,,,,,,,,,,,,,,,,COMPLETE
967,967,0.8652800205206711,2025-01-01 19:36:22.514119,2025-01-01 19:36:59.293645,0 days 00:00:36.779526,2,5,25.0,,,,,,,,,,,,,,,,,,,COMPLETE
968,968,0.8941858578179107,2025-01-01 19:36:59.294354,2025-01-01 19:37:36.903379,0 days 00:00:37.609025,2,15,20.0,,,,,,,,,,,,,,,,,,,COMPLETE
969,969,0.8476661779081134,2025-01-01 19:37:36.903960,2025-01-01 19:38:43.554061,0 days 00:01:06.650101,4,5,15.0,,,,,,,,,,,30.0,105.0,,,,,,,COMPLETE
970,970,0.5879608246556937,2025-01-01 19:38:43.554789,2025-01-01 19:39:30.792647,0 days 00:00:47.237858,3,20,30.0,,,,,,,,,,,15.0,,,,,,,,COMPLETE
971,971,0.8746546474302278,2025-01-01 19:39:30.793363,2025-01-01 19:41:52.480604,0 days 00:02:21.687241,5,10,45.0,,,,,,,,,,,160.0,155.0,110.0,,,,,,COMPLETE
972,972,0.8454656873052443,2025-01-01 19:41:52.481339,2025-01-01 19:42:34.216928,0 days 00:00:41.735589,2,5,50.0,,,,,,,,,,,,,,,,,,,COMPLETE
973,973,0.8896823031724335,2025-01-01 19:42:34.217645,2025-01-01 19:43:32.583344,0 days 00:00:58.365699,4,10,10.0,,,,,,,,,,,20.0,65.0,,,,,,,COMPLETE
974,974,0.5320276946708392,2025-01-01 19:43:32.584076,2025-01-01 19:44:14.571729,0 days 00:00:41.987653,2,15,35.0,,,,,,,,,,,,,,,,,,,COMPLETE
975,975,0.851521222786645,2025-01-01 19:44:14.572310,2025-01-01 19:44:43.030386,0 days 00:00:28.458076,1,5,,,,,,,,,,,,,,,,,,,,COMPLETE
976,976,0.8696942651954055,2025-01-01 19:44:43.031107,2025-01-01 19:45:23.838877,0 days 00:00:40.807770,3,10,15.0,,,,,,,,,,,5.0,,,,,,,,COMPLETE
977,977,0.8090262789180653,2025-01-01 19:45:23.839609,2025-01-01 19:46:00.569426,0 days 00:00:36.729817,2,5,25.0,,,,,,,,,,,,,,,,,,,COMPLETE
978,978,0.8843755759606214,2025-01-01 19:46:00.570002,2025-01-01 19:46:42.902916,0 days 00:00:42.332914,3,20,20.0,,,,,,,,,,,10.0,,,,,,,,COMPLETE
979,979,0.8911526612141016,2025-01-01 19:46:42.903928,2025-01-01 19:48:25.803239,0 days 00:01:42.899311,5,10,40.0,,,,,,,,,,,25.0,150.0,90.0,,,,,,COMPLETE
980,980,0.8900847270274539,2025-01-01 19:48:25.803980,2025-01-01 19:49:10.197113,0 days 00:00:44.393133,2,15,50.0,,,,,,,,,,,,,,,,,,,COMPLETE
981,981,0.8631383033242377,2025-01-01 19:49:10.197836,2025-01-01 19:49:54.283313,0 days 00:00:44.085477,3,5,30.0,,,,,,,,,,,15.0,,,,,,,,COMPLETE
982,982,0.8973191895464232,2025-01-01 19:49:54.283914,2025-01-01 19:50:36.754184,0 days 00:00:42.470270,2,10,45.0,,,,,,,,,,,,,,,,,,,COMPLETE
983,983,0.5325914711278799,2025-01-01 19:50:36.754912,2025-01-01 19:53:51.107582,0 days 00:03:14.352670,10,5,60.0,,,,,,,,,,,5.0,35.0,45.0,115.0,130.0,85.0,135.0,105.0,COMPLETE
984,984,0.07009863326639551,2025-01-01 19:53:51.108363,2025-01-01 19:57:39.936182,0 days 00:03:48.827819,12,15,20.0,125.0,20.0,,,,,,,,,15.0,110.0,135.0,165.0,45.0,100.0,15.0,130.0,COMPLETE
985,985,0.6384547655734096,2025-01-01 19:57:39.936993,2025-01-01 19:58:10.306957,0 days 00:00:30.369964,1,10,,,,,,,,,,,,,,,,,,,,COMPLETE
986,986,0.8573984733064207,2025-01-01 19:58:10.307668,2025-01-01 19:58:59.617502,0 days 00:00:49.309834,4,5,35.0,,,,,,,,,,,10.0,5.0,,,,,,,COMPLETE
987,987,0.8573271330423838,2025-01-01 19:58:59.618229,2025-01-01 19:59:54.108168,0 days 00:00:54.489939,3,10,55.0,,,,,,,,,,,40.0,,,,,,,,COMPLETE
988,988,0.8017389677412649,2025-01-01 19:59:54.108816,2025-01-01 20:00:33.896714,0 days 00:00:39.787898,2,20,25.0,,,,,,,,,,,,,,,,,,,COMPLETE
989,989,0.8720752406545731,2025-01-01 20:00:33.897397,2025-01-01 20:01:47.346678,0 days 00:01:13.449281,5,5,45.0,,,,,,,,,,,20.0,20.0,95.0,,,,,,COMPLETE
990,990,0.8888471954890365,2025-01-01 20:01:47.347711,2025-01-01 20:02:17.676118,0 days 00:00:30.328407,1,10,,,,,,,,,,,,,,,,,,,,COMPLETE
991,991,0.8337741910374494,2025-01-01 20:02:17.676838,2025-01-01 20:03:08.002675,0 days 00:00:50.325837,3,15,40.0,,,,,,,,,,,30.0,,,,,,,,COMPLETE
992,992,0.8027471038517882,2025-01-01 20:03:08.003392,2025-01-01 20:03:42.068120,0 days 00:00:34.064728,2,5,10.0,,,,,,,,,,,,,,,,,,,COMPLETE
993,993,0.8804131000690781,2025-01-01 20:03:42.068705,2025-01-01 20:04:16.764589,0 days 00:00:34.695884,2,5,15.0,,,,,,,,,,,,,,,,,,,COMPLETE
994,994,0.8686855829513205,2025-01-01 20:04:16.765315,2025-01-01 20:05:38.081978,0 days 00:01:21.316663,4,10,10.0,,,,,,,,,,,35.0,180.0,,,,,,,COMPLETE
995,995,0.8750632136496252,2025-01-01 20:05:38.082715,2025-01-01 20:06:21.402737,0 days 00:00:43.320022,2,25,35.0,,,,,,,,,,,,,,,,,,,COMPLETE
996,996,0.8473542899149368,2025-01-01 20:06:21.403455,2025-01-01 20:07:15.240555,0 days 00:00:53.837100,3,15,30.0,,,,,,,,,,,50.0,,,,,,,,COMPLETE
997,997,0.8637901013393241,2025-01-01 20:07:15.241295,2025-01-01 20:08:10.680068,0 days 00:00:55.438773,2,5,135.0,,,,,,,,,,,,,,,,,,,COMPLETE
998,998,0.7980769819287572,2025-01-01 20:08:10.680796,2025-01-01 20:08:40.912865,0 days 00:00:30.232069,1,10,,,,,,,,,,,,,,,,,,,,COMPLETE
999,999,0.8575436976839166,2025-01-01 20:08:40.913437,2025-01-01 20:09:50.974532,0 days 00:01:10.061095,4,15,60.0,,,,,,,,,,,25.0,70.0,,,,,,,COMPLETE
