,number,value,datetime_start,datetime_complete,duration,params_depth,params_neurons_layer_0,params_neurons_layer_1,params_neurons_layer_10,params_neurons_layer_11,params_neurons_layer_12,params_neurons_layer_13,params_neurons_layer_14,params_neurons_layer_15,params_neurons_layer_16,params_neurons_layer_17,params_neurons_layer_18,params_neurons_layer_19,params_neurons_layer_2,params_neurons_layer_3,params_neurons_layer_4,params_neurons_layer_5,params_neurons_layer_6,params_neurons_layer_7,params_neurons_layer_8,params_neurons_layer_9,state
0,0,0.8455843469063987,2025-01-02 02:07:11.057649,2025-01-02 02:07:21.048389,0 days 00:00:09.990740,5,130,80.0,,,,,,,,,,,155.0,35.0,80.0,,,,,,COMPLETE
1,1,0.8548009367681498,2025-01-02 02:07:21.048924,2025-01-02 02:07:28.372432,0 days 00:00:07.323508,3,100,15.0,,,,,,,,,,,10.0,,,,,,,,COMPLETE
2,2,0.3479905437352246,2025-01-02 02:07:28.372940,2025-01-02 02:08:03.465769,0 days 00:00:35.092829,12,10,30.0,160.0,40.0,,,,,,,,,125.0,135.0,60.0,15.0,170.0,60.0,20.0,65.0,COMPLETE
3,3,0.8777777777777778,2025-01-02 02:08:03.466404,2025-01-02 02:08:08.442966,0 days 00:00:04.976562,1,100,,,,,,,,,,,,,,,,,,,,COMPLETE
4,4,0.296969696969697,2025-01-02 02:08:08.443474,2025-01-02 02:08:54.848503,0 days 00:00:46.405029,17,65,10.0,10.0,90.0,5.0,95.0,30.0,110.0,155.0,,,,115.0,75.0,170.0,165.0,125.0,145.0,75.0,160.0,COMPLETE
5,5,0.5722610722610723,2025-01-02 02:08:54.849308,2025-01-02 02:09:46.819877,0 days 00:00:51.970569,19,145,150.0,125.0,10.0,185.0,145.0,145.0,195.0,130.0,45.0,195.0,,55.0,155.0,100.0,170.0,65.0,130.0,65.0,120.0,COMPLETE
6,6,0.36376811594202896,2025-01-02 02:09:46.820660,2025-01-02 02:10:09.617886,0 days 00:00:22.797226,10,95,35.0,,,,,,,,,,,25.0,75.0,20.0,10.0,45.0,130.0,175.0,160.0,COMPLETE
7,7,0.3469387755102041,2025-01-02 02:10:09.618664,2025-01-02 02:10:49.068598,0 days 00:00:39.449934,14,65,125.0,15.0,30.0,25.0,135.0,,,,,,,180.0,165.0,165.0,95.0,155.0,70.0,100.0,80.0,COMPLETE
8,8,0.4096774193548387,2025-01-02 02:10:49.069276,2025-01-02 02:11:32.932829,0 days 00:00:43.863553,16,75,75.0,100.0,65.0,175.0,45.0,145.0,55.0,,,,,30.0,5.0,175.0,85.0,155.0,80.0,70.0,125.0,COMPLETE
9,9,0.32810750279955203,2025-01-02 02:11:32.933556,2025-01-02 02:12:22.334621,0 days 00:00:49.401065,18,70,180.0,135.0,125.0,165.0,180.0,145.0,85.0,80.0,40.0,,,25.0,70.0,135.0,70.0,45.0,160.0,195.0,45.0,COMPLETE
10,10,0.4747311827956989,2025-01-02 02:12:22.335526,2025-01-02 02:12:34.950582,0 days 00:00:12.615056,7,185,200.0,,,,,,,,,,,80.0,190.0,5.0,140.0,90.0,,,,COMPLETE
11,11,0.8385416666666667,2025-01-02 02:12:34.951137,2025-01-02 02:12:39.956751,0 days 00:00:05.005614,1,130,,,,,,,,,,,,,,,,,,,,COMPLETE
12,12,0.7830237358101135,2025-01-02 02:12:39.957206,2025-01-02 02:12:44.369682,0 days 00:00:04.412476,1,15,,,,,,,,,,,,,,,,,,,,COMPLETE
13,13,0.8626262626262626,2025-01-02 02:12:44.370146,2025-01-02 02:12:53.151813,0 days 00:00:08.781667,4,105,65.0,,,,,,,,,,,70.0,115.0,,,,,,,COMPLETE
14,14,0.3620509243111266,2025-01-02 02:12:53.152288,2025-01-02 02:13:20.039943,0 days 00:00:26.887655,8,170,65.0,,,,,,,,,,,80.0,115.0,200.0,200.0,5.0,10.0,,,COMPLETE
15,15,0.8291777188328913,2025-01-02 02:13:20.040531,2025-01-02 02:13:28.829813,0 days 00:00:08.789282,4,45,110.0,,,,,,,,,,,200.0,105.0,,,,,,,COMPLETE
16,16,0.7202380952380952,2025-01-02 02:13:28.830390,2025-01-02 02:13:39.571689,0 days 00:00:10.741299,6,120,50.0,,,,,,,,,,,85.0,195.0,45.0,50.0,,,,,COMPLETE
17,17,0.8617133791644632,2025-01-02 02:13:39.572285,2025-01-02 02:13:46.908807,0 days 00:00:07.336522,3,160,145.0,,,,,,,,,,,145.0,,,,,,,,COMPLETE
18,18,0.39637228664882546,2025-01-02 02:13:46.909295,2025-01-02 02:14:12.941669,0 days 00:00:26.032374,9,40,100.0,,,,,,,,,,,60.0,40.0,130.0,125.0,5.0,200.0,135.0,,COMPLETE
19,19,0.8771883289124669,2025-01-02 02:14:12.942239,2025-01-02 02:14:17.915760,0 days 00:00:04.973521,1,110,,,,,,,,,,,,,,,,,,,,COMPLETE
20,20,0.8342780026990553,2025-01-02 02:14:17.916227,2025-01-02 02:14:22.961630,0 days 00:00:05.045403,1,200,,,,,,,,,,,,,,,,,,,,COMPLETE
21,21,0.8387096774193549,2025-01-02 02:14:22.962089,2025-01-02 02:14:30.321707,0 days 00:00:07.359618,3,115,95.0,,,,,,,,,,,50.0,,,,,,,,COMPLETE
22,22,0.7074041034790366,2025-01-02 02:14:30.322174,2025-01-02 02:14:40.439313,0 days 00:00:10.117139,5,90,55.0,,,,,,,,,,,95.0,125.0,115.0,,,,,,COMPLETE
23,23,0.8641025641025641,2025-01-02 02:14:40.439821,2025-01-02 02:14:46.528869,0 days 00:00:06.089048,2,115,125.0,,,,,,,,,,,,,,,,,,,COMPLETE
24,24,0.8423645320197044,2025-01-02 02:14:46.529357,2025-01-02 02:14:51.564022,0 days 00:00:05.034665,1,145,,,,,,,,,,,,,,,,,,,,COMPLETE
25,25,0.8665183537263625,2025-01-02 02:14:51.564492,2025-01-02 02:14:57.664367,0 days 00:00:06.099875,2,85,140.0,,,,,,,,,,,,,,,,,,,COMPLETE
26,26,0.637449118046133,2025-01-02 02:14:57.664855,2025-01-02 02:15:09.792434,0 days 00:00:12.127579,6,85,170.0,,,,,,,,,,,170.0,5.0,65.0,45.0,,,,,COMPLETE
27,27,0.20394736842105263,2025-01-02 02:15:09.792981,2025-01-02 02:15:46.177008,0 days 00:00:36.384027,12,45,160.0,195.0,195.0,,,,,,,,,130.0,155.0,35.0,120.0,200.0,5.0,5.0,5.0,COMPLETE
28,28,0.8445623342175066,2025-01-02 02:15:46.177879,2025-01-02 02:15:53.547683,0 days 00:00:07.369804,3,135,200.0,,,,,,,,,,,105.0,,,,,,,,COMPLETE
29,29,0.6743589743589744,2025-01-02 02:15:53.548174,2025-01-02 02:16:04.346450,0 days 00:00:10.798276,5,80,130.0,,,,,,,,,,,200.0,45.0,200.0,,,,,,COMPLETE
30,30,0.44487179487179485,2025-01-02 02:16:04.346968,2025-01-02 02:16:16.585733,0 days 00:00:12.238765,7,55,175.0,,,,,,,,,,,145.0,90.0,95.0,200.0,110.0,,,,COMPLETE
31,31,0.8801229508196722,2025-01-02 02:16:16.586278,2025-01-02 02:16:22.176220,0 days 00:00:05.589942,2,115,125.0,,,,,,,,,,,,,,,,,,,COMPLETE
32,32,0.8957479508196722,2025-01-02 02:16:22.176731,2025-01-02 02:16:27.857492,0 days 00:00:05.680761,2,100,135.0,,,,,,,,,,,,,,,,,,,COMPLETE
33,33,0.8868318122555411,2025-01-02 02:16:27.857991,2025-01-02 02:16:33.963815,0 days 00:00:06.105824,2,105,105.0,,,,,,,,,,,,,,,,,,,COMPLETE
34,34,0.841639261320516,2025-01-02 02:16:33.964295,2025-01-02 02:16:42.039839,0 days 00:00:08.075544,4,125,110.0,,,,,,,,,,,180.0,175.0,,,,,,,COMPLETE
35,35,0.8523002421307506,2025-01-02 02:16:42.040348,2025-01-02 02:16:48.131383,0 days 00:00:06.091035,2,105,90.0,,,,,,,,,,,,,,,,,,,COMPLETE
36,36,0.8544980443285528,2025-01-02 02:16:48.131913,2025-01-02 02:16:56.106174,0 days 00:00:07.974261,3,140,110.0,,,,,,,,,,,5.0,,,,,,,,COMPLETE
37,37,0.5178571428571428,2025-01-02 02:16:56.106762,2025-01-02 02:17:08.471533,0 days 00:00:12.364771,6,95,80.0,,,,,,,,,,,45.0,25.0,150.0,35.0,,,,,COMPLETE
38,38,0.3208791208791209,2025-01-02 02:17:08.472155,2025-01-02 02:17:58.632357,0 days 00:00:50.160202,20,155,135.0,60.0,155.0,80.0,5.0,10.0,15.0,10.0,200.0,10.0,55.0,165.0,140.0,80.0,160.0,195.0,200.0,145.0,200.0,COMPLETE
39,39,0.41364205256570713,2025-01-02 02:17:58.633157,2025-01-02 02:18:31.328199,0 days 00:00:32.695042,11,100,115.0,70.0,,,,,,,,,,145.0,60.0,5.0,75.0,80.0,45.0,40.0,15.0,COMPLETE
40,40,0.1388888888888889,2025-01-02 02:18:31.328843,2025-01-02 02:19:02.664015,0 days 00:00:31.335172,14,60,155.0,185.0,190.0,100.0,195.0,,,,,,,110.0,95.0,120.0,105.0,135.0,110.0,130.0,200.0,COMPLETE
41,41,0.8666666666666667,2025-01-02 02:19:02.664889,2025-01-02 02:19:08.340536,0 days 00:00:05.675647,2,110,85.0,,,,,,,,,,,,,,,,,,,COMPLETE
42,42,0.8194780737153619,2025-01-02 02:19:08.341018,2025-01-02 02:19:13.359732,0 days 00:00:05.018714,1,125,,,,,,,,,,,,,,,,,,,,COMPLETE
43,43,0.861904761904762,2025-01-02 02:19:13.360197,2025-01-02 02:19:18.419586,0 days 00:00:05.059389,4,95,120.0,,,,,,,,,,,125.0,200.0,,,,,,,COMPLETE
44,44,0.845603813559322,2025-01-02 02:19:18.420070,2025-01-02 02:19:24.086418,0 days 00:00:05.666348,2,110,160.0,,,,,,,,,,,,,,,,,,,COMPLETE
45,45,0.8688172043010753,2025-01-02 02:19:24.086919,2025-01-02 02:19:29.085033,0 days 00:00:04.998114,1,75,,,,,,,,,,,,,,,,,,,,COMPLETE
46,46,0.8875,2025-01-02 02:19:29.085505,2025-01-02 02:19:37.823027,0 days 00:00:08.737522,4,130,35.0,,,,,,,,,,,35.0,175.0,,,,,,,COMPLETE
47,47,0.8847503373819163,2025-01-02 02:19:37.823553,2025-01-02 02:19:44.671924,0 days 00:00:06.848371,3,130,20.0,,,,,,,,,,,35.0,,,,,,,,COMPLETE
48,48,0.7174975562072337,2025-01-02 02:19:44.672421,2025-01-02 02:19:54.864134,0 days 00:00:10.191713,5,155,25.0,,,,,,,,,,,35.0,175.0,150.0,,,,,,COMPLETE
49,49,0.801948051948052,2025-01-02 02:19:54.864656,2025-01-02 02:20:03.312518,0 days 00:00:08.447862,4,135,5.0,,,,,,,,,,,10.0,180.0,,,,,,,COMPLETE
50,50,0.3264150943396227,2025-01-02 02:20:03.313030,2025-01-02 02:20:16.719031,0 days 00:00:13.406001,8,170,35.0,,,,,,,,,,,40.0,145.0,35.0,140.0,35.0,175.0,,,COMPLETE
51,51,0.8385416666666667,2025-01-02 02:20:16.719640,2025-01-02 02:20:24.175007,0 days 00:00:07.455367,3,125,15.0,,,,,,,,,,,15.0,,,,,,,,COMPLETE
52,52,0.8481045081967213,2025-01-02 02:20:24.175512,2025-01-02 02:20:30.627491,0 days 00:00:06.451979,2,100,25.0,,,,,,,,,,,,,,,,,,,COMPLETE
53,53,0.861904761904762,2025-01-02 02:20:30.628114,2025-01-02 02:20:36.993426,0 days 00:00:06.365312,3,120,40.0,,,,,,,,,,,60.0,,,,,,,,COMPLETE
54,54,0.5535714285714286,2025-01-02 02:20:36.993945,2025-01-02 02:20:47.223312,0 days 00:00:10.229367,5,135,70.0,,,,,,,,,,,20.0,130.0,190.0,,,,,,COMPLETE
55,55,0.8637295081967213,2025-01-02 02:20:47.223836,2025-01-02 02:20:53.314143,0 days 00:00:06.090307,2,145,50.0,,,,,,,,,,,,,,,,,,,COMPLETE
56,56,0.8548009367681498,2025-01-02 02:20:53.314628,2025-01-02 02:21:02.059309,0 days 00:00:08.744681,4,120,100.0,,,,,,,,,,,95.0,155.0,,,,,,,COMPLETE
57,57,0.8253837719298245,2025-01-02 02:21:02.059837,2025-01-02 02:21:07.039660,0 days 00:00:04.979823,1,90,,,,,,,,,,,,,,,,,,,,COMPLETE
58,58,0.8709677419354839,2025-01-02 02:21:07.040128,2025-01-02 02:21:14.413590,0 days 00:00:07.373462,3,105,145.0,,,,,,,,,,,70.0,,,,,,,,COMPLETE
59,59,0.5760914760914762,2025-01-02 02:21:14.414114,2025-01-02 02:21:58.688418,0 days 00:00:44.274304,16,115,130.0,70.0,135.0,55.0,70.0,70.0,190.0,,,,,30.0,85.0,55.0,180.0,175.0,35.0,170.0,90.0,COMPLETE
60,60,0.47638326585695007,2025-01-02 02:21:58.689150,2025-01-02 02:22:11.181864,0 days 00:00:12.492714,7,130,20.0,,,,,,,,,,,70.0,185.0,20.0,60.0,110.0,,,,COMPLETE
61,61,0.8688524590163934,2025-01-02 02:22:11.182530,2025-01-02 02:22:16.162933,0 days 00:00:04.980403,1,110,,,,,,,,,,,,,,,,,,,,COMPLETE
62,62,0.8481045081967213,2025-01-02 02:22:16.163467,2025-01-02 02:22:22.583776,0 days 00:00:06.420309,2,90,5.0,,,,,,,,,,,,,,,,,,,COMPLETE
63,63,0.8631227529532615,2025-01-02 02:22:22.584275,2025-01-02 02:22:27.559882,0 days 00:00:04.975607,1,100,,,,,,,,,,,,,,,,,,,,COMPLETE
64,64,0.8709677419354839,2025-01-02 02:22:27.560349,2025-01-02 02:22:34.914232,0 days 00:00:07.353883,3,115,120.0,,,,,,,,,,,50.0,,,,,,,,COMPLETE
65,65,0.8221642764015646,2025-01-02 02:22:34.914746,2025-01-02 02:22:43.057278,0 days 00:00:08.142532,4,80,60.0,,,,,,,,,,,5.0,55.0,,,,,,,COMPLETE
66,66,0.8637295081967213,2025-01-02 02:22:43.057790,2025-01-02 02:22:49.119051,0 days 00:00:06.061261,2,130,190.0,,,,,,,,,,,,,,,,,,,COMPLETE
67,67,0.8709677419354839,2025-01-02 02:22:49.119575,2025-01-02 02:22:54.128502,0 days 00:00:05.008927,1,150,,,,,,,,,,,,,,,,,,,,COMPLETE
68,68,0.8548009367681498,2025-01-02 02:22:54.128988,2025-01-02 02:23:00.418395,0 days 00:00:06.289407,3,140,40.0,,,,,,,,,,,25.0,,,,,,,,COMPLETE
69,69,0.7153846153846154,2025-01-02 02:23:00.418911,2025-01-02 02:23:12.698200,0 days 00:00:12.279289,6,70,105.0,,,,,,,,,,,85.0,170.0,70.0,35.0,,,,,COMPLETE
70,70,0.861228813559322,2025-01-02 02:23:12.698783,2025-01-02 02:23:18.769080,0 days 00:00:06.070297,2,105,95.0,,,,,,,,,,,,,,,,,,,COMPLETE
71,71,0.8709677419354839,2025-01-02 02:23:18.769583,2025-01-02 02:23:26.188124,0 days 00:00:07.418541,3,105,145.0,,,,,,,,,,,70.0,,,,,,,,COMPLETE
72,72,0.8777777777777778,2025-01-02 02:23:26.188624,2025-01-02 02:23:33.062826,0 days 00:00:06.874202,3,120,140.0,,,,,,,,,,,40.0,,,,,,,,COMPLETE
73,73,0.8445623342175066,2025-01-02 02:23:33.063348,2025-01-02 02:23:38.394261,0 days 00:00:05.330913,1,120,,,,,,,,,,,,,,,,,,,,COMPLETE
74,74,0.806497175141243,2025-01-02 02:23:38.394771,2025-01-02 02:23:47.123762,0 days 00:00:08.728991,4,125,130.0,,,,,,,,,,,40.0,160.0,,,,,,,COMPLETE
75,75,0.8548387096774194,2025-01-02 02:23:47.124293,2025-01-02 02:23:53.171907,0 days 00:00:06.047614,2,110,140.0,,,,,,,,,,,,,,,,,,,COMPLETE
76,76,0.8512931034482758,2025-01-02 02:23:53.172383,2025-01-02 02:24:00.776560,0 days 00:00:07.604177,4,95,120.0,,,,,,,,,,,60.0,105.0,,,,,,,COMPLETE
77,77,0.8092501368363437,2025-01-02 02:24:00.777203,2025-01-02 02:24:10.277547,0 days 00:00:09.500344,5,85,165.0,,,,,,,,,,,20.0,25.0,85.0,,,,,,COMPLETE
78,78,0.7732497387669801,2025-01-02 02:24:10.278106,2025-01-02 02:24:15.279311,0 days 00:00:05.001205,1,10,,,,,,,,,,,,,,,,,,,,COMPLETE
79,79,0.8617133791644632,2025-01-02 02:24:15.279808,2025-01-02 02:24:22.747195,0 days 00:00:07.467387,3,140,135.0,,,,,,,,,,,50.0,,,,,,,,COMPLETE
80,80,0.8851224105461393,2025-01-02 02:24:22.747707,2025-01-02 02:24:28.847053,0 days 00:00:06.099346,2,115,150.0,,,,,,,,,,,,,,,,,,,COMPLETE
81,81,0.8777777777777778,2025-01-02 02:24:28.847561,2025-01-02 02:24:34.936228,0 days 00:00:06.088667,2,115,150.0,,,,,,,,,,,,,,,,,,,COMPLETE
82,82,0.8761618370694368,2025-01-02 02:24:34.936738,2025-01-02 02:24:41.011103,0 days 00:00:06.074365,2,115,150.0,,,,,,,,,,,,,,,,,,,COMPLETE
83,83,0.8548009367681498,2025-01-02 02:24:41.011599,2025-01-02 02:24:49.367239,0 days 00:00:08.355640,3,120,150.0,,,,,,,,,,,30.0,,,,,,,,COMPLETE
84,84,0.8430836522689995,2025-01-02 02:24:49.367764,2025-01-02 02:24:55.464451,0 days 00:00:06.096687,2,135,160.0,,,,,,,,,,,,,,,,,,,COMPLETE
85,85,0.8331479421579533,2025-01-02 02:24:55.464953,2025-01-02 02:25:03.559814,0 days 00:00:08.094861,4,95,140.0,,,,,,,,,,,80.0,145.0,,,,,,,COMPLETE
86,86,0.3286792452830189,2025-01-02 02:25:03.560348,2025-01-02 02:25:40.818919,0 days 00:00:37.258571,13,25,125.0,40.0,85.0,155.0,,,,,,,,60.0,115.0,110.0,110.0,25.0,95.0,105.0,40.0,COMPLETE
87,87,0.44067796610169496,2025-01-02 02:25:40.819844,2025-01-02 02:26:03.086726,0 days 00:00:22.266882,10,125,180.0,,,,,,,,,,,95.0,125.0,145.0,5.0,75.0,105.0,200.0,150.0,COMPLETE
88,88,0.861228813559322,2025-01-02 02:26:03.087383,2025-01-02 02:26:08.054598,0 days 00:00:04.967215,1,115,,,,,,,,,,,,,,,,,,,,COMPLETE
89,89,0.7399115533443892,2025-01-02 02:26:08.055075,2025-01-02 02:26:18.159394,0 days 00:00:10.104319,5,100,155.0,,,,,,,,,,,40.0,75.0,165.0,,,,,,COMPLETE
90,90,0.861228813559322,2025-01-02 02:26:18.159944,2025-01-02 02:26:24.220663,0 days 00:00:06.060719,2,110,115.0,,,,,,,,,,,,,,,,,,,COMPLETE
91,91,0.8429276315789473,2025-01-02 02:26:24.221161,2025-01-02 02:26:29.181781,0 days 00:00:04.960620,1,110,,,,,,,,,,,,,,,,,,,,COMPLETE
92,92,0.8656234475906607,2025-01-02 02:26:29.182273,2025-01-02 02:26:37.089899,0 days 00:00:07.907626,3,130,105.0,,,,,,,,,,,15.0,,,,,,,,COMPLETE
93,93,0.8389926428975665,2025-01-02 02:26:37.090436,2025-01-02 02:26:43.166806,0 days 00:00:06.076370,2,120,170.0,,,,,,,,,,,,,,,,,,,COMPLETE
94,94,0.8523002421307506,2025-01-02 02:26:43.167313,2025-01-02 02:26:48.180890,0 days 00:00:05.013577,1,90,,,,,,,,,,,,,,,,,,,,COMPLETE
95,95,0.885483870967742,2025-01-02 02:26:48.181390,2025-01-02 02:26:55.611896,0 days 00:00:07.430506,3,105,135.0,,,,,,,,,,,115.0,,,,,,,,COMPLETE
96,96,0.8870673952641166,2025-01-02 02:26:55.612404,2025-01-02 02:27:03.071699,0 days 00:00:07.459295,3,100,135.0,,,,,,,,,,,135.0,,,,,,,,COMPLETE
97,97,0.8692493946731235,2025-01-02 02:27:03.072222,2025-01-02 02:27:10.505300,0 days 00:00:07.433078,3,100,135.0,,,,,,,,,,,120.0,,,,,,,,COMPLETE
98,98,0.8013495276653171,2025-01-02 02:27:10.505849,2025-01-02 02:27:19.297960,0 days 00:00:08.792111,4,80,125.0,,,,,,,,,,,135.0,190.0,,,,,,,COMPLETE
99,99,0.790081848820414,2025-01-02 02:27:19.298585,2025-01-02 02:27:29.364909,0 days 00:00:10.066324,5,105,115.0,,,,,,,,,,,140.0,165.0,90.0,,,,,,COMPLETE
100,100,0.8740112994350282,2025-01-02 02:27:29.365527,2025-01-02 02:27:36.778578,0 days 00:00:07.413051,3,95,130.0,,,,,,,,,,,155.0,,,,,,,,COMPLETE
101,101,0.8548009367681498,2025-01-02 02:27:36.779099,2025-01-02 02:27:42.823143,0 days 00:00:06.044044,2,115,140.0,,,,,,,,,,,,,,,,,,,COMPLETE
102,102,0.9193338537600833,2025-01-02 02:27:42.823634,2025-01-02 02:27:49.741979,0 days 00:00:06.918345,3,130,150.0,,,,,,,,,,,110.0,,,,,,,,COMPLETE
103,103,0.861904761904762,2025-01-02 02:27:49.742533,2025-01-02 02:27:58.495194,0 days 00:00:08.752661,4,130,135.0,,,,,,,,,,,115.0,200.0,,,,,,,COMPLETE
104,104,0.8709677419354839,2025-01-02 02:27:58.495723,2025-01-02 02:28:05.857244,0 days 00:00:07.361521,3,150,145.0,,,,,,,,,,,105.0,,,,,,,,COMPLETE
105,105,0.8617133791644632,2025-01-02 02:28:05.857791,2025-01-02 02:28:12.753548,0 days 00:00:06.895757,3,135,145.0,,,,,,,,,,,125.0,,,,,,,,COMPLETE
106,106,0.8870673952641166,2025-01-02 02:28:12.754080,2025-01-02 02:28:18.842055,0 days 00:00:06.087975,2,125,155.0,,,,,,,,,,,,,,,,,,,COMPLETE
107,107,0.880184331797235,2025-01-02 02:28:18.842593,2025-01-02 02:28:25.313472,0 days 00:00:06.470879,2,125,155.0,,,,,,,,,,,,,,,,,,,COMPLETE
108,108,0.8353510895883778,2025-01-02 02:28:25.313980,2025-01-02 02:28:30.923982,0 days 00:00:05.610002,2,125,155.0,,,,,,,,,,,,,,,,,,,COMPLETE
109,109,0.8293650793650793,2025-01-02 02:28:30.924616,2025-01-02 02:28:39.670195,0 days 00:00:08.745579,4,130,165.0,,,,,,,,,,,100.0,80.0,,,,,,,COMPLETE
110,110,0.842896174863388,2025-01-02 02:28:39.670746,2025-01-02 02:28:45.772184,0 days 00:00:06.101438,2,125,155.0,,,,,,,,,,,,,,,,,,,COMPLETE
111,111,0.8360215053763441,2025-01-02 02:28:45.772709,2025-01-02 02:28:50.796023,0 days 00:00:05.023314,1,105,,,,,,,,,,,,,,,,,,,,COMPLETE
112,112,0.8185443668993021,2025-01-02 02:28:50.796584,2025-01-02 02:28:56.403377,0 days 00:00:05.606793,2,145,15.0,,,,,,,,,,,,,,,,,,,COMPLETE
113,113,0.8521505376344086,2025-01-02 02:28:56.403895,2025-01-02 02:29:01.422334,0 days 00:00:05.018439,1,100,,,,,,,,,,,,,,,,,,,,COMPLETE
114,114,0.8548009367681498,2025-01-02 02:29:01.422937,2025-01-02 02:29:08.808352,0 days 00:00:07.385415,3,140,165.0,,,,,,,,,,,115.0,,,,,,,,COMPLETE
115,115,0.8708333333333333,2025-01-02 02:29:08.808978,2025-01-02 02:29:14.905737,0 days 00:00:06.096759,2,110,150.0,,,,,,,,,,,,,,,,,,,COMPLETE
116,116,0.30632630410654826,2025-01-02 02:29:14.906252,2025-01-02 02:30:01.647633,0 days 00:00:46.741381,17,90,30.0,95.0,160.0,135.0,10.0,195.0,140.0,195.0,,,,135.0,60.0,185.0,145.0,60.0,25.0,40.0,110.0,COMPLETE
117,117,0.825220680958386,2025-01-02 02:30:01.648397,2025-01-02 02:30:10.448114,0 days 00:00:08.799717,4,105,80.0,,,,,,,,,,,165.0,115.0,,,,,,,COMPLETE
118,118,0.8499583217560434,2025-01-02 02:30:10.448679,2025-01-02 02:30:15.451868,0 days 00:00:05.003189,1,115,,,,,,,,,,,,,,,,,,,,COMPLETE
119,119,0.8851224105461393,2025-01-02 02:30:15.452350,2025-01-02 02:30:22.834417,0 days 00:00:07.382067,3,130,170.0,,,,,,,,,,,85.0,,,,,,,,COMPLETE
120,120,0.8870673952641166,2025-01-02 02:30:22.835007,2025-01-02 02:30:30.270725,0 days 00:00:07.435718,3,135,160.0,,,,,,,,,,,155.0,,,,,,,,COMPLETE
121,121,0.8500000000000001,2025-01-02 02:30:30.271268,2025-01-02 02:30:37.672771,0 days 00:00:07.401503,3,135,170.0,,,,,,,,,,,180.0,,,,,,,,COMPLETE
122,122,0.8499583217560434,2025-01-02 02:30:37.673302,2025-01-02 02:30:45.054736,0 days 00:00:07.381434,3,145,160.0,,,,,,,,,,,160.0,,,,,,,,COMPLETE
123,123,0.8521505376344086,2025-01-02 02:30:45.055343,2025-01-02 02:30:51.118551,0 days 00:00:06.063208,2,125,175.0,,,,,,,,,,,,,,,,,,,COMPLETE
124,124,0.8794871794871795,2025-01-02 02:30:51.119142,2025-01-02 02:30:58.581793,0 days 00:00:07.462651,3,130,185.0,,,,,,,,,,,150.0,,,,,,,,COMPLETE
125,125,0.7778454047474133,2025-01-02 02:30:58.582352,2025-01-02 02:31:08.641164,0 days 00:00:10.058812,5,120,155.0,,,,,,,,,,,130.0,100.0,50.0,,,,,,COMPLETE
126,126,0.8761618370694368,2025-01-02 02:31:08.641750,2025-01-02 02:31:16.103527,0 days 00:00:07.461777,3,140,165.0,,,,,,,,,,,190.0,,,,,,,,COMPLETE
127,127,0.8572639909553419,2025-01-02 02:31:16.104073,2025-01-02 02:31:24.864074,0 days 00:00:08.760001,4,135,145.0,,,,,,,,,,,110.0,145.0,,,,,,,COMPLETE
128,128,0.5270935960591133,2025-01-02 02:31:24.864612,2025-01-02 02:31:36.418155,0 days 00:00:11.553543,6,200,175.0,,,,,,,,,,,120.0,130.0,100.0,185.0,,,,,COMPLETE
129,129,0.8665183537263625,2025-01-02 02:31:36.418762,2025-01-02 02:31:42.497609,0 days 00:00:06.078847,2,120,125.0,,,,,,,,,,,,,,,,,,,COMPLETE
130,130,0.8708333333333333,2025-01-02 02:31:42.498149,2025-01-02 02:31:49.871428,0 days 00:00:07.373279,3,125,160.0,,,,,,,,,,,140.0,,,,,,,,COMPLETE
131,131,0.8681732580037664,2025-01-02 02:31:49.871942,2025-01-02 02:31:57.276656,0 days 00:00:07.404714,3,130,180.0,,,,,,,,,,,150.0,,,,,,,,COMPLETE
132,132,0.9115384615384616,2025-01-02 02:31:57.277204,2025-01-02 02:32:03.424103,0 days 00:00:06.146899,2,135,195.0,,,,,,,,,,,,,,,,,,,COMPLETE
133,133,0.8779904306220095,2025-01-02 02:32:03.424626,2025-01-02 02:32:09.085533,0 days 00:00:05.660907,2,150,135.0,,,,,,,,,,,,,,,,,,,COMPLETE
134,134,0.8870673952641166,2025-01-02 02:32:09.086080,2025-01-02 02:32:15.243524,0 days 00:00:06.157444,2,135,190.0,,,,,,,,,,,,,,,,,,,COMPLETE
135,135,0.8688172043010753,2025-01-02 02:32:15.244060,2025-01-02 02:32:21.346445,0 days 00:00:06.102385,2,140,195.0,,,,,,,,,,,,,,,,,,,COMPLETE
136,136,0.822863610639502,2025-01-02 02:32:21.347002,2025-01-02 02:32:26.043013,0 days 00:00:04.696011,1,160,,,,,,,,,,,,,,,,,,,,COMPLETE
137,137,0.8942358540454786,2025-01-02 02:32:26.043653,2025-01-02 02:32:34.737791,0 days 00:00:08.694138,4,135,190.0,,,,,,,,,,,100.0,10.0,,,,,,,COMPLETE
138,138,0.8640552995391705,2025-01-02 02:32:34.738399,2025-01-02 02:32:42.910926,0 days 00:00:08.172527,4,145,195.0,,,,,,,,,,,85.0,15.0,,,,,,,COMPLETE
139,139,0.818426724137931,2025-01-02 02:32:42.911467,2025-01-02 02:32:53.694824,0 days 00:00:10.783357,5,155,200.0,,,,,,,,,,,100.0,30.0,70.0,,,,,,COMPLETE
140,140,0.5346700083542189,2025-01-02 02:32:53.695397,2025-01-02 02:33:09.292514,0 days 00:00:15.597117,9,135,180.0,,,,,,,,,,,90.0,45.0,175.0,20.0,130.0,165.0,105.0,,COMPLETE
141,141,0.8870673952641166,2025-01-02 02:33:09.293159,2025-01-02 02:33:16.675718,0 days 00:00:07.382559,3,135,195.0,,,,,,,,,,,110.0,,,,,,,,COMPLETE
142,142,0.8709677419354839,2025-01-02 02:33:16.676233,2025-01-02 02:33:24.828607,0 days 00:00:08.152374,4,135,200.0,,,,,,,,,,,110.0,15.0,,,,,,,COMPLETE
143,143,0.8931109896118097,2025-01-02 02:33:24.829148,2025-01-02 02:33:32.283918,0 days 00:00:07.454770,3,140,190.0,,,,,,,,,,,120.0,,,,,,,,COMPLETE
144,144,0.8870673952641166,2025-01-02 02:33:32.284445,2025-01-02 02:33:41.107000,0 days 00:00:08.822555,4,140,195.0,,,,,,,,,,,120.0,65.0,,,,,,,COMPLETE
145,145,0.8870673952641166,2025-01-02 02:33:41.107546,2025-01-02 02:33:49.839416,0 days 00:00:08.731870,4,150,190.0,,,,,,,,,,,120.0,15.0,,,,,,,COMPLETE
146,146,0.8373015873015872,2025-01-02 02:33:49.840002,2025-01-02 02:33:59.147906,0 days 00:00:09.307904,4,155,200.0,,,,,,,,,,,120.0,5.0,,,,,,,COMPLETE
147,147,0.845603813559322,2025-01-02 02:33:59.148454,2025-01-02 02:34:07.851639,0 days 00:00:08.703185,4,170,190.0,,,,,,,,,,,130.0,35.0,,,,,,,COMPLETE
148,148,0.7968253968253969,2025-01-02 02:34:07.852192,2025-01-02 02:34:17.554109,0 days 00:00:09.701917,5,150,190.0,,,,,,,,,,,115.0,15.0,20.0,,,,,,COMPLETE
149,149,0.6598793363499246,2025-01-02 02:34:17.554854,2025-01-02 02:34:26.996702,0 days 00:00:09.441848,5,140,185.0,,,,,,,,,,,105.0,65.0,160.0,,,,,,COMPLETE
150,150,0.8799283154121864,2025-01-02 02:34:26.997261,2025-01-02 02:34:35.728152,0 days 00:00:08.730891,4,145,195.0,,,,,,,,,,,125.0,40.0,,,,,,,COMPLETE
151,151,0.8870673952641166,2025-01-02 02:34:35.728716,2025-01-02 02:34:43.125550,0 days 00:00:07.396834,3,140,185.0,,,,,,,,,,,110.0,,,,,,,,COMPLETE
152,152,0.8820168902136115,2025-01-02 02:34:43.126107,2025-01-02 02:34:50.515040,0 days 00:00:07.388933,3,140,185.0,,,,,,,,,,,130.0,,,,,,,,COMPLETE
153,153,0.8781068217874141,2025-01-02 02:34:50.515606,2025-01-02 02:34:59.207345,0 days 00:00:08.691739,4,160,190.0,,,,,,,,,,,110.0,50.0,,,,,,,COMPLETE
154,154,0.8762295081967213,2025-01-02 02:34:59.207902,2025-01-02 02:35:06.632242,0 days 00:00:07.424340,3,150,195.0,,,,,,,,,,,120.0,,,,,,,,COMPLETE
155,155,0.8387096774193549,2025-01-02 02:35:06.632795,2025-01-02 02:35:15.907289,0 days 00:00:09.274494,3,145,185.0,,,,,,,,,,,125.0,,,,,,,,COMPLETE
156,156,0.882647385984427,2025-01-02 02:35:15.907865,2025-01-02 02:35:24.609902,0 days 00:00:08.702037,4,140,195.0,,,,,,,,,,,105.0,10.0,,,,,,,COMPLETE
157,157,0.842896174863388,2025-01-02 02:35:24.610441,2025-01-02 02:35:31.515842,0 days 00:00:06.905401,3,135,190.0,,,,,,,,,,,115.0,,,,,,,,COMPLETE
158,158,0.8631227529532615,2025-01-02 02:35:31.516387,2025-01-02 02:35:37.616436,0 days 00:00:06.100049,2,135,185.0,,,,,,,,,,,,,,,,,,,COMPLETE
159,159,0.8452380952380952,2025-01-02 02:35:37.616977,2025-01-02 02:35:46.419775,0 days 00:00:08.802798,4,165,195.0,,,,,,,,,,,135.0,25.0,,,,,,,COMPLETE
160,160,0.5981620718462823,2025-01-02 02:35:46.420329,2025-01-02 02:35:57.929816,0 days 00:00:11.509487,6,140,190.0,,,,,,,,,,,140.0,35.0,130.0,25.0,,,,,COMPLETE
161,161,0.8548009367681498,2025-01-02 02:35:57.930447,2025-01-02 02:36:04.397347,0 days 00:00:06.466900,2,135,180.0,,,,,,,,,,,,,,,,,,,COMPLETE
162,162,0.8681732580037664,2025-01-02 02:36:04.397998,2025-01-02 02:36:10.495793,0 days 00:00:06.097795,2,130,200.0,,,,,,,,,,,,,,,,,,,COMPLETE
163,163,0.903125,2025-01-02 02:36:10.496341,2025-01-02 02:36:17.892548,0 days 00:00:07.396207,3,145,70.0,,,,,,,,,,,100.0,,,,,,,,COMPLETE
164,164,0.8455843469063987,2025-01-02 02:36:17.893096,2025-01-02 02:36:25.253327,0 days 00:00:07.360231,3,145,70.0,,,,,,,,,,,100.0,,,,,,,,COMPLETE
165,165,0.8548009367681498,2025-01-02 02:36:25.253874,2025-01-02 02:36:32.681197,0 days 00:00:07.427323,3,150,55.0,,,,,,,,,,,95.0,,,,,,,,COMPLETE
166,166,0.8455843469063987,2025-01-02 02:36:32.681760,2025-01-02 02:36:39.608111,0 days 00:00:06.926351,3,145,90.0,,,,,,,,,,,110.0,,,,,,,,COMPLETE
167,167,0.8870673952641166,2025-01-02 02:36:39.608662,2025-01-02 02:36:47.663196,0 days 00:00:08.054534,4,140,190.0,,,,,,,,,,,115.0,20.0,,,,,,,COMPLETE
168,168,0.7968253968253969,2025-01-02 02:36:47.663780,2025-01-02 02:36:57.802740,0 days 00:00:10.138960,5,140,190.0,,,,,,,,,,,120.0,20.0,40.0,,,,,,COMPLETE
169,169,0.1935064935064935,2025-01-02 02:36:57.803318,2025-01-02 02:37:40.920704,0 days 00:00:43.117386,15,150,175.0,145.0,55.0,200.0,135.0,90.0,,,,,,105.0,5.0,25.0,155.0,95.0,55.0,165.0,180.0,COMPLETE
170,170,0.8466289243437982,2025-01-02 02:37:40.921514,2025-01-02 02:37:49.654050,0 days 00:00:08.732536,4,140,185.0,,,,,,,,,,,90.0,30.0,,,,,,,COMPLETE
171,171,0.9106292966684294,2025-01-02 02:37:49.654789,2025-01-02 02:37:57.787436,0 days 00:00:08.132647,4,135,195.0,,,,,,,,,,,115.0,45.0,,,,,,,COMPLETE
172,172,0.8740803621958121,2025-01-02 02:37:57.788027,2025-01-02 02:38:06.483583,0 days 00:00:08.695556,4,135,200.0,,,,,,,,,,,100.0,50.0,,,,,,,COMPLETE
173,173,0.8781068217874141,2025-01-02 02:38:06.484126,2025-01-02 02:38:15.294755,0 days 00:00:08.810629,4,130,195.0,,,,,,,,,,,110.0,40.0,,,,,,,COMPLETE
174,174,0.7175438596491228,2025-01-02 02:38:15.295317,2025-01-02 02:38:25.406191,0 days 00:00:10.110874,5,145,190.0,,,,,,,,,,,125.0,25.0,140.0,,,,,,COMPLETE
175,175,0.9032258064516129,2025-01-02 02:38:25.406777,2025-01-02 02:38:32.752697,0 days 00:00:07.345920,3,140,195.0,,,,,,,,,,,115.0,,,,,,,,COMPLETE
176,176,0.885483870967742,2025-01-02 02:38:32.753230,2025-01-02 02:38:40.185012,0 days 00:00:07.431782,3,155,195.0,,,,,,,,,,,115.0,,,,,,,,COMPLETE
177,177,0.8944444444444444,2025-01-02 02:38:40.185583,2025-01-02 02:38:48.919659,0 days 00:00:08.734076,4,135,185.0,,,,,,,,,,,120.0,70.0,,,,,,,COMPLETE
178,178,0.8771883289124669,2025-01-02 02:38:48.920214,2025-01-02 02:38:56.289566,0 days 00:00:07.369352,3,135,180.0,,,,,,,,,,,125.0,,,,,,,,COMPLETE
179,179,0.6345766129032258,2025-01-02 02:38:56.290105,2025-01-02 02:39:06.398017,0 days 00:00:10.107912,5,130,185.0,,,,,,,,,,,120.0,70.0,110.0,,,,,,COMPLETE
180,180,0.49087893864013266,2025-01-02 02:39:06.398610,2025-01-02 02:39:38.971060,0 days 00:00:32.572450,12,125,200.0,165.0,115.0,,,,,,,,,105.0,85.0,120.0,85.0,150.0,85.0,40.0,35.0,COMPLETE
181,181,0.861904761904762,2025-01-02 02:39:38.971978,2025-01-02 02:39:47.039058,0 days 00:00:08.067080,4,140,190.0,,,,,,,,,,,110.0,65.0,,,,,,,COMPLETE
182,182,0.8870673952641166,2025-01-02 02:39:47.039632,2025-01-02 02:39:55.145468,0 days 00:00:08.105836,4,140,195.0,,,,,,,,,,,115.0,20.0,,,,,,,COMPLETE
183,183,0.3627450980392157,2025-01-02 02:39:55.146033,2025-01-02 02:40:32.602268,0 days 00:00:37.456235,20,145,180.0,35.0,5.0,125.0,45.0,195.0,20.0,55.0,170.0,105.0,200.0,130.0,10.0,190.0,120.0,185.0,120.0,90.0,145.0,COMPLETE
184,184,0.8759562841530055,2025-01-02 02:40:32.603093,2025-01-02 02:40:41.377895,0 days 00:00:08.774802,4,135,185.0,,,,,,,,,,,120.0,55.0,,,,,,,COMPLETE
185,185,0.8360215053763441,2025-01-02 02:40:41.378455,2025-01-02 02:40:48.398016,0 days 00:00:07.019561,3,130,190.0,,,,,,,,,,,110.0,,,,,,,,COMPLETE
186,186,0.30303030303030304,2025-01-02 02:40:48.398570,2025-01-02 02:41:40.851936,0 days 00:00:52.453366,19,145,200.0,115.0,165.0,60.0,165.0,45.0,145.0,15.0,110.0,20.0,,175.0,35.0,10.0,185.0,25.0,185.0,120.0,75.0,COMPLETE
187,187,0.861904761904762,2025-01-02 02:41:40.853012,2025-01-02 02:41:48.254491,0 days 00:00:07.401479,3,140,195.0,,,,,,,,,,,100.0,,,,,,,,COMPLETE
188,188,0.8429276315789473,2025-01-02 02:41:48.255067,2025-01-02 02:41:56.417569,0 days 00:00:08.162502,4,135,190.0,,,,,,,,,,,115.0,75.0,,,,,,,COMPLETE
189,189,0.8403954802259888,2025-01-02 02:41:56.418124,2025-01-02 02:42:02.471718,0 days 00:00:06.053594,2,150,175.0,,,,,,,,,,,,,,,,,,,COMPLETE
190,190,0.6577540106951871,2025-01-02 02:42:02.472261,2025-01-02 02:42:12.549219,0 days 00:00:10.076958,5,125,185.0,,,,,,,,,,,135.0,50.0,155.0,,,,,,COMPLETE
191,191,0.8492769744160178,2025-01-02 02:42:12.549789,2025-01-02 02:42:21.253753,0 days 00:00:08.703964,4,140,195.0,,,,,,,,,,,115.0,20.0,,,,,,,COMPLETE
192,192,0.8523002421307506,2025-01-02 02:42:21.254316,2025-01-02 02:42:30.576867,0 days 00:00:09.322551,4,130,195.0,,,,,,,,,,,120.0,20.0,,,,,,,COMPLETE
193,193,0.8548009367681498,2025-01-02 02:42:30.577416,2025-01-02 02:42:37.979893,0 days 00:00:07.402477,3,135,200.0,,,,,,,,,,,105.0,,,,,,,,COMPLETE
194,194,0.8777777777777778,2025-01-02 02:42:37.980454,2025-01-02 02:42:46.746348,0 days 00:00:08.765894,4,180,195.0,,,,,,,,,,,115.0,10.0,,,,,,,COMPLETE
195,195,0.8688172043010753,2025-01-02 02:42:46.746945,2025-01-02 02:42:54.236692,0 days 00:00:07.489747,3,140,190.0,,,,,,,,,,,130.0,,,,,,,,COMPLETE
196,196,0.8709677419354839,2025-01-02 02:42:54.237270,2025-01-02 02:43:02.982368,0 days 00:00:08.745098,4,135,40.0,,,,,,,,,,,110.0,30.0,,,,,,,COMPLETE
197,197,0.8977667493796526,2025-01-02 02:43:02.982959,2025-01-02 02:43:10.361916,0 days 00:00:07.378957,3,145,180.0,,,,,,,,,,,125.0,,,,,,,,COMPLETE
198,198,0.8593406593406594,2025-01-02 02:43:10.362566,2025-01-02 02:43:17.770211,0 days 00:00:07.407645,3,150,180.0,,,,,,,,,,,120.0,,,,,,,,COMPLETE
199,199,0.8360215053763441,2025-01-02 02:43:17.770837,2025-01-02 02:43:23.853757,0 days 00:00:06.082920,2,155,185.0,,,,,,,,,,,,,,,,,,,COMPLETE
200,200,0.8461981566820276,2025-01-02 02:43:23.854284,2025-01-02 02:43:31.199188,0 days 00:00:07.344904,3,130,180.0,,,,,,,,,,,125.0,,,,,,,,COMPLETE
201,201,0.8416141235813367,2025-01-02 02:43:31.199756,2025-01-02 02:43:39.932548,0 days 00:00:08.732792,4,145,190.0,,,,,,,,,,,115.0,95.0,,,,,,,COMPLETE
202,202,0.8548387096774194,2025-01-02 02:43:39.933132,2025-01-02 02:43:47.384645,0 days 00:00:07.451513,3,140,195.0,,,,,,,,,,,120.0,,,,,,,,COMPLETE
203,203,0.861228813559322,2025-01-02 02:43:47.385187,2025-01-02 02:43:53.462529,0 days 00:00:06.077342,2,135,200.0,,,,,,,,,,,,,,,,,,,COMPLETE
204,204,0.8455843469063987,2025-01-02 02:43:53.463088,2025-01-02 02:44:01.587957,0 days 00:00:08.124869,4,145,185.0,,,,,,,,,,,125.0,45.0,,,,,,,COMPLETE
205,205,0.7966684294024325,2025-01-02 02:44:01.588518,2025-01-02 02:44:11.645832,0 days 00:00:10.057314,5,135,190.0,,,,,,,,,,,105.0,60.0,75.0,,,,,,COMPLETE
206,206,0.8685344827586207,2025-01-02 02:44:11.646411,2025-01-02 02:44:19.025595,0 days 00:00:07.379184,3,140,195.0,,,,,,,,,,,110.0,,,,,,,,COMPLETE
207,207,0.8888888888888888,2025-01-02 02:44:19.026143,2025-01-02 02:44:27.174845,0 days 00:00:08.148702,4,145,200.0,,,,,,,,,,,115.0,15.0,,,,,,,COMPLETE
208,208,0.8944444444444444,2025-01-02 02:44:27.175431,2025-01-02 02:44:34.613725,0 days 00:00:07.438294,3,145,200.0,,,,,,,,,,,145.0,,,,,,,,COMPLETE
209,209,0.5148378191856453,2025-01-02 02:44:34.614285,2025-01-02 02:44:46.193186,0 days 00:00:11.578901,7,150,200.0,,,,,,,,,,,150.0,70.0,60.0,95.0,175.0,,,,COMPLETE
210,210,0.8771883289124669,2025-01-02 02:44:46.193834,2025-01-02 02:44:52.233848,0 days 00:00:06.040014,2,145,200.0,,,,,,,,,,,,,,,,,,,COMPLETE
211,211,0.8709677419354839,2025-01-02 02:44:52.234394,2025-01-02 02:44:59.182340,0 days 00:00:06.947946,3,145,190.0,,,,,,,,,,,155.0,,,,,,,,COMPLETE
212,212,0.8777777777777778,2025-01-02 02:44:59.183023,2025-01-02 02:45:06.042079,0 days 00:00:06.859056,3,160,195.0,,,,,,,,,,,145.0,,,,,,,,COMPLETE
213,213,0.8455843469063987,2025-01-02 02:45:06.042747,2025-01-02 02:45:14.899461,0 days 00:00:08.856714,4,140,185.0,,,,,,,,,,,160.0,5.0,,,,,,,COMPLETE
214,214,0.8868318122555411,2025-01-02 02:45:14.900039,2025-01-02 02:45:20.952641,0 days 00:00:06.052602,2,150,190.0,,,,,,,,,,,,,,,,,,,COMPLETE
215,215,0.9032258064516129,2025-01-02 02:45:20.953190,2025-01-02 02:45:28.402795,0 days 00:00:07.449605,3,135,200.0,,,,,,,,,,,140.0,,,,,,,,COMPLETE
216,216,0.8870673952641166,2025-01-02 02:45:28.403366,2025-01-02 02:45:35.792351,0 days 00:00:07.388985,3,125,200.0,,,,,,,,,,,140.0,,,,,,,,COMPLETE
217,217,0.8544980443285528,2025-01-02 02:45:35.792933,2025-01-02 02:45:43.233900,0 days 00:00:07.440967,3,130,200.0,,,,,,,,,,,135.0,,,,,,,,COMPLETE
218,218,0.8499583217560434,2025-01-02 02:45:43.234477,2025-01-02 02:45:49.273365,0 days 00:00:06.038888,2,135,195.0,,,,,,,,,,,,,,,,,,,COMPLETE
219,219,0.8592896174863388,2025-01-02 02:45:49.273980,2025-01-02 02:45:56.651759,0 days 00:00:07.377779,3,155,45.0,,,,,,,,,,,145.0,,,,,,,,COMPLETE
220,220,0.8961538461538462,2025-01-02 02:45:56.652311,2025-01-02 02:46:02.715050,0 days 00:00:06.062739,2,130,200.0,,,,,,,,,,,,,,,,,,,COMPLETE
221,221,0.8481045081967213,2025-01-02 02:46:02.715614,2025-01-02 02:46:08.887735,0 days 00:00:06.172121,2,130,200.0,,,,,,,,,,,,,,,,,,,COMPLETE
222,222,0.8523002421307506,2025-01-02 02:46:08.888313,2025-01-02 02:46:13.585922,0 days 00:00:04.697609,1,135,,,,,,,,,,,,,,,,,,,,COMPLETE
223,223,0.8688172043010753,2025-01-02 02:46:13.586458,2025-01-02 02:46:19.735037,0 days 00:00:06.148579,2,95,160.0,,,,,,,,,,,,,,,,,,,COMPLETE
224,224,0.8812194420477423,2025-01-02 02:46:19.735582,2025-01-02 02:46:26.666325,0 days 00:00:06.930743,3,125,195.0,,,,,,,,,,,130.0,,,,,,,,COMPLETE
225,225,0.8781068217874141,2025-01-02 02:46:26.666912,2025-01-02 02:46:34.193554,0 days 00:00:07.526642,3,130,75.0,,,,,,,,,,,155.0,,,,,,,,COMPLETE
226,226,0.845603813559322,2025-01-02 02:46:34.194134,2025-01-02 02:46:40.669651,0 days 00:00:06.475517,2,145,60.0,,,,,,,,,,,,,,,,,,,COMPLETE
227,227,0.8851224105461393,2025-01-02 02:46:40.670207,2025-01-02 02:46:48.050447,0 days 00:00:07.380240,3,135,195.0,,,,,,,,,,,125.0,,,,,,,,COMPLETE
228,228,0.8391134289439375,2025-01-02 02:46:48.051132,2025-01-02 02:46:56.806918,0 days 00:00:08.755786,4,140,200.0,,,,,,,,,,,140.0,80.0,,,,,,,COMPLETE
229,229,0.8777777777777778,2025-01-02 02:46:56.807567,2025-01-02 02:47:02.908911,0 days 00:00:06.101344,2,140,190.0,,,,,,,,,,,,,,,,,,,COMPLETE
230,230,0.8800719054956343,2025-01-02 02:47:02.909460,2025-01-02 02:47:10.296984,0 days 00:00:07.387524,3,130,150.0,,,,,,,,,,,150.0,,,,,,,,COMPLETE
231,231,0.8455843469063987,2025-01-02 02:47:10.297557,2025-01-02 02:47:19.006738,0 days 00:00:08.709181,4,140,190.0,,,,,,,,,,,115.0,15.0,,,,,,,COMPLETE
232,232,0.8637295081967213,2025-01-02 02:47:19.007305,2025-01-02 02:47:27.763431,0 days 00:00:08.756126,4,145,185.0,,,,,,,,,,,120.0,25.0,,,,,,,COMPLETE
233,233,0.6099290780141844,2025-01-02 02:47:27.764042,2025-01-02 02:47:37.792653,0 days 00:00:10.028611,5,135,195.0,,,,,,,,,,,110.0,40.0,135.0,,,,,,COMPLETE
234,234,0.8225344782721832,2025-01-02 02:47:37.793225,2025-01-02 02:47:46.537012,0 days 00:00:08.743787,4,140,200.0,,,,,,,,,,,130.0,10.0,,,,,,,COMPLETE
235,235,0.8708333333333333,2025-01-02 02:47:46.537597,2025-01-02 02:47:54.019615,0 days 00:00:07.482018,3,135,190.0,,,,,,,,,,,125.0,,,,,,,,COMPLETE
236,236,0.8499583217560434,2025-01-02 02:47:54.020205,2025-01-02 02:48:01.421560,0 days 00:00:07.401355,3,145,195.0,,,,,,,,,,,135.0,,,,,,,,COMPLETE
237,237,0.8033313851548802,2025-01-02 02:48:01.422133,2025-01-02 02:48:10.259051,0 days 00:00:08.836918,4,130,185.0,,,,,,,,,,,100.0,110.0,,,,,,,COMPLETE
238,238,0.8681732580037664,2025-01-02 02:48:10.259632,2025-01-02 02:48:16.390969,0 days 00:00:06.131337,2,140,190.0,,,,,,,,,,,,,,,,,,,COMPLETE
239,239,0.869365721997301,2025-01-02 02:48:16.391534,2025-01-02 02:48:23.296627,0 days 00:00:06.905093,3,135,10.0,,,,,,,,,,,120.0,,,,,,,,COMPLETE
240,240,0.8611111111111112,2025-01-02 02:48:23.297192,2025-01-02 02:48:26.825287,0 days 00:00:03.528095,2,150,175.0,,,,,,,,,,,,,,,,,,,COMPLETE
241,241,0.8435501066098081,2025-01-02 02:48:26.825880,2025-01-02 02:48:36.838005,0 days 00:00:10.012125,4,140,195.0,,,,,,,,,,,115.0,30.0,,,,,,,COMPLETE
242,242,0.8708333333333333,2025-01-02 02:48:36.838685,2025-01-02 02:48:45.511688,0 days 00:00:08.673003,4,145,200.0,,,,,,,,,,,105.0,20.0,,,,,,,COMPLETE
243,243,0.8524590163934426,2025-01-02 02:48:45.512355,2025-01-02 02:48:53.660532,0 days 00:00:08.148177,4,140,195.0,,,,,,,,,,,115.0,15.0,,,,,,,COMPLETE
244,244,0.8526442307692308,2025-01-02 02:48:53.661106,2025-01-02 02:49:02.382037,0 days 00:00:08.720931,4,135,190.0,,,,,,,,,,,110.0,5.0,,,,,,,COMPLETE
245,245,0.8781779661016949,2025-01-02 02:49:02.382626,2025-01-02 02:49:09.762094,0 days 00:00:07.379468,3,145,195.0,,,,,,,,,,,115.0,,,,,,,,COMPLETE
246,246,0.8544980443285528,2025-01-02 02:49:09.762682,2025-01-02 02:49:17.164405,0 days 00:00:07.401723,3,140,200.0,,,,,,,,,,,120.0,,,,,,,,COMPLETE
247,247,0.6954022988505747,2025-01-02 02:49:17.164983,2025-01-02 02:49:27.292325,0 days 00:00:10.127342,5,125,180.0,,,,,,,,,,,125.0,35.0,180.0,,,,,,COMPLETE
248,248,0.8654970760233918,2025-01-02 02:49:27.292915,2025-01-02 02:49:35.243776,0 days 00:00:07.950861,3,130,190.0,,,,,,,,,,,110.0,,,,,,,,COMPLETE
249,249,0.8356681034482758,2025-01-02 02:49:35.244331,2025-01-02 02:49:39.630281,0 days 00:00:04.385950,4,135,155.0,,,,,,,,,,,95.0,25.0,,,,,,,COMPLETE
250,250,0.8781068217874141,2025-01-02 02:49:39.630859,2025-01-02 02:49:45.728804,0 days 00:00:06.097945,2,150,185.0,,,,,,,,,,,,,,,,,,,COMPLETE
251,251,0.44984717977215893,2025-01-02 02:49:45.729360,2025-01-02 02:49:59.628377,0 days 00:00:13.899017,8,135,195.0,,,,,,,,,,,105.0,45.0,170.0,60.0,145.0,150.0,,,COMPLETE
252,252,0.8681732580037664,2025-01-02 02:49:59.629046,2025-01-02 02:50:07.761427,0 days 00:00:08.132381,4,140,100.0,,,,,,,,,,,140.0,20.0,,,,,,,COMPLETE
253,253,0.8870673952641166,2025-01-02 02:50:07.762026,2025-01-02 02:50:15.718697,0 days 00:00:07.956671,3,100,130.0,,,,,,,,,,,75.0,,,,,,,,COMPLETE
254,254,0.8293650793650793,2025-01-02 02:50:15.719313,2025-01-02 02:50:20.723148,0 days 00:00:05.003835,1,145,,,,,,,,,,,,,,,,,,,,COMPLETE
255,255,0.8538884524744697,2025-01-02 02:50:20.723686,2025-01-02 02:50:30.009196,0 days 00:00:09.285510,4,130,140.0,,,,,,,,,,,115.0,55.0,,,,,,,COMPLETE
256,256,0.8851224105461393,2025-01-02 02:50:30.009979,2025-01-02 02:50:36.100453,0 days 00:00:06.090474,2,145,200.0,,,,,,,,,,,,,,,,,,,COMPLETE
257,257,0.8849462365591398,2025-01-02 02:50:36.101011,2025-01-02 02:50:43.492846,0 days 00:00:07.391835,3,135,185.0,,,,,,,,,,,160.0,,,,,,,,COMPLETE
258,258,0.7601092896174864,2025-01-02 02:50:43.493419,2025-01-02 02:50:52.898908,0 days 00:00:09.405489,5,125,195.0,,,,,,,,,,,130.0,30.0,125.0,,,,,,COMPLETE
259,259,0.8665183537263625,2025-01-02 02:50:52.899524,2025-01-02 02:51:00.270925,0 days 00:00:07.371401,3,140,190.0,,,,,,,,,,,120.0,,,,,,,,COMPLETE
260,260,0.8548009367681498,2025-01-02 02:51:00.271499,2025-01-02 02:51:09.168899,0 days 00:00:08.897400,4,95,165.0,,,,,,,,,,,145.0,10.0,,,,,,,COMPLETE
261,261,0.8521505376344086,2025-01-02 02:51:09.169477,2025-01-02 02:51:15.247080,0 days 00:00:06.077603,2,155,195.0,,,,,,,,,,,,,,,,,,,COMPLETE
262,262,0.8944444444444444,2025-01-02 02:51:15.247639,2025-01-02 02:51:23.149516,0 days 00:00:07.901877,3,130,200.0,,,,,,,,,,,110.0,,,,,,,,COMPLETE
263,263,0.8452380952380952,2025-01-02 02:51:23.150110,2025-01-02 02:51:30.550007,0 days 00:00:07.399897,3,120,200.0,,,,,,,,,,,105.0,,,,,,,,COMPLETE
264,264,0.8320512820512821,2025-01-02 02:51:30.550576,2025-01-02 02:51:36.626805,0 days 00:00:06.076229,2,130,35.0,,,,,,,,,,,,,,,,,,,COMPLETE
265,265,0.7903225806451613,2025-01-02 02:51:36.627397,2025-01-02 02:51:44.097318,0 days 00:00:07.469921,3,25,200.0,,,,,,,,,,,110.0,,,,,,,,COMPLETE
266,266,0.597863247863248,2025-01-02 02:51:44.097890,2025-01-02 02:52:16.554378,0 days 00:00:32.456488,11,125,25.0,90.0,,,,,,,,,,135.0,90.0,200.0,135.0,120.0,25.0,155.0,60.0,COMPLETE
267,267,0.8688172043010753,2025-01-02 02:52:16.555296,2025-01-02 02:52:23.922558,0 days 00:00:07.367262,3,130,120.0,,,,,,,,,,,100.0,,,,,,,,COMPLETE
268,268,0.8833333333333333,2025-01-02 02:52:23.923207,2025-01-02 02:52:31.381064,0 days 00:00:07.457857,3,135,190.0,,,,,,,,,,,110.0,,,,,,,,COMPLETE
269,269,0.8781779661016949,2025-01-02 02:52:31.381652,2025-01-02 02:52:37.422836,0 days 00:00:06.041184,2,150,180.0,,,,,,,,,,,,,,,,,,,COMPLETE
270,270,0.8637295081967213,2025-01-02 02:52:37.423410,2025-01-02 02:52:42.479840,0 days 00:00:05.056430,1,130,,,,,,,,,,,,,,,,,,,,COMPLETE
271,271,0.8617133791644632,2025-01-02 02:52:42.480389,2025-01-02 02:52:50.474752,0 days 00:00:07.994363,3,135,170.0,,,,,,,,,,,120.0,,,,,,,,COMPLETE
272,272,0.8544980443285528,2025-01-02 02:52:50.475322,2025-01-02 02:52:56.543458,0 days 00:00:06.068136,2,140,150.0,,,,,,,,,,,,,,,,,,,COMPLETE
273,273,0.8681732580037664,2025-01-02 02:52:56.544038,2025-01-02 02:53:04.467644,0 days 00:00:07.923606,3,125,200.0,,,,,,,,,,,150.0,,,,,,,,COMPLETE
274,274,0.49055330634278005,2025-01-02 02:53:04.468217,2025-01-02 02:53:16.031234,0 days 00:00:11.563017,6,145,185.0,,,,,,,,,,,125.0,65.0,30.0,80.0,,,,,COMPLETE
275,275,0.8257575757575758,2025-01-02 02:53:16.031856,2025-01-02 02:53:24.783767,0 days 00:00:08.751911,4,135,190.0,,,,,,,,,,,165.0,120.0,,,,,,,COMPLETE
276,276,0.861904761904762,2025-01-02 02:53:24.784358,2025-01-02 02:53:30.875153,0 days 00:00:06.090795,2,130,195.0,,,,,,,,,,,,,,,,,,,COMPLETE
277,277,0.861228813559322,2025-01-02 02:53:30.875728,2025-01-02 02:53:38.327667,0 days 00:00:07.451939,3,140,200.0,,,,,,,,,,,130.0,,,,,,,,COMPLETE
278,278,0.8781779661016949,2025-01-02 02:53:38.328220,2025-01-02 02:53:47.029473,0 days 00:00:08.701253,4,150,195.0,,,,,,,,,,,90.0,45.0,,,,,,,COMPLETE
279,279,0.8669074742984162,2025-01-02 02:53:47.030096,2025-01-02 02:53:54.887318,0 days 00:00:07.857222,3,135,185.0,,,,,,,,,,,95.0,,,,,,,,COMPLETE
280,280,0.9047379032258065,2025-01-02 02:53:54.888023,2025-01-02 02:54:03.663074,0 days 00:00:08.775051,4,145,190.0,,,,,,,,,,,125.0,60.0,,,,,,,COMPLETE
281,281,0.8360215053763441,2025-01-02 02:54:03.663739,2025-01-02 02:54:09.717682,0 days 00:00:06.053943,2,155,85.0,,,,,,,,,,,,,,,,,,,COMPLETE
282,282,0.7652464494569757,2025-01-02 02:54:09.718247,2025-01-02 02:54:19.891894,0 days 00:00:10.173647,5,145,200.0,,,,,,,,,,,140.0,55.0,105.0,,,,,,COMPLETE
283,283,0.8944444444444444,2025-01-02 02:54:19.892479,2025-01-02 02:54:27.297413,0 days 00:00:07.404934,3,150,195.0,,,,,,,,,,,130.0,,,,,,,,COMPLETE
284,284,0.8286546610169492,2025-01-02 02:54:27.298024,2025-01-02 02:54:32.324172,0 days 00:00:05.026148,1,150,,,,,,,,,,,,,,,,,,,,COMPLETE
285,285,0.8592896174863388,2025-01-02 02:54:32.324717,2025-01-02 02:54:39.773230,0 days 00:00:07.448513,3,150,160.0,,,,,,,,,,,130.0,,,,,,,,COMPLETE
286,286,0.8692493946731235,2025-01-02 02:54:39.773802,2025-01-02 02:54:48.510788,0 days 00:00:08.736986,4,155,195.0,,,,,,,,,,,135.0,80.0,,,,,,,COMPLETE
287,287,0.861228813559322,2025-01-02 02:54:48.511389,2025-01-02 02:54:54.616044,0 days 00:00:06.104655,2,100,195.0,,,,,,,,,,,,,,,,,,,COMPLETE
288,288,0.8681732580037664,2025-01-02 02:54:54.616601,2025-01-02 02:55:03.473842,0 days 00:00:08.857241,4,120,50.0,,,,,,,,,,,55.0,60.0,,,,,,,COMPLETE
289,289,0.8851224105461393,2025-01-02 02:55:03.474519,2025-01-02 02:55:10.913885,0 days 00:00:07.439366,3,145,190.0,,,,,,,,,,,125.0,,,,,,,,COMPLETE
290,290,0.8445623342175066,2025-01-02 02:55:10.914469,2025-01-02 02:55:16.633634,0 days 00:00:05.719165,2,130,145.0,,,,,,,,,,,,,,,,,,,COMPLETE
291,291,0.7833333333333334,2025-01-02 02:55:16.634196,2025-01-02 02:55:26.690518,0 days 00:00:10.056322,5,145,200.0,,,,,,,,,,,125.0,85.0,10.0,,,,,,COMPLETE
292,292,0.8708333333333333,2025-01-02 02:55:26.691114,2025-01-02 02:55:34.054736,0 days 00:00:07.363622,3,125,110.0,,,,,,,,,,,130.0,,,,,,,,COMPLETE
293,293,0.38721264367816094,2025-01-02 02:55:34.055340,2025-01-02 02:55:46.162773,0 days 00:00:12.107433,9,135,200.0,,,,,,,,,,,140.0,75.0,95.0,170.0,165.0,140.0,185.0,,COMPLETE
294,294,0.8708333333333333,2025-01-02 02:55:46.163664,2025-01-02 02:55:54.965835,0 days 00:00:08.802171,4,130,195.0,,,,,,,,,,,120.0,65.0,,,,,,,COMPLETE
295,295,0.5073059360730594,2025-01-02 02:55:54.966456,2025-01-02 02:56:32.130324,0 days 00:00:37.163868,13,55,65.0,165.0,100.0,110.0,,,,,,,,135.0,50.0,50.0,65.0,65.0,60.0,55.0,100.0,COMPLETE
296,296,0.8781779661016949,2025-01-02 02:56:32.131095,2025-01-02 02:56:38.204202,0 days 00:00:06.073107,2,140,190.0,,,,,,,,,,,,,,,,,,,COMPLETE
297,297,0.8740112994350282,2025-01-02 02:56:38.204778,2025-01-02 02:56:45.123100,0 days 00:00:06.918322,3,150,140.0,,,,,,,,,,,150.0,,,,,,,,COMPLETE
298,298,0.845603813559322,2025-01-02 02:56:45.123717,2025-01-02 02:56:50.173244,0 days 00:00:05.049527,1,160,,,,,,,,,,,,,,,,,,,,COMPLETE
299,299,0.8781068217874141,2025-01-02 02:56:50.173824,2025-01-02 02:56:57.635303,0 days 00:00:07.461479,3,135,190.0,,,,,,,,,,,125.0,,,,,,,,COMPLETE
300,300,0.64,2025-01-02 02:56:57.635918,2025-01-02 02:57:07.726404,0 days 00:00:10.090486,5,145,195.0,,,,,,,,,,,115.0,140.0,90.0,,,,,,COMPLETE
301,301,0.8455843469063987,2025-01-02 02:57:07.727033,2025-01-02 02:57:16.499359,0 days 00:00:08.772326,4,140,155.0,,,,,,,,,,,120.0,90.0,,,,,,,COMPLETE
302,302,0.8523002421307506,2025-01-02 02:57:16.499968,2025-01-02 02:57:23.911732,0 days 00:00:07.411764,3,130,200.0,,,,,,,,,,,135.0,,,,,,,,COMPLETE
303,303,0.8709677419354839,2025-01-02 02:57:23.912322,2025-01-02 02:57:29.577718,0 days 00:00:05.665396,2,105,165.0,,,,,,,,,,,,,,,,,,,COMPLETE
304,304,0.8708333333333333,2025-01-02 02:57:29.578294,2025-01-02 02:57:38.353293,0 days 00:00:08.774999,4,90,180.0,,,,,,,,,,,65.0,100.0,,,,,,,COMPLETE
305,305,0.861228813559322,2025-01-02 02:57:38.354086,2025-01-02 02:57:44.417598,0 days 00:00:06.063512,2,125,195.0,,,,,,,,,,,,,,,,,,,COMPLETE
306,306,0.8617133791644632,2025-01-02 02:57:44.418183,2025-01-02 02:57:51.801393,0 days 00:00:07.383210,3,135,190.0,,,,,,,,,,,10.0,,,,,,,,COMPLETE
307,307,0.859212684527064,2025-01-02 02:57:51.802009,2025-01-02 02:58:00.560987,0 days 00:00:08.758978,4,155,200.0,,,,,,,,,,,130.0,40.0,,,,,,,COMPLETE
308,308,0.8942358540454786,2025-01-02 02:58:00.561589,2025-01-02 02:58:08.012731,0 days 00:00:07.451142,3,140,200.0,,,,,,,,,,,120.0,,,,,,,,COMPLETE
309,309,0.882745207001945,2025-01-02 02:58:08.013345,2025-01-02 02:58:15.484964,0 days 00:00:07.471619,3,140,200.0,,,,,,,,,,,145.0,,,,,,,,COMPLETE
310,310,0.8538884524744697,2025-01-02 02:58:15.485559,2025-01-02 02:58:21.549069,0 days 00:00:06.063510,2,135,95.0,,,,,,,,,,,,,,,,,,,COMPLETE
311,311,0.87042842215256,2025-01-02 02:58:21.549633,2025-01-02 02:58:28.955196,0 days 00:00:07.405563,3,140,195.0,,,,,,,,,,,120.0,,,,,,,,COMPLETE
312,312,0.8688172043010753,2025-01-02 02:58:28.955776,2025-01-02 02:58:35.013865,0 days 00:00:06.058089,2,120,200.0,,,,,,,,,,,,,,,,,,,COMPLETE
313,313,0.859212684527064,2025-01-02 02:58:35.014439,2025-01-02 02:58:42.931439,0 days 00:00:07.917000,3,130,130.0,,,,,,,,,,,105.0,,,,,,,,COMPLETE
314,314,0.8277511961722488,2025-01-02 02:58:42.932032,2025-01-02 02:58:47.969842,0 days 00:00:05.037810,1,145,,,,,,,,,,,,,,,,,,,,COMPLETE
315,315,0.8617133791644632,2025-01-02 02:58:47.970422,2025-01-02 02:58:54.930155,0 days 00:00:06.959733,3,135,195.0,,,,,,,,,,,115.0,,,,,,,,COMPLETE
316,316,0.8640552995391705,2025-01-02 02:58:54.930715,2025-01-02 02:59:02.383875,0 days 00:00:07.453160,3,130,145.0,,,,,,,,,,,125.0,,,,,,,,COMPLETE
317,317,0.8761618370694368,2025-01-02 02:59:02.384477,2025-01-02 02:59:08.480244,0 days 00:00:06.095767,2,140,200.0,,,,,,,,,,,,,,,,,,,COMPLETE
318,318,0.8753417167851285,2025-01-02 02:59:08.480817,2025-01-02 02:59:15.938035,0 days 00:00:07.457218,3,125,195.0,,,,,,,,,,,100.0,,,,,,,,COMPLETE
319,319,0.8548387096774194,2025-01-02 02:59:15.938654,2025-01-02 02:59:24.729754,0 days 00:00:08.791100,4,145,160.0,,,,,,,,,,,155.0,180.0,,,,,,,COMPLETE
320,320,0.8565365025466893,2025-01-02 02:59:24.730539,2025-01-02 02:59:30.810536,0 days 00:00:06.079997,2,135,150.0,,,,,,,,,,,,,,,,,,,COMPLETE
321,321,0.9032258064516129,2025-01-02 02:59:30.811135,2025-01-02 02:59:37.666207,0 days 00:00:06.855072,3,140,185.0,,,,,,,,,,,110.0,,,,,,,,COMPLETE
322,322,0.8286247334754797,2025-01-02 02:59:37.666801,2025-01-02 02:59:43.718599,0 days 00:00:06.051798,2,130,185.0,,,,,,,,,,,,,,,,,,,COMPLETE
323,323,0.8711943793911007,2025-01-02 02:59:43.719187,2025-01-02 02:59:51.614712,0 days 00:00:07.895525,3,145,175.0,,,,,,,,,,,110.0,,,,,,,,COMPLETE
324,324,0.8781779661016949,2025-01-02 02:59:51.615309,2025-01-02 02:59:59.035171,0 days 00:00:07.419862,3,95,180.0,,,,,,,,,,,105.0,,,,,,,,COMPLETE
325,325,0.8868318122555411,2025-01-02 02:59:59.035792,2025-01-02 03:00:05.083759,0 days 00:00:06.047967,2,135,185.0,,,,,,,,,,,,,,,,,,,COMPLETE
326,326,0.8891129032258065,2025-01-02 03:00:05.084331,2025-01-02 03:00:11.995007,0 days 00:00:06.910676,3,140,135.0,,,,,,,,,,,115.0,,,,,,,,COMPLETE
327,327,0.8706739526411658,2025-01-02 03:00:11.995603,2025-01-02 03:00:19.332589,0 days 00:00:07.336986,3,140,130.0,,,,,,,,,,,35.0,,,,,,,,COMPLETE
328,328,0.859212684527064,2025-01-02 03:00:19.333207,2025-01-02 03:00:25.422535,0 days 00:00:06.089328,2,145,135.0,,,,,,,,,,,,,,,,,,,COMPLETE
329,329,0.8781779661016949,2025-01-02 03:00:25.423141,2025-01-02 03:00:32.374448,0 days 00:00:06.951307,3,150,135.0,,,,,,,,,,,115.0,,,,,,,,COMPLETE
330,330,0.8942358540454786,2025-01-02 03:00:32.375058,2025-01-02 03:00:39.284944,0 days 00:00:06.909886,3,140,120.0,,,,,,,,,,,45.0,,,,,,,,COMPLETE
331,331,0.8688172043010753,2025-01-02 03:00:39.285572,2025-01-02 03:00:46.701041,0 days 00:00:07.415469,3,100,140.0,,,,,,,,,,,40.0,,,,,,,,COMPLETE
332,332,0.8385416666666667,2025-01-02 03:00:46.701667,2025-01-02 03:00:54.159440,0 days 00:00:07.457773,3,140,125.0,,,,,,,,,,,30.0,,,,,,,,COMPLETE
333,333,0.8781068217874141,2025-01-02 03:00:54.160051,2025-01-02 03:01:02.938078,0 days 00:00:08.778027,4,110,115.0,,,,,,,,,,,25.0,110.0,,,,,,,COMPLETE
334,334,0.8781068217874141,2025-01-02 03:01:02.938720,2025-01-02 03:01:10.309983,0 days 00:00:07.371263,3,150,130.0,,,,,,,,,,,45.0,,,,,,,,COMPLETE
335,335,0.7868852459016393,2025-01-02 03:01:10.310760,2025-01-02 03:01:18.588920,0 days 00:00:08.278160,4,145,20.0,,,,,,,,,,,35.0,160.0,,,,,,,COMPLETE
336,336,0.37472201630837654,2025-01-02 03:01:18.589545,2025-01-02 03:02:04.448282,0 days 00:00:45.858737,17,140,140.0,40.0,80.0,40.0,100.0,115.0,70.0,200.0,,,,45.0,70.0,65.0,150.0,20.0,180.0,25.0,130.0,COMPLETE
337,337,0.8741776315789473,2025-01-02 03:02:04.449115,2025-01-02 03:02:11.867545,0 days 00:00:07.418430,3,140,115.0,,,,,,,,,,,145.0,,,,,,,,COMPLETE
338,338,0.8870673952641166,2025-01-02 03:02:11.868168,2025-01-02 03:02:19.297123,0 days 00:00:07.428955,3,125,125.0,,,,,,,,,,,110.0,,,,,,,,COMPLETE
339,339,0.8481045081967213,2025-01-02 03:02:19.297757,2025-01-02 03:02:26.168452,0 days 00:00:06.870695,3,150,120.0,,,,,,,,,,,20.0,,,,,,,,COMPLETE
340,340,0.8631227529532615,2025-01-02 03:02:26.169079,2025-01-02 03:02:34.879531,0 days 00:00:08.710452,4,135,145.0,,,,,,,,,,,130.0,35.0,,,,,,,COMPLETE
341,341,0.8960573476702509,2025-01-02 03:02:34.880159,2025-01-02 03:02:42.309583,0 days 00:00:07.429424,3,145,155.0,,,,,,,,,,,140.0,,,,,,,,COMPLETE
342,342,0.8688172043010753,2025-01-02 03:02:42.310212,2025-01-02 03:02:49.666031,0 days 00:00:07.355819,3,145,155.0,,,,,,,,,,,140.0,,,,,,,,COMPLETE
343,343,0.8681732580037664,2025-01-02 03:02:49.666654,2025-01-02 03:02:58.359925,0 days 00:00:08.693271,4,155,135.0,,,,,,,,,,,135.0,150.0,,,,,,,COMPLETE
344,344,0.3829787234042553,2025-01-02 03:02:58.360706,2025-01-02 03:03:16.188639,0 days 00:00:17.827933,10,145,105.0,,,,,,,,,,,115.0,195.0,85.0,95.0,55.0,90.0,90.0,180.0,COMPLETE
345,345,0.8779904306220095,2025-01-02 03:03:16.189349,2025-01-02 03:03:21.803130,0 days 00:00:05.613781,2,145,30.0,,,,,,,,,,,,,,,,,,,COMPLETE
346,346,0.8708333333333333,2025-01-02 03:03:21.803725,2025-01-02 03:03:27.917075,0 days 00:00:06.113350,2,150,200.0,,,,,,,,,,,,,,,,,,,COMPLETE
347,347,0.857358870967742,2025-01-02 03:03:27.917683,2025-01-02 03:03:34.837846,0 days 00:00:06.920163,3,140,45.0,,,,,,,,,,,120.0,,,,,,,,COMPLETE
348,348,0.8162071846282373,2025-01-02 03:03:34.838434,2025-01-02 03:03:43.645190,0 days 00:00:08.806756,4,90,150.0,,,,,,,,,,,140.0,130.0,,,,,,,COMPLETE
349,349,0.9106292966684294,2025-01-02 03:03:43.645794,2025-01-02 03:03:51.027624,0 days 00:00:07.381830,3,150,135.0,,,,,,,,,,,125.0,,,,,,,,COMPLETE
350,350,0.8637295081967213,2025-01-02 03:03:51.028220,2025-01-02 03:03:58.420196,0 days 00:00:07.391976,3,165,130.0,,,,,,,,,,,125.0,,,,,,,,COMPLETE
351,351,0.8293650793650793,2025-01-02 03:03:58.420831,2025-01-02 03:04:07.791273,0 days 00:00:09.370442,4,150,140.0,,,,,,,,,,,125.0,60.0,,,,,,,COMPLETE
352,352,0.9103174603174603,2025-01-02 03:04:07.791892,2025-01-02 03:04:15.256236,0 days 00:00:07.464344,3,155,125.0,,,,,,,,,,,135.0,,,,,,,,COMPLETE
353,353,0.7516692347200822,2025-01-02 03:04:15.256864,2025-01-02 03:04:24.653098,0 days 00:00:09.396234,5,155,125.0,,,,,,,,,,,195.0,95.0,195.0,,,,,,COMPLETE
354,354,0.8944444444444444,2025-01-02 03:04:24.653757,2025-01-02 03:04:32.151954,0 days 00:00:07.498197,3,155,110.0,,,,,,,,,,,120.0,,,,,,,,COMPLETE
355,355,0.8685344827586207,2025-01-02 03:04:32.152567,2025-01-02 03:04:39.574067,0 days 00:00:07.421500,3,155,120.0,,,,,,,,,,,120.0,,,,,,,,COMPLETE
356,356,0.8852459016393442,2025-01-02 03:04:39.574688,2025-01-02 03:04:46.485556,0 days 00:00:06.910868,3,165,110.0,,,,,,,,,,,130.0,,,,,,,,COMPLETE
357,357,0.8781068217874141,2025-01-02 03:04:46.486272,2025-01-02 03:04:54.381024,0 days 00:00:07.894752,3,155,110.0,,,,,,,,,,,115.0,,,,,,,,COMPLETE
358,358,0.8781068217874141,2025-01-02 03:04:54.381727,2025-01-02 03:05:02.298264,0 days 00:00:07.916537,3,160,120.0,,,,,,,,,,,120.0,,,,,,,,COMPLETE
359,359,0.8708333333333333,2025-01-02 03:05:02.298884,2025-01-02 03:05:08.389160,0 days 00:00:06.090276,2,165,125.0,,,,,,,,,,,,,,,,,,,COMPLETE
360,360,0.8688172043010753,2025-01-02 03:05:08.389756,2025-01-02 03:05:15.852063,0 days 00:00:07.462307,3,160,105.0,,,,,,,,,,,125.0,,,,,,,,COMPLETE
361,361,0.8663517643789942,2025-01-02 03:05:15.852681,2025-01-02 03:05:24.613178,0 days 00:00:08.760497,4,155,135.0,,,,,,,,,,,145.0,50.0,,,,,,,COMPLETE
362,362,0.8799283154121864,2025-01-02 03:05:24.613820,2025-01-02 03:05:32.058196,0 days 00:00:07.444376,3,150,120.0,,,,,,,,,,,110.0,,,,,,,,COMPLETE
363,363,0.26468769325912184,2025-01-02 03:05:32.058826,2025-01-02 03:06:15.898090,0 days 00:00:43.839264,16,160,130.0,185.0,30.0,85.0,70.0,115.0,145.0,,,,,135.0,45.0,40.0,50.0,85.0,70.0,20.0,15.0,COMPLETE
364,364,0.8875,2025-01-02 03:06:15.898955,2025-01-02 03:06:22.010637,0 days 00:00:06.111682,2,150,200.0,,,,,,,,,,,,,,,,,,,COMPLETE
365,365,0.8781068217874141,2025-01-02 03:06:22.011208,2025-01-02 03:06:30.732656,0 days 00:00:08.721448,4,150,115.0,,,,,,,,,,,115.0,30.0,,,,,,,COMPLETE
366,366,0.8640552995391705,2025-01-02 03:06:30.733279,2025-01-02 03:06:38.151144,0 days 00:00:07.417865,3,145,190.0,,,,,,,,,,,125.0,,,,,,,,COMPLETE
367,367,0.8771883289124669,2025-01-02 03:06:38.151959,2025-01-02 03:06:43.429347,0 days 00:00:05.277388,2,150,115.0,,,,,,,,,,,,,,,,,,,COMPLETE
368,368,0.8942358540454786,2025-01-02 03:06:43.429969,2025-01-02 03:06:50.851713,0 days 00:00:07.421744,3,145,100.0,,,,,,,,,,,130.0,,,,,,,,COMPLETE
369,369,0.8342780026990553,2025-01-02 03:06:50.852311,2025-01-02 03:06:58.284246,0 days 00:00:07.431935,3,155,125.0,,,,,,,,,,,130.0,,,,,,,,COMPLETE
370,370,0.9103174603174603,2025-01-02 03:06:58.284880,2025-01-02 03:07:05.757614,0 days 00:00:07.472734,3,145,95.0,,,,,,,,,,,130.0,,,,,,,,COMPLETE
371,371,0.8870673952641166,2025-01-02 03:07:05.758228,2025-01-02 03:07:12.653508,0 days 00:00:06.895280,3,160,95.0,,,,,,,,,,,130.0,,,,,,,,COMPLETE
372,372,0.8548009367681498,2025-01-02 03:07:12.654111,2025-01-02 03:07:19.113301,0 days 00:00:06.459190,2,145,90.0,,,,,,,,,,,,,,,,,,,COMPLETE
373,373,0.8942358540454786,2025-01-02 03:07:19.113890,2025-01-02 03:07:26.502759,0 days 00:00:07.388869,3,150,100.0,,,,,,,,,,,135.0,,,,,,,,COMPLETE
374,374,0.8548009367681498,2025-01-02 03:07:26.503360,2025-01-02 03:07:33.852569,0 days 00:00:07.349209,3,185,95.0,,,,,,,,,,,135.0,,,,,,,,COMPLETE
375,375,0.8445623342175066,2025-01-02 03:07:33.853199,2025-01-02 03:07:39.992580,0 days 00:00:06.139381,2,155,90.0,,,,,,,,,,,,,,,,,,,COMPLETE
376,376,0.8548009367681498,2025-01-02 03:07:39.993190,2025-01-02 03:07:46.904425,0 days 00:00:06.911235,3,150,100.0,,,,,,,,,,,140.0,,,,,,,,COMPLETE
377,377,0.8708333333333333,2025-01-02 03:07:46.905051,2025-01-02 03:07:54.367103,0 days 00:00:07.462052,3,150,100.0,,,,,,,,,,,135.0,,,,,,,,COMPLETE
378,378,0.3126934984520124,2025-01-02 03:07:54.367793,2025-01-02 03:08:09.139904,0 days 00:00:14.772111,8,155,80.0,,,,,,,,,,,140.0,105.0,145.0,15.0,100.0,115.0,,,COMPLETE
379,379,0.8512931034482758,2025-01-02 03:08:09.140605,2025-01-02 03:08:15.205306,0 days 00:00:06.064701,2,145,100.0,,,,,,,,,,,,,,,,,,,COMPLETE
380,380,0.8430836522689995,2025-01-02 03:08:15.205907,2025-01-02 03:08:22.091035,0 days 00:00:06.885128,3,160,85.0,,,,,,,,,,,130.0,,,,,,,,COMPLETE
381,381,0.8740803621958121,2025-01-02 03:08:22.091660,2025-01-02 03:08:28.146843,0 days 00:00:06.055183,2,150,105.0,,,,,,,,,,,,,,,,,,,COMPLETE
382,382,0.89272030651341,2025-01-02 03:08:28.147553,2025-01-02 03:08:35.611772,0 days 00:00:07.464219,3,40,105.0,,,,,,,,,,,135.0,,,,,,,,COMPLETE
383,383,0.8665183537263625,2025-01-02 03:08:35.612441,2025-01-02 03:08:40.623961,0 days 00:00:05.011520,1,145,,,,,,,,,,,,,,,,,,,,COMPLETE
384,384,0.8119363395225465,2025-01-02 03:08:40.624544,2025-01-02 03:08:46.688366,0 days 00:00:06.063822,2,150,110.0,,,,,,,,,,,,,,,,,,,COMPLETE
385,385,0.8082417582417583,2025-01-02 03:08:46.688970,2025-01-02 03:08:55.453659,0 days 00:00:08.764689,4,170,100.0,,,,,,,,,,,145.0,80.0,,,,,,,COMPLETE
386,386,0.8403954802259888,2025-01-02 03:08:55.454296,2025-01-02 03:09:04.151425,0 days 00:00:08.697129,4,145,110.0,,,,,,,,,,,130.0,75.0,,,,,,,COMPLETE
387,387,0.8499583217560434,2025-01-02 03:09:04.152059,2025-01-02 03:09:11.562512,0 days 00:00:07.410453,3,155,95.0,,,,,,,,,,,135.0,,,,,,,,COMPLETE
388,388,0.8654970760233918,2025-01-02 03:09:11.563178,2025-01-02 03:09:18.462449,0 days 00:00:06.899271,3,145,170.0,,,,,,,,,,,130.0,,,,,,,,COMPLETE
389,389,0.8781068217874141,2025-01-02 03:09:18.463066,2025-01-02 03:09:24.535060,0 days 00:00:06.071994,2,140,105.0,,,,,,,,,,,,,,,,,,,COMPLETE
390,390,0.8708333333333333,2025-01-02 03:09:24.535667,2025-01-02 03:09:33.264503,0 days 00:00:08.728836,4,145,70.0,,,,,,,,,,,90.0,90.0,,,,,,,COMPLETE
391,391,0.8617133791644632,2025-01-02 03:09:33.265141,2025-01-02 03:09:40.160571,0 days 00:00:06.895430,3,160,90.0,,,,,,,,,,,140.0,,,,,,,,COMPLETE
392,392,0.8841594827586207,2025-01-02 03:09:40.161168,2025-01-02 03:09:45.192590,0 days 00:00:05.031422,1,150,,,,,,,,,,,,,,,,,,,,COMPLETE
393,393,0.8754789272030651,2025-01-02 03:09:45.193173,2025-01-02 03:09:52.617067,0 days 00:00:07.423894,3,140,105.0,,,,,,,,,,,125.0,,,,,,,,COMPLETE
394,394,0.8504464285714286,2025-01-02 03:09:52.617698,2025-01-02 03:10:01.376086,0 days 00:00:08.758388,4,140,195.0,,,,,,,,,,,145.0,40.0,,,,,,,COMPLETE
395,395,0.8372296902396259,2025-01-02 03:10:01.376728,2025-01-02 03:10:08.778581,0 days 00:00:07.401853,3,155,115.0,,,,,,,,,,,125.0,,,,,,,,COMPLETE
396,396,0.13108108108108107,2025-01-02 03:10:08.779203,2025-01-02 03:10:46.416600,0 days 00:00:37.637397,13,145,55.0,80.0,140.0,145.0,,,,,,,,80.0,55.0,160.0,125.0,50.0,130.0,5.0,180.0,COMPLETE
397,397,0.8429276315789473,2025-01-02 03:10:46.417642,2025-01-02 03:10:53.849858,0 days 00:00:07.432216,3,135,185.0,,,,,,,,,,,135.0,,,,,,,,COMPLETE
398,398,0.8479712378017463,2025-01-02 03:10:53.850469,2025-01-02 03:11:00.320178,0 days 00:00:06.469709,2,150,100.0,,,,,,,,,,,,,,,,,,,COMPLETE
399,399,0.8571428571428571,2025-01-02 03:11:00.320788,2025-01-02 03:11:07.733025,0 days 00:00:07.412237,3,140,200.0,,,,,,,,,,,95.0,,,,,,,,COMPLETE
400,400,0.8452380952380952,2025-01-02 03:11:07.733689,2025-01-02 03:11:16.460825,0 days 00:00:08.727136,4,145,75.0,,,,,,,,,,,120.0,85.0,,,,,,,COMPLETE
401,401,0.28125,2025-01-02 03:11:16.461430,2025-01-02 03:11:40.233138,0 days 00:00:23.771708,14,155,175.0,25.0,180.0,5.0,200.0,,,,,,,100.0,70.0,115.0,170.0,70.0,20.0,120.0,55.0,COMPLETE
402,402,0.4067019400352734,2025-01-02 03:11:40.233982,2025-01-02 03:12:31.298855,0 days 00:00:51.064873,19,140,95.0,115.0,65.0,200.0,120.0,65.0,40.0,110.0,115.0,195.0,,130.0,120.0,15.0,35.0,140.0,40.0,60.0,25.0,COMPLETE
403,403,0.8944444444444444,2025-01-02 03:12:31.299990,2025-01-02 03:12:37.365216,0 days 00:00:06.065226,2,70,110.0,,,,,,,,,,,,,,,,,,,COMPLETE
404,404,0.44832826747720367,2025-01-02 03:12:37.365816,2025-01-02 03:12:49.527187,0 days 00:00:12.161371,7,135,115.0,,,,,,,,,,,120.0,70.0,80.0,195.0,160.0,,,,COMPLETE
405,405,0.8544980443285528,2025-01-02 03:12:49.527841,2025-01-02 03:12:55.606127,0 days 00:00:06.078286,2,85,190.0,,,,,,,,,,,,,,,,,,,COMPLETE
406,406,0.8761618370694368,2025-01-02 03:12:55.606722,2025-01-02 03:13:00.622911,0 days 00:00:05.016189,1,135,,,,,,,,,,,,,,,,,,,,COMPLETE
407,407,0.8944444444444444,2025-01-02 03:13:00.623518,2025-01-02 03:13:06.690524,0 days 00:00:06.067006,2,75,110.0,,,,,,,,,,,,,,,,,,,COMPLETE
408,408,0.8385416666666667,2025-01-02 03:13:06.691122,2025-01-02 03:13:12.805624,0 days 00:00:06.114502,2,60,110.0,,,,,,,,,,,,,,,,,,,COMPLETE
409,409,0.8637295081967213,2025-01-02 03:13:12.806228,2025-01-02 03:13:18.897750,0 days 00:00:06.091522,2,70,115.0,,,,,,,,,,,,,,,,,,,COMPLETE
410,410,0.859212684527064,2025-01-02 03:13:18.898351,2025-01-02 03:13:24.997732,0 days 00:00:06.099381,2,70,110.0,,,,,,,,,,,,,,,,,,,COMPLETE
411,411,0.8423645320197044,2025-01-02 03:13:24.998320,2025-01-02 03:13:30.005361,0 days 00:00:05.007041,1,60,,,,,,,,,,,,,,,,,,,,COMPLETE
412,412,0.87042842215256,2025-01-02 03:13:30.005864,2025-01-02 03:13:34.967430,0 days 00:00:04.961566,1,80,,,,,,,,,,,,,,,,,,,,COMPLETE
413,413,0.8628205128205129,2025-01-02 03:13:34.968030,2025-01-02 03:13:38.527677,0 days 00:00:03.559647,2,70,120.0,,,,,,,,,,,,,,,,,,,COMPLETE
414,414,0.861228813559322,2025-01-02 03:13:38.528277,2025-01-02 03:13:44.647300,0 days 00:00:06.119023,2,70,120.0,,,,,,,,,,,,,,,,,,,COMPLETE
415,415,0.8868318122555411,2025-01-02 03:13:44.647907,2025-01-02 03:13:50.338334,0 days 00:00:05.690427,2,65,195.0,,,,,,,,,,,,,,,,,,,COMPLETE
416,416,0.8777777777777778,2025-01-02 03:13:50.338950,2025-01-02 03:13:55.313816,0 days 00:00:04.974866,1,75,,,,,,,,,,,,,,,,,,,,COMPLETE
417,417,0.8430836522689995,2025-01-02 03:13:55.314425,2025-01-02 03:14:01.445391,0 days 00:00:06.130966,2,75,185.0,,,,,,,,,,,,,,,,,,,COMPLETE
418,418,0.8688172043010753,2025-01-02 03:14:01.446130,2025-01-02 03:14:08.789913,0 days 00:00:07.343783,3,65,125.0,,,,,,,,,,,105.0,,,,,,,,COMPLETE
419,419,0.9098143236074271,2025-01-02 03:14:08.790592,2025-01-02 03:14:14.885534,0 days 00:00:06.094942,2,65,110.0,,,,,,,,,,,,,,,,,,,COMPLETE
420,420,0.6107162383816294,2025-01-02 03:14:14.886159,2025-01-02 03:14:26.674711,0 days 00:00:11.788552,6,60,110.0,,,,,,,,,,,100.0,60.0,55.0,110.0,,,,,COMPLETE
421,421,0.8521505376344086,2025-01-02 03:14:26.675366,2025-01-02 03:14:32.767598,0 days 00:00:06.092232,2,65,180.0,,,,,,,,,,,,,,,,,,,COMPLETE
422,422,0.9020715630885122,2025-01-02 03:14:32.768204,2025-01-02 03:14:38.874712,0 days 00:00:06.106508,2,80,195.0,,,,,,,,,,,,,,,,,,,COMPLETE
423,423,0.8214192196910186,2025-01-02 03:14:38.875320,2025-01-02 03:14:43.562161,0 days 00:00:04.686841,1,75,,,,,,,,,,,,,,,,,,,,COMPLETE
424,424,0.8455843469063987,2025-01-02 03:14:43.562747,2025-01-02 03:14:48.611223,0 days 00:00:05.048476,1,75,,,,,,,,,,,,,,,,,,,,COMPLETE
425,425,0.8592896174863388,2025-01-02 03:14:48.611856,2025-01-02 03:14:54.284924,0 days 00:00:05.673068,2,65,190.0,,,,,,,,,,,,,,,,,,,COMPLETE
426,426,0.8617133791644632,2025-01-02 03:14:54.285564,2025-01-02 03:15:00.429694,0 days 00:00:06.144130,2,50,195.0,,,,,,,,,,,,,,,,,,,COMPLETE
427,427,0.8595628415300547,2025-01-02 03:15:00.430292,2025-01-02 03:15:06.541112,0 days 00:00:06.110820,2,85,110.0,,,,,,,,,,,,,,,,,,,COMPLETE
428,428,0.8799283154121864,2025-01-02 03:15:06.541735,2025-01-02 03:15:12.601496,0 days 00:00:06.059761,2,80,190.0,,,,,,,,,,,,,,,,,,,COMPLETE
429,429,0.8474358974358975,2025-01-02 03:15:12.602104,2025-01-02 03:15:17.639617,0 days 00:00:05.037513,1,80,,,,,,,,,,,,,,,,,,,,COMPLETE
430,430,0.8944444444444444,2025-01-02 03:15:17.640198,2025-01-02 03:15:23.772842,0 days 00:00:06.132644,2,80,185.0,,,,,,,,,,,,,,,,,,,COMPLETE
431,431,0.8870673952641166,2025-01-02 03:15:23.773456,2025-01-02 03:15:29.875579,0 days 00:00:06.102123,2,80,175.0,,,,,,,,,,,,,,,,,,,COMPLETE
432,432,0.829190904283448,2025-01-02 03:15:29.876167,2025-01-02 03:15:34.908164,0 days 00:00:05.031997,1,70,,,,,,,,,,,,,,,,,,,,COMPLETE
433,433,0.8851224105461393,2025-01-02 03:15:34.908768,2025-01-02 03:15:40.972672,0 days 00:00:06.063904,2,85,185.0,,,,,,,,,,,,,,,,,,,COMPLETE
434,434,0.903125,2025-01-02 03:15:40.973279,2025-01-02 03:15:47.074573,0 days 00:00:06.101294,2,75,180.0,,,,,,,,,,,,,,,,,,,COMPLETE
435,435,0.8544980443285528,2025-01-02 03:15:47.075202,2025-01-02 03:15:52.068129,0 days 00:00:04.992927,1,70,,,,,,,,,,,,,,,,,,,,COMPLETE
436,436,0.8870673952641166,2025-01-02 03:15:52.068862,2025-01-02 03:15:58.142321,0 days 00:00:06.073459,2,75,170.0,,,,,,,,,,,,,,,,,,,COMPLETE
437,437,0.903125,2025-01-02 03:15:58.143005,2025-01-02 03:16:04.222920,0 days 00:00:06.079915,2,65,65.0,,,,,,,,,,,,,,,,,,,COMPLETE
438,438,0.8575757575757577,2025-01-02 03:16:04.223528,2025-01-02 03:16:10.287656,0 days 00:00:06.064128,2,60,65.0,,,,,,,,,,,,,,,,,,,COMPLETE
439,439,0.845603813559322,2025-01-02 03:16:10.288290,2025-01-02 03:16:14.948541,0 days 00:00:04.660251,1,65,,,,,,,,,,,,,,,,,,,,COMPLETE
440,440,0.7966684294024325,2025-01-02 03:16:14.949153,2025-01-02 03:16:21.002379,0 days 00:00:06.053226,2,55,60.0,,,,,,,,,,,,,,,,,,,COMPLETE
441,441,0.8868318122555411,2025-01-02 03:16:21.003035,2025-01-02 03:16:27.041297,0 days 00:00:06.038262,2,60,60.0,,,,,,,,,,,,,,,,,,,COMPLETE
442,442,0.3086792452830189,2025-01-02 03:16:27.041932,2025-01-02 03:16:51.363256,0 days 00:00:24.321324,11,70,70.0,55.0,,,,,,,,,,150.0,110.0,30.0,130.0,115.0,140.0,150.0,75.0,COMPLETE
443,443,0.8595628415300547,2025-01-02 03:16:51.364042,2025-01-02 03:16:57.471708,0 days 00:00:06.107666,2,70,195.0,,,,,,,,,,,,,,,,,,,COMPLETE
444,444,0.8851224105461393,2025-01-02 03:16:57.472335,2025-01-02 03:17:05.406297,0 days 00:00:07.933962,3,65,65.0,,,,,,,,,,,95.0,,,,,,,,COMPLETE
445,445,0.8193548387096774,2025-01-02 03:17:05.406933,2025-01-02 03:17:10.734918,0 days 00:00:05.327985,1,70,,,,,,,,,,,,,,,,,,,,COMPLETE
446,446,0.8548009367681498,2025-01-02 03:17:10.735526,2025-01-02 03:17:18.247685,0 days 00:00:07.512159,3,50,180.0,,,,,,,,,,,105.0,,,,,,,,COMPLETE
447,447,0.8781068217874141,2025-01-02 03:17:18.248313,2025-01-02 03:17:24.394750,0 days 00:00:06.146437,2,65,180.0,,,,,,,,,,,,,,,,,,,COMPLETE
448,448,0.8868318122555411,2025-01-02 03:17:24.395370,2025-01-02 03:17:31.880653,0 days 00:00:07.485283,3,60,80.0,,,,,,,,,,,110.0,,,,,,,,COMPLETE
449,449,0.8492769744160178,2025-01-02 03:17:31.881318,2025-01-02 03:17:37.977968,0 days 00:00:06.096650,2,75,145.0,,,,,,,,,,,,,,,,,,,COMPLETE
450,450,0.8799283154121864,2025-01-02 03:17:37.978602,2025-01-02 03:17:45.416002,0 days 00:00:07.437400,3,55,200.0,,,,,,,,,,,145.0,,,,,,,,COMPLETE
451,451,0.861904761904762,2025-01-02 03:17:45.416771,2025-01-02 03:17:51.150964,0 days 00:00:05.734193,2,65,175.0,,,,,,,,,,,,,,,,,,,COMPLETE
452,452,0.861228813559322,2025-01-02 03:17:51.151675,2025-01-02 03:17:57.228582,0 days 00:00:06.076907,2,160,195.0,,,,,,,,,,,,,,,,,,,COMPLETE
453,453,0.8499583217560434,2025-01-02 03:17:57.229200,2025-01-02 03:18:04.692391,0 days 00:00:07.463191,3,165,180.0,,,,,,,,,,,125.0,,,,,,,,COMPLETE
454,454,0.8285714285714285,2025-01-02 03:18:04.693026,2025-01-02 03:18:09.656003,0 days 00:00:04.962977,1,120,,,,,,,,,,,,,,,,,,,,COMPLETE
455,455,0.8452380952380952,2025-01-02 03:18:09.656609,2025-01-02 03:18:17.118754,0 days 00:00:07.462145,3,155,65.0,,,,,,,,,,,140.0,,,,,,,,COMPLETE
456,456,0.9014008620689655,2025-01-02 03:18:17.119378,2025-01-02 03:18:24.510676,0 days 00:00:07.391298,3,120,70.0,,,,,,,,,,,110.0,,,,,,,,COMPLETE
457,457,0.8544980443285528,2025-01-02 03:18:24.511312,2025-01-02 03:18:31.969322,0 days 00:00:07.458010,3,115,75.0,,,,,,,,,,,110.0,,,,,,,,COMPLETE
458,458,0.9103174603174603,2025-01-02 03:18:31.969965,2025-01-02 03:18:38.875842,0 days 00:00:06.905877,3,125,60.0,,,,,,,,,,,110.0,,,,,,,,COMPLETE
459,459,0.8056426332288402,2025-01-02 03:18:38.876445,2025-01-02 03:18:47.702328,0 days 00:00:08.825883,4,120,70.0,,,,,,,,,,,105.0,100.0,,,,,,,COMPLETE
460,460,0.8870673952641166,2025-01-02 03:18:47.702982,2025-01-02 03:18:55.142723,0 days 00:00:07.439741,3,125,55.0,,,,,,,,,,,105.0,,,,,,,,COMPLETE
461,461,0.8942358540454786,2025-01-02 03:18:55.143353,2025-01-02 03:19:02.613082,0 days 00:00:07.469729,3,120,70.0,,,,,,,,,,,110.0,,,,,,,,COMPLETE
462,462,0.842896174863388,2025-01-02 03:19:02.613772,2025-01-02 03:19:11.408965,0 days 00:00:08.795193,4,130,65.0,,,,,,,,,,,100.0,95.0,,,,,,,COMPLETE
463,463,0.8671679197994987,2025-01-02 03:19:11.409613,2025-01-02 03:19:18.349010,0 days 00:00:06.939397,3,130,60.0,,,,,,,,,,,95.0,,,,,,,,COMPLETE
464,464,0.8474358974358975,2025-01-02 03:19:18.349654,2025-01-02 03:19:25.761494,0 days 00:00:07.411840,3,115,60.0,,,,,,,,,,,110.0,,,,,,,,COMPLETE
465,465,0.8777777777777778,2025-01-02 03:19:25.762140,2025-01-02 03:19:32.682026,0 days 00:00:06.919886,3,125,65.0,,,,,,,,,,,150.0,,,,,,,,COMPLETE
466,466,0.8681732580037664,2025-01-02 03:19:32.682672,2025-01-02 03:19:41.420685,0 days 00:00:08.738013,4,130,190.0,,,,,,,,,,,115.0,135.0,,,,,,,COMPLETE
467,467,0.8544980443285528,2025-01-02 03:19:41.421536,2025-01-02 03:19:48.855945,0 days 00:00:07.434409,3,125,50.0,,,,,,,,,,,105.0,,,,,,,,COMPLETE
468,468,0.8688172043010753,2025-01-02 03:19:48.856581,2025-01-02 03:19:54.917073,0 days 00:00:06.060492,2,130,55.0,,,,,,,,,,,,,,,,,,,COMPLETE
469,469,0.8938029661016949,2025-01-02 03:19:54.917699,2025-01-02 03:20:04.328965,0 days 00:00:09.411266,4,125,60.0,,,,,,,,,,,115.0,125.0,,,,,,,COMPLETE
470,470,0.8777777777777778,2025-01-02 03:20:04.329619,2025-01-02 03:20:08.782288,0 days 00:00:04.452669,3,110,70.0,,,,,,,,,,,155.0,,,,,,,,COMPLETE
471,471,0.8708333333333333,2025-01-02 03:20:08.782954,2025-01-02 03:20:15.631424,0 days 00:00:06.848470,3,130,140.0,,,,,,,,,,,100.0,,,,,,,,COMPLETE
472,472,0.8617133791644632,2025-01-02 03:20:15.632057,2025-01-02 03:20:24.390591,0 days 00:00:08.758534,4,115,70.0,,,,,,,,,,,90.0,120.0,,,,,,,COMPLETE
473,473,0.7120689655172414,2025-01-02 03:20:24.391245,2025-01-02 03:20:33.755527,0 days 00:00:09.364282,5,135,200.0,,,,,,,,,,,110.0,105.0,180.0,,,,,,COMPLETE
474,474,0.81889338731444,2025-01-02 03:20:33.756194,2025-01-02 03:20:39.788694,0 days 00:00:06.032500,2,90,80.0,,,,,,,,,,,,,,,,,,,COMPLETE
475,475,0.8819444444444444,2025-01-02 03:20:39.789316,2025-01-02 03:20:45.891733,0 days 00:00:06.102417,2,130,195.0,,,,,,,,,,,,,,,,,,,COMPLETE
476,476,0.792815583101442,2025-01-02 03:20:45.892328,2025-01-02 03:20:54.661926,0 days 00:00:08.769598,4,135,75.0,,,,,,,,,,,125.0,170.0,,,,,,,COMPLETE
477,477,0.8391134289439375,2025-01-02 03:20:54.662599,2025-01-02 03:21:01.157769,0 days 00:00:06.495170,2,10,65.0,,,,,,,,,,,,,,,,,,,COMPLETE
478,478,0.37951509153884216,2025-01-02 03:21:01.158391,2025-01-02 03:21:34.569949,0 days 00:00:33.411558,12,125,75.0,150.0,105.0,,,,,,,,,145.0,75.0,100.0,85.0,40.0,160.0,85.0,135.0,COMPLETE
479,479,0.8709677419354839,2025-01-02 03:21:34.571003,2025-01-02 03:21:42.499039,0 days 00:00:07.928036,3,135,185.0,,,,,,,,,,,115.0,,,,,,,,COMPLETE
480,480,0.8523002421307506,2025-01-02 03:21:42.499711,2025-01-02 03:21:49.909889,0 days 00:00:07.410178,3,50,200.0,,,,,,,,,,,140.0,,,,,,,,COMPLETE
481,481,0.8617133791644632,2025-01-02 03:21:49.910538,2025-01-02 03:21:57.328509,0 days 00:00:07.417971,3,130,190.0,,,,,,,,,,,115.0,,,,,,,,COMPLETE
482,482,0.8481045081967213,2025-01-02 03:21:57.329148,2025-01-02 03:22:03.393096,0 days 00:00:06.063948,2,120,195.0,,,,,,,,,,,,,,,,,,,COMPLETE
483,483,0.8768472906403941,2025-01-02 03:22:03.393729,2025-01-02 03:22:12.105652,0 days 00:00:08.711923,4,145,170.0,,,,,,,,,,,105.0,85.0,,,,,,,COMPLETE
484,484,0.8944444444444444,2025-01-02 03:22:12.106319,2025-01-02 03:22:19.561761,0 days 00:00:07.455442,3,135,55.0,,,,,,,,,,,120.0,,,,,,,,COMPLETE
485,485,0.8685344827586207,2025-01-02 03:22:19.562409,2025-01-02 03:22:25.692790,0 days 00:00:06.130381,2,140,200.0,,,,,,,,,,,,,,,,,,,COMPLETE
486,486,0.8714900075891727,2025-01-02 03:22:25.693408,2025-01-02 03:22:34.408769,0 days 00:00:08.715361,4,150,165.0,,,,,,,,,,,135.0,65.0,,,,,,,COMPLETE
487,487,0.8569987389659521,2025-01-02 03:22:34.409405,2025-01-02 03:22:41.314311,0 days 00:00:06.904906,3,130,190.0,,,,,,,,,,,125.0,,,,,,,,COMPLETE
488,488,0.5378531073446328,2025-01-02 03:22:41.314969,2025-01-02 03:23:01.417216,0 days 00:00:20.102247,8,140,180.0,,,,,,,,,,,110.0,80.0,5.0,45.0,15.0,70.0,,,COMPLETE
489,489,0.829190904283448,2025-01-02 03:23:01.417972,2025-01-02 03:23:08.314660,0 days 00:00:06.896688,3,145,195.0,,,,,,,,,,,130.0,,,,,,,,COMPLETE
490,490,0.8544980443285528,2025-01-02 03:23:08.315311,2025-01-02 03:23:13.343869,0 days 00:00:05.028558,1,135,,,,,,,,,,,,,,,,,,,,COMPLETE
491,491,0.8781068217874141,2025-01-02 03:23:13.344487,2025-01-02 03:23:19.421065,0 days 00:00:06.076578,2,120,200.0,,,,,,,,,,,,,,,,,,,COMPLETE
492,492,0.8868318122555411,2025-01-02 03:23:19.421836,2025-01-02 03:23:28.193247,0 days 00:00:08.771411,4,140,185.0,,,,,,,,,,,120.0,50.0,,,,,,,COMPLETE
493,493,0.8944444444444444,2025-01-02 03:23:28.193998,2025-01-02 03:23:34.235540,0 days 00:00:06.041542,2,125,145.0,,,,,,,,,,,,,,,,,,,COMPLETE
494,494,0.8864583333333333,2025-01-02 03:23:34.236166,2025-01-02 03:23:41.735879,0 days 00:00:07.499713,3,25,195.0,,,,,,,,,,,100.0,,,,,,,,COMPLETE
495,495,0.8671679197994987,2025-01-02 03:23:41.736535,2025-01-02 03:23:49.157903,0 days 00:00:07.421368,3,145,190.0,,,,,,,,,,,85.0,,,,,,,,COMPLETE
496,496,0.873392181588903,2025-01-02 03:23:49.158556,2025-01-02 03:23:55.245737,0 days 00:00:06.087181,2,135,190.0,,,,,,,,,,,,,,,,,,,COMPLETE
497,497,0.8452380952380952,2025-01-02 03:23:55.246355,2025-01-02 03:24:04.027497,0 days 00:00:08.781142,4,130,130.0,,,,,,,,,,,125.0,135.0,,,,,,,COMPLETE
498,498,0.813344837503595,2025-01-02 03:24:04.028166,2025-01-02 03:24:08.739730,0 days 00:00:04.711564,1,85,,,,,,,,,,,,,,,,,,,,COMPLETE
499,499,0.8499583217560434,2025-01-02 03:24:08.740348,2025-01-02 03:24:16.127869,0 days 00:00:07.387521,3,140,175.0,,,,,,,,,,,140.0,,,,,,,,COMPLETE
500,500,0.9107521186440678,2025-01-02 03:24:16.128502,2025-01-02 03:24:23.531775,0 days 00:00:07.403273,3,125,85.0,,,,,,,,,,,150.0,,,,,,,,COMPLETE
501,501,0.8830409356725146,2025-01-02 03:24:23.532419,2025-01-02 03:24:29.628767,0 days 00:00:06.096348,2,120,80.0,,,,,,,,,,,,,,,,,,,COMPLETE
502,502,0.8681732580037664,2025-01-02 03:24:29.629385,2025-01-02 03:24:35.734989,0 days 00:00:06.105604,2,125,85.0,,,,,,,,,,,,,,,,,,,COMPLETE
503,503,0.7083333333333333,2025-01-02 03:24:35.735620,2025-01-02 03:24:45.186351,0 days 00:00:09.450731,5,125,85.0,,,,,,,,,,,170.0,115.0,130.0,,,,,,COMPLETE
504,504,0.8870673952641166,2025-01-02 03:24:45.187022,2025-01-02 03:24:52.675608,0 days 00:00:07.488586,3,115,65.0,,,,,,,,,,,150.0,,,,,,,,COMPLETE
505,505,0.8640552995391705,2025-01-02 03:24:52.676280,2025-01-02 03:25:00.133570,0 days 00:00:07.457290,3,120,75.0,,,,,,,,,,,160.0,,,,,,,,COMPLETE
506,506,0.9032258064516129,2025-01-02 03:25:00.134216,2025-01-02 03:25:06.263665,0 days 00:00:06.129449,2,130,90.0,,,,,,,,,,,,,,,,,,,COMPLETE
507,507,0.8455843469063987,2025-01-02 03:25:06.264297,2025-01-02 03:25:12.352121,0 days 00:00:06.087824,2,55,80.0,,,,,,,,,,,,,,,,,,,COMPLETE
508,508,0.8452380952380952,2025-01-02 03:25:12.352918,2025-01-02 03:25:17.370532,0 days 00:00:05.017614,1,130,,,,,,,,,,,,,,,,,,,,COMPLETE
509,509,0.8422635319846912,2025-01-02 03:25:17.371212,2025-01-02 03:25:23.485622,0 days 00:00:06.114410,2,110,85.0,,,,,,,,,,,,,,,,,,,COMPLETE
510,510,0.8416141235813367,2025-01-02 03:25:23.486263,2025-01-02 03:25:28.483553,0 days 00:00:04.997290,1,125,,,,,,,,,,,,,,,,,,,,COMPLETE
511,511,0.8092501368363437,2025-01-02 03:25:28.484166,2025-01-02 03:25:34.553521,0 days 00:00:06.069355,2,135,90.0,,,,,,,,,,,,,,,,,,,COMPLETE
512,512,0.87042842215256,2025-01-02 03:25:34.554158,2025-01-02 03:25:40.609938,0 days 00:00:06.055780,2,130,90.0,,,,,,,,,,,,,,,,,,,COMPLETE
513,513,0.87042842215256,2025-01-02 03:25:40.610605,2025-01-02 03:25:46.632606,0 days 00:00:06.022001,2,135,90.0,,,,,,,,,,,,,,,,,,,COMPLETE
514,514,0.8617133791644632,2025-01-02 03:25:46.633255,2025-01-02 03:25:51.623364,0 days 00:00:04.990109,1,120,,,,,,,,,,,,,,,,,,,,COMPLETE
515,515,0.8887767969735183,2025-01-02 03:25:51.623997,2025-01-02 03:25:57.661058,0 days 00:00:06.037061,2,125,95.0,,,,,,,,,,,,,,,,,,,COMPLETE
516,516,0.861904761904762,2025-01-02 03:25:57.661687,2025-01-02 03:26:06.428962,0 days 00:00:08.767275,4,140,95.0,,,,,,,,,,,160.0,55.0,,,,,,,COMPLETE
517,517,0.8330091692136705,2025-01-02 03:26:06.429639,2025-01-02 03:26:13.871693,0 days 00:00:07.442054,3,135,85.0,,,,,,,,,,,150.0,,,,,,,,COMPLETE
518,518,0.4476190476190476,2025-01-02 03:26:13.872356,2025-01-02 03:26:30.042639,0 days 00:00:16.170283,9,60,140.0,,,,,,,,,,,145.0,100.0,170.0,25.0,190.0,190.0,185.0,,COMPLETE
519,519,0.05405405405405406,2025-01-02 03:26:30.043406,2025-01-02 03:27:12.530118,0 days 00:00:42.486712,15,130,70.0,200.0,145.0,110.0,30.0,175.0,,,,,,155.0,150.0,40.0,160.0,180.0,50.0,75.0,105.0,COMPLETE
520,520,0.8385416666666667,2025-01-02 03:27:12.531237,2025-01-02 03:27:18.989783,0 days 00:00:06.458546,2,140,60.0,,,,,,,,,,,,,,,,,,,COMPLETE
521,521,0.8471264367816091,2025-01-02 03:27:18.990426,2025-01-02 03:27:26.469913,0 days 00:00:07.479487,3,145,90.0,,,,,,,,,,,155.0,,,,,,,,COMPLETE
522,522,0.8455843469063987,2025-01-02 03:27:26.470576,2025-01-02 03:27:33.428163,0 days 00:00:06.957587,3,125,55.0,,,,,,,,,,,165.0,,,,,,,,COMPLETE
523,523,0.5443349753694582,2025-01-02 03:27:33.428824,2025-01-02 03:28:02.027167,0 days 00:00:28.598343,10,135,150.0,,,,,,,,,,,145.0,90.0,150.0,5.0,125.0,10.0,50.0,165.0,COMPLETE
524,524,0.8264915161466886,2025-01-02 03:28:02.027938,2025-01-02 03:28:07.037839,0 days 00:00:05.009901,1,130,,,,,,,,,,,,,,,,,,,,COMPLETE
525,525,0.8521505376344086,2025-01-02 03:28:07.038459,2025-01-02 03:28:13.133294,0 days 00:00:06.094835,2,105,135.0,,,,,,,,,,,,,,,,,,,COMPLETE
526,526,0.8385416666666667,2025-01-02 03:28:13.133959,2025-01-02 03:28:21.301301,0 days 00:00:08.167342,4,85,185.0,,,,,,,,,,,95.0,35.0,,,,,,,COMPLETE
527,527,0.8387096774193549,2025-01-02 03:28:21.301978,2025-01-02 03:28:30.045753,0 days 00:00:08.743775,4,145,70.0,,,,,,,,,,,150.0,45.0,,,,,,,COMPLETE
528,528,0.8548009367681498,2025-01-02 03:28:30.046420,2025-01-02 03:28:37.453032,0 days 00:00:07.406612,3,140,180.0,,,,,,,,,,,140.0,,,,,,,,COMPLETE
529,529,0.8548009367681498,2025-01-02 03:28:37.453698,2025-01-02 03:28:44.919465,0 days 00:00:07.465767,3,95,65.0,,,,,,,,,,,105.0,,,,,,,,COMPLETE
530,530,0.8681732580037664,2025-01-02 03:28:44.920160,2025-01-02 03:28:51.383334,0 days 00:00:06.463174,2,145,60.0,,,,,,,,,,,,,,,,,,,COMPLETE
531,531,0.861904761904762,2025-01-02 03:28:51.383981,2025-01-02 03:28:58.775727,0 days 00:00:07.391746,3,150,90.0,,,,,,,,,,,115.0,,,,,,,,COMPLETE
532,532,0.8779904306220095,2025-01-02 03:28:58.776589,2025-01-02 03:29:04.822997,0 days 00:00:06.046408,2,135,75.0,,,,,,,,,,,,,,,,,,,COMPLETE
533,533,0.903125,2025-01-02 03:29:04.823638,2025-01-02 03:29:12.251430,0 days 00:00:07.427792,3,120,95.0,,,,,,,,,,,135.0,,,,,,,,COMPLETE
534,534,0.7,2025-01-02 03:29:12.252104,2025-01-02 03:29:22.466311,0 days 00:00:10.214207,5,115,95.0,,,,,,,,,,,130.0,75.0,140.0,,,,,,COMPLETE
535,535,0.8688524590163934,2025-01-02 03:29:22.467000,2025-01-02 03:29:29.988897,0 days 00:00:07.521897,3,115,95.0,,,,,,,,,,,135.0,,,,,,,,COMPLETE
536,536,0.12195121951219512,2025-01-02 03:29:29.989552,2025-01-02 03:29:40.206717,0 days 00:00:10.217165,18,120,90.0,5.0,175.0,70.0,75.0,5.0,110.0,50.0,5.0,,,135.0,110.0,75.0,195.0,200.0,170.0,20.0,115.0,COMPLETE
537,537,0.8617133791644632,2025-01-02 03:29:40.207618,2025-01-02 03:29:45.182878,0 days 00:00:04.975260,1,120,,,,,,,,,,,,,,,,,,,,COMPLETE
538,538,0.5204582651391162,2025-01-02 03:29:45.183512,2025-01-02 03:29:56.728197,0 days 00:00:11.544685,6,125,95.0,,,,,,,,,,,120.0,55.0,120.0,115.0,,,,,COMPLETE
539,539,0.912141393442623,2025-01-02 03:29:56.728906,2025-01-02 03:30:02.766641,0 days 00:00:06.037735,2,120,165.0,,,,,,,,,,,,,,,,,,,COMPLETE
540,540,0.8570621468926554,2025-01-02 03:30:02.767277,2025-01-02 03:30:08.883926,0 days 00:00:06.116649,2,115,160.0,,,,,,,,,,,,,,,,,,,COMPLETE
541,541,0.8868318122555411,2025-01-02 03:30:08.884552,2025-01-02 03:30:13.918615,0 days 00:00:05.034063,1,120,,,,,,,,,,,,,,,,,,,,COMPLETE
542,542,0.872983870967742,2025-01-02 03:30:13.919248,2025-01-02 03:30:20.042020,0 days 00:00:06.122772,2,115,165.0,,,,,,,,,,,,,,,,,,,COMPLETE
543,543,0.8777777777777778,2025-01-02 03:30:20.042658,2025-01-02 03:30:26.127450,0 days 00:00:06.084792,2,110,170.0,,,,,,,,,,,,,,,,,,,COMPLETE
544,544,0.9119303635432667,2025-01-02 03:30:26.128124,2025-01-02 03:30:32.194624,0 days 00:00:06.066500,2,120,155.0,,,,,,,,,,,,,,,,,,,COMPLETE
545,545,0.8801229508196722,2025-01-02 03:30:32.195257,2025-01-02 03:30:37.906536,0 days 00:00:05.711279,2,120,155.0,,,,,,,,,,,,,,,,,,,COMPLETE
546,546,0.8708333333333333,2025-01-02 03:30:37.907190,2025-01-02 03:30:43.984111,0 days 00:00:06.076921,2,115,160.0,,,,,,,,,,,,,,,,,,,COMPLETE
547,547,0.6983580508474576,2025-01-02 03:30:43.984742,2025-01-02 03:30:57.798915,0 days 00:00:13.814173,7,120,155.0,,,,,,,,,,,140.0,190.0,65.0,100.0,5.0,,,,COMPLETE
548,548,0.8518218623481781,2025-01-02 03:30:57.799861,2025-01-02 03:31:02.789268,0 days 00:00:04.989407,1,120,,,,,,,,,,,,,,,,,,,,COMPLETE
549,549,0.8942358540454786,2025-01-02 03:31:02.789906,2025-01-02 03:31:08.881755,0 days 00:00:06.091849,2,120,150.0,,,,,,,,,,,,,,,,,,,COMPLETE
550,550,0.8852459016393442,2025-01-02 03:31:08.882419,2025-01-02 03:31:16.284094,0 days 00:00:07.401675,3,125,155.0,,,,,,,,,,,105.0,,,,,,,,COMPLETE
551,551,0.8688172043010753,2025-01-02 03:31:16.284773,2025-01-02 03:31:23.692559,0 days 00:00:07.407786,3,125,160.0,,,,,,,,,,,125.0,,,,,,,,COMPLETE
552,552,0.8521505376344086,2025-01-02 03:31:23.693230,2025-01-02 03:31:29.751545,0 days 00:00:06.058315,2,110,150.0,,,,,,,,,,,,,,,,,,,COMPLETE
553,553,0.8471264367816091,2025-01-02 03:31:29.752171,2025-01-02 03:31:34.785410,0 days 00:00:05.033239,1,190,,,,,,,,,,,,,,,,,,,,COMPLETE
554,554,0.8852459016393442,2025-01-02 03:31:34.785995,2025-01-02 03:31:42.138784,0 days 00:00:07.352789,3,125,85.0,,,,,,,,,,,95.0,,,,,,,,COMPLETE
555,555,0.8708333333333333,2025-01-02 03:31:42.139459,2025-01-02 03:31:48.219280,0 days 00:00:06.079821,2,115,160.0,,,,,,,,,,,,,,,,,,,COMPLETE
556,556,0.8387096774193549,2025-01-02 03:31:48.219943,2025-01-02 03:31:54.368810,0 days 00:00:06.148867,2,125,95.0,,,,,,,,,,,,,,,,,,,COMPLETE
557,557,0.8262295081967213,2025-01-02 03:31:54.369443,2025-01-02 03:32:01.321139,0 days 00:00:06.951696,3,125,165.0,,,,,,,,,,,100.0,,,,,,,,COMPLETE
558,558,0.8917214912280702,2025-01-02 03:32:01.321840,2025-01-02 03:32:07.530960,0 days 00:00:06.209120,2,115,150.0,,,,,,,,,,,,,,,,,,,COMPLETE
559,559,0.2030323005932762,2025-01-02 03:32:07.531622,2025-01-02 03:32:49.796835,0 days 00:00:42.265213,15,130,175.0,175.0,20.0,40.0,170.0,90.0,,,,,,110.0,185.0,105.0,175.0,35.0,150.0,140.0,95.0,COMPLETE
560,560,0.8777777777777778,2025-01-02 03:32:49.797972,2025-01-02 03:32:57.239500,0 days 00:00:07.441528,3,120,100.0,,,,,,,,,,,130.0,,,,,,,,COMPLETE
561,561,0.9193338537600833,2025-01-02 03:32:57.240154,2025-01-02 03:33:03.323716,0 days 00:00:06.083562,2,130,155.0,,,,,,,,,,,,,,,,,,,COMPLETE
562,562,0.8524590163934426,2025-01-02 03:33:03.324346,2025-01-02 03:33:08.346498,0 days 00:00:05.022152,1,130,,,,,,,,,,,,,,,,,,,,COMPLETE
563,563,0.8264915161466886,2025-01-02 03:33:08.347153,2025-01-02 03:33:13.390965,0 days 00:00:05.043812,1,125,,,,,,,,,,,,,,,,,,,,COMPLETE
564,564,0.8870673952641166,2025-01-02 03:33:13.391568,2025-01-02 03:33:19.462208,0 days 00:00:06.070640,2,125,150.0,,,,,,,,,,,,,,,,,,,COMPLETE
565,565,0.8617133791644632,2025-01-02 03:33:19.462872,2025-01-02 03:33:25.549377,0 days 00:00:06.086505,2,130,170.0,,,,,,,,,,,,,,,,,,,COMPLETE
566,566,0.8760964912280702,2025-01-02 03:33:25.550038,2025-01-02 03:33:31.604070,0 days 00:00:06.054032,2,110,70.0,,,,,,,,,,,,,,,,,,,COMPLETE
567,567,0.8335648791330925,2025-01-02 03:33:31.604735,2025-01-02 03:33:36.609951,0 days 00:00:05.005216,1,120,,,,,,,,,,,,,,,,,,,,COMPLETE
568,568,0.8957479508196722,2025-01-02 03:33:36.610584,2025-01-02 03:33:42.746722,0 days 00:00:06.136138,2,130,155.0,,,,,,,,,,,,,,,,,,,COMPLETE
569,569,0.8617133791644632,2025-01-02 03:33:42.747361,2025-01-02 03:33:48.866774,0 days 00:00:06.119413,2,130,160.0,,,,,,,,,,,,,,,,,,,COMPLETE
570,570,0.8356681034482758,2025-01-02 03:33:48.867425,2025-01-02 03:33:54.877393,0 days 00:00:06.009968,2,125,50.0,,,,,,,,,,,,,,,,,,,COMPLETE
571,571,0.8794871794871795,2025-01-02 03:33:54.878052,2025-01-02 03:34:01.003997,0 days 00:00:06.125945,2,130,90.0,,,,,,,,,,,,,,,,,,,COMPLETE
572,572,0.8926229508196721,2025-01-02 03:34:01.004647,2025-01-02 03:34:08.456840,0 days 00:00:07.452193,3,55,80.0,,,,,,,,,,,115.0,,,,,,,,COMPLETE
573,573,0.861228813559322,2025-01-02 03:34:08.457512,2025-01-02 03:34:15.346002,0 days 00:00:06.888490,3,120,85.0,,,,,,,,,,,90.0,,,,,,,,COMPLETE
574,574,0.8221642764015646,2025-01-02 03:34:15.346667,2025-01-02 03:34:20.302154,0 days 00:00:04.955487,1,65,,,,,,,,,,,,,,,,,,,,COMPLETE
575,575,0.8385416666666667,2025-01-02 03:34:20.302824,2025-01-02 03:34:26.383334,0 days 00:00:06.080510,2,130,60.0,,,,,,,,,,,,,,,,,,,COMPLETE
576,576,0.8708333333333333,2025-01-02 03:34:26.384156,2025-01-02 03:34:32.450471,0 days 00:00:06.066315,2,125,145.0,,,,,,,,,,,,,,,,,,,COMPLETE
577,577,0.8636755823986195,2025-01-02 03:34:32.451201,2025-01-02 03:34:39.851216,0 days 00:00:07.400015,3,120,65.0,,,,,,,,,,,125.0,,,,,,,,COMPLETE
578,578,0.8868318122555411,2025-01-02 03:34:39.851873,2025-01-02 03:34:47.335545,0 days 00:00:07.483672,3,135,75.0,,,,,,,,,,,120.0,,,,,,,,COMPLETE
579,579,0.872983870967742,2025-01-02 03:34:47.336206,2025-01-02 03:34:54.257581,0 days 00:00:06.921375,3,110,170.0,,,,,,,,,,,100.0,,,,,,,,COMPLETE
580,580,0.7458726415094339,2025-01-02 03:34:54.258245,2025-01-02 03:34:59.604184,0 days 00:00:05.345939,1,5,,,,,,,,,,,,,,,,,,,,COMPLETE
581,581,0.8922908693275013,2025-01-02 03:34:59.604819,2025-01-02 03:35:05.724105,0 days 00:00:06.119286,2,135,165.0,,,,,,,,,,,,,,,,,,,COMPLETE
582,582,0.8781068217874141,2025-01-02 03:35:05.724749,2025-01-02 03:35:11.821986,0 days 00:00:06.097237,2,60,95.0,,,,,,,,,,,,,,,,,,,COMPLETE
583,583,0.8870673952641166,2025-01-02 03:35:11.822641,2025-01-02 03:35:19.288833,0 days 00:00:07.466192,3,75,185.0,,,,,,,,,,,110.0,,,,,,,,COMPLETE
584,584,0.9098143236074271,2025-01-02 03:35:19.289510,2025-01-02 03:35:26.757348,0 days 00:00:07.467838,3,115,100.0,,,,,,,,,,,95.0,,,,,,,,COMPLETE
585,585,0.8166157265907197,2025-01-02 03:35:26.758030,2025-01-02 03:35:35.557110,0 days 00:00:08.799080,4,115,100.0,,,,,,,,,,,95.0,160.0,,,,,,,COMPLETE
586,586,0.8944444444444444,2025-01-02 03:35:35.557831,2025-01-02 03:35:43.009742,0 days 00:00:07.451911,3,115,105.0,,,,,,,,,,,85.0,,,,,,,,COMPLETE
587,587,0.8777777777777778,2025-01-02 03:35:43.010455,2025-01-02 03:35:49.959604,0 days 00:00:06.949149,3,120,95.0,,,,,,,,,,,85.0,,,,,,,,COMPLETE
588,588,0.8709677419354839,2025-01-02 03:35:49.960281,2025-01-02 03:35:57.423716,0 days 00:00:07.463435,3,105,105.0,,,,,,,,,,,90.0,,,,,,,,COMPLETE
589,589,0.8548009367681498,2025-01-02 03:35:57.424381,2025-01-02 03:36:04.877412,0 days 00:00:07.453031,3,115,145.0,,,,,,,,,,,100.0,,,,,,,,COMPLETE
590,590,0.8851224105461393,2025-01-02 03:36:04.878114,2025-01-02 03:36:13.613824,0 days 00:00:08.735710,4,45,100.0,,,,,,,,,,,80.0,95.0,,,,,,,COMPLETE
591,591,0.8781068217874141,2025-01-02 03:36:13.614543,2025-01-02 03:36:21.042546,0 days 00:00:07.428003,3,120,100.0,,,,,,,,,,,105.0,,,,,,,,COMPLETE
592,592,0.8387096774193549,2025-01-02 03:36:21.043379,2025-01-02 03:36:28.546567,0 days 00:00:07.503188,3,110,155.0,,,,,,,,,,,90.0,,,,,,,,COMPLETE
593,593,0.8533372365339578,2025-01-02 03:36:28.547349,2025-01-02 03:36:37.278624,0 days 00:00:08.731275,4,125,85.0,,,,,,,,,,,95.0,130.0,,,,,,,COMPLETE
594,594,0.8870673952641166,2025-01-02 03:36:37.279332,2025-01-02 03:36:44.251394,0 days 00:00:06.972062,3,120,90.0,,,,,,,,,,,115.0,,,,,,,,COMPLETE
595,595,0.8091853471842537,2025-01-02 03:36:44.252092,2025-01-02 03:36:53.171309,0 days 00:00:08.919217,4,30,105.0,,,,,,,,,,,115.0,150.0,,,,,,,COMPLETE
596,596,0.8799283154121864,2025-01-02 03:36:53.172012,2025-01-02 03:37:00.610296,0 days 00:00:07.438284,3,115,95.0,,,,,,,,,,,105.0,,,,,,,,COMPLETE
597,597,0.842896174863388,2025-01-02 03:37:00.610974,2025-01-02 03:37:07.993879,0 days 00:00:07.382905,3,125,100.0,,,,,,,,,,,110.0,,,,,,,,COMPLETE
598,598,0.8437328954570333,2025-01-02 03:37:07.994550,2025-01-02 03:37:13.639163,0 days 00:00:05.644613,2,65,65.0,,,,,,,,,,,,,,,,,,,COMPLETE
599,599,0.8698826597131681,2025-01-02 03:37:13.639804,2025-01-02 03:37:19.678282,0 days 00:00:06.038478,2,120,180.0,,,,,,,,,,,,,,,,,,,COMPLETE
600,600,0.872983870967742,2025-01-02 03:37:19.678957,2025-01-02 03:37:27.936234,0 days 00:00:08.257277,4,125,80.0,,,,,,,,,,,120.0,200.0,,,,,,,COMPLETE
601,601,0.8944297082228116,2025-01-02 03:37:27.936954,2025-01-02 03:37:33.954101,0 days 00:00:06.017147,2,135,55.0,,,,,,,,,,,,,,,,,,,COMPLETE
602,602,0.8499583217560434,2025-01-02 03:37:33.954772,2025-01-02 03:37:41.386093,0 days 00:00:07.431321,3,115,70.0,,,,,,,,,,,135.0,,,,,,,,COMPLETE
603,603,0.8523002421307506,2025-01-02 03:37:41.386767,2025-01-02 03:37:48.870701,0 days 00:00:07.483934,3,125,95.0,,,,,,,,,,,125.0,,,,,,,,COMPLETE
604,604,0.8560606060606061,2025-01-02 03:37:48.871371,2025-01-02 03:37:53.952292,0 days 00:00:05.080921,1,140,,,,,,,,,,,,,,,,,,,,COMPLETE
605,605,0.8708333333333333,2025-01-02 03:37:53.952990,2025-01-02 03:38:01.307144,0 days 00:00:07.354154,3,120,165.0,,,,,,,,,,,100.0,,,,,,,,COMPLETE
606,606,0.849624060150376,2025-01-02 03:38:01.307822,2025-01-02 03:38:10.132186,0 days 00:00:08.824364,4,75,175.0,,,,,,,,,,,105.0,5.0,,,,,,,COMPLETE
607,607,0.8708333333333333,2025-01-02 03:38:10.132905,2025-01-02 03:38:16.579720,0 days 00:00:06.446815,2,135,90.0,,,,,,,,,,,,,,,,,,,COMPLETE
608,608,0.8708333333333333,2025-01-02 03:38:16.580394,2025-01-02 03:38:24.039906,0 days 00:00:07.459512,3,40,100.0,,,,,,,,,,,130.0,,,,,,,,COMPLETE
609,609,0.8777777777777778,2025-01-02 03:38:24.040815,2025-01-02 03:38:30.567208,0 days 00:00:06.526393,2,130,155.0,,,,,,,,,,,,,,,,,,,COMPLETE
610,610,0.8385416666666667,2025-01-02 03:38:30.567873,2025-01-02 03:38:36.630938,0 days 00:00:06.063065,2,140,90.0,,,,,,,,,,,,,,,,,,,COMPLETE
611,611,0.8870673952641166,2025-01-02 03:38:36.631598,2025-01-02 03:38:44.100399,0 days 00:00:07.468801,3,70,60.0,,,,,,,,,,,110.0,,,,,,,,COMPLETE
612,612,0.8708333333333333,2025-01-02 03:38:44.101071,2025-01-02 03:38:50.224815,0 days 00:00:06.123744,2,150,185.0,,,,,,,,,,,,,,,,,,,COMPLETE
613,613,0.8267622461170848,2025-01-02 03:38:50.225441,2025-01-02 03:38:58.982607,0 days 00:00:08.757166,4,130,160.0,,,,,,,,,,,95.0,170.0,,,,,,,COMPLETE
614,614,0.8942358540454786,2025-01-02 03:38:58.983276,2025-01-02 03:39:06.391408,0 days 00:00:07.408132,3,115,75.0,,,,,,,,,,,125.0,,,,,,,,COMPLETE
615,615,0.8870673952641166,2025-01-02 03:39:06.392117,2025-01-02 03:39:12.515453,0 days 00:00:06.123336,2,110,190.0,,,,,,,,,,,,,,,,,,,COMPLETE
616,616,0.8445623342175066,2025-01-02 03:39:12.516117,2025-01-02 03:39:17.494547,0 days 00:00:04.978430,1,80,,,,,,,,,,,,,,,,,,,,COMPLETE
617,617,0.8192982456140351,2025-01-02 03:39:17.495207,2025-01-02 03:39:26.216668,0 days 00:00:08.721461,4,125,180.0,,,,,,,,,,,75.0,40.0,,,,,,,COMPLETE
618,618,0.8512437810945274,2025-01-02 03:39:26.217370,2025-01-02 03:39:33.645667,0 days 00:00:07.428297,3,140,175.0,,,,,,,,,,,120.0,,,,,,,,COMPLETE
619,619,0.8214192196910186,2025-01-02 03:39:33.646345,2025-01-02 03:39:41.081922,0 days 00:00:07.435577,3,65,95.0,,,,,,,,,,,115.0,,,,,,,,COMPLETE
620,620,0.842896174863388,2025-01-02 03:39:41.082622,2025-01-02 03:39:49.889414,0 days 00:00:08.806792,4,130,65.0,,,,,,,,,,,135.0,125.0,,,,,,,COMPLETE
621,621,0.8942358540454786,2025-01-02 03:39:49.890122,2025-01-02 03:39:55.976247,0 days 00:00:06.086125,2,120,185.0,,,,,,,,,,,,,,,,,,,COMPLETE
622,622,0.4293603313391624,2025-01-02 03:39:55.976916,2025-01-02 03:40:33.646772,0 days 00:00:37.669856,13,150,150.0,115.0,50.0,125.0,,,,,,,,130.0,25.0,190.0,75.0,105.0,100.0,160.0,50.0,COMPLETE
623,623,0.8692493946731235,2025-01-02 03:40:33.647909,2025-01-02 03:40:41.079588,0 days 00:00:07.431679,3,135,85.0,,,,,,,,,,,115.0,,,,,,,,COMPLETE
624,624,0.9193338537600833,2025-01-02 03:40:41.080249,2025-01-02 03:40:48.047073,0 days 00:00:06.966824,3,60,190.0,,,,,,,,,,,105.0,,,,,,,,COMPLETE
625,625,0.8799283154121864,2025-01-02 03:40:48.047747,2025-01-02 03:40:55.487037,0 days 00:00:07.439290,3,65,190.0,,,,,,,,,,,95.0,,,,,,,,COMPLETE
626,626,0.8548009367681498,2025-01-02 03:40:55.487713,2025-01-02 03:41:01.579064,0 days 00:00:06.091351,2,60,190.0,,,,,,,,,,,,,,,,,,,COMPLETE
627,627,0.8356681034482758,2025-01-02 03:41:01.579734,2025-01-02 03:41:06.579025,0 days 00:00:04.999291,1,60,,,,,,,,,,,,,,,,,,,,COMPLETE
628,628,0.9032258064516129,2025-01-02 03:41:06.579664,2025-01-02 03:41:12.273031,0 days 00:00:05.693367,2,55,145.0,,,,,,,,,,,,,,,,,,,COMPLETE
629,629,0.8671679197994987,2025-01-02 03:41:12.273702,2025-01-02 03:41:17.260542,0 days 00:00:04.986840,1,50,,,,,,,,,,,,,,,,,,,,COMPLETE
630,630,0.8830409356725146,2025-01-02 03:41:17.261221,2025-01-02 03:41:23.372096,0 days 00:00:06.110875,2,55,145.0,,,,,,,,,,,,,,,,,,,COMPLETE
631,631,0.8360215053763441,2025-01-02 03:41:23.372783,2025-01-02 03:41:29.468831,0 days 00:00:06.096048,2,60,145.0,,,,,,,,,,,,,,,,,,,COMPLETE
632,632,0.8849462365591398,2025-01-02 03:41:29.469510,2025-01-02 03:41:35.635808,0 days 00:00:06.166298,2,50,190.0,,,,,,,,,,,,,,,,,,,COMPLETE
633,633,0.8452380952380952,2025-01-02 03:41:35.636460,2025-01-02 03:41:40.625075,0 days 00:00:04.988615,1,50,,,,,,,,,,,,,,,,,,,,COMPLETE
634,634,0.47845804988662133,2025-01-02 03:41:40.625751,2025-01-02 03:42:29.899089,0 days 00:00:49.273338,18,55,140.0,145.0,125.0,40.0,115.0,165.0,160.0,145.0,150.0,,,90.0,30.0,25.0,145.0,85.0,120.0,115.0,65.0,COMPLETE
635,635,0.8740112994350282,2025-01-02 03:42:29.900311,2025-01-02 03:42:36.025573,0 days 00:00:06.125262,2,75,150.0,,,,,,,,,,,,,,,,,,,COMPLETE
636,636,0.8777777777777778,2025-01-02 03:42:36.026243,2025-01-02 03:42:41.680800,0 days 00:00:05.654557,2,65,145.0,,,,,,,,,,,,,,,,,,,COMPLETE
637,637,0.8452380952380952,2025-01-02 03:42:41.681477,2025-01-02 03:42:47.829060,0 days 00:00:06.147583,2,55,150.0,,,,,,,,,,,,,,,,,,,COMPLETE
638,638,0.7825361512791991,2025-01-02 03:42:47.829755,2025-01-02 03:42:52.853580,0 days 00:00:05.023825,1,70,,,,,,,,,,,,,,,,,,,,COMPLETE
639,639,0.8360215053763441,2025-01-02 03:42:52.854196,2025-01-02 03:42:58.542503,0 days 00:00:05.688307,2,60,140.0,,,,,,,,,,,,,,,,,,,COMPLETE
640,640,0.5740384615384615,2025-01-02 03:42:58.543179,2025-01-02 03:43:33.254908,0 days 00:00:34.711729,12,60,155.0,25.0,200.0,,,,,,,,,105.0,65.0,45.0,50.0,165.0,80.0,180.0,85.0,COMPLETE
641,641,0.8360215053763441,2025-01-02 03:43:33.255754,2025-01-02 03:43:39.411929,0 days 00:00:06.156175,2,45,150.0,,,,,,,,,,,,,,,,,,,COMPLETE
642,642,0.861904761904762,2025-01-02 03:43:39.412600,2025-01-02 03:43:47.358836,0 days 00:00:07.946236,3,65,160.0,,,,,,,,,,,100.0,,,,,,,,COMPLETE
643,643,0.7996926229508197,2025-01-02 03:43:47.359517,2025-01-02 03:43:52.356328,0 days 00:00:04.996811,1,55,,,,,,,,,,,,,,,,,,,,COMPLETE
644,644,0.8360655737704918,2025-01-02 03:43:52.356984,2025-01-02 03:43:58.425474,0 days 00:00:06.068490,2,50,145.0,,,,,,,,,,,,,,,,,,,COMPLETE
645,645,0.8688172043010753,2025-01-02 03:43:58.426166,2025-01-02 03:44:05.907116,0 days 00:00:07.480950,3,60,135.0,,,,,,,,,,,85.0,,,,,,,,COMPLETE
646,646,0.8293650793650793,2025-01-02 03:44:05.907989,2025-01-02 03:44:14.665531,0 days 00:00:08.757542,4,65,195.0,,,,,,,,,,,170.0,180.0,,,,,,,COMPLETE
647,647,0.8801229508196722,2025-01-02 03:44:14.666314,2025-01-02 03:44:20.766365,0 days 00:00:06.100051,2,55,130.0,,,,,,,,,,,,,,,,,,,COMPLETE
648,648,0.9016129032258065,2025-01-02 03:44:20.767163,2025-01-02 03:44:28.245971,0 days 00:00:07.478808,3,55,155.0,,,,,,,,,,,100.0,,,,,,,,COMPLETE
649,649,0.8524590163934426,2025-01-02 03:44:28.246691,2025-01-02 03:44:35.188340,0 days 00:00:06.941649,3,45,195.0,,,,,,,,,,,185.0,,,,,,,,COMPLETE
650,650,0.8617133791644632,2025-01-02 03:44:35.189029,2025-01-02 03:44:41.269350,0 days 00:00:06.080321,2,60,100.0,,,,,,,,,,,,,,,,,,,COMPLETE
651,651,0.8333333333333334,2025-01-02 03:44:41.270030,2025-01-02 03:44:47.319664,0 days 00:00:06.049634,2,70,195.0,,,,,,,,,,,,,,,,,,,COMPLETE
652,652,0.8423645320197044,2025-01-02 03:44:47.320335,2025-01-02 03:44:52.344123,0 days 00:00:05.023788,1,135,,,,,,,,,,,,,,,,,,,,COMPLETE
653,653,0.8548387096774194,2025-01-02 03:44:52.344766,2025-01-02 03:44:59.777534,0 days 00:00:07.432768,3,130,190.0,,,,,,,,,,,105.0,,,,,,,,COMPLETE
654,654,0.8708333333333333,2025-01-02 03:44:59.778156,2025-01-02 03:45:07.194559,0 days 00:00:07.416403,3,125,155.0,,,,,,,,,,,145.0,,,,,,,,COMPLETE
655,655,0.8944444444444444,2025-01-02 03:45:07.195255,2025-01-02 03:45:15.342895,0 days 00:00:08.147640,4,135,135.0,,,,,,,,,,,75.0,140.0,,,,,,,COMPLETE
656,656,0.8942358540454786,2025-01-02 03:45:15.343619,2025-01-02 03:45:22.759278,0 days 00:00:07.415659,3,65,140.0,,,,,,,,,,,90.0,,,,,,,,COMPLETE
657,657,0.5724391624221845,2025-01-02 03:45:22.759979,2025-01-02 03:45:32.947710,0 days 00:00:10.187731,5,130,50.0,,,,,,,,,,,140.0,60.0,165.0,,,,,,COMPLETE
658,658,0.8582375478927202,2025-01-02 03:45:32.948406,2025-01-02 03:45:39.058756,0 days 00:00:06.110350,2,140,90.0,,,,,,,,,,,,,,,,,,,COMPLETE
659,659,0.4105131414267835,2025-01-02 03:45:39.059440,2025-01-02 03:45:51.838386,0 days 00:00:12.778946,8,55,145.0,,,,,,,,,,,150.0,165.0,155.0,40.0,135.0,195.0,,,COMPLETE
660,660,0.05714285714285714,2025-01-02 03:45:51.839169,2025-01-02 03:46:14.122091,0 days 00:00:22.282922,20,155,105.0,55.0,75.0,95.0,155.0,45.0,5.0,175.0,70.0,100.0,5.0,100.0,145.0,180.0,90.0,10.0,130.0,70.0,165.0,COMPLETE
661,661,0.8864583333333333,2025-01-02 03:46:14.123347,2025-01-02 03:46:20.229796,0 days 00:00:06.106449,2,140,185.0,,,,,,,,,,,,,,,,,,,COMPLETE
662,662,0.8422635319846912,2025-01-02 03:46:20.230469,2025-01-02 03:46:28.982581,0 days 00:00:08.752112,4,70,195.0,,,,,,,,,,,160.0,105.0,,,,,,,COMPLETE
663,663,0.3282051282051282,2025-01-02 03:46:28.983259,2025-01-02 03:46:40.534546,0 days 00:00:11.551287,6,125,150.0,,,,,,,,,,,110.0,80.0,90.0,185.0,,,,,COMPLETE
664,664,0.8727272727272728,2025-01-02 03:46:40.535279,2025-01-02 03:46:46.656761,0 days 00:00:06.121482,2,130,95.0,,,,,,,,,,,,,,,,,,,COMPLETE
665,665,0.845603813559322,2025-01-02 03:46:46.657434,2025-01-02 03:46:51.708305,0 days 00:00:05.050871,1,200,,,,,,,,,,,,,,,,,,,,COMPLETE
666,666,0.5320371188687583,2025-01-02 03:46:51.708980,2025-01-02 03:47:15.805719,0 days 00:00:24.096739,11,160,190.0,130.0,,,,,,,,,,120.0,90.0,115.0,70.0,155.0,65.0,130.0,30.0,COMPLETE
667,667,0.8688172043010753,2025-01-02 03:47:15.806568,2025-01-02 03:47:23.228387,0 days 00:00:07.421819,3,135,140.0,,,,,,,,,,,95.0,,,,,,,,COMPLETE
668,668,0.8526881720430108,2025-01-02 03:47:23.229082,2025-01-02 03:47:30.674761,0 days 00:00:07.445679,3,60,190.0,,,,,,,,,,,155.0,,,,,,,,COMPLETE
669,669,0.861904761904762,2025-01-02 03:47:30.675465,2025-01-02 03:47:38.114790,0 days 00:00:07.439325,3,130,160.0,,,,,,,,,,,135.0,,,,,,,,COMPLETE
670,670,0.8868318122555411,2025-01-02 03:47:38.115491,2025-01-02 03:47:44.267592,0 days 00:00:06.152101,2,105,85.0,,,,,,,,,,,,,,,,,,,COMPLETE
671,671,0.8688172043010753,2025-01-02 03:47:44.268279,2025-01-02 03:47:49.266329,0 days 00:00:04.998050,1,85,,,,,,,,,,,,,,,,,,,,COMPLETE
672,672,0.8669074742984162,2025-01-02 03:47:49.267011,2025-01-02 03:47:58.050002,0 days 00:00:08.782991,4,125,100.0,,,,,,,,,,,140.0,120.0,,,,,,,COMPLETE
673,673,0.8526881720430108,2025-01-02 03:47:58.050729,2025-01-02 03:48:03.809561,0 days 00:00:05.758832,2,50,185.0,,,,,,,,,,,,,,,,,,,COMPLETE
674,674,0.8,2025-01-02 03:48:03.810470,2025-01-02 03:48:09.833077,0 days 00:00:06.022607,2,145,45.0,,,,,,,,,,,,,,,,,,,COMPLETE
675,675,0.8777777777777778,2025-01-02 03:48:09.833769,2025-01-02 03:48:17.274377,0 days 00:00:07.440608,3,175,195.0,,,,,,,,,,,105.0,,,,,,,,COMPLETE
676,676,0.8852459016393442,2025-01-02 03:48:17.275089,2025-01-02 03:48:24.724192,0 days 00:00:07.449103,3,140,165.0,,,,,,,,,,,110.0,,,,,,,,COMPLETE
677,677,0.8688172043010753,2025-01-02 03:48:24.724893,2025-01-02 03:48:30.398703,0 days 00:00:05.673810,2,135,95.0,,,,,,,,,,,,,,,,,,,COMPLETE
678,678,0.8135593220338984,2025-01-02 03:48:30.399368,2025-01-02 03:48:36.459817,0 days 00:00:06.060449,2,130,55.0,,,,,,,,,,,,,,,,,,,COMPLETE
679,679,0.8524590163934426,2025-01-02 03:48:36.460476,2025-01-02 03:48:45.806374,0 days 00:00:09.345898,4,150,150.0,,,,,,,,,,,145.0,50.0,,,,,,,COMPLETE
680,680,0.6395798783858485,2025-01-02 03:48:45.807086,2025-01-02 03:48:54.632967,0 days 00:00:08.825881,5,80,90.0,,,,,,,,,,,125.0,15.0,195.0,,,,,,COMPLETE
681,681,0.8529094827586207,2025-01-02 03:48:54.633664,2025-01-02 03:49:02.075685,0 days 00:00:07.442021,3,135,200.0,,,,,,,,,,,120.0,,,,,,,,COMPLETE
682,682,0.861904761904762,2025-01-02 03:49:02.076398,2025-01-02 03:49:09.620190,0 days 00:00:07.543792,3,125,125.0,,,,,,,,,,,100.0,,,,,,,,COMPLETE
683,683,0.38409703504043125,2025-01-02 03:49:09.620870,2025-01-02 03:49:48.933563,0 days 00:00:39.312693,14,140,195.0,85.0,40.0,25.0,85.0,,,,,,,95.0,85.0,50.0,25.0,75.0,35.0,30.0,120.0,COMPLETE
684,684,0.8380355276907001,2025-01-02 03:49:48.934510,2025-01-02 03:49:53.975281,0 days 00:00:05.040771,1,120,,,,,,,,,,,,,,,,,,,,COMPLETE
685,685,0.8781068217874141,2025-01-02 03:49:53.976107,2025-01-02 03:50:00.050027,0 days 00:00:06.073920,2,145,130.0,,,,,,,,,,,,,,,,,,,COMPLETE
686,686,0.8708333333333333,2025-01-02 03:50:00.050775,2025-01-02 03:50:08.781463,0 days 00:00:08.730688,4,115,190.0,,,,,,,,,,,115.0,35.0,,,,,,,COMPLETE
687,687,0.8870673952641166,2025-01-02 03:50:08.782155,2025-01-02 03:50:16.212617,0 days 00:00:07.430462,3,55,105.0,,,,,,,,,,,130.0,,,,,,,,COMPLETE
688,688,0.8735137869972173,2025-01-02 03:50:16.213322,2025-01-02 03:50:21.934822,0 days 00:00:05.721500,2,65,155.0,,,,,,,,,,,,,,,,,,,COMPLETE
689,689,0.8452380952380952,2025-01-02 03:50:21.935498,2025-01-02 03:50:29.490822,0 days 00:00:07.555324,3,75,5.0,,,,,,,,,,,130.0,,,,,,,,COMPLETE
690,690,0.8857758620689655,2025-01-02 03:50:29.491531,2025-01-02 03:50:36.887336,0 days 00:00:07.395805,3,150,185.0,,,,,,,,,,,110.0,,,,,,,,COMPLETE
691,691,0.8708333333333333,2025-01-02 03:50:36.888039,2025-01-02 03:50:42.981152,0 days 00:00:06.093113,2,40,145.0,,,,,,,,,,,,,,,,,,,COMPLETE
692,692,0.5308108108108108,2025-01-02 03:50:42.981814,2025-01-02 03:50:58.323433,0 days 00:00:15.341619,9,125,95.0,,,,,,,,,,,165.0,100.0,125.0,60.0,95.0,5.0,195.0,,COMPLETE
693,693,0.7761674718196457,2025-01-02 03:50:58.324214,2025-01-02 03:51:07.143834,0 days 00:00:08.819620,4,135,200.0,,,,,,,,,,,105.0,140.0,,,,,,,COMPLETE
694,694,0.8445623342175066,2025-01-02 03:51:07.144550,2025-01-02 03:51:14.659550,0 days 00:00:07.515000,3,90,195.0,,,,,,,,,,,90.0,,,,,,,,COMPLETE
695,695,0.8385416666666667,2025-01-02 03:51:14.660251,2025-01-02 03:51:19.693938,0 days 00:00:05.033687,1,155,,,,,,,,,,,,,,,,,,,,COMPLETE
696,696,0.8572639909553419,2025-01-02 03:51:19.694616,2025-01-02 03:51:27.174882,0 days 00:00:07.480266,3,130,185.0,,,,,,,,,,,135.0,,,,,,,,COMPLETE
697,697,0.8923497267759564,2025-01-02 03:51:27.175602,2025-01-02 03:51:33.258492,0 days 00:00:06.082890,2,140,155.0,,,,,,,,,,,,,,,,,,,COMPLETE
698,698,0.818426724137931,2025-01-02 03:51:33.259195,2025-01-02 03:51:39.375209,0 days 00:00:06.116014,2,70,190.0,,,,,,,,,,,,,,,,,,,COMPLETE
699,699,0.9032258064516129,2025-01-02 03:51:39.375926,2025-01-02 03:51:46.828368,0 days 00:00:07.452442,3,120,60.0,,,,,,,,,,,115.0,,,,,,,,COMPLETE
700,700,0.7620967741935484,2025-01-02 03:51:46.829108,2025-01-02 03:51:55.112999,0 days 00:00:08.283891,4,120,55.0,,,,,,,,,,,115.0,110.0,,,,,,,COMPLETE
701,701,0.8801229508196722,2025-01-02 03:51:55.113983,2025-01-02 03:52:02.506904,0 days 00:00:07.392921,3,115,160.0,,,,,,,,,,,120.0,,,,,,,,COMPLETE
702,702,0.8709677419354839,2025-01-02 03:52:02.507621,2025-01-02 03:52:09.924178,0 days 00:00:07.416557,3,120,55.0,,,,,,,,,,,125.0,,,,,,,,COMPLETE
703,703,0.802801724137931,2025-01-02 03:52:09.924912,2025-01-02 03:52:18.787174,0 days 00:00:08.862262,4,110,60.0,,,,,,,,,,,200.0,195.0,,,,,,,COMPLETE
704,704,0.8870673952641166,2025-01-02 03:52:18.787914,2025-01-02 03:52:26.211915,0 days 00:00:07.424001,3,120,65.0,,,,,,,,,,,115.0,,,,,,,,COMPLETE
705,705,0.8130618720253834,2025-01-02 03:52:26.212652,2025-01-02 03:52:34.939348,0 days 00:00:08.726696,4,115,65.0,,,,,,,,,,,110.0,25.0,,,,,,,COMPLETE
706,706,0.8709677419354839,2025-01-02 03:52:34.940095,2025-01-02 03:52:41.868104,0 days 00:00:06.928009,3,20,50.0,,,,,,,,,,,105.0,,,,,,,,COMPLETE
707,707,0.8688172043010753,2025-01-02 03:52:41.868829,2025-01-02 03:52:49.295595,0 days 00:00:07.426766,3,125,60.0,,,,,,,,,,,125.0,,,,,,,,COMPLETE
708,708,0.8385416666666667,2025-01-02 03:52:49.296313,2025-01-02 03:52:58.114143,0 days 00:00:08.817830,4,115,100.0,,,,,,,,,,,120.0,45.0,,,,,,,COMPLETE
709,709,0.8781779661016949,2025-01-02 03:52:58.114867,2025-01-02 03:53:05.607582,0 days 00:00:07.492715,3,125,60.0,,,,,,,,,,,100.0,,,,,,,,COMPLETE
710,710,0.9182795698924731,2025-01-02 03:53:05.608256,2025-01-02 03:53:12.623155,0 days 00:00:07.014899,3,130,90.0,,,,,,,,,,,110.0,,,,,,,,COMPLETE
711,711,0.813344837503595,2025-01-02 03:53:12.623873,2025-01-02 03:53:20.930024,0 days 00:00:08.306151,4,130,150.0,,,,,,,,,,,110.0,5.0,,,,,,,COMPLETE
712,712,0.8851224105461393,2025-01-02 03:53:20.930748,2025-01-02 03:53:28.390442,0 days 00:00:07.459694,3,135,80.0,,,,,,,,,,,115.0,,,,,,,,COMPLETE
713,713,0.5577777777777778,2025-01-02 03:53:28.391147,2025-01-02 03:53:41.435647,0 days 00:00:13.044500,7,135,90.0,,,,,,,,,,,105.0,155.0,60.0,160.0,40.0,,,,COMPLETE
714,714,0.6105637657361795,2025-01-02 03:53:41.436438,2025-01-02 03:53:50.925841,0 days 00:00:09.489403,5,135,85.0,,,,,,,,,,,110.0,20.0,70.0,,,,,,COMPLETE
715,715,0.8654970760233918,2025-01-02 03:53:50.926818,2025-01-02 03:53:58.366074,0 days 00:00:07.439256,3,145,140.0,,,,,,,,,,,100.0,,,,,,,,COMPLETE
716,716,0.9151785714285714,2025-01-02 03:53:58.366781,2025-01-02 03:54:05.799316,0 days 00:00:07.432535,3,125,80.0,,,,,,,,,,,105.0,,,,,,,,COMPLETE
717,717,0.8385416666666667,2025-01-02 03:54:05.800041,2025-01-02 03:54:14.573608,0 days 00:00:08.773567,4,130,80.0,,,,,,,,,,,105.0,75.0,,,,,,,COMPLETE
718,718,0.8548009367681498,2025-01-02 03:54:14.574306,2025-01-02 03:54:23.365663,0 days 00:00:08.791357,4,125,85.0,,,,,,,,,,,110.0,40.0,,,,,,,COMPLETE
719,719,0.8617133791644632,2025-01-02 03:54:23.366356,2025-01-02 03:54:30.822325,0 days 00:00:07.455969,3,130,85.0,,,,,,,,,,,95.0,,,,,,,,COMPLETE
720,720,0.9032258064516129,2025-01-02 03:54:30.823040,2025-01-02 03:54:38.273328,0 days 00:00:07.450288,3,125,135.0,,,,,,,,,,,115.0,,,,,,,,COMPLETE
721,721,0.880184331797235,2025-01-02 03:54:38.274039,2025-01-02 03:54:47.059144,0 days 00:00:08.785105,4,125,80.0,,,,,,,,,,,115.0,125.0,,,,,,,COMPLETE
722,722,0.3629112662013958,2025-01-02 03:54:47.059872,2025-01-02 03:55:31.042688,0 days 00:00:43.982816,16,125,135.0,110.0,105.0,10.0,55.0,125.0,170.0,,,,,110.0,115.0,15.0,135.0,60.0,100.0,80.0,5.0,COMPLETE
723,723,0.8942358540454786,2025-01-02 03:55:31.043634,2025-01-02 03:55:38.511194,0 days 00:00:07.467560,3,130,135.0,,,,,,,,,,,115.0,,,,,,,,COMPLETE
724,724,0.8474358974358975,2025-01-02 03:55:38.511920,2025-01-02 03:55:46.440772,0 days 00:00:07.928852,3,130,80.0,,,,,,,,,,,105.0,,,,,,,,COMPLETE
725,725,0.8225344782721832,2025-01-02 03:55:46.441655,2025-01-02 03:55:55.266676,0 days 00:00:08.825021,4,125,130.0,,,,,,,,,,,110.0,65.0,,,,,,,COMPLETE
726,726,0.8360215053763441,2025-01-02 03:55:55.267441,2025-01-02 03:56:02.692683,0 days 00:00:07.425242,3,30,135.0,,,,,,,,,,,105.0,,,,,,,,COMPLETE
727,727,0.8688172043010753,2025-01-02 03:56:02.693372,2025-01-02 03:56:11.432905,0 days 00:00:08.739533,4,120,125.0,,,,,,,,,,,115.0,10.0,,,,,,,COMPLETE
728,728,0.8754789272030651,2025-01-02 03:56:11.433599,2025-01-02 03:56:18.918398,0 days 00:00:07.484799,3,130,140.0,,,,,,,,,,,110.0,,,,,,,,COMPLETE
729,729,0.8708333333333333,2025-01-02 03:56:18.919096,2025-01-02 03:56:25.848007,0 days 00:00:06.928911,3,120,85.0,,,,,,,,,,,100.0,,,,,,,,COMPLETE
730,730,0.8333333333333334,2025-01-02 03:56:25.848707,2025-01-02 03:56:33.272901,0 days 00:00:07.424194,3,125,90.0,,,,,,,,,,,120.0,,,,,,,,COMPLETE
731,731,0.8777777777777778,2025-01-02 03:56:33.273617,2025-01-02 03:56:40.700353,0 days 00:00:07.426736,3,130,80.0,,,,,,,,,,,105.0,,,,,,,,COMPLETE
732,732,0.8852459016393442,2025-01-02 03:56:40.701077,2025-01-02 03:56:48.085164,0 days 00:00:07.384087,3,140,75.0,,,,,,,,,,,115.0,,,,,,,,COMPLETE
733,733,0.8481045081967213,2025-01-02 03:56:48.085860,2025-01-02 03:56:52.563039,0 days 00:00:04.477179,4,125,145.0,,,,,,,,,,,100.0,70.0,,,,,,,COMPLETE
734,734,0.861904761904762,2025-01-02 03:56:52.563772,2025-01-02 03:57:01.337981,0 days 00:00:08.774209,4,135,90.0,,,,,,,,,,,120.0,50.0,,,,,,,COMPLETE
735,735,0.8499583217560434,2025-01-02 03:57:01.338707,2025-01-02 03:57:09.569152,0 days 00:00:08.230445,4,130,85.0,,,,,,,,,,,110.0,95.0,,,,,,,COMPLETE
736,736,0.8709677419354839,2025-01-02 03:57:09.569886,2025-01-02 03:57:17.537721,0 days 00:00:07.967835,3,120,140.0,,,,,,,,,,,120.0,,,,,,,,COMPLETE
737,737,0.7850439882697947,2025-01-02 03:57:17.538432,2025-01-02 03:57:28.417976,0 days 00:00:10.879544,5,135,150.0,,,,,,,,,,,95.0,55.0,35.0,,,,,,COMPLETE
738,738,0.9032258064516129,2025-01-02 03:57:28.418701,2025-01-02 03:57:35.898878,0 days 00:00:07.480177,3,140,130.0,,,,,,,,,,,105.0,,,,,,,,COMPLETE
739,739,0.8548009367681498,2025-01-02 03:57:35.899591,2025-01-02 03:57:43.330909,0 days 00:00:07.431318,3,140,120.0,,,,,,,,,,,115.0,,,,,,,,COMPLETE
740,740,0.8708333333333333,2025-01-02 03:57:43.331680,2025-01-02 03:57:50.740778,0 days 00:00:07.409098,3,130,40.0,,,,,,,,,,,110.0,,,,,,,,COMPLETE
741,741,0.8193548387096774,2025-01-02 03:57:50.741670,2025-01-02 03:57:58.644916,0 days 00:00:07.903246,3,125,130.0,,,,,,,,,,,105.0,,,,,,,,COMPLETE
742,742,0.8799283154121864,2025-01-02 03:57:58.645623,2025-01-02 03:58:06.022989,0 days 00:00:07.377366,3,135,130.0,,,,,,,,,,,115.0,,,,,,,,COMPLETE
743,743,0.8688524590163934,2025-01-02 03:58:06.023706,2025-01-02 03:58:14.712978,0 days 00:00:08.689272,4,135,135.0,,,,,,,,,,,120.0,30.0,,,,,,,COMPLETE
744,744,0.8387096774193549,2025-01-02 03:58:14.713720,2025-01-02 03:58:22.137353,0 days 00:00:07.423633,3,130,130.0,,,,,,,,,,,110.0,,,,,,,,COMPLETE
745,745,0.4025974025974026,2025-01-02 03:58:22.138091,2025-01-02 03:58:40.883387,0 days 00:00:18.745296,10,110,125.0,,,,,,,,,,,120.0,80.0,110.0,15.0,190.0,75.0,100.0,155.0,COMPLETE
746,746,0.8926229508196721,2025-01-02 03:58:40.884188,2025-01-02 03:58:49.658477,0 days 00:00:08.774289,4,120,130.0,,,,,,,,,,,105.0,175.0,,,,,,,COMPLETE
747,747,0.8801229508196722,2025-01-02 03:58:49.659200,2025-01-02 03:58:56.596057,0 days 00:00:06.936857,3,125,135.0,,,,,,,,,,,125.0,,,,,,,,COMPLETE
748,748,0.8452950558213717,2025-01-02 03:58:56.596758,2025-01-02 03:59:03.619316,0 days 00:00:07.022558,3,140,35.0,,,,,,,,,,,5.0,,,,,,,,COMPLETE
749,749,0.8688172043010753,2025-01-02 03:59:03.620037,2025-01-02 03:59:12.423217,0 days 00:00:08.803180,4,130,120.0,,,,,,,,,,,115.0,85.0,,,,,,,COMPLETE
750,750,0.8387096774193549,2025-01-02 03:59:12.423968,2025-01-02 03:59:19.932472,0 days 00:00:07.508504,3,15,125.0,,,,,,,,,,,100.0,,,,,,,,COMPLETE
751,751,0.8870673952641166,2025-01-02 03:59:19.933205,2025-01-02 03:59:27.324854,0 days 00:00:07.391649,3,140,125.0,,,,,,,,,,,110.0,,,,,,,,COMPLETE
752,752,0.8708333333333333,2025-01-02 03:59:27.325593,2025-01-02 03:59:33.444112,0 days 00:00:06.118519,2,125,135.0,,,,,,,,,,,,,,,,,,,COMPLETE
753,753,0.8870673952641166,2025-01-02 03:59:33.444793,2025-01-02 03:59:40.900812,0 days 00:00:07.456019,3,115,140.0,,,,,,,,,,,105.0,,,,,,,,COMPLETE
754,754,0.8708333333333333,2025-01-02 03:59:40.901699,2025-01-02 03:59:49.674790,0 days 00:00:08.773091,4,135,135.0,,,,,,,,,,,125.0,60.0,,,,,,,COMPLETE
755,755,0.8585526315789473,2025-01-02 03:59:49.675604,2025-01-02 03:59:56.583159,0 days 00:00:06.907555,3,125,145.0,,,,,,,,,,,115.0,,,,,,,,COMPLETE
756,756,0.8548009367681498,2025-01-02 03:59:56.583889,2025-01-02 04:00:02.644212,0 days 00:00:06.060323,2,145,140.0,,,,,,,,,,,,,,,,,,,COMPLETE
757,757,0.87042842215256,2025-01-02 04:00:02.644925,2025-01-02 04:00:09.184619,0 days 00:00:06.539694,2,140,130.0,,,,,,,,,,,,,,,,,,,COMPLETE
758,758,0.8777777777777778,2025-01-02 04:00:09.185329,2025-01-02 04:00:16.672821,0 days 00:00:07.487492,3,120,90.0,,,,,,,,,,,110.0,,,,,,,,COMPLETE
759,759,0.829190904283448,2025-01-02 04:00:16.673558,2025-01-02 04:00:24.841362,0 days 00:00:08.167804,4,130,155.0,,,,,,,,,,,120.0,40.0,,,,,,,COMPLETE
760,760,0.8754789272030651,2025-01-02 04:00:24.842078,2025-01-02 04:00:32.280374,0 days 00:00:07.438296,3,135,115.0,,,,,,,,,,,125.0,,,,,,,,COMPLETE
761,761,0.8380355276907001,2025-01-02 04:00:32.281091,2025-01-02 04:00:42.453172,0 days 00:00:10.172081,5,140,125.0,,,,,,,,,,,130.0,90.0,95.0,,,,,,COMPLETE
762,762,0.8926229508196721,2025-01-02 04:00:42.453941,2025-01-02 04:00:48.605402,0 days 00:00:06.151461,2,165,140.0,,,,,,,,,,,,,,,,,,,COMPLETE
763,763,0.8452380952380952,2025-01-02 04:00:48.606112,2025-01-02 04:00:54.683681,0 days 00:00:06.077569,2,120,95.0,,,,,,,,,,,,,,,,,,,COMPLETE
764,764,0.845603813559322,2025-01-02 04:00:54.684389,2025-01-02 04:01:02.162810,0 days 00:00:07.478421,3,125,145.0,,,,,,,,,,,105.0,,,,,,,,COMPLETE
765,765,0.9032258064516129,2025-01-02 04:01:02.163543,2025-01-02 04:01:09.599164,0 days 00:00:07.435621,3,135,90.0,,,,,,,,,,,100.0,,,,,,,,COMPLETE
766,766,0.8193548387096774,2025-01-02 04:01:09.599903,2025-01-02 04:01:18.358803,0 days 00:00:08.758900,4,145,135.0,,,,,,,,,,,115.0,15.0,,,,,,,COMPLETE
767,767,0.8385416666666667,2025-01-02 04:01:18.359575,2025-01-02 04:01:24.428000,0 days 00:00:06.068425,2,130,45.0,,,,,,,,,,,,,,,,,,,COMPLETE
768,768,0.8709677419354839,2025-01-02 04:01:24.428720,2025-01-02 04:01:31.838411,0 days 00:00:07.409691,3,130,130.0,,,,,,,,,,,95.0,,,,,,,,COMPLETE
769,769,0.829214582823587,2025-01-02 04:01:31.839151,2025-01-02 04:01:40.583678,0 days 00:00:08.744527,4,115,150.0,,,,,,,,,,,110.0,130.0,,,,,,,COMPLETE
770,770,0.8777777777777778,2025-01-02 04:01:40.584647,2025-01-02 04:01:46.706736,0 days 00:00:06.122089,2,35,95.0,,,,,,,,,,,,,,,,,,,COMPLETE
771,771,0.8781068217874141,2025-01-02 04:01:46.707441,2025-01-02 04:01:54.154896,0 days 00:00:07.447455,3,120,115.0,,,,,,,,,,,120.0,,,,,,,,COMPLETE
772,772,0.8526881720430108,2025-01-02 04:01:54.155620,2025-01-02 04:02:01.579977,0 days 00:00:07.424357,3,135,165.0,,,,,,,,,,,105.0,,,,,,,,COMPLETE
773,773,0.8521505376344086,2025-01-02 04:02:01.580693,2025-01-02 04:02:07.653369,0 days 00:00:06.072676,2,125,100.0,,,,,,,,,,,,,,,,,,,COMPLETE
774,774,0.8942358540454786,2025-01-02 04:02:07.654090,2025-01-02 04:02:15.125039,0 days 00:00:07.470949,3,150,200.0,,,,,,,,,,,125.0,,,,,,,,COMPLETE
775,775,0.8870673952641166,2025-01-02 04:02:15.125771,2025-01-02 04:02:22.535064,0 days 00:00:07.409293,3,135,160.0,,,,,,,,,,,85.0,,,,,,,,COMPLETE
776,776,0.8317110655737705,2025-01-02 04:02:22.535823,2025-01-02 04:02:30.687898,0 days 00:00:08.152075,4,160,145.0,,,,,,,,,,,110.0,45.0,,,,,,,COMPLETE
777,777,0.8596059113300492,2025-01-02 04:02:30.688632,2025-01-02 04:02:37.164922,0 days 00:00:06.476290,2,125,85.0,,,,,,,,,,,,,,,,,,,COMPLETE
778,778,0.8709677419354839,2025-01-02 04:02:37.165624,2025-01-02 04:02:43.291973,0 days 00:00:06.126349,2,105,120.0,,,,,,,,,,,,,,,,,,,COMPLETE
779,779,0.87042842215256,2025-01-02 04:02:43.292707,2025-01-02 04:02:50.205668,0 days 00:00:06.912961,3,140,90.0,,,,,,,,,,,115.0,,,,,,,,COMPLETE
780,780,0.8870673952641166,2025-01-02 04:02:50.206405,2025-01-02 04:02:57.673631,0 days 00:00:07.467226,3,115,135.0,,,,,,,,,,,120.0,,,,,,,,COMPLETE
781,781,0.8548009367681498,2025-01-02 04:02:57.674377,2025-01-02 04:03:06.490658,0 days 00:00:08.816281,4,130,105.0,,,,,,,,,,,130.0,25.0,,,,,,,COMPLETE
782,782,0.6892655367231638,2025-01-02 04:03:06.491381,2025-01-02 04:03:16.643192,0 days 00:00:10.151811,5,155,125.0,,,,,,,,,,,100.0,105.0,135.0,,,,,,COMPLETE
783,783,0.861904761904762,2025-01-02 04:03:16.643957,2025-01-02 04:03:22.707388,0 days 00:00:06.063431,2,145,155.0,,,,,,,,,,,,,,,,,,,COMPLETE
784,784,0.8548009367681498,2025-01-02 04:03:22.708117,2025-01-02 04:03:30.139448,0 days 00:00:07.431331,3,130,150.0,,,,,,,,,,,105.0,,,,,,,,COMPLETE
785,785,0.8714471968709256,2025-01-02 04:03:30.140186,2025-01-02 04:03:38.876206,0 days 00:00:08.736020,4,45,195.0,,,,,,,,,,,95.0,70.0,,,,,,,COMPLETE
786,786,0.8570621468926554,2025-01-02 04:03:38.877106,2025-01-02 04:03:44.971527,0 days 00:00:06.094421,2,120,140.0,,,,,,,,,,,,,,,,,,,COMPLETE
787,787,0.9051702395964691,2025-01-02 04:03:44.972302,2025-01-02 04:03:49.248986,0 days 00:00:04.276684,3,140,30.0,,,,,,,,,,,115.0,,,,,,,,COMPLETE
788,788,0.8445623342175066,2025-01-02 04:03:49.249686,2025-01-02 04:03:55.262172,0 days 00:00:06.012486,2,125,35.0,,,,,,,,,,,,,,,,,,,COMPLETE
789,789,0.8046218487394958,2025-01-02 04:03:55.262870,2025-01-02 04:04:02.257471,0 days 00:00:06.994601,3,135,15.0,,,,,,,,,,,120.0,,,,,,,,COMPLETE
790,790,0.8387096774193549,2025-01-02 04:04:02.258213,2025-01-02 04:04:08.800401,0 days 00:00:06.542188,3,130,5.0,,,,,,,,,,,125.0,,,,,,,,COMPLETE
791,791,0.8942358540454786,2025-01-02 04:04:08.801140,2025-01-02 04:04:17.537838,0 days 00:00:08.736698,4,145,35.0,,,,,,,,,,,120.0,35.0,,,,,,,COMPLETE
792,792,0.8481045081967213,2025-01-02 04:04:17.538586,2025-01-02 04:04:24.446822,0 days 00:00:06.908236,3,120,15.0,,,,,,,,,,,115.0,,,,,,,,COMPLETE
793,793,0.8264915161466886,2025-01-02 04:04:24.447573,2025-01-02 04:04:30.511298,0 days 00:00:06.063725,2,135,90.0,,,,,,,,,,,,,,,,,,,COMPLETE
794,794,0.8617133791644632,2025-01-02 04:04:30.512036,2025-01-02 04:04:39.275054,0 days 00:00:08.763018,4,140,100.0,,,,,,,,,,,130.0,135.0,,,,,,,COMPLETE
795,795,0.8708333333333333,2025-01-02 04:04:39.275788,2025-01-02 04:04:45.759940,0 days 00:00:06.484152,2,110,40.0,,,,,,,,,,,,,,,,,,,COMPLETE
796,796,0.46674826601387187,2025-01-02 04:04:45.760671,2025-01-02 04:04:57.618794,0 days 00:00:11.858123,6,125,30.0,,,,,,,,,,,115.0,20.0,170.0,105.0,,,,,COMPLETE
797,797,0.8387096774193549,2025-01-02 04:04:57.619594,2025-01-02 04:05:04.111583,0 days 00:00:06.491989,2,150,10.0,,,,,,,,,,,,,,,,,,,COMPLETE
798,798,0.8637295081967213,2025-01-02 04:05:04.112276,2025-01-02 04:05:11.652952,0 days 00:00:07.540676,3,115,200.0,,,,,,,,,,,150.0,,,,,,,,COMPLETE
799,799,0.8544980443285528,2025-01-02 04:05:11.653697,2025-01-02 04:05:18.616221,0 days 00:00:06.962524,3,130,20.0,,,,,,,,,,,130.0,,,,,,,,COMPLETE
800,800,0.822863610639502,2025-01-02 04:05:18.616994,2025-01-02 04:05:23.650831,0 days 00:00:05.033837,1,135,,,,,,,,,,,,,,,,,,,,COMPLETE
801,801,0.899888765294772,2025-01-02 04:05:23.651549,2025-01-02 04:05:32.511969,0 days 00:00:08.860420,4,120,25.0,,,,,,,,,,,110.0,75.0,,,,,,,COMPLETE
802,802,0.8781779661016949,2025-01-02 04:05:32.512715,2025-01-02 04:05:38.554236,0 days 00:00:06.041521,2,125,30.0,,,,,,,,,,,,,,,,,,,COMPLETE
803,803,0.5873015873015872,2025-01-02 04:05:38.555149,2025-01-02 04:06:07.311214,0 days 00:00:28.756065,9,140,95.0,,,,,,,,,,,125.0,55.0,85.0,200.0,30.0,15.0,10.0,,COMPLETE
804,804,0.8830409356725146,2025-01-02 04:06:07.312144,2025-01-02 04:06:14.219284,0 days 00:00:06.907140,3,150,85.0,,,,,,,,,,,120.0,,,,,,,,COMPLETE
805,805,0.850389321468298,2025-01-02 04:06:14.220062,2025-01-02 04:06:21.115274,0 days 00:00:06.895212,3,140,45.0,,,,,,,,,,,140.0,,,,,,,,COMPLETE
806,806,0.8523002421307506,2025-01-02 04:06:21.116031,2025-01-02 04:06:26.825361,0 days 00:00:05.709330,2,130,85.0,,,,,,,,,,,,,,,,,,,COMPLETE
807,807,0.8662531017369728,2025-01-02 04:06:26.826095,2025-01-02 04:06:33.753189,0 days 00:00:06.927094,3,125,25.0,,,,,,,,,,,110.0,,,,,,,,COMPLETE
808,808,0.861904761904762,2025-01-02 04:06:33.753937,2025-01-02 04:06:42.532687,0 days 00:00:08.778750,4,145,195.0,,,,,,,,,,,115.0,65.0,,,,,,,COMPLETE
809,809,0.8781779661016949,2025-01-02 04:06:42.533446,2025-01-02 04:06:47.582980,0 days 00:00:05.049534,1,120,,,,,,,,,,,,,,,,,,,,COMPLETE
810,810,0.8870673952641166,2025-01-02 04:06:47.583671,2025-01-02 04:06:55.005099,0 days 00:00:07.421428,3,130,160.0,,,,,,,,,,,135.0,,,,,,,,COMPLETE
811,811,0.8870673952641166,2025-01-02 04:06:55.005833,2025-01-02 04:07:01.124882,0 days 00:00:06.119049,2,190,150.0,,,,,,,,,,,,,,,,,,,COMPLETE
812,812,0.8761618370694368,2025-01-02 04:07:01.125530,2025-01-02 04:07:08.612969,0 days 00:00:07.487439,3,135,200.0,,,,,,,,,,,125.0,,,,,,,,COMPLETE
813,813,0.9032258064516129,2025-01-02 04:07:08.613750,2025-01-02 04:07:16.049113,0 days 00:00:07.435363,3,155,80.0,,,,,,,,,,,115.0,,,,,,,,COMPLETE
814,814,0.882647385984427,2025-01-02 04:07:16.049873,2025-01-02 04:07:22.193478,0 days 00:00:06.143605,2,145,190.0,,,,,,,,,,,,,,,,,,,COMPLETE
815,815,0.8153846153846154,2025-01-02 04:07:22.194205,2025-01-02 04:07:30.367389,0 days 00:00:08.173184,4,135,20.0,,,,,,,,,,,145.0,160.0,,,,,,,COMPLETE
816,816,0.8423645320197044,2025-01-02 04:07:30.368143,2025-01-02 04:07:36.521213,0 days 00:00:06.153070,2,110,95.0,,,,,,,,,,,,,,,,,,,COMPLETE
817,817,0.8781068217874141,2025-01-02 04:07:36.522113,2025-01-02 04:07:44.026856,0 days 00:00:07.504743,3,125,105.0,,,,,,,,,,,115.0,,,,,,,,COMPLETE
818,818,0.8229166666666667,2025-01-02 04:07:44.027657,2025-01-02 04:07:52.212833,0 days 00:00:08.185176,4,145,45.0,,,,,,,,,,,110.0,165.0,,,,,,,COMPLETE
819,819,0.87042842215256,2025-01-02 04:07:52.213606,2025-01-02 04:07:59.609107,0 days 00:00:07.395501,3,115,90.0,,,,,,,,,,,15.0,,,,,,,,COMPLETE
820,820,0.8709677419354839,2025-01-02 04:07:59.609831,2025-01-02 04:08:05.313186,0 days 00:00:05.703355,2,135,150.0,,,,,,,,,,,,,,,,,,,COMPLETE
821,821,0.8063877897117016,2025-01-02 04:08:05.313928,2025-01-02 04:08:10.306345,0 days 00:00:04.992417,1,120,,,,,,,,,,,,,,,,,,,,COMPLETE
822,822,0.8938029661016949,2025-01-02 04:08:10.307109,2025-01-02 04:08:16.361868,0 days 00:00:06.054759,2,130,105.0,,,,,,,,,,,,,,,,,,,COMPLETE
823,823,0.8604465709728868,2025-01-02 04:08:16.362606,2025-01-02 04:08:23.796296,0 days 00:00:07.433690,3,140,40.0,,,,,,,,,,,130.0,,,,,,,,COMPLETE
824,824,0.8870673952641166,2025-01-02 04:08:23.797067,2025-01-02 04:08:31.771244,0 days 00:00:07.974177,3,125,155.0,,,,,,,,,,,120.0,,,,,,,,COMPLETE
825,825,0.20928620928620928,2025-01-02 04:08:31.772040,2025-01-02 04:09:06.909393,0 days 00:00:35.137353,12,120,195.0,15.0,20.0,,,,,,,,,100.0,5.0,185.0,30.0,125.0,160.0,110.0,190.0,COMPLETE
826,826,0.8708333333333333,2025-01-02 04:09:06.910291,2025-01-02 04:09:13.876363,0 days 00:00:06.966072,3,130,100.0,,,,,,,,,,,110.0,,,,,,,,COMPLETE
827,827,0.8688172043010753,2025-01-02 04:09:13.877122,2025-01-02 04:09:19.976934,0 days 00:00:06.099812,2,135,190.0,,,,,,,,,,,,,,,,,,,COMPLETE
828,828,0.9115384615384616,2025-01-02 04:09:19.977651,2025-01-02 04:09:28.663074,0 days 00:00:08.685423,4,160,165.0,,,,,,,,,,,125.0,35.0,,,,,,,COMPLETE
829,829,0.6833333333333333,2025-01-02 04:09:28.663834,2025-01-02 04:09:38.068625,0 days 00:00:09.404791,5,160,165.0,,,,,,,,,,,140.0,35.0,155.0,,,,,,COMPLETE
830,830,0.8685344827586207,2025-01-02 04:09:38.069570,2025-01-02 04:09:46.229236,0 days 00:00:08.159666,4,160,160.0,,,,,,,,,,,125.0,30.0,,,,,,,COMPLETE
831,831,0.888608870967742,2025-01-02 04:09:46.230075,2025-01-02 04:09:54.977605,0 days 00:00:08.747530,4,165,165.0,,,,,,,,,,,135.0,50.0,,,,,,,COMPLETE
832,832,0.8523002421307506,2025-01-02 04:09:54.978356,2025-01-02 04:10:05.170391,0 days 00:00:10.192035,5,165,160.0,,,,,,,,,,,130.0,15.0,75.0,,,,,,COMPLETE
833,833,0.7684210526315789,2025-01-02 04:10:05.171174,2025-01-02 04:10:15.381153,0 days 00:00:10.209979,5,150,155.0,,,,,,,,,,,135.0,20.0,55.0,,,,,,COMPLETE
834,834,0.7668207498715973,2025-01-02 04:10:15.382017,2025-01-02 04:10:25.531024,0 days 00:00:10.149007,5,165,165.0,,,,,,,,,,,125.0,40.0,145.0,,,,,,COMPLETE
835,835,0.8452380952380952,2025-01-02 04:10:25.531810,2025-01-02 04:10:33.674847,0 days 00:00:08.143037,4,170,175.0,,,,,,,,,,,150.0,60.0,,,,,,,COMPLETE
836,836,0.8957479508196722,2025-01-02 04:10:33.675602,2025-01-02 04:10:42.408111,0 days 00:00:08.732509,4,160,170.0,,,,,,,,,,,120.0,45.0,,,,,,,COMPLETE
837,837,0.8548009367681498,2025-01-02 04:10:42.408911,2025-01-02 04:10:51.260014,0 days 00:00:08.851103,4,155,170.0,,,,,,,,,,,130.0,10.0,,,,,,,COMPLETE
838,838,0.8961538461538462,2025-01-02 04:10:51.260771,2025-01-02 04:11:00.026601,0 days 00:00:08.765830,4,155,165.0,,,,,,,,,,,125.0,25.0,,,,,,,COMPLETE
839,839,0.34167709637046306,2025-01-02 04:11:00.027352,2025-01-02 04:11:46.829527,0 days 00:00:46.802175,17,155,170.0,155.0,90.0,185.0,25.0,70.0,90.0,90.0,,,,140.0,55.0,165.0,55.0,150.0,30.0,50.0,145.0,COMPLETE
840,840,0.8543859649122807,2025-01-02 04:11:46.830769,2025-01-02 04:11:51.910081,0 days 00:00:05.079312,1,160,,,,,,,,,,,,,,,,,,,,COMPLETE
841,841,0.8617133791644632,2025-01-02 04:11:51.910817,2025-01-02 04:12:00.691026,0 days 00:00:08.780209,4,145,85.0,,,,,,,,,,,120.0,30.0,,,,,,,COMPLETE
842,842,0.533008658008658,2025-01-02 04:12:00.691799,2025-01-02 04:12:16.709093,0 days 00:00:16.017294,19,150,95.0,70.0,175.0,150.0,180.0,30.0,40.0,45.0,5.0,115.0,,65.0,65.0,20.0,150.0,50.0,50.0,170.0,45.0,COMPLETE
843,843,0.8761618370694368,2025-01-02 04:12:16.710114,2025-01-02 04:12:22.825886,0 days 00:00:06.115772,2,150,160.0,,,,,,,,,,,,,,,,,,,COMPLETE
844,844,0.8387096774193549,2025-01-02 04:12:22.826617,2025-01-02 04:12:29.772111,0 days 00:00:06.945494,3,160,30.0,,,,,,,,,,,135.0,,,,,,,,COMPLETE
845,845,0.8961538461538462,2025-01-02 04:12:29.772832,2025-01-02 04:12:38.570514,0 days 00:00:08.797682,4,140,200.0,,,,,,,,,,,105.0,60.0,,,,,,,COMPLETE
846,846,0.9028213166144201,2025-01-02 04:12:38.571298,2025-01-02 04:12:44.666033,0 days 00:00:06.094735,2,140,90.0,,,,,,,,,,,,,,,,,,,COMPLETE
847,847,0.8692493946731235,2025-01-02 04:12:44.666683,2025-01-02 04:12:51.641409,0 days 00:00:06.974726,3,155,10.0,,,,,,,,,,,145.0,,,,,,,,COMPLETE
848,848,0.885483870967742,2025-01-02 04:12:51.642133,2025-01-02 04:12:59.071580,0 days 00:00:07.429447,3,145,155.0,,,,,,,,,,,155.0,,,,,,,,COMPLETE
849,849,0.8544980443285528,2025-01-02 04:12:59.072301,2025-01-02 04:13:07.918204,0 days 00:00:08.845903,4,105,190.0,,,,,,,,,,,130.0,50.0,,,,,,,COMPLETE
850,850,0.8708333333333333,2025-01-02 04:13:07.918968,2025-01-02 04:13:14.042835,0 days 00:00:06.123867,2,170,195.0,,,,,,,,,,,,,,,,,,,COMPLETE
851,851,0.8761618370694368,2025-01-02 04:13:14.043580,2025-01-02 04:13:19.075817,0 days 00:00:05.032237,1,160,,,,,,,,,,,,,,,,,,,,COMPLETE
852,852,0.8342780026990553,2025-01-02 04:13:19.076567,2025-01-02 04:13:29.220906,0 days 00:00:10.144339,5,135,80.0,,,,,,,,,,,120.0,35.0,5.0,,,,,,COMPLETE
853,853,0.8126984126984127,2025-01-02 04:13:29.221704,2025-01-02 04:13:36.158642,0 days 00:00:06.936938,3,50,150.0,,,,,,,,,,,90.0,,,,,,,,COMPLETE
854,854,0.8711943793911007,2025-01-02 04:13:36.159395,2025-01-02 04:13:41.884505,0 days 00:00:05.725110,2,155,190.0,,,,,,,,,,,,,,,,,,,COMPLETE
855,855,0.8709677419354839,2025-01-02 04:13:41.885379,2025-01-02 04:13:51.249544,0 days 00:00:09.364165,4,140,50.0,,,,,,,,,,,115.0,10.0,,,,,,,COMPLETE
856,856,0.829190904283448,2025-01-02 04:13:51.250364,2025-01-02 04:13:56.286940,0 days 00:00:05.036576,1,145,,,,,,,,,,,,,,,,,,,,COMPLETE
857,857,0.8781068217874141,2025-01-02 04:13:56.287640,2025-01-02 04:14:03.729962,0 days 00:00:07.442322,3,130,110.0,,,,,,,,,,,95.0,,,,,,,,COMPLETE
858,858,0.8870673952641166,2025-01-02 04:14:03.730689,2025-01-02 04:14:11.181411,0 days 00:00:07.450722,3,150,75.0,,,,,,,,,,,125.0,,,,,,,,COMPLETE
859,859,0.8455843469063987,2025-01-02 04:14:11.182140,2025-01-02 04:14:17.310346,0 days 00:00:06.128206,2,100,200.0,,,,,,,,,,,,,,,,,,,COMPLETE
860,860,0.8342780026990553,2025-01-02 04:14:17.311056,2025-01-02 04:14:26.106406,0 days 00:00:08.795350,4,175,90.0,,,,,,,,,,,105.0,70.0,,,,,,,COMPLETE
861,861,0.8781068217874141,2025-01-02 04:14:26.107171,2025-01-02 04:14:33.503365,0 days 00:00:07.396194,3,140,185.0,,,,,,,,,,,100.0,,,,,,,,COMPLETE
862,862,0.8638703036541431,2025-01-02 04:14:33.504127,2025-01-02 04:14:39.605838,0 days 00:00:06.101711,2,115,145.0,,,,,,,,,,,,,,,,,,,COMPLETE
863,863,0.8777777777777778,2025-01-02 04:14:39.606569,2025-01-02 04:14:47.012477,0 days 00:00:07.405908,3,165,100.0,,,,,,,,,,,110.0,,,,,,,,COMPLETE
864,864,0.42000000000000004,2025-01-02 04:14:47.013226,2025-01-02 04:15:00.992082,0 days 00:00:13.978856,8,135,195.0,,,,,,,,,,,135.0,45.0,200.0,120.0,115.0,110.0,,,COMPLETE
865,865,0.8158705701078584,2025-01-02 04:15:00.992924,2025-01-02 04:15:09.825855,0 days 00:00:08.832931,4,130,85.0,,,,,,,,,,,115.0,80.0,,,,,,,COMPLETE
866,866,0.45632183908045976,2025-01-02 04:15:09.826616,2025-01-02 04:15:21.554535,0 days 00:00:11.727919,6,135,155.0,,,,,,,,,,,125.0,25.0,175.0,180.0,,,,,COMPLETE
867,867,0.8681732580037664,2025-01-02 04:15:21.555331,2025-01-02 04:15:27.717552,0 days 00:00:06.162221,2,145,195.0,,,,,,,,,,,,,,,,,,,COMPLETE
868,868,0.8317110655737705,2025-01-02 04:15:27.718275,2025-01-02 04:15:35.216884,0 days 00:00:07.498609,3,35,160.0,,,,,,,,,,,110.0,,,,,,,,COMPLETE
869,869,0.8387096774193549,2025-01-02 04:15:35.217672,2025-01-02 04:15:42.687884,0 days 00:00:07.470212,3,130,170.0,,,,,,,,,,,140.0,,,,,,,,COMPLETE
870,870,0.8524590163934426,2025-01-02 04:15:42.688812,2025-01-02 04:15:47.724059,0 days 00:00:05.035247,1,140,,,,,,,,,,,,,,,,,,,,COMPLETE
871,871,0.8870673952641166,2025-01-02 04:15:47.724852,2025-01-02 04:15:53.380988,0 days 00:00:05.656136,2,150,95.0,,,,,,,,,,,,,,,,,,,COMPLETE
872,872,0.8759562841530055,2025-01-02 04:15:53.381794,2025-01-02 04:16:00.337653,0 days 00:00:06.955859,3,120,200.0,,,,,,,,,,,120.0,,,,,,,,COMPLETE
873,873,0.8692493946731235,2025-01-02 04:16:00.338396,2025-01-02 04:16:09.120942,0 days 00:00:08.782546,4,125,180.0,,,,,,,,,,,100.0,95.0,,,,,,,COMPLETE
874,874,0.8870673952641166,2025-01-02 04:16:09.121680,2025-01-02 04:16:16.580246,0 days 00:00:07.458566,3,130,185.0,,,,,,,,,,,105.0,,,,,,,,COMPLETE
875,875,0.8387096774193549,2025-01-02 04:16:16.580992,2025-01-02 04:16:22.610400,0 days 00:00:06.029408,2,140,40.0,,,,,,,,,,,,,,,,,,,COMPLETE
876,876,0.8214192196910186,2025-01-02 04:16:22.611112,2025-01-02 04:16:31.369854,0 days 00:00:08.758742,4,145,25.0,,,,,,,,,,,130.0,40.0,,,,,,,COMPLETE
877,877,0.7394540942928041,2025-01-02 04:16:31.370604,2025-01-02 04:16:41.452335,0 days 00:00:10.081731,5,135,190.0,,,,,,,,,,,115.0,60.0,125.0,,,,,,COMPLETE
878,878,0.1488413547237077,2025-01-02 04:16:41.453143,2025-01-02 04:17:26.532292,0 days 00:00:45.079149,16,125,95.0,135.0,125.0,20.0,20.0,170.0,125.0,,,,,120.0,100.0,30.0,10.0,90.0,175.0,130.0,135.0,COMPLETE
879,879,0.8617133791644632,2025-01-02 04:17:26.533295,2025-01-02 04:17:32.615806,0 days 00:00:06.082511,2,130,110.0,,,,,,,,,,,,,,,,,,,COMPLETE
880,880,0.9092400218698742,2025-01-02 04:17:32.616527,2025-01-02 04:17:40.059176,0 days 00:00:07.442649,3,120,195.0,,,,,,,,,,,105.0,,,,,,,,COMPLETE
881,881,0.8353510895883778,2025-01-02 04:17:40.059992,2025-01-02 04:17:45.068549,0 days 00:00:05.008557,1,115,,,,,,,,,,,,,,,,,,,,COMPLETE
882,882,0.8663517643789942,2025-01-02 04:17:45.069425,2025-01-02 04:17:51.162323,0 days 00:00:06.092898,2,110,195.0,,,,,,,,,,,,,,,,,,,COMPLETE
883,883,0.8523002421307506,2025-01-02 04:17:51.163072,2025-01-02 04:17:58.641368,0 days 00:00:07.478296,3,135,195.0,,,,,,,,,,,95.0,,,,,,,,COMPLETE
884,884,0.8135593220338984,2025-01-02 04:17:58.642120,2025-01-02 04:18:06.815987,0 days 00:00:08.173867,4,155,200.0,,,,,,,,,,,80.0,85.0,,,,,,,COMPLETE
885,885,0.8851224105461393,2025-01-02 04:18:06.816737,2025-01-02 04:18:14.280558,0 days 00:00:07.463821,3,150,190.0,,,,,,,,,,,100.0,,,,,,,,COMPLETE
886,886,0.8360655737704918,2025-01-02 04:18:14.281334,2025-01-02 04:18:20.411783,0 days 00:00:06.130449,2,140,195.0,,,,,,,,,,,,,,,,,,,COMPLETE
887,887,0.8794871794871795,2025-01-02 04:18:20.412524,2025-01-02 04:18:27.361815,0 days 00:00:06.949291,3,130,200.0,,,,,,,,,,,90.0,,,,,,,,COMPLETE
888,888,0.8617133791644632,2025-01-02 04:18:27.362563,2025-01-02 04:18:34.741858,0 days 00:00:07.379295,3,145,190.0,,,,,,,,,,,105.0,,,,,,,,COMPLETE
889,889,0.8697478991596639,2025-01-02 04:18:34.742616,2025-01-02 04:18:43.178782,0 days 00:00:08.436166,4,55,190.0,,,,,,,,,,,145.0,15.0,,,,,,,COMPLETE
890,890,0.8225344782721832,2025-01-02 04:18:43.179534,2025-01-02 04:18:50.669092,0 days 00:00:07.489558,3,50,195.0,,,,,,,,,,,100.0,,,,,,,,COMPLETE
891,891,0.7249417249417249,2025-01-02 04:18:50.669863,2025-01-02 04:19:00.203528,0 days 00:00:09.533665,5,125,185.0,,,,,,,,,,,105.0,80.0,45.0,,,,,,COMPLETE
892,892,0.39285714285714285,2025-01-02 04:19:00.204298,2025-01-02 04:19:12.610112,0 days 00:00:12.405814,7,135,200.0,,,,,,,,,,,90.0,30.0,80.0,165.0,170.0,,,,COMPLETE
893,893,0.8849462365591398,2025-01-02 04:19:12.610965,2025-01-02 04:19:17.653020,0 days 00:00:05.042055,1,125,,,,,,,,,,,,,,,,,,,,COMPLETE
894,894,0.8777777777777778,2025-01-02 04:19:17.653723,2025-01-02 04:19:23.712470,0 days 00:00:06.058747,2,140,155.0,,,,,,,,,,,,,,,,,,,COMPLETE
895,895,0.8759562841530055,2025-01-02 04:19:23.713222,2025-01-02 04:19:29.827507,0 days 00:00:06.114285,2,130,195.0,,,,,,,,,,,,,,,,,,,COMPLETE
896,896,0.8870673952641166,2025-01-02 04:19:29.828249,2025-01-02 04:19:37.199398,0 days 00:00:07.371149,3,115,185.0,,,,,,,,,,,110.0,,,,,,,,COMPLETE
897,897,0.8709677419354839,2025-01-02 04:19:37.200164,2025-01-02 04:19:45.997701,0 days 00:00:08.797537,4,155,145.0,,,,,,,,,,,175.0,50.0,,,,,,,COMPLETE
898,898,0.8708333333333333,2025-01-02 04:19:45.998711,2025-01-02 04:19:52.080290,0 days 00:00:06.081579,2,135,190.0,,,,,,,,,,,,,,,,,,,COMPLETE
899,899,0.8688172043010753,2025-01-02 04:19:52.081056,2025-01-02 04:19:59.461294,0 days 00:00:07.380238,3,120,200.0,,,,,,,,,,,95.0,,,,,,,,COMPLETE
900,900,0.8264915161466886,2025-01-02 04:19:59.462061,2025-01-02 04:20:05.225995,0 days 00:00:05.763934,2,20,180.0,,,,,,,,,,,,,,,,,,,COMPLETE
901,901,0.8430836522689995,2025-01-02 04:20:05.226734,2025-01-02 04:20:12.705191,0 days 00:00:07.478457,3,120,150.0,,,,,,,,,,,135.0,,,,,,,,COMPLETE
902,902,0.8330091692136705,2025-01-02 04:20:12.705994,2025-01-02 04:20:18.400253,0 days 00:00:05.694259,2,45,195.0,,,,,,,,,,,,,,,,,,,COMPLETE
903,903,0.8708333333333333,2025-01-02 04:20:18.400990,2025-01-02 04:20:26.351654,0 days 00:00:07.950664,3,160,100.0,,,,,,,,,,,100.0,,,,,,,,COMPLETE
904,904,0.20512820512820512,2025-01-02 04:20:26.352416,2025-01-02 04:21:04.040505,0 days 00:00:37.688089,13,165,90.0,105.0,150.0,185.0,,,,,,,,110.0,115.0,140.0,80.0,145.0,90.0,145.0,20.0,COMPLETE
905,905,0.8455843469063987,2025-01-02 04:21:04.041500,2025-01-02 04:21:12.890392,0 days 00:00:08.848892,4,125,85.0,,,,,,,,,,,140.0,5.0,,,,,,,COMPLETE
906,906,0.859212684527064,2025-01-02 04:21:12.891147,2025-01-02 04:21:19.868938,0 days 00:00:06.977791,3,140,195.0,,,,,,,,,,,160.0,,,,,,,,COMPLETE
907,907,0.8849462365591398,2025-01-02 04:21:19.869695,2025-01-02 04:21:25.999244,0 days 00:00:06.129549,2,145,175.0,,,,,,,,,,,,,,,,,,,COMPLETE
908,908,0.8544980443285528,2025-01-02 04:21:25.999991,2025-01-02 04:21:33.457814,0 days 00:00:07.457823,3,135,160.0,,,,,,,,,,,105.0,,,,,,,,COMPLETE
909,909,0.8283410138248848,2025-01-02 04:21:33.458635,2025-01-02 04:21:42.157554,0 days 00:00:08.698919,4,150,165.0,,,,,,,,,,,125.0,20.0,,,,,,,COMPLETE
910,910,0.8392857142857142,2025-01-02 04:21:42.158423,2025-01-02 04:21:47.888420,0 days 00:00:05.729997,2,135,190.0,,,,,,,,,,,,,,,,,,,COMPLETE
911,911,0.861904761904762,2025-01-02 04:21:47.889240,2025-01-02 04:21:54.840590,0 days 00:00:06.951350,3,130,105.0,,,,,,,,,,,130.0,,,,,,,,COMPLETE
912,912,0.8264915161466886,2025-01-02 04:21:54.841357,2025-01-02 04:22:00.922685,0 days 00:00:06.081328,2,125,155.0,,,,,,,,,,,,,,,,,,,COMPLETE
913,913,0.8688524590163934,2025-01-02 04:22:00.923400,2025-01-02 04:22:05.907900,0 days 00:00:04.984500,1,120,,,,,,,,,,,,,,,,,,,,COMPLETE
914,914,0.8681732580037664,2025-01-02 04:22:05.908611,2025-01-02 04:22:13.424856,0 days 00:00:07.516245,3,145,200.0,,,,,,,,,,,145.0,,,,,,,,COMPLETE
915,915,0.8264915161466886,2025-01-02 04:22:13.425617,2025-01-02 04:22:22.158476,0 days 00:00:08.732859,4,115,185.0,,,,,,,,,,,85.0,75.0,,,,,,,COMPLETE
916,916,0.8548009367681498,2025-01-02 04:22:22.159282,2025-01-02 04:22:28.274222,0 days 00:00:06.114940,2,140,115.0,,,,,,,,,,,,,,,,,,,COMPLETE
917,917,0.8360215053763441,2025-01-02 04:22:28.274961,2025-01-02 04:22:35.716526,0 days 00:00:07.441565,3,110,150.0,,,,,,,,,,,110.0,,,,,,,,COMPLETE
918,918,0.8548009367681498,2025-01-02 04:22:35.717299,2025-01-02 04:22:44.508061,0 days 00:00:08.790762,4,130,95.0,,,,,,,,,,,105.0,45.0,,,,,,,COMPLETE
919,919,0.8908988128886377,2025-01-02 04:22:44.508838,2025-01-02 04:22:51.941795,0 days 00:00:07.432957,3,125,195.0,,,,,,,,,,,110.0,,,,,,,,COMPLETE
920,920,0.8392857142857142,2025-01-02 04:22:51.942545,2025-01-02 04:23:00.855030,0 days 00:00:08.912485,4,130,90.0,,,,,,,,,,,150.0,40.0,,,,,,,COMPLETE
921,921,0.8452380952380952,2025-01-02 04:23:00.855800,2025-01-02 04:23:05.895777,0 days 00:00:05.039977,1,150,,,,,,,,,,,,,,,,,,,,COMPLETE
922,922,0.8890515222482436,2025-01-02 04:23:05.896523,2025-01-02 04:23:12.078932,0 days 00:00:06.182409,2,135,145.0,,,,,,,,,,,,,,,,,,,COMPLETE
923,923,0.8868318122555411,2025-01-02 04:23:12.079694,2025-01-02 04:23:18.175529,0 days 00:00:06.095835,2,120,100.0,,,,,,,,,,,,,,,,,,,COMPLETE
924,924,0.825220680958386,2025-01-02 04:23:18.176321,2025-01-02 04:23:25.647394,0 days 00:00:07.471073,3,55,80.0,,,,,,,,,,,130.0,,,,,,,,COMPLETE
925,925,0.8548009367681498,2025-01-02 04:23:25.648174,2025-01-02 04:23:33.107041,0 days 00:00:07.458867,3,140,165.0,,,,,,,,,,,120.0,,,,,,,,COMPLETE
926,926,0.7097783572359844,2025-01-02 04:23:33.107849,2025-01-02 04:23:43.248788,0 days 00:00:10.140939,5,100,190.0,,,,,,,,,,,115.0,55.0,160.0,,,,,,COMPLETE
927,927,0.8523002421307506,2025-01-02 04:23:43.249735,2025-01-02 04:23:49.370078,0 days 00:00:06.120343,2,170,180.0,,,,,,,,,,,,,,,,,,,COMPLETE
928,928,0.8308886971527178,2025-01-02 04:23:49.370916,2025-01-02 04:23:56.795276,0 days 00:00:07.424360,3,145,200.0,,,,,,,,,,,100.0,,,,,,,,COMPLETE
929,929,0.8595628415300547,2025-01-02 04:23:56.796068,2025-01-02 04:24:05.598651,0 days 00:00:08.802583,4,160,90.0,,,,,,,,,,,95.0,90.0,,,,,,,COMPLETE
930,930,0.8548009367681498,2025-01-02 04:24:05.599450,2025-01-02 04:24:11.694898,0 days 00:00:06.095448,2,135,185.0,,,,,,,,,,,,,,,,,,,COMPLETE
931,931,0.8708333333333333,2025-01-02 04:24:11.695646,2025-01-02 04:24:19.436339,0 days 00:00:07.740693,3,5,105.0,,,,,,,,,,,125.0,,,,,,,,COMPLETE
932,932,0.8481045081967213,2025-01-02 04:24:19.437120,2025-01-02 04:24:26.908422,0 days 00:00:07.471302,3,130,160.0,,,,,,,,,,,115.0,,,,,,,,COMPLETE
933,933,0.8596059113300492,2025-01-02 04:24:26.909201,2025-01-02 04:24:34.309248,0 days 00:00:07.400047,3,125,190.0,,,,,,,,,,,120.0,,,,,,,,COMPLETE
934,934,0.7927781392322707,2025-01-02 04:24:34.310003,2025-01-02 04:24:43.114880,0 days 00:00:08.804877,4,115,85.0,,,,,,,,,,,110.0,65.0,,,,,,,COMPLETE
935,935,0.8387096774193549,2025-01-02 04:24:43.115655,2025-01-02 04:24:49.255111,0 days 00:00:06.139456,2,155,95.0,,,,,,,,,,,,,,,,,,,COMPLETE
936,936,0.849624060150376,2025-01-02 04:24:49.255890,2025-01-02 04:24:54.349418,0 days 00:00:05.093528,1,140,,,,,,,,,,,,,,,,,,,,COMPLETE
937,937,0.861228813559322,2025-01-02 04:24:54.350155,2025-01-02 04:25:00.104901,0 days 00:00:05.754746,2,150,200.0,,,,,,,,,,,,,,,,,,,COMPLETE
938,938,0.8777777777777778,2025-01-02 04:25:00.105655,2025-01-02 04:25:07.581599,0 days 00:00:07.475944,3,125,145.0,,,,,,,,,,,135.0,,,,,,,,COMPLETE
939,939,0.8977611940298508,2025-01-02 04:25:07.582354,2025-01-02 04:25:16.366806,0 days 00:00:08.784452,4,120,195.0,,,,,,,,,,,105.0,35.0,,,,,,,COMPLETE
940,940,0.8548009367681498,2025-01-02 04:25:16.367589,2025-01-02 04:25:22.476894,0 days 00:00:06.109305,2,135,175.0,,,,,,,,,,,,,,,,,,,COMPLETE
941,941,0.8801229508196722,2025-01-02 04:25:22.477631,2025-01-02 04:25:29.949952,0 days 00:00:07.472321,3,140,190.0,,,,,,,,,,,125.0,,,,,,,,COMPLETE
942,942,0.6940339354132458,2025-01-02 04:25:29.950731,2025-01-02 04:25:39.784863,0 days 00:00:09.834132,5,130,150.0,,,,,,,,,,,55.0,20.0,10.0,,,,,,COMPLETE
943,943,0.8870673952641166,2025-01-02 04:25:39.785684,2025-01-02 04:25:47.222978,0 days 00:00:07.437294,3,145,155.0,,,,,,,,,,,100.0,,,,,,,,COMPLETE
944,944,0.3692671394799054,2025-01-02 04:25:47.223969,2025-01-02 04:26:09.014044,0 days 00:00:21.790075,11,125,195.0,185.0,,,,,,,,,,115.0,110.0,95.0,130.0,20.0,140.0,65.0,170.0,COMPLETE
945,945,0.8385416666666667,2025-01-02 04:26:09.015039,2025-01-02 04:26:14.064335,0 days 00:00:05.049296,1,135,,,,,,,,,,,,,,,,,,,,COMPLETE
946,946,0.8617133791644632,2025-01-02 04:26:14.065078,2025-01-02 04:26:22.836839,0 days 00:00:08.771761,4,130,170.0,,,,,,,,,,,135.0,85.0,,,,,,,COMPLETE
947,947,0.861904761904762,2025-01-02 04:26:22.837632,2025-01-02 04:26:28.898605,0 days 00:00:06.060973,2,120,90.0,,,,,,,,,,,,,,,,,,,COMPLETE
948,948,0.8708333333333333,2025-01-02 04:26:28.899393,2025-01-02 04:26:36.348426,0 days 00:00:07.449033,3,55,190.0,,,,,,,,,,,140.0,,,,,,,,COMPLETE
949,949,0.8781779661016949,2025-01-02 04:26:36.349212,2025-01-02 04:26:43.833921,0 days 00:00:07.484709,3,110,100.0,,,,,,,,,,,150.0,,,,,,,,COMPLETE
950,950,0.8619777895293496,2025-01-02 04:26:43.834699,2025-01-02 04:26:50.850221,0 days 00:00:07.015522,3,150,80.0,,,,,,,,,,,105.0,,,,,,,,COMPLETE
951,951,0.883300916921367,2025-01-02 04:26:50.850997,2025-01-02 04:26:56.982276,0 days 00:00:06.131279,2,105,200.0,,,,,,,,,,,,,,,,,,,COMPLETE
952,952,0.8654060066740823,2025-01-02 04:26:56.983059,2025-01-02 04:27:05.822285,0 days 00:00:08.839226,4,135,155.0,,,,,,,,,,,95.0,70.0,,,,,,,COMPLETE
953,953,0.8380355276907001,2025-01-02 04:27:05.823063,2025-01-02 04:27:10.845938,0 days 00:00:05.022875,1,95,,,,,,,,,,,,,,,,,,,,COMPLETE
954,954,0.8801229508196722,2025-01-02 04:27:10.846665,2025-01-02 04:27:16.951256,0 days 00:00:06.104591,2,155,95.0,,,,,,,,,,,,,,,,,,,COMPLETE
955,955,0.790909090909091,2025-01-02 04:27:16.952018,2025-01-02 04:27:23.930166,0 days 00:00:06.978148,3,60,15.0,,,,,,,,,,,115.0,,,,,,,,COMPLETE
956,956,0.8759562841530055,2025-01-02 04:27:23.930958,2025-01-02 04:27:31.412177,0 days 00:00:07.481219,3,145,110.0,,,,,,,,,,,110.0,,,,,,,,COMPLETE
957,957,0.8526881720430108,2025-01-02 04:27:31.412981,2025-01-02 04:27:40.770044,0 days 00:00:09.357063,4,115,195.0,,,,,,,,,,,125.0,95.0,,,,,,,COMPLETE
958,958,0.9103174603174603,2025-01-02 04:27:40.770873,2025-01-02 04:27:48.300684,0 days 00:00:07.529811,3,140,145.0,,,,,,,,,,,155.0,,,,,,,,COMPLETE
959,959,0.7586206896551724,2025-01-02 04:27:48.301728,2025-01-02 04:27:57.142133,0 days 00:00:08.840405,4,140,185.0,,,,,,,,,,,160.0,120.0,,,,,,,COMPLETE
960,960,0.847926267281106,2025-01-02 04:27:57.142939,2025-01-02 04:28:05.911304,0 days 00:00:08.768365,4,145,160.0,,,,,,,,,,,160.0,25.0,,,,,,,COMPLETE
961,961,0.8878787878787879,2025-01-02 04:28:05.912102,2025-01-02 04:28:13.366538,0 days 00:00:07.454436,3,140,85.0,,,,,,,,,,,155.0,,,,,,,,COMPLETE
962,962,0.8870673952641166,2025-01-02 04:28:13.367338,2025-01-02 04:28:20.829383,0 days 00:00:07.462045,3,140,185.0,,,,,,,,,,,150.0,,,,,,,,COMPLETE
963,963,0.8781068217874141,2025-01-02 04:28:20.830132,2025-01-02 04:28:27.740875,0 days 00:00:06.910743,3,145,155.0,,,,,,,,,,,155.0,,,,,,,,COMPLETE
964,964,0.8552631578947368,2025-01-02 04:28:27.741705,2025-01-02 04:28:36.506937,0 days 00:00:08.765232,4,135,200.0,,,,,,,,,,,145.0,5.0,,,,,,,COMPLETE
965,965,0.9032258064516129,2025-01-02 04:28:36.507715,2025-01-02 04:28:43.458932,0 days 00:00:06.951217,3,135,180.0,,,,,,,,,,,170.0,,,,,,,,COMPLETE
966,966,0.845603813559322,2025-01-02 04:28:43.459686,2025-01-02 04:28:52.307690,0 days 00:00:08.848004,4,150,90.0,,,,,,,,,,,165.0,185.0,,,,,,,COMPLETE
967,967,0.8572639909553419,2025-01-02 04:28:52.308504,2025-01-02 04:28:59.761340,0 days 00:00:07.452836,3,140,115.0,,,,,,,,,,,155.0,,,,,,,,COMPLETE
968,968,0.8851224105461393,2025-01-02 04:28:59.762140,2025-01-02 04:29:07.269198,0 days 00:00:07.507058,3,145,195.0,,,,,,,,,,,160.0,,,,,,,,COMPLETE
969,969,0.8431693989071039,2025-01-02 04:29:07.269999,2025-01-02 04:29:16.099166,0 days 00:00:08.829167,4,130,190.0,,,,,,,,,,,140.0,75.0,,,,,,,COMPLETE
970,970,0.8870673952641166,2025-01-02 04:29:16.099954,2025-01-02 04:29:23.555684,0 days 00:00:07.455730,3,145,150.0,,,,,,,,,,,165.0,,,,,,,,COMPLETE
971,971,0.8353510895883778,2025-01-02 04:29:23.556430,2025-01-02 04:29:31.021923,0 days 00:00:07.465493,3,135,95.0,,,,,,,,,,,155.0,,,,,,,,COMPLETE
972,972,0.8948717948717949,2025-01-02 04:29:31.022700,2025-01-02 04:29:38.496844,0 days 00:00:07.474144,3,140,140.0,,,,,,,,,,,145.0,,,,,,,,COMPLETE
973,973,0.8709677419354839,2025-01-02 04:29:38.497648,2025-01-02 04:29:46.776264,0 days 00:00:08.278616,4,130,120.0,,,,,,,,,,,110.0,10.0,,,,,,,COMPLETE
974,974,0.8523002421307506,2025-01-02 04:29:46.777076,2025-01-02 04:29:53.780875,0 days 00:00:07.003799,3,125,105.0,,,,,,,,,,,150.0,,,,,,,,COMPLETE
975,975,0.9032258064516129,2025-01-02 04:29:53.781887,2025-01-02 04:30:00.754600,0 days 00:00:06.972713,3,150,100.0,,,,,,,,,,,120.0,,,,,,,,COMPLETE
976,976,0.8430836522689995,2025-01-02 04:30:00.755374,2025-01-02 04:30:09.564818,0 days 00:00:08.809444,4,130,145.0,,,,,,,,,,,130.0,50.0,,,,,,,COMPLETE
977,977,0.446524064171123,2025-01-02 04:30:09.565621,2025-01-02 04:30:52.535165,0 days 00:00:42.969544,15,140,195.0,175.0,70.0,170.0,90.0,95.0,,,,,,195.0,35.0,105.0,100.0,105.0,60.0,95.0,190.0,COMPLETE
978,978,0.8523002421307506,2025-01-02 04:30:52.536181,2025-01-02 04:30:59.966331,0 days 00:00:07.430150,3,125,165.0,,,,,,,,,,,105.0,,,,,,,,COMPLETE
979,979,0.883300916921367,2025-01-02 04:30:59.967117,2025-01-02 04:31:06.116735,0 days 00:00:06.149618,2,135,200.0,,,,,,,,,,,,,,,,,,,COMPLETE
980,980,0.7739583333333333,2025-01-02 04:31:06.117502,2025-01-02 04:31:16.280715,0 days 00:00:10.163213,5,150,185.0,,,,,,,,,,,115.0,60.0,25.0,,,,,,COMPLETE
981,981,0.8317110655737705,2025-01-02 04:31:16.281519,2025-01-02 04:31:25.061764,0 days 00:00:08.780245,4,135,150.0,,,,,,,,,,,130.0,15.0,,,,,,,COMPLETE
982,982,0.8870673952641166,2025-01-02 04:31:25.062546,2025-01-02 04:31:32.547036,0 days 00:00:07.484490,3,155,85.0,,,,,,,,,,,100.0,,,,,,,,COMPLETE
983,983,0.859212684527064,2025-01-02 04:31:32.547813,2025-01-02 04:31:39.958458,0 days 00:00:07.410645,3,120,190.0,,,,,,,,,,,110.0,,,,,,,,COMPLETE
984,984,0.8868318122555411,2025-01-02 04:31:39.959284,2025-01-02 04:31:46.059094,0 days 00:00:06.099810,2,130,95.0,,,,,,,,,,,,,,,,,,,COMPLETE
985,985,0.8356681034482758,2025-01-02 04:31:46.060035,2025-01-02 04:31:52.937229,0 days 00:00:06.877194,3,130,80.0,,,,,,,,,,,120.0,,,,,,,,COMPLETE
986,986,0.81889338731444,2025-01-02 04:31:52.938100,2025-01-02 04:32:01.708772,0 days 00:00:08.770672,4,120,160.0,,,,,,,,,,,105.0,65.0,,,,,,,COMPLETE
987,987,0.8455843469063987,2025-01-02 04:32:01.709573,2025-01-02 04:32:09.176778,0 days 00:00:07.467205,3,145,175.0,,,,,,,,,,,150.0,,,,,,,,COMPLETE
988,988,0.4683333333333334,2025-01-02 04:32:09.177552,2025-01-02 04:32:28.423841,0 days 00:00:19.246289,10,140,195.0,,,,,,,,,,,135.0,30.0,135.0,190.0,70.0,125.0,35.0,70.0,COMPLETE
989,989,0.8870673952641166,2025-01-02 04:32:28.424730,2025-01-02 04:32:35.885990,0 days 00:00:07.461260,3,160,90.0,,,,,,,,,,,120.0,,,,,,,,COMPLETE
990,990,0.8870673952641166,2025-01-02 04:32:35.886762,2025-01-02 04:32:41.555594,0 days 00:00:05.668832,2,125,190.0,,,,,,,,,,,,,,,,,,,COMPLETE
991,991,0.8193548387096774,2025-01-02 04:32:41.556371,2025-01-02 04:32:47.657695,0 days 00:00:06.101324,2,140,150.0,,,,,,,,,,,,,,,,,,,COMPLETE
992,992,0.8430836522689995,2025-01-02 04:32:47.658465,2025-01-02 04:32:56.430385,0 days 00:00:08.771920,4,125,170.0,,,,,,,,,,,140.0,105.0,,,,,,,COMPLETE
993,993,0.8794871794871795,2025-01-02 04:32:56.431212,2025-01-02 04:33:02.992225,0 days 00:00:06.561013,2,145,140.0,,,,,,,,,,,,,,,,,,,COMPLETE
994,994,0.8849462365591398,2025-01-02 04:33:02.992998,2025-01-02 04:33:12.040135,0 days 00:00:09.047137,3,130,195.0,,,,,,,,,,,115.0,,,,,,,,COMPLETE
995,995,0.8360215053763441,2025-01-02 04:33:12.040921,2025-01-02 04:33:20.894977,0 days 00:00:08.854056,4,115,200.0,,,,,,,,,,,110.0,55.0,,,,,,,COMPLETE
996,996,0.8544980443285528,2025-01-02 04:33:20.895798,2025-01-02 04:33:28.281339,0 days 00:00:07.385541,3,165,85.0,,,,,,,,,,,90.0,,,,,,,,COMPLETE
997,997,0.8692493946731235,2025-01-02 04:33:28.282127,2025-01-02 04:33:34.382861,0 days 00:00:06.100734,2,135,100.0,,,,,,,,,,,,,,,,,,,COMPLETE
998,998,0.8709677419354839,2025-01-02 04:33:34.383623,2025-01-02 04:33:41.821115,0 days 00:00:07.437492,3,135,105.0,,,,,,,,,,,100.0,,,,,,,,COMPLETE
999,999,0.9119303635432667,2025-01-02 04:33:41.821903,2025-01-02 04:33:49.321812,0 days 00:00:07.499909,3,155,195.0,,,,,,,,,,,125.0,,,,,,,,COMPLETE
