,number,value,datetime_start,datetime_complete,duration,params_depth,params_neurons_layer_0,params_neurons_layer_1,params_neurons_layer_10,params_neurons_layer_11,params_neurons_layer_12,params_neurons_layer_13,params_neurons_layer_14,params_neurons_layer_15,params_neurons_layer_16,params_neurons_layer_17,params_neurons_layer_18,params_neurons_layer_19,params_neurons_layer_2,params_neurons_layer_3,params_neurons_layer_4,params_neurons_layer_5,params_neurons_layer_6,params_neurons_layer_7,params_neurons_layer_8,params_neurons_layer_9,state
0,0,0.3709150326797386,2025-01-02 04:33:57.226712,2025-01-02 04:34:18.635039,0 days 00:00:21.408327,9,140,25.0,,,,,,,,,,,170.0,100.0,185.0,105.0,165.0,65.0,120.0,,COMPLETE
1,1,0.17735042735042736,2025-01-02 04:34:18.635754,2025-01-02 04:35:07.151544,0 days 00:00:48.515790,17,70,200.0,155.0,120.0,25.0,135.0,50.0,40.0,185.0,,,,15.0,190.0,70.0,105.0,80.0,195.0,190.0,190.0,COMPLETE
2,2,0.5384615384615384,2025-01-02 04:35:07.152386,2025-01-02 04:35:17.561801,0 days 00:00:10.409415,5,90,70.0,,,,,,,,,,,160.0,20.0,170.0,,,,,,COMPLETE
3,3,0.44787644787644787,2025-01-02 04:35:17.562372,2025-01-02 04:35:50.602247,0 days 00:00:33.039875,11,50,40.0,120.0,,,,,,,,,,165.0,165.0,115.0,160.0,30.0,130.0,30.0,60.0,COMPLETE
4,4,0.6319290465631929,2025-01-02 04:35:50.602932,2025-01-02 04:36:02.361028,0 days 00:00:11.758096,6,150,45.0,,,,,,,,,,,195.0,55.0,190.0,65.0,,,,,COMPLETE
5,5,0.49489795918367346,2025-01-02 04:36:02.361761,2025-01-02 04:36:38.941770,0 days 00:00:36.580009,12,160,155.0,130.0,70.0,,,,,,,,,45.0,160.0,60.0,190.0,185.0,40.0,140.0,50.0,COMPLETE
6,6,0.40672268907563025,2025-01-02 04:36:38.942469,2025-01-02 04:37:30.006614,0 days 00:00:51.064145,18,180,180.0,80.0,180.0,195.0,140.0,10.0,15.0,200.0,185.0,,,55.0,75.0,165.0,65.0,35.0,125.0,15.0,160.0,COMPLETE
7,7,0.4255952380952381,2025-01-02 04:37:30.007437,2025-01-02 04:37:47.937862,0 days 00:00:17.930425,10,60,200.0,,,,,,,,,,,180.0,90.0,35.0,175.0,100.0,55.0,130.0,5.0,COMPLETE
8,8,0.6031746031746031,2025-01-02 04:37:47.938524,2025-01-02 04:37:59.755720,0 days 00:00:11.817196,6,195,175.0,,,,,,,,,,,170.0,70.0,125.0,130.0,,,,,COMPLETE
9,9,0.3555555555555555,2025-01-02 04:37:59.756305,2025-01-02 04:38:51.563606,0 days 00:00:51.807301,19,120,55.0,75.0,65.0,85.0,180.0,55.0,165.0,30.0,20.0,55.0,,80.0,155.0,115.0,45.0,115.0,195.0,35.0,40.0,COMPLETE
10,10,0.36363636363636365,2025-01-02 04:38:51.564590,2025-01-02 04:38:56.881614,0 days 00:00:05.317024,1,5,,,,,,,,,,,,,,,,,,,,COMPLETE
11,11,0.5225490196078431,2025-01-02 04:38:56.882113,2025-01-02 04:39:07.259196,0 days 00:00:10.377083,5,200,125.0,,,,,,,,,,,115.0,40.0,135.0,,,,,,COMPLETE
12,12,0.5512684989429175,2025-01-02 04:39:07.259769,2025-01-02 04:39:17.659104,0 days 00:00:10.399335,6,160,95.0,,,,,,,,,,,200.0,55.0,145.0,130.0,,,,,COMPLETE
13,13,0.6426829268292682,2025-01-02 04:39:17.659667,2025-01-02 04:39:23.509797,0 days 00:00:05.850130,2,195,10.0,,,,,,,,,,,,,,,,,,,COMPLETE
14,14,0.7382352941176471,2025-01-02 04:39:23.510280,2025-01-02 04:39:28.685608,0 days 00:00:05.175328,1,130,,,,,,,,,,,,,,,,,,,,COMPLETE
15,15,0.6833333333333333,2025-01-02 04:39:28.686061,2025-01-02 04:39:33.124761,0 days 00:00:04.438700,1,120,,,,,,,,,,,,,,,,,,,,COMPLETE
16,16,0.5151515151515151,2025-01-02 04:39:33.125217,2025-01-02 04:39:40.543756,0 days 00:00:07.418539,3,110,120.0,,,,,,,,,,,110.0,,,,,,,,COMPLETE
17,17,0.3018575851393189,2025-01-02 04:39:40.544218,2025-01-02 04:40:21.079400,0 days 00:00:40.535182,14,130,90.0,5.0,5.0,190.0,15.0,,,,,,,5.0,135.0,10.0,5.0,5.0,105.0,75.0,120.0,COMPLETE
18,18,0.54375,2025-01-02 04:40:21.080313,2025-01-02 04:40:28.502233,0 days 00:00:07.421920,3,90,140.0,,,,,,,,,,,135.0,,,,,,,,COMPLETE
19,19,0.6876503608660787,2025-01-02 04:40:28.502739,2025-01-02 04:40:33.575369,0 days 00:00:05.072630,1,100,,,,,,,,,,,,,,,,,,,,COMPLETE
20,20,0.6525044722719142,2025-01-02 04:40:33.575831,2025-01-02 04:40:54.429543,0 days 00:00:20.853712,9,30,75.0,,,,,,,,,,,80.0,125.0,85.0,5.0,145.0,15.0,190.0,,COMPLETE
21,21,0.6258771929824561,2025-01-02 04:40:54.430147,2025-01-02 04:40:59.869982,0 days 00:00:05.439835,1,100,,,,,,,,,,,,,,,,,,,,COMPLETE
22,22,0.6179966044142615,2025-01-02 04:40:59.870451,2025-01-02 04:41:07.335424,0 days 00:00:07.464973,3,120,5.0,,,,,,,,,,,135.0,,,,,,,,COMPLETE
23,23,0.5972222222222222,2025-01-02 04:41:07.335929,2025-01-02 04:41:12.443739,0 days 00:00:05.107810,1,85,,,,,,,,,,,,,,,,,,,,COMPLETE
24,24,0.6427070197562001,2025-01-02 04:41:12.444207,2025-01-02 04:41:21.295061,0 days 00:00:08.850854,4,130,110.0,,,,,,,,,,,45.0,10.0,,,,,,,COMPLETE
25,25,0.43858800773694395,2025-01-02 04:41:21.295559,2025-01-02 04:41:38.146376,0 days 00:00:16.850817,8,110,150.0,,,,,,,,,,,25.0,200.0,20.0,35.0,200.0,160.0,,,COMPLETE
26,26,0.7040618955512572,2025-01-02 04:41:38.146942,2025-01-02 04:41:44.027019,0 days 00:00:05.880077,1,170,,,,,,,,,,,,,,,,,,,,COMPLETE
27,27,0.48126159554730985,2025-01-02 04:41:44.027516,2025-01-02 04:42:28.241822,0 days 00:00:44.214306,15,175,170.0,195.0,200.0,15.0,25.0,190.0,,,,,,135.0,120.0,45.0,145.0,65.0,5.0,80.0,115.0,COMPLETE
28,28,0.5868421052631578,2025-01-02 04:42:28.242695,2025-01-02 04:42:37.139616,0 days 00:00:08.896921,4,170,75.0,,,,,,,,,,,85.0,35.0,,,,,,,COMPLETE
29,29,0.38555770470664086,2025-01-02 04:42:37.140103,2025-01-02 04:42:51.390056,0 days 00:00:14.249953,8,145,25.0,,,,,,,,,,,70.0,185.0,85.0,195.0,130.0,85.0,,,COMPLETE
30,30,0.5495495495495495,2025-01-02 04:42:51.390632,2025-01-02 04:42:57.548888,0 days 00:00:06.158256,2,135,135.0,,,,,,,,,,,,,,,,,,,COMPLETE
31,31,0.6523584905660378,2025-01-02 04:42:57.549364,2025-01-02 04:43:02.668551,0 days 00:00:05.119187,1,75,,,,,,,,,,,,,,,,,,,,COMPLETE
32,32,0.6715927750410509,2025-01-02 04:43:02.669020,2025-01-02 04:43:08.795673,0 days 00:00:06.126653,2,105,160.0,,,,,,,,,,,,,,,,,,,COMPLETE
33,33,0.5650623885918004,2025-01-02 04:43:08.796143,2025-01-02 04:43:17.555534,0 days 00:00:08.759391,4,150,110.0,,,,,,,,,,,95.0,5.0,,,,,,,COMPLETE
34,34,0.6547518923465097,2025-01-02 04:43:17.556021,2025-01-02 04:43:24.124219,0 days 00:00:06.568198,2,95,25.0,,,,,,,,,,,,,,,,,,,COMPLETE
35,35,0.44879832810867293,2025-01-02 04:43:24.124709,2025-01-02 04:43:34.356008,0 days 00:00:10.231299,5,120,185.0,,,,,,,,,,,150.0,145.0,150.0,,,,,,COMPLETE
36,36,0.6184792219274977,2025-01-02 04:43:34.356528,2025-01-02 04:43:41.253136,0 days 00:00:06.896608,3,75,60.0,,,,,,,,,,,120.0,,,,,,,,COMPLETE
37,37,0.5245969408846631,2025-01-02 04:43:41.253648,2025-01-02 04:43:54.912315,0 days 00:00:13.658667,7,160,90.0,,,,,,,,,,,35.0,115.0,95.0,85.0,60.0,,,,COMPLETE
38,38,0.625,2025-01-02 04:43:54.912889,2025-01-02 04:44:00.203307,0 days 00:00:05.290418,1,185,,,,,,,,,,,,,,,,,,,,COMPLETE
39,39,0.3194444444444444,2025-01-02 04:44:00.203820,2025-01-02 04:44:36.318471,0 days 00:00:36.114651,12,40,30.0,10.0,135.0,,,,,,,,,55.0,175.0,200.0,35.0,160.0,160.0,160.0,150.0,COMPLETE
40,40,0.5495495495495495,2025-01-02 04:44:36.319355,2025-01-02 04:44:45.906858,0 days 00:00:09.587503,5,140,60.0,,,,,,,,,,,100.0,85.0,5.0,,,,,,COMPLETE
41,41,0.6487179487179486,2025-01-02 04:44:45.907378,2025-01-02 04:44:51.569037,0 days 00:00:05.661659,2,105,155.0,,,,,,,,,,,,,,,,,,,COMPLETE
42,42,0.6064102564102564,2025-01-02 04:44:51.569520,2025-01-02 04:44:57.670023,0 days 00:00:06.100503,2,85,160.0,,,,,,,,,,,,,,,,,,,COMPLETE
43,43,0.6537861046057767,2025-01-02 04:44:57.670521,2025-01-02 04:45:02.776806,0 days 00:00:05.106285,1,115,,,,,,,,,,,,,,,,,,,,COMPLETE
44,44,0.6309322033898306,2025-01-02 04:45:02.777262,2025-01-02 04:45:11.523444,0 days 00:00:08.746182,4,60,195.0,,,,,,,,,,,185.0,105.0,,,,,,,COMPLETE
45,45,0.5819529206625981,2025-01-02 04:45:11.523961,2025-01-02 04:45:18.946860,0 days 00:00:07.422899,3,125,165.0,,,,,,,,,,,15.0,,,,,,,,COMPLETE
46,46,0.5701754385964912,2025-01-02 04:45:18.947378,2025-01-02 04:45:25.103122,0 days 00:00:06.155744,2,100,145.0,,,,,,,,,,,,,,,,,,,COMPLETE
47,47,0.6904761904761905,2025-01-02 04:45:25.103615,2025-01-02 04:45:30.228102,0 days 00:00:05.124487,1,145,,,,,,,,,,,,,,,,,,,,COMPLETE
48,48,0.6204545454545455,2025-01-02 04:45:30.228585,2025-01-02 04:45:35.391247,0 days 00:00:05.162662,1,160,,,,,,,,,,,,,,,,,,,,COMPLETE
49,49,0.5653310104529616,2025-01-02 04:45:35.391735,2025-01-02 04:45:46.389387,0 days 00:00:10.997652,6,145,45.0,,,,,,,,,,,150.0,25.0,35.0,80.0,,,,,COMPLETE
50,50,0.5607210626185959,2025-01-02 04:45:46.389965,2025-01-02 04:45:55.291626,0 days 00:00:08.901661,4,155,130.0,,,,,,,,,,,70.0,60.0,,,,,,,COMPLETE
51,51,0.6593495934959349,2025-01-02 04:45:55.292138,2025-01-02 04:46:01.428570,0 days 00:00:06.136432,2,135,195.0,,,,,,,,,,,,,,,,,,,COMPLETE
52,52,0.5047619047619047,2025-01-02 04:46:01.429032,2025-01-02 04:46:08.891715,0 days 00:00:07.462683,3,110,185.0,,,,,,,,,,,150.0,,,,,,,,COMPLETE
53,53,0.5874822190611664,2025-01-02 04:46:08.892200,2025-01-02 04:47:05.306313,0 days 00:00:56.414113,20,170,100.0,50.0,20.0,120.0,60.0,170.0,200.0,5.0,115.0,200.0,95.0,5.0,105.0,65.0,130.0,5.0,165.0,65.0,195.0,COMPLETE
54,54,0.5680680680680681,2025-01-02 04:47:05.307287,2025-01-02 04:47:10.747809,0 days 00:00:05.440522,1,125,,,,,,,,,,,,,,,,,,,,COMPLETE
55,55,0.696969696969697,2025-01-02 04:47:10.748290,2025-01-02 04:47:15.914552,0 days 00:00:05.166262,1,140,,,,,,,,,,,,,,,,,,,,COMPLETE
56,56,0.32887700534759357,2025-01-02 04:47:15.915022,2025-01-02 04:48:05.387137,0 days 00:00:49.472115,17,150,40.0,180.0,155.0,120.0,195.0,110.0,100.0,100.0,,,,180.0,140.0,165.0,170.0,95.0,30.0,95.0,75.0,COMPLETE
57,57,0.6942652329749104,2025-01-02 04:48:05.387929,2025-01-02 04:48:09.913161,0 days 00:00:04.525232,1,140,,,,,,,,,,,,,,,,,,,,COMPLETE
58,58,0.5770609318996416,2025-01-02 04:48:09.913629,2025-01-02 04:48:16.904402,0 days 00:00:06.990773,3,185,80.0,,,,,,,,,,,125.0,,,,,,,,COMPLETE
59,59,0.43738140417457305,2025-01-02 04:48:16.904909,2025-01-02 04:48:28.211260,0 days 00:00:11.306351,5,165,15.0,,,,,,,,,,,165.0,200.0,50.0,,,,,,COMPLETE
60,60,0.5610438024231128,2025-01-02 04:48:28.211970,2025-01-02 04:48:33.327673,0 days 00:00:05.115703,1,135,,,,,,,,,,,,,,,,,,,,COMPLETE
61,61,0.7144702842377262,2025-01-02 04:48:33.328168,2025-01-02 04:48:38.476476,0 days 00:00:05.148308,1,140,,,,,,,,,,,,,,,,,,,,COMPLETE
62,62,0.554925893635571,2025-01-02 04:48:38.476953,2025-01-02 04:48:44.672908,0 days 00:00:06.195955,2,145,110.0,,,,,,,,,,,,,,,,,,,COMPLETE
63,63,0.5733590733590734,2025-01-02 04:48:44.673392,2025-01-02 04:48:50.198152,0 days 00:00:05.524760,1,140,,,,,,,,,,,,,,,,,,,,COMPLETE
64,64,0.5225694444444444,2025-01-02 04:48:50.198670,2025-01-02 04:48:57.162791,0 days 00:00:06.964121,3,155,55.0,,,,,,,,,,,190.0,,,,,,,,COMPLETE
65,65,0.6192622950819673,2025-01-02 04:48:57.163289,2025-01-02 04:49:02.923624,0 days 00:00:05.760335,2,130,125.0,,,,,,,,,,,,,,,,,,,COMPLETE
66,66,0.3764478764478765,2025-01-02 04:49:02.924124,2025-01-02 04:49:44.092061,0 days 00:00:41.167937,14,180,65.0,40.0,80.0,50.0,75.0,,,,,,,25.0,180.0,110.0,25.0,40.0,85.0,160.0,5.0,COMPLETE
67,67,0.6913419913419914,2025-01-02 04:49:44.092779,2025-01-02 04:49:48.888201,0 days 00:00:04.795422,1,125,,,,,,,,,,,,,,,,,,,,COMPLETE
68,68,0.33513513513513515,2025-01-02 04:49:48.888681,2025-01-02 04:50:14.338894,0 days 00:00:25.450213,10,150,120.0,,,,,,,,,,,55.0,40.0,180.0,150.0,125.0,130.0,50.0,90.0,COMPLETE
69,69,0.6899545266639107,2025-01-02 04:50:14.339540,2025-01-02 04:50:21.857745,0 days 00:00:07.518205,3,125,85.0,,,,,,,,,,,105.0,,,,,,,,COMPLETE
70,70,0.6929283341243475,2025-01-02 04:50:21.858255,2025-01-02 04:50:26.983766,0 days 00:00:05.125511,1,115,,,,,,,,,,,,,,,,,,,,COMPLETE
71,71,0.6072874493927125,2025-01-02 04:50:26.984314,2025-01-02 04:50:33.094567,0 days 00:00:06.110253,1,135,,,,,,,,,,,,,,,,,,,,COMPLETE
72,72,0.6434210526315789,2025-01-02 04:50:33.095114,2025-01-02 04:50:38.438071,0 days 00:00:05.342957,2,120,10.0,,,,,,,,,,,,,,,,,,,COMPLETE
73,73,0.5340167753960858,2025-01-02 04:50:38.438590,2025-01-02 04:50:43.876798,0 days 00:00:05.438208,1,115,,,,,,,,,,,,,,,,,,,,COMPLETE
74,74,0.7584541062801933,2025-01-02 04:50:43.877271,2025-01-02 04:50:49.034955,0 days 00:00:05.157684,1,130,,,,,,,,,,,,,,,,,,,,COMPLETE
75,75,0.54375,2025-01-02 04:50:49.035440,2025-01-02 04:50:55.204448,0 days 00:00:06.169008,2,130,35.0,,,,,,,,,,,,,,,,,,,COMPLETE
76,76,0.5495495495495495,2025-01-02 04:50:55.204975,2025-01-02 04:51:04.002533,0 days 00:00:08.797558,4,115,180.0,,,,,,,,,,,90.0,170.0,,,,,,,COMPLETE
77,77,0.5833333333333333,2025-01-02 04:51:04.003023,2025-01-02 04:51:08.116327,0 days 00:00:04.113304,1,140,,,,,,,,,,,,,,,,,,,,COMPLETE
78,78,0.5220338983050847,2025-01-02 04:51:08.116820,2025-01-02 04:51:15.596020,0 days 00:00:07.479200,3,155,170.0,,,,,,,,,,,175.0,,,,,,,,COMPLETE
79,79,0.6827242524916943,2025-01-02 04:51:15.596538,2025-01-02 04:51:21.717392,0 days 00:00:06.120854,2,125,140.0,,,,,,,,,,,,,,,,,,,COMPLETE
80,80,0.6198275862068966,2025-01-02 04:51:21.717898,2025-01-02 04:51:30.592471,0 days 00:00:08.874573,4,15,100.0,,,,,,,,,,,200.0,155.0,,,,,,,COMPLETE
81,81,0.6865357643758765,2025-01-02 04:51:30.593002,2025-01-02 04:51:35.432430,0 days 00:00:04.839428,1,145,,,,,,,,,,,,,,,,,,,,COMPLETE
82,82,0.6737588652482269,2025-01-02 04:51:35.432926,2025-01-02 04:51:40.624349,0 days 00:00:05.191423,1,130,,,,,,,,,,,,,,,,,,,,COMPLETE
83,83,0.5722222222222222,2025-01-02 04:51:40.624853,2025-01-02 04:51:47.252842,0 days 00:00:06.627989,2,140,70.0,,,,,,,,,,,,,,,,,,,COMPLETE
84,84,0.5897435897435896,2025-01-02 04:51:47.253318,2025-01-02 04:51:50.360535,0 days 00:00:03.107217,1,120,,,,,,,,,,,,,,,,,,,,COMPLETE
85,85,0.6006725514922235,2025-01-02 04:51:50.360996,2025-01-02 04:51:57.909854,0 days 00:00:07.548858,3,165,20.0,,,,,,,,,,,65.0,,,,,,,,COMPLETE
86,86,0.5492063492063493,2025-01-02 04:51:57.910353,2025-01-02 04:52:04.049701,0 days 00:00:06.139348,2,135,50.0,,,,,,,,,,,,,,,,,,,COMPLETE
87,87,0.6753246753246753,2025-01-02 04:52:04.050214,2025-01-02 04:52:09.229232,0 days 00:00:05.179018,1,200,,,,,,,,,,,,,,,,,,,,COMPLETE
88,88,0.767156862745098,2025-01-02 04:52:09.229709,2025-01-02 04:52:16.183706,0 days 00:00:06.953997,2,110,5.0,,,,,,,,,,,,,,,,,,,COMPLETE
89,89,0.735655737704918,2025-01-02 04:52:16.184219,2025-01-02 04:52:22.370660,0 days 00:00:06.186441,2,95,35.0,,,,,,,,,,,,,,,,,,,COMPLETE
90,90,0.7182835820895522,2025-01-02 04:52:22.371177,2025-01-02 04:52:28.058959,0 days 00:00:05.687782,2,95,5.0,,,,,,,,,,,,,,,,,,,COMPLETE
91,91,0.7,2025-01-02 04:52:28.059540,2025-01-02 04:52:33.748235,0 days 00:00:05.688695,2,90,5.0,,,,,,,,,,,,,,,,,,,COMPLETE
92,92,0.6940024479804161,2025-01-02 04:52:33.748803,2025-01-02 04:52:40.747282,0 days 00:00:06.998479,2,90,5.0,,,,,,,,,,,,,,,,,,,COMPLETE
93,93,0.5438596491228069,2025-01-02 04:52:40.747801,2025-01-02 04:52:48.192260,0 days 00:00:07.444459,3,80,15.0,,,,,,,,,,,160.0,,,,,,,,COMPLETE
94,94,0.5868421052631578,2025-01-02 04:52:48.192798,2025-01-02 04:52:54.789711,0 days 00:00:06.596913,2,100,30.0,,,,,,,,,,,,,,,,,,,COMPLETE
95,95,0.6124031007751938,2025-01-02 04:52:54.790246,2025-01-02 04:53:02.263693,0 days 00:00:07.473447,3,85,5.0,,,,,,,,,,,40.0,,,,,,,,COMPLETE
96,96,0.6595238095238095,2025-01-02 04:53:02.264218,2025-01-02 04:53:11.034407,0 days 00:00:08.770189,4,95,20.0,,,,,,,,,,,125.0,80.0,,,,,,,COMPLETE
97,97,0.6899545266639107,2025-01-02 04:53:11.034987,2025-01-02 04:53:16.697319,0 days 00:00:05.662332,2,65,35.0,,,,,,,,,,,,,,,,,,,COMPLETE
98,98,0.6742424242424242,2025-01-02 04:53:16.697832,2025-01-02 04:53:23.275875,0 days 00:00:06.578043,2,105,10.0,,,,,,,,,,,,,,,,,,,COMPLETE
99,99,0.5045422781271838,2025-01-02 04:53:23.276396,2025-01-02 04:53:59.809562,0 days 00:00:36.533166,12,90,25.0,155.0,40.0,,,,,,,,,25.0,95.0,80.0,90.0,175.0,105.0,105.0,145.0,COMPLETE
100,100,0.5296752519596865,2025-01-02 04:53:59.810286,2025-01-02 04:54:12.407846,0 days 00:00:12.597560,7,95,45.0,,,,,,,,,,,140.0,20.0,100.0,115.0,200.0,,,,COMPLETE
101,101,0.696969696969697,2025-01-02 04:54:12.408436,2025-01-02 04:54:19.498320,0 days 00:00:07.089884,2,80,5.0,,,,,,,,,,,,,,,,,,,COMPLETE
102,102,0.625,2025-01-02 04:54:19.498855,2025-01-02 04:54:26.062863,0 days 00:00:06.564008,2,75,15.0,,,,,,,,,,,,,,,,,,,COMPLETE
103,103,0.5641025641025641,2025-01-02 04:54:26.063395,2025-01-02 04:54:32.572141,0 days 00:00:06.508746,3,80,5.0,,,,,,,,,,,110.0,,,,,,,,COMPLETE
104,104,0.6305418719211823,2025-01-02 04:54:32.572800,2025-01-02 04:54:37.695566,0 days 00:00:05.122766,1,110,,,,,,,,,,,,,,,,,,,,COMPLETE
105,105,0.5168997668997669,2025-01-02 04:54:37.696127,2025-01-02 04:54:44.724695,0 days 00:00:07.028568,2,105,20.0,,,,,,,,,,,,,,,,,,,COMPLETE
106,106,0.5889830508474576,2025-01-02 04:54:44.725213,2025-01-02 04:54:52.183763,0 days 00:00:07.458550,3,80,35.0,,,,,,,,,,,15.0,,,,,,,,COMPLETE
107,107,0.6715686274509804,2025-01-02 04:54:52.184268,2025-01-02 04:54:56.957963,0 days 00:00:04.773695,1,70,,,,,,,,,,,,,,,,,,,,COMPLETE
108,108,0.6715927750410509,2025-01-02 04:54:56.958454,2025-01-02 04:55:02.401158,0 days 00:00:05.442704,1,95,,,,,,,,,,,,,,,,,,,,COMPLETE
109,109,0.7017543859649122,2025-01-02 04:55:02.401661,2025-01-02 04:55:08.957216,0 days 00:00:06.555555,2,85,10.0,,,,,,,,,,,,,,,,,,,COMPLETE
110,110,0.666530612244898,2025-01-02 04:55:08.957727,2025-01-02 04:55:19.329646,0 days 00:00:10.371919,5,50,10.0,,,,,,,,,,,80.0,190.0,20.0,,,,,,COMPLETE
111,111,0.5331541218637993,2025-01-02 04:55:19.330198,2025-01-02 04:55:25.436684,0 days 00:00:06.106486,2,95,25.0,,,,,,,,,,,,,,,,,,,COMPLETE
112,112,0.5927743086529884,2025-01-02 04:55:25.437187,2025-01-02 04:55:30.536221,0 days 00:00:05.099034,1,85,,,,,,,,,,,,,,,,,,,,COMPLETE
113,113,0.6482334869431643,2025-01-02 04:55:30.536754,2025-01-02 04:55:36.207265,0 days 00:00:05.670511,2,90,15.0,,,,,,,,,,,,,,,,,,,COMPLETE
114,114,0.5659722222222222,2025-01-02 04:55:36.207788,2025-01-02 04:55:43.244988,0 days 00:00:07.037200,3,190,30.0,,,,,,,,,,,60.0,,,,,,,,COMPLETE
115,115,0.674908424908425,2025-01-02 04:55:43.245543,2025-01-02 04:55:48.689322,0 days 00:00:05.443779,1,100,,,,,,,,,,,,,,,,,,,,COMPLETE
116,116,0.5495495495495495,2025-01-02 04:55:48.689833,2025-01-02 04:55:56.184503,0 days 00:00:07.494670,3,70,5.0,,,,,,,,,,,45.0,,,,,,,,COMPLETE
117,117,0.6670433145009416,2025-01-02 04:55:56.185022,2025-01-02 04:56:01.310156,0 days 00:00:05.125134,1,110,,,,,,,,,,,,,,,,,,,,COMPLETE
118,118,0.6851713859910581,2025-01-02 04:56:01.310672,2025-01-02 04:56:07.468343,0 days 00:00:06.157671,2,90,40.0,,,,,,,,,,,,,,,,,,,COMPLETE
119,119,0.5755517826825127,2025-01-02 04:56:07.468859,2025-01-02 04:56:16.331166,0 days 00:00:08.862307,4,80,20.0,,,,,,,,,,,35.0,60.0,,,,,,,COMPLETE
120,120,0.6580675422138836,2025-01-02 04:56:16.331717,2025-01-02 04:56:21.758590,0 days 00:00:05.426873,1,105,,,,,,,,,,,,,,,,,,,,COMPLETE
121,121,0.4877551020408163,2025-01-02 04:56:21.759096,2025-01-02 04:56:28.695754,0 days 00:00:06.936658,2,85,5.0,,,,,,,,,,,,,,,,,,,COMPLETE
122,122,0.5559322033898305,2025-01-02 04:56:28.696280,2025-01-02 04:56:35.231824,0 days 00:00:06.535544,2,90,10.0,,,,,,,,,,,,,,,,,,,COMPLETE
123,123,0.6123424598000868,2025-01-02 04:56:35.232472,2025-01-02 04:56:42.282198,0 days 00:00:07.049726,3,150,15.0,,,,,,,,,,,160.0,,,,,,,,COMPLETE
124,124,0.7005813953488372,2025-01-02 04:56:42.282744,2025-01-02 04:56:47.396659,0 days 00:00:05.113915,1,75,,,,,,,,,,,,,,,,,,,,COMPLETE
125,125,0.6913027248973498,2025-01-02 04:56:47.397160,2025-01-02 04:56:51.805719,0 days 00:00:04.408559,1,60,,,,,,,,,,,,,,,,,,,,COMPLETE
126,126,0.6532027743778049,2025-01-02 04:56:51.806220,2025-01-02 04:56:56.919307,0 days 00:00:05.113087,1,75,,,,,,,,,,,,,,,,,,,,COMPLETE
127,127,0.681159420289855,2025-01-02 04:56:56.919813,2025-01-02 04:57:03.117266,0 days 00:00:06.197453,2,140,30.0,,,,,,,,,,,,,,,,,,,COMPLETE
128,128,0.6926536731634183,2025-01-02 04:57:03.117795,2025-01-02 04:57:07.872747,0 days 00:00:04.754952,1,65,,,,,,,,,,,,,,,,,,,,COMPLETE
129,129,0.5755517826825127,2025-01-02 04:57:07.873260,2025-01-02 04:57:13.990545,0 days 00:00:06.117285,2,100,50.0,,,,,,,,,,,,,,,,,,,COMPLETE
130,130,0.1951219512195122,2025-01-02 04:57:13.991066,2025-01-02 04:57:58.301725,0 days 00:00:44.310659,15,135,20.0,100.0,105.0,165.0,110.0,130.0,,,,,,190.0,50.0,150.0,55.0,140.0,175.0,165.0,25.0,COMPLETE
131,131,0.6179966044142615,2025-01-02 04:57:58.302421,2025-01-02 04:58:03.829445,0 days 00:00:05.527024,2,85,5.0,,,,,,,,,,,,,,,,,,,COMPLETE
132,132,0.631578947368421,2025-01-02 04:58:03.829995,2025-01-02 04:58:10.442030,0 days 00:00:06.612035,2,70,10.0,,,,,,,,,,,,,,,,,,,COMPLETE
133,133,0.6954022988505747,2025-01-02 04:58:10.442566,2025-01-02 04:58:15.534546,0 days 00:00:05.091980,1,90,,,,,,,,,,,,,,,,,,,,COMPLETE
134,134,0.55,2025-01-02 04:58:15.535084,2025-01-02 04:58:20.306569,0 days 00:00:04.771485,1,75,,,,,,,,,,,,,,,,,,,,COMPLETE
135,135,0.6541774332472007,2025-01-02 04:58:20.307100,2025-01-02 04:58:25.071654,0 days 00:00:04.764554,1,80,,,,,,,,,,,,,,,,,,,,COMPLETE
136,136,0.5953326713008937,2025-01-02 04:58:25.072160,2025-01-02 04:58:30.495250,0 days 00:00:05.423090,1,95,,,,,,,,,,,,,,,,,,,,COMPLETE
137,137,0.6820191599115697,2025-01-02 04:58:30.495772,2025-01-02 04:58:35.686450,0 days 00:00:05.190678,1,175,,,,,,,,,,,,,,,,,,,,COMPLETE
138,138,0.6728813559322033,2025-01-02 04:58:35.686987,2025-01-02 04:58:43.172860,0 days 00:00:07.485873,3,115,25.0,,,,,,,,,,,75.0,,,,,,,,COMPLETE
139,139,0.5606837606837607,2025-01-02 04:58:43.173552,2025-01-02 04:58:50.663869,0 days 00:00:07.490317,2,130,35.0,,,,,,,,,,,,,,,,,,,COMPLETE
140,140,0.6885521885521886,2025-01-02 04:58:50.664410,2025-01-02 04:58:55.853684,0 days 00:00:05.189274,1,145,,,,,,,,,,,,,,,,,,,,COMPLETE
141,141,0.5412903225806451,2025-01-02 04:58:55.854200,2025-01-02 04:59:02.416449,0 days 00:00:06.562249,2,85,15.0,,,,,,,,,,,,,,,,,,,COMPLETE
142,142,0.5721484196060467,2025-01-02 04:59:02.417008,2025-01-02 04:59:08.965854,0 days 00:00:06.548846,2,90,5.0,,,,,,,,,,,,,,,,,,,COMPLETE
143,143,0.15384615384615385,2025-01-02 04:59:08.966375,2025-01-02 04:59:32.004664,0 days 00:00:23.038289,18,90,10.0,150.0,160.0,85.0,60.0,140.0,105.0,120.0,5.0,,,90.0,70.0,200.0,20.0,55.0,65.0,5.0,175.0,COMPLETE
144,144,0.6064102564102564,2025-01-02 04:59:32.005487,2025-01-02 04:59:37.127637,0 days 00:00:05.122150,1,95,,,,,,,,,,,,,,,,,,,,COMPLETE
145,145,0.5703703703703704,2025-01-02 04:59:37.128156,2025-01-02 04:59:43.649259,0 days 00:00:06.521103,2,80,20.0,,,,,,,,,,,,,,,,,,,COMPLETE
146,146,0.28289473684210525,2025-01-02 04:59:43.649777,2025-01-02 05:00:18.808229,0 days 00:00:35.158452,11,155,25.0,40.0,,,,,,,,,,140.0,130.0,180.0,200.0,85.0,145.0,105.0,130.0,COMPLETE
147,147,0.6532027743778049,2025-01-02 05:00:18.808948,2025-01-02 05:00:24.219641,0 days 00:00:05.410693,1,100,,,,,,,,,,,,,,,,,,,,COMPLETE
148,148,0.6486151302190988,2025-01-02 05:00:24.220147,2025-01-02 05:00:31.711171,0 days 00:00:07.491024,3,95,40.0,,,,,,,,,,,115.0,,,,,,,,COMPLETE
149,149,0.7255558939993908,2025-01-02 05:00:31.711741,2025-01-02 05:00:37.860950,0 days 00:00:06.149209,2,130,15.0,,,,,,,,,,,,,,,,,,,COMPLETE
150,150,0.26838235294117646,2025-01-02 05:00:37.861470,2025-01-02 05:00:59.852686,0 days 00:00:21.991216,9,125,10.0,,,,,,,,,,,125.0,150.0,125.0,115.0,150.0,85.0,200.0,,COMPLETE
151,151,0.6839137645107795,2025-01-02 05:00:59.853526,2025-01-02 05:01:06.012737,0 days 00:00:06.159211,2,130,5.0,,,,,,,,,,,,,,,,,,,COMPLETE
152,152,0.37992495309568486,2025-01-02 05:01:06.013264,2025-01-02 05:01:12.195862,0 days 00:00:06.182598,2,135,15.0,,,,,,,,,,,,,,,,,,,COMPLETE
153,153,0.6832298136645962,2025-01-02 05:01:12.196381,2025-01-02 05:01:16.994644,0 days 00:00:04.798263,1,120,,,,,,,,,,,,,,,,,,,,COMPLETE
154,154,0.6698436904308045,2025-01-02 05:01:16.995153,2025-01-02 05:01:20.511450,0 days 00:00:03.516297,2,140,30.0,,,,,,,,,,,,,,,,,,,COMPLETE
155,155,0.6192622950819673,2025-01-02 05:01:20.512001,2025-01-02 05:01:25.615948,0 days 00:00:05.103947,1,90,,,,,,,,,,,,,,,,,,,,COMPLETE
156,156,0.6845238095238095,2025-01-02 05:01:25.616471,2025-01-02 05:01:33.112183,0 days 00:00:07.495712,3,105,15.0,,,,,,,,,,,100.0,,,,,,,,COMPLETE
157,157,0.709895052473763,2025-01-02 05:01:33.112731,2025-01-02 05:01:38.268232,0 days 00:00:05.155501,1,145,,,,,,,,,,,,,,,,,,,,COMPLETE
158,158,0.66545601291364,2025-01-02 05:01:38.268740,2025-01-02 05:01:43.442548,0 days 00:00:05.173808,1,140,,,,,,,,,,,,,,,,,,,,COMPLETE
159,159,0.6289592760180995,2025-01-02 05:01:43.443058,2025-01-02 05:01:48.599361,0 days 00:00:05.156303,1,150,,,,,,,,,,,,,,,,,,,,COMPLETE
160,160,0.7004118050789293,2025-01-02 05:01:48.599896,2025-01-02 05:01:53.468798,0 days 00:00:04.868902,1,145,,,,,,,,,,,,,,,,,,,,COMPLETE
161,161,0.6184792219274977,2025-01-02 05:01:53.469317,2025-01-02 05:01:58.613491,0 days 00:00:05.144174,1,135,,,,,,,,,,,,,,,,,,,,COMPLETE
162,162,0.6673881673881674,2025-01-02 05:01:58.614005,2025-01-02 05:02:03.481726,0 days 00:00:04.867721,1,145,,,,,,,,,,,,,,,,,,,,COMPLETE
163,163,0.656084656084656,2025-01-02 05:02:03.482240,2025-01-02 05:02:07.013905,0 days 00:00:03.531665,2,140,30.0,,,,,,,,,,,,,,,,,,,COMPLETE
164,164,0.696969696969697,2025-01-02 05:02:07.014471,2025-01-02 05:02:12.235144,0 days 00:00:05.220673,1,165,,,,,,,,,,,,,,,,,,,,COMPLETE
165,165,0.5604785112981834,2025-01-02 05:02:12.235740,2025-01-02 05:02:17.052697,0 days 00:00:04.816957,1,165,,,,,,,,,,,,,,,,,,,,COMPLETE
166,166,0.6309322033898306,2025-01-02 05:02:17.053235,2025-01-02 05:02:23.693953,0 days 00:00:06.640718,2,170,55.0,,,,,,,,,,,,,,,,,,,COMPLETE
167,167,0.7187096774193549,2025-01-02 05:02:23.694515,2025-01-02 05:02:29.230271,0 days 00:00:05.535756,1,155,,,,,,,,,,,,,,,,,,,,COMPLETE
168,168,0.6676829268292683,2025-01-02 05:02:29.230810,2025-01-02 05:02:35.398159,0 days 00:00:06.167349,2,155,45.0,,,,,,,,,,,,,,,,,,,COMPLETE
169,169,0.6064102564102564,2025-01-02 05:02:35.398691,2025-01-02 05:02:40.541689,0 days 00:00:05.142998,1,160,,,,,,,,,,,,,,,,,,,,COMPLETE
170,170,0.5897435897435896,2025-01-02 05:02:40.542365,2025-01-02 05:02:47.606576,0 days 00:00:07.064211,2,160,25.0,,,,,,,,,,,,,,,,,,,COMPLETE
171,171,0.6775956284153005,2025-01-02 05:02:47.607138,2025-01-02 05:02:52.801206,0 days 00:00:05.194068,1,175,,,,,,,,,,,,,,,,,,,,COMPLETE
172,172,0.5721484196060467,2025-01-02 05:02:52.801751,2025-01-02 05:02:57.625064,0 days 00:00:04.823313,1,150,,,,,,,,,,,,,,,,,,,,COMPLETE
173,173,0.6619883040935672,2025-01-02 05:02:57.625594,2025-01-02 05:03:03.141093,0 days 00:00:05.515499,1,145,,,,,,,,,,,,,,,,,,,,COMPLETE
174,174,0.6680143755615453,2025-01-02 05:03:03.141601,2025-01-02 05:03:09.468506,0 days 00:00:06.326905,2,165,20.0,,,,,,,,,,,,,,,,,,,COMPLETE
175,175,0.7106918238993711,2025-01-02 05:03:09.469045,2025-01-02 05:03:14.316255,0 days 00:00:04.847210,1,155,,,,,,,,,,,,,,,,,,,,COMPLETE
176,176,0.5755517826825127,2025-01-02 05:03:14.316772,2025-01-02 05:03:20.561637,0 days 00:00:06.244865,2,165,35.0,,,,,,,,,,,,,,,,,,,COMPLETE
177,177,0.6386630532971996,2025-01-02 05:03:20.562189,2025-01-02 05:03:25.711092,0 days 00:00:05.148903,1,155,,,,,,,,,,,,,,,,,,,,COMPLETE
178,178,0.721718565234529,2025-01-02 05:03:25.711631,2025-01-02 05:03:33.170375,0 days 00:00:07.458744,3,150,10.0,,,,,,,,,,,10.0,,,,,,,,COMPLETE
179,179,0.6486151302190988,2025-01-02 05:03:33.170965,2025-01-02 05:03:40.773937,0 days 00:00:07.602972,3,150,10.0,,,,,,,,,,,15.0,,,,,,,,COMPLETE
180,180,0.4767080745341615,2025-01-02 05:03:40.774497,2025-01-02 05:03:46.728154,0 days 00:00:05.953657,3,145,20.0,,,,,,,,,,,5.0,,,,,,,,COMPLETE
181,181,0.5124434389140271,2025-01-02 05:03:46.728714,2025-01-02 05:03:53.346894,0 days 00:00:06.618180,2,155,10.0,,,,,,,,,,,,,,,,,,,COMPLETE
182,182,0.6336772983114447,2025-01-02 05:03:53.347460,2025-01-02 05:03:58.534726,0 days 00:00:05.187266,1,150,,,,,,,,,,,,,,,,,,,,COMPLETE
183,183,0.5384615384615385,2025-01-02 05:03:58.535252,2025-01-02 05:04:04.767080,0 days 00:00:06.231828,2,170,5.0,,,,,,,,,,,,,,,,,,,COMPLETE
184,184,0.7373737373737375,2025-01-02 05:04:04.767629,2025-01-02 05:04:09.956673,0 days 00:00:05.189044,1,145,,,,,,,,,,,,,,,,,,,,COMPLETE
185,185,0.5517786561264821,2025-01-02 05:04:09.957207,2025-01-02 05:04:28.180586,0 days 00:00:18.223379,8,145,25.0,,,,,,,,,,,50.0,165.0,75.0,180.0,20.0,25.0,,,COMPLETE
186,186,0.6940024479804161,2025-01-02 05:04:28.181251,2025-01-02 05:04:33.496109,0 days 00:00:05.314858,2,130,15.0,,,,,,,,,,,,,,,,,,,COMPLETE
187,187,0.6652319464371115,2025-01-02 05:04:33.496655,2025-01-02 05:04:38.979345,0 days 00:00:05.482690,1,135,,,,,,,,,,,,,,,,,,,,COMPLETE
188,188,0.6482334869431643,2025-01-02 05:04:38.979881,2025-01-02 05:04:45.590974,0 days 00:00:06.611093,2,145,10.0,,,,,,,,,,,,,,,,,,,COMPLETE
189,189,0.5765765765765766,2025-01-02 05:04:45.591617,2025-01-02 05:04:50.401598,0 days 00:00:04.809981,1,135,,,,,,,,,,,,,,,,,,,,COMPLETE
190,190,0.6321428571428571,2025-01-02 05:04:50.402189,2025-01-02 05:04:55.259677,0 days 00:00:04.857488,1,155,,,,,,,,,,,,,,,,,,,,COMPLETE
191,191,0.6835664335664335,2025-01-02 05:04:55.260197,2025-01-02 05:04:58.442756,0 days 00:00:03.182559,1,160,,,,,,,,,,,,,,,,,,,,COMPLETE
192,192,0.6981304149566804,2025-01-02 05:04:58.443299,2025-01-02 05:05:03.983979,0 days 00:00:05.540680,1,150,,,,,,,,,,,,,,,,,,,,COMPLETE
193,193,0.5884615384615385,2025-01-02 05:05:03.984520,2025-01-02 05:05:10.213428,0 days 00:00:06.228908,2,150,40.0,,,,,,,,,,,,,,,,,,,COMPLETE
194,194,0.5950950950950951,2025-01-02 05:05:10.213984,2025-01-02 05:05:15.365887,0 days 00:00:05.151903,1,140,,,,,,,,,,,,,,,,,,,,COMPLETE
195,195,0.6008316008316008,2025-01-02 05:05:15.366412,2025-01-02 05:05:21.583530,0 days 00:00:06.217118,2,150,20.0,,,,,,,,,,,,,,,,,,,COMPLETE
196,196,0.7162471395881007,2025-01-02 05:05:21.584053,2025-01-02 05:05:27.092284,0 days 00:00:05.508231,1,145,,,,,,,,,,,,,,,,,,,,COMPLETE
197,197,0.5822966507177033,2025-01-02 05:05:27.092809,2025-01-02 05:05:32.242803,0 days 00:00:05.149994,1,140,,,,,,,,,,,,,,,,,,,,COMPLETE
198,198,0.760577915376677,2025-01-02 05:05:32.243314,2025-01-02 05:05:36.416212,0 days 00:00:04.172898,1,125,,,,,,,,,,,,,,,,,,,,COMPLETE
199,199,0.6386363636363637,2025-01-02 05:05:36.416765,2025-01-02 05:05:41.550032,0 days 00:00:05.133267,1,125,,,,,,,,,,,,,,,,,,,,COMPLETE
200,200,0.7093301435406698,2025-01-02 05:05:41.550560,2025-01-02 05:05:46.713663,0 days 00:00:05.163103,1,130,,,,,,,,,,,,,,,,,,,,COMPLETE
201,201,0.6386363636363637,2025-01-02 05:05:46.714176,2025-01-02 05:05:51.524881,0 days 00:00:04.810705,1,130,,,,,,,,,,,,,,,,,,,,COMPLETE
202,202,0.6319290465631929,2025-01-02 05:05:51.525405,2025-01-02 05:05:57.018711,0 days 00:00:05.493306,1,130,,,,,,,,,,,,,,,,,,,,COMPLETE
203,203,0.6283582089552239,2025-01-02 05:05:57.019249,2025-01-02 05:06:01.804375,0 days 00:00:04.785126,1,120,,,,,,,,,,,,,,,,,,,,COMPLETE
204,204,0.7006802721088435,2025-01-02 05:06:01.804931,2025-01-02 05:06:06.638138,0 days 00:00:04.833207,1,145,,,,,,,,,,,,,,,,,,,,COMPLETE
205,205,0.6006725514922235,2025-01-02 05:06:06.638687,2025-01-02 05:06:12.873223,0 days 00:00:06.234536,2,145,50.0,,,,,,,,,,,,,,,,,,,COMPLETE
206,206,0.6818181818181819,2025-01-02 05:06:12.873769,2025-01-02 05:06:18.377381,0 days 00:00:05.503612,1,135,,,,,,,,,,,,,,,,,,,,COMPLETE
207,207,0.5211038961038961,2025-01-02 05:06:18.377940,2025-01-02 05:06:24.552962,0 days 00:00:06.175022,2,125,30.0,,,,,,,,,,,,,,,,,,,COMPLETE
208,208,0.6796840719613866,2025-01-02 05:06:24.553522,2025-01-02 05:06:30.046659,0 days 00:00:05.493137,1,140,,,,,,,,,,,,,,,,,,,,COMPLETE
209,209,0.5721484196060467,2025-01-02 05:06:30.047202,2025-01-02 05:06:36.245935,0 days 00:00:06.198733,2,125,65.0,,,,,,,,,,,,,,,,,,,COMPLETE
210,210,0.6456876456876457,2025-01-02 05:06:36.246497,2025-01-02 05:06:41.385010,0 days 00:00:05.138513,1,140,,,,,,,,,,,,,,,,,,,,COMPLETE
211,211,0.6715927750410509,2025-01-02 05:06:41.385541,2025-01-02 05:06:46.561591,0 days 00:00:05.176050,1,150,,,,,,,,,,,,,,,,,,,,COMPLETE
212,212,0.626783248964565,2025-01-02 05:06:46.562224,2025-01-02 05:06:51.753015,0 days 00:00:05.190791,1,155,,,,,,,,,,,,,,,,,,,,COMPLETE
213,213,0.6753246753246753,2025-01-02 05:06:51.753633,2025-01-02 05:06:56.590112,0 days 00:00:04.836479,1,145,,,,,,,,,,,,,,,,,,,,COMPLETE
214,214,0.42592592592592593,2025-01-02 05:06:56.590651,2025-01-02 05:07:35.509611,0 days 00:00:38.918960,13,150,85.0,200.0,40.0,150.0,,,,,,,,65.0,110.0,50.0,95.0,75.0,180.0,45.0,90.0,COMPLETE
215,215,0.6192622950819673,2025-01-02 05:07:35.510373,2025-01-02 05:07:40.989022,0 days 00:00:05.478649,1,135,,,,,,,,,,,,,,,,,,,,COMPLETE
216,216,0.5444444444444444,2025-01-02 05:07:40.989571,2025-01-02 05:07:47.639992,0 days 00:00:06.650421,2,145,40.0,,,,,,,,,,,,,,,,,,,COMPLETE
217,217,0.6630532971996386,2025-01-02 05:07:47.640552,2025-01-02 05:07:54.724144,0 days 00:00:07.083592,2,155,15.0,,,,,,,,,,,,,,,,,,,COMPLETE
218,218,0.6666666666666666,2025-01-02 05:07:54.724711,2025-01-02 05:07:59.531259,0 days 00:00:04.806548,1,125,,,,,,,,,,,,,,,,,,,,COMPLETE
219,219,0.7315051020408163,2025-01-02 05:07:59.531806,2025-01-02 05:08:04.363926,0 days 00:00:04.832120,1,130,,,,,,,,,,,,,,,,,,,,COMPLETE
220,220,0.6954022988505747,2025-01-02 05:08:04.364465,2025-01-02 05:08:09.691921,0 days 00:00:05.327456,2,130,35.0,,,,,,,,,,,,,,,,,,,COMPLETE
221,221,0.66545601291364,2025-01-02 05:08:09.692473,2025-01-02 05:08:14.831330,0 days 00:00:05.138857,1,140,,,,,,,,,,,,,,,,,,,,COMPLETE
222,222,0.5842911877394636,2025-01-02 05:08:14.831875,2025-01-02 05:08:19.965219,0 days 00:00:05.133344,1,130,,,,,,,,,,,,,,,,,,,,COMPLETE
223,223,0.6604010025062657,2025-01-02 05:08:19.965762,2025-01-02 05:08:24.745464,0 days 00:00:04.779702,1,115,,,,,,,,,,,,,,,,,,,,COMPLETE
224,224,0.7373737373737375,2025-01-02 05:08:24.746038,2025-01-02 05:08:29.257438,0 days 00:00:04.511400,1,135,,,,,,,,,,,,,,,,,,,,COMPLETE
225,225,0.5782851817334576,2025-01-02 05:08:29.257987,2025-01-02 05:08:35.425116,0 days 00:00:06.167129,2,135,115.0,,,,,,,,,,,,,,,,,,,COMPLETE
226,226,0.6978260869565217,2025-01-02 05:08:35.425691,2025-01-02 05:08:40.280047,0 days 00:00:04.854356,1,135,,,,,,,,,,,,,,,,,,,,COMPLETE
227,227,0.6940024479804161,2025-01-02 05:08:40.280608,2025-01-02 05:08:46.473910,0 days 00:00:06.193302,2,125,25.0,,,,,,,,,,,,,,,,,,,COMPLETE
228,228,0.6267806267806267,2025-01-02 05:08:46.474479,2025-01-02 05:08:51.284409,0 days 00:00:04.809930,1,135,,,,,,,,,,,,,,,,,,,,COMPLETE
229,229,0.7259259259259259,2025-01-02 05:08:51.285088,2025-01-02 05:08:56.440740,0 days 00:00:05.155652,1,130,,,,,,,,,,,,,,,,,,,,COMPLETE
230,230,0.6940024479804161,2025-01-02 05:08:56.441292,2025-01-02 05:09:02.255661,0 days 00:00:05.814369,1,130,,,,,,,,,,,,,,,,,,,,COMPLETE
231,231,0.7448979591836735,2025-01-02 05:09:02.256190,2025-01-02 05:09:07.053057,0 days 00:00:04.796867,1,120,,,,,,,,,,,,,,,,,,,,COMPLETE
232,232,0.6895238095238095,2025-01-02 05:09:07.053610,2025-01-02 05:09:12.479992,0 days 00:00:05.426382,1,120,,,,,,,,,,,,,,,,,,,,COMPLETE
233,233,0.6731601731601732,2025-01-02 05:09:12.480526,2025-01-02 05:09:17.606107,0 days 00:00:05.125581,1,125,,,,,,,,,,,,,,,,,,,,COMPLETE
234,234,0.6715927750410509,2025-01-02 05:09:17.606661,2025-01-02 05:09:22.714217,0 days 00:00:05.107556,1,120,,,,,,,,,,,,,,,,,,,,COMPLETE
235,235,0.6072757337742869,2025-01-02 05:09:22.714755,2025-01-02 05:09:28.544617,0 days 00:00:05.829862,1,130,,,,,,,,,,,,,,,,,,,,COMPLETE
236,236,0.6981304149566804,2025-01-02 05:09:28.545157,2025-01-02 05:09:33.393364,0 days 00:00:04.848207,1,130,,,,,,,,,,,,,,,,,,,,COMPLETE
237,237,0.6770833333333333,2025-01-02 05:09:33.393902,2025-01-02 05:09:38.511627,0 days 00:00:05.117725,1,115,,,,,,,,,,,,,,,,,,,,COMPLETE
238,238,0.7181964573268921,2025-01-02 05:09:38.512160,2025-01-02 05:09:44.646423,0 days 00:00:06.134263,2,120,60.0,,,,,,,,,,,,,,,,,,,COMPLETE
239,239,0.5492063492063493,2025-01-02 05:09:44.646980,2025-01-02 05:09:50.348475,0 days 00:00:05.701495,2,110,60.0,,,,,,,,,,,,,,,,,,,COMPLETE
240,240,0.5701754385964912,2025-01-02 05:09:50.349025,2025-01-02 05:09:56.501392,0 days 00:00:06.152367,2,120,70.0,,,,,,,,,,,,,,,,,,,COMPLETE
241,241,0.6984126984126984,2025-01-02 05:09:56.501961,2025-01-02 05:10:01.641910,0 days 00:00:05.139949,1,120,,,,,,,,,,,,,,,,,,,,COMPLETE
242,242,0.7045454545454546,2025-01-02 05:10:01.642446,2025-01-02 05:10:06.478636,0 days 00:00:04.836190,1,130,,,,,,,,,,,,,,,,,,,,COMPLETE
243,243,0.5273607748184019,2025-01-02 05:10:06.479174,2025-01-02 05:10:13.148661,0 days 00:00:06.669487,2,130,45.0,,,,,,,,,,,,,,,,,,,COMPLETE
244,244,0.5951199338296111,2025-01-02 05:10:13.149187,2025-01-02 05:10:17.963235,0 days 00:00:04.814048,1,125,,,,,,,,,,,,,,,,,,,,COMPLETE
245,245,0.66545601291364,2025-01-02 05:10:17.963788,2025-01-02 05:10:22.761617,0 days 00:00:04.797829,1,130,,,,,,,,,,,,,,,,,,,,COMPLETE
246,246,0.554925893635571,2025-01-02 05:10:22.762158,2025-01-02 05:10:28.941899,0 days 00:00:06.179741,2,135,95.0,,,,,,,,,,,,,,,,,,,COMPLETE
247,247,0.7029780564263323,2025-01-02 05:10:28.942451,2025-01-02 05:10:33.788789,0 days 00:00:04.846338,1,180,,,,,,,,,,,,,,,,,,,,COMPLETE
248,248,0.4332171893147503,2025-01-02 05:10:33.789350,2025-01-02 05:10:59.610318,0 days 00:00:25.820968,10,110,50.0,,,,,,,,,,,35.0,70.0,165.0,105.0,175.0,50.0,145.0,100.0,COMPLETE
249,249,0.601237842617153,2025-01-02 05:10:59.611222,2025-01-02 05:11:04.824331,0 days 00:00:05.213109,1,185,,,,,,,,,,,,,,,,,,,,COMPLETE
250,250,0.5443412162162162,2025-01-02 05:11:04.824900,2025-01-02 05:11:11.740281,0 days 00:00:06.915381,3,125,80.0,,,,,,,,,,,30.0,,,,,,,,COMPLETE
251,251,0.6486151302190988,2025-01-02 05:11:11.740896,2025-01-02 05:11:17.930850,0 days 00:00:06.189954,2,185,55.0,,,,,,,,,,,,,,,,,,,COMPLETE
252,252,0.6082621082621082,2025-01-02 05:11:17.931387,2025-01-02 05:11:23.088561,0 days 00:00:05.157174,1,135,,,,,,,,,,,,,,,,,,,,COMPLETE
253,253,0.709895052473763,2025-01-02 05:11:23.089103,2025-01-02 05:11:27.923670,0 days 00:00:04.834567,1,195,,,,,,,,,,,,,,,,,,,,COMPLETE
254,254,0.5833333333333333,2025-01-02 05:11:27.924221,2025-01-02 05:11:34.128646,0 days 00:00:06.204425,2,200,65.0,,,,,,,,,,,,,,,,,,,COMPLETE
255,255,0.6254355400696865,2025-01-02 05:11:34.129216,2025-01-02 05:11:38.958236,0 days 00:00:04.829020,1,180,,,,,,,,,,,,,,,,,,,,COMPLETE
256,256,0.5701754385964912,2025-01-02 05:11:38.958789,2025-01-02 05:11:45.505743,0 days 00:00:06.546954,2,130,30.0,,,,,,,,,,,,,,,,,,,COMPLETE
257,257,0.0,2025-01-02 05:11:45.506306,2025-01-02 05:12:31.753644,0 days 00:00:46.247338,16,190,105.0,75.0,95.0,55.0,155.0,65.0,80.0,,,,,20.0,30.0,130.0,70.0,115.0,115.0,180.0,70.0,COMPLETE
258,258,0.5471861471861472,2025-01-02 05:12:31.754439,2025-01-02 05:12:42.926421,0 days 00:00:11.171982,6,120,35.0,,,,,,,,,,,5.0,45.0,190.0,160.0,,,,,COMPLETE
259,259,0.6305418719211823,2025-01-02 05:12:42.927072,2025-01-02 05:12:48.445331,0 days 00:00:05.518259,1,175,,,,,,,,,,,,,,,,,,,,COMPLETE
260,260,0.6217948717948718,2025-01-02 05:12:48.445911,2025-01-02 05:12:53.613998,0 days 00:00:05.168087,1,140,,,,,,,,,,,,,,,,,,,,COMPLETE
261,261,0.6248313090418354,2025-01-02 05:12:53.614673,2025-01-02 05:12:59.776842,0 days 00:00:06.162169,2,125,45.0,,,,,,,,,,,,,,,,,,,COMPLETE
262,262,0.6547518923465097,2025-01-02 05:12:59.777471,2025-01-02 05:13:07.404573,0 days 00:00:07.627102,3,190,20.0,,,,,,,,,,,50.0,,,,,,,,COMPLETE
263,263,0.49891067538126366,2025-01-02 05:13:07.405146,2025-01-02 05:13:12.873927,0 days 00:00:05.468781,1,125,,,,,,,,,,,,,,,,,,,,COMPLETE
264,264,0.5444444444444444,2025-01-02 05:13:12.874467,2025-01-02 05:13:19.484208,0 days 00:00:06.609741,2,160,40.0,,,,,,,,,,,,,,,,,,,COMPLETE
265,265,0.6004784688995215,2025-01-02 05:13:19.484777,2025-01-02 05:13:24.613655,0 days 00:00:05.128878,1,115,,,,,,,,,,,,,,,,,,,,COMPLETE
266,266,0.587719298245614,2025-01-02 05:13:24.614203,2025-01-02 05:13:29.406598,0 days 00:00:04.792395,1,135,,,,,,,,,,,,,,,,,,,,COMPLETE
267,267,0.5924495924495925,2025-01-02 05:13:29.407146,2025-01-02 05:13:35.604392,0 days 00:00:06.197246,2,195,75.0,,,,,,,,,,,,,,,,,,,COMPLETE
268,268,0.7037037037037037,2025-01-02 05:13:35.604981,2025-01-02 05:13:40.395768,0 days 00:00:04.790787,1,140,,,,,,,,,,,,,,,,,,,,COMPLETE
269,269,0.719551282051282,2025-01-02 05:13:40.396310,2025-01-02 05:13:45.524942,0 days 00:00:05.128632,1,140,,,,,,,,,,,,,,,,,,,,COMPLETE
270,270,0.5948275862068966,2025-01-02 05:13:45.525474,2025-01-02 05:13:50.691520,0 days 00:00:05.166046,1,140,,,,,,,,,,,,,,,,,,,,COMPLETE
271,271,0.6904761904761905,2025-01-02 05:13:50.692069,2025-01-02 05:13:55.500474,0 days 00:00:04.808405,1,140,,,,,,,,,,,,,,,,,,,,COMPLETE
272,272,0.6968412942989214,2025-01-02 05:13:55.501043,2025-01-02 05:14:00.348729,0 days 00:00:04.847686,1,135,,,,,,,,,,,,,,,,,,,,COMPLETE
273,273,0.6356589147286822,2025-01-02 05:14:00.349263,2025-01-02 05:14:05.551961,0 days 00:00:05.202698,1,140,,,,,,,,,,,,,,,,,,,,COMPLETE
274,274,0.583780880773362,2025-01-02 05:14:05.552544,2025-01-02 05:14:18.802723,0 days 00:00:13.250179,7,130,130.0,,,,,,,,,,,85.0,95.0,140.0,55.0,50.0,,,,COMPLETE
275,275,0.6260162601626016,2025-01-02 05:14:18.803365,2025-01-02 05:14:23.949566,0 days 00:00:05.146201,1,145,,,,,,,,,,,,,,,,,,,,COMPLETE
276,276,0.6006725514922235,2025-01-02 05:14:23.950135,2025-01-02 05:14:30.085420,0 days 00:00:06.135285,2,125,45.0,,,,,,,,,,,,,,,,,,,COMPLETE
277,277,0.5444444444444444,2025-01-02 05:14:30.086002,2025-01-02 05:14:35.217088,0 days 00:00:05.131086,1,135,,,,,,,,,,,,,,,,,,,,COMPLETE
278,278,0.7237710931768159,2025-01-02 05:14:35.217644,2025-01-02 05:14:40.625412,0 days 00:00:05.407768,1,25,,,,,,,,,,,,,,,,,,,,COMPLETE
279,279,0.604326923076923,2025-01-02 05:14:40.625991,2025-01-02 05:15:36.820789,0 days 00:00:56.194798,20,10,60.0,105.0,140.0,135.0,100.0,20.0,140.0,70.0,200.0,15.0,185.0,10.0,10.0,60.0,185.0,20.0,70.0,60.0,25.0,COMPLETE
280,280,0.5333333333333333,2025-01-02 05:15:36.821897,2025-01-02 05:15:43.406791,0 days 00:00:06.584894,2,130,50.0,,,,,,,,,,,,,,,,,,,COMPLETE
281,281,0.7054521276595744,2025-01-02 05:15:43.407376,2025-01-02 05:15:48.570634,0 days 00:00:05.163258,1,115,,,,,,,,,,,,,,,,,,,,COMPLETE
282,282,0.6690590111642742,2025-01-02 05:15:48.571195,2025-01-02 05:15:53.657178,0 days 00:00:05.085983,1,110,,,,,,,,,,,,,,,,,,,,COMPLETE
283,283,0.6779448621553885,2025-01-02 05:15:53.657748,2025-01-02 05:15:59.706816,0 days 00:00:06.049068,2,30,70.0,,,,,,,,,,,,,,,,,,,COMPLETE
284,284,0.5897435897435896,2025-01-02 05:15:59.707376,2025-01-02 05:16:04.433235,0 days 00:00:04.725859,1,25,,,,,,,,,,,,,,,,,,,,COMPLETE
285,285,0.6434210526315789,2025-01-02 05:16:04.433797,2025-01-02 05:16:10.219929,0 days 00:00:05.786132,1,115,,,,,,,,,,,,,,,,,,,,COMPLETE
286,286,0.5662162162162162,2025-01-02 05:16:10.220500,2025-01-02 05:16:16.373542,0 days 00:00:06.153042,2,50,200.0,,,,,,,,,,,,,,,,,,,COMPLETE
287,287,0.47013574660633484,2025-01-02 05:16:16.374095,2025-01-02 05:16:22.586789,0 days 00:00:06.212694,2,120,25.0,,,,,,,,,,,,,,,,,,,COMPLETE
288,288,0.5868421052631578,2025-01-02 05:16:22.587366,2025-01-02 05:16:27.411904,0 days 00:00:04.824538,1,105,,,,,,,,,,,,,,,,,,,,COMPLETE
289,289,0.7029780564263323,2025-01-02 05:16:27.412434,2025-01-02 05:16:32.236645,0 days 00:00:04.824211,1,110,,,,,,,,,,,,,,,,,,,,COMPLETE
290,290,0.6309322033898306,2025-01-02 05:16:32.237206,2025-01-02 05:16:38.280230,0 days 00:00:06.043024,2,40,150.0,,,,,,,,,,,,,,,,,,,COMPLETE
291,291,0.6434210526315789,2025-01-02 05:16:38.280813,2025-01-02 05:16:43.408886,0 days 00:00:05.128073,1,120,,,,,,,,,,,,,,,,,,,,COMPLETE
292,292,0.7126572327044025,2025-01-02 05:16:43.409429,2025-01-02 05:16:48.553980,0 days 00:00:05.144551,1,115,,,,,,,,,,,,,,,,,,,,COMPLETE
293,293,0.5495495495495495,2025-01-02 05:16:48.554557,2025-01-02 05:16:55.171903,0 days 00:00:06.617346,2,115,30.0,,,,,,,,,,,,,,,,,,,COMPLETE
294,294,0.6676829268292683,2025-01-02 05:16:55.172474,2025-01-02 05:17:00.634387,0 days 00:00:05.461913,1,120,,,,,,,,,,,,,,,,,,,,COMPLETE
295,295,0.6753246753246753,2025-01-02 05:17:00.635065,2025-01-02 05:17:05.455759,0 days 00:00:04.820694,1,115,,,,,,,,,,,,,,,,,,,,COMPLETE
296,296,0.5496323529411764,2025-01-02 05:17:05.456374,2025-01-02 05:17:12.914455,0 days 00:00:07.458081,3,110,55.0,,,,,,,,,,,95.0,,,,,,,,COMPLETE
297,297,0.6006725514922235,2025-01-02 05:17:12.915050,2025-01-02 05:17:20.465717,0 days 00:00:07.550667,3,115,5.0,,,,,,,,,,,70.0,,,,,,,,COMPLETE
298,298,0.5951199338296111,2025-01-02 05:17:20.466304,2025-01-02 05:17:24.951379,0 days 00:00:04.485075,1,120,,,,,,,,,,,,,,,,,,,,COMPLETE
299,299,0.6184792219274977,2025-01-02 05:17:24.951934,2025-01-02 05:17:30.801635,0 days 00:00:05.849701,2,150,15.0,,,,,,,,,,,,,,,,,,,COMPLETE
300,300,0.5334975369458128,2025-01-02 05:17:30.802217,2025-01-02 05:17:35.630021,0 days 00:00:04.827804,1,125,,,,,,,,,,,,,,,,,,,,COMPLETE
301,301,0.6833333333333333,2025-01-02 05:17:35.630566,2025-01-02 05:17:41.074762,0 days 00:00:05.444196,1,105,,,,,,,,,,,,,,,,,,,,COMPLETE
302,302,0.42206726825266616,2025-01-02 05:17:41.075314,2025-01-02 05:18:08.486044,0 days 00:00:27.410730,11,125,40.0,25.0,,,,,,,,,,145.0,125.0,115.0,75.0,85.0,140.0,85.0,170.0,COMPLETE
303,303,0.6642910727681921,2025-01-02 05:18:08.486806,2025-01-02 05:18:15.596709,0 days 00:00:07.109903,2,45,35.0,,,,,,,,,,,,,,,,,,,COMPLETE
304,304,0.6435601198117245,2025-01-02 05:18:15.597276,2025-01-02 05:18:21.085166,0 days 00:00:05.487890,1,120,,,,,,,,,,,,,,,,,,,,COMPLETE
305,305,0.7210771276595744,2025-01-02 05:18:21.085718,2025-01-02 05:18:27.278352,0 days 00:00:06.192634,2,110,20.0,,,,,,,,,,,,,,,,,,,COMPLETE
306,306,0.5989110707803993,2025-01-02 05:18:27.278967,2025-01-02 05:18:34.337398,0 days 00:00:07.058431,2,110,20.0,,,,,,,,,,,,,,,,,,,COMPLETE
307,307,0.5045955882352942,2025-01-02 05:18:34.337976,2025-01-02 05:18:41.316908,0 days 00:00:06.978932,3,135,15.0,,,,,,,,,,,170.0,,,,,,,,COMPLETE
308,308,0.6074201898188093,2025-01-02 05:18:41.317505,2025-01-02 05:18:48.406840,0 days 00:00:07.089335,2,100,25.0,,,,,,,,,,,,,,,,,,,COMPLETE
309,309,0.4436392914653784,2025-01-02 05:18:48.407434,2025-01-02 05:18:54.215478,0 days 00:00:05.808044,2,145,5.0,,,,,,,,,,,,,,,,,,,COMPLETE
310,310,0.4865967365967366,2025-01-02 05:18:54.216071,2025-01-02 05:19:00.012466,0 days 00:00:05.796395,2,145,30.0,,,,,,,,,,,,,,,,,,,COMPLETE
311,311,0.5868421052631578,2025-01-02 05:19:00.013036,2025-01-02 05:19:06.662959,0 days 00:00:06.649923,2,135,15.0,,,,,,,,,,,,,,,,,,,COMPLETE
312,312,0.7962264150943397,2025-01-02 05:19:06.663545,2025-01-02 05:19:11.176812,0 days 00:00:04.513267,1,155,,,,,,,,,,,,,,,,,,,,COMPLETE
313,313,0.702939885914875,2025-01-02 05:19:11.177511,2025-01-02 05:19:16.361231,0 days 00:00:05.183720,1,155,,,,,,,,,,,,,,,,,,,,COMPLETE
314,314,0.7495652173913043,2025-01-02 05:19:16.361783,2025-01-02 05:19:24.631981,0 days 00:00:08.270198,3,150,10.0,,,,,,,,,,,40.0,,,,,,,,COMPLETE
315,315,0.6728813559322033,2025-01-02 05:19:24.632585,2025-01-02 05:19:33.024874,0 days 00:00:08.392289,4,155,10.0,,,,,,,,,,,40.0,195.0,,,,,,,COMPLETE
316,316,0.5755517826825127,2025-01-02 05:19:33.025458,2025-01-02 05:19:40.616580,0 days 00:00:07.591122,3,160,20.0,,,,,,,,,,,20.0,,,,,,,,COMPLETE
317,317,0.5833333333333333,2025-01-02 05:19:40.617139,2025-01-02 05:19:48.683543,0 days 00:00:08.066404,3,160,5.0,,,,,,,,,,,30.0,,,,,,,,COMPLETE
318,318,0.53125,2025-01-02 05:19:48.684124,2025-01-02 05:19:57.960798,0 days 00:00:09.276674,4,150,10.0,,,,,,,,,,,55.0,135.0,,,,,,,COMPLETE
319,319,0.6940024479804161,2025-01-02 05:19:57.961374,2025-01-02 05:20:05.529140,0 days 00:00:07.567766,3,150,25.0,,,,,,,,,,,60.0,,,,,,,,COMPLETE
320,320,0.7017543859649122,2025-01-02 05:20:05.529746,2025-01-02 05:20:09.105437,0 days 00:00:03.575691,2,155,15.0,,,,,,,,,,,,,,,,,,,COMPLETE
321,321,0.5721484196060467,2025-01-02 05:20:09.106002,2025-01-02 05:20:15.735494,0 days 00:00:06.629492,2,150,20.0,,,,,,,,,,,,,,,,,,,COMPLETE
322,322,0.24528301886792453,2025-01-02 05:20:15.736068,2025-01-02 05:21:10.202988,0 days 00:00:54.466920,19,145,5.0,55.0,190.0,5.0,30.0,85.0,55.0,140.0,85.0,155.0,,10.0,160.0,30.0,155.0,185.0,195.0,20.0,140.0,COMPLETE
323,323,0.6134615384615385,2025-01-02 05:21:10.203929,2025-01-02 05:21:15.513861,0 days 00:00:05.309932,2,155,10.0,,,,,,,,,,,,,,,,,,,COMPLETE
324,324,0.5868421052631578,2025-01-02 05:21:15.514548,2025-01-02 05:21:24.399014,0 days 00:00:08.884466,4,20,35.0,,,,,,,,,,,40.0,115.0,,,,,,,COMPLETE
325,325,0.6954022988505747,2025-01-02 05:21:24.399704,2025-01-02 05:21:29.566731,0 days 00:00:05.167027,1,150,,,,,,,,,,,,,,,,,,,,COMPLETE
326,326,0.696969696969697,2025-01-02 05:21:29.567301,2025-01-02 05:21:34.071717,0 days 00:00:04.504416,1,140,,,,,,,,,,,,,,,,,,,,COMPLETE
327,327,0.5384615384615385,2025-01-02 05:21:34.072274,2025-01-02 05:21:41.089733,0 days 00:00:07.017459,3,145,25.0,,,,,,,,,,,75.0,,,,,,,,COMPLETE
328,328,0.5273607748184019,2025-01-02 05:21:41.090296,2025-01-02 05:21:47.715710,0 days 00:00:06.625414,2,140,15.0,,,,,,,,,,,,,,,,,,,COMPLETE
329,329,0.6182926829268293,2025-01-02 05:21:47.716280,2025-01-02 05:21:52.893007,0 days 00:00:05.176727,1,160,,,,,,,,,,,,,,,,,,,,COMPLETE
330,330,0.5951199338296111,2025-01-02 05:21:52.893549,2025-01-02 05:21:59.047205,0 days 00:00:06.153656,2,105,30.0,,,,,,,,,,,,,,,,,,,COMPLETE
331,331,0.5226244343891403,2025-01-02 05:21:59.047787,2025-01-02 05:22:04.551889,0 days 00:00:05.504102,1,150,,,,,,,,,,,,,,,,,,,,COMPLETE
332,332,0.5384615384615385,2025-01-02 05:22:04.552456,2025-01-02 05:22:10.340802,0 days 00:00:05.788346,2,155,5.0,,,,,,,,,,,,,,,,,,,COMPLETE
333,333,0.5387067395264117,2025-01-02 05:22:10.341371,2025-01-02 05:22:15.172035,0 days 00:00:04.830664,1,130,,,,,,,,,,,,,,,,,,,,COMPLETE
334,334,0.6715927750410509,2025-01-02 05:22:15.172602,2025-01-02 05:22:20.018155,0 days 00:00:04.845553,1,145,,,,,,,,,,,,,,,,,,,,COMPLETE
335,335,0.47276688453159044,2025-01-02 05:22:20.018738,2025-01-02 05:22:30.733795,0 days 00:00:10.715057,5,135,90.0,,,,,,,,,,,20.0,85.0,155.0,,,,,,COMPLETE
336,336,0.6779448621553885,2025-01-02 05:22:30.734416,2025-01-02 05:22:37.395417,0 days 00:00:06.661001,2,125,20.0,,,,,,,,,,,,,,,,,,,COMPLETE
337,337,0.5337690631808278,2025-01-02 05:22:37.395996,2025-01-02 05:23:17.124162,0 days 00:00:39.728166,13,110,10.0,175.0,40.0,60.0,,,,,,,,30.0,15.0,20.0,115.0,160.0,5.0,115.0,180.0,COMPLETE
338,338,0.5277777777777778,2025-01-02 05:23:17.125048,2025-01-02 05:23:21.345610,0 days 00:00:04.220562,1,140,,,,,,,,,,,,,,,,,,,,COMPLETE
339,339,0.6715927750410509,2025-01-02 05:23:21.346180,2025-01-02 05:23:30.404694,0 days 00:00:09.058514,3,100,20.0,,,,,,,,,,,10.0,,,,,,,,COMPLETE
340,340,0.7159090909090908,2025-01-02 05:23:30.405498,2025-01-02 05:23:35.414239,0 days 00:00:05.008741,1,5,,,,,,,,,,,,,,,,,,,,COMPLETE
341,341,0.6940024479804161,2025-01-02 05:23:35.414832,2025-01-02 05:23:40.782542,0 days 00:00:05.367710,1,5,,,,,,,,,,,,,,,,,,,,COMPLETE
342,342,0.554925893635571,2025-01-02 05:23:40.783085,2025-01-02 05:23:47.323229,0 days 00:00:06.540144,2,15,40.0,,,,,,,,,,,,,,,,,,,COMPLETE
343,343,0.625,2025-01-02 05:23:47.323806,2025-01-02 05:23:52.673347,0 days 00:00:05.349541,1,5,,,,,,,,,,,,,,,,,,,,COMPLETE
344,344,0.6715927750410509,2025-01-02 05:23:52.673927,2025-01-02 05:23:58.733336,0 days 00:00:06.059409,2,30,30.0,,,,,,,,,,,,,,,,,,,COMPLETE
345,345,0.6453703703703704,2025-01-02 05:23:58.733938,2025-01-02 05:24:04.186980,0 days 00:00:05.453042,1,125,,,,,,,,,,,,,,,,,,,,COMPLETE
346,346,0.5575167376749848,2025-01-02 05:24:04.187539,2025-01-02 05:24:10.698372,0 days 00:00:06.510833,2,15,10.0,,,,,,,,,,,,,,,,,,,COMPLETE
347,347,0.7177382580939353,2025-01-02 05:24:10.698984,2025-01-02 05:24:15.517546,0 days 00:00:04.818562,1,35,,,,,,,,,,,,,,,,,,,,COMPLETE
348,348,0.625,2025-01-02 05:24:15.518104,2025-01-02 05:24:20.565743,0 days 00:00:05.047639,1,30,,,,,,,,,,,,,,,,,,,,COMPLETE
349,349,0.5194077631052421,2025-01-02 05:24:20.566321,2025-01-02 05:24:36.042142,0 days 00:00:15.475821,8,35,25.0,,,,,,,,,,,105.0,180.0,90.0,170.0,110.0,40.0,,,COMPLETE
350,350,0.6364329268292683,2025-01-02 05:24:36.042819,2025-01-02 05:24:42.181771,0 days 00:00:06.138952,2,20,15.0,,,,,,,,,,,,,,,,,,,COMPLETE
351,351,0.696969696969697,2025-01-02 05:24:42.182363,2025-01-02 05:24:49.197916,0 days 00:00:07.015553,3,40,5.0,,,,,,,,,,,50.0,,,,,,,,COMPLETE
352,352,0.5407894736842105,2025-01-02 05:24:49.198505,2025-01-02 05:25:00.342279,0 days 00:00:11.143774,6,120,45.0,,,,,,,,,,,60.0,30.0,105.0,55.0,,,,,COMPLETE
353,353,0.7573584905660378,2025-01-02 05:25:00.342914,2025-01-02 05:25:05.787839,0 days 00:00:05.444925,1,115,,,,,,,,,,,,,,,,,,,,COMPLETE
354,354,0.6052631578947368,2025-01-02 05:25:05.788419,2025-01-02 05:25:08.912870,0 days 00:00:03.124451,1,15,,,,,,,,,,,,,,,,,,,,COMPLETE
355,355,0.6940024479804161,2025-01-02 05:25:08.913439,2025-01-02 05:25:14.998020,0 days 00:00:06.084581,2,25,35.0,,,,,,,,,,,,,,,,,,,COMPLETE
356,356,0.7469237079573421,2025-01-02 05:25:14.998604,2025-01-02 05:25:20.510328,0 days 00:00:05.511724,1,130,,,,,,,,,,,,,,,,,,,,COMPLETE
357,357,0.6568181818181819,2025-01-02 05:25:20.510903,2025-01-02 05:25:25.302089,0 days 00:00:04.791186,1,55,,,,,,,,,,,,,,,,,,,,COMPLETE
358,358,0.5721484196060467,2025-01-02 05:25:25.302669,2025-01-02 05:25:31.779364,0 days 00:00:06.476695,2,10,10.0,,,,,,,,,,,,,,,,,,,COMPLETE
359,359,0.6690590111642742,2025-01-02 05:25:31.780091,2025-01-02 05:25:36.600617,0 days 00:00:04.820526,1,130,,,,,,,,,,,,,,,,,,,,COMPLETE
360,360,0.7564935064935066,2025-01-02 05:25:36.601244,2025-01-02 05:25:44.065556,0 days 00:00:07.464312,3,10,25.0,,,,,,,,,,,115.0,,,,,,,,COMPLETE
361,361,0.5980819529206627,2025-01-02 05:25:44.066169,2025-01-02 05:25:51.555722,0 days 00:00:07.489553,3,125,25.0,,,,,,,,,,,130.0,,,,,,,,COMPLETE
362,362,0.6851851851851851,2025-01-02 05:25:51.556328,2025-01-02 05:25:59.051689,0 days 00:00:07.495361,3,130,20.0,,,,,,,,,,,90.0,,,,,,,,COMPLETE
363,363,0.6753246753246753,2025-01-02 05:25:59.052299,2025-01-02 05:26:06.022525,0 days 00:00:06.970226,3,120,15.0,,,,,,,,,,,115.0,,,,,,,,COMPLETE
364,364,0.5582793709528215,2025-01-02 05:26:06.023110,2025-01-02 05:26:33.140383,0 days 00:00:27.117273,9,110,5.0,,,,,,,,,,,110.0,60.0,70.0,140.0,45.0,75.0,125.0,,COMPLETE
365,365,0.587719298245614,2025-01-02 05:26:33.141100,2025-01-02 05:26:40.093021,0 days 00:00:06.951921,2,20,25.0,,,,,,,,,,,,,,,,,,,COMPLETE
366,366,0.6715927750410509,2025-01-02 05:26:40.093619,2025-01-02 05:26:48.388348,0 days 00:00:08.294729,4,130,30.0,,,,,,,,,,,120.0,140.0,,,,,,,COMPLETE
367,367,0.5225694444444444,2025-01-02 05:26:48.388949,2025-01-02 05:26:55.889880,0 days 00:00:07.500931,3,10,50.0,,,,,,,,,,,80.0,,,,,,,,COMPLETE
368,368,0.587719298245614,2025-01-02 05:26:55.890470,2025-01-02 05:27:02.997893,0 days 00:00:07.107423,2,115,10.0,,,,,,,,,,,,,,,,,,,COMPLETE
369,369,0.5495495495495495,2025-01-02 05:27:02.998471,2025-01-02 05:27:10.475168,0 days 00:00:07.476697,3,125,35.0,,,,,,,,,,,95.0,,,,,,,,COMPLETE
370,370,0.5551992670636738,2025-01-02 05:27:10.475768,2025-01-02 05:27:17.080422,0 days 00:00:06.604654,2,135,40.0,,,,,,,,,,,,,,,,,,,COMPLETE
371,371,0.7596153846153846,2025-01-02 05:27:17.081028,2025-01-02 05:27:22.216875,0 days 00:00:05.135847,1,125,,,,,,,,,,,,,,,,,,,,COMPLETE
372,372,0.6142005958291956,2025-01-02 05:27:22.217458,2025-01-02 05:27:27.362998,0 days 00:00:05.145540,1,120,,,,,,,,,,,,,,,,,,,,COMPLETE
373,373,0.6427070197562001,2025-01-02 05:27:27.363582,2025-01-02 05:27:34.086899,0 days 00:00:06.723317,2,125,20.0,,,,,,,,,,,,,,,,,,,COMPLETE
374,374,0.696969696969697,2025-01-02 05:27:34.087507,2025-01-02 05:27:39.254106,0 days 00:00:05.166599,1,125,,,,,,,,,,,,,,,,,,,,COMPLETE
375,375,0.5156908665105386,2025-01-02 05:27:39.254664,2025-01-02 05:27:48.098534,0 days 00:00:08.843870,4,105,15.0,,,,,,,,,,,160.0,5.0,,,,,,,COMPLETE
376,376,0.6137096774193549,2025-01-02 05:27:48.099357,2025-01-02 05:27:55.832015,0 days 00:00:07.732658,3,115,5.0,,,,,,,,,,,155.0,,,,,,,,COMPLETE
377,377,0.5755517826825127,2025-01-02 05:27:55.832618,2025-01-02 05:28:01.927910,0 days 00:00:06.095292,2,25,30.0,,,,,,,,,,,,,,,,,,,COMPLETE
378,378,0.6868823000898473,2025-01-02 05:28:01.928449,2025-01-02 05:28:07.073871,0 days 00:00:05.145422,1,130,,,,,,,,,,,,,,,,,,,,COMPLETE
379,379,0.6493506493506493,2025-01-02 05:28:07.074426,2025-01-02 05:28:12.231927,0 days 00:00:05.157501,1,120,,,,,,,,,,,,,,,,,,,,COMPLETE
380,380,0.5555555555555556,2025-01-02 05:28:12.232519,2025-01-02 05:28:18.421894,0 days 00:00:06.189375,2,130,105.0,,,,,,,,,,,,,,,,,,,COMPLETE
381,381,0.6753246753246753,2025-01-02 05:28:18.422473,2025-01-02 05:28:22.901079,0 days 00:00:04.478606,1,135,,,,,,,,,,,,,,,,,,,,COMPLETE
382,382,0.7326698695950584,2025-01-02 05:28:22.901631,2025-01-02 05:28:29.008058,0 days 00:00:06.106427,2,35,10.0,,,,,,,,,,,,,,,,,,,COMPLETE
383,383,0.5948275862068966,2025-01-02 05:28:29.008660,2025-01-02 05:28:35.957832,0 days 00:00:06.949172,3,115,10.0,,,,,,,,,,,85.0,,,,,,,,COMPLETE
384,384,0.5721484196060467,2025-01-02 05:28:35.958412,2025-01-02 05:28:42.584432,0 days 00:00:06.626020,2,125,15.0,,,,,,,,,,,,,,,,,,,COMPLETE
385,385,0.6137096774193549,2025-01-02 05:28:42.585028,2025-01-02 05:28:48.723440,0 days 00:00:06.138412,2,120,20.0,,,,,,,,,,,,,,,,,,,COMPLETE
386,386,0.5831881533101045,2025-01-02 05:28:48.724017,2025-01-02 05:28:55.338532,0 days 00:00:06.614515,2,65,5.0,,,,,,,,,,,,,,,,,,,COMPLETE
387,387,0.7257053291536051,2025-01-02 05:28:55.339130,2025-01-02 05:29:05.658762,0 days 00:00:10.319632,5,105,190.0,,,,,,,,,,,130.0,100.0,175.0,,,,,,COMPLETE
388,388,0.4602272727272727,2025-01-02 05:29:05.659383,2025-01-02 05:29:15.959222,0 days 00:00:10.299839,5,95,175.0,,,,,,,,,,,135.0,100.0,170.0,,,,,,COMPLETE
389,389,0.547953216374269,2025-01-02 05:29:15.959862,2025-01-02 05:29:26.254234,0 days 00:00:10.294372,5,100,165.0,,,,,,,,,,,120.0,75.0,190.0,,,,,,COMPLETE
390,390,0.6388367729831144,2025-01-02 05:29:26.254871,2025-01-02 05:29:35.063387,0 days 00:00:08.808516,4,110,195.0,,,,,,,,,,,145.0,120.0,,,,,,,COMPLETE
391,391,0.75,2025-01-02 05:29:35.064018,2025-01-02 05:29:43.919865,0 days 00:00:08.855847,4,105,155.0,,,,,,,,,,,130.0,90.0,,,,,,,COMPLETE
392,392,0.550376647834275,2025-01-02 05:29:43.920500,2025-01-02 05:29:51.358093,0 days 00:00:07.437593,3,110,140.0,,,,,,,,,,,140.0,,,,,,,,COMPLETE
393,393,0.4788306451612903,2025-01-02 05:29:51.358715,2025-01-02 05:30:01.553346,0 days 00:00:10.194631,5,110,180.0,,,,,,,,,,,130.0,90.0,120.0,,,,,,COMPLETE
394,394,0.625,2025-01-02 05:30:01.554171,2025-01-02 05:30:10.391098,0 days 00:00:08.836927,4,105,185.0,,,,,,,,,,,130.0,110.0,,,,,,,COMPLETE
395,395,0.4945054945054945,2025-01-02 05:30:10.391766,2025-01-02 05:30:19.177246,0 days 00:00:08.785480,4,105,115.0,,,,,,,,,,,105.0,65.0,,,,,,,COMPLETE
396,396,0.5271621034332898,2025-01-02 05:30:19.177874,2025-01-02 05:30:27.947851,0 days 00:00:08.769977,4,105,195.0,,,,,,,,,,,115.0,50.0,,,,,,,COMPLETE
397,397,0.5714285714285714,2025-01-02 05:30:27.948441,2025-01-02 05:30:35.450278,0 days 00:00:07.501837,3,135,150.0,,,,,,,,,,,150.0,,,,,,,,COMPLETE
398,398,0.6360392506690455,2025-01-02 05:30:35.450879,2025-01-02 05:30:42.867281,0 days 00:00:07.416402,3,100,165.0,,,,,,,,,,,100.0,,,,,,,,COMPLETE
399,399,0.48794599807135974,2025-01-02 05:30:42.867910,2025-01-02 05:30:51.747254,0 days 00:00:08.879344,4,130,155.0,,,,,,,,,,,110.0,80.0,,,,,,,COMPLETE
400,400,0.5811044003451251,2025-01-02 05:30:51.747878,2025-01-02 05:30:59.201042,0 days 00:00:07.453164,3,35,135.0,,,,,,,,,,,120.0,,,,,,,,COMPLETE
401,401,0.6191698759092854,2025-01-02 05:30:59.201655,2025-01-02 05:31:04.034042,0 days 00:00:04.832387,1,135,,,,,,,,,,,,,,,,,,,,COMPLETE
402,402,0.6137096774193549,2025-01-02 05:31:04.034703,2025-01-02 05:31:09.182614,0 days 00:00:05.147911,1,110,,,,,,,,,,,,,,,,,,,,COMPLETE
403,403,0.6802507836990596,2025-01-02 05:31:09.183181,2025-01-02 05:31:14.622968,0 days 00:00:05.439787,1,45,,,,,,,,,,,,,,,,,,,,COMPLETE
404,404,0.6909660107334525,2025-01-02 05:31:14.623542,2025-01-02 05:31:20.172573,0 days 00:00:05.549031,1,130,,,,,,,,,,,,,,,,,,,,COMPLETE
405,405,0.6904761904761905,2025-01-02 05:31:20.173159,2025-01-02 05:31:26.376754,0 days 00:00:06.203595,2,125,190.0,,,,,,,,,,,,,,,,,,,COMPLETE
406,406,0.5550847457627119,2025-01-02 05:31:26.377336,2025-01-02 05:31:36.705882,0 days 00:00:10.328546,5,115,170.0,,,,,,,,,,,145.0,95.0,160.0,,,,,,COMPLETE
407,407,0.6815135987386678,2025-01-02 05:31:36.706516,2025-01-02 05:31:40.862628,0 days 00:00:04.156112,1,135,,,,,,,,,,,,,,,,,,,,COMPLETE
408,408,0.4731182795698925,2025-01-02 05:31:40.863186,2025-01-02 05:31:49.781538,0 days 00:00:08.918352,4,165,125.0,,,,,,,,,,,175.0,150.0,,,,,,,COMPLETE
409,409,0.5628654970760234,2025-01-02 05:31:49.782164,2025-01-02 05:31:57.320159,0 days 00:00:07.537995,3,100,160.0,,,,,,,,,,,125.0,,,,,,,,COMPLETE
410,410,0.7029411764705882,2025-01-02 05:31:57.320769,2025-01-02 05:32:02.173184,0 days 00:00:04.852415,1,130,,,,,,,,,,,,,,,,,,,,COMPLETE
411,411,0.5868421052631578,2025-01-02 05:32:02.173752,2025-01-02 05:32:08.365168,0 days 00:00:06.191416,2,160,180.0,,,,,,,,,,,,,,,,,,,COMPLETE
412,412,0.7320724980299449,2025-01-02 05:32:08.365896,2025-01-02 05:32:12.856143,0 days 00:00:04.490247,1,105,,,,,,,,,,,,,,,,,,,,COMPLETE
413,413,0.5701754385964912,2025-01-02 05:32:12.856815,2025-01-02 05:32:18.952283,0 days 00:00:06.095468,2,105,145.0,,,,,,,,,,,,,,,,,,,COMPLETE
414,414,0.5495495495495495,2025-01-02 05:32:18.952892,2025-01-02 05:32:24.063155,0 days 00:00:05.110263,1,100,,,,,,,,,,,,,,,,,,,,COMPLETE
415,415,0.7037037037037037,2025-01-02 05:32:24.063719,2025-01-02 05:32:31.531087,0 days 00:00:07.467368,3,110,10.0,,,,,,,,,,,135.0,,,,,,,,COMPLETE
416,416,0.67003367003367,2025-01-02 05:32:31.531680,2025-01-02 05:32:36.353545,0 days 00:00:04.821865,1,105,,,,,,,,,,,,,,,,,,,,COMPLETE
417,417,0.7062937062937062,2025-01-02 05:32:36.354132,2025-01-02 05:32:41.853522,0 days 00:00:05.499390,1,115,,,,,,,,,,,,,,,,,,,,COMPLETE
418,418,0.6198275862068966,2025-01-02 05:32:41.854106,2025-01-02 05:32:47.977691,0 days 00:00:06.123585,2,20,160.0,,,,,,,,,,,,,,,,,,,COMPLETE
419,419,0.7584541062801933,2025-01-02 05:32:47.978289,2025-01-02 05:32:53.103239,0 days 00:00:05.124950,1,100,,,,,,,,,,,,,,,,,,,,COMPLETE
420,420,0.48846153846153845,2025-01-02 05:32:53.103841,2025-01-02 05:33:05.473224,0 days 00:00:12.369383,6,100,130.0,,,,,,,,,,,140.0,125.0,140.0,10.0,,,,,COMPLETE
421,421,0.5755517826825127,2025-01-02 05:33:05.473888,2025-01-02 05:33:11.620267,0 days 00:00:06.146379,2,95,115.0,,,,,,,,,,,,,,,,,,,COMPLETE
422,422,0.7627551020408163,2025-01-02 05:33:11.620917,2025-01-02 05:33:16.762547,0 days 00:00:05.141630,1,105,,,,,,,,,,,,,,,,,,,,COMPLETE
423,423,0.7266666666666666,2025-01-02 05:33:16.763124,2025-01-02 05:33:21.558823,0 days 00:00:04.795699,1,105,,,,,,,,,,,,,,,,,,,,COMPLETE
424,424,0.6072124756335282,2025-01-02 05:33:21.559380,2025-01-02 05:33:26.726544,0 days 00:00:05.167164,1,95,,,,,,,,,,,,,,,,,,,,COMPLETE
425,425,0.5927743086529884,2025-01-02 05:33:26.727158,2025-01-02 05:33:31.848549,0 days 00:00:05.121391,1,105,,,,,,,,,,,,,,,,,,,,COMPLETE
426,426,0.6426829268292682,2025-01-02 05:33:31.849140,2025-01-02 05:33:37.003257,0 days 00:00:05.154117,1,100,,,,,,,,,,,,,,,,,,,,COMPLETE
427,427,0.7315251572327044,2025-01-02 05:33:37.003854,2025-01-02 05:33:42.806780,0 days 00:00:05.802926,1,105,,,,,,,,,,,,,,,,,,,,COMPLETE
428,428,0.7296442687747036,2025-01-02 05:33:42.807352,2025-01-02 05:33:47.603347,0 days 00:00:04.795995,1,105,,,,,,,,,,,,,,,,,,,,COMPLETE
429,429,0.5939849624060151,2025-01-02 05:33:47.603947,2025-01-02 05:33:52.779219,0 days 00:00:05.175272,1,105,,,,,,,,,,,,,,,,,,,,COMPLETE
430,430,0.7050438596491229,2025-01-02 05:33:52.779812,2025-01-02 05:33:57.250339,0 days 00:00:04.470527,1,100,,,,,,,,,,,,,,,,,,,,COMPLETE
431,431,0.7181964573268921,2025-01-02 05:33:57.250946,2025-01-02 05:34:02.071322,0 days 00:00:04.820376,1,100,,,,,,,,,,,,,,,,,,,,COMPLETE
432,432,0.6676829268292683,2025-01-02 05:34:02.071936,2025-01-02 05:34:07.893148,0 days 00:00:05.821212,1,105,,,,,,,,,,,,,,,,,,,,COMPLETE
433,433,0.6434210526315789,2025-01-02 05:34:07.893720,2025-01-02 05:34:13.040387,0 days 00:00:05.146667,1,105,,,,,,,,,,,,,,,,,,,,COMPLETE
434,434,0.5833333333333333,2025-01-02 05:34:13.041115,2025-01-02 05:34:18.120643,0 days 00:00:05.079528,1,95,,,,,,,,,,,,,,,,,,,,COMPLETE
435,435,0.6426829268292682,2025-01-02 05:34:18.121266,2025-01-02 05:34:22.897375,0 days 00:00:04.776109,1,105,,,,,,,,,,,,,,,,,,,,COMPLETE
436,436,0.6772983114446529,2025-01-02 05:34:22.897981,2025-01-02 05:34:28.102664,0 days 00:00:05.204683,1,110,,,,,,,,,,,,,,,,,,,,COMPLETE
437,437,0.63,2025-01-02 05:34:28.103227,2025-01-02 05:34:33.554500,0 days 00:00:05.451273,1,105,,,,,,,,,,,,,,,,,,,,COMPLETE
438,438,0.554925893635571,2025-01-02 05:34:33.555102,2025-01-02 05:34:38.983652,0 days 00:00:05.428550,1,100,,,,,,,,,,,,,,,,,,,,COMPLETE
439,439,0.6515151515151515,2025-01-02 05:34:38.984238,2025-01-02 05:34:52.591593,0 days 00:00:13.607355,7,95,175.0,,,,,,,,,,,165.0,40.0,175.0,45.0,25.0,,,,COMPLETE
440,440,0.5676691729323309,2025-01-02 05:34:52.592293,2025-01-02 05:34:57.697463,0 days 00:00:05.105170,1,110,,,,,,,,,,,,,,,,,,,,COMPLETE
441,441,0.6993055555555556,2025-01-02 05:34:57.698049,2025-01-02 05:35:02.792387,0 days 00:00:05.094338,1,105,,,,,,,,,,,,,,,,,,,,COMPLETE
442,442,0.2807017543859649,2025-01-02 05:35:02.792992,2025-01-02 05:35:26.788459,0 days 00:00:23.995467,16,110,95.0,110.0,170.0,165.0,170.0,200.0,5.0,,,,,100.0,105.0,135.0,140.0,75.0,145.0,175.0,200.0,COMPLETE
443,443,0.65,2025-01-02 05:35:26.789327,2025-01-02 05:35:31.606580,0 days 00:00:04.817253,1,115,,,,,,,,,,,,,,,,,,,,COMPLETE
444,444,0.6731800766283524,2025-01-02 05:35:31.607181,2025-01-02 05:35:35.767346,0 days 00:00:04.160165,1,95,,,,,,,,,,,,,,,,,,,,COMPLETE
445,445,0.5961538461538461,2025-01-02 05:35:35.767945,2025-01-02 05:35:40.902789,0 days 00:00:05.134844,1,100,,,,,,,,,,,,,,,,,,,,COMPLETE
446,446,0.6940024479804161,2025-01-02 05:35:40.903359,2025-01-02 05:35:46.658035,0 days 00:00:05.754676,2,110,185.0,,,,,,,,,,,,,,,,,,,COMPLETE
447,447,0.6482334869431643,2025-01-02 05:35:46.658639,2025-01-02 05:35:51.503460,0 days 00:00:04.844821,1,105,,,,,,,,,,,,,,,,,,,,COMPLETE
448,448,0.39808481532147744,2025-01-02 05:35:51.504049,2025-01-02 05:36:13.597859,0 days 00:00:22.093810,10,115,190.0,,,,,,,,,,,155.0,85.0,195.0,95.0,95.0,120.0,140.0,30.0,COMPLETE
449,449,0.6463700234192038,2025-01-02 05:36:13.598687,2025-01-02 05:36:18.075865,0 days 00:00:04.477178,1,110,,,,,,,,,,,,,,,,,,,,COMPLETE
450,450,0.6267942583732058,2025-01-02 05:36:18.076452,2025-01-02 05:36:24.248268,0 days 00:00:06.171816,2,100,200.0,,,,,,,,,,,,,,,,,,,COMPLETE
451,451,0.6434210526315789,2025-01-02 05:36:24.249037,2025-01-02 05:36:29.346945,0 days 00:00:05.097908,1,105,,,,,,,,,,,,,,,,,,,,COMPLETE
452,452,0.5897435897435896,2025-01-02 05:36:29.347612,2025-01-02 05:36:35.516168,0 days 00:00:06.168556,2,120,75.0,,,,,,,,,,,,,,,,,,,COMPLETE
453,453,0.5897435897435896,2025-01-02 05:36:35.516779,2025-01-02 05:36:40.234863,0 days 00:00:04.718084,1,60,,,,,,,,,,,,,,,,,,,,COMPLETE
454,454,0.6868823000898473,2025-01-02 05:36:40.235430,2025-01-02 05:36:44.692855,0 days 00:00:04.457425,1,110,,,,,,,,,,,,,,,,,,,,COMPLETE
455,455,0.5701754385964912,2025-01-02 05:36:44.693460,2025-01-02 05:36:50.812686,0 days 00:00:06.119226,2,115,155.0,,,,,,,,,,,,,,,,,,,COMPLETE
456,456,0.6083333333333334,2025-01-02 05:36:50.813289,2025-01-02 05:36:55.587188,0 days 00:00:04.773899,1,100,,,,,,,,,,,,,,,,,,,,COMPLETE
457,457,0.7159090909090908,2025-01-02 05:36:55.587787,2025-01-02 05:37:01.061688,0 days 00:00:05.473901,1,125,,,,,,,,,,,,,,,,,,,,COMPLETE
458,458,0.6123424598000868,2025-01-02 05:37:01.062266,2025-01-02 05:37:07.187449,0 days 00:00:06.125183,2,110,190.0,,,,,,,,,,,,,,,,,,,COMPLETE
459,459,0.7262166405023548,2025-01-02 05:37:07.188076,2025-01-02 05:37:09.925509,0 days 00:00:02.737433,1,100,,,,,,,,,,,,,,,,,,,,COMPLETE
460,460,0.7029780564263323,2025-01-02 05:37:09.926098,2025-01-02 05:37:15.084094,0 days 00:00:05.157996,1,95,,,,,,,,,,,,,,,,,,,,COMPLETE
461,461,0.6682539682539683,2025-01-02 05:37:15.084688,2025-01-02 05:37:19.896930,0 days 00:00:04.812242,1,95,,,,,,,,,,,,,,,,,,,,COMPLETE
462,462,0.5670934091986723,2025-01-02 05:37:19.897515,2025-01-02 05:37:25.049597,0 days 00:00:05.152082,1,90,,,,,,,,,,,,,,,,,,,,COMPLETE
463,463,0.6267942583732058,2025-01-02 05:37:25.050228,2025-01-02 05:37:29.865595,0 days 00:00:04.815367,1,120,,,,,,,,,,,,,,,,,,,,COMPLETE
464,464,0.6038989809481613,2025-01-02 05:37:29.866177,2025-01-02 05:37:36.018512,0 days 00:00:06.152335,2,100,60.0,,,,,,,,,,,,,,,,,,,COMPLETE
465,465,0.5352472089314194,2025-01-02 05:37:36.019107,2025-01-02 05:38:10.281998,0 days 00:00:34.262891,12,125,85.0,130.0,115.0,,,,,,,,,185.0,175.0,40.0,125.0,125.0,200.0,200.0,110.0,COMPLETE
466,466,0.5989110707803993,2025-01-02 05:38:10.282834,2025-01-02 05:38:16.124442,0 days 00:00:05.841608,1,100,,,,,,,,,,,,,,,,,,,,COMPLETE
467,467,0.6486151302190988,2025-01-02 05:38:16.125063,2025-01-02 05:38:23.199397,0 days 00:00:07.074334,2,120,100.0,,,,,,,,,,,,,,,,,,,COMPLETE
468,468,0.5868421052631578,2025-01-02 05:38:23.200040,2025-01-02 05:38:28.605705,0 days 00:00:05.405665,1,55,,,,,,,,,,,,,,,,,,,,COMPLETE
469,469,0.6989160979526294,2025-01-02 05:38:28.606285,2025-01-02 05:38:33.731424,0 days 00:00:05.125139,1,105,,,,,,,,,,,,,,,,,,,,COMPLETE
470,470,0.5721484196060467,2025-01-02 05:38:33.732227,2025-01-02 05:38:39.462229,0 days 00:00:05.730002,2,125,125.0,,,,,,,,,,,,,,,,,,,COMPLETE
471,471,0.6546003016591252,2025-01-02 05:38:39.462885,2025-01-02 05:38:44.944239,0 days 00:00:05.481354,1,115,,,,,,,,,,,,,,,,,,,,COMPLETE
472,472,0.6659619450317125,2025-01-02 05:38:44.944846,2025-01-02 05:38:51.125648,0 days 00:00:06.180802,2,130,80.0,,,,,,,,,,,,,,,,,,,COMPLETE
473,473,0.783981517135156,2025-01-02 05:38:51.126258,2025-01-02 05:38:56.270630,0 days 00:00:05.144372,1,105,,,,,,,,,,,,,,,,,,,,COMPLETE
474,474,0.6909090909090909,2025-01-02 05:38:56.271209,2025-01-02 05:39:01.065563,0 days 00:00:04.794354,1,105,,,,,,,,,,,,,,,,,,,,COMPLETE
475,475,0.587719298245614,2025-01-02 05:39:01.066145,2025-01-02 05:39:06.186376,0 days 00:00:05.120231,1,110,,,,,,,,,,,,,,,,,,,,COMPLETE
476,476,0.6138392857142857,2025-01-02 05:39:06.186976,2025-01-02 05:39:10.940373,0 days 00:00:04.753397,1,100,,,,,,,,,,,,,,,,,,,,COMPLETE
477,477,0.5951199338296111,2025-01-02 05:39:10.940973,2025-01-02 05:39:16.658122,0 days 00:00:05.717149,2,95,55.0,,,,,,,,,,,,,,,,,,,COMPLETE
478,478,0.6134615384615385,2025-01-02 05:39:16.658728,2025-01-02 05:39:21.794478,0 days 00:00:05.135750,1,100,,,,,,,,,,,,,,,,,,,,COMPLETE
479,479,0.6909660107334525,2025-01-02 05:39:21.795090,2025-01-02 05:39:27.567222,0 days 00:00:05.772132,1,105,,,,,,,,,,,,,,,,,,,,COMPLETE
480,480,0.554925893635571,2025-01-02 05:39:27.567837,2025-01-02 05:39:33.696627,0 days 00:00:06.128790,2,110,50.0,,,,,,,,,,,,,,,,,,,COMPLETE
481,481,0.6136136136136137,2025-01-02 05:39:33.697236,2025-01-02 05:39:38.835909,0 days 00:00:05.138673,1,115,,,,,,,,,,,,,,,,,,,,COMPLETE
482,482,0.554925893635571,2025-01-02 05:39:38.836518,2025-01-02 05:39:44.999586,0 days 00:00:06.163068,2,105,70.0,,,,,,,,,,,,,,,,,,,COMPLETE
483,483,0.6524216524216524,2025-01-02 05:39:45.000207,2025-01-02 05:39:49.818968,0 days 00:00:04.818761,1,100,,,,,,,,,,,,,,,,,,,,COMPLETE
484,484,0.6486151302190988,2025-01-02 05:39:49.819568,2025-01-02 05:39:55.004701,0 days 00:00:05.185133,1,110,,,,,,,,,,,,,,,,,,,,COMPLETE
485,485,0.5782851817334576,2025-01-02 05:39:55.005284,2025-01-02 05:40:02.058702,0 days 00:00:07.053418,2,95,65.0,,,,,,,,,,,,,,,,,,,COMPLETE
486,486,0.5755517826825127,2025-01-02 05:40:02.059320,2025-01-02 05:40:06.857940,0 days 00:00:04.798620,1,105,,,,,,,,,,,,,,,,,,,,COMPLETE
487,487,0.5894704808277541,2025-01-02 05:40:06.858549,2025-01-02 05:40:45.258604,0 days 00:00:38.400055,13,90,110.0,95.0,5.0,100.0,,,,,,,,75.0,20.0,5.0,20.0,190.0,95.0,5.0,85.0,COMPLETE
488,488,0.656891495601173,2025-01-02 05:40:45.259700,2025-01-02 05:40:50.977578,0 days 00:00:05.717878,2,115,135.0,,,,,,,,,,,,,,,,,,,COMPLETE
489,489,0.5387067395264117,2025-01-02 05:40:50.978186,2025-01-02 05:40:56.709966,0 days 00:00:05.731780,2,105,120.0,,,,,,,,,,,,,,,,,,,COMPLETE
490,490,0.6022222222222222,2025-01-02 05:40:56.710597,2025-01-02 05:40:58.789726,0 days 00:00:02.079129,1,120,,,,,,,,,,,,,,,,,,,,COMPLETE
491,491,0.6309322033898306,2025-01-02 05:40:58.790323,2025-01-02 05:41:03.944918,0 days 00:00:05.154595,1,110,,,,,,,,,,,,,,,,,,,,COMPLETE
492,492,0.5701754385964912,2025-01-02 05:41:03.945531,2025-01-02 05:41:10.104896,0 days 00:00:06.159365,2,100,35.0,,,,,,,,,,,,,,,,,,,COMPLETE
493,493,0.6474358974358974,2025-01-02 05:41:10.105510,2025-01-02 05:41:15.246084,0 days 00:00:05.140574,1,115,,,,,,,,,,,,,,,,,,,,COMPLETE
494,494,0.5648148148148148,2025-01-02 05:41:15.246687,2025-01-02 05:41:20.348070,0 days 00:00:05.101383,1,105,,,,,,,,,,,,,,,,,,,,COMPLETE
495,495,0.656140350877193,2025-01-02 05:41:20.348695,2025-01-02 05:41:26.474045,0 days 00:00:06.125350,2,110,45.0,,,,,,,,,,,,,,,,,,,COMPLETE
496,496,0.7228260869565217,2025-01-02 05:41:26.474677,2025-01-02 05:41:30.909648,0 days 00:00:04.434971,1,120,,,,,,,,,,,,,,,,,,,,COMPLETE
497,497,0.6868091378039793,2025-01-02 05:41:30.910252,2025-01-02 05:41:35.693884,0 days 00:00:04.783632,1,95,,,,,,,,,,,,,,,,,,,,COMPLETE
498,498,0.6940024479804161,2025-01-02 05:41:35.694489,2025-01-02 05:41:41.438452,0 days 00:00:05.743963,2,90,145.0,,,,,,,,,,,,,,,,,,,COMPLETE
499,499,0.6715927750410509,2025-01-02 05:41:41.439070,2025-01-02 05:41:47.291818,0 days 00:00:05.852748,1,125,,,,,,,,,,,,,,,,,,,,COMPLETE
500,500,0.6410352588147037,2025-01-02 05:41:47.292404,2025-01-02 05:41:52.451947,0 days 00:00:05.159543,1,100,,,,,,,,,,,,,,,,,,,,COMPLETE
501,501,0.6731601731601732,2025-01-02 05:41:52.452570,2025-01-02 05:41:57.633775,0 days 00:00:05.181205,1,105,,,,,,,,,,,,,,,,,,,,COMPLETE
502,502,0.5495495495495495,2025-01-02 05:41:57.634381,2025-01-02 05:42:03.789434,0 days 00:00:06.155053,2,115,90.0,,,,,,,,,,,,,,,,,,,COMPLETE
503,503,0.4458333333333333,2025-01-02 05:42:03.790063,2025-01-02 05:42:34.676891,0 days 00:00:30.886828,11,125,40.0,175.0,,,,,,,,,,195.0,50.0,25.0,40.0,65.0,55.0,150.0,60.0,COMPLETE
504,504,0.6998178506375228,2025-01-02 05:42:34.677694,2025-01-02 05:42:39.780308,0 days 00:00:05.102614,1,105,,,,,,,,,,,,,,,,,,,,COMPLETE
505,505,0.6238973536487571,2025-01-02 05:42:39.780923,2025-01-02 05:42:44.889335,0 days 00:00:05.108412,1,110,,,,,,,,,,,,,,,,,,,,COMPLETE
506,506,0.6719118804091266,2025-01-02 05:42:44.890069,2025-01-02 05:42:51.542225,0 days 00:00:06.652156,2,130,50.0,,,,,,,,,,,,,,,,,,,COMPLETE
507,507,0.31539888682745826,2025-01-02 05:42:51.542950,2025-01-02 05:43:04.969869,0 days 00:00:13.426919,8,100,65.0,,,,,,,,,,,85.0,165.0,55.0,65.0,5.0,185.0,,,COMPLETE
508,508,0.5969924812030075,2025-01-02 05:43:04.970571,2025-01-02 05:43:09.758592,0 days 00:00:04.788021,1,120,,,,,,,,,,,,,,,,,,,,COMPLETE
509,509,0.6547518923465097,2025-01-02 05:43:09.759189,2025-01-02 05:43:15.883138,0 days 00:00:06.123949,2,45,55.0,,,,,,,,,,,,,,,,,,,COMPLETE
510,510,0.674908424908425,2025-01-02 05:43:15.883794,2025-01-02 05:43:21.103337,0 days 00:00:05.219543,1,135,,,,,,,,,,,,,,,,,,,,COMPLETE
511,511,0.5868421052631578,2025-01-02 05:43:21.103952,2025-01-02 05:43:28.173006,0 days 00:00:07.069054,2,115,30.0,,,,,,,,,,,,,,,,,,,COMPLETE
512,512,0.5604785112981834,2025-01-02 05:43:28.173619,2025-01-02 05:43:33.321087,0 days 00:00:05.147468,1,130,,,,,,,,,,,,,,,,,,,,COMPLETE
513,513,0.7162356321839081,2025-01-02 05:43:33.321677,2025-01-02 05:43:38.089993,0 days 00:00:04.768316,1,95,,,,,,,,,,,,,,,,,,,,COMPLETE
514,514,0.6024886877828055,2025-01-02 05:43:38.090588,2025-01-02 05:44:28.999846,0 days 00:00:50.909258,18,110,35.0,140.0,55.0,35.0,105.0,150.0,145.0,60.0,130.0,,,65.0,135.0,95.0,165.0,140.0,115.0,35.0,130.0,COMPLETE
515,515,0.6616915422885572,2025-01-02 05:44:29.000757,2025-01-02 05:44:34.442288,0 days 00:00:05.441531,1,100,,,,,,,,,,,,,,,,,,,,COMPLETE
516,516,0.6547518923465097,2025-01-02 05:44:34.442926,2025-01-02 05:44:40.568428,0 days 00:00:06.125502,2,125,80.0,,,,,,,,,,,,,,,,,,,COMPLETE
517,517,0.6698436904308045,2025-01-02 05:44:40.569061,2025-01-02 05:44:45.404290,0 days 00:00:04.835229,1,135,,,,,,,,,,,,,,,,,,,,COMPLETE
518,518,0.6486151302190988,2025-01-02 05:44:45.404915,2025-01-02 05:44:50.513508,0 days 00:00:05.108593,1,115,,,,,,,,,,,,,,,,,,,,COMPLETE
519,519,0.5701754385964912,2025-01-02 05:44:50.514119,2025-01-02 05:44:56.206797,0 days 00:00:05.692678,2,105,95.0,,,,,,,,,,,,,,,,,,,COMPLETE
520,520,0.17037037037037037,2025-01-02 05:44:56.207556,2025-01-02 05:45:37.089416,0 days 00:00:40.881860,14,105,25.0,20.0,90.0,75.0,200.0,,,,,,,90.0,35.0,15.0,190.0,105.0,95.0,90.0,185.0,COMPLETE
521,521,0.5897435897435896,2025-01-02 05:45:37.090417,2025-01-02 05:45:42.799534,0 days 00:00:05.709117,2,110,135.0,,,,,,,,,,,,,,,,,,,COMPLETE
522,522,0.709005376344086,2025-01-02 05:45:42.800158,2025-01-02 05:45:47.504319,0 days 00:00:04.704161,1,10,,,,,,,,,,,,,,,,,,,,COMPLETE
523,523,0.533427495291902,2025-01-02 05:45:47.504947,2025-01-02 05:45:52.675865,0 days 00:00:05.170918,1,120,,,,,,,,,,,,,,,,,,,,COMPLETE
524,524,0.5480054090601758,2025-01-02 05:45:52.676459,2025-01-02 05:46:11.458614,0 days 00:00:18.782155,9,130,120.0,,,,,,,,,,,45.0,190.0,105.0,125.0,30.0,20.0,130.0,,COMPLETE
525,525,0.6892177589852009,2025-01-02 05:46:11.459354,2025-01-02 05:46:17.641627,0 days 00:00:06.182273,2,100,45.0,,,,,,,,,,,,,,,,,,,COMPLETE
526,526,0.6435601198117245,2025-01-02 05:46:17.642252,2025-01-02 05:46:22.774271,0 days 00:00:05.132019,1,85,,,,,,,,,,,,,,,,,,,,COMPLETE
527,527,0.6868823000898473,2025-01-02 05:46:22.774899,2025-01-02 05:46:28.313804,0 days 00:00:05.538905,1,110,,,,,,,,,,,,,,,,,,,,COMPLETE
528,528,0.6309322033898306,2025-01-02 05:46:28.314428,2025-01-02 05:46:34.462726,0 days 00:00:06.148298,2,125,40.0,,,,,,,,,,,,,,,,,,,COMPLETE
529,529,0.6731601731601732,2025-01-02 05:46:34.463337,2025-01-02 05:46:40.015435,0 days 00:00:05.552098,1,140,,,,,,,,,,,,,,,,,,,,COMPLETE
530,530,0.6434210526315789,2025-01-02 05:46:40.016060,2025-01-02 05:46:45.126320,0 days 00:00:05.110260,1,65,,,,,,,,,,,,,,,,,,,,COMPLETE
531,531,0.6006725514922235,2025-01-02 05:46:45.126944,2025-01-02 05:46:50.848279,0 days 00:00:05.721335,2,95,105.0,,,,,,,,,,,,,,,,,,,COMPLETE
532,532,0.6715927750410509,2025-01-02 05:46:50.848921,2025-01-02 05:46:55.114345,0 days 00:00:04.265424,1,105,,,,,,,,,,,,,,,,,,,,COMPLETE
533,533,0.5572543916720885,2025-01-02 05:46:55.114993,2025-01-02 05:47:09.596246,0 days 00:00:14.481253,7,135,45.0,,,,,,,,,,,95.0,75.0,80.0,25.0,170.0,,,,COMPLETE
534,534,0.6434210526315789,2025-01-02 05:47:09.596964,2025-01-02 05:47:16.130881,0 days 00:00:06.533917,2,50,60.0,,,,,,,,,,,,,,,,,,,COMPLETE
535,535,0.5648148148148148,2025-01-02 05:47:16.131792,2025-01-02 05:47:21.615733,0 days 00:00:05.483941,1,120,,,,,,,,,,,,,,,,,,,,COMPLETE
536,536,0.6006725514922235,2025-01-02 05:47:21.616371,2025-01-02 05:47:26.401458,0 days 00:00:04.785087,1,115,,,,,,,,,,,,,,,,,,,,COMPLETE
537,537,0.5492063492063493,2025-01-02 05:47:26.402118,2025-01-02 05:47:33.903286,0 days 00:00:07.501168,3,130,75.0,,,,,,,,,,,70.0,,,,,,,,COMPLETE
538,538,0.657051282051282,2025-01-02 05:47:33.903926,2025-01-02 05:47:40.049664,0 days 00:00:06.145738,2,100,170.0,,,,,,,,,,,,,,,,,,,COMPLETE
539,539,0.5604785112981834,2025-01-02 05:47:40.050318,2025-01-02 05:47:45.231884,0 days 00:00:05.181566,1,155,,,,,,,,,,,,,,,,,,,,COMPLETE
540,540,0.5845352564102564,2025-01-02 05:47:45.232509,2025-01-02 05:47:52.778522,0 days 00:00:07.546013,3,110,25.0,,,,,,,,,,,165.0,,,,,,,,COMPLETE
541,541,0.6888888888888889,2025-01-02 05:47:52.779171,2025-01-02 05:47:57.919869,0 days 00:00:05.140698,1,90,,,,,,,,,,,,,,,,,,,,COMPLETE
542,542,0.725,2025-01-02 05:47:57.920498,2025-01-02 05:48:03.138344,0 days 00:00:05.217846,1,140,,,,,,,,,,,,,,,,,,,,COMPLETE
543,543,0.7005813953488372,2025-01-02 05:48:03.138977,2025-01-02 05:48:07.255567,0 days 00:00:04.116590,1,105,,,,,,,,,,,,,,,,,,,,COMPLETE
544,544,0.5980819529206627,2025-01-02 05:48:07.256188,2025-01-02 05:48:13.412213,0 days 00:00:06.156025,2,125,145.0,,,,,,,,,,,,,,,,,,,COMPLETE
545,545,0.7055555555555555,2025-01-02 05:48:13.412904,2025-01-02 05:48:18.190187,0 days 00:00:04.777283,1,100,,,,,,,,,,,,,,,,,,,,COMPLETE
546,546,0.6595238095238095,2025-01-02 05:48:18.190846,2025-01-02 05:48:24.392193,0 days 00:00:06.201347,2,120,30.0,,,,,,,,,,,,,,,,,,,COMPLETE
547,547,0.5121822033898304,2025-01-02 05:48:24.392831,2025-01-02 05:48:29.559219,0 days 00:00:05.166388,1,125,,,,,,,,,,,,,,,,,,,,COMPLETE
548,548,0.6928763440860215,2025-01-02 05:48:29.559847,2025-01-02 05:48:34.696722,0 days 00:00:05.136875,1,110,,,,,,,,,,,,,,,,,,,,COMPLETE
549,549,0.5755517826825127,2025-01-02 05:48:34.697359,2025-01-02 05:48:42.239306,0 days 00:00:07.541947,3,130,20.0,,,,,,,,,,,75.0,,,,,,,,COMPLETE
550,550,0.5764647467725919,2025-01-02 05:48:42.239987,2025-01-02 05:48:48.056889,0 days 00:00:05.816902,2,150,5.0,,,,,,,,,,,,,,,,,,,COMPLETE
551,551,0.6818181818181819,2025-01-02 05:48:48.057540,2025-01-02 05:48:53.202955,0 days 00:00:05.145415,1,105,,,,,,,,,,,,,,,,,,,,COMPLETE
552,552,0.5701754385964912,2025-01-02 05:48:53.203587,2025-01-02 05:48:59.374045,0 days 00:00:06.170458,2,95,15.0,,,,,,,,,,,,,,,,,,,COMPLETE
553,553,0.6006725514922235,2025-01-02 05:48:59.374690,2025-01-02 05:49:05.073241,0 days 00:00:05.698551,2,70,55.0,,,,,,,,,,,,,,,,,,,COMPLETE
554,554,0.2881231671554252,2025-01-02 05:49:05.073886,2025-01-02 05:49:53.477407,0 days 00:00:48.403521,17,115,140.0,60.0,145.0,110.0,45.0,100.0,195.0,165.0,,,,180.0,155.0,40.0,80.0,130.0,40.0,115.0,160.0,COMPLETE
555,555,0.6680143755615453,2025-01-02 05:49:53.478587,2025-01-02 05:49:59.337078,0 days 00:00:05.858491,1,160,,,,,,,,,,,,,,,,,,,,COMPLETE
556,556,0.5664845173041895,2025-01-02 05:49:59.337708,2025-01-02 05:50:04.434614,0 days 00:00:05.096906,1,100,,,,,,,,,,,,,,,,,,,,COMPLETE
557,557,0.6364329268292683,2025-01-02 05:50:04.435225,2025-01-02 05:50:10.604196,0 days 00:00:06.168971,2,130,35.0,,,,,,,,,,,,,,,,,,,COMPLETE
558,558,0.6820728291316527,2025-01-02 05:50:10.604833,2025-01-02 05:50:16.764113,0 days 00:00:06.159280,1,135,,,,,,,,,,,,,,,,,,,,COMPLETE
559,559,0.5076086956521739,2025-01-02 05:50:16.764747,2025-01-02 05:50:48.278553,0 days 00:00:31.513806,10,120,15.0,,,,,,,,,,,175.0,55.0,70.0,15.0,155.0,140.0,75.0,50.0,COMPLETE
560,560,0.7642543859649122,2025-01-02 05:50:48.279352,2025-01-02 05:50:53.430315,0 days 00:00:05.150963,1,110,,,,,,,,,,,,,,,,,,,,COMPLETE
561,561,0.5819529206625981,2025-01-02 05:50:53.430939,2025-01-02 05:51:00.965837,0 days 00:00:07.534898,3,110,25.0,,,,,,,,,,,155.0,,,,,,,,COMPLETE
562,562,0.5793650793650793,2025-01-02 05:51:00.966525,2025-01-02 05:51:06.020614,0 days 00:00:05.054089,1,40,,,,,,,,,,,,,,,,,,,,COMPLETE
563,563,0.7159090909090908,2025-01-02 05:51:06.021245,2025-01-02 05:51:12.611276,0 days 00:00:06.590031,2,115,5.0,,,,,,,,,,,,,,,,,,,COMPLETE
564,564,0.6136136136136137,2025-01-02 05:51:12.611916,2025-01-02 05:51:18.075591,0 days 00:00:05.463675,1,110,,,,,,,,,,,,,,,,,,,,COMPLETE
565,565,0.6619883040935672,2025-01-02 05:51:18.076230,2025-01-02 05:51:22.904757,0 days 00:00:04.828527,1,115,,,,,,,,,,,,,,,,,,,,COMPLETE
566,566,0.4635854341736695,2025-01-02 05:51:22.905370,2025-01-02 05:51:28.121417,0 days 00:00:05.216047,1,125,,,,,,,,,,,,,,,,,,,,COMPLETE
567,567,0.625,2025-01-02 05:51:28.122114,2025-01-02 05:51:34.340091,0 days 00:00:06.217977,2,110,85.0,,,,,,,,,,,,,,,,,,,COMPLETE
568,568,0.6532027743778049,2025-01-02 05:51:34.340723,2025-01-02 05:51:36.563736,0 days 00:00:02.223013,1,115,,,,,,,,,,,,,,,,,,,,COMPLETE
569,569,0.6532738095238095,2025-01-02 05:51:36.564346,2025-01-02 05:51:42.341408,0 days 00:00:05.777062,2,135,40.0,,,,,,,,,,,,,,,,,,,COMPLETE
570,570,0.6920883820384889,2025-01-02 05:51:42.342254,2025-01-02 05:51:47.531689,0 days 00:00:05.189435,1,145,,,,,,,,,,,,,,,,,,,,COMPLETE
571,571,0.625,2025-01-02 05:51:47.532310,2025-01-02 05:51:55.543496,0 days 00:00:08.011186,3,105,10.0,,,,,,,,,,,110.0,,,,,,,,COMPLETE
572,572,0.6305418719211823,2025-01-02 05:51:55.544157,2025-01-02 05:52:00.577891,0 days 00:00:05.033734,1,55,,,,,,,,,,,,,,,,,,,,COMPLETE
573,573,0.6006725514922235,2025-01-02 05:52:00.578534,2025-01-02 05:52:07.142462,0 days 00:00:06.563928,2,120,35.0,,,,,,,,,,,,,,,,,,,COMPLETE
574,574,0.6064102564102564,2025-01-02 05:52:07.143112,2025-01-02 05:52:11.925078,0 days 00:00:04.781966,1,105,,,,,,,,,,,,,,,,,,,,COMPLETE
575,575,0.7132107023411371,2025-01-02 05:52:11.925700,2025-01-02 05:52:17.068203,0 days 00:00:05.142503,1,125,,,,,,,,,,,,,,,,,,,,COMPLETE
576,576,0.6006725514922235,2025-01-02 05:52:17.068846,2025-01-02 05:52:25.206273,0 days 00:00:08.137427,4,120,70.0,,,,,,,,,,,60.0,145.0,,,,,,,COMPLETE
577,577,0.33715925394548063,2025-01-02 05:52:25.206933,2025-01-02 05:53:01.866297,0 days 00:00:36.659364,12,105,10.0,155.0,125.0,,,,,,,,,105.0,130.0,125.0,30.0,40.0,155.0,25.0,160.0,COMPLETE
578,578,0.5701754385964912,2025-01-02 05:53:01.867147,2025-01-02 05:53:08.111061,0 days 00:00:06.243914,2,140,30.0,,,,,,,,,,,,,,,,,,,COMPLETE
579,579,0.6745011086474502,2025-01-02 05:53:08.111719,2025-01-02 05:53:13.262041,0 days 00:00:05.150322,1,110,,,,,,,,,,,,,,,,,,,,COMPLETE
580,580,0.6123642439431913,2025-01-02 05:53:13.262677,2025-01-02 05:53:18.993462,0 days 00:00:05.730785,2,130,150.0,,,,,,,,,,,,,,,,,,,COMPLETE
581,581,0.6486151302190988,2025-01-02 05:53:18.994117,2025-01-02 05:53:24.179163,0 days 00:00:05.185046,1,155,,,,,,,,,,,,,,,,,,,,COMPLETE
582,582,0.6802507836990596,2025-01-02 05:53:24.179796,2025-01-02 05:53:29.229837,0 days 00:00:05.050041,1,30,,,,,,,,,,,,,,,,,,,,COMPLETE
583,583,0.5755517826825127,2025-01-02 05:53:29.230456,2025-01-02 05:53:35.450228,0 days 00:00:06.219772,2,115,50.0,,,,,,,,,,,,,,,,,,,COMPLETE
584,584,0.5714285714285714,2025-01-02 05:53:35.450869,2025-01-02 05:53:41.253556,0 days 00:00:05.802687,2,135,100.0,,,,,,,,,,,,,,,,,,,COMPLETE
585,585,0.5721484196060467,2025-01-02 05:53:41.254195,2025-01-02 05:53:46.856897,0 days 00:00:05.602702,1,150,,,,,,,,,,,,,,,,,,,,COMPLETE
586,586,0.62004662004662,2025-01-02 05:53:46.857511,2025-01-02 05:53:51.023139,0 days 00:00:04.165628,1,125,,,,,,,,,,,,,,,,,,,,COMPLETE
587,587,0.587719298245614,2025-01-02 05:53:51.023902,2025-01-02 05:53:58.495083,0 days 00:00:07.471181,2,110,20.0,,,,,,,,,,,,,,,,,,,COMPLETE
588,588,0.6954022988505747,2025-01-02 05:53:58.495793,2025-01-02 05:54:03.629425,0 days 00:00:05.133632,1,120,,,,,,,,,,,,,,,,,,,,COMPLETE
589,589,0.6595238095238095,2025-01-02 05:54:03.630071,2025-01-02 05:54:08.640743,0 days 00:00:05.010672,1,15,,,,,,,,,,,,,,,,,,,,COMPLETE
590,590,0.5495495495495495,2025-01-02 05:54:08.641364,2025-01-02 05:54:14.372593,0 days 00:00:05.731229,2,115,120.0,,,,,,,,,,,,,,,,,,,COMPLETE
591,591,0.5755517826825127,2025-01-02 05:54:14.373237,2025-01-02 05:54:19.558526,0 days 00:00:05.185289,1,170,,,,,,,,,,,,,,,,,,,,COMPLETE
592,592,0.7076923076923077,2025-01-02 05:54:19.559143,2025-01-02 05:54:27.100118,0 days 00:00:07.540975,3,5,110.0,,,,,,,,,,,150.0,,,,,,,,COMPLETE
593,593,0.6546003016591252,2025-01-02 05:54:27.100791,2025-01-02 05:54:32.575851,0 days 00:00:05.475060,1,105,,,,,,,,,,,,,,,,,,,,COMPLETE
594,594,0.7029780564263323,2025-01-02 05:54:32.576449,2025-01-02 05:54:39.233077,0 days 00:00:06.656628,2,135,40.0,,,,,,,,,,,,,,,,,,,COMPLETE
595,595,0.7182241317579663,2025-01-02 05:54:39.233755,2025-01-02 05:54:43.784936,0 days 00:00:04.551181,1,130,,,,,,,,,,,,,,,,,,,,COMPLETE
596,596,0.5770609318996416,2025-01-02 05:54:43.785562,2025-01-02 05:54:51.257406,0 days 00:00:07.471844,3,105,160.0,,,,,,,,,,,125.0,,,,,,,,COMPLETE
597,597,0.6305418719211823,2025-01-02 05:54:51.258072,2025-01-02 05:54:56.384977,0 days 00:00:05.126905,1,125,,,,,,,,,,,,,,,,,,,,COMPLETE
598,598,0.5868421052631578,2025-01-02 05:54:56.385601,2025-01-02 05:55:02.603533,0 days 00:00:06.217932,2,140,25.0,,,,,,,,,,,,,,,,,,,COMPLETE
599,599,0.3811252268602541,2025-01-02 05:55:02.604177,2025-01-02 05:55:55.565651,0 days 00:00:52.961474,19,120,175.0,90.0,30.0,170.0,85.0,30.0,110.0,75.0,60.0,115.0,,45.0,65.0,150.0,100.0,185.0,60.0,60.0,40.0,COMPLETE
600,600,0.6405529953917051,2025-01-02 05:55:55.566657,2025-01-02 05:56:01.037567,0 days 00:00:05.470910,1,110,,,,,,,,,,,,,,,,,,,,COMPLETE
601,601,0.6123424598000868,2025-01-02 05:56:01.038209,2025-01-02 05:56:05.538519,0 days 00:00:04.500310,1,160,,,,,,,,,,,,,,,,,,,,COMPLETE
602,602,0.6486151302190988,2025-01-02 05:56:05.539133,2025-01-02 05:56:10.132321,0 days 00:00:04.593188,2,100,5.0,,,,,,,,,,,,,,,,,,,COMPLETE
603,603,0.65,2025-01-02 05:56:10.133176,2025-01-02 05:56:14.938406,0 days 00:00:04.805230,1,115,,,,,,,,,,,,,,,,,,,,COMPLETE
604,604,0.6426829268292682,2025-01-02 05:56:14.939039,2025-01-02 05:56:19.759166,0 days 00:00:04.820127,1,145,,,,,,,,,,,,,,,,,,,,COMPLETE
605,605,0.66545601291364,2025-01-02 05:56:19.759814,2025-01-02 05:56:25.918946,0 days 00:00:06.159132,2,110,50.0,,,,,,,,,,,,,,,,,,,COMPLETE
606,606,0.5245098039215687,2025-01-02 05:56:25.919579,2025-01-02 05:57:09.573583,0 days 00:00:43.654004,15,130,20.0,120.0,110.0,140.0,130.0,170.0,,,,,,115.0,200.0,85.0,45.0,65.0,165.0,45.0,5.0,COMPLETE
607,607,0.7073995771670191,2025-01-02 05:57:09.574494,2025-01-02 05:57:14.737208,0 days 00:00:05.162714,1,105,,,,,,,,,,,,,,,,,,,,COMPLETE
608,608,0.7010869565217391,2025-01-02 05:57:14.737852,2025-01-02 05:57:19.954893,0 days 00:00:05.217041,1,155,,,,,,,,,,,,,,,,,,,,COMPLETE
609,609,0.5925925925925926,2025-01-02 05:57:19.955541,2025-01-02 05:57:26.162015,0 days 00:00:06.206474,2,120,15.0,,,,,,,,,,,,,,,,,,,COMPLETE
610,610,0.5277777777777778,2025-01-02 05:57:26.162671,2025-01-02 05:57:35.078879,0 days 00:00:08.916208,4,100,30.0,,,,,,,,,,,95.0,115.0,,,,,,,COMPLETE
611,611,0.6659619450317125,2025-01-02 05:57:35.079554,2025-01-02 05:57:40.586528,0 days 00:00:05.506974,1,110,,,,,,,,,,,,,,,,,,,,COMPLETE
612,612,0.6604010025062657,2025-01-02 05:57:40.587163,2025-01-02 05:57:47.231252,0 days 00:00:06.644089,2,165,10.0,,,,,,,,,,,,,,,,,,,COMPLETE
613,613,0.7113095238095238,2025-01-02 05:57:47.231926,2025-01-02 05:57:52.715880,0 days 00:00:05.483954,1,150,,,,,,,,,,,,,,,,,,,,COMPLETE
614,614,0.6179966044142615,2025-01-02 05:57:52.716494,2025-01-02 05:58:00.253352,0 days 00:00:07.536858,3,135,65.0,,,,,,,,,,,195.0,,,,,,,,COMPLETE
615,615,0.6087912087912088,2025-01-02 05:58:00.253976,2025-01-02 05:58:05.082396,0 days 00:00:04.828420,1,125,,,,,,,,,,,,,,,,,,,,COMPLETE
616,616,0.6715927750410509,2025-01-02 05:58:05.083058,2025-01-02 05:58:10.881054,0 days 00:00:05.797996,2,105,130.0,,,,,,,,,,,,,,,,,,,COMPLETE
617,617,0.696969696969697,2025-01-02 05:58:10.881711,2025-01-02 05:58:16.031492,0 days 00:00:05.149781,1,95,,,,,,,,,,,,,,,,,,,,COMPLETE
618,618,0.7521586184841702,2025-01-02 05:58:16.032124,2025-01-02 05:58:21.191276,0 days 00:00:05.159152,1,100,,,,,,,,,,,,,,,,,,,,COMPLETE
619,619,0.5495495495495495,2025-01-02 05:58:21.192080,2025-01-02 05:58:27.853507,0 days 00:00:06.661427,2,130,35.0,,,,,,,,,,,,,,,,,,,COMPLETE
620,620,0.7390606182256123,2025-01-02 05:58:27.854224,2025-01-02 05:58:32.638724,0 days 00:00:04.784500,1,95,,,,,,,,,,,,,,,,,,,,COMPLETE
621,621,0.6314102564102564,2025-01-02 05:58:32.639357,2025-01-02 05:58:37.409228,0 days 00:00:04.769871,1,95,,,,,,,,,,,,,,,,,,,,COMPLETE
622,622,0.5495495495495495,2025-01-02 05:58:37.409876,2025-01-02 05:58:44.899572,0 days 00:00:07.489696,3,95,90.0,,,,,,,,,,,170.0,,,,,,,,COMPLETE
623,623,0.5495495495495495,2025-01-02 05:58:44.900226,2025-01-02 05:58:51.073863,0 days 00:00:06.173637,2,90,55.0,,,,,,,,,,,,,,,,,,,COMPLETE
624,624,0.6957478005865103,2025-01-02 05:58:51.074535,2025-01-02 05:58:55.843449,0 days 00:00:04.768914,1,85,,,,,,,,,,,,,,,,,,,,COMPLETE
625,625,0.6465878764773161,2025-01-02 05:58:55.844109,2025-01-02 05:59:01.275605,0 days 00:00:05.431496,1,90,,,,,,,,,,,,,,,,,,,,COMPLETE
626,626,0.554925893635571,2025-01-02 05:59:01.276249,2025-01-02 05:59:07.836271,0 days 00:00:06.560022,2,85,45.0,,,,,,,,,,,,,,,,,,,COMPLETE
627,627,0.7390606182256123,2025-01-02 05:59:07.836948,2025-01-02 05:59:12.966285,0 days 00:00:05.129337,1,125,,,,,,,,,,,,,,,,,,,,COMPLETE
628,628,0.6845238095238095,2025-01-02 05:59:12.966940,2025-01-02 05:59:18.106727,0 days 00:00:05.139787,1,95,,,,,,,,,,,,,,,,,,,,COMPLETE
629,629,0.5277777777777778,2025-01-02 05:59:18.107368,2025-01-02 05:59:24.285033,0 days 00:00:06.177665,2,125,155.0,,,,,,,,,,,,,,,,,,,COMPLETE
630,630,0.6940024479804161,2025-01-02 05:59:24.285711,2025-01-02 05:59:31.801547,0 days 00:00:07.515836,3,95,25.0,,,,,,,,,,,70.0,,,,,,,,COMPLETE
631,631,0.5784825371336813,2025-01-02 05:59:31.802206,2025-01-02 05:59:40.519245,0 days 00:00:08.717039,4,100,5.0,,,,,,,,,,,90.0,170.0,,,,,,,COMPLETE
632,632,0.6386363636363637,2025-01-02 05:59:40.519906,2025-01-02 05:59:45.953936,0 days 00:00:05.434030,1,75,,,,,,,,,,,,,,,,,,,,COMPLETE
633,633,0.5495495495495495,2025-01-02 05:59:45.954575,2025-01-02 05:59:52.142899,0 days 00:00:06.188324,2,90,60.0,,,,,,,,,,,,,,,,,,,COMPLETE
634,634,0.5798525798525799,2025-01-02 05:59:52.143578,2025-01-02 05:59:57.206444,0 days 00:00:05.062866,1,60,,,,,,,,,,,,,,,,,,,,COMPLETE
635,635,0.702939885914875,2025-01-02 05:59:57.207082,2025-01-02 06:00:00.674598,0 days 00:00:03.467516,1,120,,,,,,,,,,,,,,,,,,,,COMPLETE
636,636,0.7004118050789293,2025-01-02 06:00:00.675252,2025-01-02 06:00:05.824490,0 days 00:00:05.149238,1,125,,,,,,,,,,,,,,,,,,,,COMPLETE
637,637,0.5175213675213676,2025-01-02 06:00:05.825136,2025-01-02 06:00:12.394998,0 days 00:00:06.569862,2,35,125.0,,,,,,,,,,,,,,,,,,,COMPLETE
638,638,0.6248313090418354,2025-01-02 06:00:12.395681,2025-01-02 06:00:17.678161,0 days 00:00:05.282480,1,120,,,,,,,,,,,,,,,,,,,,COMPLETE
639,639,0.6305418719211823,2025-01-02 06:00:17.678833,2025-01-02 06:00:23.903012,0 days 00:00:06.224179,2,100,15.0,,,,,,,,,,,,,,,,,,,COMPLETE
640,640,0.6523255813953488,2025-01-02 06:00:23.903691,2025-01-02 06:00:28.435647,0 days 00:00:04.531956,1,115,,,,,,,,,,,,,,,,,,,,COMPLETE
641,641,0.6139830508474576,2025-01-02 06:00:28.436297,2025-01-02 06:00:33.937075,0 days 00:00:05.500778,1,125,,,,,,,,,,,,,,,,,,,,COMPLETE
642,642,0.5951199338296111,2025-01-02 06:00:33.937825,2025-01-02 06:00:39.718516,0 days 00:00:05.780691,2,150,165.0,,,,,,,,,,,,,,,,,,,COMPLETE
643,643,0.0,2025-01-02 06:00:39.719321,2025-01-02 06:01:21.065789,0 days 00:00:41.346468,14,140,30.0,185.0,125.0,40.0,5.0,,,,,,,35.0,90.0,10.0,105.0,15.0,185.0,185.0,105.0,COMPLETE
644,644,0.7498240675580576,2025-01-02 06:01:21.067057,2025-01-02 06:01:25.914956,0 days 00:00:04.847899,1,145,,,,,,,,,,,,,,,,,,,,COMPLETE
645,645,0.6731601731601732,2025-01-02 06:01:25.916272,2025-01-02 06:01:31.114355,0 days 00:00:05.198083,1,150,,,,,,,,,,,,,,,,,,,,COMPLETE
646,646,0.6064102564102564,2025-01-02 06:01:31.115052,2025-01-02 06:01:37.366728,0 days 00:00:06.251676,2,145,80.0,,,,,,,,,,,,,,,,,,,COMPLETE
647,647,0.7296442687747036,2025-01-02 06:01:37.367302,2025-01-02 06:01:42.522000,0 days 00:00:05.154698,1,155,,,,,,,,,,,,,,,,,,,,COMPLETE
648,648,0.7159090909090908,2025-01-02 06:01:42.522665,2025-01-02 06:01:50.116679,0 days 00:00:07.594014,3,140,20.0,,,,,,,,,,,85.0,,,,,,,,COMPLETE
649,649,0.6745011086474502,2025-01-02 06:01:50.117353,2025-01-02 06:01:54.603435,0 days 00:00:04.486082,1,145,,,,,,,,,,,,,,,,,,,,COMPLETE
650,650,0.6313926042486231,2025-01-02 06:01:54.604092,2025-01-02 06:02:00.919790,0 days 00:00:06.315698,2,140,10.0,,,,,,,,,,,,,,,,,,,COMPLETE
651,651,0.7181964573268921,2025-01-02 06:02:00.920424,2025-01-02 06:02:06.434994,0 days 00:00:05.514570,1,145,,,,,,,,,,,,,,,,,,,,COMPLETE
652,652,0.7373737373737375,2025-01-02 06:02:06.435646,2025-01-02 06:02:13.966104,0 days 00:00:07.530458,3,150,40.0,,,,,,,,,,,135.0,,,,,,,,COMPLETE
653,653,0.6369452219112355,2025-01-02 06:02:13.966786,2025-01-02 06:02:22.821329,0 days 00:00:08.854543,4,150,40.0,,,,,,,,,,,135.0,20.0,,,,,,,COMPLETE
654,654,0.6427070197562001,2025-01-02 06:02:22.822021,2025-01-02 06:02:29.861636,0 days 00:00:07.039615,3,155,35.0,,,,,,,,,,,145.0,,,,,,,,COMPLETE
655,655,0.5755517826825127,2025-01-02 06:02:29.862334,2025-01-02 06:02:37.489250,0 days 00:00:07.626916,3,150,25.0,,,,,,,,,,,110.0,,,,,,,,COMPLETE
656,656,0.6559322033898305,2025-01-02 06:02:37.489985,2025-01-02 06:02:45.112085,0 days 00:00:07.622100,3,155,20.0,,,,,,,,,,,120.0,,,,,,,,COMPLETE
657,657,0.5889830508474576,2025-01-02 06:02:45.112766,2025-01-02 06:02:52.647802,0 days 00:00:07.535036,3,145,45.0,,,,,,,,,,,140.0,,,,,,,,COMPLETE
658,658,0.5951199338296111,2025-01-02 06:02:52.648693,2025-01-02 06:03:00.196114,0 days 00:00:07.547421,3,150,40.0,,,,,,,,,,,130.0,,,,,,,,COMPLETE
659,659,0.6728813559322033,2025-01-02 06:03:00.196818,2025-01-02 06:03:09.096332,0 days 00:00:08.899514,4,160,15.0,,,,,,,,,,,125.0,45.0,,,,,,,COMPLETE
660,660,0.5555555555555556,2025-01-02 06:03:09.097031,2025-01-02 06:03:16.101620,0 days 00:00:07.004589,3,150,30.0,,,,,,,,,,,155.0,,,,,,,,COMPLETE
661,661,0.42962962962962964,2025-01-02 06:03:16.102283,2025-01-02 06:03:23.185667,0 days 00:00:07.083384,2,145,5.0,,,,,,,,,,,,,,,,,,,COMPLETE
662,662,0.5329059829059829,2025-01-02 06:03:23.186315,2025-01-02 06:04:08.964503,0 days 00:00:45.778188,20,145,20.0,65.0,60.0,75.0,120.0,110.0,55.0,150.0,165.0,85.0,10.0,160.0,185.0,110.0,175.0,95.0,10.0,170.0,125.0,COMPLETE
663,663,0.5957547169811321,2025-01-02 06:04:08.965467,2025-01-02 06:04:25.815152,0 days 00:00:16.849685,9,160,15.0,,,,,,,,,,,115.0,10.0,65.0,150.0,140.0,35.0,95.0,,COMPLETE
664,664,0.5492063492063493,2025-01-02 06:04:25.816456,2025-01-02 06:04:32.805864,0 days 00:00:06.989408,3,135,25.0,,,,,,,,,,,135.0,,,,,,,,COMPLETE
665,665,0.6016260162601625,2025-01-02 06:04:32.806544,2025-01-02 06:04:42.284533,0 days 00:00:09.477989,4,20,35.0,,,,,,,,,,,150.0,25.0,,,,,,,COMPLETE
666,666,0.5828779599271403,2025-01-02 06:04:42.285218,2025-01-02 06:04:48.950026,0 days 00:00:06.664808,2,140,10.0,,,,,,,,,,,,,,,,,,,COMPLETE
667,667,0.4874601003191974,2025-01-02 06:04:48.950705,2025-01-02 06:05:01.740830,0 days 00:00:12.790125,6,155,5.0,,,,,,,,,,,105.0,110.0,55.0,200.0,,,,,COMPLETE
668,668,0.5927743086529884,2025-01-02 06:05:01.741549,2025-01-02 06:05:08.739555,0 days 00:00:06.998006,3,130,30.0,,,,,,,,,,,100.0,,,,,,,,COMPLETE
669,669,0.5847684653654803,2025-01-02 06:05:08.740333,2025-01-02 06:05:14.515462,0 days 00:00:05.775129,2,145,45.0,,,,,,,,,,,,,,,,,,,COMPLETE
670,670,0.6123424598000868,2025-01-02 06:05:14.516264,2025-01-02 06:05:20.704027,0 days 00:00:06.187763,2,135,25.0,,,,,,,,,,,,,,,,,,,COMPLETE
671,671,0.6876503608660787,2025-01-02 06:05:20.704705,2025-01-02 06:05:25.780724,0 days 00:00:05.076019,1,80,,,,,,,,,,,,,,,,,,,,COMPLETE
672,672,0.6048387096774194,2025-01-02 06:05:25.781353,2025-01-02 06:05:31.319618,0 days 00:00:05.538265,1,165,,,,,,,,,,,,,,,,,,,,COMPLETE
673,673,0.5039024390243902,2025-01-02 06:05:31.320278,2025-01-02 06:06:17.471973,0 days 00:00:46.151695,16,140,55.0,85.0,170.0,180.0,155.0,75.0,170.0,,,,,145.0,65.0,30.0,140.0,195.0,130.0,15.0,65.0,COMPLETE
674,674,0.59064039408867,2025-01-02 06:06:17.472879,2025-01-02 06:06:24.391767,0 days 00:00:06.918888,2,10,10.0,,,,,,,,,,,,,,,,,,,COMPLETE
675,675,0.6733333333333333,2025-01-02 06:06:24.392426,2025-01-02 06:06:33.293773,0 days 00:00:08.901347,4,150,40.0,,,,,,,,,,,125.0,80.0,,,,,,,COMPLETE
676,676,0.5559322033898305,2025-01-02 06:06:33.294479,2025-01-02 06:06:38.127914,0 days 00:00:04.833435,1,125,,,,,,,,,,,,,,,,,,,,COMPLETE
677,677,0.5875055383252105,2025-01-02 06:06:38.128558,2025-01-02 06:06:44.309280,0 days 00:00:06.180722,2,130,65.0,,,,,,,,,,,,,,,,,,,COMPLETE
678,678,0.7037582903463522,2025-01-02 06:06:44.309953,2025-01-02 06:06:50.050747,0 days 00:00:05.740794,1,120,,,,,,,,,,,,,,,,,,,,COMPLETE
679,679,0.5782851817334576,2025-01-02 06:06:50.051397,2025-01-02 06:06:56.150771,0 days 00:00:06.099374,2,25,50.0,,,,,,,,,,,,,,,,,,,COMPLETE
680,680,0.6659619450317125,2025-01-02 06:06:56.151429,2025-01-02 06:07:01.332379,0 days 00:00:05.180950,1,140,,,,,,,,,,,,,,,,,,,,COMPLETE
681,681,0.5927743086529884,2025-01-02 06:07:01.333042,2025-01-02 06:07:08.363446,0 days 00:00:07.030404,2,130,15.0,,,,,,,,,,,,,,,,,,,COMPLETE
682,682,0.7047619047619047,2025-01-02 06:07:08.364141,2025-01-02 06:07:13.201741,0 days 00:00:04.837600,1,145,,,,,,,,,,,,,,,,,,,,COMPLETE
683,683,0.5701754385964912,2025-01-02 06:07:13.202374,2025-01-02 06:07:18.022888,0 days 00:00:04.820514,1,155,,,,,,,,,,,,,,,,,,,,COMPLETE
684,684,0.702939885914875,2025-01-02 06:07:18.023544,2025-01-02 06:07:23.504208,0 days 00:00:05.480664,1,125,,,,,,,,,,,,,,,,,,,,COMPLETE
685,685,0.610655737704918,2025-01-02 06:07:23.504927,2025-01-02 06:07:31.106259,0 days 00:00:07.601332,3,135,20.0,,,,,,,,,,,185.0,,,,,,,,COMPLETE
686,686,0.6715927750410509,2025-01-02 06:07:31.107113,2025-01-02 06:07:35.518998,0 days 00:00:04.411885,2,50,5.0,,,,,,,,,,,,,,,,,,,COMPLETE
687,687,0.7354404448346503,2025-01-02 06:07:35.519676,2025-01-02 06:07:40.698554,0 days 00:00:05.178878,1,135,,,,,,,,,,,,,,,,,,,,COMPLETE
688,688,0.6553734061930783,2025-01-02 06:07:40.699217,2025-01-02 06:07:45.847725,0 days 00:00:05.148508,1,140,,,,,,,,,,,,,,,,,,,,COMPLETE
689,689,0.5555555555555556,2025-01-02 06:07:45.848373,2025-01-02 06:07:51.015051,0 days 00:00:05.166678,1,135,,,,,,,,,,,,,,,,,,,,COMPLETE
690,690,0.6123424598000868,2025-01-02 06:07:51.015680,2025-01-02 06:07:56.498002,0 days 00:00:05.482322,1,130,,,,,,,,,,,,,,,,,,,,COMPLETE
691,691,0.6369452219112355,2025-01-02 06:07:56.498656,2025-01-02 06:08:01.720409,0 days 00:00:05.221753,1,135,,,,,,,,,,,,,,,,,,,,COMPLETE
692,692,0.6779448621553885,2025-01-02 06:08:01.721069,2025-01-02 06:08:07.228773,0 days 00:00:05.507704,1,135,,,,,,,,,,,,,,,,,,,,COMPLETE
693,693,0.62004662004662,2025-01-02 06:08:07.229429,2025-01-02 06:08:12.430338,0 days 00:00:05.200909,1,130,,,,,,,,,,,,,,,,,,,,COMPLETE
694,694,0.6594684385382059,2025-01-02 06:08:12.431014,2025-01-02 06:08:17.609129,0 days 00:00:05.178115,1,145,,,,,,,,,,,,,,,,,,,,COMPLETE
695,695,0.4347826086956522,2025-01-02 06:08:17.609800,2025-01-02 06:08:45.652540,0 days 00:00:28.042740,8,150,60.0,,,,,,,,,,,170.0,195.0,185.0,5.0,120.0,80.0,,,COMPLETE
696,696,0.5306122448979591,2025-01-02 06:08:45.653360,2025-01-02 06:08:50.813089,0 days 00:00:05.159729,1,125,,,,,,,,,,,,,,,,,,,,COMPLETE
697,697,0.7093301435406698,2025-01-02 06:08:50.813759,2025-01-02 06:08:55.294596,0 days 00:00:04.480837,1,140,,,,,,,,,,,,,,,,,,,,COMPLETE
698,698,0.550376647834275,2025-01-02 06:08:55.295245,2025-01-02 06:09:00.413184,0 days 00:00:05.117939,1,120,,,,,,,,,,,,,,,,,,,,COMPLETE
699,699,0.6769641495041953,2025-01-02 06:09:00.413823,2025-01-02 06:09:05.958061,0 days 00:00:05.544238,1,160,,,,,,,,,,,,,,,,,,,,COMPLETE
700,700,0.6892655367231638,2025-01-02 06:09:05.958738,2025-01-02 06:09:10.795840,0 days 00:00:04.837102,1,130,,,,,,,,,,,,,,,,,,,,COMPLETE
701,701,0.5927743086529884,2025-01-02 06:09:10.796514,2025-01-02 06:09:16.549374,0 days 00:00:05.752860,2,135,70.0,,,,,,,,,,,,,,,,,,,COMPLETE
702,702,0.6471531676022454,2025-01-02 06:09:16.550061,2025-01-02 06:09:22.069905,0 days 00:00:05.519844,1,155,,,,,,,,,,,,,,,,,,,,COMPLETE
703,703,0.6963577353047241,2025-01-02 06:09:22.070573,2025-01-02 06:09:26.547438,0 days 00:00:04.476865,1,115,,,,,,,,,,,,,,,,,,,,COMPLETE
704,704,0.6309322033898306,2025-01-02 06:09:26.548098,2025-01-02 06:09:31.356192,0 days 00:00:04.808094,1,90,,,,,,,,,,,,,,,,,,,,COMPLETE
705,705,0.66545601291364,2025-01-02 06:09:31.357038,2025-01-02 06:09:37.538106,0 days 00:00:06.181068,2,125,75.0,,,,,,,,,,,,,,,,,,,COMPLETE
706,706,0.6845238095238095,2025-01-02 06:09:37.538843,2025-01-02 06:09:43.695873,0 days 00:00:06.157030,2,120,60.0,,,,,,,,,,,,,,,,,,,COMPLETE
707,707,0.6753246753246753,2025-01-02 06:09:43.696569,2025-01-02 06:09:48.523248,0 days 00:00:04.826679,1,150,,,,,,,,,,,,,,,,,,,,COMPLETE
708,708,0.6653726708074534,2025-01-02 06:09:48.523902,2025-01-02 06:09:55.015308,0 days 00:00:06.491406,1,140,,,,,,,,,,,,,,,,,,,,COMPLETE
709,709,0.4585342333654774,2025-01-02 06:09:55.015983,2025-01-02 06:10:03.883153,0 days 00:00:08.867170,4,130,140.0,,,,,,,,,,,140.0,120.0,,,,,,,COMPLETE
710,710,0.5384615384615385,2025-01-02 06:10:03.883838,2025-01-02 06:10:10.033185,0 days 00:00:06.149347,2,145,105.0,,,,,,,,,,,,,,,,,,,COMPLETE
711,711,0.3130081300813008,2025-01-02 06:10:10.033847,2025-01-02 06:10:46.670838,0 days 00:00:36.636991,12,125,200.0,165.0,80.0,,,,,,,,,25.0,145.0,95.0,85.0,165.0,50.0,160.0,80.0,COMPLETE
712,712,0.6278772378516624,2025-01-02 06:10:46.671674,2025-01-02 06:10:51.494772,0 days 00:00:04.823098,1,120,,,,,,,,,,,,,,,,,,,,COMPLETE
713,713,0.6365914786967418,2025-01-02 06:10:51.495438,2025-01-02 06:10:57.034116,0 days 00:00:05.538678,1,140,,,,,,,,,,,,,,,,,,,,COMPLETE
714,714,0.625,2025-01-02 06:10:57.034799,2025-01-02 06:11:03.225376,0 days 00:00:06.190577,2,115,95.0,,,,,,,,,,,,,,,,,,,COMPLETE
715,715,0.3916223404255319,2025-01-02 06:11:03.226101,2025-01-02 06:11:16.908998,0 days 00:00:13.682897,7,85,50.0,,,,,,,,,,,80.0,160.0,45.0,120.0,75.0,,,,COMPLETE
716,716,0.6482334869431643,2025-01-02 06:11:16.909768,2025-01-02 06:11:22.051471,0 days 00:00:05.141703,1,130,,,,,,,,,,,,,,,,,,,,COMPLETE
717,717,0.7181964573268921,2025-01-02 06:11:22.052146,2025-01-02 06:11:27.817025,0 days 00:00:05.764879,2,135,80.0,,,,,,,,,,,,,,,,,,,COMPLETE
718,718,0.6959517657192076,2025-01-02 06:11:27.817724,2025-01-02 06:11:33.369314,0 days 00:00:05.551590,1,155,,,,,,,,,,,,,,,,,,,,COMPLETE
719,719,0.5868421052631578,2025-01-02 06:11:33.369992,2025-01-02 06:11:40.899244,0 days 00:00:07.529252,3,145,115.0,,,,,,,,,,,55.0,,,,,,,,COMPLETE
720,720,0.6657095980311731,2025-01-02 06:11:40.900005,2025-01-02 06:11:51.260331,0 days 00:00:10.360326,5,125,65.0,,,,,,,,,,,95.0,55.0,145.0,,,,,,COMPLETE
721,721,0.6563192904656319,2025-01-02 06:11:51.261310,2025-01-02 06:11:56.397343,0 days 00:00:05.136033,1,115,,,,,,,,,,,,,,,,,,,,COMPLETE
722,722,0.5722222222222222,2025-01-02 06:11:56.398022,2025-01-02 06:12:02.155474,0 days 00:00:05.757452,2,95,180.0,,,,,,,,,,,,,,,,,,,COMPLETE
723,723,0.603125,2025-01-02 06:12:02.156184,2025-01-02 06:12:06.969046,0 days 00:00:04.812862,1,135,,,,,,,,,,,,,,,,,,,,COMPLETE
724,724,0.6922773837667455,2025-01-02 06:12:06.969716,2025-01-02 06:12:12.819252,0 days 00:00:05.849536,1,150,,,,,,,,,,,,,,,,,,,,COMPLETE
725,725,0.6006725514922235,2025-01-02 06:12:12.819936,2025-01-02 06:12:19.463003,0 days 00:00:06.643067,2,140,75.0,,,,,,,,,,,,,,,,,,,COMPLETE
726,726,0.6563192904656319,2025-01-02 06:12:19.463677,2025-01-02 06:12:24.634253,0 days 00:00:05.170576,1,125,,,,,,,,,,,,,,,,,,,,COMPLETE
727,727,0.5951199338296111,2025-01-02 06:12:24.634911,2025-01-02 06:12:29.102085,0 days 00:00:04.467174,1,120,,,,,,,,,,,,,,,,,,,,COMPLETE
728,728,0.5495495495495495,2025-01-02 06:12:29.102730,2025-01-02 06:12:35.313852,0 days 00:00:06.211122,2,130,100.0,,,,,,,,,,,,,,,,,,,COMPLETE
729,729,0.54375,2025-01-02 06:12:35.314535,2025-01-02 06:12:42.754570,0 days 00:00:07.440035,3,100,55.0,,,,,,,,,,,120.0,,,,,,,,COMPLETE
730,730,0.725,2025-01-02 06:12:42.755244,2025-01-02 06:12:47.941097,0 days 00:00:05.185853,1,145,,,,,,,,,,,,,,,,,,,,COMPLETE
731,731,0.550376647834275,2025-01-02 06:12:47.941766,2025-01-02 06:12:53.085388,0 days 00:00:05.143622,1,120,,,,,,,,,,,,,,,,,,,,COMPLETE
732,732,0.7773584905660378,2025-01-02 06:12:53.086071,2025-01-02 06:12:58.248077,0 days 00:00:05.162006,1,130,,,,,,,,,,,,,,,,,,,,COMPLETE
733,733,0.5175213675213676,2025-01-02 06:12:58.248726,2025-01-02 06:13:04.550500,0 days 00:00:06.301774,2,200,45.0,,,,,,,,,,,,,,,,,,,COMPLETE
734,734,0.554925893635571,2025-01-02 06:13:04.551204,2025-01-02 06:13:09.419908,0 days 00:00:04.868704,1,125,,,,,,,,,,,,,,,,,,,,COMPLETE
735,735,0.5555555555555556,2025-01-02 06:13:09.420572,2025-01-02 06:13:15.182301,0 days 00:00:05.761729,2,125,35.0,,,,,,,,,,,,,,,,,,,COMPLETE
736,736,0.5149321266968326,2025-01-02 06:13:15.182990,2025-01-02 06:13:22.160782,0 days 00:00:06.977792,3,130,30.0,,,,,,,,,,,130.0,,,,,,,,COMPLETE
737,737,0.625,2025-01-02 06:13:22.161464,2025-01-02 06:13:27.301765,0 days 00:00:05.140301,1,115,,,,,,,,,,,,,,,,,,,,COMPLETE
738,738,0.6379834854411126,2025-01-02 06:13:27.302458,2025-01-02 06:13:36.093310,0 days 00:00:08.790852,4,120,130.0,,,,,,,,,,,160.0,130.0,,,,,,,COMPLETE
739,739,0.4660397074190178,2025-01-02 06:13:36.094039,2025-01-02 06:13:41.211098,0 days 00:00:05.117059,1,130,,,,,,,,,,,,,,,,,,,,COMPLETE
740,740,0.5811044003451251,2025-01-02 06:13:41.211769,2025-01-02 06:13:47.316341,0 days 00:00:06.104572,2,110,85.0,,,,,,,,,,,,,,,,,,,COMPLETE
741,741,0.6940024479804161,2025-01-02 06:13:47.317047,2025-01-02 06:13:52.512098,0 days 00:00:05.195051,1,160,,,,,,,,,,,,,,,,,,,,COMPLETE
742,742,0.6349206349206349,2025-01-02 06:13:52.512763,2025-01-02 06:13:57.611543,0 days 00:00:05.098780,1,90,,,,,,,,,,,,,,,,,,,,COMPLETE
743,743,0.6940024479804161,2025-01-02 06:13:57.612220,2025-01-02 06:14:04.245631,0 days 00:00:06.633411,2,120,50.0,,,,,,,,,,,,,,,,,,,COMPLETE
744,744,0.6434210526315789,2025-01-02 06:14:04.246472,2025-01-02 06:14:09.792800,0 days 00:00:05.546328,1,130,,,,,,,,,,,,,,,,,,,,COMPLETE
745,745,0.5721484196060467,2025-01-02 06:14:09.793545,2025-01-02 06:14:15.975082,0 days 00:00:06.181537,2,95,170.0,,,,,,,,,,,,,,,,,,,COMPLETE
746,746,0.6547518923465097,2025-01-02 06:14:15.975785,2025-01-02 06:14:21.768334,0 days 00:00:05.792549,1,110,,,,,,,,,,,,,,,,,,,,COMPLETE
747,747,0.6547518923465097,2025-01-02 06:14:21.769038,2025-01-02 06:14:27.008512,0 days 00:00:05.239474,1,165,,,,,,,,,,,,,,,,,,,,COMPLETE
748,748,0.5755517826825127,2025-01-02 06:14:27.009176,2025-01-02 06:14:34.419240,0 days 00:00:07.410064,3,100,40.0,,,,,,,,,,,100.0,,,,,,,,COMPLETE
749,749,0.6309322033898306,2025-01-02 06:14:34.419955,2025-01-02 06:14:40.561438,0 days 00:00:06.141483,2,115,110.0,,,,,,,,,,,,,,,,,,,COMPLETE
750,750,0.6833333333333333,2025-01-02 06:14:40.562298,2025-01-02 06:14:45.429612,0 days 00:00:04.867314,1,170,,,,,,,,,,,,,,,,,,,,COMPLETE
751,751,0.6426829268292682,2025-01-02 06:14:45.430265,2025-01-02 06:14:50.575385,0 days 00:00:05.145120,1,125,,,,,,,,,,,,,,,,,,,,COMPLETE
752,752,0.6715927750410509,2025-01-02 06:14:50.576036,2025-01-02 06:14:56.083825,0 days 00:00:05.507789,1,155,,,,,,,,,,,,,,,,,,,,COMPLETE
753,753,0.6854942233632862,2025-01-02 06:14:56.084488,2025-01-02 06:15:01.798187,0 days 00:00:05.713699,2,130,150.0,,,,,,,,,,,,,,,,,,,COMPLETE
754,754,0.6909090909090909,2025-01-02 06:15:01.798882,2025-01-02 06:15:06.581370,0 days 00:00:04.782488,1,115,,,,,,,,,,,,,,,,,,,,COMPLETE
755,755,0.6006725514922235,2025-01-02 06:15:06.582053,2025-01-02 06:15:12.782705,0 days 00:00:06.200652,2,150,70.0,,,,,,,,,,,,,,,,,,,COMPLETE
756,756,0.6796187683284457,2025-01-02 06:15:12.783385,2025-01-02 06:15:16.920506,0 days 00:00:04.137121,1,125,,,,,,,,,,,,,,,,,,,,COMPLETE
757,757,0.6715927750410509,2025-01-02 06:15:16.921184,2025-01-02 06:15:26.364278,0 days 00:00:09.443094,4,100,35.0,,,,,,,,,,,165.0,30.0,,,,,,,COMPLETE
758,758,0.49955357142857143,2025-01-02 06:15:26.364958,2025-01-02 06:15:33.921946,0 days 00:00:07.556988,3,120,20.0,,,,,,,,,,,190.0,,,,,,,,COMPLETE
759,759,0.5074231177094379,2025-01-02 06:15:33.922637,2025-01-02 06:15:48.688634,0 days 00:00:14.765997,8,110,135.0,,,,,,,,,,,175.0,100.0,160.0,190.0,55.0,170.0,,,COMPLETE
760,760,0.554925893635571,2025-01-02 06:15:48.689392,2025-01-02 06:15:54.434117,0 days 00:00:05.744725,2,135,25.0,,,,,,,,,,,,,,,,,,,COMPLETE
761,761,0.6537861046057767,2025-01-02 06:15:54.434832,2025-01-02 06:15:59.576509,0 days 00:00:05.141677,1,90,,,,,,,,,,,,,,,,,,,,COMPLETE
762,762,0.6428571428571428,2025-01-02 06:15:59.577182,2025-01-02 06:16:04.073711,0 days 00:00:04.496529,1,95,,,,,,,,,,,,,,,,,,,,COMPLETE
763,763,0.5781544256120528,2025-01-02 06:16:04.074360,2025-01-02 06:16:08.893948,0 days 00:00:04.819588,1,125,,,,,,,,,,,,,,,,,,,,COMPLETE
764,764,0.5495495495495495,2025-01-02 06:16:08.894616,2025-01-02 06:16:15.162670,0 days 00:00:06.268054,2,180,185.0,,,,,,,,,,,,,,,,,,,COMPLETE
765,765,0.6988913525498892,2025-01-02 06:16:15.163364,2025-01-02 06:16:20.324719,0 days 00:00:05.161355,1,115,,,,,,,,,,,,,,,,,,,,COMPLETE
766,766,0.4627659574468085,2025-01-02 06:16:20.325570,2025-01-02 06:16:55.688256,0 days 00:00:35.362686,11,150,145.0,130.0,,,,,,,,,,85.0,5.0,120.0,70.0,85.0,155.0,150.0,190.0,COMPLETE
767,767,0.5604785112981834,2025-01-02 06:16:55.689153,2025-01-02 06:17:02.316649,0 days 00:00:06.627496,2,135,45.0,,,,,,,,,,,,,,,,,,,COMPLETE
768,768,0.6565656565656566,2025-01-02 06:17:02.317351,2025-01-02 06:17:07.541562,0 days 00:00:05.224211,1,155,,,,,,,,,,,,,,,,,,,,COMPLETE
769,769,0.6818181818181819,2025-01-02 06:17:07.542243,2025-01-02 06:17:13.025429,0 days 00:00:05.483186,1,140,,,,,,,,,,,,,,,,,,,,COMPLETE
770,770,0.5811044003451251,2025-01-02 06:17:13.026110,2025-01-02 06:17:20.536878,0 days 00:00:07.510768,3,100,35.0,,,,,,,,,,,135.0,,,,,,,,COMPLETE
771,771,0.6941223510595762,2025-01-02 06:17:20.537588,2025-01-02 06:17:25.434344,0 days 00:00:04.896756,1,130,,,,,,,,,,,,,,,,,,,,COMPLETE
772,772,0.625,2025-01-02 06:17:25.435030,2025-01-02 06:17:31.612904,0 days 00:00:06.177874,2,120,15.0,,,,,,,,,,,,,,,,,,,COMPLETE
773,773,0.5897435897435896,2025-01-02 06:17:31.613654,2025-01-02 06:17:37.362719,0 days 00:00:05.749065,2,105,160.0,,,,,,,,,,,,,,,,,,,COMPLETE
774,774,0.625,2025-01-02 06:17:37.363399,2025-01-02 06:17:42.129579,0 days 00:00:04.766180,1,110,,,,,,,,,,,,,,,,,,,,COMPLETE
775,775,0.6184792219274977,2025-01-02 06:17:42.130228,2025-01-02 06:17:48.398946,0 days 00:00:06.268718,2,145,60.0,,,,,,,,,,,,,,,,,,,COMPLETE
776,776,0.641025641025641,2025-01-02 06:17:48.400124,2025-01-02 06:17:53.562780,0 days 00:00:05.162656,1,125,,,,,,,,,,,,,,,,,,,,COMPLETE
777,777,0.6666666666666667,2025-01-02 06:17:53.563474,2025-01-02 06:18:01.115513,0 days 00:00:07.552039,3,130,30.0,,,,,,,,,,,200.0,,,,,,,,COMPLETE
778,778,0.6889093419236079,2025-01-02 06:18:01.116227,2025-01-02 06:18:06.279634,0 days 00:00:05.163407,1,160,,,,,,,,,,,,,,,,,,,,COMPLETE
779,779,0.6428571428571428,2025-01-02 06:18:06.280330,2025-01-02 06:18:11.810568,0 days 00:00:05.530238,1,135,,,,,,,,,,,,,,,,,,,,COMPLETE
780,780,0.5924495924495925,2025-01-02 06:18:11.811267,2025-01-02 06:18:17.999173,0 days 00:00:06.187906,2,105,165.0,,,,,,,,,,,,,,,,,,,COMPLETE
781,781,0.635,2025-01-02 06:18:17.999857,2025-01-02 06:18:23.184579,0 days 00:00:05.184722,1,120,,,,,,,,,,,,,,,,,,,,COMPLETE
782,782,0.5782851817334576,2025-01-02 06:18:23.185239,2025-01-02 06:18:28.926936,0 days 00:00:05.741697,2,115,95.0,,,,,,,,,,,,,,,,,,,COMPLETE
783,783,0.6309322033898306,2025-01-02 06:18:28.927639,2025-01-02 06:18:33.753512,0 days 00:00:04.825873,1,100,,,,,,,,,,,,,,,,,,,,COMPLETE
784,784,0.7041666666666666,2025-01-02 06:18:33.754160,2025-01-02 06:18:38.953855,0 days 00:00:05.199695,1,150,,,,,,,,,,,,,,,,,,,,COMPLETE
785,785,0.5604785112981834,2025-01-02 06:18:38.954680,2025-01-02 06:18:45.139592,0 days 00:00:06.184912,2,110,175.0,,,,,,,,,,,,,,,,,,,COMPLETE
786,786,0.6305418719211823,2025-01-02 06:18:45.140373,2025-01-02 06:18:49.981743,0 days 00:00:04.841370,1,155,,,,,,,,,,,,,,,,,,,,COMPLETE
787,787,0.5277777777777778,2025-01-02 06:18:49.982406,2025-01-02 06:18:58.818899,0 days 00:00:08.836493,4,140,45.0,,,,,,,,,,,115.0,35.0,,,,,,,COMPLETE
788,788,0.6254355400696865,2025-01-02 06:18:58.819609,2025-01-02 06:19:04.007079,0 days 00:00:05.187470,1,95,,,,,,,,,,,,,,,,,,,,COMPLETE
789,789,0.651098901098901,2025-01-02 06:19:04.007758,2025-01-02 06:19:09.526599,0 days 00:00:05.518841,1,145,,,,,,,,,,,,,,,,,,,,COMPLETE
790,790,0.6238136324417601,2025-01-02 06:19:09.527270,2025-01-02 06:19:17.049185,0 days 00:00:07.521915,3,130,55.0,,,,,,,,,,,110.0,,,,,,,,COMPLETE
791,791,0.6006725514922235,2025-01-02 06:19:17.049902,2025-01-02 06:19:23.238152,0 days 00:00:06.188250,2,125,85.0,,,,,,,,,,,,,,,,,,,COMPLETE
792,792,0.7073995771670191,2025-01-02 06:19:23.238834,2025-01-02 06:19:28.344416,0 days 00:00:05.105582,1,120,,,,,,,,,,,,,,,,,,,,COMPLETE
793,793,0.7182675814751287,2025-01-02 06:19:28.345069,2025-01-02 06:19:33.163197,0 days 00:00:04.818128,1,110,,,,,,,,,,,,,,,,,,,,COMPLETE
794,794,0.6,2025-01-02 06:19:33.163892,2025-01-02 06:19:39.731065,0 days 00:00:06.567173,2,100,25.0,,,,,,,,,,,,,,,,,,,COMPLETE
795,795,0.125,2025-01-02 06:19:39.731752,2025-01-02 06:20:02.555532,0 days 00:00:22.823780,19,150,125.0,115.0,200.0,150.0,80.0,40.0,130.0,30.0,45.0,5.0,,145.0,15.0,130.0,180.0,180.0,105.0,190.0,15.0,COMPLETE
796,796,0.5133928571428572,2025-01-02 06:20:02.556499,2025-01-02 06:20:07.699646,0 days 00:00:05.143147,1,105,,,,,,,,,,,,,,,,,,,,COMPLETE
797,797,0.7239766081871345,2025-01-02 06:20:07.700323,2025-01-02 06:20:12.530347,0 days 00:00:04.830024,1,125,,,,,,,,,,,,,,,,,,,,COMPLETE
798,798,0.5334975369458128,2025-01-02 06:20:12.531032,2025-01-02 06:20:19.134502,0 days 00:00:06.603470,2,135,15.0,,,,,,,,,,,,,,,,,,,COMPLETE
799,799,0.6580675422138836,2025-01-02 06:20:19.135211,2025-01-02 06:20:23.972640,0 days 00:00:04.837429,1,130,,,,,,,,,,,,,,,,,,,,COMPLETE
800,800,0.6815135987386678,2025-01-02 06:20:23.973326,2025-01-02 06:20:30.132498,0 days 00:00:06.159172,2,75,40.0,,,,,,,,,,,,,,,,,,,COMPLETE
801,801,0.4297082228116711,2025-01-02 06:20:30.133205,2025-01-02 06:20:41.091754,0 days 00:00:10.958549,5,115,10.0,,,,,,,,,,,75.0,45.0,75.0,,,,,,COMPLETE
802,802,0.16190476190476188,2025-01-02 06:20:41.092509,2025-01-02 06:21:26.085269,0 days 00:00:44.992760,15,95,5.0,35.0,185.0,30.0,50.0,160.0,,,,,,90.0,70.0,110.0,60.0,150.0,95.0,35.0,50.0,COMPLETE
803,803,0.6410352588147037,2025-01-02 06:21:26.086439,2025-01-02 06:21:31.208502,0 days 00:00:05.122063,1,105,,,,,,,,,,,,,,,,,,,,COMPLETE
804,804,0.6532027743778049,2025-01-02 06:21:31.209203,2025-01-02 06:21:38.753751,0 days 00:00:07.544548,3,140,20.0,,,,,,,,,,,120.0,,,,,,,,COMPLETE
805,805,0.6595238095238095,2025-01-02 06:21:38.754468,2025-01-02 06:21:43.895568,0 days 00:00:05.141100,1,145,,,,,,,,,,,,,,,,,,,,COMPLETE
806,806,0.6267806267806267,2025-01-02 06:21:43.896254,2025-01-02 06:21:49.431752,0 days 00:00:05.535498,1,120,,,,,,,,,,,,,,,,,,,,COMPLETE
807,807,0.6356557377049181,2025-01-02 06:21:49.432431,2025-01-02 06:21:55.635506,0 days 00:00:06.203075,2,160,90.0,,,,,,,,,,,,,,,,,,,COMPLETE
808,808,0.6580675422138836,2025-01-02 06:21:55.636212,2025-01-02 06:22:00.799530,0 days 00:00:05.163318,1,130,,,,,,,,,,,,,,,,,,,,COMPLETE
809,809,0.6885521885521886,2025-01-02 06:22:00.800229,2025-01-02 06:22:08.302148,0 days 00:00:07.501919,3,110,115.0,,,,,,,,,,,155.0,,,,,,,,COMPLETE
810,810,0.6486151302190988,2025-01-02 06:22:08.302893,2025-01-02 06:22:14.411522,0 days 00:00:06.108629,2,70,120.0,,,,,,,,,,,,,,,,,,,COMPLETE
811,811,0.6715927750410509,2025-01-02 06:22:14.412208,2025-01-02 06:22:20.262711,0 days 00:00:05.850503,1,115,,,,,,,,,,,,,,,,,,,,COMPLETE
812,812,0.5868421052631578,2025-01-02 06:22:20.263376,2025-01-02 06:22:26.405501,0 days 00:00:06.142125,2,100,50.0,,,,,,,,,,,,,,,,,,,COMPLETE
813,813,0.7,2025-01-02 06:22:26.406220,2025-01-02 06:22:31.863434,0 days 00:00:05.457214,1,80,,,,,,,,,,,,,,,,,,,,COMPLETE
814,814,0.5722222222222222,2025-01-02 06:22:31.864109,2025-01-02 06:22:37.326616,0 days 00:00:05.462507,1,65,,,,,,,,,,,,,,,,,,,,COMPLETE
815,815,0.7006802721088435,2025-01-02 06:22:37.327315,2025-01-02 06:22:43.951672,0 days 00:00:06.624357,2,85,30.0,,,,,,,,,,,,,,,,,,,COMPLETE
816,816,0.6474358974358974,2025-01-02 06:22:43.952353,2025-01-02 06:22:49.102385,0 days 00:00:05.150032,1,125,,,,,,,,,,,,,,,,,,,,COMPLETE
817,817,0.5559322033898305,2025-01-02 06:22:49.103077,2025-01-02 06:22:54.283631,0 days 00:00:05.180554,1,135,,,,,,,,,,,,,,,,,,,,COMPLETE
818,818,0.0,2025-01-02 06:22:54.284305,2025-01-02 06:23:42.401964,0 days 00:00:48.117659,17,120,195.0,5.0,15.0,200.0,180.0,5.0,80.0,100.0,,,,65.0,95.0,100.0,135.0,10.0,25.0,70.0,100.0,COMPLETE
819,819,0.5202205882352942,2025-01-02 06:23:42.403244,2025-01-02 06:23:49.939076,0 days 00:00:07.535832,3,140,155.0,,,,,,,,,,,105.0,,,,,,,,COMPLETE
820,820,0.44862155388471175,2025-01-02 06:23:49.939804,2025-01-02 06:24:03.482705,0 days 00:00:13.542901,7,110,65.0,,,,,,,,,,,40.0,180.0,200.0,160.0,35.0,,,,COMPLETE
821,821,0.49400921658986174,2025-01-02 06:24:03.483490,2025-01-02 06:24:11.761569,0 days 00:00:08.278079,4,155,35.0,,,,,,,,,,,150.0,150.0,,,,,,,COMPLETE
822,822,0.632051282051282,2025-01-02 06:24:11.762294,2025-01-02 06:24:17.859706,0 days 00:00:06.097412,2,90,140.0,,,,,,,,,,,,,,,,,,,COMPLETE
823,823,0.6580675422138836,2025-01-02 06:24:17.860405,2025-01-02 06:24:23.385256,0 days 00:00:05.524851,1,130,,,,,,,,,,,,,,,,,,,,COMPLETE
824,824,0.19471153846153846,2025-01-02 06:24:23.385960,2025-01-02 06:25:02.700801,0 days 00:00:39.314841,13,105,25.0,70.0,75.0,20.0,,,,,,,,50.0,110.0,90.0,110.0,200.0,115.0,130.0,145.0,COMPLETE
825,825,0.531024531024531,2025-01-02 06:25:02.701741,2025-01-02 06:25:08.876583,0 days 00:00:06.174842,2,115,55.0,,,,,,,,,,,,,,,,,,,COMPLETE
826,826,0.5816008316008316,2025-01-02 06:25:08.877290,2025-01-02 06:25:14.339927,0 days 00:00:05.462637,1,100,,,,,,,,,,,,,,,,,,,,COMPLETE
827,827,0.6802507836990596,2025-01-02 06:25:14.340642,2025-01-02 06:25:19.137091,0 days 00:00:04.796449,1,95,,,,,,,,,,,,,,,,,,,,COMPLETE
828,828,0.5384615384615385,2025-01-02 06:25:19.137764,2025-01-02 06:25:25.314270,0 days 00:00:06.176506,2,125,75.0,,,,,,,,,,,,,,,,,,,COMPLETE
829,829,0.6690590111642742,2025-01-02 06:25:25.314963,2025-01-02 06:25:30.170100,0 days 00:00:04.855137,1,145,,,,,,,,,,,,,,,,,,,,COMPLETE
830,830,0.6537861046057767,2025-01-02 06:25:30.170809,2025-01-02 06:25:35.078569,0 days 00:00:04.907760,1,150,,,,,,,,,,,,,,,,,,,,COMPLETE
831,831,0.515473032714412,2025-01-02 06:25:35.079342,2025-01-02 06:25:47.450398,0 days 00:00:12.371056,6,135,10.0,,,,,,,,,,,180.0,140.0,185.0,95.0,,,,,COMPLETE
832,832,0.5980819529206627,2025-01-02 06:25:47.451334,2025-01-02 06:25:54.452765,0 days 00:00:07.001431,3,125,20.0,,,,,,,,,,,130.0,,,,,,,,COMPLETE
833,833,0.6630532971996386,2025-01-02 06:25:54.453534,2025-01-02 06:25:59.578287,0 days 00:00:05.124753,1,105,,,,,,,,,,,,,,,,,,,,COMPLETE
834,834,0.6137096774193549,2025-01-02 06:25:59.578993,2025-01-02 06:26:06.195723,0 days 00:00:06.616730,2,140,40.0,,,,,,,,,,,,,,,,,,,COMPLETE
835,835,0.6142005958291956,2025-01-02 06:26:06.196448,2025-01-02 06:26:11.335797,0 days 00:00:05.139349,1,120,,,,,,,,,,,,,,,,,,,,COMPLETE
836,836,0.5597285067873303,2025-01-02 06:26:11.336468,2025-01-02 06:26:18.095100,0 days 00:00:06.758632,2,150,5.0,,,,,,,,,,,,,,,,,,,COMPLETE
837,837,0.6064102564102564,2025-01-02 06:26:18.095826,2025-01-02 06:26:21.169973,0 days 00:00:03.074147,1,110,,,,,,,,,,,,,,,,,,,,COMPLETE
838,838,0.6254355400696865,2025-01-02 06:26:21.170672,2025-01-02 06:26:26.298300,0 days 00:00:05.127628,1,115,,,,,,,,,,,,,,,,,,,,COMPLETE
839,839,0.2926356589147287,2025-01-02 06:26:26.298972,2025-01-02 06:26:50.312098,0 days 00:00:24.013126,10,165,15.0,,,,,,,,,,,110.0,85.0,60.0,50.0,100.0,45.0,100.0,170.0,COMPLETE
840,840,0.5711120957022596,2025-01-02 06:26:50.312948,2025-01-02 06:26:56.555015,0 days 00:00:06.242067,2,135,35.0,,,,,,,,,,,,,,,,,,,COMPLETE
841,841,0.6779448621553885,2025-01-02 06:26:56.555719,2025-01-02 06:27:01.737390,0 days 00:00:05.181671,1,130,,,,,,,,,,,,,,,,,,,,COMPLETE
842,842,0.5098039215686274,2025-01-02 06:27:01.738075,2025-01-02 06:27:08.391857,0 days 00:00:06.653782,2,125,25.0,,,,,,,,,,,,,,,,,,,COMPLETE
843,843,0.5225694444444444,2025-01-02 06:27:08.392561,2025-01-02 06:27:17.249327,0 days 00:00:08.856766,4,105,170.0,,,,,,,,,,,20.0,80.0,,,,,,,COMPLETE
844,844,0.6815135987386678,2025-01-02 06:27:17.250074,2025-01-02 06:27:22.728816,0 days 00:00:05.478742,1,120,,,,,,,,,,,,,,,,,,,,COMPLETE
845,845,0.6818181818181819,2025-01-02 06:27:22.729497,2025-01-02 06:27:27.910967,0 days 00:00:05.181470,1,190,,,,,,,,,,,,,,,,,,,,COMPLETE
846,846,0.6571648690292757,2025-01-02 06:27:27.911665,2025-01-02 06:27:33.210337,0 days 00:00:05.298672,2,100,30.0,,,,,,,,,,,,,,,,,,,COMPLETE
847,847,0.6056166056166056,2025-01-02 06:27:33.211055,2025-01-02 06:27:40.780842,0 days 00:00:07.569787,3,145,70.0,,,,,,,,,,,5.0,,,,,,,,COMPLETE
848,848,0.6987179487179487,2025-01-02 06:27:40.781587,2025-01-02 06:27:45.731573,0 days 00:00:04.949986,1,155,,,,,,,,,,,,,,,,,,,,COMPLETE
849,849,0.6827242524916943,2025-01-02 06:27:45.732269,2025-01-02 06:27:51.936042,0 days 00:00:06.203773,2,130,105.0,,,,,,,,,,,,,,,,,,,COMPLETE
850,850,0.593574706782254,2025-01-02 06:27:51.936769,2025-01-02 06:27:57.056772,0 days 00:00:05.120003,1,115,,,,,,,,,,,,,,,,,,,,COMPLETE
851,851,0.6537861046057767,2025-01-02 06:27:57.057575,2025-01-02 06:28:01.827061,0 days 00:00:04.769486,1,110,,,,,,,,,,,,,,,,,,,,COMPLETE
852,852,0.5816008316008316,2025-01-02 06:28:01.827926,2025-01-02 06:28:06.969774,0 days 00:00:05.141848,1,125,,,,,,,,,,,,,,,,,,,,COMPLETE
853,853,0.6179966044142615,2025-01-02 06:28:06.970466,2025-01-02 06:28:13.128937,0 days 00:00:06.158471,2,100,15.0,,,,,,,,,,,,,,,,,,,COMPLETE
854,854,0.6508918820531489,2025-01-02 06:28:13.129670,2025-01-02 06:28:17.973001,0 days 00:00:04.843331,1,160,,,,,,,,,,,,,,,,,,,,COMPLETE
855,855,0.6260162601626016,2025-01-02 06:28:17.973683,2025-01-02 06:28:24.562290,0 days 00:00:06.588607,2,90,45.0,,,,,,,,,,,,,,,,,,,COMPLETE
856,856,0.5701754385964912,2025-01-02 06:28:24.562982,2025-01-02 06:28:32.096415,0 days 00:00:07.533433,3,95,10.0,,,,,,,,,,,125.0,,,,,,,,COMPLETE
857,857,0.709895052473763,2025-01-02 06:28:32.097158,2025-01-02 06:28:37.314106,0 days 00:00:05.216948,1,140,,,,,,,,,,,,,,,,,,,,COMPLETE
858,858,0.5598290598290598,2025-01-02 06:28:37.314835,2025-01-02 06:28:42.404847,0 days 00:00:05.090012,1,105,,,,,,,,,,,,,,,,,,,,COMPLETE
859,859,0.6511734928670041,2025-01-02 06:28:42.405553,2025-01-02 06:28:47.581786,0 days 00:00:05.176233,1,135,,,,,,,,,,,,,,,,,,,,COMPLETE
860,860,0.5641025641025641,2025-01-02 06:28:47.582500,2025-01-02 06:28:53.762973,0 days 00:00:06.180473,2,130,40.0,,,,,,,,,,,,,,,,,,,COMPLETE
861,861,0.6741140215716487,2025-01-02 06:28:53.763661,2025-01-02 06:28:59.224598,0 days 00:00:05.460937,1,110,,,,,,,,,,,,,,,,,,,,COMPLETE
862,862,0.6541774332472007,2025-01-02 06:28:59.225282,2025-01-02 06:29:04.438138,0 days 00:00:05.212856,1,145,,,,,,,,,,,,,,,,,,,,COMPLETE
863,863,0.4283559577677225,2025-01-02 06:29:04.438842,2025-01-02 06:29:25.365740,0 days 00:00:20.926898,9,120,30.0,,,,,,,,,,,135.0,135.0,30.0,35.0,110.0,65.0,55.0,,COMPLETE
864,864,0.5703301673450927,2025-01-02 06:29:25.366578,2025-01-02 06:29:33.595784,0 days 00:00:08.229206,4,55,5.0,,,,,,,,,,,80.0,55.0,,,,,,,COMPLETE
865,865,0.6642910727681921,2025-01-02 06:29:33.596547,2025-01-02 06:29:39.372222,0 days 00:00:05.775675,2,155,20.0,,,,,,,,,,,,,,,,,,,COMPLETE
866,866,0.6192622950819673,2025-01-02 06:29:39.372959,2025-01-02 06:29:44.507250,0 days 00:00:05.134291,1,115,,,,,,,,,,,,,,,,,,,,COMPLETE
867,867,0.5811044003451251,2025-01-02 06:29:44.507955,2025-01-02 06:29:50.695915,0 days 00:00:06.187960,2,105,50.0,,,,,,,,,,,,,,,,,,,COMPLETE
868,868,0.6922773837667455,2025-01-02 06:29:50.696650,2025-01-02 06:29:54.905033,0 days 00:00:04.208383,1,125,,,,,,,,,,,,,,,,,,,,COMPLETE
869,869,0.49955357142857143,2025-01-02 06:29:54.905738,2025-01-02 06:30:02.477982,0 days 00:00:07.572244,3,150,60.0,,,,,,,,,,,115.0,,,,,,,,COMPLETE
870,870,0.7232791421653407,2025-01-02 06:30:02.478736,2025-01-02 06:30:08.334052,0 days 00:00:05.855316,1,135,,,,,,,,,,,,,,,,,,,,COMPLETE
871,871,0.4649122807017544,2025-01-02 06:30:08.334756,2025-01-02 06:30:18.761674,0 days 00:00:10.426918,5,100,45.0,,,,,,,,,,,170.0,170.0,135.0,,,,,,COMPLETE
872,872,0.5225694444444444,2025-01-02 06:30:18.762715,2025-01-02 06:30:24.925539,0 days 00:00:06.162824,2,125,80.0,,,,,,,,,,,,,,,,,,,COMPLETE
873,873,0.7370689655172413,2025-01-02 06:30:24.926260,2025-01-02 06:30:29.730786,0 days 00:00:04.804526,1,120,,,,,,,,,,,,,,,,,,,,COMPLETE
874,874,0.6904761904761905,2025-01-02 06:30:29.731493,2025-01-02 06:30:34.554169,0 days 00:00:04.822676,1,120,,,,,,,,,,,,,,,,,,,,COMPLETE
875,875,0.670940170940171,2025-01-02 06:30:34.554853,2025-01-02 06:30:40.020724,0 days 00:00:05.465871,1,120,,,,,,,,,,,,,,,,,,,,COMPLETE
876,876,0.6116642958748222,2025-01-02 06:30:40.021394,2025-01-02 06:30:44.822580,0 days 00:00:04.801186,1,115,,,,,,,,,,,,,,,,,,,,COMPLETE
877,877,0.6624441132637854,2025-01-02 06:30:44.823302,2025-01-02 06:30:49.618673,0 days 00:00:04.795371,1,120,,,,,,,,,,,,,,,,,,,,COMPLETE
878,878,0.5897435897435896,2025-01-02 06:30:49.619396,2025-01-02 06:30:54.403414,0 days 00:00:04.784018,1,115,,,,,,,,,,,,,,,,,,,,COMPLETE
879,879,0.6186602870813397,2025-01-02 06:30:54.404129,2025-01-02 06:30:59.546362,0 days 00:00:05.142233,1,125,,,,,,,,,,,,,,,,,,,,COMPLETE
880,880,0.7712264150943396,2025-01-02 06:30:59.547070,2025-01-02 06:31:04.393534,0 days 00:00:04.846464,1,130,,,,,,,,,,,,,,,,,,,,COMPLETE
881,881,0.6571648690292757,2025-01-02 06:31:04.394242,2025-01-02 06:31:09.899499,0 days 00:00:05.505257,1,130,,,,,,,,,,,,,,,,,,,,COMPLETE
882,882,0.6563192904656319,2025-01-02 06:31:09.900195,2025-01-02 06:31:15.068239,0 days 00:00:05.168044,1,130,,,,,,,,,,,,,,,,,,,,COMPLETE
883,883,0.6216484607745779,2025-01-02 06:31:15.068943,2025-01-02 06:31:19.888414,0 days 00:00:04.819471,1,130,,,,,,,,,,,,,,,,,,,,COMPLETE
884,884,0.6434210526315789,2025-01-02 06:31:19.889136,2025-01-02 06:31:25.432032,0 days 00:00:05.542896,1,135,,,,,,,,,,,,,,,,,,,,COMPLETE
885,885,0.7232791421653407,2025-01-02 06:31:25.432745,2025-01-02 06:31:30.273942,0 days 00:00:04.841197,1,130,,,,,,,,,,,,,,,,,,,,COMPLETE
886,886,0.6486151302190988,2025-01-02 06:31:30.274642,2025-01-02 06:31:35.125761,0 days 00:00:04.851119,1,140,,,,,,,,,,,,,,,,,,,,COMPLETE
887,887,0.5500910746812386,2025-01-02 06:31:35.126478,2025-01-02 06:31:41.298677,0 days 00:00:06.172199,2,140,190.0,,,,,,,,,,,,,,,,,,,COMPLETE
888,888,0.6978260869565217,2025-01-02 06:31:41.299394,2025-01-02 06:31:46.492958,0 days 00:00:05.193564,1,135,,,,,,,,,,,,,,,,,,,,COMPLETE
889,889,0.6545530492898914,2025-01-02 06:31:46.493640,2025-01-02 06:31:52.624084,0 days 00:00:06.130444,2,130,150.0,,,,,,,,,,,,,,,,,,,COMPLETE
890,890,0.6673881673881674,2025-01-02 06:31:52.624789,2025-01-02 06:31:58.771454,0 days 00:00:06.146665,2,125,180.0,,,,,,,,,,,,,,,,,,,COMPLETE
891,891,0.6403846153846153,2025-01-02 06:31:58.772183,2025-01-02 06:32:04.627457,0 days 00:00:05.855274,1,135,,,,,,,,,,,,,,,,,,,,COMPLETE
892,892,0.6892177589852009,2025-01-02 06:32:04.628184,2025-01-02 06:32:09.794457,0 days 00:00:05.166273,1,125,,,,,,,,,,,,,,,,,,,,COMPLETE
893,893,0.66545601291364,2025-01-02 06:32:09.795182,2025-01-02 06:32:15.287988,0 days 00:00:05.492806,1,130,,,,,,,,,,,,,,,,,,,,COMPLETE
894,894,0.6731601731601732,2025-01-02 06:32:15.288708,2025-01-02 06:32:20.548336,0 days 00:00:05.259628,1,145,,,,,,,,,,,,,,,,,,,,COMPLETE
895,895,0.7073995771670191,2025-01-02 06:32:20.549045,2025-01-02 06:32:26.764757,0 days 00:00:06.215712,2,135,100.0,,,,,,,,,,,,,,,,,,,COMPLETE
896,896,0.625,2025-01-02 06:32:26.765662,2025-01-02 06:32:32.565497,0 days 00:00:05.799835,1,125,,,,,,,,,,,,,,,,,,,,COMPLETE
897,897,0.6006725514922235,2025-01-02 06:32:32.566293,2025-01-02 06:32:38.759793,0 days 00:00:06.193500,2,145,135.0,,,,,,,,,,,,,,,,,,,COMPLETE
898,898,0.6523584905660378,2025-01-02 06:32:38.760515,2025-01-02 06:32:44.256012,0 days 00:00:05.495497,1,110,,,,,,,,,,,,,,,,,,,,COMPLETE
899,899,0.6052631578947368,2025-01-02 06:32:44.256744,2025-01-02 06:32:50.423733,0 days 00:00:06.166989,2,140,200.0,,,,,,,,,,,,,,,,,,,COMPLETE
900,900,0.554925893635571,2025-01-02 06:32:50.424434,2025-01-02 06:32:55.924948,0 days 00:00:05.500514,1,150,,,,,,,,,,,,,,,,,,,,COMPLETE
901,901,0.6018518518518519,2025-01-02 06:32:55.925667,2025-01-02 06:33:01.407660,0 days 00:00:05.481993,1,130,,,,,,,,,,,,,,,,,,,,COMPLETE
902,902,0.5443412162162162,2025-01-02 06:33:01.408345,2025-01-02 06:33:07.608089,0 days 00:00:06.199744,2,150,110.0,,,,,,,,,,,,,,,,,,,COMPLETE
903,903,0.7040618955512572,2025-01-02 06:33:07.608844,2025-01-02 06:33:10.748410,0 days 00:00:03.139566,1,135,,,,,,,,,,,,,,,,,,,,COMPLETE
904,904,0.6928763440860215,2025-01-02 06:33:10.749155,2025-01-02 06:33:15.261828,0 days 00:00:04.512673,1,125,,,,,,,,,,,,,,,,,,,,COMPLETE
905,905,0.6940024479804161,2025-01-02 06:33:15.262543,2025-01-02 06:33:21.455850,0 days 00:00:06.193307,2,155,130.0,,,,,,,,,,,,,,,,,,,COMPLETE
906,906,0.6909090909090909,2025-01-02 06:33:21.456576,2025-01-02 06:33:26.273554,0 days 00:00:04.816978,1,110,,,,,,,,,,,,,,,,,,,,COMPLETE
907,907,0.5740740740740741,2025-01-02 06:33:26.274255,2025-01-02 06:33:32.117662,0 days 00:00:05.843407,1,125,,,,,,,,,,,,,,,,,,,,COMPLETE
908,908,0.6309322033898306,2025-01-02 06:33:32.118375,2025-01-02 06:33:37.911627,0 days 00:00:05.793252,2,135,165.0,,,,,,,,,,,,,,,,,,,COMPLETE
909,909,0.6305418719211823,2025-01-02 06:33:37.912370,2025-01-02 06:33:42.806909,0 days 00:00:04.894539,1,130,,,,,,,,,,,,,,,,,,,,COMPLETE
910,910,0.5495495495495495,2025-01-02 06:33:42.807638,2025-01-02 06:33:48.996280,0 days 00:00:06.188642,2,140,195.0,,,,,,,,,,,,,,,,,,,COMPLETE
911,911,0.5807127882599581,2025-01-02 06:33:48.997029,2025-01-02 06:33:54.402150,0 days 00:00:05.405121,1,40,,,,,,,,,,,,,,,,,,,,COMPLETE
912,912,0.7073995771670191,2025-01-02 06:33:54.402857,2025-01-02 06:33:59.536510,0 days 00:00:05.133653,1,120,,,,,,,,,,,,,,,,,,,,COMPLETE
913,913,0.6815135987386678,2025-01-02 06:33:59.537216,2025-01-02 06:34:04.629131,0 days 00:00:05.091915,1,115,,,,,,,,,,,,,,,,,,,,COMPLETE
914,914,0.5225694444444444,2025-01-02 06:34:04.629861,2025-01-02 06:34:10.769800,0 days 00:00:06.139939,2,110,90.0,,,,,,,,,,,,,,,,,,,COMPLETE
915,915,0.6885521885521886,2025-01-02 06:34:10.770524,2025-01-02 06:34:16.000705,0 days 00:00:05.230181,1,160,,,,,,,,,,,,,,,,,,,,COMPLETE
916,916,0.651386748844376,2025-01-02 06:34:16.001394,2025-01-02 06:34:22.158642,0 days 00:00:06.157248,2,120,160.0,,,,,,,,,,,,,,,,,,,COMPLETE
917,917,0.6369452219112355,2025-01-02 06:34:22.159394,2025-01-02 06:34:26.981693,0 days 00:00:04.822299,1,105,,,,,,,,,,,,,,,,,,,,COMPLETE
918,918,0.7377173091458806,2025-01-02 06:34:26.982409,2025-01-02 06:34:32.175206,0 days 00:00:05.192797,1,150,,,,,,,,,,,,,,,,,,,,COMPLETE
919,919,0.5811044003451251,2025-01-02 06:34:32.175921,2025-01-02 06:34:37.621705,0 days 00:00:05.445784,1,130,,,,,,,,,,,,,,,,,,,,COMPLETE
920,920,0.6006725514922235,2025-01-02 06:34:37.622407,2025-01-02 06:34:42.805287,0 days 00:00:05.182880,1,145,,,,,,,,,,,,,,,,,,,,COMPLETE
921,921,0.696969696969697,2025-01-02 06:34:42.806245,2025-01-02 06:34:48.280749,0 days 00:00:05.474504,1,115,,,,,,,,,,,,,,,,,,,,COMPLETE
922,922,0.5333333333333333,2025-01-02 06:34:48.281445,2025-01-02 06:34:53.395895,0 days 00:00:05.114450,1,125,,,,,,,,,,,,,,,,,,,,COMPLETE
923,923,0.6370689655172415,2025-01-02 06:34:53.396603,2025-01-02 06:34:58.238948,0 days 00:00:04.842345,1,165,,,,,,,,,,,,,,,,,,,,COMPLETE
924,924,0.675694939415538,2025-01-02 06:34:58.239647,2025-01-02 06:35:03.732147,0 days 00:00:05.492500,1,130,,,,,,,,,,,,,,,,,,,,COMPLETE
925,925,0.6968412942989214,2025-01-02 06:35:03.732875,2025-01-02 06:35:08.557152,0 days 00:00:04.824277,1,135,,,,,,,,,,,,,,,,,,,,COMPLETE
926,926,0.7029780564263323,2025-01-02 06:35:08.557900,2025-01-02 06:35:13.713592,0 days 00:00:05.155692,1,110,,,,,,,,,,,,,,,,,,,,COMPLETE
927,927,0.6604495456719273,2025-01-02 06:35:13.714292,2025-01-02 06:35:18.221732,0 days 00:00:04.507440,1,140,,,,,,,,,,,,,,,,,,,,COMPLETE
928,928,0.6892177589852009,2025-01-02 06:35:18.222438,2025-01-02 06:35:23.111263,0 days 00:00:04.888825,1,155,,,,,,,,,,,,,,,,,,,,COMPLETE
929,929,0.6547518923465097,2025-01-02 06:35:23.111984,2025-01-02 06:35:28.196490,0 days 00:00:05.084506,1,45,,,,,,,,,,,,,,,,,,,,COMPLETE
930,930,0.6486151302190988,2025-01-02 06:35:28.197188,2025-01-02 06:35:33.942331,0 days 00:00:05.745143,2,105,95.0,,,,,,,,,,,,,,,,,,,COMPLETE
931,931,0.6815135987386678,2025-01-02 06:35:33.943098,2025-01-02 06:35:40.537084,0 days 00:00:06.593986,2,125,80.0,,,,,,,,,,,,,,,,,,,COMPLETE
932,932,0.6135531135531136,2025-01-02 06:35:40.537838,2025-01-02 06:35:45.040546,0 days 00:00:04.502708,1,125,,,,,,,,,,,,,,,,,,,,COMPLETE
933,933,0.5892857142857143,2025-01-02 06:35:45.041277,2025-01-02 06:35:50.509773,0 days 00:00:05.468496,1,115,,,,,,,,,,,,,,,,,,,,COMPLETE
934,934,0.7162471395881007,2025-01-02 06:35:50.510490,2025-01-02 06:35:55.379529,0 days 00:00:04.869039,1,140,,,,,,,,,,,,,,,,,,,,COMPLETE
935,935,0.6369452219112355,2025-01-02 06:35:55.380242,2025-01-02 06:36:00.490534,0 days 00:00:05.110292,1,105,,,,,,,,,,,,,,,,,,,,COMPLETE
936,936,0.6791421362489487,2025-01-02 06:36:00.491248,2025-01-02 06:36:06.722556,0 days 00:00:06.231308,2,130,175.0,,,,,,,,,,,,,,,,,,,COMPLETE
937,937,0.6904761904761905,2025-01-02 06:36:06.723316,2025-01-02 06:36:11.940494,0 days 00:00:05.217178,1,150,,,,,,,,,,,,,,,,,,,,COMPLETE
938,938,0.6594684385382059,2025-01-02 06:36:11.941220,2025-01-02 06:36:17.155582,0 days 00:00:05.214362,1,145,,,,,,,,,,,,,,,,,,,,COMPLETE
939,939,0.5351213282247764,2025-01-02 06:36:17.156289,2025-01-02 06:37:02.969623,0 days 00:00:45.813334,16,120,145.0,140.0,55.0,95.0,90.0,125.0,35.0,,,,,55.0,105.0,180.0,155.0,135.0,15.0,115.0,40.0,COMPLETE
940,940,0.66545601291364,2025-01-02 06:37:02.970717,2025-01-02 06:37:09.103019,0 days 00:00:06.132302,2,110,115.0,,,,,,,,,,,,,,,,,,,COMPLETE
941,941,0.6818181818181819,2025-01-02 06:37:09.103823,2025-01-02 06:37:14.945510,0 days 00:00:05.841687,1,135,,,,,,,,,,,,,,,,,,,,COMPLETE
942,942,0.6309322033898306,2025-01-02 06:37:14.946252,2025-01-02 06:37:21.139568,0 days 00:00:06.193316,2,130,185.0,,,,,,,,,,,,,,,,,,,COMPLETE
943,943,0.656084656084656,2025-01-02 06:37:21.140269,2025-01-02 06:37:26.612247,0 days 00:00:05.471978,1,120,,,,,,,,,,,,,,,,,,,,COMPLETE
944,944,0.7162471395881007,2025-01-02 06:37:26.612966,2025-01-02 06:37:31.465626,0 days 00:00:04.852660,1,135,,,,,,,,,,,,,,,,,,,,COMPLETE
945,945,0.6184792219274977,2025-01-02 06:37:31.466358,2025-01-02 06:37:37.234814,0 days 00:00:05.768456,2,115,135.0,,,,,,,,,,,,,,,,,,,COMPLETE
946,946,0.6075783972125436,2025-01-02 06:37:37.235539,2025-01-02 06:37:42.393849,0 days 00:00:05.158310,1,125,,,,,,,,,,,,,,,,,,,,COMPLETE
947,947,0.7222437137330755,2025-01-02 06:37:42.394575,2025-01-02 06:37:46.880919,0 days 00:00:04.486344,1,110,,,,,,,,,,,,,,,,,,,,COMPLETE
948,948,0.6630532971996386,2025-01-02 06:37:46.881618,2025-01-02 06:37:52.675256,0 days 00:00:05.793638,2,155,155.0,,,,,,,,,,,,,,,,,,,COMPLETE
949,949,0.6892655367231638,2025-01-02 06:37:52.676035,2025-01-02 06:37:58.168587,0 days 00:00:05.492552,1,120,,,,,,,,,,,,,,,,,,,,COMPLETE
950,950,0.7073995771670191,2025-01-02 06:37:58.169503,2025-01-02 06:38:02.990771,0 days 00:00:04.821268,1,105,,,,,,,,,,,,,,,,,,,,COMPLETE
951,951,0.5495495495495495,2025-01-02 06:38:02.991515,2025-01-02 06:38:08.795606,0 days 00:00:05.804091,2,130,125.0,,,,,,,,,,,,,,,,,,,COMPLETE
952,952,0.6613616268788682,2025-01-02 06:38:08.796343,2025-01-02 06:38:15.029696,0 days 00:00:06.233353,2,145,120.0,,,,,,,,,,,,,,,,,,,COMPLETE
953,953,0.6496163682864451,2025-01-02 06:38:15.030420,2025-01-02 06:38:19.853625,0 days 00:00:04.823205,1,115,,,,,,,,,,,,,,,,,,,,COMPLETE
954,954,0.6690590111642742,2025-01-02 06:38:19.854324,2025-01-02 06:38:25.069344,0 days 00:00:05.215020,1,125,,,,,,,,,,,,,,,,,,,,COMPLETE
955,955,0.12310606060606061,2025-01-02 06:38:25.070080,2025-01-02 06:38:59.598045,0 days 00:00:34.527965,11,135,145.0,20.0,,,,,,,,,,70.0,120.0,20.0,85.0,70.0,190.0,85.0,115.0,COMPLETE
956,956,0.6650700073691967,2025-01-02 06:38:59.599000,2025-01-02 06:39:04.416161,0 days 00:00:04.817161,1,140,,,,,,,,,,,,,,,,,,,,COMPLETE
957,957,0.5868421052631578,2025-01-02 06:39:04.416903,2025-01-02 06:39:10.632840,0 days 00:00:06.215937,2,160,70.0,,,,,,,,,,,,,,,,,,,COMPLETE
958,958,0.6690590111642742,2025-01-02 06:39:10.633616,2025-01-02 06:39:15.480365,0 days 00:00:04.846749,1,175,,,,,,,,,,,,,,,,,,,,COMPLETE
959,959,0.6611039794608472,2025-01-02 06:39:15.481125,2025-01-02 06:39:20.694979,0 days 00:00:05.213854,1,150,,,,,,,,,,,,,,,,,,,,COMPLETE
960,960,0.5694789081885856,2025-01-02 06:39:20.695717,2025-01-02 06:39:26.858034,0 days 00:00:06.162317,2,105,90.0,,,,,,,,,,,,,,,,,,,COMPLETE
961,961,0.5782851817334576,2025-01-02 06:39:26.858993,2025-01-02 06:39:32.021142,0 days 00:00:05.162149,1,100,,,,,,,,,,,,,,,,,,,,COMPLETE
962,962,0.6725490196078432,2025-01-02 06:39:32.021869,2025-01-02 06:39:36.197986,0 days 00:00:04.176117,1,145,,,,,,,,,,,,,,,,,,,,COMPLETE
963,963,0.6876503608660787,2025-01-02 06:39:36.198703,2025-01-02 06:39:41.320014,0 days 00:00:05.121311,1,110,,,,,,,,,,,,,,,,,,,,COMPLETE
964,964,0.7106918238993711,2025-01-02 06:39:41.320749,2025-01-02 06:39:47.539496,0 days 00:00:06.218747,2,115,115.0,,,,,,,,,,,,,,,,,,,COMPLETE
965,965,0.6671568627450981,2025-01-02 06:39:47.540259,2025-01-02 06:39:52.702410,0 days 00:00:05.162151,1,100,,,,,,,,,,,,,,,,,,,,COMPLETE
966,966,0.5108225108225108,2025-01-02 06:39:52.703152,2025-01-02 06:40:31.591089,0 days 00:00:38.887937,13,130,140.0,50.0,95.0,185.0,,,,,,,,15.0,40.0,195.0,75.0,50.0,175.0,10.0,15.0,COMPLETE
967,967,0.7647969052224372,2025-01-02 06:40:31.592059,2025-01-02 06:40:36.440806,0 days 00:00:04.848747,1,150,,,,,,,,,,,,,,,,,,,,COMPLETE
968,968,0.6370689655172415,2025-01-02 06:40:36.441527,2025-01-02 06:40:41.664790,0 days 00:00:05.223263,1,155,,,,,,,,,,,,,,,,,,,,COMPLETE
969,969,0.4716981132075472,2025-01-02 06:40:41.665505,2025-01-02 06:41:32.792402,0 days 00:00:51.126897,18,165,185.0,195.0,25.0,5.0,145.0,90.0,170.0,120.0,140.0,,,60.0,75.0,155.0,110.0,90.0,125.0,45.0,155.0,COMPLETE
970,970,0.5277777777777778,2025-01-02 06:41:32.793530,2025-01-02 06:41:38.559632,0 days 00:00:05.766102,2,160,175.0,,,,,,,,,,,,,,,,,,,COMPLETE
971,971,0.6876503608660787,2025-01-02 06:41:38.560370,2025-01-02 06:41:43.368226,0 days 00:00:04.807856,1,150,,,,,,,,,,,,,,,,,,,,COMPLETE
972,972,0.6209372637944066,2025-01-02 06:41:43.368935,2025-01-02 06:41:55.053890,0 days 00:00:11.684955,6,150,85.0,,,,,,,,,,,30.0,60.0,170.0,170.0,,,,,COMPLETE
973,973,0.5387096774193548,2025-01-02 06:41:55.054986,2025-01-02 06:42:01.245678,0 days 00:00:06.190692,2,160,105.0,,,,,,,,,,,,,,,,,,,COMPLETE
974,974,0.6940024479804161,2025-01-02 06:42:01.246437,2025-01-02 06:42:06.410056,0 days 00:00:05.163619,1,155,,,,,,,,,,,,,,,,,,,,COMPLETE
975,975,0.554925893635571,2025-01-02 06:42:06.410806,2025-01-02 06:42:09.506495,0 days 00:00:03.095689,1,155,,,,,,,,,,,,,,,,,,,,COMPLETE
976,976,0.6753246753246753,2025-01-02 06:42:09.507230,2025-01-02 06:42:14.008506,0 days 00:00:04.501276,1,170,,,,,,,,,,,,,,,,,,,,COMPLETE
977,977,0.6006725514922235,2025-01-02 06:42:14.009233,2025-01-02 06:42:19.779092,0 days 00:00:05.769859,2,150,110.0,,,,,,,,,,,,,,,,,,,COMPLETE
978,978,0.5620689655172414,2025-01-02 06:42:19.779830,2025-01-02 06:42:24.998741,0 days 00:00:05.218911,1,160,,,,,,,,,,,,,,,,,,,,COMPLETE
979,979,0.6008771929824561,2025-01-02 06:42:24.999477,2025-01-02 06:42:30.142837,0 days 00:00:05.143360,1,150,,,,,,,,,,,,,,,,,,,,COMPLETE
980,980,0.6547518923465097,2025-01-02 06:42:30.143582,2025-01-02 06:42:35.837520,0 days 00:00:05.693938,2,105,130.0,,,,,,,,,,,,,,,,,,,COMPLETE
981,981,0.6410352588147037,2025-01-02 06:42:35.838271,2025-01-02 06:42:40.301941,0 days 00:00:04.463670,1,110,,,,,,,,,,,,,,,,,,,,COMPLETE
982,982,0.6779448621553885,2025-01-02 06:42:40.302661,2025-01-02 06:42:45.435848,0 days 00:00:05.133187,1,115,,,,,,,,,,,,,,,,,,,,COMPLETE
983,983,0.5664845173041895,2025-01-02 06:42:45.436589,2025-01-02 06:42:51.633760,0 days 00:00:06.197171,2,145,65.0,,,,,,,,,,,,,,,,,,,COMPLETE
984,984,0.5722222222222222,2025-01-02 06:42:51.634516,2025-01-02 06:42:57.844261,0 days 00:00:06.209745,2,155,100.0,,,,,,,,,,,,,,,,,,,COMPLETE
985,985,0.6192622950819673,2025-01-02 06:42:57.845013,2025-01-02 06:43:02.720415,0 days 00:00:04.875402,1,155,,,,,,,,,,,,,,,,,,,,COMPLETE
986,986,0.6246973365617433,2025-01-02 06:43:02.721166,2025-01-02 06:43:07.578607,0 days 00:00:04.857441,1,150,,,,,,,,,,,,,,,,,,,,COMPLETE
987,987,0.5740740740740741,2025-01-02 06:43:07.579342,2025-01-02 06:43:13.047070,0 days 00:00:05.467728,1,100,,,,,,,,,,,,,,,,,,,,COMPLETE
988,988,0.5798525798525799,2025-01-02 06:43:13.047805,2025-01-02 06:43:18.173149,0 days 00:00:05.125344,1,120,,,,,,,,,,,,,,,,,,,,COMPLETE
989,989,0.5868421052631578,2025-01-02 06:43:18.173907,2025-01-02 06:43:24.287147,0 days 00:00:06.113240,2,105,95.0,,,,,,,,,,,,,,,,,,,COMPLETE
990,990,0.6131202691337259,2025-01-02 06:43:24.287902,2025-01-02 06:43:29.440572,0 days 00:00:05.152670,1,115,,,,,,,,,,,,,,,,,,,,COMPLETE
991,991,0.54375,2025-01-02 06:43:29.441308,2025-01-02 06:43:35.544526,0 days 00:00:06.103218,2,110,170.0,,,,,,,,,,,,,,,,,,,COMPLETE
992,992,0.6832298136645962,2025-01-02 06:43:35.545304,2025-01-02 06:43:41.414794,0 days 00:00:05.869490,1,120,,,,,,,,,,,,,,,,,,,,COMPLETE
993,993,0.6611039794608472,2025-01-02 06:43:41.415527,2025-01-02 06:43:47.241569,0 days 00:00:05.826042,2,145,120.0,,,,,,,,,,,,,,,,,,,COMPLETE
994,994,0.6305418719211823,2025-01-02 06:43:47.242335,2025-01-02 06:43:52.695971,0 days 00:00:05.453636,1,100,,,,,,,,,,,,,,,,,,,,COMPLETE
995,995,0.6791352093342484,2025-01-02 06:43:52.696710,2025-01-02 06:43:58.190422,0 days 00:00:05.493712,1,95,,,,,,,,,,,,,,,,,,,,COMPLETE
996,996,0.5256769374416433,2025-01-02 06:43:58.191164,2025-01-02 06:44:04.475253,0 days 00:00:06.284089,2,150,65.0,,,,,,,,,,,,,,,,,,,COMPLETE
997,997,0.5755517826825127,2025-01-02 06:44:04.476008,2025-01-02 06:44:10.642918,0 days 00:00:06.166910,2,110,75.0,,,,,,,,,,,,,,,,,,,COMPLETE
998,998,0.42727787209960383,2025-01-02 06:44:10.643937,2025-01-02 06:44:58.919363,0 days 00:00:48.275426,20,120,195.0,145.0,175.0,70.0,125.0,190.0,80.0,5.0,90.0,200.0,195.0,45.0,165.0,10.0,15.0,25.0,135.0,140.0,140.0,COMPLETE
999,999,0.5166036149642708,2025-01-02 06:44:58.920467,2025-01-02 06:45:09.977309,0 days 00:00:11.056842,5,185,160.0,,,,,,,,,,,95.0,70.0,40.0,,,,,,COMPLETE
