,number,value,datetime_start,datetime_complete,duration,params_depth,params_neurons_layer_0,params_neurons_layer_1,params_neurons_layer_10,params_neurons_layer_11,params_neurons_layer_12,params_neurons_layer_13,params_neurons_layer_14,params_neurons_layer_15,params_neurons_layer_16,params_neurons_layer_17,params_neurons_layer_18,params_neurons_layer_19,params_neurons_layer_2,params_neurons_layer_3,params_neurons_layer_4,params_neurons_layer_5,params_neurons_layer_6,params_neurons_layer_7,params_neurons_layer_8,params_neurons_layer_9,state
0,0,0.3071452020234658,2025-01-02 21:14:28.817260,2025-01-02 21:17:37.267130,0 days 00:03:08.449870,10,130,75.0,,,,,,,,,,,140.0,115.0,25.0,115.0,145.0,65.0,120.0,85.0,COMPLETE
1,1,0.20736776777814867,2025-01-02 21:17:37.267860,2025-01-02 21:20:33.203671,0 days 00:02:55.935811,12,90,140.0,45.0,125.0,,,,,,,,,10.0,80.0,100.0,45.0,200.0,90.0,60.0,80.0,COMPLETE
2,2,0.8694621427784176,2025-01-02 21:20:33.204371,2025-01-02 21:22:17.413722,0 days 00:01:44.209351,7,155,5.0,,,,,,,,,,,95.0,185.0,5.0,20.0,35.0,,,,COMPLETE
3,3,0.3683251909159293,2025-01-02 21:22:17.414334,2025-01-02 21:25:55.862798,0 days 00:03:38.448464,12,55,80.0,30.0,125.0,,,,,,,,,65.0,160.0,160.0,115.0,160.0,175.0,95.0,105.0,COMPLETE
4,4,0.3691223401691108,2025-01-02 21:25:55.863459,2025-01-02 21:31:56.771669,0 days 00:06:00.908210,20,155,160.0,75.0,25.0,135.0,130.0,145.0,105.0,110.0,185.0,65.0,185.0,15.0,15.0,140.0,195.0,50.0,115.0,180.0,80.0,COMPLETE
5,5,0.45868063182654517,2025-01-02 21:31:56.772425,2025-01-02 21:34:53.155524,0 days 00:02:56.383099,13,25,115.0,120.0,55.0,160.0,,,,,,,,100.0,20.0,75.0,145.0,100.0,85.0,5.0,70.0,COMPLETE
6,6,0.30826573395779533,2025-01-02 21:34:53.156297,2025-01-02 21:38:20.219680,0 days 00:03:27.063383,10,105,180.0,,,,,,,,,,,195.0,155.0,50.0,150.0,140.0,45.0,85.0,85.0,COMPLETE
7,7,0.6673047092514517,2025-01-02 21:38:20.220373,2025-01-02 21:40:40.135483,0 days 00:02:19.915110,7,95,70.0,,,,,,,,,,,160.0,195.0,90.0,150.0,165.0,,,,COMPLETE
8,8,0.3764682525292817,2025-01-02 21:40:40.136144,2025-01-02 21:45:51.066336,0 days 00:05:10.930192,17,160,120.0,140.0,110.0,170.0,160.0,90.0,110.0,115.0,,,,70.0,65.0,20.0,65.0,65.0,185.0,165.0,100.0,COMPLETE
9,9,0.43991747258022185,2025-01-02 21:45:51.067060,2025-01-02 21:51:15.940893,0 days 00:05:24.873833,16,120,145.0,140.0,180.0,75.0,175.0,60.0,90.0,,,,,140.0,165.0,190.0,185.0,25.0,70.0,95.0,130.0,COMPLETE
10,10,0.8802190646267138,2025-01-02 21:51:15.941630,2025-01-02 21:52:02.672252,0 days 00:00:46.730622,1,200,,,,,,,,,,,,,,,,,,,,COMPLETE
11,11,0.8709462705898328,2025-01-02 21:52:02.672758,2025-01-02 21:52:54.382189,0 days 00:00:51.709431,2,200,10.0,,,,,,,,,,,,,,,,,,,COMPLETE
12,12,0.8820307483325466,2025-01-02 21:52:54.382693,2025-01-02 21:53:41.421177,0 days 00:00:47.038484,1,200,,,,,,,,,,,,,,,,,,,,COMPLETE
13,13,0.8843408457334574,2025-01-02 21:53:41.421684,2025-01-02 21:55:37.328097,0 days 00:01:55.906413,3,200,200.0,,,,,,,,,,,200.0,,,,,,,,COMPLETE
14,14,0.8735418556502925,2025-01-02 21:55:37.328638,2025-01-02 21:58:03.605648,0 days 00:02:26.277010,5,180,200.0,,,,,,,,,,,185.0,115.0,140.0,,,,,,COMPLETE
15,15,0.874337959450953,2025-01-02 21:58:03.606250,2025-01-02 21:59:29.747104,0 days 00:01:26.140854,4,175,40.0,,,,,,,,,,,160.0,50.0,,,,,,,COMPLETE
16,16,0.8760392184458938,2025-01-02 21:59:29.747658,2025-01-02 22:01:05.050388,0 days 00:01:35.302730,3,135,200.0,,,,,,,,,,,130.0,,,,,,,,COMPLETE
17,17,0.8728713163195335,2025-01-02 22:01:05.050938,2025-01-02 22:03:08.428421,0 days 00:02:03.377483,6,65,170.0,,,,,,,,,,,65.0,135.0,200.0,5.0,,,,,COMPLETE
18,18,0.8722031987582985,2025-01-02 22:03:08.428995,2025-01-02 22:03:53.405505,0 days 00:00:44.976510,1,180,,,,,,,,,,,,,,,,,,,,COMPLETE
19,19,0.8745558850320756,2025-01-02 22:03:53.406034,2025-01-02 22:05:13.539396,0 days 00:01:20.133362,4,200,50.0,,,,,,,,,,,40.0,90.0,,,,,,,COMPLETE
20,20,0.49624696884909536,2025-01-02 22:05:13.539953,2025-01-02 22:07:38.755521,0 days 00:02:25.215568,8,165,100.0,,,,,,,,,,,175.0,35.0,60.0,70.0,85.0,140.0,,,COMPLETE
21,21,0.8736213065408844,2025-01-02 22:07:38.756127,2025-01-02 22:08:27.236937,0 days 00:00:48.480810,1,200,,,,,,,,,,,,,,,,,,,,COMPLETE
22,22,0.8779784773083303,2025-01-02 22:08:27.237469,2025-01-02 22:09:13.614627,0 days 00:00:46.377158,1,185,,,,,,,,,,,,,,,,,,,,COMPLETE
23,23,0.8843300691948024,2025-01-02 22:09:13.615180,2025-01-02 22:10:36.920686,0 days 00:01:23.305506,3,145,150.0,,,,,,,,,,,110.0,,,,,,,,COMPLETE
24,24,0.8810499748991326,2025-01-02 22:10:36.921242,2025-01-02 22:12:05.389052,0 days 00:01:28.467810,3,140,185.0,,,,,,,,,,,120.0,,,,,,,,COMPLETE
25,25,0.8748188019236376,2025-01-02 22:12:05.389593,2025-01-02 22:14:03.011668,0 days 00:01:57.622075,5,145,150.0,,,,,,,,,,,200.0,5.0,135.0,,,,,,COMPLETE
26,26,0.878371280635998,2025-01-02 22:14:03.012241,2025-01-02 22:15:12.095172,0 days 00:01:09.082931,3,115,120.0,,,,,,,,,,,85.0,,,,,,,,COMPLETE
27,27,0.4784368000609625,2025-01-02 22:15:12.095738,2025-01-02 22:18:00.431764,0 days 00:02:48.336026,9,170,175.0,,,,,,,,,,,115.0,135.0,175.0,85.0,10.0,15.0,5.0,,COMPLETE
28,28,0.8820262484916038,2025-01-02 22:18:00.432389,2025-01-02 22:20:02.296969,0 days 00:02:01.864580,5,185,135.0,,,,,,,,,,,150.0,55.0,125.0,,,,,,COMPLETE
29,29,0.8588339415018529,2025-01-02 22:20:02.297567,2025-01-02 22:20:53.572268,0 days 00:00:51.274701,3,5,160.0,,,,,,,,,,,45.0,,,,,,,,COMPLETE
30,30,0.6693216084661466,2025-01-02 22:20:53.572806,2025-01-02 22:23:24.272527,0 days 00:02:30.699721,7,125,185.0,,,,,,,,,,,170.0,95.0,40.0,30.0,200.0,,,,COMPLETE
31,31,0.8726753279333086,2025-01-02 22:23:24.273124,2025-01-02 22:25:21.359164,0 days 00:01:57.086040,5,185,95.0,,,,,,,,,,,150.0,65.0,125.0,,,,,,COMPLETE
32,32,0.8813062851782364,2025-01-02 22:25:21.359748,2025-01-02 22:26:31.241297,0 days 00:01:09.881549,2,190,135.0,,,,,,,,,,,,,,,,,,,COMPLETE
33,33,0.8769373697090546,2025-01-02 22:26:31.241835,2025-01-02 22:28:02.031512,0 days 00:01:30.789677,4,150,130.0,,,,,,,,,,,120.0,40.0,,,,,,,COMPLETE
34,34,0.8383146614364223,2025-01-02 22:28:02.032067,2025-01-02 22:30:14.521389,0 days 00:02:12.489322,6,170,155.0,,,,,,,,,,,180.0,70.0,105.0,170.0,,,,,COMPLETE
35,35,0.8764346759968171,2025-01-02 22:30:14.521987,2025-01-02 22:31:21.178444,0 days 00:01:06.656457,2,190,110.0,,,,,,,,,,,,,,,,,,,COMPLETE
36,36,0.8831327331481813,2025-01-02 22:31:21.178986,2025-01-02 22:33:09.821601,0 days 00:01:48.642615,6,75,135.0,,,,,,,,,,,160.0,105.0,165.0,95.0,,,,,COMPLETE
37,37,0.6011839838499776,2025-01-02 22:33:09.822309,2025-01-02 22:37:15.322749,0 days 00:04:05.500440,11,70,165.0,200.0,,,,,,,,,,200.0,120.0,170.0,110.0,120.0,5.0,135.0,200.0,COMPLETE
38,38,0.5631151627376967,2025-01-02 22:37:15.323414,2025-01-02 22:39:45.703297,0 days 00:02:30.379883,8,85,80.0,,,,,,,,,,,135.0,175.0,155.0,85.0,80.0,145.0,,,COMPLETE
39,39,0.17811274181924888,2025-01-02 22:39:45.703920,2025-01-02 22:44:07.966758,0 days 00:04:22.262838,14,40,190.0,200.0,200.0,10.0,10.0,,,,,,,185.0,140.0,180.0,135.0,5.0,125.0,200.0,5.0,COMPLETE
40,40,0.879502492654372,2025-01-02 22:44:07.967498,2025-01-02 22:46:11.100517,0 days 00:02:03.133019,6,80,145.0,,,,,,,,,,,165.0,105.0,80.0,50.0,,,,,COMPLETE
41,41,0.8771815111966186,2025-01-02 22:46:11.101118,2025-01-02 22:47:46.104153,0 days 00:01:35.003035,4,155,125.0,,,,,,,,,,,150.0,50.0,,,,,,,COMPLETE
42,42,0.8787638938485653,2025-01-02 22:47:46.104765,2025-01-02 22:48:43.035841,0 days 00:00:56.931076,2,105,135.0,,,,,,,,,,,,,,,,,,,COMPLETE
43,43,0.8674575856191266,2025-01-02 22:48:43.036412,2025-01-02 22:50:18.729140,0 days 00:01:35.692728,5,45,90.0,,,,,,,,,,,150.0,80.0,120.0,,,,,,COMPLETE
44,44,0.2834583423767597,2025-01-02 22:50:18.729720,2025-01-02 22:55:04.764590,0 days 00:04:46.034870,20,190,140.0,5.0,10.0,65.0,50.0,190.0,10.0,20.0,5.0,200.0,15.0,110.0,115.0,155.0,90.0,115.0,40.0,45.0,185.0,COMPLETE
45,45,0.561536172467006,2025-01-02 22:55:04.765337,2025-01-02 22:57:50.009776,0 days 00:02:45.244439,8,160,110.0,,,,,,,,,,,85.0,85.0,115.0,130.0,180.0,200.0,,,COMPLETE
46,46,0.8823331564756294,2025-01-02 22:57:50.010427,2025-01-02 22:58:49.375546,0 days 00:00:59.365119,2,110,155.0,,,,,,,,,,,,,,,,,,,COMPLETE
47,47,0.8808628677683373,2025-01-02 22:58:49.376100,2025-01-02 22:59:50.648867,0 days 00:01:01.272767,2,110,170.0,,,,,,,,,,,,,,,,,,,COMPLETE
48,48,0.882086828988355,2025-01-02 22:59:50.649429,2025-01-02 23:01:18.389718,0 days 00:01:27.740289,3,95,155.0,,,,,,,,,,,190.0,,,,,,,,COMPLETE
49,49,0.877898337656337,2025-01-02 23:01:18.390287,2025-01-02 23:02:48.248126,0 days 00:01:29.857839,3,100,155.0,,,,,,,,,,,195.0,,,,,,,,COMPLETE
50,50,0.8759685244065989,2025-01-02 23:02:48.248690,2025-01-02 23:04:52.989625,0 days 00:02:04.740935,4,90,195.0,,,,,,,,,,,190.0,190.0,,,,,,,COMPLETE
51,51,0.8403863996036316,2025-01-02 23:04:52.990200,2025-01-02 23:05:24.826746,0 days 00:00:31.836546,1,75,,,,,,,,,,,,,,,,,,,,COMPLETE
52,52,0.8799950047345522,2025-01-02 23:05:24.827275,2025-01-02 23:06:16.624786,0 days 00:00:51.797511,2,60,180.0,,,,,,,,,,,,,,,,,,,COMPLETE
53,53,0.87865929961978,2025-01-02 23:06:16.625343,2025-01-02 23:07:51.807479,0 days 00:01:35.182136,3,130,165.0,,,,,,,,,,,175.0,,,,,,,,COMPLETE
54,54,0.8724134948612876,2025-01-02 23:07:51.808059,2025-01-02 23:08:25.783122,0 days 00:00:33.975063,1,95,,,,,,,,,,,,,,,,,,,,COMPLETE
55,55,0.8819188316608464,2025-01-02 23:08:25.783681,2025-01-02 23:10:16.082898,0 days 00:01:50.299217,4,120,150.0,,,,,,,,,,,165.0,150.0,,,,,,,COMPLETE
56,56,0.8608347763289637,2025-01-02 23:10:16.083483,2025-01-02 23:13:04.484213,0 days 00:02:48.400730,6,50,125.0,,,,,,,,,,,190.0,180.0,200.0,170.0,,,,,COMPLETE
57,57,0.8740678097014023,2025-01-02 23:13:04.484809,2025-01-02 23:14:01.168481,0 days 00:00:56.683672,2,85,165.0,,,,,,,,,,,,,,,,,,,COMPLETE
58,58,0.5637552537707082,2025-01-02 23:14:01.169028,2025-01-02 23:19:01.036487,0 days 00:04:59.867459,18,100,175.0,85.0,65.0,15.0,85.0,20.0,200.0,200.0,65.0,,,95.0,105.0,185.0,65.0,60.0,160.0,150.0,40.0,COMPLETE
59,59,0.8713541155943225,2025-01-02 23:19:01.037227,2025-01-02 23:19:40.604745,0 days 00:00:39.567518,1,140,,,,,,,,,,,,,,,,,,,,COMPLETE
60,60,0.8758565183207491,2025-01-02 23:19:40.605314,2025-01-02 23:21:00.306684,0 days 00:01:19.701370,3,110,145.0,,,,,,,,,,,130.0,,,,,,,,COMPLETE
61,61,0.8749330587449574,2025-01-02 23:21:00.307257,2025-01-02 23:23:07.321953,0 days 00:02:07.014696,5,195,140.0,,,,,,,,,,,150.0,25.0,165.0,,,,,,COMPLETE
62,62,0.6363581248688741,2025-01-02 23:23:07.322594,2025-01-02 23:25:33.882583,0 days 00:02:26.559989,7,175,115.0,,,,,,,,,,,160.0,70.0,100.0,100.0,130.0,,,,COMPLETE
63,63,0.8689382063208896,2025-01-02 23:25:33.883255,2025-01-02 23:27:44.081318,0 days 00:02:10.198063,5,180,155.0,,,,,,,,,,,185.0,35.0,145.0,,,,,,COMPLETE
64,64,0.8463725685413115,2025-01-02 23:27:44.081928,2025-01-02 23:28:58.424746,0 days 00:01:14.342818,3,185,130.0,,,,,,,,,,,5.0,,,,,,,,COMPLETE
65,65,0.8762721684158715,2025-01-02 23:28:58.425330,2025-01-02 23:30:45.332888,0 days 00:01:46.907558,4,200,150.0,,,,,,,,,,,140.0,55.0,,,,,,,COMPLETE
66,66,0.8788233389113409,2025-01-02 23:30:45.333475,2025-01-02 23:31:26.722730,0 days 00:00:41.389255,1,160,,,,,,,,,,,,,,,,,,,,COMPLETE
67,67,0.8836215183273477,2025-01-02 23:31:26.723286,2025-01-02 23:32:23.291129,0 days 00:00:56.567843,2,65,200.0,,,,,,,,,,,,,,,,,,,COMPLETE
68,68,0.881270092227288,2025-01-02 23:32:23.291685,2025-01-02 23:33:18.019513,0 days 00:00:54.727828,2,60,200.0,,,,,,,,,,,,,,,,,,,COMPLETE
69,69,0.874887497483898,2025-01-02 23:33:18.020061,2025-01-02 23:34:09.304526,0 days 00:00:51.284465,2,35,190.0,,,,,,,,,,,,,,,,,,,COMPLETE
70,70,0.8807684049079755,2025-01-02 23:34:09.305103,2025-01-02 23:34:40.894846,0 days 00:00:31.589743,1,70,,,,,,,,,,,,,,,,,,,,COMPLETE
71,71,0.8795024192260159,2025-01-02 23:34:40.895403,2025-01-02 23:36:29.034817,0 days 00:01:48.139414,4,80,180.0,,,,,,,,,,,175.0,125.0,,,,,,,COMPLETE
72,72,0.8684396179518796,2025-01-02 23:36:29.035413,2025-01-02 23:38:09.735554,0 days 00:01:40.700141,3,195,190.0,,,,,,,,,,,105.0,,,,,,,,COMPLETE
73,73,0.8779915096094759,2025-01-02 23:38:09.736125,2025-01-02 23:40:10.120433,0 days 00:02:00.384308,6,90,160.0,,,,,,,,,,,195.0,10.0,130.0,45.0,,,,,COMPLETE
74,74,0.8684495807584676,2025-01-02 23:40:10.121036,2025-01-02 23:40:55.313250,0 days 00:00:45.192214,3,65,50.0,,,,,,,,,,,20.0,,,,,,,,COMPLETE
75,75,0.4045550688071998,2025-01-02 23:40:55.313817,2025-01-02 23:43:56.398007,0 days 00:03:01.084190,9,195,175.0,,,,,,,,,,,160.0,25.0,115.0,170.0,100.0,100.0,40.0,,COMPLETE
76,76,0.8797600263411629,2025-01-02 23:43:56.398661,2025-01-02 23:45:42.303558,0 days 00:01:45.904897,5,125,105.0,,,,,,,,,,,125.0,200.0,5.0,,,,,,COMPLETE
77,77,0.8734488623035421,2025-01-02 23:45:42.304173,2025-01-02 23:46:49.213293,0 days 00:01:06.909120,2,170,135.0,,,,,,,,,,,,,,,,,,,COMPLETE
78,78,0.8726516411462216,2025-01-02 23:46:49.213778,2025-01-02 23:48:01.109965,0 days 00:01:11.896187,4,75,20.0,,,,,,,,,,,145.0,100.0,,,,,,,COMPLETE
79,79,0.4686782026167501,2025-01-02 23:48:01.110487,2025-01-02 23:52:40.525204,0 days 00:04:39.414717,13,180,195.0,165.0,160.0,195.0,,,,,,,,85.0,75.0,70.0,100.0,180.0,35.0,70.0,165.0,COMPLETE
80,80,0.8749835342353037,2025-01-02 23:52:40.525772,2025-01-02 23:53:57.409422,0 days 00:01:16.883650,3,190,120.0,,,,,,,,,,,55.0,,,,,,,,COMPLETE
81,81,0.8735244063297092,2025-01-02 23:53:57.409932,2025-01-02 23:55:47.596831,0 days 00:01:50.186899,4,110,150.0,,,,,,,,,,,175.0,155.0,,,,,,,COMPLETE
82,82,0.8634189046497871,2025-01-02 23:55:47.597337,2025-01-02 23:58:04.242410,0 days 00:02:16.645073,6,120,145.0,,,,,,,,,,,165.0,145.0,145.0,115.0,,,,,COMPLETE
83,83,0.8826978495649449,2025-01-02 23:58:04.242928,2025-01-02 23:59:02.052053,0 days 00:00:57.809125,2,120,160.0,,,,,,,,,,,,,,,,,,,COMPLETE
84,84,0.8673363996676635,2025-01-02 23:59:02.052588,2025-01-02 23:59:34.996731,0 days 00:00:32.944143,1,95,,,,,,,,,,,,,,,,,,,,COMPLETE
85,85,0.8790211509128923,2025-01-02 23:59:34.997097,2025-01-03 00:00:41.522373,0 days 00:01:06.525276,2,145,165.0,,,,,,,,,,,,,,,,,,,COMPLETE
86,86,0.8673446327683616,2025-01-03 00:00:41.522852,2025-01-03 00:01:47.333290,0 days 00:01:05.810438,2,130,170.0,,,,,,,,,,,,,,,,,,,COMPLETE
87,87,0.8676527832093803,2025-01-03 00:01:47.333786,2025-01-03 00:02:23.113886,0 days 00:00:35.780100,1,115,,,,,,,,,,,,,,,,,,,,COMPLETE
88,88,0.8821702255086423,2025-01-03 00:02:23.114366,2025-01-03 00:03:55.574553,0 days 00:01:32.460187,3,200,185.0,,,,,,,,,,,75.0,,,,,,,,COMPLETE
89,89,0.8777655611070521,2025-01-03 00:03:55.575046,2025-01-03 00:05:12.136614,0 days 00:01:16.561568,3,105,185.0,,,,,,,,,,,70.0,,,,,,,,COMPLETE
90,90,0.8760306574130439,2025-01-03 00:05:12.137112,2025-01-03 00:06:20.995530,0 days 00:01:08.858418,3,85,200.0,,,,,,,,,,,35.0,,,,,,,,COMPLETE
91,91,0.8792640321900955,2025-01-03 00:06:20.996010,2025-01-03 00:07:42.017498,0 days 00:01:21.021488,2,200,195.0,,,,,,,,,,,,,,,,,,,COMPLETE
92,92,0.8875959339622173,2025-01-03 00:07:42.017984,2025-01-03 00:09:54.148719,0 days 00:02:12.130735,4,185,160.0,,,,,,,,,,,200.0,165.0,,,,,,,COMPLETE
93,93,0.8747069791525016,2025-01-03 00:09:54.149242,2025-01-03 00:11:45.728846,0 days 00:01:51.579604,4,195,160.0,,,,,,,,,,,75.0,170.0,,,,,,,COMPLETE
94,94,0.869526768132449,2025-01-03 00:11:45.729364,2025-01-03 00:12:29.095011,0 days 00:00:43.365647,1,175,,,,,,,,,,,,,,,,,,,,COMPLETE
95,95,0.8827556020212407,2025-01-03 00:12:29.095503,2025-01-03 00:13:45.018411,0 days 00:01:15.922908,2,200,175.0,,,,,,,,,,,,,,,,,,,COMPLETE
96,96,0.8808227429882932,2025-01-03 00:13:45.018911,2025-01-03 00:15:32.709782,0 days 00:01:47.690871,3,185,175.0,,,,,,,,,,,200.0,,,,,,,,COMPLETE
97,97,0.884308165569534,2025-01-03 00:15:32.710291,2025-01-03 00:16:40.400595,0 days 00:01:07.690304,2,135,185.0,,,,,,,,,,,,,,,,,,,COMPLETE
98,98,0.877303326188775,2025-01-03 00:16:40.401086,2025-01-03 00:17:46.551427,0 days 00:01:06.150341,2,140,180.0,,,,,,,,,,,,,,,,,,,COMPLETE
99,99,0.882935662861901,2025-01-03 00:17:46.551918,2025-01-03 00:18:52.888730,0 days 00:01:06.336812,2,130,185.0,,,,,,,,,,,,,,,,,,,COMPLETE
100,100,0.8739474355702985,2025-01-03 00:18:52.889234,2025-01-03 00:19:30.286818,0 days 00:00:37.397584,1,130,,,,,,,,,,,,,,,,,,,,COMPLETE
101,101,0.8759695921611115,2025-01-03 00:19:30.287263,2025-01-03 00:20:37.656240,0 days 00:01:07.368977,2,135,185.0,,,,,,,,,,,,,,,,,,,COMPLETE
102,102,0.8864105621161829,2025-01-03 00:20:37.656737,2025-01-03 00:21:59.981124,0 days 00:01:22.324387,3,125,190.0,,,,,,,,,,,100.0,,,,,,,,COMPLETE
103,103,0.8768896193303461,2025-01-03 00:21:59.981645,2025-01-03 00:23:08.714972,0 days 00:01:08.733327,2,135,195.0,,,,,,,,,,,,,,,,,,,COMPLETE
104,104,0.8778237795766921,2025-01-03 00:23:08.715499,2025-01-03 00:23:45.328503,0 days 00:00:36.613004,1,125,,,,,,,,,,,,,,,,,,,,COMPLETE
105,105,0.8753763097347131,2025-01-03 00:23:45.328921,2025-01-03 00:25:23.156004,0 days 00:01:37.827083,4,115,170.0,,,,,,,,,,,100.0,125.0,,,,,,,COMPLETE
106,106,0.8748195585299499,2025-01-03 00:25:23.156539,2025-01-03 00:26:57.013030,0 days 00:01:33.856491,3,145,190.0,,,,,,,,,,,135.0,,,,,,,,COMPLETE
107,107,0.8741706051339079,2025-01-03 00:26:57.013564,2025-01-03 00:29:02.794802,0 days 00:02:05.781238,5,120,180.0,,,,,,,,,,,115.0,190.0,90.0,,,,,,COMPLETE
108,108,0.8794544712127399,2025-01-03 00:29:02.795345,2025-01-03 00:30:08.746506,0 days 00:01:05.951161,2,150,160.0,,,,,,,,,,,,,,,,,,,COMPLETE
109,109,0.8745560912636599,2025-01-03 00:30:08.747026,2025-01-03 00:31:45.328256,0 days 00:01:36.581230,3,125,200.0,,,,,,,,,,,180.0,,,,,,,,COMPLETE
110,110,0.8755816540574332,2025-01-03 00:31:45.328786,2025-01-03 00:33:31.791707,0 days 00:01:46.462921,4,115,190.0,,,,,,,,,,,110.0,165.0,,,,,,,COMPLETE
111,111,0.8719508197522761,2025-01-03 00:33:31.792253,2025-01-03 00:34:54.625594,0 days 00:01:22.833341,3,130,185.0,,,,,,,,,,,80.0,,,,,,,,COMPLETE
112,112,0.8830233998401841,2025-01-03 00:34:54.626105,2025-01-03 00:36:09.794747,0 days 00:01:15.168642,2,190,180.0,,,,,,,,,,,,,,,,,,,COMPLETE
113,113,0.8789043574159092,2025-01-03 00:36:09.795271,2025-01-03 00:36:55.605426,0 days 00:00:45.810155,2,15,175.0,,,,,,,,,,,,,,,,,,,COMPLETE
114,114,0.493466862648028,2025-01-03 00:36:55.605932,2025-01-03 00:40:13.949228,0 days 00:03:18.343296,11,190,195.0,60.0,,,,,,,,,,95.0,160.0,25.0,30.0,35.0,120.0,120.0,145.0,COMPLETE
115,115,0.8797416580095219,2025-01-03 00:40:13.949830,2025-01-03 00:40:41.653408,0 days 00:00:27.703578,1,55,,,,,,,,,,,,,,,,,,,,COMPLETE
116,116,0.8740708611047037,2025-01-03 00:40:41.653880,2025-01-03 00:41:46.511543,0 days 00:01:04.857663,2,140,170.0,,,,,,,,,,,,,,,,,,,COMPLETE
117,117,0.8810933264881927,2025-01-03 00:41:46.512063,2025-01-03 00:42:48.912641,0 days 00:01:02.400578,2,135,160.0,,,,,,,,,,,,,,,,,,,COMPLETE
118,118,0.878788563849829,2025-01-03 00:42:48.913151,2025-01-03 00:44:25.660674,0 days 00:01:36.747523,4,110,165.0,,,,,,,,,,,95.0,130.0,,,,,,,COMPLETE
119,119,0.866687949829679,2025-01-03 00:44:25.661205,2025-01-03 00:45:09.081736,0 days 00:00:43.420531,1,165,,,,,,,,,,,,,,,,,,,,COMPLETE
120,120,0.8806839207650821,2025-01-03 00:45:09.082241,2025-01-03 00:46:12.179855,0 days 00:01:03.097614,2,125,180.0,,,,,,,,,,,,,,,,,,,COMPLETE
121,121,0.8740341932277167,2025-01-03 00:46:12.180370,2025-01-03 00:47:46.278985,0 days 00:01:34.098615,3,195,190.0,,,,,,,,,,,65.0,,,,,,,,COMPLETE
122,122,0.878794259156518,2025-01-03 00:47:46.279510,2025-01-03 00:49:13.998509,0 days 00:01:27.718999,3,200,185.0,,,,,,,,,,,50.0,,,,,,,,COMPLETE
123,123,0.8747672685140115,2025-01-03 00:49:13.999032,2025-01-03 00:50:45.031821,0 days 00:01:31.032789,3,185,200.0,,,,,,,,,,,60.0,,,,,,,,COMPLETE
124,124,0.8764095553561434,2025-01-03 00:50:45.032348,2025-01-03 00:52:05.225557,0 days 00:01:20.193209,2,195,195.0,,,,,,,,,,,,,,,,,,,COMPLETE
125,125,0.8808531302643793,2025-01-03 00:52:05.226064,2025-01-03 00:53:37.761817,0 days 00:01:32.535753,3,200,175.0,,,,,,,,,,,90.0,,,,,,,,COMPLETE
126,126,0.87987709596408,2025-01-03 00:53:37.762352,2025-01-03 00:55:48.409760,0 days 00:02:10.647408,5,190,180.0,,,,,,,,,,,105.0,110.0,190.0,,,,,,COMPLETE
127,127,0.8758904999371412,2025-01-03 00:55:48.410323,2025-01-03 00:56:34.080311,0 days 00:00:45.669988,1,200,,,,,,,,,,,,,,,,,,,,COMPLETE
128,128,0.8840504372492071,2025-01-03 00:56:34.080768,2025-01-03 00:58:15.505945,0 days 00:01:41.425177,4,150,155.0,,,,,,,,,,,120.0,95.0,,,,,,,COMPLETE
129,129,0.8739414724868253,2025-01-03 00:58:15.506485,2025-01-03 00:59:49.778669,0 days 00:01:34.272184,4,145,140.0,,,,,,,,,,,120.0,90.0,,,,,,,COMPLETE
130,130,0.8744050834348982,2025-01-03 00:59:49.779208,2025-01-03 01:01:53.268643,0 days 00:02:03.489435,5,175,155.0,,,,,,,,,,,130.0,140.0,45.0,,,,,,COMPLETE
131,131,0.8762884908090387,2025-01-03 01:01:53.269203,2025-01-03 01:03:34.499141,0 days 00:01:41.229938,3,150,170.0,,,,,,,,,,,195.0,,,,,,,,COMPLETE
132,132,0.8776822238639326,2025-01-03 01:03:34.499686,2025-01-03 01:04:41.302280,0 days 00:01:06.802594,2,140,185.0,,,,,,,,,,,,,,,,,,,COMPLETE
133,133,0.8765420243464765,2025-01-03 01:04:41.302789,2025-01-03 01:06:24.966757,0 days 00:01:43.663968,4,185,150.0,,,,,,,,,,,115.0,95.0,,,,,,,COMPLETE
134,134,0.8765227851972153,2025-01-03 01:06:24.967278,2025-01-03 01:07:44.580189,0 days 00:01:19.612911,3,155,155.0,,,,,,,,,,,80.0,,,,,,,,COMPLETE
135,135,0.754248345993629,2025-01-03 01:07:44.580715,2025-01-03 01:09:37.275999,0 days 00:01:52.695284,7,190,165.0,,,,,,,,,,,100.0,60.0,90.0,130.0,80.0,,,,COMPLETE
136,136,0.8824630934208155,2025-01-03 01:09:37.276583,2025-01-03 01:10:32.595640,0 days 00:00:55.319057,2,65,190.0,,,,,,,,,,,,,,,,,,,COMPLETE
137,137,0.8798665172224995,2025-01-03 01:10:32.596160,2025-01-03 01:11:25.734245,0 days 00:00:53.138085,2,55,190.0,,,,,,,,,,,,,,,,,,,COMPLETE
138,138,0.8647277535577289,2025-01-03 01:11:25.734772,2025-01-03 01:11:56.141846,0 days 00:00:30.407074,1,70,,,,,,,,,,,,,,,,,,,,COMPLETE
139,139,0.8736717464454399,2025-01-03 01:11:56.142355,2025-01-03 01:12:48.568447,0 days 00:00:52.426092,2,45,200.0,,,,,,,,,,,,,,,,,,,COMPLETE
140,140,0.8694787490334688,2025-01-03 01:12:48.568970,2025-01-03 01:13:15.708497,0 days 00:00:27.139527,1,60,,,,,,,,,,,,,,,,,,,,COMPLETE
141,141,0.8788526492956149,2025-01-03 01:13:15.708897,2025-01-03 01:14:38.998808,0 days 00:01:23.289911,3,65,195.0,,,,,,,,,,,155.0,,,,,,,,COMPLETE
142,142,0.8734320647242217,2025-01-03 01:14:38.999361,2025-01-03 01:15:33.440295,0 days 00:00:54.440934,2,75,180.0,,,,,,,,,,,,,,,,,,,COMPLETE
143,143,0.8786680050935249,2025-01-03 01:15:33.440824,2025-01-03 01:17:07.577720,0 days 00:01:34.136896,3,120,190.0,,,,,,,,,,,185.0,,,,,,,,COMPLETE
144,144,0.8721505843716797,2025-01-03 01:17:07.578278,2025-01-03 01:19:01.638241,0 days 00:01:54.059963,4,130,175.0,,,,,,,,,,,170.0,115.0,,,,,,,COMPLETE
145,145,0.206145766609815,2025-01-03 01:19:01.638791,2025-01-03 01:23:01.343365,0 days 00:03:59.704574,15,135,185.0,100.0,70.0,115.0,195.0,10.0,,,,,,125.0,80.0,60.0,10.0,155.0,65.0,190.0,20.0,COMPLETE
146,146,0.8778332707448504,2025-01-03 01:23:01.343997,2025-01-03 01:24:14.274079,0 days 00:01:12.930082,2,195,150.0,,,,,,,,,,,,,,,,,,,COMPLETE
147,147,0.4961946945494576,2025-01-03 01:24:14.274608,2025-01-03 01:27:21.130887,0 days 00:03:06.856279,9,115,145.0,,,,,,,,,,,90.0,40.0,150.0,200.0,115.0,200.0,25.0,,COMPLETE
148,148,0.01343337689539734,2025-01-03 01:27:21.131471,2025-01-03 01:33:32.525866,0 days 00:06:11.394395,19,105,195.0,170.0,155.0,60.0,95.0,200.0,200.0,5.0,195.0,15.0,,140.0,135.0,105.0,35.0,175.0,165.0,165.0,45.0,COMPLETE
149,149,0.8773011855065196,2025-01-03 01:33:32.526528,2025-01-03 01:35:42.199319,0 days 00:02:09.672791,4,150,165.0,,,,,,,,,,,200.0,175.0,,,,,,,COMPLETE
150,150,0.8793274392992341,2025-01-03 01:35:42.199861,2025-01-03 01:37:16.656506,0 days 00:01:34.456645,3,180,185.0,,,,,,,,,,,110.0,,,,,,,,COMPLETE
151,151,0.8765808997307795,2025-01-03 01:37:16.657036,2025-01-03 01:38:51.016017,0 days 00:01:34.358981,3,100,200.0,,,,,,,,,,,190.0,,,,,,,,COMPLETE
152,152,0.8761455344990887,2025-01-03 01:38:51.016560,2025-01-03 01:39:42.895635,0 days 00:00:51.879075,2,80,160.0,,,,,,,,,,,,,,,,,,,COMPLETE
153,153,0.8772806811644958,2025-01-03 01:39:42.896159,2025-01-03 01:41:01.966407,0 days 00:01:19.070248,3,70,155.0,,,,,,,,,,,180.0,,,,,,,,COMPLETE
154,154,0.8842820641407798,2025-01-03 01:41:01.966954,2025-01-03 01:42:00.278441,0 days 00:00:58.311487,2,120,155.0,,,,,,,,,,,,,,,,,,,COMPLETE
155,155,0.8811394753931845,2025-01-03 01:42:00.278972,2025-01-03 01:42:55.848855,0 days 00:00:55.569883,2,120,140.0,,,,,,,,,,,,,,,,,,,COMPLETE
156,156,0.8754303817951986,2025-01-03 01:42:55.849413,2025-01-03 01:43:34.182506,0 days 00:00:38.333093,1,130,,,,,,,,,,,,,,,,,,,,COMPLETE
157,157,0.8763831371051702,2025-01-03 01:43:34.182916,2025-01-03 01:44:33.090899,0 days 00:00:58.907983,2,115,150.0,,,,,,,,,,,,,,,,,,,COMPLETE
158,158,0.8748554106079526,2025-01-03 01:44:33.091423,2025-01-03 01:45:11.360241,0 days 00:00:38.268818,1,135,,,,,,,,,,,,,,,,,,,,COMPLETE
159,159,0.8834937316493452,2025-01-03 01:45:11.360746,2025-01-03 01:46:16.171403,0 days 00:01:04.810657,2,160,160.0,,,,,,,,,,,,,,,,,,,COMPLETE
160,160,0.8775377061884231,2025-01-03 01:46:16.171957,2025-01-03 01:47:20.682057,0 days 00:01:04.510100,2,160,160.0,,,,,,,,,,,,,,,,,,,COMPLETE
161,161,0.8763482369157597,2025-01-03 01:47:20.682595,2025-01-03 01:48:32.817896,0 days 00:01:12.135301,2,165,175.0,,,,,,,,,,,,,,,,,,,COMPLETE
162,162,0.8701774813427327,2025-01-03 01:48:32.818446,2025-01-03 01:49:44.338951,0 days 00:01:11.520505,3,145,160.0,,,,,,,,,,,30.0,,,,,,,,COMPLETE
163,163,0.8851269229433621,2025-01-03 01:49:44.339509,2025-01-03 01:50:42.570305,0 days 00:00:58.230796,2,125,145.0,,,,,,,,,,,,,,,,,,,COMPLETE
164,164,0.8779006036927967,2025-01-03 01:50:42.570832,2025-01-03 01:51:17.875730,0 days 00:00:35.304898,1,120,,,,,,,,,,,,,,,,,,,,COMPLETE
165,165,0.8763396571593945,2025-01-03 01:51:17.876110,2025-01-03 01:52:16.774482,0 days 00:00:58.898372,2,125,145.0,,,,,,,,,,,,,,,,,,,COMPLETE
166,166,0.8831689923635031,2025-01-03 01:52:16.775007,2025-01-03 01:53:21.077988,0 days 00:01:04.302981,2,155,145.0,,,,,,,,,,,,,,,,,,,COMPLETE
167,167,0.8779805176065053,2025-01-03 01:53:21.078511,2025-01-03 01:54:00.993830,0 days 00:00:39.915319,1,160,,,,,,,,,,,,,,,,,,,,COMPLETE
168,168,0.8744874691808298,2025-01-03 01:54:00.994253,2025-01-03 01:55:04.775923,0 days 00:01:03.781670,2,155,140.0,,,,,,,,,,,,,,,,,,,COMPLETE
169,169,0.8640594906392065,2025-01-03 01:55:04.776481,2025-01-03 01:55:44.031141,0 days 00:00:39.254660,1,140,,,,,,,,,,,,,,,,,,,,COMPLETE
170,170,0.881878377155933,2025-01-03 01:55:44.031550,2025-01-03 01:57:09.515534,0 days 00:01:25.483984,3,140,135.0,,,,,,,,,,,155.0,,,,,,,,COMPLETE
171,171,0.8836580170751916,2025-01-03 01:57:09.516065,2025-01-03 01:58:06.496555,0 days 00:00:56.980490,2,110,150.0,,,,,,,,,,,,,,,,,,,COMPLETE
172,172,0.8801897276352766,2025-01-03 01:58:06.497077,2025-01-03 01:59:11.511613,0 days 00:01:05.014536,2,150,150.0,,,,,,,,,,,,,,,,,,,COMPLETE
173,173,0.8818675844462635,2025-01-03 01:59:11.512144,2025-01-03 02:00:11.018469,0 days 00:00:59.506325,2,125,145.0,,,,,,,,,,,,,,,,,,,COMPLETE
174,174,0.8644549856222765,2025-01-03 02:00:11.019005,2025-01-03 02:00:40.422357,0 days 00:00:29.403352,1,65,,,,,,,,,,,,,,,,,,,,COMPLETE
175,175,0.8799981906534327,2025-01-03 02:00:40.422846,2025-01-03 02:02:08.656618,0 days 00:01:28.233772,3,130,150.0,,,,,,,,,,,170.0,,,,,,,,COMPLETE
176,176,0.8740265594230326,2025-01-03 02:02:08.657165,2025-01-03 02:03:16.530938,0 days 00:01:07.873773,2,165,155.0,,,,,,,,,,,,,,,,,,,COMPLETE
177,177,0.8786512241290036,2025-01-03 02:03:16.531498,2025-01-03 02:04:36.929196,0 days 00:01:20.397698,3,120,145.0,,,,,,,,,,,145.0,,,,,,,,COMPLETE
178,178,0.8818520338561302,2025-01-03 02:04:36.929741,2025-01-03 02:06:13.408547,0 days 00:01:36.478806,4,125,165.0,,,,,,,,,,,125.0,90.0,,,,,,,COMPLETE
179,179,0.8781545776178308,2025-01-03 02:06:13.409100,2025-01-03 02:07:09.189147,0 days 00:00:55.780047,2,110,130.0,,,,,,,,,,,,,,,,,,,COMPLETE
180,180,0.8816348385920649,2025-01-03 02:07:09.189681,2025-01-03 02:08:03.175629,0 days 00:00:53.985948,2,145,70.0,,,,,,,,,,,,,,,,,,,COMPLETE
181,181,0.8773084049588262,2025-01-03 02:08:03.176165,2025-01-03 02:09:00.230488,0 days 00:00:57.054323,2,110,155.0,,,,,,,,,,,,,,,,,,,COMPLETE
182,182,0.8825813340537654,2025-01-03 02:09:00.231020,2025-01-03 02:09:40.447319,0 days 00:00:40.216299,1,155,,,,,,,,,,,,,,,,,,,,COMPLETE
183,183,0.8784065541918525,2025-01-03 02:09:40.447729,2025-01-03 02:10:21.052800,0 days 00:00:40.605071,1,155,,,,,,,,,,,,,,,,,,,,COMPLETE
184,184,0.8728611933620263,2025-01-03 02:10:21.053311,2025-01-03 02:11:00.448725,0 days 00:00:39.395414,1,150,,,,,,,,,,,,,,,,,,,,COMPLETE
185,185,0.8754632235616914,2025-01-03 02:11:00.449272,2025-01-03 02:11:40.963297,0 days 00:00:40.514025,1,155,,,,,,,,,,,,,,,,,,,,COMPLETE
186,186,0.8759944826947748,2025-01-03 02:11:40.963840,2025-01-03 02:12:44.118512,0 days 00:01:03.154672,2,135,160.0,,,,,,,,,,,,,,,,,,,COMPLETE
187,187,0.8810844760808123,2025-01-03 02:12:44.119045,2025-01-03 02:14:07.565308,0 days 00:01:23.446263,3,145,90.0,,,,,,,,,,,195.0,,,,,,,,COMPLETE
188,188,0.8788217273227052,2025-01-03 02:14:07.565851,2025-01-03 02:15:19.079684,0 days 00:01:11.513833,2,170,170.0,,,,,,,,,,,,,,,,,,,COMPLETE
189,189,0.8779530843687737,2025-01-03 02:15:19.080245,2025-01-03 02:16:52.734435,0 days 00:01:33.654190,3,160,190.0,,,,,,,,,,,135.0,,,,,,,,COMPLETE
190,190,0.8776329331046312,2025-01-03 02:16:52.734975,2025-01-03 02:17:28.677439,0 days 00:00:35.942464,1,115,,,,,,,,,,,,,,,,,,,,COMPLETE
191,191,0.8809693511631864,2025-01-03 02:17:28.677942,2025-01-03 02:18:25.824111,0 days 00:00:57.146169,2,105,155.0,,,,,,,,,,,,,,,,,,,COMPLETE
192,192,0.8823727398000657,2025-01-03 02:18:25.824647,2025-01-03 02:19:27.139837,0 days 00:01:01.315190,2,130,150.0,,,,,,,,,,,,,,,,,,,COMPLETE
193,193,0.8791977218182038,2025-01-03 02:19:27.140400,2025-01-03 02:20:14.924150,0 days 00:00:47.783750,2,60,150.0,,,,,,,,,,,,,,,,,,,COMPLETE
194,194,0.5138339605135533,2025-01-03 02:20:14.924687,2025-01-03 02:23:34.236560,0 days 00:03:19.311873,12,130,145.0,5.0,90.0,,,,,,,,,115.0,100.0,30.0,55.0,140.0,155.0,125.0,130.0,COMPLETE
195,195,0.8797239263079146,2025-01-03 02:23:34.237181,2025-01-03 02:24:57.218324,0 days 00:01:22.981143,3,130,140.0,,,,,,,,,,,145.0,,,,,,,,COMPLETE
196,196,0.8884478950931949,2025-01-03 02:24:57.218891,2025-01-03 02:26:02.637010,0 days 00:01:05.418119,2,135,180.0,,,,,,,,,,,,,,,,,,,COMPLETE
197,197,0.8709280374537491,2025-01-03 02:26:02.637559,2025-01-03 02:26:41.319985,0 days 00:00:38.682426,1,140,,,,,,,,,,,,,,,,,,,,COMPLETE
198,198,0.8689915653941855,2025-01-03 02:26:41.320524,2025-01-03 02:27:57.777380,0 days 00:01:16.456856,2,195,180.0,,,,,,,,,,,,,,,,,,,COMPLETE
199,199,0.8758913792774119,2025-01-03 02:27:57.777914,2025-01-03 02:29:52.778419,0 days 00:01:55.000505,4,55,190.0,,,,,,,,,,,185.0,185.0,,,,,,,COMPLETE
200,200,0.8778707137775915,2025-01-03 02:29:52.778952,2025-01-03 02:31:17.855011,0 days 00:01:25.076059,3,135,180.0,,,,,,,,,,,105.0,,,,,,,,COMPLETE
201,201,0.8794667983434349,2025-01-03 02:31:17.855570,2025-01-03 02:32:23.630939,0 days 00:01:05.775369,2,125,195.0,,,,,,,,,,,,,,,,,,,COMPLETE
202,202,0.8809027813440424,2025-01-03 02:32:23.631467,2025-01-03 02:33:28.142435,0 days 00:01:04.510968,2,150,160.0,,,,,,,,,,,,,,,,,,,COMPLETE
203,203,0.8782225805194583,2025-01-03 02:33:28.142969,2025-01-03 02:34:26.050367,0 days 00:00:57.907398,2,120,150.0,,,,,,,,,,,,,,,,,,,COMPLETE
204,204,0.8652776310321267,2025-01-03 02:34:26.050863,2025-01-03 02:35:03.796154,0 days 00:00:37.745291,1,135,,,,,,,,,,,,,,,,,,,,COMPLETE
205,205,0.8772240018006658,2025-01-03 02:35:03.796611,2025-01-03 02:36:31.805865,0 days 00:01:28.009254,3,125,145.0,,,,,,,,,,,180.0,,,,,,,,COMPLETE
206,206,0.8811806256306761,2025-01-03 02:36:31.806402,2025-01-03 02:37:36.374156,0 days 00:01:04.567754,2,130,170.0,,,,,,,,,,,,,,,,,,,COMPLETE
207,207,0.8792603271438226,2025-01-03 02:37:36.374681,2025-01-03 02:39:08.520755,0 days 00:01:32.146074,3,145,155.0,,,,,,,,,,,170.0,,,,,,,,COMPLETE
208,208,0.8793219876427377,2025-01-03 02:39:08.521289,2025-01-03 02:39:54.856367,0 days 00:00:46.335078,1,200,,,,,,,,,,,,,,,,,,,,COMPLETE
209,209,0.88473278263611,2025-01-03 02:39:54.856887,2025-01-03 02:40:58.026014,0 days 00:01:03.169127,2,120,185.0,,,,,,,,,,,,,,,,,,,COMPLETE
210,210,0.8806658173011745,2025-01-03 02:40:58.026543,2025-01-03 02:42:00.417731,0 days 00:01:02.391188,2,120,180.0,,,,,,,,,,,,,,,,,,,COMPLETE
211,211,0.881008629323236,2025-01-03 02:42:00.418268,2025-01-03 02:43:04.205440,0 days 00:01:03.787172,2,125,185.0,,,,,,,,,,,,,,,,,,,COMPLETE
212,212,0.8769422826564817,2025-01-03 02:43:04.205959,2025-01-03 02:44:06.883699,0 days 00:01:02.677740,2,115,185.0,,,,,,,,,,,,,,,,,,,COMPLETE
213,213,0.8774010907710341,2025-01-03 02:44:06.884229,2025-01-03 02:45:49.864116,0 days 00:01:42.979887,3,190,195.0,,,,,,,,,,,130.0,,,,,,,,COMPLETE
214,214,0.8664446948429749,2025-01-03 02:45:49.864685,2025-01-03 02:46:28.094793,0 days 00:00:38.230108,1,130,,,,,,,,,,,,,,,,,,,,COMPLETE
215,215,0.883617485337538,2025-01-03 02:46:28.095331,2025-01-03 02:47:41.055885,0 days 00:01:12.960554,2,160,200.0,,,,,,,,,,,,,,,,,,,COMPLETE
216,216,0.8788702429821433,2025-01-03 02:47:41.056434,2025-01-03 02:49:10.079621,0 days 00:01:29.023187,3,160,200.0,,,,,,,,,,,90.0,,,,,,,,COMPLETE
217,217,0.8783176063425076,2025-01-03 02:49:10.080182,2025-01-03 02:50:21.004136,0 days 00:01:10.923954,2,155,190.0,,,,,,,,,,,,,,,,,,,COMPLETE
218,218,0.8749474522292993,2025-01-03 02:50:21.004666,2025-01-03 02:51:03.297330,0 days 00:00:42.292664,1,165,,,,,,,,,,,,,,,,,,,,COMPLETE
219,219,0.883709590334137,2025-01-03 02:51:03.297857,2025-01-03 02:52:14.364722,0 days 00:01:11.066865,2,160,200.0,,,,,,,,,,,,,,,,,,,COMPLETE
220,220,0.8832285723790727,2025-01-03 02:52:14.365259,2025-01-03 02:53:50.112275,0 days 00:01:35.747016,3,170,200.0,,,,,,,,,,,110.0,,,,,,,,COMPLETE
221,221,0.8752949010654489,2025-01-03 02:53:50.112809,2025-01-03 02:55:22.542676,0 days 00:01:32.429867,3,160,200.0,,,,,,,,,,,120.0,,,,,,,,COMPLETE
222,222,0.8850666279895506,2025-01-03 02:55:22.543242,2025-01-03 02:56:34.520044,0 days 00:01:11.976802,2,160,200.0,,,,,,,,,,,,,,,,,,,COMPLETE
223,223,0.8763358083554761,2025-01-03 02:56:34.520601,2025-01-03 02:57:48.944148,0 days 00:01:14.423547,2,165,200.0,,,,,,,,,,,,,,,,,,,COMPLETE
224,224,0.8811451756273863,2025-01-03 02:57:48.944678,2025-01-03 02:59:23.244512,0 days 00:01:34.299834,3,175,195.0,,,,,,,,,,,100.0,,,,,,,,COMPLETE
225,225,0.8735724485856606,2025-01-03 02:59:23.245076,2025-01-03 03:00:37.161048,0 days 00:01:13.915972,2,170,200.0,,,,,,,,,,,,,,,,,,,COMPLETE
226,226,0.8812630045436283,2025-01-03 03:00:37.161604,2025-01-03 03:02:12.394861,0 days 00:01:35.233257,3,165,195.0,,,,,,,,,,,110.0,,,,,,,,COMPLETE
227,227,0.8797786720321932,2025-01-03 03:02:12.395435,2025-01-03 03:03:24.284765,0 days 00:01:11.889330,2,160,200.0,,,,,,,,,,,,,,,,,,,COMPLETE
228,228,0.8757424575820192,2025-01-03 03:03:24.285302,2025-01-03 03:05:20.742867,0 days 00:01:56.457565,4,175,195.0,,,,,,,,,,,95.0,150.0,,,,,,,COMPLETE
229,229,0.8781480365139227,2025-01-03 03:05:20.743427,2025-01-03 03:06:31.763006,0 days 00:01:11.019579,2,150,200.0,,,,,,,,,,,,,,,,,,,COMPLETE
230,230,0.8734947844761467,2025-01-03 03:06:31.763550,2025-01-03 03:08:07.195532,0 days 00:01:35.431982,3,180,190.0,,,,,,,,,,,120.0,,,,,,,,COMPLETE
231,231,0.8809667241121558,2025-01-03 03:08:07.196078,2025-01-03 03:09:18.645934,0 days 00:01:11.449856,2,155,195.0,,,,,,,,,,,,,,,,,,,COMPLETE
232,232,0.8765931004766341,2025-01-03 03:09:18.646504,2025-01-03 03:09:58.856419,0 days 00:00:40.209915,1,160,,,,,,,,,,,,,,,,,,,,COMPLETE
233,233,0.8807134158463523,2025-01-03 03:09:58.856848,2025-01-03 03:11:09.186452,0 days 00:01:10.329604,2,155,185.0,,,,,,,,,,,,,,,,,,,COMPLETE
234,234,0.8804159594919421,2025-01-03 03:11:09.187003,2025-01-03 03:12:23.895527,0 days 00:01:14.708524,2,165,200.0,,,,,,,,,,,,,,,,,,,COMPLETE
235,235,0.8760253307136825,2025-01-03 03:12:23.896060,2025-01-03 03:14:06.412547,0 days 00:01:42.516487,5,150,195.0,,,,,,,,,,,105.0,110.0,160.0,,,,,,COMPLETE
236,236,0.8730745998187859,2025-01-03 03:14:06.413104,2025-01-03 03:14:47.135208,0 days 00:00:40.722104,1,155,,,,,,,,,,,,,,,,,,,,COMPLETE
237,237,0.876076702145217,2025-01-03 03:14:47.135756,2025-01-03 03:16:24.459326,0 days 00:01:37.323570,3,170,175.0,,,,,,,,,,,135.0,,,,,,,,COMPLETE
238,238,0.8749814350433638,2025-01-03 03:16:24.459874,2025-01-03 03:18:15.365814,0 days 00:01:50.905940,4,160,165.0,,,,,,,,,,,160.0,120.0,,,,,,,COMPLETE
239,239,0.392984106290966,2025-01-03 03:18:15.366391,2025-01-03 03:22:11.679412,0 days 00:03:56.313021,17,35,185.0,115.0,35.0,95.0,5.0,135.0,5.0,195.0,,,,125.0,65.0,190.0,80.0,20.0,135.0,65.0,50.0,COMPLETE
240,240,0.8829951954461118,2025-01-03 03:22:11.680077,2025-01-03 03:23:28.859383,0 days 00:01:17.179306,2,190,190.0,,,,,,,,,,,,,,,,,,,COMPLETE
241,241,0.884760062159283,2025-01-03 03:23:28.859944,2025-01-03 03:24:45.716266,0 days 00:01:16.856322,2,190,190.0,,,,,,,,,,,,,,,,,,,COMPLETE
242,242,0.8779827971623961,2025-01-03 03:24:45.716812,2025-01-03 03:26:02.796423,0 days 00:01:17.079611,2,190,190.0,,,,,,,,,,,,,,,,,,,COMPLETE
243,243,0.8831990258301512,2025-01-03 03:26:02.796960,2025-01-03 03:27:22.006811,0 days 00:01:19.209851,2,190,195.0,,,,,,,,,,,,,,,,,,,COMPLETE
244,244,0.8769779254572511,2025-01-03 03:27:22.007376,2025-01-03 03:28:40.741630,0 days 00:01:18.734254,2,190,195.0,,,,,,,,,,,,,,,,,,,COMPLETE
245,245,0.8772797915619144,2025-01-03 03:28:40.742177,2025-01-03 03:29:57.694604,0 days 00:01:16.952427,2,185,190.0,,,,,,,,,,,,,,,,,,,COMPLETE
246,246,0.8744453293004651,2025-01-03 03:29:57.695153,2025-01-03 03:31:31.658500,0 days 00:01:33.963347,3,190,200.0,,,,,,,,,,,70.0,,,,,,,,COMPLETE
247,247,0.6197518963999833,2025-01-03 03:31:31.659071,2025-01-03 03:33:34.911539,0 days 00:02:03.252468,8,200,185.0,,,,,,,,,,,85.0,45.0,170.0,160.0,200.0,15.0,,,COMPLETE
248,248,0.8826722844670818,2025-01-03 03:33:34.912135,2025-01-03 03:34:50.802319,0 days 00:01:15.890184,2,185,190.0,,,,,,,,,,,,,,,,,,,COMPLETE
249,249,0.8800207727693365,2025-01-03 03:34:50.802865,2025-01-03 03:36:11.032999,0 days 00:01:20.230134,2,195,200.0,,,,,,,,,,,,,,,,,,,COMPLETE
250,250,0.8819682652879302,2025-01-03 03:36:11.033576,2025-01-03 03:37:30.089055,0 days 00:01:19.055479,2,195,190.0,,,,,,,,,,,,,,,,,,,COMPLETE
251,251,0.8849111107455656,2025-01-03 03:37:30.089625,2025-01-03 03:39:16.927372,0 days 00:01:46.837747,3,185,180.0,,,,,,,,,,,200.0,,,,,,,,COMPLETE
252,252,0.8824152165403367,2025-01-03 03:39:16.927955,2025-01-03 03:41:03.705899,0 days 00:01:46.777944,3,185,180.0,,,,,,,,,,,190.0,,,,,,,,COMPLETE
253,253,0.8731624458924319,2025-01-03 03:41:03.706467,2025-01-03 03:43:29.285666,0 days 00:02:25.579199,4,180,195.0,,,,,,,,,,,195.0,200.0,,,,,,,COMPLETE
254,254,0.882224470866009,2025-01-03 03:43:29.286244,2025-01-03 03:45:21.362484,0 days 00:01:52.076240,3,185,195.0,,,,,,,,,,,200.0,,,,,,,,COMPLETE
255,255,0.8773665942021792,2025-01-03 03:45:21.363059,2025-01-03 03:47:14.350789,0 days 00:01:52.987730,3,190,200.0,,,,,,,,,,,200.0,,,,,,,,COMPLETE
256,256,0.8801192999511827,2025-01-03 03:47:14.351365,2025-01-03 03:48:55.796737,0 days 00:01:41.445372,3,180,180.0,,,,,,,,,,,175.0,,,,,,,,COMPLETE
257,257,0.87497192325105,2025-01-03 03:48:55.797342,2025-01-03 03:50:57.073997,0 days 00:02:01.276655,6,185,190.0,,,,,,,,,,,185.0,145.0,60.0,190.0,,,,,COMPLETE
258,258,0.8793002931169125,2025-01-03 03:50:57.074579,2025-01-03 03:52:16.591276,0 days 00:01:19.516697,2,190,195.0,,,,,,,,,,,,,,,,,,,COMPLETE
259,259,0.8853973320525585,2025-01-03 03:52:16.591825,2025-01-03 03:53:23.406095,0 days 00:01:06.814270,2,140,185.0,,,,,,,,,,,,,,,,,,,COMPLETE
260,260,0.8849858963702706,2025-01-03 03:53:23.406652,2025-01-03 03:54:30.664029,0 days 00:01:07.257377,2,140,190.0,,,,,,,,,,,,,,,,,,,COMPLETE
261,261,0.879515538384617,2025-01-03 03:54:30.664586,2025-01-03 03:56:14.288313,0 days 00:01:43.623727,3,140,195.0,,,,,,,,,,,195.0,,,,,,,,COMPLETE
262,262,0.8733447637933197,2025-01-03 03:56:14.288881,2025-01-03 03:57:21.571147,0 days 00:01:07.282266,2,145,180.0,,,,,,,,,,,,,,,,,,,COMPLETE
263,263,0.8815968348078067,2025-01-03 03:57:21.571700,2025-01-03 03:59:15.568749,0 days 00:01:53.997049,4,140,200.0,,,,,,,,,,,180.0,75.0,,,,,,,COMPLETE
264,264,0.8749473523565086,2025-01-03 03:59:15.569327,2025-01-03 04:00:39.336050,0 days 00:01:23.766723,3,145,155.0,,,,,,,,,,,110.0,,,,,,,,COMPLETE
265,265,0.8783577013845421,2025-01-03 04:00:39.336627,2025-01-03 04:01:39.679349,0 days 00:01:00.342722,2,140,140.0,,,,,,,,,,,,,,,,,,,COMPLETE
266,266,0.878456754896111,2025-01-03 04:01:39.679900,2025-01-03 04:02:20.366863,0 days 00:00:40.686963,1,150,,,,,,,,,,,,,,,,,,,,COMPLETE
267,267,0.8743476467058169,2025-01-03 04:02:20.367309,2025-01-03 04:03:54.824024,0 days 00:01:34.456715,4,175,35.0,,,,,,,,,,,190.0,85.0,,,,,,,COMPLETE
268,268,0.8783606480006607,2025-01-03 04:03:54.824625,2025-01-03 04:04:59.256047,0 days 00:01:04.431422,2,155,135.0,,,,,,,,,,,,,,,,,,,COMPLETE
269,269,0.8806766151930079,2025-01-03 04:04:59.256618,2025-01-03 04:06:20.725237,0 days 00:01:21.468619,3,135,150.0,,,,,,,,,,,115.0,,,,,,,,COMPLETE
270,270,0.5225664986955451,2025-01-03 04:06:20.725805,2025-01-03 04:09:28.500995,0 days 00:03:07.775190,10,145,185.0,,,,,,,,,,,155.0,130.0,135.0,15.0,45.0,105.0,25.0,165.0,COMPLETE
271,271,0.8796537318319915,2025-01-03 04:09:28.501633,2025-01-03 04:10:35.367077,0 days 00:01:06.865444,2,165,145.0,,,,,,,,,,,,,,,,,,,COMPLETE
272,272,0.8745591465800007,2025-01-03 04:10:35.367652,2025-01-03 04:11:13.748219,0 days 00:00:38.380567,1,140,,,,,,,,,,,,,,,,,,,,COMPLETE
273,273,0.8770408505475015,2025-01-03 04:11:13.748619,2025-01-03 04:12:22.762672,0 days 00:01:09.014053,2,135,200.0,,,,,,,,,,,,,,,,,,,COMPLETE
274,274,0.8685894472774545,2025-01-03 04:12:22.763240,2025-01-03 04:14:00.534063,0 days 00:01:37.770823,3,150,190.0,,,,,,,,,,,165.0,,,,,,,,COMPLETE
275,275,0.8801256803386388,2025-01-03 04:14:00.534647,2025-01-03 04:15:14.573957,0 days 00:01:14.039310,2,170,185.0,,,,,,,,,,,,,,,,,,,COMPLETE
276,276,0.8755944442751705,2025-01-03 04:15:14.574545,2025-01-03 04:16:36.432425,0 days 00:01:21.857880,3,110,195.0,,,,,,,,,,,100.0,,,,,,,,COMPLETE
277,277,0.8798180030883055,2025-01-03 04:16:36.432993,2025-01-03 04:17:16.852676,0 days 00:00:40.419683,1,160,,,,,,,,,,,,,,,,,,,,COMPLETE
278,278,0.8859222342529959,2025-01-03 04:17:16.853186,2025-01-03 04:18:20.692653,0 days 00:01:03.839467,2,115,200.0,,,,,,,,,,,,,,,,,,,COMPLETE
279,279,0.8756140240093596,2025-01-03 04:18:20.693219,2025-01-03 04:20:18.262756,0 days 00:01:57.569537,5,120,200.0,,,,,,,,,,,140.0,160.0,5.0,,,,,,COMPLETE
280,280,0.8822660037237084,2025-01-03 04:20:18.263339,2025-01-03 04:21:22.638466,0 days 00:01:04.375127,2,115,195.0,,,,,,,,,,,,,,,,,,,COMPLETE
281,281,0.7664521093785664,2025-01-03 04:21:22.639057,2025-01-03 04:23:46.231332,0 days 00:02:23.592275,7,115,200.0,,,,,,,,,,,200.0,110.0,180.0,75.0,65.0,,,,COMPLETE
282,282,0.4244257780654977,2025-01-03 04:23:46.231925,2025-01-03 04:27:03.691526,0 days 00:03:17.459601,11,110,125.0,30.0,,,,,,,,,,190.0,15.0,80.0,180.0,150.0,50.0,145.0,115.0,COMPLETE
283,283,0.8779530642351547,2025-01-03 04:27:03.692185,2025-01-03 04:28:22.997509,0 days 00:01:19.305324,3,105,195.0,,,,,,,,,,,80.0,,,,,,,,COMPLETE
284,284,0.8826281469957631,2025-01-03 04:28:22.998081,2025-01-03 04:29:58.103642,0 days 00:01:35.105561,3,120,200.0,,,,,,,,,,,175.0,,,,,,,,COMPLETE
285,285,0.881224892350975,2025-01-03 04:29:58.104225,2025-01-03 04:31:59.407266,0 days 00:02:01.303041,4,145,160.0,,,,,,,,,,,185.0,170.0,,,,,,,COMPLETE
286,286,0.41708350454848636,2025-01-03 04:31:59.407869,2025-01-03 04:36:41.191015,0 days 00:04:41.783146,13,135,190.0,175.0,145.0,200.0,,,,,,,,90.0,30.0,200.0,145.0,90.0,80.0,80.0,170.0,COMPLETE
287,287,0.8789545323429726,2025-01-03 04:36:41.191673,2025-01-03 04:37:17.905279,0 days 00:00:36.713606,1,125,,,,,,,,,,,,,,,,,,,,COMPLETE
288,288,0.8854094808156137,2025-01-03 04:37:17.905780,2025-01-03 04:38:22.031396,0 days 00:01:04.125616,2,150,150.0,,,,,,,,,,,,,,,,,,,COMPLETE
289,289,0.8776405039228942,2025-01-03 04:38:22.031960,2025-01-03 04:39:28.679582,0 days 00:01:06.647622,2,155,155.0,,,,,,,,,,,,,,,,,,,COMPLETE
290,290,0.882105256105772,2025-01-03 04:39:28.680157,2025-01-03 04:40:33.169927,0 days 00:01:04.489770,2,150,150.0,,,,,,,,,,,,,,,,,,,COMPLETE
291,291,0.8812830058764417,2025-01-03 04:40:33.170498,2025-01-03 04:41:44.877360,0 days 00:01:11.706862,2,160,195.0,,,,,,,,,,,,,,,,,,,COMPLETE
292,292,0.8669474473289671,2025-01-03 04:41:44.877943,2025-01-03 04:42:06.985440,0 days 00:00:22.107497,1,15,,,,,,,,,,,,,,,,,,,,COMPLETE
293,293,0.875081374581909,2025-01-03 04:42:06.985822,2025-01-03 04:43:24.778703,0 days 00:01:17.792881,3,150,200.0,,,,,,,,,,,20.0,,,,,,,,COMPLETE
294,294,0.8846152928318132,2025-01-03 04:43:24.779291,2025-01-03 04:44:29.533056,0 days 00:01:04.753765,2,145,155.0,,,,,,,,,,,,,,,,,,,COMPLETE
295,295,0.879827594029309,2025-01-03 04:44:29.533638,2025-01-03 04:45:32.125968,0 days 00:01:02.592330,2,140,155.0,,,,,,,,,,,,,,,,,,,COMPLETE
296,296,0.8747653266892308,2025-01-03 04:45:32.126572,2025-01-03 04:46:49.907804,0 days 00:01:17.781232,3,145,155.0,,,,,,,,,,,65.0,,,,,,,,COMPLETE
297,297,0.8777687538628365,2025-01-03 04:46:49.908392,2025-01-03 04:47:28.710598,0 days 00:00:38.802206,1,140,,,,,,,,,,,,,,,,,,,,COMPLETE
298,298,0.8795528229291089,2025-01-03 04:47:28.711036,2025-01-03 04:48:35.870701,0 days 00:01:07.159665,2,135,190.0,,,,,,,,,,,,,,,,,,,COMPLETE
299,299,0.8779909826495806,2025-01-03 04:48:35.871293,2025-01-03 04:49:40.800599,0 days 00:01:04.929306,2,115,195.0,,,,,,,,,,,,,,,,,,,COMPLETE
300,300,0.8761384339829719,2025-01-03 04:49:40.801178,2025-01-03 04:50:35.375622,0 days 00:00:54.574444,2,140,100.0,,,,,,,,,,,,,,,,,,,COMPLETE
301,301,0.8859591858703759,2025-01-03 04:50:35.376192,2025-01-03 04:51:57.561266,0 days 00:01:22.185074,3,145,160.0,,,,,,,,,,,110.0,,,,,,,,COMPLETE
302,302,0.8755990312594086,2025-01-03 04:51:57.561866,2025-01-03 04:53:24.277538,0 days 00:01:26.715672,3,145,165.0,,,,,,,,,,,110.0,,,,,,,,COMPLETE
303,303,0.8786903637298087,2025-01-03 04:53:24.278135,2025-01-03 04:54:46.769204,0 days 00:01:22.491069,3,145,160.0,,,,,,,,,,,105.0,,,,,,,,COMPLETE
304,304,0.8779983390470834,2025-01-03 04:54:46.769789,2025-01-03 04:56:11.294300,0 days 00:01:24.524511,3,145,165.0,,,,,,,,,,,95.0,,,,,,,,COMPLETE
305,305,0.8790652529534027,2025-01-03 04:56:11.294889,2025-01-03 04:58:04.900705,0 days 00:01:53.605816,4,170,155.0,,,,,,,,,,,120.0,180.0,,,,,,,COMPLETE
306,306,0.883755981544193,2025-01-03 04:58:04.901291,2025-01-03 04:59:32.269419,0 days 00:01:27.368128,3,150,160.0,,,,,,,,,,,130.0,,,,,,,,COMPLETE
307,307,0.880518874647668,2025-01-03 04:59:32.269999,2025-01-03 05:00:58.032044,0 days 00:01:25.762045,3,150,160.0,,,,,,,,,,,125.0,,,,,,,,COMPLETE
308,308,0.8844803654154966,2025-01-03 05:00:58.032654,2025-01-03 05:02:00.803269,0 days 00:01:02.770615,2,135,160.0,,,,,,,,,,,,,,,,,,,COMPLETE
309,309,0.8683072882551718,2025-01-03 05:02:00.803849,2025-01-03 05:02:39.146334,0 days 00:00:38.342485,1,130,,,,,,,,,,,,,,,,,,,,COMPLETE
310,310,0.8760849930434381,2025-01-03 05:02:39.146901,2025-01-03 05:04:00.745553,0 days 00:01:21.598652,3,140,150.0,,,,,,,,,,,115.0,,,,,,,,COMPLETE
311,311,0.8818364172046731,2025-01-03 05:04:00.746138,2025-01-03 05:05:03.055350,0 days 00:01:02.309212,2,125,170.0,,,,,,,,,,,,,,,,,,,COMPLETE
312,312,0.8782564361399189,2025-01-03 05:05:03.055930,2025-01-03 05:06:38.595996,0 days 00:01:35.540066,4,135,155.0,,,,,,,,,,,130.0,55.0,,,,,,,COMPLETE
313,313,0.8773623597364704,2025-01-03 05:06:38.596594,2025-01-03 05:07:44.320923,0 days 00:01:05.724329,2,135,175.0,,,,,,,,,,,,,,,,,,,COMPLETE
314,314,0.8823241325621187,2025-01-03 05:07:44.321515,2025-01-03 05:08:47.590818,0 days 00:01:03.269303,2,145,160.0,,,,,,,,,,,,,,,,,,,COMPLETE
315,315,0.8706547408226178,2025-01-03 05:08:47.591412,2025-01-03 05:09:24.977749,0 days 00:00:37.386337,1,130,,,,,,,,,,,,,,,,,,,,COMPLETE
316,316,0.882128872597324,2025-01-03 05:09:24.978271,2025-01-03 05:10:46.737031,0 days 00:01:21.758760,3,140,165.0,,,,,,,,,,,100.0,,,,,,,,COMPLETE
317,317,0.875694996809335,2025-01-03 05:10:46.737634,2025-01-03 05:11:44.762227,0 days 00:00:58.024593,2,120,155.0,,,,,,,,,,,,,,,,,,,COMPLETE
318,318,0.8811755251429747,2025-01-03 05:11:44.762816,2025-01-03 05:13:18.012378,0 days 00:01:33.249562,3,150,185.0,,,,,,,,,,,145.0,,,,,,,,COMPLETE
319,319,0.8830225435755372,2025-01-03 05:13:18.012974,2025-01-03 05:14:20.138884,0 days 00:01:02.125910,2,135,150.0,,,,,,,,,,,,,,,,,,,COMPLETE
320,320,0.8721375063588179,2025-01-03 05:14:20.139485,2025-01-03 05:14:55.114811,0 days 00:00:34.975326,1,110,,,,,,,,,,,,,,,,,,,,COMPLETE
321,321,0.8844932047972811,2025-01-03 05:14:55.115231,2025-01-03 05:15:54.498603,0 days 00:00:59.383372,2,125,160.0,,,,,,,,,,,,,,,,,,,COMPLETE
322,322,0.8821538205321244,2025-01-03 05:15:54.499206,2025-01-03 05:17:15.301874,0 days 00:01:20.802668,3,125,165.0,,,,,,,,,,,105.0,,,,,,,,COMPLETE
323,323,0.8814708679638157,2025-01-03 05:17:15.302472,2025-01-03 05:18:13.600161,0 days 00:00:58.297689,2,120,160.0,,,,,,,,,,,,,,,,,,,COMPLETE
324,324,0.869006115177376,2025-01-03 05:18:13.600749,2025-01-03 05:19:09.397553,0 days 00:00:55.796804,3,125,60.0,,,,,,,,,,,45.0,,,,,,,,COMPLETE
325,325,0.1285352706170507,2025-01-03 05:19:09.398147,2025-01-03 05:22:22.744757,0 days 00:03:13.346610,14,130,160.0,140.0,85.0,35.0,50.0,,,,,,,75.0,5.0,15.0,120.0,125.0,25.0,170.0,20.0,COMPLETE
326,326,0.8752740744181726,2025-01-03 05:22:22.745456,2025-01-03 05:23:00.303359,0 days 00:00:37.557903,1,130,,,,,,,,,,,,,,,,,,,,COMPLETE
327,327,0.86950967832172,2025-01-03 05:23:00.303935,2025-01-03 05:24:53.487053,0 days 00:01:53.183118,4,115,170.0,,,,,,,,,,,135.0,190.0,,,,,,,COMPLETE
328,328,0.8745568697455786,2025-01-03 05:24:53.487659,2025-01-03 05:25:57.209405,0 days 00:01:03.721746,2,145,150.0,,,,,,,,,,,,,,,,,,,COMPLETE
329,329,0.8782281836450188,2025-01-03 05:25:57.209987,2025-01-03 05:27:48.151892,0 days 00:01:50.941905,4,140,155.0,,,,,,,,,,,195.0,95.0,,,,,,,COMPLETE
330,330,0.8778587813387402,2025-01-03 05:27:48.152499,2025-01-03 05:29:02.991086,0 days 00:01:14.838587,3,125,115.0,,,,,,,,,,,130.0,,,,,,,,COMPLETE
331,331,0.871774989509132,2025-01-03 05:29:02.991695,2025-01-03 05:30:04.381044,0 days 00:01:01.389349,2,140,145.0,,,,,,,,,,,,,,,,,,,COMPLETE
332,332,0.8769175320535159,2025-01-03 05:30:04.381641,2025-01-03 05:30:40.060581,0 days 00:00:35.678940,1,115,,,,,,,,,,,,,,,,,,,,COMPLETE
333,333,0.8837161849048518,2025-01-03 05:30:40.061058,2025-01-03 05:32:04.329659,0 days 00:01:24.268601,3,135,180.0,,,,,,,,,,,95.0,,,,,,,,COMPLETE
334,334,0.8777713144547157,2025-01-03 05:32:04.330266,2025-01-03 05:33:54.380581,0 days 00:01:50.050315,4,135,175.0,,,,,,,,,,,95.0,195.0,,,,,,,COMPLETE
335,335,0.883061531034602,2025-01-03 05:33:54.381198,2025-01-03 05:35:15.067902,0 days 00:01:20.686704,3,130,180.0,,,,,,,,,,,85.0,,,,,,,,COMPLETE
336,336,0.8787466029226352,2025-01-03 05:35:15.068503,2025-01-03 05:36:38.132219,0 days 00:01:23.063716,3,120,185.0,,,,,,,,,,,120.0,,,,,,,,COMPLETE
337,337,0.8769150999602469,2025-01-03 05:36:38.132819,2025-01-03 05:38:01.250791,0 days 00:01:23.117972,3,135,175.0,,,,,,,,,,,90.0,,,,,,,,COMPLETE
338,338,0.8853807401666344,2025-01-03 05:38:01.251413,2025-01-03 05:39:09.434591,0 days 00:01:08.183178,2,150,180.0,,,,,,,,,,,,,,,,,,,COMPLETE
339,339,0.876562051843412,2025-01-03 05:39:09.435207,2025-01-03 05:40:17.469004,0 days 00:01:08.033797,2,150,180.0,,,,,,,,,,,,,,,,,,,COMPLETE
340,340,0.8729891211199183,2025-01-03 05:40:17.469622,2025-01-03 05:41:44.888422,0 days 00:01:27.418800,3,145,170.0,,,,,,,,,,,115.0,,,,,,,,COMPLETE
341,341,0.8752821583397292,2025-01-03 05:41:44.889038,2025-01-03 05:42:55.505777,0 days 00:01:10.616739,2,150,185.0,,,,,,,,,,,,,,,,,,,COMPLETE
342,342,0.8732330537732511,2025-01-03 05:42:55.506416,2025-01-03 05:44:38.728983,0 days 00:01:43.222567,4,140,175.0,,,,,,,,,,,80.0,155.0,,,,,,,COMPLETE
343,343,0.3810730677102283,2025-01-03 05:44:38.729612,2025-01-03 05:51:02.938934,0 days 00:06:24.209322,20,145,180.0,80.0,35.0,135.0,150.0,60.0,150.0,65.0,120.0,180.0,95.0,100.0,165.0,35.0,155.0,190.0,180.0,110.0,145.0,COMPLETE
344,344,0.8761211903850687,2025-01-03 05:51:02.939744,2025-01-03 05:52:26.365534,0 days 00:01:23.425790,3,135,170.0,,,,,,,,,,,105.0,,,,,,,,COMPLETE
345,345,0.8754773068510284,2025-01-03 05:52:26.366148,2025-01-03 05:53:34.411149,0 days 00:01:08.045001,2,145,180.0,,,,,,,,,,,,,,,,,,,COMPLETE
346,346,0.8751378196364685,2025-01-03 05:53:34.411752,2025-01-03 05:55:04.119309,0 days 00:01:29.707557,3,130,185.0,,,,,,,,,,,125.0,,,,,,,,COMPLETE
347,347,0.8776518793674359,2025-01-03 05:55:04.119926,2025-01-03 05:55:42.320227,0 days 00:00:38.200301,1,140,,,,,,,,,,,,,,,,,,,,COMPLETE
348,348,0.8804928822738396,2025-01-03 05:55:42.320821,2025-01-03 05:56:49.242635,0 days 00:01:06.921814,2,150,165.0,,,,,,,,,,,,,,,,,,,COMPLETE
349,349,0.8755563039173875,2025-01-03 05:56:49.243241,2025-01-03 05:58:28.864946,0 days 00:01:39.621705,5,130,10.0,,,,,,,,,,,200.0,120.0,55.0,,,,,,COMPLETE
350,350,0.8766477646596309,2025-01-03 05:58:28.865586,2025-01-03 05:59:31.348057,0 days 00:01:02.482471,2,140,160.0,,,,,,,,,,,,,,,,,,,COMPLETE
351,351,0.879040721919979,2025-01-03 05:59:31.348664,2025-01-03 06:01:00.631611,0 days 00:01:29.282947,3,155,175.0,,,,,,,,,,,110.0,,,,,,,,COMPLETE
352,352,0.8794975843038069,2025-01-03 06:01:00.632228,2025-01-03 06:02:08.703348,0 days 00:01:08.071120,2,135,190.0,,,,,,,,,,,,,,,,,,,COMPLETE
353,353,0.8766507570154457,2025-01-03 06:02:08.703963,2025-01-03 06:03:48.274975,0 days 00:01:39.571012,4,125,165.0,,,,,,,,,,,90.0,140.0,,,,,,,COMPLETE
354,354,0.878758178263802,2025-01-03 06:03:48.275600,2025-01-03 06:04:27.841048,0 days 00:00:39.565448,1,145,,,,,,,,,,,,,,,,,,,,COMPLETE
355,355,0.8824170496911052,2025-01-03 06:04:27.841648,2025-01-03 06:05:54.321053,0 days 00:01:26.479405,3,150,185.0,,,,,,,,,,,95.0,,,,,,,,COMPLETE
356,356,0.8763397167329512,2025-01-03 06:05:54.321686,2025-01-03 06:06:53.565353,0 days 00:00:59.243667,2,125,160.0,,,,,,,,,,,,,,,,,,,COMPLETE
357,357,0.8828653856984143,2025-01-03 06:06:53.565956,2025-01-03 06:08:05.864688,0 days 00:01:12.298732,2,180,180.0,,,,,,,,,,,,,,,,,,,COMPLETE
358,358,0.8784480752222688,2025-01-03 06:08:05.865324,2025-01-03 06:09:25.271430,0 days 00:01:19.406106,3,140,185.0,,,,,,,,,,,55.0,,,,,,,,COMPLETE
359,359,0.8715757552515128,2025-01-03 06:09:25.272039,2025-01-03 06:10:05.763385,0 days 00:00:40.491346,1,155,,,,,,,,,,,,,,,,,,,,COMPLETE
360,360,0.8777358726058484,2025-01-03 06:10:05.763983,2025-01-03 06:11:39.959662,0 days 00:01:34.195679,4,145,155.0,,,,,,,,,,,85.0,85.0,,,,,,,COMPLETE
361,361,0.8821662826931684,2025-01-03 06:11:39.960309,2025-01-03 06:12:42.792640,0 days 00:01:02.832331,2,120,185.0,,,,,,,,,,,,,,,,,,,COMPLETE
362,362,0.5836398971667172,2025-01-03 06:12:42.793247,2025-01-03 06:14:48.992889,0 days 00:02:06.199642,8,135,165.0,,,,,,,,,,,115.0,130.0,70.0,25.0,170.0,50.0,,,COMPLETE
363,363,0.8767419919123818,2025-01-03 06:14:48.993544,2025-01-03 06:16:15.106913,0 days 00:01:26.113369,3,150,190.0,,,,,,,,,,,75.0,,,,,,,,COMPLETE
364,364,0.8803143943168061,2025-01-03 06:16:15.107556,2025-01-03 06:17:20.955570,0 days 00:01:05.848014,2,130,175.0,,,,,,,,,,,,,,,,,,,COMPLETE
365,365,0.8758219804227911,2025-01-03 06:17:20.956177,2025-01-03 06:18:43.744330,0 days 00:01:22.788153,3,140,155.0,,,,,,,,,,,120.0,,,,,,,,COMPLETE
366,366,0.8850128218382254,2025-01-03 06:18:43.744942,2025-01-03 06:19:48.838535,0 days 00:01:05.093593,2,125,190.0,,,,,,,,,,,,,,,,,,,COMPLETE
367,367,0.8792389037992011,2025-01-03 06:19:48.839147,2025-01-03 06:20:51.643191,0 days 00:01:02.804044,2,125,180.0,,,,,,,,,,,,,,,,,,,COMPLETE
368,368,0.09351317177878712,2025-01-03 06:20:51.643804,2025-01-03 06:24:35.659724,0 days 00:03:44.015920,16,120,190.0,55.0,5.0,40.0,120.0,155.0,45.0,,,,,185.0,75.0,15.0,55.0,45.0,100.0,110.0,60.0,COMPLETE
369,369,0.8819923925923546,2025-01-03 06:24:35.660450,2025-01-03 06:25:54.082103,0 days 00:01:18.421653,3,125,155.0,,,,,,,,,,,110.0,,,,,,,,COMPLETE
370,370,0.8727864540522768,2025-01-03 06:25:54.082740,2025-01-03 06:26:46.362273,0 days 00:00:52.279533,2,135,80.0,,,,,,,,,,,,,,,,,,,COMPLETE
371,371,0.8733993211187125,2025-01-03 06:26:46.362898,2025-01-03 06:27:24.869782,0 days 00:00:38.506884,1,130,,,,,,,,,,,,,,,,,,,,COMPLETE
372,372,0.8749846976738707,2025-01-03 06:27:24.870411,2025-01-03 06:29:07.333535,0 days 00:01:42.463124,3,200,185.0,,,,,,,,,,,140.0,,,,,,,,COMPLETE
373,373,0.8781272240767206,2025-01-03 06:29:07.334185,2025-01-03 06:30:08.068130,0 days 00:01:00.733945,2,120,170.0,,,,,,,,,,,,,,,,,,,COMPLETE
374,374,0.8732462777126178,2025-01-03 06:30:08.068743,2025-01-03 06:30:46.638655,0 days 00:00:38.569912,1,130,,,,,,,,,,,,,,,,,,,,COMPLETE
375,375,0.8818096373180095,2025-01-03 06:30:46.639068,2025-01-03 06:32:56.840286,0 days 00:02:10.201218,4,145,190.0,,,,,,,,,,,195.0,145.0,,,,,,,COMPLETE
376,376,0.8707677771737724,2025-01-03 06:32:56.840927,2025-01-03 06:34:01.278871,0 days 00:01:04.437944,3,125,160.0,,,,,,,,,,,10.0,,,,,,,,COMPLETE
377,377,0.8776035150721231,2025-01-03 06:34:01.279501,2025-01-03 06:36:00.828734,0 days 00:01:59.549233,5,195,180.0,,,,,,,,,,,105.0,45.0,95.0,,,,,,COMPLETE
378,378,0.881479041654641,2025-01-03 06:36:00.829367,2025-01-03 06:37:06.475493,0 days 00:01:05.646126,2,135,180.0,,,,,,,,,,,,,,,,,,,COMPLETE
379,379,0.8721182827125309,2025-01-03 06:37:06.476115,2025-01-03 06:38:08.141573,0 days 00:01:01.665458,2,140,150.0,,,,,,,,,,,,,,,,,,,COMPLETE
380,380,0.8834036567767818,2025-01-03 06:38:08.142204,2025-01-03 06:39:14.830045,0 days 00:01:06.687841,2,135,185.0,,,,,,,,,,,,,,,,,,,COMPLETE
381,381,0.8785829653852177,2025-01-03 06:39:14.830669,2025-01-03 06:39:54.958047,0 days 00:00:40.127378,1,150,,,,,,,,,,,,,,,,,,,,COMPLETE
382,382,0.8774030106986579,2025-01-03 06:39:54.958556,2025-01-03 06:41:15.316238,0 days 00:01:20.357682,3,145,150.0,,,,,,,,,,,100.0,,,,,,,,COMPLETE
383,383,0.8754693335148889,2025-01-03 06:41:15.316886,2025-01-03 06:42:46.192894,0 days 00:01:30.876008,3,130,160.0,,,,,,,,,,,170.0,,,,,,,,COMPLETE
384,384,0.8810696770028891,2025-01-03 06:42:46.193555,2025-01-03 06:44:26.640651,0 days 00:01:40.447096,4,140,190.0,,,,,,,,,,,130.0,60.0,,,,,,,COMPLETE
385,385,0.8797625168592911,2025-01-03 06:44:26.641310,2025-01-03 06:45:29.034553,0 days 00:01:02.393243,2,125,170.0,,,,,,,,,,,,,,,,,,,COMPLETE
386,386,0.8741829416447491,2025-01-03 06:45:29.035209,2025-01-03 06:46:07.373012,0 days 00:00:38.337803,1,135,,,,,,,,,,,,,,,,,,,,COMPLETE
387,387,0.8752841992532974,2025-01-03 06:46:07.373437,2025-01-03 06:47:13.262267,0 days 00:01:05.888830,2,150,155.0,,,,,,,,,,,,,,,,,,,COMPLETE
388,388,0.8789135742717148,2025-01-03 06:47:13.262883,2025-01-03 06:48:56.096363,0 days 00:01:42.833480,3,180,175.0,,,,,,,,,,,180.0,,,,,,,,COMPLETE
389,389,0.867096759474348,2025-01-03 06:48:56.096997,2025-01-03 06:49:54.641968,0 days 00:00:58.544971,3,115,90.0,,,,,,,,,,,35.0,,,,,,,,COMPLETE
390,390,0.8774850128227163,2025-01-03 06:49:54.642639,2025-01-03 06:50:52.404810,0 days 00:00:57.762171,2,120,145.0,,,,,,,,,,,,,,,,,,,COMPLETE
391,391,0.8817476179994677,2025-01-03 06:50:52.405466,2025-01-03 06:52:01.091433,0 days 00:01:08.685967,2,145,185.0,,,,,,,,,,,,,,,,,,,COMPLETE
392,392,0.8739664545879829,2025-01-03 06:52:01.092047,2025-01-03 06:52:39.429530,0 days 00:00:38.337483,1,130,,,,,,,,,,,,,,,,,,,,COMPLETE
393,393,0.8751763651064678,2025-01-03 06:52:39.430174,2025-01-03 06:54:12.370253,0 days 00:01:32.940079,3,125,165.0,,,,,,,,,,,190.0,,,,,,,,COMPLETE
394,394,0.8807582336998785,2025-01-03 06:54:12.370896,2025-01-03 06:56:03.182789,0 days 00:01:50.811893,4,140,190.0,,,,,,,,,,,125.0,150.0,,,,,,,COMPLETE
395,395,0.8825080263425369,2025-01-03 06:56:03.183422,2025-01-03 06:57:10.802629,0 days 00:01:07.619207,2,150,175.0,,,,,,,,,,,,,,,,,,,COMPLETE
396,396,0.8806422153540696,2025-01-03 06:57:10.803278,2025-01-03 06:58:16.908437,0 days 00:01:06.105159,2,155,160.0,,,,,,,,,,,,,,,,,,,COMPLETE
397,397,0.8853278163013316,2025-01-03 06:58:16.909082,2025-01-03 06:59:56.447928,0 days 00:01:39.538846,3,185,140.0,,,,,,,,,,,195.0,,,,,,,,COMPLETE
398,398,0.3210924659760246,2025-01-03 06:59:56.448597,2025-01-03 07:05:09.366781,0 days 00:05:12.918184,19,180,140.0,25.0,200.0,95.0,60.0,100.0,155.0,130.0,110.0,125.0,,190.0,20.0,50.0,140.0,30.0,60.0,50.0,195.0,COMPLETE
399,399,0.8775692318541859,2025-01-03 07:05:09.367539,2025-01-03 07:05:53.631829,0 days 00:00:44.264290,1,185,,,,,,,,,,,,,,,,,,,,COMPLETE
400,400,0.41943122451183146,2025-01-03 07:05:53.632460,2025-01-03 07:10:12.257014,0 days 00:04:18.624554,12,195,150.0,100.0,180.0,,,,,,,,,200.0,175.0,115.0,180.0,140.0,110.0,20.0,5.0,COMPLETE
401,401,0.8773623810103655,2025-01-03 07:10:12.257730,2025-01-03 07:11:21.306043,0 days 00:01:09.048313,2,185,145.0,,,,,,,,,,,,,,,,,,,COMPLETE
402,402,0.8808735656934692,2025-01-03 07:11:21.306683,2025-01-03 07:12:57.521016,0 days 00:01:36.214333,3,175,145.0,,,,,,,,,,,180.0,,,,,,,,COMPLETE
403,403,0.8746530323760857,2025-01-03 07:12:57.521664,2025-01-03 07:14:40.542354,0 days 00:01:43.020690,3,185,155.0,,,,,,,,,,,195.0,,,,,,,,COMPLETE
404,404,0.40228803362186816,2025-01-03 07:14:40.542986,2025-01-03 07:17:33.418410,0 days 00:02:52.875424,9,190,150.0,,,,,,,,,,,200.0,125.0,70.0,160.0,15.0,95.0,200.0,,COMPLETE
405,405,0.865206584330326,2025-01-03 07:17:33.419107,2025-01-03 07:19:29.984343,0 days 00:01:56.565236,6,200,140.0,,,,,,,,,,,185.0,70.0,80.0,110.0,,,,,COMPLETE
406,406,0.8776253357680186,2025-01-03 07:19:29.984990,2025-01-03 07:21:26.582906,0 days 00:01:56.597916,4,120,165.0,,,,,,,,,,,195.0,135.0,,,,,,,COMPLETE
407,407,0.8823696289332168,2025-01-03 07:21:26.583567,2025-01-03 07:22:38.054382,0 days 00:01:11.470815,2,145,195.0,,,,,,,,,,,,,,,,,,,COMPLETE
408,408,0.874511789101184,2025-01-03 07:22:38.055030,2025-01-03 07:23:46.572861,0 days 00:01:08.517831,2,195,110.0,,,,,,,,,,,,,,,,,,,COMPLETE
409,409,0.8841039793122081,2025-01-03 07:23:46.573495,2025-01-03 07:24:44.191681,0 days 00:00:57.618186,2,120,145.0,,,,,,,,,,,,,,,,,,,COMPLETE
410,410,0.8771528626847198,2025-01-03 07:24:44.192339,2025-01-03 07:25:19.963358,0 days 00:00:35.771019,1,115,,,,,,,,,,,,,,,,,,,,COMPLETE
411,411,0.8790802391245452,2025-01-03 07:25:19.963982,2025-01-03 07:26:16.400901,0 days 00:00:56.436919,2,115,140.0,,,,,,,,,,,,,,,,,,,COMPLETE
412,412,0.8748295974533398,2025-01-03 07:26:16.401535,2025-01-03 07:26:51.595876,0 days 00:00:35.194341,1,120,,,,,,,,,,,,,,,,,,,,COMPLETE
413,413,0.878688538218279,2025-01-03 07:26:51.596444,2025-01-03 07:27:51.160300,0 days 00:00:59.563856,2,125,150.0,,,,,,,,,,,,,,,,,,,COMPLETE
414,414,0.8826471734323031,2025-01-03 07:27:51.160894,2025-01-03 07:28:46.362399,0 days 00:00:55.201505,2,125,125.0,,,,,,,,,,,,,,,,,,,COMPLETE
415,415,0.8736702325794161,2025-01-03 07:28:46.363053,2025-01-03 07:29:43.164251,0 days 00:00:56.801198,2,120,145.0,,,,,,,,,,,,,,,,,,,COMPLETE
416,416,0.8738659284144689,2025-01-03 07:29:43.164880,2025-01-03 07:30:18.666631,0 days 00:00:35.501751,1,120,,,,,,,,,,,,,,,,,,,,COMPLETE
417,417,0.8784222483321245,2025-01-03 07:30:18.667176,2025-01-03 07:31:17.798198,0 days 00:00:59.131022,2,130,135.0,,,,,,,,,,,,,,,,,,,COMPLETE
418,418,0.875557588429237,2025-01-03 07:31:17.798836,2025-01-03 07:31:53.588054,0 days 00:00:35.789218,1,115,,,,,,,,,,,,,,,,,,,,COMPLETE
419,419,0.8803162343055597,2025-01-03 07:31:53.588704,2025-01-03 07:33:00.789736,0 days 00:01:07.201032,2,180,130.0,,,,,,,,,,,,,,,,,,,COMPLETE
420,420,0.5117762231951348,2025-01-03 07:33:00.790372,2025-01-03 07:35:29.424197,0 days 00:02:28.633825,10,105,145.0,,,,,,,,,,,160.0,105.0,40.0,125.0,190.0,80.0,55.0,25.0,COMPLETE
421,421,0.880964068820841,2025-01-03 07:35:29.424907,2025-01-03 07:36:44.242416,0 days 00:01:14.817509,2,175,190.0,,,,,,,,,,,,,,,,,,,COMPLETE
422,422,0.8714772204720025,2025-01-03 07:36:44.243071,2025-01-03 07:38:11.455161,0 days 00:01:27.212090,3,125,150.0,,,,,,,,,,,165.0,,,,,,,,COMPLETE
423,423,0.8732031251383346,2025-01-03 07:38:11.455817,2025-01-03 07:39:38.929473,0 days 00:01:27.473656,3,130,140.0,,,,,,,,,,,180.0,,,,,,,,COMPLETE
424,424,0.8751584324286936,2025-01-03 07:39:38.930124,2025-01-03 07:40:23.842197,0 days 00:00:44.912073,1,190,,,,,,,,,,,,,,,,,,,,COMPLETE
425,425,0.8809487893379657,2025-01-03 07:40:23.842821,2025-01-03 07:41:25.261569,0 days 00:01:01.418748,2,110,185.0,,,,,,,,,,,,,,,,,,,COMPLETE
426,426,0.8850600471345309,2025-01-03 07:41:25.262227,2025-01-03 07:42:34.395117,0 days 00:01:09.132890,2,140,195.0,,,,,,,,,,,,,,,,,,,COMPLETE
427,427,0.8772542497679854,2025-01-03 07:42:34.395760,2025-01-03 07:43:43.131545,0 days 00:01:08.735785,2,140,195.0,,,,,,,,,,,,,,,,,,,COMPLETE
428,428,0.8757505559935501,2025-01-03 07:43:43.132186,2025-01-03 07:44:16.516450,0 days 00:00:33.384264,1,100,,,,,,,,,,,,,,,,,,,,COMPLETE
429,429,0.8772857054873728,2025-01-03 07:44:16.516874,2025-01-03 07:45:25.246112,0 days 00:01:08.729238,2,140,195.0,,,,,,,,,,,,,,,,,,,COMPLETE
430,430,0.8765686126402311,2025-01-03 07:45:25.246767,2025-01-03 07:46:41.211454,0 days 00:01:15.964687,2,185,190.0,,,,,,,,,,,,,,,,,,,COMPLETE
431,431,0.8805122128251319,2025-01-03 07:46:41.212100,2025-01-03 07:47:50.497874,0 days 00:01:09.285774,2,135,195.0,,,,,,,,,,,,,,,,,,,COMPLETE
432,432,0.875778312771317,2025-01-03 07:47:50.498518,2025-01-03 07:48:28.796752,0 days 00:00:38.298234,1,130,,,,,,,,,,,,,,,,,,,,COMPLETE
433,433,0.8720666724043651,2025-01-03 07:48:28.797387,2025-01-03 07:50:06.252594,0 days 00:01:37.455207,3,135,190.0,,,,,,,,,,,175.0,,,,,,,,COMPLETE
434,434,0.882374808103076,2025-01-03 07:50:06.253265,2025-01-03 07:51:10.313786,0 days 00:01:04.060521,2,120,195.0,,,,,,,,,,,,,,,,,,,COMPLETE
435,435,0.8773887124630899,2025-01-03 07:51:10.314426,2025-01-03 07:52:15.504746,0 days 00:01:05.190320,2,125,200.0,,,,,,,,,,,,,,,,,,,COMPLETE
436,436,0.8792531531135122,2025-01-03 07:52:15.505385,2025-01-03 07:52:54.203828,0 days 00:00:38.698443,1,140,,,,,,,,,,,,,,,,,,,,COMPLETE
437,437,0.8752984299547353,2025-01-03 07:52:54.204451,2025-01-03 07:54:29.887764,0 days 00:01:35.683313,3,130,185.0,,,,,,,,,,,165.0,,,,,,,,COMPLETE
438,438,0.8822142983031578,2025-01-03 07:54:29.888444,2025-01-03 07:55:39.647799,0 days 00:01:09.759355,2,145,190.0,,,,,,,,,,,,,,,,,,,COMPLETE
439,439,0.875558868501529,2025-01-03 07:55:39.648453,2025-01-03 07:56:34.009665,0 days 00:00:54.361212,2,195,30.0,,,,,,,,,,,,,,,,,,,COMPLETE
440,440,0.8753845035967738,2025-01-03 07:56:34.010311,2025-01-03 07:57:50.308791,0 days 00:01:16.298480,3,115,195.0,,,,,,,,,,,60.0,,,,,,,,COMPLETE
441,441,0.8784703784855927,2025-01-03 07:57:50.309452,2025-01-03 07:58:55.952150,0 days 00:01:05.642698,2,135,180.0,,,,,,,,,,,,,,,,,,,COMPLETE
442,442,0.8712144375072697,2025-01-03 07:58:55.952805,2025-01-03 07:59:30.772760,0 days 00:00:34.819955,1,120,,,,,,,,,,,,,,,,,,,,COMPLETE
443,443,0.8809670891454875,2025-01-03 07:59:30.773422,2025-01-03 08:01:06.453231,0 days 00:01:35.679809,3,135,185.0,,,,,,,,,,,170.0,,,,,,,,COMPLETE
444,444,0.8760575204041974,2025-01-03 08:01:06.453888,2025-01-03 08:02:21.546998,0 days 00:01:15.093110,2,180,190.0,,,,,,,,,,,,,,,,,,,COMPLETE
445,445,0.871444457435405,2025-01-03 08:02:21.547647,2025-01-03 08:03:40.266966,0 days 00:01:18.719319,2,190,200.0,,,,,,,,,,,,,,,,,,,COMPLETE
446,446,0.8789133873403536,2025-01-03 08:03:40.267633,2025-01-03 08:04:55.766520,0 days 00:01:15.498887,3,130,190.0,,,,,,,,,,,25.0,,,,,,,,COMPLETE
447,447,0.8746111347379271,2025-01-03 08:04:55.767175,2025-01-03 08:05:34.393504,0 days 00:00:38.626329,1,140,,,,,,,,,,,,,,,,,,,,COMPLETE
448,448,0.8596049263236764,2025-01-03 08:05:34.393933,2025-01-03 08:06:20.133507,0 days 00:00:45.739574,2,5,195.0,,,,,,,,,,,,,,,,,,,COMPLETE
449,449,0.8774055720580576,2025-01-03 08:06:20.134174,2025-01-03 08:07:48.483409,0 days 00:01:28.349235,3,110,155.0,,,,,,,,,,,190.0,,,,,,,,COMPLETE
450,450,0.882243697646423,2025-01-03 08:07:48.484094,2025-01-03 08:09:00.470802,0 days 00:01:11.986708,2,200,145.0,,,,,,,,,,,,,,,,,,,COMPLETE
451,451,0.8822973456962075,2025-01-03 08:09:00.471479,2025-01-03 08:10:34.680586,0 days 00:01:34.209107,3,125,185.0,,,,,,,,,,,185.0,,,,,,,,COMPLETE
452,452,0.8766485962072754,2025-01-03 08:10:34.681244,2025-01-03 08:11:13.089235,0 days 00:00:38.407991,1,140,,,,,,,,,,,,,,,,,,,,COMPLETE
453,453,0.8796469599632188,2025-01-03 08:11:13.089668,2025-01-03 08:12:23.724019,0 days 00:01:10.634351,2,145,200.0,,,,,,,,,,,,,,,,,,,COMPLETE
454,454,0.8790202157204676,2025-01-03 08:12:23.724696,2025-01-03 08:13:47.037234,0 days 00:01:23.312538,3,125,135.0,,,,,,,,,,,155.0,,,,,,,,COMPLETE
455,455,0.8852745691229897,2025-01-03 08:13:47.037888,2025-01-03 08:14:49.632827,0 days 00:01:02.594939,2,120,190.0,,,,,,,,,,,,,,,,,,,COMPLETE
456,456,0.8801053626793786,2025-01-03 08:14:49.633496,2025-01-03 08:15:56.972345,0 days 00:01:07.338849,2,135,190.0,,,,,,,,,,,,,,,,,,,COMPLETE
457,457,0.882375277531519,2025-01-03 08:15:56.973009,2025-01-03 08:17:45.251764,0 days 00:01:48.278755,3,185,185.0,,,,,,,,,,,200.0,,,,,,,,COMPLETE
458,458,0.8769500875167031,2025-01-03 08:17:45.252451,2025-01-03 08:18:55.033652,0 days 00:01:09.781201,2,145,190.0,,,,,,,,,,,,,,,,,,,COMPLETE
459,459,0.8783095174411564,2025-01-03 08:18:55.034321,2025-01-03 08:19:30.313751,0 days 00:00:35.279430,1,115,,,,,,,,,,,,,,,,,,,,COMPLETE
460,460,0.8769600705908178,2025-01-03 08:19:30.314183,2025-01-03 08:21:00.933355,0 days 00:01:30.619172,3,130,180.0,,,,,,,,,,,150.0,,,,,,,,COMPLETE
461,461,0.8805695687763647,2025-01-03 08:21:00.934031,2025-01-03 08:22:12.409921,0 days 00:01:11.475890,2,145,195.0,,,,,,,,,,,,,,,,,,,COMPLETE
462,462,0.8841051688363382,2025-01-03 08:22:12.410573,2025-01-03 08:23:19.709671,0 days 00:01:07.299098,2,140,185.0,,,,,,,,,,,,,,,,,,,COMPLETE
463,463,0.875641374025058,2025-01-03 08:23:19.710351,2025-01-03 08:23:52.800082,0 days 00:00:33.089731,1,95,,,,,,,,,,,,,,,,,,,,COMPLETE
464,464,0.8742282848458447,2025-01-03 08:23:52.800528,2025-01-03 08:25:27.623855,0 days 00:01:34.823327,3,120,195.0,,,,,,,,,,,175.0,,,,,,,,COMPLETE
465,465,0.878897554445119,2025-01-03 08:25:27.624522,2025-01-03 08:26:40.386078,0 days 00:01:12.761556,2,175,180.0,,,,,,,,,,,,,,,,,,,COMPLETE
466,466,0.8811709622408378,2025-01-03 08:26:40.386771,2025-01-03 08:28:00.485781,0 days 00:01:20.099010,2,195,200.0,,,,,,,,,,,,,,,,,,,COMPLETE
467,467,0.8808171471654759,2025-01-03 08:28:00.486456,2025-01-03 08:29:39.893103,0 days 00:01:39.406647,3,125,195.0,,,,,,,,,,,195.0,,,,,,,,COMPLETE
468,468,0.8777127275205507,2025-01-03 08:29:39.893787,2025-01-03 08:30:24.314183,0 days 00:00:44.420396,1,185,,,,,,,,,,,,,,,,,,,,COMPLETE
469,469,0.8835527355657417,2025-01-03 08:30:24.314730,2025-01-03 08:31:32.179007,0 days 00:01:07.864277,2,135,190.0,,,,,,,,,,,,,,,,,,,COMPLETE
470,470,0.8769965728021863,2025-01-03 08:31:32.179674,2025-01-03 08:32:56.925738,0 days 00:01:24.746064,3,155,185.0,,,,,,,,,,,70.0,,,,,,,,COMPLETE
471,471,0.8824308146011584,2025-01-03 08:32:56.926424,2025-01-03 08:33:34.803959,0 days 00:00:37.877535,1,140,,,,,,,,,,,,,,,,,,,,COMPLETE
472,472,0.8758902629050394,2025-01-03 08:33:34.804622,2025-01-03 08:34:38.323110,0 days 00:01:03.518488,2,130,165.0,,,,,,,,,,,,,,,,,,,COMPLETE
473,473,0.8753887138899268,2025-01-03 08:34:38.323765,2025-01-03 08:36:17.413170,0 days 00:01:39.089405,4,115,190.0,,,,,,,,,,,45.0,180.0,,,,,,,COMPLETE
474,474,0.8721034024199008,2025-01-03 08:36:17.413835,2025-01-03 08:37:31.813985,0 days 00:01:14.400150,2,190,175.0,,,,,,,,,,,,,,,,,,,COMPLETE
475,475,0.8827782648490059,2025-01-03 08:37:31.814653,2025-01-03 08:38:36.680420,0 days 00:01:04.865767,2,150,155.0,,,,,,,,,,,,,,,,,,,COMPLETE
476,476,0.8770374257689146,2025-01-03 08:38:36.681079,2025-01-03 08:40:20.559305,0 days 00:01:43.878226,3,180,170.0,,,,,,,,,,,185.0,,,,,,,,COMPLETE
477,477,0.8737224246104027,2025-01-03 08:40:20.559985,2025-01-03 08:40:57.266909,0 days 00:00:36.706924,1,125,,,,,,,,,,,,,,,,,,,,COMPLETE
478,478,0.8819553044976538,2025-01-03 08:40:57.267591,2025-01-03 08:42:06.234187,0 days 00:01:08.966596,2,135,200.0,,,,,,,,,,,,,,,,,,,COMPLETE
479,479,0.877355502524108,2025-01-03 08:42:06.234864,2025-01-03 08:43:41.921461,0 days 00:01:35.686597,3,145,160.0,,,,,,,,,,,190.0,,,,,,,,COMPLETE
480,480,0.8798940074684158,2025-01-03 08:43:41.922151,2025-01-03 08:44:42.661301,0 days 00:01:00.739150,2,110,180.0,,,,,,,,,,,,,,,,,,,COMPLETE
481,481,0.8795753240842277,2025-01-03 08:44:42.661962,2025-01-03 08:46:31.168097,0 days 00:01:48.506135,3,195,190.0,,,,,,,,,,,175.0,,,,,,,,COMPLETE
482,482,0.882179251544049,2025-01-03 08:46:31.168787,2025-01-03 08:47:06.455248,0 days 00:00:35.286461,1,120,,,,,,,,,,,,,,,,,,,,COMPLETE
483,483,0.882366294233921,2025-01-03 08:47:06.455683,2025-01-03 08:48:11.596832,0 days 00:01:05.141149,2,125,195.0,,,,,,,,,,,,,,,,,,,COMPLETE
484,484,0.8749651064752827,2025-01-03 08:48:11.597517,2025-01-03 08:50:21.072070,0 days 00:02:09.474553,7,145,160.0,,,,,,,,,,,5.0,200.0,110.0,40.0,55.0,,,,COMPLETE
485,485,0.8838404340349263,2025-01-03 08:50:21.072792,2025-01-03 08:52:35.135110,0 days 00:02:14.062318,4,135,185.0,,,,,,,,,,,200.0,195.0,,,,,,,COMPLETE
486,486,0.3273622745566503,2025-01-03 08:52:35.135801,2025-01-03 08:58:14.097316,0 days 00:05:38.961515,14,130,185.0,160.0,115.0,165.0,195.0,,,,,,,180.0,185.0,125.0,20.0,110.0,170.0,150.0,180.0,COMPLETE
487,487,0.8763199578561331,2025-01-03 08:58:14.098103,2025-01-03 08:59:33.958466,0 days 00:01:19.860363,3,140,195.0,,,,,,,,,,,60.0,,,,,,,,COMPLETE
488,488,0.8789075031863599,2025-01-03 08:59:33.959152,2025-01-03 09:00:36.269562,0 days 00:01:02.310410,2,140,150.0,,,,,,,,,,,,,,,,,,,COMPLETE
489,489,0.8767763619058175,2025-01-03 09:00:36.270241,2025-01-03 09:02:17.015004,0 days 00:01:40.744763,3,150,200.0,,,,,,,,,,,170.0,,,,,,,,COMPLETE
490,490,0.8721398042871995,2025-01-03 09:02:17.015695,2025-01-03 09:03:18.513997,0 days 00:01:01.498302,2,115,180.0,,,,,,,,,,,,,,,,,,,COMPLETE
491,491,0.8767684461331141,2025-01-03 09:03:18.514699,2025-01-03 09:03:53.666437,0 days 00:00:35.151738,1,120,,,,,,,,,,,,,,,,,,,,COMPLETE
492,492,0.8796685705182592,2025-01-03 09:03:53.667124,2025-01-03 09:04:56.443814,0 days 00:01:02.776690,2,125,175.0,,,,,,,,,,,,,,,,,,,COMPLETE
493,493,0.8823191001060031,2025-01-03 09:04:56.444492,2025-01-03 09:06:02.711254,0 days 00:01:06.266762,2,130,190.0,,,,,,,,,,,,,,,,,,,COMPLETE
494,494,0.8783055845196808,2025-01-03 09:06:02.711917,2025-01-03 09:07:35.961280,0 days 00:01:33.249363,3,155,155.0,,,,,,,,,,,165.0,,,,,,,,COMPLETE
495,495,0.8769453115332086,2025-01-03 09:07:35.961955,2025-01-03 09:08:42.543049,0 days 00:01:06.581094,2,130,190.0,,,,,,,,,,,,,,,,,,,COMPLETE
496,496,0.874132249116806,2025-01-03 09:08:42.543724,2025-01-03 09:09:27.179289,0 days 00:00:44.635565,1,185,,,,,,,,,,,,,,,,,,,,COMPLETE
497,497,0.8754101285724629,2025-01-03 09:09:27.179783,2025-01-03 09:11:07.032429,0 days 00:01:39.852646,3,145,170.0,,,,,,,,,,,195.0,,,,,,,,COMPLETE
498,498,0.880308588124834,2025-01-03 09:11:07.033110,2025-01-03 09:12:25.514262,0 days 00:01:18.481152,2,190,195.0,,,,,,,,,,,,,,,,,,,COMPLETE
499,499,0.8762669181146004,2025-01-03 09:12:25.514957,2025-01-03 09:13:56.262483,0 days 00:01:30.747526,3,200,105.0,,,,,,,,,,,145.0,,,,,,,,COMPLETE
500,500,0.8713923283248286,2025-01-03 09:13:56.263172,2025-01-03 09:14:49.451897,0 days 00:00:53.188725,2,140,75.0,,,,,,,,,,,,,,,,,,,COMPLETE
501,501,0.8811726779444207,2025-01-03 09:14:49.452428,2025-01-03 09:16:43.763777,0 days 00:01:54.311349,4,135,160.0,,,,,,,,,,,150.0,165.0,,,,,,,COMPLETE
502,502,0.8796345871411005,2025-01-03 09:16:43.764471,2025-01-03 09:18:07.170711,0 days 00:01:23.406240,3,150,200.0,,,,,,,,,,,50.0,,,,,,,,COMPLETE
503,503,0.8816083894106052,2025-01-03 09:18:07.171407,2025-01-03 09:19:10.341127,0 days 00:01:03.169720,2,125,185.0,,,,,,,,,,,,,,,,,,,COMPLETE
504,504,0.8817551149616603,2025-01-03 09:19:10.341805,2025-01-03 09:20:03.891878,0 days 00:00:53.550073,2,180,50.0,,,,,,,,,,,,,,,,,,,COMPLETE
505,505,0.8763586343456484,2025-01-03 09:20:03.892346,2025-01-03 09:20:39.325794,0 days 00:00:35.433448,1,120,,,,,,,,,,,,,,,,,,,,COMPLETE
506,506,0.8806616950929067,2025-01-03 09:20:39.326500,2025-01-03 09:21:46.753079,0 days 00:01:07.426579,3,90,155.0,,,,,,,,,,,80.0,,,,,,,,COMPLETE
507,507,0.8828132964916224,2025-01-03 09:21:46.753770,2025-01-03 09:22:42.155826,0 days 00:00:55.402056,2,100,150.0,,,,,,,,,,,,,,,,,,,COMPLETE
508,508,0.879190292248067,2025-01-03 09:22:42.156503,2025-01-03 09:23:48.826539,0 days 00:01:06.670036,2,145,165.0,,,,,,,,,,,,,,,,,,,COMPLETE
509,509,0.0816155085109095,2025-01-03 09:23:48.827210,2025-01-03 09:29:12.558058,0 days 00:05:23.730848,16,140,180.0,120.0,140.0,120.0,30.0,55.0,55.0,,,,,185.0,170.0,135.0,65.0,75.0,190.0,180.0,150.0,COMPLETE
510,510,0.8719464692607886,2025-01-03 09:29:12.558853,2025-01-03 09:29:47.606186,0 days 00:00:35.047333,1,115,,,,,,,,,,,,,,,,,,,,COMPLETE
511,511,0.8794567609817359,2025-01-03 09:29:47.606879,2025-01-03 09:31:23.791035,0 days 00:01:36.184156,3,135,195.0,,,,,,,,,,,160.0,,,,,,,,COMPLETE
512,512,0.8735674996888388,2025-01-03 09:31:23.791724,2025-01-03 09:32:31.511695,0 days 00:01:07.719971,2,130,185.0,,,,,,,,,,,,,,,,,,,COMPLETE
513,513,0.8810977443531717,2025-01-03 09:32:31.512374,2025-01-03 09:34:24.196961,0 days 00:01:52.684587,4,145,175.0,,,,,,,,,,,155.0,115.0,,,,,,,COMPLETE
514,514,0.8808493625037694,2025-01-03 09:34:24.197665,2025-01-03 09:35:03.353241,0 days 00:00:39.155576,1,135,,,,,,,,,,,,,,,,,,,,COMPLETE
515,515,0.8785256711350488,2025-01-03 09:35:03.353691,2025-01-03 09:36:38.257262,0 days 00:01:34.903571,3,105,190.0,,,,,,,,,,,195.0,,,,,,,,COMPLETE
516,516,0.8814583914273194,2025-01-03 09:36:38.257948,2025-01-03 09:37:56.163589,0 days 00:01:17.905641,2,185,200.0,,,,,,,,,,,,,,,,,,,COMPLETE
517,517,0.8695111851372128,2025-01-03 09:37:56.164282,2025-01-03 09:39:01.550059,0 days 00:01:05.385777,2,150,150.0,,,,,,,,,,,,,,,,,,,COMPLETE
518,518,0.8797744442659048,2025-01-03 09:39:01.550753,2025-01-03 09:40:37.557540,0 days 00:01:36.006787,3,120,190.0,,,,,,,,,,,200.0,,,,,,,,COMPLETE
519,519,0.8825197158292265,2025-01-03 09:40:37.558254,2025-01-03 09:41:24.323428,0 days 00:00:46.765174,1,200,,,,,,,,,,,,,,,,,,,,COMPLETE
520,520,0.511205092610181,2025-01-03 09:41:24.324106,2025-01-03 09:44:13.196617,0 days 00:02:48.872511,9,125,185.0,,,,,,,,,,,190.0,160.0,20.0,5.0,95.0,130.0,80.0,,COMPLETE
521,521,0.8857509465561237,2025-01-03 09:44:13.197381,2025-01-03 09:45:26.343156,0 days 00:01:13.145775,2,195,160.0,,,,,,,,,,,,,,,,,,,COMPLETE
522,522,0.8819337075082072,2025-01-03 09:45:26.343869,2025-01-03 09:46:42.062479,0 days 00:01:15.718610,2,200,165.0,,,,,,,,,,,,,,,,,,,COMPLETE
523,523,0.8782478516793717,2025-01-03 09:46:42.063207,2025-01-03 09:47:57.169805,0 days 00:01:15.106598,2,190,170.0,,,,,,,,,,,,,,,,,,,COMPLETE
524,524,0.8785303315095486,2025-01-03 09:47:57.170558,2025-01-03 09:49:43.017677,0 days 00:01:45.847119,3,195,195.0,,,,,,,,,,,140.0,,,,,,,,COMPLETE
525,525,0.8836059386726636,2025-01-03 09:49:43.018429,2025-01-03 09:52:01.814630,0 days 00:02:18.796201,4,195,180.0,,,,,,,,,,,170.0,195.0,,,,,,,COMPLETE
526,526,0.8750005231056948,2025-01-03 09:52:01.815399,2025-01-03 09:52:48.927432,0 days 00:00:47.112033,1,195,,,,,,,,,,,,,,,,,,,,COMPLETE
527,527,0.5554240723600192,2025-01-03 09:52:48.928032,2025-01-03 09:55:42.684865,0 days 00:02:53.756833,8,190,170.0,,,,,,,,,,,65.0,50.0,195.0,195.0,105.0,150.0,,,COMPLETE
528,528,0.8719177882924223,2025-01-03 09:55:42.685670,2025-01-03 09:56:58.112030,0 days 00:01:15.426360,2,195,160.0,,,,,,,,,,,,,,,,,,,COMPLETE
529,529,0.8722459428703626,2025-01-03 09:56:58.112784,2025-01-03 09:58:25.134944,0 days 00:01:27.022160,3,190,190.0,,,,,,,,,,,40.0,,,,,,,,COMPLETE
530,530,0.878182761984756,2025-01-03 09:58:25.135713,2025-01-03 09:59:46.787133,0 days 00:01:21.651420,2,200,195.0,,,,,,,,,,,,,,,,,,,COMPLETE
531,531,0.8744899884778454,2025-01-03 09:59:46.787883,2025-01-03 10:00:55.221624,0 days 00:01:08.433741,2,185,130.0,,,,,,,,,,,,,,,,,,,COMPLETE
532,532,0.8831637988587119,2025-01-03 10:00:55.222368,2025-01-03 10:02:47.055671,0 days 00:01:51.833303,3,195,200.0,,,,,,,,,,,180.0,,,,,,,,COMPLETE
533,533,0.872585890892527,2025-01-03 10:02:47.056408,2025-01-03 10:03:47.767308,0 days 00:01:00.710900,2,155,115.0,,,,,,,,,,,,,,,,,,,COMPLETE
534,534,0.8648687541891107,2025-01-03 10:03:47.768064,2025-01-03 10:04:27.007020,0 days 00:00:39.238956,1,140,,,,,,,,,,,,,,,,,,,,COMPLETE
535,535,0.8850608550071075,2025-01-03 10:04:27.007812,2025-01-03 10:06:15.847331,0 days 00:01:48.839519,3,200,180.0,,,,,,,,,,,190.0,,,,,,,,COMPLETE
536,536,0.8677457642881903,2025-01-03 10:06:15.848100,2025-01-03 10:08:31.046603,0 days 00:02:15.198503,4,200,175.0,,,,,,,,,,,190.0,155.0,,,,,,,COMPLETE
537,537,0.8753829629363683,2025-01-03 10:08:31.047338,2025-01-03 10:10:20.423742,0 days 00:01:49.376404,3,200,175.0,,,,,,,,,,,185.0,,,,,,,,COMPLETE
538,538,0.8728257255749696,2025-01-03 10:10:20.424770,2025-01-03 10:12:31.071143,0 days 00:02:10.646373,5,195,95.0,,,,,,,,,,,200.0,140.0,95.0,,,,,,COMPLETE
539,539,0.8755148471974611,2025-01-03 10:12:31.071789,2025-01-03 10:14:18.933582,0 days 00:01:47.861793,3,195,165.0,,,,,,,,,,,195.0,,,,,,,,COMPLETE
540,540,0.8773089830936159,2025-01-03 10:14:18.934257,2025-01-03 10:16:24.384930,0 days 00:02:05.450673,4,190,140.0,,,,,,,,,,,180.0,175.0,,,,,,,COMPLETE
541,541,0.8780218489719593,2025-01-03 10:16:24.385596,2025-01-03 10:18:10.165814,0 days 00:01:45.780218,3,200,160.0,,,,,,,,,,,200.0,,,,,,,,COMPLETE
542,542,0.8799800605074439,2025-01-03 10:18:10.166458,2025-01-03 10:19:57.527824,0 days 00:01:47.361366,3,200,180.0,,,,,,,,,,,190.0,,,,,,,,COMPLETE
543,543,0.8782036826417758,2025-01-03 10:19:57.528471,2025-01-03 10:21:41.997849,0 days 00:01:44.469378,3,195,155.0,,,,,,,,,,,190.0,,,,,,,,COMPLETE
544,544,0.8780980524439488,2025-01-03 10:21:41.998499,2025-01-03 10:23:22.315858,0 days 00:01:40.317359,3,150,185.0,,,,,,,,,,,175.0,,,,,,,,COMPLETE
545,545,0.8744069217910049,2025-01-03 10:23:22.316579,2025-01-03 10:25:34.958490,0 days 00:02:12.641911,4,185,200.0,,,,,,,,,,,195.0,120.0,,,,,,,COMPLETE
546,546,0.8821333472664331,2025-01-03 10:25:34.959148,2025-01-03 10:26:47.715131,0 days 00:01:12.755983,2,195,150.0,,,,,,,,,,,,,,,,,,,COMPLETE
547,547,0.19550145077888184,2025-01-03 10:26:47.715789,2025-01-03 10:31:30.925430,0 days 00:04:43.209641,15,200,185.0,65.0,95.0,40.0,75.0,165.0,,,,,,185.0,185.0,175.0,90.0,70.0,5.0,95.0,100.0,COMPLETE
548,548,0.8810263486978209,2025-01-03 10:31:30.926187,2025-01-03 10:33:19.755578,0 days 00:01:48.829391,3,190,180.0,,,,,,,,,,,200.0,,,,,,,,COMPLETE
549,549,0.8776082071825687,2025-01-03 10:33:19.756419,2025-01-03 10:35:25.013083,0 days 00:02:05.256664,4,180,195.0,,,,,,,,,,,180.0,100.0,,,,,,,COMPLETE
550,550,0.8796753952931402,2025-01-03 10:35:25.013749,2025-01-03 10:36:37.289036,0 days 00:01:12.275287,2,190,160.0,,,,,,,,,,,,,,,,,,,COMPLETE
551,551,0.878599069213169,2025-01-03 10:36:37.289658,2025-01-03 10:37:17.948266,0 days 00:00:40.658608,1,145,,,,,,,,,,,,,,,,,,,,COMPLETE
552,552,0.8793978731828724,2025-01-03 10:37:17.948900,2025-01-03 10:38:34.378226,0 days 00:01:16.429326,2,200,165.0,,,,,,,,,,,,,,,,,,,COMPLETE
553,553,0.8760726040591593,2025-01-03 10:38:34.378880,2025-01-03 10:40:02.187587,0 days 00:01:27.808707,3,145,190.0,,,,,,,,,,,90.0,,,,,,,,COMPLETE
554,554,0.8795218938371452,2025-01-03 10:40:02.188209,2025-01-03 10:41:08.700248,0 days 00:01:06.512039,2,155,155.0,,,,,,,,,,,,,,,,,,,COMPLETE
555,555,0.4539649239527319,2025-01-03 10:41:08.700913,2025-01-03 10:44:43.939276,0 days 00:03:35.238363,11,185,195.0,50.0,,,,,,,,,,195.0,35.0,155.0,105.0,130.0,30.0,15.0,115.0,COMPLETE
556,556,0.41387205945104705,2025-01-03 10:44:43.940008,2025-01-03 10:49:51.734432,0 days 00:05:07.794424,17,140,170.0,190.0,175.0,80.0,125.0,125.0,145.0,160.0,,,,190.0,30.0,140.0,75.0,5.0,90.0,35.0,75.0,COMPLETE
557,557,0.8752294020234274,2025-01-03 10:49:51.735225,2025-01-03 10:50:53.917460,0 days 00:01:02.182235,2,165,120.0,,,,,,,,,,,,,,,,,,,COMPLETE
558,558,0.8821700142046471,2025-01-03 10:50:53.918115,2025-01-03 10:52:30.000866,0 days 00:01:36.082751,3,150,145.0,,,,,,,,,,,200.0,,,,,,,,COMPLETE
559,559,0.8780729391084809,2025-01-03 10:52:30.001499,2025-01-03 10:53:46.125238,0 days 00:01:16.123739,2,175,200.0,,,,,,,,,,,,,,,,,,,COMPLETE
560,560,0.8784416726800541,2025-01-03 10:53:46.125892,2025-01-03 10:55:33.558154,0 days 00:01:47.432262,3,190,185.0,,,,,,,,,,,170.0,,,,,,,,COMPLETE
561,561,0.8722515250805829,2025-01-03 10:55:33.558814,2025-01-03 10:56:13.098363,0 days 00:00:39.539549,1,135,,,,,,,,,,,,,,,,,,,,COMPLETE
562,562,0.8793864184265366,2025-01-03 10:56:13.099002,2025-01-03 10:57:04.575726,0 days 00:00:51.476724,2,35,190.0,,,,,,,,,,,,,,,,,,,COMPLETE
563,563,0.8744419441926644,2025-01-03 10:57:04.576345,2025-01-03 10:58:38.606676,0 days 00:01:34.030331,3,195,180.0,,,,,,,,,,,75.0,,,,,,,,COMPLETE
564,564,0.8787435204116301,2025-01-03 10:58:38.607337,2025-01-03 10:59:47.500141,0 days 00:01:08.892804,2,145,175.0,,,,,,,,,,,,,,,,,,,COMPLETE
565,565,0.8743486188127387,2025-01-03 10:59:47.500770,2025-01-03 11:00:26.827640,0 days 00:00:39.326870,1,140,,,,,,,,,,,,,,,,,,,,COMPLETE
566,566,0.8798362744966173,2025-01-03 11:00:26.828128,2025-01-03 11:01:32.702557,0 days 00:01:05.874429,2,150,155.0,,,,,,,,,,,,,,,,,,,COMPLETE
567,567,0.8772225657107084,2025-01-03 11:01:32.703205,2025-01-03 11:03:08.501027,0 days 00:01:35.797822,3,125,190.0,,,,,,,,,,,175.0,,,,,,,,COMPLETE
568,568,0.8791952450522752,2025-01-03 11:03:08.501681,2025-01-03 11:04:17.742125,0 days 00:01:09.240444,2,155,165.0,,,,,,,,,,,,,,,,,,,COMPLETE
569,569,0.8756099491750651,2025-01-03 11:04:17.742758,2025-01-03 11:06:03.267775,0 days 00:01:45.525017,3,200,200.0,,,,,,,,,,,135.0,,,,,,,,COMPLETE
570,570,0.8808357775767169,2025-01-03 11:06:03.268450,2025-01-03 11:06:46.858953,0 days 00:00:43.590503,1,180,,,,,,,,,,,,,,,,,,,,COMPLETE
571,571,0.47578430672475935,2025-01-03 11:06:46.859566,2025-01-03 11:10:16.663558,0 days 00:03:29.803992,13,15,135.0,35.0,55.0,140.0,,,,,,,,185.0,190.0,65.0,60.0,45.0,75.0,135.0,90.0,COMPLETE
572,572,0.8765067588857165,2025-01-03 11:10:16.664273,2025-01-03 11:12:00.962001,0 days 00:01:44.297728,4,130,185.0,,,,,,,,,,,85.0,135.0,,,,,,,COMPLETE
573,573,0.8797059609164286,2025-01-03 11:12:00.962677,2025-01-03 11:13:23.719694,0 days 00:01:22.757017,3,140,145.0,,,,,,,,,,,115.0,,,,,,,,COMPLETE
574,574,0.877404905163875,2025-01-03 11:13:23.720406,2025-01-03 11:14:21.969409,0 days 00:00:58.249003,2,110,150.0,,,,,,,,,,,,,,,,,,,COMPLETE
575,575,0.8821117692000436,2025-01-03 11:14:21.970054,2025-01-03 11:15:37.840287,0 days 00:01:15.870233,2,170,195.0,,,,,,,,,,,,,,,,,,,COMPLETE
576,576,0.8649242291868536,2025-01-03 11:15:37.840932,2025-01-03 11:16:17.012378,0 days 00:00:39.171446,1,135,,,,,,,,,,,,,,,,,,,,COMPLETE
577,577,0.8810976855474669,2025-01-03 11:16:17.012881,2025-01-03 11:17:28.477734,0 days 00:01:11.464853,2,145,195.0,,,,,,,,,,,,,,,,,,,COMPLETE
578,578,0.8676908263710199,2025-01-03 11:17:28.478407,2025-01-03 11:18:42.338989,0 days 00:01:13.860582,3,130,175.0,,,,,,,,,,,15.0,,,,,,,,COMPLETE
579,579,0.8787579958529423,2025-01-03 11:18:42.339642,2025-01-03 11:20:22.337656,0 days 00:01:39.998014,3,200,160.0,,,,,,,,,,,165.0,,,,,,,,COMPLETE
580,580,0.8796221899955187,2025-01-03 11:20:22.338297,2025-01-03 11:21:37.428878,0 days 00:01:15.090581,2,190,180.0,,,,,,,,,,,,,,,,,,,COMPLETE
581,581,0.874094006988518,2025-01-03 11:21:37.429545,2025-01-03 11:22:23.545389,0 days 00:00:46.115844,1,195,,,,,,,,,,,,,,,,,,,,COMPLETE
582,582,0.0,2025-01-03 11:22:23.546030,2025-01-03 11:27:23.238647,0 days 00:04:59.692617,19,125,190.0,155.0,75.0,180.0,105.0,35.0,60.0,55.0,5.0,5.0,,100.0,165.0,85.0,175.0,165.0,115.0,5.0,35.0,COMPLETE
583,583,0.8753411401753676,2025-01-03 11:27:23.239459,2025-01-03 11:29:37.385664,0 days 00:02:14.146205,4,185,170.0,,,,,,,,,,,195.0,150.0,,,,,,,COMPLETE
584,584,0.885591141414167,2025-01-03 11:29:37.386347,2025-01-03 11:30:36.051687,0 days 00:00:58.665340,2,115,155.0,,,,,,,,,,,,,,,,,,,COMPLETE
585,585,0.8767295856068926,2025-01-03 11:30:36.052354,2025-01-03 11:31:33.758801,0 days 00:00:57.706447,2,105,160.0,,,,,,,,,,,,,,,,,,,COMPLETE
586,586,0.8767195046169964,2025-01-03 11:31:33.759461,2025-01-03 11:32:08.965873,0 days 00:00:35.206412,1,110,,,,,,,,,,,,,,,,,,,,COMPLETE
587,587,0.884514938647885,2025-01-03 11:32:08.966692,2025-01-03 11:33:08.514947,0 days 00:00:59.548255,2,115,155.0,,,,,,,,,,,,,,,,,,,COMPLETE
588,588,0.8759261137881478,2025-01-03 11:33:08.515584,2025-01-03 11:33:44.692040,0 days 00:00:36.176456,1,115,,,,,,,,,,,,,,,,,,,,COMPLETE
589,589,0.8755402308776172,2025-01-03 11:33:44.692683,2025-01-03 11:34:44.631021,0 days 00:00:59.938338,2,115,155.0,,,,,,,,,,,,,,,,,,,COMPLETE
590,590,0.8856164946103549,2025-01-03 11:34:44.631658,2025-01-03 11:35:42.821567,0 days 00:00:58.189909,2,110,155.0,,,,,,,,,,,,,,,,,,,COMPLETE
591,591,0.8599530458297964,2025-01-03 11:35:42.822230,2025-01-03 11:36:17.959321,0 days 00:00:35.137091,1,105,,,,,,,,,,,,,,,,,,,,COMPLETE
592,592,0.8798438358821818,2025-01-03 11:36:17.959938,2025-01-03 11:37:15.937084,0 days 00:00:57.977146,2,110,155.0,,,,,,,,,,,,,,,,,,,COMPLETE
593,593,0.8788406676548083,2025-01-03 11:37:15.937745,2025-01-03 11:38:13.475191,0 days 00:00:57.537446,2,110,150.0,,,,,,,,,,,,,,,,,,,COMPLETE
594,594,0.8744043837513251,2025-01-03 11:38:13.475860,2025-01-03 11:39:14.322410,0 days 00:01:00.846550,2,115,155.0,,,,,,,,,,,,,,,,,,,COMPLETE
595,595,0.8705949767752242,2025-01-03 11:39:14.323054,2025-01-03 11:39:49.736173,0 days 00:00:35.413119,1,110,,,,,,,,,,,,,,,,,,,,COMPLETE
596,596,0.882791973116916,2025-01-03 11:39:49.736688,2025-01-03 11:40:48.845143,0 days 00:00:59.108455,2,115,155.0,,,,,,,,,,,,,,,,,,,COMPLETE
597,597,0.8811059843847343,2025-01-03 11:40:48.845770,2025-01-03 11:41:45.885945,0 days 00:00:57.040175,2,105,150.0,,,,,,,,,,,,,,,,,,,COMPLETE
598,598,0.8825508574140675,2025-01-03 11:41:45.886580,2025-01-03 11:42:43.912377,0 days 00:00:58.025797,2,110,160.0,,,,,,,,,,,,,,,,,,,COMPLETE
599,599,0.8748711454649898,2025-01-03 11:42:43.913034,2025-01-03 11:43:20.112725,0 days 00:00:36.199691,1,115,,,,,,,,,,,,,,,,,,,,COMPLETE
600,600,0.8818481012008688,2025-01-03 11:43:20.113352,2025-01-03 11:44:17.984823,0 days 00:00:57.871471,2,120,145.0,,,,,,,,,,,,,,,,,,,COMPLETE
601,601,0.8715326380893905,2025-01-03 11:44:17.985478,2025-01-03 11:44:54.152656,0 days 00:00:36.167178,1,115,,,,,,,,,,,,,,,,,,,,COMPLETE
602,602,0.8772677265638884,2025-01-03 11:44:54.153181,2025-01-03 11:45:51.839332,0 days 00:00:57.686151,2,110,150.0,,,,,,,,,,,,,,,,,,,COMPLETE
603,603,0.8784186205037967,2025-01-03 11:45:51.839973,2025-01-03 11:46:53.048456,0 days 00:01:01.208483,2,120,165.0,,,,,,,,,,,,,,,,,,,COMPLETE
604,604,0.8805900984290205,2025-01-03 11:46:53.049103,2025-01-03 11:47:57.446481,0 days 00:01:04.397378,2,115,185.0,,,,,,,,,,,,,,,,,,,COMPLETE
605,605,0.8845468194886825,2025-01-03 11:47:57.447129,2025-01-03 11:48:56.249806,0 days 00:00:58.802677,2,120,155.0,,,,,,,,,,,,,,,,,,,COMPLETE
606,606,0.8694393118260215,2025-01-03 11:48:56.250448,2025-01-03 11:49:32.002673,0 days 00:00:35.752225,1,120,,,,,,,,,,,,,,,,,,,,COMPLETE
607,607,0.5348745990062564,2025-01-03 11:49:32.003288,2025-01-03 11:53:22.430241,0 days 00:03:50.426953,12,115,155.0,15.0,130.0,,,,,,,,,160.0,110.0,50.0,150.0,155.0,140.0,105.0,125.0,COMPLETE
608,608,0.8841040781566618,2025-01-03 11:53:22.444973,2025-01-03 11:54:18.271709,0 days 00:00:55.826736,2,100,150.0,,,,,,,,,,,,,,,,,,,COMPLETE
609,609,0.8786190145723276,2025-01-03 11:54:18.272312,2025-01-03 11:55:18.053376,0 days 00:00:59.781064,2,115,155.0,,,,,,,,,,,,,,,,,,,COMPLETE
610,610,0.8765204074599845,2025-01-03 11:55:18.054036,2025-01-03 11:55:53.383019,0 days 00:00:35.328983,1,105,,,,,,,,,,,,,,,,,,,,COMPLETE
611,611,0.8742228122579931,2025-01-03 11:55:53.383645,2025-01-03 11:56:51.721320,0 days 00:00:58.337675,2,120,140.0,,,,,,,,,,,,,,,,,,,COMPLETE
612,612,0.8780431467246428,2025-01-03 11:56:51.721957,2025-01-03 11:57:53.884377,0 days 00:01:02.162420,2,110,185.0,,,,,,,,,,,,,,,,,,,COMPLETE
613,613,0.8701164176825897,2025-01-03 11:57:53.885274,2025-01-03 11:59:22.466676,0 days 00:01:28.581402,3,120,180.0,,,,,,,,,,,160.0,,,,,,,,COMPLETE
614,614,0.8713281228421629,2025-01-03 11:59:22.467340,2025-01-03 11:59:58.418243,0 days 00:00:35.950903,1,110,,,,,,,,,,,,,,,,,,,,COMPLETE
615,615,0.8808734556916975,2025-01-03 11:59:58.418752,2025-01-03 12:00:58.380118,0 days 00:00:59.961366,2,115,155.0,,,,,,,,,,,,,,,,,,,COMPLETE
616,616,0.8787313579921212,2025-01-03 12:00:58.380719,2025-01-03 12:02:04.958785,0 days 00:01:06.578066,3,120,150.0,,,,,,,,,,,30.0,,,,,,,,COMPLETE
617,617,0.8780584736699022,2025-01-03 12:02:04.959413,2025-01-03 12:03:01.999539,0 days 00:00:57.040126,2,120,145.0,,,,,,,,,,,,,,,,,,,COMPLETE
618,618,0.8777029388260628,2025-01-03 12:03:02.000150,2025-01-03 12:03:37.471823,0 days 00:00:35.471673,1,115,,,,,,,,,,,,,,,,,,,,COMPLETE
619,619,0.8756788616989452,2025-01-03 12:03:37.472303,2025-01-03 12:04:34.508058,0 days 00:00:57.035755,2,105,160.0,,,,,,,,,,,,,,,,,,,COMPLETE
620,620,0.879270756343927,2025-01-03 12:04:34.508678,2025-01-03 12:05:48.309110,0 days 00:01:13.800432,2,175,180.0,,,,,,,,,,,,,,,,,,,COMPLETE
621,621,0.8806142643656275,2025-01-03 12:05:48.309721,2025-01-03 12:07:18.741862,0 days 00:01:30.432141,3,120,190.0,,,,,,,,,,,155.0,,,,,,,,COMPLETE
622,622,0.8793213828425096,2025-01-03 12:07:18.742506,2025-01-03 12:08:21.372803,0 days 00:01:02.630297,2,110,185.0,,,,,,,,,,,,,,,,,,,COMPLETE
623,623,0.8741167310875327,2025-01-03 12:08:21.373435,2025-01-03 12:09:43.788459,0 days 00:01:22.415024,3,115,145.0,,,,,,,,,,,150.0,,,,,,,,COMPLETE
624,624,0.8702990064072802,2025-01-03 12:09:43.789080,2025-01-03 12:10:19.379326,0 days 00:00:35.590246,1,120,,,,,,,,,,,,,,,,,,,,COMPLETE
625,625,0.8789876298378075,2025-01-03 12:10:19.379794,2025-01-03 12:11:22.591015,0 days 00:01:03.211221,2,125,175.0,,,,,,,,,,,,,,,,,,,COMPLETE
626,626,0.8745027921379613,2025-01-03 12:11:22.591674,2025-01-03 12:12:42.741372,0 days 00:01:20.149698,3,115,190.0,,,,,,,,,,,70.0,,,,,,,,COMPLETE
627,627,0.8825248956394163,2025-01-03 12:12:42.741998,2025-01-03 12:13:42.891493,0 days 00:01:00.149495,2,125,155.0,,,,,,,,,,,,,,,,,,,COMPLETE
628,628,0.8831914315025267,2025-01-03 12:13:42.892116,2025-01-03 12:14:40.683799,0 days 00:00:57.791683,2,120,150.0,,,,,,,,,,,,,,,,,,,COMPLETE
629,629,0.8751450204475573,2025-01-03 12:14:40.684423,2025-01-03 12:15:16.110218,0 days 00:00:35.425795,1,110,,,,,,,,,,,,,,,,,,,,COMPLETE
630,630,0.007936507936507936,2025-01-03 12:15:16.110709,2025-01-03 12:20:45.494307,0 days 00:05:29.383598,18,185,180.0,185.0,45.0,20.0,30.0,175.0,180.0,65.0,60.0,,,170.0,85.0,40.0,40.0,190.0,190.0,160.0,65.0,COMPLETE
631,631,0.8737790660414008,2025-01-03 12:20:45.495057,2025-01-03 12:22:00.555819,0 days 00:01:15.060762,3,110,190.0,,,,,,,,,,,55.0,,,,,,,,COMPLETE
632,632,0.5777736807159737,2025-01-03 12:22:00.556472,2025-01-03 12:24:31.081558,0 days 00:02:30.525086,7,180,165.0,,,,,,,,,,,175.0,10.0,110.0,135.0,135.0,,,,COMPLETE
633,633,0.8750397717482339,2025-01-03 12:24:31.082247,2025-01-03 12:25:41.591413,0 days 00:01:10.509166,2,160,185.0,,,,,,,,,,,,,,,,,,,COMPLETE
634,634,0.8823622100629124,2025-01-03 12:25:41.592018,2025-01-03 12:27:08.188227,0 days 00:01:26.596209,3,125,160.0,,,,,,,,,,,165.0,,,,,,,,COMPLETE
635,635,0.8739781318383747,2025-01-03 12:27:08.188871,2025-01-03 12:27:43.204401,0 days 00:00:35.015530,1,120,,,,,,,,,,,,,,,,,,,,COMPLETE
636,636,0.8772516883644333,2025-01-03 12:27:43.205001,2025-01-03 12:29:18.461690,0 days 00:01:35.256689,3,115,195.0,,,,,,,,,,,175.0,,,,,,,,COMPLETE
637,637,0.8692824466620857,2025-01-03 12:29:18.462345,2025-01-03 12:31:28.216072,0 days 00:02:09.753727,6,105,180.0,,,,,,,,,,,145.0,145.0,10.0,120.0,,,,,COMPLETE
638,638,0.8786327892469673,2025-01-03 12:31:28.216749,2025-01-03 12:32:33.124990,0 days 00:01:04.908241,2,155,160.0,,,,,,,,,,,,,,,,,,,COMPLETE
639,639,0.8795778435348987,2025-01-03 12:32:33.125610,2025-01-03 12:33:37.778841,0 days 00:01:04.653231,2,125,190.0,,,,,,,,,,,,,,,,,,,COMPLETE
640,640,0.8734495022822661,2025-01-03 12:33:37.779465,2025-01-03 12:34:23.290257,0 days 00:00:45.510792,1,185,,,,,,,,,,,,,,,,,,,,COMPLETE
641,641,0.8706985763427919,2025-01-03 12:34:23.290866,2025-01-03 12:35:07.927177,0 days 00:00:44.636311,2,150,10.0,,,,,,,,,,,,,,,,,,,COMPLETE
642,642,0.8755766147317667,2025-01-03 12:35:07.927679,2025-01-03 12:36:15.446004,0 days 00:01:07.518325,2,165,150.0,,,,,,,,,,,,,,,,,,,COMPLETE
643,643,0.8792631609037171,2025-01-03 12:36:15.446630,2025-01-03 12:37:35.271852,0 days 00:01:19.825222,3,180,60.0,,,,,,,,,,,180.0,,,,,,,,COMPLETE
644,644,0.595085578122152,2025-01-03 12:37:35.272497,2025-01-03 12:39:44.537940,0 days 00:02:09.265443,8,115,140.0,,,,,,,,,,,165.0,130.0,30.0,160.0,85.0,60.0,,,COMPLETE
645,645,0.8848540740450939,2025-01-03 12:39:44.538854,2025-01-03 12:40:59.920445,0 days 00:01:15.381591,2,190,175.0,,,,,,,,,,,,,,,,,,,COMPLETE
646,646,0.8789173062512046,2025-01-03 12:40:59.921069,2025-01-03 12:42:14.019465,0 days 00:01:14.098396,2,185,175.0,,,,,,,,,,,,,,,,,,,COMPLETE
647,647,0.8744223221925762,2025-01-03 12:42:14.020100,2025-01-03 12:43:34.554869,0 days 00:01:20.534769,3,190,170.0,,,,,,,,,,,15.0,,,,,,,,COMPLETE
648,648,0.8774105819265811,2025-01-03 12:43:34.555540,2025-01-03 12:44:19.890412,0 days 00:00:45.334872,1,185,,,,,,,,,,,,,,,,,,,,COMPLETE
649,649,0.8794464459645165,2025-01-03 12:44:19.891017,2025-01-03 12:45:35.691821,0 days 00:01:15.800804,2,195,180.0,,,,,,,,,,,,,,,,,,,COMPLETE
650,650,0.8739352138414832,2025-01-03 12:45:35.692451,2025-01-03 12:46:59.608981,0 days 00:01:23.916530,3,190,175.0,,,,,,,,,,,40.0,,,,,,,,COMPLETE
651,651,0.8750108619912285,2025-01-03 12:46:59.609613,2025-01-03 12:48:11.217479,0 days 00:01:11.607866,2,180,170.0,,,,,,,,,,,,,,,,,,,COMPLETE
652,652,0.8843847381864622,2025-01-03 12:48:11.218114,2025-01-03 12:48:56.265079,0 days 00:00:45.046965,1,190,,,,,,,,,,,,,,,,,,,,COMPLETE
653,653,0.8756890313494088,2025-01-03 12:48:56.265693,2025-01-03 12:50:15.538724,0 days 00:01:19.273031,2,195,185.0,,,,,,,,,,,,,,,,,,,COMPLETE
654,654,0.499750892701023,2025-01-03 12:50:15.539350,2025-01-03 12:53:31.859922,0 days 00:03:16.320572,10,150,185.0,,,,,,,,,,,185.0,155.0,145.0,95.0,55.0,20.0,180.0,55.0,COMPLETE
655,655,0.8707962244709496,2025-01-03 12:53:31.860612,2025-01-03 12:54:58.601444,0 days 00:01:26.740832,3,190,175.0,,,,,,,,,,,60.0,,,,,,,,COMPLETE
656,656,0.8790796304513047,2025-01-03 12:54:58.602070,2025-01-03 12:56:08.155335,0 days 00:01:09.553265,2,145,185.0,,,,,,,,,,,,,,,,,,,COMPLETE
657,657,0.8818857870470015,2025-01-03 12:56:08.155969,2025-01-03 12:57:42.980819,0 days 00:01:34.824850,4,185,180.0,,,,,,,,,,,50.0,60.0,,,,,,,COMPLETE
658,658,0.8762466446875478,2025-01-03 12:57:42.981481,2025-01-03 12:58:29.602485,0 days 00:00:46.621004,1,195,,,,,,,,,,,,,,,,,,,,COMPLETE
659,659,0.8772546813331839,2025-01-03 12:58:29.603122,2025-01-03 13:00:01.183094,0 days 00:01:31.579972,3,140,190.0,,,,,,,,,,,135.0,,,,,,,,COMPLETE
660,660,0.8839774559914095,2025-01-03 13:00:01.183739,2025-01-03 13:01:16.913067,0 days 00:01:15.729328,2,170,195.0,,,,,,,,,,,,,,,,,,,COMPLETE
661,661,0.8790537673946842,2025-01-03 13:01:16.913956,2025-01-03 13:02:58.634805,0 days 00:01:41.720849,3,190,180.0,,,,,,,,,,,155.0,,,,,,,,COMPLETE
662,662,0.8867766991636699,2025-01-03 13:02:58.635455,2025-01-03 13:04:07.641224,0 days 00:01:09.005769,2,160,175.0,,,,,,,,,,,,,,,,,,,COMPLETE
663,663,0.8715481958300154,2025-01-03 13:04:07.641861,2025-01-03 13:06:04.312754,0 days 00:01:56.670893,5,160,175.0,,,,,,,,,,,80.0,80.0,165.0,,,,,,COMPLETE
664,664,0.876189814902848,2025-01-03 13:06:04.313429,2025-01-03 13:06:47.141701,0 days 00:00:42.828272,1,165,,,,,,,,,,,,,,,,,,,,COMPLETE
665,665,0.8842238465258909,2025-01-03 13:06:47.142335,2025-01-03 13:08:23.156619,0 days 00:01:36.014284,3,170,170.0,,,,,,,,,,,150.0,,,,,,,,COMPLETE
666,666,0.8816998971156916,2025-01-03 13:08:23.157276,2025-01-03 13:09:31.544638,0 days 00:01:08.387362,2,160,175.0,,,,,,,,,,,,,,,,,,,COMPLETE
667,667,0.880780619804025,2025-01-03 13:09:31.545279,2025-01-03 13:10:45.325493,0 days 00:01:13.780214,2,175,180.0,,,,,,,,,,,,,,,,,,,COMPLETE
668,668,0.8830025938730076,2025-01-03 13:10:45.326124,2025-01-03 13:11:53.665280,0 days 00:01:08.339156,2,155,170.0,,,,,,,,,,,,,,,,,,,COMPLETE
669,669,0.8825643527036693,2025-01-03 13:11:53.665900,2025-01-03 13:13:33.415180,0 days 00:01:39.749280,3,160,185.0,,,,,,,,,,,180.0,,,,,,,,COMPLETE
670,670,0.8797803215653777,2025-01-03 13:13:33.415820,2025-01-03 13:14:19.543180,0 days 00:00:46.127360,2,25,180.0,,,,,,,,,,,,,,,,,,,COMPLETE
671,671,0.8778555797699343,2025-01-03 13:14:19.543832,2025-01-03 13:15:01.033969,0 days 00:00:41.490137,1,150,,,,,,,,,,,,,,,,,,,,COMPLETE
672,672,0.8814368617279948,2025-01-03 13:15:01.034658,2025-01-03 13:16:25.104909,0 days 00:01:24.070251,3,155,175.0,,,,,,,,,,,65.0,,,,,,,,COMPLETE
673,673,0.8731726523306604,2025-01-03 13:16:25.105959,2025-01-03 13:17:05.738611,0 days 00:00:40.632652,1,145,,,,,,,,,,,,,,,,,,,,COMPLETE
674,674,0.8753397361213426,2025-01-03 13:17:05.739603,2025-01-03 13:18:05.981801,0 days 00:01:00.242198,2,165,85.0,,,,,,,,,,,,,,,,,,,COMPLETE
675,675,0.8688602369662055,2025-01-03 13:18:05.982474,2025-01-03 13:19:25.138424,0 days 00:01:19.155950,3,150,190.0,,,,,,,,,,,25.0,,,,,,,,COMPLETE
676,676,0.8839922279205693,2025-01-03 13:19:25.139110,2025-01-03 13:20:40.985290,0 days 00:01:15.846180,2,180,185.0,,,,,,,,,,,,,,,,,,,COMPLETE
677,677,0.8806097355414888,2025-01-03 13:20:40.986269,2025-01-03 13:22:01.525824,0 days 00:01:20.539555,2,190,195.0,,,,,,,,,,,,,,,,,,,COMPLETE
678,678,0.8707987325357808,2025-01-03 13:22:01.526813,2025-01-03 13:22:41.248193,0 days 00:00:39.721380,1,140,,,,,,,,,,,,,,,,,,,,COMPLETE
679,679,0.8735820399270854,2025-01-03 13:22:41.248858,2025-01-03 13:24:54.984765,0 days 00:02:13.735907,4,145,180.0,,,,,,,,,,,195.0,170.0,,,,,,,COMPLETE
680,680,0.8772274553185154,2025-01-03 13:24:54.985465,2025-01-03 13:26:43.449997,0 days 00:01:48.464532,3,185,170.0,,,,,,,,,,,185.0,,,,,,,,COMPLETE
681,681,0.8739909362902147,2025-01-03 13:26:43.450696,2025-01-03 13:27:54.925435,0 days 00:01:11.474739,2,155,175.0,,,,,,,,,,,,,,,,,,,COMPLETE
682,682,0.8774994594750422,2025-01-03 13:27:54.928178,2025-01-03 13:29:03.420987,0 days 00:01:08.492809,2,130,185.0,,,,,,,,,,,,,,,,,,,COMPLETE
683,683,0.8730159908075898,2025-01-03 13:29:03.422048,2025-01-03 13:30:25.740205,0 days 00:01:22.318157,2,195,200.0,,,,,,,,,,,,,,,,,,,COMPLETE
684,684,0.8838622204590951,2025-01-03 13:30:25.740876,2025-01-03 13:32:02.839732,0 days 00:01:37.098856,3,145,195.0,,,,,,,,,,,140.0,,,,,,,,COMPLETE
685,685,0.8761004396300183,2025-01-03 13:32:02.840584,2025-01-03 13:33:44.457597,0 days 00:01:41.617013,3,155,190.0,,,,,,,,,,,170.0,,,,,,,,COMPLETE
686,686,0.8752102360600105,2025-01-03 13:33:44.458297,2025-01-03 13:34:29.251558,0 days 00:00:44.793261,1,175,,,,,,,,,,,,,,,,,,,,COMPLETE
687,687,0.8819290308219523,2025-01-03 13:34:29.252229,2025-01-03 13:35:38.252748,0 days 00:01:09.000519,2,135,185.0,,,,,,,,,,,,,,,,,,,COMPLETE
688,688,0.18693842034080954,2025-01-03 13:35:38.253434,2025-01-03 13:41:10.249173,0 days 00:05:31.995739,15,195,190.0,90.0,105.0,115.0,145.0,80.0,,,,,,160.0,105.0,120.0,185.0,120.0,180.0,90.0,155.0,COMPLETE
689,689,0.8779808462096468,2025-01-03 13:41:10.250408,2025-01-03 13:42:19.831580,0 days 00:01:09.581172,2,150,165.0,,,,,,,,,,,,,,,,,,,COMPLETE
690,690,0.8745498537080745,2025-01-03 13:42:19.832268,2025-01-03 13:43:05.842532,0 days 00:00:46.010264,1,185,,,,,,,,,,,,,,,,,,,,COMPLETE
691,691,0.8739202287907054,2025-01-03 13:43:05.843206,2025-01-03 13:45:01.796192,0 days 00:01:55.952986,4,170,175.0,,,,,,,,,,,190.0,45.0,,,,,,,COMPLETE
692,692,0.8749035991300583,2025-01-03 13:45:01.797502,2025-01-03 13:46:42.408799,0 days 00:01:40.611297,3,140,180.0,,,,,,,,,,,200.0,,,,,,,,COMPLETE
693,693,0.879654255704833,2025-01-03 13:46:42.409825,2025-01-03 13:47:51.672939,0 days 00:01:09.263114,2,135,190.0,,,,,,,,,,,,,,,,,,,COMPLETE
694,694,0.8786952608738694,2025-01-03 13:47:51.673636,2025-01-03 13:49:08.569557,0 days 00:01:16.895921,2,190,180.0,,,,,,,,,,,,,,,,,,,COMPLETE
695,695,0.8736459248927622,2025-01-03 13:49:08.570263,2025-01-03 13:50:46.385741,0 days 00:01:37.815478,3,140,170.0,,,,,,,,,,,190.0,,,,,,,,COMPLETE
696,696,0.8825712366633083,2025-01-03 13:50:46.386439,2025-01-03 13:51:33.421221,0 days 00:00:47.034782,1,200,,,,,,,,,,,,,,,,,,,,COMPLETE
697,697,0.8771675328817321,2025-01-03 13:51:33.421900,2025-01-03 13:52:51.579885,0 days 00:01:18.157985,2,180,200.0,,,,,,,,,,,,,,,,,,,COMPLETE
698,698,0.8675050175050175,2025-01-03 13:52:51.581292,2025-01-03 13:54:22.318785,0 days 00:01:30.737493,3,160,195.0,,,,,,,,,,,85.0,,,,,,,,COMPLETE
699,699,0.8775607583372885,2025-01-03 13:54:22.319867,2025-01-03 13:56:02.628209,0 days 00:01:40.308342,3,145,180.0,,,,,,,,,,,175.0,,,,,,,,COMPLETE
700,700,0.8768658755170652,2025-01-03 13:56:02.628936,2025-01-03 13:57:13.663707,0 days 00:01:11.034771,2,150,185.0,,,,,,,,,,,,,,,,,,,COMPLETE
701,701,0.873174960481147,2025-01-03 13:57:13.664359,2025-01-03 13:58:58.321586,0 days 00:01:44.657227,4,165,165.0,,,,,,,,,,,95.0,90.0,,,,,,,COMPLETE
702,702,0.8739246149005743,2025-01-03 13:58:58.322289,2025-01-03 13:59:32.716108,0 days 00:00:34.393819,1,100,,,,,,,,,,,,,,,,,,,,COMPLETE
703,703,0.881626905506525,2025-01-03 13:59:32.716899,2025-01-03 14:00:41.973771,0 days 00:01:09.256872,2,130,190.0,,,,,,,,,,,,,,,,,,,COMPLETE
704,704,0.8729783555109043,2025-01-03 14:00:41.974456,2025-01-03 14:02:04.337698,0 days 00:01:22.363242,2,190,195.0,,,,,,,,,,,,,,,,,,,COMPLETE
705,705,0.876386452430852,2025-01-03 14:02:04.338388,2025-01-03 14:03:11.568718,0 days 00:01:07.230330,2,130,175.0,,,,,,,,,,,,,,,,,,,COMPLETE
706,706,0.8799262915648728,2025-01-03 14:03:11.569405,2025-01-03 14:04:31.615329,0 days 00:01:20.045924,2,195,185.0,,,,,,,,,,,,,,,,,,,COMPLETE
707,707,0.8728637382532476,2025-01-03 14:04:31.616014,2025-01-03 14:05:17.706473,0 days 00:00:46.090459,1,185,,,,,,,,,,,,,,,,,,,,COMPLETE
708,708,0.8794667932159211,2025-01-03 14:05:17.707016,2025-01-03 14:06:50.812524,0 days 00:01:33.105508,3,135,200.0,,,,,,,,,,,125.0,,,,,,,,COMPLETE
709,709,0.8803579131910022,2025-01-03 14:06:50.813212,2025-01-03 14:08:33.885812,0 days 00:01:43.072600,3,145,190.0,,,,,,,,,,,200.0,,,,,,,,COMPLETE
710,710,0.8727850729700092,2025-01-03 14:08:33.886510,2025-01-03 14:09:14.747640,0 days 00:00:40.861130,1,150,,,,,,,,,,,,,,,,,,,,COMPLETE
711,711,0.8791840490797547,2025-01-03 14:09:14.748164,2025-01-03 14:10:24.805531,0 days 00:01:10.057367,2,140,195.0,,,,,,,,,,,,,,,,,,,COMPLETE
712,712,0.30579692512519363,2025-01-03 14:10:24.806580,2025-01-03 14:14:09.594295,0 days 00:03:44.787715,13,125,165.0,130.0,15.0,150.0,,,,,,,,140.0,20.0,130.0,85.0,35.0,125.0,75.0,185.0,COMPLETE
713,713,0.8782751544673264,2025-01-03 14:14:09.595542,2025-01-03 14:15:25.569339,0 days 00:01:15.973797,2,190,180.0,,,,,,,,,,,,,,,,,,,COMPLETE
714,714,0.8773333758827236,2025-01-03 14:15:25.570035,2025-01-03 14:17:07.077883,0 days 00:01:41.507848,3,155,185.0,,,,,,,,,,,180.0,,,,,,,,COMPLETE
715,715,0.8808169157748131,2025-01-03 14:17:07.078596,2025-01-03 14:18:06.246755,0 days 00:00:59.168159,2,95,175.0,,,,,,,,,,,,,,,,,,,COMPLETE
716,716,0.8517876430585565,2025-01-03 14:18:06.247443,2025-01-03 14:18:33.966270,0 days 00:00:27.718827,1,45,,,,,,,,,,,,,,,,,,,,COMPLETE
717,717,0.883217238506252,2025-01-03 14:18:33.966946,2025-01-03 14:20:25.979135,0 days 00:01:52.012189,3,180,195.0,,,,,,,,,,,195.0,,,,,,,,COMPLETE
718,718,0.8764547853264317,2025-01-03 14:20:25.979826,2025-01-03 14:21:38.345973,0 days 00:01:12.366147,2,195,135.0,,,,,,,,,,,,,,,,,,,COMPLETE
719,719,0.8810383935680578,2025-01-03 14:21:38.346660,2025-01-03 14:22:45.318169,0 days 00:01:06.971509,2,140,170.0,,,,,,,,,,,,,,,,,,,COMPLETE
720,720,0.8782521803913657,2025-01-03 14:22:45.319135,2025-01-03 14:24:04.735732,0 days 00:01:19.416597,2,200,185.0,,,,,,,,,,,,,,,,,,,COMPLETE
721,721,0.8723782370363249,2025-01-03 14:24:04.736441,2025-01-03 14:25:46.870032,0 days 00:01:42.133591,4,145,200.0,,,,,,,,,,,35.0,160.0,,,,,,,COMPLETE
722,722,0.8746591589761841,2025-01-03 14:25:46.870742,2025-01-03 14:27:05.386709,0 days 00:01:18.515967,3,130,145.0,,,,,,,,,,,75.0,,,,,,,,COMPLETE
723,723,0.8729881677426943,2025-01-03 14:27:05.387739,2025-01-03 14:28:18.426864,0 days 00:01:13.039125,3,175,25.0,,,,,,,,,,,155.0,,,,,,,,COMPLETE
724,724,0.8800062769089319,2025-01-03 14:28:18.427928,2025-01-03 14:29:34.444113,0 days 00:01:16.016185,2,185,180.0,,,,,,,,,,,,,,,,,,,COMPLETE
725,725,0.879207182426334,2025-01-03 14:29:34.444789,2025-01-03 14:30:14.578897,0 days 00:00:40.134108,1,135,,,,,,,,,,,,,,,,,,,,COMPLETE
726,726,0.8801808526020032,2025-01-03 14:30:14.579588,2025-01-03 14:31:20.342172,0 days 00:01:05.762584,2,125,190.0,,,,,,,,,,,,,,,,,,,COMPLETE
727,727,0.8809038487284495,2025-01-03 14:31:20.343164,2025-01-03 14:32:22.455153,0 days 00:01:02.111989,2,105,175.0,,,,,,,,,,,,,,,,,,,COMPLETE
728,728,0.880982266573179,2025-01-03 14:32:22.455849,2025-01-03 14:33:56.132726,0 days 00:01:33.676877,3,110,190.0,,,,,,,,,,,170.0,,,,,,,,COMPLETE
729,729,0.8794852412141583,2025-01-03 14:33:56.133436,2025-01-03 14:34:37.619200,0 days 00:00:41.485764,1,160,,,,,,,,,,,,,,,,,,,,COMPLETE
730,730,0.8817945073021523,2025-01-03 14:34:37.619877,2025-01-03 14:35:48.568735,0 days 00:01:10.948858,2,145,185.0,,,,,,,,,,,,,,,,,,,COMPLETE
731,731,0.8806279102571316,2025-01-03 14:35:48.569473,2025-01-03 14:37:28.198667,0 days 00:01:39.629194,3,150,165.0,,,,,,,,,,,185.0,,,,,,,,COMPLETE
732,732,0.8781700045261217,2025-01-03 14:37:28.199377,2025-01-03 14:38:27.948019,0 days 00:00:59.748642,2,120,145.0,,,,,,,,,,,,,,,,,,,COMPLETE
733,733,0.8797766350655285,2025-01-03 14:38:27.948723,2025-01-03 14:39:15.537726,0 days 00:00:47.589003,1,195,,,,,,,,,,,,,,,,,,,,COMPLETE
734,734,0.5708732931883025,2025-01-03 14:39:15.538569,2025-01-03 14:44:15.382629,0 days 00:04:59.844060,14,140,195.0,40.0,125.0,190.0,180.0,,,,,,,120.0,180.0,185.0,200.0,20.0,45.0,120.0,90.0,COMPLETE
735,735,0.8812584312504677,2025-01-03 14:44:15.383432,2025-01-03 14:45:19.352875,0 days 00:01:03.969443,2,125,180.0,,,,,,,,,,,,,,,,,,,COMPLETE
736,736,0.8783105897191524,2025-01-03 14:45:19.353931,2025-01-03 14:46:57.464013,0 days 00:01:38.110082,3,165,160.0,,,,,,,,,,,165.0,,,,,,,,COMPLETE
737,737,0.8751407803202929,2025-01-03 14:46:57.464698,2025-01-03 14:48:36.890966,0 days 00:01:39.426268,3,190,200.0,,,,,,,,,,,105.0,,,,,,,,COMPLETE
738,738,0.8744431303295471,2025-01-03 14:48:36.891686,2025-01-03 14:49:46.325836,0 days 00:01:09.434150,2,130,190.0,,,,,,,,,,,,,,,,,,,COMPLETE
739,739,0.8741862051790246,2025-01-03 14:49:46.326539,2025-01-03 14:50:30.692614,0 days 00:00:44.366075,1,180,,,,,,,,,,,,,,,,,,,,COMPLETE
740,740,0.8810316758842915,2025-01-03 14:50:30.693511,2025-01-03 14:51:34.658951,0 days 00:01:03.965440,2,120,185.0,,,,,,,,,,,,,,,,,,,COMPLETE
741,741,0.5587551190422712,2025-01-03 14:51:34.659667,2025-01-03 14:54:39.347414,0 days 00:03:04.687747,9,155,170.0,,,,,,,,,,,10.0,125.0,95.0,165.0,145.0,165.0,60.0,,COMPLETE
742,742,0.8772671557042835,2025-01-03 14:54:39.348181,2025-01-03 14:56:33.964024,0 days 00:01:54.615843,4,135,160.0,,,,,,,,,,,190.0,120.0,,,,,,,COMPLETE
743,743,0.8782213681299444,2025-01-03 14:56:33.964763,2025-01-03 14:57:54.924376,0 days 00:01:20.959613,2,200,190.0,,,,,,,,,,,,,,,,,,,COMPLETE
744,744,0.8761200011835497,2025-01-03 14:57:54.925099,2025-01-03 14:59:29.427242,0 days 00:01:34.502143,3,190,140.0,,,,,,,,,,,145.0,,,,,,,,COMPLETE
745,745,0.8779377357673852,2025-01-03 14:59:29.427946,2025-01-03 15:01:09.134181,0 days 00:01:39.706235,3,175,150.0,,,,,,,,,,,175.0,,,,,,,,COMPLETE
746,746,0.8792444677919413,2025-01-03 15:01:09.134882,2025-01-03 15:02:22.614063,0 days 00:01:13.479181,2,145,195.0,,,,,,,,,,,,,,,,,,,COMPLETE
747,747,0.8746587269017247,2025-01-03 15:02:22.614772,2025-01-03 15:03:09.655530,0 days 00:00:47.040758,1,185,,,,,,,,,,,,,,,,,,,,COMPLETE
748,748,0.8806163688511082,2025-01-03 15:03:09.656234,2025-01-03 15:05:01.344174,0 days 00:01:51.687940,5,125,185.0,,,,,,,,,,,90.0,150.0,25.0,,,,,,COMPLETE
749,749,0.8777503278149248,2025-01-03 15:05:01.345276,2025-01-03 15:06:04.502979,0 days 00:01:03.157703,2,115,175.0,,,,,,,,,,,,,,,,,,,COMPLETE
750,750,0.8794526060405474,2025-01-03 15:06:04.503689,2025-01-03 15:07:39.792539,0 days 00:01:35.288850,4,135,130.0,,,,,,,,,,,130.0,65.0,,,,,,,COMPLETE
751,751,0.8792075677866327,2025-01-03 15:07:39.793271,2025-01-03 15:08:49.715523,0 days 00:01:09.922252,2,150,180.0,,,,,,,,,,,,,,,,,,,COMPLETE
752,752,0.8827861172859479,2025-01-03 15:08:49.716198,2025-01-03 15:09:29.737175,0 days 00:00:40.020977,1,140,,,,,,,,,,,,,,,,,,,,COMPLETE
753,753,0.8691309773532718,2025-01-03 15:09:29.737870,2025-01-03 15:11:06.353744,0 days 00:01:36.615874,6,120,170.0,,,,,,,,,,,200.0,75.0,45.0,50.0,,,,,COMPLETE
754,754,0.8850234785094925,2025-01-03 15:11:06.354482,2025-01-03 15:12:41.764755,0 days 00:01:35.410273,3,110,200.0,,,,,,,,,,,180.0,,,,,,,,COMPLETE
755,755,0.8763655305696565,2025-01-03 15:12:41.765802,2025-01-03 15:14:24.685762,0 days 00:01:42.919960,4,110,195.0,,,,,,,,,,,180.0,5.0,,,,,,,COMPLETE
756,756,0.8722443347877444,2025-01-03 15:14:24.686505,2025-01-03 15:16:32.507116,0 days 00:02:07.820611,4,105,200.0,,,,,,,,,,,185.0,190.0,,,,,,,COMPLETE
757,757,0.8740072911247043,2025-01-03 15:16:32.507865,2025-01-03 15:18:10.322018,0 days 00:01:37.814153,3,110,200.0,,,,,,,,,,,190.0,,,,,,,,COMPLETE
758,758,0.8771390374331551,2025-01-03 15:18:10.323120,2025-01-03 15:19:50.256464,0 days 00:01:39.933344,3,110,200.0,,,,,,,,,,,195.0,,,,,,,,COMPLETE
759,759,0.8758799204520344,2025-01-03 15:19:50.257145,2025-01-03 15:21:38.090707,0 days 00:01:47.833562,4,105,200.0,,,,,,,,,,,190.0,50.0,,,,,,,COMPLETE
760,760,0.8800565257527283,2025-01-03 15:21:38.091444,2025-01-03 15:23:15.046220,0 days 00:01:36.954776,3,100,195.0,,,,,,,,,,,200.0,,,,,,,,COMPLETE
761,761,0.8794665449181236,2025-01-03 15:23:15.046903,2025-01-03 15:24:56.330046,0 days 00:01:41.283143,3,115,195.0,,,,,,,,,,,195.0,,,,,,,,COMPLETE
762,762,0.8791892717205254,2025-01-03 15:24:56.330760,2025-01-03 15:26:31.023300,0 days 00:01:34.692540,3,110,190.0,,,,,,,,,,,175.0,,,,,,,,COMPLETE
763,763,0.8822562447674552,2025-01-03 15:26:31.024011,2025-01-03 15:28:08.122438,0 days 00:01:37.098427,3,115,195.0,,,,,,,,,,,180.0,,,,,,,,COMPLETE
764,764,0.8708663244293628,2025-01-03 15:28:08.123148,2025-01-03 15:29:45.994807,0 days 00:01:37.871659,3,110,200.0,,,,,,,,,,,185.0,,,,,,,,COMPLETE
765,765,0.8819627957020351,2025-01-03 15:29:45.995536,2025-01-03 15:31:20.841576,0 days 00:01:34.846040,3,100,185.0,,,,,,,,,,,200.0,,,,,,,,COMPLETE
766,766,0.8800005401031699,2025-01-03 15:31:20.842285,2025-01-03 15:32:24.389403,0 days 00:01:03.547118,2,105,190.0,,,,,,,,,,,,,,,,,,,COMPLETE
767,767,0.8704440382754542,2025-01-03 15:32:24.390113,2025-01-03 15:34:32.537863,0 days 00:02:08.147750,4,120,200.0,,,,,,,,,,,170.0,200.0,,,,,,,COMPLETE
768,768,0.875565191760942,2025-01-03 15:34:32.538959,2025-01-03 15:36:09.445110,0 days 00:01:36.906151,3,115,195.0,,,,,,,,,,,180.0,,,,,,,,COMPLETE
769,769,0.8816610523423302,2025-01-03 15:36:09.445825,2025-01-03 15:37:28.094074,0 days 00:01:18.648249,2,195,180.0,,,,,,,,,,,,,,,,,,,COMPLETE
770,770,0.4977590004122885,2025-01-03 15:37:28.094791,2025-01-03 15:43:33.020173,0 days 00:06:04.925382,20,190,190.0,70.0,25.0,60.0,110.0,115.0,80.0,155.0,145.0,120.0,185.0,195.0,140.0,160.0,15.0,180.0,5.0,35.0,135.0,COMPLETE
771,771,0.8814535116873479,2025-01-03 15:43:33.021171,2025-01-03 15:44:37.294949,0 days 00:01:04.273778,2,125,175.0,,,,,,,,,,,,,,,,,,,COMPLETE
772,772,0.3446693824225137,2025-01-03 15:44:37.295688,2025-01-03 15:48:25.279080,0 days 00:03:47.983392,11,120,185.0,150.0,,,,,,,,,,185.0,100.0,75.0,30.0,95.0,145.0,135.0,115.0,COMPLETE
773,773,0.8772967511425482,2025-01-03 15:48:25.280080,2025-01-03 15:50:12.751998,0 days 00:01:47.471918,3,185,200.0,,,,,,,,,,,160.0,,,,,,,,COMPLETE
774,774,0.871940652355849,2025-01-03 15:50:12.752759,2025-01-03 15:51:15.119571,0 days 00:01:02.366812,2,110,185.0,,,,,,,,,,,,,,,,,,,COMPLETE
775,775,0.8799089630949843,2025-01-03 15:51:15.120302,2025-01-03 15:52:02.444307,0 days 00:00:47.324005,1,200,,,,,,,,,,,,,,,,,,,,COMPLETE
776,776,0.8771132454573598,2025-01-03 15:52:02.445383,2025-01-03 15:53:48.191126,0 days 00:01:45.745743,4,115,190.0,,,,,,,,,,,190.0,40.0,,,,,,,COMPLETE
777,777,0.8806610541707891,2025-01-03 15:53:48.192121,2025-01-03 15:54:55.568537,0 days 00:01:07.376416,2,125,195.0,,,,,,,,,,,,,,,,,,,COMPLETE
778,778,0.8698613583274208,2025-01-03 15:54:55.569602,2025-01-03 15:55:43.430965,0 days 00:00:47.861363,2,130,40.0,,,,,,,,,,,,,,,,,,,COMPLETE
779,779,0.8719828862857709,2025-01-03 15:55:43.431685,2025-01-03 15:57:17.903521,0 days 00:01:34.471836,3,195,95.0,,,,,,,,,,,200.0,,,,,,,,COMPLETE
780,780,0.8788271511603136,2025-01-03 15:57:17.904250,2025-01-03 15:58:22.966912,0 days 00:01:05.062662,2,170,110.0,,,,,,,,,,,,,,,,,,,COMPLETE
781,781,0.8750389847615638,2025-01-03 15:58:22.967663,2025-01-03 16:00:42.947433,0 days 00:02:19.979770,5,160,180.0,,,,,,,,,,,175.0,110.0,150.0,,,,,,COMPLETE
782,782,0.8814022548568061,2025-01-03 16:00:42.948450,2025-01-03 16:02:31.797964,0 days 00:01:48.849514,3,185,190.0,,,,,,,,,,,170.0,,,,,,,,COMPLETE
783,783,0.8810268894087148,2025-01-03 16:02:31.798728,2025-01-03 16:03:16.410988,0 days 00:00:44.612260,1,180,,,,,,,,,,,,,,,,,,,,COMPLETE
784,784,0.880445058243069,2025-01-03 16:03:16.412108,2025-01-03 16:04:22.259065,0 days 00:01:05.846957,2,120,195.0,,,,,,,,,,,,,,,,,,,COMPLETE
785,785,0.8781306530246289,2025-01-03 16:04:22.259807,2025-01-03 16:05:59.985278,0 days 00:01:37.725471,3,115,180.0,,,,,,,,,,,195.0,,,,,,,,COMPLETE
786,786,0.8786163842508037,2025-01-03 16:05:59.986028,2025-01-03 16:07:19.160156,0 days 00:01:19.174128,3,105,170.0,,,,,,,,,,,110.0,,,,,,,,COMPLETE
787,787,0.8708930105003927,2025-01-03 16:07:19.160837,2025-01-03 16:08:04.786846,0 days 00:00:45.626009,1,190,,,,,,,,,,,,,,,,,,,,COMPLETE
788,788,0.8712167214832831,2025-01-03 16:08:04.787514,2025-01-03 16:09:10.424372,0 days 00:01:05.636858,2,130,175.0,,,,,,,,,,,,,,,,,,,COMPLETE
789,789,0.8763531811952073,2025-01-03 16:09:10.425339,2025-01-03 16:10:08.488858,0 days 00:00:58.063519,2,85,190.0,,,,,,,,,,,,,,,,,,,COMPLETE
790,790,0.8815928326836517,2025-01-03 16:10:08.489534,2025-01-03 16:11:40.737565,0 days 00:01:32.248031,3,200,185.0,,,,,,,,,,,70.0,,,,,,,,COMPLETE
791,791,0.8760359349439615,2025-01-03 16:11:40.738238,2025-01-03 16:12:56.779272,0 days 00:01:16.041034,2,175,200.0,,,,,,,,,,,,,,,,,,,COMPLETE
792,792,0.8772969914480172,2025-01-03 16:12:56.779952,2025-01-03 16:15:00.215080,0 days 00:02:03.435128,4,125,195.0,,,,,,,,,,,165.0,175.0,,,,,,,COMPLETE
793,793,0.8741808634696444,2025-01-03 16:15:00.215948,2025-01-03 16:15:35.449579,0 days 00:00:35.233631,1,120,,,,,,,,,,,,,,,,,,,,COMPLETE
794,794,0.879577820816239,2025-01-03 16:15:35.450250,2025-01-03 16:16:48.773810,0 days 00:01:13.323560,2,185,165.0,,,,,,,,,,,,,,,,,,,COMPLETE
795,795,0.879809252958855,2025-01-03 16:16:48.774493,2025-01-03 16:17:55.560393,0 days 00:01:06.785900,2,130,185.0,,,,,,,,,,,,,,,,,,,COMPLETE
796,796,0.8814028785737078,2025-01-03 16:17:55.561072,2025-01-03 16:19:28.332621,0 days 00:01:32.771549,3,115,175.0,,,,,,,,,,,185.0,,,,,,,,COMPLETE
797,797,0.8849979845533522,2025-01-03 16:19:28.333467,2025-01-03 16:20:29.557647,0 days 00:01:01.224180,2,110,185.0,,,,,,,,,,,,,,,,,,,COMPLETE
798,798,0.8759318837079026,2025-01-03 16:20:29.558332,2025-01-03 16:21:50.381916,0 days 00:01:20.823584,3,190,145.0,,,,,,,,,,,55.0,,,,,,,,COMPLETE
799,799,0.8764194599025135,2025-01-03 16:21:50.382622,2025-01-03 16:22:51.619552,0 days 00:01:01.236930,2,100,195.0,,,,,,,,,,,,,,,,,,,COMPLETE
800,800,0.8729890162827473,2025-01-03 16:22:51.620239,2025-01-03 16:23:26.767501,0 days 00:00:35.147262,1,110,,,,,,,,,,,,,,,,,,,,COMPLETE
801,801,0.8750195744871163,2025-01-03 16:23:26.768176,2025-01-03 16:24:27.232444,0 days 00:01:00.464268,2,110,180.0,,,,,,,,,,,,,,,,,,,COMPLETE
802,802,0.8786348724385802,2025-01-03 16:24:27.233320,2025-01-03 16:26:01.907574,0 days 00:01:34.674254,3,105,190.0,,,,,,,,,,,190.0,,,,,,,,COMPLETE
803,803,0.8669723912895005,2025-01-03 16:26:01.908272,2025-01-03 16:26:36.648779,0 days 00:00:34.740507,1,105,,,,,,,,,,,,,,,,,,,,COMPLETE
804,804,0.8783768271377879,2025-01-03 16:26:36.649295,2025-01-03 16:28:24.654386,0 days 00:01:48.005091,4,165,140.0,,,,,,,,,,,180.0,90.0,,,,,,,COMPLETE
805,805,0.8809561203253714,2025-01-03 16:28:24.655058,2025-01-03 16:29:45.872501,0 days 00:01:21.217443,2,195,200.0,,,,,,,,,,,,,,,,,,,COMPLETE
806,806,0.8788051571737491,2025-01-03 16:29:45.873168,2025-01-03 16:30:46.166321,0 days 00:01:00.293153,2,100,185.0,,,,,,,,,,,,,,,,,,,COMPLETE
807,807,0.8785042897118667,2025-01-03 16:30:46.166979,2025-01-03 16:32:14.053888,0 days 00:01:27.886909,3,105,160.0,,,,,,,,,,,200.0,,,,,,,,COMPLETE
808,808,0.872974208683639,2025-01-03 16:32:14.054732,2025-01-03 16:33:14.962715,0 days 00:01:00.907983,2,105,190.0,,,,,,,,,,,,,,,,,,,COMPLETE
809,809,0.8821013792340804,2025-01-03 16:33:14.963380,2025-01-03 16:34:45.047261,0 days 00:01:30.083881,3,110,180.0,,,,,,,,,,,165.0,,,,,,,,COMPLETE
810,810,0.8832324882400278,2025-01-03 16:34:45.048862,2025-01-03 16:35:57.496284,0 days 00:01:12.447422,2,155,200.0,,,,,,,,,,,,,,,,,,,COMPLETE
811,811,0.8689888533604992,2025-01-03 16:35:57.496968,2025-01-03 16:36:36.343540,0 days 00:00:38.846572,1,135,,,,,,,,,,,,,,,,,,,,COMPLETE
812,812,0.8748414887031435,2025-01-03 16:36:36.344213,2025-01-03 16:37:50.071655,0 days 00:01:13.727442,2,180,190.0,,,,,,,,,,,,,,,,,,,COMPLETE
813,813,0.15166602571394008,2025-01-03 16:37:50.072323,2025-01-03 16:42:51.671154,0 days 00:05:01.598831,18,110,175.0,115.0,160.0,130.0,75.0,40.0,130.0,45.0,60.0,,,95.0,30.0,175.0,70.0,200.0,70.0,185.0,80.0,COMPLETE
814,814,0.8788235056797276,2025-01-03 16:42:51.671957,2025-01-03 16:44:31.627774,0 days 00:01:39.955817,3,185,150.0,,,,,,,,,,,170.0,,,,,,,,COMPLETE
815,815,0.8699047268636748,2025-01-03 16:44:31.628467,2025-01-03 16:45:33.857604,0 days 00:01:02.229137,2,115,165.0,,,,,,,,,,,,,,,,,,,COMPLETE
816,816,0.8716562230894667,2025-01-03 16:45:33.858289,2025-01-03 16:47:00.864197,0 days 00:01:27.005908,3,140,120.0,,,,,,,,,,,195.0,,,,,,,,COMPLETE
817,817,0.10886605654407512,2025-01-03 16:47:00.864865,2025-01-03 16:52:08.998896,0 days 00:05:08.134031,16,200,185.0,130.0,115.0,30.0,30.0,110.0,25.0,,,,,175.0,135.0,85.0,105.0,35.0,90.0,195.0,200.0,COMPLETE
818,818,0.8782711892541293,2025-01-03 16:52:08.999904,2025-01-03 16:52:54.289596,0 days 00:00:45.289692,1,190,,,,,,,,,,,,,,,,,,,,COMPLETE
819,819,0.8787871131777467,2025-01-03 16:52:54.290280,2025-01-03 16:53:59.382959,0 days 00:01:05.092679,2,140,170.0,,,,,,,,,,,,,,,,,,,COMPLETE
820,820,0.8772586949931449,2025-01-03 16:53:59.383840,2025-01-03 16:56:17.193041,0 days 00:02:17.809201,4,150,195.0,,,,,,,,,,,185.0,195.0,,,,,,,COMPLETE
821,821,0.8738615357560588,2025-01-03 16:56:17.193868,2025-01-03 16:57:22.524456,0 days 00:01:05.330588,3,110,100.0,,,,,,,,,,,100.0,,,,,,,,COMPLETE
822,822,0.8862911392405064,2025-01-03 16:57:22.525138,2025-01-03 16:58:37.621589,0 days 00:01:15.096451,2,170,195.0,,,,,,,,,,,,,,,,,,,COMPLETE
823,823,0.8746623078358831,2025-01-03 16:58:37.622269,2025-01-03 16:59:18.251508,0 days 00:00:40.629239,1,155,,,,,,,,,,,,,,,,,,,,COMPLETE
824,824,0.4119022732063804,2025-01-03 16:59:18.252203,2025-01-03 17:02:11.034756,0 days 00:02:52.782553,10,170,200.0,,,,,,,,,,,150.0,180.0,100.0,145.0,165.0,155.0,170.0,30.0,COMPLETE
825,825,0.8771538758509012,2025-01-03 17:02:11.035668,2025-01-03 17:03:23.494496,0 days 00:01:12.458828,2,160,195.0,,,,,,,,,,,,,,,,,,,COMPLETE
826,826,0.879779639138028,2025-01-03 17:03:23.495199,2025-01-03 17:05:11.032771,0 days 00:01:47.537572,3,170,200.0,,,,,,,,,,,190.0,,,,,,,,COMPLETE
827,827,0.8723833086379476,2025-01-03 17:05:11.033600,2025-01-03 17:05:54.057583,0 days 00:00:43.023983,1,165,,,,,,,,,,,,,,,,,,,,COMPLETE
828,828,0.8805690139391646,2025-01-03 17:05:54.058235,2025-01-03 17:07:06.086315,0 days 00:01:12.028080,2,160,195.0,,,,,,,,,,,,,,,,,,,COMPLETE
829,829,0.878392167677882,2025-01-03 17:07:06.086996,2025-01-03 17:08:14.449666,0 days 00:01:08.362670,2,165,155.0,,,,,,,,,,,,,,,,,,,COMPLETE
830,830,0.8808450467763999,2025-01-03 17:08:14.450342,2025-01-03 17:09:47.830376,0 days 00:01:33.380034,3,160,195.0,,,,,,,,,,,115.0,,,,,,,,COMPLETE
831,831,0.8831910839964361,2025-01-03 17:09:47.831067,2025-01-03 17:10:58.802008,0 days 00:01:10.970941,2,165,175.0,,,,,,,,,,,,,,,,,,,COMPLETE
832,832,0.868925539252591,2025-01-03 17:10:58.802965,2025-01-03 17:12:06.311110,0 days 00:01:07.508145,3,170,5.0,,,,,,,,,,,160.0,,,,,,,,COMPLETE
833,833,0.8771477718037473,2025-01-03 17:12:06.311793,2025-01-03 17:12:49.318049,0 days 00:00:43.006256,1,175,,,,,,,,,,,,,,,,,,,,COMPLETE
834,834,0.8799340968149914,2025-01-03 17:12:49.318721,2025-01-03 17:14:01.969658,0 days 00:01:12.650937,2,155,200.0,,,,,,,,,,,,,,,,,,,COMPLETE
835,835,0.8733401914129038,2025-01-03 17:14:01.970561,2025-01-03 17:15:07.302324,0 days 00:01:05.331763,2,155,160.0,,,,,,,,,,,,,,,,,,,COMPLETE
836,836,0.8752125240196844,2025-01-03 17:15:07.303198,2025-01-03 17:16:47.696102,0 days 00:01:40.392904,3,175,150.0,,,,,,,,,,,200.0,,,,,,,,COMPLETE
837,837,0.874315812813089,2025-01-03 17:16:47.697247,2025-01-03 17:18:24.027471,0 days 00:01:36.330224,4,150,60.0,,,,,,,,,,,155.0,145.0,,,,,,,COMPLETE
838,838,0.884986409608091,2025-01-03 17:18:24.028189,2025-01-03 17:19:34.519768,0 days 00:01:10.491579,2,160,190.0,,,,,,,,,,,,,,,,,,,COMPLETE
839,839,0.877726674754286,2025-01-03 17:19:34.520472,2025-01-03 17:21:42.985238,0 days 00:02:08.464766,4,160,190.0,,,,,,,,,,,190.0,160.0,,,,,,,COMPLETE
840,840,0.2942183230260319,2025-01-03 17:21:42.986157,2025-01-03 17:25:22.868556,0 days 00:03:39.882399,12,165,195.0,15.0,190.0,,,,,,,,,180.0,55.0,30.0,135.0,65.0,35.0,130.0,105.0,COMPLETE
841,841,0.8773349109845726,2025-01-03 17:25:22.869462,2025-01-03 17:26:33.307394,0 days 00:01:10.437932,2,160,190.0,,,,,,,,,,,,,,,,,,,COMPLETE
842,842,0.7687887980392552,2025-01-03 17:26:33.308079,2025-01-03 17:28:50.964972,0 days 00:02:17.656893,7,160,190.0,,,,,,,,,,,195.0,125.0,55.0,190.0,105.0,,,,COMPLETE
843,843,0.8782937524390904,2025-01-03 17:28:50.965892,2025-01-03 17:29:33.296025,0 days 00:00:42.330133,1,165,,,,,,,,,,,,,,,,,,,,COMPLETE
844,844,0.871594040790409,2025-01-03 17:29:33.296548,2025-01-03 17:30:59.773620,0 days 00:01:26.477072,3,170,195.0,,,,,,,,,,,45.0,,,,,,,,COMPLETE
845,845,0.8769679133837833,2025-01-03 17:30:59.774306,2025-01-03 17:32:10.115339,0 days 00:01:10.341033,2,160,185.0,,,,,,,,,,,,,,,,,,,COMPLETE
846,846,0.8697065992215329,2025-01-03 17:32:10.116018,2025-01-03 17:33:38.963408,0 days 00:01:28.847390,3,155,195.0,,,,,,,,,,,80.0,,,,,,,,COMPLETE
847,847,0.8781010043424872,2025-01-03 17:33:38.964100,2025-01-03 17:34:52.702473,0 days 00:01:13.738373,2,165,190.0,,,,,,,,,,,,,,,,,,,COMPLETE
848,848,0.8715347923681257,2025-01-03 17:34:52.703492,2025-01-03 17:35:32.920744,0 days 00:00:40.217252,1,160,,,,,,,,,,,,,,,,,,,,COMPLETE
849,849,0.8846779903594907,2025-01-03 17:35:32.921422,2025-01-03 17:36:43.958916,0 days 00:01:11.037494,2,150,200.0,,,,,,,,,,,,,,,,,,,COMPLETE
850,850,0.8764085068330709,2025-01-03 17:36:43.959763,2025-01-03 17:38:11.296039,0 days 00:01:27.336276,3,155,185.0,,,,,,,,,,,90.0,,,,,,,,COMPLETE
851,851,0.8799543875319917,2025-01-03 17:38:11.296928,2025-01-03 17:39:15.677035,0 days 00:01:04.380107,2,170,125.0,,,,,,,,,,,,,,,,,,,COMPLETE
852,852,0.8730339928970066,2025-01-03 17:39:15.677749,2025-01-03 17:39:56.552408,0 days 00:00:40.874659,1,155,,,,,,,,,,,,,,,,,,,,COMPLETE
853,853,0.8822515251555102,2025-01-03 17:39:56.552948,2025-01-03 17:41:06.146970,0 days 00:01:09.594022,2,145,190.0,,,,,,,,,,,,,,,,,,,COMPLETE
854,854,0.8807635981494992,2025-01-03 17:41:06.147684,2025-01-03 17:42:43.207411,0 days 00:01:37.059727,3,175,135.0,,,,,,,,,,,200.0,,,,,,,,COMPLETE
855,855,0.8722549496583647,2025-01-03 17:42:43.208309,2025-01-03 17:43:40.515773,0 days 00:00:57.307464,2,165,70.0,,,,,,,,,,,,,,,,,,,COMPLETE
856,856,0.8782776657449629,2025-01-03 17:43:40.516487,2025-01-03 17:44:52.091370,0 days 00:01:11.574883,2,150,195.0,,,,,,,,,,,,,,,,,,,COMPLETE
857,857,0.8811594014298656,2025-01-03 17:44:52.092076,2025-01-03 17:46:40.135644,0 days 00:01:48.043568,3,170,200.0,,,,,,,,,,,185.0,,,,,,,,COMPLETE
858,858,0.877340102634588,2025-01-03 17:46:40.136365,2025-01-03 17:48:27.937664,0 days 00:01:47.801299,4,115,185.0,,,,,,,,,,,110.0,170.0,,,,,,,COMPLETE
859,859,0.8708604812137154,2025-01-03 17:48:27.938387,2025-01-03 17:49:08.314061,0 days 00:00:40.375674,1,145,,,,,,,,,,,,,,,,,,,,COMPLETE
860,860,0.8811864600165589,2025-01-03 17:49:08.314761,2025-01-03 17:50:40.509460,0 days 00:01:32.194699,3,135,185.0,,,,,,,,,,,135.0,,,,,,,,COMPLETE
861,861,0.8682492343966691,2025-01-03 17:50:40.510349,2025-01-03 17:52:29.580009,0 days 00:01:49.069660,5,155,155.0,,,,,,,,,,,150.0,70.0,10.0,,,,,,COMPLETE
862,862,0.8824005177359582,2025-01-03 17:52:29.580939,2025-01-03 17:53:31.959504,0 days 00:01:02.378565,2,110,190.0,,,,,,,,,,,,,,,,,,,COMPLETE
863,863,0.8530528337757253,2025-01-03 17:53:31.960219,2025-01-03 17:54:17.578351,0 days 00:00:45.618132,2,10,195.0,,,,,,,,,,,,,,,,,,,COMPLETE
864,864,0.8840877784316963,2025-01-03 17:54:17.578909,2025-01-03 17:55:29.104529,0 days 00:01:11.525620,2,165,180.0,,,,,,,,,,,,,,,,,,,COMPLETE
865,865,0.8818326731408126,2025-01-03 17:55:29.105252,2025-01-03 17:56:55.054577,0 days 00:01:25.949325,3,120,145.0,,,,,,,,,,,175.0,,,,,,,,COMPLETE
866,866,0.8722034339229969,2025-01-03 17:56:55.055300,2025-01-03 17:58:04.142259,0 days 00:01:09.086959,2,140,200.0,,,,,,,,,,,,,,,,,,,COMPLETE
867,867,0.8736851890267052,2025-01-03 17:58:04.142949,2025-01-03 17:58:44.879869,0 days 00:00:40.736920,1,160,,,,,,,,,,,,,,,,,,,,COMPLETE
868,868,0.8720592265768377,2025-01-03 17:58:44.880561,2025-01-03 18:00:08.253150,0 days 00:01:23.372589,3,150,140.0,,,,,,,,,,,125.0,,,,,,,,COMPLETE
869,869,0.8736080337652188,2025-01-03 18:00:08.254132,2025-01-03 18:00:43.872800,0 days 00:00:35.618668,1,115,,,,,,,,,,,,,,,,,,,,COMPLETE
870,870,0.8736860985739394,2025-01-03 18:00:43.873451,2025-01-03 18:01:47.357050,0 days 00:01:03.483599,2,145,150.0,,,,,,,,,,,,,,,,,,,COMPLETE
871,871,0.877649251761035,2025-01-03 18:01:47.357775,2025-01-03 18:03:08.580257,0 days 00:01:21.222482,3,105,190.0,,,,,,,,,,,105.0,,,,,,,,COMPLETE
872,872,0.8748855114295042,2025-01-03 18:03:08.581067,2025-01-03 18:04:43.511478,0 days 00:01:34.930411,3,135,195.0,,,,,,,,,,,145.0,,,,,,,,COMPLETE
873,873,0.8862861146521106,2025-01-03 18:04:43.512213,2025-01-03 18:05:41.708794,0 days 00:00:58.196581,2,100,180.0,,,,,,,,,,,,,,,,,,,COMPLETE
874,874,0.8656771522752578,2025-01-03 18:05:41.709518,2025-01-03 18:06:14.875993,0 days 00:00:33.166475,1,100,,,,,,,,,,,,,,,,,,,,COMPLETE
875,875,0.8773533637512826,2025-01-03 18:06:14.876686,2025-01-03 18:06:47.819479,0 days 00:00:32.942793,1,95,,,,,,,,,,,,,,,,,,,,COMPLETE
876,876,0.8725230069213022,2025-01-03 18:06:47.820085,2025-01-03 18:08:32.141050,0 days 00:01:44.320965,6,110,155.0,,,,,,,,,,,60.0,95.0,110.0,5.0,,,,,COMPLETE
877,877,0.8711800059141145,2025-01-03 18:08:32.141780,2025-01-03 18:09:30.417133,0 days 00:00:58.275353,2,90,185.0,,,,,,,,,,,,,,,,,,,COMPLETE
878,878,0.8854252924824775,2025-01-03 18:09:30.417830,2025-01-03 18:10:30.165571,0 days 00:00:59.747741,2,95,190.0,,,,,,,,,,,,,,,,,,,COMPLETE
879,879,0.8843319476050632,2025-01-03 18:10:30.166267,2025-01-03 18:11:24.077978,0 days 00:00:53.911711,2,85,160.0,,,,,,,,,,,,,,,,,,,COMPLETE
880,880,0.8724482531212998,2025-01-03 18:11:24.078681,2025-01-03 18:11:57.355160,0 days 00:00:33.276479,1,95,,,,,,,,,,,,,,,,,,,,COMPLETE
881,881,0.881408506469908,2025-01-03 18:11:57.355881,2025-01-03 18:12:55.685323,0 days 00:00:58.329442,2,100,180.0,,,,,,,,,,,,,,,,,,,COMPLETE
882,882,0.8791683285125836,2025-01-03 18:12:55.686003,2025-01-03 18:14:00.676375,0 days 00:01:04.990372,2,110,200.0,,,,,,,,,,,,,,,,,,,COMPLETE
883,883,0.8804929841383498,2025-01-03 18:14:00.677068,2025-01-03 18:15:00.591289,0 days 00:00:59.914221,2,95,190.0,,,,,,,,,,,,,,,,,,,COMPLETE
884,884,0.8741851323524866,2025-01-03 18:15:00.591993,2025-01-03 18:16:00.206067,0 days 00:00:59.614074,2,90,195.0,,,,,,,,,,,,,,,,,,,COMPLETE
885,885,0.8737857965300677,2025-01-03 18:16:00.206784,2025-01-03 18:16:34.967844,0 days 00:00:34.761060,1,105,,,,,,,,,,,,,,,,,,,,COMPLETE
886,886,0.880026340154959,2025-01-03 18:16:34.968548,2025-01-03 18:17:30.533904,0 days 00:00:55.565356,2,100,150.0,,,,,,,,,,,,,,,,,,,COMPLETE
887,887,0.8806602717781229,2025-01-03 18:17:30.534607,2025-01-03 18:18:29.161849,0 days 00:00:58.627242,2,90,185.0,,,,,,,,,,,,,,,,,,,COMPLETE
888,888,0.878967173688797,2025-01-03 18:18:29.162578,2025-01-03 18:19:02.301790,0 days 00:00:33.139212,1,95,,,,,,,,,,,,,,,,,,,,COMPLETE
889,889,0.8722103314965575,2025-01-03 18:19:02.302325,2025-01-03 18:19:35.080943,0 days 00:00:32.778618,1,95,,,,,,,,,,,,,,,,,,,,COMPLETE
890,890,0.8781593277315273,2025-01-03 18:19:35.081652,2025-01-03 18:20:32.142642,0 days 00:00:57.060990,2,95,165.0,,,,,,,,,,,,,,,,,,,COMPLETE
891,891,0.8808992552232636,2025-01-03 18:20:32.143336,2025-01-03 18:21:30.795807,0 days 00:00:58.652471,2,85,200.0,,,,,,,,,,,,,,,,,,,COMPLETE
892,892,0.8825296587133993,2025-01-03 18:21:30.796545,2025-01-03 18:22:25.275134,0 days 00:00:54.478589,2,80,180.0,,,,,,,,,,,,,,,,,,,COMPLETE
893,893,0.8796302427862501,2025-01-03 18:22:25.275832,2025-01-03 18:23:25.419352,0 days 00:01:00.143520,2,100,190.0,,,,,,,,,,,,,,,,,,,COMPLETE
894,894,0.8808761696437049,2025-01-03 18:23:25.420101,2025-01-03 18:24:20.260548,0 days 00:00:54.840447,2,90,155.0,,,,,,,,,,,,,,,,,,,COMPLETE
895,895,0.860795332965113,2025-01-03 18:24:20.261281,2025-01-03 18:24:53.696096,0 days 00:00:33.434815,1,100,,,,,,,,,,,,,,,,,,,,COMPLETE
896,896,0.8766245078950454,2025-01-03 18:24:53.696656,2025-01-03 18:25:54.503574,0 days 00:01:00.806918,2,95,195.0,,,,,,,,,,,,,,,,,,,COMPLETE
897,897,0.5488167562962234,2025-01-03 18:25:54.504322,2025-01-03 18:28:41.320303,0 days 00:02:46.815981,8,100,185.0,,,,,,,,,,,160.0,115.0,195.0,115.0,10.0,55.0,,,COMPLETE
898,898,0.5441332156102413,2025-01-03 18:28:41.321257,2025-01-03 18:31:42.458952,0 days 00:03:01.137695,9,90,160.0,,,,,,,,,,,135.0,15.0,130.0,95.0,115.0,195.0,155.0,,COMPLETE
899,899,0.875599653654171,2025-01-03 18:31:42.459897,2025-01-03 18:32:42.198309,0 days 00:00:59.738412,2,105,180.0,,,,,,,,,,,,,,,,,,,COMPLETE
900,900,0.8751629408901499,2025-01-03 18:32:42.199029,2025-01-03 18:33:53.307760,0 days 00:01:11.108731,3,105,145.0,,,,,,,,,,,80.0,,,,,,,,COMPLETE
901,901,0.8748325876662071,2025-01-03 18:33:53.308500,2025-01-03 18:34:28.040008,0 days 00:00:34.731508,1,105,,,,,,,,,,,,,,,,,,,,COMPLETE
902,902,0.8768741861667417,2025-01-03 18:34:28.040576,2025-01-03 18:35:27.958046,0 days 00:00:59.917470,2,95,190.0,,,,,,,,,,,,,,,,,,,COMPLETE
903,903,0.8876873781718446,2025-01-03 18:35:27.958767,2025-01-03 18:36:53.849577,0 days 00:01:25.890810,3,100,200.0,,,,,,,,,,,130.0,,,,,,,,COMPLETE
904,904,0.8734483469386962,2025-01-03 18:36:53.850474,2025-01-03 18:38:17.816135,0 days 00:01:23.965661,3,110,200.0,,,,,,,,,,,115.0,,,,,,,,COMPLETE
905,905,0.8803408563801519,2025-01-03 18:38:17.817045,2025-01-03 18:39:37.097425,0 days 00:01:19.280380,3,100,200.0,,,,,,,,,,,100.0,,,,,,,,COMPLETE
906,906,0.8718738621181006,2025-01-03 18:39:37.098354,2025-01-03 18:41:25.731755,0 days 00:01:48.633401,4,95,200.0,,,,,,,,,,,120.0,185.0,,,,,,,COMPLETE
907,907,0.879708054891032,2025-01-03 18:41:25.732526,2025-01-03 18:42:51.343398,0 days 00:01:25.610872,3,100,200.0,,,,,,,,,,,130.0,,,,,,,,COMPLETE
908,908,0.8795273588477973,2025-01-03 18:42:51.344312,2025-01-03 18:44:08.648419,0 days 00:01:17.304107,3,95,195.0,,,,,,,,,,,85.0,,,,,,,,COMPLETE
909,909,0.8711960555580192,2025-01-03 18:44:08.649156,2025-01-03 18:45:49.672476,0 days 00:01:41.023320,5,100,200.0,,,,,,,,,,,110.0,25.0,65.0,,,,,,COMPLETE
910,910,0.8816130387290786,2025-01-03 18:45:49.673268,2025-01-03 18:47:09.130589,0 days 00:01:19.457321,3,85,195.0,,,,,,,,,,,105.0,,,,,,,,COMPLETE
911,911,0.8787586001208966,2025-01-03 18:47:09.131532,2025-01-03 18:48:41.705693,0 days 00:01:32.574161,4,105,105.0,,,,,,,,,,,125.0,150.0,,,,,,,COMPLETE
912,912,0.4952637742335789,2025-01-03 18:48:41.706461,2025-01-03 18:52:06.720206,0 days 00:03:25.013745,11,95,195.0,90.0,,,,,,,,,,115.0,130.0,180.0,40.0,150.0,105.0,100.0,15.0,COMPLETE
913,913,0.874708473475395,2025-01-03 18:52:06.721075,2025-01-03 18:53:28.915434,0 days 00:01:22.194359,3,100,200.0,,,,,,,,,,,120.0,,,,,,,,COMPLETE
914,914,0.8805606055997386,2025-01-03 18:53:28.916200,2025-01-03 18:54:40.606317,0 days 00:01:11.690117,3,90,155.0,,,,,,,,,,,95.0,,,,,,,,COMPLETE
915,915,0.8764903929311211,2025-01-03 18:54:40.607079,2025-01-03 18:56:24.884947,0 days 00:01:44.277868,4,105,165.0,,,,,,,,,,,125.0,155.0,,,,,,,COMPLETE
916,916,0.8730874312802549,2025-01-03 18:56:24.885726,2025-01-03 18:57:44.624136,0 days 00:01:19.738410,3,100,200.0,,,,,,,,,,,95.0,,,,,,,,COMPLETE
917,917,0.8772437189131097,2025-01-03 18:57:44.624886,2025-01-03 18:59:36.926726,0 days 00:01:52.301840,4,115,150.0,,,,,,,,,,,130.0,200.0,,,,,,,COMPLETE
918,918,0.8765938490351879,2025-01-03 18:59:36.927666,2025-01-03 19:01:00.271398,0 days 00:01:23.343732,3,100,195.0,,,,,,,,,,,110.0,,,,,,,,COMPLETE
919,919,0.8845708549986655,2025-01-03 19:01:00.272185,2025-01-03 19:02:03.130593,0 days 00:01:02.858408,2,105,200.0,,,,,,,,,,,,,,,,,,,COMPLETE
920,920,0.8708195814360198,2025-01-03 19:02:03.131351,2025-01-03 19:03:22.534622,0 days 00:01:19.403271,3,110,140.0,,,,,,,,,,,135.0,,,,,,,,COMPLETE
921,921,0.8816934016445166,2025-01-03 19:03:22.535396,2025-01-03 19:04:17.963422,0 days 00:00:55.428026,2,95,160.0,,,,,,,,,,,,,,,,,,,COMPLETE
922,922,0.87597696807145,2025-01-03 19:04:17.964056,2025-01-03 19:05:05.121653,0 days 00:00:47.157597,2,50,145.0,,,,,,,,,,,,,,,,,,,COMPLETE
923,923,0.8782328279032505,2025-01-03 19:05:05.122346,2025-01-03 19:06:02.287293,0 days 00:00:57.164947,3,90,50.0,,,,,,,,,,,100.0,,,,,,,,COMPLETE
924,924,0.21414224291546136,2025-01-03 19:06:02.288536,2025-01-03 19:10:24.834193,0 days 00:04:22.545657,13,105,195.0,45.0,170.0,150.0,,,,,,,,145.0,80.0,120.0,125.0,75.0,175.0,145.0,70.0,COMPLETE
925,925,0.8566726905121953,2025-01-03 19:10:24.835220,2025-01-03 19:10:53.854429,0 days 00:00:29.019209,2,30,20.0,,,,,,,,,,,,,,,,,,,COMPLETE
926,926,0.8712624247295393,2025-01-03 19:10:53.855015,2025-01-03 19:11:29.552972,0 days 00:00:35.697957,1,115,,,,,,,,,,,,,,,,,,,,COMPLETE
927,927,0.8811670820887201,2025-01-03 19:11:29.553718,2025-01-03 19:12:25.595813,0 days 00:00:56.042095,2,100,150.0,,,,,,,,,,,,,,,,,,,COMPLETE
928,928,0.8794728020354761,2025-01-03 19:12:25.596593,2025-01-03 19:13:44.523754,0 days 00:01:18.927161,3,110,185.0,,,,,,,,,,,75.0,,,,,,,,COMPLETE
929,929,0.8739315677794511,2025-01-03 19:13:44.524700,2025-01-03 19:15:06.519670,0 days 00:01:21.994970,3,125,190.0,,,,,,,,,,,85.0,,,,,,,,COMPLETE
930,930,0.8778363318639077,2025-01-03 19:15:06.520428,2025-01-03 19:16:48.850780,0 days 00:01:42.330352,4,105,165.0,,,,,,,,,,,120.0,140.0,,,,,,,COMPLETE
931,931,0.8782058672354244,2025-01-03 19:16:48.851723,2025-01-03 19:17:24.935292,0 days 00:00:36.083569,1,120,,,,,,,,,,,,,,,,,,,,COMPLETE
932,932,0.880768206979496,2025-01-03 19:17:24.935984,2025-01-03 19:18:29.747961,0 days 00:01:04.811977,2,115,185.0,,,,,,,,,,,,,,,,,,,COMPLETE
933,933,0.8803712387385383,2025-01-03 19:18:29.748733,2025-01-03 19:19:35.141509,0 days 00:01:05.392776,2,120,195.0,,,,,,,,,,,,,,,,,,,COMPLETE
934,934,0.8783649360768513,2025-01-03 19:19:35.142632,2025-01-03 19:20:58.710032,0 days 00:01:23.567400,3,125,175.0,,,,,,,,,,,105.0,,,,,,,,COMPLETE
935,935,0.8847445882984151,2025-01-03 19:20:58.710960,2025-01-03 19:21:56.322264,0 days 00:00:57.611304,2,105,160.0,,,,,,,,,,,,,,,,,,,COMPLETE
936,936,0.8762219552380659,2025-01-03 19:21:56.323014,2025-01-03 19:22:30.042838,0 days 00:00:33.719824,1,95,,,,,,,,,,,,,,,,,,,,COMPLETE
937,937,0.8862639954302032,2025-01-03 19:22:30.043418,2025-01-03 19:23:32.628850,0 days 00:01:02.585432,2,110,190.0,,,,,,,,,,,,,,,,,,,COMPLETE
938,938,0.8737783182855443,2025-01-03 19:23:32.629612,2025-01-03 19:24:56.128601,0 days 00:01:23.498989,3,115,195.0,,,,,,,,,,,90.0,,,,,,,,COMPLETE
939,939,0.8860799380940605,2025-01-03 19:24:56.129849,2025-01-03 19:26:04.804761,0 days 00:01:08.674912,2,130,200.0,,,,,,,,,,,,,,,,,,,COMPLETE
940,940,0.8837721478063293,2025-01-03 19:26:04.805657,2025-01-03 19:27:13.332394,0 days 00:01:08.526737,2,130,200.0,,,,,,,,,,,,,,,,,,,COMPLETE
941,941,0.8791860831326543,2025-01-03 19:27:13.333375,2025-01-03 19:28:22.599115,0 days 00:01:09.265740,2,135,200.0,,,,,,,,,,,,,,,,,,,COMPLETE
942,942,0.8794435131610687,2025-01-03 19:28:22.599872,2025-01-03 19:29:56.900501,0 days 00:01:34.300629,3,130,200.0,,,,,,,,,,,140.0,,,,,,,,COMPLETE
943,943,0.8743832673736102,2025-01-03 19:29:56.901921,2025-01-03 19:30:35.984003,0 days 00:00:39.082082,1,130,,,,,,,,,,,,,,,,,,,,COMPLETE
944,944,0.5099140162148301,2025-01-03 19:30:35.984773,2025-01-03 19:36:13.104019,0 days 00:05:37.119246,17,90,200.0,180.0,55.0,180.0,170.0,80.0,125.0,85.0,,,,155.0,175.0,75.0,25.0,185.0,130.0,45.0,175.0,COMPLETE
945,945,0.878201801890825,2025-01-03 19:36:13.105070,2025-01-03 19:37:15.100264,0 days 00:01:01.995194,2,100,200.0,,,,,,,,,,,,,,,,,,,COMPLETE
946,946,0.8768613686169777,2025-01-03 19:37:15.101020,2025-01-03 19:38:56.657422,0 days 00:01:41.556402,3,135,200.0,,,,,,,,,,,165.0,,,,,,,,COMPLETE
947,947,0.8778430804464494,2025-01-03 19:38:56.658351,2025-01-03 19:40:23.318794,0 days 00:01:26.660443,3,125,195.0,,,,,,,,,,,115.0,,,,,,,,COMPLETE
948,948,0.8801003004225065,2025-01-03 19:40:23.319773,2025-01-03 19:41:26.808973,0 days 00:01:03.489200,2,130,155.0,,,,,,,,,,,,,,,,,,,COMPLETE
949,949,0.8710087450409734,2025-01-03 19:41:26.809816,2025-01-03 19:42:06.761800,0 days 00:00:39.951984,1,135,,,,,,,,,,,,,,,,,,,,COMPLETE
950,950,0.8816594904922911,2025-01-03 19:42:06.762559,2025-01-03 19:43:11.333519,0 days 00:01:04.570960,2,110,195.0,,,,,,,,,,,,,,,,,,,COMPLETE
951,951,0.8769713046831841,2025-01-03 19:43:11.334287,2025-01-03 19:45:02.170511,0 days 00:01:50.836224,4,105,195.0,,,,,,,,,,,105.0,190.0,,,,,,,COMPLETE
952,952,0.8738582828952415,2025-01-03 19:45:02.171450,2025-01-03 19:46:25.036163,0 days 00:01:22.864713,3,120,200.0,,,,,,,,,,,100.0,,,,,,,,COMPLETE
953,953,0.8706492662549481,2025-01-03 19:46:25.037361,2025-01-03 19:47:28.562254,0 days 00:01:03.524893,2,110,200.0,,,,,,,,,,,,,,,,,,,COMPLETE
954,954,0.8783795335714326,2025-01-03 19:47:28.563456,2025-01-03 19:48:02.659360,0 days 00:00:34.095904,1,100,,,,,,,,,,,,,,,,,,,,COMPLETE
955,955,0.8790606058740165,2025-01-03 19:48:02.660034,2025-01-03 19:49:08.252231,0 days 00:01:05.592197,2,130,170.0,,,,,,,,,,,,,,,,,,,COMPLETE
956,956,0.8834179649538653,2025-01-03 19:49:08.253388,2025-01-03 19:50:14.402032,0 days 00:01:06.148644,2,125,195.0,,,,,,,,,,,,,,,,,,,COMPLETE
957,957,0.8747850815078095,2025-01-03 19:50:14.402968,2025-01-03 19:51:32.379995,0 days 00:01:17.977027,3,140,155.0,,,,,,,,,,,65.0,,,,,,,,COMPLETE
958,958,0.8771742448551623,2025-01-03 19:51:32.380781,2025-01-03 19:52:25.307562,0 days 00:00:52.926781,2,75,145.0,,,,,,,,,,,,,,,,,,,COMPLETE
959,959,0.7248422096803997,2025-01-03 19:52:25.308321,2025-01-03 19:54:03.466817,0 days 00:01:38.158496,7,95,160.0,,,,,,,,,,,90.0,65.0,170.0,80.0,30.0,,,,COMPLETE
960,960,0.8755584675989748,2025-01-03 19:54:03.467664,2025-01-03 19:54:39.760965,0 days 00:00:36.293301,1,115,,,,,,,,,,,,,,,,,,,,COMPLETE
961,961,0.48493338142821596,2025-01-03 19:54:39.761729,2025-01-03 19:59:27.759022,0 days 00:04:47.997293,19,105,135.0,195.0,80.0,50.0,200.0,5.0,175.0,145.0,155.0,70.0,,110.0,100.0,35.0,50.0,85.0,40.0,70.0,40.0,COMPLETE
962,962,0.8809349950367618,2025-01-03 19:59:27.759935,2025-01-03 20:00:37.215685,0 days 00:01:09.455750,2,145,190.0,,,,,,,,,,,,,,,,,,,COMPLETE
963,963,0.8748483511053344,2025-01-03 20:00:37.216455,2025-01-03 20:02:10.923663,0 days 00:01:33.707208,3,140,195.0,,,,,,,,,,,140.0,,,,,,,,COMPLETE
964,964,0.8764505372321196,2025-01-03 20:02:10.924585,2025-01-03 20:03:30.010787,0 days 00:01:19.086202,3,135,150.0,,,,,,,,,,,95.0,,,,,,,,COMPLETE
965,965,0.880434408248443,2025-01-03 20:03:30.011579,2025-01-03 20:04:35.868265,0 days 00:01:05.856686,2,125,200.0,,,,,,,,,,,,,,,,,,,COMPLETE
966,966,0.8768742597311969,2025-01-03 20:04:35.869054,2025-01-03 20:06:26.130919,0 days 00:01:50.261865,4,90,195.0,,,,,,,,,,,130.0,165.0,,,,,,,COMPLETE
967,967,0.8785852531685086,2025-01-03 20:06:26.131696,2025-01-03 20:07:01.945649,0 days 00:00:35.813953,1,120,,,,,,,,,,,,,,,,,,,,COMPLETE
968,968,0.8724427629398905,2025-01-03 20:07:01.946440,2025-01-03 20:08:38.872496,0 days 00:01:36.926056,3,150,190.0,,,,,,,,,,,155.0,,,,,,,,COMPLETE
969,969,0.8767462988604444,2025-01-03 20:08:38.873275,2025-01-03 20:09:40.593873,0 days 00:01:01.720598,2,130,160.0,,,,,,,,,,,,,,,,,,,COMPLETE
970,970,0.8831500942224537,2025-01-03 20:09:40.594654,2025-01-03 20:10:42.107456,0 days 00:01:01.512802,2,95,195.0,,,,,,,,,,,,,,,,,,,COMPLETE
971,971,0.8710662192960243,2025-01-03 20:10:42.108301,2025-01-03 20:11:18.162867,0 days 00:00:36.054566,1,110,,,,,,,,,,,,,,,,,,,,COMPLETE
972,972,0.876720759135031,2025-01-03 20:11:18.163482,2025-01-03 20:12:19.211420,0 days 00:01:01.047938,2,115,165.0,,,,,,,,,,,,,,,,,,,COMPLETE
973,973,0.8705891641756021,2025-01-03 20:12:19.212215,2025-01-03 20:14:09.428428,0 days 00:01:50.216213,4,145,145.0,,,,,,,,,,,170.0,105.0,,,,,,,COMPLETE
974,974,0.8771508945568949,2025-01-03 20:14:09.429418,2025-01-03 20:15:32.751321,0 days 00:01:23.321903,3,100,200.0,,,,,,,,,,,120.0,,,,,,,,COMPLETE
975,975,0.8796508319508407,2025-01-03 20:15:32.752104,2025-01-03 20:16:49.715587,0 days 00:01:16.963483,2,200,180.0,,,,,,,,,,,,,,,,,,,COMPLETE
976,976,0.87429163709727,2025-01-03 20:16:49.716815,2025-01-03 20:18:17.485558,0 days 00:01:27.768743,3,170,170.0,,,,,,,,,,,70.0,,,,,,,,COMPLETE
977,977,0.8705277054321812,2025-01-03 20:18:17.486366,2025-01-03 20:19:25.440848,0 days 00:01:07.954482,2,135,190.0,,,,,,,,,,,,,,,,,,,COMPLETE
978,978,0.8821244325554038,2025-01-03 20:19:25.441653,2025-01-03 20:20:53.829743,0 days 00:01:28.388090,3,120,155.0,,,,,,,,,,,180.0,,,,,,,,COMPLETE
979,979,0.8839508519518062,2025-01-03 20:20:53.830857,2025-01-03 20:21:32.688030,0 days 00:00:38.857173,1,140,,,,,,,,,,,,,,,,,,,,COMPLETE
980,980,0.8758591257536331,2025-01-03 20:21:32.688801,2025-01-03 20:22:35.750665,0 days 00:01:03.061864,2,105,190.0,,,,,,,,,,,,,,,,,,,COMPLETE
981,981,0.886850028195216,2025-01-03 20:22:35.751456,2025-01-03 20:23:39.640352,0 days 00:01:03.888896,2,110,200.0,,,,,,,,,,,,,,,,,,,COMPLETE
982,982,0.8778065814687891,2025-01-03 20:23:39.641468,2025-01-03 20:24:20.450415,0 days 00:00:40.808947,1,150,,,,,,,,,,,,,,,,,,,,COMPLETE
983,983,0.8743923860445875,2025-01-03 20:24:20.451531,2025-01-03 20:25:01.906033,0 days 00:00:41.454502,1,155,,,,,,,,,,,,,,,,,,,,COMPLETE
984,984,0.8810202559176692,2025-01-03 20:25:01.906933,2025-01-03 20:26:07.880981,0 days 00:01:05.974048,2,115,195.0,,,,,,,,,,,,,,,,,,,COMPLETE
985,985,0.0040100250626566416,2025-01-03 20:26:07.881791,2025-01-03 20:30:19.801978,0 days 00:04:11.920187,15,105,150.0,105.0,100.0,5.0,145.0,180.0,,,,,,80.0,10.0,140.0,155.0,160.0,25.0,85.0,160.0,COMPLETE
986,986,0.8714322907707435,2025-01-03 20:30:19.802996,2025-01-03 20:30:57.415194,0 days 00:00:37.612198,1,125,,,,,,,,,,,,,,,,,,,,COMPLETE
987,987,0.8782848530360281,2025-01-03 20:30:57.415994,2025-01-03 20:32:00.413654,0 days 00:01:02.997660,2,110,190.0,,,,,,,,,,,,,,,,,,,COMPLETE
988,988,0.884449864032941,2025-01-03 20:32:00.414430,2025-01-03 20:33:03.336827,0 days 00:01:02.922397,2,140,160.0,,,,,,,,,,,,,,,,,,,COMPLETE
989,989,0.8809475739617687,2025-01-03 20:33:03.337755,2025-01-03 20:33:57.965764,0 days 00:00:54.628009,2,120,115.0,,,,,,,,,,,,,,,,,,,COMPLETE
990,990,0.8797079619421935,2025-01-03 20:33:57.966539,2025-01-03 20:34:36.233080,0 days 00:00:38.266541,1,130,,,,,,,,,,,,,,,,,,,,COMPLETE
991,991,0.8755836372018945,2025-01-03 20:34:36.233839,2025-01-03 20:35:57.774141,0 days 00:01:21.540302,2,200,200.0,,,,,,,,,,,,,,,,,,,COMPLETE
992,992,0.8742193080197709,2025-01-03 20:35:57.775059,2025-01-03 20:37:05.461746,0 days 00:01:07.686687,2,175,130.0,,,,,,,,,,,,,,,,,,,COMPLETE
993,993,0.8724727214377407,2025-01-03 20:37:05.462535,2025-01-03 20:37:37.855242,0 days 00:00:32.392707,1,85,,,,,,,,,,,,,,,,,,,,COMPLETE
994,994,0.8789662745314575,2025-01-03 20:37:37.856007,2025-01-03 20:39:28.613137,0 days 00:01:50.757130,5,130,140.0,,,,,,,,,,,85.0,115.0,105.0,,,,,,COMPLETE
995,995,0.86895147793877,2025-01-03 20:39:28.613942,2025-01-03 20:40:36.719299,0 days 00:01:08.105357,2,145,165.0,,,,,,,,,,,,,,,,,,,COMPLETE
996,996,0.8836148370638578,2025-01-03 20:40:36.720124,2025-01-03 20:41:40.748754,0 days 00:01:04.028630,2,125,180.0,,,,,,,,,,,,,,,,,,,COMPLETE
997,997,0.045838300680057883,2025-01-03 20:41:40.749543,2025-01-03 20:45:21.220230,0 days 00:03:40.470687,14,115,155.0,150.0,20.0,85.0,20.0,,,,,,,125.0,40.0,150.0,175.0,195.0,10.0,115.0,10.0,COMPLETE
998,998,0.8760456839266348,2025-01-03 20:45:21.221299,2025-01-03 20:46:23.735232,0 days 00:01:02.513933,2,100,195.0,,,,,,,,,,,,,,,,,,,COMPLETE
999,999,0.8787199141732778,2025-01-03 20:46:23.736050,2025-01-03 20:47:18.817551,0 days 00:00:55.081501,2,135,85.0,,,,,,,,,,,,,,,,,,,COMPLETE
