,number,value,datetime_start,datetime_complete,duration,params_depth,params_neurons_layer_0,params_neurons_layer_1,params_neurons_layer_10,params_neurons_layer_11,params_neurons_layer_12,params_neurons_layer_13,params_neurons_layer_14,params_neurons_layer_15,params_neurons_layer_16,params_neurons_layer_17,params_neurons_layer_18,params_neurons_layer_19,params_neurons_layer_2,params_neurons_layer_3,params_neurons_layer_4,params_neurons_layer_5,params_neurons_layer_6,params_neurons_layer_7,params_neurons_layer_8,params_neurons_layer_9,state
0,0,0.5105691056910568,2025-01-02 09:02:32.775843,2025-01-02 09:02:43.797120,0 days 00:00:11.021277,7,95,55.0,,,,,,,,,,,35.0,15.0,95.0,160.0,20.0,,,,COMPLETE
1,1,0.5948232951717272,2025-01-02 09:02:43.797764,2025-01-02 09:02:48.203623,0 days 00:00:04.405859,1,25,,,,,,,,,,,,,,,,,,,,COMPLETE
2,2,0.459830866807611,2025-01-02 09:02:48.204088,2025-01-02 09:03:15.798194,0 days 00:00:27.594106,9,140,15.0,,,,,,,,,,,10.0,55.0,145.0,190.0,75.0,25.0,190.0,,COMPLETE
3,3,0.34966216216216217,2025-01-02 09:03:15.798851,2025-01-02 09:03:26.883491,0 days 00:00:11.084640,8,60,160.0,,,,,,,,,,,80.0,190.0,90.0,135.0,175.0,30.0,,,COMPLETE
4,4,0.2115384615384615,2025-01-02 09:03:26.884090,2025-01-02 09:04:00.504622,0 days 00:00:33.620532,11,90,100.0,5.0,,,,,,,,,,80.0,35.0,85.0,45.0,95.0,50.0,50.0,150.0,COMPLETE
5,5,0.5954545454545455,2025-01-02 09:04:00.505487,2025-01-02 09:04:09.085320,0 days 00:00:08.579833,5,5,180.0,,,,,,,,,,,175.0,20.0,155.0,,,,,,COMPLETE
6,6,0.4017094017094017,2025-01-02 09:04:09.085911,2025-01-02 09:04:47.379975,0 days 00:00:38.294064,13,55,135.0,10.0,65.0,185.0,,,,,,,,95.0,30.0,5.0,55.0,150.0,55.0,180.0,20.0,COMPLETE
7,7,0.5871975806451613,2025-01-02 09:04:47.380728,2025-01-02 09:05:28.232317,0 days 00:00:40.851589,14,95,165.0,45.0,80.0,120.0,75.0,,,,,,,190.0,150.0,100.0,30.0,175.0,190.0,105.0,5.0,COMPLETE
8,8,0.3798319327731092,2025-01-02 09:05:28.233091,2025-01-02 09:06:26.627051,0 days 00:00:58.393960,20,115,170.0,135.0,85.0,65.0,160.0,100.0,120.0,165.0,145.0,60.0,125.0,195.0,5.0,30.0,145.0,175.0,55.0,100.0,35.0,COMPLETE
9,9,0.5689655172413792,2025-01-02 09:06:26.640244,2025-01-02 09:07:08.421967,0 days 00:00:41.781723,14,110,105.0,115.0,10.0,155.0,180.0,,,,,,,190.0,180.0,45.0,30.0,80.0,185.0,185.0,175.0,COMPLETE
10,10,0.5624103299856529,2025-01-02 09:07:08.422977,2025-01-02 09:07:12.521252,0 days 00:00:04.098275,2,200,200.0,,,,,,,,,,,,,,,,,,,COMPLETE
11,11,0.6257142857142857,2025-01-02 09:07:12.521782,2025-01-02 09:07:17.553928,0 days 00:00:05.032146,1,10,,,,,,,,,,,,,,,,,,,,COMPLETE
12,12,0.49810606060606055,2025-01-02 09:07:17.554400,2025-01-02 09:07:25.463368,0 days 00:00:07.908968,4,5,200.0,,,,,,,,,,,140.0,95.0,,,,,,,COMPLETE
13,13,0.6191489361702127,2025-01-02 09:07:25.463887,2025-01-02 09:07:34.096876,0 days 00:00:08.632989,5,30,95.0,,,,,,,,,,,140.0,85.0,200.0,,,,,,COMPLETE
14,14,0.6447124304267161,2025-01-02 09:07:34.097420,2025-01-02 09:07:39.593984,0 days 00:00:05.496564,4,45,65.0,,,,,,,,,,,135.0,90.0,,,,,,,COMPLETE
15,15,0.5957446808510638,2025-01-02 09:07:39.594505,2025-01-02 09:07:45.362708,0 days 00:00:05.768203,3,55,15.0,,,,,,,,,,,140.0,,,,,,,,COMPLETE
16,16,0.6154589371980677,2025-01-02 09:07:45.363239,2025-01-02 09:07:49.720124,0 days 00:00:04.356885,1,35,,,,,,,,,,,,,,,,,,,,COMPLETE
17,17,0.42239467849223944,2025-01-02 09:07:49.720641,2025-01-02 09:07:58.706980,0 days 00:00:08.986339,6,70,55.0,,,,,,,,,,,50.0,130.0,190.0,90.0,,,,,COMPLETE
18,18,0.20833333333333334,2025-01-02 09:07:58.707553,2025-01-02 09:08:35.737182,0 days 00:00:37.029629,19,155,55.0,200.0,200.0,20.0,5.0,195.0,10.0,15.0,5.0,200.0,,115.0,70.0,140.0,90.0,15.0,125.0,15.0,95.0,COMPLETE
19,19,0.5871212121212122,2025-01-02 09:08:35.738031,2025-01-02 09:08:40.872666,0 days 00:00:05.134635,3,35,75.0,,,,,,,,,,,160.0,,,,,,,,COMPLETE
20,20,0.037037037037037035,2025-01-02 09:08:40.873181,2025-01-02 09:08:58.809623,0 days 00:00:17.936442,17,15,135.0,190.0,200.0,20.0,95.0,5.0,200.0,60.0,,,,120.0,130.0,60.0,195.0,135.0,120.0,115.0,90.0,COMPLETE
21,21,0.30783410138248846,2025-01-02 09:08:58.810461,2025-01-02 09:09:08.000756,0 days 00:00:09.190295,5,35,90.0,,,,,,,,,,,145.0,95.0,175.0,,,,,,COMPLETE
22,22,0.5458110516934046,2025-01-02 09:09:08.001317,2025-01-02 09:09:39.650864,0 days 00:00:31.649547,10,75,130.0,,,,,,,,,,,115.0,70.0,200.0,115.0,55.0,160.0,5.0,200.0,COMPLETE
23,23,0.5619369369369369,2025-01-02 09:09:39.651720,2025-01-02 09:09:45.890941,0 days 00:00:06.239221,3,45,35.0,,,,,,,,,,,160.0,,,,,,,,COMPLETE
24,24,0.5766233766233766,2025-01-02 09:09:45.891471,2025-01-02 09:09:54.336440,0 days 00:00:08.444969,6,20,115.0,,,,,,,,,,,90.0,115.0,125.0,5.0,,,,,COMPLETE
25,25,0.6785225718194254,2025-01-02 09:09:54.337026,2025-01-02 09:09:59.172725,0 days 00:00:04.835699,1,75,,,,,,,,,,,,,,,,,,,,COMPLETE
26,26,0.695630081300813,2025-01-02 09:09:59.173214,2025-01-02 09:10:02.293305,0 days 00:00:03.120091,1,75,,,,,,,,,,,,,,,,,,,,COMPLETE
27,27,0.5648148148148149,2025-01-02 09:10:02.293811,2025-01-02 09:10:06.354700,0 days 00:00:04.060889,2,75,35.0,,,,,,,,,,,,,,,,,,,COMPLETE
28,28,0.47306910569105687,2025-01-02 09:10:06.355186,2025-01-02 09:10:12.951817,0 days 00:00:06.596631,4,120,65.0,,,,,,,,,,,65.0,155.0,,,,,,,COMPLETE
29,29,0.4299019607843137,2025-01-02 09:10:12.952328,2025-01-02 09:10:25.254031,0 days 00:00:12.301703,7,85,35.0,,,,,,,,,,,35.0,160.0,5.0,170.0,125.0,,,,COMPLETE
30,30,0.7019927536231885,2025-01-02 09:10:25.254640,2025-01-02 09:10:29.047130,0 days 00:00:03.792490,1,100,,,,,,,,,,,,,,,,,,,,COMPLETE
31,31,0.7213862289101687,2025-01-02 09:10:29.047611,2025-01-02 09:10:32.382554,0 days 00:00:03.334943,1,130,,,,,,,,,,,,,,,,,,,,COMPLETE
32,32,0.6160510715914272,2025-01-02 09:10:32.383047,2025-01-02 09:10:36.413260,0 days 00:00:04.030213,1,135,,,,,,,,,,,,,,,,,,,,COMPLETE
33,33,0.6733333333333333,2025-01-02 09:10:36.413736,2025-01-02 09:10:41.497479,0 days 00:00:05.083743,2,165,5.0,,,,,,,,,,,,,,,,,,,COMPLETE
34,34,0.6329284750337382,2025-01-02 09:10:41.497970,2025-01-02 09:10:45.660559,0 days 00:00:04.162589,1,130,,,,,,,,,,,,,,,,,,,,COMPLETE
35,35,0.5897435897435898,2025-01-02 09:10:45.661036,2025-01-02 09:10:51.097610,0 days 00:00:05.436574,3,105,145.0,,,,,,,,,,,10.0,,,,,,,,COMPLETE
36,36,0.4239316239316239,2025-01-02 09:10:51.098095,2025-01-02 09:11:07.374313,0 days 00:00:16.276218,8,155,120.0,,,,,,,,,,,35.0,50.0,125.0,70.0,50.0,90.0,,,COMPLETE
37,37,0.6428571428571428,2025-01-02 09:11:07.374950,2025-01-02 09:11:11.744765,0 days 00:00:04.369815,2,85,185.0,,,,,,,,,,,,,,,,,,,COMPLETE
38,38,0.7105751391465678,2025-01-02 09:11:11.745243,2025-01-02 09:11:16.433853,0 days 00:00:04.688610,1,95,,,,,,,,,,,,,,,,,,,,COMPLETE
39,39,0.482174688057041,2025-01-02 09:11:16.434331,2025-01-02 09:11:24.917802,0 days 00:00:08.483471,6,95,145.0,,,,,,,,,,,65.0,200.0,65.0,120.0,,,,,COMPLETE
40,40,0.5465838509316769,2025-01-02 09:11:24.918380,2025-01-02 09:11:30.448776,0 days 00:00:05.530396,4,125,20.0,,,,,,,,,,,25.0,175.0,,,,,,,COMPLETE
41,41,0.7023584905660378,2025-01-02 09:11:30.449284,2025-01-02 09:11:35.212865,0 days 00:00:04.763581,1,65,,,,,,,,,,,,,,,,,,,,COMPLETE
42,42,0.6424148606811146,2025-01-02 09:11:35.213357,2025-01-02 09:11:39.115537,0 days 00:00:03.902180,2,100,80.0,,,,,,,,,,,,,,,,,,,COMPLETE
43,43,0.5710144927536231,2025-01-02 09:11:39.116015,2025-01-02 09:11:42.842436,0 days 00:00:03.726421,1,65,,,,,,,,,,,,,,,,,,,,COMPLETE
44,44,0.35125448028673834,2025-01-02 09:11:42.843150,2025-01-02 09:12:20.903819,0 days 00:00:38.060669,12,105,180.0,75.0,135.0,,,,,,,,,55.0,120.0,170.0,10.0,110.0,85.0,145.0,125.0,COMPLETE
45,45,0.6118012422360248,2025-01-02 09:12:20.904716,2025-01-02 09:12:25.953674,0 days 00:00:05.048958,3,145,150.0,,,,,,,,,,,170.0,,,,,,,,COMPLETE
46,46,0.6928571428571428,2025-01-02 09:12:25.954214,2025-01-02 09:12:29.653522,0 days 00:00:03.699308,2,115,110.0,,,,,,,,,,,,,,,,,,,COMPLETE
47,47,0.6190476190476191,2025-01-02 09:12:29.653987,2025-01-02 09:12:33.368188,0 days 00:00:03.714201,1,85,,,,,,,,,,,,,,,,,,,,COMPLETE
48,48,0.4775413711583924,2025-01-02 09:12:33.368665,2025-01-02 09:12:41.718385,0 days 00:00:08.349720,5,95,160.0,,,,,,,,,,,5.0,140.0,25.0,,,,,,COMPLETE
49,49,0.6333333333333333,2025-01-02 09:12:41.718950,2025-01-02 09:12:49.629840,0 days 00:00:07.910890,4,180,45.0,,,,,,,,,,,105.0,110.0,,,,,,,COMPLETE
50,50,0.3613053613053613,2025-01-02 09:12:49.630383,2025-01-02 09:13:32.298377,0 days 00:00:42.667994,15,55,190.0,155.0,145.0,85.0,10.0,200.0,,,,,,25.0,170.0,65.0,75.0,200.0,5.0,60.0,50.0,COMPLETE
51,51,0.6875,2025-01-02 09:13:32.299533,2025-01-02 09:13:36.429394,0 days 00:00:04.129861,2,115,110.0,,,,,,,,,,,,,,,,,,,COMPLETE
52,52,0.6333333333333333,2025-01-02 09:13:36.429907,2025-01-02 09:13:40.459183,0 days 00:00:04.029276,2,110,125.0,,,,,,,,,,,,,,,,,,,COMPLETE
53,53,0.61605415860735,2025-01-02 09:13:40.459709,2025-01-02 09:13:44.562925,0 days 00:00:04.103216,1,120,,,,,,,,,,,,,,,,,,,,COMPLETE
54,54,0.5982142857142857,2025-01-02 09:13:44.563462,2025-01-02 09:13:51.660026,0 days 00:00:07.096564,3,65,90.0,,,,,,,,,,,45.0,,,,,,,,COMPLETE
55,55,0.6376811594202898,2025-01-02 09:13:51.660534,2025-01-02 09:13:57.346372,0 days 00:00:05.685838,2,140,170.0,,,,,,,,,,,,,,,,,,,COMPLETE
56,56,0.6666666666666666,2025-01-02 09:13:57.346893,2025-01-02 09:14:01.795585,0 days 00:00:04.448692,1,90,,,,,,,,,,,,,,,,,,,,COMPLETE
57,57,0.6287878787878788,2025-01-02 09:14:01.796068,2025-01-02 09:14:06.944296,0 days 00:00:05.148228,3,45,100.0,,,,,,,,,,,85.0,,,,,,,,COMPLETE
58,58,0.579923622476814,2025-01-02 09:14:06.944808,2025-01-02 09:14:11.313207,0 days 00:00:04.368399,2,80,75.0,,,,,,,,,,,,,,,,,,,COMPLETE
59,59,0.5601617795753286,2025-01-02 09:14:11.313733,2025-01-02 09:14:17.320555,0 days 00:00:06.006822,4,100,25.0,,,,,,,,,,,200.0,50.0,,,,,,,COMPLETE
60,60,0.42334096109839814,2025-01-02 09:14:17.321088,2025-01-02 09:14:49.354515,0 days 00:00:32.033427,10,115,5.0,,,,,,,,,,,175.0,200.0,130.0,165.0,55.0,140.0,140.0,65.0,COMPLETE
61,61,0.6515151515151515,2025-01-02 09:14:49.355162,2025-01-02 09:14:54.189472,0 days 00:00:04.834310,2,110,110.0,,,,,,,,,,,,,,,,,,,COMPLETE
62,62,0.6126373626373627,2025-01-02 09:14:54.189992,2025-01-02 09:14:58.293628,0 days 00:00:04.103636,1,125,,,,,,,,,,,,,,,,,,,,COMPLETE
63,63,0.660633484162896,2025-01-02 09:14:58.294112,2025-01-02 09:15:03.158916,0 days 00:00:04.864804,3,115,135.0,,,,,,,,,,,100.0,,,,,,,,COMPLETE
64,64,0.6196060037523452,2025-01-02 09:15:03.159411,2025-01-02 09:15:07.309433,0 days 00:00:04.150022,2,130,110.0,,,,,,,,,,,,,,,,,,,COMPLETE
65,65,0.6491464510332434,2025-01-02 09:15:07.310093,2025-01-02 09:15:11.485680,0 days 00:00:04.175587,1,90,,,,,,,,,,,,,,,,,,,,COMPLETE
66,66,0.6479642502482621,2025-01-02 09:15:11.486165,2025-01-02 09:15:17.271467,0 days 00:00:05.785302,3,70,85.0,,,,,,,,,,,75.0,,,,,,,,COMPLETE
67,67,0.6802721088435374,2025-01-02 09:15:17.271990,2025-01-02 09:15:22.517082,0 days 00:00:05.245092,2,105,65.0,,,,,,,,,,,,,,,,,,,COMPLETE
68,68,0.538661131292164,2025-01-02 09:15:22.517571,2025-01-02 09:15:28.862361,0 days 00:00:06.344790,4,80,150.0,,,,,,,,,,,125.0,70.0,,,,,,,COMPLETE
69,69,0.5927952576379389,2025-01-02 09:15:28.862865,2025-01-02 09:15:32.584924,0 days 00:00:03.722059,1,145,,,,,,,,,,,,,,,,,,,,COMPLETE
70,70,0.3861283643892339,2025-01-02 09:15:32.585388,2025-01-02 09:15:40.623025,0 days 00:00:08.037637,5,95,95.0,,,,,,,,,,,155.0,40.0,110.0,,,,,,COMPLETE
71,71,0.6423255813953488,2025-01-02 09:15:40.623585,2025-01-02 09:15:45.058401,0 days 00:00:04.434816,2,105,105.0,,,,,,,,,,,,,,,,,,,COMPLETE
72,72,0.6632270168855534,2025-01-02 09:15:45.058930,2025-01-02 09:15:49.952824,0 days 00:00:04.893894,2,120,65.0,,,,,,,,,,,,,,,,,,,COMPLETE
73,73,0.6495238095238096,2025-01-02 09:15:49.953343,2025-01-02 09:15:53.401227,0 days 00:00:03.447884,1,110,,,,,,,,,,,,,,,,,,,,COMPLETE
74,74,0.5845588235294117,2025-01-02 09:15:53.401726,2025-01-02 09:15:58.793040,0 days 00:00:05.391314,3,100,50.0,,,,,,,,,,,185.0,,,,,,,,COMPLETE
75,75,0.7009090909090909,2025-01-02 09:15:58.793553,2025-01-02 09:16:03.621009,0 days 00:00:04.827456,1,130,,,,,,,,,,,,,,,,,,,,COMPLETE
76,76,0.687847866419295,2025-01-02 09:16:03.621526,2025-01-02 09:16:08.279113,0 days 00:00:04.657587,1,130,,,,,,,,,,,,,,,,,,,,COMPLETE
77,77,0.5867620751341682,2025-01-02 09:16:08.279615,2025-01-02 09:16:11.532521,0 days 00:00:03.252906,1,135,,,,,,,,,,,,,,,,,,,,COMPLETE
78,78,0.6168478260869565,2025-01-02 09:16:11.533018,2025-01-02 09:16:16.129174,0 days 00:00:04.596156,1,145,,,,,,,,,,,,,,,,,,,,COMPLETE
79,79,0.6173469387755102,2025-01-02 09:16:16.129689,2025-01-02 09:16:22.480714,0 days 00:00:06.351025,4,130,160.0,,,,,,,,,,,75.0,15.0,,,,,,,COMPLETE
80,80,0.11428571428571428,2025-01-02 09:16:22.481253,2025-01-02 09:17:08.991155,0 days 00:00:46.509902,16,150,195.0,75.0,20.0,190.0,130.0,10.0,10.0,,,,,130.0,5.0,165.0,105.0,5.0,155.0,65.0,135.0,COMPLETE
81,81,0.6711229946524064,2025-01-02 09:17:08.991979,2025-01-02 09:17:13.618627,0 days 00:00:04.626648,1,125,,,,,,,,,,,,,,,,,,,,COMPLETE
82,82,0.6012002182214948,2025-01-02 09:17:13.619138,2025-01-02 09:17:19.126876,0 days 00:00:05.507738,2,135,120.0,,,,,,,,,,,,,,,,,,,COMPLETE
83,83,0.5695970695970696,2025-01-02 09:17:19.127377,2025-01-02 09:17:24.427224,0 days 00:00:05.299847,3,60,130.0,,,,,,,,,,,20.0,,,,,,,,COMPLETE
84,84,0.6236111111111111,2025-01-02 09:17:24.427769,2025-01-02 09:17:28.378454,0 days 00:00:03.950685,1,115,,,,,,,,,,,,,,,,,,,,COMPLETE
85,85,0.717948717948718,2025-01-02 09:17:28.378954,2025-01-02 09:17:32.789158,0 days 00:00:04.410204,2,120,140.0,,,,,,,,,,,,,,,,,,,COMPLETE
86,86,0.31746031746031744,2025-01-02 09:17:32.789689,2025-01-02 09:18:26.366365,0 days 00:00:53.576676,19,125,180.0,150.0,140.0,125.0,60.0,100.0,95.0,200.0,190.0,5.0,,105.0,25.0,30.0,200.0,30.0,75.0,35.0,200.0,COMPLETE
87,87,0.688259109311741,2025-01-02 09:18:26.367376,2025-01-02 09:18:30.956150,0 days 00:00:04.588774,2,165,170.0,,,,,,,,,,,,,,,,,,,COMPLETE
88,88,0.7023584905660378,2025-01-02 09:18:30.956667,2025-01-02 09:18:35.139943,0 days 00:00:04.183276,2,175,170.0,,,,,,,,,,,,,,,,,,,COMPLETE
89,89,0.7028985507246377,2025-01-02 09:18:35.140449,2025-01-02 09:18:40.650854,0 days 00:00:05.510405,3,175,145.0,,,,,,,,,,,150.0,,,,,,,,COMPLETE
90,90,0.6439962476547842,2025-01-02 09:18:40.651349,2025-01-02 09:18:46.251920,0 days 00:00:05.600571,3,200,140.0,,,,,,,,,,,180.0,,,,,,,,COMPLETE
91,91,0.684577522559475,2025-01-02 09:18:46.252458,2025-01-02 09:18:51.885598,0 days 00:00:05.633140,2,185,155.0,,,,,,,,,,,,,,,,,,,COMPLETE
92,92,0.5398148148148149,2025-01-02 09:18:51.886103,2025-01-02 09:18:57.975907,0 days 00:00:06.089804,1,175,,,,,,,,,,,,,,,,,,,,COMPLETE
93,93,0.5971933471933473,2025-01-02 09:18:57.976403,2025-01-02 09:19:03.428615,0 days 00:00:05.452212,3,195,175.0,,,,,,,,,,,145.0,,,,,,,,COMPLETE
94,94,0.6598440545808967,2025-01-02 09:19:03.429129,2025-01-02 09:19:07.593156,0 days 00:00:04.164027,2,160,140.0,,,,,,,,,,,,,,,,,,,COMPLETE
95,95,0.40406976744186046,2025-01-02 09:19:07.593666,2025-01-02 09:19:46.567447,0 days 00:00:38.973781,13,170,165.0,45.0,45.0,50.0,,,,,,,,155.0,140.0,80.0,135.0,155.0,170.0,80.0,75.0,COMPLETE
96,96,0.5765765765765766,2025-01-02 09:19:46.568234,2025-01-02 09:19:51.326056,0 days 00:00:04.757822,1,185,,,,,,,,,,,,,,,,,,,,COMPLETE
97,97,0.7238372093023255,2025-01-02 09:19:51.326583,2025-01-02 09:19:58.222095,0 days 00:00:06.895512,4,90,125.0,,,,,,,,,,,165.0,80.0,,,,,,,COMPLETE
98,98,0.5689655172413793,2025-01-02 09:19:58.222669,2025-01-02 09:20:08.064965,0 days 00:00:09.842296,6,80,125.0,,,,,,,,,,,165.0,80.0,115.0,175.0,,,,,COMPLETE
99,99,0.6538461538461539,2025-01-02 09:20:08.065559,2025-01-02 09:20:15.907495,0 days 00:00:07.841936,4,50,155.0,,,,,,,,,,,200.0,60.0,,,,,,,COMPLETE
100,100,0.5825918762088975,2025-01-02 09:20:15.908067,2025-01-02 09:20:21.939424,0 days 00:00:06.031357,3,70,190.0,,,,,,,,,,,190.0,,,,,,,,COMPLETE
101,101,0.5974099099099099,2025-01-02 09:20:21.939990,2025-01-02 09:20:26.317949,0 days 00:00:04.377959,2,85,120.0,,,,,,,,,,,,,,,,,,,COMPLETE
102,102,0.6444444444444444,2025-01-02 09:20:26.318477,2025-01-02 09:20:31.003267,0 days 00:00:04.684790,2,95,130.0,,,,,,,,,,,,,,,,,,,COMPLETE
103,103,0.6666666666666666,2025-01-02 09:20:31.003844,2025-01-02 09:20:34.207640,0 days 00:00:03.203796,1,90,,,,,,,,,,,,,,,,,,,,COMPLETE
104,104,0.536936936936937,2025-01-02 09:20:34.208179,2025-01-02 09:20:40.183114,0 days 00:00:05.974935,3,75,145.0,,,,,,,,,,,150.0,,,,,,,,COMPLETE
105,105,0.6495238095238096,2025-01-02 09:20:40.183830,2025-01-02 09:20:44.466748,0 days 00:00:04.282918,2,120,115.0,,,,,,,,,,,,,,,,,,,COMPLETE
106,106,0.30833333333333335,2025-01-02 09:20:44.467285,2025-01-02 09:21:07.431928,0 days 00:00:22.964643,9,65,140.0,,,,,,,,,,,115.0,105.0,50.0,25.0,200.0,200.0,150.0,,COMPLETE
107,107,0.6166112956810631,2025-01-02 09:21:07.432670,2025-01-02 09:21:14.993987,0 days 00:00:07.561317,5,110,165.0,,,,,,,,,,,130.0,35.0,185.0,,,,,,COMPLETE
108,108,0.6862745098039216,2025-01-02 09:21:14.994575,2025-01-02 09:21:19.244870,0 days 00:00:04.250295,1,175,,,,,,,,,,,,,,,,,,,,COMPLETE
109,109,0.6781818181818182,2025-01-02 09:21:19.245407,2025-01-02 09:21:23.468833,0 days 00:00:04.223426,2,90,155.0,,,,,,,,,,,,,,,,,,,COMPLETE
110,110,0.5,2025-01-02 09:21:23.469368,2025-01-02 09:21:28.788920,0 days 00:00:05.319552,4,190,135.0,,,,,,,,,,,170.0,125.0,,,,,,,COMPLETE
111,111,0.6326829268292683,2025-01-02 09:21:28.789493,2025-01-02 09:21:33.518799,0 days 00:00:04.729306,2,180,175.0,,,,,,,,,,,,,,,,,,,COMPLETE
112,112,0.6768518518518518,2025-01-02 09:21:33.519356,2025-01-02 09:21:36.824670,0 days 00:00:03.305314,1,140,,,,,,,,,,,,,,,,,,,,COMPLETE
113,113,0.5668449197860963,2025-01-02 09:21:36.825187,2025-01-02 09:21:43.020273,0 days 00:00:06.195086,3,165,170.0,,,,,,,,,,,135.0,,,,,,,,COMPLETE
114,114,0.6441202475685235,2025-01-02 09:21:43.020837,2025-01-02 09:21:49.183505,0 days 00:00:06.162668,2,155,150.0,,,,,,,,,,,,,,,,,,,COMPLETE
115,115,0.6428571428571428,2025-01-02 09:21:49.184055,2025-01-02 09:22:14.885285,0 days 00:00:25.701230,1,165,,,,,,,,,,,,,,,,,,,,COMPLETE
116,116,0.6515151515151515,2025-01-02 09:22:14.886005,2025-01-02 09:22:21.289662,0 days 00:00:06.403657,1,105,,,,,,,,,,,,,,,,,,,,COMPLETE
117,117,0.6660069272637308,2025-01-02 09:22:21.290165,2025-01-02 09:22:25.718743,0 days 00:00:04.428578,3,175,200.0,,,,,,,,,,,180.0,,,,,,,,COMPLETE
118,118,0.6341463414634146,2025-01-02 09:22:25.719313,2025-01-02 09:22:31.278638,0 days 00:00:05.559325,2,100,185.0,,,,,,,,,,,,,,,,,,,COMPLETE
119,119,0.6428571428571428,2025-01-02 09:22:31.279196,2025-01-02 09:22:35.634716,0 days 00:00:04.355520,1,170,,,,,,,,,,,,,,,,,,,,COMPLETE
120,120,0.6909660107334525,2025-01-02 09:22:35.635248,2025-01-02 09:22:41.030106,0 days 00:00:05.394858,2,80,125.0,,,,,,,,,,,,,,,,,,,COMPLETE
121,121,0.751131221719457,2025-01-02 09:22:41.031323,2025-01-02 09:22:45.683781,0 days 00:00:04.652458,2,80,125.0,,,,,,,,,,,,,,,,,,,COMPLETE
122,122,0.4365079365079365,2025-01-02 09:22:45.684307,2025-01-02 09:22:51.258980,0 days 00:00:05.574673,3,80,125.0,,,,,,,,,,,165.0,,,,,,,,COMPLETE
123,123,0.5805555555555555,2025-01-02 09:22:51.259555,2025-01-02 09:22:55.843937,0 days 00:00:04.584382,1,85,,,,,,,,,,,,,,,,,,,,COMPLETE
124,124,0.6923469387755102,2025-01-02 09:22:55.844451,2025-01-02 09:23:01.206264,0 days 00:00:05.361813,2,70,115.0,,,,,,,,,,,,,,,,,,,COMPLETE
125,125,0.6628383921246923,2025-01-02 09:23:01.206812,2025-01-02 09:23:06.194042,0 days 00:00:04.987230,1,65,,,,,,,,,,,,,,,,,,,,COMPLETE
126,126,0.5756302521008403,2025-01-02 09:23:06.194567,2025-01-02 09:23:11.845110,0 days 00:00:05.650543,2,60,115.0,,,,,,,,,,,,,,,,,,,COMPLETE
127,127,0.6097972972972974,2025-01-02 09:23:11.845645,2025-01-02 09:23:19.409591,0 days 00:00:07.563946,3,75,100.0,,,,,,,,,,,110.0,,,,,,,,COMPLETE
128,128,0.580392156862745,2025-01-02 09:23:19.410129,2025-01-02 09:23:25.839355,0 days 00:00:06.429226,4,70,110.0,,,,,,,,,,,95.0,60.0,,,,,,,COMPLETE
129,129,0.7213862289101687,2025-01-02 09:23:25.839937,2025-01-02 09:23:29.936739,0 days 00:00:04.096802,1,95,,,,,,,,,,,,,,,,,,,,COMPLETE
130,130,0.6731601731601732,2025-01-02 09:23:29.937258,2025-01-02 09:23:33.753470,0 days 00:00:03.816212,1,95,,,,,,,,,,,,,,,,,,,,COMPLETE
131,131,0.5867620751341682,2025-01-02 09:23:33.754008,2025-01-02 09:23:37.671888,0 days 00:00:03.917880,1,75,,,,,,,,,,,,,,,,,,,,COMPLETE
132,132,0.6510869565217392,2025-01-02 09:23:37.672573,2025-01-02 09:23:41.695615,0 days 00:00:04.023042,2,90,95.0,,,,,,,,,,,,,,,,,,,COMPLETE
133,133,0.6802721088435374,2025-01-02 09:23:41.696149,2025-01-02 09:23:45.631588,0 days 00:00:03.935439,2,110,130.0,,,,,,,,,,,,,,,,,,,COMPLETE
134,134,0.637641723356009,2025-01-02 09:23:45.632121,2025-01-02 09:23:49.411681,0 days 00:00:03.779560,1,55,,,,,,,,,,,,,,,,,,,,COMPLETE
135,135,0.669761273209549,2025-01-02 09:23:49.412175,2025-01-02 09:23:53.651963,0 days 00:00:04.239788,2,85,105.0,,,,,,,,,,,,,,,,,,,COMPLETE
136,136,0.6584905660377358,2025-01-02 09:23:53.652471,2025-01-02 09:23:57.876258,0 days 00:00:04.223787,1,100,,,,,,,,,,,,,,,,,,,,COMPLETE
137,137,0.5535714285714286,2025-01-02 09:23:57.876763,2025-01-02 09:24:02.182813,0 days 00:00:04.306050,2,95,115.0,,,,,,,,,,,,,,,,,,,COMPLETE
138,138,0.64,2025-01-02 09:24:02.183358,2025-01-02 09:24:06.209528,0 days 00:00:04.026170,1,120,,,,,,,,,,,,,,,,,,,,COMPLETE
139,139,0.6572972972972972,2025-01-02 09:24:06.210053,2025-01-02 09:24:12.671561,0 days 00:00:06.461508,3,115,145.0,,,,,,,,,,,140.0,,,,,,,,COMPLETE
140,140,0.5820181731229077,2025-01-02 09:24:12.672134,2025-01-02 09:24:17.614452,0 days 00:00:04.942318,2,85,135.0,,,,,,,,,,,,,,,,,,,COMPLETE
141,141,0.5857142857142856,2025-01-02 09:24:17.615004,2025-01-02 09:24:21.779716,0 days 00:00:04.164712,2,80,125.0,,,,,,,,,,,,,,,,,,,COMPLETE
142,142,0.6356589147286822,2025-01-02 09:24:21.780233,2025-01-02 09:24:26.432868,0 days 00:00:04.652635,1,70,,,,,,,,,,,,,,,,,,,,COMPLETE
143,143,0.6742800397219464,2025-01-02 09:24:26.433383,2025-01-02 09:24:31.471740,0 days 00:00:05.038357,2,80,120.0,,,,,,,,,,,,,,,,,,,COMPLETE
144,144,0.6530100334448161,2025-01-02 09:24:31.472306,2025-01-02 09:24:37.125413,0 days 00:00:05.653107,3,70,95.0,,,,,,,,,,,120.0,,,,,,,,COMPLETE
145,145,0.5828658847526772,2025-01-02 09:24:37.125976,2025-01-02 09:24:42.156595,0 days 00:00:05.030619,1,90,,,,,,,,,,,,,,,,,,,,COMPLETE
146,146,0.5429769392033543,2025-01-02 09:24:42.157101,2025-01-02 09:24:46.413945,0 days 00:00:04.256844,2,100,105.0,,,,,,,,,,,,,,,,,,,COMPLETE
147,147,0.6855813953488372,2025-01-02 09:24:46.414462,2025-01-02 09:24:50.782639,0 days 00:00:04.368177,1,135,,,,,,,,,,,,,,,,,,,,COMPLETE
148,148,0.1625,2025-01-02 09:24:50.783181,2025-01-02 09:25:06.674103,0 days 00:00:15.890922,8,95,140.0,,,,,,,,,,,195.0,185.0,150.0,60.0,105.0,115.0,,,COMPLETE
149,149,0.525241066364152,2025-01-02 09:25:06.674785,2025-01-02 09:25:13.467953,0 days 00:00:06.793168,3,65,130.0,,,,,,,,,,,145.0,,,,,,,,COMPLETE
150,150,0.6356589147286822,2025-01-02 09:25:13.468512,2025-01-02 09:25:17.416650,0 days 00:00:03.948138,2,75,85.0,,,,,,,,,,,,,,,,,,,COMPLETE
151,151,0.7074898785425101,2025-01-02 09:25:17.417195,2025-01-02 09:25:21.448645,0 days 00:00:04.031450,2,180,120.0,,,,,,,,,,,,,,,,,,,COMPLETE
152,152,0.6653846153846154,2025-01-02 09:25:21.449165,2025-01-02 09:25:26.627180,0 days 00:00:05.178015,2,185,120.0,,,,,,,,,,,,,,,,,,,COMPLETE
153,153,0.6581818181818182,2025-01-02 09:25:26.627731,2025-01-02 09:25:31.209533,0 days 00:00:04.581802,1,180,,,,,,,,,,,,,,,,,,,,COMPLETE
154,154,0.6082621082621082,2025-01-02 09:25:31.210063,2025-01-02 09:25:34.946228,0 days 00:00:03.736165,2,195,110.0,,,,,,,,,,,,,,,,,,,COMPLETE
155,155,0.6913027248973498,2025-01-02 09:25:34.946782,2025-01-02 09:25:39.116951,0 days 00:00:04.170169,3,90,115.0,,,,,,,,,,,185.0,,,,,,,,COMPLETE
156,156,0.64473033151905,2025-01-02 09:25:39.117497,2025-01-02 09:25:45.573902,0 days 00:00:06.456405,4,125,100.0,,,,,,,,,,,185.0,140.0,,,,,,,COMPLETE
157,157,0.29292929292929293,2025-01-02 09:25:45.574496,2025-01-02 09:26:21.539370,0 days 00:00:35.964874,11,105,115.0,90.0,,,,,,,,,,160.0,100.0,80.0,85.0,80.0,100.0,160.0,115.0,COMPLETE
158,158,0.5553359683794465,2025-01-02 09:26:21.540131,2025-01-02 09:26:26.201864,0 days 00:00:04.661733,3,90,135.0,,,,,,,,,,,170.0,,,,,,,,COMPLETE
159,159,0.6802721088435374,2025-01-02 09:26:26.202436,2025-01-02 09:26:30.288896,0 days 00:00:04.086460,1,110,,,,,,,,,,,,,,,,,,,,COMPLETE
160,160,0.7009090909090909,2025-01-02 09:26:30.289420,2025-01-02 09:26:36.228447,0 days 00:00:05.939027,3,95,120.0,,,,,,,,,,,195.0,,,,,,,,COMPLETE
161,161,0.6583333333333333,2025-01-02 09:26:36.229033,2025-01-02 09:26:41.477943,0 days 00:00:05.248910,3,95,120.0,,,,,,,,,,,195.0,,,,,,,,COMPLETE
162,162,0.5102941176470588,2025-01-02 09:26:41.478697,2025-01-02 09:26:47.969394,0 days 00:00:06.490697,4,100,130.0,,,,,,,,,,,180.0,80.0,,,,,,,COMPLETE
163,163,0.6556776556776557,2025-01-02 09:26:47.969969,2025-01-02 09:26:52.918108,0 days 00:00:04.948139,1,85,,,,,,,,,,,,,,,,,,,,COMPLETE
164,164,0.6689250225835592,2025-01-02 09:26:52.918631,2025-01-02 09:26:57.937341,0 days 00:00:05.018710,2,170,110.0,,,,,,,,,,,,,,,,,,,COMPLETE
165,165,0.6183554817275747,2025-01-02 09:26:57.937909,2025-01-02 09:27:03.421758,0 days 00:00:05.483849,3,130,115.0,,,,,,,,,,,185.0,,,,,,,,COMPLETE
166,166,0.6220502901353966,2025-01-02 09:27:03.422342,2025-01-02 09:27:09.716363,0 days 00:00:06.294021,3,90,150.0,,,,,,,,,,,175.0,,,,,,,,COMPLETE
167,167,0.6436403508771931,2025-01-02 09:27:09.716932,2025-01-02 09:27:13.850315,0 days 00:00:04.133383,2,105,125.0,,,,,,,,,,,,,,,,,,,COMPLETE
168,168,0.7204255319148936,2025-01-02 09:27:13.850898,2025-01-02 09:27:18.629053,0 days 00:00:04.778155,1,115,,,,,,,,,,,,,,,,,,,,COMPLETE
169,169,0.6624649859943978,2025-01-02 09:27:18.629576,2025-01-02 09:27:23.501412,0 days 00:00:04.871836,1,120,,,,,,,,,,,,,,,,,,,,COMPLETE
170,170,0.5727272727272728,2025-01-02 09:27:23.501952,2025-01-02 09:27:27.823042,0 days 00:00:04.321090,1,125,,,,,,,,,,,,,,,,,,,,COMPLETE
171,171,0.6243478260869566,2025-01-02 09:27:27.823589,2025-01-02 09:27:31.598037,0 days 00:00:03.774448,1,115,,,,,,,,,,,,,,,,,,,,COMPLETE
172,172,0.6660869565217391,2025-01-02 09:27:31.598600,2025-01-02 09:27:36.782099,0 days 00:00:05.183499,2,110,135.0,,,,,,,,,,,,,,,,,,,COMPLETE
173,173,0.6780626780626781,2025-01-02 09:27:36.782673,2025-01-02 09:27:41.018370,0 days 00:00:04.235697,1,100,,,,,,,,,,,,,,,,,,,,COMPLETE
174,174,0.5938215102974829,2025-01-02 09:27:41.018928,2025-01-02 09:27:44.946696,0 days 00:00:03.927768,2,90,100.0,,,,,,,,,,,,,,,,,,,COMPLETE
175,175,0.6695238095238095,2025-01-02 09:27:44.947241,2025-01-02 09:27:49.639316,0 days 00:00:04.692075,1,60,,,,,,,,,,,,,,,,,,,,COMPLETE
176,176,0.6669561441597915,2025-01-02 09:27:49.639864,2025-01-02 09:27:54.782230,0 days 00:00:05.142366,2,95,105.0,,,,,,,,,,,,,,,,,,,COMPLETE
177,177,0.6388367729831144,2025-01-02 09:27:54.782794,2025-01-02 09:27:57.999864,0 days 00:00:03.217070,1,105,,,,,,,,,,,,,,,,,,,,COMPLETE
178,178,0.5597771023302938,2025-01-02 09:27:58.000401,2025-01-02 09:28:04.486098,0 days 00:00:06.485697,3,85,140.0,,,,,,,,,,,200.0,,,,,,,,COMPLETE
179,179,0.5683139534883721,2025-01-02 09:28:04.486662,2025-01-02 09:28:11.989504,0 days 00:00:07.502842,4,180,145.0,,,,,,,,,,,190.0,15.0,,,,,,,COMPLETE
180,180,0.5790697674418605,2025-01-02 09:28:11.990115,2025-01-02 09:28:16.352561,0 days 00:00:04.362446,2,140,90.0,,,,,,,,,,,,,,,,,,,COMPLETE
181,181,0.6326829268292683,2025-01-02 09:28:16.353143,2025-01-02 09:28:21.680041,0 days 00:00:05.326898,2,80,120.0,,,,,,,,,,,,,,,,,,,COMPLETE
182,182,0.6082926829268294,2025-01-02 09:28:21.680591,2025-01-02 09:28:25.717329,0 days 00:00:04.036738,1,75,,,,,,,,,,,,,,,,,,,,COMPLETE
183,183,0.6374949819349658,2025-01-02 09:28:25.717835,2025-01-02 09:28:30.064265,0 days 00:00:04.346430,2,70,125.0,,,,,,,,,,,,,,,,,,,COMPLETE
184,184,0.4562647754137116,2025-01-02 09:28:30.064833,2025-01-02 09:28:41.335384,0 days 00:00:11.270551,7,80,130.0,,,,,,,,,,,155.0,165.0,20.0,150.0,40.0,,,,COMPLETE
185,185,0.7361853832442068,2025-01-02 09:28:41.336046,2025-01-02 09:28:45.676273,0 days 00:00:04.340227,1,75,,,,,,,,,,,,,,,,,,,,COMPLETE
186,186,0.6730257320319433,2025-01-02 09:28:45.676828,2025-01-02 09:28:49.860898,0 days 00:00:04.184070,1,65,,,,,,,,,,,,,,,,,,,,COMPLETE
187,187,0.5727272727272728,2025-01-02 09:28:49.861434,2025-01-02 09:28:54.094359,0 days 00:00:04.232925,1,115,,,,,,,,,,,,,,,,,,,,COMPLETE
188,188,0.6929283341243475,2025-01-02 09:28:54.094947,2025-01-02 09:28:57.835682,0 days 00:00:03.740735,1,85,,,,,,,,,,,,,,,,,,,,COMPLETE
189,189,0.7288372093023257,2025-01-02 09:28:57.836196,2025-01-02 09:29:02.146151,0 days 00:00:04.309955,1,75,,,,,,,,,,,,,,,,,,,,COMPLETE
190,190,0.6515151515151515,2025-01-02 09:29:02.146702,2025-01-02 09:29:05.724537,0 days 00:00:03.577835,1,75,,,,,,,,,,,,,,,,,,,,COMPLETE
191,191,0.6460869565217391,2025-01-02 09:29:05.725067,2025-01-02 09:29:10.022572,0 days 00:00:04.297505,1,70,,,,,,,,,,,,,,,,,,,,COMPLETE
192,192,0.6148255813953488,2025-01-02 09:29:10.023121,2025-01-02 09:29:14.673124,0 days 00:00:04.650003,1,85,,,,,,,,,,,,,,,,,,,,COMPLETE
193,193,0.7409948542024014,2025-01-02 09:29:14.673666,2025-01-02 09:29:18.219205,0 days 00:00:03.545539,1,175,,,,,,,,,,,,,,,,,,,,COMPLETE
194,194,0.7492997198879552,2025-01-02 09:29:18.219745,2025-01-02 09:29:21.529196,0 days 00:00:03.309451,1,185,,,,,,,,,,,,,,,,,,,,COMPLETE
195,195,0.6993996569468267,2025-01-02 09:29:21.529750,2025-01-02 09:29:26.311361,0 days 00:00:04.781611,1,175,,,,,,,,,,,,,,,,,,,,COMPLETE
196,196,0.6730257320319433,2025-01-02 09:29:26.311915,2025-01-02 09:29:29.569067,0 days 00:00:03.257152,1,175,,,,,,,,,,,,,,,,,,,,COMPLETE
197,197,0.6556776556776557,2025-01-02 09:29:29.569622,2025-01-02 09:29:33.963985,0 days 00:00:04.394363,1,175,,,,,,,,,,,,,,,,,,,,COMPLETE
198,198,0.5867620751341682,2025-01-02 09:29:33.964550,2025-01-02 09:29:38.057531,0 days 00:00:04.092981,1,185,,,,,,,,,,,,,,,,,,,,COMPLETE
199,199,0.6146034816247583,2025-01-02 09:29:38.058166,2025-01-02 09:29:42.287092,0 days 00:00:04.228926,1,190,,,,,,,,,,,,,,,,,,,,COMPLETE
200,200,0.5714975845410628,2025-01-02 09:29:42.287693,2025-01-02 09:29:46.427341,0 days 00:00:04.139648,1,170,,,,,,,,,,,,,,,,,,,,COMPLETE
201,201,0.6778846153846154,2025-01-02 09:29:46.427943,2025-01-02 09:29:50.232289,0 days 00:00:03.804346,1,190,,,,,,,,,,,,,,,,,,,,COMPLETE
202,202,0.6223255813953488,2025-01-02 09:29:50.232845,2025-01-02 09:29:54.501646,0 days 00:00:04.268801,1,175,,,,,,,,,,,,,,,,,,,,COMPLETE
203,203,0.7215136054421769,2025-01-02 09:29:54.502175,2025-01-02 09:29:58.750270,0 days 00:00:04.248095,1,185,,,,,,,,,,,,,,,,,,,,COMPLETE
204,204,0.5811224489795919,2025-01-02 09:29:58.750832,2025-01-02 09:30:03.328901,0 days 00:00:04.578069,2,180,155.0,,,,,,,,,,,,,,,,,,,COMPLETE
205,205,0.5990697674418605,2025-01-02 09:30:03.329453,2025-01-02 09:30:07.422267,0 days 00:00:04.092814,1,185,,,,,,,,,,,,,,,,,,,,COMPLETE
206,206,0.5333333333333333,2025-01-02 09:30:07.422835,2025-01-02 09:30:11.782345,0 days 00:00:04.359510,2,190,160.0,,,,,,,,,,,,,,,,,,,COMPLETE
207,207,0.7222222222222222,2025-01-02 09:30:11.782931,2025-01-02 09:30:15.024983,0 days 00:00:03.242052,1,180,,,,,,,,,,,,,,,,,,,,COMPLETE
208,208,0.6292486583184258,2025-01-02 09:30:15.025537,2025-01-02 09:30:18.906628,0 days 00:00:03.881091,1,180,,,,,,,,,,,,,,,,,,,,COMPLETE
209,209,0.6660869565217391,2025-01-02 09:30:18.907154,2025-01-02 09:30:22.583632,0 days 00:00:03.676478,1,195,,,,,,,,,,,,,,,,,,,,COMPLETE
210,210,0.7109649122807018,2025-01-02 09:30:22.584167,2025-01-02 09:30:27.132863,0 days 00:00:04.548696,2,160,175.0,,,,,,,,,,,,,,,,,,,COMPLETE
211,211,0.6153846153846154,2025-01-02 09:30:27.133421,2025-01-02 09:30:31.717964,0 days 00:00:04.584543,2,170,165.0,,,,,,,,,,,,,,,,,,,COMPLETE
212,212,0.6122448979591837,2025-01-02 09:30:31.718526,2025-01-02 09:30:36.096562,0 days 00:00:04.378036,1,180,,,,,,,,,,,,,,,,,,,,COMPLETE
213,213,0.546239837398374,2025-01-02 09:30:36.097134,2025-01-02 09:31:26.373430,0 days 00:00:50.276296,17,160,180.0,175.0,120.0,90.0,45.0,140.0,195.0,120.0,,,,150.0,45.0,90.0,180.0,120.0,5.0,125.0,170.0,COMPLETE
214,214,0.6570731707317073,2025-01-02 09:31:26.374321,2025-01-02 09:31:30.920781,0 days 00:00:04.546460,2,185,175.0,,,,,,,,,,,,,,,,,,,COMPLETE
215,215,0.6737588652482269,2025-01-02 09:31:30.921341,2025-01-02 09:31:35.285552,0 days 00:00:04.364211,1,170,,,,,,,,,,,,,,,,,,,,COMPLETE
216,216,0.5875,2025-01-02 09:31:35.286117,2025-01-02 09:31:40.006225,0 days 00:00:04.720108,2,175,185.0,,,,,,,,,,,,,,,,,,,COMPLETE
217,217,0.6057142857142856,2025-01-02 09:31:40.006814,2025-01-02 09:31:45.189479,0 days 00:00:05.182665,1,160,,,,,,,,,,,,,,,,,,,,COMPLETE
218,218,0.6333333333333333,2025-01-02 09:31:45.190032,2025-01-02 09:31:49.465788,0 days 00:00:04.275756,2,180,190.0,,,,,,,,,,,,,,,,,,,COMPLETE
219,219,0.5933268858800773,2025-01-02 09:31:49.466351,2025-01-02 09:31:53.942114,0 days 00:00:04.475763,1,175,,,,,,,,,,,,,,,,,,,,COMPLETE
220,220,0.6609336609336609,2025-01-02 09:31:53.942694,2025-01-02 09:31:58.164551,0 days 00:00:04.221857,2,185,155.0,,,,,,,,,,,,,,,,,,,COMPLETE
221,221,0.6594202898550725,2025-01-02 09:31:58.165116,2025-01-02 09:32:02.631322,0 days 00:00:04.466206,1,190,,,,,,,,,,,,,,,,,,,,COMPLETE
222,222,0.5727272727272728,2025-01-02 09:32:02.631893,2025-01-02 09:32:07.118179,0 days 00:00:04.486286,1,165,,,,,,,,,,,,,,,,,,,,COMPLETE
223,223,0.6269230769230769,2025-01-02 09:32:07.118733,2025-01-02 09:32:11.716655,0 days 00:00:04.597922,1,150,,,,,,,,,,,,,,,,,,,,COMPLETE
224,224,0.6396217023394724,2025-01-02 09:32:11.717184,2025-01-02 09:32:15.742498,0 days 00:00:04.025314,2,180,165.0,,,,,,,,,,,,,,,,,,,COMPLETE
225,225,0.5990697674418605,2025-01-02 09:32:15.743057,2025-01-02 09:32:20.234430,0 days 00:00:04.491373,1,95,,,,,,,,,,,,,,,,,,,,COMPLETE
226,226,0.6247954173486088,2025-01-02 09:32:20.234997,2025-01-02 09:32:25.713563,0 days 00:00:05.478566,1,185,,,,,,,,,,,,,,,,,,,,COMPLETE
227,227,0.6153846153846154,2025-01-02 09:32:25.714120,2025-01-02 09:32:31.170039,0 days 00:00:05.455919,2,175,150.0,,,,,,,,,,,,,,,,,,,COMPLETE
228,228,0.5679586563307493,2025-01-02 09:32:31.170624,2025-01-02 09:32:35.819903,0 days 00:00:04.649279,1,100,,,,,,,,,,,,,,,,,,,,COMPLETE
229,229,0.6737588652482269,2025-01-02 09:32:35.820459,2025-01-02 09:32:40.628009,0 days 00:00:04.807550,2,135,170.0,,,,,,,,,,,,,,,,,,,COMPLETE
230,230,0.6388367729831144,2025-01-02 09:32:40.628709,2025-01-02 09:32:44.876734,0 days 00:00:04.248025,1,170,,,,,,,,,,,,,,,,,,,,COMPLETE
231,231,0.6515366430260048,2025-01-02 09:32:44.877287,2025-01-02 09:32:48.737605,0 days 00:00:03.860318,1,85,,,,,,,,,,,,,,,,,,,,COMPLETE
232,232,0.7112794612794613,2025-01-02 09:32:48.738154,2025-01-02 09:32:52.583842,0 days 00:00:03.845688,1,75,,,,,,,,,,,,,,,,,,,,COMPLETE
233,233,0.6243478260869566,2025-01-02 09:32:52.584378,2025-01-02 09:32:55.587215,0 days 00:00:03.002837,1,80,,,,,,,,,,,,,,,,,,,,COMPLETE
234,234,0.637641723356009,2025-01-02 09:32:55.587761,2025-01-02 09:32:59.137739,0 days 00:00:03.549978,1,75,,,,,,,,,,,,,,,,,,,,COMPLETE
235,235,0.7297979797979798,2025-01-02 09:32:59.138292,2025-01-02 09:33:04.151051,0 days 00:00:05.012759,2,75,195.0,,,,,,,,,,,,,,,,,,,COMPLETE
236,236,0.6124031007751938,2025-01-02 09:33:04.151604,2025-01-02 09:33:09.145403,0 days 00:00:04.993799,2,95,200.0,,,,,,,,,,,,,,,,,,,COMPLETE
237,237,0.6011036657469452,2025-01-02 09:33:09.145996,2025-01-02 09:33:46.473116,0 days 00:00:37.327120,14,180,195.0,115.0,170.0,150.0,130.0,,,,,,,165.0,90.0,160.0,155.0,160.0,145.0,85.0,155.0,COMPLETE
238,238,0.6473149492017416,2025-01-02 09:33:46.474114,2025-01-02 09:33:51.380186,0 days 00:00:04.906072,2,75,145.0,,,,,,,,,,,,,,,,,,,COMPLETE
239,239,0.6653846153846154,2025-01-02 09:33:51.380767,2025-01-02 09:33:55.569630,0 days 00:00:04.188863,2,175,190.0,,,,,,,,,,,,,,,,,,,COMPLETE
240,240,0.7309833024118739,2025-01-02 09:33:55.570214,2025-01-02 09:33:59.762217,0 days 00:00:04.192003,1,125,,,,,,,,,,,,,,,,,,,,COMPLETE
241,241,0.5310310310310311,2025-01-02 09:33:59.762773,2025-01-02 09:34:03.567863,0 days 00:00:03.805090,1,125,,,,,,,,,,,,,,,,,,,,COMPLETE
242,242,0.6581818181818182,2025-01-02 09:34:03.568447,2025-01-02 09:34:07.551580,0 days 00:00:03.983133,1,120,,,,,,,,,,,,,,,,,,,,COMPLETE
243,243,0.614622641509434,2025-01-02 09:34:07.552115,2025-01-02 09:34:12.193083,0 days 00:00:04.640968,1,125,,,,,,,,,,,,,,,,,,,,COMPLETE
244,244,0.6260162601626016,2025-01-02 09:34:12.193630,2025-01-02 09:34:15.892583,0 days 00:00:03.698953,2,130,180.0,,,,,,,,,,,,,,,,,,,COMPLETE
245,245,0.6875,2025-01-02 09:34:15.893151,2025-01-02 09:34:20.406807,0 days 00:00:04.513656,1,185,,,,,,,,,,,,,,,,,,,,COMPLETE
246,246,0.6295238095238096,2025-01-02 09:34:20.407371,2025-01-02 09:34:24.801810,0 days 00:00:04.394439,1,135,,,,,,,,,,,,,,,,,,,,COMPLETE
247,247,0.6190476190476191,2025-01-02 09:34:24.802352,2025-01-02 09:34:28.528366,0 days 00:00:03.726014,2,120,195.0,,,,,,,,,,,,,,,,,,,COMPLETE
248,248,0.6444444444444444,2025-01-02 09:34:28.528932,2025-01-02 09:34:32.379762,0 days 00:00:03.850830,1,65,,,,,,,,,,,,,,,,,,,,COMPLETE
249,249,0.6228070175438596,2025-01-02 09:34:32.380307,2025-01-02 09:34:37.547266,0 days 00:00:05.166959,2,180,160.0,,,,,,,,,,,,,,,,,,,COMPLETE
250,250,0.5952157598499062,2025-01-02 09:34:37.547847,2025-01-02 09:34:43.533891,0 days 00:00:05.986044,3,75,185.0,,,,,,,,,,,135.0,,,,,,,,COMPLETE
251,251,0.6987179487179487,2025-01-02 09:34:43.534524,2025-01-02 09:34:47.522835,0 days 00:00:03.988311,1,100,,,,,,,,,,,,,,,,,,,,COMPLETE
252,252,0.6814814814814815,2025-01-02 09:34:47.523398,2025-01-02 09:34:51.881152,0 days 00:00:04.357754,2,190,175.0,,,,,,,,,,,,,,,,,,,COMPLETE
253,253,0.6360544217687074,2025-01-02 09:34:51.881738,2025-01-02 09:34:56.194680,0 days 00:00:04.312942,1,130,,,,,,,,,,,,,,,,,,,,COMPLETE
254,254,0.6785225718194254,2025-01-02 09:34:56.195221,2025-01-02 09:35:00.616573,0 days 00:00:04.421352,1,25,,,,,,,,,,,,,,,,,,,,COMPLETE
255,255,0.575,2025-01-02 09:35:00.617123,2025-01-02 09:35:05.435775,0 days 00:00:04.818652,2,70,135.0,,,,,,,,,,,,,,,,,,,COMPLETE
256,256,0.6312056737588652,2025-01-02 09:35:05.436307,2025-01-02 09:35:09.393585,0 days 00:00:03.957278,1,170,,,,,,,,,,,,,,,,,,,,COMPLETE
257,257,0.0967741935483871,2025-01-02 09:35:09.394121,2025-01-02 09:36:09.660704,0 days 00:01:00.266583,20,90,150.0,50.0,40.0,5.0,195.0,75.0,85.0,5.0,55.0,185.0,10.0,125.0,150.0,45.0,130.0,70.0,70.0,170.0,45.0,COMPLETE
258,258,0.3443223443223443,2025-01-02 09:36:09.661860,2025-01-02 09:36:16.251871,0 days 00:00:06.590011,5,60,140.0,,,,,,,,,,,175.0,190.0,100.0,,,,,,COMPLETE
259,259,0.7009090909090909,2025-01-02 09:36:16.252473,2025-01-02 09:36:20.952834,0 days 00:00:04.700361,3,175,180.0,,,,,,,,,,,60.0,,,,,,,,COMPLETE
260,260,0.5972222222222223,2025-01-02 09:36:20.953409,2025-01-02 09:36:26.689158,0 days 00:00:05.735749,3,200,180.0,,,,,,,,,,,65.0,,,,,,,,COMPLETE
261,261,0.6452569169960474,2025-01-02 09:36:26.689750,2025-01-02 09:36:32.721676,0 days 00:00:06.031926,3,95,185.0,,,,,,,,,,,55.0,,,,,,,,COMPLETE
262,262,0.5557432432432432,2025-01-02 09:36:32.722331,2025-01-02 09:36:38.052025,0 days 00:00:05.329694,3,80,195.0,,,,,,,,,,,40.0,,,,,,,,COMPLETE
263,263,0.6599999999999999,2025-01-02 09:36:38.052648,2025-01-02 09:36:42.411652,0 days 00:00:04.359004,2,105,165.0,,,,,,,,,,,,,,,,,,,COMPLETE
264,264,0.6031468531468531,2025-01-02 09:36:42.412206,2025-01-02 09:36:51.086958,0 days 00:00:08.674752,4,180,190.0,,,,,,,,,,,85.0,75.0,,,,,,,COMPLETE
265,265,0.6918238993710691,2025-01-02 09:36:51.087577,2025-01-02 09:36:55.735935,0 days 00:00:04.648358,2,130,170.0,,,,,,,,,,,,,,,,,,,COMPLETE
266,266,0.5245098039215687,2025-01-02 09:36:55.736512,2025-01-02 09:36:59.938012,0 days 00:00:04.201500,2,70,200.0,,,,,,,,,,,,,,,,,,,COMPLETE
267,267,0.6124031007751938,2025-01-02 09:36:59.938614,2025-01-02 09:37:05.011404,0 days 00:00:05.072790,3,165,175.0,,,,,,,,,,,30.0,,,,,,,,COMPLETE
268,268,0.7088372093023256,2025-01-02 09:37:05.012013,2025-01-02 09:37:08.771615,0 days 00:00:03.759602,1,185,,,,,,,,,,,,,,,,,,,,COMPLETE
269,269,0.6862745098039216,2025-01-02 09:37:08.772160,2025-01-02 09:37:12.661899,0 days 00:00:03.889739,1,185,,,,,,,,,,,,,,,,,,,,COMPLETE
270,270,0.650733752620545,2025-01-02 09:37:12.662489,2025-01-02 09:37:16.630101,0 days 00:00:03.967612,1,190,,,,,,,,,,,,,,,,,,,,COMPLETE
271,271,0.6723484848484849,2025-01-02 09:37:16.630672,2025-01-02 09:37:20.655259,0 days 00:00:04.024587,1,140,,,,,,,,,,,,,,,,,,,,COMPLETE
272,272,0.6530100334448161,2025-01-02 09:37:20.655825,2025-01-02 09:37:25.483682,0 days 00:00:04.827857,1,185,,,,,,,,,,,,,,,,,,,,COMPLETE
273,273,0.5619047619047619,2025-01-02 09:37:25.484241,2025-01-02 09:37:29.886345,0 days 00:00:04.402104,2,100,130.0,,,,,,,,,,,,,,,,,,,COMPLETE
274,274,0.6673469387755102,2025-01-02 09:37:29.886953,2025-01-02 09:37:33.708879,0 days 00:00:03.821926,1,195,,,,,,,,,,,,,,,,,,,,COMPLETE
275,275,0.5851922164214522,2025-01-02 09:37:33.709415,2025-01-02 09:37:36.395219,0 days 00:00:02.685804,1,90,,,,,,,,,,,,,,,,,,,,COMPLETE
276,276,0.6223776223776224,2025-01-02 09:37:36.395800,2025-01-02 09:37:41.733207,0 days 00:00:05.337407,2,80,160.0,,,,,,,,,,,,,,,,,,,COMPLETE
277,277,0.6156462585034014,2025-01-02 09:37:41.733810,2025-01-02 09:37:45.562561,0 days 00:00:03.828751,1,125,,,,,,,,,,,,,,,,,,,,COMPLETE
278,278,0.6923469387755102,2025-01-02 09:37:45.563172,2025-01-02 09:37:49.754618,0 days 00:00:04.191446,2,110,145.0,,,,,,,,,,,,,,,,,,,COMPLETE
279,279,0.7369121561668146,2025-01-02 09:37:49.755191,2025-01-02 09:37:54.825423,0 days 00:00:05.070232,1,95,,,,,,,,,,,,,,,,,,,,COMPLETE
280,280,0.5957547169811321,2025-01-02 09:37:54.826008,2025-01-02 09:37:58.791678,0 days 00:00:03.965670,1,180,,,,,,,,,,,,,,,,,,,,COMPLETE
281,281,0.7229024943310658,2025-01-02 09:37:58.792206,2025-01-02 09:38:02.858953,0 days 00:00:04.066747,1,50,,,,,,,,,,,,,,,,,,,,COMPLETE
282,282,0.30069930069930073,2025-01-02 09:38:02.859511,2025-01-02 09:38:30.933735,0 days 00:00:28.074224,9,30,155.0,,,,,,,,,,,100.0,30.0,140.0,45.0,140.0,35.0,35.0,,COMPLETE
283,283,0.6140350877192982,2025-01-02 09:38:30.934515,2025-01-02 09:38:35.549215,0 days 00:00:04.614700,1,50,,,,,,,,,,,,,,,,,,,,COMPLETE
284,284,0.5077691453940066,2025-01-02 09:38:35.549943,2025-01-02 09:38:43.514904,0 days 00:00:07.964961,7,35,40.0,,,,,,,,,,,75.0,60.0,10.0,185.0,95.0,,,,COMPLETE
285,285,0.6666666666666666,2025-01-02 09:38:43.515594,2025-01-02 09:38:47.770253,0 days 00:00:04.254659,1,45,,,,,,,,,,,,,,,,,,,,COMPLETE
286,286,0.2976827094474154,2025-01-02 09:38:47.770809,2025-01-02 09:39:26.457750,0 days 00:00:38.686941,13,50,140.0,30.0,105.0,50.0,,,,,,,,110.0,115.0,185.0,105.0,185.0,135.0,25.0,110.0,COMPLETE
287,287,0.16781609195402297,2025-01-02 09:39:26.458571,2025-01-02 09:39:54.560529,0 days 00:00:28.101958,10,65,160.0,,,,,,,,,,,15.0,135.0,75.0,15.0,30.0,105.0,130.0,75.0,COMPLETE
288,288,0.6742424242424242,2025-01-02 09:39:54.561318,2025-01-02 09:39:58.826663,0 days 00:00:04.265345,1,75,,,,,,,,,,,,,,,,,,,,COMPLETE
289,289,0.6286727456940223,2025-01-02 09:39:58.827259,2025-01-02 09:40:03.282436,0 days 00:00:04.455177,2,85,165.0,,,,,,,,,,,,,,,,,,,COMPLETE
290,290,0.6950757575757576,2025-01-02 09:40:03.283010,2025-01-02 09:40:07.909591,0 days 00:00:04.626581,1,190,,,,,,,,,,,,,,,,,,,,COMPLETE
291,291,0.6339066339066339,2025-01-02 09:40:07.910153,2025-01-02 09:40:12.021249,0 days 00:00:04.111096,2,185,150.0,,,,,,,,,,,,,,,,,,,COMPLETE
292,292,0.6666666666666666,2025-01-02 09:40:12.021823,2025-01-02 09:40:15.753686,0 days 00:00:03.731863,1,40,,,,,,,,,,,,,,,,,,,,COMPLETE
293,293,0.6933333333333334,2025-01-02 09:40:15.754233,2025-01-02 09:40:25.912270,0 days 00:00:10.158037,1,5,,,,,,,,,,,,,,,,,,,,COMPLETE
294,294,0.6405090137857901,2025-01-02 09:40:25.912850,2025-01-02 09:40:30.203472,0 days 00:00:04.290622,2,90,135.0,,,,,,,,,,,,,,,,,,,COMPLETE
295,295,0.6257142857142857,2025-01-02 09:40:30.204061,2025-01-02 09:40:35.258562,0 days 00:00:05.054501,2,55,80.0,,,,,,,,,,,,,,,,,,,COMPLETE
296,296,0.6190476190476191,2025-01-02 09:40:35.259138,2025-01-02 09:40:40.025363,0 days 00:00:04.766225,1,95,,,,,,,,,,,,,,,,,,,,COMPLETE
297,297,0.6154545454545455,2025-01-02 09:40:40.025958,2025-01-02 09:40:44.386800,0 days 00:00:04.360842,1,115,,,,,,,,,,,,,,,,,,,,COMPLETE
298,298,0.1748768472906404,2025-01-02 09:40:44.387364,2025-01-02 09:41:20.925314,0 days 00:00:36.537950,12,100,175.0,170.0,170.0,,,,,,,,,130.0,100.0,40.0,45.0,5.0,20.0,85.0,5.0,COMPLETE
299,299,0.5950113378684807,2025-01-02 09:41:20.926164,2025-01-02 09:41:25.583075,0 days 00:00:04.656911,1,75,,,,,,,,,,,,,,,,,,,,COMPLETE
300,300,0.6619433198380567,2025-01-02 09:41:25.583667,2025-01-02 09:41:30.552408,0 days 00:00:04.968741,2,195,125.0,,,,,,,,,,,,,,,,,,,COMPLETE
301,301,0.655266757865937,2025-01-02 09:41:30.552995,2025-01-02 09:41:35.075939,0 days 00:00:04.522944,2,185,140.0,,,,,,,,,,,,,,,,,,,COMPLETE
302,302,0.5639024390243903,2025-01-02 09:41:35.076579,2025-01-02 09:41:39.307600,0 days 00:00:04.231021,1,70,,,,,,,,,,,,,,,,,,,,COMPLETE
303,303,0.7161841480778358,2025-01-02 09:41:39.308297,2025-01-02 09:41:43.992557,0 days 00:00:04.684260,1,150,,,,,,,,,,,,,,,,,,,,COMPLETE
304,304,0.7009090909090909,2025-01-02 09:41:43.993156,2025-01-02 09:41:47.158477,0 days 00:00:03.165321,1,150,,,,,,,,,,,,,,,,,,,,COMPLETE
305,305,0.366571018651363,2025-01-02 09:41:47.159034,2025-01-02 09:42:00.608431,0 days 00:00:13.449397,8,160,55.0,,,,,,,,,,,120.0,150.0,105.0,120.0,65.0,175.0,,,COMPLETE
306,306,0.6213369963369964,2025-01-02 09:42:00.609119,2025-01-02 09:42:04.817137,0 days 00:00:04.208018,2,145,105.0,,,,,,,,,,,,,,,,,,,COMPLETE
307,307,0.6711229946524064,2025-01-02 09:42:04.817736,2025-01-02 09:42:09.059092,0 days 00:00:04.241356,1,170,,,,,,,,,,,,,,,,,,,,COMPLETE
308,308,0.6294736842105264,2025-01-02 09:42:09.059676,2025-01-02 09:42:13.619232,0 days 00:00:04.559556,2,80,185.0,,,,,,,,,,,,,,,,,,,COMPLETE
309,309,0.6680143755615453,2025-01-02 09:42:13.619819,2025-01-02 09:42:17.259536,0 days 00:00:03.639717,1,175,,,,,,,,,,,,,,,,,,,,COMPLETE
310,310,0.6219851576994434,2025-01-02 09:42:17.260105,2025-01-02 09:42:20.877251,0 days 00:00:03.617146,1,180,,,,,,,,,,,,,,,,,,,,COMPLETE
311,311,0.5515239477503628,2025-01-02 09:42:20.877844,2025-01-02 09:42:25.078973,0 days 00:00:04.201129,1,80,,,,,,,,,,,,,,,,,,,,COMPLETE
312,312,0.3222222222222222,2025-01-02 09:42:25.079554,2025-01-02 09:43:11.945240,0 days 00:00:46.865686,15,155,155.0,125.0,170.0,160.0,130.0,150.0,,,,,,95.0,5.0,55.0,145.0,120.0,40.0,200.0,180.0,COMPLETE
313,313,0.6268518518518519,2025-01-02 09:43:11.946553,2025-01-02 09:43:17.054797,0 days 00:00:05.108244,2,120,170.0,,,,,,,,,,,,,,,,,,,COMPLETE
314,314,0.615,2025-01-02 09:43:17.055398,2025-01-02 09:43:22.566996,0 days 00:00:05.511598,2,165,20.0,,,,,,,,,,,,,,,,,,,COMPLETE
315,315,0.5927952576379389,2025-01-02 09:43:22.567603,2025-01-02 09:43:27.485042,0 days 00:00:04.917439,1,15,,,,,,,,,,,,,,,,,,,,COMPLETE
316,316,0.6452358926919519,2025-01-02 09:43:27.485633,2025-01-02 09:43:32.706919,0 days 00:00:05.221286,1,60,,,,,,,,,,,,,,,,,,,,COMPLETE
317,317,0.6136363636363635,2025-01-02 09:43:32.707510,2025-01-02 09:43:37.472713,0 days 00:00:04.765203,2,180,145.0,,,,,,,,,,,,,,,,,,,COMPLETE
318,318,0.5851922164214522,2025-01-02 09:43:37.473304,2025-01-02 09:43:42.351735,0 days 00:00:04.878431,1,155,,,,,,,,,,,,,,,,,,,,COMPLETE
319,319,0.6295238095238096,2025-01-02 09:43:42.352309,2025-01-02 09:43:47.148285,0 days 00:00:04.795976,2,175,130.0,,,,,,,,,,,,,,,,,,,COMPLETE
320,320,0.5950113378684807,2025-01-02 09:43:47.148904,2025-01-02 09:43:52.388122,0 days 00:00:05.239218,1,75,,,,,,,,,,,,,,,,,,,,COMPLETE
321,321,0.6428571428571428,2025-01-02 09:43:52.388713,2025-01-02 09:43:56.185380,0 days 00:00:03.796667,1,85,,,,,,,,,,,,,,,,,,,,COMPLETE
322,322,0.6148255813953488,2025-01-02 09:43:56.185952,2025-01-02 09:44:01.731009,0 days 00:00:05.545057,2,190,135.0,,,,,,,,,,,,,,,,,,,COMPLETE
323,323,0.6057142857142856,2025-01-02 09:44:01.731594,2025-01-02 09:44:06.709280,0 days 00:00:04.977686,1,150,,,,,,,,,,,,,,,,,,,,COMPLETE
324,324,0.7006802721088435,2025-01-02 09:44:06.709876,2025-01-02 09:44:10.384407,0 days 00:00:03.674531,2,65,170.0,,,,,,,,,,,,,,,,,,,COMPLETE
325,325,0.7106918238993711,2025-01-02 09:44:10.384984,2025-01-02 09:44:13.554443,0 days 00:00:03.169459,1,70,,,,,,,,,,,,,,,,,,,,COMPLETE
326,326,0.7009090909090909,2025-01-02 09:44:13.555035,2025-01-02 09:44:19.154133,0 days 00:00:05.599098,1,80,,,,,,,,,,,,,,,,,,,,COMPLETE
327,327,0.5982142857142857,2025-01-02 09:44:19.154730,2025-01-02 09:44:24.019942,0 days 00:00:04.865212,1,75,,,,,,,,,,,,,,,,,,,,COMPLETE
328,328,0.6154545454545455,2025-01-02 09:44:24.020540,2025-01-02 09:44:27.290191,0 days 00:00:03.269651,1,70,,,,,,,,,,,,,,,,,,,,COMPLETE
329,329,0.6933333333333334,2025-01-02 09:44:27.290810,2025-01-02 09:44:31.429116,0 days 00:00:04.138306,1,70,,,,,,,,,,,,,,,,,,,,COMPLETE
330,330,0.26203703703703707,2025-01-02 09:44:31.429832,2025-01-02 09:45:24.016878,0 days 00:00:52.587046,19,40,100.0,85.0,50.0,120.0,35.0,45.0,145.0,105.0,90.0,105.0,,150.0,85.0,35.0,60.0,90.0,70.0,50.0,140.0,COMPLETE
331,331,0.6292486583184258,2025-01-02 09:45:24.018071,2025-01-02 09:45:28.659022,0 days 00:00:04.640951,1,65,,,,,,,,,,,,,,,,,,,,COMPLETE
332,332,0.6802721088435374,2025-01-02 09:45:28.659640,2025-01-02 09:45:32.744466,0 days 00:00:04.084826,1,120,,,,,,,,,,,,,,,,,,,,COMPLETE
333,333,0.5637254901960784,2025-01-02 09:45:32.745068,2025-01-02 09:45:37.135466,0 days 00:00:04.390398,1,75,,,,,,,,,,,,,,,,,,,,COMPLETE
334,334,0.6447124304267161,2025-01-02 09:45:37.136060,2025-01-02 09:45:42.692746,0 days 00:00:05.556686,2,70,90.0,,,,,,,,,,,,,,,,,,,COMPLETE
335,335,0.7151730257320319,2025-01-02 09:45:42.693329,2025-01-02 09:45:46.977663,0 days 00:00:04.284334,1,95,,,,,,,,,,,,,,,,,,,,COMPLETE
336,336,0.637641723356009,2025-01-02 09:45:46.978262,2025-01-02 09:45:50.080502,0 days 00:00:03.102240,1,95,,,,,,,,,,,,,,,,,,,,COMPLETE
337,337,0.6388367729831144,2025-01-02 09:45:50.081086,2025-01-02 09:45:58.717027,0 days 00:00:08.635941,6,90,110.0,,,,,,,,,,,80.0,110.0,15.0,35.0,,,,,COMPLETE
338,338,0.641025641025641,2025-01-02 09:45:58.717716,2025-01-02 09:46:03.851081,0 days 00:00:05.133365,2,90,120.0,,,,,,,,,,,,,,,,,,,COMPLETE
339,339,0.6452358926919519,2025-01-02 09:46:03.851696,2025-01-02 09:46:08.536110,0 days 00:00:04.684414,1,105,,,,,,,,,,,,,,,,,,,,COMPLETE
340,340,0.7288372093023257,2025-01-02 09:46:08.538187,2025-01-02 09:46:12.088582,0 days 00:00:03.550395,1,95,,,,,,,,,,,,,,,,,,,,COMPLETE
341,341,0.7037037037037037,2025-01-02 09:46:12.089175,2025-01-02 09:46:16.968628,0 days 00:00:04.879453,1,95,,,,,,,,,,,,,,,,,,,,COMPLETE
342,342,0.6755637367694431,2025-01-02 09:46:16.969216,2025-01-02 09:46:20.736867,0 days 00:00:03.767651,1,95,,,,,,,,,,,,,,,,,,,,COMPLETE
343,343,0.6190476190476191,2025-01-02 09:46:20.737424,2025-01-02 09:46:24.617052,0 days 00:00:03.879628,1,100,,,,,,,,,,,,,,,,,,,,COMPLETE
344,344,0.6275058275058275,2025-01-02 09:46:24.617628,2025-01-02 09:46:29.614026,0 days 00:00:04.996398,1,85,,,,,,,,,,,,,,,,,,,,COMPLETE
345,345,0.6785225718194254,2025-01-02 09:46:29.614614,2025-01-02 09:46:33.344545,0 days 00:00:03.729931,1,90,,,,,,,,,,,,,,,,,,,,COMPLETE
346,346,0.6689250225835592,2025-01-02 09:46:33.345152,2025-01-02 09:46:37.099806,0 days 00:00:03.754654,1,100,,,,,,,,,,,,,,,,,,,,COMPLETE
347,347,0.6168478260869565,2025-01-02 09:46:37.100395,2025-01-02 09:46:42.842713,0 days 00:00:05.742318,2,90,65.0,,,,,,,,,,,,,,,,,,,COMPLETE
348,348,0.6001979218208807,2025-01-02 09:46:42.843320,2025-01-02 09:46:47.111945,0 days 00:00:04.268625,1,145,,,,,,,,,,,,,,,,,,,,COMPLETE
349,349,0.665,2025-01-02 09:46:47.112515,2025-01-02 09:46:50.869511,0 days 00:00:03.756996,2,125,75.0,,,,,,,,,,,,,,,,,,,COMPLETE
350,350,0.637641723356009,2025-01-02 09:46:50.870100,2025-01-02 09:46:55.348096,0 days 00:00:04.477996,1,95,,,,,,,,,,,,,,,,,,,,COMPLETE
351,351,0.713458110516934,2025-01-02 09:46:55.348687,2025-01-02 09:47:00.045866,0 days 00:00:04.697179,1,105,,,,,,,,,,,,,,,,,,,,COMPLETE
352,352,0.6700143472022956,2025-01-02 09:47:00.046422,2025-01-02 09:47:03.682306,0 days 00:00:03.635884,1,115,,,,,,,,,,,,,,,,,,,,COMPLETE
353,353,0.6219851576994434,2025-01-02 09:47:03.682903,2025-01-02 09:47:07.192838,0 days 00:00:03.509935,1,105,,,,,,,,,,,,,,,,,,,,COMPLETE
354,354,0.5358139534883721,2025-01-02 09:47:07.193425,2025-01-02 09:47:11.034013,0 days 00:00:03.840588,1,110,,,,,,,,,,,,,,,,,,,,COMPLETE
355,355,0.713458110516934,2025-01-02 09:47:11.034587,2025-01-02 09:47:14.559448,0 days 00:00:03.524861,1,100,,,,,,,,,,,,,,,,,,,,COMPLETE
356,356,0.7023584905660378,2025-01-02 09:47:14.560045,2025-01-02 09:47:19.306170,0 days 00:00:04.746125,1,105,,,,,,,,,,,,,,,,,,,,COMPLETE
357,357,0.6356589147286822,2025-01-02 09:47:19.306797,2025-01-02 09:47:23.423982,0 days 00:00:04.117185,1,100,,,,,,,,,,,,,,,,,,,,COMPLETE
358,358,0.7019927536231885,2025-01-02 09:47:23.424689,2025-01-02 09:47:27.408362,0 days 00:00:03.983673,1,110,,,,,,,,,,,,,,,,,,,,COMPLETE
359,359,0.608983451536643,2025-01-02 09:47:27.408950,2025-01-02 09:47:32.555396,0 days 00:00:05.146446,2,100,10.0,,,,,,,,,,,,,,,,,,,COMPLETE
360,360,0.6452358926919519,2025-01-02 09:47:32.555998,2025-01-02 09:47:37.199692,0 days 00:00:04.643694,1,95,,,,,,,,,,,,,,,,,,,,COMPLETE
361,361,0.6755637367694431,2025-01-02 09:47:37.200271,2025-01-02 09:47:41.038853,0 days 00:00:03.838582,2,85,30.0,,,,,,,,,,,,,,,,,,,COMPLETE
362,362,0.5915697674418605,2025-01-02 09:47:41.039445,2025-01-02 09:47:46.080841,0 days 00:00:05.041396,1,105,,,,,,,,,,,,,,,,,,,,COMPLETE
363,363,0.6583333333333333,2025-01-02 09:47:46.081437,2025-01-02 09:47:50.089908,0 days 00:00:04.008471,1,100,,,,,,,,,,,,,,,,,,,,COMPLETE
364,364,0.64,2025-01-02 09:47:50.090478,2025-01-02 09:47:53.995024,0 days 00:00:03.904546,2,115,85.0,,,,,,,,,,,,,,,,,,,COMPLETE
365,365,0.6581818181818182,2025-01-02 09:47:53.995668,2025-01-02 09:47:58.217568,0 days 00:00:04.221900,1,85,,,,,,,,,,,,,,,,,,,,COMPLETE
366,366,0.654978354978355,2025-01-02 09:47:58.218133,2025-01-02 09:48:02.806295,0 days 00:00:04.588162,1,95,,,,,,,,,,,,,,,,,,,,COMPLETE
367,367,0.6388367729831144,2025-01-02 09:48:02.806860,2025-01-02 09:48:07.347977,0 days 00:00:04.541117,2,95,70.0,,,,,,,,,,,,,,,,,,,COMPLETE
368,368,0.7213862289101687,2025-01-02 09:48:07.348588,2025-01-02 09:48:10.705379,0 days 00:00:03.356791,1,90,,,,,,,,,,,,,,,,,,,,COMPLETE
369,369,0.5727272727272728,2025-01-02 09:48:10.706005,2025-01-02 09:48:14.574909,0 days 00:00:03.868904,1,80,,,,,,,,,,,,,,,,,,,,COMPLETE
370,370,0.622051282051282,2025-01-02 09:48:14.575522,2025-01-02 09:48:18.495825,0 days 00:00:03.920303,2,90,195.0,,,,,,,,,,,,,,,,,,,COMPLETE
371,371,0.6632270168855534,2025-01-02 09:48:18.496433,2025-01-02 09:48:22.921751,0 days 00:00:04.425318,1,110,,,,,,,,,,,,,,,,,,,,COMPLETE
372,372,0.6452358926919519,2025-01-02 09:48:22.922335,2025-01-02 09:48:27.263573,0 days 00:00:04.341238,1,120,,,,,,,,,,,,,,,,,,,,COMPLETE
373,373,0.5181030086690463,2025-01-02 09:48:27.264171,2025-01-02 09:48:31.620978,0 days 00:00:04.356807,2,90,200.0,,,,,,,,,,,,,,,,,,,COMPLETE
374,374,0.6651205936920223,2025-01-02 09:48:31.621569,2025-01-02 09:48:35.577273,0 days 00:00:03.955704,1,80,,,,,,,,,,,,,,,,,,,,COMPLETE
375,375,0.7005813953488372,2025-01-02 09:48:35.577860,2025-01-02 09:48:39.407140,0 days 00:00:03.829280,1,135,,,,,,,,,,,,,,,,,,,,COMPLETE
376,376,0.6360544217687074,2025-01-02 09:48:39.407738,2025-01-02 09:48:44.061773,0 days 00:00:04.654035,2,120,195.0,,,,,,,,,,,,,,,,,,,COMPLETE
377,377,0.6231578947368421,2025-01-02 09:48:44.062385,2025-01-02 09:48:48.102835,0 days 00:00:04.040450,1,115,,,,,,,,,,,,,,,,,,,,COMPLETE
378,378,0.7288372093023257,2025-01-02 09:48:48.103418,2025-01-02 09:48:52.064314,0 days 00:00:03.960896,1,85,,,,,,,,,,,,,,,,,,,,COMPLETE
379,379,0.5820181731229077,2025-01-02 09:48:52.064912,2025-01-02 09:48:55.942067,0 days 00:00:03.877155,2,85,95.0,,,,,,,,,,,,,,,,,,,COMPLETE
380,380,0.5727272727272728,2025-01-02 09:48:55.942710,2025-01-02 09:49:00.669833,0 days 00:00:04.727123,1,90,,,,,,,,,,,,,,,,,,,,COMPLETE
381,381,0.7120158887785502,2025-01-02 09:49:00.670440,2025-01-02 09:49:03.882250,0 days 00:00:03.211810,1,85,,,,,,,,,,,,,,,,,,,,COMPLETE
382,382,0.5394736842105263,2025-01-02 09:49:03.882832,2025-01-02 09:49:38.190152,0 days 00:00:34.307320,11,85,80.0,100.0,,,,,,,,,,70.0,65.0,135.0,80.0,165.0,15.0,170.0,30.0,COMPLETE
383,383,0.5317028985507246,2025-01-02 09:49:38.190990,2025-01-02 09:49:41.960679,0 days 00:00:03.769689,1,85,,,,,,,,,,,,,,,,,,,,COMPLETE
384,384,0.5771649733913884,2025-01-02 09:49:41.961246,2025-01-02 09:49:46.408070,0 days 00:00:04.446824,1,90,,,,,,,,,,,,,,,,,,,,COMPLETE
385,385,0.637641723356009,2025-01-02 09:49:46.408679,2025-01-02 09:49:51.256457,0 days 00:00:04.847778,1,80,,,,,,,,,,,,,,,,,,,,COMPLETE
386,386,0.6148255813953488,2025-01-02 09:49:51.257063,2025-01-02 09:49:54.830772,0 days 00:00:03.573709,1,90,,,,,,,,,,,,,,,,,,,,COMPLETE
387,387,0.48229263746505124,2025-01-02 09:49:54.831366,2025-01-02 09:50:42.957641,0 days 00:00:48.126275,17,85,90.0,20.0,100.0,200.0,100.0,155.0,45.0,65.0,,,,40.0,50.0,150.0,100.0,185.0,40.0,200.0,60.0,COMPLETE
388,388,0.5950113378684807,2025-01-02 09:50:42.958778,2025-01-02 09:50:47.703566,0 days 00:00:04.744788,1,125,,,,,,,,,,,,,,,,,,,,COMPLETE
389,389,0.637330754352031,2025-01-02 09:50:47.704157,2025-01-02 09:50:52.696523,0 days 00:00:04.992366,1,95,,,,,,,,,,,,,,,,,,,,COMPLETE
390,390,0.6666666666666666,2025-01-02 09:50:52.697103,2025-01-02 09:50:58.087474,0 days 00:00:05.390371,1,80,,,,,,,,,,,,,,,,,,,,COMPLETE
391,391,0.6154545454545455,2025-01-02 09:50:58.088058,2025-01-02 09:51:04.268016,0 days 00:00:06.179958,1,95,,,,,,,,,,,,,,,,,,,,COMPLETE
392,392,0.5894736842105264,2025-01-02 09:51:04.268633,2025-01-02 09:51:09.847649,0 days 00:00:05.579016,2,105,60.0,,,,,,,,,,,,,,,,,,,COMPLETE
393,393,0.6064690026954178,2025-01-02 09:51:09.848252,2025-01-02 09:51:14.503249,0 days 00:00:04.654997,1,85,,,,,,,,,,,,,,,,,,,,COMPLETE
394,394,0.7296918767507004,2025-01-02 09:51:14.503859,2025-01-02 09:51:18.833863,0 days 00:00:04.330004,1,100,,,,,,,,,,,,,,,,,,,,COMPLETE
395,395,0.6779411764705883,2025-01-02 09:51:18.834440,2025-01-02 09:51:22.640568,0 days 00:00:03.806128,2,95,85.0,,,,,,,,,,,,,,,,,,,COMPLETE
396,396,0.7213862289101687,2025-01-02 09:51:22.641173,2025-01-02 09:51:26.168799,0 days 00:00:03.527626,1,100,,,,,,,,,,,,,,,,,,,,COMPLETE
397,397,0.6396217023394724,2025-01-02 09:51:26.169415,2025-01-02 09:51:30.637533,0 days 00:00:04.468118,2,100,50.0,,,,,,,,,,,,,,,,,,,COMPLETE
398,398,0.6739130434782609,2025-01-02 09:51:30.638145,2025-01-02 09:51:36.085796,0 days 00:00:05.447651,1,110,,,,,,,,,,,,,,,,,,,,COMPLETE
399,399,0.6632270168855534,2025-01-02 09:51:36.086371,2025-01-02 09:51:40.808366,0 days 00:00:04.721995,1,100,,,,,,,,,,,,,,,,,,,,COMPLETE
400,400,0.6665124884366327,2025-01-02 09:51:40.808964,2025-01-02 09:51:44.761768,0 days 00:00:03.952804,1,105,,,,,,,,,,,,,,,,,,,,COMPLETE
401,401,0.6228070175438596,2025-01-02 09:51:44.762357,2025-01-02 09:51:49.316129,0 days 00:00:04.553772,2,100,70.0,,,,,,,,,,,,,,,,,,,COMPLETE
402,402,0.6356589147286822,2025-01-02 09:51:49.316733,2025-01-02 09:51:53.541877,0 days 00:00:04.225144,1,105,,,,,,,,,,,,,,,,,,,,COMPLETE
403,403,0.48404255319148937,2025-01-02 09:51:53.542467,2025-01-02 09:52:01.959500,0 days 00:00:08.417033,5,100,70.0,,,,,,,,,,,90.0,160.0,120.0,,,,,,COMPLETE
404,404,0.6388367729831144,2025-01-02 09:52:01.960172,2025-01-02 09:52:05.943423,0 days 00:00:03.983251,2,95,75.0,,,,,,,,,,,,,,,,,,,COMPLETE
405,405,0.6302600472813239,2025-01-02 09:52:05.944065,2025-01-02 09:52:10.426086,0 days 00:00:04.482021,1,130,,,,,,,,,,,,,,,,,,,,COMPLETE
406,406,0.7088372093023256,2025-01-02 09:52:10.426674,2025-01-02 09:52:14.073329,0 days 00:00:03.646655,1,95,,,,,,,,,,,,,,,,,,,,COMPLETE
407,407,0.6660877116804169,2025-01-02 09:52:14.073935,2025-01-02 09:52:18.527313,0 days 00:00:04.453378,1,105,,,,,,,,,,,,,,,,,,,,COMPLETE
408,408,0.6755637367694431,2025-01-02 09:52:18.527917,2025-01-02 09:52:23.417805,0 days 00:00:04.889888,2,100,95.0,,,,,,,,,,,,,,,,,,,COMPLETE
409,409,0.6016260162601625,2025-01-02 09:52:23.418405,2025-01-02 09:52:27.237433,0 days 00:00:03.819028,1,110,,,,,,,,,,,,,,,,,,,,COMPLETE
410,410,0.6428571428571428,2025-01-02 09:52:27.238054,2025-01-02 09:52:31.362444,0 days 00:00:04.124390,1,90,,,,,,,,,,,,,,,,,,,,COMPLETE
411,411,0.6584905660377358,2025-01-02 09:52:31.363056,2025-01-02 09:52:36.182157,0 days 00:00:04.819101,2,115,45.0,,,,,,,,,,,,,,,,,,,COMPLETE
412,412,0.6260162601626016,2025-01-02 09:52:36.182791,2025-01-02 09:52:40.437368,0 days 00:00:04.254577,2,100,110.0,,,,,,,,,,,,,,,,,,,COMPLETE
413,413,0.6288561936402468,2025-01-02 09:52:40.438032,2025-01-02 09:52:45.251411,0 days 00:00:04.813379,1,95,,,,,,,,,,,,,,,,,,,,COMPLETE
414,414,0.6814634146341464,2025-01-02 09:52:45.252017,2025-01-02 09:52:49.696058,0 days 00:00:04.444041,1,125,,,,,,,,,,,,,,,,,,,,COMPLETE
415,415,0.6013888888888889,2025-01-02 09:52:49.696677,2025-01-02 09:52:53.887950,0 days 00:00:04.191273,2,105,60.0,,,,,,,,,,,,,,,,,,,COMPLETE
416,416,0.6103723404255319,2025-01-02 09:52:53.888576,2025-01-02 09:52:58.537226,0 days 00:00:04.648650,1,100,,,,,,,,,,,,,,,,,,,,COMPLETE
417,417,0.5701357466063348,2025-01-02 09:52:58.537920,2025-01-02 09:53:02.578838,0 days 00:00:04.040918,1,90,,,,,,,,,,,,,,,,,,,,COMPLETE
418,418,0.6874435411020776,2025-01-02 09:53:02.579519,2025-01-02 09:53:07.006081,0 days 00:00:04.426562,1,95,,,,,,,,,,,,,,,,,,,,COMPLETE
419,419,0.6666666666666666,2025-01-02 09:53:07.006704,2025-01-02 09:53:11.438990,0 days 00:00:04.432286,2,140,105.0,,,,,,,,,,,,,,,,,,,COMPLETE
420,420,0.6541005291005291,2025-01-02 09:53:11.439621,2025-01-02 09:53:22.703445,0 days 00:00:11.263824,6,115,80.0,,,,,,,,,,,50.0,25.0,70.0,160.0,,,,,COMPLETE
421,421,0.6236111111111111,2025-01-02 09:53:22.704137,2025-01-02 09:53:26.630960,0 days 00:00:03.926823,1,90,,,,,,,,,,,,,,,,,,,,COMPLETE
422,422,0.6219851576994434,2025-01-02 09:53:26.631573,2025-01-02 09:53:30.670886,0 days 00:00:04.039313,2,105,150.0,,,,,,,,,,,,,,,,,,,COMPLETE
423,423,0.7132107023411371,2025-01-02 09:53:30.671496,2025-01-02 09:53:34.670775,0 days 00:00:03.999279,1,130,,,,,,,,,,,,,,,,,,,,COMPLETE
424,424,0.6717352415026834,2025-01-02 09:53:34.671363,2025-01-02 09:53:38.300569,0 days 00:00:03.629206,1,25,,,,,,,,,,,,,,,,,,,,COMPLETE
425,425,0.6439962476547842,2025-01-02 09:53:38.301163,2025-01-02 09:53:43.115420,0 days 00:00:04.814257,2,120,115.0,,,,,,,,,,,,,,,,,,,COMPLETE
426,426,0.563051375194603,2025-01-02 09:53:43.116055,2025-01-02 09:53:47.310922,0 days 00:00:04.194867,1,100,,,,,,,,,,,,,,,,,,,,COMPLETE
427,427,0.6286727456940223,2025-01-02 09:53:47.311551,2025-01-02 09:53:51.697906,0 days 00:00:04.386355,1,110,,,,,,,,,,,,,,,,,,,,COMPLETE
428,428,0.6581818181818182,2025-01-02 09:53:51.698525,2025-01-02 09:53:55.712208,0 days 00:00:04.013683,1,90,,,,,,,,,,,,,,,,,,,,COMPLETE
429,429,0.6516683518705764,2025-01-02 09:53:55.712819,2025-01-02 09:53:59.649626,0 days 00:00:03.936807,2,200,95.0,,,,,,,,,,,,,,,,,,,COMPLETE
430,430,0.6655813953488372,2025-01-02 09:53:59.650264,2025-01-02 09:54:03.565393,0 days 00:00:03.915129,1,135,,,,,,,,,,,,,,,,,,,,COMPLETE
431,431,0.297979797979798,2025-01-02 09:54:03.566007,2025-01-02 09:54:14.336264,0 days 00:00:10.770257,7,95,100.0,,,,,,,,,,,125.0,90.0,195.0,190.0,25.0,,,,COMPLETE
432,432,0.6495238095238096,2025-01-02 09:54:14.337024,2025-01-02 09:54:18.548992,0 days 00:00:04.211968,1,90,,,,,,,,,,,,,,,,,,,,COMPLETE
433,433,0.36904761904761907,2025-01-02 09:54:18.549597,2025-01-02 09:54:55.353775,0 days 00:00:36.804178,12,95,125.0,145.0,15.0,,,,,,,,,140.0,180.0,175.0,20.0,145.0,200.0,70.0,95.0,COMPLETE
434,434,0.6285115303983229,2025-01-02 09:54:55.354666,2025-01-02 09:55:00.673361,0 days 00:00:05.318695,2,110,5.0,,,,,,,,,,,,,,,,,,,COMPLETE
435,435,0.5927952576379389,2025-01-02 09:55:00.673998,2025-01-02 09:55:05.691047,0 days 00:00:05.017049,1,120,,,,,,,,,,,,,,,,,,,,COMPLETE
436,436,0.6875,2025-01-02 09:55:05.691680,2025-01-02 09:55:11.042527,0 days 00:00:05.350847,3,105,35.0,,,,,,,,,,,110.0,,,,,,,,COMPLETE
437,437,0.5994397759103641,2025-01-02 09:55:11.043187,2025-01-02 09:55:15.678408,0 days 00:00:04.635221,1,90,,,,,,,,,,,,,,,,,,,,COMPLETE
438,438,0.6780626780626781,2025-01-02 09:55:15.679011,2025-01-02 09:55:20.108557,0 days 00:00:04.429546,2,190,160.0,,,,,,,,,,,,,,,,,,,COMPLETE
439,439,0.6862745098039216,2025-01-02 09:55:20.109157,2025-01-02 09:55:23.000051,0 days 00:00:02.890894,1,80,,,,,,,,,,,,,,,,,,,,COMPLETE
440,440,0.5576923076923077,2025-01-02 09:55:23.000666,2025-01-02 09:55:28.172453,0 days 00:00:05.171787,2,100,145.0,,,,,,,,,,,,,,,,,,,COMPLETE
441,441,0.6356589147286822,2025-01-02 09:55:28.173068,2025-01-02 09:55:32.351030,0 days 00:00:04.177962,1,85,,,,,,,,,,,,,,,,,,,,COMPLETE
442,442,0.5648979591836735,2025-01-02 09:55:32.351644,2025-01-02 09:55:50.781024,0 days 00:00:18.429380,8,195,165.0,,,,,,,,,,,5.0,40.0,95.0,95.0,130.0,55.0,,,COMPLETE
443,443,0.6848659003831418,2025-01-02 09:55:50.781846,2025-01-02 09:55:54.651464,0 days 00:00:03.869618,1,125,,,,,,,,,,,,,,,,,,,,COMPLETE
444,444,0.6933333333333334,2025-01-02 09:55:54.652202,2025-01-02 09:55:59.377437,0 days 00:00:04.725235,2,95,90.0,,,,,,,,,,,,,,,,,,,COMPLETE
445,445,0.6835664335664335,2025-01-02 09:55:59.378095,2025-01-02 09:56:02.955297,0 days 00:00:03.577202,1,80,,,,,,,,,,,,,,,,,,,,COMPLETE
446,446,0.674908424908425,2025-01-02 09:56:02.955918,2025-01-02 09:56:06.850956,0 days 00:00:03.895038,1,85,,,,,,,,,,,,,,,,,,,,COMPLETE
447,447,0.1995614035087719,2025-01-02 09:56:06.851564,2025-01-02 09:56:53.333658,0 days 00:00:46.482094,16,105,140.0,65.0,70.0,70.0,155.0,55.0,150.0,,,,,90.0,130.0,90.0,70.0,40.0,185.0,100.0,155.0,COMPLETE
448,448,0.584349593495935,2025-01-02 09:56:53.334624,2025-01-02 09:56:57.308075,0 days 00:00:03.973451,2,100,190.0,,,,,,,,,,,,,,,,,,,COMPLETE
449,449,0.6581818181818182,2025-01-02 09:56:57.308718,2025-01-02 09:57:00.916937,0 days 00:00:03.608219,1,75,,,,,,,,,,,,,,,,,,,,COMPLETE
450,450,0.6624649859943978,2025-01-02 09:57:00.917547,2025-01-02 09:57:05.475086,0 days 00:00:04.557539,1,90,,,,,,,,,,,,,,,,,,,,COMPLETE
451,451,0.6700143472022956,2025-01-02 09:57:05.475722,2025-01-02 09:57:11.213491,0 days 00:00:05.737769,2,110,105.0,,,,,,,,,,,,,,,,,,,COMPLETE
452,452,0.6515151515151515,2025-01-02 09:57:11.214095,2025-01-02 09:57:15.335104,0 days 00:00:04.121009,1,185,,,,,,,,,,,,,,,,,,,,COMPLETE
453,453,0.6242203742203742,2025-01-02 09:57:15.335724,2025-01-02 09:57:20.848526,0 days 00:00:05.512802,3,115,115.0,,,,,,,,,,,160.0,,,,,,,,COMPLETE
454,454,0.6234967622571693,2025-01-02 09:57:20.849167,2025-01-02 09:57:24.556504,0 days 00:00:03.707337,1,10,,,,,,,,,,,,,,,,,,,,COMPLETE
455,455,0.5701663201663202,2025-01-02 09:57:24.557103,2025-01-02 09:57:28.469910,0 days 00:00:03.912807,2,100,25.0,,,,,,,,,,,,,,,,,,,COMPLETE
456,456,0.5343915343915344,2025-01-02 09:57:28.470529,2025-01-02 09:58:05.169628,0 days 00:00:36.699099,18,130,155.0,170.0,155.0,170.0,75.0,130.0,60.0,155.0,190.0,,,20.0,120.0,175.0,35.0,110.0,130.0,45.0,190.0,COMPLETE
457,457,0.7296918767507004,2025-01-02 09:58:05.170459,2025-01-02 09:58:08.479146,0 days 00:00:03.308687,1,95,,,,,,,,,,,,,,,,,,,,COMPLETE
458,458,0.6323055683387022,2025-01-02 09:58:08.479773,2025-01-02 09:58:12.683416,0 days 00:00:04.203643,1,95,,,,,,,,,,,,,,,,,,,,COMPLETE
459,459,0.6953703703703704,2025-01-02 09:58:12.684055,2025-01-02 09:58:18.065625,0 days 00:00:05.381570,2,85,60.0,,,,,,,,,,,,,,,,,,,COMPLETE
460,460,0.6855813953488372,2025-01-02 09:58:18.066274,2025-01-02 09:58:21.945025,0 days 00:00:03.878751,1,90,,,,,,,,,,,,,,,,,,,,COMPLETE
461,461,0.6306306306306306,2025-01-02 09:58:21.945653,2025-01-02 09:58:27.155775,0 days 00:00:05.210122,2,75,180.0,,,,,,,,,,,,,,,,,,,COMPLETE
462,462,0.6524822695035462,2025-01-02 09:58:27.156407,2025-01-02 09:58:32.392586,0 days 00:00:05.236179,1,55,,,,,,,,,,,,,,,,,,,,COMPLETE
463,463,0.4525462962962963,2025-01-02 09:58:32.393196,2025-01-02 09:59:03.599470,0 days 00:00:31.206274,10,95,125.0,,,,,,,,,,,60.0,75.0,60.0,130.0,170.0,150.0,5.0,20.0,COMPLETE
464,464,0.6520202020202019,2025-01-02 09:59:03.600471,2025-01-02 09:59:07.807030,0 days 00:00:04.206559,1,80,,,,,,,,,,,,,,,,,,,,COMPLETE
465,465,0.5927952576379389,2025-01-02 09:59:07.807666,2025-01-02 09:59:11.914234,0 days 00:00:04.106568,2,85,150.0,,,,,,,,,,,,,,,,,,,COMPLETE
466,466,0.6594202898550725,2025-01-02 09:59:11.914856,2025-01-02 09:59:16.915979,0 days 00:00:05.001123,1,125,,,,,,,,,,,,,,,,,,,,COMPLETE
467,467,0.6460869565217391,2025-01-02 09:59:16.916596,2025-01-02 09:59:21.424271,0 days 00:00:04.507675,1,95,,,,,,,,,,,,,,,,,,,,COMPLETE
468,468,0.6802721088435374,2025-01-02 09:59:21.424882,2025-01-02 09:59:26.005895,0 days 00:00:04.581013,1,35,,,,,,,,,,,,,,,,,,,,COMPLETE
469,469,0.6781818181818182,2025-01-02 09:59:26.006510,2025-01-02 09:59:31.026012,0 days 00:00:05.019502,2,120,85.0,,,,,,,,,,,,,,,,,,,COMPLETE
470,470,0.17142857142857143,2025-01-02 09:59:31.026626,2025-01-02 09:59:49.983436,0 days 00:00:18.956810,9,90,135.0,,,,,,,,,,,105.0,10.0,145.0,50.0,15.0,110.0,115.0,,COMPLETE
471,471,0.729020979020979,2025-01-02 09:59:49.984209,2025-01-02 09:59:54.333380,0 days 00:00:04.349171,3,155,110.0,,,,,,,,,,,115.0,,,,,,,,COMPLETE
472,472,0.5416666666666667,2025-01-02 09:59:54.334033,2025-01-02 10:00:00.229966,0 days 00:00:05.895933,3,150,105.0,,,,,,,,,,,115.0,,,,,,,,COMPLETE
473,473,0.6538461538461539,2025-01-02 10:00:00.230675,2025-01-02 10:00:06.177819,0 days 00:00:05.947144,3,160,115.0,,,,,,,,,,,85.0,,,,,,,,COMPLETE
474,474,0.6036036036036037,2025-01-02 10:00:06.178455,2025-01-02 10:00:11.699020,0 days 00:00:05.520565,3,135,130.0,,,,,,,,,,,145.0,,,,,,,,COMPLETE
475,475,0.6811369509043927,2025-01-02 10:00:11.699677,2025-01-02 10:00:18.896909,0 days 00:00:07.197232,4,140,100.0,,,,,,,,,,,135.0,55.0,,,,,,,COMPLETE
476,476,0.467304625199362,2025-01-02 10:00:18.897644,2025-01-02 10:00:25.723359,0 days 00:00:06.825715,4,155,110.0,,,,,,,,,,,170.0,195.0,,,,,,,COMPLETE
477,477,0.6356589147286822,2025-01-02 10:00:25.724024,2025-01-02 10:00:30.714646,0 days 00:00:04.990622,3,40,120.0,,,,,,,,,,,70.0,,,,,,,,COMPLETE
478,478,0.6920731707317074,2025-01-02 10:00:30.715321,2025-01-02 10:00:35.378139,0 days 00:00:04.662818,2,190,125.0,,,,,,,,,,,,,,,,,,,COMPLETE
479,479,0.6088888888888888,2025-01-02 10:00:35.378791,2025-01-02 10:00:39.723812,0 days 00:00:04.345021,2,165,130.0,,,,,,,,,,,,,,,,,,,COMPLETE
480,480,0.665,2025-01-02 10:00:39.724459,2025-01-02 10:00:44.120381,0 days 00:00:04.395922,2,180,140.0,,,,,,,,,,,,,,,,,,,COMPLETE
481,481,0.6372972972972973,2025-01-02 10:00:44.121041,2025-01-02 10:00:49.732104,0 days 00:00:05.611063,3,80,120.0,,,,,,,,,,,120.0,,,,,,,,COMPLETE
482,482,0.6436037829766053,2025-01-02 10:00:49.732785,2025-01-02 10:00:54.878026,0 days 00:00:05.145241,2,145,95.0,,,,,,,,,,,,,,,,,,,COMPLETE
483,483,0.6882516188714154,2025-01-02 10:00:54.878676,2025-01-02 10:00:58.875896,0 days 00:00:03.997220,1,150,,,,,,,,,,,,,,,,,,,,COMPLETE
484,484,0.6154545454545455,2025-01-02 10:00:58.876553,2025-01-02 10:01:03.281321,0 days 00:00:04.404768,2,195,110.0,,,,,,,,,,,,,,,,,,,COMPLETE
485,485,0.6064084170253468,2025-01-02 10:01:03.281956,2025-01-02 10:01:07.572381,0 days 00:00:04.290425,1,185,,,,,,,,,,,,,,,,,,,,COMPLETE
486,486,0.6661828737300435,2025-01-02 10:01:07.573000,2025-01-02 10:01:12.677985,0 days 00:00:05.104985,1,90,,,,,,,,,,,,,,,,,,,,COMPLETE
487,487,0.746615087040619,2025-01-02 10:01:12.678614,2025-01-02 10:01:16.545529,0 days 00:00:03.866915,1,75,,,,,,,,,,,,,,,,,,,,COMPLETE
488,488,0.5881737310308739,2025-01-02 10:01:16.546166,2025-01-02 10:01:22.356576,0 days 00:00:05.810410,2,70,145.0,,,,,,,,,,,,,,,,,,,COMPLETE
489,489,0.6621212121212121,2025-01-02 10:01:22.357243,2025-01-02 10:01:31.788539,0 days 00:00:09.431296,5,75,85.0,,,,,,,,,,,155.0,105.0,5.0,,,,,,COMPLETE
490,490,0.6802721088435374,2025-01-02 10:01:31.789267,2025-01-02 10:01:36.154850,0 days 00:00:04.365583,2,65,95.0,,,,,,,,,,,,,,,,,,,COMPLETE
491,491,0.6711229946524064,2025-01-02 10:01:36.155505,2025-01-02 10:01:39.849353,0 days 00:00:03.693848,1,75,,,,,,,,,,,,,,,,,,,,COMPLETE
492,492,0.6802721088435374,2025-01-02 10:01:39.850012,2025-01-02 10:01:43.559717,0 days 00:00:03.709705,1,80,,,,,,,,,,,,,,,,,,,,COMPLETE
493,493,0.5330188679245282,2025-01-02 10:01:43.560386,2025-01-02 10:02:22.937112,0 days 00:00:39.376726,13,70,135.0,30.0,110.0,140.0,,,,,,,,100.0,145.0,160.0,5.0,185.0,165.0,185.0,165.0,COMPLETE
494,494,0.6470588235294117,2025-01-02 10:02:22.938158,2025-01-02 10:02:28.737291,0 days 00:00:05.799133,2,145,105.0,,,,,,,,,,,,,,,,,,,COMPLETE
495,495,0.6589147286821706,2025-01-02 10:02:28.737939,2025-01-02 10:02:33.569399,0 days 00:00:04.831460,1,130,,,,,,,,,,,,,,,,,,,,COMPLETE
496,496,0.7088372093023256,2025-01-02 10:02:33.570046,2025-01-02 10:02:38.525523,0 days 00:00:04.955477,1,80,,,,,,,,,,,,,,,,,,,,COMPLETE
497,497,0.5733695652173914,2025-01-02 10:02:38.526154,2025-01-02 10:02:43.956925,0 days 00:00:05.430771,3,75,155.0,,,,,,,,,,,180.0,,,,,,,,COMPLETE
498,498,0.7731092436974789,2025-01-02 10:02:43.957601,2025-01-02 10:02:49.000841,0 days 00:00:05.043240,1,85,,,,,,,,,,,,,,,,,,,,COMPLETE
499,499,0.551594746716698,2025-01-02 10:02:49.001479,2025-01-02 10:02:53.057520,0 days 00:00:04.056041,1,85,,,,,,,,,,,,,,,,,,,,COMPLETE
500,500,0.6541774332472007,2025-01-02 10:02:53.058135,2025-01-02 10:02:57.407458,0 days 00:00:04.349323,2,85,115.0,,,,,,,,,,,,,,,,,,,COMPLETE
501,501,0.637641723356009,2025-01-02 10:02:57.408119,2025-01-02 10:03:02.209299,0 days 00:00:04.801180,1,50,,,,,,,,,,,,,,,,,,,,COMPLETE
502,502,0.570754716981132,2025-01-02 10:03:02.209913,2025-01-02 10:03:06.983757,0 days 00:00:04.773844,2,80,135.0,,,,,,,,,,,,,,,,,,,COMPLETE
503,503,0.6802721088435374,2025-01-02 10:03:06.984409,2025-01-02 10:03:10.281424,0 days 00:00:03.297015,1,85,,,,,,,,,,,,,,,,,,,,COMPLETE
504,504,0.5867612293144208,2025-01-02 10:03:10.282067,2025-01-02 10:03:13.625281,0 days 00:00:03.343214,1,30,,,,,,,,,,,,,,,,,,,,COMPLETE
505,505,0.5238095238095237,2025-01-02 10:03:13.625921,2025-01-02 10:03:18.224821,0 days 00:00:04.598900,2,20,80.0,,,,,,,,,,,,,,,,,,,COMPLETE
506,506,0.6312056737588652,2025-01-02 10:03:18.225441,2025-01-02 10:03:21.254672,0 days 00:00:03.029231,1,75,,,,,,,,,,,,,,,,,,,,COMPLETE
507,507,0.6923469387755102,2025-01-02 10:03:21.255273,2025-01-02 10:03:27.297652,0 days 00:00:06.042379,4,90,90.0,,,,,,,,,,,165.0,25.0,,,,,,,COMPLETE
508,508,0.6737588652482269,2025-01-02 10:03:27.298296,2025-01-02 10:03:30.723415,0 days 00:00:03.425119,1,80,,,,,,,,,,,,,,,,,,,,COMPLETE
509,509,0.6491464510332434,2025-01-02 10:03:30.724040,2025-01-02 10:03:34.631522,0 days 00:00:03.907482,1,85,,,,,,,,,,,,,,,,,,,,COMPLETE
510,510,0.6976076555023923,2025-01-02 10:03:34.632156,2025-01-02 10:03:38.899113,0 days 00:00:04.266957,2,75,100.0,,,,,,,,,,,,,,,,,,,COMPLETE
511,511,0.5939922480620154,2025-01-02 10:03:38.899757,2025-01-02 10:03:43.033842,0 days 00:00:04.134085,2,65,110.0,,,,,,,,,,,,,,,,,,,COMPLETE
512,512,0.7058823529411764,2025-01-02 10:03:43.034531,2025-01-02 10:03:47.453759,0 days 00:00:04.419228,1,90,,,,,,,,,,,,,,,,,,,,COMPLETE
513,513,0.5897435897435896,2025-01-02 10:03:47.454384,2025-01-02 10:03:53.589292,0 days 00:00:06.134908,3,80,70.0,,,,,,,,,,,130.0,,,,,,,,COMPLETE
514,514,0.6436037829766053,2025-01-02 10:03:53.589981,2025-01-02 10:03:58.341857,0 days 00:00:04.751876,1,185,,,,,,,,,,,,,,,,,,,,COMPLETE
515,515,0.6423255813953488,2025-01-02 10:03:58.342476,2025-01-02 10:04:02.990854,0 days 00:00:04.648378,2,90,150.0,,,,,,,,,,,,,,,,,,,COMPLETE
516,516,0.5695970695970696,2025-01-02 10:04:02.991506,2025-01-02 10:04:07.147418,0 days 00:00:04.155912,1,95,,,,,,,,,,,,,,,,,,,,COMPLETE
517,517,0.6013888888888889,2025-01-02 10:04:07.148060,2025-01-02 10:04:11.021617,0 days 00:00:03.873557,1,70,,,,,,,,,,,,,,,,,,,,COMPLETE
518,518,0.5677655677655677,2025-01-02 10:04:11.022236,2025-01-02 10:04:16.769831,0 days 00:00:05.747595,2,60,45.0,,,,,,,,,,,,,,,,,,,COMPLETE
519,519,0.6834905660377358,2025-01-02 10:04:16.770488,2025-01-02 10:04:21.293222,0 days 00:00:04.522734,1,180,,,,,,,,,,,,,,,,,,,,COMPLETE
520,520,0.5845588235294117,2025-01-02 10:04:21.293839,2025-01-02 10:04:26.308252,0 days 00:00:05.014413,1,85,,,,,,,,,,,,,,,,,,,,COMPLETE
521,521,0.6323055683387022,2025-01-02 10:04:26.308876,2025-01-02 10:04:30.249080,0 days 00:00:03.940204,2,80,130.0,,,,,,,,,,,,,,,,,,,COMPLETE
522,522,0.5737179487179487,2025-01-02 10:04:30.249705,2025-01-02 10:04:35.199690,0 days 00:00:04.949985,3,90,75.0,,,,,,,,,,,140.0,,,,,,,,COMPLETE
523,523,0.6594202898550725,2025-01-02 10:04:35.200339,2025-01-02 10:04:40.101119,0 days 00:00:04.900780,1,100,,,,,,,,,,,,,,,,,,,,COMPLETE
524,524,0.6725201708590414,2025-01-02 10:04:40.101824,2025-01-02 10:04:43.655845,0 days 00:00:03.554021,1,185,,,,,,,,,,,,,,,,,,,,COMPLETE
525,525,0.6526175687666371,2025-01-02 10:04:43.656550,2025-01-02 10:04:47.399362,0 days 00:00:03.742812,2,125,120.0,,,,,,,,,,,,,,,,,,,COMPLETE
526,526,0.6360544217687074,2025-01-02 10:04:47.400007,2025-01-02 10:04:52.174295,0 days 00:00:04.774288,1,190,,,,,,,,,,,,,,,,,,,,COMPLETE
527,527,0.5277777777777778,2025-01-02 10:04:52.174931,2025-01-02 10:05:36.172311,0 days 00:00:43.997380,14,75,125.0,110.0,185.0,105.0,200.0,,,,,,,120.0,170.0,110.0,115.0,85.0,90.0,20.0,80.0,COMPLETE
528,528,0.6191489361702127,2025-01-02 10:05:36.173252,2025-01-02 10:05:41.057845,0 days 00:00:04.884593,1,95,,,,,,,,,,,,,,,,,,,,COMPLETE
529,529,0.6214209968186639,2025-01-02 10:05:41.058474,2025-01-02 10:05:45.949362,0 days 00:00:04.890888,2,170,160.0,,,,,,,,,,,,,,,,,,,COMPLETE
530,530,0.6594202898550725,2025-01-02 10:05:45.950229,2025-01-02 10:05:49.734902,0 days 00:00:03.784673,1,85,,,,,,,,,,,,,,,,,,,,COMPLETE
531,531,0.6802721088435374,2025-01-02 10:05:49.735548,2025-01-02 10:05:53.841770,0 days 00:00:04.106222,1,95,,,,,,,,,,,,,,,,,,,,COMPLETE
532,532,0.5329192546583851,2025-01-02 10:05:53.842374,2025-01-02 10:05:59.572681,0 days 00:00:05.730307,2,70,140.0,,,,,,,,,,,,,,,,,,,COMPLETE
533,533,0.6442687747035574,2025-01-02 10:05:59.573346,2025-01-02 10:06:03.747857,0 days 00:00:04.174511,1,115,,,,,,,,,,,,,,,,,,,,COMPLETE
534,534,0.6282051282051282,2025-01-02 10:06:03.748491,2025-01-02 10:06:08.878930,0 days 00:00:05.130439,2,85,55.0,,,,,,,,,,,,,,,,,,,COMPLETE
535,535,0.6862745098039216,2025-01-02 10:06:08.879608,2025-01-02 10:06:13.578701,0 days 00:00:04.699093,1,180,,,,,,,,,,,,,,,,,,,,COMPLETE
536,536,0.687847866419295,2025-01-02 10:06:13.579317,2025-01-02 10:06:18.203583,0 days 00:00:04.624266,1,80,,,,,,,,,,,,,,,,,,,,COMPLETE
537,537,0.6502384737678856,2025-01-02 10:06:18.204234,2025-01-02 10:06:22.369140,0 days 00:00:04.164906,3,120,165.0,,,,,,,,,,,80.0,,,,,,,,COMPLETE
538,538,0.6223255813953488,2025-01-02 10:06:22.369799,2025-01-02 10:06:26.269704,0 days 00:00:03.899905,1,100,,,,,,,,,,,,,,,,,,,,COMPLETE
539,539,0.6987179487179487,2025-01-02 10:06:26.270345,2025-01-02 10:06:32.521406,0 days 00:00:06.251061,2,75,10.0,,,,,,,,,,,,,,,,,,,COMPLETE
540,540,0.7011054421768708,2025-01-02 10:06:32.522088,2025-01-02 10:06:36.065045,0 days 00:00:03.542957,1,90,,,,,,,,,,,,,,,,,,,,COMPLETE
541,541,0.6491464510332434,2025-01-02 10:06:36.065712,2025-01-02 10:06:40.394196,0 days 00:00:04.328484,1,175,,,,,,,,,,,,,,,,,,,,COMPLETE
542,542,0.6123499142367066,2025-01-02 10:06:40.394881,2025-01-02 10:06:44.725237,0 days 00:00:04.330356,2,90,130.0,,,,,,,,,,,,,,,,,,,COMPLETE
543,543,0.6190476190476191,2025-01-02 10:06:44.725900,2025-01-02 10:06:49.426821,0 days 00:00:04.700921,1,85,,,,,,,,,,,,,,,,,,,,COMPLETE
544,544,0.6388367729831144,2025-01-02 10:06:49.427454,2025-01-02 10:06:54.306372,0 days 00:00:04.878918,1,95,,,,,,,,,,,,,,,,,,,,COMPLETE
545,545,0.6011904761904763,2025-01-02 10:06:54.307032,2025-01-02 10:06:59.419821,0 days 00:00:05.112789,2,45,175.0,,,,,,,,,,,,,,,,,,,COMPLETE
546,546,0.6785225718194254,2025-01-02 10:06:59.420469,2025-01-02 10:07:03.166341,0 days 00:00:03.745872,1,190,,,,,,,,,,,,,,,,,,,,COMPLETE
547,547,0.6680143755615453,2025-01-02 10:07:03.166992,2025-01-02 10:07:06.633986,0 days 00:00:03.466994,1,105,,,,,,,,,,,,,,,,,,,,COMPLETE
548,548,0.6526175687666371,2025-01-02 10:07:06.634627,2025-01-02 10:07:10.937094,0 days 00:00:04.302467,2,70,100.0,,,,,,,,,,,,,,,,,,,COMPLETE
549,549,0.6391941391941391,2025-01-02 10:07:10.937758,2025-01-02 10:07:15.997305,0 days 00:00:05.059547,1,80,,,,,,,,,,,,,,,,,,,,COMPLETE
550,550,0.6364468864468864,2025-01-02 10:07:15.997930,2025-01-02 10:07:19.924730,0 days 00:00:03.926800,2,100,120.0,,,,,,,,,,,,,,,,,,,COMPLETE
551,551,0.6232323232323232,2025-01-02 10:07:19.925386,2025-01-02 10:07:26.647702,0 days 00:00:06.722316,3,125,115.0,,,,,,,,,,,190.0,,,,,,,,COMPLETE
552,552,0.6651205936920223,2025-01-02 10:07:26.648370,2025-01-02 10:07:31.346574,0 days 00:00:04.698204,1,90,,,,,,,,,,,,,,,,,,,,COMPLETE
553,553,0.23032407407407407,2025-01-02 10:07:31.347191,2025-01-02 10:08:14.721375,0 days 00:00:43.374184,15,85,90.0,60.0,35.0,35.0,30.0,175.0,,,,,,160.0,35.0,200.0,140.0,60.0,60.0,95.0,140.0,COMPLETE
554,554,0.7213862289101687,2025-01-02 10:08:14.723035,2025-01-02 10:08:19.499153,0 days 00:00:04.776118,1,180,,,,,,,,,,,,,,,,,,,,COMPLETE
555,555,0.6785225718194254,2025-01-02 10:08:19.499784,2025-01-02 10:08:23.695918,0 days 00:00:04.196134,1,185,,,,,,,,,,,,,,,,,,,,COMPLETE
556,556,0.6288561936402468,2025-01-02 10:08:23.696543,2025-01-02 10:08:28.115289,0 days 00:00:04.418746,1,175,,,,,,,,,,,,,,,,,,,,COMPLETE
557,557,0.6386363636363637,2025-01-02 10:08:28.115935,2025-01-02 10:08:32.513237,0 days 00:00:04.397302,1,180,,,,,,,,,,,,,,,,,,,,COMPLETE
558,558,0.6445347786811202,2025-01-02 10:08:32.513895,2025-01-02 10:08:36.496196,0 days 00:00:03.982301,1,180,,,,,,,,,,,,,,,,,,,,COMPLETE
559,559,0.6570731707317073,2025-01-02 10:08:36.496867,2025-01-02 10:08:40.023681,0 days 00:00:03.526814,1,175,,,,,,,,,,,,,,,,,,,,COMPLETE
560,560,0.6039947894051237,2025-01-02 10:08:40.024286,2025-01-02 10:08:45.662079,0 days 00:00:05.637793,1,185,,,,,,,,,,,,,,,,,,,,COMPLETE
561,561,0.7009090909090909,2025-01-02 10:08:45.662754,2025-01-02 10:08:49.810855,0 days 00:00:04.148101,1,190,,,,,,,,,,,,,,,,,,,,COMPLETE
562,562,0.6064690026954178,2025-01-02 10:08:49.811496,2025-01-02 10:08:55.390099,0 days 00:00:05.578603,1,170,,,,,,,,,,,,,,,,,,,,COMPLETE
563,563,0.6282051282051282,2025-01-02 10:08:55.390749,2025-01-02 10:08:59.992799,0 days 00:00:04.602050,1,180,,,,,,,,,,,,,,,,,,,,COMPLETE
564,564,0.6428571428571428,2025-01-02 10:08:59.993427,2025-01-02 10:09:04.372194,0 days 00:00:04.378767,1,95,,,,,,,,,,,,,,,,,,,,COMPLETE
565,565,0.5905552672548002,2025-01-02 10:09:04.372821,2025-01-02 10:09:08.907656,0 days 00:00:04.534835,2,75,30.0,,,,,,,,,,,,,,,,,,,COMPLETE
566,566,0.6594202898550725,2025-01-02 10:09:08.908310,2025-01-02 10:09:13.227476,0 days 00:00:04.319166,1,55,,,,,,,,,,,,,,,,,,,,COMPLETE
567,567,0.6196060037523452,2025-01-02 10:09:13.228121,2025-01-02 10:09:18.132794,0 days 00:00:04.904673,1,185,,,,,,,,,,,,,,,,,,,,COMPLETE
568,568,0.671239837398374,2025-01-02 10:09:18.133477,2025-01-02 10:09:22.444830,0 days 00:00:04.311353,2,170,65.0,,,,,,,,,,,,,,,,,,,COMPLETE
569,569,0.603518821603928,2025-01-02 10:09:22.445456,2025-01-02 10:09:29.782697,0 days 00:00:07.337241,4,195,50.0,,,,,,,,,,,95.0,95.0,,,,,,,COMPLETE
570,570,0.608983451536643,2025-01-02 10:09:29.783366,2025-01-02 10:09:34.495588,0 days 00:00:04.712222,1,80,,,,,,,,,,,,,,,,,,,,COMPLETE
571,571,0.7118337850045167,2025-01-02 10:09:34.496237,2025-01-02 10:09:39.065039,0 days 00:00:04.568802,2,100,200.0,,,,,,,,,,,,,,,,,,,COMPLETE
572,572,0.5,2025-01-02 10:09:39.065715,2025-01-02 10:10:15.882711,0 days 00:00:36.816996,12,200,40.0,10.0,125.0,,,,,,,,,105.0,65.0,130.0,200.0,40.0,25.0,160.0,20.0,COMPLETE
573,573,0.5831578947368421,2025-01-02 10:10:15.883620,2025-01-02 10:10:20.378431,0 days 00:00:04.494811,1,180,,,,,,,,,,,,,,,,,,,,COMPLETE
574,574,0.6091800356506238,2025-01-02 10:10:20.379067,2025-01-02 10:10:24.197431,0 days 00:00:03.818364,1,60,,,,,,,,,,,,,,,,,,,,COMPLETE
575,575,0.6396226415094339,2025-01-02 10:10:24.198074,2025-01-02 10:10:29.214600,0 days 00:00:05.016526,2,90,185.0,,,,,,,,,,,,,,,,,,,COMPLETE
576,576,0.6190476190476191,2025-01-02 10:10:29.215247,2025-01-02 10:10:33.250467,0 days 00:00:04.035220,1,95,,,,,,,,,,,,,,,,,,,,COMPLETE
577,577,0.6584905660377358,2025-01-02 10:10:33.251160,2025-01-02 10:10:37.090010,0 days 00:00:03.838850,1,85,,,,,,,,,,,,,,,,,,,,COMPLETE
578,578,0.6504065040650406,2025-01-02 10:10:37.090819,2025-01-02 10:10:41.432375,0 days 00:00:04.341556,1,105,,,,,,,,,,,,,,,,,,,,COMPLETE
579,579,0.6711538461538462,2025-01-02 10:10:41.433025,2025-01-02 10:10:45.231546,0 days 00:00:03.798521,2,90,60.0,,,,,,,,,,,,,,,,,,,COMPLETE
580,580,0.638034188034188,2025-01-02 10:10:45.232190,2025-01-02 10:10:50.466852,0 days 00:00:05.234662,1,65,,,,,,,,,,,,,,,,,,,,COMPLETE
581,581,0.6618589743589745,2025-01-02 10:10:50.467507,2025-01-02 10:10:54.794530,0 days 00:00:04.327023,2,175,75.0,,,,,,,,,,,,,,,,,,,COMPLETE
582,582,0.2078853046594982,2025-01-02 10:10:54.795169,2025-01-02 10:11:28.995381,0 days 00:00:34.200212,11,190,80.0,185.0,,,,,,,,,,45.0,125.0,30.0,175.0,150.0,125.0,110.0,120.0,COMPLETE
583,583,0.6785225718194254,2025-01-02 10:11:28.996241,2025-01-02 10:11:32.703901,0 days 00:00:03.707660,1,100,,,,,,,,,,,,,,,,,,,,COMPLETE
584,584,0.7097222222222223,2025-01-02 10:11:32.704557,2025-01-02 10:11:37.085577,0 days 00:00:04.381020,1,70,,,,,,,,,,,,,,,,,,,,COMPLETE
585,585,0.6423255813953488,2025-01-02 10:11:37.086215,2025-01-02 10:11:40.706898,0 days 00:00:03.620683,1,75,,,,,,,,,,,,,,,,,,,,COMPLETE
586,586,0.46703296703296704,2025-01-02 10:11:40.707517,2025-01-02 10:11:51.912815,0 days 00:00:11.205298,7,140,15.0,,,,,,,,,,,125.0,45.0,20.0,110.0,100.0,,,,COMPLETE
587,587,0.5726405090137858,2025-01-02 10:11:51.913598,2025-01-02 10:11:57.298164,0 days 00:00:05.384566,2,95,160.0,,,,,,,,,,,,,,,,,,,COMPLETE
588,588,0.6126373626373627,2025-01-02 10:11:57.298822,2025-01-02 10:12:03.178474,0 days 00:00:05.879652,2,80,40.0,,,,,,,,,,,,,,,,,,,COMPLETE
589,589,0.6292486583184258,2025-01-02 10:12:03.179151,2025-01-02 10:12:06.849597,0 days 00:00:03.670446,1,85,,,,,,,,,,,,,,,,,,,,COMPLETE
590,590,0.637330754352031,2025-01-02 10:12:06.850250,2025-01-02 10:12:10.665998,0 days 00:00:03.815748,1,90,,,,,,,,,,,,,,,,,,,,COMPLETE
591,591,0.7016828148903621,2025-01-02 10:12:10.666655,2025-01-02 10:12:14.917552,0 days 00:00:04.250897,1,155,,,,,,,,,,,,,,,,,,,,COMPLETE
592,592,0.2530241935483871,2025-01-02 10:12:14.918213,2025-01-02 10:12:37.316491,0 days 00:00:22.398278,9,100,20.0,,,,,,,,,,,175.0,155.0,190.0,65.0,190.0,175.0,130.0,,COMPLETE
593,593,0.6655813953488372,2025-01-02 10:12:37.317311,2025-01-02 10:12:41.548554,0 days 00:00:04.231243,2,165,55.0,,,,,,,,,,,,,,,,,,,COMPLETE
594,594,0.6624649859943978,2025-01-02 10:12:41.549196,2025-01-02 10:12:45.237402,0 days 00:00:03.688206,1,185,,,,,,,,,,,,,,,,,,,,COMPLETE
595,595,0.6056003796867584,2025-01-02 10:12:45.238073,2025-01-02 10:12:49.408448,0 days 00:00:04.170375,1,95,,,,,,,,,,,,,,,,,,,,COMPLETE
596,596,0.6464530892448512,2025-01-02 10:12:49.409108,2025-01-02 10:12:55.224330,0 days 00:00:05.815222,2,80,195.0,,,,,,,,,,,,,,,,,,,COMPLETE
597,597,0.6228070175438596,2025-01-02 10:12:55.224968,2025-01-02 10:13:00.864194,0 days 00:00:05.639226,2,180,85.0,,,,,,,,,,,,,,,,,,,COMPLETE
598,598,0.6987179487179487,2025-01-02 10:13:00.864865,2025-01-02 10:13:04.682768,0 days 00:00:03.817903,1,75,,,,,,,,,,,,,,,,,,,,COMPLETE
599,599,0.7361853832442068,2025-01-02 10:13:04.683397,2025-01-02 10:13:08.987585,0 days 00:00:04.304188,1,95,,,,,,,,,,,,,,,,,,,,COMPLETE
600,600,0.6655813953488372,2025-01-02 10:13:08.988223,2025-01-02 10:13:12.778981,0 days 00:00:03.790758,1,95,,,,,,,,,,,,,,,,,,,,COMPLETE
601,601,0.7029411764705882,2025-01-02 10:13:12.779618,2025-01-02 10:13:18.103384,0 days 00:00:05.323766,3,90,170.0,,,,,,,,,,,150.0,,,,,,,,COMPLETE
602,602,0.6388367729831144,2025-01-02 10:13:18.104083,2025-01-02 10:13:21.825461,0 days 00:00:03.721378,1,100,,,,,,,,,,,,,,,,,,,,COMPLETE
603,603,0.7037037037037037,2025-01-02 10:13:21.826116,2025-01-02 10:13:27.027625,0 days 00:00:05.201509,2,95,70.0,,,,,,,,,,,,,,,,,,,COMPLETE
604,604,0.5645390070921985,2025-01-02 10:13:27.028287,2025-01-02 10:13:31.099617,0 days 00:00:04.071330,1,85,,,,,,,,,,,,,,,,,,,,COMPLETE
605,605,0.5679586563307493,2025-01-02 10:13:31.100324,2025-01-02 10:13:35.492428,0 days 00:00:04.392104,1,90,,,,,,,,,,,,,,,,,,,,COMPLETE
606,606,0.602780536246276,2025-01-02 10:13:35.493221,2025-01-02 10:13:40.119721,0 days 00:00:04.626500,2,100,145.0,,,,,,,,,,,,,,,,,,,COMPLETE
607,607,0.6236111111111111,2025-01-02 10:13:40.120408,2025-01-02 10:13:43.342695,0 days 00:00:03.222287,1,90,,,,,,,,,,,,,,,,,,,,COMPLETE
608,608,0.5225225225225225,2025-01-02 10:13:43.343356,2025-01-02 10:13:50.426798,0 days 00:00:07.083442,4,195,155.0,,,,,,,,,,,110.0,110.0,,,,,,,COMPLETE
609,609,0.720020325203252,2025-01-02 10:13:50.427500,2025-01-02 10:13:53.773963,0 days 00:00:03.346463,1,95,,,,,,,,,,,,,,,,,,,,COMPLETE
610,610,0.6570731707317073,2025-01-02 10:13:53.774603,2025-01-02 10:13:58.198834,0 days 00:00:04.424231,2,160,190.0,,,,,,,,,,,,,,,,,,,COMPLETE
611,611,0.551594746716698,2025-01-02 10:13:58.199506,2025-01-02 10:14:01.397506,0 days 00:00:03.198000,1,85,,,,,,,,,,,,,,,,,,,,COMPLETE
612,612,0.637641723356009,2025-01-02 10:14:01.398137,2025-01-02 10:14:05.850799,0 days 00:00:04.452662,1,95,,,,,,,,,,,,,,,,,,,,COMPLETE
613,613,0.7106918238993711,2025-01-02 10:14:05.851436,2025-01-02 10:14:10.182103,0 days 00:00:04.330667,2,105,105.0,,,,,,,,,,,,,,,,,,,COMPLETE
614,614,0.5105691056910568,2025-01-02 10:14:10.182787,2025-01-02 10:14:18.005365,0 days 00:00:07.822578,5,90,180.0,,,,,,,,,,,135.0,20.0,85.0,,,,,,COMPLETE
615,615,0.6154545454545455,2025-01-02 10:14:18.006073,2025-01-02 10:14:22.683079,0 days 00:00:04.677006,1,185,,,,,,,,,,,,,,,,,,,,COMPLETE
616,616,0.6452358926919519,2025-01-02 10:14:22.683729,2025-01-02 10:14:26.838558,0 days 00:00:04.154829,1,180,,,,,,,,,,,,,,,,,,,,COMPLETE
617,617,0.7058823529411764,2025-01-02 10:14:26.839224,2025-01-02 10:14:31.516126,0 days 00:00:04.676902,2,70,85.0,,,,,,,,,,,,,,,,,,,COMPLETE
618,618,0.7492997198879552,2025-01-02 10:14:31.516773,2025-01-02 10:14:35.231270,0 days 00:00:03.714497,2,85,25.0,,,,,,,,,,,,,,,,,,,COMPLETE
619,619,0.622051282051282,2025-01-02 10:14:35.231941,2025-01-02 10:14:41.273991,0 days 00:00:06.042050,3,85,45.0,,,,,,,,,,,200.0,,,,,,,,COMPLETE
620,620,0.6306306306306306,2025-01-02 10:14:41.274690,2025-01-02 10:14:46.055473,0 days 00:00:04.780783,3,85,25.0,,,,,,,,,,,85.0,,,,,,,,COMPLETE
621,621,0.7161841480778358,2025-01-02 10:14:46.056168,2025-01-02 10:14:50.472166,0 days 00:00:04.415998,2,80,30.0,,,,,,,,,,,,,,,,,,,COMPLETE
622,622,0.7017543859649122,2025-01-02 10:14:50.472841,2025-01-02 10:14:56.185732,0 days 00:00:05.712891,2,80,5.0,,,,,,,,,,,,,,,,,,,COMPLETE
623,623,0.6243478260869566,2025-01-02 10:14:56.186404,2025-01-02 10:15:02.129711,0 days 00:00:05.943307,3,75,15.0,,,,,,,,,,,70.0,,,,,,,,COMPLETE
624,624,0.6518518518518519,2025-01-02 10:15:02.130387,2025-01-02 10:15:06.305263,0 days 00:00:04.174876,2,90,95.0,,,,,,,,,,,,,,,,,,,COMPLETE
625,625,0.6586073500967118,2025-01-02 10:15:06.305923,2025-01-02 10:15:11.201913,0 days 00:00:04.895990,2,85,15.0,,,,,,,,,,,,,,,,,,,COMPLETE
626,626,0.6624649859943978,2025-01-02 10:15:11.202588,2025-01-02 10:15:16.308737,0 days 00:00:05.106149,2,80,60.0,,,,,,,,,,,,,,,,,,,COMPLETE
627,627,0.6082926829268294,2025-01-02 10:15:16.309401,2025-01-02 10:15:20.322076,0 days 00:00:04.012675,2,95,75.0,,,,,,,,,,,,,,,,,,,COMPLETE
628,628,0.17084826762246116,2025-01-02 10:15:20.322762,2025-01-02 10:15:57.414732,0 days 00:00:37.091970,18,100,65.0,130.0,60.0,175.0,160.0,35.0,160.0,60.0,15.0,,,115.0,85.0,120.0,85.0,75.0,100.0,60.0,185.0,COMPLETE
629,629,0.5951086956521738,2025-01-02 10:15:57.434627,2025-01-02 10:16:03.180513,0 days 00:00:05.745886,3,75,110.0,,,,,,,,,,,145.0,,,,,,,,COMPLETE
630,630,0.7494572297003907,2025-01-02 10:16:03.181197,2025-01-02 10:16:07.133518,0 days 00:00:03.952321,1,85,,,,,,,,,,,,,,,,,,,,COMPLETE
631,631,0.6339031339031339,2025-01-02 10:16:07.134171,2025-01-02 10:16:11.310096,0 days 00:00:04.175925,1,85,,,,,,,,,,,,,,,,,,,,COMPLETE
632,632,0.6824577861163227,2025-01-02 10:16:11.310740,2025-01-02 10:16:18.093302,0 days 00:00:06.782562,2,85,10.0,,,,,,,,,,,,,,,,,,,COMPLETE
633,633,0.7417582417582418,2025-01-02 10:16:18.093991,2025-01-02 10:16:21.699509,0 days 00:00:03.605518,1,85,,,,,,,,,,,,,,,,,,,,COMPLETE
634,634,0.5202429149797572,2025-01-02 10:16:21.700191,2025-01-02 10:16:27.784937,0 days 00:00:06.084746,3,80,50.0,,,,,,,,,,,170.0,,,,,,,,COMPLETE
635,635,0.6975490196078431,2025-01-02 10:16:27.785655,2025-01-02 10:16:31.998668,0 days 00:00:04.213013,1,80,,,,,,,,,,,,,,,,,,,,COMPLETE
636,636,0.614622641509434,2025-01-02 10:16:31.999549,2025-01-02 10:16:36.637465,0 days 00:00:04.637916,2,75,90.0,,,,,,,,,,,,,,,,,,,COMPLETE
637,637,0.6594202898550725,2025-01-02 10:16:36.638149,2025-01-02 10:16:40.560450,0 days 00:00:03.922301,1,85,,,,,,,,,,,,,,,,,,,,COMPLETE
638,638,0.687847866419295,2025-01-02 10:16:40.561102,2025-01-02 10:16:43.728881,0 days 00:00:03.167779,1,80,,,,,,,,,,,,,,,,,,,,COMPLETE
639,639,0.6802721088435374,2025-01-02 10:16:43.729537,2025-01-02 10:16:48.545683,0 days 00:00:04.816146,1,75,,,,,,,,,,,,,,,,,,,,COMPLETE
640,640,0.6598639455782312,2025-01-02 10:16:48.546348,2025-01-02 10:16:52.631838,0 days 00:00:04.085490,2,65,35.0,,,,,,,,,,,,,,,,,,,COMPLETE
641,641,0.6660869565217391,2025-01-02 10:16:52.632491,2025-01-02 10:16:57.075255,0 days 00:00:04.442764,1,85,,,,,,,,,,,,,,,,,,,,COMPLETE
642,642,0.6308784383318544,2025-01-02 10:16:57.075914,2025-01-02 10:17:00.990348,0 days 00:00:03.914434,1,80,,,,,,,,,,,,,,,,,,,,COMPLETE
643,643,0.5434782608695652,2025-01-02 10:17:00.991000,2025-01-02 10:17:08.085554,0 days 00:00:07.094554,4,90,40.0,,,,,,,,,,,195.0,75.0,,,,,,,COMPLETE
644,644,0.6700143472022956,2025-01-02 10:17:08.086284,2025-01-02 10:17:11.782369,0 days 00:00:03.696085,1,85,,,,,,,,,,,,,,,,,,,,COMPLETE
645,645,0.3950819672131147,2025-01-02 10:17:11.783026,2025-01-02 10:17:45.823171,0 days 00:00:34.040145,20,70,100.0,5.0,90.0,95.0,110.0,75.0,50.0,140.0,125.0,120.0,190.0,145.0,180.0,45.0,160.0,50.0,80.0,175.0,105.0,COMPLETE
646,646,0.6036036036036037,2025-01-02 10:17:45.824938,2025-01-02 10:17:51.242315,0 days 00:00:05.417377,2,90,125.0,,,,,,,,,,,,,,,,,,,COMPLETE
647,647,0.5952157598499062,2025-01-02 10:17:51.243005,2025-01-02 10:17:56.810279,0 days 00:00:05.567274,3,80,20.0,,,,,,,,,,,25.0,,,,,,,,COMPLETE
648,648,0.5957446808510638,2025-01-02 10:17:56.811020,2025-01-02 10:18:00.833169,0 days 00:00:04.022149,1,75,,,,,,,,,,,,,,,,,,,,COMPLETE
649,649,0.6323055683387022,2025-01-02 10:18:00.833841,2025-01-02 10:18:05.126680,0 days 00:00:04.292839,2,145,25.0,,,,,,,,,,,,,,,,,,,COMPLETE
650,650,0.7009090909090909,2025-01-02 10:18:05.127346,2025-01-02 10:18:09.629027,0 days 00:00:04.501681,1,35,,,,,,,,,,,,,,,,,,,,COMPLETE
651,651,0.6581818181818182,2025-01-02 10:18:09.629693,2025-01-02 10:18:13.322438,0 days 00:00:03.692745,1,85,,,,,,,,,,,,,,,,,,,,COMPLETE
652,652,0.590080971659919,2025-01-02 10:18:13.323094,2025-01-02 10:18:17.046356,0 days 00:00:03.723262,2,90,80.0,,,,,,,,,,,,,,,,,,,COMPLETE
653,653,0.637641723356009,2025-01-02 10:18:17.047063,2025-01-02 10:18:21.559050,0 days 00:00:04.511987,2,80,35.0,,,,,,,,,,,,,,,,,,,COMPLETE
654,654,0.46660069272637306,2025-01-02 10:18:21.559757,2025-01-02 10:18:36.377973,0 days 00:00:14.818216,8,70,135.0,,,,,,,,,,,60.0,55.0,180.0,125.0,115.0,50.0,,,COMPLETE
655,655,0.41883116883116883,2025-01-02 10:18:36.378781,2025-01-02 10:18:44.364900,0 days 00:00:07.986119,6,155,115.0,,,,,,,,,,,155.0,135.0,165.0,170.0,,,,,COMPLETE
656,656,0.6190476190476191,2025-01-02 10:18:44.365672,2025-01-02 10:18:48.114000,0 days 00:00:03.748328,1,50,,,,,,,,,,,,,,,,,,,,COMPLETE
657,657,0.6651205936920223,2025-01-02 10:18:48.114648,2025-01-02 10:18:51.923370,0 days 00:00:03.808722,1,90,,,,,,,,,,,,,,,,,,,,COMPLETE
658,658,0.564659977703456,2025-01-02 10:18:51.924021,2025-01-02 10:18:56.349423,0 days 00:00:04.425402,2,65,110.0,,,,,,,,,,,,,,,,,,,COMPLETE
659,659,0.6275058275058275,2025-01-02 10:18:56.350111,2025-01-02 10:18:59.574305,0 days 00:00:03.224194,1,85,,,,,,,,,,,,,,,,,,,,COMPLETE
660,660,0.6695238095238095,2025-01-02 10:18:59.574978,2025-01-02 10:19:04.541664,0 days 00:00:04.966686,1,85,,,,,,,,,,,,,,,,,,,,COMPLETE
661,661,0.6223255813953488,2025-01-02 10:19:04.542338,2025-01-02 10:19:08.834785,0 days 00:00:04.292447,2,20,165.0,,,,,,,,,,,,,,,,,,,COMPLETE
662,662,0.7334525939177102,2025-01-02 10:19:08.835476,2025-01-02 10:19:12.804602,0 days 00:00:03.969126,1,80,,,,,,,,,,,,,,,,,,,,COMPLETE
663,663,0.6079545454545454,2025-01-02 10:19:12.805249,2025-01-02 10:19:17.014856,0 days 00:00:04.209607,1,75,,,,,,,,,,,,,,,,,,,,COMPLETE
664,664,0.6648671096345515,2025-01-02 10:19:17.015519,2025-01-02 10:19:22.782794,0 days 00:00:05.767275,3,75,105.0,,,,,,,,,,,190.0,,,,,,,,COMPLETE
665,665,0.575984990619137,2025-01-02 10:19:22.783535,2025-01-02 10:19:26.918256,0 days 00:00:04.134721,1,45,,,,,,,,,,,,,,,,,,,,COMPLETE
666,666,0.5994397759103641,2025-01-02 10:19:26.919005,2025-01-02 10:19:31.624570,0 days 00:00:04.705565,2,80,125.0,,,,,,,,,,,,,,,,,,,COMPLETE
667,667,0.637641723356009,2025-01-02 10:19:31.625314,2025-01-02 10:19:35.694241,0 days 00:00:04.068927,1,80,,,,,,,,,,,,,,,,,,,,COMPLETE
668,668,0.6282051282051282,2025-01-02 10:19:35.694926,2025-01-02 10:19:40.367906,0 days 00:00:04.672980,1,70,,,,,,,,,,,,,,,,,,,,COMPLETE
669,669,0.5994397759103641,2025-01-02 10:19:40.368579,2025-01-02 10:19:45.669450,0 days 00:00:05.300871,2,75,65.0,,,,,,,,,,,,,,,,,,,COMPLETE
670,670,0.6956521739130435,2025-01-02 10:19:45.670151,2025-01-02 10:19:50.405145,0 days 00:00:04.734994,1,80,,,,,,,,,,,,,,,,,,,,COMPLETE
671,671,0.305019305019305,2025-01-02 10:19:50.405812,2025-01-02 10:20:11.109462,0 days 00:00:20.703650,10,60,45.0,,,,,,,,,,,30.0,115.0,55.0,190.0,130.0,90.0,155.0,40.0,COMPLETE
672,672,0.6862745098039216,2025-01-02 10:20:11.110693,2025-01-02 10:20:15.235641,0 days 00:00:04.124948,2,80,150.0,,,,,,,,,,,,,,,,,,,COMPLETE
673,673,0.5957547169811321,2025-01-02 10:20:15.236298,2025-01-02 10:20:19.174588,0 days 00:00:03.938290,1,85,,,,,,,,,,,,,,,,,,,,COMPLETE
674,674,0.5826086956521739,2025-01-02 10:20:19.175244,2025-01-02 10:20:23.069614,0 days 00:00:03.894370,1,85,,,,,,,,,,,,,,,,,,,,COMPLETE
675,675,0.5971933471933473,2025-01-02 10:20:23.070259,2025-01-02 10:20:28.427136,0 days 00:00:05.356877,1,80,,,,,,,,,,,,,,,,,,,,COMPLETE
676,676,0.6599999999999999,2025-01-02 10:20:28.427818,2025-01-02 10:20:34.274680,0 days 00:00:05.846862,2,190,140.0,,,,,,,,,,,,,,,,,,,COMPLETE
677,677,0.6356589147286822,2025-01-02 10:20:34.275360,2025-01-02 10:20:39.320714,0 days 00:00:05.045354,1,70,,,,,,,,,,,,,,,,,,,,COMPLETE
678,678,0.7288372093023257,2025-01-02 10:20:39.321396,2025-01-02 10:20:42.732609,0 days 00:00:03.411213,1,75,,,,,,,,,,,,,,,,,,,,COMPLETE
679,679,0.6742160278745645,2025-01-02 10:20:42.733247,2025-01-02 10:20:46.406705,0 days 00:00:03.673458,1,75,,,,,,,,,,,,,,,,,,,,COMPLETE
680,680,0.6903846153846154,2025-01-02 10:20:46.407362,2025-01-02 10:20:52.054057,0 days 00:00:05.646695,2,70,50.0,,,,,,,,,,,,,,,,,,,COMPLETE
681,681,0.5576923076923077,2025-01-02 10:20:52.054761,2025-01-02 10:20:56.173978,0 days 00:00:04.119217,1,75,,,,,,,,,,,,,,,,,,,,COMPLETE
682,682,0.6289900575614862,2025-01-02 10:20:56.174643,2025-01-02 10:21:00.843446,0 days 00:00:04.668803,3,75,55.0,,,,,,,,,,,75.0,,,,,,,,COMPLETE
683,683,0.5890473999079613,2025-01-02 10:21:00.844175,2025-01-02 10:21:05.706305,0 days 00:00:04.862130,1,65,,,,,,,,,,,,,,,,,,,,COMPLETE
684,684,0.6987179487179487,2025-01-02 10:21:05.706990,2025-01-02 10:21:09.911443,0 days 00:00:04.204453,2,70,95.0,,,,,,,,,,,,,,,,,,,COMPLETE
685,685,0.5884353741496599,2025-01-02 10:21:09.912132,2025-01-02 10:21:14.935454,0 days 00:00:05.023322,1,80,,,,,,,,,,,,,,,,,,,,COMPLETE
686,686,0.6817021276595745,2025-01-02 10:21:14.936138,2025-01-02 10:21:19.475940,0 days 00:00:04.539802,2,30,185.0,,,,,,,,,,,,,,,,,,,COMPLETE
687,687,0.6126373626373627,2025-01-02 10:21:19.476641,2025-01-02 10:21:24.267830,0 days 00:00:04.791189,1,80,,,,,,,,,,,,,,,,,,,,COMPLETE
688,688,0.5457892314772204,2025-01-02 10:21:24.268501,2025-01-02 10:21:28.977087,0 days 00:00:04.708586,2,75,130.0,,,,,,,,,,,,,,,,,,,COMPLETE
689,689,0.6723484848484849,2025-01-02 10:21:28.977778,2025-01-02 10:21:33.595355,0 days 00:00:04.617577,1,85,,,,,,,,,,,,,,,,,,,,COMPLETE
690,690,0.6665124884366327,2025-01-02 10:21:33.596036,2025-01-02 10:21:38.205064,0 days 00:00:04.609028,1,90,,,,,,,,,,,,,,,,,,,,COMPLETE
691,691,0.5272108843537415,2025-01-02 10:21:38.205755,2025-01-02 10:21:42.701220,0 days 00:00:04.495465,1,85,,,,,,,,,,,,,,,,,,,,COMPLETE
692,692,0.6302600472813239,2025-01-02 10:21:42.701910,2025-01-02 10:21:49.115867,0 days 00:00:06.413957,3,70,85.0,,,,,,,,,,,130.0,,,,,,,,COMPLETE
693,693,0.6691919191919192,2025-01-02 10:21:49.116599,2025-01-02 10:21:53.712302,0 days 00:00:04.595703,2,80,70.0,,,,,,,,,,,,,,,,,,,COMPLETE
694,694,0.5682926829268293,2025-01-02 10:21:53.713000,2025-01-02 10:21:58.766793,0 days 00:00:05.053793,2,90,120.0,,,,,,,,,,,,,,,,,,,COMPLETE
695,695,0.6584905660377358,2025-01-02 10:21:58.767476,2025-01-02 10:22:03.544355,0 days 00:00:04.776879,1,75,,,,,,,,,,,,,,,,,,,,COMPLETE
696,696,0.5982187036120732,2025-01-02 10:22:03.545057,2025-01-02 10:22:08.060864,0 days 00:00:04.515807,1,40,,,,,,,,,,,,,,,,,,,,COMPLETE
697,697,0.43650126156433977,2025-01-02 10:22:08.061544,2025-01-02 10:22:54.810657,0 days 00:00:46.749113,16,80,115.0,200.0,25.0,70.0,175.0,120.0,120.0,,,,,10.0,95.0,75.0,40.0,175.0,155.0,40.0,55.0,COMPLETE
698,698,0.4413919413919414,2025-01-02 10:22:54.811914,2025-01-02 10:23:01.360409,0 days 00:00:06.548495,4,85,145.0,,,,,,,,,,,50.0,170.0,,,,,,,COMPLETE
699,699,0.6088888888888888,2025-01-02 10:23:01.361123,2025-01-02 10:23:05.636739,0 days 00:00:04.275616,1,65,,,,,,,,,,,,,,,,,,,,COMPLETE
700,700,0.2830188679245283,2025-01-02 10:23:05.637406,2025-01-02 10:23:45.080511,0 days 00:00:39.443105,13,90,30.0,160.0,70.0,135.0,,,,,,,,100.0,10.0,155.0,25.0,160.0,190.0,75.0,125.0,COMPLETE
701,701,0.6918238993710691,2025-01-02 10:23:45.081474,2025-01-02 10:23:48.775066,0 days 00:00:03.693592,2,75,100.0,,,,,,,,,,,,,,,,,,,COMPLETE
702,702,0.5918367346938775,2025-01-02 10:23:48.775766,2025-01-02 10:23:52.537622,0 days 00:00:03.761856,1,95,,,,,,,,,,,,,,,,,,,,COMPLETE
703,703,0.6022201665124884,2025-01-02 10:23:52.538293,2025-01-02 10:23:56.323306,0 days 00:00:03.785013,1,85,,,,,,,,,,,,,,,,,,,,COMPLETE
704,704,0.7140124342419896,2025-01-02 10:23:56.324003,2025-01-02 10:24:00.887932,0 days 00:00:04.563929,2,70,90.0,,,,,,,,,,,,,,,,,,,COMPLETE
705,705,0.6632270168855534,2025-01-02 10:24:00.888597,2025-01-02 10:24:04.655811,0 days 00:00:03.767214,1,75,,,,,,,,,,,,,,,,,,,,COMPLETE
706,706,0.6581818181818182,2025-01-02 10:24:04.656492,2025-01-02 10:24:08.805020,0 days 00:00:04.148528,1,80,,,,,,,,,,,,,,,,,,,,COMPLETE
707,707,0.6356589147286822,2025-01-02 10:24:08.805663,2025-01-02 10:24:13.220356,0 days 00:00:04.414693,1,90,,,,,,,,,,,,,,,,,,,,COMPLETE
708,708,0.5857843137254902,2025-01-02 10:24:13.221040,2025-01-02 10:24:17.297667,0 days 00:00:04.076627,2,95,75.0,,,,,,,,,,,,,,,,,,,COMPLETE
709,709,0.7229024943310658,2025-01-02 10:24:17.298369,2025-01-02 10:24:21.286499,0 days 00:00:03.988130,1,85,,,,,,,,,,,,,,,,,,,,COMPLETE
710,710,0.7436363636363637,2025-01-02 10:24:21.287201,2025-01-02 10:24:25.104577,0 days 00:00:03.817376,1,85,,,,,,,,,,,,,,,,,,,,COMPLETE
711,711,0.6219851576994434,2025-01-02 10:24:25.105250,2025-01-02 10:24:28.913751,0 days 00:00:03.808501,1,85,,,,,,,,,,,,,,,,,,,,COMPLETE
712,712,0.7203703703703703,2025-01-02 10:24:28.914418,2025-01-02 10:24:33.885533,0 days 00:00:04.971115,3,85,170.0,,,,,,,,,,,165.0,,,,,,,,COMPLETE
713,713,0.6802721088435374,2025-01-02 10:24:33.886252,2025-01-02 10:24:37.696713,0 days 00:00:03.810461,2,90,120.0,,,,,,,,,,,,,,,,,,,COMPLETE
714,714,0.6126373626373627,2025-01-02 10:24:37.697419,2025-01-02 10:24:42.177742,0 days 00:00:04.480323,1,85,,,,,,,,,,,,,,,,,,,,COMPLETE
715,715,0.6064084170253468,2025-01-02 10:24:42.178409,2025-01-02 10:24:46.483466,0 days 00:00:04.305057,2,80,200.0,,,,,,,,,,,,,,,,,,,COMPLETE
716,716,0.6529411764705882,2025-01-02 10:24:46.484168,2025-01-02 10:24:50.626860,0 days 00:00:04.142692,1,80,,,,,,,,,,,,,,,,,,,,COMPLETE
717,717,0.6855813953488372,2025-01-02 10:24:50.627578,2025-01-02 10:24:54.583301,0 days 00:00:03.955723,1,90,,,,,,,,,,,,,,,,,,,,COMPLETE
718,718,0.6289900575614862,2025-01-02 10:24:54.583982,2025-01-02 10:24:58.994594,0 days 00:00:04.410612,2,85,135.0,,,,,,,,,,,,,,,,,,,COMPLETE
719,719,0.6080378250591016,2025-01-02 10:24:58.995300,2025-01-02 10:25:04.143974,0 days 00:00:05.148674,1,90,,,,,,,,,,,,,,,,,,,,COMPLETE
720,720,0.6375,2025-01-02 10:25:04.144654,2025-01-02 10:25:09.012840,0 days 00:00:04.868186,2,80,150.0,,,,,,,,,,,,,,,,,,,COMPLETE
721,721,0.6680143755615453,2025-01-02 10:25:09.013548,2025-01-02 10:25:13.393419,0 days 00:00:04.379871,1,85,,,,,,,,,,,,,,,,,,,,COMPLETE
722,722,0.5994397759103641,2025-01-02 10:25:13.394117,2025-01-02 10:25:16.856453,0 days 00:00:03.462336,1,75,,,,,,,,,,,,,,,,,,,,COMPLETE
723,723,0.6802721088435374,2025-01-02 10:25:16.857145,2025-01-02 10:25:19.946898,0 days 00:00:03.089753,1,95,,,,,,,,,,,,,,,,,,,,COMPLETE
724,724,0.5834175935288171,2025-01-02 10:25:19.947693,2025-01-02 10:25:23.861961,0 days 00:00:03.914268,2,60,110.0,,,,,,,,,,,,,,,,,,,COMPLETE
725,725,0.5540697674418604,2025-01-02 10:25:23.862797,2025-01-02 10:25:28.291799,0 days 00:00:04.429002,3,80,160.0,,,,,,,,,,,90.0,,,,,,,,COMPLETE
726,726,0.6515151515151515,2025-01-02 10:25:28.292520,2025-01-02 10:25:32.033157,0 days 00:00:03.740637,1,85,,,,,,,,,,,,,,,,,,,,COMPLETE
727,727,0.7037037037037037,2025-01-02 10:25:32.033845,2025-01-02 10:25:37.325558,0 days 00:00:05.291713,2,90,10.0,,,,,,,,,,,,,,,,,,,COMPLETE
728,728,0.637641723356009,2025-01-02 10:25:37.326263,2025-01-02 10:25:41.716333,0 days 00:00:04.390070,1,95,,,,,,,,,,,,,,,,,,,,COMPLETE
729,729,0.752093023255814,2025-01-02 10:25:41.717004,2025-01-02 10:25:46.289034,0 days 00:00:04.572030,2,80,95.0,,,,,,,,,,,,,,,,,,,COMPLETE
730,730,0.6323055683387022,2025-01-02 10:25:46.289724,2025-01-02 10:25:52.126856,0 days 00:00:05.837132,3,75,95.0,,,,,,,,,,,180.0,,,,,,,,COMPLETE
731,731,0.5265957446808511,2025-01-02 10:25:52.127570,2025-01-02 10:25:56.568890,0 days 00:00:04.441320,2,70,105.0,,,,,,,,,,,,,,,,,,,COMPLETE
732,732,0.6286727456940223,2025-01-02 10:25:56.569602,2025-01-02 10:26:02.111013,0 days 00:00:05.541411,3,75,60.0,,,,,,,,,,,135.0,,,,,,,,COMPLETE
733,733,0.5905552672548002,2025-01-02 10:26:02.111743,2025-01-02 10:26:07.163158,0 days 00:00:05.051415,3,80,115.0,,,,,,,,,,,55.0,,,,,,,,COMPLETE
734,734,0.6403508771929824,2025-01-02 10:26:07.163895,2025-01-02 10:26:13.067838,0 days 00:00:05.903943,4,80,125.0,,,,,,,,,,,175.0,80.0,,,,,,,COMPLETE
735,735,0.6896221903395505,2025-01-02 10:26:13.068572,2025-01-02 10:26:17.428179,0 days 00:00:04.359607,2,70,140.0,,,,,,,,,,,,,,,,,,,COMPLETE
736,736,0.6154545454545455,2025-01-02 10:26:17.428884,2025-01-02 10:26:23.299895,0 days 00:00:05.871011,2,10,20.0,,,,,,,,,,,,,,,,,,,COMPLETE
737,737,0.6148255813953488,2025-01-02 10:26:23.300582,2025-01-02 10:26:28.711494,0 days 00:00:05.410912,2,75,5.0,,,,,,,,,,,,,,,,,,,COMPLETE
738,738,0.6583333333333333,2025-01-02 10:26:28.712184,2025-01-02 10:26:33.040301,0 days 00:00:04.328117,2,80,80.0,,,,,,,,,,,,,,,,,,,COMPLETE
739,739,0.6594202898550725,2025-01-02 10:26:33.041006,2025-01-02 10:26:37.696806,0 days 00:00:04.655800,2,85,175.0,,,,,,,,,,,,,,,,,,,COMPLETE
740,740,0.6791489361702128,2025-01-02 10:26:37.697488,2025-01-02 10:26:42.634434,0 days 00:00:04.936946,2,95,130.0,,,,,,,,,,,,,,,,,,,COMPLETE
741,741,0.6461538461538461,2025-01-02 10:26:42.635148,2025-01-02 10:26:46.594509,0 days 00:00:03.959361,2,90,50.0,,,,,,,,,,,,,,,,,,,COMPLETE
742,742,0.5843768634466309,2025-01-02 10:26:46.595206,2025-01-02 10:26:51.608032,0 days 00:00:05.012826,3,75,90.0,,,,,,,,,,,65.0,,,,,,,,COMPLETE
743,743,0.6594202898550725,2025-01-02 10:26:51.608735,2025-01-02 10:26:56.133228,0 days 00:00:04.524493,1,80,,,,,,,,,,,,,,,,,,,,COMPLETE
744,744,0.1488095238095238,2025-01-02 10:26:56.133900,2025-01-02 10:27:30.267010,0 days 00:00:34.133110,11,70,25.0,30.0,,,,,,,,,,185.0,30.0,105.0,95.0,15.0,65.0,55.0,5.0,COMPLETE
745,745,0.6219851576994434,2025-01-02 10:27:30.267968,2025-01-02 10:27:34.667578,0 days 00:00:04.399610,1,85,,,,,,,,,,,,,,,,,,,,COMPLETE
746,746,0.7551020408163265,2025-01-02 10:27:34.668242,2025-01-02 10:27:39.033707,0 days 00:00:04.365465,1,90,,,,,,,,,,,,,,,,,,,,COMPLETE
747,747,0.60858189429618,2025-01-02 10:27:39.034374,2025-01-02 10:27:44.433581,0 days 00:00:05.399207,2,95,110.0,,,,,,,,,,,,,,,,,,,COMPLETE
748,748,0.5712250712250713,2025-01-02 10:27:44.434284,2025-01-02 10:27:47.672814,0 days 00:00:03.238530,1,75,,,,,,,,,,,,,,,,,,,,COMPLETE
749,749,0.5994397759103641,2025-01-02 10:27:47.673502,2025-01-02 10:27:53.282429,0 days 00:00:05.608927,3,90,40.0,,,,,,,,,,,125.0,,,,,,,,COMPLETE
750,750,0.6356589147286822,2025-01-02 10:27:53.283180,2025-01-02 10:27:57.577507,0 days 00:00:04.294327,1,90,,,,,,,,,,,,,,,,,,,,COMPLETE
751,751,0.6419482229047828,2025-01-02 10:27:57.578196,2025-01-02 10:28:01.522957,0 days 00:00:03.944761,1,80,,,,,,,,,,,,,,,,,,,,COMPLETE
752,752,0.55759682224429,2025-01-02 10:28:01.523612,2025-01-02 10:28:06.338922,0 days 00:00:04.815310,2,85,65.0,,,,,,,,,,,,,,,,,,,COMPLETE
753,753,0.6703703703703703,2025-01-02 10:28:06.339631,2025-01-02 10:28:09.704001,0 days 00:00:03.364370,2,75,100.0,,,,,,,,,,,,,,,,,,,COMPLETE
754,754,0.6154545454545455,2025-01-02 10:28:09.704706,2025-01-02 10:28:13.724248,0 days 00:00:04.019542,1,90,,,,,,,,,,,,,,,,,,,,COMPLETE
755,755,0.6316489361702128,2025-01-02 10:28:13.724923,2025-01-02 10:28:18.069477,0 days 00:00:04.344554,1,80,,,,,,,,,,,,,,,,,,,,COMPLETE
756,756,0.6541666666666667,2025-01-02 10:28:18.070293,2025-01-02 10:28:22.400625,0 days 00:00:04.330332,1,95,,,,,,,,,,,,,,,,,,,,COMPLETE
757,757,0.0,2025-01-02 10:28:22.401407,2025-01-02 10:29:04.371072,0 days 00:00:41.969665,14,85,105.0,140.0,155.0,105.0,80.0,,,,,,,115.0,190.0,135.0,150.0,200.0,15.0,190.0,30.0,COMPLETE
758,758,0.660633484162896,2025-01-02 10:29:04.372070,2025-01-02 10:29:10.143042,0 days 00:00:05.770972,2,75,155.0,,,,,,,,,,,,,,,,,,,COMPLETE
759,759,0.602051282051282,2025-01-02 10:29:10.143749,2025-01-02 10:29:14.641059,0 days 00:00:04.497310,1,100,,,,,,,,,,,,,,,,,,,,COMPLETE
760,760,0.5952157598499062,2025-01-02 10:29:14.641752,2025-01-02 10:29:19.224750,0 days 00:00:04.582998,2,90,55.0,,,,,,,,,,,,,,,,,,,COMPLETE
761,761,0.6886363636363637,2025-01-02 10:29:19.225470,2025-01-02 10:29:24.267906,0 days 00:00:05.042436,1,80,,,,,,,,,,,,,,,,,,,,COMPLETE
762,762,0.7171428571428571,2025-01-02 10:29:24.268601,2025-01-02 10:29:28.205239,0 days 00:00:03.936638,1,85,,,,,,,,,,,,,,,,,,,,COMPLETE
763,763,0.62,2025-01-02 10:29:28.205946,2025-01-02 10:29:34.618617,0 days 00:00:06.412671,3,95,140.0,,,,,,,,,,,155.0,,,,,,,,COMPLETE
764,764,0.6356275303643725,2025-01-02 10:29:34.619344,2025-01-02 10:29:38.365801,0 days 00:00:03.746457,2,70,30.0,,,,,,,,,,,,,,,,,,,COMPLETE
765,765,0.5950113378684807,2025-01-02 10:29:38.366511,2025-01-02 10:29:42.117751,0 days 00:00:03.751240,1,80,,,,,,,,,,,,,,,,,,,,COMPLETE
766,766,0.6257142857142857,2025-01-02 10:29:42.118414,2025-01-02 10:29:46.110673,0 days 00:00:03.992259,1,90,,,,,,,,,,,,,,,,,,,,COMPLETE
767,767,0.6556776556776557,2025-01-02 10:29:46.111377,2025-01-02 10:29:51.118685,0 days 00:00:05.007308,1,75,,,,,,,,,,,,,,,,,,,,COMPLETE
768,768,0.6730769230769231,2025-01-02 10:29:51.119388,2025-01-02 10:29:55.842115,0 days 00:00:04.722727,2,85,135.0,,,,,,,,,,,,,,,,,,,COMPLETE
769,769,0.637641723356009,2025-01-02 10:29:55.842834,2025-01-02 10:30:00.088453,0 days 00:00:04.245619,1,100,,,,,,,,,,,,,,,,,,,,COMPLETE
770,770,0.6318681318681318,2025-01-02 10:30:00.089142,2025-01-02 10:30:04.349476,0 days 00:00:04.260334,2,80,125.0,,,,,,,,,,,,,,,,,,,COMPLETE
771,771,0.602051282051282,2025-01-02 10:30:04.350194,2025-01-02 10:30:09.455025,0 days 00:00:05.104831,1,85,,,,,,,,,,,,,,,,,,,,COMPLETE
772,772,0.21647058823529414,2025-01-02 10:30:09.455741,2025-01-02 10:30:31.435150,0 days 00:00:21.979409,15,65,130.0,95.0,85.0,5.0,115.0,75.0,,,,,,140.0,40.0,95.0,75.0,50.0,120.0,140.0,85.0,COMPLETE
773,773,0.41463414634146345,2025-01-02 10:30:31.436733,2025-01-02 10:30:41.513348,0 days 00:00:10.076615,5,90,120.0,,,,,,,,,,,95.0,145.0,65.0,,,,,,COMPLETE
774,774,0.6653846153846154,2025-01-02 10:30:41.514098,2025-01-02 10:30:45.652249,0 days 00:00:04.138151,2,95,180.0,,,,,,,,,,,,,,,,,,,COMPLETE
775,775,0.6518518518518519,2025-01-02 10:30:45.652966,2025-01-02 10:30:49.768975,0 days 00:00:04.116009,1,80,,,,,,,,,,,,,,,,,,,,COMPLETE
776,776,0.400709219858156,2025-01-02 10:30:49.769675,2025-01-02 10:31:07.374062,0 days 00:00:17.604387,8,85,195.0,,,,,,,,,,,110.0,125.0,25.0,15.0,100.0,135.0,,,COMPLETE
777,777,0.6661828737300435,2025-01-02 10:31:07.374904,2025-01-02 10:31:11.595921,0 days 00:00:04.221017,2,70,45.0,,,,,,,,,,,,,,,,,,,COMPLETE
778,778,0.6581818181818182,2025-01-02 10:31:11.596637,2025-01-02 10:31:15.573890,0 days 00:00:03.977253,1,75,,,,,,,,,,,,,,,,,,,,COMPLETE
779,779,0.6447124304267161,2025-01-02 10:31:15.574680,2025-01-02 10:31:19.241919,0 days 00:00:03.667239,1,100,,,,,,,,,,,,,,,,,,,,COMPLETE
780,780,0.532656023222061,2025-01-02 10:31:19.242724,2025-01-02 10:31:24.010832,0 days 00:00:04.768108,1,95,,,,,,,,,,,,,,,,,,,,COMPLETE
781,781,0.5379278445883441,2025-01-02 10:31:24.011537,2025-01-02 10:31:41.175291,0 days 00:00:17.163754,7,90,70.0,,,,,,,,,,,40.0,65.0,40.0,50.0,140.0,,,,COMPLETE
782,782,0.5621212121212121,2025-01-02 10:31:41.176080,2025-01-02 10:31:46.847628,0 days 00:00:05.671548,4,85,80.0,,,,,,,,,,,80.0,20.0,,,,,,,COMPLETE
783,783,0.6295238095238096,2025-01-02 10:31:46.848414,2025-01-02 10:31:51.550385,0 days 00:00:04.701971,2,75,35.0,,,,,,,,,,,,,,,,,,,COMPLETE
784,784,0.44435612082670906,2025-01-02 10:31:51.551102,2025-01-02 10:31:59.041131,0 days 00:00:07.490029,6,80,190.0,,,,,,,,,,,105.0,160.0,110.0,55.0,,,,,COMPLETE
785,785,0.6302600472813239,2025-01-02 10:31:59.041914,2025-01-02 10:32:02.732942,0 days 00:00:03.691028,1,90,,,,,,,,,,,,,,,,,,,,COMPLETE
786,786,0.6356589147286822,2025-01-02 10:32:02.733645,2025-01-02 10:32:07.440777,0 days 00:00:04.707132,2,70,110.0,,,,,,,,,,,,,,,,,,,COMPLETE
787,787,0.6526175687666371,2025-01-02 10:32:07.441529,2025-01-02 10:32:12.820019,0 days 00:00:05.378490,3,80,100.0,,,,,,,,,,,160.0,,,,,,,,COMPLETE
788,788,0.6511111111111112,2025-01-02 10:32:12.820770,2025-01-02 10:32:17.684648,0 days 00:00:04.863878,1,95,,,,,,,,,,,,,,,,,,,,COMPLETE
789,789,0.6515151515151515,2025-01-02 10:32:17.685336,2025-01-02 10:32:21.566272,0 days 00:00:03.880936,1,165,,,,,,,,,,,,,,,,,,,,COMPLETE
790,790,0.6495238095238096,2025-01-02 10:32:21.566999,2025-01-02 10:32:26.843394,0 days 00:00:05.276395,2,85,95.0,,,,,,,,,,,,,,,,,,,COMPLETE
791,791,0.6219851576994434,2025-01-02 10:32:26.844115,2025-01-02 10:32:30.274073,0 days 00:00:03.429958,1,90,,,,,,,,,,,,,,,,,,,,COMPLETE
792,792,0.5960144927536233,2025-01-02 10:32:30.274776,2025-01-02 10:32:36.136501,0 days 00:00:05.861725,2,75,15.0,,,,,,,,,,,,,,,,,,,COMPLETE
793,793,0.6356275303643725,2025-01-02 10:32:36.137219,2025-01-02 10:32:41.711310,0 days 00:00:05.574091,3,95,145.0,,,,,,,,,,,130.0,,,,,,,,COMPLETE
794,794,0.6244029526704298,2025-01-02 10:32:41.712055,2025-01-02 10:32:46.727783,0 days 00:00:05.015728,1,105,,,,,,,,,,,,,,,,,,,,COMPLETE
795,795,0.6153846153846154,2025-01-02 10:32:46.728487,2025-01-02 10:32:51.517049,0 days 00:00:04.788562,2,80,115.0,,,,,,,,,,,,,,,,,,,COMPLETE
796,796,0.6624649859943978,2025-01-02 10:32:51.517747,2025-01-02 10:32:55.222606,0 days 00:00:03.704859,1,85,,,,,,,,,,,,,,,,,,,,COMPLETE
797,797,0.6260162601626016,2025-01-02 10:32:55.223275,2025-01-02 10:32:59.703464,0 days 00:00:04.480189,1,90,,,,,,,,,,,,,,,,,,,,COMPLETE
798,798,0.6747967479674797,2025-01-02 10:32:59.704153,2025-01-02 10:33:03.620026,0 days 00:00:03.915873,2,200,85.0,,,,,,,,,,,,,,,,,,,COMPLETE
799,799,0.6168478260869565,2025-01-02 10:33:03.620766,2025-01-02 10:33:08.144403,0 days 00:00:04.523637,1,100,,,,,,,,,,,,,,,,,,,,COMPLETE
800,800,0.6458333333333333,2025-01-02 10:33:08.145113,2025-01-02 10:33:12.493005,0 days 00:00:04.347892,1,80,,,,,,,,,,,,,,,,,,,,COMPLETE
801,801,0.6104702750665484,2025-01-02 10:33:12.493700,2025-01-02 10:33:16.322219,0 days 00:00:03.828519,1,70,,,,,,,,,,,,,,,,,,,,COMPLETE
802,802,0.6349924585218703,2025-01-02 10:33:16.322916,2025-01-02 10:33:20.060782,0 days 00:00:03.737866,1,75,,,,,,,,,,,,,,,,,,,,COMPLETE
803,803,0.6918238993710691,2025-01-02 10:33:20.061466,2025-01-02 10:33:25.611014,0 days 00:00:05.549548,2,160,150.0,,,,,,,,,,,,,,,,,,,COMPLETE
804,804,0.6785225718194254,2025-01-02 10:33:25.611734,2025-01-02 10:33:29.337622,0 days 00:00:03.725888,1,85,,,,,,,,,,,,,,,,,,,,COMPLETE
805,805,0.6126829268292683,2025-01-02 10:33:29.338350,2025-01-02 10:33:33.147894,0 days 00:00:03.809544,2,95,90.0,,,,,,,,,,,,,,,,,,,COMPLETE
806,806,0.6231956197112991,2025-01-02 10:33:33.148585,2025-01-02 10:33:37.198246,0 days 00:00:04.049661,1,80,,,,,,,,,,,,,,,,,,,,COMPLETE
807,807,0.5744047619047619,2025-01-02 10:33:37.198951,2025-01-02 10:33:41.405540,0 days 00:00:04.206589,2,65,160.0,,,,,,,,,,,,,,,,,,,COMPLETE
808,808,0.6785225718194254,2025-01-02 10:33:41.406246,2025-01-02 10:33:45.242363,0 days 00:00:03.836117,1,90,,,,,,,,,,,,,,,,,,,,COMPLETE
809,809,0.5918367346938775,2025-01-02 10:33:45.243099,2025-01-02 10:33:48.978676,0 days 00:00:03.735577,1,75,,,,,,,,,,,,,,,,,,,,COMPLETE
810,810,0.554006968641115,2025-01-02 10:33:48.979379,2025-01-02 10:33:54.246547,0 days 00:00:05.267168,3,100,75.0,,,,,,,,,,,140.0,,,,,,,,COMPLETE
811,811,0.5708333333333333,2025-01-02 10:33:54.247271,2025-01-02 10:33:58.811303,0 days 00:00:04.564032,1,85,,,,,,,,,,,,,,,,,,,,COMPLETE
812,812,0.648479427549195,2025-01-02 10:33:58.812022,2025-01-02 10:34:03.603913,0 days 00:00:04.791891,2,105,120.0,,,,,,,,,,,,,,,,,,,COMPLETE
813,813,0.6059928443649374,2025-01-02 10:34:03.604654,2025-01-02 10:34:07.982346,0 days 00:00:04.377692,1,80,,,,,,,,,,,,,,,,,,,,COMPLETE
814,814,0.6689250225835592,2025-01-02 10:34:07.983044,2025-01-02 10:34:13.494737,0 days 00:00:05.511693,3,90,135.0,,,,,,,,,,,170.0,,,,,,,,COMPLETE
815,815,0.5773809523809523,2025-01-02 10:34:13.495710,2025-01-02 10:34:17.399740,0 days 00:00:03.904030,1,85,,,,,,,,,,,,,,,,,,,,COMPLETE
816,816,0.5746180963572268,2025-01-02 10:34:17.400465,2025-01-02 10:34:23.152437,0 days 00:00:05.751972,4,90,170.0,,,,,,,,,,,150.0,120.0,,,,,,,COMPLETE
817,817,0.6214209968186639,2025-01-02 10:34:23.153235,2025-01-02 10:34:27.294427,0 days 00:00:04.141192,2,70,105.0,,,,,,,,,,,,,,,,,,,COMPLETE
818,818,0.7571428571428571,2025-01-02 10:34:27.295173,2025-01-02 10:34:31.138402,0 days 00:00:03.843229,1,95,,,,,,,,,,,,,,,,,,,,COMPLETE
819,819,0.5864527629233511,2025-01-02 10:34:31.139112,2025-01-02 10:34:35.340852,0 days 00:00:04.201740,1,100,,,,,,,,,,,,,,,,,,,,COMPLETE
820,820,0.6862745098039216,2025-01-02 10:34:35.341583,2025-01-02 10:34:38.992614,0 days 00:00:03.651031,1,95,,,,,,,,,,,,,,,,,,,,COMPLETE
821,821,0.6950757575757576,2025-01-02 10:34:38.993340,2025-01-02 10:34:43.392832,0 days 00:00:04.399492,1,105,,,,,,,,,,,,,,,,,,,,COMPLETE
822,822,0.1866096866096866,2025-01-02 10:34:43.393528,2025-01-02 10:35:00.936041,0 days 00:00:17.542513,9,100,40.0,,,,,,,,,,,15.0,195.0,195.0,140.0,70.0,190.0,10.0,,COMPLETE
823,823,0.6785225718194254,2025-01-02 10:35:00.936946,2025-01-02 10:35:05.730907,0 days 00:00:04.793961,1,95,,,,,,,,,,,,,,,,,,,,COMPLETE
824,824,0.6755637367694431,2025-01-02 10:35:05.731645,2025-01-02 10:35:08.836157,0 days 00:00:03.104512,1,75,,,,,,,,,,,,,,,,,,,,COMPLETE
825,825,0.41774891774891776,2025-01-02 10:35:08.836864,2025-01-02 10:36:01.162766,0 days 00:00:52.325902,18,95,5.0,185.0,5.0,200.0,25.0,170.0,180.0,195.0,65.0,,,35.0,185.0,170.0,180.0,35.0,5.0,20.0,70.0,COMPLETE
826,826,0.7213862289101687,2025-01-02 10:36:01.164243,2025-01-02 10:36:04.947334,0 days 00:00:03.783091,1,70,,,,,,,,,,,,,,,,,,,,COMPLETE
827,827,0.7009090909090909,2025-01-02 10:36:04.948044,2025-01-02 10:36:09.291018,0 days 00:00:04.342974,1,80,,,,,,,,,,,,,,,,,,,,COMPLETE
828,828,0.6651205936920223,2025-01-02 10:36:09.291716,2025-01-02 10:36:12.799821,0 days 00:00:03.508105,1,85,,,,,,,,,,,,,,,,,,,,COMPLETE
829,829,0.6427511133102424,2025-01-02 10:36:12.800519,2025-01-02 10:36:17.745273,0 days 00:00:04.944754,2,100,10.0,,,,,,,,,,,,,,,,,,,COMPLETE
830,830,0.681159420289855,2025-01-02 10:36:17.746012,2025-01-02 10:36:21.652899,0 days 00:00:03.906887,1,75,,,,,,,,,,,,,,,,,,,,COMPLETE
831,831,0.6742424242424242,2025-01-02 10:36:21.653577,2025-01-02 10:36:25.705228,0 days 00:00:04.051651,1,105,,,,,,,,,,,,,,,,,,,,COMPLETE
832,832,0.6564625850340136,2025-01-02 10:36:25.705960,2025-01-02 10:36:29.645304,0 days 00:00:03.939344,1,90,,,,,,,,,,,,,,,,,,,,COMPLETE
833,833,0.6695238095238095,2025-01-02 10:36:29.646041,2025-01-02 10:36:34.995754,0 days 00:00:05.349713,2,65,55.0,,,,,,,,,,,,,,,,,,,COMPLETE
834,834,0.6785225718194254,2025-01-02 10:36:34.996474,2025-01-02 10:36:39.735607,0 days 00:00:04.739133,1,80,,,,,,,,,,,,,,,,,,,,COMPLETE
835,835,0.6541774332472007,2025-01-02 10:36:39.736308,2025-01-02 10:36:44.418214,0 days 00:00:04.681906,2,95,65.0,,,,,,,,,,,,,,,,,,,COMPLETE
836,836,0.5637254901960784,2025-01-02 10:36:44.418956,2025-01-02 10:36:48.176232,0 days 00:00:03.757276,1,75,,,,,,,,,,,,,,,,,,,,COMPLETE
837,837,0.5904306220095694,2025-01-02 10:36:48.176948,2025-01-02 10:36:53.310785,0 days 00:00:05.133837,1,80,,,,,,,,,,,,,,,,,,,,COMPLETE
838,838,0.6093514328808447,2025-01-02 10:36:53.311548,2025-01-02 10:36:57.721005,0 days 00:00:04.409457,2,85,175.0,,,,,,,,,,,,,,,,,,,COMPLETE
839,839,0.714221824686941,2025-01-02 10:36:57.721717,2025-01-02 10:37:01.241468,0 days 00:00:03.519751,1,90,,,,,,,,,,,,,,,,,,,,COMPLETE
840,840,0.6063424947145877,2025-01-02 10:37:01.242219,2025-01-02 10:37:05.461472,0 days 00:00:04.219253,1,85,,,,,,,,,,,,,,,,,,,,COMPLETE
841,841,0.6356589147286822,2025-01-02 10:37:05.462197,2025-01-02 10:37:10.453601,0 days 00:00:04.991404,2,100,165.0,,,,,,,,,,,,,,,,,,,COMPLETE
842,842,0.5641025641025641,2025-01-02 10:37:10.454387,2025-01-02 10:37:13.279426,0 days 00:00:02.825039,1,75,,,,,,,,,,,,,,,,,,,,COMPLETE
843,843,0.6725201708590414,2025-01-02 10:37:13.280309,2025-01-02 10:37:16.965658,0 days 00:00:03.685349,1,80,,,,,,,,,,,,,,,,,,,,COMPLETE
844,844,0.6729411764705883,2025-01-02 10:37:16.966370,2025-01-02 10:37:21.428087,0 days 00:00:04.461717,2,95,185.0,,,,,,,,,,,,,,,,,,,COMPLETE
845,845,0.7096153846153846,2025-01-02 10:37:21.428805,2025-01-02 10:37:24.912805,0 days 00:00:03.484000,1,110,,,,,,,,,,,,,,,,,,,,COMPLETE
846,846,0.6428571428571428,2025-01-02 10:37:24.913520,2025-01-02 10:37:30.161177,0 days 00:00:05.247657,2,70,60.0,,,,,,,,,,,,,,,,,,,COMPLETE
847,847,0.6356589147286822,2025-01-02 10:37:30.161917,2025-01-02 10:37:33.760555,0 days 00:00:03.598638,1,85,,,,,,,,,,,,,,,,,,,,COMPLETE
848,848,0.7477551020408163,2025-01-02 10:37:33.761224,2025-01-02 10:37:37.260493,0 days 00:00:03.499269,1,90,,,,,,,,,,,,,,,,,,,,COMPLETE
849,849,0.6581818181818182,2025-01-02 10:37:37.261209,2025-01-02 10:37:41.491603,0 days 00:00:04.230394,1,90,,,,,,,,,,,,,,,,,,,,COMPLETE
850,850,0.6518518518518519,2025-01-02 10:37:41.492329,2025-01-02 10:37:46.564671,0 days 00:00:05.072342,2,95,20.0,,,,,,,,,,,,,,,,,,,COMPLETE
851,851,0.7275132275132274,2025-01-02 10:37:46.565421,2025-01-02 10:37:51.899911,0 days 00:00:05.334490,2,90,75.0,,,,,,,,,,,,,,,,,,,COMPLETE
852,852,0.6747491638795986,2025-01-02 10:37:51.900651,2025-01-02 10:37:55.314622,0 days 00:00:03.413971,1,95,,,,,,,,,,,,,,,,,,,,COMPLETE
853,853,0.5742753623188406,2025-01-02 10:37:55.315330,2025-01-02 10:37:59.993351,0 days 00:00:04.678021,1,100,,,,,,,,,,,,,,,,,,,,COMPLETE
854,854,0.6320109439124487,2025-01-02 10:37:59.994051,2025-01-02 10:38:05.302917,0 days 00:00:05.308866,2,90,195.0,,,,,,,,,,,,,,,,,,,COMPLETE
855,855,0.6260162601626016,2025-01-02 10:38:05.303662,2025-01-02 10:38:10.602845,0 days 00:00:05.299183,1,90,,,,,,,,,,,,,,,,,,,,COMPLETE
856,856,0.7445652173913043,2025-01-02 10:38:10.603583,2025-01-02 10:38:14.245610,0 days 00:00:03.642027,1,95,,,,,,,,,,,,,,,,,,,,COMPLETE
857,857,0.6504065040650406,2025-01-02 10:38:14.246338,2025-01-02 10:38:19.062595,0 days 00:00:04.816257,2,100,200.0,,,,,,,,,,,,,,,,,,,COMPLETE
858,858,0.7342511472674176,2025-01-02 10:38:19.063338,2025-01-02 10:38:23.119656,0 days 00:00:04.056318,1,105,,,,,,,,,,,,,,,,,,,,COMPLETE
859,859,0.7097222222222223,2025-01-02 10:38:23.120374,2025-01-02 10:38:27.455223,0 days 00:00:04.334849,2,105,50.0,,,,,,,,,,,,,,,,,,,COMPLETE
860,860,0.673407482305359,2025-01-02 10:38:27.455981,2025-01-02 10:38:30.677674,0 days 00:00:03.221693,1,140,,,,,,,,,,,,,,,,,,,,COMPLETE
861,861,0.6405418480890179,2025-01-02 10:38:30.678400,2025-01-02 10:38:34.110761,0 days 00:00:03.432361,1,100,,,,,,,,,,,,,,,,,,,,COMPLETE
862,862,0.7097222222222223,2025-01-02 10:38:34.111416,2025-01-02 10:38:38.210254,0 days 00:00:04.098838,1,105,,,,,,,,,,,,,,,,,,,,COMPLETE
863,863,0.6356589147286822,2025-01-02 10:38:38.210964,2025-01-02 10:38:42.368632,0 days 00:00:04.157668,1,95,,,,,,,,,,,,,,,,,,,,COMPLETE
864,864,0.6265306122448979,2025-01-02 10:38:42.369373,2025-01-02 10:38:47.471376,0 days 00:00:05.102003,2,100,70.0,,,,,,,,,,,,,,,,,,,COMPLETE
865,865,0.6524822695035462,2025-01-02 10:38:47.472131,2025-01-02 10:38:51.232542,0 days 00:00:03.760411,1,150,,,,,,,,,,,,,,,,,,,,COMPLETE
866,866,0.5756843800322061,2025-01-02 10:38:51.233260,2025-01-02 10:38:55.394230,0 days 00:00:04.160970,2,110,85.0,,,,,,,,,,,,,,,,,,,COMPLETE
867,867,0.7058823529411764,2025-01-02 10:38:55.394997,2025-01-02 10:38:59.436720,0 days 00:00:04.041723,1,155,,,,,,,,,,,,,,,,,,,,COMPLETE
868,868,0.5493230174081238,2025-01-02 10:38:59.437446,2025-01-02 10:39:02.957661,0 days 00:00:03.520215,1,110,,,,,,,,,,,,,,,,,,,,COMPLETE
869,869,0.6648992576882291,2025-01-02 10:39:02.958369,2025-01-02 10:39:08.261350,0 days 00:00:05.302981,2,95,25.0,,,,,,,,,,,,,,,,,,,COMPLETE
870,870,0.5742753623188406,2025-01-02 10:39:08.262095,2025-01-02 10:39:13.700268,0 days 00:00:05.438173,1,135,,,,,,,,,,,,,,,,,,,,COMPLETE
871,871,0.6364468864468864,2025-01-02 10:39:13.701018,2025-01-02 10:39:17.498224,0 days 00:00:03.797206,2,170,80.0,,,,,,,,,,,,,,,,,,,COMPLETE
872,872,0.6947648624667258,2025-01-02 10:39:17.498965,2025-01-02 10:39:20.695733,0 days 00:00:03.196768,1,200,,,,,,,,,,,,,,,,,,,,COMPLETE
873,873,0.5765957446808511,2025-01-02 10:39:20.696508,2025-01-02 10:39:59.927562,0 days 00:00:39.231054,12,90,155.0,125.0,190.0,,,,,,,,,45.0,200.0,10.0,115.0,175.0,45.0,115.0,100.0,COMPLETE
874,874,0.6148255813953488,2025-01-02 10:39:59.928558,2025-01-02 10:40:04.600885,0 days 00:00:04.672327,1,105,,,,,,,,,,,,,,,,,,,,COMPLETE
875,875,0.6700143472022956,2025-01-02 10:40:04.601592,2025-01-02 10:40:09.218009,0 days 00:00:04.616417,2,95,40.0,,,,,,,,,,,,,,,,,,,COMPLETE
876,876,0.7645502645502645,2025-01-02 10:40:09.218932,2025-01-02 10:40:13.502416,0 days 00:00:04.283484,1,90,,,,,,,,,,,,,,,,,,,,COMPLETE
877,877,0.6356589147286822,2025-01-02 10:40:13.503153,2025-01-02 10:40:17.235918,0 days 00:00:03.732765,1,90,,,,,,,,,,,,,,,,,,,,COMPLETE
878,878,0.6382978723404256,2025-01-02 10:40:17.236655,2025-01-02 10:40:21.053348,0 days 00:00:03.816693,1,95,,,,,,,,,,,,,,,,,,,,COMPLETE
879,879,0.7019927536231885,2025-01-02 10:40:21.054070,2025-01-02 10:40:25.052970,0 days 00:00:03.998900,1,90,,,,,,,,,,,,,,,,,,,,COMPLETE
880,880,0.6584905660377358,2025-01-02 10:40:25.053681,2025-01-02 10:40:30.815429,0 days 00:00:05.761748,2,95,45.0,,,,,,,,,,,,,,,,,,,COMPLETE
881,881,0.7213862289101687,2025-01-02 10:40:30.816173,2025-01-02 10:40:36.183228,0 days 00:00:05.367055,1,100,,,,,,,,,,,,,,,,,,,,COMPLETE
882,882,0.6563192904656319,2025-01-02 10:40:36.183963,2025-01-02 10:40:40.316792,0 days 00:00:04.132829,2,90,190.0,,,,,,,,,,,,,,,,,,,COMPLETE
883,883,0.6122448979591837,2025-01-02 10:40:40.317540,2025-01-02 10:40:44.128678,0 days 00:00:03.811138,1,85,,,,,,,,,,,,,,,,,,,,COMPLETE
884,884,0.6461538461538461,2025-01-02 10:40:44.129380,2025-01-02 10:40:47.857355,0 days 00:00:03.727975,2,90,55.0,,,,,,,,,,,,,,,,,,,COMPLETE
885,885,0.5553359683794465,2025-01-02 10:40:47.858100,2025-01-02 10:40:51.824654,0 days 00:00:03.966554,1,85,,,,,,,,,,,,,,,,,,,,COMPLETE
886,886,0.14714285714285713,2025-01-02 10:40:51.825359,2025-01-02 10:41:10.482674,0 days 00:00:18.657315,19,95,175.0,80.0,60.0,55.0,55.0,25.0,70.0,35.0,155.0,5.0,,30.0,165.0,145.0,165.0,90.0,30.0,90.0,165.0,COMPLETE
887,887,0.6556776556776557,2025-01-02 10:41:10.483816,2025-01-02 10:41:13.541502,0 days 00:00:03.057686,1,100,,,,,,,,,,,,,,,,,,,,COMPLETE
888,888,0.5888278388278388,2025-01-02 10:41:13.542226,2025-01-02 10:41:19.263072,0 days 00:00:05.720846,2,85,30.0,,,,,,,,,,,,,,,,,,,COMPLETE
889,889,0.6452358926919519,2025-01-02 10:41:19.263800,2025-01-02 10:41:23.563299,0 days 00:00:04.299499,1,90,,,,,,,,,,,,,,,,,,,,COMPLETE
890,890,0.6339031339031339,2025-01-02 10:41:23.564038,2025-01-02 10:41:28.112090,0 days 00:00:04.548052,1,95,,,,,,,,,,,,,,,,,,,,COMPLETE
891,891,0.5756302521008403,2025-01-02 10:41:28.112809,2025-01-02 10:41:33.326877,0 days 00:00:05.214068,2,165,60.0,,,,,,,,,,,,,,,,,,,COMPLETE
892,892,0.7019927536231885,2025-01-02 10:41:33.327624,2025-01-02 10:41:38.079079,0 days 00:00:04.751455,1,105,,,,,,,,,,,,,,,,,,,,COMPLETE
893,893,0.575984990619137,2025-01-02 10:41:38.079805,2025-01-02 10:41:42.964156,0 days 00:00:04.884351,2,85,35.0,,,,,,,,,,,,,,,,,,,COMPLETE
894,894,0.6234967622571693,2025-01-02 10:41:42.964900,2025-01-02 10:41:46.589254,0 days 00:00:03.624354,1,100,,,,,,,,,,,,,,,,,,,,COMPLETE
895,895,0.6862745098039216,2025-01-02 10:41:46.589957,2025-01-02 10:41:50.891289,0 days 00:00:04.301332,1,195,,,,,,,,,,,,,,,,,,,,COMPLETE
896,896,0.6651205936920223,2025-01-02 10:41:50.892046,2025-01-02 10:41:54.852104,0 days 00:00:03.960058,2,90,165.0,,,,,,,,,,,,,,,,,,,COMPLETE
897,897,0.6333333333333333,2025-01-02 10:41:54.852872,2025-01-02 10:41:58.969086,0 days 00:00:04.116214,1,95,,,,,,,,,,,,,,,,,,,,COMPLETE
898,898,0.637641723356009,2025-01-02 10:41:58.969806,2025-01-02 10:42:03.679143,0 days 00:00:04.709337,1,85,,,,,,,,,,,,,,,,,,,,COMPLETE
899,899,0.6428571428571428,2025-01-02 10:42:03.679881,2025-01-02 10:42:07.220528,0 days 00:00:03.540647,1,95,,,,,,,,,,,,,,,,,,,,COMPLETE
900,900,0.6584905660377358,2025-01-02 10:42:07.221262,2025-01-02 10:42:11.687985,0 days 00:00:04.466723,2,85,90.0,,,,,,,,,,,,,,,,,,,COMPLETE
901,901,0.6326829268292683,2025-01-02 10:42:11.688714,2025-01-02 10:42:15.341507,0 days 00:00:03.652793,1,90,,,,,,,,,,,,,,,,,,,,COMPLETE
902,902,0.7106918238993711,2025-01-02 10:42:15.342253,2025-01-02 10:42:19.426863,0 days 00:00:04.084610,1,100,,,,,,,,,,,,,,,,,,,,COMPLETE
903,903,0.4642857142857143,2025-01-02 10:42:19.427600,2025-01-02 10:42:28.321043,0 days 00:00:08.893443,6,90,95.0,,,,,,,,,,,20.0,175.0,125.0,30.0,,,,,COMPLETE
904,904,0.6515151515151515,2025-01-02 10:42:28.321868,2025-01-02 10:42:33.107083,0 days 00:00:04.785215,1,85,,,,,,,,,,,,,,,,,,,,COMPLETE
905,905,0.6364124597207304,2025-01-02 10:42:33.107822,2025-01-02 10:42:37.648878,0 days 00:00:04.541056,2,160,70.0,,,,,,,,,,,,,,,,,,,COMPLETE
906,906,0.6584905660377358,2025-01-02 10:42:37.649613,2025-01-02 10:42:42.280846,0 days 00:00:04.631233,1,85,,,,,,,,,,,,,,,,,,,,COMPLETE
907,907,0.11538461538461539,2025-01-02 10:42:42.281557,2025-01-02 10:43:23.749736,0 days 00:00:41.468179,14,95,15.0,55.0,30.0,30.0,145.0,,,,,,,75.0,10.0,85.0,5.0,25.0,80.0,125.0,195.0,COMPLETE
908,908,0.6755637367694431,2025-01-02 10:43:23.751023,2025-01-02 10:43:29.211057,0 days 00:00:05.460034,2,110,180.0,,,,,,,,,,,,,,,,,,,COMPLETE
909,909,0.6950757575757576,2025-01-02 10:43:29.211806,2025-01-02 10:43:33.161300,0 days 00:00:03.949494,1,90,,,,,,,,,,,,,,,,,,,,COMPLETE
910,910,0.601923076923077,2025-01-02 10:43:33.162054,2025-01-02 10:43:38.601948,0 days 00:00:05.439894,2,95,155.0,,,,,,,,,,,,,,,,,,,COMPLETE
911,911,0.6862745098039216,2025-01-02 10:43:38.602789,2025-01-02 10:43:43.466124,0 days 00:00:04.863335,1,105,,,,,,,,,,,,,,,,,,,,COMPLETE
912,912,0.6154545454545455,2025-01-02 10:43:43.466839,2025-01-02 10:43:47.503033,0 days 00:00:04.036194,1,80,,,,,,,,,,,,,,,,,,,,COMPLETE
913,913,0.685,2025-01-02 10:43:47.503773,2025-01-02 10:43:51.061726,0 days 00:00:03.557953,2,90,145.0,,,,,,,,,,,,,,,,,,,COMPLETE
914,914,0.7172576832151301,2025-01-02 10:43:51.062469,2025-01-02 10:43:55.485181,0 days 00:00:04.422712,1,80,,,,,,,,,,,,,,,,,,,,COMPLETE
915,915,0.6423255813953488,2025-01-02 10:43:55.485917,2025-01-02 10:43:59.092185,0 days 00:00:03.606268,2,100,65.0,,,,,,,,,,,,,,,,,,,COMPLETE
916,916,0.6643356643356644,2025-01-02 10:43:59.092948,2025-01-02 10:44:04.366049,0 days 00:00:05.273101,1,85,,,,,,,,,,,,,,,,,,,,COMPLETE
917,917,0.702939885914875,2025-01-02 10:44:04.366795,2025-01-02 10:44:08.942310,0 days 00:00:04.575515,1,90,,,,,,,,,,,,,,,,,,,,COMPLETE
918,918,0.5756302521008403,2025-01-02 10:44:08.943042,2025-01-02 10:44:14.366119,0 days 00:00:05.423077,3,145,75.0,,,,,,,,,,,55.0,,,,,,,,COMPLETE
919,919,0.07846153846153847,2025-01-02 10:44:14.366904,2025-01-02 10:45:01.459011,0 days 00:00:47.092107,16,80,10.0,40.0,95.0,180.0,90.0,115.0,30.0,,,,,85.0,155.0,70.0,90.0,10.0,145.0,25.0,150.0,COMPLETE
920,920,0.43529411764705883,2025-01-02 10:45:01.460101,2025-01-02 10:45:33.576089,0 days 00:00:32.115988,10,95,185.0,,,,,,,,,,,5.0,145.0,95.0,195.0,195.0,95.0,140.0,135.0,COMPLETE
921,921,0.7158687943262412,2025-01-02 10:45:33.577079,2025-01-02 10:45:38.272348,0 days 00:00:04.695269,1,80,,,,,,,,,,,,,,,,,,,,COMPLETE
922,922,0.6497241922773838,2025-01-02 10:45:38.273321,2025-01-02 10:45:41.957420,0 days 00:00:03.684099,2,100,100.0,,,,,,,,,,,,,,,,,,,COMPLETE
923,923,0.6903846153846154,2025-01-02 10:45:41.958192,2025-01-02 10:45:46.909606,0 days 00:00:04.951414,2,85,25.0,,,,,,,,,,,,,,,,,,,COMPLETE
924,924,0.6447124304267161,2025-01-02 10:45:46.910382,2025-01-02 10:45:51.288105,0 days 00:00:04.377723,1,90,,,,,,,,,,,,,,,,,,,,COMPLETE
925,925,0.6444444444444444,2025-01-02 10:45:51.288881,2025-01-02 10:45:55.295568,0 days 00:00:04.006687,1,105,,,,,,,,,,,,,,,,,,,,COMPLETE
926,926,0.6785225718194254,2025-01-02 10:45:55.296316,2025-01-02 10:45:59.596936,0 days 00:00:04.300620,1,85,,,,,,,,,,,,,,,,,,,,COMPLETE
927,927,0.6689250225835592,2025-01-02 10:45:59.597659,2025-01-02 10:46:04.986297,0 days 00:00:05.388638,2,90,50.0,,,,,,,,,,,,,,,,,,,COMPLETE
928,928,0.6311111111111112,2025-01-02 10:46:04.987064,2025-01-02 10:46:11.156227,0 days 00:00:06.169163,3,135,150.0,,,,,,,,,,,15.0,,,,,,,,COMPLETE
929,929,0.5637254901960784,2025-01-02 10:46:11.157150,2025-01-02 10:46:14.709380,0 days 00:00:03.552230,1,95,,,,,,,,,,,,,,,,,,,,COMPLETE
930,930,0.714221824686941,2025-01-02 10:46:14.710228,2025-01-02 10:46:19.242988,0 days 00:00:04.532760,1,80,,,,,,,,,,,,,,,,,,,,COMPLETE
931,931,0.6950757575757576,2025-01-02 10:46:19.243732,2025-01-02 10:46:22.826560,0 days 00:00:03.582828,1,140,,,,,,,,,,,,,,,,,,,,COMPLETE
932,932,0.676672384219554,2025-01-02 10:46:22.827287,2025-01-02 10:46:26.707816,0 days 00:00:03.880529,2,95,95.0,,,,,,,,,,,,,,,,,,,COMPLETE
933,933,0.7371428571428571,2025-01-02 10:46:26.708650,2025-01-02 10:46:31.069502,0 days 00:00:04.360852,2,100,140.0,,,,,,,,,,,,,,,,,,,COMPLETE
934,934,0.5897435897435896,2025-01-02 10:46:31.070246,2025-01-02 10:46:35.835882,0 days 00:00:04.765636,2,100,170.0,,,,,,,,,,,,,,,,,,,COMPLETE
935,935,0.6525044722719142,2025-01-02 10:46:35.836639,2025-01-02 10:46:40.249113,0 days 00:00:04.412474,2,110,160.0,,,,,,,,,,,,,,,,,,,COMPLETE
936,936,0.6624649859943978,2025-01-02 10:46:40.249887,2025-01-02 10:46:44.432170,0 days 00:00:04.182283,1,105,,,,,,,,,,,,,,,,,,,,COMPLETE
937,937,0.7009090909090909,2025-01-02 10:46:44.432898,2025-01-02 10:46:49.479745,0 days 00:00:05.046847,1,105,,,,,,,,,,,,,,,,,,,,COMPLETE
938,938,0.6730769230769231,2025-01-02 10:46:49.480496,2025-01-02 10:46:54.136819,0 days 00:00:04.656323,2,100,140.0,,,,,,,,,,,,,,,,,,,COMPLETE
939,939,0.6563192904656319,2025-01-02 10:46:54.137571,2025-01-02 10:46:58.442008,0 days 00:00:04.304437,1,100,,,,,,,,,,,,,,,,,,,,COMPLETE
940,940,0.6286727456940223,2025-01-02 10:46:58.442756,2025-01-02 10:47:03.541224,0 days 00:00:05.098468,2,95,165.0,,,,,,,,,,,,,,,,,,,COMPLETE
941,941,0.6524822695035462,2025-01-02 10:47:03.542006,2025-01-02 10:47:07.906495,0 days 00:00:04.364489,1,100,,,,,,,,,,,,,,,,,,,,COMPLETE
942,942,0.614622641509434,2025-01-02 10:47:07.907210,2025-01-02 10:47:12.698245,0 days 00:00:04.791035,2,105,190.0,,,,,,,,,,,,,,,,,,,COMPLETE
943,943,0.6144702842377261,2025-01-02 10:47:12.699027,2025-01-02 10:47:16.767055,0 days 00:00:04.068028,1,90,,,,,,,,,,,,,,,,,,,,COMPLETE
944,944,0.6556776556776557,2025-01-02 10:47:16.767791,2025-01-02 10:47:21.690945,0 days 00:00:04.923154,1,95,,,,,,,,,,,,,,,,,,,,COMPLETE
945,945,0.6727688787185355,2025-01-02 10:47:21.691707,2025-01-02 10:47:27.074455,0 days 00:00:05.382748,2,85,180.0,,,,,,,,,,,,,,,,,,,COMPLETE
946,946,0.5746031746031746,2025-01-02 10:47:27.075222,2025-01-02 10:47:31.805672,0 days 00:00:04.730450,1,95,,,,,,,,,,,,,,,,,,,,COMPLETE
947,947,0.6376811594202898,2025-01-02 10:47:31.806448,2025-01-02 10:47:36.457279,0 days 00:00:04.650831,2,90,145.0,,,,,,,,,,,,,,,,,,,COMPLETE
948,948,0.6524822695035462,2025-01-02 10:47:36.458062,2025-01-02 10:47:40.971134,0 days 00:00:04.513072,1,100,,,,,,,,,,,,,,,,,,,,COMPLETE
949,949,0.2608695652173913,2025-01-02 10:47:40.971868,2025-01-02 10:48:29.988913,0 days 00:00:49.017045,17,85,160.0,70.0,120.0,75.0,175.0,60.0,115.0,85.0,,,,20.0,135.0,115.0,125.0,150.0,110.0,165.0,175.0,COMPLETE
950,950,0.6447124304267161,2025-01-02 10:48:29.990125,2025-01-02 10:48:33.999782,0 days 00:00:04.009657,1,95,,,,,,,,,,,,,,,,,,,,COMPLETE
951,951,0.6491464510332434,2025-01-02 10:48:34.000575,2025-01-02 10:48:38.175240,0 days 00:00:04.174665,1,90,,,,,,,,,,,,,,,,,,,,COMPLETE
952,952,0.6356589147286822,2025-01-02 10:48:38.175990,2025-01-02 10:48:42.588960,0 days 00:00:04.412970,2,110,200.0,,,,,,,,,,,,,,,,,,,COMPLETE
953,953,0.6970189701897019,2025-01-02 10:48:42.589711,2025-01-02 10:48:46.698161,0 days 00:00:04.108450,2,80,130.0,,,,,,,,,,,,,,,,,,,COMPLETE
954,954,0.6323055683387022,2025-01-02 10:48:46.698931,2025-01-02 10:48:50.105905,0 days 00:00:03.406974,1,100,,,,,,,,,,,,,,,,,,,,COMPLETE
955,955,0.6444444444444444,2025-01-02 10:48:50.106613,2025-01-02 10:48:53.617255,0 days 00:00:03.510642,1,85,,,,,,,,,,,,,,,,,,,,COMPLETE
956,956,0.6785225718194254,2025-01-02 10:48:53.617997,2025-01-02 10:48:58.092052,0 days 00:00:04.474055,2,95,170.0,,,,,,,,,,,,,,,,,,,COMPLETE
957,957,0.6364468864468864,2025-01-02 10:48:58.092815,2025-01-02 10:49:02.292749,0 days 00:00:04.199934,1,80,,,,,,,,,,,,,,,,,,,,COMPLETE
958,958,0.637641723356009,2025-01-02 10:49:02.293508,2025-01-02 10:49:06.232056,0 days 00:00:03.938548,1,90,,,,,,,,,,,,,,,,,,,,COMPLETE
959,959,0.6356589147286822,2025-01-02 10:49:06.232779,2025-01-02 10:49:10.458633,0 days 00:00:04.225854,1,105,,,,,,,,,,,,,,,,,,,,COMPLETE
960,960,0.7436363636363637,2025-01-02 10:49:10.459505,2025-01-02 10:49:14.568788,0 days 00:00:04.109283,1,85,,,,,,,,,,,,,,,,,,,,COMPLETE
961,961,0.7571428571428571,2025-01-02 10:49:14.569668,2025-01-02 10:49:19.337414,0 days 00:00:04.767746,2,80,150.0,,,,,,,,,,,,,,,,,,,COMPLETE
962,962,0.5704545454545455,2025-01-02 10:49:19.338195,2025-01-02 10:49:24.116143,0 days 00:00:04.777948,3,80,150.0,,,,,,,,,,,35.0,,,,,,,,COMPLETE
963,963,0.6834905660377358,2025-01-02 10:49:24.116952,2025-01-02 10:49:35.556716,0 days 00:00:11.439764,3,75,140.0,,,,,,,,,,,5.0,,,,,,,,COMPLETE
964,964,0.6794258373205742,2025-01-02 10:49:35.557505,2025-01-02 10:49:40.370280,0 days 00:00:04.812775,2,80,155.0,,,,,,,,,,,,,,,,,,,COMPLETE
965,965,0.2777777777777778,2025-01-02 10:49:40.371044,2025-01-02 10:50:10.679566,0 days 00:00:30.308522,20,80,135.0,190.0,75.0,35.0,65.0,185.0,170.0,175.0,100.0,150.0,5.0,70.0,45.0,185.0,105.0,110.0,165.0,190.0,10.0,COMPLETE
966,966,0.6755637367694431,2025-01-02 10:50:10.680724,2025-01-02 10:50:15.431807,0 days 00:00:04.751083,2,75,145.0,,,,,,,,,,,,,,,,,,,COMPLETE
967,967,0.6583333333333333,2025-01-02 10:50:15.432580,2025-01-02 10:50:20.420430,0 days 00:00:04.987850,3,85,150.0,,,,,,,,,,,60.0,,,,,,,,COMPLETE
968,968,0.5567542213883677,2025-01-02 10:50:20.421216,2025-01-02 10:50:25.421436,0 days 00:00:05.000220,2,75,155.0,,,,,,,,,,,,,,,,,,,COMPLETE
969,969,0.6479642502482621,2025-01-02 10:50:25.422200,2025-01-02 10:50:30.651142,0 days 00:00:05.228942,2,80,125.0,,,,,,,,,,,,,,,,,,,COMPLETE
970,970,0.6730257320319433,2025-01-02 10:50:30.651869,2025-01-02 10:50:36.043243,0 days 00:00:05.391374,3,85,140.0,,,,,,,,,,,25.0,,,,,,,,COMPLETE
971,971,0.665,2025-01-02 10:50:36.044009,2025-01-02 10:50:40.629194,0 days 00:00:04.585185,2,70,125.0,,,,,,,,,,,,,,,,,,,COMPLETE
972,972,0.6918238993710691,2025-01-02 10:50:40.629948,2025-01-02 10:50:45.896065,0 days 00:00:05.266117,2,75,130.0,,,,,,,,,,,,,,,,,,,COMPLETE
973,973,0.5873460246360582,2025-01-02 10:50:45.896821,2025-01-02 10:50:50.770549,0 days 00:00:04.873728,3,85,135.0,,,,,,,,,,,40.0,,,,,,,,COMPLETE
974,974,0.7255244755244755,2025-01-02 10:50:50.771313,2025-01-02 10:50:55.750276,0 days 00:00:04.978963,2,80,160.0,,,,,,,,,,,,,,,,,,,COMPLETE
975,975,0.6223776223776224,2025-01-02 10:50:55.751042,2025-01-02 10:51:01.109603,0 days 00:00:05.358561,2,85,130.0,,,,,,,,,,,,,,,,,,,COMPLETE
976,976,0.5772727272727273,2025-01-02 10:51:01.110353,2025-01-02 10:51:06.264469,0 days 00:00:05.154116,2,80,165.0,,,,,,,,,,,,,,,,,,,COMPLETE
977,977,0.6832298136645962,2025-01-02 10:51:06.265240,2025-01-02 10:51:11.404730,0 days 00:00:05.139490,2,75,175.0,,,,,,,,,,,,,,,,,,,COMPLETE
978,978,0.6725201708590414,2025-01-02 10:51:11.405491,2025-01-02 10:51:16.169970,0 days 00:00:04.764479,1,85,,,,,,,,,,,,,,,,,,,,COMPLETE
979,979,0.5421245421245421,2025-01-02 10:51:16.170717,2025-01-02 10:51:20.848955,0 days 00:00:04.678238,3,80,120.0,,,,,,,,,,,50.0,,,,,,,,COMPLETE
980,980,0.7623931623931623,2025-01-02 10:51:20.849754,2025-01-02 10:51:24.148153,0 days 00:00:03.298399,1,85,,,,,,,,,,,,,,,,,,,,COMPLETE
981,981,0.6083333333333334,2025-01-02 10:51:24.148900,2025-01-02 10:51:28.651447,0 days 00:00:04.502547,1,85,,,,,,,,,,,,,,,,,,,,COMPLETE
982,982,0.6730769230769231,2025-01-02 10:51:28.652188,2025-01-02 10:51:32.729565,0 days 00:00:04.077377,1,85,,,,,,,,,,,,,,,,,,,,COMPLETE
983,983,0.7078559738134207,2025-01-02 10:51:32.730316,2025-01-02 10:51:36.346948,0 days 00:00:03.616632,1,90,,,,,,,,,,,,,,,,,,,,COMPLETE
984,984,0.6323055683387022,2025-01-02 10:51:36.347729,2025-01-02 10:51:40.494883,0 days 00:00:04.147154,1,85,,,,,,,,,,,,,,,,,,,,COMPLETE
985,985,0.6826923076923077,2025-01-02 10:51:40.495618,2025-01-02 10:51:44.433948,0 days 00:00:03.938330,1,85,,,,,,,,,,,,,,,,,,,,COMPLETE
986,986,0.6521120075937352,2025-01-02 10:51:44.434713,2025-01-02 10:51:49.304826,0 days 00:00:04.870113,1,90,,,,,,,,,,,,,,,,,,,,COMPLETE
987,987,0.6733333333333333,2025-01-02 10:51:49.305616,2025-01-02 10:51:53.644583,0 days 00:00:04.338967,1,90,,,,,,,,,,,,,,,,,,,,COMPLETE
988,988,0.726078799249531,2025-01-02 10:51:53.645349,2025-01-02 10:51:57.711277,0 days 00:00:04.065928,1,85,,,,,,,,,,,,,,,,,,,,COMPLETE
989,989,0.7019927536231885,2025-01-02 10:51:57.712071,2025-01-02 10:52:01.865511,0 days 00:00:04.153440,1,80,,,,,,,,,,,,,,,,,,,,COMPLETE
990,990,0.7607565011820331,2025-01-02 10:52:01.866273,2025-01-02 10:52:05.702236,0 days 00:00:03.835963,1,85,,,,,,,,,,,,,,,,,,,,COMPLETE
991,991,0.6230802983764809,2025-01-02 10:52:05.702979,2025-01-02 10:52:09.947367,0 days 00:00:04.244388,1,85,,,,,,,,,,,,,,,,,,,,COMPLETE
992,992,0.6356589147286822,2025-01-02 10:52:09.948239,2025-01-02 10:52:13.769927,0 days 00:00:03.821688,1,80,,,,,,,,,,,,,,,,,,,,COMPLETE
993,993,0.6126373626373627,2025-01-02 10:52:13.770795,2025-01-02 10:52:17.516971,0 days 00:00:03.746176,1,85,,,,,,,,,,,,,,,,,,,,COMPLETE
994,994,0.64,2025-01-02 10:52:17.517742,2025-01-02 10:52:20.862591,0 days 00:00:03.344849,1,80,,,,,,,,,,,,,,,,,,,,COMPLETE
995,995,0.6356589147286822,2025-01-02 10:52:20.863325,2025-01-02 10:52:24.621452,0 days 00:00:03.758127,1,90,,,,,,,,,,,,,,,,,,,,COMPLETE
996,996,0.6669387755102041,2025-01-02 10:52:24.622200,2025-01-02 10:52:28.265117,0 days 00:00:03.642917,1,90,,,,,,,,,,,,,,,,,,,,COMPLETE
997,997,0.6445347786811202,2025-01-02 10:52:28.265878,2025-01-02 10:52:33.627723,0 days 00:00:05.361845,1,85,,,,,,,,,,,,,,,,,,,,COMPLETE
998,998,0.6987179487179487,2025-01-02 10:52:33.628488,2025-01-02 10:52:39.100989,0 days 00:00:05.472501,2,90,145.0,,,,,,,,,,,,,,,,,,,COMPLETE
999,999,0.6439962476547842,2025-01-02 10:52:39.101740,2025-01-02 10:52:44.062510,0 days 00:00:04.960770,2,80,135.0,,,,,,,,,,,,,,,,,,,COMPLETE
