A1,A2,A3,A4,A5,A6,A7,A8,A9,A10,A11,A12,A13,A14,A15,A16,A17,A18,A19,A20,A21,A22,A23,A24,A25,A26,A27,A28,A29,A30,A31,A32,A33,A34,A35,A36,A37,A38,A39,A40,A41,A42,A43,A44,A45,A46,A47,A48,A49,A50,A51,A52,A53,A54,A55,A56,A57,A58,A59,A60,A61,target_label
6,1169,4,4,67,2,1,0,1,0,0,0,1,0,0,0,0,0,0,0,0,0,1,0,0,0,0,0,0,0,1,0,0,0,1,0,0,0,0,1,0,0,1,0,0,0,1,0,1,0,0,1,0,0,1,0,0,0,1,0,1,good
48,5951,2,2,22,1,1,1,0,0,0,0,0,0,1,0,0,0,0,0,0,0,1,0,0,0,0,0,1,0,0,1,0,0,0,0,1,0,0,0,0,0,1,0,0,0,1,0,1,0,0,1,0,0,1,0,0,1,0,0,1,bad
12,2096,2,3,49,1,2,0,0,0,1,0,1,0,0,0,0,0,1,0,0,0,0,0,0,0,0,0,1,0,0,0,1,0,0,0,0,0,0,1,0,0,1,0,0,0,1,0,1,0,0,1,0,0,0,0,1,1,0,0,1,good
42,7882,2,4,45,1,2,0,1,0,0,0,0,0,1,0,0,0,0,1,0,0,0,0,0,0,0,0,1,0,0,0,1,0,0,0,0,0,0,1,0,1,0,0,1,0,0,0,1,0,1,0,0,0,1,0,0,1,0,0,1,good
24,4870,3,4,53,2,2,0,1,0,0,0,0,1,0,0,0,0,0,0,1,0,0,0,0,0,0,0,1,0,0,1,0,0,0,0,0,0,0,1,0,0,1,0,0,1,0,0,1,0,1,0,0,0,1,0,0,1,0,0,1,bad
36,9055,2,4,35,1,2,0,0,0,1,0,0,0,1,0,0,0,1,0,0,0,0,0,0,0,0,0,0,0,1,1,0,0,0,0,0,0,0,1,0,0,1,0,0,1,0,0,1,0,1,0,0,0,0,0,1,0,1,0,1,good
24,2835,3,4,53,1,1,0,0,0,1,0,0,0,1,0,0,0,0,1,0,0,0,0,0,0,0,1,0,0,0,0,0,0,1,0,0,0,0,1,0,0,1,0,1,0,0,0,1,0,0,1,0,0,1,0,0,1,0,0,1,good
36,6948,2,2,35,1,1,1,0,0,0,0,0,0,1,0,0,0,0,0,0,0,0,0,0,1,0,0,1,0,0,1,0,0,0,0,0,0,0,1,0,0,1,1,0,0,0,0,1,0,0,0,1,1,0,0,0,0,1,0,1,good
12,3059,2,4,61,1,1,0,0,0,1,0,0,0,1,0,0,0,0,0,0,0,1,0,0,0,0,0,0,1,0,0,1,0,0,0,0,1,0,0,0,0,1,0,0,0,1,0,1,0,0,1,0,0,0,0,1,1,0,0,1,good
30,5234,4,2,28,2,1,1,0,0,0,0,1,0,0,0,0,0,0,0,1,0,0,0,0,0,0,0,1,0,0,0,0,0,0,1,0,0,1,0,0,0,1,1,0,0,0,0,1,0,0,1,0,1,0,0,0,1,0,0,1,bad
12,1295,3,1,25,1,1,1,0,0,0,0,0,0,1,0,0,0,0,0,1,0,0,0,0,0,0,0,1,0,0,0,0,1,0,0,1,0,0,0,0,0,1,1,0,0,0,0,1,0,0,0,1,0,1,0,0,1,0,0,1,bad
48,4308,3,4,24,1,1,0,1,0,0,0,0,0,1,0,1,0,0,0,0,0,0,0,0,0,0,0,1,0,0,0,0,1,0,0,1,0,0,0,0,0,1,0,1,0,0,0,1,0,0,0,1,0,1,0,0,1,0,0,1,bad
12,1567,1,1,22,1,1,1,0,0,0,0,0,0,1,0,0,0,0,0,0,0,1,0,0,0,0,0,1,0,0,1,0,0,0,0,1,0,0,0,0,0,1,1,0,0,0,0,1,0,0,1,0,0,1,0,0,0,1,0,1,good
24,1199,4,4,60,2,1,0,1,0,0,0,1,0,0,0,0,0,0,0,1,0,0,0,0,0,0,0,1,0,0,0,0,0,1,0,0,0,0,1,0,0,1,1,0,0,0,0,1,0,0,1,0,0,0,0,1,1,0,0,1,bad
15,1403,2,4,28,1,1,0,1,0,0,0,0,0,1,0,0,0,0,0,1,0,0,0,0,0,0,0,1,0,0,1,0,0,0,0,1,0,0,0,0,0,1,1,0,0,0,0,1,0,0,0,1,0,1,0,0,1,0,0,1,good
24,1282,4,2,32,1,1,0,1,0,0,0,0,0,1,0,0,0,0,0,0,0,1,0,0,0,1,0,0,0,0,1,0,0,0,0,1,0,0,0,0,0,1,1,0,0,0,0,1,0,0,1,0,0,0,0,1,1,0,0,1,bad
24,2424,4,4,53,2,1,0,0,0,1,0,1,0,0,0,0,0,0,0,0,0,1,0,0,0,0,0,0,0,1,0,0,0,1,0,0,0,0,1,0,0,1,0,1,0,0,0,1,0,0,1,0,0,1,0,0,1,0,0,1,good
30,8072,2,3,25,3,1,0,1,0,0,0,0,0,0,1,1,0,0,0,0,0,0,0,0,0,0,0,0,0,1,0,0,1,0,0,0,0,0,1,0,0,1,1,0,0,0,1,0,0,0,1,0,0,1,0,0,1,0,0,1,good
24,12579,4,2,44,1,1,1,0,0,0,0,0,0,1,0,0,0,0,0,0,0,0,0,0,1,0,0,1,0,0,0,0,0,1,0,1,0,0,0,0,0,1,0,0,1,0,0,1,0,1,0,0,1,0,0,0,0,1,0,1,bad
24,3430,3,2,31,1,2,0,0,0,1,0,0,0,1,0,0,0,0,0,0,0,1,0,0,0,0,1,0,0,0,0,0,0,1,0,0,0,0,1,0,0,1,1,0,0,0,0,1,0,0,1,0,0,1,0,0,0,1,0,1,good
9,2134,4,4,48,3,1,0,0,0,1,0,1,0,0,0,0,0,0,0,1,0,0,0,0,0,0,0,1,0,0,1,0,0,0,0,0,0,0,1,0,0,1,1,0,0,0,0,1,0,0,1,0,0,1,0,0,0,1,0,1,good
6,2647,2,3,44,1,2,0,1,0,0,0,0,0,1,0,0,0,0,0,0,0,1,0,0,0,0,1,0,0,0,1,0,0,0,0,0,0,0,1,0,0,1,0,0,0,1,0,1,0,0,0,1,0,1,0,0,1,0,0,1,good
10,2241,1,3,48,2,2,0,1,0,0,0,1,0,0,0,0,0,0,0,1,0,0,0,0,0,0,0,1,0,0,0,0,1,0,0,0,0,0,1,0,0,1,0,0,0,1,0,1,0,0,0,1,0,0,0,1,1,0,1,0,good
12,1804,3,4,44,1,1,1,0,0,0,0,1,0,0,0,0,0,0,0,0,0,0,0,0,1,1,0,0,0,0,0,0,1,0,0,0,0,0,1,0,0,1,0,1,0,0,0,1,0,0,1,0,0,1,0,0,1,0,0,1,good
10,2069,2,1,26,2,1,0,0,0,1,0,1,0,0,0,0,0,0,1,0,0,0,0,0,0,0,0,0,0,1,1,0,0,0,0,0,0,1,0,0,0,1,1,0,0,0,0,1,0,0,1,0,0,1,0,0,1,0,1,0,good
6,1374,1,2,36,1,1,0,1,0,0,0,0,0,1,0,0,0,0,1,0,0,0,0,0,0,0,0,1,0,0,1,0,0,0,0,0,0,0,1,0,0,1,0,0,0,1,1,0,0,0,1,0,0,0,0,1,0,1,0,1,good
6,426,4,4,39,1,1,0,0,0,1,0,0,0,0,1,0,0,0,0,0,0,1,0,0,0,0,0,1,0,0,0,0,0,1,0,0,0,1,0,0,0,1,1,0,0,0,0,1,0,0,1,0,0,0,0,1,1,0,0,1,good
12,409,3,3,42,2,1,0,0,1,0,1,0,0,0,0,0,0,0,0,0,0,1,0,0,0,0,0,0,1,0,1,0,0,0,0,1,0,0,0,0,0,1,0,0,0,1,0,1,0,0,0,1,0,1,0,0,1,0,0,1,good
7,2415,3,2,34,1,1,1,0,0,0,0,0,0,1,0,0,0,0,0,0,0,1,0,0,0,0,0,1,0,0,1,0,0,0,0,0,0,0,1,0,1,0,0,0,0,1,0,1,0,0,1,0,0,1,0,0,1,0,0,1,good
60,6836,3,4,63,2,1,0,1,0,0,0,0,1,0,0,1,0,0,0,0,0,0,0,0,0,0,0,1,0,0,0,0,0,1,0,0,0,0,1,0,0,1,0,0,1,0,0,1,0,0,1,0,0,1,0,0,0,1,0,1,bad
18,1913,3,3,36,1,1,1,0,0,0,0,0,0,1,0,1,0,0,0,0,0,0,0,0,0,0,0,0,1,0,0,0,1,0,0,0,0,1,0,0,0,1,0,0,0,1,1,0,0,0,1,0,0,1,0,0,0,1,0,1,good
24,4020,2,2,27,1,1,0,1,0,0,0,0,0,1,0,0,0,0,1,0,0,0,0,0,0,0,0,1,0,0,1,0,0,0,0,0,0,0,1,0,0,1,1,0,0,0,0,0,1,0,1,0,0,1,0,0,1,0,0,1,good
18,5866,2,2,30,2,1,1,0,0,0,0,0,0,1,0,0,0,0,0,1,0,0,0,0,0,1,0,0,0,0,1,0,0,0,0,0,0,0,1,0,0,1,1,0,0,0,0,1,0,0,1,0,0,1,0,0,0,1,0,1,good
12,1264,4,4,57,1,1,0,0,0,1,0,1,0,0,0,1,0,0,0,0,0,0,0,0,0,0,0,0,0,1,0,0,0,1,0,0,0,0,1,0,0,1,0,0,1,0,0,1,0,0,0,1,0,0,0,1,1,0,0,1,good
12,1474,4,1,33,1,1,0,0,1,0,0,0,0,1,0,0,0,0,1,0,0,0,0,0,0,0,0,1,0,0,0,0,1,0,0,1,0,0,0,0,0,1,0,1,0,0,1,0,0,0,1,0,1,0,0,0,0,1,0,1,good
45,4746,4,2,25,2,1,1,0,0,0,0,1,0,0,0,0,0,0,0,0,0,1,0,0,0,0,0,1,0,0,0,0,1,0,0,0,0,0,1,0,0,1,0,1,0,0,0,1,0,0,1,0,0,0,0,1,1,0,0,1,bad
48,6110,1,3,31,1,1,0,0,0,1,0,1,0,0,0,0,0,1,0,0,0,0,0,0,0,0,0,1,0,0,1,0,0,0,0,0,0,0,1,0,0,1,0,0,1,0,1,0,0,1,0,0,0,1,0,0,0,1,0,1,good
18,2100,4,2,37,1,1,0,0,1,0,0,0,0,1,0,0,0,0,0,0,0,1,0,0,0,0,0,1,0,0,1,0,0,0,0,0,0,0,1,1,0,0,0,0,0,1,0,0,1,0,1,0,0,1,0,0,1,0,0,1,bad
10,1225,2,2,37,1,1,0,0,1,0,0,0,0,1,0,0,1,0,0,0,0,0,0,0,0,0,0,1,0,0,1,0,0,0,0,0,0,0,1,0,0,1,1,0,0,0,0,1,0,0,1,0,0,1,0,0,0,1,0,1,good
9,458,4,3,24,1,1,1,0,0,0,0,0,0,1,0,0,0,0,0,0,0,1,0,0,0,0,0,1,0,0,1,0,0,0,0,0,0,0,1,0,0,1,0,0,0,1,0,1,0,0,1,0,0,1,0,0,1,0,0,1,good
30,2333,4,2,30,1,1,0,0,0,1,0,0,0,1,0,0,0,0,0,0,0,1,0,0,0,0,1,0,0,0,0,0,0,1,0,0,0,0,1,0,0,1,1,0,0,0,1,0,0,0,1,0,1,0,0,0,1,0,0,1,good
12,1158,3,1,26,1,1,1,0,0,0,0,0,0,1,0,0,0,0,0,0,0,1,0,0,0,0,1,0,0,0,1,0,0,0,0,0,1,0,0,0,0,1,1,0,0,0,0,1,0,0,1,0,0,1,0,0,0,1,0,1,good
18,6204,2,4,44,1,2,1,0,0,0,0,0,1,0,0,0,0,0,0,0,0,0,1,0,0,0,0,1,0,0,1,0,0,0,0,0,0,0,1,0,0,1,0,0,0,1,0,1,0,0,1,0,0,0,0,1,0,1,0,1,good
30,6187,1,4,24,2,1,0,1,0,0,0,1,0,0,0,0,0,0,0,0,0,0,0,0,1,1,0,0,0,0,0,1,0,0,0,0,0,1,0,0,0,1,1,0,0,0,0,1,0,0,0,1,0,1,0,0,1,0,0,1,good
48,6143,4,4,58,2,1,0,1,0,0,0,1,0,0,0,0,0,0,0,0,0,0,0,0,1,0,0,1,0,0,0,0,0,1,0,1,0,0,0,0,0,1,0,0,1,0,0,0,1,1,0,0,0,0,0,1,1,0,0,1,bad
11,1393,4,4,35,2,1,0,0,0,1,0,1,0,0,0,0,0,0,0,1,0,0,0,0,0,0,0,1,0,0,0,0,1,0,0,1,0,0,0,0,0,1,1,0,0,0,0,1,0,0,1,0,1,0,0,0,1,0,0,1,good
36,2299,4,4,39,1,1,0,0,0,1,0,0,0,1,0,0,0,0,0,0,0,1,0,0,0,0,1,0,0,0,0,0,0,1,0,0,0,0,1,0,0,1,1,0,0,0,0,1,0,0,1,0,0,1,0,0,1,0,0,1,good
6,1352,1,2,23,1,1,0,1,0,0,0,0,0,1,0,0,0,0,0,0,0,0,0,0,1,0,1,0,0,0,0,0,0,0,1,1,0,0,0,0,0,1,0,1,0,0,0,1,0,0,0,1,0,0,1,0,0,1,0,1,good
11,7228,1,4,39,2,1,0,0,0,1,0,1,0,0,0,0,0,0,0,1,0,0,0,0,0,0,0,1,0,0,1,0,0,0,0,0,0,0,1,0,0,1,0,1,0,0,0,1,0,0,1,0,0,0,0,1,1,0,0,1,good
12,2073,4,2,28,1,1,0,0,0,1,0,0,0,1,0,0,0,0,0,0,0,1,0,0,0,1,0,0,0,0,1,0,0,0,0,1,0,0,0,1,0,0,0,0,0,1,0,1,0,0,1,0,0,1,0,0,1,0,0,1,good
24,2333,4,2,29,1,1,1,0,0,0,0,0,1,0,0,0,0,0,1,0,0,0,0,0,0,0,0,0,0,1,0,0,1,0,0,0,0,0,1,0,0,1,0,1,0,0,1,0,0,0,1,0,0,0,0,1,1,0,0,1,good
27,5965,1,2,30,2,1,1,0,0,0,0,0,1,0,0,0,0,0,0,0,0,0,0,0,1,0,0,1,0,0,0,0,0,1,0,0,0,0,1,0,0,1,1,0,0,0,0,1,0,0,1,0,1,0,0,0,0,1,0,1,good
12,1262,3,2,25,1,1,0,0,0,1,0,0,0,1,0,0,0,0,0,0,0,1,0,0,0,0,0,1,0,0,1,0,0,0,0,0,0,0,1,0,0,1,1,0,0,0,0,1,0,0,1,0,0,1,0,0,1,0,0,1,good
18,3378,2,1,31,1,1,0,0,0,1,0,0,0,1,0,0,0,0,0,0,0,0,0,0,1,0,0,0,0,1,1,0,0,0,0,0,0,0,1,0,0,1,0,1,0,0,0,1,0,0,1,0,0,1,0,0,0,1,0,1,good
36,2225,4,4,57,2,1,1,0,0,0,0,0,1,0,0,0,0,0,0,1,0,0,0,0,0,0,0,1,0,0,0,0,0,1,0,0,0,0,1,0,0,1,0,0,1,0,1,0,0,1,0,0,0,1,0,0,0,1,0,1,bad
6,783,1,2,26,1,2,0,0,0,1,1,0,0,0,0,0,0,0,0,1,0,0,0,0,0,0,0,0,0,1,1,0,0,0,0,0,0,0,1,0,1,0,0,0,0,1,0,0,1,0,1,0,0,0,0,1,1,0,0,1,good
12,6468,2,1,52,1,1,1,0,0,0,0,0,0,1,0,0,0,0,0,0,0,1,0,0,0,0,0,0,0,1,0,0,0,0,1,0,0,0,1,0,0,1,0,0,1,0,0,1,0,0,1,0,1,0,0,0,0,1,0,1,bad
36,9566,2,2,31,2,1,0,0,0,1,0,1,0,0,0,0,0,0,0,0,0,1,0,0,0,0,0,1,0,0,1,0,0,0,0,1,0,0,0,0,0,1,1,0,0,0,0,0,1,0,1,0,0,1,0,0,1,0,0,1,good
18,1961,3,2,23,1,1,0,0,1,0,0,0,0,1,0,0,0,0,0,1,0,0,0,0,0,0,0,1,0,0,0,0,0,1,0,1,0,0,0,0,0,1,1,0,0,0,0,1,0,0,1,0,1,0,0,0,1,0,0,1,good
36,6229,4,4,23,2,1,0,1,0,0,0,1,0,0,0,0,0,0,1,0,0,0,0,0,0,0,0,1,0,0,0,0,1,0,0,1,0,0,0,1,0,0,0,0,1,0,0,1,0,0,0,1,0,0,0,1,0,1,0,1,bad
9,1391,2,1,27,1,1,1,0,0,0,0,0,0,1,0,1,0,0,0,0,0,0,0,0,0,0,0,1,0,0,1,0,0,0,0,0,0,1,0,0,0,1,0,0,0,1,1,0,0,0,1,0,0,1,0,0,0,1,0,1,good
15,1537,4,4,50,2,1,1,0,0,0,0,1,0,0,0,0,0,0,0,0,0,1,0,0,0,0,0,0,0,1,0,0,0,1,0,0,0,0,1,0,1,0,0,0,0,1,0,1,0,0,1,0,0,1,0,0,0,1,0,1,good
36,1953,4,4,61,1,1,1,0,0,0,0,0,0,0,1,1,0,0,0,0,0,0,0,0,0,0,0,1,0,0,0,0,0,1,0,0,0,0,1,0,0,1,0,0,1,0,0,1,0,1,0,0,1,0,0,0,0,1,0,1,bad
48,14421,2,2,25,1,1,1,0,0,0,0,0,0,0,1,1,0,0,0,0,0,0,0,0,0,0,0,1,0,0,1,0,0,0,0,0,0,0,1,0,0,1,1,0,0,0,0,1,0,0,1,0,0,1,0,0,0,1,0,1,bad
24,3181,4,4,26,1,1,0,0,0,1,0,0,0,1,0,0,0,0,0,0,0,1,0,0,0,0,0,1,0,0,0,0,1,0,0,1,0,0,0,0,0,1,0,1,0,0,0,1,0,0,1,0,0,1,0,0,0,1,0,1,good
27,5190,4,4,48,4,2,0,0,0,1,0,0,0,1,0,0,0,0,0,0,0,0,1,0,0,0,0,0,0,1,0,0,0,1,0,0,0,0,1,0,0,1,0,1,0,0,0,1,0,0,1,0,0,1,0,0,0,1,0,1,good
12,2171,2,2,29,1,1,0,0,0,1,0,0,0,1,0,0,0,0,0,0,0,1,0,0,0,0,0,1,0,0,0,0,1,0,0,1,0,0,0,0,0,1,1,0,0,0,1,0,0,0,1,0,0,1,0,0,1,0,0,1,good
12,1007,4,1,22,1,1,1,0,0,0,0,0,0,1,0,0,0,0,0,1,0,0,0,0,0,0,0,0,1,0,1,0,0,0,0,0,0,1,0,0,0,1,0,0,0,1,0,1,0,0,1,0,0,1,0,0,1,0,0,1,good
36,1819,4,4,37,1,1,0,0,0,1,0,0,0,1,0,0,0,1,0,0,0,0,0,0,0,0,0,1,0,0,1,0,0,0,0,0,0,0,1,0,0,1,0,0,1,0,0,0,1,1,0,0,0,1,0,0,0,1,0,1,bad
36,2394,4,4,25,1,1,0,0,0,1,0,0,0,1,0,0,0,0,0,0,0,1,0,0,0,0,0,0,0,1,1,0,0,0,0,1,0,0,0,0,0,1,1,0,0,0,0,1,0,0,1,0,0,1,0,0,1,0,0,1,good
36,8133,1,2,30,1,1,0,0,0,1,0,0,0,1,0,0,0,0,0,0,0,0,0,0,1,0,0,1,0,0,1,0,0,0,0,1,0,0,0,0,0,1,0,1,0,0,1,0,0,0,1,0,0,1,0,0,1,0,0,1,good
7,730,4,2,46,2,1,0,0,0,1,0,1,0,0,0,0,0,0,0,0,0,1,0,0,0,0,0,0,0,1,0,0,0,1,0,0,0,0,1,0,0,1,0,1,0,0,0,1,0,0,0,1,0,0,0,1,0,1,0,1,good
8,1164,3,4,51,2,2,0,1,0,0,0,1,0,0,0,0,0,0,0,0,1,0,0,0,0,0,0,1,0,0,0,0,0,1,0,0,0,0,1,0,0,1,0,0,1,0,1,0,0,1,0,0,1,0,0,0,0,1,0,1,good
42,5954,2,1,41,2,1,1,0,0,0,0,1,0,0,0,1,0,0,0,0,0,0,0,0,0,0,0,1,0,0,0,1,0,0,0,1,0,0,0,0,0,1,0,0,0,1,1,0,0,0,1,0,0,0,0,1,1,0,0,1,good
36,1977,4,4,40,1,1,0,1,0,0,0,0,0,1,0,0,0,1,0,0,0,0,0,0,0,0,0,0,0,1,0,0,0,1,0,0,0,0,1,0,0,1,0,0,1,0,0,1,0,0,1,0,1,0,0,0,0,1,0,1,bad
12,1526,4,4,66,2,1,0,1,0,0,0,1,0,0,0,0,0,0,0,0,0,0,0,0,1,0,0,1,0,0,0,0,0,1,0,0,0,0,1,0,0,1,0,0,1,0,0,1,0,1,0,0,1,0,0,0,1,0,0,1,good
42,3965,4,3,34,1,1,0,1,0,0,0,0,0,1,0,0,0,0,0,0,0,1,0,0,0,0,0,1,0,0,0,0,1,0,0,0,0,0,1,0,0,1,1,0,0,0,0,1,0,0,1,0,0,1,0,0,1,0,0,1,bad
11,4771,2,4,51,1,1,1,0,0,0,0,0,1,0,0,0,0,0,0,0,0,1,0,0,0,0,0,1,0,0,0,1,0,0,0,0,0,0,1,0,0,1,0,1,0,0,0,1,0,0,1,0,0,1,0,0,1,0,0,1,good
54,9436,2,2,39,1,2,0,0,0,1,0,0,0,0,1,0,0,0,0,0,0,0,0,0,1,0,0,0,0,1,1,0,0,0,0,0,0,0,1,0,0,1,0,1,0,0,0,1,0,0,1,0,0,0,0,1,1,0,0,1,good
30,3832,2,1,22,1,1,1,0,0,0,0,0,0,1,0,0,0,0,1,0,0,0,0,0,0,0,0,1,0,0,0,0,1,0,0,0,0,1,0,0,0,1,0,1,0,0,0,1,0,0,1,0,0,1,0,0,1,0,0,1,good
24,5943,1,1,44,2,1,0,0,0,1,0,0,0,1,0,0,0,0,0,0,0,1,0,0,0,0,0,0,0,1,0,0,1,0,0,1,0,0,0,0,0,1,1,0,0,0,0,1,0,0,1,0,0,1,0,0,0,1,0,1,bad
15,1213,4,3,47,1,1,0,0,0,1,0,0,0,1,0,0,0,0,0,0,0,1,0,0,0,0,1,0,0,0,0,0,0,1,0,0,0,0,1,0,0,1,0,1,0,0,0,0,1,0,1,0,0,1,0,0,0,1,0,1,good
18,1568,3,4,24,1,1,0,0,0,1,0,0,0,1,0,1,0,0,0,0,0,0,0,0,0,1,0,0,0,0,1,0,0,0,0,1,0,0,0,0,0,1,0,1,0,0,0,1,0,0,0,1,0,0,0,1,1,0,0,1,good
24,1755,4,4,58,1,1,0,1,0,0,0,0,0,1,0,0,0,0,0,0,1,0,0,0,0,0,0,1,0,0,0,0,0,1,0,1,0,0,0,0,1,0,0,0,0,1,0,1,0,0,1,0,0,0,0,1,0,1,0,1,good
10,2315,3,4,52,1,1,0,1,0,0,0,0,0,1,0,0,0,0,0,0,0,1,0,0,0,0,0,1,0,0,0,0,0,1,0,0,0,0,1,0,0,1,0,0,0,1,0,1,0,0,1,0,0,0,0,1,1,0,0,1,good
12,1412,4,2,29,2,1,0,0,0,1,0,1,0,0,0,1,0,0,0,0,0,0,0,0,0,0,0,1,0,0,1,0,0,0,0,1,0,0,0,0,1,0,0,0,0,1,0,1,0,0,1,0,1,0,0,0,0,1,0,1,good
18,1295,4,1,27,2,1,1,0,0,0,0,1,0,0,0,0,0,0,1,0,0,0,0,0,0,0,0,1,0,0,0,0,1,0,0,1,0,0,0,0,0,1,0,1,0,0,0,1,0,0,1,0,0,1,0,0,1,0,0,1,good
36,12612,1,4,47,1,2,1,0,0,0,0,0,0,1,0,0,0,1,0,0,0,0,0,0,0,1,0,0,0,0,1,0,0,0,0,0,0,0,1,0,0,1,0,0,1,0,0,1,0,1,0,0,0,1,0,0,0,1,0,1,bad
18,2249,4,3,30,1,2,0,1,0,0,0,0,0,1,0,0,0,0,0,1,0,0,0,0,0,1,0,0,0,0,0,1,0,0,0,0,0,0,1,0,0,1,1,0,0,0,0,1,0,0,1,0,1,0,0,0,0,1,0,1,good
12,1108,4,3,28,2,1,0,1,0,0,0,0,0,0,1,0,0,0,0,0,0,0,1,0,0,0,0,1,0,0,0,1,0,0,0,0,0,0,1,0,0,1,0,0,0,1,0,1,0,0,1,0,0,1,0,0,1,0,0,1,bad
12,618,4,4,56,1,1,0,0,0,1,0,1,0,0,0,0,0,0,0,0,0,1,0,0,0,0,0,1,0,0,0,0,0,1,0,0,0,0,1,0,0,1,0,0,0,1,0,1,0,0,1,0,0,1,0,0,1,0,0,1,good
12,1409,4,3,54,1,1,0,1,0,0,0,1,0,0,0,0,0,0,0,0,0,0,0,0,1,0,0,1,0,0,0,0,0,1,0,0,0,0,1,0,0,1,0,0,0,1,0,1,0,0,1,0,0,1,0,0,1,0,0,1,good
12,797,4,3,33,1,2,0,0,0,1,0,1,0,0,0,0,0,0,0,0,0,1,0,0,0,0,0,0,0,1,0,0,0,1,0,1,0,0,0,0,0,1,0,1,0,0,1,0,0,0,1,0,0,0,0,1,1,0,0,1,bad
24,3617,4,4,20,2,1,0,0,1,0,0,1,0,0,0,0,0,0,1,0,0,0,0,0,0,0,0,0,0,1,0,0,0,1,0,0,0,0,1,1,0,0,0,0,1,0,0,1,0,0,0,1,0,1,0,0,1,0,0,1,good
12,1318,4,4,54,1,1,1,0,0,0,0,0,0,1,0,0,0,0,0,1,0,0,0,0,0,0,0,0,1,0,0,0,0,1,0,0,0,0,1,0,0,1,0,0,0,1,0,1,0,0,1,0,0,1,0,0,0,1,0,1,good
54,15945,3,4,58,1,1,1,0,0,0,0,0,0,0,1,1,0,0,0,0,0,0,0,0,0,0,0,1,0,0,0,0,1,0,0,0,0,0,1,0,0,1,0,0,1,0,0,1,0,0,0,1,0,1,0,0,0,1,0,1,bad
12,2012,4,2,61,1,1,0,0,0,1,0,1,0,0,0,0,0,1,0,0,0,0,0,0,0,0,0,0,0,1,0,1,0,0,0,1,0,0,0,0,0,1,1,0,0,0,0,1,0,0,1,0,0,1,0,0,1,0,0,1,good
18,2622,4,4,34,1,1,1,0,0,0,0,0,0,1,0,1,0,0,0,0,0,0,0,0,0,1,0,0,0,0,1,0,0,0,0,0,0,0,1,0,0,1,1,0,0,0,0,1,0,0,1,0,0,1,0,0,1,0,0,1,good
36,2337,4,4,36,1,1,1,0,0,0,0,1,0,0,0,0,0,0,0,0,0,1,0,0,0,0,0,1,0,0,0,0,0,1,0,0,0,0,1,0,0,1,0,0,0,1,0,1,0,0,1,0,0,1,0,0,1,0,0,1,good
20,7057,3,4,36,2,2,1,0,0,0,0,0,1,0,0,0,0,0,0,0,0,0,0,0,1,0,0,0,0,1,0,1,0,0,0,0,0,0,1,0,0,1,0,1,0,0,1,0,0,0,0,1,1,0,0,0,0,1,0,1,good
24,1469,4,4,41,1,1,0,0,0,1,0,0,0,1,0,0,0,0,0,1,0,0,0,0,0,1,0,0,0,0,0,0,0,1,0,0,0,1,0,0,0,1,0,0,0,1,0,1,0,0,0,1,0,0,0,1,1,0,0,1,good
36,2323,4,4,24,1,1,1,0,0,0,0,0,0,1,0,0,0,0,0,0,0,1,0,0,0,0,0,1,0,0,0,1,0,0,0,0,0,0,1,0,0,1,1,0,0,0,0,1,0,0,0,1,0,1,0,0,1,0,0,1,good
6,932,3,2,24,1,1,0,0,0,1,0,0,1,0,0,0,0,0,0,0,0,1,0,0,0,0,0,1,0,0,1,0,0,0,0,1,0,0,0,0,0,1,0,0,0,1,0,1,0,0,1,0,0,1,0,0,1,0,0,1,good
9,1919,4,3,35,1,1,1,0,0,0,0,1,0,0,0,0,0,0,1,0,0,0,0,0,0,0,0,1,0,0,0,1,0,0,0,0,0,0,1,0,0,1,1,0,0,0,0,1,0,0,0,1,0,1,0,0,0,1,0,1,good
12,2445,2,4,26,1,1,0,0,0,1,0,0,0,1,0,0,0,0,0,0,0,0,0,0,1,0,0,0,0,1,0,0,1,0,0,0,0,1,0,0,0,1,1,0,0,0,0,1,0,0,0,1,0,1,0,0,0,1,0,1,good
24,11938,2,3,39,2,2,1,0,0,0,0,1,0,0,0,0,0,0,0,0,1,0,0,0,0,0,0,1,0,0,1,0,0,0,0,0,0,0,1,1,0,0,1,0,0,0,0,1,0,0,1,0,1,0,0,0,0,1,0,1,bad
18,6458,2,4,39,2,2,0,0,0,1,1,0,0,0,0,0,0,0,0,1,0,0,0,0,0,0,0,1,0,0,0,0,0,1,0,0,0,0,1,0,0,1,0,0,1,0,1,0,0,0,1,0,1,0,0,0,0,1,0,1,bad
12,6078,2,2,32,1,1,1,0,0,0,0,0,0,1,0,0,0,0,0,1,0,0,0,0,0,0,0,1,0,0,0,1,0,0,0,0,0,0,1,0,0,1,1,0,0,0,0,1,0,0,1,0,0,1,0,0,1,0,0,1,good
24,7721,1,2,30,1,1,0,1,0,0,0,0,0,1,0,0,0,0,1,0,0,0,0,0,0,0,0,0,0,1,0,0,1,0,0,1,0,0,0,0,0,1,0,1,0,0,0,1,0,0,1,0,0,1,0,0,0,1,1,0,good
14,1410,1,2,35,1,1,1,0,0,0,0,0,0,1,0,1,0,0,0,0,0,0,0,0,0,0,1,0,0,0,0,0,0,1,0,0,0,1,0,0,0,1,0,0,0,1,0,1,0,0,1,0,0,1,0,0,0,1,0,1,good
6,1449,1,2,31,2,2,1,0,0,0,0,0,1,0,0,1,0,0,0,0,0,0,0,0,0,1,0,0,0,0,0,0,0,1,0,0,1,0,0,0,0,1,1,0,0,0,1,0,0,0,1,0,0,1,0,0,1,0,0,1,good
15,392,4,4,23,1,1,0,0,1,0,0,0,0,1,0,0,0,1,0,0,0,0,0,0,0,0,0,1,0,0,0,0,1,0,0,1,0,0,0,0,0,1,0,1,0,0,0,1,0,0,0,1,0,1,0,0,0,1,0,1,good
18,6260,3,3,28,1,1,1,0,0,0,0,0,0,1,0,0,0,0,0,1,0,0,0,0,0,0,0,1,0,0,0,1,0,0,0,0,0,0,1,0,0,1,0,0,0,1,0,1,0,0,0,1,0,0,0,1,1,0,0,1,good
36,7855,4,2,25,2,1,0,0,0,1,0,1,0,0,0,0,0,0,0,1,0,0,0,0,0,0,0,1,0,0,1,0,0,0,0,1,0,0,0,0,0,1,0,0,0,1,0,0,1,0,1,0,0,1,0,0,0,1,0,1,bad
12,1680,3,1,35,1,1,0,1,0,0,0,0,0,1,0,0,0,0,0,0,0,1,0,0,0,0,1,0,0,0,0,0,0,1,0,0,0,1,0,0,0,1,0,0,0,1,0,1,0,0,1,0,0,1,0,0,1,0,0,1,good
48,3578,4,1,47,1,1,0,0,0,1,0,1,0,0,0,0,0,0,0,0,0,1,0,0,0,0,0,0,0,1,0,0,0,1,0,0,0,0,1,0,0,1,0,0,0,1,0,1,0,0,1,0,0,1,0,0,0,1,0,1,good
42,7174,4,3,30,1,1,0,1,0,0,0,0,0,1,0,0,0,0,0,0,0,1,0,0,0,0,0,0,0,1,0,1,0,0,0,1,0,0,0,0,0,1,1,0,0,0,0,1,0,0,1,0,1,0,0,0,0,1,0,1,bad
10,2132,2,3,27,2,1,0,1,0,0,0,1,0,0,0,0,0,0,1,0,0,0,0,0,0,0,0,0,0,1,0,0,1,0,0,1,0,0,0,1,0,0,0,0,0,1,0,1,0,0,0,1,0,1,0,0,1,0,1,0,good
33,4281,1,4,23,2,1,0,1,0,0,0,1,0,0,0,0,0,0,1,0,0,0,0,0,0,0,1,0,0,0,1,0,0,0,0,1,0,0,0,0,0,1,1,0,0,0,0,1,0,0,1,0,0,1,0,0,1,0,0,1,bad
12,2366,3,3,36,1,1,1,0,0,0,0,1,0,0,0,0,0,0,0,1,0,0,0,0,0,0,1,0,0,0,0,1,0,0,0,0,1,0,0,0,0,1,1,0,0,0,0,1,0,0,1,0,1,0,0,0,0,1,0,1,good
21,1835,3,2,25,2,1,0,1,0,0,0,0,0,1,0,0,0,0,0,0,0,1,0,0,0,0,0,1,0,0,1,0,0,0,0,1,0,0,0,0,0,1,0,0,0,1,0,1,0,0,1,0,0,1,0,0,0,1,0,1,bad
24,3868,4,2,41,2,1,0,0,0,1,0,1,0,0,0,0,0,0,0,0,0,0,0,0,1,0,0,1,0,0,0,0,0,1,0,1,0,0,0,0,0,1,1,0,0,0,0,1,0,0,0,1,1,0,0,0,0,1,0,1,good
12,1768,3,2,24,1,1,0,0,0,1,0,0,0,1,0,0,0,0,1,0,0,0,0,0,0,0,0,1,0,0,1,0,0,0,0,0,0,0,1,0,0,1,0,0,0,1,0,1,0,0,0,1,0,0,0,1,1,0,0,1,good
10,781,4,4,63,2,1,0,0,1,0,0,1,0,0,0,0,0,0,0,1,0,0,0,0,0,0,0,1,0,0,0,0,0,1,0,0,0,0,1,0,0,1,0,0,1,0,0,1,0,1,0,0,0,1,0,0,0,1,0,1,good
18,1924,4,3,27,1,1,1,0,0,0,0,0,0,1,0,0,0,0,1,0,0,0,0,0,0,0,0,0,0,1,0,0,1,0,0,1,0,0,0,0,0,1,0,0,0,1,0,1,0,0,0,1,0,1,0,0,1,0,0,1,bad
12,2121,4,2,30,2,1,0,1,0,0,0,1,0,0,0,0,0,0,0,1,0,0,0,0,0,0,0,1,0,0,1,0,0,0,0,0,0,0,1,0,0,1,0,1,0,0,0,1,0,0,1,0,0,1,0,0,1,0,0,1,good
12,701,4,2,40,1,1,0,1,0,0,0,0,0,1,0,0,0,0,0,0,0,1,0,0,0,0,0,1,0,0,1,0,0,0,0,0,0,1,0,0,0,1,0,0,0,1,0,1,0,0,1,0,0,0,0,1,1,0,0,1,good
12,639,4,2,30,1,1,1,0,0,0,0,0,0,1,0,0,0,0,0,0,0,0,1,0,0,0,0,1,0,0,1,0,0,0,0,0,0,0,1,0,0,1,1,0,0,0,0,1,0,0,1,0,0,1,0,0,1,0,0,1,bad
12,1860,4,2,34,2,1,1,0,0,0,0,1,0,0,0,0,0,0,0,0,0,0,0,0,1,0,0,1,0,0,0,0,0,0,1,0,0,0,1,0,0,1,1,0,0,0,0,1,0,0,1,0,1,0,0,0,0,1,0,1,good
12,3499,3,2,29,2,1,0,1,0,0,0,1,0,0,0,0,0,0,0,1,0,0,0,0,0,0,0,1,0,0,1,0,0,0,0,1,0,0,0,1,0,0,0,0,0,1,0,1,0,0,1,0,0,1,0,0,1,0,0,1,bad
48,8487,1,2,24,1,1,1,0,0,0,0,0,0,1,0,0,0,0,0,1,0,0,0,0,0,0,0,0,0,1,0,1,0,0,0,1,0,0,0,0,0,1,1,0,0,0,0,1,0,0,1,0,0,1,0,0,1,0,0,1,good
36,6887,4,3,29,1,1,0,1,0,0,0,0,1,0,0,0,0,1,0,0,0,0,0,0,0,0,0,1,0,0,1,0,0,0,0,0,0,0,1,0,0,1,0,1,0,0,0,0,1,0,1,0,0,1,0,0,0,1,0,1,bad
15,2708,2,3,27,2,1,0,0,0,1,0,0,0,1,0,0,0,0,1,0,0,0,0,0,0,0,0,1,0,0,0,0,1,0,0,0,0,0,1,0,0,1,0,1,0,0,1,0,0,0,1,0,0,0,0,1,1,0,0,1,good
18,1984,4,4,47,2,1,0,0,0,1,0,0,0,1,0,0,0,0,1,0,0,0,0,0,0,0,0,1,0,0,1,0,0,0,0,0,0,0,1,0,0,1,0,0,1,0,1,0,0,1,0,0,0,1,0,0,1,0,0,1,good
60,10144,2,4,21,1,1,0,0,0,1,0,0,0,1,0,0,0,0,0,0,0,1,0,0,0,1,0,0,0,0,0,1,0,0,0,1,0,0,0,0,0,1,0,0,0,1,0,1,0,0,1,0,0,1,0,0,0,1,0,1,good
12,1240,4,2,38,2,1,0,0,0,1,0,1,0,0,0,0,0,0,0,0,0,1,0,0,0,0,0,0,0,1,0,0,0,1,0,1,0,0,0,0,0,1,0,0,0,1,0,1,0,0,1,0,0,1,0,0,0,1,0,1,good
27,8613,2,2,27,2,1,0,0,0,1,0,0,1,0,0,0,0,0,0,0,0,0,0,0,1,0,0,0,1,0,1,0,0,0,0,0,0,0,1,0,0,1,1,0,0,0,0,1,0,0,1,0,0,1,0,0,1,0,0,1,good
12,766,4,3,66,1,1,1,0,0,0,0,0,0,1,0,0,0,0,0,0,0,1,0,0,0,0,1,0,0,0,1,0,0,0,0,0,0,0,1,0,0,1,0,0,0,1,0,1,0,0,1,0,0,0,0,1,1,0,0,1,bad
15,2728,4,2,35,3,1,1,0,0,0,0,1,0,0,0,0,0,0,0,0,0,1,0,0,0,0,0,0,0,1,0,1,0,0,0,0,0,0,1,0,1,0,0,0,0,1,1,0,0,0,1,0,0,1,0,0,0,1,0,1,good
12,1881,2,2,44,1,1,0,0,1,0,0,0,0,1,0,0,0,0,0,0,0,1,0,0,0,0,0,1,0,0,1,0,0,0,0,1,0,0,0,0,0,1,1,0,0,0,0,1,0,0,0,1,0,0,0,1,0,1,0,1,good
6,709,2,2,27,1,1,0,0,1,0,0,0,0,1,0,0,0,0,0,1,0,0,0,0,0,0,0,0,1,0,0,0,1,0,0,0,0,1,0,0,0,1,0,0,0,1,0,1,0,0,1,0,0,0,1,0,1,0,1,0,good
36,4795,4,1,30,1,1,1,0,0,0,0,0,0,1,0,0,0,0,0,0,0,1,0,0,0,0,0,1,0,0,0,0,1,0,0,1,0,0,0,0,0,1,0,0,1,0,0,1,0,0,1,0,1,0,0,0,0,1,0,1,good
27,3416,3,2,27,1,1,0,1,0,0,0,0,0,1,0,0,0,0,0,0,0,1,0,0,0,0,0,1,0,0,1,0,0,0,0,0,0,0,1,0,0,1,1,0,0,0,0,1,0,0,1,0,1,0,0,0,1,0,0,1,good
18,2462,2,2,22,1,1,0,1,0,0,0,0,0,1,0,0,0,0,1,0,0,0,0,0,0,0,0,1,0,0,1,0,0,0,0,0,0,0,1,0,0,1,1,0,0,0,0,1,0,0,1,0,0,1,0,0,1,0,0,1,bad
21,2288,4,4,23,1,1,0,0,0,1,0,1,0,0,0,0,0,0,1,0,0,0,0,0,0,0,0,1,0,0,0,0,1,0,0,1,0,0,0,0,0,1,0,1,0,0,0,1,0,0,1,0,0,1,0,0,0,1,0,1,good
48,3566,4,2,30,1,1,1,0,0,0,1,0,0,0,0,1,0,0,0,0,0,0,0,0,0,1,0,0,0,0,0,1,0,0,0,0,0,0,1,0,0,1,1,0,0,0,0,1,0,0,1,0,0,1,0,0,1,0,0,1,good
6,860,1,4,39,2,1,0,1,0,0,0,1,0,0,0,0,0,0,0,1,0,0,0,0,0,0,0,1,0,0,0,0,0,1,0,1,0,0,0,0,0,1,0,0,1,0,0,1,0,0,1,0,0,1,0,0,0,1,0,1,good
12,682,4,3,51,2,1,0,0,0,1,0,1,0,0,0,0,0,0,0,1,0,0,0,0,0,1,0,0,0,0,0,1,0,0,0,1,0,0,0,0,0,1,1,0,0,0,0,1,0,0,1,0,0,1,0,0,0,1,0,1,good
36,5371,3,2,28,2,1,0,1,0,0,0,1,0,0,0,0,0,0,1,0,0,0,0,0,0,0,0,1,0,0,1,0,0,0,0,0,0,0,1,0,1,0,0,1,0,0,0,1,0,0,1,0,0,1,0,0,1,0,0,1,good
18,1582,4,4,46,2,1,0,0,0,1,0,1,0,0,0,0,0,0,0,0,0,1,0,0,0,0,0,0,1,0,0,0,0,1,0,0,0,0,1,0,0,1,1,0,0,0,0,1,0,0,1,0,0,1,0,0,1,0,0,1,good
6,1346,2,4,42,1,2,0,0,0,1,0,0,0,1,0,0,0,0,0,0,0,1,0,0,0,1,0,0,0,0,0,0,0,1,0,0,0,0,1,0,0,1,0,0,1,0,1,0,0,1,0,0,0,1,0,0,0,1,0,1,good
10,1924,1,4,38,1,1,0,0,0,1,0,0,0,1,0,0,0,0,0,0,0,1,0,0,0,0,0,1,0,0,1,0,0,0,0,0,0,0,1,0,0,1,0,1,0,0,0,1,0,0,1,0,0,1,0,0,0,1,1,0,good
36,5848,4,1,24,1,1,0,0,1,0,0,0,0,1,0,0,0,0,0,0,0,1,0,0,0,0,0,1,0,0,1,0,0,0,0,0,0,0,1,0,0,1,1,0,0,0,0,1,0,0,1,0,0,1,0,0,1,0,0,1,good
24,7758,2,4,29,1,1,1,0,0,0,0,1,0,0,0,0,0,0,0,0,0,0,0,0,1,0,0,0,1,0,0,0,0,1,0,1,0,0,0,0,0,1,0,0,1,0,0,1,0,0,0,1,0,1,0,0,1,0,0,1,good
24,6967,4,4,36,1,1,1,0,0,0,0,0,1,0,0,1,0,0,0,0,0,0,0,0,0,1,0,0,0,0,0,1,0,0,0,0,0,0,1,0,0,1,1,0,0,0,0,1,0,0,0,1,1,0,0,0,0,1,0,1,good
12,1282,2,4,20,1,1,0,1,0,0,0,0,0,1,0,0,0,0,1,0,0,0,0,0,0,0,0,1,0,0,1,0,0,0,0,1,0,0,0,0,0,1,1,0,0,0,0,1,0,0,0,1,0,1,0,0,1,0,0,1,bad
9,1288,3,4,48,2,2,0,1,0,0,0,1,0,0,0,0,0,0,0,0,0,0,1,0,0,1,0,0,0,0,0,0,0,1,0,0,0,0,1,0,1,0,0,0,0,1,0,1,0,0,1,0,0,1,0,0,1,0,1,0,good
12,339,4,1,45,1,1,0,1,0,0,1,0,0,0,0,0,0,0,0,0,0,0,0,1,0,0,0,1,0,0,0,0,0,1,0,0,0,1,0,0,0,1,1,0,0,0,1,0,0,0,1,0,0,0,0,1,1,0,0,1,good
24,3512,2,3,38,2,1,1,0,0,0,0,0,0,1,0,0,0,0,0,1,0,0,0,0,0,1,0,0,0,0,0,1,0,0,0,0,0,0,1,0,0,1,1,0,0,0,1,0,0,0,1,0,0,1,0,0,0,1,0,1,good
6,1898,1,2,34,2,2,0,0,0,1,0,1,0,0,0,0,0,0,0,0,0,1,0,0,0,0,0,0,0,1,1,0,0,0,0,0,0,0,1,0,0,1,0,0,0,1,0,1,0,0,1,0,0,0,0,1,1,0,0,1,good
24,2872,3,4,36,1,2,0,0,0,1,0,1,0,0,0,0,0,0,0,0,0,1,0,0,0,1,0,0,0,0,0,0,0,1,0,0,0,0,1,0,0,1,0,0,0,1,0,1,0,0,1,0,0,1,0,0,0,1,0,1,good
18,1055,4,1,30,2,1,0,0,0,1,0,1,0,0,0,0,0,0,0,1,0,0,0,0,0,0,0,1,0,0,0,0,1,0,0,1,0,0,0,0,0,1,0,1,0,0,0,1,0,0,1,0,0,1,0,0,1,0,0,1,good
15,1262,4,3,36,2,1,0,0,0,1,0,0,0,1,0,0,1,0,0,0,0,0,0,0,0,0,1,0,0,0,0,1,0,0,0,0,0,0,1,0,0,1,0,1,0,0,0,1,0,0,1,0,0,1,0,0,0,1,0,1,good
10,7308,2,4,70,1,1,1,0,0,0,0,0,0,1,0,0,0,0,0,1,0,0,0,0,0,0,0,1,0,0,0,0,0,0,1,0,0,0,1,0,0,1,0,0,1,0,1,0,0,1,0,0,1,0,0,0,0,1,0,1,good
36,909,4,4,36,1,1,0,0,0,1,0,0,0,1,0,0,0,0,0,1,0,0,0,0,0,0,1,0,0,0,0,0,0,1,0,0,0,0,1,0,0,1,0,1,0,0,0,1,0,0,1,0,0,1,0,0,1,0,0,1,good
6,2978,1,2,32,1,1,0,0,0,1,0,0,0,1,0,0,0,0,1,0,0,0,0,0,0,0,1,0,0,0,1,0,0,0,0,0,0,0,1,0,0,1,1,0,0,0,0,1,0,0,1,0,0,1,0,0,0,1,0,1,good
18,1131,4,2,33,1,1,0,1,0,0,0,0,0,1,0,0,0,0,1,0,0,0,0,0,0,0,0,1,0,0,0,0,0,0,1,1,0,0,0,0,0,1,1,0,0,0,0,1,0,0,1,0,0,1,0,0,1,0,0,1,bad
11,1577,4,1,20,1,1,1,0,0,0,0,0,0,1,0,0,0,0,1,0,0,0,0,0,0,0,0,0,1,0,0,0,1,0,0,1,0,0,0,0,0,1,0,0,0,1,0,1,0,0,1,0,0,1,0,0,1,0,0,1,good
24,3972,2,4,25,1,1,0,0,0,1,0,0,0,1,0,0,0,0,1,0,0,0,0,0,0,0,0,1,0,0,0,1,0,0,0,1,0,0,0,0,0,1,0,1,0,0,0,1,0,0,0,1,0,1,0,0,0,1,0,1,good
24,1935,4,4,31,2,1,1,0,0,0,0,1,0,0,0,1,0,0,0,0,0,0,0,0,0,0,0,1,0,0,0,0,0,1,0,0,1,0,0,0,0,1,0,0,0,1,0,1,0,0,1,0,0,1,0,0,0,1,0,1,bad
15,950,4,3,33,2,2,0,1,0,0,0,0,0,0,1,0,0,0,0,1,0,0,0,0,0,0,0,1,0,0,0,0,0,1,0,0,0,0,1,0,0,1,1,0,0,0,0,1,0,0,0,1,0,1,0,0,1,0,0,1,bad
12,763,4,1,26,1,1,0,0,0,1,0,0,0,1,0,0,0,0,1,0,0,0,0,0,0,0,0,1,0,0,1,0,0,0,0,1,0,0,0,0,0,1,0,0,0,1,0,1,0,0,1,0,0,1,0,0,0,1,0,1,good
24,2064,3,2,34,1,1,1,0,0,0,0,0,1,0,0,0,0,0,1,0,0,0,0,0,0,0,0,1,0,0,0,0,0,0,1,1,0,0,0,0,0,1,0,1,0,0,0,1,0,0,1,0,1,0,0,0,0,1,0,1,bad
8,1414,4,2,33,1,1,1,0,0,0,0,0,0,1,0,0,0,0,0,0,0,1,0,0,0,0,0,1,0,0,1,0,0,0,0,0,0,0,1,0,1,0,0,0,0,1,0,1,0,0,1,0,0,1,0,0,1,0,1,0,good
21,3414,2,1,26,2,1,0,1,0,0,0,0,1,0,0,0,0,1,0,0,0,0,0,0,0,0,0,1,0,0,0,0,1,0,0,0,0,0,1,0,0,1,0,1,0,0,0,1,0,0,1,0,0,1,0,0,1,0,0,1,bad
30,7485,4,1,53,1,1,0,0,0,1,1,0,0,0,0,0,0,0,0,0,0,0,0,0,1,0,0,0,0,1,0,0,0,0,1,1,0,0,0,0,0,1,0,0,0,1,1,0,0,0,1,0,1,0,0,0,0,1,0,1,bad
12,2577,2,1,42,1,1,0,1,0,0,0,0,0,1,0,0,0,0,1,0,0,0,0,0,0,0,0,1,0,0,1,0,0,0,0,0,1,0,0,0,0,1,1,0,0,0,0,1,0,0,1,0,0,1,0,0,1,0,0,1,good
6,338,4,4,52,2,1,0,1,0,0,0,1,0,0,0,0,0,0,0,0,0,1,0,0,0,0,1,0,0,0,0,0,0,1,0,0,0,0,1,0,0,1,1,0,0,0,0,1,0,0,1,0,0,1,0,0,1,0,0,1,good
12,1963,4,2,31,2,2,0,0,0,1,0,0,0,1,0,0,0,0,0,0,0,1,0,0,0,0,0,1,0,0,0,1,0,0,0,0,0,0,1,0,0,1,1,0,0,0,0,1,0,0,0,1,1,0,0,0,0,1,0,1,good
21,571,4,4,65,2,1,0,1,0,0,0,1,0,0,0,0,0,0,0,1,0,0,0,0,0,0,0,1,0,0,0,0,0,1,0,0,0,0,1,0,0,1,0,0,0,1,0,1,0,0,1,0,0,1,0,0,1,0,0,1,good
36,9572,1,1,28,2,1,0,0,0,1,0,0,1,0,0,1,0,0,0,0,0,0,0,0,0,0,0,1,0,0,0,0,1,0,0,0,1,0,0,0,0,1,1,0,0,0,0,1,0,0,1,0,0,1,0,0,1,0,0,1,bad
36,4455,2,2,30,2,1,1,0,0,0,0,0,1,0,0,1,0,0,0,0,0,0,0,0,0,0,0,1,0,0,1,0,0,0,0,0,1,0,0,0,0,1,0,0,0,1,0,0,1,0,1,0,1,0,0,0,0,1,0,1,bad
21,1647,4,2,40,2,2,0,1,0,0,1,0,0,0,0,0,0,0,0,1,0,0,0,0,0,0,0,0,0,1,1,0,0,0,0,0,0,0,1,0,0,1,0,1,0,0,0,1,0,0,1,0,0,0,0,1,1,0,0,1,bad
24,3777,4,4,50,1,1,0,0,0,1,0,1,0,0,0,0,0,0,1,0,0,0,0,0,0,0,0,0,1,0,1,0,0,0,0,0,0,0,1,0,0,1,0,0,0,1,0,1,0,0,1,0,0,1,0,0,0,1,0,1,good
18,884,4,4,36,1,2,1,0,0,0,0,1,0,0,0,0,0,0,0,1,0,0,0,0,0,0,0,1,0,0,0,0,0,1,0,0,0,0,1,0,0,1,1,0,0,0,1,0,0,0,1,0,0,1,0,0,0,1,0,1,bad
15,1360,4,2,31,2,1,0,0,0,1,0,1,0,0,0,0,0,0,0,0,0,1,0,0,0,0,0,1,0,0,1,0,0,0,0,0,0,0,1,0,0,1,0,1,0,0,0,1,0,0,1,0,0,1,0,0,1,0,0,1,good
9,5129,2,4,74,1,2,1,0,0,0,1,0,0,0,0,0,0,0,0,0,0,0,0,0,1,0,0,1,0,0,0,0,0,1,0,1,0,0,0,0,0,1,0,0,1,0,1,0,0,1,0,0,1,0,0,0,0,1,0,1,bad
16,1175,2,3,68,3,1,1,0,0,0,0,1,0,0,0,0,0,0,0,1,0,0,0,0,0,0,0,1,0,0,0,0,0,0,1,0,0,0,1,0,0,1,1,0,0,0,0,1,0,1,0,0,0,0,1,0,0,1,0,1,good
12,674,4,1,20,1,1,0,1,0,0,0,0,0,1,0,0,0,0,0,0,0,1,0,0,0,1,0,0,0,0,0,1,0,0,0,0,0,1,0,0,0,1,0,1,0,0,0,1,0,0,1,0,0,1,0,0,1,0,0,1,bad
18,3244,1,4,33,2,1,1,0,0,0,0,0,0,0,1,0,0,0,1,0,0,0,0,0,0,0,0,1,0,0,1,0,0,0,0,1,0,0,0,0,0,1,1,0,0,0,1,0,0,0,1,0,0,1,0,0,0,1,0,1,good
24,4591,2,3,54,3,1,0,0,0,1,0,0,0,1,0,1,0,0,0,0,0,0,0,0,0,0,0,0,1,0,1,0,0,0,0,0,0,0,1,0,0,1,0,1,0,0,0,1,0,0,1,0,1,0,0,0,0,1,0,1,bad
48,3844,4,4,34,1,2,1,0,0,0,0,0,0,0,1,1,0,0,0,0,0,0,0,0,0,1,0,0,0,0,0,1,0,0,0,0,0,0,1,0,0,1,0,0,1,0,0,1,0,1,0,0,0,0,0,1,1,0,0,1,bad
27,3915,4,2,36,1,2,1,0,0,0,0,0,0,1,0,1,0,0,0,0,0,0,0,0,0,0,0,1,0,0,1,0,0,0,0,0,0,0,1,0,0,1,1,0,0,0,0,1,0,0,1,0,0,1,0,0,0,1,0,1,bad
6,2108,2,2,29,1,1,0,0,0,1,0,0,0,1,0,0,0,0,0,0,0,1,0,0,0,0,0,1,0,0,0,1,0,0,0,0,0,1,0,0,0,1,0,0,0,1,0,1,0,0,0,1,0,1,0,0,1,0,0,1,good
45,3031,4,4,21,1,1,1,0,0,0,0,0,0,1,0,0,0,0,0,0,0,1,0,0,0,1,0,0,0,0,1,0,0,0,0,0,0,0,1,0,1,0,0,1,0,0,0,1,0,0,0,1,0,1,0,0,1,0,0,1,bad
9,1501,2,3,34,2,1,1,0,0,0,0,1,0,0,0,0,0,1,0,0,0,0,0,0,0,0,0,1,0,0,0,0,0,1,0,1,0,0,0,0,0,1,1,0,0,0,0,1,0,0,1,0,1,0,0,0,0,1,0,1,bad
6,1382,1,1,28,2,1,0,0,0,1,0,1,0,0,0,0,0,0,0,0,0,1,0,0,0,0,0,1,0,0,1,0,0,0,0,1,0,0,0,0,0,1,1,0,0,0,0,1,0,0,1,0,0,1,0,0,0,1,0,1,good
12,951,4,4,27,4,1,1,0,0,0,0,0,0,1,0,0,0,0,1,0,0,0,0,0,0,1,0,0,0,0,0,0,1,0,0,1,0,0,0,0,0,1,1,0,0,0,1,0,0,0,0,1,0,1,0,0,1,0,0,1,bad
24,2760,4,4,36,1,1,1,0,0,0,0,0,0,1,0,0,0,0,0,0,0,0,0,0,1,0,0,0,0,1,0,0,0,1,0,0,0,0,1,0,0,1,0,0,1,0,1,0,0,1,0,0,0,1,0,0,0,1,0,1,good
18,4297,4,3,40,1,1,1,0,0,0,0,0,1,0,0,0,0,0,1,0,0,0,0,0,0,0,0,1,0,0,0,0,0,1,0,0,1,0,0,0,0,1,0,0,1,0,0,1,0,0,1,0,1,0,0,0,0,1,0,1,bad
9,936,4,2,52,2,1,0,0,0,1,0,1,0,0,0,0,0,1,0,0,0,0,0,0,0,0,1,0,0,0,0,0,0,1,0,0,0,0,1,0,0,1,1,0,0,0,0,1,0,0,1,0,0,1,0,0,0,1,0,1,good
12,1168,4,3,27,1,1,0,1,0,0,0,0,0,1,0,0,0,0,0,1,0,0,0,0,0,0,0,1,0,0,1,0,0,0,0,0,0,1,0,0,0,1,0,0,0,1,0,1,0,0,1,0,0,0,0,1,1,0,0,1,good
27,5117,3,4,26,2,1,0,0,0,1,0,0,1,0,0,1,0,0,0,0,0,0,0,0,0,0,0,1,0,0,0,1,0,0,0,0,0,0,1,0,0,1,1,0,0,0,0,1,0,0,1,0,0,1,0,0,1,0,0,1,good
12,902,4,4,21,1,1,0,1,0,0,0,0,0,1,0,0,0,0,0,0,0,0,0,1,0,0,0,1,0,0,0,1,0,0,0,0,0,1,0,0,0,1,0,1,0,0,0,1,0,0,0,1,0,1,0,0,1,0,0,1,bad
12,1495,4,1,38,2,2,0,0,0,1,0,1,0,0,0,0,0,0,0,1,0,0,0,0,0,0,0,1,0,0,0,0,0,1,0,0,0,0,1,0,0,1,0,0,0,1,0,1,0,0,1,0,0,0,0,1,1,0,0,1,good
30,10623,3,4,38,3,2,0,1,0,0,0,1,0,0,0,0,0,0,0,0,0,0,0,0,1,0,0,1,0,0,0,0,0,1,0,0,0,0,1,0,0,1,0,0,1,0,0,1,0,1,0,0,1,0,0,0,0,1,0,1,good
12,1935,4,4,43,3,1,0,0,0,1,0,1,0,0,0,0,0,0,1,0,0,0,0,0,0,0,0,1,0,0,0,0,0,1,0,0,0,0,1,0,0,1,0,0,0,1,0,1,0,0,1,0,0,1,0,0,0,1,0,1,good
12,1424,4,3,26,1,1,1,0,0,0,0,1,0,0,0,0,1,0,0,0,0,0,0,0,0,0,0,1,0,0,0,1,0,0,0,0,0,0,1,0,0,1,0,1,0,0,0,1,0,0,1,0,0,1,0,0,1,0,0,1,good
24,6568,2,2,21,1,1,0,1,0,0,0,0,0,1,0,1,0,0,0,0,0,0,0,0,0,0,0,1,0,0,1,0,0,0,0,0,0,1,0,0,0,1,1,0,0,0,0,0,1,0,1,0,0,0,0,1,1,0,0,1,good
12,1413,3,2,55,1,1,0,0,0,1,0,0,0,1,0,0,0,0,0,0,0,0,0,0,1,0,0,0,1,0,0,1,0,0,0,0,0,0,1,0,0,1,0,1,0,0,0,1,0,0,1,0,0,1,0,0,1,0,1,0,good
9,3074,1,2,33,2,2,0,0,0,1,0,1,0,0,0,0,0,0,0,0,0,1,0,0,0,0,0,0,0,1,1,0,0,0,0,0,0,0,1,0,0,1,0,0,0,1,0,1,0,0,1,0,0,1,0,0,1,0,0,1,good
36,3835,2,4,45,1,1,0,0,0,1,0,0,0,1,0,0,0,0,0,0,0,1,0,0,0,0,0,0,0,1,0,0,0,1,0,1,0,0,0,0,0,1,0,0,0,1,0,1,0,0,1,0,0,0,0,1,0,1,0,1,good
27,5293,2,4,50,2,1,0,1,0,0,0,0,0,0,1,1,0,0,0,0,0,0,0,0,0,0,0,1,0,0,0,0,0,0,1,0,0,0,1,0,0,1,0,1,0,0,0,0,1,0,1,0,0,1,0,0,0,1,0,1,bad
30,1908,4,4,66,1,1,0,0,1,0,0,0,1,0,0,1,0,0,0,0,0,0,0,0,0,0,0,1,0,0,0,0,0,1,0,0,0,0,1,0,0,1,0,0,0,1,0,1,0,0,1,0,1,0,0,0,0,1,0,1,bad
36,3342,4,2,51,1,1,0,0,0,1,0,1,0,0,0,0,0,0,0,0,0,1,0,0,0,0,0,0,0,1,0,0,0,1,0,0,0,0,1,0,0,1,1,0,0,0,0,1,0,0,1,0,0,1,0,0,0,1,0,1,good
6,932,1,3,39,2,1,1,0,0,0,0,1,0,0,0,0,0,0,0,0,0,0,0,1,0,0,0,0,0,1,0,1,0,0,0,1,0,0,0,0,0,1,0,1,0,0,0,1,0,0,1,0,0,0,0,1,1,0,0,1,good
18,3104,3,1,31,1,1,0,1,0,0,0,0,0,0,1,1,0,0,0,0,0,0,0,0,0,0,0,1,0,0,0,1,0,0,0,0,0,0,1,0,0,1,0,1,0,0,1,0,0,0,1,0,0,1,0,0,0,1,0,1,good
36,3913,2,2,23,1,1,0,0,1,0,0,0,0,1,0,0,0,0,0,0,0,1,0,0,0,0,0,1,0,0,1,0,0,0,0,0,0,0,1,0,0,1,0,0,0,1,0,1,0,0,1,0,0,1,0,0,0,1,0,1,good
24,3021,2,2,24,1,1,0,1,0,0,0,0,0,1,0,0,0,0,1,0,0,0,0,0,0,0,0,1,0,0,1,0,0,0,0,0,1,0,0,0,0,1,0,0,0,1,0,1,0,0,0,1,0,0,0,1,1,0,0,1,good
10,1364,2,4,64,1,1,0,0,0,1,0,0,0,1,0,0,0,0,0,1,0,0,0,0,0,0,0,1,0,0,1,0,0,0,0,1,0,0,0,0,0,1,1,0,0,0,0,1,0,0,1,0,0,1,0,0,0,1,0,1,good
12,625,4,1,26,1,1,1,0,0,0,0,0,0,1,0,0,0,0,0,0,0,1,0,0,0,0,0,1,0,0,0,0,1,0,0,0,0,1,0,0,1,0,0,0,0,1,1,0,0,0,1,0,0,0,0,1,1,0,0,1,good
12,1200,4,4,23,1,1,0,1,0,0,0,0,0,1,0,0,0,1,0,0,0,0,0,0,0,0,0,0,0,1,1,0,0,0,0,1,0,0,0,0,0,1,0,1,0,0,1,0,0,0,0,1,0,1,0,0,0,1,0,1,good
12,707,4,2,30,2,1,0,0,0,1,0,0,0,1,0,0,0,0,0,0,0,1,0,0,0,0,0,1,0,0,1,0,0,0,0,0,0,0,1,0,0,1,0,0,0,1,1,0,0,0,1,0,0,1,0,0,1,0,0,1,good
24,2978,4,4,32,2,2,0,0,0,1,0,0,1,0,0,1,0,0,0,0,0,0,0,0,0,0,0,0,0,1,1,0,0,0,0,0,0,0,1,0,0,1,0,0,0,1,0,1,0,0,1,0,0,1,0,0,0,1,0,1,good
15,4657,3,2,30,1,1,0,0,0,1,0,0,0,1,0,0,0,0,0,0,0,0,0,0,1,0,0,1,0,0,1,0,0,0,0,0,0,0,1,0,0,1,1,0,0,0,0,1,0,0,1,0,0,1,0,0,0,1,0,1,good
36,2613,4,2,27,2,1,0,0,0,1,0,0,0,0,1,0,0,0,0,0,0,0,1,0,0,0,0,1,0,0,1,0,0,0,0,0,0,0,1,0,0,1,1,0,0,0,0,1,0,0,1,0,0,1,0,0,1,0,0,1,good
48,10961,1,2,27,2,1,1,0,0,0,0,0,0,1,0,0,0,0,0,0,0,1,0,0,0,0,0,0,1,0,0,1,0,0,0,0,0,0,1,1,0,0,0,0,1,0,1,0,0,0,1,0,0,1,0,0,0,1,0,1,bad
12,7865,4,4,53,1,1,0,1,0,0,0,0,0,1,0,0,0,0,1,0,0,0,0,0,0,0,0,1,0,0,0,0,0,1,0,0,0,0,1,0,0,1,0,0,1,0,0,1,0,1,0,0,1,0,0,0,0,1,0,1,bad
9,1478,4,2,22,1,1,0,0,0,1,0,0,0,1,0,0,0,0,0,0,0,1,0,0,0,0,0,1,0,0,0,1,0,0,0,0,0,0,1,0,0,1,1,0,0,0,0,1,0,0,1,0,0,1,0,0,1,0,0,1,bad
24,3149,4,1,22,1,1,0,1,0,0,0,0,0,1,0,0,0,0,1,0,0,0,0,0,0,0,0,1,0,0,0,0,1,0,0,0,0,0,1,0,0,1,0,0,1,0,1,0,0,1,0,0,0,1,0,0,1,0,0,1,good
36,4210,4,2,26,1,1,0,0,1,0,0,0,0,1,0,0,0,0,0,0,0,1,0,0,0,0,0,1,0,0,1,0,0,0,0,0,0,0,1,0,0,1,1,0,0,0,0,1,0,0,1,0,0,1,0,0,1,0,0,1,bad
9,2507,2,4,51,1,1,0,0,0,1,0,0,0,1,0,0,0,0,0,1,0,0,0,0,0,0,1,0,0,0,0,0,0,1,0,0,0,0,1,0,0,1,0,0,1,0,0,1,0,1,0,0,0,0,0,1,1,0,0,1,good
12,2141,3,1,35,1,1,0,0,0,1,0,0,0,1,0,0,0,0,0,0,0,1,0,0,0,1,0,0,0,0,0,1,0,0,0,0,0,0,1,0,0,1,0,0,1,0,0,1,0,0,1,0,0,1,0,0,1,0,0,1,good
18,866,4,2,25,1,1,1,0,0,0,0,0,0,1,0,0,0,0,0,0,0,1,0,0,0,0,0,1,0,0,1,0,0,0,0,0,0,1,0,0,1,0,0,0,0,1,0,1,0,0,1,0,0,0,0,1,1,0,0,1,good
4,1544,2,1,42,3,2,0,0,0,1,0,1,0,0,0,0,0,0,0,0,0,1,0,0,0,0,0,1,0,0,0,1,0,0,0,0,0,0,1,0,0,1,0,0,0,1,0,1,0,0,1,0,0,0,0,1,1,0,0,1,good
24,1823,4,2,30,1,2,0,1,0,0,0,0,0,1,0,0,0,0,0,0,0,1,0,0,0,0,0,1,0,0,0,0,0,0,1,0,0,0,1,0,0,1,1,0,0,0,0,0,1,0,1,0,1,0,0,0,1,0,0,1,bad
6,14555,1,2,23,1,1,1,0,0,0,0,0,0,1,0,0,0,0,0,1,0,0,0,0,0,0,0,0,0,1,0,0,0,0,1,0,0,0,1,0,0,1,0,1,0,0,0,1,0,0,1,0,0,0,1,0,0,1,0,1,bad
21,2767,4,2,61,2,1,1,0,0,0,0,0,0,1,0,1,0,0,0,0,0,0,0,0,0,1,0,0,0,0,0,0,0,1,0,0,1,0,0,0,0,1,1,0,0,0,1,0,0,0,0,1,0,0,0,1,1,0,0,1,bad
12,1291,4,2,35,2,1,0,0,0,1,0,1,0,0,0,0,0,0,0,0,0,1,0,0,0,0,0,1,0,0,1,0,0,0,0,1,0,0,0,0,0,1,0,1,0,0,0,1,0,0,1,0,0,1,0,0,1,0,0,1,good
30,2522,1,3,39,1,2,0,1,0,0,0,0,0,1,0,0,0,0,0,0,0,1,0,0,0,0,0,1,0,0,0,0,0,1,0,0,0,0,1,0,1,0,0,1,0,0,0,1,0,0,1,0,0,1,0,0,1,0,0,1,good
24,915,4,2,29,1,1,0,1,0,0,0,0,0,1,0,0,0,0,0,1,0,0,0,0,0,0,0,0,0,1,0,0,0,1,0,1,0,0,0,0,0,1,1,0,0,0,1,0,0,0,1,0,0,1,0,0,1,0,0,1,bad
6,1595,3,2,51,1,2,0,0,0,1,0,0,0,1,0,0,0,0,0,0,0,1,0,0,0,0,0,1,0,0,0,1,0,0,0,0,0,0,1,0,0,1,0,1,0,0,0,1,0,0,1,0,0,1,0,0,1,0,0,1,good
48,4605,3,4,24,2,2,0,1,0,0,0,0,0,0,1,0,0,0,0,0,0,0,0,0,1,0,0,1,0,0,0,0,0,1,0,0,0,0,1,0,0,1,0,0,1,0,0,1,0,1,0,0,0,1,0,0,1,0,0,1,bad
12,1185,3,2,27,2,1,0,0,0,1,0,1,0,0,0,1,0,0,0,0,0,0,0,0,0,0,0,1,0,0,1,0,0,0,0,1,0,0,0,0,0,1,0,0,0,1,0,1,0,0,1,0,0,1,0,0,1,0,0,1,good
12,3447,4,3,35,1,2,0,0,0,1,1,0,0,0,0,0,0,0,0,0,0,0,0,1,0,0,1,0,0,0,1,0,0,0,0,1,0,0,0,0,0,1,0,0,0,1,0,1,0,0,1,0,0,0,0,1,1,0,0,1,good
24,1258,4,1,25,1,1,0,0,0,1,0,0,0,1,0,1,0,0,0,0,0,0,0,0,0,0,0,1,0,0,0,1,0,0,0,0,0,0,1,0,0,1,0,0,0,1,0,1,0,0,1,0,0,1,0,0,0,1,0,1,good
12,717,4,4,52,3,1,0,0,0,1,0,1,0,0,0,0,0,0,0,0,0,1,0,0,0,0,0,1,0,0,0,0,0,1,0,0,0,0,1,0,0,1,0,0,0,1,0,1,0,0,1,0,0,1,0,0,1,0,0,1,good
6,1204,4,1,35,1,1,0,0,0,1,0,0,0,0,1,0,0,0,0,1,0,0,0,0,0,1,0,0,0,0,1,0,0,0,0,0,0,0,1,0,0,1,0,0,1,0,1,0,0,0,0,1,0,1,0,0,1,0,1,0,good
24,1925,2,2,26,1,1,0,0,1,0,0,0,0,1,0,0,0,0,1,0,0,0,0,0,0,0,0,1,0,0,1,0,0,0,0,0,0,0,1,0,0,1,0,0,0,1,0,1,0,0,1,0,0,1,0,0,1,0,0,1,good
18,433,3,4,22,1,1,0,0,0,1,0,0,0,1,0,0,0,0,0,0,0,1,0,0,0,0,0,1,0,0,0,0,0,0,1,1,0,0,0,1,0,0,0,0,0,1,0,1,0,0,0,1,0,1,0,0,1,0,0,1,bad
6,666,3,4,39,2,1,0,1,0,0,0,1,0,0,0,0,0,0,0,1,0,0,0,0,0,0,0,0,1,0,0,1,0,0,0,1,0,0,0,0,0,1,0,0,0,1,0,1,0,0,1,0,0,0,0,1,0,1,0,1,good
12,2251,1,2,46,1,1,0,0,1,0,0,0,0,1,0,0,0,0,1,0,0,0,0,0,0,0,0,1,0,0,1,0,0,0,0,1,0,0,0,0,0,1,1,0,0,0,0,1,0,0,1,0,0,0,0,1,1,0,0,1,good
30,2150,4,2,24,1,1,1,0,0,0,0,0,0,1,0,0,0,0,0,1,0,0,0,0,0,0,0,1,0,0,1,0,0,0,0,1,0,0,0,0,1,0,0,0,1,0,1,0,0,0,1,0,0,1,0,0,1,0,0,1,bad
24,4151,2,3,35,2,1,0,0,0,1,0,0,1,0,0,0,0,0,1,0,0,0,0,0,0,1,0,0,0,0,1,0,0,0,0,0,0,0,1,0,0,1,0,1,0,0,0,1,0,0,1,0,0,1,0,0,1,0,0,1,good
9,2030,2,1,24,1,1,1,0,0,0,0,0,0,1,0,0,0,0,1,0,0,0,0,0,0,0,0,0,0,1,0,1,0,0,0,0,0,0,1,0,0,1,1,0,0,0,0,1,0,0,1,0,0,1,0,0,0,1,0,1,good
60,7418,1,1,27,1,1,1,0,0,0,0,0,1,0,0,0,0,0,0,0,0,1,0,0,0,0,0,0,0,1,1,0,0,0,0,0,0,0,1,0,0,1,0,0,0,1,0,1,0,0,1,0,0,0,0,1,1,0,0,1,good
24,2684,4,2,35,2,1,0,0,0,1,0,1,0,0,0,0,0,0,0,0,0,1,0,0,0,0,0,1,0,0,1,0,0,0,0,0,0,0,1,0,0,1,0,0,0,1,0,1,0,0,1,0,0,0,0,1,1,0,0,1,good
12,2149,4,1,29,1,1,0,1,0,0,1,0,0,0,0,0,0,0,0,0,0,1,0,0,0,0,0,1,0,0,1,0,0,0,0,0,1,0,0,0,0,1,0,0,1,0,0,1,0,1,0,0,0,1,0,0,1,0,0,1,bad
15,3812,1,4,23,1,1,0,0,0,1,0,0,0,1,0,0,0,0,0,0,0,0,0,0,1,1,0,0,0,0,0,0,1,0,0,1,0,0,0,0,0,1,1,0,0,0,0,1,0,0,1,0,0,1,0,0,0,1,0,1,good
11,1154,4,4,57,3,1,0,0,0,1,0,1,0,0,0,0,0,0,0,0,0,1,0,0,0,1,0,0,0,0,0,0,0,0,1,1,0,0,0,0,0,1,0,0,0,1,0,1,0,0,1,0,0,0,0,1,1,0,0,1,good
12,1657,2,2,27,1,1,0,1,0,0,0,0,0,1,0,0,0,0,1,0,0,0,0,0,0,0,0,1,0,0,1,0,0,0,0,0,0,0,1,0,0,1,0,0,0,1,0,1,0,0,1,0,0,1,0,0,1,0,0,1,good
24,1603,4,4,55,1,1,0,1,0,0,0,0,0,1,0,0,0,0,0,0,0,1,0,0,0,0,0,1,0,0,0,0,0,1,0,1,0,0,0,0,0,1,1,0,0,0,0,1,0,0,1,0,0,1,0,0,1,0,0,1,good
18,5302,2,4,36,3,1,0,1,0,0,0,1,0,0,0,0,0,0,0,1,0,0,0,0,0,0,0,1,0,0,0,0,0,1,0,0,0,0,1,0,0,1,0,0,1,0,0,1,0,1,0,0,1,0,0,0,0,1,0,1,good
12,2748,2,4,57,3,1,0,0,0,1,0,1,0,0,0,0,0,1,0,0,0,0,0,0,0,0,0,1,0,0,0,0,0,1,0,1,0,0,0,0,0,1,0,0,1,0,1,0,0,1,0,0,0,0,0,1,1,0,0,1,good
10,1231,3,4,32,2,2,0,0,0,1,0,1,0,0,0,0,0,0,0,1,0,0,0,0,0,0,0,1,0,0,0,0,0,1,0,0,0,0,1,0,0,1,0,0,0,1,0,1,0,0,1,0,0,0,0,1,1,0,1,0,good
15,802,4,3,37,1,2,1,0,0,0,0,0,0,1,0,0,0,0,0,0,0,1,0,0,0,0,0,1,0,0,0,0,0,1,0,0,0,0,1,0,0,1,1,0,0,0,0,1,0,0,1,0,0,1,0,0,1,0,0,1,bad
36,6304,4,4,36,2,1,0,0,0,1,0,1,0,0,0,1,0,0,0,0,0,0,0,0,0,0,0,0,0,1,0,0,0,1,0,0,0,0,1,0,0,1,0,0,0,1,0,1,0,0,1,0,0,1,0,0,1,0,0,1,good
24,1533,4,3,38,1,1,0,0,0,1,0,0,0,1,0,0,0,0,0,0,0,1,0,0,0,0,0,1,0,0,0,0,1,0,0,1,0,0,0,0,0,1,1,0,0,0,0,0,1,0,1,0,0,1,0,0,0,1,0,1,good
14,8978,1,4,45,1,1,0,1,0,0,0,0,0,1,0,0,0,0,0,1,0,0,0,0,0,0,0,1,0,0,0,0,0,1,0,0,1,0,0,0,0,1,0,1,0,0,0,1,0,0,1,0,1,0,0,0,0,1,1,0,bad
24,999,4,2,25,2,1,0,0,0,1,0,0,0,1,0,0,0,0,0,0,0,1,0,0,0,0,0,0,0,1,0,0,0,1,0,0,0,0,1,0,0,1,1,0,0,0,0,1,0,0,1,0,0,1,0,0,1,0,0,1,good
18,2662,4,3,32,1,1,0,0,0,1,0,0,0,1,0,0,0,0,0,1,0,0,0,0,0,0,0,0,0,1,0,1,0,0,0,0,0,0,1,0,0,1,0,1,0,0,0,1,0,0,1,0,0,1,0,0,1,0,1,0,good
12,1402,3,4,37,1,1,0,0,0,1,0,1,0,0,0,0,0,0,1,0,0,0,0,0,0,0,1,0,0,0,0,1,0,0,0,1,0,0,0,0,0,1,1,0,0,0,0,1,0,0,0,1,0,1,0,0,0,1,0,1,good
48,12169,4,4,36,1,1,1,0,0,0,1,0,0,0,0,0,0,0,0,1,0,0,0,0,0,0,0,0,0,1,0,0,0,0,1,0,0,0,1,1,0,0,0,0,1,0,0,1,0,1,0,0,1,0,0,0,0,1,0,1,good
48,3060,4,4,28,2,1,1,0,0,0,0,0,0,1,0,0,0,0,0,0,0,1,0,0,0,0,0,1,0,0,0,1,0,0,0,0,0,0,1,0,0,1,0,0,0,1,0,1,0,0,1,0,0,1,0,0,1,0,0,1,bad
30,11998,1,1,34,1,1,0,1,0,0,0,0,0,1,0,0,0,0,0,0,0,0,1,0,0,0,0,1,0,0,0,0,1,0,0,0,1,0,0,0,0,1,0,0,1,0,0,1,0,0,1,0,0,0,0,1,0,1,0,1,bad
9,2697,1,2,32,1,2,0,0,0,1,0,0,0,1,0,0,0,0,0,0,0,1,0,0,0,0,0,1,0,0,1,0,0,0,0,0,0,0,1,0,0,1,0,0,0,1,0,1,0,0,1,0,0,1,0,0,1,0,0,1,good
18,2404,2,2,26,2,1,0,0,0,1,0,1,0,0,0,0,0,0,0,0,0,1,0,0,0,0,0,1,0,0,1,0,0,0,0,1,0,0,0,0,0,1,1,0,0,0,0,1,0,0,1,0,0,1,0,0,1,0,0,1,good
12,1262,2,4,49,1,1,0,1,0,0,0,0,0,1,0,0,0,0,1,0,0,0,0,0,0,0,0,0,0,1,0,0,0,1,0,0,1,0,0,0,0,1,0,1,0,0,0,1,0,0,1,0,0,0,0,1,0,1,0,1,good
6,4611,1,4,32,1,1,0,0,0,1,0,0,0,1,0,0,0,0,1,0,0,0,0,0,0,0,0,1,0,0,0,0,1,0,0,1,0,0,0,0,0,1,0,1,0,0,0,1,0,0,1,0,0,1,0,0,1,0,0,1,bad
24,1901,4,4,29,1,1,0,0,0,1,0,0,0,1,0,0,0,0,0,0,0,1,0,0,0,1,0,0,0,0,1,0,0,0,0,0,0,0,1,0,0,1,1,0,0,0,0,1,0,0,0,1,1,0,0,0,0,1,0,1,good
15,3368,3,4,23,2,1,0,0,0,1,0,1,0,0,0,0,0,0,0,0,0,0,0,0,1,0,0,0,1,0,0,0,0,1,0,0,0,0,1,0,0,1,0,0,1,0,0,1,0,0,0,1,0,1,0,0,0,1,0,1,good
12,1574,4,2,50,1,1,0,0,0,1,0,0,0,1,0,0,0,0,1,0,0,0,0,0,0,0,0,1,0,0,1,0,0,0,0,0,0,0,1,0,0,1,0,0,0,1,0,1,0,0,1,0,0,1,0,0,1,0,0,1,good
18,1445,4,4,49,1,1,0,0,1,0,1,0,0,0,0,0,0,0,0,0,0,1,0,0,0,0,0,0,0,1,0,1,0,0,0,0,0,0,1,0,0,1,1,0,0,0,1,0,0,0,1,0,0,0,0,1,1,0,0,1,good
15,1520,4,4,63,1,1,0,0,0,1,0,1,0,0,0,0,0,0,1,0,0,0,0,0,0,0,0,0,0,1,0,0,0,1,0,0,0,0,1,0,0,1,0,1,0,0,0,1,0,0,1,0,0,1,0,0,1,0,0,1,good
24,3878,4,2,37,1,1,1,0,0,0,0,1,0,0,0,0,0,0,0,1,0,0,0,0,0,1,0,0,0,0,0,0,1,0,0,0,1,0,0,0,0,1,1,0,0,0,0,1,0,0,1,0,0,1,0,0,0,1,0,1,good
47,10722,1,1,35,1,1,0,1,0,0,0,0,0,1,0,0,0,0,0,1,0,0,0,0,0,0,0,1,0,0,0,0,1,0,0,1,0,0,0,0,0,1,0,0,0,1,0,1,0,0,1,0,0,0,0,1,0,1,0,1,good
48,4788,4,3,26,1,2,0,1,0,0,0,0,0,1,0,0,0,0,0,0,0,0,0,0,1,0,0,1,0,0,0,1,0,0,0,0,0,0,1,0,0,1,0,1,0,0,0,1,0,0,1,0,0,1,0,0,1,0,0,1,good
48,7582,2,4,31,1,1,1,0,0,0,0,0,1,0,0,0,0,0,0,0,1,0,0,0,0,1,0,0,0,0,0,0,0,0,1,0,0,0,1,0,0,1,0,0,1,0,0,1,0,1,0,0,1,0,0,0,0,1,0,1,good
12,1092,4,4,49,2,1,1,0,0,0,0,0,0,1,0,0,0,0,0,0,0,1,0,0,0,0,0,1,0,0,1,0,0,0,0,1,0,0,0,0,1,0,0,0,0,1,0,1,0,0,1,0,0,1,0,0,0,1,0,1,good
24,1024,4,4,48,1,1,0,1,0,0,0,0,1,0,0,0,0,0,0,0,0,1,0,0,0,0,0,1,0,0,0,0,1,0,0,0,0,1,0,0,0,1,0,0,0,1,0,0,1,0,1,0,0,1,0,0,1,0,0,1,bad
12,1076,2,2,26,1,1,0,0,0,1,0,0,0,1,0,1,0,0,0,0,0,0,0,0,0,0,0,1,0,0,1,0,0,0,0,0,0,1,0,0,0,1,0,0,0,1,0,1,0,0,1,0,0,1,0,0,0,1,1,0,good
36,9398,1,4,28,1,1,1,0,0,0,0,0,0,1,0,0,0,0,0,0,0,0,0,0,1,0,0,1,0,0,0,0,1,0,0,0,0,1,0,0,0,1,1,0,0,0,0,1,0,0,0,1,1,0,0,0,0,1,0,1,bad
24,6419,2,4,44,2,2,0,1,0,0,0,1,0,0,0,0,0,0,0,0,0,0,0,0,1,0,0,1,0,0,0,0,0,1,0,1,0,0,0,0,0,1,0,0,1,0,0,1,0,1,0,0,1,0,0,0,0,1,0,1,good
42,4796,4,4,56,1,1,0,0,1,0,0,1,0,0,0,0,0,0,0,0,0,0,0,0,1,0,0,1,0,0,0,0,0,1,0,0,0,0,1,0,0,1,0,0,1,0,0,1,0,1,0,0,0,1,0,0,1,0,0,1,good
48,7629,4,2,46,2,2,0,0,0,1,0,1,0,0,0,1,0,0,0,0,0,0,0,0,0,0,0,0,0,1,0,0,0,1,0,0,1,0,0,0,0,1,1,0,0,0,1,0,0,0,1,0,1,0,0,0,1,0,0,1,good
48,9960,1,2,26,1,1,1,0,0,0,0,0,0,1,0,0,0,0,1,0,0,0,0,0,0,0,0,1,0,0,0,0,1,0,0,1,0,0,0,0,0,1,1,0,0,0,0,1,0,0,1,0,0,1,0,0,0,1,0,1,bad
12,4675,1,4,20,1,1,0,0,0,1,0,0,0,1,0,0,0,0,0,0,0,0,0,0,1,0,0,0,0,1,0,0,1,0,0,1,0,0,0,0,0,1,1,0,0,0,0,1,0,0,0,1,0,1,0,0,1,0,0,1,good
10,1287,4,2,45,1,1,0,0,0,1,0,0,0,1,0,0,0,0,0,1,0,0,0,0,0,0,0,0,0,1,0,0,0,1,0,0,0,0,1,1,0,0,0,1,0,0,0,1,0,0,1,0,0,0,0,1,1,0,1,0,good
18,2515,3,4,43,1,1,0,0,0,1,0,0,0,1,0,0,0,0,1,0,0,0,0,0,0,0,0,1,0,0,1,0,0,0,0,0,0,0,1,0,0,1,0,0,0,1,0,1,0,0,1,0,0,1,0,0,0,1,0,1,good
21,2745,3,2,32,2,1,1,0,0,0,0,1,0,0,0,0,0,0,1,0,0,0,0,0,0,0,0,0,1,0,0,1,0,0,0,0,0,0,1,0,0,1,1,0,0,0,0,1,0,0,1,0,0,1,0,0,0,1,0,1,good
6,672,1,4,54,1,1,0,0,0,1,0,0,0,1,0,0,0,0,0,1,0,0,0,0,0,0,0,1,0,0,0,0,0,0,1,1,0,0,0,0,0,1,0,0,0,1,0,1,0,0,1,0,0,0,1,0,0,1,0,1,good
36,3804,4,1,42,1,1,1,0,0,0,0,0,0,0,1,0,0,0,0,0,0,1,0,0,0,0,0,1,0,0,1,0,0,0,0,1,0,0,0,0,0,1,1,0,0,0,0,1,0,0,1,0,0,1,0,0,0,1,0,1,bad
24,1344,4,2,37,2,2,0,0,1,0,0,1,0,0,0,0,0,0,0,1,0,0,0,0,0,0,0,0,0,1,0,1,0,0,0,0,0,0,1,0,0,1,0,0,0,1,1,0,0,0,1,0,0,0,0,1,1,0,0,1,bad
10,1038,4,3,49,2,1,0,1,0,0,0,1,0,0,0,0,0,0,0,1,0,0,0,0,0,0,0,1,0,0,0,1,0,0,0,0,0,0,1,1,0,0,0,1,0,0,0,1,0,0,1,0,0,1,0,0,0,1,0,1,good
48,10127,2,2,44,1,1,0,0,0,1,0,1,0,0,0,0,0,0,0,1,0,0,0,0,0,0,1,0,0,0,1,0,0,0,0,0,0,0,1,0,0,1,0,0,1,0,1,0,0,1,0,0,0,1,0,0,1,0,0,1,bad
6,1543,4,2,33,1,1,0,0,0,1,0,0,0,1,0,0,0,0,1,0,0,0,0,0,0,0,0,0,1,0,1,0,0,0,0,0,1,0,0,0,0,1,0,0,0,1,0,1,0,0,1,0,0,1,0,0,1,0,0,1,good
30,4811,2,4,24,1,1,0,0,0,1,0,0,0,1,0,0,0,0,0,0,0,0,0,0,1,0,0,0,0,1,0,1,0,0,0,1,0,0,0,0,0,1,0,1,0,0,0,0,1,0,0,1,0,0,0,1,1,0,0,1,good
12,727,4,3,33,1,1,0,1,0,0,0,0,0,1,0,0,0,0,0,0,0,1,0,0,0,1,0,0,0,0,0,0,1,0,0,0,0,1,0,0,0,1,0,0,1,0,0,1,0,0,1,0,0,0,0,1,0,1,0,1,bad
8,1237,3,4,24,1,1,1,0,0,0,0,0,0,1,0,0,0,0,1,0,0,0,0,0,0,0,0,1,0,0,1,0,0,0,0,1,0,0,0,0,0,1,0,0,0,1,0,1,0,0,1,0,0,1,0,0,1,0,0,1,bad
9,276,4,4,22,1,1,1,0,0,0,0,0,0,1,0,0,0,0,0,1,0,0,0,0,0,0,0,1,0,0,1,0,0,0,0,0,0,1,0,0,0,1,0,0,0,1,0,1,0,0,0,1,0,0,0,1,1,0,0,1,good
48,5381,3,4,40,1,1,1,0,0,0,0,0,0,1,0,0,0,0,0,0,1,0,0,0,0,0,0,0,0,1,0,0,0,0,1,0,0,0,1,0,0,1,0,0,1,0,1,0,0,1,0,0,0,0,1,0,0,1,0,1,good
24,5511,4,1,25,1,1,0,0,0,1,0,0,0,1,0,0,0,0,1,0,0,0,0,0,0,1,0,0,0,0,1,0,0,0,0,0,0,0,1,0,0,1,1,0,0,0,0,0,1,0,1,0,0,1,0,0,1,0,0,1,good
24,3749,2,4,26,1,1,0,0,1,0,0,0,0,1,0,0,0,0,1,0,0,0,0,0,0,0,0,1,0,0,0,0,1,0,0,1,0,0,0,0,0,1,1,0,0,0,0,1,0,0,1,0,0,1,0,0,1,0,0,1,good
12,685,2,3,25,1,1,1,0,0,0,0,0,0,1,0,0,0,0,0,1,0,0,0,0,0,0,0,1,0,0,0,1,0,0,0,0,0,1,0,0,0,1,1,0,0,0,1,0,0,0,1,0,0,0,0,1,1,0,0,1,bad
4,1494,1,2,29,1,2,0,0,1,0,0,0,0,1,0,0,0,0,0,1,0,0,0,0,0,0,0,0,0,1,0,0,1,0,0,0,0,0,1,0,0,1,0,0,0,1,0,1,0,0,1,0,0,0,0,1,1,0,1,0,good
36,2746,4,4,31,1,1,0,1,0,0,1,0,0,0,0,0,0,0,1,0,0,0,0,0,0,0,0,1,0,0,0,0,0,1,0,0,0,0,1,0,0,1,1,0,0,0,1,0,0,0,1,0,0,1,0,0,1,0,0,1,bad
12,708,2,3,38,1,2,0,1,0,0,0,0,0,1,0,0,0,0,1,0,0,0,0,0,0,0,0,1,0,0,1,0,0,0,0,0,0,0,1,0,1,0,0,1,0,0,0,1,0,0,1,0,0,0,0,1,1,0,0,1,good
24,4351,1,4,48,1,1,1,0,0,0,0,0,0,1,0,0,0,0,1,0,0,0,0,0,0,0,0,0,0,1,1,0,0,0,0,1,0,0,0,0,0,1,0,1,0,0,0,1,0,0,1,0,0,0,0,1,0,1,0,1,good
12,701,4,2,32,2,1,0,0,0,1,0,1,0,0,0,0,0,1,0,0,0,0,0,0,0,0,0,1,0,0,1,0,0,0,0,0,0,0,1,0,0,1,1,0,0,0,0,1,0,0,1,0,0,1,0,0,1,0,0,1,good
15,3643,1,4,27,2,1,0,1,0,0,0,0,1,0,0,0,0,0,1,0,0,0,0,0,0,0,0,1,0,0,0,0,0,1,0,1,0,0,0,0,0,1,0,1,0,0,0,1,0,0,1,0,0,0,0,1,1,0,0,1,good
30,4249,4,2,28,2,1,1,0,0,0,0,1,0,0,0,0,0,0,0,1,0,0,0,0,0,0,0,1,0,0,0,0,0,0,1,0,0,1,0,0,0,1,1,0,0,0,0,1,0,0,1,0,1,0,0,0,1,0,0,1,bad
24,1938,4,3,32,1,1,0,1,0,0,0,0,0,1,0,0,0,0,0,0,0,1,0,0,0,0,0,1,0,0,0,0,1,0,0,0,1,0,0,0,0,1,0,1,0,0,0,1,0,0,1,0,0,1,0,0,1,0,0,1,bad
24,2910,2,1,34,1,1,0,1,0,0,0,0,0,1,0,0,0,0,0,0,0,0,0,0,1,0,0,1,0,0,0,1,0,0,0,0,0,0,1,0,0,1,0,0,1,0,0,1,0,1,0,0,1,0,0,0,0,1,0,1,good
18,2659,4,2,28,1,1,0,1,0,0,0,0,0,1,0,0,0,0,1,0,0,0,0,0,0,0,0,0,1,0,1,0,0,0,0,0,0,0,1,0,0,1,1,0,0,0,0,1,0,0,1,0,0,1,0,0,1,0,0,1,good
18,1028,4,3,36,2,1,0,0,0,1,0,1,0,0,0,0,0,0,0,1,0,0,0,0,0,0,0,1,0,0,1,0,0,0,0,1,0,0,0,0,0,1,0,0,0,1,0,1,0,0,1,0,0,1,0,0,1,0,0,1,good
8,3398,1,4,39,2,1,0,1,0,0,0,1,0,0,0,0,0,0,0,1,0,0,0,0,0,0,0,1,0,0,0,1,0,0,0,0,0,0,1,0,0,1,0,0,0,1,0,1,0,0,1,0,0,0,0,1,1,0,1,0,good
12,5801,2,4,49,1,1,0,0,0,1,0,1,0,0,0,0,0,0,1,0,0,0,0,0,0,0,0,0,0,1,0,0,0,1,0,0,0,0,1,0,0,1,0,1,0,0,0,1,0,0,0,1,0,1,0,0,0,1,0,1,good
24,1525,4,3,34,1,2,0,0,0,1,0,0,0,1,0,0,0,0,0,1,0,0,0,0,0,0,0,0,1,0,0,1,0,0,0,1,0,0,0,0,0,1,1,0,0,0,0,1,0,0,1,0,0,1,0,0,0,1,0,1,good
36,4473,4,2,31,1,1,0,0,1,0,0,0,0,1,0,0,0,0,0,0,0,1,0,0,0,0,0,1,0,0,0,0,0,1,0,0,0,0,1,0,0,1,1,0,0,0,0,1,0,0,1,0,0,1,0,0,1,0,0,1,good
6,1068,4,4,28,1,2,1,0,0,0,0,0,0,1,0,0,0,0,0,0,0,1,0,0,0,0,0,1,0,0,0,0,0,1,0,0,0,0,1,0,0,1,1,0,0,0,0,1,0,0,1,0,0,1,0,0,1,0,0,1,good
24,6615,2,4,75,2,1,0,1,0,0,0,1,0,0,0,0,0,0,0,0,0,0,0,0,1,0,0,1,0,0,0,0,0,0,1,0,0,0,1,0,0,1,0,0,1,0,0,1,0,1,0,0,1,0,0,0,0,1,0,1,good
18,1864,4,2,30,2,1,0,0,0,1,0,1,0,0,0,0,0,1,0,0,0,0,0,0,0,1,0,0,0,0,1,0,0,0,0,1,0,0,0,0,0,1,0,0,0,1,0,1,0,0,1,0,0,1,0,0,1,0,0,1,bad
60,7408,4,2,24,1,1,1,0,0,0,0,0,0,1,0,0,0,0,0,1,0,0,0,0,0,1,0,0,0,0,0,0,1,0,0,1,0,0,0,0,0,1,0,1,0,0,0,1,0,0,1,0,1,0,0,0,1,0,0,1,bad
48,11590,2,4,24,2,1,0,0,0,1,0,1,0,0,0,0,0,0,0,0,0,0,0,0,1,1,0,0,0,0,1,0,0,0,0,1,0,0,0,0,0,1,1,0,0,0,1,0,0,0,0,1,0,0,0,1,1,0,0,1,bad
24,4110,3,4,23,2,2,0,1,0,0,0,0,0,0,1,0,0,0,1,0,0,0,0,0,0,0,0,1,0,0,0,0,0,1,0,0,0,0,1,0,0,1,0,0,1,0,1,0,0,0,0,1,0,1,0,0,1,0,0,1,bad
6,3384,1,4,44,1,1,0,1,0,0,0,1,0,0,0,0,0,0,1,0,0,0,0,0,0,0,0,1,0,0,1,0,0,0,0,0,1,0,0,0,0,1,0,0,0,1,0,1,0,0,0,1,1,0,0,0,0,1,0,1,bad
13,2101,2,4,23,1,1,1,0,0,0,0,0,0,1,0,0,0,0,0,0,0,1,0,0,0,0,0,1,0,0,0,0,1,0,0,1,0,0,0,0,1,0,0,1,0,0,0,1,0,0,1,0,0,0,0,1,1,0,0,1,good
15,1275,4,2,24,1,1,0,1,0,0,0,0,0,1,0,0,1,0,0,0,0,0,0,0,0,0,0,0,0,1,1,0,0,0,0,1,0,0,0,0,0,1,1,0,0,0,0,1,0,0,0,1,0,1,0,0,1,0,0,1,bad
24,4169,4,4,28,1,1,0,1,0,0,0,0,0,1,0,0,0,0,1,0,0,0,0,0,0,0,0,1,0,0,1,0,0,0,0,0,0,0,1,0,0,1,0,1,0,0,0,1,0,0,1,0,0,1,0,0,1,0,0,1,good
10,1521,4,2,31,1,1,1,0,0,0,0,0,0,1,0,0,0,0,1,0,0,0,0,0,0,0,0,1,0,0,1,0,0,0,0,0,1,0,0,0,0,1,1,0,0,0,0,1,0,0,1,0,0,0,0,1,1,0,0,1,good
24,5743,2,4,24,2,1,1,0,0,0,0,1,0,0,0,0,0,1,0,0,0,0,0,0,0,0,0,1,0,0,0,0,1,0,0,1,0,0,0,0,0,1,0,0,1,0,0,1,0,1,0,0,0,1,0,0,0,1,0,1,good
21,3599,1,4,26,1,1,0,1,0,0,0,0,0,1,0,0,0,0,1,0,0,0,0,0,0,0,0,1,0,0,0,1,0,0,0,1,0,0,0,0,0,1,1,0,0,0,0,1,0,0,0,1,0,0,0,1,1,0,0,1,good
18,3213,1,3,25,1,1,1,0,0,0,0,0,0,1,0,0,0,0,0,0,0,1,0,0,0,0,1,0,0,0,0,0,1,0,0,0,0,1,0,0,0,1,0,0,0,1,0,1,0,0,0,1,0,1,0,0,1,0,0,1,good
18,4439,1,1,33,1,1,1,0,0,0,0,0,0,1,0,1,0,0,0,0,0,0,0,0,0,0,0,1,0,0,0,0,0,1,0,0,0,0,1,1,0,0,0,0,0,1,1,0,0,0,1,0,1,0,0,0,0,1,0,1,good
10,3949,1,1,37,1,2,0,0,1,0,0,0,0,1,0,0,0,0,0,1,0,0,0,0,0,0,0,1,0,0,0,0,1,0,0,0,0,0,1,0,1,0,0,1,0,0,0,1,0,0,1,0,0,0,0,1,1,0,0,1,good
15,1459,4,2,43,1,1,0,0,0,1,0,1,0,0,0,0,0,0,0,0,0,1,0,0,0,0,0,1,0,0,1,0,0,0,0,1,0,0,0,0,0,1,1,0,0,0,0,1,0,0,1,0,0,0,0,1,1,0,0,1,good
13,882,4,4,23,2,1,1,0,0,0,0,1,0,0,0,0,0,0,0,0,0,1,0,0,0,0,0,1,0,0,0,0,1,0,0,0,0,0,1,0,1,0,0,0,0,1,0,1,0,0,1,0,0,1,0,0,1,0,0,1,good
24,3758,1,4,23,1,1,1,0,0,0,0,0,0,1,0,0,0,0,0,0,0,1,0,0,0,0,1,0,0,0,0,0,0,0,1,1,0,0,0,0,0,1,0,0,1,0,0,1,0,0,0,1,0,0,1,0,1,0,0,1,good
6,1743,1,2,34,2,1,0,0,0,1,0,0,1,0,0,1,0,0,0,0,0,0,0,0,0,1,0,0,0,0,1,0,0,0,0,0,0,0,1,0,0,1,0,0,0,1,0,1,0,0,1,0,0,0,0,1,1,0,0,1,good
9,1136,4,3,32,2,2,1,0,0,0,0,1,0,0,0,0,0,1,0,0,0,0,0,0,0,0,0,0,1,0,0,0,0,1,0,0,0,0,1,0,0,1,0,0,1,0,0,1,0,1,0,0,0,1,0,0,1,0,0,1,bad
9,1236,1,4,23,1,1,0,0,0,1,0,0,0,1,0,0,1,0,0,0,0,0,0,0,0,0,0,1,0,0,0,0,1,0,0,1,0,0,0,0,0,1,0,0,0,1,0,1,0,0,0,1,0,1,0,0,0,1,0,1,good
9,959,1,2,29,1,1,1,0,0,0,0,0,0,1,0,0,0,0,1,0,0,0,0,0,0,0,0,1,0,0,1,0,0,0,0,1,0,0,0,0,0,1,1,0,0,0,0,1,0,0,1,0,0,1,0,0,1,0,1,0,bad
18,3229,2,4,38,1,1,0,0,0,1,0,1,0,0,0,0,0,0,0,0,0,0,0,0,1,0,0,0,0,1,0,0,0,0,1,0,0,0,1,0,0,1,0,0,1,0,0,1,0,0,1,0,1,0,0,0,0,1,0,1,good
12,6199,4,2,28,2,1,0,1,0,0,0,0,0,0,1,0,0,0,0,0,0,1,0,0,0,0,0,1,0,0,1,0,0,0,0,0,0,0,1,0,0,1,0,1,0,0,0,1,0,0,0,1,0,1,0,0,0,1,0,1,bad
10,727,4,4,46,1,1,0,0,0,1,0,0,0,1,0,0,0,1,0,0,0,0,0,0,0,0,1,0,0,0,0,0,0,1,0,0,0,0,1,0,0,1,0,0,1,0,0,1,0,1,0,0,0,1,0,0,0,1,0,1,good
24,1246,4,2,23,1,1,1,0,0,0,0,0,0,1,0,0,0,0,0,1,0,0,0,0,0,0,0,1,0,0,0,0,1,0,0,0,0,0,1,0,0,1,0,0,0,1,0,0,1,0,1,0,0,0,0,1,1,0,0,1,bad
12,2331,1,4,49,1,1,0,0,0,1,0,1,0,0,0,0,0,0,0,0,0,1,0,0,0,0,0,0,0,1,0,0,0,1,0,0,0,0,1,1,0,0,0,0,0,1,0,1,0,0,1,0,0,1,0,0,0,1,0,1,good
36,4463,4,2,26,2,1,0,0,0,1,0,0,1,0,0,0,0,0,0,0,0,1,0,0,0,0,0,1,0,0,1,0,0,0,0,0,0,0,1,0,0,1,1,0,0,0,0,1,0,0,1,0,1,0,0,0,0,1,0,1,bad
12,776,4,2,28,1,1,0,0,0,1,0,0,0,1,0,0,0,0,0,0,0,1,0,0,0,0,0,1,0,0,1,0,0,0,0,0,0,1,0,0,0,1,0,0,0,1,0,1,0,0,1,0,0,1,0,0,1,0,0,1,good
30,2406,4,4,23,1,1,0,1,0,0,0,0,0,1,0,0,0,0,1,0,0,0,0,0,0,0,0,1,0,0,0,1,0,0,0,1,0,0,0,0,0,1,0,0,0,1,0,1,0,0,0,1,0,1,0,0,1,0,0,1,bad
18,1239,4,4,61,1,1,1,0,0,0,0,0,0,1,0,0,0,1,0,0,0,0,0,0,0,0,0,0,0,1,1,0,0,0,0,0,0,0,1,0,0,1,0,0,1,0,0,1,0,1,0,0,0,1,0,0,1,0,0,1,good
12,3399,2,3,37,1,1,0,0,1,0,0,0,0,1,0,0,0,0,0,0,0,1,0,0,0,0,0,0,0,1,0,0,0,1,0,0,0,0,1,0,0,1,1,0,0,0,0,1,0,0,1,0,1,0,0,0,1,0,0,1,good
12,2247,2,2,36,2,1,0,0,1,0,0,0,1,0,0,0,0,0,0,1,0,0,0,0,0,0,0,1,0,0,1,0,0,0,0,1,0,0,0,0,0,1,1,0,0,0,0,0,1,0,1,0,0,1,0,0,0,1,0,1,good
6,1766,1,2,21,1,1,0,0,0,1,0,0,0,1,0,0,0,0,1,0,0,0,0,0,0,0,0,1,0,0,1,0,0,0,0,0,0,1,0,0,0,1,0,1,0,0,0,1,0,0,0,1,0,1,0,0,1,0,0,1,good
18,2473,4,1,25,1,1,0,1,0,0,0,0,0,1,0,0,0,0,1,0,0,0,0,0,0,0,0,1,0,0,0,0,0,0,1,0,0,0,1,0,0,1,1,0,0,0,0,1,0,0,1,0,0,0,1,0,1,0,0,1,bad
12,1542,2,4,36,1,1,0,0,0,1,0,0,0,1,0,1,0,0,0,0,0,0,0,0,0,0,0,1,0,0,0,1,0,0,0,0,0,0,1,0,0,1,1,0,0,0,0,1,0,0,1,0,0,1,0,0,0,1,0,1,good
18,3850,3,1,27,2,1,0,0,0,1,0,1,0,0,0,0,0,0,0,0,0,0,0,0,1,0,0,1,0,0,0,1,0,0,0,0,0,0,1,0,0,1,1,0,0,0,0,1,0,0,1,0,0,1,0,0,1,0,0,1,good
18,3650,1,4,22,1,1,0,1,0,0,0,0,0,1,0,0,0,0,1,0,0,0,0,0,0,0,0,1,0,0,0,0,1,0,0,1,0,0,0,0,0,1,1,0,0,0,0,1,0,0,0,1,0,1,0,0,1,0,0,1,good
36,3446,4,2,42,1,2,0,1,0,0,0,0,0,1,0,0,0,0,1,0,0,0,0,0,0,0,0,1,0,0,0,0,0,1,0,0,0,0,1,0,0,1,1,0,0,0,0,1,0,0,1,0,0,1,0,0,1,0,0,1,bad
18,3001,2,4,40,1,1,1,0,0,0,0,0,0,1,0,0,0,0,1,0,0,0,0,0,0,0,0,1,0,0,0,1,0,0,0,1,0,0,0,0,0,1,0,0,0,1,0,1,0,0,0,1,0,1,0,0,1,0,0,1,good
36,3079,4,4,36,1,1,0,0,0,1,0,0,0,1,0,0,0,0,0,1,0,0,0,0,0,0,0,0,0,1,1,0,0,0,0,0,0,0,1,0,0,1,0,0,0,1,0,1,0,0,1,0,0,1,0,0,1,0,0,1,good
18,6070,3,4,33,2,1,0,0,0,1,0,1,0,0,0,0,0,0,0,0,0,1,0,0,0,0,0,1,0,0,0,0,0,1,0,0,0,0,1,0,0,1,1,0,0,0,0,1,0,0,1,0,0,1,0,0,0,1,0,1,good
10,2146,1,3,23,2,1,0,0,0,1,0,1,0,0,0,0,0,0,1,0,0,0,0,0,0,0,0,1,0,0,0,0,1,0,0,1,0,0,0,0,0,1,0,0,0,1,0,1,0,0,0,1,0,1,0,0,1,0,0,1,good
60,13756,2,4,63,1,1,0,0,0,1,0,1,0,0,0,0,0,0,0,1,0,0,0,0,0,0,0,0,0,1,0,0,0,1,0,0,0,0,1,0,0,1,0,0,1,0,1,0,0,1,0,0,1,0,0,0,0,1,0,1,good
60,14782,3,4,60,2,1,1,0,0,0,1,0,0,0,0,0,0,0,0,0,1,0,0,0,0,1,0,0,0,0,0,0,0,1,0,1,0,0,0,0,0,1,0,0,1,0,1,0,0,1,0,0,1,0,0,0,0,1,0,1,bad
48,7685,2,4,37,1,1,0,1,0,0,1,0,0,0,0,1,0,0,0,0,0,0,0,0,0,0,0,1,0,0,0,1,0,0,0,1,0,0,0,0,1,0,1,0,0,0,0,1,0,0,0,1,0,1,0,0,1,0,0,1,bad
18,2320,2,3,34,2,1,0,0,0,1,0,0,1,0,0,0,0,0,0,0,0,1,0,0,0,0,0,1,0,0,0,0,0,0,1,0,0,1,0,0,0,1,0,0,0,1,0,1,0,0,1,0,0,1,0,0,1,0,0,1,good
7,846,3,4,36,1,1,0,0,0,1,0,0,1,0,0,0,0,0,0,0,0,1,0,0,0,0,0,0,0,1,0,0,0,1,0,0,0,0,1,0,0,1,0,0,1,0,0,1,0,1,0,0,0,1,0,0,1,0,0,1,good
36,14318,4,2,57,1,1,1,0,0,0,0,0,0,1,0,0,0,0,0,1,0,0,0,0,0,0,0,1,0,0,0,0,0,1,0,0,0,0,1,0,0,1,0,0,1,0,0,1,0,1,0,0,1,0,0,0,0,1,0,1,bad
6,362,4,4,52,2,1,0,0,0,1,0,1,0,0,0,0,0,0,0,1,0,0,0,0,0,1,0,0,0,0,1,0,0,0,0,1,0,0,0,0,0,1,1,0,0,0,0,1,0,0,1,0,0,0,0,1,1,0,0,1,good
20,2212,4,4,39,1,1,0,1,0,0,0,0,0,1,0,0,0,0,1,0,0,0,0,0,0,0,0,0,0,1,0,1,0,0,0,0,0,0,1,0,0,1,1,0,0,0,0,1,0,0,1,0,0,1,0,0,0,1,0,1,good
18,12976,3,4,38,1,1,1,0,0,0,0,0,0,1,0,0,0,0,0,0,0,0,0,0,1,0,0,1,0,0,0,0,0,0,1,1,0,0,0,0,0,1,0,0,1,0,0,1,0,1,0,0,1,0,0,0,0,1,0,1,bad
22,1283,4,4,25,1,1,0,0,0,1,0,0,0,1,0,0,0,0,0,1,0,0,0,0,0,0,0,0,0,1,0,1,0,0,0,1,0,0,0,0,0,1,0,1,0,0,0,1,0,0,0,1,0,1,0,0,1,0,0,1,good
12,1330,4,1,26,1,1,0,0,1,0,0,0,0,1,0,0,0,0,0,1,0,0,0,0,0,0,0,1,0,0,0,0,1,0,0,0,0,0,1,0,0,1,0,0,0,1,0,1,0,0,1,0,0,1,0,0,1,0,0,1,good
30,4272,2,2,26,2,1,0,0,0,1,0,0,1,0,0,1,0,0,0,0,0,0,0,0,0,1,0,0,0,0,1,0,0,0,0,0,0,0,1,0,0,1,0,1,0,0,0,1,0,0,1,0,0,0,0,1,1,0,0,1,good
18,2238,2,1,25,2,1,0,0,0,1,0,1,0,0,0,0,0,0,0,0,0,1,0,0,0,0,0,1,0,0,1,0,0,0,0,1,0,0,0,0,0,1,1,0,0,0,0,1,0,0,1,0,0,1,0,0,1,0,0,1,good
18,1126,4,2,21,1,1,0,0,0,1,0,0,0,1,0,0,0,0,0,0,0,1,0,0,0,0,0,0,0,1,0,0,1,0,0,1,0,0,0,0,0,1,0,0,0,1,0,1,0,0,0,1,0,1,0,0,0,1,0,1,good
18,7374,4,4,40,2,1,1,0,0,0,0,1,0,0,0,0,0,0,1,0,0,0,0,0,0,0,0,1,0,0,0,0,0,0,1,0,0,0,1,0,0,1,0,1,0,0,0,0,1,0,1,0,1,0,0,0,0,1,0,1,good
15,2326,2,4,27,1,1,1,0,0,0,0,1,0,0,0,1,0,0,0,0,0,0,0,0,0,0,1,0,0,0,1,0,0,0,0,0,0,0,1,0,0,1,1,0,0,0,1,0,0,0,1,0,0,1,0,0,1,0,0,1,good
9,1449,3,2,27,2,1,0,0,0,1,0,0,0,1,0,1,0,0,0,0,0,0,0,0,0,0,0,1,0,0,0,1,0,0,0,1,0,0,0,0,0,1,1,0,0,0,0,1,0,0,1,0,0,1,0,0,1,0,0,1,good
18,1820,2,2,30,1,1,0,0,0,1,0,0,0,1,0,0,0,0,0,1,0,0,0,0,0,0,0,1,0,0,1,0,0,0,0,0,0,1,0,0,0,1,0,1,0,0,0,1,0,0,1,0,1,0,0,0,0,1,0,1,good
12,983,1,4,19,1,1,1,0,0,0,0,0,0,1,0,0,0,0,1,0,0,0,0,0,0,0,0,0,1,0,0,0,1,0,0,1,0,0,0,0,0,1,0,0,0,1,0,1,0,0,0,1,0,0,0,1,1,0,0,1,good
36,3249,2,4,39,1,2,0,1,0,0,0,0,0,1,0,0,0,0,0,1,0,0,0,0,0,0,0,1,0,0,0,1,0,0,0,0,0,0,1,0,0,1,0,0,1,0,1,0,0,1,0,0,1,0,0,0,0,1,0,1,good
6,1957,1,4,31,1,1,0,1,0,0,0,1,0,0,0,0,0,0,0,0,0,1,0,0,0,0,0,1,0,0,0,1,0,0,0,1,0,0,0,0,0,1,1,0,0,0,0,1,0,0,1,0,0,1,0,0,1,0,0,1,good
9,2406,2,3,31,1,1,0,0,0,1,0,1,0,0,0,0,0,0,1,0,0,0,0,0,0,0,0,1,0,0,0,0,0,0,1,0,0,0,1,0,0,1,1,0,0,0,0,1,0,0,1,0,1,0,0,0,1,0,0,1,good
39,11760,2,3,32,1,1,1,0,0,0,0,0,1,0,0,0,0,1,0,0,0,0,0,0,0,1,0,0,0,0,0,1,0,0,0,0,0,0,1,0,0,1,0,0,1,0,0,1,0,0,0,1,0,1,0,0,0,1,0,1,good
12,2578,3,4,55,1,1,0,1,0,0,0,0,0,1,0,0,0,0,1,0,0,0,0,0,0,0,0,1,0,0,0,0,0,0,1,1,0,0,0,0,0,1,0,0,1,0,0,1,0,1,0,0,1,0,0,0,1,0,0,1,good
36,2348,3,2,46,2,1,0,1,0,0,0,1,0,0,0,0,0,0,1,0,0,0,0,0,0,0,0,1,0,0,1,0,0,0,0,0,0,1,0,0,0,1,0,1,0,0,0,1,0,0,1,0,0,1,0,0,0,1,0,1,good
12,1223,1,1,46,2,1,1,0,0,0,0,0,0,1,0,0,0,0,0,1,0,0,0,0,0,0,0,1,0,0,0,0,0,1,0,0,1,0,0,0,0,1,0,0,0,1,0,1,0,0,0,1,0,1,0,0,1,0,0,1,bad
24,1516,4,1,43,2,1,0,0,0,1,0,1,0,0,0,0,0,0,0,0,0,1,0,0,0,0,0,0,1,0,1,0,0,0,0,1,0,0,0,0,0,1,0,0,0,1,0,1,0,0,1,0,0,0,0,1,1,0,0,1,good
18,1473,3,4,39,1,1,0,0,0,1,0,0,0,1,0,0,0,0,0,0,0,1,0,0,0,0,0,1,0,0,0,0,1,0,0,0,0,1,0,0,0,1,0,0,0,1,0,1,0,0,1,0,0,1,0,0,0,1,0,1,good
18,1887,4,4,28,2,1,1,0,0,0,0,1,0,0,0,1,0,0,0,0,0,0,0,0,0,0,0,0,0,1,1,0,0,0,0,0,0,1,0,0,0,1,0,0,0,1,1,0,0,0,1,0,0,1,0,0,1,0,0,1,good
24,8648,2,2,27,2,1,0,0,0,1,0,0,1,0,0,1,0,0,0,0,0,0,0,0,0,0,0,1,0,0,0,0,1,0,0,0,0,0,1,0,0,1,1,0,0,0,1,0,0,0,1,0,0,1,0,0,0,1,0,1,bad
14,802,4,2,27,2,1,0,0,0,1,0,0,1,0,0,0,0,0,0,1,0,0,0,0,0,0,0,1,0,0,1,0,0,0,0,0,0,0,1,0,0,1,1,0,0,0,0,1,0,0,1,0,0,0,0,1,1,0,0,1,good
18,2899,4,4,43,1,2,1,0,0,0,0,0,1,0,0,0,0,0,0,1,0,0,0,0,0,0,0,0,0,1,0,0,0,1,0,0,0,0,1,0,0,1,1,0,0,0,0,1,0,0,1,0,0,1,0,0,1,0,0,1,good
24,2039,1,1,22,1,1,1,0,0,0,0,0,0,1,0,0,0,0,0,0,0,1,0,0,0,0,0,1,0,0,0,0,1,0,0,0,0,1,0,0,0,1,0,1,0,0,0,1,0,0,1,0,0,1,0,0,0,1,0,1,bad
24,2197,4,4,43,2,2,0,0,0,1,0,1,0,0,0,0,0,0,0,0,0,0,0,0,1,0,0,0,0,1,0,1,0,0,0,0,0,0,1,0,0,1,1,0,0,0,0,1,0,0,1,0,0,1,0,0,0,1,0,1,good
15,1053,4,2,27,1,1,0,1,0,0,0,0,0,1,0,0,0,0,0,0,0,1,0,0,0,0,0,1,0,0,0,0,1,0,0,0,0,1,0,0,0,1,0,0,0,1,0,1,0,0,1,0,0,1,0,0,1,0,1,0,good
24,3235,3,2,26,1,1,0,0,0,1,0,0,0,1,0,0,0,0,0,0,0,1,0,0,0,0,1,0,0,0,0,0,0,1,0,0,1,0,0,0,0,1,1,0,0,0,0,1,0,0,1,0,1,0,0,0,0,1,0,1,good
12,939,4,2,28,3,1,0,0,1,0,0,1,0,0,0,0,0,0,0,1,0,0,0,0,0,0,1,0,0,0,0,1,0,0,0,0,0,1,0,0,0,1,0,0,0,1,0,1,0,0,1,0,0,1,0,0,0,1,0,1,bad
24,1967,4,4,20,1,1,1,0,0,0,0,0,0,1,0,0,0,0,0,0,0,1,0,0,0,0,0,1,0,0,0,0,0,1,0,1,0,0,0,0,0,1,1,0,0,0,0,1,0,0,1,0,0,1,0,0,0,1,0,1,good
33,7253,3,2,35,2,1,0,0,0,1,0,1,0,0,0,0,0,0,0,0,0,0,0,0,1,0,0,1,0,0,0,1,0,0,0,0,0,0,1,0,0,1,1,0,0,0,0,1,0,0,1,0,1,0,0,0,0,1,0,1,good
12,2292,4,2,42,2,1,0,0,0,1,0,1,0,0,0,1,0,0,0,0,0,0,0,0,0,0,0,1,0,0,0,0,0,0,1,0,0,0,1,0,0,1,1,0,0,0,0,0,1,0,1,0,1,0,0,0,0,1,0,1,bad
10,1597,3,2,40,1,2,0,0,0,1,0,0,0,1,0,0,0,0,0,1,0,0,0,0,0,0,1,0,0,0,1,0,0,0,0,0,0,0,1,0,0,1,0,0,1,0,0,1,0,0,0,1,0,0,0,1,1,0,1,0,good
24,1381,4,2,35,1,1,0,1,0,0,0,0,0,1,0,0,0,0,0,1,0,0,0,0,0,0,0,0,0,1,1,0,0,0,0,1,0,0,0,0,0,1,0,1,0,0,0,1,0,0,1,0,0,1,0,0,1,0,0,1,bad
36,5842,2,2,35,2,2,0,0,0,1,0,1,0,0,0,0,0,0,0,0,0,0,0,0,1,0,0,1,0,0,0,0,0,1,0,0,0,0,1,0,0,1,0,1,0,0,0,1,0,0,1,0,0,1,0,0,0,1,0,1,good
12,2579,4,1,33,1,2,0,1,0,0,0,0,0,1,0,0,0,0,0,1,0,0,0,0,0,0,0,1,0,0,0,0,1,0,0,0,0,0,1,0,0,1,0,0,0,1,0,1,0,0,1,0,0,0,0,1,1,0,0,1,bad
18,8471,1,2,23,2,1,0,1,0,0,0,0,1,0,0,0,0,1,0,0,0,0,0,0,0,0,0,0,0,1,1,0,0,0,0,1,0,0,0,0,0,1,1,0,0,0,0,1,0,0,0,1,0,1,0,0,0,1,0,1,good
21,2782,1,2,31,1,1,0,0,0,1,0,0,0,1,0,0,0,0,0,1,0,0,0,0,0,0,1,0,0,0,0,1,0,0,0,1,0,0,0,0,0,1,1,0,0,0,1,0,0,0,1,0,1,0,0,0,1,0,0,1,good
18,1042,4,2,33,1,1,1,0,0,0,0,0,0,1,0,0,0,0,0,1,0,0,0,0,0,0,0,0,0,1,1,0,0,0,0,1,0,0,0,0,0,1,0,1,0,0,0,1,0,0,1,0,0,1,0,0,1,0,0,1,bad
15,3186,2,3,20,1,1,0,0,0,1,0,0,0,1,0,0,0,0,0,1,0,0,0,0,0,0,0,0,1,0,0,1,0,0,0,1,0,0,0,0,0,1,1,0,0,0,0,1,0,0,0,1,0,1,0,0,1,0,0,1,good
12,2028,4,2,30,1,1,1,0,0,0,0,0,0,1,0,0,0,0,0,0,0,0,0,0,1,0,0,0,0,1,1,0,0,0,0,0,0,0,1,0,0,1,1,0,0,0,0,1,0,0,1,0,0,1,0,0,1,0,0,1,good
12,958,2,3,47,2,2,1,0,0,0,0,1,0,0,0,0,0,0,0,1,0,0,0,0,0,0,0,1,0,0,0,1,0,0,0,0,0,0,1,0,0,1,0,0,0,1,0,1,0,0,1,0,0,0,0,1,1,0,0,1,good
21,1591,4,3,34,2,1,0,0,0,1,0,0,1,0,0,0,0,0,1,0,0,0,0,0,0,1,0,0,0,0,0,1,0,0,0,0,0,0,1,0,0,1,0,0,0,1,0,1,0,0,1,0,1,0,0,0,1,0,0,1,good
12,2762,1,2,25,1,1,1,0,0,0,0,0,0,1,0,0,0,0,1,0,0,0,0,0,0,0,0,0,0,1,0,0,0,1,0,1,0,0,0,0,0,1,0,1,0,0,1,0,0,0,1,0,0,1,0,0,0,1,0,1,bad
18,2779,1,3,21,1,1,1,0,0,0,0,0,0,1,0,0,0,0,0,0,0,0,0,0,1,0,0,1,0,0,1,0,0,0,0,0,0,1,0,0,0,1,1,0,0,0,0,1,0,0,0,1,0,1,0,0,0,1,0,1,good
28,2743,4,2,29,2,1,0,0,0,1,0,1,0,0,0,0,0,0,0,0,0,1,0,0,0,0,0,1,0,0,0,0,0,1,0,0,0,0,1,0,0,1,1,0,0,0,0,1,0,0,1,0,0,1,0,0,1,0,0,1,good
18,1149,4,3,46,2,1,0,0,0,1,0,1,0,0,0,0,0,0,0,0,0,1,0,0,0,0,0,0,1,0,1,0,0,0,0,0,0,0,1,0,0,1,0,0,0,1,0,1,0,0,1,0,0,1,0,0,1,0,0,1,good
9,1313,1,4,20,1,1,0,0,0,1,0,0,0,1,0,0,0,0,1,0,0,0,0,0,0,0,0,1,0,0,0,0,0,1,0,0,0,0,1,0,0,1,1,0,0,0,0,1,0,0,1,0,0,1,0,0,1,0,0,1,good
18,1190,2,4,55,3,2,0,1,0,0,0,1,0,0,0,0,0,0,0,0,0,0,1,0,0,0,0,1,0,0,0,0,0,0,1,1,0,0,0,0,0,1,0,0,1,0,0,1,0,1,0,0,0,0,1,0,1,0,0,1,bad
5,3448,1,4,74,1,1,0,0,0,1,0,0,0,1,0,1,0,0,0,0,0,0,0,0,0,0,0,1,0,0,0,1,0,0,0,0,0,0,1,0,0,1,0,0,0,1,0,1,0,0,1,0,0,0,0,1,1,0,0,1,good
24,11328,2,3,29,2,1,1,0,0,0,0,0,0,1,0,0,0,0,0,0,1,0,0,0,0,0,0,1,0,0,1,0,0,0,0,0,0,0,1,1,0,0,1,0,0,0,1,0,0,0,1,0,1,0,0,0,0,1,0,1,bad
6,1872,4,4,36,3,1,0,1,0,0,0,1,0,0,0,0,0,0,1,0,0,0,0,0,0,0,0,1,0,0,0,0,0,0,1,0,0,0,1,0,0,1,0,0,1,0,0,1,0,1,0,0,1,0,0,0,0,1,0,1,good
24,2058,4,2,33,2,1,0,0,0,1,0,1,0,0,0,0,0,0,0,0,0,0,1,0,0,0,0,1,0,0,1,0,0,0,0,0,1,0,0,0,0,1,0,0,0,1,0,1,0,0,1,0,0,1,0,0,0,1,0,1,good
9,2136,3,2,25,1,1,0,1,0,0,0,0,0,1,0,0,0,0,1,0,0,0,0,0,0,0,0,1,0,0,1,0,0,0,0,0,0,0,1,0,0,1,0,0,0,1,0,1,0,0,1,0,0,1,0,0,1,0,0,1,good
12,1484,2,1,25,1,1,1,0,0,0,0,0,0,1,0,0,0,0,0,0,0,1,0,0,0,0,0,0,0,1,1,0,0,0,0,0,0,1,0,0,0,1,0,0,0,1,0,1,0,0,1,0,0,1,0,0,0,1,0,1,bad
6,660,2,4,23,1,1,0,0,0,1,0,0,0,1,0,0,0,0,0,0,0,0,1,0,0,0,1,0,0,0,0,1,0,0,0,0,0,1,0,0,0,1,0,0,0,1,0,1,0,0,0,1,0,0,0,1,1,0,0,1,good
24,1287,4,4,37,2,1,0,0,0,1,0,1,0,0,0,0,0,0,0,1,0,0,0,0,0,0,0,0,1,0,0,0,0,1,0,1,0,0,0,0,0,1,0,0,0,1,0,1,0,0,1,0,0,1,0,0,0,1,0,1,good
42,3394,4,4,65,2,1,0,1,0,0,0,1,0,0,0,0,0,0,0,0,0,0,1,0,0,0,0,1,0,0,0,0,0,0,1,0,0,0,1,1,0,0,1,0,0,0,0,1,0,0,1,0,0,0,1,0,1,0,0,1,good
12,609,4,1,26,1,1,0,0,1,0,1,0,0,0,0,1,0,0,0,0,0,0,0,0,0,0,0,1,0,0,0,0,1,0,0,1,0,0,0,0,0,1,0,0,0,1,0,1,0,0,1,0,0,0,1,0,1,0,0,1,bad
12,1884,4,4,39,1,1,0,0,0,1,0,0,0,1,0,0,0,0,0,1,0,0,0,0,0,0,0,1,0,0,0,0,0,1,0,0,0,0,1,0,0,1,1,0,0,0,0,1,0,0,1,0,1,0,0,0,0,1,0,1,good
12,1620,2,3,30,1,1,0,1,0,0,0,0,0,1,0,0,0,0,1,0,0,0,0,0,0,0,0,1,0,0,1,0,0,0,0,1,0,0,0,1,0,0,0,1,0,0,0,1,0,0,1,0,0,1,0,0,1,0,0,1,good
20,2629,2,3,29,2,1,1,0,0,0,0,0,1,0,0,0,0,0,0,0,1,0,0,0,0,0,0,1,0,0,1,0,0,0,0,0,0,0,1,0,0,1,1,0,0,0,1,0,0,0,1,0,0,1,0,0,0,1,0,1,good
12,719,4,4,41,1,2,0,0,0,1,0,0,0,1,0,0,0,1,0,0,0,0,0,0,0,0,0,1,0,0,0,0,0,1,0,0,0,0,1,0,0,1,1,0,0,0,1,0,0,0,1,0,0,0,0,1,1,0,0,1,bad
48,5096,2,3,30,1,1,1,0,0,0,0,1,0,0,0,0,0,0,1,0,0,0,0,0,0,0,0,1,0,0,1,0,0,0,0,1,0,0,0,0,0,1,1,0,0,0,0,1,0,0,1,0,1,0,0,0,0,1,0,1,bad
9,1244,4,4,41,2,1,0,0,0,1,0,1,0,0,0,0,0,1,0,0,0,0,0,0,0,0,0,0,0,1,0,0,0,1,0,1,0,0,0,0,0,1,0,1,0,0,0,1,0,0,0,1,0,0,0,1,1,0,0,1,good
36,1842,4,4,34,1,1,0,1,0,0,0,0,0,1,0,0,0,0,0,1,0,0,0,0,0,0,0,1,0,0,0,0,1,0,0,1,0,0,0,0,0,1,1,0,0,0,0,1,0,0,1,0,0,1,0,0,0,1,0,1,bad
7,2576,2,2,35,1,1,1,0,0,0,0,0,0,1,0,0,0,0,0,0,0,1,0,0,0,0,0,1,0,0,1,0,0,0,0,0,0,0,1,0,1,0,0,0,0,1,0,1,0,0,1,0,0,1,0,0,1,0,0,1,good
12,1424,3,4,55,1,1,0,0,1,0,0,0,0,1,0,0,0,0,1,0,0,0,0,0,0,0,0,0,0,1,0,0,0,1,0,1,0,0,0,0,0,1,0,0,0,1,0,1,0,0,1,0,1,0,0,0,0,1,0,1,good
15,1512,3,3,61,2,1,1,0,0,0,0,0,1,0,0,0,0,0,0,0,0,0,1,0,0,0,0,0,1,0,1,0,0,0,0,0,0,1,0,0,0,1,0,1,0,0,0,0,1,0,1,0,0,1,0,0,1,0,0,1,bad
36,11054,4,2,30,1,1,0,0,0,1,0,1,0,0,0,0,0,0,0,0,0,0,0,0,1,0,0,0,0,1,1,0,0,0,0,0,0,0,1,0,0,1,1,0,0,0,0,1,0,0,1,0,1,0,0,0,0,1,0,1,good
6,518,3,1,29,1,1,0,0,0,1,0,0,0,1,0,0,0,0,0,0,0,1,0,0,0,0,0,1,0,0,1,0,0,0,0,1,0,0,0,0,0,1,0,0,0,1,0,1,0,0,1,0,0,1,0,0,1,0,0,1,good
12,2759,2,4,34,2,1,0,0,0,1,0,0,0,0,1,0,0,0,1,0,0,0,0,0,0,0,0,1,0,0,0,0,0,1,0,0,0,0,1,0,0,1,0,1,0,0,0,1,0,0,1,0,0,1,0,0,1,0,0,1,good
24,2670,4,4,35,1,1,0,0,0,1,0,0,0,1,0,0,0,0,0,0,0,0,0,0,1,0,0,1,0,0,0,0,0,1,0,0,0,0,1,0,0,1,1,0,0,0,0,1,0,0,1,0,1,0,0,0,0,1,0,1,good
24,4817,2,3,31,1,1,0,1,0,0,0,0,0,1,0,0,0,0,0,1,0,0,0,0,0,0,0,1,0,0,0,1,0,0,0,0,0,0,1,1,0,0,0,1,0,0,0,1,0,0,1,0,0,1,0,0,0,1,0,1,bad
24,2679,4,1,29,1,1,0,0,0,1,0,0,0,1,0,0,0,0,0,0,0,0,0,0,1,0,0,1,0,0,0,0,1,0,0,1,0,0,0,0,0,1,0,0,1,0,0,1,0,0,1,0,1,0,0,0,0,1,0,1,good
11,3905,2,2,36,2,2,0,1,0,0,0,1,0,0,0,0,0,0,0,1,0,0,0,0,0,0,0,1,0,0,1,0,0,0,0,0,0,0,1,0,0,1,0,0,0,1,0,1,0,0,0,1,0,1,0,0,1,0,0,1,good
12,3386,3,4,35,1,1,0,1,0,0,0,0,0,1,0,0,0,0,0,0,0,0,0,0,1,0,0,1,0,0,0,0,0,1,0,0,0,0,1,0,0,1,0,0,1,0,0,1,0,1,0,0,0,1,0,0,0,1,0,1,bad
6,343,4,1,27,1,1,0,1,0,0,0,0,0,1,0,0,1,0,0,0,0,0,0,0,0,0,0,1,0,0,0,0,1,0,0,1,0,0,0,0,0,1,0,0,0,1,0,1,0,0,1,0,0,1,0,0,1,0,0,1,good
18,4594,3,2,32,1,1,0,0,0,1,0,0,0,1,0,0,0,0,0,0,0,1,0,0,0,0,0,1,0,0,0,0,1,0,0,0,0,0,1,0,0,1,1,0,0,0,0,1,0,0,1,0,0,1,0,0,0,1,0,1,good
36,3620,1,2,37,1,2,0,1,0,0,0,0,0,1,0,0,0,0,1,0,0,0,0,0,0,0,0,1,0,0,1,0,0,0,0,0,0,0,1,0,1,0,0,1,0,0,0,1,0,0,1,0,0,1,0,0,1,0,0,1,good
15,1721,2,3,36,1,1,0,1,0,0,0,0,0,1,0,0,0,0,0,1,0,0,0,0,0,0,0,1,0,0,0,0,1,0,0,0,0,0,1,0,0,1,0,0,0,1,0,1,0,0,1,0,0,1,0,0,1,0,0,1,good
12,3017,3,1,34,1,1,1,0,0,0,0,0,0,1,0,0,0,0,1,0,0,0,0,0,0,0,0,1,0,0,0,0,1,0,0,1,0,0,0,0,0,1,0,0,0,1,0,1,0,0,0,1,1,0,0,0,1,0,0,1,good
12,754,4,4,38,2,1,1,0,0,0,0,0,0,1,0,0,0,0,0,0,0,0,0,1,0,0,0,0,0,1,0,0,0,1,0,0,0,0,1,0,0,1,0,1,0,0,0,1,0,0,1,0,0,1,0,0,1,0,0,1,good
18,1950,4,1,34,2,1,0,0,0,1,0,0,0,1,0,1,0,0,0,0,0,0,0,0,0,0,0,1,0,0,0,1,0,0,0,0,0,0,1,0,0,1,1,0,0,0,0,0,1,0,1,0,0,1,0,0,0,1,0,1,good
24,2924,3,4,63,1,2,0,1,0,0,0,0,0,1,0,0,0,0,0,0,0,0,0,0,1,0,0,1,0,0,1,0,0,0,0,0,0,0,1,0,1,0,0,0,1,0,1,0,0,0,1,0,0,1,0,0,0,1,0,1,good
24,1659,4,2,29,1,1,0,1,0,0,0,0,1,0,0,0,0,0,0,0,0,1,0,0,0,0,0,1,0,0,0,0,1,0,0,1,0,0,0,0,0,1,1,0,0,0,0,1,0,0,0,1,0,0,0,1,0,1,0,1,bad
48,7238,3,3,32,2,2,0,0,0,1,0,0,1,0,0,0,0,0,0,0,0,1,0,0,0,0,0,0,0,1,0,0,0,1,0,0,0,0,1,0,0,1,1,0,0,0,1,0,0,0,1,0,0,1,0,0,1,0,0,1,good
33,2764,2,2,26,2,1,0,0,0,1,0,0,1,0,0,1,0,0,0,0,0,0,0,0,0,0,0,1,0,0,1,0,0,0,0,1,0,0,0,0,0,1,1,0,0,0,0,1,0,0,1,0,0,1,0,0,0,1,0,1,good
24,4679,3,3,35,2,1,0,0,0,1,0,0,1,0,0,0,0,0,0,0,0,0,0,0,1,0,0,1,0,0,0,1,0,0,0,0,0,0,1,0,0,1,1,0,0,0,0,1,0,0,1,0,0,0,0,1,0,1,0,1,good
24,3092,3,2,22,1,1,1,0,0,0,0,0,0,1,0,0,0,0,0,0,0,1,0,0,0,1,0,0,0,0,0,0,1,0,0,0,0,1,0,0,0,1,1,0,0,0,0,1,0,0,0,1,0,1,0,0,0,1,0,1,bad
6,448,4,4,23,1,1,0,1,0,0,0,0,0,1,0,0,0,1,0,0,0,0,0,0,0,0,0,1,0,0,0,0,1,0,0,1,0,0,0,0,0,1,0,1,0,0,0,1,0,0,1,0,0,1,0,0,1,0,0,1,bad
9,654,4,3,28,1,1,0,1,0,0,0,0,0,1,0,0,0,0,0,1,0,0,0,0,0,0,0,1,0,0,1,0,0,0,0,0,0,0,1,0,0,1,1,0,0,0,0,1,0,0,1,0,0,0,0,1,1,0,0,1,bad
6,1238,4,4,36,1,2,0,0,0,1,0,0,0,1,0,0,0,0,0,0,0,0,0,1,0,0,0,0,0,1,0,0,0,0,1,0,0,0,1,0,0,1,0,1,0,0,0,1,0,0,1,0,1,0,0,0,0,1,0,1,good
18,1245,4,2,33,1,1,1,0,0,0,0,1,0,0,0,0,0,0,0,0,0,1,0,0,0,0,0,1,0,0,1,0,0,0,0,0,0,1,0,0,0,1,1,0,0,0,0,1,0,0,1,0,0,1,0,0,1,0,0,1,bad
18,3114,1,4,26,1,1,0,1,0,0,0,0,0,0,1,0,0,0,1,0,0,0,0,0,0,0,0,1,0,0,0,0,1,0,0,1,0,0,0,0,0,1,0,1,0,0,0,1,0,0,0,1,0,1,0,0,1,0,0,1,bad
39,2569,4,4,24,1,1,0,0,0,1,0,0,0,1,0,0,0,0,0,0,0,0,0,0,1,0,1,0,0,0,1,0,0,0,0,0,0,0,1,0,0,1,1,0,0,0,0,1,0,0,1,0,0,1,0,0,1,0,0,1,good
24,5152,4,2,25,1,1,0,0,1,0,0,0,0,1,0,0,0,0,0,0,0,1,0,0,0,0,0,1,0,0,0,1,0,0,0,0,0,0,1,0,0,1,1,0,0,0,1,0,0,0,1,0,0,1,0,0,1,0,0,1,good
12,1037,3,4,39,1,1,1,0,0,0,0,0,0,1,0,1,0,0,0,0,0,0,0,0,0,1,0,0,0,0,0,1,0,0,0,0,0,0,1,0,0,1,0,0,0,1,0,1,0,0,1,0,0,0,0,1,1,0,0,1,good
15,1478,4,4,44,2,2,0,1,0,0,0,1,0,0,0,0,0,0,1,0,0,0,0,0,0,0,0,1,0,0,0,0,0,1,0,0,0,0,1,0,0,1,1,0,0,0,0,1,0,0,1,0,0,1,0,0,0,1,0,1,good
12,3573,1,1,23,1,1,1,0,0,0,0,1,0,0,0,0,0,0,0,0,0,1,0,0,0,0,0,1,0,0,1,0,0,0,0,1,0,0,0,0,0,1,0,0,0,1,0,1,0,0,1,0,0,0,0,1,1,0,0,1,good
24,1201,4,1,26,1,1,1,0,0,0,0,0,0,1,0,0,0,0,0,1,0,0,0,0,0,0,0,1,0,0,0,0,1,0,0,0,0,0,1,0,0,1,0,1,0,0,0,1,0,0,1,0,0,1,0,0,1,0,0,1,good
30,3622,4,4,57,2,1,0,1,0,0,0,0,0,1,0,0,0,0,1,0,0,0,0,0,0,0,0,0,1,0,0,0,0,1,0,1,0,0,0,0,0,1,0,1,0,0,0,1,0,0,0,1,0,1,0,0,0,1,0,1,good
15,960,3,2,30,2,1,0,0,0,1,0,0,1,0,0,0,0,0,1,0,0,0,0,0,0,0,0,0,1,0,0,1,0,0,0,1,0,0,0,0,0,1,0,1,0,0,0,1,0,0,1,0,0,1,0,0,1,0,0,1,good
12,1163,4,4,44,1,1,0,0,0,1,0,1,0,0,0,0,0,0,0,1,0,0,0,0,0,0,1,0,0,0,1,0,0,0,0,0,0,0,1,0,0,1,0,0,0,1,0,1,0,0,1,0,0,1,0,0,0,1,0,1,good
6,1209,4,4,47,1,1,1,0,0,0,0,0,1,0,0,0,0,0,0,1,0,0,0,0,0,0,0,1,0,0,0,0,0,0,1,0,0,0,1,0,0,1,0,1,0,0,0,1,0,0,1,0,1,0,0,0,0,1,0,1,bad
12,3077,2,4,52,1,1,0,0,0,1,0,0,0,1,0,0,0,0,0,0,0,1,0,0,0,0,0,1,0,0,1,0,0,0,0,0,0,0,1,0,0,1,1,0,0,0,0,1,0,0,1,0,0,1,0,0,0,1,0,1,good
24,3757,4,4,62,1,1,0,0,0,1,0,0,0,1,0,0,0,0,0,1,0,0,0,0,0,0,0,1,0,0,0,0,0,1,0,1,0,0,0,1,0,0,0,0,1,0,0,1,0,1,0,0,0,1,0,0,0,1,0,1,good
10,1418,3,2,35,1,1,0,0,0,1,0,0,0,1,0,0,0,0,0,1,0,0,0,0,0,1,0,0,0,0,1,0,0,0,0,0,0,0,1,0,0,1,0,0,0,1,0,1,0,0,0,1,0,0,0,1,1,0,1,0,good
6,3518,2,3,26,1,1,0,0,0,1,0,0,0,1,0,0,0,0,0,1,0,0,0,0,0,0,0,1,0,0,1,0,0,0,0,0,0,0,1,0,1,0,0,1,0,0,0,1,0,0,0,1,0,1,0,0,1,0,0,1,good
12,1934,2,2,26,2,1,0,0,0,1,0,1,0,0,0,0,0,0,0,0,0,1,0,0,0,0,0,1,0,0,0,0,0,1,0,0,0,0,1,0,0,1,0,0,1,0,0,1,0,0,1,0,0,1,0,0,1,0,0,1,good
27,8318,2,4,42,2,1,1,0,0,0,0,0,0,0,1,1,0,0,0,0,0,0,0,0,0,0,0,1,0,0,0,0,0,1,0,1,0,0,0,0,0,1,0,0,1,0,0,1,0,1,0,0,1,0,0,0,0,1,0,1,bad
6,1237,1,1,27,2,1,0,0,0,1,0,1,0,0,0,0,0,0,0,0,0,1,0,0,0,1,0,0,0,0,1,0,0,0,0,1,0,0,0,0,0,1,0,1,0,0,0,1,0,0,1,0,0,1,0,0,1,0,0,1,good
6,368,4,4,38,1,1,1,0,0,0,0,0,0,1,0,0,0,0,0,0,0,1,0,0,0,0,0,0,0,1,0,0,0,1,0,0,0,0,1,0,0,1,0,1,0,0,0,1,0,0,1,0,0,1,0,0,1,0,0,1,good
12,2122,3,2,39,2,2,0,1,0,0,0,1,0,0,0,0,0,0,0,1,0,0,0,0,0,0,0,1,0,0,1,0,0,0,0,0,0,0,1,0,0,1,0,0,0,1,0,1,0,0,0,1,0,0,0,1,1,0,1,0,good
24,2996,2,4,20,1,1,0,1,0,0,0,0,0,1,0,0,0,0,1,0,0,0,0,0,0,0,0,0,0,1,1,0,0,0,0,0,0,1,0,0,0,1,1,0,0,0,0,1,0,0,1,0,0,1,0,0,1,0,0,1,bad
36,9034,4,1,29,1,1,1,0,0,0,0,0,0,1,0,0,0,0,1,0,0,0,0,0,0,1,0,0,0,0,0,0,1,0,0,0,0,0,1,1,0,0,0,0,1,0,0,1,0,0,0,1,1,0,0,0,0,1,0,1,bad
24,1585,4,3,40,2,1,0,0,0,1,0,1,0,0,0,0,0,0,1,0,0,0,0,0,0,0,0,1,0,0,0,1,0,0,0,0,0,0,1,0,0,1,0,1,0,0,0,1,0,0,1,0,0,1,0,0,1,0,0,1,good
18,1301,4,2,32,1,1,1,0,0,0,0,0,0,1,0,0,0,0,0,0,0,1,0,0,0,0,0,1,0,0,0,0,0,1,0,0,0,1,0,0,1,0,0,0,0,1,0,1,0,0,1,0,0,0,0,1,1,0,0,1,good
6,1323,2,4,28,2,2,0,0,1,0,0,1,0,0,0,0,0,0,0,1,0,0,0,0,0,1,0,0,0,0,0,0,0,1,0,0,1,0,0,0,0,1,1,0,0,0,0,1,0,0,1,0,0,1,0,0,0,1,0,1,good
24,3123,4,1,27,1,1,0,1,0,0,0,0,0,1,0,0,0,0,0,1,0,0,0,0,0,0,0,1,0,0,0,0,1,0,0,1,0,0,0,0,0,1,0,1,0,0,0,1,0,0,1,0,0,1,0,0,1,0,0,1,bad
36,5493,2,4,42,1,2,0,1,0,0,0,0,0,1,0,0,0,0,0,0,0,0,0,0,1,0,0,1,0,0,0,0,0,1,0,0,0,0,1,0,0,1,0,0,1,0,0,1,0,1,0,0,0,1,0,0,1,0,0,1,good
9,1126,2,4,49,1,1,0,0,1,0,0,0,0,1,0,0,0,0,0,0,0,1,0,0,0,1,0,0,0,0,0,0,0,1,0,0,1,0,0,0,0,1,0,0,0,1,0,1,0,0,1,0,0,1,0,0,1,0,0,1,good
24,1216,4,4,38,2,2,1,0,0,0,0,1,0,0,0,0,0,0,0,0,0,1,0,0,0,1,0,0,0,0,0,0,1,0,0,0,0,0,1,0,0,1,0,0,1,0,1,0,0,0,1,0,0,1,0,0,1,0,0,1,bad
24,1207,4,4,24,1,1,0,1,0,0,0,0,0,1,0,0,0,0,0,1,0,0,0,0,0,0,0,1,0,0,0,0,1,0,0,1,0,0,0,0,0,1,0,1,0,0,0,1,0,0,0,1,0,1,0,0,1,0,0,1,bad
10,1309,4,4,27,1,1,0,0,0,1,0,0,0,1,0,0,0,0,0,1,0,0,0,0,0,0,0,0,0,1,1,0,0,0,0,0,0,0,1,0,1,0,0,1,0,0,0,1,0,0,1,0,0,0,0,1,1,0,0,1,bad
15,2360,2,2,36,1,1,0,0,1,0,0,1,0,0,0,0,0,0,0,0,0,0,0,0,1,0,1,0,0,0,1,0,0,0,0,0,0,0,1,0,0,1,1,0,0,0,0,1,0,0,1,0,0,1,0,0,0,1,0,1,good
15,6850,1,2,34,1,2,1,0,0,0,1,0,0,0,0,0,0,0,0,1,0,0,0,0,0,1,0,0,0,0,0,0,0,0,1,0,0,0,1,0,0,1,0,1,0,0,0,1,0,0,1,0,1,0,0,0,0,1,0,1,bad
24,1413,4,2,28,1,1,0,0,0,1,0,0,0,1,0,0,0,0,0,0,0,1,0,0,0,0,0,1,0,0,1,0,0,0,0,0,0,1,0,0,0,1,0,1,0,0,0,1,0,0,1,0,0,1,0,0,1,0,0,1,good
39,8588,4,2,45,1,1,0,0,0,1,0,0,0,1,0,0,0,0,0,0,0,0,0,0,1,1,0,0,0,0,0,0,0,1,0,0,0,0,1,0,0,1,1,0,0,0,0,1,0,0,1,0,1,0,0,0,0,1,0,1,good
12,759,4,2,26,1,1,0,1,0,0,0,0,0,1,0,0,0,0,0,1,0,0,0,0,0,0,0,1,0,0,0,1,0,0,0,0,0,0,1,0,0,1,0,0,0,1,0,1,0,0,1,0,0,1,0,0,1,0,0,1,bad
36,4686,2,2,32,1,1,0,0,0,1,0,0,0,1,0,0,0,0,0,0,0,0,0,0,1,0,0,1,0,0,1,0,0,0,0,0,0,0,1,0,0,1,0,0,1,0,0,1,0,1,0,0,1,0,0,0,0,1,0,1,good
15,2687,2,4,26,1,1,0,0,1,0,0,0,0,1,0,1,0,0,0,0,0,0,0,0,0,0,0,1,0,0,0,1,0,0,0,0,0,0,1,0,0,1,0,1,0,0,0,1,0,0,0,1,0,1,0,0,0,1,0,1,good
12,585,4,4,20,2,1,1,0,0,0,0,0,1,0,0,0,0,0,0,0,0,1,0,0,0,0,0,1,0,0,1,0,0,0,0,0,0,1,0,1,0,0,0,0,0,1,0,1,0,0,0,1,0,1,0,0,1,0,0,1,good
24,2255,4,1,54,1,1,0,0,0,1,0,0,0,1,0,0,0,0,0,1,0,0,0,0,0,0,0,0,0,1,0,0,1,0,0,0,0,0,1,0,0,1,0,1,0,0,0,1,0,0,1,0,0,1,0,0,1,0,0,1,good
6,609,4,3,37,2,1,0,1,0,0,0,1,0,0,0,0,0,0,0,1,0,0,0,0,0,0,0,1,0,0,0,1,0,0,0,1,0,0,0,0,0,1,0,1,0,0,0,1,0,0,1,0,0,1,0,0,1,0,1,0,good
6,1361,2,4,40,1,2,0,1,0,0,0,1,0,0,0,0,0,0,0,1,0,0,0,0,0,0,0,1,0,0,0,0,1,0,0,0,0,0,1,0,0,1,0,0,0,1,0,1,0,0,1,0,0,0,0,1,1,0,1,0,good
36,7127,2,4,23,2,1,0,0,0,1,0,1,0,0,0,0,0,0,1,0,0,0,0,0,0,0,0,1,0,0,0,0,1,0,0,1,0,0,0,0,0,1,0,1,0,0,0,1,0,0,0,1,0,1,0,0,0,1,0,1,bad
6,1203,3,2,43,1,1,0,1,0,0,0,0,0,1,0,0,0,0,0,1,0,0,0,0,0,1,0,0,0,0,0,0,0,1,0,0,0,0,1,0,0,1,0,1,0,0,0,1,0,0,1,0,0,1,0,0,0,1,0,1,good
6,700,4,4,36,2,1,0,0,0,1,0,1,0,0,0,0,0,0,0,0,0,1,0,0,0,0,0,0,0,1,0,0,0,1,0,0,0,0,1,0,0,1,0,0,1,0,0,1,0,1,0,0,0,1,0,0,1,0,0,1,good
24,5507,3,4,44,2,1,0,0,0,1,0,1,0,0,0,0,0,0,0,0,0,0,1,0,0,0,0,1,0,0,0,0,0,1,0,0,0,0,1,0,0,1,0,0,1,0,0,1,0,1,0,0,0,1,0,0,1,0,0,1,good
18,3190,2,2,24,1,1,0,1,0,0,0,0,0,1,0,0,0,0,0,0,0,1,0,0,0,0,0,1,0,0,1,0,0,0,0,1,0,0,0,0,0,1,0,0,0,1,0,1,0,0,1,0,0,1,0,0,1,0,0,1,bad
48,7119,3,4,53,2,2,0,1,0,0,0,0,0,0,1,0,0,0,1,0,0,0,0,0,0,0,0,1,0,0,1,0,0,0,0,0,0,0,1,0,0,1,0,0,1,0,0,1,0,1,0,0,0,1,0,0,1,0,0,1,bad
24,3488,3,4,23,1,1,0,0,0,1,0,0,0,1,0,0,0,0,0,0,0,0,0,0,1,1,0,0,0,0,0,1,0,0,0,1,0,0,0,0,0,1,1,0,0,0,0,1,0,0,1,0,0,1,0,0,1,0,0,1,good
18,1113,4,4,26,1,2,1,0,0,0,0,0,0,1,0,0,0,0,0,0,0,1,0,0,0,0,0,1,0,0,1,0,0,0,0,1,0,0,0,0,1,0,0,0,0,1,0,1,0,0,1,0,0,0,0,1,1,0,0,1,good
26,7966,2,3,30,2,1,1,0,0,0,0,0,0,1,0,0,0,0,0,0,0,0,0,0,1,0,0,1,0,0,0,0,1,0,0,0,0,0,1,0,0,1,1,0,0,0,0,1,0,0,1,0,0,1,0,0,1,0,0,1,good
15,1532,4,3,31,1,1,0,0,0,1,0,1,0,0,0,0,0,1,0,0,0,0,0,0,0,1,0,0,0,0,1,0,0,0,0,1,0,0,0,0,0,1,1,0,0,0,0,1,0,0,1,0,0,1,0,0,1,0,0,1,good
4,1503,2,1,42,2,2,0,0,0,1,0,1,0,0,0,0,0,0,0,0,0,1,0,0,0,0,0,1,0,0,0,1,0,0,0,0,0,0,1,0,0,1,0,0,0,1,0,1,0,0,1,0,0,0,0,1,1,0,0,1,good
36,2302,4,4,31,1,1,0,1,0,0,0,0,0,1,0,0,0,0,0,0,0,1,0,0,0,0,0,1,0,0,1,0,0,0,0,0,1,0,0,0,0,1,1,0,0,0,0,1,0,0,0,1,0,1,0,0,1,0,0,1,bad
6,662,3,4,41,1,2,0,1,0,0,0,0,0,1,0,0,0,0,0,1,0,0,0,0,0,0,0,1,0,0,0,0,1,0,0,0,0,0,1,0,0,1,0,0,0,1,0,1,0,0,1,0,0,0,0,1,0,1,0,1,good
36,2273,3,1,32,2,2,1,0,0,0,0,0,0,1,0,0,0,1,0,0,0,0,0,0,0,0,0,1,0,0,0,1,0,0,0,0,0,0,1,0,0,1,1,0,0,0,0,1,0,0,1,0,0,1,0,0,1,0,0,1,good
15,2631,2,4,28,2,1,1,0,0,0,0,0,0,1,0,0,0,0,0,1,0,0,0,0,0,1,0,0,0,0,1,0,0,0,0,1,0,0,0,0,0,1,1,0,0,0,0,1,0,0,0,1,0,1,0,0,0,1,0,1,bad
12,1503,4,4,41,1,1,0,0,0,1,0,0,1,0,0,0,0,0,0,0,0,0,0,0,1,0,0,1,0,0,1,0,0,0,0,0,0,1,0,0,0,1,0,0,0,1,0,1,0,0,0,1,0,1,0,0,1,0,0,1,good
24,1311,4,3,26,1,1,0,0,0,1,0,0,0,1,0,0,0,0,0,0,0,1,0,0,0,1,0,0,0,0,0,1,0,0,0,0,0,1,0,0,0,1,0,1,0,0,0,1,0,0,1,0,0,1,0,0,0,1,0,1,good
24,3105,4,2,25,2,1,0,0,0,1,0,0,0,1,0,0,0,0,0,0,0,1,0,0,0,0,0,0,0,1,0,0,1,0,0,0,0,0,1,0,0,1,1,0,0,0,0,1,0,0,1,0,0,1,0,0,1,0,0,1,good
21,2319,2,1,33,1,1,0,0,1,0,0,1,0,0,0,0,0,1,0,0,0,0,0,0,0,0,0,1,0,0,0,0,1,0,0,0,1,0,0,0,0,1,1,0,0,0,0,1,0,0,0,1,0,1,0,0,1,0,0,1,bad
6,1374,4,3,75,1,1,0,1,0,0,0,0,0,1,0,0,0,0,0,1,0,0,0,0,0,0,0,0,0,1,0,0,0,0,1,1,0,0,0,0,0,1,0,1,0,0,0,1,0,0,1,0,1,0,0,0,0,1,0,1,good
18,3612,3,4,37,1,1,1,0,0,0,0,1,0,0,0,0,0,0,1,0,0,0,0,0,0,0,0,1,0,0,0,0,0,1,0,1,0,0,0,0,0,1,0,1,0,0,0,1,0,0,1,0,0,1,0,0,0,1,0,1,good
48,7763,4,4,42,1,1,0,1,0,0,0,0,0,1,0,0,0,0,0,1,0,0,0,0,0,0,0,1,0,0,0,0,0,1,0,0,0,0,1,0,0,1,0,0,1,0,1,0,0,1,0,0,1,0,0,0,1,0,0,1,bad
18,3049,1,1,45,1,1,0,0,1,0,0,0,0,1,0,0,0,0,1,0,0,0,0,0,0,0,0,1,0,0,0,0,1,0,0,1,0,0,0,0,0,1,0,1,0,0,0,0,1,0,1,0,0,0,0,1,1,0,0,1,good
12,1534,1,1,23,1,1,1,0,0,0,0,0,0,1,0,0,0,0,0,0,0,1,0,0,0,0,0,1,0,0,0,0,1,0,0,0,0,1,0,0,0,1,0,0,0,1,0,1,0,0,0,1,0,1,0,0,1,0,0,1,bad
24,2032,4,4,60,2,1,0,0,0,1,0,0,1,0,0,0,0,0,0,1,0,0,0,0,0,0,0,1,0,0,0,0,0,1,0,0,0,0,1,0,0,1,0,0,1,0,0,1,0,1,0,0,0,1,0,0,0,1,0,1,good
30,6350,4,4,31,1,1,0,1,0,0,0,0,0,1,0,0,0,0,1,0,0,0,0,0,0,0,0,0,0,1,0,0,0,1,0,0,0,0,1,0,0,1,0,1,0,0,0,1,0,0,1,0,0,1,0,0,1,0,0,1,bad
18,2864,2,1,34,1,2,0,0,1,0,0,0,0,1,0,0,0,0,1,0,0,0,0,0,0,0,0,1,0,0,1,0,0,0,0,0,0,0,1,0,0,1,0,0,0,1,0,1,0,0,1,0,0,0,0,1,1,0,0,1,bad
12,1255,4,4,61,2,1,0,0,0,1,0,1,0,0,0,0,0,0,0,1,0,0,0,0,0,0,0,1,0,0,0,0,0,1,0,0,0,0,1,0,0,1,0,0,0,1,0,1,0,0,1,0,0,0,0,1,1,0,0,1,good
24,1333,4,2,43,2,2,0,1,0,0,0,0,1,0,0,0,0,0,0,1,0,0,0,0,0,0,0,1,0,0,0,0,0,0,1,0,0,0,1,0,0,1,0,0,0,1,0,1,0,1,0,0,0,1,0,0,1,0,0,1,bad
24,2022,4,4,37,1,1,0,0,0,1,0,1,0,0,0,0,0,0,0,1,0,0,0,0,0,0,0,1,0,0,1,0,0,0,0,1,0,0,0,0,0,1,1,0,0,0,0,1,0,0,1,0,0,1,0,0,0,1,0,1,good
24,1552,3,1,32,1,2,0,0,0,1,0,0,0,1,0,0,0,0,0,0,0,1,0,0,0,0,0,1,0,0,0,1,0,0,0,0,0,0,1,0,0,1,1,0,0,0,1,0,0,0,1,0,0,1,0,0,1,0,0,1,good
12,626,4,4,24,1,1,0,1,0,0,1,0,0,0,0,0,0,0,0,0,0,1,0,0,0,0,0,1,0,0,1,0,0,0,0,1,0,0,0,0,0,1,0,0,0,1,1,0,0,0,1,0,0,0,0,1,1,0,0,1,bad
48,8858,2,1,35,2,1,0,0,0,1,0,1,0,0,0,0,0,0,0,0,0,0,0,0,1,0,0,0,0,1,0,1,0,0,0,0,0,0,1,0,0,1,0,0,1,0,0,1,0,1,0,0,0,1,0,0,0,1,0,1,good
12,996,4,4,23,2,1,0,0,0,1,0,1,0,0,0,0,0,0,0,0,0,0,1,0,0,0,0,0,0,1,0,1,0,0,0,1,0,0,0,0,0,1,0,0,0,1,0,1,0,0,1,0,0,1,0,0,1,0,0,1,good
6,1750,2,4,45,1,2,0,0,0,1,1,0,0,0,0,0,0,0,0,0,0,1,0,0,0,0,1,0,0,0,0,0,0,1,0,0,0,0,1,0,0,1,0,1,0,0,1,0,0,0,1,0,0,0,0,1,1,0,0,1,good
48,6999,1,1,34,2,1,0,1,0,0,0,0,0,1,0,0,0,0,0,0,0,1,0,0,0,0,0,1,0,0,0,1,0,0,0,0,0,1,0,0,1,0,0,0,0,1,0,1,0,0,1,0,0,1,0,0,0,1,0,1,bad
12,1995,4,1,27,1,1,1,0,0,0,0,1,0,0,0,0,0,0,0,1,0,0,0,0,0,1,0,0,0,0,0,0,1,0,0,0,0,0,1,0,0,1,1,0,0,0,0,1,0,0,1,0,0,1,0,0,1,0,0,1,good
9,1199,4,4,67,2,1,1,0,0,0,0,0,0,1,0,0,0,1,0,0,0,0,0,0,0,0,0,1,0,0,0,1,0,0,0,1,0,0,0,0,0,1,0,1,0,0,0,1,0,0,1,0,1,0,0,0,0,1,0,1,good
12,1331,2,1,22,1,1,1,0,0,0,0,0,0,1,0,0,0,0,0,0,0,1,0,0,0,0,0,1,0,0,0,0,1,0,0,0,0,0,1,0,0,1,1,0,0,0,0,0,1,0,1,0,0,1,0,0,1,0,0,1,bad
18,2278,3,3,28,2,1,1,0,0,0,0,0,0,0,1,0,0,0,0,1,0,0,0,0,0,1,0,0,0,0,0,0,1,0,0,1,0,0,0,0,0,1,1,0,0,0,0,1,0,0,1,0,0,1,0,0,1,0,0,1,bad
21,5003,1,4,29,2,1,0,0,0,1,0,0,0,0,1,0,0,0,0,1,0,0,0,0,0,0,0,0,0,1,1,0,0,0,0,1,0,0,0,0,0,1,0,1,0,0,1,0,0,0,1,0,0,1,0,0,0,1,0,1,bad
24,3552,3,4,27,1,1,0,1,0,0,1,0,0,0,0,0,0,0,1,0,0,0,0,0,0,0,0,1,0,0,0,1,0,0,0,0,0,0,1,0,0,1,1,0,0,0,1,0,0,0,1,0,0,1,0,0,1,0,0,1,bad
18,1928,2,2,31,2,1,1,0,0,0,0,1,0,0,0,0,0,0,1,0,0,0,0,0,0,0,0,1,0,0,0,0,1,0,0,0,0,0,1,0,0,1,0,0,0,1,0,1,0,0,1,0,0,0,0,1,1,0,0,1,bad
24,2964,4,4,49,1,2,0,1,0,0,0,0,0,1,0,0,0,0,0,0,0,0,0,0,1,0,0,0,0,1,0,0,0,1,0,0,0,0,1,0,0,1,0,0,1,0,1,0,0,1,0,0,0,1,0,0,0,1,0,1,good
24,1546,4,4,24,1,1,0,1,0,0,1,0,0,0,0,0,0,0,0,0,0,1,0,0,0,0,0,1,0,0,0,1,0,0,0,0,0,0,1,0,1,0,1,0,0,0,1,0,0,0,0,1,0,0,0,1,1,0,0,1,bad
6,683,2,1,29,1,1,0,0,1,0,0,0,1,0,0,0,0,0,0,0,0,1,0,0,0,0,0,1,0,0,0,0,1,0,0,1,0,0,0,0,0,1,0,1,0,0,1,0,0,0,1,0,0,1,0,0,1,0,0,1,good
36,12389,1,4,37,1,1,1,0,0,0,0,0,0,1,0,0,0,0,0,1,0,0,0,0,0,0,0,0,0,1,1,0,0,0,0,0,0,0,1,0,0,1,0,0,1,0,0,1,0,1,0,0,0,1,0,0,0,1,0,1,bad
24,4712,4,2,37,2,1,1,0,0,0,0,0,1,0,0,1,0,0,0,0,0,0,0,0,0,0,0,0,0,1,1,0,0,0,0,0,0,0,1,0,0,1,0,1,0,0,1,0,0,0,1,0,1,0,0,0,0,1,0,1,good
24,1553,3,2,23,2,1,1,0,0,0,0,0,1,0,0,0,0,0,0,0,0,1,0,0,0,1,0,0,0,0,0,1,0,0,0,1,0,0,0,0,0,1,0,1,0,0,0,1,0,0,0,1,0,1,0,0,0,1,0,1,good
12,1372,2,3,36,1,1,0,1,0,0,0,0,0,1,0,0,0,0,0,1,0,0,0,0,0,0,0,1,0,0,0,1,0,0,0,0,1,0,0,0,0,1,1,0,0,0,0,1,0,0,1,0,0,1,0,0,1,0,0,1,bad
24,2578,2,2,34,1,1,0,0,0,1,0,1,0,0,0,0,0,0,0,0,0,1,0,0,0,0,0,0,1,0,0,0,0,1,0,0,0,0,1,0,0,1,1,0,0,0,0,1,0,0,1,0,0,1,0,0,1,0,0,1,good
48,3979,4,1,41,2,2,1,0,0,0,0,0,0,1,0,0,0,0,0,0,0,1,0,0,0,0,0,0,0,1,0,1,0,0,0,0,0,0,1,0,0,1,1,0,0,0,0,1,0,0,1,0,0,1,0,0,0,1,0,1,good
48,6758,3,2,31,1,1,0,1,0,0,0,0,0,1,0,0,0,0,0,0,0,1,0,0,0,0,0,1,0,0,1,0,0,0,0,1,0,0,0,0,0,1,1,0,0,0,0,1,0,0,1,0,0,1,0,0,0,1,0,1,bad
24,3234,4,4,23,1,1,0,1,0,0,0,0,0,1,0,0,0,0,1,0,0,0,0,0,0,0,0,1,0,0,0,0,1,0,0,1,0,0,0,0,0,1,0,0,0,1,0,1,0,0,0,1,0,0,0,1,0,1,0,1,bad
30,5954,3,2,38,1,1,0,0,0,1,0,1,0,0,0,0,0,0,0,0,0,1,0,0,0,0,0,1,0,0,0,1,0,0,0,0,0,0,1,1,0,0,1,0,0,0,0,1,0,0,1,0,0,1,0,0,1,0,0,1,good
24,5433,2,4,26,1,1,0,0,0,1,0,0,0,1,0,0,0,0,0,0,0,0,0,0,1,0,0,0,0,1,0,0,0,0,1,1,0,0,0,0,0,1,0,1,0,0,0,1,0,0,0,1,1,0,0,0,0,1,0,1,good
15,806,4,4,22,1,1,0,1,0,0,0,0,0,1,0,1,0,0,0,0,0,0,0,0,0,0,0,1,0,0,1,0,0,0,0,1,0,0,0,0,0,1,0,1,0,0,0,1,0,0,1,0,0,0,0,1,1,0,0,1,good
9,1082,4,4,27,2,1,1,0,0,0,0,0,0,1,0,0,0,0,0,0,0,1,0,0,0,0,0,1,0,0,0,0,0,1,0,0,0,0,1,0,0,1,1,0,0,0,0,1,0,0,1,0,0,0,0,1,1,0,0,1,good
15,2788,2,3,24,2,1,0,0,0,1,0,1,0,0,0,0,0,0,1,0,0,0,0,0,0,0,0,1,0,0,0,1,0,0,0,1,0,0,0,1,0,0,1,0,0,0,1,0,0,0,1,0,0,1,0,0,1,0,0,1,good
12,2930,2,1,27,1,1,1,0,0,0,0,0,0,1,0,0,0,0,0,0,0,1,0,0,0,0,0,1,0,0,0,1,0,0,0,1,0,0,0,0,0,1,0,0,0,1,0,1,0,0,1,0,0,1,0,0,1,0,0,1,good
24,1927,3,2,33,2,1,0,0,0,1,0,1,0,0,0,0,0,1,0,0,0,0,0,0,0,0,0,0,0,1,1,0,0,0,0,1,0,0,0,0,0,1,1,0,0,0,0,1,0,0,1,0,0,1,0,0,0,1,0,1,good
36,2820,4,4,27,2,1,1,0,0,0,0,1,0,0,0,0,0,0,0,1,0,0,0,0,0,0,0,1,0,0,0,0,1,0,0,0,1,0,0,0,0,1,1,0,0,0,0,1,0,0,1,0,0,1,0,0,1,0,0,1,bad
24,937,4,3,27,2,1,0,0,0,1,0,0,0,1,0,0,0,0,0,0,0,0,0,1,0,0,0,1,0,0,0,0,1,0,0,0,0,1,0,0,0,1,1,0,0,0,0,1,0,0,1,0,0,0,0,1,1,0,0,1,good
18,1056,3,3,30,2,1,1,0,0,0,0,1,0,0,0,0,0,0,0,1,0,0,0,0,0,0,0,1,0,0,0,0,0,1,0,0,0,0,1,0,1,0,0,0,0,1,1,0,0,0,1,0,0,1,0,0,1,0,0,1,bad
12,3124,1,3,49,2,2,1,0,0,0,0,1,0,0,0,0,0,0,0,1,0,0,0,0,0,0,0,1,0,0,0,0,1,0,0,0,0,0,1,0,0,1,0,0,0,1,1,0,0,0,1,0,0,0,0,1,1,0,0,1,good
9,1388,4,2,26,1,1,0,0,0,1,0,0,0,1,0,0,0,0,1,0,0,0,0,0,0,0,0,1,0,0,1,0,0,0,0,1,0,0,0,0,0,1,0,0,0,1,0,1,0,0,0,1,0,1,0,0,1,0,0,1,good
36,2384,4,1,33,1,1,1,0,0,0,0,0,0,1,0,0,0,0,0,0,0,0,1,0,0,0,0,1,0,0,0,0,1,0,0,0,0,0,1,0,0,1,0,0,1,0,0,1,0,0,0,1,0,0,0,1,1,0,0,1,bad
12,2133,4,4,52,1,1,0,0,0,1,0,0,0,1,0,0,0,0,0,1,0,0,0,0,0,0,0,0,0,1,0,0,0,1,0,1,0,0,0,0,0,1,0,0,1,0,0,1,0,1,0,0,1,0,0,0,0,1,0,1,good
18,2039,1,4,20,1,1,0,1,0,0,0,0,0,1,0,0,0,0,1,0,0,0,0,0,0,0,0,1,0,0,1,0,0,0,0,1,0,0,0,0,0,1,0,0,0,1,1,0,0,0,0,1,0,1,0,0,1,0,0,1,bad
9,2799,2,2,36,2,2,0,1,0,0,0,1,0,0,0,0,0,0,0,1,0,0,0,0,0,0,0,1,0,0,1,0,0,0,0,0,0,0,1,0,0,1,0,0,0,1,0,1,0,0,0,1,0,1,0,0,1,0,0,1,good
12,1289,4,1,21,1,1,0,1,0,0,0,0,0,1,0,0,0,0,1,0,0,0,0,0,0,0,0,1,0,0,1,0,0,0,0,0,0,0,1,0,1,0,0,1,0,0,0,1,0,0,1,0,0,0,0,1,1,0,0,1,good
18,1217,4,3,47,1,1,0,1,0,0,0,0,0,1,0,0,1,0,0,0,0,0,0,0,0,0,0,1,0,0,1,0,0,0,0,0,0,1,0,0,0,1,0,0,0,1,0,1,0,0,1,0,0,0,0,1,0,1,0,1,bad
12,2246,3,3,60,2,1,0,1,0,0,0,1,0,0,0,0,0,0,1,0,0,0,0,0,0,0,0,1,0,0,0,0,0,1,0,0,0,0,1,0,0,1,0,1,0,0,0,1,0,0,1,0,0,1,0,0,1,0,0,1,bad
12,385,4,3,58,4,1,0,1,0,0,0,1,0,0,0,0,0,0,0,0,0,1,0,0,0,0,0,1,0,0,0,1,0,0,0,1,0,0,0,0,0,1,0,0,0,1,0,1,0,0,1,0,0,0,0,1,0,1,0,1,good
24,1965,4,4,42,2,1,1,0,0,0,0,0,1,0,0,0,0,0,0,1,0,0,0,0,0,0,0,0,0,1,1,0,0,0,0,1,0,0,0,0,0,1,1,0,0,0,0,1,0,0,0,1,0,1,0,0,0,1,0,1,good
21,1572,4,4,36,1,1,0,0,0,1,0,0,0,1,0,1,0,0,0,0,0,0,0,0,0,0,0,0,1,0,0,0,0,1,0,1,0,0,0,0,0,1,0,0,0,1,1,0,0,0,1,0,0,0,0,1,1,0,0,1,good
24,2718,3,4,20,1,1,1,0,0,0,0,0,0,1,0,0,0,0,0,1,0,0,0,0,0,0,0,1,0,0,1,0,0,0,0,1,0,0,0,0,0,1,0,1,0,0,0,1,0,0,0,1,0,0,0,1,0,1,0,1,bad
24,1358,4,3,40,1,1,0,1,0,0,1,0,0,0,0,0,0,0,0,0,1,0,0,0,0,0,0,0,0,1,0,0,0,1,0,0,0,0,1,0,0,1,1,0,0,0,0,0,1,0,1,0,1,0,0,0,0,1,0,1,bad
6,931,1,1,32,1,1,1,0,0,0,1,0,0,0,0,0,0,0,0,1,0,0,0,0,0,1,0,0,0,0,0,0,1,0,0,1,0,0,0,0,0,1,0,1,0,0,0,0,1,0,1,0,0,0,0,1,1,0,0,1,bad
24,1442,4,4,23,2,1,0,1,0,0,0,0,0,1,0,0,0,0,0,1,0,0,0,0,0,0,0,1,0,0,0,1,0,0,0,1,0,0,0,0,0,1,1,0,0,0,0,1,0,0,0,1,0,1,0,0,1,0,0,1,bad
24,4241,1,4,36,3,1,1,0,0,0,0,0,0,0,1,1,0,0,0,0,0,0,0,0,0,0,0,1,0,0,1,0,0,0,0,0,0,0,1,0,0,1,0,0,0,1,0,1,0,0,1,0,0,0,0,1,0,1,0,1,bad
18,2775,2,2,31,2,1,0,0,0,1,0,1,0,0,0,0,0,0,0,1,0,0,0,0,0,0,0,1,0,0,0,1,0,0,0,0,0,0,1,0,0,1,0,1,0,0,1,0,0,0,1,0,0,1,0,0,1,0,0,1,bad
24,3863,1,2,32,1,1,0,0,0,1,0,0,1,0,0,1,0,0,0,0,0,0,0,0,0,0,0,1,0,0,1,0,0,0,0,0,0,0,1,0,0,1,0,0,1,0,0,1,0,1,0,0,0,1,0,0,1,0,0,1,good
7,2329,1,1,45,1,1,1,0,0,0,0,0,0,1,0,0,0,0,0,0,0,1,0,0,0,0,0,1,0,0,0,0,1,0,0,1,0,0,0,0,1,0,0,0,0,1,0,1,0,0,1,0,0,1,0,0,1,0,0,1,good
9,918,4,1,30,1,1,1,0,0,0,0,0,0,1,0,0,0,0,1,0,0,0,0,0,0,0,0,1,0,0,1,0,0,0,0,1,0,0,0,0,0,1,0,1,0,0,0,1,0,0,1,0,0,1,0,0,1,0,0,1,bad
24,1837,4,4,34,1,1,1,0,0,0,1,0,0,0,0,0,0,1,0,0,0,0,0,0,0,0,0,1,0,0,0,1,0,0,0,1,0,0,0,0,0,1,0,0,1,0,1,0,0,1,0,0,0,0,0,1,1,0,0,1,bad
36,3349,4,2,28,1,1,0,0,0,1,0,0,0,1,0,0,0,0,1,0,0,0,0,0,0,0,0,1,0,0,1,0,0,0,0,1,0,0,0,0,0,1,1,0,0,0,0,1,0,0,1,0,1,0,0,0,0,1,0,1,bad
10,1275,4,2,23,1,1,0,0,1,0,0,0,0,1,0,0,0,0,1,0,0,0,0,0,0,0,0,1,0,0,0,0,1,0,0,1,0,0,0,0,0,1,0,1,0,0,0,1,0,0,1,0,0,1,0,0,1,0,0,1,good
24,2828,4,4,22,1,1,0,1,0,0,1,0,0,0,0,0,0,0,1,0,0,0,0,0,0,0,1,0,0,0,1,0,0,0,0,0,0,0,1,0,0,1,0,0,0,1,0,0,1,0,1,0,0,1,0,0,0,1,0,1,good
24,4526,3,2,74,1,1,0,0,0,1,0,1,0,0,0,1,0,0,0,0,0,0,0,0,0,0,0,1,0,0,1,0,0,0,0,0,0,0,1,0,0,1,0,0,0,1,0,1,0,0,1,0,1,0,0,0,0,1,0,1,good
36,2671,4,4,50,1,1,1,0,0,0,0,0,0,1,0,0,0,0,0,0,0,1,0,0,0,1,0,0,0,0,1,0,0,0,0,1,0,0,0,1,0,0,0,0,1,0,0,1,0,1,0,0,0,1,0,0,1,0,0,1,bad
18,2051,4,1,33,1,1,0,0,0,1,0,0,0,1,0,0,0,0,0,0,0,1,0,0,0,0,0,1,0,0,0,0,1,0,0,0,0,0,1,0,0,1,0,0,0,1,0,1,0,0,1,0,0,1,0,0,1,0,0,1,good
15,1300,4,4,45,1,2,0,0,0,1,0,0,0,1,0,0,0,0,0,0,0,0,0,0,1,0,0,0,0,1,0,0,0,1,0,0,0,0,1,0,0,1,0,0,1,0,1,0,0,1,0,0,0,1,0,0,1,0,0,1,good
12,741,4,3,22,1,1,0,1,0,0,0,0,0,1,0,0,1,0,0,0,0,0,0,0,0,1,0,0,0,0,0,0,0,0,1,1,0,0,0,0,0,1,0,1,0,0,0,1,0,0,1,0,0,1,0,0,1,0,0,1,bad
10,1240,1,4,48,1,2,0,0,1,0,0,0,0,1,0,0,0,0,0,1,0,0,0,0,0,1,0,0,0,0,0,0,0,1,0,1,0,0,0,0,0,1,0,0,1,0,0,1,0,1,0,0,0,0,0,1,1,0,0,1,bad
21,3357,4,2,29,1,1,0,1,0,0,0,0,0,1,0,0,0,0,0,0,0,1,0,0,0,0,0,0,1,0,0,0,1,0,0,1,0,0,0,0,0,1,1,0,0,0,1,0,0,0,1,0,0,1,0,0,1,0,0,1,good
24,3632,1,4,22,1,1,0,1,0,0,1,0,0,0,0,0,0,0,0,0,0,0,0,0,1,0,0,1,0,0,1,0,0,0,0,1,0,0,0,0,1,0,1,0,0,0,1,0,0,0,0,1,0,1,0,0,1,0,1,0,good
18,1808,4,1,22,1,1,0,0,0,1,0,0,1,0,0,0,0,0,1,0,0,0,0,0,0,0,0,1,0,0,0,1,0,0,0,1,0,0,0,0,0,1,0,0,0,1,0,1,0,0,1,0,0,1,0,0,1,0,0,1,bad
48,12204,2,2,48,1,1,1,0,0,0,0,0,0,0,1,1,0,0,0,0,0,0,0,0,0,0,0,0,0,1,1,0,0,0,0,0,0,0,1,0,0,1,1,0,0,0,1,0,0,0,1,0,1,0,0,0,0,1,0,1,good
60,9157,2,2,27,1,1,1,0,0,0,0,0,1,0,0,0,0,0,0,0,0,1,0,0,0,0,0,0,0,1,1,0,0,0,0,0,0,0,1,0,0,1,0,0,1,0,0,1,0,1,0,0,1,0,0,0,1,0,0,1,good
6,3676,1,3,37,3,2,0,1,0,0,0,1,0,0,0,0,0,0,0,1,0,0,0,0,0,0,0,1,0,0,1,0,0,0,0,0,0,0,1,0,0,1,0,0,0,1,0,1,0,0,0,1,0,1,0,0,1,0,0,1,good
30,3441,2,4,21,1,1,1,0,0,0,0,0,0,1,0,0,0,0,1,0,0,0,0,0,0,1,0,0,0,0,1,0,0,0,0,1,0,0,0,1,0,0,1,0,0,0,0,1,0,0,0,1,0,1,0,0,1,0,0,1,bad
12,640,4,2,49,1,1,0,0,0,1,0,0,0,1,0,0,0,0,0,1,0,0,0,0,0,0,0,1,0,0,1,0,0,0,0,0,1,0,0,0,0,1,0,0,0,1,0,1,0,0,1,0,0,0,0,1,1,0,0,1,good
21,3652,2,3,27,2,1,1,0,0,0,0,1,0,0,0,1,0,0,0,0,0,0,0,0,0,0,0,1,0,0,0,1,0,0,0,0,0,0,1,0,0,1,0,1,0,0,0,1,0,0,1,0,0,1,0,0,1,0,0,1,good
18,1530,3,2,32,2,1,0,0,0,1,0,1,0,0,0,0,0,0,0,1,0,0,0,0,0,0,0,1,0,0,1,0,0,0,0,0,0,0,1,0,0,1,0,1,0,0,1,0,0,0,1,0,0,1,0,0,1,0,0,1,bad
48,3914,4,2,38,1,1,0,0,0,1,0,0,0,1,0,1,0,0,0,0,0,0,0,0,0,0,0,0,0,1,1,0,0,0,0,0,1,0,0,0,0,1,0,0,0,1,1,0,0,0,1,0,0,1,0,0,1,0,0,1,bad
12,1858,4,1,22,1,1,0,1,0,0,0,0,0,1,0,0,0,0,1,0,0,0,0,0,0,0,0,1,0,0,0,0,1,0,0,1,0,0,0,0,0,1,1,0,0,0,0,1,0,0,0,1,0,1,0,0,1,0,0,1,good
18,2600,4,4,65,2,1,0,1,0,0,0,0,0,1,0,0,0,0,0,0,0,1,0,0,0,0,0,1,0,0,1,0,0,0,0,0,0,0,1,0,0,1,0,0,1,0,0,1,0,1,0,0,0,1,0,0,1,0,0,1,bad
15,1979,4,2,35,1,1,0,0,0,1,0,0,0,1,0,0,0,0,0,0,0,1,0,0,0,0,0,0,0,1,0,0,0,1,0,0,0,0,1,0,0,1,1,0,0,0,0,1,0,0,1,0,0,1,0,0,1,0,0,1,good
6,2116,2,2,41,1,1,0,0,1,0,0,0,0,1,0,0,0,0,1,0,0,0,0,0,0,0,0,1,0,0,1,0,0,0,0,0,0,0,1,0,0,1,0,0,0,1,0,1,0,0,1,0,0,1,0,0,0,1,0,1,good
9,1437,2,3,29,1,1,1,0,0,0,1,0,0,0,0,0,0,0,0,1,0,0,0,0,0,1,0,0,0,0,0,1,0,0,0,0,0,0,1,0,0,1,0,0,1,0,0,1,0,0,1,0,0,1,0,0,1,0,0,1,bad
42,4042,4,4,36,2,1,0,0,0,1,0,1,0,0,0,0,0,0,1,0,0,0,0,0,0,0,1,0,0,0,1,0,0,0,0,0,0,0,1,0,0,1,0,0,0,1,0,1,0,0,1,0,0,1,0,0,0,1,0,1,good
9,3832,1,4,64,1,1,0,0,0,1,0,0,0,1,0,0,0,1,0,0,0,0,0,0,0,0,0,0,0,1,0,0,0,1,0,0,0,0,1,0,0,1,0,0,0,1,0,1,0,0,1,0,0,0,0,1,1,0,0,1,good
24,3660,2,4,28,1,1,0,1,0,0,0,0,0,1,0,0,0,0,0,0,0,1,0,0,0,0,0,1,0,0,1,0,0,0,0,1,0,0,0,0,0,1,1,0,0,0,0,1,0,0,1,0,0,1,0,0,1,0,0,1,good
18,1553,4,3,44,1,1,0,1,0,0,1,0,0,0,0,0,0,0,1,0,0,0,0,0,0,0,0,1,0,0,1,0,0,0,0,0,0,0,1,0,0,1,1,0,0,0,1,0,0,0,1,0,0,1,0,0,1,0,0,1,bad
15,1444,4,1,23,1,1,1,0,0,0,0,0,0,1,0,0,0,0,0,0,0,1,0,0,0,0,0,0,0,1,0,0,1,0,0,0,0,0,1,0,0,1,0,1,0,0,0,1,0,0,1,0,0,1,0,0,1,0,0,1,good
9,1980,2,2,19,2,1,0,0,0,1,0,0,0,1,0,0,0,0,1,0,0,0,0,0,0,0,0,1,0,0,0,0,1,0,0,1,0,0,0,1,0,0,1,0,0,0,0,1,0,0,0,1,0,1,0,0,1,0,0,1,bad
24,1355,3,4,25,1,1,1,0,0,0,0,0,0,1,0,0,0,0,0,1,0,0,0,0,0,0,0,1,0,0,0,0,1,0,0,1,0,0,0,0,0,1,1,0,0,0,0,1,0,0,1,0,0,0,0,1,0,1,0,1,bad
12,1393,4,4,47,3,2,0,0,0,1,0,0,0,1,0,0,0,1,0,0,0,0,0,0,0,0,0,1,0,0,0,0,0,1,0,0,0,0,1,0,0,1,0,1,0,0,1,0,0,0,1,0,0,1,0,0,0,1,0,1,good
24,1376,4,1,28,1,1,0,0,0,1,0,0,0,1,0,0,0,0,0,0,0,1,0,0,0,0,1,0,0,0,0,1,0,0,0,1,0,0,0,0,0,1,1,0,0,0,0,1,0,0,1,0,0,1,0,0,1,0,0,1,good
60,15653,2,4,21,2,1,0,0,0,1,0,0,1,0,0,0,0,0,0,0,0,1,0,0,0,0,0,1,0,0,0,1,0,0,0,0,0,0,1,0,0,1,1,0,0,0,0,1,0,0,1,0,0,1,0,0,0,1,0,1,good
12,1493,4,3,34,1,2,0,0,0,1,0,0,0,1,0,0,0,0,0,0,0,1,0,0,0,0,0,1,0,0,0,0,1,0,0,1,0,0,0,0,0,1,1,0,0,0,0,1,0,0,1,0,0,1,0,0,1,0,0,1,good
42,4370,3,2,26,2,2,0,1,0,0,0,0,1,0,0,0,0,0,0,0,0,1,0,0,0,0,0,1,0,0,0,1,0,0,0,0,0,0,1,0,0,1,0,1,0,0,1,0,0,0,1,0,0,1,0,0,0,1,0,1,bad
18,750,4,1,27,1,1,0,1,0,0,0,0,0,1,0,0,0,1,0,0,0,0,0,0,0,0,0,1,0,0,0,0,0,0,1,1,0,0,0,0,0,1,0,0,0,1,0,1,0,0,1,0,0,0,1,0,1,0,0,1,bad
15,1308,4,4,38,2,1,1,0,0,0,0,0,0,1,0,0,0,0,0,0,0,0,1,0,0,0,0,1,0,0,0,0,0,1,0,0,0,0,1,0,0,1,1,0,0,0,0,1,0,0,1,0,0,0,0,1,1,0,0,1,good
15,4623,3,2,40,1,1,0,0,0,1,0,0,0,1,0,0,0,1,0,0,0,0,0,0,0,1,0,0,0,0,1,0,0,0,0,0,0,0,1,0,0,1,0,1,0,0,0,1,0,0,1,0,1,0,0,0,0,1,0,1,bad
24,1851,4,2,33,2,1,0,0,0,1,0,1,0,0,0,0,0,0,0,0,0,1,0,0,0,0,0,1,0,0,0,1,0,0,0,0,0,1,0,0,1,0,1,0,0,0,0,1,0,0,1,0,0,1,0,0,0,1,0,1,good
18,1880,4,1,32,2,1,0,1,0,0,0,1,0,0,0,0,0,0,0,0,0,1,0,0,0,0,0,1,0,0,0,1,0,0,0,0,0,1,0,0,0,1,0,1,0,0,0,1,0,0,1,0,1,0,0,0,0,1,0,1,good
36,7980,4,4,27,2,1,0,0,0,1,0,0,1,0,0,1,0,0,0,0,0,0,0,0,0,0,0,0,0,1,0,0,1,0,0,0,0,0,1,0,0,1,1,0,0,0,0,1,0,0,0,1,0,1,0,0,0,1,0,1,bad
30,4583,2,2,32,2,1,0,1,0,0,0,0,0,0,1,0,0,0,1,0,0,0,0,0,0,0,0,1,0,0,1,0,0,0,0,0,1,0,0,0,1,0,0,0,0,1,0,1,0,0,1,0,0,1,0,0,1,0,0,1,good
12,1386,2,2,26,1,1,0,0,0,1,0,0,0,1,0,0,0,0,0,1,0,0,0,0,0,0,1,0,0,0,1,0,0,0,0,1,0,0,0,0,0,1,0,1,0,0,0,1,0,0,1,0,0,1,0,0,1,0,0,1,bad
24,947,4,3,38,1,2,0,0,1,0,0,0,0,1,0,0,0,0,0,1,0,0,0,0,0,0,0,1,0,0,0,1,0,0,0,0,0,0,1,0,0,1,0,0,1,0,1,0,0,1,0,0,0,1,0,0,1,0,0,1,bad
12,684,4,4,40,1,2,0,1,0,0,0,0,0,1,0,0,0,1,0,0,0,0,0,0,0,0,0,1,0,0,1,0,0,0,0,0,0,0,1,0,0,1,1,0,0,0,0,1,0,0,0,1,0,0,0,1,1,0,0,1,bad
48,7476,4,1,50,1,1,0,1,0,0,0,0,0,1,0,0,0,1,0,0,0,0,0,0,0,0,0,1,0,0,0,1,0,0,0,0,0,0,1,0,0,1,0,0,1,0,0,1,0,1,0,0,1,0,0,0,0,1,0,1,good
12,1922,4,2,37,1,1,1,0,0,0,0,0,0,1,0,0,0,0,1,0,0,0,0,0,0,0,0,1,0,0,1,0,0,0,0,0,0,0,1,0,0,1,0,1,0,0,0,1,0,0,1,0,0,0,0,1,1,0,0,1,bad
24,2303,4,1,45,1,1,0,1,0,0,0,0,0,1,0,0,0,0,0,1,0,0,0,0,0,0,0,1,0,0,0,0,0,1,0,0,0,0,1,1,0,0,0,0,0,1,0,1,0,0,1,0,0,1,0,0,1,0,0,1,bad
36,8086,2,4,42,4,1,1,0,0,0,0,0,1,0,0,0,0,0,0,1,0,0,0,0,0,1,0,0,0,0,0,0,0,1,0,0,0,0,1,0,0,1,1,0,0,0,0,1,0,0,1,0,1,0,0,0,0,1,0,1,bad
24,2346,4,3,35,2,1,0,0,0,1,0,1,0,0,0,0,0,0,0,0,0,0,0,0,1,0,0,1,0,0,0,1,0,0,0,0,0,0,1,0,0,1,1,0,0,0,0,1,0,0,1,0,0,1,0,0,0,1,0,1,good
14,3973,1,4,22,1,1,0,1,0,0,0,0,0,1,0,0,0,0,0,1,0,0,0,0,0,0,0,1,0,0,0,0,0,0,1,0,0,0,1,0,0,1,0,0,1,0,0,1,0,1,0,0,0,1,0,0,1,0,0,1,good
12,888,4,4,41,1,2,1,0,0,0,0,0,0,1,0,0,0,0,0,1,0,0,0,0,0,0,0,1,0,0,0,0,0,1,0,0,0,0,1,0,0,1,1,0,0,0,1,0,0,0,1,0,0,0,0,1,1,0,0,1,bad
48,10222,4,3,37,1,1,0,0,0,1,0,0,0,1,0,0,0,0,0,0,0,1,0,0,0,0,0,0,0,1,0,1,0,0,0,0,0,0,1,0,0,1,1,0,0,0,0,0,1,0,1,0,0,1,0,0,0,1,0,1,good
30,4221,2,1,28,2,1,1,0,0,0,0,0,0,0,1,1,0,0,0,0,0,0,0,0,0,0,0,1,0,0,1,0,0,0,0,1,0,0,0,0,0,1,1,0,0,0,0,1,0,0,1,0,0,1,0,0,1,0,0,1,good
18,6361,2,1,41,1,1,1,0,0,0,0,1,0,0,0,0,0,0,1,0,0,0,0,0,0,0,0,1,0,0,0,0,0,1,0,0,0,0,1,0,0,1,0,0,1,0,0,1,0,0,1,0,0,1,0,0,0,1,0,1,good
12,1297,3,4,23,1,1,0,0,1,0,0,0,0,1,0,0,0,0,0,0,0,1,0,0,0,0,0,1,0,0,1,0,0,0,0,0,0,1,0,0,0,1,0,0,0,1,0,1,0,0,0,1,0,1,0,0,1,0,0,1,good
12,900,4,2,23,1,1,0,1,0,0,0,0,0,1,0,0,0,0,0,1,0,0,0,0,0,0,0,0,0,1,1,0,0,0,0,0,0,1,0,0,0,1,1,0,0,0,0,1,0,0,1,0,0,1,0,0,1,0,0,1,bad
21,2241,4,2,50,2,1,0,0,0,1,0,0,0,1,0,0,0,0,1,0,0,0,0,0,0,0,0,1,0,0,0,0,0,1,0,0,0,0,1,0,0,1,0,0,0,1,0,1,0,0,1,0,0,1,0,0,1,0,0,1,good
6,1050,4,1,35,2,1,1,0,0,0,0,0,1,0,0,0,0,0,1,0,0,0,0,0,0,0,0,1,0,0,0,0,0,0,1,0,0,0,1,0,0,1,0,1,0,0,0,0,1,0,1,0,1,0,0,0,0,1,0,1,good
6,1047,2,4,50,1,1,0,0,1,0,0,1,0,0,0,0,0,1,0,0,0,0,0,0,0,0,0,1,0,0,1,0,0,0,0,1,0,0,0,0,0,1,0,1,0,0,0,1,0,0,1,0,0,0,0,1,1,0,0,1,good
24,6314,4,2,27,2,1,0,0,0,1,0,1,0,0,0,0,0,0,0,0,1,0,0,0,0,0,0,1,0,0,0,0,0,0,1,0,0,0,1,1,0,0,0,0,1,0,1,0,0,0,1,0,1,0,0,0,0,1,0,1,good
30,3496,4,2,34,1,2,1,0,0,0,1,0,0,0,0,0,0,0,1,0,0,0,0,0,0,0,0,0,1,0,1,0,0,0,0,0,0,0,1,0,0,1,1,0,0,0,0,0,1,0,1,0,0,1,0,0,0,1,0,1,good
48,3609,1,1,27,1,1,0,0,0,1,1,0,0,0,0,1,0,0,0,0,0,0,0,0,0,0,0,1,0,0,1,0,0,0,0,1,0,0,0,0,0,1,0,0,0,1,0,0,1,0,1,0,0,1,0,0,1,0,0,1,good
12,4843,3,4,43,2,1,0,1,0,0,0,1,0,0,0,0,0,0,0,1,0,0,0,0,0,0,0,1,0,0,0,0,0,1,0,0,0,0,1,1,0,0,0,1,0,0,0,1,0,0,0,1,0,1,0,0,0,1,0,1,bad
30,3017,4,4,47,1,1,0,0,1,0,0,1,0,0,0,0,0,0,0,0,0,1,0,0,0,0,0,1,0,0,0,0,0,1,0,0,0,0,1,0,0,1,0,1,0,0,0,1,0,0,1,0,0,1,0,0,1,0,0,1,good
24,4139,3,3,27,2,1,0,0,0,1,0,1,0,0,0,1,0,0,0,0,0,0,0,0,0,1,0,0,0,0,1,0,0,0,0,0,0,0,1,0,0,1,0,1,0,0,0,1,0,0,1,0,0,0,0,1,0,1,0,1,good
36,5742,2,2,31,2,1,0,0,0,1,0,0,0,1,0,1,0,0,0,0,0,0,0,0,0,1,0,0,0,0,0,1,0,0,0,0,0,0,1,0,0,1,1,0,0,0,0,1,0,0,1,0,0,1,0,0,0,1,0,1,good
60,10366,2,4,42,1,1,0,0,0,1,0,0,0,1,0,0,0,0,0,1,0,0,0,0,0,0,0,1,0,0,0,0,0,1,0,0,0,0,1,0,0,1,0,1,0,0,0,1,0,0,1,0,1,0,0,0,0,1,0,1,good
6,2080,1,2,24,1,1,0,0,0,1,0,1,0,0,0,0,0,0,0,1,0,0,0,0,0,0,1,0,0,0,1,0,0,0,0,0,0,1,0,0,0,1,1,0,0,0,0,1,0,0,1,0,0,1,0,0,1,0,0,1,good
21,2580,4,2,41,1,2,0,0,0,1,0,0,1,0,0,1,0,0,0,0,0,0,0,0,0,0,1,0,0,0,0,0,1,0,0,0,0,0,1,0,0,1,0,0,0,1,1,0,0,0,1,0,0,0,0,1,1,0,0,1,bad
30,4530,4,4,26,1,1,0,0,0,1,0,1,0,0,0,0,0,0,0,0,0,1,0,0,0,0,0,1,0,0,0,1,0,0,0,1,0,0,0,0,0,1,1,0,0,0,0,1,0,0,0,1,1,0,0,0,0,1,0,1,good
24,5150,4,4,33,1,1,0,0,0,1,0,1,0,0,0,0,0,0,1,0,0,0,0,0,0,0,0,1,0,0,0,0,0,1,0,0,0,0,1,0,0,1,1,0,0,0,0,1,0,0,1,0,0,1,0,0,0,1,0,1,good
72,5595,2,2,24,1,1,1,0,0,0,0,0,0,1,0,0,0,0,0,0,0,1,0,0,0,1,0,0,0,0,1,0,0,0,0,0,0,1,0,0,0,1,1,0,0,0,0,1,0,0,1,0,0,1,0,0,1,0,0,1,bad
24,2384,4,4,64,1,1,0,1,0,0,0,0,0,1,0,0,0,0,0,0,0,1,0,0,0,0,0,1,0,0,0,0,0,1,0,0,0,0,1,0,0,1,0,0,0,1,1,0,0,0,0,1,0,0,0,1,1,0,0,1,good
18,1453,3,1,26,1,1,0,0,0,1,0,0,0,1,0,0,0,0,0,0,0,1,0,0,0,0,0,1,0,0,0,0,1,0,0,1,0,0,0,0,0,1,0,0,0,1,0,1,0,0,1,0,0,1,0,0,1,0,0,1,good
6,1538,1,2,56,1,1,0,0,0,1,0,0,0,1,0,0,0,1,0,0,0,0,0,0,0,0,0,1,0,0,0,0,1,0,0,1,0,0,0,0,0,1,0,0,1,0,0,1,0,0,1,0,0,1,0,0,1,0,0,1,good
12,2279,4,4,37,1,1,0,0,0,1,0,0,0,1,0,0,0,0,0,0,0,1,0,0,0,0,0,0,0,1,1,0,0,0,0,0,0,0,1,0,0,1,0,0,1,0,0,1,0,1,0,0,0,1,0,0,0,1,0,1,good
15,1478,4,3,33,2,1,0,0,0,1,0,0,1,0,0,0,0,0,0,0,0,1,0,0,0,0,0,1,0,0,1,0,0,0,0,0,0,1,0,0,0,1,0,0,0,1,1,0,0,0,1,0,0,1,0,0,1,0,0,1,good
24,5103,3,3,47,3,1,0,0,0,1,0,1,0,0,0,0,0,0,0,0,0,1,0,0,0,0,0,1,0,0,0,0,1,0,0,0,0,1,0,0,0,1,0,0,1,0,0,1,0,1,0,0,0,1,0,0,0,1,0,1,good
36,9857,1,3,31,2,2,1,0,0,0,0,0,1,0,0,1,0,0,0,0,0,0,0,0,0,1,0,0,0,0,0,1,0,0,0,0,0,0,1,0,0,1,0,1,0,0,0,1,0,0,1,0,0,0,0,1,0,1,0,1,good
60,6527,4,4,34,1,2,0,0,0,1,0,0,0,1,0,0,0,0,0,1,0,0,0,0,0,0,0,0,0,1,1,0,0,0,0,0,0,0,1,0,0,1,0,0,1,0,0,1,0,1,0,0,0,1,0,0,0,1,0,1,good
10,1347,4,2,27,2,1,0,0,1,0,0,1,0,0,0,0,0,0,0,0,0,1,0,0,0,0,0,0,0,1,0,1,0,0,0,0,0,0,1,0,0,1,0,1,0,0,0,1,0,0,1,0,0,1,0,0,0,1,0,1,good
36,2862,4,3,30,1,1,1,0,0,0,0,0,1,0,0,0,0,0,0,1,0,0,0,0,0,1,0,0,0,0,0,0,0,1,0,0,0,0,1,0,0,1,0,0,1,0,0,1,0,1,0,0,0,1,0,0,1,0,0,1,good
9,2753,3,4,35,1,1,0,0,0,1,0,0,0,1,0,0,0,0,0,0,0,1,0,0,0,1,0,0,0,0,0,0,0,1,0,0,0,0,1,1,0,0,1,0,0,0,0,1,0,0,1,0,0,1,0,0,0,1,0,1,good
12,3651,1,3,31,1,2,0,1,0,0,0,0,0,1,0,0,0,0,0,1,0,0,0,0,0,0,0,0,1,0,1,0,0,0,0,0,0,0,1,0,0,1,0,1,0,0,0,1,0,0,1,0,0,1,0,0,1,0,0,1,good
15,975,2,3,25,2,1,0,1,0,0,0,1,0,0,0,0,0,0,1,0,0,0,0,0,0,0,0,1,0,0,1,0,0,0,0,0,1,0,0,0,0,1,0,1,0,0,0,1,0,0,1,0,0,1,0,0,1,0,0,1,good
15,2631,3,2,25,1,1,1,0,0,0,0,0,0,1,0,0,0,0,0,0,0,0,1,0,0,1,0,0,0,0,1,0,0,0,0,1,0,0,0,0,0,1,0,0,0,1,0,1,0,0,1,0,0,0,0,1,1,0,0,1,good
24,2896,2,1,29,1,1,1,0,0,0,0,0,0,1,0,0,0,0,0,0,0,1,0,0,0,1,0,0,0,0,0,0,1,0,0,0,0,0,1,0,0,1,1,0,0,0,0,1,0,0,1,0,0,1,0,0,1,0,0,1,good
6,4716,1,3,44,2,2,0,1,0,0,0,1,0,0,0,0,0,0,0,1,0,0,0,0,0,0,0,0,0,1,0,0,1,0,0,0,0,0,1,0,0,1,0,0,0,1,0,1,0,0,1,0,0,0,0,1,1,0,0,1,good
24,2284,4,2,28,1,1,0,0,0,1,0,0,0,1,0,0,0,0,0,0,0,1,0,0,0,0,0,1,0,0,0,1,0,0,0,0,0,0,1,0,0,1,1,0,0,0,0,1,0,0,1,0,0,1,0,0,0,1,0,1,good
6,1236,2,4,50,1,1,0,0,0,1,0,0,0,1,0,0,0,0,0,0,0,0,0,0,1,0,1,0,0,0,1,0,0,0,0,0,0,0,1,0,0,1,0,1,0,0,0,1,0,0,0,1,0,1,0,0,1,0,0,1,good
12,1103,4,3,29,2,1,1,0,0,0,0,0,0,1,0,0,0,0,0,0,0,1,0,0,0,0,0,1,0,0,0,1,0,0,0,0,0,0,1,0,1,0,0,0,0,1,0,1,0,0,1,0,0,1,0,0,1,0,1,0,good
12,926,1,2,38,1,1,0,0,0,1,0,1,0,0,0,0,0,0,0,1,0,0,0,0,0,0,0,1,0,0,0,0,0,0,1,1,0,0,0,0,0,1,0,1,0,0,0,1,0,0,1,0,0,0,1,0,1,0,0,1,good
18,1800,4,2,24,2,1,0,0,0,1,0,1,0,0,0,0,0,0,0,0,0,1,0,0,0,0,0,1,0,0,1,0,0,0,0,0,0,0,1,0,0,1,1,0,0,0,0,1,0,0,1,0,0,1,0,0,1,0,0,1,good
15,1905,4,4,40,1,1,0,0,1,0,0,0,0,1,0,0,0,1,0,0,0,0,0,0,0,0,0,1,0,0,0,0,0,1,0,0,0,0,1,0,0,1,1,0,0,0,0,1,0,0,0,1,1,0,0,0,0,1,0,1,good
12,1123,4,4,29,1,1,0,0,0,1,0,0,0,1,0,0,0,0,1,0,0,0,0,0,0,0,1,0,0,0,1,0,0,0,0,1,0,0,0,0,0,1,1,0,0,0,0,1,0,0,0,1,0,0,0,1,1,0,0,1,bad
48,6331,4,4,46,2,1,0,1,0,0,0,1,0,0,0,0,0,0,0,0,0,0,0,0,1,0,0,1,0,0,0,0,0,1,0,0,0,0,1,0,0,1,0,0,1,0,0,1,0,1,0,0,0,1,0,0,0,1,0,1,bad
24,1377,4,2,47,1,1,0,0,1,0,0,0,0,1,0,0,0,0,0,0,0,1,0,0,0,1,0,0,0,0,0,0,0,1,0,1,0,0,0,0,0,1,0,0,1,0,0,1,0,1,0,0,0,1,0,0,0,1,0,1,good
30,2503,4,2,41,2,1,1,0,0,0,0,0,1,0,0,1,0,0,0,0,0,0,0,0,0,1,0,0,0,0,0,0,0,1,0,0,0,0,1,0,0,1,0,1,0,0,0,0,1,0,1,0,0,1,0,0,1,0,0,1,good
27,2528,4,1,32,1,2,1,0,0,0,0,0,0,1,0,1,0,0,0,0,0,0,0,0,0,0,0,1,0,0,0,0,1,0,0,1,0,0,0,0,0,1,0,1,0,0,0,1,0,0,1,0,0,1,0,0,0,1,0,1,good
15,5324,1,4,35,1,1,0,0,0,1,0,0,0,1,0,0,0,0,0,1,0,0,0,0,0,0,1,0,0,0,0,0,0,1,0,1,0,0,0,0,0,1,0,0,1,0,0,1,0,1,0,0,0,1,0,0,1,0,0,1,good
48,6560,3,2,24,1,1,1,0,0,0,0,0,0,1,0,0,0,0,0,1,0,0,0,0,0,1,0,0,0,0,0,1,0,0,0,0,0,0,1,0,0,1,0,1,0,0,0,1,0,0,1,0,0,1,0,0,1,0,0,1,bad
12,2969,4,3,25,2,1,1,0,0,0,0,0,0,0,1,0,0,0,1,0,0,0,0,0,0,0,0,1,0,0,0,0,1,0,0,1,0,0,0,0,0,1,0,1,0,0,0,1,0,0,0,1,0,1,0,0,1,0,0,1,bad
9,1206,4,4,25,1,1,1,0,0,0,0,0,0,1,0,0,0,0,0,0,0,1,0,0,0,0,0,1,0,0,0,0,0,1,0,1,0,0,0,0,0,1,0,0,0,1,0,1,0,0,1,0,0,1,0,0,1,0,0,1,good
9,2118,2,2,37,1,2,1,0,0,0,0,0,0,1,0,0,0,0,0,0,0,1,0,0,0,0,0,1,0,0,1,0,0,0,0,0,0,0,1,0,0,1,0,0,0,1,0,1,0,0,1,0,0,0,0,1,1,0,0,1,good
18,629,4,3,32,2,1,0,0,0,1,0,1,0,0,0,0,0,0,0,0,0,1,0,0,0,0,1,0,0,0,0,0,0,1,0,0,0,0,1,0,0,1,0,1,0,0,1,0,0,0,1,0,1,0,0,0,0,1,0,1,good
6,1198,4,4,35,1,1,0,1,0,0,1,0,0,0,0,0,0,1,0,0,0,0,0,0,0,0,0,1,0,0,0,0,0,1,0,1,0,0,0,0,0,1,0,0,1,0,0,1,0,1,0,0,0,1,0,0,1,0,0,1,bad
21,2476,4,4,46,1,1,0,0,0,1,0,0,0,1,0,0,0,0,0,0,0,0,0,0,1,0,0,0,0,1,0,0,0,1,0,0,0,0,1,0,0,1,0,0,0,1,0,1,0,0,1,0,1,0,0,0,0,1,0,1,good
9,1138,4,4,25,2,1,0,1,0,0,0,1,0,0,0,0,0,0,0,0,0,1,0,0,0,0,0,1,0,0,1,0,0,0,0,0,0,0,1,0,0,1,0,0,0,1,0,1,0,0,1,0,0,0,0,1,1,0,0,1,good
60,14027,4,2,27,1,1,1,0,0,0,0,0,0,1,0,0,0,0,0,1,0,0,0,0,0,0,0,1,0,0,0,1,0,0,0,0,0,0,1,0,0,1,0,0,1,0,0,1,0,0,1,0,1,0,0,0,0,1,0,1,bad
30,7596,1,4,63,2,1,0,0,0,1,0,1,0,0,0,0,0,0,0,0,0,0,0,0,1,0,0,0,0,1,0,0,0,1,0,0,0,0,1,0,0,1,1,0,0,0,0,1,0,0,1,0,0,1,0,0,1,0,0,1,good
30,3077,3,2,40,2,2,0,0,0,1,0,1,0,0,0,0,0,0,0,0,0,1,0,0,0,0,0,0,0,1,0,0,0,1,0,0,0,0,1,0,0,1,1,0,0,0,0,1,0,0,1,0,0,1,0,0,0,1,0,1,good
18,1505,4,2,32,1,1,0,0,0,1,0,0,0,1,0,0,0,0,0,0,0,1,0,0,0,0,0,1,0,0,1,0,0,0,0,0,0,0,1,0,0,1,0,0,1,0,0,1,0,1,0,0,1,0,0,0,0,1,0,1,good
24,3148,3,2,31,2,1,0,0,1,0,0,1,0,0,0,0,0,0,0,0,0,1,0,0,0,0,0,0,0,1,1,0,0,0,0,0,0,0,1,0,0,1,1,0,0,0,0,1,0,0,1,0,0,1,0,0,0,1,0,1,good
20,6148,3,4,31,2,1,1,0,0,0,0,0,0,0,1,0,0,0,0,0,0,0,0,0,1,1,0,0,0,0,0,0,0,1,0,0,0,1,0,0,0,1,1,0,0,0,1,0,0,0,1,0,0,1,0,0,0,1,0,1,good
9,1337,4,2,34,2,1,0,0,1,0,0,0,0,0,1,0,0,0,0,0,0,1,0,0,0,0,0,1,0,0,0,0,1,0,0,0,0,0,1,0,0,1,1,0,0,0,0,1,0,0,1,0,1,0,0,0,0,1,0,1,bad
6,433,4,2,24,1,2,1,0,0,0,1,0,0,0,0,0,0,1,0,0,0,0,0,0,0,0,0,0,1,0,0,0,1,0,0,1,0,0,0,0,0,1,0,1,0,0,1,0,0,0,0,1,0,1,0,0,1,0,0,1,bad
12,1228,4,2,24,1,1,0,1,0,0,0,0,0,1,0,0,0,0,0,1,0,0,0,0,0,0,0,1,0,0,1,0,0,0,0,1,0,0,0,0,0,1,0,0,0,1,0,1,0,0,1,0,0,0,0,1,1,0,0,1,bad
9,790,4,3,66,1,1,1,0,0,0,0,0,0,1,0,0,0,0,0,0,0,1,0,0,0,0,1,0,0,0,1,0,0,0,0,1,0,0,0,0,0,1,0,0,0,1,0,1,0,0,1,0,0,0,0,1,1,0,0,1,good
27,2570,3,3,21,1,1,0,0,0,1,0,0,0,1,0,0,0,0,0,1,0,0,0,0,0,0,0,1,0,0,1,0,0,0,0,1,0,0,0,0,0,1,0,0,0,1,0,1,0,0,0,1,0,1,0,0,1,0,0,1,bad
6,250,2,2,41,2,1,0,0,0,1,0,1,0,0,0,0,0,0,0,1,0,0,0,0,0,0,0,0,1,0,1,0,0,0,0,1,0,0,0,0,0,1,0,0,0,1,1,0,0,0,1,0,0,0,0,1,1,0,0,1,good
15,1316,2,2,47,2,1,0,0,0,1,0,1,0,0,0,0,0,0,0,0,0,1,0,0,0,0,1,0,0,0,1,0,0,0,0,0,0,1,0,0,0,1,0,1,0,0,0,1,0,0,1,0,0,0,0,1,1,0,0,1,good
18,1882,4,4,25,2,1,0,1,0,0,0,0,0,1,0,0,0,0,0,0,0,1,0,0,0,0,0,1,0,0,1,0,0,0,0,1,0,0,0,0,0,1,1,0,0,0,1,0,0,0,0,1,0,1,0,0,1,0,0,1,bad
48,6416,4,3,59,1,1,1,0,0,0,1,0,0,0,0,1,0,0,0,0,0,0,0,0,0,0,0,1,0,0,0,0,0,1,0,1,0,0,0,0,0,1,0,0,1,0,0,1,0,0,0,1,0,1,0,0,1,0,0,1,bad
24,1275,2,4,36,2,1,0,0,1,0,0,1,0,0,0,1,0,0,0,0,0,0,0,0,0,0,0,0,1,0,1,0,0,0,0,0,1,0,0,0,0,1,0,0,0,1,0,1,0,0,1,0,0,1,0,0,0,1,0,1,good
24,6403,1,2,33,1,1,1,0,0,0,0,0,1,0,0,0,0,0,0,0,0,1,0,0,0,0,0,1,0,0,0,0,1,0,0,0,0,0,1,0,0,1,1,0,0,0,0,1,0,0,1,0,0,1,0,0,1,0,0,1,good
24,1987,2,4,21,1,2,0,1,0,0,0,0,0,1,0,0,0,0,0,0,0,1,0,0,0,0,0,1,0,0,1,0,0,0,0,0,0,0,1,0,0,1,0,0,0,1,0,1,0,0,0,1,0,0,0,1,1,0,0,1,bad
8,760,4,2,44,1,1,1,0,0,0,0,0,0,1,0,0,0,0,0,0,0,1,0,0,0,0,0,1,0,0,0,1,0,0,0,1,0,0,0,0,1,0,0,0,0,1,0,1,0,0,1,0,0,0,0,1,1,0,0,1,good
24,2603,2,4,28,1,1,0,0,0,1,0,0,0,1,0,0,0,0,0,0,0,0,0,0,1,0,0,0,1,0,1,0,0,0,0,1,0,0,0,0,0,1,1,0,0,0,0,1,0,0,0,1,0,1,0,0,0,1,0,1,good
4,3380,1,1,37,1,2,0,0,0,1,0,1,0,0,0,0,0,0,0,1,0,0,0,0,0,0,0,1,0,0,0,1,0,0,0,1,0,0,0,0,0,1,0,0,0,1,0,1,0,0,1,0,0,1,0,0,1,0,0,1,good
36,3990,3,2,29,1,1,1,0,0,0,1,0,0,0,0,0,1,0,0,0,0,0,0,0,0,0,0,0,0,1,0,0,1,0,0,1,0,0,0,0,0,1,0,0,1,0,1,0,0,0,1,0,0,0,1,0,1,0,0,1,good
24,11560,1,4,23,2,1,1,0,0,0,0,0,0,1,0,0,0,0,0,0,0,0,0,0,1,0,0,1,0,0,1,0,0,0,0,1,0,0,0,0,0,1,1,0,0,0,0,1,0,0,0,1,1,0,0,0,1,0,0,1,bad
18,4380,3,4,35,1,2,0,1,0,0,0,0,0,1,0,0,0,0,0,1,0,0,0,0,0,1,0,0,0,0,1,0,0,0,0,0,0,0,1,0,0,1,1,0,0,0,0,1,0,0,1,0,0,0,0,1,0,1,0,1,good
6,6761,1,3,45,2,2,0,0,0,1,0,1,0,0,0,0,0,0,0,1,0,0,0,0,0,0,0,1,0,0,0,1,0,0,0,0,0,0,1,0,0,1,0,0,1,0,0,1,0,0,1,0,1,0,0,0,0,1,0,1,good
30,4280,4,4,26,2,1,1,0,0,0,0,0,0,0,1,1,0,0,0,0,0,0,0,0,0,1,0,0,0,0,1,0,0,0,0,1,0,0,0,0,0,1,1,0,0,0,0,1,0,0,0,1,0,0,0,1,1,0,0,1,bad
24,2325,2,3,32,1,1,0,1,0,0,1,0,0,0,0,0,0,0,0,1,0,0,0,0,0,1,0,0,0,0,0,1,0,0,0,0,0,0,1,0,0,1,1,0,0,0,1,0,0,0,1,0,0,1,0,0,1,0,0,1,good
10,1048,4,4,23,1,1,1,0,0,0,1,0,0,0,0,0,0,0,0,0,0,1,0,0,0,0,0,1,0,0,1,0,0,0,0,0,0,0,1,0,0,1,0,0,0,1,0,0,1,0,1,0,0,0,0,1,1,0,0,1,good
21,3160,4,3,41,1,1,0,0,0,1,0,0,0,1,0,0,0,0,0,0,0,1,0,0,0,0,0,0,0,1,0,0,0,1,0,0,0,0,1,0,0,1,0,1,0,0,0,1,0,0,1,0,0,1,0,0,0,1,0,1,good
24,2483,4,4,22,1,1,0,1,0,0,1,0,0,0,0,0,0,0,1,0,0,0,0,0,0,0,1,0,0,0,1,0,0,0,0,0,0,0,1,0,0,1,0,0,0,1,0,0,1,0,1,0,0,1,0,0,0,1,0,1,good
39,14179,4,4,30,2,1,0,1,0,0,0,1,0,0,0,0,0,0,1,0,0,0,0,0,0,0,0,0,0,1,0,1,0,0,0,0,0,0,1,0,0,1,0,1,0,0,0,1,0,0,1,0,1,0,0,0,0,1,0,1,good
13,1797,3,1,28,2,1,0,1,0,0,0,1,0,0,0,1,0,0,0,0,0,0,0,0,0,0,0,1,0,0,0,0,1,0,0,0,0,0,1,0,0,1,0,1,0,0,1,0,0,0,1,0,0,0,0,1,1,0,0,1,good
15,2511,1,4,23,1,1,0,1,0,0,0,0,0,1,0,0,0,0,0,1,0,0,0,0,0,0,0,1,0,0,0,0,0,0,1,1,0,0,0,0,0,1,1,0,0,0,0,1,0,0,0,1,0,1,0,0,1,0,0,1,good
12,1274,3,1,37,1,1,0,1,0,0,0,0,0,1,0,0,0,0,0,1,0,0,0,0,0,0,0,1,0,0,0,0,1,0,0,1,0,0,0,0,0,1,0,0,0,1,0,1,0,0,1,0,0,0,0,1,1,0,0,1,bad
21,5248,1,3,26,1,1,0,0,0,1,0,0,0,1,0,0,0,0,0,0,0,0,0,0,1,0,0,0,0,1,1,0,0,0,0,0,0,0,1,0,0,1,1,0,0,0,0,1,0,0,1,0,0,1,0,0,1,0,0,1,good
15,3029,2,2,33,1,1,0,0,0,1,0,0,0,1,0,0,0,0,0,0,0,0,0,0,1,0,0,1,0,0,0,1,0,0,0,0,0,0,1,0,0,1,1,0,0,0,0,1,0,0,1,0,0,1,0,0,1,0,0,1,good
6,428,2,1,49,1,1,0,1,0,0,0,0,0,1,0,0,0,0,1,0,0,0,0,0,0,0,0,1,0,0,0,0,0,1,0,1,0,0,0,0,0,1,0,1,0,0,1,0,0,0,1,0,0,1,0,0,0,1,0,1,good
18,976,1,2,23,1,1,0,1,0,0,0,0,0,1,0,0,0,0,0,1,0,0,0,0,0,0,0,1,0,0,0,0,1,0,0,1,0,0,0,0,0,1,1,0,0,0,0,1,0,0,1,0,0,0,0,1,1,0,0,1,bad
12,841,2,4,23,1,1,1,0,0,0,0,0,0,1,0,1,0,0,0,0,0,0,0,0,0,1,0,0,0,0,0,1,0,0,0,1,0,0,0,0,0,1,0,0,0,1,0,1,0,0,0,1,0,0,0,1,1,0,0,1,good
30,5771,4,2,25,2,1,0,0,0,1,0,1,0,0,0,0,0,0,0,0,0,1,0,0,0,0,0,1,0,0,0,1,0,0,0,1,0,0,0,0,0,1,1,0,0,0,0,1,0,0,1,0,0,1,0,0,1,0,0,1,good
12,1555,4,4,55,2,2,0,0,0,1,0,0,1,0,0,0,0,0,0,0,0,0,1,0,0,0,0,0,1,0,0,0,0,1,0,0,0,0,1,0,0,1,0,0,1,0,0,1,0,1,0,0,0,1,0,0,1,0,0,1,bad
24,1285,4,4,32,1,1,0,1,0,0,0,0,0,1,0,0,0,0,0,1,0,0,0,0,0,0,0,0,0,1,0,1,0,0,0,1,0,0,0,0,0,1,0,0,1,0,0,1,0,0,0,1,0,1,0,0,1,0,0,1,bad
6,1299,1,1,74,3,2,0,0,1,0,0,1,0,0,0,0,0,0,0,1,0,0,0,0,0,0,0,1,0,0,1,0,0,0,0,0,0,0,1,0,0,1,0,0,0,1,0,1,0,0,1,0,0,0,1,0,1,0,1,0,good
15,1271,3,4,39,2,1,0,0,1,0,0,1,0,0,0,0,0,0,0,0,0,1,0,0,0,0,0,0,0,1,1,0,0,0,0,0,0,0,1,0,0,1,0,0,1,0,0,1,0,1,0,0,0,1,0,0,0,1,0,1,bad
24,1393,2,2,31,1,1,0,0,0,1,0,0,0,1,0,0,0,0,0,1,0,0,0,0,0,0,0,1,0,0,1,0,0,0,0,0,0,0,1,0,1,0,0,0,0,1,0,1,0,0,1,0,0,1,0,0,0,1,0,1,good
12,691,4,3,35,2,1,0,1,0,0,0,1,0,0,0,0,0,0,0,1,0,0,0,0,0,0,0,1,0,0,0,0,0,1,0,0,0,0,1,0,0,1,0,1,0,0,0,1,0,0,1,0,0,1,0,0,1,0,0,1,bad
15,5045,1,4,59,1,1,0,0,0,1,0,1,0,0,0,0,0,0,0,1,0,0,0,0,0,0,0,0,0,1,0,0,0,1,0,1,0,0,0,0,0,1,1,0,0,0,0,1,0,0,1,0,0,1,0,0,0,1,0,1,good
18,2124,4,4,24,2,1,0,1,0,0,0,1,0,0,0,0,0,0,1,0,0,0,0,0,0,0,0,1,0,0,1,0,0,0,0,1,0,0,0,0,0,1,0,0,0,1,0,1,0,0,0,1,0,1,0,0,1,0,0,1,bad
12,2214,4,3,24,1,1,0,1,0,0,0,0,0,1,0,0,0,0,0,0,0,1,0,0,0,0,0,1,0,0,1,0,0,0,0,0,0,0,1,0,0,1,0,1,0,0,0,1,0,0,1,0,0,0,0,1,1,0,0,1,good
21,12680,4,4,30,1,1,0,0,0,1,0,1,0,0,0,0,0,0,0,1,0,0,0,0,0,0,0,0,0,1,0,0,0,1,0,0,0,0,1,0,0,1,0,0,1,0,0,1,0,1,0,0,1,0,0,0,0,1,0,1,bad
24,2463,4,3,27,2,1,0,0,0,1,0,1,0,0,0,0,0,0,0,1,0,0,0,0,0,1,0,0,0,0,0,1,0,0,0,0,0,1,0,0,0,1,0,1,0,0,0,1,0,0,1,0,0,1,0,0,0,1,0,1,good
12,1155,3,3,40,2,1,1,0,0,0,0,0,0,1,0,0,0,0,0,0,0,1,0,0,0,0,0,1,0,0,0,0,0,1,0,0,0,1,0,0,1,0,0,0,0,1,1,0,0,0,1,0,0,0,0,1,1,0,0,1,good
30,3108,2,4,31,1,1,0,1,0,0,0,0,0,1,0,0,0,0,1,0,0,0,0,0,0,0,0,1,0,0,0,0,1,0,0,0,1,0,0,0,0,1,0,1,0,0,0,1,0,0,1,0,0,0,0,1,1,0,0,1,bad
10,2901,1,4,31,1,1,0,0,0,1,0,0,0,1,0,0,0,0,0,0,0,0,0,0,1,0,0,0,0,1,0,0,1,0,0,1,0,0,0,0,0,1,0,0,0,1,0,1,0,0,0,1,0,1,0,0,1,0,0,1,good
12,3617,1,4,28,3,1,1,0,0,0,0,1,0,0,0,0,0,0,1,0,0,0,0,0,0,0,0,1,0,0,0,0,0,1,0,0,0,0,1,0,0,1,1,0,0,0,0,1,0,0,0,1,0,1,0,0,0,1,0,1,good
12,1655,2,4,63,2,1,0,0,0,1,0,1,0,0,0,0,0,0,0,0,0,1,0,0,0,0,0,1,0,0,0,0,0,1,0,0,0,0,1,0,0,1,0,0,0,1,0,1,0,0,1,0,0,0,0,1,0,1,0,1,good
24,2812,2,4,26,1,1,0,1,0,0,0,0,0,1,0,0,0,0,0,0,0,0,0,0,1,0,0,0,0,1,0,0,0,1,0,1,0,0,0,0,0,1,0,0,0,1,0,1,0,0,0,1,0,1,0,0,1,0,0,1,good
36,8065,3,2,25,2,1,0,1,0,0,0,1,0,0,0,0,0,1,0,0,0,0,0,0,0,0,0,1,0,0,1,0,0,0,0,1,0,0,0,0,0,1,0,0,1,0,0,1,0,0,1,0,1,0,0,0,0,1,0,1,bad
21,3275,1,4,36,1,1,0,0,0,1,0,1,0,0,0,0,0,0,0,0,0,0,0,0,1,0,0,1,0,0,0,0,0,1,0,0,0,0,1,0,0,1,1,0,0,0,0,1,0,0,1,0,1,0,0,0,0,1,0,1,good
24,2223,4,4,52,2,1,0,0,0,1,0,1,0,0,0,0,0,0,0,0,0,1,0,0,0,1,0,0,0,0,0,0,0,1,0,0,0,0,1,0,0,1,0,1,0,0,1,0,0,0,1,0,0,1,0,0,1,0,0,1,good
12,1480,2,4,66,3,1,0,0,1,0,0,1,0,0,0,0,0,0,0,1,0,0,0,0,0,0,1,0,0,0,0,0,0,0,1,0,0,0,1,0,0,1,0,0,1,0,1,0,0,1,0,0,0,0,1,0,1,0,0,1,good
24,1371,4,4,25,1,1,0,1,0,0,0,0,0,1,0,0,0,0,0,1,0,0,0,0,0,0,0,0,0,1,1,0,0,0,0,1,0,0,0,0,0,1,0,0,0,1,0,1,0,0,0,1,0,1,0,0,1,0,0,1,bad
36,3535,4,4,37,2,1,0,0,0,1,0,1,0,0,0,0,0,0,0,1,0,0,0,0,0,0,0,1,0,0,0,1,0,0,0,0,0,0,1,0,0,1,1,0,0,0,0,1,0,0,1,0,0,1,0,0,0,1,0,1,good
18,3509,4,1,25,1,1,0,1,0,0,0,0,0,1,0,0,0,0,0,0,0,1,0,0,0,0,0,1,0,0,0,1,0,0,0,1,0,0,0,0,1,0,0,0,0,1,0,1,0,0,1,0,0,1,0,0,1,0,0,1,good
36,5711,4,2,38,2,1,0,0,0,1,0,1,0,0,0,0,0,0,0,0,0,0,0,0,1,0,0,0,1,0,0,0,0,1,0,0,0,0,1,0,0,1,1,0,0,0,0,1,0,0,1,0,1,0,0,0,0,1,0,1,good
18,3872,2,4,67,1,1,1,0,0,0,0,0,0,1,0,0,0,0,0,0,0,0,1,0,0,0,0,1,0,0,0,0,0,0,1,1,0,0,0,0,0,1,1,0,0,0,0,1,0,0,1,0,0,1,0,0,0,1,0,1,good
39,4933,2,2,25,2,1,1,0,0,0,0,1,0,0,0,0,0,0,0,0,0,1,0,0,0,0,0,1,0,0,0,1,0,0,0,0,0,0,1,0,1,0,0,0,0,1,0,1,0,0,1,0,0,1,0,0,1,0,0,1,bad
24,1940,4,4,60,1,1,0,0,0,1,0,1,0,0,0,0,0,0,0,1,0,0,0,0,0,0,0,0,1,0,0,0,0,1,0,0,0,0,1,0,0,1,0,0,0,1,0,1,0,0,1,0,0,1,0,0,0,1,0,1,good
12,1410,2,2,31,1,1,1,0,0,0,0,0,0,0,1,0,0,0,0,0,0,0,0,1,0,0,0,1,0,0,1,0,0,0,0,0,0,0,1,0,0,1,0,0,0,1,0,1,0,0,1,0,0,0,0,1,0,1,0,1,good
12,836,4,2,23,1,1,1,0,0,0,0,0,0,1,0,0,0,0,0,1,0,0,0,0,0,1,0,0,0,0,0,0,1,0,0,1,0,0,0,0,0,1,0,1,0,0,1,0,0,0,1,0,0,0,0,1,1,0,0,1,bad
20,6468,1,4,60,1,1,1,0,0,0,0,0,0,1,0,0,0,0,0,0,0,0,0,0,1,0,0,0,0,1,0,0,0,0,1,0,1,0,0,0,0,1,0,0,0,1,0,1,0,0,1,0,1,0,0,0,0,1,0,1,good
18,1941,4,2,35,1,1,1,0,0,0,0,0,0,1,0,1,0,0,0,0,0,0,0,0,0,0,0,0,1,0,1,0,0,0,0,0,0,0,1,0,0,1,0,1,0,0,0,1,0,0,1,0,0,0,0,1,0,1,0,1,good
22,2675,3,4,40,1,1,0,0,0,1,0,0,0,1,0,0,0,0,0,0,0,1,0,0,0,0,1,0,0,0,0,0,0,1,0,0,0,0,1,0,0,1,1,0,0,0,0,1,0,0,1,0,0,1,0,0,1,0,0,1,good
48,2751,4,3,38,2,2,0,0,0,1,0,1,0,0,0,0,0,0,0,0,0,0,0,0,1,0,0,0,0,1,0,0,0,1,0,0,0,0,1,0,0,1,1,0,0,0,0,1,0,0,1,0,0,1,0,0,0,1,0,1,good
48,6224,4,4,50,1,1,1,0,0,0,0,0,1,0,0,0,0,1,0,0,0,0,0,0,0,0,0,1,0,0,0,0,0,1,0,0,0,0,1,0,0,1,0,0,1,0,0,1,0,1,0,0,0,1,0,0,1,0,0,1,bad
40,5998,4,3,27,1,1,0,1,0,0,0,1,0,0,0,0,0,1,0,0,0,0,0,0,0,0,0,1,0,0,1,0,0,0,0,0,0,0,1,0,0,1,0,0,1,0,1,0,0,0,1,0,0,1,0,0,0,1,0,1,bad
21,1188,2,4,39,1,2,1,0,0,0,0,0,0,1,0,1,0,0,0,0,0,0,0,0,0,0,0,1,0,0,0,0,0,1,0,1,0,0,0,0,0,1,0,1,0,0,0,1,0,0,1,0,0,1,0,0,1,0,0,1,bad
24,6313,3,4,41,1,2,0,0,0,1,0,0,0,1,0,0,0,0,0,0,0,0,0,0,1,0,0,0,0,1,0,0,0,1,0,0,0,0,1,0,0,1,1,0,0,0,0,1,0,0,1,0,1,0,0,0,0,1,0,1,good
6,1221,1,2,27,2,1,0,0,0,1,0,1,0,0,0,0,0,0,1,0,0,0,0,0,0,0,0,0,0,1,1,0,0,0,0,0,0,1,0,0,0,1,0,1,0,0,0,1,0,0,1,0,0,1,0,0,1,0,0,1,good
24,2892,3,4,51,1,1,0,0,1,0,0,0,0,1,0,0,0,0,1,0,0,0,0,0,0,0,0,1,0,0,0,0,0,1,0,0,1,0,0,0,0,1,0,0,1,0,0,1,0,1,0,0,0,1,0,0,1,0,0,1,good
24,3062,4,3,32,1,1,0,0,0,1,0,0,0,1,0,0,0,0,1,0,0,0,0,0,0,0,1,0,0,0,0,0,0,1,0,0,0,0,1,0,0,1,0,0,1,0,0,1,0,0,0,1,0,1,0,0,0,1,0,1,good
9,2301,2,4,22,1,1,0,0,0,1,0,0,0,1,0,0,0,0,1,0,0,0,0,0,0,1,0,0,0,0,0,0,1,0,0,1,0,0,0,0,0,1,0,1,0,0,0,1,0,0,0,1,0,1,0,0,1,0,0,1,good
18,7511,1,4,51,1,2,0,1,0,0,0,0,0,1,0,0,0,0,0,0,0,0,0,0,1,0,0,0,0,1,0,0,0,1,0,0,0,0,1,0,0,1,0,1,0,0,0,1,0,1,0,0,0,1,0,0,0,1,0,1,bad
12,1258,2,4,22,2,1,0,0,0,1,0,1,0,0,0,0,0,0,1,0,0,0,0,0,0,0,0,1,0,0,0,0,1,0,0,1,0,0,0,0,0,1,0,1,0,0,0,1,0,0,0,1,0,0,0,1,1,0,0,1,good
24,717,4,4,54,2,1,0,0,0,1,0,0,1,0,0,0,0,0,0,1,0,0,0,0,0,0,0,0,0,1,0,0,0,1,0,0,0,1,0,0,0,1,1,0,0,0,0,1,0,0,1,0,0,1,0,0,0,1,0,1,good
9,1549,4,2,35,1,1,1,0,0,0,0,0,0,1,0,0,0,0,0,1,0,0,0,0,0,0,0,0,0,1,0,0,1,0,0,0,0,0,1,0,0,1,0,0,0,1,0,1,0,0,1,0,0,0,1,0,1,0,0,1,good
24,1597,4,4,54,2,2,0,0,0,1,0,1,0,0,0,0,0,1,0,0,0,0,0,0,0,0,0,1,0,0,0,0,0,1,0,0,0,0,1,0,0,1,0,0,1,0,0,1,0,1,0,0,0,1,0,0,1,0,0,1,good
18,1795,3,4,48,2,1,1,0,0,0,0,1,0,0,0,0,0,0,0,0,0,1,0,0,0,0,0,1,0,0,0,0,0,1,0,1,0,0,0,0,1,0,0,0,0,1,1,0,0,0,0,1,0,0,0,1,0,1,0,1,good
20,4272,1,4,24,2,1,0,1,0,0,0,1,0,0,0,0,0,0,1,0,0,0,0,0,0,0,0,1,0,0,0,0,0,1,0,1,0,0,0,0,0,1,0,1,0,0,0,1,0,0,1,0,0,1,0,0,1,0,0,1,good
12,976,4,4,35,2,1,0,0,0,1,0,1,0,0,0,0,0,0,0,0,0,1,0,0,0,0,0,0,0,1,0,0,0,1,0,0,0,0,1,0,0,1,1,0,0,0,0,1,0,0,1,0,0,1,0,0,1,0,0,1,good
12,7472,1,2,24,1,1,1,0,0,0,0,0,0,1,0,0,0,0,0,1,0,0,0,0,0,0,0,0,0,1,0,0,0,0,1,1,0,0,0,0,0,1,0,0,0,1,0,1,0,0,0,1,0,0,1,0,1,0,0,1,good
36,9271,2,1,24,1,1,0,1,0,0,0,0,0,1,0,0,0,0,0,1,0,0,0,0,0,0,0,1,0,0,0,1,0,0,0,0,0,0,1,0,0,1,1,0,0,0,0,1,0,0,1,0,0,1,0,0,0,1,0,1,bad
6,590,3,3,26,1,1,1,0,0,0,0,0,0,1,0,0,0,0,0,0,0,1,0,0,0,0,0,1,0,0,0,0,1,0,0,0,0,1,0,0,0,1,0,0,0,1,0,1,0,0,1,0,0,0,0,1,1,0,1,0,good
12,930,4,4,65,4,1,0,0,0,1,0,1,0,0,0,0,0,0,0,0,0,1,0,0,0,0,0,0,0,1,0,0,0,1,0,0,0,0,1,0,0,1,0,0,0,1,0,1,0,0,1,0,0,1,0,0,1,0,0,1,good
42,9283,1,2,55,1,1,1,0,0,0,1,0,0,0,0,0,0,0,0,0,0,0,0,0,1,0,0,1,0,0,0,0,0,0,1,0,0,0,1,0,0,1,0,0,1,0,1,0,0,1,0,0,1,0,0,0,0,1,0,1,good
15,1778,2,1,26,2,1,1,0,0,0,0,0,0,0,1,0,0,0,0,1,0,0,0,0,0,0,0,1,0,0,0,0,1,0,0,1,0,0,0,0,0,1,0,0,0,1,0,1,0,0,0,1,0,0,1,0,1,0,0,1,bad
8,907,3,2,26,1,1,1,0,0,0,0,0,0,1,0,1,0,0,0,0,0,0,0,0,0,0,0,1,0,0,0,0,1,0,0,0,0,1,0,0,0,1,0,0,0,1,0,1,0,0,1,0,0,1,0,0,0,1,0,1,good
6,484,3,3,28,1,1,1,0,0,0,0,0,0,1,0,0,0,0,0,0,0,1,0,0,0,0,0,1,0,0,0,1,0,0,0,0,0,1,0,0,1,0,0,0,0,1,1,0,0,0,1,0,0,0,0,1,1,0,0,1,good
36,9629,4,4,24,2,1,0,1,0,0,0,1,0,0,0,0,0,0,0,0,0,0,0,0,1,0,0,1,0,0,0,1,0,0,0,0,0,0,1,0,0,1,1,0,0,0,0,1,0,0,1,0,0,1,0,0,0,1,0,1,bad
48,3051,3,4,54,1,1,0,1,0,0,0,0,0,1,0,0,1,0,0,0,0,0,0,0,0,0,0,1,0,0,1,0,0,0,0,0,0,0,1,0,0,1,1,0,0,0,0,1,0,0,1,0,0,1,0,0,1,0,0,1,bad
48,3931,4,4,46,1,2,0,1,0,0,0,0,0,1,0,0,0,0,0,1,0,0,0,0,0,0,0,1,0,0,0,1,0,0,0,0,0,0,1,0,0,1,0,0,1,0,0,1,0,1,0,0,0,1,0,0,1,0,0,1,bad
36,7432,2,2,54,1,1,1,0,0,0,0,0,1,0,0,0,0,0,0,1,0,0,0,0,0,0,0,1,0,0,1,0,0,0,0,1,0,0,0,0,0,1,0,1,0,0,0,1,0,0,0,1,0,1,0,0,1,0,0,1,good
6,1338,1,4,62,1,1,0,0,0,1,0,0,0,1,0,0,1,0,0,0,0,0,0,0,0,0,1,0,0,0,1,0,0,0,0,0,1,0,0,0,0,1,0,0,0,1,0,1,0,0,1,0,0,1,0,0,1,0,0,1,good
6,1554,1,2,24,2,1,0,0,0,1,0,1,0,0,0,0,0,0,0,0,0,1,0,0,0,0,0,1,0,0,0,1,0,0,0,1,0,0,0,0,0,1,1,0,0,0,0,1,0,0,0,1,0,1,0,0,0,1,0,1,good
36,15857,2,3,43,1,1,0,1,0,0,0,0,0,1,0,0,0,0,0,0,1,0,0,0,0,0,0,1,0,0,0,0,0,0,1,0,1,0,0,1,0,0,1,0,0,0,0,1,0,0,1,0,1,0,0,0,1,0,0,1,good
18,1345,4,3,26,1,1,0,1,0,0,0,0,0,1,0,0,0,0,0,0,0,1,0,0,0,0,0,1,0,0,1,0,0,0,0,0,0,1,0,0,0,1,0,0,0,1,1,0,0,0,1,0,0,1,0,0,1,0,0,1,bad
12,1101,3,2,27,2,1,0,0,0,1,0,0,0,1,0,0,0,0,0,1,0,0,0,0,0,0,0,1,0,0,1,0,0,0,0,0,0,1,0,0,0,1,0,0,0,1,0,1,0,0,1,0,0,1,0,0,0,1,0,1,good
12,3016,3,1,24,1,1,0,0,1,0,0,0,0,1,0,0,0,0,0,0,0,1,0,0,0,0,0,1,0,0,1,0,0,0,0,0,0,1,0,0,0,1,1,0,0,0,0,1,0,0,1,0,0,1,0,0,1,0,0,1,good
36,2712,2,2,41,1,2,0,1,0,0,0,0,0,1,0,0,0,0,1,0,0,0,0,0,0,0,0,1,0,0,0,0,0,1,0,0,0,0,1,0,0,1,0,1,0,0,1,0,0,0,1,0,0,1,0,0,1,0,0,1,bad
8,731,4,4,47,2,1,0,1,0,0,0,1,0,0,0,0,0,0,0,1,0,0,0,0,0,0,0,1,0,0,0,0,0,1,0,0,0,0,1,0,0,1,0,0,0,1,0,1,0,0,1,0,0,0,0,1,1,0,0,1,good
18,3780,3,2,35,2,1,0,0,0,1,0,1,0,0,0,0,0,0,1,0,0,0,0,0,0,0,0,1,0,0,0,0,1,0,0,0,1,0,0,0,0,1,1,0,0,0,0,1,0,0,1,0,1,0,0,0,0,1,0,1,good
21,1602,4,3,30,2,1,0,1,0,0,0,1,0,0,0,0,0,0,0,1,0,0,0,0,0,0,0,1,0,0,0,0,0,1,0,0,0,1,0,0,0,1,1,0,0,0,0,1,0,0,1,0,0,1,0,0,0,1,0,1,good
18,3966,1,4,33,3,1,0,1,0,0,0,1,0,0,0,0,0,0,0,1,0,0,0,0,0,0,0,1,0,0,0,0,0,1,0,1,0,0,0,0,0,1,0,0,0,1,1,0,0,0,0,1,0,1,0,0,0,1,0,1,bad
18,4165,2,2,36,2,2,0,0,0,1,0,0,0,0,1,1,0,0,0,0,0,0,0,0,0,0,0,1,0,0,1,0,0,0,0,0,0,0,1,0,0,1,1,0,0,0,0,0,1,0,1,0,0,1,0,0,1,0,0,1,bad
36,8335,3,4,47,1,1,0,1,0,0,0,0,0,1,0,0,0,0,0,0,0,0,0,0,1,0,0,0,0,1,0,0,0,1,0,0,0,0,1,0,0,1,0,0,1,0,0,1,0,1,0,0,0,1,0,0,1,0,0,1,bad
48,6681,4,4,38,1,2,1,0,0,0,0,0,1,0,0,1,0,0,0,0,0,0,0,0,0,0,0,0,0,1,1,0,0,0,0,0,0,0,1,0,0,1,0,0,1,0,0,1,0,1,0,0,0,1,0,0,0,1,0,1,good
24,2375,4,2,44,2,2,0,0,0,1,0,0,1,0,0,1,0,0,0,0,0,0,0,0,0,0,1,0,0,0,1,0,0,0,0,0,0,0,1,0,0,1,1,0,0,0,0,1,0,0,1,0,0,1,0,0,0,1,0,1,good
18,1216,4,3,23,1,1,0,1,0,0,0,0,0,1,0,0,0,0,0,1,0,0,0,0,0,0,0,1,0,0,0,0,1,0,0,1,0,0,0,0,0,1,1,0,0,0,0,1,0,0,0,1,0,1,0,0,0,1,0,1,bad
45,11816,2,4,29,2,1,0,1,0,0,0,0,0,0,1,1,0,0,0,0,0,0,0,0,0,0,0,1,0,0,0,0,0,1,0,0,0,0,1,0,0,1,1,0,0,0,0,1,0,0,0,1,0,1,0,0,1,0,0,1,bad
24,5084,2,4,42,1,1,1,0,0,0,0,0,0,1,0,0,0,0,0,0,0,1,0,0,0,0,0,0,0,1,0,0,0,1,0,1,0,0,0,0,0,1,1,0,0,0,0,1,0,0,1,0,0,1,0,0,0,1,0,1,good
15,2327,2,3,25,1,1,0,0,1,0,0,0,0,1,0,0,0,0,0,0,0,1,0,0,0,0,0,1,0,0,0,0,1,0,0,1,0,0,0,0,0,1,0,0,0,1,0,1,0,0,1,0,0,0,0,1,1,0,0,1,bad
12,1082,4,4,48,2,1,0,1,0,0,0,0,0,0,1,0,0,0,0,1,0,0,0,0,0,0,0,1,0,0,1,0,0,0,0,0,0,0,1,0,0,1,1,0,0,0,1,0,0,0,1,0,0,1,0,0,1,0,0,1,bad
12,886,4,2,21,1,1,0,0,0,1,0,0,0,1,0,0,0,0,0,0,0,1,0,0,0,0,0,0,0,1,1,0,0,0,0,1,0,0,0,0,0,1,1,0,0,0,0,1,0,0,1,0,0,1,0,0,1,0,0,1,good
4,601,1,3,23,1,2,0,0,0,1,0,0,0,1,0,0,0,0,1,0,0,0,0,0,0,0,0,1,0,0,0,0,1,0,0,1,0,0,0,0,0,1,0,0,0,1,0,1,0,0,0,1,0,0,0,1,1,0,0,1,good
24,2957,4,4,63,2,1,0,1,0,0,0,1,0,0,0,0,0,0,0,0,0,0,0,0,1,0,0,1,0,0,0,0,0,1,0,0,0,0,1,0,0,1,0,1,0,0,0,1,0,0,1,0,0,1,0,0,0,1,0,1,good
24,2611,4,3,46,2,1,0,0,0,1,0,1,0,0,0,0,0,0,0,0,0,1,0,0,0,0,0,1,0,0,0,0,0,1,0,0,0,1,0,1,0,0,0,0,0,1,0,1,0,0,1,0,0,1,0,0,1,0,0,1,good
36,5179,4,2,29,1,1,0,1,0,0,0,0,0,1,0,0,0,0,1,0,0,0,0,0,0,0,0,1,0,0,0,1,0,0,0,0,0,0,1,0,0,1,0,1,0,0,0,1,0,0,1,0,0,1,0,0,1,0,0,1,bad
21,2993,3,2,28,2,1,0,0,0,1,0,0,1,0,0,0,0,0,0,0,0,0,0,0,1,0,0,1,0,0,1,0,0,0,0,0,0,0,1,0,0,1,0,0,0,1,0,0,1,0,1,0,0,0,0,1,1,0,0,1,good
18,1943,4,4,23,1,1,0,0,0,1,0,0,0,1,0,0,0,0,0,0,0,0,1,0,0,0,0,1,0,0,0,0,1,0,0,1,0,0,0,0,0,1,0,0,0,1,0,1,0,0,1,0,0,1,0,0,1,0,0,1,bad
24,1559,4,4,50,1,1,0,0,0,1,1,0,0,0,0,1,0,0,0,0,0,0,0,0,0,0,0,1,0,0,0,1,0,0,0,0,0,0,1,0,0,1,1,0,0,0,1,0,0,0,1,0,0,1,0,0,0,1,0,1,good
18,3422,4,4,47,3,2,0,0,0,1,0,0,0,1,0,0,0,0,1,0,0,0,0,0,0,0,0,1,0,0,0,0,0,1,0,0,0,0,1,0,0,1,0,1,0,0,1,0,0,0,1,0,0,1,0,0,0,1,0,1,good
21,3976,2,3,35,1,1,1,0,0,0,0,0,0,1,0,0,0,0,1,0,0,0,0,0,0,0,0,0,0,1,0,1,0,0,0,0,0,0,1,0,0,1,1,0,0,0,0,1,0,0,1,0,0,1,0,0,0,1,0,1,good
18,6761,2,4,68,2,1,0,0,0,1,0,0,0,1,0,0,0,0,0,1,0,0,0,0,0,0,0,0,0,1,1,0,0,0,0,0,0,0,1,0,0,1,1,0,0,0,0,1,0,0,0,1,0,1,0,0,1,0,0,1,bad
24,1249,4,2,28,1,1,0,0,0,1,0,0,0,1,0,0,0,0,0,1,0,0,0,0,0,0,0,1,0,0,0,0,1,0,0,0,0,1,0,0,0,1,0,0,0,1,0,1,0,0,1,0,0,1,0,0,1,0,0,1,good
9,1364,3,4,59,1,1,0,1,0,0,0,0,0,1,0,0,0,0,0,0,0,1,0,0,0,0,0,1,0,0,0,1,0,0,0,0,0,0,1,0,0,1,0,0,0,1,0,1,0,0,1,0,0,1,0,0,1,0,0,1,good
12,709,4,4,57,1,1,0,1,0,0,0,0,0,1,0,0,0,0,0,0,0,1,0,0,0,0,0,1,0,0,0,0,0,1,0,0,0,0,1,0,0,1,0,0,0,1,0,0,1,0,1,0,0,0,0,1,1,0,0,1,bad
20,2235,4,2,33,2,1,0,1,0,0,0,1,0,0,0,0,0,0,0,1,0,0,0,0,0,0,0,1,0,0,1,0,0,0,0,0,0,1,0,0,1,0,0,1,0,0,1,0,0,0,0,1,0,1,0,0,1,0,1,0,bad
24,4042,3,4,43,2,1,0,0,0,1,0,1,0,0,0,0,0,0,0,0,0,0,0,0,1,0,0,0,0,1,0,1,0,0,0,0,0,0,1,0,0,1,0,1,0,0,0,1,0,0,1,0,0,1,0,0,0,1,0,1,good
15,1471,4,4,35,2,1,0,0,0,1,0,1,0,0,0,0,0,0,0,0,0,1,0,0,0,0,0,1,0,0,1,0,0,0,0,0,0,0,1,0,0,1,0,0,1,0,0,1,0,1,0,0,0,1,0,0,0,1,0,1,good
18,1442,4,4,32,2,2,0,1,0,0,1,0,0,0,0,0,0,0,0,1,0,0,0,0,0,0,0,1,0,0,0,1,0,0,0,0,0,0,1,0,0,1,0,0,1,0,0,1,0,1,0,0,0,0,0,1,1,0,0,1,bad
36,10875,2,2,45,2,2,0,0,0,1,0,0,1,0,0,0,0,0,0,1,0,0,0,0,0,0,0,1,0,0,0,0,0,1,0,0,0,0,1,0,0,1,1,0,0,0,0,1,0,0,1,0,0,1,0,0,0,1,0,1,good
24,1474,4,3,33,1,1,0,0,0,1,0,0,0,1,0,0,0,0,0,1,0,0,0,0,0,1,0,0,0,0,0,0,1,0,0,0,0,1,0,0,0,1,0,0,0,1,0,1,0,0,1,0,0,1,0,0,0,1,0,1,good
10,894,4,3,40,1,1,0,0,0,1,0,0,0,1,0,0,0,0,0,0,0,0,0,1,0,0,0,0,0,1,0,1,0,0,0,1,0,0,0,0,0,1,0,1,0,0,0,1,0,0,1,0,0,1,0,0,0,1,0,1,good
15,3343,4,2,28,1,1,0,0,0,1,0,1,0,0,0,0,0,0,1,0,0,0,0,0,0,0,0,1,0,0,1,0,0,0,0,0,0,0,1,0,0,1,0,0,1,0,0,1,0,1,0,0,0,1,0,0,0,1,0,1,good
15,3959,3,2,29,1,1,0,1,0,0,0,0,0,1,0,0,0,0,0,1,0,0,0,0,0,0,0,1,0,0,1,0,0,0,0,1,0,0,0,0,0,1,0,1,0,0,0,1,0,0,1,0,0,1,0,0,0,1,0,1,bad
9,3577,1,2,26,1,2,0,0,0,1,0,0,0,1,0,0,0,0,0,1,0,0,0,0,0,1,0,0,0,0,1,0,0,0,0,0,0,0,1,0,1,0,0,0,0,1,0,1,0,0,0,1,0,1,0,0,1,0,1,0,good
24,5804,4,2,27,2,1,0,0,0,1,0,1,0,0,0,0,0,0,0,0,0,0,0,0,1,0,0,0,1,0,1,0,0,0,0,0,0,0,1,0,0,1,0,0,0,1,0,1,0,0,1,0,0,1,0,0,1,0,0,1,good
18,2169,4,2,28,1,1,0,0,0,1,0,0,1,0,0,1,0,0,0,0,0,0,0,0,0,0,0,1,0,0,1,0,0,0,0,0,0,1,0,0,0,1,1,0,0,0,0,1,0,0,1,0,0,1,0,0,0,1,0,1,bad
24,2439,4,4,35,1,1,0,1,0,0,0,0,0,1,0,0,0,0,0,0,0,1,0,0,0,0,0,1,0,0,0,0,1,0,0,1,0,0,0,0,0,1,0,0,0,1,0,1,0,0,1,0,0,1,0,0,0,1,0,1,bad
27,4526,4,2,32,2,2,0,0,0,1,0,1,0,0,0,0,0,0,1,0,0,0,0,0,0,0,0,0,1,0,0,0,1,0,0,0,0,0,1,0,0,1,0,0,0,1,0,0,1,0,1,0,0,0,0,1,0,1,0,1,good
10,2210,2,2,25,1,1,0,0,0,1,0,0,0,1,0,0,0,0,1,0,0,0,0,0,0,0,0,1,0,0,1,0,0,0,0,0,0,0,1,0,0,1,0,0,0,1,1,0,0,0,0,1,0,0,0,1,1,0,0,1,bad
15,2221,2,4,20,1,1,0,0,0,1,0,0,0,1,0,0,0,0,1,0,0,0,0,0,0,0,1,0,0,0,1,0,0,0,0,1,0,0,0,0,0,1,1,0,0,0,0,1,0,0,0,1,0,1,0,0,1,0,0,1,good
18,2389,4,1,27,1,1,0,1,0,0,0,0,0,1,0,0,0,0,0,0,0,1,0,0,0,0,0,1,0,0,0,0,1,0,0,1,0,0,0,0,0,1,1,0,0,0,0,0,1,0,1,0,0,1,0,0,1,0,0,1,good
12,3331,2,4,42,1,1,0,0,0,1,0,1,0,0,0,0,0,0,1,0,0,0,0,0,0,0,0,1,0,0,0,0,0,1,0,0,0,0,1,0,0,1,0,1,0,0,0,0,1,0,1,0,0,1,0,0,1,0,0,1,good
36,7409,3,2,37,2,1,0,0,0,1,0,0,0,1,0,1,0,0,0,0,0,0,0,0,0,0,0,0,0,1,0,0,0,1,0,0,0,0,1,0,0,1,0,1,0,0,0,1,0,0,1,0,0,1,0,0,1,0,0,1,good
12,652,4,4,24,1,1,0,1,0,0,0,0,0,1,0,0,0,0,1,0,0,0,0,0,0,0,0,1,0,0,0,0,0,1,0,1,0,0,0,0,0,1,0,1,0,0,0,1,0,0,0,1,0,1,0,0,1,0,0,1,good
36,7678,2,4,40,2,1,0,0,0,1,0,0,1,0,0,0,0,0,1,0,0,0,0,0,0,0,1,0,0,0,0,1,0,0,0,1,0,0,0,0,0,1,1,0,0,0,0,1,0,0,1,0,0,1,0,0,0,1,0,1,good
6,1343,1,4,46,2,2,0,0,1,0,0,1,0,0,0,0,0,0,0,1,0,0,0,0,0,0,0,1,0,0,0,0,0,1,0,0,0,0,1,0,0,1,0,0,0,1,0,1,0,0,1,0,0,1,0,0,1,0,1,0,good
24,1382,4,1,26,2,1,0,1,0,0,0,1,0,0,0,1,0,0,0,0,0,0,0,0,0,1,0,0,0,0,0,1,0,0,0,0,0,0,1,0,0,1,0,0,0,1,0,1,0,0,1,0,0,1,0,0,0,1,0,1,good
15,874,4,1,24,1,1,0,0,0,1,0,0,0,1,0,0,1,0,0,0,0,0,0,0,0,0,0,0,0,1,0,0,1,0,0,1,0,0,0,0,0,1,0,0,0,1,0,1,0,0,1,0,0,1,0,0,1,0,0,1,good
12,3590,2,2,29,1,2,0,1,0,0,0,0,0,1,0,0,0,0,1,0,0,0,0,0,0,0,0,1,0,0,1,0,0,0,0,0,0,0,1,1,0,0,0,1,0,0,0,1,0,0,1,0,0,0,0,1,1,0,0,1,good
11,1322,4,4,40,2,1,1,0,0,0,0,1,0,0,0,0,0,0,0,1,0,0,0,0,0,0,0,0,1,0,1,0,0,0,0,1,0,0,0,0,0,1,1,0,0,0,0,1,0,0,1,0,0,1,0,0,1,0,0,1,good
18,1940,3,4,36,1,1,0,1,0,0,1,0,0,0,0,0,0,0,0,0,0,1,0,0,0,0,0,1,0,0,0,0,1,0,0,0,0,0,1,1,0,0,0,0,1,0,1,0,0,1,0,0,1,0,0,0,0,1,0,1,good
36,3595,4,2,28,1,1,0,0,0,1,0,0,0,1,0,0,0,0,0,0,0,1,0,0,0,0,0,1,0,0,0,0,0,1,0,0,0,0,1,0,0,1,1,0,0,0,0,1,0,0,1,0,0,1,0,0,1,0,0,1,good
9,1422,3,2,27,1,1,0,1,0,0,0,0,0,1,0,0,0,0,0,1,0,0,0,0,0,0,0,1,0,0,0,0,1,0,0,0,0,0,1,0,0,1,0,0,1,0,0,1,0,1,0,0,1,0,0,0,0,1,0,1,bad
30,6742,2,3,36,2,1,0,0,0,1,0,1,0,0,0,0,0,0,0,0,0,1,0,0,0,0,0,0,0,1,0,1,0,0,0,0,0,0,1,0,0,1,0,1,0,0,0,1,0,0,1,0,0,1,0,0,1,0,0,1,good
24,7814,3,3,38,1,1,0,0,0,1,0,0,0,1,0,0,0,0,0,0,0,0,0,0,1,0,0,1,0,0,0,1,0,0,0,0,0,0,1,0,0,1,1,0,0,0,0,1,0,0,1,0,1,0,0,0,0,1,0,1,good
24,9277,2,4,48,1,1,0,0,0,1,0,0,0,1,0,0,0,0,0,0,0,0,0,0,1,0,0,0,0,1,1,0,0,0,0,0,1,0,0,0,0,1,0,0,1,0,0,1,0,1,0,0,0,1,0,0,0,1,0,1,good
30,2181,4,4,36,2,1,1,0,0,0,0,1,0,0,0,0,0,0,0,1,0,0,0,0,0,0,0,0,0,1,0,0,0,1,0,0,0,0,1,0,0,1,0,0,0,1,0,1,0,0,1,0,0,1,0,0,1,0,0,1,good
18,1098,4,4,65,2,1,0,0,0,1,0,1,0,0,0,0,0,0,0,0,0,1,0,0,0,0,0,1,0,0,0,0,0,0,1,1,0,0,0,0,0,1,1,0,0,0,0,1,0,0,1,0,0,0,1,0,1,0,0,1,good
24,4057,3,3,43,1,1,1,0,0,0,0,0,0,1,0,0,0,0,1,0,0,0,0,0,0,0,0,1,0,0,0,1,0,0,0,0,1,0,0,0,0,1,1,0,0,0,0,1,0,0,1,0,0,1,0,0,0,1,0,1,bad
12,795,4,4,53,1,1,0,1,0,0,0,0,0,1,0,0,0,1,0,0,0,0,0,0,0,0,0,1,0,0,0,0,1,0,0,1,0,0,0,0,0,1,0,1,0,0,0,1,0,0,1,0,0,1,0,0,1,0,0,1,bad
24,2825,4,3,34,2,2,1,0,0,0,0,1,0,0,0,1,0,0,0,0,0,0,0,0,0,0,0,0,0,1,0,1,0,0,0,0,0,0,1,0,0,1,0,0,1,0,0,1,0,0,1,0,0,1,0,0,0,1,0,1,good
48,15672,2,2,23,1,1,1,0,0,0,0,0,0,1,0,1,0,0,0,0,0,0,0,0,0,0,0,1,0,0,1,0,0,0,0,0,0,0,1,0,0,1,1,0,0,0,0,1,0,0,1,0,0,1,0,0,0,1,0,1,bad
36,6614,4,4,34,2,1,0,0,0,1,0,1,0,0,0,0,0,0,0,1,0,0,0,0,0,0,0,1,0,0,0,0,0,1,0,0,0,0,1,0,0,1,1,0,0,0,0,1,0,0,1,0,1,0,0,0,0,1,0,1,good
28,7824,3,4,40,2,2,0,0,0,1,1,0,0,0,0,0,0,0,0,0,0,0,0,0,1,0,0,0,0,1,0,0,1,0,0,0,0,0,1,0,1,0,0,0,0,1,1,0,0,0,0,1,0,1,0,0,0,1,0,1,good
27,2442,4,4,43,4,2,0,1,0,0,0,1,0,0,0,1,0,0,0,0,0,0,0,0,0,0,0,1,0,0,0,0,0,1,0,0,0,0,1,0,0,1,1,0,0,0,0,0,1,0,1,0,1,0,0,0,0,1,0,1,good
15,1829,4,4,46,2,1,0,0,0,1,0,1,0,0,0,0,0,0,0,0,0,1,0,0,0,0,0,1,0,0,0,0,0,1,0,0,0,0,1,0,0,1,1,0,0,0,0,1,0,0,1,0,0,1,0,0,0,1,0,1,good
12,2171,4,4,38,2,1,0,1,0,0,0,1,0,0,0,0,0,0,0,1,0,0,0,0,0,0,0,1,0,0,1,0,0,0,0,0,0,0,1,0,0,1,0,1,0,0,1,0,0,0,1,0,0,0,0,1,1,0,1,0,good
36,5800,3,4,34,2,1,1,0,0,0,0,1,0,0,0,0,0,0,0,0,0,0,0,0,1,0,0,1,0,0,1,0,0,0,0,0,0,0,1,0,0,1,1,0,0,0,0,1,0,0,1,0,0,1,0,0,0,1,0,1,good
18,1169,4,3,29,2,1,0,0,0,1,0,1,0,0,0,0,0,0,0,0,0,1,0,0,0,0,0,0,0,1,1,0,0,0,0,0,0,0,1,0,0,1,0,1,0,0,0,1,0,0,1,0,0,1,0,0,0,1,0,1,good
36,8947,3,2,31,1,2,0,0,0,1,0,0,1,0,0,0,0,0,0,0,0,0,0,0,1,0,0,0,0,1,0,1,0,0,0,0,0,0,1,0,0,1,1,0,0,0,0,0,1,0,1,0,1,0,0,0,0,1,0,1,good
21,2606,4,4,28,1,1,0,1,0,0,0,0,0,1,0,0,0,0,0,0,0,1,0,0,0,0,0,1,0,0,0,0,1,0,0,1,0,0,0,0,0,1,0,1,0,0,0,1,0,0,0,1,1,0,0,0,0,1,0,1,good
12,1592,3,2,35,1,1,0,0,0,1,0,1,0,0,0,0,0,0,1,0,0,0,0,0,0,0,0,0,1,0,0,1,0,0,0,1,0,0,0,0,0,1,0,1,0,0,0,1,0,0,1,0,0,1,0,0,1,0,1,0,good
15,2186,1,4,33,1,1,0,0,0,1,0,0,0,1,0,0,0,0,1,0,0,0,0,0,0,0,0,0,0,1,0,1,0,0,0,1,0,0,0,0,0,1,0,0,0,1,1,0,0,0,0,1,0,0,0,1,1,0,0,1,good
18,4153,2,3,42,1,1,0,1,0,0,0,0,0,1,0,0,0,0,1,0,0,0,0,0,0,0,0,1,0,0,1,0,0,0,0,0,0,0,1,1,0,0,1,0,0,0,0,1,0,0,1,0,0,1,0,0,1,0,0,1,bad
16,2625,2,4,43,1,1,0,1,0,0,0,1,0,0,0,0,0,0,0,1,0,0,0,0,0,0,0,1,0,0,0,0,0,1,0,0,0,0,1,0,1,0,0,1,0,0,1,0,0,0,0,1,0,1,0,0,0,1,0,1,bad
20,3485,2,4,44,2,1,0,0,0,1,0,1,0,0,0,0,0,0,0,1,0,0,0,0,0,0,0,0,0,1,0,0,1,0,0,0,1,0,0,0,0,1,0,0,0,1,0,1,0,0,1,0,0,1,0,0,0,1,0,1,good
36,10477,2,4,42,2,1,0,0,0,1,0,1,0,0,0,0,0,0,0,0,0,0,0,0,1,0,0,0,0,1,0,0,0,1,0,0,0,0,1,0,0,1,0,0,1,0,0,1,0,1,0,0,0,1,0,0,1,0,0,1,good
15,1386,4,2,40,1,1,0,0,0,1,0,0,0,1,0,0,0,0,0,0,0,1,0,0,0,0,0,0,0,1,1,0,0,0,0,0,0,1,0,0,0,1,0,0,0,1,0,1,0,0,0,1,0,1,0,0,0,1,0,1,good
24,1278,4,1,36,1,1,0,0,0,1,0,0,0,1,0,0,0,0,0,0,0,1,0,0,0,0,0,1,0,0,0,0,0,1,0,0,0,0,1,0,0,1,0,0,0,1,0,1,0,0,1,0,1,0,0,0,0,1,0,1,good
12,1107,2,2,20,1,2,0,1,0,0,0,0,0,1,0,0,0,0,0,0,0,1,0,0,0,0,0,1,0,0,1,0,0,0,0,0,0,0,1,0,0,1,0,0,0,1,0,1,0,0,0,1,1,0,0,0,0,1,0,1,good
21,3763,2,2,24,1,1,0,1,0,0,0,0,0,1,0,0,0,0,0,1,0,0,0,0,0,0,0,0,0,1,0,1,0,0,0,0,0,0,1,1,0,0,0,0,0,1,0,1,0,0,1,0,0,0,0,1,1,0,1,0,good
36,3711,2,2,27,1,1,1,0,0,0,0,0,0,1,0,0,0,1,0,0,0,0,0,0,0,0,0,0,0,1,1,0,0,0,0,0,0,1,0,0,0,1,1,0,0,0,0,1,0,0,1,0,0,1,0,0,1,0,0,1,good
15,3594,1,2,46,2,1,0,0,0,1,0,0,1,0,0,0,0,0,0,0,0,0,0,0,1,0,0,1,0,0,0,0,1,0,0,1,0,0,0,0,0,1,0,1,0,0,0,1,0,0,1,0,0,0,0,1,1,0,0,1,good
9,3195,1,2,33,1,1,1,0,0,0,0,0,0,1,0,0,0,0,0,1,0,0,0,0,0,0,0,0,0,1,1,0,0,0,0,1,0,0,0,0,0,1,0,0,0,1,0,1,0,0,1,0,0,0,0,1,1,0,0,1,good
36,4454,4,4,34,2,1,0,0,0,1,0,0,1,0,0,0,0,0,0,0,0,1,0,0,0,0,0,1,0,0,1,0,0,0,0,1,0,0,0,0,0,1,0,0,0,1,0,1,0,0,1,0,0,1,0,0,1,0,0,1,good
24,4736,2,4,25,1,1,1,0,0,0,0,1,0,0,0,0,0,0,1,0,0,0,0,0,0,0,0,1,0,0,0,0,1,0,0,1,0,0,0,0,0,1,1,0,0,0,1,0,0,0,1,0,0,0,0,1,1,0,0,1,bad
30,2991,2,4,25,1,1,1,0,0,0,0,0,0,1,0,0,0,0,0,0,0,1,0,0,0,0,0,0,0,1,0,0,0,1,0,1,0,0,0,0,0,1,1,0,0,0,0,1,0,0,1,0,0,1,0,0,1,0,0,1,good
11,2142,1,2,28,1,1,0,0,0,1,0,0,0,1,0,1,0,0,0,0,0,0,0,0,0,0,0,0,1,0,0,0,0,1,0,0,1,0,0,0,0,1,0,0,0,1,0,1,0,0,1,0,0,1,0,0,0,1,0,1,good
24,3161,4,2,31,1,1,0,1,0,0,1,0,0,0,0,1,0,0,0,0,0,0,0,0,0,0,0,1,0,0,1,0,0,0,0,0,0,0,1,0,0,1,0,1,0,0,0,1,0,0,0,1,0,1,0,0,0,1,0,1,bad
48,18424,1,2,32,1,1,1,0,0,0,0,0,0,0,1,0,0,0,0,0,1,0,0,0,0,0,0,1,0,0,1,0,0,0,0,1,0,0,0,0,0,1,0,1,0,0,1,0,0,0,1,0,1,0,0,0,0,1,1,0,bad
10,2848,1,2,32,1,2,0,0,0,1,0,0,0,1,0,0,0,0,0,0,0,0,0,0,1,1,0,0,0,0,1,0,0,0,0,0,0,0,1,1,0,0,0,0,0,1,0,1,0,0,1,0,0,1,0,0,1,0,0,1,good
6,14896,1,4,68,1,1,0,1,0,0,0,0,0,1,0,0,0,0,0,1,0,0,0,0,0,0,0,1,0,0,0,0,0,1,0,0,0,0,1,0,0,1,0,0,1,0,1,0,0,0,1,0,1,0,0,0,0,1,0,1,bad
24,2359,1,1,33,1,1,0,1,0,0,0,0,0,1,0,0,0,0,1,0,0,0,0,0,0,1,0,0,0,0,0,0,0,0,1,0,1,0,0,0,0,1,0,1,0,0,0,1,0,0,1,0,0,1,0,0,1,0,0,1,bad
24,3345,4,2,39,1,1,0,1,0,0,0,0,0,1,0,0,0,0,1,0,0,0,0,0,0,0,0,1,0,0,0,0,0,1,0,0,0,0,1,0,0,1,0,1,0,0,0,1,0,0,0,1,1,0,0,0,0,1,0,1,bad
18,1817,4,2,28,2,1,0,0,0,1,0,1,0,0,0,0,0,0,1,0,0,0,0,0,0,0,0,1,0,0,1,0,0,0,0,1,0,0,0,0,0,1,0,0,1,0,0,1,0,0,1,0,0,1,0,0,1,0,0,1,good
48,12749,4,1,37,1,1,0,0,0,1,0,0,1,0,0,0,0,0,0,0,0,1,0,0,0,0,1,0,0,0,0,1,0,0,0,0,0,0,1,0,0,1,1,0,0,0,0,1,0,0,1,0,1,0,0,0,0,1,0,1,good
9,1366,3,4,22,1,1,0,1,0,0,0,0,0,1,0,0,0,0,0,0,0,1,0,0,0,0,0,1,0,0,0,0,1,0,0,1,0,0,0,0,0,1,0,1,0,0,0,1,0,0,0,1,0,1,0,0,1,0,0,1,bad
12,2002,3,4,30,1,2,1,0,0,0,0,0,0,1,0,0,0,0,0,1,0,0,0,0,0,0,0,1,0,0,0,1,0,0,0,0,0,0,1,0,0,1,0,1,0,0,0,1,0,0,0,1,0,1,0,0,0,1,0,1,good
24,6872,2,1,55,1,1,0,1,0,0,1,0,0,0,0,0,0,0,1,0,0,0,0,0,0,0,0,1,0,0,0,0,1,0,0,0,1,0,0,0,0,1,0,1,0,0,1,0,0,0,1,0,0,1,0,0,0,1,0,1,bad
12,697,4,2,46,2,1,0,1,0,0,1,0,0,0,0,0,0,0,0,1,0,0,0,0,0,0,0,1,0,0,0,0,1,0,0,0,0,0,1,0,0,1,1,0,0,0,1,0,0,0,1,0,0,1,0,0,0,1,0,1,bad
18,1049,4,4,21,1,1,0,1,0,0,0,1,0,0,0,0,0,0,1,0,0,0,0,0,0,0,0,1,0,0,0,0,1,0,0,1,0,0,0,0,0,1,0,1,0,0,0,1,0,0,0,1,0,1,0,0,1,0,0,1,good
48,10297,4,4,39,3,2,0,1,0,0,0,0,0,1,0,0,0,0,0,0,0,0,0,0,1,0,0,1,0,0,0,1,0,0,0,0,0,0,1,0,0,1,0,0,1,0,0,0,1,1,0,0,0,1,0,0,0,1,0,1,bad
30,1867,4,4,58,1,1,0,0,0,1,0,0,0,1,0,0,0,0,0,0,0,1,0,0,0,0,0,0,0,1,0,0,0,1,0,0,0,0,1,0,0,1,1,0,0,0,0,1,0,0,1,0,0,1,0,0,0,1,0,1,good
12,1344,4,2,43,2,2,0,1,0,0,0,0,1,0,0,0,0,0,0,1,0,0,0,0,0,0,0,1,0,0,1,0,0,0,0,0,0,0,1,0,0,1,0,0,0,1,0,1,0,0,1,0,0,0,0,1,1,0,0,1,good
24,1747,4,1,24,1,1,0,1,0,0,0,0,0,1,0,0,0,0,1,0,0,0,0,0,0,0,0,1,0,0,0,0,1,0,0,0,0,0,1,1,0,0,0,1,0,0,0,1,0,0,1,0,0,0,0,1,1,0,1,0,good
9,1670,4,2,22,1,1,1,0,0,0,0,0,0,1,0,0,0,0,0,0,0,1,0,0,0,0,0,1,0,0,0,0,1,0,0,1,0,0,0,0,0,1,1,0,0,0,0,1,0,0,1,0,0,1,0,0,0,1,0,1,bad
9,1224,3,1,30,2,1,0,0,0,1,0,1,0,0,0,0,0,0,0,1,0,0,0,0,0,0,0,1,0,0,1,0,0,0,0,0,0,0,1,0,0,1,0,0,0,1,0,1,0,0,1,0,0,1,0,0,1,0,0,1,good
12,522,4,4,42,2,2,0,0,0,1,0,1,0,0,0,0,0,0,0,0,0,1,0,0,0,0,1,0,0,0,0,0,0,1,0,0,0,0,1,0,0,1,0,1,0,0,0,1,0,0,1,0,0,1,0,0,0,1,0,1,good
12,1498,4,1,23,1,1,0,1,0,0,0,0,0,1,0,0,0,0,0,0,0,1,0,0,0,0,0,1,0,0,1,0,0,0,0,1,0,0,0,0,0,1,1,0,0,0,1,0,0,0,1,0,0,1,0,0,1,0,0,1,good
30,1919,4,3,30,2,1,1,0,0,0,0,0,1,0,0,0,0,0,0,0,0,1,0,0,0,1,0,0,0,0,0,0,1,0,0,0,0,0,1,0,0,1,0,0,1,0,0,0,1,0,1,0,1,0,0,0,1,0,0,1,bad
9,745,3,2,28,1,1,0,0,1,0,0,0,0,1,0,0,0,0,0,0,0,1,0,0,0,0,0,1,0,0,1,0,0,0,0,1,0,0,0,0,0,1,0,0,0,1,0,1,0,0,1,0,0,0,0,1,1,0,0,1,bad
6,2063,4,3,30,1,1,1,0,0,0,0,0,0,1,0,0,0,0,0,0,0,1,0,0,0,0,0,1,0,0,0,0,1,0,0,0,0,1,0,0,0,1,1,0,0,0,0,1,0,0,0,1,1,0,0,0,0,1,0,1,good
60,6288,4,4,42,1,1,1,0,0,0,0,0,0,1,0,0,0,1,0,0,0,0,0,0,0,0,0,1,0,0,1,0,0,0,0,0,0,0,1,0,0,1,0,0,1,0,0,1,0,1,0,0,0,1,0,0,1,0,0,1,bad
24,6842,2,4,46,2,2,0,0,0,1,0,1,0,0,0,0,0,0,0,0,0,0,0,0,1,0,0,0,0,1,1,0,0,0,0,0,0,0,1,0,0,1,0,1,0,0,0,1,0,0,1,0,1,0,0,0,0,1,0,1,good
12,3527,2,3,45,1,2,0,0,0,1,0,0,0,1,0,0,0,0,0,1,0,0,0,0,0,0,0,0,0,1,0,0,1,0,0,0,0,0,1,0,0,1,0,1,0,0,0,1,0,0,1,0,1,0,0,0,0,1,0,1,good
10,1546,3,2,31,1,2,0,0,0,1,0,0,0,1,0,0,0,0,0,1,0,0,0,0,0,0,0,1,0,0,1,0,0,0,0,0,0,0,1,0,0,1,0,0,0,1,0,1,0,0,1,0,0,0,0,1,1,0,1,0,good
24,929,4,2,31,1,1,0,0,0,1,0,0,0,1,0,0,0,0,1,0,0,0,0,0,0,0,0,0,0,1,0,1,0,0,0,0,0,0,1,0,0,1,1,0,0,0,0,0,1,0,1,0,0,1,0,0,0,1,0,1,good
4,1455,2,1,42,3,2,0,0,0,1,0,1,0,0,0,0,0,0,0,1,0,0,0,0,0,0,0,1,0,0,0,1,0,0,0,0,0,0,1,0,0,1,0,0,0,1,0,1,0,0,1,0,0,0,0,1,1,0,0,1,good
15,1845,4,1,46,1,1,0,1,0,0,0,0,0,1,0,0,0,0,1,0,0,0,0,0,0,0,0,1,0,0,0,0,1,0,0,1,0,0,0,0,1,0,0,1,0,0,0,1,0,0,0,1,0,1,0,0,1,0,0,1,good
48,8358,1,1,30,2,1,1,0,0,0,0,0,0,0,1,0,0,0,0,1,0,0,0,0,0,0,1,0,0,0,0,0,1,0,0,1,0,0,0,0,0,1,1,0,0,0,0,1,0,0,1,0,0,1,0,0,1,0,0,1,good
24,3349,4,4,30,1,2,0,1,0,0,1,0,0,0,0,0,0,0,1,0,0,0,0,0,0,0,1,0,0,0,0,0,1,0,0,0,0,0,1,0,0,1,0,0,1,0,0,1,0,1,0,0,0,1,0,0,0,1,0,1,bad
12,2859,4,4,38,1,1,0,0,0,1,0,0,0,1,0,0,0,0,0,1,0,0,0,0,0,0,0,0,0,1,0,0,0,0,1,0,0,0,1,0,0,1,0,0,1,0,0,1,0,0,1,0,1,0,0,0,0,1,0,1,good
18,1533,4,1,43,1,2,0,0,0,1,0,0,0,1,0,0,0,0,1,0,0,0,0,0,0,0,0,1,0,0,0,0,1,0,0,0,0,1,0,1,0,0,0,1,0,0,0,1,0,0,1,0,0,0,0,1,1,0,0,1,bad
24,3621,2,4,31,2,1,0,0,0,1,0,0,0,1,0,0,0,0,0,0,0,1,0,0,0,1,0,0,0,0,0,0,0,1,0,0,0,0,1,0,0,1,1,0,0,0,0,1,0,0,1,0,0,1,0,0,1,0,0,1,bad
18,3590,3,3,40,3,2,1,0,0,0,0,1,0,0,0,1,0,0,0,0,0,0,0,0,0,0,0,1,0,0,0,0,0,0,1,0,0,1,0,0,0,1,1,0,0,0,0,1,0,0,1,0,0,0,1,0,0,1,0,1,good
36,2145,2,1,24,2,1,0,1,0,0,0,0,1,0,0,1,0,0,0,0,0,0,0,0,0,0,0,1,0,0,0,1,0,0,0,0,0,0,1,0,0,1,1,0,0,0,0,1,0,0,1,0,0,1,0,0,0,1,0,1,bad
24,4113,3,4,28,1,1,1,0,0,0,0,0,0,1,0,0,0,0,0,0,0,0,0,0,1,0,1,0,0,0,0,0,1,0,0,1,0,0,0,0,0,1,1,0,0,0,0,1,0,0,0,1,0,1,0,0,1,0,0,1,bad
36,10974,4,2,26,2,1,0,0,0,1,0,0,0,1,0,0,0,0,1,0,0,0,0,0,0,0,0,1,0,0,0,0,0,0,1,1,0,0,0,0,0,1,1,0,0,0,0,1,0,0,1,0,1,0,0,0,0,1,0,1,bad
12,1893,4,4,29,1,1,0,1,0,0,0,0,0,1,0,0,0,0,0,1,0,0,0,0,0,0,0,1,0,0,1,0,0,0,0,1,0,0,0,0,1,0,0,1,0,0,0,1,0,0,1,0,0,1,0,0,0,1,0,1,good
24,1231,4,4,57,2,1,0,1,0,0,0,1,0,0,0,0,0,0,0,0,0,1,0,0,0,0,0,0,1,0,0,0,0,1,0,1,0,0,0,0,0,1,0,1,0,0,0,1,0,0,0,1,1,0,0,0,0,1,0,1,good
30,3656,4,4,49,2,1,0,0,1,0,0,1,0,0,0,0,0,0,0,0,0,1,0,0,0,0,0,0,0,1,0,0,0,1,0,0,0,0,1,0,0,1,0,1,0,0,0,0,1,0,1,0,0,0,0,1,1,0,0,1,good
9,1154,2,4,37,3,1,1,0,0,0,0,1,0,0,0,0,0,0,0,0,0,1,0,0,0,0,0,1,0,0,0,0,0,1,0,0,0,0,1,0,0,1,0,0,0,1,0,1,0,0,1,0,0,0,0,1,1,0,0,1,good
28,4006,3,2,45,1,1,0,1,0,0,0,0,0,1,0,0,0,0,0,1,0,0,0,0,0,0,0,1,0,0,1,0,0,0,0,0,0,0,1,0,0,1,1,0,0,0,0,1,0,0,1,0,0,0,0,1,1,0,0,1,bad
24,3069,4,4,30,1,1,1,0,0,0,0,0,0,1,0,0,0,0,1,0,0,0,0,0,0,1,0,0,0,0,0,0,0,1,0,0,0,0,1,0,0,1,0,0,1,0,0,1,0,1,0,0,0,1,0,0,1,0,0,1,good
6,1740,2,2,30,2,1,0,0,0,1,0,1,0,0,0,0,0,0,0,0,0,1,0,0,0,0,0,1,0,0,0,0,0,1,0,0,0,1,0,0,0,1,0,0,0,1,0,1,0,0,0,1,0,1,0,0,1,0,0,1,good
21,2353,1,4,47,2,1,1,0,0,0,0,0,1,0,0,0,0,0,0,1,0,0,0,0,0,0,0,1,0,0,1,0,0,0,0,0,1,0,0,0,0,1,0,1,0,0,0,1,0,0,1,0,0,1,0,0,1,0,0,1,good
15,3556,3,2,29,1,1,0,0,0,1,0,0,0,1,0,0,0,0,0,1,0,0,0,0,0,0,0,0,0,1,1,0,0,0,0,0,0,0,1,0,0,1,0,0,1,0,0,1,0,0,1,0,0,1,0,0,1,0,0,1,good
24,2397,3,2,35,2,1,0,0,0,1,0,0,0,1,0,0,0,0,0,0,0,1,0,0,0,0,1,0,0,0,0,0,0,1,0,0,0,0,1,0,0,1,1,0,0,0,1,0,0,0,1,0,0,1,0,0,0,1,0,1,bad
6,454,3,1,22,1,1,1,0,0,0,0,0,0,1,0,0,0,0,0,0,0,0,1,0,0,0,0,1,0,0,0,0,1,0,0,0,0,1,0,0,0,1,0,1,0,0,0,1,0,0,1,0,0,0,0,1,1,0,0,1,good
30,1715,4,1,26,1,1,1,0,0,0,0,0,0,1,0,0,0,0,0,0,0,1,0,0,0,0,0,0,0,1,1,0,0,0,0,1,0,0,0,0,0,1,1,0,0,0,0,1,0,0,1,0,0,1,0,0,1,0,0,1,good
27,2520,4,2,23,2,1,1,0,0,0,0,1,0,0,0,0,0,0,0,0,0,1,0,0,0,0,1,0,0,0,1,0,0,0,0,0,0,0,1,0,0,1,0,1,0,0,0,1,0,0,1,0,0,0,0,1,1,0,0,1,bad
15,3568,4,2,54,1,1,0,0,0,1,0,0,0,1,0,0,0,0,0,0,0,1,0,0,0,0,0,1,0,0,0,0,0,1,0,1,0,0,0,0,0,1,1,0,0,0,1,0,0,0,0,1,1,0,0,0,0,1,0,1,good
42,7166,2,4,29,1,1,0,0,0,1,0,0,0,1,0,0,0,0,0,0,0,1,0,0,0,0,0,0,0,1,0,1,0,0,0,0,0,1,0,0,0,1,0,1,0,0,0,1,0,0,0,1,0,1,0,0,0,1,0,1,good
11,3939,1,2,40,2,2,0,1,0,0,0,1,0,0,0,0,0,0,0,1,0,0,0,0,0,0,0,1,0,0,1,0,0,0,0,0,0,0,1,0,0,1,0,0,0,1,0,1,0,0,1,0,0,0,0,1,1,0,0,1,good
15,1514,4,2,22,1,1,1,0,0,0,0,0,0,1,0,0,0,0,0,0,0,0,1,0,0,1,0,0,0,0,1,0,0,0,0,0,0,0,1,0,1,0,0,0,0,1,0,1,0,0,1,0,0,1,0,0,1,0,0,1,good
24,7393,1,4,43,1,2,0,0,0,1,0,0,0,1,0,0,0,0,0,1,0,0,0,0,0,0,0,1,0,0,1,0,0,0,0,0,0,0,1,0,0,1,0,1,0,0,0,1,0,0,1,0,0,0,0,1,1,0,0,1,good
24,1193,1,4,29,2,1,0,1,0,0,1,0,0,0,0,0,0,0,0,1,0,0,0,0,0,0,0,1,0,0,0,0,0,0,1,1,0,0,0,1,0,0,0,0,1,0,0,1,0,0,0,1,0,0,1,0,1,0,0,1,bad
60,7297,4,4,36,1,1,0,1,0,0,0,0,0,1,0,1,0,0,0,0,0,0,0,0,0,0,0,1,0,0,0,0,0,1,0,0,0,0,1,1,0,0,0,0,1,0,0,1,0,0,0,1,0,1,0,0,1,0,0,1,bad
30,2831,4,2,33,1,1,0,0,0,1,0,1,0,0,0,0,0,0,0,0,0,1,0,0,0,0,0,1,0,0,1,0,0,0,0,1,0,0,0,0,0,1,1,0,0,0,0,1,0,0,1,0,0,1,0,0,0,1,0,1,good
24,1258,3,3,57,1,1,0,0,1,0,0,0,0,1,0,0,0,0,0,0,0,1,0,0,0,0,1,0,0,0,1,0,0,0,0,1,0,0,0,0,0,1,1,0,0,0,0,1,0,0,1,0,0,0,0,1,1,0,0,1,good
6,753,2,3,64,1,1,1,0,0,0,0,0,0,1,0,0,0,0,0,0,0,1,0,0,0,0,0,1,0,0,1,0,0,0,0,1,0,0,0,0,1,0,0,0,0,1,0,1,0,0,1,0,0,1,0,0,1,0,0,1,good
18,2427,4,2,42,2,1,1,0,0,0,0,0,1,0,0,1,0,0,0,0,0,0,0,0,0,0,0,0,0,1,0,0,0,1,0,0,0,0,1,0,0,1,0,1,0,0,0,1,0,0,1,0,0,1,0,0,1,0,0,1,good
24,2538,4,4,47,2,2,0,0,0,1,0,0,1,0,0,0,0,0,0,1,0,0,0,0,0,0,0,1,0,0,0,0,0,1,0,0,0,0,1,0,0,1,1,0,0,0,0,1,0,0,1,0,0,0,0,1,1,0,0,1,bad
15,1264,2,2,25,1,1,1,0,0,0,1,0,0,0,0,0,0,0,0,1,0,0,0,0,0,1,0,0,0,0,1,0,0,0,0,0,0,1,0,0,0,1,0,1,0,0,0,1,0,0,0,1,0,1,0,0,1,0,0,1,bad
30,8386,2,2,49,1,1,1,0,0,0,0,1,0,0,0,0,0,0,1,0,0,0,0,0,0,0,0,1,0,0,0,1,0,0,0,0,0,0,1,0,0,1,0,1,0,0,0,1,0,0,1,0,0,1,0,0,1,0,0,1,bad
48,4844,3,2,33,1,1,0,0,0,1,0,0,0,1,0,1,0,0,0,0,0,0,0,0,0,0,0,1,0,0,0,0,0,0,1,0,0,0,1,0,0,1,1,0,0,0,1,0,0,0,0,1,1,0,0,0,0,1,0,1,bad
21,2923,1,1,28,1,1,0,0,1,0,0,0,0,1,0,0,0,0,0,1,0,0,0,0,0,1,0,0,0,0,1,0,0,0,0,1,0,0,0,0,0,1,1,0,0,0,1,0,0,0,1,0,1,0,0,0,0,1,0,1,good
36,8229,2,2,26,1,2,0,1,0,0,0,0,0,1,0,0,0,0,0,0,0,0,0,0,1,0,0,1,0,0,1,0,0,0,0,0,0,0,1,0,0,1,0,1,0,0,0,1,0,0,1,0,0,1,0,0,1,0,0,1,bad
24,2028,2,2,30,2,1,0,0,0,1,0,1,0,0,0,0,0,0,1,0,0,0,0,0,0,0,0,1,0,0,0,1,0,0,0,0,0,0,1,0,0,1,0,1,0,0,0,1,0,0,1,0,0,0,0,1,1,0,0,1,good
15,1433,4,3,25,2,1,0,1,0,0,0,1,0,0,0,0,0,0,1,0,0,0,0,0,0,0,0,1,0,0,1,0,0,0,0,1,0,0,0,0,0,1,0,1,0,0,0,1,0,0,0,1,0,1,0,0,1,0,0,1,good
42,6289,2,1,33,2,1,0,0,1,0,0,0,0,0,1,1,0,0,0,0,0,0,0,0,0,0,0,1,0,0,0,0,1,0,0,0,1,0,0,0,0,1,0,1,0,0,0,1,0,0,1,0,0,1,0,0,1,0,0,1,good
13,1409,2,4,64,1,1,0,0,0,1,0,0,0,1,0,0,0,0,0,0,0,1,0,0,0,1,0,0,0,0,0,0,0,0,1,1,0,0,0,0,0,1,0,0,0,1,0,1,0,0,1,0,0,1,0,0,1,0,0,1,good
24,6579,4,2,29,1,1,0,1,0,0,0,0,0,1,0,0,0,0,0,0,0,0,0,0,1,0,0,1,0,0,0,0,0,0,1,0,0,0,1,0,0,1,0,0,1,0,0,1,0,1,0,0,1,0,0,0,0,1,0,1,good
24,1743,4,2,48,2,1,1,0,0,0,0,1,0,0,0,0,0,0,0,0,0,1,0,0,0,0,0,1,0,0,0,0,0,1,0,0,0,0,1,0,0,1,0,1,0,0,0,1,0,0,1,0,0,0,0,1,1,0,0,1,good
12,3565,2,1,37,2,2,0,0,0,1,0,1,0,0,0,0,0,1,0,0,0,0,0,0,0,0,0,0,0,1,0,0,1,0,0,0,0,0,1,0,0,1,0,1,0,0,0,1,0,0,1,0,0,0,0,1,1,0,0,1,good
15,1569,4,4,34,1,2,0,0,0,1,1,0,0,0,0,0,0,0,0,0,0,1,0,0,0,1,0,0,0,0,0,0,0,1,0,0,0,0,1,0,0,1,1,0,0,0,1,0,0,0,1,0,0,0,0,1,1,0,0,1,good
18,1936,2,4,23,2,1,0,1,0,0,0,0,0,1,0,0,0,0,0,0,0,1,0,0,0,0,0,0,0,1,0,1,0,0,0,0,0,1,0,0,0,1,1,0,0,0,0,1,0,0,0,1,0,0,0,1,1,0,0,1,good
36,3959,4,3,30,1,1,0,1,0,0,0,0,0,1,0,0,0,0,1,0,0,0,0,0,0,0,0,1,0,0,0,0,0,0,1,0,0,0,1,0,0,1,0,1,0,0,0,1,0,0,1,0,1,0,0,0,0,1,0,1,good
12,2390,4,3,50,1,1,0,0,0,1,0,0,0,1,0,0,0,0,0,1,0,0,0,0,0,0,0,0,0,1,0,0,0,1,0,0,0,0,1,0,0,1,1,0,0,0,0,1,0,0,1,0,0,1,0,0,0,1,0,1,good
12,1736,3,4,31,1,1,0,0,0,1,0,0,0,1,0,0,0,0,1,0,0,0,0,0,0,0,0,1,0,0,0,1,0,0,0,1,0,0,0,0,0,1,0,0,0,1,0,1,0,0,1,0,0,0,0,1,1,0,0,1,good
30,3857,4,4,40,1,1,0,1,0,0,0,0,0,1,0,0,0,0,0,0,0,0,0,0,1,0,0,1,0,0,1,0,0,0,0,0,1,0,0,0,0,1,0,1,0,0,0,1,0,0,1,0,1,0,0,0,0,1,0,1,good
12,804,4,4,38,1,1,0,0,0,1,0,0,0,1,0,0,0,0,0,0,0,1,0,0,0,0,0,1,0,0,0,0,0,1,0,0,0,0,1,0,0,1,1,0,0,0,0,1,0,0,1,0,0,1,0,0,1,0,0,1,good
45,1845,4,4,23,1,1,0,1,0,0,0,0,0,1,0,0,0,0,0,0,0,1,0,0,0,0,0,1,0,0,1,0,0,0,0,0,0,0,1,0,0,1,0,0,1,0,0,1,0,1,0,0,0,1,0,0,0,1,0,1,bad
45,4576,3,4,27,1,1,1,0,0,0,0,1,0,0,0,0,0,0,0,0,0,0,0,0,1,1,0,0,0,0,0,0,0,0,1,0,0,0,1,0,0,1,1,0,0,0,0,1,0,0,1,0,0,1,0,0,1,0,0,1,good
12,684.7993056,4,3.885813481,39.42906741,1.114186519,1.885813481,0,1,0,0,0,0.114186519,0,0.885813481,0,0,0,0.885813481,0,0.114186519,0,0,0,0,0,0,0,1,0,0,0.885813481,0,0,0.114186519,0,0,0,0,1,0,0,1,0.885813481,0.114186519,0,0,0,1,0,0,0.114186519,0.885813481,0,0.114186519,0,0.885813481,1,0,0,1,bad
60,7314.026203,4,3.693221565,34.15932939,1,1,0.153389218,0.846610782,0,0,0,0,0,1,0,0.846610782,0,0,0,0.153389218,0,0,0,0,0,0.153389218,0,0.846610782,0,0,0,0,0.153389218,0.846610782,0,0.153389218,0,0,0.846610782,0.846610782,0,0.153389218,0,0.153389218,0.846610782,0,0,1,0,0,0.153389218,0.846610782,0.153389218,0.846610782,0,0,1,0,0,1,bad
25.89670524,2428.568121,4,4,31.20658952,1,1,0,1,0,0,0,0,0,1,0,0,0,0,0.31611754,0,0,0.68388246,0,0,0,0,0,1,0,0,0,0.31611754,0.68388246,0,0,1,0,0,0,0,0,1,0,0,0,1,0,1,0,0,0.68388246,0.31611754,0,1,0,0,0.31611754,0.68388246,0,1,bad
21.11782963,1543.11783,3.279457409,3.279457409,23.75981914,1,1,0.240180864,0.759819136,0,0,0.759819136,0,0,0.240180864,0,0,0,0,0,0,0,1,0,0,0,0,0,1,0,0,0,0.759819136,0.240180864,0,0,0,0,0.240180864,0.759819136,0,0.759819136,0.240180864,0.759819136,0,0,0.240180864,0.759819136,0.240180864,0,0,0,1,0,0.240180864,0,0.759819136,1,0,0,1,bad
9.395501908,1654.839094,4,2.263667939,26.35052099,1.131833969,1.131833969,0.868166031,0,0,0.131833969,0,0,0.131833969,0.868166031,0,0,0,0,0,0,0,0.868166031,0.131833969,0,0,0,0,0.868166031,0.131833969,0,0,0,0.868166031,0.131833969,0,0.868166031,0,0,0.131833969,0,0,1,0.868166031,0,0.131833969,0,0,1,0,0.131833969,0.868166031,0,0,1,0,0,0.131833969,0.868166031,0,1,bad
18.48379647,2017.302933,1.367746902,1.367746902,20.89675929,1.367746902,1,0.632253098,0,0,0.367746902,0,0,0,1,0,0,0,0,0.367746902,0,0,0.632253098,0,0,0,0,0,1,0,0,0,0,1,0,0,0.367746902,0,0.632253098,0,0.367746902,0,0.632253098,0.367746902,0.632253098,0,0,0,1,0,0,0.632253098,0.367746902,0,1,0,0,0.367746902,0.632253098,0,1,bad
18.91765878,1275.78825,3.43529542,3.12940916,35.95293206,1.56470458,1,0,0.43529542,0.56470458,0,0,0.56470458,0,0.43529542,0,0,0,0,0,0,0,1,0,0,0,0.43529542,0,0,0,0.56470458,1,0,0,0,0,0.43529542,0,0,0.56470458,0,0,1,0.43529542,0,0.56470458,0,0,1,0,0.56470458,0.43529542,0,0,0.56470458,0,0.43529542,0.43529542,0.56470458,0,1,bad
22.77322599,12820.3398,2.469641557,4,37.73482078,1,1,1,0,0,0,0,0,0,1,0,0,0,0,0,0.265179222,0,0,0,0,0.734820778,0,0,0.734820778,0,0.265179222,0.265179222,0,0,0,0.734820778,0.734820778,0,0,0.265179222,0,0,1,0,0,1,0,0,1,0,1,0,0,0.734820778,0.265179222,0,0,0,1,0,1,bad
45.63228054,6159.968656,4,4,51.09415156,2,1,0,1,0,0,0,1,0,0,0,0,0,0,0.197309955,0,0,0,0,0,0.802690045,0,0,1,0,0,0,0,0.197309955,0.802690045,0,1,0,0,0,0.197309955,0,0.802690045,0,0,1,0,0,0.197309955,0.802690045,0.802690045,0,0.197309955,0,0,0,1,0.802690045,0.197309955,0,1,bad
14.7898738,1552.907595,4,4,47.79282602,1.767510517,1.767510517,0,0.232489483,0,0.767510517,0.232489483,0,0.767510517,0,0,0,0,0,0,0,0,0.232489483,0.767510517,0,0,0,0,0.232489483,0.767510517,0,0,0.232489483,0,0.767510517,0,0,0,0,1,0,0.232489483,0.767510517,0.232489483,0,0.767510517,0,0.232489483,0.767510517,0,0.767510517,0,0.232489483,0,0.767510517,0,0.232489483,1,0,0,1,bad
21.15419767,2039,1,2.422901166,21.05139922,1,1,0.525699611,0.474300389,0,0,0,0,0,1,0,0,0,0,0.474300389,0,0,0.525699611,0,0,0,0,0,1,0,0,0.474300389,0,0.525699611,0,0,0.474300389,0,0.525699611,0,0,0,1,0,0.525699611,0,0.474300389,0.474300389,0.525699611,0,0,0.525699611,0.474300389,0,1,0,0,0.474300389,0.525699611,0,1,bad
20.99914777,2429.509232,2.499857962,2,28.4981535,1.499857962,1,0,0.500142038,0,0.499857962,0,0,0,1,0,0,0,0,0.500142038,0,0,0.499857962,0,0,0,0,0.499857962,0.500142038,0,0,0.500142038,0,0,0.499857962,0,0,0,0,1,0,0,1,1,0,0,0,0.499857962,0.500142038,0,0,1,0,0,1,0,0,0.500142038,0.499857962,0,1,bad
31.20261208,4198.00653,3.466956898,2,28.66521551,1.266521551,1.266521551,0,0,0.733478449,0.266521551,0,0,0,0.733478449,0.266521551,0.266521551,0,0,0,0,0,0.733478449,0,0,0,0,0,1,0,0,1,0,0,0,0,0,0,0,1,0,0,1,1,0,0,0,0,0.733478449,0.266521551,0,1,0,0,1,0,0,1,0,0,1,bad
54.64053877,7260.377015,4,3.702252154,34.21351292,1,1,0,1,0,0,0,0,0,1,0,0.702252154,0,0,0,0,0,0.297747846,0,0,0,0,0,0.702252154,0,0.297747846,0,0.297747846,0,0.702252154,0,0.297747846,0,0,0.702252154,0.702252154,0,0.297747846,0.297747846,0,0.702252154,0,0,1,0,0,0.297747846,0.702252154,0.297747846,0.702252154,0,0,0.702252154,0.297747846,0,1,bad
16.03459878,1239.431363,4,2,30.05189817,1,1,0.67243313,0.32756687,0,0,0,0.67243313,0,0.32756687,0,0,0,0,0,0.32756687,0,0.67243313,0,0,0,0,0,1,0,0,1,0,0,0,0,0.32756687,0,0.67243313,0,0,0,1,0.67243313,0,0,0.32756687,0,1,0,0,1,0,0,0.67243313,0,0.32756687,1,0,0,1,bad
26.92536223,5953.055933,1.548505418,1.365670279,40.89180263,1.817164861,1,0,0.182835139,0,0.817164861,0,0.182835139,0,0.817164861,0,0,0,0.182835139,0,0,0,0.817164861,0,0,0,0,0,0.182835139,0,0.817164861,0.182835139,0,0.817164861,0,0,0.817164861,0,0,0.182835139,0,0,1,0.817164861,0,0.182835139,0,0.182835139,0.817164861,0,0,1,0,0,1,0,0,0,1,0,1,bad
38.93241036,4413.45752,2.48873506,2,28.04505976,2,1.48873506,0.51126494,0.48873506,0,0,0,0,1,0,0,0.51126494,0,0,0,0,0,0.48873506,0,0,0,0,0,1,0,0,0.51126494,0.48873506,0,0,0,0,0.51126494,0,0.48873506,0,0,1,0,0.48873506,0,0.51126494,0.48873506,0,0.51126494,0,1,0,0.51126494,0.48873506,0,0,0,1,0,1,bad
27.69695629,11467.73013,1,3.691920309,23.61615938,2,1,1,0,0,0,0,0,0,1,0,0,0,0,0,0,0,0.154039846,0,0,0.845960154,0,0,0.845960154,0.154039846,0,0.845960154,0.154039846,0,0,0,0.845960154,0,0,0.154039846,0.154039846,0,0.845960154,0.845960154,0,0.154039846,0,0.154039846,0.845960154,0,0,0.154039846,0.845960154,0.845960154,0.154039846,0,0,0.845960154,0.154039846,0,1,bad
35.31960312,3093.814392,2.591067014,4,30.11339948,1.295533507,1,0.295533507,0.704466493,0,0,0,0,0,1,0,0,0,0,0.704466493,0,0,0.295533507,0,0,0,0,0,1,0,0,0,0.295533507,0.704466493,0,0,0,0.704466493,0,0.295533507,0,0,1,0,0.704466493,0,0.295533507,0,1,0,0,1,0,0,0.295533507,0,0.704466493,1,0,0,1,bad
16.18221119,3373.104849,3.348517599,4,33.257412,1,1.348517599,0,1,0,0,0.348517599,0,0,0.651482401,0,0,0,0,0.348517599,0,0,0,0,0,0.651482401,0,0.348517599,0.651482401,0,0,0,0,0.348517599,0.651482401,0,0,0,0,1,0,0,1,0,0,1,0,0,1,0,1,0,0,0,1,0,0,0,1,0,1,bad
17.38298131,2612.553168,2.553192523,3.446807477,42.44680748,1,1.276596261,0,0.723403739,0,0.276596261,0,0.723403739,0.276596261,0,0,0.276596261,0,0,0,0.723403739,0,0,0,0,0,0,0.276596261,0.723403739,0,0,0,0,0.276596261,0.723403739,0,0,0,0,1,0,0.723403739,0.276596261,0,0.723403739,0,0.276596261,1,0,0,0,0.276596261,0.723403739,0,0.723403739,0,0.276596261,0.276596261,0.723403739,0,1,bad
30.75756913,5999.313076,1.844696141,1.844696141,47.94191532,2,1,0,0.28156538,0,0.71843462,0,0.28156538,0,0.71843462,0,0,0,0,0,0,0,0.71843462,0,0,0.28156538,0,0,0.28156538,0,0.71843462,0,0,0.71843462,0.28156538,0,1,0,0,0,0,0,1,0.71843462,0,0.28156538,0,0,0.71843462,0.28156538,0.28156538,0.71843462,0,0,0.71843462,0,0.28156538,0.28156538,0.71843462,0,1,bad
24,3097.747877,3.185415402,1.814584598,22.92707701,1,1,0.814584598,0.185415402,0,0,0,0,0,1,0,0,0,0,0,0.185415402,0,0.814584598,0,0,0,0.814584598,0,0.185415402,0,0,0,0,1,0,0,0.185415402,0,0.814584598,0,0,0,1,0.814584598,0.185415402,0,0,0,1,0,0,0.185415402,0.814584598,0,1,0,0,0.185415402,0.814584598,0,1,bad
11.66775235,440.9153096,3.527687304,4,22.5276873,1,1,0,0.527687304,0,0.472312696,0,0,0,1,0,0,0,0.527687304,0,0,0,0.472312696,0,0,0,0,0,1,0,0,0,0,0.527687304,0,0.472312696,1,0,0,0,0.472312696,0,0.527687304,0,0.527687304,0,0.472312696,0,1,0,0,0.527687304,0.472312696,0,1,0,0,1,0,0,1,bad
12.01591872,1211.339524,4,4,43.99204064,1.334217707,1.334217707,1,0,0,0,0,0.334217707,0.665782293,0,0,0,0,0,0,0.665782293,0,0.334217707,0,0,0,0.334217707,0,0.665782293,0,0,0,0,0.334217707,0,0.665782293,0,0,0,1,0,0,1,0,0.665782293,0.334217707,0,0.334217707,0.665782293,0,0,1,0,0.665782293,0.334217707,0,0,0.334217707,0.665782293,0,1,bad
12,718.3026457,4,4,42.11576695,1,1.930264566,0,0.069735434,0,0.930264566,0,0,0,1,0,0,0,0.930264566,0,0,0,0.069735434,0,0,0,0,0,1,0,0,0,0,0,1,0,0,0,0,1,0,0,1,0.930264566,0,0,0.069735434,0.930264566,0,0.069735434,0,1,0,0,0,0,1,1,0,0,1,bad
9.885489944,745.4919389,3.098387772,1.901612228,27.90161223,1,1,0,0.098387772,0.901612228,0,0,0,0,1,0,0,0,0.098387772,0,0,0,0.901612228,0,0,0,0,0,1,0,0,0.901612228,0,0,0,0.098387772,1,0,0,0,0,0,1,0,0,0,1,0,1,0,0,1,0,0,0,0.098387772,0.901612228,1,0,0,1,bad
14.14307981,6464.4282,2,2.071539905,47.35666041,1.357179968,1.357179968,0.642820032,0,0,0.357179968,0.357179968,0,0,0.642820032,0,0,0,0,0,0.357179968,0,0.642820032,0,0,0,0,0,0.357179968,0,0.642820032,0,0,0,0.357179968,0.642820032,0,0,0,1,0,0,1,0,0,1,0,0.357179968,0.642820032,0,0,1,0,1,0,0,0,0,1,0,1,bad
21.71074632,4128.261691,2.618457721,3.618457721,33.34159191,1,1,0.618457721,0.381542279,0,0,0,0,0,1,0,0,0,0,0.381542279,0,0,0,0,0,0.618457721,0,0.618457721,0.381542279,0,0,0.381542279,0,0.618457721,0,0,0.618457721,0,0,0.381542279,0.381542279,0,0.618457721,1,0,0,0,0,1,0,0,0.381542279,0.618457721,0,1,0,0,1,0,0,1,bad
18,1880.930105,4,3.881122744,25.29719314,2,1,0,0.940561372,0,0.059438628,0,0.059438628,0,0.940561372,0,0,0,0.059438628,0,0,0,0.940561372,0,0,0,0.059438628,0,0.940561372,0,0,1,0,0,0,0,1,0,0,0,0,0,1,0.940561372,0,0,0.059438628,0.940561372,0.059438628,0,0,0.059438628,0.940561372,0,1,0,0,1,0,0,1,bad
32.03717838,12451.74468,1.990705404,3.339529731,39.31164594,1,1,1,0,0,0,0,0,0,1,0,0,0,0,0,0.669764865,0,0,0,0,0.330235135,0,0,0.330235135,0,0.669764865,0.669764865,0,0,0.330235135,0,0.330235135,0,0,0.669764865,0,0,1,0,0,1,0,0,1,0,1,0,0,0.330235135,0.669764865,0,0,0,1,0,1,bad
12,718.5286652,4,4,41.75413573,1,1.952866517,0,0.047133483,0,0.952866517,0,0,0,1,0,0,0,0.952866517,0,0,0,0.047133483,0,0,0,0,0,1,0,0,0,0,0,1,0,0,0,0,1,0,0,1,0.952866517,0,0,0.047133483,0.952866517,0,0.047133483,0,1,0,0,0,0,1,1,0,0,1,bad
19.7996993,2302.59589,2.400100233,1.800200466,30.99949883,1.400100233,1,0.400100233,0,0.599899767,0,0,0.599899767,0,0,0.400100233,0,0,0.599899767,0,0.400100233,0,0,0,0,0,0.400100233,0,0.599899767,0,0,0,0,1,0,0,0.400100233,0.599899767,0,0,0,0,1,1,0,0,0,0,1,0,0,0.400100233,0.599899767,0,1,0,0,1,0,0,1,bad
38.32251469,3975.769778,3.737322478,2.737322478,36.88945274,1,1,0,1,0,0,0,0,0,1,0,0,0,0,0,0.262677522,0,0.737322478,0,0,0,0,0,1,0,0,0.262677522,0,0.737322478,0,0,0,0,0,1,0,0,1,1,0,0,0,0,1,0,0,1,0,0,0.737322478,0,0.262677522,1,0,0,1,bad
14.46382254,1065.574516,4,3.178725819,41.84044364,1.58936291,1,0.41063709,0.58936291,0,0,0,0,0,0.41063709,0.58936291,0,0,0,0,1,0,0,0,0,0,0,0,0.58936291,0,0.41063709,1,0,0,0,0,0.41063709,0,0,0.58936291,0,0,1,0.58936291,0.41063709,0,0,0.58936291,0.41063709,0,0,1,0,0,1,0,0,1,0,0,1,bad
14.05134128,1999.868609,1.663243915,1.663243915,20.01026826,1.663243915,1,0.336756085,0,0,0.663243915,0,0,0,1,0,0,0,0,0.663243915,0,0,0.336756085,0,0,0,0,0,1,0,0,0,0,1,0,0,0.663243915,0,0.336756085,0,0.663243915,0,0.336756085,0.663243915,0.336756085,0,0,0,1,0,0,0.336756085,0.663243915,0,1,0,0,0.663243915,0.336756085,0,1,bad
31.29689764,3104.541606,2.144099738,4,30.78385039,1.072049869,1,0.072049869,0.927950131,0,0,0,0,0,1,0,0,0,0,0.927950131,0,0,0.072049869,0,0,0,0,0,1,0,0,0,0.072049869,0.927950131,0,0,0,0.927950131,0,0.072049869,0,0,1,0,0.927950131,0,0.072049869,0,1,0,0,1,0,0,0.072049869,0,0.927950131,1,0,0,1,bad
46.69360045,4801.324281,3.435466517,2,29.51626787,1.435466517,1,0.435466517,0,0,0.564533483,0,0.435466517,0,0.564533483,0,0.564533483,0,0,0,0,0,0.435466517,0,0,0,0,0,1,0,0,0,0,0.435466517,0,0.564533483,0,0,0,1,0,0,1,0.564533483,0.435466517,0,0,0.564533483,0.435466517,0,0,0.435466517,0.564533483,0.564533483,0,0,0.435466517,0.435466517,0.564533483,0,1,bad
16.66935668,992.2338789,2.533871336,3.022580891,38.71451846,1,1,0.488709555,0.511290445,0,0,0,0,0.511290445,0.488709555,0,0,0,0,0.488709555,0,0,0.511290445,0,0,0,0,0,1,0,0,0.488709555,0,0.511290445,0,0,0.488709555,0,0.511290445,0,0,0,1,0.488709555,0,0,0.511290445,0,0.488709555,0.511290445,0,1,0,0,1,0,0,1,0,0.488709555,0.511290445,bad
47.73399801,11593.85703,2,3.988916584,24.16625124,2,1.011083416,0.011083416,0,0,0.988916584,0,1,0,0,0,0,0,0,0,0,0.011083416,0,0,0,0.988916584,0.988916584,0,0.011083416,0,0,1,0,0,0,0,0.988916584,0,0,0.011083416,0.011083416,0,0.988916584,1,0,0,0,0.988916584,0.011083416,0,0,0.011083416,0.988916584,0.011083416,0,0,0.988916584,0.988916584,0.011083416,0,1,bad
22.15463315,4126.915863,2.692438858,3.384877717,26.99829484,2,2,0,0.692438858,0,0.307561142,0,0,0,0,1,0.307561142,0,0,0.692438858,0,0,0,0,0,0,0,0,1,0,0,0.307561142,0,0,0.692438858,0,0,0,0,1,0,0,1,0.307561142,0,0.692438858,0,0.692438858,0,0.307561142,0,0.307561142,0.692438858,0,1,0,0,1,0,0,1,bad
45.13681053,4739.569905,3.954396489,2.091207022,24.95439649,2,1.045603511,0.954396489,0.045603511,0,0,0,0.954396489,0,0,0.045603511,0,0,0,0,0,0,0.954396489,0,0,0.045603511,0,0,1,0,0,0,0,0.954396489,0.045603511,0,0,0,0,1,0,0,1,0,0.954396489,0.045603511,0,0,1,0,0.045603511,0.954396489,0,0,0.045603511,0,0.954396489,1,0,0,1,bad
13.8366963,4839.020491,2.846941975,3.846941975,41.1633037,1.846941975,1,0,1,0,0,0,0.846941975,0,0.153058025,0,0,0,0,0,1,0,0,0,0,0,0,0,1,0,0,0,0.153058025,0,0.846941975,0,0,0,0,1,1,0,0,0,1,0,0,0,1,0,0,0.153058025,0.846941975,0,1,0,0,0,1,0,1,bad
21.22243685,2067.238559,2.388781574,1.462927191,28.94390787,1,1,0.537072809,0,0.462927191,0,0,0,0,1,0,0,0,0,0,0,0,1,0,0,0,0,0,1,0,0,0.462927191,0,0.537072809,0,0,0,0,0.537072809,0.462927191,0.462927191,0,0.537072809,0,0.537072809,0,0.462927191,0,0.537072809,0.462927191,0,1,0,0,1,0,0,0.462927191,0.537072809,0,1,bad
16.61609521,2619.455143,2.246438085,3.753561915,42.75356191,1,1.123219043,0,0.876780957,0,0.123219043,0,0.876780957,0.123219043,0,0,0.123219043,0,0,0,0.876780957,0,0,0,0,0,0,0.123219043,0.876780957,0,0,0,0,0.123219043,0.876780957,0,0,0,0,1,0,0.876780957,0.123219043,0,0.876780957,0,0.123219043,1,0,0,0,0.123219043,0.876780957,0,0.876780957,0,0.123219043,0.123219043,0.876780957,0,1,bad
59.75348385,6834.397645,3,3.958913975,62.34262361,1.979456988,1,0,1,0,0,0,0,0.979456988,0.020543012,0,0.979456988,0,0,0,0,0,0.020543012,0,0,0,0,0,1,0,0,0.020543012,0,0,0.979456988,0,0.020543012,0,0,0.979456988,0,0,1,0.020543012,0,0.979456988,0,0,1,0,0,1,0,0,1,0,0,0,1,0,1,bad
17.41285905,2606.067123,3.608572699,4,57.75859493,2,1,0.19571365,0.80428635,0,0,0,0,0,1,0,0,0,0,0,0.19571365,0,0.80428635,0,0,0,0.19571365,0,0.80428635,0,0,1,0,0,0,0,0.19571365,0,0,0.80428635,0,0,1,0.19571365,0,0.80428635,0,0,1,0,0.80428635,0,0.19571365,0,1,0,0,0.80428635,0.19571365,0,1,bad
8.366051872,523.3193179,4,3.211316043,25.76039385,1,1,0.394341979,0.605658021,0,0,0,0,0,1,0,0,0,0.605658021,0,0,0,0,0.394341979,0,0,0,0,1,0,0,0.394341979,0,0.605658021,0,0,0.605658021,0,0,0.394341979,0,0,1,0.394341979,0.605658021,0,0,0,1,0,0,1,0,0,1,0,0,1,0,0,1,bad
28.27159946,3686.141892,2.711933243,2.932100135,34.91563284,1.644033378,1,0.355966622,0,0,0.644033378,0,0,0,0.644033378,0.355966622,0,0,0,0,0,0,1,0,0,0,0.644033378,0,0.355966622,0,0,0.355966622,0,0,0.644033378,0,0.355966622,0,0,0.644033378,0,0,1,1,0,0,0,0,1,0,0,1,0,0,1,0,0,0.644033378,0.355966622,0,1,bad
53.02880529,7317.374469,4,2.387288595,26.32373157,1,1,0.612711405,0.387288595,0,0,0,0,0,1,0,0,0,0,0,0.612711405,0,0.387288595,0,0,0,0.612711405,0,0,0,0.387288595,0,0.387288595,0.612711405,0,0,1,0,0,0,0,0,1,0.387288595,0.612711405,0,0,0,1,0,0,1,0,1,0,0,0,0.612711405,0.387288595,0,1,bad
22.69510745,1934.520983,2.521678606,2.521678606,38.82517909,1.739160697,1,1,0,0,0,0,0.739160697,0,0,0.260839303,0.260839303,0,0,0.739160697,0,0,0,0,0,0,0,0,1,0,0,0,0,0.739160697,0.260839303,0,0,0,0,1,0,0,1,0,0,0.260839303,0.739160697,0,1,0,0.260839303,0.739160697,0,0.260839303,0,0,0.739160697,0.739160697,0.260839303,0,1,bad
35.22525551,4597.548066,2.467718979,3.467718979,39.96843062,2.532281021,1.467718979,0,0.467718979,0,0.532281021,0,0,0,0.532281021,0.467718979,0.532281021,0,0,0,0,0,0,0,0,0.467718979,0,0,0.467718979,0.532281021,0,0.532281021,0,0,0.467718979,0,0,0,0,1,0,0,1,0,0.532281021,0.467718979,0,0,1,0,0.467718979,0.532281021,0,0.532281021,0.467718979,0,0,0.467718979,0.532281021,0,1,bad
19.13592013,4286.398079,3.432039935,3.189320022,39.24271991,1.378640043,1,1,0,0,0,0,0,0.810679978,0,0.189320022,0.189320022,0,0,0.810679978,0,0,0,0,0,0,0,0,1,0,0,0.189320022,0,0,0.810679978,0,0,0.810679978,0,0.189320022,0,0,1,0,0,0.810679978,0.189320022,0,1,0,0,1,0,0.810679978,0,0,0.189320022,0,1,0,1,bad
31.27341207,4508.567997,2,2.393882328,39.45317586,2.393882328,1,0.606117672,0,0,0.393882328,0,0,0.606117672,0.393882328,0,1,0,0,0,0,0,0,0,0,0,0,0,0.606117672,0.393882328,0,1,0,0,0,0,0,0.606117672,0,0.393882328,0,0,1,0,0.393882328,0,0.606117672,0,0.393882328,0.606117672,0,1,0,1,0,0,0,0,1,0,1,bad
12,681.5497866,4,1.32825159,28.53454134,1.32825159,1,0,1,0,0,0.32825159,0,0,0.67174841,0,0,0,0,0,0.32825159,0,0.67174841,0,0,0,0.67174841,0,0.32825159,0,0,0,0.67174841,0.32825159,0,0,0,0,0.67174841,0.32825159,0,0,1,0.32825159,0.67174841,0,0,0.32825159,0.67174841,0,0,1,0,0,1,0,0,0.67174841,0.32825159,0,1,bad
19.36975977,8800.797928,1.536975977,2.926048047,35.33443242,1.536975977,1,0,0.463024023,0,0.536975977,0,0,0.536975977,0.463024023,0,0.536975977,0,0,0,0.463024023,0,0,0,0,0,0,0,1,0,0,0,0,0.536975977,0.463024023,0,0,0.463024023,0,0.536975977,0,0,1,0.536975977,0.463024023,0,0,0.536975977,0.463024023,0,0,1,0,0.463024023,0.536975977,0,0,0,1,0.463024023,0.536975977,bad
24.48916987,8626.639582,2,2,28.79362287,1.918471688,1,0.081528312,0,0,0.918471688,0,0.081528312,0.918471688,0,0,0.918471688,0,0,0.081528312,0,0,0,0,0,0,0,0,1,0,0,0,0.081528312,0.918471688,0,0,0,0,0,1,0,0,1,0.918471688,0.081528312,0,0,0.918471688,0.081528312,0,0,1,0,0,1,0,0,0.081528312,0.918471688,0,1,bad
14.88864971,2751.408284,1.481441618,2.481441618,23.79639595,1,1,1,0,0,0,0,0,0,1,0,0,0,0,0.759279191,0.240720809,0,0,0,0,0,0,0,0.240720809,0,0.759279191,0.240720809,0,0,0.759279191,0,1,0,0,0,0,0,1,0,1,0,0,0.759279191,0.240720809,0,0,0.759279191,0.240720809,0,0.759279191,0,0.240720809,0,1,0,1,bad
15.46389636,1275.51544,4,2.103088079,24.41235232,1,1,0,1,0,0,0,0,0,1,0,0,0.948455961,0,0,0.051544039,0,0,0,0,0,0,0,0,0,1,0.948455961,0.051544039,0,0,0,1,0,0,0,0,0,1,0.948455961,0,0.051544039,0,0,1,0,0,0,1,0,1,0,0,1,0,0,1,bad
23.70135988,3965.762443,1.712669985,3.762443338,33.23755666,2.524886676,1,0,1,0,0,0,0.762443338,0,0.237556662,0,0,0,0,0,0.762443338,0,0.237556662,0,0,0,0,0,1,0,0,0,0,0.237556662,0.762443338,0,0.762443338,0,0,0.237556662,0,0,1,0.237556662,0,0,0.762443338,0.762443338,0.237556662,0,0,0.237556662,0.762443338,0,1,0,0,0.237556662,0.762443338,0,1,bad
37.80736584,6228.246931,4,4,27.06657315,1.84938618,1,0.15061382,0.84938618,0,0,0,0.84938618,0.15061382,0,0,0,0,0.15061382,0.84938618,0,0,0,0,0,0,0,0,1,0,0,0,0,0.84938618,0.15061382,0,0.84938618,0,0,0.15061382,0.84938618,0,0.15061382,0,0,1,0,0,1,0,0.15061382,0,0.84938618,0,0.15061382,0,0.84938618,0.15061382,0.84938618,0,1,bad
15.51727568,3396.942635,2.609191591,2.827574773,31.48272432,1.390808409,1,0,1,0,0,0,0,0.390808409,0.609191591,0,0,0,0.390808409,0,0,0,0,0,0,0.609191591,0,0,1,0,0,0,0,0.390808409,0.609191591,0,0,0,0,1,0,0,1,0,0.390808409,0.609191591,0,0,1,0,0.609191591,0.390808409,0,0,1,0,0,0.390808409,0.609191591,0,1,bad
41.76395504,6226.598352,4,4,35.96889884,1.519670413,1,0.480329587,0.519670413,0,0,0,0.519670413,0.480329587,0,0,0,0,0.480329587,0.519670413,0,0,0,0,0,0,0,0,1,0,0,0,0,0.519670413,0.480329587,0,0.519670413,0,0,0.480329587,0.519670413,0,0.480329587,0,0,1,0,0,1,0,0.480329587,0,0.519670413,0,0.480329587,0,0.519670413,0.480329587,0.519670413,0,1,bad
40.21561007,11704.81989,2,3.772171908,29,2,1,0.227828092,0.772171908,0,0,0,0,0,0.227828092,0.772171908,0.772171908,0,0,0,0,0.227828092,0,0,0,0,0,0,1,0,0,0.227828092,0,0,0.772171908,0,0,0,0,1,0.227828092,0,0.772171908,1,0,0,0,0.227828092,0.772171908,0,0,0.227828092,0.772171908,0.227828092,0.772171908,0,0,0.772171908,0.227828092,0,1,bad
12,688.1070676,3.035689184,3,30.17844592,1.517844592,1,0.482155408,0.517844592,0,0,0,0.517844592,0,0.482155408,0,0,0,0,0,1,0,0,0,0,0,0,0,1,0,0,0,0.482155408,0,0.517844592,0,0,0,0.482155408,0.517844592,0,0,1,0.482155408,0.517844592,0,0,0.482155408,0.517844592,0,0,1,0,0,0.517844592,0,0.482155408,1,0,0,1,bad
38.03643051,4936.747215,1.946468362,2.107063277,25.21412655,2,1,0.946468362,0,0,0.053531638,0,0.946468362,0,0,0.053531638,0,0,0,0,0.053531638,0,0.946468362,0,0,0,0,0,0.946468362,0,0.053531638,0.053531638,0.946468362,0,0,0,0.053531638,0,0,0.946468362,0,0.946468362,0.053531638,0,0.053531638,0,0.946468362,0.053531638,0.946468362,0,0,1,0,0,1,0,0,0.946468362,0.053531638,0,1,bad
23.29205926,3228.808435,3.764019753,3.764019753,23.11799012,1,1,0,1,0,0,0,0,0,1,0,0,0,0,0.882009877,0,0,0.117990123,0,0,0,0,0,1,0,0,0.117990123,0,0.882009877,0,0,1,0,0,0,0,0,1,0,0,0,1,0,1,0,0,0.117990123,0.882009877,0,0.117990123,0,0.882009877,0.117990123,0.882009877,0,1,bad
20.01345482,6439.878907,2.335575803,4,37.65769679,1.832212098,1.832212098,0,0.167787902,0,0.832212098,0.832212098,0,0,0.167787902,0,0,0,0,0.167787902,0.832212098,0,0,0,0,0,0,0,0.832212098,0,0.167787902,0,0,0,1,0,0,0,0,1,0,0,1,0,0.167787902,0.832212098,0,0.832212098,0.167787902,0,0,1,0,0.832212098,0.167787902,0,0,0.167787902,0.832212098,0,1,bad
10.26208807,737.4274716,3.420696022,2.420696022,30.10348011,1,1,0,0.420696022,0.579303978,0,0,0,0,1,0,0,0,0,0,0,0,1,0,0,0,0.420696022,0,0.579303978,0,0,0.579303978,0,0.420696022,0,0,0.579303978,0,0.420696022,0,0,0,1,0,0,0.420696022,0.579303978,0,1,0,0,1,0,0,0,0,1,0.579303978,0.420696022,0,1,bad
19.21417442,5021.751169,1.148818798,4,35.69684592,1.851181202,1.148818798,0.148818798,0,0,0.851181202,0.148818798,0,0,0,0.851181202,0,0,0,0,0.851181202,0,0,0,0,0.148818798,0,0,0.148818798,0,0.851181202,0.851181202,0,0,0.148818798,0,1,0,0,0,0,0,1,0,0.851181202,0.148818798,0,1,0,0,0.148818798,0.851181202,0,0.148818798,0.851181202,0,0,0,1,0,1,bad
17.36284521,2253.789728,4,2,35.96679914,2,1,0,0.670355651,0,0.329644349,0,1,0,0,0,0.329644349,0,0,0,0.670355651,0,0,0,0,0,0,0,1,0,0,0.670355651,0,0,0,0.329644349,0,0,0.670355651,0.329644349,0,0.670355651,0.329644349,0.329644349,0.670355651,0,0,0.670355651,0,0.329644349,0,0.329644349,0.670355651,0.329644349,0.670355651,0,0,0.670355651,0.329644349,0.670355651,0.329644349,bad
46.87206019,11674.97147,2,4,25.87989968,2,1,0,0.375979937,0,0.624020063,0,0.624020063,0,0,0.375979937,0.375979937,0,0,0,0,0,0,0,0,0.624020063,0.624020063,0,0.375979937,0,0,0.624020063,0,0,0.375979937,0,0.624020063,0,0,0.375979937,0,0,1,1,0,0,0,0.624020063,0.375979937,0,0,0,1,0,0.375979937,0,0.624020063,1,0,0,1,bad
29.34018715,3076.488028,3.254294626,2.508589252,21.74570537,1,1,1,0,0,0,0,0,0,1,0,0,0,0,0,0,0,1,0,0,0,1,0,0,0,0,0.254294626,0,0.745705374,0,0,0,0,0.745705374,0.254294626,0,0.254294626,0.745705374,0.745705374,0.254294626,0,0,0,1,0,0,0,1,0,1,0,0,0.254294626,0.745705374,0,1,bad
22.57896454,3167.868338,3.526321513,2,29.3421253,1,1,0,1,0,0,0.763160757,0,0,0.236839243,0,0.763160757,0,0,0,0,0,0.236839243,0,0,0,0,0,1,0,0,1,0,0,0,0,0.236839243,0,0,0.763160757,0,0,1,0,0.763160757,0,0.236839243,0,1,0,0,0.236839243,0.763160757,0,1,0,0,0.236839243,0.763160757,0,1,bad
45.44309949,3063.409201,3.893462479,3.786924957,27.36077487,1.893462479,1,1,0,0,0,0,0,0,1,0,0,0,0,0,0,0,1,0,0,0,0.106537521,0,0.893462479,0,0,0,0.893462479,0.106537521,0,0,0,0,0.106537521,0.893462479,0,0,1,0.106537521,0,0,0.893462479,0,1,0,0,0.893462479,0.106537521,0,1,0,0,0.893462479,0.106537521,0,1,bad
19.14896209,1942.042532,4,3.808506319,24.72344313,1,1,0,0.191493681,0,0.808506319,0,0,0,1,0,0,0,0,0,0,0,0.191493681,0.808506319,0,0,0,0,1,0,0,0,0,1,0,0,0.808506319,0.191493681,0,0,0,0,1,0,0.191493681,0,0.808506319,0,1,0,0,1,0,0,1,0,0,1,0,0,1,bad
55.49542354,6263.975592,4,4,45.00305098,1,1,1,0,0,0,0,0,0.375381372,0.624618628,0,0,0,1,0,0,0,0,0,0,0,0,0,1,0,0,0.624618628,0,0,0.375381372,0,0,0,0,1,0,0,1,0,0,1,0,0,1,0,1,0,0,0,1,0,0,1,0,0,1,bad
17.20254835,1243.086806,2.543403217,2.971064522,35.13830653,1,1.485532261,0.514467739,0,0.485532261,0,0,0,0,1,0,0,0,0,0,1,0,0,0,0,0,0.485532261,0,0.514467739,0,0,0,0,0.514467739,0.485532261,0,0.485532261,0,0,0.514467739,0,0,1,0,0,0.485532261,0.514467739,0,0.485532261,0.514467739,0.485532261,0.514467739,0,0,0,0,1,1,0,0,1,bad
32.9270747,3841.899412,4,1.341436144,39.95138314,1,1.341436144,1,0,0,0,0,0,0,0.341436144,0.658563856,0.341436144,0,0,0,0,0,0.658563856,0,0,0,0,0,1,0,0,1,0,0,0,0,0.658563856,0,0,0.341436144,0,0,1,1,0,0,0,0,1,0,0,1,0,0,1,0,0,0,1,0,1,bad
36.78340054,4742.087334,3.217466718,2.782533282,25,1.608733359,1,1,0,0,0,0,1,0,0,0,0,0,0,0.391266641,0,0,0.608733359,0,0,0,0,0,1,0,0,0,0,1,0,0,0.391266641,0,0,0.608733359,0,0,1,0.391266641,0.608733359,0,0,0.391266641,0.608733359,0,0,1,0,0,0,0,1,1,0,0,1,bad
12.4362288,1331.072705,2.0727048,1.0363524,22.7634004,1.0363524,1.0363524,0.9636476,0.0363524,0,0,0,0,0.0363524,0.9636476,0,0,0,0,0,0.0363524,0,0.9636476,0,0,0,0,0,1,0,0,0,0,0.9636476,0,0.0363524,0,0,0,1,0,0,1,0.9636476,0,0,0.0363524,0,0.0363524,0.9636476,0.0363524,0.9636476,0,0,1,0,0,1,0,0,1,bad
9.611946117,1337.734335,3.959203592,2.081592816,33.63283233,1.959203592,1,0.040796408,0,0.959203592,0,0,0,0,0.040796408,0.959203592,0,0,0,0,0.040796408,0,0.959203592,0,0,0,0,0,1,0,0,0,0,1,0,0,0.040796408,0,0,0.959203592,0,0,1,1,0,0,0,0,1,0,0,1,0,0.959203592,0,0,0.040796408,0,1,0,1,bad
19.57361541,2481.217769,4,1.174846157,24.65030769,1.174846157,1,0.174846157,0.825153843,0,0,0,0.174846157,0,0.825153843,0,0,0,0,0.825153843,0,0,0.174846157,0,0,0,0,0.174846157,0.825153843,0,0,0.174846157,0,0,0,0.825153843,0,0,0,1,0,0,1,0.825153843,0.174846157,0,0,0,1,0,0,1,0,0,0,0.825153843,0.174846157,1,0,0,1,bad
36,8219.502869,2,2.132827008,27.06261606,1.199240511,1.933586496,0.066413504,0.933586496,0,0,0,0,0.066413504,0.933586496,0,0,0,0,0,0.066413504,0,0,0,0,0.933586496,0.066413504,0,0.933586496,0,0,0.933586496,0,0,0.066413504,0,0,0,0,1,0,0,1,0.066413504,0.933586496,0,0,0,1,0,0,1,0,0.066413504,0.933586496,0,0,0.933586496,0.066413504,0,1,bad
27.88652383,4230.959813,1.971630956,3.352246029,32.76123015,2.352246029,1,0.676123015,0,0.323876985,0,0,0,0,0.323876985,0.676123015,0.676123015,0,0,0,0,0,0.323876985,0,0,0,0,0,1,0,0,1,0,0,0,0,0,0,0,1,0,0,1,0.323876985,0,0,0.676123015,0,1,0,0,1,0,0,0.323876985,0,0.676123015,0.323876985,0.676123015,0,1,bad
15.63823449,1238.308331,4,2,29.45735173,1,1,0.606372415,0.393627585,0,0,0,0.606372415,0,0.393627585,0,0,0,0,0,0.393627585,0,0.606372415,0,0,0,0,0,1,0,0,1,0,0,0,0,0.393627585,0,0.606372415,0,0,0,1,0.606372415,0,0,0.393627585,0,1,0,0,1,0,0,0.606372415,0,0.393627585,1,0,0,1,bad
11.43672409,441.2040949,3.54693966,4,22.54693966,1,1,0,0.54693966,0,0.45306034,0,0,0,1,0,0,0,0.54693966,0,0,0,0.45306034,0,0,0,0,0,1,0,0,0,0,0.54693966,0,0.45306034,1,0,0,0,0.45306034,0,0.54693966,0,0.54693966,0,0.45306034,0,1,0,0,0.54693966,0.45306034,0,1,0,0,1,0,0,1,bad
12,2285.856763,3.866451365,2.133548635,44.40387543,2,1,0,0.133548635,0,0.866451365,0,1,0,0,0,0.866451365,0,0,0.133548635,0,0,0,0,0,0,0,0,1,0,0,0,0,0,0.133548635,0.866451365,0,0,0,1,0,0,1,0.866451365,0.133548635,0,0,0,0.133548635,0.866451365,0,1,0,0.866451365,0.133548635,0,0,0.133548635,0.866451365,0,1,bad
24.85953588,11347.97398,2,3.04093028,29,2,1,0.95906972,0.04093028,0,0,0,0,0,0.95906972,0.04093028,0.04093028,0,0,0,0,0.95906972,0,0,0,0,0,0,1,0,0,0.95906972,0,0,0.04093028,0,0,0,0,1,0.95906972,0,0.04093028,1,0,0,0,0.95906972,0.04093028,0,0,0.95906972,0.04093028,0.95906972,0.04093028,0,0,0.04093028,0.95906972,0,1,bad
31.95133282,4878.490307,2,2.469911146,27.81946687,1.530088854,1,0.530088854,0.469911146,0,0,0,0.530088854,0,0.469911146,0,0,0,0,0,0.469911146,0,0.530088854,0,0,0,0,0,1,0,0,0,1,0,0,0,0,0,0,1,0.469911146,0.530088854,0,0,0.469911146,0,0.530088854,0,1,0,0,1,0,0,1,0,0,0.530088854,0.469911146,0,1,bad
28.23116517,6894.389916,1.823701451,1,51.29773048,1.176298549,1,0,1,0,0,0.823701451,0,0,0.176298549,0,0,0,0,0.823701451,0,0,0.176298549,0,0,0,0,0,1,0,0,0,0.176298549,0.823701451,0,0,0,0.823701451,0.176298549,0,0,0.176298549,0.823701451,0,0.823701451,0,0.176298549,0.823701451,0.176298549,0,0,1,0,0,1,0,0,0,1,0,1,bad
8.953209604,1238.429814,2.046790396,4,35.43851525,1,1.476604802,0.523395198,0,0.476604802,0,0,0,0,1,0,0,0,0,0.523395198,0.476604802,0,0,0,0,0,0.476604802,0,0.523395198,0,0,0.523395198,0,0,0.476604802,0,1,0,0,0,0,0,1,0,0,0.476604802,0.523395198,0,1,0,0.476604802,0.523395198,0,0,0.523395198,0,0.476604802,1,0,0,1,bad
15.4494053,1276.299604,3.287450442,1.287450442,35.56274779,1,1,0,1,0,0,0,0,0,1,0,0,0,0,0,0.712549558,0,0.287450442,0,0,0,0.287450442,0,0.712549558,0,0,0.287450442,0,0.712549558,0,0,1,0,0,0,0,0,1,0.287450442,0,0,0.712549558,0,1,0,0,1,0,0,0,0,1,1,0,0,1,bad
16.15270174,1239.765988,4,2,30.22905261,1,1,0.692116956,0.307883044,0,0,0,0.692116956,0,0.307883044,0,0,0,0,0,0.307883044,0,0.692116956,0,0,0,0,0,1,0,0,1,0,0,0,0,0.307883044,0,0.692116956,0,0,0,1,0.692116956,0,0,0.307883044,0,1,0,0,1,0,0,0.692116956,0,0.307883044,1,0,0,1,bad
24,3339.103249,4,4,29.39758909,1,1.913941299,0,1,0,0,0.913941299,0,0,0.086058701,0,0,0,0,1,0,0,0,0,0,0,0,0.913941299,0.086058701,0,0,0,0,1,0,0,0.086058701,0,0,0.913941299,0,0,1,0,0,0.913941299,0.086058701,0,1,0,0.913941299,0,0.086058701,0,0.913941299,0,0.086058701,0,1,0,1,bad
36,7939.941002,4,3.359056032,26.35905603,2,1,0,0,0,1,0,0.320471984,0.679528016,0,0,0.679528016,0,0,0,0.320471984,0,0,0,0,0,0,0,0.320471984,0,0.679528016,0.320471984,0,0.679528016,0,0,0.320471984,0,0,0.679528016,0,0,1,0.679528016,0,0,0.320471984,0,0.679528016,0.320471984,0,0.320471984,0.679528016,0,1,0,0,0,1,0,1,bad
18,2467.589108,3.016201505,1.491899247,23.52430226,1,1,0,1,0,0,0,0,0,1,0,0,0,0,1,0,0,0,0,0,0,0,0,1,0,0,0.491899247,0,0,0,0.508100753,0,0,0,1,0,0,1,1,0,0,0,0,1,0,0,1,0,0,0.491899247,0.508100753,0,1,0,0,1,bad
15.19106683,2755.351944,1.132961118,2,27.12737789,1,1.132961118,0.867038882,0.132961118,0,0,0,0,0,1,0,0,0,0,1,0,0,0,0,0,0,0,0,0.132961118,0,0.867038882,0,0,0,1,0,0.867038882,0,0,0.132961118,0,0,1,0,1,0,0,1,0,0,0,1,0,0,1,0,0,0.132961118,0.867038882,0,1,bad
10.80701694,1128.169593,4,3.602338978,30.19298306,1.397661022,1.397661022,0.397661022,0,0,0.602338978,0,0.397661022,0,0.602338978,0,0,0,0.397661022,0.602338978,0,0,0,0,0,0,0,0.602338978,0,0.397661022,0,0.602338978,0,0,0.397661022,0,0.602338978,0,0,0.397661022,0,0,1,0.602338978,0,0.397661022,0,0,1,0,0.397661022,0,0.602338978,0,0.397661022,0,0.602338978,1,0,0,1,bad
10.01191518,1668.060496,4,2,23.51787277,1.084326265,1.084326265,0.915673735,0.084326265,0,0,0.084326265,0,0,0.915673735,0,0,0,0,0,0.084326265,0,0.915673735,0,0,0,0,0,0.915673735,0,0.084326265,0.084326265,0,0.915673735,0,0,0.915673735,0,0,0.084326265,0,0,1,0.915673735,0.084326265,0,0,0,1,0,0,1,0,0,0.915673735,0,0.084326265,0.084326265,0.915673735,0,1,bad
24.78326676,1912.057459,4,3.420362973,57.59526311,1,1,0.289818513,0,0.710181487,0,0,0,0.710181487,0.289818513,0,0.710181487,0,0,0.289818513,0,0,0,0,0,0,0,0,1,0,0,0.289818513,0,0,0.710181487,0,0,0,0,1,0,0,1,0,0.289818513,0,0.710181487,0,1,0,0,1,0,0.710181487,0,0,0.289818513,0.289818513,0.710181487,0,1,bad
27.76977705,12213.95992,2.115111476,1.371703825,37.71703825,1,1,0.371703825,0.628296175,0,0,0,0,0,1,0,0,0,0,0,0,0,0,0.628296175,0,0.371703825,0,0,1,0,0,0,0,0.628296175,0.371703825,0,0.371703825,0.628296175,0,0,0,0,1,0,0,1,0,0,1,0,0.371703825,0.628296175,0,0.371703825,0,0,0.628296175,0,1,0,1,bad
20.15810241,2585.612651,4,2.561265062,47.73518074,1.280632531,1.719367469,0,0.280632531,0,0.719367469,0,0,0.719367469,0.280632531,0,0.719367469,0,0,0,0,0,0.280632531,0,0,0,0,0.719367469,0.280632531,0,0,0.280632531,0,0.719367469,0,0,0,0,0,1,0,0,1,0,0,0.280632531,0.719367469,0.719367469,0.280632531,0,0.280632531,0.719367469,0,0,0.280632531,0,0.719367469,1,0,0,1,bad
33.95607086,2147.725239,2.227103238,1.113551619,24.45420648,1.886448381,1,0,0.886448381,0,0.113551619,0,0,1,0,0,1,0,0,0,0,0,0,0,0,0,0,0,1,0,0,0.113551619,0.886448381,0,0,0,0,0,0.113551619,0.886448381,0,0,1,1,0,0,0,0,1,0,0,1,0,0,1,0,0,0,1,0,1,bad
33.69263323,7756.536834,2.794853709,4,43.35882967,1,1,0,1,0,0,0.602573145,0,0,0.397426855,0,0.602573145,0,0,0.397426855,0,0,0,0,0,0,0,0,1,0,0,0,0.602573145,0,0.397426855,0,0.602573145,0,0,0.397426855,0,0.602573145,0.397426855,0.602573145,0,0.397426855,0,0,1,0,0.397426855,0,0.602573145,0.397426855,0.602573145,0,0,0.602573145,0.397426855,0,1,bad
53.6838414,7424.211474,4,1.78946138,30.10561998,1,1,0.78946138,0,0,0.21053862,0.21053862,0,0,0.78946138,0,0,0,0,0,0.78946138,0,0,0,0,0.21053862,0.78946138,0,0,0,0.21053862,0,0,0.78946138,0,0.21053862,1,0,0,0,0,0,1,0,0.78946138,0,0.21053862,0.21053862,0.78946138,0,0,1,0,1,0,0,0,0.78946138,0.21053862,0,1,bad
28.16454933,4887.491107,2.722363378,3.444726756,45.22617458,2,1.722363378,0.277636622,0.722363378,0,0,0,0.277636622,0.722363378,0,0,0,0,0,0,0.722363378,0,0.277636622,0,0,0,0,0,1,0,0,0.722363378,0.277636622,0,0,0,0,0,0,1,0,0.277636622,0.722363378,0,0,0.722363378,0.277636622,0,1,0,0.722363378,0.277636622,0,0,1,0,0,1,0,0,1,bad
48,9961.781647,1.010668546,2,26.19203383,1,1,0.989331454,0,0,0.010668546,0,0.010668546,0,0.989331454,0,0,0,0,0.989331454,0.010668546,0,0,0,0,0,0,0.010668546,0.989331454,0,0,0.010668546,0,0.989331454,0,0,0.989331454,0,0,0.010668546,0,0,1,0.989331454,0,0.010668546,0,0.010668546,0.989331454,0,0.010668546,0.989331454,0,0,1,0,0,0.010668546,0.989331454,0,1,bad
12.74571786,939.4971452,4,2.062143155,28.62143155,2.87571369,1.062143155,0,0,1,0,0,0.937856845,0,0.062143155,0,0,0,0,0,1,0,0,0,0,0,0,0.937856845,0.062143155,0,0,0,1,0,0,0,0,0,0.937856845,0.062143155,0,0,1,0,0,0.062143155,0.937856845,0.062143155,0.937856845,0,0.062143155,0.937856845,0,0,1,0,0,0.062143155,0.937856845,0,1,bad
22.42303977,2311.410455,2.948693183,1,38.6921591,1,1,0,0.474346591,0.525653409,0,0,0.525653409,0,0.474346591,0,0,0,0.525653409,0,0.474346591,0,0,0,0,0,0,0,1,0,0,0,0,0.525653409,0.474346591,0,0,0.525653409,0,0.474346591,0.474346591,0,0.525653409,0.525653409,0,0,0.474346591,0,1,0,0,0.474346591,0.525653409,0,1,0,0,1,0,0,1,bad
35.99752003,11606.79951,2,3.571310478,29,2,1,0.428689522,0.571310478,0,0,0,0,0,0.428689522,0.571310478,0.571310478,0,0,0,0,0.428689522,0,0,0,0,0,0,1,0,0,0.428689522,0,0,0.571310478,0,0,0,0,1,0.428689522,0,0.571310478,1,0,0,0,0.428689522,0.571310478,0,0,0.428689522,0.571310478,0.428689522,0.571310478,0,0,0.571310478,0.428689522,0,1,bad
20.81646781,1211.775298,4,3.469411302,23.4694113,1,1,0,1,0,0,0,0,0,1,0,0,0,0,0,1,0,0,0,0,0,0,0,1,0,0,0,0,1,0,0,1,0,0,0,0,0,1,0.530588698,0.469411302,0,0,0,1,0,0,0,1,0,1,0,0,0.469411302,0.530588698,0,1,bad
10.56515656,1129.217655,4,3.521718853,30.43484344,1.478281147,1.478281147,0.478281147,0,0,0.521718853,0,0.478281147,0,0.521718853,0,0,0,0.478281147,0.521718853,0,0,0,0,0,0,0,0.521718853,0,0.478281147,0,0.521718853,0,0,0.478281147,0,0.521718853,0,0,0.478281147,0,0,1,0.521718853,0,0.478281147,0,0,1,0,0.478281147,0,0.521718853,0,0.478281147,0,0.521718853,1,0,0,1,bad
17.31874714,751.8166743,4,1.227084288,31.42814361,1,1,0.113542144,0.886457856,0,0,0,0,0,1,0,0,0,0.886457856,0,0,0,0.113542144,0,0,0,0,0.113542144,0.886457856,0,0,0.113542144,0,0,0,0.886457856,0.886457856,0,0,0.113542144,0,0,1,0,0,0,1,0,1,0,0,1,0,0,0,0.886457856,0.113542144,1,0,0,1,bad
26.12981692,2570.52211,3.058012206,2.883975589,21.69614647,1,1.058012206,0,0.058012206,0,0.941987794,0,0,0,1,0,0,0,0,0,1,0,0,0,0,0,0,0,1,0,0,0.941987794,0,0.058012206,0,0,0.941987794,0,0,0.058012206,0,0,1,0,0,0,1,0,1,0,0,0.058012206,0.941987794,0,0.941987794,0,0.058012206,1,0,0,1,bad
20.63684552,1549.92368,4,3.439474253,35.21051494,1,1,0,1,0,0,1,0,0,0,0,0,0,0,0.560525747,0,0,0.439474253,0,0,0,0,0,1,0,0,0.560525747,0.439474253,0,0,0,0,0,0,1,0,0.439474253,0.560525747,1,0,0,0,1,0,0,0,0.560525747,0.439474253,0,0.560525747,0,0.439474253,1,0,0,1,bad
20.52720182,2319.630398,2,1.157599392,32.36960243,1,1,0,0,1,0,0,0.921200304,0,0.078799696,0,0,0,0.921200304,0,0,0,0.078799696,0,0,0,0,0,1,0,0,0,0,1,0,0,0.078799696,0.921200304,0,0,0,0,1,0.921200304,0,0,0.078799696,0,1,0,0,0.078799696,0.921200304,0,0.921200304,0,0.078799696,1,0,0,1,bad
18.27537242,8988.882766,1.58300533,3.41699467,41.89063824,1,1,0.19433511,0.80566489,0,0,0,0,0,1,0,0,0,0,0.19433511,0.80566489,0,0,0,0,0,0.19433511,0,0.80566489,0,0,0,0,0.19433511,0.80566489,0,0,0.80566489,0,0.19433511,0.19433511,0,0.80566489,0,0.80566489,0.19433511,0,0,1,0,0,0.80566489,0.19433511,1,0,0,0,0,1,0.80566489,0.19433511,bad
36.98492934,3914.524527,4,2,36.95094565,1,1.524527174,0.524527174,0,0,0.475472826,0,0,0,1,0,1,0,0,0,0,0,0,0,0,0,0,0,0.524527174,0,0.475472826,1,0,0,0,0,0,0.475472826,0,0.524527174,0,0,1,0.524527174,0,0,0.475472826,0.475472826,0.524527174,0,0,1,0,0,1,0,0,0.475472826,0.524527174,0,1,bad
8.743493397,1215.401485,2.628253301,2.628253301,46.5427511,1.4572489,1,1,0,0,0,0,0,0.5427511,0.4572489,0,0,0,0,0,1,0,0,0,0,0,0,0,1,0,0,0,0,0,0.4572489,0.5427511,0,0.4572489,0,0.5427511,0,0,1,0,0.5427511,0,0.4572489,0,1,0,0,0.5427511,0.4572489,0.5427511,0.4572489,0,0,0.4572489,0.5427511,0,1,bad
48,3059.417897,3.935321892,4,29.6816308,1.935321892,1,0.935321892,0.064678108,0,0,0,0,0,1,0,0,0.064678108,0,0,0,0,0.935321892,0,0,0,0,0,1,0,0,0.064678108,0.935321892,0,0,0,0,0,0,1,0,0,1,0.064678108,0,0,0.935321892,0,1,0,0,1,0,0,1,0,0,1,0,0,1,bad
12.91089736,1279.874573,2.607264907,3.392735093,21.21452981,1,1,0,1,0,0,0,0,0,1,0,0,0.303632453,0,0.696367547,0,0,0,0,0,0,0,0,0.696367547,0,0.303632453,1,0,0,0,0,1,0,0,0,0,0,1,1,0,0,0,0,1,0,0,0,1,0,1,0,0,1,0,0,1,bad
20.38258486,3105.263856,1.794194954,3.205805046,24.41161009,1,1,0.397097477,0.602902523,0,0,0,0,0,0.397097477,0.602902523,0,0,0,0.602902523,0,0,0.397097477,0,0,0,0.397097477,0,0.602902523,0,0,0,0,1,0,0,0.602902523,0,0.397097477,0,0,0,1,0.397097477,0.602902523,0,0,0,1,0,0,0,1,0,1,0,0,0.602902523,0.397097477,0,1,bad
11.84987537,2243.297757,2.924937684,2.924937684,57.37281895,1.924937684,1,0,0.924937684,0,0.075062316,0,0.924937684,0,0.075062316,0,0,0,0,1,0,0,0,0,0,0,0,0,1,0,0,0.075062316,0,0,0.924937684,0,0,0,0,1,0,0,1,0,0.924937684,0,0.075062316,0.075062316,0.924937684,0,0,0.924937684,0.075062316,0,0.924937684,0,0.075062316,1,0,0,1,bad
6,14625.26144,1,2.412090542,32.27203719,1,1,0.793954729,0.206045271,0,0,0,0,0,1,0,0,0,0,0,1,0,0,0,0,0,0,0,0.206045271,0,0.793954729,0,0,0,0.206045271,0.793954729,0,0,0,1,0,0,1,0,0.793954729,0.206045271,0,0.206045271,0.793954729,0,0,1,0,0.206045271,0,0.793954729,0,0,1,0,1,bad
12,696.0213216,4,3.278962314,41.1371709,1.721037686,1,0,1,0,0,0,0.721037686,0,0.278962314,0,0,0,0,0,0.721037686,0,0.278962314,0,0,0,0,0,1,0,0,0,0,0,1,0,0,0,0,1,0,0,1,0,0.721037686,0,0.278962314,0,0.721037686,0.278962314,0,1,0,0,0.721037686,0,0.278962314,1,0,0,1,bad
45.43448319,7142.517237,3.427586134,3.572413866,43.16551891,1.572413866,1.572413866,0,1,0,0,0,0,0,0.427586134,0.572413866,0,0,0,0.572413866,0,0,0.427586134,0,0,0,0,0,0.572413866,0,0.427586134,0.572413866,0.427586134,0,0,0,0.427586134,0,0,0.572413866,0,0,1,0.427586134,0,0.572413866,0,0,1,0,0.572413866,0.427586134,0,0.427586134,0.572413866,0,0,0.572413866,0.427586134,0,1,bad
38.49323764,14366.20259,3.896115098,2.207769804,57.31165471,1.103884902,1,1,0,0,0,0.103884902,0,0,0.896115098,0,0,0,0,0,0.896115098,0.103884902,0,0,0,0,0.103884902,0,0.896115098,0,0,0,0,0,1,0,0.103884902,0,0,0.896115098,0,0,1,0,0,1,0,0.103884902,0.896115098,0,1,0,0,1,0,0,0,0,1,0,1,bad
25.80559193,11471.82693,1.451397982,3.699068012,23.45139798,2,1,0.849534006,0,0,0.150465994,0,0,0,1,0,0,0,0,0.150465994,0,0,0,0,0,0.849534006,0,0,1,0,0,0.849534006,0,0,0,0.150465994,1,0,0,0,0,0,1,1,0,0,0,0,1,0,0,0.150465994,0.849534006,1,0,0,0,0.849534006,0.150465994,0,1,bad
15.90495069,14875.08955,1.366850025,4,66.5325999,1.183425013,1,0.183425013,0.816574987,0,0,0.183425013,0,0,0.816574987,0,0,0,0,0,0.816574987,0.183425013,0,0,0,0,0.183425013,0,0.816574987,0,0,0,0,0,1,0,0.183425013,0,0,0.816574987,0,0,1,0,0,1,0,1,0,0,0.183425013,0.816574987,0,1,0,0,0,0,1,0,1,bad
11.31497773,2233.669599,2.657488863,2.657488863,48.01211022,1.657488863,1,0,0.657488863,0,0.342511137,0,0.657488863,0,0.342511137,0,0,0,0,1,0,0,0,0,0,0,0,0,1,0,0,0.342511137,0,0,0.657488863,0,0,0,0,1,0,0,1,0,0.657488863,0,0.342511137,0.342511137,0.657488863,0,0,0.657488863,0.342511137,0,0.657488863,0,0.342511137,1,0,0,1,bad
12,940.4250171,4,2.237502857,27.88124857,3.118751428,1,0.118751428,0,0.881248572,0,0,0.881248572,0,0.118751428,0,0,0,0,0.118751428,0.881248572,0,0,0,0,0,0.118751428,0.881248572,0,0,0,0,0.881248572,0.118751428,0,0,0.118751428,0,0.881248572,0,0,0,1,0.118751428,0,0,0.881248572,0.118751428,0.881248572,0,0,0.881248572,0.118751428,0,1,0,0,0.118751428,0.881248572,0,1,bad
12.16444704,1273.451843,2.945184322,1.054815678,36.34221186,1,1,0.054815678,0.945184322,0,0,0.054815678,0,0,0.945184322,0,0,0,0,0,1,0,0,0,0,0,0.054815678,0,0.945184322,0,0,0.054815678,0,0.945184322,0,0,0.945184322,0,0.054815678,0,0,0,1,0,0.054815678,0,0.945184322,0,1,0,0,0.945184322,0.054815678,0,0.054815678,0,0.945184322,1,0,0,1,bad
29.68370389,2735.159752,2.842172815,2,49.42172815,1.421086407,1.578913593,0.421086407,0.578913593,0,0,0,0,0,1,0,0.421086407,0,0,0.578913593,0,0,0,0,0,0,0.421086407,0,0.578913593,0,0,0,0,0,1,0,0,0.421086407,0,0.578913593,0,0,1,0.421086407,0.578913593,0,0,1,0,0,0,0.578913593,0.421086407,0,0.578913593,0,0.421086407,1,0,0,1,bad
11.11086805,905.3347917,4,1.703622682,25.07464122,1,1,0.296377318,0.703622682,0,0,0,0,0,1,0,0,0,0,0.296377318,0.703622682,0,0,0,0,0,0,0,0.296377318,0,0.703622682,1,0,0,0,0,0.296377318,0,0.703622682,0,0,0,1,0.703622682,0.296377318,0,0,0,1,0,0,1,0,0,1,0,0,1,0,0,1,bad
30.28822449,8225.564356,2.365358277,3.269283446,35.78890929,2,1,0.634641723,0.365358277,0,0,0,0.365358277,0,0,0.634641723,0.634641723,0,0.365358277,0,0,0,0,0,0,0,0,0,1,0,0,0.365358277,0,0,0.634641723,0,1,0,0,0,0,0,1,0,0,1,0,0,1,0,0.634641723,0.365358277,0,1,0,0,0,0,1,0,1,bad
6.962567491,3382.128341,1.160427915,4,43.2513364,1,1.053475972,0,1,0,0,0.053475972,0.946524028,0,0,0,0,0,0,1,0,0,0,0,0,0,0,0.053475972,0.946524028,0,0,0.946524028,0,0.053475972,0,0,0,0.946524028,0,0.053475972,0,0,1,0,0,0.053475972,0.946524028,0,1,0,0.053475972,0,0.946524028,0.946524028,0.053475972,0,0,0,1,0,1,bad
51.30116007,14520.3099,2.275096673,2.550193346,34.62838355,1.275096673,1,1,0,0,0,0.275096673,0,0,0,0.724903327,0.724903327,0,0,0,0,0.275096673,0,0,0,0,0.275096673,0,0.724903327,0,0,0.724903327,0,0,0.275096673,0,0.275096673,0,0,0.724903327,0,0,1,0.724903327,0,0.275096673,0,0.275096673,0.724903327,0,0.275096673,0.724903327,0,0.275096673,0.724903327,0,0,0,1,0,1,bad
28.30007336,11452.67734,1,3.641660553,23.71667889,2,1,1,0,0,0,0,0,0,1,0,0,0,0,0,0,0,0.179169723,0,0,0.820830277,0,0,0.820830277,0.179169723,0,0.820830277,0.179169723,0,0,0,0.820830277,0,0,0.179169723,0.179169723,0,0.820830277,0.820830277,0,0.179169723,0,0.179169723,0.820830277,0,0,0.179169723,0.820830277,0.820830277,0.179169723,0,0,0.820830277,0.179169723,0,1,bad
54.90082507,14194.42291,3.150137512,2,26.15013751,1,1,1,0,0,0,0,0,0,0.575068756,0.424931244,0.424931244,0,0,0,0.575068756,0,0,0,0,0,0,0,1,0,0,0.424931244,0.575068756,0,0,0,0,0,0,1,0,0,1,0.424931244,0,0.575068756,0,0,1,0,0,1,0,0.575068756,0.424931244,0,0,0,1,0,1,bad
22.61900311,1939.150831,4,3.230166149,29.92850466,1,1,0,0.769833851,0,0.230166149,0,0,0,1,0,0,0,0,0,0,0,0.769833851,0.230166149,0,0,0,0,1,0,0,0,0,1,0,0,0.230166149,0.769833851,0,0,0,0,1,0,0.769833851,0,0.230166149,0,1,0,0,1,0,0,1,0,0,1,0,0,1,bad
12.54523096,1241.590769,1.954461609,3.363692261,43.22769196,1,1.68184613,0.31815387,0,0.68184613,0,0,0.31815387,0,0.68184613,0,0,0,0,0,0.68184613,0,0.31815387,0,0,0,0.68184613,0,0.31815387,0,0,0.31815387,0,0,0.68184613,0,0.68184613,0,0.31815387,0,0,0,1,0.31815387,0,0.68184613,0,0,1,0,0.68184613,0.31815387,0,0,0.31815387,0,0.68184613,1,0,0,1,bad
14.95629759,963.3179066,2.521851205,3.01456747,25.02913494,2.521851205,1,0.507283735,0.492716265,0,0,0,0,0,1,0,0,0,0,0.507283735,0.492716265,0,0,0,0,0,0.507283735,0,0.492716265,0,0,0,0,1,0,0,1,0,0,0,0,0,1,1,0,0,0,0.507283735,0.492716265,0,0,0.492716265,0.507283735,0,0.507283735,0,0.492716265,1,0,0,1,bad
19.42816568,1347.380276,3.761972386,3.238027614,25.76197239,1,1,0.238027614,0.761972386,0,0,0,0,0,1,0,0,0,0,0,0.238027614,0,0.761972386,0,0,0,0,0,1,0,0,0.761972386,0,0.238027614,0,0,0.238027614,0,0.761972386,0,0,0,1,0.238027614,0,0,0.761972386,0.761972386,0.238027614,0,0,1,0,0,0.761972386,0,0.238027614,0.761972386,0.238027614,0,1,bad
31.10202425,1847.986415,4,3.455780473,32.91156095,1.272109764,1,0,0.727890236,0,0.272109764,0,0.272109764,0,0.727890236,0,0,0,0.272109764,0,0.727890236,0,0,0,0,0,0.272109764,0,0.727890236,0,0,0.272109764,0,0.727890236,0,0,1,0,0,0,0,0,1,0.727890236,0,0,0.272109764,0,1,0,0,1,0,0,1,0,0,0.272109764,0.727890236,0,1,bad
48,3919.341475,4,2.62840888,40.51363552,1,1.31420444,0,0.31420444,0,0.68579556,0,0,0,1,0,0.68579556,0,0,0,0.31420444,0,0,0,0,0,0,0,0.31420444,0,0.68579556,0.68579556,0.31420444,0,0,0,0,0.68579556,0,0.31420444,0,0,1,0,0,0.31420444,0.68579556,0.68579556,0.31420444,0,0.31420444,0.68579556,0,0,1,0,0,1,0,0,1,bad
21.68525204,12656.92985,4,3.543165307,33.19784285,1,1,0.228417346,0,0,0.771582654,0,0.771582654,0,0.228417346,0,0,0,0,0,0.771582654,0,0,0,0,0.228417346,0,0,0.228417346,0,0.771582654,0,0,0,1,0,0.228417346,0,0,0.771582654,0,0,1,0,0,1,0,0,1,0,1,0,0,1,0,0,0,0,1,0,1,bad
24,1197.47453,1.958827833,4,27.40195361,1.680390722,1,0,1,0,0,0.680390722,0,0,0.319609278,0,0,0,0,0,1,0,0,0,0,0,0,0,1,0,0,0,0,0.319609278,0,0.680390722,1,0,0,0,0.680390722,0,0.319609278,0,0.319609278,0.680390722,0,0,1,0,0,0,1,0,0.319609278,0.680390722,0,1,0,0,1,bad
15.06152924,4836.366687,2.744872564,3.744872564,39.93847076,1.744872564,1,0,1,0,0,0,0.744872564,0,0.255127436,0,0,0,0,0,1,0,0,0,0,0,0,0,1,0,0,0,0.255127436,0,0.744872564,0,0,0,0,1,1,0,0,0,1,0,0,0,1,0,0,0.255127436,0.744872564,0,1,0,0,0,1,0,1,bad
12,812.3955276,4,3.15143768,40.2715652,1,1,0.42428116,0.57571884,0,0,0,0,0,1,0,0,0,0.57571884,0,0.42428116,0,0,0,0,0,0.42428116,0,0.57571884,0,0,0,0,1,0,0,1,0,0,0,0,0,1,0,1,0,0,0.42428116,0.57571884,0,0,1,0,0,0.57571884,0,0.42428116,1,0,0,1,bad
12.07626806,2000.166646,1.658192437,2.683615125,19.34180756,1.658192437,1,0,0.341807563,0,0.658192437,0,0,0,1,0,0,0,0,1,0,0,0,0,0,0,0,0,1,0,0,0.341807563,0,0.658192437,0,0,1,0,0,0,0.658192437,0,0.341807563,0.658192437,0,0,0.341807563,0.341807563,0.658192437,0,0,0,1,0,1,0,0,1,0,0,1,bad
16.62299578,1119.754466,4,2.459001407,36.44251055,1.229500703,1,0,1,0,0,0,0,0,0.770499297,0.229500703,0,0,0,0.770499297,0.229500703,0,0,0,0,0,0,0,1,0,0,0.229500703,0,0,0,0.770499297,0.770499297,0,0,0.229500703,0,0,1,1,0,0,0,0.229500703,0.770499297,0,0,1,0,0,1,0,0,1,0,0,1,bad
12,1383.85558,2,2.15317286,27.5317286,1,1,0,0.15317286,0,0.84682714,0,0,0,1,0,0,0,0,0,1,0,0,0,0,0,0,0.84682714,0.15317286,0,0,0.84682714,0.15317286,0,0,0,0.84682714,0.15317286,0,0,0,0,1,0.15317286,0.84682714,0,0,0,1,0,0,1,0,0,1,0,0,1,0,0,1,bad
24,3122.370037,3.97967862,1.02032138,26.8983931,1,1,0.02032138,0.97967862,0,0,0,0,0,1,0,0,0,0,0,0.97967862,0,0.02032138,0,0,0,0.02032138,0,0.97967862,0,0,0,0,1,0,0,0.97967862,0,0.02032138,0,0,0,1,0.02032138,0.97967862,0,0,0,1,0,0,0.97967862,0.02032138,0,1,0,0,0.97967862,0.02032138,0,1,bad
12,687.090892,2.348481998,2.825759001,28.65906098,1.174240999,1,0.825759001,0.174240999,0,0,0.174240999,0,0,0.825759001,0,0,0,0,0,1,0,0,0,0,0,0,0,1,0,0,0,0.825759001,0.174240999,0,0,0,0,0.825759001,0.174240999,0,0,1,1,0,0,0,1,0,0,0,1,0,0,0.174240999,0,0.825759001,0.825759001,0.174240999,0,1,bad
11.02076239,635.139551,4,3.673587463,25.30565015,1,1,0,1,0,0,0.673587463,0,0,0.326412537,0,0,0,0,0,0.326412537,0,0.673587463,0,0,0,0,0,1,0,0,1,0,0,0,0,0.673587463,0,0,0.326412537,0,0,1,0.326412537,0,0,0.673587463,0.673587463,0.326412537,0,0,1,0,0,0,0,1,1,0,0,1,bad
26.44404027,11384.79484,2,3.11638287,29,2,1,0.88361713,0.11638287,0,0,0,0,0,0.88361713,0.11638287,0.11638287,0,0,0,0,0.88361713,0,0,0,0,0,0,1,0,0,0.88361713,0,0,0.11638287,0,0,0,0,1,0.88361713,0,0.11638287,1,0,0,0,0.88361713,0.11638287,0,0,0.88361713,0.11638287,0.88361713,0.11638287,0,0,0.11638287,0.88361713,0,1,bad
42.46145088,4605.791221,2.736259566,4,25.05496174,1.868129783,1.868129783,0,0.868129783,0,0.131870217,0,0,0,0.131870217,0.868129783,0,0,0,0.131870217,0,0,0,0,0,0.868129783,0,0,1,0,0,0,0,0.131870217,0.868129783,0,0.131870217,0,0,0.868129783,0,0,1,0,0.131870217,0.868129783,0,0,1,0,0.868129783,0.131870217,0,0,1,0,0,1,0,0,1,bad
9,1473.58325,3.784548771,2.107725614,22.7540793,1,1,0.107725614,0,0,0.892274386,0.107725614,0,0,0.892274386,0,0,0,0,0,0.107725614,0,0.892274386,0,0,0,0.107725614,0,0.892274386,0,0,0,1,0,0,0,0,0,0,1,0,0,1,0.892274386,0,0.107725614,0,0,1,0,0,1,0,0,1,0,0,1,0,0,1,bad
20.69998788,1837.900117,3.100004038,2,25.50002019,2,1,0,0.899995962,0,0.100004038,0,0.100004038,0,0.899995962,0,0,0,0.100004038,0,0,0,0.899995962,0,0,0,0.100004038,0,0.899995962,0,0,1,0,0,0,0,1,0,0,0,0,0,1,0,0,0,1,0,1,0,0,1,0,0,1,0,0,0.100004038,0.899995962,0,1,bad
15.15027222,1338.350635,3.05009074,2.05009074,24.10018148,1,1,0.47495463,0.52504537,0,0,0,0,0,1,0,0,0,0,0,0,0,1,0,0,0,0,0,1,0,0,0.52504537,0,0.47495463,0,0,0,0,0.52504537,0.47495463,0,0,1,0.47495463,0,0,0.52504537,0.52504537,0,0.47495463,0,1,0,0,1,0,0,1,0,0,1,bad
45.56482642,7725.390097,4,3.594137737,43.48816163,1,1,0,0.864712579,0,0.135287421,0.135287421,0,0,0.864712579,0,0,0,0,0,0.864712579,0,0,0,0,0.135287421,0,0,0.864712579,0,0.135287421,0,0,0,0.864712579,0.135287421,0.135287421,0,0,0.864712579,0,0,1,0,0,0.864712579,0.135287421,1,0,0,0.864712579,0.135287421,0,1,0,0,0,0.864712579,0.135287421,0,1,bad
26.4861997,6870.23759,2.640885671,2.54696189,31.26519055,1,1.45303811,0.45303811,0.54696189,0,0,0.45303811,0,0.54696189,0,0,0,0,0.54696189,0,0.45303811,0,0,0,0,0,0.45303811,0,0.54696189,0,0,0.54696189,0,0,0,0.45303811,0,0,0,1,0,0,1,0,1,0,0,0,0.45303811,0.54696189,0,1,0,0.45303811,0.54696189,0,0,0,1,0,1,bad
19.69899701,1163.280943,2.867335326,3.132664674,36.39799402,1,1.566332337,0.566332337,0.433667663,0,0,0,0,0,1,0,0.566332337,0,0,0.433667663,0,0,0,0,0,0,0,0,1,0,0,0,0,0,0.566332337,0.433667663,1,0,0,0,0,0,1,0.433667663,0.566332337,0,0,0,1,0,0,1,0,0,1,0,0,1,0,0,1,bad
23.54209664,12487.36557,3.152634454,3.152634454,31.12982073,1,1,0,0.282455182,0,0.717544818,0,0.717544818,0,0.282455182,0,0,0,0,0,0.717544818,0,0,0.282455182,0,0,0,0,0.282455182,0,0.717544818,0,0,0.282455182,0.717544818,0,0,0.282455182,0,0.717544818,0,0,1,0,0,1,0,0,1,0,0.717544818,0.282455182,0,0.717544818,0,0,0.282455182,0,1,0,1,bad
14.84385186,1143.53893,3.36803292,4,32.1598354,1,1.31598354,0.31598354,0,0,0.68401646,0,0,0,1,0,0.31598354,0,0,0.68401646,0,0,0,0,0,0,0,0.68401646,0.31598354,0,0,0.68401646,0,0,0.31598354,0,1,0,0,0,0,0,1,0.68401646,0.31598354,0,0,0,1,0,0,0.31598354,0.68401646,0,0.31598354,0,0.68401646,1,0,0,1,bad
18,2819.232284,2,1.503008047,32.49097586,1.503008047,1.496991953,0,0,0.496991953,0.503008047,0,0.503008047,0,0.496991953,0,0,0,0,0.496991953,0.503008047,0,0,0,0,0,0,0,1,0,0,0.496991953,0.503008047,0,0,0,0,0,0,1,0,0,1,0,0.503008047,0,0.496991953,0.503008047,0.496991953,0,0,1,0,0,0.503008047,0,0.496991953,1,0,0,1,bad
46.29164003,3937.40635,3.914582001,3.829164003,45.914582,1,1.914582001,0,1,0,0,0,0,0,1,0,0,0,0,0,1,0,0,0,0,0,0,0,1,0,0,0.085417999,0.914582001,0,0,0,0,0,0,1,0,0,1,0.085417999,0,0.914582001,0,0,1,0,0.914582001,0.085417999,0,0,0.914582001,0,0.085417999,1,0,0,1,bad
30.46550084,8283.730047,2,3.229888702,35.83910962,1.614944351,1.385055649,0.614944351,0.385055649,0,0,0,0,0,0.385055649,0.614944351,0.614944351,0,0,0,0,0,0,0,0,0.385055649,0,0,1,0,0,0.385055649,0,0,0.614944351,0,0.614944351,0,0,0.385055649,0,0,1,0,0.385055649,0.614944351,0,0,1,0,0.614944351,0.385055649,0,0.614944351,0.385055649,0,0,0.385055649,0.614944351,0,1,bad
21.24582022,1647.983281,4,2,39.09865918,1.918059926,1.918059926,0,1,0,0,0.918059926,0,0.081940074,0,0,0,0,0,0,0.918059926,0,0.081940074,0,0,0,0,0,0.081940074,0,0.918059926,0.918059926,0,0.081940074,0,0,0.081940074,0,0,0.918059926,0,0,1,0.081940074,0.918059926,0,0,0,1,0,0,0.918059926,0.081940074,0,0,0,1,0.918059926,0.081940074,0,1,bad
12,625.6915935,4,3.945575326,24.03628312,1,1,0,0.981858442,0.018141558,0,1,0,0,0,0,0.018141558,0,0,0,0,0,0.981858442,0,0,0,0,0,1,0,0,0.981858442,0,0.018141558,0,0,1,0,0,0,0,0,1,0,0,0,1,0.981858442,0.018141558,0,0,1,0,0,0,0.018141558,0.981858442,1,0,0,1,bad
31.48897393,6270.459571,4,3.082720774,37.74448696,2,1,0,1,0,0,0,0.541360387,0,0,0.458639613,0,0,0,0,0,0,0.458639613,0,0,0.541360387,0,0,1,0,0,0.458639613,0,0,0.541360387,0,0,0,0,1,0,0,1,0,0.458639613,0.541360387,0,0,1,0,0.541360387,0,0.458639613,0,1,0,0,0,1,0,1,bad
46.35654939,6254.459851,4,4,31.19893493,1.568477109,1,0.431522891,0.568477109,0,0,0,0.568477109,0,0.431522891,0,0,0,0.431522891,0.568477109,0,0,0,0,0,0,0,0,1,0,0,0.431522891,0,0.568477109,0,0,0.568477109,0,0,0.431522891,0.568477109,0,0.431522891,0,0,1,0,0,1,0,0.431522891,0,0.568477109,0,0.431522891,0,0.568477109,0.431522891,0.568477109,0,1,bad
15.97978536,748.8776585,3.775531706,1.224468294,27.22446829,1,1,0,0.775531706,0.224468294,0,0,0,0,1,0,0,0,0.775531706,0,0,0,0.224468294,0,0,0,0,0,1,0,0,0.224468294,0,0,0,0.775531706,1,0,0,0,0,0,1,0,0,0,1,0,1,0,0,1,0,0,0,0.775531706,0.224468294,1,0,0,1,bad
21.58044096,12739.09416,3.596740161,2.806519678,41.58044096,1,1,1,0,0,0,0,0,0,1,0,0,0,0,0,0,0,0,0,0,1,0,0,1,0,0,0,0,0,0.596740161,0.403259839,1,0,0,0,0,0,1,0,0,1,0,0,1,0,1,0,0,1,0,0,0,0,1,0,1,bad
17.02238786,2772.88184,1.837064643,2,30.02238786,1.837064643,1,0.162935357,0,0,0.837064643,0,0.837064643,0,0.162935357,0,0,0,0,0.162935357,0.837064643,0,0,0,0,0,0,0,0.837064643,0,0.162935357,0,0.837064643,0,0.162935357,0,0.162935357,0,0,0.837064643,0,0,1,0,1,0,0,1,0,0,0,1,0,0,1,0,0,0.837064643,0.162935357,0,1,bad
22.34499391,1818.862485,4,1.724165651,27.79332521,1,1.724165651,0,0.724165651,0,0.275834349,0,0,0.275834349,0.724165651,0,0,0,0,0.275834349,0,0,0.724165651,0,0,0,0,0,1,0,0,0,0.275834349,0,0,0.724165651,0.275834349,0,0,0.724165651,0,0,1,0.724165651,0,0,0.275834349,0,0.275834349,0.724165651,0,1,0,0.724165651,0.275834349,0,0,1,0,0,1,bad
23.75368298,1245.958947,4,2,23.41052837,1,1,1,0,0,0,0,0.041052837,0,0.958947163,0,0,0,0,0,0.958947163,0,0.041052837,0,0,0,0,0,1,0,0,0.041052837,0,0.958947163,0,0,0,0,0.041052837,0.958947163,0,0,1,0.041052837,0,0,0.958947163,0,0.041052837,0.958947163,0,1,0,0,0.041052837,0,0.958947163,1,0,0,1,bad
12,1224.589011,1.953406382,1.317802127,39.0083532,1.682197873,1,0.682197873,0.317802127,0,0,0,0,0,1,0,0,0,0,0,1,0,0,0,0,0,0,0,1,0,0,0.317802127,0,0,0.682197873,0,0.317802127,0.682197873,0,0,0,0,1,0,0,0,1,0,1,0,0,0.317802127,0.682197873,0,0.682197873,0,0.317802127,1,0,0,1,bad
48.23238856,18353.47007,1.038731427,2.038731427,32.54223998,1.019365714,1,1,0,0,0,0.019365714,0,0,0,0.980634286,0,0,0,0,0,1,0,0,0,0,0.019365714,0,0.980634286,0,0,0.980634286,0,0,0.019365714,0,1,0,0,0,0,0,1,0,0.980634286,0.019365714,0,1,0,0,0.019365714,0.980634286,0,1,0,0,0,0,1,0.980634286,0.019365714,bad
12,796.4584974,4,3.270751313,38.41502627,1,1.729248687,0,0.270751313,0,0.729248687,0,0.729248687,0,0.270751313,0,0,0,0.270751313,0,0,0,0.729248687,0,0,0,0,0,0.270751313,0,0.729248687,0,0,0.270751313,0.729248687,0,1,0,0,0,0,0,1,0,1,0,0,0.729248687,0.270751313,0,0,1,0,0,0.270751313,0,0.729248687,1,0,0,1,bad
19.03466595,1571.279098,4,2.827555675,41.41333513,1,1,0,1,0,0,0.827555675,0,0.172444325,0,0,0,0,0,0.827555675,0,0,0.172444325,0,0,0,0,0,1,0,0,0.827555675,0,0.172444325,0,0,0.172444325,0,0,0.827555675,0,0,1,1,0,0,0,0.827555675,0.172444325,0,0,0.827555675,0.172444325,0,0.827555675,0,0.172444325,0.827555675,0.172444325,0,1,bad
32.60860171,5210.087818,4,2,28.43476695,1.565233049,1,0.565233049,0.434766951,0,0,0,0.565233049,0,0.434766951,0,0,0,0,0.434766951,0.565233049,0,0,0,0,0,0,0,1,0,0,0,0.434766951,0,0,0.565233049,0,0,0.565233049,0.434766951,0,0,1,0.565233049,0.434766951,0,0,0,1,0,0,1,0,0.565233049,0.434766951,0,0,1,0,0,1,bad
21.04372594,1919.941699,4,3.253643828,36.89210931,1,1,0.746356172,0,0.253643828,0,0,0,0.253643828,0.746356172,0,0.253643828,0,0,0.746356172,0,0,0,0,0,0,0,0,0.253643828,0,0.746356172,0,0,0.746356172,0.253643828,0,0.746356172,0,0,0.253643828,0,0,1,0,0,0,1,0,1,0,0,0.253643828,0.746356172,0.253643828,0.746356172,0,0,0.746356172,0.253643828,0,1,bad
34.98542224,1840.393585,4,3.830903706,33.66180741,1,1.084548147,0,1,0,0,0,0,0,1,0,0,0,0,0,0.915451853,0,0.084548147,0,0,0,0,0,1,0,0,0,0,0.915451853,0,0.084548147,0.915451853,0,0,0.084548147,0,0,1,1,0,0,0,0,0.915451853,0.084548147,0,1,0,0.084548147,0.915451853,0,0,0.084548147,0.915451853,0,1,bad
27.06148546,1861.863366,4,4,29.53074273,1.496584141,1,0,1,0,0,0,0,0,1,0,0,0,0,0,0.503415859,0,0.496584141,0,0,0,0,0,1,0,0,0.496584141,0,0.503415859,0,0,1,0,0,0,0,0,1,1,0,0,0,0.496584141,0.503415859,0,0,0.503415859,0.496584141,0,1,0,0,0.496584141,0.503415859,0,1,bad
31.10866619,4899.856398,2.52608892,3.052177841,39.73048977,2,1.52608892,0.47391108,0.52608892,0,0,0,0.47391108,0.52608892,0,0,0,0,0,0,0.52608892,0,0.47391108,0,0,0,0,0,1,0,0,0.52608892,0.47391108,0,0,0,0,0,0,1,0,0.47391108,0.52608892,0,0,0.52608892,0.47391108,0,1,0,0.52608892,0.47391108,0,0,1,0,0,1,0,0,1,bad
15.34918291,4621.758461,2.961201899,2.038798101,40.54317341,1.077596201,1,0,0,0,1,0,0,0,1,0,0.038798101,0,0.961201899,0,0,0,0,0,0,0,0.961201899,0,0,0.038798101,0,1,0,0,0,0,0,0,0,1,0,0,1,0,1,0,0,0,1,0,0,1,0,1,0,0,0,0,1,0,1,bad
24,4784.628594,2,3.399646986,28.60211809,1,1,0.399646986,0.600353014,0,0,0,0.399646986,0,0.600353014,0,0,0,0,0.399646986,0.600353014,0,0,0,0,0,0,0,1,0,0,0,0.600353014,0.399646986,0,0,0.399646986,0,0,0.600353014,0.600353014,0,0.399646986,0.399646986,0.600353014,0,0,0.399646986,0.600353014,0,0,1,0,0,0.600353014,0,0.399646986,0.399646986,0.600353014,0,1,bad
12.93258158,1554.300564,4,4,52.59083093,1.922284869,1.922284869,0,0.077715131,0,0.922284869,0.077715131,0,0.922284869,0,0,0,0,0,0,0,0,0.077715131,0.922284869,0,0,0,0,0.077715131,0.922284869,0,0,0.077715131,0,0.922284869,0,0,0,0,1,0,0.077715131,0.922284869,0.077715131,0,0.922284869,0,0.077715131,0.922284869,0,0.922284869,0,0.077715131,0,0.922284869,0,0.077715131,1,0,0,1,bad
55.27655525,15697.56104,3,4,58.42551842,1.212759208,1,1,0,0,0,0.212759208,0,0,0,0.787240792,0.787240792,0,0,0,0,0.212759208,0,0,0,0,0.212759208,0,0.787240792,0,0,0,0,0.787240792,0.212759208,0,0.212759208,0,0,0.787240792,0,0,1,0,0,1,0,0.212759208,0.787240792,0,0.212759208,0,0.787240792,0.212759208,0.787240792,0,0,0,1,0,1,bad
18.81553537,2125.766993,4,3.864077438,24,1.932038719,1,0.067961281,0.932038719,0,0,0,0.932038719,0,0.067961281,0,0,0,0,0.932038719,0.067961281,0,0,0,0,0,0,0,1,0,0,1,0,0,0,0,1,0,0,0,0,0.067961281,0.932038719,0,0,0.067961281,0.932038719,0.067961281,0.932038719,0,0,0.067961281,0.932038719,0,1,0,0,1,0,0,1,bad
19.53707205,923.9258559,4,2,28.62808934,1.743821324,1,0,0.628089338,0.371910662,0,0,0.371910662,0,0.628089338,0,0,0,0,0,1,0,0,0,0,0,0,0.371910662,0,0,0.628089338,0,0.371910662,0,0.628089338,0,0.628089338,0,0.371910662,0,0,0,1,0.628089338,0,0,0.371910662,0.628089338,0.371910662,0,0,1,0,0,1,0,0,0.628089338,0.371910662,0,1,bad
36,2693.301256,2.912133873,2.912133873,45.10460243,1,1.543933064,0.456066936,0.543933064,0,0,0,0,0,1,0,0,0,0,0.543933064,0,0,0.456066936,0,0,0,0.456066936,0,0.543933064,0,0,0.456066936,0,0,0.543933064,0,0.456066936,0,0,0.543933064,0.456066936,0,0.543933064,0,0.543933064,0.456066936,0,0.543933064,0.456066936,0,0.456066936,0.543933064,0,0,1,0,0,1,0,0,1,bad
36,8213.11786,2.096842314,2,25.90315769,1.096842314,1.903157686,0,1,0,0,0,0.096842314,0,0.903157686,0,0,0,0.096842314,0,0,0,0,0,0,0.903157686,0,0,1,0,0,1,0,0,0,0,0.096842314,0,0,0.903157686,0,0,1,0,0.903157686,0.096842314,0,0,1,0,0,1,0,0.096842314,0.903157686,0,0,0.903157686,0.096842314,0,1,bad
24.09151136,4288.370359,4,3.507625947,32.89323674,1.507625947,1,1,0,0,0,0,0,0.492374053,0,0.507625947,0.507625947,0,0,0.492374053,0,0,0,0,0,0,0.507625947,0,0.492374053,0,0,0.507625947,0,0,0.492374053,0,0.507625947,0.492374053,0,0,0,0,1,0.507625947,0,0.492374053,0,0,1,0,0,0.492374053,0.507625947,0.492374053,0,0,0.507625947,0.507625947,0.492374053,0,1,bad
34.54366586,4296.26514,1.343036857,3.656963143,23.51455529,2,1.171518429,0,1,0,0,0,0.828481571,0.171518429,0,0,0,0,0,0.828481571,0,0,0.171518429,0,0,0,0,0.828481571,0.171518429,0,0,0.828481571,0.171518429,0,0,0,0.828481571,0,0,0.171518429,0,0,1,0.828481571,0.171518429,0,0,0.171518429,0.828481571,0,0,1,0,0,1,0,0,0.828481571,0.171518429,0,1,bad
19.04187303,6457.828406,2.391215169,1.391215169,53.36925309,1,1,1,0,0,0,0.195607584,0,0,0.804392416,0,0.195607584,0,0,0,0,0,0.804392416,0,0,0,0,0,0.195607584,0,0.804392416,0,0,0,0.195607584,0.804392416,0.195607584,0,0,0.804392416,0,0,1,0,0,1,0,0,1,0,0,0.804392416,0.195607584,0.804392416,0.195607584,0,0,0.195607584,0.804392416,0,1,bad
20.55313411,948.1489553,4,3,36.0850745,1.382985099,2,0,0.382985099,0.617014901,0,0,0,0,0.617014901,0.382985099,0,0,0,0,1,0,0,0,0,0,0,0,1,0,0,0,0.617014901,0,0.382985099,0,0,0,0,1,0,0,1,0.382985099,0,0.617014901,0,0.617014901,0.382985099,0,0.617014901,0,0.382985099,0,1,0,0,1,0,0,1,bad
21.86527486,2578.557875,3.855787523,2.144212477,38.11575046,1,1.855787523,0,0,0,1,0,0,0.855787523,0.144212477,0,0.855787523,0,0,0,0.144212477,0,0,0,0,0,0,0.855787523,0.144212477,0,0,0.144212477,0,0.855787523,0,0,0.144212477,0,0,0.855787523,0,0,1,0,0,0,1,0.855787523,0.144212477,0,0,0.855787523,0.144212477,0,0.144212477,0,0.855787523,1,0,0,1,bad
18,1000.128958,2.096770814,2,26.65590271,1,1,0.365590271,0.634409729,0,0,0,0,0,1,0,0,0,0,0,1,0,0,0,0,0,0,0,0.634409729,0,0.365590271,0.365590271,0,0.634409729,0,0,1,0,0,0,0,0,1,0.634409729,0.365590271,0,0,0,1,0,0,1,0,0,0.365590271,0,0.634409729,1,0,0,1,bad
20.2781423,2319.962477,2,1.240619234,32.03752306,1,1,0,0,1,0,0,0.879690383,0,0.120309617,0,0,0,0.879690383,0,0,0,0.120309617,0,0,0,0,0,1,0,0,0,0,1,0,0,0.120309617,0.879690383,0,0,0,0,1,0.879690383,0,0,0.120309617,0,1,0,0,0.120309617,0.879690383,0,0.879690383,0,0.120309617,1,0,0,1,bad
12,883.4055693,4,3.823291128,39.40962015,1,1.911645564,1,0,0,0,0,0,0,1,0,0,0,0,0,1,0,0,0,0,0,0.088354436,0,0.911645564,0,0,0,0,0.088354436,0.911645564,0,0.088354436,0,0,0.911645564,0,0,1,0.911645564,0.088354436,0,0,1,0,0,0,1,0,0,0,0,1,1,0,0,1,bad
18,1924.065389,3.967305597,2.983652799,27.06538881,1.016347201,1,1,0,0,0,0,0.016347201,0,0.983652799,0,0,0,0,1,0,0,0,0,0,0,0,0,0.016347201,0,0.983652799,0,0,1,0,0,0.983652799,0,0,0.016347201,0,0,1,0,0,0,1,0,1,0,0,0.016347201,0.983652799,0,0.983652799,0,0.016347201,1,0,0,1,bad
15.09545698,2630.427258,2,4,29.43185464,1.904543024,1,0.904543024,0.095456976,0,0,0,0.095456976,0,0.904543024,0,0,0,0,0,1,0,0,0,0,0,0.904543024,0,0.095456976,0,0,0.904543024,0,0,0.095456976,0,0.904543024,0,0,0.095456976,0,0.095456976,0.904543024,0.904543024,0.095456976,0,0,0.095456976,0.904543024,0,0,0,1,0,1,0,0,0,1,0,1,bad
12,822.8227602,4,2.642792185,32.64188277,1,1,0.678603908,0.321396092,0,0,0,0,0,1,0,0,0,0.321396092,0,0.678603908,0,0,0,0,0,0.678603908,0,0.321396092,0,0,0,0,1,0,0,1,0,0,0,0,0,1,0,1,0,0,0.678603908,0.321396092,0,0,1,0,0,0.321396092,0,0.678603908,1,0,0,1,bad
19.10912545,2592.60583,4,3.260583032,56.12699638,1.630291516,1.369708484,0,0.630291516,0,0.369708484,0,0,0.369708484,0.630291516,0,0.369708484,0,0,0,0,0,0.630291516,0,0,0,0,0.369708484,0.630291516,0,0,0.630291516,0,0.369708484,0,0,0,0,0,1,0,0,1,0,0,0.630291516,0.369708484,0.369708484,0.630291516,0,0.630291516,0.369708484,0,0,0.630291516,0,0.369708484,1,0,0,1,bad
18.37291842,2322.502775,2,1.87569386,29.49722456,1,1,0,0,1,0,0,0.56215307,0,0.43784693,0,0,0,0.56215307,0,0,0,0.43784693,0,0,0,0,0,1,0,0,0,0,1,0,0,0.43784693,0.56215307,0,0,0,0,1,0.56215307,0,0,0.43784693,0,1,0,0,0.43784693,0.56215307,0,0.56215307,0,0.43784693,1,0,0,1,bad
19.37642531,2315.329532,2.972538958,2.027461042,34.72538958,1,1,0,0.486269479,0.513730521,0,0,0,0,1,0,0,0,0,0,0.486269479,0,0.513730521,0,0,0,0,0,1,0,0,0,0,0.513730521,0.486269479,0,0.513730521,0,0,0.486269479,0.486269479,0,0.513730521,0,0,0,1,0,1,0,0,1,0,0,0.486269479,0,0.513730521,1,0,0,1,bad
22.06361702,2494.221111,4,1.451513002,24.096974,1.451513002,1,0.451513002,0.548486998,0,0,0,0.451513002,0,0.548486998,0,0,0,0,0.548486998,0,0,0.451513002,0,0,0,0,0.451513002,0.548486998,0,0,0.451513002,0,0,0,0.548486998,0,0,0,1,0,0,1,0.548486998,0.451513002,0,0,0,1,0,0,1,0,0,0,0.548486998,0.451513002,1,0,0,1,bad
48,3919.506793,4,2.647857958,40.59143183,1,1.323928979,0,0.323928979,0,0.676071021,0,0,0,1,0,0.676071021,0,0,0,0.323928979,0,0,0,0,0,0,0,0.323928979,0,0.676071021,0.676071021,0.323928979,0,0,0,0,0.676071021,0,0.323928979,0,0,1,0,0,0.323928979,0.676071021,0.676071021,0.323928979,0,0.323928979,0.676071021,0,0,1,0,0,1,0,0,1,bad
33.87715331,14334.77049,3.787715331,2,54.59410709,1,1,1,0,0,0,0,0,0,1,0,0,0,0,0,1,0,0,0,0,0,0,0,0.929238444,0,0.070761556,0,0,0,0.929238444,0.070761556,0,0,0,1,0,0,1,0,0.070761556,0.929238444,0,0,1,0,0.929238444,0.070761556,0,0.929238444,0,0.070761556,0,0,1,0,1,bad
18,1543.290796,3.577860682,2.577860682,38.93432819,1.422139318,1,0,0.577860682,0,0.422139318,0.577860682,0.422139318,0,0,0,0,0,0,0.577860682,0.422139318,0,0,0,0,0,0,0,1,0,0,1,0,0,0,0,0,0,0,1,0,0,1,0.577860682,0.422139318,0,0,1,0,0,0,1,0,0,1,0,0,1,0,0,1,bad
38.5121833,4290.92193,1.734957774,4,23.36747889,1.632521113,1,0,1,0,0,0,0.632521113,0,0.367478887,0,0.367478887,0,0,0.632521113,0,0,0,0,0,0,0,0.632521113,0.367478887,0,0,0.632521113,0,0.367478887,0,0,1,0,0,0,0,0,1,0.632521113,0.367478887,0,0,0,1,0,0,0.632521113,0.367478887,0,1,0,0,1,0,0,1,bad
47.68501242,4307.433022,2.958001657,4,23.97900083,1.020999172,1,0,1,0,0,0,0.020999172,0,0.979000828,0,0.979000828,0,0,0.020999172,0,0,0,0,0,0,0,0.020999172,0.979000828,0,0,0.020999172,0,0.979000828,0,0,1,0,0,0,0,0,1,0.020999172,0.979000828,0,0,0,1,0,0,0.020999172,0.979000828,0,1,0,0,1,0,0,1,bad
25.44062564,1837.600261,4,4,34,1,1,0.879947863,0.120052137,0,0,0.879947863,0,0,0.120052137,0,0,0,0.879947863,0,0.120052137,0,0,0,0,0,0,0,1,0,0,0,0.879947863,0.120052137,0,0,1,0,0,0,0,0,1,0.120052137,0,0.879947863,0,0.879947863,0.120052137,0,0.879947863,0.120052137,0,0,0.120052137,0,0.879947863,0.879947863,0.120052137,0,1,bad
36,9410.24539,1.159031042,4,27.78795861,1.053010347,1,0.946989653,0.053010347,0,0,0,0.053010347,0,0.946989653,0,0,0,0,0,0,0,0,0,0,1,0,0,1,0,0,0,0.053010347,0.946989653,0,0,0,0,0.946989653,0.053010347,0,0,1,1,0,0,0,0,1,0,0,0.053010347,0.946989653,0.946989653,0.053010347,0,0,0,1,0,1,bad
30.13314793,4594.57767,2.25554783,3.25554783,46.33356509,2.74445217,1.25554783,0,0.25554783,0,0.74445217,0,0,0,0.74445217,0.25554783,0.74445217,0,0,0,0,0,0,0,0,0.25554783,0,0,0.25554783,0.74445217,0,0.74445217,0,0,0.25554783,0,0,0,0,1,0,0,1,0,0.74445217,0.25554783,0,0,1,0,0.25554783,0.74445217,0,0.74445217,0.25554783,0,0,0.25554783,0.74445217,0,1,bad
34.63458887,2390.258134,4,1.341352782,33.22756852,1,1,0.886215739,0.113784261,0,0,0,0,0,1,0,0,0,0,0,0,0,0.113784261,0.886215739,0,0,0,0,1,0,0,0,0,1,0,0,0.113784261,0,0,0.886215739,0,0,1,0,0,0.886215739,0.113784261,0,1,0,0,0.113784261,0.886215739,0,0.113784261,0,0.886215739,0.886215739,0.113784261,0,1,bad
10.84478201,1303.086526,3.577608994,2.732826981,26.15521799,1,1,0.422391006,0,0,0.577608994,0,0,0,1,0,0,0,0,0,1,0,0,0,0,0,0,0,0.422391006,0,0.577608994,0.577608994,0,0.422391006,0,0,0.422391006,0,0,0.577608994,0,0.577608994,0.422391006,0.422391006,0.577608994,0,0,0,1,0,0,0.577608994,0.422391006,0,0.422391006,0,0.577608994,1,0,0,1,bad
20.16741528,3112.916292,1.18061794,4,26.9030897,1,1,0,1,0,0,0,0,0,0.18061794,0.81938206,0,0,0,1,0,0,0,0,0,0,0,0,1,0,0,0,0,1,0,0,0.81938206,0.18061794,0,0,0,0,1,0,1,0,0,0,1,0,0,0.18061794,0.81938206,0,0.81938206,0,0.18061794,1,0,0,1,bad
27.17542475,4300.364322,3.694152508,3.305847492,35.10644013,1,1,0.694152508,0.305847492,0,0,0,0,0.694152508,0.305847492,0,0.305847492,0,0,0.694152508,0,0,0,0,0,0,0,0,1,0,0,0,0,0.305847492,0.694152508,0,0.305847492,0.694152508,0,0,0,0,1,0,0.305847492,0.694152508,0,0,1,0,0,0.694152508,0.305847492,0.694152508,0.305847492,0,0,0.305847492,0.694152508,0,1,bad
24.76836195,4289.780414,2.64632761,3.45122413,32.32918979,1.45122413,1,0.54877587,0.45122413,0,0,0,0.45122413,0.54877587,0,0,0,0,0,1,0,0,0,0,0,0,0,0.45122413,0.54877587,0,0,0.45122413,0,0,0.54877587,0,0.45122413,0.54877587,0,0,0,0,1,0.45122413,0,0.54877587,0,0,1,0,0,1,0,0.54877587,0.45122413,0,0,0.45122413,0.54877587,0,1,bad
24,3614.811899,2.089682617,4,30.64126953,1.910317383,1,0,0.089682617,0,0.910317383,0.089682617,0,0,0.910317383,0,0,0,0,0.089682617,0,0,0.910317383,0,0,0,0.910317383,0,0.089682617,0,0,0,0.089682617,0,0.910317383,0,0,0,0,1,0,0,1,1,0,0,0,0.089682617,0.910317383,0,0,1,0,0,1,0,0,1,0,0,1,bad
19.14896137,4821.986386,3.216635193,3.566729614,39.10056652,2,1,0.216635193,0.783364807,0,0,0,1,0,0,0,0,0,0,0,0.783364807,0,0.216635193,0,0,0,0,0,1,0,0,0,0,0.216635193,0.783364807,0,0,0,0,1,0.783364807,0,0.216635193,0,1,0,0,0,1,0,0,0.216635193,0.783364807,0,0.783364807,0,0.216635193,0.216635193,0.783364807,0,1,bad
14.56967175,4848.781761,3,4,45.14139313,2,1.214139313,0,1,0,0,0,0.785860687,0.214139313,0,0,0,0,0,0,1,0,0,0,0,0,0,0,1,0,0,0.214139313,0,0,0.785860687,0,0,0,0,1,0.785860687,0,0.214139313,0,0.785860687,0.214139313,0,0,1,0,0.214139313,0,0.785860687,0,1,0,0,0.214139313,0.785860687,0,1,bad
20.33352048,2752.831555,2.38892008,2.77784016,26.72187912,1.61107992,1,0.38892008,0,0,0.61107992,0,0.61107992,0,0.38892008,0,0,0,0,0,1,0,0,0,0,0,0,0,1,0,0,0.38892008,0.61107992,0,0,0,0.38892008,0,0,0.61107992,0,0,1,0,1,0,0,0.61107992,0.38892008,0,0,0.61107992,0.38892008,0,0.61107992,0,0.38892008,0.61107992,0.38892008,0,1,bad
20.08128832,1940.224949,4,4,25.77505109,1.346881386,1,0.346881386,0,0,0.653118614,0,0.346881386,0,0.653118614,0,0.346881386,0,0,0,0,0,0,0.653118614,0,0,0,0,1,0,0,0,0,0.653118614,0.346881386,0,0.653118614,0.346881386,0,0,0,0,1,0,0,0,1,0,1,0,0,1,0,0,1,0,0,0.653118614,0.346881386,0,1,bad
19.64264672,3126.867399,1.821323361,3.452451093,27.36887227,1,1,0,1,0,0,0.273774454,0,0,0,0.726225546,0.273774454,0,0,0.726225546,0,0,0,0,0,0,0,0,1,0,0,0.273774454,0,0.726225546,0,0,0.726225546,0,0,0.273774454,0,0,1,0,1,0,0,0,1,0,0,0,1,0,1,0,0,0.726225546,0.273774454,0,1,bad
18.22303616,3966.892145,1.044607231,3.955392769,33.26764339,2.955392769,1,0,1,0,0,0,0.977696384,0,0.022303616,0,0,0,0,0,1,0,0,0,0,0,0,0,1,0,0,0.022303616,0,0,0.977696384,0,0.977696384,0,0,0.022303616,0,0,1,0.022303616,0,0,0.977696384,0.977696384,0.022303616,0,0,0.022303616,0.977696384,0,0.977696384,0,0.022303616,0.022303616,0.977696384,0,1,bad
41.76482911,3964.216097,4,2.984321941,34.03135612,1,1.015678059,0.015678059,0.984321941,0,0,0,0,0,1,0,0.015678059,0,0,0,0,0,0.984321941,0,0,0,0,0,1,0,0,0.015678059,0,0.984321941,0,0,0,0,0,1,0,0,1,1,0,0,0,0,1,0,0,1,0,0,1,0,0,0.984321941,0.015678059,0,1,bad
29.74634694,2228.908533,4,3.218293367,47.6195204,2,1,0.609146683,0.390853317,0,0,0,0.390853317,0.609146683,0,0,0,0,0,0,1,0,0,0,0,0,0,0,1,0,0,0.390853317,0,0,0.609146683,0,0,0,0.390853317,0.609146683,0,0.390853317,0.609146683,0,0.390853317,0.609146683,0,1,0,0,0.609146683,0,0.390853317,0,1,0,0,0.390853317,0.609146683,0.390853317,0.609146683,bad
48,3918.151086,4,2.488363005,39.95345202,1,1.244181503,0,0.244181503,0,0.755818497,0,0,0,1,0,0.755818497,0,0,0,0.244181503,0,0,0,0,0,0,0,0.244181503,0,0.755818497,0.755818497,0.244181503,0,0,0,0,0.755818497,0,0.244181503,0,0,1,0,0,0.244181503,0.755818497,0.755818497,0.244181503,0,0.244181503,0.755818497,0,0,1,0,0,1,0,0,1,bad
25.35505183,2427.676425,3.225841972,3.225841972,22.61292099,1,1,0,1,0,0,0,0,0,1,0,0,0,0,1,0,0,0,0,0,0,0,0,1,0,0,0.387079014,0.612920986,0,0,0,0.612920986,0,0,0.387079014,0,0,1,0.387079014,0,0,0.612920986,0,1,0,0,0.387079014,0.612920986,0,1,0,0,1,0,0,1,bad
11.13027313,953.3192716,3.130273132,3.420182088,27.57981791,3.130273132,1,1,0,0,0,0,0,0,1,0,0,0,0,1,0,0,0,0,0,0,0.710091044,0,0.289908956,0,0,0.289908956,0,0.710091044,0,0,1,0,0,0,0,0,1,1,0,0,0,0.710091044,0.289908956,0,0,0.289908956,0.710091044,0,1,0,0,1,0,0.289908956,0.710091044,bad
12,888.3092807,4,3.948453223,40.53607901,1,1.974226612,0.974226612,0.025773388,0,0,0,0,0,1,0,0,0,0,0,1,0,0,0,0,0,0,0,0.974226612,0,0.025773388,0.025773388,0,0,0.974226612,0,0,0,0.025773388,0.974226612,0,0,1,1,0,0,0,0.974226612,0.025773388,0,0,1,0,0,0.025773388,0,0.974226612,1,0,0,1,bad
33.91259304,5047.476709,1.478244187,3.521755813,29.47824419,1.521755813,1,0.478244187,0,0,0.521755813,0,0.478244187,0,0,0.521755813,0,0,0,0.478244187,0.521755813,0,0,0,0,0,0,0,0.478244187,0,0.521755813,1,0,0,0,0,1,0,0,0,0,0,1,0.478244187,0.521755813,0,0,0.521755813,0.478244187,0,0,1,0,0.478244187,0.521755813,0,0,0,1,0,1,bad
22.45640154,1343.279654,4,2,36.69128031,2,1.897093436,0,0,1,0,0,0.897093436,0,0,0.102906564,0,0,0,0,0.897093436,0,0.102906564,0,0,0,0,0,0.102906564,0,0.897093436,0,0.897093436,0.102906564,0,0,0,0,0,1,0,0,1,0.102906564,0,0,0.897093436,0.897093436,0.102906564,0,0,1,0,0.102906564,0,0,0.897093436,0.897093436,0.102906564,0,1,bad
11.5478648,722.9185051,3.849288266,3.698576531,39.04074745,1,1.849288266,0,0,0.150711734,0.849288266,0,0,0,1,0,0,0,0.849288266,0,0,0,0.150711734,0,0,0,0,0,1,0,0,0.150711734,0,0,0.849288266,0,0.150711734,0,0,0.849288266,0,0,1,0.849288266,0,0,0.150711734,0.849288266,0.150711734,0,0,1,0,0,0,0,1,1,0,0,1,bad
29.70747298,4704.84671,2.237811374,4,24.76218863,1.237811374,1.237811374,0.762188626,0.237811374,0,0,0,0.762188626,0,0,0.237811374,0,0,0,0.762188626,0,0,0,0,0,0.237811374,0,0,1,0,0,0,0,0.762188626,0.237811374,0,0.762188626,0,0,0.237811374,0,0,1,0.762188626,0,0.237811374,0,0.762188626,0.237811374,0,0.237811374,0.762188626,0,0,0.237811374,0,0.762188626,1,0,0,1,bad
40.91389141,6023.817432,4,3.114236426,29.62743779,1,1,0.114236426,0.885763574,0,0,0,0.885763574,0.114236426,0,0,0,0,1,0,0,0,0,0,0,0,0,0,1,0,0,0.885763574,0,0,0.114236426,0,0,0,0,1,0,0,1,0,0,1,0,0.885763574,0.114236426,0,0.114236426,0.885763574,0,0,1,0,0,0.114236426,0.885763574,0,1,bad
18,1035.112193,3.686917846,2,31.95639282,1,1,0.895639282,0.104360718,0,0,0,0,0,1,0,0,0,0,0,1,0,0,0,0,0,0,0,0.104360718,0,0.895639282,0.895639282,0,0.104360718,0,0,1,0,0,0,0,0,1,0.104360718,0.895639282,0,0,0,1,0,0,1,0,0,0.895639282,0,0.104360718,1,0,0,1,bad
18.70579101,2240.132433,3.279407959,3.279407959,59.16177612,2,1,0.279407959,0.720592041,0,0,0,0.720592041,0.279407959,0,0,0,0,0,0.720592041,0.279407959,0,0,0,0,0,0,0,1,0,0,0,0,0,1,0,0,0,0,1,0,0,1,0,0.720592041,0.279407959,0,0.279407959,0.720592041,0,0.279407959,0.720592041,0,0,1,0,0,0.720592041,0.279407959,0,1,bad
38.77447185,4932.24824,2.008352894,2.016705789,25.1503521,2,1,0.991647106,0.008352894,0,0,0,1,0,0,0,0,0,0,0,0.008352894,0,0.991647106,0,0,0,0,0,1,0,0,0,0.991647106,0,0.008352894,0,0,0,0,1,0.008352894,0.991647106,0,0,0.008352894,0,0.991647106,0,1,0,0,0.991647106,0.008352894,0,1,0,0,0.991647106,0.008352894,0,1,bad
12,683.9382725,4,3.981481739,39.87654493,1,1.993827246,0,1,0,0,0,0,0,1,0,0,0,0.993827246,0,0,0,0.006172754,0,0,0,0.006172754,0,0.993827246,0,0,0.993827246,0.006172754,0,0,0,0,0,0.006172754,0.993827246,0,0,1,0.993827246,0.006172754,0,0,0,1,0,0,0.006172754,0.993827246,0,0.006172754,0,0.993827246,1,0,0,1,bad
50.51165103,15058.95936,2.418608505,2.837217011,38.81408067,1,1,1,0,0,0,0,0,0,0,1,1,0,0,0,0,0,0,0,0,0,0,0,1,0,0,0.581391495,0,0.418608505,0,0,0,0,0,1,0,0,1,0.581391495,0,0.418608505,0,0,1,0,0,0.581391495,0.418608505,0,1,0,0,0,1,0,1,bad
12,644.1423269,3.385005869,3.692502935,24.30749707,1,1,0.307497065,0.692502935,0,0,0.692502935,0,0,0.307497065,0,0,0,0,0,0.307497065,0,0.692502935,0,0,0,0,0,1,0,0,0.692502935,0.307497065,0,0,0,0.692502935,0,0.307497065,0,0,0,1,0.307497065,0,0,0.692502935,1,0,0,0,1,0,0,0,0,1,1,0,0,1,bad
44.70982368,7445.497337,2.907844548,2.728103634,33.82939906,1,1.364051817,0.635948183,0.364051817,0,0,0,0,0,1,0,0,0,0,0,0.635948183,0,0,0,0,0.364051817,0.635948183,0,0,0,0.364051817,0,0,0.635948183,0.364051817,0,0.635948183,0,0,0.364051817,0,0,1,0,1,0,0,0,1,0,0.364051817,0.635948183,0,0.635948183,0.364051817,0,0,0.635948183,0.364051817,0,1,bad
12.23650489,950.921165,4,3.980291259,27.21679615,3.940873777,1.019708741,0.980291259,0,0.019708741,0,0,0,0,1,0,0,0,0,0.980291259,0.019708741,0,0,0,0,0,0.980291259,0,0.019708741,0,0,0,0.019708741,0.980291259,0,0,0.980291259,0,0,0.019708741,0,0,1,0.980291259,0,0.019708741,0,1,0,0,0.019708741,0,0.980291259,0,1,0,0,1,0,0,1,bad
51.73254839,5850.243219,3.266715726,2.633357863,25.90007359,1,1,0.366642137,0.633357863,0,0,0,0.633357863,0,0.366642137,0,0,0,0.633357863,0,0,0,0.366642137,0,0,0,0.366642137,0,0.633357863,0,0,1,0,0,0,0,0,0,0.366642137,0.633357863,0,0,1,0.366642137,0,0.633357863,0,0.633357863,0.366642137,0,0,1,0,0,1,0,0,0.366642137,0.633357863,0,1,bad
23.36831034,1281.508686,4,2,31.43849808,1,1,0,1,0,0,0,0,0,1,0,0,0.07018774,0,0,0,0,0.92981226,0,0,0,0.92981226,0,0,0,0.07018774,1,0,0,0,0,1,0,0,0,0,0,1,1,0,0,0,0,1,0,0,0.92981226,0.07018774,0,0.07018774,0,0.92981226,1,0,0,1,bad
18.2736205,2318.270345,2.727471222,2.272528778,32.27471222,1,1,0,0.363735611,0.636264389,0,0,0,0,1,0,0,0,0,0,0.363735611,0,0.636264389,0,0,0,0,0,1,0,0,0,0,0.636264389,0.363735611,0,0.636264389,0,0,0.363735611,0.363735611,0,0.636264389,0,0,0,1,0,1,0,0,1,0,0,0.363735611,0,0.636264389,1,0,0,1,bad
21.143192,2039,1,2.428403999,21.04773067,1,1,0.523865334,0.476134666,0,0,0,0,0,1,0,0,0,0,0.476134666,0,0,0.523865334,0,0,0,0,0,1,0,0,0.476134666,0,0.523865334,0,0,0.476134666,0,0.523865334,0,0,0,1,0,0.523865334,0,0.476134666,0.476134666,0.523865334,0,0,0.523865334,0.476134666,0,1,0,0,0.476134666,0.523865334,0,1,bad
28.64114192,5260.724209,3.094094611,2.905905389,37.96495927,2,1,0.547047306,0.452952694,0,0,0,0.547047306,0,0,0.452952694,0.452952694,0,0,0,0.547047306,0,0,0,0,0,0,0,1,0,0,0,0,0,0,1,0,0,0.547047306,0.452952694,0,0,1,0.547047306,0.452952694,0,0,0,0.547047306,0.452952694,0,1,0,0.547047306,0.452952694,0,0,0.547047306,0.452952694,0,1,bad
29.12135292,7575.503847,1.370711764,4,45.8100353,1,1.629288236,0,1,0,0,0.370711764,0,0,0.629288236,0,0.370711764,0,0,0,0,0,0,0,0,0.629288236,0,0,0.370711764,0,0.629288236,0,0.370711764,0,0.629288236,0,0.370711764,0,0,0.629288236,0,0.370711764,0.629288236,0.370711764,0.629288236,0,0,0,1,0,0.629288236,0,0.370711764,0,1,0,0,0.370711764,0.629288236,0,1,bad
35.61652553,3076.511299,3.484021897,2.968043794,24.90413138,1.484021897,1,1,0,0,0,0,0,0,1,0,0,0,0,0,0,0,1,0,0,0,0.515978103,0,0.484021897,0,0,0,0.484021897,0.515978103,0,0,0,0,0.515978103,0.484021897,0,0,1,0.515978103,0,0,0.484021897,0,1,0,0,0.484021897,0.515978103,0,1,0,0,0.484021897,0.515978103,0,1,bad
27.77007057,2418.450439,4,3.442517643,23.3716549,1,1,0,1,0,0,0,0,0,1,0,0,0,0,1,0,0,0,0,0,0,0,0,1,0,0,0,0.814172548,0,0,0.185827452,0.814172548,0,0,0.185827452,0,0,1,0.185827452,0,0,0.814172548,0,1,0,0,0.185827452,0.814172548,0,0.814172548,0.185827452,0,1,0,0,1,bad
24,4080.896518,3,3.450877696,33.98244608,1.450877696,1.450877696,0.549122304,0.450877696,0,0,0,0,0,0.549122304,0.450877696,0,0,0,1,0,0,0,0,0,0,0,0,1,0,0,0,0.549122304,0,0.450877696,0,0,0.549122304,0,0.450877696,0,0,1,0.549122304,0,0.450877696,0,0.450877696,0.549122304,0,0,0.549122304,0.450877696,0,1,0,0,0.450877696,0.549122304,0,1,bad
24,1356.433877,4,2.937355097,40.18793471,1.062644903,1.062644903,0,1,0,0,0.937355097,0,0.062644903,0,0,0,0,0,0,0.062644903,0.937355097,0,0,0,0,0,0,0.062644903,0,0.937355097,0,0,0,0.937355097,0.062644903,0,0,0,1,0,0,1,0.937355097,0,0,0.062644903,0,0.062644903,0.937355097,0.062644903,0.937355097,0,0.937355097,0.062644903,0,0,0.062644903,0.937355097,0,1,bad
33.16751254,8257.010154,2,2.629441658,31.03553327,1.314720829,1.685279171,0.314720829,0.685279171,0,0,0,0,0,0.685279171,0.314720829,0.314720829,0,0,0,0,0,0,0,0,0.685279171,0,0,1,0,0,0.685279171,0,0,0.314720829,0,0.314720829,0,0,0.685279171,0,0,1,0,0.685279171,0.314720829,0,0,1,0,0.314720829,0.685279171,0,0.314720829,0.685279171,0,0,0.685279171,0.314720829,0,1,bad
48,10023.68511,1.381347974,2,32.86426354,1,1,0.618652026,0,0,0.381347974,0,0.381347974,0,0.618652026,0,0,0,0,0.618652026,0.381347974,0,0,0,0,0,0,0.381347974,0.618652026,0,0,0.381347974,0,0.618652026,0,0,0.618652026,0,0,0.381347974,0,0,1,0.618652026,0,0.381347974,0,0.381347974,0.618652026,0,0.381347974,0.618652026,0,0,1,0,0,0.381347974,0.618652026,0,1,bad
12,703.2954689,4,3.049244813,51.77084647,1.475377593,1,0,1,0,0,0.475377593,0,0,0.524622407,0,0,0,0,0,0.475377593,0,0.524622407,0,0,0,0,0,1,0,0,0,0,0.475377593,0.524622407,0,0,0,0,1,0,0,1,0.475377593,0,0,0.524622407,0.475377593,0,0.524622407,0,1,0,0,0.475377593,0,0.524622407,0.524622407,0.475377593,0,1,bad
25.75170111,4288.731519,2.449659778,3.516780074,31.21473874,1.516780074,1,0.483219926,0.516780074,0,0,0,0.516780074,0.483219926,0,0,0,0,0,1,0,0,0,0,0,0,0,0.516780074,0.483219926,0,0,0.516780074,0,0,0.483219926,0,0.516780074,0.483219926,0,0,0,0,1,0.516780074,0,0.483219926,0,0,1,0,0,1,0,0.483219926,0.516780074,0,0,0.516780074,0.483219926,0,1,bad
19.7123061,2241.185419,3.856153049,2.143846951,32.28076525,2,1,0.143846951,0.856153049,0,0,0,0.856153049,0,0,0.143846951,0,0,0,0,1,0,0,0,0,0,0.143846951,0,0.856153049,0,0,0.856153049,0,0.143846951,0,0,0.143846951,0,0.856153049,0,0,0.856153049,0.143846951,0.143846951,0.856153049,0,0,0.856153049,0.143846951,0,0,0.143846951,0.856153049,0,1,0,0,1,0,0.856153049,0.143846951,bad
23.83671734,1207.244924,4,3.972786223,23.97278622,1,1,0,1,0,0,0,0,0,1,0,0,0,0,0,1,0,0,0,0,0,0,0,1,0,0,0,0,1,0,0,1,0,0,0,0,0,1,0.027213777,0.972786223,0,0,0,1,0,0,0,1,0,1,0,0,0.972786223,0.027213777,0,1,bad
41.84633404,15558.3037,1.853484144,2.293031712,29.59321353,1,1,0.853484144,0.146515856,0,0,0,0,0,1,0,0.853484144,0,0,0,0.146515856,0,0,0,0,0,0,0,1,0,0,0.853484144,0,0,0.146515856,0,0,0,0,1,0,0,1,0.853484144,0,0.146515856,0,0.146515856,0.853484144,0,0,1,0,0.146515856,0.853484144,0,0,0,1,0,1,bad
13.53302545,1473.268822,2.511008485,1.766512727,26.7885297,1.255504242,1.255504242,0.744495758,0.255504242,0,0,0.255504242,0,0,0.744495758,0,0,0,0,0,0.255504242,0,0.744495758,0,0,0,0,0,0.255504242,0,0.744495758,0.744495758,0.255504242,0,0,0,0,0,0.744495758,0.255504242,0,0,1,0,0,0.255504242,0.744495758,0,1,0,0.255504242,0.744495758,0,0,0.744495758,0,0.255504242,0.255504242,0.744495758,0,1,bad
12,789.8901142,4,3.823797041,55.29063847,1,1,0.176202959,0.823797041,0,0,0,0,0,1,0,0,0,0.823797041,0,0,0,0.176202959,0,0,0,0,0.176202959,0.823797041,0,0,0.176202959,0,0.823797041,0,0,0.823797041,0,0,0.176202959,0,0,1,0,0.823797041,0,0.176202959,0,1,0,0,1,0,0,0.823797041,0,0.176202959,1,0,0,1,bad
15.83616656,2213.367019,2.448935889,2.448935889,32.18297423,1.224467945,1,0.224467945,0,0,0.775532055,0,0,0.224467945,0.775532055,0,0,0,0,0.775532055,0.224467945,0,0,0,0,0,0,0,1,0,0,0.775532055,0,0,0.224467945,0,0,0,0,1,0,0,1,0,0,0.224467945,0.775532055,1,0,0,0.224467945,0,0.775532055,0,0.224467945,0,0.775532055,0.775532055,0.224467945,0,1,bad
18.16758263,1274.87149,3.351953626,3.296092749,36.53632462,1.648046374,1,0,0.351953626,0.648046374,0,0,0.648046374,0,0.351953626,0,0,0,0,0,0,0,1,0,0,0,0.351953626,0,0,0,0.648046374,1,0,0,0,0,0.351953626,0,0,0.648046374,0,0,1,0.351953626,0,0.648046374,0,0,1,0,0.648046374,0.351953626,0,0,0.648046374,0,0.351953626,0.351953626,0.648046374,0,1,bad
28.04118557,6867.958814,2.112255155,1.336765465,55.89804124,1.112255155,1,0,1,0,0,0.887744845,0,0.112255155,0,0,0.112255155,0,0,0.887744845,0,0,0,0,0,0,0,0,1,0,0,0,0,0.887744845,0.112255155,0,0,0.887744845,0,0.112255155,0,0,1,0,0.887744845,0.112255155,0,0.887744845,0.112255155,0,0,1,0,0,1,0,0,0,1,0,1,bad
17.53261774,885.2463527,4,3.844205913,34.98733843,1,1.922102956,0.922102956,0.077897044,0,0,0,0.922102956,0,0.077897044,0,0,0,0,0,1,0,0,0,0,0,0,0,0.922102956,0,0.077897044,0.077897044,0,0,0.922102956,0,0,0,0.077897044,0.922102956,0,0,1,1,0,0,0,0.922102956,0.077897044,0,0,1,0,0,1,0,0,0.077897044,0.922102956,0,1,bad
15.41099417,1440.561663,3.42466537,3.712332685,31.13699806,1.712332685,1.712332685,0.287667315,0.712332685,0,0,1,0,0,0,0,0,0,0,0,1,0,0,0,0,0,0.287667315,0,0.712332685,0,0,0,1,0,0,0,0,0,0,1,0,0,1,0,0,1,0,0,1,0,0.712332685,0.287667315,0,0,0.287667315,0,0.712332685,1,0,0,1,bad
17.14378086,1129.858374,4,2.285406379,32.42918724,1,1,0,0.857296811,0,0.142703189,0,0,0,1,0,0,0,0,1,0,0,0,0,0,0,0,0.142703189,0.857296811,0,0,0.142703189,0,0,0,0.857296811,1,0,0,0,0,0,1,1,0,0,0,0,1,0,0,0.857296811,0.142703189,0,0.857296811,0,0.142703189,1,0,0,1,bad
28.41927648,6360.362521,3.824364053,3.73654608,32.84417744,1,1,0.087817973,0.912182027,0,0,0,0,0,1,0,0,0,0,0.912182027,0,0,0.087817973,0,0,0,0,0,0,0,1,0,0,0,0.912182027,0.087817973,0,0,0,1,0,0,1,0,0.912182027,0.087817973,0,0,1,0,0,1,0,0.087817973,0.912182027,0,0,0.912182027,0.087817973,0,1,bad
32.13472544,2752.227387,3.570525049,3.570525049,31,1.214737475,1,0,0.785262525,0,0.214737475,0.785262525,0.214737475,0,0,0,0,0,0,0.785262525,0.214737475,0,0,0,0,0,0,0,1,0,0,0,0.214737475,0,0.785262525,0,0,0,0,1,0,0,1,0.785262525,0.214737475,0,0,1,0,0,0,1,0,0,1,0,0,1,0,0,1,bad
19.51724762,4151.091897,2.252874603,2.505749206,32.71263016,2,2,0,0.252874603,0,0.747125397,0,0,0,0,1,0.747125397,0,0,0.252874603,0,0,0,0,0,0,0,0,1,0,0,0.747125397,0,0,0.252874603,0,0,0,0,1,0,0,1,0.747125397,0,0.252874603,0,0.252874603,0,0.747125397,0,0.747125397,0.252874603,0,1,0,0,1,0,0,1,bad
36,9436.588601,2.925075982,2.387613973,24,1.462537991,1,0,1,0,0,0,0.462537991,0,0.537462009,0,0,0,0,0,0.537462009,0,0,0,0,0.462537991,0,0,1,0,0,0,1,0,0,0,0,0,0,1,0,0,1,1,0,0,0,0,1,0,0,1,0,0,1,0,0,0,1,0,1,bad
46.50421446,11702.68251,2,4,26.49297591,2,1,0,0.498595181,0,0.501404819,0,0.501404819,0,0,0.498595181,0.498595181,0,0,0,0,0,0,0,0,0.501404819,0.501404819,0,0.498595181,0,0,0.501404819,0,0,0.498595181,0,0.501404819,0,0,0.498595181,0,0,1,1,0,0,0,0.501404819,0.498595181,0,0,0,1,0,0.498595181,0,0.501404819,1,0,0,1,bad
48,3846.643499,4,3.924471453,34.15105709,1,1.962235727,0.962235727,0,0,0.037764273,0,0,0,0.037764273,0.962235727,1,0,0,0,0,0,0,0,0,0,0.962235727,0,0,0,0.037764273,0.037764273,0.962235727,0,0,0,0,0.037764273,0,0.962235727,0,0,1,0,0,0.962235727,0.037764273,0.037764273,0.962235727,0,0.962235727,0.037764273,0,0,0.037764273,0,0.962235727,1,0,0,1,bad
24,11340.22882,1.947289557,3.052710443,28.68373734,2,1,1,0,0,0,0,0,0,1,0,0,0,0,0,0,0.947289557,0,0,0,0.052710443,0,0,1,0,0,1,0,0,0,0,0.052710443,0,0,0.947289557,0.947289557,0,0.052710443,1,0,0,0,0.947289557,0.052710443,0,0,0.947289557,0.052710443,1,0,0,0,0.052710443,0.947289557,0,1,bad
26.29852225,1822.233826,4,2.383087042,31.34080465,1,1.808456479,0,0.808456479,0,0.191543521,0,0,0,1,0,0,0,0.191543521,0,0,0,0.808456479,0,0,0,0,0,1,0,0,0.191543521,0,0,0,0.808456479,0,0,0,1,0,0,1,0.808456479,0,0.191543521,0,0,0,1,0.191543521,0.808456479,0,0.808456479,0.191543521,0,0,0.808456479,0.191543521,0,1,bad
26.42428975,6776.043375,2.200578327,4,66.99710836,2,1,0,0.200578327,0,0.799421673,0,0,0.200578327,0.799421673,0,0.200578327,0,0,0,0.799421673,0,0,0,0,0,0,0,0.200578327,0,0.799421673,0.799421673,0,0,0.200578327,0,0,0,0,1,0,0,1,0.799421673,0,0.200578327,0,0,1,0,0,0.200578327,0.799421673,0,1,0,0,0.799421673,0.200578327,0,1,bad
23.79925022,1198.263917,3.866166815,4,58.59475156,1.933083407,1.066916593,0.066916593,0.933083407,0,0,0,0.933083407,0,0.066916593,0,0.066916593,0,0,0,0.933083407,0,0,0,0,0,0,0,1,0,0,0,0,0,1,0,0.066916593,0,0,0.933083407,0,0,1,0.933083407,0.066916593,0,0,0,1,0,0,1,0,0,0.066916593,0,0.933083407,1,0,0,1,bad
25.52721084,2131.363379,4,2,28.84552159,1,1,0.62726757,0,0.37273243,0,0,0,0,1,0,0,0,0,0,0.62726757,0,0.37273243,0,0,0,0,0,1,0,0,1,0,0,0,0,0.62726757,0,0,0.37273243,0.37273243,0.62726757,0,0,0,0.62726757,0.37273243,0.62726757,0,0.37273243,0,1,0,0,1,0,0,1,0,0,1,bad
16.54930347,3400.153389,2.494521837,2.483565511,30.45069653,1.505478163,1,0,1,0,0,0,0,0.505478163,0.494521837,0,0,0,0.505478163,0,0,0,0,0,0,0.494521837,0,0,1,0,0,0,0,0.505478163,0.494521837,0,0,0,0,1,0,0,1,0,0.505478163,0.494521837,0,0,1,0,0.494521837,0.505478163,0,0,1,0,0,0.505478163,0.494521837,0,1,bad
27,2548.672326,3.426553484,2.573446516,21.85310697,1.426553484,1,0.426553484,0,0,0.573446516,0,0.426553484,0,0.573446516,0,0,0,0,0,0.573446516,0,0.426553484,0,0,0,0,0.426553484,0.573446516,0,0,1,0,0,0,0,0.573446516,0,0,0.426553484,0,0,1,0,0.426553484,0,0.573446516,0,1,0,0,0.426553484,0.573446516,0,0.573446516,0,0.426553484,1,0,0,1,bad
37.47289433,6900.747014,3.631776418,2.754517612,29.61370597,1.122741194,1,0,1,0,0,0,0,0.877258806,0.122741194,0,0,0,0.877258806,0,0,0,0.122741194,0,0,0,0,0,1,0,0,0.877258806,0.122741194,0,0,0,0,0,0.122741194,0.877258806,0,0.122741194,0.877258806,0,0.877258806,0,0.122741194,0,0.122741194,0.877258806,0,1,0,0,1,0,0,0,1,0,1,bad
19.02759387,1214.458609,4,3.171265645,23.17126565,1,1,0,1,0,0,0,0,0,1,0,0,0,0,0,1,0,0,0,0,0,0,0,1,0,0,0,0,1,0,0,1,0,0,0,0,0,1,0.828734355,0.171265645,0,0,0,1,0,0,0,1,0,1,0,0,0.171265645,0.828734355,0,1,bad
9,1485.671464,3.332916139,2.333541931,26.00250317,1.333541931,1,0.333541931,0,0,0.666458069,0,0.333541931,0,0.666458069,0,0,0,0.333541931,0,0,0,0.666458069,0,0,0,0,0,1,0,0,0,0.666458069,0,0.333541931,0,0.333541931,0,0,0.666458069,0,0,1,1,0,0,0,0,1,0,0,1,0,0.333541931,0.666458069,0,0,0.666458069,0.333541931,0,1,bad
14.74240386,1542.684279,2.371201931,1.91413462,32.59841351,1,1,0.54293269,0.45706731,0,0,0.45706731,0,0,0.54293269,0,0,0,0,0.45706731,0,0,0.54293269,0,0,0,0,0,1,0,0,0.45706731,0,0.54293269,0,0,0,0,0.54293269,0.45706731,0,0,1,0.45706731,0,0,0.54293269,0.45706731,0.54293269,0,0,0.45706731,0.54293269,0,1,0,0,1,0,0,1,bad
12.19925139,1554.269412,4,3.900374306,54.60149722,1.966791435,2,0,0,0,1,0,0,0.966791435,0.033208565,0,0,0,0,0.033208565,0,0,0,0.966791435,0,0,0,0,0.033208565,0.966791435,0,0,0,0.033208565,0.966791435,0,0,0,0.033208565,0.966791435,0.033208565,0,0.966791435,0,0.033208565,0.966791435,0,0,1,0,0.966791435,0.033208565,0,0,0.966791435,0,0.033208565,1,0,0,1,bad
33.42094239,2305.070307,3.754375465,3.877187733,30.2631264,1,1,0,0.877187733,0.122812267,0,0,0,0,1,0,0,0,0,0,0,0,1,0,0,0,0,0,1,0,0,0.877187733,0,0.122812267,0,0,0.122812267,0.877187733,0,0,0,0,1,0.877187733,0,0,0.122812267,0,1,0,0,0.122812267,0.877187733,0,0.877187733,0,0.122812267,1,0,0,1,bad
12,888.4098812,4,3.931686468,40.38517821,1,1.965843234,0.965843234,0.034156766,0,0,0,0,0,1,0,0,0,0,0,1,0,0,0,0,0,0,0,0.965843234,0,0.034156766,0.034156766,0,0,0.965843234,0,0,0,0.034156766,0.965843234,0,0,1,1,0,0,0,0.965843234,0.034156766,0,0,1,0,0,0.034156766,0,0.965843234,1,0,0,1,bad
15.97407644,1282,2.662346073,3.337653927,23.97407644,1,1,0,1,0,0,0,0,0,1,0,0,0,0,0.668826963,0,0,0.331173037,0,0,0,0.331173037,0,0.668826963,0,0,1,0,0,0,0,1,0,0,0,0,0,1,1,0,0,0,0,1,0,0,0.331173037,0.668826963,0,0.668826963,0,0.331173037,1,0,0,1,bad
12,1095.808501,4,4,41.60093866,1.663207298,1,0,0.663207298,0,0.336792702,0,0,0,0.336792702,0.663207298,0,0,0,0.336792702,0.663207298,0,0,0,0,0,0,0.336792702,0.663207298,0,0,1,0,0,0,0,0.336792702,0,0,0.663207298,0,0,1,1,0,0,0,0.663207298,0.336792702,0,0,0.663207298,0.336792702,0,0.663207298,0,0.336792702,1,0,0,1,bad
9.570010793,648.6798993,4,3.190003598,27.23998561,1,1,0,1,0,0,0.190003598,0,0,0.809996402,0,0,0,0,0,0.809996402,0,0.190003598,0,0,0,0,0,1,0,0,1,0,0,0,0,0.190003598,0,0,0.809996402,0,0,1,0.809996402,0,0,0.190003598,0.190003598,0.809996402,0,0,1,0,0,0,0,1,1,0,0,1,bad
18.08341602,2774.207548,2.013902671,2.027805341,30.84707062,1.986097329,1,0.013902671,0,0,0.986097329,0,0.986097329,0,0.013902671,0,0,0,0,0,1,0,0,0,0,0,0,0,1,0,0,0.013902671,0.986097329,0,0,0,0.013902671,0,0,0.986097329,0,0,1,0,1,0,0,0.986097329,0.013902671,0,0,0.986097329,0.013902671,0,0.986097329,0,0.013902671,0.986097329,0.013902671,0,1,bad
12,718.9211922,4,4,41.12609247,1,1.992119221,0,0.007880779,0,0.992119221,0,0,0,1,0,0,0,0.992119221,0,0,0,0.007880779,0,0,0,0,0,1,0,0,0,0,0,1,0,0,0,0,1,0,0,1,0.992119221,0,0,0.007880779,0.992119221,0,0.007880779,0,1,0,0,0,0,1,1,0,0,1,bad
23.70119838,1937.501997,3.90039946,2.95019973,31.95019973,1.04980027,1,0.04980027,0.95019973,0,0,0,0.04980027,0,0.95019973,0,0,0,0,0.04980027,0,0,0.95019973,0,0,0,0,0,1,0,0,0,0,1,0,0,0,0.95019973,0,0.04980027,0,0,1,0,0.95019973,0,0.04980027,0,1,0,0,1,0,0,0.95019973,0,0.04980027,1,0,0,1,bad
27.81152928,7593.416846,1.981152928,4,48.05654122,1,1.672949024,0,1,0,0,0,0,0,1,0,0,0,0,0,0.327050976,0,0,0,0,0.672949024,0,0,0.327050976,0,0.672949024,0,0,0,1,0,0,0,0,1,0,0,1,0,0.672949024,0.327050976,0,0.327050976,0.672949024,0,1,0,0,0.327050976,0.672949024,0,0,0.327050976,0.672949024,0,1,bad
28.26921175,2715.865394,2.644232354,3.288464709,27.47112056,1,1.355767646,0.644232354,0.355767646,0,0,0,0,0,1,0,0,0,0,0.355767646,0.644232354,0,0,0,0,0,0,0,1,0,0,0.644232354,0,0,0.355767646,0,0.644232354,0,0,0.355767646,0,0,1,0,1,0,0,0.355767646,0.644232354,0,0,0.355767646,0.644232354,0,0.355767646,0,0.644232354,0.355767646,0.644232354,0,1,bad
26.41109775,6382.30012,3.401849625,4,33.3926015,1.299075187,1.299075187,0,0.700924813,0,0.299075187,0.299075187,0,0,0.700924813,0,0,0,0,0.700924813,0.299075187,0,0,0,0,0,0,0,0.299075187,0,0.700924813,0,0,0,1,0,0,0,0,1,0,0,1,0,0.700924813,0.299075187,0,0.299075187,0.700924813,0,0,1,0,0.299075187,0.700924813,0,0,0.700924813,0.299075187,0,1,bad
29.06531109,4281.324143,4,3.922109257,27.0904704,1.922109257,1,1,0,0,0,0,0,0.077890743,0,0.922109257,0.922109257,0,0,0.077890743,0,0,0,0,0,0,0.922109257,0,0.077890743,0,0,0.922109257,0,0,0.077890743,0,0.922109257,0.077890743,0,0,0,0,1,0.922109257,0,0.077890743,0,0,1,0,0,0.077890743,0.922109257,0.077890743,0,0,0.922109257,0.922109257,0.077890743,0,1,bad
26.02052553,12584.55645,3.494868616,2.336754256,44.50513138,1,1.168377128,1,0,0,0,0,0,0,1,0,0,0,0.168377128,0,0,0,0,0,0,0.831622872,0.168377128,0,0.831622872,0,0,0.168377128,0,0,0.831622872,0,0.831622872,0,0,0.168377128,0,0,1,0,0,1,0,0,1,0,1,0,0,0.831622872,0.168377128,0,0,0,1,0,1,bad
27.0472236,2154.675229,4,2,24.9842588,1,1,0.7539353,0,0,0.2460647,0,0,0.2460647,0.7539353,0,0.2460647,0,0,0,0.7539353,0,0,0,0,0,0,0,1,0,0,1,0,0,0,0,0.7539353,0,0.2460647,0,0,0.7539353,0.2460647,0.2460647,0,0.7539353,0,0.7539353,0.2460647,0,0,1,0,0,1,0,0,0.7539353,0.2460647,0,1,bad
38.98219467,9668.424294,1,1.248516222,27.50296756,1.751483778,1,0.248516222,0,0,0.751483778,0,0,0.751483778,0.248516222,0,0.751483778,0,0,0.248516222,0,0,0,0,0,0,0,0,1,0,0,0,0,1,0,0,0.248516222,0.751483778,0,0,0,0,1,1,0,0,0,0,1,0,0,1,0,0,1,0,0,0.751483778,0.248516222,0,1,bad
16.60590716,3370.263151,3.383825597,3.232348807,36.53530239,1,1,0,1,0,0,0,0,0,1,0,0,0,0,0.383825597,0,0,0,0,0,0.616174403,0,0,1,0,0,0,0,0,1,0,0,0,0,1,0,0,1,0,0.383825597,0.616174403,0,0,1,0,0.616174403,0,0.383825597,0.383825597,0.616174403,0,0,0,1,0,1,bad
14.99417153,8991.240557,1.045189615,3.864431155,44.05101808,1,1,0,1,0,0,0,0,0,1,0,0,0,0,0,1,0,0,0,0,0,0,0,1,0,0,0,0.045189615,0,0.954810385,0,0,0.954810385,0,0.045189615,0,0,1,0.045189615,0.954810385,0,0,0,1,0,0,1,0,0.954810385,0.045189615,0,0,0,1,0.954810385,0.045189615,bad
23.07691674,3937.230805,2.692305581,2.871796279,34.69230558,1.871796279,1.56410186,0.56410186,0.43589814,0,0,0,0.43589814,0,0.56410186,0,0.56410186,0,0,0,0.43589814,0,0,0,0,0,0,0,1,0,0,0.56410186,0,0,0.43589814,0,0.43589814,0,0,0.56410186,0,0,1,0.56410186,0,0,0.43589814,0.43589814,0.56410186,0,0,0.56410186,0.43589814,0,1,0,0,0,1,0,1,bad
14.57228914,1532.285141,1.857429713,1.428714856,26.85843371,1.428714856,1,0.571285144,0,0,0.428714856,0,0.428714856,0,0.571285144,0,0,0,0,0,0.428714856,0,0.571285144,0,0,0,0,0,1,0,0,0.428714856,0,0.571285144,0,0,0,0,0.571285144,0.428714856,0,0,1,0,0.428714856,0,0.571285144,0.428714856,0.571285144,0,0,0.428714856,0.571285144,0,1,0,0,1,0,0,1,bad
12,691.2829198,4,2.879550799,43.3613476,1.560224601,1.439775399,0,1,0,0,0.560224601,0,0,0.439775399,0,0,0,0.439775399,0,0.560224601,0,0,0,0,0,0,0,1,0,0,0.439775399,0,0.560224601,0,0,0,0,0,1,0,0,1,1,0,0,0,0.560224601,0.439775399,0,0,0.560224601,0.439775399,0,0.560224601,0,0.439775399,0.439775399,0.560224601,0,1,bad
27.59304818,4977.360368,1.366280454,3.267439091,27.53487818,2,1,0.366280454,0,0,0.633719546,0,0.366280454,0,0,0.633719546,0,0,0,0,0.633719546,0,0.366280454,0,0,0,0,0,0.366280454,0,0.633719546,0.633719546,0.366280454,0,0,0,0.633719546,0,0,0.366280454,0,0.366280454,0.633719546,0,0.633719546,0,0.366280454,0.633719546,0.366280454,0,0,1,0,0,1,0,0,0.366280454,0.633719546,0,1,bad
10.13040739,1366.376802,3.075360493,4,22.22608148,1,1,0,1,0,0,0,0,0,1,0,0,0,0,0,0.075360493,0,0.924639507,0,0,0,0,0,0.924639507,0,0.075360493,0.075360493,0,0.924639507,0,0,1,0,0,0,0,0,1,0,0.924639507,0,0.075360493,0,1,0,0,0,1,0,1,0,0,1,0,0,1,bad
21.54662564,1940.044479,4,3.408895726,28.31993846,1,1,0,0.591104274,0,0.408895726,0,0,0,1,0,0,0,0,0,0,0,0.591104274,0.408895726,0,0,0,0,1,0,0,0,0,1,0,0,0.408895726,0.591104274,0,0,0,0,1,0,0.591104274,0,0.408895726,0,1,0,0,1,0,0,1,0,0,1,0,0,1,bad
33.05308939,12310.43281,1,2.526544693,40.615027,1,1.508848231,0.508848231,0.491151769,0,0,0,0,0,1,0,0,0,0.508848231,0,0,0,0,0.491151769,0,0,0.508848231,0,0.491151769,0,0,0.508848231,0,0.491151769,0,0,0,0.491151769,0,0.508848231,0,0,1,0,0,1,0,0,1,0,0.508848231,0.491151769,0,0,0.508848231,0,0.491151769,0,1,0,1,bad
14.4777523,801.1295872,4,3,36.30366973,1,2,0.825917434,0,0,0.174082566,0,0.174082566,0,0.825917434,0,0,0,0,0,0,0,1,0,0,0,0,0,0.825917434,0,0.174082566,0,0,0,1,0,0.174082566,0,0,0.825917434,0,0,1,0.825917434,0.174082566,0,0,0.174082566,0.825917434,0,0,1,0,0,0.825917434,0,0.174082566,1,0,0,1,bad
46.51221298,7119.991858,2.876017748,4,49.28053244,2,1.876017748,0,0.876017748,0,0.123982252,0,0.123982252,0,0,0.876017748,0,0,0,1,0,0,0,0,0,0,0,0,1,0,0,0.876017748,0,0.123982252,0,0,0.123982252,0,0,0.876017748,0,0,1,0,0.123982252,0.876017748,0,0,1,0,0.876017748,0,0.123982252,0,1,0,0,0.876017748,0.123982252,0,1,bad
24,1196.441128,1.448842789,4,30.34652837,2,1.149614263,0.149614263,0.850385737,0,0,0.850385737,0.149614263,0,0,0,0,0,0,0,0.850385737,0,0.149614263,0,0,0,0.149614263,0,0.850385737,0,0,0,0,0.149614263,0,0.850385737,0.850385737,0,0,0.149614263,0.850385737,0,0.149614263,0,0,1,0,0.149614263,0.850385737,0,0,0.149614263,0.850385737,0,0.149614263,0.850385737,0,1,0,0,1,bad
24.78298269,2365.133364,1.391491344,1.391491344,31.69502885,1,1,0,1,0,0,0,0,0,1,0,0,0,0,1,0,0,0,0,0,0,0.869502885,0,0.130497115,0,0,0,0.130497115,0,0,0.869502885,0.130497115,0.869502885,0,0,0,0,1,0,0.869502885,0,0.130497115,0,1,0,0,0.869502885,0.130497115,0,1,0,0,1,0,0,1,bad
15,1266.022997,2.288999572,2.577999143,29.045994,1.288999572,1,0.711000428,0,0.288999572,0,0.711000428,0.288999572,0,0,0,0,0,0,0,0.711000428,0,0.288999572,0,0,0,0.711000428,0,0,0,0.288999572,1,0,0,0,0,0,0,0.711000428,0.288999572,0,0,1,0,0.711000428,0.288999572,0,0,1,0,0.288999572,0,0.711000428,0,1,0,0,0.711000428,0.288999572,0,1,bad
23.3794205,1935.827439,4,4,30.17256066,1.896570083,1,0.896570083,0,0,0.103429917,0,0.896570083,0,0.103429917,0,0.896570083,0,0,0,0,0,0,0.103429917,0,0,0,0,1,0,0,0,0,0.103429917,0.896570083,0,0.103429917,0.896570083,0,0,0,0,1,0,0,0,1,0,1,0,0,1,0,0,1,0,0,0.103429917,0.896570083,0,1,bad
14.57010172,1367.856701,3.371340115,4,23.11402034,1,1,0,1,0,0,0,0,0,1,0,0,0,0,0,0.371340115,0,0.628659885,0,0,0,0,0,0.628659885,0,0.371340115,0.371340115,0,0.628659885,0,0,1,0,0,0,0,0,1,0,0.628659885,0,0.371340115,0,1,0,0,0,1,0,1,0,0,1,0,0,1,bad
12.97328712,1273.026713,3,1.973287123,37.64885808,1.324429041,1,0,0.675570959,0.324429041,0,0,0.324429041,0,0.675570959,0,0,0,0,0,0.675570959,0,0.324429041,0,0,0,0,0,0.675570959,0,0.324429041,0.324429041,0,0.675570959,0,0,0.675570959,0,0,0.324429041,0,0,1,0,0,0.324429041,0.675570959,0,1,0,0.324429041,0.675570959,0,0,0.324429041,0,0.675570959,0.675570959,0.324429041,0,1,bad
36,8293.389982,2.60745266,3.21490532,38.75650586,1,1.39254734,0,1,0,0,0,0,0,1,0,0,0,0,0,0,0,0,0,0,1,0,0,0.39254734,0,0.60745266,0.39254734,0,0,0.60745266,0,0,0,0,1,0,0,1,0,0.39254734,0.60745266,0,0,1,0,0.60745266,0.39254734,0,0,1,0,0,1,0,0,1,bad
37.94832557,14534.67965,1.760674418,2.478651163,35.29100001,1,1,0.760674418,0.239325582,0,0,0,0,0,0.239325582,0.760674418,0.760674418,0,0,0,0.239325582,0,0,0,0,0,0,0,1,0,0,0.760674418,0,0,0.239325582,0,0,0,0,1,0,0,1,0.760674418,0,0.239325582,0,0.239325582,0.760674418,0,0,1,0,0.239325582,0.760674418,0,0,0,1,0,1,bad
45.91636024,4864.604882,2.768484471,2,31.14787577,1.231515529,1,0.231515529,0,0,0.768484471,0,0.231515529,0,0.768484471,0,0.768484471,0,0,0,0,0,0.231515529,0,0,0,0,0,1,0,0,0,0.231515529,0,0,0.768484471,0,0,0,1,0,0.231515529,0.768484471,0.768484471,0,0,0.231515529,0.768484471,0.231515529,0,0,0.231515529,0.768484471,0.768484471,0.231515529,0,0,0.231515529,0.768484471,0,1,bad
48,10209.15602,3.218006112,3.478670741,35.61135982,2.478670741,1.739335371,0.260664629,0.739335371,0,0,0,0,0,1,0,0,0,0,0.260664629,0,0,0,0,0,0.739335371,0,0,1,0,0,0,0.739335371,0.260664629,0,0,0.260664629,0,0,0.739335371,0,0,1,0.260664629,0,0.739335371,0,0,0.260664629,0.739335371,0.739335371,0.260664629,0,0,1,0,0,0,1,0,1,bad
48,6247.721491,4,4,49.11321529,1.221696177,1,0.778303823,0.221696177,0,0,0,0.221696177,0.778303823,0,0,0,0,0.778303823,0,0,0,0,0,0,0.221696177,0,0,1,0,0,0,0,0,1,0,0,0,0,1,0,0,1,0,0,1,0,0,1,0,1,0,0,0,1,0,0,0.778303823,0.221696177,0,1,bad
18.89823143,3973.093606,3,2,33.7978233,1,1,0,1,0,0,0,0,0,1,0,0,0,0,0,1,0,0,0,0,0,0,0,1,0,0,1,0,0,0,0,0.700136044,0,0,0.299863956,0,0,1,0.299863956,0.700136044,0,0,0,1,0,0,1,0,0,0.700136044,0,0.299863956,0.299863956,0.700136044,0,1,bad
55.04579268,6340.844878,4,3.58714939,49.01846037,1,1,1,0,0,0,0.41285061,0,0,0.58714939,0,0.41285061,0,0.58714939,0,0,0,0,0,0,0,0,0,1,0,0,0.58714939,0,0,0.41285061,0,0.41285061,0,0,0.58714939,0,0,1,0,0,1,0,0,1,0,0.58714939,0,0.41285061,0,1,0,0,1,0,0,1,bad
8.738796092,919.1318836,3.738796092,1,30.17413594,1,1,1,0,0,0,0.087067969,0,0,0.912932031,0,0,0,0,0.912932031,0.087067969,0,0,0,0,0,0.087067969,0,0.912932031,0,0,0.912932031,0,0.087067969,0,0,1,0,0,0,0,0,1,0,1,0,0,0,0.912932031,0.087067969,0,1,0,0,0.912932031,0,0.087067969,1,0,0,1,bad
11.93754362,951.1665503,3.93754362,3.958362414,27.04163759,3.93754362,1,1,0,0,0,0,0,0,1,0,0,0,0,1,0,0,0,0,0,0,0.979181207,0,0.020818793,0,0,0.020818793,0,0.979181207,0,0,1,0,0,0,0,0,1,1,0,0,0,0.979181207,0.020818793,0,0,0.020818793,0.979181207,0,1,0,0,1,0,0.020818793,0.979181207,bad
19.78459092,4179.174,1.702568181,3.297431819,40.21540908,1.594863639,1,0.297431819,0.702568181,0,0,0,0,0,0.702568181,0.297431819,0.297431819,0,0,0.702568181,0,0,0,0,0,0,0,0,1,0,0,1,0,0,0,0,0,0,0,1,0.702568181,0,0.297431819,0.702568181,0,0,0.297431819,0,1,0,0,1,0,0,0.702568181,0,0.297431819,0.702568181,0.297431819,0,1,bad
21.67577503,1624.248907,4,2.45051669,36.39586648,1.774741655,1.774741655,0,1,0,0,1,0,0,0,0,0,0,0,0,0.774741655,0,0.225258345,0,0,0,0,0,0.225258345,0,0.774741655,0.774741655,0.225258345,0,0,0,0,0,0,1,0,0.225258345,0.774741655,0.225258345,0.774741655,0,0,0.225258345,0.774741655,0,0,0.774741655,0.225258345,0,0,0,1,1,0,0,1,bad
18.18465708,2557.869088,4,2.54616427,40.21543326,1.51538809,2,0,0.48461191,0,0.51538809,0,0,0.51538809,0.48461191,0,0,0,0,0,1,0,0,0,0,0,0,0,1,0,0,0,0,0.48461191,0.51538809,0,0,0,0,1,0,0,1,0.51538809,0,0,0.48461191,0,1,0,0,1,0,0,0,0,1,1,0,0,1,bad
22.97900145,3418.22187,2.26386686,1.13193343,28.11093488,1.86806657,1.13193343,0,1,0,0,0,0,0.86806657,0.13193343,0,0,0,0.86806657,0.13193343,0,0,0,0,0,0,0,0,1,0,0,0,0,0.86806657,0.13193343,0,0,0,0,1,0,0,1,0.13193343,0.86806657,0,0,0,1,0,0,1,0,0,1,0,0,1,0,0,1,bad
15.98792767,3372.37458,3.332327306,3.335345388,36.32930922,1,1,0,1,0,0,0,0,0,1,0,0,0,0,0.332327306,0,0,0,0,0,0.667672694,0,0,1,0,0,0,0,0,1,0,0,0,0,1,0,0,1,0,0.332327306,0.667672694,0,0,1,0,0.667672694,0,0.332327306,0.332327306,0.667672694,0,0,0,1,0,1,bad
7.226648108,4612.635531,1.272588468,3.727411532,33.09035387,1,1,0,0,0,1,0,0,0,1,0,0,0,0.136294234,0.863705766,0,0,0,0,0,0,0.136294234,0,0.863705766,0,0,0.136294234,0,0.863705766,0,0,0.863705766,0,0,0.136294234,0,0,1,0,1,0,0,0,1,0,0,1,0,0.136294234,0.863705766,0,0,0.863705766,0.136294234,0,1,bad
48,6190.797394,4,4,53.27926969,1.409908711,1,0.590091289,0.409908711,0,0,0,0.409908711,0.590091289,0,0,0,0,0.590091289,0,0,0,0,0,0,0.409908711,0,0,1,0,0,0,0,0,1,0,0.409908711,0,0,0.590091289,0,0,1,0,0,1,0,0,0.590091289,0.409908711,1,0,0,0,0.590091289,0,0.409908711,1,0,0,1,bad
12,703.0731888,4,3.012198129,51.56708971,1.493900935,1,0,1,0,0,0.493900935,0,0,0.506099065,0,0,0,0,0,0.493900935,0,0.506099065,0,0,0,0,0,1,0,0,0,0,0.493900935,0.506099065,0,0,0,0,1,0,0,1,0.493900935,0,0,0.506099065,0.493900935,0,0.506099065,0,1,0,0,0.493900935,0,0.506099065,0.506099065,0.493900935,0,1,bad
15,1265.121254,2.160179074,2.320358148,27.24250703,1.160179074,1,0.839820926,0,0.160179074,0,0.839820926,0.160179074,0,0,0,0,0,0,0,0.839820926,0,0.160179074,0,0,0,0.839820926,0,0,0,0.160179074,1,0,0,0,0,0,0,0.839820926,0.160179074,0,0,1,0,0.839820926,0.160179074,0,0,1,0,0.160179074,0,0.839820926,0,1,0,0,0.839820926,0.160179074,0,1,bad
24,1368.288052,4,2.552693396,37.76346698,1,1,0,1,0,0,0.552693396,0,0,0.447306604,0,0,0,0,0,0.447306604,0.552693396,0,0,0,0,0,0,0,0,1,0.447306604,0,0,0.552693396,0,0.447306604,0,0,0.552693396,0,0,1,0.552693396,0.447306604,0,0,0,0.447306604,0.552693396,0,1,0,0.552693396,0.447306604,0,0,0.447306604,0.552693396,0,1,bad
10.58778076,1121.180713,4,3,29.88295898,2,1.470739745,0.470739745,0.529260255,0,0,0,0.470739745,0,0,0.529260255,0,0,0.470739745,0,0,0,0,0.529260255,0,0,0,0,0.529260255,0.470739745,0,0,0.529260255,0,0.470739745,0,0,0,0,1,0,0,1,0,0,0.470739745,0.529260255,0,1,0,0.470739745,0.529260255,0,0,1,0,0,1,0,0,1,bad
12,945.7110706,4,3.118511763,27.44074412,3.559255881,1,0.559255881,0,0.440744119,0,0,0.440744119,0,0.559255881,0,0,0,0,0.559255881,0.440744119,0,0,0,0,0,0.559255881,0.440744119,0,0,0,0,0.440744119,0.559255881,0,0,0.559255881,0,0.440744119,0,0,0,1,0.559255881,0,0,0.440744119,0.559255881,0.440744119,0,0,0.440744119,0.559255881,0,1,0,0,0.559255881,0.440744119,0,1,bad
11.88213051,1359.275029,3.320236723,3.679763277,23.28094689,1,1,0,1,0,0,0,0,0,1,0,0,0,0,0,0,0,1,0,0,0,0,0,1,0,0,0.320236723,0,0.679763277,0,0,0.679763277,0,0.320236723,0,0,0,1,0,0.679763277,0,0.320236723,0.320236723,0.679763277,0,0,0.320236723,0.679763277,0,1,0,0,1,0,0,1,bad
18.12906432,2774.655828,2.086042878,2,32.29064316,2,1,0.043021439,0,0,0.956978561,0,0.956978561,0,0.043021439,0,0.043021439,0,0,0,0.956978561,0,0,0,0,0,0.043021439,0,0.956978561,0,0,0,0.956978561,0,0.043021439,0,0,0.043021439,0,0.956978561,0,0,1,0.043021439,0.956978561,0,0,1,0,0,0,0.956978561,0.043021439,0,0.956978561,0,0.043021439,1,0,0,1,bad
44.96764089,3928.689631,4,3.711203894,44.55601947,1,2,0.144398053,0.855601947,0,0,0,0,0,1,0,0.144398053,0,0,0,0.855601947,0,0,0,0,0,0,0,1,0,0,0.144398053,0.855601947,0,0,0,0,0,0,1,0,0,1,0.144398053,0,0.855601947,0,0,1,0,0.855601947,0.144398053,0,0,1,0,0,0.855601947,0.144398053,0,1,bad
9.658022144,1239.487033,1.341977856,4,43.89626573,1,1.829011072,0.170988928,0,0.829011072,0,0,0,0,1,0,0,0,0,0.170988928,0.829011072,0,0,0,0,0,0.829011072,0,0.170988928,0,0,0.170988928,0,0,0.829011072,0,1,0,0,0,0,0,1,0,0,0.829011072,0.170988928,0,1,0,0.829011072,0.170988928,0,0,0.170988928,0,0.829011072,1,0,0,1,bad
16.63947202,7863.066887,4,3.613377331,47.58728264,1.193311334,1,0,0.806688666,0,0.193311334,0,0.193311334,0,0.806688666,0,0,0,0,0.806688666,0.193311334,0,0,0,0,0,0,0,1,0,0,0.193311334,0,0,0.806688666,0,0.193311334,0,0,0.806688666,0,0,1,0,0,0.806688666,0.193311334,0,0.806688666,0.193311334,0.806688666,0.193311334,0,0.806688666,0.193311334,0,0,0,1,0,1,bad
9,1485.291263,3.365977096,2.317011452,25.80413742,1.317011452,1,0.317011452,0,0,0.682988548,0,0.317011452,0,0.682988548,0,0,0,0.317011452,0,0,0,0.682988548,0,0,0,0,0,1,0,0,0,0.682988548,0,0.317011452,0,0.317011452,0,0,0.682988548,0,0,1,1,0,0,0,0,1,0,0,1,0,0.317011452,0.682988548,0,0,0.682988548,0.317011452,0,1,bad
28.43287031,2739.746142,3.008950626,2,51.08950626,1.504475313,1.495524687,0.504475313,0.495524687,0,0,0,0,0,1,0,0.504475313,0,0,0.495524687,0,0,0,0,0,0,0.504475313,0,0.495524687,0,0,0,0,0,1,0,0,0.504475313,0,0.495524687,0,0,1,0.504475313,0.495524687,0,0,1,0,0,0,0.495524687,0.504475313,0,0.495524687,0,0.504475313,1,0,0,1,bad
16.71949536,1441.288609,3.715443413,3.857721706,31.57316512,1.857721706,1.857721706,0.142278294,0.857721706,0,0,1,0,0,0,0,0,0,0,0,1,0,0,0,0,0,0.142278294,0,0.857721706,0,0,0,1,0,0,0,0,0,0,1,0,0,1,0,0,1,0,0,1,0,0.857721706,0.142278294,0,0,0.142278294,0,0.857721706,1,0,0,1,bad
15.41715727,2121.093216,4,1.569526212,33.55620969,1,1,0,0.430473788,0.569526212,0,0.430473788,0,0,0.569526212,0,0,0,0,0,0,0,1,0,0,0,0,0,1,0,0,1,0,0,0,0,0,0.430473788,0,0.569526212,0.569526212,0,0.430473788,0,0,0.430473788,0.569526212,0,0.430473788,0.569526212,0.430473788,0.569526212,0,0,1,0,0,1,0,0,1,bad
31.19260859,6348.741135,4,4,31.99384049,1.066256033,1,0,1,0,0,0,0.066256033,0,0.933743967,0,0,0,0,0.933743967,0,0,0,0,0,0.066256033,0,0,0.066256033,0,0.933743967,0,0,0,1,0,0,0,0,1,0,0,1,0,0.933743967,0.066256033,0,0,1,0,0.066256033,0.933743967,0,0,1,0,0,0.933743967,0.066256033,0,1,bad
27.17212312,4287.216402,2.165575375,3.611474875,29.60492713,1.611474875,1,0.388525125,0.611474875,0,0,0,0.611474875,0.388525125,0,0,0,0,0,1,0,0,0,0,0,0,0,0.611474875,0.388525125,0,0,0.611474875,0,0,0.388525125,0,0.611474875,0.388525125,0,0,0,0,1,0.611474875,0,0.388525125,0,0,1,0,0,1,0,0.388525125,0.611474875,0,0,0.611474875,0.388525125,0,1,bad
36,9561.803008,1.033877051,1,27.8644918,1.966122949,1,0,0.033877051,0,0.966122949,0,0,0.966122949,0.033877051,0,0.966122949,0,0,0,0.033877051,0,0,0,0,0,0,0,1,0,0,0,0.033877051,0.966122949,0,0,0,0.966122949,0,0.033877051,0,0,1,1,0,0,0,0,1,0,0,1,0,0,1,0,0,0.966122949,0.033877051,0,1,bad
15,1265.887665,2.269666486,2.539332973,28.77533081,1.269666486,1,0.730333514,0,0.269666486,0,0.730333514,0.269666486,0,0,0,0,0,0,0,0.730333514,0,0.269666486,0,0,0,0.730333514,0,0,0,0.269666486,1,0,0,0,0,0,0,0.730333514,0.269666486,0,0,1,0,0.730333514,0.269666486,0,0,1,0,0.269666486,0,0.730333514,0,1,0,0,0.730333514,0.269666486,0,1,bad
23.47388217,2763.536565,4,2.329850956,56.05223565,1.835074522,1,0.835074522,0.164925478,0,0,0.164925478,0,0,0.835074522,0,0.835074522,0,0,0.164925478,0,0,0,0,0,0,0.835074522,0,0.164925478,0,0,0,0,0,1,0,0,0.835074522,0,0.164925478,0,0,1,1,0,0,0,1,0,0,0,0.164925478,0.835074522,0,0.164925478,0,0.835074522,1,0,0,1,bad
32.17891143,12601.49201,1.955272142,3.363151906,46.04472786,1,1.681575953,1,0,0,0,0,0,0,1,0,0,0,0.681575953,0,0,0,0,0,0,0.318424047,0.681575953,0,0.318424047,0,0,0.681575953,0,0,0.318424047,0,0.318424047,0,0,0.681575953,0,0,1,0,0,1,0,0,1,0,1,0,0,0.318424047,0.681575953,0,0,0,1,0,1,bad
16.67843466,1235.017652,4,2,23.61013044,1,1,0.389869555,0.610130445,0,0,0,0,0,1,0,0,0,0,0,1,0,0,0,0,0,0,0,1,0,0,0.610130445,0,0.389869555,0,0,0.610130445,0,0,0.389869555,0,0,1,0,0,0,1,0,0.610130445,0.389869555,0,1,0,0,0,0,1,1,0,0,1,bad
17.96196224,1550.528528,4,4,39.59826421,1.503169813,1.503169813,0,0.496830187,0,0.503169813,0.496830187,0,0.503169813,0,0,0,0,0,0,0,0,0.496830187,0.503169813,0,0,0,0,0.496830187,0.503169813,0,0,0.496830187,0,0.503169813,0,0,0,0,1,0,0.496830187,0.503169813,0.496830187,0,0.503169813,0,0.496830187,0.503169813,0,0.503169813,0,0.496830187,0,0.503169813,0,0.496830187,1,0,0,1,bad
11.83205658,1296.175604,3.08397171,1.251915131,25.16794342,1,1,0.91602829,0,0,0.08397171,0,0,0,1,0,0,0,0,0,1,0,0,0,0,0,0,0,0.91602829,0,0.08397171,0.08397171,0,0.91602829,0,0,0.91602829,0,0,0.08397171,0,0.08397171,0.91602829,0.91602829,0.08397171,0,0,0,1,0,0,0.08397171,0.91602829,0,0.91602829,0,0.08397171,1,0,0,1,bad
29.52209939,2150.756676,4,2,24.1593002,1,1,0.960174949,0,0,0.039825051,0,0,0.039825051,0.960174949,0,0.039825051,0,0,0,0.960174949,0,0,0,0,0,0,0,1,0,0,1,0,0,0,0,0.960174949,0,0.039825051,0,0,0.960174949,0.039825051,0.039825051,0,0.960174949,0,0.960174949,0.039825051,0,0,1,0,0,1,0,0,0.960174949,0.039825051,0,1,bad
10.33300947,1312.663104,3.666990532,3.500485798,26.16747633,1,1,0.166504734,0,0,0.833495266,0,0,0,1,0,0,0,0,0,0.833495266,0,0.166504734,0,0,0,0,0,0.166504734,0,0.833495266,0.833495266,0,0.166504734,0,0,0,0,0,1,0,0.833495266,0.166504734,0.166504734,0.833495266,0,0,0,0.833495266,0.166504734,0,1,0,0,0.166504734,0,0.833495266,1,0,0,1,bad
20.25641665,2319.991444,2,1.247861115,32.00855554,1,1,0,0,1,0,0,0.876069442,0,0.123930558,0,0,0,0.876069442,0,0,0,0.123930558,0,0,0,0,0,1,0,0,0,0,1,0,0,0.123930558,0.876069442,0,0,0,0,1,0.876069442,0,0,0.123930558,0,1,0,0,0.123930558,0.876069442,0,0.876069442,0,0.123930558,1,0,0,1,bad
14.82178671,1464.027712,4,2.776238229,22.38811911,1.388119114,1,0,0.388119114,0,0.611880886,0,0,0,1,0,0,0,0,0,0.388119114,0,0.611880886,0,0,0,0,0,1,0,0,0,1,0,0,0,0.388119114,0,0,0.611880886,0,0,1,1,0,0,0,0,1,0,0,0.611880886,0.388119114,0,1,0,0,1,0,0,1,bad
27.02025069,2134.523626,2.997749923,2.496624885,24,2,1,0,1,0,0,0,0.498874962,0.501125038,0,0,0.501125038,0,0,0.498874962,0,0,0,0,0,0,0,0,1,0,0,0.498874962,0.501125038,0,0,0,0.498874962,0,0,0.501125038,0,0,1,0.501125038,0,0,0.498874962,0,1,0,0,0.501125038,0.498874962,0,1,0,0,0.498874962,0.501125038,0,1,bad
18,2469.949449,3.44535433,1.277322835,24.1680315,1,1,0,1,0,0,0,0,0,1,0,0,0,0,1,0,0,0,0,0,0,0,0,1,0,0,0.277322835,0,0,0,0.722677165,0,0,0,1,0,0,1,1,0,0,0,0,1,0,0,1,0,0,0.277322835,0.722677165,0,1,0,0,1,bad
15.08966444,1543.67123,4,2.45516778,48.82067112,1.485055927,2,0,0,0,1,0,0,0.485055927,0.514944073,0,0,0,0,0.514944073,0,0,0,0.485055927,0,0,0,0,0.514944073,0.485055927,0,0,0,0.514944073,0.485055927,0,0,0,0.514944073,0.485055927,0.514944073,0,0.485055927,0,0.514944073,0.485055927,0,0,1,0,0.485055927,0.514944073,0,0,0.485055927,0,0.514944073,1,0,0,1,bad
36.00827925,7127.064854,2.00275975,3.998620125,23.00965913,1.998620125,1,0,0.001379875,0,0.998620125,0,0.998620125,0,0.001379875,0,0,0,0,0.998620125,0,0,0.001379875,0,0,0,0,0,0.998620125,0,0.001379875,0,0.001379875,0.998620125,0,0,1,0,0,0,0,0,1,0.001379875,0.998620125,0,0,0,1,0,0,0.001379875,0.998620125,0.001379875,0.998620125,0,0,0,1,0,1,bad
12.68820983,4619.917613,2.486268851,2.513731149,37.9450754,1,1,0,0,0,1,0,0,0,1,0,0,0,0.743134425,0.256865575,0,0,0,0,0,0,0.743134425,0,0.256865575,0,0,0.743134425,0,0.256865575,0,0,0.256865575,0,0,0.743134425,0,0,1,0,1,0,0,0,1,0,0,1,0,0.743134425,0.256865575,0,0,0.256865575,0.743134425,0,1,bad
39.46432403,10778.55439,4,2.577387338,29.7530177,2.288693669,1.288693669,0,0.288693669,0,0.711306331,0,0,0,1,0,0,0,0,0.711306331,0,0,0,0,0,0.288693669,0,0,1,0,0,0,0.288693669,0,0,0.711306331,0.711306331,0,0,0.288693669,0,0,1,0.711306331,0,0.288693669,0,0,0.711306331,0.288693669,0.288693669,0.711306331,0,0.711306331,0.288693669,0,0,0,1,0,1,bad
11.400057,1370.800114,2.199980999,3.199980999,33.20026601,1,1,0,1,0,0,0,0,0,1,0,0,0,0,0,0.800019001,0,0.199980999,0,0,0,0,0,1,0,0,0,0.800019001,0.199980999,0,0,0.199980999,0.800019001,0,0,0,0,1,0.800019001,0.199980999,0,0,0,1,0,0,0.800019001,0.199980999,0,1,0,0,1,0,0,1,bad
18,1873.337139,4,3.037459867,27.40635033,2,1,0,0.518729934,0,0.481270066,0,0.481270066,0,0.518729934,0,0,0,0.481270066,0,0,0,0.518729934,0,0,0,0.481270066,0,0.518729934,0,0,1,0,0,0,0,1,0,0,0,0,0,1,0.518729934,0,0,0.481270066,0.518729934,0.481270066,0,0,0.481270066,0.518729934,0,1,0,0,1,0,0,1,bad
24,1351.579701,4,2.541407182,38.62422155,1.458592818,1.458592818,0,0.541407182,0.458592818,0,0.541407182,0.458592818,0,0,0,0,0,0,0,0.458592818,0.541407182,0,0,0,0,0,0,0,0,1,0,0.458592818,0,0.541407182,0,0,0,0,1,0,0,1,0.541407182,0,0,0.458592818,0.458592818,0,0.541407182,0,1,0,0.541407182,0,0,0.458592818,0.458592818,0.541407182,0,1,bad
48,18072.11256,1.127866076,2,30.84920531,1,1,1,0,0,0,0,0,0,0.127866076,0.872133924,0.127866076,0,0,0,0,0.872133924,0,0,0,0,0,0,1,0,0,1,0,0,0,0,0.872133924,0,0,0.127866076,0,0,1,0.127866076,0.872133924,0,0,0.872133924,0.127866076,0,0,1,0,0.872133924,0.127866076,0,0,0,1,0.872133924,0.127866076,bad
12.54373394,944.8145494,3.181244645,2.454163097,32.72708155,1.727081548,1.727081548,0.272918452,0.727081548,0,0,0.272918452,0,0,0,0.727081548,0,0,0,0,1,0,0,0,0,0,0.272918452,0,0.727081548,0,0,0,0,0.272918452,0.727081548,0,0.272918452,0,0,0.727081548,0,0,1,0.727081548,0.272918452,0,0,0,0.727081548,0.272918452,0,0.272918452,0.727081548,0,0.727081548,0,0.272918452,1,0,0,1,bad
18,2142.638092,4,3.171640352,25.6567193,1.585820176,1,0,0.585820176,0,0.414179824,0,0.585820176,0.414179824,0,0,0.414179824,0,0,0.585820176,0,0,0,0,0,0,0,0,1,0,0,1,0,0,0,0,0.585820176,0,0.414179824,0,0,0,1,0.414179824,0,0,0.585820176,0,1,0,0,0.414179824,0.585820176,0,1,0,0,0.585820176,0.414179824,0,1,bad
19.43852779,2595.204907,3.840163578,3.840163578,57.96719745,1.840163578,1,0,0.840163578,0,0.159836422,0,0,0,1,0,0,0,0,0,0.159836422,0,0.840163578,0,0,0,0,0,1,0,0,1,0,0,0,0,0.159836422,0,0,0.840163578,0,0,1,0,0,0.840163578,0.159836422,0,1,0,0.840163578,0,0.159836422,0,1,0,0,1,0,0,1,bad
23.8428411,2538.53696,4,3.960710275,46.81664795,1.986903425,2,0,0.013096575,0,0.986903425,0,0,0.986903425,0.013096575,0,0,0,0,0,1,0,0,0,0,0,0,0,1,0,0,0,0,0.013096575,0.986903425,0,0,0,0,1,0,0,1,0.986903425,0,0,0.013096575,0,1,0,0,1,0,0,0,0,1,1,0,0,1,bad
56.00297701,15078.44587,2.666914751,3.333829501,47.67584577,1.666914751,1,1,0,0,0,0.666914751,0,0,0.333085249,0,0.333085249,0,0,0,0,0.666914751,0,0,0,0,0.666914751,0,0.333085249,0,0,0.333085249,0,0,0.666914751,0,0.666914751,0,0,0.333085249,0,0,1,0.333085249,0,0.666914751,0,0.666914751,0.333085249,0,0.666914751,0.333085249,0,0.666914751,0.333085249,0,0,0,1,0,1,bad
48,7736.885705,3.330402681,4,40.3260067,1,1,0,1,0,0,0.334798659,0,0,0.665201341,0,0.334798659,0,0,0,0.665201341,0,0,0,0,0,0,0,1,0,0,0,0.334798659,0,0.665201341,0,0.334798659,0,0,0.665201341,0,0.334798659,0.665201341,0.334798659,0,0.665201341,0,0.665201341,0.334798659,0,0.665201341,0,0.334798659,0.665201341,0.334798659,0,0,1,0,0,1,bad
34.18228245,3942.724124,3.581281286,3.162562573,38.88178187,1,1.581281286,0,1,0,0,0,0,0,1,0,0,0,0,0,1,0,0,0,0,0,0,0,1,0,0,0.418718714,0.581281286,0,0,0,0.418718714,0,0,0.581281286,0,0,1,0,0.418718714,0.581281286,0,0,1,0,0.581281286,0.418718714,0,0,1,0,0,0.581281286,0.418718714,0,1,bad
35.67306853,12611.10094,1.081732867,3.945511422,46.91826713,1,1.972755711,1,0,0,0,0,0,0,1,0,0,0,0.972755711,0,0,0,0,0,0,0.027244289,0.972755711,0,0.027244289,0,0,0.972755711,0,0,0.027244289,0,0.027244289,0,0,0.972755711,0,0,1,0,0,1,0,0,1,0,1,0,0,0.027244289,0.972755711,0,0,0,1,0,1,bad
27.48207564,1919.419654,4,2.860115313,30.97919281,1.860115313,1,1,0,0,0,0,0,0.860115313,0.139884687,0,0,0,0,0.139884687,0,0,0.860115313,0,0,0,0.860115313,0,0.139884687,0,0,0.139884687,0,0.860115313,0,0,0,0,0,1,0,0,1,0,0.139884687,0.860115313,0,0,0.139884687,0.860115313,0,1,0,0.860115313,0,0,0.139884687,1,0,0,1,bad
33.15159497,14372.87927,3.715159497,2.189893668,58.04441518,1,1,0.905053166,0.094946834,0,0,0,0,0,1,0,0,0,0,0,1,0,0,0,0,0,0,0,1,0,0,0,0,0,1,0,0,0,0,1,0,0,1,0,0,1,0,0.094946834,0.905053166,0,0.905053166,0.094946834,0,1,0,0,0,0,1,0,1,bad
36,4457.753986,2.688496453,2,28.62300709,2,1,0.655751774,0,0,0.344248226,0,0,1,0,0,0.655751774,0,0,0,0,0,0.344248226,0,0,0,0,0,1,0,0,1,0,0,0,0,0,0.655751774,0,0.344248226,0,0,1,0.344248226,0,0,0.655751774,0,0.344248226,0.655751774,0,1,0,1,0,0,0,0,1,0,1,bad
24.35820259,8659.522183,2.059700432,1.970149784,27.05970043,1.970149784,1,0.029850216,0,0,0.970149784,0,0,0.970149784,0.029850216,0,0.970149784,0,0,0.029850216,0,0,0,0,0,0,0.029850216,0,0.970149784,0,0,0,0,1,0,0,0,0,0,1,0.029850216,0,0.970149784,0.970149784,0,0.029850216,0,0.970149784,0.029850216,0,0,0.970149784,0.029850216,0.029850216,0.970149784,0,0,0,1,0,1,bad
20.73766256,3939.005115,3.173868562,2.347737125,29.86934281,1,1.173868562,0.173868562,0.826131438,0,0,0,0,0,0.826131438,0.173868562,0.173868562,0,0,0,0.826131438,0,0,0,0,0,0.173868562,0,0.826131438,0,0,0.826131438,0.173868562,0,0,0,0.826131438,0,0,0.173868562,0,0,1,0,0.826131438,0.173868562,0,0,1,0,0.173868562,0.826131438,0,0,0.826131438,0,0.173868562,0.173868562,0.826131438,0,1,bad
48,3053.457926,3.27310291,4,46.89932435,1.27310291,1,0.27310291,0.72689709,0,0,0,0,0,1,0,0,0.72689709,0,0,0,0,0.27310291,0,0,0,0,0,1,0,0,0.72689709,0.27310291,0,0,0,0,0,0,1,0,0,1,0.72689709,0,0,0.27310291,0,1,0,0,1,0,0,1,0,0,1,0,0,1,bad
30.42611856,6841.475937,2.26775494,1.26775494,48.57388144,1,1,0,1,0,0,0.73224506,0,0,0.26775494,0,0,0,0,0.73224506,0,0,0.26775494,0,0,0,0,0,1,0,0,0.26775494,0,0.73224506,0,0,0.26775494,0.73224506,0,0,0,0,1,0.26775494,0.73224506,0,0,0.73224506,0.26775494,0,0,1,0,0,1,0,0,0,1,0,1,bad
14.66941214,1533.555098,2.33470607,1,31.89804047,1,1.444902023,0.555097977,0,0,0.444902023,0,0,0,1,0,0,0,0,0.444902023,0,0,0.555097977,0,0,0,0,0,1,0,0,0,0,1,0,0,0,0,1,0,0.444902023,0,0.555097977,0,0.444902023,0,0.555097977,0,1,0,0,0.444902023,0.555097977,0,0.555097977,0,0.444902023,1,0,0,1,bad
48,3056.815578,3.646175371,4,37.19944036,1.646175371,1,0.646175371,0.353824629,0,0,0,0,0,1,0,0,0.353824629,0,0,0,0,0.646175371,0,0,0,0,0,1,0,0,0.353824629,0.646175371,0,0,0,0,0,0,1,0,0,1,0.353824629,0,0,0.646175371,0,1,0,0,1,0,0,1,0,0,1,0,0,1,bad
24,3217.137724,4,3.538019849,24.84792061,1,1,0,1,0,0,0.230990076,0,0,0.769009924,0,0.230990076,0,0,0.769009924,0,0,0,0,0,0,0,0,1,0,0,0.230990076,0,0.769009924,0,0,0.769009924,0,0,0.230990076,0,0,1,0,0.230990076,0,0.769009924,0,1,0,0,0,1,0,0.230990076,0,0.769009924,0,1,0,1,bad
21.29238062,12670.15652,4,3.805079585,31.3644429,1,1,0.097460207,0,0,0.902539793,0,0.902539793,0,0.097460207,0,0,0,0,0,0.902539793,0,0,0,0,0.097460207,0,0,0.097460207,0,0.902539793,0,0,0,1,0,0.097460207,0,0,0.902539793,0,0,1,0,0,1,0,0,1,0,1,0,0,1,0,0,0,0,1,0,1,bad
12.39404338,1331.919435,2.131347793,1.131347793,22.26269559,1,1,0.934326104,0.065673896,0,0,0,0,0,1,0,0,0,0,0,0,0,1,0,0,0,0,0,1,0,0,0.065673896,0,0.934326104,0,0,0,0,0.065673896,0.934326104,0,0,1,0.934326104,0,0,0.065673896,0.065673896,0,0.934326104,0,1,0,0,1,0,0,1,0,0,1,bad
36.69321994,11575.86652,1.528884164,4,23.52888416,2,1,0.471115836,0,0,0.528884164,0,0.528884164,0,0.471115836,0,0,0,0,0,0,0,0,0,0,1,0.528884164,0,0.471115836,0,0,1,0,0,0,0,1,0,0,0,0,0,1,1,0,0,0,0.528884164,0.471115836,0,0,0,1,0.471115836,0,0,0.528884164,1,0,0,1,bad
26.84150318,3466.225014,3.618395966,2,37.03914755,1.381604034,1.618395966,0,1,0,0,0,0.381604034,0,0.618395966,0,0,0,0,0.618395966,0.381604034,0,0,0,0,0,0,0,1,0,0,0.381604034,0,0,0.618395966,0,0.381604034,0,0,0.618395966,0.381604034,0,0.618395966,0.618395966,0,0,0.381604034,0,1,0,0,1,0,0,1,0,0,1,0,0,1,bad
9.594895005,1239.392343,1.405104995,4,43.13874006,1,1.797447502,0.202552498,0,0.797447502,0,0,0,0,1,0,0,0,0,0.202552498,0.797447502,0,0,0,0,0,0.797447502,0,0.202552498,0,0,0.202552498,0,0,0.797447502,0,1,0,0,0,0,0,1,0,0,0.797447502,0.202552498,0,1,0,0.797447502,0.202552498,0,0,0.202552498,0,0.797447502,1,0,0,1,bad
