,number,value,datetime_start,datetime_complete,duration,params_depth,params_neurons_layer_0,params_neurons_layer_1,params_neurons_layer_2,params_neurons_layer_3,params_neurons_layer_4,params_neurons_layer_5,params_neurons_layer_6,params_neurons_layer_7,params_neurons_layer_8,params_neurons_layer_9,params_orders_layer_0,params_orders_layer_1,params_orders_layer_2,params_orders_layer_3,params_orders_layer_4,params_orders_layer_5,params_orders_layer_6,params_orders_layer_7,params_orders_layer_8,params_orders_layer_9,state
0,0,0.8663272836770759,2025-01-02 21:27:39.139181,2025-01-02 21:29:23.248007,0 days 00:01:44.108826,10,65,30.0,25.0,25.0,80.0,85.0,75.0,90.0,10.0,40.0,6,3.0,2.0,3.0,6.0,2.0,5.0,5.0,3.0,2.0,COMPLETE
1,1,0.8692224561621227,2025-01-02 21:29:23.249069,2025-01-02 21:31:05.784559,0 days 00:01:42.535490,9,50,70.0,15.0,65.0,95.0,35.0,25.0,20.0,95.0,,2,2.0,3.0,3.0,4.0,5.0,5.0,6.0,5.0,,COMPLETE
2,2,0.8686471256632748,2025-01-02 21:31:05.785578,2025-01-02 21:31:43.367044,0 days 00:00:37.581466,3,10,90.0,40.0,,,,,,,,2,4.0,5.0,,,,,,,,COMPLETE
3,3,0.7951169668495726,2025-01-02 21:31:43.367725,2025-01-02 21:32:14.928940,0 days 00:00:31.561215,3,70,90.0,5.0,,,,,,,,3,2.0,3.0,,,,,,,,COMPLETE
4,4,0.8678952636101058,2025-01-02 21:32:14.929538,2025-01-02 21:33:48.064057,0 days 00:01:33.134519,8,45,20.0,70.0,95.0,60.0,15.0,45.0,45.0,,,5,4.0,2.0,5.0,4.0,3.0,5.0,5.0,,,COMPLETE
5,5,0.8651249039838846,2025-01-02 21:33:48.065034,2025-01-02 21:34:34.732483,0 days 00:00:46.667449,6,25,10.0,50.0,70.0,60.0,55.0,,,,,2,6.0,4.0,5.0,5.0,3.0,,,,,COMPLETE
6,6,0.8610962346567097,2025-01-02 21:34:34.733420,2025-01-02 21:34:51.085623,0 days 00:00:16.352203,1,45,,,,,,,,,,6,,,,,,,,,,COMPLETE
7,7,0.8616160940778426,2025-01-02 21:34:51.086182,2025-01-02 21:36:05.217893,0 days 00:01:14.131711,6,55,100.0,20.0,40.0,95.0,5.0,,,,,4,5.0,4.0,4.0,3.0,3.0,,,,,COMPLETE
8,8,0.8808751718442127,2025-01-02 21:36:05.218843,2025-01-02 21:37:17.910366,0 days 00:01:12.691523,6,20,35.0,10.0,100.0,10.0,45.0,,,,,4,4.0,5.0,5.0,6.0,5.0,,,,,COMPLETE
9,9,0.850627099964907,2025-01-02 21:37:17.911134,2025-01-02 21:37:51.700387,0 days 00:00:33.789253,3,30,5.0,70.0,,,,,,,,2,3.0,6.0,,,,,,,,COMPLETE
10,10,0.8562651053459878,2025-01-02 21:37:51.700914,2025-01-02 21:39:50.933307,0 days 00:01:59.232393,7,100,45.0,90.0,100.0,5.0,65.0,100.0,,,,4,6.0,6.0,6.0,6.0,6.0,2.0,,,,COMPLETE
11,11,0.8672519128153544,2025-01-02 21:39:50.934148,2025-01-02 21:41:37.206160,0 days 00:01:46.272012,10,5,65.0,5.0,65.0,15.0,35.0,5.0,5.0,100.0,100.0,3,2.0,3.0,2.0,2.0,5.0,6.0,2.0,6.0,6.0,COMPLETE
12,12,0.8494440743999598,2025-01-02 21:41:37.207060,2025-01-02 21:43:02.345340,0 days 00:01:25.138280,8,85,60.0,30.0,80.0,30.0,35.0,20.0,10.0,,,3,3.0,5.0,3.0,4.0,5.0,2.0,6.0,,,COMPLETE
13,13,0.8771566207106326,2025-01-02 21:43:02.346264,2025-01-02 21:44:33.062244,0 days 00:01:30.715980,9,25,45.0,15.0,5.0,35.0,35.0,40.0,35.0,100.0,,5,5.0,5.0,4.0,5.0,5.0,4.0,3.0,5.0,,COMPLETE
14,14,0.8160818647093052,2025-01-02 21:44:33.063121,2025-01-02 21:45:27.065679,0 days 00:00:54.002558,5,25,40.0,40.0,5.0,35.0,,,,,,5,5.0,5.0,5.0,5.0,,,,,,COMPLETE
15,15,0.8700395638537226,2025-01-02 21:45:27.066306,2025-01-02 21:46:14.885833,0 days 00:00:47.819527,5,15,35.0,5.0,5.0,30.0,,,,,,5,5.0,5.0,4.0,5.0,,,,,,COMPLETE
16,16,0.8588054333177393,2025-01-02 21:46:14.886658,2025-01-02 21:48:02.993936,0 days 00:01:48.107278,8,35,50.0,65.0,45.0,45.0,70.0,55.0,60.0,,,4,5.0,4.0,6.0,6.0,6.0,3.0,2.0,,,COMPLETE
17,17,0.8732530943293306,2025-01-02 21:48:02.994859,2025-01-02 21:48:53.389437,0 days 00:00:50.394578,4,20,20.0,35.0,25.0,,,,,,,5,4.0,6.0,5.0,,,,,,,COMPLETE
18,18,0.8625433228180275,2025-01-02 21:48:53.390175,2025-01-02 21:50:39.746366,0 days 00:01:46.356191,7,35,75.0,100.0,85.0,15.0,30.0,55.0,,,,6,6.0,5.0,4.0,5.0,4.0,4.0,,,,COMPLETE
19,19,0.8683779657149515,2025-01-02 21:50:39.747221,2025-01-02 21:52:04.507255,0 days 00:01:24.760034,9,5,55.0,15.0,25.0,5.0,50.0,80.0,45.0,55.0,,5,5.0,5.0,4.0,6.0,4.0,3.0,3.0,4.0,,COMPLETE
20,20,0.8373262270560873,2025-01-02 21:52:04.508165,2025-01-02 21:52:18.706074,0 days 00:00:14.197909,1,15,,,,,,,,,,4,,,,,,,,,,COMPLETE
21,21,0.8628592299115359,2025-01-02 21:52:18.706588,2025-01-02 21:53:08.705941,0 days 00:00:49.999353,4,20,25.0,35.0,20.0,,,,,,,5,4.0,6.0,5.0,,,,,,,COMPLETE
22,22,0.8585527166798608,2025-01-02 21:53:08.706555,2025-01-02 21:53:57.344061,0 days 00:00:48.637506,4,35,15.0,50.0,15.0,,,,,,,4,4.0,6.0,5.0,,,,,,,COMPLETE
23,23,0.8047108719989304,2025-01-02 21:53:57.344787,2025-01-02 21:54:22.018396,0 days 00:00:24.673609,2,15,35.0,,,,,,,,,5,4.0,,,,,,,,,COMPLETE
24,24,0.8228230029587951,2025-01-02 21:54:22.018942,2025-01-02 21:55:11.806303,0 days 00:00:49.787361,4,25,25.0,15.0,40.0,,,,,,,6,3.0,6.0,6.0,,,,,,,COMPLETE
25,25,0.8614149012977717,2025-01-02 21:55:11.807017,2025-01-02 21:56:31.117850,0 days 00:01:19.310833,7,40,45.0,25.0,30.0,20.0,50.0,35.0,,,,5,4.0,5.0,5.0,5.0,5.0,4.0,,,,COMPLETE
26,26,0.8556676456420058,2025-01-02 21:56:31.118688,2025-01-02 21:57:28.940481,0 days 00:00:57.821793,5,60,20.0,35.0,55.0,50.0,,,,,,3,5.0,6.0,4.0,3.0,,,,,,COMPLETE
27,27,0.8547283610405672,2025-01-02 21:57:28.941181,2025-01-02 21:58:41.131959,0 days 00:01:12.190778,6,20,35.0,15.0,10.0,40.0,95.0,,,,,4,4.0,4.0,6.0,6.0,4.0,,,,,COMPLETE
28,28,0.8040632179029414,2025-01-02 21:58:41.132784,2025-01-02 21:59:53.399057,0 days 00:01:12.266273,9,5,50.0,25.0,35.0,25.0,25.0,70.0,75.0,60.0,,5,3.0,5.0,4.0,5.0,6.0,6.0,4.0,2.0,,COMPLETE
29,29,0.8606875258148647,2025-01-02 21:59:53.399903,2025-01-02 22:01:17.900512,0 days 00:01:24.500609,10,70,5.0,45.0,55.0,65.0,45.0,10.0,35.0,20.0,5.0,6,5.0,6.0,5.0,3.0,5.0,4.0,3.0,6.0,4.0,COMPLETE
30,30,0.8447951871435087,2025-01-02 22:01:17.901452,2025-01-02 22:01:39.784422,0 days 00:00:21.882970,2,30,15.0,,,,,,,,,4,6.0,,,,,,,,,COMPLETE
31,31,0.8348313184718383,2025-01-02 22:01:39.784973,2025-01-02 22:02:35.011936,0 days 00:00:55.226963,5,15,35.0,5.0,15.0,30.0,,,,,,5,5.0,5.0,3.0,5.0,,,,,,COMPLETE
32,32,0.8192270859338842,2025-01-02 22:02:35.012821,2025-01-02 22:03:17.173028,0 days 00:00:42.160207,4,15,30.0,10.0,5.0,,,,,,,5,4.0,4.0,4.0,,,,,,,COMPLETE
33,33,0.8649655300126586,2025-01-02 22:03:17.173696,2025-01-02 22:03:58.738918,0 days 00:00:41.565222,5,10,40.0,10.0,5.0,15.0,,,,,,6,5.0,5.0,4.0,4.0,,,,,,COMPLETE
34,34,0.8484132318734927,2025-01-02 22:03:58.739755,2025-01-02 22:04:34.509228,0 days 00:00:35.769473,3,20,25.0,25.0,,,,,,,,5,4.0,5.0,,,,,,,,COMPLETE
35,35,0.876268059956673,2025-01-02 22:04:34.509849,2025-01-02 22:05:37.368518,0 days 00:01:02.858669,6,10,30.0,20.0,15.0,40.0,70.0,,,,,4,5.0,6.0,4.0,5.0,4.0,,,,,COMPLETE
36,36,0.8627366864637693,2025-01-02 22:05:37.369450,2025-01-02 22:06:42.379453,0 days 00:01:05.010003,7,10,30.0,20.0,15.0,45.0,75.0,100.0,,,,3,4.0,6.0,5.0,6.0,4.0,3.0,,,,COMPLETE
37,37,0.8700831322482011,2025-01-02 22:06:42.380440,2025-01-02 22:07:54.740082,0 days 00:01:12.359642,6,30,45.0,30.0,25.0,75.0,65.0,,,,,4,4.0,6.0,4.0,5.0,5.0,,,,,COMPLETE
38,38,0.8581029943037946,2025-01-02 22:07:54.740886,2025-01-02 22:09:12.090826,0 days 00:01:17.349940,9,50,20.0,20.0,20.0,50.0,60.0,40.0,30.0,80.0,,3,6.0,6.0,2.0,6.0,4.0,3.0,3.0,4.0,,COMPLETE
39,39,0.8593749251532377,2025-01-02 22:09:12.091837,2025-01-02 22:10:49.615460,0 days 00:01:37.523623,8,45,55.0,30.0,20.0,40.0,85.0,25.0,60.0,,,4,5.0,6.0,3.0,5.0,6.0,4.0,4.0,,,COMPLETE
40,40,0.8833692291192398,2025-01-02 22:10:49.616475,2025-01-02 22:11:51.084066,0 days 00:01:01.467591,6,25,15.0,60.0,30.0,5.0,45.0,,,,,4,3.0,5.0,3.0,6.0,4.0,,,,,COMPLETE
41,41,0.869542212536348,2025-01-02 22:11:51.084894,2025-01-02 22:12:45.281038,0 days 00:00:54.196144,6,20,15.0,60.0,30.0,5.0,45.0,,,,,4,2.0,3.0,3.0,6.0,4.0,,,,,COMPLETE
42,42,0.855214927449256,2025-01-02 22:12:45.281862,2025-01-02 22:13:54.175138,0 days 00:01:08.893276,7,25,10.0,40.0,30.0,20.0,20.0,60.0,,,,4,3.0,4.0,2.0,6.0,4.0,5.0,,,,COMPLETE
43,43,0.8524082666564426,2025-01-02 22:13:54.175901,2025-01-02 22:14:59.891067,0 days 00:01:05.715166,6,40,25.0,60.0,10.0,10.0,40.0,,,,,4,3.0,5.0,3.0,6.0,5.0,,,,,COMPLETE
44,44,0.8910763439724387,2025-01-02 22:14:59.891886,2025-01-02 22:15:23.012795,0 days 00:00:23.120909,3,10,30.0,55.0,,,,,,,,3,3.0,2.0,,,,,,,,COMPLETE
45,45,0.8074946046694134,2025-01-02 22:15:23.013310,2025-01-02 22:16:33.304429,0 days 00:01:10.291119,8,5,40.0,75.0,90.0,25.0,55.0,85.0,100.0,,,2,2.0,2.0,3.0,6.0,3.0,2.0,4.0,,,COMPLETE
46,46,0.8136334945830652,2025-01-02 22:16:33.305238,2025-01-02 22:16:51.554882,0 days 00:00:18.249644,2,10,30.0,,,,,,,,,3,3.0,,,,,,,,,COMPLETE
47,47,0.8197728255233199,2025-01-02 22:16:51.555440,2025-01-02 22:17:42.169787,0 days 00:00:50.614347,6,30,70.0,55.0,75.0,10.0,45.0,,,,,3,2.0,2.0,2.0,4.0,4.0,,,,,COMPLETE
48,48,0.8630491334023027,2025-01-02 22:17:42.170330,2025-01-02 22:19:55.232923,0 days 00:02:13.062593,10,100,40.0,80.0,50.0,85.0,80.0,65.0,75.0,35.0,100.0,2,3.0,3.0,3.0,4.0,5.0,6.0,2.0,5.0,2.0,COMPLETE
49,49,0.8704894836466519,2025-01-02 22:19:55.233746,2025-01-02 22:21:06.994173,0 days 00:01:11.760427,7,10,10.0,60.0,65.0,60.0,25.0,45.0,,,,3,3.0,4.0,4.0,5.0,4.0,4.0,,,,COMPLETE
50,50,0.0,2025-01-02 22:21:06.994971,2025-01-02 22:21:55.482802,0 days 00:00:48.487831,3,80,60.0,45.0,,,,,,,,4,6.0,3.0,,,,,,,,COMPLETE
51,51,0.8458213361888856,2025-01-02 22:21:55.483369,2025-01-02 22:22:29.083928,0 days 00:00:33.600559,3,25,20.0,10.0,,,,,,,,5,4.0,5.0,,,,,,,,COMPLETE
52,52,0.8706032592738095,2025-01-02 22:22:29.084559,2025-01-02 22:23:08.871398,0 days 00:00:39.786839,4,20,20.0,55.0,35.0,,,,,,,4,3.0,4.0,5.0,,,,,,,COMPLETE
53,53,0.8685528050554647,2025-01-02 22:23:08.871893,2025-01-02 22:24:05.679418,0 days 00:00:56.807525,5,10,30.0,20.0,10.0,70.0,,,,,,4,5.0,6.0,5.0,5.0,,,,,,COMPLETE
54,54,0.8505915678551444,2025-01-02 22:24:05.680117,2025-01-02 22:24:57.306349,0 days 00:00:51.626232,4,15,45.0,70.0,100.0,,,,,,,5,4.0,2.0,6.0,,,,,,,COMPLETE
55,55,0.8544445101372309,2025-01-02 22:24:57.306855,2025-01-02 22:26:04.167943,0 days 00:01:06.861088,5,35,85.0,35.0,20.0,40.0,,,,,,3,5.0,5.0,5.0,6.0,,,,,,COMPLETE
56,56,0.8298655662534848,2025-01-02 22:26:04.168678,2025-01-02 22:26:35.067159,0 days 00:00:30.898481,3,5,5.0,45.0,,,,,,,,4,3.0,5.0,,,,,,,,COMPLETE
57,57,0.8731622992841481,2025-01-02 22:26:35.067628,2025-01-02 22:26:58.018277,0 days 00:00:22.950649,2,25,15.0,,,,,,,,,4,4.0,,,,,,,,,COMPLETE
58,58,0.8694936872544858,2025-01-02 22:26:58.018872,2025-01-02 22:27:53.785987,0 days 00:00:55.767115,7,20,25.0,65.0,60.0,20.0,60.0,15.0,,,,5,2.0,6.0,5.0,2.0,2.0,5.0,,,,COMPLETE
59,59,0.8511984278084608,2025-01-02 22:27:53.786703,2025-01-02 22:28:05.393817,0 days 00:00:11.607114,1,40,,,,,,,,,,6,,,,,,,,,,COMPLETE
60,60,0.8592533288941887,2025-01-02 22:28:05.394264,2025-01-02 22:28:59.596953,0 days 00:00:54.202689,6,15,35.0,10.0,45.0,55.0,40.0,,,,,2,5.0,5.0,4.0,5.0,3.0,,,,,COMPLETE
61,61,0.8710884843916282,2025-01-02 22:28:59.597714,2025-01-02 22:29:22.523242,0 days 00:00:22.925528,2,25,15.0,,,,,,,,,4,4.0,,,,,,,,,COMPLETE
62,62,0.8164747250185298,2025-01-02 22:29:22.523708,2025-01-02 22:29:36.851007,0 days 00:00:14.327299,1,30,,,,,,,,,,4,,,,,,,,,,COMPLETE
63,63,0.8728597842806964,2025-01-02 22:29:36.851515,2025-01-02 22:29:59.700981,0 days 00:00:22.849466,2,25,10.0,,,,,,,,,4,4.0,,,,,,,,,COMPLETE
64,64,0.860616874781188,2025-01-02 22:29:59.701538,2025-01-02 22:31:51.318353,0 days 00:01:51.616815,9,20,20.0,50.0,25.0,100.0,100.0,30.0,25.0,75.0,,4,4.0,4.0,3.0,4.0,5.0,3.0,5.0,5.0,,COMPLETE
65,65,0.834440797182554,2025-01-02 22:31:51.319250,2025-01-02 22:32:29.524123,0 days 00:00:38.204873,3,30,30.0,5.0,,,,,,,,5,4.0,6.0,,,,,,,,COMPLETE
66,66,0.8194261321328662,2025-01-02 22:32:29.524644,2025-01-02 22:32:54.037138,0 days 00:00:24.512494,2,10,35.0,,,,,,,,,5,4.0,,,,,,,,,COMPLETE
67,67,0.8466011941060905,2025-01-02 22:32:54.037633,2025-01-02 22:33:28.260275,0 days 00:00:34.222642,3,15,15.0,15.0,,,,,,,,3,5.0,5.0,,,,,,,,COMPLETE
68,68,0.8726346680782925,2025-01-02 22:33:28.260922,2025-01-02 22:34:27.194698,0 days 00:00:58.933776,5,25,25.0,20.0,15.0,10.0,,,,,,4,3.0,6.0,5.0,6.0,,,,,,COMPLETE
69,69,0.8431623240903561,2025-01-02 22:34:27.195373,2025-01-02 22:35:19.733932,0 days 00:00:52.538559,4,35,50.0,55.0,35.0,,,,,,,4,4.0,5.0,6.0,,,,,,,COMPLETE
70,70,0.8498525238155601,2025-01-02 22:35:19.734698,2025-01-02 22:36:27.301156,0 days 00:01:07.566458,7,5,40.0,40.0,95.0,35.0,30.0,85.0,,,,5,5.0,6.0,4.0,3.0,2.0,6.0,,,,COMPLETE
71,71,0.8679146324054248,2025-01-02 22:36:27.301954,2025-01-02 22:36:50.360650,0 days 00:00:23.058696,2,25,10.0,,,,,,,,,4,4.0,,,,,,,,,COMPLETE
72,72,0.8340680727307299,2025-01-02 22:36:50.361129,2025-01-02 22:37:12.624531,0 days 00:00:22.263402,2,20,5.0,,,,,,,,,4,4.0,,,,,,,,,COMPLETE
73,73,0.8079374676238802,2025-01-02 22:37:12.624976,2025-01-02 22:37:25.227527,0 days 00:00:12.602551,1,15,,,,,,,,,,4,,,,,,,,,,COMPLETE
74,74,0.860876111036091,2025-01-02 22:37:25.228007,2025-01-02 22:38:27.964078,0 days 00:01:02.736071,6,30,10.0,65.0,10.0,25.0,10.0,,,,,4,4.0,3.0,5.0,5.0,5.0,,,,,COMPLETE
75,75,0.859185074801309,2025-01-02 22:38:27.964869,2025-01-02 22:38:53.190748,0 days 00:00:25.225879,2,60,15.0,,,,,,,,,4,4.0,,,,,,,,,COMPLETE
76,76,0.8707204844065521,2025-01-02 22:38:53.191203,2025-01-02 22:39:33.993436,0 days 00:00:40.802233,4,20,25.0,30.0,80.0,,,,,,,3,4.0,4.0,4.0,,,,,,,COMPLETE
77,77,0.8694450579857271,2025-01-02 22:39:33.994096,2025-01-02 22:39:54.469594,0 days 00:00:20.475498,2,35,10.0,,,,,,,,,4,3.0,,,,,,,,,COMPLETE
78,78,0.8458160097532066,2025-01-02 22:39:54.470058,2025-01-02 22:40:34.243295,0 days 00:00:39.773237,3,25,20.0,15.0,,,,,,,,6,6.0,5.0,,,,,,,,COMPLETE
79,79,0.869156389406903,2025-01-02 22:40:34.243823,2025-01-02 22:42:05.919176,0 days 00:01:31.675353,10,10,20.0,25.0,40.0,35.0,60.0,45.0,45.0,35.0,55.0,5,5.0,6.0,6.0,6.0,3.0,2.0,3.0,3.0,6.0,COMPLETE
80,80,0.8647143442279912,2025-01-02 22:42:05.920074,2025-01-02 22:42:50.934674,0 days 00:00:45.014600,5,40,30.0,5.0,30.0,5.0,,,,,,4,3.0,4.0,3.0,4.0,,,,,,COMPLETE
81,81,0.8166551751776753,2025-01-02 22:42:50.935389,2025-01-02 22:43:47.753871,0 days 00:00:56.818482,5,25,25.0,20.0,15.0,15.0,,,,,,4,3.0,6.0,5.0,6.0,,,,,,COMPLETE
82,82,0.8926354949694268,2025-01-02 22:43:47.754600,2025-01-02 22:44:43.204253,0 days 00:00:55.449653,6,25,15.0,10.0,15.0,10.0,40.0,,,,,5,3.0,6.0,5.0,6.0,6.0,,,,,COMPLETE
83,83,0.8515861821124637,2025-01-02 22:44:43.204967,2025-01-02 22:45:38.539853,0 days 00:00:55.334886,6,20,15.0,15.0,5.0,10.0,40.0,,,,,5,3.0,6.0,5.0,6.0,6.0,,,,,COMPLETE
84,84,0.8791316945809187,2025-01-02 22:45:38.540681,2025-01-02 22:46:24.980396,0 days 00:00:46.439715,6,15,10.0,10.0,20.0,20.0,50.0,,,,,5,3.0,6.0,5.0,6.0,6.0,,,,,COMPLETE
85,85,0.8670220892482017,2025-01-02 22:46:24.981179,2025-01-02 22:47:18.050713,0 days 00:00:53.069534,6,15,45.0,10.0,20.0,20.0,50.0,,,,,5,3.0,6.0,5.0,6.0,6.0,,,,,COMPLETE
86,86,0.8844006946062712,2025-01-02 22:47:18.051565,2025-01-02 22:48:30.383041,0 days 00:01:12.331476,8,5,5.0,5.0,25.0,5.0,35.0,90.0,75.0,,,5,3.0,6.0,5.0,6.0,6.0,4.0,3.0,,,COMPLETE
87,87,0.8105599007598351,2025-01-02 22:48:30.384048,2025-01-02 22:49:48.283266,0 days 00:01:17.899218,8,5,5.0,5.0,25.0,5.0,35.0,90.0,70.0,,,5,3.0,6.0,5.0,6.0,6.0,4.0,3.0,,,COMPLETE
88,88,0.8570629287975944,2025-01-02 22:49:48.284262,2025-01-02 22:50:54.899794,0 days 00:01:06.615532,7,5,5.0,10.0,25.0,10.0,40.0,65.0,,,,5,2.0,6.0,5.0,6.0,6.0,4.0,,,,COMPLETE
89,89,0.8551364519126342,2025-01-02 22:50:54.900668,2025-01-02 22:52:05.737975,0 days 00:01:10.837307,8,95,10.0,5.0,10.0,15.0,30.0,95.0,85.0,,,5,3.0,6.0,5.0,6.0,6.0,5.0,2.0,,,COMPLETE
90,90,0.8591917576272563,2025-01-02 22:52:05.738889,2025-01-02 22:53:10.938193,0 days 00:01:05.199304,9,15,40.0,10.0,15.0,5.0,45.0,75.0,60.0,80.0,,5,3.0,6.0,4.0,6.0,6.0,3.0,3.0,4.0,,COMPLETE
91,91,0.8566642282370154,2025-01-02 22:53:10.939194,2025-01-02 22:54:11.197166,0 days 00:01:00.257972,6,10,15.0,10.0,20.0,30.0,35.0,,,,,5,3.0,6.0,5.0,5.0,6.0,,,,,COMPLETE
92,92,0.8630892014755379,2025-01-02 22:54:11.198059,2025-01-02 22:55:18.317706,0 days 00:01:07.119647,7,10,15.0,15.0,5.0,10.0,55.0,75.0,,,,5,3.0,6.0,4.0,6.0,5.0,5.0,,,,COMPLETE
93,93,0.8809313349049883,2025-01-02 22:55:18.318558,2025-01-02 22:56:18.528425,0 days 00:01:00.209867,6,20,20.0,5.0,25.0,15.0,50.0,,,,,5,3.0,5.0,6.0,6.0,6.0,,,,,COMPLETE
94,94,0.8856104359952122,2025-01-02 22:56:18.529313,2025-01-02 22:57:31.264953,0 days 00:01:12.735640,6,20,20.0,5.0,25.0,15.0,50.0,,,,,5,3.0,5.0,6.0,6.0,6.0,,,,,COMPLETE
95,95,0.8382129405058623,2025-01-02 22:57:31.265893,2025-01-02 22:58:21.913901,0 days 00:00:50.648008,6,15,35.0,5.0,30.0,15.0,50.0,,,,,5,3.0,5.0,6.0,6.0,6.0,,,,,COMPLETE
96,96,0.8467225686512125,2025-01-02 22:58:21.914852,2025-01-02 22:59:11.718769,0 days 00:00:49.803917,6,10,20.0,5.0,25.0,15.0,45.0,,,,,6,3.0,5.0,6.0,6.0,6.0,,,,,COMPLETE
97,97,0.8683571398522318,2025-01-02 22:59:11.719546,2025-01-02 23:00:15.958725,0 days 00:01:04.239179,6,5,30.0,15.0,15.0,25.0,50.0,,,,,5,3.0,5.0,6.0,6.0,6.0,,,,,COMPLETE
98,98,0.8709644310080991,2025-01-02 23:00:15.959669,2025-01-02 23:01:09.698252,0 days 00:00:53.738583,6,15,5.0,10.0,20.0,5.0,40.0,,,,,5,3.0,5.0,6.0,6.0,6.0,,,,,COMPLETE
99,99,0.8807329205895423,2025-01-02 23:01:09.699249,2025-01-02 23:02:22.910757,0 days 00:01:13.211508,7,20,25.0,5.0,25.0,20.0,55.0,50.0,,,,5,2.0,5.0,6.0,6.0,6.0,5.0,,,,COMPLETE
100,100,0.8859005996035643,2025-01-02 23:02:22.911611,2025-01-02 23:03:44.713000,0 days 00:01:21.801389,8,20,25.0,5.0,35.0,20.0,55.0,50.0,85.0,,,5,2.0,5.0,6.0,6.0,6.0,5.0,4.0,,,COMPLETE
101,101,0.8592072846717542,2025-01-02 23:03:44.713989,2025-01-02 23:05:10.468180,0 days 00:01:25.754191,8,20,25.0,5.0,35.0,20.0,55.0,50.0,90.0,,,5,2.0,5.0,6.0,6.0,6.0,5.0,4.0,,,COMPLETE
102,102,0.8839551068759206,2025-01-02 23:05:10.469166,2025-01-02 23:06:09.981939,0 days 00:00:59.512773,7,20,25.0,10.0,30.0,15.0,55.0,35.0,,,,5,2.0,5.0,6.0,6.0,6.0,5.0,,,,COMPLETE
103,103,0.8686352064011639,2025-01-02 23:06:09.982935,2025-01-02 23:07:17.548246,0 days 00:01:07.565311,7,20,20.0,10.0,30.0,15.0,55.0,35.0,,,,5,2.0,5.0,6.0,6.0,6.0,5.0,,,,COMPLETE
104,104,0.8630954672969497,2025-01-02 23:07:17.549220,2025-01-02 23:08:13.598720,0 days 00:00:56.049500,7,20,20.0,5.0,35.0,20.0,60.0,50.0,,,,5,2.0,5.0,6.0,6.0,6.0,5.0,,,,COMPLETE
105,105,0.8558721742272266,2025-01-02 23:08:13.599700,2025-01-02 23:09:28.489828,0 days 00:01:14.890128,8,30,25.0,10.0,40.0,10.0,45.0,60.0,80.0,,,5,2.0,5.0,6.0,6.0,6.0,6.0,5.0,,,COMPLETE
106,106,0.844484231687398,2025-01-02 23:09:28.490598,2025-01-02 23:10:37.630823,0 days 00:01:09.140225,7,15,20.0,5.0,30.0,10.0,50.0,25.0,,,,5,2.0,5.0,6.0,6.0,6.0,5.0,,,,COMPLETE
107,107,0.877012276546048,2025-01-02 23:10:37.631641,2025-01-02 23:11:57.989025,0 days 00:01:20.357384,8,15,25.0,15.0,25.0,25.0,50.0,40.0,100.0,,,5,2.0,5.0,6.0,6.0,6.0,5.0,4.0,,,COMPLETE
108,108,0.8809805772538692,2025-01-02 23:11:57.989923,2025-01-02 23:13:18.133582,0 days 00:01:20.143659,7,20,100.0,5.0,20.0,20.0,65.0,60.0,,,,6,2.0,5.0,6.0,6.0,6.0,6.0,,,,COMPLETE
109,109,0.8871327873779118,2025-01-02 23:13:18.134581,2025-01-02 23:14:29.779854,0 days 00:01:11.645273,7,25,30.0,5.0,40.0,5.0,65.0,60.0,,,,6,2.0,5.0,6.0,6.0,6.0,6.0,,,,COMPLETE
110,110,0.8840686017706101,2025-01-02 23:14:29.780851,2025-01-02 23:15:45.789026,0 days 00:01:16.008175,7,25,95.0,95.0,40.0,5.0,65.0,60.0,,,,6,2.0,5.0,6.0,6.0,6.0,6.0,,,,COMPLETE
111,111,0.8691427481789691,2025-01-02 23:15:45.789876,2025-01-02 23:17:24.791167,0 days 00:01:39.001291,7,25,95.0,80.0,45.0,5.0,65.0,60.0,,,,6,2.0,5.0,6.0,6.0,6.0,6.0,,,,COMPLETE
112,112,0.8315325756680404,2025-01-02 23:17:24.792038,2025-01-02 23:18:44.528774,0 days 00:01:19.736736,7,25,100.0,5.0,45.0,5.0,70.0,65.0,,,,6,2.0,5.0,6.0,6.0,6.0,6.0,,,,COMPLETE
113,113,0.8715327733853097,2025-01-02 23:18:44.529753,2025-01-02 23:20:44.109916,0 days 00:01:59.580163,8,30,95.0,90.0,40.0,10.0,65.0,70.0,65.0,,,6,2.0,5.0,6.0,6.0,6.0,6.0,5.0,,,COMPLETE
114,114,0.8589951377633711,2025-01-02 23:20:44.110867,2025-01-02 23:22:24.871656,0 days 00:01:40.760789,7,30,90.0,85.0,30.0,15.0,70.0,55.0,,,,6,2.0,5.0,6.0,6.0,6.0,6.0,,,,COMPLETE
115,115,0.8646393659299821,2025-01-02 23:22:24.872651,2025-01-02 23:23:18.922991,0 days 00:00:54.050340,6,25,95.0,5.0,35.0,5.0,60.0,,,,,6,2.0,5.0,6.0,6.0,6.0,,,,,COMPLETE
116,116,0.8664212799477389,2025-01-02 23:23:18.923944,2025-01-02 23:24:23.130718,0 days 00:01:04.206774,8,20,100.0,10.0,40.0,10.0,75.0,55.0,90.0,,,6,2.0,5.0,6.0,6.0,6.0,6.0,4.0,,,COMPLETE
117,117,0.8811451137851839,2025-01-02 23:24:23.131512,2025-01-02 23:25:59.013919,0 days 00:01:35.882407,7,35,85.0,100.0,35.0,10.0,65.0,70.0,,,,6,2.0,5.0,6.0,6.0,6.0,6.0,,,,COMPLETE
118,118,0.8528147249229745,2025-01-02 23:25:59.014978,2025-01-02 23:27:48.412046,0 days 00:01:49.397068,7,35,85.0,95.0,50.0,5.0,65.0,70.0,,,,6,2.0,5.0,6.0,6.0,6.0,6.0,,,,COMPLETE
119,119,0.8692916654723495,2025-01-02 23:27:48.412935,2025-01-02 23:29:34.698605,0 days 00:01:46.285670,8,45,80.0,100.0,35.0,10.0,75.0,60.0,80.0,,,6,2.0,5.0,6.0,6.0,6.0,6.0,6.0,,,COMPLETE
120,120,0.8751137957762214,2025-01-02 23:29:34.699523,2025-01-02 23:31:19.251344,0 days 00:01:44.551821,7,30,95.0,95.0,30.0,15.0,60.0,80.0,,,,6,2.0,5.0,6.0,6.0,6.0,6.0,,,,COMPLETE
121,121,0.8562745273927104,2025-01-02 23:31:19.252371,2025-01-02 23:32:28.797449,0 days 00:01:09.545078,6,25,100.0,95.0,35.0,10.0,65.0,,,,,6,2.0,5.0,6.0,6.0,6.0,,,,,COMPLETE
122,122,0.8836717724906127,2025-01-02 23:32:28.798283,2025-01-02 23:33:35.357843,0 days 00:01:06.559560,7,20,70.0,100.0,40.0,15.0,45.0,65.0,,,,6,2.0,5.0,6.0,6.0,6.0,6.0,,,,COMPLETE
123,123,0.8592397115731547,2025-01-02 23:33:35.358754,2025-01-02 23:34:54.706926,0 days 00:01:19.348172,7,20,70.0,100.0,40.0,15.0,55.0,65.0,,,,6,2.0,5.0,6.0,6.0,6.0,6.0,,,,COMPLETE
124,124,0.8832935524723127,2025-01-02 23:34:54.708005,2025-01-02 23:36:23.360656,0 days 00:01:28.652651,7,25,90.0,100.0,50.0,5.0,70.0,75.0,,,,6,2.0,5.0,6.0,6.0,6.0,6.0,,,,COMPLETE
125,125,0.8496084324348114,2025-01-02 23:36:23.361681,2025-01-02 23:37:42.174668,0 days 00:01:18.812987,7,30,90.0,100.0,55.0,5.0,70.0,75.0,,,,6,2.0,2.0,6.0,6.0,6.0,6.0,,,,COMPLETE
126,126,0.8784739569799285,2025-01-02 23:37:42.175562,2025-01-02 23:39:24.799659,0 days 00:01:42.624097,8,50,90.0,95.0,50.0,5.0,80.0,70.0,55.0,,,6,2.0,5.0,6.0,6.0,6.0,6.0,4.0,,,COMPLETE
127,127,0.8679051200099707,2025-01-02 23:39:24.800571,2025-01-02 23:40:48.028462,0 days 00:01:23.227891,7,25,65.0,90.0,40.0,10.0,60.0,60.0,,,,6,2.0,4.0,6.0,6.0,6.0,6.0,,,,COMPLETE
128,128,0.8746823134017563,2025-01-02 23:40:48.029482,2025-01-02 23:42:21.073443,0 days 00:01:33.043961,7,35,85.0,100.0,60.0,5.0,65.0,65.0,,,,6,2.0,5.0,6.0,2.0,6.0,6.0,,,,COMPLETE
129,129,0.8673900498656185,2025-01-02 23:42:21.074453,2025-01-02 23:43:58.352634,0 days 00:01:37.278181,7,25,95.0,95.0,45.0,10.0,75.0,80.0,,,,6,2.0,5.0,6.0,6.0,6.0,6.0,,,,COMPLETE
130,130,0.87161698745245,2025-01-02 23:43:58.353666,2025-01-02 23:45:27.017649,0 days 00:01:28.663983,8,30,85.0,100.0,45.0,15.0,40.0,55.0,90.0,,,6,2.0,5.0,6.0,6.0,4.0,6.0,5.0,,,COMPLETE
131,131,0.8758611722335057,2025-01-02 23:45:27.018542,2025-01-02 23:46:21.787903,0 days 00:00:54.769361,6,20,90.0,50.0,30.0,20.0,45.0,,,,,6,2.0,5.0,6.0,6.0,6.0,,,,,COMPLETE
132,132,0.8763967680291678,2025-01-02 23:46:21.788622,2025-01-02 23:47:50.111018,0 days 00:01:28.322396,9,20,75.0,95.0,20.0,15.0,70.0,60.0,70.0,35.0,,6,3.0,5.0,6.0,6.0,6.0,6.0,2.0,2.0,,COMPLETE
133,133,0.8642060148599522,2025-01-02 23:47:50.111783,2025-01-02 23:48:51.029048,0 days 00:01:00.917265,7,25,80.0,60.0,35.0,10.0,30.0,70.0,,,,6,2.0,5.0,6.0,6.0,6.0,4.0,,,,COMPLETE
134,134,0.8515359223897512,2025-01-02 23:48:51.029809,2025-01-02 23:49:53.365389,0 days 00:01:02.335580,6,20,100.0,90.0,25.0,5.0,35.0,,,,,6,3.0,5.0,6.0,6.0,6.0,,,,,COMPLETE
135,135,0.8593648902096925,2025-01-02 23:49:53.366144,2025-01-02 23:51:12.993992,0 days 00:01:19.627848,7,15,55.0,100.0,30.0,15.0,60.0,95.0,,,,6,2.0,5.0,6.0,6.0,6.0,6.0,,,,COMPLETE
136,136,0.8762152145319865,2025-01-02 23:51:12.994824,2025-01-02 23:51:56.511386,0 days 00:00:43.516562,5,25,95.0,5.0,35.0,20.0,,,,,,2,3.0,5.0,2.0,6.0,,,,,,COMPLETE
137,137,0.8844146691171291,2025-01-02 23:51:56.512050,2025-01-02 23:52:44.265415,0 days 00:00:47.753365,6,20,60.0,55.0,20.0,5.0,45.0,,,,,6,2.0,5.0,6.0,6.0,6.0,,,,,COMPLETE
138,138,0.8614229687840789,2025-01-02 23:52:44.265950,2025-01-02 23:53:41.523285,0 days 00:00:57.257335,8,10,60.0,55.0,40.0,5.0,40.0,65.0,95.0,,,6,2.0,4.0,6.0,6.0,4.0,4.0,4.0,,,COMPLETE
139,139,0.8734554049124487,2025-01-02 23:53:41.524072,2025-01-02 23:54:45.766138,0 days 00:01:04.242066,7,30,80.0,50.0,20.0,10.0,45.0,55.0,,,,6,2.0,5.0,6.0,6.0,6.0,6.0,,,,COMPLETE
140,140,0.8526267035825358,2025-01-02 23:54:45.766896,2025-01-02 23:56:03.712419,0 days 00:01:17.945523,6,70,65.0,65.0,25.0,5.0,45.0,,,,,6,2.0,5.0,6.0,6.0,5.0,,,,,COMPLETE
141,141,0.8870654892686993,2025-01-02 23:56:03.713039,2025-01-02 23:56:49.837771,0 days 00:00:46.124732,6,20,30.0,55.0,20.0,10.0,50.0,,,,,6,2.0,5.0,6.0,6.0,6.0,,,,,COMPLETE
142,142,0.8806453480089449,2025-01-02 23:56:49.838521,2025-01-02 23:57:31.867312,0 days 00:00:42.028791,6,20,30.0,55.0,20.0,10.0,55.0,,,,,6,2.0,5.0,6.0,6.0,6.0,,,,,COMPLETE
143,143,0.8607840344979945,2025-01-02 23:57:31.868036,2025-01-02 23:58:08.124593,0 days 00:00:36.256557,6,15,30.0,60.0,15.0,5.0,50.0,,,,,6,2.0,5.0,6.0,6.0,6.0,,,,,COMPLETE
144,144,0.8602220989048902,2025-01-02 23:58:08.125366,2025-01-02 23:59:20.717662,0 days 00:01:12.592296,7,20,35.0,55.0,40.0,10.0,65.0,75.0,,,,6,2.0,5.0,6.0,6.0,6.0,4.0,,,,COMPLETE
145,145,0.818829812103679,2025-01-02 23:59:20.718497,2025-01-02 23:59:59.524940,0 days 00:00:38.806443,5,25,70.0,50.0,30.0,5.0,,,,,,6,2.0,5.0,6.0,6.0,,,,,,COMPLETE
146,146,0.859610134335371,2025-01-02 23:59:59.525539,2025-01-03 00:00:52.258273,0 days 00:00:52.732734,7,25,30.0,60.0,20.0,10.0,35.0,85.0,,,,6,2.0,5.0,6.0,6.0,6.0,5.0,,,,COMPLETE
147,147,0.8836693889325469,2025-01-03 00:00:52.259026,2025-01-03 00:01:35.177423,0 days 00:00:42.918397,6,15,25.0,45.0,50.0,5.0,40.0,,,,,6,2.0,2.0,6.0,6.0,6.0,,,,,COMPLETE
148,148,0.8838294190836471,2025-01-03 00:01:35.177987,2025-01-03 00:02:17.333335,0 days 00:00:42.155348,6,15,25.0,75.0,50.0,5.0,40.0,,,,,6,2.0,2.0,6.0,6.0,6.0,,,,,COMPLETE
149,149,0.8842258015658624,2025-01-03 00:02:17.334136,2025-01-03 00:03:00.986906,0 days 00:00:43.652770,6,15,25.0,75.0,50.0,5.0,40.0,,,,,6,2.0,2.0,6.0,6.0,6.0,,,,,COMPLETE
150,150,0.847461143354848,2025-01-03 00:03:00.987477,2025-01-03 00:03:39.971508,0 days 00:00:38.984031,6,10,25.0,75.0,50.0,5.0,40.0,,,,,6,2.0,2.0,6.0,6.0,6.0,,,,,COMPLETE
151,151,0.8627384662344777,2025-01-03 00:03:39.972301,2025-01-03 00:04:33.132390,0 days 00:00:53.160089,6,15,25.0,75.0,60.0,85.0,40.0,,,,,6,2.0,2.0,6.0,6.0,6.0,,,,,COMPLETE
152,152,0.8836738860186004,2025-01-03 00:04:33.133076,2025-01-03 00:05:09.833752,0 days 00:00:36.700676,6,15,30.0,70.0,50.0,5.0,45.0,,,,,6,2.0,2.0,6.0,6.0,6.0,,,,,COMPLETE
153,153,0.8811879776208441,2025-01-03 00:05:09.834458,2025-01-03 00:05:50.576170,0 days 00:00:40.741712,6,15,30.0,70.0,55.0,5.0,45.0,,,,,6,2.0,2.0,6.0,6.0,6.0,,,,,COMPLETE
154,154,0.8813851670472574,2025-01-03 00:05:50.576794,2025-01-03 00:06:21.852613,0 days 00:00:31.275819,5,10,25.0,70.0,45.0,5.0,,,,,,6,2.0,2.0,6.0,6.0,,,,,,COMPLETE
155,155,0.8091858725200305,2025-01-03 00:06:21.853244,2025-01-03 00:07:02.245536,0 days 00:00:40.392292,6,5,30.0,80.0,55.0,5.0,35.0,,,,,6,2.0,2.0,6.0,6.0,6.0,,,,,COMPLETE
156,156,0.8772609057367702,2025-01-03 00:07:02.246259,2025-01-03 00:07:51.050358,0 days 00:00:48.804099,6,10,35.0,45.0,45.0,10.0,40.0,,,,,3,2.0,2.0,6.0,6.0,6.0,,,,,COMPLETE
157,157,0.8804950959508686,2025-01-03 00:07:51.051130,2025-01-03 00:08:34.352737,0 days 00:00:43.301607,6,15,25.0,85.0,50.0,10.0,45.0,,,,,6,2.0,2.0,6.0,6.0,6.0,,,,,COMPLETE
158,158,0.8454038786625176,2025-01-03 00:08:34.353367,2025-01-03 00:09:31.035034,0 days 00:00:56.681667,5,75,20.0,75.0,45.0,5.0,,,,,,6,3.0,2.0,6.0,6.0,,,,,,COMPLETE
159,159,0.8799003897179445,2025-01-03 00:09:31.035728,2025-01-03 00:10:25.154807,0 days 00:00:54.119079,6,20,35.0,70.0,60.0,10.0,50.0,,,,,5,2.0,2.0,6.0,6.0,6.0,,,,,COMPLETE
160,160,0.8643871328461803,2025-01-03 00:10:25.155426,2025-01-03 00:11:02.239867,0 days 00:00:37.084441,6,15,15.0,65.0,50.0,15.0,35.0,,,,,6,2.0,2.0,6.0,5.0,6.0,,,,,COMPLETE
161,161,0.8697937701396348,2025-01-03 00:11:02.240647,2025-01-03 00:11:45.180001,0 days 00:00:42.939354,6,20,25.0,55.0,50.0,5.0,40.0,,,,,6,2.0,2.0,6.0,6.0,6.0,,,,,COMPLETE
162,162,0.8711585887022688,2025-01-03 00:11:45.180620,2025-01-03 00:12:27.574109,0 days 00:00:42.393489,6,15,50.0,60.0,50.0,5.0,45.0,,,,,6,2.0,3.0,6.0,6.0,6.0,,,,,COMPLETE
163,163,0.8741307005568962,2025-01-03 00:12:27.574916,2025-01-03 00:13:03.246119,0 days 00:00:35.671203,6,15,30.0,80.0,55.0,5.0,50.0,,,,,6,2.0,2.0,6.0,6.0,6.0,,,,,COMPLETE
164,164,0.8795773871210475,2025-01-03 00:13:03.246728,2025-01-03 00:13:36.219102,0 days 00:00:32.972374,5,20,25.0,65.0,45.0,10.0,,,,,,6,2.0,2.0,6.0,6.0,,,,,,COMPLETE
165,165,0.837155582541754,2025-01-03 00:13:36.219751,2025-01-03 00:14:14.724516,0 days 00:00:38.504765,6,5,20.0,50.0,50.0,5.0,30.0,,,,,6,2.0,2.0,6.0,6.0,6.0,,,,,COMPLETE
166,166,0.870415013725178,2025-01-03 00:14:14.725273,2025-01-03 00:14:59.398614,0 days 00:00:44.673341,6,25,15.0,85.0,45.0,10.0,45.0,,,,,6,2.0,2.0,2.0,6.0,6.0,,,,,COMPLETE
167,167,0.8791510495023793,2025-01-03 00:14:59.399149,2025-01-03 00:15:41.802860,0 days 00:00:42.403711,6,10,30.0,70.0,35.0,5.0,45.0,,,,,5,2.0,2.0,6.0,6.0,4.0,,,,,COMPLETE
168,168,0.8856224260505199,2025-01-03 00:15:41.803643,2025-01-03 00:16:38.379996,0 days 00:00:56.576353,8,20,60.0,55.0,25.0,15.0,40.0,45.0,50.0,,,5,3.0,2.0,6.0,6.0,6.0,5.0,6.0,,,COMPLETE
169,169,0.817132267089925,2025-01-03 00:16:38.380658,2025-01-03 00:17:28.861585,0 days 00:00:50.480927,8,20,60.0,55.0,25.0,15.0,40.0,35.0,50.0,,,5,3.0,2.0,6.0,6.0,6.0,5.0,6.0,,,COMPLETE
170,170,0.8723020526398437,2025-01-03 00:17:28.862297,2025-01-03 00:18:49.532218,0 days 00:01:20.669921,9,15,60.0,60.0,30.0,10.0,40.0,45.0,70.0,5.0,,5,3.0,2.0,5.0,6.0,6.0,5.0,6.0,3.0,,COMPLETE
171,171,0.8646964968675943,2025-01-03 00:18:49.532997,2025-01-03 00:19:45.573792,0 days 00:00:56.040795,8,20,25.0,55.0,25.0,5.0,50.0,45.0,50.0,,,5,3.0,2.0,6.0,6.0,6.0,5.0,5.0,,,COMPLETE
172,172,0.8737593707105902,2025-01-03 00:19:45.574622,2025-01-03 00:20:54.629293,0 days 00:01:09.054671,8,25,65.0,55.0,55.0,15.0,40.0,40.0,80.0,,,5,3.0,2.0,6.0,6.0,6.0,5.0,3.0,,,COMPLETE
173,173,0.8323914551319949,2025-01-03 00:20:54.630111,2025-01-03 00:21:38.050395,0 days 00:00:43.420284,6,15,20.0,75.0,40.0,10.0,45.0,,,,,5,3.0,2.0,6.0,6.0,6.0,,,,,COMPLETE
174,174,0.8718883357041252,2025-01-03 00:21:38.051106,2025-01-03 00:22:35.789056,0 days 00:00:57.737950,8,20,55.0,10.0,15.0,5.0,55.0,50.0,40.0,,,6,2.0,2.0,6.0,6.0,6.0,4.0,6.0,,,COMPLETE
175,175,0.8651974304401489,2025-01-03 00:22:35.789880,2025-01-03 00:23:38.776574,0 days 00:01:02.986694,7,20,30.0,50.0,25.0,15.0,35.0,35.0,,,,3,3.0,3.0,6.0,6.0,6.0,4.0,,,,COMPLETE
176,176,0.8465948961783719,2025-01-03 00:23:38.777441,2025-01-03 00:24:31.048590,0 days 00:00:52.271149,6,10,25.0,45.0,25.0,10.0,50.0,,,,,2,2.0,5.0,6.0,6.0,4.0,,,,,COMPLETE
177,177,0.8429407526320953,2025-01-03 00:24:31.049276,2025-01-03 00:25:37.990204,0 days 00:01:06.940928,7,25,70.0,60.0,30.0,5.0,40.0,90.0,,,,6,2.0,4.0,6.0,6.0,6.0,5.0,,,,COMPLETE
178,178,0.8710405498112119,2025-01-03 00:25:37.991127,2025-01-03 00:26:25.458380,0 days 00:00:47.467253,6,15,15.0,10.0,50.0,10.0,35.0,,,,,5,3.0,2.0,6.0,6.0,6.0,,,,,COMPLETE
179,179,0.8623784439708189,2025-01-03 00:26:25.459141,2025-01-03 00:27:21.796953,0 days 00:00:56.337812,8,20,55.0,5.0,20.0,15.0,40.0,100.0,20.0,,,6,2.0,5.0,3.0,6.0,6.0,4.0,5.0,,,COMPLETE
180,180,0.8863257096885415,2025-01-03 00:27:21.797739,2025-01-03 00:27:56.933461,0 days 00:00:35.135722,5,20,30.0,55.0,40.0,5.0,,,,,,6,2.0,5.0,6.0,6.0,,,,,,COMPLETE
181,181,0.8450862943993711,2025-01-03 00:27:56.934085,2025-01-03 00:28:44.707875,0 days 00:00:47.773790,5,20,30.0,55.0,45.0,5.0,,,,,,6,2.0,5.0,6.0,6.0,,,,,,COMPLETE
182,182,0.8816379944115043,2025-01-03 00:28:44.708610,2025-01-03 00:29:49.628571,0 days 00:01:04.919961,6,25,25.0,50.0,40.0,55.0,45.0,,,,,6,2.0,5.0,6.0,6.0,6.0,,,,,COMPLETE
183,183,0.8667512174473155,2025-01-03 00:29:49.629145,2025-01-03 00:30:43.900623,0 days 00:00:54.271478,7,20,30.0,55.0,40.0,5.0,45.0,50.0,,,,6,2.0,5.0,6.0,6.0,6.0,5.0,,,,COMPLETE
184,184,0.8559372707044495,2025-01-03 00:30:43.901432,2025-01-03 00:31:25.720139,0 days 00:00:41.818707,6,25,35.0,60.0,35.0,10.0,50.0,,,,,6,2.0,5.0,6.0,6.0,6.0,,,,,COMPLETE
185,185,0.8893422732601115,2025-01-03 00:31:25.720817,2025-01-03 00:32:07.036128,0 days 00:00:41.315311,7,15,75.0,55.0,70.0,5.0,70.0,40.0,,,,6,2.0,5.0,6.0,6.0,2.0,5.0,,,,COMPLETE
186,186,0.844417659595242,2025-01-03 00:32:07.036898,2025-01-03 00:32:55.365259,0 days 00:00:48.328361,6,15,75.0,55.0,85.0,5.0,55.0,,,,,6,2.0,5.0,6.0,3.0,2.0,,,,,COMPLETE
187,187,0.8653570142271959,2025-01-03 00:32:55.365886,2025-01-03 00:34:06.820792,0 days 00:01:11.454906,8,10,65.0,60.0,30.0,10.0,40.0,30.0,55.0,,,5,3.0,5.0,6.0,6.0,5.0,5.0,4.0,,,COMPLETE
188,188,0.8650002594029611,2025-01-03 00:34:06.821524,2025-01-03 00:34:58.314632,0 days 00:00:51.493108,7,15,20.0,50.0,75.0,65.0,45.0,40.0,,,,5,2.0,6.0,6.0,6.0,3.0,5.0,,,,COMPLETE
189,189,0.8494543041353868,2025-01-03 00:34:58.315418,2025-01-03 00:35:59.349543,0 days 00:01:01.034125,5,60,50.0,55.0,15.0,20.0,,,,,,6,2.0,5.0,6.0,6.0,,,,,,COMPLETE
190,190,0.8538146768432904,2025-01-03 00:35:59.350182,2025-01-03 00:36:35.468263,0 days 00:00:36.118081,6,10,35.0,40.0,65.0,5.0,60.0,,,,,6,3.0,2.0,6.0,6.0,3.0,,,,,COMPLETE
191,191,0.8813360766478531,2025-01-03 00:36:35.469030,2025-01-03 00:37:52.364727,0 days 00:01:16.895697,7,20,75.0,65.0,50.0,5.0,70.0,40.0,,,,6,2.0,5.0,6.0,6.0,2.0,5.0,,,,COMPLETE
192,192,0.8439582606513129,2025-01-03 00:37:52.365590,2025-01-03 00:38:46.324359,0 days 00:00:53.958769,7,5,25.0,5.0,35.0,5.0,80.0,45.0,,,,6,2.0,5.0,6.0,6.0,6.0,5.0,,,,COMPLETE
193,193,0.8908579387943344,2025-01-03 00:38:46.325160,2025-01-03 00:39:42.698228,0 days 00:00:56.373068,7,15,30.0,55.0,45.0,45.0,70.0,45.0,,,,6,2.0,5.0,6.0,6.0,6.0,3.0,,,,COMPLETE
194,194,0.8482842749819046,2025-01-03 00:39:42.698928,2025-01-03 00:40:26.835133,0 days 00:00:44.136205,7,15,30.0,55.0,45.0,10.0,40.0,30.0,,,,6,2.0,5.0,6.0,6.0,6.0,3.0,,,,COMPLETE
195,195,0.8479716650277713,2025-01-03 00:40:26.836007,2025-01-03 00:41:13.230853,0 days 00:00:46.394846,6,15,25.0,60.0,40.0,75.0,75.0,,,,,6,2.0,5.0,6.0,6.0,3.0,,,,,COMPLETE
196,196,0.8519604493925876,2025-01-03 00:41:13.231597,2025-01-03 00:42:04.572855,0 days 00:00:51.341258,8,15,30.0,50.0,40.0,15.0,30.0,45.0,5.0,,,6,2.0,5.0,6.0,6.0,2.0,3.0,3.0,,,COMPLETE
197,197,0.8720647170706206,2025-01-03 00:42:04.573641,2025-01-03 00:43:12.518967,0 days 00:01:07.945326,6,20,30.0,55.0,45.0,10.0,70.0,,,,,5,2.0,5.0,6.0,6.0,6.0,,,,,COMPLETE
198,198,0.8693624159785691,2025-01-03 00:43:12.519801,2025-01-03 00:44:02.704965,0 days 00:00:50.185164,7,20,25.0,60.0,20.0,35.0,35.0,35.0,,,,6,2.0,5.0,4.0,6.0,6.0,3.0,,,,COMPLETE
199,199,0.8822511296381833,2025-01-03 00:44:02.705624,2025-01-03 00:44:50.615675,0 days 00:00:47.910051,6,15,40.0,55.0,40.0,50.0,5.0,,,,,6,2.0,5.0,6.0,6.0,5.0,,,,,COMPLETE
200,200,0.8858196724015327,2025-01-03 00:44:50.616343,2025-01-03 00:45:44.985657,0 days 00:00:54.369314,9,15,60.0,5.0,55.0,45.0,55.0,25.0,65.0,65.0,,6,3.0,2.0,6.0,6.0,6.0,2.0,2.0,2.0,,COMPLETE
201,201,0.8751764908979285,2025-01-03 00:45:44.986387,2025-01-03 00:46:47.281297,0 days 00:01:02.294910,9,15,65.0,5.0,55.0,55.0,55.0,25.0,65.0,65.0,,6,3.0,2.0,6.0,6.0,6.0,2.0,2.0,2.0,,COMPLETE
202,202,0.8070089852160538,2025-01-03 00:46:47.281996,2025-01-03 00:47:48.286566,0 days 00:01:01.004570,9,10,55.0,5.0,30.0,45.0,55.0,50.0,75.0,45.0,,6,3.0,2.0,6.0,6.0,6.0,2.0,2.0,3.0,,COMPLETE
203,203,0.8670958893094584,2025-01-03 00:47:48.287297,2025-01-03 00:48:45.454977,0 days 00:00:57.167680,9,20,60.0,10.0,75.0,45.0,45.0,15.0,85.0,70.0,,6,3.0,2.0,6.0,6.0,6.0,2.0,2.0,2.0,,COMPLETE
204,204,0.8841038023082288,2025-01-03 00:48:45.455784,2025-01-03 00:49:46.285211,0 days 00:01:00.829427,10,15,60.0,5.0,45.0,40.0,50.0,40.0,65.0,45.0,5.0,6,3.0,2.0,6.0,6.0,6.0,2.0,3.0,4.0,4.0,COMPLETE
205,205,0.8803735826643233,2025-01-03 00:49:46.285939,2025-01-03 00:50:54.602710,0 days 00:01:08.316771,10,15,65.0,5.0,70.0,45.0,50.0,20.0,65.0,50.0,10.0,6,3.0,2.0,6.0,6.0,6.0,2.0,3.0,4.0,4.0,COMPLETE
206,206,0.8239332271372943,2025-01-03 00:50:54.603443,2025-01-03 00:51:53.196872,0 days 00:00:58.593429,10,10,60.0,10.0,45.0,40.0,55.0,40.0,60.0,25.0,40.0,6,3.0,2.0,6.0,6.0,6.0,2.0,3.0,3.0,5.0,COMPLETE
207,207,0.8944439269572049,2025-01-03 00:51:53.197712,2025-01-03 00:52:48.954780,0 days 00:00:55.757068,10,15,60.0,5.0,50.0,20.0,50.0,30.0,40.0,45.0,70.0,6,2.0,2.0,6.0,6.0,6.0,2.0,2.0,6.0,3.0,COMPLETE
208,208,0.888737922705314,2025-01-03 00:52:48.955558,2025-01-03 00:53:55.596079,0 days 00:01:06.640521,10,15,60.0,5.0,70.0,50.0,50.0,30.0,50.0,45.0,75.0,6,3.0,2.0,6.0,6.0,6.0,2.0,2.0,6.0,3.0,COMPLETE
209,209,0.8799915060950094,2025-01-03 00:53:55.596956,2025-01-03 00:55:12.751781,0 days 00:01:17.154825,10,10,60.0,5.0,65.0,40.0,50.0,30.0,40.0,45.0,75.0,6,3.0,2.0,6.0,6.0,6.0,2.0,2.0,6.0,3.0,COMPLETE
210,210,0.838492969745565,2025-01-03 00:55:12.752577,2025-01-03 00:56:24.711881,0 days 00:01:11.959304,10,15,60.0,5.0,70.0,50.0,50.0,25.0,45.0,45.0,70.0,6,3.0,2.0,6.0,6.0,6.0,2.0,2.0,6.0,3.0,COMPLETE
211,211,0.8407556974705734,2025-01-03 00:56:24.712764,2025-01-03 00:57:34.633849,0 days 00:01:09.921085,10,15,55.0,5.0,70.0,25.0,60.0,30.0,35.0,55.0,75.0,6,3.0,2.0,6.0,6.0,6.0,2.0,2.0,6.0,3.0,COMPLETE
212,212,0.8772472409960024,2025-01-03 00:57:34.634750,2025-01-03 00:58:44.545390,0 days 00:01:09.910640,10,20,60.0,10.0,70.0,20.0,50.0,20.0,50.0,40.0,60.0,6,3.0,2.0,6.0,6.0,6.0,2.0,2.0,5.0,3.0,COMPLETE
213,213,0.8305910206413423,2025-01-03 00:58:44.546358,2025-01-03 00:59:40.391515,0 days 00:00:55.845157,10,15,60.0,5.0,50.0,45.0,55.0,35.0,55.0,25.0,25.0,6,3.0,2.0,6.0,6.0,6.0,2.0,2.0,6.0,4.0,COMPLETE
214,214,0.8644192747946675,2025-01-03 00:59:40.392228,2025-01-03 01:01:22.425240,0 days 00:01:42.033012,10,90,70.0,5.0,40.0,50.0,50.0,40.0,40.0,60.0,85.0,6,2.0,2.0,6.0,6.0,6.0,2.0,3.0,5.0,4.0,COMPLETE
215,215,0.8729307983457637,2025-01-03 01:01:22.426155,2025-01-03 01:02:37.574665,0 days 00:01:15.148510,9,15,65.0,10.0,80.0,50.0,90.0,30.0,75.0,50.0,,6,2.0,2.0,6.0,6.0,6.0,2.0,2.0,4.0,,COMPLETE
216,216,0.8425889309700436,2025-01-03 01:02:37.575632,2025-01-03 01:03:57.713435,0 days 00:01:20.137803,10,20,55.0,5.0,45.0,20.0,60.0,45.0,30.0,65.0,85.0,6,3.0,2.0,6.0,6.0,6.0,3.0,2.0,6.0,3.0,COMPLETE
217,217,0.8288760683313632,2025-01-03 01:03:57.714343,2025-01-03 01:04:56.335355,0 days 00:00:58.621012,10,10,60.0,5.0,55.0,40.0,25.0,35.0,70.0,30.0,40.0,6,2.0,2.0,6.0,6.0,6.0,2.0,3.0,3.0,5.0,COMPLETE
218,218,0.8485702110962563,2025-01-03 01:04:56.336190,2025-01-03 01:05:51.513862,0 days 00:00:55.177672,9,20,65.0,10.0,45.0,30.0,45.0,25.0,65.0,85.0,,6,2.0,6.0,6.0,6.0,6.0,3.0,2.0,5.0,,COMPLETE
219,219,0.8830976627859916,2025-01-03 01:05:51.514703,2025-01-03 01:07:04.151053,0 days 00:01:12.636350,10,15,60.0,5.0,50.0,50.0,50.0,40.0,85.0,15.0,65.0,6,3.0,2.0,6.0,6.0,6.0,2.0,3.0,6.0,2.0,COMPLETE
220,220,0.847033684196688,2025-01-03 01:07:04.151951,2025-01-03 01:08:06.737891,0 days 00:01:02.585940,9,20,60.0,10.0,10.0,15.0,55.0,45.0,60.0,40.0,,6,2.0,2.0,6.0,6.0,6.0,2.0,3.0,5.0,,COMPLETE
221,221,0.8690800058201237,2025-01-03 01:08:06.738582,2025-01-03 01:08:51.741277,0 days 00:00:45.002695,7,15,55.0,35.0,50.0,5.0,45.0,55.0,,,,6,2.0,2.0,6.0,6.0,6.0,3.0,,,,COMPLETE
222,222,0.8381991404759602,2025-01-03 01:08:51.742094,2025-01-03 01:10:10.907576,0 days 00:01:19.165482,10,15,30.0,45.0,50.0,5.0,45.0,50.0,45.0,60.0,85.0,6,2.0,2.0,6.0,6.0,6.0,5.0,2.0,4.0,5.0,COMPLETE
223,223,0.8766936882939966,2025-01-03 01:10:10.908481,2025-01-03 01:11:04.820216,0 days 00:00:53.911735,7,10,25.0,75.0,45.0,25.0,65.0,30.0,,,,6,2.0,2.0,6.0,6.0,6.0,2.0,,,,COMPLETE
224,224,0.8760189950976802,2025-01-03 01:11:04.820954,2025-01-03 01:11:45.235566,0 days 00:00:40.414612,7,15,35.0,5.0,55.0,40.0,70.0,35.0,,,,6,2.0,2.0,6.0,6.0,6.0,5.0,,,,COMPLETE
225,225,0.8642056018601247,2025-01-03 01:11:45.236435,2025-01-03 01:12:38.425504,0 days 00:00:53.189069,8,20,30.0,5.0,25.0,20.0,55.0,45.0,50.0,,,6,2.0,2.0,6.0,6.0,6.0,2.0,4.0,,,COMPLETE
226,226,0.8750933853045796,2025-01-03 01:12:38.426389,2025-01-03 01:13:12.732955,0 days 00:00:34.306566,4,15,25.0,50.0,75.0,,,,,,,5,2.0,5.0,6.0,,,,,,,COMPLETE
227,227,0.8311358693128855,2025-01-03 01:13:12.733684,2025-01-03 01:13:52.365597,0 days 00:00:39.631913,6,5,20.0,80.0,20.0,5.0,75.0,,,,,6,3.0,2.0,6.0,6.0,6.0,,,,,COMPLETE
228,228,0.859610141495486,2025-01-03 01:13:52.366332,2025-01-03 01:14:45.475497,0 days 00:00:53.109165,7,20,65.0,10.0,40.0,45.0,40.0,50.0,,,,6,2.0,5.0,6.0,6.0,6.0,5.0,,,,COMPLETE
229,229,0.8918632167786904,2025-01-03 01:14:45.476474,2025-01-03 01:15:31.995615,0 days 00:00:46.519141,6,10,35.0,30.0,35.0,10.0,50.0,,,,,6,2.0,6.0,6.0,6.0,6.0,,,,,COMPLETE
230,230,0.8219305120167189,2025-01-03 01:15:31.996425,2025-01-03 01:16:46.203495,0 days 00:01:14.207070,9,10,35.0,25.0,40.0,15.0,50.0,35.0,55.0,50.0,,5,2.0,6.0,5.0,4.0,6.0,6.0,3.0,5.0,,COMPLETE
231,231,0.8333204603139635,2025-01-03 01:16:46.204512,2025-01-03 01:17:26.418559,0 days 00:00:40.214047,6,5,30.0,55.0,35.0,10.0,50.0,,,,,6,2.0,6.0,6.0,6.0,6.0,,,,,COMPLETE
232,232,0.8604068882838116,2025-01-03 01:17:26.419396,2025-01-03 01:18:04.823429,0 days 00:00:38.404033,6,10,25.0,30.0,35.0,10.0,45.0,,,,,6,2.0,6.0,6.0,6.0,6.0,,,,,COMPLETE
233,233,0.8723917869070024,2025-01-03 01:18:04.824294,2025-01-03 01:18:51.972641,0 days 00:00:47.148347,6,15,30.0,15.0,45.0,5.0,40.0,,,,,6,2.0,6.0,6.0,6.0,6.0,,,,,COMPLETE
234,234,0.8678649469850095,2025-01-03 01:18:51.973483,2025-01-03 01:19:35.422523,0 days 00:00:43.449040,6,20,20.0,5.0,50.0,55.0,35.0,,,,,6,2.0,6.0,6.0,6.0,6.0,,,,,COMPLETE
235,235,0.8879882759130129,2025-01-03 01:19:35.423204,2025-01-03 01:20:15.735415,0 days 00:00:40.312211,6,15,25.0,55.0,25.0,10.0,50.0,,,,,6,2.0,5.0,6.0,6.0,6.0,,,,,COMPLETE
236,236,0.8525214514481037,2025-01-03 01:20:15.736254,2025-01-03 01:21:01.638945,0 days 00:00:45.902691,7,15,30.0,55.0,25.0,10.0,50.0,40.0,,,,6,2.0,5.0,6.0,6.0,6.0,4.0,,,,COMPLETE
237,237,0.8707706090136814,2025-01-03 01:21:01.639632,2025-01-03 01:22:13.796195,0 days 00:01:12.156563,8,20,60.0,55.0,25.0,15.0,50.0,30.0,75.0,,,5,3.0,5.0,6.0,6.0,6.0,5.0,2.0,,,COMPLETE
238,238,0.8682714740231936,2025-01-03 01:22:13.797084,2025-01-03 01:23:00.525941,0 days 00:00:46.728857,6,10,25.0,5.0,30.0,10.0,55.0,,,,,6,2.0,5.0,6.0,3.0,6.0,,,,,COMPLETE
239,239,0.8811336697407344,2025-01-03 01:23:00.526675,2025-01-03 01:23:43.987057,0 days 00:00:43.460382,6,20,35.0,55.0,20.0,15.0,50.0,,,,,6,2.0,5.0,6.0,6.0,6.0,,,,,COMPLETE
240,240,0.8861241260153139,2025-01-03 01:23:43.987799,2025-01-03 01:24:41.609508,0 days 00:00:57.621709,10,15,5.0,50.0,35.0,10.0,45.0,55.0,60.0,55.0,20.0,6,3.0,5.0,6.0,6.0,6.0,2.0,4.0,2.0,3.0,COMPLETE
241,241,0.8363046499130308,2025-01-03 01:24:41.610282,2025-01-03 01:25:50.928845,0 days 00:01:09.318563,10,15,5.0,85.0,35.0,10.0,45.0,55.0,60.0,55.0,15.0,6,3.0,5.0,6.0,6.0,6.0,2.0,4.0,2.0,3.0,COMPLETE
242,242,0.8753460633909467,2025-01-03 01:25:50.929733,2025-01-03 01:26:45.393241,0 days 00:00:54.463508,10,15,5.0,50.0,35.0,10.0,45.0,60.0,65.0,65.0,30.0,6,3.0,5.0,6.0,6.0,6.0,2.0,4.0,2.0,4.0,COMPLETE
243,243,0.8934028084429921,2025-01-03 01:26:45.394054,2025-01-03 01:27:55.998267,0 days 00:01:10.604213,10,15,10.0,60.0,40.0,5.0,50.0,50.0,70.0,40.0,20.0,6,3.0,5.0,6.0,6.0,6.0,2.0,4.0,2.0,3.0,COMPLETE
244,244,0.7967168895240783,2025-01-03 01:27:55.999215,2025-01-03 01:28:49.082647,0 days 00:00:53.083432,10,10,10.0,60.0,35.0,5.0,55.0,55.0,70.0,40.0,20.0,6,3.0,5.0,6.0,6.0,6.0,2.0,4.0,2.0,3.0,COMPLETE
245,245,0.8833647920077587,2025-01-03 01:28:49.083448,2025-01-03 01:29:49.247839,0 days 00:01:00.164391,10,15,30.0,55.0,40.0,5.0,50.0,50.0,80.0,45.0,5.0,6,3.0,5.0,6.0,6.0,6.0,2.0,4.0,2.0,3.0,COMPLETE
246,246,0.8747186856004657,2025-01-03 01:29:49.248656,2025-01-03 01:31:06.849780,0 days 00:01:17.601124,10,15,10.0,60.0,30.0,5.0,55.0,45.0,60.0,55.0,30.0,5,3.0,5.0,6.0,6.0,6.0,2.0,5.0,3.0,2.0,COMPLETE
247,247,0.8280468708153871,2025-01-03 01:31:06.850802,2025-01-03 01:32:02.258618,0 days 00:00:55.407816,10,10,10.0,65.0,25.0,5.0,65.0,45.0,70.0,30.0,15.0,6,3.0,5.0,6.0,6.0,6.0,2.0,4.0,2.0,3.0,COMPLETE
248,248,0.8763002400443158,2025-01-03 01:32:02.259443,2025-01-03 01:32:55.109708,0 days 00:00:52.850265,10,15,5.0,55.0,20.0,10.0,50.0,20.0,55.0,40.0,50.0,6,3.0,4.0,6.0,6.0,6.0,4.0,4.0,2.0,3.0,COMPLETE
249,249,0.8508752402567081,2025-01-03 01:32:55.110599,2025-01-03 01:33:53.887128,0 days 00:00:58.776529,10,15,5.0,50.0,40.0,5.0,55.0,50.0,65.0,50.0,20.0,6,3.0,5.0,6.0,6.0,6.0,2.0,5.0,3.0,2.0,COMPLETE
250,250,0.8558203820650478,2025-01-03 01:33:53.888051,2025-01-03 01:35:07.990446,0 days 00:01:14.102395,10,10,5.0,70.0,95.0,10.0,50.0,55.0,75.0,60.0,5.0,6,3.0,5.0,6.0,6.0,6.0,2.0,4.0,2.0,4.0,COMPLETE
251,251,0.8746959426194395,2025-01-03 01:35:07.991260,2025-01-03 01:35:53.619281,0 days 00:00:45.628021,6,20,10.0,5.0,25.0,5.0,50.0,,,,,6,3.0,6.0,6.0,6.0,6.0,,,,,COMPLETE
252,252,0.8719443710359408,2025-01-03 01:35:53.620045,2025-01-03 01:37:09.480268,0 days 00:01:15.860223,10,15,45.0,55.0,35.0,10.0,70.0,15.0,95.0,70.0,50.0,5,3.0,5.0,6.0,6.0,6.0,2.0,4.0,3.0,2.0,COMPLETE
253,253,0.8595452081692927,2025-01-03 01:37:09.481178,2025-01-03 01:38:04.599235,0 days 00:00:55.118057,8,5,50.0,75.0,65.0,5.0,45.0,25.0,45.0,,,6,3.0,5.0,6.0,6.0,6.0,3.0,3.0,,,COMPLETE
254,254,0.7761200302897606,2025-01-03 01:38:04.600099,2025-01-03 01:38:12.719767,0 days 00:00:08.119668,1,20,,,,,,,,,,2,,,,,,,,,,COMPLETE
255,255,0.8858793897481596,2025-01-03 01:38:12.720249,2025-01-03 01:38:56.476747,0 days 00:00:43.756498,6,15,25.0,5.0,15.0,30.0,60.0,,,,,6,2.0,5.0,6.0,6.0,6.0,,,,,COMPLETE
256,256,0.8371665173327062,2025-01-03 01:38:56.477393,2025-01-03 01:39:46.710713,0 days 00:00:50.233320,9,10,25.0,10.0,15.0,35.0,60.0,40.0,50.0,35.0,,6,3.0,5.0,6.0,6.0,6.0,5.0,2.0,2.0,,COMPLETE
257,257,0.8640455311914527,2025-01-03 01:39:46.711632,2025-01-03 01:40:30.167955,0 days 00:00:43.456323,6,15,20.0,5.0,10.0,40.0,65.0,,,,,5,2.0,3.0,6.0,6.0,6.0,,,,,COMPLETE
258,258,0.8657666202019131,2025-01-03 01:40:30.168589,2025-01-03 01:41:16.415504,0 days 00:00:46.246915,5,55,15.0,5.0,30.0,30.0,,,,,,6,2.0,5.0,6.0,6.0,,,,,,COMPLETE
259,259,0.853629798497189,2025-01-03 01:41:16.416334,2025-01-03 01:41:33.727851,0 days 00:00:17.311517,3,20,25.0,10.0,,,,,,,,6,3.0,5.0,,,,,,,,COMPLETE
260,260,0.8574828388110565,2025-01-03 01:41:33.728433,2025-01-03 01:42:09.254832,0 days 00:00:35.526399,4,25,5.0,5.0,15.0,,,,,,,6,2.0,5.0,6.0,,,,,,,COMPLETE
261,261,0.859476489800949,2025-01-03 01:42:09.255447,2025-01-03 01:42:41.004414,0 days 00:00:31.748967,6,15,20.0,10.0,20.0,15.0,60.0,,,,,6,2.0,5.0,4.0,6.0,6.0,,,,,COMPLETE
262,262,0.8712037264475547,2025-01-03 01:42:41.005275,2025-01-03 01:44:00.657072,0 days 00:01:19.651797,10,20,25.0,50.0,25.0,35.0,55.0,35.0,70.0,45.0,35.0,5,3.0,5.0,5.0,2.0,6.0,2.0,5.0,6.0,4.0,COMPLETE
263,263,0.8545247784861774,2025-01-03 01:44:00.657887,2025-01-03 01:44:59.992058,0 days 00:00:59.334171,9,10,60.0,5.0,15.0,45.0,55.0,25.0,80.0,30.0,,6,2.0,6.0,6.0,6.0,6.0,2.0,4.0,2.0,,COMPLETE
264,264,0.8306784727350116,2025-01-03 01:44:59.992889,2025-01-03 01:45:48.297175,0 days 00:00:48.304286,6,15,55.0,55.0,40.0,20.0,65.0,,,,,6,2.0,5.0,6.0,6.0,6.0,,,,,COMPLETE
265,265,0.8561971837007698,2025-01-03 01:45:48.297906,2025-01-03 01:46:58.362369,0 days 00:01:10.064463,8,25,25.0,60.0,70.0,30.0,60.0,40.0,65.0,,,6,3.0,5.0,6.0,6.0,6.0,3.0,3.0,,,COMPLETE
266,266,0.8465972701371628,2025-01-03 01:46:58.363258,2025-01-03 01:47:47.504350,0 days 00:00:49.141092,6,20,10.0,5.0,15.0,50.0,55.0,,,,,5,2.0,5.0,6.0,6.0,6.0,,,,,COMPLETE
267,267,0.869950550742906,2025-01-03 01:47:47.505096,2025-01-03 01:48:38.321130,0 days 00:00:50.816034,7,15,30.0,20.0,30.0,25.0,50.0,50.0,,,,6,2.0,5.0,6.0,6.0,6.0,5.0,,,,COMPLETE
268,268,0.8838710592434401,2025-01-03 01:48:38.321888,2025-01-03 01:49:45.346659,0 days 00:01:07.024771,10,10,40.0,10.0,45.0,45.0,35.0,55.0,85.0,70.0,80.0,6,3.0,6.0,6.0,6.0,6.0,2.0,2.0,3.0,3.0,COMPLETE
269,269,0.8624268592525224,2025-01-03 01:49:45.347510,2025-01-03 01:51:03.367880,0 days 00:01:18.020370,10,5,35.0,40.0,45.0,45.0,35.0,55.0,95.0,75.0,80.0,5,3.0,6.0,6.0,6.0,6.0,2.0,2.0,3.0,3.0,COMPLETE
270,270,0.8262451904719945,2025-01-03 01:51:03.368794,2025-01-03 01:52:26.549378,0 days 00:01:23.180584,10,10,30.0,15.0,40.0,45.0,60.0,60.0,85.0,70.0,90.0,6,3.0,6.0,5.0,6.0,6.0,2.0,6.0,4.0,3.0,COMPLETE
271,271,0.8505361375753375,2025-01-03 01:52:26.550306,2025-01-03 01:53:34.359339,0 days 00:01:07.809033,10,10,60.0,10.0,10.0,40.0,70.0,55.0,60.0,80.0,70.0,6,3.0,6.0,6.0,6.0,6.0,2.0,2.0,2.0,3.0,COMPLETE
272,272,0.8405972481864659,2025-01-03 01:53:34.360401,2025-01-03 01:54:46.848504,0 days 00:01:12.488103,10,5,80.0,10.0,35.0,45.0,50.0,95.0,90.0,55.0,95.0,6,3.0,6.0,6.0,6.0,6.0,2.0,2.0,4.0,2.0,COMPLETE
273,273,0.8123636559947193,2025-01-03 01:54:46.849424,2025-01-03 01:56:07.033732,0 days 00:01:20.184308,10,10,55.0,10.0,85.0,20.0,30.0,50.0,35.0,90.0,75.0,5,3.0,6.0,6.0,6.0,6.0,2.0,2.0,2.0,3.0,COMPLETE
274,274,0.8693273902215408,2025-01-03 01:56:07.034743,2025-01-03 01:57:04.825867,0 days 00:00:57.791124,9,25,35.0,5.0,20.0,50.0,55.0,40.0,80.0,65.0,,6,3.0,4.0,6.0,6.0,6.0,4.0,2.0,3.0,,COMPLETE
275,275,0.8759507241849669,2025-01-03 01:57:04.826594,2025-01-03 01:58:17.943392,0 days 00:01:13.116798,10,20,40.0,15.0,40.0,10.0,65.0,45.0,55.0,60.0,60.0,6,3.0,3.0,6.0,6.0,6.0,5.0,2.0,3.0,4.0,COMPLETE
276,276,0.8577856211564545,2025-01-03 01:58:17.944330,2025-01-03 01:59:11.841874,0 days 00:00:53.897544,8,20,30.0,5.0,25.0,15.0,35.0,5.0,75.0,,,6,3.0,5.0,6.0,6.0,6.0,2.0,3.0,,,COMPLETE
277,277,0.8507250979591514,2025-01-03 01:59:11.842753,2025-01-03 02:00:33.582911,0 days 00:01:21.740158,7,15,40.0,55.0,45.0,30.0,75.0,30.0,,,,3,3.0,6.0,6.0,6.0,6.0,2.0,,,,COMPLETE
278,278,0.8372341413578527,2025-01-03 02:00:33.583781,2025-01-03 02:02:02.887529,0 days 00:01:29.303748,10,10,65.0,50.0,35.0,10.0,50.0,65.0,90.0,75.0,15.0,6,3.0,5.0,6.0,6.0,6.0,5.0,2.0,6.0,5.0,COMPLETE
279,279,0.8680477714236663,2025-01-03 02:02:02.888345,2025-01-03 02:02:48.161597,0 days 00:00:45.273252,7,15,45.0,5.0,30.0,15.0,55.0,60.0,,,,6,2.0,5.0,6.0,6.0,6.0,2.0,,,,COMPLETE
280,280,0.8865272395484574,2025-01-03 02:02:48.162474,2025-01-03 02:03:52.307979,0 days 00:01:04.145505,10,20,5.0,10.0,20.0,55.0,70.0,45.0,60.0,50.0,10.0,5,2.0,5.0,6.0,6.0,3.0,4.0,5.0,2.0,3.0,COMPLETE
281,281,0.8548412747195708,2025-01-03 02:03:52.308993,2025-01-03 02:04:39.637690,0 days 00:00:47.328697,5,25,10.0,55.0,20.0,55.0,,,,,,5,2.0,5.0,6.0,6.0,,,,,,COMPLETE
282,282,0.8630294338545401,2025-01-03 02:04:39.638391,2025-01-03 02:05:26.764501,0 days 00:00:47.126110,7,20,5.0,25.0,20.0,60.0,70.0,45.0,,,,5,2.0,5.0,6.0,5.0,2.0,4.0,,,,COMPLETE
283,283,0.8449329551205387,2025-01-03 02:05:26.765441,2025-01-03 02:06:31.914737,0 days 00:01:05.149296,8,20,5.0,5.0,25.0,55.0,70.0,35.0,60.0,,,5,2.0,5.0,6.0,6.0,6.0,4.0,6.0,,,COMPLETE
284,284,0.8685511811023622,2025-01-03 02:06:31.915571,2025-01-03 02:07:43.509694,0 days 00:01:11.594123,9,25,5.0,10.0,15.0,55.0,65.0,40.0,65.0,50.0,,5,2.0,5.0,6.0,6.0,3.0,4.0,5.0,2.0,,COMPLETE
285,285,0.8829455726668716,2025-01-03 02:07:43.510668,2025-01-03 02:08:52.265969,0 days 00:01:08.755301,10,20,15.0,60.0,75.0,20.0,75.0,45.0,40.0,35.0,10.0,5,2.0,5.0,6.0,6.0,2.0,6.0,5.0,5.0,4.0,COMPLETE
286,286,0.8643396406469723,2025-01-03 02:08:52.266900,2025-01-03 02:09:32.126341,0 days 00:00:39.859441,7,20,20.0,5.0,20.0,10.0,50.0,50.0,,,,5,2.0,5.0,6.0,6.0,3.0,4.0,,,,COMPLETE
287,287,0.8376794383256516,2025-01-03 02:09:32.127202,2025-01-03 02:10:31.048068,0 days 00:00:58.920866,6,15,10.0,50.0,25.0,60.0,70.0,,,,,5,2.0,5.0,6.0,6.0,3.0,,,,,COMPLETE
288,288,0.8670342319910282,2025-01-03 02:10:31.048907,2025-01-03 02:11:26.370789,0 days 00:00:55.321882,8,25,5.0,35.0,35.0,5.0,50.0,25.0,45.0,,,5,2.0,5.0,5.0,6.0,2.0,4.0,6.0,,,COMPLETE
289,289,0.8745739236126768,2025-01-03 02:11:26.371773,2025-01-03 02:12:10.808203,0 days 00:00:44.436430,6,15,60.0,5.0,25.0,10.0,65.0,,,,,6,2.0,5.0,6.0,6.0,6.0,,,,,COMPLETE
290,290,0.880729479260691,2025-01-03 02:12:10.809034,2025-01-03 02:13:20.025130,0 days 00:01:09.216096,10,20,10.0,55.0,40.0,15.0,60.0,35.0,55.0,45.0,10.0,5,2.0,5.0,6.0,6.0,5.0,5.0,4.0,2.0,2.0,COMPLETE
291,291,0.8428349348636768,2025-01-03 02:13:20.026036,2025-01-03 02:14:13.667421,0 days 00:00:53.641385,6,15,60.0,15.0,20.0,5.0,55.0,,,,,6,2.0,5.0,6.0,6.0,6.0,,,,,COMPLETE
292,292,0.868482001061976,2025-01-03 02:14:13.668359,2025-01-03 02:15:03.866940,0 days 00:00:50.198581,6,20,65.0,60.0,60.0,10.0,45.0,,,,,6,2.0,5.0,6.0,6.0,6.0,,,,,COMPLETE
293,293,0.858103082101201,2025-01-03 02:15:03.867675,2025-01-03 02:16:24.777713,0 days 00:01:20.910038,10,25,20.0,55.0,30.0,15.0,50.0,40.0,70.0,40.0,20.0,6,2.0,5.0,6.0,6.0,6.0,5.0,5.0,6.0,3.0,COMPLETE
294,294,0.8746554731894751,2025-01-03 02:16:24.778478,2025-01-03 02:17:12.161993,0 days 00:00:47.383515,7,15,55.0,5.0,40.0,50.0,55.0,45.0,,,,5,2.0,5.0,6.0,6.0,6.0,3.0,,,,COMPLETE
295,295,0.8754592650034323,2025-01-03 02:17:12.162958,2025-01-03 02:17:56.774287,0 days 00:00:44.611329,6,20,5.0,10.0,15.0,60.0,40.0,,,,,6,2.0,5.0,6.0,6.0,6.0,,,,,COMPLETE
296,296,0.8571796496908224,2025-01-03 02:17:56.775051,2025-01-03 02:18:46.928430,0 days 00:00:50.153379,9,30,30.0,30.0,35.0,25.0,45.0,30.0,50.0,50.0,,6,2.0,5.0,6.0,6.0,6.0,4.0,4.0,2.0,,COMPLETE
297,297,0.8516324390099592,2025-01-03 02:18:46.929353,2025-01-03 02:19:08.877710,0 days 00:00:21.948357,3,15,25.0,10.0,,,,,,,,6,2.0,5.0,,,,,,,,COMPLETE
298,298,0.887566167548261,2025-01-03 02:19:08.878425,2025-01-03 02:20:26.182462,0 days 00:01:17.304037,10,15,25.0,90.0,25.0,5.0,50.0,80.0,60.0,55.0,5.0,5,2.0,2.0,6.0,6.0,6.0,5.0,4.0,2.0,6.0,COMPLETE
299,299,0.883177370505839,2025-01-03 02:20:26.183401,2025-01-03 02:22:10.449516,0 days 00:01:44.266115,10,15,60.0,95.0,90.0,5.0,50.0,90.0,60.0,55.0,5.0,6,3.0,2.0,6.0,6.0,6.0,3.0,4.0,2.0,4.0,COMPLETE
300,300,0.8658724172165264,2025-01-03 02:22:10.450545,2025-01-03 02:23:23.138511,0 days 00:01:12.687966,10,15,25.0,90.0,20.0,100.0,45.0,85.0,55.0,45.0,10.0,5,3.0,2.0,6.0,6.0,3.0,5.0,5.0,2.0,6.0,COMPLETE
301,301,0.8596285097337231,2025-01-03 02:23:23.139573,2025-01-03 02:24:31.864555,0 days 00:01:08.724982,10,10,10.0,90.0,25.0,5.0,50.0,95.0,65.0,60.0,5.0,6,2.0,2.0,6.0,6.0,6.0,6.0,4.0,2.0,5.0,COMPLETE
302,302,0.8590574684011836,2025-01-03 02:24:31.865404,2025-01-03 02:25:56.074644,0 days 00:01:24.209240,10,15,15.0,55.0,10.0,5.0,45.0,80.0,65.0,55.0,25.0,3,2.0,4.0,5.0,6.0,6.0,3.0,3.0,2.0,6.0,COMPLETE
303,303,0.7920827969019593,2025-01-03 02:25:56.075572,2025-01-03 02:27:02.207849,0 days 00:01:06.132277,10,5,30.0,5.0,15.0,5.0,50.0,90.0,70.0,40.0,10.0,6,3.0,2.0,6.0,6.0,6.0,5.0,4.0,6.0,3.0,COMPLETE
304,304,0.8864902736976406,2025-01-03 02:27:02.208824,2025-01-03 02:27:37.807331,0 days 00:00:35.598507,5,20,5.0,45.0,65.0,10.0,,,,,,6,2.0,2.0,6.0,6.0,,,,,,COMPLETE
305,305,0.8878642019209573,2025-01-03 02:27:37.808062,2025-01-03 02:28:29.058586,0 days 00:00:51.250524,5,15,5.0,45.0,70.0,90.0,,,,,,5,4.0,2.0,6.0,6.0,,,,,,COMPLETE
306,306,0.8274902521158114,2025-01-03 02:28:29.059307,2025-01-03 02:29:30.026692,0 days 00:01:00.967385,5,20,5.0,45.0,70.0,90.0,,,,,,5,4.0,2.0,6.0,6.0,,,,,,COMPLETE
307,307,0.8583965145824467,2025-01-03 02:29:30.027521,2025-01-03 02:30:07.788435,0 days 00:00:37.760914,5,15,5.0,50.0,75.0,80.0,,,,,,5,6.0,2.0,6.0,4.0,,,,,,COMPLETE
308,308,0.8682541530182537,2025-01-03 02:30:07.789095,2025-01-03 02:30:56.472610,0 days 00:00:48.683515,5,10,5.0,45.0,65.0,75.0,,,,,,5,5.0,2.0,6.0,6.0,,,,,,COMPLETE
309,309,0.8720101936443732,2025-01-03 02:30:56.473490,2025-01-03 02:31:55.843006,0 days 00:00:59.369516,5,20,5.0,40.0,70.0,65.0,,,,,,5,4.0,2.0,6.0,6.0,,,,,,COMPLETE
310,310,0.8415830618731407,2025-01-03 02:31:55.843790,2025-01-03 02:32:28.736773,0 days 00:00:32.892983,5,15,5.0,45.0,70.0,10.0,,,,,,5,2.0,2.0,4.0,6.0,,,,,,COMPLETE
311,311,0.8794204799434686,2025-01-03 02:32:28.737580,2025-01-03 02:32:59.383153,0 days 00:00:30.645573,4,20,5.0,50.0,20.0,,,,,,,5,2.0,2.0,6.0,,,,,,,COMPLETE
312,312,0.8219228524560311,2025-01-03 02:32:59.383916,2025-01-03 02:34:00.276796,0 days 00:01:00.892880,5,10,10.0,40.0,65.0,95.0,,,,,,5,5.0,2.0,6.0,6.0,,,,,,COMPLETE
313,313,0.8870863459943347,2025-01-03 02:34:00.277585,2025-01-03 02:34:55.977465,0 days 00:00:55.699880,5,15,10.0,50.0,65.0,90.0,,,,,,5,2.0,2.0,6.0,6.0,,,,,,COMPLETE
314,314,0.8807071634545687,2025-01-03 02:34:55.978278,2025-01-03 02:35:45.623912,0 days 00:00:49.645634,5,20,15.0,50.0,65.0,85.0,,,,,,5,4.0,2.0,6.0,6.0,,,,,,COMPLETE
315,315,0.8595152331838952,2025-01-03 02:35:45.624674,2025-01-03 02:36:44.908373,0 days 00:00:59.283699,5,15,10.0,50.0,70.0,90.0,,,,,,5,2.0,2.0,6.0,6.0,,,,,,COMPLETE
316,316,0.8585419033254819,2025-01-03 02:36:44.909122,2025-01-03 02:37:30.425476,0 days 00:00:45.516354,5,10,10.0,45.0,70.0,10.0,,,,,,5,2.0,2.0,6.0,6.0,,,,,,COMPLETE
317,317,0.8705530901499177,2025-01-03 02:37:30.426314,2025-01-03 02:38:20.096422,0 days 00:00:49.670108,5,15,5.0,50.0,65.0,90.0,,,,,,5,2.0,2.0,6.0,6.0,,,,,,COMPLETE
318,318,0.8368300373955961,2025-01-03 02:38:20.097133,2025-01-03 02:39:05.668693,0 days 00:00:45.571560,5,20,10.0,55.0,60.0,10.0,,,,,,5,2.0,2.0,6.0,6.0,,,,,,COMPLETE
319,319,0.8541606561331397,2025-01-03 02:39:05.669595,2025-01-03 02:39:40.659225,0 days 00:00:34.989630,4,15,15.0,55.0,60.0,,,,,,,5,2.0,6.0,6.0,,,,,,,COMPLETE
320,320,0.8544647636473348,2025-01-03 02:39:40.659854,2025-01-03 02:40:43.252747,0 days 00:01:02.592893,5,50,5.0,50.0,75.0,70.0,,,,,,5,4.0,2.0,6.0,6.0,,,,,,COMPLETE
321,321,0.8554058514334886,2025-01-03 02:40:43.253578,2025-01-03 02:41:32.818060,0 days 00:00:49.564482,4,80,10.0,45.0,65.0,,,,,,,5,2.0,2.0,6.0,,,,,,,COMPLETE
322,322,0.8421814412668074,2025-01-03 02:41:32.818847,2025-01-03 02:42:25.298674,0 days 00:00:52.479827,5,15,5.0,55.0,70.0,90.0,,,,,,5,2.0,5.0,6.0,6.0,,,,,,COMPLETE
323,323,0.8804906650262672,2025-01-03 02:42:25.299334,2025-01-03 02:42:51.922748,0 days 00:00:26.623414,5,20,35.0,55.0,15.0,10.0,,,,,,5,2.0,4.0,4.0,6.0,,,,,,COMPLETE
324,324,0.8238089744362769,2025-01-03 02:42:51.923597,2025-01-03 02:44:02.231331,0 days 00:01:10.307734,8,10,15.0,60.0,25.0,15.0,60.0,100.0,50.0,,,5,3.0,2.0,6.0,6.0,4.0,4.0,4.0,,,COMPLETE
325,325,0.8616580061752781,2025-01-03 02:44:02.232212,2025-01-03 02:45:24.570856,0 days 00:01:22.338644,9,20,10.0,50.0,65.0,10.0,75.0,50.0,35.0,50.0,,4,2.0,5.0,6.0,6.0,5.0,4.0,4.0,2.0,,COMPLETE
326,326,0.809276569571064,2025-01-03 02:45:24.571758,2025-01-03 02:46:09.644571,0 days 00:00:45.072813,5,15,5.0,25.0,25.0,25.0,,,,,,2,3.0,6.0,6.0,6.0,,,,,,COMPLETE
327,327,0.8435483923430528,2025-01-03 02:46:09.645456,2025-01-03 02:47:20.104476,0 days 00:01:10.459020,6,65,20.0,55.0,70.0,70.0,45.0,,,,,5,2.0,3.0,5.0,6.0,2.0,,,,,COMPLETE
328,328,0.8440011756200749,2025-01-03 02:47:20.105358,2025-01-03 02:48:02.453466,0 days 00:00:42.348108,5,10,5.0,50.0,60.0,10.0,,,,,,6,2.0,5.0,6.0,6.0,,,,,,COMPLETE
329,329,0.8501960179380947,2025-01-03 02:48:02.454183,2025-01-03 02:48:33.766141,0 days 00:00:31.311958,6,5,30.0,45.0,20.0,15.0,55.0,,,,,6,3.0,5.0,6.0,6.0,4.0,,,,,COMPLETE
330,330,0.8843956891929615,2025-01-03 02:48:33.766896,2025-01-03 02:49:49.147899,0 days 00:01:15.381003,8,20,15.0,30.0,25.0,95.0,70.0,85.0,60.0,,,6,2.0,2.0,6.0,6.0,6.0,3.0,6.0,,,COMPLETE
331,331,0.8308783639776314,2025-01-03 02:49:49.148922,2025-01-03 02:50:00.751590,0 days 00:00:11.602668,1,15,,,,,,,,,,6,,,,,,,,,,COMPLETE
332,332,0.8611959569527945,2025-01-03 02:50:00.752152,2025-01-03 02:51:25.455876,0 days 00:01:24.703724,9,20,5.0,20.0,20.0,90.0,45.0,20.0,25.0,65.0,,5,4.0,5.0,6.0,6.0,6.0,5.0,4.0,2.0,,COMPLETE
333,333,0.8514091439619905,2025-01-03 02:51:25.456851,2025-01-03 02:53:09.049680,0 days 00:01:43.592829,10,40,30.0,60.0,70.0,10.0,55.0,80.0,45.0,35.0,45.0,3,2.0,5.0,6.0,6.0,3.0,5.0,4.0,2.0,3.0,COMPLETE
334,334,0.8633134167162567,2025-01-03 02:53:09.050721,2025-01-03 02:54:09.038183,0 days 00:00:59.987462,6,15,75.0,50.0,75.0,100.0,50.0,,,,,6,3.0,2.0,6.0,6.0,6.0,,,,,COMPLETE
335,335,0.8584199439530654,2025-01-03 02:54:09.039027,2025-01-03 02:55:03.888880,0 days 00:00:54.849853,10,15,10.0,5.0,15.0,85.0,60.0,50.0,50.0,25.0,65.0,6,2.0,5.0,6.0,6.0,2.0,4.0,5.0,6.0,2.0,COMPLETE
336,336,0.861767058075271,2025-01-03 02:55:03.889833,2025-01-03 02:56:17.713531,0 days 00:01:13.823698,6,25,50.0,55.0,30.0,95.0,20.0,,,,,5,3.0,6.0,6.0,6.0,6.0,,,,,COMPLETE
337,337,0.8709243734509103,2025-01-03 02:56:17.714513,2025-01-03 02:57:14.101416,0 days 00:00:56.386903,8,20,35.0,60.0,80.0,5.0,80.0,20.0,55.0,,,6,2.0,2.0,6.0,3.0,6.0,3.0,4.0,,,COMPLETE
338,338,0.8717056177461104,2025-01-03 02:57:14.102377,2025-01-03 02:57:59.970216,0 days 00:00:45.867839,5,15,25.0,5.0,20.0,35.0,,,,,,5,3.0,4.0,6.0,6.0,,,,,,COMPLETE
339,339,0.8629101905672074,2025-01-03 02:57:59.970895,2025-01-03 02:58:40.421202,0 days 00:00:40.450307,6,5,20.0,40.0,10.0,10.0,70.0,,,,,6,2.0,5.0,6.0,5.0,6.0,,,,,COMPLETE
340,340,0.8782728700720448,2025-01-03 02:58:40.422069,2025-01-03 02:59:23.064512,0 days 00:00:42.642443,10,10,30.0,55.0,25.0,20.0,45.0,45.0,15.0,50.0,15.0,6,2.0,2.0,6.0,6.0,6.0,5.0,4.0,3.0,3.0,COMPLETE
341,341,0.8712891784518562,2025-01-03 02:59:23.065284,2025-01-03 03:00:57.780458,0 days 00:01:34.715174,9,20,65.0,5.0,65.0,80.0,55.0,50.0,40.0,60.0,,5,3.0,5.0,6.0,6.0,6.0,4.0,6.0,2.0,,COMPLETE
342,342,0.8685097908753436,2025-01-03 03:00:57.781433,2025-01-03 03:01:40.735640,0 days 00:00:42.954207,8,10,10.0,35.0,15.0,5.0,100.0,25.0,60.0,,,6,2.0,5.0,6.0,6.0,6.0,5.0,3.0,,,COMPLETE
343,343,0.8672023096165598,2025-01-03 03:01:40.736572,2025-01-03 03:02:27.712530,0 days 00:00:46.975958,6,15,5.0,55.0,20.0,15.0,50.0,,,,,6,2.0,6.0,5.0,6.0,6.0,,,,,COMPLETE
344,344,0.8580866882938021,2025-01-03 03:02:27.713256,2025-01-03 03:03:18.604367,0 days 00:00:50.891111,10,25,25.0,50.0,30.0,5.0,40.0,90.0,75.0,40.0,25.0,6,3.0,2.0,3.0,6.0,6.0,2.0,5.0,5.0,3.0,COMPLETE
345,345,0.8354297811787618,2025-01-03 03:03:18.605322,2025-01-03 03:03:54.540748,0 days 00:00:35.935426,4,20,70.0,5.0,25.0,,,,,,,4,2.0,5.0,6.0,,,,,,,COMPLETE
346,346,0.8532597436808977,2025-01-03 03:03:54.541363,2025-01-03 03:04:47.262831,0 days 00:00:52.721468,5,45,30.0,10.0,75.0,5.0,,,,,,5,2.0,5.0,6.0,6.0,,,,,,COMPLETE
347,347,0.8426461716896334,2025-01-03 03:04:47.263701,2025-01-03 03:05:27.142693,0 days 00:00:39.878992,6,15,20.0,35.0,15.0,10.0,65.0,,,,,6,3.0,2.0,6.0,6.0,6.0,,,,,COMPLETE
348,348,0.8601539800301861,2025-01-03 03:05:27.143393,2025-01-03 03:06:50.356248,0 days 00:01:23.212855,10,20,5.0,55.0,65.0,25.0,45.0,15.0,55.0,45.0,35.0,6,2.0,5.0,6.0,6.0,6.0,2.0,4.0,2.0,4.0,COMPLETE
349,349,0.8743630630507357,2025-01-03 03:06:50.357303,2025-01-03 03:07:56.210969,0 days 00:01:05.853666,8,15,10.0,5.0,35.0,20.0,50.0,95.0,80.0,,,5,3.0,5.0,6.0,6.0,6.0,5.0,2.0,,,COMPLETE
350,350,0.7601311651996039,2025-01-03 03:07:56.211984,2025-01-03 03:08:10.289444,0 days 00:00:14.077460,2,10,25.0,,,,,,,,,6,2.0,,,,,,,,,COMPLETE
351,351,0.8205094739348022,2025-01-03 03:08:10.290016,2025-01-03 03:08:59.125380,0 days 00:00:48.835364,6,20,55.0,55.0,25.0,10.0,50.0,,,,,5,2.0,2.0,6.0,6.0,5.0,,,,,COMPLETE
352,352,0.872510469523317,2025-01-03 03:08:59.126245,2025-01-03 03:09:43.100502,0 days 00:00:43.974257,5,25,30.0,60.0,30.0,5.0,,,,,,6,3.0,6.0,4.0,6.0,,,,,,COMPLETE
353,353,0.8426965574908887,2025-01-03 03:09:43.101325,2025-01-03 03:10:42.366822,0 days 00:00:59.265497,10,10,35.0,45.0,20.0,15.0,75.0,55.0,30.0,55.0,55.0,6,6.0,5.0,6.0,6.0,4.0,4.0,3.0,2.0,5.0,COMPLETE
354,354,0.8346153218568981,2025-01-03 03:10:42.367707,2025-01-03 03:11:28.138326,0 days 00:00:45.770619,6,15,20.0,5.0,70.0,10.0,60.0,,,,,5,2.0,2.0,6.0,6.0,6.0,,,,,COMPLETE
355,355,0.79784549689441,2025-01-03 03:11:28.139123,2025-01-03 03:12:03.224164,0 days 00:00:35.085041,6,15,5.0,50.0,40.0,5.0,55.0,,,,,6,3.0,3.0,6.0,6.0,2.0,,,,,COMPLETE
356,356,0.8684550590918516,2025-01-03 03:12:03.224953,2025-01-03 03:13:33.258005,0 days 00:01:30.033052,9,20,25.0,50.0,60.0,10.0,45.0,45.0,70.0,65.0,,6,2.0,5.0,6.0,6.0,6.0,2.0,5.0,5.0,,COMPLETE
357,357,0.8234121823970746,2025-01-03 03:13:33.258983,2025-01-03 03:14:48.301367,0 days 00:01:15.042384,10,5,15.0,5.0,25.0,15.0,40.0,75.0,65.0,100.0,70.0,5,2.0,2.0,6.0,6.0,6.0,5.0,4.0,6.0,2.0,COMPLETE
358,358,0.8623436870637188,2025-01-03 03:14:48.302256,2025-01-03 03:15:37.342701,0 days 00:00:49.040445,5,20,60.0,10.0,20.0,5.0,,,,,,5,2.0,5.0,6.0,6.0,,,,,,COMPLETE
359,359,0.8645008913320356,2025-01-03 03:15:37.343653,2025-01-03 03:16:17.855968,0 days 00:00:40.512315,9,10,10.0,15.0,55.0,10.0,35.0,45.0,55.0,30.0,,6,3.0,5.0,6.0,6.0,6.0,2.0,2.0,3.0,,COMPLETE
360,360,0.8449775848762201,2025-01-03 03:16:17.856710,2025-01-03 03:17:00.982112,0 days 00:00:43.125402,5,15,5.0,55.0,35.0,85.0,,,,,,6,2.0,2.0,6.0,6.0,,,,,,COMPLETE
361,361,0.876599931473582,2025-01-03 03:17:00.982954,2025-01-03 03:18:11.352306,0 days 00:01:10.369352,8,20,30.0,5.0,40.0,65.0,55.0,50.0,60.0,,,2,2.0,6.0,6.0,5.0,6.0,2.0,6.0,,,COMPLETE
362,362,0.850945098122748,2025-01-03 03:18:11.353117,2025-01-03 03:19:35.220790,0 days 00:01:23.867673,10,15,25.0,10.0,70.0,50.0,65.0,30.0,50.0,20.0,20.0,6,3.0,5.0,6.0,6.0,6.0,3.0,3.0,2.0,3.0,COMPLETE
363,363,0.8639692976345446,2025-01-03 03:19:35.221686,2025-01-03 03:20:20.922501,0 days 00:00:45.700815,6,10,45.0,45.0,30.0,5.0,50.0,,,,,5,2.0,2.0,6.0,6.0,6.0,,,,,COMPLETE
364,364,0.8782513542553072,2025-01-03 03:20:20.923292,2025-01-03 03:21:23.891166,0 days 00:01:02.967874,6,15,65.0,60.0,10.0,10.0,45.0,,,,,4,3.0,5.0,6.0,6.0,6.0,,,,,COMPLETE
365,365,0.8600818349372726,2025-01-03 03:21:23.892063,2025-01-03 03:22:21.075722,0 days 00:00:57.183659,8,20,5.0,20.0,25.0,5.0,55.0,55.0,70.0,,,6,2.0,5.0,5.0,6.0,6.0,5.0,2.0,,,COMPLETE
366,366,0.8802766882654722,2025-01-03 03:22:21.076443,2025-01-03 03:23:32.750299,0 days 00:01:11.673856,10,15,35.0,55.0,35.0,15.0,50.0,40.0,75.0,35.0,30.0,6,5.0,2.0,6.0,6.0,6.0,4.0,4.0,2.0,6.0,COMPLETE
367,367,0.8790756935091498,2025-01-03 03:23:32.751448,2025-01-03 03:24:23.472334,0 days 00:00:50.720886,6,25,60.0,40.0,20.0,15.0,70.0,,,,,5,2.0,6.0,6.0,6.0,3.0,,,,,COMPLETE
368,368,0.883454515289931,2025-01-03 03:24:23.473142,2025-01-03 03:25:04.542856,0 days 00:00:41.069714,5,30,55.0,10.0,65.0,20.0,,,,,,6,4.0,4.0,4.0,6.0,,,,,,COMPLETE
369,369,0.8273819170457467,2025-01-03 03:25:04.543658,2025-01-03 03:26:00.609787,0 days 00:00:56.066129,10,25,25.0,5.0,15.0,5.0,50.0,60.0,45.0,55.0,65.0,5,2.0,5.0,6.0,6.0,5.0,2.0,4.0,3.0,4.0,COMPLETE
370,370,0.894602478492498,2025-01-03 03:26:00.610841,2025-01-03 03:26:46.057474,0 days 00:00:45.446633,7,20,15.0,50.0,30.0,10.0,10.0,50.0,,,,6,3.0,2.0,2.0,6.0,6.0,4.0,,,,COMPLETE
371,371,0.8770069533523692,2025-01-03 03:26:46.058182,2025-01-03 03:27:29.862287,0 days 00:00:43.804105,7,20,15.0,50.0,30.0,10.0,25.0,50.0,,,,6,3.0,2.0,3.0,6.0,6.0,4.0,,,,COMPLETE
372,372,0.8870765620680132,2025-01-03 03:27:29.863132,2025-01-03 03:28:06.690720,0 days 00:00:36.827588,7,20,15.0,50.0,35.0,10.0,60.0,55.0,,,,6,2.0,2.0,2.0,6.0,6.0,3.0,,,,COMPLETE
373,373,0.8494467621984401,2025-01-03 03:28:06.691526,2025-01-03 03:28:37.175164,0 days 00:00:30.483638,7,20,15.0,50.0,35.0,10.0,5.0,55.0,,,,6,2.0,2.0,2.0,6.0,6.0,3.0,,,,COMPLETE
374,374,0.892414602345406,2025-01-03 03:28:37.175982,2025-01-03 03:29:08.252145,0 days 00:00:31.076163,7,20,15.0,45.0,35.0,15.0,20.0,55.0,,,,6,3.0,2.0,2.0,6.0,3.0,3.0,,,,COMPLETE
375,375,0.8312983317728316,2025-01-03 03:29:08.252947,2025-01-03 03:29:50.678721,0 days 00:00:42.425774,7,25,15.0,45.0,35.0,15.0,20.0,55.0,,,,6,3.0,2.0,6.0,6.0,3.0,3.0,,,,COMPLETE
376,376,0.8674305162808722,2025-01-03 03:29:50.679479,2025-01-03 03:30:25.378037,0 days 00:00:34.698558,7,15,15.0,45.0,35.0,10.0,10.0,60.0,,,,6,2.0,2.0,2.0,6.0,4.0,3.0,,,,COMPLETE
377,377,0.8719823940214126,2025-01-03 03:30:25.378868,2025-01-03 03:30:55.984535,0 days 00:00:30.605667,7,20,15.0,45.0,35.0,15.0,10.0,50.0,,,,6,3.0,2.0,2.0,6.0,3.0,3.0,,,,COMPLETE
378,378,0.8895780612671803,2025-01-03 03:30:55.985360,2025-01-03 03:31:29.334781,0 days 00:00:33.349421,7,15,15.0,50.0,35.0,30.0,10.0,50.0,,,,6,2.0,2.0,2.0,6.0,3.0,3.0,,,,COMPLETE
379,379,0.8832306208805131,2025-01-03 03:31:29.335469,2025-01-03 03:32:07.203828,0 days 00:00:37.868359,7,15,15.0,50.0,35.0,25.0,5.0,55.0,,,,6,2.0,2.0,2.0,6.0,3.0,3.0,,,,COMPLETE
380,380,0.8845971755284223,2025-01-03 03:32:07.204724,2025-01-03 03:32:51.217048,0 days 00:00:44.012324,7,15,10.0,45.0,35.0,30.0,15.0,50.0,,,,6,2.0,2.0,2.0,6.0,3.0,3.0,,,,COMPLETE
381,381,0.8390551378446116,2025-01-03 03:32:51.217770,2025-01-03 03:33:23.944527,0 days 00:00:32.726757,7,15,15.0,50.0,40.0,30.0,10.0,60.0,,,,6,2.0,2.0,2.0,6.0,3.0,3.0,,,,COMPLETE
382,382,0.8405345336538337,2025-01-03 03:33:23.945333,2025-01-03 03:34:02.480609,0 days 00:00:38.535276,7,10,20.0,50.0,40.0,90.0,10.0,55.0,,,,6,2.0,2.0,2.0,6.0,3.0,3.0,,,,COMPLETE
383,383,0.8733386180279663,2025-01-03 03:34:02.481410,2025-01-03 03:34:43.969775,0 days 00:00:41.488365,7,100,15.0,45.0,35.0,35.0,15.0,50.0,,,,6,2.0,2.0,2.0,6.0,3.0,3.0,,,,COMPLETE
384,384,0.8656049903997358,2025-01-03 03:34:43.970517,2025-01-03 03:35:29.001468,0 days 00:00:45.030951,7,95,20.0,50.0,35.0,40.0,15.0,45.0,,,,6,2.0,2.0,2.0,6.0,3.0,3.0,,,,COMPLETE
385,385,0.8926507693961534,2025-01-03 03:35:29.002241,2025-01-03 03:35:56.614045,0 days 00:00:27.611804,7,15,10.0,45.0,40.0,35.0,15.0,65.0,,,,6,2.0,2.0,2.0,3.0,2.0,3.0,,,,COMPLETE
386,386,0.8941052232544923,2025-01-03 03:35:56.614718,2025-01-03 03:36:25.493699,0 days 00:00:28.878981,7,15,10.0,40.0,40.0,35.0,10.0,65.0,,,,6,2.0,2.0,2.0,5.0,2.0,3.0,,,,COMPLETE
387,387,0.8794134375438768,2025-01-03 03:36:25.494589,2025-01-03 03:36:53.081660,0 days 00:00:27.587071,7,15,10.0,40.0,40.0,30.0,10.0,65.0,,,,6,2.0,2.0,2.0,3.0,2.0,3.0,,,,COMPLETE
388,388,0.8728508559195939,2025-01-03 03:36:53.082331,2025-01-03 03:37:33.763738,0 days 00:00:40.681407,7,10,10.0,45.0,40.0,95.0,15.0,70.0,,,,6,2.0,2.0,2.0,5.0,2.0,3.0,,,,COMPLETE
389,389,0.8760487533860204,2025-01-03 03:37:33.764526,2025-01-03 03:38:00.528233,0 days 00:00:26.763707,7,20,10.0,45.0,40.0,35.0,10.0,65.0,,,,6,2.0,2.0,2.0,4.0,2.0,3.0,,,,COMPLETE
390,390,0.869729822958657,2025-01-03 03:38:00.528967,2025-01-03 03:38:25.188880,0 days 00:00:24.659913,7,15,10.0,40.0,40.0,35.0,15.0,60.0,,,,6,2.0,2.0,2.0,5.0,2.0,3.0,,,,COMPLETE
391,391,0.8711368970374154,2025-01-03 03:38:25.189590,2025-01-03 03:38:50.721782,0 days 00:00:25.532192,7,15,10.0,45.0,40.0,10.0,20.0,65.0,,,,6,2.0,2.0,2.0,4.0,2.0,3.0,,,,COMPLETE
392,392,0.8566471329768464,2025-01-03 03:38:50.722487,2025-01-03 03:39:22.923769,0 days 00:00:32.201282,7,10,15.0,45.0,35.0,10.0,5.0,60.0,,,,6,2.0,2.0,2.0,3.0,2.0,3.0,,,,COMPLETE
393,393,0.8811334739192458,2025-01-03 03:39:22.924650,2025-01-03 03:39:58.698477,0 days 00:00:35.773827,7,20,15.0,40.0,35.0,35.0,10.0,55.0,,,,6,2.0,2.0,2.0,3.0,2.0,3.0,,,,COMPLETE
394,394,0.8672441557861355,2025-01-03 03:39:58.699147,2025-01-03 03:40:27.611631,0 days 00:00:28.912484,7,25,10.0,30.0,45.0,10.0,15.0,70.0,,,,6,2.0,2.0,2.0,2.0,2.0,3.0,,,,COMPLETE
395,395,0.8447431353473362,2025-01-03 03:40:27.612430,2025-01-03 03:40:55.932694,0 days 00:00:28.320264,7,15,10.0,50.0,40.0,20.0,5.0,60.0,,,,6,2.0,2.0,2.0,4.0,2.0,3.0,,,,COMPLETE
396,396,0.8616062918197672,2025-01-03 03:40:55.933451,2025-01-03 03:41:25.794690,0 days 00:00:29.861239,7,20,15.0,50.0,35.0,35.0,15.0,60.0,,,,6,2.0,2.0,2.0,5.0,2.0,3.0,,,,COMPLETE
397,397,0.8531071750928492,2025-01-03 03:41:25.795384,2025-01-03 03:42:01.793097,0 days 00:00:35.997713,7,15,10.0,35.0,30.0,25.0,10.0,50.0,,,,6,2.0,2.0,2.0,6.0,3.0,3.0,,,,COMPLETE
398,398,0.8714527124001932,2025-01-03 03:42:01.793918,2025-01-03 03:42:37.729058,0 days 00:00:35.935140,7,20,15.0,40.0,45.0,40.0,10.0,55.0,,,,6,2.0,2.0,2.0,5.0,2.0,3.0,,,,COMPLETE
399,399,0.8856019252921965,2025-01-03 03:42:37.729841,2025-01-03 03:43:12.415118,0 days 00:00:34.685277,7,15,10.0,45.0,35.0,10.0,20.0,65.0,,,,3,2.0,2.0,2.0,2.0,2.0,3.0,,,,COMPLETE
400,400,0.858160507026352,2025-01-03 03:43:12.415786,2025-01-03 03:43:45.540512,0 days 00:00:33.124726,7,10,10.0,50.0,40.0,30.0,10.0,50.0,,,,6,2.0,2.0,2.0,6.0,2.0,4.0,,,,COMPLETE
401,401,0.8533276084743878,2025-01-03 03:43:45.541334,2025-01-03 03:44:07.743794,0 days 00:00:22.202460,7,20,15.0,50.0,35.0,10.0,5.0,55.0,,,,6,2.0,2.0,2.0,4.0,2.0,3.0,,,,COMPLETE
402,402,0.877660536797844,2025-01-03 03:44:07.744562,2025-01-03 03:44:45.975379,0 days 00:00:38.230817,7,15,40.0,45.0,40.0,80.0,15.0,50.0,,,,6,2.0,2.0,2.0,6.0,4.0,3.0,,,,COMPLETE
403,403,0.886974979525664,2025-01-03 03:44:45.976102,2025-01-03 03:45:08.426959,0 days 00:00:22.450857,3,10,10.0,50.0,,,,,,,,6,2.0,2.0,,,,,,,,COMPLETE
404,404,0.7818107643048793,2025-01-03 03:45:08.427684,2025-01-03 03:45:22.443859,0 days 00:00:14.016175,2,10,10.0,,,,,,,,,6,2.0,,,,,,,,,COMPLETE
405,405,0.8209814178343469,2025-01-03 03:45:22.444398,2025-01-03 03:45:42.447564,0 days 00:00:20.003166,3,10,10.0,50.0,,,,,,,,6,2.0,2.0,,,,,,,,COMPLETE
406,406,0.8559844329649755,2025-01-03 03:45:42.448209,2025-01-03 03:45:56.954620,0 days 00:00:14.506411,4,10,5.0,50.0,45.0,,,,,,,6,2.0,2.0,2.0,,,,,,,COMPLETE
407,407,0.7450986959496458,2025-01-03 03:45:56.955188,2025-01-03 03:46:11.460886,0 days 00:00:14.505698,3,10,15.0,45.0,,,,,,,,6,2.0,2.0,,,,,,,,COMPLETE
408,408,0.8859010716519986,2025-01-03 03:46:11.461416,2025-01-03 03:46:25.458829,0 days 00:00:13.997413,2,10,10.0,,,,,,,,,6,2.0,,,,,,,,,COMPLETE
409,409,0.8632410363067,2025-01-03 03:46:25.459343,2025-01-03 03:46:55.056839,0 days 00:00:29.597496,7,15,5.0,50.0,30.0,5.0,15.0,60.0,,,,6,2.0,2.0,2.0,5.0,2.0,4.0,,,,COMPLETE
410,410,0.8858519881364636,2025-01-03 03:46:55.057677,2025-01-03 03:47:09.055949,0 days 00:00:13.998272,3,10,10.0,45.0,,,,,,,,6,2.0,2.0,,,,,,,,COMPLETE
411,411,0.8690762313349095,2025-01-03 03:47:09.056602,2025-01-03 03:47:50.737424,0 days 00:00:41.680822,7,15,35.0,50.0,75.0,55.0,5.0,65.0,,,,6,4.0,2.0,2.0,6.0,3.0,3.0,,,,COMPLETE
412,412,0.8651575749951903,2025-01-03 03:47:50.738137,2025-01-03 03:48:05.487217,0 days 00:00:14.749080,3,15,15.0,55.0,,,,,,,,6,2.0,2.0,,,,,,,,COMPLETE
413,413,0.7759439201912701,2025-01-03 03:48:05.487912,2025-01-03 03:48:18.144269,0 days 00:00:12.656357,3,10,5.0,50.0,,,,,,,,6,2.0,2.0,,,,,,,,COMPLETE
414,414,0.7908996418234044,2025-01-03 03:48:18.144825,2025-01-03 03:48:35.560263,0 days 00:00:17.415438,3,15,15.0,50.0,,,,,,,,6,2.0,2.0,,,,,,,,COMPLETE
415,415,0.8694342953486843,2025-01-03 03:48:35.560881,2025-01-03 03:49:00.010780,0 days 00:00:24.449899,4,15,80.0,45.0,45.0,,,,,,,6,4.0,2.0,2.0,,,,,,,COMPLETE
416,416,0.8633595524994488,2025-01-03 03:49:00.011358,2025-01-03 03:49:37.740686,0 days 00:00:37.729328,7,10,10.0,40.0,40.0,10.0,10.0,55.0,,,,6,2.0,2.0,2.0,6.0,2.0,4.0,,,,COMPLETE
417,417,0.8943951407661608,2025-01-03 03:49:37.741308,2025-01-03 03:49:56.546056,0 days 00:00:18.804748,3,20,5.0,55.0,,,,,,,,6,2.0,2.0,,,,,,,,COMPLETE
418,418,0.8922778144719401,2025-01-03 03:49:56.546761,2025-01-03 03:50:11.227418,0 days 00:00:14.680657,3,30,5.0,55.0,,,,,,,,6,2.0,2.0,,,,,,,,COMPLETE
419,419,0.8876351937317799,2025-01-03 03:50:11.228098,2025-01-03 03:50:33.271984,0 days 00:00:22.043886,3,30,5.0,55.0,,,,,,,,6,5.0,2.0,,,,,,,,COMPLETE
420,420,0.7979222306731449,2025-01-03 03:50:33.272588,2025-01-03 03:50:57.286116,0 days 00:00:24.013528,3,35,5.0,55.0,,,,,,,,6,5.0,2.0,,,,,,,,COMPLETE
421,421,0.871392177096709,2025-01-03 03:50:57.286711,2025-01-03 03:51:21.933174,0 days 00:00:24.646463,3,30,5.0,55.0,,,,,,,,4,5.0,2.0,,,,,,,,COMPLETE
422,422,0.8416491315260141,2025-01-03 03:51:21.933879,2025-01-03 03:51:44.522230,0 days 00:00:22.588351,3,30,10.0,55.0,,,,,,,,6,6.0,2.0,,,,,,,,COMPLETE
423,423,0.7985169989599189,2025-01-03 03:51:44.522935,2025-01-03 03:52:04.084456,0 days 00:00:19.561521,3,25,5.0,60.0,,,,,,,,6,4.0,2.0,,,,,,,,COMPLETE
424,424,0.8061522300698079,2025-01-03 03:52:04.085058,2025-01-03 03:52:27.845112,0 days 00:00:23.760054,3,30,10.0,55.0,,,,,,,,6,5.0,2.0,,,,,,,,COMPLETE
425,425,0.7618999963791584,2025-01-03 03:52:27.845718,2025-01-03 03:52:50.485173,0 days 00:00:22.639455,3,25,5.0,55.0,,,,,,,,6,5.0,2.0,,,,,,,,COMPLETE
426,426,0.8439245299920977,2025-01-03 03:52:50.485903,2025-01-03 03:53:14.513690,0 days 00:00:24.027787,3,35,10.0,60.0,,,,,,,,6,6.0,2.0,,,,,,,,COMPLETE
427,427,0.8225134997871818,2025-01-03 03:53:14.514403,2025-01-03 03:53:30.311978,0 days 00:00:15.797575,3,25,15.0,60.0,,,,,,,,6,2.0,2.0,,,,,,,,COMPLETE
428,428,0.858946276561839,2025-01-03 03:53:30.312551,2025-01-03 03:53:54.027539,0 days 00:00:23.714988,3,35,5.0,55.0,,,,,,,,6,4.0,3.0,,,,,,,,COMPLETE
429,429,0.8898723270476867,2025-01-03 03:53:54.028178,2025-01-03 03:54:10.932995,0 days 00:00:16.904817,3,25,10.0,55.0,,,,,,,,6,2.0,2.0,,,,,,,,COMPLETE
430,430,0.8319182704912749,2025-01-03 03:54:10.933565,2025-01-03 03:54:25.300740,0 days 00:00:14.367175,3,25,10.0,55.0,,,,,,,,6,2.0,2.0,,,,,,,,COMPLETE
431,431,0.8180995760199241,2025-01-03 03:54:25.301442,2025-01-03 03:54:41.517555,0 days 00:00:16.216113,3,30,15.0,65.0,,,,,,,,6,2.0,2.0,,,,,,,,COMPLETE
432,432,0.8504077448484186,2025-01-03 03:54:41.518205,2025-01-03 03:54:59.760420,0 days 00:00:18.242215,3,30,10.0,55.0,,,,,,,,6,2.0,2.0,,,,,,,,COMPLETE
433,433,0.8598327549192905,2025-01-03 03:54:59.760961,2025-01-03 03:55:16.950121,0 days 00:00:17.189160,3,30,15.0,55.0,,,,,,,,6,2.0,2.0,,,,,,,,COMPLETE
434,434,0.8613104352080467,2025-01-03 03:55:16.950678,2025-01-03 03:55:34.698977,0 days 00:00:17.748299,3,30,10.0,50.0,,,,,,,,6,2.0,2.0,,,,,,,,COMPLETE
435,435,0.8593068698415579,2025-01-03 03:55:34.699516,2025-01-03 03:55:48.147064,0 days 00:00:13.447548,3,25,20.0,55.0,,,,,,,,6,2.0,2.0,,,,,,,,COMPLETE
436,436,0.8024325066251166,2025-01-03 03:55:48.147606,2025-01-03 03:56:13.878369,0 days 00:00:25.730763,3,25,50.0,60.0,,,,,,,,6,5.0,2.0,,,,,,,,COMPLETE
437,437,0.8747287690495485,2025-01-03 03:56:13.879158,2025-01-03 03:56:43.271452,0 days 00:00:29.392294,3,25,75.0,55.0,,,,,,,,6,4.0,2.0,,,,,,,,COMPLETE
438,438,0.791083132592074,2025-01-03 03:56:43.272035,2025-01-03 03:56:59.753772,0 days 00:00:16.481737,3,25,15.0,50.0,,,,,,,,6,2.0,2.0,,,,,,,,COMPLETE
439,439,0.7512132406325411,2025-01-03 03:56:59.754322,2025-01-03 03:57:13.460847,0 days 00:00:13.706525,2,10,10.0,,,,,,,,,6,2.0,,,,,,,,,COMPLETE
440,440,0.8762932724049443,2025-01-03 03:57:13.461371,2025-01-03 03:57:44.022537,0 days 00:00:30.561166,4,60,10.0,50.0,30.0,,,,,,,4,2.0,2.0,3.0,,,,,,,COMPLETE
441,441,0.855460560746881,2025-01-03 03:57:44.023349,2025-01-03 03:58:00.708474,0 days 00:00:16.685125,3,30,15.0,55.0,,,,,,,,6,2.0,2.0,,,,,,,,COMPLETE
442,442,0.845911652285756,2025-01-03 03:58:00.709020,2025-01-03 03:58:26.456830,0 days 00:00:25.747810,3,35,85.0,60.0,,,,,,,,6,2.0,2.0,,,,,,,,COMPLETE
443,443,0.8462450532611151,2025-01-03 03:58:26.457380,2025-01-03 03:58:45.370226,0 days 00:00:18.912846,3,15,10.0,50.0,,,,,,,,6,2.0,2.0,,,,,,,,COMPLETE
444,444,0.8625296108066074,2025-01-03 03:58:45.370920,2025-01-03 03:59:16.874238,0 days 00:00:31.503318,3,40,15.0,55.0,,,,,,,,6,2.0,4.0,,,,,,,,COMPLETE
445,445,0.8287431629811081,2025-01-03 03:59:16.874899,2025-01-03 03:59:31.138589,0 days 00:00:14.263690,3,5,20.0,50.0,,,,,,,,6,2.0,2.0,,,,,,,,COMPLETE
446,446,0.862191259569814,2025-01-03 03:59:31.139146,2025-01-03 04:00:12.506224,0 days 00:00:41.367078,7,10,10.0,55.0,5.0,50.0,20.0,70.0,,,,6,6.0,2.0,2.0,5.0,5.0,3.0,,,,COMPLETE
447,447,0.8615883328858543,2025-01-03 04:00:12.507026,2025-01-03 04:00:25.917965,0 days 00:00:13.410939,2,25,20.0,,,,,,,,,3,2.0,,,,,,,,,COMPLETE
448,448,0.7829506312291981,2025-01-03 04:00:25.918528,2025-01-03 04:00:47.742114,0 days 00:00:21.823586,4,10,35.0,50.0,45.0,,,,,,,6,2.0,2.0,2.0,,,,,,,COMPLETE
449,449,0.8667919563904705,2025-01-03 04:00:47.742828,2025-01-03 04:01:27.722612,0 days 00:00:39.979784,7,15,5.0,60.0,80.0,40.0,15.0,75.0,,,,6,4.0,2.0,3.0,3.0,2.0,3.0,,,,COMPLETE
450,450,0.865516845439029,2025-01-03 04:01:27.723442,2025-01-03 04:02:27.176902,0 days 00:00:59.453460,7,55,15.0,55.0,75.0,40.0,90.0,65.0,,,,6,2.0,2.0,2.0,2.0,5.0,3.0,,,,COMPLETE
451,451,0.8388841825278623,2025-01-03 04:02:27.177651,2025-01-03 04:03:10.905924,0 days 00:00:43.728273,7,15,70.0,55.0,30.0,35.0,10.0,70.0,,,,6,2.0,2.0,2.0,5.0,2.0,6.0,,,,COMPLETE
452,452,0.8774788267463054,2025-01-03 04:03:10.906876,2025-01-03 04:03:24.507117,0 days 00:00:13.600241,3,25,10.0,50.0,,,,,,,,6,2.0,2.0,,,,,,,,COMPLETE
453,453,0.8247166483994535,2025-01-03 04:03:24.507671,2025-01-03 04:03:56.541313,0 days 00:00:32.033642,7,15,5.0,35.0,30.0,15.0,80.0,80.0,,,,6,2.0,2.0,2.0,4.0,4.0,3.0,,,,COMPLETE
454,454,0.8722197281832998,2025-01-03 04:03:56.542027,2025-01-03 04:04:13.024166,0 days 00:00:16.482139,3,20,15.0,40.0,,,,,,,,6,2.0,2.0,,,,,,,,COMPLETE
455,455,0.8900144283397549,2025-01-03 04:04:13.024732,2025-01-03 04:04:45.921664,0 days 00:00:32.896932,7,15,5.0,55.0,70.0,30.0,20.0,65.0,,,,6,2.0,2.0,2.0,5.0,2.0,3.0,,,,COMPLETE
456,456,0.8531188265212338,2025-01-03 04:04:45.922555,2025-01-03 04:05:33.566465,0 days 00:00:47.643910,7,20,5.0,65.0,70.0,30.0,20.0,65.0,,,,3,2.0,2.0,2.0,5.0,2.0,3.0,,,,COMPLETE
457,457,0.8779810415052207,2025-01-03 04:05:33.567106,2025-01-03 04:06:28.294959,0 days 00:00:54.727853,7,45,5.0,60.0,70.0,35.0,20.0,70.0,,,,2,2.0,4.0,2.0,5.0,2.0,3.0,,,,COMPLETE
458,458,0.8160000236771385,2025-01-03 04:06:28.295850,2025-01-03 04:07:01.287907,0 days 00:00:32.992057,7,20,5.0,55.0,75.0,30.0,15.0,60.0,,,,6,2.0,2.0,2.0,4.0,2.0,3.0,,,,COMPLETE
459,459,0.8871954222868816,2025-01-03 04:07:01.288688,2025-01-03 04:07:36.561688,0 days 00:00:35.273000,7,15,5.0,55.0,70.0,30.0,25.0,65.0,,,,6,2.0,2.0,2.0,5.0,2.0,3.0,,,,COMPLETE
460,460,0.8921759799338472,2025-01-03 04:07:36.562464,2025-01-03 04:08:03.666670,0 days 00:00:27.104206,7,15,5.0,55.0,70.0,25.0,15.0,70.0,,,,6,2.0,2.0,2.0,5.0,2.0,3.0,,,,COMPLETE
461,461,0.877033955793296,2025-01-03 04:08:03.667312,2025-01-03 04:08:31.889694,0 days 00:00:28.222382,7,15,5.0,60.0,70.0,25.0,15.0,70.0,,,,6,2.0,2.0,2.0,5.0,2.0,3.0,,,,COMPLETE
462,462,0.8477277074009377,2025-01-03 04:08:31.890503,2025-01-03 04:09:09.189830,0 days 00:00:37.299327,7,15,5.0,55.0,70.0,35.0,25.0,75.0,,,,6,2.0,2.0,2.0,5.0,2.0,3.0,,,,COMPLETE
463,463,0.8604595328844776,2025-01-03 04:09:09.190621,2025-01-03 04:09:43.352398,0 days 00:00:34.161777,7,15,5.0,25.0,75.0,30.0,20.0,65.0,,,,6,2.0,3.0,2.0,5.0,2.0,3.0,,,,COMPLETE
464,464,0.8717003040050696,2025-01-03 04:09:43.353142,2025-01-03 04:10:30.374018,0 days 00:00:47.020876,7,40,5.0,55.0,70.0,30.0,25.0,70.0,,,,6,4.0,2.0,2.0,5.0,2.0,3.0,,,,COMPLETE
465,465,0.8188442117650376,2025-01-03 04:10:30.374988,2025-01-03 04:11:02.542163,0 days 00:00:32.167175,7,15,5.0,60.0,70.0,25.0,20.0,65.0,,,,6,5.0,2.0,2.0,5.0,2.0,3.0,,,,COMPLETE
466,466,0.8668850595344941,2025-01-03 04:11:02.542863,2025-01-03 04:11:31.950225,0 days 00:00:29.407362,7,15,5.0,55.0,75.0,25.0,25.0,70.0,,,,6,2.0,2.0,2.0,5.0,2.0,3.0,,,,COMPLETE
467,467,0.8482593427279215,2025-01-03 04:11:31.951074,2025-01-03 04:12:04.572958,0 days 00:00:32.621884,7,15,5.0,60.0,80.0,30.0,20.0,65.0,,,,6,2.0,2.0,2.0,5.0,2.0,3.0,,,,COMPLETE
468,468,0.8799835911204781,2025-01-03 04:12:04.573758,2025-01-03 04:12:38.723330,0 days 00:00:34.149572,7,30,5.0,55.0,70.0,25.0,25.0,65.0,,,,6,2.0,2.0,2.0,5.0,2.0,3.0,,,,COMPLETE
469,469,0.8553843427039948,2025-01-03 04:12:38.724068,2025-01-03 04:13:14.406116,0 days 00:00:35.682048,7,10,5.0,55.0,65.0,30.0,30.0,70.0,,,,6,2.0,2.0,2.0,5.0,2.0,3.0,,,,COMPLETE
470,470,0.7126360791046096,2025-01-03 04:13:14.406933,2025-01-03 04:13:44.283430,0 days 00:00:29.876497,7,15,10.0,60.0,65.0,30.0,15.0,60.0,,,,6,2.0,2.0,2.0,5.0,2.0,3.0,,,,COMPLETE
471,471,0.8432572678951105,2025-01-03 04:13:44.284260,2025-01-03 04:14:15.724055,0 days 00:00:31.439795,7,15,5.0,85.0,70.0,25.0,15.0,60.0,,,,6,2.0,2.0,2.0,5.0,2.0,3.0,,,,COMPLETE
472,472,0.8682803620135718,2025-01-03 04:14:15.724755,2025-01-03 04:14:51.327999,0 days 00:00:35.603244,4,75,10.0,55.0,75.0,,,,,,,4,2.0,2.0,2.0,,,,,,,COMPLETE
473,473,0.8809642005900689,2025-01-03 04:14:51.328855,2025-01-03 04:15:02.401770,0 days 00:00:11.072915,1,15,,,,,,,,,,6,,,,,,,,,,COMPLETE
474,474,0.8574568026049736,2025-01-03 04:15:02.402293,2025-01-03 04:15:30.872184,0 days 00:00:28.469891,7,15,5.0,30.0,70.0,25.0,20.0,75.0,,,,6,2.0,2.0,2.0,5.0,2.0,3.0,,,,COMPLETE
475,475,0.8410474655825577,2025-01-03 04:15:30.872912,2025-01-03 04:16:04.694376,0 days 00:00:33.821464,7,15,5.0,55.0,75.0,35.0,15.0,70.0,,,,6,3.0,2.0,2.0,5.0,2.0,3.0,,,,COMPLETE
476,476,0.8548157858840766,2025-01-03 04:16:04.695267,2025-01-03 04:16:41.006232,0 days 00:00:36.310965,7,10,10.0,40.0,65.0,20.0,10.0,65.0,,,,6,6.0,2.0,5.0,4.0,2.0,3.0,,,,COMPLETE
477,477,0.8817691725989985,2025-01-03 04:16:41.007059,2025-01-03 04:17:11.885298,0 days 00:00:30.878239,7,15,5.0,55.0,65.0,35.0,10.0,60.0,,,,6,2.0,2.0,2.0,5.0,2.0,6.0,,,,COMPLETE
478,478,0.8902572289753624,2025-01-03 04:17:11.886010,2025-01-03 04:17:48.611811,0 days 00:00:36.725801,7,15,10.0,35.0,70.0,30.0,20.0,80.0,,,,6,2.0,2.0,2.0,5.0,2.0,3.0,,,,COMPLETE
479,479,0.8921375737452417,2025-01-03 04:17:48.612798,2025-01-03 04:18:29.301806,0 days 00:00:40.689008,7,15,10.0,35.0,75.0,30.0,25.0,85.0,,,,6,2.0,2.0,2.0,5.0,2.0,3.0,,,,COMPLETE
480,480,0.8638510372337067,2025-01-03 04:18:29.302546,2025-01-03 04:19:07.666956,0 days 00:00:38.364410,7,10,10.0,30.0,75.0,30.0,25.0,80.0,,,,6,3.0,2.0,2.0,5.0,2.0,3.0,,,,COMPLETE
481,481,0.8599475905837437,2025-01-03 04:19:07.667832,2025-01-03 04:19:37.856429,0 days 00:00:30.188597,7,15,10.0,30.0,80.0,30.0,25.0,85.0,,,,6,2.0,2.0,2.0,5.0,2.0,3.0,,,,COMPLETE
482,482,0.8862572172761471,2025-01-03 04:19:37.857223,2025-01-03 04:20:06.413570,0 days 00:00:28.556347,7,10,10.0,40.0,85.0,30.0,25.0,80.0,,,,6,2.0,2.0,2.0,5.0,2.0,3.0,,,,COMPLETE
483,483,0.8931836308660588,2025-01-03 04:20:06.414283,2025-01-03 04:20:42.188261,0 days 00:00:35.773978,7,15,5.0,35.0,75.0,35.0,20.0,85.0,,,,6,3.0,2.0,2.0,5.0,2.0,3.0,,,,COMPLETE
484,484,0.8484453402836791,2025-01-03 04:20:42.189217,2025-01-03 04:21:20.748049,0 days 00:00:38.558832,7,15,10.0,40.0,80.0,35.0,20.0,85.0,,,,6,3.0,2.0,2.0,5.0,2.0,3.0,,,,COMPLETE
485,485,0.845027911109377,2025-01-03 04:21:20.748737,2025-01-03 04:21:55.522266,0 days 00:00:34.773529,7,10,5.0,35.0,75.0,35.0,20.0,85.0,,,,6,3.0,2.0,2.0,5.0,2.0,3.0,,,,COMPLETE
486,486,0.824582553219396,2025-01-03 04:21:55.522992,2025-01-03 04:22:28.516483,0 days 00:00:32.993491,7,15,10.0,35.0,80.0,25.0,20.0,90.0,,,,6,3.0,2.0,2.0,5.0,2.0,3.0,,,,COMPLETE
487,487,0.8183947603642518,2025-01-03 04:22:28.517461,2025-01-03 04:22:56.446232,0 days 00:00:27.928771,7,15,10.0,30.0,75.0,30.0,15.0,85.0,,,,6,3.0,2.0,2.0,5.0,2.0,3.0,,,,COMPLETE
488,488,0.8864523441331063,2025-01-03 04:22:56.446971,2025-01-03 04:23:26.876479,0 days 00:00:30.429508,7,10,5.0,35.0,75.0,35.0,15.0,80.0,,,,6,3.0,2.0,2.0,5.0,2.0,3.0,,,,COMPLETE
489,489,0.8647550755879064,2025-01-03 04:23:26.877194,2025-01-03 04:24:10.933955,0 days 00:00:44.056761,7,15,75.0,40.0,80.0,25.0,20.0,90.0,,,,6,3.0,2.0,2.0,5.0,2.0,3.0,,,,COMPLETE
490,490,0.8820149174233854,2025-01-03 04:24:10.934965,2025-01-03 04:24:48.985062,0 days 00:00:38.050097,7,15,5.0,40.0,75.0,40.0,85.0,75.0,,,,6,3.0,2.0,2.0,5.0,2.0,3.0,,,,COMPLETE
491,491,0.8482880568140209,2025-01-03 04:24:48.985764,2025-01-03 04:25:19.782857,0 days 00:00:30.797093,7,20,10.0,35.0,100.0,30.0,20.0,85.0,,,,6,3.0,2.0,2.0,5.0,2.0,3.0,,,,COMPLETE
492,492,0.8473291395275474,2025-01-03 04:25:19.783865,2025-01-03 04:25:48.856925,0 days 00:00:29.073060,7,10,5.0,35.0,70.0,35.0,15.0,80.0,,,,6,3.0,4.0,2.0,5.0,2.0,3.0,,,,COMPLETE
493,493,0.8725225330406763,2025-01-03 04:25:48.857662,2025-01-03 04:26:03.529850,0 days 00:00:14.672188,2,15,45.0,,,,,,,,,6,3.0,,,,,,,,,COMPLETE
494,494,0.8301139661483009,2025-01-03 04:26:03.530430,2025-01-03 04:26:19.273297,0 days 00:00:15.742867,3,15,10.0,35.0,,,,,,,,6,3.0,2.0,,,,,,,,COMPLETE
495,495,0.8665799487076071,2025-01-03 04:26:19.273911,2025-01-03 04:26:52.891250,0 days 00:00:33.617339,7,10,20.0,35.0,90.0,20.0,30.0,80.0,,,,6,3.0,2.0,2.0,5.0,2.0,2.0,,,,COMPLETE
496,496,0.8757400407629847,2025-01-03 04:26:52.892215,2025-01-03 04:27:42.014668,0 days 00:00:49.122453,7,15,80.0,35.0,70.0,30.0,5.0,75.0,,,,6,4.0,6.0,2.0,5.0,2.0,3.0,,,,COMPLETE
497,497,0.8845972356623453,2025-01-03 04:27:42.015421,2025-01-03 04:28:06.161146,0 days 00:00:24.145725,7,20,10.0,30.0,75.0,35.0,20.0,80.0,,,,6,3.0,2.0,2.0,3.0,2.0,3.0,,,,COMPLETE
498,498,0.8611042780748663,2025-01-03 04:28:06.162031,2025-01-03 04:28:44.381950,0 days 00:00:38.219919,7,20,5.0,35.0,70.0,25.0,15.0,90.0,,,,6,4.0,2.0,3.0,5.0,2.0,3.0,,,,COMPLETE
499,499,0.7141100308681168,2025-01-03 04:28:44.382803,2025-01-03 04:28:59.597027,0 days 00:00:15.214224,3,10,15.0,40.0,,,,,,,,6,2.0,2.0,,,,,,,,COMPLETE
500,500,0.876607135432087,2025-01-03 04:28:59.597640,2025-01-03 04:29:45.909522,0 days 00:00:46.311882,7,35,5.0,35.0,45.0,35.0,95.0,85.0,,,,6,5.0,2.0,2.0,5.0,2.0,2.0,,,,COMPLETE
501,501,0.8732425420477818,2025-01-03 04:29:45.910498,2025-01-03 04:30:40.123944,0 days 00:00:54.213446,7,20,50.0,40.0,80.0,40.0,10.0,75.0,,,,3,3.0,2.0,2.0,4.0,2.0,3.0,,,,COMPLETE
502,502,0.8805458902533136,2025-01-03 04:30:40.124627,2025-01-03 04:30:56.988590,0 days 00:00:16.863963,3,15,10.0,35.0,,,,,,,,6,2.0,2.0,,,,,,,,COMPLETE
503,503,0.8722013370215597,2025-01-03 04:30:56.989415,2025-01-03 04:31:42.966166,0 days 00:00:45.976751,7,10,5.0,40.0,75.0,25.0,10.0,90.0,,,,4,2.0,2.0,2.0,5.0,2.0,3.0,,,,COMPLETE
504,504,0.8468700452215441,2025-01-03 04:31:42.966820,2025-01-03 04:32:19.207997,0 days 00:00:36.241177,7,15,40.0,30.0,50.0,30.0,25.0,85.0,,,,6,2.0,2.0,2.0,5.0,2.0,2.0,,,,COMPLETE
505,505,0.8616682706526547,2025-01-03 04:32:19.208851,2025-01-03 04:33:00.746270,0 days 00:00:41.537419,7,15,70.0,45.0,70.0,20.0,15.0,30.0,,,,6,3.0,2.0,2.0,5.0,2.0,3.0,,,,COMPLETE
506,506,0.8821180732925292,2025-01-03 04:33:00.747039,2025-01-03 04:33:18.565966,0 days 00:00:17.818927,3,20,15.0,35.0,,,,,,,,6,2.0,2.0,,,,,,,,COMPLETE
507,507,0.8681915830857433,2025-01-03 04:33:18.566564,2025-01-03 04:34:07.867605,0 days 00:00:49.301041,7,15,10.0,25.0,75.0,45.0,20.0,80.0,,,,4,2.0,3.0,2.0,3.0,4.0,3.0,,,,COMPLETE
508,508,0.8085446711364765,2025-01-03 04:34:07.868555,2025-01-03 04:34:34.416681,0 days 00:00:26.548126,3,5,5.0,45.0,,,,,,,,6,3.0,6.0,,,,,,,,COMPLETE
509,509,0.7972614928567339,2025-01-03 04:34:34.417347,2025-01-03 04:35:07.207937,0 days 00:00:32.790590,7,15,10.0,60.0,70.0,30.0,10.0,35.0,,,,6,2.0,2.0,5.0,5.0,2.0,3.0,,,,COMPLETE
510,510,0.8335538424307267,2025-01-03 04:35:07.208658,2025-01-03 04:35:35.021043,0 days 00:00:27.812385,7,10,5.0,30.0,30.0,25.0,20.0,75.0,,,,6,2.0,2.0,2.0,5.0,2.0,3.0,,,,COMPLETE
511,511,0.8538987386645077,2025-01-03 04:35:35.021932,2025-01-03 04:36:18.300694,0 days 00:00:43.278762,7,20,15.0,40.0,85.0,40.0,5.0,85.0,,,,6,3.0,2.0,4.0,5.0,2.0,2.0,,,,COMPLETE
512,512,0.8961718026109275,2025-01-03 04:36:18.301519,2025-01-03 04:36:38.801893,0 days 00:00:20.500374,4,15,10.0,45.0,45.0,,,,,,,6,2.0,2.0,2.0,,,,,,,COMPLETE
513,513,0.8898124273205856,2025-01-03 04:36:38.802462,2025-01-03 04:36:58.264161,0 days 00:00:19.461699,4,10,10.0,45.0,45.0,,,,,,,6,2.0,2.0,2.0,,,,,,,COMPLETE
514,514,0.8742503757168685,2025-01-03 04:36:58.264958,2025-01-03 04:37:20.316034,0 days 00:00:22.051076,4,5,10.0,45.0,45.0,,,,,,,6,2.0,2.0,2.0,,,,,,,COMPLETE
515,515,0.8625837903717246,2025-01-03 04:37:20.316578,2025-01-03 04:37:36.350711,0 days 00:00:16.034133,4,10,10.0,45.0,50.0,,,,,,,6,2.0,2.0,2.0,,,,,,,COMPLETE
516,516,0.800232797366975,2025-01-03 04:37:36.351254,2025-01-03 04:37:58.671153,0 days 00:00:22.319899,4,10,15.0,45.0,45.0,,,,,,,6,2.0,4.0,2.0,,,,,,,COMPLETE
517,517,0.8149584285256737,2025-01-03 04:37:58.671692,2025-01-03 04:38:20.263173,0 days 00:00:21.591481,4,10,10.0,45.0,45.0,,,,,,,3,2.0,2.0,2.0,,,,,,,COMPLETE
518,518,0.8304288824743633,2025-01-03 04:38:20.263885,2025-01-03 04:38:41.612857,0 days 00:00:21.348972,4,5,15.0,45.0,40.0,,,,,,,2,2.0,6.0,2.0,,,,,,,COMPLETE
519,519,0.8736229661881845,2025-01-03 04:38:41.613509,2025-01-03 04:39:09.514787,0 days 00:00:27.901278,4,65,10.0,40.0,50.0,,,,,,,6,2.0,2.0,2.0,,,,,,,COMPLETE
520,520,0.8628795099841746,2025-01-03 04:39:09.515344,2025-01-03 04:39:30.872694,0 days 00:00:21.357350,7,10,10.0,45.0,45.0,35.0,15.0,35.0,,,,6,2.0,2.0,2.0,5.0,2.0,2.0,,,,COMPLETE
521,521,0.8368670343147785,2025-01-03 04:39:30.873327,2025-01-03 04:39:45.409456,0 days 00:00:14.536129,2,15,15.0,,,,,,,,,6,2.0,,,,,,,,,COMPLETE
522,522,0.8903439987655382,2025-01-03 04:39:45.410174,2025-01-03 04:40:02.151799,0 days 00:00:16.741625,4,15,10.0,45.0,45.0,,,,,,,6,2.0,2.0,2.0,,,,,,,COMPLETE
523,523,0.7905894157775955,2025-01-03 04:40:02.152487,2025-01-03 04:40:19.533646,0 days 00:00:17.381159,4,10,15.0,40.0,45.0,,,,,,,6,2.0,2.0,2.0,,,,,,,COMPLETE
524,524,0.8368608181065225,2025-01-03 04:40:19.534212,2025-01-03 04:40:36.892483,0 days 00:00:17.358271,4,15,10.0,65.0,45.0,,,,,,,6,2.0,2.0,2.0,,,,,,,COMPLETE
525,525,0.7216122948424889,2025-01-03 04:40:36.893060,2025-01-03 04:40:55.678361,0 days 00:00:18.785301,4,20,10.0,45.0,50.0,,,,,,,6,2.0,2.0,2.0,,,,,,,COMPLETE
526,526,0.8459833773403618,2025-01-03 04:40:55.678919,2025-01-03 04:41:13.347395,0 days 00:00:17.668476,4,15,10.0,40.0,45.0,,,,,,,6,2.0,2.0,2.0,,,,,,,COMPLETE
527,527,0.8771770648795278,2025-01-03 04:41:13.348114,2025-01-03 04:41:48.306046,0 days 00:00:34.957932,4,85,15.0,60.0,50.0,,,,,,,6,2.0,6.0,2.0,,,,,,,COMPLETE
528,528,0.8370341010794717,2025-01-03 04:41:48.306716,2025-01-03 04:42:03.589888,0 days 00:00:15.283172,4,10,10.0,45.0,45.0,,,,,,,6,2.0,2.0,2.0,,,,,,,COMPLETE
529,529,0.8625058496999851,2025-01-03 04:42:03.590432,2025-01-03 04:42:25.316686,0 days 00:00:21.726254,4,15,15.0,45.0,40.0,,,,,,,6,2.0,2.0,2.0,,,,,,,COMPLETE
530,530,0.8902545394936716,2025-01-03 04:42:25.317440,2025-01-03 04:42:55.266325,0 days 00:00:29.948885,8,15,10.0,40.0,40.0,20.0,25.0,10.0,5.0,,,6,2.0,2.0,2.0,4.0,2.0,3.0,3.0,,,COMPLETE
531,531,0.8849693099774731,2025-01-03 04:42:55.267084,2025-01-03 04:43:20.333981,0 days 00:00:25.066897,7,20,10.0,35.0,40.0,20.0,30.0,15.0,,,,6,2.0,2.0,2.0,4.0,2.0,3.0,,,,COMPLETE
532,532,0.8830352947519937,2025-01-03 04:43:20.334673,2025-01-03 04:44:01.410370,0 days 00:00:41.075697,8,10,45.0,40.0,45.0,20.0,30.0,10.0,5.0,,,6,2.0,2.0,2.0,4.0,2.0,3.0,3.0,,,COMPLETE
533,533,0.8626663729138326,2025-01-03 04:44:01.411269,2025-01-03 04:44:36.669942,0 days 00:00:35.258673,8,15,10.0,40.0,40.0,20.0,20.0,45.0,15.0,,,6,2.0,2.0,2.0,4.0,2.0,3.0,3.0,,,COMPLETE
534,534,0.8476387864393298,2025-01-03 04:44:36.670742,2025-01-03 04:45:07.296355,0 days 00:00:30.625613,8,15,10.0,40.0,50.0,25.0,25.0,5.0,25.0,,,6,2.0,2.0,2.0,2.0,2.0,3.0,3.0,,,COMPLETE
535,535,0.8492096820333022,2025-01-03 04:45:07.297033,2025-01-03 04:45:31.804236,0 days 00:00:24.507203,7,10,10.0,40.0,45.0,25.0,25.0,20.0,,,,6,2.0,2.0,2.0,3.0,2.0,3.0,,,,COMPLETE
536,536,0.8532081485587584,2025-01-03 04:45:31.805053,2025-01-03 04:46:02.195315,0 days 00:00:30.390262,7,20,10.0,35.0,40.0,30.0,25.0,40.0,,,,6,2.0,2.0,2.0,3.0,2.0,3.0,,,,COMPLETE
537,537,0.8081866893557396,2025-01-03 04:46:02.196073,2025-01-03 04:46:23.306582,0 days 00:00:21.110509,7,5,10.0,45.0,55.0,20.0,15.0,5.0,,,,6,2.0,2.0,2.0,4.0,4.0,3.0,,,,COMPLETE
538,538,0.8275540186690982,2025-01-03 04:46:23.307269,2025-01-03 04:46:53.518848,0 days 00:00:30.211579,7,10,15.0,40.0,40.0,25.0,20.0,45.0,,,,6,2.0,2.0,2.0,5.0,2.0,3.0,,,,COMPLETE
539,539,0.884668692964703,2025-01-03 04:46:53.519706,2025-01-03 04:47:19.775018,0 days 00:00:26.255312,8,15,10.0,35.0,45.0,45.0,30.0,45.0,10.0,,,6,2.0,2.0,2.0,5.0,2.0,3.0,3.0,,,COMPLETE
540,540,0.8418822227102909,2025-01-03 04:47:19.775825,2025-01-03 04:47:51.679849,0 days 00:00:31.904024,7,20,15.0,45.0,50.0,40.0,25.0,10.0,,,,6,2.0,4.0,2.0,4.0,2.0,3.0,,,,COMPLETE
541,541,0.8345683474490655,2025-01-03 04:47:51.680551,2025-01-03 04:48:20.263176,0 days 00:00:28.582625,7,15,40.0,50.0,45.0,30.0,10.0,50.0,,,,6,2.0,2.0,2.0,5.0,2.0,2.0,,,,COMPLETE
542,542,0.8888667239104664,2025-01-03 04:48:20.263855,2025-01-03 04:48:46.546539,0 days 00:00:26.282684,8,10,10.0,45.0,40.0,20.0,20.0,50.0,20.0,,,6,2.0,2.0,2.0,3.0,2.0,3.0,3.0,,,COMPLETE
543,543,0.8680723027254298,2025-01-03 04:48:46.547424,2025-01-03 04:49:13.448014,0 days 00:00:26.900590,8,5,10.0,45.0,40.0,20.0,20.0,50.0,20.0,,,6,2.0,2.0,2.0,3.0,2.0,3.0,3.0,,,COMPLETE
544,544,0.8299068505791014,2025-01-03 04:49:13.448820,2025-01-03 04:49:39.753322,0 days 00:00:26.304502,7,10,15.0,45.0,40.0,20.0,15.0,45.0,,,,6,2.0,2.0,2.0,3.0,2.0,3.0,,,,COMPLETE
545,545,0.807327316644213,2025-01-03 04:49:39.753996,2025-01-03 04:50:05.008191,0 days 00:00:25.254195,8,5,10.0,45.0,40.0,25.0,20.0,50.0,10.0,,,6,2.0,2.0,2.0,3.0,2.0,3.0,3.0,,,COMPLETE
546,546,0.8206969891308924,2025-01-03 04:50:05.009050,2025-01-03 04:50:36.299382,0 days 00:00:31.290332,8,10,10.0,40.0,40.0,20.0,25.0,50.0,15.0,,,6,2.0,2.0,2.0,3.0,2.0,3.0,3.0,,,COMPLETE
547,547,0.8373900739396125,2025-01-03 04:50:36.300166,2025-01-03 04:51:07.164940,0 days 00:00:30.864774,8,10,15.0,50.0,45.0,25.0,20.0,55.0,25.0,,,6,2.0,3.0,2.0,3.0,2.0,3.0,3.0,,,COMPLETE
548,548,0.8406201807678574,2025-01-03 04:51:07.165663,2025-01-03 04:51:28.768528,0 days 00:00:21.602865,7,10,10.0,45.0,40.0,20.0,15.0,40.0,,,,6,2.0,2.0,2.0,3.0,2.0,3.0,,,,COMPLETE
549,549,0.8517572362146724,2025-01-03 04:51:28.769185,2025-01-03 04:52:05.972271,0 days 00:00:37.203086,8,10,5.0,20.0,45.0,35.0,25.0,45.0,5.0,,,6,2.0,6.0,2.0,3.0,2.0,3.0,3.0,,,COMPLETE
550,550,0.8147491682063503,2025-01-03 04:52:05.973261,2025-01-03 04:52:38.180823,0 days 00:00:32.207562,7,20,10.0,30.0,40.0,15.0,15.0,50.0,,,,6,2.0,2.0,2.0,3.0,2.0,3.0,,,,COMPLETE
551,551,0.8476444544582105,2025-01-03 04:52:38.181534,2025-01-03 04:53:05.947543,0 days 00:00:27.766009,7,15,90.0,50.0,5.0,30.0,20.0,45.0,,,,6,2.0,2.0,2.0,3.0,4.0,3.0,,,,COMPLETE
552,552,0.8559773137033384,2025-01-03 04:53:05.948398,2025-01-03 04:53:29.436960,0 days 00:00:23.488562,3,50,10.0,40.0,,,,,,,,6,2.0,2.0,,,,,,,,COMPLETE
553,553,0.8773170632993363,2025-01-03 04:53:29.437621,2025-01-03 04:53:54.472009,0 days 00:00:25.034388,7,10,15.0,45.0,55.0,30.0,10.0,55.0,,,,6,2.0,2.0,2.0,4.0,2.0,3.0,,,,COMPLETE
554,554,0.8559217760872202,2025-01-03 04:53:54.472703,2025-01-03 04:54:13.778531,0 days 00:00:19.305828,4,5,5.0,50.0,50.0,,,,,,,6,2.0,2.0,2.0,,,,,,,COMPLETE
555,555,0.8821650606865253,2025-01-03 04:54:13.779117,2025-01-03 04:54:43.920451,0 days 00:00:30.141334,7,15,10.0,45.0,45.0,35.0,5.0,45.0,,,,6,2.0,2.0,2.0,5.0,2.0,3.0,,,,COMPLETE
556,556,0.8927282044500281,2025-01-03 04:54:43.921320,2025-01-03 04:54:58.798159,0 days 00:00:14.876839,2,15,15.0,,,,,,,,,6,2.0,,,,,,,,,COMPLETE
557,557,0.875312041897732,2025-01-03 04:54:58.798800,2025-01-03 04:55:27.929171,0 days 00:00:29.130371,4,20,15.0,35.0,50.0,,,,,,,6,2.0,6.0,2.0,,,,,,,COMPLETE
558,558,0.766519725816316,2025-01-03 04:55:27.929820,2025-01-03 04:55:39.956919,0 days 00:00:12.027099,2,15,15.0,,,,,,,,,6,2.0,,,,,,,,,COMPLETE
559,559,0.8772911092969935,2025-01-03 04:55:39.957460,2025-01-03 04:55:50.346509,0 days 00:00:10.389049,1,15,,,,,,,,,,6,,,,,,,,,,COMPLETE
560,560,0.8801009265075449,2025-01-03 04:55:50.347008,2025-01-03 04:56:02.478130,0 days 00:00:12.131122,2,20,20.0,,,,,,,,,6,2.0,,,,,,,,,COMPLETE
561,561,0.8285717326656439,2025-01-03 04:56:02.478659,2025-01-03 04:56:41.618078,0 days 00:00:39.139419,7,15,15.0,60.0,35.0,25.0,10.0,75.0,,,,6,2.0,6.0,3.0,5.0,5.0,4.0,,,,COMPLETE
562,562,0.8755355026424846,2025-01-03 04:56:41.619100,2025-01-03 04:56:53.266874,0 days 00:00:11.647774,1,20,,,,,,,,,,6,,,,,,,,,,COMPLETE
563,563,0.834777426602268,2025-01-03 04:56:53.267429,2025-01-03 04:57:06.793848,0 days 00:00:13.526419,2,15,20.0,,,,,,,,,6,2.0,,,,,,,,,COMPLETE
564,564,0.8792164912115072,2025-01-03 04:57:06.794381,2025-01-03 04:57:21.433218,0 days 00:00:14.638837,4,20,15.0,65.0,45.0,,,,,,,6,2.0,2.0,3.0,,,,,,,COMPLETE
565,565,0.7498729224060943,2025-01-03 04:57:21.433803,2025-01-03 04:57:35.775207,0 days 00:00:14.341404,2,15,15.0,,,,,,,,,6,2.0,,,,,,,,,COMPLETE
566,566,0.8894389412268866,2025-01-03 04:57:35.775710,2025-01-03 04:57:46.938107,0 days 00:00:11.162397,2,15,5.0,,,,,,,,,6,2.0,,,,,,,,,COMPLETE
567,567,0.8511787887625293,2025-01-03 04:57:46.938787,2025-01-03 04:57:59.569849,0 days 00:00:12.631062,2,15,5.0,,,,,,,,,6,2.0,,,,,,,,,COMPLETE
568,568,0.8847561281368383,2025-01-03 04:57:59.570358,2025-01-03 04:58:15.965193,0 days 00:00:16.394835,2,20,5.0,,,,,,,,,6,2.0,,,,,,,,,COMPLETE
569,569,0.8641316032412182,2025-01-03 04:58:15.965794,2025-01-03 04:58:27.626504,0 days 00:00:11.660710,2,15,5.0,,,,,,,,,6,2.0,,,,,,,,,COMPLETE
570,570,0.858214218171552,2025-01-03 04:58:27.627032,2025-01-03 04:58:40.192468,0 days 00:00:12.565436,2,15,5.0,,,,,,,,,6,2.0,,,,,,,,,COMPLETE
571,571,0.0,2025-01-03 04:58:40.192990,2025-01-03 04:59:00.032426,0 days 00:00:19.839436,2,20,5.0,,,,,,,,,6,2.0,,,,,,,,,COMPLETE
572,572,0.783369511278661,2025-01-03 04:59:00.032971,2025-01-03 04:59:11.835851,0 days 00:00:11.802880,1,15,,,,,,,,,,6,,,,,,,,,,COMPLETE
573,573,0.8838051619264629,2025-01-03 04:59:11.836379,2025-01-03 04:59:24.947341,0 days 00:00:13.110962,2,20,5.0,,,,,,,,,6,2.0,,,,,,,,,COMPLETE
574,574,0.8874206191977724,2025-01-03 04:59:24.947879,2025-01-03 04:59:39.048775,0 days 00:00:14.100896,2,15,10.0,,,,,,,,,6,2.0,,,,,,,,,COMPLETE
575,575,0.8022050319761125,2025-01-03 04:59:39.049419,2025-01-03 04:59:53.256476,0 days 00:00:14.207057,2,15,5.0,,,,,,,,,6,2.0,,,,,,,,,COMPLETE
576,576,0.8091185286496895,2025-01-03 04:59:53.257069,2025-01-03 05:00:08.040381,0 days 00:00:14.783312,2,15,10.0,,,,,,,,,6,2.0,,,,,,,,,COMPLETE
577,577,0.8298131350125746,2025-01-03 05:00:08.040922,2025-01-03 05:00:24.548216,0 days 00:00:16.507294,2,10,10.0,,,,,,,,,6,2.0,,,,,,,,,COMPLETE
578,578,0.8737281149379441,2025-01-03 05:00:24.548721,2025-01-03 05:00:45.655513,0 days 00:00:21.106792,4,20,5.0,35.0,50.0,,,,,,,6,2.0,2.0,4.0,,,,,,,COMPLETE
579,579,0.8755262828628072,2025-01-03 05:00:45.656257,2025-01-03 05:00:54.440589,0 days 00:00:08.784332,1,10,,,,,,,,,,6,,,,,,,,,,COMPLETE
580,580,0.8772375707721831,2025-01-03 05:00:54.441096,2025-01-03 05:01:10.001658,0 days 00:00:15.560562,2,15,15.0,,,,,,,,,6,2.0,,,,,,,,,COMPLETE
581,581,0.8691860740065607,2025-01-03 05:01:10.002269,2025-01-03 05:01:39.431583,0 days 00:00:29.429314,3,70,10.0,65.0,,,,,,,,6,2.0,2.0,,,,,,,,COMPLETE
582,582,0.8461838263769649,2025-01-03 05:01:39.432136,2025-01-03 05:01:52.358467,0 days 00:00:12.926331,3,20,5.0,30.0,,,,,,,,6,2.0,2.0,,,,,,,,COMPLETE
583,583,0.8162792010230395,2025-01-03 05:01:52.358982,2025-01-03 05:02:10.203812,0 days 00:00:17.844830,3,15,10.0,25.0,,,,,,,,6,2.0,2.0,,,,,,,,COMPLETE
584,584,0.8677473289421027,2025-01-03 05:02:10.204558,2025-01-03 05:02:23.222852,0 days 00:00:13.018294,2,10,15.0,,,,,,,,,6,2.0,,,,,,,,,COMPLETE
585,585,0.8658814643163901,2025-01-03 05:02:23.223408,2025-01-03 05:02:41.713702,0 days 00:00:18.490294,4,20,5.0,40.0,35.0,,,,,,,6,2.0,2.0,2.0,,,,,,,COMPLETE
586,586,0.8689434619023884,2025-01-03 05:02:41.714404,2025-01-03 05:03:24.100074,0 days 00:00:42.385670,7,15,20.0,40.0,45.0,40.0,30.0,95.0,,,,6,2.0,6.0,2.0,5.0,3.0,3.0,,,,COMPLETE
587,587,0.8138558169278429,2025-01-03 05:03:24.100817,2025-01-03 05:03:39.873665,0 days 00:00:15.772848,4,15,10.0,50.0,50.0,,,,,,,6,2.0,2.0,2.0,,,,,,,COMPLETE
588,588,0.8701793793922279,2025-01-03 05:03:39.874448,2025-01-03 05:03:51.662137,0 days 00:00:11.787689,2,10,15.0,,,,,,,,,6,2.0,,,,,,,,,COMPLETE
589,589,0.8490453101613797,2025-01-03 05:03:51.662681,2025-01-03 05:04:41.214204,0 days 00:00:49.551523,7,20,5.0,60.0,35.0,35.0,5.0,100.0,,,,2,2.0,2.0,2.0,4.0,3.0,4.0,,,,COMPLETE
590,590,0.8407730743706476,2025-01-03 05:04:41.214966,2025-01-03 05:05:16.930098,0 days 00:00:35.715132,7,15,10.0,35.0,40.0,30.0,15.0,70.0,,,,6,2.0,2.0,2.0,5.0,5.0,3.0,,,,COMPLETE
591,591,0.8509449780942193,2025-01-03 05:05:16.931013,2025-01-03 05:05:38.887817,0 days 00:00:21.956804,4,25,10.0,40.0,40.0,,,,,,,6,2.0,4.0,5.0,,,,,,,COMPLETE
592,592,0.8253836917854043,2025-01-03 05:05:38.888546,2025-01-03 05:05:55.060286,0 days 00:00:16.171740,3,10,5.0,50.0,,,,,,,,6,3.0,2.0,,,,,,,,COMPLETE
593,593,0.8775818163957715,2025-01-03 05:05:55.060883,2025-01-03 05:06:25.691079,0 days 00:00:30.630196,7,15,20.0,35.0,45.0,35.0,10.0,10.0,,,,6,2.0,2.0,2.0,5.0,3.0,3.0,,,,COMPLETE
594,594,0.8475022208431464,2025-01-03 05:06:25.691779,2025-01-03 05:06:55.481864,0 days 00:00:29.790085,7,20,15.0,30.0,35.0,25.0,15.0,70.0,,,,6,2.0,2.0,2.0,2.0,5.0,3.0,,,,COMPLETE
595,595,0.8382210413712134,2025-01-03 05:06:55.482740,2025-01-03 05:07:08.397010,0 days 00:00:12.914270,2,15,10.0,,,,,,,,,6,2.0,,,,,,,,,COMPLETE
596,596,0.8816124750105945,2025-01-03 05:07:08.397676,2025-01-03 05:07:43.719158,0 days 00:00:35.321482,7,15,5.0,50.0,55.0,15.0,25.0,90.0,,,,6,3.0,2.0,3.0,5.0,4.0,3.0,,,,COMPLETE
597,597,0.7627829919862015,2025-01-03 05:07:43.719853,2025-01-03 05:08:00.415668,0 days 00:00:16.695815,3,20,15.0,40.0,,,,,,,,6,2.0,2.0,,,,,,,,COMPLETE
598,598,0.8203596589872362,2025-01-03 05:08:00.416249,2025-01-03 05:08:45.596172,0 days 00:00:45.179923,7,10,10.0,60.0,95.0,35.0,30.0,65.0,,,,6,2.0,3.0,2.0,5.0,3.0,3.0,,,,COMPLETE
599,599,0.8601441434888422,2025-01-03 05:08:45.597152,2025-01-03 05:09:16.707364,0 days 00:00:31.110212,6,25,5.0,50.0,45.0,25.0,5.0,,,,,6,3.0,2.0,2.0,5.0,4.0,,,,,COMPLETE
600,600,0.8386793647562876,2025-01-03 05:09:16.708056,2025-01-03 05:09:28.869762,0 days 00:00:12.161706,1,10,,,,,,,,,,6,,,,,,,,,,COMPLETE
601,601,0.8511956904731609,2025-01-03 05:09:28.870317,2025-01-03 05:09:49.077139,0 days 00:00:20.206822,4,20,10.0,35.0,45.0,,,,,,,6,2.0,2.0,2.0,,,,,,,COMPLETE
602,602,0.7728882520715339,2025-01-03 05:09:49.077732,2025-01-03 05:10:01.375052,0 days 00:00:12.297320,2,15,15.0,,,,,,,,,6,2.0,,,,,,,,,COMPLETE
603,603,0.8304205651103964,2025-01-03 05:10:01.375807,2025-01-03 05:10:30.638302,0 days 00:00:29.262495,7,15,5.0,40.0,40.0,30.0,10.0,60.0,,,,6,2.0,2.0,2.0,5.0,3.0,3.0,,,,COMPLETE
604,604,0.861232676878191,2025-01-03 05:10:30.639080,2025-01-03 05:10:57.971159,0 days 00:00:27.332079,6,20,20.0,50.0,35.0,40.0,15.0,,,,,6,3.0,6.0,4.0,4.0,2.0,,,,,COMPLETE
605,605,0.8901044440131318,2025-01-03 05:10:57.971864,2025-01-03 05:11:13.089450,0 days 00:00:15.117586,3,15,10.0,45.0,,,,,,,,6,2.0,2.0,,,,,,,,COMPLETE
606,606,0.8197455754351792,2025-01-03 05:11:13.090014,2025-01-03 05:11:30.486869,0 days 00:00:17.396855,3,10,10.0,45.0,,,,,,,,6,2.0,2.0,,,,,,,,COMPLETE
607,607,0.8842338327988857,2025-01-03 05:11:30.487645,2025-01-03 05:11:47.833771,0 days 00:00:17.346126,3,15,10.0,45.0,,,,,,,,3,2.0,2.0,,,,,,,,COMPLETE
608,608,0.8728383504290326,2025-01-03 05:11:47.834317,2025-01-03 05:12:04.884385,0 days 00:00:17.050068,3,25,15.0,45.0,,,,,,,,6,2.0,2.0,,,,,,,,COMPLETE
609,609,0.8343111125747742,2025-01-03 05:12:04.885019,2025-01-03 05:12:21.469683,0 days 00:00:16.584664,3,5,15.0,45.0,,,,,,,,6,3.0,2.0,,,,,,,,COMPLETE
610,610,0.7205183685244759,2025-01-03 05:12:21.470254,2025-01-03 05:12:38.658244,0 days 00:00:17.187990,3,15,10.0,40.0,,,,,,,,6,2.0,2.0,,,,,,,,COMPLETE
611,611,0.842803649541537,2025-01-03 05:12:38.658858,2025-01-03 05:12:54.248698,0 days 00:00:15.589840,3,20,15.0,45.0,,,,,,,,6,2.0,2.0,,,,,,,,COMPLETE
612,612,0.8357243951567654,2025-01-03 05:12:54.249496,2025-01-03 05:13:14.396827,0 days 00:00:20.147331,3,55,10.0,50.0,,,,,,,,6,2.0,2.0,,,,,,,,COMPLETE
613,613,0.8804651879577626,2025-01-03 05:13:14.397400,2025-01-03 05:13:28.675299,0 days 00:00:14.277899,3,10,10.0,55.0,,,,,,,,6,2.0,2.0,,,,,,,,COMPLETE
614,614,0.8949931636575292,2025-01-03 05:13:28.675939,2025-01-03 05:13:47.853731,0 days 00:00:19.177792,4,15,15.0,45.0,50.0,,,,,,,6,3.0,2.0,2.0,,,,,,,COMPLETE
615,615,0.8104689473108244,2025-01-03 05:13:47.854315,2025-01-03 05:14:08.056408,0 days 00:00:20.202093,4,15,10.0,45.0,55.0,,,,,,,6,3.0,2.0,2.0,,,,,,,COMPLETE
616,616,0.8248895370250151,2025-01-03 05:14:08.056972,2025-01-03 05:14:28.360351,0 days 00:00:20.303379,4,10,15.0,40.0,50.0,,,,,,,6,3.0,2.0,2.0,,,,,,,COMPLETE
617,617,0.8816355826714181,2025-01-03 05:14:28.361166,2025-01-03 05:14:53.295241,0 days 00:00:24.934075,4,15,10.0,45.0,55.0,,,,,,,6,3.0,2.0,5.0,,,,,,,COMPLETE
618,618,0.8582726965572303,2025-01-03 05:14:53.295960,2025-01-03 05:15:10.368686,0 days 00:00:17.072726,4,20,15.0,40.0,50.0,,,,,,,6,3.0,2.0,2.0,,,,,,,COMPLETE
619,619,0.8626008373987766,2025-01-03 05:15:10.369300,2025-01-03 05:15:25.266511,0 days 00:00:14.897211,4,10,10.0,45.0,55.0,,,,,,,6,3.0,2.0,2.0,,,,,,,COMPLETE
620,620,0.895905186333398,2025-01-03 05:15:25.267116,2025-01-03 05:15:40.760315,0 days 00:00:15.493199,4,15,20.0,45.0,50.0,,,,,,,6,3.0,2.0,2.0,,,,,,,COMPLETE
621,621,0.8554390067833215,2025-01-03 05:15:40.760913,2025-01-03 05:15:59.385826,0 days 00:00:18.624913,4,20,20.0,40.0,50.0,,,,,,,6,3.0,2.0,2.0,,,,,,,COMPLETE
622,622,0.8448279261011603,2025-01-03 05:15:59.386627,2025-01-03 05:16:23.106813,0 days 00:00:23.720186,4,15,20.0,15.0,50.0,,,,,,,6,3.0,4.0,2.0,,,,,,,COMPLETE
623,623,0.7994057963238994,2025-01-03 05:16:23.107536,2025-01-03 05:16:39.854565,0 days 00:00:16.747029,3,20,20.0,40.0,,,,,,,,6,3.0,2.0,,,,,,,,COMPLETE
624,624,0.8666495917887391,2025-01-03 05:16:39.855184,2025-01-03 05:16:55.892211,0 days 00:00:16.037027,4,15,15.0,25.0,55.0,,,,,,,6,3.0,2.0,2.0,,,,,,,COMPLETE
625,625,0.8095655756701574,2025-01-03 05:16:55.892796,2025-01-03 05:17:11.094644,0 days 00:00:15.201848,3,15,15.0,45.0,,,,,,,,6,3.0,2.0,,,,,,,,COMPLETE
626,626,0.8428523857403573,2025-01-03 05:17:11.095251,2025-01-03 05:17:35.071764,0 days 00:00:23.976513,4,20,20.0,60.0,50.0,,,,,,,6,3.0,6.0,2.0,,,,,,,COMPLETE
627,627,0.8912709219356493,2025-01-03 05:17:35.072605,2025-01-03 05:18:02.135954,0 days 00:00:27.063349,4,25,15.0,35.0,80.0,,,,,,,4,3.0,2.0,2.0,,,,,,,COMPLETE
628,628,0.8577900497728274,2025-01-03 05:18:02.136641,2025-01-03 05:18:28.941954,0 days 00:00:26.805313,4,15,20.0,35.0,90.0,,,,,,,4,3.0,2.0,2.0,,,,,,,COMPLETE
629,629,0.8901715774175782,2025-01-03 05:18:28.942528,2025-01-03 05:18:55.741084,0 days 00:00:26.798556,4,20,15.0,35.0,80.0,,,,,,,4,3.0,2.0,2.0,,,,,,,COMPLETE
630,630,0.8739936207641039,2025-01-03 05:18:55.741867,2025-01-03 05:19:22.419869,0 days 00:00:26.678002,4,20,20.0,35.0,80.0,,,,,,,4,3.0,2.0,2.0,,,,,,,COMPLETE
631,631,0.8868143898805492,2025-01-03 05:19:22.420543,2025-01-03 05:19:48.630807,0 days 00:00:26.210264,4,25,15.0,30.0,80.0,,,,,,,4,3.0,2.0,2.0,,,,,,,COMPLETE
632,632,0.8921680109785853,2025-01-03 05:19:48.631417,2025-01-03 05:20:17.236017,0 days 00:00:28.604600,4,20,15.0,35.0,80.0,,,,,,,4,3.0,3.0,2.0,,,,,,,COMPLETE
633,633,0.8912354822870743,2025-01-03 05:20:17.236597,2025-01-03 05:20:45.826279,0 days 00:00:28.589682,4,25,20.0,35.0,85.0,,,,,,,3,3.0,3.0,2.0,,,,,,,COMPLETE
634,634,0.8650178207884942,2025-01-03 05:20:45.827155,2025-01-03 05:21:13.006993,0 days 00:00:27.179838,4,25,20.0,35.0,80.0,,,,,,,2,3.0,3.0,2.0,,,,,,,COMPLETE
635,635,0.83127587430544,2025-01-03 05:21:13.007583,2025-01-03 05:21:41.598256,0 days 00:00:28.590673,4,30,20.0,30.0,85.0,,,,,,,3,3.0,3.0,2.0,,,,,,,COMPLETE
636,636,0.8269403956128571,2025-01-03 05:21:41.599024,2025-01-03 05:22:10.695609,0 days 00:00:29.096585,4,25,20.0,35.0,90.0,,,,,,,3,3.0,3.0,2.0,,,,,,,COMPLETE
637,637,0.8673326147444413,2025-01-03 05:22:10.696280,2025-01-03 05:22:38.733842,0 days 00:00:28.037562,4,25,20.0,30.0,85.0,,,,,,,3,3.0,3.0,2.0,,,,,,,COMPLETE
638,638,0.8780594652793561,2025-01-03 05:22:38.734428,2025-01-03 05:23:05.327617,0 days 00:00:26.593189,4,25,15.0,35.0,85.0,,,,,,,3,3.0,2.0,2.0,,,,,,,COMPLETE
639,639,0.8441619081111669,2025-01-03 05:23:05.328432,2025-01-03 05:23:45.193232,0 days 00:00:39.864800,5,25,15.0,35.0,85.0,15.0,,,,,,3,3.0,6.0,2.0,4.0,,,,,,COMPLETE
640,640,0.8483821727482295,2025-01-03 05:23:45.193953,2025-01-03 05:24:04.370419,0 days 00:00:19.176466,4,25,15.0,30.0,85.0,,,,,,,6,3.0,3.0,2.0,,,,,,,COMPLETE
641,641,0.8701557489548217,2025-01-03 05:24:04.371006,2025-01-03 05:24:32.031945,0 days 00:00:27.660939,4,20,20.0,35.0,80.0,,,,,,,3,3.0,3.0,2.0,,,,,,,COMPLETE
642,642,0.816251709813484,2025-01-03 05:24:32.032722,2025-01-03 05:25:02.996147,0 days 00:00:30.963425,4,30,15.0,35.0,85.0,,,,,,,3,3.0,4.0,2.0,,,,,,,COMPLETE
643,643,0.8485206420584812,2025-01-03 05:25:02.996830,2025-01-03 05:25:33.036829,0 days 00:00:30.039999,4,25,20.0,35.0,80.0,,,,,,,3,3.0,4.0,2.0,,,,,,,COMPLETE
644,644,0.8898733816647291,2025-01-03 05:25:33.037421,2025-01-03 05:26:00.317666,0 days 00:00:27.280245,4,20,15.0,35.0,80.0,,,,,,,3,3.0,3.0,2.0,,,,,,,COMPLETE
645,645,0.8543970165271191,2025-01-03 05:26:00.318441,2025-01-03 05:26:51.813733,0 days 00:00:51.495292,4,95,15.0,30.0,90.0,,,,,,,3,3.0,4.0,5.0,,,,,,,COMPLETE
646,646,0.8170397103384709,2025-01-03 05:26:51.814451,2025-01-03 05:27:21.621440,0 days 00:00:29.806989,4,25,15.0,40.0,85.0,,,,,,,4,3.0,3.0,2.0,,,,,,,COMPLETE
647,647,0.8530273778471523,2025-01-03 05:27:21.622327,2025-01-03 05:27:51.071209,0 days 00:00:29.448882,4,20,20.0,35.0,95.0,,,,,,,3,3.0,3.0,2.0,,,,,,,COMPLETE
648,648,0.8715668599764801,2025-01-03 05:27:51.071786,2025-01-03 05:28:20.803937,0 days 00:00:29.732151,4,20,15.0,40.0,80.0,,,,,,,3,3.0,4.0,2.0,,,,,,,COMPLETE
649,649,0.8248851036909317,2025-01-03 05:28:20.804745,2025-01-03 05:28:50.464409,0 days 00:00:29.659664,4,20,15.0,30.0,85.0,,,,,,,4,3.0,4.0,2.0,,,,,,,COMPLETE
650,650,0.7731179158703805,2025-01-03 05:28:50.465099,2025-01-03 05:29:16.117122,0 days 00:00:25.652023,4,25,15.0,35.0,50.0,,,,,,,3,3.0,3.0,2.0,,,,,,,COMPLETE
651,651,0.8489934705306652,2025-01-03 05:29:16.117706,2025-01-03 05:29:53.169344,0 days 00:00:37.051638,4,45,20.0,30.0,80.0,,,,,,,4,3.0,6.0,2.0,,,,,,,COMPLETE
652,652,0.8731322653717117,2025-01-03 05:29:53.170132,2025-01-03 05:30:20.384684,0 days 00:00:27.214552,4,20,15.0,35.0,85.0,,,,,,,3,3.0,3.0,2.0,,,,,,,COMPLETE
653,653,0.8746495167845076,2025-01-03 05:30:20.385398,2025-01-03 05:30:48.654037,0 days 00:00:28.268639,4,20,15.0,40.0,50.0,,,,,,,3,3.0,2.0,4.0,,,,,,,COMPLETE
654,654,0.7761680301371237,2025-01-03 05:30:48.654632,2025-01-03 05:31:24.429835,0 days 00:00:35.775203,5,30,20.0,40.0,90.0,15.0,,,,,,4,3.0,2.0,2.0,4.0,,,,,,COMPLETE
655,655,0.8770375059344833,2025-01-03 05:31:24.430643,2025-01-03 05:31:50.166808,0 days 00:00:25.736165,4,25,35.0,35.0,50.0,,,,,,,3,3.0,2.0,2.0,,,,,,,COMPLETE
656,656,0.8814501218791905,2025-01-03 05:31:50.167520,2025-01-03 05:32:15.967120,0 days 00:00:25.799600,4,20,15.0,40.0,80.0,,,,,,,3,3.0,2.0,2.0,,,,,,,COMPLETE
657,657,0.8432148375676314,2025-01-03 05:32:15.967700,2025-01-03 05:32:46.900404,0 days 00:00:30.932704,4,60,20.0,35.0,45.0,,,,,,,4,3.0,2.0,2.0,,,,,,,COMPLETE
658,658,0.8582659050842001,2025-01-03 05:32:46.901276,2025-01-03 05:33:22.450670,0 days 00:00:35.549394,4,25,15.0,40.0,75.0,,,,,,,4,3.0,6.0,2.0,,,,,,,COMPLETE
659,659,0.8888575102525074,2025-01-03 05:33:22.451279,2025-01-03 05:34:15.367881,0 days 00:00:52.916602,9,20,15.0,30.0,55.0,15.0,30.0,15.0,100.0,5.0,,3,3.0,2.0,2.0,2.0,5.0,4.0,2.0,4.0,,COMPLETE
660,660,0.8878397040137787,2025-01-03 05:34:15.368883,2025-01-03 05:34:42.322731,0 days 00:00:26.953848,5,15,20.0,20.0,45.0,20.0,,,,,,2,3.0,2.0,2.0,4.0,,,,,,COMPLETE
661,661,0.8355108373532161,2025-01-03 05:34:42.323364,2025-01-03 05:35:12.057390,0 days 00:00:29.734026,4,50,10.0,25.0,80.0,,,,,,,4,3.0,2.0,2.0,,,,,,,COMPLETE
662,662,0.8601638714603498,2025-01-03 05:35:12.058309,2025-01-03 05:35:53.675152,0 days 00:00:41.616843,6,30,15.0,40.0,45.0,40.0,35.0,,,,,3,3.0,4.0,2.0,4.0,2.0,,,,,COMPLETE
663,663,0.8620710060269021,2025-01-03 05:35:53.675800,2025-01-03 05:36:17.386618,0 days 00:00:23.710818,4,15,15.0,35.0,75.0,,,,,,,2,3.0,2.0,2.0,,,,,,,COMPLETE
664,664,0.8297224312721763,2025-01-03 05:36:17.387499,2025-01-03 05:36:42.573635,0 days 00:00:25.186136,4,20,40.0,35.0,40.0,,,,,,,3,3.0,2.0,2.0,,,,,,,COMPLETE
665,665,0.8874817374741404,2025-01-03 05:36:42.574227,2025-01-03 05:37:16.477098,0 days 00:00:33.902871,6,20,10.0,40.0,55.0,20.0,85.0,,,,,6,3.0,2.0,2.0,5.0,5.0,,,,,COMPLETE
666,666,0.8478307925789068,2025-01-03 05:37:16.477940,2025-01-03 05:37:38.669013,0 days 00:00:22.191073,4,15,10.0,30.0,50.0,,,,,,,6,3.0,2.0,2.0,,,,,,,COMPLETE
667,667,0.8709829074222879,2025-01-03 05:37:38.669729,2025-01-03 05:37:56.053336,0 days 00:00:17.383607,4,15,15.0,35.0,60.0,,,,,,,6,3.0,2.0,2.0,,,,,,,COMPLETE
668,668,0.8810788486579986,2025-01-03 05:37:56.053979,2025-01-03 05:38:21.272493,0 days 00:00:25.218514,5,25,20.0,40.0,45.0,15.0,,,,,,6,3.0,6.0,2.0,4.0,,,,,,COMPLETE
669,669,0.8336231416979574,2025-01-03 05:38:21.273392,2025-01-03 05:39:10.377571,0 days 00:00:49.104179,6,20,10.0,40.0,85.0,20.0,30.0,,,,,4,3.0,2.0,3.0,5.0,5.0,,,,,COMPLETE
670,670,0.8605694946028721,2025-01-03 05:39:10.378394,2025-01-03 05:39:31.787017,0 days 00:00:21.408623,4,15,50.0,35.0,40.0,,,,,,,6,3.0,2.0,5.0,,,,,,,COMPLETE
671,671,0.8830275065631012,2025-01-03 05:39:31.787876,2025-01-03 05:40:15.985609,0 days 00:00:44.197733,8,15,15.0,30.0,80.0,15.0,25.0,75.0,35.0,,,6,3.0,2.0,4.0,5.0,2.0,2.0,2.0,,,COMPLETE
672,672,0.8935470942212719,2025-01-03 05:40:15.986488,2025-01-03 05:40:34.555725,0 days 00:00:18.569237,4,15,10.0,45.0,50.0,,,,,,,6,3.0,2.0,2.0,,,,,,,COMPLETE
673,673,0.8598400903280264,2025-01-03 05:40:34.556338,2025-01-03 05:40:56.632098,0 days 00:00:22.075760,4,20,10.0,40.0,50.0,,,,,,,6,3.0,3.0,2.0,,,,,,,COMPLETE
674,674,0.8439753098728462,2025-01-03 05:40:56.632950,2025-01-03 05:41:25.598674,0 days 00:00:28.965724,4,15,15.0,45.0,50.0,,,,,,,4,3.0,4.0,2.0,,,,,,,COMPLETE
675,675,0.8383188626554963,2025-01-03 05:41:25.599429,2025-01-03 05:41:51.171656,0 days 00:00:25.572227,4,15,10.0,45.0,50.0,,,,,,,4,3.0,2.0,2.0,,,,,,,COMPLETE
676,676,0.7994138175045351,2025-01-03 05:41:51.172253,2025-01-03 05:42:11.420432,0 days 00:00:20.248179,4,20,20.0,45.0,55.0,,,,,,,6,3.0,2.0,2.0,,,,,,,COMPLETE
677,677,0.7957186231237332,2025-01-03 05:42:11.421243,2025-01-03 05:42:46.174097,0 days 00:00:34.752854,4,30,25.0,45.0,50.0,,,,,,,4,3.0,6.0,2.0,,,,,,,COMPLETE
678,678,0.8839433792592606,2025-01-03 05:42:46.174826,2025-01-03 05:43:06.286693,0 days 00:00:20.111867,4,10,15.0,45.0,55.0,,,,,,,6,3.0,2.0,2.0,,,,,,,COMPLETE
679,679,0.891101421319204,2025-01-03 05:43:06.287301,2025-01-03 05:43:31.920337,0 days 00:00:25.633036,4,15,10.0,50.0,50.0,,,,,,,4,3.0,2.0,2.0,,,,,,,COMPLETE
680,680,0.730154457124689,2025-01-03 05:43:31.921249,2025-01-03 05:43:57.559074,0 days 00:00:25.637825,4,10,15.0,50.0,50.0,,,,,,,4,3.0,2.0,2.0,,,,,,,COMPLETE
681,681,0.883085739890723,2025-01-03 05:43:57.559672,2025-01-03 05:44:23.910782,0 days 00:00:26.351110,4,25,15.0,50.0,50.0,,,,,,,4,3.0,2.0,2.0,,,,,,,COMPLETE
682,682,0.852818969826342,2025-01-03 05:44:23.911385,2025-01-03 05:44:57.850504,0 days 00:00:33.939119,4,75,10.0,50.0,50.0,,,,,,,4,3.0,2.0,2.0,,,,,,,COMPLETE
683,683,0.8555357024208038,2025-01-03 05:44:57.851399,2025-01-03 05:45:23.860504,0 days 00:00:26.009105,4,20,5.0,50.0,55.0,,,,,,,4,3.0,2.0,2.0,,,,,,,COMPLETE
684,684,0.8773293068552916,2025-01-03 05:45:23.861113,2025-01-03 05:45:58.954466,0 days 00:00:35.093353,4,15,20.0,50.0,50.0,,,,,,,4,3.0,3.0,5.0,,,,,,,COMPLETE
685,685,0.8791040445312963,2025-01-03 05:45:58.955390,2025-01-03 05:46:24.530924,0 days 00:00:25.575534,4,15,10.0,45.0,45.0,,,,,,,4,3.0,2.0,2.0,,,,,,,COMPLETE
686,686,0.8361724273901039,2025-01-03 05:46:24.531529,2025-01-03 05:47:02.374086,0 days 00:00:37.842557,5,10,25.0,50.0,55.0,45.0,,,,,,4,3.0,2.0,2.0,5.0,,,,,,COMPLETE
687,687,0.8626734772324766,2025-01-03 05:47:02.375018,2025-01-03 05:47:30.243408,0 days 00:00:27.868390,4,20,35.0,45.0,50.0,,,,,,,4,3.0,2.0,2.0,,,,,,,COMPLETE
688,688,0.7080553217097345,2025-01-03 05:47:30.244020,2025-01-03 05:47:56.121515,0 days 00:00:25.877495,4,15,15.0,65.0,45.0,,,,,,,4,3.0,2.0,2.0,,,,,,,COMPLETE
689,689,0.8908585880145587,2025-01-03 05:47:56.122117,2025-01-03 05:48:22.094543,0 days 00:00:25.972426,4,20,5.0,50.0,55.0,,,,,,,4,3.0,2.0,2.0,,,,,,,COMPLETE
690,690,0.8799614226284528,2025-01-03 05:48:22.095453,2025-01-03 05:48:58.549698,0 days 00:00:36.454245,4,25,5.0,50.0,60.0,,,,,,,4,3.0,6.0,2.0,,,,,,,COMPLETE
691,691,0.8833367772115139,2025-01-03 05:48:58.550328,2025-01-03 05:49:25.450413,0 days 00:00:26.900085,4,25,5.0,50.0,60.0,,,,,,,4,3.0,2.0,2.0,,,,,,,COMPLETE
692,692,0.87723233638877,2025-01-03 05:49:25.451247,2025-01-03 05:50:02.896938,0 days 00:00:37.445691,5,20,5.0,50.0,55.0,45.0,,,,,,4,3.0,2.0,2.0,5.0,,,,,,COMPLETE
693,693,0.886690372118413,2025-01-03 05:50:02.897705,2025-01-03 05:50:31.115662,0 days 00:00:28.217957,4,20,5.0,55.0,90.0,,,,,,,4,3.0,2.0,2.0,,,,,,,COMPLETE
694,694,0.8917618308546784,2025-01-03 05:50:31.116452,2025-01-03 05:50:56.605122,0 days 00:00:25.488670,4,20,5.0,50.0,55.0,,,,,,,4,3.0,2.0,2.0,,,,,,,COMPLETE
695,695,0.870465570018659,2025-01-03 05:50:56.605830,2025-01-03 05:51:22.975272,0 days 00:00:26.369442,4,25,5.0,50.0,60.0,,,,,,,4,3.0,2.0,2.0,,,,,,,COMPLETE
696,696,0.8276956987614431,2025-01-03 05:51:22.975871,2025-01-03 05:51:48.833551,0 days 00:00:25.857680,4,25,5.0,50.0,55.0,,,,,,,4,3.0,2.0,2.0,,,,,,,COMPLETE
697,697,0.8929702423939411,2025-01-03 05:51:48.834346,2025-01-03 05:52:14.112125,0 days 00:00:25.277779,4,20,5.0,50.0,55.0,,,,,,,4,3.0,2.0,2.0,,,,,,,COMPLETE
698,698,0.8839121097741056,2025-01-03 05:52:14.112828,2025-01-03 05:52:39.525389,0 days 00:00:25.412561,4,20,5.0,50.0,55.0,,,,,,,4,3.0,2.0,2.0,,,,,,,COMPLETE
699,699,0.8817165386014192,2025-01-03 05:52:39.525971,2025-01-03 05:53:07.380279,0 days 00:00:27.854308,4,40,5.0,50.0,55.0,,,,,,,4,3.0,2.0,2.0,,,,,,,COMPLETE
700,700,0.8357687884112268,2025-01-03 05:53:07.381214,2025-01-03 05:53:32.989674,0 days 00:00:25.608460,4,20,5.0,45.0,60.0,,,,,,,4,3.0,2.0,2.0,,,,,,,COMPLETE
701,701,0.8595122244248212,2025-01-03 05:53:32.990295,2025-01-03 05:53:56.694021,0 days 00:00:23.703726,4,25,5.0,50.0,5.0,,,,,,,4,3.0,2.0,2.0,,,,,,,COMPLETE
702,702,0.8850053489705147,2025-01-03 05:53:56.694817,2025-01-03 05:54:31.035182,0 days 00:00:34.340365,5,20,45.0,15.0,60.0,15.0,,,,,,4,3.0,2.0,2.0,5.0,,,,,,COMPLETE
703,703,0.8847155196429415,2025-01-03 05:54:31.035911,2025-01-03 05:54:57.914256,0 days 00:00:26.878345,4,20,5.0,45.0,85.0,,,,,,,4,3.0,2.0,2.0,,,,,,,COMPLETE
704,704,0.815124612970479,2025-01-03 05:54:57.914892,2025-01-03 05:55:24.109075,0 days 00:00:26.194183,4,25,5.0,20.0,55.0,,,,,,,4,3.0,2.0,3.0,,,,,,,COMPLETE
705,705,0.8859050933108763,2025-01-03 05:55:24.109998,2025-01-03 05:55:49.256930,0 days 00:00:25.146932,4,20,10.0,45.0,50.0,,,,,,,4,3.0,2.0,2.0,,,,,,,COMPLETE
706,706,0.8939949622652177,2025-01-03 05:55:49.257565,2025-01-03 05:56:14.432947,0 days 00:00:25.175382,4,20,5.0,50.0,55.0,,,,,,,4,3.0,2.0,2.0,,,,,,,COMPLETE
707,707,0.7787874877266915,2025-01-03 05:56:14.433538,2025-01-03 05:56:39.802287,0 days 00:00:25.368749,4,20,5.0,50.0,55.0,,,,,,,4,3.0,2.0,2.0,,,,,,,COMPLETE
708,708,0.805679428109715,2025-01-03 05:56:39.803077,2025-01-03 05:57:05.208271,0 days 00:00:25.405194,4,20,5.0,50.0,55.0,,,,,,,4,3.0,2.0,2.0,,,,,,,COMPLETE
709,709,0.8825441182734126,2025-01-03 05:57:05.208977,2025-01-03 05:57:27.909126,0 days 00:00:22.700149,4,25,5.0,45.0,55.0,,,,,,,4,3.0,2.0,2.0,,,,,,,COMPLETE
710,710,0.8823674976199397,2025-01-03 05:57:27.909705,2025-01-03 05:57:53.345421,0 days 00:00:25.435716,4,20,5.0,50.0,55.0,,,,,,,4,3.0,2.0,2.0,,,,,,,COMPLETE
711,711,0.8299937802422023,2025-01-03 05:57:53.346329,2025-01-03 05:58:30.042587,0 days 00:00:36.696258,4,90,5.0,45.0,50.0,,,,,,,4,3.0,2.0,2.0,,,,,,,COMPLETE
712,712,0.8437292755409156,2025-01-03 05:58:30.043195,2025-01-03 05:59:01.913591,0 days 00:00:31.870396,5,25,5.0,50.0,50.0,15.0,,,,,,4,3.0,2.0,2.0,5.0,,,,,,COMPLETE
713,713,0.8983859074091114,2025-01-03 05:59:01.914519,2025-01-03 05:59:27.283527,0 days 00:00:25.369008,4,20,5.0,50.0,55.0,,,,,,,4,3.0,2.0,2.0,,,,,,,COMPLETE
714,714,0.8328068247321013,2025-01-03 05:59:27.284182,2025-01-03 05:59:51.817450,0 days 00:00:24.533268,4,25,5.0,45.0,55.0,,,,,,,4,3.0,2.0,2.0,,,,,,,COMPLETE
715,715,0.856558482724231,2025-01-03 05:59:51.818056,2025-01-03 06:00:15.615681,0 days 00:00:23.797625,4,20,5.0,45.0,60.0,,,,,,,4,3.0,2.0,2.0,,,,,,,COMPLETE
716,716,0.8981112907572083,2025-01-03 06:00:15.616607,2025-01-03 06:00:43.736383,0 days 00:00:28.119776,5,20,5.0,50.0,55.0,15.0,,,,,,4,3.0,2.0,2.0,2.0,,,,,,COMPLETE
717,717,0.8959645896014448,2025-01-03 06:00:43.737022,2025-01-03 06:01:11.078111,0 days 00:00:27.341089,5,20,5.0,50.0,60.0,15.0,,,,,,4,3.0,2.0,2.0,2.0,,,,,,COMPLETE
718,718,0.8855474046902816,2025-01-03 06:01:11.078934,2025-01-03 06:01:39.955399,0 days 00:00:28.876465,5,20,5.0,50.0,60.0,15.0,,,,,,4,3.0,2.0,2.0,2.0,,,,,,COMPLETE
719,719,0.828526714904386,2025-01-03 06:01:39.956115,2025-01-03 06:02:09.124841,0 days 00:00:29.168726,5,20,5.0,50.0,60.0,15.0,,,,,,4,3.0,2.0,2.0,2.0,,,,,,COMPLETE
720,720,0.6615890727849253,2025-01-03 06:02:09.125475,2025-01-03 06:02:38.950953,0 days 00:00:29.825478,5,20,5.0,50.0,60.0,15.0,,,,,,4,3.0,2.0,2.0,3.0,,,,,,COMPLETE
721,721,0.8824030553539546,2025-01-03 06:02:38.951800,2025-01-03 06:03:07.737304,0 days 00:00:28.785504,5,20,5.0,50.0,60.0,20.0,,,,,,4,3.0,2.0,2.0,2.0,,,,,,COMPLETE
722,722,0.862563098961505,2025-01-03 06:03:07.738025,2025-01-03 06:03:36.256929,0 days 00:00:28.518904,5,20,5.0,50.0,55.0,15.0,,,,,,4,3.0,2.0,2.0,2.0,,,,,,COMPLETE
723,723,0.8864668122868593,2025-01-03 06:03:36.257542,2025-01-03 06:04:04.813516,0 days 00:00:28.555974,5,20,5.0,45.0,60.0,15.0,,,,,,4,3.0,2.0,2.0,2.0,,,,,,COMPLETE
724,724,0.8246678116560809,2025-01-03 06:04:04.814455,2025-01-03 06:04:33.713322,0 days 00:00:28.898867,5,20,5.0,50.0,55.0,20.0,,,,,,4,3.0,2.0,2.0,2.0,,,,,,COMPLETE
725,725,0.8320155778494867,2025-01-03 06:04:33.713943,2025-01-03 06:05:09.009515,0 days 00:00:35.295572,5,65,5.0,50.0,55.0,15.0,,,,,,4,3.0,2.0,2.0,2.0,,,,,,COMPLETE
726,726,0.8776551578521945,2025-01-03 06:05:09.010476,2025-01-03 06:05:37.463474,0 days 00:00:28.452998,5,20,5.0,55.0,55.0,20.0,,,,,,4,3.0,2.0,2.0,2.0,,,,,,COMPLETE
727,727,0.8965834927238494,2025-01-03 06:05:37.464097,2025-01-03 06:06:06.161200,0 days 00:00:28.697103,5,20,5.0,50.0,55.0,20.0,,,,,,4,3.0,2.0,2.0,2.0,,,,,,COMPLETE
728,728,0.8907001842679234,2025-01-03 06:06:06.162028,2025-01-03 06:06:41.969068,0 days 00:00:35.807040,5,20,5.0,45.0,55.0,20.0,,,,,,4,3.0,2.0,5.0,2.0,,,,,,COMPLETE
729,729,0.885667082119916,2025-01-03 06:06:41.969819,2025-01-03 06:07:10.633694,0 days 00:00:28.663875,5,20,5.0,45.0,60.0,15.0,,,,,,4,3.0,2.0,2.0,2.0,,,,,,COMPLETE
730,730,0.874911174983551,2025-01-03 06:07:10.634317,2025-01-03 06:07:39.362213,0 days 00:00:28.727896,5,20,5.0,55.0,55.0,20.0,,,,,,4,3.0,2.0,2.0,2.0,,,,,,COMPLETE
731,731,0.829802315174704,2025-01-03 06:07:39.363182,2025-01-03 06:08:08.183423,0 days 00:00:28.820241,5,20,5.0,50.0,60.0,15.0,,,,,,4,3.0,2.0,2.0,2.0,,,,,,COMPLETE
732,732,0.786225243260161,2025-01-03 06:08:08.184043,2025-01-03 06:08:36.410765,0 days 00:00:28.226722,5,20,5.0,45.0,55.0,15.0,,,,,,4,3.0,2.0,2.0,2.0,,,,,,COMPLETE
733,733,0.8696708233652726,2025-01-03 06:08:36.411607,2025-01-03 06:09:04.688908,0 days 00:00:28.277301,5,20,5.0,50.0,55.0,20.0,,,,,,4,3.0,2.0,2.0,2.0,,,,,,COMPLETE
734,734,0.8264483348573788,2025-01-03 06:09:04.689664,2025-01-03 06:09:33.149884,0 days 00:00:28.460220,5,20,5.0,55.0,50.0,15.0,,,,,,4,3.0,2.0,2.0,2.0,,,,,,COMPLETE
735,735,0.8866554867246501,2025-01-03 06:09:33.150518,2025-01-03 06:10:06.755417,0 days 00:00:33.604899,5,20,5.0,50.0,55.0,20.0,,,,,,4,3.0,2.0,4.0,2.0,,,,,,COMPLETE
736,736,0.8560912771439088,2025-01-03 06:10:06.756371,2025-01-03 06:10:35.420968,0 days 00:00:28.664597,5,20,10.0,55.0,50.0,25.0,,,,,,4,3.0,2.0,2.0,2.0,,,,,,COMPLETE
737,737,0.8796462761277568,2025-01-03 06:10:35.421618,2025-01-03 06:11:11.215122,0 days 00:00:35.793504,6,20,5.0,50.0,60.0,20.0,5.0,,,,,4,3.0,2.0,2.0,2.0,5.0,,,,,COMPLETE
738,738,0.844935248135782,2025-01-03 06:11:11.215987,2025-01-03 06:11:39.568896,0 days 00:00:28.352909,5,20,10.0,45.0,60.0,15.0,,,,,,4,3.0,2.0,2.0,2.0,,,,,,COMPLETE
739,739,0.8877089577089576,2025-01-03 06:11:39.569687,2025-01-03 06:12:07.685917,0 days 00:00:28.116230,5,15,10.0,45.0,55.0,10.0,,,,,,4,3.0,2.0,2.0,2.0,,,,,,COMPLETE
740,740,0.8392004343882006,2025-01-03 06:12:07.686581,2025-01-03 06:12:36.674624,0 days 00:00:28.988043,5,15,5.0,50.0,50.0,25.0,,,,,,4,3.0,2.0,2.0,2.0,,,,,,COMPLETE
741,741,0.8769521288620017,2025-01-03 06:12:36.675615,2025-01-03 06:13:06.193166,0 days 00:00:29.517551,6,15,5.0,55.0,50.0,15.0,35.0,,,,,4,3.0,2.0,2.0,2.0,3.0,,,,,COMPLETE
742,742,0.8783063783555457,2025-01-03 06:13:06.193848,2025-01-03 06:13:17.691278,0 days 00:00:11.497430,1,20,,,,,,,,,,4,,,,,,,,,,COMPLETE
743,743,0.8745775037086594,2025-01-03 06:13:17.691814,2025-01-03 06:13:52.963746,0 days 00:00:35.271932,6,15,10.0,45.0,50.0,10.0,5.0,,,,,4,3.0,2.0,2.0,2.0,5.0,,,,,COMPLETE
744,744,0.8815121255349501,2025-01-03 06:13:52.964720,2025-01-03 06:14:22.037889,0 days 00:00:29.073169,5,15,5.0,50.0,60.0,20.0,,,,,,4,3.0,2.0,2.0,2.0,,,,,,COMPLETE
745,745,0.8924263017963608,2025-01-03 06:14:22.038562,2025-01-03 06:14:53.904155,0 days 00:00:31.865593,6,20,5.0,45.0,55.0,15.0,5.0,,,,,4,3.0,2.0,2.0,2.0,3.0,,,,,COMPLETE
746,746,0.8934577744516723,2025-01-03 06:14:53.905079,2025-01-03 06:15:22.777236,0 days 00:00:28.872157,5,20,5.0,45.0,55.0,25.0,,,,,,4,3.0,2.0,2.0,2.0,,,,,,COMPLETE
747,747,0.8113243797423326,2025-01-03 06:15:22.777981,2025-01-03 06:15:51.127126,0 days 00:00:28.349145,5,20,5.0,45.0,55.0,20.0,,,,,,4,3.0,2.0,2.0,2.0,,,,,,COMPLETE
748,748,0.8567635486641687,2025-01-03 06:15:51.127769,2025-01-03 06:16:21.805402,0 days 00:00:30.677633,5,25,5.0,70.0,55.0,20.0,,,,,,4,3.0,2.0,2.0,2.0,,,,,,COMPLETE
749,749,0.8091002631750444,2025-01-03 06:16:21.806156,2025-01-03 06:16:50.166779,0 days 00:00:28.360623,5,20,5.0,45.0,55.0,15.0,,,,,,4,3.0,2.0,2.0,2.0,,,,,,COMPLETE
750,750,0.8777066173428834,2025-01-03 06:16:50.167533,2025-01-03 06:17:18.717988,0 days 00:00:28.550455,5,25,5.0,45.0,55.0,15.0,,,,,,4,3.0,2.0,2.0,2.0,,,,,,COMPLETE
751,751,0.8154518418056563,2025-01-03 06:17:18.718708,2025-01-03 06:17:47.704148,0 days 00:00:28.985440,5,20,5.0,45.0,60.0,25.0,,,,,,4,3.0,2.0,2.0,2.0,,,,,,COMPLETE
752,752,0.8763356929217858,2025-01-03 06:17:47.704895,2025-01-03 06:18:15.431157,0 days 00:00:27.726262,5,20,5.0,45.0,55.0,20.0,,,,,,4,3.0,2.0,2.0,2.0,,,,,,COMPLETE
753,753,0.8411922069900737,2025-01-03 06:18:15.431782,2025-01-03 06:18:43.600884,0 days 00:00:28.169102,5,20,5.0,45.0,55.0,25.0,,,,,,4,3.0,2.0,2.0,2.0,,,,,,COMPLETE
754,754,0.8127750238496836,2025-01-03 06:18:43.601595,2025-01-03 06:19:11.932956,0 days 00:00:28.331361,5,20,5.0,45.0,55.0,20.0,,,,,,4,3.0,2.0,2.0,2.0,,,,,,COMPLETE
755,755,0.858176733112695,2025-01-03 06:19:11.933691,2025-01-03 06:19:39.751774,0 days 00:00:27.818083,5,25,5.0,50.0,50.0,15.0,,,,,,4,3.0,2.0,2.0,2.0,,,,,,COMPLETE
756,756,0.8882913192609723,2025-01-03 06:19:39.752389,2025-01-03 06:20:07.980231,0 days 00:00:28.227842,5,20,5.0,50.0,55.0,20.0,,,,,,4,3.0,2.0,2.0,2.0,,,,,,COMPLETE
757,757,0.8346820032025817,2025-01-03 06:20:07.981046,2025-01-03 06:20:40.762267,0 days 00:00:32.781221,6,25,5.0,45.0,60.0,15.0,5.0,,,,,4,3.0,2.0,2.0,2.0,3.0,,,,,COMPLETE
758,758,0.8605437558888733,2025-01-03 06:20:40.762952,2025-01-03 06:21:14.059275,0 days 00:00:33.296323,6,20,5.0,50.0,50.0,10.0,5.0,,,,,4,3.0,2.0,2.0,2.0,4.0,,,,,COMPLETE
759,759,0.8874006936992482,2025-01-03 06:21:14.060051,2025-01-03 06:21:51.470396,0 days 00:00:37.410345,5,20,5.0,45.0,60.0,25.0,,,,,,4,3.0,2.0,5.0,2.0,,,,,,COMPLETE
760,760,0.819638001006078,2025-01-03 06:21:51.471188,2025-01-03 06:22:19.646252,0 days 00:00:28.175064,5,20,10.0,50.0,55.0,15.0,,,,,,4,3.0,2.0,2.0,2.0,,,,,,COMPLETE
761,761,0.8508340540171797,2025-01-03 06:22:19.646988,2025-01-03 06:22:51.416033,0 days 00:00:31.769045,6,25,5.0,45.0,50.0,10.0,10.0,,,,,4,3.0,2.0,2.0,2.0,3.0,,,,,COMPLETE
762,762,0.8839260075004836,2025-01-03 06:22:51.416858,2025-01-03 06:23:19.536621,0 days 00:00:28.119763,5,20,10.0,50.0,50.0,20.0,,,,,,4,3.0,2.0,2.0,2.0,,,,,,COMPLETE
763,763,0.8578201640351938,2025-01-03 06:23:19.537280,2025-01-03 06:23:50.365935,0 days 00:00:30.828655,5,20,5.0,45.0,60.0,15.0,,,,,,4,3.0,2.0,3.0,2.0,,,,,,COMPLETE
764,764,0.8756607843763854,2025-01-03 06:23:50.366695,2025-01-03 06:24:22.136677,0 days 00:00:31.769982,6,20,5.0,55.0,55.0,20.0,5.0,,,,,4,3.0,2.0,2.0,2.0,3.0,,,,,COMPLETE
765,765,0.8674152691462218,2025-01-03 06:24:22.137473,2025-01-03 06:24:52.305221,0 days 00:00:30.167748,5,25,10.0,50.0,55.0,25.0,,,,,,4,3.0,2.0,2.0,2.0,,,,,,COMPLETE
766,766,0.8590458903804252,2025-01-03 06:24:52.305939,2025-01-03 06:25:25.948925,0 days 00:00:33.642986,6,20,10.0,45.0,50.0,10.0,5.0,,,,,4,3.0,2.0,2.0,2.0,4.0,,,,,COMPLETE
767,767,0.8248088463156324,2025-01-03 06:25:25.949755,2025-01-03 06:25:54.289123,0 days 00:00:28.339368,5,20,5.0,55.0,55.0,15.0,,,,,,4,3.0,2.0,2.0,2.0,,,,,,COMPLETE
768,768,0.8701734694117594,2025-01-03 06:25:54.289787,2025-01-03 06:26:23.129325,0 days 00:00:28.839538,5,15,5.0,50.0,60.0,15.0,,,,,,4,3.0,2.0,2.0,2.0,,,,,,COMPLETE
769,769,0.8641828377211123,2025-01-03 06:26:23.130103,2025-01-03 06:26:52.535562,0 days 00:00:29.405459,5,20,10.0,50.0,50.0,25.0,,,,,,4,3.0,2.0,2.0,2.0,,,,,,COMPLETE
770,770,0.8715532049019745,2025-01-03 06:26:52.536360,2025-01-03 06:27:18.392356,0 days 00:00:25.855996,4,25,5.0,45.0,55.0,,,,,,,4,3.0,2.0,2.0,,,,,,,COMPLETE
771,771,0.8723082810725397,2025-01-03 06:27:18.393061,2025-01-03 06:28:41.751100,0 days 00:01:23.358039,9,15,10.0,45.0,60.0,20.0,5.0,100.0,95.0,10.0,,4,3.0,2.0,2.0,2.0,4.0,4.0,6.0,4.0,,COMPLETE
772,772,0.8915520362840647,2025-01-03 06:28:41.752058,2025-01-03 06:29:10.292707,0 days 00:00:28.540649,5,20,5.0,50.0,50.0,10.0,,,,,,4,3.0,2.0,2.0,2.0,,,,,,COMPLETE
773,773,0.8726091070264478,2025-01-03 06:29:10.293491,2025-01-03 06:29:43.604910,0 days 00:00:33.311419,6,15,10.0,55.0,50.0,10.0,10.0,,,,,4,3.0,2.0,2.0,2.0,3.0,,,,,COMPLETE
774,774,0.8787540463340902,2025-01-03 06:29:43.605620,2025-01-03 06:30:15.928070,0 days 00:00:32.322450,6,20,5.0,45.0,55.0,15.0,5.0,,,,,4,3.0,2.0,2.0,2.0,3.0,,,,,COMPLETE
775,775,0.8380726585417381,2025-01-03 06:30:15.928971,2025-01-03 06:30:41.465593,0 days 00:00:25.536622,4,15,5.0,50.0,55.0,,,,,,,4,3.0,2.0,2.0,,,,,,,COMPLETE
776,776,0.8786004160455196,2025-01-03 06:30:41.466260,2025-01-03 06:31:12.294305,0 days 00:00:30.828045,5,25,10.0,55.0,60.0,20.0,,,,,,4,3.0,2.0,2.0,2.0,,,,,,COMPLETE
777,777,0.8401654130717808,2025-01-03 06:31:12.295086,2025-01-03 06:31:23.976442,0 days 00:00:11.681356,1,15,,,,,,,,,,4,,,,,,,,,,COMPLETE
778,778,0.8466081925181034,2025-01-03 06:31:23.977123,2025-01-03 06:31:53.512033,0 days 00:00:29.534910,4,20,10.0,45.0,50.0,,,,,,,4,3.0,2.0,4.0,,,,,,,COMPLETE
779,779,0.8650578452039106,2025-01-03 06:31:53.512683,2025-01-03 06:32:26.814873,0 days 00:00:33.302190,4,15,5.0,65.0,55.0,,,,,,,4,3.0,2.0,5.0,,,,,,,COMPLETE
780,780,0.8895010999260273,2025-01-03 06:32:26.815612,2025-01-03 06:32:56.222294,0 days 00:00:29.406682,5,25,10.0,50.0,50.0,25.0,,,,,,4,3.0,2.0,2.0,2.0,,,,,,COMPLETE
781,781,0.8424168146291869,2025-01-03 06:32:56.223025,2025-01-03 06:33:21.395116,0 days 00:00:25.172091,4,15,5.0,45.0,55.0,,,,,,,4,3.0,2.0,2.0,,,,,,,COMPLETE
782,782,0.8979405707561048,2025-01-03 06:33:21.395711,2025-01-03 06:33:50.111142,0 days 00:00:28.715431,5,20,5.0,55.0,55.0,20.0,,,,,,4,3.0,2.0,2.0,2.0,,,,,,COMPLETE
783,783,0.8799133812786908,2025-01-03 06:33:50.111981,2025-01-03 06:34:19.431564,0 days 00:00:29.319583,5,20,5.0,55.0,55.0,20.0,,,,,,4,3.0,2.0,2.0,2.0,,,,,,COMPLETE
784,784,0.8604853197735975,2025-01-03 06:34:19.432212,2025-01-03 06:34:48.383169,0 days 00:00:28.950957,5,15,5.0,60.0,60.0,20.0,,,,,,4,3.0,2.0,2.0,2.0,,,,,,COMPLETE
785,785,0.8959576474893052,2025-01-03 06:34:48.383897,2025-01-03 06:35:18.105502,0 days 00:00:29.721605,5,20,5.0,55.0,55.0,25.0,,,,,,4,3.0,2.0,3.0,2.0,,,,,,COMPLETE
786,786,0.7900331125827814,2025-01-03 06:35:18.106251,2025-01-03 06:35:49.953661,0 days 00:00:31.847410,5,25,5.0,55.0,55.0,15.0,,,,,,4,3.0,2.0,3.0,2.0,,,,,,COMPLETE
787,787,0.8771615886604041,2025-01-03 06:35:49.954286,2025-01-03 06:36:21.719022,0 days 00:00:31.764736,5,25,5.0,55.0,55.0,15.0,,,,,,4,3.0,2.0,3.0,2.0,,,,,,COMPLETE
788,788,0.8934304661133929,2025-01-03 06:36:21.719864,2025-01-03 06:36:53.641592,0 days 00:00:31.921728,5,20,5.0,60.0,55.0,25.0,,,,,,4,3.0,2.0,3.0,2.0,,,,,,COMPLETE
789,789,0.8256139923754366,2025-01-03 06:36:53.642244,2025-01-03 06:37:28.879952,0 days 00:00:35.237708,5,20,5.0,65.0,55.0,25.0,,,,,,4,3.0,2.0,4.0,2.0,,,,,,COMPLETE
790,790,0.8812679568493522,2025-01-03 06:37:28.880822,2025-01-03 06:38:01.233316,0 days 00:00:32.352494,5,20,5.0,60.0,55.0,20.0,,,,,,4,3.0,2.0,3.0,2.0,,,,,,COMPLETE
791,791,0.8885742233941039,2025-01-03 06:38:01.233940,2025-01-03 06:38:34.571993,0 days 00:00:33.338053,5,20,5.0,60.0,60.0,25.0,,,,,,4,3.0,2.0,3.0,2.0,,,,,,COMPLETE
792,792,0.8640695230760872,2025-01-03 06:38:34.572856,2025-01-03 06:39:06.942406,0 days 00:00:32.369550,5,20,10.0,60.0,55.0,20.0,,,,,,4,3.0,2.0,3.0,2.0,,,,,,COMPLETE
793,793,0.8715065602277143,2025-01-03 06:39:06.943042,2025-01-03 06:39:39.743553,0 days 00:00:32.800511,5,20,10.0,60.0,55.0,25.0,,,,,,4,3.0,2.0,3.0,2.0,,,,,,COMPLETE
794,794,0.8556983221232732,2025-01-03 06:39:39.744315,2025-01-03 06:40:13.474813,0 days 00:00:33.730498,5,20,5.0,60.0,50.0,20.0,,,,,,4,3.0,2.0,4.0,2.0,,,,,,COMPLETE
795,795,0.7639419872289392,2025-01-03 06:40:13.475595,2025-01-03 06:40:45.239740,0 days 00:00:31.764145,5,20,5.0,50.0,55.0,25.0,,,,,,4,3.0,2.0,3.0,2.0,,,,,,COMPLETE
796,796,0.892662029346891,2025-01-03 06:40:45.240506,2025-01-03 06:41:21.229259,0 days 00:00:35.988753,5,20,10.0,65.0,55.0,15.0,,,,,,4,3.0,2.0,4.0,2.0,,,,,,COMPLETE
797,797,0.8304894479817349,2025-01-03 06:41:21.230022,2025-01-03 06:41:56.909735,0 days 00:00:35.679713,5,20,10.0,65.0,55.0,25.0,,,,,,4,3.0,2.0,4.0,2.0,,,,,,COMPLETE
798,798,0.8798110461036706,2025-01-03 06:41:56.910470,2025-01-03 06:42:43.445660,0 days 00:00:46.535190,5,80,10.0,70.0,55.0,20.0,,,,,,4,3.0,2.0,4.0,2.0,,,,,,COMPLETE
799,799,0.8671442272012209,2025-01-03 06:42:43.446477,2025-01-03 06:43:17.242439,0 days 00:00:33.795962,5,20,10.0,65.0,60.0,20.0,,,,,,4,3.0,2.0,3.0,2.0,,,,,,COMPLETE
800,800,0.8381043623969494,2025-01-03 06:43:17.243297,2025-01-03 06:43:51.603782,0 days 00:00:34.360485,5,20,5.0,65.0,50.0,15.0,,,,,,4,3.0,2.0,4.0,2.0,,,,,,COMPLETE
801,801,0.8929699228985339,2025-01-03 06:43:51.604442,2025-01-03 06:44:25.742687,0 days 00:00:34.138245,5,20,10.0,65.0,60.0,25.0,,,,,,4,3.0,2.0,3.0,2.0,,,,,,COMPLETE
802,802,0.7975847634325668,2025-01-03 06:44:25.743449,2025-01-03 06:44:59.470620,0 days 00:00:33.727171,5,20,10.0,70.0,60.0,25.0,,,,,,4,3.0,2.0,3.0,2.0,,,,,,COMPLETE
803,803,0.8126168821222797,2025-01-03 06:44:59.471389,2025-01-03 06:45:34.155233,0 days 00:00:34.683844,5,25,10.0,65.0,60.0,25.0,,,,,,4,3.0,2.0,3.0,2.0,,,,,,COMPLETE
804,804,0.8945619664947014,2025-01-03 06:45:34.156002,2025-01-03 06:46:07.617110,0 days 00:00:33.461108,5,15,10.0,70.0,60.0,25.0,,,,,,4,3.0,2.0,3.0,2.0,,,,,,COMPLETE
805,805,0.8909423042871136,2025-01-03 06:46:07.617857,2025-01-03 06:46:40.553913,0 days 00:00:32.936056,5,15,10.0,70.0,60.0,25.0,,,,,,4,3.0,2.0,3.0,2.0,,,,,,COMPLETE
806,806,0.871805520522784,2025-01-03 06:46:40.554653,2025-01-03 06:47:13.983331,0 days 00:00:33.428678,5,15,10.0,70.0,60.0,25.0,,,,,,4,3.0,2.0,3.0,2.0,,,,,,COMPLETE
807,807,0.843410747990258,2025-01-03 06:47:13.984074,2025-01-03 06:47:48.376158,0 days 00:00:34.392084,5,15,10.0,75.0,65.0,30.0,,,,,,4,3.0,2.0,3.0,2.0,,,,,,COMPLETE
808,808,0.8895314227959426,2025-01-03 06:47:48.376904,2025-01-03 06:48:21.944034,0 days 00:00:33.567130,5,15,10.0,70.0,60.0,25.0,,,,,,4,3.0,2.0,3.0,2.0,,,,,,COMPLETE
809,809,0.8484831943483782,2025-01-03 06:48:21.944779,2025-01-03 06:48:53.414833,0 days 00:00:31.470054,5,15,10.0,70.0,60.0,25.0,,,,,,4,3.0,2.0,3.0,2.0,,,,,,COMPLETE
810,810,0.8706780212766683,2025-01-03 06:48:53.415578,2025-01-03 06:49:26.081427,0 days 00:00:32.665849,5,15,10.0,65.0,60.0,30.0,,,,,,4,3.0,2.0,3.0,2.0,,,,,,COMPLETE
811,811,0.8369569235813216,2025-01-03 06:49:26.082187,2025-01-03 06:49:58.432540,0 days 00:00:32.350353,5,15,10.0,65.0,55.0,25.0,,,,,,4,3.0,2.0,3.0,2.0,,,,,,COMPLETE
812,812,0.8672771411670375,2025-01-03 06:49:58.433185,2025-01-03 06:50:32.972104,0 days 00:00:34.538919,5,15,5.0,75.0,60.0,20.0,,,,,,4,4.0,2.0,3.0,2.0,,,,,,COMPLETE
813,813,0.8806681618004881,2025-01-03 06:50:32.972969,2025-01-03 06:51:06.529863,0 days 00:00:33.556894,5,20,10.0,70.0,55.0,30.0,,,,,,4,3.0,2.0,3.0,2.0,,,,,,COMPLETE
814,814,0.8418823833595486,2025-01-03 06:51:06.530504,2025-01-03 06:51:37.505057,0 days 00:00:30.974553,5,15,5.0,65.0,50.0,25.0,,,,,,4,3.0,2.0,3.0,2.0,,,,,,COMPLETE
815,815,0.870910476749468,2025-01-03 06:51:37.505916,2025-01-03 06:52:13.026348,0 days 00:00:35.520432,5,20,10.0,75.0,65.0,20.0,,,,,,4,3.0,2.0,3.0,2.0,,,,,,COMPLETE
816,816,0.875229830010505,2025-01-03 06:52:13.027011,2025-01-03 06:52:41.447643,0 days 00:00:28.420632,5,15,5.0,65.0,60.0,30.0,,,,,,4,3.0,2.0,3.0,2.0,,,,,,COMPLETE
817,817,0.7044384640671424,2025-01-03 06:52:41.448517,2025-01-03 06:53:14.522801,0 days 00:00:33.074284,5,15,10.0,70.0,55.0,20.0,,,,,,4,3.0,2.0,3.0,2.0,,,,,,COMPLETE
818,818,0.8796379570310311,2025-01-03 06:53:14.523495,2025-01-03 06:53:52.718933,0 days 00:00:38.195438,5,20,55.0,70.0,50.0,25.0,,,,,,4,3.0,2.0,3.0,2.0,,,,,,COMPLETE
819,819,0.8895623342175066,2025-01-03 06:53:52.719771,2025-01-03 06:54:24.265418,0 days 00:00:31.545647,5,20,5.0,60.0,55.0,20.0,,,,,,4,3.0,2.0,3.0,2.0,,,,,,COMPLETE
820,820,0.879938166453823,2025-01-03 06:54:24.266094,2025-01-03 06:54:57.896339,0 days 00:00:33.630245,5,20,10.0,65.0,55.0,25.0,,,,,,4,3.0,2.0,3.0,2.0,,,,,,COMPLETE
821,821,0.8601616814245929,2025-01-03 06:54:57.897192,2025-01-03 06:55:33.106985,0 days 00:00:35.209793,5,15,5.0,80.0,65.0,30.0,,,,,,4,3.0,2.0,3.0,2.0,,,,,,COMPLETE
822,822,0.8681921422830428,2025-01-03 06:55:33.107662,2025-01-03 06:56:05.226900,0 days 00:00:32.119238,5,20,5.0,65.0,50.0,20.0,,,,,,4,3.0,2.0,3.0,2.0,,,,,,COMPLETE
823,823,0.8967065673664973,2025-01-03 06:56:05.227781,2025-01-03 06:56:38.320940,0 days 00:00:33.093159,5,15,10.0,65.0,60.0,25.0,,,,,,4,3.0,2.0,3.0,2.0,,,,,,COMPLETE
824,824,0.7583321220712924,2025-01-03 06:56:38.321599,2025-01-03 06:57:11.704926,0 days 00:00:33.383327,5,15,10.0,65.0,60.0,25.0,,,,,,4,3.0,2.0,3.0,2.0,,,,,,COMPLETE
825,825,0.8882732382904726,2025-01-03 06:57:11.705681,2025-01-03 06:57:45.719040,0 days 00:00:34.013359,5,20,5.0,65.0,65.0,25.0,,,,,,4,3.0,2.0,3.0,2.0,,,,,,COMPLETE
826,826,0.8099532650643524,2025-01-03 06:57:45.719838,2025-01-03 06:58:19.632619,0 days 00:00:33.912781,5,20,10.0,70.0,60.0,20.0,,,,,,4,3.0,2.0,3.0,2.0,,,,,,COMPLETE
827,827,0.8701827162232735,2025-01-03 06:58:19.633388,2025-01-03 06:58:51.588615,0 days 00:00:31.955227,5,15,5.0,60.0,60.0,25.0,,,,,,4,3.0,2.0,3.0,2.0,,,,,,COMPLETE
828,828,0.8615619458792692,2025-01-03 06:58:51.589418,2025-01-03 06:59:24.029735,0 days 00:00:32.440317,5,15,10.0,65.0,60.0,20.0,,,,,,4,3.0,2.0,3.0,2.0,,,,,,COMPLETE
829,829,0.8650484930273923,2025-01-03 06:59:24.030484,2025-01-03 06:59:55.443448,0 days 00:00:31.412964,5,15,5.0,65.0,55.0,25.0,,,,,,4,3.0,2.0,3.0,2.0,,,,,,COMPLETE
830,830,0.8913422918183804,2025-01-03 06:59:55.444242,2025-01-03 07:00:28.218049,0 days 00:00:32.773807,5,20,10.0,60.0,60.0,25.0,,,,,,4,3.0,2.0,3.0,2.0,,,,,,COMPLETE
831,831,0.8909605428843682,2025-01-03 07:00:28.218713,2025-01-03 07:01:08.197575,0 days 00:00:39.978862,5,20,65.0,70.0,55.0,20.0,,,,,,4,3.0,2.0,3.0,2.0,,,,,,COMPLETE
832,832,0.8944910761054259,2025-01-03 07:01:08.198481,2025-01-03 07:01:41.800794,0 days 00:00:33.602313,5,25,5.0,60.0,65.0,20.0,,,,,,4,3.0,2.0,3.0,2.0,,,,,,COMPLETE
833,833,0.8906800679145864,2025-01-03 07:01:41.801571,2025-01-03 07:02:16.039251,0 days 00:00:34.237680,5,25,5.0,60.0,65.0,25.0,,,,,,4,3.0,2.0,3.0,2.0,,,,,,COMPLETE
834,834,0.8883304497322632,2025-01-03 07:02:16.040018,2025-01-03 07:02:49.096904,0 days 00:00:33.056886,5,15,5.0,60.0,65.0,30.0,,,,,,4,3.0,2.0,3.0,2.0,,,,,,COMPLETE
835,835,0.8573377444730501,2025-01-03 07:02:49.097679,2025-01-03 07:03:21.579981,0 days 00:00:32.482302,5,15,5.0,60.0,65.0,20.0,,,,,,4,3.0,2.0,3.0,2.0,,,,,,COMPLETE
836,836,0.8799549836598437,2025-01-03 07:03:21.580765,2025-01-03 07:03:54.931025,0 days 00:00:33.350260,5,25,5.0,55.0,60.0,25.0,,,,,,4,3.0,2.0,3.0,2.0,,,,,,COMPLETE
837,837,0.8914442697341893,2025-01-03 07:03:54.931683,2025-01-03 07:04:29.123400,0 days 00:00:34.191717,5,15,5.0,75.0,65.0,20.0,,,,,,4,3.0,2.0,3.0,2.0,,,,,,COMPLETE
838,838,0.8755159762602109,2025-01-03 07:04:29.124271,2025-01-03 07:05:01.396179,0 days 00:00:32.271908,5,15,5.0,60.0,60.0,25.0,,,,,,4,3.0,2.0,3.0,2.0,,,,,,COMPLETE
839,839,0.8773855975044278,2025-01-03 07:05:01.396849,2025-01-03 07:05:34.665226,0 days 00:00:33.268377,5,20,5.0,60.0,60.0,30.0,,,,,,4,3.0,2.0,3.0,2.0,,,,,,COMPLETE
840,840,0.8869591853554344,2025-01-03 07:05:34.666103,2025-01-03 07:06:08.190782,0 days 00:00:33.524679,5,25,5.0,60.0,60.0,20.0,,,,,,4,3.0,2.0,3.0,2.0,,,,,,COMPLETE
841,841,0.8709526776282998,2025-01-03 07:06:08.191439,2025-01-03 07:06:41.899970,0 days 00:00:33.708531,5,20,5.0,60.0,65.0,25.0,,,,,,4,3.0,2.0,3.0,2.0,,,,,,COMPLETE
842,842,0.8920482715429501,2025-01-03 07:06:41.900622,2025-01-03 07:07:17.091799,0 days 00:00:35.191177,5,15,5.0,55.0,60.0,60.0,,,,,,4,3.0,2.0,3.0,2.0,,,,,,COMPLETE
843,843,0.8881494389610785,2025-01-03 07:07:17.092676,2025-01-03 07:07:47.827557,0 days 00:00:30.734881,5,20,5.0,55.0,50.0,20.0,,,,,,4,3.0,2.0,3.0,2.0,,,,,,COMPLETE
844,844,0.8182495745339633,2025-01-03 07:07:47.828214,2025-01-03 07:08:29.927238,0 days 00:00:42.099024,5,55,5.0,60.0,55.0,75.0,,,,,,4,3.0,2.0,3.0,2.0,,,,,,COMPLETE
845,845,0.7715234101187889,2025-01-03 07:08:29.928056,2025-01-03 07:09:02.288384,0 days 00:00:32.360328,5,15,10.0,65.0,55.0,30.0,,,,,,4,3.0,2.0,3.0,2.0,,,,,,COMPLETE
846,846,0.865413305424255,2025-01-03 07:09:02.289121,2025-01-03 07:09:34.087931,0 days 00:00:31.798810,5,15,5.0,55.0,60.0,25.0,,,,,,4,3.0,2.0,3.0,2.0,,,,,,COMPLETE
847,847,0.7568881796420837,2025-01-03 07:09:34.088606,2025-01-03 07:10:06.976313,0 days 00:00:32.887707,5,25,10.0,60.0,50.0,20.0,,,,,,4,3.0,2.0,3.0,2.0,,,,,,COMPLETE
848,848,0.8230446355884502,2025-01-03 07:10:06.977201,2025-01-03 07:10:47.763842,0 days 00:00:40.786641,5,20,70.0,70.0,55.0,25.0,,,,,,4,3.0,2.0,3.0,2.0,,,,,,COMPLETE
849,849,0.879873849957971,2025-01-03 07:10:47.764527,2025-01-03 07:11:28.866263,0 days 00:00:41.101736,5,70,5.0,55.0,60.0,20.0,,,,,,4,3.0,2.0,3.0,2.0,,,,,,COMPLETE
850,850,0.8846373167768617,2025-01-03 07:11:28.867134,2025-01-03 07:12:01.031450,0 days 00:00:32.164316,5,15,10.0,65.0,50.0,30.0,,,,,,4,3.0,2.0,3.0,2.0,,,,,,COMPLETE
851,851,0.8478718348398022,2025-01-03 07:12:01.032111,2025-01-03 07:12:33.768111,0 days 00:00:32.736000,5,20,5.0,55.0,65.0,25.0,,,,,,4,3.0,2.0,3.0,2.0,,,,,,COMPLETE
852,852,0.8323959751977619,2025-01-03 07:12:33.768911,2025-01-03 07:13:09.074448,0 days 00:00:35.305537,5,45,5.0,60.0,55.0,20.0,,,,,,4,3.0,2.0,3.0,2.0,,,,,,COMPLETE
853,853,0.8862479173984047,2025-01-03 07:13:09.075192,2025-01-03 07:13:40.108572,0 days 00:00:31.033380,5,15,5.0,55.0,55.0,30.0,,,,,,4,3.0,2.0,3.0,2.0,,,,,,COMPLETE
854,854,0.8443536665416354,2025-01-03 07:13:40.109216,2025-01-03 07:14:16.542352,0 days 00:00:36.433136,5,20,10.0,65.0,50.0,70.0,,,,,,4,3.0,2.0,3.0,2.0,,,,,,COMPLETE
855,855,0.8066500832995049,2025-01-03 07:14:16.543254,2025-01-03 07:14:51.790859,0 days 00:00:35.247605,5,15,10.0,75.0,65.0,20.0,,,,,,4,4.0,2.0,3.0,2.0,,,,,,COMPLETE
856,856,0.8662124013954458,2025-01-03 07:14:51.791528,2025-01-03 07:15:24.944859,0 days 00:00:33.153331,5,25,5.0,55.0,60.0,25.0,,,,,,4,3.0,2.0,3.0,2.0,,,,,,COMPLETE
857,857,0.881540179326679,2025-01-03 07:15:24.945523,2025-01-03 07:16:03.278429,0 days 00:00:38.332906,5,20,55.0,60.0,55.0,25.0,,,,,,4,3.0,2.0,3.0,2.0,,,,,,COMPLETE
858,858,0.8648555916737353,2025-01-03 07:16:03.279326,2025-01-03 07:17:15.774815,0 days 00:01:12.495489,9,20,10.0,60.0,50.0,20.0,90.0,20.0,30.0,20.0,,4,3.0,2.0,3.0,2.0,5.0,2.0,5.0,5.0,,COMPLETE
859,859,0.8940333914021326,2025-01-03 07:17:15.775796,2025-01-03 07:17:46.648701,0 days 00:00:30.872905,5,20,5.0,50.0,55.0,20.0,,,,,,4,3.0,2.0,3.0,2.0,,,,,,COMPLETE
860,860,0.8325512717651908,2025-01-03 07:17:46.649399,2025-01-03 07:18:18.228293,0 days 00:00:31.578894,5,25,5.0,50.0,55.0,20.0,,,,,,4,3.0,2.0,3.0,2.0,,,,,,COMPLETE
861,861,0.8845481793027639,2025-01-03 07:18:18.228985,2025-01-03 07:18:50.286102,0 days 00:00:32.057117,5,25,5.0,50.0,55.0,20.0,,,,,,4,3.0,2.0,3.0,2.0,,,,,,COMPLETE
862,862,0.8747587039773517,2025-01-03 07:18:50.287009,2025-01-03 07:19:21.273563,0 days 00:00:30.986554,5,20,5.0,50.0,55.0,25.0,,,,,,4,3.0,2.0,3.0,2.0,,,,,,COMPLETE
863,863,0.8814968297389372,2025-01-03 07:19:21.274251,2025-01-03 07:19:52.538501,0 days 00:00:31.264250,5,20,5.0,55.0,55.0,20.0,,,,,,4,3.0,2.0,3.0,2.0,,,,,,COMPLETE
864,864,0.8686114511242378,2025-01-03 07:19:52.539209,2025-01-03 07:20:25.526351,0 days 00:00:32.987142,5,25,5.0,50.0,60.0,25.0,,,,,,4,3.0,2.0,3.0,2.0,,,,,,COMPLETE
865,865,0.8177214642023144,2025-01-03 07:20:25.527235,2025-01-03 07:20:55.782930,0 days 00:00:30.255695,5,20,5.0,50.0,50.0,15.0,,,,,,4,3.0,2.0,3.0,2.0,,,,,,COMPLETE
866,866,0.891990520361639,2025-01-03 07:20:55.783601,2025-01-03 07:21:26.795945,0 days 00:00:31.012344,5,20,5.0,50.0,55.0,20.0,,,,,,4,3.0,2.0,3.0,2.0,,,,,,COMPLETE
867,867,0.894350721030398,2025-01-03 07:21:26.796630,2025-01-03 07:21:58.301057,0 days 00:00:31.504427,5,20,5.0,55.0,55.0,25.0,,,,,,4,3.0,2.0,3.0,2.0,,,,,,COMPLETE
868,868,0.7873665436722586,2025-01-03 07:21:58.301970,2025-01-03 07:22:29.318294,0 days 00:00:31.016324,5,25,5.0,55.0,50.0,15.0,,,,,,4,3.0,2.0,3.0,2.0,,,,,,COMPLETE
869,869,0.8882439452096909,2025-01-03 07:22:29.318954,2025-01-03 07:23:00.619649,0 days 00:00:31.300695,5,20,5.0,55.0,55.0,20.0,,,,,,4,3.0,2.0,3.0,2.0,,,,,,COMPLETE
870,870,0.861587316432141,2025-01-03 07:23:00.620445,2025-01-03 07:23:32.265442,0 days 00:00:31.644997,5,25,5.0,55.0,50.0,20.0,,,,,,4,3.0,2.0,3.0,2.0,,,,,,COMPLETE
871,871,0.8291054186620779,2025-01-03 07:23:32.266197,2025-01-03 07:24:04.043789,0 days 00:00:31.777592,5,20,5.0,55.0,55.0,25.0,,,,,,4,3.0,2.0,3.0,2.0,,,,,,COMPLETE
872,872,0.8879210649110418,2025-01-03 07:24:04.044468,2025-01-03 07:24:35.216605,0 days 00:00:31.172137,5,20,5.0,55.0,55.0,20.0,,,,,,4,3.0,2.0,3.0,2.0,,,,,,COMPLETE
873,873,0.897447743533866,2025-01-03 07:24:35.217405,2025-01-03 07:25:05.549687,0 days 00:00:30.332282,5,20,5.0,50.0,50.0,15.0,,,,,,4,3.0,2.0,3.0,2.0,,,,,,COMPLETE
874,874,0.8345881319516812,2025-01-03 07:25:05.550431,2025-01-03 07:25:35.217305,0 days 00:00:29.666874,5,20,5.0,50.0,50.0,15.0,,,,,,4,3.0,2.0,3.0,2.0,,,,,,COMPLETE
875,875,0.8704373649004611,2025-01-03 07:25:35.217965,2025-01-03 07:26:05.728625,0 days 00:00:30.510660,5,20,5.0,55.0,50.0,15.0,,,,,,4,3.0,2.0,3.0,2.0,,,,,,COMPLETE
876,876,0.8865367474152388,2025-01-03 07:26:05.729430,2025-01-03 07:26:37.755551,0 days 00:00:32.026121,5,25,5.0,50.0,50.0,15.0,,,,,,4,4.0,2.0,3.0,2.0,,,,,,COMPLETE
877,877,0.8356160564862947,2025-01-03 07:26:37.756322,2025-01-03 07:27:08.352051,0 days 00:00:30.595729,5,15,5.0,50.0,50.0,20.0,,,,,,4,3.0,2.0,3.0,2.0,,,,,,COMPLETE
878,878,0.8605528114945737,2025-01-03 07:27:08.352727,2025-01-03 07:27:38.330163,0 days 00:00:29.977436,5,20,5.0,55.0,50.0,15.0,,,,,,4,3.0,2.0,3.0,2.0,,,,,,COMPLETE
879,879,0.8865245265073727,2025-01-03 07:27:38.330828,2025-01-03 07:28:08.861954,0 days 00:00:30.531126,5,15,5.0,50.0,50.0,15.0,,,,,,4,3.0,2.0,3.0,2.0,,,,,,COMPLETE
880,880,0.8903604755723291,2025-01-03 07:28:08.862844,2025-01-03 07:28:39.363474,0 days 00:00:30.500630,5,25,5.0,50.0,50.0,20.0,,,,,,4,3.0,2.0,3.0,2.0,,,,,,COMPLETE
881,881,0.8511765795700305,2025-01-03 07:28:39.364148,2025-01-03 07:29:15.731972,0 days 00:00:36.367824,5,50,5.0,55.0,55.0,25.0,,,,,,4,3.0,2.0,3.0,2.0,,,,,,COMPLETE
882,882,0.8481633809761098,2025-01-03 07:29:15.732778,2025-01-03 07:29:46.776495,0 days 00:00:31.043717,5,15,10.0,55.0,55.0,25.0,,,,,,4,3.0,2.0,3.0,2.0,,,,,,COMPLETE
883,883,0.7972719734738416,2025-01-03 07:29:46.777243,2025-01-03 07:30:17.656116,0 days 00:00:30.878873,5,20,5.0,50.0,50.0,20.0,,,,,,4,3.0,2.0,3.0,2.0,,,,,,COMPLETE
884,884,0.8728499328891239,2025-01-03 07:30:17.656789,2025-01-03 07:31:01.019986,0 days 00:00:43.363197,5,100,5.0,50.0,45.0,15.0,,,,,,4,3.0,2.0,3.0,2.0,,,,,,COMPLETE
885,885,0.8682042289404218,2025-01-03 07:31:01.020881,2025-01-03 07:31:32.048666,0 days 00:00:31.027785,5,15,10.0,55.0,55.0,20.0,,,,,,4,3.0,2.0,3.0,2.0,,,,,,COMPLETE
886,886,0.8265540825616771,2025-01-03 07:31:32.049346,2025-01-03 07:32:03.266253,0 days 00:00:31.216907,5,20,10.0,55.0,55.0,15.0,,,,,,4,3.0,2.0,3.0,2.0,,,,,,COMPLETE
887,887,0.8414272988926453,2025-01-03 07:32:03.267056,2025-01-03 07:34:04.357852,0 days 00:02:01.090796,10,25,5.0,60.0,50.0,25.0,90.0,95.0,100.0,95.0,45.0,4,3.0,2.0,3.0,2.0,5.0,2.0,6.0,4.0,5.0,COMPLETE
888,888,0.8522103947367055,2025-01-03 07:34:04.358954,2025-01-03 07:34:35.819268,0 days 00:00:31.460314,5,20,5.0,50.0,55.0,30.0,,,,,,4,3.0,2.0,3.0,2.0,,,,,,COMPLETE
889,889,0.8371220884903122,2025-01-03 07:34:35.819975,2025-01-03 07:35:07.116909,0 days 00:00:31.296934,5,15,10.0,60.0,50.0,25.0,,,,,,4,3.0,2.0,3.0,2.0,,,,,,COMPLETE
890,890,0.8734570582047347,2025-01-03 07:35:07.117825,2025-01-03 07:35:42.973161,0 days 00:00:35.855336,5,15,50.0,55.0,55.0,20.0,,,,,,4,3.0,2.0,3.0,2.0,,,,,,COMPLETE
891,891,0.8749762900068572,2025-01-03 07:35:42.973870,2025-01-03 07:36:14.566921,0 days 00:00:31.593051,5,20,5.0,50.0,45.0,20.0,,,,,,4,3.0,2.0,4.0,2.0,,,,,,COMPLETE
892,892,0.8954627031974591,2025-01-03 07:36:14.567800,2025-01-03 07:36:44.783004,0 days 00:00:30.215204,5,15,10.0,50.0,50.0,15.0,,,,,,4,3.0,2.0,3.0,2.0,,,,,,COMPLETE
893,893,0.8519408696104662,2025-01-03 07:36:44.783814,2025-01-03 07:37:14.364453,0 days 00:00:29.580639,5,15,10.0,50.0,50.0,10.0,,,,,,4,3.0,2.0,3.0,2.0,,,,,,COMPLETE
894,894,0.889522419840898,2025-01-03 07:37:14.365136,2025-01-03 07:37:44.201536,0 days 00:00:29.836400,5,20,10.0,50.0,45.0,15.0,,,,,,4,3.0,2.0,3.0,2.0,,,,,,COMPLETE
895,895,0.8518641281459576,2025-01-03 07:37:44.202396,2025-01-03 07:38:14.313289,0 days 00:00:30.110893,5,20,10.0,50.0,50.0,15.0,,,,,,4,3.0,2.0,3.0,2.0,,,,,,COMPLETE
896,896,0.8919037481730536,2025-01-03 07:38:14.314033,2025-01-03 07:38:44.496341,0 days 00:00:30.182308,5,15,10.0,55.0,50.0,15.0,,,,,,4,3.0,2.0,3.0,2.0,,,,,,COMPLETE
897,897,0.8675410848139165,2025-01-03 07:38:44.497018,2025-01-03 07:39:17.883354,0 days 00:00:33.386336,5,25,10.0,80.0,50.0,10.0,,,,,,4,3.0,2.0,3.0,2.0,,,,,,COMPLETE
898,898,0.8530215944901968,2025-01-03 07:39:17.884186,2025-01-03 07:39:48.298117,0 days 00:00:30.413931,5,15,10.0,50.0,55.0,15.0,,,,,,4,3.0,2.0,3.0,2.0,,,,,,COMPLETE
899,899,0.8186196135453317,2025-01-03 07:39:48.298874,2025-01-03 07:40:22.923071,0 days 00:00:34.624197,5,20,10.0,50.0,50.0,65.0,,,,,,4,3.0,2.0,3.0,2.0,,,,,,COMPLETE
900,900,0.8415702019457063,2025-01-03 07:40:22.923743,2025-01-03 07:40:52.896557,0 days 00:00:29.972814,5,20,10.0,55.0,45.0,15.0,,,,,,4,3.0,2.0,3.0,2.0,,,,,,COMPLETE
901,901,0.8742739630909222,2025-01-03 07:40:52.897383,2025-01-03 07:41:35.877050,0 days 00:00:42.979667,5,90,10.0,50.0,55.0,20.0,,,,,,4,3.0,2.0,3.0,2.0,,,,,,COMPLETE
902,902,0.8237903996940141,2025-01-03 07:41:35.877816,2025-01-03 07:42:05.174553,0 days 00:00:29.296737,5,15,5.0,55.0,60.0,10.0,,,,,,4,3.0,2.0,3.0,2.0,,,,,,COMPLETE
903,903,0.8681095538365632,2025-01-03 07:42:05.175237,2025-01-03 07:42:36.156407,0 days 00:00:30.981170,5,25,5.0,50.0,50.0,20.0,,,,,,4,3.0,2.0,3.0,2.0,,,,,,COMPLETE
904,904,0.8807169519429369,2025-01-03 07:42:36.157323,2025-01-03 07:43:07.258355,0 days 00:00:31.101032,5,20,10.0,50.0,55.0,15.0,,,,,,4,3.0,2.0,3.0,2.0,,,,,,COMPLETE
905,905,0.8466132806818532,2025-01-03 07:43:07.259043,2025-01-03 07:43:40.671255,0 days 00:00:33.412212,5,40,5.0,55.0,45.0,15.0,,,,,,4,4.0,2.0,3.0,2.0,,,,,,COMPLETE
906,906,0.8369597459092155,2025-01-03 07:43:40.671920,2025-01-03 07:44:46.050694,0 days 00:01:05.378774,9,10,10.0,60.0,50.0,20.0,95.0,25.0,40.0,10.0,,4,3.0,2.0,3.0,2.0,5.0,2.0,5.0,4.0,,COMPLETE
907,907,0.8696662543022585,2025-01-03 07:44:46.051595,2025-01-03 07:45:18.197134,0 days 00:00:32.145539,5,20,5.0,55.0,60.0,15.0,,,,,,4,3.0,2.0,3.0,2.0,,,,,,COMPLETE
908,908,0.886748916223884,2025-01-03 07:45:18.197985,2025-01-03 07:45:55.116792,0 days 00:00:36.918807,5,15,65.0,50.0,55.0,10.0,,,,,,4,3.0,2.0,3.0,2.0,,,,,,COMPLETE
909,909,0.8898660988741827,2025-01-03 07:45:55.117593,2025-01-03 07:46:26.693916,0 days 00:00:31.576323,5,25,10.0,50.0,55.0,20.0,,,,,,4,3.0,2.0,3.0,2.0,,,,,,COMPLETE
910,910,0.8906542078893529,2025-01-03 07:46:26.694625,2025-01-03 07:46:58.166273,0 days 00:00:31.471648,5,15,5.0,55.0,60.0,25.0,,,,,,4,3.0,2.0,3.0,2.0,,,,,,COMPLETE
911,911,0.8730592800599757,2025-01-03 07:46:58.167220,2025-01-03 07:47:29.710768,0 days 00:00:31.543548,5,20,10.0,60.0,50.0,20.0,,,,,,4,3.0,2.0,3.0,2.0,,,,,,COMPLETE
912,912,0.873641801034338,2025-01-03 07:47:29.711475,2025-01-03 07:49:11.067976,0 days 00:01:41.356501,10,15,5.0,55.0,45.0,10.0,100.0,35.0,35.0,85.0,100.0,4,3.0,2.0,3.0,2.0,5.0,4.0,5.0,5.0,2.0,COMPLETE
913,913,0.8658728272480222,2025-01-03 07:49:11.069113,2025-01-03 07:49:41.956747,0 days 00:00:30.887634,5,20,5.0,50.0,55.0,15.0,,,,,,4,3.0,2.0,3.0,2.0,,,,,,COMPLETE
914,914,0.8797081171108079,2025-01-03 07:49:41.957612,2025-01-03 07:50:13.477288,0 days 00:00:31.519676,5,15,10.0,50.0,60.0,25.0,,,,,,4,3.0,2.0,3.0,2.0,,,,,,COMPLETE
915,915,0.8273675443665764,2025-01-03 07:50:13.478114,2025-01-03 07:50:43.651481,0 days 00:00:30.173367,5,10,5.0,55.0,50.0,20.0,,,,,,4,3.0,2.0,3.0,2.0,,,,,,COMPLETE
916,916,0.8502075178080009,2025-01-03 07:50:43.652175,2025-01-03 07:52:07.187710,0 days 00:01:23.535535,9,85,5.0,60.0,55.0,15.0,80.0,15.0,30.0,20.0,,4,3.0,2.0,3.0,2.0,5.0,2.0,6.0,4.0,,COMPLETE
917,917,0.8661542187592997,2025-01-03 07:52:07.188845,2025-01-03 07:52:38.024343,0 days 00:00:30.835498,5,20,10.0,50.0,45.0,25.0,,,,,,4,3.0,2.0,3.0,2.0,,,,,,COMPLETE
918,918,0.8584532699731335,2025-01-03 07:52:38.025221,2025-01-03 07:53:10.636830,0 days 00:00:32.611609,5,20,10.0,50.0,50.0,15.0,,,,,,4,3.0,2.0,4.0,2.0,,,,,,COMPLETE
919,919,0.88459773912571,2025-01-03 07:53:10.637637,2025-01-03 07:53:41.835505,0 days 00:00:31.197868,5,15,5.0,75.0,55.0,20.0,,,,,,4,3.0,2.0,3.0,2.0,,,,,,COMPLETE
920,920,0.8328612187179096,2025-01-03 07:53:41.836232,2025-01-03 07:54:12.960004,0 days 00:00:31.123772,5,25,5.0,60.0,65.0,20.0,,,,,,4,3.0,2.0,2.0,2.0,,,,,,COMPLETE
921,921,0.8727480048855352,2025-01-03 07:54:12.960945,2025-01-03 07:54:41.599582,0 days 00:00:28.638637,5,20,10.0,55.0,55.0,10.0,,,,,,4,3.0,2.0,2.0,2.0,,,,,,COMPLETE
922,922,0.8497880362036361,2025-01-03 07:54:41.600291,2025-01-03 07:55:12.156150,0 days 00:00:30.555859,5,15,5.0,50.0,60.0,20.0,,,,,,4,3.0,2.0,3.0,2.0,,,,,,COMPLETE
923,923,0.8785004663611714,2025-01-03 07:55:12.156846,2025-01-03 07:56:42.880131,0 days 00:01:30.723285,10,15,5.0,45.0,50.0,25.0,85.0,25.0,85.0,15.0,55.0,4,3.0,2.0,2.0,2.0,5.0,2.0,5.0,5.0,5.0,COMPLETE
924,924,0.8583845186803334,2025-01-03 07:56:42.881163,2025-01-03 07:57:13.378233,0 days 00:00:30.497070,4,20,10.0,55.0,60.0,,,,,,,4,4.0,2.0,3.0,,,,,,,COMPLETE
925,925,0.86215737759062,2025-01-03 07:57:13.379012,2025-01-03 07:57:41.844392,0 days 00:00:28.465380,5,25,5.0,50.0,50.0,15.0,,,,,,4,3.0,2.0,2.0,2.0,,,,,,COMPLETE
926,926,0.8693878729512514,2025-01-03 07:57:41.845125,2025-01-03 07:58:10.073315,0 days 00:00:28.228190,5,15,10.0,45.0,55.0,10.0,,,,,,4,3.0,2.0,2.0,2.0,,,,,,COMPLETE
927,927,0.8806266921067701,2025-01-03 07:58:10.074002,2025-01-03 07:58:37.267119,0 days 00:00:27.193117,4,20,5.0,55.0,45.0,,,,,,,4,3.0,2.0,3.0,,,,,,,COMPLETE
928,928,0.8792985060264927,2025-01-03 07:58:37.268064,2025-01-03 07:59:06.839747,0 days 00:00:29.571683,5,10,10.0,60.0,55.0,25.0,,,,,,4,3.0,2.0,2.0,2.0,,,,,,COMPLETE
929,929,0.8832866048159431,2025-01-03 07:59:06.840472,2025-01-03 07:59:38.703844,0 days 00:00:31.863372,5,45,5.0,45.0,50.0,30.0,,,,,,4,3.0,2.0,2.0,2.0,,,,,,COMPLETE
930,930,0.8588280551603434,2025-01-03 07:59:38.704522,2025-01-03 08:00:07.265153,0 days 00:00:28.560631,5,20,5.0,50.0,55.0,20.0,,,,,,4,3.0,2.0,2.0,2.0,,,,,,COMPLETE
931,931,0.8815811334444128,2025-01-03 08:00:07.266071,2025-01-03 08:00:35.775437,0 days 00:00:28.509366,4,20,10.0,50.0,60.0,,,,,,,4,3.0,2.0,3.0,,,,,,,COMPLETE
932,932,0.847321128377029,2025-01-03 08:00:35.776100,2025-01-03 08:01:06.005517,0 days 00:00:30.229417,5,15,10.0,45.0,45.0,25.0,,,,,,4,3.0,2.0,3.0,2.0,,,,,,COMPLETE
933,933,0.8793228975118608,2025-01-03 08:01:06.006186,2025-01-03 08:01:35.939858,0 days 00:00:29.933672,4,15,50.0,55.0,50.0,,,,,,,4,3.0,2.0,2.0,,,,,,,COMPLETE
934,934,0.8756750442965906,2025-01-03 08:01:35.940763,2025-01-03 08:03:05.000664,0 days 00:01:29.059901,10,25,5.0,60.0,55.0,10.0,95.0,30.0,40.0,25.0,95.0,4,3.0,2.0,4.0,2.0,5.0,4.0,6.0,4.0,2.0,COMPLETE
935,935,0.8729874063446517,2025-01-03 08:03:05.001801,2025-01-03 08:03:34.323969,0 days 00:00:29.322168,5,10,5.0,50.0,65.0,20.0,,,,,,4,3.0,2.0,2.0,2.0,,,,,,COMPLETE
936,936,0.8286427717637356,2025-01-03 08:03:34.324694,2025-01-03 08:04:08.098176,0 days 00:00:33.773482,5,20,10.0,70.0,60.0,15.0,,,,,,4,3.0,2.0,3.0,2.0,,,,,,COMPLETE
937,937,0.8941535245948578,2025-01-03 08:04:08.098893,2025-01-03 08:04:34.232146,0 days 00:00:26.133253,4,20,5.0,55.0,55.0,,,,,,,4,3.0,2.0,2.0,,,,,,,COMPLETE
938,938,0.8775086600272584,2025-01-03 08:04:34.233064,2025-01-03 08:05:06.040388,0 days 00:00:31.807324,4,60,5.0,55.0,55.0,,,,,,,4,3.0,2.0,2.0,,,,,,,COMPLETE
939,939,0.8687683259168955,2025-01-03 08:05:06.041068,2025-01-03 08:05:32.539869,0 days 00:00:26.498801,4,25,5.0,55.0,55.0,,,,,,,4,3.0,2.0,2.0,,,,,,,COMPLETE
940,940,0.874385285755596,2025-01-03 08:05:32.540573,2025-01-03 08:05:58.572081,0 days 00:00:26.031508,4,25,5.0,55.0,55.0,,,,,,,4,3.0,2.0,2.0,,,,,,,COMPLETE
941,941,0.8614932968437015,2025-01-03 08:05:58.573021,2025-01-03 08:06:24.962249,0 days 00:00:26.389228,4,25,5.0,50.0,55.0,,,,,,,4,3.0,2.0,2.0,,,,,,,COMPLETE
942,942,0.879512435947094,2025-01-03 08:06:24.962904,2025-01-03 08:06:50.922589,0 days 00:00:25.959685,4,20,5.0,50.0,60.0,,,,,,,4,3.0,2.0,2.0,,,,,,,COMPLETE
943,943,0.8459604711777196,2025-01-03 08:06:50.923242,2025-01-03 08:07:16.547073,0 days 00:00:25.623831,4,20,5.0,55.0,50.0,,,,,,,4,3.0,2.0,2.0,,,,,,,COMPLETE
944,944,0.8931126275946513,2025-01-03 08:07:16.547891,2025-01-03 08:07:42.289148,0 days 00:00:25.741257,4,20,5.0,50.0,60.0,,,,,,,4,3.0,2.0,2.0,,,,,,,COMPLETE
945,945,0.879134611167375,2025-01-03 08:07:42.289894,2025-01-03 08:08:07.615749,0 days 00:00:25.325855,4,25,5.0,45.0,50.0,,,,,,,4,3.0,2.0,2.0,,,,,,,COMPLETE
946,946,0.8845758711229414,2025-01-03 08:08:07.616406,2025-01-03 08:08:32.900957,0 days 00:00:25.284551,4,20,5.0,55.0,55.0,,,,,,,4,3.0,2.0,2.0,,,,,,,COMPLETE
947,947,0.8865446398593648,2025-01-03 08:08:32.901630,2025-01-03 08:09:02.397207,0 days 00:00:29.495577,4,20,5.0,85.0,55.0,,,,,,,4,4.0,2.0,2.0,,,,,,,COMPLETE
948,948,0.8590605194212226,2025-01-03 08:09:02.398128,2025-01-03 08:09:27.890891,0 days 00:00:25.492763,4,20,5.0,50.0,50.0,,,,,,,4,3.0,2.0,2.0,,,,,,,COMPLETE
949,949,0.8619672293397564,2025-01-03 08:09:27.891565,2025-01-03 08:09:53.531816,0 days 00:00:25.640251,4,20,5.0,45.0,60.0,,,,,,,4,3.0,2.0,2.0,,,,,,,COMPLETE
950,950,0.8918885339013134,2025-01-03 08:09:53.532466,2025-01-03 08:10:19.991878,0 days 00:00:26.459412,4,25,5.0,55.0,55.0,,,,,,,4,3.0,2.0,2.0,,,,,,,COMPLETE
951,951,0.8916507154162833,2025-01-03 08:10:19.992722,2025-01-03 08:10:49.432240,0 days 00:00:29.439518,5,20,5.0,50.0,50.0,30.0,,,,,,4,3.0,2.0,2.0,2.0,,,,,,COMPLETE
952,952,0.8445206056790432,2025-01-03 08:10:49.433030,2025-01-03 08:11:27.061808,0 days 00:00:37.628778,5,25,70.0,50.0,55.0,30.0,,,,,,4,3.0,2.0,2.0,2.0,,,,,,COMPLETE
953,953,0.8432370845693758,2025-01-03 08:11:27.062491,2025-01-03 08:12:02.205974,0 days 00:00:35.143483,5,20,55.0,55.0,60.0,20.0,,,,,,4,3.0,2.0,2.0,2.0,,,,,,COMPLETE
954,954,0.8196320989832904,2025-01-03 08:12:02.206915,2025-01-03 08:12:29.626242,0 days 00:00:27.419327,4,20,10.0,50.0,50.0,,,,,,,4,3.0,2.0,3.0,,,,,,,COMPLETE
955,955,0.8895735945515346,2025-01-03 08:12:29.626904,2025-01-03 08:12:58.739427,0 days 00:00:29.112523,5,20,5.0,45.0,65.0,25.0,,,,,,4,3.0,2.0,2.0,2.0,,,,,,COMPLETE
956,956,0.8862431284585852,2025-01-03 08:12:58.740299,2025-01-03 08:13:28.911435,0 days 00:00:30.171136,5,20,10.0,45.0,55.0,15.0,,,,,,4,3.0,2.0,3.0,2.0,,,,,,COMPLETE
957,957,0.7897981250863182,2025-01-03 08:13:28.912234,2025-01-03 08:14:06.065513,0 days 00:00:37.153279,4,25,100.0,50.0,55.0,,,,,,,4,3.0,2.0,2.0,,,,,,,COMPLETE
958,958,0.850278412098119,2025-01-03 08:14:06.066173,2025-01-03 08:14:33.439580,0 days 00:00:27.373407,5,15,5.0,55.0,60.0,25.0,,,,,,4,3.0,2.0,2.0,2.0,,,,,,COMPLETE
959,959,0.8902459393736126,2025-01-03 08:14:33.440423,2025-01-03 08:15:12.793107,0 days 00:00:39.352684,5,20,65.0,55.0,55.0,30.0,,,,,,4,3.0,2.0,3.0,2.0,,,,,,COMPLETE
960,960,0.8954889384624278,2025-01-03 08:15:12.793891,2025-01-03 08:15:38.124999,0 days 00:00:25.331108,4,15,5.0,50.0,50.0,,,,,,,4,3.0,2.0,2.0,,,,,,,COMPLETE
961,961,0.8540555669480301,2025-01-03 08:15:38.125826,2025-01-03 08:16:04.173975,0 days 00:00:26.048149,4,15,10.0,50.0,50.0,,,,,,,4,3.0,2.0,2.0,,,,,,,COMPLETE
962,962,0.8161223372771211,2025-01-03 08:16:04.174743,2025-01-03 08:16:30.014311,0 days 00:00:25.839568,4,10,5.0,50.0,50.0,,,,,,,4,3.0,2.0,2.0,,,,,,,COMPLETE
963,963,0.8908422613177336,2025-01-03 08:16:30.014979,2025-01-03 08:16:54.048906,0 days 00:00:24.033927,4,15,10.0,50.0,45.0,,,,,,,4,6.0,2.0,2.0,,,,,,,COMPLETE
964,964,0.8379529625000913,2025-01-03 08:16:54.049624,2025-01-03 08:17:18.964325,0 days 00:00:24.914701,4,15,5.0,45.0,50.0,,,,,,,4,3.0,2.0,2.0,,,,,,,COMPLETE
965,965,0.7850411616607652,2025-01-03 08:17:18.965200,2025-01-03 08:17:44.380058,0 days 00:00:25.414858,4,15,5.0,50.0,50.0,,,,,,,4,3.0,2.0,2.0,,,,,,,COMPLETE
966,966,0.8867056909363874,2025-01-03 08:17:44.380841,2025-01-03 08:18:09.185907,0 days 00:00:24.805066,4,10,5.0,45.0,45.0,,,,,,,4,3.0,2.0,2.0,,,,,,,COMPLETE
967,967,0.891629009786157,2025-01-03 08:18:09.186617,2025-01-03 08:18:35.093510,0 days 00:00:25.906893,4,15,10.0,50.0,50.0,,,,,,,4,3.0,2.0,2.0,,,,,,,COMPLETE
968,968,0.8342907547587851,2025-01-03 08:18:35.094192,2025-01-03 08:19:02.189486,0 days 00:00:27.095294,4,10,10.0,50.0,50.0,,,,,,,4,4.0,2.0,2.0,,,,,,,COMPLETE
969,969,0.8741101481162337,2025-01-03 08:19:02.190444,2025-01-03 08:19:27.734056,0 days 00:00:25.543612,4,15,5.0,45.0,50.0,,,,,,,4,3.0,2.0,2.0,,,,,,,COMPLETE
970,970,0.8877062329049041,2025-01-03 08:19:27.734741,2025-01-03 08:19:52.616328,0 days 00:00:24.881587,4,15,5.0,50.0,45.0,,,,,,,4,3.0,2.0,2.0,,,,,,,COMPLETE
971,971,0.8966746989452186,2025-01-03 08:19:52.616978,2025-01-03 08:20:18.183438,0 days 00:00:25.566460,4,15,10.0,50.0,50.0,,,,,,,4,3.0,2.0,2.0,,,,,,,COMPLETE
972,972,0.854455834367344,2025-01-03 08:20:18.184291,2025-01-03 08:20:43.114734,0 days 00:00:24.930443,4,10,10.0,50.0,45.0,,,,,,,4,3.0,2.0,2.0,,,,,,,COMPLETE
973,973,0.8802668254631181,2025-01-03 08:20:43.115482,2025-01-03 08:21:08.420497,0 days 00:00:25.305015,4,10,10.0,55.0,50.0,,,,,,,4,3.0,2.0,2.0,,,,,,,COMPLETE
974,974,0.83479290889842,2025-01-03 08:21:08.421168,2025-01-03 08:21:33.809072,0 days 00:00:25.387904,4,15,10.0,50.0,50.0,,,,,,,4,3.0,2.0,2.0,,,,,,,COMPLETE
975,975,0.8662381388426943,2025-01-03 08:21:33.809736,2025-01-03 08:21:59.149680,0 days 00:00:25.339944,4,10,10.0,50.0,45.0,,,,,,,4,3.0,2.0,2.0,,,,,,,COMPLETE
976,976,0.8516305287289287,2025-01-03 08:21:59.150513,2025-01-03 08:22:23.550369,0 days 00:00:24.399856,4,15,10.0,55.0,50.0,,,,,,,4,3.0,2.0,2.0,,,,,,,COMPLETE
977,977,0.8930260337842939,2025-01-03 08:22:23.551132,2025-01-03 08:22:48.811821,0 days 00:00:25.260689,4,15,10.0,50.0,50.0,,,,,,,4,3.0,2.0,2.0,,,,,,,COMPLETE
978,978,0.8673369871211267,2025-01-03 08:22:48.812480,2025-01-03 08:23:14.756247,0 days 00:00:25.943767,4,15,10.0,55.0,50.0,,,,,,,4,3.0,2.0,2.0,,,,,,,COMPLETE
979,979,0.8445263012223237,2025-01-03 08:23:14.756914,2025-01-03 08:23:51.901779,0 days 00:00:37.144865,4,65,10.0,50.0,45.0,,,,,,,4,3.0,2.0,4.0,,,,,,,COMPLETE
980,980,0.777049380473283,2025-01-03 08:23:51.902720,2025-01-03 08:24:17.933532,0 days 00:00:26.030812,4,15,10.0,50.0,65.0,,,,,,,4,3.0,2.0,2.0,,,,,,,COMPLETE
981,981,0.8843640887081925,2025-01-03 08:24:17.934194,2025-01-03 08:24:44.008722,0 days 00:00:26.074528,4,10,10.0,80.0,50.0,,,,,,,4,3.0,2.0,2.0,,,,,,,COMPLETE
982,982,0.7769881242402754,2025-01-03 08:24:44.009550,2025-01-03 08:25:09.194039,0 days 00:00:25.184489,4,15,10.0,55.0,50.0,,,,,,,4,3.0,2.0,2.0,,,,,,,COMPLETE
983,983,0.8779170673191967,2025-01-03 08:25:09.194794,2025-01-03 08:25:39.372725,0 days 00:00:30.177931,4,15,60.0,50.0,45.0,,,,,,,4,3.0,2.0,2.0,,,,,,,COMPLETE
984,984,0.831461925860693,2025-01-03 08:25:39.373418,2025-01-03 08:26:04.766452,0 days 00:00:25.393034,4,10,5.0,55.0,50.0,,,,,,,4,3.0,2.0,2.0,,,,,,,COMPLETE
985,985,0.883835743144328,2025-01-03 08:26:04.767108,2025-01-03 08:26:38.965588,0 days 00:00:34.198480,4,15,95.0,50.0,50.0,,,,,,,4,3.0,2.0,2.0,,,,,,,COMPLETE
986,986,0.8741225558053334,2025-01-03 08:26:38.966524,2025-01-03 08:27:04.406249,0 days 00:00:25.439725,4,15,5.0,55.0,55.0,,,,,,,4,3.0,2.0,2.0,,,,,,,COMPLETE
987,987,0.80690000954648,2025-01-03 08:27:04.406918,2025-01-03 08:27:29.262672,0 days 00:00:24.855754,4,15,10.0,50.0,45.0,,,,,,,4,3.0,2.0,2.0,,,,,,,COMPLETE
988,988,0.8170943810846032,2025-01-03 08:27:29.263522,2025-01-03 08:28:02.738420,0 days 00:00:33.474898,4,10,85.0,55.0,50.0,,,,,,,4,3.0,2.0,2.0,,,,,,,COMPLETE
989,989,0.8409469700656054,2025-01-03 08:28:02.739185,2025-01-03 08:28:28.218387,0 days 00:00:25.479202,4,15,10.0,50.0,55.0,,,,,,,4,3.0,2.0,2.0,,,,,,,COMPLETE
990,990,0.8774594161303622,2025-01-03 08:28:28.219048,2025-01-03 08:28:53.558179,0 days 00:00:25.339131,4,15,5.0,50.0,55.0,,,,,,,4,3.0,2.0,2.0,,,,,,,COMPLETE
991,991,0.8688687933514452,2025-01-03 08:28:53.559018,2025-01-03 08:29:18.647357,0 days 00:00:25.088339,4,15,10.0,50.0,50.0,,,,,,,4,3.0,2.0,2.0,,,,,,,COMPLETE
992,992,0.8777097611662072,2025-01-03 08:29:18.648105,2025-01-03 08:29:42.107285,0 days 00:00:23.459180,4,15,5.0,45.0,60.0,,,,,,,4,3.0,2.0,2.0,,,,,,,COMPLETE
993,993,0.8787987697910098,2025-01-03 08:29:42.107952,2025-01-03 08:30:06.096549,0 days 00:00:23.988597,4,10,5.0,55.0,65.0,,,,,,,4,3.0,2.0,2.0,,,,,,,COMPLETE
994,994,0.8909857054111332,2025-01-03 08:30:06.097236,2025-01-03 08:30:31.250593,0 days 00:00:25.153357,4,15,10.0,50.0,45.0,,,,,,,4,3.0,2.0,2.0,,,,,,,COMPLETE
995,995,0.8703265864777687,2025-01-03 08:30:31.251460,2025-01-03 08:31:16.897282,0 days 00:00:45.645822,6,20,5.0,70.0,50.0,15.0,85.0,,,,,4,3.0,2.0,2.0,2.0,4.0,,,,,COMPLETE
996,996,0.84219628927261,2025-01-03 08:31:16.898095,2025-01-03 08:31:42.640966,0 days 00:00:25.742871,4,15,10.0,55.0,55.0,,,,,,,4,3.0,2.0,2.0,,,,,,,COMPLETE
997,997,0.8609795913100147,2025-01-03 08:31:42.641639,2025-01-03 08:32:06.296654,0 days 00:00:23.655015,4,10,5.0,45.0,60.0,,,,,,,4,3.0,2.0,2.0,,,,,,,COMPLETE
998,998,0.7572043597814024,2025-01-03 08:32:06.297565,2025-01-03 08:32:33.661932,0 days 00:00:27.364367,4,15,5.0,55.0,50.0,,,,,,,4,4.0,2.0,2.0,,,,,,,COMPLETE
999,999,0.860536170793718,2025-01-03 08:32:33.662610,2025-01-03 08:33:08.912917,0 days 00:00:35.250307,4,75,10.0,50.0,60.0,,,,,,,4,3.0,2.0,2.0,,,,,,,COMPLETE
