,number,value,datetime_start,datetime_complete,duration,params_depth,params_neurons_layer_0,params_neurons_layer_1,params_neurons_layer_2,params_neurons_layer_3,params_neurons_layer_4,params_neurons_layer_5,params_neurons_layer_6,params_neurons_layer_7,params_neurons_layer_8,params_neurons_layer_9,params_orders_layer_0,params_orders_layer_1,params_orders_layer_2,params_orders_layer_3,params_orders_layer_4,params_orders_layer_5,params_orders_layer_6,params_orders_layer_7,params_orders_layer_8,params_orders_layer_9,state
0,0,0.8494301352495686,2025-01-05 14:42:31.368224,2025-01-05 14:43:05.695405,0 days 00:00:34.327181,1,95,,,,,,,,,,6,,,,,,,,,,COMPLETE
1,1,0.8658065054924874,2025-01-05 14:43:05.695872,2025-01-05 14:43:56.722731,0 days 00:00:51.026859,9,95,35.0,80.0,5.0,35.0,5.0,50.0,15.0,85.0,,3,6.0,4.0,3.0,2.0,2.0,5.0,2.0,3.0,,COMPLETE
2,2,0.8608873548377864,2025-01-05 14:43:56.723469,2025-01-05 14:44:15.471917,0 days 00:00:18.748448,2,80,35.0,,,,,,,,,3,6.0,,,,,,,,,COMPLETE
3,3,0.8663405296891361,2025-01-05 14:44:15.472398,2025-01-05 14:44:46.898946,0 days 00:00:31.426548,4,90,60.0,100.0,60.0,,,,,,,6,3.0,3.0,4.0,,,,,,,COMPLETE
4,4,0.8549486622042467,2025-01-05 14:44:46.899497,2025-01-05 14:45:01.299883,0 days 00:00:14.400386,1,95,,,,,,,,,,3,,,,,,,,,,COMPLETE
5,5,0.8697009094192193,2025-01-05 14:45:01.300264,2025-01-05 14:45:44.539376,0 days 00:00:43.239112,5,95,25.0,90.0,10.0,50.0,,,,,,3,3.0,2.0,6.0,5.0,,,,,,COMPLETE
6,6,0.8482725019849385,2025-01-05 14:45:44.540199,2025-01-05 14:46:24.375473,0 days 00:00:39.835274,4,100,40.0,5.0,70.0,,,,,,,4,2.0,6.0,4.0,,,,,,,COMPLETE
7,7,0.8595397412250592,2025-01-05 14:46:24.375914,2025-01-05 14:47:15.482782,0 days 00:00:51.106868,4,65,15.0,95.0,100.0,,,,,,,2,6.0,5.0,6.0,,,,,,,COMPLETE
8,8,0.8622426477214536,2025-01-05 14:47:15.483384,2025-01-05 14:48:32.415261,0 days 00:01:16.931877,8,55,80.0,80.0,70.0,60.0,25.0,25.0,15.0,,,3,5.0,6.0,5.0,6.0,4.0,4.0,2.0,,,COMPLETE
9,9,0.8420363127909345,2025-01-05 14:48:32.415830,2025-01-05 14:49:04.493522,0 days 00:00:32.077692,5,50,35.0,10.0,90.0,75.0,,,,,,3,3.0,4.0,2.0,2.0,,,,,,COMPLETE
10,10,0.8796827885935203,2025-01-05 14:49:04.494101,2025-01-05 14:49:57.519621,0 days 00:00:53.025520,7,20,10.0,50.0,10.0,10.0,100.0,95.0,,,,5,4.0,2.0,6.0,5.0,6.0,2.0,,,,COMPLETE
11,11,0.8803420316111349,2025-01-05 14:49:57.520160,2025-01-05 14:50:51.844586,0 days 00:00:54.324426,7,10,5.0,50.0,5.0,5.0,100.0,100.0,,,,5,4.0,2.0,6.0,5.0,6.0,2.0,,,,COMPLETE
12,12,0.854058951353678,2025-01-05 14:50:51.845302,2025-01-05 14:51:34.965291,0 days 00:00:43.119989,7,10,10.0,40.0,30.0,5.0,100.0,100.0,,,,5,4.0,2.0,6.0,4.0,6.0,2.0,,,,COMPLETE
13,13,0.8624046409949301,2025-01-05 14:51:34.965956,2025-01-05 14:52:57.151656,0 days 00:01:22.185700,10,5,5.0,50.0,35.0,5.0,100.0,100.0,100.0,15.0,95.0,5,4.0,2.0,5.0,5.0,6.0,2.0,6.0,6.0,5.0,COMPLETE
14,14,0.866172821591816,2025-01-05 14:52:57.152378,2025-01-05 14:54:00.229910,0 days 00:01:03.077532,7,30,100.0,35.0,25.0,25.0,70.0,80.0,,,,5,4.0,3.0,5.0,5.0,6.0,2.0,,,,COMPLETE
15,15,0.8606554371549402,2025-01-05 14:54:00.230652,2025-01-05 14:55:03.096275,0 days 00:01:02.865623,7,25,60.0,65.0,15.0,25.0,70.0,70.0,,,,4,5.0,3.0,6.0,6.0,4.0,3.0,,,,COMPLETE
16,16,0.838454852530651,2025-01-05 14:55:03.097034,2025-01-05 14:55:51.455990,0 days 00:00:48.358956,6,25,20.0,25.0,45.0,5.0,80.0,,,,,5,5.0,2.0,5.0,4.0,5.0,,,,,COMPLETE
17,17,0.8760410484819934,2025-01-05 14:55:51.456613,2025-01-05 14:57:08.111249,0 days 00:01:16.654636,9,40,5.0,60.0,5.0,100.0,40.0,80.0,85.0,100.0,,4,2.0,3.0,3.0,3.0,5.0,3.0,6.0,2.0,,COMPLETE
18,18,0.8677243273162503,2025-01-05 14:57:08.112005,2025-01-05 14:57:39.706449,0 days 00:00:31.594444,6,15,50.0,50.0,25.0,25.0,85.0,,,,,6,3.0,4.0,4.0,5.0,5.0,,,,,COMPLETE
19,19,0.880842407764735,2025-01-05 14:57:39.707161,2025-01-05 14:58:29.691511,0 days 00:00:49.984350,8,15,25.0,25.0,45.0,40.0,50.0,100.0,55.0,,,5,4.0,2.0,6.0,6.0,2.0,6.0,4.0,,,COMPLETE
20,20,0.8457852885572856,2025-01-05 14:58:29.692678,2025-01-05 14:59:28.826890,0 days 00:00:59.134212,10,35,25.0,20.0,45.0,45.0,50.0,50.0,55.0,5.0,5.0,6,5.0,5.0,5.0,6.0,2.0,6.0,4.0,6.0,2.0,COMPLETE
21,21,0.8452814693083233,2025-01-05 14:59:28.827639,2025-01-05 15:00:24.624379,0 days 00:00:55.796740,8,15,15.0,35.0,20.0,15.0,55.0,100.0,55.0,,,5,4.0,2.0,6.0,6.0,3.0,6.0,4.0,,,COMPLETE
22,22,0.8624449562107321,2025-01-05 15:00:24.625292,2025-01-05 15:01:16.198018,0 days 00:00:51.572726,8,20,5.0,65.0,15.0,70.0,90.0,80.0,40.0,,,5,4.0,3.0,6.0,5.0,3.0,3.0,5.0,,,COMPLETE
23,23,0.8559728516305851,2025-01-05 15:01:16.198736,2025-01-05 15:02:12.186832,0 days 00:00:55.988096,9,5,25.0,25.0,40.0,15.0,60.0,90.0,75.0,55.0,,4,4.0,2.0,6.0,4.0,6.0,4.0,3.0,4.0,,COMPLETE
24,24,0.8522753624688415,2025-01-05 15:02:12.187725,2025-01-05 15:03:11.932643,0 days 00:00:59.744918,7,40,15.0,45.0,55.0,40.0,35.0,65.0,,,,5,3.0,2.0,5.0,6.0,5.0,5.0,,,,COMPLETE
25,25,0.8686525954139436,2025-01-05 15:03:11.933327,2025-01-05 15:03:52.301563,0 days 00:00:40.368236,6,15,25.0,60.0,5.0,15.0,100.0,,,,,6,5.0,3.0,6.0,5.0,3.0,,,,,COMPLETE
26,26,0.8415894280588105,2025-01-05 15:03:52.302308,2025-01-05 15:04:42.201780,0 days 00:00:49.899472,8,5,45.0,75.0,65.0,35.0,75.0,90.0,35.0,,,5,4.0,2.0,5.0,5.0,6.0,2.0,3.0,,,COMPLETE
27,27,0.8602917999679134,2025-01-05 15:04:42.202444,2025-01-05 15:06:04.625853,0 days 00:01:22.423409,9,25,15.0,15.0,80.0,85.0,90.0,10.0,70.0,45.0,,4,4.0,3.0,6.0,3.0,5.0,4.0,5.0,4.0,,COMPLETE
28,28,0.8574907494422365,2025-01-05 15:06:04.626627,2025-01-05 15:06:35.159684,0 days 00:00:30.533057,5,45,5.0,30.0,15.0,60.0,,,,,,5,3.0,2.0,3.0,4.0,,,,,,COMPLETE
29,29,0.8577991524292579,2025-01-05 15:06:35.160289,2025-01-05 15:07:32.501505,0 days 00:00:57.341216,7,20,70.0,45.0,30.0,15.0,20.0,90.0,,,,6,5.0,5.0,4.0,6.0,4.0,3.0,,,,COMPLETE
30,30,0.8338553912108597,2025-01-05 15:07:32.502261,2025-01-05 15:07:55.760790,0 days 00:00:23.258529,3,30,30.0,55.0,,,,,,,,6,3.0,3.0,,,,,,,,COMPLETE
31,31,0.8574546571307062,2025-01-05 15:07:55.761321,2025-01-05 15:09:12.237644,0 days 00:01:16.476323,9,60,5.0,65.0,5.0,100.0,40.0,80.0,95.0,100.0,,4,2.0,2.0,3.0,3.0,5.0,3.0,6.0,2.0,,COMPLETE
32,32,0.8603491560319112,2025-01-05 15:09:12.238427,2025-01-05 15:10:15.581533,0 days 00:01:03.343106,8,40,10.0,55.0,10.0,85.0,45.0,100.0,80.0,,,4,2.0,3.0,2.0,3.0,6.0,2.0,5.0,,,COMPLETE
33,33,0.8798271034274063,2025-01-05 15:10:15.582250,2025-01-05 15:11:23.702764,0 days 00:01:08.120514,9,10,10.0,80.0,20.0,60.0,60.0,90.0,85.0,75.0,,4,2.0,4.0,3.0,3.0,5.0,3.0,3.0,2.0,,COMPLETE
34,34,0.8732971965091207,2025-01-05 15:11:23.703530,2025-01-05 15:12:23.753941,0 days 00:01:00.050411,10,10,20.0,85.0,20.0,60.0,60.0,90.0,65.0,70.0,40.0,4,6.0,4.0,3.0,4.0,6.0,2.0,3.0,3.0,6.0,COMPLETE
35,35,0.8731706385902994,2025-01-05 15:12:23.754689,2025-01-05 15:13:04.895829,0 days 00:00:41.141140,6,10,35.0,75.0,25.0,70.0,65.0,,,,,5,4.0,4.0,2.0,4.0,5.0,,,,,COMPLETE
36,36,0.8528900392430224,2025-01-05 15:13:04.896508,2025-01-05 15:14:11.399658,0 days 00:01:06.503150,9,20,20.0,100.0,50.0,50.0,90.0,65.0,30.0,40.0,,5,3.0,5.0,4.0,5.0,2.0,5.0,3.0,5.0,,COMPLETE
37,37,0.8552197956164884,2025-01-05 15:14:11.400523,2025-01-05 15:15:17.521929,0 days 00:01:06.121406,8,75,10.0,70.0,10.0,30.0,30.0,90.0,45.0,,,5,5.0,2.0,6.0,2.0,6.0,3.0,4.0,,,COMPLETE
38,38,0.8617193110327044,2025-01-05 15:15:17.523102,2025-01-05 15:16:06.991175,0 days 00:00:49.468073,7,30,30.0,40.0,35.0,40.0,50.0,35.0,,,,2,2.0,4.0,5.0,6.0,4.0,2.0,,,,COMPLETE
39,39,0.8520573368126307,2025-01-05 15:16:06.991863,2025-01-05 15:17:14.942621,0 days 00:01:07.950758,8,15,10.0,90.0,20.0,10.0,80.0,95.0,90.0,,,4,3.0,6.0,4.0,5.0,5.0,3.0,4.0,,,COMPLETE
40,40,0.847385272145144,2025-01-05 15:17:14.943925,2025-01-05 15:17:25.749074,0 days 00:00:10.805149,1,5,,,,,,,,,,6,,,,,,,,,,COMPLETE
41,41,0.8657388509374977,2025-01-05 15:17:25.749523,2025-01-05 15:18:37.860711,0 days 00:01:12.111188,9,35,5.0,60.0,5.0,95.0,45.0,80.0,85.0,100.0,,4,2.0,3.0,3.0,3.0,5.0,3.0,5.0,2.0,,COMPLETE
42,42,0.8568341419659466,2025-01-05 15:18:37.861477,2025-01-05 15:19:33.041286,0 days 00:00:55.179809,9,10,15.0,80.0,10.0,85.0,10.0,85.0,60.0,75.0,,3,2.0,2.0,3.0,3.0,4.0,4.0,3.0,2.0,,COMPLETE
43,43,0.8516899960754265,2025-01-05 15:19:33.041899,2025-01-05 15:20:36.198100,0 days 00:01:03.156201,10,20,10.0,5.0,5.0,55.0,40.0,70.0,80.0,85.0,100.0,4,2.0,3.0,2.0,2.0,6.0,2.0,4.0,3.0,2.0,COMPLETE
44,44,0.8686513379288943,2025-01-05 15:20:36.198865,2025-01-05 15:21:34.933011,0 days 00:00:58.734146,8,45,40.0,45.0,15.0,20.0,15.0,95.0,100.0,,,4,2.0,2.0,3.0,3.0,3.0,3.0,6.0,,,COMPLETE
45,45,0.862939601681668,2025-01-05 15:21:34.933767,2025-01-05 15:22:29.606114,0 days 00:00:54.672347,7,70,20.0,60.0,10.0,75.0,30.0,100.0,,,,4,3.0,4.0,6.0,2.0,5.0,2.0,,,,COMPLETE
46,46,0.861994660319274,2025-01-05 15:22:29.606727,2025-01-05 15:23:28.727160,0 days 00:00:59.120433,9,25,30.0,70.0,5.0,5.0,95.0,85.0,70.0,65.0,,3,4.0,2.0,3.0,4.0,2.0,5.0,2.0,2.0,,COMPLETE
47,47,0.8701851748585135,2025-01-05 15:23:28.727901,2025-01-05 15:24:29.353058,0 days 00:01:00.625157,10,10,10.0,95.0,30.0,35.0,55.0,95.0,25.0,85.0,55.0,5,6.0,3.0,6.0,3.0,6.0,6.0,4.0,3.0,4.0,COMPLETE
48,48,0.8605929456023761,2025-01-05 15:24:29.353690,2025-01-05 15:25:23.173027,0 days 00:00:53.819337,6,55,95.0,35.0,20.0,65.0,100.0,,,,,3,4.0,3.0,2.0,4.0,4.0,,,,,COMPLETE
49,49,0.8553321564168769,2025-01-05 15:25:23.173682,2025-01-05 15:26:22.632637,0 days 00:00:59.458955,8,35,5.0,50.0,80.0,10.0,40.0,50.0,5.0,,,5,3.0,2.0,4.0,6.0,6.0,4.0,5.0,,,COMPLETE
50,50,0.8611356483527643,2025-01-05 15:26:22.633872,2025-01-05 15:27:20.955873,0 days 00:00:58.322001,5,85,15.0,85.0,100.0,30.0,,,,,,4,2.0,4.0,6.0,5.0,,,,,,COMPLETE
51,51,0.7936351951179693,2025-01-05 15:27:20.956555,2025-01-05 15:28:21.707080,0 days 00:01:00.750525,10,10,20.0,85.0,20.0,55.0,60.0,85.0,65.0,65.0,35.0,4,6.0,4.0,3.0,4.0,6.0,2.0,3.0,3.0,6.0,COMPLETE
52,52,0.8488196408386185,2025-01-05 15:28:21.707809,2025-01-05 15:29:28.416944,0 days 00:01:06.709135,10,15,20.0,90.0,15.0,60.0,65.0,95.0,50.0,70.0,50.0,4,6.0,4.0,3.0,4.0,6.0,2.0,3.0,2.0,6.0,COMPLETE
53,53,0.8657376409033826,2025-01-05 15:29:28.417761,2025-01-05 15:30:21.203144,0 days 00:00:52.785383,9,5,10.0,85.0,25.0,50.0,60.0,90.0,85.0,90.0,,5,5.0,4.0,3.0,3.0,6.0,2.0,3.0,3.0,,COMPLETE
54,54,0.8699473512716297,2025-01-05 15:30:21.203819,2025-01-05 15:31:43.281673,0 days 00:01:22.077854,10,10,60.0,75.0,10.0,75.0,75.0,75.0,65.0,55.0,20.0,3,4.0,5.0,3.0,5.0,6.0,2.0,2.0,2.0,4.0,COMPLETE
55,55,0.8739938574690348,2025-01-05 15:31:43.282506,2025-01-05 15:32:58.014121,0 days 00:01:14.731615,9,20,15.0,80.0,35.0,65.0,95.0,100.0,75.0,75.0,,5,5.0,2.0,4.0,6.0,5.0,3.0,4.0,3.0,,COMPLETE
56,56,0.8361029330870844,2025-01-05 15:32:58.014869,2025-01-05 15:33:39.059356,0 days 00:00:41.044487,7,20,5.0,70.0,40.0,45.0,95.0,100.0,,,,5,5.0,2.0,4.0,6.0,5.0,3.0,,,,COMPLETE
57,57,0.8663006387526109,2025-01-05 15:33:39.060118,2025-01-05 15:34:49.510621,0 days 00:01:10.450503,8,30,15.0,25.0,55.0,20.0,95.0,95.0,90.0,,,5,5.0,2.0,5.0,6.0,5.0,4.0,4.0,,,COMPLETE
58,58,0.8664511278195488,2025-01-05 15:34:49.511804,2025-01-05 15:35:51.075777,0 days 00:01:01.563973,9,15,15.0,40.0,45.0,80.0,100.0,100.0,75.0,35.0,,5,4.0,2.0,5.0,6.0,5.0,3.0,4.0,2.0,,COMPLETE
59,59,0.8519803771960716,2025-01-05 15:35:51.076516,2025-01-05 15:37:07.682633,0 days 00:01:16.606117,8,25,25.0,55.0,35.0,95.0,85.0,100.0,90.0,,,6,4.0,2.0,6.0,6.0,4.0,3.0,5.0,,,COMPLETE
60,60,0.8714605817868801,2025-01-05 15:37:07.683412,2025-01-05 15:37:56.202568,0 days 00:00:48.519156,7,25,5.0,20.0,40.0,10.0,85.0,35.0,,,,5,4.0,2.0,4.0,5.0,4.0,4.0,,,,COMPLETE
61,61,0.8771779344984607,2025-01-05 15:37:56.203214,2025-01-05 15:39:01.282962,0 days 00:01:05.079748,10,15,20.0,80.0,15.0,65.0,50.0,85.0,65.0,75.0,65.0,4,6.0,3.0,3.0,5.0,6.0,2.0,2.0,3.0,4.0,COMPLETE
62,62,0.8667265465501388,2025-01-05 15:39:01.284269,2025-01-05 15:40:16.796367,0 days 00:01:15.512098,9,20,10.0,80.0,50.0,65.0,45.0,85.0,75.0,80.0,,5,5.0,3.0,6.0,5.0,5.0,2.0,2.0,4.0,,COMPLETE
63,63,0.8629405893940605,2025-01-05 15:40:16.797199,2025-01-05 15:41:12.526583,0 days 00:00:55.729384,10,15,25.0,95.0,15.0,65.0,50.0,75.0,60.0,95.0,70.0,4,6.0,3.0,3.0,5.0,6.0,3.0,2.0,3.0,3.0,COMPLETE
64,64,0.8636887642555975,2025-01-05 15:41:12.527293,2025-01-05 15:42:02.388808,0 days 00:00:49.861515,9,5,70.0,75.0,25.0,70.0,95.0,90.0,80.0,60.0,,5,5.0,2.0,6.0,6.0,5.0,2.0,2.0,4.0,,COMPLETE
65,65,0.8520945427666169,2025-01-05 15:42:02.389554,2025-01-05 15:42:48.344316,0 days 00:00:45.954762,8,20,20.0,70.0,10.0,5.0,55.0,95.0,50.0,,,2,6.0,2.0,2.0,5.0,6.0,5.0,6.0,,,COMPLETE
66,66,0.8619910325747958,2025-01-05 15:42:48.345042,2025-01-05 15:43:50.009678,0 days 00:01:01.664636,9,15,30.0,65.0,5.0,45.0,35.0,85.0,60.0,75.0,,4,4.0,3.0,4.0,6.0,5.0,6.0,4.0,2.0,,COMPLETE
67,67,0.8141229327499351,2025-01-05 15:43:50.010437,2025-01-05 15:44:36.253803,0 days 00:00:46.243366,6,5,10.0,50.0,60.0,80.0,90.0,,,,,5,5.0,2.0,5.0,5.0,3.0,,,,,COMPLETE
68,68,0.8470808470808471,2025-01-05 15:44:36.254512,2025-01-05 15:45:39.892990,0 days 00:01:03.638478,8,35,5.0,80.0,15.0,55.0,35.0,95.0,70.0,,,5,3.0,3.0,3.0,6.0,6.0,2.0,5.0,,,COMPLETE
69,69,0.8487062018150492,2025-01-05 15:45:39.893739,2025-01-05 15:46:26.124507,0 days 00:00:46.230768,9,40,15.0,90.0,30.0,60.0,100.0,75.0,85.0,90.0,,6,4.0,2.0,6.0,3.0,2.0,3.0,3.0,3.0,,COMPLETE
70,70,0.8596999117156552,2025-01-05 15:46:26.125748,2025-01-05 15:46:50.613868,0 days 00:00:24.488120,4,25,10.0,30.0,20.0,,,,,,,4,2.0,2.0,4.0,,,,,,,COMPLETE
71,71,0.8545259892227817,2025-01-05 15:46:50.614637,2025-01-05 15:47:55.950633,0 days 00:01:05.335996,10,10,20.0,80.0,35.0,65.0,65.0,90.0,65.0,75.0,75.0,4,6.0,4.0,3.0,4.0,6.0,2.0,2.0,3.0,5.0,COMPLETE
72,72,0.8592299490992747,2025-01-05 15:47:55.951445,2025-01-05 15:49:25.806097,0 days 00:01:29.854652,10,100,25.0,85.0,20.0,60.0,50.0,100.0,75.0,70.0,40.0,4,6.0,5.0,3.0,5.0,6.0,2.0,3.0,3.0,5.0,COMPLETE
73,73,0.8406563029998411,2025-01-05 15:49:25.807417,2025-01-05 15:50:25.194415,0 days 00:00:59.386998,10,10,35.0,95.0,10.0,70.0,55.0,90.0,45.0,65.0,70.0,4,6.0,4.0,3.0,4.0,6.0,2.0,3.0,5.0,3.0,COMPLETE
74,74,0.7960188143988292,2025-01-05 15:50:25.195263,2025-01-05 15:51:02.892474,0 days 00:00:37.697211,7,20,50.0,75.0,25.0,20.0,70.0,5.0,,,,4,6.0,3.0,2.0,3.0,6.0,2.0,,,,COMPLETE
75,75,0.8473503156591908,2025-01-05 15:51:02.893081,2025-01-05 15:51:40.757410,0 days 00:00:37.864329,10,15,15.0,100.0,5.0,55.0,45.0,60.0,55.0,80.0,30.0,4,6.0,4.0,4.0,2.0,5.0,4.0,2.0,2.0,3.0,COMPLETE
76,76,0.7741529258909505,2025-01-05 15:51:40.758169,2025-01-05 15:52:33.908741,0 days 00:00:53.150572,9,5,5.0,45.0,15.0,50.0,60.0,80.0,70.0,80.0,,4,4.0,2.0,3.0,5.0,6.0,3.0,6.0,3.0,,COMPLETE
77,77,0.8681160632806204,2025-01-05 15:52:33.909946,2025-01-05 15:53:40.674103,0 days 00:01:06.764157,9,15,15.0,60.0,10.0,40.0,40.0,95.0,95.0,90.0,,4,3.0,6.0,6.0,4.0,5.0,2.0,3.0,4.0,,COMPLETE
78,78,0.8857781298916697,2025-01-05 15:53:40.674950,2025-01-05 15:54:59.566513,0 days 00:01:18.891563,10,10,10.0,80.0,30.0,95.0,80.0,100.0,80.0,50.0,55.0,5,5.0,5.0,3.0,6.0,6.0,3.0,4.0,3.0,5.0,COMPLETE
79,79,0.8661074498212472,2025-01-05 15:54:59.567702,2025-01-05 15:56:10.666625,0 days 00:01:11.098923,7,50,10.0,10.0,30.0,95.0,80.0,100.0,,,,5,5.0,5.0,3.0,6.0,5.0,3.0,,,,COMPLETE
80,80,0.8555800813573682,2025-01-05 15:56:10.667315,2025-01-05 15:57:54.736053,0 days 00:01:44.068738,9,60,5.0,80.0,40.0,100.0,90.0,95.0,80.0,45.0,,5,2.0,6.0,6.0,6.0,6.0,3.0,4.0,2.0,,COMPLETE
81,81,0.8747669093072565,2025-01-05 15:57:54.736896,2025-01-05 15:59:11.254845,0 days 00:01:16.517949,10,10,20.0,90.0,20.0,90.0,75.0,90.0,65.0,25.0,60.0,5,5.0,5.0,3.0,6.0,6.0,3.0,4.0,3.0,6.0,COMPLETE
82,82,0.8505618495257914,2025-01-05 15:59:11.255787,2025-01-05 16:00:18.782012,0 days 00:01:07.526225,10,10,10.0,75.0,35.0,90.0,75.0,100.0,80.0,25.0,60.0,5,5.0,5.0,3.0,6.0,6.0,3.0,4.0,3.0,5.0,COMPLETE
83,83,0.8682808497341692,2025-01-05 16:00:18.782739,2025-01-05 16:01:37.574097,0 days 00:01:18.791358,10,15,15.0,90.0,20.0,100.0,95.0,90.0,95.0,10.0,85.0,5,5.0,5.0,3.0,6.0,6.0,3.0,4.0,4.0,4.0,COMPLETE
84,84,0.8195200834843915,2025-01-05 16:01:37.574988,2025-01-05 16:03:01.724687,0 days 00:01:24.149699,10,5,20.0,50.0,30.0,90.0,70.0,85.0,75.0,25.0,60.0,5,5.0,5.0,3.0,6.0,6.0,3.0,4.0,3.0,5.0,COMPLETE
85,85,0.8796815609659738,2025-01-05 16:03:01.725579,2025-01-05 16:04:01.061551,0 days 00:00:59.335972,8,20,5.0,55.0,15.0,90.0,100.0,95.0,85.0,,,5,4.0,5.0,2.0,6.0,6.0,3.0,4.0,,,COMPLETE
86,86,0.8506266201157396,2025-01-05 16:04:01.062365,2025-01-05 16:05:21.636008,0 days 00:01:20.573643,8,10,5.0,55.0,5.0,90.0,85.0,80.0,85.0,,,5,4.0,5.0,2.0,6.0,6.0,3.0,5.0,,,COMPLETE
87,87,0.8538014220552518,2025-01-05 16:05:21.636862,2025-01-05 16:06:15.075898,0 days 00:00:53.439036,8,10,10.0,65.0,15.0,95.0,100.0,40.0,90.0,,,6,4.0,5.0,2.0,6.0,6.0,5.0,4.0,,,COMPLETE
88,88,0.8793821269039759,2025-01-05 16:06:15.076570,2025-01-05 16:07:07.430101,0 days 00:00:52.353531,7,20,5.0,55.0,10.0,85.0,50.0,90.0,,,,5,4.0,5.0,2.0,5.0,6.0,4.0,,,,COMPLETE
89,89,0.8526758673430188,2025-01-05 16:07:07.430913,2025-01-05 16:07:56.454113,0 days 00:00:49.023200,6,25,5.0,55.0,10.0,80.0,50.0,,,,,5,4.0,5.0,2.0,5.0,6.0,,,,,COMPLETE
90,90,0.8682613403484052,2025-01-05 16:07:56.454734,2025-01-05 16:08:43.718925,0 days 00:00:47.264191,7,20,5.0,60.0,15.0,85.0,45.0,95.0,,,,5,4.0,5.0,2.0,5.0,6.0,4.0,,,,COMPLETE
91,91,0.868081590020065,2025-01-05 16:08:43.719733,2025-01-05 16:09:36.469059,0 days 00:00:52.749326,7,15,10.0,50.0,5.0,90.0,80.0,90.0,,,,5,4.0,5.0,2.0,5.0,6.0,6.0,,,,COMPLETE
92,92,0.8468305729331169,2025-01-05 16:09:36.469725,2025-01-05 16:10:46.253923,0 days 00:01:09.784198,8,30,10.0,35.0,10.0,95.0,50.0,85.0,100.0,,,5,4.0,5.0,2.0,5.0,6.0,3.0,4.0,,,COMPLETE
93,93,0.7368506792451144,2025-01-05 16:10:46.254836,2025-01-05 16:11:32.351075,0 days 00:00:46.096239,6,5,5.0,55.0,20.0,100.0,55.0,,,,,5,2.0,6.0,2.0,6.0,6.0,,,,,COMPLETE
94,94,0.8574469857756665,2025-01-05 16:11:32.351771,2025-01-05 16:12:23.377980,0 days 00:00:51.026209,8,15,5.0,60.0,5.0,90.0,65.0,95.0,55.0,,,5,3.0,5.0,3.0,3.0,6.0,4.0,5.0,,,COMPLETE
95,95,0.8444495023210519,2025-01-05 16:12:23.379202,2025-01-05 16:13:21.716821,0 days 00:00:58.337619,7,20,40.0,45.0,25.0,85.0,30.0,90.0,,,,5,4.0,5.0,3.0,6.0,2.0,3.0,,,,COMPLETE
96,96,0.8560533579279606,2025-01-05 16:13:21.717593,2025-01-05 16:14:38.882024,0 days 00:01:17.164431,9,10,15.0,40.0,15.0,95.0,40.0,85.0,60.0,30.0,,5,3.0,5.0,2.0,5.0,6.0,3.0,5.0,5.0,,COMPLETE
97,97,0.8470094315193222,2025-01-05 16:14:38.882772,2025-01-05 16:15:26.606377,0 days 00:00:47.723605,9,15,10.0,65.0,10.0,5.0,45.0,95.0,85.0,50.0,,5,4.0,6.0,6.0,6.0,3.0,2.0,4.0,2.0,,COMPLETE
98,98,0.8773321319060692,2025-01-05 16:15:26.607352,2025-01-05 16:16:54.251927,0 days 00:01:27.644575,10,20,25.0,45.0,15.0,100.0,75.0,100.0,95.0,15.0,80.0,5,2.0,5.0,3.0,5.0,6.0,3.0,4.0,2.0,6.0,COMPLETE
99,99,0.8591994002739383,2025-01-05 16:16:54.252858,2025-01-05 16:17:54.399743,0 days 00:01:00.146885,7,25,25.0,45.0,5.0,100.0,90.0,100.0,,,,6,2.0,4.0,6.0,5.0,4.0,5.0,,,,COMPLETE
100,100,0.8604109727044952,2025-01-05 16:17:54.400590,2025-01-05 16:19:02.187238,0 days 00:01:07.786648,8,20,15.0,50.0,15.0,10.0,100.0,100.0,95.0,,,4,2.0,4.0,2.0,5.0,6.0,2.0,4.0,,,COMPLETE
101,101,0.8607728827959953,2025-01-05 16:19:02.187890,2025-01-05 16:20:14.306486,0 days 00:01:12.118596,10,15,20.0,30.0,10.0,95.0,75.0,95.0,90.0,15.0,80.0,5,2.0,5.0,3.0,5.0,6.0,3.0,4.0,2.0,6.0,COMPLETE
102,102,0.8627481069336926,2025-01-05 16:20:14.307264,2025-01-05 16:21:33.382133,0 days 00:01:19.074869,10,30,30.0,40.0,20.0,100.0,75.0,90.0,95.0,5.0,65.0,5,4.0,5.0,3.0,3.0,6.0,3.0,4.0,2.0,6.0,COMPLETE
103,103,0.8488167133022653,2025-01-05 16:21:33.382914,2025-01-05 16:22:33.048175,0 days 00:00:59.665261,10,10,25.0,20.0,20.0,90.0,80.0,100.0,100.0,20.0,50.0,5,2.0,5.0,3.0,5.0,6.0,3.0,4.0,2.0,5.0,COMPLETE
104,104,0.8626586575870665,2025-01-05 16:22:33.048948,2025-01-05 16:24:18.474757,0 days 00:01:45.425809,10,25,65.0,55.0,75.0,95.0,60.0,90.0,40.0,40.0,85.0,5,4.0,5.0,3.0,5.0,6.0,4.0,3.0,2.0,6.0,COMPLETE
105,105,0.8763631040574142,2025-01-05 16:24:18.475534,2025-01-05 16:25:37.675168,0 days 00:01:19.199634,9,20,90.0,70.0,15.0,85.0,85.0,95.0,85.0,15.0,,5,4.0,5.0,3.0,6.0,6.0,3.0,4.0,2.0,,COMPLETE
106,106,0.8650474404320285,2025-01-05 16:25:37.676065,2025-01-05 16:27:11.364882,0 days 00:01:33.688817,9,20,75.0,60.0,95.0,80.0,85.0,95.0,85.0,15.0,,4,4.0,2.0,3.0,5.0,6.0,4.0,4.0,2.0,,COMPLETE
107,107,0.8346381522131675,2025-01-05 16:27:11.365763,2025-01-05 16:27:34.461882,0 days 00:00:23.096119,2,20,100.0,,,,,,,,,5,4.0,,,,,,,,,COMPLETE
108,108,0.8423706093892537,2025-01-05 16:27:34.462376,2025-01-05 16:28:10.878896,0 days 00:00:36.416520,5,25,5.0,70.0,15.0,85.0,,,,,,4,4.0,3.0,3.0,4.0,,,,,,COMPLETE
109,109,0.8680742838942883,2025-01-05 16:28:10.879968,2025-01-05 16:29:31.671376,0 days 00:01:20.791408,9,30,35.0,65.0,25.0,75.0,95.0,100.0,80.0,5.0,,5,2.0,5.0,6.0,6.0,4.0,3.0,3.0,2.0,,COMPLETE
110,110,0.8642094736862309,2025-01-05 16:29:31.672720,2025-01-05 16:30:40.857320,0 days 00:01:09.184600,8,35,95.0,55.0,10.0,25.0,50.0,20.0,90.0,,,5,4.0,3.0,4.0,3.0,6.0,2.0,5.0,,,COMPLETE
111,111,0.8561291860542308,2025-01-05 16:30:40.858032,2025-01-05 16:32:00.961298,0 days 00:01:20.103266,10,15,55.0,85.0,15.0,90.0,70.0,95.0,70.0,15.0,50.0,5,2.0,5.0,3.0,6.0,6.0,3.0,4.0,2.0,4.0,COMPLETE
112,112,0.8586318474758324,2025-01-05 16:32:00.962232,2025-01-05 16:33:14.223909,0 days 00:01:13.261677,9,10,90.0,50.0,5.0,85.0,80.0,80.0,90.0,25.0,,5,4.0,5.0,3.0,6.0,6.0,3.0,4.0,6.0,,COMPLETE
113,113,0.8470621384518806,2025-01-05 16:33:14.224721,2025-01-05 16:34:40.420762,0 days 00:01:26.196041,10,15,80.0,45.0,15.0,100.0,65.0,95.0,85.0,100.0,65.0,5,3.0,5.0,3.0,6.0,6.0,3.0,4.0,3.0,5.0,COMPLETE
114,114,0.8439681988441606,2025-01-05 16:34:40.421715,2025-01-05 16:35:37.907126,0 days 00:00:57.485411,9,5,10.0,70.0,10.0,15.0,55.0,100.0,65.0,10.0,,5,5.0,5.0,3.0,6.0,6.0,3.0,4.0,2.0,,COMPLETE
115,115,0.8346137672087766,2025-01-05 16:35:37.907997,2025-01-05 16:36:50.779820,0 days 00:01:12.871823,7,20,20.0,75.0,20.0,95.0,85.0,85.0,,,,4,4.0,2.0,3.0,6.0,6.0,5.0,,,,COMPLETE
116,116,0.8564053433875964,2025-01-05 16:36:50.780678,2025-01-05 16:38:26.339172,0 days 00:01:35.558494,10,45,85.0,15.0,10.0,30.0,75.0,90.0,80.0,20.0,75.0,5,5.0,5.0,3.0,5.0,6.0,2.0,4.0,3.0,6.0,COMPLETE
117,117,0.8271137437843095,2025-01-05 16:38:26.340000,2025-01-05 16:39:15.445402,0 days 00:00:49.105402,9,5,10.0,60.0,5.0,5.0,100.0,95.0,55.0,50.0,,5,4.0,4.0,6.0,6.0,6.0,3.0,3.0,2.0,,COMPLETE
118,118,0.8552596485822022,2025-01-05 16:39:15.446145,2025-01-05 16:40:25.487135,0 days 00:01:10.040990,10,10,30.0,80.0,25.0,85.0,45.0,100.0,75.0,20.0,90.0,4,2.0,2.0,2.0,6.0,5.0,2.0,4.0,3.0,5.0,COMPLETE
119,119,0.8787617009206014,2025-01-05 16:40:25.487984,2025-01-05 16:41:07.781833,0 days 00:00:42.293849,6,15,5.0,85.0,15.0,35.0,95.0,,,,,5,3.0,5.0,5.0,2.0,6.0,,,,,COMPLETE
120,120,0.8647984357442889,2025-01-05 16:41:07.782555,2025-01-05 16:41:48.065455,0 days 00:00:40.282900,6,20,5.0,85.0,15.0,35.0,95.0,,,,,6,3.0,5.0,5.0,2.0,5.0,,,,,COMPLETE
121,121,0.8833842117029047,2025-01-05 16:41:48.066203,2025-01-05 16:42:23.350409,0 days 00:00:35.284206,6,15,5.0,90.0,20.0,25.0,90.0,,,,,5,3.0,5.0,5.0,2.0,6.0,,,,,COMPLETE
122,122,0.8170278644144562,2025-01-05 16:42:23.351067,2025-01-05 16:43:00.126168,0 days 00:00:36.775101,6,15,5.0,85.0,15.0,25.0,90.0,,,,,5,3.0,5.0,5.0,2.0,6.0,,,,,COMPLETE
123,123,0.8548153300808463,2025-01-05 16:43:00.126936,2025-01-05 16:43:47.286176,0 days 00:00:47.159240,6,20,5.0,80.0,45.0,45.0,95.0,,,,,5,2.0,5.0,5.0,2.0,6.0,,,,,COMPLETE
124,124,0.8726402069194232,2025-01-05 16:43:47.287267,2025-01-05 16:44:22.609683,0 days 00:00:35.322416,5,15,10.0,95.0,10.0,35.0,,,,,,5,3.0,5.0,6.0,2.0,,,,,,COMPLETE
125,125,0.8728703250682577,2025-01-05 16:44:22.610346,2025-01-05 16:45:29.384396,0 days 00:01:06.774050,7,20,10.0,90.0,50.0,20.0,100.0,60.0,,,,5,2.0,5.0,5.0,2.0,6.0,4.0,,,,COMPLETE
126,126,0.8437990797780234,2025-01-05 16:45:29.385158,2025-01-05 16:46:17.931407,0 days 00:00:48.546249,6,25,45.0,75.0,20.0,40.0,90.0,,,,,5,4.0,2.0,4.0,2.0,6.0,,,,,COMPLETE
127,127,0.8543242885372555,2025-01-05 16:46:17.932100,2025-01-05 16:47:42.968220,0 days 00:01:25.036120,7,90,5.0,50.0,60.0,10.0,100.0,100.0,,,,4,3.0,5.0,6.0,2.0,6.0,6.0,,,,COMPLETE
128,128,0.8645487953138815,2025-01-05 16:47:42.969082,2025-01-05 16:48:35.651343,0 days 00:00:52.682261,8,15,5.0,55.0,5.0,30.0,95.0,85.0,95.0,,,5,4.0,3.0,5.0,2.0,6.0,2.0,6.0,,,COMPLETE
129,129,0.8687486409787923,2025-01-05 16:48:35.652168,2025-01-05 16:49:17.349765,0 days 00:00:41.697597,6,10,15.0,85.0,10.0,15.0,100.0,,,,,5,2.0,5.0,6.0,4.0,6.0,,,,,COMPLETE
130,130,0.8762025352453624,2025-01-05 16:49:17.350468,2025-01-05 16:49:46.941551,0 days 00:00:29.591083,5,20,10.0,65.0,20.0,35.0,,,,,,5,4.0,2.0,4.0,5.0,,,,,,COMPLETE
131,131,0.8731924240484581,2025-01-05 16:49:46.942266,2025-01-05 16:50:21.677309,0 days 00:00:34.735043,5,20,10.0,65.0,20.0,35.0,,,,,,5,4.0,2.0,4.0,5.0,,,,,,COMPLETE
132,132,0.8621168285875738,2025-01-05 16:50:21.677928,2025-01-05 16:50:59.112186,0 days 00:00:37.434258,6,15,5.0,60.0,15.0,40.0,85.0,,,,,5,4.0,2.0,5.0,5.0,2.0,,,,,COMPLETE
133,133,0.8497617888517953,2025-01-05 16:50:59.113004,2025-01-05 16:51:34.647778,0 days 00:00:35.534774,5,25,10.0,70.0,25.0,30.0,,,,,,5,4.0,2.0,4.0,5.0,,,,,,COMPLETE
134,134,0.8424732567845046,2025-01-05 16:51:34.648429,2025-01-05 16:52:07.832134,0 days 00:00:33.183705,4,20,15.0,65.0,20.0,,,,,,,5,4.0,2.0,6.0,,,,,,,COMPLETE
135,135,0.8448398381116584,2025-01-05 16:52:07.832789,2025-01-05 16:52:45.622568,0 days 00:00:37.789779,6,15,5.0,55.0,10.0,40.0,90.0,,,,,5,4.0,2.0,4.0,5.0,3.0,,,,,COMPLETE
136,136,0.8559628759228506,2025-01-05 16:52:45.623286,2025-01-05 16:53:20.164099,0 days 00:00:34.540813,5,10,10.0,90.0,15.0,55.0,,,,,,5,4.0,2.0,5.0,5.0,,,,,,COMPLETE
137,137,0.8768811302200177,2025-01-05 16:53:20.164787,2025-01-05 16:54:09.101705,0 days 00:00:48.936918,7,20,15.0,80.0,30.0,5.0,35.0,90.0,,,,4,4.0,4.0,2.0,5.0,4.0,2.0,,,,COMPLETE
138,138,0.8816045671590094,2025-01-05 16:54:09.102434,2025-01-05 16:54:57.361458,0 days 00:00:48.259024,7,20,15.0,75.0,30.0,5.0,20.0,95.0,,,,4,4.0,4.0,2.0,5.0,4.0,2.0,,,,COMPLETE
139,139,0.8551277733122387,2025-01-05 16:54:57.362186,2025-01-05 16:55:47.552779,0 days 00:00:50.190593,7,15,15.0,80.0,30.0,5.0,95.0,95.0,,,,3,4.0,4.0,2.0,5.0,4.0,2.0,,,,COMPLETE
140,140,0.8614871844651755,2025-01-05 16:55:47.553513,2025-01-05 16:56:34.180623,0 days 00:00:46.627110,7,25,15.0,80.0,30.0,10.0,20.0,90.0,,,,4,4.0,4.0,2.0,5.0,3.0,2.0,,,,COMPLETE
141,141,0.8375714085791333,2025-01-05 16:56:34.181346,2025-01-05 16:57:23.462855,0 days 00:00:49.281509,7,20,15.0,75.0,35.0,5.0,25.0,95.0,,,,4,4.0,4.0,2.0,5.0,4.0,2.0,,,,COMPLETE
142,142,0.8544484187815817,2025-01-05 16:57:23.463589,2025-01-05 16:58:21.010573,0 days 00:00:57.546984,7,20,10.0,75.0,40.0,5.0,90.0,100.0,,,,5,4.0,4.0,2.0,5.0,6.0,2.0,,,,COMPLETE
143,143,0.8716110566497846,2025-01-05 16:58:21.011333,2025-01-05 16:58:58.316690,0 days 00:00:37.305357,7,15,15.0,70.0,20.0,5.0,10.0,90.0,,,,5,4.0,5.0,2.0,5.0,2.0,2.0,,,,COMPLETE
144,144,0.862805433199519,2025-01-05 16:58:58.317488,2025-01-05 16:59:50.621956,0 days 00:00:52.304468,7,25,25.0,80.0,25.0,10.0,30.0,95.0,,,,3,4.0,4.0,2.0,5.0,6.0,2.0,,,,COMPLETE
145,145,0.7984308947058936,2025-01-05 16:59:50.622707,2025-01-05 17:00:40.781045,0 days 00:00:50.158338,7,20,20.0,85.0,20.0,10.0,20.0,100.0,,,,5,4.0,5.0,2.0,5.0,3.0,2.0,,,,COMPLETE
146,146,0.8549969959767056,2025-01-05 17:00:40.781831,2025-01-05 17:01:36.498519,0 days 00:00:55.716688,8,10,10.0,75.0,30.0,25.0,35.0,95.0,45.0,,,4,4.0,5.0,2.0,5.0,6.0,2.0,2.0,,,COMPLETE
147,147,0.8310720994232442,2025-01-05 17:01:36.499384,2025-01-05 17:02:44.874133,0 days 00:01:08.374749,8,75,5.0,85.0,15.0,45.0,25.0,90.0,50.0,,,2,4.0,5.0,6.0,5.0,6.0,2.0,3.0,,,COMPLETE
148,148,0.8660996136600932,2025-01-05 17:02:44.875019,2025-01-05 17:03:33.119670,0 days 00:00:48.244651,6,20,20.0,70.0,25.0,10.0,5.0,,,,,5,4.0,6.0,2.0,5.0,6.0,,,,,COMPLETE
149,149,0.8542809336269468,2025-01-05 17:03:33.120326,2025-01-05 17:04:20.616540,0 days 00:00:47.496214,7,25,10.0,45.0,15.0,50.0,15.0,100.0,,,,5,4.0,5.0,2.0,5.0,5.0,2.0,,,,COMPLETE
150,150,0.8259065908570447,2025-01-05 17:04:20.617401,2025-01-05 17:05:04.562925,0 days 00:00:43.945524,6,15,5.0,80.0,30.0,5.0,100.0,,,,,5,4.0,4.0,6.0,5.0,4.0,,,,,COMPLETE
151,151,0.8549088414850388,2025-01-05 17:05:04.563596,2025-01-05 17:06:15.959335,0 days 00:01:11.395739,8,30,5.0,60.0,10.0,100.0,40.0,85.0,100.0,,,4,2.0,4.0,3.0,4.0,5.0,3.0,5.0,,,COMPLETE
152,152,0.8635366088835124,2025-01-05 17:06:15.960213,2025-01-05 17:06:41.282352,0 days 00:00:25.322139,3,15,10.0,50.0,,,,,,,,4,4.0,4.0,,,,,,,,COMPLETE
153,153,0.8706256688144624,2025-01-05 17:06:41.282914,2025-01-05 17:07:38.904517,0 days 00:00:57.621603,7,50,5.0,55.0,5.0,95.0,50.0,80.0,,,,4,2.0,4.0,3.0,3.0,6.0,3.0,,,,COMPLETE
154,154,0.856743597424643,2025-01-05 17:07:38.905351,2025-01-05 17:08:07.116335,0 days 00:00:28.210984,5,10,10.0,5.0,15.0,35.0,,,,,,4,4.0,3.0,3.0,2.0,,,,,,COMPLETE
155,155,0.8790706389880604,2025-01-05 17:08:07.116951,2025-01-05 17:09:07.312391,0 days 00:01:00.195440,9,20,15.0,65.0,25.0,30.0,55.0,75.0,25.0,60.0,,4,4.0,2.0,3.0,5.0,4.0,4.0,3.0,2.0,,COMPLETE
156,156,0.8463931408557748,2025-01-05 17:09:07.313285,2025-01-05 17:10:02.832418,0 days 00:00:55.519133,8,25,15.0,65.0,25.0,35.0,60.0,95.0,15.0,,,4,4.0,2.0,3.0,5.0,4.0,4.0,2.0,,,COMPLETE
157,157,0.8680480248714242,2025-01-05 17:10:02.833151,2025-01-05 17:11:03.904826,0 days 00:01:01.071675,9,15,15.0,75.0,25.0,30.0,55.0,90.0,70.0,60.0,,4,4.0,2.0,2.0,5.0,4.0,4.0,3.0,2.0,,COMPLETE
158,158,0.8594132243090011,2025-01-05 17:11:03.905599,2025-01-05 17:12:02.498670,0 days 00:00:58.593071,7,20,25.0,80.0,35.0,35.0,80.0,75.0,,,,4,4.0,2.0,6.0,5.0,4.0,4.0,,,,COMPLETE
159,159,0.8644726407613006,2025-01-05 17:12:02.499482,2025-01-05 17:13:05.368066,0 days 00:01:02.868584,9,20,20.0,70.0,20.0,20.0,45.0,100.0,80.0,60.0,,4,4.0,2.0,3.0,5.0,4.0,4.0,3.0,2.0,,COMPLETE
160,160,0.8714701539246845,2025-01-05 17:13:05.368871,2025-01-05 17:13:36.810467,0 days 00:00:31.441596,5,15,10.0,30.0,30.0,80.0,,,,,,5,4.0,2.0,4.0,5.0,,,,,,COMPLETE
161,161,0.8688014118638816,2025-01-05 17:13:36.811161,2025-01-05 17:14:46.170114,0 days 00:01:09.358953,9,20,5.0,65.0,15.0,100.0,55.0,85.0,25.0,95.0,,4,2.0,2.0,3.0,5.0,4.0,5.0,2.0,2.0,,COMPLETE
162,162,0.8705974899297579,2025-01-05 17:14:46.170879,2025-01-05 17:15:58.625682,0 days 00:01:12.454803,9,65,55.0,60.0,10.0,30.0,50.0,80.0,10.0,35.0,,4,3.0,5.0,3.0,6.0,4.0,3.0,5.0,2.0,,COMPLETE
163,163,0.8766504577004672,2025-01-05 17:15:58.626469,2025-01-05 17:17:09.235528,0 days 00:01:10.609059,10,10,5.0,55.0,20.0,70.0,85.0,70.0,35.0,70.0,80.0,4,2.0,4.0,3.0,2.0,4.0,3.0,4.0,2.0,4.0,COMPLETE
164,164,0.8762158891199248,2025-01-05 17:17:09.236327,2025-01-05 17:18:21.274763,0 days 00:01:12.038436,10,5,5.0,50.0,20.0,65.0,85.0,95.0,30.0,70.0,80.0,4,2.0,4.0,3.0,2.0,4.0,3.0,4.0,5.0,4.0,COMPLETE
165,165,0.8579820668747975,2025-01-05 17:18:21.275600,2025-01-05 17:19:29.383868,0 days 00:01:08.108268,10,5,5.0,50.0,25.0,65.0,85.0,55.0,30.0,70.0,80.0,4,2.0,4.0,3.0,2.0,4.0,3.0,4.0,5.0,4.0,COMPLETE
166,166,0.8560086709535379,2025-01-05 17:19:29.384800,2025-01-05 17:20:45.695762,0 days 00:01:16.310962,10,5,5.0,45.0,20.0,65.0,80.0,65.0,20.0,65.0,95.0,4,2.0,4.0,3.0,2.0,4.0,3.0,4.0,6.0,4.0,COMPLETE
167,167,0.8674441516423086,2025-01-05 17:20:45.696543,2025-01-05 17:21:45.323843,0 days 00:00:59.627300,10,10,5.0,50.0,25.0,70.0,85.0,95.0,35.0,70.0,90.0,4,2.0,4.0,3.0,2.0,4.0,3.0,4.0,4.0,3.0,COMPLETE
168,168,0.8504788264956487,2025-01-05 17:21:45.325082,2025-01-05 17:22:48.105636,0 days 00:01:02.780554,10,5,20.0,55.0,20.0,60.0,90.0,90.0,30.0,55.0,75.0,4,2.0,4.0,3.0,2.0,4.0,3.0,4.0,5.0,4.0,COMPLETE
169,169,0.8644713126649733,2025-01-05 17:22:48.106554,2025-01-05 17:24:03.637148,0 days 00:01:15.530594,10,10,10.0,85.0,15.0,70.0,80.0,95.0,25.0,80.0,85.0,4,2.0,4.0,3.0,2.0,4.0,4.0,4.0,2.0,4.0,COMPLETE
170,170,0.8705866388322403,2025-01-05 17:24:03.638067,2025-01-05 17:24:49.286224,0 days 00:00:45.648157,10,5,5.0,50.0,15.0,70.0,95.0,70.0,20.0,65.0,70.0,4,3.0,4.0,3.0,2.0,4.0,3.0,4.0,2.0,3.0,COMPLETE
171,171,0.8606694504818135,2025-01-05 17:24:49.287063,2025-01-05 17:25:54.313597,0 days 00:01:05.026534,10,15,15.0,55.0,20.0,65.0,85.0,100.0,35.0,75.0,100.0,5,4.0,5.0,3.0,2.0,4.0,2.0,4.0,5.0,4.0,COMPLETE
172,172,0.839866774875443,2025-01-05 17:25:54.314371,2025-01-05 17:27:15.455857,0 days 00:01:21.141486,10,10,10.0,75.0,65.0,60.0,90.0,95.0,40.0,85.0,55.0,5,4.0,5.0,2.0,2.0,4.0,3.0,4.0,2.0,5.0,COMPLETE
173,173,0.8795147548454887,2025-01-05 17:27:15.457290,2025-01-05 17:28:06.156922,0 days 00:00:50.699632,6,15,10.0,50.0,20.0,75.0,100.0,,,,,5,4.0,5.0,3.0,6.0,6.0,,,,,COMPLETE
174,174,0.861512453674232,2025-01-05 17:28:06.157656,2025-01-05 17:29:07.282830,0 days 00:01:01.125174,6,10,10.0,50.0,20.0,75.0,100.0,,,,,5,4.0,5.0,3.0,6.0,6.0,,,,,COMPLETE
175,175,0.8601530612244898,2025-01-05 17:29:07.283625,2025-01-05 17:29:51.154780,0 days 00:00:43.871155,6,15,5.0,45.0,25.0,75.0,100.0,,,,,5,6.0,5.0,3.0,6.0,6.0,,,,,COMPLETE
176,176,0.8863832382880068,2025-01-05 17:29:51.155519,2025-01-05 17:30:44.313838,0 days 00:00:53.158319,7,15,15.0,50.0,15.0,70.0,95.0,90.0,,,,5,2.0,4.0,3.0,6.0,6.0,3.0,,,,COMPLETE
177,177,0.872012305742295,2025-01-05 17:30:44.314673,2025-01-05 17:31:48.978288,0 days 00:01:04.663615,7,15,65.0,40.0,15.0,70.0,95.0,90.0,,,,5,4.0,4.0,3.0,6.0,6.0,2.0,,,,COMPLETE
178,178,0.8633854912525276,2025-01-05 17:31:48.979122,2025-01-05 17:32:50.401378,0 days 00:01:01.422256,7,15,15.0,55.0,10.0,70.0,95.0,85.0,,,,5,4.0,5.0,6.0,6.0,6.0,3.0,,,,COMPLETE
179,179,0.8563028771296071,2025-01-05 17:32:50.402029,2025-01-05 17:33:55.781706,0 days 00:01:05.379677,7,20,15.0,80.0,15.0,75.0,100.0,65.0,,,,5,4.0,5.0,3.0,6.0,6.0,2.0,,,,COMPLETE
180,180,0.8564715263920452,2025-01-05 17:33:55.782493,2025-01-05 17:34:39.617538,0 days 00:00:43.835045,6,15,25.0,45.0,30.0,5.0,95.0,,,,,5,2.0,4.0,2.0,6.0,6.0,,,,,COMPLETE
181,181,0.8716457319465998,2025-01-05 17:34:39.618469,2025-01-05 17:35:28.785289,0 days 00:00:49.166820,7,10,10.0,50.0,20.0,65.0,90.0,95.0,,,,5,2.0,4.0,3.0,6.0,6.0,3.0,,,,COMPLETE
182,182,0.8809992714706243,2025-01-05 17:35:28.785920,2025-01-05 17:36:13.524738,0 days 00:00:44.738818,7,20,5.0,50.0,15.0,80.0,100.0,45.0,,,,5,2.0,4.0,3.0,6.0,6.0,3.0,,,,COMPLETE
183,183,0.843718576128931,2025-01-05 17:36:13.525419,2025-01-05 17:37:12.641158,0 days 00:00:59.115739,7,20,10.0,55.0,15.0,80.0,100.0,55.0,,,,5,2.0,5.0,3.0,6.0,6.0,3.0,,,,COMPLETE
184,184,0.8520926403377269,2025-01-05 17:37:12.641883,2025-01-05 17:38:10.222351,0 days 00:00:57.580468,7,25,15.0,45.0,10.0,80.0,100.0,45.0,,,,5,2.0,5.0,3.0,6.0,6.0,3.0,,,,COMPLETE
185,185,0.8629100082878821,2025-01-05 17:38:10.223211,2025-01-05 17:39:03.705511,0 days 00:00:53.482300,7,20,5.0,50.0,15.0,85.0,100.0,45.0,,,,5,2.0,4.0,3.0,6.0,6.0,3.0,,,,COMPLETE
186,186,0.8882374531948463,2025-01-05 17:39:03.706207,2025-01-05 17:40:01.560830,0 days 00:00:57.854623,8,15,20.0,80.0,15.0,75.0,95.0,35.0,90.0,,,5,4.0,5.0,3.0,6.0,6.0,4.0,3.0,,,COMPLETE
187,187,0.8727180271116163,2025-01-05 17:40:01.561538,2025-01-05 17:41:17.577648,0 days 00:01:16.016110,8,15,20.0,90.0,35.0,75.0,95.0,35.0,90.0,,,5,4.0,5.0,3.0,6.0,6.0,4.0,3.0,,,COMPLETE
188,188,0.8200689742665224,2025-01-05 17:41:17.578447,2025-01-05 17:42:19.033572,0 days 00:01:01.455125,8,15,20.0,80.0,10.0,15.0,95.0,35.0,95.0,,,5,2.0,4.0,6.0,6.0,6.0,4.0,3.0,,,COMPLETE
189,189,0.8437320703854421,2025-01-05 17:42:19.034206,2025-01-05 17:43:23.877792,0 days 00:01:04.843586,8,10,15.0,85.0,55.0,75.0,100.0,15.0,90.0,,,5,4.0,5.0,2.0,6.0,6.0,4.0,2.0,,,COMPLETE
190,190,0.8548057603198032,2025-01-05 17:43:23.878546,2025-01-05 17:44:22.307106,0 days 00:00:58.428560,7,15,20.0,80.0,15.0,70.0,55.0,30.0,,,,5,4.0,4.0,3.0,6.0,6.0,4.0,,,,COMPLETE
191,191,0.8823345024617564,2025-01-05 17:44:22.307892,2025-01-05 17:45:19.899947,0 days 00:00:57.592055,8,20,10.0,75.0,15.0,80.0,100.0,45.0,85.0,,,5,4.0,5.0,3.0,6.0,6.0,3.0,3.0,,,COMPLETE
192,192,0.8513112942859687,2025-01-05 17:45:19.900794,2025-01-05 17:46:12.060527,0 days 00:00:52.159733,8,20,10.0,80.0,15.0,80.0,100.0,40.0,85.0,,,5,4.0,5.0,3.0,6.0,6.0,6.0,3.0,,,COMPLETE
193,193,0.8310286542319958,2025-01-05 17:46:12.061241,2025-01-05 17:47:10.292582,0 days 00:00:58.231341,8,15,10.0,85.0,20.0,75.0,95.0,50.0,75.0,,,5,4.0,5.0,3.0,6.0,6.0,2.0,3.0,,,COMPLETE
194,194,0.8702146721444226,2025-01-05 17:47:10.293415,2025-01-05 17:48:24.254506,0 days 00:01:13.961091,8,25,5.0,75.0,10.0,80.0,100.0,30.0,95.0,,,5,5.0,5.0,3.0,6.0,6.0,3.0,3.0,,,COMPLETE
195,195,0.8563579959671166,2025-01-05 17:48:24.255387,2025-01-05 17:49:36.086876,0 days 00:01:11.831489,7,20,15.0,50.0,15.0,75.0,95.0,100.0,,,,5,2.0,5.0,3.0,6.0,6.0,4.0,,,,COMPLETE
196,196,0.8183613708606973,2025-01-05 17:49:36.087733,2025-01-05 17:50:10.709200,0 days 00:00:34.621467,6,10,10.0,55.0,20.0,5.0,100.0,,,,,5,6.0,5.0,3.0,6.0,6.0,,,,,COMPLETE
197,197,0.8724264864639102,2025-01-05 17:50:10.709868,2025-01-05 17:50:53.381179,0 days 00:00:42.671311,8,20,5.0,85.0,25.0,25.0,60.0,45.0,85.0,,,5,3.0,5.0,5.0,6.0,6.0,3.0,3.0,,,COMPLETE
198,198,0.8786031327782775,2025-01-05 17:50:53.381983,2025-01-05 17:51:46.177570,0 days 00:00:52.795587,7,15,25.0,75.0,10.0,80.0,45.0,40.0,,,,5,4.0,3.0,3.0,5.0,6.0,2.0,,,,COMPLETE
199,199,0.8837792773096578,2025-01-05 17:51:46.178244,2025-01-05 17:52:29.096342,0 days 00:00:42.918098,7,15,30.0,80.0,10.0,90.0,45.0,40.0,,,,5,4.0,3.0,2.0,5.0,6.0,2.0,,,,COMPLETE
200,200,0.8651949700163664,2025-01-05 17:52:29.097148,2025-01-05 17:53:21.327775,0 days 00:00:52.230627,7,15,30.0,75.0,10.0,85.0,50.0,40.0,,,,5,4.0,3.0,6.0,5.0,6.0,5.0,,,,COMPLETE
201,201,0.8810289235340154,2025-01-05 17:53:21.328471,2025-01-05 17:54:09.151454,0 days 00:00:47.822983,7,15,30.0,80.0,10.0,90.0,45.0,45.0,,,,5,4.0,5.0,2.0,5.0,6.0,2.0,,,,COMPLETE
202,202,0.8510449692695263,2025-01-05 17:54:09.152292,2025-01-05 17:54:56.453993,0 days 00:00:47.301701,7,15,25.0,75.0,5.0,90.0,45.0,40.0,,,,5,4.0,3.0,2.0,5.0,6.0,2.0,,,,COMPLETE
203,203,0.8803048803048803,2025-01-05 17:54:56.454712,2025-01-05 17:55:50.106319,0 days 00:00:53.651607,7,15,30.0,80.0,10.0,90.0,45.0,45.0,,,,5,4.0,3.0,2.0,5.0,6.0,2.0,,,,COMPLETE
204,204,0.8411980733926094,2025-01-05 17:55:50.107120,2025-01-05 17:56:35.540593,0 days 00:00:45.433473,7,15,30.0,80.0,10.0,90.0,45.0,45.0,,,,5,4.0,3.0,2.0,5.0,6.0,2.0,,,,COMPLETE
205,205,0.8789721304940525,2025-01-05 17:56:35.541365,2025-01-05 17:57:14.852129,0 days 00:00:39.310764,7,15,35.0,75.0,5.0,90.0,40.0,50.0,,,,5,4.0,3.0,2.0,5.0,6.0,2.0,,,,COMPLETE
206,206,0.8424146399269662,2025-01-05 17:57:14.852856,2025-01-05 17:57:59.833932,0 days 00:00:44.981076,7,15,35.0,75.0,5.0,90.0,40.0,45.0,,,,5,4.0,3.0,2.0,5.0,6.0,2.0,,,,COMPLETE
207,207,0.8794959289968152,2025-01-05 17:57:59.834569,2025-01-05 17:58:45.083626,0 days 00:00:45.249057,7,15,30.0,75.0,5.0,90.0,50.0,50.0,,,,5,4.0,3.0,2.0,5.0,6.0,2.0,,,,COMPLETE
208,208,0.8118921922756321,2025-01-05 17:58:45.084422,2025-01-05 17:59:32.149018,0 days 00:00:47.064596,7,10,35.0,90.0,5.0,90.0,50.0,50.0,,,,5,4.0,3.0,2.0,5.0,6.0,2.0,,,,COMPLETE
209,209,0.8391195276685355,2025-01-05 17:59:32.149665,2025-01-05 18:00:15.718506,0 days 00:00:43.568841,7,15,35.0,80.0,5.0,90.0,50.0,50.0,,,,5,4.0,3.0,2.0,5.0,6.0,2.0,,,,COMPLETE
210,210,0.8861358937745856,2025-01-05 18:00:15.719312,2025-01-05 18:00:47.313152,0 days 00:00:31.593840,7,10,30.0,75.0,5.0,85.0,40.0,45.0,,,,5,4.0,3.0,2.0,5.0,6.0,2.0,,,,COMPLETE
211,211,0.8667078637264642,2025-01-05 18:00:47.313800,2025-01-05 18:01:32.785266,0 days 00:00:45.471466,7,10,30.0,75.0,5.0,85.0,40.0,45.0,,,,5,4.0,3.0,2.0,5.0,6.0,2.0,,,,COMPLETE
212,212,0.8807247095143914,2025-01-05 18:01:32.785984,2025-01-05 18:02:18.953811,0 days 00:00:46.167827,7,10,30.0,75.0,5.0,90.0,45.0,50.0,,,,5,4.0,3.0,2.0,5.0,6.0,2.0,,,,COMPLETE
213,213,0.8323051768750471,2025-01-05 18:02:18.954535,2025-01-05 18:03:05.773281,0 days 00:00:46.818746,7,10,30.0,70.0,5.0,90.0,45.0,50.0,,,,5,4.0,3.0,2.0,5.0,6.0,2.0,,,,COMPLETE
214,214,0.8347756178026304,2025-01-05 18:03:05.773990,2025-01-05 18:03:56.654858,0 days 00:00:50.880868,7,10,40.0,75.0,5.0,95.0,45.0,50.0,,,,5,4.0,3.0,2.0,5.0,6.0,2.0,,,,COMPLETE
215,215,0.8809835472650598,2025-01-05 18:03:56.655585,2025-01-05 18:04:51.118902,0 days 00:00:54.463317,7,15,30.0,75.0,5.0,90.0,40.0,55.0,,,,5,4.0,3.0,2.0,5.0,6.0,2.0,,,,COMPLETE
216,216,0.8709491146943241,2025-01-05 18:04:51.119717,2025-01-05 18:05:37.314123,0 days 00:00:46.194406,7,10,30.0,70.0,5.0,85.0,50.0,45.0,,,,5,4.0,3.0,2.0,5.0,6.0,2.0,,,,COMPLETE
217,217,0.8322786959319222,2025-01-05 18:05:37.314737,2025-01-05 18:06:29.364225,0 days 00:00:52.049488,7,20,30.0,75.0,10.0,90.0,40.0,55.0,,,,5,4.0,3.0,2.0,5.0,6.0,2.0,,,,COMPLETE
218,218,0.8531319706153486,2025-01-05 18:06:29.365047,2025-01-05 18:07:32.312994,0 days 00:01:02.947947,8,15,30.0,100.0,5.0,85.0,45.0,40.0,80.0,,,5,4.0,3.0,2.0,5.0,6.0,2.0,3.0,,,COMPLETE
219,219,0.8818560514124711,2025-01-05 18:07:32.313789,2025-01-05 18:08:13.695324,0 days 00:00:41.381535,7,10,25.0,70.0,10.0,95.0,55.0,45.0,,,,5,4.0,3.0,2.0,5.0,6.0,2.0,,,,COMPLETE
220,220,0.8721278948016131,2025-01-05 18:08:13.696233,2025-01-05 18:08:55.853953,0 days 00:00:42.157720,7,10,25.0,80.0,10.0,95.0,45.0,45.0,,,,5,4.0,3.0,2.0,5.0,6.0,2.0,,,,COMPLETE
221,221,0.87469158780684,2025-01-05 18:08:55.854620,2025-01-05 18:09:44.434211,0 days 00:00:48.579591,7,10,30.0,70.0,10.0,90.0,55.0,45.0,,,,5,4.0,3.0,2.0,5.0,6.0,2.0,,,,COMPLETE
222,222,0.8627604442867749,2025-01-05 18:09:44.435051,2025-01-05 18:10:31.129795,0 days 00:00:46.694744,7,15,25.0,70.0,5.0,95.0,55.0,40.0,,,,5,4.0,3.0,2.0,5.0,6.0,2.0,,,,COMPLETE
223,223,0.8753848821336117,2025-01-05 18:10:31.130458,2025-01-05 18:11:23.003909,0 days 00:00:51.873451,7,5,30.0,75.0,10.0,90.0,50.0,45.0,,,,5,4.0,3.0,2.0,5.0,6.0,2.0,,,,COMPLETE
224,224,0.8681340134051952,2025-01-05 18:11:23.004678,2025-01-05 18:12:03.545997,0 days 00:00:40.541319,7,10,35.0,80.0,10.0,95.0,50.0,50.0,,,,5,4.0,3.0,2.0,5.0,6.0,2.0,,,,COMPLETE
225,225,0.867829447201496,2025-01-05 18:12:03.546586,2025-01-05 18:12:58.817785,0 days 00:00:55.271199,8,20,35.0,75.0,5.0,85.0,55.0,35.0,5.0,,,5,4.0,3.0,2.0,5.0,6.0,2.0,3.0,,,COMPLETE
226,226,0.8882467255402633,2025-01-05 18:12:58.818555,2025-01-05 18:13:44.173822,0 days 00:00:45.355267,7,15,30.0,70.0,5.0,90.0,40.0,40.0,,,,5,4.0,3.0,2.0,5.0,6.0,2.0,,,,COMPLETE
227,227,0.802409862694671,2025-01-05 18:13:44.174414,2025-01-05 18:14:30.429720,0 days 00:00:46.255306,7,15,30.0,80.0,5.0,90.0,40.0,40.0,,,,5,4.0,3.0,2.0,5.0,6.0,2.0,,,,COMPLETE
228,228,0.870860290078638,2025-01-05 18:14:30.430495,2025-01-05 18:15:17.612433,0 days 00:00:47.181938,7,10,25.0,70.0,5.0,95.0,35.0,45.0,,,,5,4.0,3.0,2.0,6.0,6.0,2.0,,,,COMPLETE
229,229,0.8592889027703353,2025-01-05 18:15:17.613036,2025-01-05 18:15:52.653915,0 days 00:00:35.040879,7,15,30.0,75.0,10.0,85.0,45.0,55.0,,,,5,4.0,3.0,2.0,4.0,6.0,2.0,,,,COMPLETE
230,230,0.8575454835909431,2025-01-05 18:15:52.655214,2025-01-05 18:16:32.836543,0 days 00:00:40.181329,7,10,30.0,80.0,45.0,90.0,35.0,30.0,,,,5,4.0,3.0,2.0,5.0,6.0,2.0,,,,COMPLETE
231,231,0.8201819632881086,2025-01-05 18:16:32.837219,2025-01-05 18:17:25.853298,0 days 00:00:53.016079,7,20,25.0,70.0,10.0,90.0,40.0,40.0,,,,5,4.0,3.0,2.0,5.0,6.0,2.0,,,,COMPLETE
232,232,0.8812832815457958,2025-01-05 18:17:25.853947,2025-01-05 18:18:18.314240,0 days 00:00:52.460293,7,15,30.0,75.0,5.0,95.0,100.0,45.0,,,,5,4.0,2.0,2.0,5.0,6.0,2.0,,,,COMPLETE
233,233,0.8656629026183178,2025-01-05 18:18:18.314886,2025-01-05 18:19:17.355744,0 days 00:00:59.040858,7,15,30.0,80.0,5.0,95.0,100.0,45.0,,,,5,4.0,3.0,2.0,5.0,6.0,2.0,,,,COMPLETE
234,234,0.8695314035526456,2025-01-05 18:19:17.356474,2025-01-05 18:20:19.015058,0 days 00:01:01.658584,7,15,30.0,75.0,5.0,95.0,100.0,50.0,,,,5,4.0,3.0,2.0,5.0,6.0,2.0,,,,COMPLETE
235,235,0.8619948822429534,2025-01-05 18:20:19.015740,2025-01-05 18:21:09.914876,0 days 00:00:50.899136,7,15,35.0,75.0,10.0,90.0,100.0,40.0,,,,5,4.0,2.0,2.0,5.0,6.0,2.0,,,,COMPLETE
236,236,0.8691985580142353,2025-01-05 18:21:09.915516,2025-01-05 18:21:55.781496,0 days 00:00:45.865980,7,10,25.0,80.0,5.0,85.0,45.0,45.0,,,,5,4.0,3.0,2.0,6.0,6.0,2.0,,,,COMPLETE
237,237,0.8640961254724655,2025-01-05 18:21:55.782147,2025-01-05 18:22:53.682554,0 days 00:00:57.900407,7,15,30.0,75.0,10.0,95.0,100.0,50.0,,,,5,4.0,2.0,2.0,5.0,6.0,5.0,,,,COMPLETE
238,238,0.8770546433579426,2025-01-05 18:22:53.683504,2025-01-05 18:23:43.099306,0 days 00:00:49.415802,7,15,35.0,80.0,5.0,80.0,50.0,45.0,,,,5,4.0,3.0,2.0,6.0,6.0,2.0,,,,COMPLETE
239,239,0.8705140935205965,2025-01-05 18:23:43.100066,2025-01-05 18:24:40.565480,0 days 00:00:57.465414,8,10,30.0,70.0,10.0,85.0,100.0,40.0,70.0,,,5,4.0,2.0,2.0,5.0,6.0,2.0,5.0,,,COMPLETE
240,240,0.8277653044382673,2025-01-05 18:24:40.566172,2025-01-05 18:25:18.801220,0 days 00:00:38.235048,7,5,25.0,75.0,5.0,90.0,40.0,35.0,,,,5,4.0,5.0,2.0,5.0,6.0,2.0,,,,COMPLETE
241,241,0.8737255911717765,2025-01-05 18:25:18.801895,2025-01-05 18:26:07.700074,0 days 00:00:48.898179,8,20,30.0,70.0,10.0,90.0,50.0,45.0,40.0,,,5,4.0,2.0,2.0,5.0,6.0,2.0,3.0,,,COMPLETE
242,242,0.856350752902477,2025-01-05 18:26:07.700670,2025-01-05 18:26:58.176408,0 days 00:00:50.475738,7,20,30.0,50.0,5.0,95.0,100.0,60.0,,,,5,4.0,2.0,2.0,5.0,6.0,2.0,,,,COMPLETE
243,243,0.8603140227395777,2025-01-05 18:26:58.177099,2025-01-05 18:27:42.722299,0 days 00:00:44.545200,7,20,40.0,75.0,85.0,85.0,60.0,50.0,,,,5,4.0,2.0,2.0,5.0,6.0,4.0,,,,COMPLETE
244,244,0.8680673992838062,2025-01-05 18:27:42.722954,2025-01-05 18:28:31.667882,0 days 00:00:48.944928,7,15,30.0,70.0,10.0,80.0,95.0,45.0,,,,5,4.0,2.0,2.0,5.0,6.0,2.0,,,,COMPLETE
245,245,0.8090805623495465,2025-01-05 18:28:31.668521,2025-01-05 18:29:22.278738,0 days 00:00:50.610217,8,15,25.0,75.0,5.0,90.0,55.0,45.0,100.0,,,5,4.0,2.0,2.0,6.0,6.0,2.0,3.0,,,COMPLETE
246,246,0.8551171115096328,2025-01-05 18:29:22.279655,2025-01-05 18:30:07.942838,0 days 00:00:45.663183,6,20,10.0,80.0,10.0,95.0,45.0,,,,,5,4.0,3.0,2.0,5.0,6.0,,,,,COMPLETE
247,247,0.8644988554494717,2025-01-05 18:30:07.943477,2025-01-05 18:30:53.923205,0 days 00:00:45.979728,7,10,35.0,50.0,15.0,90.0,100.0,40.0,,,,5,4.0,5.0,2.0,5.0,3.0,2.0,,,,COMPLETE
248,248,0.8819645919831847,2025-01-05 18:30:53.923797,2025-01-05 18:31:46.726366,0 days 00:00:52.802569,7,15,25.0,15.0,5.0,75.0,95.0,35.0,,,,5,4.0,2.0,2.0,6.0,6.0,4.0,,,,COMPLETE
249,249,0.8076741731582795,2025-01-05 18:31:46.727053,2025-01-05 18:32:36.610833,0 days 00:00:49.883780,7,15,25.0,15.0,5.0,75.0,95.0,35.0,,,,5,4.0,5.0,2.0,6.0,6.0,2.0,,,,COMPLETE
250,250,0.8635961093517293,2025-01-05 18:32:36.611596,2025-01-05 18:33:29.004428,0 days 00:00:52.392832,7,15,25.0,25.0,5.0,75.0,95.0,35.0,,,,5,4.0,3.0,2.0,6.0,6.0,2.0,,,,COMPLETE
251,251,0.8435621135053267,2025-01-05 18:33:29.005024,2025-01-05 18:34:29.755089,0 days 00:01:00.750065,7,10,30.0,75.0,10.0,80.0,100.0,35.0,,,,5,4.0,2.0,2.0,6.0,6.0,4.0,,,,COMPLETE
252,252,0.8621218333350732,2025-01-05 18:34:29.755845,2025-01-05 18:35:17.119264,0 days 00:00:47.363419,7,15,25.0,20.0,5.0,75.0,95.0,30.0,,,,5,4.0,5.0,2.0,6.0,6.0,2.0,,,,COMPLETE
253,253,0.8528013736966287,2025-01-05 18:35:17.119876,2025-01-05 18:35:50.968204,0 days 00:00:33.848328,7,15,30.0,10.0,10.0,80.0,100.0,40.0,,,,5,4.0,3.0,2.0,3.0,6.0,2.0,,,,COMPLETE
254,254,0.8798653605634039,2025-01-05 18:35:50.969322,2025-01-05 18:36:40.246506,0 days 00:00:49.277184,7,10,35.0,5.0,5.0,85.0,30.0,50.0,,,,5,4.0,5.0,2.0,6.0,6.0,2.0,,,,COMPLETE
255,255,0.8577275448352153,2025-01-05 18:36:40.247102,2025-01-05 18:37:22.817667,0 days 00:00:42.570565,6,10,35.0,5.0,5.0,90.0,35.0,,,,,5,4.0,3.0,6.0,6.0,6.0,,,,,COMPLETE
256,256,0.8482990964613537,2025-01-05 18:37:22.818418,2025-01-05 18:38:05.932846,0 days 00:00:43.114428,7,10,20.0,15.0,5.0,85.0,25.0,55.0,,,,5,4.0,5.0,2.0,6.0,6.0,2.0,,,,COMPLETE
257,257,0.8489501467577955,2025-01-05 18:38:05.933472,2025-01-05 18:38:45.191090,0 days 00:00:39.257618,7,10,25.0,10.0,5.0,95.0,20.0,50.0,,,,5,4.0,2.0,2.0,6.0,2.0,2.0,,,,COMPLETE
258,258,0.8571331905426107,2025-01-05 18:38:45.191735,2025-01-05 18:39:24.734626,0 days 00:00:39.542891,6,10,30.0,5.0,15.0,90.0,30.0,,,,,5,4.0,5.0,2.0,6.0,6.0,,,,,COMPLETE
259,259,0.8641377751691195,2025-01-05 18:39:24.735285,2025-01-05 18:40:19.260194,0 days 00:00:54.524909,8,5,30.0,10.0,5.0,50.0,45.0,50.0,75.0,,,5,4.0,3.0,2.0,6.0,6.0,2.0,5.0,,,COMPLETE
260,260,0.8480556162076525,2025-01-05 18:40:19.260986,2025-01-05 18:41:01.837188,0 days 00:00:42.576202,7,15,35.0,80.0,5.0,85.0,40.0,45.0,,,,5,4.0,2.0,6.0,6.0,6.0,2.0,,,,COMPLETE
261,261,0.8517980597022334,2025-01-05 18:41:01.838175,2025-01-05 18:41:50.165253,0 days 00:00:48.327078,7,10,25.0,35.0,40.0,80.0,95.0,50.0,,,,5,4.0,6.0,2.0,6.0,6.0,2.0,,,,COMPLETE
262,262,0.8493324473892871,2025-01-05 18:41:50.165967,2025-01-05 18:42:47.867720,0 days 00:00:57.701753,8,15,20.0,85.0,50.0,90.0,100.0,40.0,90.0,,,5,4.0,5.0,2.0,6.0,6.0,2.0,2.0,,,COMPLETE
263,263,0.8591824504410219,2025-01-05 18:42:47.868413,2025-01-05 18:43:33.084326,0 days 00:00:45.215913,7,15,25.0,80.0,10.0,75.0,35.0,100.0,,,,5,4.0,3.0,2.0,6.0,6.0,2.0,,,,COMPLETE
264,264,0.8617146324395666,2025-01-05 18:43:33.085073,2025-01-05 18:44:17.830999,0 days 00:00:44.745926,7,10,30.0,20.0,15.0,95.0,100.0,45.0,,,,5,4.0,5.0,2.0,6.0,6.0,3.0,,,,COMPLETE
265,265,0.8799103949510323,2025-01-05 18:44:17.831601,2025-01-05 18:44:54.077816,0 days 00:00:36.246215,6,15,10.0,75.0,5.0,10.0,40.0,,,,,5,4.0,3.0,2.0,6.0,6.0,,,,,COMPLETE
266,266,0.8649504382345419,2025-01-05 18:44:54.078553,2025-01-05 18:45:36.879189,0 days 00:00:42.800636,6,5,10.0,80.0,10.0,10.0,40.0,,,,,5,4.0,2.0,6.0,6.0,6.0,,,,,COMPLETE
267,267,0.8371496511129303,2025-01-05 18:45:36.879795,2025-01-05 18:46:20.461557,0 days 00:00:43.581762,6,10,10.0,85.0,15.0,10.0,40.0,,,,,5,4.0,5.0,2.0,6.0,6.0,,,,,COMPLETE
268,268,0.8664154738130883,2025-01-05 18:46:20.462310,2025-01-05 18:46:32.481184,0 days 00:00:12.018874,1,15,,,,,,,,,,5,,,,,,,,,,COMPLETE
269,269,0.8738011861903314,2025-01-05 18:46:32.481585,2025-01-05 18:47:15.040688,0 days 00:00:42.559103,6,15,10.0,95.0,5.0,15.0,40.0,,,,,5,4.0,3.0,2.0,6.0,6.0,,,,,COMPLETE
270,270,0.86636602712719,2025-01-05 18:47:15.041220,2025-01-05 18:47:55.440429,0 days 00:00:40.399209,6,10,10.0,10.0,45.0,5.0,30.0,,,,,5,4.0,5.0,2.0,6.0,6.0,,,,,COMPLETE
271,271,0.8539569798415143,2025-01-05 18:47:55.441184,2025-01-05 18:48:55.082032,0 days 00:00:59.640848,8,15,5.0,25.0,10.0,10.0,95.0,40.0,60.0,,,5,4.0,3.0,2.0,6.0,6.0,6.0,3.0,,,COMPLETE
272,272,0.866707234860183,2025-01-05 18:48:55.082682,2025-01-05 18:49:43.107827,0 days 00:00:48.025145,7,10,10.0,15.0,15.0,55.0,45.0,35.0,,,,5,4.0,2.0,6.0,6.0,5.0,5.0,,,,COMPLETE
273,273,0.8699340933081645,2025-01-05 18:49:43.108523,2025-01-05 18:50:26.077878,0 days 00:00:42.969355,6,20,15.0,75.0,5.0,5.0,95.0,,,,,5,4.0,5.0,2.0,4.0,6.0,,,,,COMPLETE
274,274,0.8542142593957258,2025-01-05 18:50:26.078540,2025-01-05 18:51:33.867761,0 days 00:01:07.789221,7,55,20.0,50.0,10.0,85.0,100.0,100.0,,,,5,4.0,3.0,2.0,6.0,6.0,3.0,,,,COMPLETE
275,275,0.8735025932194099,2025-01-05 18:51:33.868541,2025-01-05 18:52:13.848567,0 days 00:00:39.980026,8,15,5.0,75.0,5.0,20.0,45.0,25.0,80.0,,,5,4.0,5.0,2.0,3.0,6.0,5.0,3.0,,,COMPLETE
276,276,0.7563113978653985,2025-01-05 18:52:13.849291,2025-01-05 18:52:50.074906,0 days 00:00:36.225615,7,5,25.0,80.0,15.0,45.0,15.0,5.0,,,,5,4.0,2.0,2.0,6.0,6.0,3.0,,,,COMPLETE
277,277,0.8583341358457659,2025-01-05 18:52:50.075499,2025-01-05 18:53:37.759158,0 days 00:00:47.683659,7,10,40.0,70.0,10.0,15.0,35.0,45.0,,,,5,4.0,4.0,2.0,6.0,6.0,3.0,,,,COMPLETE
278,278,0.8522750462151585,2025-01-05 18:53:37.759939,2025-01-05 18:54:32.760065,0 days 00:00:55.000126,8,20,10.0,45.0,5.0,100.0,65.0,40.0,100.0,,,5,4.0,3.0,6.0,6.0,5.0,2.0,2.0,,,COMPLETE
279,279,0.8573456483231945,2025-01-05 18:54:32.760805,2025-01-05 18:55:31.880326,0 days 00:00:59.119521,7,80,35.0,40.0,10.0,80.0,90.0,45.0,,,,5,4.0,5.0,2.0,4.0,6.0,2.0,,,,COMPLETE
280,280,0.8675880670170937,2025-01-05 18:55:31.881024,2025-01-05 18:56:21.071423,0 days 00:00:49.190399,6,15,5.0,75.0,5.0,95.0,70.0,,,,,5,4.0,2.0,2.0,6.0,6.0,,,,,COMPLETE
281,281,0.852441248737545,2025-01-05 18:56:21.083172,2025-01-05 18:57:13.787237,0 days 00:00:52.704065,7,15,10.0,80.0,15.0,75.0,100.0,55.0,,,,5,4.0,3.0,2.0,5.0,3.0,3.0,,,,COMPLETE
282,282,0.8410608636729087,2025-01-05 18:57:13.787773,2025-01-05 18:58:09.383880,0 days 00:00:55.596107,7,20,25.0,75.0,10.0,5.0,40.0,100.0,,,,5,4.0,5.0,2.0,6.0,6.0,2.0,,,,COMPLETE
283,283,0.8705707242279099,2025-01-05 18:58:09.384680,2025-01-05 18:59:01.047444,0 days 00:00:51.662764,8,95,15.0,50.0,5.0,85.0,95.0,95.0,85.0,,,5,4.0,3.0,2.0,5.0,2.0,2.0,3.0,,,COMPLETE
284,284,0.8747724756340551,2025-01-05 18:59:01.048073,2025-01-05 18:59:39.217239,0 days 00:00:38.169166,6,10,20.0,30.0,10.0,90.0,45.0,,,,,5,4.0,3.0,4.0,6.0,6.0,,,,,COMPLETE
285,285,0.8350355992106759,2025-01-05 18:59:39.217911,2025-01-05 19:00:28.388616,0 days 00:00:49.170705,7,15,30.0,85.0,15.0,70.0,100.0,35.0,,,,5,4.0,4.0,2.0,5.0,6.0,3.0,,,,COMPLETE
286,286,0.8649470042143941,2025-01-05 19:00:28.389205,2025-01-05 19:01:18.769366,0 days 00:00:50.380161,8,5,5.0,35.0,65.0,95.0,35.0,45.0,70.0,,,5,4.0,5.0,6.0,6.0,6.0,2.0,5.0,,,COMPLETE
287,287,0.8180329939912186,2025-01-05 19:01:18.770101,2025-01-05 19:02:15.562197,0 days 00:00:56.792096,7,20,30.0,80.0,5.0,85.0,95.0,40.0,,,,5,4.0,2.0,2.0,5.0,6.0,2.0,,,,COMPLETE
288,288,0.888442797632182,2025-01-05 19:02:15.562825,2025-01-05 19:02:59.299047,0 days 00:00:43.736222,7,10,10.0,5.0,20.0,75.0,40.0,100.0,,,,5,4.0,3.0,3.0,5.0,6.0,3.0,,,,COMPLETE
289,289,0.8464501019403825,2025-01-05 19:02:59.299976,2025-01-05 19:03:49.388063,0 days 00:00:50.088087,7,10,15.0,20.0,70.0,10.0,40.0,100.0,,,,5,4.0,3.0,2.0,5.0,6.0,3.0,,,,COMPLETE
290,290,0.8407488759028028,2025-01-05 19:03:49.388745,2025-01-05 19:04:29.975837,0 days 00:00:40.587092,7,10,25.0,5.0,10.0,90.0,40.0,100.0,,,,5,4.0,3.0,2.0,5.0,6.0,3.0,,,,COMPLETE
291,291,0.8458429596771709,2025-01-05 19:04:29.976474,2025-01-05 19:05:27.003600,0 days 00:00:57.027126,7,5,35.0,5.0,20.0,80.0,20.0,95.0,,,,5,4.0,3.0,6.0,5.0,6.0,3.0,,,,COMPLETE
292,292,0.863660062565172,2025-01-05 19:05:27.004323,2025-01-05 19:06:13.760620,0 days 00:00:46.756297,7,60,5.0,10.0,5.0,95.0,45.0,100.0,,,,5,4.0,3.0,3.0,5.0,6.0,3.0,,,,COMPLETE
293,293,0.8666747010721823,2025-01-05 19:06:13.761287,2025-01-05 19:07:04.032887,0 days 00:00:50.271600,7,40,10.0,95.0,10.0,75.0,10.0,45.0,,,,5,3.0,3.0,2.0,5.0,6.0,3.0,,,,COMPLETE
294,294,0.7970242585965979,2025-01-05 19:07:04.033598,2025-01-05 19:07:51.743863,0 days 00:00:47.710265,7,10,20.0,5.0,15.0,90.0,40.0,30.0,,,,5,4.0,3.0,2.0,5.0,6.0,2.0,,,,COMPLETE
295,295,0.8882977779321148,2025-01-05 19:07:51.744528,2025-01-05 19:08:36.909538,0 days 00:00:45.165010,8,10,50.0,5.0,5.0,85.0,35.0,95.0,90.0,,,5,4.0,3.0,5.0,3.0,6.0,2.0,3.0,,,COMPLETE
296,296,0.8813605787103742,2025-01-05 19:08:36.925375,2025-01-05 19:09:25.292070,0 days 00:00:48.366695,7,10,45.0,5.0,5.0,85.0,40.0,100.0,,,,5,4.0,3.0,5.0,3.0,6.0,2.0,,,,COMPLETE
297,297,0.8686557027379977,2025-01-05 19:09:25.292681,2025-01-05 19:10:18.842756,0 days 00:00:53.550075,8,10,55.0,5.0,5.0,85.0,35.0,100.0,90.0,,,5,4.0,3.0,5.0,4.0,6.0,2.0,2.0,,,COMPLETE
298,298,0.8332888250317658,2025-01-05 19:10:18.843547,2025-01-05 19:11:05.716563,0 days 00:00:46.873016,7,5,40.0,5.0,5.0,80.0,40.0,100.0,,,,5,4.0,3.0,5.0,3.0,6.0,2.0,,,,COMPLETE
299,299,0.8428850992451775,2025-01-05 19:11:05.717165,2025-01-05 19:11:53.616371,0 days 00:00:47.899206,7,10,45.0,5.0,5.0,85.0,35.0,45.0,,,,5,4.0,3.0,5.0,3.0,6.0,2.0,,,,COMPLETE
300,300,0.8839677625609339,2025-01-05 19:11:53.617156,2025-01-05 19:12:37.257179,0 days 00:00:43.640023,7,10,45.0,10.0,5.0,85.0,30.0,50.0,,,,5,4.0,3.0,5.0,3.0,6.0,2.0,,,,COMPLETE
301,301,0.8763203399069092,2025-01-05 19:12:37.257778,2025-01-05 19:13:19.701894,0 days 00:00:42.444116,7,10,45.0,10.0,5.0,85.0,30.0,50.0,,,,5,4.0,3.0,5.0,3.0,6.0,2.0,,,,COMPLETE
302,302,0.8534858782502588,2025-01-05 19:13:19.702687,2025-01-05 19:14:01.135977,0 days 00:00:41.433290,7,5,50.0,10.0,5.0,85.0,35.0,50.0,,,,5,4.0,3.0,5.0,3.0,6.0,2.0,,,,COMPLETE
303,303,0.8399360668640119,2025-01-05 19:14:01.136556,2025-01-05 19:14:43.622547,0 days 00:00:42.485991,7,10,50.0,5.0,5.0,80.0,30.0,50.0,,,,5,4.0,3.0,5.0,3.0,6.0,2.0,,,,COMPLETE
304,304,0.8361865896950997,2025-01-05 19:14:43.623653,2025-01-05 19:15:27.905938,0 days 00:00:44.282285,7,10,35.0,5.0,5.0,85.0,25.0,40.0,,,,5,4.0,3.0,4.0,3.0,6.0,2.0,,,,COMPLETE
305,305,0.8196540413860433,2025-01-05 19:15:27.906569,2025-01-05 19:16:16.756034,0 days 00:00:48.849465,7,10,45.0,10.0,5.0,85.0,40.0,55.0,,,,5,4.0,3.0,5.0,3.0,6.0,2.0,,,,COMPLETE
306,306,0.8728522853155648,2025-01-05 19:16:16.756812,2025-01-05 19:16:55.995171,0 days 00:00:39.238359,7,5,50.0,5.0,5.0,80.0,40.0,45.0,,,,5,4.0,3.0,5.0,3.0,6.0,2.0,,,,COMPLETE
307,307,0.8698557758304101,2025-01-05 19:16:55.995770,2025-01-05 19:17:27.076429,0 days 00:00:31.080659,4,15,50.0,5.0,5.0,,,,,,,5,4.0,3.0,5.0,,,,,,,COMPLETE
308,308,0.8469787285749968,2025-01-05 19:17:27.077138,2025-01-05 19:18:07.090879,0 days 00:00:40.013741,7,10,45.0,5.0,10.0,85.0,30.0,100.0,,,,5,4.0,3.0,5.0,3.0,6.0,2.0,,,,COMPLETE
309,309,0.8557821946100773,2025-01-05 19:18:07.091465,2025-01-05 19:18:52.111281,0 days 00:00:45.019816,7,15,45.0,10.0,5.0,90.0,35.0,50.0,,,,6,4.0,3.0,5.0,4.0,6.0,2.0,,,,COMPLETE
310,310,0.8383668456364671,2025-01-05 19:18:52.111999,2025-01-05 19:19:43.324924,0 days 00:00:51.212925,7,10,50.0,15.0,10.0,80.0,25.0,45.0,,,,5,4.0,3.0,5.0,5.0,6.0,2.0,,,,COMPLETE
311,311,0.8312308470441225,2025-01-05 19:19:43.337632,2025-01-05 19:20:26.256591,0 days 00:00:42.918959,7,15,30.0,10.0,5.0,85.0,45.0,100.0,,,,5,4.0,3.0,5.0,5.0,6.0,2.0,,,,COMPLETE
312,312,0.8414814867095077,2025-01-05 19:20:26.257426,2025-01-05 19:21:11.757123,0 days 00:00:45.499697,8,5,40.0,5.0,10.0,90.0,40.0,40.0,45.0,,,5,4.0,3.0,4.0,5.0,6.0,2.0,6.0,,,COMPLETE
313,313,0.8572801190309407,2025-01-05 19:21:11.757765,2025-01-05 19:22:00.608882,0 days 00:00:48.851117,7,15,55.0,10.0,5.0,100.0,35.0,35.0,,,,5,5.0,3.0,5.0,4.0,6.0,2.0,,,,COMPLETE
314,314,0.855287804562782,2025-01-05 19:22:00.609667,2025-01-05 19:22:45.549331,0 days 00:00:44.939664,7,10,30.0,5.0,40.0,80.0,45.0,50.0,,,,5,4.0,3.0,5.0,5.0,6.0,2.0,,,,COMPLETE
315,315,0.8781765904183729,2025-01-05 19:22:45.549934,2025-01-05 19:23:34.618743,0 days 00:00:49.068809,7,15,45.0,70.0,10.0,85.0,40.0,45.0,,,,5,4.0,3.0,5.0,5.0,3.0,2.0,,,,COMPLETE
316,316,0.8377248106955781,2025-01-05 19:23:34.619524,2025-01-05 19:24:15.704669,0 days 00:00:41.085145,7,10,30.0,75.0,55.0,90.0,45.0,55.0,,,,5,3.0,3.0,2.0,5.0,2.0,2.0,,,,COMPLETE
317,317,0.8249823134465792,2025-01-05 19:24:15.705190,2025-01-05 19:25:03.202280,0 days 00:00:47.497090,8,15,35.0,5.0,5.0,95.0,40.0,40.0,55.0,,,5,4.0,3.0,2.0,3.0,6.0,4.0,2.0,,,COMPLETE
318,318,0.8414835592306709,2025-01-05 19:25:03.203027,2025-01-05 19:25:53.300338,0 days 00:00:50.097311,7,15,25.0,70.0,5.0,90.0,25.0,60.0,,,,5,4.0,3.0,2.0,5.0,6.0,2.0,,,,COMPLETE
319,319,0.8569763458834947,2025-01-05 19:25:53.301452,2025-01-05 19:26:36.671298,0 days 00:00:43.369846,6,10,30.0,75.0,10.0,75.0,90.0,,,,,5,4.0,3.0,2.0,5.0,6.0,,,,,COMPLETE
320,320,0.8730457699378995,2025-01-05 19:26:36.672072,2025-01-05 19:27:28.998503,0 days 00:00:52.326431,7,15,40.0,100.0,5.0,85.0,45.0,25.0,,,,5,4.0,3.0,2.0,6.0,6.0,2.0,,,,COMPLETE
321,321,0.8668406283792991,2025-01-05 19:27:28.999218,2025-01-05 19:28:10.994435,0 days 00:00:41.995217,8,10,25.0,10.0,10.0,95.0,90.0,100.0,65.0,,,5,4.0,4.0,2.0,5.0,6.0,2.0,3.0,,,COMPLETE
322,322,0.8315973910632262,2025-01-05 19:28:10.995116,2025-01-05 19:29:10.972137,0 days 00:00:59.977021,7,10,30.0,75.0,5.0,80.0,35.0,45.0,,,,5,4.0,4.0,5.0,6.0,6.0,6.0,,,,COMPLETE
323,323,0.8284331118198061,2025-01-05 19:29:10.972880,2025-01-05 19:29:29.438829,0 days 00:00:18.465949,2,15,35.0,,,,,,,,,5,4.0,,,,,,,,,COMPLETE
324,324,0.8526316672230002,2025-01-05 19:29:29.439261,2025-01-05 19:30:12.007528,0 days 00:00:42.568267,7,5,20.0,75.0,10.0,90.0,30.0,95.0,,,,5,4.0,3.0,2.0,3.0,6.0,4.0,,,,COMPLETE
325,325,0.8068784801947799,2025-01-05 19:30:12.008132,2025-01-05 19:30:59.476441,0 days 00:00:47.468309,7,10,60.0,80.0,5.0,90.0,35.0,30.0,,,,5,4.0,3.0,3.0,5.0,6.0,2.0,,,,COMPLETE
326,326,0.8417195065792162,2025-01-05 19:30:59.494917,2025-01-05 19:31:55.600752,0 days 00:00:56.105835,8,15,25.0,85.0,35.0,5.0,40.0,40.0,75.0,,,5,4.0,3.0,4.0,6.0,6.0,2.0,2.0,,,COMPLETE
327,327,0.850965802503306,2025-01-05 19:31:55.601368,2025-01-05 19:32:33.878915,0 days 00:00:38.277547,7,10,30.0,5.0,10.0,20.0,15.0,50.0,,,,5,4.0,6.0,2.0,5.0,6.0,2.0,,,,COMPLETE
328,328,0.8774091157871273,2025-01-05 19:32:33.879727,2025-01-05 19:33:20.838858,0 days 00:00:46.959131,6,15,25.0,70.0,5.0,85.0,45.0,,,,,5,4.0,3.0,2.0,6.0,6.0,,,,,COMPLETE
329,329,0.8224574027057423,2025-01-05 19:33:20.839439,2025-01-05 19:34:12.560664,0 days 00:00:51.721225,7,10,55.0,80.0,5.0,70.0,40.0,100.0,,,,5,4.0,4.0,3.0,5.0,6.0,2.0,,,,COMPLETE
330,330,0.8393516903895197,2025-01-05 19:34:12.561471,2025-01-05 19:34:51.804598,0 days 00:00:39.243127,7,5,30.0,75.0,5.0,85.0,40.0,45.0,,,,5,4.0,3.0,2.0,6.0,6.0,2.0,,,,COMPLETE
331,331,0.8557267276597679,2025-01-05 19:34:51.805189,2025-01-05 19:35:32.107414,0 days 00:00:40.302225,7,15,50.0,80.0,10.0,95.0,45.0,35.0,,,,5,3.0,2.0,2.0,5.0,6.0,2.0,,,,COMPLETE
332,332,0.8622248735200543,2025-01-05 19:35:32.108149,2025-01-05 19:36:24.195705,0 days 00:00:52.087556,6,10,20.0,75.0,100.0,95.0,40.0,,,,,5,4.0,3.0,3.0,6.0,6.0,,,,,COMPLETE
333,333,0.8823831378626823,2025-01-05 19:36:24.196672,2025-01-05 19:37:04.754573,0 days 00:00:40.557901,7,15,30.0,15.0,15.0,100.0,45.0,95.0,,,,5,4.0,3.0,3.0,5.0,3.0,2.0,,,,COMPLETE
334,334,0.8406288440559568,2025-01-05 19:37:04.755349,2025-01-05 19:38:02.054851,0 days 00:00:57.299502,8,20,30.0,15.0,15.0,100.0,45.0,95.0,100.0,,,5,4.0,3.0,3.0,5.0,3.0,2.0,3.0,,,COMPLETE
335,335,0.8619456594054715,2025-01-05 19:38:02.055449,2025-01-05 19:38:44.627202,0 days 00:00:42.571753,7,15,15.0,65.0,40.0,100.0,45.0,95.0,,,,5,4.0,3.0,3.0,5.0,2.0,4.0,,,,COMPLETE
336,336,0.8546077174114126,2025-01-05 19:38:44.627918,2025-01-05 19:39:20.625742,0 days 00:00:35.997824,7,15,25.0,15.0,15.0,100.0,45.0,95.0,,,,5,4.0,3.0,3.0,5.0,2.0,2.0,,,,COMPLETE
337,337,0.8629089648528968,2025-01-05 19:39:20.626320,2025-01-05 19:40:09.902570,0 days 00:00:49.276250,7,45,30.0,20.0,15.0,100.0,40.0,100.0,,,,2,4.0,3.0,3.0,5.0,3.0,2.0,,,,COMPLETE
338,338,0.8540855458521823,2025-01-05 19:40:09.903340,2025-01-05 19:40:59.319994,0 days 00:00:49.416654,7,20,20.0,70.0,60.0,75.0,50.0,100.0,,,,5,5.0,3.0,3.0,5.0,2.0,5.0,,,,COMPLETE
339,339,0.8075906413307441,2025-01-05 19:40:59.320718,2025-01-05 19:41:45.219351,0 days 00:00:45.898633,6,15,30.0,90.0,20.0,95.0,45.0,,,,,5,4.0,4.0,5.0,5.0,3.0,,,,,COMPLETE
340,340,0.8873511761870101,2025-01-05 19:41:45.220001,2025-01-05 19:42:36.586748,0 days 00:00:51.366747,8,15,65.0,10.0,10.0,5.0,50.0,95.0,95.0,,,5,4.0,3.0,3.0,5.0,6.0,2.0,5.0,,,COMPLETE
341,341,0.8725223910025935,2025-01-05 19:42:36.617713,2025-01-05 19:43:34.455000,0 days 00:00:57.837287,8,15,80.0,25.0,15.0,5.0,50.0,95.0,80.0,,,5,4.0,3.0,3.0,5.0,6.0,2.0,6.0,,,COMPLETE
342,342,0.8639004934329084,2025-01-05 19:43:34.455838,2025-01-05 19:44:41.939438,0 days 00:01:07.483600,8,20,65.0,15.0,10.0,40.0,50.0,95.0,95.0,,,5,4.0,3.0,3.0,5.0,6.0,2.0,5.0,,,COMPLETE
343,343,0.8712954276938583,2025-01-05 19:44:41.940284,2025-01-05 19:45:51.879485,0 days 00:01:09.939201,8,15,25.0,15.0,45.0,80.0,50.0,95.0,95.0,,,5,4.0,2.0,3.0,5.0,6.0,2.0,5.0,,,COMPLETE
344,344,0.8493622264153382,2025-01-05 19:45:51.880248,2025-01-05 19:46:53.594162,0 days 00:01:01.713914,8,10,60.0,10.0,15.0,70.0,95.0,100.0,100.0,,,5,4.0,3.0,3.0,5.0,6.0,6.0,5.0,,,COMPLETE
345,345,0.850287385640921,2025-01-05 19:46:53.594898,2025-01-05 19:47:48.564952,0 days 00:00:54.970054,8,20,70.0,10.0,10.0,90.0,90.0,45.0,90.0,,,5,4.0,3.0,3.0,5.0,6.0,2.0,6.0,,,COMPLETE
346,346,0.8214797451347389,2025-01-05 19:47:48.565793,2025-01-05 19:48:41.295244,0 days 00:00:52.729451,8,5,75.0,10.0,10.0,95.0,45.0,100.0,95.0,,,5,4.0,4.0,3.0,5.0,6.0,2.0,5.0,,,COMPLETE
347,347,0.8622493746906892,2025-01-05 19:48:41.295991,2025-01-05 19:49:37.566523,0 days 00:00:56.270532,8,15,35.0,15.0,10.0,100.0,50.0,95.0,85.0,,,5,4.0,3.0,3.0,5.0,6.0,2.0,5.0,,,COMPLETE
348,348,0.8784635700349439,2025-01-05 19:49:37.567224,2025-01-05 19:50:20.139651,0 days 00:00:42.572427,7,10,65.0,85.0,15.0,5.0,95.0,40.0,,,,5,4.0,2.0,3.0,5.0,6.0,2.0,,,,COMPLETE
349,349,0.8575746482310646,2025-01-05 19:50:20.140766,2025-01-05 19:51:12.865498,0 days 00:00:52.724732,7,25,45.0,20.0,15.0,90.0,5.0,100.0,,,,5,4.0,4.0,3.0,3.0,3.0,5.0,,,,COMPLETE
350,350,0.8487287837909456,2025-01-05 19:51:12.866177,2025-01-05 19:51:54.768752,0 days 00:00:41.902575,7,10,20.0,10.0,10.0,45.0,45.0,35.0,,,,5,4.0,3.0,5.0,5.0,6.0,2.0,,,,COMPLETE
351,351,0.8767324636651677,2025-01-05 19:51:54.769468,2025-01-05 19:52:44.349882,0 days 00:00:49.580414,8,15,55.0,10.0,10.0,75.0,50.0,90.0,90.0,,,5,4.0,2.0,3.0,4.0,6.0,2.0,3.0,,,COMPLETE
352,352,0.8453155502626759,2025-01-05 19:52:44.350572,2025-01-05 19:53:45.331060,0 days 00:01:00.980488,7,20,30.0,80.0,20.0,90.0,100.0,45.0,,,,5,3.0,3.0,4.0,5.0,6.0,2.0,,,,COMPLETE
353,353,0.8636867336779368,2025-01-05 19:53:45.331907,2025-01-05 19:54:04.532534,0 days 00:00:19.200627,3,15,25.0,80.0,,,,,,,,5,4.0,3.0,,,,,,,,COMPLETE
354,354,0.8519355281946482,2025-01-05 19:54:04.533010,2025-01-05 19:54:46.970702,0 days 00:00:42.437692,7,15,35.0,20.0,15.0,95.0,45.0,100.0,,,,5,4.0,3.0,3.0,5.0,6.0,3.0,,,,COMPLETE
355,355,0.8384018965276809,2025-01-05 19:54:46.971416,2025-01-05 19:55:26.421395,0 days 00:00:39.449979,7,10,30.0,15.0,35.0,25.0,95.0,40.0,,,,5,4.0,2.0,3.0,5.0,6.0,2.0,,,,COMPLETE
356,356,0.8745341976800448,2025-01-05 19:55:26.422082,2025-01-05 19:56:15.287980,0 days 00:00:48.865898,7,15,25.0,85.0,10.0,80.0,40.0,90.0,,,,5,4.0,3.0,6.0,5.0,6.0,5.0,,,,COMPLETE
357,357,0.8702641559322057,2025-01-05 19:56:15.288757,2025-01-05 19:57:11.788631,0 days 00:00:56.499874,8,20,30.0,80.0,20.0,90.0,10.0,45.0,80.0,,,6,4.0,3.0,5.0,5.0,6.0,2.0,6.0,,,COMPLETE
358,358,0.8380109101925466,2025-01-05 19:57:11.789352,2025-01-05 19:57:59.650834,0 days 00:00:47.861482,7,10,40.0,65.0,10.0,80.0,20.0,95.0,,,,5,4.0,4.0,3.0,3.0,6.0,2.0,,,,COMPLETE
359,359,0.844701876281536,2025-01-05 19:57:59.651546,2025-01-05 19:58:53.395188,0 days 00:00:53.743642,7,35,15.0,5.0,15.0,90.0,100.0,40.0,,,,5,4.0,3.0,4.0,4.0,6.0,3.0,,,,COMPLETE
360,360,0.845441743653168,2025-01-05 19:58:53.395897,2025-01-05 19:59:36.162375,0 days 00:00:42.766478,7,15,25.0,75.0,10.0,85.0,35.0,100.0,,,,5,4.0,2.0,3.0,5.0,6.0,2.0,,,,COMPLETE
361,361,0.8533559382403322,2025-01-05 19:59:36.163088,2025-01-05 20:00:59.225122,0 days 00:01:23.062034,8,90,50.0,90.0,20.0,95.0,90.0,65.0,100.0,,,5,5.0,3.0,5.0,5.0,6.0,2.0,3.0,,,COMPLETE
362,362,0.8609028565021132,2025-01-05 20:00:59.226002,2025-01-05 20:01:50.675195,0 days 00:00:51.449193,7,10,30.0,75.0,30.0,75.0,95.0,45.0,,,,5,6.0,3.0,6.0,5.0,6.0,2.0,,,,COMPLETE
363,363,0.8393917076919589,2025-01-05 20:01:50.675917,2025-01-05 20:02:29.805701,0 days 00:00:39.129784,7,5,60.0,75.0,5.0,85.0,45.0,95.0,,,,5,4.0,6.0,3.0,5.0,3.0,2.0,,,,COMPLETE
364,364,0.8692870996904996,2025-01-05 20:02:29.806502,2025-01-05 20:03:05.278216,0 days 00:00:35.471714,7,15,5.0,70.0,10.0,90.0,50.0,35.0,,,,5,4.0,3.0,2.0,4.0,6.0,3.0,,,,COMPLETE
365,365,0.8745992014498452,2025-01-05 20:03:05.278832,2025-01-05 20:03:52.386174,0 days 00:00:47.107342,8,20,20.0,80.0,5.0,5.0,40.0,100.0,50.0,,,5,4.0,4.0,2.0,5.0,6.0,2.0,3.0,,,COMPLETE
366,366,0.8705385945869359,2025-01-05 20:03:52.386920,2025-01-05 20:04:40.791398,0 days 00:00:48.404478,7,10,15.0,10.0,15.0,95.0,100.0,45.0,,,,5,5.0,2.0,3.0,5.0,6.0,2.0,,,,COMPLETE
367,367,0.8633787739654097,2025-01-05 20:04:40.792074,2025-01-05 20:05:32.786528,0 days 00:00:51.994454,7,15,35.0,85.0,25.0,80.0,45.0,50.0,,,,5,4.0,3.0,5.0,5.0,6.0,6.0,,,,COMPLETE
368,368,0.8715229088516028,2025-01-05 20:05:32.787406,2025-01-05 20:06:17.368158,0 days 00:00:44.580752,7,65,30.0,70.0,50.0,75.0,35.0,40.0,,,,5,4.0,3.0,2.0,3.0,2.0,2.0,,,,COMPLETE
369,369,0.8516859592288243,2025-01-05 20:06:17.368701,2025-01-05 20:07:22.694760,0 days 00:01:05.326059,8,10,25.0,5.0,5.0,100.0,95.0,95.0,70.0,,,5,4.0,2.0,2.0,5.0,6.0,3.0,5.0,,,COMPLETE
370,370,0.8031731652416193,2025-01-05 20:07:22.695602,2025-01-05 20:08:11.050832,0 days 00:00:48.355230,7,15,30.0,80.0,10.0,85.0,45.0,20.0,,,,5,3.0,3.0,3.0,5.0,6.0,2.0,,,,COMPLETE
371,371,0.8579699721160923,2025-01-05 20:08:11.051555,2025-01-05 20:08:55.278199,0 days 00:00:44.226644,7,10,50.0,80.0,5.0,90.0,40.0,95.0,,,,5,4.0,3.0,3.0,5.0,6.0,2.0,,,,COMPLETE
372,372,0.8517913695938155,2025-01-05 20:08:55.278878,2025-01-05 20:10:03.357796,0 days 00:01:08.078918,9,20,25.0,15.0,15.0,70.0,100.0,90.0,60.0,40.0,,5,4.0,4.0,2.0,5.0,6.0,3.0,3.0,4.0,,COMPLETE
373,373,0.8763836687196607,2025-01-05 20:10:03.358697,2025-01-05 20:10:40.420188,0 days 00:00:37.061491,5,5,35.0,70.0,5.0,85.0,,,,,,5,4.0,3.0,6.0,5.0,,,,,,COMPLETE
374,374,0.8334754083695142,2025-01-05 20:10:40.420750,2025-01-05 20:11:37.104814,0 days 00:00:56.684064,8,15,5.0,95.0,20.0,95.0,50.0,45.0,90.0,,,5,4.0,4.0,5.0,3.0,6.0,2.0,4.0,,,COMPLETE
375,375,0.8676846355986089,2025-01-05 20:11:37.105568,2025-01-05 20:12:25.428061,0 days 00:00:48.322493,7,20,20.0,5.0,10.0,100.0,40.0,100.0,,,,5,4.0,2.0,3.0,5.0,6.0,2.0,,,,COMPLETE
376,376,0.8547112403842474,2025-01-05 20:12:25.428776,2025-01-05 20:13:01.878797,0 days 00:00:36.450021,7,10,45.0,40.0,75.0,5.0,35.0,50.0,,,,5,2.0,3.0,2.0,5.0,6.0,2.0,,,,COMPLETE
377,377,0.8610573789785425,2025-01-05 20:13:01.879509,2025-01-05 20:14:01.509032,0 days 00:00:59.629523,7,15,15.0,75.0,5.0,90.0,95.0,30.0,,,,3,4.0,3.0,2.0,5.0,6.0,3.0,,,,COMPLETE
378,378,0.8614798147260894,2025-01-05 20:14:01.509713,2025-01-05 20:15:01.907530,0 days 00:01:00.397817,7,25,70.0,25.0,15.0,85.0,100.0,10.0,,,,5,4.0,4.0,3.0,6.0,6.0,2.0,,,,COMPLETE
379,379,0.8284278422263323,2025-01-05 20:15:01.908382,2025-01-05 20:15:43.463176,0 days 00:00:41.554794,7,15,35.0,75.0,10.0,75.0,45.0,40.0,,,,5,4.0,5.0,5.0,5.0,2.0,2.0,,,,COMPLETE
380,380,0.8812137837338891,2025-01-05 20:15:43.463794,2025-01-05 20:16:29.474657,0 days 00:00:46.010863,8,10,25.0,10.0,5.0,50.0,90.0,100.0,95.0,,,5,4.0,2.0,2.0,4.0,6.0,2.0,3.0,,,COMPLETE
381,381,0.7274706371940995,2025-01-05 20:16:29.475464,2025-01-05 20:17:17.608807,0 days 00:00:48.133343,8,5,25.0,10.0,5.0,60.0,90.0,100.0,95.0,,,5,4.0,2.0,2.0,4.0,6.0,2.0,3.0,,,COMPLETE
382,382,0.8803409090909091,2025-01-05 20:17:17.609409,2025-01-05 20:18:00.949676,0 days 00:00:43.340267,8,10,75.0,10.0,5.0,40.0,85.0,70.0,85.0,,,5,4.0,2.0,2.0,4.0,6.0,2.0,3.0,,,COMPLETE
383,383,0.8797285948419702,2025-01-05 20:18:00.950481,2025-01-05 20:18:44.588555,0 days 00:00:43.638074,8,10,20.0,10.0,5.0,80.0,90.0,100.0,90.0,,,5,4.0,2.0,3.0,3.0,3.0,3.0,3.0,,,COMPLETE
384,384,0.8661729942066567,2025-01-05 20:18:44.589162,2025-01-05 20:19:33.115918,0 days 00:00:48.526756,8,5,25.0,15.0,5.0,50.0,90.0,95.0,100.0,,,5,4.0,2.0,5.0,4.0,6.0,2.0,3.0,,,COMPLETE
385,385,0.8795458414690209,2025-01-05 20:19:33.116771,2025-01-05 20:20:21.411724,0 days 00:00:48.294953,9,10,25.0,5.0,5.0,10.0,95.0,100.0,95.0,45.0,,5,3.0,2.0,2.0,3.0,6.0,2.0,3.0,6.0,,COMPLETE
386,386,0.8727176253714449,2025-01-05 20:20:21.412381,2025-01-05 20:20:59.993166,0 days 00:00:38.580785,8,10,5.0,10.0,30.0,50.0,85.0,100.0,85.0,,,5,4.0,2.0,3.0,6.0,6.0,2.0,2.0,,,COMPLETE
387,387,0.8503285107718414,2025-01-05 20:20:59.994000,2025-01-05 20:21:46.600710,0 days 00:00:46.606710,8,10,10.0,5.0,5.0,55.0,100.0,95.0,80.0,,,5,2.0,2.0,4.0,4.0,5.0,3.0,4.0,,,COMPLETE
388,388,0.8549426520816025,2025-01-05 20:21:46.601320,2025-01-05 20:22:31.221388,0 days 00:00:44.620068,8,5,20.0,45.0,40.0,25.0,100.0,35.0,90.0,,,5,4.0,2.0,6.0,6.0,6.0,2.0,3.0,,,COMPLETE
389,389,0.868797585132921,2025-01-05 20:22:31.222260,2025-01-05 20:23:20.723198,0 days 00:00:49.500938,8,15,55.0,65.0,25.0,80.0,95.0,95.0,100.0,,,5,4.0,5.0,2.0,3.0,6.0,2.0,3.0,,,COMPLETE
390,390,0.8694705545658026,2025-01-05 20:23:20.723821,2025-01-05 20:24:05.825062,0 days 00:00:45.101241,7,10,25.0,15.0,10.0,40.0,90.0,100.0,,,,5,4.0,2.0,2.0,2.0,6.0,2.0,,,,COMPLETE
391,391,0.8686292027755442,2025-01-05 20:24:05.825849,2025-01-05 20:24:52.014338,0 days 00:00:46.188489,7,15,5.0,10.0,5.0,45.0,75.0,100.0,,,,5,4.0,5.0,3.0,6.0,6.0,3.0,,,,COMPLETE
392,392,0.8850399129986322,2025-01-05 20:24:52.014969,2025-01-05 20:25:24.176220,0 days 00:00:32.161251,7,10,20.0,75.0,15.0,70.0,55.0,95.0,,,,5,4.0,2.0,2.0,6.0,6.0,2.0,,,,COMPLETE
393,393,0.8672012181424673,2025-01-05 20:25:24.176972,2025-01-05 20:26:21.533824,0 days 00:00:57.356852,8,50,20.0,30.0,15.0,70.0,55.0,90.0,95.0,,,6,4.0,4.0,2.0,6.0,6.0,4.0,4.0,,,COMPLETE
394,394,0.841330711381703,2025-01-05 20:26:21.534556,2025-01-05 20:27:28.153841,0 days 00:01:06.619285,7,20,15.0,75.0,20.0,70.0,70.0,95.0,,,,5,4.0,5.0,2.0,6.0,6.0,4.0,,,,COMPLETE
395,395,0.8353654044049482,2025-01-05 20:27:28.154710,2025-01-05 20:28:24.027722,0 days 00:00:55.873012,8,5,20.0,70.0,15.0,65.0,55.0,55.0,75.0,,,5,2.0,2.0,2.0,6.0,6.0,4.0,2.0,,,COMPLETE
396,396,0.8500732923668854,2025-01-05 20:28:24.028473,2025-01-05 20:29:14.926061,0 days 00:00:50.897588,7,10,15.0,75.0,15.0,70.0,60.0,35.0,,,,5,4.0,3.0,2.0,6.0,6.0,2.0,,,,COMPLETE
397,397,0.8692284668288314,2025-01-05 20:29:14.926761,2025-01-05 20:30:14.080657,0 days 00:00:59.153896,7,20,25.0,70.0,20.0,75.0,55.0,95.0,,,,5,4.0,2.0,2.0,6.0,6.0,4.0,,,,COMPLETE
398,398,0.8661611500991195,2025-01-05 20:30:14.081506,2025-01-05 20:30:59.296874,0 days 00:00:45.215368,7,15,30.0,75.0,15.0,70.0,50.0,50.0,,,,5,5.0,4.0,2.0,6.0,3.0,2.0,,,,COMPLETE
399,399,0.8578766251728908,2025-01-05 20:30:59.297612,2025-01-05 20:32:04.520506,0 days 00:01:05.222894,8,70,20.0,5.0,90.0,75.0,55.0,90.0,85.0,,,5,4.0,3.0,2.0,6.0,6.0,2.0,4.0,,,COMPLETE
400,400,0.8658621716116756,2025-01-05 20:32:04.521228,2025-01-05 20:32:57.816028,0 days 00:00:53.294800,9,15,25.0,75.0,15.0,65.0,35.0,95.0,95.0,45.0,,5,4.0,5.0,2.0,6.0,6.0,2.0,3.0,4.0,,COMPLETE
401,401,0.8746442555945141,2025-01-05 20:32:57.816910,2025-01-05 20:33:47.966404,0 days 00:00:50.149494,8,10,20.0,15.0,10.0,80.0,40.0,40.0,90.0,,,5,4.0,3.0,4.0,6.0,6.0,2.0,3.0,,,COMPLETE
402,402,0.8843579314255825,2025-01-05 20:33:47.967057,2025-01-05 20:34:15.557092,0 days 00:00:27.590035,7,10,45.0,10.0,20.0,45.0,50.0,45.0,,,,5,4.0,5.0,2.0,2.0,6.0,2.0,,,,COMPLETE
403,403,0.8376272637823641,2025-01-05 20:34:15.557832,2025-01-05 20:34:53.747942,0 days 00:00:38.190110,7,10,45.0,10.0,20.0,45.0,55.0,45.0,,,,5,4.0,5.0,3.0,2.0,6.0,2.0,,,,COMPLETE
404,404,0.868221601475553,2025-01-05 20:34:53.748630,2025-01-05 20:35:43.366084,0 days 00:00:49.617454,7,15,45.0,10.0,20.0,45.0,50.0,45.0,,,,5,4.0,5.0,5.0,6.0,6.0,2.0,,,,COMPLETE
405,405,0.8488613207576078,2025-01-05 20:35:43.366890,2025-01-05 20:36:24.420833,0 days 00:00:41.053943,6,15,45.0,100.0,20.0,50.0,50.0,,,,,5,4.0,5.0,2.0,2.0,6.0,,,,,COMPLETE
406,406,0.8636004253534753,2025-01-05 20:36:24.421438,2025-01-05 20:37:13.070642,0 days 00:00:48.649204,7,20,45.0,10.0,15.0,50.0,50.0,40.0,,,,5,4.0,5.0,2.0,2.0,6.0,3.0,,,,COMPLETE
407,407,0.8303277435425364,2025-01-05 20:37:13.071390,2025-01-05 20:38:03.513267,0 days 00:00:50.441877,7,25,50.0,5.0,25.0,40.0,55.0,90.0,,,,5,4.0,5.0,3.0,2.0,6.0,2.0,,,,COMPLETE
408,408,0.8694970448109909,2025-01-05 20:38:03.513968,2025-01-05 20:38:46.782119,0 days 00:00:43.268151,6,10,40.0,10.0,20.0,55.0,50.0,,,,,5,3.0,5.0,2.0,2.0,6.0,,,,,COMPLETE
409,409,0.8440942241569741,2025-01-05 20:38:46.782853,2025-01-05 20:39:27.259591,0 days 00:00:40.476738,8,5,50.0,5.0,25.0,50.0,60.0,95.0,80.0,,,5,4.0,5.0,5.0,2.0,5.0,2.0,4.0,,,COMPLETE
410,410,0.8339939309056956,2025-01-05 20:39:27.260333,2025-01-05 20:40:08.963013,0 days 00:00:41.702680,7,15,85.0,15.0,15.0,45.0,80.0,45.0,,,,5,6.0,5.0,3.0,2.0,2.0,3.0,,,,COMPLETE
411,411,0.8670172258502455,2025-01-05 20:40:08.963634,2025-01-05 20:40:55.433729,0 days 00:00:46.470095,7,10,40.0,10.0,15.0,100.0,65.0,30.0,,,,5,4.0,5.0,2.0,3.0,6.0,2.0,,,,COMPLETE
412,412,0.8605508939638515,2025-01-05 20:40:55.434571,2025-01-05 20:41:21.262038,0 days 00:00:25.827467,7,15,15.0,5.0,55.0,75.0,35.0,40.0,,,,5,4.0,2.0,2.0,2.0,6.0,2.0,,,,COMPLETE
413,413,0.8646638307928631,2025-01-05 20:41:21.262603,2025-01-05 20:42:08.609292,0 days 00:00:47.346689,8,10,15.0,35.0,20.0,55.0,40.0,35.0,75.0,,,5,4.0,4.0,3.0,6.0,6.0,4.0,3.0,,,COMPLETE
414,414,0.8853563836400435,2025-01-05 20:42:08.610169,2025-01-05 20:42:27.039894,0 days 00:00:18.429725,4,15,45.0,20.0,15.0,,,,,,,5,2.0,2.0,2.0,,,,,,,COMPLETE
415,415,0.7183635537565569,2025-01-05 20:42:27.040395,2025-01-05 20:42:40.528949,0 days 00:00:13.488554,2,15,45.0,,,,,,,,,5,2.0,,,,,,,,,COMPLETE
416,416,0.8195689902202592,2025-01-05 20:42:40.529381,2025-01-05 20:43:09.740413,0 days 00:00:29.211032,5,20,45.0,15.0,15.0,75.0,,,,,,5,2.0,6.0,2.0,3.0,,,,,,COMPLETE
417,417,0.8044191855137521,2025-01-05 20:43:09.740952,2025-01-05 20:43:25.379068,0 days 00:00:15.638116,4,10,45.0,20.0,15.0,,,,,,,5,2.0,2.0,2.0,,,,,,,COMPLETE
418,418,0.8748953027288648,2025-01-05 20:43:25.379700,2025-01-05 20:43:49.076267,0 days 00:00:23.696567,3,15,50.0,15.0,,,,,,,,5,2.0,5.0,,,,,,,,COMPLETE
419,419,0.8195179301364055,2025-01-05 20:43:49.076853,2025-01-05 20:44:07.857945,0 days 00:00:18.781092,3,5,40.0,10.0,,,,,,,,5,2.0,2.0,,,,,,,,COMPLETE
420,420,0.8597097246063571,2025-01-05 20:44:07.858412,2025-01-05 20:44:40.211907,0 days 00:00:32.353495,5,10,45.0,90.0,15.0,80.0,,,,,,5,2.0,4.0,5.0,3.0,,,,,,COMPLETE
421,421,0.8661970964675035,2025-01-05 20:44:40.212431,2025-01-05 20:45:25.260712,0 days 00:00:45.048281,6,30,40.0,70.0,20.0,60.0,15.0,,,,,5,2.0,5.0,2.0,4.0,6.0,,,,,COMPLETE
422,422,0.8819882341799414,2025-01-05 20:45:25.261532,2025-01-05 20:46:10.260898,0 days 00:00:44.999366,7,20,50.0,20.0,10.0,95.0,95.0,40.0,,,,5,2.0,2.0,2.0,2.0,6.0,2.0,,,,COMPLETE
423,423,0.8450858807629896,2025-01-05 20:46:10.261446,2025-01-05 20:46:30.354667,0 days 00:00:20.093221,4,20,50.0,20.0,10.0,,,,,,,5,2.0,2.0,2.0,,,,,,,COMPLETE
424,424,0.8529786321430082,2025-01-05 20:46:30.355289,2025-01-05 20:47:13.798779,0 days 00:00:43.443490,7,25,50.0,20.0,10.0,100.0,95.0,40.0,,,,5,2.0,2.0,2.0,2.0,6.0,2.0,,,,COMPLETE
425,425,0.8461873320359559,2025-01-05 20:47:13.799451,2025-01-05 20:48:01.372885,0 days 00:00:47.573434,9,20,50.0,15.0,15.0,95.0,95.0,40.0,100.0,35.0,,5,2.0,2.0,5.0,2.0,6.0,2.0,2.0,6.0,,COMPLETE
426,426,0.8651902322947823,2025-01-05 20:48:01.373697,2025-01-05 20:48:53.605864,0 days 00:00:52.232167,7,100,55.0,85.0,15.0,95.0,90.0,40.0,,,,5,2.0,2.0,2.0,2.0,6.0,2.0,,,,COMPLETE
427,427,0.8592621805249976,2025-01-05 20:48:53.606545,2025-01-05 20:49:37.609810,0 days 00:00:44.003265,7,20,45.0,25.0,10.0,100.0,90.0,35.0,,,,5,2.0,2.0,2.0,2.0,6.0,2.0,,,,COMPLETE
428,428,0.8321610589746626,2025-01-05 20:49:37.610597,2025-01-05 20:50:09.815868,0 days 00:00:32.205271,6,20,55.0,20.0,20.0,80.0,95.0,,,,,5,2.0,2.0,2.0,2.0,6.0,,,,,COMPLETE
429,429,0.835417242332136,2025-01-05 20:50:09.816419,2025-01-05 20:50:50.281120,0 days 00:00:40.464701,7,25,50.0,15.0,10.0,95.0,95.0,45.0,,,,5,2.0,2.0,3.0,2.0,6.0,3.0,,,,COMPLETE
430,430,0.7955266785660758,2025-01-05 20:50:50.281826,2025-01-05 20:51:32.886468,0 days 00:00:42.604642,7,5,10.0,10.0,15.0,95.0,85.0,45.0,,,,5,2.0,2.0,2.0,2.0,6.0,2.0,,,,COMPLETE
431,431,0.8072105065929178,2025-01-05 20:51:32.887132,2025-01-05 20:51:52.349108,0 days 00:00:19.461976,5,10,10.0,60.0,10.0,75.0,,,,,,5,2.0,2.0,2.0,2.0,,,,,,COMPLETE
432,432,0.883862000039044,2025-01-05 20:51:52.349593,2025-01-05 20:52:35.270022,0 days 00:00:42.920429,7,15,45.0,25.0,10.0,20.0,95.0,35.0,,,,5,2.0,4.0,3.0,2.0,6.0,2.0,,,,COMPLETE
433,433,0.8445276554087127,2025-01-05 20:52:35.270796,2025-01-05 20:52:58.475575,0 days 00:00:23.204779,3,15,45.0,25.0,,,,,,,,5,2.0,5.0,,,,,,,,COMPLETE
434,434,0.8634281820587066,2025-01-05 20:52:58.476151,2025-01-05 20:53:33.473140,0 days 00:00:34.996989,7,15,40.0,20.0,10.0,95.0,90.0,35.0,,,,5,2.0,2.0,2.0,2.0,6.0,2.0,,,,COMPLETE
435,435,0.862369035702369,2025-01-05 20:53:33.473748,2025-01-05 20:54:03.311902,0 days 00:00:29.838154,4,10,50.0,20.0,10.0,,,,,,,5,3.0,4.0,5.0,,,,,,,COMPLETE
436,436,0.845700584138969,2025-01-05 20:54:03.312596,2025-01-05 20:54:36.143702,0 days 00:00:32.831106,7,10,45.0,15.0,10.0,15.0,90.0,30.0,,,,5,2.0,5.0,3.0,2.0,6.0,2.0,,,,COMPLETE
437,437,0.8549194522724435,2025-01-05 20:54:36.144375,2025-01-05 20:55:05.286818,0 days 00:00:29.142443,7,15,45.0,15.0,10.0,65.0,25.0,40.0,,,,5,4.0,2.0,2.0,2.0,6.0,2.0,,,,COMPLETE
438,438,0.8467781762565185,2025-01-05 20:55:05.287431,2025-01-05 20:55:49.168165,0 days 00:00:43.880734,7,15,45.0,20.0,10.0,20.0,95.0,35.0,,,,5,5.0,5.0,2.0,2.0,6.0,2.0,,,,COMPLETE
439,439,0.8349550514860126,2025-01-05 20:55:49.169030,2025-01-05 20:56:34.581843,0 days 00:00:45.412813,7,10,40.0,25.0,10.0,30.0,95.0,35.0,,,,5,4.0,2.0,3.0,2.0,6.0,2.0,,,,COMPLETE
440,440,0.8767403428525573,2025-01-05 20:56:34.582448,2025-01-05 20:57:09.457217,0 days 00:00:34.874769,6,10,50.0,10.0,15.0,100.0,30.0,,,,,5,4.0,5.0,2.0,2.0,6.0,,,,,COMPLETE
441,441,0.8668457234656161,2025-01-05 20:57:09.457942,2025-01-05 20:57:27.853680,0 days 00:00:18.395738,2,15,45.0,,,,,,,,,6,4.0,,,,,,,,,COMPLETE
442,442,0.8764974209861982,2025-01-05 20:57:27.854233,2025-01-05 20:58:08.802348,0 days 00:00:40.948115,7,15,45.0,5.0,25.0,25.0,20.0,30.0,,,,5,2.0,4.0,3.0,2.0,5.0,2.0,,,,COMPLETE
443,443,0.8617772612126144,2025-01-05 20:58:08.802951,2025-01-05 20:58:42.838768,0 days 00:00:34.035817,7,5,50.0,20.0,10.0,15.0,95.0,35.0,,,,5,4.0,2.0,2.0,2.0,6.0,2.0,,,,COMPLETE
444,444,0.8649242257689385,2025-01-05 20:58:42.839492,2025-01-05 20:59:30.269449,0 days 00:00:47.429957,6,10,55.0,10.0,10.0,95.0,90.0,,,,,5,4.0,5.0,2.0,4.0,6.0,,,,,COMPLETE
445,445,0.8322955141107184,2025-01-05 20:59:30.270151,2025-01-05 21:00:11.577107,0 days 00:00:41.306956,7,15,15.0,15.0,20.0,100.0,95.0,40.0,,,,5,4.0,2.0,2.0,3.0,6.0,2.0,,,,COMPLETE
446,446,0.844235013613004,2025-01-05 21:00:11.577879,2025-01-05 21:01:11.777152,0 days 00:01:00.199273,7,15,40.0,80.0,15.0,20.0,90.0,95.0,,,,5,4.0,5.0,5.0,2.0,6.0,2.0,,,,COMPLETE
447,447,0.831004964753317,2025-01-05 21:01:11.777891,2025-01-05 21:01:47.057351,0 days 00:00:35.279460,7,10,20.0,10.0,20.0,70.0,80.0,40.0,,,,5,4.0,4.0,3.0,2.0,6.0,2.0,,,,COMPLETE
448,448,0.8574648631719062,2025-01-05 21:01:47.058131,2025-01-05 21:02:32.877517,0 days 00:00:45.819386,7,5,15.0,30.0,5.0,10.0,95.0,95.0,,,,2,4.0,3.0,3.0,3.0,6.0,2.0,,,,COMPLETE
449,449,0.8693656672438304,2025-01-05 21:02:32.878236,2025-01-05 21:03:07.811849,0 days 00:00:34.933613,7,15,50.0,5.0,10.0,85.0,55.0,90.0,,,,5,2.0,2.0,2.0,2.0,6.0,4.0,,,,COMPLETE
450,450,0.8400952001496349,2025-01-05 21:03:07.812412,2025-01-05 21:04:00.777536,0 days 00:00:52.965124,7,10,75.0,80.0,15.0,95.0,30.0,35.0,,,,5,4.0,3.0,2.0,4.0,6.0,2.0,,,,COMPLETE
451,451,0.8736689991482556,2025-01-05 21:04:00.778387,2025-01-05 21:04:59.143861,0 days 00:00:58.365474,8,20,45.0,15.0,5.0,30.0,15.0,100.0,85.0,,,5,3.0,5.0,5.0,3.0,6.0,2.0,2.0,,,COMPLETE
452,452,0.8578218998453595,2025-01-05 21:04:59.144658,2025-01-05 21:05:49.918787,0 days 00:00:50.774129,9,10,20.0,25.0,10.0,85.0,90.0,40.0,95.0,55.0,,5,4.0,3.0,3.0,2.0,6.0,2.0,6.0,4.0,,COMPLETE
453,453,0.8776213501638623,2025-01-05 21:05:49.919546,2025-01-05 21:06:24.361804,0 days 00:00:34.442258,6,15,40.0,65.0,5.0,75.0,35.0,,,,,5,4.0,3.0,2.0,2.0,5.0,,,,,COMPLETE
454,454,0.8503719702423806,2025-01-05 21:06:24.362357,2025-01-05 21:07:17.244593,0 days 00:00:52.882236,7,40,60.0,5.0,15.0,30.0,85.0,25.0,,,,5,4.0,2.0,5.0,3.0,6.0,4.0,,,,COMPLETE
455,455,0.8819263574368252,2025-01-05 21:07:17.245471,2025-01-05 21:08:00.349563,0 days 00:00:43.104092,7,10,15.0,85.0,5.0,70.0,95.0,30.0,,,,5,4.0,4.0,2.0,4.0,6.0,2.0,,,,COMPLETE
456,456,0.8137314089740021,2025-01-05 21:08:00.350178,2025-01-05 21:08:43.692100,0 days 00:00:43.341922,7,5,10.0,85.0,5.0,70.0,95.0,30.0,,,,5,4.0,4.0,2.0,4.0,6.0,2.0,,,,COMPLETE
457,457,0.8702555128562834,2025-01-05 21:08:43.692948,2025-01-05 21:09:33.168141,0 days 00:00:49.475193,8,10,15.0,85.0,5.0,70.0,95.0,25.0,90.0,,,5,4.0,4.0,3.0,4.0,6.0,2.0,2.0,,,COMPLETE
458,458,0.8539953314820692,2025-01-05 21:09:33.168763,2025-01-05 21:10:01.966113,0 days 00:00:28.797350,4,45,15.0,90.0,5.0,,,,,,,5,2.0,4.0,2.0,,,,,,,COMPLETE
459,459,0.8205429907894102,2025-01-05 21:10:01.966885,2025-01-05 21:10:38.197592,0 days 00:00:36.230707,7,5,15.0,10.0,5.0,65.0,95.0,30.0,,,,5,5.0,4.0,2.0,4.0,6.0,2.0,,,,COMPLETE
460,460,0.8440076806868231,2025-01-05 21:10:38.198248,2025-01-05 21:11:45.613586,0 days 00:01:07.415338,7,80,15.0,90.0,5.0,70.0,95.0,35.0,,,,5,4.0,4.0,3.0,4.0,6.0,2.0,,,,COMPLETE
461,461,0.8857192425545137,2025-01-05 21:11:45.614443,2025-01-05 21:12:37.910892,0 days 00:00:52.296449,8,10,20.0,95.0,5.0,70.0,90.0,25.0,100.0,,,5,4.0,4.0,2.0,3.0,6.0,2.0,3.0,,,COMPLETE
462,462,0.8760971178118672,2025-01-05 21:12:37.911669,2025-01-05 21:13:26.369232,0 days 00:00:48.457563,7,10,20.0,95.0,20.0,70.0,100.0,25.0,,,,5,4.0,4.0,5.0,3.0,6.0,2.0,,,,COMPLETE
463,463,0.8542130842164433,2025-01-05 21:13:26.369942,2025-01-05 21:14:22.040966,0 days 00:00:55.671024,7,10,15.0,95.0,10.0,70.0,95.0,25.0,,,,5,4.0,4.0,2.0,3.0,6.0,2.0,,,,COMPLETE
464,464,0.8791561500822076,2025-01-05 21:14:22.041687,2025-01-05 21:15:04.016392,0 days 00:00:41.974705,6,10,20.0,100.0,5.0,75.0,60.0,,,,,5,4.0,4.0,3.0,3.0,6.0,,,,,COMPLETE
465,465,0.8463266032473564,2025-01-05 21:15:04.017106,2025-01-05 21:16:02.597540,0 days 00:00:58.580434,8,5,15.0,90.0,15.0,65.0,90.0,20.0,100.0,,,5,2.0,4.0,2.0,3.0,6.0,2.0,2.0,,,COMPLETE
466,466,0.8491870074838639,2025-01-05 21:16:02.598424,2025-01-05 21:16:52.175330,0 days 00:00:49.576906,7,15,20.0,95.0,5.0,65.0,100.0,30.0,,,,5,4.0,4.0,3.0,3.0,6.0,2.0,,,,COMPLETE
467,467,0.8356492670992475,2025-01-05 21:16:52.175956,2025-01-05 21:17:33.263398,0 days 00:00:41.087442,7,10,15.0,90.0,25.0,70.0,85.0,20.0,,,,5,4.0,4.0,2.0,2.0,6.0,4.0,,,,COMPLETE
468,468,0.8559033157731639,2025-01-05 21:17:33.264253,2025-01-05 21:18:37.865649,0 days 00:01:04.601396,7,10,10.0,95.0,20.0,70.0,95.0,25.0,,,,5,4.0,6.0,5.0,6.0,6.0,2.0,,,,COMPLETE
469,469,0.8731940935209134,2025-01-05 21:18:37.866473,2025-01-05 21:19:37.786701,0 days 00:00:59.920228,7,20,45.0,90.0,10.0,75.0,95.0,35.0,,,,5,4.0,3.0,3.0,3.0,6.0,2.0,,,,COMPLETE
470,470,0.8665382382545581,2025-01-05 21:19:37.787426,2025-01-05 21:20:35.163088,0 days 00:00:57.375662,8,15,20.0,85.0,5.0,65.0,100.0,20.0,100.0,,,4,3.0,4.0,2.0,3.0,4.0,2.0,3.0,,,COMPLETE
471,471,0.87108026479581,2025-01-05 21:20:35.163913,2025-01-05 21:21:11.771127,0 days 00:00:36.607214,7,10,50.0,80.0,15.0,70.0,30.0,30.0,,,,5,5.0,3.0,2.0,3.0,6.0,2.0,,,,COMPLETE
472,472,0.7680037015852643,2025-01-05 21:21:11.771739,2025-01-05 21:21:51.838272,0 days 00:00:40.066533,6,15,20.0,85.0,10.0,75.0,35.0,,,,,5,4.0,4.0,3.0,3.0,6.0,,,,,COMPLETE
473,473,0.8553871726552555,2025-01-05 21:21:51.839105,2025-01-05 21:22:41.307342,0 days 00:00:49.468237,9,5,65.0,95.0,10.0,70.0,90.0,35.0,90.0,30.0,,5,2.0,3.0,2.0,2.0,6.0,2.0,6.0,4.0,,COMPLETE
474,474,0.8667410861011728,2025-01-05 21:22:41.307989,2025-01-05 21:23:18.738717,0 days 00:00:37.430728,8,10,10.0,20.0,5.0,75.0,100.0,30.0,75.0,,,5,4.0,4.0,2.0,3.0,6.0,4.0,5.0,,,COMPLETE
475,475,0.8767103955476049,2025-01-05 21:23:18.739509,2025-01-05 21:23:50.656682,0 days 00:00:31.917173,5,15,15.0,5.0,20.0,80.0,,,,,,5,6.0,3.0,2.0,6.0,,,,,,COMPLETE
476,476,0.8909674251813359,2025-01-05 21:23:50.657325,2025-01-05 21:24:39.067095,0 days 00:00:48.409770,7,10,45.0,90.0,5.0,100.0,25.0,25.0,,,,3,4.0,3.0,5.0,2.0,6.0,2.0,,,,COMPLETE
477,477,0.8909202680517259,2025-01-05 21:24:39.067707,2025-01-05 21:25:27.353573,0 days 00:00:48.285866,7,5,45.0,95.0,30.0,100.0,20.0,25.0,,,,3,4.0,3.0,5.0,2.0,6.0,2.0,,,,COMPLETE
478,478,0.8652651573545527,2025-01-05 21:25:27.354435,2025-01-05 21:26:15.172082,0 days 00:00:47.817647,7,5,45.0,95.0,30.0,100.0,20.0,25.0,,,,3,4.0,3.0,5.0,2.0,6.0,2.0,,,,COMPLETE
479,479,0.845239678655033,2025-01-05 21:26:15.172859,2025-01-05 21:27:09.560219,0 days 00:00:54.387360,8,5,45.0,95.0,30.0,100.0,20.0,25.0,80.0,,,3,4.0,3.0,5.0,2.0,6.0,2.0,3.0,,,COMPLETE
480,480,0.8654916906122276,2025-01-05 21:27:09.560924,2025-01-05 21:27:57.019368,0 days 00:00:47.458444,6,10,45.0,95.0,35.0,100.0,25.0,,,,,3,4.0,3.0,5.0,2.0,6.0,,,,,COMPLETE
481,481,0.8457380190280945,2025-01-05 21:27:57.020078,2025-01-05 21:28:53.233330,0 days 00:00:56.213252,7,85,50.0,90.0,30.0,100.0,25.0,25.0,,,,3,4.0,3.0,5.0,2.0,6.0,2.0,,,,COMPLETE
482,482,0.7660465490859305,2025-01-05 21:28:53.233985,2025-01-05 21:29:02.180395,0 days 00:00:08.946410,1,5,,,,,,,,,,3,,,,,,,,,,COMPLETE
483,483,0.8674620331137018,2025-01-05 21:29:02.180807,2025-01-05 21:29:28.916128,0 days 00:00:26.735321,7,5,40.0,90.0,30.0,100.0,25.0,20.0,,,,6,2.0,3.0,5.0,2.0,6.0,2.0,,,,COMPLETE
484,484,0.8404963988919667,2025-01-05 21:29:28.916912,2025-01-05 21:30:20.607728,0 days 00:00:51.690816,7,60,40.0,90.0,25.0,100.0,20.0,25.0,,,,3,4.0,3.0,5.0,2.0,6.0,2.0,,,,COMPLETE
485,485,0.8474313021680893,2025-01-05 21:30:20.608466,2025-01-05 21:31:04.574210,0 days 00:00:43.965744,8,5,50.0,95.0,25.0,100.0,20.0,30.0,70.0,,,3,4.0,3.0,5.0,2.0,6.0,2.0,3.0,,,COMPLETE
486,486,0.8674973827441594,2025-01-05 21:31:04.575005,2025-01-05 21:31:51.432578,0 days 00:00:46.857573,7,5,45.0,90.0,35.0,100.0,25.0,20.0,,,,2,3.0,3.0,5.0,2.0,4.0,4.0,,,,COMPLETE
487,487,0.845455290803165,2025-01-05 21:31:51.433282,2025-01-05 21:32:43.324315,0 days 00:00:51.891033,8,10,55.0,100.0,15.0,100.0,25.0,25.0,100.0,,,3,4.0,3.0,3.0,2.0,6.0,2.0,2.0,,,COMPLETE
488,488,0.8887315077521313,2025-01-05 21:32:43.325064,2025-01-05 21:33:34.987214,0 days 00:00:51.662150,7,10,45.0,100.0,35.0,70.0,20.0,30.0,,,,3,4.0,4.0,5.0,2.0,6.0,2.0,,,,COMPLETE
489,489,0.8675953129208291,2025-01-05 21:33:34.987972,2025-01-05 21:34:42.783115,0 days 00:01:07.795143,9,10,45.0,100.0,25.0,70.0,15.0,25.0,85.0,40.0,,3,4.0,3.0,5.0,2.0,6.0,2.0,5.0,5.0,,COMPLETE
490,490,0.8113885483857333,2025-01-05 21:34:42.784051,2025-01-05 21:35:28.726075,0 days 00:00:45.942024,7,5,45.0,100.0,20.0,65.0,25.0,30.0,,,,3,4.0,4.0,5.0,2.0,6.0,2.0,,,,COMPLETE
491,491,0.8414319150831455,2025-01-05 21:35:28.726864,2025-01-05 21:36:14.403642,0 days 00:00:45.676778,7,10,50.0,95.0,35.0,20.0,20.0,25.0,,,,5,2.0,3.0,5.0,2.0,6.0,3.0,,,,COMPLETE
492,492,0.8703222617433932,2025-01-05 21:36:14.404332,2025-01-05 21:36:55.931532,0 days 00:00:41.527200,5,10,100.0,100.0,15.0,70.0,,,,,,3,4.0,3.0,5.0,2.0,,,,,,COMPLETE
493,493,0.8227858725292106,2025-01-05 21:36:55.932252,2025-01-05 21:37:42.611694,0 days 00:00:46.679442,6,5,70.0,100.0,15.0,35.0,30.0,,,,,3,4.0,3.0,5.0,2.0,6.0,,,,,COMPLETE
494,494,0.8436419761556715,2025-01-05 21:37:42.612375,2025-01-05 21:38:30.579870,0 days 00:00:47.967495,7,10,40.0,100.0,20.0,75.0,30.0,30.0,,,,3,4.0,3.0,5.0,2.0,6.0,2.0,,,,COMPLETE
495,495,0.8046433881240778,2025-01-05 21:38:30.580646,2025-01-05 21:39:14.100101,0 days 00:00:43.519455,7,10,50.0,85.0,35.0,70.0,25.0,30.0,,,,3,4.0,6.0,5.0,2.0,6.0,2.0,,,,COMPLETE
496,496,0.8206958538706872,2025-01-05 21:39:14.100844,2025-01-05 21:40:04.840815,0 days 00:00:50.739971,7,10,45.0,95.0,10.0,65.0,20.0,20.0,,,,3,5.0,4.0,5.0,2.0,6.0,2.0,,,,COMPLETE
497,497,0.835136805855783,2025-01-05 21:40:04.841640,2025-01-05 21:40:50.116740,0 days 00:00:45.275100,8,5,45.0,85.0,20.0,70.0,15.0,30.0,95.0,,,3,2.0,3.0,5.0,2.0,6.0,2.0,3.0,,,COMPLETE
498,498,0.8681879646733681,2025-01-05 21:40:50.117450,2025-01-05 21:41:37.233775,0 days 00:00:47.116325,7,10,40.0,90.0,25.0,100.0,20.0,30.0,,,,3,4.0,3.0,5.0,2.0,6.0,2.0,,,,COMPLETE
499,499,0.8515573505933971,2025-01-05 21:41:37.234548,2025-01-05 21:42:22.007971,0 days 00:00:44.773423,7,10,45.0,95.0,10.0,75.0,30.0,25.0,,,,3,4.0,3.0,3.0,2.0,6.0,2.0,,,,COMPLETE
500,500,0.8667669870408861,2025-01-05 21:42:22.008664,2025-01-05 21:43:14.518687,0 days 00:00:52.510023,7,15,50.0,100.0,15.0,60.0,55.0,35.0,,,,2,4.0,4.0,3.0,2.0,6.0,3.0,,,,COMPLETE
501,501,0.8686046776635992,2025-01-05 21:43:14.519452,2025-01-05 21:44:19.882690,0 days 00:01:05.363238,8,15,60.0,90.0,10.0,95.0,90.0,25.0,90.0,,,3,2.0,3.0,5.0,2.0,6.0,2.0,4.0,,,COMPLETE
502,502,0.8626193306315686,2025-01-05 21:44:19.883417,2025-01-05 21:45:22.267313,0 days 00:01:02.383896,7,55,95.0,95.0,15.0,70.0,15.0,30.0,,,,3,4.0,5.0,3.0,2.0,6.0,4.0,,,,COMPLETE
503,503,0.8893850478538762,2025-01-05 21:45:22.268247,2025-01-05 21:46:06.784073,0 days 00:00:44.515826,6,10,40.0,85.0,10.0,100.0,60.0,,,,,3,3.0,3.0,5.0,2.0,6.0,,,,,COMPLETE
504,504,0.8523838469359326,2025-01-05 21:46:06.784833,2025-01-05 21:47:00.829748,0 days 00:00:54.044915,6,15,40.0,85.0,30.0,100.0,60.0,,,,,3,3.0,5.0,5.0,2.0,6.0,,,,,COMPLETE
505,505,0.8541743187251509,2025-01-05 21:47:00.830401,2025-01-05 21:47:47.706818,0 days 00:00:46.876417,6,10,45.0,85.0,15.0,100.0,65.0,,,,,3,3.0,3.0,5.0,2.0,6.0,,,,,COMPLETE
506,506,0.8565157630831871,2025-01-05 21:47:47.707630,2025-01-05 21:48:38.225726,0 days 00:00:50.518096,6,5,40.0,90.0,5.0,100.0,95.0,,,,,3,3.0,3.0,5.0,2.0,6.0,,,,,COMPLETE
507,507,0.85994716638636,2025-01-05 21:48:38.226284,2025-01-05 21:49:12.664893,0 days 00:00:34.438609,5,15,45.0,85.0,10.0,25.0,,,,,,3,3.0,4.0,5.0,2.0,,,,,,COMPLETE
508,508,0.8715138158797974,2025-01-05 21:49:12.665693,2025-01-05 21:49:58.319542,0 days 00:00:45.653849,6,10,50.0,85.0,20.0,75.0,50.0,,,,,3,2.0,4.0,5.0,2.0,6.0,,,,,COMPLETE
509,509,0.8666081706412627,2025-01-05 21:49:58.320115,2025-01-05 21:50:50.255231,0 days 00:00:51.935116,6,30,45.0,90.0,15.0,100.0,90.0,,,,,3,2.0,3.0,5.0,2.0,6.0,,,,,COMPLETE
510,510,0.882957495254598,2025-01-05 21:50:50.256104,2025-01-05 21:51:35.231459,0 days 00:00:44.975355,6,15,50.0,20.0,5.0,70.0,80.0,,,,,5,2.0,5.0,5.0,2.0,6.0,,,,,COMPLETE
511,511,0.8762091846392148,2025-01-05 21:51:35.232034,2025-01-05 21:52:20.045972,0 days 00:00:44.813938,6,15,50.0,25.0,10.0,65.0,70.0,,,,,3,2.0,5.0,5.0,2.0,6.0,,,,,COMPLETE
512,512,0.85420212303986,2025-01-05 21:52:20.046755,2025-01-05 21:53:05.299008,0 days 00:00:45.252253,6,15,55.0,20.0,5.0,100.0,75.0,,,,,3,2.0,5.0,5.0,2.0,6.0,,,,,COMPLETE
513,513,0.841508675044571,2025-01-05 21:53:05.299706,2025-01-05 21:53:53.001361,0 days 00:00:47.701655,6,15,50.0,20.0,40.0,70.0,80.0,,,,,5,2.0,5.0,5.0,2.0,6.0,,,,,COMPLETE
514,514,0.852134508978662,2025-01-05 21:53:53.002171,2025-01-05 21:54:38.888201,0 days 00:00:45.886030,6,15,55.0,20.0,20.0,75.0,75.0,,,,,3,2.0,5.0,5.0,2.0,6.0,,,,,COMPLETE
515,515,0.8617548339051571,2025-01-05 21:54:38.888887,2025-01-05 21:55:23.929402,0 days 00:00:45.040515,6,15,50.0,20.0,10.0,15.0,85.0,,,,,3,2.0,5.0,5.0,2.0,6.0,,,,,COMPLETE
516,516,0.8414571600938208,2025-01-05 21:55:23.930186,2025-01-05 21:56:09.532907,0 days 00:00:45.602721,6,15,45.0,15.0,15.0,75.0,65.0,,,,,3,2.0,5.0,5.0,2.0,6.0,,,,,COMPLETE
517,517,0.8394985004541289,2025-01-05 21:56:09.533618,2025-01-05 21:56:51.881909,0 days 00:00:42.348291,6,15,50.0,25.0,5.0,100.0,20.0,,,,,3,2.0,5.0,5.0,2.0,6.0,,,,,COMPLETE
518,518,0.8503707569655097,2025-01-05 21:56:51.882677,2025-01-05 21:57:37.570244,0 days 00:00:45.687567,6,20,40.0,20.0,10.0,95.0,70.0,,,,,3,2.0,5.0,5.0,2.0,6.0,,,,,COMPLETE
519,519,0.869752199940808,2025-01-05 21:57:37.570945,2025-01-05 21:58:19.643630,0 days 00:00:42.072685,6,10,45.0,15.0,15.0,70.0,25.0,,,,,2,2.0,5.0,5.0,2.0,6.0,,,,,COMPLETE
520,520,0.8573839927739738,2025-01-05 21:58:19.644414,2025-01-05 21:58:53.467002,0 days 00:00:33.822588,5,65,50.0,25.0,5.0,80.0,,,,,,3,2.0,5.0,4.0,2.0,,,,,,COMPLETE
521,521,0.8789318106799225,2025-01-05 21:58:53.467634,2025-01-05 21:59:51.482038,0 days 00:00:58.014404,8,15,45.0,15.0,25.0,100.0,85.0,35.0,85.0,,,3,2.0,3.0,5.0,2.0,6.0,3.0,3.0,,,COMPLETE
522,522,0.8826172059074815,2025-01-05 21:59:51.482861,2025-01-05 22:00:25.271428,0 days 00:00:33.788567,6,10,50.0,100.0,45.0,75.0,50.0,,,,,5,2.0,3.0,3.0,2.0,6.0,,,,,COMPLETE
523,523,0.8646733809297611,2025-01-05 22:00:25.272118,2025-01-05 22:00:58.690837,0 days 00:00:33.418719,6,5,50.0,95.0,50.0,75.0,50.0,,,,,5,2.0,3.0,3.0,2.0,6.0,,,,,COMPLETE
524,524,0.8383598665877496,2025-01-05 22:00:58.691382,2025-01-05 22:01:42.914527,0 days 00:00:44.223145,6,10,50.0,100.0,45.0,25.0,55.0,,,,,5,2.0,3.0,3.0,2.0,6.0,,,,,COMPLETE
525,525,0.8466843770754384,2025-01-05 22:01:42.915393,2025-01-05 22:02:26.441090,0 days 00:00:43.525697,6,5,55.0,100.0,40.0,65.0,50.0,,,,,3,2.0,3.0,3.0,2.0,6.0,,,,,COMPLETE
526,526,0.8855390460071626,2025-01-05 22:02:26.441646,2025-01-05 22:03:06.265732,0 days 00:00:39.824086,6,10,50.0,100.0,35.0,80.0,50.0,,,,,5,2.0,3.0,3.0,2.0,6.0,,,,,COMPLETE
527,527,0.8659951344025878,2025-01-05 22:03:06.266448,2025-01-05 22:03:42.927073,0 days 00:00:36.660625,6,10,45.0,100.0,35.0,80.0,50.0,,,,,5,2.0,3.0,3.0,2.0,6.0,,,,,COMPLETE
528,528,0.836068466849136,2025-01-05 22:03:42.927719,2025-01-05 22:04:21.843462,0 days 00:00:38.915743,6,10,40.0,100.0,30.0,80.0,50.0,,,,,5,2.0,3.0,3.0,2.0,6.0,,,,,COMPLETE
529,529,0.8644061401878751,2025-01-05 22:04:21.844217,2025-01-05 22:04:54.909008,0 days 00:00:33.064791,6,5,50.0,95.0,45.0,80.0,50.0,,,,,5,2.0,3.0,3.0,2.0,6.0,,,,,COMPLETE
530,530,0.8806686274455857,2025-01-05 22:04:54.909640,2025-01-05 22:05:34.787763,0 days 00:00:39.878123,6,10,50.0,100.0,30.0,80.0,50.0,,,,,5,2.0,3.0,3.0,2.0,6.0,,,,,COMPLETE
531,531,0.8171167858786059,2025-01-05 22:05:34.788337,2025-01-05 22:06:14.744366,0 days 00:00:39.956029,6,10,55.0,100.0,40.0,75.0,55.0,,,,,5,2.0,3.0,3.0,2.0,6.0,,,,,COMPLETE
532,532,0.8624921159343876,2025-01-05 22:06:14.745228,2025-01-05 22:06:37.307064,0 days 00:00:22.561836,5,5,45.0,100.0,40.0,35.0,,,,,,5,2.0,3.0,3.0,2.0,,,,,,COMPLETE
533,533,0.8649911659744105,2025-01-05 22:06:37.307576,2025-01-05 22:07:10.059810,0 days 00:00:32.752234,6,10,40.0,100.0,35.0,80.0,55.0,,,,,5,2.0,3.0,3.0,2.0,6.0,,,,,COMPLETE
534,534,0.8621854636003643,2025-01-05 22:07:10.060350,2025-01-05 22:07:55.759934,0 days 00:00:45.699584,6,5,45.0,100.0,35.0,65.0,50.0,,,,,3,5.0,3.0,3.0,2.0,6.0,,,,,COMPLETE
535,535,0.8546914759176925,2025-01-05 22:07:55.760764,2025-01-05 22:08:38.257252,0 days 00:00:42.496488,6,10,50.0,95.0,30.0,70.0,45.0,,,,,5,2.0,3.0,3.0,2.0,6.0,,,,,COMPLETE
536,536,0.8408081357398357,2025-01-05 22:08:38.257855,2025-01-05 22:09:01.010801,0 days 00:00:22.752946,5,10,45.0,95.0,45.0,75.0,,,,,,5,3.0,3.0,3.0,2.0,,,,,,COMPLETE
537,537,0.8616084903555671,2025-01-05 22:09:01.011533,2025-01-05 22:09:34.127886,0 days 00:00:33.116353,6,10,55.0,100.0,35.0,85.0,50.0,,,,,5,2.0,3.0,3.0,2.0,6.0,,,,,COMPLETE
538,538,0.823218278766078,2025-01-05 22:09:34.128592,2025-01-05 22:10:02.547839,0 days 00:00:28.419247,6,5,45.0,95.0,50.0,70.0,45.0,,,,,5,2.0,3.0,3.0,2.0,6.0,,,,,COMPLETE
539,539,0.8661359502323244,2025-01-05 22:10:02.548451,2025-01-05 22:10:44.938688,0 days 00:00:42.390237,6,10,40.0,100.0,40.0,85.0,80.0,,,,,5,2.0,3.0,3.0,2.0,6.0,,,,,COMPLETE
540,540,0.8389521957627579,2025-01-05 22:10:44.939508,2025-01-05 22:11:49.661740,0 days 00:01:04.722232,9,10,50.0,100.0,95.0,75.0,60.0,90.0,80.0,30.0,,5,6.0,3.0,3.0,2.0,6.0,3.0,4.0,6.0,,COMPLETE
541,541,0.8633195472536748,2025-01-05 22:11:49.662562,2025-01-05 22:12:36.658320,0 days 00:00:46.995758,6,10,45.0,95.0,25.0,80.0,50.0,,,,,5,3.0,3.0,5.0,2.0,6.0,,,,,COMPLETE
542,542,0.8671971651855792,2025-01-05 22:12:36.659047,2025-01-05 22:13:11.014362,0 days 00:00:34.355315,6,15,45.0,95.0,30.0,15.0,30.0,,,,,5,2.0,3.0,3.0,2.0,6.0,,,,,COMPLETE
543,543,0.7198329331129104,2025-01-05 22:13:11.015128,2025-01-05 22:13:30.633999,0 days 00:00:19.618871,3,5,50.0,80.0,,,,,,,,5,3.0,3.0,,,,,,,,COMPLETE
544,544,0.8395577353349136,2025-01-05 22:13:30.634579,2025-01-05 22:14:40.309741,0 days 00:01:09.675162,8,35,55.0,100.0,35.0,70.0,35.0,75.0,65.0,,,5,5.0,5.0,3.0,2.0,6.0,3.0,2.0,,,COMPLETE
545,545,0.783405097504662,2025-01-05 22:14:40.310597,2025-01-05 22:15:12.576410,0 days 00:00:32.265813,5,10,10.0,90.0,40.0,85.0,,,,,,3,2.0,3.0,5.0,2.0,,,,,,COMPLETE
546,546,0.8571825553507233,2025-01-05 22:15:12.577074,2025-01-05 22:16:07.216062,0 days 00:00:54.638988,6,15,40.0,95.0,25.0,70.0,80.0,,,,,2,4.0,5.0,3.0,2.0,6.0,,,,,COMPLETE
547,547,0.820536306875111,2025-01-05 22:16:07.216796,2025-01-05 22:17:01.194536,0 days 00:00:53.977740,8,10,50.0,30.0,55.0,80.0,55.0,20.0,90.0,,,5,4.0,3.0,5.0,2.0,6.0,3.0,3.0,,,COMPLETE
548,548,0.8397585102203309,2025-01-05 22:17:01.195289,2025-01-05 22:17:38.104917,0 days 00:00:36.909628,6,5,45.0,100.0,20.0,75.0,45.0,,,,,5,2.0,3.0,3.0,6.0,6.0,,,,,COMPLETE
549,549,0.8631387972740326,2025-01-05 22:17:38.105713,2025-01-05 22:18:47.147833,0 days 00:01:09.042120,9,15,10.0,95.0,20.0,100.0,50.0,15.0,95.0,95.0,,5,4.0,3.0,5.0,2.0,6.0,3.0,5.0,4.0,,COMPLETE
550,550,0.8798287512810661,2025-01-05 22:18:47.148630,2025-01-05 22:19:56.135525,0 days 00:01:08.986895,8,10,45.0,80.0,35.0,60.0,75.0,15.0,100.0,,,3,4.0,5.0,3.0,2.0,6.0,3.0,4.0,,,COMPLETE
551,551,0.8506504237645929,2025-01-05 22:19:56.136468,2025-01-05 22:20:41.323617,0 days 00:00:45.187149,6,10,85.0,35.0,15.0,75.0,25.0,,,,,5,4.0,5.0,5.0,6.0,6.0,,,,,COMPLETE
552,552,0.8567432227199225,2025-01-05 22:20:41.324476,2025-01-05 22:21:49.861483,0 days 00:01:08.537007,8,15,50.0,100.0,15.0,100.0,35.0,20.0,95.0,,,5,4.0,3.0,4.0,2.0,6.0,5.0,6.0,,,COMPLETE
553,553,0.8411155642179007,2025-01-05 22:21:49.862268,2025-01-05 22:22:23.989885,0 days 00:00:34.127617,6,5,40.0,90.0,35.0,85.0,55.0,,,,,5,2.0,5.0,3.0,2.0,6.0,,,,,COMPLETE
554,554,0.8556079534322611,2025-01-05 22:22:23.990757,2025-01-05 22:23:08.819326,0 days 00:00:44.828569,6,15,45.0,85.0,20.0,80.0,20.0,,,,,5,3.0,3.0,5.0,6.0,6.0,,,,,COMPLETE
555,555,0.8573123325042898,2025-01-05 22:23:08.819964,2025-01-05 22:23:53.173635,0 days 00:00:44.353671,8,10,50.0,90.0,30.0,70.0,45.0,25.0,75.0,,,5,4.0,3.0,3.0,2.0,6.0,3.0,3.0,,,COMPLETE
556,556,0.8676760387829806,2025-01-05 22:23:53.174555,2025-01-05 22:24:20.155666,0 days 00:00:26.981111,5,15,55.0,80.0,20.0,85.0,,,,,,6,4.0,5.0,3.0,2.0,,,,,,COMPLETE
557,557,0.8864758714246133,2025-01-05 22:24:20.156244,2025-01-05 22:24:42.562084,0 days 00:00:22.405840,4,10,45.0,80.0,40.0,,,,,,,5,2.0,3.0,5.0,,,,,,,COMPLETE
558,558,0.8689567734531682,2025-01-05 22:24:42.562619,2025-01-05 22:25:11.993214,0 days 00:00:29.430595,6,5,45.0,80.0,40.0,20.0,30.0,,,,,5,2.0,3.0,5.0,2.0,6.0,,,,,COMPLETE
559,559,0.7979106594738463,2025-01-05 22:25:11.994049,2025-01-05 22:25:32.414838,0 days 00:00:20.420789,4,10,40.0,80.0,45.0,,,,,,,5,2.0,3.0,5.0,,,,,,,COMPLETE
560,560,0.8258262092380065,2025-01-05 22:25:32.415455,2025-01-05 22:25:55.757707,0 days 00:00:23.342252,4,10,45.0,85.0,40.0,,,,,,,5,2.0,3.0,5.0,,,,,,,COMPLETE
561,561,0.8771370874254012,2025-01-05 22:25:55.758244,2025-01-05 22:26:24.305553,0 days 00:00:28.547309,4,5,45.0,80.0,45.0,,,,,,,3,2.0,3.0,5.0,,,,,,,COMPLETE
562,562,0.8779289256346565,2025-01-05 22:26:24.306101,2025-01-05 22:26:48.149230,0 days 00:00:23.843129,4,10,35.0,100.0,35.0,,,,,,,5,2.0,3.0,5.0,,,,,,,COMPLETE
563,563,0.8316633266533067,2025-01-05 22:26:48.149997,2025-01-05 22:27:14.905293,0 days 00:00:26.755296,4,10,50.0,95.0,40.0,,,,,,,5,2.0,3.0,5.0,,,,,,,COMPLETE
564,564,0.8774939988474131,2025-01-05 22:27:14.905916,2025-01-05 22:27:36.669071,0 days 00:00:21.763155,4,10,45.0,85.0,40.0,,,,,,,5,2.0,3.0,5.0,,,,,,,COMPLETE
565,565,0.8805971655987144,2025-01-05 22:27:36.669631,2025-01-05 22:27:59.880296,0 days 00:00:23.210665,4,5,50.0,90.0,45.0,,,,,,,5,2.0,3.0,5.0,,,,,,,COMPLETE
566,566,0.8308310896802097,2025-01-05 22:27:59.880830,2025-01-05 22:28:30.239763,0 days 00:00:30.358933,5,15,40.0,80.0,35.0,30.0,,,,,,5,2.0,3.0,5.0,2.0,,,,,,COMPLETE
567,567,0.8300656262392365,2025-01-05 22:28:30.240537,2025-01-05 22:28:54.980223,0 days 00:00:24.739686,4,10,40.0,10.0,40.0,,,,,,,5,2.0,3.0,5.0,,,,,,,COMPLETE
568,568,0.8499885069070685,2025-01-05 22:28:54.980852,2025-01-05 22:29:43.661839,0 days 00:00:48.680987,6,75,45.0,85.0,35.0,65.0,45.0,,,,,3,2.0,3.0,5.0,2.0,6.0,,,,,COMPLETE
569,569,0.8575852957628133,2025-01-05 22:29:43.662644,2025-01-05 22:30:11.118751,0 days 00:00:27.456107,4,10,45.0,5.0,30.0,,,,,,,5,2.0,4.0,5.0,,,,,,,COMPLETE
570,570,0.850167493796526,2025-01-05 22:30:11.119398,2025-01-05 22:30:36.056506,0 days 00:00:24.937108,4,15,50.0,100.0,40.0,,,,,,,5,2.0,4.0,5.0,,,,,,,COMPLETE
571,571,0.8682001364497977,2025-01-05 22:30:36.057064,2025-01-05 22:31:23.038795,0 days 00:00:46.981731,6,5,40.0,95.0,35.0,100.0,60.0,,,,,3,2.0,3.0,5.0,2.0,6.0,,,,,COMPLETE
572,572,0.8150478761223959,2025-01-05 22:31:23.039626,2025-01-05 22:31:47.229885,0 days 00:00:24.190259,4,10,45.0,90.0,5.0,,,,,,,5,2.0,3.0,5.0,,,,,,,COMPLETE
573,573,0.8240370483542299,2025-01-05 22:31:47.230483,2025-01-05 22:32:22.825640,0 days 00:00:35.595157,6,15,35.0,10.0,45.0,95.0,40.0,,,,,5,3.0,4.0,5.0,2.0,3.0,,,,,COMPLETE
574,574,0.8804317732545528,2025-01-05 22:32:22.826229,2025-01-05 22:33:10.111694,0 days 00:00:47.285465,7,10,50.0,80.0,30.0,60.0,50.0,95.0,,,,5,2.0,3.0,4.0,2.0,5.0,2.0,,,,COMPLETE
575,575,0.8568394204610008,2025-01-05 22:33:10.112524,2025-01-05 22:33:43.770985,0 days 00:00:33.658461,7,5,45.0,95.0,35.0,70.0,65.0,90.0,,,,5,4.0,3.0,5.0,2.0,6.0,2.0,,,,COMPLETE
576,576,0.834642673440912,2025-01-05 22:33:43.771699,2025-01-05 22:34:40.810134,0 days 00:00:57.038435,7,15,50.0,100.0,80.0,35.0,35.0,85.0,,,,5,5.0,3.0,5.0,2.0,6.0,2.0,,,,COMPLETE
577,577,0.8683020594765738,2025-01-05 22:34:40.811064,2025-01-05 22:35:32.293306,0 days 00:00:51.482242,6,10,55.0,80.0,5.0,65.0,85.0,,,,,3,4.0,4.0,5.0,2.0,6.0,,,,,COMPLETE
578,578,0.8775168491909664,2025-01-05 22:35:32.293953,2025-01-05 22:36:29.070436,0 days 00:00:56.776483,9,15,45.0,85.0,50.0,95.0,45.0,90.0,60.0,50.0,,5,6.0,3.0,5.0,2.0,6.0,2.0,5.0,5.0,,COMPLETE
579,579,0.8885373708975847,2025-01-05 22:36:29.071458,2025-01-05 22:37:00.267192,0 days 00:00:31.195734,7,10,40.0,5.0,10.0,100.0,50.0,80.0,,,,5,2.0,3.0,4.0,2.0,6.0,2.0,,,,COMPLETE
580,580,0.8794221717482047,2025-01-05 22:37:00.267819,2025-01-05 22:37:30.856557,0 days 00:00:30.588738,5,5,40.0,5.0,10.0,95.0,,,,,,5,2.0,3.0,5.0,2.0,,,,,,COMPLETE
581,581,0.8562866344056708,2025-01-05 22:37:30.857142,2025-01-05 22:38:03.191861,0 days 00:00:32.334719,7,10,40.0,5.0,10.0,100.0,55.0,80.0,,,,5,2.0,3.0,4.0,2.0,6.0,2.0,,,,COMPLETE
582,582,0.8736944769934432,2025-01-05 22:38:03.192770,2025-01-05 22:38:44.623195,0 days 00:00:41.430425,7,10,40.0,40.0,5.0,15.0,50.0,90.0,,,,5,2.0,3.0,4.0,2.0,6.0,2.0,,,,COMPLETE
583,583,0.8584965162044242,2025-01-05 22:38:44.623831,2025-01-05 22:39:21.816959,0 days 00:00:37.193128,6,10,45.0,5.0,10.0,70.0,15.0,,,,,5,2.0,3.0,4.0,2.0,6.0,,,,,COMPLETE
584,584,0.860344720073094,2025-01-05 22:39:21.817834,2025-01-05 22:39:58.154183,0 days 00:00:36.336349,7,5,40.0,5.0,10.0,70.0,50.0,85.0,,,,5,2.0,4.0,5.0,2.0,6.0,2.0,,,,COMPLETE
585,585,0.8721435680770246,2025-01-05 22:39:58.154834,2025-01-05 22:40:16.650230,0 days 00:00:18.495396,3,10,45.0,5.0,,,,,,,,3,2.0,4.0,,,,,,,,COMPLETE
586,586,0.8389074687570587,2025-01-05 22:40:16.650753,2025-01-05 22:41:02.454013,0 days 00:00:45.803260,7,5,50.0,100.0,5.0,75.0,80.0,85.0,,,,5,2.0,3.0,4.0,2.0,6.0,2.0,,,,COMPLETE
587,587,0.8783711770433592,2025-01-05 22:41:02.454903,2025-01-05 22:41:32.234560,0 days 00:00:29.779657,6,10,45.0,5.0,5.0,100.0,50.0,,,,,6,2.0,3.0,5.0,2.0,6.0,,,,,COMPLETE
588,588,0.8441124772056474,2025-01-05 22:41:32.235195,2025-01-05 22:42:09.635340,0 days 00:00:37.400145,7,10,40.0,30.0,25.0,25.0,55.0,25.0,,,,5,2.0,3.0,4.0,2.0,6.0,2.0,,,,COMPLETE
589,589,0.8408281012685721,2025-01-05 22:42:09.636241,2025-01-05 22:42:45.125461,0 days 00:00:35.489220,7,5,65.0,5.0,5.0,95.0,55.0,60.0,,,,5,2.0,3.0,5.0,2.0,6.0,5.0,,,,COMPLETE
590,590,0.8752264932199214,2025-01-05 22:42:45.126118,2025-01-05 22:43:40.923156,0 days 00:00:55.797038,10,10,50.0,95.0,30.0,90.0,70.0,20.0,65.0,85.0,5.0,5,2.0,3.0,5.0,2.0,6.0,2.0,5.0,4.0,2.0,COMPLETE
591,591,0.8761342270920996,2025-01-05 22:43:40.924154,2025-01-05 22:44:20.445101,0 days 00:00:39.520947,6,10,45.0,10.0,10.0,75.0,20.0,,,,,5,2.0,6.0,5.0,2.0,6.0,,,,,COMPLETE
592,592,0.8358523695692484,2025-01-05 22:44:20.445737,2025-01-05 22:45:06.290442,0 days 00:00:45.844705,7,5,60.0,5.0,5.0,65.0,25.0,85.0,,,,5,2.0,4.0,5.0,2.0,6.0,2.0,,,,COMPLETE
593,593,0.8505514992960408,2025-01-05 22:45:06.291295,2025-01-05 22:45:39.915095,0 days 00:00:33.623800,5,10,90.0,85.0,10.0,75.0,,,,,,3,2.0,3.0,5.0,2.0,,,,,,COMPLETE
594,594,0.8795369383721938,2025-01-05 22:45:39.915737,2025-01-05 22:46:17.713208,0 days 00:00:37.797471,7,15,35.0,80.0,10.0,20.0,50.0,90.0,,,,5,3.0,4.0,5.0,2.0,6.0,2.0,,,,COMPLETE
595,595,0.8660484411690434,2025-01-05 22:46:17.713874,2025-01-05 22:47:18.895955,0 days 00:01:01.182081,7,95,55.0,90.0,5.0,100.0,55.0,80.0,,,,5,2.0,3.0,3.0,2.0,6.0,2.0,,,,COMPLETE
596,596,0.8412116485911006,2025-01-05 22:47:18.896890,2025-01-05 22:48:02.833148,0 days 00:00:43.936258,6,10,50.0,40.0,5.0,90.0,30.0,,,,,3,5.0,3.0,5.0,2.0,6.0,,,,,COMPLETE
597,597,0.8765189594356261,2025-01-05 22:48:02.833972,2025-01-05 22:48:46.391690,0 days 00:00:43.557718,7,15,45.0,35.0,25.0,40.0,45.0,15.0,,,,5,2.0,3.0,4.0,2.0,6.0,2.0,,,,COMPLETE
598,598,0.8516231314532285,2025-01-05 22:48:46.392402,2025-01-05 22:49:28.668298,0 days 00:00:42.275896,6,10,40.0,5.0,10.0,85.0,50.0,,,,,5,2.0,3.0,5.0,2.0,6.0,,,,,COMPLETE
599,599,0.8366530421467504,2025-01-05 22:49:28.669135,2025-01-05 22:50:06.299987,0 days 00:00:37.630852,7,5,45.0,10.0,35.0,70.0,70.0,25.0,,,,5,2.0,4.0,3.0,3.0,6.0,2.0,,,,COMPLETE
600,600,0.8798878372010495,2025-01-05 22:50:06.300714,2025-01-05 22:50:38.832330,0 days 00:00:32.531616,4,15,50.0,100.0,5.0,,,,,,,5,4.0,3.0,5.0,,,,,,,COMPLETE
601,601,0.858244519641482,2025-01-05 22:50:38.832893,2025-01-05 22:51:30.999296,0 days 00:00:52.166403,7,45,45.0,60.0,40.0,95.0,20.0,75.0,,,,5,4.0,3.0,3.0,2.0,6.0,2.0,,,,COMPLETE
602,602,0.8494204999315673,2025-01-05 22:51:31.000232,2025-01-05 22:52:16.530248,0 days 00:00:45.530016,6,10,50.0,95.0,10.0,85.0,50.0,,,,,5,4.0,3.0,5.0,2.0,6.0,,,,,COMPLETE
603,603,0.845479653293411,2025-01-05 22:52:16.530906,2025-01-05 22:52:52.593404,0 days 00:00:36.062498,7,5,45.0,90.0,35.0,90.0,40.0,30.0,,,,5,2.0,3.0,3.0,2.0,6.0,2.0,,,,COMPLETE
604,604,0.8516326724538525,2025-01-05 22:52:52.594247,2025-01-05 22:54:15.101837,0 days 00:01:22.507590,9,15,40.0,80.0,10.0,100.0,75.0,70.0,80.0,50.0,,3,4.0,4.0,4.0,3.0,6.0,2.0,6.0,3.0,,COMPLETE
605,605,0.8508423318246452,2025-01-05 22:54:15.102833,2025-01-05 22:54:53.697690,0 days 00:00:38.594857,7,10,35.0,85.0,5.0,55.0,25.0,35.0,,,,5,2.0,3.0,5.0,2.0,6.0,2.0,,,,COMPLETE
606,606,0.8558649566088163,2025-01-05 22:54:53.698409,2025-01-05 22:55:41.195219,0 days 00:00:47.496810,8,15,50.0,60.0,10.0,65.0,35.0,55.0,50.0,,,5,3.0,3.0,3.0,2.0,6.0,2.0,4.0,,,COMPLETE
607,607,0.8570529734145376,2025-01-05 22:55:41.196087,2025-01-05 22:56:06.207197,0 days 00:00:25.011110,3,15,45.0,30.0,,,,,,,,5,4.0,4.0,,,,,,,,COMPLETE
608,608,0.8484643116486363,2025-01-05 22:56:06.207806,2025-01-05 22:57:01.116819,0 days 00:00:54.909013,6,10,40.0,10.0,5.0,70.0,60.0,,,,,5,4.0,3.0,5.0,6.0,6.0,,,,,COMPLETE
609,609,0.8736212513210002,2025-01-05 22:57:01.117686,2025-01-05 22:57:47.626264,0 days 00:00:46.508578,7,10,55.0,100.0,40.0,80.0,85.0,95.0,,,,5,6.0,3.0,5.0,2.0,6.0,2.0,,,,COMPLETE
610,610,0.8576319439358788,2025-01-05 22:57:47.627008,2025-01-05 22:58:26.463887,0 days 00:00:38.836879,7,5,45.0,5.0,30.0,75.0,40.0,30.0,,,,3,2.0,3.0,3.0,2.0,6.0,2.0,,,,COMPLETE
611,611,0.8726626351702252,2025-01-05 22:58:26.464493,2025-01-05 22:58:45.826792,0 days 00:00:19.362299,2,15,50.0,,,,,,,,,5,4.0,,,,,,,,,COMPLETE
612,612,0.8356823833180204,2025-01-05 22:58:45.827483,2025-01-05 22:59:22.329150,0 days 00:00:36.501667,7,10,20.0,85.0,10.0,100.0,55.0,25.0,,,,5,4.0,4.0,5.0,2.0,6.0,2.0,,,,COMPLETE
613,613,0.8538072708677177,2025-01-05 22:59:22.329888,2025-01-05 23:00:42.393591,0 days 00:01:20.063703,8,50,45.0,95.0,60.0,95.0,50.0,60.0,70.0,,,5,2.0,3.0,3.0,6.0,6.0,2.0,5.0,,,COMPLETE
614,614,0.8618809550309678,2025-01-05 23:00:42.394587,2025-01-05 23:01:37.064177,0 days 00:00:54.669590,6,70,40.0,80.0,15.0,80.0,45.0,,,,,5,4.0,3.0,5.0,3.0,6.0,,,,,COMPLETE
615,615,0.8452217686971946,2025-01-05 23:01:37.065039,2025-01-05 23:02:17.901902,0 days 00:00:40.836863,7,10,50.0,5.0,5.0,10.0,55.0,30.0,,,,5,5.0,5.0,3.0,2.0,6.0,2.0,,,,COMPLETE
616,616,0.8469359402672647,2025-01-05 23:02:17.902659,2025-01-05 23:03:06.251452,0 days 00:00:48.348793,9,5,35.0,90.0,5.0,75.0,35.0,80.0,10.0,10.0,,3,4.0,4.0,5.0,2.0,6.0,2.0,4.0,6.0,,COMPLETE
617,617,0.8092539957159335,2025-01-05 23:03:06.252162,2025-01-05 23:03:29.771308,0 days 00:00:23.519146,4,15,55.0,100.0,10.0,,,,,,,5,3.0,3.0,3.0,,,,,,,COMPLETE
618,618,0.8538526327952467,2025-01-05 23:03:29.772055,2025-01-05 23:04:45.899023,0 days 00:01:16.126968,8,10,70.0,10.0,45.0,85.0,90.0,35.0,100.0,,,5,4.0,3.0,5.0,6.0,6.0,2.0,2.0,,,COMPLETE
619,619,0.8432748756522085,2025-01-05 23:04:45.900006,2025-01-05 23:05:22.757618,0 days 00:00:36.857612,7,10,5.0,80.0,35.0,95.0,30.0,95.0,,,,5,2.0,5.0,3.0,2.0,6.0,2.0,,,,COMPLETE
620,620,0.8536177337631632,2025-01-05 23:05:22.758353,2025-01-05 23:06:13.092565,0 days 00:00:50.334212,6,15,45.0,85.0,25.0,70.0,80.0,,,,,5,4.0,3.0,5.0,3.0,6.0,,,,,COMPLETE
621,621,0.8777399543066746,2025-01-05 23:06:13.093221,2025-01-05 23:06:51.248436,0 days 00:00:38.155215,7,10,10.0,95.0,15.0,90.0,10.0,85.0,,,,5,2.0,6.0,3.0,2.0,6.0,2.0,,,,COMPLETE
622,622,0.8685638968250053,2025-01-05 23:06:51.249381,2025-01-05 23:07:27.244042,0 days 00:00:35.994661,6,5,50.0,5.0,5.0,65.0,50.0,,,,,5,4.0,3.0,5.0,4.0,6.0,,,,,COMPLETE
623,623,0.855895674956234,2025-01-05 23:07:27.244686,2025-01-05 23:07:50.157753,0 days 00:00:22.913067,5,15,20.0,25.0,20.0,100.0,,,,,,5,4.0,4.0,3.0,2.0,,,,,,COMPLETE
624,624,0.8663628910107783,2025-01-05 23:07:50.158523,2025-01-05 23:08:37.729536,0 days 00:00:47.571013,7,10,45.0,10.0,30.0,70.0,40.0,20.0,,,,5,2.0,5.0,5.0,6.0,6.0,2.0,,,,COMPLETE
625,625,0.8708023102119602,2025-01-05 23:08:37.730308,2025-01-05 23:09:23.443803,0 days 00:00:45.713495,7,15,45.0,90.0,5.0,25.0,45.0,65.0,,,,5,4.0,3.0,3.0,2.0,6.0,2.0,,,,COMPLETE
626,626,0.8507456212180895,2025-01-05 23:09:23.444725,2025-01-05 23:10:14.839534,0 days 00:00:51.394809,6,10,50.0,95.0,10.0,30.0,20.0,,,,,3,4.0,5.0,5.0,3.0,6.0,,,,,COMPLETE
627,627,0.8428434911007366,2025-01-05 23:10:14.840212,2025-01-05 23:11:02.604883,0 days 00:00:47.764671,8,5,40.0,80.0,20.0,35.0,50.0,90.0,80.0,,,5,2.0,3.0,3.0,4.0,6.0,2.0,4.0,,,COMPLETE
628,628,0.8643587457361659,2025-01-05 23:11:02.605852,2025-01-05 23:11:43.241920,0 days 00:00:40.636068,7,15,20.0,100.0,10.0,75.0,85.0,25.0,,,,5,4.0,3.0,5.0,2.0,6.0,2.0,,,,COMPLETE
629,629,0.8688633795461554,2025-01-05 23:11:43.242566,2025-01-05 23:12:48.699738,0 days 00:01:05.457172,7,10,35.0,10.0,50.0,85.0,30.0,100.0,,,,3,4.0,4.0,4.0,6.0,6.0,5.0,,,,COMPLETE
630,630,0.8747983617707432,2025-01-05 23:12:48.700740,2025-01-05 23:13:37.781286,0 days 00:00:49.080546,8,10,45.0,5.0,25.0,20.0,15.0,95.0,100.0,,,5,2.0,3.0,5.0,2.0,6.0,2.0,5.0,,,COMPLETE
631,631,0.8576775167701909,2025-01-05 23:13:37.781964,2025-01-05 23:14:16.124782,0 days 00:00:38.342818,7,15,10.0,100.0,15.0,90.0,25.0,35.0,,,,5,4.0,3.0,3.0,2.0,6.0,2.0,,,,COMPLETE
632,632,0.8261711289551628,2025-01-05 23:14:16.125707,2025-01-05 23:15:14.903340,0 days 00:00:58.777633,10,5,50.0,75.0,5.0,100.0,35.0,40.0,95.0,100.0,15.0,5,3.0,3.0,5.0,2.0,6.0,2.0,2.0,4.0,2.0,COMPLETE
633,633,0.8389171873343279,2025-01-05 23:15:14.904082,2025-01-05 23:16:15.775770,0 days 00:01:00.871688,6,20,60.0,85.0,40.0,80.0,55.0,,,,,5,4.0,3.0,3.0,6.0,6.0,,,,,COMPLETE
634,634,0.8407695842034364,2025-01-05 23:16:15.776728,2025-01-05 23:16:46.149253,0 days 00:00:30.372525,5,10,45.0,80.0,10.0,75.0,,,,,,5,2.0,5.0,5.0,2.0,,,,,,COMPLETE
635,635,0.842959008495339,2025-01-05 23:16:46.149869,2025-01-05 23:17:35.642801,0 days 00:00:49.492932,7,15,40.0,90.0,15.0,65.0,40.0,30.0,,,,5,4.0,4.0,3.0,2.0,6.0,2.0,,,,COMPLETE
636,636,0.8576539501704202,2025-01-05 23:17:35.643735,2025-01-05 23:18:04.878756,0 days 00:00:29.235021,4,10,50.0,95.0,35.0,,,,,,,3,2.0,3.0,5.0,,,,,,,COMPLETE
637,637,0.8223573257561159,2025-01-05 23:18:04.879305,2025-01-05 23:18:40.126722,0 days 00:00:35.247417,7,5,55.0,75.0,5.0,15.0,60.0,90.0,,,,5,4.0,3.0,4.0,3.0,6.0,2.0,,,,COMPLETE
638,638,0.8449866098558021,2025-01-05 23:18:40.127570,2025-01-05 23:19:24.775394,0 days 00:00:44.647824,8,15,20.0,5.0,10.0,70.0,45.0,15.0,85.0,,,5,4.0,5.0,5.0,6.0,6.0,2.0,4.0,,,COMPLETE
639,639,0.8553487763421586,2025-01-05 23:19:24.776219,2025-01-05 23:19:54.911129,0 days 00:00:30.134910,6,10,5.0,85.0,5.0,95.0,50.0,,,,,6,2.0,4.0,3.0,2.0,5.0,,,,,COMPLETE
640,640,0.8587609542135772,2025-01-05 23:19:54.911726,2025-01-05 23:20:26.629708,0 days 00:00:31.717982,7,10,15.0,65.0,15.0,100.0,45.0,100.0,,,,5,4.0,3.0,3.0,3.0,6.0,2.0,,,,COMPLETE
641,641,0.8523646784500098,2025-01-05 23:20:26.630674,2025-01-05 23:21:15.015087,0 days 00:00:48.384413,7,20,80.0,100.0,45.0,75.0,25.0,50.0,,,,5,2.0,3.0,5.0,2.0,6.0,2.0,,,,COMPLETE
642,642,0.8616920673208706,2025-01-05 23:21:15.015750,2025-01-05 23:22:13.177069,0 days 00:00:58.161319,6,5,45.0,80.0,55.0,85.0,90.0,,,,,5,3.0,3.0,2.0,4.0,6.0,,,,,COMPLETE
643,643,0.8306666304292218,2025-01-05 23:22:13.177863,2025-01-05 23:23:04.827074,0 days 00:00:51.649211,7,15,40.0,10.0,10.0,80.0,50.0,25.0,,,,2,4.0,5.0,2.0,6.0,6.0,2.0,,,,COMPLETE
644,644,0.8805738177575888,2025-01-05 23:23:04.827925,2025-01-05 23:23:43.267726,0 days 00:00:38.439801,7,10,15.0,90.0,20.0,95.0,40.0,40.0,,,,5,4.0,3.0,5.0,2.0,6.0,3.0,,,,COMPLETE
645,645,0.8485214439011333,2025-01-05 23:23:43.268377,2025-01-05 23:24:24.829436,0 days 00:00:41.561059,7,15,45.0,5.0,5.0,90.0,85.0,95.0,,,,5,2.0,3.0,3.0,2.0,6.0,2.0,,,,COMPLETE
646,646,0.877946308195015,2025-01-05 23:24:24.830180,2025-01-05 23:25:18.775918,0 days 00:00:53.945738,8,10,35.0,95.0,30.0,40.0,20.0,55.0,90.0,,,5,4.0,5.0,3.0,2.0,6.0,2.0,6.0,,,COMPLETE
647,647,0.8480650182705862,2025-01-05 23:25:18.776729,2025-01-05 23:26:11.183282,0 days 00:00:52.406553,6,15,50.0,25.0,15.0,70.0,35.0,,,,,3,4.0,4.0,5.0,6.0,6.0,,,,,COMPLETE
648,648,0.8702512601162878,2025-01-05 23:26:11.184124,2025-01-05 23:26:58.469235,0 days 00:00:47.285111,9,5,10.0,30.0,10.0,60.0,55.0,35.0,75.0,45.0,,5,5.0,3.0,2.0,2.0,6.0,2.0,4.0,3.0,,COMPLETE
649,649,0.8433426732870712,2025-01-05 23:26:58.469954,2025-01-05 23:27:51.348603,0 days 00:00:52.878649,7,20,50.0,10.0,5.0,85.0,30.0,20.0,,,,5,4.0,5.0,5.0,2.0,6.0,3.0,,,,COMPLETE
650,650,0.8736055589345822,2025-01-05 23:27:51.349471,2025-01-05 23:28:16.892405,0 days 00:00:25.542934,4,10,40.0,80.0,40.0,,,,,,,5,2.0,3.0,3.0,,,,,,,COMPLETE
651,651,0.8661501529469382,2025-01-05 23:28:16.892961,2025-01-05 23:29:15.636226,0 days 00:00:58.743265,8,10,45.0,100.0,10.0,100.0,45.0,90.0,95.0,,,5,2.0,5.0,5.0,2.0,6.0,2.0,2.0,,,COMPLETE
652,652,0.8586580427353361,2025-01-05 23:29:15.637083,2025-01-05 23:30:21.234594,0 days 00:01:05.597511,7,15,45.0,85.0,20.0,75.0,50.0,95.0,,,,5,4.0,4.0,2.0,6.0,6.0,3.0,,,,COMPLETE
653,653,0.8358054467287046,2025-01-05 23:30:21.235407,2025-01-05 23:31:02.008829,0 days 00:00:40.773422,6,10,20.0,5.0,25.0,80.0,50.0,,,,,5,4.0,3.0,3.0,2.0,6.0,,,,,COMPLETE
654,654,0.8492513089443452,2025-01-05 23:31:02.009536,2025-01-05 23:31:40.019821,0 days 00:00:38.010285,7,5,5.0,90.0,5.0,70.0,65.0,100.0,,,,5,2.0,4.0,2.0,2.0,6.0,2.0,,,,COMPLETE
655,655,0.8300794963608187,2025-01-05 23:31:40.020562,2025-01-05 23:32:40.979958,0 days 00:01:00.959396,7,40,55.0,80.0,15.0,95.0,75.0,40.0,,,,5,4.0,3.0,5.0,3.0,6.0,2.0,,,,COMPLETE
656,656,0.8578849473702592,2025-01-05 23:32:40.980705,2025-01-05 23:33:19.310819,0 days 00:00:38.330114,6,15,50.0,10.0,10.0,90.0,90.0,,,,,5,4.0,3.0,2.0,2.0,6.0,,,,,COMPLETE
657,657,0.8863263787374773,2025-01-05 23:33:19.311545,2025-01-05 23:33:32.784996,0 days 00:00:13.473451,2,10,45.0,,,,,,,,,3,6.0,,,,,,,,,COMPLETE
658,658,0.8478952632057459,2025-01-05 23:33:32.785585,2025-01-05 23:34:03.218845,0 days 00:00:30.433260,3,35,40.0,90.0,,,,,,,,3,6.0,4.0,,,,,,,,COMPLETE
659,659,0.8162232002056091,2025-01-05 23:34:03.219386,2025-01-05 23:34:12.233683,0 days 00:00:09.014297,1,20,,,,,,,,,,3,,,,,,,,,,COMPLETE
660,660,0.8626272410639084,2025-01-05 23:34:12.234103,2025-01-05 23:34:41.367268,0 days 00:00:29.133165,3,15,45.0,75.0,,,,,,,,3,5.0,5.0,,,,,,,,COMPLETE
661,661,0.8337653018688407,2025-01-05 23:34:41.367862,2025-01-05 23:35:12.151725,0 days 00:00:30.783863,3,10,45.0,75.0,,,,,,,,3,6.0,6.0,,,,,,,,COMPLETE
662,662,0.8569102779629096,2025-01-05 23:35:12.152331,2025-01-05 23:35:58.733773,0 days 00:00:46.581442,5,10,45.0,85.0,20.0,90.0,,,,,,3,6.0,5.0,5.0,4.0,,,,,,COMPLETE
663,663,0.8347229306656199,2025-01-05 23:35:58.734324,2025-01-05 23:36:07.757904,0 days 00:00:09.023580,1,15,,,,,,,,,,3,,,,,,,,,,COMPLETE
664,664,0.7711216670091559,2025-01-05 23:36:07.758431,2025-01-05 23:36:25.099646,0 days 00:00:17.341215,2,5,40.0,,,,,,,,,3,5.0,,,,,,,,,COMPLETE
665,665,0.8546438777339413,2025-01-05 23:36:25.100202,2025-01-05 23:37:27.501255,0 days 00:01:02.401053,8,15,10.0,35.0,25.0,100.0,15.0,30.0,100.0,,,3,5.0,4.0,2.0,6.0,5.0,2.0,5.0,,,COMPLETE
666,666,0.8758853141166305,2025-01-05 23:37:27.501975,2025-01-05 23:37:48.515115,0 days 00:00:21.013140,3,5,45.0,15.0,,,,,,,,3,6.0,4.0,,,,,,,,COMPLETE
667,667,0.8545323075353892,2025-01-05 23:37:48.515741,2025-01-05 23:38:30.320703,0 days 00:00:41.804962,5,10,40.0,5.0,70.0,95.0,,,,,,3,5.0,5.0,5.0,3.0,,,,,,COMPLETE
668,668,0.845333147890675,2025-01-05 23:38:30.321396,2025-01-05 23:39:23.099359,0 days 00:00:52.777963,7,10,40.0,80.0,10.0,90.0,35.0,35.0,,,,3,6.0,5.0,4.0,6.0,6.0,2.0,,,,COMPLETE
669,669,0.8698745836448916,2025-01-05 23:39:23.100191,2025-01-05 23:40:09.463235,0 days 00:00:46.363044,7,20,45.0,10.0,15.0,20.0,90.0,25.0,,,,3,3.0,4.0,2.0,4.0,6.0,2.0,,,,COMPLETE
670,670,0.8425656178918255,2025-01-05 23:40:09.464002,2025-01-05 23:40:25.316896,0 days 00:00:15.852894,2,15,45.0,,,,,,,,,3,6.0,,,,,,,,,COMPLETE
671,671,0.7008547177846667,2025-01-05 23:40:25.317389,2025-01-05 23:40:42.633753,0 days 00:00:17.316364,2,10,20.0,,,,,,,,,3,5.0,,,,,,,,,COMPLETE
672,672,0.7974754513285218,2025-01-05 23:40:42.634239,2025-01-05 23:40:56.420098,0 days 00:00:13.785859,2,15,15.0,,,,,,,,,3,3.0,,,,,,,,,COMPLETE
673,673,0.8443895337565608,2025-01-05 23:40:56.420695,2025-01-05 23:41:44.225987,0 days 00:00:47.805292,8,5,35.0,15.0,30.0,65.0,25.0,65.0,55.0,,,2,6.0,5.0,5.0,6.0,6.0,2.0,4.0,,,COMPLETE
674,674,0.8584970945770267,2025-01-05 23:41:44.226815,2025-01-05 23:42:22.583735,0 days 00:00:38.356920,7,10,40.0,5.0,5.0,15.0,20.0,50.0,,,,3,6.0,3.0,2.0,3.0,6.0,2.0,,,,COMPLETE
675,675,0.8796258052861728,2025-01-05 23:42:22.584384,2025-01-05 23:42:39.266122,0 days 00:00:16.681738,2,10,45.0,,,,,,,,,5,5.0,,,,,,,,,COMPLETE
676,676,0.8502402921895169,2025-01-05 23:42:39.266814,2025-01-05 23:44:00.848585,0 days 00:01:21.581771,9,15,5.0,85.0,15.0,85.0,40.0,40.0,85.0,35.0,,3,5.0,4.0,5.0,5.0,6.0,3.0,6.0,5.0,,COMPLETE
677,677,0.8485838601918594,2025-01-05 23:44:00.849486,2025-01-05 23:44:17.660079,0 days 00:00:16.810593,1,90,,,,,,,,,,5,,,,,,,,,,COMPLETE
678,678,0.8618316125469618,2025-01-05 23:44:17.660637,2025-01-05 23:45:27.145912,0 days 00:01:09.485275,8,60,35.0,75.0,10.0,100.0,30.0,100.0,20.0,,,5,3.0,3.0,4.0,6.0,6.0,2.0,3.0,,,COMPLETE
679,679,0.8188264810214916,2025-01-05 23:45:27.146727,2025-01-05 23:46:06.426870,0 days 00:00:39.280143,7,5,45.0,40.0,20.0,95.0,80.0,80.0,,,,5,3.0,5.0,5.0,5.0,6.0,2.0,,,,COMPLETE
680,680,0.8622799446654081,2025-01-05 23:46:06.427627,2025-01-05 23:46:51.330681,0 days 00:00:44.903054,7,15,15.0,70.0,5.0,10.0,35.0,95.0,,,,5,4.0,3.0,2.0,6.0,6.0,2.0,,,,COMPLETE
681,681,0.8375152725385808,2025-01-05 23:46:51.331500,2025-01-05 23:47:01.604868,0 days 00:00:10.273368,1,10,,,,,,,,,,4,,,,,,,,,,COMPLETE
682,682,0.87201665231048,2025-01-05 23:47:01.605320,2025-01-05 23:48:01.006498,0 days 00:00:59.401178,8,10,40.0,10.0,75.0,85.0,40.0,30.0,85.0,,,5,3.0,4.0,5.0,5.0,6.0,2.0,2.0,,,COMPLETE
683,683,0.880996470378552,2025-01-05 23:48:01.007292,2025-01-05 23:48:44.442983,0 days 00:00:43.435691,7,15,45.0,5.0,15.0,100.0,45.0,95.0,,,,6,4.0,3.0,2.0,5.0,6.0,3.0,,,,COMPLETE
684,684,0.8364584381551192,2025-01-05 23:48:44.443755,2025-01-05 23:49:44.167139,0 days 00:00:59.723384,7,10,10.0,80.0,10.0,95.0,90.0,30.0,,,,3,5.0,5.0,5.0,3.0,6.0,2.0,,,,COMPLETE
685,685,0.8361060734681278,2025-01-05 23:49:44.167903,2025-01-05 23:50:42.469151,0 days 00:00:58.301248,10,10,40.0,25.0,5.0,60.0,30.0,25.0,70.0,90.0,25.0,5,4.0,3.0,2.0,6.0,6.0,2.0,3.0,4.0,2.0,COMPLETE
686,686,0.8136770776066061,2025-01-05 23:50:42.470113,2025-01-05 23:51:34.438397,0 days 00:00:51.968284,7,15,75.0,85.0,15.0,90.0,40.0,100.0,,,,5,4.0,4.0,5.0,3.0,6.0,2.0,,,,COMPLETE
687,687,0.8429602229282509,2025-01-05 23:51:34.439163,2025-01-05 23:52:11.034851,0 days 00:00:36.595688,5,5,45.0,75.0,5.0,65.0,,,,,,5,4.0,3.0,2.0,5.0,,,,,,COMPLETE
688,688,0.866773390481293,2025-01-05 23:52:11.035516,2025-01-05 23:53:11.276424,0 days 00:01:00.240908,7,20,15.0,90.0,10.0,30.0,75.0,35.0,,,,5,4.0,3.0,4.0,6.0,6.0,5.0,,,,COMPLETE
689,689,0.8810472500236266,2025-01-05 23:53:11.277328,2025-01-05 23:54:01.657572,0 days 00:00:50.380244,7,10,20.0,85.0,10.0,100.0,25.0,20.0,,,,3,5.0,5.0,5.0,2.0,6.0,2.0,,,,COMPLETE
690,690,0.879063746831507,2025-01-05 23:54:01.658265,2025-01-05 23:54:22.571796,0 days 00:00:20.913531,3,15,50.0,65.0,,,,,,,,5,6.0,3.0,,,,,,,,COMPLETE
691,691,0.8442341552586594,2025-01-05 23:54:22.572420,2025-01-05 23:55:32.867163,0 days 00:01:10.294743,8,5,65.0,80.0,5.0,80.0,85.0,40.0,90.0,,,5,4.0,3.0,5.0,5.0,6.0,2.0,4.0,,,COMPLETE
692,692,0.8815218465027599,2025-01-05 23:55:32.868099,2025-01-05 23:56:20.594904,0 days 00:00:47.726805,7,10,45.0,15.0,25.0,95.0,20.0,95.0,,,,5,4.0,5.0,2.0,2.0,6.0,2.0,,,,COMPLETE
693,693,0.8658536018851117,2025-01-05 23:56:20.595676,2025-01-05 23:57:00.628311,0 days 00:00:40.032635,8,20,5.0,10.0,15.0,85.0,70.0,90.0,100.0,,,5,3.0,4.0,2.0,2.0,5.0,2.0,3.0,,,COMPLETE
694,694,0.8691208121666746,2025-01-05 23:57:00.628982,2025-01-05 23:57:52.299443,0 days 00:00:51.670461,7,15,40.0,5.0,65.0,10.0,60.0,35.0,,,,3,4.0,3.0,5.0,4.0,6.0,3.0,,,,COMPLETE
695,695,0.8444568991237975,2025-01-05 23:57:52.300327,2025-01-05 23:58:42.517413,0 days 00:00:50.217086,7,10,45.0,80.0,30.0,100.0,45.0,25.0,,,,5,4.0,3.0,5.0,5.0,6.0,2.0,,,,COMPLETE
696,696,0.7681402605311075,2025-01-05 23:58:42.518203,2025-01-05 23:58:54.591202,0 days 00:00:12.072999,1,5,,,,,,,,,,5,,,,,,,,,,COMPLETE
697,697,0.8502040103296369,2025-01-05 23:58:54.591760,2025-01-05 23:59:12.544902,0 days 00:00:17.953142,2,15,50.0,,,,,,,,,5,4.0,,,,,,,,,COMPLETE
698,698,0.8872183152707861,2025-01-05 23:59:12.545391,2025-01-06 00:00:06.438770,0 days 00:00:53.893379,8,10,10.0,10.0,5.0,25.0,90.0,70.0,65.0,,,3,4.0,3.0,2.0,2.0,6.0,2.0,5.0,,,COMPLETE
699,699,0.8535556253443151,2025-01-06 00:00:06.439566,2025-01-06 00:00:54.783491,0 days 00:00:48.343925,8,5,10.0,10.0,20.0,25.0,90.0,70.0,65.0,,,3,4.0,3.0,2.0,3.0,6.0,2.0,5.0,,,COMPLETE
700,700,0.838754415756843,2025-01-06 00:00:54.784266,2025-01-06 00:01:58.552540,0 days 00:01:03.768274,8,55,10.0,10.0,10.0,35.0,90.0,70.0,70.0,,,3,4.0,3.0,2.0,6.0,6.0,2.0,5.0,,,COMPLETE
701,701,0.8655611647119624,2025-01-06 00:01:58.553341,2025-01-06 00:02:51.366008,0 days 00:00:52.812667,8,10,10.0,10.0,20.0,25.0,90.0,75.0,55.0,,,3,4.0,3.0,2.0,2.0,6.0,2.0,5.0,,,COMPLETE
702,702,0.8801596279537456,2025-01-06 00:02:51.366768,2025-01-06 00:03:49.563869,0 days 00:00:58.197101,8,10,10.0,5.0,5.0,20.0,85.0,80.0,60.0,,,3,4.0,3.0,2.0,6.0,6.0,2.0,5.0,,,COMPLETE
703,703,0.8782224355583457,2025-01-06 00:03:49.564763,2025-01-06 00:04:47.838462,0 days 00:00:58.273699,8,5,10.0,10.0,30.0,30.0,90.0,85.0,75.0,,,3,4.0,3.0,2.0,4.0,6.0,2.0,5.0,,,COMPLETE
704,704,0.8619895110860996,2025-01-06 00:04:47.839244,2025-01-06 00:05:38.647378,0 days 00:00:50.808134,8,10,5.0,10.0,10.0,25.0,95.0,85.0,65.0,,,3,4.0,3.0,2.0,2.0,6.0,2.0,6.0,,,COMPLETE
705,705,0.8848764719464327,2025-01-06 00:05:38.648161,2025-01-06 00:06:36.825225,0 days 00:00:58.177064,8,10,5.0,95.0,15.0,25.0,90.0,75.0,80.0,,,3,4.0,3.0,2.0,2.0,6.0,2.0,5.0,,,COMPLETE
706,706,0.8313051681484629,2025-01-06 00:06:36.826071,2025-01-06 00:07:33.240857,0 days 00:00:56.414786,8,5,15.0,95.0,15.0,25.0,35.0,70.0,80.0,,,3,4.0,3.0,2.0,5.0,6.0,2.0,5.0,,,COMPLETE
707,707,0.8823951872641128,2025-01-06 00:07:33.241629,2025-01-06 00:08:36.689497,0 days 00:01:03.447868,8,10,15.0,95.0,15.0,30.0,90.0,75.0,80.0,,,3,4.0,3.0,2.0,2.0,6.0,2.0,5.0,,,COMPLETE
708,708,0.8631152611185758,2025-01-06 00:08:36.690270,2025-01-06 00:09:41.386343,0 days 00:01:04.696073,8,10,10.0,95.0,10.0,20.0,95.0,85.0,90.0,,,3,4.0,3.0,2.0,2.0,6.0,2.0,5.0,,,COMPLETE
709,709,0.8518246454449977,2025-01-06 00:09:41.387190,2025-01-06 00:10:29.781742,0 days 00:00:48.394552,8,5,5.0,5.0,15.0,25.0,25.0,70.0,95.0,,,3,4.0,3.0,2.0,6.0,6.0,2.0,5.0,,,COMPLETE
710,710,0.8727586101531839,2025-01-06 00:10:29.782465,2025-01-06 00:11:26.908179,0 days 00:00:57.125714,8,10,15.0,95.0,10.0,30.0,40.0,75.0,85.0,,,3,4.0,3.0,2.0,5.0,6.0,2.0,5.0,,,COMPLETE
711,711,0.8793893510704209,2025-01-06 00:11:26.909068,2025-01-06 00:12:20.391123,0 days 00:00:53.482055,9,10,10.0,45.0,15.0,20.0,85.0,80.0,75.0,30.0,,3,4.0,3.0,2.0,2.0,6.0,2.0,5.0,3.0,,COMPLETE
712,712,0.8848754575513038,2025-01-06 00:12:20.391906,2025-01-06 00:13:16.590140,0 days 00:00:56.198234,8,10,20.0,5.0,5.0,100.0,30.0,65.0,90.0,,,3,4.0,3.0,2.0,3.0,6.0,2.0,6.0,,,COMPLETE
713,713,0.8187707021087763,2025-01-06 00:13:16.590911,2025-01-06 00:14:07.580426,0 days 00:00:50.989515,8,5,20.0,5.0,5.0,100.0,30.0,70.0,90.0,,,3,4.0,3.0,2.0,3.0,6.0,2.0,6.0,,,COMPLETE
714,714,0.8596711631149043,2025-01-06 00:14:07.581212,2025-01-06 00:14:56.589601,0 days 00:00:49.008389,8,10,15.0,5.0,5.0,100.0,30.0,75.0,95.0,,,3,4.0,3.0,2.0,3.0,6.0,2.0,6.0,,,COMPLETE
715,715,0.878480085686812,2025-01-06 00:14:56.590373,2025-01-06 00:15:52.132631,0 days 00:00:55.542258,8,5,20.0,5.0,5.0,100.0,25.0,65.0,90.0,,,3,4.0,3.0,2.0,3.0,6.0,2.0,6.0,,,COMPLETE
716,716,0.864966976182288,2025-01-06 00:15:52.133515,2025-01-06 00:16:58.839701,0 days 00:01:06.706186,8,10,20.0,5.0,5.0,100.0,30.0,70.0,85.0,,,3,4.0,3.0,2.0,3.0,6.0,6.0,6.0,,,COMPLETE
717,717,0.8530418297405391,2025-01-06 00:16:58.840518,2025-01-06 00:17:55.078602,0 days 00:00:56.238084,8,10,20.0,10.0,5.0,100.0,25.0,75.0,80.0,,,3,4.0,3.0,2.0,3.0,6.0,2.0,6.0,,,COMPLETE
718,718,0.8612612480658501,2025-01-06 00:17:55.079377,2025-01-06 00:18:52.398181,0 days 00:00:57.318804,8,5,20.0,5.0,5.0,100.0,30.0,75.0,95.0,,,3,4.0,3.0,2.0,3.0,6.0,2.0,6.0,,,COMPLETE
719,719,0.8829956456715411,2025-01-06 00:18:52.399057,2025-01-06 00:19:48.877232,0 days 00:00:56.478175,8,10,15.0,10.0,5.0,95.0,30.0,70.0,90.0,,,3,4.0,3.0,2.0,3.0,6.0,2.0,6.0,,,COMPLETE
720,720,0.8777830815915988,2025-01-06 00:19:48.877938,2025-01-06 00:20:43.558074,0 days 00:00:54.680136,8,10,20.0,5.0,5.0,100.0,35.0,75.0,85.0,,,3,4.0,3.0,2.0,3.0,6.0,2.0,5.0,,,COMPLETE
721,721,0.8740573476315019,2025-01-06 00:20:43.558956,2025-01-06 00:21:38.147220,0 days 00:00:54.588264,8,5,20.0,10.0,5.0,95.0,20.0,75.0,95.0,,,3,4.0,3.0,2.0,3.0,6.0,2.0,6.0,,,COMPLETE
722,722,0.890650082511315,2025-01-06 00:21:38.148020,2025-01-06 00:22:37.068313,0 days 00:00:58.920293,9,10,10.0,5.0,5.0,20.0,25.0,65.0,80.0,5.0,,3,4.0,3.0,2.0,3.0,6.0,2.0,5.0,5.0,,COMPLETE
723,723,0.8416197492913666,2025-01-06 00:22:37.069125,2025-01-06 00:23:35.322022,0 days 00:00:58.252897,9,5,10.0,5.0,5.0,25.0,25.0,65.0,80.0,10.0,,3,4.0,3.0,2.0,3.0,6.0,2.0,5.0,5.0,,COMPLETE
724,724,0.8844768986479201,2025-01-06 00:23:35.322884,2025-01-06 00:24:20.644570,0 days 00:00:45.321686,10,10,10.0,5.0,5.0,100.0,20.0,60.0,75.0,5.0,40.0,3,4.0,3.0,2.0,3.0,6.0,2.0,5.0,5.0,3.0,COMPLETE
725,725,0.8538463433865563,2025-01-06 00:24:20.645314,2025-01-06 00:25:11.330801,0 days 00:00:50.685487,9,10,10.0,5.0,5.0,100.0,15.0,60.0,75.0,5.0,,3,4.0,3.0,2.0,3.0,6.0,2.0,5.0,5.0,,COMPLETE
726,726,0.8898286003844869,2025-01-06 00:25:11.331739,2025-01-06 00:26:12.266041,0 days 00:01:00.934302,10,10,10.0,5.0,35.0,100.0,20.0,65.0,80.0,20.0,40.0,3,4.0,3.0,2.0,3.0,6.0,2.0,5.0,5.0,3.0,COMPLETE
727,727,0.8337950961744947,2025-01-06 00:26:12.266998,2025-01-06 00:27:16.994112,0 days 00:01:04.727114,10,5,10.0,5.0,35.0,100.0,20.0,65.0,80.0,5.0,40.0,3,4.0,3.0,2.0,3.0,5.0,2.0,5.0,5.0,3.0,COMPLETE
728,728,0.8857458475256815,2025-01-06 00:27:16.994869,2025-01-06 00:28:09.531949,0 days 00:00:52.537080,10,10,10.0,5.0,35.0,100.0,20.0,65.0,70.0,20.0,45.0,3,4.0,3.0,2.0,3.0,6.0,2.0,5.0,6.0,3.0,COMPLETE
729,729,0.8393341584467864,2025-01-06 00:28:09.532913,2025-01-06 00:28:41.209903,0 days 00:00:31.676990,10,5,5.0,5.0,35.0,100.0,20.0,65.0,70.0,20.0,45.0,3,4.0,3.0,2.0,3.0,6.0,2.0,5.0,6.0,2.0,COMPLETE
730,730,0.8600584684836974,2025-01-06 00:28:41.210634,2025-01-06 00:29:50.653514,0 days 00:01:09.442880,10,80,10.0,5.0,35.0,100.0,15.0,65.0,70.0,10.0,30.0,3,4.0,3.0,2.0,3.0,6.0,2.0,5.0,6.0,3.0,COMPLETE
731,731,0.7981714474943906,2025-01-06 00:29:50.654528,2025-01-06 00:30:39.730587,0 days 00:00:49.076059,10,10,10.0,5.0,35.0,100.0,20.0,65.0,65.0,25.0,35.0,3,4.0,3.0,2.0,3.0,6.0,2.0,5.0,6.0,3.0,COMPLETE
732,732,0.8346402458236293,2025-01-06 00:30:39.731590,2025-01-06 00:31:44.663194,0 days 00:01:04.931604,10,10,10.0,5.0,30.0,100.0,20.0,60.0,80.0,20.0,15.0,3,4.0,3.0,2.0,3.0,6.0,2.0,5.0,6.0,2.0,COMPLETE
733,733,0.8080706042484674,2025-01-06 00:31:44.664043,2025-01-06 00:32:55.093491,0 days 00:01:10.429448,10,10,10.0,5.0,35.0,95.0,20.0,65.0,75.0,15.0,45.0,3,4.0,3.0,2.0,3.0,6.0,4.0,5.0,5.0,3.0,COMPLETE
734,734,0.8339102905402008,2025-01-06 00:32:55.094282,2025-01-06 00:33:52.053003,0 days 00:00:56.958721,10,5,5.0,5.0,35.0,95.0,15.0,65.0,85.0,25.0,35.0,3,4.0,3.0,2.0,3.0,6.0,2.0,5.0,6.0,2.0,COMPLETE
735,735,0.8503483447440704,2025-01-06 00:33:52.053910,2025-01-06 00:34:59.728950,0 days 00:01:07.675040,10,10,10.0,5.0,35.0,100.0,25.0,65.0,85.0,10.0,55.0,3,4.0,3.0,2.0,3.0,6.0,2.0,5.0,5.0,3.0,COMPLETE
736,736,0.8640501687671499,2025-01-06 00:34:59.729950,2025-01-06 00:35:29.562487,0 days 00:00:29.832537,10,10,5.0,5.0,35.0,100.0,15.0,60.0,75.0,35.0,25.0,3,4.0,3.0,2.0,3.0,6.0,2.0,5.0,5.0,3.0,COMPLETE
737,737,0.8274488142386545,2025-01-06 00:35:29.563272,2025-01-06 00:36:33.982345,0 days 00:01:04.419073,10,5,15.0,5.0,30.0,95.0,25.0,70.0,90.0,20.0,45.0,3,4.0,3.0,2.0,3.0,6.0,3.0,5.0,6.0,5.0,COMPLETE
738,738,0.8463732514510793,2025-01-06 00:36:33.983329,2025-01-06 00:37:28.570398,0 days 00:00:54.587069,10,10,10.0,5.0,35.0,100.0,20.0,70.0,80.0,40.0,60.0,3,4.0,3.0,2.0,3.0,6.0,2.0,5.0,6.0,2.0,COMPLETE
739,739,0.8855977173148699,2025-01-06 00:37:28.571267,2025-01-06 00:38:11.315178,0 days 00:00:42.743911,10,10,15.0,5.0,40.0,100.0,10.0,65.0,70.0,15.0,30.0,3,4.0,3.0,2.0,3.0,6.0,2.0,5.0,5.0,4.0,COMPLETE
740,740,0.8409470761355271,2025-01-06 00:38:11.316009,2025-01-06 00:39:04.554102,0 days 00:00:53.238093,10,10,15.0,5.0,35.0,95.0,10.0,70.0,65.0,15.0,30.0,3,4.0,3.0,2.0,3.0,6.0,2.0,5.0,5.0,4.0,COMPLETE
741,741,0.8570361332111657,2025-01-06 00:39:04.554991,2025-01-06 00:40:07.347649,0 days 00:01:02.792658,10,5,10.0,5.0,40.0,100.0,15.0,65.0,70.0,30.0,35.0,3,5.0,3.0,2.0,3.0,6.0,2.0,5.0,5.0,5.0,COMPLETE
742,742,0.8597937629862176,2025-01-06 00:40:07.348544,2025-01-06 00:41:12.650778,0 days 00:01:05.302234,10,10,5.0,5.0,40.0,100.0,15.0,60.0,60.0,5.0,50.0,3,4.0,3.0,2.0,3.0,6.0,2.0,5.0,5.0,3.0,COMPLETE
743,743,0.8598079498011906,2025-01-06 00:41:12.651739,2025-01-06 00:42:13.646128,0 days 00:01:00.994389,10,10,15.0,5.0,40.0,95.0,15.0,70.0,70.0,25.0,25.0,3,4.0,3.0,2.0,3.0,6.0,2.0,5.0,4.0,4.0,COMPLETE
744,744,0.7894018948434223,2025-01-06 00:42:13.647092,2025-01-06 00:43:07.613748,0 days 00:00:53.966656,10,5,10.0,5.0,35.0,95.0,10.0,60.0,65.0,20.0,45.0,3,4.0,3.0,2.0,3.0,6.0,2.0,5.0,6.0,3.0,COMPLETE
745,745,0.8717626284448909,2025-01-06 00:43:07.614522,2025-01-06 00:44:06.336837,0 days 00:00:58.722315,10,100,5.0,5.0,40.0,100.0,10.0,70.0,75.0,15.0,20.0,3,6.0,3.0,2.0,3.0,6.0,5.0,5.0,5.0,5.0,COMPLETE
746,746,0.8834996245491259,2025-01-06 00:44:06.337870,2025-01-06 00:45:11.871703,0 days 00:01:05.533833,10,10,15.0,5.0,35.0,95.0,5.0,65.0,70.0,10.0,5.0,3,4.0,3.0,2.0,3.0,6.0,3.0,5.0,4.0,4.0,COMPLETE
747,747,0.8363227264258655,2025-01-06 00:45:11.872672,2025-01-06 00:46:17.272170,0 days 00:01:05.399498,10,5,10.0,95.0,30.0,100.0,5.0,75.0,60.0,15.0,55.0,3,4.0,3.0,2.0,3.0,6.0,2.0,5.0,4.0,5.0,COMPLETE
748,748,0.8606676812389662,2025-01-06 00:46:17.273040,2025-01-06 00:47:06.231317,0 days 00:00:48.958277,10,10,15.0,5.0,40.0,95.0,20.0,65.0,65.0,5.0,35.0,3,4.0,3.0,2.0,3.0,6.0,2.0,5.0,5.0,6.0,COMPLETE
749,749,0.8743185132277195,2025-01-06 00:47:06.232209,2025-01-06 00:48:10.717613,0 days 00:01:04.485404,10,10,10.0,95.0,30.0,100.0,10.0,60.0,80.0,20.0,40.0,3,4.0,3.0,2.0,3.0,6.0,2.0,5.0,6.0,4.0,COMPLETE
750,750,0.8675034860287595,2025-01-06 00:48:10.718561,2025-01-06 00:49:21.731909,0 days 00:01:11.013348,10,10,15.0,55.0,35.0,15.0,15.0,70.0,75.0,10.0,50.0,3,4.0,3.0,2.0,3.0,6.0,4.0,5.0,6.0,3.0,COMPLETE
751,751,0.8608054193384609,2025-01-06 00:49:21.732845,2025-01-06 00:50:13.314904,0 days 00:00:51.582059,9,5,10.0,5.0,40.0,95.0,20.0,65.0,70.0,25.0,,3,4.0,3.0,2.0,3.0,6.0,2.0,5.0,4.0,,COMPLETE
752,752,0.8754509774228239,2025-01-06 00:50:13.315664,2025-01-06 00:51:06.279784,0 days 00:00:52.964120,10,10,15.0,5.0,35.0,100.0,5.0,80.0,80.0,30.0,15.0,3,4.0,3.0,2.0,3.0,6.0,3.0,5.0,5.0,4.0,COMPLETE
753,753,0.8580329250451706,2025-01-06 00:51:06.280752,2025-01-06 00:51:47.980711,0 days 00:00:41.699959,10,10,5.0,10.0,30.0,100.0,10.0,70.0,75.0,35.0,60.0,3,4.0,3.0,2.0,3.0,6.0,2.0,5.0,5.0,3.0,COMPLETE
754,754,0.8752491851415585,2025-01-06 00:51:47.981472,2025-01-06 00:52:58.052318,0 days 00:01:10.070846,10,5,10.0,70.0,35.0,100.0,10.0,80.0,80.0,10.0,10.0,3,4.0,3.0,2.0,3.0,6.0,2.0,5.0,4.0,5.0,COMPLETE
755,755,0.8882818851658494,2025-01-06 00:52:58.053290,2025-01-06 00:53:51.483419,0 days 00:00:53.430129,9,10,10.0,10.0,35.0,100.0,15.0,60.0,65.0,15.0,,3,4.0,3.0,2.0,3.0,6.0,2.0,5.0,6.0,,COMPLETE
756,756,0.8692780353375149,2025-01-06 00:53:51.484353,2025-01-06 00:54:57.755240,0 days 00:01:06.270887,10,10,10.0,10.0,35.0,100.0,15.0,60.0,60.0,15.0,65.0,3,4.0,3.0,2.0,3.0,6.0,2.0,5.0,6.0,5.0,COMPLETE
757,757,0.7982642552652682,2025-01-06 00:54:57.756145,2025-01-06 00:55:50.854467,0 days 00:00:53.098322,9,5,15.0,10.0,35.0,100.0,10.0,60.0,65.0,5.0,,3,4.0,3.0,2.0,3.0,6.0,2.0,5.0,6.0,,COMPLETE
758,758,0.8350262605343266,2025-01-06 00:55:50.855329,2025-01-06 00:56:28.636311,0 days 00:00:37.780982,9,10,10.0,10.0,40.0,95.0,15.0,65.0,55.0,15.0,,3,5.0,3.0,2.0,3.0,6.0,2.0,5.0,6.0,,COMPLETE
759,759,0.858091800486966,2025-01-06 00:56:28.637155,2025-01-06 00:57:22.322285,0 days 00:00:53.685130,9,10,15.0,10.0,35.0,100.0,20.0,60.0,50.0,25.0,,3,4.0,3.0,2.0,3.0,6.0,3.0,5.0,6.0,,COMPLETE
760,760,0.8448628255942396,2025-01-06 00:57:22.323109,2025-01-06 00:58:10.349036,0 days 00:00:48.025927,9,5,10.0,10.0,30.0,95.0,15.0,60.0,70.0,20.0,,3,6.0,3.0,4.0,3.0,6.0,2.0,5.0,6.0,,COMPLETE
761,761,0.8575403814152442,2025-01-06 00:58:10.349975,2025-01-06 00:59:09.682626,0 days 00:00:59.332651,10,10,15.0,5.0,40.0,100.0,10.0,65.0,60.0,10.0,20.0,3,4.0,3.0,2.0,3.0,6.0,2.0,5.0,5.0,4.0,COMPLETE
762,762,0.853503517264797,2025-01-06 00:59:09.683487,2025-01-06 01:00:12.788416,0 days 00:01:03.104929,10,5,10.0,5.0,35.0,100.0,15.0,65.0,65.0,30.0,30.0,3,4.0,3.0,2.0,3.0,5.0,2.0,5.0,6.0,6.0,COMPLETE
763,763,0.8361689083403815,2025-01-06 01:00:12.789328,2025-01-06 01:01:13.247887,0 days 00:01:00.458559,9,10,10.0,10.0,30.0,95.0,20.0,60.0,70.0,5.0,,3,4.0,3.0,2.0,3.0,6.0,2.0,5.0,5.0,,COMPLETE
764,764,0.8828717817859493,2025-01-06 01:01:13.248843,2025-01-06 01:02:19.770857,0 days 00:01:06.522014,9,10,15.0,5.0,35.0,100.0,10.0,65.0,60.0,15.0,,3,4.0,3.0,4.0,3.0,6.0,2.0,5.0,6.0,,COMPLETE
765,765,0.8650446437050685,2025-01-06 01:02:19.771805,2025-01-06 01:03:12.452304,0 days 00:00:52.680499,10,10,10.0,10.0,30.0,95.0,5.0,60.0,55.0,25.0,45.0,3,4.0,6.0,2.0,3.0,6.0,2.0,5.0,5.0,2.0,COMPLETE
766,766,0.8686778916401383,2025-01-06 01:03:12.453177,2025-01-06 01:04:23.660131,0 days 00:01:11.206954,10,30,10.0,60.0,40.0,100.0,15.0,65.0,70.0,20.0,70.0,3,4.0,3.0,2.0,3.0,6.0,3.0,5.0,5.0,4.0,COMPLETE
767,767,0.8633534162225637,2025-01-06 01:04:23.660991,2025-01-06 01:05:17.491161,0 days 00:00:53.830170,9,5,10.0,5.0,35.0,95.0,20.0,65.0,45.0,10.0,,3,4.0,3.0,2.0,3.0,6.0,5.0,3.0,6.0,,COMPLETE
768,768,0.8815471186873263,2025-01-06 01:05:17.492136,2025-01-06 01:06:18.853884,0 days 00:01:01.361748,10,10,15.0,10.0,40.0,100.0,20.0,55.0,65.0,20.0,55.0,3,4.0,3.0,2.0,3.0,6.0,2.0,5.0,6.0,3.0,COMPLETE
769,769,0.8535816260449782,2025-01-06 01:06:18.854759,2025-01-06 01:07:24.595209,0 days 00:01:05.740450,10,10,15.0,5.0,35.0,100.0,20.0,55.0,75.0,5.0,40.0,3,4.0,3.0,2.0,3.0,6.0,2.0,3.0,5.0,6.0,COMPLETE
770,770,0.8468786082407163,2025-01-06 01:07:24.596088,2025-01-06 01:08:23.822510,0 days 00:00:59.226422,9,10,10.0,10.0,45.0,95.0,15.0,70.0,60.0,15.0,,3,5.0,3.0,2.0,6.0,6.0,2.0,5.0,5.0,,COMPLETE
771,771,0.8333930411241377,2025-01-06 01:08:23.823491,2025-01-06 01:09:24.026312,0 days 00:01:00.202821,10,5,15.0,5.0,40.0,100.0,25.0,65.0,85.0,40.0,50.0,3,4.0,3.0,2.0,3.0,6.0,3.0,5.0,3.0,2.0,COMPLETE
772,772,0.8690959918700008,2025-01-06 01:09:24.027231,2025-01-06 01:10:41.354467,0 days 00:01:17.327236,9,15,10.0,70.0,30.0,100.0,15.0,60.0,100.0,35.0,,3,4.0,3.0,2.0,6.0,6.0,2.0,5.0,6.0,,COMPLETE
773,773,0.8719218408910799,2025-01-06 01:10:41.355373,2025-01-06 01:11:46.059659,0 days 00:01:04.704286,10,10,10.0,5.0,35.0,95.0,20.0,100.0,75.0,10.0,30.0,3,4.0,3.0,4.0,3.0,6.0,2.0,4.0,4.0,3.0,COMPLETE
774,774,0.8663721993795485,2025-01-06 01:11:46.060531,2025-01-06 01:12:57.567628,0 days 00:01:11.507097,9,15,70.0,10.0,35.0,95.0,60.0,65.0,65.0,50.0,,3,4.0,3.0,2.0,4.0,6.0,2.0,3.0,5.0,,COMPLETE
775,775,0.8698710741509368,2025-01-06 01:12:57.568557,2025-01-06 01:14:20.269700,0 days 00:01:22.701143,10,85,15.0,65.0,30.0,100.0,25.0,90.0,95.0,30.0,25.0,3,4.0,3.0,2.0,3.0,6.0,2.0,5.0,6.0,4.0,COMPLETE
776,776,0.8831922040007745,2025-01-06 01:14:20.270685,2025-01-06 01:15:20.365282,0 days 00:01:00.094597,10,75,15.0,5.0,40.0,100.0,5.0,65.0,85.0,15.0,65.0,3,4.0,3.0,2.0,6.0,6.0,2.0,5.0,3.0,5.0,COMPLETE
777,777,0.8440251677092971,2025-01-06 01:15:20.366184,2025-01-06 01:16:25.947844,0 days 00:01:05.581660,10,10,10.0,75.0,30.0,95.0,10.0,70.0,70.0,25.0,40.0,3,4.0,3.0,2.0,6.0,6.0,4.0,3.0,4.0,3.0,COMPLETE
778,778,0.8302953696657869,2025-01-06 01:16:25.948712,2025-01-06 01:17:10.228614,0 days 00:00:44.279902,9,5,10.0,5.0,35.0,100.0,15.0,55.0,90.0,60.0,,3,6.0,3.0,2.0,3.0,6.0,2.0,5.0,5.0,,COMPLETE
779,779,0.859080699702224,2025-01-06 01:17:10.229577,2025-01-06 01:18:29.358951,0 days 00:01:19.129374,10,65,10.0,10.0,35.0,100.0,20.0,95.0,100.0,45.0,75.0,3,4.0,3.0,2.0,4.0,6.0,2.0,3.0,6.0,4.0,COMPLETE
780,780,0.8738996844202025,2025-01-06 01:18:29.359841,2025-01-06 01:19:38.028234,0 days 00:01:08.668393,10,15,5.0,5.0,40.0,95.0,20.0,60.0,95.0,20.0,60.0,3,4.0,3.0,2.0,3.0,6.0,2.0,4.0,4.0,5.0,COMPLETE
781,781,0.7396353235823286,2025-01-06 01:19:38.029095,2025-01-06 01:20:44.545778,0 days 00:01:06.516683,9,10,15.0,10.0,30.0,100.0,25.0,100.0,85.0,5.0,,3,4.0,3.0,4.0,3.0,6.0,3.0,5.0,5.0,,COMPLETE
782,782,0.8583069864736099,2025-01-06 01:20:44.546765,2025-01-06 01:21:56.629295,0 days 00:01:12.082530,9,5,10.0,75.0,35.0,95.0,60.0,95.0,65.0,10.0,,3,4.0,3.0,2.0,6.0,6.0,4.0,5.0,6.0,,COMPLETE
783,783,0.8757016332128025,2025-01-06 01:21:56.630269,2025-01-06 01:23:01.191000,0 days 00:01:04.560731,10,15,80.0,5.0,30.0,100.0,10.0,25.0,55.0,55.0,10.0,3,4.0,3.0,2.0,3.0,6.0,2.0,4.0,5.0,2.0,COMPLETE
784,784,0.8359869367063928,2025-01-06 01:23:01.191904,2025-01-06 01:23:57.073579,0 days 00:00:55.881675,10,10,15.0,10.0,40.0,100.0,15.0,90.0,75.0,65.0,35.0,3,4.0,3.0,2.0,6.0,6.0,2.0,5.0,3.0,4.0,COMPLETE
785,785,0.8757650541520403,2025-01-06 01:23:57.074442,2025-01-06 01:24:51.643735,0 days 00:00:54.569293,9,10,10.0,5.0,35.0,5.0,25.0,60.0,90.0,20.0,,3,5.0,3.0,3.0,3.0,6.0,2.0,3.0,5.0,,COMPLETE
786,786,0.8749136039132734,2025-01-06 01:24:51.644664,2025-01-06 01:25:50.089372,0 days 00:00:58.444708,10,5,15.0,5.0,35.0,95.0,20.0,65.0,75.0,30.0,45.0,3,4.0,6.0,2.0,3.0,6.0,2.0,5.0,6.0,3.0,COMPLETE
787,787,0.8617563820252239,2025-01-06 01:25:50.090173,2025-01-06 01:26:52.216814,0 days 00:01:02.126641,10,10,5.0,75.0,30.0,80.0,20.0,20.0,70.0,25.0,40.0,3,4.0,3.0,2.0,4.0,6.0,2.0,3.0,4.0,4.0,COMPLETE
788,788,0.8737507763652547,2025-01-06 01:26:52.217773,2025-01-06 01:27:13.617998,0 days 00:00:21.400225,3,15,10.0,70.0,,,,,,,,3,4.0,3.0,,,,,,,,COMPLETE
789,789,0.87604208695285,2025-01-06 01:27:13.618546,2025-01-06 01:28:25.500297,0 days 00:01:11.881751,10,10,10.0,10.0,45.0,100.0,25.0,70.0,95.0,5.0,50.0,3,4.0,3.0,3.0,6.0,6.0,2.0,5.0,5.0,5.0,COMPLETE
790,790,0.8658976360392506,2025-01-06 01:28:25.501304,2025-01-06 01:29:45.359428,0 days 00:01:19.858124,9,15,20.0,100.0,40.0,95.0,65.0,95.0,70.0,40.0,,3,4.0,3.0,2.0,3.0,6.0,2.0,5.0,6.0,,COMPLETE
791,791,0.8741895217829039,2025-01-06 01:29:45.360384,2025-01-06 01:30:35.167679,0 days 00:00:49.807295,9,5,15.0,90.0,35.0,75.0,10.0,100.0,80.0,15.0,,3,4.0,3.0,2.0,6.0,6.0,3.0,4.0,5.0,,COMPLETE
792,792,0.8637302633503536,2025-01-06 01:30:35.168551,2025-01-06 01:31:47.045139,0 days 00:01:11.876588,10,10,25.0,5.0,10.0,70.0,15.0,25.0,85.0,80.0,70.0,3,4.0,3.0,4.0,3.0,6.0,2.0,5.0,6.0,2.0,COMPLETE
793,793,0.8642533274828141,2025-01-06 01:31:47.046127,2025-01-06 01:32:41.962499,0 days 00:00:54.916372,10,10,5.0,10.0,95.0,15.0,15.0,70.0,100.0,10.0,20.0,4,4.0,2.0,2.0,6.0,5.0,2.0,3.0,3.0,3.0,COMPLETE
794,794,0.8514156562247801,2025-01-06 01:32:41.963348,2025-01-06 01:33:27.888070,0 days 00:00:45.924722,9,15,10.0,5.0,5.0,100.0,20.0,65.0,60.0,30.0,,4,6.0,3.0,3.0,3.0,6.0,2.0,5.0,4.0,,COMPLETE
795,795,0.8624041450913456,2025-01-06 01:33:27.888943,2025-01-06 01:34:28.804262,0 days 00:01:00.915319,8,15,15.0,80.0,30.0,80.0,25.0,100.0,90.0,,,3,4.0,3.0,2.0,3.0,6.0,3.0,4.0,,,COMPLETE
796,796,0.8569770212920629,2025-01-06 01:34:28.805056,2025-01-06 01:34:45.210361,0 days 00:00:16.405305,2,10,60.0,,,,,,,,,3,4.0,,,,,,,,,COMPLETE
797,797,0.8336223396707059,2025-01-06 01:34:45.210983,2025-01-06 01:35:45.020177,0 days 00:00:59.809194,10,5,10.0,5.0,5.0,95.0,15.0,90.0,50.0,20.0,65.0,3,5.0,3.0,2.0,6.0,6.0,2.0,4.0,6.0,6.0,COMPLETE
798,798,0.816781427499732,2025-01-06 01:35:45.021101,2025-01-06 01:36:41.759353,0 days 00:00:56.738252,8,10,35.0,100.0,10.0,100.0,20.0,95.0,80.0,,,3,4.0,3.0,3.0,3.0,6.0,2.0,3.0,,,COMPLETE
799,799,0.8638701904667951,2025-01-06 01:36:41.760263,2025-01-06 01:37:46.597912,0 days 00:01:04.837649,9,10,20.0,75.0,35.0,10.0,20.0,70.0,90.0,35.0,,2,4.0,3.0,3.0,4.0,6.0,2.0,5.0,5.0,,COMPLETE
800,800,0.8341507756922413,2025-01-06 01:37:46.598780,2025-01-06 01:39:02.362520,0 days 00:01:15.763740,10,5,10.0,15.0,40.0,90.0,55.0,65.0,95.0,15.0,55.0,3,4.0,3.0,3.0,6.0,6.0,2.0,5.0,6.0,3.0,COMPLETE
801,801,0.8658217351263796,2025-01-06 01:39:02.363415,2025-01-06 01:39:51.323772,0 days 00:00:48.960357,8,15,5.0,10.0,10.0,70.0,60.0,60.0,75.0,,,3,4.0,2.0,2.0,3.0,6.0,2.0,3.0,,,COMPLETE
802,802,0.8711531704893571,2025-01-06 01:39:51.324643,2025-01-06 01:40:46.397348,0 days 00:00:55.072705,8,10,25.0,85.0,5.0,65.0,25.0,25.0,100.0,,,3,4.0,3.0,2.0,3.0,6.0,2.0,5.0,,,COMPLETE
803,803,0.7883385139536125,2025-01-06 01:40:46.398088,2025-01-06 01:40:55.456017,0 days 00:00:09.057929,1,15,,,,,,,,,,3,,,,,,,,,,COMPLETE
804,804,0.8420593993616289,2025-01-06 01:40:55.456603,2025-01-06 01:41:13.762217,0 days 00:00:18.305614,3,10,15.0,5.0,,,,,,,,6,4.0,3.0,,,,,,,,COMPLETE
805,805,0.8774400307164919,2025-01-06 01:41:13.762852,2025-01-06 01:42:02.127101,0 days 00:00:48.364249,10,5,10.0,10.0,40.0,100.0,25.0,85.0,65.0,25.0,25.0,3,4.0,3.0,2.0,6.0,6.0,2.0,5.0,5.0,4.0,COMPLETE
806,806,0.872137457390473,2025-01-06 01:42:02.127902,2025-01-06 01:42:59.645143,0 days 00:00:57.517241,8,10,15.0,90.0,5.0,95.0,10.0,95.0,85.0,,,3,4.0,3.0,2.0,3.0,6.0,3.0,5.0,,,COMPLETE
807,807,0.8611048594391524,2025-01-06 01:42:59.646051,2025-01-06 01:44:11.815386,0 days 00:01:12.169335,10,15,25.0,75.0,10.0,100.0,20.0,100.0,70.0,5.0,30.0,3,3.0,3.0,3.0,3.0,6.0,4.0,4.0,4.0,5.0,COMPLETE
808,808,0.8560956887572715,2025-01-06 01:44:11.816283,2025-01-06 01:45:05.517406,0 days 00:00:53.701123,8,10,85.0,45.0,45.0,80.0,55.0,30.0,65.0,,,3,5.0,3.0,2.0,4.0,6.0,2.0,5.0,,,COMPLETE
809,809,0.8615631794841867,2025-01-06 01:45:05.518178,2025-01-06 01:45:55.523459,0 days 00:00:50.005281,8,5,20.0,40.0,85.0,75.0,15.0,60.0,85.0,,,3,4.0,3.0,4.0,6.0,6.0,2.0,3.0,,,COMPLETE
810,810,0.8516094869879094,2025-01-06 01:45:55.524302,2025-01-06 01:47:01.993256,0 days 00:01:06.468954,9,10,5.0,70.0,35.0,70.0,65.0,90.0,80.0,10.0,,3,4.0,3.0,2.0,3.0,6.0,2.0,5.0,3.0,,COMPLETE
811,811,0.8807997097262491,2025-01-06 01:47:01.994193,2025-01-06 01:47:37.340437,0 days 00:00:35.346244,5,15,10.0,55.0,35.0,75.0,,,,,,3,4.0,2.0,2.0,6.0,,,,,,COMPLETE
812,812,0.8674701429639171,2025-01-06 01:47:37.341142,2025-01-06 01:48:39.997857,0 days 00:01:02.656715,10,10,15.0,5.0,10.0,100.0,5.0,55.0,90.0,15.0,35.0,3,4.0,3.0,3.0,3.0,6.0,5.0,6.0,4.0,3.0,COMPLETE
813,813,0.8545971321385033,2025-01-06 01:48:39.998771,2025-01-06 01:49:44.573323,0 days 00:01:04.574552,8,5,10.0,80.0,60.0,95.0,40.0,20.0,100.0,,,3,4.0,3.0,3.0,3.0,6.0,2.0,5.0,,,COMPLETE
814,814,0.8631036644783949,2025-01-06 01:49:44.574133,2025-01-06 01:50:46.748962,0 days 00:01:02.174829,9,15,40.0,5.0,5.0,90.0,20.0,100.0,60.0,20.0,,3,4.0,3.0,2.0,6.0,6.0,2.0,3.0,5.0,,COMPLETE
815,815,0.8559648943334782,2025-01-06 01:50:46.750018,2025-01-06 01:51:02.160920,0 days 00:00:15.410902,2,10,35.0,,,,,,,,,3,4.0,,,,,,,,,COMPLETE
816,816,0.8440441954894091,2025-01-06 01:51:02.161431,2025-01-06 01:52:05.510549,0 days 00:01:03.349118,10,15,15.0,10.0,30.0,100.0,15.0,25.0,70.0,55.0,45.0,3,4.0,3.0,2.0,3.0,6.0,2.0,5.0,6.0,2.0,COMPLETE
817,817,0.8122492780024598,2025-01-06 01:52:05.511529,2025-01-06 01:52:48.763575,0 days 00:00:43.252046,8,10,10.0,90.0,10.0,80.0,25.0,65.0,45.0,,,3,6.0,3.0,2.0,4.0,6.0,3.0,4.0,,,COMPLETE
818,818,0.851427528884934,2025-01-06 01:52:48.764410,2025-01-06 01:53:58.069349,0 days 00:01:09.304939,10,5,5.0,85.0,5.0,100.0,20.0,95.0,75.0,25.0,60.0,4,4.0,2.0,3.0,6.0,6.0,2.0,5.0,6.0,4.0,COMPLETE
819,819,0.886040259336905,2025-01-06 01:53:58.070249,2025-01-06 01:54:56.051581,0 days 00:00:57.981332,8,10,20.0,80.0,25.0,90.0,40.0,90.0,95.0,,,2,4.0,3.0,2.0,3.0,6.0,2.0,3.0,,,COMPLETE
820,820,0.8672077040223352,2025-01-06 01:54:56.052500,2025-01-06 01:55:53.390760,0 days 00:00:57.338260,8,15,20.0,85.0,25.0,90.0,40.0,90.0,95.0,,,2,3.0,3.0,2.0,3.0,6.0,2.0,3.0,,,COMPLETE
821,821,0.8601378406446633,2025-01-06 01:55:53.391537,2025-01-06 01:56:41.294715,0 days 00:00:47.903178,8,10,40.0,80.0,25.0,90.0,40.0,90.0,95.0,,,4,4.0,3.0,3.0,3.0,6.0,3.0,3.0,,,COMPLETE
822,822,0.8622379321422013,2025-01-06 01:56:41.295448,2025-01-06 01:57:25.838503,0 days 00:00:44.543055,8,5,10.0,80.0,30.0,90.0,40.0,70.0,100.0,,,2,4.0,3.0,6.0,3.0,6.0,2.0,3.0,,,COMPLETE
823,823,0.865359823204745,2025-01-06 01:57:25.839330,2025-01-06 01:58:18.628043,0 days 00:00:52.788713,8,10,15.0,80.0,25.0,85.0,35.0,85.0,90.0,,,2,5.0,3.0,2.0,3.0,6.0,2.0,3.0,,,COMPLETE
824,824,0.8508357964415474,2025-01-06 01:58:18.628843,2025-01-06 01:59:18.065021,0 days 00:00:59.436178,8,15,20.0,85.0,25.0,90.0,40.0,85.0,95.0,,,4,4.0,3.0,2.0,3.0,6.0,2.0,3.0,,,COMPLETE
825,825,0.8692872066469073,2025-01-06 01:59:18.065967,2025-01-06 02:00:26.161091,0 days 00:01:08.095124,8,10,5.0,80.0,30.0,90.0,35.0,85.0,90.0,,,3,4.0,3.0,3.0,3.0,6.0,6.0,3.0,,,COMPLETE
826,826,0.8641232415900788,2025-01-06 02:00:26.162042,2025-01-06 02:01:25.358280,0 days 00:00:59.196238,8,5,10.0,100.0,30.0,95.0,40.0,65.0,100.0,,,2,4.0,3.0,2.0,3.0,6.0,2.0,3.0,,,COMPLETE
827,827,0.873636714735236,2025-01-06 02:01:25.359030,2025-01-06 02:02:18.519877,0 days 00:00:53.160847,8,10,35.0,5.0,25.0,95.0,45.0,60.0,95.0,,,2,4.0,3.0,4.0,3.0,6.0,2.0,3.0,,,COMPLETE
828,828,0.835002030541361,2025-01-06 02:02:18.520802,2025-01-06 02:03:13.643060,0 days 00:00:55.122258,8,10,25.0,85.0,30.0,95.0,35.0,80.0,90.0,,,4,4.0,3.0,2.0,3.0,6.0,2.0,3.0,,,COMPLETE
829,829,0.8698991032834006,2025-01-06 02:03:13.643881,2025-01-06 02:04:04.902063,0 days 00:00:51.258182,9,15,15.0,80.0,30.0,85.0,40.0,30.0,85.0,35.0,,3,6.0,3.0,3.0,3.0,5.0,2.0,3.0,5.0,,COMPLETE
830,830,0.7875000078467518,2025-01-06 02:04:04.902901,2025-01-06 02:04:39.862810,0 days 00:00:34.959909,8,5,40.0,10.0,25.0,95.0,40.0,20.0,10.0,,,4,4.0,3.0,2.0,3.0,6.0,3.0,3.0,,,COMPLETE
831,831,0.8539537997991296,2025-01-06 02:04:39.863495,2025-01-06 02:05:40.983387,0 days 00:01:01.119892,8,10,55.0,15.0,25.0,5.0,45.0,90.0,95.0,,,2,4.0,3.0,2.0,3.0,6.0,4.0,5.0,,,COMPLETE
832,832,0.8478478251129044,2025-01-06 02:05:40.984321,2025-01-06 02:06:29.874648,0 days 00:00:48.890327,9,15,15.0,5.0,25.0,90.0,35.0,25.0,15.0,45.0,,2,4.0,3.0,2.0,3.0,4.0,2.0,3.0,4.0,,COMPLETE
833,833,0.8585905264431404,2025-01-06 02:06:29.875472,2025-01-06 02:06:57.326246,0 days 00:00:27.450774,3,15,60.0,100.0,,,,,,,,4,4.0,3.0,,,,,,,,COMPLETE
834,834,0.8557085326800578,2025-01-06 02:06:57.326888,2025-01-06 02:07:51.690193,0 days 00:00:54.363305,8,10,10.0,5.0,35.0,85.0,10.0,55.0,100.0,,,2,4.0,3.0,3.0,3.0,6.0,2.0,5.0,,,COMPLETE
835,835,0.8372286267702265,2025-01-06 02:07:51.690898,2025-01-06 02:08:38.383231,0 days 00:00:46.692333,9,5,10.0,10.0,30.0,95.0,25.0,65.0,55.0,5.0,,6,3.0,3.0,2.0,3.0,6.0,2.0,3.0,6.0,,COMPLETE
836,836,0.856761157962084,2025-01-06 02:08:38.384195,2025-01-06 02:09:40.565091,0 days 00:01:02.180896,8,35,20.0,80.0,35.0,100.0,20.0,30.0,90.0,,,2,4.0,4.0,3.0,3.0,6.0,2.0,5.0,,,COMPLETE
837,837,0.7839238767832104,2025-01-06 02:09:40.565928,2025-01-06 02:10:55.311257,0 days 00:01:14.745329,10,10,5.0,85.0,25.0,90.0,15.0,90.0,80.0,10.0,15.0,2,5.0,3.0,2.0,5.0,6.0,2.0,5.0,5.0,3.0,COMPLETE
838,838,0.8539341001143754,2025-01-06 02:10:55.312162,2025-01-06 02:11:26.895089,0 days 00:00:31.582927,5,15,40.0,5.0,5.0,95.0,,,,,,2,4.0,3.0,4.0,3.0,,,,,,COMPLETE
839,839,0.8566706275832274,2025-01-06 02:11:26.895936,2025-01-06 02:12:22.443861,0 days 00:00:55.547925,8,10,10.0,10.0,30.0,100.0,35.0,10.0,85.0,,,2,3.0,3.0,2.0,5.0,6.0,2.0,5.0,,,COMPLETE
840,840,0.8671489962072196,2025-01-06 02:12:22.444568,2025-01-06 02:13:40.699102,0 days 00:01:18.254534,10,5,15.0,95.0,35.0,100.0,45.0,70.0,65.0,40.0,50.0,3,4.0,4.0,3.0,3.0,6.0,2.0,3.0,6.0,5.0,COMPLETE
841,841,0.8748849060880576,2025-01-06 02:13:40.700119,2025-01-06 02:14:39.931846,0 days 00:00:59.231727,8,10,70.0,15.0,5.0,55.0,40.0,60.0,95.0,,,2,4.0,3.0,2.0,3.0,6.0,3.0,5.0,,,COMPLETE
842,842,0.854000667140433,2025-01-06 02:14:39.932670,2025-01-06 02:15:56.092110,0 days 00:01:16.159440,10,10,25.0,80.0,5.0,10.0,20.0,25.0,75.0,90.0,95.0,2,4.0,3.0,2.0,3.0,6.0,2.0,3.0,5.0,6.0,COMPLETE
843,843,0.8734031343993511,2025-01-06 02:15:56.093124,2025-01-06 02:16:55.690014,0 days 00:00:59.596890,8,15,20.0,5.0,35.0,85.0,15.0,85.0,100.0,,,3,4.0,4.0,3.0,4.0,6.0,2.0,5.0,,,COMPLETE
844,844,0.836640464418418,2025-01-06 02:16:55.690841,2025-01-06 02:17:54.318422,0 days 00:00:58.627581,9,5,40.0,90.0,40.0,90.0,25.0,70.0,75.0,15.0,,4,4.0,3.0,2.0,3.0,6.0,2.0,4.0,4.0,,COMPLETE
845,845,0.8354027298616407,2025-01-06 02:17:54.319306,2025-01-06 02:18:09.756946,0 days 00:00:15.437640,2,10,5.0,,,,,,,,,3,4.0,,,,,,,,,COMPLETE
846,846,0.8604119439068472,2025-01-06 02:18:09.757528,2025-01-06 02:19:18.863328,0 days 00:01:09.105800,8,15,65.0,10.0,5.0,100.0,40.0,65.0,70.0,,,3,4.0,3.0,2.0,5.0,6.0,4.0,5.0,,,COMPLETE
847,847,0.7120819597931973,2025-01-06 02:19:18.864295,2025-01-06 02:19:27.801377,0 days 00:00:08.937082,1,10,,,,,,,,,,3,,,,,,,,,,COMPLETE
848,848,0.866039179171844,2025-01-06 02:19:27.801862,2025-01-06 02:20:41.404156,0 days 00:01:13.602294,10,15,10.0,100.0,35.0,100.0,45.0,100.0,40.0,30.0,30.0,3,4.0,3.0,3.0,3.0,6.0,2.0,5.0,3.0,4.0,COMPLETE
849,849,0.8165152692411081,2025-01-06 02:20:41.405081,2025-01-06 02:21:41.289045,0 days 00:00:59.883964,9,10,50.0,60.0,5.0,95.0,10.0,30.0,60.0,20.0,,3,4.0,3.0,2.0,5.0,6.0,2.0,6.0,6.0,,COMPLETE
850,850,0.885806905251838,2025-01-06 02:21:41.289906,2025-01-06 02:22:27.124292,0 days 00:00:45.834386,8,10,45.0,5.0,30.0,80.0,15.0,75.0,80.0,,,3,2.0,3.0,2.0,3.0,6.0,2.0,3.0,,,COMPLETE
851,851,0.8490049897512224,2025-01-06 02:22:27.125171,2025-01-06 02:23:13.016310,0 days 00:00:45.891139,8,5,15.0,5.0,25.0,80.0,15.0,75.0,80.0,,,3,4.0,3.0,2.0,3.0,6.0,2.0,3.0,,,COMPLETE
852,852,0.801091349869928,2025-01-06 02:23:13.017006,2025-01-06 02:23:52.239208,0 days 00:00:39.222202,8,5,45.0,5.0,30.0,80.0,15.0,75.0,80.0,,,3,4.0,3.0,3.0,3.0,6.0,2.0,3.0,,,COMPLETE
853,853,0.8212473608197219,2025-01-06 02:23:52.239969,2025-01-06 02:24:42.782381,0 days 00:00:50.542412,8,10,75.0,5.0,30.0,80.0,10.0,80.0,85.0,,,3,4.0,3.0,2.0,3.0,6.0,2.0,3.0,,,COMPLETE
854,854,0.8694707147666073,2025-01-06 02:24:42.783167,2025-01-06 02:25:35.957365,0 days 00:00:53.174198,8,5,55.0,5.0,30.0,85.0,15.0,75.0,80.0,,,3,2.0,3.0,6.0,3.0,6.0,2.0,3.0,,,COMPLETE
855,855,0.8546762297402027,2025-01-06 02:25:35.958306,2025-01-06 02:26:28.182731,0 days 00:00:52.224425,8,50,15.0,5.0,30.0,80.0,20.0,70.0,75.0,,,3,5.0,3.0,2.0,3.0,6.0,2.0,3.0,,,COMPLETE
856,856,0.8646766002791042,2025-01-06 02:26:28.183563,2025-01-06 02:27:12.615391,0 days 00:00:44.431828,8,10,10.0,5.0,30.0,85.0,10.0,75.0,70.0,,,3,3.0,3.0,5.0,3.0,6.0,2.0,3.0,,,COMPLETE
857,857,0.8649792445149002,2025-01-06 02:27:12.616197,2025-01-06 02:27:58.027956,0 days 00:00:45.411759,8,10,20.0,5.0,30.0,80.0,20.0,70.0,85.0,,,3,6.0,3.0,3.0,3.0,6.0,2.0,3.0,,,COMPLETE
858,858,0.8443723625339934,2025-01-06 02:27:58.028673,2025-01-06 02:28:42.002461,0 days 00:00:43.973788,8,5,40.0,35.0,25.0,75.0,15.0,80.0,80.0,,,3,4.0,3.0,4.0,3.0,6.0,2.0,3.0,,,COMPLETE
859,859,0.8342220642256191,2025-01-06 02:28:42.003374,2025-01-06 02:29:35.496443,0 days 00:00:53.493069,8,10,10.0,90.0,25.0,80.0,20.0,75.0,95.0,,,3,4.0,3.0,2.0,3.0,6.0,2.0,3.0,,,COMPLETE
860,860,0.8847970698465706,2025-01-06 02:29:35.497173,2025-01-06 02:30:30.862446,0 days 00:00:55.365273,8,10,90.0,95.0,30.0,80.0,15.0,70.0,85.0,,,3,2.0,3.0,3.0,3.0,6.0,2.0,3.0,,,COMPLETE
861,861,0.8543966951632337,2025-01-06 02:30:30.863345,2025-01-06 02:31:26.536848,0 days 00:00:55.673503,8,10,25.0,85.0,35.0,85.0,5.0,65.0,90.0,,,3,4.0,3.0,5.0,3.0,6.0,2.0,3.0,,,COMPLETE
862,862,0.848409964714041,2025-01-06 02:31:26.537654,2025-01-06 02:32:06.295053,0 days 00:00:39.757399,8,5,45.0,5.0,30.0,100.0,20.0,75.0,70.0,,,3,5.0,3.0,2.0,3.0,6.0,2.0,3.0,,,COMPLETE
863,863,0.8424861592959695,2025-01-06 02:32:06.295830,2025-01-06 02:33:02.393996,0 days 00:00:56.098166,8,40,50.0,10.0,25.0,100.0,10.0,70.0,75.0,,,3,4.0,3.0,2.0,3.0,6.0,2.0,5.0,,,COMPLETE
864,864,0.8838841147730194,2025-01-06 02:33:02.394855,2025-01-06 02:33:55.882343,0 days 00:00:53.487488,9,10,5.0,80.0,35.0,90.0,25.0,80.0,90.0,80.0,,3,4.0,3.0,5.0,3.0,6.0,2.0,3.0,5.0,,COMPLETE
865,865,0.8738369326239102,2025-01-06 02:33:55.883183,2025-01-06 02:34:45.591131,0 days 00:00:49.707948,8,10,10.0,5.0,35.0,100.0,15.0,65.0,75.0,,,3,2.0,3.0,2.0,3.0,6.0,2.0,5.0,,,COMPLETE
866,866,0.8205984562874001,2025-01-06 02:34:45.591960,2025-01-06 02:35:35.751051,0 days 00:00:50.159091,8,10,45.0,10.0,30.0,75.0,20.0,70.0,65.0,,,3,4.0,3.0,3.0,3.0,6.0,2.0,3.0,,,COMPLETE
867,867,0.8635420285449598,2025-01-06 02:35:35.751854,2025-01-06 02:36:28.214185,0 days 00:00:52.462331,10,5,35.0,5.0,40.0,75.0,25.0,25.0,80.0,50.0,55.0,3,4.0,3.0,2.0,3.0,6.0,2.0,5.0,6.0,4.0,COMPLETE
868,868,0.8321485651466292,2025-01-06 02:36:28.215215,2025-01-06 02:37:55.445961,0 days 00:01:27.230746,9,10,100.0,95.0,100.0,95.0,40.0,65.0,100.0,5.0,,3,4.0,3.0,3.0,3.0,6.0,2.0,5.0,4.0,,COMPLETE
869,869,0.8066815254932655,2025-01-06 02:37:55.446936,2025-01-06 02:39:02.565128,0 days 00:01:07.118192,8,5,50.0,100.0,30.0,85.0,35.0,70.0,95.0,,,3,2.0,3.0,4.0,5.0,6.0,3.0,3.0,,,COMPLETE
870,870,0.8628138000079273,2025-01-06 02:39:02.566068,2025-01-06 02:40:10.641035,0 days 00:01:08.074967,10,10,15.0,5.0,35.0,100.0,15.0,80.0,85.0,95.0,40.0,4,4.0,3.0,2.0,3.0,6.0,2.0,5.0,5.0,2.0,COMPLETE
871,871,0.859531423843096,2025-01-06 02:40:10.641982,2025-01-06 02:41:09.501583,0 days 00:00:58.859601,8,70,10.0,10.0,5.0,80.0,45.0,20.0,70.0,,,2,4.0,3.0,5.0,5.0,6.0,2.0,3.0,,,COMPLETE
872,872,0.8002155007790257,2025-01-06 02:41:09.502402,2025-01-06 02:42:09.262358,0 days 00:00:59.759956,10,10,45.0,90.0,5.0,95.0,20.0,100.0,95.0,10.0,10.0,3,3.0,3.0,2.0,3.0,6.0,2.0,2.0,6.0,3.0,COMPLETE
873,873,0.8516088826942922,2025-01-06 02:42:09.263361,2025-01-06 02:43:36.901277,0 days 00:01:27.637916,9,10,40.0,5.0,25.0,100.0,95.0,95.0,90.0,60.0,,3,4.0,3.0,5.0,5.0,6.0,2.0,5.0,5.0,,COMPLETE
874,874,0.8577927476688848,2025-01-06 02:43:36.902298,2025-01-06 02:44:26.461105,0 days 00:00:49.558807,8,5,15.0,80.0,5.0,85.0,85.0,65.0,65.0,,,3,4.0,6.0,2.0,2.0,6.0,2.0,5.0,,,COMPLETE
875,875,0.8573793954004716,2025-01-06 02:44:26.461958,2025-01-06 02:45:33.706813,0 days 00:01:07.244855,8,45,95.0,85.0,35.0,80.0,40.0,90.0,95.0,,,3,2.0,3.0,2.0,3.0,6.0,2.0,4.0,,,COMPLETE
876,876,0.8842608012014115,2025-01-06 02:45:33.707649,2025-01-06 02:46:44.465558,0 days 00:01:10.757909,10,10,20.0,100.0,40.0,75.0,70.0,75.0,85.0,25.0,35.0,3,4.0,3.0,5.0,3.0,6.0,2.0,3.0,3.0,5.0,COMPLETE
877,877,0.871255393286223,2025-01-06 02:46:44.466585,2025-01-06 02:47:53.652428,0 days 00:01:09.185843,9,10,15.0,5.0,30.0,95.0,10.0,25.0,75.0,15.0,,3,4.0,3.0,3.0,4.0,6.0,5.0,5.0,6.0,,COMPLETE
878,878,0.8051098116543143,2025-01-06 02:47:53.653461,2025-01-06 02:48:38.802367,0 days 00:00:45.148906,8,5,10.0,95.0,35.0,100.0,20.0,85.0,100.0,,,3,4.0,3.0,2.0,2.0,6.0,3.0,5.0,,,COMPLETE
879,879,0.8701127568721644,2025-01-06 02:48:38.803200,2025-01-06 02:49:37.381866,0 days 00:00:58.578666,10,15,40.0,80.0,5.0,100.0,25.0,70.0,80.0,30.0,20.0,4,6.0,3.0,3.0,3.0,6.0,2.0,3.0,5.0,4.0,COMPLETE
880,880,0.8618104266944989,2025-01-06 02:49:37.382807,2025-01-06 02:50:22.513755,0 days 00:00:45.130948,8,10,45.0,10.0,5.0,40.0,15.0,60.0,85.0,,,3,2.0,3.0,2.0,2.0,6.0,4.0,2.0,,,COMPLETE
881,881,0.8334464133312857,2025-01-06 02:50:22.514611,2025-01-06 02:51:24.591987,0 days 00:01:02.077376,10,5,50.0,5.0,10.0,15.0,5.0,30.0,90.0,10.0,25.0,3,4.0,3.0,5.0,3.0,6.0,2.0,4.0,4.0,3.0,COMPLETE
882,882,0.8633009715689973,2025-01-06 02:51:24.592885,2025-01-06 02:52:23.022952,0 days 00:00:58.430067,8,15,20.0,85.0,30.0,85.0,35.0,100.0,65.0,,,2,4.0,3.0,3.0,2.0,6.0,2.0,5.0,,,COMPLETE
883,883,0.8843633305660726,2025-01-06 02:52:23.023918,2025-01-06 02:53:17.675870,0 days 00:00:54.651952,8,10,55.0,10.0,35.0,90.0,45.0,95.0,60.0,,,3,4.0,3.0,2.0,3.0,6.0,2.0,3.0,,,COMPLETE
884,884,0.8858835835650576,2025-01-06 02:53:17.676723,2025-01-06 02:54:34.998270,0 days 00:01:17.321547,10,10,35.0,5.0,5.0,95.0,30.0,90.0,75.0,35.0,60.0,3,2.0,3.0,5.0,3.0,6.0,2.0,5.0,6.0,6.0,COMPLETE
885,885,0.8926848559795169,2025-01-06 02:54:34.999345,2025-01-06 02:55:42.263949,0 days 00:01:07.264604,10,10,35.0,5.0,5.0,95.0,30.0,85.0,75.0,35.0,60.0,3,4.0,3.0,5.0,3.0,6.0,2.0,5.0,6.0,6.0,COMPLETE
886,886,0.8407232363322019,2025-01-06 02:55:42.264935,2025-01-06 02:56:39.559841,0 days 00:00:57.294906,10,5,35.0,5.0,5.0,90.0,30.0,85.0,75.0,45.0,70.0,3,4.0,3.0,5.0,3.0,6.0,2.0,5.0,6.0,6.0,COMPLETE
887,887,0.8590411231515315,2025-01-06 02:56:39.560965,2025-01-06 02:57:48.809808,0 days 00:01:09.248843,10,10,35.0,5.0,5.0,95.0,30.0,85.0,80.0,40.0,60.0,3,5.0,3.0,5.0,3.0,6.0,2.0,5.0,6.0,6.0,COMPLETE
888,888,0.8748100851821882,2025-01-06 02:57:48.810912,2025-01-06 02:59:10.862185,0 days 00:01:22.051273,10,15,35.0,5.0,5.0,90.0,30.0,90.0,75.0,50.0,65.0,3,2.0,3.0,5.0,3.0,6.0,2.0,5.0,6.0,6.0,COMPLETE
889,889,0.8590170807341174,2025-01-06 02:59:10.863201,2025-01-06 03:00:38.562485,0 days 00:01:27.699284,10,85,35.0,10.0,5.0,95.0,30.0,85.0,80.0,35.0,55.0,3,4.0,3.0,5.0,3.0,6.0,2.0,5.0,6.0,6.0,COMPLETE
890,890,0.8614526015557438,2025-01-06 03:00:38.563629,2025-01-06 03:01:59.568840,0 days 00:01:21.005211,10,15,35.0,5.0,5.0,95.0,30.0,85.0,75.0,45.0,80.0,3,4.0,3.0,5.0,3.0,6.0,2.0,5.0,6.0,6.0,COMPLETE
891,891,0.835662729543108,2025-01-06 03:01:59.569967,2025-01-06 03:03:02.364218,0 days 00:01:02.794251,10,5,30.0,10.0,5.0,90.0,30.0,80.0,80.0,45.0,75.0,3,4.0,3.0,5.0,3.0,6.0,2.0,5.0,6.0,6.0,COMPLETE
892,892,0.8485428958544796,2025-01-06 03:03:02.365173,2025-01-06 03:04:20.587460,0 days 00:01:18.222287,10,10,40.0,5.0,5.0,95.0,35.0,90.0,75.0,35.0,60.0,3,2.0,3.0,5.0,3.0,6.0,2.0,5.0,6.0,6.0,COMPLETE
893,893,0.8557336942773388,2025-01-06 03:04:20.588558,2025-01-06 03:05:37.019721,0 days 00:01:16.431163,10,10,35.0,5.0,5.0,95.0,30.0,85.0,70.0,40.0,45.0,3,4.0,3.0,5.0,3.0,6.0,2.0,5.0,6.0,6.0,COMPLETE
894,894,0.8598930767479747,2025-01-06 03:05:37.020868,2025-01-06 03:06:57.705630,0 days 00:01:20.684762,10,15,35.0,10.0,10.0,90.0,25.0,90.0,80.0,25.0,70.0,3,4.0,3.0,5.0,3.0,6.0,2.0,5.0,6.0,6.0,COMPLETE
895,895,0.8771510761802024,2025-01-06 03:06:57.706727,2025-01-06 03:07:55.699723,0 days 00:00:57.992996,10,10,35.0,5.0,10.0,90.0,35.0,90.0,75.0,60.0,50.0,3,6.0,3.0,5.0,3.0,6.0,2.0,5.0,6.0,5.0,COMPLETE
896,896,0.8698032509723652,2025-01-06 03:07:55.700766,2025-01-06 03:08:54.714573,0 days 00:00:59.013807,9,5,35.0,5.0,5.0,95.0,30.0,80.0,80.0,30.0,,3,4.0,3.0,5.0,3.0,6.0,2.0,5.0,6.0,,COMPLETE
897,897,0.8609778310897863,2025-01-06 03:08:54.715491,2025-01-06 03:10:00.180640,0 days 00:01:05.465149,9,10,30.0,10.0,5.0,5.0,35.0,85.0,70.0,40.0,,3,3.0,3.0,5.0,3.0,6.0,2.0,5.0,6.0,,COMPLETE
898,898,0.877390620906471,2025-01-06 03:10:00.181704,2025-01-06 03:11:13.678588,0 days 00:01:13.496884,10,15,35.0,75.0,5.0,90.0,25.0,90.0,75.0,50.0,65.0,3,4.0,3.0,5.0,3.0,6.0,2.0,5.0,6.0,5.0,COMPLETE
899,899,0.8697733033147841,2025-01-06 03:11:13.679708,2025-01-06 03:12:25.393736,0 days 00:01:11.714028,10,10,30.0,5.0,10.0,95.0,30.0,85.0,80.0,35.0,65.0,3,2.0,3.0,5.0,3.0,6.0,2.0,3.0,6.0,6.0,COMPLETE
900,900,0.8719533390135317,2025-01-06 03:12:25.394795,2025-01-06 03:13:51.569510,0 days 00:01:26.174715,10,15,40.0,10.0,5.0,95.0,25.0,90.0,75.0,55.0,55.0,3,4.0,3.0,5.0,5.0,6.0,2.0,5.0,6.0,6.0,COMPLETE
901,901,0.8168797111002837,2025-01-06 03:13:51.570642,2025-01-06 03:14:51.446754,0 days 00:00:59.876112,9,10,30.0,5.0,10.0,95.0,30.0,90.0,80.0,20.0,,3,4.0,3.0,5.0,3.0,4.0,2.0,3.0,6.0,,COMPLETE
902,902,0.875169390059172,2025-01-06 03:14:51.447647,2025-01-06 03:15:56.899757,0 days 00:01:05.452110,10,5,30.0,5.0,5.0,90.0,35.0,90.0,85.0,25.0,50.0,3,5.0,3.0,5.0,3.0,6.0,2.0,5.0,6.0,5.0,COMPLETE
903,903,0.8765778050214544,2025-01-06 03:15:56.900900,2025-01-06 03:17:09.653442,0 days 00:01:12.752542,9,10,35.0,10.0,10.0,95.0,25.0,95.0,70.0,65.0,,3,4.0,4.0,5.0,5.0,6.0,3.0,5.0,6.0,,COMPLETE
904,904,0.8879590086438953,2025-01-06 03:17:09.654513,2025-01-06 03:18:14.904483,0 days 00:01:05.249970,10,15,40.0,5.0,5.0,95.0,30.0,85.0,90.0,20.0,85.0,6,2.0,3.0,5.0,3.0,6.0,2.0,3.0,6.0,6.0,COMPLETE
905,905,0.8744758903694065,2025-01-06 03:18:14.905521,2025-01-06 03:19:12.173858,0 days 00:00:57.268337,10,20,40.0,5.0,5.0,95.0,30.0,80.0,85.0,25.0,100.0,6,2.0,3.0,5.0,3.0,6.0,2.0,5.0,6.0,6.0,COMPLETE
906,906,0.8438735361438648,2025-01-06 03:19:12.174835,2025-01-06 03:20:16.192967,0 days 00:01:04.018132,10,20,40.0,5.0,10.0,95.0,30.0,85.0,85.0,20.0,85.0,6,2.0,3.0,5.0,4.0,6.0,2.0,3.0,6.0,6.0,COMPLETE
907,907,0.873977191445519,2025-01-06 03:20:16.194104,2025-01-06 03:21:17.034684,0 days 00:01:00.840580,10,15,40.0,5.0,5.0,90.0,30.0,80.0,90.0,30.0,90.0,4,2.0,3.0,5.0,5.0,6.0,2.0,5.0,6.0,6.0,COMPLETE
908,908,0.8355795027580142,2025-01-06 03:21:17.035726,2025-01-06 03:22:14.325299,0 days 00:00:57.289573,10,15,40.0,5.0,5.0,95.0,35.0,85.0,90.0,20.0,85.0,6,2.0,3.0,5.0,3.0,6.0,2.0,4.0,6.0,6.0,COMPLETE
909,909,0.8455768756412532,2025-01-06 03:22:14.326285,2025-01-06 03:23:22.797670,0 days 00:01:08.471385,10,25,40.0,10.0,10.0,95.0,30.0,85.0,85.0,15.0,95.0,6,2.0,3.0,5.0,3.0,6.0,2.0,5.0,6.0,6.0,COMPLETE
910,910,0.8521625263069941,2025-01-06 03:23:22.798813,2025-01-06 03:24:06.015948,0 days 00:00:43.217135,10,15,35.0,5.0,10.0,90.0,35.0,80.0,80.0,30.0,90.0,6,2.0,3.0,5.0,3.0,6.0,2.0,3.0,6.0,5.0,COMPLETE
911,911,0.862167207015382,2025-01-06 03:24:06.016941,2025-01-06 03:25:18.838320,0 days 00:01:12.821379,10,15,40.0,10.0,5.0,95.0,25.0,85.0,70.0,25.0,45.0,6,2.0,3.0,5.0,5.0,6.0,2.0,5.0,6.0,6.0,COMPLETE
912,912,0.8698860411676336,2025-01-06 03:25:18.839338,2025-01-06 03:26:10.549720,0 days 00:00:51.710382,10,15,35.0,5.0,10.0,95.0,30.0,90.0,90.0,15.0,80.0,6,2.0,3.0,5.0,3.0,6.0,4.0,3.0,6.0,6.0,COMPLETE
913,913,0.8446322605634153,2025-01-06 03:26:10.550845,2025-01-06 03:27:10.185213,0 days 00:00:59.634368,10,20,40.0,5.0,5.0,90.0,35.0,80.0,75.0,20.0,95.0,6,2.0,3.0,5.0,4.0,6.0,2.0,5.0,6.0,5.0,COMPLETE
914,914,0.8501493218680196,2025-01-06 03:27:10.186311,2025-01-06 03:28:07.971285,0 days 00:00:57.784974,10,15,35.0,10.0,5.0,95.0,25.0,90.0,85.0,10.0,60.0,6,2.0,3.0,5.0,3.0,6.0,2.0,6.0,6.0,6.0,COMPLETE
915,915,0.8485896398594273,2025-01-06 03:28:07.972273,2025-01-06 03:28:54.895457,0 days 00:00:46.923184,10,15,40.0,5.0,5.0,90.0,30.0,85.0,80.0,20.0,75.0,6,2.0,3.0,5.0,3.0,6.0,2.0,3.0,6.0,5.0,COMPLETE
916,916,0.8789965845420551,2025-01-06 03:28:54.896545,2025-01-06 03:30:03.470105,0 days 00:01:08.573560,10,15,40.0,10.0,10.0,100.0,35.0,80.0,75.0,5.0,55.0,6,2.0,3.0,5.0,5.0,6.0,3.0,4.0,6.0,6.0,COMPLETE
917,917,0.8495227452645426,2025-01-06 03:30:03.471267,2025-01-06 03:31:04.181363,0 days 00:01:00.710096,10,10,35.0,5.0,5.0,100.0,25.0,90.0,90.0,35.0,45.0,4,2.0,3.0,5.0,3.0,6.0,2.0,5.0,6.0,5.0,COMPLETE
918,918,0.873230298660349,2025-01-06 03:31:04.182262,2025-01-06 03:32:02.926074,0 days 00:00:58.743812,10,10,40.0,5.0,5.0,95.0,30.0,85.0,65.0,30.0,40.0,4,2.0,3.0,5.0,3.0,6.0,2.0,3.0,6.0,6.0,COMPLETE
919,919,0.8473371506057092,2025-01-06 03:32:02.927178,2025-01-06 03:33:04.364126,0 days 00:01:01.436948,10,15,35.0,10.0,10.0,35.0,25.0,95.0,85.0,40.0,50.0,6,2.0,3.0,5.0,3.0,6.0,6.0,5.0,3.0,6.0,COMPLETE
920,920,0.8752897635417398,2025-01-06 03:33:04.365161,2025-01-06 03:34:01.745091,0 days 00:00:57.379930,10,10,40.0,5.0,10.0,100.0,30.0,90.0,70.0,15.0,70.0,4,2.0,6.0,5.0,5.0,6.0,2.0,5.0,6.0,5.0,COMPLETE
921,921,0.8642112829917419,2025-01-06 03:34:01.746077,2025-01-06 03:34:50.213420,0 days 00:00:48.467343,7,20,30.0,80.0,25.0,45.0,35.0,90.0,,,,4,2.0,3.0,5.0,3.0,6.0,3.0,,,,COMPLETE
922,922,0.8829039489204655,2025-01-06 03:34:50.214458,2025-01-06 03:36:06.196781,0 days 00:01:15.982323,10,15,40.0,5.0,5.0,95.0,35.0,95.0,80.0,10.0,55.0,3,2.0,3.0,5.0,4.0,6.0,2.0,4.0,5.0,6.0,COMPLETE
923,923,0.8435431422447546,2025-01-06 03:36:06.197893,2025-01-06 03:36:46.055058,0 days 00:00:39.857165,7,5,40.0,75.0,25.0,100.0,25.0,75.0,,,,6,2.0,3.0,5.0,3.0,6.0,2.0,,,,COMPLETE
924,924,0.81645310448613,2025-01-06 03:36:46.055850,2025-01-06 03:37:48.410209,0 days 00:01:02.354359,10,10,80.0,10.0,5.0,95.0,30.0,90.0,90.0,35.0,60.0,3,2.0,3.0,5.0,3.0,6.0,2.0,3.0,6.0,3.0,COMPLETE
925,925,0.8718932757223872,2025-01-06 03:37:48.411332,2025-01-06 03:38:35.041361,0 days 00:00:46.630029,7,10,35.0,5.0,10.0,90.0,25.0,95.0,,,,3,3.0,3.0,5.0,3.0,6.0,2.0,,,,COMPLETE
926,926,0.8617162072983778,2025-01-06 03:38:35.042113,2025-01-06 03:39:27.820031,0 days 00:00:52.777918,9,15,30.0,5.0,5.0,100.0,30.0,85.0,95.0,25.0,,6,2.0,3.0,5.0,4.0,6.0,4.0,5.0,6.0,,COMPLETE
927,927,0.8383241279592091,2025-01-06 03:39:27.821134,2025-01-06 03:40:17.473781,0 days 00:00:49.652647,7,10,40.0,80.0,5.0,10.0,40.0,85.0,,,,4,2.0,3.0,5.0,5.0,6.0,2.0,,,,COMPLETE
928,928,0.8495729487484289,2025-01-06 03:40:17.474732,2025-01-06 03:41:23.769265,0 days 00:01:06.294533,10,5,45.0,10.0,10.0,95.0,35.0,80.0,75.0,20.0,65.0,3,5.0,3.0,5.0,3.0,5.0,2.0,5.0,5.0,5.0,COMPLETE
929,929,0.8595761963865614,2025-01-06 03:41:23.770248,2025-01-06 03:42:39.319199,0 days 00:01:15.548951,10,10,35.0,75.0,10.0,100.0,25.0,95.0,80.0,65.0,75.0,3,2.0,3.0,5.0,5.0,6.0,2.0,5.0,6.0,6.0,COMPLETE
930,930,0.8653523798997937,2025-01-06 03:42:39.320340,2025-01-06 03:43:16.610590,0 days 00:00:37.290250,7,10,45.0,5.0,5.0,90.0,40.0,75.0,,,,3,6.0,3.0,5.0,3.0,6.0,2.0,,,,COMPLETE
931,931,0.8529321425805951,2025-01-06 03:43:16.611625,2025-01-06 03:44:01.527160,0 days 00:00:44.915535,7,15,35.0,10.0,10.0,95.0,35.0,85.0,,,,3,2.0,3.0,5.0,3.0,6.0,2.0,,,,COMPLETE
932,932,0.8417165590170026,2025-01-06 03:44:01.527897,2025-01-06 03:45:08.470821,0 days 00:01:06.942924,9,5,40.0,85.0,5.0,100.0,20.0,95.0,85.0,5.0,,2,4.0,3.0,5.0,3.0,6.0,3.0,3.0,6.0,,COMPLETE
933,933,0.8711521308904646,2025-01-06 03:45:08.471905,2025-01-06 03:46:20.815720,0 days 00:01:12.343815,10,15,45.0,5.0,20.0,100.0,30.0,90.0,70.0,45.0,40.0,3,3.0,3.0,5.0,5.0,6.0,2.0,5.0,5.0,2.0,COMPLETE
934,934,0.8366216730311036,2025-01-06 03:46:20.816841,2025-01-06 03:47:01.271033,0 days 00:00:40.454192,7,10,30.0,5.0,25.0,95.0,25.0,80.0,,,,3,5.0,3.0,5.0,3.0,6.0,2.0,,,,COMPLETE
935,935,0.821220932185287,2025-01-06 03:47:01.271807,2025-01-06 03:47:58.992414,0 days 00:00:57.720607,10,5,45.0,10.0,5.0,90.0,20.0,95.0,90.0,50.0,35.0,4,2.0,3.0,5.0,4.0,6.0,2.0,2.0,3.0,3.0,COMPLETE
936,936,0.8793482449806405,2025-01-06 03:47:58.993495,2025-01-06 03:48:49.163082,0 days 00:00:50.169587,7,10,40.0,80.0,5.0,85.0,35.0,90.0,,,,3,4.0,3.0,5.0,3.0,6.0,2.0,,,,COMPLETE
937,937,0.847684233578325,2025-01-06 03:48:49.163847,2025-01-06 03:49:56.517780,0 days 00:01:07.353933,9,15,45.0,5.0,10.0,95.0,40.0,85.0,75.0,15.0,,3,4.0,3.0,5.0,3.0,6.0,5.0,3.0,6.0,,COMPLETE
938,938,0.8729484923533753,2025-01-06 03:49:56.518882,2025-01-06 03:50:49.097003,0 days 00:00:52.578121,7,60,40.0,15.0,5.0,100.0,30.0,75.0,,,,3,4.0,3.0,6.0,3.0,6.0,2.0,,,,COMPLETE
939,939,0.85885989420611,2025-01-06 03:50:49.098021,2025-01-06 03:52:19.063266,0 days 00:01:29.965245,10,10,35.0,75.0,10.0,100.0,25.0,100.0,95.0,10.0,80.0,3,4.0,3.0,4.0,5.0,6.0,2.0,5.0,5.0,6.0,COMPLETE
940,940,0.818430028252715,2025-01-06 03:52:19.064397,2025-01-06 03:53:04.502414,0 days 00:00:45.438017,7,5,5.0,85.0,10.0,90.0,20.0,85.0,,,,3,2.0,3.0,5.0,2.0,6.0,3.0,,,,COMPLETE
941,941,0.8693034364504105,2025-01-06 03:53:04.503165,2025-01-06 03:54:13.264632,0 days 00:01:08.761467,10,15,40.0,5.0,5.0,95.0,25.0,90.0,85.0,55.0,85.0,6,6.0,3.0,5.0,6.0,6.0,2.0,3.0,6.0,5.0,COMPLETE
942,942,0.891408655538793,2025-01-06 03:54:13.265477,2025-01-06 03:55:25.119241,0 days 00:01:11.853764,9,10,30.0,10.0,5.0,100.0,75.0,80.0,80.0,25.0,,3,4.0,3.0,5.0,3.0,6.0,2.0,5.0,6.0,,COMPLETE
943,943,0.8482602613913075,2025-01-06 03:55:25.120260,2025-01-06 03:56:28.650851,0 days 00:01:03.530591,9,5,30.0,15.0,5.0,100.0,80.0,80.0,85.0,30.0,,3,4.0,3.0,5.0,2.0,5.0,2.0,4.0,2.0,,COMPLETE
944,944,0.8582178090975034,2025-01-06 03:56:28.651771,2025-01-06 03:57:22.679950,0 days 00:00:54.028179,9,10,30.0,10.0,5.0,95.0,65.0,75.0,80.0,25.0,,3,2.0,3.0,5.0,3.0,6.0,2.0,5.0,4.0,,COMPLETE
945,945,0.874053490041308,2025-01-06 03:57:22.681003,2025-01-06 03:58:24.117871,0 days 00:01:01.436868,9,20,30.0,10.0,5.0,85.0,70.0,85.0,50.0,40.0,,2,4.0,3.0,5.0,4.0,6.0,2.0,5.0,6.0,,COMPLETE
946,946,0.7118704967796348,2025-01-06 03:58:24.118886,2025-01-06 03:58:33.185397,0 days 00:00:09.066511,1,15,,,,,,,,,,3,,,,,,,,,,COMPLETE
947,947,0.8685552311892693,2025-01-06 03:58:33.185935,2025-01-06 03:59:41.080998,0 days 00:01:07.895063,9,10,25.0,10.0,5.0,15.0,70.0,80.0,80.0,30.0,,4,4.0,3.0,5.0,3.0,6.0,2.0,6.0,5.0,,COMPLETE
948,948,0.8752817957684204,2025-01-06 03:59:41.081926,2025-01-06 04:00:57.222634,0 days 00:01:16.140708,9,10,30.0,15.0,5.0,100.0,65.0,80.0,85.0,35.0,,3,4.0,3.0,5.0,5.0,6.0,2.0,3.0,6.0,,COMPLETE
949,949,0.8387070910480878,2025-01-06 04:00:57.223758,2025-01-06 04:02:21.588617,0 days 00:01:24.364859,9,15,30.0,60.0,10.0,90.0,75.0,80.0,80.0,25.0,,3,3.0,3.0,5.0,6.0,6.0,4.0,3.0,5.0,,COMPLETE
950,950,0.8676533831628851,2025-01-06 04:02:21.589732,2025-01-06 04:03:38.727618,0 days 00:01:17.137886,9,40,35.0,15.0,5.0,95.0,75.0,80.0,90.0,30.0,,3,2.0,3.0,5.0,2.0,6.0,3.0,5.0,6.0,,COMPLETE
951,951,0.857752699502589,2025-01-06 04:03:38.728693,2025-01-06 04:04:41.018467,0 days 00:01:02.289774,9,5,30.0,10.0,5.0,100.0,70.0,85.0,90.0,20.0,,3,4.0,3.0,5.0,3.0,6.0,2.0,5.0,6.0,,COMPLETE
952,952,0.8650168171642191,2025-01-06 04:04:41.019345,2025-01-06 04:05:50.350095,0 days 00:01:09.330750,9,10,30.0,65.0,5.0,95.0,80.0,75.0,85.0,35.0,,3,4.0,3.0,5.0,3.0,6.0,2.0,3.0,3.0,,COMPLETE
953,953,0.8734219904771285,2025-01-06 04:05:50.351171,2025-01-06 04:06:56.247202,0 days 00:01:05.896031,9,15,35.0,80.0,5.0,85.0,35.0,80.0,80.0,15.0,,2,4.0,3.0,5.0,2.0,6.0,2.0,5.0,4.0,,COMPLETE
954,954,0.8468430503814612,2025-01-06 04:06:56.248242,2025-01-06 04:08:02.489200,0 days 00:01:06.240958,9,10,25.0,10.0,10.0,100.0,40.0,95.0,85.0,40.0,,3,5.0,3.0,5.0,5.0,6.0,2.0,3.0,5.0,,COMPLETE
955,955,0.8686843816318301,2025-01-06 04:08:02.490297,2025-01-06 04:08:45.116564,0 days 00:00:42.626267,9,10,35.0,80.0,10.0,95.0,75.0,75.0,55.0,25.0,,6,2.0,3.0,5.0,2.0,6.0,2.0,4.0,6.0,,COMPLETE
956,956,0.7744361433086677,2025-01-06 04:08:45.117405,2025-01-06 04:09:45.261782,0 days 00:01:00.144377,9,5,30.0,10.0,90.0,100.0,30.0,85.0,85.0,20.0,,3,4.0,3.0,5.0,3.0,6.0,2.0,2.0,6.0,,COMPLETE
957,957,0.8399706065354797,2025-01-06 04:09:45.262844,2025-01-06 04:10:44.732244,0 days 00:00:59.469400,7,20,30.0,85.0,5.0,85.0,40.0,100.0,,,,3,4.0,3.0,5.0,6.0,6.0,2.0,,,,COMPLETE
958,958,0.8672345151286565,2025-01-06 04:10:44.733063,2025-01-06 04:11:41.320893,0 days 00:00:56.587830,7,90,45.0,15.0,10.0,90.0,80.0,90.0,,,,3,2.0,3.0,5.0,3.0,6.0,2.0,,,,COMPLETE
959,959,0.8496049639560569,2025-01-06 04:11:41.321904,2025-01-06 04:12:45.890485,0 days 00:01:04.568581,8,10,35.0,10.0,10.0,100.0,35.0,95.0,90.0,,,3,4.0,3.0,5.0,5.0,3.0,2.0,5.0,,,COMPLETE
960,960,0.8752537842698465,2025-01-06 04:12:45.891549,2025-01-06 04:13:43.349297,0 days 00:00:57.457748,9,15,25.0,10.0,5.0,90.0,40.0,80.0,95.0,30.0,,3,4.0,3.0,5.0,2.0,2.0,3.0,5.0,5.0,,COMPLETE
961,961,0.8517416774044657,2025-01-06 04:13:43.350112,2025-01-06 04:14:44.497258,0 days 00:01:01.147146,7,5,45.0,80.0,80.0,10.0,80.0,90.0,,,,3,4.0,3.0,5.0,3.0,6.0,2.0,,,,COMPLETE
962,962,0.8766946410157628,2025-01-06 04:14:44.498237,2025-01-06 04:15:36.259838,0 days 00:00:51.761601,8,10,30.0,75.0,5.0,55.0,30.0,85.0,80.0,,,3,2.0,6.0,5.0,2.0,6.0,2.0,5.0,,,COMPLETE
963,963,0.8653850964877385,2025-01-06 04:15:36.260904,2025-01-06 04:16:42.211087,0 days 00:01:05.950183,7,15,40.0,80.0,20.0,90.0,75.0,100.0,,,,3,3.0,3.0,4.0,6.0,6.0,2.0,,,,COMPLETE
964,964,0.8671157880507543,2025-01-06 04:16:42.211868,2025-01-06 04:17:28.058483,0 days 00:00:45.846615,9,10,35.0,85.0,5.0,50.0,35.0,95.0,75.0,45.0,,6,4.0,3.0,5.0,3.0,6.0,2.0,5.0,6.0,,COMPLETE
965,965,0.877352272174707,2025-01-06 04:17:28.059585,2025-01-06 04:18:17.151496,0 days 00:00:49.091911,7,15,40.0,10.0,10.0,95.0,30.0,75.0,,,,3,4.0,3.0,5.0,2.0,6.0,3.0,,,,COMPLETE
966,966,0.8697675113445982,2025-01-06 04:18:17.152270,2025-01-06 04:19:08.155094,0 days 00:00:51.002824,8,5,45.0,15.0,5.0,100.0,40.0,5.0,90.0,,,4,4.0,3.0,5.0,3.0,6.0,2.0,3.0,,,COMPLETE
967,967,0.7896604503762965,2025-01-06 04:19:08.156115,2025-01-06 04:19:58.391703,0 days 00:00:50.235588,7,10,35.0,5.0,25.0,95.0,35.0,80.0,,,,3,2.0,3.0,5.0,5.0,6.0,2.0,,,,COMPLETE
968,968,0.8621066372383415,2025-01-06 04:19:58.392621,2025-01-06 04:21:00.112144,0 days 00:01:01.719523,8,30,45.0,75.0,10.0,95.0,30.0,100.0,95.0,,,3,4.0,3.0,5.0,2.0,6.0,2.0,4.0,,,COMPLETE
969,969,0.8632022353659307,2025-01-06 04:21:00.113024,2025-01-06 04:21:49.032151,0 days 00:00:48.919127,7,10,40.0,50.0,5.0,100.0,25.0,85.0,,,,2,4.0,3.0,4.0,3.0,6.0,4.0,,,,COMPLETE
970,970,0.8538100807279811,2025-01-06 04:21:49.033150,2025-01-06 04:22:35.197789,0 days 00:00:46.164639,7,20,25.0,10.0,10.0,5.0,40.0,95.0,,,,3,2.0,3.0,5.0,4.0,6.0,2.0,,,,COMPLETE
971,971,0.8668382707533001,2025-01-06 04:22:35.198523,2025-01-06 04:23:53.529897,0 days 00:01:18.331374,8,10,45.0,5.0,5.0,90.0,75.0,90.0,80.0,,,3,4.0,3.0,5.0,6.0,6.0,5.0,6.0,,,COMPLETE
972,972,0.8645736985477409,2025-01-06 04:23:53.530974,2025-01-06 04:25:08.135150,0 days 00:01:14.604176,9,55,30.0,80.0,10.0,100.0,35.0,35.0,85.0,25.0,,3,6.0,3.0,5.0,3.0,6.0,2.0,5.0,4.0,,COMPLETE
973,973,0.8395401317949392,2025-01-06 04:25:08.136279,2025-01-06 04:26:04.341432,0 days 00:00:56.205153,7,15,40.0,85.0,20.0,85.0,30.0,75.0,,,,3,4.0,3.0,5.0,5.0,6.0,2.0,,,,COMPLETE
974,974,0.8150652762014889,2025-01-06 04:26:04.342465,2025-01-06 04:26:45.375272,0 days 00:00:41.032807,8,5,40.0,5.0,25.0,95.0,70.0,90.0,75.0,,,4,5.0,3.0,5.0,3.0,5.0,2.0,3.0,,,COMPLETE
975,975,0.8566342268061573,2025-01-06 04:26:45.376067,2025-01-06 04:27:41.028570,0 days 00:00:55.652503,7,50,85.0,10.0,5.0,100.0,65.0,90.0,,,,3,4.0,3.0,5.0,2.0,6.0,2.0,,,,COMPLETE
976,976,0.8506711037160288,2025-01-06 04:27:41.029598,2025-01-06 04:28:42.260177,0 days 00:01:01.230579,8,10,45.0,15.0,10.0,95.0,40.0,100.0,80.0,,,2,2.0,3.0,4.0,3.0,6.0,3.0,5.0,,,COMPLETE
977,977,0.8321747348192725,2025-01-06 04:28:42.261099,2025-01-06 04:29:52.523870,0 days 00:01:10.262771,8,15,35.0,5.0,5.0,90.0,85.0,80.0,35.0,,,3,4.0,3.0,5.0,6.0,6.0,2.0,5.0,,,COMPLETE
978,978,0.8536817893381695,2025-01-06 04:29:52.524774,2025-01-06 04:31:08.898812,0 days 00:01:16.374038,9,5,25.0,85.0,70.0,100.0,95.0,85.0,85.0,10.0,,3,4.0,3.0,5.0,2.0,6.0,2.0,3.0,6.0,,COMPLETE
979,979,0.8750181061594957,2025-01-06 04:31:08.899914,2025-01-06 04:31:55.097898,0 days 00:00:46.197984,7,10,40.0,55.0,5.0,20.0,25.0,95.0,,,,3,2.0,3.0,5.0,3.0,6.0,2.0,,,,COMPLETE
980,980,0.8684836042303989,2025-01-06 04:31:55.098894,2025-01-06 04:32:44.757055,0 days 00:00:49.658161,7,15,45.0,10.0,65.0,100.0,30.0,30.0,,,,4,4.0,3.0,5.0,2.0,6.0,2.0,,,,COMPLETE
981,981,0.8296747535032146,2025-01-06 04:32:44.757844,2025-01-06 04:33:46.646407,0 days 00:01:01.888563,8,10,40.0,70.0,10.0,95.0,35.0,75.0,95.0,,,3,4.0,3.0,5.0,3.0,6.0,2.0,5.0,,,COMPLETE
982,982,0.813971904825004,2025-01-06 04:33:46.647453,2025-01-06 04:34:37.786236,0 days 00:00:51.138783,7,5,30.0,80.0,25.0,95.0,25.0,35.0,,,,3,3.0,3.0,5.0,5.0,4.0,3.0,,,,COMPLETE
983,983,0.8316180419226014,2025-01-06 04:34:37.786999,2025-01-06 04:35:26.049483,0 days 00:00:48.262484,9,10,45.0,65.0,5.0,85.0,80.0,85.0,90.0,15.0,,6,4.0,3.0,5.0,3.0,6.0,2.0,4.0,2.0,,COMPLETE
984,984,0.8512552825192001,2025-01-06 04:35:26.050570,2025-01-06 04:36:23.876168,0 days 00:00:57.825598,8,20,35.0,45.0,55.0,100.0,95.0,15.0,45.0,,,3,2.0,3.0,4.0,2.0,6.0,2.0,3.0,,,COMPLETE
985,985,0.818563622911449,2025-01-06 04:36:23.877123,2025-01-06 04:37:16.107727,0 days 00:00:52.230604,9,15,30.0,75.0,5.0,80.0,40.0,90.0,80.0,5.0,,3,4.0,3.0,6.0,3.0,6.0,2.0,5.0,5.0,,COMPLETE
986,986,0.8655939904412868,2025-01-06 04:37:16.108659,2025-01-06 04:38:13.099471,0 days 00:00:56.990812,7,10,45.0,5.0,10.0,10.0,100.0,100.0,,,,3,4.0,3.0,5.0,6.0,6.0,2.0,,,,COMPLETE
987,987,0.8643409349296421,2025-01-06 04:38:13.100496,2025-01-06 04:39:02.307479,0 days 00:00:49.206983,8,10,35.0,5.0,5.0,90.0,40.0,95.0,90.0,,,3,2.0,3.0,5.0,3.0,6.0,2.0,3.0,,,COMPLETE
988,988,0.8638428020109666,2025-01-06 04:39:02.308256,2025-01-06 04:39:55.134351,0 days 00:00:52.826095,7,15,40.0,10.0,5.0,100.0,30.0,85.0,,,,4,4.0,3.0,5.0,4.0,6.0,2.0,,,,COMPLETE
989,989,0.862997014751032,2025-01-06 04:39:55.135375,2025-01-06 04:40:56.178105,0 days 00:01:01.042730,8,10,45.0,5.0,20.0,40.0,35.0,80.0,75.0,,,3,4.0,3.0,5.0,5.0,6.0,2.0,5.0,,,COMPLETE
990,990,0.8724093122981051,2025-01-06 04:40:56.179096,2025-01-06 04:41:40.295698,0 days 00:00:44.116602,7,5,30.0,35.0,10.0,85.0,25.0,80.0,,,,6,4.0,3.0,5.0,2.0,6.0,3.0,,,,COMPLETE
991,991,0.8203495488920998,2025-01-06 04:41:40.296569,2025-01-06 04:42:27.477257,0 days 00:00:47.180688,9,10,25.0,90.0,10.0,60.0,45.0,35.0,85.0,60.0,,3,6.0,3.0,3.0,3.0,6.0,2.0,4.0,6.0,,COMPLETE
992,992,0.8645809368818129,2025-01-06 04:42:27.478302,2025-01-06 04:43:22.561293,0 days 00:00:55.082991,7,15,40.0,10.0,15.0,35.0,30.0,90.0,,,,3,5.0,3.0,4.0,5.0,6.0,4.0,,,,COMPLETE
993,993,0.8695238627268453,2025-01-06 04:43:22.562181,2025-01-06 04:44:15.599620,0 days 00:00:53.037439,8,5,65.0,5.0,5.0,95.0,20.0,75.0,95.0,,,2,2.0,3.0,5.0,2.0,6.0,2.0,6.0,,,COMPLETE
994,994,0.8132940427148517,2025-01-06 04:44:15.600666,2025-01-06 04:44:37.015857,0 days 00:00:21.415191,3,10,5.0,80.0,,,,,,,,3,4.0,3.0,,,,,,,,COMPLETE
995,995,0.8807653770932092,2025-01-06 04:44:37.016479,2025-01-06 04:45:25.749551,0 days 00:00:48.733072,7,15,35.0,5.0,30.0,100.0,25.0,95.0,,,,3,4.0,3.0,5.0,3.0,6.0,2.0,,,,COMPLETE
996,996,0.8763029752517062,2025-01-06 04:45:25.750573,2025-01-06 04:46:52.036502,0 days 00:01:26.285929,9,10,45.0,10.0,5.0,90.0,95.0,85.0,80.0,35.0,,3,4.0,3.0,5.0,6.0,6.0,2.0,5.0,6.0,,COMPLETE
997,997,0.831877124047391,2025-01-06 04:46:52.037635,2025-01-06 04:47:06.443840,0 days 00:00:14.406205,2,5,60.0,,,,,,,,,3,3.0,,,,,,,,,COMPLETE
998,998,0.8452436550617983,2025-01-06 04:47:06.444435,2025-01-06 04:47:59.184342,0 days 00:00:52.739907,8,10,75.0,5.0,5.0,95.0,35.0,95.0,85.0,,,3,2.0,3.0,3.0,3.0,6.0,2.0,3.0,,,COMPLETE
999,999,0.8423391599261143,2025-01-06 04:47:59.185248,2025-01-06 04:48:56.734048,0 days 00:00:57.548800,8,5,70.0,75.0,15.0,100.0,20.0,30.0,75.0,,,3,4.0,3.0,5.0,2.0,6.0,3.0,5.0,,,COMPLETE
