,number,value,datetime_start,datetime_complete,duration,params_depth,params_neurons_layer_0,params_neurons_layer_1,params_neurons_layer_2,params_neurons_layer_3,params_neurons_layer_4,params_neurons_layer_5,params_neurons_layer_6,params_neurons_layer_7,params_neurons_layer_8,params_neurons_layer_9,params_orders_layer_0,params_orders_layer_1,params_orders_layer_2,params_orders_layer_3,params_orders_layer_4,params_orders_layer_5,params_orders_layer_6,params_orders_layer_7,params_orders_layer_8,params_orders_layer_9,state
0,0,0.9390918603615638,2025-01-06 04:50:17.598665,2025-01-06 04:50:51.515582,0 days 00:00:33.916917,8,85,60.0,70.0,5.0,40.0,55.0,15.0,45.0,,,4,6.0,5.0,5.0,5.0,5.0,4.0,6.0,,,COMPLETE
1,1,0.9407642815797675,2025-01-06 04:50:51.516270,2025-01-06 04:51:15.388839,0 days 00:00:23.872569,5,15,50.0,95.0,50.0,95.0,,,,,,6,2.0,3.0,4.0,6.0,,,,,,COMPLETE
2,2,0.9483333333333333,2025-01-06 04:51:15.389372,2025-01-06 04:51:27.105930,0 days 00:00:11.716558,4,35,60.0,45.0,25.0,,,,,,,2,5.0,2.0,5.0,,,,,,,COMPLETE
3,3,0.9407558932398208,2025-01-06 04:51:27.106308,2025-01-06 04:51:54.848161,0 days 00:00:27.741853,9,15,55.0,70.0,85.0,95.0,100.0,50.0,15.0,70.0,,5,2.0,5.0,6.0,2.0,2.0,3.0,5.0,3.0,,COMPLETE
4,4,0.9508224459793071,2025-01-06 04:51:54.848708,2025-01-06 04:52:12.283389,0 days 00:00:17.434681,6,50,15.0,65.0,20.0,75.0,100.0,,,,,4,6.0,2.0,3.0,5.0,5.0,,,,,COMPLETE
5,5,0.9581154182846625,2025-01-06 04:52:12.283914,2025-01-06 04:52:33.873971,0 days 00:00:21.590057,5,50,35.0,15.0,35.0,20.0,,,,,,3,5.0,6.0,6.0,6.0,,,,,,COMPLETE
6,6,0.9640787269681742,2025-01-06 04:52:33.874522,2025-01-06 04:52:36.536893,0 days 00:00:02.662371,1,45,,,,,,,,,,3,,,,,,,,,,COMPLETE
7,7,0.9508760447922617,2025-01-06 04:52:36.537143,2025-01-06 04:53:16.944907,0 days 00:00:40.407764,10,60,80.0,20.0,100.0,50.0,45.0,65.0,95.0,30.0,15.0,2,5.0,3.0,5.0,2.0,6.0,4.0,6.0,6.0,4.0,COMPLETE
8,8,0.9527747575587844,2025-01-06 04:53:16.945459,2025-01-06 04:53:28.592880,0 days 00:00:11.647421,3,60,80.0,85.0,,,,,,,,6,4.0,6.0,,,,,,,,COMPLETE
9,9,0.9469446698482994,2025-01-06 04:53:28.593227,2025-01-06 04:53:39.952396,0 days 00:00:11.359169,4,65,45.0,65.0,55.0,,,,,,,5,3.0,3.0,2.0,,,,,,,COMPLETE
10,10,0.951307929407272,2025-01-06 04:53:39.952755,2025-01-06 04:53:42.974500,0 days 00:00:03.021745,1,95,,,,,,,,,,3,,,,,,,,,,COMPLETE
11,11,0.9525133603889581,2025-01-06 04:53:42.974771,2025-01-06 04:53:45.796418,0 days 00:00:02.821647,1,35,,,,,,,,,,3,,,,,,,,,,COMPLETE
12,12,0.9366413231959451,2025-01-06 04:53:45.796672,2025-01-06 04:54:10.086766,0 days 00:00:24.290094,7,40,20.0,15.0,50.0,5.0,5.0,95.0,,,,3,4.0,6.0,6.0,6.0,2.0,6.0,,,,COMPLETE
13,13,0.9484316852737905,2025-01-06 04:54:10.087325,2025-01-06 04:54:17.355419,0 days 00:00:07.268094,2,80,30.0,,,,,,,,,3,5.0,,,,,,,,,COMPLETE
14,14,0.9473640129984702,2025-01-06 04:54:17.355710,2025-01-06 04:54:41.358015,0 days 00:00:24.002305,6,25,100.0,35.0,70.0,10.0,5.0,,,,,2,4.0,5.0,4.0,4.0,3.0,,,,,COMPLETE
15,15,0.9287577190355202,2025-01-06 04:54:41.358433,2025-01-06 04:54:51.385762,0 days 00:00:10.027329,3,45,5.0,5.0,,,,,,,,4,3.0,4.0,,,,,,,,COMPLETE
16,16,0.9170158084802208,2025-01-06 04:54:51.386073,2025-01-06 04:55:03.990690,0 days 00:00:12.604617,2,5,35.0,,,,,,,,,3,6.0,,,,,,,,,COMPLETE
17,17,0.9466613327999467,2025-01-06 04:55:03.990996,2025-01-06 04:55:22.416009,0 days 00:00:18.425013,5,70,80.0,30.0,35.0,30.0,,,,,,5,3.0,6.0,6.0,4.0,,,,,,COMPLETE
18,18,0.9551493779025009,2025-01-06 04:55:22.416443,2025-01-06 04:55:43.522268,0 days 00:00:21.105825,7,50,35.0,5.0,5.0,25.0,65.0,10.0,,,,2,5.0,4.0,2.0,3.0,4.0,2.0,,,,COMPLETE
19,19,0.9465776293823038,2025-01-06 04:55:43.522789,2025-01-06 04:55:54.820761,0 days 00:00:11.297972,3,25,70.0,40.0,,,,,,,,3,5.0,5.0,,,,,,,,COMPLETE
20,20,0.9449998472217979,2025-01-06 04:55:54.821088,2025-01-06 04:56:08.336917,0 days 00:00:13.515829,4,75,100.0,55.0,35.0,,,,,,,4,6.0,6.0,3.0,,,,,,,COMPLETE
21,21,0.943182483542772,2025-01-06 04:56:08.337304,2025-01-06 04:56:32.691124,0 days 00:00:24.353820,8,55,35.0,5.0,5.0,25.0,60.0,10.0,100.0,,,2,5.0,4.0,2.0,3.0,4.0,2.0,2.0,,,COMPLETE
22,22,0.9469446698482994,2025-01-06 04:56:32.691560,2025-01-06 04:56:59.276449,0 days 00:00:26.584889,8,50,25.0,20.0,20.0,20.0,75.0,35.0,5.0,,,2,5.0,4.0,3.0,3.0,4.0,2.0,2.0,,,COMPLETE
23,23,0.9483320416343741,2025-01-06 04:56:59.276988,2025-01-06 04:57:19.337276,0 days 00:00:20.060288,7,40,40.0,25.0,35.0,65.0,30.0,5.0,,,,3,4.0,3.0,2.0,3.0,3.0,6.0,,,,COMPLETE
24,24,0.8941419014627716,2025-01-06 04:57:19.337719,2025-01-06 04:57:58.043269,0 days 00:00:38.705550,7,30,5.0,10.0,10.0,40.0,80.0,35.0,,,,2,6.0,4.0,4.0,5.0,6.0,4.0,,,,COMPLETE
25,25,0.935755076142132,2025-01-06 04:57:58.043762,2025-01-06 04:58:40.950391,0 days 00:00:42.906629,10,55,15.0,50.0,60.0,15.0,30.0,85.0,60.0,95.0,90.0,2,4.0,5.0,3.0,3.0,5.0,3.0,4.0,2.0,6.0,COMPLETE
26,26,0.9490060308242126,2025-01-06 04:58:40.951007,2025-01-06 04:58:59.460913,0 days 00:00:18.509906,6,45,45.0,30.0,40.0,40.0,75.0,,,,,3,5.0,4.0,5.0,6.0,3.0,,,,,COMPLETE
27,27,0.9514992883169324,2025-01-06 04:58:59.461358,2025-01-06 04:59:29.160389,0 days 00:00:29.699031,9,65,25.0,15.0,70.0,30.0,40.0,30.0,65.0,5.0,,4,4.0,5.0,6.0,4.0,4.0,5.0,4.0,6.0,,COMPLETE
28,28,0.9409613375130617,2025-01-06 04:59:29.160961,2025-01-06 04:59:41.109912,0 days 00:00:11.948951,5,45,70.0,5.0,15.0,60.0,,,,,,3,3.0,4.0,2.0,4.0,,,,,,COMPLETE
29,29,0.937070226466484,2025-01-06 04:59:41.110278,2025-01-06 04:59:48.996826,0 days 00:00:07.886548,2,90,15.0,,,,,,,,,4,6.0,,,,,,,,,COMPLETE
30,30,0.9593388429752066,2025-01-06 04:59:48.997208,2025-01-06 05:00:10.907695,0 days 00:00:21.910487,8,70,40.0,25.0,30.0,5.0,85.0,65.0,30.0,,,2,5.0,6.0,4.0,5.0,5.0,2.0,3.0,,,COMPLETE
31,31,0.9507805325987144,2025-01-06 05:00:10.908188,2025-01-06 05:00:34.379303,0 days 00:00:23.471115,8,85,35.0,20.0,25.0,5.0,85.0,70.0,30.0,,,2,5.0,6.0,4.0,5.0,5.0,2.0,3.0,,,COMPLETE
32,32,0.9464339654304413,2025-01-06 05:00:34.379787,2025-01-06 05:00:55.885859,0 days 00:00:21.506072,7,70,45.0,30.0,45.0,15.0,65.0,55.0,,,,2,5.0,6.0,3.0,6.0,6.0,3.0,,,,COMPLETE
33,33,0.9433308147028757,2025-01-06 05:00:55.886350,2025-01-06 05:01:25.195720,0 days 00:00:29.309370,9,60,55.0,15.0,30.0,25.0,85.0,70.0,35.0,55.0,,2,5.0,5.0,5.0,5.0,5.0,2.0,3.0,4.0,,COMPLETE
34,34,0.9474568725653867,2025-01-06 05:01:25.196318,2025-01-06 05:01:55.687424,0 days 00:00:30.491106,9,75,25.0,40.0,15.0,5.0,65.0,45.0,80.0,100.0,,2,6.0,6.0,4.0,6.0,4.0,3.0,3.0,4.0,,COMPLETE
35,35,0.9557286432160804,2025-01-06 05:01:55.687959,2025-01-06 05:02:18.655176,0 days 00:00:22.967217,7,50,60.0,10.0,25.0,15.0,90.0,85.0,,,,3,4.0,5.0,4.0,5.0,4.0,2.0,,,,COMPLETE
36,36,0.9422675246656554,2025-01-06 05:02:18.655662,2025-01-06 05:02:37.704464,0 days 00:00:19.048802,6,35,65.0,25.0,40.0,15.0,90.0,,,,,3,4.0,5.0,4.0,5.0,3.0,,,,,COMPLETE
37,37,0.9517441860465117,2025-01-06 05:02:37.704975,2025-01-06 05:03:05.190184,0 days 00:00:27.485209,8,55,50.0,100.0,25.0,35.0,95.0,85.0,25.0,,,4,2.0,6.0,5.0,6.0,6.0,5.0,5.0,,,COMPLETE
38,38,0.9526216866137815,2025-01-06 05:03:05.190723,2025-01-06 05:03:21.779023,0 days 00:00:16.588300,5,65,60.0,80.0,60.0,15.0,,,,,,3,3.0,6.0,5.0,5.0,,,,,,COMPLETE
39,39,0.9374968794208205,2025-01-06 05:03:21.779421,2025-01-06 05:03:39.274721,0 days 00:00:17.495300,4,15,90.0,55.0,30.0,,,,,,,5,4.0,5.0,4.0,,,,,,,COMPLETE
40,40,0.947361809045226,2025-01-06 05:03:39.275133,2025-01-06 05:04:08.565298,0 days 00:00:29.290165,9,100,55.0,10.0,45.0,5.0,70.0,95.0,45.0,15.0,,4,5.0,5.0,4.0,6.0,5.0,3.0,2.0,2.0,,COMPLETE
41,41,0.9267262509797622,2025-01-06 05:04:08.565897,2025-01-06 05:04:28.586621,0 days 00:00:20.020724,7,50,40.0,10.0,5.0,25.0,90.0,80.0,,,,2,5.0,5.0,3.0,4.0,4.0,2.0,,,,COMPLETE
42,42,0.9366638517267434,2025-01-06 05:04:28.587086,2025-01-06 05:04:52.536018,0 days 00:00:23.948932,6,40,50.0,5.0,15.0,20.0,80.0,,,,,3,4.0,3.0,5.0,5.0,4.0,,,,,COMPLETE
43,43,0.948329745121189,2025-01-06 05:04:52.536437,2025-01-06 05:05:14.907031,0 days 00:00:22.370594,7,60,40.0,15.0,10.0,45.0,50.0,60.0,,,,2,5.0,6.0,6.0,5.0,4.0,2.0,,,,COMPLETE
44,44,0.9416587257710077,2025-01-06 05:05:14.907535,2025-01-06 05:05:37.349487,0 days 00:00:22.441952,8,45,30.0,25.0,20.0,10.0,70.0,75.0,75.0,,,3,6.0,4.0,3.0,3.0,3.0,2.0,5.0,,,COMPLETE
45,45,0.945011167783445,2025-01-06 05:05:37.350030,2025-01-06 05:05:44.005432,0 days 00:00:06.655402,1,50,,,,,,,,,,6,,,,,,,,,,COMPLETE
46,46,0.9106438127090302,2025-01-06 05:05:44.005713,2025-01-06 05:06:22.973992,0 days 00:00:38.968279,10,55,60.0,10.0,30.0,30.0,90.0,20.0,5.0,75.0,100.0,3,4.0,2.0,2.0,5.0,5.0,3.0,3.0,5.0,2.0,COMPLETE
47,47,0.9400797607178464,2025-01-06 05:06:22.974496,2025-01-06 05:06:38.667047,0 days 00:00:15.692551,7,40,70.0,20.0,20.0,85.0,80.0,100.0,,,,2,4.0,6.0,4.0,2.0,4.0,2.0,,,,COMPLETE
48,48,0.9549275362318841,2025-01-06 05:06:38.667511,2025-01-06 05:06:56.120058,0 days 00:00:17.452547,5,30,50.0,40.0,25.0,20.0,,,,,,4,5.0,4.0,6.0,4.0,,,,,,COMPLETE
49,49,0.948047138047138,2025-01-06 05:06:56.120536,2025-01-06 05:07:05.178266,0 days 00:00:09.057730,3,70,20.0,35.0,,,,,,,,3,2.0,5.0,,,,,,,,COMPLETE
50,50,0.9481470295423784,2025-01-06 05:07:05.178572,2025-01-06 05:07:27.512292,0 days 00:00:22.333720,6,35,30.0,15.0,10.0,10.0,55.0,,,,,2,6.0,6.0,5.0,6.0,5.0,,,,,COMPLETE
51,51,0.9465640982761263,2025-01-06 05:07:27.512773,2025-01-06 05:07:46.729429,0 days 00:00:19.216656,5,25,50.0,45.0,25.0,20.0,,,,,,4,5.0,4.0,6.0,4.0,,,,,,COMPLETE
52,52,0.9458717428200605,2025-01-06 05:07:46.729844,2025-01-06 05:08:01.566342,0 days 00:00:14.836498,4,50,45.0,35.0,40.0,,,,,,,5,5.0,4.0,6.0,,,,,,,COMPLETE
53,53,0.947361809045226,2025-01-06 05:08:01.566770,2025-01-06 05:08:16.759075,0 days 00:00:15.192305,5,30,60.0,20.0,100.0,35.0,,,,,,4,5.0,3.0,6.0,4.0,,,,,,COMPLETE
54,54,0.9413507788650144,2025-01-06 05:08:16.759481,2025-01-06 05:08:38.531200,0 days 00:00:21.771719,6,30,40.0,25.0,30.0,20.0,60.0,,,,,5,5.0,4.0,5.0,4.0,5.0,,,,,COMPLETE
55,55,0.9300033401835403,2025-01-06 05:08:38.531733,2025-01-06 05:09:10.031647,0 days 00:00:31.499914,8,15,65.0,5.0,45.0,100.0,100.0,45.0,20.0,,,3,4.0,5.0,6.0,2.0,2.0,3.0,4.0,,,COMPLETE
56,56,0.941653538712877,2025-01-06 05:09:10.032125,2025-01-06 05:09:21.324092,0 days 00:00:11.291967,3,20,35.0,40.0,,,,,,,,4,5.0,3.0,,,,,,,,COMPLETE
57,57,0.9411297852474323,2025-01-06 05:09:21.324405,2025-01-06 05:09:24.384384,0 days 00:00:03.059979,1,60,,,,,,,,,,3,,,,,,,,,,COMPLETE
58,58,0.9467238194923255,2025-01-06 05:09:24.384680,2025-01-06 05:09:44.937437,0 days 00:00:20.552757,4,5,55.0,10.0,35.0,,,,,,,2,6.0,5.0,6.0,,,,,,,COMPLETE
59,59,0.9377569465110384,2025-01-06 05:09:44.937907,2025-01-06 05:09:49.250187,0 days 00:00:04.312280,2,45,45.0,,,,,,,,,3,4.0,,,,,,,,,COMPLETE
60,60,0.9517375800128464,2025-01-06 05:09:49.250463,2025-01-06 05:10:05.552669,0 days 00:00:16.302206,7,65,75.0,60.0,90.0,10.0,95.0,85.0,,,,4,5.0,4.0,2.0,4.0,3.0,2.0,,,,COMPLETE
61,61,0.9315172457889807,2025-01-06 05:10:05.553111,2025-01-06 05:10:19.228908,0 days 00:00:13.675797,3,55,85.0,85.0,,,,,,,,6,4.0,6.0,,,,,,,,COMPLETE
62,62,0.9407558932398208,2025-01-06 05:10:19.229267,2025-01-06 05:10:27.404954,0 days 00:00:08.175687,2,75,80.0,,,,,,,,,5,4.0,,,,,,,,,COMPLETE
63,63,0.9441077441077441,2025-01-06 05:10:27.405244,2025-01-06 05:10:41.793351,0 days 00:00:14.388107,4,65,95.0,65.0,20.0,,,,,,,6,3.0,6.0,3.0,,,,,,,COMPLETE
64,64,0.9508224459793071,2025-01-06 05:10:41.793759,2025-01-06 05:10:57.442922,0 days 00:00:15.649163,5,60,30.0,45.0,5.0,25.0,,,,,,3,5.0,6.0,5.0,3.0,,,,,,COMPLETE
65,65,0.9390137659509117,2025-01-06 05:10:57.443352,2025-01-06 05:11:03.679645,0 days 00:00:06.236293,1,80,,,,,,,,,,5,,,,,,,,,,COMPLETE
66,66,0.9439865306327587,2025-01-06 05:11:03.679910,2025-01-06 05:11:24.457383,0 days 00:00:20.777473,6,35,35.0,75.0,55.0,10.0,70.0,,,,,2,4.0,6.0,4.0,6.0,5.0,,,,,COMPLETE
67,67,0.9391790672126236,2025-01-06 05:11:24.457909,2025-01-06 05:11:54.769072,0 days 00:00:30.311163,7,50,75.0,90.0,25.0,50.0,35.0,25.0,,,,3,5.0,5.0,5.0,5.0,6.0,5.0,,,,COMPLETE
68,68,0.9275248560962848,2025-01-06 05:11:54.769566,2025-01-06 05:12:21.130713,0 days 00:00:26.361147,8,40,40.0,30.0,35.0,20.0,20.0,60.0,40.0,,,4,4.0,6.0,3.0,3.0,2.0,3.0,4.0,,,COMPLETE
69,69,0.927280180364829,2025-01-06 05:12:21.131211,2025-01-06 05:12:37.009785,0 days 00:00:15.878574,5,45,20.0,70.0,15.0,30.0,,,,,,2,5.0,4.0,6.0,2.0,,,,,,COMPLETE
70,70,0.9349953601750668,2025-01-06 05:12:37.010259,2025-01-06 05:12:41.182790,0 days 00:00:04.172531,2,60,50.0,,,,,,,,,2,3.0,,,,,,,,,COMPLETE
71,71,0.9454450909295331,2025-01-06 05:12:41.183065,2025-01-06 05:12:59.694500,0 days 00:00:18.511435,5,65,65.0,80.0,65.0,15.0,,,,,,3,3.0,6.0,5.0,5.0,,,,,,COMPLETE
72,72,0.9540248819003161,2025-01-06 05:12:59.694915,2025-01-06 05:13:16.348801,0 days 00:00:16.653886,5,70,60.0,90.0,75.0,5.0,,,,,,3,2.0,6.0,6.0,5.0,,,,,,COMPLETE
73,73,0.953165548098434,2025-01-06 05:13:16.349211,2025-01-06 05:13:27.311585,0 days 00:00:10.962374,3,70,45.0,90.0,,,,,,,,3,2.0,6.0,,,,,,,,COMPLETE
74,74,0.9457874234835837,2025-01-06 05:13:27.311904,2025-01-06 05:13:40.506707,0 days 00:00:13.194803,4,70,55.0,90.0,50.0,,,,,,,3,2.0,6.0,6.0,,,,,,,COMPLETE
75,75,0.9557957707289928,2025-01-06 05:13:40.507101,2025-01-06 05:13:59.734403,0 days 00:00:19.227302,6,80,45.0,95.0,85.0,5.0,95.0,,,,,3,2.0,6.0,6.0,5.0,4.0,,,,,COMPLETE
76,76,0.9357699371139184,2025-01-06 05:13:59.734974,2025-01-06 05:14:21.687523,0 days 00:00:21.952549,6,80,60.0,100.0,95.0,5.0,100.0,,,,,3,2.0,6.0,6.0,5.0,4.0,,,,,COMPLETE
77,77,0.9491977126629949,2025-01-06 05:14:21.687958,2025-01-06 05:14:38.095395,0 days 00:00:16.407437,7,85,40.0,95.0,75.0,10.0,95.0,75.0,,,,3,2.0,4.0,6.0,5.0,4.0,2.0,,,,COMPLETE
78,78,0.9542786069651741,2025-01-06 05:14:38.095881,2025-01-06 05:14:58.367787,0 days 00:00:20.271906,6,80,50.0,95.0,80.0,5.0,85.0,,,,,3,2.0,5.0,6.0,5.0,3.0,,,,,COMPLETE
79,79,0.9478077497583692,2025-01-06 05:14:58.368213,2025-01-06 05:15:22.899341,0 days 00:00:24.531128,6,90,45.0,95.0,85.0,15.0,85.0,,,,,2,6.0,5.0,6.0,4.0,3.0,,,,,COMPLETE
80,80,0.9482447705450339,2025-01-06 05:15:22.899912,2025-01-06 05:15:45.943810,0 days 00:00:23.043898,7,85,50.0,15.0,80.0,10.0,75.0,40.0,,,,3,2.0,4.0,6.0,5.0,3.0,4.0,,,,COMPLETE
81,81,0.954932105509599,2025-01-06 05:15:45.944265,2025-01-06 05:16:05.037612,0 days 00:00:19.093347,5,80,55.0,100.0,80.0,5.0,,,,,,3,2.0,6.0,6.0,5.0,,,,,,COMPLETE
82,82,0.959089309946223,2025-01-06 05:16:05.038036,2025-01-06 05:16:26.467460,0 days 00:00:21.429424,6,90,55.0,95.0,90.0,5.0,90.0,,,,,3,2.0,5.0,6.0,5.0,4.0,,,,,COMPLETE
83,83,0.9573969122532735,2025-01-06 05:16:26.467902,2025-01-06 05:16:47.680839,0 days 00:00:21.212937,5,90,55.0,100.0,85.0,5.0,,,,,,3,2.0,6.0,6.0,5.0,,,,,,COMPLETE
84,84,0.9527006551216852,2025-01-06 05:16:47.681368,2025-01-06 05:17:13.470672,0 days 00:00:25.789304,8,95,55.0,100.0,90.0,5.0,90.0,55.0,55.0,,,3,2.0,6.0,6.0,5.0,4.0,3.0,2.0,,,COMPLETE
85,85,0.9474495531292085,2025-01-06 05:17:13.471170,2025-01-06 05:17:35.866505,0 days 00:00:22.395335,6,90,65.0,100.0,95.0,10.0,100.0,,,,,3,2.0,6.0,6.0,6.0,4.0,,,,,COMPLETE
86,86,0.9557998597615947,2025-01-06 05:17:35.866982,2025-01-06 05:18:00.255573,0 days 00:00:24.388591,7,95,35.0,85.0,85.0,15.0,80.0,15.0,,,,3,2.0,6.0,4.0,5.0,4.0,2.0,,,,COMPLETE
87,87,0.9583997785160576,2025-01-06 05:18:00.256055,2025-01-06 05:18:22.781137,0 days 00:00:22.525082,7,100,25.0,85.0,85.0,15.0,80.0,15.0,,,,3,2.0,6.0,4.0,5.0,4.0,2.0,,,,COMPLETE
88,88,0.9336717428087986,2025-01-06 05:18:22.781674,2025-01-06 05:18:42.786517,0 days 00:00:20.004843,7,100,25.0,85.0,85.0,15.0,80.0,20.0,,,,3,2.0,6.0,4.0,5.0,4.0,2.0,,,,COMPLETE
89,89,0.9483262999686068,2025-01-06 05:18:42.786980,2025-01-06 05:19:06.092012,0 days 00:00:23.305032,8,95,15.0,80.0,90.0,10.0,95.0,15.0,70.0,,,3,2.0,6.0,4.0,5.0,4.0,2.0,3.0,,,COMPLETE
90,90,0.9532674592003122,2025-01-06 05:19:06.092472,2025-01-06 05:19:26.556512,0 days 00:00:20.464040,7,100,30.0,95.0,95.0,65.0,85.0,25.0,,,,3,3.0,6.0,4.0,5.0,4.0,3.0,,,,COMPLETE
91,91,0.9425508902324033,2025-01-06 05:19:26.557016,2025-01-06 05:19:56.562131,0 days 00:00:30.005115,7,95,35.0,5.0,85.0,15.0,75.0,5.0,,,,2,2.0,6.0,4.0,5.0,4.0,2.0,,,,COMPLETE
92,92,0.9439561053248819,2025-01-06 05:19:56.562669,2025-01-06 05:20:14.490725,0 days 00:00:17.928056,6,90,30.0,95.0,75.0,25.0,80.0,,,,,3,2.0,6.0,2.0,6.0,4.0,,,,,COMPLETE
93,93,0.949126038542229,2025-01-06 05:20:14.491169,2025-01-06 05:20:45.239852,0 days 00:00:30.748683,8,95,35.0,85.0,85.0,20.0,90.0,10.0,85.0,,,3,3.0,5.0,4.0,5.0,4.0,2.0,5.0,,,COMPLETE
94,94,0.9450646819067872,2025-01-06 05:20:45.240329,2025-01-06 05:21:16.919777,0 days 00:00:31.679448,9,90,25.0,10.0,90.0,5.0,95.0,15.0,15.0,35.0,,2,2.0,6.0,4.0,5.0,4.0,2.0,6.0,3.0,,COMPLETE
95,95,0.9509585512277636,2025-01-06 05:21:16.920411,2025-01-06 05:21:37.127666,0 days 00:00:20.207255,7,85,40.0,75.0,100.0,15.0,65.0,10.0,,,,3,2.0,6.0,3.0,6.0,5.0,2.0,,,,COMPLETE
96,96,0.9367581710203912,2025-01-06 05:21:37.128143,2025-01-06 05:21:57.390080,0 days 00:00:20.261937,6,100,20.0,5.0,70.0,10.0,75.0,,,,,3,2.0,6.0,5.0,5.0,4.0,,,,,COMPLETE
97,97,0.9642537313432836,2025-01-06 05:21:57.390516,2025-01-06 05:22:20.974720,0 days 00:00:23.584204,7,45,40.0,85.0,80.0,15.0,85.0,5.0,,,,2,3.0,5.0,3.0,5.0,4.0,4.0,,,,COMPLETE
98,98,0.9535524611309898,2025-01-06 05:22:20.975286,2025-01-06 05:22:45.874172,0 days 00:00:24.898886,8,95,45.0,85.0,80.0,15.0,90.0,5.0,50.0,,,2,3.0,5.0,4.0,5.0,4.0,6.0,3.0,,,COMPLETE
99,99,0.9432373074093068,2025-01-06 05:22:45.874835,2025-01-06 05:23:09.132858,0 days 00:00:23.258023,7,45,40.0,90.0,95.0,5.0,85.0,20.0,,,,3,3.0,5.0,4.0,5.0,4.0,4.0,,,,COMPLETE
100,100,0.9475371466286557,2025-01-06 05:23:09.133410,2025-01-06 05:23:31.668928,0 days 00:00:22.535518,6,90,35.0,80.0,90.0,10.0,80.0,,,,,3,2.0,5.0,3.0,6.0,5.0,,,,,COMPLETE
101,101,0.9341131091131092,2025-01-06 05:23:31.669475,2025-01-06 05:23:52.753549,0 days 00:00:21.084074,7,50,40.0,10.0,85.0,20.0,85.0,15.0,,,,2,2.0,5.0,2.0,5.0,4.0,2.0,,,,COMPLETE
102,102,0.9556582633053221,2025-01-06 05:23:52.754104,2025-01-06 05:24:10.814955,0 days 00:00:18.060851,7,55,45.0,75.0,80.0,15.0,90.0,5.0,,,,2,2.0,6.0,2.0,5.0,4.0,2.0,,,,COMPLETE
103,103,0.9533162025140635,2025-01-06 05:24:10.815559,2025-01-06 05:24:31.795963,0 days 00:00:20.980404,7,55,45.0,95.0,80.0,10.0,95.0,5.0,,,,2,2.0,6.0,2.0,5.0,4.0,5.0,,,,COMPLETE
104,104,0.9557957707289928,2025-01-06 05:24:31.796508,2025-01-06 05:24:52.047733,0 days 00:00:20.251225,6,40,45.0,90.0,75.0,15.0,90.0,,,,,2,2.0,6.0,3.0,5.0,4.0,,,,,COMPLETE
105,105,0.9499165275459098,2025-01-06 05:24:52.048243,2025-01-06 05:25:09.334093,0 days 00:00:17.285850,6,40,50.0,90.0,75.0,85.0,100.0,,,,,2,2.0,6.0,3.0,5.0,4.0,,,,,COMPLETE
106,106,0.9466660740674897,2025-01-06 05:25:09.334647,2025-01-06 05:25:29.740071,0 days 00:00:20.405424,6,45,55.0,85.0,85.0,5.0,80.0,,,,,3,3.0,6.0,3.0,5.0,4.0,,,,,COMPLETE
107,107,0.9433954427267215,2025-01-06 05:25:29.740675,2025-01-06 05:26:03.455803,0 days 00:00:33.715128,9,40,35.0,95.0,65.0,25.0,90.0,30.0,30.0,45.0,,3,2.0,6.0,3.0,5.0,5.0,3.0,4.0,5.0,,COMPLETE
108,108,0.9507667473769168,2025-01-06 05:26:03.456411,2025-01-06 05:26:26.011188,0 days 00:00:22.554777,8,50,60.0,90.0,90.0,20.0,95.0,65.0,55.0,,,4,2.0,5.0,3.0,6.0,4.0,4.0,2.0,,,COMPLETE
109,109,0.9574099200964872,2025-01-06 05:26:26.011759,2025-01-06 05:26:42.507875,0 days 00:00:16.496116,6,75,50.0,80.0,75.0,30.0,15.0,,,,,2,2.0,6.0,4.0,5.0,3.0,,,,,COMPLETE
110,110,0.9530284475599284,2025-01-06 05:26:42.508417,2025-01-06 05:27:00.320726,0 days 00:00:17.812309,6,75,50.0,85.0,75.0,10.0,20.0,,,,,2,2.0,6.0,4.0,5.0,3.0,,,,,COMPLETE
111,111,0.9463985095732981,2025-01-06 05:27:00.321304,2025-01-06 05:27:15.646896,0 days 00:00:15.325592,6,75,45.0,80.0,65.0,30.0,15.0,,,,,2,2.0,6.0,4.0,5.0,2.0,,,,,COMPLETE
112,112,0.9482295359778803,2025-01-06 05:27:15.647402,2025-01-06 05:27:32.371426,0 days 00:00:16.724024,5,100,10.0,90.0,70.0,15.0,,,,,,2,2.0,6.0,4.0,5.0,,,,,,COMPLETE
113,113,0.9330162815419907,2025-01-06 05:27:32.371920,2025-01-06 05:27:47.924446,0 days 00:00:15.552526,6,85,40.0,100.0,30.0,35.0,85.0,,,,,2,2.0,2.0,4.0,5.0,3.0,,,,,COMPLETE
114,114,0.9466642961909417,2025-01-06 05:27:47.924964,2025-01-06 05:28:06.887926,0 days 00:00:18.962962,7,95,60.0,80.0,85.0,20.0,45.0,90.0,,,,3,2.0,6.0,4.0,5.0,4.0,3.0,,,,COMPLETE
115,115,0.9456951423785595,2025-01-06 05:28:06.888485,2025-01-06 05:28:22.284417,0 days 00:00:15.395932,5,45,50.0,85.0,80.0,5.0,,,,,,3,3.0,6.0,5.0,5.0,,,,,,COMPLETE
116,116,0.9491235392320534,2025-01-06 05:28:22.285006,2025-01-06 05:28:40.489405,0 days 00:00:18.204399,6,35,55.0,95.0,90.0,15.0,10.0,,,,,2,2.0,6.0,3.0,4.0,5.0,,,,,COMPLETE
117,117,0.9542144350710218,2025-01-06 05:28:40.489926,2025-01-06 05:29:04.378052,0 days 00:00:23.888126,8,40,30.0,20.0,95.0,20.0,70.0,30.0,90.0,,,3,2.0,6.0,6.0,5.0,3.0,4.0,5.0,,,COMPLETE
118,118,0.9533304259178498,2025-01-06 05:29:04.378634,2025-01-06 05:29:29.626613,0 days 00:00:25.247979,7,85,40.0,60.0,35.0,10.0,85.0,35.0,,,,2,3.0,5.0,4.0,4.0,4.0,6.0,,,,COMPLETE
119,119,0.9556478042385843,2025-01-06 05:29:29.627186,2025-01-06 05:29:49.640746,0 days 00:00:20.013560,6,50,35.0,90.0,75.0,25.0,30.0,,,,,3,2.0,6.0,6.0,6.0,6.0,,,,,COMPLETE
120,120,0.9599982221432064,2025-01-06 05:29:49.641381,2025-01-06 05:30:02.988254,0 days 00:00:13.346873,5,80,45.0,100.0,85.0,55.0,,,,,,2,2.0,6.0,3.0,5.0,,,,,,COMPLETE
121,121,0.9530988274706867,2025-01-06 05:30:02.988778,2025-01-06 05:30:16.564321,0 days 00:00:13.575543,5,80,45.0,100.0,85.0,65.0,,,,,,2,2.0,6.0,3.0,5.0,,,,,,COMPLETE
122,122,0.951826046165096,2025-01-06 05:30:16.564811,2025-01-06 05:30:26.956150,0 days 00:00:10.391339,4,90,50.0,95.0,85.0,,,,,,,2,2.0,6.0,4.0,,,,,,,COMPLETE
123,123,0.9474495531292085,2025-01-06 05:30:26.956586,2025-01-06 05:30:41.280476,0 days 00:00:14.323890,5,75,40.0,50.0,80.0,55.0,,,,,,2,2.0,6.0,3.0,5.0,,,,,,COMPLETE
124,124,0.9591318864774624,2025-01-06 05:30:41.280989,2025-01-06 05:30:56.169307,0 days 00:00:14.888318,5,80,45.0,100.0,90.0,55.0,,,,,,2,2.0,6.0,4.0,5.0,,,,,,COMPLETE
125,125,0.9533238330958274,2025-01-06 05:30:56.169792,2025-01-06 05:31:10.256200,0 days 00:00:14.086408,5,80,45.0,100.0,90.0,55.0,,,,,,2,2.0,6.0,4.0,5.0,,,,,,COMPLETE
126,126,0.9576781523068616,2025-01-06 05:31:10.256781,2025-01-06 05:31:23.315571,0 days 00:00:13.058790,5,85,40.0,100.0,95.0,60.0,,,,,,2,2.0,6.0,3.0,5.0,,,,,,COMPLETE
127,127,0.9576036484245439,2025-01-06 05:31:23.316081,2025-01-06 05:31:33.245957,0 days 00:00:09.929876,4,85,35.0,100.0,100.0,,,,,,,2,2.0,6.0,4.0,,,,,,,COMPLETE
128,128,0.9524596549805231,2025-01-06 05:31:33.246444,2025-01-06 05:31:46.082858,0 days 00:00:12.836414,4,85,35.0,100.0,100.0,,,,,,,2,2.0,6.0,4.0,,,,,,,COMPLETE
129,129,0.9433276660999433,2025-01-06 05:31:46.083360,2025-01-06 05:31:59.857349,0 days 00:00:13.773989,5,90,30.0,100.0,95.0,70.0,,,,,,2,2.0,6.0,3.0,4.0,,,,,,COMPLETE
130,130,0.94911514274584,2025-01-06 05:31:59.857860,2025-01-06 05:32:13.783976,0 days 00:00:13.926116,4,85,40.0,100.0,100.0,,,,,,,2,2.0,6.0,4.0,,,,,,,COMPLETE
131,131,0.9523816170763982,2025-01-06 05:32:13.784449,2025-01-06 05:32:29.309816,0 days 00:00:15.525367,5,80,30.0,95.0,95.0,60.0,,,,,,2,2.0,6.0,4.0,5.0,,,,,,COMPLETE
132,132,0.9356430390492361,2025-01-06 05:32:29.310321,2025-01-06 05:32:45.735476,0 days 00:00:16.425155,5,85,35.0,100.0,90.0,50.0,,,,,,2,2.0,6.0,4.0,5.0,,,,,,COMPLETE
133,133,0.9516665324070345,2025-01-06 05:32:45.736056,2025-01-06 05:32:59.822355,0 days 00:00:14.086299,5,80,25.0,95.0,95.0,45.0,,,,,,2,2.0,6.0,4.0,5.0,,,,,,COMPLETE
134,134,0.9474495531292085,2025-01-06 05:32:59.822852,2025-01-06 05:33:17.134328,0 days 00:00:17.311476,5,75,45.0,100.0,90.0,50.0,,,,,,2,2.0,6.0,4.0,5.0,,,,,,COMPLETE
135,135,0.9431438127090301,2025-01-06 05:33:17.134822,2025-01-06 05:33:36.517305,0 days 00:00:19.382483,5,95,40.0,95.0,85.0,60.0,,,,,,2,2.0,6.0,6.0,5.0,,,,,,COMPLETE
136,136,0.9567327524868701,2025-01-06 05:33:36.517805,2025-01-06 05:33:53.104215,0 days 00:00:16.586410,5,80,55.0,100.0,100.0,55.0,,,,,,2,2.0,6.0,6.0,5.0,,,,,,COMPLETE
137,137,0.9414577670391624,2025-01-06 05:33:53.104754,2025-01-06 05:34:10.700739,0 days 00:00:17.595985,5,90,55.0,100.0,100.0,55.0,,,,,,2,2.0,6.0,5.0,6.0,,,,,,COMPLETE
138,138,0.9573869346733668,2025-01-06 05:34:10.701311,2025-01-06 05:34:22.816683,0 days 00:00:12.115372,4,75,55.0,100.0,100.0,,,,,,,2,2.0,6.0,3.0,,,,,,,COMPLETE
139,139,0.9550000000000001,2025-01-06 05:34:22.817137,2025-01-06 05:34:35.179620,0 days 00:00:12.362483,4,75,55.0,100.0,100.0,,,,,,,2,2.0,6.0,3.0,,,,,,,COMPLETE
140,140,0.9617939145095378,2025-01-06 05:34:35.180057,2025-01-06 05:34:45.951620,0 days 00:00:10.771563,4,80,55.0,100.0,100.0,,,,,,,2,2.0,6.0,3.0,,,,,,,COMPLETE
141,141,0.9509535655058043,2025-01-06 05:34:45.952056,2025-01-06 05:34:55.854766,0 days 00:00:09.902710,4,80,55.0,100.0,100.0,,,,,,,2,2.0,6.0,3.0,,,,,,,COMPLETE
142,142,0.9432943294329433,2025-01-06 05:34:55.855197,2025-01-06 05:35:05.114907,0 days 00:00:09.259710,3,70,50.0,95.0,,,,,,,,2,2.0,6.0,,,,,,,,COMPLETE
143,143,0.9484170162105292,2025-01-06 05:35:05.115368,2025-01-06 05:35:17.726465,0 days 00:00:12.611097,4,80,60.0,100.0,95.0,,,,,,,2,2.0,6.0,3.0,,,,,,,COMPLETE
144,144,0.9414488992303562,2025-01-06 05:35:17.726906,2025-01-06 05:35:27.972499,0 days 00:00:10.245593,4,85,60.0,100.0,100.0,,,,,,,2,2.0,6.0,3.0,,,,,,,COMPLETE
145,145,0.9465555447159004,2025-01-06 05:35:27.972941,2025-01-06 05:35:43.360121,0 days 00:00:15.387180,5,75,55.0,95.0,95.0,45.0,,,,,,2,2.0,6.0,3.0,6.0,,,,,,COMPLETE
146,146,0.9499103950144511,2025-01-06 05:35:43.360702,2025-01-06 05:35:54.056169,0 days 00:00:10.695467,4,70,50.0,95.0,100.0,,,,,,,2,2.0,6.0,3.0,,,,,,,COMPLETE
147,147,0.9624088487866977,2025-01-06 05:35:54.056616,2025-01-06 05:36:08.733121,0 days 00:00:14.676505,5,80,65.0,100.0,95.0,55.0,,,,,,2,2.0,6.0,3.0,4.0,,,,,,COMPLETE
148,148,0.9518239191564632,2025-01-06 05:36:08.733627,2025-01-06 05:36:21.102187,0 days 00:00:12.368560,5,85,75.0,100.0,95.0,60.0,,,,,,2,2.0,6.0,3.0,4.0,,,,,,COMPLETE
149,149,0.9447180341945097,2025-01-06 05:36:21.102679,2025-01-06 05:36:29.018533,0 days 00:00:07.915854,3,75,65.0,90.0,,,,,,,,2,2.0,6.0,,,,,,,,COMPLETE
150,150,0.9472736236463358,2025-01-06 05:36:29.018951,2025-01-06 05:36:40.174542,0 days 00:00:11.155591,4,80,45.0,95.0,90.0,,,,,,,2,5.0,6.0,3.0,,,,,,,COMPLETE
151,151,0.9582065509217828,2025-01-06 05:36:40.175034,2025-01-06 05:36:52.211872,0 days 00:00:12.036838,5,80,70.0,100.0,100.0,55.0,,,,,,2,2.0,6.0,3.0,4.0,,,,,,COMPLETE
152,152,0.937909780851446,2025-01-06 05:36:52.212432,2025-01-06 05:37:08.585254,0 days 00:00:16.372822,5,85,65.0,100.0,95.0,60.0,,,,,,2,2.0,6.0,3.0,4.0,,,,,,COMPLETE
153,153,0.9624732170186716,2025-01-06 05:37:08.585752,2025-01-06 05:37:22.680113,0 days 00:00:14.094361,5,75,75.0,95.0,95.0,65.0,,,,,,2,2.0,6.0,3.0,4.0,,,,,,COMPLETE
154,154,0.9406689747598838,2025-01-06 05:37:22.680590,2025-01-06 05:37:36.127683,0 days 00:00:13.447093,5,80,70.0,95.0,95.0,65.0,,,,,,2,2.0,6.0,3.0,4.0,,,,,,COMPLETE
155,155,0.9498298392351294,2025-01-06 05:37:36.128150,2025-01-06 05:37:51.671677,0 days 00:00:15.543527,5,85,70.0,65.0,90.0,55.0,,,,,,2,2.0,6.0,3.0,4.0,,,,,,COMPLETE
156,156,0.9425009985354813,2025-01-06 05:37:51.672141,2025-01-06 05:38:04.691076,0 days 00:00:13.018935,5,80,75.0,95.0,95.0,70.0,,,,,,2,2.0,6.0,3.0,4.0,,,,,,COMPLETE
157,157,0.9466660740674897,2025-01-06 05:38:04.691579,2025-01-06 05:38:18.832178,0 days 00:00:14.140599,5,75,40.0,95.0,90.0,65.0,,,,,,2,2.0,6.0,3.0,4.0,,,,,,COMPLETE
158,158,0.9404882353602464,2025-01-06 05:38:18.832664,2025-01-06 05:38:21.016762,0 days 00:00:02.184098,1,90,,,,,,,,,,2,,,,,,,,,,COMPLETE
159,159,0.951826046165096,2025-01-06 05:38:21.017105,2025-01-06 05:38:36.063840,0 days 00:00:15.046735,5,70,80.0,90.0,95.0,50.0,,,,,,2,2.0,6.0,3.0,3.0,,,,,,COMPLETE
160,160,0.9540452261306533,2025-01-06 05:38:36.064383,2025-01-06 05:38:49.299025,0 days 00:00:13.234642,5,80,70.0,100.0,55.0,55.0,,,,,,2,2.0,6.0,3.0,4.0,,,,,,COMPLETE
161,161,0.9481142761253514,2025-01-06 05:38:49.299496,2025-01-06 05:39:00.618978,0 days 00:00:11.319482,4,75,75.0,100.0,100.0,,,,,,,2,2.0,6.0,3.0,,,,,,,COMPLETE
162,162,0.9367950103855971,2025-01-06 05:39:00.619411,2025-01-06 05:39:38.526690,0 days 00:00:37.907279,10,75,65.0,100.0,100.0,70.0,60.0,50.0,15.0,75.0,10.0,2,2.0,6.0,3.0,4.0,2.0,5.0,3.0,5.0,2.0,COMPLETE
163,163,0.95397836450928,2025-01-06 05:39:38.527340,2025-01-06 05:39:46.789098,0 days 00:00:08.261758,3,85,85.0,95.0,,,,,,,,2,2.0,6.0,,,,,,,,COMPLETE
164,164,0.9549275362318841,2025-01-06 05:39:46.789530,2025-01-06 05:40:01.555422,0 days 00:00:14.765892,5,70,70.0,100.0,100.0,60.0,,,,,,2,2.0,6.0,3.0,4.0,,,,,,COMPLETE
165,165,0.9484263217347007,2025-01-06 05:40:01.556026,2025-01-06 05:40:12.662019,0 days 00:00:11.105993,4,75,50.0,25.0,90.0,,,,,,,2,2.0,6.0,3.0,,,,,,,COMPLETE
166,166,0.9515830546265329,2025-01-06 05:40:12.662461,2025-01-06 05:40:30.058655,0 days 00:00:17.396194,6,80,40.0,100.0,30.0,45.0,50.0,,,,,2,2.0,6.0,3.0,4.0,5.0,,,,,COMPLETE
167,167,0.9422187981510015,2025-01-06 05:40:30.059179,2025-01-06 05:40:42.499345,0 days 00:00:12.440166,5,75,50.0,95.0,95.0,50.0,,,,,,2,2.0,6.0,3.0,3.0,,,,,,COMPLETE
168,168,0.9542564250011059,2025-01-06 05:40:42.499821,2025-01-06 05:41:00.966315,0 days 00:00:18.466494,5,80,60.0,45.0,80.0,60.0,,,,,,2,5.0,6.0,3.0,5.0,,,,,,COMPLETE
169,169,0.9446917621385706,2025-01-06 05:41:00.966890,2025-01-06 05:41:18.279716,0 days 00:00:17.312826,6,45,45.0,75.0,100.0,40.0,5.0,,,,,2,2.0,6.0,3.0,5.0,3.0,,,,,COMPLETE
170,170,0.9506167998117667,2025-01-06 05:41:18.280314,2025-01-06 05:41:31.479225,0 days 00:00:13.198911,5,90,40.0,90.0,40.0,65.0,,,,,,2,2.0,6.0,4.0,4.0,,,,,,COMPLETE
171,171,0.9507035175879397,2025-01-06 05:41:31.479743,2025-01-06 05:41:50.964403,0 days 00:00:19.484660,5,85,55.0,100.0,100.0,55.0,,,,,,2,2.0,6.0,6.0,5.0,,,,,,COMPLETE
172,172,0.959149090099616,2025-01-06 05:41:50.964944,2025-01-06 05:42:06.965178,0 days 00:00:16.000234,5,80,75.0,100.0,100.0,55.0,,,,,,2,2.0,6.0,6.0,5.0,,,,,,COMPLETE
173,173,0.9432325242407267,2025-01-06 05:42:06.965687,2025-01-06 05:42:23.664916,0 days 00:00:16.699229,5,80,75.0,100.0,95.0,60.0,,,,,,2,2.0,6.0,6.0,5.0,,,,,,COMPLETE
174,174,0.9433303981399949,2025-01-06 05:42:23.665419,2025-01-06 05:42:41.033291,0 days 00:00:17.367872,5,85,75.0,95.0,90.0,55.0,,,,,,2,2.0,6.0,6.0,5.0,,,,,,COMPLETE
175,175,0.9539635854341737,2025-01-06 05:42:41.033846,2025-01-06 05:42:51.659237,0 days 00:00:10.625391,4,75,80.0,100.0,100.0,,,,,,,2,2.0,6.0,3.0,,,,,,,COMPLETE
176,176,0.9323969224259834,2025-01-06 05:42:51.659769,2025-01-06 05:43:08.555967,0 days 00:00:16.896198,5,80,70.0,95.0,95.0,50.0,,,,,,2,2.0,6.0,4.0,5.0,,,,,,COMPLETE
177,177,0.9492927070607681,2025-01-06 05:43:08.556474,2025-01-06 05:43:35.176919,0 days 00:00:26.620445,9,45,75.0,100.0,100.0,55.0,40.0,65.0,40.0,60.0,,2,2.0,6.0,4.0,5.0,6.0,5.0,4.0,3.0,,COMPLETE
178,178,0.9306027164685908,2025-01-06 05:43:35.177538,2025-01-06 05:43:54.041559,0 days 00:00:18.864021,6,75,85.0,100.0,85.0,60.0,25.0,,,,,2,2.0,6.0,3.0,5.0,5.0,,,,,COMPLETE
179,179,0.9591240469697813,2025-01-06 05:43:54.042135,2025-01-06 05:44:12.190709,0 days 00:00:18.148574,5,85,50.0,95.0,95.0,5.0,,,,,,2,2.0,6.0,6.0,5.0,,,,,,COMPLETE
180,180,0.9466490728522814,2025-01-06 05:44:12.191225,2025-01-06 05:44:29.677224,0 days 00:00:17.485999,5,85,50.0,30.0,90.0,5.0,,,,,,2,5.0,6.0,6.0,5.0,,,,,,COMPLETE
181,181,0.9499103950144511,2025-01-06 05:44:29.677842,2025-01-06 05:44:43.652447,0 days 00:00:13.974605,5,90,50.0,95.0,95.0,5.0,,,,,,2,2.0,6.0,6.0,5.0,,,,,,COMPLETE
182,182,0.9581882702326323,2025-01-06 05:44:43.652955,2025-01-06 05:45:01.516699,0 days 00:00:17.863744,5,80,45.0,100.0,100.0,10.0,,,,,,2,2.0,6.0,6.0,5.0,,,,,,COMPLETE
183,183,0.9489473507299637,2025-01-06 05:45:01.517223,2025-01-06 05:45:20.911740,0 days 00:00:19.394517,5,85,45.0,90.0,85.0,10.0,,,,,,2,2.0,6.0,6.0,5.0,,,,,,COMPLETE
184,184,0.9296704526380575,2025-01-06 05:45:20.912296,2025-01-06 05:45:38.866985,0 days 00:00:17.954689,5,80,45.0,95.0,95.0,5.0,,,,,,2,2.0,6.0,6.0,5.0,,,,,,COMPLETE
185,185,0.9542695399312273,2025-01-06 05:45:38.867591,2025-01-06 05:46:00.307022,0 days 00:00:21.439431,5,85,40.0,100.0,90.0,10.0,,,,,,2,2.0,6.0,6.0,5.0,,,,,,COMPLETE
186,186,0.9582552954292085,2025-01-06 05:46:00.307538,2025-01-06 05:46:19.528951,0 days 00:00:19.221413,5,80,35.0,95.0,95.0,5.0,,,,,,2,2.0,6.0,6.0,5.0,,,,,,COMPLETE
187,187,0.9492785272003539,2025-01-06 05:46:19.529451,2025-01-06 05:46:38.844077,0 days 00:00:19.314626,5,80,80.0,90.0,95.0,10.0,,,,,,2,2.0,6.0,6.0,4.0,,,,,,COMPLETE
188,188,0.944996180290298,2025-01-06 05:46:38.844573,2025-01-06 05:47:04.684380,0 days 00:00:25.839807,6,80,35.0,95.0,100.0,5.0,55.0,,,,,2,2.0,6.0,6.0,5.0,3.0,,,,,COMPLETE
189,189,0.945953118089341,2025-01-06 05:47:04.685048,2025-01-06 05:47:21.665953,0 days 00:00:16.980905,5,80,35.0,95.0,95.0,50.0,,,,,,2,2.0,6.0,6.0,5.0,,,,,,COMPLETE
190,190,0.9397265485141425,2025-01-06 05:47:21.666461,2025-01-06 05:47:39.678364,0 days 00:00:18.011903,6,85,40.0,90.0,100.0,55.0,75.0,,,,,2,2.0,6.0,6.0,5.0,2.0,,,,,COMPLETE
191,191,0.9633333333333334,2025-01-06 05:47:39.678914,2025-01-06 05:47:58.366105,0 days 00:00:18.687191,5,80,45.0,100.0,90.0,5.0,,,,,,2,2.0,6.0,6.0,5.0,,,,,,COMPLETE
192,192,0.9515838176066447,2025-01-06 05:47:58.366617,2025-01-06 05:48:17.717706,0 days 00:00:19.351089,5,80,45.0,100.0,90.0,5.0,,,,,,2,2.0,6.0,6.0,5.0,,,,,,COMPLETE
193,193,0.9573955477635524,2025-01-06 05:48:17.718266,2025-01-06 05:48:34.333530,0 days 00:00:16.615264,5,80,45.0,100.0,95.0,10.0,,,,,,2,2.0,6.0,6.0,5.0,,,,,,COMPLETE
194,194,0.9552804633683016,2025-01-06 05:48:34.334166,2025-01-06 05:48:51.137314,0 days 00:00:16.803148,5,80,40.0,95.0,45.0,5.0,,,,,,2,2.0,6.0,6.0,5.0,,,,,,COMPLETE
195,195,0.9432325242407267,2025-01-06 05:48:51.137823,2025-01-06 05:49:07.972138,0 days 00:00:16.834315,5,75,35.0,35.0,90.0,10.0,,,,,,2,2.0,2.0,6.0,5.0,,,,,,COMPLETE
196,196,0.9566661851798354,2025-01-06 05:49:07.972638,2025-01-06 05:49:22.534316,0 days 00:00:14.561678,5,50,45.0,70.0,50.0,5.0,,,,,,2,2.0,6.0,4.0,5.0,,,,,,COMPLETE
197,197,0.9498298392351294,2025-01-06 05:49:22.534813,2025-01-06 05:49:38.720814,0 days 00:00:16.186001,5,80,30.0,100.0,95.0,10.0,,,,,,2,2.0,6.0,6.0,5.0,,,,,,COMPLETE
198,198,0.9624705757961926,2025-01-06 05:49:38.721373,2025-01-06 05:49:57.629879,0 days 00:00:18.908506,6,85,15.0,95.0,30.0,60.0,65.0,,,,,2,2.0,6.0,4.0,5.0,3.0,,,,,COMPLETE
199,199,0.9499031453377371,2025-01-06 05:49:57.630484,2025-01-06 05:50:23.244803,0 days 00:00:25.614319,6,85,10.0,95.0,35.0,65.0,60.0,,,,,2,5.0,6.0,5.0,5.0,6.0,,,,,COMPLETE
200,200,0.9583997785160576,2025-01-06 05:50:23.245410,2025-01-06 05:50:25.681702,0 days 00:00:02.436292,1,85,,,,,,,,,,2,,,,,,,,,,COMPLETE
201,201,0.9553030053835949,2025-01-06 05:50:25.682059,2025-01-06 05:50:30.110597,0 days 00:00:04.428538,2,85,20.0,,,,,,,,,2,2.0,,,,,,,,,COMPLETE
202,202,0.9427392384698876,2025-01-06 05:50:30.111000,2025-01-06 05:50:32.178015,0 days 00:00:02.067015,1,85,,,,,,,,,,2,,,,,,,,,,COMPLETE
203,203,0.9550654499545947,2025-01-06 05:50:32.178360,2025-01-06 05:50:34.299027,0 days 00:00:02.120667,1,90,,,,,,,,,,2,,,,,,,,,,COMPLETE
204,204,0.9450941306755261,2025-01-06 05:50:34.299371,2025-01-06 05:50:36.951912,0 days 00:00:02.652541,1,80,,,,,,,,,,2,,,,,,,,,,COMPLETE
205,205,0.9507899320530443,2025-01-06 05:50:36.952250,2025-01-06 05:50:38.954322,0 days 00:00:02.002072,1,85,,,,,,,,,,2,,,,,,,,,,COMPLETE
206,206,0.9439221969501742,2025-01-06 05:50:38.954668,2025-01-06 05:50:43.651428,0 days 00:00:04.696760,2,45,10.0,,,,,,,,,2,3.0,,,,,,,,,COMPLETE
207,207,0.9467419743344823,2025-01-06 05:50:43.651784,2025-01-06 05:51:00.287781,0 days 00:00:16.635997,5,80,40.0,95.0,30.0,60.0,,,,,,2,2.0,6.0,6.0,4.0,,,,,,COMPLETE
208,208,0.9532493304013133,2025-01-06 05:51:00.288281,2025-01-06 05:51:15.833113,0 days 00:00:15.544832,5,85,15.0,100.0,25.0,60.0,,,,,,2,2.0,6.0,6.0,4.0,,,,,,COMPLETE
209,209,0.9450000000000001,2025-01-06 05:51:15.833671,2025-01-06 05:51:29.505640,0 days 00:00:13.671969,5,85,30.0,15.0,100.0,55.0,,,,,,4,2.0,6.0,2.0,5.0,,,,,,COMPLETE
210,210,0.9399277577104752,2025-01-06 05:51:29.506144,2025-01-06 05:52:09.503373,0 days 00:00:39.997229,8,80,5.0,100.0,25.0,60.0,70.0,45.0,45.0,,,2,6.0,3.0,6.0,5.0,5.0,4.0,6.0,,,COMPLETE
211,211,0.9499994444382716,2025-01-06 05:52:09.504097,2025-01-06 05:52:25.105566,0 days 00:00:15.601469,6,75,25.0,85.0,30.0,55.0,65.0,,,,,2,2.0,6.0,4.0,5.0,3.0,,,,,COMPLETE
212,212,0.947720898968027,2025-01-06 05:52:25.106098,2025-01-06 05:52:39.025220,0 days 00:00:13.919122,6,80,35.0,60.0,95.0,65.0,75.0,,,,,2,2.0,6.0,4.0,5.0,3.0,,,,,COMPLETE
213,213,0.9439215686274509,2025-01-06 05:52:39.025792,2025-01-06 05:52:55.082806,0 days 00:00:16.057014,6,75,70.0,95.0,35.0,5.0,55.0,,,,,2,2.0,6.0,4.0,5.0,2.0,,,,,COMPLETE
214,214,0.9450542755870625,2025-01-06 05:52:55.083408,2025-01-06 05:53:12.157175,0 days 00:00:17.073767,5,90,45.0,100.0,100.0,15.0,,,,,,2,2.0,6.0,3.0,5.0,,,,,,COMPLETE
215,215,0.9447803557155363,2025-01-06 05:53:12.157688,2025-01-06 05:53:32.423017,0 days 00:00:20.265329,6,80,50.0,95.0,90.0,50.0,70.0,,,,,2,2.0,6.0,4.0,6.0,3.0,,,,,COMPLETE
216,216,0.9537243459445282,2025-01-06 05:53:32.423554,2025-01-06 05:53:47.090869,0 days 00:00:14.667315,5,85,45.0,100.0,100.0,10.0,,,,,,2,2.0,6.0,4.0,5.0,,,,,,COMPLETE
217,217,0.9346352450010986,2025-01-06 05:53:47.091371,2025-01-06 05:54:05.252303,0 days 00:00:18.160932,5,80,20.0,90.0,85.0,5.0,,,,,,2,2.0,6.0,6.0,5.0,,,,,,COMPLETE
218,218,0.9472222222222222,2025-01-06 05:54:05.252874,2025-01-06 05:54:19.849182,0 days 00:00:14.596308,5,75,40.0,100.0,95.0,55.0,,,,,,2,2.0,6.0,3.0,4.0,,,,,,COMPLETE
219,219,0.9559452736318408,2025-01-06 05:54:19.849790,2025-01-06 05:54:21.960987,0 days 00:00:02.111197,1,100,,,,,,,,,,2,,,,,,,,,,COMPLETE
220,220,0.9717214113269397,2025-01-06 05:54:21.961339,2025-01-06 05:54:35.594430,0 days 00:00:13.633091,5,50,50.0,95.0,100.0,60.0,,,,,,2,2.0,6.0,4.0,5.0,,,,,,COMPLETE
221,221,0.959933110367893,2025-01-06 05:54:35.594898,2025-01-06 05:54:51.821510,0 days 00:00:16.226612,5,50,50.0,95.0,100.0,60.0,,,,,,2,2.0,6.0,4.0,5.0,,,,,,COMPLETE
222,222,0.9473676863892441,2025-01-06 05:54:51.821985,2025-01-06 05:55:08.674533,0 days 00:00:16.852548,5,50,50.0,95.0,100.0,60.0,,,,,,2,2.0,6.0,4.0,5.0,,,,,,COMPLETE
223,223,0.9541260663665352,2025-01-06 05:55:08.675021,2025-01-06 05:55:24.873737,0 days 00:00:16.198716,5,55,50.0,95.0,100.0,65.0,,,,,,2,2.0,6.0,4.0,5.0,,,,,,COMPLETE
224,224,0.9416626154594069,2025-01-06 05:55:24.874226,2025-01-06 05:55:43.534947,0 days 00:00:18.660721,5,50,75.0,100.0,100.0,60.0,,,,,,2,2.0,6.0,4.0,5.0,,,,,,COMPLETE
225,225,0.9534049286123638,2025-01-06 05:55:43.535553,2025-01-06 05:56:00.168865,0 days 00:00:16.633312,5,45,45.0,95.0,95.0,55.0,,,,,,2,2.0,6.0,4.0,5.0,,,,,,COMPLETE
226,226,0.9532493304013133,2025-01-06 05:56:00.169342,2025-01-06 05:56:16.829474,0 days 00:00:16.660132,5,55,50.0,100.0,100.0,60.0,,,,,,2,2.0,6.0,4.0,5.0,,,,,,COMPLETE
227,227,0.9457181182652061,2025-01-06 05:56:16.829966,2025-01-06 05:56:34.811890,0 days 00:00:17.981924,5,50,45.0,90.0,60.0,70.0,,,,,,2,2.0,6.0,3.0,5.0,,,,,,COMPLETE
228,228,0.9541220074126013,2025-01-06 05:56:34.812368,2025-01-06 05:56:44.183087,0 days 00:00:09.370719,4,50,35.0,95.0,95.0,,,,,,,2,2.0,5.0,3.0,,,,,,,COMPLETE
229,229,0.9640805159273012,2025-01-06 05:56:44.183495,2025-01-06 05:57:02.197392,0 days 00:00:18.013897,5,45,40.0,100.0,100.0,65.0,,,,,,2,5.0,6.0,5.0,5.0,,,,,,COMPLETE
230,230,0.9516665324070345,2025-01-06 05:57:02.197949,2025-01-06 05:57:18.766368,0 days 00:00:16.568419,5,45,40.0,95.0,95.0,65.0,,,,,,2,5.0,6.0,5.0,5.0,,,,,,COMPLETE
231,231,0.9447693361860413,2025-01-06 05:57:18.766943,2025-01-06 05:57:38.370717,0 days 00:00:19.603774,5,45,40.0,100.0,100.0,65.0,,,,,,2,5.0,6.0,5.0,5.0,,,,,,COMPLETE
232,232,0.9542144350710218,2025-01-06 05:57:38.371250,2025-01-06 05:57:57.706301,0 days 00:00:19.335051,5,45,35.0,100.0,100.0,60.0,,,,,,2,5.0,6.0,6.0,5.0,,,,,,COMPLETE
233,233,0.9584022015686731,2025-01-06 05:57:57.706814,2025-01-06 05:58:16.413223,0 days 00:00:18.706409,5,50,40.0,100.0,100.0,55.0,,,,,,2,5.0,6.0,6.0,5.0,,,,,,COMPLETE
234,234,0.9506937658784445,2025-01-06 05:58:16.413732,2025-01-06 05:58:34.887414,0 days 00:00:18.473682,5,50,40.0,100.0,100.0,55.0,,,,,,2,5.0,6.0,6.0,5.0,,,,,,COMPLETE
235,235,0.9582637729549248,2025-01-06 05:58:34.887992,2025-01-06 05:58:54.417961,0 days 00:00:19.529969,5,50,45.0,95.0,95.0,55.0,,,,,,2,5.0,6.0,6.0,5.0,,,,,,COMPLETE
236,236,0.9541311207198785,2025-01-06 05:58:54.418554,2025-01-06 05:59:11.546610,0 days 00:00:17.128056,5,55,45.0,95.0,95.0,55.0,,,,,,2,5.0,6.0,6.0,5.0,,,,,,COMPLETE
237,237,0.9608047192386888,2025-01-06 05:59:11.547109,2025-01-06 05:59:30.093852,0 days 00:00:18.546743,5,50,45.0,95.0,100.0,50.0,,,,,,2,5.0,6.0,6.0,5.0,,,,,,COMPLETE
238,238,0.9573960101867572,2025-01-06 05:59:30.094359,2025-01-06 05:59:48.882505,0 days 00:00:18.788146,5,55,45.0,90.0,100.0,50.0,,,,,,2,5.0,6.0,6.0,5.0,,,,,,COMPLETE
239,239,0.9399448790896159,2025-01-06 05:59:48.883071,2025-01-06 06:00:08.508341,0 days 00:00:19.625270,5,50,50.0,95.0,100.0,90.0,,,,,,2,5.0,6.0,6.0,5.0,,,,,,COMPLETE
240,240,0.954986888306147,2025-01-06 06:00:08.508973,2025-01-06 06:00:30.011526,0 days 00:00:21.502553,5,50,45.0,95.0,100.0,55.0,,,,,,2,5.0,6.0,6.0,5.0,,,,,,COMPLETE
241,241,0.9533333333333334,2025-01-06 06:00:30.012050,2025-01-06 06:00:46.589300,0 days 00:00:16.577250,5,50,45.0,95.0,95.0,80.0,,,,,,2,5.0,6.0,6.0,5.0,,,,,,COMPLETE
242,242,0.9582097065115565,2025-01-06 06:00:46.589806,2025-01-06 06:01:04.502345,0 days 00:00:17.912539,5,45,45.0,90.0,100.0,55.0,,,,,,2,5.0,6.0,6.0,5.0,,,,,,COMPLETE
243,243,0.9566647406551403,2025-01-06 06:01:04.502863,2025-01-06 06:01:27.127546,0 days 00:00:22.624683,5,40,45.0,90.0,100.0,50.0,,,,,,2,5.0,6.0,6.0,5.0,,,,,,COMPLETE
244,244,0.9465714596275889,2025-01-06 06:01:27.128194,2025-01-06 06:01:45.629971,0 days 00:00:18.501777,5,45,50.0,90.0,100.0,55.0,,,,,,2,5.0,6.0,6.0,5.0,,,,,,COMPLETE
245,245,0.9573869346733668,2025-01-06 06:01:45.630479,2025-01-06 06:02:04.034579,0 days 00:00:18.404100,5,50,45.0,95.0,95.0,55.0,,,,,,2,5.0,6.0,6.0,5.0,,,,,,COMPLETE
246,246,0.9591318864774624,2025-01-06 06:02:04.035097,2025-01-06 06:02:25.542003,0 days 00:00:21.506906,5,40,80.0,95.0,90.0,50.0,,,,,,2,5.0,6.0,6.0,5.0,,,,,,COMPLETE
247,247,0.9430303030303031,2025-01-06 06:02:25.542504,2025-01-06 06:02:41.983279,0 days 00:00:16.440775,5,40,80.0,95.0,90.0,50.0,,,,,,2,5.0,4.0,6.0,5.0,,,,,,COMPLETE
248,248,0.9475454661423524,2025-01-06 06:02:41.983846,2025-01-06 06:03:02.110774,0 days 00:00:20.126928,5,40,80.0,90.0,90.0,45.0,,,,,,2,5.0,6.0,6.0,5.0,,,,,,COMPLETE
249,249,0.963353926841193,2025-01-06 06:03:02.111382,2025-01-06 06:03:19.382081,0 days 00:00:17.270699,5,45,85.0,95.0,90.0,50.0,,,,,,2,5.0,6.0,6.0,5.0,,,,,,COMPLETE
250,250,0.9558728098637248,2025-01-06 06:03:19.382630,2025-01-06 06:03:38.997560,0 days 00:00:19.614930,5,45,90.0,90.0,90.0,50.0,,,,,,4,5.0,6.0,6.0,5.0,,,,,,COMPLETE
251,251,0.9549275362318841,2025-01-06 06:03:38.998081,2025-01-06 06:03:54.888898,0 days 00:00:15.890817,5,45,85.0,85.0,85.0,50.0,,,,,,2,5.0,6.0,6.0,5.0,,,,,,COMPLETE
252,252,0.9466613327999467,2025-01-06 06:03:54.889452,2025-01-06 06:04:19.925045,0 days 00:00:25.035593,8,45,55.0,95.0,90.0,55.0,65.0,50.0,65.0,,,2,5.0,6.0,6.0,5.0,5.0,6.0,2.0,,,COMPLETE
253,253,0.959988444316048,2025-01-06 06:04:19.925746,2025-01-06 06:04:38.308720,0 days 00:00:18.382974,5,40,85.0,95.0,90.0,70.0,,,,,,2,5.0,6.0,6.0,5.0,,,,,,COMPLETE
254,254,0.9566666666666667,2025-01-06 06:04:38.309234,2025-01-06 06:04:41.228846,0 days 00:00:02.919612,1,35,,,,,,,,,,2,,,,,,,,,,COMPLETE
255,255,0.9624552674491733,2025-01-06 06:04:41.229177,2025-01-06 06:04:58.131907,0 days 00:00:16.902730,5,35,90.0,95.0,90.0,75.0,,,,,,2,5.0,5.0,6.0,5.0,,,,,,COMPLETE
256,256,0.9308905431791958,2025-01-06 06:04:58.132400,2025-01-06 06:05:20.077257,0 days 00:00:21.944857,7,30,90.0,95.0,85.0,80.0,65.0,70.0,,,,2,5.0,5.0,6.0,5.0,6.0,3.0,,,,COMPLETE
257,257,0.9405422213258035,2025-01-06 06:05:20.077872,2025-01-06 06:05:52.698212,0 days 00:00:32.620340,9,35,95.0,95.0,90.0,75.0,100.0,40.0,5.0,20.0,,2,5.0,5.0,6.0,5.0,5.0,5.0,5.0,6.0,,COMPLETE
258,258,0.9483331898144162,2025-01-06 06:05:52.698937,2025-01-06 06:06:10.344469,0 days 00:00:17.645532,5,40,85.0,95.0,90.0,70.0,,,,,,2,5.0,5.0,6.0,5.0,,,,,,COMPLETE
259,259,0.954188713989373,2025-01-06 06:06:10.344999,2025-01-06 06:06:27.953336,0 days 00:00:17.608337,5,40,50.0,100.0,90.0,70.0,,,,,,2,5.0,5.0,6.0,5.0,,,,,,COMPLETE
260,260,0.9525330848503001,2025-01-06 06:06:27.953839,2025-01-06 06:06:43.389833,0 days 00:00:15.435994,5,40,85.0,95.0,85.0,80.0,,,,,,2,5.0,5.0,4.0,5.0,,,,,,COMPLETE
261,261,0.9402380321497968,2025-01-06 06:06:43.390314,2025-01-06 06:07:04.760208,0 days 00:00:21.369894,5,35,95.0,50.0,90.0,70.0,,,,,,2,5.0,6.0,6.0,5.0,,,,,,COMPLETE
262,262,0.9634037958386976,2025-01-06 06:07:04.760869,2025-01-06 06:07:21.041904,0 days 00:00:16.281035,5,50,85.0,100.0,85.0,75.0,,,,,,2,5.0,5.0,4.0,5.0,,,,,,COMPLETE
263,263,0.9474297959978848,2025-01-06 06:07:21.042393,2025-01-06 06:07:41.451111,0 days 00:00:20.408718,6,50,90.0,100.0,85.0,75.0,80.0,,,,,2,5.0,5.0,4.0,5.0,5.0,,,,,COMPLETE
264,264,0.9508760447922617,2025-01-06 06:07:41.451639,2025-01-06 06:07:58.918989,0 days 00:00:17.467350,5,45,85.0,100.0,80.0,75.0,,,,,,2,5.0,5.0,4.0,5.0,,,,,,COMPLETE
265,265,0.9591983316601866,2025-01-06 06:07:58.919468,2025-01-06 06:08:15.133886,0 days 00:00:16.214418,5,40,85.0,100.0,85.0,75.0,,,,,,2,5.0,5.0,4.0,5.0,,,,,,COMPLETE
266,266,0.9484018871685826,2025-01-06 06:08:15.134427,2025-01-06 06:08:31.361164,0 days 00:00:16.226737,5,30,90.0,100.0,85.0,75.0,,,,,,2,5.0,5.0,4.0,5.0,,,,,,COMPLETE
267,267,0.9396755646471534,2025-01-06 06:08:31.361771,2025-01-06 06:08:51.591254,0 days 00:00:20.229483,5,35,85.0,100.0,85.0,75.0,,,,,,6,5.0,5.0,4.0,5.0,,,,,,COMPLETE
268,268,0.9467334874641784,2025-01-06 06:08:51.591789,2025-01-06 06:09:07.855012,0 days 00:00:16.263223,5,40,90.0,100.0,85.0,75.0,,,,,,2,5.0,5.0,4.0,5.0,,,,,,COMPLETE
269,269,0.9466613327999467,2025-01-06 06:09:07.855510,2025-01-06 06:09:24.524307,0 days 00:00:16.668797,5,40,80.0,100.0,90.0,70.0,,,,,,2,5.0,5.0,4.0,5.0,,,,,,COMPLETE
270,270,0.9566666666666667,2025-01-06 06:09:24.524801,2025-01-06 06:09:44.702923,0 days 00:00:20.178122,7,50,85.0,95.0,80.0,80.0,75.0,25.0,,,,2,5.0,5.0,4.0,5.0,3.0,4.0,,,,COMPLETE
271,271,0.9414243962467312,2025-01-06 06:09:44.703516,2025-01-06 06:10:00.012462,0 days 00:00:15.308946,5,45,85.0,100.0,90.0,45.0,,,,,,2,5.0,5.0,4.0,5.0,,,,,,COMPLETE
272,272,0.9541291040623261,2025-01-06 06:10:00.013041,2025-01-06 06:10:22.807211,0 days 00:00:22.794170,6,55,90.0,95.0,85.0,75.0,70.0,,,,,2,5.0,5.0,4.0,5.0,5.0,,,,,COMPLETE
273,273,0.9441732493121505,2025-01-06 06:10:22.807780,2025-01-06 06:10:38.929650,0 days 00:00:16.121870,5,35,80.0,100.0,90.0,100.0,,,,,,2,5.0,5.0,4.0,5.0,,,,,,COMPLETE
274,274,0.9432163115131075,2025-01-06 06:10:38.930139,2025-01-06 06:10:51.830218,0 days 00:00:12.900079,4,45,85.0,95.0,90.0,,,,,,,2,5.0,5.0,4.0,,,,,,,COMPLETE
275,275,0.9592599963513939,2025-01-06 06:10:51.830666,2025-01-06 06:11:12.163265,0 days 00:00:20.332599,5,40,80.0,100.0,80.0,65.0,,,,,,5,4.0,5.0,4.0,5.0,,,,,,COMPLETE
276,276,0.9373844526116494,2025-01-06 06:11:12.163848,2025-01-06 06:11:33.389096,0 days 00:00:21.225248,5,40,80.0,100.0,95.0,65.0,,,,,,5,4.0,5.0,5.0,5.0,,,,,,COMPLETE
277,277,0.9549998749996528,2025-01-06 06:11:33.389704,2025-01-06 06:11:55.908158,0 days 00:00:22.518454,5,40,85.0,100.0,80.0,70.0,,,,,,5,3.0,5.0,5.0,5.0,,,,,,COMPLETE
278,278,0.9398668105046315,2025-01-06 06:11:55.908673,2025-01-06 06:12:14.979385,0 days 00:00:19.070712,5,45,80.0,100.0,80.0,65.0,,,,,,6,4.0,5.0,6.0,5.0,,,,,,COMPLETE
279,279,0.9534077568830708,2025-01-06 06:12:14.979910,2025-01-06 06:12:32.292431,0 days 00:00:17.312521,5,40,90.0,95.0,90.0,60.0,,,,,,4,5.0,5.0,6.0,5.0,,,,,,COMPLETE
280,280,0.9463924467950786,2025-01-06 06:12:32.293027,2025-01-06 06:12:49.542056,0 days 00:00:17.249029,5,35,75.0,100.0,10.0,65.0,,,,,,2,5.0,5.0,4.0,5.0,,,,,,COMPLETE
281,281,0.9432163115131075,2025-01-06 06:12:49.542636,2025-01-06 06:13:08.617979,0 days 00:00:19.075343,4,25,85.0,95.0,95.0,,,,,,,5,5.0,5.0,6.0,,,,,,,COMPLETE
282,282,0.9516654583031243,2025-01-06 06:13:08.618477,2025-01-06 06:13:26.670011,0 days 00:00:18.051534,5,60,80.0,100.0,90.0,60.0,,,,,,2,4.0,5.0,4.0,5.0,,,,,,COMPLETE
283,283,0.940786068488805,2025-01-06 06:13:26.670509,2025-01-06 06:13:45.125595,0 days 00:00:18.455086,5,50,80.0,100.0,95.0,75.0,,,,,,4,5.0,3.0,6.0,5.0,,,,,,COMPLETE
284,284,0.9507929883138564,2025-01-06 06:13:45.126159,2025-01-06 06:14:00.294927,0 days 00:00:15.168768,5,45,90.0,95.0,30.0,65.0,,,,,,2,5.0,6.0,4.0,5.0,,,,,,COMPLETE
285,285,0.9522191494384675,2025-01-06 06:14:00.295420,2025-01-06 06:14:20.565763,0 days 00:00:20.270343,5,55,95.0,100.0,85.0,70.0,,,,,,2,5.0,6.0,6.0,5.0,,,,,,COMPLETE
286,286,0.9557998597615947,2025-01-06 06:14:20.566377,2025-01-06 06:14:37.247704,0 days 00:00:16.681327,5,40,85.0,95.0,80.0,60.0,,,,,,2,3.0,6.0,5.0,5.0,,,,,,COMPLETE
287,287,0.9448811435197574,2025-01-06 06:14:37.248198,2025-01-06 06:14:58.842069,0 days 00:00:21.593871,6,45,75.0,90.0,85.0,50.0,40.0,,,,,5,5.0,6.0,6.0,5.0,2.0,,,,,COMPLETE
288,288,0.9549988749718743,2025-01-06 06:14:58.842599,2025-01-06 06:15:32.678576,0 days 00:00:33.835977,10,50,55.0,95.0,95.0,80.0,100.0,60.0,20.0,85.0,55.0,2,5.0,4.0,4.0,5.0,6.0,4.0,6.0,2.0,6.0,COMPLETE
289,289,0.960859461228293,2025-01-06 06:15:32.679305,2025-01-06 06:15:45.324489,0 days 00:00:12.645184,5,50,80.0,100.0,90.0,60.0,,,,,,2,5.0,6.0,2.0,5.0,,,,,,COMPLETE
290,290,0.9499215433796827,2025-01-06 06:15:45.325072,2025-01-06 06:15:59.957693,0 days 00:00:14.632621,5,45,80.0,95.0,90.0,65.0,,,,,,2,5.0,6.0,2.0,5.0,,,,,,COMPLETE
291,291,0.949126038542229,2025-01-06 06:15:59.958193,2025-01-06 06:16:15.004152,0 days 00:00:15.045959,5,40,80.0,100.0,90.0,60.0,,,,,,2,5.0,6.0,2.0,5.0,,,,,,COMPLETE
292,292,0.9398551997345979,2025-01-06 06:16:15.004646,2025-01-06 06:16:29.680857,0 days 00:00:14.676211,6,50,85.0,95.0,90.0,70.0,50.0,,,,,2,4.0,5.0,2.0,5.0,2.0,,,,,COMPLETE
293,293,0.9460612806003538,2025-01-06 06:16:29.681370,2025-01-06 06:16:47.328237,0 days 00:00:17.646867,5,40,80.0,100.0,85.0,60.0,,,,,,2,5.0,6.0,2.0,5.0,,,,,,COMPLETE
294,294,0.9633994745249822,2025-01-06 06:16:47.328784,2025-01-06 06:17:11.384804,0 days 00:00:24.056020,5,35,75.0,55.0,90.0,65.0,,,,,,2,6.0,6.0,4.0,5.0,,,,,,COMPLETE
295,295,0.9337861542168945,2025-01-06 06:17:11.385401,2025-01-06 06:17:25.914791,0 days 00:00:14.529390,5,35,75.0,100.0,95.0,65.0,,,,,,2,3.0,6.0,4.0,5.0,,,,,,COMPLETE
296,296,0.9575997125404241,2025-01-06 06:17:25.915287,2025-01-06 06:17:42.365067,0 days 00:00:16.449780,4,30,75.0,55.0,90.0,,,,,,,2,6.0,6.0,4.0,,,,,,,COMPLETE
297,297,0.955012167883455,2025-01-06 06:17:42.365548,2025-01-06 06:17:47.047910,0 days 00:00:04.682362,2,35,75.0,,,,,,,,,2,4.0,,,,,,,,,COMPLETE
298,298,0.9441855950300913,2025-01-06 06:17:47.048274,2025-01-06 06:18:04.128362,0 days 00:00:17.080088,5,45,70.0,70.0,85.0,65.0,,,,,,2,6.0,6.0,4.0,5.0,,,,,,COMPLETE
299,299,0.9432250512145157,2025-01-06 06:18:04.128874,2025-01-06 06:18:23.780779,0 days 00:00:19.651905,5,35,80.0,35.0,40.0,65.0,,,,,,2,6.0,6.0,4.0,5.0,,,,,,COMPLETE
300,300,0.9440201005025126,2025-01-06 06:18:23.781430,2025-01-06 06:18:38.853502,0 days 00:00:15.072072,4,30,85.0,100.0,70.0,,,,,,,2,6.0,6.0,4.0,,,,,,,COMPLETE
301,301,0.9518239191564632,2025-01-06 06:18:38.853975,2025-01-06 06:18:55.251167,0 days 00:00:16.397192,5,40,65.0,95.0,95.0,70.0,,,,,,2,3.0,6.0,4.0,5.0,,,,,,COMPLETE
302,302,0.9550719822812846,2025-01-06 06:18:55.251657,2025-01-06 06:19:14.201527,0 days 00:00:18.949870,5,55,85.0,55.0,90.0,60.0,,,,,,2,6.0,6.0,4.0,5.0,,,,,,COMPLETE
303,303,0.9515104739054203,2025-01-06 06:19:14.202041,2025-01-06 06:19:31.074446,0 days 00:00:16.872405,5,50,75.0,90.0,95.0,60.0,,,,,,2,4.0,6.0,4.0,5.0,,,,,,COMPLETE
304,304,0.9401060927133973,2025-01-06 06:19:31.075009,2025-01-06 06:19:49.788447,0 days 00:00:18.713438,5,5,80.0,100.0,90.0,75.0,,,,,,2,5.0,6.0,5.0,5.0,,,,,,COMPLETE
305,305,0.9538634932769708,2025-01-06 06:19:49.789064,2025-01-06 06:20:05.666316,0 days 00:00:15.877252,5,35,90.0,95.0,85.0,70.0,,,,,,2,5.0,6.0,3.0,5.0,,,,,,COMPLETE
306,306,0.9506937658784445,2025-01-06 06:20:05.666834,2025-01-06 06:20:19.739213,0 days 00:00:14.072379,5,45,50.0,50.0,90.0,45.0,,,,,,2,5.0,6.0,2.0,4.0,,,,,,COMPLETE
307,307,0.9499616628329499,2025-01-06 06:20:19.739724,2025-01-06 06:20:34.951682,0 days 00:00:15.211958,4,40,85.0,40.0,20.0,,,,,,,2,5.0,6.0,4.0,,,,,,,COMPLETE
308,308,0.9504156702612462,2025-01-06 06:20:34.952143,2025-01-06 06:20:47.690856,0 days 00:00:12.738713,5,35,80.0,25.0,85.0,50.0,,,,,,2,4.0,6.0,3.0,5.0,,,,,,COMPLETE
309,309,0.9507663027146148,2025-01-06 06:20:47.691406,2025-01-06 06:21:06.176784,0 days 00:00:18.485378,5,45,75.0,75.0,95.0,60.0,,,,,,2,6.0,6.0,4.0,5.0,,,,,,COMPLETE
310,310,0.9557205152400042,2025-01-06 06:21:06.177358,2025-01-06 06:21:22.884288,0 days 00:00:16.706930,5,55,50.0,100.0,75.0,65.0,,,,,,2,5.0,6.0,3.0,5.0,,,,,,COMPLETE
311,311,0.9330850028524447,2025-01-06 06:21:22.884885,2025-01-06 06:21:40.982464,0 days 00:00:18.097579,5,40,85.0,90.0,100.0,35.0,,,,,,6,3.0,6.0,4.0,5.0,,,,,,COMPLETE
312,312,0.9532554257095158,2025-01-06 06:21:40.982992,2025-01-06 06:22:01.607973,0 days 00:00:20.624981,5,50,70.0,100.0,90.0,40.0,,,,,,2,5.0,6.0,5.0,5.0,,,,,,COMPLETE
313,313,0.9465714596275889,2025-01-06 06:22:01.608482,2025-01-06 06:22:33.801306,0 days 00:00:32.192824,8,50,90.0,65.0,95.0,70.0,60.0,95.0,30.0,,,2,5.0,4.0,4.0,5.0,6.0,6.0,4.0,,,COMPLETE
314,314,0.9591983316601866,2025-01-06 06:22:33.802065,2025-01-06 06:22:46.658331,0 days 00:00:12.856266,4,35,75.0,95.0,80.0,,,,,,,2,5.0,6.0,4.0,,,,,,,COMPLETE
315,315,0.9617300254431792,2025-01-06 06:22:46.658801,2025-01-06 06:22:59.209724,0 days 00:00:12.550923,4,35,75.0,100.0,80.0,,,,,,,2,5.0,6.0,4.0,,,,,,,COMPLETE
316,316,0.9546978590431148,2025-01-06 06:22:59.210203,2025-01-06 06:23:11.116868,0 days 00:00:11.906665,4,35,75.0,100.0,80.0,,,,,,,2,5.0,6.0,4.0,,,,,,,COMPLETE
317,317,0.9410772740799525,2025-01-06 06:23:11.117318,2025-01-06 06:23:20.662689,0 days 00:00:09.545371,3,35,70.0,100.0,,,,,,,,2,5.0,6.0,,,,,,,,COMPLETE
318,318,0.9476189423172605,2025-01-06 06:23:20.663111,2025-01-06 06:23:35.007956,0 days 00:00:14.344845,4,30,75.0,100.0,80.0,,,,,,,2,5.0,6.0,4.0,,,,,,,COMPLETE
319,319,0.9559392585877124,2025-01-06 06:23:35.008414,2025-01-06 06:23:48.257007,0 days 00:00:13.248593,4,35,75.0,100.0,80.0,,,,,,,2,5.0,6.0,4.0,,,,,,,COMPLETE
320,320,0.949815285573258,2025-01-06 06:23:48.257522,2025-01-06 06:24:01.528438,0 days 00:00:13.270916,4,30,70.0,100.0,75.0,,,,,,,2,5.0,6.0,4.0,,,,,,,COMPLETE
321,321,0.9470558375634518,2025-01-06 06:24:01.528933,2025-01-06 06:24:12.481905,0 days 00:00:10.952972,3,35,65.0,95.0,,,,,,,,2,5.0,6.0,,,,,,,,COMPLETE
322,322,0.9458322238494652,2025-01-06 06:24:12.482415,2025-01-06 06:24:24.514906,0 days 00:00:12.032491,4,35,75.0,30.0,75.0,,,,,,,2,5.0,6.0,4.0,,,,,,,COMPLETE
323,323,0.9649999027775078,2025-01-06 06:24:24.515363,2025-01-06 06:24:36.625469,0 days 00:00:12.110106,4,45,100.0,100.0,80.0,,,,,,,2,5.0,6.0,4.0,,,,,,,COMPLETE
324,324,0.9524624373956594,2025-01-06 06:24:36.625960,2025-01-06 06:24:48.398319,0 days 00:00:11.772359,4,45,70.0,100.0,75.0,,,,,,,2,5.0,6.0,4.0,,,,,,,COMPLETE
325,325,0.9475467846961074,2025-01-06 06:24:48.398809,2025-01-06 06:25:02.956297,0 days 00:00:14.557488,4,50,100.0,95.0,80.0,,,,,,,2,5.0,6.0,4.0,,,,,,,COMPLETE
326,326,0.9558728098637248,2025-01-06 06:25:02.956804,2025-01-06 06:25:16.595812,0 days 00:00:13.639008,4,45,95.0,100.0,80.0,,,,,,,2,5.0,6.0,4.0,,,,,,,COMPLETE
327,327,0.9557286432160804,2025-01-06 06:25:16.596340,2025-01-06 06:25:29.425877,0 days 00:00:12.829537,4,40,100.0,100.0,80.0,,,,,,,2,5.0,6.0,4.0,,,,,,,COMPLETE
328,328,0.9517299045340776,2025-01-06 06:25:29.426336,2025-01-06 06:25:43.787109,0 days 00:00:14.360773,4,45,100.0,95.0,80.0,,,,,,,2,5.0,6.0,4.0,,,,,,,COMPLETE
329,329,0.9541291040623261,2025-01-06 06:25:43.787673,2025-01-06 06:25:53.583320,0 days 00:00:09.795647,4,40,75.0,45.0,85.0,,,,,,,2,4.0,5.0,3.0,,,,,,,COMPLETE
330,330,0.9498231239251108,2025-01-06 06:25:53.583759,2025-01-06 06:26:07.148649,0 days 00:00:13.564890,4,50,80.0,90.0,80.0,,,,,,,2,5.0,6.0,4.0,,,,,,,COMPLETE
331,331,0.9515859766277128,2025-01-06 06:26:07.149137,2025-01-06 06:26:19.671806,0 days 00:00:12.522669,3,30,75.0,60.0,,,,,,,,2,5.0,6.0,,,,,,,,COMPLETE
332,332,0.9499755544690875,2025-01-06 06:26:19.672228,2025-01-06 06:26:32.833058,0 days 00:00:13.160830,4,65,95.0,100.0,75.0,,,,,,,2,5.0,6.0,4.0,,,,,,,COMPLETE
333,333,0.9507118927973199,2025-01-06 06:26:32.833572,2025-01-06 06:26:46.522500,0 days 00:00:13.688928,4,50,85.0,95.0,5.0,,,,,,,2,5.0,6.0,3.0,,,,,,,COMPLETE
334,334,0.9542005690610493,2025-01-06 06:26:46.522955,2025-01-06 06:27:08.080001,0 days 00:00:21.557046,8,60,80.0,100.0,85.0,65.0,45.0,80.0,100.0,,,2,5.0,5.0,4.0,4.0,2.0,5.0,2.0,,,COMPLETE
335,335,0.9499994444382716,2025-01-06 06:27:08.080653,2025-01-06 06:27:14.608949,0 days 00:00:06.528296,2,45,90.0,,,,,,,,,2,5.0,,,,,,,,,COMPLETE
336,336,0.9345305795023104,2025-01-06 06:27:14.609332,2025-01-06 06:27:31.822673,0 days 00:00:17.213341,5,45,15.0,95.0,60.0,75.0,,,,,,2,6.0,6.0,4.0,4.0,,,,,,COMPLETE
337,337,0.9441077441077441,2025-01-06 06:27:31.823190,2025-01-06 06:27:47.699546,0 days 00:00:15.876356,5,40,80.0,95.0,85.0,85.0,,,,,,2,5.0,6.0,2.0,4.0,,,,,,COMPLETE
338,338,0.9465714596275889,2025-01-06 06:27:47.700037,2025-01-06 06:28:03.545837,0 days 00:00:15.845800,5,35,70.0,100.0,100.0,80.0,,,,,,2,5.0,6.0,3.0,4.0,,,,,,COMPLETE
339,339,0.9457837359555251,2025-01-06 06:28:03.546330,2025-01-06 06:28:17.647876,0 days 00:00:14.101546,5,50,75.0,95.0,65.0,65.0,,,,,,2,3.0,5.0,4.0,5.0,,,,,,COMPLETE
340,340,0.9499165275459098,2025-01-06 06:28:17.648445,2025-01-06 06:28:47.625230,0 days 00:00:29.976785,9,45,60.0,100.0,30.0,70.0,40.0,55.0,10.0,45.0,,2,5.0,6.0,4.0,5.0,5.0,4.0,5.0,4.0,,COMPLETE
341,341,0.9415417893140665,2025-01-06 06:28:47.625960,2025-01-06 06:29:04.621440,0 days 00:00:16.995480,6,55,75.0,90.0,80.0,65.0,55.0,,,,,2,4.0,6.0,4.0,5.0,3.0,,,,,COMPLETE
342,342,0.9461595609151179,2025-01-06 06:29:04.621988,2025-01-06 06:29:20.962921,0 days 00:00:16.340933,5,40,85.0,20.0,100.0,60.0,,,,,,2,5.0,6.0,3.0,5.0,,,,,,COMPLETE
343,343,0.9557233069608768,2025-01-06 06:29:20.963411,2025-01-06 06:29:31.641346,0 days 00:00:10.677935,3,70,80.0,100.0,,,,,,,,2,5.0,6.0,,,,,,,,COMPLETE
344,344,0.9491199073996783,2025-01-06 06:29:31.641785,2025-01-06 06:29:45.214812,0 days 00:00:13.573027,5,35,90.0,90.0,80.0,75.0,,,,,,2,6.0,5.0,4.0,5.0,,,,,,COMPLETE
345,345,0.9510408401657411,2025-01-06 06:29:45.215375,2025-01-06 06:30:09.801834,0 days 00:00:24.586459,7,55,80.0,95.0,85.0,65.0,60.0,40.0,,,,4,5.0,6.0,4.0,4.0,6.0,4.0,,,,COMPLETE
346,346,0.9443587270973963,2025-01-06 06:30:09.802523,2025-01-06 06:30:22.869729,0 days 00:00:13.067206,4,10,95.0,100.0,55.0,,,,,,,2,5.0,6.0,3.0,,,,,,,COMPLETE
347,347,0.9540355677154583,2025-01-06 06:30:22.870229,2025-01-06 06:30:39.813871,0 days 00:00:16.943642,6,45,85.0,100.0,100.0,60.0,75.0,,,,,2,5.0,6.0,4.0,5.0,3.0,,,,,COMPLETE
348,348,0.956738768718802,2025-01-06 06:30:39.814404,2025-01-06 06:30:56.780540,0 days 00:00:16.966136,5,70,60.0,95.0,80.0,70.0,,,,,,2,5.0,6.0,5.0,5.0,,,,,,COMPLETE
349,349,0.9449925128698073,2025-01-06 06:30:56.781054,2025-01-06 06:31:09.410903,0 days 00:00:12.629849,5,50,70.0,65.0,70.0,75.0,,,,,,2,3.0,5.0,3.0,5.0,,,,,,COMPLETE
350,350,0.9557922502879848,2025-01-06 06:31:09.411455,2025-01-06 06:31:22.575031,0 days 00:00:13.163576,5,40,65.0,95.0,85.0,60.0,,,,,,2,2.0,6.0,4.0,2.0,,,,,,COMPLETE
351,351,0.9483153745510304,2025-01-06 06:31:22.575620,2025-01-06 06:31:41.209901,0 days 00:00:18.634281,5,25,75.0,100.0,100.0,95.0,,,,,,2,6.0,6.0,3.0,5.0,,,,,,COMPLETE
352,352,0.944996180290298,2025-01-06 06:31:41.210410,2025-01-06 06:32:00.048574,0 days 00:00:18.838164,5,45,100.0,100.0,85.0,80.0,,,,,,5,5.0,4.0,4.0,5.0,,,,,,COMPLETE
353,353,0.9499755544690875,2025-01-06 06:32:00.049094,2025-01-06 06:32:15.854249,0 days 00:00:15.805155,5,35,5.0,95.0,30.0,65.0,,,,,,2,2.0,6.0,4.0,5.0,,,,,,COMPLETE
354,354,0.9507057588582788,2025-01-06 06:32:15.854759,2025-01-06 06:32:28.090353,0 days 00:00:12.235594,4,75,40.0,100.0,35.0,,,,,,,2,4.0,6.0,4.0,,,,,,,COMPLETE
355,355,0.9499103950144511,2025-01-06 06:32:28.090878,2025-01-06 06:32:43.240654,0 days 00:00:15.149776,5,50,85.0,85.0,100.0,70.0,,,,,,2,5.0,6.0,2.0,4.0,,,,,,COMPLETE
356,356,0.9542066234421711,2025-01-06 06:32:43.241153,2025-01-06 06:32:56.286600,0 days 00:00:13.045447,5,45,80.0,95.0,80.0,55.0,,,,,,2,2.0,5.0,4.0,5.0,,,,,,COMPLETE
357,357,0.9549219620958751,2025-01-06 06:32:56.287224,2025-01-06 06:33:14.361178,0 days 00:00:18.073954,6,40,80.0,100.0,25.0,60.0,65.0,,,,,2,5.0,6.0,3.0,5.0,5.0,,,,,COMPLETE
358,358,0.9499994444382716,2025-01-06 06:33:14.361737,2025-01-06 06:33:28.040596,0 days 00:00:13.678859,4,50,50.0,95.0,75.0,,,,,,,2,2.0,6.0,5.0,,,,,,,COMPLETE
359,359,0.9398956451936584,2025-01-06 06:33:28.041061,2025-01-06 06:33:43.973900,0 days 00:00:15.932839,5,35,90.0,100.0,95.0,65.0,,,,,,2,5.0,2.0,4.0,5.0,,,,,,COMPLETE
360,360,0.9382514678544733,2025-01-06 06:33:43.974368,2025-01-06 06:33:56.808747,0 days 00:00:12.834379,5,75,40.0,90.0,100.0,35.0,,,,,,2,2.0,6.0,4.0,5.0,,,,,,COMPLETE
361,361,0.95,2025-01-06 06:33:56.809293,2025-01-06 06:34:28.271654,0 days 00:00:31.462361,9,40,85.0,95.0,85.0,70.0,95.0,75.0,50.0,5.0,,2,5.0,6.0,3.0,5.0,5.0,5.0,3.0,5.0,,COMPLETE
362,362,0.9383194552107557,2025-01-06 06:34:28.272380,2025-01-06 06:34:44.017572,0 days 00:00:15.745192,5,80,70.0,100.0,95.0,60.0,,,,,,2,5.0,5.0,4.0,5.0,,,,,,COMPLETE
363,363,0.9608397814571373,2025-01-06 06:34:44.018083,2025-01-06 06:34:53.765961,0 days 00:00:09.747878,4,45,75.0,100.0,100.0,,,,,,,2,2.0,6.0,2.0,,,,,,,COMPLETE
364,364,0.9456756620935726,2025-01-06 06:34:53.766394,2025-01-06 06:35:06.280216,0 days 00:00:12.513822,4,45,75.0,95.0,80.0,,,,,,,2,5.0,6.0,2.0,,,,,,,COMPLETE
365,365,0.9536418758154885,2025-01-06 06:35:06.280687,2025-01-06 06:35:16.523852,0 days 00:00:10.243165,4,45,55.0,100.0,15.0,,,,,,,2,2.0,6.0,2.0,,,,,,,COMPLETE
366,366,0.9515886287625418,2025-01-06 06:35:16.524348,2025-01-06 06:35:26.836898,0 days 00:00:10.312550,4,30,65.0,100.0,85.0,,,,,,,2,4.0,6.0,2.0,,,,,,,COMPLETE
367,367,0.9465776293823038,2025-01-06 06:35:26.837339,2025-01-06 06:35:45.021577,0 days 00:00:18.184238,8,50,90.0,95.0,95.0,75.0,35.0,100.0,65.0,,,6,2.0,6.0,2.0,4.0,2.0,3.0,2.0,,,COMPLETE
368,368,0.9483320416343741,2025-01-06 06:35:45.022234,2025-01-06 06:35:55.467385,0 days 00:00:10.445151,4,50,40.0,90.0,100.0,,,,,,,2,5.0,5.0,2.0,,,,,,,COMPLETE
369,369,0.9591983316601866,2025-01-06 06:35:55.467835,2025-01-06 06:36:06.508588,0 days 00:00:11.040753,3,45,85.0,95.0,,,,,,,,2,5.0,6.0,,,,,,,,COMPLETE
370,370,0.9524596549805231,2025-01-06 06:36:06.509040,2025-01-06 06:36:28.815672,0 days 00:00:22.306632,7,40,50.0,100.0,90.0,65.0,35.0,90.0,,,,2,2.0,4.0,2.0,4.0,3.0,6.0,,,,COMPLETE
371,371,0.946478558145388,2025-01-06 06:36:28.816206,2025-01-06 06:36:35.891207,0 days 00:00:07.075001,4,45,95.0,95.0,95.0,,,,,,,2,2.0,3.0,2.0,,,,,,,COMPLETE
372,372,0.9533162025140635,2025-01-06 06:36:35.891632,2025-01-06 06:36:48.990105,0 days 00:00:13.098473,4,50,80.0,100.0,75.0,,,,,,,2,5.0,6.0,4.0,,,,,,,COMPLETE
373,373,0.9498947779186933,2025-01-06 06:36:48.990658,2025-01-06 06:37:02.363326,0 days 00:00:13.372668,4,40,80.0,40.0,35.0,,,,,,,2,4.0,6.0,3.0,,,,,,,COMPLETE
374,374,0.9475454661423524,2025-01-06 06:37:02.363800,2025-01-06 06:37:22.167153,0 days 00:00:19.803353,6,35,75.0,90.0,90.0,70.0,50.0,,,,,2,2.0,6.0,4.0,5.0,5.0,,,,,COMPLETE
375,375,0.940771349862259,2025-01-06 06:37:22.167773,2025-01-06 06:37:41.543065,0 days 00:00:19.375292,5,45,45.0,95.0,100.0,85.0,,,,,,5,5.0,6.0,4.0,5.0,,,,,,COMPLETE
376,376,0.9416587257710077,2025-01-06 06:37:41.543596,2025-01-06 06:37:47.946109,0 days 00:00:06.402513,2,40,10.0,,,,,,,,,2,5.0,,,,,,,,,COMPLETE
377,377,0.9389023659191117,2025-01-06 06:37:47.946485,2025-01-06 06:37:59.939409,0 days 00:00:11.992924,4,45,70.0,100.0,85.0,,,,,,,2,5.0,5.0,3.0,,,,,,,COMPLETE
378,378,0.949997777679008,2025-01-06 06:37:59.939861,2025-01-06 06:38:12.012854,0 days 00:00:12.072993,4,55,85.0,45.0,90.0,,,,,,,2,2.0,6.0,4.0,,,,,,,COMPLETE
379,379,0.9366554054054055,2025-01-06 06:38:12.013298,2025-01-06 06:38:30.224362,0 days 00:00:18.211064,5,50,75.0,100.0,85.0,65.0,,,,,,4,2.0,6.0,5.0,6.0,,,,,,COMPLETE
380,380,0.9414533200967575,2025-01-06 06:38:30.224962,2025-01-06 06:38:46.299218,0 days 00:00:16.074256,5,30,50.0,95.0,80.0,80.0,,,,,,2,5.0,6.0,4.0,5.0,,,,,,COMPLETE
381,381,0.9539755634359086,2025-01-06 06:38:46.299812,2025-01-06 06:39:02.900056,0 days 00:00:16.600244,5,35,40.0,100.0,100.0,70.0,,,,,,2,6.0,6.0,2.0,4.0,,,,,,COMPLETE
382,382,0.9525402107598447,2025-01-06 06:39:02.900560,2025-01-06 06:39:17.393816,0 days 00:00:14.493256,5,45,55.0,80.0,95.0,45.0,,,,,,2,3.0,6.0,3.0,5.0,,,,,,COMPLETE
383,383,0.9565188211508293,2025-01-06 06:39:17.394316,2025-01-06 06:39:41.143543,0 days 00:00:23.749227,6,40,45.0,90.0,90.0,60.0,70.0,,,,,2,5.0,5.0,4.0,5.0,6.0,,,,,COMPLETE
384,384,0.9439066202793325,2025-01-06 06:39:41.144160,2025-01-06 06:39:51.450385,0 days 00:00:10.306225,3,55,90.0,95.0,,,,,,,,2,2.0,6.0,,,,,,,,COMPLETE
385,385,0.9506162464985994,2025-01-06 06:39:51.450801,2025-01-06 06:40:04.043260,0 days 00:00:12.592459,4,45,75.0,100.0,80.0,,,,,,,2,5.0,6.0,4.0,,,,,,,COMPLETE
386,386,0.9542786069651741,2025-01-06 06:40:04.043891,2025-01-06 06:40:21.014972,0 days 00:00:16.971081,5,20,85.0,100.0,100.0,75.0,,,,,,2,5.0,6.0,3.0,5.0,,,,,,COMPLETE
387,387,0.9415417893140665,2025-01-06 06:40:21.015480,2025-01-06 06:40:34.111121,0 days 00:00:13.095641,5,50,80.0,95.0,85.0,65.0,,,,,,2,2.0,4.0,4.0,5.0,,,,,,COMPLETE
388,388,0.9398860041529049,2025-01-06 06:40:34.111603,2025-01-06 06:40:55.140266,0 days 00:00:21.028663,8,35,40.0,100.0,25.0,25.0,80.0,80.0,40.0,,,2,5.0,5.0,4.0,5.0,3.0,3.0,4.0,,,COMPLETE
389,389,0.9516355302451559,2025-01-06 06:40:55.140847,2025-01-06 06:41:09.526598,0 days 00:00:14.385751,5,50,80.0,90.0,50.0,60.0,,,,,,2,2.0,6.0,3.0,5.0,,,,,,COMPLETE
390,390,0.9414488992303562,2025-01-06 06:41:09.527196,2025-01-06 06:41:30.723005,0 days 00:00:21.195809,7,65,70.0,95.0,95.0,55.0,85.0,65.0,,,,2,4.0,6.0,4.0,2.0,2.0,5.0,,,,COMPLETE
391,391,0.9458811065071362,2025-01-06 06:41:30.723653,2025-01-06 06:41:49.582743,0 days 00:00:18.859090,5,45,45.0,10.0,45.0,40.0,,,,,,2,5.0,6.0,2.0,5.0,,,,,,COMPLETE
392,392,0.9449026521539169,2025-01-06 06:41:49.583353,2025-01-06 06:42:02.712728,0 days 00:00:13.129375,4,40,50.0,70.0,75.0,,,,,,,2,2.0,6.0,4.0,,,,,,,COMPLETE
393,393,0.9524560788438317,2025-01-06 06:42:02.713183,2025-01-06 06:42:27.595310,0 days 00:00:24.882127,6,40,85.0,100.0,100.0,90.0,70.0,,,,,2,6.0,6.0,5.0,4.0,5.0,,,,,COMPLETE
394,394,0.95,2025-01-06 06:42:27.595886,2025-01-06 06:42:40.812685,0 days 00:00:13.216799,5,45,45.0,95.0,90.0,70.0,,,,,,2,5.0,5.0,3.0,5.0,,,,,,COMPLETE
395,395,0.9438420460933108,2025-01-06 06:42:40.813254,2025-01-06 06:42:59.570664,0 days 00:00:18.757410,5,55,75.0,100.0,85.0,65.0,,,,,,5,3.0,6.0,4.0,5.0,,,,,,COMPLETE
396,396,0.9484295745010742,2025-01-06 06:42:59.571266,2025-01-06 06:43:11.242195,0 days 00:00:11.670929,4,35,55.0,95.0,90.0,,,,,,,2,2.0,6.0,4.0,,,,,,,COMPLETE
397,397,0.9523785594639866,2025-01-06 06:43:11.242653,2025-01-06 06:43:27.404077,0 days 00:00:16.161424,5,50,95.0,55.0,95.0,60.0,,,,,,2,5.0,6.0,4.0,5.0,,,,,,COMPLETE
398,398,0.960798334993517,2025-01-06 06:43:27.404597,2025-01-06 06:43:42.995019,0 days 00:00:15.590422,5,45,65.0,100.0,100.0,75.0,,,,,,2,5.0,6.0,3.0,5.0,,,,,,COMPLETE
399,399,0.9591344414827017,2025-01-06 06:43:42.995517,2025-01-06 06:43:54.469906,0 days 00:00:11.474389,5,45,60.0,100.0,100.0,75.0,,,,,,2,2.0,6.0,3.0,5.0,,,,,,COMPLETE
400,400,0.9499152712435059,2025-01-06 06:43:54.470403,2025-01-06 06:44:10.332539,0 days 00:00:15.862136,5,45,65.0,100.0,100.0,75.0,,,,,,2,5.0,5.0,3.0,5.0,,,,,,COMPLETE
401,401,0.9498305312258801,2025-01-06 06:44:10.333127,2025-01-06 06:44:27.487760,0 days 00:00:17.154633,5,50,50.0,100.0,100.0,80.0,,,,,,2,5.0,6.0,3.0,5.0,,,,,,COMPLETE
402,402,0.9575193850044927,2025-01-06 06:44:27.488349,2025-01-06 06:44:44.853468,0 days 00:00:17.365119,5,45,60.0,75.0,95.0,75.0,,,,,,2,2.0,6.0,3.0,5.0,,,,,,COMPLETE
403,403,0.9658067101096834,2025-01-06 06:44:44.853988,2025-01-06 06:45:05.450889,0 days 00:00:20.596901,6,45,45.0,60.0,100.0,70.0,45.0,,,,,2,2.0,6.0,3.0,5.0,4.0,,,,,COMPLETE
404,404,0.949126038542229,2025-01-06 06:45:05.451422,2025-01-06 06:45:24.935730,0 days 00:00:19.484308,7,50,45.0,60.0,95.0,70.0,30.0,70.0,,,,2,2.0,6.0,3.0,5.0,4.0,4.0,,,,COMPLETE
405,405,0.9542005690610493,2025-01-06 06:45:24.936358,2025-01-06 06:45:45.265698,0 days 00:00:20.329340,6,45,40.0,55.0,100.0,65.0,25.0,,,,,2,2.0,6.0,3.0,5.0,4.0,,,,,COMPLETE
406,406,0.9532554257095158,2025-01-06 06:45:45.266313,2025-01-06 06:46:03.300351,0 days 00:00:18.034038,6,50,50.0,85.0,100.0,70.0,45.0,,,,,2,2.0,6.0,3.0,5.0,4.0,,,,,COMPLETE
407,407,0.9499994444382716,2025-01-06 06:46:03.300883,2025-01-06 06:46:23.822783,0 days 00:00:20.521900,6,45,45.0,50.0,100.0,60.0,45.0,,,,,2,2.0,6.0,3.0,5.0,4.0,,,,,COMPLETE
408,408,0.9440101622044166,2025-01-06 06:46:23.823312,2025-01-06 06:46:42.128043,0 days 00:00:18.304731,6,75,45.0,55.0,100.0,65.0,55.0,,,,,2,2.0,6.0,3.0,5.0,3.0,,,,,COMPLETE
409,409,0.9516666666666667,2025-01-06 06:46:42.128553,2025-01-06 06:46:58.963173,0 days 00:00:16.834620,6,45,40.0,55.0,100.0,70.0,50.0,,,,,2,2.0,6.0,3.0,5.0,5.0,,,,,COMPLETE
410,410,0.9391151919866444,2025-01-06 06:46:58.964135,2025-01-06 06:47:17.604811,0 days 00:00:18.640676,6,50,65.0,35.0,95.0,60.0,35.0,,,,,4,2.0,6.0,3.0,3.0,4.0,,,,,COMPLETE
411,411,0.9550719822812846,2025-01-06 06:47:17.605423,2025-01-06 06:47:35.722264,0 days 00:00:18.116841,5,50,45.0,50.0,40.0,55.0,,,,,,2,2.0,6.0,3.0,6.0,,,,,,COMPLETE
412,412,0.9516665324070345,2025-01-06 06:47:35.722796,2025-01-06 06:47:50.862389,0 days 00:00:15.139593,5,45,50.0,25.0,100.0,55.0,,,,,,2,2.0,6.0,3.0,4.0,,,,,,COMPLETE
413,413,0.9567357742485658,2025-01-06 06:47:50.862876,2025-01-06 06:48:06.578413,0 days 00:00:15.715537,5,70,45.0,100.0,95.0,65.0,,,,,,2,2.0,6.0,3.0,5.0,,,,,,COMPLETE
414,414,0.9458670970676162,2025-01-06 06:48:06.578944,2025-01-06 06:48:25.165452,0 days 00:00:18.586508,6,45,55.0,100.0,30.0,70.0,60.0,,,,,2,2.0,6.0,3.0,5.0,3.0,,,,,COMPLETE
415,415,0.9458322238494652,2025-01-06 06:48:25.166048,2025-01-06 06:48:41.487236,0 days 00:00:16.321188,5,80,100.0,60.0,100.0,60.0,,,,,,2,2.0,6.0,3.0,5.0,,,,,,COMPLETE
416,416,0.9474495531292085,2025-01-06 06:48:41.487827,2025-01-06 06:49:00.500773,0 days 00:00:19.012946,7,55,40.0,60.0,95.0,65.0,60.0,45.0,,,,2,3.0,6.0,5.0,5.0,4.0,3.0,,,,COMPLETE
417,417,0.9550654499545947,2025-01-06 06:49:00.501353,2025-01-06 06:49:13.171237,0 days 00:00:12.669884,5,50,50.0,95.0,100.0,70.0,,,,,,2,2.0,6.0,2.0,5.0,,,,,,COMPLETE
418,418,0.9429556650246305,2025-01-06 06:49:13.171727,2025-01-06 06:49:27.132356,0 days 00:00:13.960629,5,75,70.0,100.0,95.0,55.0,,,,,,2,2.0,6.0,3.0,4.0,,,,,,COMPLETE
419,419,0.9523788253555256,2025-01-06 06:49:27.132869,2025-01-06 06:49:44.792797,0 days 00:00:17.659928,5,45,45.0,95.0,100.0,30.0,,,,,,2,4.0,6.0,6.0,5.0,,,,,,COMPLETE
420,420,0.940771349862259,2025-01-06 06:49:44.793393,2025-01-06 06:50:05.149946,0 days 00:00:20.356553,6,45,50.0,100.0,90.0,50.0,75.0,,,,,2,2.0,6.0,3.0,5.0,5.0,,,,,COMPLETE
421,421,0.9474375528741261,2025-01-06 06:50:05.150592,2025-01-06 06:50:26.735538,0 days 00:00:21.584946,5,50,65.0,70.0,95.0,75.0,,,,,,2,6.0,6.0,6.0,5.0,,,,,,COMPLETE
422,422,0.9632720178372353,2025-01-06 06:50:26.736095,2025-01-06 06:50:42.108103,0 days 00:00:15.372008,5,40,60.0,90.0,100.0,60.0,,,,,,2,2.0,6.0,3.0,5.0,,,,,,COMPLETE
423,423,0.9441226063874189,2025-01-06 06:50:42.108611,2025-01-06 06:50:57.395306,0 days 00:00:15.286695,5,45,60.0,90.0,100.0,60.0,,,,,,2,2.0,6.0,3.0,5.0,,,,,,COMPLETE
424,424,0.9523692527612432,2025-01-06 06:50:57.395828,2025-01-06 06:51:14.785065,0 days 00:00:17.389237,5,80,60.0,90.0,100.0,55.0,,,,,,2,2.0,6.0,3.0,5.0,,,,,,COMPLETE
425,425,0.9433333333333334,2025-01-06 06:51:14.785651,2025-01-06 06:51:48.010516,0 days 00:00:33.224865,9,45,60.0,90.0,100.0,60.0,25.0,35.0,95.0,90.0,,2,2.0,6.0,3.0,5.0,3.0,5.0,6.0,3.0,,COMPLETE
426,426,0.9448984369774132,2025-01-06 06:51:48.011238,2025-01-06 06:52:06.181101,0 days 00:00:18.169863,7,40,55.0,95.0,95.0,60.0,90.0,55.0,,,,2,2.0,6.0,3.0,5.0,4.0,4.0,,,,COMPLETE
427,427,0.9474568725653867,2025-01-06 06:52:06.181673,2025-01-06 06:52:25.061988,0 days 00:00:18.880315,6,50,60.0,85.0,100.0,80.0,40.0,,,,,2,2.0,6.0,3.0,4.0,4.0,,,,,COMPLETE
428,428,0.9549219620958751,2025-01-06 06:52:25.062517,2025-01-06 06:52:40.390429,0 days 00:00:15.327912,5,60,65.0,45.0,95.0,55.0,,,,,,2,2.0,6.0,3.0,5.0,,,,,,COMPLETE
429,429,0.944142659958146,2025-01-06 06:52:40.391026,2025-01-06 06:52:48.844093,0 days 00:00:08.453067,3,40,55.0,95.0,,,,,,,,2,2.0,6.0,,,,,,,,COMPLETE
430,430,0.9524560788438317,2025-01-06 06:52:48.844509,2025-01-06 06:53:18.110067,0 days 00:00:29.265558,8,75,65.0,90.0,100.0,50.0,85.0,60.0,60.0,,,2,2.0,6.0,3.0,5.0,5.0,6.0,3.0,,,COMPLETE
431,431,0.950785780270905,2025-01-06 06:53:18.110764,2025-01-06 06:53:32.415340,0 days 00:00:14.304576,5,50,55.0,95.0,90.0,60.0,,,,,,2,2.0,6.0,2.0,5.0,,,,,,COMPLETE
432,432,0.9568101545253863,2025-01-06 06:53:32.415848,2025-01-06 06:53:46.248682,0 days 00:00:13.832834,5,55,35.0,65.0,100.0,55.0,,,,,,2,2.0,6.0,3.0,5.0,,,,,,COMPLETE
433,433,0.951826046165096,2025-01-06 06:53:46.249196,2025-01-06 06:54:09.127187,0 days 00:00:22.877991,5,80,60.0,85.0,95.0,45.0,,,,,,2,5.0,6.0,6.0,5.0,,,,,,COMPLETE
434,434,0.9440035741211292,2025-01-06 06:54:09.127795,2025-01-06 06:54:23.744549,0 days 00:00:14.616754,5,45,40.0,95.0,95.0,5.0,,,,,,2,2.0,6.0,5.0,4.0,,,,,,COMPLETE
435,435,0.9472540154736495,2025-01-06 06:54:23.745135,2025-01-06 06:54:45.123157,0 days 00:00:21.378022,6,50,70.0,90.0,100.0,65.0,65.0,,,,,2,5.0,6.0,3.0,5.0,3.0,,,,,COMPLETE
436,436,0.9572962010566004,2025-01-06 06:54:45.123719,2025-01-06 06:55:01.404961,0 days 00:00:16.281242,5,80,65.0,95.0,15.0,70.0,,,,,,2,2.0,6.0,3.0,5.0,,,,,,COMPLETE
437,437,0.9459890535161433,2025-01-06 06:55:01.405474,2025-01-06 06:55:18.239987,0 days 00:00:16.834513,5,45,25.0,40.0,90.0,75.0,,,,,,2,5.0,6.0,6.0,5.0,,,,,,COMPLETE
438,438,0.9550654499545947,2025-01-06 06:55:18.240513,2025-01-06 06:55:32.970579,0 days 00:00:14.730066,5,40,55.0,95.0,100.0,60.0,,,,,,2,2.0,6.0,2.0,5.0,,,,,,COMPLETE
439,439,0.9526177301396896,2025-01-06 06:55:32.971144,2025-01-06 06:55:39.737662,0 days 00:00:06.766518,2,50,45.0,,,,,,,,,2,5.0,,,,,,,,,COMPLETE
440,440,0.946478558145388,2025-01-06 06:55:39.738147,2025-01-06 06:55:57.886573,0 days 00:00:18.148426,5,45,50.0,50.0,70.0,20.0,,,,,,2,2.0,6.0,3.0,5.0,,,,,,COMPLETE
441,441,0.9525069475646082,2025-01-06 06:55:57.887113,2025-01-06 06:56:20.717411,0 days 00:00:22.830298,8,85,40.0,100.0,95.0,65.0,20.0,75.0,25.0,,,2,5.0,6.0,6.0,5.0,6.0,3.0,3.0,,,COMPLETE
442,442,0.9515764008116123,2025-01-06 06:56:20.718055,2025-01-06 06:56:31.750911,0 days 00:00:11.032856,5,40,55.0,90.0,90.0,50.0,,,,,,2,2.0,4.0,3.0,5.0,,,,,,COMPLETE
443,443,0.9475467846961074,2025-01-06 06:56:31.751390,2025-01-06 06:56:55.554954,0 days 00:00:23.803564,7,50,50.0,5.0,100.0,75.0,55.0,90.0,,,,2,5.0,6.0,5.0,5.0,4.0,3.0,,,,COMPLETE
444,444,0.9458790904048808,2025-01-06 06:56:55.555603,2025-01-06 06:57:09.671953,0 days 00:00:14.116350,5,70,90.0,100.0,95.0,25.0,,,,,,2,2.0,6.0,2.0,5.0,,,,,,COMPLETE
445,445,0.9435159837513246,2025-01-06 06:57:09.672443,2025-01-06 06:57:30.458690,0 days 00:00:20.786247,6,55,20.0,95.0,100.0,55.0,100.0,,,,,2,5.0,6.0,3.0,4.0,3.0,,,,,COMPLETE
446,446,0.9549153827287119,2025-01-06 06:57:30.459322,2025-01-06 06:57:46.254555,0 days 00:00:15.795233,4,45,10.0,100.0,30.0,,,,,,,2,2.0,6.0,6.0,,,,,,,COMPLETE
447,447,0.9559427532186113,2025-01-06 06:57:46.255058,2025-01-06 06:58:03.271235,0 days 00:00:17.016177,5,30,15.0,95.0,60.0,60.0,,,,,,2,6.0,6.0,3.0,5.0,,,,,,COMPLETE
448,448,0.9583933198963432,2025-01-06 06:58:03.271752,2025-01-06 06:58:22.300334,0 days 00:00:19.028582,5,75,60.0,100.0,90.0,80.0,,,,,,2,5.0,6.0,6.0,6.0,,,,,,COMPLETE
449,449,0.9549939443771598,2025-01-06 06:58:22.300960,2025-01-06 06:58:35.777835,0 days 00:00:13.476875,5,45,45.0,100.0,95.0,70.0,,,,,,2,2.0,6.0,3.0,5.0,,,,,,COMPLETE
450,450,0.9450818401293495,2025-01-06 06:58:35.778335,2025-01-06 06:58:54.183224,0 days 00:00:18.404889,6,40,95.0,95.0,100.0,5.0,75.0,,,,,2,5.0,6.0,2.0,5.0,4.0,,,,,COMPLETE
451,451,0.9427376201705061,2025-01-06 06:58:54.183843,2025-01-06 06:58:58.121881,0 days 00:00:03.938038,2,50,45.0,,,,,,,,,2,2.0,,,,,,,,,COMPLETE
452,452,0.9575997125404241,2025-01-06 06:58:58.122253,2025-01-06 06:59:16.111519,0 days 00:00:17.989266,5,80,65.0,90.0,95.0,10.0,,,,,,2,5.0,6.0,6.0,4.0,,,,,,COMPLETE
453,453,0.9252915145294544,2025-01-06 06:59:16.112061,2025-01-06 06:59:25.544690,0 days 00:00:09.432629,4,45,100.0,30.0,90.0,,,,,,,2,2.0,6.0,3.0,,,,,,,COMPLETE
454,454,0.9608523455310934,2025-01-06 06:59:25.545145,2025-01-06 06:59:42.503913,0 days 00:00:16.958768,5,85,70.0,100.0,100.0,65.0,,,,,,2,5.0,6.0,6.0,5.0,,,,,,COMPLETE
455,455,0.95420410427066,2025-01-06 06:59:42.504503,2025-01-06 06:59:59.242664,0 days 00:00:16.738161,5,85,70.0,100.0,55.0,65.0,,,,,,2,5.0,6.0,6.0,5.0,,,,,,COMPLETE
456,456,0.9506167998117667,2025-01-06 06:59:59.243187,2025-01-06 07:00:16.651461,0 days 00:00:17.408274,5,90,70.0,100.0,100.0,65.0,,,,,,2,5.0,6.0,6.0,5.0,,,,,,COMPLETE
457,457,0.9397498640565525,2025-01-06 07:00:16.652095,2025-01-06 07:00:33.447319,0 days 00:00:16.795224,5,85,70.0,100.0,100.0,60.0,,,,,,2,2.0,6.0,6.0,5.0,,,,,,COMPLETE
458,458,0.9450941306755261,2025-01-06 07:00:33.447845,2025-01-06 07:00:52.695081,0 days 00:00:19.247236,5,85,65.0,100.0,100.0,70.0,,,,,,3,5.0,6.0,6.0,5.0,,,,,,COMPLETE
459,459,0.9608618002518068,2025-01-06 07:00:52.695619,2025-01-06 07:01:11.774825,0 days 00:00:19.079206,5,85,70.0,95.0,100.0,60.0,,,,,,2,2.0,6.0,6.0,5.0,,,,,,COMPLETE
460,460,0.9423537557020899,2025-01-06 07:01:11.775426,2025-01-06 07:01:29.353178,0 days 00:00:17.577752,5,90,70.0,95.0,95.0,65.0,,,,,,2,2.0,6.0,6.0,5.0,,,,,,COMPLETE
461,461,0.9499254428139414,2025-01-06 07:01:29.353786,2025-01-06 07:01:45.508198,0 days 00:00:16.154412,5,85,70.0,95.0,100.0,85.0,,,,,,2,5.0,6.0,6.0,5.0,,,,,,COMPLETE
462,462,0.9490175385697774,2025-01-06 07:01:45.508749,2025-01-06 07:01:54.024152,0 days 00:00:08.515403,3,85,65.0,100.0,,,,,,,,2,2.0,6.0,,,,,,,,COMPLETE
463,463,0.9599383495402694,2025-01-06 07:01:54.024578,2025-01-06 07:02:09.783824,0 days 00:00:15.759246,4,80,75.0,80.0,10.0,,,,,,,2,6.0,6.0,6.0,,,,,,,COMPLETE
464,464,0.9474375528741261,2025-01-06 07:02:09.784330,2025-01-06 07:02:27.430751,0 days 00:00:17.646421,5,90,70.0,100.0,95.0,70.0,,,,,,2,2.0,6.0,6.0,4.0,,,,,,COMPLETE
465,465,0.9542068774265113,2025-01-06 07:02:27.431247,2025-01-06 07:02:49.922288,0 days 00:00:22.491041,5,85,65.0,95.0,100.0,60.0,,,,,,2,5.0,6.0,6.0,5.0,,,,,,COMPLETE
466,466,0.9418603046884271,2025-01-06 07:02:49.922904,2025-01-06 07:03:04.826514,0 days 00:00:14.903610,6,85,75.0,100.0,100.0,65.0,5.0,,,,,2,2.0,3.0,6.0,3.0,2.0,,,,,COMPLETE
467,467,0.9499152712435059,2025-01-06 07:03:04.827151,2025-01-06 07:03:22.111584,0 days 00:00:17.284433,5,85,65.0,95.0,90.0,65.0,,,,,,2,5.0,6.0,6.0,5.0,,,,,,COMPLETE
468,468,0.9457788413378596,2025-01-06 07:03:22.112137,2025-01-06 07:03:37.509913,0 days 00:00:15.397776,4,80,70.0,100.0,95.0,,,,,,,2,2.0,6.0,6.0,,,,,,,COMPLETE
469,469,0.9540452261306533,2025-01-06 07:03:37.510385,2025-01-06 07:03:54.030312,0 days 00:00:16.519927,5,85,75.0,95.0,95.0,55.0,,,,,,2,5.0,6.0,6.0,5.0,,,,,,COMPLETE
470,470,0.955716239984366,2025-01-06 07:03:54.030931,2025-01-06 07:04:11.570734,0 days 00:00:17.539803,5,80,75.0,90.0,100.0,40.0,,,,,,2,2.0,6.0,6.0,5.0,,,,,,COMPLETE
471,471,0.9557998597615947,2025-01-06 07:04:11.571254,2025-01-06 07:04:29.091461,0 days 00:00:17.520207,5,45,60.0,100.0,95.0,60.0,,,,,,2,5.0,6.0,6.0,5.0,,,,,,COMPLETE
472,472,0.948193244633255,2025-01-06 07:04:29.092077,2025-01-06 07:04:43.185862,0 days 00:00:14.093785,4,40,70.0,95.0,90.0,,,,,,,2,2.0,6.0,6.0,,,,,,,COMPLETE
473,473,0.9557957707289928,2025-01-06 07:04:43.186340,2025-01-06 07:05:00.749208,0 days 00:00:17.562868,5,90,75.0,100.0,100.0,75.0,,,,,,2,5.0,4.0,6.0,5.0,,,,,,COMPLETE
474,474,0.9466660740674897,2025-01-06 07:05:00.749770,2025-01-06 07:05:15.935641,0 days 00:00:15.185871,6,90,60.0,95.0,90.0,50.0,30.0,,,,,2,2.0,6.0,3.0,4.0,2.0,,,,,COMPLETE
475,475,0.9510405130663316,2025-01-06 07:05:15.936184,2025-01-06 07:05:29.383145,0 days 00:00:13.446961,4,30,65.0,100.0,100.0,,,,,,,2,3.0,6.0,6.0,,,,,,,COMPLETE
476,476,0.9549898727213624,2025-01-06 07:05:29.383719,2025-01-06 07:05:44.872364,0 days 00:00:15.488645,5,40,75.0,90.0,95.0,70.0,,,,,,2,5.0,6.0,3.0,5.0,,,,,,COMPLETE
477,477,0.9549248747913188,2025-01-06 07:05:44.872968,2025-01-06 07:05:58.639048,0 days 00:00:13.766080,5,85,80.0,95.0,85.0,65.0,,,,,,2,2.0,6.0,2.0,5.0,,,,,,COMPLETE
478,478,0.9476243124464468,2025-01-06 07:05:58.639530,2025-01-06 07:06:18.020232,0 days 00:00:19.380702,5,80,70.0,100.0,100.0,55.0,,,,,,2,5.0,6.0,6.0,5.0,,,,,,COMPLETE
479,479,0.9482465015036358,2025-01-06 07:06:18.020786,2025-01-06 07:06:34.233698,0 days 00:00:16.212912,5,35,80.0,100.0,90.0,75.0,,,,,,2,6.0,6.0,3.0,5.0,,,,,,COMPLETE
480,480,0.9514344078297567,2025-01-06 07:06:34.234223,2025-01-06 07:06:48.363297,0 days 00:00:14.129074,4,45,90.0,95.0,95.0,,,,,,,2,2.0,6.0,6.0,,,,,,,COMPLETE
481,481,0.9475467846961074,2025-01-06 07:06:48.363777,2025-01-06 07:07:09.460123,0 days 00:00:21.096346,6,25,65.0,100.0,100.0,60.0,15.0,,,,,2,5.0,6.0,3.0,5.0,3.0,,,,,COMPLETE
482,482,0.9517375800128464,2025-01-06 07:07:09.460753,2025-01-06 07:07:22.594217,0 days 00:00:13.133464,5,35,70.0,90.0,85.0,55.0,,,,,,2,2.0,6.0,2.0,5.0,,,,,,COMPLETE
483,483,0.950061606191076,2025-01-06 07:07:22.594830,2025-01-06 07:07:38.634401,0 days 00:00:16.039571,5,40,75.0,100.0,95.0,65.0,,,,,,2,5.0,6.0,3.0,5.0,,,,,,COMPLETE
484,484,0.9516665324070345,2025-01-06 07:07:38.634933,2025-01-06 07:07:56.898982,0 days 00:00:18.264049,5,85,80.0,95.0,100.0,70.0,,,,,,3,2.0,6.0,6.0,5.0,,,,,,COMPLETE
485,485,0.9232810387998848,2025-01-06 07:07:56.899501,2025-01-06 07:08:22.944064,0 days 00:00:26.044563,6,45,5.0,55.0,90.0,60.0,10.0,,,,,2,5.0,6.0,3.0,3.0,3.0,,,,,COMPLETE
486,486,0.9439215686274509,2025-01-06 07:08:22.944714,2025-01-06 07:08:38.617095,0 days 00:00:15.672381,5,80,70.0,95.0,65.0,65.0,,,,,,2,2.0,6.0,6.0,5.0,,,,,,COMPLETE
487,487,0.9576036484245439,2025-01-06 07:08:38.617699,2025-01-06 07:08:55.330298,0 days 00:00:16.712599,5,40,85.0,100.0,100.0,70.0,,,,,,2,5.0,6.0,3.0,4.0,,,,,,COMPLETE
488,488,0.9448984369774132,2025-01-06 07:08:55.330842,2025-01-06 07:09:07.964535,0 days 00:00:12.633693,4,45,75.0,100.0,85.0,,,,,,,2,2.0,4.0,6.0,,,,,,,COMPLETE
489,489,0.9599995555506172,2025-01-06 07:09:07.965002,2025-01-06 07:09:23.205840,0 days 00:00:15.240838,5,35,60.0,90.0,95.0,60.0,,,,,,2,5.0,6.0,3.0,5.0,,,,,,COMPLETE
490,490,0.9433333333333334,2025-01-06 07:09:23.206354,2025-01-06 07:09:40.120993,0 days 00:00:16.914639,5,35,65.0,85.0,95.0,60.0,,,,,,2,2.0,6.0,3.0,5.0,,,,,,COMPLETE
491,491,0.9507035175879397,2025-01-06 07:09:40.121498,2025-01-06 07:09:57.668304,0 days 00:00:17.546806,6,30,60.0,90.0,100.0,55.0,45.0,,,,,2,5.0,6.0,3.0,5.0,2.0,,,,,COMPLETE
492,492,0.9573927560426798,2025-01-06 07:09:57.668922,2025-01-06 07:10:16.038696,0 days 00:00:18.369774,5,35,60.0,85.0,95.0,60.0,,,,,,2,2.0,6.0,3.0,5.0,,,,,,COMPLETE
493,493,0.9470085855793855,2025-01-06 07:10:16.039332,2025-01-06 07:10:33.362597,0 days 00:00:17.323265,5,30,60.0,90.0,100.0,55.0,,,,,,2,5.0,6.0,3.0,5.0,,,,,,COMPLETE
494,494,0.9608013355592655,2025-01-06 07:10:33.363133,2025-01-06 07:10:45.037417,0 days 00:00:11.674284,4,85,65.0,100.0,95.0,,,,,,,2,2.0,6.0,3.0,,,,,,,COMPLETE
495,495,0.9540248819003161,2025-01-06 07:10:45.037900,2025-01-06 07:10:56.998956,0 days 00:00:11.961056,4,90,65.0,85.0,95.0,,,,,,,2,2.0,6.0,5.0,,,,,,,COMPLETE
496,496,0.9484219269102989,2025-01-06 07:10:56.999417,2025-01-06 07:11:04.156339,0 days 00:00:07.156922,4,85,65.0,100.0,95.0,,,,,,,2,3.0,2.0,3.0,,,,,,,COMPLETE
497,497,0.9500105556728409,2025-01-06 07:11:04.156783,2025-01-06 07:11:16.327434,0 days 00:00:12.170651,4,85,60.0,85.0,45.0,,,,,,,2,5.0,6.0,3.0,,,,,,,COMPLETE
498,498,0.9559427532186113,2025-01-06 07:11:16.327983,2025-01-06 07:11:29.339837,0 days 00:00:13.011854,4,95,65.0,90.0,95.0,,,,,,,2,2.0,6.0,3.0,,,,,,,COMPLETE
499,499,0.9434828682444365,2025-01-06 07:11:29.340292,2025-01-06 07:11:40.668092,0 days 00:00:11.327800,3,35,30.0,100.0,,,,,,,,2,5.0,6.0,,,,,,,,COMPLETE
500,500,0.9582190559011752,2025-01-06 07:11:40.668629,2025-01-06 07:11:54.717867,0 days 00:00:14.049238,4,90,65.0,95.0,95.0,,,,,,,2,5.0,6.0,3.0,,,,,,,COMPLETE
501,501,0.9490371354710471,2025-01-06 07:11:54.718338,2025-01-06 07:12:11.986507,0 days 00:00:17.268169,4,85,70.0,100.0,20.0,,,,,,,2,6.0,6.0,5.0,,,,,,,COMPLETE
502,502,0.9391697732214974,2025-01-06 07:12:11.987024,2025-01-06 07:12:24.859233,0 days 00:00:12.872209,4,50,55.0,90.0,100.0,,,,,,,2,2.0,6.0,3.0,,,,,,,COMPLETE
503,503,0.9422427267685172,2025-01-06 07:12:24.859694,2025-01-06 07:12:32.727356,0 days 00:00:07.867662,3,35,60.0,95.0,,,,,,,,2,2.0,6.0,,,,,,,,COMPLETE
504,504,0.9500699087725126,2025-01-06 07:12:32.727787,2025-01-06 07:12:44.869576,0 days 00:00:12.141789,4,45,60.0,100.0,100.0,,,,,,,2,5.0,6.0,2.0,,,,,,,COMPLETE
505,505,0.951378288587591,2025-01-06 07:12:44.870121,2025-01-06 07:12:54.940416,0 days 00:00:10.070295,4,85,70.0,80.0,95.0,,,,,,,2,2.0,6.0,3.0,,,,,,,COMPLETE
506,506,0.9424548515457607,2025-01-06 07:12:54.940876,2025-01-06 07:13:13.640825,0 days 00:00:18.699949,6,55,65.0,100.0,100.0,15.0,50.0,,,,,2,5.0,4.0,3.0,6.0,3.0,,,,,COMPLETE
507,507,0.9517441860465117,2025-01-06 07:13:13.641445,2025-01-06 07:13:24.785272,0 days 00:00:11.143827,4,50,65.0,95.0,100.0,,,,,,,3,2.0,6.0,3.0,,,,,,,COMPLETE
508,508,0.9549998749996528,2025-01-06 07:13:24.785749,2025-01-06 07:13:40.906589,0 days 00:00:16.120840,5,45,75.0,100.0,95.0,60.0,,,,,,2,5.0,6.0,3.0,4.0,,,,,,COMPLETE
509,509,0.957534664448142,2025-01-06 07:13:40.907138,2025-01-06 07:13:52.825248,0 days 00:00:11.918110,5,40,60.0,95.0,95.0,80.0,,,,,,2,2.0,6.0,2.0,4.0,,,,,,COMPLETE
510,510,0.9523594150459822,2025-01-06 07:13:52.825738,2025-01-06 07:14:10.033141,0 days 00:00:17.207403,5,30,70.0,95.0,100.0,65.0,,,,,,2,5.0,6.0,3.0,5.0,,,,,,COMPLETE
511,511,0.9532493304013133,2025-01-06 07:14:10.033736,2025-01-06 07:14:18.106122,0 days 00:00:08.072386,3,50,65.0,100.0,,,,,,,,2,2.0,6.0,,,,,,,,COMPLETE
512,512,0.948329745121189,2025-01-06 07:14:18.106547,2025-01-06 07:14:32.389027,0 days 00:00:14.282480,4,85,55.0,60.0,95.0,,,,,,,2,3.0,6.0,5.0,,,,,,,COMPLETE
513,513,0.9473287430265869,2025-01-06 07:14:32.389595,2025-01-06 07:14:49.011537,0 days 00:00:16.621942,5,90,70.0,90.0,100.0,60.0,,,,,,2,4.0,6.0,5.0,5.0,,,,,,COMPLETE
514,514,0.9519042485313854,2025-01-06 07:14:49.012063,2025-01-06 07:14:51.266314,0 days 00:00:02.254251,1,35,,,,,,,,,,2,,,,,,,,,,COMPLETE
515,515,0.951749723145072,2025-01-06 07:14:51.266676,2025-01-06 07:15:07.103836,0 days 00:00:15.837160,6,45,100.0,100.0,100.0,65.0,40.0,,,,,2,2.0,6.0,3.0,6.0,3.0,,,,,COMPLETE
516,516,0.9476189423172605,2025-01-06 07:15:07.104391,2025-01-06 07:15:20.424146,0 days 00:00:13.319755,5,50,95.0,95.0,90.0,45.0,,,,,,2,5.0,6.0,3.0,4.0,,,,,,COMPLETE
517,517,0.9415512743327313,2025-01-06 07:15:20.424680,2025-01-06 07:15:30.661872,0 days 00:00:10.237192,4,85,20.0,100.0,95.0,,,,,,,2,5.0,6.0,2.0,,,,,,,COMPLETE
518,518,0.9573869346733668,2025-01-06 07:15:30.662334,2025-01-06 07:15:51.609215,0 days 00:00:20.946881,7,45,60.0,95.0,100.0,20.0,60.0,20.0,,,,2,2.0,6.0,3.0,5.0,2.0,6.0,,,,COMPLETE
519,519,0.9491759994231164,2025-01-06 07:15:51.609801,2025-01-06 07:16:08.030125,0 days 00:00:16.420324,5,40,75.0,100.0,90.0,60.0,,,,,,2,5.0,6.0,3.0,5.0,,,,,,COMPLETE
520,520,0.9424475645113719,2025-01-06 07:16:08.030735,2025-01-06 07:16:25.630411,0 days 00:00:17.599676,5,45,65.0,90.0,95.0,65.0,,,,,,2,6.0,6.0,3.0,5.0,,,,,,COMPLETE
521,521,0.9567327524868701,2025-01-06 07:16:25.630960,2025-01-06 07:16:43.218047,0 days 00:00:17.587087,5,60,70.0,100.0,100.0,60.0,,,,,,2,2.0,6.0,3.0,5.0,,,,,,COMPLETE
522,522,0.952856212405655,2025-01-06 07:16:43.218549,2025-01-06 07:16:57.702144,0 days 00:00:14.483595,6,35,55.0,65.0,100.0,65.0,45.0,,,,,2,2.0,6.0,2.0,4.0,3.0,,,,,COMPLETE
523,523,0.9541311207198785,2025-01-06 07:16:57.702755,2025-01-06 07:17:16.149503,0 days 00:00:18.446748,5,50,65.0,100.0,90.0,75.0,,,,,,2,5.0,6.0,3.0,5.0,,,,,,COMPLETE
524,524,0.9558707709373266,2025-01-06 07:17:16.150039,2025-01-06 07:17:27.612450,0 days 00:00:11.462411,4,90,70.0,95.0,95.0,,,,,,,2,2.0,6.0,3.0,,,,,,,COMPLETE
525,525,0.9531241259719192,2025-01-06 07:17:27.612997,2025-01-06 07:17:44.373318,0 days 00:00:16.760321,5,45,75.0,95.0,95.0,65.0,,,,,,2,5.0,6.0,3.0,5.0,,,,,,COMPLETE
526,526,0.9406303056027164,2025-01-06 07:17:44.373850,2025-01-06 07:18:04.740590,0 days 00:00:20.366740,5,55,80.0,100.0,100.0,85.0,,,,,,2,5.0,6.0,6.0,5.0,,,,,,COMPLETE
527,527,0.9433842609131518,2025-01-06 07:18:04.741153,2025-01-06 07:18:18.020373,0 days 00:00:13.279220,4,35,55.0,90.0,100.0,,,,,,,4,2.0,6.0,5.0,,,,,,,COMPLETE
528,528,0.9453628905147106,2025-01-06 07:18:18.020902,2025-01-06 07:18:33.017920,0 days 00:00:14.997018,5,80,75.0,100.0,95.0,60.0,,,,,,3,2.0,6.0,3.0,5.0,,,,,,COMPLETE
529,529,0.9590619765494137,2025-01-06 07:18:33.018511,2025-01-06 07:18:42.745723,0 days 00:00:09.727212,3,50,60.0,95.0,,,,,,,,2,4.0,6.0,,,,,,,,COMPLETE
530,530,0.9515811185595027,2025-01-06 07:18:42.746258,2025-01-06 07:18:58.399465,0 days 00:00:15.653207,5,45,25.0,100.0,90.0,80.0,,,,,,2,5.0,6.0,2.0,5.0,,,,,,COMPLETE
531,531,0.9499031453377371,2025-01-06 07:18:58.399984,2025-01-06 07:19:17.534157,0 days 00:00:19.134173,6,40,70.0,95.0,100.0,55.0,55.0,,,,,2,5.0,3.0,3.0,5.0,4.0,,,,,COMPLETE
532,532,0.9439066202793325,2025-01-06 07:19:17.534708,2025-01-06 07:19:34.848269,0 days 00:00:17.313561,5,85,75.0,55.0,95.0,75.0,,,,,,2,2.0,6.0,6.0,5.0,,,,,,COMPLETE
533,533,0.9380794563074213,2025-01-06 07:19:34.848802,2025-01-06 07:19:56.468260,0 days 00:00:21.619458,7,45,65.0,95.0,100.0,50.0,65.0,25.0,,,,2,2.0,6.0,3.0,4.0,3.0,5.0,,,,COMPLETE
534,534,0.9305170395020644,2025-01-06 07:19:56.468899,2025-01-06 07:20:11.290418,0 days 00:00:14.821519,4,45,80.0,100.0,90.0,,,,,,,2,3.0,6.0,5.0,,,,,,,COMPLETE
535,535,0.9456861606494769,2025-01-06 07:20:11.290934,2025-01-06 07:20:29.989867,0 days 00:00:18.698933,5,50,35.0,90.0,100.0,70.0,,,,,,2,5.0,6.0,6.0,5.0,,,,,,COMPLETE
536,536,0.9557983071692108,2025-01-06 07:20:29.990492,2025-01-06 07:20:52.170302,0 days 00:00:22.179810,6,40,60.0,100.0,70.0,65.0,35.0,,,,,2,5.0,6.0,3.0,5.0,4.0,,,,,COMPLETE
537,537,0.9434086629001883,2025-01-06 07:20:52.170875,2025-01-06 07:21:08.534997,0 days 00:00:16.364122,5,10,70.0,100.0,95.0,60.0,,,,,,2,2.0,6.0,3.0,5.0,,,,,,COMPLETE
538,538,0.9499031453377371,2025-01-06 07:21:08.535522,2025-01-06 07:21:27.948857,0 days 00:00:19.413335,5,30,75.0,95.0,100.0,15.0,,,,,,2,5.0,6.0,6.0,5.0,,,,,,COMPLETE
539,539,0.9549228646682554,2025-01-06 07:21:27.949475,2025-01-06 07:21:37.246717,0 days 00:00:09.297242,4,80,65.0,95.0,90.0,,,,,,,2,2.0,6.0,2.0,,,,,,,COMPLETE
540,540,0.9458811065071362,2025-01-06 07:21:37.247169,2025-01-06 07:21:56.453677,0 days 00:00:19.206508,5,85,100.0,50.0,100.0,70.0,,,,,,2,5.0,6.0,6.0,5.0,,,,,,COMPLETE
541,541,0.9491235392320534,2025-01-06 07:21:56.454306,2025-01-06 07:22:11.008639,0 days 00:00:14.554333,5,40,55.0,85.0,95.0,60.0,,,,,,2,2.0,6.0,3.0,5.0,,,,,,COMPLETE
542,542,0.9526177301396896,2025-01-06 07:22:11.009158,2025-01-06 07:22:29.404910,0 days 00:00:18.395752,6,50,80.0,90.0,95.0,55.0,70.0,,,,,3,2.0,6.0,4.0,5.0,2.0,,,,,COMPLETE
543,543,0.9531743301929794,2025-01-06 07:22:29.405449,2025-01-06 07:22:46.961309,0 days 00:00:17.555860,5,80,95.0,100.0,90.0,35.0,,,,,,2,5.0,6.0,3.0,4.0,,,,,,COMPLETE
544,544,0.9615542722912793,2025-01-06 07:22:46.961904,2025-01-06 07:22:59.452235,0 days 00:00:12.490331,4,90,50.0,100.0,100.0,,,,,,,2,2.0,6.0,6.0,,,,,,,COMPLETE
545,545,0.9549243722773602,2025-01-06 07:22:59.452731,2025-01-06 07:23:12.205352,0 days 00:00:12.752621,4,90,50.0,100.0,100.0,,,,,,,2,2.0,6.0,6.0,,,,,,,COMPLETE
546,546,0.9542786069651741,2025-01-06 07:23:12.205952,2025-01-06 07:23:27.284736,0 days 00:00:15.078784,4,95,50.0,100.0,100.0,,,,,,,2,2.0,6.0,6.0,,,,,,,COMPLETE
547,547,0.9472694983809705,2025-01-06 07:23:27.285215,2025-01-06 07:23:41.784276,0 days 00:00:14.499061,4,90,50.0,100.0,100.0,,,,,,,2,2.0,6.0,6.0,,,,,,,COMPLETE
548,548,0.9480489235198222,2025-01-06 07:23:41.784806,2025-01-06 07:23:54.814231,0 days 00:00:13.029425,4,90,45.0,100.0,100.0,,,,,,,2,2.0,6.0,6.0,,,,,,,COMPLETE
549,549,0.9466571834992887,2025-01-06 07:23:54.814741,2025-01-06 07:24:07.954179,0 days 00:00:13.139438,4,85,50.0,100.0,100.0,,,,,,,2,2.0,6.0,4.0,,,,,,,COMPLETE
550,550,0.9549275362318841,2025-01-06 07:24:07.954658,2025-01-06 07:24:22.114315,0 days 00:00:14.159657,4,90,45.0,100.0,100.0,,,,,,,2,2.0,6.0,6.0,,,,,,,COMPLETE
551,551,0.949997777679008,2025-01-06 07:24:22.114911,2025-01-06 07:24:33.089233,0 days 00:00:10.974322,4,85,50.0,95.0,100.0,,,,,,,2,2.0,5.0,4.0,,,,,,,COMPLETE
552,552,0.9527006551216852,2025-01-06 07:24:33.089705,2025-01-06 07:24:47.274940,0 days 00:00:14.185235,4,95,70.0,100.0,75.0,,,,,,,2,2.0,6.0,6.0,,,,,,,COMPLETE
553,553,0.9501573108130486,2025-01-06 07:24:47.275503,2025-01-06 07:24:55.421652,0 days 00:00:08.146149,3,100,80.0,60.0,,,,,,,,2,2.0,6.0,,,,,,,,COMPLETE
554,554,0.9390918603615638,2025-01-06 07:24:55.422079,2025-01-06 07:25:06.506402,0 days 00:00:11.084323,4,55,75.0,75.0,85.0,,,,,,,2,2.0,6.0,4.0,,,,,,,COMPLETE
555,555,0.947283799151835,2025-01-06 07:25:06.506912,2025-01-06 07:25:10.469501,0 days 00:00:03.962589,2,95,15.0,,,,,,,,,2,2.0,,,,,,,,,COMPLETE
556,556,0.9457788413378596,2025-01-06 07:25:10.469890,2025-01-06 07:25:43.905822,0 days 00:00:33.435932,10,45,90.0,95.0,50.0,70.0,50.0,10.0,80.0,65.0,50.0,2,2.0,6.0,6.0,4.0,3.0,4.0,6.0,2.0,4.0,COMPLETE
557,557,0.9457837359555251,2025-01-06 07:25:43.906654,2025-01-06 07:26:01.316056,0 days 00:00:17.409402,4,50,45.0,100.0,100.0,,,,,,,2,6.0,6.0,6.0,,,,,,,COMPLETE
558,558,0.9549248747913188,2025-01-06 07:26:01.316667,2025-01-06 07:26:10.441949,0 days 00:00:09.125282,4,90,50.0,100.0,55.0,,,,,,,2,2.0,5.0,4.0,,,,,,,COMPLETE
559,559,0.9576036484245439,2025-01-06 07:26:10.442415,2025-01-06 07:26:16.499308,0 days 00:00:06.056893,3,45,55.0,95.0,,,,,,,,2,2.0,4.0,,,,,,,,COMPLETE
560,560,0.9558707709373266,2025-01-06 07:26:16.499737,2025-01-06 07:26:40.508046,0 days 00:00:24.008309,7,80,75.0,95.0,100.0,80.0,20.0,40.0,,,,2,2.0,6.0,4.0,6.0,4.0,5.0,,,,COMPLETE
561,561,0.9515830546265329,2025-01-06 07:26:40.508678,2025-01-06 07:26:54.553478,0 days 00:00:14.044800,4,50,40.0,100.0,95.0,,,,,,,2,2.0,6.0,6.0,,,,,,,COMPLETE
562,562,0.9414577670391624,2025-01-06 07:26:54.553976,2025-01-06 07:27:08.283947,0 days 00:00:13.729971,5,85,80.0,95.0,95.0,75.0,,,,,,2,4.0,6.0,4.0,4.0,,,,,,COMPLETE
563,563,0.9583332175922711,2025-01-06 07:27:08.284542,2025-01-06 07:27:32.994849,0 days 00:00:24.710307,6,45,70.0,45.0,85.0,100.0,25.0,,,,,2,3.0,6.0,6.0,6.0,5.0,,,,,COMPLETE
564,564,0.9499826376831724,2025-01-06 07:27:32.995519,2025-01-06 07:27:48.879615,0 days 00:00:15.884096,5,85,90.0,100.0,100.0,25.0,,,,,,2,2.0,6.0,4.0,5.0,,,,,,COMPLETE
565,565,0.9590580418213797,2025-01-06 07:27:48.880137,2025-01-06 07:28:06.158516,0 days 00:00:17.278379,5,55,50.0,100.0,100.0,30.0,,,,,,2,2.0,6.0,6.0,4.0,,,,,,COMPLETE
566,566,0.9490423274514184,2025-01-06 07:28:06.159054,2025-01-06 07:28:20.563886,0 days 00:00:14.404832,4,80,70.0,95.0,95.0,,,,,,,2,2.0,6.0,6.0,,,,,,,COMPLETE
567,567,0.9523696523690941,2025-01-06 07:28:20.564372,2025-01-06 07:28:44.675795,0 days 00:00:24.111423,5,45,85.0,100.0,90.0,45.0,,,,,,2,6.0,6.0,4.0,5.0,,,,,,COMPLETE
568,568,0.9400103923818839,2025-01-06 07:28:44.676401,2025-01-06 07:29:06.833031,0 days 00:00:22.156630,6,50,55.0,95.0,100.0,50.0,80.0,,,,,4,2.0,5.0,4.0,5.0,4.0,,,,,COMPLETE
569,569,0.9499031453377371,2025-01-06 07:29:06.833676,2025-01-06 07:29:27.498110,0 days 00:00:20.664434,5,40,75.0,100.0,80.0,70.0,,,,,,2,4.0,6.0,6.0,5.0,,,,,,COMPLETE
570,570,0.9432309785032558,2025-01-06 07:29:27.498678,2025-01-06 07:29:40.428561,0 days 00:00:12.929883,4,50,45.0,100.0,95.0,,,,,,,2,2.0,6.0,4.0,,,,,,,COMPLETE
571,571,0.9474495531292085,2025-01-06 07:29:40.429035,2025-01-06 07:29:58.408512,0 days 00:00:17.979477,5,45,10.0,50.0,100.0,65.0,,,,,,2,2.0,6.0,6.0,5.0,,,,,,COMPLETE
572,572,0.9460186554430667,2025-01-06 07:29:58.409122,2025-01-06 07:30:00.758659,0 days 00:00:02.349537,1,90,,,,,,,,,,2,,,,,,,,,,COMPLETE
573,573,0.9425485302273988,2025-01-06 07:30:00.759021,2025-01-06 07:30:12.172556,0 days 00:00:11.413535,5,80,30.0,95.0,85.0,65.0,,,,,,3,2.0,4.0,2.0,5.0,,,,,,COMPLETE
574,574,0.9515104739054203,2025-01-06 07:30:12.173082,2025-01-06 07:30:28.875210,0 days 00:00:16.702128,6,40,65.0,55.0,45.0,75.0,30.0,,,,,2,2.0,6.0,4.0,5.0,3.0,,,,,COMPLETE
575,575,0.9566066924031051,2025-01-06 07:30:28.875852,2025-01-06 07:30:42.910203,0 days 00:00:14.034351,5,75,80.0,95.0,95.0,55.0,,,,,,2,2.0,6.0,6.0,5.0,,,,,,COMPLETE
576,576,0.952620232172471,2025-01-06 07:30:42.910749,2025-01-06 07:30:53.632092,0 days 00:00:10.721343,4,45,75.0,70.0,90.0,,,,,,,2,3.0,6.0,4.0,,,,,,,COMPLETE
577,577,0.9374276459325883,2025-01-06 07:30:53.632563,2025-01-06 07:31:13.206413,0 days 00:00:19.573850,5,85,40.0,100.0,100.0,70.0,,,,,,2,6.0,6.0,6.0,4.0,,,,,,COMPLETE
578,578,0.9433308147028757,2025-01-06 07:31:13.206984,2025-01-06 07:31:28.663757,0 days 00:00:15.456773,5,50,65.0,100.0,95.0,50.0,,,,,,2,5.0,5.0,4.0,5.0,,,,,,COMPLETE
579,579,0.9501639127123415,2025-01-06 07:31:28.664362,2025-01-06 07:31:42.530511,0 days 00:00:13.866149,4,90,50.0,95.0,90.0,,,,,,,2,2.0,6.0,6.0,,,,,,,COMPLETE
580,580,0.94911514274584,2025-01-06 07:31:42.531007,2025-01-06 07:31:57.019466,0 days 00:00:14.488459,5,45,45.0,95.0,100.0,65.0,,,,,,2,5.0,6.0,2.0,5.0,,,,,,COMPLETE
581,581,0.95767217630854,2025-01-06 07:31:57.020083,2025-01-06 07:32:12.129531,0 days 00:00:15.109448,5,80,70.0,100.0,100.0,70.0,,,,,,2,2.0,6.0,4.0,5.0,,,,,,COMPLETE
582,582,0.9429923142325597,2025-01-06 07:32:12.130076,2025-01-06 07:32:25.651450,0 days 00:00:13.521374,4,85,35.0,100.0,90.0,,,,,,,2,2.0,6.0,6.0,,,,,,,COMPLETE
583,583,0.944953618686988,2025-01-06 07:32:25.651946,2025-01-06 07:32:46.011945,0 days 00:00:20.359999,5,45,75.0,95.0,75.0,75.0,,,,,,2,5.0,6.0,4.0,5.0,,,,,,COMPLETE
584,584,0.9498947779186933,2025-01-06 07:32:46.012490,2025-01-06 07:32:54.577193,0 days 00:00:08.564703,3,50,85.0,100.0,,,,,,,,2,2.0,6.0,,,,,,,,COMPLETE
585,585,0.9465714596275889,2025-01-06 07:32:54.577712,2025-01-06 07:33:11.809938,0 days 00:00:17.232226,6,55,80.0,100.0,10.0,90.0,55.0,,,,,2,5.0,6.0,6.0,4.0,2.0,,,,,COMPLETE
586,586,0.9626495203777473,2025-01-06 07:33:11.810595,2025-01-06 07:33:24.135208,0 days 00:00:12.324613,5,40,95.0,95.0,100.0,80.0,,,,,,2,2.0,6.0,2.0,2.0,,,,,,COMPLETE
587,587,0.9491235392320534,2025-01-06 07:33:24.135726,2025-01-06 07:33:46.496896,0 days 00:00:22.361170,7,40,100.0,90.0,95.0,80.0,40.0,30.0,,,,2,2.0,6.0,2.0,2.0,4.0,4.0,,,,COMPLETE
588,588,0.9497621686848419,2025-01-06 07:33:46.497449,2025-01-06 07:33:56.458025,0 days 00:00:09.960576,5,95,95.0,95.0,85.0,85.0,,,,,,2,2.0,6.0,2.0,3.0,,,,,,COMPLETE
589,589,0.9473519640414305,2025-01-06 07:33:56.458507,2025-01-06 07:34:05.075387,0 days 00:00:08.616880,4,35,100.0,90.0,95.0,,,,,,,2,2.0,6.0,2.0,,,,,,,COMPLETE
590,590,0.9532493304013133,2025-01-06 07:34:05.075854,2025-01-06 07:34:16.519199,0 days 00:00:11.443345,5,40,95.0,95.0,80.0,40.0,,,,,,2,2.0,5.0,2.0,2.0,,,,,,COMPLETE
591,591,0.9458816351433801,2025-01-06 07:34:16.519680,2025-01-06 07:34:31.363884,0 days 00:00:14.844204,6,40,90.0,95.0,100.0,85.0,70.0,,,,,3,2.0,6.0,2.0,3.0,5.0,,,,,COMPLETE
592,592,0.9441448339381027,2025-01-06 07:34:31.364510,2025-01-06 07:34:43.874622,0 days 00:00:12.510112,5,40,95.0,95.0,95.0,80.0,,,,,,2,2.0,6.0,2.0,3.0,,,,,,COMPLETE
593,593,0.9524538255638596,2025-01-06 07:34:43.875200,2025-01-06 07:34:53.410076,0 days 00:00:09.534876,4,75,100.0,90.0,100.0,,,,,,,2,2.0,6.0,2.0,,,,,,,COMPLETE
594,594,0.9524636326198983,2025-01-06 07:34:53.410534,2025-01-06 07:35:05.663492,0 days 00:00:12.252958,5,85,90.0,95.0,100.0,60.0,,,,,,2,2.0,6.0,2.0,3.0,,,,,,COMPLETE
595,595,0.9476124131296545,2025-01-06 07:35:05.664002,2025-01-06 07:35:20.587936,0 days 00:00:14.923934,5,95,95.0,95.0,65.0,65.0,,,,,,2,2.0,6.0,2.0,2.0,,,,,,COMPLETE
596,596,0.9459458712299229,2025-01-06 07:35:20.588431,2025-01-06 07:35:34.084918,0 days 00:00:13.496487,6,85,95.0,95.0,95.0,85.0,60.0,,,,,2,2.0,6.0,2.0,2.0,3.0,,,,,COMPLETE
597,597,0.9533359814888375,2025-01-06 07:35:34.085426,2025-01-06 07:35:41.778673,0 days 00:00:07.693247,4,80,95.0,95.0,5.0,,,,,,,2,2.0,5.0,2.0,,,,,,,COMPLETE
598,598,0.9455882352941176,2025-01-06 07:35:41.779116,2025-01-06 07:35:55.561959,0 days 00:00:13.782843,5,40,100.0,100.0,90.0,55.0,,,,,,2,2.0,6.0,6.0,2.0,,,,,,COMPLETE
599,599,0.9329514550572677,2025-01-06 07:35:55.562558,2025-01-06 07:35:59.416921,0 days 00:00:03.854363,2,55,90.0,,,,,,,,,2,3.0,,,,,,,,,COMPLETE
600,600,0.9412750024632969,2025-01-06 07:35:59.417311,2025-01-06 07:36:13.858749,0 days 00:00:14.441438,5,35,90.0,90.0,60.0,60.0,,,,,,2,2.0,6.0,4.0,3.0,,,,,,COMPLETE
601,601,0.9566661851798354,2025-01-06 07:36:13.859367,2025-01-06 07:36:26.892461,0 days 00:00:13.033094,4,50,100.0,100.0,85.0,,,,,,,2,4.0,6.0,4.0,,,,,,,COMPLETE
602,602,0.9466788535106168,2025-01-06 07:36:26.892952,2025-01-06 07:36:38.799283,0 days 00:00:11.906331,5,90,45.0,100.0,100.0,65.0,,,,,,4,2.0,2.0,2.0,3.0,,,,,,COMPLETE
603,603,0.9633317036312725,2025-01-06 07:36:38.799773,2025-01-06 07:36:56.221284,0 days 00:00:17.421511,5,80,95.0,95.0,95.0,95.0,,,,,,2,2.0,6.0,4.0,6.0,,,,,,COMPLETE
604,604,0.949997777679008,2025-01-06 07:36:56.221813,2025-01-06 07:37:09.902838,0 days 00:00:13.681025,5,75,100.0,90.0,100.0,90.0,,,,,,2,2.0,5.0,4.0,6.0,,,,,,COMPLETE
605,605,0.9608034636081848,2025-01-06 07:37:09.903360,2025-01-06 07:37:23.913589,0 days 00:00:14.010229,5,80,95.0,95.0,20.0,65.0,,,,,,2,2.0,6.0,4.0,3.0,,,,,,COMPLETE
606,606,0.9464635278588767,2025-01-06 07:37:23.914178,2025-01-06 07:37:36.436175,0 days 00:00:12.521997,5,80,90.0,90.0,40.0,95.0,,,,,,2,2.0,3.0,4.0,6.0,,,,,,COMPLETE
607,607,0.9599906664333275,2025-01-06 07:37:36.436691,2025-01-06 07:37:50.326087,0 days 00:00:13.889396,5,80,95.0,95.0,90.0,95.0,,,,,,2,2.0,6.0,4.0,6.0,,,,,,COMPLETE
608,608,0.9483331898144162,2025-01-06 07:37:50.326695,2025-01-06 07:38:07.336694,0 days 00:00:17.009999,5,75,100.0,90.0,100.0,60.0,,,,,,2,2.0,6.0,4.0,6.0,,,,,,COMPLETE
609,609,0.949913037661382,2025-01-06 07:38:07.337236,2025-01-06 07:38:21.362051,0 days 00:00:14.024815,5,75,95.0,95.0,95.0,55.0,,,,,,2,2.0,6.0,4.0,6.0,,,,,,COMPLETE
610,610,0.9525283282583736,2025-01-06 07:38:21.362595,2025-01-06 07:38:38.009999,0 days 00:00:16.647404,5,80,95.0,95.0,90.0,45.0,,,,,,2,6.0,6.0,4.0,6.0,,,,,,COMPLETE
611,611,0.9515104739054203,2025-01-06 07:38:38.010551,2025-01-06 07:38:55.179909,0 days 00:00:17.169358,6,45,95.0,95.0,100.0,90.0,95.0,,,,,2,2.0,6.0,4.0,6.0,4.0,,,,,COMPLETE
612,612,0.9608756662617792,2025-01-06 07:38:55.180537,2025-01-06 07:39:13.539213,0 days 00:00:18.358676,5,30,90.0,95.0,80.0,90.0,,,,,,2,2.0,6.0,4.0,6.0,,,,,,COMPLETE
613,613,0.9565882657881755,2025-01-06 07:39:13.539866,2025-01-06 07:39:29.759906,0 days 00:00:16.220040,5,25,90.0,95.0,75.0,100.0,,,,,,2,2.0,6.0,4.0,6.0,,,,,,COMPLETE
614,614,0.932995344256424,2025-01-06 07:39:29.760442,2025-01-06 07:39:47.590213,0 days 00:00:17.829771,5,20,90.0,60.0,75.0,95.0,,,,,,2,2.0,6.0,4.0,6.0,,,,,,COMPLETE
615,615,0.9542265044736215,2025-01-06 07:39:47.590744,2025-01-06 07:40:04.300425,0 days 00:00:16.709681,6,25,90.0,80.0,80.0,90.0,75.0,,,,,2,2.0,6.0,4.0,6.0,3.0,,,,,COMPLETE
616,616,0.9542081267263469,2025-01-06 07:40:04.301014,2025-01-06 07:40:18.034572,0 days 00:00:13.733558,5,25,85.0,90.0,85.0,95.0,,,,,,2,2.0,5.0,4.0,6.0,,,,,,COMPLETE
617,617,0.9466571834992887,2025-01-06 07:40:18.035180,2025-01-06 07:40:32.305706,0 days 00:00:14.270526,5,35,90.0,95.0,80.0,95.0,,,,,,2,2.0,6.0,4.0,6.0,,,,,,COMPLETE
618,618,0.9576066467294266,2025-01-06 07:40:32.306235,2025-01-06 07:40:47.191980,0 days 00:00:14.885745,5,40,85.0,95.0,80.0,85.0,,,,,,2,2.0,6.0,4.0,6.0,,,,,,COMPLETE
619,619,0.947458777831572,2025-01-06 07:40:47.192588,2025-01-06 07:41:03.338852,0 days 00:00:16.146264,5,30,90.0,100.0,80.0,65.0,,,,,,2,2.0,6.0,4.0,6.0,,,,,,COMPLETE
620,620,0.9581533954592519,2025-01-06 07:41:03.339396,2025-01-06 07:41:19.083539,0 days 00:00:15.744143,5,80,95.0,90.0,80.0,100.0,,,,,,2,2.0,6.0,4.0,6.0,,,,,,COMPLETE
621,621,0.9281848674360182,2025-01-06 07:41:19.084069,2025-01-06 07:41:40.965497,0 days 00:00:21.881428,6,30,85.0,20.0,75.0,90.0,80.0,,,,,2,2.0,6.0,4.0,6.0,4.0,,,,,COMPLETE
622,622,0.9491977126629949,2025-01-06 07:41:40.966141,2025-01-06 07:41:57.663170,0 days 00:00:16.697029,5,30,100.0,95.0,85.0,100.0,,,,,,2,3.0,6.0,4.0,6.0,,,,,,COMPLETE
623,623,0.9431412687226641,2025-01-06 07:41:57.663718,2025-01-06 07:42:20.294976,0 days 00:00:22.631258,7,25,85.0,100.0,85.0,95.0,50.0,10.0,,,,3,2.0,6.0,4.0,2.0,5.0,6.0,,,,COMPLETE
624,624,0.9475467846961074,2025-01-06 07:42:20.295669,2025-01-06 07:42:33.593836,0 days 00:00:13.298167,5,30,95.0,65.0,80.0,90.0,,,,,,2,2.0,6.0,4.0,3.0,,,,,,COMPLETE
625,625,0.9499616628329499,2025-01-06 07:42:33.594353,2025-01-06 07:42:53.205057,0 days 00:00:19.610704,5,35,90.0,100.0,90.0,95.0,,,,,,2,2.0,6.0,4.0,6.0,,,,,,COMPLETE
626,626,0.9516665324070345,2025-01-06 07:42:53.205579,2025-01-06 07:43:06.953476,0 days 00:00:13.747897,5,40,95.0,55.0,85.0,95.0,,,,,,2,2.0,5.0,4.0,6.0,,,,,,COMPLETE
627,627,0.9526204940823987,2025-01-06 07:43:06.954089,2025-01-06 07:43:24.311508,0 days 00:00:17.357419,6,30,75.0,95.0,90.0,100.0,65.0,,,,,2,2.0,6.0,4.0,6.0,2.0,,,,,COMPLETE
628,628,0.9450984517929523,2025-01-06 07:43:24.312077,2025-01-06 07:43:36.991971,0 days 00:00:12.679894,5,35,100.0,100.0,95.0,30.0,,,,,,2,2.0,6.0,4.0,3.0,,,,,,COMPLETE
629,629,0.9498231239251108,2025-01-06 07:43:36.992556,2025-01-06 07:43:47.091408,0 days 00:00:10.098852,5,45,90.0,90.0,85.0,70.0,,,,,,2,2.0,6.0,2.0,2.0,,,,,,COMPLETE
630,630,0.9549219620958751,2025-01-06 07:43:47.091899,2025-01-06 07:44:04.544726,0 days 00:00:17.452827,5,65,80.0,95.0,80.0,60.0,,,,,,2,2.0,4.0,4.0,6.0,,,,,,COMPLETE
631,631,0.9558707709373266,2025-01-06 07:44:04.545263,2025-01-06 07:44:23.446329,0 days 00:00:18.901066,5,40,85.0,100.0,90.0,90.0,,,,,,2,6.0,6.0,4.0,6.0,,,,,,COMPLETE
632,632,0.9344255065817035,2025-01-06 07:44:23.446899,2025-01-06 07:44:40.587319,0 days 00:00:17.140420,5,80,95.0,95.0,95.0,80.0,,,,,,2,2.0,6.0,5.0,3.0,,,,,,COMPLETE
633,633,0.9480560294513782,2025-01-06 07:44:40.587938,2025-01-06 07:44:58.799938,0 days 00:00:18.212000,6,20,55.0,100.0,75.0,65.0,90.0,,,,,2,2.0,6.0,2.0,6.0,5.0,,,,,COMPLETE
634,634,0.9476243124464468,2025-01-06 07:44:58.800588,2025-01-06 07:45:11.665808,0 days 00:00:12.865220,5,30,80.0,100.0,50.0,70.0,,,,,,2,4.0,6.0,4.0,3.0,,,,,,COMPLETE
635,635,0.9445127101288385,2025-01-06 07:45:11.666356,2025-01-06 07:45:14.020249,0 days 00:00:02.353893,1,45,,,,,,,,,,2,,,,,,,,,,COMPLETE
636,636,0.9499305362600723,2025-01-06 07:45:14.020635,2025-01-06 07:45:30.275048,0 days 00:00:16.254413,5,40,90.0,15.0,95.0,85.0,,,,,,2,2.0,6.0,4.0,5.0,,,,,,COMPLETE
637,637,0.9514870174359261,2025-01-06 07:45:30.275577,2025-01-06 07:45:33.840053,0 days 00:00:03.564476,2,35,20.0,,,,,,,,,2,2.0,,,,,,,,,COMPLETE
638,638,0.9316184702917898,2025-01-06 07:45:33.840440,2025-01-06 07:45:40.717925,0 days 00:00:06.877485,3,45,75.0,85.0,,,,,,,,2,2.0,5.0,,,,,,,,COMPLETE
639,639,0.9575997125404241,2025-01-06 07:45:40.718366,2025-01-06 07:45:58.720978,0 days 00:00:18.002612,5,80,75.0,95.0,95.0,20.0,,,,,,2,2.0,6.0,4.0,5.0,,,,,,COMPLETE
640,640,0.9377600220416036,2025-01-06 07:45:58.721507,2025-01-06 07:46:15.042164,0 days 00:00:16.320657,5,75,5.0,90.0,85.0,60.0,,,,,,2,2.0,6.0,5.0,5.0,,,,,,COMPLETE
641,641,0.9591985579589573,2025-01-06 07:46:15.042782,2025-01-06 07:46:30.063900,0 days 00:00:15.021118,5,40,100.0,95.0,90.0,95.0,,,,,,2,2.0,6.0,2.0,6.0,,,,,,COMPLETE
642,642,0.9492715561330274,2025-01-06 07:46:30.064501,2025-01-06 07:46:52.090662,0 days 00:00:22.026161,7,35,95.0,100.0,100.0,10.0,85.0,50.0,,,,2,3.0,6.0,4.0,5.0,3.0,5.0,,,,COMPLETE
643,643,0.9565942028985508,2025-01-06 07:46:52.091269,2025-01-06 07:47:08.076077,0 days 00:00:15.984808,5,45,50.0,100.0,80.0,100.0,,,,,,3,4.0,6.0,4.0,5.0,,,,,,COMPLETE
644,644,0.9566661851798354,2025-01-06 07:47:08.076625,2025-01-06 07:47:25.258029,0 days 00:00:17.181404,6,75,85.0,95.0,100.0,15.0,45.0,,,,,2,2.0,6.0,2.0,5.0,4.0,,,,,COMPLETE
645,645,0.951585436890498,2025-01-06 07:47:25.258586,2025-01-06 07:47:40.238035,0 days 00:00:14.979449,5,45,80.0,95.0,90.0,90.0,,,,,,2,2.0,6.0,4.0,5.0,,,,,,COMPLETE
646,646,0.9555909681118362,2025-01-06 07:47:40.238656,2025-01-06 07:47:57.413018,0 days 00:00:17.174362,5,40,35.0,100.0,95.0,65.0,,,,,,2,2.0,6.0,5.0,6.0,,,,,,COMPLETE
647,647,0.9609316698083482,2025-01-06 07:47:57.413645,2025-01-06 07:48:17.026396,0 days 00:00:19.612751,6,85,75.0,50.0,100.0,65.0,60.0,,,,,2,2.0,6.0,2.0,5.0,6.0,,,,,COMPLETE
648,648,0.9456908344733241,2025-01-06 07:48:17.026988,2025-01-06 07:48:34.649922,0 days 00:00:17.622934,6,85,55.0,50.0,85.0,65.0,60.0,,,,,6,2.0,6.0,4.0,5.0,6.0,,,,,COMPLETE
649,649,0.9600716506504761,2025-01-06 07:48:34.650512,2025-01-06 07:48:59.061684,0 days 00:00:24.411172,6,85,90.0,50.0,80.0,65.0,55.0,,,,,2,6.0,5.0,6.0,5.0,6.0,,,,,COMPLETE
650,650,0.9490175385697774,2025-01-06 07:48:59.062375,2025-01-06 07:49:23.499866,0 days 00:00:24.437491,6,90,55.0,45.0,95.0,60.0,70.0,,,,,2,2.0,6.0,4.0,5.0,6.0,,,,,COMPLETE
651,651,0.9507929883138564,2025-01-06 07:49:23.500543,2025-01-06 07:49:39.367226,0 days 00:00:15.866683,6,85,25.0,50.0,100.0,70.0,50.0,,,,,2,2.0,3.0,6.0,5.0,6.0,,,,,COMPLETE
652,652,0.9449108138238573,2025-01-06 07:49:39.367817,2025-01-06 07:49:55.975566,0 days 00:00:16.607749,6,80,95.0,50.0,100.0,60.0,65.0,,,,,2,2.0,6.0,2.0,5.0,5.0,,,,,COMPLETE
653,653,0.9541311207198785,2025-01-06 07:49:55.976126,2025-01-06 07:50:15.380681,0 days 00:00:19.404555,6,85,85.0,55.0,95.0,65.0,35.0,,,,,2,2.0,6.0,4.0,5.0,6.0,,,,,COMPLETE
654,654,0.9480751213100083,2025-01-06 07:50:15.381356,2025-01-06 07:50:34.518457,0 days 00:00:19.137101,6,80,85.0,55.0,90.0,65.0,45.0,,,,,2,2.0,6.0,4.0,5.0,5.0,,,,,COMPLETE
655,655,0.9499152712435059,2025-01-06 07:50:34.519039,2025-01-06 07:50:57.041550,0 days 00:00:22.522511,6,90,50.0,90.0,100.0,70.0,55.0,,,,,2,2.0,6.0,4.0,5.0,5.0,,,,,COMPLETE
656,656,0.9525374376039933,2025-01-06 07:50:57.042198,2025-01-06 07:51:18.219362,0 days 00:00:21.177164,6,85,75.0,90.0,95.0,60.0,75.0,,,,,2,4.0,6.0,6.0,5.0,4.0,,,,,COMPLETE
657,657,0.943104528369429,2025-01-06 07:51:18.219971,2025-01-06 07:51:42.625134,0 days 00:00:24.405163,7,85,80.0,45.0,100.0,65.0,65.0,20.0,,,,2,2.0,5.0,2.0,5.0,5.0,6.0,,,,COMPLETE
658,658,0.95,2025-01-06 07:51:42.625819,2025-01-06 07:52:06.029098,0 days 00:00:23.403279,6,80,100.0,50.0,70.0,60.0,60.0,,,,,2,3.0,6.0,6.0,5.0,4.0,,,,,COMPLETE
659,659,0.9331755417464684,2025-01-06 07:52:06.029775,2025-01-06 07:52:31.032461,0 days 00:00:25.002686,8,30,40.0,95.0,90.0,65.0,40.0,25.0,95.0,,,2,2.0,6.0,4.0,5.0,6.0,4.0,5.0,,,COMPLETE
660,660,0.9497606049758367,2025-01-06 07:52:31.033127,2025-01-06 07:52:47.489519,0 days 00:00:16.456392,5,90,70.0,95.0,75.0,70.0,,,,,,2,2.0,6.0,4.0,5.0,,,,,,COMPLETE
661,661,0.9527006551216852,2025-01-06 07:52:47.490065,2025-01-06 07:53:13.798309,0 days 00:00:26.308244,7,80,75.0,50.0,100.0,60.0,80.0,35.0,,,,2,2.0,6.0,6.0,5.0,4.0,3.0,,,,COMPLETE
662,662,0.9439989725606692,2025-01-06 07:53:13.798994,2025-01-06 07:53:29.516296,0 days 00:00:15.717302,5,60,80.0,60.0,85.0,80.0,,,,,,2,5.0,6.0,4.0,5.0,,,,,,COMPLETE
663,663,0.9500104173900965,2025-01-06 07:53:29.516943,2025-01-06 07:53:47.119901,0 days 00:00:17.602958,6,85,95.0,55.0,80.0,65.0,35.0,,,,,2,2.0,6.0,2.0,5.0,4.0,,,,,COMPLETE
664,664,0.9532542531606056,2025-01-06 07:53:47.120445,2025-01-06 07:54:02.954467,0 days 00:00:15.834022,5,100,90.0,55.0,100.0,60.0,,,,,,2,6.0,6.0,4.0,2.0,,,,,,COMPLETE
665,665,0.9565197937290961,2025-01-06 07:54:02.955030,2025-01-06 07:54:20.253843,0 days 00:00:17.298813,5,80,35.0,95.0,15.0,70.0,,,,,,2,2.0,6.0,6.0,5.0,,,,,,COMPLETE
666,666,0.948165548098434,2025-01-06 07:54:20.254388,2025-01-06 07:54:44.920208,0 days 00:00:24.665820,8,70,50.0,50.0,95.0,75.0,50.0,5.0,75.0,,,2,5.0,6.0,4.0,5.0,5.0,4.0,5.0,,,COMPLETE
667,667,0.9516665324070345,2025-01-06 07:54:44.920949,2025-01-06 07:55:02.870246,0 days 00:00:17.949297,6,90,30.0,90.0,90.0,55.0,60.0,,,,,2,2.0,6.0,6.0,5.0,3.0,,,,,COMPLETE
668,668,0.95,2025-01-06 07:55:02.870932,2025-01-06 07:55:13.869082,0 days 00:00:10.998150,5,80,70.0,45.0,85.0,60.0,,,,,,2,2.0,4.0,2.0,5.0,,,,,,COMPLETE
669,669,0.9616666666666667,2025-01-06 07:55:13.869613,2025-01-06 07:55:29.951459,0 days 00:00:16.081846,5,75,75.0,100.0,100.0,35.0,,,,,,2,5.0,5.0,4.0,5.0,,,,,,COMPLETE
670,670,0.9507261671440776,2025-01-06 07:55:29.952006,2025-01-06 07:55:42.780784,0 days 00:00:12.828778,5,70,80.0,40.0,90.0,20.0,,,,,,4,2.0,5.0,4.0,4.0,,,,,,COMPLETE
671,671,0.9592677762975329,2025-01-06 07:55:42.781320,2025-01-06 07:56:04.200396,0 days 00:00:21.419076,6,75,75.0,95.0,100.0,40.0,30.0,,,,,2,2.0,5.0,4.0,4.0,6.0,,,,,COMPLETE
672,672,0.9491199073996783,2025-01-06 07:56:04.201057,2025-01-06 07:56:22.522162,0 days 00:00:18.321105,5,75,75.0,100.0,95.0,55.0,,,,,,3,5.0,5.0,4.0,6.0,,,,,,COMPLETE
673,673,0.9441009172269469,2025-01-06 07:56:22.522807,2025-01-06 07:56:37.706213,0 days 00:00:15.183406,5,75,80.0,90.0,95.0,35.0,,,,,,2,2.0,5.0,4.0,4.0,,,,,,COMPLETE
674,674,0.9456756620935726,2025-01-06 07:56:37.706754,2025-01-06 07:56:52.723188,0 days 00:00:15.016434,5,70,75.0,85.0,100.0,25.0,,,,,,2,2.0,5.0,4.0,5.0,,,,,,COMPLETE
675,675,0.9432620172270074,2025-01-06 07:56:52.723738,2025-01-06 07:57:08.009834,0 days 00:00:15.286096,5,35,75.0,95.0,80.0,15.0,,,,,,2,5.0,5.0,4.0,5.0,,,,,,COMPLETE
676,676,0.952374438147352,2025-01-06 07:57:08.010368,2025-01-06 07:57:26.847281,0 days 00:00:18.836913,6,70,90.0,100.0,100.0,55.0,90.0,,,,,2,4.0,5.0,4.0,5.0,4.0,,,,,COMPLETE
677,677,0.9515764008116123,2025-01-06 07:57:26.847938,2025-01-06 07:57:42.098529,0 days 00:00:15.250591,5,75,40.0,95.0,90.0,30.0,,,,,,2,2.0,5.0,4.0,5.0,,,,,,COMPLETE
678,678,0.9350799663299663,2025-01-06 07:57:42.099056,2025-01-06 07:57:57.931344,0 days 00:00:15.832288,5,30,55.0,100.0,95.0,75.0,,,,,,2,5.0,5.0,4.0,5.0,,,,,,COMPLETE
679,679,0.9467334874641784,2025-01-06 07:57:57.931998,2025-01-06 07:58:13.109988,0 days 00:00:15.177990,5,75,85.0,95.0,85.0,35.0,,,,,,2,2.0,5.0,4.0,6.0,,,,,,COMPLETE
680,680,0.943589598483348,2025-01-06 07:58:13.110534,2025-01-06 07:58:30.123851,0 days 00:00:17.013317,6,35,50.0,100.0,100.0,10.0,70.0,,,,,2,2.0,5.0,4.0,5.0,3.0,,,,,COMPLETE
681,681,0.9390997278479956,2025-01-06 07:58:30.124394,2025-01-06 07:58:50.448644,0 days 00:00:20.324250,5,25,95.0,95.0,95.0,85.0,,,,,,2,6.0,5.0,4.0,4.0,,,,,,COMPLETE
682,682,0.9455901219628342,2025-01-06 07:58:50.449261,2025-01-06 07:59:09.308195,0 days 00:00:18.858934,5,40,80.0,90.0,100.0,20.0,,,,,,2,5.0,5.0,4.0,5.0,,,,,,COMPLETE
683,683,0.936649069185885,2025-01-06 07:59:09.308739,2025-01-06 07:59:25.530299,0 days 00:00:16.221560,5,95,85.0,100.0,95.0,95.0,,,,,,2,2.0,5.0,5.0,5.0,,,,,,COMPLETE
684,684,0.9490279065092855,2025-01-06 07:59:25.530933,2025-01-06 07:59:29.221210,0 days 00:00:03.690277,2,75,100.0,,,,,,,,,2,3.0,,,,,,,,,COMPLETE
685,685,0.948329745121189,2025-01-06 07:59:29.221614,2025-01-06 07:59:47.223654,0 days 00:00:18.002040,7,80,75.0,50.0,90.0,30.0,75.0,45.0,,,,2,2.0,5.0,4.0,5.0,5.0,5.0,,,,COMPLETE
686,686,0.9448904051553058,2025-01-06 07:59:47.224259,2025-01-06 08:00:01.801844,0 days 00:00:14.577585,5,50,90.0,95.0,100.0,60.0,,,,,,2,5.0,6.0,2.0,5.0,,,,,,COMPLETE
687,687,0.9499826376831724,2025-01-06 08:00:01.802414,2025-01-06 08:00:14.514410,0 days 00:00:12.711996,5,65,50.0,100.0,65.0,55.0,,,,,,2,2.0,6.0,4.0,5.0,,,,,,COMPLETE
688,688,0.9433450664118171,2025-01-06 08:00:14.514945,2025-01-06 08:00:32.561204,0 days 00:00:18.046259,6,35,80.0,45.0,75.0,60.0,45.0,,,,,2,2.0,6.0,4.0,5.0,2.0,,,,,COMPLETE
689,689,0.9363987246182245,2025-01-06 08:00:32.561845,2025-01-06 08:00:47.655683,0 days 00:00:15.093838,5,30,75.0,100.0,80.0,5.0,,,,,,2,5.0,6.0,4.0,4.0,,,,,,COMPLETE
690,690,0.9526039363113666,2025-01-06 08:00:47.656307,2025-01-06 08:01:18.814782,0 days 00:00:31.158475,9,50,95.0,95.0,95.0,40.0,85.0,15.0,90.0,30.0,,2,2.0,5.0,2.0,6.0,4.0,5.0,6.0,4.0,,COMPLETE
691,691,0.9490326363103381,2025-01-06 08:01:18.815462,2025-01-06 08:01:33.506015,0 days 00:00:14.690553,5,80,90.0,90.0,100.0,70.0,,,,,,2,5.0,6.0,4.0,5.0,,,,,,COMPLETE
692,692,0.9559452736318408,2025-01-06 08:01:33.506573,2025-01-06 08:01:49.222267,0 days 00:00:15.715694,5,40,45.0,100.0,85.0,80.0,,,,,,3,2.0,6.0,4.0,5.0,,,,,,COMPLETE
693,693,0.9491235392320534,2025-01-06 08:01:49.222886,2025-01-06 08:02:03.925306,0 days 00:00:14.702420,6,75,100.0,95.0,95.0,25.0,55.0,,,,,2,2.0,6.0,5.0,5.0,3.0,,,,,COMPLETE
694,694,0.9499994444382716,2025-01-06 08:02:03.925973,2025-01-06 08:02:19.876058,0 days 00:00:15.950085,5,45,75.0,95.0,90.0,75.0,,,,,,2,3.0,6.0,3.0,5.0,,,,,,COMPLETE
695,695,0.9382514678544733,2025-01-06 08:02:19.876595,2025-01-06 08:02:39.762286,0 days 00:00:19.885691,5,35,15.0,70.0,100.0,35.0,,,,,,2,5.0,6.0,4.0,6.0,,,,,,COMPLETE
696,696,0.9465640982761263,2025-01-06 08:02:39.762863,2025-01-06 08:03:00.651015,0 days 00:00:20.888152,6,80,45.0,85.0,95.0,60.0,40.0,,,,,2,2.0,6.0,2.0,5.0,6.0,,,,,COMPLETE
697,697,0.9500026388962192,2025-01-06 08:03:00.651586,2025-01-06 08:03:06.909886,0 days 00:00:06.258300,3,65,55.0,35.0,,,,,,,,2,2.0,4.0,,,,,,,,COMPLETE
698,698,0.9457727391626178,2025-01-06 08:03:06.910407,2025-01-06 08:03:23.546944,0 days 00:00:16.636537,5,40,80.0,100.0,100.0,10.0,,,,,,2,5.0,6.0,3.0,5.0,,,,,,COMPLETE
699,699,0.9634578080203531,2025-01-06 08:03:23.547495,2025-01-06 08:03:35.810129,0 days 00:00:12.262634,5,50,75.0,100.0,85.0,65.0,,,,,,2,2.0,6.0,4.0,4.0,,,,,,COMPLETE
700,700,0.9425481515998757,2025-01-06 08:03:35.810750,2025-01-06 08:03:48.738909,0 days 00:00:12.928159,5,50,95.0,90.0,60.0,70.0,,,,,,2,2.0,6.0,4.0,4.0,,,,,,COMPLETE
701,701,0.9541983039284744,2025-01-06 08:03:48.739437,2025-01-06 08:04:03.247409,0 days 00:00:14.507972,5,55,70.0,100.0,80.0,65.0,,,,,,2,2.0,5.0,4.0,4.0,,,,,,COMPLETE
702,702,0.9509535655058043,2025-01-06 08:04:03.247937,2025-01-06 08:04:15.571484,0 days 00:00:12.323547,5,40,75.0,75.0,40.0,65.0,,,,,,2,2.0,6.0,4.0,4.0,,,,,,COMPLETE
703,703,0.9439989725606692,2025-01-06 08:04:15.572028,2025-01-06 08:04:35.138039,0 days 00:00:19.566011,7,45,40.0,95.0,85.0,70.0,95.0,40.0,,,,2,2.0,6.0,4.0,4.0,5.0,3.0,,,,COMPLETE
704,704,0.9547653251329937,2025-01-06 08:04:35.138629,2025-01-06 08:04:49.302656,0 days 00:00:14.164027,5,30,55.0,55.0,80.0,65.0,,,,,,2,2.0,6.0,4.0,4.0,,,,,,COMPLETE
705,705,0.9457912457912458,2025-01-06 08:04:49.303346,2025-01-06 08:05:02.116455,0 days 00:00:12.813109,5,80,75.0,60.0,80.0,75.0,,,,,,2,2.0,6.0,4.0,4.0,,,,,,COMPLETE
706,706,0.9560887614905604,2025-01-06 08:05:02.117044,2025-01-06 08:05:19.494773,0 days 00:00:17.377729,6,25,100.0,100.0,85.0,65.0,10.0,,,,,2,2.0,4.0,4.0,4.0,4.0,,,,,COMPLETE
707,707,0.9498327759197325,2025-01-06 08:05:19.495376,2025-01-06 08:05:33.784027,0 days 00:00:14.288651,5,75,70.0,95.0,75.0,70.0,,,,,,2,2.0,6.0,4.0,4.0,,,,,,COMPLETE
708,708,0.9452855099570909,2025-01-06 08:05:33.784540,2025-01-06 08:05:45.619681,0 days 00:00:11.835141,5,45,10.0,95.0,100.0,15.0,,,,,,2,2.0,6.0,4.0,4.0,,,,,,COMPLETE
709,709,0.9457001194876549,2025-01-06 08:05:45.620193,2025-01-06 08:06:00.861658,0 days 00:00:15.241465,5,35,75.0,100.0,80.0,90.0,,,,,,2,2.0,6.0,4.0,4.0,,,,,,COMPLETE
710,710,0.951585436890498,2025-01-06 08:06:00.862188,2025-01-06 08:06:03.372860,0 days 00:00:02.510672,1,50,,,,,,,,,,2,,,,,,,,,,COMPLETE
711,711,0.9464876957494407,2025-01-06 08:06:03.373247,2025-01-06 08:06:17.416622,0 days 00:00:14.043375,6,45,95.0,100.0,85.0,70.0,100.0,,,,,2,2.0,6.0,4.0,4.0,3.0,,,,,COMPLETE
712,712,0.9525454938740647,2025-01-06 08:06:17.417257,2025-01-06 08:06:21.615859,0 days 00:00:04.198602,2,40,50.0,,,,,,,,,2,2.0,,,,,,,,,COMPLETE
713,713,0.9474441383532293,2025-01-06 08:06:21.616256,2025-01-06 08:06:52.409842,0 days 00:00:30.793586,10,80,25.0,95.0,100.0,80.0,70.0,30.0,60.0,45.0,60.0,2,2.0,6.0,4.0,4.0,4.0,6.0,4.0,6.0,3.0,COMPLETE
714,714,0.9397101724923991,2025-01-06 08:06:52.410622,2025-01-06 08:07:05.957049,0 days 00:00:13.546427,3,40,70.0,100.0,,,,,,,,4,6.0,6.0,,,,,,,,COMPLETE
715,715,0.9448811435197574,2025-01-06 08:07:05.957540,2025-01-06 08:07:20.809308,0 days 00:00:14.851768,5,95,60.0,90.0,100.0,65.0,,,,,,3,2.0,5.0,4.0,4.0,,,,,,COMPLETE
716,716,0.9523816170763982,2025-01-06 08:07:20.809831,2025-01-06 08:07:30.245505,0 days 00:00:09.435674,5,60,20.0,95.0,95.0,70.0,,,,,,2,2.0,3.0,4.0,2.0,,,,,,COMPLETE
717,717,0.9475469395679064,2025-01-06 08:07:30.246075,2025-01-06 08:07:55.900239,0 days 00:00:25.654164,7,85,50.0,100.0,85.0,75.0,25.0,80.0,,,,2,2.0,6.0,4.0,4.0,2.0,4.0,,,,COMPLETE
718,718,0.9491199073996783,2025-01-06 08:07:55.900935,2025-01-06 08:08:14.335779,0 days 00:00:18.434844,5,50,45.0,90.0,100.0,60.0,,,,,,2,2.0,6.0,5.0,6.0,,,,,,COMPLETE
719,719,0.9457902058987201,2025-01-06 08:08:14.336334,2025-01-06 08:08:32.531105,0 days 00:00:18.194771,6,45,95.0,100.0,95.0,65.0,65.0,,,,,2,2.0,6.0,3.0,6.0,4.0,,,,,COMPLETE
720,720,0.9449052396878483,2025-01-06 08:08:32.531681,2025-01-06 08:08:48.199107,0 days 00:00:15.667426,5,80,75.0,50.0,100.0,85.0,,,,,,2,2.0,5.0,4.0,4.0,,,,,,COMPLETE
721,721,0.9524636326198983,2025-01-06 08:08:48.199630,2025-01-06 08:09:00.973277,0 days 00:00:12.773647,4,35,90.0,95.0,85.0,,,,,,,2,4.0,6.0,3.0,,,,,,,COMPLETE
722,722,0.954188713989373,2025-01-06 08:09:00.973846,2025-01-06 08:09:17.049814,0 days 00:00:16.075968,5,80,30.0,75.0,80.0,40.0,,,,,,2,2.0,6.0,3.0,5.0,,,,,,COMPLETE
723,723,0.9383249386722081,2025-01-06 08:09:17.050436,2025-01-06 08:09:31.956697,0 days 00:00:14.906261,5,70,100.0,95.0,15.0,100.0,,,,,,2,2.0,6.0,4.0,4.0,,,,,,COMPLETE
724,724,0.9557112225411255,2025-01-06 08:09:31.957219,2025-01-06 08:09:49.534976,0 days 00:00:17.577757,5,50,40.0,100.0,55.0,65.0,,,,,,2,3.0,6.0,4.0,5.0,,,,,,COMPLETE
725,725,0.9354922758829363,2025-01-06 08:09:49.535511,2025-01-06 08:10:05.300872,0 days 00:00:15.765361,6,40,75.0,80.0,100.0,65.0,55.0,,,,,2,2.0,5.0,3.0,6.0,3.0,,,,,COMPLETE
726,726,0.9610055096418733,2025-01-06 08:10:05.301456,2025-01-06 08:10:19.032227,0 days 00:00:13.730771,5,45,55.0,95.0,95.0,95.0,,,,,,2,2.0,6.0,4.0,5.0,,,,,,COMPLETE
727,727,0.9392192102241526,2025-01-06 08:10:19.032777,2025-01-06 08:10:33.978331,0 days 00:00:14.945554,4,45,55.0,100.0,90.0,,,,,,,2,2.0,6.0,4.0,,,,,,,COMPLETE
728,728,0.9524636326198983,2025-01-06 08:10:33.978914,2025-01-06 08:10:51.458107,0 days 00:00:17.479193,5,45,55.0,85.0,95.0,95.0,,,,,,2,2.0,6.0,4.0,5.0,,,,,,COMPLETE
729,729,0.9446125780178882,2025-01-06 08:10:51.458742,2025-01-06 08:10:54.001632,0 days 00:00:02.542890,1,45,,,,,,,,,,2,,,,,,,,,,COMPLETE
730,730,0.9559293454223795,2025-01-06 08:10:54.002014,2025-01-06 08:11:25.537584,0 days 00:00:31.535570,8,45,50.0,95.0,90.0,100.0,80.0,85.0,35.0,,,2,2.0,6.0,4.0,5.0,5.0,2.0,2.0,,,COMPLETE
731,731,0.9624707846410685,2025-01-06 08:11:25.538214,2025-01-06 08:11:37.640137,0 days 00:00:12.101923,4,45,55.0,100.0,95.0,,,,,,,2,2.0,6.0,4.0,,,,,,,COMPLETE
732,732,0.9490426654605759,2025-01-06 08:11:37.640635,2025-01-06 08:11:52.603821,0 days 00:00:14.963186,4,45,55.0,30.0,95.0,,,,,,,2,2.0,6.0,4.0,,,,,,,COMPLETE
733,733,0.9407558932398208,2025-01-06 08:11:52.604381,2025-01-06 08:12:04.987386,0 days 00:00:12.383005,4,45,55.0,65.0,95.0,,,,,,,2,6.0,5.0,4.0,,,,,,,COMPLETE
734,734,0.9549356701674583,2025-01-06 08:12:04.988014,2025-01-06 08:12:16.816398,0 days 00:00:11.828384,4,50,55.0,100.0,95.0,,,,,,,2,2.0,6.0,4.0,,,,,,,COMPLETE
735,735,0.9414488992303562,2025-01-06 08:12:16.816992,2025-01-06 08:12:29.381653,0 days 00:00:12.564661,4,45,55.0,100.0,35.0,,,,,,,2,2.0,6.0,4.0,,,,,,,COMPLETE
736,736,0.9448904051553058,2025-01-06 08:12:29.382144,2025-01-06 08:12:42.417994,0 days 00:00:13.035850,4,50,55.0,100.0,90.0,,,,,,,2,4.0,6.0,4.0,,,,,,,COMPLETE
737,737,0.9517541916764491,2025-01-06 08:12:42.418507,2025-01-06 08:12:53.876512,0 days 00:00:11.458005,4,45,55.0,100.0,95.0,,,,,,,2,2.0,6.0,4.0,,,,,,,COMPLETE
738,738,0.9557998597615947,2025-01-06 08:12:53.877007,2025-01-06 08:13:06.022180,0 days 00:00:12.145173,4,40,60.0,100.0,90.0,,,,,,,3,2.0,6.0,4.0,,,,,,,COMPLETE
739,739,0.954969095076047,2025-01-06 08:13:06.022686,2025-01-06 08:13:18.835491,0 days 00:00:12.812805,4,45,55.0,100.0,95.0,,,,,,,2,2.0,6.0,4.0,,,,,,,COMPLETE
740,740,0.9515838176066447,2025-01-06 08:13:18.836059,2025-01-06 08:13:28.833491,0 days 00:00:09.997432,4,40,50.0,100.0,95.0,,,,,,,2,2.0,5.0,4.0,,,,,,,COMPLETE
741,741,0.9464509975581991,2025-01-06 08:13:28.833979,2025-01-06 08:13:37.139856,0 days 00:00:08.305877,3,50,55.0,100.0,,,,,,,,2,2.0,6.0,,,,,,,,COMPLETE
742,742,0.9516355302451559,2025-01-06 08:13:37.140305,2025-01-06 08:13:44.919407,0 days 00:00:07.779102,4,45,50.0,55.0,95.0,,,,,,,2,2.0,2.0,4.0,,,,,,,COMPLETE
743,743,0.951585436890498,2025-01-06 08:13:44.919968,2025-01-06 08:13:56.186430,0 days 00:00:11.266462,4,45,60.0,100.0,95.0,,,,,,,2,2.0,6.0,4.0,,,,,,,COMPLETE
744,744,0.9516665324070345,2025-01-06 08:13:56.186922,2025-01-06 08:14:08.708195,0 days 00:00:12.521273,4,55,55.0,100.0,90.0,,,,,,,2,2.0,6.0,3.0,,,,,,,COMPLETE
745,745,0.9490279065092855,2025-01-06 08:14:08.708703,2025-01-06 08:14:32.762105,0 days 00:00:24.053402,6,50,50.0,100.0,90.0,70.0,60.0,,,,,2,6.0,6.0,4.0,4.0,4.0,,,,,COMPLETE
746,746,0.9399448790896159,2025-01-06 08:14:32.762724,2025-01-06 08:14:49.131600,0 days 00:00:16.368876,4,40,60.0,95.0,95.0,,,,,,,2,3.0,6.0,4.0,,,,,,,COMPLETE
747,747,0.9370880851159546,2025-01-06 08:14:49.132111,2025-01-06 08:15:14.375115,0 days 00:00:25.243004,6,45,50.0,100.0,90.0,75.0,50.0,,,,,5,2.0,5.0,3.0,5.0,6.0,,,,,COMPLETE
748,748,0.9525421942683461,2025-01-06 08:15:14.375918,2025-01-06 08:15:25.376215,0 days 00:00:11.000297,4,50,55.0,95.0,95.0,,,,,,,2,2.0,6.0,4.0,,,,,,,COMPLETE
749,749,0.9466490728522814,2025-01-06 08:15:25.376720,2025-01-06 08:15:41.716714,0 days 00:00:16.339994,5,45,55.0,90.0,95.0,70.0,,,,,,2,4.0,6.0,4.0,5.0,,,,,,COMPLETE
750,750,0.9376451077943615,2025-01-06 08:15:41.717269,2025-01-06 08:15:50.717590,0 days 00:00:09.000321,3,40,60.0,100.0,,,,,,,,2,2.0,6.0,,,,,,,,COMPLETE
751,751,0.9507899320530443,2025-01-06 08:15:50.718053,2025-01-06 08:16:06.856010,0 days 00:00:16.137957,6,45,50.0,50.0,100.0,10.0,65.0,,,,,2,2.0,6.0,3.0,2.0,3.0,,,,,COMPLETE
752,752,0.9582664437012263,2025-01-06 08:16:06.856552,2025-01-06 08:16:19.511254,0 days 00:00:12.654702,4,40,50.0,95.0,90.0,,,,,,,2,2.0,6.0,4.0,,,,,,,COMPLETE
753,753,0.9635156542210292,2025-01-06 08:16:19.511825,2025-01-06 08:16:35.310752,0 days 00:00:15.798927,5,50,55.0,100.0,100.0,5.0,,,,,,2,2.0,6.0,4.0,4.0,,,,,,COMPLETE
754,754,0.9583322916406243,2025-01-06 08:16:35.311290,2025-01-06 08:16:50.716972,0 days 00:00:15.405682,5,55,55.0,100.0,95.0,5.0,,,,,,2,2.0,6.0,4.0,4.0,,,,,,COMPLETE
755,755,0.9421576562904006,2025-01-06 08:16:50.717582,2025-01-06 08:17:05.350624,0 days 00:00:14.633042,5,50,55.0,100.0,95.0,5.0,,,,,,2,2.0,5.0,4.0,4.0,,,,,,COMPLETE
756,756,0.9515830546265329,2025-01-06 08:17:05.351163,2025-01-06 08:17:22.182012,0 days 00:00:16.830849,5,50,55.0,100.0,90.0,5.0,,,,,,2,5.0,6.0,4.0,4.0,,,,,,COMPLETE
757,757,0.9489924116789789,2025-01-06 08:17:22.182562,2025-01-06 08:17:39.349048,0 days 00:00:17.166486,5,50,55.0,100.0,100.0,5.0,,,,,,2,2.0,6.0,4.0,4.0,,,,,,COMPLETE
758,758,0.9533328148090534,2025-01-06 08:17:39.349574,2025-01-06 08:17:50.507778,0 days 00:00:11.158204,5,55,60.0,95.0,90.0,10.0,,,,,,2,2.0,4.0,4.0,4.0,,,,,,COMPLETE
759,759,0.9432063043399482,2025-01-06 08:17:50.508378,2025-01-06 08:18:09.881228,0 days 00:00:19.372850,5,50,60.0,100.0,95.0,5.0,,,,,,2,5.0,6.0,4.0,4.0,,,,,,COMPLETE
760,760,0.9465762893264064,2025-01-06 08:18:09.881896,2025-01-06 08:18:26.535239,0 days 00:00:16.653343,5,50,55.0,100.0,100.0,5.0,,,,,,2,2.0,6.0,4.0,4.0,,,,,,COMPLETE
761,761,0.9502805589173726,2025-01-06 08:18:26.535773,2025-01-06 08:18:42.975971,0 days 00:00:16.440198,5,50,50.0,95.0,100.0,10.0,,,,,,2,6.0,6.0,5.0,4.0,,,,,,COMPLETE
762,762,0.948573375351333,2025-01-06 08:18:42.976543,2025-01-06 08:19:00.039370,0 days 00:00:17.062827,5,55,55.0,100.0,95.0,10.0,,,,,,4,2.0,6.0,4.0,4.0,,,,,,COMPLETE
763,763,0.9397742653556607,2025-01-06 08:19:00.039929,2025-01-06 08:19:16.872408,0 days 00:00:16.832479,5,45,60.0,100.0,100.0,5.0,,,,,,2,5.0,5.0,4.0,4.0,,,,,,COMPLETE
764,764,0.9432373074093068,2025-01-06 08:19:16.873049,2025-01-06 08:19:28.109361,0 days 00:00:11.236312,4,45,45.0,95.0,95.0,,,,,,,2,2.0,6.0,4.0,,,,,,,COMPLETE
765,765,0.9492951907131011,2025-01-06 08:19:28.109946,2025-01-06 08:19:46.915233,0 days 00:00:18.805287,5,50,55.0,95.0,25.0,5.0,,,,,,3,5.0,6.0,4.0,4.0,,,,,,COMPLETE
766,766,0.9506937658784445,2025-01-06 08:19:46.915795,2025-01-06 08:20:03.586285,0 days 00:00:16.670490,5,45,50.0,100.0,100.0,20.0,,,,,,2,2.0,6.0,4.0,4.0,,,,,,COMPLETE
767,767,0.94911514274584,2025-01-06 08:20:03.586929,2025-01-06 08:20:21.386555,0 days 00:00:17.799626,5,50,50.0,100.0,90.0,10.0,,,,,,2,2.0,6.0,4.0,4.0,,,,,,COMPLETE
768,768,0.9432250512145157,2025-01-06 08:20:21.387145,2025-01-06 08:20:33.740936,0 days 00:00:12.353791,4,45,60.0,95.0,95.0,,,,,,,2,3.0,6.0,3.0,,,,,,,COMPLETE
769,769,0.9526095825662968,2025-01-06 08:20:33.741431,2025-01-06 08:20:49.742237,0 days 00:00:16.000806,5,40,55.0,95.0,85.0,95.0,,,,,,2,2.0,6.0,4.0,4.0,,,,,,COMPLETE
770,770,0.9428017423688966,2025-01-06 08:20:49.742872,2025-01-06 08:21:04.979861,0 days 00:00:15.236989,5,45,50.0,100.0,95.0,5.0,,,,,,2,5.0,5.0,4.0,3.0,,,,,,COMPLETE
771,771,0.9549248747913188,2025-01-06 08:21:04.980503,2025-01-06 08:21:17.091725,0 days 00:00:12.111222,4,55,45.0,90.0,100.0,,,,,,,2,2.0,6.0,3.0,,,,,,,COMPLETE
772,772,0.9616610046139017,2025-01-06 08:21:17.092222,2025-01-06 08:21:31.649844,0 days 00:00:14.557622,5,50,60.0,95.0,90.0,75.0,,,,,,2,2.0,6.0,4.0,4.0,,,,,,COMPLETE
773,773,0.9541983039284744,2025-01-06 08:21:31.650388,2025-01-06 08:21:44.405733,0 days 00:00:12.755345,5,55,60.0,100.0,90.0,80.0,,,,,,2,2.0,6.0,4.0,3.0,,,,,,COMPLETE
774,774,0.9532604787665448,2025-01-06 08:21:44.406259,2025-01-06 08:21:59.045536,0 days 00:00:14.639277,5,50,60.0,100.0,85.0,75.0,,,,,,2,5.0,6.0,5.0,3.0,,,,,,COMPLETE
775,775,0.9465739068388075,2025-01-06 08:21:59.046094,2025-01-06 08:22:10.301754,0 days 00:00:11.255660,4,55,60.0,95.0,90.0,,,,,,,6,2.0,6.0,3.0,,,,,,,COMPLETE
776,776,0.9600664451827242,2025-01-06 08:22:10.302357,2025-01-06 08:22:23.758883,0 days 00:00:13.456526,5,50,45.0,100.0,85.0,75.0,,,,,,2,2.0,5.0,4.0,4.0,,,,,,COMPLETE
777,777,0.943104528369429,2025-01-06 08:22:23.759412,2025-01-06 08:22:42.006353,0 days 00:00:18.246941,5,50,60.0,100.0,85.0,75.0,,,,,,2,5.0,6.0,4.0,3.0,,,,,,COMPLETE
778,778,0.9382733446427507,2025-01-06 08:22:42.006995,2025-01-06 08:22:45.457197,0 days 00:00:03.450202,2,50,35.0,,,,,,,,,2,2.0,,,,,,,,,COMPLETE
779,779,0.9423363656162571,2025-01-06 08:22:45.457602,2025-01-06 08:23:01.340504,0 days 00:00:15.882902,5,50,40.0,95.0,90.0,80.0,,,,,,2,3.0,6.0,3.0,4.0,,,,,,COMPLETE
780,780,0.9413804713804714,2025-01-06 08:23:01.341070,2025-01-06 08:23:14.789245,0 days 00:00:13.448175,4,50,35.0,95.0,90.0,,,,,,,2,4.0,6.0,4.0,,,,,,,COMPLETE
781,781,0.9499215433796827,2025-01-06 08:23:14.789763,2025-01-06 08:23:28.907768,0 days 00:00:14.118005,5,75,45.0,90.0,85.0,70.0,,,,,,2,2.0,6.0,4.0,4.0,,,,,,COMPLETE
782,782,0.9492065957104587,2025-01-06 08:23:28.908381,2025-01-06 08:23:43.699394,0 days 00:00:14.791013,5,55,100.0,100.0,90.0,75.0,,,,,,2,6.0,6.0,4.0,4.0,,,,,,COMPLETE
783,783,0.9482295359778803,2025-01-06 08:23:43.700115,2025-01-06 08:23:59.819166,0 days 00:00:16.119051,5,35,50.0,85.0,70.0,80.0,,,,,,2,2.0,6.0,5.0,4.0,,,,,,COMPLETE
784,784,0.952639871738169,2025-01-06 08:23:59.819833,2025-01-06 08:24:07.503553,0 days 00:00:07.683720,3,55,40.0,100.0,,,,,,,,2,2.0,5.0,,,,,,,,COMPLETE
785,785,0.95420410427066,2025-01-06 08:24:07.504031,2025-01-06 08:24:27.460385,0 days 00:00:19.956354,7,50,60.0,90.0,90.0,15.0,85.0,95.0,,,,2,5.0,6.0,3.0,2.0,2.0,3.0,,,,COMPLETE
786,786,0.9457837359555251,2025-01-06 08:24:27.461002,2025-01-06 08:24:39.706055,0 days 00:00:12.245053,4,35,100.0,95.0,100.0,,,,,,,2,2.0,6.0,4.0,,,,,,,COMPLETE
787,787,0.9558738698763104,2025-01-06 08:24:39.706551,2025-01-06 08:24:53.626128,0 days 00:00:13.919577,5,50,95.0,95.0,100.0,75.0,,,,,,2,2.0,6.0,4.0,3.0,,,,,,COMPLETE
788,788,0.9442123658150954,2025-01-06 08:24:53.626677,2025-01-06 08:25:12.239922,0 days 00:00:18.613245,5,75,5.0,100.0,90.0,75.0,,,,,,2,5.0,6.0,3.0,4.0,,,,,,COMPLETE
789,789,0.9462820270996912,2025-01-06 08:25:12.240577,2025-01-06 08:25:27.156759,0 days 00:00:14.916182,4,10,60.0,100.0,85.0,,,,,,,2,2.0,6.0,4.0,,,,,,,COMPLETE
790,790,0.9492843756737482,2025-01-06 08:25:27.157354,2025-01-06 08:25:45.357377,0 days 00:00:18.200023,5,40,45.0,95.0,100.0,10.0,,,,,,2,4.0,6.0,3.0,4.0,,,,,,COMPLETE
791,791,0.9592620232172471,2025-01-06 08:25:45.357933,2025-01-06 08:25:59.917642,0 days 00:00:14.559709,5,45,50.0,100.0,100.0,35.0,,,,,,2,5.0,4.0,4.0,4.0,,,,,,COMPLETE
792,792,0.9514309764309764,2025-01-06 08:25:59.918178,2025-01-06 08:26:17.025049,0 days 00:00:17.106871,5,50,55.0,60.0,45.0,45.0,,,,,,2,2.0,5.0,4.0,4.0,,,,,,COMPLETE
793,793,0.9525371743603681,2025-01-06 08:26:17.025568,2025-01-06 08:26:28.551840,0 days 00:00:11.526272,5,70,55.0,95.0,90.0,25.0,,,,,,2,2.0,6.0,3.0,4.0,,,,,,COMPLETE
794,794,0.9542066234421711,2025-01-06 08:26:28.552372,2025-01-06 08:26:40.968416,0 days 00:00:12.416044,4,45,45.0,100.0,100.0,,,,,,,3,2.0,6.0,4.0,,,,,,,COMPLETE
795,795,0.9522099121431342,2025-01-06 08:26:40.969011,2025-01-06 08:26:59.165042,0 days 00:00:18.196031,5,35,60.0,100.0,95.0,50.0,,,,,,2,5.0,6.0,4.0,4.0,,,,,,COMPLETE
796,796,0.9583276620212834,2025-01-06 08:26:59.165698,2025-01-06 08:27:13.360531,0 days 00:00:14.194833,5,50,100.0,95.0,85.0,80.0,,,,,,2,2.0,6.0,4.0,3.0,,,,,,COMPLETE
797,797,0.9506937658784445,2025-01-06 08:27:13.361064,2025-01-06 08:27:25.656306,0 days 00:00:12.295242,4,40,40.0,95.0,90.0,,,,,,,2,5.0,6.0,3.0,,,,,,,COMPLETE
798,798,0.9608034636081848,2025-01-06 08:27:25.656836,2025-01-06 08:27:42.270768,0 days 00:00:16.613932,5,55,50.0,90.0,100.0,70.0,,,,,,2,2.0,6.0,4.0,4.0,,,,,,COMPLETE
799,799,0.9507118927973199,2025-01-06 08:27:42.271319,2025-01-06 08:27:52.296497,0 days 00:00:10.025178,3,35,15.0,100.0,,,,,,,,2,2.0,6.0,,,,,,,,COMPLETE
800,800,0.9416340682788051,2025-01-06 08:27:52.296989,2025-01-06 08:28:09.062578,0 days 00:00:16.765589,5,45,95.0,95.0,95.0,75.0,,,,,,5,2.0,6.0,4.0,5.0,,,,,,COMPLETE
801,801,0.9608500560196125,2025-01-06 08:28:09.063234,2025-01-06 08:28:23.139689,0 days 00:00:14.076455,5,40,35.0,100.0,100.0,75.0,,,,,,2,5.0,5.0,5.0,2.0,,,,,,COMPLETE
802,802,0.9523869346733669,2025-01-06 08:28:23.140326,2025-01-06 08:28:30.549409,0 days 00:00:07.409083,4,50,55.0,100.0,95.0,,,,,,,2,2.0,3.0,4.0,,,,,,,COMPLETE
803,803,0.9533333333333334,2025-01-06 08:28:30.549926,2025-01-06 08:28:52.862421,0 days 00:00:22.312495,7,45,45.0,90.0,85.0,70.0,20.0,100.0,,,,2,2.0,6.0,4.0,5.0,3.0,5.0,,,,COMPLETE
804,804,0.9507010402532791,2025-01-06 08:28:52.863056,2025-01-06 08:29:06.395526,0 days 00:00:13.532470,5,50,40.0,95.0,95.0,15.0,,,,,,2,6.0,6.0,3.0,4.0,,,,,,COMPLETE
805,805,0.9420918008825927,2025-01-06 08:29:06.396094,2025-01-06 08:29:18.685832,0 days 00:00:12.289738,5,60,50.0,100.0,40.0,55.0,,,,,,2,2.0,6.0,4.0,3.0,,,,,,COMPLETE
806,806,0.9466613327999467,2025-01-06 08:29:18.686366,2025-01-06 08:29:36.705350,0 days 00:00:18.018984,5,75,60.0,65.0,90.0,30.0,,,,,,2,5.0,6.0,3.0,5.0,,,,,,COMPLETE
807,807,0.9499103950144511,2025-01-06 08:29:36.706002,2025-01-06 08:29:46.491903,0 days 00:00:09.785901,4,40,95.0,100.0,100.0,,,,,,,2,2.0,5.0,4.0,,,,,,,COMPLETE
808,808,0.9362662417932588,2025-01-06 08:29:46.492486,2025-01-06 08:30:02.918803,0 days 00:00:16.426317,5,35,10.0,95.0,50.0,5.0,,,,,,4,5.0,6.0,3.0,4.0,,,,,,COMPLETE
809,809,0.9481659829475704,2025-01-06 08:30:02.919418,2025-01-06 08:30:17.540433,0 days 00:00:14.621015,5,45,55.0,100.0,90.0,70.0,,,,,,2,2.0,6.0,4.0,5.0,,,,,,COMPLETE
810,810,0.937507629479198,2025-01-06 08:30:17.540997,2025-01-06 08:30:33.624945,0 days 00:00:16.083948,5,50,50.0,85.0,100.0,50.0,,,,,,2,2.0,6.0,4.0,5.0,,,,,,COMPLETE
811,811,0.93009414473907,2025-01-06 08:30:33.625504,2025-01-06 08:31:07.617429,0 days 00:00:33.991925,9,45,45.0,95.0,20.0,10.0,5.0,5.0,70.0,85.0,,2,2.0,6.0,3.0,5.0,2.0,6.0,5.0,5.0,,COMPLETE
812,812,0.9424286445809956,2025-01-06 08:31:07.618225,2025-01-06 08:31:22.793680,0 days 00:00:15.175455,5,45,20.0,95.0,95.0,25.0,,,,,,2,5.0,6.0,4.0,5.0,,,,,,COMPLETE
813,813,0.949997777679008,2025-01-06 08:31:22.794345,2025-01-06 08:31:35.474168,0 days 00:00:12.679823,4,70,90.0,100.0,100.0,,,,,,,2,2.0,6.0,4.0,,,,,,,COMPLETE
814,814,0.9439355742296919,2025-01-06 08:31:35.474690,2025-01-06 08:31:49.333700,0 days 00:00:13.859010,5,100,55.0,90.0,85.0,80.0,,,,,,2,3.0,5.0,3.0,4.0,,,,,,COMPLETE
815,815,0.9543601271646363,2025-01-06 08:31:49.334226,2025-01-06 08:32:17.099837,0 days 00:00:27.765611,8,40,100.0,100.0,90.0,70.0,15.0,60.0,10.0,,,2,2.0,6.0,4.0,5.0,3.0,4.0,6.0,,,COMPLETE
816,816,0.9433276660999433,2025-01-06 08:32:17.100485,2025-01-06 08:32:32.180189,0 days 00:00:15.079704,4,75,85.0,95.0,100.0,,,,,,,2,5.0,6.0,4.0,,,,,,,COMPLETE
817,817,0.9441009172269469,2025-01-06 08:32:32.180826,2025-01-06 08:32:34.488005,0 days 00:00:02.307179,1,55,,,,,,,,,,2,,,,,,,,,,COMPLETE
818,818,0.9517375800128464,2025-01-06 08:32:34.488394,2025-01-06 08:32:52.483036,0 days 00:00:17.994642,7,50,60.0,100.0,95.0,55.0,95.0,25.0,,,,2,2.0,6.0,4.0,5.0,2.0,2.0,,,,COMPLETE
819,819,0.9549988749718743,2025-01-06 08:32:52.483715,2025-01-06 08:33:06.135127,0 days 00:00:13.651412,5,40,95.0,95.0,95.0,45.0,,,,,,2,2.0,6.0,3.0,4.0,,,,,,COMPLETE
820,820,0.9483331898144162,2025-01-06 08:33:06.135709,2025-01-06 08:33:24.667231,0 days 00:00:18.531522,5,75,55.0,80.0,90.0,70.0,,,,,,2,5.0,6.0,4.0,5.0,,,,,,COMPLETE
821,821,0.9509535655058043,2025-01-06 08:33:24.667799,2025-01-06 08:33:43.108391,0 days 00:00:18.440592,5,45,50.0,100.0,65.0,5.0,,,,,,3,6.0,4.0,5.0,5.0,,,,,,COMPLETE
822,822,0.9524560788438317,2025-01-06 08:33:43.108966,2025-01-06 08:33:52.636867,0 days 00:00:09.527901,4,50,60.0,95.0,100.0,,,,,,,2,2.0,5.0,4.0,,,,,,,COMPLETE
823,823,0.9559347894588455,2025-01-06 08:33:52.637446,2025-01-06 08:34:08.234864,0 days 00:00:15.597418,5,80,40.0,100.0,85.0,75.0,,,,,,2,2.0,6.0,4.0,5.0,,,,,,COMPLETE
824,824,0.952856212405655,2025-01-06 08:34:08.235417,2025-01-06 08:34:21.378257,0 days 00:00:13.142840,5,55,30.0,90.0,95.0,20.0,,,,,,2,2.0,6.0,3.0,3.0,,,,,,COMPLETE
825,825,0.9449925128698073,2025-01-06 08:34:21.378869,2025-01-06 08:34:34.700823,0 days 00:00:13.321954,5,35,90.0,95.0,100.0,75.0,,,,,,2,4.0,6.0,4.0,4.0,,,,,,COMPLETE
826,826,0.955077519379845,2025-01-06 08:34:34.701394,2025-01-06 08:34:47.477726,0 days 00:00:12.776332,4,50,45.0,100.0,95.0,,,,,,,2,5.0,6.0,4.0,,,,,,,COMPLETE
827,827,0.9483320416343741,2025-01-06 08:34:47.478255,2025-01-06 08:35:03.643312,0 days 00:00:16.165057,5,45,80.0,100.0,100.0,60.0,,,,,,2,2.0,6.0,3.0,5.0,,,,,,COMPLETE
828,828,0.9492115786729673,2025-01-06 08:35:03.643911,2025-01-06 08:35:19.436144,0 days 00:00:15.792233,5,40,50.0,90.0,95.0,65.0,,,,,,2,2.0,5.0,4.0,5.0,,,,,,COMPLETE
829,829,0.9515931235924993,2025-01-06 08:35:19.436783,2025-01-06 08:35:31.863431,0 days 00:00:12.426648,4,45,85.0,95.0,80.0,,,,,,,2,3.0,6.0,4.0,,,,,,,COMPLETE
830,830,0.9471013958215513,2025-01-06 08:35:31.864044,2025-01-06 08:35:47.417023,0 days 00:00:15.552979,5,35,55.0,100.0,85.0,55.0,,,,,,2,2.0,6.0,3.0,4.0,,,,,,COMPLETE
831,831,0.9450890817724988,2025-01-06 08:35:47.417552,2025-01-06 08:36:03.274642,0 days 00:00:15.857090,5,80,100.0,95.0,90.0,80.0,,,,,,2,5.0,6.0,4.0,5.0,,,,,,COMPLETE
832,832,0.9542005690610493,2025-01-06 08:36:03.275224,2025-01-06 08:36:06.401602,0 days 00:00:03.126378,2,50,95.0,,,,,,,,,2,2.0,,,,,,,,,COMPLETE
833,833,0.9583332175922711,2025-01-06 08:36:06.402022,2025-01-06 08:36:21.340974,0 days 00:00:14.938952,5,45,65.0,100.0,100.0,60.0,,,,,,2,2.0,6.0,5.0,5.0,,,,,,COMPLETE
834,834,0.944286875321358,2025-01-06 08:36:21.341528,2025-01-06 08:36:38.332599,0 days 00:00:16.991071,4,40,80.0,90.0,75.0,,,,,,,2,2.0,6.0,6.0,,,,,,,COMPLETE
835,835,0.9533897249179737,2025-01-06 08:36:38.333125,2025-01-06 08:36:57.491925,0 days 00:00:19.158800,5,80,50.0,60.0,5.0,15.0,,,,,,2,5.0,6.0,4.0,5.0,,,,,,COMPLETE
836,836,0.9290308747855918,2025-01-06 08:36:57.492595,2025-01-06 08:37:13.638451,0 days 00:00:16.145856,5,95,45.0,10.0,95.0,70.0,,,,,,2,2.0,5.0,3.0,5.0,,,,,,COMPLETE
837,837,0.9398668105046315,2025-01-06 08:37:13.639092,2025-01-06 08:37:30.031612,0 days 00:00:16.392520,5,45,90.0,100.0,90.0,65.0,,,,,,3,6.0,6.0,4.0,4.0,,,,,,COMPLETE
838,838,0.9422070572942929,2025-01-06 08:37:30.032196,2025-01-06 08:37:53.866109,0 days 00:00:23.833913,7,35,60.0,95.0,100.0,75.0,75.0,65.0,,,,2,5.0,6.0,6.0,5.0,3.0,5.0,,,,COMPLETE
839,839,0.9441175651980295,2025-01-06 08:37:53.866756,2025-01-06 08:38:03.137247,0 days 00:00:09.270491,3,75,95.0,100.0,,,,,,,,2,2.0,6.0,,,,,,,,COMPLETE
840,840,0.9425481515998757,2025-01-06 08:38:03.137759,2025-01-06 08:38:12.474042,0 days 00:00:09.336283,6,50,60.0,20.0,95.0,55.0,100.0,,,,,2,2.0,2.0,3.0,2.0,4.0,,,,,COMPLETE
841,841,0.94378671613683,2025-01-06 08:38:12.474680,2025-01-06 08:38:25.794178,0 days 00:00:13.319498,4,50,55.0,100.0,100.0,,,,,,,2,5.0,6.0,4.0,,,,,,,COMPLETE
842,842,0.9525371743603681,2025-01-06 08:38:25.794705,2025-01-06 08:38:44.336649,0 days 00:00:18.541944,5,55,45.0,95.0,85.0,65.0,,,,,,2,2.0,6.0,4.0,5.0,,,,,,COMPLETE
843,843,0.9415634189511239,2025-01-06 08:38:44.337280,2025-01-06 08:39:08.103919,0 days 00:00:23.766639,8,40,40.0,100.0,95.0,50.0,90.0,50.0,80.0,,,2,4.0,4.0,4.0,5.0,3.0,4.0,4.0,,,COMPLETE
844,844,0.941407965361669,2025-01-06 08:39:08.104576,2025-01-06 08:39:24.963228,0 days 00:00:16.858652,5,45,50.0,95.0,90.0,80.0,,,,,,2,2.0,6.0,3.0,4.0,,,,,,COMPLETE
845,845,0.9516355302451559,2025-01-06 08:39:24.963814,2025-01-06 08:39:43.196201,0 days 00:00:18.232387,5,40,55.0,70.0,100.0,85.0,,,,,,2,5.0,5.0,4.0,4.0,,,,,,COMPLETE
846,846,0.9557998597615947,2025-01-06 08:39:43.196870,2025-01-06 08:39:56.986515,0 days 00:00:13.789645,4,45,65.0,100.0,80.0,,,,,,,2,2.0,6.0,5.0,,,,,,,COMPLETE
847,847,0.9557922502879848,2025-01-06 08:39:56.987033,2025-01-06 08:40:17.814744,0 days 00:00:20.827711,6,80,85.0,90.0,95.0,10.0,30.0,,,,,2,2.0,6.0,4.0,5.0,4.0,,,,,COMPLETE
848,848,0.9558728098637248,2025-01-06 08:40:17.815457,2025-01-06 08:40:39.218266,0 days 00:00:21.402809,5,50,90.0,95.0,100.0,40.0,,,,,,2,2.0,6.0,6.0,5.0,,,,,,COMPLETE
849,849,0.9449057234834233,2025-01-06 08:40:39.218862,2025-01-06 08:40:52.145423,0 days 00:00:12.926561,5,45,30.0,100.0,85.0,70.0,,,,,,2,2.0,6.0,4.0,5.0,,,,,,COMPLETE
850,850,0.9458793769138596,2025-01-06 08:40:52.145978,2025-01-06 08:41:13.583672,0 days 00:00:21.437694,5,35,50.0,95.0,90.0,5.0,,,,,,2,5.0,6.0,3.0,4.0,,,,,,COMPLETE
851,851,0.9558707709373266,2025-01-06 08:41:13.584338,2025-01-06 08:41:24.180221,0 days 00:00:10.595883,4,40,95.0,90.0,100.0,,,,,,,2,2.0,6.0,4.0,,,,,,,COMPLETE
852,852,0.9444000617073091,2025-01-06 08:41:24.180823,2025-01-06 08:41:37.326778,0 days 00:00:13.145955,5,45,25.0,100.0,10.0,60.0,,,,,,4,2.0,5.0,6.0,3.0,,,,,,COMPLETE
853,853,0.9448103064012326,2025-01-06 08:41:37.327333,2025-01-06 08:41:53.256512,0 days 00:00:15.929179,5,80,80.0,100.0,75.0,70.0,,,,,,2,5.0,6.0,3.0,5.0,,,,,,COMPLETE
854,854,0.9552194469886378,2025-01-06 08:41:53.257096,2025-01-06 08:42:05.223739,0 days 00:00:11.966643,5,50,55.0,95.0,90.0,65.0,,,,,,2,4.0,6.0,4.0,2.0,,,,,,COMPLETE
855,855,0.9533978432105431,2025-01-06 08:42:05.224305,2025-01-06 08:42:16.068581,0 days 00:00:10.844276,4,55,100.0,95.0,70.0,,,,,,,2,2.0,6.0,4.0,,,,,,,COMPLETE
856,856,0.9466613327999467,2025-01-06 08:42:16.069099,2025-01-06 08:42:25.700903,0 days 00:00:09.631804,3,75,75.0,100.0,,,,,,,,2,3.0,6.0,,,,,,,,COMPLETE
857,857,0.9499031453377371,2025-01-06 08:42:25.701371,2025-01-06 08:42:38.811900,0 days 00:00:13.110529,5,45,90.0,95.0,100.0,60.0,,,,,,2,2.0,6.0,4.0,5.0,,,,,,COMPLETE
858,858,0.9482465015036358,2025-01-06 08:42:38.812544,2025-01-06 08:43:00.642044,0 days 00:00:21.829500,6,40,35.0,90.0,95.0,75.0,80.0,,,,,2,6.0,6.0,6.0,4.0,3.0,,,,,COMPLETE
859,859,0.9493092525332936,2025-01-06 08:43:00.642739,2025-01-06 08:43:10.839037,0 days 00:00:10.196298,4,70,50.0,85.0,90.0,,,,,,,2,2.0,5.0,3.0,,,,,,,COMPLETE
860,860,0.9498305312258801,2025-01-06 08:43:10.839540,2025-01-06 08:43:27.997520,0 days 00:00:17.157980,5,50,40.0,100.0,100.0,65.0,,,,,,2,5.0,6.0,4.0,5.0,,,,,,COMPLETE
861,861,0.954986888306147,2025-01-06 08:43:27.998114,2025-01-06 08:43:42.017973,0 days 00:00:14.019859,5,50,55.0,100.0,95.0,70.0,,,,,,2,2.0,6.0,4.0,5.0,,,,,,COMPLETE
862,862,0.9465640982761263,2025-01-06 08:43:42.018543,2025-01-06 08:43:58.055831,0 days 00:00:16.037288,6,35,85.0,95.0,95.0,60.0,35.0,,,,,2,2.0,6.0,4.0,4.0,2.0,,,,,COMPLETE
863,863,0.9534049286123638,2025-01-06 08:43:58.056498,2025-01-06 08:44:17.067367,0 days 00:00:19.010869,5,80,60.0,100.0,85.0,10.0,,,,,,2,5.0,6.0,3.0,5.0,,,,,,COMPLETE
864,864,0.9540510661582012,2025-01-06 08:44:17.067945,2025-01-06 08:44:27.296916,0 days 00:00:10.228971,4,45,75.0,95.0,100.0,,,,,,,2,5.0,3.0,4.0,,,,,,,COMPLETE
865,865,0.9490279065092855,2025-01-06 08:44:27.297510,2025-01-06 08:44:45.094564,0 days 00:00:17.797054,5,40,65.0,100.0,95.0,35.0,,,,,,2,2.0,6.0,6.0,5.0,,,,,,COMPLETE
866,866,0.9449026521539169,2025-01-06 08:44:45.095152,2025-01-06 08:44:48.899370,0 days 00:00:03.804218,2,45,100.0,,,,,,,,,2,2.0,,,,,,,,,COMPLETE
867,867,0.9475467846961074,2025-01-06 08:44:48.899791,2025-01-06 08:45:02.807687,0 days 00:00:13.907896,5,50,50.0,95.0,60.0,55.0,,,,,,2,2.0,6.0,4.0,5.0,,,,,,COMPLETE
868,868,0.9566572497645774,2025-01-06 08:45:02.808258,2025-01-06 08:45:21.129687,0 days 00:00:18.321429,5,75,45.0,100.0,100.0,75.0,,,,,,2,5.0,6.0,3.0,4.0,,,,,,COMPLETE
869,869,0.9541260663665352,2025-01-06 08:45:21.130247,2025-01-06 08:45:42.979964,0 days 00:00:21.849717,6,45,60.0,40.0,90.0,50.0,85.0,,,,,2,3.0,5.0,4.0,5.0,4.0,,,,,COMPLETE
870,870,0.9471852955228914,2025-01-06 08:45:42.980672,2025-01-06 08:46:01.563962,0 days 00:00:18.583290,5,60,10.0,100.0,35.0,5.0,,,,,,2,2.0,6.0,6.0,5.0,,,,,,COMPLETE
871,871,0.9440591744957478,2025-01-06 08:46:01.564644,2025-01-06 08:46:20.562395,0 days 00:00:18.997751,7,65,70.0,90.0,100.0,65.0,95.0,15.0,,,,2,2.0,6.0,3.0,4.0,3.0,2.0,,,,COMPLETE
872,872,0.9473640129984702,2025-01-06 08:46:20.563012,2025-01-06 08:46:33.367118,0 days 00:00:12.804106,4,80,95.0,95.0,80.0,,,,,,,2,2.0,6.0,5.0,,,,,,,COMPLETE
873,873,0.9507899320530443,2025-01-06 08:46:33.367641,2025-01-06 08:46:51.518921,0 days 00:00:18.151280,5,50,85.0,100.0,90.0,70.0,,,,,,3,5.0,6.0,4.0,5.0,,,,,,COMPLETE
874,874,0.9389941532224289,2025-01-06 08:46:51.519611,2025-01-06 08:46:59.647229,0 days 00:00:08.127618,3,35,45.0,95.0,,,,,,,,2,2.0,6.0,,,,,,,,COMPLETE
875,875,0.9414387201432007,2025-01-06 08:46:59.647710,2025-01-06 08:47:02.197690,0 days 00:00:02.549980,1,55,,,,,,,,,,2,,,,,,,,,,COMPLETE
876,876,0.9457654288004275,2025-01-06 08:47:02.198110,2025-01-06 08:47:16.368992,0 days 00:00:14.170882,5,40,55.0,35.0,95.0,55.0,,,,,,2,2.0,5.0,3.0,5.0,,,,,,COMPLETE
877,877,0.9423589125081663,2025-01-06 08:47:16.369641,2025-01-06 08:47:35.360320,0 days 00:00:18.990679,6,45,80.0,85.0,100.0,80.0,70.0,,,,,2,5.0,6.0,4.0,5.0,5.0,,,,,COMPLETE
878,878,0.959866220735786,2025-01-06 08:47:35.360964,2025-01-06 08:47:48.737252,0 days 00:00:13.376288,4,95,80.0,100.0,85.0,,,,,,,2,4.0,6.0,6.0,,,,,,,COMPLETE
879,879,0.9449815076734125,2025-01-06 08:47:48.737813,2025-01-06 08:48:04.800442,0 days 00:00:16.062629,5,15,75.0,95.0,95.0,60.0,,,,,,2,2.0,6.0,4.0,4.0,,,,,,COMPLETE
880,880,0.9440101622044166,2025-01-06 08:48:04.801032,2025-01-06 08:48:20.382342,0 days 00:00:15.581310,5,40,55.0,100.0,90.0,65.0,,,,,,2,2.0,6.0,4.0,5.0,,,,,,COMPLETE
881,881,0.9473715067422317,2025-01-06 08:48:20.383026,2025-01-06 08:48:36.083439,0 days 00:00:15.700413,5,50,70.0,90.0,100.0,60.0,,,,,,2,5.0,6.0,4.0,5.0,,,,,,COMPLETE
882,882,0.9549275362318841,2025-01-06 08:48:36.084123,2025-01-06 08:48:51.055741,0 days 00:00:14.971618,5,45,40.0,95.0,80.0,75.0,,,,,,2,2.0,6.0,5.0,3.0,,,,,,COMPLETE
883,883,0.9483331898144162,2025-01-06 08:48:51.056302,2025-01-06 08:49:05.604094,0 days 00:00:14.547792,4,50,90.0,100.0,95.0,,,,,,,2,6.0,5.0,3.0,,,,,,,COMPLETE
884,884,0.9523785594639866,2025-01-06 08:49:05.604636,2025-01-06 08:49:19.663704,0 days 00:00:14.059068,5,80,55.0,100.0,85.0,20.0,,,,,,2,2.0,6.0,4.0,5.0,,,,,,COMPLETE
885,885,0.9492785272003539,2025-01-06 08:49:19.664267,2025-01-06 08:49:31.236053,0 days 00:00:11.571786,4,70,60.0,95.0,100.0,,,,,,,2,2.0,6.0,3.0,,,,,,,COMPLETE
886,886,0.9482465015036358,2025-01-06 08:49:31.236568,2025-01-06 08:49:51.064410,0 days 00:00:19.827842,5,45,95.0,90.0,95.0,15.0,,,,,,4,5.0,6.0,6.0,4.0,,,,,,COMPLETE
887,887,0.9526095825662968,2025-01-06 08:49:51.065085,2025-01-06 08:50:12.514569,0 days 00:00:21.449484,8,35,100.0,95.0,95.0,30.0,90.0,20.0,85.0,,,2,2.0,6.0,4.0,5.0,4.0,3.0,2.0,,,COMPLETE
888,888,0.9476124131296545,2025-01-06 08:50:12.515321,2025-01-06 08:50:28.337190,0 days 00:00:15.821869,5,40,50.0,100.0,90.0,65.0,,,,,,2,2.0,6.0,4.0,5.0,,,,,,COMPLETE
889,889,0.9346989926793721,2025-01-06 08:50:28.337783,2025-01-06 08:50:52.280759,0 days 00:00:23.942976,7,45,15.0,100.0,45.0,45.0,75.0,35.0,,,,2,5.0,6.0,4.0,5.0,3.0,6.0,,,,COMPLETE
890,890,0.9549988749718743,2025-01-06 08:50:52.281420,2025-01-06 08:51:06.062693,0 days 00:00:13.781273,6,75,65.0,95.0,100.0,60.0,45.0,,,,,2,2.0,5.0,3.0,4.0,2.0,,,,,COMPLETE
891,891,0.957395309882747,2025-01-06 08:51:06.063273,2025-01-06 08:51:16.945109,0 days 00:00:10.881836,5,50,45.0,100.0,100.0,85.0,,,,,,2,2.0,3.0,4.0,5.0,,,,,,COMPLETE
892,892,0.9375526981450253,2025-01-06 08:51:16.945749,2025-01-06 08:51:31.747123,0 days 00:00:14.801374,5,55,35.0,100.0,85.0,70.0,,,,,,2,2.0,6.0,6.0,4.0,,,,,,COMPLETE
893,893,0.9533304259178498,2025-01-06 08:51:31.747677,2025-01-06 08:51:50.006636,0 days 00:00:18.258959,5,90,90.0,95.0,90.0,25.0,,,,,,3,3.0,6.0,4.0,5.0,,,,,,COMPLETE
894,894,0.9481601248884924,2025-01-06 08:51:50.007293,2025-01-06 08:52:01.028732,0 days 00:00:11.021439,4,80,75.0,90.0,100.0,,,,,,,2,5.0,6.0,4.0,,,,,,,COMPLETE
895,895,0.9491199073996783,2025-01-06 08:52:01.029308,2025-01-06 08:52:15.080060,0 days 00:00:14.050752,5,35,85.0,95.0,95.0,55.0,,,,,,2,2.0,6.0,3.0,5.0,,,,,,COMPLETE
896,896,0.9464635278588767,2025-01-06 08:52:15.080629,2025-01-06 08:52:27.700549,0 days 00:00:12.619920,4,30,60.0,65.0,80.0,,,,,,,2,2.0,6.0,6.0,,,,,,,COMPLETE
897,897,0.944996180290298,2025-01-06 08:52:27.701092,2025-01-06 08:52:43.747047,0 days 00:00:16.045955,5,45,50.0,95.0,25.0,75.0,,,,,,2,5.0,4.0,4.0,3.0,,,,,,COMPLETE
898,898,0.9524621728557199,2025-01-06 08:52:43.747716,2025-01-06 08:53:05.316353,0 days 00:00:21.568637,6,40,95.0,100.0,75.0,65.0,75.0,,,,,2,4.0,5.0,4.0,5.0,4.0,,,,,COMPLETE
899,899,0.9473531382622291,2025-01-06 08:53:05.317050,2025-01-06 08:53:17.890113,0 days 00:00:12.573063,5,50,80.0,100.0,95.0,70.0,,,,,,2,2.0,6.0,3.0,4.0,,,,,,COMPLETE
900,900,0.9459645533220892,2025-01-06 08:53:17.890707,2025-01-06 08:53:32.758065,0 days 00:00:14.867358,5,40,75.0,80.0,100.0,5.0,,,,,,2,2.0,6.0,4.0,5.0,,,,,,COMPLETE
901,901,0.9358894004104499,2025-01-06 08:53:32.758651,2025-01-06 08:53:53.700227,0 days 00:00:20.941576,5,45,65.0,95.0,20.0,70.0,,,,,,2,6.0,6.0,4.0,5.0,,,,,,COMPLETE
902,902,0.9424425399298793,2025-01-06 08:53:53.700820,2025-01-06 08:54:13.158093,0 days 00:00:19.457273,4,50,45.0,100.0,95.0,,,,,,,6,5.0,6.0,4.0,,,,,,,COMPLETE
903,903,0.9506310818305574,2025-01-06 08:54:13.158769,2025-01-06 08:54:27.266358,0 days 00:00:14.107589,5,85,55.0,95.0,90.0,30.0,,,,,,2,2.0,6.0,6.0,2.0,,,,,,COMPLETE
904,904,0.9418139669660968,2025-01-06 08:54:27.267032,2025-01-06 08:54:48.430667,0 days 00:00:21.163635,6,80,5.0,100.0,100.0,60.0,90.0,,,,,2,2.0,6.0,3.0,5.0,5.0,,,,,COMPLETE
905,905,0.9492149152241554,2025-01-06 08:54:48.431279,2025-01-06 08:54:51.011853,0 days 00:00:02.580574,1,45,,,,,,,,,,2,,,,,,,,,,COMPLETE
906,906,0.9466768525592055,2025-01-06 08:54:51.012254,2025-01-06 08:54:58.869930,0 days 00:00:07.857676,3,35,40.0,95.0,,,,,,,,2,2.0,5.0,,,,,,,,COMPLETE
907,907,0.9459458712299229,2025-01-06 08:54:58.870406,2025-01-06 08:55:34.395514,0 days 00:00:35.525108,9,75,55.0,75.0,85.0,10.0,20.0,55.0,25.0,20.0,,2,5.0,6.0,5.0,4.0,3.0,4.0,6.0,3.0,,COMPLETE
908,908,0.9515838176066447,2025-01-06 08:55:34.396374,2025-01-06 08:55:49.222800,0 days 00:00:14.826426,5,45,70.0,90.0,90.0,65.0,,,,,,2,2.0,6.0,4.0,5.0,,,,,,COMPLETE
909,909,0.9380936398724617,2025-01-06 08:55:49.223474,2025-01-06 08:56:00.734490,0 days 00:00:11.511016,4,50,50.0,100.0,100.0,,,,,,,2,2.0,6.0,4.0,,,,,,,COMPLETE
910,910,0.9522191494384675,2025-01-06 08:56:00.735014,2025-01-06 08:56:18.136507,0 days 00:00:17.401493,5,55,100.0,70.0,95.0,80.0,,,,,,2,5.0,6.0,3.0,5.0,,,,,,COMPLETE
911,911,0.9509566005715834,2025-01-06 08:56:18.137101,2025-01-06 08:56:52.386328,0 days 00:00:34.249227,10,50,75.0,100.0,100.0,50.0,25.0,10.0,35.0,35.0,25.0,2,2.0,6.0,6.0,4.0,4.0,5.0,4.0,4.0,5.0,COMPLETE
912,912,0.953476821192053,2025-01-06 08:56:52.387082,2025-01-06 08:57:06.848277,0 days 00:00:14.461195,5,45,90.0,95.0,80.0,75.0,,,,,,2,5.0,5.0,4.0,5.0,,,,,,COMPLETE
913,913,0.9457727391626178,2025-01-06 08:57:06.848966,2025-01-06 08:57:28.156377,0 days 00:00:21.307411,6,75,80.0,60.0,90.0,55.0,40.0,,,,,2,2.0,6.0,3.0,5.0,5.0,,,,,COMPLETE
914,914,0.9448983517172749,2025-01-06 08:57:28.157085,2025-01-06 08:57:39.210392,0 days 00:00:11.053307,4,40,50.0,100.0,85.0,,,,,,,2,2.0,6.0,4.0,,,,,,,COMPLETE
915,915,0.947237349289588,2025-01-06 08:57:39.210930,2025-01-06 08:57:56.036897,0 days 00:00:16.825967,5,40,55.0,90.0,50.0,65.0,,,,,,2,2.0,6.0,5.0,4.0,,,,,,COMPLETE
916,916,0.9559369817578773,2025-01-06 08:57:56.037463,2025-01-06 08:58:12.310524,0 days 00:00:16.273061,5,80,60.0,100.0,100.0,15.0,,,,,,2,2.0,6.0,4.0,5.0,,,,,,COMPLETE
917,917,0.9432063043399482,2025-01-06 08:58:12.311108,2025-01-06 08:58:26.732662,0 days 00:00:14.421554,5,35,60.0,95.0,95.0,60.0,,,,,,2,5.0,6.0,6.0,3.0,,,,,,COMPLETE
918,918,0.9650656714434429,2025-01-06 08:58:26.733343,2025-01-06 08:58:43.348888,0 days 00:00:16.615545,5,90,95.0,100.0,100.0,65.0,,,,,,2,3.0,6.0,3.0,5.0,,,,,,COMPLETE
919,919,0.9406754108246647,2025-01-06 08:58:43.349461,2025-01-06 08:58:58.057442,0 days 00:00:14.707981,5,45,95.0,90.0,95.0,65.0,,,,,,2,3.0,6.0,3.0,5.0,,,,,,COMPLETE
920,920,0.9440172873008694,2025-01-06 08:58:58.058099,2025-01-06 08:59:12.139629,0 days 00:00:14.081530,5,80,95.0,100.0,90.0,65.0,,,,,,2,3.0,6.0,3.0,5.0,,,,,,COMPLETE
921,921,0.950061606191076,2025-01-06 08:59:12.140205,2025-01-06 08:59:25.228841,0 days 00:00:13.088636,5,55,95.0,55.0,100.0,70.0,,,,,,3,3.0,4.0,3.0,5.0,,,,,,COMPLETE
922,922,0.9457654288004275,2025-01-06 08:59:25.229379,2025-01-06 08:59:38.997290,0 days 00:00:13.767911,5,30,95.0,95.0,95.0,65.0,,,,,,2,4.0,6.0,3.0,5.0,,,,,,COMPLETE
923,923,0.9524621728557199,2025-01-06 08:59:38.997889,2025-01-06 08:59:53.742420,0 days 00:00:14.744531,5,50,95.0,100.0,85.0,65.0,,,,,,2,3.0,5.0,3.0,5.0,,,,,,COMPLETE
924,924,0.9415634189511239,2025-01-06 08:59:53.743111,2025-01-06 09:00:08.898738,0 days 00:00:15.155627,5,45,100.0,95.0,100.0,60.0,,,,,,2,3.0,6.0,3.0,5.0,,,,,,COMPLETE
925,925,0.9515764008116123,2025-01-06 09:00:08.899334,2025-01-06 09:00:25.984312,0 days 00:00:17.084978,5,50,100.0,85.0,80.0,70.0,,,,,,2,4.0,6.0,3.0,5.0,,,,,,COMPLETE
926,926,0.9550820616181975,2025-01-06 09:00:25.984973,2025-01-06 09:00:39.137654,0 days 00:00:13.152681,5,85,90.0,95.0,100.0,60.0,,,,,,2,3.0,6.0,3.0,5.0,,,,,,COMPLETE
927,927,0.9532493304013133,2025-01-06 09:00:39.138244,2025-01-06 09:00:55.320654,0 days 00:00:16.182410,6,75,95.0,100.0,90.0,70.0,55.0,,,,,2,3.0,6.0,5.0,5.0,2.0,,,,,COMPLETE
928,928,0.9507035175879397,2025-01-06 09:00:55.321253,2025-01-06 09:01:10.502043,0 days 00:00:15.180790,5,60,90.0,100.0,90.0,65.0,,,,,,2,4.0,5.0,3.0,5.0,,,,,,COMPLETE
929,929,0.9484018871685826,2025-01-06 09:01:10.502641,2025-01-06 09:01:32.321677,0 days 00:00:21.819036,5,40,95.0,15.0,95.0,60.0,,,,,,5,4.0,6.0,3.0,5.0,,,,,,COMPLETE
930,930,0.9408130541407281,2025-01-06 09:01:32.322379,2025-01-06 09:01:53.586373,0 days 00:00:21.263994,7,45,100.0,95.0,100.0,65.0,30.0,75.0,,,,2,5.0,6.0,3.0,5.0,4.0,3.0,,,,COMPLETE
931,931,0.949036850921273,2025-01-06 09:01:53.587103,2025-01-06 09:02:10.494331,0 days 00:00:16.907228,5,35,100.0,100.0,40.0,5.0,,,,,,2,4.0,6.0,3.0,5.0,,,,,,COMPLETE
932,932,0.9475454661423524,2025-01-06 09:02:10.494927,2025-01-06 09:02:30.322773,0 days 00:00:19.827846,5,80,90.0,95.0,85.0,70.0,,,,,,2,6.0,6.0,3.0,5.0,,,,,,COMPLETE
933,933,0.9492843756737482,2025-01-06 09:02:30.323366,2025-01-06 09:02:48.090220,0 days 00:00:17.766854,6,85,95.0,25.0,95.0,60.0,70.0,,,,,2,3.0,6.0,3.0,5.0,3.0,,,,,COMPLETE
934,934,0.9550820616181975,2025-01-06 09:02:48.090922,2025-01-06 09:03:04.673938,0 days 00:00:16.583016,5,45,90.0,90.0,75.0,75.0,,,,,,2,5.0,5.0,3.0,5.0,,,,,,COMPLETE
935,935,0.9525371743603681,2025-01-06 09:03:04.674599,2025-01-06 09:03:19.782775,0 days 00:00:15.108176,5,50,85.0,100.0,100.0,65.0,,,,,,2,5.0,6.0,3.0,5.0,,,,,,COMPLETE
936,936,0.9465826079928205,2025-01-06 09:03:19.783350,2025-01-06 09:03:39.541066,0 days 00:00:19.757716,5,40,95.0,95.0,95.0,55.0,,,,,,2,5.0,6.0,3.0,5.0,,,,,,COMPLETE
937,937,0.9549998749996528,2025-01-06 09:03:39.541666,2025-01-06 09:03:59.773842,0 days 00:00:20.232176,8,50,75.0,100.0,100.0,65.0,50.0,70.0,20.0,,,2,5.0,6.0,5.0,5.0,4.0,4.0,3.0,,,COMPLETE
938,938,0.9525181651783239,2025-01-06 09:03:59.774639,2025-01-06 09:04:14.637996,0 days 00:00:14.863357,5,80,95.0,95.0,90.0,70.0,,,,,,2,4.0,6.0,3.0,4.0,,,,,,COMPLETE
939,939,0.9540746531170607,2025-01-06 09:04:14.638575,2025-01-06 09:04:33.460755,0 days 00:00:18.822180,5,45,80.0,100.0,15.0,40.0,,,,,,2,6.0,6.0,3.0,5.0,,,,,,COMPLETE
940,940,0.9433276660999433,2025-01-06 09:04:33.461418,2025-01-06 09:04:51.246738,0 days 00:00:17.785320,6,35,70.0,90.0,95.0,60.0,80.0,,,,,2,3.0,6.0,5.0,5.0,3.0,,,,,COMPLETE
941,941,0.9466613327999467,2025-01-06 09:04:51.247355,2025-01-06 09:05:07.461807,0 days 00:00:16.214452,5,40,90.0,100.0,85.0,80.0,,,,,,2,5.0,5.0,3.0,5.0,,,,,,COMPLETE
942,942,0.9574099200964872,2025-01-06 09:05:07.462409,2025-01-06 09:05:21.926876,0 days 00:00:14.464467,5,45,100.0,95.0,80.0,20.0,,,,,,3,3.0,6.0,3.0,4.0,,,,,,COMPLETE
943,943,0.9414395140654233,2025-01-06 09:05:21.927432,2025-01-06 09:05:27.943680,0 days 00:00:06.016248,2,85,70.0,,,,,,,,,2,5.0,,,,,,,,,COMPLETE
944,944,0.9542786069651741,2025-01-06 09:05:27.944128,2025-01-06 09:05:40.179008,0 days 00:00:12.234880,5,50,85.0,100.0,95.0,60.0,,,,,,2,2.0,4.0,3.0,6.0,,,,,,COMPLETE
945,945,0.9515886287625418,2025-01-06 09:05:40.179680,2025-01-06 09:06:00.197902,0 days 00:00:20.018222,6,40,95.0,75.0,100.0,75.0,10.0,,,,,2,2.0,6.0,5.0,5.0,4.0,,,,,COMPLETE
946,946,0.9413458300594904,2025-01-06 09:06:00.198600,2025-01-06 09:06:22.896909,0 days 00:00:22.698309,5,90,20.0,95.0,90.0,10.0,,,,,,4,5.0,6.0,3.0,5.0,,,,,,COMPLETE
947,947,0.9371946573439112,2025-01-06 09:06:22.897521,2025-01-06 09:06:35.887344,0 days 00:00:12.989823,5,55,40.0,100.0,55.0,65.0,,,,,,2,2.0,6.0,3.0,4.0,,,,,,COMPLETE
948,948,0.9565244139450731,2025-01-06 09:06:35.887934,2025-01-06 09:06:53.244233,0 days 00:00:17.356299,5,75,35.0,95.0,100.0,70.0,,,,,,2,5.0,6.0,3.0,5.0,,,,,,COMPLETE
949,949,0.9499152712435059,2025-01-06 09:06:53.244819,2025-01-06 09:07:05.594843,0 days 00:00:12.350024,5,45,65.0,100.0,95.0,55.0,,,,,,2,4.0,6.0,3.0,2.0,,,,,,COMPLETE
950,950,0.9457911783365054,2025-01-06 09:07:05.595507,2025-01-06 09:07:26.356412,0 days 00:00:20.760905,7,70,75.0,90.0,100.0,35.0,100.0,90.0,,,,2,2.0,5.0,4.0,5.0,5.0,2.0,,,,COMPLETE
951,951,0.9463216826390155,2025-01-06 09:07:26.357152,2025-01-06 09:07:42.435896,0 days 00:00:16.078744,5,45,60.0,100.0,95.0,5.0,,,,,,2,2.0,6.0,4.0,5.0,,,,,,COMPLETE
952,952,0.9507118927973199,2025-01-06 09:07:42.436490,2025-01-06 09:07:56.679423,0 days 00:00:14.242933,6,65,75.0,100.0,85.0,60.0,45.0,,,,,2,2.0,6.0,3.0,5.0,2.0,,,,,COMPLETE
953,953,0.9557286432160804,2025-01-06 09:07:56.680009,2025-01-06 09:08:11.425217,0 days 00:00:14.745208,5,30,90.0,95.0,10.0,70.0,,,,,,2,5.0,6.0,4.0,4.0,,,,,,COMPLETE
954,954,0.9476243124464468,2025-01-06 09:08:11.425793,2025-01-06 09:08:26.617600,0 days 00:00:15.191807,5,35,100.0,95.0,100.0,65.0,,,,,,2,2.0,6.0,3.0,5.0,,,,,,COMPLETE
955,955,0.9583776360092149,2025-01-06 09:08:26.618194,2025-01-06 09:08:41.737669,0 days 00:00:15.119475,5,50,65.0,60.0,90.0,80.0,,,,,,2,2.0,6.0,4.0,5.0,,,,,,COMPLETE
956,956,0.9433327036967077,2025-01-06 09:08:41.738348,2025-01-06 09:09:02.373800,0 days 00:00:20.635452,5,35,90.0,100.0,35.0,65.0,,,,,,2,6.0,6.0,5.0,4.0,,,,,,COMPLETE
957,957,0.946679669592325,2025-01-06 09:09:02.374470,2025-01-06 09:09:19.913345,0 days 00:00:17.538875,5,80,80.0,90.0,70.0,85.0,,,,,,2,5.0,5.0,4.0,6.0,,,,,,COMPLETE
958,958,0.9388838465331003,2025-01-06 09:09:19.913975,2025-01-06 09:09:37.304492,0 days 00:00:17.390517,6,50,95.0,95.0,85.0,75.0,65.0,,,,,2,2.0,6.0,4.0,5.0,5.0,,,,,COMPLETE
959,959,0.949036850921273,2025-01-06 09:09:37.305117,2025-01-06 09:09:53.726339,0 days 00:00:16.421222,5,95,70.0,100.0,95.0,60.0,,,,,,2,5.0,6.0,3.0,5.0,,,,,,COMPLETE
960,960,0.9583997785160576,2025-01-06 09:09:53.727057,2025-01-06 09:10:08.886755,0 days 00:00:15.159698,5,55,80.0,95.0,100.0,55.0,,,,,,2,2.0,6.0,3.0,4.0,,,,,,COMPLETE
961,961,0.9481543624161073,2025-01-06 09:10:08.887351,2025-01-06 09:10:28.642184,0 days 00:00:19.754833,5,40,30.0,80.0,30.0,70.0,,,,,,2,2.0,6.0,4.0,5.0,,,,,,COMPLETE
962,962,0.9406570027807869,2025-01-06 09:10:28.642859,2025-01-06 09:10:52.754281,0 days 00:00:24.111422,5,5,60.0,95.0,90.0,65.0,,,,,,2,4.0,6.0,5.0,5.0,,,,,,COMPLETE
963,963,0.9548437792747824,2025-01-06 09:10:52.754895,2025-01-06 09:11:04.952661,0 days 00:00:12.197766,5,85,95.0,100.0,95.0,50.0,,,,,,2,2.0,6.0,3.0,3.0,,,,,,COMPLETE
964,964,0.935207186322805,2025-01-06 09:11:04.953225,2025-01-06 09:11:24.316590,0 days 00:00:19.363365,6,50,75.0,65.0,80.0,75.0,35.0,,,,,2,5.0,6.0,4.0,4.0,3.0,,,,,COMPLETE
965,965,0.957534664448142,2025-01-06 09:11:24.317314,2025-01-06 09:11:35.605752,0 days 00:00:11.288438,5,80,100.0,55.0,100.0,60.0,,,,,,2,2.0,5.0,4.0,5.0,,,,,,COMPLETE
966,966,0.9592048990731034,2025-01-06 09:11:35.606323,2025-01-06 09:11:55.563900,0 days 00:00:19.957577,5,45,25.0,100.0,95.0,10.0,,,,,,2,3.0,6.0,4.0,5.0,,,,,,COMPLETE
967,967,0.9500831946755408,2025-01-06 09:11:55.564567,2025-01-06 09:12:12.073234,0 days 00:00:16.508667,5,100,85.0,85.0,90.0,70.0,,,,,,3,2.0,6.0,4.0,5.0,,,,,,COMPLETE
968,968,0.9424362335053067,2025-01-06 09:12:12.073843,2025-01-06 09:12:29.792859,0 days 00:00:17.719016,6,40,70.0,95.0,100.0,5.0,85.0,,,,,2,2.0,6.0,3.0,4.0,4.0,,,,,COMPLETE
969,969,0.9515686668004548,2025-01-06 09:12:29.793458,2025-01-06 09:12:43.653948,0 days 00:00:13.860490,5,45,65.0,100.0,75.0,45.0,,,,,,2,2.0,6.0,4.0,2.0,,,,,,COMPLETE
970,970,0.9448811435197574,2025-01-06 09:12:43.654489,2025-01-06 09:13:04.681714,0 days 00:00:21.027225,7,45,85.0,95.0,100.0,65.0,65.0,35.0,,,,2,5.0,5.0,4.0,6.0,3.0,3.0,,,,COMPLETE
971,971,0.944677651073,2025-01-06 09:13:04.682564,2025-01-06 09:13:13.423616,0 days 00:00:08.741052,3,75,75.0,90.0,,,,,,,,2,2.0,6.0,,,,,,,,COMPLETE
972,972,0.9430978888581265,2025-01-06 09:13:13.424101,2025-01-06 09:13:28.754469,0 days 00:00:15.330368,5,55,95.0,100.0,90.0,60.0,,,,,,2,2.0,6.0,4.0,5.0,,,,,,COMPLETE
973,973,0.9549153827287119,2025-01-06 09:13:28.755070,2025-01-06 09:13:49.330890,0 days 00:00:20.575820,5,45,60.0,100.0,95.0,65.0,,,,,,2,5.0,6.0,3.0,5.0,,,,,,COMPLETE
974,974,0.9633218146868299,2025-01-06 09:13:49.331494,2025-01-06 09:14:04.222013,0 days 00:00:14.890519,5,90,35.0,100.0,95.0,75.0,,,,,,2,3.0,6.0,3.0,5.0,,,,,,COMPLETE
975,975,0.9533333333333334,2025-01-06 09:14:04.222616,2025-01-06 09:14:21.807716,0 days 00:00:17.585100,6,90,40.0,100.0,95.0,55.0,40.0,,,,,2,3.0,6.0,3.0,5.0,4.0,,,,,COMPLETE
976,976,0.9465703327089465,2025-01-06 09:14:21.808426,2025-01-06 09:14:33.503184,0 days 00:00:11.694758,5,95,40.0,100.0,95.0,25.0,,,,,,2,3.0,4.0,3.0,5.0,,,,,,COMPLETE
977,977,0.9330736860954427,2025-01-06 09:14:33.503745,2025-01-06 09:14:50.254328,0 days 00:00:16.750583,5,90,40.0,100.0,100.0,80.0,,,,,,2,3.0,6.0,3.0,5.0,,,,,,COMPLETE
978,978,0.9609286898839138,2025-01-06 09:14:50.255018,2025-01-06 09:15:06.968359,0 days 00:00:16.713341,6,85,40.0,100.0,100.0,70.0,80.0,,,,,2,3.0,6.0,3.0,5.0,2.0,,,,,COMPLETE
979,979,0.9316345728967209,2025-01-06 09:15:06.968970,2025-01-06 09:15:24.113521,0 days 00:00:17.144551,5,90,35.0,5.0,95.0,60.0,,,,,,2,3.0,6.0,3.0,5.0,,,,,,COMPLETE
980,980,0.9449998472217979,2025-01-06 09:15:24.114112,2025-01-06 09:15:38.425643,0 days 00:00:14.311531,5,90,35.0,100.0,95.0,65.0,,,,,,2,3.0,5.0,3.0,5.0,,,,,,COMPLETE
981,981,0.95420410427066,2025-01-06 09:15:38.426228,2025-01-06 09:15:54.230110,0 days 00:00:15.803882,5,90,40.0,100.0,100.0,75.0,,,,,,2,3.0,6.0,3.0,5.0,,,,,,COMPLETE
982,982,0.9447532046889291,2025-01-06 09:15:54.230804,2025-01-06 09:16:09.915888,0 days 00:00:15.685084,5,95,35.0,100.0,100.0,55.0,,,,,,4,3.0,6.0,3.0,5.0,,,,,,COMPLETE
983,983,0.9441596627000638,2025-01-06 09:16:09.916590,2025-01-06 09:16:35.286643,0 days 00:00:25.370053,8,90,15.0,100.0,95.0,70.0,60.0,30.0,45.0,,,2,5.0,6.0,3.0,5.0,3.0,5.0,5.0,,,COMPLETE
984,984,0.9383972086840939,2025-01-06 09:16:35.287331,2025-01-06 09:16:50.306909,0 days 00:00:15.019578,5,90,35.0,100.0,100.0,60.0,,,,,,2,3.0,6.0,3.0,5.0,,,,,,COMPLETE
985,985,0.9442148531108547,2025-01-06 09:16:50.307497,2025-01-06 09:17:08.929307,0 days 00:00:18.621810,5,90,45.0,100.0,25.0,65.0,,,,,,2,6.0,6.0,3.0,5.0,,,,,,COMPLETE
986,986,0.9557957707289928,2025-01-06 09:17:08.930032,2025-01-06 09:17:26.340471,0 days 00:00:17.410439,5,95,40.0,100.0,95.0,70.0,,,,,,2,3.0,6.0,3.0,5.0,,,,,,COMPLETE
987,987,0.9541260663665352,2025-01-06 09:17:26.341062,2025-01-06 09:17:48.309785,0 days 00:00:21.968723,6,85,30.0,100.0,100.0,5.0,50.0,,,,,2,3.0,5.0,3.0,5.0,4.0,,,,,COMPLETE
988,988,0.9557922502879848,2025-01-06 09:17:48.310473,2025-01-06 09:18:04.507656,0 days 00:00:16.197183,5,85,40.0,100.0,80.0,15.0,,,,,,2,3.0,6.0,3.0,5.0,,,,,,COMPLETE
989,989,0.9441207568169171,2025-01-06 09:18:04.508272,2025-01-06 09:18:18.130103,0 days 00:00:13.621831,5,85,45.0,40.0,95.0,75.0,,,,,,2,3.0,6.0,3.0,5.0,,,,,,COMPLETE
990,990,0.9450818401293495,2025-01-06 09:18:18.130699,2025-01-06 09:18:43.829203,0 days 00:00:25.698504,7,90,40.0,95.0,100.0,65.0,55.0,60.0,,,,6,3.0,6.0,3.0,5.0,5.0,6.0,,,,COMPLETE
991,991,0.9435838760781552,2025-01-06 09:18:43.830013,2025-01-06 09:18:48.191100,0 days 00:00:04.361087,2,35,25.0,,,,,,,,,2,3.0,,,,,,,,,COMPLETE
992,992,0.9533304259178498,2025-01-06 09:18:48.191550,2025-01-06 09:19:05.006024,0 days 00:00:16.814474,5,95,45.0,100.0,95.0,80.0,,,,,,2,3.0,6.0,3.0,5.0,,,,,,COMPLETE
993,993,0.9474568725653867,2025-01-06 09:19:05.006723,2025-01-06 09:19:19.452670,0 days 00:00:14.445947,5,90,35.0,95.0,100.0,55.0,,,,,,2,3.0,5.0,3.0,5.0,,,,,,COMPLETE
994,994,0.946577480490524,2025-01-06 09:19:19.453263,2025-01-06 09:19:35.071361,0 days 00:00:15.618098,6,80,90.0,100.0,100.0,60.0,95.0,,,,,2,3.0,6.0,3.0,5.0,3.0,,,,,COMPLETE
995,995,0.9483383148701652,2025-01-06 09:19:35.071980,2025-01-06 09:19:50.883985,0 days 00:00:15.812005,5,30,45.0,95.0,95.0,70.0,,,,,,2,3.0,6.0,3.0,5.0,,,,,,COMPLETE
996,996,0.9415594550603135,2025-01-06 09:19:50.884568,2025-01-06 09:20:07.040915,0 days 00:00:16.156347,5,90,45.0,100.0,80.0,50.0,,,,,,2,4.0,6.0,3.0,5.0,,,,,,COMPLETE
997,997,0.9525402107598447,2025-01-06 09:20:07.041668,2025-01-06 09:20:31.728987,0 days 00:00:24.687319,6,40,40.0,100.0,65.0,10.0,85.0,,,,,2,3.0,6.0,5.0,5.0,4.0,,,,,COMPLETE
998,998,0.9490060308242126,2025-01-06 09:20:31.729705,2025-01-06 09:20:44.232520,0 days 00:00:12.502815,5,80,100.0,60.0,95.0,75.0,,,,,,2,5.0,2.0,3.0,5.0,,,,,,COMPLETE
999,999,0.9457911783365054,2025-01-06 09:20:44.233101,2025-01-06 09:21:03.406614,0 days 00:00:19.173513,5,85,80.0,95.0,100.0,85.0,,,,,,5,5.0,6.0,3.0,5.0,,,,,,COMPLETE
