,number,value,datetime_start,datetime_complete,duration,params_depth,params_neurons_layer_0,params_neurons_layer_1,params_neurons_layer_2,params_neurons_layer_3,params_neurons_layer_4,params_neurons_layer_5,params_neurons_layer_6,params_neurons_layer_7,params_neurons_layer_8,params_neurons_layer_9,params_orders_layer_0,params_orders_layer_1,params_orders_layer_2,params_orders_layer_3,params_orders_layer_4,params_orders_layer_5,params_orders_layer_6,params_orders_layer_7,params_orders_layer_8,params_orders_layer_9,state
0,0,0.861904761904762,2025-01-03 17:11:48.488429,2025-01-03 17:12:11.879456,0 days 00:00:23.391027,8,15,50.0,30.0,70.0,40.0,30.0,30.0,45.0,,,6,5.0,3.0,2.0,2.0,5.0,6.0,3.0,,,COMPLETE
1,1,0.8544980443285528,2025-01-03 17:12:11.880117,2025-01-03 17:12:45.107590,0 days 00:00:33.227473,7,60,35.0,10.0,75.0,100.0,45.0,50.0,,,,6,4.0,3.0,5.0,4.0,5.0,6.0,,,,COMPLETE
2,2,0.780539397144368,2025-01-03 17:12:45.108301,2025-01-03 17:13:19.297830,0 days 00:00:34.189529,8,60,80.0,5.0,90.0,20.0,100.0,85.0,30.0,,,3,5.0,5.0,5.0,2.0,4.0,3.0,2.0,,,COMPLETE
3,3,0.8548009367681498,2025-01-03 17:13:19.298525,2025-01-03 17:13:30.228992,0 days 00:00:10.930467,3,10,45.0,75.0,,,,,,,,4,4.0,2.0,,,,,,,,COMPLETE
4,4,0.8158705701078584,2025-01-03 17:13:30.229464,2025-01-03 17:13:40.803910,0 days 00:00:10.574446,2,60,50.0,,,,,,,,,3,5.0,,,,,,,,,COMPLETE
5,5,0.6935483870967742,2025-01-03 17:13:40.804350,2025-01-03 17:13:45.727423,0 days 00:00:04.923073,1,85,,,,,,,,,,5,,,,,,,,,,COMPLETE
6,6,0.7801587301587302,2025-01-03 17:13:45.727825,2025-01-03 17:14:05.649746,0 days 00:00:19.921921,4,100,95.0,25.0,90.0,,,,,,,6,6.0,3.0,2.0,,,,,,,COMPLETE
7,7,0.8214192196910186,2025-01-03 17:14:05.650352,2025-01-03 17:14:21.550241,0 days 00:00:15.899889,4,35,30.0,55.0,75.0,,,,,,,3,4.0,5.0,2.0,,,,,,,COMPLETE
8,8,0.7865591397849463,2025-01-03 17:14:21.550775,2025-01-03 17:14:36.192251,0 days 00:00:14.641476,2,30,45.0,,,,,,,,,6,5.0,,,,,,,,,COMPLETE
9,9,0.8931419457735247,2025-01-03 17:14:36.192733,2025-01-03 17:15:14.855163,0 days 00:00:38.662430,8,100,65.0,55.0,15.0,90.0,45.0,100.0,80.0,,,6,2.0,5.0,4.0,5.0,6.0,5.0,2.0,,,COMPLETE
10,10,0.87042842215256,2025-01-03 17:15:14.855812,2025-01-03 17:16:07.331685,0 days 00:00:52.475873,10,85,10.0,100.0,5.0,95.0,5.0,100.0,100.0,75.0,100.0,2,2.0,6.0,4.0,6.0,2.0,4.0,6.0,5.0,5.0,COMPLETE
11,11,0.8221642764015646,2025-01-03 17:16:07.332527,2025-01-03 17:16:52.158066,0 days 00:00:44.825539,10,90,5.0,100.0,5.0,95.0,5.0,100.0,90.0,80.0,100.0,2,2.0,6.0,4.0,6.0,2.0,4.0,6.0,5.0,5.0,COMPLETE
12,12,0.8221642764015646,2025-01-03 17:16:52.158869,2025-01-03 17:17:18.418035,0 days 00:00:26.259166,10,75,70.0,100.0,5.0,75.0,80.0,80.0,90.0,30.0,60.0,2,2.0,6.0,4.0,6.0,2.0,4.0,6.0,2.0,4.0,COMPLETE
13,13,0.8264705882352941,2025-01-03 17:17:18.418813,2025-01-03 17:17:49.781498,0 days 00:00:31.362685,6,100,5.0,70.0,30.0,70.0,5.0,,,,,4,3.0,5.0,4.0,5.0,6.0,,,,,COMPLETE
14,14,0.8452380952380952,2025-01-03 17:17:49.782120,2025-01-03 17:18:42.606346,0 days 00:00:52.824226,9,75,70.0,75.0,25.0,75.0,60.0,100.0,100.0,100.0,,5,2.0,6.0,6.0,4.0,3.0,5.0,4.0,6.0,,COMPLETE
15,15,0.87042842215256,2025-01-03 17:18:42.607210,2025-01-03 17:19:19.126282,0 days 00:00:36.519072,8,80,20.0,50.0,30.0,100.0,35.0,65.0,65.0,,,5,3.0,4.0,3.0,5.0,6.0,2.0,4.0,,,COMPLETE
16,16,0.87042842215256,2025-01-03 17:19:19.126982,2025-01-03 17:19:46.421809,0 days 00:00:27.294827,6,100,65.0,85.0,50.0,55.0,20.0,,,,,4,3.0,5.0,3.0,5.0,4.0,,,,,COMPLETE
17,17,0.8214192196910186,2025-01-03 17:19:46.422487,2025-01-03 17:20:20.962661,0 days 00:00:34.540174,9,45,90.0,45.0,15.0,85.0,60.0,10.0,70.0,60.0,,2,2.0,4.0,5.0,6.0,3.0,5.0,2.0,3.0,,COMPLETE
18,18,0.7876152832674572,2025-01-03 17:20:20.963418,2025-01-03 17:21:07.532994,0 days 00:00:46.569576,10,90,20.0,90.0,45.0,60.0,80.0,75.0,5.0,5.0,10.0,3,3.0,6.0,3.0,5.0,5.0,5.0,5.0,4.0,2.0,COMPLETE
19,19,0.8371848739495797,2025-01-03 17:21:07.533730,2025-01-03 17:21:37.009692,0 days 00:00:29.475962,7,65,60.0,60.0,20.0,35.0,25.0,100.0,,,,5,2.0,4.0,6.0,3.0,3.0,3.0,,,,COMPLETE
20,20,0.8221642764015646,2025-01-03 17:21:37.010460,2025-01-03 17:22:21.534832,0 days 00:00:44.524372,9,70,85.0,35.0,40.0,85.0,45.0,50.0,75.0,60.0,,2,3.0,5.0,5.0,4.0,4.0,4.0,3.0,6.0,,COMPLETE
21,21,0.8356681034482758,2025-01-03 17:22:21.535517,2025-01-03 17:22:56.520642,0 days 00:00:34.985125,8,85,20.0,40.0,35.0,100.0,35.0,65.0,70.0,,,5,3.0,4.0,3.0,5.0,6.0,2.0,4.0,,,COMPLETE
22,22,0.8544980443285528,2025-01-03 17:22:56.521425,2025-01-03 17:23:31.041659,0 days 00:00:34.520234,7,90,15.0,60.0,15.0,90.0,15.0,85.0,,,,5,2.0,5.0,3.0,6.0,6.0,2.0,,,,COMPLETE
23,23,0.7889499869075673,2025-01-03 17:23:31.042298,2025-01-03 17:24:14.124010,0 days 00:00:43.081712,9,80,30.0,20.0,5.0,5.0,40.0,65.0,80.0,95.0,,6,3.0,4.0,4.0,5.0,6.0,3.0,5.0,4.0,,COMPLETE
24,24,0.8387096774193549,2025-01-03 17:24:14.124809,2025-01-03 17:24:40.878523,0 days 00:00:26.753714,5,50,15.0,50.0,20.0,85.0,,,,,,4,2.0,6.0,4.0,6.0,,,,,,COMPLETE
25,25,0.8709677419354839,2025-01-03 17:24:40.879156,2025-01-03 17:25:15.648839,0 days 00:00:34.769683,8,95,35.0,65.0,30.0,100.0,55.0,35.0,55.0,,,5,3.0,5.0,3.0,5.0,5.0,5.0,3.0,,,COMPLETE
26,26,0.8202898550724638,2025-01-03 17:25:15.649529,2025-01-03 17:25:44.143591,0 days 00:00:28.494062,10,95,35.0,65.0,60.0,65.0,70.0,30.0,45.0,40.0,100.0,6,2.0,5.0,4.0,5.0,5.0,5.0,3.0,5.0,6.0,COMPLETE
27,27,0.7732497387669801,2025-01-03 17:25:44.144437,2025-01-03 17:26:19.896499,0 days 00:00:35.752062,7,100,60.0,90.0,15.0,80.0,55.0,40.0,,,,5,3.0,6.0,3.0,3.0,5.0,4.0,,,,COMPLETE
28,28,0.8225344782721832,2025-01-03 17:26:19.897209,2025-01-03 17:27:02.110278,0 days 00:00:42.213069,9,90,40.0,80.0,10.0,90.0,75.0,5.0,95.0,75.0,,6,2.0,5.0,4.0,4.0,2.0,5.0,2.0,5.0,,COMPLETE
29,29,0.8221642764015646,2025-01-03 17:27:02.111030,2025-01-03 17:27:45.752429,0 days 00:00:43.641399,8,75,80.0,70.0,25.0,95.0,95.0,20.0,55.0,,,6,3.0,6.0,5.0,6.0,4.0,6.0,3.0,,,COMPLETE
30,30,0.8708333333333333,2025-01-03 17:27:45.753192,2025-01-03 17:28:16.024126,0 days 00:00:30.270934,6,95,55.0,90.0,40.0,40.0,50.0,,,,,5,6.0,5.0,3.0,5.0,5.0,,,,,COMPLETE
31,31,0.8604465709728868,2025-01-03 17:28:16.024735,2025-01-03 17:28:42.123381,0 days 00:00:26.098646,5,95,55.0,95.0,40.0,45.0,,,,,,5,4.0,5.0,3.0,5.0,,,,,,COMPLETE
32,32,0.7898305084745763,2025-01-03 17:28:42.124077,2025-01-03 17:29:12.301926,0 days 00:00:30.177849,6,85,70.0,85.0,60.0,25.0,50.0,,,,,4,6.0,5.0,2.0,5.0,5.0,,,,,COMPLETE
33,33,0.9028213166144201,2025-01-03 17:29:12.302555,2025-01-03 17:29:53.845622,0 days 00:00:41.543067,8,95,55.0,95.0,30.0,50.0,65.0,90.0,85.0,,,4,6.0,6.0,3.0,6.0,5.0,5.0,2.0,,,COMPLETE
34,34,0.7394957983193278,2025-01-03 17:29:53.846424,2025-01-03 17:30:28.744312,0 days 00:00:34.897888,8,95,55.0,80.0,35.0,50.0,60.0,90.0,55.0,,,4,6.0,4.0,2.0,4.0,5.0,5.0,2.0,,,COMPLETE
35,35,0.7126373626373627,2025-01-03 17:30:28.745013,2025-01-03 17:30:56.776186,0 days 00:00:28.031173,7,25,45.0,90.0,55.0,35.0,70.0,35.0,,,,4,6.0,5.0,3.0,3.0,6.0,6.0,,,,COMPLETE
36,36,0.7958422174840085,2025-01-03 17:30:56.776836,2025-01-03 17:31:30.547634,0 days 00:00:33.770798,7,95,50.0,60.0,45.0,40.0,50.0,90.0,,,,5,5.0,3.0,2.0,5.0,5.0,5.0,,,,COMPLETE
37,37,0.7960805084745763,2025-01-03 17:31:30.548441,2025-01-03 17:32:07.445802,0 days 00:00:36.897361,8,65,60.0,70.0,30.0,50.0,60.0,20.0,85.0,,,6,6.0,6.0,3.0,6.0,4.0,6.0,2.0,,,COMPLETE
38,38,0.8221642764015646,2025-01-03 17:32:07.446521,2025-01-03 17:32:36.743501,0 days 00:00:29.296980,6,100,75.0,80.0,25.0,25.0,70.0,,,,,3,5.0,5.0,3.0,4.0,5.0,,,,,COMPLETE
39,39,0.8056426332288402,2025-01-03 17:32:36.744177,2025-01-03 17:32:50.345768,0 days 00:00:13.601591,4,5,40.0,30.0,40.0,,,,,,,5,4.0,3.0,2.0,,,,,,,COMPLETE
40,40,0.8604465709728868,2025-01-03 17:32:50.346315,2025-01-03 17:33:10.215930,0 days 00:00:19.869615,8,80,50.0,55.0,100.0,55.0,45.0,70.0,30.0,,,4,4.0,2.0,3.0,4.0,6.0,5.0,3.0,,,COMPLETE
41,41,0.8548009367681498,2025-01-03 17:33:10.216575,2025-01-03 17:33:50.721900,0 days 00:00:40.505325,9,85,60.0,100.0,10.0,95.0,30.0,95.0,100.0,80.0,,3,6.0,6.0,4.0,6.0,5.0,4.0,2.0,3.0,,COMPLETE
42,42,0.7732497387669801,2025-01-03 17:33:50.722611,2025-01-03 17:34:21.911664,0 days 00:00:31.189053,5,95,30.0,95.0,20.0,40.0,,,,,,6,5.0,6.0,4.0,6.0,,,,,,COMPLETE
43,43,0.8221642764015646,2025-01-03 17:34:21.912417,2025-01-03 17:35:09.865574,0 days 00:00:47.953157,10,90,100.0,95.0,10.0,100.0,55.0,90.0,80.0,20.0,55.0,3,6.0,6.0,5.0,6.0,4.0,4.0,5.0,4.0,4.0,COMPLETE
44,44,0.8385416666666667,2025-01-03 17:35:09.866342,2025-01-03 17:35:59.490245,0 days 00:00:49.623903,9,100,65.0,85.0,35.0,60.0,65.0,55.0,90.0,45.0,,5,2.0,6.0,4.0,5.0,5.0,5.0,3.0,6.0,,COMPLETE
45,45,0.8056426332288402,2025-01-03 17:35:59.491125,2025-01-03 17:36:03.636310,0 days 00:00:04.145185,1,80,,,,,,,,,,2,,,,,,,,,,COMPLETE
46,46,0.7739583333333333,2025-01-03 17:36:03.636743,2025-01-03 17:36:22.887353,0 days 00:00:19.250610,3,85,40.0,100.0,,,,,,,,6,5.0,5.0,,,,,,,,COMPLETE
47,47,0.87042842215256,2025-01-03 17:36:22.887890,2025-01-03 17:36:55.792843,0 days 00:00:32.904953,7,95,45.0,75.0,25.0,75.0,90.0,95.0,,,,4,4.0,6.0,3.0,6.0,3.0,5.0,,,,COMPLETE
48,48,0.8056426332288402,2025-01-03 17:36:55.793598,2025-01-03 17:37:30.283533,0 days 00:00:34.489935,8,55,65.0,10.0,5.0,90.0,10.0,40.0,65.0,,,5,2.0,4.0,4.0,2.0,5.0,6.0,2.0,,,COMPLETE
49,49,0.87042842215256,2025-01-03 17:37:30.284262,2025-01-03 17:38:11.404576,0 days 00:00:41.120314,10,90,55.0,95.0,30.0,70.0,40.0,80.0,100.0,70.0,75.0,2,5.0,5.0,2.0,5.0,6.0,3.0,3.0,2.0,6.0,COMPLETE
50,50,0.80625,2025-01-03 17:38:11.405293,2025-01-03 17:38:45.001483,0 days 00:00:33.596190,6,70,5.0,40.0,15.0,45.0,85.0,,,,,6,2.0,6.0,5.0,6.0,4.0,,,,,COMPLETE
51,51,0.7876152832674572,2025-01-03 17:38:45.002254,2025-01-03 17:39:25.746106,0 days 00:00:40.743852,8,80,10.0,50.0,30.0,95.0,35.0,55.0,60.0,,,5,3.0,4.0,3.0,5.0,6.0,2.0,4.0,,,COMPLETE
52,52,0.8056426332288402,2025-01-03 17:39:25.746768,2025-01-03 17:40:01.983240,0 days 00:00:36.236472,7,85,25.0,45.0,50.0,100.0,45.0,95.0,,,,5,3.0,4.0,3.0,5.0,6.0,4.0,,,,COMPLETE
53,53,0.8064516129032258,2025-01-03 17:40:01.983980,2025-01-03 17:40:38.511461,0 days 00:00:36.527481,9,100,20.0,65.0,45.0,90.0,50.0,100.0,80.0,85.0,,5,3.0,4.0,3.0,5.0,2.0,6.0,4.0,3.0,,COMPLETE
54,54,0.8385416666666667,2025-01-03 17:40:38.512221,2025-01-03 17:41:22.339497,0 days 00:00:43.827276,8,40,10.0,45.0,35.0,100.0,25.0,85.0,65.0,,,5,4.0,5.0,4.0,6.0,6.0,3.0,5.0,,,COMPLETE
55,55,0.8435501066098081,2025-01-03 17:41:22.340301,2025-01-03 17:42:08.422974,0 days 00:00:46.082673,10,90,25.0,50.0,20.0,80.0,55.0,75.0,75.0,55.0,15.0,4,2.0,5.0,3.0,5.0,6.0,2.0,6.0,5.0,2.0,COMPLETE
56,56,0.7732497387669801,2025-01-03 17:42:08.423788,2025-01-03 17:42:40.145169,0 days 00:00:31.721381,8,75,15.0,55.0,25.0,100.0,65.0,50.0,45.0,,,6,6.0,2.0,3.0,5.0,4.0,5.0,2.0,,,COMPLETE
57,57,0.7902680197762164,2025-01-03 17:42:40.145943,2025-01-03 17:43:24.844502,0 days 00:00:44.698559,9,95,75.0,90.0,30.0,85.0,40.0,60.0,85.0,90.0,,5,2.0,4.0,4.0,6.0,5.0,4.0,4.0,5.0,,COMPLETE
58,58,0.8225344782721832,2025-01-03 17:43:24.845302,2025-01-03 17:44:00.253453,0 days 00:00:35.408151,7,100,35.0,65.0,10.0,95.0,5.0,100.0,,,,3,3.0,5.0,4.0,5.0,6.0,5.0,,,,COMPLETE
59,59,0.8119363395225465,2025-01-03 17:44:00.254139,2025-01-03 17:44:20.630687,0 days 00:00:20.376548,6,70,25.0,100.0,80.0,30.0,20.0,,,,,2,2.0,4.0,3.0,4.0,3.0,,,,,COMPLETE
60,60,0.8781779661016949,2025-01-03 17:44:20.631397,2025-01-03 17:45:05.227685,0 days 00:00:44.596288,9,90,45.0,40.0,40.0,80.0,35.0,85.0,60.0,65.0,,4,4.0,6.0,2.0,6.0,5.0,3.0,3.0,6.0,,COMPLETE
61,61,0.8286546610169492,2025-01-03 17:45:05.228440,2025-01-03 17:45:59.724611,0 days 00:00:54.496171,9,90,45.0,40.0,40.0,80.0,35.0,80.0,50.0,65.0,,4,4.0,6.0,2.0,6.0,5.0,3.0,3.0,6.0,,COMPLETE
62,62,0.7898305084745763,2025-01-03 17:45:59.725450,2025-01-03 17:46:44.609607,0 days 00:00:44.884157,9,95,50.0,30.0,45.0,90.0,30.0,90.0,60.0,45.0,,4,5.0,6.0,2.0,6.0,5.0,3.0,2.0,6.0,,COMPLETE
63,63,0.80625,2025-01-03 17:46:44.610362,2025-01-03 17:47:33.039796,0 days 00:00:48.429434,10,85,10.0,35.0,35.0,95.0,40.0,95.0,35.0,70.0,30.0,4,4.0,6.0,2.0,6.0,5.0,2.0,3.0,5.0,5.0,COMPLETE
64,64,0.8445623342175066,2025-01-03 17:47:33.040688,2025-01-03 17:48:24.305351,0 days 00:00:51.264663,9,80,40.0,50.0,50.0,85.0,45.0,75.0,65.0,30.0,,5,3.0,5.0,3.0,6.0,5.0,4.0,6.0,6.0,,COMPLETE
65,65,0.8225344782721832,2025-01-03 17:48:24.306171,2025-01-03 17:48:56.886829,0 days 00:00:32.580658,8,95,55.0,60.0,20.0,10.0,25.0,85.0,50.0,,,4,2.0,6.0,4.0,5.0,6.0,2.0,2.0,,,COMPLETE
66,66,0.80625,2025-01-03 17:48:56.887597,2025-01-03 17:49:43.893858,0 days 00:00:47.006261,10,100,65.0,25.0,5.0,60.0,65.0,45.0,90.0,55.0,80.0,4,6.0,5.0,6.0,5.0,2.0,3.0,3.0,4.0,3.0,COMPLETE
67,67,0.8538884524744697,2025-01-03 17:49:43.894713,2025-01-03 17:50:20.513995,0 days 00:00:36.619282,8,20,35.0,45.0,55.0,95.0,50.0,100.0,70.0,,,3,3.0,6.0,2.0,6.0,5.0,5.0,2.0,,,COMPLETE
68,68,0.8380355276907001,2025-01-03 17:50:20.514749,2025-01-03 17:51:03.319444,0 days 00:00:42.804695,9,90,60.0,85.0,40.0,45.0,35.0,25.0,95.0,90.0,,5,2.0,5.0,3.0,5.0,4.0,4.0,4.0,5.0,,COMPLETE
69,69,0.7898305084745763,2025-01-03 17:51:03.320159,2025-01-03 17:51:50.328375,0 days 00:00:47.008216,7,90,15.0,35.0,30.0,90.0,55.0,65.0,,,,6,6.0,6.0,5.0,6.0,6.0,5.0,,,,COMPLETE
70,70,0.8221642764015646,2025-01-03 17:51:50.329272,2025-01-03 17:52:28.880293,0 days 00:00:38.551021,8,75,45.0,95.0,15.0,55.0,75.0,70.0,60.0,,,4,3.0,4.0,4.0,4.0,5.0,2.0,6.0,,,COMPLETE
71,71,0.8595628415300547,2025-01-03 17:52:28.880966,2025-01-03 17:52:53.618644,0 days 00:00:24.737678,6,100,65.0,90.0,65.0,70.0,20.0,,,,,4,3.0,5.0,3.0,5.0,3.0,,,,,COMPLETE
72,72,0.7965517241379311,2025-01-03 17:52:53.619373,2025-01-03 17:53:16.372167,0 days 00:00:22.752794,5,100,75.0,80.0,45.0,40.0,,,,,,4,3.0,5.0,3.0,5.0,,,,,,COMPLETE
73,73,0.8126984126984127,2025-01-03 17:53:16.372750,2025-01-03 17:53:33.830360,0 days 00:00:17.457610,4,95,70.0,85.0,35.0,,,,,,,4,3.0,5.0,3.0,,,,,,,COMPLETE
74,74,0.7408568443051202,2025-01-03 17:53:33.830886,2025-01-03 17:54:04.009329,0 days 00:00:30.178443,7,90,55.0,60.0,50.0,50.0,15.0,80.0,,,,4,4.0,5.0,3.0,5.0,4.0,4.0,,,,COMPLETE
75,75,0.903125,2025-01-03 17:54:04.010097,2025-01-03 17:54:36.919759,0 days 00:00:32.909662,6,85,60.0,70.0,25.0,65.0,5.0,,,,,5,4.0,6.0,2.0,5.0,6.0,,,,,COMPLETE
76,76,0.7898305084745763,2025-01-03 17:54:36.920449,2025-01-03 17:55:22.833298,0 days 00:00:45.912849,8,85,50.0,55.0,25.0,65.0,5.0,90.0,15.0,,,5,4.0,6.0,2.0,5.0,6.0,5.0,4.0,,,COMPLETE
77,77,0.8264705882352941,2025-01-03 17:55:22.834077,2025-01-03 17:55:54.570728,0 days 00:00:31.736651,7,80,60.0,55.0,20.0,75.0,10.0,95.0,,,,5,4.0,6.0,2.0,6.0,6.0,3.0,,,,COMPLETE
78,78,0.80625,2025-01-03 17:55:54.571394,2025-01-03 17:56:19.739350,0 days 00:00:25.167956,5,95,5.0,75.0,25.0,80.0,,,,,,5,5.0,6.0,2.0,4.0,,,,,,COMPLETE
79,79,0.8225344782721832,2025-01-03 17:56:19.739914,2025-01-03 17:56:50.086538,0 days 00:00:30.346624,6,65,20.0,65.0,10.0,35.0,10.0,,,,,6,4.0,3.0,2.0,5.0,6.0,,,,,COMPLETE
80,80,0.7968253968253969,2025-01-03 17:56:50.087135,2025-01-03 17:57:08.072781,0 days 00:00:17.985646,3,85,55.0,70.0,,,,,,,,5,4.0,6.0,,,,,,,,COMPLETE
81,81,0.8159242191500256,2025-01-03 17:57:08.073386,2025-01-03 17:57:34.573257,0 days 00:00:26.499871,6,95,70.0,100.0,40.0,60.0,15.0,,,,,5,3.0,6.0,3.0,5.0,5.0,,,,,COMPLETE
82,82,0.7416666666666667,2025-01-03 17:57:34.573907,2025-01-03 17:58:00.532398,0 days 00:00:25.958491,6,100,65.0,90.0,15.0,65.0,20.0,,,,,4,2.0,6.0,3.0,5.0,6.0,,,,,COMPLETE
83,83,0.7889499869075673,2025-01-03 17:58:00.532966,2025-01-03 17:58:36.867327,0 days 00:00:36.334361,7,85,60.0,95.0,30.0,55.0,30.0,100.0,,,,3,6.0,5.0,2.0,5.0,5.0,4.0,,,,COMPLETE
84,84,0.7580015612802498,2025-01-03 17:58:36.868067,2025-01-03 17:58:57.164988,0 days 00:00:20.296921,5,90,50.0,75.0,35.0,100.0,,,,,,6,2.0,5.0,3.0,3.0,,,,,,COMPLETE
85,85,0.8387096774193549,2025-01-03 17:58:57.165599,2025-01-03 17:59:56.535086,0 days 00:00:59.369487,10,100,60.0,85.0,25.0,85.0,5.0,85.0,75.0,70.0,35.0,5,3.0,4.0,5.0,6.0,2.0,6.0,3.0,6.0,5.0,COMPLETE
86,86,0.80625,2025-01-03 17:59:56.535948,2025-01-03 18:00:43.417825,0 days 00:00:46.881877,9,95,70.0,95.0,55.0,45.0,45.0,15.0,40.0,45.0,,4,5.0,6.0,3.0,5.0,3.0,5.0,5.0,5.0,,COMPLETE
87,87,0.8221642764015646,2025-01-03 18:00:43.418609,2025-01-03 18:01:22.843804,0 days 00:00:39.425195,8,85,40.0,80.0,30.0,90.0,60.0,70.0,85.0,,,3,6.0,6.0,4.0,5.0,4.0,2.0,5.0,,,COMPLETE
88,88,0.8064516129032258,2025-01-03 18:01:22.844601,2025-01-03 18:01:56.738180,0 days 00:00:33.893579,7,90,55.0,90.0,45.0,50.0,10.0,30.0,,,,6,3.0,3.0,4.0,6.0,5.0,3.0,,,,COMPLETE
89,89,0.7793103448275862,2025-01-03 18:01:56.738850,2025-01-03 18:02:27.091893,0 days 00:00:30.353043,6,80,65.0,70.0,35.0,95.0,50.0,,,,,5,2.0,5.0,3.0,4.0,6.0,,,,,COMPLETE
90,90,0.8221642764015646,2025-01-03 18:02:27.092486,2025-01-03 18:03:01.001369,0 days 00:00:33.908883,8,60,30.0,100.0,60.0,70.0,35.0,85.0,95.0,,,2,2.0,5.0,2.0,6.0,6.0,5.0,2.0,,,COMPLETE
91,91,0.8291777188328913,2025-01-03 18:03:01.002130,2025-01-03 18:03:35.720675,0 days 00:00:34.718545,7,95,45.0,75.0,25.0,75.0,100.0,95.0,,,,4,4.0,6.0,3.0,6.0,3.0,5.0,,,,COMPLETE
92,92,0.829190904283448,2025-01-03 18:03:35.721320,2025-01-03 18:04:04.222774,0 days 00:00:28.501454,6,90,45.0,80.0,15.0,65.0,90.0,,,,,4,4.0,6.0,3.0,6.0,2.0,,,,,COMPLETE
93,93,0.8548009367681498,2025-01-03 18:04:04.223481,2025-01-03 18:04:26.020914,0 days 00:00:21.797433,7,95,45.0,65.0,40.0,75.0,55.0,95.0,,,,5,4.0,6.0,4.0,6.0,3.0,5.0,,,,COMPLETE
94,94,0.7732497387669801,2025-01-03 18:04:26.021602,2025-01-03 18:05:06.014970,0 days 00:00:39.993368,7,100,35.0,70.0,25.0,55.0,85.0,90.0,,,,4,4.0,6.0,3.0,6.0,4.0,6.0,,,,COMPLETE
95,95,0.7564807541241163,2025-01-03 18:05:06.015624,2025-01-03 18:05:24.510494,0 days 00:00:18.494870,8,95,50.0,75.0,5.0,100.0,95.0,100.0,70.0,,,5,4.0,6.0,3.0,5.0,2.0,5.0,4.0,,,COMPLETE
96,96,0.8529644268774703,2025-01-03 18:05:24.511235,2025-01-03 18:05:59.703681,0 days 00:00:35.192446,9,90,60.0,60.0,20.0,85.0,25.0,95.0,55.0,100.0,,3,3.0,4.0,4.0,5.0,4.0,5.0,2.0,4.0,,COMPLETE
97,97,0.7902680197762164,2025-01-03 18:05:59.704391,2025-01-03 18:06:39.076383,0 days 00:00:39.371992,8,100,10.0,90.0,20.0,80.0,40.0,80.0,75.0,,,4,4.0,6.0,3.0,6.0,5.0,4.0,3.0,,,COMPLETE
98,98,0.7549407114624507,2025-01-03 18:06:39.077064,2025-01-03 18:07:08.345565,0 days 00:00:29.268501,7,95,25.0,85.0,30.0,95.0,30.0,40.0,,,,5,4.0,5.0,2.0,2.0,3.0,5.0,,,,COMPLETE
99,99,0.8697478991596639,2025-01-03 18:07:08.346278,2025-01-03 18:07:32.096801,0 days 00:00:23.750523,5,45,55.0,40.0,35.0,40.0,,,,,,2,3.0,6.0,3.0,5.0,,,,,,COMPLETE
100,100,0.7739583333333333,2025-01-03 18:07:32.097418,2025-01-03 18:08:05.573805,0 days 00:00:33.476387,6,90,40.0,65.0,15.0,60.0,45.0,,,,,4,5.0,5.0,4.0,6.0,5.0,,,,,COMPLETE
101,101,0.8221642764015646,2025-01-03 18:08:05.574439,2025-01-03 18:08:35.271257,0 days 00:00:29.696818,10,85,55.0,100.0,30.0,70.0,40.0,75.0,100.0,70.0,80.0,2,5.0,5.0,2.0,5.0,6.0,3.0,3.0,2.0,6.0,COMPLETE
102,102,0.8056426332288402,2025-01-03 18:08:35.272145,2025-01-03 18:09:21.202222,0 days 00:00:45.930077,10,90,50.0,95.0,40.0,70.0,40.0,60.0,100.0,80.0,80.0,2,6.0,5.0,2.0,5.0,6.0,3.0,3.0,2.0,6.0,COMPLETE
103,103,0.7902680197762164,2025-01-03 18:09:21.202933,2025-01-03 18:09:47.443530,0 days 00:00:26.240597,10,100,55.0,95.0,30.0,75.0,50.0,90.0,90.0,80.0,70.0,2,6.0,5.0,2.0,5.0,6.0,4.0,3.0,3.0,5.0,COMPLETE
104,104,0.8385416666666667,2025-01-03 18:09:47.444333,2025-01-03 18:10:23.083326,0 days 00:00:35.638993,9,95,65.0,70.0,35.0,100.0,35.0,85.0,95.0,65.0,,2,5.0,4.0,2.0,5.0,6.0,2.0,4.0,2.0,,COMPLETE
105,105,0.87042842215256,2025-01-03 18:10:23.084053,2025-01-03 18:11:09.444084,0 days 00:00:46.360031,10,80,60.0,50.0,25.0,90.0,45.0,95.0,85.0,75.0,90.0,3,5.0,5.0,2.0,5.0,5.0,3.0,3.0,4.0,6.0,COMPLETE
106,106,0.8221642764015646,2025-01-03 18:11:09.444806,2025-01-03 18:11:49.951939,0 days 00:00:40.507133,9,90,80.0,95.0,50.0,80.0,5.0,100.0,95.0,60.0,,2,6.0,4.0,3.0,6.0,6.0,5.0,2.0,5.0,,COMPLETE
107,107,0.8046218487394958,2025-01-03 18:11:49.952779,2025-01-03 18:12:30.029439,0 days 00:00:40.076660,8,75,30.0,90.0,20.0,70.0,60.0,80.0,80.0,,,6,4.0,6.0,3.0,5.0,5.0,4.0,3.0,,,COMPLETE
108,108,0.8385416666666667,2025-01-03 18:12:30.030136,2025-01-03 18:13:16.954111,0 days 00:00:46.923975,9,85,55.0,80.0,30.0,95.0,75.0,60.0,65.0,50.0,,5,2.0,6.0,6.0,6.0,6.0,5.0,2.0,3.0,,COMPLETE
109,109,0.8214192196910186,2025-01-03 18:13:16.954958,2025-01-03 18:13:49.720206,0 days 00:00:32.765248,8,100,60.0,55.0,35.0,65.0,15.0,90.0,90.0,,,4,4.0,5.0,2.0,4.0,3.0,3.0,5.0,,,COMPLETE
110,110,0.7965517241379311,2025-01-03 18:13:49.720824,2025-01-03 18:14:29.115352,0 days 00:00:39.394528,7,30,45.0,100.0,45.0,30.0,25.0,45.0,,,,5,6.0,4.0,3.0,5.0,6.0,6.0,,,,COMPLETE
111,111,0.7902680197762164,2025-01-03 18:14:29.116164,2025-01-03 18:14:54.648827,0 days 00:00:25.532663,10,80,60.0,50.0,25.0,90.0,45.0,95.0,85.0,75.0,90.0,3,5.0,5.0,2.0,5.0,5.0,3.0,3.0,4.0,6.0,COMPLETE
112,112,0.8607085346215781,2025-01-03 18:14:54.649584,2025-01-03 18:15:34.192525,0 days 00:00:39.542941,10,55,65.0,45.0,25.0,85.0,40.0,95.0,80.0,85.0,90.0,2,5.0,5.0,2.0,5.0,5.0,3.0,3.0,2.0,6.0,COMPLETE
113,113,0.8214192196910186,2025-01-03 18:15:34.193346,2025-01-03 18:16:21.026598,0 days 00:00:46.833252,10,85,65.0,50.0,20.0,100.0,50.0,100.0,100.0,65.0,70.0,3,4.0,5.0,2.0,5.0,5.0,3.0,3.0,6.0,5.0,COMPLETE
114,114,0.8286247334754797,2025-01-03 18:16:21.027370,2025-01-03 18:17:07.382369,0 days 00:00:46.354999,10,80,50.0,45.0,25.0,90.0,45.0,90.0,60.0,75.0,90.0,3,6.0,5.0,2.0,5.0,5.0,2.0,4.0,3.0,6.0,COMPLETE
115,115,0.7902680197762164,2025-01-03 18:17:07.383235,2025-01-03 18:17:47.513389,0 days 00:00:40.130154,9,75,60.0,60.0,30.0,95.0,55.0,85.0,90.0,60.0,,4,4.0,6.0,2.0,5.0,5.0,3.0,3.0,4.0,,COMPLETE
116,116,0.8225344782721832,2025-01-03 18:17:47.514136,2025-01-03 18:18:33.764957,0 days 00:00:46.250821,10,95,70.0,40.0,10.0,75.0,40.0,75.0,55.0,85.0,100.0,2,3.0,5.0,3.0,4.0,4.0,4.0,2.0,6.0,5.0,COMPLETE
117,117,0.829190904283448,2025-01-03 18:18:33.765771,2025-01-03 18:19:08.241296,0 days 00:00:34.475525,6,90,15.0,95.0,40.0,85.0,50.0,,,,,4,5.0,6.0,2.0,6.0,5.0,,,,,COMPLETE
118,118,0.8056426332288402,2025-01-03 18:19:08.241992,2025-01-03 18:19:44.733117,0 days 00:00:36.491125,8,95,55.0,10.0,5.0,60.0,35.0,5.0,75.0,,,5,2.0,5.0,4.0,5.0,6.0,2.0,3.0,,,COMPLETE
119,119,0.8544980443285528,2025-01-03 18:19:44.733785,2025-01-03 18:20:34.994769,0 days 00:00:50.260984,9,90,35.0,55.0,10.0,80.0,30.0,35.0,85.0,95.0,,4,5.0,6.0,3.0,5.0,5.0,5.0,4.0,4.0,,COMPLETE
120,120,0.7732497387669801,2025-01-03 18:20:34.995677,2025-01-03 18:21:00.463103,0 days 00:00:25.467426,5,95,70.0,90.0,25.0,100.0,,,,,,5,3.0,5.0,3.0,6.0,,,,,,COMPLETE
121,121,0.80625,2025-01-03 18:21:00.463666,2025-01-03 18:21:23.703960,0 days 00:00:23.240294,5,45,55.0,40.0,35.0,30.0,,,,,,2,3.0,6.0,3.0,5.0,,,,,,COMPLETE
122,122,0.8529644268774703,2025-01-03 18:21:23.704605,2025-01-03 18:21:47.077754,0 days 00:00:23.373149,5,40,55.0,40.0,35.0,40.0,,,,,,2,3.0,6.0,3.0,5.0,,,,,,COMPLETE
123,123,0.8771883289124669,2025-01-03 18:21:47.078374,2025-01-03 18:22:10.991040,0 days 00:00:23.912666,6,40,50.0,45.0,30.0,35.0,65.0,,,,,2,3.0,6.0,3.0,5.0,2.0,,,,,COMPLETE
124,124,0.8359788359788359,2025-01-03 18:22:10.991624,2025-01-03 18:22:34.879626,0 days 00:00:23.888002,6,85,50.0,50.0,30.0,35.0,60.0,,,,,2,3.0,6.0,3.0,5.0,2.0,,,,,COMPLETE
125,125,0.7606951871657754,2025-01-03 18:22:34.880219,2025-01-03 18:22:59.514992,0 days 00:00:24.634773,6,35,5.0,35.0,75.0,25.0,70.0,,,,,4,3.0,6.0,3.0,5.0,2.0,,,,,COMPLETE
126,126,0.8056426332288402,2025-01-03 18:22:59.515738,2025-01-03 18:23:21.878531,0 days 00:00:22.362793,6,15,45.0,45.0,25.0,45.0,65.0,,,,,2,2.0,6.0,4.0,5.0,2.0,,,,,COMPLETE
127,127,0.7732497387669801,2025-01-03 18:23:21.879114,2025-01-03 18:23:50.589106,0 days 00:00:28.709992,6,100,60.0,50.0,30.0,65.0,80.0,,,,,4,6.0,5.0,2.0,6.0,2.0,,,,,COMPLETE
128,128,0.8214192196910186,2025-01-03 18:23:50.589703,2025-01-03 18:24:14.268216,0 days 00:00:23.678513,7,70,50.0,45.0,25.0,35.0,45.0,80.0,,,,3,3.0,4.0,3.0,5.0,2.0,3.0,,,,COMPLETE
129,129,0.8708333333333333,2025-01-03 18:24:14.268925,2025-01-03 18:24:54.734744,0 days 00:00:40.465819,8,50,20.0,85.0,20.0,95.0,5.0,95.0,70.0,,,4,5.0,6.0,3.0,5.0,6.0,5.0,2.0,,,COMPLETE
130,130,0.8548009367681498,2025-01-03 18:24:54.735518,2025-01-03 18:25:39.522917,0 days 00:00:44.787399,8,40,20.0,85.0,20.0,50.0,5.0,100.0,70.0,,,4,4.0,6.0,3.0,6.0,6.0,5.0,2.0,,,COMPLETE
131,131,0.8214192196910186,2025-01-03 18:25:39.523716,2025-01-03 18:26:20.406836,0 days 00:00:40.883120,8,50,10.0,85.0,20.0,95.0,5.0,95.0,65.0,,,4,5.0,6.0,3.0,5.0,6.0,5.0,2.0,,,COMPLETE
132,132,0.8031746031746032,2025-01-03 18:26:20.407584,2025-01-03 18:27:02.142426,0 days 00:00:41.734842,8,35,25.0,90.0,100.0,90.0,10.0,90.0,80.0,,,5,5.0,6.0,3.0,5.0,6.0,5.0,2.0,,,COMPLETE
133,133,0.7739583333333333,2025-01-03 18:27:02.143217,2025-01-03 18:27:51.082682,0 days 00:00:48.939465,9,55,60.0,55.0,15.0,95.0,10.0,95.0,70.0,70.0,,4,5.0,6.0,3.0,5.0,6.0,5.0,2.0,5.0,,COMPLETE
134,134,0.8380355276907001,2025-01-03 18:27:51.083450,2025-01-03 18:28:25.562956,0 days 00:00:34.479506,6,60,20.0,80.0,30.0,55.0,5.0,,,,,2,5.0,6.0,4.0,5.0,6.0,,,,,COMPLETE
135,135,0.8264705882352941,2025-01-03 18:28:25.563670,2025-01-03 18:28:52.193060,0 days 00:00:26.629390,10,50,40.0,95.0,20.0,100.0,20.0,100.0,50.0,75.0,70.0,3,3.0,5.0,3.0,5.0,5.0,5.0,3.0,5.0,6.0,COMPLETE
136,136,0.7968253968253969,2025-01-03 18:28:52.193832,2025-01-03 18:29:30.881514,0 days 00:00:38.687682,7,100,15.0,70.0,30.0,90.0,45.0,85.0,,,,5,2.0,6.0,5.0,5.0,4.0,5.0,,,,COMPLETE
137,137,0.7966684294024325,2025-01-03 18:29:30.882195,2025-01-03 18:30:11.042105,0 days 00:00:40.159910,8,30,50.0,75.0,25.0,95.0,55.0,90.0,65.0,,,4,6.0,5.0,2.0,5.0,6.0,4.0,2.0,,,COMPLETE
138,138,0.8385416666666667,2025-01-03 18:30:11.042909,2025-01-03 18:30:44.658915,0 days 00:00:33.616006,7,95,60.0,45.0,30.0,75.0,35.0,95.0,,,,2,5.0,6.0,3.0,6.0,5.0,3.0,,,,COMPLETE
139,139,0.8214192196910186,2025-01-03 18:30:44.659571,2025-01-03 18:31:16.529921,0 days 00:00:31.870350,9,90,40.0,100.0,90.0,45.0,70.0,100.0,55.0,65.0,,6,3.0,6.0,2.0,5.0,3.0,2.0,2.0,2.0,,COMPLETE
140,140,0.8709677419354839,2025-01-03 18:31:16.530616,2025-01-03 18:31:29.778489,0 days 00:00:13.247873,6,80,45.0,60.0,40.0,70.0,40.0,,,,,4,2.0,5.0,3.0,6.0,6.0,,,,,COMPLETE
141,141,0.7902680197762164,2025-01-03 18:31:29.779187,2025-01-03 18:32:01.187275,0 days 00:00:31.408088,6,80,45.0,60.0,40.0,70.0,40.0,,,,,4,2.0,5.0,3.0,6.0,6.0,,,,,COMPLETE
142,142,0.7580015612802498,2025-01-03 18:32:01.187943,2025-01-03 18:32:30.730240,0 days 00:00:29.542297,6,80,45.0,65.0,45.0,70.0,35.0,,,,,4,2.0,5.0,3.0,6.0,6.0,,,,,COMPLETE
143,143,0.8771883289124669,2025-01-03 18:32:30.730835,2025-01-03 18:33:06.107997,0 days 00:00:35.377162,7,85,65.0,55.0,40.0,60.0,40.0,70.0,,,,4,2.0,5.0,3.0,6.0,6.0,5.0,,,,COMPLETE
144,144,0.8125996810207337,2025-01-03 18:33:06.108835,2025-01-03 18:33:43.353363,0 days 00:00:37.244528,7,90,65.0,65.0,50.0,60.0,40.0,70.0,,,,4,2.0,5.0,3.0,6.0,6.0,5.0,,,,COMPLETE
145,145,0.8221642764015646,2025-01-03 18:33:43.354004,2025-01-03 18:34:15.001849,0 days 00:00:31.647845,6,85,30.0,60.0,40.0,65.0,30.0,,,,,4,2.0,5.0,3.0,6.0,6.0,,,,,COMPLETE
146,146,0.7574967405475881,2025-01-03 18:34:15.002573,2025-01-03 18:34:55.292441,0 days 00:00:40.289868,8,90,55.0,55.0,40.0,60.0,65.0,75.0,60.0,,,4,2.0,5.0,3.0,6.0,6.0,5.0,5.0,,,COMPLETE
147,147,0.8225344782721832,2025-01-03 18:34:55.293175,2025-01-03 18:35:30.799473,0 days 00:00:35.506298,7,100,70.0,60.0,35.0,55.0,35.0,80.0,,,,4,2.0,6.0,3.0,6.0,6.0,6.0,,,,COMPLETE
148,148,0.80625,2025-01-03 18:35:30.800244,2025-01-03 18:36:11.940495,0 days 00:00:41.140251,8,85,50.0,90.0,45.0,65.0,95.0,65.0,75.0,,,4,2.0,4.0,3.0,6.0,6.0,5.0,6.0,,,COMPLETE
149,149,0.8353510895883778,2025-01-03 18:36:11.941294,2025-01-03 18:36:47.247496,0 days 00:00:35.306202,6,95,65.0,55.0,95.0,65.0,15.0,,,,,4,4.0,6.0,3.0,6.0,6.0,,,,,COMPLETE
150,150,0.7966684294024325,2025-01-03 18:36:47.248145,2025-01-03 18:37:23.675483,0 days 00:00:36.427338,7,85,45.0,65.0,60.0,70.0,50.0,25.0,,,,4,2.0,4.0,3.0,6.0,6.0,5.0,,,,COMPLETE
151,151,0.8221642764015646,2025-01-03 18:37:23.676274,2025-01-03 18:37:44.790711,0 days 00:00:21.114437,10,80,65.0,50.0,35.0,100.0,45.0,55.0,85.0,30.0,85.0,4,4.0,5.0,3.0,5.0,5.0,5.0,4.0,3.0,4.0,COMPLETE
152,152,0.8214192196910186,2025-01-03 18:37:44.791478,2025-01-03 18:38:10.047604,0 days 00:00:25.256126,6,75,55.0,50.0,25.0,95.0,40.0,,,,,4,4.0,5.0,3.0,5.0,2.0,,,,,COMPLETE
153,153,0.829190904283448,2025-01-03 18:38:10.048197,2025-01-03 18:38:15.455385,0 days 00:00:05.407188,1,80,,,,,,,,,,4,,,,,,,,,,COMPLETE
154,154,0.7739583333333333,2025-01-03 18:38:15.455786,2025-01-03 18:38:45.129780,0 days 00:00:29.673994,8,95,60.0,55.0,35.0,55.0,45.0,95.0,95.0,,,4,2.0,5.0,2.0,5.0,4.0,4.0,3.0,,,COMPLETE
155,155,0.7946859903381642,2025-01-03 18:38:45.130565,2025-01-03 18:39:43.874555,0 days 00:00:58.743990,10,90,55.0,95.0,25.0,80.0,50.0,85.0,45.0,55.0,45.0,4,4.0,5.0,3.0,6.0,5.0,5.0,2.0,6.0,5.0,COMPLETE
156,156,0.8385416666666667,2025-01-03 18:39:43.875344,2025-01-03 18:40:22.473109,0 days 00:00:38.597765,8,85,20.0,60.0,30.0,30.0,40.0,90.0,100.0,,,5,2.0,5.0,2.0,6.0,6.0,5.0,3.0,,,COMPLETE
157,157,0.7739583333333333,2025-01-03 18:40:22.473923,2025-01-03 18:41:08.490596,0 days 00:00:46.016673,9,50,60.0,100.0,20.0,70.0,10.0,65.0,90.0,90.0,,2,6.0,5.0,4.0,5.0,6.0,5.0,2.0,4.0,,COMPLETE
158,158,0.80625,2025-01-03 18:41:08.491340,2025-01-03 18:41:35.409261,0 days 00:00:26.917921,6,75,50.0,70.0,40.0,100.0,35.0,,,,,4,3.0,5.0,3.0,3.0,5.0,,,,,COMPLETE
159,159,0.80625,2025-01-03 18:41:35.409997,2025-01-03 18:42:02.453783,0 days 00:00:27.043786,7,80,65.0,50.0,50.0,90.0,5.0,85.0,,,,5,4.0,6.0,2.0,5.0,2.0,2.0,,,,COMPLETE
160,160,0.780539397144368,2025-01-03 18:42:02.454428,2025-01-03 18:42:42.792687,0 days 00:00:40.338259,10,95,35.0,90.0,30.0,50.0,40.0,100.0,70.0,10.0,65.0,4,2.0,2.0,3.0,5.0,3.0,3.0,3.0,5.0,6.0,COMPLETE
161,161,0.8618037135278515,2025-01-03 18:42:42.793510,2025-01-03 18:42:58.050055,0 days 00:00:15.256545,4,45,75.0,40.0,35.0,,,,,,,2,3.0,6.0,3.0,,,,,,,COMPLETE
162,162,0.8385416666666667,2025-01-03 18:42:58.050567,2025-01-03 18:43:19.618761,0 days 00:00:21.568194,5,45,55.0,35.0,35.0,40.0,,,,,,2,3.0,6.0,3.0,5.0,,,,,,COMPLETE
163,163,0.8708333333333333,2025-01-03 18:43:19.619364,2025-01-03 18:43:41.219381,0 days 00:00:21.600017,5,40,55.0,45.0,40.0,40.0,,,,,,2,3.0,6.0,3.0,5.0,,,,,,COMPLETE
164,164,0.8221642764015646,2025-01-03 18:43:41.219960,2025-01-03 18:43:56.404220,0 days 00:00:15.184260,4,35,60.0,45.0,40.0,,,,,,,2,3.0,6.0,3.0,,,,,,,COMPLETE
165,165,0.8548009367681498,2025-01-03 18:43:56.404716,2025-01-03 18:44:17.977814,0 days 00:00:21.573098,5,40,50.0,50.0,45.0,60.0,,,,,,2,3.0,6.0,3.0,5.0,,,,,,COMPLETE
166,166,0.8452380952380952,2025-01-03 18:44:17.978483,2025-01-03 18:44:43.790033,0 days 00:00:25.811550,6,40,45.0,45.0,25.0,35.0,55.0,,,,,2,3.0,5.0,3.0,5.0,5.0,,,,,COMPLETE
167,167,0.7478813559322034,2025-01-03 18:44:43.790691,2025-01-03 18:45:00.245556,0 days 00:00:16.454865,5,100,60.0,55.0,30.0,40.0,,,,,,6,6.0,6.0,3.0,5.0,,,,,,COMPLETE
168,168,0.8385416666666667,2025-01-03 18:45:00.246162,2025-01-03 18:45:29.860277,0 days 00:00:29.614115,6,85,55.0,95.0,40.0,75.0,45.0,,,,,2,5.0,5.0,2.0,6.0,6.0,,,,,COMPLETE
169,169,0.7876152832674572,2025-01-03 18:45:29.860906,2025-01-03 18:46:11.337042,0 days 00:00:41.476136,8,90,40.0,80.0,20.0,95.0,80.0,95.0,75.0,,,5,2.0,6.0,4.0,5.0,6.0,4.0,4.0,,,COMPLETE
170,170,0.8385416666666667,2025-01-03 18:46:11.337929,2025-01-03 18:46:45.935056,0 days 00:00:34.597127,6,95,50.0,85.0,55.0,35.0,10.0,,,,,5,4.0,5.0,3.0,6.0,5.0,,,,,COMPLETE
171,171,0.8548009367681498,2025-01-03 18:46:45.935712,2025-01-03 18:47:08.396721,0 days 00:00:22.461009,5,45,55.0,40.0,35.0,45.0,,,,,,2,3.0,6.0,3.0,5.0,,,,,,COMPLETE
172,172,0.8529644268774703,2025-01-03 18:47:08.397400,2025-01-03 18:47:32.041509,0 days 00:00:23.644109,5,40,55.0,45.0,40.0,40.0,,,,,,2,3.0,6.0,3.0,5.0,,,,,,COMPLETE
173,173,0.8548009367681498,2025-01-03 18:47:32.042145,2025-01-03 18:47:45.037483,0 days 00:00:12.995338,5,50,65.0,35.0,35.0,40.0,,,,,,2,3.0,6.0,3.0,5.0,,,,,,COMPLETE
174,174,0.845603813559322,2025-01-03 18:47:45.038055,2025-01-03 18:48:08.577964,0 days 00:00:23.539909,5,45,50.0,40.0,25.0,100.0,,,,,,2,3.0,6.0,3.0,5.0,,,,,,COMPLETE
175,175,0.735655737704918,2025-01-03 18:48:08.578545,2025-01-03 18:48:24.419946,0 days 00:00:15.841401,4,40,5.0,40.0,35.0,,,,,,,2,3.0,6.0,3.0,,,,,,,COMPLETE
176,176,0.8868318122555411,2025-01-03 18:48:24.420478,2025-01-03 18:49:06.992615,0 days 00:00:42.572137,9,50,15.0,50.0,30.0,35.0,50.0,90.0,5.0,75.0,,2,3.0,6.0,3.0,5.0,6.0,5.0,2.0,6.0,,COMPLETE
177,177,0.8221642764015646,2025-01-03 18:49:06.993500,2025-01-03 18:49:57.872406,0 days 00:00:50.878906,9,100,10.0,50.0,30.0,30.0,50.0,90.0,5.0,75.0,,4,3.0,6.0,4.0,5.0,6.0,5.0,2.0,6.0,,COMPLETE
178,178,0.7946859903381642,2025-01-03 18:49:57.873171,2025-01-03 18:50:45.351370,0 days 00:00:47.478199,10,95,15.0,55.0,25.0,35.0,100.0,80.0,20.0,80.0,95.0,4,5.0,5.0,3.0,5.0,6.0,5.0,2.0,6.0,3.0,COMPLETE
179,179,0.8214192196910186,2025-01-03 18:50:45.352285,2025-01-03 18:51:34.033984,0 days 00:00:48.681699,9,55,20.0,50.0,30.0,35.0,50.0,90.0,30.0,60.0,,3,3.0,6.0,5.0,5.0,6.0,5.0,2.0,6.0,,COMPLETE
180,180,0.8056426332288402,2025-01-03 18:51:34.034892,2025-01-03 18:52:18.149299,0 days 00:00:44.114407,8,55,15.0,45.0,15.0,85.0,85.0,95.0,80.0,,,2,2.0,5.0,2.0,5.0,6.0,5.0,6.0,,,COMPLETE
181,181,0.8056426332288402,2025-01-03 18:52:18.150138,2025-01-03 18:52:48.680814,0 days 00:00:30.530676,10,50,60.0,100.0,30.0,45.0,40.0,100.0,65.0,85.0,75.0,2,3.0,6.0,3.0,5.0,6.0,5.0,2.0,6.0,4.0,COMPLETE
182,182,0.8544980443285528,2025-01-03 18:52:48.681581,2025-01-03 18:53:19.940118,0 days 00:00:31.258537,6,45,10.0,45.0,45.0,40.0,55.0,,,,,2,3.0,6.0,3.0,5.0,6.0,,,,,COMPLETE
183,183,0.8380355276907001,2025-01-03 18:53:19.940951,2025-01-03 18:54:01.495127,0 days 00:00:41.554176,8,45,90.0,65.0,30.0,35.0,30.0,85.0,55.0,,,2,3.0,6.0,3.0,5.0,5.0,5.0,3.0,,,COMPLETE
184,184,0.8445623342175066,2025-01-03 18:54:01.495842,2025-01-03 18:54:45.897442,0 days 00:00:44.401600,9,35,55.0,55.0,35.0,50.0,90.0,70.0,95.0,70.0,,2,5.0,6.0,3.0,5.0,2.0,6.0,2.0,5.0,,COMPLETE
185,185,0.8548009367681498,2025-01-03 18:54:45.898352,2025-01-03 18:55:23.788697,0 days 00:00:37.890345,7,45,20.0,85.0,25.0,65.0,45.0,95.0,,,,5,3.0,6.0,3.0,6.0,4.0,4.0,,,,COMPLETE
186,186,0.7902680197762164,2025-01-03 18:55:23.789438,2025-01-03 18:55:59.422793,0 days 00:00:35.633355,8,50,60.0,95.0,30.0,70.0,60.0,90.0,25.0,,,2,3.0,6.0,3.0,5.0,5.0,3.0,3.0,,,COMPLETE
187,187,0.8380355276907001,2025-01-03 18:55:59.423620,2025-01-03 18:56:34.073968,0 days 00:00:34.650348,10,85,25.0,70.0,40.0,95.0,70.0,75.0,60.0,65.0,85.0,3,6.0,5.0,3.0,5.0,6.0,3.0,5.0,5.0,5.0,COMPLETE
188,188,0.8056426332288402,2025-01-03 18:56:34.074825,2025-01-03 18:56:49.506766,0 days 00:00:15.431941,6,90,50.0,90.0,35.0,90.0,75.0,,,,,5,3.0,6.0,2.0,6.0,6.0,,,,,COMPLETE
189,189,0.8225344782721832,2025-01-03 18:56:49.507450,2025-01-03 18:57:21.516070,0 days 00:00:32.008620,8,85,55.0,60.0,40.0,40.0,5.0,45.0,50.0,,,2,3.0,4.0,3.0,5.0,3.0,5.0,2.0,,,COMPLETE
190,190,0.8214192196910186,2025-01-03 18:57:21.516855,2025-01-03 18:57:43.969253,0 days 00:00:22.452398,5,50,65.0,50.0,25.0,100.0,,,,,,2,2.0,6.0,3.0,5.0,,,,,,COMPLETE
191,191,0.7574967405475881,2025-01-03 18:57:43.969938,2025-01-03 18:58:02.165376,0 days 00:00:18.195438,8,55,45.0,25.0,70.0,40.0,35.0,30.0,15.0,,,6,5.0,2.0,2.0,4.0,5.0,6.0,3.0,,,COMPLETE
192,192,0.7938508064516129,2025-01-03 18:58:02.166085,2025-01-03 18:58:47.654884,0 days 00:00:45.488799,8,20,50.0,25.0,85.0,35.0,45.0,35.0,5.0,,,6,5.0,5.0,2.0,6.0,5.0,6.0,3.0,,,COMPLETE
193,193,0.8130296610169492,2025-01-03 18:58:47.655757,2025-01-03 18:59:24.992661,0 days 00:00:37.336904,8,75,55.0,50.0,65.0,45.0,30.0,60.0,85.0,,,6,5.0,3.0,2.0,3.0,5.0,6.0,3.0,,,COMPLETE
194,194,0.7639257294429709,2025-01-03 18:59:24.993442,2025-01-03 18:59:49.817111,0 days 00:00:24.823669,6,30,60.0,55.0,45.0,45.0,40.0,,,,,6,4.0,3.0,2.0,5.0,5.0,,,,,COMPLETE
195,195,0.7958422174840085,2025-01-03 18:59:49.817758,2025-01-03 19:00:25.987688,0 days 00:00:36.169930,7,5,70.0,30.0,5.0,60.0,20.0,30.0,,,,4,5.0,6.0,2.0,2.0,6.0,4.0,,,,COMPLETE
196,196,0.8221642764015646,2025-01-03 19:00:25.988485,2025-01-03 19:01:06.977548,0 days 00:00:40.989063,8,20,50.0,30.0,15.0,30.0,35.0,50.0,70.0,,,6,4.0,5.0,3.0,3.0,4.0,3.0,3.0,,,COMPLETE
197,197,0.8214192196910186,2025-01-03 19:01:06.978318,2025-01-03 19:01:43.967381,0 days 00:00:36.989063,9,80,45.0,20.0,30.0,40.0,45.0,20.0,60.0,95.0,,5,5.0,3.0,3.0,2.0,5.0,5.0,4.0,6.0,,COMPLETE
198,198,0.7801587301587302,2025-01-03 19:01:43.968267,2025-01-03 19:02:36.294609,0 days 00:00:52.326342,10,25,55.0,50.0,40.0,55.0,40.0,100.0,40.0,80.0,45.0,6,4.0,5.0,2.0,5.0,6.0,2.0,2.0,5.0,6.0,COMPLETE
199,199,0.7375661375661375,2025-01-03 19:02:36.295498,2025-01-03 19:03:02.029313,0 days 00:00:25.733815,6,10,10.0,75.0,20.0,80.0,50.0,,,,,4,2.0,2.0,6.0,6.0,2.0,,,,,COMPLETE
200,200,0.87042842215256,2025-01-03 19:03:02.029969,2025-01-03 19:03:35.022704,0 days 00:00:32.992735,8,100,15.0,5.0,65.0,95.0,25.0,25.0,100.0,,,2,6.0,3.0,3.0,5.0,5.0,6.0,3.0,,,COMPLETE
201,201,0.8548009367681498,2025-01-03 19:03:35.023591,2025-01-03 19:03:53.490316,0 days 00:00:18.466725,8,100,15.0,15.0,65.0,95.0,25.0,25.0,95.0,,,2,6.0,3.0,3.0,5.0,5.0,6.0,3.0,,,COMPLETE
202,202,0.8214192196910186,2025-01-03 19:03:53.491027,2025-01-03 19:04:31.824133,0 days 00:00:38.333106,8,100,15.0,10.0,70.0,95.0,30.0,25.0,100.0,,,2,6.0,3.0,3.0,5.0,5.0,6.0,3.0,,,COMPLETE
203,203,0.7946859903381642,2025-01-03 19:04:31.824967,2025-01-03 19:05:09.914129,0 days 00:00:38.089162,8,100,65.0,45.0,70.0,90.0,25.0,30.0,100.0,,,2,6.0,3.0,3.0,5.0,5.0,6.0,3.0,,,COMPLETE
204,204,0.8371848739495797,2025-01-03 19:05:09.915684,2025-01-03 19:05:51.033888,0 days 00:00:41.118204,8,100,20.0,55.0,70.0,100.0,30.0,20.0,35.0,,,2,6.0,3.0,3.0,5.0,5.0,6.0,3.0,,,COMPLETE
205,205,0.8291777188328913,2025-01-03 19:05:51.034663,2025-01-03 19:06:28.492524,0 days 00:00:37.457861,8,95,40.0,35.0,75.0,75.0,35.0,25.0,85.0,,,2,6.0,3.0,3.0,4.0,5.0,5.0,3.0,,,COMPLETE
206,206,0.8126984126984127,2025-01-03 19:06:28.493410,2025-01-03 19:07:15.350345,0 days 00:00:46.856935,8,65,10.0,60.0,75.0,15.0,20.0,15.0,90.0,,,4,6.0,6.0,4.0,5.0,6.0,5.0,2.0,,,COMPLETE
207,207,0.8870673952641166,2025-01-03 19:07:15.351118,2025-01-03 19:07:44.538505,0 days 00:00:29.187387,7,95,25.0,5.0,30.0,95.0,40.0,90.0,,,,5,2.0,5.0,3.0,6.0,5.0,6.0,,,,COMPLETE
208,208,0.8036050578423459,2025-01-03 19:07:44.539426,2025-01-03 19:08:26.730495,0 days 00:00:42.191069,7,95,25.0,5.0,30.0,95.0,45.0,90.0,,,,5,2.0,5.0,3.0,6.0,5.0,6.0,,,,COMPLETE
209,209,0.8544980443285528,2025-01-03 19:08:26.731207,2025-01-03 19:08:55.892699,0 days 00:00:29.161492,7,95,20.0,85.0,25.0,95.0,40.0,95.0,,,,5,2.0,5.0,3.0,6.0,6.0,3.0,,,,COMPLETE
210,210,0.8548009367681498,2025-01-03 19:08:55.893537,2025-01-03 19:09:31.037720,0 days 00:00:35.144183,7,90,15.0,65.0,35.0,100.0,15.0,85.0,,,,5,2.0,5.0,3.0,6.0,3.0,5.0,,,,COMPLETE
211,211,0.7958422174840085,2025-01-03 19:09:31.038497,2025-01-03 19:10:03.268418,0 days 00:00:32.229921,6,95,30.0,5.0,30.0,95.0,5.0,,,,,5,2.0,5.0,3.0,6.0,5.0,,,,,COMPLETE
212,212,0.7623604465709728,2025-01-03 19:10:03.269105,2025-01-03 19:10:43.961671,0 days 00:00:40.692566,7,100,25.0,5.0,80.0,90.0,40.0,35.0,,,,5,3.0,5.0,3.0,6.0,5.0,6.0,,,,COMPLETE
213,213,0.8221642764015646,2025-01-03 19:10:43.962554,2025-01-03 19:11:35.322638,0 days 00:00:51.360084,10,95,15.0,10.0,35.0,70.0,35.0,90.0,100.0,60.0,95.0,2,5.0,6.0,3.0,5.0,5.0,6.0,3.0,6.0,5.0,COMPLETE
214,214,0.8056426332288402,2025-01-03 19:11:35.323495,2025-01-03 19:12:04.646970,0 days 00:00:29.323475,6,80,55.0,5.0,25.0,65.0,30.0,,,,,3,2.0,5.0,3.0,6.0,5.0,,,,,COMPLETE
215,215,0.8277511961722488,2025-01-03 19:12:04.647806,2025-01-03 19:12:36.999984,0 days 00:00:32.352178,8,90,20.0,50.0,30.0,35.0,35.0,40.0,65.0,,,5,3.0,6.0,3.0,5.0,5.0,6.0,3.0,,,COMPLETE
216,216,0.8056426332288402,2025-01-03 19:12:37.000729,2025-01-03 19:13:15.098055,0 days 00:00:38.097326,7,100,50.0,100.0,65.0,85.0,50.0,95.0,,,,4,2.0,6.0,2.0,5.0,6.0,6.0,,,,COMPLETE
217,217,0.8214192196910186,2025-01-03 19:13:15.098917,2025-01-03 19:13:37.653524,0 days 00:00:22.554607,9,90,45.0,40.0,35.0,40.0,45.0,100.0,80.0,50.0,,2,5.0,5.0,3.0,5.0,2.0,5.0,2.0,3.0,,COMPLETE
218,218,0.8387096774193549,2025-01-03 19:13:37.654284,2025-01-03 19:14:04.772240,0 days 00:00:27.117956,5,95,60.0,15.0,45.0,95.0,,,,,,4,3.0,6.0,3.0,6.0,,,,,,COMPLETE
219,219,0.7257351027842831,2025-01-03 19:14:04.773437,2025-01-03 19:14:38.028557,0 days 00:00:33.255120,6,85,55.0,95.0,25.0,100.0,65.0,,,,,5,6.0,5.0,2.0,5.0,6.0,,,,,COMPLETE
220,220,0.8708333333333333,2025-01-03 19:14:38.029266,2025-01-03 19:15:12.501261,0 days 00:00:34.471995,8,80,50.0,45.0,30.0,50.0,25.0,95.0,95.0,,,2,2.0,3.0,3.0,6.0,5.0,5.0,3.0,,,COMPLETE
221,221,0.8870673952641166,2025-01-03 19:15:12.502154,2025-01-03 19:15:42.485419,0 days 00:00:29.983265,8,80,50.0,45.0,30.0,55.0,25.0,95.0,95.0,,,2,2.0,3.0,3.0,6.0,5.0,5.0,3.0,,,COMPLETE
222,222,0.7642857142857142,2025-01-03 19:15:42.486106,2025-01-03 19:16:16.237572,0 days 00:00:33.751466,8,80,50.0,45.0,30.0,50.0,25.0,95.0,95.0,,,2,2.0,3.0,3.0,6.0,5.0,5.0,3.0,,,COMPLETE
223,223,0.7732497387669801,2025-01-03 19:16:16.238392,2025-01-03 19:16:50.758420,0 days 00:00:34.520028,8,80,50.0,45.0,30.0,55.0,15.0,90.0,95.0,,,2,2.0,3.0,3.0,6.0,5.0,5.0,3.0,,,COMPLETE
224,224,0.7801587301587302,2025-01-03 19:16:50.759214,2025-01-03 19:17:27.047747,0 days 00:00:36.288533,8,85,55.0,45.0,55.0,50.0,25.0,95.0,100.0,,,2,2.0,3.0,3.0,6.0,5.0,5.0,4.0,,,COMPLETE
225,225,0.8214192196910186,2025-01-03 19:17:27.048432,2025-01-03 19:18:02.064680,0 days 00:00:35.016248,8,75,45.0,50.0,30.0,50.0,20.0,100.0,95.0,,,2,2.0,3.0,3.0,6.0,5.0,5.0,3.0,,,COMPLETE
226,226,0.7574967405475881,2025-01-03 19:18:02.065566,2025-01-03 19:18:34.918376,0 days 00:00:32.852810,8,80,50.0,45.0,30.0,60.0,20.0,95.0,95.0,,,2,2.0,3.0,3.0,6.0,5.0,5.0,3.0,,,COMPLETE
227,227,0.8387096774193549,2025-01-03 19:18:34.919780,2025-01-03 19:19:26.097621,0 days 00:00:51.177841,10,75,65.0,70.0,25.0,55.0,55.0,90.0,90.0,40.0,100.0,2,2.0,6.0,3.0,6.0,6.0,5.0,3.0,4.0,5.0,COMPLETE
228,228,0.8380355276907001,2025-01-03 19:19:26.098614,2025-01-03 19:19:54.591067,0 days 00:00:28.492453,6,80,5.0,75.0,35.0,75.0,5.0,,,,,2,2.0,5.0,3.0,6.0,5.0,,,,,COMPLETE
229,229,0.8445623342175066,2025-01-03 19:19:54.591733,2025-01-03 19:20:41.609396,0 days 00:00:47.017663,9,40,20.0,40.0,40.0,55.0,25.0,85.0,100.0,75.0,,2,2.0,6.0,3.0,6.0,6.0,5.0,2.0,6.0,,COMPLETE
230,230,0.8708333333333333,2025-01-03 19:20:41.610295,2025-01-03 19:21:18.177733,0 days 00:00:36.567438,7,85,35.0,90.0,25.0,90.0,40.0,100.0,,,,2,2.0,5.0,3.0,6.0,5.0,5.0,,,,COMPLETE
231,231,0.8056426332288402,2025-01-03 19:21:18.178478,2025-01-03 19:21:54.254426,0 days 00:00:36.075948,7,85,30.0,90.0,25.0,85.0,40.0,100.0,,,,2,2.0,5.0,3.0,6.0,5.0,5.0,,,,COMPLETE
232,232,0.8130618720253834,2025-01-03 19:21:54.255110,2025-01-03 19:22:28.306987,0 days 00:00:34.051877,7,85,35.0,90.0,25.0,60.0,40.0,100.0,,,,2,2.0,5.0,3.0,6.0,5.0,5.0,,,,COMPLETE
233,233,0.8380355276907001,2025-01-03 19:22:28.307848,2025-01-03 19:23:00.219897,0 days 00:00:31.912049,7,90,40.0,85.0,30.0,90.0,45.0,95.0,,,,4,2.0,5.0,3.0,6.0,5.0,5.0,,,,COMPLETE
234,234,0.8225344782721832,2025-01-03 19:23:00.220639,2025-01-03 19:23:40.004528,0 days 00:00:39.783889,8,80,45.0,95.0,20.0,90.0,40.0,95.0,90.0,,,2,2.0,5.0,3.0,6.0,4.0,5.0,4.0,,,COMPLETE
235,235,0.7732497387669801,2025-01-03 19:23:40.005363,2025-01-03 19:23:56.230634,0 days 00:00:16.225271,7,85,60.0,55.0,30.0,90.0,45.0,100.0,,,,4,4.0,5.0,3.0,6.0,5.0,5.0,,,,COMPLETE
236,236,0.87042842215256,2025-01-03 19:23:56.231434,2025-01-03 19:24:26.374887,0 days 00:00:30.143453,6,95,30.0,80.0,25.0,95.0,50.0,,,,,2,2.0,6.0,3.0,5.0,5.0,,,,,COMPLETE
237,237,0.87042842215256,2025-01-03 19:24:26.375546,2025-01-03 19:24:42.583214,0 days 00:00:16.207668,6,95,30.0,80.0,25.0,95.0,50.0,,,,,2,2.0,6.0,3.0,5.0,5.0,,,,,COMPLETE
238,238,0.7898305084745763,2025-01-03 19:24:42.583856,2025-01-03 19:24:58.729426,0 days 00:00:16.145570,6,95,35.0,75.0,20.0,100.0,55.0,,,,,4,2.0,5.0,3.0,6.0,5.0,,,,,COMPLETE
239,239,0.8708333333333333,2025-01-03 19:24:58.730218,2025-01-03 19:25:23.200624,0 days 00:00:24.470406,6,90,25.0,80.0,25.0,95.0,50.0,,,,,2,2.0,3.0,3.0,5.0,5.0,,,,,COMPLETE
240,240,0.8293650793650793,2025-01-03 19:25:23.201312,2025-01-03 19:25:58.145178,0 days 00:00:34.943866,7,90,25.0,85.0,20.0,95.0,45.0,85.0,,,,2,2.0,3.0,4.0,6.0,5.0,5.0,,,,COMPLETE
241,241,0.861228813559322,2025-01-03 19:25:58.145872,2025-01-03 19:26:24.075683,0 days 00:00:25.929811,6,90,30.0,80.0,25.0,95.0,50.0,,,,,2,2.0,3.0,3.0,5.0,5.0,,,,,COMPLETE
242,242,0.7902680197762164,2025-01-03 19:26:24.076458,2025-01-03 19:26:48.074483,0 days 00:00:23.998025,6,95,25.0,80.0,25.0,95.0,50.0,,,,,2,2.0,3.0,3.0,5.0,5.0,,,,,COMPLETE
243,243,0.8371848739495797,2025-01-03 19:26:48.075190,2025-01-03 19:27:13.695052,0 days 00:00:25.619862,6,100,25.0,75.0,25.0,90.0,50.0,,,,,2,2.0,3.0,3.0,5.0,5.0,,,,,COMPLETE
244,244,0.8548009367681498,2025-01-03 19:27:13.695707,2025-01-03 19:27:39.600444,0 days 00:00:25.904737,6,90,30.0,85.0,30.0,100.0,60.0,,,,,2,2.0,3.0,3.0,5.0,5.0,,,,,COMPLETE
245,245,0.8214192196910186,2025-01-03 19:27:39.601080,2025-01-03 19:28:08.138363,0 days 00:00:28.537283,6,95,35.0,80.0,25.0,95.0,40.0,,,,,2,2.0,5.0,3.0,5.0,5.0,,,,,COMPLETE
246,246,0.8380355276907001,2025-01-03 19:28:08.139128,2025-01-03 19:28:30.749070,0 days 00:00:22.609942,6,85,25.0,85.0,50.0,55.0,55.0,,,,,2,2.0,6.0,3.0,5.0,2.0,,,,,COMPLETE
247,247,0.7739583333333333,2025-01-03 19:28:30.749792,2025-01-03 19:29:02.016737,0 days 00:00:31.266945,8,100,35.0,90.0,15.0,95.0,50.0,90.0,55.0,,,2,2.0,3.0,5.0,5.0,5.0,3.0,3.0,,,COMPLETE
248,248,0.8544980443285528,2025-01-03 19:29:02.017427,2025-01-03 19:29:59.224021,0 days 00:00:57.206594,10,95,15.0,80.0,30.0,90.0,75.0,95.0,90.0,70.0,85.0,5,4.0,6.0,3.0,5.0,6.0,5.0,2.0,5.0,6.0,COMPLETE
249,249,0.861904761904762,2025-01-03 19:29:59.225063,2025-01-03 19:30:26.968227,0 days 00:00:27.743164,6,80,20.0,50.0,25.0,80.0,5.0,,,,,2,2.0,5.0,3.0,6.0,3.0,,,,,COMPLETE
250,250,0.8385416666666667,2025-01-03 19:30:26.968902,2025-01-03 19:31:02.499891,0 days 00:00:35.530989,8,90,30.0,90.0,10.0,65.0,10.0,100.0,100.0,,,2,2.0,6.0,3.0,5.0,5.0,4.0,3.0,,,COMPLETE
251,251,0.7889499869075673,2025-01-03 19:31:02.500723,2025-01-03 19:31:42.645612,0 days 00:00:40.144889,7,85,65.0,70.0,60.0,70.0,45.0,90.0,,,,5,2.0,5.0,3.0,5.0,6.0,5.0,,,,COMPLETE
252,252,0.8455843469063987,2025-01-03 19:31:42.646398,2025-01-03 19:32:12.483483,0 days 00:00:29.837085,10,100,20.0,50.0,30.0,100.0,25.0,100.0,85.0,55.0,60.0,4,6.0,6.0,3.0,6.0,5.0,5.0,5.0,4.0,3.0,COMPLETE
253,253,0.7958422174840085,2025-01-03 19:32:12.484960,2025-01-03 19:32:40.356069,0 days 00:00:27.871109,6,85,70.0,75.0,20.0,95.0,40.0,,,,,2,2.0,5.0,3.0,5.0,6.0,,,,,COMPLETE
254,254,0.8868318122555411,2025-01-03 19:32:40.356940,2025-01-03 19:33:14.926946,0 days 00:00:34.570006,8,95,40.0,55.0,30.0,30.0,35.0,65.0,75.0,,,2,4.0,6.0,3.0,6.0,5.0,3.0,2.0,,,COMPLETE
255,255,0.7741935483870968,2025-01-03 19:33:14.927695,2025-01-03 19:33:50.372402,0 days 00:00:35.444707,8,90,40.0,55.0,30.0,25.0,35.0,65.0,75.0,,,4,4.0,3.0,4.0,6.0,6.0,3.0,2.0,,,COMPLETE
256,256,0.7898305084745763,2025-01-03 19:33:50.373306,2025-01-03 19:34:26.801308,0 days 00:00:36.428002,8,75,45.0,60.0,30.0,30.0,35.0,65.0,80.0,,,5,4.0,5.0,3.0,6.0,5.0,3.0,2.0,,,COMPLETE
257,257,0.7898305084745763,2025-01-03 19:34:26.802097,2025-01-03 19:35:06.989745,0 days 00:00:40.187648,8,80,45.0,55.0,5.0,50.0,40.0,60.0,65.0,,,2,6.0,6.0,3.0,6.0,5.0,3.0,2.0,,,COMPLETE
258,258,0.8214192196910186,2025-01-03 19:35:06.990479,2025-01-03 19:35:41.431892,0 days 00:00:34.441413,8,100,40.0,95.0,35.0,25.0,30.0,55.0,70.0,,,3,3.0,5.0,3.0,6.0,6.0,3.0,2.0,,,COMPLETE
259,259,0.8221642764015646,2025-01-03 19:35:41.432820,2025-01-03 19:36:21.002228,0 days 00:00:39.569408,8,85,50.0,55.0,40.0,85.0,90.0,70.0,75.0,,,4,4.0,6.0,3.0,6.0,5.0,3.0,2.0,,,COMPLETE
260,260,0.7889499869075673,2025-01-03 19:36:21.002987,2025-01-03 19:36:54.436001,0 days 00:00:33.433014,9,95,50.0,45.0,30.0,30.0,30.0,95.0,100.0,85.0,,2,3.0,4.0,3.0,6.0,6.0,2.0,2.0,2.0,,COMPLETE
261,261,0.775,2025-01-03 19:36:54.436855,2025-01-03 19:37:44.511980,0 days 00:00:50.075125,8,90,40.0,5.0,10.0,90.0,35.0,80.0,80.0,,,4,6.0,5.0,4.0,6.0,2.0,5.0,6.0,,,COMPLETE
262,262,0.8291777188328913,2025-01-03 19:37:44.512816,2025-01-03 19:38:23.380311,0 days 00:00:38.867495,8,80,15.0,50.0,35.0,70.0,5.0,95.0,60.0,,,2,4.0,6.0,3.0,6.0,5.0,5.0,3.0,,,COMPLETE
263,263,0.8708333333333333,2025-01-03 19:38:23.381235,2025-01-03 19:38:58.219373,0 days 00:00:34.838138,7,95,45.0,60.0,30.0,50.0,35.0,70.0,,,,5,3.0,3.0,3.0,6.0,6.0,3.0,,,,COMPLETE
264,264,0.8371848739495797,2025-01-03 19:38:58.220116,2025-01-03 19:39:35.898250,0 days 00:00:37.678134,7,95,45.0,60.0,30.0,50.0,35.0,70.0,,,,5,3.0,5.0,3.0,6.0,6.0,3.0,,,,COMPLETE
265,265,0.7574967405475881,2025-01-03 19:39:35.899106,2025-01-03 19:40:11.736823,0 days 00:00:35.837717,7,90,40.0,60.0,30.0,55.0,35.0,75.0,,,,5,3.0,6.0,2.0,6.0,6.0,3.0,,,,COMPLETE
266,266,0.7741935483870968,2025-01-03 19:40:11.737608,2025-01-03 19:40:50.132125,0 days 00:00:38.394517,7,95,45.0,65.0,30.0,50.0,40.0,70.0,,,,5,3.0,5.0,3.0,6.0,6.0,3.0,,,,COMPLETE
267,267,0.8046218487394958,2025-01-03 19:40:50.132864,2025-01-03 19:41:27.820411,0 days 00:00:37.687547,7,85,50.0,60.0,35.0,45.0,35.0,65.0,,,,4,3.0,6.0,3.0,6.0,6.0,3.0,,,,COMPLETE
268,268,0.7960805084745763,2025-01-03 19:41:27.821311,2025-01-03 19:42:01.545539,0 days 00:00:33.724228,7,90,45.0,100.0,25.0,60.0,40.0,90.0,,,,5,3.0,3.0,3.0,6.0,4.0,4.0,,,,COMPLETE
269,269,0.8708333333333333,2025-01-03 19:42:01.546269,2025-01-03 19:42:43.411153,0 days 00:00:41.864884,10,95,55.0,55.0,30.0,20.0,45.0,70.0,85.0,100.0,75.0,4,3.0,4.0,2.0,6.0,6.0,2.0,2.0,6.0,4.0,COMPLETE
270,270,0.8225344782721832,2025-01-03 19:42:43.412100,2025-01-03 19:43:14.852929,0 days 00:00:31.440829,7,95,55.0,55.0,30.0,75.0,45.0,70.0,,,,4,3.0,4.0,3.0,6.0,6.0,2.0,,,,COMPLETE
271,271,0.8225344782721832,2025-01-03 19:43:14.853691,2025-01-03 19:44:04.800382,0 days 00:00:49.946691,10,95,55.0,55.0,30.0,25.0,35.0,70.0,70.0,100.0,50.0,5,3.0,3.0,3.0,6.0,6.0,2.0,2.0,6.0,4.0,COMPLETE
272,272,0.8225344782721832,2025-01-03 19:44:04.801349,2025-01-03 19:44:47.283919,0 days 00:00:42.482570,9,95,50.0,60.0,35.0,55.0,65.0,65.0,75.0,90.0,,4,3.0,4.0,2.0,6.0,6.0,2.0,2.0,6.0,,COMPLETE
273,273,0.8870673952641166,2025-01-03 19:44:47.284774,2025-01-03 19:45:20.200050,0 days 00:00:32.915276,7,90,55.0,55.0,40.0,45.0,40.0,75.0,,,,5,3.0,4.0,3.0,6.0,6.0,2.0,,,,COMPLETE
274,274,0.8056426332288402,2025-01-03 19:45:20.200884,2025-01-03 19:46:00.011237,0 days 00:00:39.810353,7,90,40.0,55.0,45.0,45.0,10.0,75.0,,,,5,3.0,4.0,3.0,6.0,6.0,2.0,,,,COMPLETE
275,275,0.8064516129032258,2025-01-03 19:46:00.012012,2025-01-03 19:46:34.951283,0 days 00:00:34.939271,7,95,55.0,55.0,40.0,20.0,40.0,75.0,,,,5,3.0,4.0,3.0,6.0,6.0,2.0,,,,COMPLETE
276,276,0.861904761904762,2025-01-03 19:46:34.952001,2025-01-03 19:47:07.429572,0 days 00:00:32.477571,7,90,45.0,65.0,40.0,15.0,45.0,70.0,,,,5,3.0,4.0,3.0,6.0,6.0,2.0,,,,COMPLETE
277,277,0.8214192196910186,2025-01-03 19:47:07.430462,2025-01-03 19:47:17.488311,0 days 00:00:10.057849,2,95,45.0,,,,,,,,,5,3.0,,,,,,,,,COMPLETE
278,278,0.8225344782721832,2025-01-03 19:47:17.488856,2025-01-03 19:47:52.848125,0 days 00:00:35.359269,7,85,55.0,55.0,35.0,5.0,30.0,65.0,,,,5,3.0,4.0,3.0,6.0,6.0,2.0,,,,COMPLETE
279,279,0.8046218487394958,2025-01-03 19:47:52.849447,2025-01-03 19:48:27.585892,0 days 00:00:34.736445,7,90,50.0,60.0,40.0,45.0,85.0,100.0,,,,5,3.0,4.0,3.0,6.0,6.0,2.0,,,,COMPLETE
280,280,0.81889338731444,2025-01-03 19:48:27.586785,2025-01-03 19:48:59.167848,0 days 00:00:31.581063,7,100,65.0,55.0,45.0,50.0,35.0,60.0,,,,4,3.0,2.0,3.0,6.0,6.0,2.0,,,,COMPLETE
281,281,0.8225344782721832,2025-01-03 19:48:59.168604,2025-01-03 19:49:36.859153,0 days 00:00:37.690549,8,65,35.0,45.0,30.0,20.0,40.0,75.0,70.0,,,4,3.0,6.0,3.0,6.0,2.0,5.0,2.0,,,COMPLETE
282,282,0.8387096774193549,2025-01-03 19:49:36.859888,2025-01-03 19:50:13.265648,0 days 00:00:36.405760,6,50,50.0,50.0,35.0,45.0,55.0,,,,,5,2.0,4.0,3.0,6.0,6.0,,,,,COMPLETE
283,283,0.80625,2025-01-03 19:50:13.266534,2025-01-03 19:50:50.306138,0 days 00:00:37.039604,7,35,55.0,70.0,40.0,35.0,5.0,70.0,,,,4,3.0,6.0,3.0,6.0,3.0,5.0,,,,COMPLETE
284,284,0.8371848739495797,2025-01-03 19:50:50.306907,2025-01-03 19:51:28.917828,0 days 00:00:38.610921,8,95,60.0,60.0,20.0,50.0,45.0,90.0,85.0,,,5,2.0,6.0,4.0,6.0,4.0,5.0,2.0,,,COMPLETE
285,285,0.8291777188328913,2025-01-03 19:51:28.918785,2025-01-03 19:52:01.016132,0 days 00:00:32.097347,6,60,40.0,50.0,25.0,50.0,40.0,,,,,4,4.0,3.0,3.0,6.0,6.0,,,,,COMPLETE
286,286,0.7898305084745763,2025-01-03 19:52:01.016855,2025-01-03 19:52:41.096138,0 days 00:00:40.079283,8,90,70.0,55.0,30.0,35.0,15.0,80.0,50.0,,,5,3.0,6.0,3.0,6.0,6.0,2.0,2.0,,,COMPLETE
287,287,0.780539397144368,2025-01-03 19:52:41.097009,2025-01-03 19:53:29.240891,0 days 00:00:48.143882,9,85,50.0,65.0,45.0,45.0,50.0,95.0,80.0,25.0,,4,2.0,6.0,3.0,6.0,6.0,5.0,2.0,5.0,,COMPLETE
288,288,0.8225344782721832,2025-01-03 19:53:29.241740,2025-01-03 19:54:11.272905,0 days 00:00:42.031165,7,40,45.0,50.0,30.0,100.0,70.0,100.0,,,,5,2.0,6.0,3.0,6.0,6.0,4.0,,,,COMPLETE
289,289,0.7898305084745763,2025-01-03 19:54:11.273834,2025-01-03 19:54:34.842521,0 days 00:00:23.568687,6,95,35.0,45.0,35.0,60.0,60.0,,,,,4,3.0,3.0,3.0,6.0,2.0,,,,,COMPLETE
290,290,0.8202898550724638,2025-01-03 19:54:34.843250,2025-01-03 19:55:10.356554,0 days 00:00:35.513304,7,100,10.0,85.0,40.0,20.0,80.0,70.0,,,,4,2.0,6.0,3.0,6.0,3.0,5.0,,,,COMPLETE
291,291,0.8198924731182795,2025-01-03 19:55:10.357299,2025-01-03 19:55:51.560547,0 days 00:00:41.203248,8,95,60.0,55.0,25.0,40.0,35.0,90.0,65.0,,,5,3.0,4.0,3.0,6.0,6.0,5.0,2.0,,,COMPLETE
292,292,0.780539397144368,2025-01-03 19:55:51.561530,2025-01-03 19:56:27.129873,0 days 00:00:35.568343,6,70,50.0,50.0,35.0,55.0,40.0,,,,,5,4.0,6.0,3.0,6.0,5.0,,,,,COMPLETE
293,293,0.80625,2025-01-03 19:56:27.130595,2025-01-03 19:57:16.971216,0 days 00:00:49.840621,8,100,25.0,60.0,30.0,40.0,45.0,65.0,55.0,,,4,4.0,3.0,4.0,6.0,6.0,5.0,6.0,,,COMPLETE
294,294,0.87042842215256,2025-01-03 19:57:16.972189,2025-01-03 19:57:51.535750,0 days 00:00:34.563561,8,85,45.0,40.0,50.0,50.0,10.0,55.0,45.0,,,4,3.0,6.0,3.0,4.0,5.0,2.0,2.0,,,COMPLETE
295,295,0.8056426332288402,2025-01-03 19:57:51.536496,2025-01-03 19:58:24.661327,0 days 00:00:33.124831,6,90,40.0,70.0,20.0,100.0,20.0,,,,,4,2.0,4.0,3.0,6.0,6.0,,,,,COMPLETE
296,296,0.7902680197762164,2025-01-03 19:58:24.662141,2025-01-03 19:58:55.937221,0 days 00:00:31.275080,5,90,20.0,45.0,15.0,55.0,,,,,,5,2.0,6.0,3.0,6.0,,,,,,COMPLETE
297,297,0.8371848739495797,2025-01-03 19:58:55.937946,2025-01-03 19:59:54.795754,0 days 00:00:58.857808,9,80,55.0,90.0,40.0,30.0,30.0,95.0,80.0,35.0,,6,3.0,6.0,3.0,6.0,5.0,5.0,2.0,6.0,,COMPLETE
298,298,0.7739583333333333,2025-01-03 19:59:54.796710,2025-01-03 20:00:33.239433,0 days 00:00:38.442723,8,95,65.0,55.0,25.0,45.0,55.0,100.0,60.0,,,5,4.0,2.0,5.0,6.0,2.0,5.0,5.0,,,COMPLETE
299,299,0.8221642764015646,2025-01-03 20:00:33.240258,2025-01-03 20:00:57.878931,0 days 00:00:24.638673,6,100,55.0,65.0,25.0,10.0,50.0,,,,,2,2.0,3.0,3.0,6.0,4.0,,,,,COMPLETE
300,300,0.80625,2025-01-03 20:00:57.879620,2025-01-03 20:01:29.254075,0 days 00:00:31.374455,7,80,50.0,95.0,35.0,80.0,5.0,75.0,,,,5,2.0,3.0,3.0,6.0,5.0,5.0,,,,COMPLETE
301,301,0.8380355276907001,2025-01-03 20:01:29.254920,2025-01-03 20:02:14.799267,0 days 00:00:45.544347,9,55,60.0,50.0,30.0,15.0,40.0,65.0,75.0,95.0,,4,3.0,6.0,4.0,5.0,6.0,4.0,2.0,6.0,,COMPLETE
302,302,0.8293650793650793,2025-01-03 20:02:14.800118,2025-01-03 20:02:48.610656,0 days 00:00:33.810538,8,85,45.0,60.0,10.0,65.0,40.0,95.0,10.0,,,2,2.0,5.0,3.0,6.0,5.0,2.0,4.0,,,COMPLETE
303,303,0.80625,2025-01-03 20:02:48.611513,2025-01-03 20:03:30.105049,0 days 00:00:41.493536,7,95,55.0,85.0,25.0,35.0,35.0,85.0,,,,5,3.0,5.0,3.0,5.0,6.0,5.0,,,,COMPLETE
304,304,0.8221642764015646,2025-01-03 20:03:30.105830,2025-01-03 20:03:58.542856,0 days 00:00:28.437026,6,90,20.0,85.0,30.0,75.0,30.0,,,,,4,2.0,6.0,3.0,5.0,5.0,,,,,COMPLETE
305,305,0.8544980443285528,2025-01-03 20:03:58.543531,2025-01-03 20:04:38.407329,0 days 00:00:39.863798,7,95,50.0,75.0,35.0,100.0,45.0,60.0,,,,2,3.0,6.0,4.0,6.0,6.0,5.0,,,,COMPLETE
306,306,0.8371848739495797,2025-01-03 20:04:38.408260,2025-01-03 20:05:14.905079,0 days 00:00:36.496819,8,40,10.0,55.0,40.0,40.0,50.0,100.0,90.0,,,4,3.0,4.0,3.0,5.0,5.0,5.0,2.0,,,COMPLETE
307,307,0.8380355276907001,2025-01-03 20:05:14.905804,2025-01-03 20:05:38.052454,0 days 00:00:23.146650,5,85,65.0,90.0,30.0,55.0,,,,,,2,4.0,5.0,3.0,6.0,,,,,,COMPLETE
308,308,0.7732497387669801,2025-01-03 20:05:38.053234,2025-01-03 20:06:11.606762,0 days 00:00:33.553528,8,50,40.0,20.0,45.0,35.0,40.0,90.0,60.0,,,4,2.0,6.0,3.0,6.0,6.0,2.0,2.0,,,COMPLETE
309,309,0.7408568443051202,2025-01-03 20:06:11.607581,2025-01-03 20:06:45.509100,0 days 00:00:33.901519,7,95,35.0,45.0,25.0,50.0,35.0,95.0,,,,5,2.0,3.0,3.0,5.0,5.0,5.0,,,,COMPLETE
310,310,0.8107675906183369,2025-01-03 20:06:45.509831,2025-01-03 20:07:15.029438,0 days 00:00:29.519607,6,100,50.0,15.0,30.0,100.0,5.0,,,,,2,3.0,5.0,3.0,6.0,6.0,,,,,COMPLETE
311,311,0.8214192196910186,2025-01-03 20:07:15.030317,2025-01-03 20:08:01.468029,0 days 00:00:46.437712,8,75,45.0,100.0,15.0,40.0,60.0,85.0,65.0,,,5,4.0,6.0,6.0,5.0,2.0,5.0,5.0,,,COMPLETE
312,312,0.8064516129032258,2025-01-03 20:08:01.468869,2025-01-03 20:08:20.024959,0 days 00:00:18.556090,7,70,55.0,50.0,20.0,45.0,50.0,95.0,,,,6,2.0,4.0,3.0,6.0,5.0,4.0,,,,COMPLETE
313,313,0.80625,2025-01-03 20:08:20.025729,2025-01-03 20:09:02.756082,0 days 00:00:42.730353,9,90,70.0,55.0,30.0,55.0,45.0,70.0,90.0,100.0,,4,3.0,5.0,3.0,5.0,6.0,5.0,2.0,5.0,,COMPLETE
314,314,0.8046218487394958,2025-01-03 20:09:02.757097,2025-01-03 20:09:31.241520,0 days 00:00:28.484423,7,80,25.0,65.0,40.0,50.0,40.0,100.0,,,,2,3.0,6.0,3.0,6.0,5.0,2.0,,,,COMPLETE
315,315,0.7739583333333333,2025-01-03 20:09:31.242241,2025-01-03 20:09:50.178221,0 days 00:00:18.935980,8,45,60.0,50.0,35.0,60.0,75.0,90.0,70.0,,,4,2.0,3.0,3.0,4.0,6.0,5.0,4.0,,,COMPLETE
316,316,0.7889499869075673,2025-01-03 20:09:50.178927,2025-01-03 20:10:23.035565,0 days 00:00:32.856638,6,95,50.0,60.0,25.0,85.0,10.0,,,,,5,2.0,6.0,3.0,5.0,4.0,,,,,COMPLETE
317,317,0.8221642764015646,2025-01-03 20:10:23.036620,2025-01-03 20:11:04.454075,0 days 00:00:41.417455,8,90,45.0,90.0,30.0,95.0,55.0,95.0,85.0,,,2,3.0,6.0,5.0,6.0,5.0,5.0,2.0,,,COMPLETE
318,318,0.724011521340665,2025-01-03 20:11:04.454853,2025-01-03 20:11:28.853408,0 days 00:00:24.398555,5,35,65.0,80.0,25.0,100.0,,,,,,4,4.0,5.0,2.0,5.0,,,,,,COMPLETE
319,319,0.8870673952641166,2025-01-03 20:11:28.854218,2025-01-03 20:11:59.966049,0 days 00:00:31.111831,7,85,60.0,75.0,45.0,50.0,35.0,100.0,,,,2,3.0,3.0,3.0,6.0,3.0,4.0,,,,COMPLETE
320,320,0.7902680197762164,2025-01-03 20:11:59.966817,2025-01-03 20:12:30.657115,0 days 00:00:30.690298,6,85,60.0,45.0,45.0,50.0,65.0,,,,,2,3.0,3.0,3.0,6.0,6.0,,,,,COMPLETE
321,321,0.7902680197762164,2025-01-03 20:12:30.657800,2025-01-03 20:12:59.007428,0 days 00:00:28.349628,7,85,60.0,55.0,45.0,50.0,35.0,100.0,,,,2,3.0,3.0,4.0,5.0,3.0,4.0,,,,COMPLETE
322,322,0.8214192196910186,2025-01-03 20:12:59.008282,2025-01-03 20:13:39.436500,0 days 00:00:40.428218,10,85,55.0,70.0,50.0,45.0,35.0,100.0,75.0,50.0,60.0,2,3.0,3.0,3.0,6.0,5.0,4.0,2.0,5.0,3.0,COMPLETE
323,323,0.8064516129032258,2025-01-03 20:13:39.437357,2025-01-03 20:14:25.808583,0 days 00:00:46.371226,9,85,15.0,60.0,45.0,55.0,30.0,80.0,95.0,15.0,,2,3.0,3.0,3.0,6.0,6.0,4.0,2.0,6.0,,COMPLETE
324,324,0.8385416666666667,2025-01-03 20:14:25.809662,2025-01-03 20:14:49.512994,0 days 00:00:23.703332,6,80,60.0,40.0,40.0,50.0,65.0,,,,,2,3.0,3.0,3.0,5.0,5.0,,,,,COMPLETE
325,325,0.8380355276907001,2025-01-03 20:14:49.513712,2025-01-03 20:15:33.458523,0 days 00:00:43.944811,8,80,95.0,75.0,55.0,55.0,35.0,60.0,80.0,,,2,3.0,3.0,3.0,6.0,6.0,4.0,6.0,,,COMPLETE
326,326,0.7720588235294117,2025-01-03 20:15:33.459283,2025-01-03 20:15:48.889488,0 days 00:00:15.430205,7,85,55.0,95.0,40.0,30.0,45.0,75.0,,,,2,2.0,3.0,2.0,6.0,5.0,4.0,,,,COMPLETE
327,327,0.7902680197762164,2025-01-03 20:15:48.890193,2025-01-03 20:16:16.611632,0 days 00:00:27.721439,6,90,65.0,50.0,35.0,45.0,35.0,,,,,5,3.0,5.0,3.0,5.0,2.0,,,,,COMPLETE
328,328,0.7898305084745763,2025-01-03 20:16:16.612502,2025-01-03 20:16:48.521551,0 days 00:00:31.909049,8,75,60.0,45.0,50.0,50.0,30.0,70.0,70.0,,,2,2.0,3.0,3.0,6.0,6.0,4.0,2.0,,,COMPLETE
329,329,0.8380355276907001,2025-01-03 20:16:48.522292,2025-01-03 20:17:24.459330,0 days 00:00:35.937038,7,45,55.0,55.0,40.0,60.0,40.0,65.0,,,,5,3.0,5.0,3.0,5.0,5.0,2.0,,,,COMPLETE
330,330,0.8385416666666667,2025-01-03 20:17:24.460185,2025-01-03 20:18:13.239525,0 days 00:00:48.779340,9,100,20.0,70.0,45.0,95.0,45.0,100.0,50.0,40.0,,2,3.0,5.0,3.0,6.0,4.0,4.0,4.0,6.0,,COMPLETE
331,331,0.8385416666666667,2025-01-03 20:18:13.240396,2025-01-03 20:18:41.107391,0 days 00:00:27.866995,8,90,25.0,50.0,35.0,90.0,65.0,95.0,85.0,,,2,2.0,3.0,3.0,6.0,6.0,2.0,2.0,,,COMPLETE
332,332,0.8194780737153619,2025-01-03 20:18:41.108265,2025-01-03 20:19:12.055791,0 days 00:00:30.947526,6,80,10.0,85.0,50.0,10.0,40.0,,,,,5,2.0,4.0,3.0,5.0,5.0,,,,,COMPLETE
333,333,0.7549407114624507,2025-01-03 20:19:12.056513,2025-01-03 20:19:52.572710,0 days 00:00:40.516197,7,55,5.0,60.0,35.0,45.0,35.0,75.0,,,,6,3.0,5.0,2.0,6.0,6.0,4.0,,,,COMPLETE
334,334,0.8544980443285528,2025-01-03 20:19:52.573914,2025-01-03 20:20:20.425720,0 days 00:00:27.851806,8,95,65.0,80.0,5.0,100.0,10.0,90.0,40.0,,,2,2.0,5.0,3.0,5.0,5.0,5.0,2.0,,,COMPLETE
335,335,0.87042842215256,2025-01-03 20:20:20.426598,2025-01-03 20:21:13.965072,0 days 00:00:53.538474,10,90,55.0,90.0,30.0,40.0,5.0,100.0,75.0,80.0,20.0,5,3.0,5.0,3.0,6.0,6.0,5.0,2.0,6.0,2.0,COMPLETE
336,336,0.8498769483182937,2025-01-03 20:21:13.965991,2025-01-03 20:21:46.372632,0 days 00:00:32.406641,8,85,50.0,55.0,40.0,90.0,25.0,65.0,60.0,,,2,2.0,3.0,4.0,5.0,5.0,2.0,4.0,,,COMPLETE
337,337,0.8320512820512821,2025-01-03 20:21:46.373506,2025-01-03 20:22:04.573354,0 days 00:00:18.199848,4,50,60.0,45.0,10.0,,,,,,,5,3.0,4.0,3.0,,,,,,,COMPLETE
338,338,0.8221642764015646,2025-01-03 20:22:04.574034,2025-01-03 20:22:31.012272,0 days 00:00:26.438238,5,25,20.0,65.0,30.0,35.0,,,,,,3,2.0,6.0,3.0,6.0,,,,,,COMPLETE
339,339,0.8548009367681498,2025-01-03 20:22:31.012959,2025-01-03 20:23:02.814808,0 days 00:00:31.801849,6,100,55.0,90.0,45.0,50.0,20.0,,,,,2,3.0,5.0,2.0,6.0,6.0,,,,,COMPLETE
340,340,0.7950558213716108,2025-01-03 20:23:02.815470,2025-01-03 20:23:39.953303,0 days 00:00:37.137833,8,85,35.0,95.0,20.0,55.0,50.0,95.0,25.0,,,5,3.0,6.0,3.0,5.0,4.0,3.0,2.0,,,COMPLETE
341,341,0.8868318122555411,2025-01-03 20:23:39.954265,2025-01-03 20:24:09.478607,0 days 00:00:29.524342,7,60,15.0,50.0,30.0,35.0,40.0,95.0,,,,2,2.0,4.0,3.0,6.0,2.0,5.0,,,,COMPLETE
342,342,0.8387096774193549,2025-01-03 20:24:09.479351,2025-01-03 20:24:44.442793,0 days 00:00:34.963442,7,60,15.0,50.0,30.0,35.0,40.0,95.0,,,,2,2.0,4.0,3.0,6.0,6.0,5.0,,,,COMPLETE
343,343,0.8544980443285528,2025-01-03 20:24:44.443721,2025-01-03 20:25:13.928570,0 days 00:00:29.484849,7,60,10.0,100.0,30.0,35.0,45.0,100.0,,,,2,2.0,4.0,3.0,6.0,2.0,5.0,,,,COMPLETE
344,344,0.8708333333333333,2025-01-03 20:25:13.929316,2025-01-03 20:25:43.120175,0 days 00:00:29.190859,7,40,15.0,50.0,35.0,30.0,60.0,90.0,,,,2,2.0,4.0,3.0,6.0,2.0,5.0,,,,COMPLETE
345,345,0.8125996810207337,2025-01-03 20:25:43.120867,2025-01-03 20:26:12.011678,0 days 00:00:28.890811,7,40,15.0,50.0,35.0,25.0,60.0,90.0,,,,2,2.0,4.0,3.0,6.0,2.0,5.0,,,,COMPLETE
346,346,0.80625,2025-01-03 20:26:12.012524,2025-01-03 20:26:44.575858,0 days 00:00:32.563334,7,40,15.0,55.0,35.0,30.0,65.0,50.0,,,,2,2.0,4.0,4.0,6.0,2.0,5.0,,,,COMPLETE
347,347,0.87042842215256,2025-01-03 20:26:44.576623,2025-01-03 20:27:13.928775,0 days 00:00:29.352152,7,35,10.0,45.0,40.0,30.0,55.0,85.0,,,,2,2.0,4.0,3.0,6.0,2.0,5.0,,,,COMPLETE
348,348,0.8056426332288402,2025-01-03 20:27:13.929473,2025-01-03 20:27:43.054537,0 days 00:00:29.125064,7,40,15.0,40.0,35.0,35.0,60.0,90.0,,,,2,2.0,4.0,3.0,6.0,2.0,5.0,,,,COMPLETE
349,349,0.8452380952380952,2025-01-03 20:27:43.055411,2025-01-03 20:28:14.277582,0 days 00:00:31.222171,7,45,30.0,50.0,30.0,35.0,40.0,10.0,,,,2,2.0,4.0,3.0,6.0,2.0,5.0,,,,COMPLETE
350,350,0.8548009367681498,2025-01-03 20:28:14.278325,2025-01-03 20:28:43.461123,0 days 00:00:29.182798,7,35,15.0,55.0,35.0,30.0,60.0,95.0,,,,2,2.0,4.0,3.0,6.0,2.0,5.0,,,,COMPLETE
351,351,0.8544980443285528,2025-01-03 20:28:43.461832,2025-01-03 20:29:11.193983,0 days 00:00:27.732151,7,40,50.0,60.0,40.0,30.0,70.0,45.0,,,,2,2.0,4.0,2.0,6.0,2.0,5.0,,,,COMPLETE
352,352,0.8538884524744697,2025-01-03 20:29:11.194819,2025-01-03 20:29:42.261922,0 days 00:00:31.067103,7,90,15.0,55.0,30.0,40.0,55.0,90.0,,,,2,2.0,4.0,3.0,6.0,2.0,5.0,,,,COMPLETE
353,353,0.8708333333333333,2025-01-03 20:29:42.263111,2025-01-03 20:30:09.502364,0 days 00:00:27.239253,7,30,40.0,45.0,35.0,20.0,60.0,95.0,,,,2,2.0,4.0,3.0,6.0,2.0,5.0,,,,COMPLETE
354,354,0.8056426332288402,2025-01-03 20:30:09.503039,2025-01-03 20:30:38.950625,0 days 00:00:29.447586,7,50,40.0,40.0,35.0,40.0,65.0,85.0,,,,2,2.0,4.0,3.0,6.0,2.0,5.0,,,,COMPLETE
355,355,0.8781779661016949,2025-01-03 20:30:38.951474,2025-01-03 20:31:07.929789,0 days 00:00:28.978315,7,25,40.0,45.0,40.0,65.0,60.0,90.0,,,,2,2.0,4.0,3.0,6.0,2.0,5.0,,,,COMPLETE
356,356,0.87042842215256,2025-01-03 20:31:07.930541,2025-01-03 20:31:40.965609,0 days 00:00:33.035068,7,10,35.0,45.0,40.0,65.0,60.0,90.0,,,,2,2.0,4.0,3.0,6.0,5.0,5.0,,,,COMPLETE
357,357,0.7889499869075673,2025-01-03 20:31:40.966335,2025-01-03 20:32:13.584130,0 days 00:00:32.617795,7,15,45.0,50.0,40.0,25.0,55.0,85.0,,,,2,2.0,4.0,3.0,6.0,5.0,5.0,,,,COMPLETE
358,358,0.8544980443285528,2025-01-03 20:32:13.584991,2025-01-03 20:32:42.778849,0 days 00:00:29.193858,7,55,40.0,45.0,40.0,65.0,65.0,90.0,,,,2,2.0,4.0,3.0,6.0,2.0,5.0,,,,COMPLETE
359,359,0.7801587301587302,2025-01-03 20:32:42.779623,2025-01-03 20:33:11.897450,0 days 00:00:29.117827,7,20,40.0,50.0,40.0,35.0,70.0,90.0,,,,2,2.0,4.0,3.0,6.0,2.0,5.0,,,,COMPLETE
360,360,0.8221642764015646,2025-01-03 20:33:11.898161,2025-01-03 20:33:47.870500,0 days 00:00:35.972339,7,25,50.0,50.0,35.0,65.0,50.0,85.0,,,,2,6.0,4.0,3.0,3.0,5.0,5.0,,,,COMPLETE
361,361,0.8126984126984127,2025-01-03 20:33:47.871418,2025-01-03 20:34:17.056364,0 days 00:00:29.184946,7,95,55.0,40.0,30.0,60.0,40.0,80.0,,,,2,2.0,4.0,3.0,6.0,2.0,5.0,,,,COMPLETE
362,362,0.7472089314194577,2025-01-03 20:34:17.057067,2025-01-03 20:34:56.431459,0 days 00:00:39.374392,7,95,50.0,45.0,25.0,45.0,45.0,95.0,,,,6,2.0,3.0,3.0,6.0,5.0,5.0,,,,COMPLETE
363,363,0.8013495276653171,2025-01-03 20:34:56.432351,2025-01-03 20:35:26.516534,0 days 00:00:30.084183,7,50,35.0,55.0,30.0,25.0,55.0,90.0,,,,2,2.0,4.0,3.0,4.0,5.0,5.0,,,,COMPLETE
364,364,0.8604465709728868,2025-01-03 20:35:26.517301,2025-01-03 20:35:57.548553,0 days 00:00:31.031252,7,25,45.0,65.0,40.0,40.0,60.0,95.0,,,,2,2.0,3.0,2.0,6.0,5.0,5.0,,,,COMPLETE
365,365,0.8056426332288402,2025-01-03 20:35:57.549878,2025-01-03 20:36:33.018690,0 days 00:00:35.468812,8,65,55.0,45.0,35.0,30.0,40.0,70.0,80.0,,,3,6.0,4.0,3.0,6.0,2.0,3.0,2.0,,,COMPLETE
366,366,0.8214192196910186,2025-01-03 20:36:33.019652,2025-01-03 20:37:02.062134,0 days 00:00:29.042482,6,35,40.0,60.0,30.0,45.0,65.0,,,,,2,2.0,3.0,3.0,6.0,6.0,,,,,COMPLETE
367,367,0.8544980443285528,2025-01-03 20:37:02.062818,2025-01-03 20:37:37.693827,0 days 00:00:35.631009,7,30,20.0,50.0,25.0,60.0,50.0,85.0,,,,2,2.0,6.0,3.0,6.0,5.0,5.0,,,,COMPLETE
368,368,0.8380355276907001,2025-01-03 20:37:37.694555,2025-01-03 20:37:50.150674,0 days 00:00:12.456119,4,90,50.0,55.0,40.0,,,,,,,2,2.0,3.0,3.0,,,,,,,COMPLETE
369,369,0.8264705882352941,2025-01-03 20:37:50.151407,2025-01-03 20:37:54.522150,0 days 00:00:04.370743,1,90,,,,,,,,,,2,,,,,,,,,,COMPLETE
370,370,0.7902680197762164,2025-01-03 20:37:54.522688,2025-01-03 20:38:39.045415,0 days 00:00:44.522727,9,95,55.0,20.0,30.0,85.0,45.0,90.0,90.0,90.0,,3,2.0,6.0,3.0,6.0,6.0,5.0,3.0,5.0,,COMPLETE
371,371,0.8221642764015646,2025-01-03 20:38:39.046302,2025-01-03 20:39:11.695277,0 days 00:00:32.648975,8,55,55.0,70.0,45.0,70.0,45.0,95.0,85.0,,,2,2.0,4.0,3.0,6.0,5.0,5.0,2.0,,,COMPLETE
372,372,0.8380355276907001,2025-01-03 20:39:11.696023,2025-01-03 20:39:44.078762,0 days 00:00:32.382739,6,65,60.0,50.0,35.0,35.0,40.0,,,,,2,2.0,6.0,2.0,6.0,6.0,,,,,COMPLETE
373,373,0.8359788359788359,2025-01-03 20:39:44.079685,2025-01-03 20:40:04.187230,0 days 00:00:20.107545,7,45,30.0,55.0,30.0,65.0,35.0,100.0,,,,6,6.0,3.0,3.0,6.0,5.0,5.0,,,,COMPLETE
374,374,0.8221642764015646,2025-01-03 20:40:04.188008,2025-01-03 20:40:44.525388,0 days 00:00:40.337380,8,30,45.0,45.0,20.0,40.0,55.0,90.0,80.0,,,5,5.0,6.0,3.0,6.0,2.0,3.0,3.0,,,COMPLETE
375,375,0.8117647058823529,2025-01-03 20:40:44.526138,2025-01-03 20:41:09.946295,0 days 00:00:25.420157,5,95,45.0,35.0,25.0,50.0,,,,,,2,2.0,5.0,3.0,6.0,,,,,,COMPLETE
376,376,0.8777777777777778,2025-01-03 20:41:09.947813,2025-01-03 20:41:45.050619,0 days 00:00:35.102806,7,90,50.0,75.0,30.0,50.0,40.0,95.0,,,,2,4.0,4.0,3.0,6.0,5.0,5.0,,,,COMPLETE
377,377,0.8548009367681498,2025-01-03 20:41:45.051498,2025-01-03 20:42:31.435673,0 days 00:00:46.384175,9,95,50.0,75.0,30.0,50.0,40.0,100.0,55.0,95.0,,5,4.0,3.0,3.0,6.0,5.0,5.0,2.0,5.0,,COMPLETE
378,378,0.7902680197762164,2025-01-03 20:42:31.437535,2025-01-03 20:42:52.125389,0 days 00:00:20.687854,6,90,50.0,75.0,15.0,50.0,40.0,,,,,2,4.0,6.0,3.0,6.0,5.0,,,,,COMPLETE
379,379,0.80625,2025-01-03 20:42:52.126116,2025-01-03 20:43:29.472762,0 days 00:00:37.346646,8,90,50.0,75.0,20.0,45.0,35.0,95.0,85.0,,,4,4.0,5.0,3.0,6.0,5.0,5.0,2.0,,,COMPLETE
380,380,0.7732497387669801,2025-01-03 20:43:29.473528,2025-01-03 20:44:06.861022,0 days 00:00:37.387494,7,70,55.0,80.0,25.0,50.0,45.0,95.0,,,,5,4.0,6.0,2.0,6.0,5.0,3.0,,,,COMPLETE
381,381,0.7732497387669801,2025-01-03 20:44:06.861997,2025-01-03 20:44:37.998407,0 days 00:00:31.136410,8,15,50.0,65.0,25.0,45.0,40.0,100.0,40.0,,,2,4.0,4.0,3.0,4.0,5.0,5.0,3.0,,,COMPLETE
382,382,0.8870673952641166,2025-01-03 20:44:37.999185,2025-01-03 20:45:03.916322,0 days 00:00:25.917137,6,90,45.0,70.0,30.0,50.0,40.0,,,,,2,4.0,3.0,3.0,6.0,5.0,,,,,COMPLETE
383,383,0.8119363395225465,2025-01-03 20:45:03.916999,2025-01-03 20:45:28.808785,0 days 00:00:24.891786,6,90,45.0,70.0,25.0,50.0,35.0,,,,,2,4.0,3.0,3.0,5.0,5.0,,,,,COMPLETE
384,384,0.8046218487394958,2025-01-03 20:45:28.809677,2025-01-03 20:45:56.820600,0 days 00:00:28.010923,6,90,45.0,70.0,30.0,50.0,40.0,,,,,2,4.0,3.0,3.0,6.0,5.0,,,,,COMPLETE
385,385,0.8380355276907001,2025-01-03 20:45:56.821295,2025-01-03 20:46:25.103359,0 days 00:00:28.282064,6,85,40.0,65.0,45.0,55.0,40.0,,,,,2,4.0,3.0,3.0,6.0,5.0,,,,,COMPLETE
386,386,0.8056426332288402,2025-01-03 20:46:25.104071,2025-01-03 20:46:48.024539,0 days 00:00:22.920468,6,90,45.0,75.0,30.0,55.0,35.0,,,,,2,4.0,3.0,3.0,5.0,5.0,,,,,COMPLETE
387,387,0.80625,2025-01-03 20:46:48.025412,2025-01-03 20:47:10.093576,0 days 00:00:22.068164,5,85,45.0,70.0,25.0,50.0,,,,,,2,4.0,3.0,3.0,6.0,,,,,,COMPLETE
388,388,0.7739583333333333,2025-01-03 20:47:10.094644,2025-01-03 20:47:38.069558,0 days 00:00:27.974914,6,90,45.0,80.0,30.0,85.0,40.0,,,,,2,4.0,3.0,3.0,6.0,5.0,,,,,COMPLETE
389,389,0.8708333333333333,2025-01-03 20:47:38.070295,2025-01-03 20:48:06.211255,0 days 00:00:28.140960,6,85,40.0,70.0,15.0,45.0,35.0,,,,,2,4.0,3.0,3.0,6.0,5.0,,,,,COMPLETE
390,390,0.8538884524744697,2025-01-03 20:48:06.212140,2025-01-03 20:48:44.227232,0 days 00:00:38.015092,7,90,35.0,75.0,35.0,50.0,40.0,95.0,,,,2,4.0,5.0,3.0,6.0,3.0,6.0,,,,COMPLETE
391,391,0.819672131147541,2025-01-03 20:48:44.228040,2025-01-03 20:49:23.599603,0 days 00:00:39.371563,9,60,50.0,70.0,25.0,55.0,35.0,100.0,10.0,5.0,,2,4.0,3.0,3.0,5.0,5.0,5.0,3.0,4.0,,COMPLETE
392,392,0.8056426332288402,2025-01-03 20:49:23.600398,2025-01-03 20:49:56.691044,0 days 00:00:33.090646,7,90,50.0,65.0,40.0,50.0,45.0,95.0,,,,2,4.0,2.0,3.0,6.0,5.0,5.0,,,,COMPLETE
393,393,0.7889499869075673,2025-01-03 20:49:56.691940,2025-01-03 20:50:30.431449,0 days 00:00:33.739509,6,85,30.0,40.0,45.0,60.0,40.0,,,,,2,6.0,6.0,3.0,5.0,5.0,,,,,COMPLETE
394,394,0.80625,2025-01-03 20:50:30.432218,2025-01-03 20:51:07.991698,0 days 00:00:37.559480,7,85,25.0,60.0,30.0,65.0,50.0,85.0,,,,5,4.0,3.0,3.0,6.0,5.0,5.0,,,,COMPLETE
395,395,0.8225344782721832,2025-01-03 20:51:07.992616,2025-01-03 20:51:43.532508,0 days 00:00:35.539892,6,70,35.0,45.0,35.0,90.0,35.0,,,,,2,4.0,6.0,5.0,5.0,5.0,,,,,COMPLETE
396,396,0.8380355276907001,2025-01-03 20:51:43.533272,2025-01-03 20:52:14.937207,0 days 00:00:31.403935,7,90,40.0,75.0,30.0,50.0,70.0,100.0,,,,2,4.0,5.0,3.0,6.0,5.0,3.0,,,,COMPLETE
397,397,0.7472089314194577,2025-01-03 20:52:14.937933,2025-01-03 20:52:59.912330,0 days 00:00:44.974397,8,75,45.0,85.0,25.0,45.0,40.0,95.0,50.0,,,6,5.0,5.0,3.0,5.0,5.0,5.0,3.0,,,COMPLETE
398,398,0.8130296610169492,2025-01-03 20:52:59.913353,2025-01-03 20:53:35.332008,0 days 00:00:35.418655,6,50,40.0,60.0,40.0,35.0,30.0,,,,,2,6.0,6.0,3.0,6.0,5.0,,,,,COMPLETE
399,399,0.7732497387669801,2025-01-03 20:53:35.332767,2025-01-03 20:54:21.034843,0 days 00:00:45.702076,9,10,60.0,80.0,30.0,55.0,45.0,90.0,45.0,35.0,,5,2.0,3.0,3.0,6.0,5.0,5.0,3.0,3.0,,COMPLETE
400,400,0.8544980443285528,2025-01-03 20:54:21.035845,2025-01-03 20:54:55.817639,0 days 00:00:34.781794,7,95,70.0,45.0,40.0,95.0,35.0,95.0,,,,2,2.0,6.0,3.0,5.0,5.0,5.0,,,,COMPLETE
401,401,0.8544980443285528,2025-01-03 20:54:55.818407,2025-01-03 20:55:06.471173,0 days 00:00:10.652766,2,85,45.0,,,,,,,,,4,4.0,,,,,,,,,COMPLETE
402,402,0.8221642764015646,2025-01-03 20:55:06.471747,2025-01-03 20:55:31.166977,0 days 00:00:24.695230,5,95,80.0,65.0,20.0,70.0,,,,,,4,2.0,5.0,3.0,6.0,,,,,,COMPLETE
403,403,0.8291777188328913,2025-01-03 20:55:31.167824,2025-01-03 20:56:07.233135,0 days 00:00:36.065311,8,80,50.0,85.0,35.0,45.0,50.0,80.0,65.0,,,2,6.0,3.0,3.0,4.0,6.0,3.0,3.0,,,COMPLETE
404,404,0.8225344782721832,2025-01-03 20:56:07.233982,2025-01-03 20:56:42.863667,0 days 00:00:35.629685,6,85,50.0,40.0,30.0,60.0,40.0,,,,,5,2.0,6.0,3.0,6.0,5.0,,,,,COMPLETE
405,405,0.7741935483870968,2025-01-03 20:56:42.864369,2025-01-03 20:57:18.154079,0 days 00:00:35.289710,7,90,65.0,25.0,25.0,40.0,45.0,100.0,,,,2,4.0,5.0,3.0,6.0,6.0,5.0,,,,COMPLETE
406,406,0.8709677419354839,2025-01-03 20:57:18.155068,2025-01-03 20:57:53.510071,0 days 00:00:35.355003,8,95,20.0,70.0,30.0,90.0,35.0,40.0,45.0,,,2,2.0,6.0,3.0,5.0,3.0,5.0,3.0,,,COMPLETE
407,407,0.9098143236074271,2025-01-03 20:57:53.511494,2025-01-03 20:58:10.514529,0 days 00:00:17.003035,8,90,20.0,75.0,35.0,95.0,15.0,40.0,20.0,,,2,2.0,6.0,3.0,5.0,3.0,5.0,3.0,,,COMPLETE
408,408,0.8604465709728868,2025-01-03 20:58:10.515286,2025-01-03 20:58:42.451974,0 days 00:00:31.936688,8,80,20.0,70.0,35.0,85.0,10.0,40.0,20.0,,,2,2.0,6.0,3.0,5.0,3.0,5.0,3.0,,,COMPLETE
409,409,0.8548009367681498,2025-01-03 20:58:42.452964,2025-01-03 20:59:16.106757,0 days 00:00:33.653793,8,100,20.0,75.0,35.0,95.0,15.0,90.0,10.0,,,2,2.0,6.0,3.0,5.0,3.0,5.0,3.0,,,COMPLETE
410,410,0.8225344782721832,2025-01-03 20:59:16.107556,2025-01-03 20:59:56.690835,0 days 00:00:40.583279,8,50,20.0,75.0,40.0,90.0,20.0,40.0,35.0,,,2,2.0,6.0,3.0,5.0,3.0,5.0,3.0,,,COMPLETE
411,411,0.8544980443285528,2025-01-03 20:59:56.691773,2025-01-03 21:00:36.595729,0 days 00:00:39.903956,8,90,20.0,70.0,35.0,90.0,15.0,35.0,30.0,,,3,2.0,6.0,3.0,5.0,3.0,5.0,3.0,,,COMPLETE
412,412,0.8544980443285528,2025-01-03 21:00:36.596578,2025-01-03 21:01:15.287441,0 days 00:00:38.690863,8,5,20.0,70.0,40.0,85.0,15.0,45.0,5.0,,,2,2.0,6.0,3.0,5.0,3.0,5.0,3.0,,,COMPLETE
413,413,0.80625,2025-01-03 21:01:15.288451,2025-01-03 21:01:49.961980,0 days 00:00:34.673529,8,95,60.0,70.0,30.0,90.0,30.0,40.0,10.0,,,2,2.0,6.0,3.0,5.0,3.0,5.0,3.0,,,COMPLETE
414,414,0.7720588235294117,2025-01-03 21:01:49.962793,2025-01-03 21:02:19.060066,0 days 00:00:29.097273,8,85,75.0,75.0,40.0,90.0,25.0,30.0,25.0,,,2,2.0,6.0,3.0,5.0,3.0,5.0,3.0,,,COMPLETE
415,415,0.759046052631579,2025-01-03 21:02:19.060842,2025-01-03 21:03:02.971506,0 days 00:00:43.910664,8,90,15.0,70.0,35.0,65.0,40.0,35.0,20.0,,,6,5.0,6.0,3.0,5.0,3.0,5.0,3.0,,,COMPLETE
416,416,0.8119363395225465,2025-01-03 21:03:02.972560,2025-01-03 21:03:38.400858,0 days 00:00:35.428298,8,80,55.0,75.0,35.0,80.0,30.0,35.0,45.0,,,2,2.0,6.0,3.0,5.0,3.0,5.0,3.0,,,COMPLETE
417,417,0.8544980443285528,2025-01-03 21:03:38.401648,2025-01-03 21:04:03.012664,0 days 00:00:24.611016,8,25,20.0,45.0,45.0,95.0,10.0,40.0,15.0,,,2,2.0,6.0,6.0,5.0,4.0,5.0,3.0,,,COMPLETE
418,418,0.8387096774193549,2025-01-03 21:04:03.014472,2025-01-03 21:04:35.739401,0 days 00:00:32.724929,8,95,25.0,65.0,30.0,35.0,65.0,35.0,15.0,,,2,2.0,6.0,3.0,5.0,5.0,5.0,3.0,,,COMPLETE
419,419,0.8697478991596639,2025-01-03 21:04:35.740241,2025-01-03 21:05:20.400005,0 days 00:00:44.659764,9,75,55.0,95.0,40.0,40.0,5.0,40.0,20.0,45.0,,2,4.0,6.0,3.0,5.0,3.0,5.0,3.0,4.0,,COMPLETE
420,420,0.818426724137931,2025-01-03 21:05:20.400831,2025-01-03 21:05:58.338388,0 days 00:00:37.937557,8,90,50.0,40.0,30.0,90.0,35.0,95.0,5.0,,,2,2.0,6.0,3.0,5.0,3.0,5.0,3.0,,,COMPLETE
421,421,0.8064516129032258,2025-01-03 21:05:58.339410,2025-01-03 21:06:40.907475,0 days 00:00:42.568065,8,100,60.0,70.0,35.0,90.0,40.0,35.0,25.0,,,2,6.0,6.0,3.0,6.0,4.0,5.0,2.0,,,COMPLETE
422,422,0.8214192196910186,2025-01-03 21:06:40.908294,2025-01-03 21:07:21.921945,0 days 00:00:41.013651,8,90,55.0,90.0,45.0,95.0,40.0,50.0,55.0,,,2,2.0,6.0,3.0,6.0,3.0,6.0,3.0,,,COMPLETE
423,423,0.8064516129032258,2025-01-03 21:07:21.922986,2025-01-03 21:07:58.942829,0 days 00:00:37.019843,9,55,65.0,75.0,30.0,65.0,35.0,30.0,35.0,20.0,,2,2.0,5.0,3.0,5.0,4.0,5.0,2.0,3.0,,COMPLETE
424,424,0.80625,2025-01-03 21:07:58.943651,2025-01-03 21:08:42.589605,0 days 00:00:43.645954,8,95,35.0,45.0,35.0,60.0,40.0,45.0,50.0,,,2,4.0,6.0,3.0,6.0,5.0,5.0,4.0,,,COMPLETE
425,425,0.8421900161030595,2025-01-03 21:08:42.590682,2025-01-03 21:09:15.819488,0 days 00:00:33.228806,8,20,50.0,65.0,30.0,40.0,15.0,40.0,30.0,,,3,2.0,5.0,3.0,6.0,5.0,5.0,2.0,,,COMPLETE
426,426,0.7898305084745763,2025-01-03 21:09:15.820282,2025-01-03 21:09:50.901172,0 days 00:00:35.080890,8,85,85.0,35.0,40.0,35.0,35.0,100.0,75.0,,,2,2.0,6.0,3.0,5.0,3.0,5.0,3.0,,,COMPLETE
427,427,0.8214192196910186,2025-01-03 21:09:50.902167,2025-01-03 21:10:19.935906,0 days 00:00:29.033739,9,95,70.0,70.0,30.0,55.0,20.0,90.0,95.0,25.0,,2,5.0,6.0,5.0,6.0,5.0,5.0,2.0,5.0,,COMPLETE
428,428,0.8387096774193549,2025-01-03 21:10:19.936835,2025-01-03 21:10:56.091690,0 days 00:00:36.154855,8,80,15.0,50.0,35.0,80.0,45.0,100.0,60.0,,,2,4.0,5.0,3.0,5.0,5.0,5.0,3.0,,,COMPLETE
429,429,0.8385416666666667,2025-01-03 21:10:56.092507,2025-01-03 21:11:34.139854,0 days 00:00:38.047347,7,85,20.0,45.0,40.0,95.0,35.0,95.0,,,,2,2.0,6.0,3.0,6.0,6.0,5.0,,,,COMPLETE
430,430,0.7641459545214172,2025-01-03 21:11:34.140881,2025-01-03 21:12:01.859152,0 days 00:00:27.718271,5,90,60.0,90.0,30.0,85.0,,,,,,6,2.0,6.0,3.0,5.0,,,,,,COMPLETE
431,431,0.8548009367681498,2025-01-03 21:12:01.859865,2025-01-03 21:12:37.657727,0 days 00:00:35.797862,9,30,50.0,50.0,35.0,100.0,40.0,85.0,70.0,65.0,,2,4.0,5.0,3.0,3.0,2.0,5.0,2.0,5.0,,COMPLETE
432,432,0.7889499869075673,2025-01-03 21:12:37.658547,2025-01-03 21:13:14.232803,0 days 00:00:36.574256,7,45,40.0,15.0,40.0,70.0,30.0,95.0,,,,2,2.0,6.0,3.0,6.0,5.0,5.0,,,,COMPLETE
433,433,0.8214192196910186,2025-01-03 21:13:14.233834,2025-01-03 21:13:59.720319,0 days 00:00:45.486485,8,95,35.0,65.0,30.0,45.0,65.0,90.0,15.0,,,2,4.0,5.0,3.0,6.0,6.0,6.0,4.0,,,COMPLETE
434,434,0.8371848739495797,2025-01-03 21:13:59.721179,2025-01-03 21:14:37.881231,0 days 00:00:38.160052,7,100,55.0,95.0,45.0,35.0,40.0,95.0,,,,4,2.0,6.0,3.0,6.0,5.0,5.0,,,,COMPLETE
435,435,0.8452380952380952,2025-01-03 21:14:37.882246,2025-01-03 21:15:15.941948,0 days 00:00:38.059702,8,50,20.0,75.0,30.0,40.0,60.0,100.0,75.0,,,2,2.0,6.0,3.0,5.0,6.0,5.0,2.0,,,COMPLETE
436,436,0.8387096774193549,2025-01-03 21:15:15.942804,2025-01-03 21:16:01.881224,0 days 00:00:45.938420,8,85,25.0,30.0,25.0,50.0,45.0,45.0,45.0,,,4,6.0,6.0,3.0,6.0,4.0,5.0,3.0,,,COMPLETE
437,437,0.8544980443285528,2025-01-03 21:16:01.882342,2025-01-03 21:16:27.919641,0 days 00:00:26.037299,7,90,65.0,45.0,30.0,60.0,30.0,55.0,,,,2,2.0,2.0,3.0,6.0,2.0,4.0,,,,COMPLETE
438,438,0.8387096774193549,2025-01-03 21:16:27.920399,2025-01-03 21:17:10.302216,0 days 00:00:42.381817,8,95,15.0,40.0,35.0,95.0,40.0,85.0,90.0,,,6,4.0,5.0,3.0,5.0,5.0,5.0,2.0,,,COMPLETE
439,439,0.8214192196910186,2025-01-03 21:17:10.303276,2025-01-03 21:17:31.619383,0 days 00:00:21.316107,5,80,55.0,55.0,40.0,75.0,,,,,,2,2.0,4.0,3.0,6.0,,,,,,COMPLETE
440,440,0.8941897654584222,2025-01-03 21:17:31.620162,2025-01-03 21:18:17.593276,0 days 00:00:45.973114,9,90,45.0,60.0,25.0,55.0,5.0,90.0,55.0,40.0,,2,2.0,6.0,3.0,6.0,5.0,5.0,3.0,4.0,,COMPLETE
441,441,0.8385416666666667,2025-01-03 21:18:17.594103,2025-01-03 21:19:03.185190,0 days 00:00:45.591087,9,90,45.0,60.0,35.0,55.0,5.0,90.0,60.0,40.0,,2,4.0,6.0,3.0,5.0,6.0,6.0,3.0,3.0,,COMPLETE
442,442,0.861904761904762,2025-01-03 21:19:03.186309,2025-01-03 21:19:49.781044,0 days 00:00:46.594735,9,95,45.0,60.0,15.0,55.0,5.0,90.0,55.0,35.0,,5,4.0,6.0,3.0,6.0,5.0,5.0,3.0,2.0,,COMPLETE
443,443,0.7408568443051202,2025-01-03 21:19:49.781883,2025-01-03 21:20:35.150960,0 days 00:00:45.369077,9,90,45.0,65.0,30.0,60.0,5.0,85.0,55.0,45.0,,2,4.0,6.0,3.0,6.0,6.0,5.0,3.0,4.0,,COMPLETE
444,444,0.8423645320197044,2025-01-03 21:20:35.152051,2025-01-03 21:20:55.801995,0 days 00:00:20.649944,3,55,50.0,55.0,,,,,,,,5,4.0,6.0,,,,,,,,COMPLETE
445,445,0.7564807541241163,2025-01-03 21:20:55.802676,2025-01-03 21:21:39.845993,0 days 00:00:44.043317,9,90,50.0,70.0,40.0,55.0,5.0,90.0,55.0,55.0,,3,4.0,6.0,3.0,5.0,3.0,5.0,3.0,2.0,,COMPLETE
446,446,0.80625,2025-01-03 21:21:39.847006,2025-01-03 21:22:11.873573,0 days 00:00:32.026567,9,65,45.0,65.0,30.0,50.0,25.0,90.0,50.0,25.0,,4,4.0,6.0,3.0,6.0,5.0,5.0,3.0,4.0,,COMPLETE
447,447,0.8708333333333333,2025-01-03 21:22:11.874482,2025-01-03 21:22:49.486145,0 days 00:00:37.611663,9,100,60.0,55.0,45.0,55.0,10.0,85.0,40.0,50.0,,2,2.0,6.0,3.0,3.0,5.0,4.0,3.0,4.0,,COMPLETE
448,448,0.7960805084745763,2025-01-03 21:22:49.486962,2025-01-03 21:23:27.872466,0 days 00:00:38.385504,9,95,50.0,50.0,35.0,65.0,10.0,95.0,65.0,20.0,,2,4.0,6.0,3.0,6.0,2.0,5.0,3.0,3.0,,COMPLETE
449,449,0.8385416666666667,2025-01-03 21:23:27.873567,2025-01-03 21:24:07.855698,0 days 00:00:39.982131,8,90,45.0,60.0,20.0,45.0,5.0,35.0,50.0,,,4,2.0,6.0,3.0,5.0,5.0,5.0,3.0,,,COMPLETE
450,450,0.8130618720253834,2025-01-03 21:24:07.856513,2025-01-03 21:24:55.706640,0 days 00:00:47.850127,9,45,55.0,75.0,25.0,50.0,10.0,80.0,80.0,30.0,,5,2.0,6.0,3.0,4.0,6.0,5.0,2.0,6.0,,COMPLETE
451,451,0.8380355276907001,2025-01-03 21:24:55.707748,2025-01-03 21:25:39.990176,0 days 00:00:44.282428,8,95,50.0,45.0,25.0,50.0,65.0,90.0,70.0,,,2,4.0,6.0,3.0,6.0,5.0,4.0,4.0,,,COMPLETE
452,452,0.8385416666666667,2025-01-03 21:25:39.991037,2025-01-03 21:26:04.151490,0 days 00:00:24.160453,8,90,20.0,60.0,30.0,55.0,70.0,85.0,60.0,,,2,6.0,4.0,3.0,5.0,2.0,5.0,2.0,,,COMPLETE
453,453,0.80625,2025-01-03 21:26:04.152531,2025-01-03 21:26:55.442264,0 days 00:00:51.289733,9,95,40.0,50.0,40.0,60.0,5.0,95.0,65.0,60.0,,2,2.0,6.0,3.0,6.0,6.0,5.0,3.0,5.0,,COMPLETE
454,454,0.7732497387669801,2025-01-03 21:26:55.443137,2025-01-03 21:27:28.168031,0 days 00:00:32.724894,6,100,55.0,70.0,15.0,30.0,20.0,,,,,5,3.0,6.0,3.0,6.0,5.0,,,,,COMPLETE
455,455,0.8221642764015646,2025-01-03 21:27:28.169027,2025-01-03 21:28:03.161847,0 days 00:00:34.992820,8,90,15.0,55.0,45.0,35.0,25.0,30.0,95.0,,,2,2.0,4.0,3.0,5.0,4.0,6.0,3.0,,,COMPLETE
456,456,0.8064516129032258,2025-01-03 21:28:03.162690,2025-01-03 21:28:38.175869,0 days 00:00:35.013179,6,95,45.0,45.0,35.0,40.0,55.0,,,,,4,3.0,6.0,3.0,6.0,6.0,,,,,COMPLETE
457,457,0.787176724137931,2025-01-03 21:28:38.176824,2025-01-03 21:28:55.976390,0 days 00:00:17.799566,4,90,60.0,65.0,30.0,,,,,,,6,2.0,4.0,3.0,,,,,,,COMPLETE
458,458,0.8371848739495797,2025-01-03 21:28:55.977148,2025-01-03 21:29:19.965147,0 days 00:00:23.987999,5,85,50.0,10.0,35.0,55.0,,,,,,3,2.0,6.0,3.0,5.0,,,,,,COMPLETE
459,459,0.8697478991596639,2025-01-03 21:29:19.965860,2025-01-03 21:30:03.000815,0 days 00:00:43.034955,8,75,65.0,70.0,40.0,100.0,10.0,45.0,30.0,,,2,4.0,6.0,3.0,6.0,3.0,5.0,2.0,,,COMPLETE
460,460,0.8225344782721832,2025-01-03 21:30:03.002288,2025-01-03 21:30:45.148887,0 days 00:00:42.146599,8,50,40.0,50.0,30.0,60.0,35.0,40.0,5.0,,,2,2.0,6.0,3.0,6.0,5.0,5.0,2.0,,,COMPLETE
461,461,0.8385416666666667,2025-01-03 21:30:45.149945,2025-01-03 21:31:21.554334,0 days 00:00:36.404389,6,95,100.0,60.0,25.0,45.0,45.0,,,,,5,6.0,4.0,3.0,5.0,6.0,,,,,COMPLETE
462,462,0.7580015612802498,2025-01-03 21:31:21.555110,2025-01-03 21:32:02.494343,0 days 00:00:40.939233,9,60,60.0,55.0,30.0,50.0,60.0,90.0,75.0,50.0,,4,3.0,6.0,3.0,2.0,5.0,4.0,3.0,2.0,,COMPLETE
463,463,0.8221642764015646,2025-01-03 21:32:02.495450,2025-01-03 21:32:37.010061,0 days 00:00:34.514611,8,100,45.0,45.0,20.0,70.0,5.0,95.0,45.0,,,2,2.0,6.0,2.0,6.0,2.0,5.0,3.0,,,COMPLETE
464,464,0.7732497387669801,2025-01-03 21:32:37.010880,2025-01-03 21:32:53.032127,0 days 00:00:16.021247,8,95,55.0,50.0,35.0,35.0,35.0,90.0,60.0,,,2,4.0,4.0,3.0,5.0,4.0,5.0,2.0,,,COMPLETE
465,465,0.8359788359788359,2025-01-03 21:32:53.032894,2025-01-03 21:33:40.184778,0 days 00:00:47.151884,9,80,20.0,70.0,25.0,65.0,40.0,95.0,55.0,70.0,,2,3.0,6.0,3.0,6.0,5.0,5.0,3.0,5.0,,COMPLETE
466,466,0.7635063559322034,2025-01-03 21:33:40.185926,2025-01-03 21:34:21.118905,0 days 00:00:40.932979,7,90,50.0,40.0,40.0,45.0,35.0,85.0,,,,4,2.0,6.0,3.0,5.0,6.0,5.0,,,,COMPLETE
467,467,0.7788770053475935,2025-01-03 21:34:21.119717,2025-01-03 21:34:51.211472,0 days 00:00:30.091755,6,100,65.0,55.0,30.0,30.0,15.0,,,,,2,2.0,6.0,3.0,6.0,5.0,,,,,COMPLETE
468,468,0.8548009367681498,2025-01-03 21:34:51.212454,2025-01-03 21:35:26.236582,0 days 00:00:35.024128,7,90,50.0,75.0,35.0,80.0,45.0,95.0,,,,5,3.0,4.0,3.0,6.0,3.0,5.0,,,,COMPLETE
469,469,0.8385416666666667,2025-01-03 21:35:26.237374,2025-01-03 21:35:50.748064,0 days 00:00:24.510690,8,95,25.0,65.0,45.0,50.0,55.0,90.0,80.0,,,5,4.0,6.0,3.0,5.0,6.0,5.0,2.0,,,COMPLETE
470,470,0.8544980443285528,2025-01-03 21:35:50.748905,2025-01-03 21:36:23.161490,0 days 00:00:32.412585,6,20,15.0,55.0,40.0,55.0,30.0,,,,,2,2.0,6.0,3.0,6.0,5.0,,,,,COMPLETE
471,471,0.8225344782721832,2025-01-03 21:36:23.162506,2025-01-03 21:36:59.532660,0 days 00:00:36.370154,9,90,45.0,50.0,25.0,100.0,5.0,50.0,35.0,15.0,,2,2.0,2.0,2.0,4.0,2.0,6.0,3.0,6.0,,COMPLETE
472,472,0.7739583333333333,2025-01-03 21:36:59.533487,2025-01-03 21:37:46.551313,0 days 00:00:47.017826,7,35,55.0,60.0,30.0,40.0,45.0,75.0,,,,6,4.0,6.0,3.0,6.0,5.0,5.0,,,,COMPLETE
473,473,0.8286546610169492,2025-01-03 21:37:46.552403,2025-01-03 21:38:20.895398,0 days 00:00:34.342995,8,85,10.0,40.0,35.0,70.0,50.0,35.0,85.0,,,4,3.0,4.0,4.0,5.0,6.0,5.0,2.0,,,COMPLETE
474,474,0.8064516129032258,2025-01-03 21:38:20.896223,2025-01-03 21:38:59.091875,0 days 00:00:38.195652,8,75,50.0,45.0,100.0,50.0,40.0,100.0,50.0,,,2,2.0,5.0,3.0,6.0,5.0,5.0,3.0,,,COMPLETE
475,475,0.8371848739495797,2025-01-03 21:38:59.092926,2025-01-03 21:39:41.756022,0 days 00:00:42.663096,6,50,45.0,75.0,40.0,95.0,10.0,,,,,2,6.0,6.0,3.0,5.0,6.0,,,,,COMPLETE
476,476,0.8708333333333333,2025-01-03 21:39:41.756917,2025-01-03 21:40:19.955347,0 days 00:00:38.198430,7,80,55.0,20.0,30.0,75.0,35.0,80.0,,,,2,5.0,5.0,3.0,6.0,5.0,5.0,,,,COMPLETE
477,477,0.8225344782721832,2025-01-03 21:40:19.956387,2025-01-03 21:40:45.986923,0 days 00:00:26.030536,5,85,40.0,50.0,30.0,45.0,,,,,,4,3.0,5.0,3.0,5.0,,,,,,COMPLETE
478,478,0.8221642764015646,2025-01-03 21:40:45.987767,2025-01-03 21:41:21.406725,0 days 00:00:35.418958,8,95,60.0,70.0,35.0,35.0,30.0,95.0,90.0,,,5,2.0,6.0,3.0,6.0,2.0,5.0,2.0,,,COMPLETE
479,479,0.8046218487394958,2025-01-03 21:41:21.408322,2025-01-03 21:41:59.688110,0 days 00:00:38.279788,8,45,65.0,60.0,20.0,50.0,20.0,90.0,75.0,,,2,4.0,4.0,3.0,6.0,5.0,4.0,4.0,,,COMPLETE
480,480,0.8523002421307506,2025-01-03 21:41:59.689455,2025-01-03 21:42:31.927401,0 days 00:00:32.237946,7,90,50.0,55.0,25.0,60.0,65.0,95.0,,,,3,2.0,6.0,3.0,5.0,6.0,5.0,,,,COMPLETE
481,481,0.8056426332288402,2025-01-03 21:42:31.928241,2025-01-03 21:43:02.134110,0 days 00:00:30.205869,6,85,70.0,80.0,40.0,55.0,40.0,,,,,2,2.0,6.0,5.0,6.0,3.0,,,,,COMPLETE
482,482,0.8380355276907001,2025-01-03 21:43:02.135496,2025-01-03 21:43:43.869689,0 days 00:00:41.734193,8,95,75.0,45.0,30.0,65.0,15.0,90.0,10.0,,,5,4.0,6.0,3.0,6.0,5.0,5.0,3.0,,,COMPLETE
483,483,0.87042842215256,2025-01-03 21:43:43.870778,2025-01-03 21:44:02.508857,0 days 00:00:18.638079,9,90,55.0,65.0,45.0,30.0,40.0,100.0,70.0,65.0,,2,2.0,4.0,3.0,6.0,6.0,5.0,2.0,3.0,,COMPLETE
484,484,0.8225344782721832,2025-01-03 21:44:02.509693,2025-01-03 21:44:35.004684,0 days 00:00:32.494991,7,95,20.0,50.0,15.0,40.0,50.0,95.0,,,,2,3.0,5.0,2.0,5.0,5.0,5.0,,,,COMPLETE
485,485,0.7574967405475881,2025-01-03 21:44:35.005462,2025-01-03 21:44:59.369467,0 days 00:00:24.364005,8,100,40.0,40.0,35.0,100.0,60.0,90.0,95.0,,,5,6.0,6.0,3.0,6.0,6.0,6.0,3.0,,,COMPLETE
486,486,0.8538884524744697,2025-01-03 21:44:59.370583,2025-01-03 21:45:25.005082,0 days 00:00:25.634499,6,30,15.0,55.0,30.0,95.0,35.0,,,,,4,2.0,5.0,3.0,5.0,2.0,,,,,COMPLETE
487,487,0.8291777188328913,2025-01-03 21:45:25.005873,2025-01-03 21:45:49.005607,0 days 00:00:23.999734,5,55,45.0,65.0,25.0,35.0,,,,,,2,3.0,4.0,3.0,6.0,,,,,,COMPLETE
488,488,0.8291777188328913,2025-01-03 21:45:49.006337,2025-01-03 21:46:25.872704,0 days 00:00:36.866367,7,90,55.0,45.0,95.0,45.0,25.0,85.0,,,,2,4.0,6.0,3.0,6.0,4.0,5.0,,,,COMPLETE
489,489,0.8847503373819163,2025-01-03 21:46:25.873789,2025-01-03 21:46:34.223908,0 days 00:00:08.350119,2,85,25.0,,,,,,,,,6,2.0,,,,,,,,,COMPLETE
490,490,0.80625,2025-01-03 21:46:34.224521,2025-01-03 21:47:06.474122,0 days 00:00:32.249601,6,85,25.0,25.0,45.0,40.0,45.0,,,,,6,2.0,5.0,2.0,5.0,3.0,,,,,COMPLETE
491,491,0.7898305084745763,2025-01-03 21:47:06.474882,2025-01-03 21:47:14.972354,0 days 00:00:08.497472,2,85,30.0,,,,,,,,,4,2.0,,,,,,,,,COMPLETE
492,492,0.7950558213716108,2025-01-03 21:47:14.973316,2025-01-03 21:47:27.325803,0 days 00:00:12.352487,2,90,25.0,,,,,,,,,6,3.0,,,,,,,,,COMPLETE
493,493,0.7084639498432602,2025-01-03 21:47:27.326506,2025-01-03 21:48:10.839571,0 days 00:00:43.513065,7,85,25.0,75.0,20.0,90.0,55.0,80.0,,,,5,5.0,6.0,2.0,5.0,6.0,4.0,,,,COMPLETE
494,494,0.7950558213716108,2025-01-03 21:48:10.840652,2025-01-03 21:48:34.912373,0 days 00:00:24.071721,4,60,20.0,60.0,40.0,,,,,,,6,3.0,5.0,4.0,,,,,,,COMPLETE
495,495,0.8198924731182795,2025-01-03 21:48:34.913076,2025-01-03 21:48:55.779066,0 days 00:00:20.865990,3,95,30.0,80.0,,,,,,,,6,4.0,6.0,,,,,,,,COMPLETE
496,496,0.8455843469063987,2025-01-03 21:48:55.779737,2025-01-03 21:49:49.447052,0 days 00:00:53.667315,9,90,20.0,75.0,85.0,95.0,5.0,30.0,65.0,45.0,,6,2.0,6.0,3.0,5.0,6.0,6.0,2.0,4.0,,COMPLETE
497,497,0.790491118077325,2025-01-03 21:49:49.448208,2025-01-03 21:49:59.341753,0 days 00:00:09.893545,1,85,,,,,,,,,,6,,,,,,,,,,COMPLETE
498,498,0.845603813559322,2025-01-03 21:49:59.342358,2025-01-03 21:50:32.838689,0 days 00:00:33.496331,7,100,25.0,70.0,35.0,60.0,70.0,85.0,,,,6,2.0,5.0,3.0,5.0,2.0,4.0,,,,COMPLETE
499,499,0.7732497387669801,2025-01-03 21:50:32.839469,2025-01-03 21:51:19.590388,0 days 00:00:46.750919,7,95,15.0,60.0,35.0,30.0,40.0,35.0,,,,6,4.0,6.0,6.0,5.0,6.0,4.0,,,,COMPLETE
500,500,0.8225344782721832,2025-01-03 21:51:19.591348,2025-01-03 21:51:30.179448,0 days 00:00:10.588100,1,90,,,,,,,,,,6,,,,,,,,,,COMPLETE
501,501,0.7848032564450476,2025-01-03 21:51:30.180072,2025-01-03 21:51:59.623658,0 days 00:00:29.443586,6,85,25.0,55.0,50.0,35.0,50.0,,,,,6,2.0,5.0,3.0,5.0,3.0,,,,,COMPLETE
502,502,0.8264705882352941,2025-01-03 21:51:59.624956,2025-01-03 21:52:18.881817,0 days 00:00:19.256861,3,95,60.0,35.0,,,,,,,,4,4.0,6.0,,,,,,,,COMPLETE
503,503,0.8544980443285528,2025-01-03 21:52:18.882735,2025-01-03 21:52:35.967670,0 days 00:00:17.084935,3,90,20.0,65.0,,,,,,,,6,2.0,5.0,,,,,,,,COMPLETE
504,504,0.7580015612802498,2025-01-03 21:52:35.968449,2025-01-03 21:52:51.275477,0 days 00:00:15.307028,6,100,40.0,70.0,45.0,100.0,65.0,,,,,5,3.0,6.0,3.0,5.0,6.0,,,,,COMPLETE
505,505,0.7732497387669801,2025-01-03 21:52:51.276327,2025-01-03 21:53:37.730116,0 days 00:00:46.453789,7,70,65.0,55.0,40.0,55.0,35.0,45.0,,,,3,6.0,6.0,3.0,6.0,6.0,5.0,,,,COMPLETE
506,506,0.8225344782721832,2025-01-03 21:53:37.731183,2025-01-03 21:54:04.861867,0 days 00:00:27.130684,9,50,60.0,70.0,25.0,65.0,45.0,40.0,20.0,55.0,,4,3.0,5.0,3.0,5.0,3.0,3.0,2.0,5.0,,COMPLETE
507,507,0.8708333333333333,2025-01-03 21:54:04.862808,2025-01-03 21:54:39.702913,0 days 00:00:34.840105,7,90,15.0,60.0,40.0,90.0,60.0,75.0,,,,5,2.0,6.0,2.0,6.0,2.0,5.0,,,,COMPLETE
508,508,0.8225344782721832,2025-01-03 21:54:39.703709,2025-01-03 21:55:08.340834,0 days 00:00:28.637125,6,35,45.0,80.0,20.0,70.0,40.0,,,,,4,2.0,2.0,3.0,6.0,6.0,,,,,COMPLETE
509,509,0.80625,2025-01-03 21:55:08.341788,2025-01-03 21:55:55.929863,0 days 00:00:47.588075,9,90,20.0,50.0,35.0,40.0,55.0,55.0,25.0,60.0,,5,4.0,6.0,3.0,5.0,5.0,5.0,2.0,6.0,,COMPLETE
510,510,0.8317110655737705,2025-01-03 21:55:55.930808,2025-01-03 21:56:05.209728,0 days 00:00:09.278920,1,95,,,,,,,,,,6,,,,,,,,,,COMPLETE
511,511,0.7623604465709728,2025-01-03 21:56:05.210331,2025-01-03 21:56:35.232830,0 days 00:00:30.022499,6,15,40.0,95.0,25.0,65.0,45.0,,,,,2,3.0,6.0,4.0,4.0,4.0,,,,,COMPLETE
512,512,0.8064516129032258,2025-01-03 21:56:35.233798,2025-01-03 21:57:12.919317,0 days 00:00:37.685519,7,85,10.0,65.0,35.0,85.0,40.0,80.0,,,,2,2.0,5.0,3.0,6.0,6.0,6.0,,,,COMPLETE
513,513,0.8198924731182795,2025-01-03 21:57:12.920214,2025-01-03 21:57:56.731404,0 days 00:00:43.811190,8,45,30.0,55.0,40.0,75.0,35.0,40.0,45.0,,,4,4.0,6.0,5.0,5.0,2.0,5.0,4.0,,,COMPLETE
514,514,0.7889499869075673,2025-01-03 21:57:56.732472,2025-01-03 21:58:03.412680,0 days 00:00:06.680208,2,95,55.0,,,,,,,,,2,2.0,,,,,,,,,COMPLETE
515,515,0.8617133791644632,2025-01-03 21:58:03.413310,2025-01-03 21:58:44.581858,0 days 00:00:41.168548,7,90,65.0,70.0,30.0,95.0,5.0,85.0,,,,5,2.0,6.0,3.0,6.0,6.0,5.0,,,,COMPLETE
516,516,0.8056426332288402,2025-01-03 21:58:44.582793,2025-01-03 21:59:16.076029,0 days 00:00:31.493236,6,95,15.0,75.0,25.0,60.0,10.0,,,,,2,6.0,5.0,3.0,6.0,5.0,,,,,COMPLETE
517,517,0.8708333333333333,2025-01-03 21:59:16.076795,2025-01-03 21:59:56.474986,0 days 00:00:40.398191,9,85,60.0,50.0,15.0,45.0,40.0,100.0,70.0,75.0,,2,2.0,6.0,3.0,5.0,3.0,5.0,2.0,5.0,,COMPLETE
518,518,0.8697478991596639,2025-01-03 21:59:56.476082,2025-01-03 22:00:13.268358,0 days 00:00:16.792276,3,100,45.0,60.0,,,,,,,,3,4.0,6.0,,,,,,,,COMPLETE
519,519,0.8225344782721832,2025-01-03 22:00:13.269411,2025-01-03 22:00:45.222277,0 days 00:00:31.952866,7,55,55.0,55.0,30.0,25.0,35.0,90.0,,,,5,3.0,5.0,3.0,6.0,2.0,4.0,,,,COMPLETE
520,520,0.8064516129032258,2025-01-03 22:00:45.223301,2025-01-03 22:01:15.562857,0 days 00:00:30.339556,8,95,20.0,75.0,35.0,55.0,50.0,60.0,55.0,,,2,2.0,5.0,3.0,5.0,5.0,3.0,2.0,,,COMPLETE
521,521,0.8452950558213717,2025-01-03 22:01:15.563712,2025-01-03 22:01:48.928221,0 days 00:00:33.364509,6,90,25.0,50.0,40.0,80.0,45.0,,,,,4,4.0,6.0,3.0,6.0,6.0,,,,,COMPLETE
522,522,0.8548009367681498,2025-01-03 22:01:48.929036,2025-01-03 22:02:11.579313,0 days 00:00:22.650277,7,90,70.0,65.0,30.0,100.0,60.0,95.0,,,,2,5.0,5.0,2.0,4.0,5.0,5.0,,,,COMPLETE
523,523,0.8202898550724638,2025-01-03 22:02:11.580126,2025-01-03 22:02:57.308282,0 days 00:00:45.728156,8,85,60.0,55.0,45.0,35.0,40.0,85.0,65.0,,,5,3.0,6.0,3.0,5.0,6.0,5.0,2.0,,,COMPLETE
524,524,0.7898305084745763,2025-01-03 22:02:57.309390,2025-01-03 22:03:49.089288,0 days 00:00:51.779898,9,100,45.0,100.0,25.0,95.0,30.0,100.0,80.0,85.0,,6,2.0,6.0,3.0,6.0,5.0,5.0,2.0,6.0,,COMPLETE
525,525,0.7739583333333333,2025-01-03 22:03:49.090409,2025-01-03 22:04:22.722862,0 days 00:00:33.632453,6,95,55.0,60.0,35.0,60.0,5.0,,,,,2,3.0,5.0,3.0,6.0,6.0,,,,,COMPLETE
526,526,0.845603813559322,2025-01-03 22:04:22.723698,2025-01-03 22:05:12.203809,0 days 00:00:49.480111,8,90,50.0,70.0,10.0,40.0,35.0,90.0,60.0,,,5,2.0,6.0,3.0,5.0,4.0,6.0,4.0,,,COMPLETE
527,527,0.8221642764015646,2025-01-03 22:05:12.204915,2025-01-03 22:05:33.323546,0 days 00:00:21.118631,7,50,40.0,75.0,30.0,30.0,65.0,95.0,,,,2,2.0,6.0,3.0,6.0,5.0,5.0,,,,COMPLETE
528,528,0.8126984126984127,2025-01-03 22:05:33.324442,2025-01-03 22:06:19.021577,0 days 00:00:45.697135,9,85,50.0,95.0,40.0,35.0,45.0,15.0,65.0,40.0,,4,6.0,4.0,3.0,6.0,2.0,5.0,2.0,4.0,,COMPLETE
529,529,0.8518218623481781,2025-01-03 22:06:19.022462,2025-01-03 22:06:56.611582,0 days 00:00:37.589120,8,85,10.0,90.0,45.0,95.0,70.0,90.0,5.0,,,2,2.0,6.0,3.0,5.0,5.0,5.0,2.0,,,COMPLETE
530,530,0.80625,2025-01-03 22:06:56.613059,2025-01-03 22:07:34.873231,0 days 00:00:38.260172,7,95,25.0,80.0,35.0,45.0,55.0,95.0,,,,2,3.0,4.0,3.0,6.0,6.0,5.0,,,,COMPLETE
531,531,0.87042842215256,2025-01-03 22:07:34.874068,2025-01-03 22:07:54.792718,0 days 00:00:19.918650,4,90,35.0,50.0,30.0,,,,,,,4,4.0,6.0,2.0,,,,,,,COMPLETE
532,532,0.8544980443285528,2025-01-03 22:07:54.793411,2025-01-03 22:08:19.953252,0 days 00:00:25.159841,6,95,55.0,60.0,25.0,55.0,50.0,,,,,6,2.0,5.0,3.0,5.0,3.0,,,,,COMPLETE
533,533,0.7968253968253969,2025-01-03 22:08:19.954280,2025-01-03 22:08:58.794375,0 days 00:00:38.840095,8,45,40.0,65.0,60.0,90.0,35.0,35.0,15.0,,,2,3.0,6.0,3.0,6.0,5.0,3.0,3.0,,,COMPLETE
534,534,0.8544980443285528,2025-01-03 22:08:58.795205,2025-01-03 22:09:40.029780,0 days 00:00:41.234575,7,65,15.0,55.0,35.0,65.0,40.0,65.0,,,,2,5.0,6.0,3.0,6.0,5.0,4.0,,,,COMPLETE
535,535,0.81889338731444,2025-01-03 22:09:40.030807,2025-01-03 22:10:18.771061,0 days 00:00:38.740254,8,85,60.0,70.0,30.0,85.0,45.0,100.0,75.0,,,4,2.0,5.0,3.0,5.0,6.0,5.0,2.0,,,COMPLETE
536,536,0.8130618720253834,2025-01-03 22:10:18.771953,2025-01-03 22:10:48.138019,0 days 00:00:29.366066,6,30,45.0,50.0,40.0,50.0,40.0,,,,,2,4.0,4.0,3.0,6.0,5.0,,,,,COMPLETE
537,537,0.7431561996779388,2025-01-03 22:10:48.138769,2025-01-03 22:11:27.659541,0 days 00:00:39.520772,9,40,20.0,45.0,20.0,40.0,40.0,75.0,10.0,55.0,,5,4.0,2.0,3.0,6.0,3.0,5.0,3.0,2.0,,COMPLETE
538,538,0.8544980443285528,2025-01-03 22:11:27.660714,2025-01-03 22:12:01.588493,0 days 00:00:33.927779,7,90,45.0,30.0,25.0,100.0,60.0,90.0,,,,5,2.0,5.0,4.0,5.0,2.0,5.0,,,,COMPLETE
539,539,0.7898305084745763,2025-01-03 22:12:01.589287,2025-01-03 22:12:46.355945,0 days 00:00:44.766658,8,80,50.0,55.0,30.0,70.0,10.0,60.0,50.0,,,2,6.0,6.0,3.0,6.0,6.0,5.0,2.0,,,COMPLETE
540,540,0.7732497387669801,2025-01-03 22:12:46.357095,2025-01-03 22:13:18.696583,0 days 00:00:32.339488,6,25,65.0,75.0,40.0,60.0,35.0,,,,,4,2.0,6.0,3.0,5.0,6.0,,,,,COMPLETE
541,541,0.7968253968253969,2025-01-03 22:13:18.697376,2025-01-03 22:13:54.894516,0 days 00:00:36.197140,7,100,20.0,45.0,35.0,50.0,5.0,85.0,,,,2,3.0,5.0,3.0,6.0,5.0,5.0,,,,COMPLETE
542,542,0.7960805084745763,2025-01-03 22:13:54.895561,2025-01-03 22:14:24.814280,0 days 00:00:29.918719,7,90,15.0,10.0,30.0,35.0,65.0,95.0,,,,2,2.0,6.0,2.0,5.0,5.0,4.0,,,,COMPLETE
543,543,0.8225344782721832,2025-01-03 22:14:24.815115,2025-01-03 22:15:13.034316,0 days 00:00:48.219201,8,55,55.0,65.0,35.0,95.0,45.0,100.0,55.0,,,5,4.0,6.0,3.0,6.0,6.0,5.0,3.0,,,COMPLETE
544,544,0.80625,2025-01-03 22:15:13.035418,2025-01-03 22:15:43.678946,0 days 00:00:30.643528,6,60,30.0,50.0,40.0,45.0,35.0,,,,,2,2.0,6.0,3.0,6.0,4.0,,,,,COMPLETE
545,545,0.7801587301587302,2025-01-03 22:15:43.680703,2025-01-03 22:16:33.598227,0 days 00:00:49.917524,9,20,45.0,70.0,25.0,90.0,45.0,40.0,80.0,70.0,,6,4.0,6.0,3.0,5.0,2.0,6.0,4.0,6.0,,COMPLETE
546,546,0.7739583333333333,2025-01-03 22:16:33.599970,2025-01-03 22:17:11.498467,0 days 00:00:37.898497,8,95,50.0,85.0,20.0,40.0,30.0,50.0,70.0,,,4,2.0,5.0,4.0,6.0,5.0,5.0,2.0,,,COMPLETE
547,547,0.7394957983193278,2025-01-03 22:17:11.499595,2025-01-03 22:17:42.736267,0 days 00:00:31.236672,8,85,40.0,40.0,45.0,55.0,55.0,90.0,60.0,,,2,3.0,4.0,3.0,5.0,5.0,2.0,3.0,,,COMPLETE
548,548,0.8293650793650793,2025-01-03 22:17:42.737106,2025-01-03 22:18:14.797640,0 days 00:00:32.060534,7,90,55.0,60.0,30.0,55.0,50.0,10.0,,,,2,2.0,4.0,3.0,6.0,6.0,3.0,,,,COMPLETE
549,549,0.8708333333333333,2025-01-03 22:18:14.798649,2025-01-03 22:18:48.360980,0 days 00:00:33.562331,7,50,35.0,65.0,35.0,85.0,35.0,95.0,,,,2,2.0,6.0,3.0,6.0,3.0,5.0,,,,COMPLETE
550,550,0.8130618720253834,2025-01-03 22:18:48.361867,2025-01-03 22:19:05.796405,0 days 00:00:17.434538,6,80,60.0,95.0,30.0,30.0,40.0,,,,,5,6.0,3.0,5.0,5.0,2.0,,,,,COMPLETE
551,551,0.8221642764015646,2025-01-03 22:19:05.797198,2025-01-03 22:19:43.733027,0 days 00:00:37.935829,8,95,50.0,55.0,45.0,50.0,5.0,65.0,45.0,,,4,3.0,5.0,3.0,2.0,6.0,5.0,5.0,,,COMPLETE
552,552,0.8056426332288402,2025-01-03 22:19:43.734066,2025-01-03 22:20:26.488993,0 days 00:00:42.754927,9,90,25.0,50.0,15.0,35.0,40.0,90.0,85.0,80.0,,2,5.0,6.0,3.0,6.0,5.0,5.0,2.0,3.0,,COMPLETE
553,553,0.8064516129032258,2025-01-03 22:20:26.489989,2025-01-03 22:21:11.684646,0 days 00:00:45.194657,7,95,20.0,80.0,25.0,100.0,40.0,70.0,,,,5,3.0,6.0,2.0,6.0,5.0,5.0,,,,COMPLETE
554,554,0.8119363395225465,2025-01-03 22:21:11.685693,2025-01-03 22:21:26.188598,0 days 00:00:14.502905,2,85,70.0,,,,,,,,,6,4.0,,,,,,,,,COMPLETE
555,555,0.8125996810207337,2025-01-03 22:21:26.189321,2025-01-03 22:21:36.856253,0 days 00:00:10.666932,3,100,45.0,75.0,,,,,,,,2,2.0,4.0,,,,,,,,COMPLETE
556,556,0.80625,2025-01-03 22:21:36.856889,2025-01-03 22:22:08.028232,0 days 00:00:31.171343,6,70,95.0,35.0,35.0,70.0,10.0,,,,,4,2.0,5.0,3.0,5.0,6.0,,,,,COMPLETE
557,557,0.7898305084745763,2025-01-03 22:22:08.029016,2025-01-03 22:22:40.711759,0 days 00:00:32.682743,8,95,60.0,40.0,40.0,45.0,30.0,85.0,40.0,,,2,4.0,3.0,3.0,6.0,5.0,5.0,3.0,,,COMPLETE
558,558,0.0,2025-01-03 22:22:40.712796,2025-01-03 22:23:56.022027,0 days 00:01:15.309231,9,90,65.0,55.0,30.0,60.0,45.0,95.0,50.0,35.0,,2,2.0,6.0,3.0,5.0,4.0,4.0,2.0,5.0,,COMPLETE
559,559,0.8221642764015646,2025-01-03 22:23:56.022946,2025-01-03 22:24:35.331523,0 days 00:00:39.308577,7,35,15.0,70.0,50.0,95.0,50.0,45.0,,,,3,3.0,6.0,3.0,6.0,5.0,5.0,,,,COMPLETE
560,560,0.8387096774193549,2025-01-03 22:24:35.332844,2025-01-03 22:25:17.091790,0 days 00:00:41.758946,8,90,40.0,45.0,25.0,65.0,35.0,30.0,75.0,,,5,4.0,5.0,3.0,5.0,2.0,5.0,3.0,,,COMPLETE
561,561,0.8126984126984127,2025-01-03 22:25:17.092639,2025-01-03 22:25:44.560331,0 days 00:00:27.467692,6,80,55.0,90.0,30.0,50.0,40.0,,,,,2,2.0,6.0,3.0,6.0,3.0,,,,,COMPLETE
562,562,0.8544980443285528,2025-01-03 22:25:44.561398,2025-01-03 22:26:20.798849,0 days 00:00:36.237451,7,50,10.0,55.0,40.0,40.0,45.0,100.0,,,,2,2.0,5.0,3.0,6.0,6.0,5.0,,,,COMPLETE
563,563,0.8126984126984127,2025-01-03 22:26:20.799680,2025-01-03 22:27:03.826539,0 days 00:00:43.026859,8,100,25.0,60.0,35.0,90.0,65.0,90.0,60.0,,,6,3.0,4.0,3.0,5.0,6.0,3.0,3.0,,,COMPLETE
564,564,0.8548009367681498,2025-01-03 22:27:03.827603,2025-01-03 22:27:38.556939,0 days 00:00:34.729336,7,95,45.0,50.0,30.0,95.0,15.0,95.0,,,,5,2.0,6.0,2.0,6.0,5.0,2.0,,,,COMPLETE
565,565,0.7574967405475881,2025-01-03 22:27:38.557827,2025-01-03 22:28:11.642313,0 days 00:00:33.084486,6,90,50.0,75.0,40.0,75.0,30.0,,,,,2,4.0,6.0,3.0,5.0,5.0,,,,,COMPLETE
566,566,0.7574967405475881,2025-01-03 22:28:11.643100,2025-01-03 22:29:08.602340,0 days 00:00:56.959240,9,85,55.0,15.0,20.0,55.0,35.0,85.0,70.0,5.0,,4,6.0,5.0,3.0,6.0,5.0,5.0,2.0,6.0,,COMPLETE
567,567,0.8371848739495797,2025-01-03 22:29:08.603565,2025-01-03 22:29:21.321158,0 days 00:00:12.717593,4,95,30.0,60.0,25.0,,,,,,,2,2.0,3.0,3.0,,,,,,,COMPLETE
568,568,0.7564807541241163,2025-01-03 22:29:21.321831,2025-01-03 22:30:00.664517,0 days 00:00:39.342686,7,90,45.0,95.0,10.0,30.0,55.0,100.0,,,,2,2.0,6.0,3.0,6.0,6.0,6.0,,,,COMPLETE
569,569,0.8544980443285528,2025-01-03 22:30:00.665599,2025-01-03 22:30:43.631306,0 days 00:00:42.965707,8,45,20.0,70.0,35.0,45.0,70.0,80.0,20.0,,,5,3.0,6.0,3.0,5.0,3.0,5.0,3.0,,,COMPLETE
570,570,0.8380355276907001,2025-01-03 22:30:43.632271,2025-01-03 22:31:19.343878,0 days 00:00:35.711607,8,100,50.0,65.0,30.0,80.0,40.0,35.0,55.0,,,2,3.0,6.0,3.0,6.0,2.0,5.0,2.0,,,COMPLETE
571,571,0.7898305084745763,2025-01-03 22:31:19.344952,2025-01-03 22:31:59.429628,0 days 00:00:40.084676,8,85,60.0,45.0,45.0,35.0,50.0,90.0,80.0,,,4,4.0,3.0,3.0,5.0,5.0,5.0,4.0,,,COMPLETE
572,572,0.7564807541241163,2025-01-03 22:31:59.430596,2025-01-03 22:32:33.578635,0 days 00:00:34.148039,6,80,40.0,100.0,30.0,100.0,5.0,,,,,6,2.0,4.0,3.0,6.0,6.0,,,,,COMPLETE
573,573,0.8870673952641166,2025-01-03 22:32:33.580137,2025-01-03 22:33:10.180934,0 days 00:00:36.600797,8,85,50.0,85.0,35.0,50.0,60.0,95.0,40.0,,,2,2.0,5.0,3.0,6.0,5.0,4.0,3.0,,,COMPLETE
574,574,0.8293650793650793,2025-01-03 22:33:10.182010,2025-01-03 22:33:40.108779,0 days 00:00:29.926769,8,85,50.0,90.0,35.0,50.0,60.0,95.0,35.0,,,2,2.0,4.0,3.0,6.0,5.0,4.0,3.0,,,COMPLETE
575,575,0.7739583333333333,2025-01-03 22:33:40.109621,2025-01-03 22:34:19.921938,0 days 00:00:39.812317,8,85,45.0,85.0,25.0,50.0,60.0,100.0,40.0,,,3,2.0,5.0,3.0,6.0,5.0,4.0,3.0,,,COMPLETE
576,576,0.8360215053763441,2025-01-03 22:34:19.922982,2025-01-03 22:34:50.094071,0 days 00:00:30.171089,8,80,50.0,85.0,30.0,50.0,60.0,95.0,40.0,,,2,2.0,4.0,2.0,6.0,5.0,4.0,3.0,,,COMPLETE
577,577,0.8056426332288402,2025-01-03 22:34:50.094986,2025-01-03 22:35:26.733940,0 days 00:00:36.638954,8,85,50.0,85.0,35.0,55.0,65.0,95.0,50.0,,,4,2.0,5.0,4.0,6.0,5.0,4.0,3.0,,,COMPLETE
578,578,0.7574967405475881,2025-01-03 22:35:26.734791,2025-01-03 22:36:08.646947,0 days 00:00:41.912156,8,85,15.0,80.0,30.0,50.0,55.0,90.0,45.0,,,5,2.0,4.0,3.0,6.0,5.0,4.0,3.0,,,COMPLETE
579,579,0.8452950558213717,2025-01-03 22:36:08.648273,2025-01-03 22:36:45.196716,0 days 00:00:36.548443,8,85,45.0,80.0,55.0,55.0,55.0,90.0,45.0,,,2,2.0,5.0,3.0,6.0,5.0,4.0,3.0,,,COMPLETE
580,580,0.87042842215256,2025-01-03 22:36:45.197547,2025-01-03 22:37:24.946222,0 days 00:00:39.748675,8,90,20.0,85.0,35.0,25.0,60.0,100.0,50.0,,,2,2.0,4.0,3.0,6.0,5.0,4.0,3.0,,,COMPLETE
581,581,0.8221642764015646,2025-01-03 22:37:24.947306,2025-01-03 22:38:07.054486,0 days 00:00:42.107180,8,80,65.0,90.0,25.0,50.0,10.0,95.0,35.0,,,4,5.0,5.0,3.0,6.0,5.0,4.0,3.0,,,COMPLETE
582,582,0.8056426332288402,2025-01-03 22:38:07.055367,2025-01-03 22:38:37.432174,0 days 00:00:30.376807,7,90,35.0,80.0,30.0,50.0,65.0,95.0,,,,2,2.0,5.0,3.0,4.0,5.0,4.0,,,,COMPLETE
583,583,0.8455843469063987,2025-01-03 22:38:37.433203,2025-01-03 22:39:20.588833,0 days 00:00:43.155630,9,90,45.0,85.0,20.0,65.0,60.0,90.0,55.0,65.0,,4,2.0,5.0,3.0,6.0,5.0,4.0,3.0,5.0,,COMPLETE
584,584,0.8538884524744697,2025-01-03 22:39:20.589746,2025-01-03 22:39:54.721068,0 days 00:00:34.131322,7,90,50.0,55.0,35.0,55.0,40.0,100.0,,,,5,2.0,5.0,3.0,3.0,5.0,5.0,,,,COMPLETE
585,585,0.861228813559322,2025-01-03 22:39:54.721866,2025-01-03 22:40:28.910554,0 days 00:00:34.188688,8,75,50.0,90.0,25.0,85.0,65.0,40.0,30.0,,,2,2.0,5.0,2.0,6.0,5.0,5.0,2.0,,,COMPLETE
586,586,0.7635063559322034,2025-01-03 22:40:28.911641,2025-01-03 22:40:56.523237,0 days 00:00:27.611596,9,85,45.0,75.0,30.0,60.0,45.0,25.0,25.0,15.0,,6,2.0,4.0,3.0,6.0,6.0,5.0,3.0,4.0,,COMPLETE
587,587,0.8225344782721832,2025-01-03 22:40:56.524148,2025-01-03 22:41:29.229212,0 days 00:00:32.705064,8,95,25.0,85.0,35.0,95.0,40.0,95.0,85.0,,,2,2.0,4.0,3.0,6.0,5.0,5.0,2.0,,,COMPLETE
588,588,0.780539397144368,2025-01-03 22:41:29.230249,2025-01-03 22:42:04.928659,0 days 00:00:35.698410,7,15,40.0,60.0,30.0,55.0,35.0,85.0,,,,4,4.0,5.0,3.0,6.0,5.0,2.0,,,,COMPLETE
589,589,0.7804555084745763,2025-01-03 22:42:04.929541,2025-01-03 22:42:39.959312,0 days 00:00:35.029771,6,85,15.0,55.0,25.0,90.0,5.0,,,,,5,4.0,4.0,3.0,6.0,6.0,,,,,COMPLETE
590,590,0.80625,2025-01-03 22:42:39.960816,2025-01-03 22:43:00.153065,0 days 00:00:20.192249,8,80,20.0,30.0,30.0,100.0,60.0,95.0,15.0,,,2,2.0,5.0,3.0,6.0,4.0,5.0,3.0,,,COMPLETE
591,591,0.8221642764015646,2025-01-03 22:43:00.154125,2025-01-03 22:43:34.433361,0 days 00:00:34.279236,7,95,10.0,70.0,35.0,70.0,75.0,70.0,,,,2,6.0,4.0,4.0,6.0,2.0,4.0,,,,COMPLETE
592,592,0.80625,2025-01-03 22:43:34.434397,2025-01-03 22:44:13.681133,0 days 00:00:39.246736,9,90,45.0,60.0,15.0,50.0,55.0,90.0,50.0,30.0,,2,2.0,5.0,3.0,6.0,3.0,5.0,2.0,6.0,,COMPLETE
593,593,0.8385416666666667,2025-01-03 22:44:13.681984,2025-01-03 22:44:48.919360,0 days 00:00:35.237376,8,100,70.0,75.0,30.0,60.0,40.0,100.0,65.0,,,3,2.0,5.0,3.0,6.0,6.0,3.0,3.0,,,COMPLETE
594,594,0.8221642764015646,2025-01-03 22:44:48.920447,2025-01-03 22:45:27.819461,0 days 00:00:38.899014,7,95,50.0,65.0,25.0,45.0,35.0,95.0,,,,5,4.0,4.0,3.0,6.0,5.0,5.0,,,,COMPLETE
595,595,0.8452380952380952,2025-01-03 22:45:27.820325,2025-01-03 22:46:06.000427,0 days 00:00:38.180102,8,90,50.0,65.0,40.0,90.0,15.0,90.0,40.0,,,2,2.0,5.0,2.0,6.0,5.0,5.0,4.0,,,COMPLETE
596,596,0.8056426332288402,2025-01-03 22:46:06.002344,2025-01-03 22:46:44.206448,0 days 00:00:38.204104,7,95,65.0,80.0,40.0,55.0,50.0,80.0,,,,5,2.0,5.0,3.0,6.0,6.0,4.0,,,,COMPLETE
597,597,0.8214192196910186,2025-01-03 22:46:44.207292,2025-01-03 22:47:09.996933,0 days 00:00:25.789641,6,10,35.0,55.0,30.0,95.0,40.0,,,,,2,4.0,4.0,3.0,6.0,2.0,,,,,COMPLETE
598,598,0.7902680197762164,2025-01-03 22:47:09.997742,2025-01-03 22:47:39.782584,0 days 00:00:29.784842,8,90,30.0,70.0,35.0,50.0,50.0,75.0,10.0,,,6,2.0,5.0,3.0,6.0,5.0,5.0,2.0,,,COMPLETE
599,599,0.87042842215256,2025-01-03 22:47:39.783762,2025-01-03 22:48:12.067792,0 days 00:00:32.284030,6,85,20.0,50.0,25.0,75.0,35.0,,,,,4,2.0,5.0,3.0,6.0,6.0,,,,,COMPLETE
600,600,0.8221642764015646,2025-01-03 22:48:12.068602,2025-01-03 22:48:44.292853,0 days 00:00:32.224251,9,85,50.0,70.0,30.0,60.0,40.0,90.0,45.0,60.0,,2,6.0,4.0,3.0,6.0,6.0,6.0,3.0,4.0,,COMPLETE
601,601,0.8781068217874141,2025-01-03 22:48:44.294019,2025-01-03 22:49:15.945596,0 days 00:00:31.651577,8,100,55.0,90.0,35.0,45.0,5.0,85.0,90.0,,,2,2.0,3.0,3.0,6.0,5.0,5.0,2.0,,,COMPLETE
602,602,0.8385416666666667,2025-01-03 22:49:15.946470,2025-01-03 22:49:45.703265,0 days 00:00:29.756795,7,100,55.0,95.0,35.0,45.0,45.0,85.0,,,,2,2.0,5.0,3.0,6.0,5.0,3.0,,,,COMPLETE
603,603,0.8221642764015646,2025-01-03 22:49:45.704095,2025-01-03 22:50:21.385256,0 days 00:00:35.681161,8,100,55.0,25.0,35.0,45.0,25.0,85.0,90.0,,,2,2.0,3.0,6.0,6.0,5.0,3.0,2.0,,,COMPLETE
604,604,0.8225344782721832,2025-01-03 22:50:21.386297,2025-01-03 22:50:52.570411,0 days 00:00:31.184114,8,100,55.0,90.0,35.0,45.0,55.0,85.0,85.0,,,2,2.0,3.0,3.0,6.0,5.0,2.0,4.0,,,COMPLETE
605,605,0.8225344782721832,2025-01-03 22:50:52.571303,2025-01-03 22:51:24.535513,0 days 00:00:31.964210,7,100,60.0,95.0,40.0,50.0,65.0,80.0,,,,2,2.0,3.0,3.0,6.0,5.0,5.0,,,,COMPLETE
606,606,0.8371848739495797,2025-01-03 22:51:24.536323,2025-01-03 22:51:55.145326,0 days 00:00:30.609003,6,100,55.0,90.0,35.0,45.0,20.0,,,,,2,2.0,3.0,5.0,6.0,5.0,,,,,COMPLETE
607,607,0.7739583333333333,2025-01-03 22:51:55.146322,2025-01-03 22:52:39.502953,0 days 00:00:44.356631,9,100,55.0,95.0,40.0,80.0,100.0,85.0,90.0,85.0,,2,2.0,3.0,3.0,6.0,5.0,5.0,3.0,6.0,,COMPLETE
608,608,0.829190904283448,2025-01-03 22:52:39.503887,2025-01-03 22:53:12.755329,0 days 00:00:33.251442,8,95,60.0,100.0,35.0,50.0,10.0,80.0,95.0,,,2,2.0,3.0,2.0,6.0,5.0,6.0,2.0,,,COMPLETE
609,609,0.8544980443285528,2025-01-03 22:53:12.756379,2025-01-03 22:53:40.015248,0 days 00:00:27.258869,7,100,50.0,90.0,35.0,35.0,30.0,80.0,,,,2,2.0,3.0,3.0,6.0,5.0,3.0,,,,COMPLETE
610,610,0.8286546610169492,2025-01-03 22:53:40.016086,2025-01-03 22:54:07.743491,0 days 00:00:27.727405,6,95,55.0,60.0,40.0,50.0,70.0,,,,,2,2.0,3.0,3.0,6.0,5.0,,,,,COMPLETE
611,611,0.845603813559322,2025-01-03 22:54:07.744795,2025-01-03 22:54:39.993975,0 days 00:00:32.249180,7,65,50.0,55.0,30.0,30.0,35.0,75.0,,,,2,2.0,3.0,3.0,6.0,5.0,5.0,,,,COMPLETE
612,612,0.9106858054226474,2025-01-03 22:54:39.994992,2025-01-03 22:55:10.499839,0 days 00:00:30.504847,8,80,40.0,50.0,45.0,65.0,40.0,55.0,90.0,,,2,2.0,3.0,3.0,6.0,5.0,5.0,3.0,,,COMPLETE
613,613,0.7739583333333333,2025-01-03 22:55:10.500779,2025-01-03 22:55:43.816413,0 days 00:00:33.315634,8,80,40.0,50.0,45.0,65.0,40.0,55.0,95.0,,,2,2.0,3.0,3.0,6.0,5.0,5.0,3.0,,,COMPLETE
614,614,0.8548009367681498,2025-01-03 22:55:43.817252,2025-01-03 22:56:13.656767,0 days 00:00:29.839515,8,80,40.0,50.0,50.0,65.0,40.0,55.0,90.0,,,2,2.0,3.0,3.0,6.0,3.0,5.0,3.0,,,COMPLETE
615,615,0.8221642764015646,2025-01-03 22:56:13.657781,2025-01-03 22:56:47.326189,0 days 00:00:33.668408,8,75,40.0,50.0,45.0,65.0,40.0,60.0,90.0,,,2,2.0,3.0,4.0,6.0,5.0,5.0,3.0,,,COMPLETE
616,616,0.8371848739495797,2025-01-03 22:56:47.327073,2025-01-03 22:57:21.978143,0 days 00:00:34.651070,8,85,40.0,50.0,30.0,70.0,35.0,60.0,90.0,,,2,2.0,3.0,3.0,6.0,5.0,5.0,3.0,,,COMPLETE
617,617,0.8385416666666667,2025-01-03 22:57:21.978931,2025-01-03 22:57:51.807462,0 days 00:00:29.828531,8,75,35.0,55.0,5.0,65.0,40.0,50.0,85.0,,,2,2.0,3.0,3.0,6.0,2.0,5.0,3.0,,,COMPLETE
618,618,0.8225344782721832,2025-01-03 22:57:51.808548,2025-01-03 22:58:21.649557,0 days 00:00:29.841009,8,80,40.0,50.0,50.0,60.0,5.0,65.0,100.0,,,2,2.0,3.0,3.0,6.0,3.0,5.0,3.0,,,COMPLETE
619,619,0.8032258064516129,2025-01-03 22:58:21.650358,2025-01-03 22:58:48.432275,0 days 00:00:26.781917,8,80,40.0,20.0,30.0,70.0,35.0,50.0,90.0,,,2,2.0,3.0,2.0,4.0,5.0,5.0,3.0,,,COMPLETE
620,620,0.8708333333333333,2025-01-03 22:58:48.433065,2025-01-03 22:59:32.334455,0 days 00:00:43.901390,9,80,45.0,50.0,55.0,65.0,40.0,70.0,85.0,10.0,,2,2.0,3.0,3.0,6.0,5.0,5.0,3.0,5.0,,COMPLETE
621,621,0.8548009367681498,2025-01-03 22:59:32.335588,2025-01-03 23:00:06.863866,0 days 00:00:34.528278,8,80,35.0,55.0,35.0,65.0,40.0,45.0,85.0,,,2,2.0,3.0,3.0,6.0,5.0,5.0,3.0,,,COMPLETE
622,622,0.8064516129032258,2025-01-03 23:00:06.865358,2025-01-03 23:00:33.791622,0 days 00:00:26.926264,8,85,45.0,55.0,45.0,60.0,35.0,35.0,95.0,,,2,2.0,3.0,3.0,6.0,2.0,5.0,3.0,,,COMPLETE
623,623,0.8538884524744697,2025-01-03 23:00:33.792631,2025-01-03 23:01:08.611127,0 days 00:00:34.818496,8,75,45.0,50.0,30.0,70.0,45.0,65.0,90.0,,,2,2.0,3.0,3.0,6.0,5.0,5.0,3.0,,,COMPLETE
624,624,0.8544980443285528,2025-01-03 23:01:08.612013,2025-01-03 23:01:45.666254,0 days 00:00:37.054241,9,85,40.0,65.0,50.0,55.0,45.0,45.0,85.0,45.0,,2,2.0,3.0,3.0,6.0,5.0,5.0,2.0,3.0,,COMPLETE
625,625,0.8385416666666667,2025-01-03 23:01:45.667157,2025-01-03 23:02:15.549155,0 days 00:00:29.881998,7,80,45.0,75.0,30.0,55.0,40.0,90.0,,,,2,2.0,3.0,3.0,6.0,4.0,5.0,,,,COMPLETE
626,626,0.8214192196910186,2025-01-03 23:02:15.550222,2025-01-03 23:02:44.121822,0 days 00:00:28.571600,8,85,45.0,45.0,35.0,25.0,35.0,90.0,95.0,,,2,2.0,3.0,3.0,6.0,2.0,5.0,3.0,,,COMPLETE
627,627,0.8064516129032258,2025-01-03 23:02:44.122676,2025-01-03 23:03:17.904768,0 days 00:00:33.782092,8,90,40.0,60.0,40.0,60.0,5.0,70.0,100.0,,,2,2.0,4.0,4.0,6.0,5.0,5.0,2.0,,,COMPLETE
628,628,0.8293650793650793,2025-01-03 23:03:17.905626,2025-01-03 23:03:49.468678,0 days 00:00:31.563052,7,85,65.0,55.0,30.0,55.0,65.0,90.0,,,,2,2.0,3.0,3.0,6.0,5.0,5.0,,,,COMPLETE
629,629,0.7799043062200957,2025-01-03 23:03:49.469764,2025-01-03 23:04:16.939709,0 days 00:00:27.469945,8,90,45.0,50.0,45.0,65.0,40.0,55.0,95.0,,,6,2.0,4.0,3.0,6.0,5.0,2.0,3.0,,,COMPLETE
630,630,0.8277511961722488,2025-01-03 23:04:16.940617,2025-01-03 23:04:59.285900,0 days 00:00:42.345283,9,85,35.0,70.0,50.0,50.0,10.0,20.0,80.0,50.0,,2,4.0,3.0,2.0,6.0,3.0,5.0,3.0,5.0,,COMPLETE
631,631,0.87042842215256,2025-01-03 23:04:59.286983,2025-01-03 23:05:25.888246,0 days 00:00:26.601263,8,90,40.0,65.0,35.0,55.0,30.0,85.0,55.0,,,2,2.0,4.0,3.0,6.0,2.0,3.0,2.0,,,COMPLETE
632,632,0.7898305084745763,2025-01-03 23:05:25.889099,2025-01-03 23:06:01.457823,0 days 00:00:35.568724,7,80,65.0,60.0,30.0,50.0,45.0,30.0,,,,2,4.0,3.0,3.0,6.0,5.0,5.0,,,,COMPLETE
633,633,0.8119363395225465,2025-01-03 23:06:01.458650,2025-01-03 23:06:36.986495,0 days 00:00:35.527845,8,95,50.0,55.0,35.0,70.0,35.0,40.0,40.0,,,6,2.0,3.0,3.0,6.0,3.0,5.0,3.0,,,COMPLETE
634,634,0.7801587301587302,2025-01-03 23:06:36.987585,2025-01-03 23:07:10.916259,0 days 00:00:33.928674,8,70,5.0,10.0,30.0,50.0,60.0,60.0,35.0,,,2,2.0,4.0,3.0,6.0,4.0,5.0,2.0,,,COMPLETE
635,635,0.8445623342175066,2025-01-03 23:07:10.917118,2025-01-03 23:07:45.716156,0 days 00:00:34.799038,7,90,45.0,75.0,40.0,65.0,40.0,35.0,,,,3,2.0,3.0,3.0,6.0,5.0,5.0,,,,COMPLETE
636,636,0.850108225108225,2025-01-03 23:07:45.717220,2025-01-03 23:08:22.181558,0 days 00:00:36.464338,9,5,50.0,70.0,30.0,60.0,40.0,75.0,90.0,75.0,,2,4.0,4.0,3.0,4.0,5.0,5.0,3.0,2.0,,COMPLETE
637,637,0.7920087575259989,2025-01-03 23:08:22.182492,2025-01-03 23:08:54.533594,0 days 00:00:32.351102,8,75,60.0,50.0,35.0,55.0,60.0,85.0,5.0,,,2,2.0,4.0,3.0,6.0,2.0,5.0,2.0,,,COMPLETE
638,638,0.8286247334754797,2025-01-03 23:08:54.534432,2025-01-03 23:09:23.079207,0 days 00:00:28.544775,7,85,30.0,45.0,30.0,65.0,35.0,100.0,,,,2,4.0,3.0,3.0,6.0,5.0,3.0,,,,COMPLETE
639,639,0.80625,2025-01-03 23:09:23.080244,2025-01-03 23:09:53.845408,0 days 00:00:30.765164,7,100,40.0,75.0,45.0,50.0,10.0,95.0,,,,2,2.0,2.0,2.0,6.0,5.0,6.0,,,,COMPLETE
640,640,0.8538884524744697,2025-01-03 23:09:53.846254,2025-01-03 23:10:31.852164,0 days 00:00:38.005910,8,95,45.0,15.0,35.0,85.0,30.0,40.0,30.0,,,3,2.0,6.0,3.0,6.0,4.0,5.0,3.0,,,COMPLETE
641,641,0.7889499869075673,2025-01-03 23:10:31.853030,2025-01-03 23:11:04.842816,0 days 00:00:32.989786,7,80,50.0,5.0,35.0,60.0,65.0,90.0,,,,2,2.0,4.0,3.0,6.0,5.0,5.0,,,,COMPLETE
642,642,0.7960805084745763,2025-01-03 23:11:04.843920,2025-01-03 23:11:48.311179,0 days 00:00:43.467259,9,90,75.0,65.0,80.0,55.0,5.0,65.0,15.0,90.0,,2,2.0,6.0,3.0,6.0,5.0,5.0,2.0,6.0,,COMPLETE
643,643,0.8385416666666667,2025-01-03 23:11:48.312082,2025-01-03 23:12:40.324787,0 days 00:00:52.012705,8,85,35.0,55.0,45.0,30.0,45.0,95.0,85.0,,,6,4.0,6.0,3.0,6.0,5.0,5.0,5.0,,,COMPLETE
644,644,0.8225344782721832,2025-01-03 23:12:40.325998,2025-01-03 23:13:17.175502,0 days 00:00:36.849504,8,100,60.0,50.0,30.0,60.0,20.0,85.0,80.0,,,2,2.0,4.0,3.0,6.0,2.0,5.0,3.0,,,COMPLETE
645,645,0.8130618720253834,2025-01-03 23:13:17.176347,2025-01-03 23:13:55.339301,0 days 00:00:38.162954,9,90,90.0,55.0,40.0,75.0,35.0,90.0,25.0,65.0,,2,2.0,3.0,3.0,6.0,5.0,5.0,2.0,4.0,,COMPLETE
646,646,0.8221642764015646,2025-01-03 23:13:55.340418,2025-01-03 23:14:31.709343,0 days 00:00:36.368925,8,95,45.0,60.0,25.0,25.0,40.0,100.0,45.0,,,2,2.0,6.0,3.0,6.0,6.0,2.0,3.0,,,COMPLETE
647,647,0.87042842215256,2025-01-03 23:14:31.710207,2025-01-03 23:14:53.881487,0 days 00:00:22.171280,7,90,15.0,35.0,35.0,50.0,40.0,95.0,,,,2,2.0,3.0,3.0,6.0,2.0,3.0,,,,COMPLETE
648,648,0.8544980443285528,2025-01-03 23:14:53.882264,2025-01-03 23:15:18.011593,0 days 00:00:24.129329,9,95,50.0,70.0,30.0,85.0,65.0,50.0,50.0,35.0,,2,4.0,6.0,5.0,6.0,3.0,5.0,2.0,3.0,,COMPLETE
649,649,0.8538884524744697,2025-01-03 23:15:18.012742,2025-01-03 23:16:01.874188,0 days 00:00:43.861446,7,85,50.0,55.0,40.0,50.0,35.0,90.0,,,,2,2.0,6.0,4.0,6.0,5.0,5.0,,,,COMPLETE
650,650,0.8130618720253834,2025-01-03 23:16:01.875065,2025-01-03 23:16:58.784223,0 days 00:00:56.909158,10,100,40.0,45.0,25.0,45.0,95.0,5.0,100.0,40.0,5.0,6,2.0,6.0,3.0,6.0,6.0,6.0,3.0,6.0,2.0,COMPLETE
651,651,0.7898305084745763,2025-01-03 23:16:58.785534,2025-01-03 23:17:36.844254,0 days 00:00:38.058720,8,80,70.0,50.0,35.0,55.0,45.0,80.0,85.0,,,2,4.0,4.0,2.0,6.0,5.0,5.0,4.0,,,COMPLETE
652,652,0.8544980443285528,2025-01-03 23:17:36.845115,2025-01-03 23:18:17.465152,0 days 00:00:40.620037,7,90,25.0,60.0,30.0,60.0,40.0,70.0,,,,2,2.0,6.0,3.0,6.0,5.0,5.0,,,,COMPLETE
653,653,0.8056426332288402,2025-01-03 23:18:17.466283,2025-01-03 23:18:48.116830,0 days 00:00:30.650547,8,25,35.0,75.0,40.0,100.0,25.0,100.0,90.0,,,2,3.0,3.0,3.0,6.0,3.0,5.0,2.0,,,COMPLETE
654,654,0.8445623342175066,2025-01-03 23:18:48.117668,2025-01-03 23:19:20.472318,0 days 00:00:32.354650,8,95,65.0,70.0,30.0,5.0,70.0,85.0,55.0,,,2,2.0,3.0,3.0,4.0,5.0,5.0,3.0,,,COMPLETE
655,655,0.8214192196910186,2025-01-03 23:19:20.473184,2025-01-03 23:19:47.446607,0 days 00:00:26.973423,7,60,85.0,50.0,25.0,80.0,60.0,75.0,,,,2,3.0,2.0,3.0,6.0,5.0,3.0,,,,COMPLETE
656,656,0.8130296610169492,2025-01-03 23:19:47.448351,2025-01-03 23:20:22.510565,0 days 00:00:35.062214,8,85,10.0,45.0,35.0,90.0,15.0,45.0,60.0,,,2,2.0,6.0,3.0,6.0,6.0,3.0,3.0,,,COMPLETE
657,657,0.80625,2025-01-03 23:20:22.511431,2025-01-03 23:21:06.393530,0 days 00:00:43.882099,8,80,55.0,40.0,30.0,65.0,45.0,30.0,95.0,,,6,4.0,6.0,3.0,6.0,6.0,5.0,3.0,,,COMPLETE
658,658,0.8221642764015646,2025-01-03 23:21:06.394670,2025-01-03 23:21:41.519228,0 days 00:00:35.124558,7,90,50.0,65.0,30.0,70.0,5.0,90.0,,,,2,2.0,5.0,3.0,6.0,5.0,6.0,,,,COMPLETE
659,659,0.8548009367681498,2025-01-03 23:21:41.520113,2025-01-03 23:22:17.130425,0 days 00:00:35.610312,9,100,45.0,60.0,25.0,50.0,35.0,95.0,80.0,80.0,,2,2.0,4.0,2.0,6.0,2.0,5.0,2.0,5.0,,COMPLETE
660,660,0.8544980443285528,2025-01-03 23:22:17.131296,2025-01-03 23:22:47.692781,0 days 00:00:30.561485,8,85,60.0,70.0,45.0,55.0,40.0,95.0,20.0,,,2,2.0,3.0,3.0,6.0,5.0,5.0,3.0,,,COMPLETE
661,661,0.8130296610169492,2025-01-03 23:22:47.693743,2025-01-03 23:23:07.264178,0 days 00:00:19.570435,7,75,40.0,50.0,10.0,45.0,40.0,90.0,,,,6,3.0,6.0,3.0,6.0,5.0,5.0,,,,COMPLETE
662,662,0.8385416666666667,2025-01-03 23:23:07.265065,2025-01-03 23:23:38.927968,0 days 00:00:31.662903,8,95,30.0,55.0,35.0,75.0,30.0,100.0,90.0,,,2,4.0,4.0,3.0,6.0,3.0,5.0,2.0,,,COMPLETE
663,663,0.8126984126984127,2025-01-03 23:23:38.928775,2025-01-03 23:24:14.207828,0 days 00:00:35.279053,7,90,45.0,55.0,40.0,50.0,45.0,85.0,,,,2,2.0,5.0,3.0,6.0,6.0,5.0,,,,COMPLETE
664,664,0.8380355276907001,2025-01-03 23:24:14.209010,2025-01-03 23:24:41.916971,0 days 00:00:27.707961,5,85,65.0,65.0,30.0,65.0,,,,,,2,4.0,6.0,3.0,6.0,,,,,,COMPLETE
665,665,0.8544980443285528,2025-01-03 23:24:41.917873,2025-01-03 23:25:16.980365,0 days 00:00:35.062492,8,90,55.0,75.0,50.0,30.0,40.0,40.0,50.0,,,2,2.0,5.0,3.0,6.0,5.0,2.0,4.0,,,COMPLETE
666,666,0.8544980443285528,2025-01-03 23:25:16.981407,2025-01-03 23:26:03.674628,0 days 00:00:46.693221,9,95,15.0,45.0,40.0,55.0,10.0,95.0,45.0,30.0,,3,2.0,6.0,3.0,6.0,6.0,5.0,3.0,4.0,,COMPLETE
667,667,0.8214192196910186,2025-01-03 23:26:03.675596,2025-01-03 23:26:37.404666,0 days 00:00:33.729070,7,90,45.0,70.0,35.0,100.0,35.0,90.0,,,,2,3.0,3.0,4.0,6.0,5.0,5.0,,,,COMPLETE
668,668,0.8544980443285528,2025-01-03 23:26:37.405734,2025-01-03 23:27:05.990931,0 days 00:00:28.585197,7,85,50.0,40.0,30.0,60.0,55.0,55.0,,,,2,2.0,4.0,3.0,6.0,2.0,5.0,,,,COMPLETE
669,669,0.8202898550724638,2025-01-03 23:27:05.991774,2025-01-03 23:27:49.986306,0 days 00:00:43.994532,8,95,35.0,55.0,35.0,45.0,60.0,95.0,80.0,,,6,4.0,6.0,3.0,6.0,5.0,5.0,2.0,,,COMPLETE
670,670,0.7965517241379311,2025-01-03 23:27:49.987219,2025-01-03 23:28:22.064384,0 days 00:00:32.077165,8,80,40.0,60.0,40.0,70.0,5.0,80.0,55.0,,,2,2.0,5.0,2.0,6.0,3.0,5.0,2.0,,,COMPLETE
671,671,0.87042842215256,2025-01-03 23:28:22.065427,2025-01-03 23:28:49.155170,0 days 00:00:27.089743,6,100,55.0,50.0,25.0,55.0,35.0,,,,,2,2.0,4.0,3.0,6.0,4.0,,,,,COMPLETE
672,672,0.8385416666666667,2025-01-03 23:28:49.155990,2025-01-03 23:29:23.723869,0 days 00:00:34.567879,9,90,70.0,45.0,30.0,85.0,40.0,100.0,10.0,55.0,,2,2.0,3.0,3.0,3.0,4.0,5.0,3.0,6.0,,COMPLETE
673,673,0.80625,2025-01-03 23:29:23.724706,2025-01-03 23:29:57.205771,0 days 00:00:33.481065,7,85,50.0,75.0,45.0,50.0,40.0,35.0,,,,2,3.0,6.0,3.0,6.0,5.0,3.0,,,,COMPLETE
674,674,0.8385416666666667,2025-01-03 23:29:57.207007,2025-01-03 23:30:33.087598,0 days 00:00:35.880591,8,95,40.0,65.0,35.0,25.0,70.0,60.0,90.0,,,2,3.0,6.0,3.0,6.0,5.0,2.0,3.0,,,COMPLETE
675,675,0.7840909090909092,2025-01-03 23:30:33.088459,2025-01-03 23:30:37.476027,0 days 00:00:04.387568,1,100,,,,,,,,,,2,,,,,,,,,,COMPLETE
676,676,0.8387096774193549,2025-01-03 23:30:37.476708,2025-01-03 23:31:15.407512,0 days 00:00:37.930804,7,80,25.0,55.0,30.0,95.0,65.0,70.0,,,,3,2.0,3.0,3.0,6.0,6.0,6.0,,,,COMPLETE
677,677,0.7876152832674572,2025-01-03 23:31:15.408587,2025-01-03 23:31:55.789126,0 days 00:00:40.380539,8,90,60.0,80.0,40.0,65.0,20.0,25.0,40.0,,,5,4.0,5.0,3.0,6.0,2.0,5.0,2.0,,,COMPLETE
678,678,0.7902680197762164,2025-01-03 23:31:55.790094,2025-01-03 23:32:31.893579,0 days 00:00:36.103485,8,90,10.0,60.0,25.0,45.0,30.0,65.0,85.0,,,2,2.0,6.0,3.0,6.0,5.0,5.0,3.0,,,COMPLETE
679,679,0.7739583333333333,2025-01-03 23:32:31.894690,2025-01-03 23:32:51.472041,0 days 00:00:19.577351,6,95,15.0,70.0,30.0,50.0,5.0,,,,,6,2.0,4.0,3.0,6.0,6.0,,,,,COMPLETE
680,680,0.8548009367681498,2025-01-03 23:32:51.472952,2025-01-03 23:33:30.999150,0 days 00:00:39.526198,9,25,45.0,50.0,35.0,30.0,60.0,90.0,95.0,95.0,,2,4.0,3.0,2.0,6.0,6.0,5.0,3.0,2.0,,COMPLETE
681,681,0.8031746031746032,2025-01-03 23:33:31.000058,2025-01-03 23:34:11.109456,0 days 00:00:40.109398,7,85,55.0,55.0,25.0,20.0,45.0,95.0,,,,2,2.0,6.0,5.0,6.0,5.0,5.0,,,,COMPLETE
682,682,0.8452380952380952,2025-01-03 23:34:11.110564,2025-01-03 23:34:48.316875,0 days 00:00:37.206311,8,95,50.0,45.0,45.0,60.0,35.0,85.0,55.0,,,4,3.0,5.0,6.0,6.0,5.0,3.0,4.0,,,COMPLETE
683,683,0.8214192196910186,2025-01-03 23:34:48.317849,2025-01-03 23:35:22.846376,0 days 00:00:34.528527,6,85,45.0,75.0,30.0,90.0,25.0,,,,,5,2.0,6.0,3.0,6.0,6.0,,,,,COMPLETE
684,684,0.8214192196910186,2025-01-03 23:35:22.847210,2025-01-03 23:35:54.871871,0 days 00:00:32.024661,7,90,65.0,50.0,35.0,55.0,45.0,90.0,,,,2,4.0,5.0,3.0,6.0,3.0,4.0,,,,COMPLETE
685,685,0.8548009367681498,2025-01-03 23:35:54.872959,2025-01-03 23:36:33.199571,0 days 00:00:38.326612,9,100,55.0,100.0,40.0,35.0,40.0,50.0,60.0,70.0,,2,2.0,4.0,3.0,6.0,5.0,4.0,2.0,5.0,,COMPLETE
686,686,0.8385416666666667,2025-01-03 23:36:33.200482,2025-01-03 23:37:04.680367,0 days 00:00:31.479885,8,20,50.0,65.0,30.0,70.0,10.0,100.0,90.0,,,2,2.0,3.0,3.0,6.0,5.0,5.0,2.0,,,COMPLETE
687,687,0.8214192196910186,2025-01-03 23:37:04.681442,2025-01-03 23:37:50.383645,0 days 00:00:45.702203,10,30,40.0,80.0,35.0,50.0,35.0,95.0,5.0,25.0,25.0,2,3.0,6.0,3.0,6.0,2.0,5.0,3.0,6.0,2.0,COMPLETE
688,688,0.7898305084745763,2025-01-03 23:37:50.384695,2025-01-03 23:38:10.393228,0 days 00:00:20.008533,8,80,25.0,70.0,25.0,65.0,55.0,75.0,50.0,,,5,4.0,4.0,3.0,6.0,5.0,5.0,2.0,,,COMPLETE
689,689,0.8214192196910186,2025-01-03 23:38:10.394097,2025-01-03 23:38:47.938356,0 days 00:00:37.544259,7,65,60.0,60.0,55.0,100.0,40.0,90.0,,,,2,2.0,6.0,3.0,5.0,6.0,5.0,,,,COMPLETE
690,690,0.8387096774193549,2025-01-03 23:38:47.939454,2025-01-03 23:39:12.619645,0 days 00:00:24.680191,7,95,45.0,40.0,40.0,45.0,65.0,80.0,,,,6,2.0,3.0,3.0,2.0,2.0,4.0,,,,COMPLETE
691,691,0.8544980443285528,2025-01-03 23:39:12.620446,2025-01-03 23:39:48.599404,0 days 00:00:35.978958,8,75,30.0,95.0,30.0,50.0,30.0,45.0,85.0,,,2,3.0,5.0,3.0,6.0,5.0,5.0,3.0,,,COMPLETE
692,692,0.8685344827586207,2025-01-03 23:39:48.600512,2025-01-03 23:40:05.069942,0 days 00:00:16.469430,6,85,15.0,50.0,35.0,55.0,15.0,,,,,5,2.0,6.0,2.0,6.0,5.0,,,,,COMPLETE
693,693,0.7720588235294117,2025-01-03 23:40:05.070793,2025-01-03 23:40:51.813099,0 days 00:00:46.742306,9,70,40.0,65.0,30.0,60.0,45.0,95.0,30.0,75.0,,4,4.0,4.0,3.0,4.0,5.0,5.0,4.0,4.0,,COMPLETE
694,694,0.8293650793650793,2025-01-03 23:40:51.814174,2025-01-03 23:41:32.003693,0 days 00:00:40.189519,8,95,55.0,75.0,25.0,80.0,40.0,85.0,35.0,,,2,2.0,6.0,3.0,6.0,6.0,2.0,6.0,,,COMPLETE
695,695,0.7898305084745763,2025-01-03 23:41:32.004872,2025-01-03 23:41:55.518098,0 days 00:00:23.513226,5,90,45.0,55.0,35.0,35.0,,,,,,2,2.0,5.0,3.0,6.0,,,,,,COMPLETE
696,696,0.8225344782721832,2025-01-03 23:41:55.519375,2025-01-03 23:42:22.275681,0 days 00:00:26.756306,6,100,20.0,50.0,45.0,95.0,5.0,,,,,2,3.0,3.0,3.0,5.0,5.0,,,,,COMPLETE
697,697,0.8380355276907001,2025-01-03 23:42:22.276475,2025-01-03 23:43:03.539061,0 days 00:00:41.262586,8,10,35.0,60.0,30.0,30.0,35.0,100.0,100.0,,,4,2.0,6.0,4.0,6.0,2.0,5.0,3.0,,,COMPLETE
698,698,0.8126984126984127,2025-01-03 23:43:03.540274,2025-01-03 23:43:38.338599,0 days 00:00:34.798325,7,85,60.0,70.0,40.0,40.0,35.0,40.0,,,,6,2.0,5.0,3.0,5.0,6.0,6.0,,,,COMPLETE
699,699,0.746684350132626,2025-01-03 23:43:38.339523,2025-01-03 23:44:17.038170,0 days 00:00:38.698647,8,90,50.0,45.0,30.0,55.0,60.0,85.0,20.0,,,2,4.0,6.0,3.0,6.0,3.0,5.0,2.0,,,COMPLETE
700,700,0.8046218487394958,2025-01-03 23:44:17.039303,2025-01-03 23:44:56.762511,0 days 00:00:39.723208,8,80,50.0,55.0,35.0,90.0,40.0,95.0,90.0,,,5,2.0,3.0,3.0,6.0,4.0,5.0,5.0,,,COMPLETE
701,701,0.787176724137931,2025-01-03 23:44:56.763442,2025-01-03 23:45:44.958270,0 days 00:00:48.194828,9,95,50.0,45.0,45.0,50.0,35.0,65.0,60.0,60.0,,3,4.0,4.0,3.0,5.0,6.0,5.0,3.0,5.0,,COMPLETE
702,702,0.8385416666666667,2025-01-03 23:45:44.959423,2025-01-03 23:46:12.657561,0 days 00:00:27.698138,6,90,65.0,55.0,30.0,100.0,40.0,,,,,2,2.0,5.0,3.0,6.0,5.0,,,,,COMPLETE
703,703,0.7616747181964574,2025-01-03 23:46:12.658465,2025-01-03 23:46:49.497003,0 days 00:00:36.838538,7,90,60.0,60.0,25.0,60.0,30.0,90.0,,,,2,3.0,6.0,2.0,6.0,6.0,5.0,,,,COMPLETE
704,704,0.8385416666666667,2025-01-03 23:46:49.497872,2025-01-03 23:47:22.681154,0 days 00:00:33.183282,7,85,45.0,20.0,40.0,45.0,45.0,35.0,,,,2,2.0,5.0,3.0,6.0,3.0,5.0,,,,COMPLETE
705,705,0.8031746031746032,2025-01-03 23:47:22.682272,2025-01-03 23:47:57.042038,0 days 00:00:34.359766,9,100,45.0,75.0,35.0,65.0,5.0,100.0,75.0,85.0,,4,2.0,3.0,3.0,6.0,5.0,3.0,2.0,3.0,,COMPLETE
706,706,0.7739583333333333,2025-01-03 23:47:57.042936,2025-01-03 23:48:31.644382,0 days 00:00:34.601446,8,75,25.0,50.0,50.0,50.0,50.0,95.0,45.0,,,2,2.0,6.0,3.0,6.0,5.0,4.0,3.0,,,COMPLETE
707,707,0.7741935483870968,2025-01-03 23:48:31.645713,2025-01-03 23:49:03.837077,0 days 00:00:32.191364,7,95,55.0,80.0,25.0,90.0,45.0,85.0,,,,2,4.0,6.0,3.0,5.0,2.0,5.0,,,,COMPLETE
708,708,0.7898305084745763,2025-01-03 23:49:03.837997,2025-01-03 23:49:39.766845,0 days 00:00:35.928848,8,85,30.0,70.0,30.0,55.0,55.0,90.0,95.0,,,2,2.0,4.0,3.0,6.0,5.0,5.0,3.0,,,COMPLETE
709,709,0.8088272383354351,2025-01-03 23:49:39.767727,2025-01-03 23:49:49.722455,0 days 00:00:09.954728,2,35,40.0,,,,,,,,,5,3.0,,,,,,,,,COMPLETE
710,710,0.8618037135278515,2025-01-03 23:49:49.723127,2025-01-03 23:50:20.926433,0 days 00:00:31.203306,6,60,50.0,65.0,40.0,35.0,40.0,,,,,4,2.0,3.0,3.0,6.0,6.0,,,,,COMPLETE
711,711,0.8214192196910186,2025-01-03 23:50:20.927501,2025-01-03 23:50:50.141511,0 days 00:00:29.214010,7,80,55.0,55.0,30.0,85.0,60.0,55.0,,,,2,2.0,5.0,3.0,6.0,4.0,2.0,,,,COMPLETE
712,712,0.8221642764015646,2025-01-03 23:50:50.142346,2025-01-03 23:51:35.712300,0 days 00:00:45.569954,8,40,15.0,50.0,35.0,75.0,35.0,75.0,85.0,,,6,4.0,6.0,4.0,5.0,5.0,6.0,2.0,,,COMPLETE
713,713,0.8056426332288402,2025-01-03 23:51:35.713473,2025-01-03 23:52:10.556183,0 days 00:00:34.842710,10,90,35.0,60.0,30.0,70.0,35.0,70.0,95.0,50.0,40.0,4,2.0,6.0,3.0,5.0,5.0,5.0,3.0,6.0,3.0,COMPLETE
714,714,0.8225344782721832,2025-01-03 23:52:10.557209,2025-01-03 23:52:52.737689,0 days 00:00:42.180480,8,95,20.0,35.0,40.0,50.0,65.0,100.0,15.0,,,2,3.0,5.0,2.0,6.0,5.0,5.0,2.0,,,COMPLETE
715,715,0.8523002421307506,2025-01-03 23:52:52.738793,2025-01-03 23:53:13.604182,0 days 00:00:20.865389,5,90,40.0,75.0,35.0,40.0,,,,,,2,2.0,4.0,3.0,6.0,,,,,,COMPLETE
716,716,0.8708333333333333,2025-01-03 23:53:13.605015,2025-01-03 23:53:44.026076,0 days 00:00:30.421061,7,100,45.0,40.0,25.0,95.0,10.0,90.0,,,,5,2.0,3.0,3.0,3.0,5.0,3.0,,,,COMPLETE
717,717,0.8544980443285528,2025-01-03 23:53:44.026936,2025-01-03 23:54:16.100130,0 days 00:00:32.073194,6,85,60.0,70.0,45.0,60.0,40.0,,,,,2,3.0,6.0,3.0,6.0,6.0,,,,,COMPLETE
718,718,0.8385416666666667,2025-01-03 23:54:16.100931,2025-01-03 23:54:58.544768,0 days 00:00:42.443837,9,85,10.0,55.0,35.0,45.0,5.0,95.0,55.0,45.0,,2,4.0,6.0,3.0,5.0,2.0,5.0,3.0,5.0,,COMPLETE
719,719,0.780539397144368,2025-01-03 23:54:58.545965,2025-01-03 23:55:35.814593,0 days 00:00:37.268628,8,95,65.0,50.0,40.0,65.0,40.0,90.0,80.0,,,6,2.0,4.0,3.0,6.0,3.0,5.0,2.0,,,COMPLETE
720,720,0.7902680197762164,2025-01-03 23:55:35.815474,2025-01-03 23:56:04.502553,0 days 00:00:28.687079,7,80,55.0,65.0,25.0,55.0,45.0,95.0,,,,2,2.0,2.0,3.0,6.0,5.0,4.0,,,,COMPLETE
721,721,0.8548009367681498,2025-01-03 23:56:04.503636,2025-01-03 23:56:42.596134,0 days 00:00:38.092498,8,95,65.0,45.0,30.0,90.0,65.0,90.0,40.0,,,2,4.0,5.0,3.0,6.0,6.0,5.0,3.0,,,COMPLETE
722,722,0.7960805084745763,2025-01-03 23:56:42.597070,2025-01-03 23:57:12.827318,0 days 00:00:30.230248,6,90,70.0,60.0,35.0,50.0,40.0,,,,,4,2.0,6.0,3.0,5.0,5.0,,,,,COMPLETE
723,723,0.8870673952641166,2025-01-03 23:57:12.828401,2025-01-03 23:58:07.886845,0 days 00:00:55.058444,9,95,50.0,90.0,50.0,30.0,70.0,100.0,60.0,90.0,,5,3.0,3.0,2.0,6.0,6.0,5.0,2.0,6.0,,COMPLETE
724,724,0.7801587301587302,2025-01-03 23:58:07.887848,2025-01-03 23:58:52.131602,0 days 00:00:44.243754,9,15,50.0,90.0,50.0,30.0,70.0,100.0,60.0,90.0,,5,3.0,3.0,2.0,6.0,6.0,5.0,2.0,6.0,,COMPLETE
725,725,0.8286247334754797,2025-01-03 23:58:52.132755,2025-01-03 23:59:35.932455,0 days 00:00:43.799700,9,85,50.0,95.0,50.0,25.0,75.0,100.0,55.0,100.0,,5,3.0,3.0,2.0,6.0,6.0,5.0,2.0,6.0,,COMPLETE
726,726,0.7889499869075673,2025-01-03 23:59:35.933437,2025-01-04 00:00:22.177294,0 days 00:00:46.243857,9,100,50.0,90.0,45.0,30.0,70.0,100.0,65.0,95.0,,5,3.0,3.0,2.0,6.0,6.0,3.0,2.0,6.0,,COMPLETE
727,727,0.7580015612802498,2025-01-04 00:00:22.178455,2025-01-04 00:01:11.474880,0 days 00:00:49.296425,9,90,55.0,95.0,55.0,30.0,70.0,100.0,65.0,80.0,,5,3.0,3.0,2.0,6.0,6.0,5.0,2.0,6.0,,COMPLETE
728,728,0.8214192196910186,2025-01-04 00:01:11.475860,2025-01-04 00:01:54.852566,0 days 00:00:43.376706,9,85,50.0,90.0,45.0,70.0,70.0,100.0,60.0,85.0,,4,3.0,3.0,2.0,6.0,6.0,5.0,2.0,5.0,,COMPLETE
729,729,0.80625,2025-01-04 00:01:54.854728,2025-01-04 00:02:40.644380,0 days 00:00:45.789652,9,95,45.0,90.0,55.0,30.0,60.0,95.0,75.0,90.0,,4,3.0,3.0,2.0,6.0,6.0,5.0,2.0,6.0,,COMPLETE
730,730,0.8548009367681498,2025-01-04 00:02:40.645302,2025-01-04 00:03:23.754971,0 days 00:00:43.109669,9,90,50.0,25.0,50.0,30.0,65.0,100.0,60.0,70.0,,5,3.0,3.0,2.0,6.0,6.0,3.0,2.0,4.0,,COMPLETE
731,731,0.8125996810207337,2025-01-04 00:03:23.756233,2025-01-04 00:04:08.520263,0 days 00:00:44.764030,9,85,45.0,85.0,60.0,30.0,80.0,95.0,70.0,95.0,,4,3.0,3.0,2.0,6.0,6.0,6.0,2.0,5.0,,COMPLETE
732,732,0.8380355276907001,2025-01-04 00:04:08.521198,2025-01-04 00:04:57.860042,0 days 00:00:49.338844,9,95,55.0,85.0,50.0,35.0,70.0,95.0,10.0,60.0,,5,3.0,3.0,2.0,6.0,6.0,5.0,2.0,6.0,,COMPLETE
733,733,0.7876152832674572,2025-01-04 00:04:57.861276,2025-01-04 00:05:21.689675,0 days 00:00:23.828399,9,80,45.0,100.0,45.0,35.0,55.0,100.0,60.0,75.0,,4,3.0,3.0,2.0,6.0,6.0,5.0,2.0,4.0,,COMPLETE
734,734,0.8617133791644632,2025-01-04 00:05:21.690570,2025-01-04 00:05:42.205308,0 days 00:00:20.514738,10,100,50.0,95.0,50.0,25.0,50.0,95.0,65.0,100.0,10.0,5,3.0,3.0,2.0,6.0,6.0,4.0,2.0,6.0,2.0,COMPLETE
735,735,0.7898305084745763,2025-01-04 00:05:42.206967,2025-01-04 00:06:21.533591,0 days 00:00:39.326624,9,90,45.0,90.0,45.0,25.0,70.0,85.0,90.0,75.0,,4,3.0,3.0,2.0,6.0,6.0,2.0,2.0,5.0,,COMPLETE
736,736,0.7720588235294117,2025-01-04 00:06:21.534858,2025-01-04 00:06:52.275715,0 days 00:00:30.740857,6,55,55.0,90.0,40.0,35.0,15.0,,,,,5,3.0,3.0,2.0,6.0,6.0,,,,,COMPLETE
737,737,0.8056426332288402,2025-01-04 00:06:52.276587,2025-01-04 00:07:34.260572,0 days 00:00:41.983985,9,30,50.0,80.0,50.0,30.0,45.0,100.0,55.0,90.0,,4,3.0,3.0,2.0,6.0,5.0,5.0,2.0,5.0,,COMPLETE
738,738,0.7309322033898304,2025-01-04 00:07:34.261795,2025-01-04 00:08:01.915880,0 days 00:00:27.654085,7,90,50.0,85.0,45.0,35.0,75.0,90.0,,,,5,3.0,3.0,2.0,6.0,2.0,4.0,,,,COMPLETE
739,739,0.8387096774193549,2025-01-04 00:08:01.916756,2025-01-04 00:08:53.530330,0 days 00:00:51.613574,9,75,40.0,50.0,40.0,55.0,60.0,95.0,25.0,80.0,,5,4.0,5.0,4.0,6.0,6.0,5.0,2.0,6.0,,COMPLETE
740,740,0.8056426332288402,2025-01-04 00:08:53.531539,2025-01-04 00:09:23.725798,0 days 00:00:30.194259,6,80,55.0,45.0,45.0,40.0,55.0,,,,,4,3.0,4.0,2.0,6.0,5.0,,,,,COMPLETE
741,741,0.8214192196910186,2025-01-04 00:09:23.726682,2025-01-04 00:09:50.675710,0 days 00:00:26.949028,7,95,50.0,95.0,20.0,50.0,75.0,60.0,,,,5,4.0,3.0,5.0,6.0,5.0,5.0,,,,COMPLETE
742,742,0.8385416666666667,2025-01-04 00:09:50.676649,2025-01-04 00:10:30.097562,0 days 00:00:39.420913,7,85,35.0,55.0,40.0,65.0,5.0,90.0,,,,5,3.0,5.0,3.0,6.0,6.0,5.0,,,,COMPLETE
743,743,0.80625,2025-01-04 00:10:30.098670,2025-01-04 00:10:54.260458,0 days 00:00:24.161788,5,100,55.0,80.0,55.0,45.0,,,,,,4,3.0,4.0,2.0,6.0,,,,,,COMPLETE
744,744,0.8225344782721832,2025-01-04 00:10:54.261299,2025-01-04 00:11:30.074821,0 days 00:00:35.813522,7,85,60.0,55.0,45.0,60.0,75.0,80.0,,,,4,5.0,3.0,3.0,4.0,5.0,5.0,,,,COMPLETE
745,745,0.8544980443285528,2025-01-04 00:11:30.075713,2025-01-04 00:12:20.731185,0 days 00:00:50.655472,10,40,45.0,90.0,50.0,30.0,65.0,100.0,80.0,65.0,35.0,5,4.0,5.0,3.0,6.0,4.0,5.0,2.0,4.0,3.0,COMPLETE
746,746,0.746684350132626,2025-01-04 00:12:20.732463,2025-01-04 00:12:51.561290,0 days 00:00:30.828827,7,90,40.0,50.0,40.0,50.0,10.0,65.0,,,,4,4.0,3.0,3.0,6.0,6.0,6.0,,,,COMPLETE
747,747,0.7965517241379311,2025-01-04 00:12:51.562171,2025-01-04 00:13:17.332691,0 days 00:00:25.770520,6,95,50.0,40.0,40.0,55.0,50.0,,,,,4,3.0,4.0,3.0,6.0,2.0,,,,,COMPLETE
748,748,0.80625,2025-01-04 00:13:17.333757,2025-01-04 00:14:09.939748,0 days 00:00:52.605991,9,90,45.0,45.0,35.0,75.0,20.0,95.0,85.0,70.0,,5,4.0,5.0,4.0,6.0,5.0,5.0,2.0,6.0,,COMPLETE
749,749,0.8202898550724638,2025-01-04 00:14:09.940803,2025-01-04 00:14:44.447906,0 days 00:00:34.507103,6,85,60.0,60.0,45.0,25.0,25.0,,,,,6,4.0,3.0,3.0,6.0,5.0,,,,,COMPLETE
750,750,0.7480169222633527,2025-01-04 00:14:44.449877,2025-01-04 00:15:21.657973,0 days 00:00:37.208096,7,70,50.0,95.0,35.0,65.0,45.0,70.0,,,,5,3.0,4.0,3.0,6.0,6.0,4.0,,,,COMPLETE
751,751,0.7902680197762164,2025-01-04 00:15:21.658914,2025-01-04 00:15:47.286924,0 days 00:00:25.628010,9,60,40.0,30.0,25.0,45.0,70.0,85.0,100.0,80.0,,4,2.0,5.0,3.0,6.0,5.0,5.0,2.0,5.0,,COMPLETE
752,752,0.8863576852579209,2025-01-04 00:15:47.287844,2025-01-04 00:16:18.571509,0 days 00:00:31.283665,7,100,55.0,100.0,10.0,100.0,45.0,60.0,,,,5,2.0,5.0,2.0,6.0,5.0,3.0,,,,COMPLETE
753,753,0.8777777777777778,2025-01-04 00:16:18.572828,2025-01-04 00:16:51.211653,0 days 00:00:32.638825,7,100,55.0,100.0,5.0,95.0,50.0,60.0,,,,5,2.0,4.0,2.0,6.0,5.0,3.0,,,,COMPLETE
754,754,0.7889499869075673,2025-01-04 00:16:51.212525,2025-01-04 00:17:20.796234,0 days 00:00:29.583709,7,100,55.0,100.0,10.0,100.0,50.0,60.0,,,,5,2.0,4.0,2.0,6.0,5.0,3.0,,,,COMPLETE
755,755,0.8544980443285528,2025-01-04 00:17:20.797104,2025-01-04 00:17:52.927584,0 days 00:00:32.130480,7,100,55.0,100.0,10.0,95.0,50.0,60.0,,,,5,2.0,4.0,2.0,6.0,5.0,3.0,,,,COMPLETE
756,756,0.7732497387669801,2025-01-04 00:17:52.928719,2025-01-04 00:18:26.841158,0 days 00:00:33.912439,7,100,55.0,100.0,5.0,95.0,50.0,55.0,,,,5,2.0,4.0,2.0,6.0,5.0,3.0,,,,COMPLETE
757,757,0.8221642764015646,2025-01-04 00:18:26.842015,2025-01-04 00:18:47.519390,0 days 00:00:20.677375,7,100,55.0,100.0,5.0,100.0,50.0,60.0,,,,5,2.0,4.0,2.0,6.0,5.0,3.0,,,,COMPLETE
758,758,0.8046218487394958,2025-01-04 00:18:47.520233,2025-01-04 00:19:19.638447,0 days 00:00:32.118214,7,100,60.0,100.0,5.0,95.0,45.0,55.0,,,,5,2.0,4.0,2.0,6.0,5.0,3.0,,,,COMPLETE
759,759,0.8548009367681498,2025-01-04 00:19:19.639614,2025-01-04 00:19:31.681489,0 days 00:00:12.041875,7,100,55.0,100.0,5.0,95.0,50.0,65.0,,,,5,2.0,4.0,2.0,6.0,5.0,3.0,,,,COMPLETE
760,760,0.8221642764015646,2025-01-04 00:19:31.682303,2025-01-04 00:20:01.324853,0 days 00:00:29.642550,7,100,60.0,100.0,5.0,100.0,45.0,60.0,,,,5,2.0,4.0,2.0,6.0,5.0,3.0,,,,COMPLETE
761,761,0.8286546610169492,2025-01-04 00:20:01.325773,2025-01-04 00:20:32.201408,0 days 00:00:30.875635,7,100,55.0,95.0,10.0,15.0,45.0,60.0,,,,5,2.0,4.0,2.0,6.0,5.0,3.0,,,,COMPLETE
762,762,0.8548009367681498,2025-01-04 00:20:32.202505,2025-01-04 00:21:01.562197,0 days 00:00:29.359692,7,100,55.0,95.0,10.0,100.0,45.0,55.0,,,,5,2.0,4.0,2.0,6.0,5.0,3.0,,,,COMPLETE
763,763,0.8247978436657681,2025-01-04 00:21:01.563112,2025-01-04 00:21:33.526859,0 days 00:00:31.963747,7,100,5.0,100.0,5.0,95.0,50.0,65.0,,,,5,2.0,4.0,2.0,6.0,5.0,3.0,,,,COMPLETE
764,764,0.7965517241379311,2025-01-04 00:21:33.527757,2025-01-04 00:22:05.511931,0 days 00:00:31.984174,7,100,55.0,100.0,10.0,50.0,20.0,55.0,,,,5,2.0,4.0,2.0,6.0,5.0,3.0,,,,COMPLETE
765,765,0.8225344782721832,2025-01-04 00:22:05.513054,2025-01-04 00:22:35.096171,0 days 00:00:29.583117,7,100,60.0,100.0,5.0,35.0,50.0,60.0,,,,5,2.0,4.0,2.0,6.0,5.0,3.0,,,,COMPLETE
766,766,0.8618037135278515,2025-01-04 00:22:35.097051,2025-01-04 00:23:06.872986,0 days 00:00:31.775935,7,100,55.0,95.0,10.0,40.0,45.0,65.0,,,,5,2.0,4.0,2.0,6.0,5.0,3.0,,,,COMPLETE
767,767,0.7902680197762164,2025-01-04 00:23:06.873837,2025-01-04 00:23:37.780932,0 days 00:00:30.907095,7,100,60.0,100.0,10.0,100.0,45.0,60.0,,,,5,2.0,3.0,2.0,6.0,5.0,3.0,,,,COMPLETE
768,768,0.7902680197762164,2025-01-04 00:23:37.782023,2025-01-04 00:24:12.855732,0 days 00:00:35.073709,7,100,55.0,100.0,15.0,45.0,5.0,65.0,,,,6,4.0,4.0,2.0,6.0,5.0,3.0,,,,COMPLETE
769,769,0.8529644268774703,2025-01-04 00:24:12.856646,2025-01-04 00:24:38.142825,0 days 00:00:25.286179,7,95,60.0,100.0,15.0,95.0,10.0,55.0,,,,2,2.0,3.0,2.0,6.0,2.0,4.0,,,,COMPLETE
770,770,0.8119363395225465,2025-01-04 00:24:38.143642,2025-01-04 00:25:07.799755,0 days 00:00:29.656113,7,100,55.0,95.0,5.0,55.0,50.0,60.0,,,,5,2.0,4.0,2.0,6.0,5.0,3.0,,,,COMPLETE
771,771,0.8709677419354839,2025-01-04 00:25:07.800936,2025-01-04 00:25:36.306906,0 days 00:00:28.505970,7,95,55.0,95.0,5.0,50.0,45.0,65.0,,,,2,4.0,4.0,2.0,6.0,5.0,3.0,,,,COMPLETE
772,772,0.7739583333333333,2025-01-04 00:25:36.307755,2025-01-04 00:26:07.484375,0 days 00:00:31.176620,7,95,70.0,100.0,5.0,30.0,75.0,55.0,,,,5,2.0,3.0,2.0,6.0,4.0,4.0,,,,COMPLETE
773,773,0.8708333333333333,2025-01-04 00:26:07.485207,2025-01-04 00:26:37.282672,0 days 00:00:29.797465,7,100,55.0,95.0,10.0,20.0,5.0,60.0,,,,2,2.0,4.0,2.0,6.0,2.0,4.0,,,,COMPLETE
774,774,0.8380355276907001,2025-01-04 00:26:37.283834,2025-01-04 00:27:03.014143,0 days 00:00:25.730309,7,95,50.0,95.0,15.0,55.0,80.0,70.0,,,,2,2.0,3.0,2.0,6.0,5.0,3.0,,,,COMPLETE
775,775,0.8452380952380952,2025-01-04 00:27:03.015003,2025-01-04 00:27:34.856953,0 days 00:00:31.841950,7,100,65.0,85.0,10.0,50.0,70.0,65.0,,,,2,4.0,4.0,2.0,6.0,5.0,4.0,,,,COMPLETE
776,776,0.7642857142857142,2025-01-04 00:27:34.857864,2025-01-04 00:28:07.915023,0 days 00:00:33.057159,7,95,50.0,100.0,10.0,40.0,40.0,60.0,,,,5,2.0,3.0,2.0,6.0,5.0,3.0,,,,COMPLETE
777,777,0.8064516129032258,2025-01-04 00:28:07.916191,2025-01-04 00:28:38.958873,0 days 00:00:31.042682,7,90,60.0,10.0,5.0,35.0,40.0,65.0,,,,2,2.0,3.0,2.0,6.0,5.0,4.0,,,,COMPLETE
778,778,0.80625,2025-01-04 00:28:38.959744,2025-01-04 00:29:09.765369,0 days 00:00:30.805625,7,100,55.0,100.0,15.0,45.0,45.0,55.0,,,,6,2.0,2.0,2.0,6.0,5.0,3.0,,,,COMPLETE
779,779,0.8544980443285528,2025-01-04 00:29:09.766233,2025-01-04 00:29:39.442131,0 days 00:00:29.675898,7,95,65.0,85.0,5.0,95.0,15.0,60.0,,,,2,2.0,6.0,2.0,6.0,2.0,4.0,,,,COMPLETE
780,780,0.7902680197762164,2025-01-04 00:29:39.443271,2025-01-04 00:30:00.885879,0 days 00:00:21.442608,9,90,55.0,80.0,10.0,45.0,50.0,50.0,75.0,85.0,,2,2.0,4.0,2.0,6.0,5.0,3.0,4.0,4.0,,COMPLETE
781,781,0.8455843469063987,2025-01-04 00:30:00.886819,2025-01-04 00:30:29.582588,0 days 00:00:28.695769,7,85,50.0,95.0,20.0,50.0,75.0,90.0,,,,2,4.0,4.0,2.0,6.0,5.0,3.0,,,,COMPLETE
782,782,0.8380355276907001,2025-01-04 00:30:29.583422,2025-01-04 00:31:05.196265,0 days 00:00:35.612843,7,35,60.0,45.0,50.0,30.0,65.0,70.0,,,,5,2.0,6.0,2.0,6.0,5.0,4.0,,,,COMPLETE
783,783,0.80625,2025-01-04 00:31:05.197475,2025-01-04 00:31:49.222828,0 days 00:00:44.025353,9,100,50.0,95.0,20.0,55.0,5.0,95.0,5.0,65.0,,5,2.0,3.0,2.0,6.0,5.0,3.0,2.0,6.0,,COMPLETE
784,784,0.8380355276907001,2025-01-04 00:31:49.223818,2025-01-04 00:32:09.890590,0 days 00:00:20.666772,7,90,55.0,90.0,15.0,100.0,40.0,100.0,,,,2,2.0,4.0,2.0,4.0,2.0,3.0,,,,COMPLETE
785,785,0.8286546610169492,2025-01-04 00:32:09.891623,2025-01-04 00:32:30.761923,0 days 00:00:20.870300,4,55,55.0,100.0,5.0,,,,,,,2,4.0,6.0,5.0,,,,,,,COMPLETE
786,786,0.7564807541241163,2025-01-04 00:32:30.762763,2025-01-04 00:33:02.612702,0 days 00:00:31.849939,7,95,50.0,50.0,30.0,35.0,45.0,95.0,,,,6,2.0,3.0,2.0,6.0,4.0,4.0,,,,COMPLETE
787,787,0.8604465709728868,2025-01-04 00:33:02.613582,2025-01-04 00:33:17.868000,0 days 00:00:15.254418,3,90,100.0,85.0,,,,,,,,2,4.0,6.0,,,,,,,,COMPLETE
788,788,0.8225344782721832,2025-01-04 00:33:17.868746,2025-01-04 00:33:55.937399,0 days 00:00:38.068653,10,95,60.0,90.0,10.0,95.0,40.0,90.0,85.0,95.0,15.0,2,2.0,4.0,2.0,6.0,5.0,2.0,2.0,5.0,4.0,COMPLETE
789,789,0.8548009367681498,2025-01-04 00:33:55.938543,2025-01-04 00:34:23.641952,0 days 00:00:27.703409,7,85,55.0,50.0,15.0,45.0,10.0,100.0,,,,2,2.0,3.0,2.0,6.0,5.0,3.0,,,,COMPLETE
790,790,0.8221642764015646,2025-01-04 00:34:23.642879,2025-01-04 00:35:07.109999,0 days 00:00:43.467120,9,100,50.0,50.0,5.0,50.0,25.0,95.0,90.0,40.0,,5,2.0,6.0,4.0,6.0,5.0,4.0,4.0,3.0,,COMPLETE
791,791,0.845603813559322,2025-01-04 00:35:07.112194,2025-01-04 00:35:45.230420,0 days 00:00:38.118226,9,65,60.0,45.0,10.0,25.0,45.0,55.0,95.0,60.0,,2,4.0,3.0,2.0,6.0,2.0,3.0,2.0,6.0,,COMPLETE
792,792,0.8781779661016949,2025-01-04 00:35:45.231344,2025-01-04 00:36:23.736016,0 days 00:00:38.504672,7,90,50.0,15.0,30.0,55.0,65.0,90.0,,,,2,5.0,6.0,2.0,6.0,5.0,4.0,,,,COMPLETE
793,793,0.8225344782721832,2025-01-04 00:36:23.737569,2025-01-04 00:36:59.431241,0 days 00:00:35.693672,7,90,50.0,10.0,30.0,40.0,65.0,90.0,,,,2,5.0,6.0,2.0,6.0,5.0,4.0,,,,COMPLETE
794,794,0.8225344782721832,2025-01-04 00:36:59.432440,2025-01-04 00:37:33.843446,0 days 00:00:34.411006,7,95,50.0,40.0,30.0,55.0,65.0,90.0,,,,2,4.0,6.0,2.0,6.0,5.0,4.0,,,,COMPLETE
795,795,0.8868318122555411,2025-01-04 00:37:33.844350,2025-01-04 00:38:11.497198,0 days 00:00:37.652848,8,90,50.0,5.0,25.0,50.0,70.0,85.0,80.0,,,2,5.0,6.0,2.0,6.0,5.0,4.0,2.0,,,COMPLETE
796,796,0.8064516129032258,2025-01-04 00:38:11.498414,2025-01-04 00:38:49.096083,0 days 00:00:37.597669,8,90,50.0,5.0,85.0,50.0,70.0,85.0,80.0,,,2,5.0,6.0,2.0,6.0,5.0,4.0,2.0,,,COMPLETE
797,797,0.8221642764015646,2025-01-04 00:38:49.097050,2025-01-04 00:39:08.350765,0 days 00:00:19.253715,8,90,50.0,5.0,25.0,50.0,70.0,85.0,80.0,,,2,5.0,6.0,2.0,6.0,5.0,4.0,2.0,,,COMPLETE
798,798,0.80625,2025-01-04 00:39:08.351642,2025-01-04 00:39:47.830451,0 days 00:00:39.478809,8,90,50.0,5.0,20.0,50.0,70.0,85.0,85.0,,,2,5.0,6.0,2.0,6.0,5.0,4.0,2.0,,,COMPLETE
799,799,0.8056426332288402,2025-01-04 00:39:47.831638,2025-01-04 00:40:17.136885,0 days 00:00:29.305247,8,90,55.0,5.0,25.0,50.0,70.0,85.0,75.0,,,2,5.0,6.0,2.0,2.0,5.0,4.0,2.0,,,COMPLETE
800,800,0.8225344782721832,2025-01-04 00:40:17.137744,2025-01-04 00:40:50.222847,0 days 00:00:33.085103,8,90,50.0,5.0,25.0,55.0,75.0,80.0,80.0,,,2,5.0,6.0,2.0,6.0,5.0,4.0,2.0,,,COMPLETE
801,801,0.8291777188328913,2025-01-04 00:40:50.223946,2025-01-04 00:41:24.231265,0 days 00:00:34.007319,8,90,55.0,10.0,20.0,45.0,70.0,90.0,85.0,,,2,5.0,6.0,2.0,6.0,5.0,4.0,2.0,,,COMPLETE
802,802,0.80625,2025-01-04 00:41:24.232170,2025-01-04 00:42:00.896144,0 days 00:00:36.663974,8,95,50.0,100.0,25.0,50.0,75.0,85.0,75.0,,,2,4.0,6.0,2.0,6.0,5.0,4.0,2.0,,,COMPLETE
803,803,0.8046218487394958,2025-01-04 00:42:00.896985,2025-01-04 00:42:36.075414,0 days 00:00:35.178429,8,95,55.0,20.0,20.0,55.0,70.0,90.0,70.0,,,2,5.0,6.0,2.0,6.0,5.0,4.0,2.0,,,COMPLETE
804,804,0.87042842215256,2025-01-04 00:42:36.076509,2025-01-04 00:43:11.805614,0 days 00:00:35.729105,8,90,50.0,5.0,25.0,50.0,70.0,85.0,90.0,,,2,5.0,6.0,2.0,6.0,5.0,4.0,2.0,,,COMPLETE
805,805,0.7574967405475881,2025-01-04 00:43:11.806530,2025-01-04 00:43:49.994897,0 days 00:00:38.188367,8,90,55.0,10.0,25.0,45.0,65.0,90.0,80.0,,,2,5.0,6.0,2.0,6.0,5.0,4.0,2.0,,,COMPLETE
806,806,0.8779904306220095,2025-01-04 00:43:49.995998,2025-01-04 00:44:25.863367,0 days 00:00:35.867369,8,90,50.0,15.0,25.0,45.0,65.0,80.0,70.0,,,5,5.0,6.0,2.0,6.0,5.0,4.0,2.0,,,COMPLETE
807,807,0.8221642764015646,2025-01-04 00:44:25.864290,2025-01-04 00:44:58.935744,0 days 00:00:33.071454,8,90,50.0,15.0,20.0,45.0,70.0,80.0,75.0,,,2,5.0,6.0,2.0,6.0,5.0,4.0,2.0,,,COMPLETE
808,808,0.7779850746268657,2025-01-04 00:44:58.936606,2025-01-04 00:45:36.598936,0 days 00:00:37.662330,8,90,50.0,10.0,25.0,45.0,65.0,80.0,70.0,,,2,6.0,6.0,2.0,6.0,5.0,4.0,2.0,,,COMPLETE
809,809,0.7848032564450476,2025-01-04 00:45:36.600097,2025-01-04 00:46:12.119426,0 days 00:00:35.519329,8,90,50.0,15.0,25.0,45.0,65.0,85.0,75.0,,,2,5.0,6.0,2.0,6.0,5.0,4.0,2.0,,,COMPLETE
810,810,0.7902680197762164,2025-01-04 00:46:12.120301,2025-01-04 00:46:42.585692,0 days 00:00:30.465391,8,90,45.0,15.0,20.0,45.0,65.0,80.0,70.0,,,2,5.0,6.0,2.0,4.0,5.0,4.0,2.0,,,COMPLETE
811,811,0.8117647058823529,2025-01-04 00:46:42.586745,2025-01-04 00:47:21.210438,0 days 00:00:38.623693,8,90,50.0,10.0,90.0,50.0,65.0,80.0,65.0,,,5,5.0,6.0,2.0,6.0,5.0,4.0,2.0,,,COMPLETE
812,812,0.8064516129032258,2025-01-04 00:47:21.211380,2025-01-04 00:47:56.800987,0 days 00:00:35.589607,8,90,10.0,10.0,25.0,45.0,65.0,85.0,80.0,,,2,5.0,6.0,2.0,6.0,5.0,4.0,2.0,,,COMPLETE
813,813,0.7889499869075673,2025-01-04 00:47:56.801850,2025-01-04 00:48:05.288541,0 days 00:00:08.486691,1,90,,,,,,,,,,6,,,,,,,,,,COMPLETE
814,814,0.87042842215256,2025-01-04 00:48:05.289325,2025-01-04 00:48:40.454670,0 days 00:00:35.165345,8,85,45.0,10.0,25.0,50.0,65.0,85.0,65.0,,,2,5.0,6.0,2.0,6.0,5.0,4.0,2.0,,,COMPLETE
815,815,0.7902680197762164,2025-01-04 00:48:40.455582,2025-01-04 00:49:16.588977,0 days 00:00:36.133395,8,90,50.0,5.0,20.0,50.0,70.0,90.0,75.0,,,2,6.0,6.0,2.0,6.0,5.0,4.0,2.0,,,COMPLETE
816,816,0.8538884524744697,2025-01-04 00:49:16.589848,2025-01-04 00:49:54.552948,0 days 00:00:37.963100,9,95,45.0,5.0,25.0,45.0,60.0,80.0,70.0,70.0,,2,5.0,2.0,2.0,6.0,5.0,4.0,2.0,4.0,,COMPLETE
817,817,0.8452950558213717,2025-01-04 00:49:54.554126,2025-01-04 00:50:33.528197,0 days 00:00:38.974071,8,90,50.0,5.0,25.0,55.0,70.0,85.0,80.0,,,5,5.0,6.0,2.0,6.0,5.0,4.0,2.0,,,COMPLETE
818,818,0.7989214175654854,2025-01-04 00:50:33.529081,2025-01-04 00:51:04.504398,0 days 00:00:30.975317,8,95,50.0,25.0,30.0,50.0,65.0,80.0,75.0,,,2,5.0,6.0,2.0,6.0,5.0,4.0,2.0,,,COMPLETE
819,819,0.8046218487394958,2025-01-04 00:51:04.505504,2025-01-04 00:51:42.144404,0 days 00:00:37.638900,8,90,50.0,5.0,55.0,45.0,70.0,85.0,85.0,,,2,5.0,6.0,2.0,6.0,5.0,4.0,2.0,,,COMPLETE
820,820,0.8455843469063987,2025-01-04 00:51:42.145308,2025-01-04 00:52:21.108603,0 days 00:00:38.963295,9,85,45.0,25.0,25.0,50.0,60.0,90.0,75.0,85.0,,5,5.0,6.0,2.0,6.0,5.0,4.0,2.0,6.0,,COMPLETE
821,821,0.80625,2025-01-04 00:52:21.109543,2025-01-04 00:52:43.766041,0 days 00:00:22.656498,9,90,15.0,5.0,30.0,55.0,65.0,90.0,80.0,55.0,,2,5.0,6.0,2.0,6.0,5.0,4.0,2.0,5.0,,COMPLETE
822,822,0.8781779661016949,2025-01-04 00:52:43.767241,2025-01-04 00:53:18.729055,0 days 00:00:34.961814,8,95,50.0,20.0,20.0,45.0,75.0,85.0,85.0,,,5,5.0,6.0,2.0,6.0,4.0,4.0,2.0,,,COMPLETE
823,823,0.8130618720253834,2025-01-04 00:53:18.729939,2025-01-04 00:53:53.608220,0 days 00:00:34.878281,8,95,45.0,15.0,20.0,45.0,75.0,80.0,85.0,,,5,5.0,6.0,2.0,6.0,4.0,4.0,2.0,,,COMPLETE
824,824,0.8708333333333333,2025-01-04 00:53:53.609398,2025-01-04 00:54:10.337372,0 days 00:00:16.727974,8,95,50.0,15.0,20.0,45.0,80.0,85.0,90.0,,,5,5.0,6.0,2.0,6.0,4.0,4.0,2.0,,,COMPLETE
825,825,0.8221642764015646,2025-01-04 00:54:10.338242,2025-01-04 00:54:46.141910,0 days 00:00:35.803668,8,95,50.0,20.0,15.0,45.0,70.0,85.0,85.0,,,5,5.0,6.0,2.0,6.0,5.0,4.0,2.0,,,COMPLETE
826,826,0.8385416666666667,2025-01-04 00:54:46.142783,2025-01-04 00:55:05.145979,0 days 00:00:19.003196,8,95,50.0,20.0,20.0,40.0,80.0,85.0,80.0,,,5,5.0,6.0,2.0,6.0,4.0,4.0,2.0,,,COMPLETE
827,827,0.7419354838709677,2025-01-04 00:55:05.146877,2025-01-04 00:55:41.338285,0 days 00:00:36.191408,8,95,15.0,15.0,20.0,40.0,70.0,80.0,90.0,,,5,5.0,6.0,2.0,6.0,5.0,4.0,2.0,,,COMPLETE
828,828,0.7574967405475881,2025-01-04 00:55:41.339459,2025-01-04 00:56:20.073621,0 days 00:00:38.734162,8,95,45.0,15.0,20.0,45.0,85.0,85.0,85.0,,,5,5.0,6.0,2.0,6.0,5.0,4.0,2.0,,,COMPLETE
829,829,0.7804555084745763,2025-01-04 00:56:20.074541,2025-01-04 00:56:56.411377,0 days 00:00:36.336836,8,70,50.0,20.0,20.0,40.0,75.0,85.0,80.0,,,5,5.0,6.0,2.0,3.0,4.0,4.0,2.0,,,COMPLETE
830,830,0.7739583333333333,2025-01-04 00:56:56.412500,2025-01-04 00:57:33.669075,0 days 00:00:37.256575,8,95,55.0,10.0,15.0,40.0,75.0,80.0,90.0,,,5,5.0,6.0,2.0,6.0,4.0,4.0,2.0,,,COMPLETE
831,831,0.8548009367681498,2025-01-04 00:57:33.670008,2025-01-04 00:58:08.589358,0 days 00:00:34.919350,8,95,45.0,30.0,15.0,45.0,75.0,85.0,85.0,,,5,5.0,6.0,2.0,6.0,4.0,4.0,2.0,,,COMPLETE
832,832,0.8380355276907001,2025-01-04 00:58:08.590224,2025-01-04 00:58:43.328235,0 days 00:00:34.738011,8,85,80.0,15.0,25.0,45.0,75.0,90.0,95.0,,,5,5.0,6.0,2.0,6.0,4.0,4.0,2.0,,,COMPLETE
833,833,0.6991010047593866,2025-01-04 00:58:43.329408,2025-01-04 00:59:00.851643,0 days 00:00:17.522235,8,95,5.0,10.0,20.0,45.0,80.0,85.0,80.0,,,5,5.0,6.0,2.0,6.0,5.0,4.0,2.0,,,COMPLETE
834,834,0.7580015612802498,2025-01-04 00:59:00.852518,2025-01-04 00:59:37.765683,0 days 00:00:36.913165,8,10,55.0,15.0,25.0,40.0,80.0,90.0,85.0,,,5,5.0,6.0,2.0,6.0,5.0,4.0,2.0,,,COMPLETE
835,835,0.7889499869075673,2025-01-04 00:59:37.766860,2025-01-04 01:00:13.270564,0 days 00:00:35.503704,8,85,10.0,20.0,25.0,50.0,75.0,80.0,60.0,,,5,5.0,6.0,2.0,6.0,4.0,4.0,2.0,,,COMPLETE
836,836,0.7865591397849463,2025-01-04 01:00:13.271522,2025-01-04 01:00:36.786589,0 days 00:00:23.515067,9,95,50.0,10.0,15.0,50.0,10.0,90.0,80.0,25.0,,5,5.0,6.0,2.0,6.0,5.0,4.0,2.0,3.0,,COMPLETE
837,837,0.8064516129032258,2025-01-04 01:00:36.787497,2025-01-04 01:01:20.964422,0 days 00:00:44.176925,8,90,45.0,15.0,20.0,45.0,5.0,80.0,90.0,,,5,5.0,6.0,2.0,6.0,5.0,4.0,2.0,,,COMPLETE
838,838,0.7416666666666667,2025-01-04 01:01:20.965600,2025-01-04 01:02:20.233987,0 days 00:00:59.268387,9,90,55.0,5.0,25.0,55.0,15.0,90.0,75.0,75.0,,6,5.0,6.0,2.0,6.0,5.0,4.0,5.0,6.0,,COMPLETE
839,839,0.7720588235294117,2025-01-04 01:02:20.234917,2025-01-04 01:02:46.227481,0 days 00:00:25.992564,8,95,50.0,10.0,25.0,40.0,65.0,75.0,20.0,,,6,5.0,3.0,2.0,6.0,5.0,4.0,2.0,,,COMPLETE
840,840,0.8385416666666667,2025-01-04 01:02:46.228686,2025-01-04 01:03:02.201309,0 days 00:00:15.972623,8,95,45.0,20.0,20.0,45.0,60.0,85.0,10.0,,,5,5.0,6.0,2.0,4.0,5.0,2.0,2.0,,,COMPLETE
841,841,0.8538884524744697,2025-01-04 01:03:02.202196,2025-01-04 01:03:33.137183,0 days 00:00:30.934987,9,5,55.0,5.0,25.0,50.0,70.0,90.0,85.0,35.0,,5,5.0,6.0,2.0,6.0,5.0,6.0,2.0,4.0,,COMPLETE
842,842,0.7251629726205997,2025-01-04 01:03:33.138097,2025-01-04 01:03:48.814047,0 days 00:00:15.675950,8,85,15.0,5.0,25.0,55.0,75.0,85.0,15.0,,,5,5.0,3.0,2.0,6.0,5.0,4.0,2.0,,,COMPLETE
843,843,0.8214192196910186,2025-01-04 01:03:48.814867,2025-01-04 01:04:01.140563,0 days 00:00:12.325696,2,85,45.0,,,,,,,,,5,5.0,,,,,,,,,COMPLETE
844,844,0.80625,2025-01-04 01:04:01.141499,2025-01-04 01:04:40.781927,0 days 00:00:39.640428,8,90,50.0,15.0,50.0,50.0,65.0,90.0,70.0,,,6,6.0,6.0,2.0,6.0,5.0,4.0,2.0,,,COMPLETE
845,845,0.829190904283448,2025-01-04 01:04:40.782883,2025-01-04 01:05:05.819944,0 days 00:00:25.037061,9,90,55.0,20.0,30.0,45.0,5.0,50.0,95.0,80.0,,5,5.0,6.0,2.0,6.0,4.0,4.0,2.0,5.0,,COMPLETE
846,846,0.8221642764015646,2025-01-04 01:05:05.820907,2025-01-04 01:05:38.528991,0 days 00:00:32.708084,8,95,50.0,25.0,30.0,25.0,30.0,85.0,70.0,,,5,5.0,3.0,4.0,6.0,5.0,2.0,2.0,,,COMPLETE
847,847,0.7801587301587302,2025-01-04 01:05:38.530155,2025-01-04 01:06:23.528720,0 days 00:00:44.998565,8,85,45.0,10.0,25.0,55.0,60.0,90.0,85.0,,,3,5.0,6.0,6.0,6.0,5.0,4.0,2.0,,,COMPLETE
848,848,0.7408568443051202,2025-01-04 01:06:23.529644,2025-01-04 01:07:00.183072,0 days 00:00:36.653428,8,90,55.0,5.0,15.0,40.0,20.0,95.0,80.0,,,5,6.0,3.0,2.0,6.0,5.0,4.0,2.0,,,COMPLETE
849,849,0.8544980443285528,2025-01-04 01:07:00.184233,2025-01-04 01:07:41.387616,0 days 00:00:41.203383,9,90,50.0,35.0,20.0,80.0,25.0,85.0,65.0,100.0,,2,5.0,6.0,2.0,6.0,5.0,4.0,2.0,5.0,,COMPLETE
850,850,0.7902680197762164,2025-01-04 01:07:41.388585,2025-01-04 01:08:22.415237,0 days 00:00:41.026652,8,95,20.0,10.0,50.0,50.0,10.0,80.0,25.0,,,6,5.0,6.0,2.0,6.0,5.0,6.0,2.0,,,COMPLETE
851,851,0.8868318122555411,2025-01-04 01:08:22.416406,2025-01-04 01:09:01.159799,0 days 00:00:38.743393,9,85,55.0,30.0,30.0,80.0,65.0,95.0,90.0,55.0,,2,5.0,3.0,4.0,6.0,5.0,2.0,2.0,6.0,,COMPLETE
852,852,0.7741935483870968,2025-01-04 01:09:01.160757,2025-01-04 01:09:44.117288,0 days 00:00:42.956531,9,85,60.0,30.0,30.0,75.0,70.0,95.0,90.0,50.0,,3,6.0,3.0,4.0,6.0,5.0,2.0,3.0,6.0,,COMPLETE
853,853,0.861228813559322,2025-01-04 01:09:44.118439,2025-01-04 01:10:22.486755,0 days 00:00:38.368316,9,85,55.0,30.0,30.0,80.0,80.0,15.0,90.0,45.0,,2,2.0,3.0,4.0,6.0,5.0,2.0,2.0,6.0,,COMPLETE
854,854,0.8380355276907001,2025-01-04 01:10:22.487710,2025-01-04 01:10:59.760809,0 days 00:00:37.273099,9,85,60.0,40.0,30.0,55.0,5.0,100.0,95.0,55.0,,3,2.0,3.0,3.0,6.0,5.0,2.0,3.0,6.0,,COMPLETE
855,855,0.8202898550724638,2025-01-04 01:10:59.761710,2025-01-04 01:11:35.196655,0 days 00:00:35.434945,9,80,60.0,25.0,30.0,80.0,30.0,95.0,95.0,50.0,,2,4.0,3.0,4.0,6.0,5.0,2.0,2.0,6.0,,COMPLETE
856,856,0.8056426332288402,2025-01-04 01:11:35.197862,2025-01-04 01:12:15.982401,0 days 00:00:40.784539,10,85,55.0,35.0,35.0,75.0,70.0,95.0,90.0,60.0,25.0,2,2.0,3.0,4.0,6.0,4.0,2.0,3.0,6.0,4.0,COMPLETE
857,857,0.8380355276907001,2025-01-04 01:12:15.983322,2025-01-04 01:12:51.894947,0 days 00:00:35.911625,9,80,55.0,35.0,30.0,90.0,75.0,100.0,90.0,65.0,,2,2.0,3.0,4.0,6.0,5.0,2.0,2.0,6.0,,COMPLETE
858,858,0.8548009367681498,2025-01-04 01:12:51.896102,2025-01-04 01:13:28.385772,0 days 00:00:36.489670,9,85,55.0,30.0,35.0,85.0,65.0,95.0,90.0,40.0,,2,5.0,3.0,4.0,6.0,5.0,2.0,2.0,6.0,,COMPLETE
859,859,0.7968253968253969,2025-01-04 01:13:28.386688,2025-01-04 01:14:09.926152,0 days 00:00:41.539464,9,85,10.0,90.0,30.0,80.0,20.0,95.0,100.0,55.0,,3,4.0,3.0,4.0,6.0,5.0,2.0,3.0,6.0,,COMPLETE
860,860,0.8445623342175066,2025-01-04 01:14:09.927310,2025-01-04 01:14:48.695747,0 days 00:00:38.768437,9,100,15.0,25.0,30.0,75.0,60.0,100.0,85.0,45.0,,2,2.0,3.0,4.0,6.0,5.0,2.0,6.0,6.0,,COMPLETE
861,861,0.8385416666666667,2025-01-04 01:14:48.696733,2025-01-04 01:15:23.703721,0 days 00:00:35.006988,9,85,55.0,30.0,35.0,85.0,5.0,95.0,95.0,65.0,,2,2.0,3.0,4.0,6.0,5.0,2.0,2.0,5.0,,COMPLETE
862,862,0.8548009367681498,2025-01-04 01:15:23.704604,2025-01-04 01:16:04.697531,0 days 00:00:40.992927,9,85,60.0,35.0,30.0,30.0,65.0,90.0,90.0,70.0,,2,2.0,3.0,4.0,6.0,5.0,5.0,3.0,6.0,,COMPLETE
863,863,0.8119363395225465,2025-01-04 01:16:04.698749,2025-01-04 01:16:41.978582,0 days 00:00:37.279833,9,95,25.0,90.0,55.0,100.0,60.0,95.0,95.0,50.0,,2,4.0,3.0,4.0,6.0,5.0,2.0,2.0,5.0,,COMPLETE
864,864,0.8385416666666667,2025-01-04 01:16:41.979443,2025-01-04 01:17:21.612118,0 days 00:00:39.632675,9,100,60.0,30.0,35.0,55.0,85.0,100.0,85.0,60.0,,2,6.0,3.0,4.0,6.0,4.0,2.0,2.0,6.0,,COMPLETE
865,865,0.8013495276653171,2025-01-04 01:17:21.613324,2025-01-04 01:17:56.195602,0 days 00:00:34.582278,10,85,55.0,5.0,30.0,25.0,15.0,100.0,85.0,35.0,55.0,2,2.0,3.0,4.0,6.0,5.0,2.0,3.0,6.0,2.0,COMPLETE
866,866,0.8708333333333333,2025-01-04 01:17:56.196547,2025-01-04 01:18:38.400303,0 days 00:00:42.203756,9,75,55.0,40.0,35.0,60.0,30.0,90.0,100.0,75.0,,2,2.0,3.0,5.0,6.0,6.0,2.0,2.0,5.0,,COMPLETE
867,867,0.7641459545214172,2025-01-04 01:18:38.401480,2025-01-04 01:19:13.346266,0 days 00:00:34.944786,9,80,15.0,25.0,30.0,55.0,55.0,95.0,90.0,70.0,,2,5.0,3.0,4.0,6.0,5.0,2.0,2.0,6.0,,COMPLETE
868,868,0.8031746031746032,2025-01-04 01:19:13.347178,2025-01-04 01:19:57.437567,0 days 00:00:44.090389,9,100,20.0,20.0,30.0,100.0,10.0,90.0,95.0,60.0,,3,4.0,3.0,4.0,6.0,5.0,6.0,3.0,6.0,,COMPLETE
869,869,0.8225344782721832,2025-01-04 01:19:57.438806,2025-01-04 01:20:37.542885,0 days 00:00:40.104079,9,65,30.0,25.0,15.0,90.0,65.0,95.0,85.0,20.0,,2,2.0,3.0,5.0,6.0,6.0,2.0,2.0,5.0,,COMPLETE
870,870,0.8708333333333333,2025-01-04 01:20:37.543794,2025-01-04 01:21:16.632652,0 days 00:00:39.088858,9,95,75.0,35.0,35.0,80.0,70.0,90.0,90.0,30.0,,2,2.0,3.0,4.0,6.0,5.0,5.0,4.0,4.0,,COMPLETE
871,871,0.7902680197762164,2025-01-04 01:21:16.633811,2025-01-04 01:21:39.894888,0 days 00:00:23.261077,5,90,40.0,5.0,35.0,85.0,,,,,,2,5.0,3.0,3.0,6.0,,,,,,COMPLETE
872,872,0.7580015612802498,2025-01-04 01:21:39.895703,2025-01-04 01:22:12.620392,0 days 00:00:32.724689,10,85,55.0,85.0,30.0,75.0,5.0,90.0,30.0,55.0,5.0,6,2.0,3.0,4.0,6.0,3.0,5.0,3.0,6.0,3.0,COMPLETE
873,873,0.81889338731444,2025-01-04 01:22:12.621349,2025-01-04 01:22:25.533018,0 days 00:00:12.911669,4,80,60.0,50.0,95.0,,,,,,,2,4.0,3.0,4.0,,,,,,,COMPLETE
874,874,0.8385416666666667,2025-01-04 01:22:25.533649,2025-01-04 01:22:55.522991,0 days 00:00:29.989342,9,95,55.0,85.0,35.0,50.0,75.0,100.0,85.0,45.0,,2,2.0,6.0,4.0,6.0,5.0,6.0,2.0,3.0,,COMPLETE
875,875,0.709375,2025-01-04 01:22:55.524155,2025-01-04 01:23:28.972693,0 days 00:00:33.448538,8,90,25.0,90.0,50.0,55.0,25.0,95.0,95.0,,,2,2.0,3.0,4.0,6.0,6.0,5.0,2.0,,,COMPLETE
876,876,0.8408705483323912,2025-01-04 01:23:28.973622,2025-01-04 01:24:08.867721,0 days 00:00:39.894099,8,85,50.0,50.0,30.0,30.0,10.0,100.0,5.0,,,2,5.0,6.0,3.0,4.0,5.0,5.0,3.0,,,COMPLETE
877,877,0.8385416666666667,2025-01-04 01:24:08.868863,2025-01-04 01:24:42.231820,0 days 00:00:33.362957,9,100,50.0,35.0,15.0,50.0,60.0,90.0,85.0,95.0,,2,2.0,3.0,3.0,6.0,5.0,5.0,2.0,4.0,,COMPLETE
878,878,0.8385416666666667,2025-01-04 01:24:42.232729,2025-01-04 01:25:14.078339,0 days 00:00:31.845610,8,95,40.0,30.0,30.0,60.0,65.0,20.0,20.0,,,2,4.0,6.0,3.0,6.0,4.0,5.0,3.0,,,COMPLETE
879,879,0.8277511961722488,2025-01-04 01:25:14.079224,2025-01-04 01:25:45.921427,0 days 00:00:31.842203,9,90,45.0,5.0,45.0,50.0,35.0,95.0,10.0,85.0,,2,2.0,3.0,2.0,6.0,5.0,2.0,2.0,6.0,,COMPLETE
880,880,0.7902680197762164,2025-01-04 01:25:45.922517,2025-01-04 01:26:23.269167,0 days 00:00:37.346650,10,95,55.0,95.0,25.0,50.0,30.0,90.0,90.0,90.0,30.0,6,2.0,6.0,3.0,6.0,6.0,5.0,2.0,5.0,2.0,COMPLETE
881,881,0.8221642764015646,2025-01-04 01:26:23.270202,2025-01-04 01:27:01.652383,0 days 00:00:38.382181,8,85,60.0,90.0,25.0,10.0,70.0,50.0,80.0,,,2,6.0,6.0,3.0,6.0,5.0,5.0,3.0,,,COMPLETE
882,882,0.8385416666666667,2025-01-04 01:27:01.653549,2025-01-04 01:27:38.611651,0 days 00:00:36.958102,8,100,30.0,45.0,45.0,20.0,5.0,95.0,100.0,,,2,5.0,3.0,4.0,6.0,6.0,5.0,2.0,,,COMPLETE
883,883,0.8445623342175066,2025-01-04 01:27:38.612585,2025-01-04 01:28:15.992951,0 days 00:00:37.380366,9,95,15.0,50.0,60.0,60.0,75.0,100.0,55.0,40.0,,2,2.0,6.0,2.0,6.0,5.0,2.0,2.0,6.0,,COMPLETE
884,884,0.7902680197762164,2025-01-04 01:28:15.993857,2025-01-04 01:28:26.711758,0 days 00:00:10.717901,3,85,40.0,40.0,,,,,,,,2,4.0,3.0,,,,,,,,COMPLETE
885,885,0.7741935483870968,2025-01-04 01:28:26.712605,2025-01-04 01:29:14.596044,0 days 00:00:47.883439,8,80,55.0,55.0,35.0,55.0,65.0,90.0,30.0,,,6,2.0,6.0,3.0,6.0,5.0,5.0,4.0,,,COMPLETE
886,886,0.8544980443285528,2025-01-04 01:29:14.597038,2025-01-04 01:29:54.153341,0 days 00:00:39.556303,8,20,60.0,20.0,30.0,70.0,35.0,95.0,60.0,,,3,4.0,6.0,3.0,6.0,5.0,5.0,3.0,,,COMPLETE
887,887,0.8221642764015646,2025-01-04 01:29:54.154547,2025-01-04 01:30:34.078909,0 days 00:00:39.924362,9,90,50.0,50.0,30.0,100.0,10.0,90.0,85.0,50.0,,2,2.0,3.0,5.0,6.0,6.0,5.0,2.0,4.0,,COMPLETE
888,888,0.8056426332288402,2025-01-04 01:30:34.079889,2025-01-04 01:31:04.248898,0 days 00:00:30.169009,8,90,90.0,25.0,35.0,55.0,60.0,100.0,90.0,,,2,2.0,6.0,2.0,6.0,5.0,6.0,2.0,,,COMPLETE
889,889,0.7876152832674572,2025-01-04 01:31:04.249780,2025-01-04 01:31:32.157957,0 days 00:00:27.908177,8,100,10.0,45.0,30.0,50.0,35.0,95.0,80.0,,,2,2.0,3.0,3.0,6.0,3.0,5.0,3.0,,,COMPLETE
890,890,0.7965517241379311,2025-01-04 01:31:32.159047,2025-01-04 01:32:21.576177,0 days 00:00:49.417130,9,90,20.0,50.0,35.0,85.0,5.0,85.0,55.0,75.0,,2,5.0,6.0,3.0,6.0,5.0,5.0,5.0,6.0,,COMPLETE
891,891,0.7902680197762164,2025-01-04 01:32:21.577202,2025-01-04 01:32:52.722305,0 days 00:00:31.145103,8,95,45.0,85.0,25.0,30.0,40.0,90.0,35.0,,,2,4.0,6.0,2.0,6.0,6.0,2.0,2.0,,,COMPLETE
892,892,0.7741935483870968,2025-01-04 01:32:52.723441,2025-01-04 01:33:24.784013,0 days 00:00:32.060572,8,90,55.0,40.0,45.0,90.0,70.0,95.0,15.0,,,2,2.0,3.0,3.0,6.0,5.0,5.0,3.0,,,COMPLETE
893,893,0.7966684294024325,2025-01-04 01:33:24.784924,2025-01-04 01:33:48.798077,0 days 00:00:24.013153,9,95,50.0,10.0,25.0,55.0,60.0,85.0,25.0,10.0,,2,5.0,6.0,3.0,6.0,5.0,5.0,2.0,5.0,,COMPLETE
894,894,0.8856389986824769,2025-01-04 01:33:48.798977,2025-01-04 01:34:29.185898,0 days 00:00:40.386921,8,85,35.0,80.0,80.0,30.0,65.0,95.0,85.0,,,6,4.0,2.0,6.0,6.0,5.0,5.0,2.0,,,COMPLETE
895,895,0.7958422174840085,2025-01-04 01:34:29.187119,2025-01-04 01:35:05.948810,0 days 00:00:36.761691,8,85,40.0,75.0,100.0,25.0,65.0,95.0,80.0,,,6,4.0,2.0,4.0,6.0,4.0,4.0,3.0,,,COMPLETE
896,896,0.8214192196910186,2025-01-04 01:35:05.949716,2025-01-04 01:35:33.714734,0 days 00:00:27.765018,7,80,35.0,80.0,85.0,30.0,65.0,100.0,,,,6,4.0,2.0,4.0,2.0,5.0,4.0,,,,COMPLETE
897,897,0.7902680197762164,2025-01-04 01:35:33.715576,2025-01-04 01:36:12.607832,0 days 00:00:38.892256,9,80,35.0,80.0,90.0,30.0,65.0,95.0,80.0,70.0,,6,4.0,2.0,4.0,3.0,6.0,4.0,2.0,6.0,,COMPLETE
898,898,0.8380355276907001,2025-01-04 01:36:12.609068,2025-01-04 01:36:43.740072,0 days 00:00:31.131004,5,85,35.0,80.0,50.0,30.0,,,,,,6,5.0,2.0,6.0,6.0,,,,,,COMPLETE
899,899,0.80625,2025-01-04 01:36:43.740893,2025-01-04 01:37:13.982227,0 days 00:00:30.241334,7,85,35.0,75.0,45.0,25.0,70.0,100.0,,,,6,4.0,2.0,2.0,6.0,3.0,4.0,,,,COMPLETE
900,900,0.7902680197762164,2025-01-04 01:37:13.983315,2025-01-04 01:38:00.514913,0 days 00:00:46.531598,9,85,40.0,45.0,75.0,30.0,65.0,95.0,80.0,85.0,,6,5.0,2.0,6.0,6.0,5.0,4.0,2.0,5.0,,COMPLETE
901,901,0.7902680197762164,2025-01-04 01:38:00.515926,2025-01-04 01:38:39.418872,0 days 00:00:38.902946,8,75,40.0,80.0,20.0,30.0,65.0,95.0,85.0,,,6,4.0,2.0,5.0,6.0,5.0,4.0,3.0,,,COMPLETE
902,902,0.8202898550724638,2025-01-04 01:38:39.420052,2025-01-04 01:39:24.961491,0 days 00:00:45.541439,7,85,30.0,80.0,25.0,35.0,60.0,100.0,,,,6,6.0,6.0,6.0,6.0,5.0,4.0,,,,COMPLETE
903,903,0.7902680197762164,2025-01-04 01:39:24.962494,2025-01-04 01:40:04.679998,0 days 00:00:39.717504,8,85,35.0,80.0,80.0,35.0,70.0,100.0,85.0,,,6,5.0,2.0,4.0,6.0,6.0,4.0,2.0,,,COMPLETE
904,904,0.8225344782721832,2025-01-04 01:40:04.681172,2025-01-04 01:40:21.271439,0 days 00:00:16.590267,7,80,40.0,80.0,70.0,30.0,65.0,95.0,,,,6,4.0,2.0,6.0,6.0,5.0,4.0,,,,COMPLETE
905,905,0.8221642764015646,2025-01-04 01:40:21.272350,2025-01-04 01:40:45.725893,0 days 00:00:24.453543,9,90,25.0,85.0,70.0,25.0,55.0,90.0,50.0,65.0,,6,4.0,2.0,6.0,6.0,5.0,5.0,3.0,6.0,,COMPLETE
906,906,0.8214192196910186,2025-01-04 01:40:45.726864,2025-01-04 01:41:29.009663,0 days 00:00:43.282799,8,80,40.0,80.0,55.0,30.0,60.0,95.0,75.0,,,6,5.0,2.0,5.0,6.0,6.0,4.0,2.0,,,COMPLETE
907,907,0.8385416666666667,2025-01-04 01:41:29.010823,2025-01-04 01:42:08.211937,0 days 00:00:39.201114,8,85,30.0,5.0,65.0,25.0,65.0,55.0,60.0,,,6,4.0,2.0,5.0,6.0,5.0,5.0,2.0,,,COMPLETE
908,908,0.7804555084745763,2025-01-04 01:42:08.212907,2025-01-04 01:42:41.127816,0 days 00:00:32.914909,7,85,45.0,85.0,15.0,80.0,70.0,100.0,,,,6,3.0,2.0,5.0,6.0,4.0,5.0,,,,COMPLETE
909,909,0.8544980443285528,2025-01-04 01:42:41.128700,2025-01-04 01:43:28.993753,0 days 00:00:47.865053,9,90,45.0,55.0,25.0,30.0,70.0,95.0,85.0,80.0,,6,6.0,6.0,2.0,6.0,5.0,4.0,3.0,4.0,,COMPLETE
910,910,0.80625,2025-01-04 01:43:28.995034,2025-01-04 01:44:12.064965,0 days 00:00:43.069931,8,90,45.0,50.0,25.0,35.0,80.0,95.0,85.0,,,6,5.0,2.0,6.0,6.0,6.0,5.0,2.0,,,COMPLETE
911,911,0.7564807541241163,2025-01-04 01:44:12.066180,2025-01-04 01:44:55.015843,0 days 00:00:42.949663,7,85,40.0,75.0,50.0,35.0,35.0,90.0,,,,6,4.0,6.0,2.0,6.0,5.0,6.0,,,,COMPLETE
912,912,0.8868318122555411,2025-01-04 01:44:55.016870,2025-01-04 01:45:29.044961,0 days 00:00:34.028091,10,90,25.0,80.0,45.0,60.0,65.0,100.0,80.0,55.0,45.0,6,5.0,6.0,6.0,6.0,3.0,5.0,6.0,3.0,3.0,COMPLETE
913,913,0.8031746031746032,2025-01-04 01:45:29.045975,2025-01-04 01:46:20.781767,0 days 00:00:51.735792,10,85,25.0,80.0,100.0,60.0,65.0,100.0,75.0,55.0,50.0,6,4.0,2.0,6.0,6.0,6.0,5.0,6.0,2.0,3.0,COMPLETE
914,914,0.8225344782721832,2025-01-04 01:46:20.783083,2025-01-04 01:46:49.430685,0 days 00:00:28.647602,10,90,25.0,80.0,45.0,55.0,65.0,100.0,80.0,50.0,35.0,6,4.0,6.0,5.0,6.0,3.0,5.0,6.0,3.0,3.0,COMPLETE
915,915,0.8286546610169492,2025-01-04 01:46:49.431655,2025-01-04 01:47:16.594073,0 days 00:00:27.162418,10,90,25.0,80.0,45.0,60.0,65.0,100.0,80.0,45.0,40.0,6,4.0,6.0,6.0,6.0,3.0,5.0,6.0,2.0,4.0,COMPLETE
916,916,0.7739583333333333,2025-01-04 01:47:16.595346,2025-01-04 01:47:54.200606,0 days 00:00:37.605260,7,90,25.0,85.0,80.0,60.0,60.0,100.0,,,,6,4.0,6.0,6.0,6.0,3.0,5.0,,,,COMPLETE
917,917,0.7898305084745763,2025-01-04 01:47:54.201627,2025-01-04 01:48:53.331717,0 days 00:00:59.130090,10,85,25.0,75.0,45.0,65.0,65.0,100.0,65.0,60.0,65.0,6,4.0,6.0,6.0,6.0,3.0,5.0,5.0,3.0,2.0,COMPLETE
918,918,0.8214192196910186,2025-01-04 01:48:53.333053,2025-01-04 01:49:23.505928,0 days 00:00:30.172875,10,90,30.0,85.0,50.0,60.0,65.0,100.0,80.0,65.0,15.0,6,4.0,6.0,4.0,6.0,3.0,5.0,5.0,3.0,4.0,COMPLETE
919,919,0.7889499869075673,2025-01-04 01:49:23.506909,2025-01-04 01:49:42.921495,0 days 00:00:19.414586,7,85,20.0,80.0,45.0,60.0,60.0,95.0,,,,6,4.0,6.0,6.0,4.0,3.0,5.0,,,,COMPLETE
920,920,0.8708333333333333,2025-01-04 01:49:42.922347,2025-01-04 01:50:17.571471,0 days 00:00:34.649124,5,85,20.0,75.0,45.0,65.0,,,,,,6,4.0,6.0,6.0,6.0,,,,,,COMPLETE
921,921,0.8214192196910186,2025-01-04 01:50:17.572671,2025-01-04 01:51:06.209466,0 days 00:00:48.636795,10,90,25.0,85.0,50.0,60.0,65.0,100.0,5.0,40.0,55.0,6,4.0,6.0,6.0,6.0,3.0,5.0,5.0,2.0,3.0,COMPLETE
922,922,0.8056426332288402,2025-01-04 01:51:06.210467,2025-01-04 01:51:52.481163,0 days 00:00:46.270696,7,90,30.0,80.0,45.0,65.0,60.0,95.0,,,,6,4.0,6.0,6.0,6.0,3.0,5.0,,,,COMPLETE
923,923,0.7549407114624507,2025-01-04 01:51:52.482379,2025-01-04 01:52:34.720471,0 days 00:00:42.238092,10,70,30.0,80.0,45.0,60.0,70.0,100.0,60.0,55.0,30.0,6,4.0,6.0,6.0,6.0,3.0,5.0,5.0,3.0,4.0,COMPLETE
924,924,0.8538884524744697,2025-01-04 01:52:34.721483,2025-01-04 01:52:58.268172,0 days 00:00:23.546689,10,85,25.0,85.0,95.0,55.0,65.0,95.0,75.0,60.0,45.0,6,4.0,2.0,6.0,6.0,3.0,5.0,4.0,2.0,2.0,COMPLETE
925,925,0.8225344782721832,2025-01-04 01:52:58.269184,2025-01-04 01:53:22.977195,0 days 00:00:24.708011,10,80,25.0,75.0,40.0,70.0,45.0,95.0,75.0,65.0,65.0,6,4.0,6.0,6.0,6.0,3.0,5.0,6.0,3.0,5.0,COMPLETE
926,926,0.7720588235294117,2025-01-04 01:53:22.978301,2025-01-04 01:53:50.548768,0 days 00:00:27.570467,10,90,35.0,75.0,50.0,55.0,60.0,100.0,55.0,50.0,20.0,6,4.0,6.0,6.0,6.0,3.0,5.0,4.0,3.0,4.0,COMPLETE
927,927,0.9023109243697479,2025-01-04 01:53:50.549722,2025-01-04 01:54:36.225852,0 days 00:00:45.676130,10,80,20.0,55.0,40.0,60.0,40.0,95.0,20.0,75.0,40.0,6,4.0,6.0,4.0,3.0,3.0,5.0,5.0,3.0,3.0,COMPLETE
928,928,0.8107675906183369,2025-01-04 01:54:36.227140,2025-01-04 01:55:28.060664,0 days 00:00:51.833524,10,75,20.0,55.0,40.0,65.0,40.0,95.0,20.0,75.0,40.0,6,4.0,6.0,4.0,3.0,3.0,5.0,6.0,3.0,3.0,COMPLETE
929,929,0.7739583333333333,2025-01-04 01:55:28.061655,2025-01-04 01:56:14.375352,0 days 00:00:46.313697,10,80,20.0,55.0,40.0,65.0,40.0,100.0,15.0,70.0,50.0,6,4.0,6.0,4.0,3.0,3.0,5.0,5.0,3.0,3.0,COMPLETE
930,930,0.7732497387669801,2025-01-04 01:56:14.376649,2025-01-04 01:56:58.957131,0 days 00:00:44.580482,10,80,20.0,55.0,40.0,60.0,40.0,100.0,35.0,80.0,25.0,6,4.0,6.0,4.0,4.0,3.0,5.0,6.0,3.0,2.0,COMPLETE
931,931,0.7741935483870968,2025-01-04 01:56:58.958119,2025-01-04 01:57:27.144465,0 days 00:00:28.186346,10,80,15.0,50.0,45.0,65.0,40.0,95.0,30.0,60.0,60.0,6,3.0,6.0,4.0,4.0,3.0,5.0,6.0,3.0,3.0,COMPLETE
932,932,0.8548009367681498,2025-01-04 01:57:27.145705,2025-01-04 01:58:17.247675,0 days 00:00:50.101970,10,80,20.0,55.0,65.0,60.0,45.0,95.0,35.0,70.0,45.0,6,4.0,5.0,4.0,2.0,3.0,5.0,5.0,3.0,4.0,COMPLETE
933,933,0.817910447761194,2025-01-04 01:58:17.248662,2025-01-04 01:59:05.488087,0 days 00:00:48.239425,10,80,25.0,55.0,40.0,70.0,35.0,100.0,15.0,75.0,55.0,6,4.0,6.0,6.0,3.0,3.0,5.0,6.0,2.0,2.0,COMPLETE
934,934,0.724011521340665,2025-01-04 01:59:05.489408,2025-01-04 01:59:30.939319,0 days 00:00:25.449911,10,75,20.0,50.0,45.0,100.0,40.0,95.0,10.0,65.0,35.0,6,3.0,2.0,4.0,4.0,3.0,5.0,5.0,3.0,3.0,COMPLETE
935,935,0.7375661375661375,2025-01-04 01:59:30.940270,2025-01-04 02:00:27.702920,0 days 00:00:56.762650,10,80,25.0,50.0,40.0,65.0,40.0,95.0,80.0,55.0,70.0,6,3.0,5.0,4.0,3.0,3.0,5.0,6.0,2.0,4.0,COMPLETE
936,936,0.6424242424242423,2025-01-04 02:00:27.704251,2025-01-04 02:00:56.523472,0 days 00:00:28.819221,10,80,15.0,55.0,40.0,60.0,45.0,100.0,50.0,80.0,20.0,6,4.0,6.0,4.0,4.0,3.0,5.0,6.0,3.0,3.0,COMPLETE
937,937,0.7417582417582418,2025-01-04 02:00:56.524463,2025-01-04 02:01:54.703133,0 days 00:00:58.178670,10,75,20.0,55.0,45.0,70.0,40.0,95.0,5.0,60.0,30.0,6,6.0,6.0,6.0,3.0,3.0,5.0,5.0,3.0,5.0,COMPLETE
938,938,0.7739583333333333,2025-01-04 02:01:54.704498,2025-01-04 02:02:39.621935,0 days 00:00:44.917437,10,80,30.0,45.0,40.0,60.0,35.0,95.0,25.0,65.0,80.0,6,3.0,6.0,4.0,3.0,3.0,5.0,5.0,4.0,2.0,COMPLETE
939,939,0.0,2025-01-04 02:02:39.622906,2025-01-04 02:03:03.493492,0 days 00:00:23.870586,10,80,25.0,55.0,75.0,65.0,40.0,100.0,20.0,50.0,10.0,6,4.0,5.0,4.0,2.0,3.0,5.0,6.0,2.0,3.0,COMPLETE
940,940,0.8064516129032258,2025-01-04 02:03:03.494788,2025-01-04 02:03:31.743701,0 days 00:00:28.248913,10,15,15.0,50.0,40.0,95.0,45.0,95.0,10.0,45.0,75.0,6,4.0,6.0,6.0,3.0,3.0,5.0,5.0,4.0,5.0,COMPLETE
941,941,0.746684350132626,2025-01-04 02:03:31.744716,2025-01-04 02:03:40.263557,0 days 00:00:08.518841,1,85,,,,,,,,,,6,,,,,,,,,,COMPLETE
942,942,0.7889499869075673,2025-01-04 02:03:40.264119,2025-01-04 02:04:00.223613,0 days 00:00:19.959494,9,85,20.0,50.0,50.0,65.0,35.0,55.0,25.0,90.0,,6,3.0,5.0,4.0,4.0,3.0,5.0,4.0,6.0,,COMPLETE
943,943,0.7965517241379311,2025-01-04 02:04:00.224548,2025-01-04 02:04:21.299891,0 days 00:00:21.075343,4,60,25.0,55.0,45.0,,,,,,,6,2.0,6.0,4.0,,,,,,,COMPLETE
944,944,0.8225344782721832,2025-01-04 02:04:21.300888,2025-01-04 02:04:58.708903,0 days 00:00:37.408015,10,80,15.0,50.0,55.0,30.0,45.0,100.0,20.0,85.0,65.0,6,2.0,2.0,4.0,3.0,3.0,5.0,4.0,3.0,2.0,COMPLETE
945,945,0.8411764705882353,2025-01-04 02:04:58.709907,2025-01-04 02:05:11.182099,0 days 00:00:12.472192,2,75,30.0,,,,,,,,,6,4.0,,,,,,,,,COMPLETE
946,946,0.8126984126984127,2025-01-04 02:05:11.182753,2025-01-04 02:06:08.765053,0 days 00:00:57.582300,10,85,35.0,80.0,40.0,70.0,55.0,95.0,30.0,75.0,40.0,6,2.0,6.0,6.0,2.0,3.0,5.0,6.0,6.0,4.0,COMPLETE
947,947,0.7960805084745763,2025-01-04 02:06:08.766372,2025-01-04 02:06:29.549463,0 days 00:00:20.783091,9,85,20.0,45.0,45.0,25.0,35.0,100.0,80.0,55.0,,6,3.0,6.0,4.0,6.0,3.0,5.0,5.0,3.0,,COMPLETE
948,948,0.7394957983193278,2025-01-04 02:06:29.550441,2025-01-04 02:07:13.110743,0 days 00:00:43.560302,10,80,20.0,75.0,45.0,60.0,20.0,95.0,55.0,70.0,95.0,6,2.0,5.0,4.0,2.0,3.0,2.0,4.0,6.0,3.0,COMPLETE
949,949,0.8385416666666667,2025-01-04 02:07:13.111942,2025-01-04 02:08:03.157396,0 days 00:00:50.045454,10,85,25.0,55.0,40.0,30.0,45.0,100.0,60.0,65.0,60.0,6,4.0,6.0,6.0,4.0,6.0,5.0,3.0,4.0,4.0,COMPLETE
950,950,0.7580015612802498,2025-01-04 02:08:03.158425,2025-01-04 02:08:58.311936,0 days 00:00:55.153511,10,75,15.0,50.0,40.0,90.0,35.0,90.0,15.0,30.0,50.0,6,6.0,6.0,4.0,6.0,6.0,5.0,4.0,6.0,2.0,COMPLETE
951,951,0.7833333333333334,2025-01-04 02:08:58.313098,2025-01-04 02:09:43.989879,0 days 00:00:45.676781,10,85,40.0,80.0,60.0,65.0,40.0,95.0,90.0,35.0,35.0,6,2.0,6.0,4.0,6.0,2.0,5.0,3.0,6.0,3.0,COMPLETE
952,952,0.8870673952641166,2025-01-04 02:09:43.990908,2025-01-04 02:10:25.591979,0 days 00:00:41.601071,9,80,25.0,85.0,50.0,60.0,40.0,100.0,85.0,55.0,,6,3.0,6.0,4.0,6.0,3.0,2.0,3.0,2.0,,COMPLETE
953,953,0.8225344782721832,2025-01-04 02:10:25.593237,2025-01-04 02:10:50.859454,0 days 00:00:25.266217,9,50,25.0,85.0,50.0,60.0,40.0,100.0,85.0,55.0,,6,3.0,6.0,4.0,6.0,3.0,2.0,3.0,2.0,,COMPLETE
954,954,0.8387096774193549,2025-01-04 02:10:50.860388,2025-01-04 02:11:29.649350,0 days 00:00:38.788962,9,50,25.0,85.0,50.0,60.0,40.0,100.0,85.0,60.0,,6,3.0,6.0,4.0,6.0,3.0,2.0,3.0,2.0,,COMPLETE
955,955,0.8056426332288402,2025-01-04 02:11:29.650539,2025-01-04 02:11:49.444740,0 days 00:00:19.794201,9,50,25.0,85.0,55.0,55.0,40.0,100.0,85.0,55.0,,6,3.0,6.0,4.0,6.0,3.0,2.0,3.0,2.0,,COMPLETE
956,956,0.8046218487394958,2025-01-04 02:11:49.445674,2025-01-04 02:12:31.264281,0 days 00:00:41.818607,9,80,25.0,85.0,55.0,55.0,40.0,100.0,80.0,45.0,,6,3.0,6.0,4.0,6.0,3.0,2.0,3.0,2.0,,COMPLETE
957,957,0.8387096774193549,2025-01-04 02:12:31.265233,2025-01-04 02:12:54.975598,0 days 00:00:23.710365,9,75,30.0,85.0,50.0,60.0,25.0,100.0,85.0,50.0,,6,3.0,6.0,4.0,6.0,3.0,2.0,3.0,2.0,,COMPLETE
958,958,0.7574967405475881,2025-01-04 02:12:54.976799,2025-01-04 02:13:12.643081,0 days 00:00:17.666282,9,80,30.0,80.0,50.0,60.0,45.0,100.0,80.0,55.0,,6,3.0,6.0,4.0,6.0,3.0,2.0,3.0,2.0,,COMPLETE
959,959,0.8119363395225465,2025-01-04 02:13:12.644027,2025-01-04 02:13:48.820295,0 days 00:00:36.176268,9,80,25.0,80.0,50.0,60.0,40.0,100.0,90.0,60.0,,6,3.0,6.0,4.0,6.0,3.0,2.0,3.0,2.0,,COMPLETE
960,960,0.7840909090909092,2025-01-04 02:13:48.821241,2025-01-04 02:14:16.332837,0 days 00:00:27.511596,9,55,20.0,85.0,55.0,55.0,40.0,50.0,85.0,70.0,,6,3.0,6.0,4.0,6.0,3.0,2.0,3.0,2.0,,COMPLETE
961,961,0.8064516129032258,2025-01-04 02:14:16.333783,2025-01-04 02:14:54.440883,0 days 00:00:38.107100,9,80,25.0,85.0,50.0,95.0,45.0,100.0,90.0,50.0,,6,3.0,6.0,4.0,3.0,3.0,3.0,3.0,3.0,,COMPLETE
962,962,0.8098360655737705,2025-01-04 02:14:54.442218,2025-01-04 02:15:34.391470,0 days 00:00:39.949252,9,80,20.0,80.0,50.0,20.0,35.0,95.0,80.0,45.0,,6,3.0,5.0,4.0,6.0,3.0,2.0,3.0,4.0,,COMPLETE
963,963,0.8214192196910186,2025-01-04 02:15:34.392417,2025-01-04 02:15:53.145168,0 days 00:00:18.752751,9,50,25.0,90.0,55.0,60.0,30.0,100.0,85.0,65.0,,6,3.0,6.0,4.0,4.0,3.0,2.0,3.0,2.0,,COMPLETE
964,964,0.6934686442883164,2025-01-04 02:15:53.146279,2025-01-04 02:16:33.041833,0 days 00:00:39.895554,9,80,30.0,85.0,50.0,100.0,35.0,95.0,95.0,60.0,,6,3.0,5.0,4.0,6.0,3.0,2.0,3.0,4.0,,COMPLETE
965,965,0.6810119979134064,2025-01-04 02:16:33.042835,2025-01-04 02:17:15.637839,0 days 00:00:42.595004,10,85,20.0,80.0,60.0,95.0,40.0,100.0,80.0,75.0,20.0,6,3.0,6.0,4.0,6.0,3.0,2.0,3.0,3.0,4.0,COMPLETE
966,966,0.8221642764015646,2025-01-04 02:17:15.639077,2025-01-04 02:18:02.705189,0 days 00:00:47.066112,9,75,25.0,75.0,45.0,55.0,40.0,95.0,25.0,55.0,,6,3.0,6.0,4.0,6.0,3.0,2.0,3.0,6.0,,COMPLETE
967,967,0.80625,2025-01-04 02:18:02.706214,2025-01-04 02:18:54.902051,0 days 00:00:52.195837,9,75,30.0,90.0,50.0,25.0,15.0,100.0,90.0,60.0,,6,3.0,6.0,4.0,6.0,3.0,2.0,5.0,6.0,,COMPLETE
968,968,0.7574967405475881,2025-01-04 02:18:54.903353,2025-01-04 02:19:29.426685,0 days 00:00:34.523332,9,85,10.0,75.0,45.0,30.0,35.0,55.0,75.0,40.0,,6,4.0,2.0,4.0,2.0,3.0,2.0,3.0,4.0,,COMPLETE
969,969,0.8544980443285528,2025-01-04 02:19:29.427593,2025-01-04 02:20:22.940690,0 days 00:00:53.513097,10,80,25.0,55.0,45.0,55.0,30.0,100.0,90.0,50.0,25.0,6,3.0,6.0,4.0,6.0,3.0,2.0,3.0,3.0,5.0,COMPLETE
970,970,0.7889499869075673,2025-01-04 02:20:22.941978,2025-01-04 02:21:09.991433,0 days 00:00:47.049455,9,85,20.0,90.0,80.0,35.0,45.0,95.0,85.0,80.0,,6,3.0,6.0,6.0,6.0,6.0,3.0,6.0,2.0,,COMPLETE
971,971,0.80625,2025-01-04 02:21:09.992455,2025-01-04 02:21:32.739101,0 days 00:00:22.746646,9,85,20.0,75.0,55.0,95.0,40.0,95.0,75.0,60.0,,6,3.0,5.0,4.0,6.0,3.0,6.0,3.0,6.0,,COMPLETE
972,972,0.7317460317460317,2025-01-04 02:21:32.740340,2025-01-04 02:21:57.037009,0 days 00:00:24.296669,10,50,15.0,80.0,90.0,55.0,35.0,95.0,80.0,70.0,45.0,6,3.0,6.0,5.0,6.0,6.0,2.0,3.0,6.0,3.0,COMPLETE
973,973,0.8214192196910186,2025-01-04 02:21:57.038058,2025-01-04 02:22:42.161855,0 days 00:00:45.123797,9,80,30.0,55.0,50.0,90.0,45.0,100.0,5.0,65.0,,6,4.0,5.0,6.0,6.0,3.0,3.0,3.0,3.0,,COMPLETE
974,974,0.8387096774193549,2025-01-04 02:22:42.162834,2025-01-04 02:23:16.619585,0 days 00:00:34.456751,8,85,20.0,80.0,50.0,60.0,40.0,100.0,40.0,,,6,3.0,3.0,4.0,6.0,6.0,2.0,3.0,,,COMPLETE
975,975,0.8708333333333333,2025-01-04 02:23:16.620811,2025-01-04 02:24:06.955759,0 days 00:00:50.334948,9,80,25.0,85.0,45.0,100.0,40.0,25.0,10.0,90.0,,6,4.0,6.0,4.0,6.0,3.0,6.0,3.0,4.0,,COMPLETE
976,976,0.7902680197762164,2025-01-04 02:24:06.956761,2025-01-04 02:24:51.116398,0 days 00:00:44.159637,8,85,15.0,55.0,30.0,30.0,35.0,55.0,55.0,,,6,3.0,6.0,4.0,6.0,6.0,3.0,3.0,,,COMPLETE
977,977,0.80625,2025-01-04 02:24:51.117501,2025-01-04 02:25:19.222283,0 days 00:00:28.104782,10,90,25.0,55.0,45.0,55.0,45.0,95.0,95.0,35.0,30.0,6,4.0,5.0,4.0,6.0,6.0,2.0,5.0,2.0,2.0,COMPLETE
978,978,0.8291777188328913,2025-01-04 02:25:19.223269,2025-01-04 02:26:16.038679,0 days 00:00:56.815410,9,85,20.0,60.0,30.0,25.0,35.0,50.0,85.0,95.0,,6,6.0,3.0,6.0,6.0,5.0,5.0,6.0,6.0,,COMPLETE
979,979,0.7309322033898304,2025-01-04 02:26:16.039783,2025-01-04 02:27:03.578853,0 days 00:00:47.539070,8,75,25.0,75.0,35.0,60.0,40.0,95.0,60.0,,,6,3.0,6.0,4.0,6.0,3.0,3.0,4.0,,,COMPLETE
980,980,0.7419354838709677,2025-01-04 02:27:03.579814,2025-01-04 02:27:45.804984,0 days 00:00:42.225170,8,85,30.0,90.0,95.0,85.0,40.0,100.0,50.0,,,6,4.0,6.0,4.0,6.0,5.0,5.0,2.0,,,COMPLETE
981,981,0.8870673952641166,2025-01-04 02:27:45.806258,2025-01-04 02:28:32.640111,0 days 00:00:46.833853,9,80,25.0,80.0,35.0,95.0,30.0,95.0,85.0,85.0,,6,4.0,3.0,3.0,6.0,6.0,5.0,3.0,3.0,,COMPLETE
982,982,0.791644204851752,2025-01-04 02:28:32.641086,2025-01-04 02:28:54.026843,0 days 00:00:21.385757,9,80,20.0,85.0,35.0,95.0,30.0,95.0,85.0,100.0,,6,3.0,3.0,3.0,4.0,6.0,5.0,3.0,3.0,,COMPLETE
983,983,0.7898305084745763,2025-01-04 02:28:54.028102,2025-01-04 02:29:27.506356,0 days 00:00:33.478254,8,80,30.0,80.0,35.0,95.0,30.0,95.0,85.0,,,6,4.0,3.0,3.0,6.0,6.0,5.0,2.0,,,COMPLETE
984,984,0.8385416666666667,2025-01-04 02:29:27.507300,2025-01-04 02:30:10.321466,0 days 00:00:42.814166,8,75,25.0,80.0,35.0,95.0,25.0,95.0,80.0,,,6,4.0,3.0,3.0,6.0,6.0,5.0,3.0,,,COMPLETE
985,985,0.7564807541241163,2025-01-04 02:30:10.322732,2025-01-04 02:30:47.180482,0 days 00:00:36.857750,9,80,25.0,80.0,30.0,100.0,25.0,100.0,90.0,85.0,,6,4.0,3.0,3.0,6.0,6.0,5.0,2.0,3.0,,COMPLETE
986,986,0.8225344782721832,2025-01-04 02:30:47.181494,2025-01-04 02:31:27.195220,0 days 00:00:40.013726,9,80,25.0,80.0,30.0,95.0,30.0,100.0,85.0,85.0,,6,3.0,3.0,3.0,5.0,6.0,5.0,2.0,3.0,,COMPLETE
987,987,0.8214192196910186,2025-01-04 02:31:27.196432,2025-01-04 02:31:56.732412,0 days 00:00:29.535980,5,80,25.0,80.0,35.0,95.0,,,,,,6,6.0,3.0,3.0,6.0,,,,,,COMPLETE
988,988,0.7741935483870968,2025-01-04 02:31:56.733301,2025-01-04 02:32:37.675945,0 days 00:00:40.942644,10,80,25.0,80.0,75.0,90.0,45.0,95.0,90.0,90.0,10.0,6,4.0,3.0,3.0,5.0,6.0,5.0,3.0,3.0,3.0,COMPLETE
989,989,0.8385416666666667,2025-01-04 02:32:37.676940,2025-01-04 02:33:16.146661,0 days 00:00:38.469721,8,75,25.0,85.0,35.0,100.0,25.0,60.0,80.0,,,6,3.0,3.0,3.0,6.0,6.0,5.0,2.0,,,COMPLETE
990,990,0.8064516129032258,2025-01-04 02:33:16.147902,2025-01-04 02:33:56.918381,0 days 00:00:40.770479,8,75,20.0,75.0,30.0,95.0,30.0,95.0,95.0,,,6,3.0,3.0,3.0,6.0,6.0,5.0,4.0,,,COMPLETE
991,991,0.8031746031746032,2025-01-04 02:33:56.919338,2025-01-04 02:34:36.232399,0 days 00:00:39.313061,8,80,30.0,75.0,30.0,100.0,40.0,100.0,85.0,,,6,4.0,3.0,3.0,6.0,6.0,5.0,2.0,,,COMPLETE
992,992,0.7431561996779388,2025-01-04 02:34:36.233687,2025-01-04 02:35:19.919278,0 days 00:00:43.685591,9,80,25.0,80.0,35.0,90.0,30.0,95.0,80.0,90.0,,6,3.0,3.0,3.0,6.0,6.0,5.0,3.0,3.0,,COMPLETE
993,993,0.7739583333333333,2025-01-04 02:35:19.920247,2025-01-04 02:36:03.851329,0 days 00:00:43.931082,10,45,20.0,85.0,55.0,95.0,95.0,95.0,90.0,95.0,15.0,6,2.0,3.0,3.0,6.0,6.0,5.0,3.0,3.0,4.0,COMPLETE
994,994,0.8225344782721832,2025-01-04 02:36:03.852651,2025-01-04 02:36:40.098298,0 days 00:00:36.245647,8,75,30.0,75.0,30.0,100.0,35.0,100.0,85.0,,,6,4.0,3.0,3.0,6.0,6.0,5.0,2.0,,,COMPLETE
995,995,0.722266139657444,2025-01-04 02:36:40.099243,2025-01-04 02:37:21.534987,0 days 00:00:41.435744,8,80,25.0,75.0,50.0,35.0,45.0,95.0,75.0,,,6,2.0,3.0,3.0,6.0,6.0,5.0,5.0,,,COMPLETE
996,996,0.8056426332288402,2025-01-04 02:37:21.536218,2025-01-04 02:38:01.064707,0 days 00:00:39.528489,9,80,20.0,85.0,35.0,15.0,15.0,95.0,85.0,85.0,,6,4.0,3.0,3.0,6.0,6.0,5.0,2.0,3.0,,COMPLETE
997,997,0.8214192196910186,2025-01-04 02:38:01.065732,2025-01-04 02:38:57.595728,0 days 00:00:56.529996,10,80,15.0,80.0,30.0,95.0,40.0,100.0,90.0,80.0,60.0,6,6.0,3.0,3.0,6.0,6.0,5.0,3.0,4.0,6.0,COMPLETE
998,998,0.7966684294024325,2025-01-04 02:38:57.596862,2025-01-04 02:39:33.657437,0 days 00:00:36.060575,8,85,20.0,85.0,30.0,55.0,25.0,90.0,80.0,,,6,2.0,3.0,3.0,5.0,6.0,5.0,2.0,,,COMPLETE
999,999,0.7739583333333333,2025-01-04 02:39:33.658350,2025-01-04 02:40:17.276935,0 days 00:00:43.618585,8,85,10.0,80.0,30.0,60.0,35.0,95.0,30.0,,,6,4.0,3.0,3.0,6.0,6.0,6.0,2.0,,,COMPLETE
