,number,value,datetime_start,datetime_complete,duration,params_depth,params_neurons_layer_0,params_neurons_layer_1,params_neurons_layer_2,params_neurons_layer_3,params_neurons_layer_4,params_neurons_layer_5,params_neurons_layer_6,params_neurons_layer_7,params_neurons_layer_8,params_neurons_layer_9,params_orders_layer_0,params_orders_layer_1,params_orders_layer_2,params_orders_layer_3,params_orders_layer_4,params_orders_layer_5,params_orders_layer_6,params_orders_layer_7,params_orders_layer_8,params_orders_layer_9,state
0,0,0.8538267401273014,2024-12-31 19:20:05.816863,2024-12-31 19:20:57.157889,0 days 00:00:51.341026,4,70,100.0,20.0,20.0,,,,,,,3,5.0,3.0,2.0,,,,,,,COMPLETE
1,1,0.8490163401024673,2024-12-31 19:20:57.158468,2024-12-31 19:21:21.602105,0 days 00:00:24.443637,5,70,70.0,85.0,30.0,65.0,,,,,,6,4.0,2.0,2.0,2.0,,,,,,COMPLETE
2,2,0.8449353060833976,2024-12-31 19:21:21.602587,2024-12-31 19:21:53.574052,0 days 00:00:31.971465,2,70,70.0,,,,,,,,,4,3.0,,,,,,,,,COMPLETE
3,3,0.8434739796093438,2024-12-31 19:21:53.574576,2024-12-31 19:23:59.042235,0 days 00:02:05.467659,10,45,95.0,65.0,10.0,100.0,70.0,75.0,45.0,30.0,5.0,4,5.0,5.0,2.0,5.0,6.0,3.0,4.0,6.0,3.0,COMPLETE
4,4,0.8355000308641001,2024-12-31 19:23:59.043038,2024-12-31 19:25:10.665738,0 days 00:01:11.622700,10,65,15.0,45.0,50.0,15.0,50.0,75.0,55.0,85.0,85.0,6,5.0,5.0,5.0,6.0,6.0,3.0,5.0,5.0,6.0,COMPLETE
5,5,0.850244892114791,2024-12-31 19:25:10.666378,2024-12-31 19:25:46.883121,0 days 00:00:36.216743,3,35,45.0,20.0,,,,,,,,5,5.0,5.0,,,,,,,,COMPLETE
6,6,0.8643569387785707,2024-12-31 19:25:46.883734,2024-12-31 19:27:34.952692,0 days 00:01:48.068958,10,20,80.0,60.0,45.0,50.0,65.0,85.0,40.0,20.0,55.0,4,4.0,4.0,4.0,2.0,5.0,3.0,3.0,2.0,3.0,COMPLETE
7,7,0.8551225799261066,2024-12-31 19:27:34.953453,2024-12-31 19:28:40.913098,0 days 00:01:05.959645,6,45,90.0,30.0,60.0,75.0,35.0,,,,,4,2.0,5.0,3.0,3.0,6.0,,,,,COMPLETE
8,8,0.8650076744044587,2024-12-31 19:28:40.913819,2024-12-31 19:29:39.234193,0 days 00:00:58.320374,10,100,5.0,55.0,100.0,5.0,55.0,80.0,5.0,40.0,65.0,2,6.0,4.0,5.0,3.0,2.0,3.0,5.0,5.0,3.0,COMPLETE
9,9,0.8419437340153453,2024-12-31 19:29:39.235013,2024-12-31 19:31:29.227260,0 days 00:01:49.992247,9,95,95.0,90.0,15.0,35.0,90.0,20.0,70.0,60.0,,5,4.0,5.0,2.0,3.0,5.0,4.0,4.0,2.0,,COMPLETE
10,10,0.8696903082045708,2024-12-31 19:31:29.228029,2024-12-31 19:32:02.990866,0 days 00:00:33.762837,7,100,10.0,5.0,100.0,5.0,5.0,35.0,,,,2,6.0,3.0,6.0,4.0,2.0,6.0,,,,COMPLETE
11,11,0.8782206274785047,2024-12-31 19:32:02.991444,2024-12-31 19:32:44.161913,0 days 00:00:41.170469,7,100,5.0,45.0,100.0,5.0,5.0,35.0,,,,2,6.0,3.0,6.0,4.0,2.0,6.0,,,,COMPLETE
12,12,0.8712816399679342,2024-12-31 19:32:44.162675,2024-12-31 19:33:24.528367,0 days 00:00:40.365692,7,90,25.0,5.0,100.0,25.0,5.0,30.0,,,,2,6.0,2.0,6.0,4.0,2.0,6.0,,,,COMPLETE
13,13,0.8611002197720208,2024-12-31 19:33:24.528942,2024-12-31 19:33:55.764385,0 days 00:00:31.235443,7,85,30.0,5.0,80.0,30.0,5.0,5.0,,,,2,6.0,2.0,6.0,5.0,3.0,6.0,,,,COMPLETE
14,14,0.8510940181369075,2024-12-31 19:33:55.765075,2024-12-31 19:34:59.900725,0 days 00:01:04.135650,8,85,30.0,35.0,80.0,25.0,25.0,45.0,100.0,,,3,6.0,3.0,5.0,4.0,3.0,5.0,2.0,,,COMPLETE
15,15,0.8517006660417751,2024-12-31 19:34:59.901327,2024-12-31 19:35:47.212489,0 days 00:00:47.311162,6,85,30.0,75.0,80.0,45.0,20.0,,,,,3,6.0,2.0,6.0,4.0,3.0,,,,,COMPLETE
16,16,0.8598821809870938,2024-12-31 19:35:47.213183,2024-12-31 19:36:59.109769,0 days 00:01:11.896586,8,10,20.0,100.0,90.0,20.0,20.0,35.0,5.0,,,2,2.0,3.0,4.0,5.0,2.0,5.0,6.0,,,COMPLETE
17,17,0.8376240694789082,2024-12-31 19:36:59.110492,2024-12-31 19:37:50.142452,0 days 00:00:51.031960,4,85,45.0,45.0,65.0,,,,,,,3,5.0,6.0,6.0,,,,,,,COMPLETE
18,18,0.8597930611934351,2024-12-31 19:37:50.143179,2024-12-31 19:39:00.587143,0 days 00:01:10.443964,8,60,20.0,20.0,90.0,5.0,5.0,55.0,100.0,,,2,3.0,2.0,5.0,6.0,4.0,5.0,2.0,,,COMPLETE
19,19,0.8480235725468894,2024-12-31 19:39:00.587891,2024-12-31 19:39:30.591964,0 days 00:00:30.004073,5,90,5.0,35.0,70.0,35.0,,,,,,3,6.0,3.0,6.0,3.0,,,,,,COMPLETE
20,20,0.8624865700337399,2024-12-31 19:39:30.592501,2024-12-31 19:39:44.566730,0 days 00:00:13.974229,1,80,,,,,,,,,,2,,,,,,,,,,COMPLETE
21,21,0.8668207498715974,2024-12-31 19:39:44.567176,2024-12-31 19:40:19.645255,0 days 00:00:35.078079,7,100,10.0,5.0,100.0,5.0,5.0,30.0,,,,2,6.0,3.0,6.0,4.0,2.0,6.0,,,,COMPLETE
22,22,0.8681074178734683,2024-12-31 19:40:19.645958,2024-12-31 19:41:02.831598,0 days 00:00:43.185640,7,100,20.0,10.0,100.0,15.0,15.0,20.0,,,,2,6.0,4.0,5.0,4.0,2.0,6.0,,,,COMPLETE
23,23,0.8527528792614626,2024-12-31 19:41:02.832176,2024-12-31 19:41:55.373902,0 days 00:00:52.541726,6,75,40.0,15.0,90.0,15.0,35.0,,,,,3,5.0,2.0,6.0,4.0,3.0,,,,,COMPLETE
24,24,0.8587065833612686,2024-12-31 19:41:55.374587,2024-12-31 19:42:28.808616,0 days 00:00:33.434029,7,95,5.0,30.0,90.0,5.0,5.0,55.0,,,,2,6.0,3.0,6.0,5.0,2.0,6.0,,,,COMPLETE
25,25,0.8526869785766784,2024-12-31 19:42:28.809332,2024-12-31 19:43:56.964793,0 days 00:01:28.155461,9,90,60.0,5.0,75.0,20.0,35.0,40.0,25.0,95.0,,3,5.0,3.0,5.0,3.0,3.0,5.0,6.0,3.0,,COMPLETE
26,26,0.8608827462024099,2024-12-31 19:43:56.965572,2024-12-31 19:44:58.900128,0 days 00:01:01.934556,8,100,15.0,70.0,100.0,40.0,15.0,25.0,75.0,,,2,6.0,4.0,3.0,5.0,2.0,6.0,3.0,,,COMPLETE
27,27,0.8458607964093052,2024-12-31 19:44:58.900883,2024-12-31 19:45:51.036274,0 days 00:00:52.135391,5,55,35.0,45.0,35.0,60.0,,,,,,5,3.0,2.0,6.0,4.0,,,,,,COMPLETE
28,28,0.8385025705762821,2024-12-31 19:45:51.036815,2024-12-31 19:47:13.378229,0 days 00:01:22.341414,9,90,25.0,15.0,90.0,25.0,30.0,5.0,80.0,5.0,,3,5.0,3.0,4.0,4.0,4.0,2.0,3.0,4.0,,COMPLETE
29,29,0.8452442166113374,2024-12-31 19:47:13.378987,2024-12-31 19:47:46.689306,0 days 00:00:33.310319,4,75,10.0,25.0,85.0,,,,,,,3,6.0,2.0,5.0,,,,,,,COMPLETE
30,30,0.857060345438063,2024-12-31 19:47:46.689851,2024-12-31 19:48:34.272519,0 days 00:00:47.582668,6,30,55.0,40.0,70.0,10.0,15.0,,,,,2,5.0,4.0,6.0,4.0,2.0,,,,,COMPLETE
31,31,0.8495082748006834,2024-12-31 19:48:34.273230,2024-12-31 19:49:14.852840,0 days 00:00:40.579610,7,100,20.0,10.0,100.0,15.0,15.0,20.0,,,,2,6.0,4.0,5.0,4.0,2.0,6.0,,,,COMPLETE
32,32,0.8552417660524314,2024-12-31 19:49:14.853512,2024-12-31 19:49:55.633391,0 days 00:00:40.779879,7,95,15.0,15.0,95.0,15.0,10.0,15.0,,,,2,6.0,4.0,6.0,4.0,2.0,6.0,,,,COMPLETE
33,33,0.8609428441249187,2024-12-31 19:49:55.634221,2024-12-31 19:50:44.520766,0 days 00:00:48.886545,8,75,25.0,10.0,95.0,25.0,15.0,45.0,30.0,,,2,6.0,3.0,5.0,3.0,3.0,5.0,5.0,,,COMPLETE
34,34,0.8648889321690958,2024-12-31 19:50:44.521455,2024-12-31 19:51:22.047833,0 days 00:00:37.526378,7,95,10.0,25.0,100.0,10.0,25.0,30.0,,,,2,6.0,3.0,6.0,5.0,2.0,6.0,,,,COMPLETE
35,35,0.8505296842694001,2024-12-31 19:51:22.048631,2024-12-31 19:52:12.319876,0 days 00:00:50.271245,6,80,25.0,10.0,85.0,20.0,5.0,,,,,2,5.0,6.0,5.0,4.0,2.0,,,,,COMPLETE
36,36,0.839448208783095,2024-12-31 19:52:12.320525,2024-12-31 19:52:45.569554,0 days 00:00:33.249029,5,65,15.0,5.0,25.0,10.0,,,,,,3,4.0,4.0,6.0,2.0,,,,,,COMPLETE
37,37,0.836164671738495,2024-12-31 19:52:45.570547,2024-12-31 19:53:35.493931,0 days 00:00:49.923384,9,100,40.0,20.0,5.0,75.0,45.0,15.0,60.0,65.0,,6,6.0,2.0,5.0,4.0,3.0,6.0,6.0,6.0,,COMPLETE
38,38,0.8461576464775975,2024-12-31 19:53:35.494687,2024-12-31 19:54:45.292739,0 days 00:01:09.798052,6,90,5.0,80.0,95.0,30.0,10.0,,,,,4,5.0,3.0,6.0,5.0,4.0,,,,,COMPLETE
39,39,0.8417996240380662,2024-12-31 19:54:45.293570,2024-12-31 19:56:24.679350,0 days 00:01:39.385780,8,80,70.0,60.0,55.0,85.0,95.0,35.0,20.0,,,2,5.0,5.0,4.0,3.0,2.0,5.0,2.0,,,COMPLETE
40,40,0.8656793804734126,2024-12-31 19:56:24.680218,2024-12-31 19:56:41.371622,0 days 00:00:16.691404,3,70,10.0,25.0,,,,,,,,3,6.0,2.0,,,,,,,,COMPLETE
41,41,0.8772275456354447,2024-12-31 19:56:41.372177,2024-12-31 19:57:18.107965,0 days 00:00:36.735788,7,100,10.0,5.0,100.0,5.0,5.0,30.0,,,,2,6.0,3.0,6.0,4.0,2.0,6.0,,,,COMPLETE
42,42,0.8601177385931575,2024-12-31 19:57:18.108773,2024-12-31 19:57:49.775541,0 days 00:00:31.666768,7,95,20.0,10.0,95.0,10.0,10.0,25.0,,,,2,6.0,3.0,6.0,4.0,2.0,6.0,,,,COMPLETE
43,43,0.8657601670305844,2024-12-31 19:57:49.776189,2024-12-31 19:58:28.635414,0 days 00:00:38.859225,7,100,10.0,15.0,85.0,5.0,20.0,45.0,,,,2,6.0,4.0,6.0,4.0,2.0,6.0,,,,COMPLETE
44,44,0.8525273997049985,2024-12-31 19:58:28.636194,2024-12-31 19:59:21.283144,0 days 00:00:52.646950,8,45,15.0,5.0,40.0,100.0,10.0,35.0,65.0,,,2,6.0,3.0,5.0,3.0,3.0,6.0,4.0,,,COMPLETE
45,45,0.8526928382994492,2024-12-31 19:59:21.283804,2024-12-31 19:59:56.826570,0 days 00:00:35.542766,6,90,5.0,50.0,100.0,15.0,5.0,,,,,2,6.0,5.0,6.0,4.0,2.0,,,,,COMPLETE
46,46,0.8477473586430667,2024-12-31 19:59:56.827571,2024-12-31 20:01:06.443897,0 days 00:01:09.616326,7,95,25.0,20.0,95.0,5.0,25.0,65.0,,,,3,5.0,4.0,3.0,5.0,2.0,5.0,,,,COMPLETE
47,47,0.8381554769874598,2024-12-31 20:01:06.444679,2024-12-31 20:02:20.516287,0 days 00:01:14.071608,6,100,30.0,10.0,85.0,55.0,75.0,,,,,4,6.0,2.0,5.0,5.0,5.0,,,,,COMPLETE
48,48,0.8541277557996505,2024-12-31 20:02:20.517054,2024-12-31 20:03:45.803284,0 days 00:01:25.286230,9,85,35.0,30.0,80.0,20.0,15.0,100.0,80.0,75.0,,2,3.0,3.0,6.0,3.0,3.0,6.0,5.0,4.0,,COMPLETE
49,49,0.8686457903313084,2024-12-31 20:03:45.804092,2024-12-31 20:04:26.710751,0 days 00:00:40.906659,8,95,20.0,5.0,100.0,10.0,45.0,25.0,90.0,,,2,6.0,4.0,6.0,4.0,2.0,4.0,3.0,,,COMPLETE
50,50,0.8406755004457411,2024-12-31 20:04:26.711551,2024-12-31 20:05:05.955994,0 days 00:00:39.244443,8,5,15.0,5.0,75.0,10.0,65.0,30.0,85.0,,,5,4.0,2.0,6.0,4.0,2.0,4.0,3.0,,,COMPLETE
51,51,0.8555613173216885,2024-12-31 20:05:05.956785,2024-12-31 20:05:49.596191,0 days 00:00:43.639406,8,90,20.0,15.0,95.0,15.0,45.0,20.0,95.0,,,2,6.0,4.0,6.0,4.0,2.0,6.0,3.0,,,COMPLETE
52,52,0.8655541973674825,2024-12-31 20:05:49.596886,2024-12-31 20:06:23.972197,0 days 00:00:34.375311,7,95,10.0,10.0,100.0,10.0,80.0,25.0,,,,2,6.0,4.0,6.0,4.0,2.0,2.0,,,,COMPLETE
53,53,0.8587694613523447,2024-12-31 20:06:23.972963,2024-12-31 20:07:10.091872,0 days 00:00:46.118909,8,100,80.0,5.0,90.0,5.0,55.0,15.0,90.0,,,2,6.0,4.0,6.0,4.0,2.0,6.0,4.0,,,COMPLETE
54,54,0.8593945005011527,2024-12-31 20:07:10.092797,2024-12-31 20:08:28.395394,0 days 00:01:18.302597,9,85,5.0,20.0,95.0,30.0,10.0,40.0,45.0,45.0,,2,5.0,5.0,6.0,4.0,3.0,4.0,3.0,3.0,,COMPLETE
55,55,0.8455805261814845,2024-12-31 20:08:28.396248,2024-12-31 20:09:36.224123,0 days 00:01:07.827875,7,95,20.0,100.0,100.0,20.0,20.0,10.0,,,,3,6.0,3.0,5.0,4.0,2.0,5.0,,,,COMPLETE
56,56,0.8791104414610391,2024-12-31 20:09:36.224923,2024-12-31 20:10:30.825488,0 days 00:00:54.600565,10,90,15.0,90.0,90.0,5.0,5.0,30.0,65.0,5.0,10.0,2,6.0,3.0,2.0,3.0,5.0,4.0,2.0,5.0,6.0,COMPLETE
57,57,0.8484588474616304,2024-12-31 20:10:30.826369,2024-12-31 20:11:21.073616,0 days 00:00:50.247247,10,35,15.0,95.0,90.0,5.0,5.0,40.0,65.0,5.0,5.0,2,6.0,3.0,3.0,6.0,5.0,3.0,2.0,5.0,6.0,COMPLETE
58,58,0.852585756018361,2024-12-31 20:11:21.074403,2024-12-31 20:12:47.158844,0 days 00:01:26.084441,10,80,5.0,85.0,50.0,10.0,85.0,30.0,90.0,20.0,30.0,3,2.0,3.0,2.0,2.0,6.0,4.0,2.0,4.0,5.0,COMPLETE
59,59,0.8703327951452208,2024-12-31 20:12:47.159728,2024-12-31 20:13:32.190851,0 days 00:00:45.031123,9,90,30.0,65.0,85.0,5.0,30.0,50.0,75.0,25.0,,2,6.0,2.0,2.0,3.0,5.0,3.0,2.0,6.0,,COMPLETE
60,60,0.8606447607740149,2024-12-31 20:13:32.191700,2024-12-31 20:14:55.868597,0 days 00:01:23.676897,10,90,30.0,70.0,80.0,35.0,5.0,50.0,55.0,25.0,30.0,2,5.0,2.0,2.0,3.0,5.0,3.0,2.0,6.0,5.0,COMPLETE
61,61,0.8408177386917544,2024-12-31 20:14:55.869401,2024-12-31 20:15:53.349344,0 days 00:00:57.479943,9,85,35.0,55.0,95.0,5.0,50.0,65.0,75.0,5.0,,2,6.0,2.0,2.0,3.0,5.0,4.0,2.0,5.0,,COMPLETE
62,62,0.8689571034495458,2024-12-31 20:15:53.350215,2024-12-31 20:16:41.585661,0 days 00:00:48.235446,9,95,25.0,65.0,90.0,5.0,40.0,35.0,70.0,40.0,,2,6.0,2.0,2.0,2.0,5.0,3.0,3.0,6.0,,COMPLETE
63,63,0.8600034825004353,2024-12-31 20:16:41.587072,2024-12-31 20:17:36.979265,0 days 00:00:55.392193,10,90,45.0,65.0,85.0,5.0,10.0,35.0,65.0,35.0,25.0,2,6.0,2.0,2.0,2.0,6.0,3.0,2.0,6.0,5.0,COMPLETE
64,64,0.8640528982774952,2024-12-31 20:17:36.997336,2024-12-31 20:18:33.332907,0 days 00:00:56.335571,9,100,25.0,75.0,90.0,15.0,30.0,50.0,45.0,15.0,,2,6.0,2.0,2.0,2.0,5.0,3.0,4.0,6.0,,COMPLETE
65,65,0.8635778974685611,2024-12-31 20:18:33.333783,2024-12-31 20:19:32.602426,0 days 00:00:59.268643,9,90,50.0,60.0,90.0,45.0,40.0,40.0,50.0,50.0,,2,6.0,2.0,2.0,2.0,4.0,2.0,3.0,5.0,,COMPLETE
66,66,0.8753956185848505,2024-12-31 20:19:32.603206,2024-12-31 20:20:31.801274,0 days 00:00:59.198068,10,20,10.0,90.0,75.0,20.0,60.0,35.0,75.0,15.0,100.0,2,6.0,2.0,3.0,3.0,5.0,3.0,2.0,6.0,2.0,COMPLETE
67,67,0.850004289967623,2024-12-31 20:20:31.802150,2024-12-31 20:21:49.531127,0 days 00:01:17.728977,10,15,10.0,90.0,75.0,25.0,70.0,60.0,60.0,15.0,100.0,2,6.0,3.0,3.0,3.0,5.0,3.0,2.0,5.0,2.0,COMPLETE
68,68,0.8209018868989382,2024-12-31 20:21:49.531963,2024-12-31 20:22:42.414679,0 days 00:00:52.882716,10,50,15.0,95.0,65.0,20.0,55.0,45.0,35.0,15.0,75.0,3,6.0,2.0,3.0,3.0,6.0,2.0,2.0,6.0,2.0,COMPLETE
69,69,0.8609945797281733,2024-12-31 20:22:42.415517,2024-12-31 20:24:26.608790,0 days 00:01:44.193273,10,25,5.0,85.0,85.0,10.0,60.0,30.0,80.0,30.0,100.0,3,5.0,3.0,3.0,3.0,4.0,5.0,2.0,5.0,4.0,COMPLETE
70,70,0.8510152508721461,2024-12-31 20:24:26.609610,2024-12-31 20:24:53.378596,0 days 00:00:26.768986,5,60,10.0,80.0,70.0,25.0,,,,,,2,6.0,2.0,4.0,3.0,,,,,,COMPLETE
71,71,0.8536902610074164,2024-12-31 20:24:53.379306,2024-12-31 20:25:44.711762,0 days 00:00:51.332456,9,85,25.0,40.0,95.0,5.0,5.0,35.0,70.0,35.0,,2,6.0,2.0,2.0,2.0,5.0,3.0,3.0,6.0,,COMPLETE
72,72,0.8656320429551461,2024-12-31 20:25:44.712678,2024-12-31 20:26:32.473974,0 days 00:00:47.761296,9,95,10.0,50.0,80.0,10.0,60.0,40.0,70.0,10.0,,2,6.0,2.0,2.0,3.0,5.0,3.0,2.0,6.0,,COMPLETE
73,73,0.8716325702511263,2024-12-31 20:26:32.475031,2024-12-31 20:27:33.509680,0 days 00:01:01.034649,10,75,15.0,65.0,90.0,15.0,40.0,25.0,75.0,25.0,50.0,2,6.0,2.0,2.0,2.0,5.0,3.0,3.0,6.0,4.0,COMPLETE
74,74,0.8549780218388183,2024-12-31 20:27:33.510507,2024-12-31 20:28:33.299620,0 days 00:00:59.789113,10,75,20.0,90.0,100.0,15.0,10.0,25.0,55.0,25.0,55.0,2,6.0,3.0,2.0,3.0,4.0,3.0,2.0,6.0,4.0,COMPLETE
75,75,0.8574741140368163,2024-12-31 20:28:33.300447,2024-12-31 20:29:19.239342,0 days 00:00:45.938895,10,40,10.0,70.0,95.0,15.0,30.0,30.0,75.0,20.0,40.0,2,6.0,2.0,2.0,3.0,5.0,6.0,3.0,5.0,6.0,COMPLETE
76,76,0.8513746822507853,2024-12-31 20:29:19.240166,2024-12-31 20:30:28.270431,0 days 00:01:09.030265,10,80,15.0,80.0,90.0,20.0,15.0,25.0,85.0,10.0,80.0,5,6.0,3.0,3.0,2.0,5.0,4.0,4.0,6.0,2.0,COMPLETE
77,77,0.8857573626051668,2024-12-31 20:30:28.271321,2024-12-31 20:30:45.178369,0 days 00:00:16.907048,4,20,5.0,55.0,85.0,,,,,,,2,6.0,2.0,2.0,,,,,,,COMPLETE
78,78,0.8746124921439047,2024-12-31 20:30:45.178857,2024-12-31 20:31:14.237106,0 days 00:00:29.058249,3,15,65.0,60.0,,,,,,,,2,5.0,2.0,,,,,,,,COMPLETE
79,79,0.8335797052011609,2024-12-31 20:31:14.237692,2024-12-31 20:31:46.629696,0 days 00:00:32.392004,3,20,65.0,55.0,,,,,,,,2,5.0,2.0,,,,,,,,COMPLETE
80,80,0.8418089435938159,2024-12-31 20:31:46.630548,2024-12-31 20:32:07.387838,0 days 00:00:20.757290,2,15,65.0,,,,,,,,,2,5.0,,,,,,,,,COMPLETE
81,81,0.8375818572195384,2024-12-31 20:32:07.388267,2024-12-31 20:32:36.349601,0 days 00:00:28.961334,4,25,85.0,60.0,75.0,,,,,,,2,6.0,2.0,2.0,,,,,,,COMPLETE
82,82,0.8085841464621748,2024-12-31 20:32:36.350184,2024-12-31 20:32:46.156796,0 days 00:00:09.806612,2,10,5.0,,,,,,,,,2,6.0,,,,,,,,,COMPLETE
83,83,0.8571670565870579,2024-12-31 20:32:46.157238,2024-12-31 20:33:03.228200,0 days 00:00:17.070962,3,20,55.0,65.0,,,,,,,,2,6.0,2.0,,,,,,,,COMPLETE
84,84,0.8312436418932421,2024-12-31 20:33:03.228646,2024-12-31 20:33:26.121040,0 days 00:00:22.892394,4,15,100.0,45.0,80.0,,,,,,,2,6.0,2.0,2.0,,,,,,,COMPLETE
85,85,0.8784105692335035,2024-12-31 20:33:26.121474,2024-12-31 20:33:36.868685,0 days 00:00:10.747211,3,10,15.0,60.0,,,,,,,,2,6.0,2.0,,,,,,,,COMPLETE
86,86,0.8499358167775324,2024-12-31 20:33:36.869266,2024-12-31 20:34:06.221589,0 days 00:00:29.352323,3,5,75.0,55.0,,,,,,,,4,4.0,2.0,,,,,,,,COMPLETE
87,87,0.694315704657523,2024-12-31 20:34:06.222077,2024-12-31 20:34:14.516990,0 days 00:00:08.294913,1,15,,,,,,,,,,2,,,,,,,,,,COMPLETE
88,88,0.796282320133388,2024-12-31 20:34:14.517368,2024-12-31 20:34:26.503705,0 days 00:00:11.986337,2,10,5.0,,,,,,,,,6,6.0,,,,,,,,,COMPLETE
89,89,0.8944469092256777,2024-12-31 20:34:26.504124,2024-12-31 20:34:50.506812,0 days 00:00:24.002688,4,10,10.0,50.0,15.0,,,,,,,2,5.0,2.0,3.0,,,,,,,COMPLETE
90,90,0.8250583604541124,2024-12-31 20:34:50.507423,2024-12-31 20:35:15.748270,0 days 00:00:25.240847,4,10,15.0,50.0,20.0,,,,,,,3,4.0,2.0,3.0,,,,,,,COMPLETE
91,91,0.8513113869400971,2024-12-31 20:35:15.748740,2024-12-31 20:35:54.811725,0 days 00:00:39.062985,5,20,10.0,55.0,5.0,85.0,,,,,,2,5.0,2.0,4.0,5.0,,,,,,COMPLETE
92,92,0.8342427576021965,2024-12-31 20:35:54.812355,2024-12-31 20:36:07.529494,0 days 00:00:12.717139,4,5,5.0,60.0,30.0,,,,,,,2,6.0,2.0,4.0,,,,,,,COMPLETE
93,93,0.8718432922601578,2024-12-31 20:36:07.529977,2024-12-31 20:36:28.177224,0 days 00:00:20.647247,3,30,15.0,40.0,,,,,,,,2,5.0,2.0,,,,,,,,COMPLETE
94,94,0.8446520826550951,2024-12-31 20:36:28.177648,2024-12-31 20:36:49.446637,0 days 00:00:21.268989,3,25,15.0,40.0,,,,,,,,2,5.0,2.0,,,,,,,,COMPLETE
95,95,0.8485780533209228,2024-12-31 20:36:49.447219,2024-12-31 20:37:03.925506,0 days 00:00:14.478287,2,15,10.0,,,,,,,,,2,5.0,,,,,,,,,COMPLETE
96,96,0.8630955967005443,2024-12-31 20:37:03.925937,2024-12-31 20:37:22.826291,0 days 00:00:18.900354,3,10,15.0,35.0,,,,,,,,2,4.0,2.0,,,,,,,,COMPLETE
97,97,0.8220739878177865,2024-12-31 20:37:22.826719,2024-12-31 20:37:43.550244,0 days 00:00:20.723525,5,20,5.0,45.0,45.0,35.0,,,,,,2,5.0,2.0,3.0,2.0,,,,,,COMPLETE
98,98,0.8547270487589254,2024-12-31 20:37:43.550970,2024-12-31 20:38:06.002571,0 days 00:00:22.451601,3,30,20.0,50.0,,,,,,,,2,5.0,2.0,,,,,,,,COMPLETE
99,99,0.7827401022672962,2024-12-31 20:38:06.003250,2024-12-31 20:38:25.610300,0 days 00:00:19.607050,4,5,10.0,45.0,60.0,,,,,,,2,5.0,2.0,3.0,,,,,,,COMPLETE
100,100,0.8704693107991459,2024-12-31 20:38:25.610763,2024-12-31 20:38:41.057560,0 days 00:00:15.446797,2,30,20.0,,,,,,,,,2,5.0,,,,,,,,,COMPLETE
101,101,0.8498643804650255,2024-12-31 20:38:41.058138,2024-12-31 20:38:54.356233,0 days 00:00:13.298095,3,25,10.0,50.0,,,,,,,,2,6.0,2.0,,,,,,,,COMPLETE
102,102,0.8768697167633135,2024-12-31 20:38:54.356688,2024-12-31 20:39:11.928142,0 days 00:00:17.571454,4,10,5.0,55.0,10.0,,,,,,,2,6.0,2.0,3.0,,,,,,,COMPLETE
103,103,0.8444961676092975,2024-12-31 20:39:11.928602,2024-12-31 20:39:26.907976,0 days 00:00:14.979374,4,10,5.0,60.0,20.0,,,,,,,2,6.0,2.0,3.0,,,,,,,COMPLETE
104,104,0.8647688952259113,2024-12-31 20:39:26.908420,2024-12-31 20:39:45.614287,0 days 00:00:18.705867,4,15,15.0,55.0,10.0,,,,,,,2,6.0,2.0,3.0,,,,,,,COMPLETE
105,105,0.8832601919912506,2024-12-31 20:39:45.614739,2024-12-31 20:40:00.823103,0 days 00:00:15.208364,3,20,5.0,60.0,,,,,,,,2,6.0,2.0,,,,,,,,COMPLETE
106,106,0.8765469513517663,2024-12-31 20:40:00.823645,2024-12-31 20:40:13.479925,0 days 00:00:12.656280,3,20,5.0,60.0,,,,,,,,2,6.0,2.0,,,,,,,,COMPLETE
107,107,0.8875640690144548,2024-12-31 20:40:13.480370,2024-12-31 20:40:28.805331,0 days 00:00:15.324961,4,20,5.0,60.0,10.0,,,,,,,2,6.0,3.0,4.0,,,,,,,COMPLETE
108,108,0.8727732692638988,2024-12-31 20:40:28.805842,2024-12-31 20:40:53.064926,0 days 00:00:24.259084,4,35,5.0,70.0,15.0,,,,,,,2,6.0,3.0,4.0,,,,,,,COMPLETE
109,109,0.8641101822666495,2024-12-31 20:40:53.065454,2024-12-31 20:41:17.563653,0 days 00:00:24.498199,5,20,5.0,95.0,10.0,70.0,,,,,,2,6.0,3.0,4.0,6.0,,,,,,COMPLETE
110,110,0.8543498471325446,2024-12-31 20:41:17.564142,2024-12-31 20:41:40.368211,0 days 00:00:22.804069,4,20,5.0,60.0,15.0,,,,,,,2,6.0,3.0,4.0,,,,,,,COMPLETE
111,111,0.8674898490221028,2024-12-31 20:41:40.368860,2024-12-31 20:41:52.891578,0 days 00:00:12.522718,3,10,10.0,60.0,,,,,,,,2,6.0,3.0,,,,,,,,COMPLETE
112,112,0.8569068353219125,2024-12-31 20:41:52.892098,2024-12-31 20:42:07.155650,0 days 00:00:14.263552,3,15,10.0,55.0,,,,,,,,2,6.0,3.0,,,,,,,,COMPLETE
113,113,0.8786111629437638,2024-12-31 20:42:07.156148,2024-12-31 20:42:19.788193,0 days 00:00:12.632045,4,25,5.0,55.0,10.0,,,,,,,2,6.0,2.0,3.0,,,,,,,COMPLETE
114,114,0.8691235504014273,2024-12-31 20:42:19.788700,2024-12-31 20:42:35.403750,0 days 00:00:15.615050,4,25,5.0,55.0,10.0,,,,,,,2,6.0,3.0,3.0,,,,,,,COMPLETE
115,115,0.8614657627633882,2024-12-31 20:42:35.404200,2024-12-31 20:42:55.833478,0 days 00:00:20.429278,5,25,10.0,50.0,5.0,40.0,,,,,,2,6.0,2.0,3.0,5.0,,,,,,COMPLETE
116,116,0.8636486107986304,2024-12-31 20:42:55.834117,2024-12-31 20:43:17.389932,0 days 00:00:21.555815,4,20,5.0,75.0,20.0,,,,,,,2,6.0,6.0,3.0,,,,,,,COMPLETE
117,117,0.8498975557080733,2024-12-31 20:43:17.390677,2024-12-31 20:43:40.155557,0 days 00:00:22.764880,5,5,10.0,65.0,15.0,50.0,,,,,,2,6.0,2.0,3.0,5.0,,,,,,COMPLETE
118,118,0.8658983905014256,2024-12-31 20:43:40.156152,2024-12-31 20:43:59.226579,0 days 00:00:19.070427,4,20,5.0,55.0,5.0,,,,,,,2,6.0,2.0,3.0,,,,,,,COMPLETE
119,119,0.8470483191224956,2024-12-31 20:43:59.227051,2024-12-31 20:44:24.793287,0 days 00:00:25.566236,5,15,10.0,60.0,25.0,30.0,,,,,,2,6.0,3.0,3.0,6.0,,,,,,COMPLETE
120,120,0.8036344425438569,2024-12-31 20:44:24.793921,2024-12-31 20:44:40.257810,0 days 00:00:15.463889,4,10,5.0,50.0,10.0,,,,,,,2,6.0,2.0,3.0,,,,,,,COMPLETE
121,121,0.8455988619609822,2024-12-31 20:44:40.258308,2024-12-31 20:44:53.093032,0 days 00:00:12.834724,3,15,5.0,90.0,,,,,,,,2,6.0,2.0,,,,,,,,COMPLETE
122,122,0.8634143373627035,2024-12-31 20:44:53.093564,2024-12-31 20:45:09.084121,0 days 00:00:15.990557,3,15,65.0,60.0,,,,,,,,2,6.0,2.0,,,,,,,,COMPLETE
123,123,0.8353571446915709,2024-12-31 20:45:09.084608,2024-12-31 20:45:23.250897,0 days 00:00:14.166289,3,25,10.0,55.0,,,,,,,,2,6.0,2.0,,,,,,,,COMPLETE
124,124,0.8339224046992461,2024-12-31 20:45:23.251330,2024-12-31 20:45:50.604388,0 days 00:00:27.353058,4,50,5.0,65.0,15.0,,,,,,,2,3.0,2.0,4.0,,,,,,,COMPLETE
125,125,0.8658864012137664,2024-12-31 20:45:50.604956,2024-12-31 20:46:07.006986,0 days 00:00:16.402030,2,20,95.0,,,,,,,,,2,6.0,,,,,,,,,COMPLETE
126,126,0.8529563671744329,2024-12-31 20:46:07.007401,2024-12-31 20:46:22.156017,0 days 00:00:15.148616,3,10,60.0,60.0,,,,,,,,2,6.0,2.0,,,,,,,,COMPLETE
127,127,0.8482659418946791,2024-12-31 20:46:22.156499,2024-12-31 20:46:51.752035,0 days 00:00:29.595536,6,20,10.0,55.0,10.0,95.0,100.0,,,,,2,6.0,2.0,3.0,3.0,6.0,,,,,COMPLETE
128,128,0.8516008632497873,2024-12-31 20:46:51.752554,2024-12-31 20:47:04.302547,0 days 00:00:12.549993,4,5,5.0,65.0,25.0,,,,,,,2,6.0,2.0,3.0,,,,,,,COMPLETE
129,129,0.8823370664322137,2024-12-31 20:47:04.303023,2024-12-31 20:47:22.169239,0 days 00:00:17.866216,3,15,15.0,70.0,,,,,,,,2,6.0,3.0,,,,,,,,COMPLETE
130,130,0.8680985003877193,2024-12-31 20:47:22.169797,2024-12-31 20:47:49.275997,0 days 00:00:27.106200,4,65,15.0,70.0,5.0,,,,,,,2,6.0,3.0,4.0,,,,,,,COMPLETE
131,131,0.8660390920793655,2024-12-31 20:47:49.276519,2024-12-31 20:48:05.358609,0 days 00:00:16.082090,3,15,10.0,85.0,,,,,,,,2,6.0,3.0,,,,,,,,COMPLETE
132,132,0.848945758043558,2024-12-31 20:48:05.359065,2024-12-31 20:48:27.236304,0 days 00:00:21.877239,3,10,5.0,100.0,,,,,,,,2,6.0,3.0,,,,,,,,COMPLETE
133,133,0.8716999346059229,2024-12-31 20:48:27.236870,2024-12-31 20:48:37.748011,0 days 00:00:10.511141,2,15,50.0,,,,,,,,,2,6.0,,,,,,,,,COMPLETE
134,134,0.8414435128091211,2024-12-31 20:48:37.748430,2024-12-31 20:48:54.381410,0 days 00:00:16.632980,3,20,10.0,60.0,,,,,,,,2,6.0,3.0,,,,,,,,COMPLETE
135,135,0.8756469180777444,2024-12-31 20:48:54.382275,2024-12-31 20:49:02.774103,0 days 00:00:08.391828,2,10,5.0,,,,,,,,,2,6.0,,,,,,,,,COMPLETE
136,136,0.8518550299210677,2024-12-31 20:49:02.774522,2024-12-31 20:49:11.765754,0 days 00:00:08.991232,2,10,5.0,,,,,,,,,2,6.0,,,,,,,,,COMPLETE
137,137,0.8437388346303858,2024-12-31 20:49:11.766193,2024-12-31 20:49:26.361094,0 days 00:00:14.594901,2,100,15.0,,,,,,,,,2,6.0,,,,,,,,,COMPLETE
138,138,0.4588599893410883,2024-12-31 20:49:26.361577,2024-12-31 20:49:34.628288,0 days 00:00:08.266711,1,5,,,,,,,,,,2,,,,,,,,,,COMPLETE
139,139,0.8568979598070441,2024-12-31 20:49:34.628696,2024-12-31 20:50:02.315039,0 days 00:00:27.686343,4,25,10.0,75.0,35.0,,,,,,,2,6.0,3.0,5.0,,,,,,,COMPLETE
140,140,0.8801380573298372,2024-12-31 20:50:02.315613,2024-12-31 20:50:12.377613,0 days 00:00:10.062000,1,15,,,,,,,,,,3,,,,,,,,,,COMPLETE
141,141,0.8359783257504132,2024-12-31 20:50:12.378072,2024-12-31 20:50:22.488858,0 days 00:00:10.110786,1,15,,,,,,,,,,3,,,,,,,,,,COMPLETE
142,142,0.8164888883279433,2024-12-31 20:50:22.489263,2024-12-31 20:50:33.930806,0 days 00:00:11.441543,1,10,,,,,,,,,,4,,,,,,,,,,COMPLETE
143,143,0.851700208781543,2024-12-31 20:50:33.931227,2024-12-31 20:50:50.557088,0 days 00:00:16.625861,1,70,,,,,,,,,,3,,,,,,,,,,COMPLETE
144,144,0.8685026961301187,2024-12-31 20:50:50.557486,2024-12-31 20:51:00.081922,0 days 00:00:09.524436,2,20,5.0,,,,,,,,,2,6.0,,,,,,,,,COMPLETE
145,145,0.8132631304120795,2024-12-31 20:51:00.082445,2024-12-31 20:51:16.678221,0 days 00:00:16.595776,4,15,15.0,45.0,55.0,,,,,,,2,6.0,3.0,2.0,,,,,,,COMPLETE
146,146,0.8569373235980706,2024-12-31 20:51:16.678697,2024-12-31 20:51:28.043884,0 days 00:00:11.365187,2,10,20.0,,,,,,,,,2,6.0,,,,,,,,,COMPLETE
147,147,0.8765674020559238,2024-12-31 20:51:28.044377,2024-12-31 20:51:53.017090,0 days 00:00:24.972713,6,20,10.0,80.0,15.0,60.0,25.0,,,,,2,6.0,3.0,2.0,5.0,4.0,,,,,COMPLETE
148,148,0.854484848248583,2024-12-31 20:51:53.017617,2024-12-31 20:52:29.146219,0 days 00:00:36.128602,7,5,5.0,80.0,15.0,60.0,20.0,80.0,,,,2,6.0,3.0,2.0,5.0,4.0,5.0,,,,COMPLETE
149,149,0.8495410120285186,2024-12-31 20:52:29.146923,2024-12-31 20:53:23.220242,0 days 00:00:54.073319,6,30,10.0,85.0,30.0,70.0,25.0,,,,,2,6.0,3.0,2.0,5.0,3.0,,,,,COMPLETE
150,150,0.8565944812910542,2024-12-31 20:53:23.220934,2024-12-31 20:53:57.515119,0 days 00:00:34.294185,6,20,15.0,70.0,20.0,60.0,35.0,,,,,2,6.0,3.0,2.0,6.0,3.0,,,,,COMPLETE
151,151,0.8667166605746611,2024-12-31 20:53:57.515765,2024-12-31 20:54:29.688215,0 days 00:00:32.172450,5,60,10.0,95.0,10.0,65.0,,,,,,2,6.0,3.0,2.0,5.0,,,,,,COMPLETE
152,152,0.8562769435566735,2024-12-31 20:54:29.688859,2024-12-31 20:54:52.292154,0 days 00:00:22.603295,7,20,5.0,90.0,15.0,50.0,20.0,10.0,,,,2,6.0,2.0,4.0,4.0,4.0,4.0,,,,COMPLETE
153,153,0.8465210740096006,2024-12-31 20:54:52.293063,2024-12-31 20:55:11.980135,0 days 00:00:19.687072,5,15,10.0,50.0,5.0,80.0,,,,,,2,6.0,3.0,2.0,4.0,,,,,,COMPLETE
154,154,0.8721164226544884,2024-12-31 20:55:11.980752,2024-12-31 20:55:39.770315,0 days 00:00:27.789563,6,25,5.0,80.0,10.0,55.0,65.0,,,,,2,6.0,2.0,3.0,4.0,4.0,,,,,COMPLETE
155,155,0.8605648427544662,2024-12-31 20:55:39.771056,2024-12-31 20:55:53.076569,0 days 00:00:13.305513,3,20,15.0,75.0,,,,,,,,2,6.0,2.0,,,,,,,,COMPLETE
156,156,0.8691758316745384,2024-12-31 20:55:53.077068,2024-12-31 20:56:14.458346,0 days 00:00:21.381278,4,10,10.0,55.0,95.0,,,,,,,2,6.0,4.0,2.0,,,,,,,COMPLETE
157,157,0.8613389202291917,2024-12-31 20:56:14.458863,2024-12-31 20:56:30.911693,0 days 00:00:16.452830,4,25,5.0,50.0,20.0,,,,,,,2,6.0,3.0,3.0,,,,,,,COMPLETE
158,158,0.49051157177865373,2024-12-31 20:56:30.912236,2024-12-31 20:56:39.160909,0 days 00:00:08.248673,1,15,,,,,,,,,,2,,,,,,,,,,COMPLETE
159,159,0.8647988174203143,2024-12-31 20:56:39.161358,2024-12-31 20:56:53.623990,0 days 00:00:14.462632,3,100,5.0,65.0,,,,,,,,2,6.0,2.0,,,,,,,,COMPLETE
160,160,0.8507115743200415,2024-12-31 20:56:53.624525,2024-12-31 20:58:22.268194,0 days 00:01:28.643669,8,20,10.0,90.0,100.0,65.0,70.0,60.0,15.0,,,2,6.0,3.0,4.0,4.0,4.0,5.0,5.0,,,COMPLETE
161,161,0.8768159245176628,2024-12-31 20:58:22.269011,2024-12-31 20:58:53.769471,0 days 00:00:31.500460,3,15,75.0,60.0,,,,,,,,2,4.0,2.0,,,,,,,,COMPLETE
162,162,0.8532993674813956,2024-12-31 20:58:53.770056,2024-12-31 20:59:26.884482,0 days 00:00:33.114426,3,15,85.0,60.0,,,,,,,,2,4.0,2.0,,,,,,,,COMPLETE
163,163,0.8827516431155604,2024-12-31 20:59:26.885074,2024-12-31 20:59:46.337465,0 days 00:00:19.452391,3,10,5.0,55.0,,,,,,,,2,4.0,2.0,,,,,,,,COMPLETE
164,164,0.8759806896291422,2024-12-31 20:59:46.337920,2024-12-31 21:00:08.609161,0 days 00:00:22.271241,3,10,5.0,55.0,,,,,,,,4,4.0,2.0,,,,,,,,COMPLETE
165,165,0.860293439445864,2024-12-31 21:00:08.609689,2024-12-31 21:00:29.196385,0 days 00:00:20.586696,3,10,5.0,55.0,,,,,,,,4,4.0,2.0,,,,,,,,COMPLETE
166,166,0.813111175859031,2024-12-31 21:00:29.196926,2024-12-31 21:00:47.417467,0 days 00:00:18.220541,3,5,5.0,55.0,,,,,,,,5,4.0,2.0,,,,,,,,COMPLETE
167,167,0.8839426546950697,2024-12-31 21:00:47.417937,2024-12-31 21:01:20.028490,0 days 00:00:32.610553,3,15,75.0,60.0,,,,,,,,4,4.0,2.0,,,,,,,,COMPLETE
168,168,0.848148728448539,2024-12-31 21:01:20.029055,2024-12-31 21:01:50.455148,0 days 00:00:30.426093,3,15,70.0,60.0,,,,,,,,2,4.0,2.0,,,,,,,,COMPLETE
169,169,0.8500703198765489,2024-12-31 21:01:50.455703,2024-12-31 21:02:25.826547,0 days 00:00:35.370844,4,15,75.0,60.0,25.0,,,,,,,3,4.0,2.0,2.0,,,,,,,COMPLETE
170,170,0.8674498444951209,2024-12-31 21:02:25.827116,2024-12-31 21:02:55.543340,0 days 00:00:29.716224,3,20,70.0,65.0,,,,,,,,5,4.0,2.0,,,,,,,,COMPLETE
171,171,0.8624233523169524,2024-12-31 21:02:55.543889,2024-12-31 21:03:27.059461,0 days 00:00:31.515572,3,10,75.0,55.0,,,,,,,,4,4.0,2.0,,,,,,,,COMPLETE
172,172,0.8762564997281721,2024-12-31 21:03:27.059987,2024-12-31 21:03:47.992288,0 days 00:00:20.932301,3,10,10.0,50.0,,,,,,,,4,4.0,2.0,,,,,,,,COMPLETE
173,173,0.8087014325311309,2024-12-31 21:03:47.992827,2024-12-31 21:04:20.489308,0 days 00:00:32.496481,3,15,80.0,50.0,,,,,,,,4,4.0,2.0,,,,,,,,COMPLETE
174,174,0.8729352676833579,2024-12-31 21:04:20.489880,2024-12-31 21:04:53.511922,0 days 00:00:33.022042,4,40,10.0,50.0,10.0,,,,,,,4,4.0,2.0,5.0,,,,,,,COMPLETE
175,175,0.849773143923165,2024-12-31 21:04:53.512398,2024-12-31 21:05:28.718020,0 days 00:00:35.205622,3,15,90.0,60.0,,,,,,,,4,4.0,2.0,,,,,,,,COMPLETE
176,176,0.8498091344982273,2024-12-31 21:05:28.718704,2024-12-31 21:05:59.013364,0 days 00:00:30.294660,4,10,75.0,45.0,45.0,,,,,,,4,4.0,2.0,2.0,,,,,,,COMPLETE
177,177,0.8099499885365564,2024-12-31 21:05:59.013864,2024-12-31 21:06:33.492667,0 days 00:00:34.478803,3,95,10.0,55.0,,,,,,,,4,4.0,2.0,,,,,,,,COMPLETE
178,178,0.8639285481800782,2024-12-31 21:06:33.493305,2024-12-31 21:07:10.629387,0 days 00:00:37.136082,5,5,40.0,60.0,30.0,45.0,,,,,,2,4.0,2.0,6.0,6.0,,,,,,COMPLETE
179,179,0.8512888436611024,2024-12-31 21:07:10.629903,2024-12-31 21:08:12.672718,0 days 00:01:02.042815,7,20,15.0,65.0,20.0,30.0,25.0,95.0,,,,2,4.0,2.0,2.0,5.0,3.0,5.0,,,,COMPLETE
180,180,0.8650877534104795,2024-12-31 21:08:12.673433,2024-12-31 21:08:26.889448,0 days 00:00:14.216015,3,15,10.0,50.0,,,,,,,,6,4.0,2.0,,,,,,,,COMPLETE
181,181,0.8459396867457787,2024-12-31 21:08:26.889957,2024-12-31 21:08:49.666607,0 days 00:00:22.776650,3,10,5.0,55.0,,,,,,,,4,4.0,2.0,,,,,,,,COMPLETE
182,182,0.8908491638928793,2024-12-31 21:08:49.667191,2024-12-31 21:09:09.524834,0 days 00:00:19.857643,3,10,5.0,55.0,,,,,,,,4,4.0,2.0,,,,,,,,COMPLETE
183,183,0.7364153270204801,2024-12-31 21:09:09.525427,2024-12-31 21:09:32.184764,0 days 00:00:22.659337,3,5,5.0,60.0,,,,,,,,4,4.0,2.0,,,,,,,,COMPLETE
184,184,0.867864959057637,2024-12-31 21:09:32.185268,2024-12-31 21:10:03.334134,0 days 00:00:31.148866,4,10,10.0,55.0,40.0,,,,,,,4,4.0,2.0,5.0,,,,,,,COMPLETE
185,185,0.8408938922386374,2024-12-31 21:10:03.334618,2024-12-31 21:10:24.301092,0 days 00:00:20.966474,3,15,5.0,50.0,,,,,,,,4,4.0,2.0,,,,,,,,COMPLETE
186,186,0.8877770804148184,2024-12-31 21:10:24.301653,2024-12-31 21:10:47.489202,0 days 00:00:23.187549,4,10,10.0,45.0,5.0,,,,,,,2,4.0,3.0,2.0,,,,,,,COMPLETE
187,187,0.8319064704416222,2024-12-31 21:10:47.489768,2024-12-31 21:11:14.541185,0 days 00:00:27.051417,4,25,5.0,70.0,5.0,,,,,,,2,4.0,3.0,2.0,,,,,,,COMPLETE
188,188,0.8847651451155847,2024-12-31 21:11:14.541686,2024-12-31 21:11:38.944465,0 days 00:00:24.402779,4,15,15.0,45.0,15.0,,,,,,,2,4.0,3.0,2.0,,,,,,,COMPLETE
189,189,0.8095347720506421,2024-12-31 21:11:38.945033,2024-12-31 21:12:03.110548,0 days 00:00:24.165515,4,15,15.0,45.0,15.0,,,,,,,2,4.0,3.0,2.0,,,,,,,COMPLETE
190,190,0.8543347170898388,2024-12-31 21:12:03.111128,2024-12-31 21:12:33.103989,0 days 00:00:29.992861,4,100,15.0,40.0,5.0,,,,,,,2,3.0,3.0,2.0,,,,,,,COMPLETE
191,191,0.8633989512630289,2024-12-31 21:12:33.104503,2024-12-31 21:12:55.621048,0 days 00:00:22.516545,4,15,10.0,45.0,10.0,,,,,,,2,3.0,3.0,2.0,,,,,,,COMPLETE
192,192,0.8556113201863702,2024-12-31 21:12:55.621519,2024-12-31 21:13:19.256143,0 days 00:00:23.634624,4,20,5.0,40.0,10.0,,,,,,,2,4.0,3.0,2.0,,,,,,,COMPLETE
193,193,0.8676235264476774,2024-12-31 21:13:19.256766,2024-12-31 21:13:45.769561,0 days 00:00:26.512795,4,10,20.0,60.0,15.0,,,,,,,2,4.0,3.0,2.0,,,,,,,COMPLETE
194,194,0.8459404150681424,2024-12-31 21:13:45.770159,2024-12-31 21:14:08.108699,0 days 00:00:22.338540,5,20,10.0,55.0,5.0,40.0,,,,,,2,6.0,3.0,2.0,5.0,,,,,,COMPLETE
195,195,0.8745324531270993,2024-12-31 21:14:08.109228,2024-12-31 21:14:24.561251,0 days 00:00:16.452023,4,15,5.0,60.0,15.0,,,,,,,2,6.0,3.0,2.0,,,,,,,COMPLETE
196,196,0.8698302509827792,2024-12-31 21:14:24.561793,2024-12-31 21:14:56.837471,0 days 00:00:32.275678,4,10,20.0,65.0,65.0,,,,,,,2,4.0,3.0,2.0,,,,,,,COMPLETE
197,197,0.8761598364795402,2024-12-31 21:14:56.838156,2024-12-31 21:15:17.256795,0 days 00:00:20.418639,4,5,15.0,35.0,20.0,,,,,,,2,2.0,3.0,2.0,,,,,,,COMPLETE
198,198,0.8652546870093926,2024-12-31 21:15:17.257291,2024-12-31 21:15:43.380292,0 days 00:00:26.123001,6,20,10.0,45.0,5.0,45.0,15.0,,,,,2,6.0,3.0,2.0,5.0,6.0,,,,,COMPLETE
199,199,0.8738569355866068,2024-12-31 21:15:43.380888,2024-12-31 21:16:04.241795,0 days 00:00:20.860907,5,15,5.0,55.0,10.0,70.0,,,,,,2,6.0,3.0,6.0,6.0,,,,,,COMPLETE
200,200,0.8517003893280894,2024-12-31 21:16:04.242489,2024-12-31 21:16:20.694394,0 days 00:00:16.451905,3,10,10.0,60.0,,,,,,,,2,6.0,3.0,,,,,,,,COMPLETE
201,201,0.8698082679305401,2024-12-31 21:16:20.694897,2024-12-31 21:16:40.328943,0 days 00:00:19.634046,3,10,10.0,50.0,,,,,,,,2,4.0,2.0,,,,,,,,COMPLETE
202,202,0.8835396034451896,2024-12-31 21:16:40.329530,2024-12-31 21:17:00.159680,0 days 00:00:19.830150,3,10,5.0,50.0,,,,,,,,2,4.0,2.0,,,,,,,,COMPLETE
203,203,0.6998942662950609,2024-12-31 21:17:00.160198,2024-12-31 21:17:19.877743,0 days 00:00:19.717545,3,15,5.0,55.0,,,,,,,,2,4.0,2.0,,,,,,,,COMPLETE
204,204,0.8547170984879213,2024-12-31 21:17:19.878232,2024-12-31 21:17:39.361193,0 days 00:00:19.482961,3,10,5.0,50.0,,,,,,,,2,4.0,2.0,,,,,,,,COMPLETE
205,205,0.8710913431571986,2024-12-31 21:17:39.361839,2024-12-31 21:18:08.737039,0 days 00:00:29.375200,3,5,80.0,45.0,,,,,,,,2,4.0,2.0,,,,,,,,COMPLETE
206,206,0.8633400307797539,2024-12-31 21:18:08.737617,2024-12-31 21:18:32.127246,0 days 00:00:23.389629,4,15,5.0,25.0,100.0,,,,,,,2,4.0,2.0,2.0,,,,,,,COMPLETE
207,207,0.8791515591265147,2024-12-31 21:18:32.127734,2024-12-31 21:18:42.488270,0 days 00:00:10.360536,2,15,5.0,,,,,,,,,2,6.0,,,,,,,,,COMPLETE
208,208,0.8515238762464343,2024-12-31 21:18:42.488810,2024-12-31 21:18:52.411041,0 days 00:00:09.922231,2,10,5.0,,,,,,,,,2,6.0,,,,,,,,,COMPLETE
209,209,0.8516857307714749,2024-12-31 21:18:52.411472,2024-12-31 21:19:07.867903,0 days 00:00:15.456431,2,15,15.0,,,,,,,,,2,4.0,,,,,,,,,COMPLETE
210,210,0.8390757914212866,2024-12-31 21:19:07.868427,2024-12-31 21:19:16.281745,0 days 00:00:08.413318,1,10,,,,,,,,,,2,,,,,,,,,,COMPLETE
211,211,0.8388131582769132,2024-12-31 21:19:16.282163,2024-12-31 21:19:32.477537,0 days 00:00:16.195374,3,55,5.0,55.0,,,,,,,,2,6.0,2.0,,,,,,,,COMPLETE
212,212,0.8357300102865253,2024-12-31 21:19:32.478014,2024-12-31 21:19:43.108865,0 days 00:00:10.630851,2,20,5.0,,,,,,,,,2,6.0,,,,,,,,,COMPLETE
213,213,0.8600151975872797,2024-12-31 21:19:43.109297,2024-12-31 21:19:58.167840,0 days 00:00:15.058543,3,15,10.0,60.0,,,,,,,,2,6.0,3.0,,,,,,,,COMPLETE
214,214,0.8536252312675358,2024-12-31 21:19:58.168308,2024-12-31 21:20:46.398043,0 days 00:00:48.229735,8,20,5.0,65.0,10.0,55.0,10.0,5.0,10.0,,,2,6.0,5.0,4.0,4.0,3.0,5.0,4.0,,,COMPLETE
215,215,0.858334754957381,2024-12-31 21:20:46.398811,2024-12-31 21:20:58.940901,0 days 00:00:12.542090,3,15,10.0,55.0,,,,,,,,2,6.0,2.0,,,,,,,,COMPLETE
216,216,0.8585291046410334,2024-12-31 21:20:58.941412,2024-12-31 21:21:23.307395,0 days 00:00:24.365983,4,95,5.0,50.0,15.0,,,,,,,2,6.0,2.0,3.0,,,,,,,COMPLETE
217,217,0.8733494567670975,2024-12-31 21:21:23.307913,2024-12-31 21:21:35.005499,0 days 00:00:11.697586,3,25,10.0,60.0,,,,,,,,2,6.0,2.0,,,,,,,,COMPLETE
218,218,0.8726875637691833,2024-12-31 21:21:35.006103,2024-12-31 21:21:48.697575,0 days 00:00:13.691472,2,10,75.0,,,,,,,,,2,6.0,,,,,,,,,COMPLETE
219,219,0.8926830396782854,2024-12-31 21:21:48.698088,2024-12-31 21:22:16.844439,0 days 00:00:28.146351,4,15,5.0,80.0,25.0,,,,,,,2,4.0,3.0,2.0,,,,,,,COMPLETE
220,220,0.8759778437441013,2024-12-31 21:22:16.845072,2024-12-31 21:22:45.610993,0 days 00:00:28.765921,4,15,10.0,80.0,25.0,,,,,,,2,4.0,3.0,2.0,,,,,,,COMPLETE
221,221,0.870118939679337,2024-12-31 21:22:45.611508,2024-12-31 21:23:13.364268,0 days 00:00:27.752760,4,20,5.0,75.0,20.0,,,,,,,2,4.0,3.0,2.0,,,,,,,COMPLETE
222,222,0.868301470442613,2024-12-31 21:23:13.364925,2024-12-31 21:23:38.088497,0 days 00:00:24.723572,4,15,5.0,85.0,10.0,,,,,,,2,4.0,3.0,2.0,,,,,,,COMPLETE
223,223,0.8652798562192953,2024-12-31 21:23:38.088995,2024-12-31 21:24:01.643530,0 days 00:00:23.554535,4,10,5.0,55.0,15.0,,,,,,,2,4.0,3.0,2.0,,,,,,,COMPLETE
224,224,0.8635656216592497,2024-12-31 21:24:01.644013,2024-12-31 21:24:23.859959,0 days 00:00:22.215946,3,15,5.0,60.0,,,,,,,,2,4.0,3.0,,,,,,,,COMPLETE
225,225,0.8632334761429583,2024-12-31 21:24:23.860515,2024-12-31 21:24:59.993689,0 days 00:00:36.133174,4,100,5.0,65.0,5.0,,,,,,,2,4.0,4.0,2.0,,,,,,,COMPLETE
226,226,0.737384896590958,2024-12-31 21:24:59.994279,2024-12-31 21:25:19.995896,0 days 00:00:20.001617,3,20,10.0,50.0,,,,,,,,2,4.0,2.0,,,,,,,,COMPLETE
227,227,0.8283835719088483,2024-12-31 21:25:19.996360,2024-12-31 21:26:01.306109,0 days 00:00:41.309749,4,5,60.0,55.0,95.0,,,,,,,2,4.0,3.0,6.0,,,,,,,COMPLETE
228,228,0.846509428182689,2024-12-31 21:26:01.306798,2024-12-31 21:26:15.953307,0 days 00:00:14.646509,3,10,5.0,80.0,,,,,,,,3,6.0,2.0,,,,,,,,COMPLETE
229,229,0.8761912630301886,2024-12-31 21:26:15.953803,2024-12-31 21:26:41.493524,0 days 00:00:25.539721,4,15,10.0,95.0,15.0,,,,,,,2,4.0,2.0,2.0,,,,,,,COMPLETE
230,230,0.8641205917657316,2024-12-31 21:26:41.494033,2024-12-31 21:26:59.039190,0 days 00:00:17.545157,3,20,15.0,40.0,,,,,,,,2,6.0,6.0,,,,,,,,COMPLETE
231,231,0.7481094627632074,2024-12-31 21:26:59.039773,2024-12-31 21:27:21.868543,0 days 00:00:22.828770,3,10,10.0,50.0,,,,,,,,4,4.0,2.0,,,,,,,,COMPLETE
232,232,0.8416912341075148,2024-12-31 21:27:21.869138,2024-12-31 21:27:43.451763,0 days 00:00:21.582625,3,10,15.0,45.0,,,,,,,,4,4.0,2.0,,,,,,,,COMPLETE
233,233,0.8537526901072111,2024-12-31 21:27:43.452242,2024-12-31 21:28:07.221100,0 days 00:00:23.768858,3,10,5.0,50.0,,,,,,,,5,4.0,2.0,,,,,,,,COMPLETE
234,234,0.849093669006198,2024-12-31 21:28:07.221566,2024-12-31 21:28:26.286558,0 days 00:00:19.064992,3,5,10.0,50.0,,,,,,,,2,4.0,2.0,,,,,,,,COMPLETE
235,235,0.8500566105717634,2024-12-31 21:28:26.287162,2024-12-31 21:29:34.529535,0 days 00:01:08.242373,7,40,5.0,45.0,10.0,80.0,35.0,75.0,,,,2,4.0,2.0,3.0,4.0,3.0,5.0,,,,COMPLETE
236,236,0.8617876411328925,2024-12-31 21:29:34.530307,2024-12-31 21:30:00.548769,0 days 00:00:26.018462,4,15,10.0,60.0,5.0,,,,,,,4,4.0,3.0,2.0,,,,,,,COMPLETE
237,237,0.8735495183637034,2024-12-31 21:30:00.549367,2024-12-31 21:30:31.384087,0 days 00:00:30.834720,6,15,5.0,55.0,50.0,90.0,15.0,,,,,2,6.0,2.0,2.0,5.0,6.0,,,,,COMPLETE
238,238,0.8618140670784571,2024-12-31 21:30:31.384649,2024-12-31 21:30:51.749198,0 days 00:00:20.364549,3,10,5.0,70.0,,,,,,,,2,4.0,2.0,,,,,,,,COMPLETE
239,239,0.8717342629266994,2024-12-31 21:30:51.749679,2024-12-31 21:31:12.859596,0 days 00:00:21.109917,4,20,15.0,55.0,100.0,,,,,,,2,6.0,3.0,3.0,,,,,,,COMPLETE
240,240,0.8472915098053166,2024-12-31 21:31:12.860207,2024-12-31 21:31:24.651656,0 days 00:00:11.791449,3,15,10.0,75.0,,,,,,,,2,6.0,2.0,,,,,,,,COMPLETE
241,241,0.8595673732736535,2024-12-31 21:31:24.652230,2024-12-31 21:31:47.408588,0 days 00:00:22.756358,4,15,10.0,60.0,15.0,,,,,,,2,4.0,2.0,2.0,,,,,,,COMPLETE
242,242,0.877987562649191,2024-12-31 21:31:47.409094,2024-12-31 21:32:11.345691,0 days 00:00:23.936597,4,15,10.0,85.0,15.0,,,,,,,2,4.0,2.0,2.0,,,,,,,COMPLETE
243,243,0.8381201662286442,2024-12-31 21:32:11.346178,2024-12-31 21:32:34.321289,0 days 00:00:22.975111,4,10,5.0,80.0,20.0,,,,,,,2,4.0,2.0,2.0,,,,,,,COMPLETE
244,244,0.8603667671518397,2024-12-31 21:32:34.321882,2024-12-31 21:32:49.163512,0 days 00:00:14.841630,4,20,15.0,85.0,10.0,,,,,,,2,6.0,2.0,2.0,,,,,,,COMPLETE
245,245,0.8709306913707325,2024-12-31 21:32:49.164132,2024-12-31 21:33:11.665904,0 days 00:00:22.501772,4,15,10.0,50.0,15.0,,,,,,,2,4.0,2.0,2.0,,,,,,,COMPLETE
246,246,0.8773455551659848,2024-12-31 21:33:11.666396,2024-12-31 21:33:26.132070,0 days 00:00:14.465674,3,10,5.0,55.0,,,,,,,,2,6.0,3.0,,,,,,,,COMPLETE
247,247,0.46658137179356707,2024-12-31 21:33:26.132565,2024-12-31 21:33:34.520399,0 days 00:00:08.387834,1,10,,,,,,,,,,2,,,,,,,,,,COMPLETE
248,248,0.8773196839099667,2024-12-31 21:33:34.520833,2024-12-31 21:33:54.168738,0 days 00:00:19.647905,5,20,5.0,90.0,25.0,25.0,,,,,,2,6.0,3.0,2.0,5.0,,,,,,COMPLETE
249,249,0.8632667306574097,2024-12-31 21:33:54.169369,2024-12-31 21:34:25.925416,0 days 00:00:31.756047,5,25,5.0,90.0,40.0,25.0,,,,,,2,6.0,3.0,2.0,5.0,,,,,,COMPLETE
250,250,0.8271078428144012,2024-12-31 21:34:25.926059,2024-12-31 21:34:44.511405,0 days 00:00:18.585346,5,5,5.0,90.0,35.0,40.0,,,,,,2,6.0,3.0,2.0,5.0,,,,,,COMPLETE
251,251,0.8744116934125623,2024-12-31 21:34:44.511937,2024-12-31 21:35:21.867502,0 days 00:00:37.355565,6,100,5.0,85.0,25.0,10.0,20.0,,,,,2,6.0,3.0,2.0,6.0,3.0,,,,,COMPLETE
252,252,0.857524685094301,2024-12-31 21:35:21.868170,2024-12-31 21:35:41.554314,0 days 00:00:19.686144,4,10,5.0,95.0,30.0,,,,,,,2,6.0,3.0,2.0,,,,,,,COMPLETE
253,253,0.864739628319154,2024-12-31 21:35:41.554931,2024-12-31 21:36:15.277635,0 days 00:00:33.722704,4,65,75.0,85.0,20.0,,,,,,,2,6.0,3.0,2.0,,,,,,,COMPLETE
254,254,0.8543295892148798,2024-12-31 21:36:15.278160,2024-12-31 21:36:34.241131,0 days 00:00:18.962971,4,15,10.0,90.0,10.0,,,,,,,2,6.0,3.0,2.0,,,,,,,COMPLETE
255,255,0.847374446062656,2024-12-31 21:36:34.241745,2024-12-31 21:36:55.532503,0 days 00:00:21.290758,5,15,5.0,55.0,15.0,35.0,,,,,,2,6.0,3.0,2.0,5.0,,,,,,COMPLETE
256,256,0.8795826881299488,2024-12-31 21:36:55.533128,2024-12-31 21:37:24.917947,0 days 00:00:29.384819,7,20,10.0,80.0,20.0,20.0,5.0,70.0,,,,2,6.0,3.0,2.0,4.0,4.0,6.0,,,,COMPLETE
257,257,0.873979936671446,2024-12-31 21:37:24.918619,2024-12-31 21:37:48.091115,0 days 00:00:23.172496,4,10,5.0,85.0,25.0,,,,,,,2,6.0,3.0,6.0,,,,,,,COMPLETE
258,258,0.8772588769935661,2024-12-31 21:37:48.091772,2024-12-31 21:38:21.547244,0 days 00:00:33.455472,7,20,20.0,90.0,20.0,25.0,5.0,70.0,,,,2,6.0,3.0,3.0,4.0,2.0,6.0,,,,COMPLETE
259,259,0.8512470809191295,2024-12-31 21:38:21.547975,2024-12-31 21:39:01.154089,0 days 00:00:39.606114,7,25,20.0,95.0,20.0,25.0,5.0,70.0,,,,2,6.0,3.0,3.0,4.0,2.0,6.0,,,,COMPLETE
260,260,0.8388685530934399,2024-12-31 21:39:01.154741,2024-12-31 21:39:31.156102,0 days 00:00:30.001361,7,20,20.0,90.0,25.0,20.0,5.0,90.0,,,,2,6.0,3.0,3.0,4.0,2.0,6.0,,,,COMPLETE
261,261,0.8553834012694524,2024-12-31 21:39:31.156962,2024-12-31 21:40:15.351752,0 days 00:00:44.194790,7,20,15.0,90.0,60.0,15.0,10.0,75.0,,,,2,6.0,3.0,3.0,4.0,2.0,6.0,,,,COMPLETE
262,262,0.873095141700026,2024-12-31 21:40:15.352396,2024-12-31 21:40:43.857387,0 days 00:00:28.504991,7,20,10.0,90.0,20.0,30.0,10.0,85.0,,,,2,6.0,3.0,3.0,4.0,2.0,6.0,,,,COMPLETE
263,263,0.8554751629668438,2024-12-31 21:40:43.858132,2024-12-31 21:41:08.714181,0 days 00:00:24.856049,7,25,10.0,35.0,20.0,10.0,15.0,70.0,,,,3,6.0,3.0,5.0,4.0,2.0,6.0,,,,COMPLETE
264,264,0.8624837394826701,2024-12-31 21:41:08.714978,2024-12-31 21:41:52.526403,0 days 00:00:43.811425,7,10,55.0,85.0,95.0,25.0,5.0,55.0,,,,2,6.0,3.0,3.0,4.0,2.0,6.0,,,,COMPLETE
265,265,0.8730070012946017,2024-12-31 21:41:52.527057,2024-12-31 21:42:28.113617,0 days 00:00:35.586560,7,15,5.0,90.0,85.0,5.0,20.0,65.0,,,,2,6.0,3.0,4.0,3.0,3.0,6.0,,,,COMPLETE
266,266,0.873703902030473,2024-12-31 21:42:28.114470,2024-12-31 21:43:00.018408,0 days 00:00:31.903938,7,5,15.0,55.0,30.0,20.0,15.0,80.0,,,,2,6.0,3.0,2.0,4.0,2.0,5.0,,,,COMPLETE
267,267,0.872776509814672,2024-12-31 21:43:00.019059,2024-12-31 21:43:25.850938,0 days 00:00:25.831879,8,20,5.0,45.0,15.0,35.0,5.0,60.0,35.0,,,2,6.0,3.0,2.0,3.0,3.0,6.0,5.0,,,COMPLETE
268,268,0.8468594626044642,2024-12-31 21:43:25.851600,2024-12-31 21:44:07.013967,0 days 00:00:41.162367,4,45,10.0,75.0,100.0,,,,,,,2,6.0,3.0,3.0,,,,,,,COMPLETE
269,269,0.829785162510766,2024-12-31 21:44:07.014728,2024-12-31 21:44:17.364734,0 days 00:00:10.350006,2,15,5.0,,,,,,,,,2,6.0,,,,,,,,,COMPLETE
270,270,0.8266043833174027,2024-12-31 21:44:17.365227,2024-12-31 21:44:53.565586,0 days 00:00:36.200359,4,95,90.0,55.0,5.0,,,,,,,2,6.0,3.0,2.0,,,,,,,COMPLETE
271,271,0.8348029781307502,2024-12-31 21:44:53.566253,2024-12-31 21:45:10.391432,0 days 00:00:16.825179,4,10,10.0,80.0,20.0,,,,,,,2,6.0,3.0,3.0,,,,,,,COMPLETE
272,272,0.8562331344264797,2024-12-31 21:45:10.392103,2024-12-31 21:45:35.121025,0 days 00:00:24.728922,4,15,100.0,95.0,25.0,,,,,,,2,6.0,3.0,2.0,,,,,,,COMPLETE
273,273,0.8508835519319391,2024-12-31 21:45:35.121566,2024-12-31 21:46:06.792240,0 days 00:00:31.670674,5,100,15.0,40.0,10.0,15.0,,,,,,2,6.0,4.0,2.0,4.0,,,,,,COMPLETE
274,274,0.776107464600819,2024-12-31 21:46:06.792925,2024-12-31 21:46:15.121410,0 days 00:00:08.328485,1,20,,,,,,,,,,2,,,,,,,,,,COMPLETE
275,275,0.8691457482858923,2024-12-31 21:46:15.121999,2024-12-31 21:46:53.753637,0 days 00:00:38.631638,4,5,50.0,30.0,95.0,,,,,,,2,4.0,3.0,3.0,,,,,,,COMPLETE
276,276,0.823150545500621,2024-12-31 21:46:53.754161,2024-12-31 21:47:02.932928,0 days 00:00:09.178767,2,10,5.0,,,,,,,,,2,6.0,,,,,,,,,COMPLETE
277,277,0.8646334752490759,2024-12-31 21:47:02.933381,2024-12-31 21:47:34.987277,0 days 00:00:32.053896,3,15,45.0,85.0,,,,,,,,2,4.0,3.0,,,,,,,,COMPLETE
278,278,0.8616521517312685,2024-12-31 21:47:34.987962,2024-12-31 21:48:12.839287,0 days 00:00:37.851325,8,25,20.0,50.0,10.0,30.0,10.0,70.0,25.0,,,2,6.0,3.0,2.0,4.0,2.0,4.0,6.0,,,COMPLETE
279,279,0.8803987726239143,2024-12-31 21:48:12.839908,2024-12-31 21:48:32.491330,0 days 00:00:19.651422,4,10,10.0,55.0,15.0,,,,,,,2,6.0,5.0,4.0,,,,,,,COMPLETE
280,280,0.8528590988200355,2024-12-31 21:48:32.492011,2024-12-31 21:49:02.209735,0 days 00:00:29.717724,4,20,10.0,55.0,15.0,,,,,,,2,4.0,3.0,5.0,,,,,,,COMPLETE
281,281,0.8570085264359738,2024-12-31 21:49:02.210472,2024-12-31 21:49:22.589562,0 days 00:00:20.379090,3,10,15.0,45.0,,,,,,,,3,6.0,4.0,,,,,,,,COMPLETE
282,282,0.8634704662664516,2024-12-31 21:49:22.590107,2024-12-31 21:49:45.526657,0 days 00:00:22.936550,3,15,10.0,55.0,,,,,,,,2,6.0,5.0,,,,,,,,COMPLETE
283,283,0.8680292870145911,2024-12-31 21:49:45.527196,2024-12-31 21:50:46.891614,0 days 00:01:01.364418,9,10,10.0,75.0,20.0,20.0,20.0,20.0,50.0,100.0,,5,4.0,4.0,4.0,3.0,3.0,5.0,5.0,3.0,,COMPLETE
284,284,0.847482107791428,2024-12-31 21:50:46.892598,2024-12-31 21:51:11.824094,0 days 00:00:24.931496,4,80,15.0,15.0,90.0,,,,,,,6,6.0,5.0,4.0,,,,,,,COMPLETE
285,285,0.8430416879105098,2024-12-31 21:51:11.824680,2024-12-31 21:51:44.255709,0 days 00:00:32.431029,7,85,10.0,80.0,25.0,5.0,10.0,45.0,,,,2,6.0,6.0,4.0,4.0,2.0,6.0,,,,COMPLETE
286,286,0.8365806440404355,2024-12-31 21:51:44.256496,2024-12-31 21:51:59.484201,0 days 00:00:15.227705,2,15,5.0,,,,,,,,,2,4.0,,,,,,,,,COMPLETE
287,287,0.8514136188898294,2024-12-31 21:51:59.484793,2024-12-31 21:52:28.808955,0 days 00:00:29.324162,3,20,40.0,90.0,,,,,,,,2,6.0,3.0,,,,,,,,COMPLETE
288,288,0.8669407434026782,2024-12-31 21:52:28.809506,2024-12-31 21:52:58.874628,0 days 00:00:30.065122,4,5,5.0,50.0,15.0,,,,,,,2,4.0,5.0,4.0,,,,,,,COMPLETE
289,289,0.8729688787014458,2024-12-31 21:52:58.875339,2024-12-31 21:53:25.092897,0 days 00:00:26.217558,5,50,10.0,60.0,20.0,10.0,,,,,,2,6.0,3.0,4.0,3.0,,,,,,COMPLETE
290,290,0.8555457543474114,2024-12-31 21:53:25.093571,2024-12-31 21:53:43.055285,0 days 00:00:17.961714,4,30,5.0,55.0,15.0,,,,,,,2,6.0,3.0,6.0,,,,,,,COMPLETE
291,291,0.8237766378005724,2024-12-31 21:53:43.055895,2024-12-31 21:54:05.204330,0 days 00:00:22.148435,3,10,20.0,50.0,,,,,,,,2,4.0,3.0,,,,,,,,COMPLETE
292,292,0.8477820380977688,2024-12-31 21:54:05.204842,2024-12-31 21:54:27.833980,0 days 00:00:22.629138,4,20,15.0,65.0,25.0,,,,,,,2,6.0,3.0,4.0,,,,,,,COMPLETE
293,293,0.8922326668632954,2024-12-31 21:54:27.834641,2024-12-31 21:54:53.550798,0 days 00:00:25.716157,3,15,10.0,85.0,,,,,,,,2,4.0,3.0,,,,,,,,COMPLETE
294,294,0.8453072755622637,2024-12-31 21:54:53.551434,2024-12-31 21:55:18.437989,0 days 00:00:24.886555,3,15,5.0,85.0,,,,,,,,2,5.0,3.0,,,,,,,,COMPLETE
295,295,0.8695004836320808,2024-12-31 21:55:18.438520,2024-12-31 21:55:36.174747,0 days 00:00:17.736227,3,15,10.0,45.0,,,,,,,,2,5.0,2.0,,,,,,,,COMPLETE
296,296,0.8723961662357038,2024-12-31 21:55:36.175267,2024-12-31 21:56:01.544006,0 days 00:00:25.368739,3,15,15.0,85.0,,,,,,,,2,3.0,3.0,,,,,,,,COMPLETE
297,297,0.8417631318190237,2024-12-31 21:56:01.544722,2024-12-31 21:56:30.884283,0 days 00:00:29.339561,3,55,25.0,45.0,,,,,,,,2,4.0,4.0,,,,,,,,COMPLETE
298,298,0.8796499193733698,2024-12-31 21:56:30.884803,2024-12-31 21:56:50.440953,0 days 00:00:19.556150,3,20,5.0,40.0,,,,,,,,2,4.0,2.0,,,,,,,,COMPLETE
299,299,0.8686184488514512,2024-12-31 21:56:50.441445,2024-12-31 21:57:10.135028,0 days 00:00:19.693583,3,10,5.0,45.0,,,,,,,,2,4.0,2.0,,,,,,,,COMPLETE
300,300,0.844117676829335,2024-12-31 21:57:10.135665,2024-12-31 21:57:30.155339,0 days 00:00:20.019674,3,20,5.0,50.0,,,,,,,,2,4.0,2.0,,,,,,,,COMPLETE
301,301,0.8516482322884942,2024-12-31 21:57:30.155927,2024-12-31 21:57:52.242167,0 days 00:00:22.086240,3,15,35.0,40.0,,,,,,,,2,4.0,2.0,,,,,,,,COMPLETE
302,302,0.7964566485858454,2024-12-31 21:57:52.242675,2024-12-31 21:58:12.367139,0 days 00:00:20.124464,3,10,5.0,40.0,,,,,,,,3,4.0,2.0,,,,,,,,COMPLETE
303,303,0.8746480186926169,2024-12-31 21:58:12.367625,2024-12-31 21:58:27.356427,0 days 00:00:14.988802,2,15,5.0,,,,,,,,,2,4.0,,,,,,,,,COMPLETE
304,304,0.8328659078773994,2024-12-31 21:58:27.357025,2024-12-31 21:58:47.005994,0 days 00:00:19.648969,3,20,10.0,40.0,,,,,,,,2,4.0,2.0,,,,,,,,COMPLETE
305,305,0.8755016897375574,2024-12-31 21:58:47.006598,2024-12-31 21:59:13.166460,0 days 00:00:26.159862,5,25,5.0,45.0,5.0,15.0,,,,,,2,4.0,2.0,2.0,2.0,,,,,,COMPLETE
306,306,0.7265351341758386,2024-12-31 21:59:13.167019,2024-12-31 21:59:40.642066,0 days 00:00:27.475047,4,10,10.0,55.0,80.0,,,,,,,2,4.0,2.0,2.0,,,,,,,COMPLETE
307,307,0.7929328918626091,2024-12-31 21:59:40.642576,2024-12-31 22:00:00.489487,0 days 00:00:19.846911,3,5,5.0,60.0,,,,,,,,2,4.0,2.0,,,,,,,,COMPLETE
308,308,0.862496891779319,2024-12-31 22:00:00.490088,2024-12-31 22:00:20.184621,0 days 00:00:19.694533,3,15,10.0,50.0,,,,,,,,2,4.0,2.0,,,,,,,,COMPLETE
309,309,0.8159177822018658,2024-12-31 22:00:20.185236,2024-12-31 22:00:44.934743,0 days 00:00:24.749507,4,10,5.0,55.0,30.0,,,,,,,3,4.0,2.0,2.0,,,,,,,COMPLETE
310,310,0.8605919455943776,2024-12-31 22:00:44.935242,2024-12-31 22:00:53.485494,0 days 00:00:08.550252,1,25,,,,,,,,,,2,,,,,,,,,,COMPLETE
311,311,0.8350539151651705,2024-12-31 22:00:53.485953,2024-12-31 22:01:08.802270,0 days 00:00:15.316317,2,15,10.0,,,,,,,,,2,4.0,,,,,,,,,COMPLETE
312,312,0.8543080963721826,2024-12-31 22:01:08.802846,2024-12-31 22:01:35.476992,0 days 00:00:26.674146,4,10,5.0,80.0,10.0,,,,,,,2,4.0,2.0,4.0,,,,,,,COMPLETE
313,313,0.8466761508949252,2024-12-31 22:01:35.477596,2024-12-31 22:01:56.070841,0 days 00:00:20.593245,3,20,10.0,70.0,,,,,,,,2,4.0,2.0,,,,,,,,COMPLETE
314,314,0.8149216116124063,2024-12-31 22:01:56.071348,2024-12-31 22:02:21.665920,0 days 00:00:25.594572,3,90,5.0,50.0,,,,,,,,2,4.0,2.0,,,,,,,,COMPLETE
315,315,0.868979837958836,2024-12-31 22:02:21.666401,2024-12-31 22:02:48.043328,0 days 00:00:26.376927,4,15,10.0,35.0,85.0,,,,,,,2,4.0,2.0,2.0,,,,,,,COMPLETE
316,316,0.8453675381453192,2024-12-31 22:02:48.043976,2024-12-31 22:03:30.564078,0 days 00:00:42.520102,3,20,85.0,100.0,,,,,,,,2,4.0,3.0,,,,,,,,COMPLETE
317,317,0.8557005083532347,2024-12-31 22:03:30.564651,2024-12-31 22:03:51.828703,0 days 00:00:21.264052,4,5,5.0,60.0,35.0,,,,,,,2,4.0,2.0,2.0,,,,,,,COMPLETE
318,318,0.8264023479653138,2024-12-31 22:03:51.829313,2024-12-31 22:04:17.701510,0 days 00:00:25.872197,3,15,5.0,45.0,,,,,,,,2,4.0,5.0,,,,,,,,COMPLETE
319,319,0.8724381939643922,2024-12-31 22:04:17.702130,2024-12-31 22:04:41.442312,0 days 00:00:23.740182,4,10,10.0,65.0,15.0,,,,,,,2,2.0,3.0,2.0,,,,,,,COMPLETE
320,320,0.8573905362607999,2024-12-31 22:04:41.442839,2024-12-31 22:04:55.594988,0 days 00:00:14.152149,2,15,15.0,,,,,,,,,4,6.0,,,,,,,,,COMPLETE
321,321,0.8921471404076173,2024-12-31 22:04:55.595467,2024-12-31 22:05:36.640553,0 days 00:00:41.045086,5,10,5.0,85.0,70.0,25.0,,,,,,2,4.0,2.0,4.0,6.0,,,,,,COMPLETE
322,322,0.8499036717359527,2024-12-31 22:05:36.641331,2024-12-31 22:06:12.386762,0 days 00:00:35.745431,4,10,5.0,85.0,70.0,,,,,,,2,4.0,2.0,4.0,,,,,,,COMPLETE
323,323,0.8332043548125782,2024-12-31 22:06:12.387316,2024-12-31 22:06:33.003208,0 days 00:00:20.615892,3,10,10.0,80.0,,,,,,,,2,4.0,2.0,,,,,,,,COMPLETE
324,324,0.8608680578114687,2024-12-31 22:06:33.003815,2024-12-31 22:06:52.197348,0 days 00:00:19.193533,3,10,15.0,55.0,,,,,,,,5,5.0,2.0,,,,,,,,COMPLETE
325,325,0.8695713233349811,2024-12-31 22:06:52.197958,2024-12-31 22:07:34.843929,0 days 00:00:42.645971,4,70,5.0,85.0,75.0,,,,,,,2,4.0,2.0,4.0,,,,,,,COMPLETE
326,326,0.8365425222774763,2024-12-31 22:07:34.844571,2024-12-31 22:08:02.477178,0 days 00:00:27.632607,4,5,10.0,40.0,70.0,,,,,,,2,4.0,6.0,4.0,,,,,,,COMPLETE
327,327,0.86531775415688,2024-12-31 22:08:02.477807,2024-12-31 22:08:57.523254,0 days 00:00:55.045447,6,10,5.0,80.0,80.0,35.0,90.0,,,,,2,3.0,2.0,4.0,6.0,6.0,,,,,COMPLETE
328,328,0.865983076988442,2024-12-31 22:08:57.523979,2024-12-31 22:09:17.740212,0 days 00:00:20.216233,3,15,10.0,60.0,,,,,,,,2,4.0,2.0,,,,,,,,COMPLETE
329,329,0.8850350608023638,2024-12-31 22:09:17.740809,2024-12-31 22:09:47.092916,0 days 00:00:29.352107,4,5,5.0,55.0,55.0,,,,,,,4,4.0,2.0,4.0,,,,,,,COMPLETE
330,330,0.8347708209777175,2024-12-31 22:09:47.093455,2024-12-31 22:10:15.336221,0 days 00:00:28.242766,4,5,10.0,50.0,45.0,,,,,,,4,4.0,2.0,4.0,,,,,,,COMPLETE
331,331,0.8400045125149089,2024-12-31 22:10:15.336858,2024-12-31 22:10:42.874253,0 days 00:00:27.537395,4,5,5.0,85.0,60.0,,,,,,,4,4.0,2.0,4.0,,,,,,,COMPLETE
332,332,0.8693662847829675,2024-12-31 22:10:42.874897,2024-12-31 22:11:23.558607,0 days 00:00:40.683710,4,5,15.0,60.0,75.0,,,,,,,4,4.0,2.0,5.0,,,,,,,COMPLETE
333,333,0.8483913892010172,2024-12-31 22:11:23.559192,2024-12-31 22:12:11.031089,0 days 00:00:47.471897,4,35,10.0,55.0,90.0,,,,,,,4,4.0,2.0,5.0,,,,,,,COMPLETE
334,334,0.8584791613151811,2024-12-31 22:12:11.031848,2024-12-31 22:12:42.882824,0 days 00:00:31.850976,5,15,5.0,45.0,50.0,45.0,,,,,,4,5.0,2.0,4.0,3.0,,,,,,COMPLETE
335,335,0.8502817226267751,2024-12-31 22:12:42.883392,2024-12-31 22:13:21.172096,0 days 00:00:38.288704,4,15,15.0,80.0,65.0,,,,,,,4,4.0,2.0,4.0,,,,,,,COMPLETE
336,336,0.8621081489837837,2024-12-31 22:13:21.172824,2024-12-31 22:13:52.701865,0 days 00:00:31.529041,4,5,10.0,60.0,55.0,,,,,,,4,4.0,2.0,4.0,,,,,,,COMPLETE
337,337,0.8606915399949631,2024-12-31 22:13:52.702419,2024-12-31 22:14:28.756145,0 days 00:00:36.053726,4,10,5.0,55.0,60.0,,,,,,,4,4.0,2.0,5.0,,,,,,,COMPLETE
338,338,0.6267529164377517,2024-12-31 22:14:28.756810,2024-12-31 22:14:37.134676,0 days 00:00:08.377866,1,15,,,,,,,,,,2,,,,,,,,,,COMPLETE
339,339,0.8663651450729299,2024-12-31 22:14:37.135240,2024-12-31 22:16:04.664660,0 days 00:01:27.529420,9,10,5.0,50.0,5.0,100.0,50.0,85.0,100.0,80.0,,2,4.0,2.0,4.0,6.0,4.0,4.0,4.0,2.0,,COMPLETE
340,340,0.8728178180154833,2024-12-31 22:16:04.665522,2024-12-31 22:16:19.923418,0 days 00:00:15.257896,2,20,5.0,,,,,,,,,2,4.0,,,,,,,,,COMPLETE
341,341,0.8831258560546256,2024-12-31 22:16:19.923952,2024-12-31 22:16:50.671419,0 days 00:00:30.747467,4,15,10.0,75.0,85.0,,,,,,,2,4.0,2.0,2.0,,,,,,,COMPLETE
342,342,0.8425044740241967,2024-12-31 22:16:50.672091,2024-12-31 22:17:31.927962,0 days 00:00:41.255871,5,60,10.0,40.0,85.0,20.0,,,,,,4,5.0,2.0,2.0,3.0,,,,,,COMPLETE
343,343,0.8691254224265352,2024-12-31 22:17:31.928681,2024-12-31 22:18:09.015133,0 days 00:00:37.086452,4,15,5.0,75.0,80.0,,,,,,,2,4.0,2.0,4.0,,,,,,,COMPLETE
344,344,0.8642437832986222,2024-12-31 22:18:09.015821,2024-12-31 22:18:39.190211,0 days 00:00:30.174390,4,10,10.0,75.0,85.0,,,,,,,2,4.0,2.0,2.0,,,,,,,COMPLETE
345,345,0.8158242632521886,2024-12-31 22:18:39.190893,2024-12-31 22:18:59.440336,0 days 00:00:20.249443,3,5,5.0,80.0,,,,,,,,2,4.0,2.0,,,,,,,,COMPLETE
346,346,0.8634164307727317,2024-12-31 22:18:59.440872,2024-12-31 22:19:37.000848,0 days 00:00:37.559976,4,20,15.0,65.0,55.0,,,,,,,3,4.0,2.0,5.0,,,,,,,COMPLETE
347,347,0.8770646995886613,2024-12-31 22:19:37.001637,2024-12-31 22:19:52.341148,0 days 00:00:15.339511,2,10,5.0,,,,,,,,,2,4.0,,,,,,,,,COMPLETE
348,348,0.8712612663252854,2024-12-31 22:19:52.341626,2024-12-31 22:20:27.627706,0 days 00:00:35.286080,5,15,10.0,75.0,80.0,40.0,,,,,,2,4.0,2.0,2.0,2.0,,,,,,COMPLETE
349,349,0.8632531970620828,2024-12-31 22:20:27.628248,2024-12-31 22:21:40.440755,0 days 00:01:12.812507,8,20,5.0,70.0,90.0,10.0,80.0,55.0,40.0,,,2,4.0,2.0,2.0,3.0,4.0,4.0,6.0,,,COMPLETE
350,350,0.8379116287927368,2024-12-31 22:21:40.441659,2024-12-31 22:21:54.886552,0 days 00:00:14.444893,3,10,15.0,35.0,,,,,,,,2,6.0,2.0,,,,,,,,COMPLETE
351,351,0.8672262869088059,2024-12-31 22:21:54.887237,2024-12-31 22:22:28.127369,0 days 00:00:33.240132,4,15,60.0,55.0,65.0,,,,,,,2,6.0,4.0,4.0,,,,,,,COMPLETE
352,352,0.8617328333381211,2024-12-31 22:22:28.128264,2024-12-31 22:22:48.193910,0 days 00:00:20.065646,3,25,10.0,45.0,,,,,,,,2,4.0,2.0,,,,,,,,COMPLETE
353,353,0.8717189827241155,2024-12-31 22:22:48.194513,2024-12-31 22:23:21.939799,0 days 00:00:33.745286,4,15,95.0,50.0,85.0,,,,,,,2,2.0,2.0,2.0,,,,,,,COMPLETE
354,354,0.828300337294799,2024-12-31 22:23:21.940600,2024-12-31 22:23:49.927152,0 days 00:00:27.986552,10,5,5.0,55.0,10.0,5.0,30.0,10.0,30.0,65.0,15.0,2,6.0,2.0,2.0,6.0,6.0,4.0,4.0,3.0,5.0,COMPLETE
355,355,0.8057302979885776,2024-12-31 22:23:49.927937,2024-12-31 22:24:11.547348,0 days 00:00:21.619411,3,10,10.0,75.0,,,,,,,,4,4.0,2.0,,,,,,,,COMPLETE
356,356,0.7991962162046109,2024-12-31 22:24:11.547956,2024-12-31 22:24:44.507530,0 days 00:00:32.959574,4,20,5.0,60.0,75.0,,,,,,,2,3.0,4.0,2.0,,,,,,,COMPLETE
357,357,0.8522628557675371,2024-12-31 22:24:44.508301,2024-12-31 22:24:54.682213,0 days 00:00:10.173912,2,15,30.0,,,,,,,,,2,6.0,,,,,,,,,COMPLETE
358,358,0.8486835416374635,2024-12-31 22:24:54.682732,2024-12-31 22:25:27.344970,0 days 00:00:32.662238,3,90,5.0,50.0,,,,,,,,2,4.0,5.0,,,,,,,,COMPLETE
359,359,0.887827225622172,2024-12-31 22:25:27.345524,2024-12-31 22:25:53.015849,0 days 00:00:25.670325,4,10,10.0,70.0,90.0,,,,,,,2,6.0,2.0,4.0,,,,,,,COMPLETE
360,360,0.8510457260497315,2024-12-31 22:25:53.016539,2024-12-31 22:26:18.765117,0 days 00:00:25.748578,4,10,15.0,65.0,90.0,,,,,,,2,6.0,2.0,4.0,,,,,,,COMPLETE
361,361,0.8517281089235951,2024-12-31 22:26:18.765814,2024-12-31 22:26:55.942003,0 days 00:00:37.176189,4,5,10.0,70.0,85.0,,,,,,,2,4.0,2.0,4.0,,,,,,,COMPLETE
362,362,0.8445640455734917,2024-12-31 22:26:55.942706,2024-12-31 22:27:16.110665,0 days 00:00:20.167959,4,40,15.0,70.0,50.0,,,,,,,3,6.0,2.0,4.0,,,,,,,COMPLETE
363,363,0.8668200736451208,2024-12-31 22:27:16.111353,2024-12-31 22:27:54.771736,0 days 00:00:38.660383,4,10,10.0,70.0,90.0,,,,,,,2,4.0,2.0,4.0,,,,,,,COMPLETE
364,364,0.87335772154547,2024-12-31 22:27:54.772293,2024-12-31 22:28:23.497422,0 days 00:00:28.725129,4,10,15.0,75.0,85.0,,,,,,,4,6.0,2.0,4.0,,,,,,,COMPLETE
365,365,0.866937059060702,2024-12-31 22:28:23.498087,2024-12-31 22:28:44.613995,0 days 00:00:21.115908,3,15,10.0,80.0,,,,,,,,2,4.0,2.0,,,,,,,,COMPLETE
366,366,0.865206145479348,2024-12-31 22:28:44.614595,2024-12-31 22:28:57.554232,0 days 00:00:12.939637,4,5,10.0,55.0,5.0,,,,,,,2,6.0,2.0,4.0,,,,,,,COMPLETE
367,367,0.8732440461007591,2024-12-31 22:28:57.554777,2024-12-31 22:29:24.624943,0 days 00:00:27.070166,4,30,15.0,60.0,10.0,,,,,,,2,4.0,2.0,4.0,,,,,,,COMPLETE
368,368,0.8362165715753493,2024-12-31 22:29:24.625466,2024-12-31 22:29:35.968182,0 days 00:00:11.342716,3,15,5.0,70.0,,,,,,,,2,6.0,2.0,,,,,,,,COMPLETE
369,369,0.8570363736982665,2024-12-31 22:29:35.968865,2024-12-31 22:29:49.382404,0 days 00:00:13.413539,1,75,,,,,,,,,,2,,,,,,,,,,COMPLETE
370,370,0.8522111202881247,2024-12-31 22:29:49.383012,2024-12-31 22:30:22.704300,0 days 00:00:33.321288,4,10,10.0,60.0,70.0,,,,,,,2,4.0,2.0,4.0,,,,,,,COMPLETE
371,371,0.8673306206946332,2024-12-31 22:30:22.704862,2024-12-31 22:30:35.746489,0 days 00:00:13.041627,3,20,20.0,55.0,,,,,,,,6,6.0,2.0,,,,,,,,COMPLETE
372,372,0.8785015566893584,2024-12-31 22:30:35.747011,2024-12-31 22:31:36.408383,0 days 00:01:00.661372,5,10,65.0,65.0,95.0,95.0,,,,,,2,4.0,2.0,4.0,2.0,,,,,,COMPLETE
373,373,0.856516342592315,2024-12-31 22:31:36.409164,2024-12-31 22:32:20.536706,0 days 00:00:44.127542,5,10,60.0,65.0,95.0,90.0,,,,,,2,4.0,6.0,4.0,2.0,,,,,,COMPLETE
374,374,0.8676617652505648,2024-12-31 22:32:20.537498,2024-12-31 22:33:11.110812,0 days 00:00:50.573314,5,20,5.0,70.0,95.0,95.0,,,,,,2,4.0,2.0,4.0,2.0,,,,,,COMPLETE
375,375,0.8554553274138896,2024-12-31 22:33:11.111568,2024-12-31 22:34:03.915928,0 days 00:00:52.804360,4,25,70.0,75.0,90.0,,,,,,,3,4.0,2.0,4.0,,,,,,,COMPLETE
376,376,0.8769752472312614,2024-12-31 22:34:03.916591,2024-12-31 22:34:50.389813,0 days 00:00:46.473222,5,15,5.0,65.0,90.0,75.0,,,,,,2,4.0,2.0,4.0,2.0,,,,,,COMPLETE
377,377,0.8694031518240497,2024-12-31 22:34:50.390474,2024-12-31 22:35:50.683955,0 days 00:01:00.293481,5,10,85.0,70.0,85.0,70.0,,,,,,2,4.0,2.0,4.0,2.0,,,,,,COMPLETE
378,378,0.8669286633055573,2024-12-31 22:35:50.684735,2024-12-31 22:36:47.650962,0 days 00:00:56.966227,5,15,55.0,65.0,95.0,80.0,,,,,,2,4.0,2.0,4.0,2.0,,,,,,COMPLETE
379,379,0.837226721994756,2024-12-31 22:36:47.651760,2024-12-31 22:37:27.034718,0 days 00:00:39.382958,4,15,10.0,75.0,40.0,,,,,,,5,4.0,4.0,4.0,,,,,,,COMPLETE
380,380,0.8718972724969698,2024-12-31 22:37:27.035387,2024-12-31 22:38:10.414946,0 days 00:00:43.379559,5,10,70.0,55.0,90.0,85.0,,,,,,4,4.0,2.0,4.0,2.0,,,,,,COMPLETE
381,381,0.8308770122020182,2024-12-31 22:38:10.415596,2024-12-31 22:38:35.851855,0 days 00:00:25.436259,4,5,5.0,60.0,10.0,,,,,,,2,4.0,2.0,4.0,,,,,,,COMPLETE
382,382,0.8737192749500704,2024-12-31 22:38:35.852381,2024-12-31 22:39:17.732217,0 days 00:00:41.879836,4,15,80.0,65.0,15.0,,,,,,,4,5.0,2.0,2.0,,,,,,,COMPLETE
383,383,0.8538379126174591,2024-12-31 22:39:17.732996,2024-12-31 22:39:57.706642,0 days 00:00:39.973646,4,10,5.0,80.0,95.0,,,,,,,2,4.0,2.0,4.0,,,,,,,COMPLETE
384,384,0.7960042685391817,2024-12-31 22:39:57.707308,2024-12-31 22:40:24.644839,0 days 00:00:26.937531,4,20,10.0,70.0,5.0,,,,,,,2,4.0,3.0,2.0,,,,,,,COMPLETE
385,385,0.8277643643306251,2024-12-31 22:40:24.645464,2024-12-31 22:40:32.973388,0 days 00:00:08.327924,1,20,,,,,,,,,,2,,,,,,,,,,COMPLETE
386,386,0.8723042055041463,2024-12-31 22:40:32.973909,2024-12-31 22:40:47.155834,0 days 00:00:14.181925,2,15,5.0,,,,,,,,,2,4.0,,,,,,,,,COMPLETE
387,387,0.8672769393506223,2024-12-31 22:40:47.156332,2024-12-31 22:41:23.756957,0 days 00:00:36.600625,6,5,5.0,50.0,60.0,95.0,45.0,,,,,2,4.0,5.0,4.0,3.0,4.0,,,,,COMPLETE
388,388,0.8823619011770324,2024-12-31 22:41:23.757784,2024-12-31 22:41:50.785382,0 days 00:00:27.027598,4,10,45.0,55.0,10.0,,,,,,,2,4.0,2.0,2.0,,,,,,,COMPLETE
389,389,0.8677547187258361,2024-12-31 22:41:50.785929,2024-12-31 22:42:20.052618,0 days 00:00:29.266689,4,15,35.0,55.0,10.0,,,,,,,2,4.0,3.0,2.0,,,,,,,COMPLETE
390,390,0.8755241734725558,2024-12-31 22:42:20.053290,2024-12-31 22:42:38.620110,0 days 00:00:18.566820,4,20,10.0,50.0,5.0,,,,,,,2,4.0,2.0,2.0,,,,,,,COMPLETE
391,391,0.8871489840726781,2024-12-31 22:42:38.620628,2024-12-31 22:43:05.554020,0 days 00:00:26.933392,4,10,25.0,55.0,15.0,,,,,,,2,4.0,3.0,2.0,,,,,,,COMPLETE
392,392,0.8824050724403629,2024-12-31 22:43:05.554659,2024-12-31 22:43:33.498177,0 days 00:00:27.943518,4,10,30.0,55.0,15.0,,,,,,,2,4.0,3.0,2.0,,,,,,,COMPLETE
393,393,0.8651177671186909,2024-12-31 22:43:33.498736,2024-12-31 22:43:57.142731,0 days 00:00:23.643995,4,10,25.0,55.0,15.0,,,,,,,4,4.0,3.0,2.0,,,,,,,COMPLETE
394,394,0.8423897551400736,2024-12-31 22:43:57.143394,2024-12-31 22:44:24.337024,0 days 00:00:27.193630,4,5,30.0,55.0,15.0,,,,,,,2,4.0,3.0,2.0,,,,,,,COMPLETE
395,395,0.8539354042360977,2024-12-31 22:44:24.337696,2024-12-31 22:44:52.858201,0 days 00:00:28.520505,4,10,35.0,55.0,20.0,,,,,,,2,4.0,3.0,2.0,,,,,,,COMPLETE
396,396,0.872354266403298,2024-12-31 22:44:52.858768,2024-12-31 22:45:19.032332,0 days 00:00:26.173564,4,5,30.0,50.0,15.0,,,,,,,2,4.0,3.0,2.0,,,,,,,COMPLETE
397,397,0.8258847170323873,2024-12-31 22:45:19.033008,2024-12-31 22:45:49.019383,0 days 00:00:29.986375,4,10,45.0,50.0,20.0,,,,,,,2,4.0,3.0,2.0,,,,,,,COMPLETE
398,398,0.8757371581556939,2024-12-31 22:45:49.020045,2024-12-31 22:46:20.415306,0 days 00:00:31.395261,4,10,50.0,55.0,10.0,,,,,,,2,4.0,3.0,2.0,,,,,,,COMPLETE
399,399,0.829302290226738,2024-12-31 22:46:20.415855,2024-12-31 22:46:48.998646,0 days 00:00:28.582791,4,10,40.0,50.0,15.0,,,,,,,2,4.0,3.0,2.0,,,,,,,COMPLETE
400,400,0.8170513873176526,2024-12-31 22:46:48.999415,2024-12-31 22:47:15.752395,0 days 00:00:26.752980,4,5,25.0,60.0,15.0,,,,,,,2,4.0,3.0,2.0,,,,,,,COMPLETE
401,401,0.8040289140899474,2024-12-31 22:47:15.752953,2024-12-31 22:47:43.883136,0 days 00:00:28.130183,4,15,30.0,55.0,10.0,,,,,,,2,4.0,3.0,2.0,,,,,,,COMPLETE
402,402,0.8331580258952272,2024-12-31 22:47:43.883830,2024-12-31 22:48:06.804767,0 days 00:00:22.920937,3,10,10.0,50.0,,,,,,,,3,4.0,3.0,,,,,,,,COMPLETE
403,403,0.8601166387957806,2024-12-31 22:48:06.805288,2024-12-31 22:48:37.564355,0 days 00:00:30.759067,4,10,45.0,55.0,20.0,,,,,,,2,4.0,3.0,2.0,,,,,,,COMPLETE
404,404,0.8175392199005392,2024-12-31 22:48:37.565007,2024-12-31 22:49:05.369985,0 days 00:00:27.804978,4,15,25.0,45.0,10.0,,,,,,,4,4.0,3.0,2.0,,,,,,,COMPLETE
405,405,0.7818960387623257,2024-12-31 22:49:05.370557,2024-12-31 22:49:28.153371,0 days 00:00:22.782814,3,5,35.0,80.0,,,,,,,,2,3.0,2.0,,,,,,,,COMPLETE
406,406,0.8446460217950387,2024-12-31 22:49:28.154111,2024-12-31 22:49:58.607247,0 days 00:00:30.453136,4,10,25.0,60.0,15.0,,,,,,,2,4.0,4.0,2.0,,,,,,,COMPLETE
407,407,0.8632689339772013,2024-12-31 22:49:58.607818,2024-12-31 22:50:18.542372,0 days 00:00:19.934554,3,15,10.0,55.0,,,,,,,,2,4.0,2.0,,,,,,,,COMPLETE
408,408,0.874689491220066,2024-12-31 22:50:18.542893,2024-12-31 22:50:34.058793,0 days 00:00:15.515900,2,10,5.0,,,,,,,,,2,4.0,,,,,,,,,COMPLETE
409,409,0.8774773747219822,2024-12-31 22:50:34.059418,2024-12-31 22:51:06.494752,0 days 00:00:32.435334,4,15,50.0,40.0,45.0,,,,,,,2,4.0,3.0,2.0,,,,,,,COMPLETE
410,410,0.8445250410346947,2024-12-31 22:51:06.495413,2024-12-31 22:51:28.237172,0 days 00:00:21.741759,3,10,10.0,50.0,,,,,,,,2,4.0,3.0,,,,,,,,COMPLETE
411,411,0.8407725285095253,2024-12-31 22:51:28.237698,2024-12-31 22:51:55.432839,0 days 00:00:27.195141,4,5,5.0,85.0,70.0,,,,,,,3,4.0,2.0,2.0,,,,,,,COMPLETE
412,412,0.8573346588897233,2024-12-31 22:51:55.433503,2024-12-31 22:52:15.062010,0 days 00:00:19.628507,3,15,40.0,55.0,,,,,,,,2,4.0,6.0,,,,,,,,COMPLETE
413,413,0.8777988691861074,2024-12-31 22:52:15.062631,2024-12-31 22:52:38.341355,0 days 00:00:23.278724,4,10,10.0,60.0,5.0,,,,,,,4,4.0,2.0,2.0,,,,,,,COMPLETE
414,414,0.8819046134814379,2024-12-31 22:52:38.341939,2024-12-31 22:52:58.405165,0 days 00:00:20.063226,4,15,5.0,55.0,10.0,,,,,,,2,5.0,3.0,2.0,,,,,,,COMPLETE
415,415,0.8513869204496489,2024-12-31 22:52:58.405708,2024-12-31 22:53:25.547844,0 days 00:00:27.142136,4,15,20.0,55.0,10.0,,,,,,,2,5.0,3.0,2.0,,,,,,,COMPLETE
416,416,0.8360605504769786,2024-12-31 22:53:25.548521,2024-12-31 22:53:49.076780,0 days 00:00:23.528259,4,10,5.0,55.0,15.0,,,,,,,2,4.0,3.0,2.0,,,,,,,COMPLETE
417,417,0.8085084909992071,2024-12-31 22:53:49.077433,2024-12-31 22:54:16.864939,0 days 00:00:27.787506,4,5,40.0,60.0,20.0,,,,,,,2,5.0,3.0,2.0,,,,,,,COMPLETE
418,418,0.8686855483547002,2024-12-31 22:54:16.865536,2024-12-31 22:54:38.182121,0 days 00:00:21.316585,4,10,20.0,55.0,5.0,,,,,,,2,5.0,3.0,2.0,,,,,,,COMPLETE
419,419,0.8077987936904152,2024-12-31 22:54:38.182681,2024-12-31 22:55:02.727280,0 days 00:00:24.544599,4,15,10.0,50.0,10.0,,,,,,,2,4.0,3.0,2.0,,,,,,,COMPLETE
420,420,0.8644046825269092,2024-12-31 22:55:02.728049,2024-12-31 22:55:26.867818,0 days 00:00:24.139769,4,20,5.0,50.0,10.0,,,,,,,2,5.0,3.0,2.0,,,,,,,COMPLETE
421,421,0.8871243351271412,2024-12-31 22:55:26.868382,2024-12-31 22:55:47.482104,0 days 00:00:20.613722,4,10,10.0,80.0,15.0,,,,,,,4,3.0,3.0,2.0,,,,,,,COMPLETE
422,422,0.788025890484592,2024-12-31 22:55:47.482644,2024-12-31 22:56:13.114920,0 days 00:00:25.632276,4,5,5.0,55.0,5.0,,,,,,,4,3.0,3.0,2.0,,,,,,,COMPLETE
423,423,0.8791485951130265,2024-12-31 22:56:13.115594,2024-12-31 22:56:36.710619,0 days 00:00:23.595025,4,10,5.0,45.0,10.0,,,,,,,4,3.0,2.0,2.0,,,,,,,COMPLETE
424,424,0.8698160936010273,2024-12-31 22:56:36.711295,2024-12-31 22:57:01.221676,0 days 00:00:24.510381,4,10,10.0,60.0,80.0,,,,,,,4,2.0,3.0,2.0,,,,,,,COMPLETE
425,425,0.8563728364555713,2024-12-31 22:57:01.222230,2024-12-31 22:57:22.811570,0 days 00:00:21.589340,4,10,5.0,55.0,15.0,,,,,,,4,3.0,2.0,2.0,,,,,,,COMPLETE
426,426,0.7413432064936689,2024-12-31 22:57:22.812114,2024-12-31 22:57:45.289255,0 days 00:00:22.477141,4,5,10.0,50.0,5.0,,,,,,,4,5.0,2.0,2.0,,,,,,,COMPLETE
427,427,0.856412969591958,2024-12-31 22:57:45.289993,2024-12-31 22:58:19.766649,0 days 00:00:34.476656,4,10,25.0,75.0,55.0,,,,,,,4,4.0,3.0,2.0,,,,,,,COMPLETE
428,428,0.8243493147934084,2024-12-31 22:58:19.767374,2024-12-31 22:58:48.126304,0 days 00:00:28.358930,4,10,35.0,60.0,75.0,,,,,,,4,4.0,2.0,2.0,,,,,,,COMPLETE
429,429,0.8645572146537438,2024-12-31 22:58:48.126891,2024-12-31 22:59:20.587659,0 days 00:00:32.460768,4,15,5.0,80.0,65.0,,,,,,,4,4.0,3.0,2.0,,,,,,,COMPLETE
430,430,0.7113171169573889,2024-12-31 22:59:20.588493,2024-12-31 22:59:41.509714,0 days 00:00:20.921221,3,5,10.0,55.0,,,,,,,,4,3.0,2.0,,,,,,,,COMPLETE
431,431,0.8321973805329014,2024-12-31 22:59:41.510279,2024-12-31 23:00:06.823341,0 days 00:00:25.313062,4,10,15.0,85.0,10.0,,,,,,,4,4.0,3.0,2.0,,,,,,,COMPLETE
432,432,0.8544317875939957,2024-12-31 23:00:06.824078,2024-12-31 23:00:31.088275,0 days 00:00:24.264197,3,15,10.0,55.0,,,,,,,,5,4.0,2.0,,,,,,,,COMPLETE
433,433,0.8161379078623716,2024-12-31 23:00:31.088851,2024-12-31 23:01:00.527663,0 days 00:00:29.438812,4,15,5.0,60.0,15.0,,,,,,,2,4.0,5.0,2.0,,,,,,,COMPLETE
434,434,0.8773184933936363,2024-12-31 23:01:00.528403,2024-12-31 23:01:33.088788,0 days 00:00:32.560385,4,10,55.0,55.0,15.0,,,,,,,2,4.0,3.0,2.0,,,,,,,COMPLETE
435,435,0.8809016512962105,2024-12-31 23:01:33.089447,2024-12-31 23:01:52.189271,0 days 00:00:19.099824,3,10,5.0,35.0,,,,,,,,2,4.0,2.0,,,,,,,,COMPLETE
436,436,0.8082389109566808,2024-12-31 23:01:52.189802,2024-12-31 23:02:14.490257,0 days 00:00:22.300455,4,5,5.0,25.0,10.0,,,,,,,2,4.0,2.0,2.0,,,,,,,COMPLETE
437,437,0.871227563014686,2024-12-31 23:02:14.490926,2024-12-31 23:02:47.936832,0 days 00:00:33.445906,3,10,90.0,35.0,,,,,,,,4,4.0,3.0,,,,,,,,COMPLETE
438,438,0.8593315486476081,2024-12-31 23:02:47.937452,2024-12-31 23:03:10.343309,0 days 00:00:22.405857,4,10,30.0,30.0,5.0,,,,,,,2,2.0,2.0,4.0,,,,,,,COMPLETE
439,439,0.8101187461955102,2024-12-31 23:03:10.344008,2024-12-31 23:03:32.202654,0 days 00:00:21.858646,4,10,10.0,50.0,15.0,,,,,,,2,4.0,2.0,2.0,,,,,,,COMPLETE
440,440,0.8319020153443742,2024-12-31 23:03:32.203317,2024-12-31 23:04:05.823271,0 days 00:00:33.619954,5,5,15.0,75.0,10.0,65.0,,,,,,2,4.0,2.0,2.0,6.0,,,,,,COMPLETE
441,441,0.8528983011653938,2024-12-31 23:04:05.823870,2024-12-31 23:04:27.558711,0 days 00:00:21.734841,3,10,10.0,55.0,,,,,,,,2,4.0,3.0,,,,,,,,COMPLETE
442,442,0.8816443320324846,2024-12-31 23:04:27.559371,2024-12-31 23:04:48.266208,0 days 00:00:20.706837,3,15,5.0,25.0,,,,,,,,2,4.0,3.0,,,,,,,,COMPLETE
443,443,0.8310385283690311,2024-12-31 23:04:48.266912,2024-12-31 23:05:07.345843,0 days 00:00:19.078931,3,10,5.0,20.0,,,,,,,,2,3.0,3.0,,,,,,,,COMPLETE
444,444,0.8431473656704072,2024-12-31 23:05:07.346376,2024-12-31 23:05:21.157231,0 days 00:00:13.810855,3,15,5.0,55.0,,,,,,,,6,5.0,3.0,,,,,,,,COMPLETE
445,445,0.8608659557136655,2024-12-31 23:05:21.157807,2024-12-31 23:05:36.038737,0 days 00:00:14.880930,3,5,5.0,60.0,,,,,,,,2,5.0,3.0,,,,,,,,COMPLETE
446,446,0.8313538503158662,2024-12-31 23:05:36.039262,2024-12-31 23:05:56.693525,0 days 00:00:20.654263,3,10,5.0,15.0,,,,,,,,2,4.0,3.0,,,,,,,,COMPLETE
447,447,0.8863781221942423,2024-12-31 23:05:56.694184,2024-12-31 23:06:16.566687,0 days 00:00:19.872503,3,15,5.0,50.0,,,,,,,,2,3.0,3.0,,,,,,,,COMPLETE
448,448,0.8429792847079212,2024-12-31 23:06:16.567351,2024-12-31 23:06:35.339412,0 days 00:00:18.772061,3,15,5.0,25.0,,,,,,,,2,3.0,3.0,,,,,,,,COMPLETE
449,449,0.8440373783278111,2024-12-31 23:06:35.339964,2024-12-31 23:06:54.606567,0 days 00:00:19.266603,3,15,5.0,35.0,,,,,,,,2,3.0,3.0,,,,,,,,COMPLETE
450,450,0.8887144786039987,2024-12-31 23:06:54.607106,2024-12-31 23:07:13.577796,0 days 00:00:18.970690,3,15,5.0,30.0,,,,,,,,2,3.0,3.0,,,,,,,,COMPLETE
451,451,0.8771368985323825,2024-12-31 23:07:13.578454,2024-12-31 23:07:32.162380,0 days 00:00:18.583926,3,15,5.0,25.0,,,,,,,,2,3.0,3.0,,,,,,,,COMPLETE
452,452,0.8012556756058835,2024-12-31 23:07:32.162952,2024-12-31 23:07:51.229667,0 days 00:00:19.066715,3,15,5.0,20.0,,,,,,,,2,3.0,3.0,,,,,,,,COMPLETE
453,453,0.8880071451413687,2024-12-31 23:07:51.230347,2024-12-31 23:08:10.125875,0 days 00:00:18.895528,3,15,5.0,30.0,,,,,,,,2,3.0,3.0,,,,,,,,COMPLETE
454,454,0.7712285161202261,2024-12-31 23:08:10.126427,2024-12-31 23:08:34.745108,0 days 00:00:24.618681,3,15,5.0,85.0,,,,,,,,2,3.0,3.0,,,,,,,,COMPLETE
455,455,0.8455877492030149,2024-12-31 23:08:34.745775,2024-12-31 23:08:53.732982,0 days 00:00:18.987207,3,15,5.0,30.0,,,,,,,,2,3.0,3.0,,,,,,,,COMPLETE
456,456,0.8754405357256889,2024-12-31 23:08:53.733504,2024-12-31 23:09:18.753047,0 days 00:00:25.019543,3,15,65.0,30.0,,,,,,,,2,3.0,3.0,,,,,,,,COMPLETE
457,457,0.8393918828081849,2024-12-31 23:09:18.753712,2024-12-31 23:09:38.934075,0 days 00:00:20.180363,3,15,10.0,50.0,,,,,,,,2,3.0,3.0,,,,,,,,COMPLETE
458,458,0.8509369093792525,2024-12-31 23:09:38.934610,2024-12-31 23:09:59.588408,0 days 00:00:20.653798,3,45,5.0,30.0,,,,,,,,2,3.0,3.0,,,,,,,,COMPLETE
459,459,0.8221795847670121,2024-12-31 23:09:59.589138,2024-12-31 23:10:15.154412,0 days 00:00:15.565274,3,15,10.0,50.0,,,,,,,,6,3.0,3.0,,,,,,,,COMPLETE
460,460,0.8773985984991464,2024-12-31 23:10:15.154976,2024-12-31 23:10:34.163263,0 days 00:00:19.008287,3,15,5.0,30.0,,,,,,,,2,3.0,3.0,,,,,,,,COMPLETE
461,461,0.7874917960927557,2024-12-31 23:10:34.163932,2024-12-31 23:10:54.469187,0 days 00:00:20.305255,3,10,10.0,50.0,,,,,,,,2,3.0,3.0,,,,,,,,COMPLETE
462,462,0.883492656474755,2024-12-31 23:10:54.469730,2024-12-31 23:11:13.739020,0 days 00:00:19.269290,3,15,5.0,30.0,,,,,,,,2,3.0,3.0,,,,,,,,COMPLETE
463,463,0.8751987630961391,2024-12-31 23:11:13.739547,2024-12-31 23:11:32.597046,0 days 00:00:18.857499,3,10,5.0,30.0,,,,,,,,2,3.0,3.0,,,,,,,,COMPLETE
464,464,0.8548957915919307,2024-12-31 23:11:32.597705,2024-12-31 23:11:51.558973,0 days 00:00:18.961268,3,15,10.0,30.0,,,,,,,,2,3.0,3.0,,,,,,,,COMPLETE
465,465,0.887267313532331,2024-12-31 23:11:51.559610,2024-12-31 23:12:10.424229,0 days 00:00:18.864619,3,20,5.0,30.0,,,,,,,,2,3.0,3.0,,,,,,,,COMPLETE
466,466,0.8852499301635194,2024-12-31 23:12:10.424762,2024-12-31 23:12:29.408753,0 days 00:00:18.983991,3,20,5.0,25.0,,,,,,,,2,3.0,3.0,,,,,,,,COMPLETE
467,467,0.8347870845149922,2024-12-31 23:12:29.409285,2024-12-31 23:12:48.464723,0 days 00:00:19.055438,3,20,5.0,30.0,,,,,,,,2,3.0,3.0,,,,,,,,COMPLETE
468,468,0.8640061846594616,2024-12-31 23:12:48.465375,2024-12-31 23:13:10.125557,0 days 00:00:21.660182,3,20,5.0,25.0,,,,,,,,4,3.0,3.0,,,,,,,,COMPLETE
469,469,0.8760947548162327,2024-12-31 23:13:10.126225,2024-12-31 23:13:29.063870,0 days 00:00:18.937645,3,25,5.0,25.0,,,,,,,,2,3.0,3.0,,,,,,,,COMPLETE
470,470,0.8573071243538066,2024-12-31 23:13:29.064401,2024-12-31 23:13:48.112704,0 days 00:00:19.048303,3,20,5.0,30.0,,,,,,,,2,3.0,3.0,,,,,,,,COMPLETE
471,471,0.8518215196202233,2024-12-31 23:13:48.113257,2024-12-31 23:14:06.939065,0 days 00:00:18.825808,3,20,5.0,30.0,,,,,,,,2,3.0,3.0,,,,,,,,COMPLETE
472,472,0.8184595891581,2024-12-31 23:14:06.939599,2024-12-31 23:14:25.915332,0 days 00:00:18.975733,3,20,5.0,20.0,,,,,,,,2,3.0,3.0,,,,,,,,COMPLETE
473,473,0.8700736175047443,2024-12-31 23:14:25.916021,2024-12-31 23:14:47.987723,0 days 00:00:22.071702,3,25,5.0,30.0,,,,,,,,4,3.0,3.0,,,,,,,,COMPLETE
474,474,0.8525508436704046,2024-12-31 23:14:47.988373,2024-12-31 23:15:06.921068,0 days 00:00:18.932695,3,20,10.0,25.0,,,,,,,,2,3.0,3.0,,,,,,,,COMPLETE
475,475,0.858407514275483,2024-12-31 23:15:06.921619,2024-12-31 23:15:26.189782,0 days 00:00:19.268163,3,20,5.0,30.0,,,,,,,,2,3.0,3.0,,,,,,,,COMPLETE
476,476,0.8410240190150358,2024-12-31 23:15:26.190309,2024-12-31 23:15:56.239939,0 days 00:00:30.049630,3,20,100.0,30.0,,,,,,,,2,3.0,3.0,,,,,,,,COMPLETE
477,477,0.8621487953826563,2024-12-31 23:15:56.240719,2024-12-31 23:16:15.704253,0 days 00:00:19.463534,3,20,5.0,35.0,,,,,,,,2,3.0,3.0,,,,,,,,COMPLETE
478,478,0.8522228867623605,2024-12-31 23:16:15.704805,2024-12-31 23:16:37.470890,0 days 00:00:21.766085,3,25,10.0,25.0,,,,,,,,4,3.0,3.0,,,,,,,,COMPLETE
479,479,0.8818601104530235,2024-12-31 23:16:37.471482,2024-12-31 23:16:57.095867,0 days 00:00:19.624385,3,20,5.0,35.0,,,,,,,,2,3.0,3.0,,,,,,,,COMPLETE
480,480,0.824764231452809,2024-12-31 23:16:57.096413,2024-12-31 23:17:16.552159,0 days 00:00:19.455746,3,15,10.0,35.0,,,,,,,,2,3.0,3.0,,,,,,,,COMPLETE
481,481,0.8911097133839947,2024-12-31 23:17:16.552828,2024-12-31 23:17:35.537872,0 days 00:00:18.985044,3,15,5.0,25.0,,,,,,,,2,3.0,3.0,,,,,,,,COMPLETE
482,482,0.8672905879962209,2024-12-31 23:17:35.538499,2024-12-31 23:17:54.282827,0 days 00:00:18.744328,3,15,5.0,25.0,,,,,,,,2,3.0,3.0,,,,,,,,COMPLETE
483,483,0.8523733082811633,2024-12-31 23:17:54.283390,2024-12-31 23:18:13.202769,0 days 00:00:18.919379,3,15,5.0,20.0,,,,,,,,2,3.0,3.0,,,,,,,,COMPLETE
484,484,0.87890978628997,2024-12-31 23:18:13.203347,2024-12-31 23:18:32.196000,0 days 00:00:18.992653,3,20,5.0,25.0,,,,,,,,2,3.0,3.0,,,,,,,,COMPLETE
485,485,0.8720341349626708,2024-12-31 23:18:32.196663,2024-12-31 23:18:48.114734,0 days 00:00:15.918071,3,20,10.0,20.0,,,,,,,,5,3.0,3.0,,,,,,,,COMPLETE
486,486,0.8888065126654516,2024-12-31 23:18:48.115389,2024-12-31 23:19:06.805968,0 days 00:00:18.690579,3,15,5.0,25.0,,,,,,,,2,3.0,3.0,,,,,,,,COMPLETE
487,487,0.8695892193378171,2024-12-31 23:19:06.806651,2024-12-31 23:19:26.082512,0 days 00:00:19.275861,3,30,5.0,20.0,,,,,,,,2,3.0,3.0,,,,,,,,COMPLETE
488,488,0.8529957987013795,2024-12-31 23:19:26.083058,2024-12-31 23:19:44.861997,0 days 00:00:18.778939,3,15,10.0,25.0,,,,,,,,2,3.0,3.0,,,,,,,,COMPLETE
489,489,0.8543441223641122,2024-12-31 23:19:44.862539,2024-12-31 23:20:05.235986,0 days 00:00:20.373447,3,15,5.0,25.0,,,,,,,,4,3.0,3.0,,,,,,,,COMPLETE
490,490,0.89079878492003,2024-12-31 23:20:05.236679,2024-12-31 23:20:24.169147,0 days 00:00:18.932468,3,20,5.0,30.0,,,,,,,,2,3.0,3.0,,,,,,,,COMPLETE
491,491,0.8867318346091245,2024-12-31 23:20:24.169802,2024-12-31 23:20:43.265360,0 days 00:00:19.095558,3,20,5.0,30.0,,,,,,,,2,3.0,3.0,,,,,,,,COMPLETE
492,492,0.8525565658653712,2024-12-31 23:20:43.265953,2024-12-31 23:21:02.473214,0 days 00:00:19.207261,3,20,5.0,30.0,,,,,,,,2,3.0,3.0,,,,,,,,COMPLETE
493,493,0.8750462922154375,2024-12-31 23:21:02.473773,2024-12-31 23:21:21.475188,0 days 00:00:19.001415,3,25,5.0,25.0,,,,,,,,2,3.0,3.0,,,,,,,,COMPLETE
494,494,0.8906481196665401,2024-12-31 23:21:21.475871,2024-12-31 23:21:40.590417,0 days 00:00:19.114546,3,20,5.0,30.0,,,,,,,,2,3.0,3.0,,,,,,,,COMPLETE
495,495,0.8630313119483188,2024-12-31 23:21:40.591088,2024-12-31 23:21:59.610825,0 days 00:00:19.019737,3,25,5.0,30.0,,,,,,,,2,3.0,3.0,,,,,,,,COMPLETE
496,496,0.8826228616689851,2024-12-31 23:21:59.611355,2024-12-31 23:22:18.494469,0 days 00:00:18.883114,3,20,5.0,30.0,,,,,,,,2,3.0,3.0,,,,,,,,COMPLETE
497,497,0.8399299675110623,2024-12-31 23:22:18.495033,2024-12-31 23:22:40.188181,0 days 00:00:21.693148,3,20,5.0,25.0,,,,,,,,4,3.0,3.0,,,,,,,,COMPLETE
498,498,0.8899052460195076,2024-12-31 23:22:40.188736,2024-12-31 23:22:59.412176,0 days 00:00:19.223440,3,25,5.0,25.0,,,,,,,,2,3.0,3.0,,,,,,,,COMPLETE
499,499,0.8742937442062627,2024-12-31 23:22:59.412859,2024-12-31 23:23:18.516890,0 days 00:00:19.104031,3,25,5.0,25.0,,,,,,,,2,3.0,3.0,,,,,,,,COMPLETE
500,500,0.8498915229215795,2024-12-31 23:23:18.517527,2024-12-31 23:23:37.762292,0 days 00:00:19.244765,3,25,10.0,25.0,,,,,,,,2,3.0,3.0,,,,,,,,COMPLETE
501,501,0.8824804445019352,2024-12-31 23:23:37.762857,2024-12-31 23:23:56.923911,0 days 00:00:19.161054,3,20,5.0,30.0,,,,,,,,2,3.0,3.0,,,,,,,,COMPLETE
502,502,0.8704116753444108,2024-12-31 23:23:56.924441,2024-12-31 23:24:15.758506,0 days 00:00:18.834065,3,20,5.0,25.0,,,,,,,,2,3.0,3.0,,,,,,,,COMPLETE
503,503,0.8681363656165519,2024-12-31 23:24:15.759245,2024-12-31 23:24:37.825921,0 days 00:00:22.066676,3,20,10.0,30.0,,,,,,,,4,3.0,3.0,,,,,,,,COMPLETE
504,504,0.866943598146394,2024-12-31 23:24:37.826574,2024-12-31 23:24:51.493604,0 days 00:00:13.667030,2,20,5.0,,,,,,,,,2,3.0,,,,,,,,,COMPLETE
505,505,0.8758045226306257,2024-12-31 23:24:51.494158,2024-12-31 23:25:10.550739,0 days 00:00:19.056581,3,25,10.0,25.0,,,,,,,,2,3.0,3.0,,,,,,,,COMPLETE
506,506,0.875804412317978,2024-12-31 23:25:10.551311,2024-12-31 23:25:29.539506,0 days 00:00:18.988195,3,20,5.0,20.0,,,,,,,,2,3.0,3.0,,,,,,,,COMPLETE
507,507,0.8565884948823645,2024-12-31 23:25:29.540046,2024-12-31 23:25:48.914471,0 days 00:00:19.374425,3,25,10.0,35.0,,,,,,,,2,3.0,3.0,,,,,,,,COMPLETE
508,508,0.863565453304029,2024-12-31 23:25:48.915155,2024-12-31 23:26:09.189456,0 days 00:00:20.274301,3,20,5.0,30.0,,,,,,,,4,3.0,3.0,,,,,,,,COMPLETE
509,509,0.8797678706282881,2024-12-31 23:26:09.190160,2024-12-31 23:26:28.217571,0 days 00:00:19.027411,3,25,5.0,20.0,,,,,,,,2,3.0,3.0,,,,,,,,COMPLETE
510,510,0.8647891303248151,2024-12-31 23:26:28.218228,2024-12-31 23:26:47.468619,0 days 00:00:19.250391,3,30,5.0,25.0,,,,,,,,2,3.0,3.0,,,,,,,,COMPLETE
511,511,0.8830719403881669,2024-12-31 23:26:47.469175,2024-12-31 23:27:06.726774,0 days 00:00:19.257599,3,20,10.0,30.0,,,,,,,,2,3.0,3.0,,,,,,,,COMPLETE
512,512,0.8323651916487153,2024-12-31 23:27:06.727454,2024-12-31 23:27:25.747010,0 days 00:00:19.019556,3,20,5.0,30.0,,,,,,,,2,3.0,3.0,,,,,,,,COMPLETE
513,513,0.8687602260646249,2024-12-31 23:27:25.747557,2024-12-31 23:27:45.131357,0 days 00:00:19.383800,3,15,10.0,35.0,,,,,,,,2,3.0,3.0,,,,,,,,COMPLETE
514,514,0.884843091622586,2024-12-31 23:27:45.132037,2024-12-31 23:28:04.074307,0 days 00:00:18.942270,3,20,5.0,25.0,,,,,,,,2,3.0,3.0,,,,,,,,COMPLETE
515,515,0.8509930792994832,2024-12-31 23:28:04.074866,2024-12-31 23:28:18.054900,0 days 00:00:13.980034,2,25,5.0,,,,,,,,,2,3.0,,,,,,,,,COMPLETE
516,516,0.8586658827573969,2024-12-31 23:28:18.055424,2024-12-31 23:28:36.877782,0 days 00:00:18.822358,3,20,5.0,25.0,,,,,,,,2,3.0,3.0,,,,,,,,COMPLETE
517,517,0.8841251696057074,2024-12-31 23:28:36.878469,2024-12-31 23:28:55.763622,0 days 00:00:18.885153,3,20,5.0,25.0,,,,,,,,2,3.0,3.0,,,,,,,,COMPLETE
518,518,0.8701296618128591,2024-12-31 23:28:55.764300,2024-12-31 23:29:14.536942,0 days 00:00:18.772642,3,25,10.0,20.0,,,,,,,,2,3.0,3.0,,,,,,,,COMPLETE
519,519,0.8802141677058108,2024-12-31 23:29:14.537498,2024-12-31 23:29:33.398119,0 days 00:00:18.860621,3,20,5.0,25.0,,,,,,,,2,3.0,3.0,,,,,,,,COMPLETE
520,520,0.8734979335130278,2024-12-31 23:29:33.398677,2024-12-31 23:29:52.573522,0 days 00:00:19.174845,3,20,10.0,30.0,,,,,,,,2,3.0,3.0,,,,,,,,COMPLETE
521,521,0.855015414608379,2024-12-31 23:29:52.574079,2024-12-31 23:30:11.466277,0 days 00:00:18.892198,3,20,5.0,25.0,,,,,,,,2,3.0,3.0,,,,,,,,COMPLETE
522,522,0.8441350343818647,2024-12-31 23:30:11.467008,2024-12-31 23:30:25.171232,0 days 00:00:13.704224,2,20,5.0,,,,,,,,,2,3.0,,,,,,,,,COMPLETE
523,523,0.853628309732898,2024-12-31 23:30:25.171907,2024-12-31 23:31:01.649030,0 days 00:00:36.477123,5,25,5.0,30.0,60.0,55.0,,,,,,2,3.0,3.0,3.0,6.0,,,,,,COMPLETE
524,524,0.8756206696986721,2024-12-31 23:31:01.649647,2024-12-31 23:31:20.643250,0 days 00:00:18.993603,3,15,10.0,20.0,,,,,,,,2,3.0,3.0,,,,,,,,COMPLETE
525,525,0.8476546209795262,2024-12-31 23:31:20.643797,2024-12-31 23:31:39.438637,0 days 00:00:18.794840,3,20,5.0,25.0,,,,,,,,2,3.0,3.0,,,,,,,,COMPLETE
526,526,0.8583504335441029,2024-12-31 23:31:39.439439,2024-12-31 23:31:58.502412,0 days 00:00:19.062973,3,15,5.0,30.0,,,,,,,,2,3.0,3.0,,,,,,,,COMPLETE
527,527,0.8809846560359953,2024-12-31 23:31:58.502974,2024-12-31 23:32:17.926611,0 days 00:00:19.423637,3,20,10.0,35.0,,,,,,,,2,3.0,3.0,,,,,,,,COMPLETE
528,528,0.8556715555012853,2024-12-31 23:32:17.927214,2024-12-31 23:32:38.770769,0 days 00:00:20.843555,3,15,5.0,25.0,,,,,,,,5,3.0,3.0,,,,,,,,COMPLETE
529,529,0.881598752988948,2024-12-31 23:32:38.771312,2024-12-31 23:33:06.011382,0 days 00:00:27.240070,4,25,10.0,25.0,55.0,,,,,,,2,3.0,3.0,3.0,,,,,,,COMPLETE
530,530,0.8843529797199345,2024-12-31 23:33:06.012100,2024-12-31 23:33:25.083590,0 days 00:00:19.071490,3,15,10.0,30.0,,,,,,,,2,3.0,3.0,,,,,,,,COMPLETE
531,531,0.8382913702477041,2024-12-31 23:33:25.084274,2024-12-31 23:33:44.031746,0 days 00:00:18.947472,3,20,5.0,20.0,,,,,,,,2,3.0,3.0,,,,,,,,COMPLETE
532,532,0.8470663533057177,2024-12-31 23:33:44.032322,2024-12-31 23:34:12.094015,0 days 00:00:28.061693,4,15,5.0,35.0,25.0,,,,,,,2,3.0,3.0,5.0,,,,,,,COMPLETE
533,533,0.8645595991014343,2024-12-31 23:34:12.094602,2024-12-31 23:34:47.294741,0 days 00:00:35.200139,5,35,5.0,30.0,40.0,50.0,,,,,,2,3.0,3.0,3.0,6.0,,,,,,COMPLETE
534,534,0.8299309906518257,2024-12-31 23:34:47.295600,2024-12-31 23:35:06.629769,0 days 00:00:19.334169,3,25,10.0,30.0,,,,,,,,2,3.0,3.0,,,,,,,,COMPLETE
535,535,0.8692887164703841,2024-12-31 23:35:06.630356,2024-12-31 23:35:22.671537,0 days 00:00:16.041181,2,50,5.0,,,,,,,,,6,3.0,,,,,,,,,COMPLETE
536,536,0.8749603826582685,2024-12-31 23:35:22.672104,2024-12-31 23:35:47.114295,0 days 00:00:24.442191,4,15,10.0,25.0,30.0,,,,,,,2,3.0,3.0,3.0,,,,,,,COMPLETE
537,537,0.850759428393115,2024-12-31 23:35:47.115025,2024-12-31 23:36:23.345597,0 days 00:00:36.230572,4,20,5.0,85.0,65.0,,,,,,,2,3.0,3.0,3.0,,,,,,,COMPLETE
538,538,0.8357932749250225,2024-12-31 23:36:23.346354,2024-12-31 23:36:40.742969,0 days 00:00:17.396615,3,20,10.0,25.0,,,,,,,,2,2.0,3.0,,,,,,,,COMPLETE
539,539,0.8394600511664135,2024-12-31 23:36:40.743527,2024-12-31 23:37:09.500062,0 days 00:00:28.756535,4,15,5.0,30.0,35.0,,,,,,,2,3.0,3.0,5.0,,,,,,,COMPLETE
540,540,0.8878945525712194,2024-12-31 23:37:09.500788,2024-12-31 23:37:28.015679,0 days 00:00:18.514891,3,20,5.0,15.0,,,,,,,,2,3.0,3.0,,,,,,,,COMPLETE
541,541,0.8818014593694329,2024-12-31 23:37:28.016354,2024-12-31 23:37:47.436475,0 days 00:00:19.420121,3,20,5.0,15.0,,,,,,,,2,3.0,3.0,,,,,,,,COMPLETE
542,542,0.8563047182762422,2024-12-31 23:37:47.437064,2024-12-31 23:38:06.430820,0 days 00:00:18.993756,3,25,5.0,5.0,,,,,,,,2,3.0,3.0,,,,,,,,COMPLETE
543,543,0.8694195874200359,2024-12-31 23:38:06.431358,2024-12-31 23:38:24.892707,0 days 00:00:18.461349,3,20,5.0,15.0,,,,,,,,2,3.0,3.0,,,,,,,,COMPLETE
544,544,0.8838204109837444,2024-12-31 23:38:24.893261,2024-12-31 23:38:44.351389,0 days 00:00:19.458128,3,25,5.0,20.0,,,,,,,,2,3.0,3.0,,,,,,,,COMPLETE
545,545,0.8544603998092051,2024-12-31 23:38:44.352097,2024-12-31 23:39:03.738042,0 days 00:00:19.385945,3,20,5.0,35.0,,,,,,,,2,3.0,3.0,,,,,,,,COMPLETE
546,546,0.8874159713488633,2024-12-31 23:39:03.738722,2024-12-31 23:39:22.645083,0 days 00:00:18.906361,3,20,5.0,10.0,,,,,,,,2,3.0,3.0,,,,,,,,COMPLETE
547,547,0.8666083613594886,2024-12-31 23:39:22.645659,2024-12-31 23:39:42.237281,0 days 00:00:19.591622,3,25,5.0,35.0,,,,,,,,2,3.0,3.0,,,,,,,,COMPLETE
548,548,0.8247727256725231,2024-12-31 23:39:42.237970,2024-12-31 23:40:00.764749,0 days 00:00:18.526779,3,5,5.0,10.0,,,,,,,,2,3.0,3.0,,,,,,,,COMPLETE
549,549,0.8830358590652478,2024-12-31 23:40:00.765450,2024-12-31 23:40:14.432635,0 days 00:00:13.667185,2,20,10.0,,,,,,,,,2,3.0,,,,,,,,,COMPLETE
550,550,0.8864711342594005,2024-12-31 23:40:14.433245,2024-12-31 23:40:33.623486,0 days 00:00:19.190241,3,15,5.0,30.0,,,,,,,,2,3.0,3.0,,,,,,,,COMPLETE
551,551,0.8818026626623696,2024-12-31 23:40:33.624069,2024-12-31 23:40:52.579176,0 days 00:00:18.955107,3,15,10.0,10.0,,,,,,,,2,3.0,3.0,,,,,,,,COMPLETE
552,552,0.7989994394031528,2024-12-31 23:40:52.579875,2024-12-31 23:41:11.889610,0 days 00:00:19.309735,3,30,5.0,10.0,,,,,,,,2,3.0,3.0,,,,,,,,COMPLETE
553,553,0.8928904831472795,2024-12-31 23:41:11.890305,2024-12-31 23:41:30.674347,0 days 00:00:18.784042,3,15,5.0,15.0,,,,,,,,2,3.0,3.0,,,,,,,,COMPLETE
554,554,0.8555757719109914,2024-12-31 23:41:30.674988,2024-12-31 23:41:44.488837,0 days 00:00:13.813849,2,15,10.0,,,,,,,,,2,3.0,,,,,,,,,COMPLETE
555,555,0.7543853616227845,2024-12-31 23:41:44.489370,2024-12-31 23:42:03.371029,0 days 00:00:18.881659,3,15,5.0,15.0,,,,,,,,2,3.0,3.0,,,,,,,,COMPLETE
556,556,0.8734028726277121,2024-12-31 23:42:03.371776,2024-12-31 23:42:23.427976,0 days 00:00:20.056200,3,15,5.0,5.0,,,,,,,,5,3.0,3.0,,,,,,,,COMPLETE
557,557,0.869391868326576,2024-12-31 23:42:23.428677,2024-12-31 23:42:42.340785,0 days 00:00:18.912108,3,15,10.0,15.0,,,,,,,,2,3.0,3.0,,,,,,,,COMPLETE
558,558,0.8686502827313348,2024-12-31 23:42:42.341367,2024-12-31 23:43:01.102909,0 days 00:00:18.761542,3,15,5.0,15.0,,,,,,,,2,3.0,3.0,,,,,,,,COMPLETE
559,559,0.855335990344539,2024-12-31 23:43:01.103469,2024-12-31 23:43:20.078486,0 days 00:00:18.975017,3,15,10.0,10.0,,,,,,,,2,3.0,3.0,,,,,,,,COMPLETE
560,560,0.835360130988773,2024-12-31 23:43:20.079211,2024-12-31 23:43:40.756106,0 days 00:00:20.676895,3,15,5.0,15.0,,,,,,,,2,3.0,4.0,,,,,,,,COMPLETE
561,561,0.8459030689679726,2024-12-31 23:43:40.756805,2024-12-31 23:43:59.483414,0 days 00:00:18.726609,3,15,5.0,10.0,,,,,,,,2,3.0,3.0,,,,,,,,COMPLETE
562,562,0.8806653761461953,2024-12-31 23:43:59.483990,2024-12-31 23:44:13.100577,0 days 00:00:13.616587,2,10,10.0,,,,,,,,,2,3.0,,,,,,,,,COMPLETE
563,563,0.8335786871944939,2024-12-31 23:44:13.101144,2024-12-31 23:44:31.878058,0 days 00:00:18.776914,3,15,5.0,5.0,,,,,,,,2,3.0,3.0,,,,,,,,COMPLETE
564,564,0.8628409307390963,2024-12-31 23:44:31.878757,2024-12-31 23:44:50.611910,0 days 00:00:18.733153,3,20,5.0,10.0,,,,,,,,2,3.0,3.0,,,,,,,,COMPLETE
565,565,0.8545700872360196,2024-12-31 23:44:50.612603,2024-12-31 23:45:09.441899,0 days 00:00:18.829296,3,15,10.0,10.0,,,,,,,,2,3.0,3.0,,,,,,,,COMPLETE
566,566,0.8674042758803024,2024-12-31 23:45:09.442487,2024-12-31 23:45:28.424769,0 days 00:00:18.982282,3,10,5.0,30.0,,,,,,,,2,3.0,3.0,,,,,,,,COMPLETE
567,567,0.8689651509806953,2024-12-31 23:45:28.425327,2024-12-31 23:45:48.514577,0 days 00:00:20.089250,3,20,5.0,15.0,,,,,,,,3,3.0,3.0,,,,,,,,COMPLETE
568,568,0.8044568077468884,2024-12-31 23:45:48.515267,2024-12-31 23:46:07.817094,0 days 00:00:19.301827,3,10,10.0,35.0,,,,,,,,2,3.0,3.0,,,,,,,,COMPLETE
569,569,0.8553942068089877,2024-12-31 23:46:07.817826,2024-12-31 23:46:26.548366,0 days 00:00:18.730540,3,15,5.0,10.0,,,,,,,,2,3.0,3.0,,,,,,,,COMPLETE
570,570,0.8505865529639214,2024-12-31 23:46:26.548944,2024-12-31 23:46:40.213530,0 days 00:00:13.664586,2,20,5.0,,,,,,,,,2,3.0,,,,,,,,,COMPLETE
571,571,0.8675502903874315,2024-12-31 23:46:40.214083,2024-12-31 23:46:59.346058,0 days 00:00:19.131975,3,15,10.0,30.0,,,,,,,,2,3.0,3.0,,,,,,,,COMPLETE
572,572,0.8618260525967516,2024-12-31 23:46:59.346624,2024-12-31 23:47:18.215145,0 days 00:00:18.868521,3,10,5.0,15.0,,,,,,,,2,3.0,3.0,,,,,,,,COMPLETE
573,573,0.8377637175012687,2024-12-31 23:47:18.215980,2024-12-31 23:47:40.958750,0 days 00:00:22.742770,3,65,5.0,35.0,,,,,,,,2,3.0,3.0,,,,,,,,COMPLETE
574,574,0.8606558256090966,2024-12-31 23:47:40.959337,2024-12-31 23:48:33.494528,0 days 00:00:52.535191,6,20,10.0,30.0,80.0,45.0,95.0,,,,,2,2.0,3.0,3.0,6.0,6.0,,,,,COMPLETE
575,575,0.8810182662538979,2024-12-31 23:48:33.495510,2024-12-31 23:48:52.235051,0 days 00:00:18.739541,3,15,10.0,5.0,,,,,,,,2,3.0,3.0,,,,,,,,COMPLETE
576,576,0.8846856767489037,2024-12-31 23:48:52.235610,2024-12-31 23:49:16.772082,0 days 00:00:24.536472,3,15,5.0,85.0,,,,,,,,2,3.0,3.0,,,,,,,,COMPLETE
577,577,0.8662443252701674,2024-12-31 23:49:16.772650,2024-12-31 23:49:35.714485,0 days 00:00:18.941835,3,10,5.0,30.0,,,,,,,,2,3.0,3.0,,,,,,,,COMPLETE
578,578,0.8775745383104907,2024-12-31 23:49:35.715306,2024-12-31 23:49:54.443798,0 days 00:00:18.728492,3,20,10.0,5.0,,,,,,,,2,3.0,3.0,,,,,,,,COMPLETE
579,579,0.8606075549529009,2024-12-31 23:49:54.444427,2024-12-31 23:50:15.035337,0 days 00:00:20.590910,3,40,5.0,35.0,,,,,,,,2,3.0,3.0,,,,,,,,COMPLETE
580,580,0.8564043462365536,2024-12-31 23:50:15.035949,2024-12-31 23:50:34.127085,0 days 00:00:19.091136,3,10,10.0,20.0,,,,,,,,2,3.0,3.0,,,,,,,,COMPLETE
581,581,0.863838401645715,2024-12-31 23:50:34.127922,2024-12-31 23:50:58.777177,0 days 00:00:24.649255,3,15,5.0,85.0,,,,,,,,2,3.0,3.0,,,,,,,,COMPLETE
582,582,0.859440813362382,2024-12-31 23:50:58.777760,2024-12-31 23:51:32.319455,0 days 00:00:33.541695,5,25,5.0,15.0,30.0,65.0,,,,,,2,3.0,3.0,3.0,6.0,,,,,,COMPLETE
583,583,0.8305418043475619,2024-12-31 23:51:32.320094,2024-12-31 23:51:46.134318,0 days 00:00:13.814224,2,20,5.0,,,,,,,,,2,3.0,,,,,,,,,COMPLETE
584,584,0.8712060114914805,2024-12-31 23:51:46.135172,2024-12-31 23:52:04.896734,0 days 00:00:18.761562,3,10,10.0,30.0,,,,,,,,2,3.0,3.0,,,,,,,,COMPLETE
585,585,0.887345951030114,2024-12-31 23:52:04.897319,2024-12-31 23:52:28.670065,0 days 00:00:23.772746,3,15,5.0,80.0,,,,,,,,2,3.0,3.0,,,,,,,,COMPLETE
586,586,0.8702496679347455,2024-12-31 23:52:28.670642,2024-12-31 23:52:52.903001,0 days 00:00:24.232359,3,15,5.0,80.0,,,,,,,,2,3.0,3.0,,,,,,,,COMPLETE
587,587,0.8808626712194356,2024-12-31 23:52:52.903817,2024-12-31 23:53:17.057882,0 days 00:00:24.154065,3,15,5.0,80.0,,,,,,,,2,3.0,3.0,,,,,,,,COMPLETE
588,588,0.8445326834697544,2024-12-31 23:53:17.058524,2024-12-31 23:53:41.068219,0 days 00:00:24.009695,3,15,10.0,80.0,,,,,,,,2,3.0,3.0,,,,,,,,COMPLETE
589,589,0.8479656758057394,2024-12-31 23:53:41.068796,2024-12-31 23:53:54.701046,0 days 00:00:13.632250,2,10,5.0,,,,,,,,,2,3.0,,,,,,,,,COMPLETE
590,590,0.8261544470304698,2024-12-31 23:53:54.701600,2024-12-31 23:54:18.318805,0 days 00:00:23.617205,3,10,10.0,80.0,,,,,,,,2,3.0,3.0,,,,,,,,COMPLETE
591,591,0.8732162243967865,2024-12-31 23:54:18.319642,2024-12-31 23:54:42.470399,0 days 00:00:24.150757,3,15,5.0,80.0,,,,,,,,2,3.0,3.0,,,,,,,,COMPLETE
592,592,0.8532670226882604,2024-12-31 23:54:42.470990,2024-12-31 23:55:07.481792,0 days 00:00:25.010802,3,15,10.0,85.0,,,,,,,,2,3.0,3.0,,,,,,,,COMPLETE
593,593,0.8617763143257171,2024-12-31 23:55:07.482381,2024-12-31 23:55:54.077744,0 days 00:00:46.595363,6,10,5.0,30.0,25.0,60.0,100.0,,,,,2,3.0,3.0,3.0,6.0,6.0,,,,,COMPLETE
594,594,0.8458835310897339,2024-12-31 23:55:54.078688,2024-12-31 23:56:13.106841,0 days 00:00:19.028153,3,15,5.0,20.0,,,,,,,,2,3.0,3.0,,,,,,,,COMPLETE
595,595,0.860858881354192,2024-12-31 23:56:13.107411,2024-12-31 23:56:42.595891,0 days 00:00:29.488480,3,15,10.0,85.0,,,,,,,,2,3.0,4.0,,,,,,,,COMPLETE
596,596,0.8789057631908834,2024-12-31 23:56:42.596626,2024-12-31 23:57:06.067422,0 days 00:00:23.470796,3,10,5.0,80.0,,,,,,,,2,3.0,3.0,,,,,,,,COMPLETE
597,597,0.836344236651626,2024-12-31 23:57:06.068095,2024-12-31 23:57:25.719418,0 days 00:00:19.651323,3,15,15.0,35.0,,,,,,,,2,3.0,3.0,,,,,,,,COMPLETE
598,598,0.8605446593688051,2024-12-31 23:57:25.720113,2024-12-31 23:57:50.342448,0 days 00:00:24.622335,3,10,5.0,90.0,,,,,,,,2,3.0,3.0,,,,,,,,COMPLETE
599,599,0.8518064558653362,2024-12-31 23:57:50.343038,2024-12-31 23:58:09.357967,0 days 00:00:19.014929,3,20,10.0,20.0,,,,,,,,2,3.0,3.0,,,,,,,,COMPLETE
600,600,0.8595344687012454,2024-12-31 23:58:09.358710,2024-12-31 23:58:26.050974,0 days 00:00:16.692264,2,60,5.0,,,,,,,,,2,3.0,,,,,,,,,COMPLETE
601,601,0.8318331217826976,2024-12-31 23:58:26.051624,2024-12-31 23:58:47.203595,0 days 00:00:21.151971,3,10,5.0,10.0,,,,,,,,2,5.0,3.0,,,,,,,,COMPLETE
602,602,0.8802076305777613,2024-12-31 23:58:47.204219,2024-12-31 23:59:06.080387,0 days 00:00:18.876168,3,15,10.0,30.0,,,,,,,,2,3.0,3.0,,,,,,,,COMPLETE
603,603,0.8594687714474467,2024-12-31 23:59:06.080990,2024-12-31 23:59:24.934424,0 days 00:00:18.853434,3,20,5.0,30.0,,,,,,,,2,3.0,3.0,,,,,,,,COMPLETE
604,604,0.8674806849201754,2024-12-31 23:59:24.935005,2024-12-31 23:59:49.519396,0 days 00:00:24.584391,3,15,5.0,85.0,,,,,,,,2,3.0,3.0,,,,,,,,COMPLETE
605,605,0.8434931031611668,2024-12-31 23:59:49.520240,2025-01-01 00:00:08.388697,0 days 00:00:18.868457,3,10,10.0,30.0,,,,,,,,2,3.0,3.0,,,,,,,,COMPLETE
606,606,0.866060219503539,2025-01-01 00:00:08.389288,2025-01-01 00:00:32.065398,0 days 00:00:23.676110,3,15,5.0,80.0,,,,,,,,2,3.0,3.0,,,,,,,,COMPLETE
607,607,0.8260384646482231,2025-01-01 00:00:32.066006,2025-01-01 00:00:53.983633,0 days 00:00:21.917627,3,20,15.0,35.0,,,,,,,,2,5.0,3.0,,,,,,,,COMPLETE
608,608,0.8397284353999126,2025-01-01 00:00:53.984380,2025-01-01 00:01:25.276150,0 days 00:00:31.291770,5,10,10.0,15.0,35.0,75.0,,,,,,6,3.0,3.0,5.0,5.0,,,,,,COMPLETE
609,609,0.8492368129510741,2025-01-01 00:01:25.276929,2025-01-01 00:01:49.073608,0 days 00:00:23.796679,3,20,5.0,75.0,,,,,,,,2,3.0,3.0,,,,,,,,COMPLETE
610,610,0.7946900340351919,2025-01-01 00:01:49.074198,2025-01-01 00:02:02.681051,0 days 00:00:13.606853,2,15,5.0,,,,,,,,,2,3.0,,,,,,,,,COMPLETE
611,611,0.8722056221974481,2025-01-01 00:02:02.681601,2025-01-01 00:02:23.041223,0 days 00:00:20.359622,3,15,10.0,30.0,,,,,,,,3,3.0,3.0,,,,,,,,COMPLETE
612,612,0.8821644206325104,2025-01-01 00:02:23.042003,2025-01-01 00:02:48.115983,0 days 00:00:25.073980,3,10,5.0,90.0,,,,,,,,2,3.0,3.0,,,,,,,,COMPLETE
613,613,0.8404917506736556,2025-01-01 00:02:48.116686,2025-01-01 00:03:07.235657,0 days 00:00:19.118971,3,15,10.0,10.0,,,,,,,,2,2.0,4.0,,,,,,,,COMPLETE
614,614,0.8635621334048527,2025-01-01 00:03:07.236243,2025-01-01 00:03:26.571093,0 days 00:00:19.334850,3,20,5.0,35.0,,,,,,,,2,3.0,3.0,,,,,,,,COMPLETE
615,615,0.841894886222178,2025-01-01 00:03:26.571682,2025-01-01 00:03:45.618246,0 days 00:00:19.046564,3,10,5.0,30.0,,,,,,,,2,3.0,3.0,,,,,,,,COMPLETE
616,616,0.8389162561576354,2025-01-01 00:03:45.618998,2025-01-01 00:04:04.223401,0 days 00:00:18.604403,3,15,10.0,20.0,,,,,,,,2,3.0,3.0,,,,,,,,COMPLETE
617,617,0.8491189335386844,2025-01-01 00:04:04.224091,2025-01-01 00:04:22.815055,0 days 00:00:18.590964,3,10,5.0,15.0,,,,,,,,2,3.0,3.0,,,,,,,,COMPLETE
618,618,0.8605525365035543,2025-01-01 00:04:22.815644,2025-01-01 00:04:36.471764,0 days 00:00:13.656120,2,20,5.0,,,,,,,,,2,3.0,,,,,,,,,COMPLETE
619,619,0.8636895854817437,2025-01-01 00:04:36.472325,2025-01-01 00:04:55.583101,0 days 00:00:19.110776,3,15,5.0,30.0,,,,,,,,2,3.0,3.0,,,,,,,,COMPLETE
620,620,0.870203076398788,2025-01-01 00:04:55.583708,2025-01-01 00:05:14.375597,0 days 00:00:18.791889,3,20,10.0,25.0,,,,,,,,2,3.0,3.0,,,,,,,,COMPLETE
621,621,0.8488369625066019,2025-01-01 00:05:14.376381,2025-01-01 00:05:38.623651,0 days 00:00:24.247270,3,10,5.0,85.0,,,,,,,,2,3.0,3.0,,,,,,,,COMPLETE
622,622,0.8294373811246646,2025-01-01 00:05:38.624364,2025-01-01 00:06:09.241121,0 days 00:00:30.616757,4,15,15.0,80.0,25.0,,,,,,,2,3.0,3.0,3.0,,,,,,,COMPLETE
623,623,0.8686221147883302,2025-01-01 00:06:09.241750,2025-01-01 00:06:28.878462,0 days 00:00:19.636712,3,25,10.0,40.0,,,,,,,,2,3.0,3.0,,,,,,,,COMPLETE
624,624,0.8606085810019175,2025-01-01 00:06:28.879072,2025-01-01 00:06:45.080184,0 days 00:00:16.201112,4,5,5.0,10.0,30.0,,,,,,,2,5.0,3.0,5.0,,,,,,,COMPLETE
625,625,0.893034043314574,2025-01-01 00:06:45.081145,2025-01-01 00:07:09.572355,0 days 00:00:24.491210,3,15,5.0,85.0,,,,,,,,2,3.0,3.0,,,,,,,,COMPLETE
626,626,0.8802706773470914,2025-01-01 00:07:09.573000,2025-01-01 00:07:34.812126,0 days 00:00:25.239126,3,20,10.0,85.0,,,,,,,,2,3.0,3.0,,,,,,,,COMPLETE
627,627,0.8820421116624386,2025-01-01 00:07:34.812738,2025-01-01 00:08:07.541276,0 days 00:00:32.728538,4,10,5.0,85.0,45.0,,,,,,,2,3.0,3.0,3.0,,,,,,,COMPLETE
628,628,0.8787636931919778,2025-01-01 00:08:07.542214,2025-01-01 00:08:33.182243,0 days 00:00:25.640029,3,15,15.0,85.0,,,,,,,,2,3.0,3.0,,,,,,,,COMPLETE
629,629,0.8369146161851777,2025-01-01 00:08:33.182877,2025-01-01 00:09:12.244054,0 days 00:00:39.061177,5,20,5.0,90.0,20.0,50.0,,,,,,2,3.0,3.0,3.0,6.0,,,,,,COMPLETE
630,630,0.8583894395492142,2025-01-01 00:09:12.244936,2025-01-01 00:09:38.824971,0 days 00:00:26.580035,3,10,10.0,80.0,,,,,,,,5,3.0,3.0,,,,,,,,COMPLETE
631,631,0.8129568426678306,2025-01-01 00:09:38.825722,2025-01-01 00:10:10.675952,0 days 00:00:31.850230,4,15,5.0,80.0,40.0,,,,,,,2,3.0,3.0,3.0,,,,,,,COMPLETE
632,632,0.8549554507185728,2025-01-01 00:10:10.676622,2025-01-01 00:10:24.279087,0 days 00:00:13.602465,2,25,5.0,,,,,,,,,2,3.0,,,,,,,,,COMPLETE
633,633,0.8507420334064209,2025-01-01 00:10:24.279695,2025-01-01 00:10:53.919906,0 days 00:00:29.640211,4,15,5.0,85.0,25.0,,,,,,,2,3.0,3.0,3.0,,,,,,,COMPLETE
634,634,0.8174821097149807,2025-01-01 00:10:53.920813,2025-01-01 00:11:12.780968,0 days 00:00:18.860155,3,5,10.0,25.0,,,,,,,,2,3.0,3.0,,,,,,,,COMPLETE
635,635,0.8635259055479139,2025-01-01 00:11:12.781602,2025-01-01 00:11:43.472812,0 days 00:00:30.691210,3,80,5.0,85.0,,,,,,,,2,5.0,3.0,,,,,,,,COMPLETE
636,636,0.8456476033733504,2025-01-01 00:11:43.473423,2025-01-01 00:12:02.519500,0 days 00:00:19.046077,3,10,10.0,35.0,,,,,,,,2,3.0,3.0,,,,,,,,COMPLETE
637,637,0.8450759775624286,2025-01-01 00:12:02.520277,2025-01-01 00:12:35.198859,0 days 00:00:32.678582,4,20,5.0,90.0,5.0,,,,,,,2,3.0,3.0,5.0,,,,,,,COMPLETE
638,638,0.8612427576282446,2025-01-01 00:12:35.199585,2025-01-01 00:13:00.849822,0 days 00:00:25.650237,3,25,10.0,85.0,,,,,,,,2,3.0,3.0,,,,,,,,COMPLETE
639,639,0.8607536901193409,2025-01-01 00:13:00.850408,2025-01-01 00:13:24.306515,0 days 00:00:23.456107,3,10,5.0,75.0,,,,,,,,3,3.0,3.0,,,,,,,,COMPLETE
640,640,0.8671547030041133,2025-01-01 00:13:24.307274,2025-01-01 00:13:41.614601,0 days 00:00:17.307327,3,15,5.0,30.0,,,,,,,,2,2.0,3.0,,,,,,,,COMPLETE
641,641,0.8584999568372902,2025-01-01 00:13:41.615353,2025-01-01 00:14:06.223432,0 days 00:00:24.608079,4,30,10.0,25.0,20.0,,,,,,,2,3.0,3.0,3.0,,,,,,,COMPLETE
642,642,0.805363383673765,2025-01-01 00:14:06.224042,2025-01-01 00:14:26.288938,0 days 00:00:20.064896,3,35,5.0,30.0,,,,,,,,2,3.0,3.0,,,,,,,,COMPLETE
643,643,0.8753642495822591,2025-01-01 00:14:26.289528,2025-01-01 00:14:58.176779,0 days 00:00:31.887251,4,20,10.0,80.0,35.0,,,,,,,2,3.0,3.0,3.0,,,,,,,COMPLETE
644,644,0.8489540541929053,2025-01-01 00:14:58.177655,2025-01-01 00:15:17.190039,0 days 00:00:19.012384,3,15,15.0,20.0,,,,,,,,2,3.0,3.0,,,,,,,,COMPLETE
645,645,0.8337234506903849,2025-01-01 00:15:17.190648,2025-01-01 00:15:47.505711,0 days 00:00:30.315063,5,10,5.0,10.0,5.0,90.0,,,,,,2,5.0,3.0,3.0,5.0,,,,,,COMPLETE
646,646,0.8377179146543208,2025-01-01 00:15:47.506335,2025-01-01 00:16:06.413407,0 days 00:00:18.907072,3,20,10.0,15.0,,,,,,,,2,3.0,3.0,,,,,,,,COMPLETE
647,647,0.8431445615963695,2025-01-01 00:16:06.414040,2025-01-01 00:16:42.235063,0 days 00:00:35.821023,4,15,5.0,30.0,70.0,,,,,,,2,3.0,3.0,5.0,,,,,,,COMPLETE
648,648,0.8778954604475901,2025-01-01 00:16:42.235983,2025-01-01 00:17:03.184289,0 days 00:00:20.948306,3,10,10.0,35.0,,,,,,,,2,3.0,4.0,,,,,,,,COMPLETE
649,649,0.839399292259218,2025-01-01 00:17:03.184884,2025-01-01 00:17:16.797834,0 days 00:00:13.612950,2,20,5.0,,,,,,,,,2,3.0,,,,,,,,,COMPLETE
650,650,0.8566783106772295,2025-01-01 00:17:16.798395,2025-01-01 00:17:58.982184,0 days 00:00:42.183789,6,15,5.0,5.0,25.0,40.0,85.0,,,,,2,3.0,3.0,3.0,6.0,6.0,,,,,COMPLETE
651,651,0.8568591742086495,2025-01-01 00:17:58.983146,2025-01-01 00:18:27.746090,0 days 00:00:28.762944,3,55,5.0,90.0,,,,,,,,2,3.0,3.0,,,,,,,,COMPLETE
652,652,0.8474489228373318,2025-01-01 00:18:27.746704,2025-01-01 00:18:46.404467,0 days 00:00:18.657763,3,5,5.0,25.0,,,,,,,,2,3.0,3.0,,,,,,,,COMPLETE
653,653,0.8572273364453373,2025-01-01 00:18:46.405054,2025-01-01 00:19:17.173324,0 days 00:00:30.768270,4,10,10.0,85.0,30.0,,,,,,,2,3.0,3.0,3.0,,,,,,,COMPLETE
654,654,0.8387093444752467,2025-01-01 00:19:17.174257,2025-01-01 00:19:41.732287,0 days 00:00:24.558030,3,20,5.0,80.0,,,,,,,,2,3.0,3.0,,,,,,,,COMPLETE
655,655,0.8410604805302402,2025-01-01 00:19:41.732896,2025-01-01 00:20:00.850612,0 days 00:00:19.117716,3,15,10.0,30.0,,,,,,,,2,3.0,3.0,,,,,,,,COMPLETE
656,656,0.8946731092016748,2025-01-01 00:20:00.851200,2025-01-01 00:20:24.741499,0 days 00:00:23.890299,4,15,5.0,20.0,5.0,,,,,,,2,3.0,3.0,3.0,,,,,,,COMPLETE
657,657,0.8523287288147974,2025-01-01 00:20:24.742308,2025-01-01 00:20:48.616523,0 days 00:00:23.874215,4,10,5.0,20.0,5.0,,,,,,,2,3.0,3.0,3.0,,,,,,,COMPLETE
658,658,0.8788191557220695,2025-01-01 00:20:48.617261,2025-01-01 00:21:15.885918,0 days 00:00:27.268657,4,15,10.0,15.0,5.0,,,,,,,5,5.0,3.0,4.0,,,,,,,COMPLETE
659,659,0.8784481335100828,2025-01-01 00:21:15.886576,2025-01-01 00:21:41.456642,0 days 00:00:25.570066,4,20,5.0,20.0,5.0,,,,,,,2,3.0,3.0,4.0,,,,,,,COMPLETE
660,660,0.8618715491257256,2025-01-01 00:21:41.457300,2025-01-01 00:22:05.037707,0 days 00:00:23.580407,4,10,10.0,20.0,5.0,,,,,,,2,3.0,3.0,3.0,,,,,,,COMPLETE
661,661,0.8492900069671042,2025-01-01 00:22:05.038541,2025-01-01 00:22:30.803100,0 days 00:00:25.764559,4,25,15.0,20.0,20.0,,,,,,,2,3.0,3.0,4.0,,,,,,,COMPLETE
662,662,0.8786667917408422,2025-01-01 00:22:30.803858,2025-01-01 00:22:58.156863,0 days 00:00:27.353005,4,15,5.0,25.0,5.0,,,,,,,2,3.0,3.0,5.0,,,,,,,COMPLETE
663,663,0.8483481184005239,2025-01-01 00:22:58.157553,2025-01-01 00:23:22.190116,0 days 00:00:24.032563,4,20,15.0,15.0,10.0,,,,,,,2,3.0,3.0,3.0,,,,,,,COMPLETE
664,664,0.8660715018130078,2025-01-01 00:23:22.190776,2025-01-01 00:23:48.193840,0 days 00:00:26.003064,4,15,5.0,20.0,20.0,,,,,,,2,3.0,3.0,4.0,,,,,,,COMPLETE
665,665,0.8288458283012887,2025-01-01 00:23:48.194667,2025-01-01 00:24:21.088372,0 days 00:00:32.893705,5,5,5.0,25.0,5.0,40.0,,,,,,2,3.0,3.0,3.0,5.0,,,,,,COMPLETE
666,666,0.8413468671251132,2025-01-01 00:24:21.089219,2025-01-01 00:24:46.694680,0 days 00:00:25.605461,4,10,10.0,15.0,10.0,,,,,,,2,3.0,3.0,4.0,,,,,,,COMPLETE
667,667,0.8430078547027546,2025-01-01 00:24:46.695331,2025-01-01 00:25:14.889175,0 days 00:00:28.193844,4,25,5.0,75.0,5.0,,,,,,,2,3.0,3.0,3.0,,,,,,,COMPLETE
668,668,0.8578659393338293,2025-01-01 00:25:14.890006,2025-01-01 00:25:58.203884,0 days 00:00:43.313878,5,15,10.0,15.0,50.0,55.0,,,,,,2,3.0,3.0,4.0,5.0,,,,,,COMPLETE
669,669,0.8610620293974353,2025-01-01 00:25:58.204698,2025-01-01 00:26:30.855815,0 days 00:00:32.651117,4,20,5.0,25.0,65.0,,,,,,,2,3.0,4.0,4.0,,,,,,,COMPLETE
670,670,0.8433608960587439,2025-01-01 00:26:30.856467,2025-01-01 00:26:54.866384,0 days 00:00:24.009917,4,10,10.0,20.0,20.0,,,,,,,3,2.0,3.0,3.0,,,,,,,COMPLETE
671,671,0.8615613272718994,2025-01-01 00:26:54.867209,2025-01-01 00:27:38.194232,0 days 00:00:43.327023,4,15,5.0,75.0,75.0,,,,,,,2,3.0,3.0,5.0,,,,,,,COMPLETE
672,672,0.8530800289994511,2025-01-01 00:27:38.195025,2025-01-01 00:28:07.582722,0 days 00:00:29.387697,4,20,5.0,85.0,10.0,,,,,,,2,3.0,3.0,3.0,,,,,,,COMPLETE
673,673,0.8264106335407535,2025-01-01 00:28:07.583540,2025-01-01 00:28:38.469516,0 days 00:00:30.885976,5,5,5.0,95.0,25.0,30.0,,,,,,2,5.0,3.0,4.0,6.0,,,,,,COMPLETE
674,674,0.8507660020801503,2025-01-01 00:28:38.470366,2025-01-01 00:29:04.156238,0 days 00:00:25.685872,4,45,10.0,20.0,5.0,,,,,,,2,3.0,3.0,3.0,,,,,,,COMPLETE
675,675,0.8665243813278832,2025-01-01 00:29:04.156898,2025-01-01 00:29:22.970346,0 days 00:00:18.813448,3,10,10.0,10.0,,,,,,,,2,3.0,3.0,,,,,,,,COMPLETE
676,676,0.8716572230013129,2025-01-01 00:29:22.970978,2025-01-01 00:29:46.957158,0 days 00:00:23.986180,3,15,5.0,80.0,,,,,,,,2,3.0,3.0,,,,,,,,COMPLETE
677,677,0.8774000284907613,2025-01-01 00:29:46.958064,2025-01-01 00:30:00.661294,0 days 00:00:13.703230,2,20,5.0,,,,,,,,,2,3.0,,,,,,,,,COMPLETE
678,678,0.8707584385697883,2025-01-01 00:30:00.661886,2025-01-01 00:30:32.965808,0 days 00:00:32.303922,4,15,10.0,90.0,20.0,,,,,,,2,3.0,3.0,4.0,,,,,,,COMPLETE
679,679,0.822492453339281,2025-01-01 00:30:32.966433,2025-01-01 00:30:58.936394,0 days 00:00:25.969961,4,10,5.0,15.0,15.0,,,,,,,2,3.0,3.0,4.0,,,,,,,COMPLETE
680,680,0.8254460956779176,2025-01-01 00:30:58.937205,2025-01-01 00:31:17.969369,0 days 00:00:19.032164,3,25,15.0,25.0,,,,,,,,2,3.0,3.0,,,,,,,,COMPLETE
681,681,0.7987108113138501,2025-01-01 00:31:17.970077,2025-01-01 00:31:36.821470,0 days 00:00:18.851393,3,15,5.0,25.0,,,,,,,,2,3.0,3.0,,,,,,,,COMPLETE
682,682,0.85864157969626,2025-01-01 00:31:36.822095,2025-01-01 00:32:01.702130,0 days 00:00:24.880035,3,20,5.0,85.0,,,,,,,,2,3.0,3.0,,,,,,,,COMPLETE
683,683,0.8882255956954599,2025-01-01 00:32:01.702734,2025-01-01 00:32:31.357111,0 days 00:00:29.654377,4,10,10.0,80.0,10.0,,,,,,,2,3.0,3.0,4.0,,,,,,,COMPLETE
684,684,0.7862480646072895,2025-01-01 00:32:31.358030,2025-01-01 00:33:01.237232,0 days 00:00:29.879202,4,5,15.0,80.0,10.0,,,,,,,2,3.0,3.0,4.0,,,,,,,COMPLETE
685,685,0.8801129711576505,2025-01-01 00:33:01.237872,2025-01-01 00:33:30.927879,0 days 00:00:29.690007,4,10,10.0,80.0,10.0,,,,,,,2,3.0,3.0,4.0,,,,,,,COMPLETE
686,686,0.8458747520200965,2025-01-01 00:33:30.928499,2025-01-01 00:33:58.846185,0 days 00:00:27.917686,4,10,10.0,80.0,5.0,,,,,,,2,5.0,3.0,4.0,,,,,,,COMPLETE
687,687,0.8682459931035503,2025-01-01 00:33:58.846981,2025-01-01 00:34:27.604275,0 days 00:00:28.757294,4,10,10.0,75.0,15.0,,,,,,,2,3.0,3.0,4.0,,,,,,,COMPLETE
688,688,0.8647811329215874,2025-01-01 00:34:27.604992,2025-01-01 00:34:59.292924,0 days 00:00:31.687932,4,5,15.0,100.0,5.0,,,,,,,2,3.0,3.0,4.0,,,,,,,COMPLETE
689,689,0.8732631960739452,2025-01-01 00:34:59.293537,2025-01-01 00:35:33.770684,0 days 00:00:34.477147,4,10,10.0,85.0,10.0,,,,,,,2,3.0,4.0,4.0,,,,,,,COMPLETE
690,690,0.8601369075573323,2025-01-01 00:35:33.771582,2025-01-01 00:35:52.544655,0 days 00:00:18.773073,4,10,10.0,80.0,15.0,,,,,,,6,3.0,3.0,4.0,,,,,,,COMPLETE
691,691,0.8595647012862123,2025-01-01 00:35:52.545300,2025-01-01 00:36:22.819846,0 days 00:00:30.274546,4,10,20.0,80.0,5.0,,,,,,,2,3.0,3.0,4.0,,,,,,,COMPLETE
692,692,0.8354793487244656,2025-01-01 00:36:22.820478,2025-01-01 00:36:51.881866,0 days 00:00:29.061388,4,10,10.0,75.0,15.0,,,,,,,2,3.0,3.0,4.0,,,,,,,COMPLETE
693,693,0.8724982341523216,2025-01-01 00:36:51.882775,2025-01-01 00:37:24.650691,0 days 00:00:32.767916,4,15,15.0,85.0,10.0,,,,,,,2,3.0,3.0,5.0,,,,,,,COMPLETE
694,694,0.8720002346668889,2025-01-01 00:37:24.651323,2025-01-01 00:38:16.481543,0 days 00:00:51.830220,5,5,10.0,80.0,20.0,85.0,,,,,,2,3.0,3.0,4.0,5.0,,,,,,COMPLETE
695,695,0.84226631157083,2025-01-01 00:38:16.482502,2025-01-01 00:38:55.869920,0 days 00:00:39.387418,4,10,5.0,85.0,70.0,,,,,,,2,3.0,3.0,4.0,,,,,,,COMPLETE
696,696,0.868343361226001,2025-01-01 00:38:55.870573,2025-01-01 00:39:25.048866,0 days 00:00:29.178293,4,15,10.0,70.0,15.0,,,,,,,2,3.0,3.0,4.0,,,,,,,COMPLETE
697,697,0.875032780044319,2025-01-01 00:39:25.049676,2025-01-01 00:40:02.223752,0 days 00:00:37.174076,5,10,5.0,80.0,10.0,45.0,,,,,,3,2.0,3.0,4.0,6.0,,,,,,COMPLETE
698,698,0.8462025903345596,2025-01-01 00:40:02.224543,2025-01-01 00:40:30.391803,0 days 00:00:28.167260,4,15,10.0,20.0,5.0,,,,,,,2,5.0,3.0,5.0,,,,,,,COMPLETE
699,699,0.8289562978120901,2025-01-01 00:40:30.392471,2025-01-01 00:40:54.047074,0 days 00:00:23.654603,4,5,5.0,10.0,10.0,,,,,,,2,3.0,3.0,3.0,,,,,,,COMPLETE
700,700,0.8594649203549183,2025-01-01 00:40:54.047912,2025-01-01 00:41:24.844968,0 days 00:00:30.797056,4,15,15.0,75.0,20.0,,,,,,,2,3.0,3.0,4.0,,,,,,,COMPLETE
701,701,0.8430619895575362,2025-01-01 00:41:24.845765,2025-01-01 00:42:01.178251,0 days 00:00:36.332486,4,70,10.0,85.0,15.0,,,,,,,2,3.0,3.0,4.0,,,,,,,COMPLETE
702,702,0.8777645471866395,2025-01-01 00:42:01.178913,2025-01-01 00:42:29.114245,0 days 00:00:27.935332,4,10,5.0,85.0,5.0,,,,,,,2,3.0,3.0,3.0,,,,,,,COMPLETE
703,703,0.8632442535873648,2025-01-01 00:42:29.115186,2025-01-01 00:42:47.927838,0 days 00:00:18.812652,3,10,5.0,15.0,,,,,,,,2,3.0,3.0,,,,,,,,COMPLETE
704,704,0.855911677238905,2025-01-01 00:42:47.928475,2025-01-01 00:43:13.476790,0 days 00:00:25.548315,3,15,10.0,80.0,,,,,,,,2,5.0,3.0,,,,,,,,COMPLETE
705,705,0.8283469836424112,2025-01-01 00:43:13.477437,2025-01-01 00:43:27.278195,0 days 00:00:13.800758,2,15,5.0,,,,,,,,,2,3.0,,,,,,,,,COMPLETE
706,706,0.8258233709287301,2025-01-01 00:43:27.278802,2025-01-01 00:44:17.021324,0 days 00:00:49.742522,6,5,5.0,20.0,25.0,75.0,70.0,,,,,2,3.0,3.0,5.0,6.0,5.0,,,,,COMPLETE
707,707,0.8636142793523784,2025-01-01 00:44:17.022435,2025-01-01 00:45:01.468888,0 days 00:00:44.446453,5,10,10.0,90.0,10.0,60.0,,,,,,2,3.0,3.0,3.0,5.0,,,,,,COMPLETE
708,708,0.8320562540211114,2025-01-01 00:45:01.469778,2025-01-01 00:45:23.053912,0 days 00:00:21.584134,3,15,5.0,80.0,,,,,,,,5,3.0,3.0,,,,,,,,COMPLETE
709,709,0.8569760280103036,2025-01-01 00:45:23.054692,2025-01-01 00:45:50.311486,0 days 00:00:27.256794,4,10,10.0,25.0,45.0,,,,,,,2,3.0,3.0,4.0,,,,,,,COMPLETE
710,710,0.7943740103365561,2025-01-01 00:45:50.312196,2025-01-01 00:46:09.374855,0 days 00:00:19.062659,3,15,5.0,25.0,,,,,,,,2,3.0,3.0,,,,,,,,COMPLETE
711,711,0.8633786447222889,2025-01-01 00:46:09.375491,2025-01-01 00:46:34.868907,0 days 00:00:25.493416,3,30,15.0,75.0,,,,,,,,2,3.0,3.0,,,,,,,,COMPLETE
712,712,0.865694268482593,2025-01-01 00:46:34.869710,2025-01-01 00:47:02.103573,0 days 00:00:27.233863,4,10,5.0,15.0,15.0,,,,,,,2,3.0,4.0,4.0,,,,,,,COMPLETE
713,713,0.8608752592309282,2025-01-01 00:47:02.104332,2025-01-01 00:47:27.287619,0 days 00:00:25.183287,3,15,10.0,85.0,,,,,,,,2,3.0,3.0,,,,,,,,COMPLETE
714,714,0.8421133491996847,2025-01-01 00:47:27.288221,2025-01-01 00:47:51.007965,0 days 00:00:23.719744,4,5,5.0,20.0,5.0,,,,,,,2,3.0,3.0,3.0,,,,,,,COMPLETE
715,715,0.8524784536211215,2025-01-01 00:47:51.008787,2025-01-01 00:48:12.004180,0 days 00:00:20.995393,3,50,10.0,10.0,,,,,,,,2,3.0,3.0,,,,,,,,COMPLETE
716,716,0.8541018005834157,2025-01-01 00:48:12.004885,2025-01-01 00:48:31.323994,0 days 00:00:19.319109,3,15,5.0,15.0,,,,,,,,2,3.0,3.0,,,,,,,,COMPLETE
717,717,0.8490092510282008,2025-01-01 00:48:31.324601,2025-01-01 00:49:20.404676,0 days 00:00:49.080075,5,10,5.0,90.0,50.0,80.0,,,,,,2,3.0,3.0,4.0,6.0,,,,,,COMPLETE
718,718,0.8850932510690536,2025-01-01 00:49:20.405552,2025-01-01 00:49:44.727448,0 days 00:00:24.321896,3,15,10.0,80.0,,,,,,,,2,3.0,3.0,,,,,,,,COMPLETE
719,719,0.8927757676559098,2025-01-01 00:49:44.728184,2025-01-01 00:50:13.685365,0 days 00:00:28.957181,4,20,5.0,70.0,60.0,,,,,,,2,5.0,3.0,3.0,,,,,,,COMPLETE
720,720,0.8478779189463284,2025-01-01 00:50:13.686009,2025-01-01 00:50:35.064071,0 days 00:00:21.378062,3,20,5.0,70.0,,,,,,,,2,5.0,3.0,,,,,,,,COMPLETE
721,721,0.8532699816896117,2025-01-01 00:50:35.064911,2025-01-01 00:51:06.511551,0 days 00:00:31.446640,4,25,5.0,70.0,55.0,,,,,,,2,5.0,5.0,3.0,,,,,,,COMPLETE
722,722,0.8225817182083437,2025-01-01 00:51:06.512323,2025-01-01 00:51:28.567203,0 days 00:00:22.054880,3,20,5.0,65.0,,,,,,,,2,5.0,3.0,,,,,,,,COMPLETE
723,723,0.8413413258638004,2025-01-01 00:51:28.567820,2025-01-01 00:51:50.505932,0 days 00:00:21.938112,3,20,5.0,65.0,,,,,,,,2,5.0,3.0,,,,,,,,COMPLETE
724,724,0.8650379340290227,2025-01-01 00:51:50.506540,2025-01-01 00:52:23.882300,0 days 00:00:33.375760,4,20,5.0,70.0,60.0,,,,,,,2,5.0,3.0,3.0,,,,,,,COMPLETE
725,725,0.8671796951096397,2025-01-01 00:52:23.883199,2025-01-01 00:52:44.791662,0 days 00:00:20.908463,3,20,5.0,40.0,,,,,,,,2,5.0,3.0,,,,,,,,COMPLETE
726,726,0.849217008585976,2025-01-01 00:52:44.792351,2025-01-01 00:53:12.601266,0 days 00:00:27.808915,4,25,5.0,15.0,50.0,,,,,,,2,4.0,3.0,3.0,,,,,,,COMPLETE
727,727,0.8730771379847526,2025-01-01 00:53:12.601882,2025-01-01 00:53:32.798929,0 days 00:00:20.197047,3,20,5.0,25.0,,,,,,,,2,4.0,3.0,,,,,,,,COMPLETE
728,728,0.8791745987813158,2025-01-01 00:53:32.799709,2025-01-01 00:53:45.786501,0 days 00:00:12.986792,2,25,5.0,,,,,,,,,2,5.0,,,,,,,,,COMPLETE
729,729,0.8390838173303736,2025-01-01 00:53:45.787212,2025-01-01 00:54:06.642009,0 days 00:00:20.854797,3,20,5.0,20.0,,,,,,,,2,4.0,3.0,,,,,,,,COMPLETE
730,730,0.8762027830637976,2025-01-01 00:54:06.642624,2025-01-01 00:54:37.875415,0 days 00:00:31.232791,4,40,5.0,25.0,60.0,,,,,,,2,5.0,3.0,3.0,,,,,,,COMPLETE
731,731,0.8563681434757955,2025-01-01 00:54:37.876061,2025-01-01 00:54:58.316262,0 days 00:00:20.440201,3,15,5.0,25.0,,,,,,,,2,4.0,3.0,,,,,,,,COMPLETE
732,732,0.8698650475652814,2025-01-01 00:54:58.317054,2025-01-01 00:55:17.118270,0 days 00:00:18.801216,3,20,5.0,10.0,,,,,,,,2,3.0,3.0,,,,,,,,COMPLETE
733,733,0.8912562168358386,2025-01-01 00:55:17.118985,2025-01-01 00:55:43.173538,0 days 00:00:26.054553,4,15,5.0,20.0,60.0,,,,,,,2,3.0,3.0,3.0,,,,,,,COMPLETE
734,734,0.8825604517372759,2025-01-01 00:55:43.174185,2025-01-01 00:56:09.605780,0 days 00:00:26.431595,4,15,5.0,20.0,65.0,,,,,,,2,3.0,3.0,3.0,,,,,,,COMPLETE
735,735,0.8404282822668896,2025-01-01 00:56:09.606404,2025-01-01 00:56:24.658010,0 days 00:00:15.051606,2,15,5.0,,,,,,,,,3,3.0,,,,,,,,,COMPLETE
736,736,0.8540002563829816,2025-01-01 00:56:24.658605,2025-01-01 00:56:43.557473,0 days 00:00:18.898868,3,20,5.0,20.0,,,,,,,,2,3.0,3.0,,,,,,,,COMPLETE
737,737,0.8853223934962267,2025-01-01 00:56:43.558269,2025-01-01 00:57:09.469955,0 days 00:00:25.911686,4,20,5.0,15.0,60.0,,,,,,,2,3.0,3.0,3.0,,,,,,,COMPLETE
738,738,0.8681062401902337,2025-01-01 00:57:09.470743,2025-01-01 00:57:28.534286,0 days 00:00:19.063543,3,15,5.0,20.0,,,,,,,,2,3.0,3.0,,,,,,,,COMPLETE
739,739,0.8709314538219888,2025-01-01 00:57:28.534911,2025-01-01 00:58:20.944175,0 days 00:00:52.409264,6,15,10.0,20.0,65.0,35.0,95.0,,,,,2,3.0,3.0,3.0,5.0,6.0,,,,,COMPLETE
740,740,0.8605400184798819,2025-01-01 00:58:20.945164,2025-01-01 00:58:40.062717,0 days 00:00:19.117553,3,20,5.0,25.0,,,,,,,,2,3.0,3.0,,,,,,,,COMPLETE
741,741,0.889724093732567,2025-01-01 00:58:40.063336,2025-01-01 00:59:05.412424,0 days 00:00:25.349088,4,15,5.0,25.0,50.0,,,,,,,2,3.0,3.0,3.0,,,,,,,COMPLETE
742,742,0.8707994371534775,2025-01-01 00:59:05.413089,2025-01-01 00:59:31.502603,0 days 00:00:26.089514,4,15,5.0,25.0,55.0,,,,,,,2,3.0,3.0,3.0,,,,,,,COMPLETE
743,743,0.8620105309292951,2025-01-01 00:59:31.503426,2025-01-01 00:59:57.990559,0 days 00:00:26.487133,4,15,10.0,20.0,60.0,,,,,,,2,3.0,3.0,3.0,,,,,,,COMPLETE
744,744,0.8663084156041903,2025-01-01 00:59:57.991325,2025-01-01 01:00:26.375109,0 days 00:00:28.383784,4,15,5.0,25.0,70.0,,,,,,,2,3.0,3.0,3.0,,,,,,,COMPLETE
745,745,0.8665181646617734,2025-01-01 01:00:26.375754,2025-01-01 01:01:00.571142,0 days 00:00:34.195388,4,15,10.0,90.0,55.0,,,,,,,2,3.0,6.0,3.0,,,,,,,COMPLETE
746,746,0.8728767885826935,2025-01-01 01:01:00.571976,2025-01-01 01:01:43.236116,0 days 00:00:42.664140,5,15,5.0,20.0,60.0,100.0,,,,,,2,3.0,4.0,3.0,6.0,,,,,,COMPLETE
747,747,0.8667950969905944,2025-01-01 01:01:43.236911,2025-01-01 01:02:10.677891,0 days 00:00:27.440980,4,15,10.0,15.0,70.0,,,,,,,2,3.0,3.0,3.0,,,,,,,COMPLETE
748,748,0.8562695202185959,2025-01-01 01:02:10.678519,2025-01-01 01:02:31.814388,0 days 00:00:21.135869,4,15,5.0,65.0,65.0,,,,,,,6,3.0,3.0,3.0,,,,,,,COMPLETE
749,749,0.8481564286986591,2025-01-01 01:02:31.815332,2025-01-01 01:02:56.786970,0 days 00:00:24.971638,4,15,5.0,25.0,45.0,,,,,,,2,3.0,3.0,3.0,,,,,,,COMPLETE
750,750,0.8703391957373694,2025-01-01 01:02:56.787605,2025-01-01 01:03:22.138634,0 days 00:00:25.351029,4,15,10.0,20.0,50.0,,,,,,,2,3.0,3.0,3.0,,,,,,,COMPLETE
751,751,0.8671485134638581,2025-01-01 01:03:22.139304,2025-01-01 01:03:58.814311,0 days 00:00:36.675007,4,15,5.0,95.0,60.0,,,,,,,2,3.0,3.0,3.0,,,,,,,COMPLETE
752,752,0.8619861910709583,2025-01-01 01:03:58.815235,2025-01-01 01:04:46.767137,0 days 00:00:47.951902,5,55,5.0,25.0,55.0,65.0,,,,,,2,3.0,3.0,3.0,5.0,,,,,,COMPLETE
753,753,0.8487547006772114,2025-01-01 01:04:46.767822,2025-01-01 01:05:15.096224,0 days 00:00:28.328402,4,15,10.0,20.0,75.0,,,,,,,2,3.0,3.0,3.0,,,,,,,COMPLETE
754,754,0.8718652151102725,2025-01-01 01:05:15.097165,2025-01-01 01:05:38.366625,0 days 00:00:23.269460,4,15,5.0,10.0,65.0,,,,,,,5,3.0,3.0,3.0,,,,,,,COMPLETE
755,755,0.8769055858162116,2025-01-01 01:05:38.367288,2025-01-01 01:06:04.521908,0 days 00:00:26.154620,4,20,5.0,25.0,55.0,,,,,,,2,3.0,3.0,3.0,,,,,,,COMPLETE
756,756,0.8671334181638557,2025-01-01 01:06:04.522539,2025-01-01 01:06:50.447870,0 days 00:00:45.925331,5,75,10.0,85.0,40.0,30.0,,,,,,2,3.0,3.0,3.0,6.0,,,,,,COMPLETE
757,757,0.8518074153008668,2025-01-01 01:06:50.448861,2025-01-01 01:07:16.075602,0 days 00:00:25.626741,4,15,5.0,15.0,65.0,,,,,,,2,3.0,3.0,3.0,,,,,,,COMPLETE
758,758,0.8746838039926071,2025-01-01 01:07:16.076261,2025-01-01 01:07:41.361449,0 days 00:00:25.285188,4,20,10.0,25.0,45.0,,,,,,,2,3.0,3.0,3.0,,,,,,,COMPLETE
759,759,0.8700026311785733,2025-01-01 01:07:41.362101,2025-01-01 01:08:16.208382,0 days 00:00:34.846281,4,15,5.0,75.0,65.0,,,,,,,2,3.0,3.0,3.0,,,,,,,COMPLETE
760,760,0.865693011582188,2025-01-01 01:08:16.209323,2025-01-01 01:08:43.945317,0 days 00:00:27.735994,4,20,10.0,15.0,50.0,,,,,,,2,3.0,3.0,4.0,,,,,,,COMPLETE
761,761,0.8718022871396026,2025-01-01 01:08:43.945962,2025-01-01 01:09:18.624128,0 days 00:00:34.678166,4,15,5.0,70.0,70.0,,,,,,,2,4.0,3.0,3.0,,,,,,,COMPLETE
762,762,0.8709375584804442,2025-01-01 01:09:18.624958,2025-01-01 01:10:11.141868,0 days 00:00:52.516910,5,10,5.0,85.0,60.0,50.0,,,,,,2,3.0,3.0,4.0,5.0,,,,,,COMPLETE
763,763,0.8492579271654614,2025-01-01 01:10:11.142652,2025-01-01 01:10:35.874434,0 days 00:00:24.731782,4,15,10.0,25.0,35.0,,,,,,,2,3.0,3.0,3.0,,,,,,,COMPLETE
764,764,0.8419183285849953,2025-01-01 01:10:35.875267,2025-01-01 01:11:03.209153,0 days 00:00:27.333886,4,20,5.0,20.0,75.0,,,,,,,2,2.0,3.0,3.0,,,,,,,COMPLETE
765,765,0.8602445082857183,2025-01-01 01:11:03.209914,2025-01-01 01:11:41.807929,0 days 00:00:38.598015,4,45,10.0,45.0,55.0,,,,,,,2,4.0,4.0,4.0,,,,,,,COMPLETE
766,766,0.859547961931918,2025-01-01 01:11:41.808576,2025-01-01 01:12:05.138328,0 days 00:00:23.329752,3,85,5.0,5.0,,,,,,,,2,3.0,3.0,,,,,,,,COMPLETE
767,767,0.8834930246637314,2025-01-01 01:12:05.139269,2025-01-01 01:12:29.466634,0 days 00:00:24.327365,3,15,5.0,75.0,,,,,,,,2,4.0,3.0,,,,,,,,COMPLETE
768,768,0.8707941304598925,2025-01-01 01:12:29.467276,2025-01-01 01:12:49.304460,0 days 00:00:19.837184,3,35,10.0,25.0,,,,,,,,2,3.0,3.0,,,,,,,,COMPLETE
769,769,0.8833929014796036,2025-01-01 01:12:49.305084,2025-01-01 01:13:08.286518,0 days 00:00:18.981434,3,10,5.0,20.0,,,,,,,,2,3.0,3.0,,,,,,,,COMPLETE
770,770,0.8795563729978348,2025-01-01 01:13:08.287336,2025-01-01 01:13:45.297948,0 days 00:00:37.010612,4,15,5.0,85.0,70.0,,,,,,,2,3.0,3.0,3.0,,,,,,,COMPLETE
771,771,0.8889163598336909,2025-01-01 01:13:45.298710,2025-01-01 01:14:04.009847,0 days 00:00:18.711137,3,20,10.0,15.0,,,,,,,,2,3.0,3.0,,,,,,,,COMPLETE
772,772,0.859895840773845,2025-01-01 01:14:04.010472,2025-01-01 01:14:33.133792,0 days 00:00:29.123320,4,20,15.0,15.0,50.0,,,,,,,2,4.0,3.0,4.0,,,,,,,COMPLETE
773,773,0.8645558563618938,2025-01-01 01:14:33.134633,2025-01-01 01:14:52.094831,0 days 00:00:18.960198,3,25,10.0,15.0,,,,,,,,2,3.0,3.0,,,,,,,,COMPLETE
774,774,0.8394106390558802,2025-01-01 01:14:52.095545,2025-01-01 01:15:12.691441,0 days 00:00:20.595896,3,25,10.0,15.0,,,,,,,,2,4.0,3.0,,,,,,,,COMPLETE
775,775,0.8683529575418476,2025-01-01 01:15:12.692081,2025-01-01 01:15:26.389825,0 days 00:00:13.697744,2,20,15.0,,,,,,,,,2,3.0,,,,,,,,,COMPLETE
776,776,0.854996915416065,2025-01-01 01:15:26.390420,2025-01-01 01:15:56.003365,0 days 00:00:29.612945,4,25,10.0,15.0,80.0,,,,,,,2,3.0,3.0,3.0,,,,,,,COMPLETE
777,777,0.8568613138686132,2025-01-01 01:15:56.004006,2025-01-01 01:16:14.749568,0 days 00:00:18.745562,3,20,10.0,10.0,,,,,,,,2,3.0,3.0,,,,,,,,COMPLETE
778,778,0.8601953548534675,2025-01-01 01:16:14.750434,2025-01-01 01:16:44.053279,0 days 00:00:29.302845,4,20,10.0,15.0,60.0,,,,,,,2,3.0,3.0,4.0,,,,,,,COMPLETE
779,779,0.8722486556184434,2025-01-01 01:16:44.054052,2025-01-01 01:17:04.289471,0 days 00:00:20.235419,3,20,10.0,20.0,,,,,,,,3,3.0,3.0,,,,,,,,COMPLETE
780,780,0.8713154726930779,2025-01-01 01:17:04.290113,2025-01-01 01:17:36.869607,0 days 00:00:32.579494,4,25,10.0,10.0,100.0,,,,,,,2,4.0,3.0,3.0,,,,,,,COMPLETE
781,781,0.8891077394524858,2025-01-01 01:17:36.870477,2025-01-01 01:17:55.629239,0 days 00:00:18.758762,3,20,5.0,10.0,,,,,,,,2,3.0,3.0,,,,,,,,COMPLETE
782,782,0.8648075042812817,2025-01-01 01:17:55.629992,2025-01-01 01:18:32.844292,0 days 00:00:37.214300,5,20,10.0,20.0,40.0,35.0,,,,,,2,3.0,3.0,4.0,5.0,,,,,,COMPLETE
783,783,0.857528155963808,2025-01-01 01:18:32.844988,2025-01-01 01:18:48.475602,0 days 00:00:15.630614,2,20,15.0,,,,,,,,,2,4.0,,,,,,,,,COMPLETE
784,784,0.8610150595495938,2025-01-01 01:18:48.476210,2025-01-01 01:19:18.577874,0 days 00:00:30.101664,4,60,5.0,15.0,70.0,,,,,,,2,3.0,3.0,3.0,,,,,,,COMPLETE
785,785,0.8763649039340142,2025-01-01 01:19:18.578809,2025-01-01 01:19:37.489295,0 days 00:00:18.910486,3,20,5.0,10.0,,,,,,,,2,3.0,3.0,,,,,,,,COMPLETE
786,786,0.8796181673224663,2025-01-01 01:19:37.489921,2025-01-01 01:19:56.211967,0 days 00:00:18.722046,3,10,10.0,15.0,,,,,,,,2,3.0,3.0,,,,,,,,COMPLETE
787,787,0.86103379317061,2025-01-01 01:19:56.212574,2025-01-01 01:20:32.203320,0 days 00:00:35.990746,4,15,85.0,20.0,55.0,,,,,,,2,3.0,3.0,3.0,,,,,,,COMPLETE
788,788,0.8379430721726087,2025-01-01 01:20:32.204171,2025-01-01 01:20:51.424011,0 days 00:00:19.219840,3,25,5.0,25.0,,,,,,,,2,4.0,2.0,,,,,,,,COMPLETE
789,789,0.8411784154681908,2025-01-01 01:20:51.424759,2025-01-01 01:21:29.196506,0 days 00:00:37.771747,5,10,5.0,15.0,50.0,70.0,,,,,,2,3.0,3.0,4.0,6.0,,,,,,COMPLETE
790,790,0.8381221348964769,2025-01-01 01:21:29.197203,2025-01-01 01:21:48.013111,0 days 00:00:18.815908,3,15,10.0,20.0,,,,,,,,2,3.0,3.0,,,,,,,,COMPLETE
791,791,0.8569000611207356,2025-01-01 01:21:48.013936,2025-01-01 01:22:24.440963,0 days 00:00:36.427027,4,20,5.0,65.0,60.0,,,,,,,2,3.0,3.0,4.0,,,,,,,COMPLETE
792,792,0.8496080376168671,2025-01-01 01:22:24.441744,2025-01-01 01:22:45.271876,0 days 00:00:20.830132,3,10,10.0,30.0,,,,,,,,2,4.0,3.0,,,,,,,,COMPLETE
793,793,0.8763391899127824,2025-01-01 01:22:45.272494,2025-01-01 01:23:17.306111,0 days 00:00:32.033617,4,20,5.0,90.0,60.0,,,,,,,2,3.0,2.0,3.0,,,,,,,COMPLETE
794,794,0.8893465479475731,2025-01-01 01:23:17.306965,2025-01-01 01:23:34.435923,0 days 00:00:17.128958,3,15,5.0,25.0,,,,,,,,2,2.0,3.0,,,,,,,,COMPLETE
795,795,0.8484385481677765,2025-01-01 01:23:34.436649,2025-01-01 01:23:51.582534,0 days 00:00:17.145885,3,10,5.0,25.0,,,,,,,,2,2.0,3.0,,,,,,,,COMPLETE
796,796,0.881325589185119,2025-01-01 01:23:51.583170,2025-01-01 01:24:08.847700,0 days 00:00:17.264530,3,15,15.0,25.0,,,,,,,,2,2.0,3.0,,,,,,,,COMPLETE
797,797,0.8498387163432004,2025-01-01 01:24:08.848315,2025-01-01 01:24:26.766099,0 days 00:00:17.917784,3,10,10.0,40.0,,,,,,,,2,2.0,3.0,,,,,,,,COMPLETE
798,798,0.8522623835918728,2025-01-01 01:24:26.766729,2025-01-01 01:24:51.426940,0 days 00:00:24.660211,3,15,50.0,25.0,,,,,,,,2,4.0,3.0,,,,,,,,COMPLETE
799,799,0.8424799332549381,2025-01-01 01:24:51.427871,2025-01-01 01:25:06.920586,0 days 00:00:15.492715,3,15,5.0,25.0,,,,,,,,2,2.0,2.0,,,,,,,,COMPLETE
800,800,0.8634945899245058,2025-01-01 01:25:06.921263,2025-01-01 01:25:24.147822,0 days 00:00:17.226559,3,10,5.0,30.0,,,,,,,,2,2.0,3.0,,,,,,,,COMPLETE
801,801,0.873331540587321,2025-01-01 01:25:24.148436,2025-01-01 01:25:42.935709,0 days 00:00:18.787273,3,15,5.0,25.0,,,,,,,,3,2.0,3.0,,,,,,,,COMPLETE
802,802,0.8603126433130308,2025-01-01 01:25:42.936332,2025-01-01 01:25:54.905876,0 days 00:00:11.969544,2,15,10.0,,,,,,,,,2,2.0,,,,,,,,,COMPLETE
803,803,0.8827705489908018,2025-01-01 01:25:54.906470,2025-01-01 01:26:15.617381,0 days 00:00:20.710911,3,10,10.0,20.0,,,,,,,,2,4.0,3.0,,,,,,,,COMPLETE
804,804,0.8621416715445711,2025-01-01 01:26:15.618328,2025-01-01 01:26:32.995712,0 days 00:00:17.377384,3,15,5.0,30.0,,,,,,,,2,2.0,3.0,,,,,,,,COMPLETE
805,805,0.8205677158297093,2025-01-01 01:26:32.996345,2025-01-01 01:26:52.333681,0 days 00:00:19.337336,3,10,5.0,20.0,,,,,,,,2,2.0,4.0,,,,,,,,COMPLETE
806,806,0.8473698403257773,2025-01-01 01:26:52.334313,2025-01-01 01:27:17.041847,0 days 00:00:24.707534,3,15,95.0,30.0,,,,,,,,5,2.0,2.0,,,,,,,,COMPLETE
807,807,0.8633760190281242,2025-01-01 01:27:17.042472,2025-01-01 01:27:25.049490,0 days 00:00:08.007018,2,15,10.0,,,,,,,,,6,2.0,,,,,,,,,COMPLETE
808,808,0.8450680375090915,2025-01-01 01:27:25.050309,2025-01-01 01:27:42.894836,0 days 00:00:17.844527,3,30,5.0,25.0,,,,,,,,2,2.0,3.0,,,,,,,,COMPLETE
809,809,0.8630870414414156,2025-01-01 01:27:42.895565,2025-01-01 01:28:04.934592,0 days 00:00:22.039027,3,10,10.0,20.0,,,,,,,,2,5.0,3.0,,,,,,,,COMPLETE
810,810,0.8583396802721681,2025-01-01 01:28:04.935236,2025-01-01 01:28:25.327858,0 days 00:00:20.392622,3,5,10.0,25.0,,,,,,,,2,4.0,3.0,,,,,,,,COMPLETE
811,811,0.8638027733955336,2025-01-01 01:28:25.328483,2025-01-01 01:28:49.140408,0 days 00:00:23.811925,3,65,15.0,5.0,,,,,,,,2,4.0,3.0,,,,,,,,COMPLETE
812,812,0.8819436870673061,2025-01-01 01:28:49.141044,2025-01-01 01:29:10.900911,0 days 00:00:21.759867,3,15,5.0,30.0,,,,,,,,2,5.0,3.0,,,,,,,,COMPLETE
813,813,0.8492540612298436,2025-01-01 01:29:10.901869,2025-01-01 01:29:26.827332,0 days 00:00:15.925463,3,10,5.0,35.0,,,,,,,,2,2.0,2.0,,,,,,,,COMPLETE
814,814,0.8768710662812391,2025-01-01 01:29:26.827976,2025-01-01 01:29:47.921154,0 days 00:00:21.093178,3,15,5.0,25.0,,,,,,,,2,4.0,3.0,,,,,,,,COMPLETE
815,815,0.8630273130961231,2025-01-01 01:29:47.921783,2025-01-01 01:30:14.833516,0 days 00:00:26.911733,3,15,5.0,95.0,,,,,,,,2,4.0,3.0,,,,,,,,COMPLETE
816,816,0.8739132287759972,2025-01-01 01:30:14.834161,2025-01-01 01:30:29.055465,0 days 00:00:14.221304,2,10,5.0,,,,,,,,,2,3.0,,,,,,,,,COMPLETE
817,817,0.883141199912062,2025-01-01 01:30:29.056304,2025-01-01 01:30:48.538133,0 days 00:00:19.481829,3,15,10.0,40.0,,,,,,,,2,3.0,3.0,,,,,,,,COMPLETE
818,818,0.844270017132104,2025-01-01 01:30:48.538875,2025-01-01 01:31:07.414551,0 days 00:00:18.875676,3,10,5.0,10.0,,,,,,,,2,3.0,3.0,,,,,,,,COMPLETE
819,819,0.8591165043506392,2025-01-01 01:31:07.415215,2025-01-01 01:31:26.213045,0 days 00:00:18.797830,3,15,10.0,20.0,,,,,,,,2,5.0,3.0,,,,,,,,COMPLETE
820,820,0.8862942610171838,2025-01-01 01:31:26.213682,2025-01-01 01:31:45.198824,0 days 00:00:18.985142,3,20,5.0,25.0,,,,,,,,2,3.0,3.0,,,,,,,,COMPLETE
821,821,0.8686886468634443,2025-01-01 01:31:45.199666,2025-01-01 01:32:08.157697,0 days 00:00:22.958031,3,20,10.0,90.0,,,,,,,,2,4.0,2.0,,,,,,,,COMPLETE
822,822,0.8572139070341251,2025-01-01 01:32:08.158427,2025-01-01 01:32:27.539540,0 days 00:00:19.381113,3,5,5.0,45.0,,,,,,,,2,3.0,3.0,,,,,,,,COMPLETE
823,823,0.8498196480853151,2025-01-01 01:32:27.540195,2025-01-01 01:32:48.304255,0 days 00:00:20.764060,3,10,15.0,30.0,,,,,,,,2,4.0,3.0,,,,,,,,COMPLETE
824,824,0.8731257624889981,2025-01-01 01:32:48.304890,2025-01-01 01:33:44.062420,0 days 00:00:55.757530,6,15,5.0,15.0,45.0,55.0,75.0,,,,,2,3.0,3.0,3.0,5.0,4.0,,,,,COMPLETE
825,825,0.8634100858339024,2025-01-01 01:33:44.063503,2025-01-01 01:33:57.989369,0 days 00:00:13.925866,2,15,10.0,,,,,,,,,2,3.0,,,,,,,,,COMPLETE
826,826,0.8787928526213421,2025-01-01 01:33:57.989993,2025-01-01 01:34:15.203805,0 days 00:00:17.213812,3,15,5.0,20.0,,,,,,,,2,3.0,2.0,,,,,,,,COMPLETE
827,827,0.8487117691417043,2025-01-01 01:34:15.204437,2025-01-01 01:34:36.083739,0 days 00:00:20.879302,3,20,10.0,15.0,,,,,,,,2,4.0,3.0,,,,,,,,COMPLETE
828,828,0.8438026430736452,2025-01-01 01:34:36.084587,2025-01-01 01:34:54.913171,0 days 00:00:18.828584,3,10,5.0,30.0,,,,,,,,2,3.0,3.0,,,,,,,,COMPLETE
829,829,0.8432885705862506,2025-01-01 01:34:54.913916,2025-01-01 01:35:44.940482,0 days 00:00:50.026566,5,15,60.0,25.0,80.0,60.0,,,,,,2,4.0,3.0,3.0,6.0,,,,,,COMPLETE
830,830,0.8760872348526512,2025-01-01 01:35:44.941193,2025-01-01 01:36:12.309335,0 days 00:00:27.368142,3,10,15.0,90.0,,,,,,,,2,5.0,3.0,,,,,,,,COMPLETE
831,831,0.840262704790592,2025-01-01 01:36:12.310284,2025-01-01 01:36:36.331810,0 days 00:00:24.021526,3,15,80.0,35.0,,,,,,,,2,2.0,3.0,,,,,,,,COMPLETE
832,832,0.8638485231889987,2025-01-01 01:36:36.332453,2025-01-01 01:37:04.401947,0 days 00:00:28.069494,4,20,5.0,15.0,65.0,,,,,,,2,3.0,4.0,3.0,,,,,,,COMPLETE
833,833,0.865203953039859,2025-01-01 01:37:04.402628,2025-01-01 01:37:21.796154,0 days 00:00:17.393526,3,10,10.0,10.0,,,,,,,,2,3.0,2.0,,,,,,,,COMPLETE
834,834,0.853793323329403,2025-01-01 01:37:21.797006,2025-01-01 01:37:53.536345,0 days 00:00:31.739339,4,15,5.0,25.0,65.0,,,,,,,3,3.0,5.0,6.0,,,,,,,COMPLETE
835,835,0.8719134705468351,2025-01-01 01:37:53.537141,2025-01-01 01:38:19.294915,0 days 00:00:25.757774,4,5,10.0,20.0,40.0,,,,,,,2,4.0,3.0,3.0,,,,,,,COMPLETE
836,836,0.8271585607799503,2025-01-01 01:38:19.295569,2025-01-01 01:38:38.328808,0 days 00:00:19.033239,3,20,5.0,30.0,,,,,,,,2,3.0,3.0,,,,,,,,COMPLETE
837,837,0.8477378079257407,2025-01-01 01:38:38.329451,2025-01-01 01:38:55.433935,0 days 00:00:17.104484,2,10,55.0,,,,,,,,,2,3.0,,,,,,,,,COMPLETE
838,838,0.8584347583368708,2025-01-01 01:38:55.434792,2025-01-01 01:39:16.322942,0 days 00:00:20.888150,3,25,5.0,25.0,,,,,,,,2,4.0,3.0,,,,,,,,COMPLETE
839,839,0.8769293531792695,2025-01-01 01:39:16.323696,2025-01-01 01:39:44.508130,0 days 00:00:28.184434,4,15,10.0,20.0,75.0,,,,,,,2,3.0,3.0,3.0,,,,,,,COMPLETE
840,840,0.8705865665443142,2025-01-01 01:39:44.508819,2025-01-01 01:40:05.301464,0 days 00:00:20.792645,3,20,5.0,85.0,,,,,,,,2,3.0,2.0,,,,,,,,COMPLETE
841,841,0.8798747691865966,2025-01-01 01:40:05.302105,2025-01-01 01:40:34.204599,0 days 00:00:28.902494,4,10,5.0,30.0,75.0,,,,,,,2,3.0,3.0,3.0,,,,,,,COMPLETE
842,842,0.861564401457008,2025-01-01 01:40:34.205632,2025-01-01 01:40:53.688467,0 days 00:00:19.482835,3,15,10.0,35.0,,,,,,,,2,3.0,3.0,,,,,,,,COMPLETE
843,843,0.862859560519365,2025-01-01 01:40:53.689160,2025-01-01 01:41:12.490855,0 days 00:00:18.801695,3,20,5.0,25.0,,,,,,,,2,3.0,3.0,,,,,,,,COMPLETE
844,844,0.8357299639003508,2025-01-01 01:41:12.491498,2025-01-01 01:41:38.577644,0 days 00:00:26.086146,5,15,10.0,15.0,55.0,45.0,,,,,,2,5.0,6.0,3.0,5.0,,,,,,COMPLETE
845,845,0.8704561358404344,2025-01-01 01:41:38.578381,2025-01-01 01:42:04.356035,0 days 00:00:25.777654,3,10,5.0,90.0,,,,,,,,2,4.0,3.0,,,,,,,,COMPLETE
846,846,0.8661499429446484,2025-01-01 01:42:04.357165,2025-01-01 01:42:41.516321,0 days 00:00:37.159156,4,20,10.0,85.0,70.0,,,,,,,2,3.0,3.0,3.0,,,,,,,COMPLETE
847,847,0.8295177301658088,2025-01-01 01:42:41.517016,2025-01-01 01:42:58.701281,0 days 00:00:17.184265,3,15,5.0,10.0,,,,,,,,2,3.0,2.0,,,,,,,,COMPLETE
848,848,0.8301409105640649,2025-01-01 01:42:58.702128,2025-01-01 01:43:20.567216,0 days 00:00:21.865088,3,5,5.0,45.0,,,,,,,,2,4.0,3.0,,,,,,,,COMPLETE
849,849,0.8572661540101675,2025-01-01 01:43:20.567970,2025-01-01 01:43:45.721657,0 days 00:00:25.153687,4,15,5.0,20.0,45.0,,,,,,,2,3.0,3.0,3.0,,,,,,,COMPLETE
850,850,0.8466105795351698,2025-01-01 01:43:45.722331,2025-01-01 01:44:05.022287,0 days 00:00:19.299956,3,10,10.0,30.0,,,,,,,,2,3.0,3.0,,,,,,,,COMPLETE
851,851,0.8661992505861283,2025-01-01 01:44:05.022944,2025-01-01 01:44:35.700514,0 days 00:00:30.677570,4,30,10.0,25.0,30.0,,,,,,,2,4.0,3.0,5.0,,,,,,,COMPLETE
852,852,0.8402796102315996,2025-01-01 01:44:35.701407,2025-01-01 01:44:52.938099,0 days 00:00:17.236692,3,20,5.0,20.0,,,,,,,,2,3.0,2.0,,,,,,,,COMPLETE
853,853,0.8500476650543483,2025-01-01 01:44:52.938861,2025-01-01 01:45:17.525826,0 days 00:00:24.586965,4,15,15.0,15.0,35.0,,,,,,,2,3.0,3.0,3.0,,,,,,,COMPLETE
854,854,0.8763022194620305,2025-01-01 01:45:17.526501,2025-01-01 01:45:36.942051,0 days 00:00:19.415550,3,10,5.0,40.0,,,,,,,,2,3.0,3.0,,,,,,,,COMPLETE
855,855,0.8357060758325706,2025-01-01 01:45:36.942702,2025-01-01 01:45:56.230238,0 days 00:00:19.287536,3,25,5.0,30.0,,,,,,,,2,3.0,3.0,,,,,,,,COMPLETE
856,856,0.8382898660227515,2025-01-01 01:45:56.231106,2025-01-01 01:46:30.208773,0 days 00:00:33.977667,4,15,5.0,85.0,55.0,,,,,,,2,3.0,3.0,3.0,,,,,,,COMPLETE
857,857,0.860534576213767,2025-01-01 01:46:30.209560,2025-01-01 01:47:23.530096,0 days 00:00:53.320536,6,20,10.0,25.0,50.0,25.0,90.0,,,,,2,2.0,3.0,3.0,6.0,5.0,,,,,COMPLETE
858,858,0.8587140243430356,2025-01-01 01:47:23.531053,2025-01-01 01:48:18.674774,0 days 00:00:55.143721,5,10,15.0,45.0,65.0,75.0,,,,,,2,4.0,2.0,5.0,5.0,,,,,,COMPLETE
859,859,0.8155123345655628,2025-01-01 01:48:18.675602,2025-01-01 01:48:32.994933,0 days 00:00:14.319331,2,15,5.0,,,,,,,,,2,5.0,,,,,,,,,COMPLETE
860,860,0.848279690730791,2025-01-01 01:48:32.995543,2025-01-01 01:49:04.883135,0 days 00:00:31.887592,4,5,10.0,35.0,75.0,,,,,,,2,3.0,4.0,3.0,,,,,,,COMPLETE
861,861,0.8840574973833404,2025-01-01 01:49:04.884143,2025-01-01 01:50:09.959889,0 days 00:01:05.075746,9,15,5.0,20.0,80.0,90.0,55.0,100.0,5.0,90.0,,2,3.0,3.0,3.0,6.0,3.0,2.0,6.0,2.0,,COMPLETE
862,862,0.8747487946066819,2025-01-01 01:50:09.960912,2025-01-01 01:50:30.086161,0 days 00:00:20.125249,3,10,5.0,25.0,,,,,,,,2,4.0,3.0,,,,,,,,COMPLETE
863,863,0.8523324940896843,2025-01-01 01:50:30.086968,2025-01-01 01:50:50.550904,0 days 00:00:20.463936,3,20,10.0,5.0,,,,,,,,2,4.0,3.0,,,,,,,,COMPLETE
864,864,0.8836287842861109,2025-01-01 01:50:50.551579,2025-01-01 01:51:09.466453,0 days 00:00:18.914874,3,15,5.0,15.0,,,,,,,,2,3.0,3.0,,,,,,,,COMPLETE
865,865,0.8715002284141068,2025-01-01 01:51:09.467141,2025-01-01 01:51:43.645765,0 days 00:00:34.178624,4,20,10.0,70.0,60.0,,,,,,,2,3.0,3.0,3.0,,,,,,,COMPLETE
866,866,0.7332560734421478,2025-01-01 01:51:43.646800,2025-01-01 01:52:00.927047,0 days 00:00:17.280247,3,10,5.0,30.0,,,,,,,,2,3.0,2.0,,,,,,,,COMPLETE
867,867,0.8419248108121498,2025-01-01 01:52:00.927735,2025-01-01 01:52:32.295005,0 days 00:00:31.367270,4,15,95.0,25.0,35.0,,,,,,,5,4.0,3.0,4.0,,,,,,,COMPLETE
868,868,0.8363717340926862,2025-01-01 01:52:32.295756,2025-01-01 01:52:51.224650,0 days 00:00:18.928894,3,20,5.0,10.0,,,,,,,,2,3.0,3.0,,,,,,,,COMPLETE
869,869,0.8725080385811865,2025-01-01 01:52:51.225559,2025-01-01 01:53:10.011300,0 days 00:00:18.785741,3,15,10.0,20.0,,,,,,,,2,3.0,3.0,,,,,,,,COMPLETE
870,870,0.8726388152895436,2025-01-01 01:53:10.012100,2025-01-01 01:53:46.940853,0 days 00:00:36.928753,4,10,5.0,100.0,65.0,,,,,,,2,2.0,3.0,3.0,,,,,,,COMPLETE
871,871,0.8649859807987271,2025-01-01 01:53:46.941571,2025-01-01 01:54:13.002753,0 days 00:00:26.061182,3,25,10.0,85.0,,,,,,,,2,3.0,3.0,,,,,,,,COMPLETE
872,872,0.8373184255016239,2025-01-01 01:54:13.003666,2025-01-01 01:54:28.468728,0 days 00:00:15.465062,2,20,5.0,,,,,,,,,2,4.0,,,,,,,,,COMPLETE
873,873,0.7030154302513678,2025-01-01 01:54:28.469536,2025-01-01 01:54:54.443549,0 days 00:00:25.974013,3,5,70.0,30.0,,,,,,,,2,4.0,2.0,,,,,,,,COMPLETE
874,874,0.8350659354940824,2025-01-01 01:54:54.444217,2025-01-01 01:55:24.140014,0 days 00:00:29.695797,4,10,5.0,25.0,50.0,,,,,,,2,3.0,3.0,5.0,,,,,,,COMPLETE
875,875,0.8633974940356537,2025-01-01 01:55:24.140909,2025-01-01 01:55:44.835478,0 days 00:00:20.694569,3,15,45.0,15.0,,,,,,,,2,3.0,3.0,,,,,,,,COMPLETE
876,876,0.8737333291017488,2025-01-01 01:55:44.836238,2025-01-01 01:56:17.614710,0 days 00:00:32.778472,4,20,5.0,35.0,100.0,,,,,,,2,5.0,3.0,3.0,,,,,,,COMPLETE
877,877,0.8751304994934522,2025-01-01 01:56:17.615412,2025-01-01 01:56:36.406397,0 days 00:00:18.790985,3,15,10.0,20.0,,,,,,,,2,3.0,3.0,,,,,,,,COMPLETE
878,878,0.8535409552576185,2025-01-01 01:56:36.407057,2025-01-01 01:57:10.475190,0 days 00:00:34.068133,5,10,10.0,85.0,60.0,35.0,,,,,,3,3.0,2.0,6.0,3.0,,,,,,COMPLETE
879,879,0.8473104574810708,2025-01-01 01:57:10.476223,2025-01-01 01:57:51.057702,0 days 00:00:40.581479,4,15,5.0,90.0,70.0,,,,,,,2,3.0,3.0,4.0,,,,,,,COMPLETE
880,880,0.8655286918433771,2025-01-01 01:57:51.058427,2025-01-01 01:58:10.402136,0 days 00:00:19.343709,3,25,10.0,30.0,,,,,,,,2,3.0,3.0,,,,,,,,COMPLETE
881,881,0.8652494236645628,2025-01-01 01:58:10.403012,2025-01-01 01:58:39.768287,0 days 00:00:29.365275,4,70,5.0,25.0,5.0,,,,,,,2,4.0,3.0,3.0,,,,,,,COMPLETE
882,882,0.8564705056183107,2025-01-01 01:58:39.769090,2025-01-01 01:58:58.665954,0 days 00:00:18.896864,3,20,5.0,20.0,,,,,,,,2,3.0,3.0,,,,,,,,COMPLETE
883,883,0.8411556575449879,2025-01-01 01:58:58.666603,2025-01-01 01:59:12.528146,0 days 00:00:13.861543,2,15,15.0,,,,,,,,,2,3.0,,,,,,,,,COMPLETE
884,884,0.8648353278298451,2025-01-01 01:59:12.528778,2025-01-01 01:59:31.364904,0 days 00:00:18.836126,3,15,10.0,25.0,,,,,,,,2,3.0,3.0,,,,,,,,COMPLETE
885,885,0.839467923573463,2025-01-01 01:59:31.365885,2025-01-01 01:59:59.116898,0 days 00:00:27.751013,4,10,5.0,15.0,55.0,,,,,,,2,4.0,2.0,4.0,,,,,,,COMPLETE
886,886,0.866135597567153,2025-01-01 01:59:59.117688,2025-01-01 02:00:18.020544,0 days 00:00:18.902856,3,15,5.0,10.0,,,,,,,,2,3.0,3.0,,,,,,,,COMPLETE
887,887,0.859647367007895,2025-01-01 02:00:18.021229,2025-01-01 02:00:28.997119,0 days 00:00:10.975890,3,10,10.0,30.0,,,,,,,,6,2.0,3.0,,,,,,,,COMPLETE
888,888,0.8857572632733814,2025-01-01 02:00:28.997774,2025-01-01 02:00:57.451963,0 days 00:00:28.454189,4,20,5.0,20.0,70.0,,,,,,,2,4.0,3.0,3.0,,,,,,,COMPLETE
889,889,0.8606177455742738,2025-01-01 02:00:57.452678,2025-01-01 02:01:17.652139,0 days 00:00:20.199461,3,40,15.0,25.0,,,,,,,,2,3.0,3.0,,,,,,,,COMPLETE
890,890,0.8498606779786557,2025-01-01 02:01:17.653125,2025-01-01 02:01:55.762364,0 days 00:00:38.109239,5,5,5.0,15.0,30.0,55.0,,,,,,2,3.0,3.0,4.0,5.0,,,,,,COMPLETE
891,891,0.8552872093197728,2025-01-01 02:01:55.763086,2025-01-01 02:02:17.962327,0 days 00:00:22.199241,4,20,5.0,30.0,5.0,,,,,,,2,3.0,2.0,3.0,,,,,,,COMPLETE
892,892,0.8841942796730977,2025-01-01 02:02:17.963012,2025-01-01 02:02:40.487594,0 days 00:00:22.524582,3,10,10.0,70.0,,,,,,,,2,3.0,3.0,,,,,,,,COMPLETE
893,893,0.8211343699506293,2025-01-01 02:02:40.488471,2025-01-01 02:04:14.253149,0 days 00:01:33.764678,10,15,5.0,90.0,45.0,65.0,75.0,95.0,20.0,60.0,70.0,2,5.0,4.0,3.0,4.0,5.0,2.0,5.0,4.0,3.0,COMPLETE
894,894,0.8698792797367587,2025-01-01 02:04:14.254328,2025-01-01 02:04:33.258963,0 days 00:00:19.004635,3,15,10.0,35.0,,,,,,,,2,3.0,3.0,,,,,,,,COMPLETE
895,895,0.8268259914329062,2025-01-01 02:04:33.259666,2025-01-01 02:05:10.744596,0 days 00:00:37.484930,4,25,5.0,40.0,85.0,,,,,,,2,3.0,3.0,4.0,,,,,,,COMPLETE
896,896,0.868333799221336,2025-01-01 02:05:10.745563,2025-01-01 02:05:29.579368,0 days 00:00:18.833805,3,15,10.0,10.0,,,,,,,,2,3.0,3.0,,,,,,,,COMPLETE
897,897,0.856224215915304,2025-01-01 02:05:29.580169,2025-01-01 02:05:57.287759,0 days 00:00:27.707590,4,20,5.0,25.0,60.0,,,,,,,2,4.0,3.0,3.0,,,,,,,COMPLETE
898,898,0.8872176961618157,2025-01-01 02:05:57.288488,2025-01-01 02:06:17.195794,0 days 00:00:19.907306,3,10,5.0,85.0,,,,,,,,2,3.0,2.0,,,,,,,,COMPLETE
899,899,0.857675427261913,2025-01-01 02:06:17.196512,2025-01-01 02:06:39.375843,0 days 00:00:22.179331,3,10,10.0,15.0,,,,,,,,3,4.0,3.0,,,,,,,,COMPLETE
900,900,0.8599544867458023,2025-01-01 02:06:39.376767,2025-01-01 02:07:06.453581,0 days 00:00:27.076814,4,15,5.0,25.0,65.0,,,,,,,2,3.0,3.0,3.0,,,,,,,COMPLETE
901,901,0.874478830844836,2025-01-01 02:07:06.454420,2025-01-01 02:07:25.400143,0 days 00:00:18.945723,3,5,40.0,20.0,,,,,,,,2,3.0,3.0,,,,,,,,COMPLETE
902,902,0.8672452749854045,2025-01-01 02:07:25.400845,2025-01-01 02:07:36.853680,0 days 00:00:11.452835,2,20,15.0,,,,,,,,,2,5.0,,,,,,,,,COMPLETE
903,903,0.8761844308211333,2025-01-01 02:07:36.854354,2025-01-01 02:07:57.824112,0 days 00:00:20.969758,3,15,10.0,30.0,,,,,,,,2,4.0,3.0,,,,,,,,COMPLETE
904,904,0.8582979098513193,2025-01-01 02:07:57.825072,2025-01-01 02:08:36.477307,0 days 00:00:38.652235,4,15,20.0,80.0,5.0,,,,,,,2,3.0,5.0,4.0,,,,,,,COMPLETE
905,905,0.8461455412293566,2025-01-01 02:08:36.478151,2025-01-01 02:09:15.493692,0 days 00:00:39.015541,4,10,5.0,75.0,80.0,,,,,,,2,2.0,2.0,5.0,,,,,,,COMPLETE
906,906,0.8676937427891107,2025-01-01 02:09:15.494377,2025-01-01 02:09:40.579258,0 days 00:00:25.084881,3,20,5.0,85.0,,,,,,,,2,3.0,3.0,,,,,,,,COMPLETE
907,907,0.86131109578883,2025-01-01 02:09:40.580250,2025-01-01 02:10:14.849663,0 days 00:00:34.269413,5,20,5.0,20.0,40.0,40.0,,,,,,2,3.0,3.0,4.0,6.0,,,,,,COMPLETE
908,908,0.8643891085508165,2025-01-01 02:10:14.850468,2025-01-01 02:10:35.387493,0 days 00:00:20.537025,3,15,10.0,30.0,,,,,,,,2,4.0,3.0,,,,,,,,COMPLETE
909,909,0.8418263571188669,2025-01-01 02:10:35.388218,2025-01-01 02:10:54.314861,0 days 00:00:18.926643,3,25,5.0,25.0,,,,,,,,2,3.0,3.0,,,,,,,,COMPLETE
910,910,0.8461821821265239,2025-01-01 02:10:54.315783,2025-01-01 02:11:19.760861,0 days 00:00:25.445078,4,10,10.0,45.0,10.0,,,,,,,2,4.0,3.0,3.0,,,,,,,COMPLETE
911,911,0.8223851870999552,2025-01-01 02:11:19.761709,2025-01-01 02:11:36.742498,0 days 00:00:16.980789,3,15,5.0,20.0,,,,,,,,2,3.0,2.0,,,,,,,,COMPLETE
912,912,0.8722151106478172,2025-01-01 02:11:36.743202,2025-01-01 02:12:10.031943,0 days 00:00:33.288741,4,5,5.0,65.0,75.0,,,,,,,2,3.0,3.0,3.0,,,,,,,COMPLETE
913,913,0.8638644880510218,2025-01-01 02:12:10.032657,2025-01-01 02:12:32.572285,0 days 00:00:22.539628,2,20,90.0,,,,,,,,,2,3.0,,,,,,,,,COMPLETE
914,914,0.8414009961235078,2025-01-01 02:12:32.573283,2025-01-01 02:12:56.675430,0 days 00:00:24.102147,3,15,15.0,75.0,,,,,,,,2,3.0,3.0,,,,,,,,COMPLETE
915,915,0.8192426053629739,2025-01-01 02:12:56.676137,2025-01-01 02:13:15.846203,0 days 00:00:19.170066,3,10,5.0,25.0,,,,,,,,2,3.0,3.0,,,,,,,,COMPLETE
916,916,0.8703868607510086,2025-01-01 02:13:15.846913,2025-01-01 02:13:47.156209,0 days 00:00:31.309296,4,20,10.0,15.0,55.0,,,,,,,5,5.0,3.0,4.0,,,,,,,COMPLETE
917,917,0.878594867202664,2025-01-01 02:13:47.157206,2025-01-01 02:14:08.889185,0 days 00:00:21.731979,3,15,10.0,85.0,,,,,,,,2,4.0,2.0,,,,,,,,COMPLETE
918,918,0.8848429608184825,2025-01-01 02:14:08.890003,2025-01-01 02:14:27.704199,0 days 00:00:18.814196,3,15,5.0,10.0,,,,,,,,2,3.0,3.0,,,,,,,,COMPLETE
919,919,0.8336205631967946,2025-01-01 02:14:27.704897,2025-01-01 02:14:58.447403,0 days 00:00:30.742506,4,10,5.0,95.0,5.0,,,,,,,2,4.0,3.0,3.0,,,,,,,COMPLETE
920,920,0.8460095430511971,2025-01-01 02:14:58.448401,2025-01-01 02:15:18.613797,0 days 00:00:20.165396,3,5,35.0,35.0,,,,,,,,2,3.0,3.0,,,,,,,,COMPLETE
921,921,0.8539354774516608,2025-01-01 02:15:18.614612,2025-01-01 02:16:39.416090,0 days 00:01:20.801478,8,20,10.0,5.0,10.0,85.0,80.0,90.0,95.0,,,2,3.0,3.0,4.0,4.0,4.0,2.0,6.0,,,COMPLETE
922,922,0.8587661019837178,2025-01-01 02:16:39.417333,2025-01-01 02:17:04.609365,0 days 00:00:25.192032,4,10,5.0,30.0,50.0,,,,,,,2,3.0,3.0,3.0,,,,,,,COMPLETE
923,923,0.859920701839956,2025-01-01 02:17:04.610106,2025-01-01 02:17:46.883517,0 days 00:00:42.273411,4,15,65.0,15.0,65.0,,,,,,,2,4.0,2.0,5.0,,,,,,,COMPLETE
924,924,0.855906746517765,2025-01-01 02:17:46.884514,2025-01-01 02:18:05.690280,0 days 00:00:18.805766,3,15,10.0,25.0,,,,,,,,2,3.0,3.0,,,,,,,,COMPLETE
925,925,0.8646122977386307,2025-01-01 02:18:05.691083,2025-01-01 02:18:32.027992,0 days 00:00:26.336909,3,25,5.0,90.0,,,,,,,,2,3.0,3.0,,,,,,,,COMPLETE
926,926,0.8667538019665004,2025-01-01 02:18:32.028703,2025-01-01 02:19:39.656398,0 days 00:01:07.627695,6,35,5.0,80.0,70.0,50.0,85.0,,,,,3,4.0,3.0,3.0,5.0,6.0,,,,,COMPLETE
927,927,0.8681295980120438,2025-01-01 02:19:39.657573,2025-01-01 02:20:03.656914,0 days 00:00:23.999341,4,20,10.0,30.0,25.0,,,,,,,2,2.0,3.0,4.0,,,,,,,COMPLETE
928,928,0.8777953425020555,2025-01-01 02:20:03.657776,2025-01-01 02:20:22.446900,0 days 00:00:18.789124,3,10,5.0,20.0,,,,,,,,2,3.0,3.0,,,,,,,,COMPLETE
929,929,0.8753876783657676,2025-01-01 02:20:22.447850,2025-01-01 02:21:04.066940,0 days 00:00:41.619090,5,15,5.0,25.0,60.0,80.0,,,,,,2,3.0,2.0,4.0,3.0,,,,,,COMPLETE
930,930,0.8353568957900375,2025-01-01 02:21:04.067833,2025-01-01 02:21:27.033676,0 days 00:00:22.965843,3,15,10.0,70.0,,,,,,,,2,3.0,3.0,,,,,,,,COMPLETE
931,931,0.8545886936442982,2025-01-01 02:21:27.034429,2025-01-01 02:21:42.487877,0 days 00:00:15.453448,2,20,5.0,,,,,,,,,2,4.0,,,,,,,,,COMPLETE
932,932,0.866717398915164,2025-01-01 02:21:42.488765,2025-01-01 02:22:01.226988,0 days 00:00:18.738223,3,10,10.0,20.0,,,,,,,,2,3.0,3.0,,,,,,,,COMPLETE
933,933,0.8446307550004837,2025-01-01 02:22:01.227760,2025-01-01 02:22:36.701723,0 days 00:00:35.473963,4,15,15.0,85.0,10.0,,,,,,,2,5.0,4.0,3.0,,,,,,,COMPLETE
934,934,0.877648086858509,2025-01-01 02:22:36.702428,2025-01-01 02:22:55.566345,0 days 00:00:18.863917,3,10,5.0,30.0,,,,,,,,2,3.0,3.0,,,,,,,,COMPLETE
935,935,0.8736509338267526,2025-01-01 02:22:55.567019,2025-01-01 02:23:20.605356,0 days 00:00:25.038337,4,20,10.0,10.0,45.0,,,,,,,2,3.0,3.0,3.0,,,,,,,COMPLETE
936,936,0.8862559166796777,2025-01-01 02:23:20.606388,2025-01-01 02:23:37.991057,0 days 00:00:17.384669,3,25,5.0,15.0,,,,,,,,2,2.0,3.0,,,,,,,,COMPLETE
937,937,0.8842277291898982,2025-01-01 02:23:37.991745,2025-01-01 02:24:15.081525,0 days 00:00:37.089780,5,15,5.0,80.0,40.0,30.0,,,,,,2,3.0,2.0,4.0,6.0,,,,,,COMPLETE
938,938,0.8099495404509183,2025-01-01 02:24:15.082240,2025-01-01 02:24:38.718612,0 days 00:00:23.636372,3,20,5.0,75.0,,,,,,,,2,3.0,3.0,,,,,,,,COMPLETE
939,939,0.8718264826471993,2025-01-01 02:24:38.719510,2025-01-01 02:25:04.292304,0 days 00:00:25.572794,4,10,10.0,25.0,55.0,,,,,,,2,3.0,3.0,3.0,,,,,,,COMPLETE
940,940,0.8720019579565892,2025-01-01 02:25:04.293127,2025-01-01 02:25:19.594397,0 days 00:00:15.301270,3,15,5.0,20.0,,,,,,,,6,4.0,3.0,,,,,,,,COMPLETE
941,941,0.827399382335263,2025-01-01 02:25:19.595224,2025-01-01 02:25:48.254413,0 days 00:00:28.659189,4,5,10.0,85.0,5.0,,,,,,,2,4.0,3.0,5.0,,,,,,,COMPLETE
942,942,0.7838051845024085,2025-01-01 02:25:48.255183,2025-01-01 02:26:08.070536,0 days 00:00:19.815353,3,50,5.0,35.0,,,,,,,,2,3.0,2.0,,,,,,,,COMPLETE
943,943,0.8243900651174558,2025-01-01 02:26:08.071478,2025-01-01 02:26:28.433011,0 days 00:00:20.361533,4,20,5.0,25.0,90.0,,,,,,,5,3.0,3.0,2.0,,,,,,,COMPLETE
944,944,0.8007232370529678,2025-01-01 02:26:28.433871,2025-01-01 02:26:47.314839,0 days 00:00:18.880968,3,10,10.0,30.0,,,,,,,,2,3.0,3.0,,,,,,,,COMPLETE
945,945,0.8599511805291169,2025-01-01 02:26:47.315568,2025-01-01 02:27:07.870246,0 days 00:00:20.554678,3,15,5.0,25.0,,,,,,,,2,4.0,3.0,,,,,,,,COMPLETE
946,946,0.8383458646616542,2025-01-01 02:27:07.870941,2025-01-01 02:27:18.751516,0 days 00:00:10.880575,2,25,10.0,,,,,,,,,2,5.0,,,,,,,,,COMPLETE
947,947,0.8781327777801495,2025-01-01 02:27:18.752208,2025-01-01 02:27:38.138548,0 days 00:00:19.386340,3,30,15.0,20.0,,,,,,,,2,3.0,3.0,,,,,,,,COMPLETE
948,948,0.890521739615929,2025-01-01 02:27:38.139497,2025-01-01 02:27:55.811011,0 days 00:00:17.671514,3,15,5.0,40.0,,,,,,,,2,3.0,2.0,,,,,,,,COMPLETE
949,949,0.8141311319478032,2025-01-01 02:27:55.811825,2025-01-01 02:28:13.640612,0 days 00:00:17.828787,3,20,5.0,40.0,,,,,,,,2,3.0,2.0,,,,,,,,COMPLETE
950,950,0.8179135902029622,2025-01-01 02:28:13.641307,2025-01-01 02:28:31.461185,0 days 00:00:17.819878,3,15,5.0,40.0,,,,,,,,2,3.0,2.0,,,,,,,,COMPLETE
951,951,0.8788783706899951,2025-01-01 02:28:31.461885,2025-01-01 02:28:48.967841,0 days 00:00:17.505956,3,15,5.0,35.0,,,,,,,,2,3.0,2.0,,,,,,,,COMPLETE
952,952,0.8111683676584607,2025-01-01 02:28:48.968506,2025-01-01 02:29:06.673752,0 days 00:00:17.705246,3,20,5.0,35.0,,,,,,,,2,3.0,2.0,,,,,,,,COMPLETE
953,953,0.8522879783691351,2025-01-01 02:29:06.674650,2025-01-01 02:29:24.416155,0 days 00:00:17.741505,3,15,5.0,40.0,,,,,,,,2,3.0,2.0,,,,,,,,COMPLETE
954,954,0.8433206507450904,2025-01-01 02:29:24.416943,2025-01-01 02:29:41.887576,0 days 00:00:17.470633,3,20,5.0,30.0,,,,,,,,2,3.0,2.0,,,,,,,,COMPLETE
955,955,0.8395028978351798,2025-01-01 02:29:41.888250,2025-01-01 02:30:00.556616,0 days 00:00:18.668366,3,15,5.0,65.0,,,,,,,,2,3.0,2.0,,,,,,,,COMPLETE
956,956,0.8767026001107638,2025-01-01 02:30:00.557308,2025-01-01 02:30:17.864789,0 days 00:00:17.307481,3,20,5.0,30.0,,,,,,,,2,3.0,2.0,,,,,,,,COMPLETE
957,957,0.6977850039940685,2025-01-01 02:30:17.865705,2025-01-01 02:30:35.419138,0 days 00:00:17.553433,3,15,5.0,35.0,,,,,,,,2,3.0,2.0,,,,,,,,COMPLETE
958,958,0.86417334852046,2025-01-01 02:30:35.419913,2025-01-01 02:30:56.558457,0 days 00:00:21.138544,3,75,5.0,15.0,,,,,,,,2,3.0,2.0,,,,,,,,COMPLETE
959,959,0.8789680082559339,2025-01-01 02:30:56.559140,2025-01-01 02:31:10.270732,0 days 00:00:13.711592,2,15,5.0,,,,,,,,,2,3.0,,,,,,,,,COMPLETE
960,960,0.8344710795061286,2025-01-01 02:31:10.271382,2025-01-01 02:31:27.576350,0 days 00:00:17.304968,3,20,5.0,25.0,,,,,,,,2,3.0,2.0,,,,,,,,COMPLETE
961,961,0.8687698476354362,2025-01-01 02:31:27.577016,2025-01-01 02:31:45.162035,0 days 00:00:17.585019,3,15,5.0,35.0,,,,,,,,2,3.0,2.0,,,,,,,,COMPLETE
962,962,0.8241084978946533,2025-01-01 02:31:45.162955,2025-01-01 02:32:02.548138,0 days 00:00:17.385183,3,15,5.0,30.0,,,,,,,,2,3.0,2.0,,,,,,,,COMPLETE
963,963,0.8457287618832685,2025-01-01 02:32:02.548912,2025-01-01 02:32:22.186859,0 days 00:00:19.637947,3,15,5.0,80.0,,,,,,,,2,3.0,2.0,,,,,,,,COMPLETE
964,964,0.8649692587308944,2025-01-01 02:32:22.187536,2025-01-01 02:32:40.647708,0 days 00:00:18.460172,3,20,5.0,15.0,,,,,,,,3,3.0,2.0,,,,,,,,COMPLETE
965,965,0.7952135053345878,2025-01-01 02:32:40.648387,2025-01-01 02:33:01.515482,0 days 00:00:20.867095,3,20,5.0,85.0,,,,,,,,2,3.0,2.0,,,,,,,,COMPLETE
966,966,0.8706798153644868,2025-01-01 02:33:01.516149,2025-01-01 02:33:18.666761,0 days 00:00:17.150612,3,15,10.0,20.0,,,,,,,,2,3.0,2.0,,,,,,,,COMPLETE
967,967,0.8625842696629213,2025-01-01 02:33:18.667687,2025-01-01 02:33:32.470114,0 days 00:00:13.802427,2,20,10.0,,,,,,,,,2,3.0,,,,,,,,,COMPLETE
968,968,0.8863113828824236,2025-01-01 02:33:32.470895,2025-01-01 02:33:49.830397,0 days 00:00:17.359502,3,25,5.0,30.0,,,,,,,,2,3.0,2.0,,,,,,,,COMPLETE
969,969,0.8411803044774826,2025-01-01 02:33:49.831079,2025-01-01 02:34:06.890943,0 days 00:00:17.059864,3,15,5.0,25.0,,,,,,,,2,3.0,2.0,,,,,,,,COMPLETE
970,970,0.854761095874246,2025-01-01 02:34:06.891602,2025-01-01 02:35:13.413810,0 days 00:01:06.522208,6,15,100.0,20.0,35.0,45.0,65.0,,,,,2,3.0,2.0,5.0,4.0,5.0,,,,,COMPLETE
971,971,0.8179595713871315,2025-01-01 02:35:13.415007,2025-01-01 02:35:34.640847,0 days 00:00:21.225840,3,20,5.0,90.0,,,,,,,,2,3.0,2.0,,,,,,,,COMPLETE
972,972,0.8431931801786587,2025-01-01 02:35:34.641524,2025-01-01 02:35:48.285708,0 days 00:00:13.644184,2,15,5.0,,,,,,,,,2,3.0,,,,,,,,,COMPLETE
973,973,0.8413002791566511,2025-01-01 02:35:48.286603,2025-01-01 02:36:09.138684,0 days 00:00:20.852081,3,25,10.0,10.0,,,,,,,,2,3.0,4.0,,,,,,,,COMPLETE
974,974,0.8517437832880286,2025-01-01 02:36:09.139481,2025-01-01 02:36:31.720563,0 days 00:00:22.581082,3,10,5.0,25.0,,,,,,,,2,3.0,5.0,,,,,,,,COMPLETE
975,975,0.8691186354151539,2025-01-01 02:36:31.721263,2025-01-01 02:36:50.488079,0 days 00:00:18.766816,3,20,10.0,30.0,,,,,,,,2,3.0,3.0,,,,,,,,COMPLETE
976,976,0.8775486027313754,2025-01-01 02:36:50.488748,2025-01-01 02:37:15.091842,0 days 00:00:24.603094,3,15,5.0,85.0,,,,,,,,2,3.0,3.0,,,,,,,,COMPLETE
977,977,0.8839258932542515,2025-01-01 02:37:15.092761,2025-01-01 02:37:36.105507,0 days 00:00:21.012746,3,20,5.0,90.0,,,,,,,,2,3.0,2.0,,,,,,,,COMPLETE
978,978,0.8559110017493514,2025-01-01 02:37:36.106320,2025-01-01 02:37:56.108089,0 days 00:00:20.001769,3,15,5.0,70.0,,,,,,,,2,5.0,3.0,,,,,,,,COMPLETE
979,979,0.8604851622155744,2025-01-01 02:37:56.108783,2025-01-01 02:38:14.835942,0 days 00:00:18.727159,3,10,10.0,25.0,,,,,,,,2,3.0,3.0,,,,,,,,COMPLETE
980,980,0.8669961616756552,2025-01-01 02:38:14.836621,2025-01-01 02:38:32.102236,0 days 00:00:17.265615,3,15,5.0,20.0,,,,,,,,2,2.0,3.0,,,,,,,,COMPLETE
981,981,0.850564236977313,2025-01-01 02:38:32.102912,2025-01-01 02:39:05.662507,0 days 00:00:33.559595,5,20,10.0,65.0,30.0,15.0,,,,,,2,3.0,3.0,4.0,2.0,,,,,,COMPLETE
982,982,0.84984666097856,2025-01-01 02:39:05.663621,2025-01-01 02:39:32.654871,0 days 00:00:26.991250,3,10,60.0,80.0,,,,,,,,2,3.0,2.0,,,,,,,,COMPLETE
983,983,0.8875201871813896,2025-01-01 02:39:32.655558,2025-01-01 02:39:52.322204,0 days 00:00:19.666646,3,15,5.0,35.0,,,,,,,,2,3.0,3.0,,,,,,,,COMPLETE
984,984,0.8732797140303843,2025-01-01 02:39:52.322881,2025-01-01 02:40:16.197453,0 days 00:00:23.874572,3,15,10.0,75.0,,,,,,,,2,3.0,3.0,,,,,,,,COMPLETE
985,985,0.8472496295090675,2025-01-01 02:40:16.198483,2025-01-01 02:40:29.332059,0 days 00:00:13.133576,2,10,5.0,,,,,,,,,3,2.0,,,,,,,,,COMPLETE
986,986,0.8793796193078008,2025-01-01 02:40:29.332727,2025-01-01 02:40:48.148907,0 days 00:00:18.816180,3,15,5.0,15.0,,,,,,,,2,3.0,3.0,,,,,,,,COMPLETE
987,987,0.8627949183303085,2025-01-01 02:40:48.149581,2025-01-01 02:41:10.569350,0 days 00:00:22.419769,3,20,10.0,25.0,,,,,,,,2,5.0,3.0,,,,,,,,COMPLETE
988,988,0.8773473304345742,2025-01-01 02:41:10.570041,2025-01-01 02:41:33.112003,0 days 00:00:22.541962,3,25,10.0,95.0,,,,,,,,2,3.0,2.0,,,,,,,,COMPLETE
989,989,0.836001758007234,2025-01-01 02:41:33.113053,2025-01-01 02:41:52.793695,0 days 00:00:19.680642,3,15,5.0,40.0,,,,,,,,2,3.0,3.0,,,,,,,,COMPLETE
990,990,0.8312491654645708,2025-01-01 02:41:52.794394,2025-01-01 02:42:13.410655,0 days 00:00:20.616261,3,10,5.0,30.0,,,,,,,,5,3.0,3.0,,,,,,,,COMPLETE
991,991,0.8607299808067962,2025-01-01 02:42:13.411379,2025-01-01 02:42:42.495466,0 days 00:00:29.084087,4,20,10.0,25.0,50.0,,,,,,,2,3.0,3.0,4.0,,,,,,,COMPLETE
992,992,0.8476107236539867,2025-01-01 02:42:42.496179,2025-01-01 02:43:06.944387,0 days 00:00:24.448208,3,15,5.0,85.0,,,,,,,,2,3.0,3.0,,,,,,,,COMPLETE
993,993,0.8512866456039216,2025-01-01 02:43:06.945431,2025-01-01 02:43:20.582876,0 days 00:00:13.637445,2,15,5.0,,,,,,,,,2,3.0,,,,,,,,,COMPLETE
994,994,0.8888306838158844,2025-01-01 02:43:20.583547,2025-01-01 02:43:37.642901,0 days 00:00:17.059354,3,10,5.0,20.0,,,,,,,,2,3.0,2.0,,,,,,,,COMPLETE
995,995,0.8472450052853316,2025-01-01 02:43:37.643576,2025-01-01 02:43:57.998351,0 days 00:00:20.354775,3,20,5.0,20.0,,,,,,,,2,5.0,3.0,,,,,,,,COMPLETE
996,996,0.8732792449217096,2025-01-01 02:43:57.999047,2025-01-01 02:44:11.582349,0 days 00:00:13.583302,3,10,5.0,20.0,,,,,,,,2,5.0,2.0,,,,,,,,COMPLETE
997,997,0.8433003242633702,2025-01-01 02:44:11.583280,2025-01-01 02:44:30.908367,0 days 00:00:19.325087,3,15,5.0,20.0,,,,,,,,2,5.0,3.0,,,,,,,,COMPLETE
998,998,0.878768709041485,2025-01-01 02:44:30.909160,2025-01-01 02:44:47.751229,0 days 00:00:16.842069,3,20,5.0,20.0,,,,,,,,2,3.0,6.0,,,,,,,,COMPLETE
999,999,0.8778737139834654,2025-01-01 02:44:47.751975,2025-01-01 02:45:06.810276,0 days 00:00:19.058301,3,25,5.0,15.0,,,,,,,,2,3.0,3.0,,,,,,,,COMPLETE
