,number,value,datetime_start,datetime_complete,duration,params_depth,params_neurons_layer_0,params_neurons_layer_1,params_neurons_layer_2,params_neurons_layer_3,params_neurons_layer_4,params_neurons_layer_5,params_neurons_layer_6,params_neurons_layer_7,params_neurons_layer_8,params_neurons_layer_9,params_orders_layer_0,params_orders_layer_1,params_orders_layer_2,params_orders_layer_3,params_orders_layer_4,params_orders_layer_5,params_orders_layer_6,params_orders_layer_7,params_orders_layer_8,params_orders_layer_9,state
0,0,0.6115978306216103,2025-01-01 13:29:56.274810,2025-01-01 13:30:03.843445,0 days 00:00:07.568635,4,10,90.0,10.0,40.0,,,,,,,5,3.0,3.0,4.0,,,,,,,COMPLETE
1,1,0.603363412633306,2025-01-01 13:30:03.843971,2025-01-01 13:30:11.106694,0 days 00:00:07.262723,1,30,,,,,,,,,,5,,,,,,,,,,COMPLETE
2,2,0.5363408521303258,2025-01-01 13:30:11.107106,2025-01-01 13:30:39.775248,0 days 00:00:28.668142,6,70,100.0,30.0,35.0,100.0,5.0,,,,,2,2.0,6.0,5.0,5.0,4.0,,,,,COMPLETE
3,3,0.5440850686752325,2025-01-01 13:30:39.775937,2025-01-01 13:30:48.692473,0 days 00:00:08.916536,2,25,70.0,,,,,,,,,2,4.0,,,,,,,,,COMPLETE
4,4,0.6524822695035462,2025-01-01 13:30:48.693090,2025-01-01 13:31:00.171957,0 days 00:00:11.478867,2,65,35.0,,,,,,,,,3,5.0,,,,,,,,,COMPLETE
5,5,0.47916666666666663,2025-01-01 13:31:00.172391,2025-01-01 13:31:06.671757,0 days 00:00:06.499366,2,75,15.0,,,,,,,,,2,2.0,,,,,,,,,COMPLETE
6,6,0.47665056360708535,2025-01-01 13:31:06.672143,2025-01-01 13:31:49.258361,0 days 00:00:42.586218,9,20,50.0,40.0,50.0,60.0,10.0,50.0,60.0,85.0,,5,2.0,3.0,3.0,4.0,2.0,3.0,5.0,5.0,,COMPLETE
7,7,0.5232456140350877,2025-01-01 13:31:49.259137,2025-01-01 13:31:57.506245,0 days 00:00:08.247108,2,40,55.0,,,,,,,,,4,2.0,,,,,,,,,COMPLETE
8,8,0.4473443223443223,2025-01-01 13:31:57.506846,2025-01-01 13:32:10.986604,0 days 00:00:13.479758,3,35,40.0,50.0,,,,,,,,6,4.0,2.0,,,,,,,,COMPLETE
9,9,0.5607843137254902,2025-01-01 13:32:10.987063,2025-01-01 13:32:30.963194,0 days 00:00:19.976131,4,45,95.0,10.0,80.0,,,,,,,6,4.0,4.0,4.0,,,,,,,COMPLETE
10,10,0.5974235104669887,2025-01-01 13:32:30.963811,2025-01-01 13:33:04.256927,0 days 00:00:33.293116,7,100,15.0,95.0,100.0,10.0,100.0,100.0,,,,3,6.0,6.0,6.0,2.0,6.0,6.0,,,,COMPLETE
11,11,0.5588499550763701,2025-01-01 13:33:04.258038,2025-01-01 13:33:13.682077,0 days 00:00:09.424039,5,5,75.0,5.0,5.0,5.0,,,,,,4,6.0,2.0,2.0,6.0,,,,,,COMPLETE
12,12,0.548440065681445,2025-01-01 13:33:13.682566,2025-01-01 13:33:33.881359,0 days 00:00:20.198793,4,65,30.0,80.0,20.0,,,,,,,4,5.0,4.0,4.0,,,,,,,COMPLETE
13,13,0.725837504813246,2025-01-01 13:33:33.881880,2025-01-01 13:34:03.511857,0 days 00:00:29.629977,8,90,75.0,70.0,60.0,100.0,75.0,10.0,5.0,,,3,3.0,4.0,6.0,2.0,6.0,2.0,2.0,,,COMPLETE
14,14,0.39487179487179486,2025-01-01 13:34:03.512640,2025-01-01 13:34:47.647430,0 days 00:00:44.134790,10,95,70.0,70.0,70.0,100.0,75.0,10.0,15.0,5.0,30.0,3,5.0,5.0,6.0,2.0,6.0,2.0,2.0,2.0,6.0,COMPLETE
15,15,0.4652406417112299,2025-01-01 13:34:47.648218,2025-01-01 13:35:20.621693,0 days 00:00:32.973475,8,85,30.0,70.0,70.0,65.0,50.0,5.0,10.0,,,3,3.0,5.0,5.0,3.0,4.0,5.0,2.0,,,COMPLETE
16,16,0.569023569023569,2025-01-01 13:35:20.623067,2025-01-01 13:35:51.170904,0 days 00:00:30.547837,7,85,5.0,100.0,95.0,80.0,55.0,45.0,,,,3,5.0,5.0,6.0,3.0,5.0,2.0,,,,COMPLETE
17,17,0.5857843137254902,2025-01-01 13:35:51.171603,2025-01-01 13:36:29.331449,0 days 00:00:38.159846,10,55,60.0,60.0,60.0,35.0,100.0,30.0,100.0,25.0,100.0,3,3.0,3.0,5.0,4.0,2.0,4.0,3.0,6.0,2.0,COMPLETE
18,18,0.5720338983050848,2025-01-01 13:36:29.332233,2025-01-01 13:37:01.855578,0 days 00:00:32.523345,8,55,85.0,85.0,30.0,40.0,70.0,80.0,35.0,,,2,5.0,4.0,2.0,2.0,5.0,3.0,6.0,,,COMPLETE
19,19,0.6124031007751938,2025-01-01 13:37:01.856402,2025-01-01 13:37:22.840543,0 days 00:00:20.984141,6,85,40.0,30.0,85.0,80.0,25.0,,,,,3,3.0,3.0,3.0,3.0,3.0,,,,,COMPLETE
20,20,0.50591985428051,2025-01-01 13:37:22.841175,2025-01-01 13:37:29.556517,0 days 00:00:06.715342,1,65,,,,,,,,,,4,,,,,,,,,,COMPLETE
21,21,0.7132107023411371,2025-01-01 13:37:29.557027,2025-01-01 13:37:42.896655,0 days 00:00:13.339628,6,85,40.0,25.0,85.0,80.0,25.0,,,,,3,3.0,3.0,3.0,3.0,3.0,,,,,COMPLETE
22,22,0.5245969408846631,2025-01-01 13:37:42.897374,2025-01-01 13:38:08.262989,0 days 00:00:25.365615,7,75,40.0,25.0,55.0,85.0,35.0,30.0,,,,3,4.0,2.0,3.0,3.0,3.0,4.0,,,,COMPLETE
23,23,0.4246031746031746,2025-01-01 13:38:08.263637,2025-01-01 13:38:24.873390,0 days 00:00:16.609753,5,90,30.0,50.0,85.0,90.0,,,,,,2,3.0,4.0,3.0,2.0,,,,,,COMPLETE
24,24,0.5384615384615385,2025-01-01 13:38:24.874255,2025-01-01 13:38:54.187554,0 days 00:00:29.313299,8,100,50.0,60.0,70.0,70.0,75.0,75.0,65.0,,,3,4.0,3.0,4.0,3.0,3.0,2.0,4.0,,,COMPLETE
25,25,0.4005787515502274,2025-01-01 13:38:54.188520,2025-01-01 13:39:35.537574,0 days 00:00:41.349054,9,80,60.0,20.0,45.0,100.0,25.0,20.0,35.0,100.0,,4,3.0,5.0,5.0,5.0,5.0,3.0,3.0,2.0,,COMPLETE
26,26,0.6053921568627452,2025-01-01 13:39:35.538777,2025-01-01 13:39:56.046332,0 days 00:00:20.507555,6,65,80.0,40.0,60.0,90.0,55.0,,,,,3,6.0,3.0,2.0,2.0,3.0,,,,,COMPLETE
27,27,0.5217948717948717,2025-01-01 13:39:56.046957,2025-01-01 13:40:19.781583,0 days 00:00:23.734626,5,90,20.0,40.0,90.0,50.0,,,,,,4,4.0,4.0,3.0,4.0,,,,,,COMPLETE
28,28,0.495640802092415,2025-01-01 13:40:19.782317,2025-01-01 13:40:31.378939,0 days 00:00:11.596622,3,50,45.0,80.0,,,,,,,,2,5.0,2.0,,,,,,,,COMPLETE
29,29,0.4205128205128205,2025-01-01 13:40:31.379502,2025-01-01 13:41:13.674764,0 days 00:00:42.295262,9,75,65.0,65.0,75.0,75.0,40.0,60.0,90.0,60.0,,4,3.0,4.0,6.0,3.0,6.0,6.0,4.0,4.0,,COMPLETE
30,30,0.6325000000000001,2025-01-01 13:41:13.675526,2025-01-01 13:41:48.414435,0 days 00:00:34.738909,7,60,35.0,20.0,60.0,55.0,90.0,35.0,,,,3,2.0,5.0,5.0,5.0,4.0,5.0,,,,COMPLETE
31,31,0.6598639455782312,2025-01-01 13:41:48.415310,2025-01-01 13:42:22.962765,0 days 00:00:34.547455,7,60,25.0,20.0,60.0,25.0,80.0,35.0,,,,3,2.0,5.0,5.0,5.0,4.0,5.0,,,,COMPLETE
32,32,0.6305418719211823,2025-01-01 13:42:22.963456,2025-01-01 13:42:59.078183,0 days 00:00:36.114727,8,80,25.0,15.0,25.0,20.0,85.0,15.0,5.0,,,3,2.0,6.0,6.0,6.0,4.0,5.0,2.0,,,COMPLETE
33,33,0.5907894736842105,2025-01-01 13:42:59.079110,2025-01-01 13:43:28.979911,0 days 00:00:29.900801,6,70,20.0,35.0,65.0,20.0,70.0,,,,,2,3.0,5.0,5.0,5.0,5.0,,,,,COMPLETE
34,34,0.43397085610200364,2025-01-01 13:43:28.980550,2025-01-01 13:44:01.610855,0 days 00:00:32.630305,7,50,5.0,55.0,50.0,35.0,85.0,25.0,,,,3,2.0,4.0,6.0,4.0,3.0,5.0,,,,COMPLETE
35,35,0.755,2025-01-01 13:44:01.611535,2025-01-01 13:44:16.279503,0 days 00:00:14.667968,6,95,45.0,5.0,80.0,45.0,65.0,,,,,2,2.0,3.0,5.0,4.0,4.0,,,,,COMPLETE
36,36,0.5535714285714286,2025-01-01 13:44:16.280095,2025-01-01 13:44:43.118086,0 days 00:00:26.837991,6,95,45.0,5.0,85.0,45.0,65.0,,,,,2,2.0,3.0,5.0,4.0,4.0,,,,,COMPLETE
37,37,0.5977891156462585,2025-01-01 13:44:43.118959,2025-01-01 13:45:05.222600,0 days 00:00:22.103641,5,95,55.0,15.0,75.0,30.0,,,,,,5,2.0,3.0,4.0,5.0,,,,,,COMPLETE
38,38,0.473015873015873,2025-01-01 13:45:05.223190,2025-01-01 13:45:19.140835,0 days 00:00:13.917645,4,15,90.0,10.0,40.0,,,,,,,2,3.0,3.0,4.0,,,,,,,COMPLETE
39,39,0.3923611111111111,2025-01-01 13:45:19.141341,2025-01-01 13:45:54.979580,0 days 00:00:35.838239,8,90,35.0,25.0,95.0,20.0,60.0,40.0,30.0,,,2,2.0,4.0,5.0,4.0,5.0,4.0,3.0,,,COMPLETE
40,40,0.4371794871794872,2025-01-01 13:45:54.980239,2025-01-01 13:46:18.967836,0 days 00:00:23.987597,6,30,45.0,15.0,80.0,50.0,85.0,,,,,2,2.0,3.0,6.0,6.0,4.0,,,,,COMPLETE
41,41,0.5842880523731588,2025-01-01 13:46:18.968751,2025-01-01 13:46:46.158486,0 days 00:00:27.189735,7,80,35.0,45.0,65.0,90.0,75.0,60.0,,,,3,3.0,6.0,4.0,3.0,3.0,3.0,,,,COMPLETE
42,42,0.5331541218637993,2025-01-01 13:46:46.159135,2025-01-01 13:46:56.223863,0 days 00:00:10.064728,3,100,20.0,30.0,,,,,,,,4,2.0,2.0,,,,,,,,COMPLETE
43,43,0.6381374722838138,2025-01-01 13:46:56.224395,2025-01-01 13:47:01.263698,0 days 00:00:05.039303,1,70,,,,,,,,,,3,,,,,,,,,,COMPLETE
44,44,0.6458333333333333,2025-01-01 13:47:01.264230,2025-01-01 13:47:29.490891,0 days 00:00:28.226661,5,60,50.0,10.0,55.0,25.0,,,,,,5,4.0,4.0,5.0,5.0,,,,,,COMPLETE
45,45,0.5166036149642708,2025-01-01 13:47:29.491949,2025-01-01 13:47:57.857081,0 days 00:00:28.365132,7,45,25.0,5.0,100.0,65.0,45.0,20.0,,,,2,2.0,2.0,5.0,4.0,2.0,6.0,,,,COMPLETE
46,46,0.36755823986194996,2025-01-01 13:47:57.857816,2025-01-01 13:48:18.394959,0 days 00:00:20.537143,4,90,10.0,20.0,45.0,,,,,,,4,3.0,6.0,6.0,,,,,,,COMPLETE
47,47,0.5844954881050041,2025-01-01 13:48:18.396011,2025-01-01 13:48:54.295494,0 days 00:00:35.899483,9,80,40.0,90.0,80.0,95.0,65.0,5.0,50.0,50.0,,3,2.0,4.0,4.0,2.0,4.0,5.0,6.0,3.0,,COMPLETE
48,48,0.5647109577221743,2025-01-01 13:48:54.296398,2025-01-01 13:49:27.410179,0 days 00:00:33.113781,6,40,55.0,75.0,75.0,10.0,25.0,,,,,3,4.0,5.0,3.0,5.0,5.0,,,,,COMPLETE
49,49,0.3626373626373627,2025-01-01 13:49:27.410932,2025-01-01 13:49:38.108511,0 days 00:00:10.697579,2,70,25.0,,,,,,,,,6,3.0,,,,,,,,,COMPLETE
50,50,0.6006725514922235,2025-01-01 13:49:38.109014,2025-01-01 13:50:15.437405,0 days 00:00:37.328391,8,60,100.0,35.0,65.0,60.0,80.0,60.0,85.0,,,4,5.0,3.0,6.0,4.0,3.0,4.0,5.0,,,COMPLETE
51,51,0.5974235104669887,2025-01-01 13:50:15.438104,2025-01-01 13:50:44.121753,0 days 00:00:28.683649,5,60,50.0,10.0,55.0,25.0,,,,,,5,4.0,4.0,5.0,5.0,,,,,,COMPLETE
52,52,0.5462962962962963,2025-01-01 13:50:44.122766,2025-01-01 13:50:58.002051,0 days 00:00:13.879285,2,55,60.0,,,,,,,,,5,6.0,,,,,,,,,COMPLETE
53,53,0.3458333333333333,2025-01-01 13:50:58.002731,2025-01-01 13:51:18.509451,0 days 00:00:20.506720,3,95,45.0,5.0,,,,,,,,6,5.0,5.0,,,,,,,,COMPLETE
54,54,0.6251025430680885,2025-01-01 13:51:18.510003,2025-01-01 13:51:59.025720,0 days 00:00:40.515717,7,85,70.0,15.0,45.0,30.0,5.0,15.0,,,,5,4.0,4.0,5.0,6.0,4.0,2.0,,,,COMPLETE
55,55,0.46374946374946374,2025-01-01 13:51:59.026417,2025-01-01 13:52:23.931343,0 days 00:00:24.904926,5,75,35.0,25.0,50.0,15.0,,,,,,3,4.0,3.0,4.0,5.0,,,,,,COMPLETE
56,56,0.5595238095238095,2025-01-01 13:52:23.932050,2025-01-01 13:52:50.725018,0 days 00:00:26.792968,6,65,50.0,10.0,40.0,5.0,95.0,,,,,5,3.0,4.0,4.0,2.0,4.0,,,,,COMPLETE
57,57,0.5140977443609023,2025-01-01 13:52:50.726067,2025-01-01 13:52:57.451369,0 days 00:00:06.725302,1,60,,,,,,,,,,4,,,,,,,,,,COMPLETE
58,58,0.495640802092415,2025-01-01 13:52:57.452007,2025-01-01 13:53:18.822180,0 days 00:00:21.370173,4,100,30.0,10.0,55.0,,,,,,,2,5.0,5.0,5.0,,,,,,,COMPLETE
59,59,0.719551282051282,2025-01-01 13:53:18.822765,2025-01-01 13:54:00.527795,0 days 00:00:41.705030,10,85,40.0,20.0,95.0,40.0,15.0,40.0,20.0,60.0,80.0,3,2.0,3.0,6.0,5.0,2.0,3.0,3.0,6.0,4.0,COMPLETE
60,60,0.595878889823381,2025-01-01 13:54:00.528925,2025-01-01 13:54:32.709246,0 days 00:00:32.180321,10,85,40.0,25.0,90.0,40.0,15.0,40.0,20.0,55.0,85.0,3,2.0,2.0,6.0,3.0,2.0,3.0,3.0,6.0,4.0,COMPLETE
61,61,0.6198479391756703,2025-01-01 13:54:32.710295,2025-01-01 13:55:15.496642,0 days 00:00:42.786347,10,90,40.0,20.0,100.0,45.0,15.0,55.0,20.0,70.0,60.0,3,2.0,3.0,6.0,5.0,2.0,2.0,2.0,5.0,4.0,COMPLETE
62,62,0.6124031007751938,2025-01-01 13:55:15.497416,2025-01-01 13:55:43.166528,0 days 00:00:27.669112,9,95,45.0,35.0,90.0,30.0,15.0,30.0,45.0,35.0,,3,2.0,3.0,6.0,5.0,2.0,3.0,3.0,4.0,,COMPLETE
63,63,0.5657142857142857,2025-01-01 13:55:43.167509,2025-01-01 13:56:12.544766,0 days 00:00:29.377257,6,85,65.0,5.0,5.0,40.0,5.0,,,,,3,3.0,3.0,5.0,6.0,6.0,,,,,COMPLETE
64,64,0.5245969408846631,2025-01-01 13:56:12.545362,2025-01-01 13:56:28.413284,0 days 00:00:15.867922,8,45,30.0,30.0,95.0,55.0,35.0,70.0,5.0,,,4,2.0,4.0,2.0,5.0,3.0,4.0,2.0,,,COMPLETE
65,65,0.6394230769230769,2025-01-01 13:56:28.413955,2025-01-01 13:57:03.498079,0 days 00:00:35.084124,9,70,55.0,15.0,70.0,35.0,60.0,45.0,20.0,75.0,,3,4.0,2.0,5.0,4.0,2.0,2.0,4.0,5.0,,COMPLETE
66,66,0.5066495066495067,2025-01-01 13:57:03.498931,2025-01-01 13:57:32.509278,0 days 00:00:29.010347,7,80,35.0,20.0,80.0,25.0,20.0,90.0,,,,2,3.0,3.0,6.0,5.0,6.0,3.0,,,,COMPLETE
67,67,0.5708333333333333,2025-01-01 13:57:32.509942,2025-01-01 13:57:52.743197,0 days 00:00:20.233255,6,65,50.0,70.0,60.0,100.0,80.0,,,,,3,2.0,3.0,5.0,2.0,3.0,,,,,COMPLETE
68,68,0.5833333333333333,2025-01-01 13:57:52.743796,2025-01-01 13:58:20.746617,0 days 00:00:28.002821,7,75,80.0,45.0,85.0,80.0,50.0,50.0,,,,4,5.0,4.0,6.0,3.0,4.0,2.0,,,,COMPLETE
69,69,0.5649048625792812,2025-01-01 13:58:20.747346,2025-01-01 13:58:58.163123,0 days 00:00:37.415777,10,55,15.0,10.0,95.0,45.0,70.0,35.0,30.0,30.0,65.0,3,3.0,4.0,5.0,5.0,5.0,3.0,4.0,6.0,6.0,COMPLETE
70,70,0.5222222222222223,2025-01-01 13:58:58.164015,2025-01-01 13:59:19.985455,0 days 00:00:21.821440,5,90,95.0,100.0,75.0,70.0,,,,,,2,6.0,5.0,2.0,6.0,,,,,,COMPLETE
71,71,0.5050847457627119,2025-01-01 13:59:19.986031,2025-01-01 13:59:56.334354,0 days 00:00:36.348323,9,70,65.0,15.0,70.0,35.0,65.0,50.0,20.0,75.0,,3,4.0,2.0,5.0,4.0,2.0,2.0,4.0,5.0,,COMPLETE
72,72,0.47456914670029426,2025-01-01 13:59:56.335080,2025-01-01 14:00:29.037363,0 days 00:00:32.702283,9,65,75.0,15.0,65.0,25.0,55.0,45.0,5.0,90.0,,3,4.0,2.0,5.0,3.0,2.0,2.0,5.0,5.0,,COMPLETE
73,73,0.6587715776796468,2025-01-01 14:00:29.038194,2025-01-01 14:00:50.194332,0 days 00:00:21.156138,10,50,55.0,20.0,70.0,35.0,60.0,40.0,25.0,70.0,5.0,3,4.0,2.0,5.0,4.0,2.0,2.0,3.0,4.0,2.0,COMPLETE
74,74,0.44821731748726656,2025-01-01 14:00:50.195044,2025-01-01 14:01:22.536072,0 days 00:00:32.341028,10,50,45.0,60.0,60.0,40.0,60.0,25.0,30.0,45.0,10.0,3,4.0,3.0,6.0,4.0,2.0,3.0,3.0,4.0,2.0,COMPLETE
75,75,0.5889830508474576,2025-01-01 14:01:22.537402,2025-01-01 14:01:40.808492,0 days 00:00:18.271090,10,40,40.0,25.0,70.0,30.0,75.0,10.0,40.0,65.0,35.0,3,4.0,4.0,4.0,3.0,3.0,2.0,3.0,3.0,3.0,COMPLETE
76,76,0.4945054945054945,2025-01-01 14:01:40.809368,2025-01-01 14:01:59.730000,0 days 00:00:18.920632,8,45,25.0,30.0,85.0,50.0,70.0,40.0,15.0,,,3,2.0,2.0,3.0,2.0,2.0,3.0,2.0,,,COMPLETE
77,77,0.4206773618538324,2025-01-01 14:01:59.730627,2025-01-01 14:02:31.159948,0 days 00:00:31.429321,7,50,60.0,20.0,60.0,85.0,45.0,35.0,,,,2,4.0,4.0,5.0,5.0,6.0,4.0,,,,COMPLETE
78,78,0.565936337329475,2025-01-01 14:02:31.160576,2025-01-01 14:02:52.127469,0 days 00:00:20.966893,6,95,35.0,5.0,80.0,95.0,30.0,,,,,3,3.0,3.0,6.0,4.0,3.0,,,,,COMPLETE
79,79,0.4663382594417077,2025-01-01 14:02:52.128078,2025-01-01 14:03:16.765226,0 days 00:00:24.637148,8,55,50.0,55.0,65.0,45.0,80.0,25.0,65.0,,,4,2.0,2.0,5.0,5.0,2.0,6.0,3.0,,,COMPLETE
80,80,0.5438884331419196,2025-01-01 14:03:16.766003,2025-01-01 14:03:59.974168,0 days 00:00:43.208165,10,60,40.0,85.0,55.0,15.0,90.0,55.0,25.0,85.0,10.0,6,2.0,5.0,5.0,4.0,5.0,2.0,2.0,3.0,4.0,COMPLETE
81,81,0.5308037535699714,2025-01-01 14:03:59.974934,2025-01-01 14:04:30.948007,0 days 00:00:30.973073,9,75,55.0,15.0,70.0,35.0,60.0,45.0,15.0,75.0,,3,4.0,2.0,5.0,4.0,2.0,2.0,4.0,5.0,,COMPLETE
82,82,0.6186270574066639,2025-01-01 14:04:30.948767,2025-01-01 14:04:49.993390,0 days 00:00:19.044623,9,70,55.0,20.0,75.0,35.0,60.0,45.0,10.0,65.0,,3,4.0,2.0,5.0,4.0,2.0,2.0,4.0,6.0,,COMPLETE
83,83,0.6053921568627452,2025-01-01 14:04:49.994175,2025-01-01 14:05:32.830107,0 days 00:00:42.835932,10,60,30.0,10.0,90.0,25.0,65.0,65.0,55.0,80.0,80.0,3,5.0,2.0,5.0,4.0,4.0,2.0,5.0,5.0,5.0,COMPLETE
84,84,0.5657142857142857,2025-01-01 14:05:32.831142,2025-01-01 14:06:09.960023,0 days 00:00:37.128881,9,100,45.0,25.0,50.0,30.0,50.0,30.0,20.0,95.0,,3,4.0,6.0,4.0,4.0,2.0,2.0,3.0,4.0,,COMPLETE
85,85,0.6198479391756703,2025-01-01 14:06:09.961642,2025-01-01 14:06:28.040972,0 days 00:00:18.079330,8,65,55.0,5.0,70.0,40.0,75.0,50.0,10.0,,,3,4.0,2.0,6.0,4.0,4.0,3.0,4.0,,,COMPLETE
86,86,0.4393939393939394,2025-01-01 14:06:28.041600,2025-01-01 14:07:03.330464,0 days 00:00:35.288864,9,80,60.0,15.0,65.0,55.0,10.0,35.0,25.0,45.0,,2,5.0,3.0,5.0,3.0,3.0,2.0,5.0,6.0,,COMPLETE
87,87,0.6753246753246753,2025-01-01 14:07:03.331164,2025-01-01 14:07:32.454559,0 days 00:00:29.123395,7,55,40.0,10.0,80.0,35.0,70.0,40.0,,,,4,3.0,2.0,5.0,5.0,2.0,5.0,,,,COMPLETE
88,88,0.5571658615136876,2025-01-01 14:07:32.455266,2025-01-01 14:08:04.165390,0 days 00:00:31.710124,7,55,35.0,10.0,80.0,20.0,80.0,20.0,,,,5,3.0,3.0,6.0,5.0,4.0,5.0,,,,COMPLETE
89,89,0.3294010889292196,2025-01-01 14:08:04.166231,2025-01-01 14:08:31.852257,0 days 00:00:27.686026,6,30,40.0,5.0,85.0,40.0,70.0,,,,,4,3.0,4.0,4.0,5.0,3.0,,,,,COMPLETE
90,90,0.5245969408846631,2025-01-01 14:08:31.852882,2025-01-01 14:09:04.532846,0 days 00:00:32.679964,7,50,45.0,10.0,90.0,60.0,75.0,40.0,,,,4,3.0,3.0,4.0,5.0,5.0,5.0,,,,COMPLETE
91,91,0.662962962962963,2025-01-01 14:09:04.533697,2025-01-01 14:09:16.925237,0 days 00:00:12.391540,8,60,40.0,15.0,75.0,35.0,55.0,45.0,15.0,,,3,3.0,2.0,5.0,4.0,2.0,6.0,2.0,,,COMPLETE
92,92,0.5358974358974359,2025-01-01 14:09:16.925880,2025-01-01 14:09:32.692750,0 days 00:00:15.766870,8,60,50.0,20.0,75.0,45.0,55.0,35.0,10.0,,,3,3.0,2.0,5.0,5.0,2.0,6.0,2.0,,,COMPLETE
93,93,0.6532027743778049,2025-01-01 14:09:32.693582,2025-01-01 14:09:59.614329,0 days 00:00:26.920747,7,55,40.0,15.0,85.0,30.0,45.0,40.0,,,,5,3.0,2.0,5.0,2.0,2.0,6.0,,,,COMPLETE
94,94,0.5245098039215687,2025-01-01 14:09:59.614956,2025-01-01 14:10:24.264458,0 days 00:00:24.649502,7,50,40.0,25.0,80.0,35.0,45.0,40.0,,,,3,3.0,2.0,5.0,2.0,2.0,6.0,,,,COMPLETE
95,95,0.6186270574066639,2025-01-01 14:10:24.265139,2025-01-01 14:10:48.221133,0 days 00:00:23.955994,8,55,35.0,65.0,95.0,30.0,65.0,50.0,40.0,,,3,3.0,2.0,6.0,2.0,2.0,6.0,2.0,,,COMPLETE
96,96,0.5245969408846631,2025-01-01 14:10:48.221874,2025-01-01 14:10:59.636605,0 days 00:00:11.414731,7,45,30.0,20.0,85.0,40.0,20.0,40.0,,,,4,3.0,2.0,5.0,2.0,2.0,5.0,,,,COMPLETE
97,97,0.4821428571428571,2025-01-01 14:10:59.637358,2025-01-01 14:11:13.649631,0 days 00:00:14.012273,6,35,25.0,30.0,75.0,85.0,40.0,,,,,2,2.0,2.0,3.0,2.0,2.0,,,,,COMPLETE
98,98,0.5126156433978133,2025-01-01 14:11:13.650358,2025-01-01 14:11:34.266470,0 days 00:00:20.616112,6,85,45.0,15.0,80.0,95.0,30.0,,,,,3,3.0,2.0,5.0,3.0,2.0,,,,,COMPLETE
99,99,0.5470338983050848,2025-01-01 14:11:34.267069,2025-01-01 14:11:59.204539,0 days 00:00:24.937470,8,50,20.0,20.0,90.0,50.0,65.0,55.0,15.0,,,3,2.0,2.0,6.0,2.0,3.0,5.0,2.0,,,COMPLETE
100,100,0.5245969408846631,2025-01-01 14:11:59.205363,2025-01-01 14:12:27.884185,0 days 00:00:28.678822,7,90,40.0,35.0,95.0,35.0,70.0,30.0,,,,5,3.0,2.0,5.0,3.0,2.0,6.0,,,,COMPLETE
101,101,0.5889830508474576,2025-01-01 14:12:27.884916,2025-01-01 14:12:52.516352,0 days 00:00:24.631436,5,55,45.0,10.0,85.0,25.0,,,,,,5,3.0,3.0,5.0,5.0,,,,,,COMPLETE
102,102,0.6244029526704298,2025-01-01 14:12:52.516970,2025-01-01 14:13:19.171160,0 days 00:00:26.654190,6,60,35.0,10.0,100.0,15.0,55.0,,,,,5,3.0,3.0,5.0,5.0,2.0,,,,,COMPLETE
103,103,0.46374946374946374,2025-01-01 14:13:19.171822,2025-01-01 14:13:40.826953,0 days 00:00:21.655131,4,60,50.0,15.0,50.0,,,,,,,5,2.0,5.0,5.0,,,,,,,COMPLETE
104,104,0.6729559748427673,2025-01-01 14:13:40.827554,2025-01-01 14:13:50.365238,0 days 00:00:09.537684,2,55,40.0,,,,,,,,,6,2.0,,,,,,,,,COMPLETE
105,105,0.5857142857142856,2025-01-01 14:13:50.365869,2025-01-01 14:13:57.253626,0 days 00:00:06.887757,2,55,35.0,,,,,,,,,3,2.0,,,,,,,,,COMPLETE
106,106,0.6181972789115646,2025-01-01 14:13:57.254144,2025-01-01 14:14:08.274133,0 days 00:00:11.019989,3,95,40.0,25.0,,,,,,,,6,2.0,2.0,,,,,,,,COMPLETE
107,107,0.5773809523809523,2025-01-01 14:14:08.274691,2025-01-01 14:14:17.412111,0 days 00:00:09.137420,2,65,45.0,,,,,,,,,6,2.0,,,,,,,,,COMPLETE
108,108,0.4217032967032967,2025-01-01 14:14:17.412605,2025-01-01 14:14:24.510064,0 days 00:00:07.097459,1,90,,,,,,,,,,6,,,,,,,,,,COMPLETE
109,109,0.5149321266968326,2025-01-01 14:14:24.510539,2025-01-01 14:14:33.488554,0 days 00:00:08.978015,3,55,30.0,80.0,,,,,,,,3,2.0,2.0,,,,,,,,COMPLETE
110,110,0.5707133917396746,2025-01-01 14:14:33.489070,2025-01-01 14:14:59.014317,0 days 00:00:25.525247,7,65,40.0,45.0,80.0,75.0,85.0,45.0,,,,4,2.0,3.0,3.0,4.0,2.0,6.0,,,,COMPLETE
111,111,0.4246031746031746,2025-01-01 14:14:59.014945,2025-01-01 14:15:06.514183,0 days 00:00:07.499238,1,50,,,,,,,,,,6,,,,,,,,,,COMPLETE
112,112,0.5441176470588236,2025-01-01 14:15:06.514711,2025-01-01 14:15:17.718565,0 days 00:00:11.203854,2,60,40.0,,,,,,,,,5,3.0,,,,,,,,,COMPLETE
113,113,0.545343137254902,2025-01-01 14:15:17.719056,2025-01-01 14:15:49.162805,0 days 00:00:31.443749,6,55,85.0,5.0,60.0,30.0,50.0,,,,,3,6.0,5.0,5.0,5.0,4.0,,,,,COMPLETE
114,114,0.545343137254902,2025-01-01 14:15:49.163574,2025-01-01 14:16:19.411950,0 days 00:00:30.248376,7,45,45.0,15.0,75.0,20.0,20.0,35.0,,,,5,3.0,3.0,6.0,6.0,3.0,5.0,,,,COMPLETE
115,115,0.495640802092415,2025-01-01 14:16:19.413137,2025-01-01 14:16:40.347770,0 days 00:00:20.934633,5,85,50.0,20.0,55.0,25.0,,,,,,4,2.0,2.0,5.0,5.0,,,,,,COMPLETE
116,116,0.5772425249169435,2025-01-01 14:16:40.348371,2025-01-01 14:17:16.536805,0 days 00:00:36.188434,10,5,35.0,10.0,65.0,30.0,10.0,25.0,25.0,20.0,35.0,3,2.0,4.0,4.0,2.0,2.0,6.0,2.0,3.0,3.0,COMPLETE
117,117,0.40577249575551777,2025-01-01 14:17:16.538185,2025-01-01 14:17:48.155032,0 days 00:00:31.616847,7,60,40.0,5.0,85.0,40.0,55.0,5.0,,,,2,3.0,6.0,5.0,5.0,4.0,5.0,,,,COMPLETE
118,118,0.5798319327731092,2025-01-01 14:17:48.155866,2025-01-01 14:18:21.605184,0 days 00:00:33.449318,8,90,35.0,15.0,90.0,45.0,75.0,30.0,5.0,,,4,4.0,3.0,5.0,4.0,2.0,4.0,3.0,,,COMPLETE
119,119,0.5894909688013137,2025-01-01 14:18:21.605988,2025-01-01 14:18:41.747322,0 days 00:00:20.141334,6,50,50.0,75.0,15.0,35.0,60.0,,,,,3,2.0,2.0,6.0,3.0,3.0,,,,,COMPLETE
120,120,0.4461864406779661,2025-01-01 14:18:41.748075,2025-01-01 14:19:13.731210,0 days 00:00:31.983135,8,65,10.0,95.0,75.0,30.0,70.0,15.0,35.0,,,6,3.0,4.0,2.0,6.0,4.0,6.0,2.0,,,COMPLETE
121,121,0.5720338983050848,2025-01-01 14:19:13.731881,2025-01-01 14:19:50.109273,0 days 00:00:36.377392,10,70,60.0,15.0,70.0,35.0,60.0,45.0,15.0,60.0,75.0,3,4.0,2.0,5.0,4.0,2.0,2.0,3.0,4.0,3.0,COMPLETE
122,122,0.6565656565656566,2025-01-01 14:19:50.109995,2025-01-01 14:20:16.264876,0 days 00:00:26.154881,9,65,45.0,10.0,70.0,35.0,65.0,40.0,10.0,70.0,,3,4.0,2.0,5.0,4.0,2.0,6.0,4.0,5.0,,COMPLETE
123,123,0.5894909688013137,2025-01-01 14:20:16.266278,2025-01-01 14:20:55.182838,0 days 00:00:38.916560,9,65,45.0,10.0,60.0,25.0,65.0,40.0,10.0,55.0,,3,4.0,2.0,5.0,4.0,2.0,6.0,2.0,6.0,,COMPLETE
124,124,0.512987012987013,2025-01-01 14:20:55.183541,2025-01-01 14:21:40.486800,0 days 00:00:45.303259,10,55,40.0,5.0,80.0,40.0,80.0,85.0,5.0,45.0,50.0,3,4.0,4.0,5.0,4.0,2.0,6.0,3.0,4.0,5.0,COMPLETE
125,125,0.5,2025-01-01 14:21:40.487705,2025-01-01 14:22:15.170703,0 days 00:00:34.682998,8,60,45.0,25.0,65.0,35.0,40.0,40.0,25.0,,,3,4.0,2.0,5.0,5.0,5.0,6.0,3.0,,,COMPLETE
126,126,0.40408163265306124,2025-01-01 14:22:15.171403,2025-01-01 14:22:50.211583,0 days 00:00:35.040180,9,80,45.0,30.0,70.0,40.0,70.0,55.0,10.0,65.0,,3,4.0,2.0,5.0,4.0,2.0,4.0,2.0,5.0,,COMPLETE
127,127,0.6198479391756703,2025-01-01 14:22:50.212865,2025-01-01 14:23:19.099717,0 days 00:00:28.886852,7,55,75.0,20.0,35.0,30.0,65.0,100.0,,,,3,5.0,4.0,5.0,2.0,2.0,5.0,,,,COMPLETE
128,128,0.44191814799503926,2025-01-01 14:23:19.100504,2025-01-01 14:23:55.205908,0 days 00:00:36.105404,10,60,35.0,10.0,55.0,50.0,25.0,50.0,85.0,85.0,50.0,3,3.0,2.0,4.0,5.0,6.0,6.0,6.0,5.0,2.0,COMPLETE
129,129,0.56,2025-01-01 14:23:55.207342,2025-01-01 14:24:26.550086,0 days 00:00:31.342744,8,95,50.0,15.0,75.0,25.0,90.0,35.0,70.0,,,4,2.0,2.0,5.0,3.0,2.0,6.0,4.0,,,COMPLETE
130,130,0.565936337329475,2025-01-01 14:24:26.550944,2025-01-01 14:24:53.488971,0 days 00:00:26.938027,7,75,70.0,5.0,85.0,45.0,30.0,45.0,,,,3,3.0,3.0,6.0,4.0,3.0,4.0,,,,COMPLETE
131,131,0.5784825371336813,2025-01-01 14:24:53.489628,2025-01-01 14:25:11.233932,0 days 00:00:17.744304,9,70,55.0,20.0,70.0,35.0,60.0,45.0,20.0,75.0,,3,4.0,2.0,5.0,4.0,2.0,3.0,4.0,5.0,,COMPLETE
132,132,0.6594684385382059,2025-01-01 14:25:11.234619,2025-01-01 14:25:45.984645,0 days 00:00:34.750026,9,65,40.0,15.0,70.0,30.0,50.0,35.0,15.0,70.0,,3,5.0,2.0,5.0,4.0,2.0,2.0,4.0,4.0,,COMPLETE
133,133,0.5833333333333333,2025-01-01 14:25:45.985428,2025-01-01 14:26:31.438722,0 days 00:00:45.453294,10,65,40.0,10.0,75.0,30.0,50.0,35.0,15.0,70.0,95.0,3,5.0,2.0,5.0,4.0,2.0,2.0,5.0,4.0,5.0,COMPLETE
134,134,0.5192307692307692,2025-01-01 14:26:31.439596,2025-01-01 14:27:11.661367,0 days 00:00:40.221771,9,60,40.0,15.0,60.0,20.0,55.0,25.0,5.0,60.0,,3,5.0,2.0,5.0,4.0,2.0,5.0,4.0,4.0,,COMPLETE
135,135,0.4981934965877158,2025-01-01 14:27:11.662153,2025-01-01 14:27:42.534530,0 days 00:00:30.872377,8,100,45.0,25.0,80.0,65.0,45.0,30.0,30.0,,,3,5.0,2.0,5.0,4.0,2.0,2.0,4.0,,,COMPLETE
136,136,0.43253467843631777,2025-01-01 14:27:42.535292,2025-01-01 14:28:14.809853,0 days 00:00:32.274561,9,60,30.0,15.0,65.0,100.0,40.0,10.0,15.0,5.0,,3,5.0,2.0,5.0,4.0,2.0,3.0,3.0,3.0,,COMPLETE
137,137,0.4572441293752769,2025-01-01 14:28:14.810584,2025-01-01 14:28:40.440613,0 days 00:00:25.630029,6,65,40.0,20.0,55.0,35.0,80.0,,,,,2,5.0,3.0,5.0,5.0,2.0,,,,,COMPLETE
138,138,0.40555555555555556,2025-01-01 14:28:40.441278,2025-01-01 14:28:51.603765,0 days 00:00:11.162487,2,20,35.0,,,,,,,,,5,3.0,,,,,,,,,COMPLETE
139,139,0.6473063973063973,2025-01-01 14:28:51.604345,2025-01-01 14:29:11.870212,0 days 00:00:20.265867,5,55,45.0,65.0,45.0,40.0,,,,,,3,2.0,4.0,6.0,4.0,,,,,,COMPLETE
140,140,0.5437806873977087,2025-01-01 14:29:11.870911,2025-01-01 14:29:21.514054,0 days 00:00:09.643143,5,50,45.0,65.0,45.0,40.0,,,,,,3,2.0,5.0,6.0,4.0,,,,,,COMPLETE
141,141,0.6940024479804161,2025-01-01 14:29:21.514657,2025-01-01 14:29:43.488518,0 days 00:00:21.973861,5,55,40.0,75.0,50.0,40.0,,,,,,3,2.0,4.0,6.0,4.0,,,,,,COMPLETE
142,142,0.5103448275862069,2025-01-01 14:29:43.489130,2025-01-01 14:30:04.065016,0 days 00:00:20.575886,5,55,40.0,75.0,40.0,40.0,,,,,,3,2.0,4.0,6.0,4.0,,,,,,COMPLETE
143,143,0.5253061224489797,2025-01-01 14:30:04.065712,2025-01-01 14:30:20.343976,0 days 00:00:16.278264,4,50,35.0,65.0,45.0,,,,,,,3,2.0,4.0,6.0,,,,,,,COMPLETE
144,144,0.64,2025-01-01 14:30:20.344575,2025-01-01 14:30:46.976242,0 days 00:00:26.631667,6,55,40.0,70.0,45.0,45.0,70.0,,,,,3,2.0,4.0,6.0,4.0,4.0,,,,,COMPLETE
145,145,0.6443478260869566,2025-01-01 14:30:46.977022,2025-01-01 14:31:04.376944,0 days 00:00:17.399922,4,50,40.0,70.0,50.0,,,,,,,3,2.0,4.0,6.0,,,,,,,COMPLETE
146,146,0.6532027743778049,2025-01-01 14:31:04.377517,2025-01-01 14:31:22.608406,0 days 00:00:18.230889,5,55,45.0,80.0,50.0,35.0,,,,,,3,2.0,2.0,6.0,4.0,,,,,,COMPLETE
147,147,0.6653027823240589,2025-01-01 14:31:22.609022,2025-01-01 14:31:42.963601,0 days 00:00:20.354579,6,85,95.0,90.0,50.0,35.0,15.0,,,,,3,2.0,2.0,6.0,4.0,2.0,,,,,COMPLETE
148,148,0.436046511627907,2025-01-01 14:31:42.964287,2025-01-01 14:32:05.163935,0 days 00:00:22.199648,6,90,90.0,85.0,50.0,35.0,15.0,,,,,3,2.0,2.0,6.0,4.0,2.0,,,,,COMPLETE
149,149,0.6150097465886939,2025-01-01 14:32:05.164720,2025-01-01 14:32:28.692213,0 days 00:00:23.527493,6,85,95.0,90.0,50.0,30.0,5.0,,,,,3,2.0,2.0,6.0,4.0,2.0,,,,,COMPLETE
150,150,0.4583333333333333,2025-01-01 14:32:28.692837,2025-01-01 14:32:48.821307,0 days 00:00:20.128470,6,80,100.0,80.0,70.0,35.0,20.0,,,,,3,2.0,2.0,6.0,4.0,2.0,,,,,COMPLETE
151,151,0.5103448275862069,2025-01-01 14:32:48.821913,2025-01-01 14:32:58.816810,0 days 00:00:09.994897,7,85,85.0,80.0,75.0,30.0,10.0,40.0,,,,3,2.0,2.0,6.0,4.0,2.0,2.0,,,,COMPLETE
152,152,0.6565656565656566,2025-01-01 14:32:58.817453,2025-01-01 14:33:25.230320,0 days 00:00:26.412867,10,60,40.0,90.0,80.0,90.0,15.0,50.0,100.0,50.0,20.0,3,2.0,2.0,6.0,4.0,2.0,6.0,5.0,2.0,3.0,COMPLETE
153,153,0.5050847457627119,2025-01-01 14:33:25.231149,2025-01-01 14:34:04.040509,0 days 00:00:38.809360,10,55,40.0,90.0,80.0,95.0,15.0,60.0,10.0,50.0,20.0,3,2.0,2.0,6.0,4.0,2.0,6.0,5.0,2.0,3.0,COMPLETE
154,154,0.6753246753246753,2025-01-01 14:34:04.041445,2025-01-01 14:34:27.079074,0 days 00:00:23.037629,10,60,90.0,95.0,85.0,90.0,15.0,50.0,100.0,70.0,5.0,3,2.0,2.0,6.0,4.0,2.0,6.0,5.0,2.0,2.0,COMPLETE
155,155,0.6598639455782312,2025-01-01 14:34:27.079785,2025-01-01 14:34:46.321847,0 days 00:00:19.242062,10,60,95.0,90.0,85.0,95.0,15.0,50.0,100.0,70.0,5.0,3,2.0,2.0,6.0,4.0,2.0,6.0,5.0,2.0,2.0,COMPLETE
156,156,0.6845238095238095,2025-01-01 14:34:46.322524,2025-01-01 14:35:25.025092,0 days 00:00:38.702568,10,60,90.0,90.0,80.0,90.0,15.0,50.0,100.0,70.0,5.0,3,2.0,2.0,6.0,4.0,2.0,6.0,5.0,2.0,2.0,COMPLETE
157,157,0.47929249352890424,2025-01-01 14:35:25.026190,2025-01-01 14:36:00.937733,0 days 00:00:35.911543,10,60,95.0,95.0,90.0,95.0,10.0,50.0,95.0,70.0,5.0,3,2.0,2.0,6.0,4.0,2.0,6.0,5.0,2.0,2.0,COMPLETE
158,158,0.6186270574066639,2025-01-01 14:36:00.938443,2025-01-01 14:36:27.548559,0 days 00:00:26.610116,10,90,90.0,100.0,85.0,90.0,20.0,55.0,95.0,80.0,5.0,3,2.0,2.0,6.0,4.0,2.0,6.0,5.0,2.0,2.0,COMPLETE
159,159,0.5798319327731092,2025-01-01 14:36:27.549317,2025-01-01 14:36:48.545773,0 days 00:00:20.996456,10,65,90.0,95.0,80.0,100.0,15.0,45.0,100.0,65.0,20.0,3,2.0,2.0,6.0,4.0,2.0,6.0,6.0,2.0,2.0,COMPLETE
160,160,0.5586380832282472,2025-01-01 14:36:48.546636,2025-01-01 14:37:06.903906,0 days 00:00:18.357270,10,85,95.0,85.0,75.0,95.0,10.0,60.0,95.0,70.0,15.0,3,2.0,2.0,6.0,4.0,5.0,6.0,5.0,2.0,2.0,COMPLETE
161,161,0.4644607843137255,2025-01-01 14:37:06.904656,2025-01-01 14:37:44.377885,0 days 00:00:37.473229,10,60,100.0,90.0,80.0,90.0,15.0,50.0,100.0,60.0,5.0,3,2.0,2.0,6.0,4.0,2.0,6.0,5.0,2.0,3.0,COMPLETE
162,162,0.6198479391756703,2025-01-01 14:37:44.378606,2025-01-01 14:38:19.470587,0 days 00:00:35.091981,10,95,95.0,90.0,80.0,85.0,15.0,50.0,90.0,55.0,20.0,3,2.0,2.0,6.0,4.0,2.0,6.0,5.0,2.0,2.0,COMPLETE
163,163,0.6818181818181819,2025-01-01 14:38:19.471570,2025-01-01 14:38:55.634796,0 days 00:00:36.163226,10,60,85.0,100.0,85.0,90.0,25.0,55.0,100.0,70.0,15.0,3,2.0,2.0,6.0,4.0,2.0,6.0,5.0,2.0,3.0,COMPLETE
164,164,0.68,2025-01-01 14:38:55.635725,2025-01-01 14:39:29.982521,0 days 00:00:34.346796,10,65,85.0,100.0,85.0,95.0,20.0,55.0,90.0,80.0,5.0,3,2.0,2.0,6.0,4.0,2.0,6.0,5.0,2.0,2.0,COMPLETE
165,165,0.677938808373591,2025-01-01 14:39:29.983281,2025-01-01 14:39:51.857294,0 days 00:00:21.874013,10,60,80.0,100.0,85.0,85.0,25.0,65.0,90.0,80.0,5.0,3,2.0,2.0,6.0,4.0,2.0,6.0,5.0,2.0,2.0,COMPLETE
166,166,0.6247954173486088,2025-01-01 14:39:51.858280,2025-01-01 14:40:27.222521,0 days 00:00:35.364241,10,60,80.0,100.0,85.0,85.0,25.0,65.0,85.0,80.0,10.0,3,2.0,2.0,6.0,4.0,2.0,6.0,5.0,2.0,2.0,COMPLETE
167,167,0.4981934965877158,2025-01-01 14:40:27.223392,2025-01-01 14:41:02.739531,0 days 00:00:35.516139,10,65,85.0,100.0,85.0,90.0,25.0,75.0,90.0,80.0,15.0,3,2.0,2.0,6.0,4.0,2.0,6.0,5.0,2.0,2.0,COMPLETE
168,168,0.6598639455782312,2025-01-01 14:41:02.740469,2025-01-01 14:41:40.453302,0 days 00:00:37.712833,10,60,90.0,95.0,90.0,80.0,20.0,65.0,95.0,85.0,5.0,3,2.0,2.0,6.0,4.0,2.0,6.0,5.0,2.0,2.0,COMPLETE
169,169,0.5755517826825127,2025-01-01 14:41:40.454229,2025-01-01 14:42:13.504023,0 days 00:00:33.049794,10,60,80.0,95.0,90.0,85.0,20.0,65.0,95.0,90.0,5.0,3,2.0,2.0,6.0,4.0,4.0,6.0,5.0,2.0,2.0,COMPLETE
170,170,0.6365914786967418,2025-01-01 14:42:13.504760,2025-01-01 14:42:37.930436,0 days 00:00:24.425676,10,60,85.0,95.0,95.0,75.0,25.0,70.0,80.0,85.0,10.0,3,2.0,2.0,6.0,4.0,2.0,6.0,5.0,3.0,2.0,COMPLETE
171,171,0.5398159263705482,2025-01-01 14:42:37.931164,2025-01-01 14:43:14.268797,0 days 00:00:36.337633,10,60,90.0,100.0,90.0,80.0,20.0,60.0,95.0,75.0,15.0,3,2.0,2.0,6.0,4.0,2.0,6.0,5.0,2.0,2.0,COMPLETE
172,172,0.6376811594202898,2025-01-01 14:43:14.269780,2025-01-01 14:43:34.098852,0 days 00:00:19.829072,10,55,85.0,100.0,85.0,95.0,30.0,55.0,100.0,90.0,5.0,3,2.0,2.0,6.0,4.0,2.0,6.0,5.0,2.0,3.0,COMPLETE
173,173,0.5416666666666666,2025-01-01 14:43:34.099572,2025-01-01 14:44:12.441008,0 days 00:00:38.341436,10,65,90.0,95.0,90.0,80.0,20.0,65.0,90.0,75.0,10.0,3,2.0,2.0,6.0,4.0,2.0,6.0,5.0,2.0,2.0,COMPLETE
174,174,0.5383380168606985,2025-01-01 14:44:12.441847,2025-01-01 14:44:46.025101,0 days 00:00:33.583254,10,60,80.0,95.0,85.0,90.0,20.0,70.0,100.0,65.0,15.0,2,2.0,2.0,6.0,4.0,2.0,6.0,6.0,2.0,2.0,COMPLETE
175,175,0.5586380832282472,2025-01-01 14:44:46.026158,2025-01-01 14:45:21.565123,0 days 00:00:35.538965,9,65,95.0,100.0,85.0,100.0,15.0,55.0,90.0,80.0,,3,2.0,2.0,6.0,4.0,2.0,5.0,5.0,3.0,,COMPLETE
176,176,0.5383380168606985,2025-01-01 14:45:21.565871,2025-01-01 14:45:43.599576,0 days 00:00:22.033705,10,60,85.0,90.0,95.0,95.0,25.0,75.0,95.0,85.0,5.0,3,2.0,2.0,6.0,4.0,2.0,6.0,5.0,2.0,4.0,COMPLETE
177,177,0.5993589743589745,2025-01-01 14:45:43.600298,2025-01-01 14:46:02.424140,0 days 00:00:18.823842,10,55,90.0,95.0,90.0,85.0,35.0,55.0,80.0,70.0,25.0,3,2.0,3.0,6.0,3.0,2.0,6.0,6.0,2.0,2.0,COMPLETE
178,178,0.6179966044142615,2025-01-01 14:46:02.425061,2025-01-01 14:46:24.208392,0 days 00:00:21.783331,10,70,80.0,85.0,85.0,95.0,10.0,45.0,100.0,75.0,10.0,3,2.0,2.0,6.0,4.0,4.0,4.0,5.0,2.0,3.0,COMPLETE
179,179,0.5571658615136876,2025-01-01 14:46:24.209122,2025-01-01 14:46:39.625899,0 days 00:00:15.416777,9,90,90.0,95.0,100.0,85.0,20.0,70.0,85.0,60.0,,3,2.0,2.0,6.0,4.0,2.0,6.0,5.0,3.0,,COMPLETE
180,180,0.6465306122448979,2025-01-01 14:46:39.626582,2025-01-01 14:47:14.225358,0 days 00:00:34.598776,10,65,85.0,50.0,85.0,90.0,75.0,65.0,95.0,95.0,60.0,2,2.0,2.0,6.0,4.0,2.0,6.0,5.0,2.0,2.0,COMPLETE
181,181,0.6782496782496783,2025-01-01 14:47:14.226094,2025-01-01 14:47:31.671029,0 days 00:00:17.444935,10,55,90.0,100.0,80.0,100.0,15.0,50.0,100.0,65.0,5.0,3,2.0,2.0,6.0,4.0,2.0,2.0,2.0,2.0,2.0,COMPLETE
182,182,0.47117794486215536,2025-01-01 14:47:31.671836,2025-01-01 14:48:02.487808,0 days 00:00:30.815972,10,55,90.0,100.0,80.0,100.0,15.0,50.0,100.0,65.0,5.0,3,2.0,6.0,6.0,3.0,2.0,2.0,2.0,2.0,2.0,COMPLETE
183,183,0.5571658615136876,2025-01-01 14:48:02.488691,2025-01-01 14:48:31.730353,0 days 00:00:29.241662,10,60,95.0,100.0,90.0,100.0,25.0,60.0,95.0,70.0,10.0,3,2.0,2.0,6.0,4.0,2.0,2.0,2.0,2.0,2.0,COMPLETE
184,184,0.5941558441558441,2025-01-01 14:48:31.731575,2025-01-01 14:48:54.107401,0 days 00:00:22.375826,10,85,95.0,95.0,80.0,90.0,15.0,45.0,100.0,75.0,5.0,3,2.0,2.0,6.0,4.0,2.0,6.0,2.0,2.0,2.0,COMPLETE
185,185,0.6122448979591837,2025-01-01 14:48:54.108226,2025-01-01 14:49:22.993698,0 days 00:00:28.885472,9,55,90.0,100.0,85.0,95.0,20.0,55.0,90.0,55.0,,3,2.0,3.0,6.0,4.0,2.0,2.0,2.0,3.0,,COMPLETE
186,186,0.47456914670029426,2025-01-01 14:49:22.994523,2025-01-01 14:49:42.563909,0 days 00:00:19.569386,10,60,85.0,90.0,85.0,70.0,10.0,50.0,100.0,65.0,40.0,3,2.0,2.0,6.0,5.0,2.0,5.0,5.0,2.0,4.0,COMPLETE
187,187,0.6222222222222222,2025-01-01 14:49:42.564763,2025-01-01 14:50:14.639517,0 days 00:00:32.074754,10,60,90.0,95.0,75.0,100.0,15.0,45.0,60.0,80.0,70.0,3,2.0,5.0,2.0,5.0,2.0,6.0,2.0,2.0,2.0,COMPLETE
188,188,0.5903212348769296,2025-01-01 14:50:14.640197,2025-01-01 14:50:52.644237,0 days 00:00:38.004040,9,55,100.0,100.0,80.0,80.0,85.0,50.0,95.0,65.0,,3,2.0,2.0,6.0,4.0,2.0,4.0,5.0,6.0,,COMPLETE
189,189,0.6565656565656566,2025-01-01 14:50:52.645202,2025-01-01 14:51:15.278922,0 days 00:00:22.633720,6,95,80.0,95.0,90.0,95.0,5.0,,,,,3,2.0,2.0,6.0,4.0,4.0,,,,,COMPLETE
190,190,0.6998799519807923,2025-01-01 14:51:15.279543,2025-01-01 14:51:50.278606,0 days 00:00:34.999063,10,60,95.0,90.0,80.0,90.0,25.0,55.0,95.0,70.0,95.0,3,2.0,3.0,6.0,4.0,3.0,6.0,5.0,2.0,2.0,COMPLETE
191,191,0.4293523969722456,2025-01-01 14:51:50.279390,2025-01-01 14:52:22.502401,0 days 00:00:32.223011,10,60,95.0,90.0,80.0,90.0,30.0,55.0,50.0,70.0,90.0,3,2.0,3.0,6.0,4.0,3.0,6.0,5.0,2.0,2.0,COMPLETE
192,192,0.5649509803921569,2025-01-01 14:52:22.503320,2025-01-01 14:53:06.819045,0 days 00:00:44.315725,10,60,95.0,85.0,75.0,90.0,25.0,60.0,90.0,75.0,100.0,3,2.0,3.0,6.0,4.0,6.0,6.0,5.0,2.0,2.0,COMPLETE
193,193,0.5361295681063123,2025-01-01 14:53:06.819853,2025-01-01 14:53:40.115250,0 days 00:00:33.295397,10,55,85.0,90.0,80.0,95.0,20.0,55.0,100.0,60.0,95.0,3,2.0,3.0,6.0,4.0,3.0,6.0,5.0,2.0,2.0,COMPLETE
194,194,0.5993589743589745,2025-01-01 14:53:40.116023,2025-01-01 14:54:21.698833,0 days 00:00:41.582810,10,60,90.0,100.0,85.0,80.0,75.0,60.0,95.0,70.0,85.0,3,2.0,3.0,6.0,4.0,5.0,6.0,5.0,2.0,6.0,COMPLETE
195,195,0.6989160979526294,2025-01-01 14:54:21.699751,2025-01-01 14:54:58.158815,0 days 00:00:36.459064,10,65,100.0,60.0,85.0,85.0,25.0,95.0,100.0,90.0,10.0,3,2.0,2.0,6.0,4.0,3.0,6.0,2.0,2.0,3.0,COMPLETE
196,196,0.571488645920942,2025-01-01 14:54:58.159512,2025-01-01 14:55:32.589522,0 days 00:00:34.430010,10,65,100.0,60.0,85.0,85.0,25.0,80.0,95.0,95.0,10.0,3,2.0,2.0,6.0,4.0,3.0,6.0,2.0,2.0,3.0,COMPLETE
197,197,0.677938808373591,2025-01-01 14:55:32.591119,2025-01-01 14:56:05.542305,0 days 00:00:32.951186,10,55,100.0,75.0,95.0,90.0,20.0,50.0,100.0,90.0,10.0,3,2.0,2.0,6.0,4.0,3.0,6.0,2.0,2.0,4.0,COMPLETE
198,198,0.5974235104669887,2025-01-01 14:56:05.543121,2025-01-01 14:56:29.416141,0 days 00:00:23.873020,6,55,100.0,75.0,95.0,90.0,30.0,,,,,3,2.0,3.0,6.0,4.0,3.0,,,,,COMPLETE
199,199,0.6198479391756703,2025-01-01 14:56:29.416923,2025-01-01 14:57:12.788480,0 days 00:00:43.371557,10,50,100.0,55.0,80.0,100.0,25.0,45.0,100.0,100.0,15.0,3,2.0,2.0,6.0,4.0,3.0,6.0,2.0,2.0,4.0,COMPLETE
200,200,0.5755517826825127,2025-01-01 14:57:12.789388,2025-01-01 14:57:46.122756,0 days 00:00:33.333368,10,85,95.0,70.0,100.0,90.0,10.0,85.0,100.0,90.0,10.0,3,2.0,2.0,6.0,4.0,3.0,6.0,2.0,2.0,4.0,COMPLETE
201,201,0.6998799519807923,2025-01-01 14:57:46.123462,2025-01-01 14:58:02.444789,0 days 00:00:16.321327,10,55,100.0,85.0,95.0,85.0,20.0,95.0,100.0,85.0,5.0,3,2.0,2.0,6.0,4.0,3.0,6.0,2.0,2.0,4.0,COMPLETE
202,202,0.6072757337742869,2025-01-01 14:58:02.445777,2025-01-01 14:58:19.225313,0 days 00:00:16.779536,10,55,100.0,85.0,95.0,85.0,20.0,90.0,100.0,85.0,10.0,3,2.0,2.0,6.0,4.0,3.0,6.0,2.0,2.0,4.0,COMPLETE
203,203,0.6037037037037036,2025-01-01 14:58:19.226017,2025-01-01 14:58:37.461182,0 days 00:00:18.235165,10,50,75.0,75.0,95.0,90.0,25.0,95.0,100.0,90.0,5.0,3,2.0,2.0,6.0,4.0,3.0,6.0,2.0,2.0,4.0,COMPLETE
204,204,0.6753246753246753,2025-01-01 14:58:37.462049,2025-01-01 14:59:13.629470,0 days 00:00:36.167421,10,55,100.0,85.0,100.0,95.0,15.0,95.0,90.0,80.0,80.0,3,2.0,2.0,6.0,5.0,3.0,6.0,2.0,2.0,4.0,COMPLETE
205,205,0.5952380952380952,2025-01-01 14:59:13.630217,2025-01-01 14:59:29.513486,0 days 00:00:15.883269,10,55,100.0,80.0,100.0,85.0,15.0,95.0,90.0,80.0,75.0,3,2.0,2.0,6.0,5.0,3.0,6.0,2.0,2.0,4.0,COMPLETE
206,206,0.6055646481178396,2025-01-01 14:59:29.514277,2025-01-01 15:00:02.096513,0 days 00:00:32.582236,10,55,100.0,70.0,95.0,90.0,20.0,95.0,95.0,85.0,80.0,3,2.0,2.0,6.0,5.0,3.0,6.0,2.0,2.0,4.0,COMPLETE
207,207,0.76759410801964,2025-01-01 15:00:02.097447,2025-01-01 15:00:24.886709,0 days 00:00:22.789262,6,50,100.0,75.0,100.0,95.0,15.0,,,,,3,2.0,2.0,6.0,5.0,3.0,,,,,COMPLETE
208,208,0.5411140583554377,2025-01-01 15:00:24.887757,2025-01-01 15:00:42.450722,0 days 00:00:17.562965,10,50,100.0,75.0,100.0,95.0,15.0,90.0,85.0,95.0,95.0,3,2.0,2.0,6.0,5.0,3.0,6.0,2.0,2.0,5.0,COMPLETE
209,209,0.6124031007751938,2025-01-01 15:00:42.451462,2025-01-01 15:00:53.744616,0 days 00:00:11.293154,6,45,100.0,80.0,100.0,85.0,35.0,,,,,3,2.0,2.0,6.0,5.0,3.0,,,,,COMPLETE
210,210,0.5245969408846631,2025-01-01 15:00:53.745310,2025-01-01 15:01:18.508406,0 days 00:00:24.763096,6,50,100.0,75.0,95.0,95.0,15.0,,,,,3,2.0,2.0,6.0,5.0,3.0,,,,,COMPLETE
211,211,0.565936337329475,2025-01-01 15:01:18.509226,2025-01-01 15:01:40.666973,0 days 00:00:22.157747,6,55,95.0,85.0,100.0,90.0,20.0,,,,,3,2.0,2.0,3.0,5.0,3.0,,,,,COMPLETE
212,212,0.5757575757575757,2025-01-01 15:01:40.667711,2025-01-01 15:02:05.248990,0 days 00:00:24.581279,6,55,95.0,75.0,95.0,100.0,15.0,,,,,3,2.0,2.0,6.0,5.0,3.0,,,,,COMPLETE
213,213,0.6394230769230769,2025-01-01 15:02:05.250136,2025-01-01 15:02:43.438786,0 days 00:00:38.188650,10,80,100.0,80.0,100.0,45.0,25.0,100.0,80.0,80.0,45.0,3,2.0,2.0,6.0,5.0,3.0,5.0,2.0,3.0,4.0,COMPLETE
214,214,0.49066213921901525,2025-01-01 15:02:43.440262,2025-01-01 15:03:06.341509,0 days 00:00:22.901247,6,50,95.0,70.0,90.0,95.0,20.0,,,,,3,2.0,2.0,6.0,5.0,3.0,,,,,COMPLETE
215,215,0.6350771869639794,2025-01-01 15:03:06.342408,2025-01-01 15:03:34.780426,0 days 00:00:28.438018,7,55,100.0,55.0,50.0,85.0,80.0,95.0,,,,3,2.0,3.0,6.0,4.0,4.0,6.0,,,,COMPLETE
216,216,0.5,2025-01-01 15:03:34.781137,2025-01-01 15:03:49.890199,0 days 00:00:15.109062,10,90,15.0,60.0,55.0,90.0,10.0,90.0,90.0,90.0,65.0,3,2.0,4.0,6.0,4.0,3.0,3.0,2.0,2.0,3.0,COMPLETE
217,217,0.6998799519807923,2025-01-01 15:03:49.890979,2025-01-01 15:04:29.360009,0 days 00:00:39.469030,10,55,100.0,40.0,80.0,100.0,30.0,20.0,95.0,75.0,15.0,3,2.0,2.0,6.0,4.0,3.0,6.0,2.0,2.0,5.0,COMPLETE
218,218,0.6653027823240589,2025-01-01 15:04:29.360966,2025-01-01 15:04:46.137826,0 days 00:00:16.776860,10,50,100.0,85.0,80.0,100.0,30.0,5.0,95.0,75.0,15.0,3,2.0,2.0,6.0,3.0,3.0,6.0,2.0,2.0,5.0,COMPLETE
219,219,0.5833333333333333,2025-01-01 15:04:46.138773,2025-01-01 15:05:19.281168,0 days 00:00:33.142395,10,45,100.0,85.0,80.0,100.0,30.0,5.0,95.0,75.0,10.0,3,2.0,2.0,6.0,3.0,3.0,6.0,2.0,2.0,5.0,COMPLETE
220,220,0.4485294117647059,2025-01-01 15:05:19.281957,2025-01-01 15:05:41.301748,0 days 00:00:22.019791,10,50,100.0,45.0,80.0,100.0,25.0,10.0,95.0,80.0,15.0,3,2.0,2.0,6.0,3.0,3.0,6.0,2.0,2.0,5.0,COMPLETE
221,221,0.5586380832282472,2025-01-01 15:05:41.302471,2025-01-01 15:06:20.377145,0 days 00:00:39.074674,10,55,100.0,85.0,80.0,100.0,30.0,15.0,100.0,75.0,25.0,3,2.0,2.0,6.0,4.0,3.0,6.0,2.0,2.0,5.0,COMPLETE
222,222,0.5716034271725826,2025-01-01 15:06:20.378137,2025-01-01 15:06:59.080351,0 days 00:00:38.702214,10,50,100.0,80.0,85.0,95.0,25.0,5.0,90.0,80.0,15.0,3,2.0,2.0,6.0,4.0,3.0,6.0,2.0,2.0,5.0,COMPLETE
223,223,0.6190476190476191,2025-01-01 15:06:59.081095,2025-01-01 15:07:19.530024,0 days 00:00:20.448929,10,55,95.0,90.0,80.0,100.0,20.0,10.0,95.0,85.0,5.0,3,2.0,2.0,6.0,4.0,3.0,6.0,2.0,2.0,4.0,COMPLETE
224,224,0.47456914670029426,2025-01-01 15:07:19.530828,2025-01-01 15:07:36.697906,0 days 00:00:17.167078,10,50,100.0,100.0,85.0,95.0,30.0,20.0,100.0,70.0,10.0,3,2.0,2.0,6.0,4.0,3.0,6.0,2.0,2.0,5.0,COMPLETE
225,225,0.5383380168606985,2025-01-01 15:07:36.698941,2025-01-01 15:08:03.785150,0 days 00:00:27.086209,10,55,95.0,85.0,80.0,100.0,15.0,100.0,95.0,65.0,5.0,3,2.0,2.0,6.0,3.0,3.0,6.0,2.0,2.0,4.0,COMPLETE
226,226,0.6186270574066639,2025-01-01 15:08:03.786059,2025-01-01 15:08:35.867643,0 days 00:00:32.081584,10,55,100.0,40.0,75.0,95.0,20.0,10.0,70.0,75.0,20.0,3,3.0,2.0,6.0,2.0,3.0,6.0,2.0,2.0,4.0,COMPLETE
227,227,0.5716034271725826,2025-01-01 15:08:35.868395,2025-01-01 15:09:15.433490,0 days 00:00:39.565095,10,50,95.0,40.0,75.0,90.0,25.0,15.0,85.0,80.0,15.0,3,2.0,2.0,6.0,4.0,3.0,6.0,2.0,2.0,6.0,COMPLETE
228,228,0.4832575444398512,2025-01-01 15:09:15.434613,2025-01-01 15:09:35.371292,0 days 00:00:19.936679,10,80,90.0,90.0,85.0,95.0,35.0,5.0,100.0,85.0,85.0,3,2.0,2.0,6.0,4.0,3.0,6.0,2.0,2.0,3.0,COMPLETE
229,229,0.64,2025-01-01 15:09:35.372023,2025-01-01 15:09:54.511544,0 days 00:00:19.139521,10,60,95.0,75.0,95.0,40.0,15.0,50.0,90.0,70.0,5.0,3,2.0,2.0,6.0,4.0,3.0,6.0,2.0,2.0,4.0,COMPLETE
230,230,0.5,2025-01-01 15:09:54.512300,2025-01-01 15:10:19.496685,0 days 00:00:24.984385,10,100,100.0,95.0,80.0,100.0,20.0,95.0,100.0,75.0,55.0,3,2.0,2.0,3.0,6.0,3.0,6.0,2.0,2.0,2.0,COMPLETE
231,231,0.5440850686752325,2025-01-01 15:10:19.497868,2025-01-01 15:10:45.877081,0 days 00:00:26.379213,6,60,85.0,100.0,85.0,10.0,15.0,,,,,3,2.0,3.0,6.0,5.0,5.0,,,,,COMPLETE
232,232,0.6,2025-01-01 15:10:45.878601,2025-01-01 15:11:20.143791,0 days 00:00:34.265190,10,55,100.0,85.0,100.0,85.0,70.0,40.0,95.0,65.0,10.0,3,2.0,2.0,6.0,5.0,6.0,6.0,2.0,2.0,2.0,COMPLETE
233,233,0.6347402597402598,2025-01-01 15:11:20.144607,2025-01-01 15:11:42.984856,0 days 00:00:22.840249,6,55,75.0,100.0,90.0,50.0,25.0,,,,,3,2.0,2.0,6.0,5.0,3.0,,,,,COMPLETE
234,234,0.5222222222222223,2025-01-01 15:11:42.985518,2025-01-01 15:11:53.185543,0 days 00:00:10.200025,3,60,95.0,90.0,,,,,,,,2,2.0,4.0,,,,,,,,COMPLETE
235,235,0.5993589743589745,2025-01-01 15:11:53.186069,2025-01-01 15:12:20.137117,0 days 00:00:26.951048,7,95,90.0,95.0,80.0,100.0,15.0,20.0,,,,3,2.0,2.0,6.0,4.0,3.0,6.0,,,,COMPLETE
236,236,0.789872408293461,2025-01-01 15:12:20.137858,2025-01-01 15:13:00.921279,0 days 00:00:40.783421,10,60,80.0,50.0,50.0,90.0,75.0,45.0,5.0,60.0,5.0,3,2.0,3.0,6.0,4.0,3.0,6.0,2.0,2.0,5.0,COMPLETE
237,237,0.6,2025-01-01 15:13:00.922191,2025-01-01 15:13:38.864732,0 days 00:00:37.942541,10,60,80.0,50.0,50.0,90.0,30.0,45.0,5.0,60.0,5.0,3,2.0,3.0,6.0,4.0,3.0,6.0,2.0,2.0,5.0,COMPLETE
238,238,0.5629629629629629,2025-01-01 15:13:38.865618,2025-01-01 15:14:00.503356,0 days 00:00:21.637738,10,85,75.0,60.0,45.0,60.0,75.0,50.0,5.0,55.0,10.0,3,3.0,3.0,6.0,4.0,3.0,6.0,2.0,2.0,5.0,COMPLETE
239,239,0.6565656565656566,2025-01-01 15:14:00.504359,2025-01-01 15:14:37.746223,0 days 00:00:37.241864,10,55,85.0,65.0,50.0,90.0,10.0,55.0,5.0,70.0,5.0,3,2.0,3.0,6.0,4.0,3.0,6.0,2.0,2.0,5.0,COMPLETE
240,240,0.512987012987013,2025-01-01 15:14:37.747026,2025-01-01 15:14:59.106640,0 days 00:00:21.359614,10,60,80.0,50.0,85.0,85.0,15.0,45.0,10.0,75.0,5.0,3,2.0,3.0,6.0,4.0,2.0,6.0,2.0,2.0,2.0,COMPLETE
241,241,0.49007936507936506,2025-01-01 15:14:59.107423,2025-01-01 15:15:26.757508,0 days 00:00:27.650085,10,60,85.0,45.0,55.0,95.0,75.0,40.0,100.0,60.0,15.0,4,2.0,5.0,6.0,4.0,4.0,6.0,2.0,2.0,2.0,COMPLETE
242,242,0.5495495495495495,2025-01-01 15:15:26.759338,2025-01-01 15:15:43.540645,0 days 00:00:16.781307,10,55,100.0,70.0,50.0,90.0,80.0,50.0,40.0,95.0,20.0,3,2.0,3.0,6.0,4.0,4.0,4.0,3.0,2.0,4.0,COMPLETE
243,243,0.5416666666666666,2025-01-01 15:15:43.541431,2025-01-01 15:16:19.941384,0 days 00:00:36.399953,10,60,40.0,20.0,75.0,85.0,75.0,40.0,95.0,75.0,80.0,3,2.0,2.0,6.0,4.0,3.0,6.0,2.0,2.0,3.0,COMPLETE
244,244,0.5535714285714286,2025-01-01 15:16:19.942238,2025-01-01 15:16:47.727982,0 days 00:00:27.785744,8,65,65.0,55.0,45.0,45.0,20.0,45.0,90.0,,,3,2.0,2.0,6.0,4.0,2.0,6.0,2.0,,,COMPLETE
245,245,0.5941558441558441,2025-01-01 15:16:47.728813,2025-01-01 15:17:15.346005,0 days 00:00:27.617192,10,55,80.0,100.0,80.0,95.0,70.0,55.0,100.0,65.0,5.0,3,2.0,2.0,4.0,5.0,3.0,6.0,2.0,6.0,2.0,COMPLETE
246,246,0.7596153846153846,2025-01-01 15:17:15.347028,2025-01-01 15:17:35.828510,0 days 00:00:20.481482,6,60,35.0,5.0,25.0,55.0,25.0,,,,,3,2.0,2.0,6.0,4.0,2.0,,,,,COMPLETE
247,247,0.5629629629629629,2025-01-01 15:17:35.829237,2025-01-01 15:17:55.954787,0 days 00:00:20.125550,6,60,35.0,80.0,20.0,55.0,25.0,,,,,3,2.0,2.0,6.0,4.0,2.0,,,,,COMPLETE
248,248,0.6477801268498943,2025-01-01 15:17:55.955540,2025-01-01 15:18:16.354773,0 days 00:00:20.399233,6,85,40.0,5.0,30.0,40.0,25.0,,,,,3,2.0,2.0,6.0,4.0,2.0,,,,,COMPLETE
249,249,0.6521226415094339,2025-01-01 15:18:16.355630,2025-01-01 15:18:37.006421,0 days 00:00:20.650791,6,55,40.0,5.0,15.0,75.0,20.0,,,,,3,2.0,2.0,6.0,4.0,2.0,,,,,COMPLETE
250,250,0.6186270574066639,2025-01-01 15:18:37.007223,2025-01-01 15:19:12.223501,0 days 00:00:35.216278,10,60,35.0,85.0,95.0,35.0,25.0,5.0,95.0,90.0,10.0,3,3.0,2.0,6.0,4.0,2.0,6.0,5.0,2.0,4.0,COMPLETE
251,251,0.6565656565656566,2025-01-01 15:19:12.224367,2025-01-01 15:19:25.690243,0 days 00:00:13.465876,6,50,35.0,35.0,100.0,90.0,30.0,,,,,3,2.0,2.0,6.0,4.0,2.0,,,,,COMPLETE
252,252,0.570628768303187,2025-01-01 15:19:25.690968,2025-01-01 15:19:43.978400,0 days 00:00:18.287432,10,65,100.0,5.0,85.0,90.0,20.0,50.0,100.0,70.0,10.0,3,2.0,2.0,6.0,4.0,3.0,6.0,2.0,2.0,2.0,COMPLETE
253,253,0.6565656565656566,2025-01-01 15:19:43.979291,2025-01-01 15:20:02.456732,0 days 00:00:18.477441,5,55,70.0,10.0,80.0,100.0,,,,,,3,2.0,2.0,6.0,4.0,,,,,,COMPLETE
254,254,0.5894909688013137,2025-01-01 15:20:02.457376,2025-01-01 15:20:42.872041,0 days 00:00:40.414665,10,90,95.0,75.0,85.0,95.0,15.0,55.0,20.0,85.0,75.0,3,2.0,3.0,6.0,4.0,2.0,3.0,5.0,2.0,6.0,COMPLETE
255,255,0.7596153846153846,2025-01-01 15:20:42.873023,2025-01-01 15:21:00.549107,0 days 00:00:17.676084,10,35,90.0,5.0,10.0,40.0,25.0,50.0,95.0,65.0,25.0,3,2.0,2.0,6.0,4.0,2.0,6.0,2.0,2.0,2.0,COMPLETE
256,256,0.47916666666666663,2025-01-01 15:21:00.550052,2025-01-01 15:21:18.202612,0 days 00:00:17.652560,10,25,90.0,30.0,5.0,85.0,25.0,55.0,95.0,65.0,25.0,3,2.0,2.0,6.0,4.0,3.0,6.0,2.0,2.0,2.0,COMPLETE
257,257,0.6486151302190988,2025-01-01 15:21:18.203369,2025-01-01 15:21:47.998253,0 days 00:00:29.794884,10,40,90.0,5.0,90.0,40.0,25.0,85.0,90.0,60.0,30.0,3,2.0,2.0,6.0,2.0,2.0,6.0,3.0,2.0,2.0,COMPLETE
258,258,0.4663382594417077,2025-01-01 15:21:47.999192,2025-01-01 15:22:09.353625,0 days 00:00:21.354433,10,20,85.0,5.0,30.0,40.0,30.0,100.0,95.0,65.0,90.0,4,2.0,2.0,6.0,4.0,2.0,6.0,5.0,2.0,5.0,COMPLETE
259,259,0.6753246753246753,2025-01-01 15:22:09.355146,2025-01-01 15:22:40.140657,0 days 00:00:30.785511,10,35,95.0,5.0,25.0,80.0,20.0,50.0,100.0,70.0,100.0,3,2.0,3.0,6.0,4.0,3.0,6.0,2.0,2.0,2.0,COMPLETE
260,260,0.6729559748427673,2025-01-01 15:22:40.141440,2025-01-01 15:22:56.967908,0 days 00:00:16.826468,10,35,90.0,5.0,10.0,90.0,20.0,50.0,100.0,70.0,90.0,3,2.0,3.0,6.0,4.0,2.0,2.0,5.0,2.0,2.0,COMPLETE
261,261,0.5361295681063123,2025-01-01 15:22:56.968767,2025-01-01 15:23:12.573797,0 days 00:00:15.605030,10,35,90.0,5.0,5.0,80.0,20.0,50.0,100.0,70.0,100.0,3,2.0,3.0,6.0,4.0,3.0,2.0,5.0,2.0,2.0,COMPLETE
262,262,0.6305418719211823,2025-01-01 15:23:12.574647,2025-01-01 15:23:30.232086,0 days 00:00:17.657439,10,35,90.0,5.0,10.0,80.0,20.0,50.0,100.0,70.0,90.0,3,2.0,3.0,6.0,4.0,2.0,2.0,5.0,2.0,2.0,COMPLETE
263,263,0.6198479391756703,2025-01-01 15:23:30.232984,2025-01-01 15:24:06.275877,0 days 00:00:36.042893,10,35,85.0,5.0,10.0,90.0,20.0,50.0,100.0,65.0,100.0,3,2.0,3.0,6.0,4.0,3.0,2.0,5.0,2.0,2.0,COMPLETE
264,264,0.6072757337742869,2025-01-01 15:24:06.276707,2025-01-01 15:24:33.102881,0 days 00:00:26.826174,9,30,85.0,10.0,20.0,85.0,25.0,55.0,100.0,70.0,,3,2.0,3.0,6.0,4.0,2.0,2.0,5.0,2.0,,COMPLETE
265,265,0.6376811594202898,2025-01-01 15:24:33.103837,2025-01-01 15:24:59.767183,0 days 00:00:26.663346,10,35,90.0,5.0,10.0,90.0,20.0,45.0,100.0,60.0,95.0,3,2.0,3.0,6.0,4.0,2.0,2.0,5.0,2.0,2.0,COMPLETE
266,266,0.666530612244898,2025-01-01 15:24:59.768072,2025-01-01 15:25:15.434971,0 days 00:00:15.666899,10,30,95.0,5.0,15.0,80.0,25.0,50.0,95.0,80.0,90.0,3,2.0,3.0,6.0,4.0,3.0,6.0,2.0,2.0,2.0,COMPLETE
267,267,0.5416666666666666,2025-01-01 15:25:15.435780,2025-01-01 15:25:47.817119,0 days 00:00:32.381339,10,40,90.0,40.0,25.0,65.0,20.0,50.0,100.0,35.0,95.0,2,2.0,3.0,6.0,4.0,2.0,6.0,2.0,2.0,2.0,COMPLETE
268,268,0.6376811594202898,2025-01-01 15:25:47.818094,2025-01-01 15:26:10.483328,0 days 00:00:22.665234,10,35,95.0,10.0,35.0,75.0,15.0,45.0,95.0,65.0,5.0,3,2.0,3.0,6.0,4.0,3.0,2.0,5.0,2.0,3.0,COMPLETE
269,269,0.4065934065934066,2025-01-01 15:26:10.484267,2025-01-01 15:26:37.929005,0 days 00:00:27.444738,10,25,90.0,5.0,20.0,90.0,20.0,50.0,90.0,70.0,10.0,3,2.0,3.0,6.0,4.0,2.0,6.0,2.0,2.0,2.0,COMPLETE
270,270,0.6747474747474748,2025-01-01 15:26:37.930019,2025-01-01 15:26:43.259116,0 days 00:00:05.329097,1,30,,,,,,,,,,3,,,,,,,,,,COMPLETE
271,271,0.6309216192937124,2025-01-01 15:26:43.259666,2025-01-01 15:26:50.236109,0 days 00:00:06.976443,2,30,30.0,,,,,,,,,3,2.0,,,,,,,,,COMPLETE
272,272,0.6613616268788682,2025-01-01 15:26:50.237018,2025-01-01 15:26:55.594741,0 days 00:00:05.357723,1,70,,,,,,,,,,3,,,,,,,,,,COMPLETE
273,273,0.5833333333333333,2025-01-01 15:26:55.595290,2025-01-01 15:27:01.761751,0 days 00:00:06.166461,1,25,,,,,,,,,,4,,,,,,,,,,COMPLETE
274,274,0.7073995771670191,2025-01-01 15:27:01.762325,2025-01-01 15:27:07.048829,0 days 00:00:05.286504,1,30,,,,,,,,,,3,,,,,,,,,,COMPLETE
275,275,0.6532027743778049,2025-01-01 15:27:07.049386,2025-01-01 15:27:12.180878,0 days 00:00:05.131492,1,30,,,,,,,,,,3,,,,,,,,,,COMPLETE
276,276,0.5903010033444815,2025-01-01 15:27:12.181431,2025-01-01 15:27:16.939420,0 days 00:00:04.757989,1,30,,,,,,,,,,3,,,,,,,,,,COMPLETE
277,277,0.6183554817275747,2025-01-01 15:27:16.939963,2025-01-01 15:27:21.680105,0 days 00:00:04.740142,1,30,,,,,,,,,,3,,,,,,,,,,COMPLETE
278,278,0.4583333333333333,2025-01-01 15:27:21.680625,2025-01-01 15:27:54.226565,0 days 00:00:32.545940,9,15,95.0,70.0,40.0,45.0,70.0,95.0,60.0,90.0,,3,2.0,4.0,2.0,4.0,3.0,6.0,2.0,5.0,,COMPLETE
279,279,0.7414634146341463,2025-01-01 15:27:54.227441,2025-01-01 15:27:59.142811,0 days 00:00:04.915370,1,40,,,,,,,,,,3,,,,,,,,,,COMPLETE
280,280,0.6222222222222222,2025-01-01 15:27:59.143440,2025-01-01 15:28:08.156497,0 days 00:00:09.013057,3,40,100.0,100.0,,,,,,,,3,2.0,2.0,,,,,,,,COMPLETE
281,281,0.6794871794871795,2025-01-01 15:28:08.157475,2025-01-01 15:28:30.572676,0 days 00:00:22.415201,10,40,75.0,35.0,95.0,85.0,25.0,60.0,85.0,50.0,5.0,3,2.0,4.0,4.0,5.0,3.0,5.0,2.0,2.0,4.0,COMPLETE
282,282,0.5941558441558441,2025-01-01 15:28:30.573527,2025-01-01 15:28:49.747085,0 days 00:00:19.173558,10,45,75.0,45.0,95.0,85.0,25.0,60.0,85.0,55.0,5.0,3,2.0,4.0,3.0,5.0,3.0,5.0,2.0,3.0,4.0,COMPLETE
283,283,0.5755517826825127,2025-01-01 15:28:49.748050,2025-01-01 15:29:08.266351,0 days 00:00:18.518301,10,40,80.0,30.0,95.0,95.0,10.0,90.0,90.0,50.0,10.0,3,2.0,4.0,4.0,5.0,3.0,5.0,2.0,2.0,4.0,COMPLETE
284,284,0.5993589743589745,2025-01-01 15:29:08.267306,2025-01-01 15:29:50.943049,0 days 00:00:42.675743,10,45,75.0,35.0,90.0,85.0,25.0,55.0,45.0,45.0,5.0,3,2.0,4.0,4.0,5.0,3.0,4.0,6.0,2.0,4.0,COMPLETE
285,285,0.5470338983050848,2025-01-01 15:29:50.944647,2025-01-01 15:30:08.086879,0 days 00:00:17.142232,10,65,70.0,35.0,100.0,45.0,75.0,60.0,85.0,85.0,10.0,3,2.0,4.0,3.0,5.0,2.0,3.0,4.0,2.0,4.0,COMPLETE
286,286,0.6439704675963904,2025-01-01 15:30:08.087714,2025-01-01 15:30:23.667973,0 days 00:00:15.580259,9,40,80.0,95.0,90.0,85.0,10.0,60.0,75.0,55.0,,3,2.0,4.0,4.0,5.0,5.0,5.0,2.0,2.0,,COMPLETE
287,287,0.5189542483660131,2025-01-01 15:30:23.668790,2025-01-01 15:30:39.853801,0 days 00:00:16.185011,4,60,75.0,95.0,95.0,,,,,,,3,2.0,4.0,6.0,,,,,,,COMPLETE
288,288,0.5416666666666666,2025-01-01 15:30:39.854614,2025-01-01 15:31:11.588793,0 days 00:00:31.734179,10,45,80.0,40.0,95.0,55.0,30.0,55.0,35.0,80.0,65.0,3,2.0,2.0,6.0,5.0,6.0,6.0,3.0,4.0,4.0,COMPLETE
289,289,0.6565656565656566,2025-01-01 15:31:11.589786,2025-01-01 15:31:31.184972,0 days 00:00:19.595186,5,65,85.0,100.0,100.0,95.0,,,,,,3,2.0,2.0,6.0,5.0,,,,,,COMPLETE
290,290,0.7181964573268921,2025-01-01 15:31:31.185645,2025-01-01 15:32:09.301839,0 days 00:00:38.116194,10,95,100.0,50.0,90.0,95.0,25.0,55.0,90.0,5.0,5.0,3,2.0,2.0,6.0,5.0,3.0,5.0,2.0,2.0,4.0,COMPLETE
291,291,0.522149302707137,2025-01-01 15:32:09.302747,2025-01-01 15:32:25.994800,0 days 00:00:16.692053,10,95,85.0,45.0,90.0,90.0,25.0,55.0,55.0,25.0,5.0,3,2.0,2.0,6.0,4.0,2.0,5.0,2.0,2.0,4.0,COMPLETE
292,292,0.5635162601626016,2025-01-01 15:32:25.995896,2025-01-01 15:33:04.641104,0 days 00:00:38.645208,10,95,75.0,50.0,90.0,95.0,30.0,60.0,95.0,5.0,5.0,2,2.0,4.0,6.0,6.0,3.0,5.0,3.0,2.0,3.0,COMPLETE
293,293,0.542148053059478,2025-01-01 15:33:04.641999,2025-01-01 15:33:39.667683,0 days 00:00:35.025684,10,95,100.0,50.0,85.0,85.0,25.0,55.0,90.0,40.0,10.0,3,2.0,2.0,6.0,4.0,2.0,5.0,2.0,2.0,4.0,COMPLETE
294,294,0.5438024231127679,2025-01-01 15:33:39.668644,2025-01-01 15:34:08.085759,0 days 00:00:28.417115,10,75,35.0,65.0,90.0,90.0,25.0,65.0,95.0,5.0,5.0,3,3.0,2.0,6.0,3.0,3.0,5.0,5.0,2.0,4.0,COMPLETE
295,295,0.6753246753246753,2025-01-01 15:34:08.086684,2025-01-01 15:34:20.369785,0 days 00:00:12.283101,9,100,85.0,50.0,85.0,100.0,30.0,55.0,90.0,95.0,,3,2.0,2.0,6.0,2.0,2.0,5.0,2.0,3.0,,COMPLETE
296,296,0.6460720130932898,2025-01-01 15:34:20.370526,2025-01-01 15:34:46.831532,0 days 00:00:26.461006,10,95,80.0,55.0,85.0,50.0,25.0,60.0,5.0,10.0,15.0,3,2.0,2.0,4.0,4.0,3.0,4.0,2.0,2.0,2.0,COMPLETE
297,297,0.52,2025-01-01 15:34:46.832319,2025-01-01 15:35:08.556183,0 days 00:00:21.723864,6,100,100.0,30.0,90.0,85.0,75.0,,,,,3,2.0,2.0,6.0,5.0,3.0,,,,,COMPLETE
298,298,0.6666666666666666,2025-01-01 15:35:08.557002,2025-01-01 15:35:46.394596,0 days 00:00:37.837594,10,90,70.0,100.0,85.0,95.0,25.0,80.0,95.0,20.0,20.0,3,2.0,4.0,6.0,4.0,2.0,3.0,2.0,6.0,3.0,COMPLETE
299,299,0.44821731748726656,2025-01-01 15:35:46.395571,2025-01-01 15:36:06.812238,0 days 00:00:20.416667,6,60,95.0,60.0,95.0,40.0,30.0,,,,,3,2.0,2.0,2.0,4.0,3.0,,,,,COMPLETE
300,300,0.512987012987013,2025-01-01 15:36:06.813001,2025-01-01 15:36:26.231105,0 days 00:00:19.418104,10,40,45.0,75.0,80.0,90.0,20.0,45.0,95.0,100.0,10.0,3,2.0,2.0,6.0,4.0,2.0,5.0,5.0,2.0,4.0,COMPLETE
301,301,0.5308037535699714,2025-01-01 15:36:26.231919,2025-01-01 15:36:59.948187,0 days 00:00:33.716268,10,60,100.0,25.0,95.0,90.0,65.0,35.0,85.0,60.0,15.0,3,2.0,2.0,6.0,5.0,2.0,6.0,2.0,2.0,2.0,COMPLETE
302,302,0.4896103896103896,2025-01-01 15:36:59.949104,2025-01-01 15:37:23.834759,0 days 00:00:23.885655,10,65,100.0,95.0,90.0,40.0,25.0,55.0,10.0,65.0,5.0,3,2.0,2.0,6.0,4.0,3.0,6.0,4.0,2.0,2.0,COMPLETE
303,303,0.4900040799673603,2025-01-01 15:37:23.835714,2025-01-01 15:38:04.421437,0 days 00:00:40.585723,10,90,35.0,100.0,85.0,85.0,100.0,30.0,30.0,75.0,10.0,3,6.0,2.0,6.0,4.0,2.0,6.0,5.0,4.0,4.0,COMPLETE
304,304,0.5941558441558441,2025-01-01 15:38:04.422368,2025-01-01 15:38:34.110283,0 days 00:00:29.687915,7,60,90.0,70.0,80.0,100.0,20.0,45.0,,,,3,3.0,4.0,6.0,4.0,3.0,6.0,,,,COMPLETE
305,305,0.5894909688013137,2025-01-01 15:38:34.111193,2025-01-01 15:39:07.499476,0 days 00:00:33.388283,10,60,85.0,55.0,85.0,95.0,25.0,25.0,90.0,75.0,40.0,3,2.0,2.0,6.0,5.0,2.0,6.0,2.0,2.0,3.0,COMPLETE
306,306,0.5032813781788351,2025-01-01 15:39:07.500384,2025-01-01 15:39:36.012660,0 days 00:00:28.512276,9,60,80.0,40.0,75.0,70.0,35.0,55.0,100.0,15.0,,3,2.0,2.0,6.0,4.0,3.0,5.0,2.0,2.0,,COMPLETE
307,307,0.5453061224489797,2025-01-01 15:39:36.013433,2025-01-01 15:40:08.423335,0 days 00:00:32.409902,10,95,95.0,45.0,35.0,100.0,15.0,75.0,80.0,90.0,5.0,3,2.0,2.0,6.0,4.0,2.0,3.0,2.0,5.0,2.0,COMPLETE
308,308,0.4773139745916515,2025-01-01 15:40:08.424347,2025-01-01 15:40:23.071717,0 days 00:00:14.647370,5,55,40.0,75.0,90.0,90.0,,,,,,2,2.0,2.0,3.0,4.0,,,,,,COMPLETE
309,309,0.512987012987013,2025-01-01 15:40:23.072337,2025-01-01 15:40:45.318771,0 days 00:00:22.246434,6,35,75.0,100.0,95.0,85.0,25.0,,,,,3,2.0,2.0,6.0,5.0,3.0,,,,,COMPLETE
310,310,0.7083333333333333,2025-01-01 15:40:45.319516,2025-01-01 15:40:50.237444,0 days 00:00:04.917928,1,90,,,,,,,,,,3,,,,,,,,,,COMPLETE
311,311,0.6726959517657192,2025-01-01 15:40:50.238046,2025-01-01 15:40:55.453785,0 days 00:00:05.215739,1,90,,,,,,,,,,3,,,,,,,,,,COMPLETE
312,312,0.6729559748427673,2025-01-01 15:40:55.454360,2025-01-01 15:41:00.345953,0 days 00:00:04.891593,1,70,,,,,,,,,,3,,,,,,,,,,COMPLETE
313,313,0.6473063973063973,2025-01-01 15:41:00.346809,2025-01-01 15:41:05.162500,0 days 00:00:04.815691,1,95,,,,,,,,,,3,,,,,,,,,,COMPLETE
314,314,0.6309216192937124,2025-01-01 15:41:05.163088,2025-01-01 15:41:10.447687,0 days 00:00:05.284599,1,90,,,,,,,,,,3,,,,,,,,,,COMPLETE
315,315,0.6419482229047828,2025-01-01 15:41:10.448229,2025-01-01 15:41:15.304547,0 days 00:00:04.856318,1,90,,,,,,,,,,3,,,,,,,,,,COMPLETE
316,316,0.6473063973063973,2025-01-01 15:41:15.305111,2025-01-01 15:41:20.285416,0 days 00:00:04.980305,1,40,,,,,,,,,,3,,,,,,,,,,COMPLETE
317,317,0.696969696969697,2025-01-01 15:41:20.286010,2025-01-01 15:41:25.472503,0 days 00:00:05.186493,1,100,,,,,,,,,,3,,,,,,,,,,COMPLETE
318,318,0.6643356643356644,2025-01-01 15:41:25.473096,2025-01-01 15:41:30.025947,0 days 00:00:04.552851,1,100,,,,,,,,,,3,,,,,,,,,,COMPLETE
319,319,0.6311688311688312,2025-01-01 15:41:30.026649,2025-01-01 15:41:34.840739,0 days 00:00:04.814090,1,80,,,,,,,,,,3,,,,,,,,,,COMPLETE
320,320,0.6604010025062657,2025-01-01 15:41:34.841316,2025-01-01 15:41:39.653500,0 days 00:00:04.812184,1,100,,,,,,,,,,3,,,,,,,,,,COMPLETE
321,321,0.7751355861493534,2025-01-01 15:41:39.654088,2025-01-01 15:41:44.423608,0 days 00:00:04.769520,1,95,,,,,,,,,,3,,,,,,,,,,COMPLETE
322,322,0.624524312896406,2025-01-01 15:41:44.424275,2025-01-01 15:41:49.213234,0 days 00:00:04.788959,1,100,,,,,,,,,,3,,,,,,,,,,COMPLETE
323,323,0.609643605870021,2025-01-01 15:41:49.213787,2025-01-01 15:41:54.066043,0 days 00:00:04.852256,1,95,,,,,,,,,,3,,,,,,,,,,COMPLETE
324,324,0.7027972027972028,2025-01-01 15:41:54.066609,2025-01-01 15:41:59.127206,0 days 00:00:05.060597,1,95,,,,,,,,,,3,,,,,,,,,,COMPLETE
325,325,0.6309216192937124,2025-01-01 15:41:59.127802,2025-01-01 15:42:03.910215,0 days 00:00:04.782413,1,95,,,,,,,,,,3,,,,,,,,,,COMPLETE
326,326,0.684577522559475,2025-01-01 15:42:03.910764,2025-01-01 15:42:08.698184,0 days 00:00:04.787420,1,95,,,,,,,,,,3,,,,,,,,,,COMPLETE
327,327,0.6993996569468267,2025-01-01 15:42:08.698767,2025-01-01 15:42:13.455167,0 days 00:00:04.756400,1,100,,,,,,,,,,3,,,,,,,,,,COMPLETE
328,328,0.6608161474330847,2025-01-01 15:42:13.455715,2025-01-01 15:42:18.300283,0 days 00:00:04.844568,1,100,,,,,,,,,,3,,,,,,,,,,COMPLETE
329,329,0.7004255319148935,2025-01-01 15:42:18.301149,2025-01-01 15:42:23.931170,0 days 00:00:05.630021,1,100,,,,,,,,,,3,,,,,,,,,,COMPLETE
330,330,0.6321428571428571,2025-01-01 15:42:23.931839,2025-01-01 15:42:28.932431,0 days 00:00:05.000592,1,100,,,,,,,,,,3,,,,,,,,,,COMPLETE
331,331,0.7227272727272727,2025-01-01 15:42:28.933019,2025-01-01 15:42:34.217059,0 days 00:00:05.284040,1,100,,,,,,,,,,3,,,,,,,,,,COMPLETE
332,332,0.6498257839721254,2025-01-01 15:42:34.217626,2025-01-01 15:42:39.183803,0 days 00:00:04.966177,1,100,,,,,,,,,,3,,,,,,,,,,COMPLETE
333,333,0.6731601731601732,2025-01-01 15:42:39.184360,2025-01-01 15:42:44.139599,0 days 00:00:04.955239,1,95,,,,,,,,,,3,,,,,,,,,,COMPLETE
334,334,0.684577522559475,2025-01-01 15:42:44.140193,2025-01-01 15:42:49.073455,0 days 00:00:04.933262,1,100,,,,,,,,,,3,,,,,,,,,,COMPLETE
335,335,0.6488095238095238,2025-01-01 15:42:49.074118,2025-01-01 15:42:53.963406,0 days 00:00:04.889288,1,100,,,,,,,,,,3,,,,,,,,,,COMPLETE
336,336,0.6318681318681318,2025-01-01 15:42:53.964337,2025-01-01 15:42:58.926067,0 days 00:00:04.961730,1,100,,,,,,,,,,3,,,,,,,,,,COMPLETE
337,337,0.684577522559475,2025-01-01 15:42:58.926657,2025-01-01 15:43:03.892463,0 days 00:00:04.965806,1,100,,,,,,,,,,3,,,,,,,,,,COMPLETE
338,338,0.4652406417112299,2025-01-01 15:43:03.893041,2025-01-01 15:43:11.409651,0 days 00:00:07.516610,2,95,30.0,,,,,,,,,2,3.0,,,,,,,,,COMPLETE
339,339,0.6428571428571428,2025-01-01 15:43:11.410340,2025-01-01 15:43:16.335327,0 days 00:00:04.924987,1,100,,,,,,,,,,3,,,,,,,,,,COMPLETE
340,340,0.6161616161616161,2025-01-01 15:43:16.335917,2025-01-01 15:43:21.331894,0 days 00:00:04.995977,1,95,,,,,,,,,,3,,,,,,,,,,COMPLETE
341,341,0.6311688311688312,2025-01-01 15:43:21.332467,2025-01-01 15:43:26.224509,0 days 00:00:04.892042,1,100,,,,,,,,,,3,,,,,,,,,,COMPLETE
342,342,0.6547518923465097,2025-01-01 15:43:26.225123,2025-01-01 15:43:31.499534,0 days 00:00:05.274411,1,95,,,,,,,,,,3,,,,,,,,,,COMPLETE
343,343,0.6587715776796468,2025-01-01 15:43:31.500137,2025-01-01 15:43:36.345484,0 days 00:00:04.845347,1,100,,,,,,,,,,3,,,,,,,,,,COMPLETE
344,344,0.625,2025-01-01 15:43:36.346079,2025-01-01 15:43:44.838024,0 days 00:00:08.491945,2,95,25.0,,,,,,,,,3,3.0,,,,,,,,,COMPLETE
345,345,0.6124031007751938,2025-01-01 15:43:44.838634,2025-01-01 15:43:49.815343,0 days 00:00:04.976709,1,100,,,,,,,,,,3,,,,,,,,,,COMPLETE
346,346,0.6657095980311731,2025-01-01 15:43:49.815902,2025-01-01 15:43:54.738512,0 days 00:00:04.922610,1,95,,,,,,,,,,3,,,,,,,,,,COMPLETE
347,347,0.7444444444444445,2025-01-01 15:43:54.739117,2025-01-01 15:43:59.600567,0 days 00:00:04.861450,1,95,,,,,,,,,,3,,,,,,,,,,COMPLETE
348,348,0.7132107023411371,2025-01-01 15:43:59.601145,2025-01-01 15:44:04.544449,0 days 00:00:04.943304,1,95,,,,,,,,,,3,,,,,,,,,,COMPLETE
349,349,0.6539451114922813,2025-01-01 15:44:04.545110,2025-01-01 15:44:09.565513,0 days 00:00:05.020403,1,95,,,,,,,,,,3,,,,,,,,,,COMPLETE
350,350,0.734006734006734,2025-01-01 15:44:09.566116,2025-01-01 15:44:17.652438,0 days 00:00:08.086322,2,95,45.0,,,,,,,,,3,3.0,,,,,,,,,COMPLETE
351,351,0.7083333333333333,2025-01-01 15:44:17.653223,2025-01-01 15:44:22.603374,0 days 00:00:04.950151,1,90,,,,,,,,,,3,,,,,,,,,,COMPLETE
352,352,0.7416943521594684,2025-01-01 15:44:22.604041,2025-01-01 15:44:30.741818,0 days 00:00:08.137777,2,90,50.0,,,,,,,,,3,3.0,,,,,,,,,COMPLETE
353,353,0.6451048951048951,2025-01-01 15:44:30.742419,2025-01-01 15:44:38.777096,0 days 00:00:08.034677,2,90,50.0,,,,,,,,,3,3.0,,,,,,,,,COMPLETE
354,354,0.6365914786967418,2025-01-01 15:44:38.777832,2025-01-01 15:44:46.835122,0 days 00:00:08.057290,2,90,50.0,,,,,,,,,3,3.0,,,,,,,,,COMPLETE
355,355,0.6933667083854819,2025-01-01 15:44:46.835749,2025-01-01 15:44:50.768655,0 days 00:00:03.932906,1,90,,,,,,,,,,2,,,,,,,,,,COMPLETE
356,356,0.7071078431372549,2025-01-01 15:44:50.769320,2025-01-01 15:44:58.848160,0 days 00:00:08.078840,2,90,55.0,,,,,,,,,3,3.0,,,,,,,,,COMPLETE
357,357,0.76,2025-01-01 15:44:58.848766,2025-01-01 15:45:06.668320,0 days 00:00:07.819554,2,90,55.0,,,,,,,,,3,3.0,,,,,,,,,COMPLETE
358,358,0.6072757337742869,2025-01-01 15:45:06.668898,2025-01-01 15:45:15.100339,0 days 00:00:08.431441,2,90,55.0,,,,,,,,,3,3.0,,,,,,,,,COMPLETE
359,359,0.5941558441558441,2025-01-01 15:45:15.100975,2025-01-01 15:45:23.137261,0 days 00:00:08.036286,2,90,60.0,,,,,,,,,3,3.0,,,,,,,,,COMPLETE
360,360,0.6989160979526294,2025-01-01 15:45:23.137944,2025-01-01 15:45:31.113445,0 days 00:00:07.975501,2,85,65.0,,,,,,,,,3,3.0,,,,,,,,,COMPLETE
361,361,0.7444444444444445,2025-01-01 15:45:31.114038,2025-01-01 15:45:39.182333,0 days 00:00:08.068295,2,90,60.0,,,,,,,,,3,3.0,,,,,,,,,COMPLETE
362,362,0.6862745098039216,2025-01-01 15:45:39.182943,2025-01-01 15:45:47.803321,0 days 00:00:08.620378,2,90,55.0,,,,,,,,,3,3.0,,,,,,,,,COMPLETE
363,363,0.7037037037037037,2025-01-01 15:45:47.804095,2025-01-01 15:45:55.746956,0 days 00:00:07.942861,2,90,60.0,,,,,,,,,3,3.0,,,,,,,,,COMPLETE
364,364,0.7181964573268921,2025-01-01 15:45:55.747563,2025-01-01 15:46:03.590659,0 days 00:00:07.843096,2,90,55.0,,,,,,,,,3,3.0,,,,,,,,,COMPLETE
365,365,0.6753246753246753,2025-01-01 15:46:03.591276,2025-01-01 15:46:11.398857,0 days 00:00:07.807581,2,90,60.0,,,,,,,,,3,3.0,,,,,,,,,COMPLETE
366,366,0.6063424947145877,2025-01-01 15:46:11.399558,2025-01-01 15:46:19.092430,0 days 00:00:07.692872,2,85,55.0,,,,,,,,,3,3.0,,,,,,,,,COMPLETE
367,367,0.7564935064935066,2025-01-01 15:46:19.093018,2025-01-01 15:46:26.810924,0 days 00:00:07.717906,2,90,60.0,,,,,,,,,3,3.0,,,,,,,,,COMPLETE
368,368,0.7181964573268921,2025-01-01 15:46:26.811534,2025-01-01 15:46:34.546592,0 days 00:00:07.735058,2,90,60.0,,,,,,,,,3,3.0,,,,,,,,,COMPLETE
369,369,0.7251845775225595,2025-01-01 15:46:34.547526,2025-01-01 15:46:42.764445,0 days 00:00:08.216919,2,90,55.0,,,,,,,,,3,3.0,,,,,,,,,COMPLETE
370,370,0.6379834854411126,2025-01-01 15:46:42.765027,2025-01-01 15:46:50.020822,0 days 00:00:07.255795,2,85,60.0,,,,,,,,,3,3.0,,,,,,,,,COMPLETE
371,371,0.7488372093023257,2025-01-01 15:46:50.021413,2025-01-01 15:46:57.963113,0 days 00:00:07.941700,2,85,65.0,,,,,,,,,3,3.0,,,,,,,,,COMPLETE
372,372,0.7251845775225595,2025-01-01 15:46:57.964014,2025-01-01 15:47:05.732299,0 days 00:00:07.768285,2,90,65.0,,,,,,,,,3,3.0,,,,,,,,,COMPLETE
373,373,0.6409090909090909,2025-01-01 15:47:05.732912,2025-01-01 15:47:14.203657,0 days 00:00:08.470745,2,85,60.0,,,,,,,,,3,3.0,,,,,,,,,COMPLETE
374,374,0.6319686411149825,2025-01-01 15:47:14.204291,2025-01-01 15:47:28.012139,0 days 00:00:13.807848,3,90,65.0,15.0,,,,,,,,3,3.0,6.0,,,,,,,,COMPLETE
375,375,0.4945054945054945,2025-01-01 15:47:28.012875,2025-01-01 15:47:35.038025,0 days 00:00:07.025150,2,85,65.0,,,,,,,,,2,3.0,,,,,,,,,COMPLETE
376,376,0.696969696969697,2025-01-01 15:47:35.038623,2025-01-01 15:47:43.055942,0 days 00:00:08.017319,2,90,55.0,,,,,,,,,3,3.0,,,,,,,,,COMPLETE
377,377,0.696969696969697,2025-01-01 15:47:43.056747,2025-01-01 15:47:51.081987,0 days 00:00:08.025240,2,85,65.0,,,,,,,,,3,3.0,,,,,,,,,COMPLETE
378,378,0.6659619450317125,2025-01-01 15:47:51.082597,2025-01-01 15:47:59.166679,0 days 00:00:08.084082,2,90,60.0,,,,,,,,,3,3.0,,,,,,,,,COMPLETE
379,379,0.7017094017094017,2025-01-01 15:47:59.167240,2025-01-01 15:48:07.094459,0 days 00:00:07.927219,2,85,50.0,,,,,,,,,3,3.0,,,,,,,,,COMPLETE
380,380,0.684577522559475,2025-01-01 15:48:07.095090,2025-01-01 15:48:18.008946,0 days 00:00:10.913856,3,90,55.0,20.0,,,,,,,,3,3.0,3.0,,,,,,,,COMPLETE
381,381,0.5170580416482056,2025-01-01 15:48:18.009579,2025-01-01 15:48:27.167852,0 days 00:00:09.158273,2,95,60.0,,,,,,,,,4,3.0,,,,,,,,,COMPLETE
382,382,0.6587715776796468,2025-01-01 15:48:27.168480,2025-01-01 15:48:35.143740,0 days 00:00:07.975260,2,90,65.0,,,,,,,,,3,3.0,,,,,,,,,COMPLETE
383,383,0.7071078431372549,2025-01-01 15:48:35.144372,2025-01-01 15:48:43.149683,0 days 00:00:08.005311,2,95,50.0,,,,,,,,,3,3.0,,,,,,,,,COMPLETE
384,384,0.7181964573268921,2025-01-01 15:48:43.150287,2025-01-01 15:48:51.773031,0 days 00:00:08.622744,2,85,55.0,,,,,,,,,3,3.0,,,,,,,,,COMPLETE
385,385,0.7126436781609196,2025-01-01 15:48:51.773621,2025-01-01 15:48:59.818694,0 days 00:00:08.045073,2,85,55.0,,,,,,,,,3,3.0,,,,,,,,,COMPLETE
386,386,0.6287878787878788,2025-01-01 15:48:59.819485,2025-01-01 15:49:07.853989,0 days 00:00:08.034504,2,85,60.0,,,,,,,,,3,3.0,,,,,,,,,COMPLETE
387,387,0.6131202691337259,2025-01-01 15:49:07.854593,2025-01-01 15:49:22.209474,0 days 00:00:14.354881,3,80,55.0,10.0,,,,,,,,3,3.0,5.0,,,,,,,,COMPLETE
388,388,0.7063166529942575,2025-01-01 15:49:22.210635,2025-01-01 15:49:30.255708,0 days 00:00:08.045073,2,90,50.0,,,,,,,,,3,3.0,,,,,,,,,COMPLETE
389,389,0.7132107023411371,2025-01-01 15:49:30.256357,2025-01-01 15:49:38.337522,0 days 00:00:08.081165,2,95,55.0,,,,,,,,,3,3.0,,,,,,,,,COMPLETE
390,390,0.6779448621553885,2025-01-01 15:49:38.338113,2025-01-01 15:49:46.400794,0 days 00:00:08.062681,2,90,60.0,,,,,,,,,3,3.0,,,,,,,,,COMPLETE
391,391,0.719551282051282,2025-01-01 15:49:46.401494,2025-01-01 15:49:54.506493,0 days 00:00:08.104999,2,85,65.0,,,,,,,,,3,3.0,,,,,,,,,COMPLETE
392,392,0.7348021215830274,2025-01-01 15:49:54.507137,2025-01-01 15:50:02.967911,0 days 00:00:08.460774,2,80,65.0,,,,,,,,,3,3.0,,,,,,,,,COMPLETE
393,393,0.662962962962963,2025-01-01 15:50:02.968599,2025-01-01 15:50:11.068821,0 days 00:00:08.100222,2,85,65.0,,,,,,,,,3,3.0,,,,,,,,,COMPLETE
394,394,0.624524312896406,2025-01-01 15:50:11.069435,2025-01-01 15:50:19.020283,0 days 00:00:07.950848,2,80,65.0,,,,,,,,,3,3.0,,,,,,,,,COMPLETE
395,395,0.7126436781609196,2025-01-01 15:50:19.020920,2025-01-01 15:50:26.923632,0 days 00:00:07.902712,2,85,70.0,,,,,,,,,3,3.0,,,,,,,,,COMPLETE
396,396,0.7227272727272727,2025-01-01 15:50:26.924251,2025-01-01 15:50:33.941620,0 days 00:00:07.017369,2,90,60.0,,,,,,,,,2,3.0,,,,,,,,,COMPLETE
397,397,0.7799119647859143,2025-01-01 15:50:33.942451,2025-01-01 15:50:44.719603,0 days 00:00:10.777152,3,90,60.0,65.0,,,,,,,,3,3.0,3.0,,,,,,,,COMPLETE
398,398,0.47929249352890424,2025-01-01 15:50:44.720206,2025-01-01 15:50:54.422320,0 days 00:00:09.702114,3,90,70.0,65.0,,,,,,,,2,3.0,3.0,,,,,,,,COMPLETE
399,399,0.6347402597402598,2025-01-01 15:50:54.423055,2025-01-01 15:51:03.362824,0 days 00:00:08.939769,3,95,65.0,60.0,,,,,,,,2,3.0,3.0,,,,,,,,COMPLETE
400,400,0.4897435897435898,2025-01-01 15:51:03.363434,2025-01-01 15:51:10.129096,0 days 00:00:06.765662,2,90,60.0,,,,,,,,,2,3.0,,,,,,,,,COMPLETE
401,401,0.5384615384615385,2025-01-01 15:51:10.129715,2025-01-01 15:51:16.911188,0 days 00:00:06.781473,2,90,65.0,,,,,,,,,2,3.0,,,,,,,,,COMPLETE
402,402,0.5277777777777778,2025-01-01 15:51:16.911825,2025-01-01 15:51:23.717987,0 days 00:00:06.806162,2,90,70.0,,,,,,,,,2,3.0,,,,,,,,,COMPLETE
403,403,0.46374946374946374,2025-01-01 15:51:23.718588,2025-01-01 15:51:36.034150,0 days 00:00:12.315562,3,95,65.0,60.0,,,,,,,,2,3.0,5.0,,,,,,,,COMPLETE
404,404,0.4945054945054945,2025-01-01 15:51:36.034819,2025-01-01 15:51:42.978543,0 days 00:00:06.943724,2,85,60.0,,,,,,,,,2,3.0,,,,,,,,,COMPLETE
405,405,0.5438596491228069,2025-01-01 15:51:42.979164,2025-01-01 15:51:49.866761,0 days 00:00:06.887597,2,90,50.0,,,,,,,,,2,3.0,,,,,,,,,COMPLETE
406,406,0.528125,2025-01-01 15:51:49.867367,2025-01-01 15:51:56.579343,0 days 00:00:06.711976,2,95,60.0,,,,,,,,,2,3.0,,,,,,,,,COMPLETE
407,407,0.6375105130361649,2025-01-01 15:51:56.579954,2025-01-01 15:52:04.883343,0 days 00:00:08.303389,2,90,65.0,,,,,,,,,3,3.0,,,,,,,,,COMPLETE
408,408,0.72,2025-01-01 15:52:04.883961,2025-01-01 15:52:12.724273,0 days 00:00:07.840312,2,85,60.0,,,,,,,,,3,3.0,,,,,,,,,COMPLETE
409,409,0.6409090909090909,2025-01-01 15:52:12.725426,2025-01-01 15:52:20.665892,0 days 00:00:07.940466,2,85,60.0,,,,,,,,,3,3.0,,,,,,,,,COMPLETE
410,410,0.7037037037037037,2025-01-01 15:52:20.666621,2025-01-01 15:52:28.640602,0 days 00:00:07.973981,2,80,65.0,,,,,,,,,3,3.0,,,,,,,,,COMPLETE
411,411,0.7005813953488372,2025-01-01 15:52:28.641330,2025-01-01 15:52:37.306916,0 days 00:00:08.665586,2,80,60.0,,,,,,,,,3,3.0,,,,,,,,,COMPLETE
412,412,0.6037037037037036,2025-01-01 15:52:37.307535,2025-01-01 15:52:45.931475,0 days 00:00:08.623940,2,85,60.0,,,,,,,,,3,3.0,,,,,,,,,COMPLETE
413,413,0.6131202691337259,2025-01-01 15:52:45.932156,2025-01-01 15:52:58.869645,0 days 00:00:12.937489,3,85,70.0,65.0,,,,,,,,4,3.0,3.0,,,,,,,,COMPLETE
414,414,0.6199556541019955,2025-01-01 15:52:58.870397,2025-01-01 15:53:06.938533,0 days 00:00:08.068136,2,95,65.0,,,,,,,,,3,3.0,,,,,,,,,COMPLETE
415,415,0.705810147299509,2025-01-01 15:53:06.939184,2025-01-01 15:53:15.020186,0 days 00:00:08.081002,2,85,60.0,,,,,,,,,3,3.0,,,,,,,,,COMPLETE
416,416,0.47466216216216217,2025-01-01 15:53:15.020832,2025-01-01 15:53:21.969452,0 days 00:00:06.948620,2,90,70.0,,,,,,,,,2,3.0,,,,,,,,,COMPLETE
417,417,0.6347402597402598,2025-01-01 15:53:21.970091,2025-01-01 15:53:29.793641,0 days 00:00:07.823550,2,95,45.0,,,,,,,,,3,3.0,,,,,,,,,COMPLETE
418,418,0.702939885914875,2025-01-01 15:53:29.794262,2025-01-01 15:53:37.604284,0 days 00:00:07.810022,2,90,55.0,,,,,,,,,3,3.0,,,,,,,,,COMPLETE
419,419,0.7221269296740995,2025-01-01 15:53:37.604900,2025-01-01 15:53:48.425084,0 days 00:00:10.820184,3,80,65.0,55.0,,,,,,,,3,3.0,3.0,,,,,,,,COMPLETE
420,420,0.5716034271725826,2025-01-01 15:53:48.425881,2025-01-01 15:54:00.096533,0 days 00:00:11.670652,3,80,65.0,65.0,,,,,,,,3,3.0,3.0,,,,,,,,COMPLETE
421,421,0.7227272727272727,2025-01-01 15:54:00.097345,2025-01-01 15:54:17.556084,0 days 00:00:17.458739,4,75,65.0,65.0,5.0,,,,,,,3,3.0,3.0,5.0,,,,,,,COMPLETE
422,422,0.7342511472674176,2025-01-01 15:54:17.556827,2025-01-01 15:54:29.136426,0 days 00:00:11.579599,3,75,60.0,65.0,,,,,,,,3,3.0,3.0,,,,,,,,COMPLETE
423,423,0.5809565598946906,2025-01-01 15:54:29.137086,2025-01-01 15:54:46.720484,0 days 00:00:17.583398,4,75,60.0,65.0,5.0,,,,,,,3,3.0,3.0,5.0,,,,,,,COMPLETE
424,424,0.5329059829059829,2025-01-01 15:54:46.721320,2025-01-01 15:55:04.377662,0 days 00:00:17.656342,4,80,60.0,70.0,15.0,,,,,,,3,3.0,3.0,5.0,,,,,,,COMPLETE
425,425,0.6227272727272728,2025-01-01 15:55:04.378515,2025-01-01 15:55:15.319718,0 days 00:00:10.941203,3,75,60.0,65.0,,,,,,,,3,3.0,3.0,,,,,,,,COMPLETE
426,426,0.7475490196078431,2025-01-01 15:55:15.320356,2025-01-01 15:55:26.324213,0 days 00:00:11.003857,3,75,55.0,60.0,,,,,,,,3,3.0,3.0,,,,,,,,COMPLETE
427,427,0.6666666666666667,2025-01-01 15:55:26.325018,2025-01-01 15:55:37.381129,0 days 00:00:11.056111,3,70,55.0,60.0,,,,,,,,3,3.0,3.0,,,,,,,,COMPLETE
428,428,0.6794871794871795,2025-01-01 15:55:37.381897,2025-01-01 15:55:48.205956,0 days 00:00:10.824059,3,80,70.0,55.0,,,,,,,,3,3.0,3.0,,,,,,,,COMPLETE
429,429,0.6006725514922235,2025-01-01 15:55:48.206709,2025-01-01 15:55:58.148119,0 days 00:00:09.941410,3,75,50.0,70.0,,,,,,,,2,3.0,3.0,,,,,,,,COMPLETE
430,430,0.7132107023411371,2025-01-01 15:55:58.148785,2025-01-01 15:56:08.959461,0 days 00:00:10.810676,3,75,55.0,60.0,,,,,,,,3,3.0,3.0,,,,,,,,COMPLETE
431,431,0.5649509803921569,2025-01-01 15:56:08.960136,2025-01-01 15:56:25.105800,0 days 00:00:16.145664,4,75,65.0,65.0,40.0,,,,,,,3,3.0,3.0,5.0,,,,,,,COMPLETE
432,432,0.5590909090909091,2025-01-01 15:56:25.106598,2025-01-01 15:56:36.040287,0 days 00:00:10.933689,3,75,65.0,55.0,,,,,,,,3,3.0,3.0,,,,,,,,COMPLETE
433,433,0.6365914786967418,2025-01-01 15:56:36.040964,2025-01-01 15:56:46.923610,0 days 00:00:10.882646,3,75,55.0,65.0,,,,,,,,3,3.0,3.0,,,,,,,,COMPLETE
434,434,0.6183554817275747,2025-01-01 15:56:46.924264,2025-01-01 15:56:57.720238,0 days 00:00:10.795974,3,80,50.0,60.0,,,,,,,,3,3.0,3.0,,,,,,,,COMPLETE
435,435,0.6222222222222222,2025-01-01 15:56:57.720934,2025-01-01 15:57:13.956891,0 days 00:00:16.235957,4,75,55.0,70.0,30.0,,,,,,,3,3.0,3.0,5.0,,,,,,,COMPLETE
436,436,0.5409090909090909,2025-01-01 15:57:13.957835,2025-01-01 15:57:32.912134,0 days 00:00:18.954299,4,70,65.0,65.0,5.0,,,,,,,3,3.0,3.0,5.0,,,,,,,COMPLETE
437,437,0.7045454545454546,2025-01-01 15:57:32.912996,2025-01-01 15:57:44.004713,0 days 00:00:11.091717,3,80,60.0,55.0,,,,,,,,3,3.0,3.0,,,,,,,,COMPLETE
438,438,0.6892177589852009,2025-01-01 15:57:44.005368,2025-01-01 15:57:55.058854,0 days 00:00:11.053486,3,70,70.0,60.0,,,,,,,,3,3.0,3.0,,,,,,,,COMPLETE
439,439,0.772093023255814,2025-01-01 15:57:55.059495,2025-01-01 15:58:06.148739,0 days 00:00:11.089244,3,90,55.0,70.0,,,,,,,,3,3.0,3.0,,,,,,,,COMPLETE
440,440,0.7251845775225595,2025-01-01 15:58:06.149399,2025-01-01 15:58:16.939725,0 days 00:00:10.790326,3,90,50.0,70.0,,,,,,,,3,3.0,3.0,,,,,,,,COMPLETE
441,441,0.488135593220339,2025-01-01 15:58:16.940392,2025-01-01 15:58:26.853905,0 days 00:00:09.913513,3,90,50.0,70.0,,,,,,,,2,3.0,3.0,,,,,,,,COMPLETE
442,442,0.662962962962963,2025-01-01 15:58:26.854565,2025-01-01 15:58:37.774965,0 days 00:00:10.920400,3,90,50.0,70.0,,,,,,,,3,3.0,3.0,,,,,,,,COMPLETE
443,443,0.6572890025575449,2025-01-01 15:58:37.775587,2025-01-01 15:58:48.787187,0 days 00:00:11.011600,3,90,55.0,75.0,,,,,,,,3,3.0,3.0,,,,,,,,COMPLETE
444,444,0.6587715776796468,2025-01-01 15:58:48.787979,2025-01-01 15:58:59.670081,0 days 00:00:10.882102,3,95,50.0,70.0,,,,,,,,3,3.0,3.0,,,,,,,,COMPLETE
445,445,0.6488095238095238,2025-01-01 15:58:59.670765,2025-01-01 15:59:10.834512,0 days 00:00:11.163747,3,90,55.0,80.0,,,,,,,,3,3.0,3.0,,,,,,,,COMPLETE
446,446,0.7045454545454546,2025-01-01 15:59:10.835294,2025-01-01 15:59:18.832423,0 days 00:00:07.997129,2,95,55.0,,,,,,,,,3,3.0,,,,,,,,,COMPLETE
447,447,0.6794871794871795,2025-01-01 15:59:18.833042,2025-01-01 15:59:26.852951,0 days 00:00:08.019909,2,90,50.0,,,,,,,,,3,3.0,,,,,,,,,COMPLETE
448,448,0.68,2025-01-01 15:59:26.853603,2025-01-01 15:59:36.635156,0 days 00:00:09.781553,3,90,55.0,70.0,,,,,,,,3,3.0,3.0,,,,,,,,COMPLETE
449,449,0.5051282051282051,2025-01-01 15:59:36.635786,2025-01-01 15:59:46.045945,0 days 00:00:09.410159,2,95,45.0,,,,,,,,,4,3.0,,,,,,,,,COMPLETE
450,450,0.719551282051282,2025-01-01 15:59:46.046567,2025-01-01 15:59:56.563273,0 days 00:00:10.516706,3,90,55.0,65.0,,,,,,,,3,3.0,3.0,,,,,,,,COMPLETE
451,451,0.6899545266639107,2025-01-01 15:59:56.563930,2025-01-01 16:00:04.276834,0 days 00:00:07.712904,2,95,50.0,,,,,,,,,3,3.0,,,,,,,,,COMPLETE
452,452,0.4751838235294118,2025-01-01 16:00:04.277425,2025-01-01 16:00:11.722556,0 days 00:00:07.445131,2,90,60.0,,,,,,,,,2,3.0,,,,,,,,,COMPLETE
453,453,0.6862745098039216,2025-01-01 16:00:11.723206,2025-01-01 16:00:23.376924,0 days 00:00:11.653718,3,95,55.0,75.0,,,,,,,,3,3.0,3.0,,,,,,,,COMPLETE
454,454,0.7159090909090908,2025-01-01 16:00:23.377759,2025-01-01 16:00:31.335769,0 days 00:00:07.958010,2,90,55.0,,,,,,,,,3,3.0,,,,,,,,,COMPLETE
455,455,0.6532027743778049,2025-01-01 16:00:31.336376,2025-01-01 16:00:42.327194,0 days 00:00:10.990818,3,90,60.0,65.0,,,,,,,,3,3.0,3.0,,,,,,,,COMPLETE
456,456,0.6851851851851851,2025-01-01 16:00:42.327985,2025-01-01 16:00:50.195316,0 days 00:00:07.867331,2,95,45.0,,,,,,,,,3,3.0,,,,,,,,,COMPLETE
457,457,0.6416112956810631,2025-01-01 16:00:50.196278,2025-01-01 16:00:58.597450,0 days 00:00:08.401172,2,90,50.0,,,,,,,,,3,3.0,,,,,,,,,COMPLETE
458,458,0.6223776223776224,2025-01-01 16:00:58.598067,2025-01-01 16:01:07.132461,0 days 00:00:08.534394,2,95,5.0,,,,,,,,,3,3.0,,,,,,,,,COMPLETE
459,459,0.624524312896406,2025-01-01 16:01:07.133130,2025-01-01 16:01:17.375282,0 days 00:00:10.242152,3,90,45.0,70.0,,,,,,,,3,3.0,3.0,,,,,,,,COMPLETE
460,460,0.5842880523731588,2025-01-01 16:01:17.375941,2025-01-01 16:01:54.325521,0 days 00:00:36.949580,8,85,60.0,60.0,40.0,5.0,90.0,15.0,25.0,,,3,4.0,3.0,5.0,6.0,5.0,4.0,3.0,,,COMPLETE
461,461,0.6350771869639794,2025-01-01 16:01:54.326355,2025-01-01 16:02:02.245457,0 days 00:00:07.919102,2,90,20.0,,,,,,,,,3,3.0,,,,,,,,,COMPLETE
462,462,0.5857843137254902,2025-01-01 16:02:02.246070,2025-01-01 16:02:21.547653,0 days 00:00:19.301583,5,10,55.0,75.0,65.0,65.0,,,,,,3,3.0,3.0,5.0,3.0,,,,,,COMPLETE
463,463,0.5641025641025641,2025-01-01 16:02:21.548527,2025-01-01 16:02:28.546790,0 days 00:00:06.998263,2,85,50.0,,,,,,,,,2,3.0,,,,,,,,,COMPLETE
464,464,0.6488095238095238,2025-01-01 16:02:28.547493,2025-01-01 16:02:39.497642,0 days 00:00:10.950149,3,95,60.0,80.0,,,,,,,,3,3.0,3.0,,,,,,,,COMPLETE
465,465,0.6419482229047828,2025-01-01 16:02:39.498277,2025-01-01 16:02:47.565923,0 days 00:00:08.067646,2,95,60.0,,,,,,,,,3,3.0,,,,,,,,,COMPLETE
466,466,0.6190476190476191,2025-01-01 16:02:47.566561,2025-01-01 16:02:56.308198,0 days 00:00:08.741637,2,90,55.0,,,,,,,,,3,3.0,,,,,,,,,COMPLETE
467,467,0.6515151515151515,2025-01-01 16:02:56.308817,2025-01-01 16:03:27.347220,0 days 00:00:31.038403,6,85,55.0,70.0,25.0,60.0,85.0,,,,,3,3.0,5.0,5.0,6.0,6.0,,,,,COMPLETE
468,468,0.6865793780687397,2025-01-01 16:03:27.348095,2025-01-01 16:03:38.321279,0 days 00:00:10.973184,3,90,60.0,60.0,,,,,,,,3,3.0,3.0,,,,,,,,COMPLETE
469,469,0.6416112956810631,2025-01-01 16:03:38.321967,2025-01-01 16:03:46.837511,0 days 00:00:08.515544,2,95,50.0,,,,,,,,,3,3.0,,,,,,,,,COMPLETE
470,470,0.5542472666105971,2025-01-01 16:03:46.838577,2025-01-01 16:03:55.785961,0 days 00:00:08.947384,2,85,60.0,,,,,,,,,4,3.0,,,,,,,,,COMPLETE
471,471,0.6598639455782312,2025-01-01 16:03:55.786596,2025-01-01 16:04:25.080973,0 days 00:00:29.294377,6,90,45.0,65.0,25.0,70.0,5.0,,,,,3,3.0,6.0,5.0,3.0,5.0,,,,,COMPLETE
472,472,0.6918238993710691,2025-01-01 16:04:25.081885,2025-01-01 16:04:33.688123,0 days 00:00:08.606238,2,95,55.0,,,,,,,,,3,3.0,,,,,,,,,COMPLETE
473,473,0.44821731748726656,2025-01-01 16:04:33.688796,2025-01-01 16:04:45.889216,0 days 00:00:12.200420,3,95,50.0,70.0,,,,,,,,3,4.0,3.0,,,,,,,,COMPLETE
474,474,0.527898866608544,2025-01-01 16:04:45.889863,2025-01-01 16:04:52.897992,0 days 00:00:07.008129,2,90,55.0,,,,,,,,,2,3.0,,,,,,,,,COMPLETE
475,475,0.7058823529411764,2025-01-01 16:04:52.898626,2025-01-01 16:04:57.828022,0 days 00:00:04.929396,1,90,,,,,,,,,,3,,,,,,,,,,COMPLETE
476,476,0.6737588652482269,2025-01-01 16:04:57.828624,2025-01-01 16:05:06.414852,0 days 00:00:08.586228,2,85,70.0,,,,,,,,,3,3.0,,,,,,,,,COMPLETE
477,477,0.7584541062801933,2025-01-01 16:05:06.415582,2025-01-01 16:05:17.394858,0 days 00:00:10.979276,3,90,60.0,75.0,,,,,,,,3,3.0,3.0,,,,,,,,COMPLETE
478,478,0.6347402597402598,2025-01-01 16:05:17.395538,2025-01-01 16:05:28.320678,0 days 00:00:10.925140,3,35,65.0,75.0,,,,,,,,3,3.0,3.0,,,,,,,,COMPLETE
479,479,0.6392857142857142,2025-01-01 16:05:28.321493,2025-01-01 16:05:39.246692,0 days 00:00:10.925199,3,45,50.0,80.0,,,,,,,,3,3.0,3.0,,,,,,,,COMPLETE
480,480,0.6083333333333334,2025-01-01 16:05:39.247306,2025-01-01 16:05:50.874881,0 days 00:00:11.627575,3,85,55.0,75.0,,,,,,,,3,3.0,3.0,,,,,,,,COMPLETE
481,481,0.7596153846153846,2025-01-01 16:05:50.875621,2025-01-01 16:06:02.419819,0 days 00:00:11.544198,3,95,45.0,65.0,,,,,,,,3,3.0,3.0,,,,,,,,COMPLETE
482,482,0.6818181818181819,2025-01-01 16:06:02.420478,2025-01-01 16:06:13.428983,0 days 00:00:11.008505,3,95,45.0,65.0,,,,,,,,3,3.0,3.0,,,,,,,,COMPLETE
483,483,0.6223776223776224,2025-01-01 16:06:13.429651,2025-01-01 16:06:24.422976,0 days 00:00:10.993325,3,90,45.0,70.0,,,,,,,,3,3.0,3.0,,,,,,,,COMPLETE
484,484,0.7217021276595745,2025-01-01 16:06:24.423624,2025-01-01 16:06:35.414174,0 days 00:00:10.990550,3,95,60.0,70.0,,,,,,,,3,3.0,3.0,,,,,,,,COMPLETE
485,485,0.677938808373591,2025-01-01 16:06:35.414843,2025-01-01 16:06:51.766380,0 days 00:00:16.351537,4,90,45.0,65.0,35.0,,,,,,,3,3.0,3.0,5.0,,,,,,,COMPLETE
486,486,0.6328744263662912,2025-01-01 16:06:51.767081,2025-01-01 16:07:02.675899,0 days 00:00:10.908818,3,95,50.0,75.0,,,,,,,,3,3.0,3.0,,,,,,,,COMPLETE
487,487,0.6139830508474576,2025-01-01 16:07:02.676526,2025-01-01 16:07:16.174099,0 days 00:00:13.497573,3,90,50.0,70.0,,,,,,,,5,3.0,3.0,,,,,,,,COMPLETE
488,488,0.6933667083854819,2025-01-01 16:07:16.175013,2025-01-01 16:07:28.071896,0 days 00:00:11.896883,3,95,60.0,65.0,,,,,,,,3,3.0,3.0,,,,,,,,COMPLETE
489,489,0.6851851851851851,2025-01-01 16:07:28.073017,2025-01-01 16:07:38.950358,0 days 00:00:10.877341,3,90,55.0,60.0,,,,,,,,3,3.0,3.0,,,,,,,,COMPLETE
490,490,0.6779448621553885,2025-01-01 16:07:38.951024,2025-01-01 16:07:49.808259,0 days 00:00:10.857235,3,85,45.0,70.0,,,,,,,,3,3.0,3.0,,,,,,,,COMPLETE
491,491,0.677938808373591,2025-01-01 16:07:49.809030,2025-01-01 16:08:07.174626,0 days 00:00:17.365596,4,95,60.0,75.0,60.0,,,,,,,3,3.0,3.0,5.0,,,,,,,COMPLETE
492,492,0.4252873563218391,2025-01-01 16:08:07.175435,2025-01-01 16:08:33.413079,0 days 00:00:26.237644,7,95,65.0,65.0,20.0,50.0,95.0,30.0,,,,3,3.0,3.0,4.0,3.0,4.0,4.0,,,,COMPLETE
493,493,0.6636363636363636,2025-01-01 16:08:33.413914,2025-01-01 16:08:45.102500,0 days 00:00:11.688586,3,90,45.0,60.0,,,,,,,,3,3.0,3.0,,,,,,,,COMPLETE
494,494,0.6004983388704319,2025-01-01 16:08:45.103303,2025-01-01 16:08:56.929930,0 days 00:00:11.826627,3,90,50.0,10.0,,,,,,,,3,3.0,3.0,,,,,,,,COMPLETE
495,495,0.6016260162601625,2025-01-01 16:08:56.930600,2025-01-01 16:09:23.642582,0 days 00:00:26.711982,6,85,55.0,80.0,15.0,55.0,40.0,,,,,3,3.0,3.0,5.0,3.0,5.0,,,,,COMPLETE
496,496,0.6918238993710691,2025-01-01 16:09:23.643461,2025-01-01 16:09:34.635712,0 days 00:00:10.992251,3,90,60.0,65.0,,,,,,,,3,3.0,3.0,,,,,,,,COMPLETE
497,497,0.7431077694235588,2025-01-01 16:09:34.636450,2025-01-01 16:09:46.455036,0 days 00:00:11.818586,3,70,10.0,75.0,,,,,,,,3,3.0,3.0,,,,,,,,COMPLETE
498,498,0.6565656565656566,2025-01-01 16:09:46.455746,2025-01-01 16:10:04.126497,0 days 00:00:17.670751,4,75,25.0,80.0,65.0,,,,,,,3,3.0,3.0,5.0,,,,,,,COMPLETE
499,499,0.6989160979526294,2025-01-01 16:10:04.127188,2025-01-01 16:10:15.016361,0 days 00:00:10.889173,3,70,65.0,75.0,,,,,,,,3,3.0,3.0,,,,,,,,COMPLETE
500,500,0.5716034271725826,2025-01-01 16:10:15.017152,2025-01-01 16:10:57.499592,0 days 00:00:42.482440,8,70,5.0,75.0,55.0,60.0,95.0,30.0,65.0,,,3,6.0,4.0,5.0,6.0,6.0,3.0,3.0,,,COMPLETE
501,501,0.6124031007751938,2025-01-01 16:10:57.500639,2025-01-01 16:11:17.854438,0 days 00:00:20.353799,5,75,20.0,70.0,60.0,15.0,,,,,,3,3.0,3.0,5.0,3.0,,,,,,COMPLETE
502,502,0.7398959583833533,2025-01-01 16:11:17.855203,2025-01-01 16:11:42.422152,0 days 00:00:24.566949,6,80,10.0,80.0,30.0,50.0,55.0,,,,,3,3.0,3.0,5.0,3.0,4.0,,,,,COMPLETE
503,503,0.696969696969697,2025-01-01 16:11:42.422907,2025-01-01 16:12:04.790454,0 days 00:00:22.367547,6,80,10.0,80.0,30.0,50.0,55.0,,,,,3,3.0,3.0,4.0,2.0,4.0,,,,,COMPLETE
504,504,0.6594684385382059,2025-01-01 16:12:04.791451,2025-01-01 16:12:27.202254,0 days 00:00:22.410803,6,70,60.0,80.0,20.0,65.0,45.0,,,,,3,3.0,3.0,4.0,2.0,4.0,,,,,COMPLETE
505,505,0.6198275862068966,2025-01-01 16:12:27.203043,2025-01-01 16:12:50.185364,0 days 00:00:22.982321,6,80,10.0,75.0,35.0,55.0,60.0,,,,,3,3.0,3.0,4.0,3.0,4.0,,,,,COMPLETE
506,506,0.6505016722408027,2025-01-01 16:12:50.186092,2025-01-01 16:13:14.104142,0 days 00:00:23.918050,6,75,10.0,80.0,25.0,50.0,65.0,,,,,3,4.0,3.0,5.0,3.0,4.0,,,,,COMPLETE
507,507,0.5245969408846631,2025-01-01 16:13:14.104887,2025-01-01 16:13:34.835750,0 days 00:00:20.730863,6,80,5.0,75.0,45.0,75.0,50.0,,,,,3,3.0,3.0,4.0,2.0,4.0,,,,,COMPLETE
508,508,0.5353016688061617,2025-01-01 16:13:34.836620,2025-01-01 16:13:59.493969,0 days 00:00:24.657349,6,45,10.0,70.0,30.0,10.0,55.0,,,,,3,3.0,3.0,5.0,3.0,4.0,,,,,COMPLETE
509,509,0.595878889823381,2025-01-01 16:13:59.494833,2025-01-01 16:14:25.159182,0 days 00:00:25.664349,7,75,15.0,10.0,15.0,60.0,60.0,25.0,,,,3,3.0,3.0,5.0,2.0,5.0,4.0,,,,COMPLETE
510,510,0.6004983388704319,2025-01-01 16:14:25.159974,2025-01-01 16:14:44.107953,0 days 00:00:18.947979,5,40,10.0,65.0,10.0,45.0,,,,,,3,3.0,3.0,5.0,3.0,,,,,,COMPLETE
511,511,0.6565656565656566,2025-01-01 16:14:44.108664,2025-01-01 16:15:11.725232,0 days 00:00:27.616568,8,70,55.0,70.0,40.0,70.0,40.0,70.0,45.0,,,3,3.0,3.0,5.0,2.0,4.0,4.0,3.0,,,COMPLETE
512,512,0.6722408026755853,2025-01-01 16:15:11.726353,2025-01-01 16:15:32.182523,0 days 00:00:20.456170,6,80,15.0,75.0,25.0,55.0,65.0,,,,,3,3.0,3.0,3.0,3.0,4.0,,,,,COMPLETE
513,513,0.7159090909090908,2025-01-01 16:15:32.183322,2025-01-01 16:15:59.232057,0 days 00:00:27.048735,6,75,55.0,60.0,40.0,55.0,80.0,,,,,3,3.0,5.0,5.0,3.0,4.0,,,,,COMPLETE
514,514,0.6072757337742869,2025-01-01 16:15:59.232865,2025-01-01 16:16:09.817277,0 days 00:00:10.584412,3,80,10.0,70.0,,,,,,,,3,3.0,3.0,,,,,,,,COMPLETE
515,515,0.4942739349519011,2025-01-01 16:16:09.817992,2025-01-01 16:16:21.546583,0 days 00:00:11.728591,3,80,75.0,75.0,,,,,,,,4,3.0,3.0,,,,,,,,COMPLETE
516,516,0.6998799519807923,2025-01-01 16:16:21.547267,2025-01-01 16:16:46.910920,0 days 00:00:25.363653,7,85,5.0,80.0,20.0,50.0,50.0,75.0,,,,3,3.0,3.0,4.0,2.0,5.0,3.0,,,,COMPLETE
517,517,0.5845864661654135,2025-01-01 16:16:46.911978,2025-01-01 16:16:59.441232,0 days 00:00:12.529254,3,95,60.0,10.0,,,,,,,,3,3.0,4.0,,,,,,,,COMPLETE
518,518,0.5593853820598007,2025-01-01 16:16:59.441902,2025-01-01 16:17:18.173748,0 days 00:00:18.731846,5,70,15.0,65.0,35.0,60.0,,,,,,3,3.0,3.0,5.0,3.0,,,,,,COMPLETE
519,519,0.6598639455782312,2025-01-01 16:17:18.174486,2025-01-01 16:17:28.762006,0 days 00:00:10.587520,3,75,15.0,60.0,,,,,,,,3,3.0,3.0,,,,,,,,COMPLETE
520,520,0.6376811594202898,2025-01-01 16:17:28.762660,2025-01-01 16:17:44.641937,0 days 00:00:15.879277,4,85,55.0,80.0,60.0,,,,,,,3,3.0,3.0,5.0,,,,,,,COMPLETE
521,521,0.6376811594202898,2025-01-01 16:17:44.642646,2025-01-01 16:18:05.286366,0 days 00:00:20.643720,6,25,60.0,75.0,65.0,45.0,85.0,,,,,3,3.0,3.0,4.0,2.0,4.0,,,,,COMPLETE
522,522,0.6261224489795918,2025-01-01 16:18:05.287277,2025-01-01 16:18:29.602641,0 days 00:00:24.315364,6,35,10.0,70.0,30.0,50.0,40.0,,,,,3,3.0,3.0,5.0,3.0,5.0,,,,,COMPLETE
523,523,0.624524312896406,2025-01-01 16:18:29.603528,2025-01-01 16:18:40.270889,0 days 00:00:10.667361,3,95,55.0,65.0,,,,,,,,3,3.0,3.0,,,,,,,,COMPLETE
524,524,0.7227272727272727,2025-01-01 16:18:40.271576,2025-01-01 16:18:48.011906,0 days 00:00:07.740330,2,80,60.0,,,,,,,,,3,3.0,,,,,,,,,COMPLETE
525,525,0.6375105130361649,2025-01-01 16:18:48.012538,2025-01-01 16:18:57.809380,0 days 00:00:09.796842,3,95,70.0,70.0,,,,,,,,3,3.0,3.0,,,,,,,,COMPLETE
526,526,0.5604785112981834,2025-01-01 16:18:57.810032,2025-01-01 16:19:07.281816,0 days 00:00:09.471784,2,95,45.0,,,,,,,,,3,4.0,,,,,,,,,COMPLETE
527,527,0.5033738191632928,2025-01-01 16:19:07.282464,2025-01-01 16:19:21.932212,0 days 00:00:14.649748,3,35,55.0,75.0,,,,,,,,6,3.0,4.0,,,,,,,,COMPLETE
528,528,0.7005813953488372,2025-01-01 16:19:21.932909,2025-01-01 16:19:43.910356,0 days 00:00:21.977447,6,85,60.0,80.0,10.0,60.0,45.0,,,,,3,3.0,3.0,3.0,3.0,4.0,,,,,COMPLETE
529,529,0.6370689655172415,2025-01-01 16:19:43.911227,2025-01-01 16:19:59.811188,0 days 00:00:15.899961,4,40,55.0,65.0,55.0,,,,,,,3,3.0,3.0,5.0,,,,,,,COMPLETE
530,530,0.5948275862068966,2025-01-01 16:19:59.812026,2025-01-01 16:20:08.106176,0 days 00:00:08.294150,2,45,20.0,,,,,,,,,3,3.0,,,,,,,,,COMPLETE
531,531,0.696969696969697,2025-01-01 16:20:08.106846,2025-01-01 16:20:16.396304,0 days 00:00:08.289458,2,85,60.0,,,,,,,,,3,3.0,,,,,,,,,COMPLETE
532,532,0.5657894736842105,2025-01-01 16:20:16.397008,2025-01-01 16:20:28.962654,0 days 00:00:12.565646,3,95,25.0,5.0,,,,,,,,3,3.0,4.0,,,,,,,,COMPLETE
533,533,0.5384615384615384,2025-01-01 16:20:28.963342,2025-01-01 16:20:35.273139,0 days 00:00:06.309797,1,80,,,,,,,,,,4,,,,,,,,,,COMPLETE
534,534,0.6563192904656319,2025-01-01 16:20:35.273890,2025-01-01 16:20:43.490558,0 days 00:00:08.216668,2,90,5.0,,,,,,,,,3,3.0,,,,,,,,,COMPLETE
535,535,0.7005813953488372,2025-01-01 16:20:43.491188,2025-01-01 16:20:48.623577,0 days 00:00:05.132389,1,90,,,,,,,,,,3,,,,,,,,,,COMPLETE
536,536,0.6802536231884058,2025-01-01 16:20:48.624192,2025-01-01 16:20:59.418872,0 days 00:00:10.794680,2,70,50.0,,,,,,,,,3,5.0,,,,,,,,,COMPLETE
537,537,0.662962962962963,2025-01-01 16:20:59.419550,2025-01-01 16:21:10.069440,0 days 00:00:10.649890,3,95,55.0,75.0,,,,,,,,3,3.0,3.0,,,,,,,,COMPLETE
538,538,0.662962962962963,2025-01-01 16:21:10.070096,2025-01-01 16:21:18.370136,0 days 00:00:08.300040,2,85,60.0,,,,,,,,,3,3.0,,,,,,,,,COMPLETE
539,539,0.6486151302190988,2025-01-01 16:21:18.370971,2025-01-01 16:21:45.674396,0 days 00:00:27.303425,7,75,50.0,55.0,15.0,20.0,60.0,80.0,,,,3,3.0,3.0,5.0,3.0,4.0,4.0,,,,COMPLETE
540,540,0.5697522816166884,2025-01-01 16:21:45.675295,2025-01-01 16:22:06.831910,0 days 00:00:21.156615,5,90,70.0,60.0,70.0,65.0,,,,,,3,3.0,3.0,4.0,6.0,,,,,,COMPLETE
541,541,0.6458333333333333,2025-01-01 16:22:06.832682,2025-01-01 16:22:17.496788,0 days 00:00:10.664106,3,95,55.0,70.0,,,,,,,,3,3.0,3.0,,,,,,,,COMPLETE
542,542,0.5528031290743155,2025-01-01 16:22:17.497452,2025-01-01 16:22:42.515486,0 days 00:00:25.018034,6,90,65.0,65.0,45.0,25.0,80.0,,,,,3,3.0,3.0,5.0,2.0,5.0,,,,,COMPLETE
543,543,0.5941558441558441,2025-01-01 16:22:42.516296,2025-01-01 16:22:59.729225,0 days 00:00:17.212929,4,80,45.0,75.0,25.0,,,,,,,3,3.0,3.0,5.0,,,,,,,COMPLETE
544,544,0.6,2025-01-01 16:22:59.730112,2025-01-01 16:23:08.024124,0 days 00:00:08.294012,2,90,15.0,,,,,,,,,3,3.0,,,,,,,,,COMPLETE
545,545,0.6851851851851851,2025-01-01 16:23:08.024888,2025-01-01 16:23:18.722629,0 days 00:00:10.697741,3,85,75.0,70.0,,,,,,,,3,3.0,3.0,,,,,,,,COMPLETE
546,546,0.5344449319877139,2025-01-01 16:23:18.723305,2025-01-01 16:23:26.393738,0 days 00:00:07.670433,1,95,,,,,,,,,,5,,,,,,,,,,COMPLETE
547,547,0.6305418719211823,2025-01-01 16:23:26.394380,2025-01-01 16:23:34.183350,0 days 00:00:07.788970,2,75,30.0,,,,,,,,,3,3.0,,,,,,,,,COMPLETE
548,548,0.606060606060606,2025-01-01 16:23:34.183994,2025-01-01 16:23:45.459908,0 days 00:00:11.275914,3,95,65.0,80.0,,,,,,,,3,3.0,3.0,,,,,,,,COMPLETE
549,549,0.6183554817275747,2025-01-01 16:23:45.460609,2025-01-01 16:23:59.679157,0 days 00:00:14.218548,8,90,60.0,5.0,35.0,45.0,70.0,25.0,40.0,,,3,3.0,4.0,2.0,3.0,6.0,3.0,3.0,,,COMPLETE
550,550,0.662962962962963,2025-01-01 16:23:59.679981,2025-01-01 16:24:07.455982,0 days 00:00:07.776001,2,100,45.0,,,,,,,,,3,3.0,,,,,,,,,COMPLETE
551,551,0.6458333333333333,2025-01-01 16:24:07.456648,2025-01-01 16:24:32.255073,0 days 00:00:24.798425,7,85,50.0,10.0,20.0,55.0,55.0,35.0,,,,3,3.0,3.0,4.0,2.0,4.0,4.0,,,,COMPLETE
552,552,0.702939885914875,2025-01-01 16:24:32.256027,2025-01-01 16:24:37.111054,0 days 00:00:04.855027,1,95,,,,,,,,,,3,,,,,,,,,,COMPLETE
553,553,0.6733333333333333,2025-01-01 16:24:37.111711,2025-01-01 16:24:50.841956,0 days 00:00:13.730245,3,90,55.0,65.0,,,,,,,,3,4.0,4.0,,,,,,,,COMPLETE
554,554,0.6262254901960784,2025-01-01 16:24:50.842749,2025-01-01 16:25:16.718377,0 days 00:00:25.875628,6,70,60.0,75.0,45.0,45.0,85.0,,,,,3,3.0,3.0,5.0,3.0,5.0,,,,,COMPLETE
555,555,0.6444444444444444,2025-01-01 16:25:16.719182,2025-01-01 16:25:24.490652,0 days 00:00:07.771470,2,80,65.0,,,,,,,,,3,3.0,,,,,,,,,COMPLETE
556,556,0.6477801268498943,2025-01-01 16:25:24.491284,2025-01-01 16:25:47.387186,0 days 00:00:22.895902,6,90,55.0,15.0,30.0,75.0,70.0,,,,,3,3.0,3.0,5.0,3.0,4.0,,,,,COMPLETE
557,557,0.4942739349519011,2025-01-01 16:25:47.388001,2025-01-01 16:25:53.774289,0 days 00:00:06.386288,1,85,,,,,,,,,,4,,,,,,,,,,COMPLETE
558,558,0.684577522559475,2025-01-01 16:25:53.774953,2025-01-01 16:26:07.942566,0 days 00:00:14.167613,3,95,60.0,70.0,,,,,,,,3,3.0,5.0,,,,,,,,COMPLETE
559,559,0.6835664335664335,2025-01-01 16:26:07.943445,2025-01-01 16:26:15.692290,0 days 00:00:07.748845,2,90,50.0,,,,,,,,,3,3.0,,,,,,,,,COMPLETE
560,560,0.6753246753246753,2025-01-01 16:26:15.692942,2025-01-01 16:26:26.364077,0 days 00:00:10.671135,3,40,10.0,60.0,,,,,,,,3,3.0,3.0,,,,,,,,COMPLETE
561,561,0.6139830508474576,2025-01-01 16:26:26.364868,2025-01-01 16:26:31.178002,0 days 00:00:04.813134,1,45,,,,,,,,,,3,,,,,,,,,,COMPLETE
562,562,0.56,2025-01-01 16:26:31.178584,2025-01-01 16:26:48.262189,0 days 00:00:17.083605,9,85,55.0,80.0,10.0,50.0,90.0,20.0,50.0,30.0,,3,3.0,3.0,2.0,6.0,4.0,4.0,3.0,4.0,,COMPLETE
563,563,0.5743589743589743,2025-01-01 16:26:48.263096,2025-01-01 16:27:12.819405,0 days 00:00:24.556309,6,75,45.0,70.0,20.0,50.0,65.0,,,,,3,4.0,3.0,5.0,2.0,5.0,,,,,COMPLETE
564,564,0.6587715776796468,2025-01-01 16:27:12.820210,2025-01-01 16:27:20.618964,0 days 00:00:07.798754,2,95,40.0,,,,,,,,,3,3.0,,,,,,,,,COMPLETE
565,565,0.6525000000000001,2025-01-01 16:27:20.619693,2025-01-01 16:27:31.964806,0 days 00:00:11.345113,3,90,60.0,65.0,,,,,,,,3,3.0,3.0,,,,,,,,COMPLETE
566,566,0.6989160979526294,2025-01-01 16:27:31.965452,2025-01-01 16:27:39.747867,0 days 00:00:07.782415,2,100,65.0,,,,,,,,,3,3.0,,,,,,,,,COMPLETE
567,567,0.7045454545454546,2025-01-01 16:27:39.748513,2025-01-01 16:27:47.443906,0 days 00:00:07.695393,2,85,70.0,,,,,,,,,3,3.0,,,,,,,,,COMPLETE
568,568,0.7112794612794613,2025-01-01 16:27:47.444740,2025-01-01 16:27:52.530326,0 days 00:00:05.085586,1,65,,,,,,,,,,3,,,,,,,,,,COMPLETE
569,569,0.6473063973063973,2025-01-01 16:27:52.530963,2025-01-01 16:28:06.008951,0 days 00:00:13.477988,3,95,55.0,5.0,,,,,,,,3,3.0,6.0,,,,,,,,COMPLETE
570,570,0.6473063973063973,2025-01-01 16:28:06.009757,2025-01-01 16:28:13.757176,0 days 00:00:07.747419,2,90,50.0,,,,,,,,,3,3.0,,,,,,,,,COMPLETE
571,571,0.6733333333333333,2025-01-01 16:28:13.757863,2025-01-01 16:28:32.659409,0 days 00:00:18.901546,5,75,60.0,60.0,65.0,15.0,,,,,,3,3.0,3.0,5.0,3.0,,,,,,COMPLETE
572,572,0.6572890025575449,2025-01-01 16:28:32.660183,2025-01-01 16:28:44.027450,0 days 00:00:11.367267,3,90,65.0,10.0,,,,,,,,3,3.0,3.0,,,,,,,,COMPLETE
573,573,0.6794871794871795,2025-01-01 16:28:44.028102,2025-01-01 16:28:51.776067,0 days 00:00:07.747965,2,35,75.0,,,,,,,,,3,3.0,,,,,,,,,COMPLETE
574,574,0.6312056737588652,2025-01-01 16:28:51.776729,2025-01-01 16:29:18.976375,0 days 00:00:27.199646,6,70,60.0,55.0,40.0,65.0,55.0,,,,,3,3.0,5.0,5.0,2.0,6.0,,,,,COMPLETE
575,575,0.6594202898550725,2025-01-01 16:29:18.977203,2025-01-01 16:29:23.788960,0 days 00:00:04.811757,1,95,,,,,,,,,,3,,,,,,,,,,COMPLETE
576,576,0.677938808373591,2025-01-01 16:29:23.789772,2025-01-01 16:29:34.529577,0 days 00:00:10.739805,3,85,45.0,85.0,,,,,,,,3,3.0,3.0,,,,,,,,COMPLETE
577,577,0.650733752620545,2025-01-01 16:29:34.530240,2025-01-01 16:29:50.208601,0 days 00:00:15.678361,4,30,50.0,70.0,60.0,,,,,,,3,3.0,3.0,4.0,,,,,,,COMPLETE
578,578,0.6532027743778049,2025-01-01 16:29:50.209952,2025-01-01 16:30:22.667446,0 days 00:00:32.457494,8,90,55.0,65.0,70.0,20.0,5.0,10.0,20.0,,,3,3.0,3.0,5.0,3.0,4.0,3.0,4.0,,,COMPLETE
579,579,0.5784441547153412,2025-01-01 16:30:22.668259,2025-01-01 16:30:31.477314,0 days 00:00:08.809055,2,80,60.0,,,,,,,,,3,4.0,,,,,,,,,COMPLETE
580,580,0.7069387755102041,2025-01-01 16:30:31.477957,2025-01-01 16:30:39.254421,0 days 00:00:07.776464,2,95,80.0,,,,,,,,,3,3.0,,,,,,,,,COMPLETE
581,581,0.5571658615136876,2025-01-01 16:30:39.255076,2025-01-01 16:31:10.583462,0 days 00:00:31.328386,7,90,10.0,80.0,15.0,30.0,80.0,15.0,,,,3,3.0,4.0,4.0,3.0,6.0,5.0,,,,COMPLETE
582,582,0.696969696969697,2025-01-01 16:31:10.584452,2025-01-01 16:31:21.320245,0 days 00:00:10.735793,3,90,55.0,75.0,,,,,,,,3,3.0,3.0,,,,,,,,COMPLETE
583,583,0.719551282051282,2025-01-01 16:31:21.321050,2025-01-01 16:31:29.577047,0 days 00:00:08.255997,2,100,15.0,,,,,,,,,3,3.0,,,,,,,,,COMPLETE
584,584,0.6072757337742869,2025-01-01 16:31:29.577688,2025-01-01 16:31:37.499902,0 days 00:00:07.922214,6,75,5.0,70.0,55.0,55.0,50.0,,,,,3,3.0,3.0,5.0,2.0,4.0,,,,,COMPLETE
585,585,0.6505016722408027,2025-01-01 16:31:37.500684,2025-01-01 16:31:42.259933,0 days 00:00:04.759249,1,80,,,,,,,,,,3,,,,,,,,,,COMPLETE
586,586,0.6657095980311731,2025-01-01 16:31:42.260557,2025-01-01 16:31:53.684385,0 days 00:00:11.423828,3,85,50.0,75.0,,,,,,,,3,3.0,3.0,,,,,,,,COMPLETE
587,587,0.6737588652482269,2025-01-01 16:31:53.685079,2025-01-01 16:31:58.815816,0 days 00:00:05.130737,1,95,,,,,,,,,,3,,,,,,,,,,COMPLETE
588,588,0.6071428571428572,2025-01-01 16:31:58.816435,2025-01-01 16:32:25.674762,0 days 00:00:26.858327,6,90,60.0,60.0,30.0,70.0,60.0,,,,,3,3.0,3.0,4.0,6.0,5.0,,,,,COMPLETE
589,589,0.4337568058076225,2025-01-01 16:32:25.675558,2025-01-01 16:32:39.438642,0 days 00:00:13.763084,3,20,70.0,10.0,,,,,,,,4,3.0,4.0,,,,,,,,COMPLETE
590,590,0.5551992670636738,2025-01-01 16:32:39.439543,2025-01-01 16:32:54.138170,0 days 00:00:14.698627,4,40,55.0,5.0,25.0,,,,,,,3,3.0,3.0,3.0,,,,,,,COMPLETE
591,591,0.6918238993710691,2025-01-01 16:32:54.138909,2025-01-01 16:33:01.857863,0 days 00:00:07.718954,2,80,65.0,,,,,,,,,3,3.0,,,,,,,,,COMPLETE
592,592,0.684577522559475,2025-01-01 16:33:01.858609,2025-01-01 16:33:12.554686,0 days 00:00:10.696077,3,95,55.0,70.0,,,,,,,,3,3.0,3.0,,,,,,,,COMPLETE
593,593,0.6791421362489487,2025-01-01 16:33:12.555382,2025-01-01 16:33:20.798967,0 days 00:00:08.243585,2,85,40.0,,,,,,,,,3,3.0,,,,,,,,,COMPLETE
594,594,0.6653027823240589,2025-01-01 16:33:20.799749,2025-01-01 16:33:29.052023,0 days 00:00:08.252274,2,90,50.0,,,,,,,,,3,3.0,,,,,,,,,COMPLETE
595,595,0.6987179487179487,2025-01-01 16:33:29.052664,2025-01-01 16:33:33.859723,0 days 00:00:04.807059,1,65,,,,,,,,,,3,,,,,,,,,,COMPLETE
596,596,0.6321428571428571,2025-01-01 16:33:33.860345,2025-01-01 16:33:46.907390,0 days 00:00:13.047045,3,95,40.0,75.0,,,,,,,,3,5.0,3.0,,,,,,,,COMPLETE
597,597,0.6989160979526294,2025-01-01 16:33:46.908097,2025-01-01 16:34:11.321233,0 days 00:00:24.413136,6,85,65.0,55.0,35.0,45.0,65.0,,,,,3,3.0,3.0,5.0,3.0,4.0,,,,,COMPLETE
598,598,0.6794871794871795,2025-01-01 16:34:11.322024,2025-01-01 16:34:19.117585,0 days 00:00:07.795561,2,75,60.0,,,,,,,,,3,3.0,,,,,,,,,COMPLETE
599,599,0.6625277161862528,2025-01-01 16:34:19.118449,2025-01-01 16:34:23.925075,0 days 00:00:04.806626,1,70,,,,,,,,,,3,,,,,,,,,,COMPLETE
600,600,0.6444444444444444,2025-01-01 16:34:23.925725,2025-01-01 16:34:32.167193,0 days 00:00:08.241468,2,50,45.0,,,,,,,,,3,3.0,,,,,,,,,COMPLETE
601,601,0.5867612293144208,2025-01-01 16:34:32.167853,2025-01-01 16:34:46.906853,0 days 00:00:14.739000,3,90,20.0,65.0,,,,,,,,3,6.0,4.0,,,,,,,,COMPLETE
602,602,0.5784825371336813,2025-01-01 16:34:46.907643,2025-01-01 16:34:57.634218,0 days 00:00:10.726575,3,95,55.0,65.0,,,,,,,,3,3.0,3.0,,,,,,,,COMPLETE
603,603,0.6428571428571428,2025-01-01 16:34:57.634909,2025-01-01 16:35:05.446339,0 days 00:00:07.811430,2,100,60.0,,,,,,,,,3,3.0,,,,,,,,,COMPLETE
604,604,0.7037037037037037,2025-01-01 16:35:05.447011,2025-01-01 16:35:10.221827,0 days 00:00:04.774816,1,90,,,,,,,,,,3,,,,,,,,,,COMPLETE
605,605,0.6753246753246753,2025-01-01 16:35:10.222443,2025-01-01 16:35:37.837774,0 days 00:00:27.615331,7,90,45.0,85.0,35.0,35.0,70.0,20.0,,,,3,3.0,3.0,6.0,3.0,4.0,3.0,,,,COMPLETE
606,606,0.5361295681063123,2025-01-01 16:35:37.838584,2025-01-01 16:35:55.475811,0 days 00:00:17.637227,5,5,75.0,75.0,70.0,25.0,,,,,,3,3.0,3.0,6.0,2.0,,,,,,COMPLETE
607,607,0.5998244844229925,2025-01-01 16:35:55.476713,2025-01-01 16:36:05.498134,0 days 00:00:10.021421,2,80,50.0,,,,,,,,,5,3.0,,,,,,,,,COMPLETE
608,608,0.6657095980311731,2025-01-01 16:36:05.498787,2025-01-01 16:36:16.113991,0 days 00:00:10.615204,3,45,80.0,80.0,,,,,,,,3,3.0,3.0,,,,,,,,COMPLETE
609,609,0.6227272727272728,2025-01-01 16:36:16.114787,2025-01-01 16:36:41.605466,0 days 00:00:25.490679,6,95,60.0,60.0,10.0,40.0,35.0,,,,,3,4.0,3.0,5.0,3.0,5.0,,,,,COMPLETE
610,610,0.5571658615136876,2025-01-01 16:36:41.606324,2025-01-01 16:37:08.399124,0 days 00:00:26.792800,6,85,70.0,70.0,5.0,75.0,45.0,,,,,3,3.0,4.0,6.0,3.0,5.0,,,,,COMPLETE
611,611,0.595878889823381,2025-01-01 16:37:08.399957,2025-01-01 16:37:26.271312,0 days 00:00:17.871355,4,35,55.0,5.0,40.0,,,,,,,3,3.0,3.0,6.0,,,,,,,COMPLETE
612,612,0.6851851851851851,2025-01-01 16:37:26.272037,2025-01-01 16:37:34.506297,0 days 00:00:08.234260,2,90,30.0,,,,,,,,,3,3.0,,,,,,,,,COMPLETE
613,613,0.6347402597402598,2025-01-01 16:37:34.507132,2025-01-01 16:37:45.877367,0 days 00:00:11.370235,3,70,65.0,65.0,,,,,,,,3,3.0,3.0,,,,,,,,COMPLETE
614,614,0.6666666666666666,2025-01-01 16:37:45.878062,2025-01-01 16:38:03.771973,0 days 00:00:17.893911,5,100,60.0,75.0,20.0,60.0,,,,,,3,3.0,3.0,5.0,2.0,,,,,,COMPLETE
615,615,0.5894909688013137,2025-01-01 16:38:03.772849,2025-01-01 16:38:20.021941,0 days 00:00:16.249092,9,90,55.0,70.0,60.0,45.0,70.0,10.0,35.0,35.0,,3,3.0,3.0,6.0,6.0,4.0,4.0,3.0,3.0,,COMPLETE
616,616,0.702939885914875,2025-01-01 16:38:20.022825,2025-01-01 16:38:24.878716,0 days 00:00:04.855891,1,95,,,,,,,,,,3,,,,,,,,,,COMPLETE
617,617,0.45535714285714285,2025-01-01 16:38:24.879360,2025-01-01 16:38:33.720342,0 days 00:00:08.840982,2,80,50.0,,,,,,,,,4,3.0,,,,,,,,,COMPLETE
618,618,0.626783248964565,2025-01-01 16:38:33.721045,2025-01-01 16:38:43.150813,0 days 00:00:09.429768,2,90,25.0,,,,,,,,,3,4.0,,,,,,,,,COMPLETE
619,619,0.6572890025575449,2025-01-01 16:38:43.151456,2025-01-01 16:38:55.629651,0 days 00:00:12.478195,3,95,65.0,15.0,,,,,,,,3,3.0,4.0,,,,,,,,COMPLETE
620,620,0.6227272727272728,2025-01-01 16:38:55.630838,2025-01-01 16:39:03.348955,0 days 00:00:07.718117,2,75,55.0,,,,,,,,,3,3.0,,,,,,,,,COMPLETE
621,621,0.6198479391756703,2025-01-01 16:39:03.349588,2025-01-01 16:39:28.583479,0 days 00:00:25.233891,6,25,45.0,80.0,45.0,30.0,90.0,,,,,3,3.0,5.0,6.0,3.0,4.0,,,,,COMPLETE
622,622,0.6072757337742869,2025-01-01 16:39:28.584550,2025-01-01 16:39:40.116544,0 days 00:00:11.531994,3,30,60.0,55.0,,,,,,,,3,3.0,3.0,,,,,,,,COMPLETE
623,623,0.6666666666666666,2025-01-01 16:39:40.117239,2025-01-01 16:39:44.901445,0 days 00:00:04.784206,1,85,,,,,,,,,,3,,,,,,,,,,COMPLETE
624,624,0.7444444444444445,2025-01-01 16:39:44.902090,2025-01-01 16:39:52.643164,0 days 00:00:07.741074,2,65,50.0,,,,,,,,,3,3.0,,,,,,,,,COMPLETE
625,625,0.49979991996798717,2025-01-01 16:39:52.644228,2025-01-01 16:40:08.712332,0 days 00:00:16.068104,8,70,50.0,65.0,15.0,55.0,35.0,35.0,15.0,,,3,3.0,3.0,5.0,3.0,4.0,5.0,3.0,,,COMPLETE
626,626,0.6409090909090909,2025-01-01 16:40:08.713193,2025-01-01 16:40:20.152978,0 days 00:00:11.439785,3,65,45.0,50.0,,,,,,,,3,3.0,3.0,,,,,,,,COMPLETE
627,627,0.5398159263705482,2025-01-01 16:40:20.153952,2025-01-01 16:40:36.824358,0 days 00:00:16.670406,4,65,50.0,25.0,25.0,,,,,,,3,3.0,3.0,6.0,,,,,,,COMPLETE
628,628,0.7444444444444445,2025-01-01 16:40:36.825104,2025-01-01 16:40:45.079401,0 days 00:00:08.254297,2,65,10.0,,,,,,,,,3,3.0,,,,,,,,,COMPLETE
629,629,0.7398959583833533,2025-01-01 16:40:45.080048,2025-01-01 16:40:53.380413,0 days 00:00:08.300365,2,65,10.0,,,,,,,,,3,3.0,,,,,,,,,COMPLETE
630,630,0.6715927750410509,2025-01-01 16:40:53.381264,2025-01-01 16:41:01.609693,0 days 00:00:08.228429,2,65,10.0,,,,,,,,,3,3.0,,,,,,,,,COMPLETE
631,631,0.6587715776796468,2025-01-01 16:41:01.610355,2025-01-01 16:41:09.880744,0 days 00:00:08.270389,2,70,10.0,,,,,,,,,3,3.0,,,,,,,,,COMPLETE
632,632,0.6532027743778049,2025-01-01 16:41:09.881551,2025-01-01 16:41:18.064766,0 days 00:00:08.183215,2,65,15.0,,,,,,,,,3,3.0,,,,,,,,,COMPLETE
633,633,0.6350771869639794,2025-01-01 16:41:18.065413,2025-01-01 16:41:26.307930,0 days 00:00:08.242517,2,65,10.0,,,,,,,,,3,3.0,,,,,,,,,COMPLETE
634,634,0.6794871794871795,2025-01-01 16:41:26.308604,2025-01-01 16:41:34.636438,0 days 00:00:08.327834,2,65,10.0,,,,,,,,,3,3.0,,,,,,,,,COMPLETE
635,635,0.5701754385964912,2025-01-01 16:41:34.637132,2025-01-01 16:41:45.074376,0 days 00:00:10.437244,2,65,5.0,,,,,,,,,6,3.0,,,,,,,,,COMPLETE
636,636,0.6547518923465097,2025-01-01 16:41:45.075034,2025-01-01 16:41:49.949937,0 days 00:00:04.874903,1,65,,,,,,,,,,3,,,,,,,,,,COMPLETE
637,637,0.7037037037037037,2025-01-01 16:41:49.950586,2025-01-01 16:41:58.120917,0 days 00:00:08.170331,2,65,10.0,,,,,,,,,3,3.0,,,,,,,,,COMPLETE
638,638,0.6198275862068966,2025-01-01 16:41:58.121680,2025-01-01 16:42:06.403958,0 days 00:00:08.282278,2,70,15.0,,,,,,,,,3,3.0,,,,,,,,,COMPLETE
639,639,0.6477801268498943,2025-01-01 16:42:06.404626,2025-01-01 16:42:11.203531,0 days 00:00:04.798905,1,65,,,,,,,,,,3,,,,,,,,,,COMPLETE
640,640,0.7037037037037037,2025-01-01 16:42:11.204218,2025-01-01 16:42:19.464004,0 days 00:00:08.259786,2,65,5.0,,,,,,,,,3,3.0,,,,,,,,,COMPLETE
641,641,0.6753246753246753,2025-01-01 16:42:19.465073,2025-01-01 16:42:30.156634,0 days 00:00:10.691561,3,65,10.0,85.0,,,,,,,,3,3.0,3.0,,,,,,,,COMPLETE
642,642,0.48997668997668997,2025-01-01 16:42:30.157612,2025-01-01 16:42:37.515393,0 days 00:00:07.357781,2,70,5.0,,,,,,,,,3,2.0,,,,,,,,,COMPLETE
643,643,0.5935897435897436,2025-01-01 16:42:37.516098,2025-01-01 16:42:48.921512,0 days 00:00:11.405414,3,70,15.0,10.0,,,,,,,,3,3.0,3.0,,,,,,,,COMPLETE
644,644,0.7084967320261438,2025-01-01 16:42:48.922340,2025-01-01 16:42:53.744151,0 days 00:00:04.821811,1,65,,,,,,,,,,3,,,,,,,,,,COMPLETE
645,645,0.662962962962963,2025-01-01 16:42:53.744808,2025-01-01 16:43:02.079607,0 days 00:00:08.334799,2,70,10.0,,,,,,,,,3,3.0,,,,,,,,,COMPLETE
646,646,0.6611039794608472,2025-01-01 16:43:02.080291,2025-01-01 16:43:13.436634,0 days 00:00:11.356343,3,60,10.0,5.0,,,,,,,,3,3.0,3.0,,,,,,,,COMPLETE
647,647,0.5948232951717272,2025-01-01 16:43:13.437333,2025-01-01 16:43:22.448156,0 days 00:00:09.010823,2,65,5.0,,,,,,,,,4,2.0,,,,,,,,,COMPLETE
648,648,0.719551282051282,2025-01-01 16:43:22.448831,2025-01-01 16:43:33.951882,0 days 00:00:11.503051,3,60,10.0,55.0,,,,,,,,3,3.0,3.0,,,,,,,,COMPLETE
649,649,0.719551282051282,2025-01-01 16:43:33.952595,2025-01-01 16:43:42.207724,0 days 00:00:08.255129,2,70,15.0,,,,,,,,,3,3.0,,,,,,,,,COMPLETE
650,650,0.6909660107334525,2025-01-01 16:43:42.208384,2025-01-01 16:43:47.027281,0 days 00:00:04.818897,1,65,,,,,,,,,,3,,,,,,,,,,COMPLETE
651,651,0.6312709030100334,2025-01-01 16:43:47.027969,2025-01-01 16:43:57.771774,0 days 00:00:10.743805,3,70,15.0,60.0,,,,,,,,3,3.0,3.0,,,,,,,,COMPLETE
652,652,0.582659478885894,2025-01-01 16:43:57.772478,2025-01-01 16:44:04.482576,0 days 00:00:06.710098,2,75,10.0,,,,,,,,,3,2.0,,,,,,,,,COMPLETE
653,653,0.695540308747856,2025-01-01 16:44:04.483416,2025-01-01 16:44:09.705133,0 days 00:00:05.221717,1,65,,,,,,,,,,3,,,,,,,,,,COMPLETE
654,654,0.3939393939393939,2025-01-01 16:44:09.705788,2025-01-01 16:44:23.650839,0 days 00:00:13.945051,3,70,5.0,5.0,,,,,,,,5,3.0,3.0,,,,,,,,COMPLETE
655,655,0.64,2025-01-01 16:44:23.651632,2025-01-01 16:44:31.355116,0 days 00:00:07.703484,2,60,15.0,,,,,,,,,3,3.0,,,,,,,,,COMPLETE
656,656,0.6139830508474576,2025-01-01 16:44:31.356198,2025-01-01 16:44:55.630965,0 days 00:00:24.274767,6,75,10.0,15.0,5.0,35.0,5.0,,,,,3,3.0,3.0,4.0,6.0,4.0,,,,,COMPLETE
657,657,0.5492063492063493,2025-01-01 16:44:55.632219,2025-01-01 16:45:02.922544,0 days 00:00:07.290325,2,65,5.0,,,,,,,,,3,2.0,,,,,,,,,COMPLETE
658,658,0.6376811594202898,2025-01-01 16:45:02.923297,2025-01-01 16:45:13.517725,0 days 00:00:10.594428,3,60,35.0,80.0,,,,,,,,3,3.0,3.0,,,,,,,,COMPLETE
659,659,0.7083333333333333,2025-01-01 16:45:13.518412,2025-01-01 16:45:17.389845,0 days 00:00:03.871433,1,70,,,,,,,,,,2,,,,,,,,,,COMPLETE
660,660,0.5587172538392051,2025-01-01 16:45:17.390530,2025-01-01 16:45:26.363661,0 days 00:00:08.973131,2,75,50.0,,,,,,,,,3,4.0,,,,,,,,,COMPLETE
661,661,0.6743566992014196,2025-01-01 16:45:26.364372,2025-01-01 16:45:33.171295,0 days 00:00:06.806923,2,65,15.0,,,,,,,,,3,2.0,,,,,,,,,COMPLETE
662,662,0.7408536585365854,2025-01-01 16:45:33.172379,2025-01-01 16:45:47.604352,0 days 00:00:14.431973,4,35,60.0,60.0,15.0,,,,,,,3,3.0,3.0,3.0,,,,,,,COMPLETE
663,663,0.6594202898550725,2025-01-01 16:45:47.605296,2025-01-01 16:46:06.463964,0 days 00:00:18.858668,5,35,10.0,50.0,15.0,60.0,,,,,,3,3.0,3.0,3.0,5.0,,,,,,COMPLETE
664,664,0.6037037037037036,2025-01-01 16:46:06.464833,2025-01-01 16:46:20.954984,0 days 00:00:14.490151,4,35,60.0,55.0,10.0,,,,,,,3,3.0,3.0,3.0,,,,,,,COMPLETE
665,665,0.4956859361518551,2025-01-01 16:46:20.955728,2025-01-01 16:46:34.412080,0 days 00:00:13.456352,4,35,20.0,60.0,20.0,,,,,,,3,2.0,3.0,3.0,,,,,,,COMPLETE
666,666,0.6486151302190988,2025-01-01 16:46:34.412828,2025-01-01 16:46:49.007395,0 days 00:00:14.594567,4,40,55.0,10.0,15.0,,,,,,,3,3.0,3.0,3.0,,,,,,,COMPLETE
667,667,0.696969696969697,2025-01-01 16:46:49.008096,2025-01-01 16:46:57.284485,0 days 00:00:08.276389,2,30,65.0,,,,,,,,,3,3.0,,,,,,,,,COMPLETE
668,668,0.6083333333333334,2025-01-01 16:46:57.285223,2025-01-01 16:47:19.366206,0 days 00:00:22.080983,6,35,30.0,50.0,10.0,50.0,40.0,,,,,3,3.0,3.0,2.0,5.0,4.0,,,,,COMPLETE
669,669,0.54317998385795,2025-01-01 16:47:19.367177,2025-01-01 16:47:31.899224,0 days 00:00:12.532047,4,35,50.0,60.0,20.0,,,,,,,3,2.0,3.0,2.0,,,,,,,COMPLETE
670,670,0.4945054945054945,2025-01-01 16:47:31.899922,2025-01-01 16:47:41.213947,0 days 00:00:09.314025,2,30,10.0,,,,,,,,,2,6.0,,,,,,,,,COMPLETE
671,671,0.6862745098039216,2025-01-01 16:47:41.214741,2025-01-01 16:47:48.918381,0 days 00:00:07.703640,2,35,55.0,,,,,,,,,3,3.0,,,,,,,,,COMPLETE
672,672,0.6,2025-01-01 16:47:48.919040,2025-01-01 16:48:12.388488,0 days 00:00:23.469448,6,65,20.0,10.0,5.0,65.0,45.0,,,,,3,5.0,3.0,3.0,5.0,4.0,,,,,COMPLETE
673,673,0.6862745098039216,2025-01-01 16:48:12.389301,2025-01-01 16:48:17.568321,0 days 00:00:05.179020,1,35,,,,,,,,,,3,,,,,,,,,,COMPLETE
674,674,0.6486151302190988,2025-01-01 16:48:17.568977,2025-01-01 16:48:25.229368,0 days 00:00:07.660391,2,65,60.0,,,,,,,,,3,3.0,,,,,,,,,COMPLETE
675,675,0.696969696969697,2025-01-01 16:48:25.230036,2025-01-01 16:48:38.760607,0 days 00:00:13.530571,4,40,5.0,60.0,30.0,,,,,,,3,3.0,3.0,2.0,,,,,,,COMPLETE
676,676,0.6636363636363636,2025-01-01 16:48:38.761325,2025-01-01 16:48:57.819392,0 days 00:00:19.058067,5,60,50.0,85.0,25.0,70.0,,,,,,3,2.0,3.0,3.0,6.0,,,,,,COMPLETE
677,677,0.6579530350022154,2025-01-01 16:48:57.820383,2025-01-01 16:49:05.471946,0 days 00:00:07.651563,2,40,55.0,,,,,,,,,3,3.0,,,,,,,,,COMPLETE
678,678,0.7037037037037037,2025-01-01 16:49:05.472600,2025-01-01 16:49:10.254736,0 days 00:00:04.782136,1,15,,,,,,,,,,3,,,,,,,,,,COMPLETE
679,679,0.6435601198117245,2025-01-01 16:49:10.255403,2025-01-01 16:49:18.576529,0 days 00:00:08.321126,2,30,60.0,,,,,,,,,3,3.0,,,,,,,,,COMPLETE
680,680,0.488135593220339,2025-01-01 16:49:18.577187,2025-01-01 16:49:42.667198,0 days 00:00:24.090011,6,60,65.0,45.0,10.0,30.0,50.0,,,,,4,3.0,3.0,3.0,5.0,4.0,,,,,COMPLETE
681,681,0.5861224489795919,2025-01-01 16:49:42.668147,2025-01-01 16:49:49.449405,0 days 00:00:06.781258,2,40,10.0,,,,,,,,,3,2.0,,,,,,,,,COMPLETE
682,682,0.6666666666666667,2025-01-01 16:49:49.450126,2025-01-01 16:49:54.636799,0 days 00:00:05.186673,1,45,,,,,,,,,,3,,,,,,,,,,COMPLETE
683,683,0.7417021276595746,2025-01-01 16:49:54.637457,2025-01-01 16:50:07.184124,0 days 00:00:12.546667,3,50,60.0,55.0,,,,,,,,3,4.0,3.0,,,,,,,,COMPLETE
684,684,0.6729559748427673,2025-01-01 16:50:07.184885,2025-01-01 16:50:21.147572,0 days 00:00:13.962687,3,45,55.0,55.0,,,,,,,,3,5.0,3.0,,,,,,,,COMPLETE
685,685,0.5361295681063123,2025-01-01 16:50:21.148283,2025-01-01 16:50:32.939610,0 days 00:00:11.791327,3,50,60.0,55.0,,,,,,,,3,4.0,3.0,,,,,,,,COMPLETE
686,686,0.47665056360708535,2025-01-01 16:50:32.940304,2025-01-01 16:50:44.715070,0 days 00:00:11.774766,3,50,60.0,50.0,,,,,,,,3,4.0,3.0,,,,,,,,COMPLETE
687,687,0.5775862068965517,2025-01-01 16:50:44.715965,2025-01-01 16:50:56.487262,0 days 00:00:11.771297,3,50,55.0,55.0,,,,,,,,3,4.0,3.0,,,,,,,,COMPLETE
688,688,0.5471861471861472,2025-01-01 16:50:56.487979,2025-01-01 16:51:09.119193,0 days 00:00:12.631214,3,45,50.0,55.0,,,,,,,,3,4.0,3.0,,,,,,,,COMPLETE
689,689,0.6460720130932898,2025-01-01 16:51:09.119994,2025-01-01 16:51:22.135985,0 days 00:00:13.015991,3,50,60.0,60.0,,,,,,,,3,5.0,3.0,,,,,,,,COMPLETE
690,690,0.47459207459207464,2025-01-01 16:51:22.136682,2025-01-01 16:51:33.683089,0 days 00:00:11.546407,3,50,55.0,50.0,,,,,,,,2,4.0,3.0,,,,,,,,COMPLETE
691,691,0.5811044003451251,2025-01-01 16:51:33.683765,2025-01-01 16:51:57.233917,0 days 00:00:23.550152,5,60,55.0,60.0,15.0,45.0,,,,,,4,5.0,3.0,4.0,5.0,,,,,,COMPLETE
692,692,0.47117794486215536,2025-01-01 16:51:57.234686,2025-01-01 16:52:07.601634,0 days 00:00:10.366948,3,50,35.0,55.0,,,,,,,,3,2.0,3.0,,,,,,,,COMPLETE
693,693,0.5331069609507639,2025-01-01 16:52:07.602389,2025-01-01 16:52:21.322441,0 days 00:00:13.720052,4,50,60.0,60.0,20.0,,,,,,,3,2.0,3.0,4.0,,,,,,,COMPLETE
694,694,0.6120401337792643,2025-01-01 16:52:21.323380,2025-01-01 16:52:31.635249,0 days 00:00:10.311869,3,35,50.0,45.0,,,,,,,,3,2.0,3.0,,,,,,,,COMPLETE
695,695,0.6072757337742869,2025-01-01 16:52:31.636069,2025-01-01 16:52:42.001000,0 days 00:00:10.364931,3,60,60.0,5.0,,,,,,,,3,2.0,3.0,,,,,,,,COMPLETE
696,696,0.7148305084745763,2025-01-01 16:52:42.001723,2025-01-01 16:52:52.598950,0 days 00:00:10.597227,3,55,55.0,60.0,,,,,,,,3,3.0,3.0,,,,,,,,COMPLETE
697,697,0.6,2025-01-01 16:52:52.599738,2025-01-01 16:53:15.846208,0 days 00:00:23.246470,6,50,10.0,30.0,25.0,5.0,60.0,,,,,3,3.0,3.0,2.0,6.0,4.0,,,,,COMPLETE
698,698,0.6186270574066639,2025-01-01 16:53:15.847048,2025-01-01 16:53:28.321955,0 days 00:00:12.474907,4,30,15.0,80.0,15.0,,,,,,,3,2.0,3.0,2.0,,,,,,,COMPLETE
699,699,0.571488645920942,2025-01-01 16:53:28.323109,2025-01-01 16:53:41.350154,0 days 00:00:13.027045,3,65,50.0,55.0,,,,,,,,3,5.0,3.0,,,,,,,,COMPLETE
700,700,0.6026086956521739,2025-01-01 16:53:41.350852,2025-01-01 16:53:46.163086,0 days 00:00:04.812234,1,100,,,,,,,,,,3,,,,,,,,,,COMPLETE
701,701,0.6063424947145877,2025-01-01 16:53:46.163758,2025-01-01 16:53:57.946913,0 days 00:00:11.783155,3,45,60.0,75.0,,,,,,,,3,4.0,3.0,,,,,,,,COMPLETE
702,702,0.5993589743589745,2025-01-01 16:53:57.947884,2025-01-01 16:54:19.973170,0 days 00:00:22.025286,6,95,55.0,65.0,10.0,40.0,55.0,,,,,3,3.0,2.0,3.0,5.0,4.0,,,,,COMPLETE
703,703,0.6254355400696865,2025-01-01 16:54:19.974061,2025-01-01 16:54:25.171238,0 days 00:00:05.197177,1,70,,,,,,,,,,3,,,,,,,,,,COMPLETE
704,704,0.6287878787878788,2025-01-01 16:54:25.172277,2025-01-01 16:54:36.544298,0 days 00:00:11.372021,3,95,5.0,60.0,,,,,,,,3,3.0,3.0,,,,,,,,COMPLETE
705,705,0.6876503608660787,2025-01-01 16:54:36.545009,2025-01-01 16:54:52.364966,0 days 00:00:15.819957,4,35,60.0,65.0,5.0,,,,,,,3,3.0,3.0,4.0,,,,,,,COMPLETE
706,706,0.6037037037037036,2025-01-01 16:54:52.365696,2025-01-01 16:55:17.903464,0 days 00:00:25.537768,6,40,40.0,75.0,20.0,10.0,35.0,,,,,3,4.0,3.0,4.0,5.0,4.0,,,,,COMPLETE
707,707,0.4025735294117647,2025-01-01 16:55:17.904318,2025-01-01 16:55:26.672150,0 days 00:00:08.767832,3,90,55.0,5.0,,,,,,,,3,2.0,2.0,,,,,,,,COMPLETE
708,708,0.6818181818181819,2025-01-01 16:55:26.672883,2025-01-01 16:55:36.404188,0 days 00:00:09.731305,3,65,45.0,50.0,,,,,,,,2,3.0,3.0,,,,,,,,COMPLETE
709,709,0.6183554817275747,2025-01-01 16:55:36.405116,2025-01-01 16:55:40.877794,0 days 00:00:04.472678,1,60,,,,,,,,,,3,,,,,,,,,,COMPLETE
710,710,0.6183554817275747,2025-01-01 16:55:40.878480,2025-01-01 16:55:49.105235,0 days 00:00:08.226755,2,90,50.0,,,,,,,,,3,3.0,,,,,,,,,COMPLETE
711,711,0.6486151302190988,2025-01-01 16:55:49.105929,2025-01-01 16:55:59.053300,0 days 00:00:09.947371,3,85,65.0,70.0,,,,,,,,3,3.0,3.0,,,,,,,,COMPLETE
712,712,0.5119047619047619,2025-01-01 16:55:59.054150,2025-01-01 16:56:18.980050,0 days 00:00:19.925900,6,100,15.0,75.0,30.0,65.0,5.0,,,,,3,2.0,2.0,3.0,3.0,4.0,,,,,COMPLETE
713,713,0.625,2025-01-01 16:56:18.980883,2025-01-01 16:56:24.180994,0 days 00:00:05.200111,1,55,,,,,,,,,,3,,,,,,,,,,COMPLETE
714,714,0.7390606182256123,2025-01-01 16:56:24.181660,2025-01-01 16:56:31.928667,0 days 00:00:07.747007,2,90,60.0,,,,,,,,,3,3.0,,,,,,,,,COMPLETE
715,715,0.6984126984126984,2025-01-01 16:56:31.929340,2025-01-01 16:56:45.491713,0 days 00:00:13.562373,3,95,25.0,80.0,,,,,,,,3,3.0,6.0,,,,,,,,COMPLETE
716,716,0.6247954173486088,2025-01-01 16:56:45.492435,2025-01-01 16:56:53.228929,0 days 00:00:07.736494,2,65,55.0,,,,,,,,,3,3.0,,,,,,,,,COMPLETE
717,717,0.6729559748427673,2025-01-01 16:56:53.229620,2025-01-01 16:57:00.063857,0 days 00:00:06.834237,2,95,10.0,,,,,,,,,3,2.0,,,,,,,,,COMPLETE
718,718,0.5653679653679653,2025-01-01 16:57:00.064551,2025-01-01 16:57:23.538534,0 days 00:00:23.473983,5,90,60.0,10.0,30.0,40.0,,,,,,3,6.0,3.0,4.0,6.0,,,,,,COMPLETE
719,719,0.6636363636363636,2025-01-01 16:57:23.539540,2025-01-01 16:57:34.208907,0 days 00:00:10.669367,3,35,50.0,35.0,,,,,,,,3,3.0,3.0,,,,,,,,COMPLETE
720,720,0.582659478885894,2025-01-01 16:57:34.209733,2025-01-01 16:57:39.310746,0 days 00:00:05.101013,1,10,,,,,,,,,,3,,,,,,,,,,COMPLETE
721,721,0.603363412633306,2025-01-01 16:57:39.311407,2025-01-01 16:57:46.996062,0 days 00:00:07.684655,2,95,55.0,,,,,,,,,3,3.0,,,,,,,,,COMPLETE
722,722,0.6598639455782312,2025-01-01 16:57:46.996756,2025-01-01 16:58:00.575789,0 days 00:00:13.579033,4,25,55.0,65.0,15.0,,,,,,,3,3.0,3.0,3.0,,,,,,,COMPLETE
723,723,0.45029775538250116,2025-01-01 16:58:00.576517,2025-01-01 16:58:10.559689,0 days 00:00:09.983172,3,70,65.0,60.0,,,,,,,,4,2.0,2.0,,,,,,,,COMPLETE
724,724,0.5383380168606985,2025-01-01 16:58:10.560411,2025-01-01 16:58:35.970726,0 days 00:00:25.410315,6,30,5.0,65.0,5.0,25.0,65.0,,,,,3,3.0,3.0,2.0,5.0,5.0,,,,,COMPLETE
725,725,0.6375105130361649,2025-01-01 16:58:35.971544,2025-01-01 16:58:40.784408,0 days 00:00:04.812864,1,45,,,,,,,,,,3,,,,,,,,,,COMPLETE
726,726,0.6183554817275747,2025-01-01 16:58:40.785437,2025-01-01 16:59:04.046943,0 days 00:00:23.261506,6,40,10.0,55.0,25.0,55.0,50.0,,,,,3,3.0,3.0,4.0,3.0,4.0,,,,,COMPLETE
727,727,0.5952380952380952,2025-01-01 16:59:04.048422,2025-01-01 16:59:13.209953,0 days 00:00:09.161531,3,85,45.0,5.0,,,,,,,,3,3.0,2.0,,,,,,,,COMPLETE
728,728,0.677938808373591,2025-01-01 16:59:13.210807,2025-01-01 16:59:42.086372,0 days 00:00:28.875565,7,90,40.0,70.0,10.0,50.0,95.0,85.0,,,,3,2.0,4.0,5.0,3.0,4.0,5.0,,,,COMPLETE
729,729,0.6565656565656566,2025-01-01 16:59:42.087277,2025-01-01 16:59:48.822290,0 days 00:00:06.735013,2,60,85.0,,,,,,,,,2,3.0,,,,,,,,,COMPLETE
730,730,0.509090909090909,2025-01-01 16:59:48.822953,2025-01-01 16:59:59.269703,0 days 00:00:10.446750,2,50,60.0,,,,,,,,,6,3.0,,,,,,,,,COMPLETE
731,731,0.6524822695035462,2025-01-01 16:59:59.270416,2025-01-01 17:00:12.003142,0 days 00:00:12.732726,3,55,50.0,15.0,,,,,,,,3,4.0,3.0,,,,,,,,COMPLETE
732,732,0.7037037037037037,2025-01-01 17:00:12.003900,2025-01-01 17:00:16.831568,0 days 00:00:04.827668,1,65,,,,,,,,,,3,,,,,,,,,,COMPLETE
733,733,0.6680143755615453,2025-01-01 17:00:16.832666,2025-01-01 17:00:23.682779,0 days 00:00:06.850113,2,70,60.0,,,,,,,,,3,2.0,,,,,,,,,COMPLETE
734,734,0.6587715776796468,2025-01-01 17:00:23.683679,2025-01-01 17:00:31.446263,0 days 00:00:07.762584,2,100,55.0,,,,,,,,,3,3.0,,,,,,,,,COMPLETE
735,735,0.5720338983050848,2025-01-01 17:00:31.447073,2025-01-01 17:00:48.496475,0 days 00:00:17.049402,4,90,60.0,80.0,35.0,,,,,,,3,3.0,4.0,4.0,,,,,,,COMPLETE
736,736,0.5073891625615763,2025-01-01 17:00:48.497242,2025-01-01 17:01:12.190973,0 days 00:00:23.693731,6,90,65.0,55.0,40.0,75.0,40.0,,,,,3,3.0,3.0,2.0,5.0,4.0,,,,,COMPLETE
737,737,0.6931818181818181,2025-01-01 17:01:12.191763,2025-01-01 17:01:24.230425,0 days 00:00:12.038662,3,95,45.0,85.0,,,,,,,,3,5.0,2.0,,,,,,,,COMPLETE
738,738,0.6261224489795918,2025-01-01 17:01:24.231158,2025-01-01 17:01:41.007952,0 days 00:00:16.776794,5,85,50.0,70.0,20.0,35.0,,,,,,3,2.0,3.0,4.0,3.0,,,,,,COMPLETE
739,739,0.5831881533101045,2025-01-01 17:01:41.008752,2025-01-01 17:01:45.835512,0 days 00:00:04.826760,1,85,,,,,,,,,,3,,,,,,,,,,COMPLETE
740,740,0.677938808373591,2025-01-01 17:01:45.836389,2025-01-01 17:01:54.125019,0 days 00:00:08.288630,2,70,15.0,,,,,,,,,3,3.0,,,,,,,,,COMPLETE
741,741,0.6959517657192076,2025-01-01 17:01:54.125695,2025-01-01 17:02:04.772690,0 days 00:00:10.646995,3,65,55.0,65.0,,,,,,,,3,3.0,3.0,,,,,,,,COMPLETE
742,742,0.7005813953488372,2025-01-01 17:02:04.773558,2025-01-01 17:02:12.511139,0 days 00:00:07.737581,2,95,60.0,,,,,,,,,3,3.0,,,,,,,,,COMPLETE
743,743,0.5607210626185959,2025-01-01 17:02:12.511834,2025-01-01 17:02:21.304554,0 days 00:00:08.792720,3,90,5.0,60.0,,,,,,,,3,2.0,2.0,,,,,,,,COMPLETE
744,744,0.6594684385382059,2025-01-01 17:02:21.305286,2025-01-01 17:02:26.447978,0 days 00:00:05.142692,1,60,,,,,,,,,,3,,,,,,,,,,COMPLETE
745,745,0.6604010025062657,2025-01-01 17:02:26.448659,2025-01-01 17:02:37.315681,0 days 00:00:10.867022,3,55,10.0,75.0,,,,,,,,3,3.0,3.0,,,,,,,,COMPLETE
746,746,0.4995475113122172,2025-01-01 17:02:37.316454,2025-01-01 17:02:44.132388,0 days 00:00:06.815934,2,90,55.0,,,,,,,,,2,3.0,,,,,,,,,COMPLETE
747,747,0.5889830508474576,2025-01-01 17:02:44.133089,2025-01-01 17:02:52.489544,0 days 00:00:08.356455,2,35,60.0,,,,,,,,,3,3.0,,,,,,,,,COMPLETE
748,748,0.76,2025-01-01 17:02:52.490249,2025-01-01 17:03:18.160900,0 days 00:00:25.670651,6,95,90.0,75.0,15.0,60.0,45.0,,,,,3,2.0,3.0,5.0,5.0,5.0,,,,,COMPLETE
749,749,0.6,2025-01-01 17:03:18.161898,2025-01-01 17:03:40.236413,0 days 00:00:22.074515,6,100,90.0,75.0,15.0,60.0,45.0,,,,,3,2.0,3.0,5.0,5.0,5.0,,,,,COMPLETE
750,750,0.6444444444444444,2025-01-01 17:03:40.237366,2025-01-01 17:04:05.906027,0 days 00:00:25.668661,6,95,90.0,80.0,20.0,45.0,75.0,,,,,3,2.0,3.0,5.0,5.0,5.0,,,,,COMPLETE
751,751,0.5353535353535354,2025-01-01 17:04:05.906880,2025-01-01 17:04:33.116743,0 days 00:00:27.209863,6,95,80.0,75.0,15.0,55.0,55.0,,,,,3,2.0,3.0,5.0,5.0,6.0,,,,,COMPLETE
752,752,0.5586380832282472,2025-01-01 17:04:33.117583,2025-01-01 17:05:05.731921,0 days 00:00:32.614338,6,100,95.0,80.0,10.0,60.0,60.0,,,,,5,2.0,3.0,5.0,5.0,5.0,,,,,COMPLETE
753,753,0.5757575757575757,2025-01-01 17:05:05.733062,2025-01-01 17:05:31.093915,0 days 00:00:25.360853,6,95,85.0,70.0,25.0,50.0,60.0,,,,,3,2.0,3.0,5.0,6.0,5.0,,,,,COMPLETE
754,754,0.43253467843631777,2025-01-01 17:05:31.094790,2025-01-01 17:05:59.865160,0 days 00:00:28.770370,6,95,85.0,75.0,5.0,65.0,50.0,,,,,4,2.0,3.0,5.0,5.0,5.0,,,,,COMPLETE
755,755,0.6055646481178396,2025-01-01 17:05:59.866141,2025-01-01 17:06:25.334576,0 days 00:00:25.468435,6,95,95.0,70.0,10.0,70.0,45.0,,,,,3,2.0,3.0,5.0,5.0,6.0,,,,,COMPLETE
756,756,0.4093286835222319,2025-01-01 17:06:25.335720,2025-01-01 17:06:56.618688,0 days 00:00:31.282968,7,95,95.0,80.0,20.0,55.0,10.0,75.0,,,,3,2.0,3.0,5.0,6.0,5.0,5.0,,,,COMPLETE
757,757,0.6998799519807923,2025-01-01 17:06:56.619641,2025-01-01 17:07:10.421269,0 days 00:00:13.801628,6,90,65.0,70.0,15.0,50.0,40.0,,,,,3,2.0,3.0,5.0,5.0,4.0,,,,,COMPLETE
758,758,0.6565656565656566,2025-01-01 17:07:10.422139,2025-01-01 17:07:41.272456,0 days 00:00:30.850317,7,100,50.0,75.0,25.0,45.0,65.0,70.0,,,,3,2.0,3.0,5.0,5.0,5.0,5.0,,,,COMPLETE
759,759,0.6183554817275747,2025-01-01 17:07:41.273591,2025-01-01 17:08:07.154222,0 days 00:00:25.880631,6,90,90.0,75.0,10.0,50.0,35.0,,,,,3,2.0,3.0,4.0,5.0,6.0,,,,,COMPLETE
760,760,0.6365914786967418,2025-01-01 17:08:07.155192,2025-01-01 17:08:31.291393,0 days 00:00:24.136201,6,90,30.0,70.0,15.0,40.0,55.0,,,,,3,2.0,3.0,5.0,6.0,4.0,,,,,COMPLETE
761,761,0.6394230769230769,2025-01-01 17:08:31.292275,2025-01-01 17:08:59.010195,0 days 00:00:27.717920,6,95,85.0,65.0,20.0,60.0,35.0,,,,,3,2.0,3.0,5.0,5.0,5.0,,,,,COMPLETE
762,762,0.5891774891774892,2025-01-01 17:08:59.011019,2025-01-01 17:09:15.133406,0 days 00:00:16.122387,4,95,80.0,10.0,5.0,,,,,,,3,2.0,3.0,5.0,,,,,,,COMPLETE
763,763,0.5586380832282472,2025-01-01 17:09:15.134405,2025-01-01 17:09:39.894834,0 days 00:00:24.760429,6,40,90.0,5.0,25.0,55.0,65.0,,,,,3,2.0,3.0,4.0,5.0,4.0,,,,,COMPLETE
764,764,0.5535714285714286,2025-01-01 17:09:39.895854,2025-01-01 17:09:58.585119,0 days 00:00:18.689265,5,100,50.0,80.0,30.0,40.0,,,,,,3,4.0,3.0,3.0,5.0,,,,,,COMPLETE
765,765,0.6532027743778049,2025-01-01 17:09:58.585970,2025-01-01 17:10:22.920962,0 days 00:00:24.334992,6,95,55.0,50.0,15.0,70.0,40.0,,,,,3,2.0,3.0,5.0,5.0,4.0,,,,,COMPLETE
766,766,0.6379834854411126,2025-01-01 17:10:22.921818,2025-01-01 17:10:32.570990,0 days 00:00:09.649172,3,85,55.0,85.0,,,,,,,,3,2.0,3.0,,,,,,,,COMPLETE
767,767,0.4222222222222222,2025-01-01 17:10:32.571692,2025-01-01 17:10:41.374782,0 days 00:00:08.803090,3,90,60.0,60.0,,,,,,,,2,2.0,3.0,,,,,,,,COMPLETE
768,768,0.6851851851851851,2025-01-01 17:10:41.375542,2025-01-01 17:11:05.638139,0 days 00:00:24.262597,6,90,60.0,40.0,20.0,50.0,75.0,,,,,3,2.0,3.0,4.0,6.0,5.0,,,,,COMPLETE
769,769,0.6885521885521886,2025-01-01 17:11:05.640028,2025-01-01 17:11:10.133995,0 days 00:00:04.493967,1,50,,,,,,,,,,3,,,,,,,,,,COMPLETE
770,770,0.5006645990252547,2025-01-01 17:11:10.134843,2025-01-01 17:11:21.689095,0 days 00:00:11.554252,3,95,45.0,75.0,,,,,,,,3,4.0,2.0,,,,,,,,COMPLETE
771,771,0.6394230769230769,2025-01-01 17:11:21.689824,2025-01-01 17:11:41.636391,0 days 00:00:19.946567,5,90,55.0,25.0,10.0,55.0,,,,,,3,2.0,3.0,6.0,5.0,,,,,,COMPLETE
772,772,0.695540308747856,2025-01-01 17:11:41.637234,2025-01-01 17:11:51.394753,0 days 00:00:09.757519,3,85,65.0,65.0,,,,,,,,3,2.0,3.0,,,,,,,,COMPLETE
773,773,0.654978354978355,2025-01-01 17:11:51.395480,2025-01-01 17:12:08.408613,0 days 00:00:17.013133,4,95,60.0,75.0,5.0,,,,,,,3,3.0,3.0,5.0,,,,,,,COMPLETE
774,774,0.6802721088435374,2025-01-01 17:12:08.409392,2025-01-01 17:12:13.206310,0 days 00:00:04.796918,1,90,,,,,,,,,,3,,,,,,,,,,COMPLETE
775,775,0.5894909688013137,2025-01-01 17:12:13.206986,2025-01-01 17:12:23.895890,0 days 00:00:10.688904,3,35,80.0,80.0,,,,,,,,3,3.0,3.0,,,,,,,,COMPLETE
776,776,0.6565656565656566,2025-01-01 17:12:23.896827,2025-01-01 17:12:48.473879,0 days 00:00:24.577052,6,45,50.0,70.0,35.0,60.0,60.0,,,,,3,2.0,2.0,6.0,6.0,4.0,,,,,COMPLETE
777,777,0.5857843137254902,2025-01-01 17:12:48.474839,2025-01-01 17:13:20.918089,0 days 00:00:32.443250,7,55,35.0,70.0,25.0,45.0,45.0,70.0,,,,3,3.0,3.0,4.0,5.0,6.0,5.0,,,,COMPLETE
778,778,0.705810147299509,2025-01-01 17:13:20.919055,2025-01-01 17:13:31.598058,0 days 00:00:10.679003,3,100,90.0,60.0,,,,,,,,3,3.0,3.0,,,,,,,,COMPLETE
779,779,0.6729559748427673,2025-01-01 17:13:31.598818,2025-01-01 17:13:36.384555,0 days 00:00:04.785737,1,85,,,,,,,,,,3,,,,,,,,,,COMPLETE
780,780,0.595393307257714,2025-01-01 17:13:36.385280,2025-01-01 17:13:47.176579,0 days 00:00:10.791299,3,95,55.0,5.0,,,,,,,,4,3.0,2.0,,,,,,,,COMPLETE
781,781,0.512531328320802,2025-01-01 17:13:47.177320,2025-01-01 17:14:12.310976,0 days 00:00:25.133656,6,40,85.0,65.0,15.0,65.0,70.0,,,,,3,3.0,3.0,6.0,5.0,4.0,,,,,COMPLETE
782,782,0.6899545266639107,2025-01-01 17:14:12.312003,2025-01-01 17:14:22.008049,0 days 00:00:09.696046,3,90,45.0,55.0,,,,,,,,3,2.0,3.0,,,,,,,,COMPLETE
783,783,0.6885521885521886,2025-01-01 17:14:22.008895,2025-01-01 17:14:26.818536,0 days 00:00:04.809641,1,30,,,,,,,,,,3,,,,,,,,,,COMPLETE
784,784,0.625,2025-01-01 17:14:26.819212,2025-01-01 17:14:41.671822,0 days 00:00:14.852610,4,95,40.0,10.0,10.0,,,,,,,3,2.0,4.0,3.0,,,,,,,COMPLETE
785,785,0.609643605870021,2025-01-01 17:14:41.672606,2025-01-01 17:15:02.018529,0 days 00:00:20.345923,5,90,60.0,70.0,20.0,80.0,,,,,,3,3.0,3.0,5.0,3.0,,,,,,COMPLETE
786,786,0.5811044003451251,2025-01-01 17:15:02.019347,2025-01-01 17:15:16.587472,0 days 00:00:14.568125,6,85,75.0,85.0,30.0,35.0,50.0,,,,,3,3.0,2.0,6.0,5.0,4.0,,,,,COMPLETE
787,787,0.6184792219274977,2025-01-01 17:15:16.588299,2025-01-01 17:15:26.329735,0 days 00:00:09.741436,3,95,55.0,75.0,,,,,,,,2,3.0,3.0,,,,,,,,COMPLETE
788,788,0.6611039794608472,2025-01-01 17:15:26.330494,2025-01-01 17:15:31.518793,0 days 00:00:05.188299,1,50,,,,,,,,,,3,,,,,,,,,,COMPLETE
789,789,0.6061224489795918,2025-01-01 17:15:31.519507,2025-01-01 17:15:48.890579,0 days 00:00:17.371072,9,90,65.0,80.0,65.0,45.0,5.0,65.0,65.0,40.0,,3,4.0,3.0,6.0,3.0,5.0,4.0,4.0,3.0,,COMPLETE
790,790,0.6347402597402598,2025-01-01 17:15:48.891744,2025-01-01 17:16:08.787261,0 days 00:00:19.895517,5,90,50.0,65.0,30.0,30.0,,,,,,3,3.0,2.0,5.0,6.0,,,,,,COMPLETE
791,791,0.5353016688061617,2025-01-01 17:16:08.788241,2025-01-01 17:16:19.222748,0 days 00:00:10.434507,3,95,60.0,60.0,,,,,,,,3,2.0,3.0,,,,,,,,COMPLETE
792,792,0.5525862068965517,2025-01-01 17:16:19.223512,2025-01-01 17:16:46.141909,0 days 00:00:26.918397,6,100,95.0,70.0,55.0,20.0,55.0,,,,,3,3.0,3.0,6.0,5.0,4.0,,,,,COMPLETE
793,793,0.6053921568627452,2025-01-01 17:16:46.142715,2025-01-01 17:16:57.561472,0 days 00:00:11.418757,3,90,55.0,55.0,,,,,,,,3,3.0,3.0,,,,,,,,COMPLETE
794,794,0.7305555555555556,2025-01-01 17:16:57.562190,2025-01-01 17:17:02.323574,0 days 00:00:04.761384,1,35,,,,,,,,,,3,,,,,,,,,,COMPLETE
795,795,0.696969696969697,2025-01-01 17:17:02.324244,2025-01-01 17:17:24.909993,0 days 00:00:22.585749,6,85,20.0,45.0,20.0,35.0,80.0,,,,,3,2.0,2.0,5.0,3.0,5.0,,,,,COMPLETE
796,796,0.705810147299509,2025-01-01 17:17:24.911905,2025-01-01 17:17:35.658337,0 days 00:00:10.746432,3,95,65.0,75.0,,,,,,,,3,3.0,3.0,,,,,,,,COMPLETE
797,797,0.6660869565217391,2025-01-01 17:17:35.659077,2025-01-01 17:17:46.400286,0 days 00:00:10.741209,2,80,80.0,,,,,,,,,3,5.0,,,,,,,,,COMPLETE
798,798,0.677938808373591,2025-01-01 17:17:46.400995,2025-01-01 17:17:57.836146,0 days 00:00:11.435151,3,35,50.0,5.0,,,,,,,,3,3.0,3.0,,,,,,,,COMPLETE
799,799,0.7181964573268921,2025-01-01 17:17:57.836916,2025-01-01 17:18:04.603795,0 days 00:00:06.766879,2,85,45.0,,,,,,,,,3,2.0,,,,,,,,,COMPLETE
800,800,0.6594202898550725,2025-01-01 17:18:04.604489,2025-01-01 17:18:19.337851,0 days 00:00:14.733362,4,90,60.0,60.0,50.0,,,,,,,3,3.0,3.0,4.0,,,,,,,COMPLETE
801,801,0.6865793780687397,2025-01-01 17:18:19.338614,2025-01-01 17:18:24.526154,0 days 00:00:05.187540,1,50,,,,,,,,,,3,,,,,,,,,,COMPLETE
802,802,0.7799119647859143,2025-01-01 17:18:24.526878,2025-01-01 17:18:32.273658,0 days 00:00:07.746780,2,95,70.0,,,,,,,,,3,3.0,,,,,,,,,COMPLETE
803,803,0.7005813953488372,2025-01-01 17:18:32.274397,2025-01-01 17:18:39.954050,0 days 00:00:07.679653,2,100,75.0,,,,,,,,,3,3.0,,,,,,,,,COMPLETE
804,804,0.4485294117647059,2025-01-01 17:18:39.954770,2025-01-01 17:18:45.737782,0 days 00:00:05.783012,2,100,70.0,,,,,,,,,2,2.0,,,,,,,,,COMPLETE
805,805,0.6869387755102041,2025-01-01 17:18:45.738745,2025-01-01 17:18:53.504598,0 days 00:00:07.765853,2,95,70.0,,,,,,,,,3,3.0,,,,,,,,,COMPLETE
806,806,0.7390606182256123,2025-01-01 17:18:53.505305,2025-01-01 17:19:01.847725,0 days 00:00:08.342420,2,95,70.0,,,,,,,,,3,3.0,,,,,,,,,COMPLETE
807,807,0.7071078431372549,2025-01-01 17:19:01.848579,2025-01-01 17:19:08.542295,0 days 00:00:06.693716,2,95,65.0,,,,,,,,,3,2.0,,,,,,,,,COMPLETE
808,808,0.6594684385382059,2025-01-01 17:19:08.542988,2025-01-01 17:19:16.353189,0 days 00:00:07.810201,2,100,65.0,,,,,,,,,3,3.0,,,,,,,,,COMPLETE
809,809,0.6715927750410509,2025-01-01 17:19:16.353928,2025-01-01 17:19:24.155992,0 days 00:00:07.802064,2,95,70.0,,,,,,,,,3,3.0,,,,,,,,,COMPLETE
810,810,0.656235182550972,2025-01-01 17:19:24.156737,2025-01-01 17:19:31.038993,0 days 00:00:06.882256,2,95,65.0,,,,,,,,,3,2.0,,,,,,,,,COMPLETE
811,811,0.6190697674418605,2025-01-01 17:19:31.039732,2025-01-01 17:19:41.560406,0 days 00:00:10.520674,2,95,70.0,,,,,,,,,3,6.0,,,,,,,,,COMPLETE
812,812,0.7132107023411371,2025-01-01 17:19:41.561090,2025-01-01 17:19:49.315109,0 days 00:00:07.754019,2,95,65.0,,,,,,,,,3,3.0,,,,,,,,,COMPLETE
813,813,0.6137472283813747,2025-01-01 17:19:49.315795,2025-01-01 17:19:58.864792,0 days 00:00:09.548997,2,95,75.0,,,,,,,,,3,4.0,,,,,,,,,COMPLETE
814,814,0.6565656565656566,2025-01-01 17:19:58.865524,2025-01-01 17:20:03.673230,0 days 00:00:04.807706,1,100,,,,,,,,,,3,,,,,,,,,,COMPLETE
815,815,0.44459644322845415,2025-01-01 17:20:03.673952,2025-01-01 17:20:16.455146,0 days 00:00:12.781194,3,60,85.0,10.0,,,,,,,,3,3.0,4.0,,,,,,,,COMPLETE
816,816,0.6565656565656566,2025-01-01 17:20:16.456078,2025-01-01 17:20:24.769715,0 days 00:00:08.313637,2,90,60.0,,,,,,,,,3,3.0,,,,,,,,,COMPLETE
817,817,0.5915880503144654,2025-01-01 17:20:24.770459,2025-01-01 17:20:31.561312,0 days 00:00:06.790853,2,90,65.0,,,,,,,,,3,2.0,,,,,,,,,COMPLETE
818,818,0.6594684385382059,2025-01-01 17:20:31.562033,2025-01-01 17:20:39.343735,0 days 00:00:07.781702,2,55,60.0,,,,,,,,,3,3.0,,,,,,,,,COMPLETE
819,819,0.5474738675958188,2025-01-01 17:20:39.344559,2025-01-01 17:20:49.130220,0 days 00:00:09.785661,3,100,75.0,20.0,,,,,,,,3,3.0,2.0,,,,,,,,COMPLETE
820,820,0.6115978306216103,2025-01-01 17:20:49.130964,2025-01-01 17:20:56.290971,0 days 00:00:07.160007,1,95,,,,,,,,,,5,,,,,,,,,,COMPLETE
821,821,0.6938775510204082,2025-01-01 17:20:56.291726,2025-01-01 17:21:03.033531,0 days 00:00:06.741805,2,90,80.0,,,,,,,,,3,2.0,,,,,,,,,COMPLETE
822,822,0.6191626409017714,2025-01-01 17:21:03.034231,2025-01-01 17:21:12.759112,0 days 00:00:09.724881,3,95,60.0,65.0,,,,,,,,3,3.0,2.0,,,,,,,,COMPLETE
823,823,0.46825396825396826,2025-01-01 17:21:12.759849,2025-01-01 17:21:21.560634,0 days 00:00:08.800785,2,40,60.0,,,,,,,,,4,3.0,,,,,,,,,COMPLETE
824,824,0.7406832298136645,2025-01-01 17:21:21.561341,2025-01-01 17:21:25.446791,0 days 00:00:03.885450,1,45,,,,,,,,,,2,,,,,,,,,,COMPLETE
825,825,0.7181964573268921,2025-01-01 17:21:25.447491,2025-01-01 17:21:34.749265,0 days 00:00:09.301774,3,30,70.0,15.0,,,,,,,,3,2.0,2.0,,,,,,,,COMPLETE
826,826,0.702939885914875,2025-01-01 17:21:34.750025,2025-01-01 17:21:47.488775,0 days 00:00:12.738750,3,95,65.0,50.0,,,,,,,,3,3.0,4.0,,,,,,,,COMPLETE
827,827,0.6666666666666667,2025-01-01 17:21:47.490216,2025-01-01 17:21:55.297633,0 days 00:00:07.807417,2,90,55.0,,,,,,,,,3,3.0,,,,,,,,,COMPLETE
828,828,0.719551282051282,2025-01-01 17:21:55.298389,2025-01-01 17:22:03.086471,0 days 00:00:07.788082,2,55,60.0,,,,,,,,,3,3.0,,,,,,,,,COMPLETE
829,829,0.5627563576702215,2025-01-01 17:22:03.087206,2025-01-01 17:22:15.699139,0 days 00:00:12.611933,4,95,55.0,65.0,5.0,,,,,,,3,2.0,2.0,3.0,,,,,,,COMPLETE
830,830,0.6602564102564102,2025-01-01 17:22:15.700021,2025-01-01 17:22:20.585399,0 days 00:00:04.885378,1,50,,,,,,,,,,3,,,,,,,,,,COMPLETE
831,831,0.7,2025-01-01 17:22:20.586111,2025-01-01 17:22:30.440382,0 days 00:00:09.854271,3,60,65.0,60.0,,,,,,,,3,3.0,2.0,,,,,,,,COMPLETE
832,832,0.7416943521594684,2025-01-01 17:22:30.441178,2025-01-01 17:22:38.117328,0 days 00:00:07.676150,2,90,85.0,,,,,,,,,3,3.0,,,,,,,,,COMPLETE
833,833,0.5700000000000001,2025-01-01 17:22:38.118028,2025-01-01 17:22:47.704534,0 days 00:00:09.586506,2,90,85.0,,,,,,,,,3,4.0,,,,,,,,,COMPLETE
834,834,0.5440850686752325,2025-01-01 17:22:47.705305,2025-01-01 17:22:54.580811,0 days 00:00:06.875506,2,90,85.0,,,,,,,,,3,2.0,,,,,,,,,COMPLETE
835,835,0.7069387755102041,2025-01-01 17:22:54.581557,2025-01-01 17:23:02.384863,0 days 00:00:07.803306,2,90,90.0,,,,,,,,,3,3.0,,,,,,,,,COMPLETE
836,836,0.6989160979526294,2025-01-01 17:23:02.385598,2025-01-01 17:23:10.205308,0 days 00:00:07.819710,2,90,80.0,,,,,,,,,3,3.0,,,,,,,,,COMPLETE
837,837,0.5340167753960858,2025-01-01 17:23:10.206063,2025-01-01 17:23:16.999234,0 days 00:00:06.793171,2,90,90.0,,,,,,,,,3,2.0,,,,,,,,,COMPLETE
838,838,0.7251845775225595,2025-01-01 17:23:16.999962,2025-01-01 17:23:24.777477,0 days 00:00:07.777515,2,90,90.0,,,,,,,,,3,3.0,,,,,,,,,COMPLETE
839,839,0.7259259259259259,2025-01-01 17:23:24.778384,2025-01-01 17:23:32.529233,0 days 00:00:07.750849,2,95,85.0,,,,,,,,,3,3.0,,,,,,,,,COMPLETE
840,840,0.6285115303983229,2025-01-01 17:23:32.529964,2025-01-01 17:23:37.283493,0 days 00:00:04.753529,1,90,,,,,,,,,,3,,,,,,,,,,COMPLETE
841,841,0.567032967032967,2025-01-01 17:23:37.284175,2025-01-01 17:23:44.078931,0 days 00:00:06.794756,2,95,90.0,,,,,,,,,3,2.0,,,,,,,,,COMPLETE
842,842,0.6608161474330847,2025-01-01 17:23:44.079782,2025-01-01 17:23:51.758061,0 days 00:00:07.678279,2,95,90.0,,,,,,,,,3,3.0,,,,,,,,,COMPLETE
843,843,0.5110887096774194,2025-01-01 17:23:51.758758,2025-01-01 17:23:55.658327,0 days 00:00:03.899569,1,90,,,,,,,,,,2,,,,,,,,,,COMPLETE
844,844,0.662962962962963,2025-01-01 17:23:55.659050,2025-01-01 17:24:03.418864,0 days 00:00:07.759814,2,100,85.0,,,,,,,,,3,3.0,,,,,,,,,COMPLETE
845,845,0.7045454545454546,2025-01-01 17:24:03.419555,2025-01-01 17:24:14.272165,0 days 00:00:10.852610,2,90,85.0,,,,,,,,,3,5.0,,,,,,,,,COMPLETE
846,846,0.6161616161616161,2025-01-01 17:24:14.272874,2025-01-01 17:24:33.192881,0 days 00:00:18.920007,9,95,80.0,15.0,70.0,15.0,85.0,30.0,55.0,40.0,,3,3.0,4.0,6.0,4.0,6.0,5.0,6.0,3.0,,COMPLETE
847,847,0.6659619450317125,2025-01-01 17:24:33.193829,2025-01-01 17:24:38.033869,0 days 00:00:04.840040,1,90,,,,,,,,,,3,,,,,,,,,,COMPLETE
848,848,0.5327144120247569,2025-01-01 17:24:38.034573,2025-01-01 17:24:45.304410,0 days 00:00:07.269837,2,95,25.0,,,,,,,,,3,2.0,,,,,,,,,COMPLETE
849,849,0.7444444444444445,2025-01-01 17:24:45.305489,2025-01-01 17:24:53.050198,0 days 00:00:07.744709,2,90,85.0,,,,,,,,,3,3.0,,,,,,,,,COMPLETE
850,850,0.7431077694235588,2025-01-01 17:24:53.050962,2025-01-01 17:25:00.731159,0 days 00:00:07.680197,2,85,85.0,,,,,,,,,3,3.0,,,,,,,,,COMPLETE
851,851,0.6298245614035087,2025-01-01 17:25:00.732559,2025-01-01 17:25:10.261055,0 days 00:00:09.528496,2,20,85.0,,,,,,,,,4,3.0,,,,,,,,,COMPLETE
852,852,0.6532027743778049,2025-01-01 17:25:10.261789,2025-01-01 17:25:18.045901,0 days 00:00:07.784112,2,85,90.0,,,,,,,,,3,3.0,,,,,,,,,COMPLETE
853,853,0.7777777777777778,2025-01-01 17:25:18.046710,2025-01-01 17:25:25.779454,0 days 00:00:07.732744,2,85,80.0,,,,,,,,,3,3.0,,,,,,,,,COMPLETE
854,854,0.6247954173486088,2025-01-01 17:25:25.780166,2025-01-01 17:25:32.986800,0 days 00:00:07.206634,2,85,80.0,,,,,,,,,3,3.0,,,,,,,,,COMPLETE
855,855,0.6636363636363636,2025-01-01 17:25:32.987550,2025-01-01 17:25:41.282121,0 days 00:00:08.294571,2,85,80.0,,,,,,,,,3,3.0,,,,,,,,,COMPLETE
856,856,0.6869387755102041,2025-01-01 17:25:41.282877,2025-01-01 17:25:49.037822,0 days 00:00:07.754945,2,85,80.0,,,,,,,,,3,3.0,,,,,,,,,COMPLETE
857,857,0.696969696969697,2025-01-01 17:25:49.038540,2025-01-01 17:25:57.377396,0 days 00:00:08.338856,2,85,85.0,,,,,,,,,3,3.0,,,,,,,,,COMPLETE
858,858,0.5941558441558441,2025-01-01 17:25:57.378129,2025-01-01 17:26:05.125538,0 days 00:00:07.747409,2,15,75.0,,,,,,,,,3,3.0,,,,,,,,,COMPLETE
859,859,0.7306553911205074,2025-01-01 17:26:05.126391,2025-01-01 17:26:12.885725,0 days 00:00:07.759334,2,85,80.0,,,,,,,,,3,3.0,,,,,,,,,COMPLETE
860,860,0.7517819706498952,2025-01-01 17:26:12.886435,2025-01-01 17:26:20.649683,0 days 00:00:07.763248,2,85,85.0,,,,,,,,,3,3.0,,,,,,,,,COMPLETE
861,861,0.6940024479804161,2025-01-01 17:26:20.650382,2025-01-01 17:26:28.417012,0 days 00:00:07.766630,2,85,85.0,,,,,,,,,3,3.0,,,,,,,,,COMPLETE
862,862,0.6190476190476191,2025-01-01 17:26:28.417743,2025-01-01 17:26:36.798589,0 days 00:00:08.380846,2,85,85.0,,,,,,,,,3,3.0,,,,,,,,,COMPLETE
863,863,0.47948717948717945,2025-01-01 17:26:36.799530,2025-01-01 17:26:45.752592,0 days 00:00:08.953062,2,85,85.0,,,,,,,,,4,3.0,,,,,,,,,COMPLETE
864,864,0.5149321266968326,2025-01-01 17:26:45.753435,2025-01-01 17:26:52.519477,0 days 00:00:06.766042,2,85,80.0,,,,,,,,,2,3.0,,,,,,,,,COMPLETE
865,865,0.6963835155592935,2025-01-01 17:26:52.520294,2025-01-01 17:27:00.324703,0 days 00:00:07.804409,2,85,85.0,,,,,,,,,3,3.0,,,,,,,,,COMPLETE
866,866,0.696969696969697,2025-01-01 17:27:00.325404,2025-01-01 17:27:08.148623,0 days 00:00:07.823219,2,80,85.0,,,,,,,,,3,3.0,,,,,,,,,COMPLETE
867,867,0.7273469387755103,2025-01-01 17:27:08.149353,2025-01-01 17:27:15.895005,0 days 00:00:07.745652,2,85,90.0,,,,,,,,,3,3.0,,,,,,,,,COMPLETE
868,868,0.6918238993710691,2025-01-01 17:27:15.895728,2025-01-01 17:27:23.733492,0 days 00:00:07.837764,2,85,80.0,,,,,,,,,3,3.0,,,,,,,,,COMPLETE
869,869,0.6862745098039216,2025-01-01 17:27:23.734198,2025-01-01 17:27:31.537575,0 days 00:00:07.803377,2,85,90.0,,,,,,,,,3,3.0,,,,,,,,,COMPLETE
870,870,0.6227272727272728,2025-01-01 17:27:31.538304,2025-01-01 17:27:39.348681,0 days 00:00:07.810377,2,80,80.0,,,,,,,,,3,3.0,,,,,,,,,COMPLETE
871,871,0.6892177589852009,2025-01-01 17:27:39.349420,2025-01-01 17:27:47.160438,0 days 00:00:07.811018,2,85,80.0,,,,,,,,,3,3.0,,,,,,,,,COMPLETE
872,872,0.7380151387720775,2025-01-01 17:27:47.161217,2025-01-01 17:27:54.897159,0 days 00:00:07.735942,2,85,85.0,,,,,,,,,3,3.0,,,,,,,,,COMPLETE
873,873,0.7227272727272727,2025-01-01 17:27:54.897900,2025-01-01 17:28:02.672359,0 days 00:00:07.774459,2,85,85.0,,,,,,,,,3,3.0,,,,,,,,,COMPLETE
874,874,0.6444444444444444,2025-01-01 17:28:02.673086,2025-01-01 17:28:10.442630,0 days 00:00:07.769544,2,90,90.0,,,,,,,,,3,3.0,,,,,,,,,COMPLETE
875,875,0.6186270574066639,2025-01-01 17:28:10.443597,2025-01-01 17:28:18.179075,0 days 00:00:07.735478,2,80,80.0,,,,,,,,,3,3.0,,,,,,,,,COMPLETE
876,876,0.5051282051282051,2025-01-01 17:28:18.180205,2025-01-01 17:28:45.034573,0 days 00:00:26.854368,7,85,85.0,20.0,65.0,80.0,10.0,40.0,,,,3,3.0,4.0,6.0,4.0,2.0,4.0,,,,COMPLETE
877,877,0.4065934065934066,2025-01-01 17:28:45.035507,2025-01-01 17:29:15.382088,0 days 00:00:30.346581,8,90,75.0,30.0,60.0,75.0,10.0,80.0,60.0,,,3,3.0,2.0,6.0,4.0,2.0,5.0,4.0,,,COMPLETE
878,878,0.6102693602693603,2025-01-01 17:29:15.383054,2025-01-01 17:29:23.134714,0 days 00:00:07.751660,2,100,90.0,,,,,,,,,3,3.0,,,,,,,,,COMPLETE
879,879,0.6365914786967418,2025-01-01 17:29:23.135468,2025-01-01 17:29:30.861433,0 days 00:00:07.725965,2,90,95.0,,,,,,,,,3,3.0,,,,,,,,,COMPLETE
880,880,0.76759410801964,2025-01-01 17:29:30.862157,2025-01-01 17:29:38.533357,0 days 00:00:07.671200,2,85,85.0,,,,,,,,,3,3.0,,,,,,,,,COMPLETE
881,881,0.67003367003367,2025-01-01 17:29:38.534129,2025-01-01 17:29:46.224129,0 days 00:00:07.690000,2,80,90.0,,,,,,,,,3,3.0,,,,,,,,,COMPLETE
882,882,0.6158119658119658,2025-01-01 17:29:46.225254,2025-01-01 17:29:54.000444,0 days 00:00:07.775190,2,70,85.0,,,,,,,,,3,3.0,,,,,,,,,COMPLETE
883,883,0.47916666666666663,2025-01-01 17:29:54.001388,2025-01-01 17:30:00.830909,0 days 00:00:06.829521,2,60,75.0,,,,,,,,,2,3.0,,,,,,,,,COMPLETE
884,884,0.7414634146341463,2025-01-01 17:30:00.831632,2025-01-01 17:30:08.642159,0 days 00:00:07.810527,2,90,80.0,,,,,,,,,3,3.0,,,,,,,,,COMPLETE
885,885,0.49066213921901525,2025-01-01 17:30:08.642986,2025-01-01 17:30:43.937039,0 days 00:00:35.294053,9,95,80.0,25.0,70.0,20.0,100.0,85.0,70.0,45.0,,3,2.0,2.0,6.0,4.0,2.0,4.0,4.0,4.0,,COMPLETE
886,886,0.6347402597402598,2025-01-01 17:30:43.937978,2025-01-01 17:30:51.673391,0 days 00:00:07.735413,2,90,95.0,,,,,,,,,3,3.0,,,,,,,,,COMPLETE
887,887,0.6059322033898304,2025-01-01 17:30:51.674105,2025-01-01 17:30:58.919200,0 days 00:00:07.245095,2,70,90.0,,,,,,,,,3,2.0,,,,,,,,,COMPLETE
888,888,0.5755517826825127,2025-01-01 17:30:58.920378,2025-01-01 17:31:08.994300,0 days 00:00:10.073922,2,90,85.0,,,,,,,,,5,3.0,,,,,,,,,COMPLETE
889,889,0.6530612244897959,2025-01-01 17:31:08.995041,2025-01-01 17:31:17.289033,0 days 00:00:08.293992,2,85,85.0,,,,,,,,,3,3.0,,,,,,,,,COMPLETE
890,890,0.5881606765327696,2025-01-01 17:31:17.289779,2025-01-01 17:31:24.994137,0 days 00:00:07.704358,2,65,90.0,,,,,,,,,3,3.0,,,,,,,,,COMPLETE
891,891,0.7159090909090908,2025-01-01 17:31:24.994860,2025-01-01 17:31:31.833605,0 days 00:00:06.838745,2,100,75.0,,,,,,,,,3,2.0,,,,,,,,,COMPLETE
892,892,0.7182675814751287,2025-01-01 17:31:31.834562,2025-01-01 17:31:39.595920,0 days 00:00:07.761358,2,95,95.0,,,,,,,,,3,3.0,,,,,,,,,COMPLETE
893,893,0.515473032714412,2025-01-01 17:31:39.596632,2025-01-01 17:31:49.278612,0 days 00:00:09.681980,2,85,85.0,,,,,,,,,6,3.0,,,,,,,,,COMPLETE
894,894,0.8193496587715776,2025-01-01 17:31:49.279493,2025-01-01 17:32:23.802541,0 days 00:00:34.523048,8,95,80.0,15.0,75.0,75.0,35.0,70.0,75.0,,,4,2.0,2.0,6.0,4.0,3.0,5.0,3.0,,,COMPLETE
895,895,0.6376811594202898,2025-01-01 17:32:23.803485,2025-01-01 17:32:56.495473,0 days 00:00:32.691988,9,95,80.0,10.0,65.0,75.0,35.0,65.0,80.0,30.0,,4,2.0,2.0,6.0,4.0,3.0,5.0,3.0,3.0,,COMPLETE
896,896,0.4949874686716792,2025-01-01 17:32:56.496574,2025-01-01 17:33:23.893746,0 days 00:00:27.397172,7,100,75.0,5.0,100.0,75.0,35.0,70.0,,,,4,2.0,2.0,6.0,4.0,3.0,5.0,,,,COMPLETE
897,897,0.4945054945054945,2025-01-01 17:33:23.894748,2025-01-01 17:34:00.000170,0 days 00:00:36.105422,9,95,80.0,15.0,75.0,70.0,30.0,75.0,75.0,25.0,,4,2.0,2.0,6.0,4.0,3.0,5.0,3.0,5.0,,COMPLETE
898,898,0.5325602140945584,2025-01-01 17:34:00.001109,2025-01-01 17:34:39.611485,0 days 00:00:39.610376,9,95,80.0,30.0,75.0,80.0,40.0,70.0,75.0,45.0,,5,2.0,2.0,6.0,4.0,3.0,5.0,3.0,3.0,,COMPLETE
899,899,0.5941558441558441,2025-01-01 17:34:39.612641,2025-01-01 17:35:01.398360,0 days 00:00:21.785719,7,95,80.0,15.0,55.0,70.0,40.0,80.0,,,,3,2.0,2.0,6.0,4.0,3.0,5.0,,,,COMPLETE
900,900,0.56,2025-01-01 17:35:01.399358,2025-01-01 17:35:09.289095,0 days 00:00:07.889737,2,100,75.0,,,,,,,,,4,2.0,,,,,,,,,COMPLETE
901,901,0.5592948717948718,2025-01-01 17:35:09.290190,2025-01-01 17:35:37.596056,0 days 00:00:28.305866,8,95,80.0,10.0,70.0,65.0,35.0,85.0,75.0,,,4,2.0,2.0,6.0,4.0,3.0,5.0,3.0,,,COMPLETE
902,902,0.463135593220339,2025-01-01 17:35:37.596996,2025-01-01 17:35:52.536701,0 days 00:00:14.939705,8,95,85.0,20.0,70.0,70.0,45.0,65.0,70.0,,,2,2.0,2.0,6.0,4.0,3.0,5.0,3.0,,,COMPLETE
903,903,0.5720338983050848,2025-01-01 17:35:52.537573,2025-01-01 17:36:21.585613,0 days 00:00:29.048040,7,90,80.0,20.0,65.0,75.0,30.0,40.0,,,,4,2.0,2.0,6.0,4.0,3.0,5.0,,,,COMPLETE
904,904,0.4065934065934066,2025-01-01 17:36:21.586764,2025-01-01 17:36:53.333219,0 days 00:00:31.746455,8,90,75.0,5.0,75.0,80.0,35.0,75.0,40.0,,,2,2.0,2.0,6.0,4.0,3.0,5.0,4.0,,,COMPLETE
905,905,0.5571658615136876,2025-01-01 17:36:53.334136,2025-01-01 17:37:11.750828,0 days 00:00:18.416692,9,20,85.0,10.0,45.0,65.0,40.0,90.0,65.0,45.0,,4,2.0,2.0,6.0,5.0,2.0,5.0,3.0,4.0,,COMPLETE
906,906,0.6227272727272728,2025-01-01 17:37:11.751792,2025-01-01 17:37:41.232834,0 days 00:00:29.481042,8,95,80.0,35.0,60.0,60.0,30.0,35.0,65.0,,,5,2.0,2.0,6.0,4.0,3.0,5.0,3.0,,,COMPLETE
907,907,0.6347402597402598,2025-01-01 17:37:41.233944,2025-01-01 17:38:12.838721,0 days 00:00:31.604777,8,100,85.0,15.0,50.0,80.0,45.0,75.0,30.0,,,6,2.0,2.0,6.0,4.0,2.0,5.0,4.0,,,COMPLETE
908,908,0.6131202691337259,2025-01-01 17:38:12.839758,2025-01-01 17:38:39.665353,0 days 00:00:26.825595,7,90,75.0,5.0,100.0,65.0,35.0,65.0,,,,3,2.0,2.0,6.0,4.0,3.0,4.0,,,,COMPLETE
909,909,0.6648745519713262,2025-01-01 17:38:39.666195,2025-01-01 17:38:46.446628,0 days 00:00:06.780433,2,90,85.0,,,,,,,,,3,2.0,,,,,,,,,COMPLETE
910,910,0.5245969408846631,2025-01-01 17:38:46.447366,2025-01-01 17:39:18.124022,0 days 00:00:31.676656,9,95,90.0,10.0,55.0,55.0,40.0,35.0,45.0,20.0,,4,2.0,2.0,6.0,5.0,2.0,5.0,3.0,3.0,,COMPLETE
911,911,0.6356589147286822,2025-01-01 17:39:18.125133,2025-01-01 17:39:24.958963,0 days 00:00:06.833830,2,100,95.0,,,,,,,,,3,2.0,,,,,,,,,COMPLETE
912,912,0.6125,2025-01-01 17:39:24.959686,2025-01-01 17:39:34.816127,0 days 00:00:09.856441,2,85,80.0,,,,,,,,,5,2.0,,,,,,,,,COMPLETE
913,913,0.5974235104669887,2025-01-01 17:39:34.816986,2025-01-01 17:39:52.613375,0 days 00:00:17.796389,5,95,40.0,5.0,75.0,70.0,,,,,,3,2.0,2.0,6.0,4.0,,,,,,COMPLETE
914,914,0.6737588652482269,2025-01-01 17:39:52.614709,2025-01-01 17:40:13.539605,0 days 00:00:20.924896,6,25,90.0,15.0,40.0,75.0,30.0,,,,,3,2.0,2.0,6.0,4.0,3.0,,,,,COMPLETE
915,915,0.6598639455782312,2025-01-01 17:40:13.540451,2025-01-01 17:40:19.876628,0 days 00:00:06.336177,2,90,80.0,,,,,,,,,3,2.0,,,,,,,,,COMPLETE
916,916,0.5625,2025-01-01 17:40:19.877364,2025-01-01 17:40:26.643735,0 days 00:00:06.766371,2,80,85.0,,,,,,,,,3,2.0,,,,,,,,,COMPLETE
917,917,0.3894165535956581,2025-01-01 17:40:26.644447,2025-01-01 17:40:53.173479,0 days 00:00:26.529032,7,90,75.0,5.0,60.0,80.0,50.0,70.0,,,,3,2.0,2.0,6.0,5.0,2.0,5.0,,,,COMPLETE
918,918,0.6312056737588652,2025-01-01 17:40:53.174594,2025-01-01 17:40:59.901521,0 days 00:00:06.726927,2,85,80.0,,,,,,,,,3,2.0,,,,,,,,,COMPLETE
919,919,0.5571658615136876,2025-01-01 17:40:59.902227,2025-01-01 17:41:10.860918,0 days 00:00:10.958691,2,90,35.0,,,,,,,,,5,3.0,,,,,,,,,COMPLETE
920,920,0.5757575757575757,2025-01-01 17:41:10.861768,2025-01-01 17:41:34.021351,0 days 00:00:23.159583,6,95,70.0,10.0,100.0,60.0,45.0,,,,,3,3.0,2.0,6.0,5.0,3.0,,,,,COMPLETE
921,921,0.7417021276595746,2025-01-01 17:41:34.022247,2025-01-01 17:41:41.352660,0 days 00:00:07.330413,2,95,85.0,,,,,,,,,3,2.0,,,,,,,,,COMPLETE
922,922,0.5941558441558441,2025-01-01 17:41:41.353354,2025-01-01 17:41:59.709667,0 days 00:00:18.356313,6,10,90.0,5.0,65.0,60.0,80.0,,,,,2,3.0,2.0,6.0,4.0,2.0,,,,,COMPLETE
923,923,0.662962962962963,2025-01-01 17:41:59.710506,2025-01-01 17:42:08.033419,0 days 00:00:08.322913,2,100,30.0,,,,,,,,,3,3.0,,,,,,,,,COMPLETE
924,924,0.6753246753246753,2025-01-01 17:42:08.034159,2025-01-01 17:42:15.811093,0 days 00:00:07.776934,2,85,85.0,,,,,,,,,3,3.0,,,,,,,,,COMPLETE
925,925,0.6587715776796468,2025-01-01 17:42:15.812516,2025-01-01 17:42:23.599336,0 days 00:00:07.786820,2,90,90.0,,,,,,,,,3,3.0,,,,,,,,,COMPLETE
926,926,0.719551282051282,2025-01-01 17:42:23.600047,2025-01-01 17:42:48.600975,0 days 00:00:25.000928,7,95,80.0,10.0,45.0,45.0,40.0,85.0,,,,3,2.0,2.0,6.0,4.0,3.0,4.0,,,,COMPLETE
927,927,0.6666666666666666,2025-01-01 17:42:48.601937,2025-01-01 17:42:56.935324,0 days 00:00:08.333387,2,80,95.0,,,,,,,,,3,3.0,,,,,,,,,COMPLETE
928,928,0.6004983388704319,2025-01-01 17:42:56.936071,2025-01-01 17:43:16.737300,0 days 00:00:19.801229,6,90,75.0,10.0,60.0,55.0,35.0,,,,,3,2.0,2.0,6.0,4.0,2.0,,,,,COMPLETE
929,929,0.4293523969722456,2025-01-01 17:43:16.738171,2025-01-01 17:43:48.125634,0 days 00:00:31.387463,8,95,85.0,15.0,55.0,75.0,35.0,60.0,70.0,,,3,3.0,4.0,6.0,5.0,3.0,5.0,3.0,,,COMPLETE
930,930,0.5830866807610994,2025-01-01 17:43:48.127252,2025-01-01 17:43:55.892438,0 days 00:00:07.765186,2,90,85.0,,,,,,,,,3,3.0,,,,,,,,,COMPLETE
931,931,0.581646423751687,2025-01-01 17:43:55.893189,2025-01-01 17:44:02.663114,0 days 00:00:06.769925,2,95,90.0,,,,,,,,,3,2.0,,,,,,,,,COMPLETE
932,932,0.5327144120247569,2025-01-01 17:44:02.663954,2025-01-01 17:44:16.965843,0 days 00:00:14.301889,5,90,80.0,5.0,70.0,50.0,,,,,,3,3.0,6.0,6.0,4.0,,,,,,COMPLETE
933,933,0.565936337329475,2025-01-01 17:44:16.966658,2025-01-01 17:44:25.860234,0 days 00:00:08.893576,2,85,70.0,,,,,,,,,4,3.0,,,,,,,,,COMPLETE
934,934,0.6565656565656566,2025-01-01 17:44:25.860960,2025-01-01 17:44:45.284125,0 days 00:00:19.423165,6,95,80.0,20.0,75.0,65.0,30.0,,,,,3,2.0,2.0,6.0,5.0,2.0,,,,,COMPLETE
935,935,0.6347402597402598,2025-01-01 17:44:45.284942,2025-01-01 17:44:53.559349,0 days 00:00:08.274407,2,100,85.0,,,,,,,,,3,3.0,,,,,,,,,COMPLETE
936,936,0.5952380952380952,2025-01-01 17:44:53.560053,2025-01-01 17:44:58.388743,0 days 00:00:04.828690,1,85,,,,,,,,,,3,,,,,,,,,,COMPLETE
937,937,0.6594202898550725,2025-01-01 17:44:58.389637,2025-01-01 17:45:06.204129,0 days 00:00:07.814492,2,80,90.0,,,,,,,,,3,3.0,,,,,,,,,COMPLETE
938,938,0.6565656565656566,2025-01-01 17:45:06.204878,2025-01-01 17:45:26.985402,0 days 00:00:20.780524,6,90,95.0,35.0,5.0,40.0,75.0,,,,,3,2.0,2.0,6.0,5.0,3.0,,,,,COMPLETE
939,939,0.6728813559322033,2025-01-01 17:45:26.986464,2025-01-01 17:45:35.334145,0 days 00:00:08.347681,2,90,40.0,,,,,,,,,3,3.0,,,,,,,,,COMPLETE
940,940,0.45307125307125307,2025-01-01 17:45:35.334879,2025-01-01 17:45:42.957835,0 days 00:00:07.622956,1,95,,,,,,,,,,5,,,,,,,,,,COMPLETE
941,941,0.5245969408846631,2025-01-01 17:45:42.958662,2025-01-01 17:46:14.005591,0 days 00:00:31.046929,9,85,75.0,25.0,50.0,80.0,5.0,80.0,60.0,50.0,,2,3.0,2.0,6.0,4.0,2.0,4.0,3.0,4.0,,COMPLETE
942,942,0.6190900981266726,2025-01-01 17:46:14.006521,2025-01-01 17:46:20.761288,0 days 00:00:06.754767,2,90,80.0,,,,,,,,,3,2.0,,,,,,,,,COMPLETE
943,943,0.5166036149642708,2025-01-01 17:46:20.762020,2025-01-01 17:46:52.068519,0 days 00:00:31.306499,7,95,85.0,5.0,65.0,70.0,90.0,30.0,,,,3,3.0,4.0,6.0,4.0,3.0,5.0,,,,COMPLETE
944,944,0.6963835155592935,2025-01-01 17:46:52.069428,2025-01-01 17:46:59.791997,0 days 00:00:07.722569,2,95,25.0,,,,,,,,,3,3.0,,,,,,,,,COMPLETE
945,945,0.6918238993710691,2025-01-01 17:46:59.793373,2025-01-01 17:47:06.605169,0 days 00:00:06.811796,2,100,55.0,,,,,,,,,3,2.0,,,,,,,,,COMPLETE
946,946,0.684577522559475,2025-01-01 17:47:06.605868,2025-01-01 17:47:14.436086,0 days 00:00:07.830218,2,60,90.0,,,,,,,,,3,3.0,,,,,,,,,COMPLETE
947,947,0.603363412633306,2025-01-01 17:47:14.436832,2025-01-01 17:47:34.469012,0 days 00:00:20.032180,5,80,70.0,15.0,10.0,55.0,,,,,,3,3.0,2.0,6.0,4.0,,,,,,COMPLETE
948,948,0.47456914670029426,2025-01-01 17:47:34.469964,2025-01-01 17:47:59.793893,0 days 00:00:25.323929,6,15,40.0,10.0,70.0,65.0,30.0,,,,,3,2.0,5.0,5.0,4.0,3.0,,,,,COMPLETE
949,949,0.7273469387755103,2025-01-01 17:47:59.794919,2025-01-01 17:48:07.559259,0 days 00:00:07.764340,2,90,55.0,,,,,,,,,3,3.0,,,,,,,,,COMPLETE
950,950,0.4664750957854406,2025-01-01 17:48:07.559994,2025-01-01 17:48:13.977257,0 days 00:00:06.417263,1,90,,,,,,,,,,4,,,,,,,,,,COMPLETE
951,951,0.603363412633306,2025-01-01 17:48:13.977982,2025-01-01 17:48:36.706456,0 days 00:00:22.728474,6,95,35.0,5.0,100.0,50.0,10.0,,,,,3,3.0,2.0,6.0,5.0,2.0,,,,,COMPLETE
952,952,0.6598639455782312,2025-01-01 17:48:36.707538,2025-01-01 17:48:41.478753,0 days 00:00:04.771215,1,85,,,,,,,,,,3,,,,,,,,,,COMPLETE
953,953,0.6247954173486088,2025-01-01 17:48:41.479437,2025-01-01 17:48:48.734452,0 days 00:00:07.255015,2,90,85.0,,,,,,,,,3,2.0,,,,,,,,,COMPLETE
954,954,0.6753246753246753,2025-01-01 17:48:48.735331,2025-01-01 17:48:56.497474,0 days 00:00:07.762143,2,100,80.0,,,,,,,,,3,3.0,,,,,,,,,COMPLETE
955,955,0.6666666666666667,2025-01-01 17:48:56.498231,2025-01-01 17:49:04.418477,0 days 00:00:07.920246,2,95,80.0,,,,,,,,,3,3.0,,,,,,,,,COMPLETE
956,956,0.5571658615136876,2025-01-01 17:49:04.419238,2025-01-01 17:49:23.561194,0 days 00:00:19.141956,8,90,100.0,15.0,5.0,60.0,85.0,65.0,50.0,,,3,3.0,2.0,6.0,4.0,3.0,5.0,3.0,,,COMPLETE
957,957,0.5494367959949937,2025-01-01 17:49:23.562120,2025-01-01 17:49:30.821053,0 days 00:00:07.258933,2,85,65.0,,,,,,,,,3,2.0,,,,,,,,,COMPLETE
958,958,0.5308037535699714,2025-01-01 17:49:30.821802,2025-01-01 17:50:06.963126,0 days 00:00:36.141324,9,95,90.0,10.0,35.0,40.0,45.0,25.0,80.0,15.0,,3,3.0,2.0,6.0,5.0,6.0,4.0,4.0,5.0,,COMPLETE
959,959,0.468613775065388,2025-01-01 17:50:06.964115,2025-01-01 17:50:34.327845,0 days 00:00:27.363730,6,90,85.0,20.0,75.0,45.0,70.0,,,,,3,3.0,4.0,5.0,6.0,2.0,,,,,COMPLETE
960,960,0.7004255319148935,2025-01-01 17:50:34.329838,2025-01-01 17:50:38.201948,0 days 00:00:03.872110,1,85,,,,,,,,,,2,,,,,,,,,,COMPLETE
961,961,0.6753246753246753,2025-01-01 17:50:38.202998,2025-01-01 17:50:45.863765,0 days 00:00:07.660767,2,80,70.0,,,,,,,,,3,3.0,,,,,,,,,COMPLETE
962,962,0.533427495291902,2025-01-01 17:50:45.864479,2025-01-01 17:50:52.652420,0 days 00:00:06.787941,2,60,55.0,,,,,,,,,3,2.0,,,,,,,,,COMPLETE
963,963,0.6643356643356644,2025-01-01 17:50:52.653191,2025-01-01 17:51:00.348138,0 days 00:00:07.694947,2,95,45.0,,,,,,,,,3,3.0,,,,,,,,,COMPLETE
964,964,0.67003367003367,2025-01-01 17:51:00.348905,2025-01-01 17:51:05.141379,0 days 00:00:04.792474,1,100,,,,,,,,,,3,,,,,,,,,,COMPLETE
965,965,0.5551992670636738,2025-01-01 17:51:05.142085,2025-01-01 17:51:14.871572,0 days 00:00:09.729487,3,90,50.0,40.0,,,,,,,,3,3.0,2.0,,,,,,,,COMPLETE
966,966,0.6989160979526294,2025-01-01 17:51:14.872769,2025-01-01 17:51:37.080752,0 days 00:00:22.207983,6,85,75.0,70.0,50.0,75.0,40.0,,,,,3,2.0,2.0,6.0,4.0,3.0,,,,,COMPLETE
967,967,0.5169082125603865,2025-01-01 17:51:37.081646,2025-01-01 17:52:06.316445,0 days 00:00:29.234799,7,95,95.0,10.0,45.0,70.0,50.0,40.0,,,,6,2.0,2.0,5.0,5.0,2.0,5.0,,,,COMPLETE
968,968,0.5126156433978133,2025-01-01 17:52:06.317645,2025-01-01 17:52:15.165302,0 days 00:00:08.847657,2,85,85.0,,,,,,,,,4,3.0,,,,,,,,,COMPLETE
969,969,0.6131202691337259,2025-01-01 17:52:15.166180,2025-01-01 17:52:35.980767,0 days 00:00:20.814587,5,90,45.0,5.0,40.0,35.0,,,,,,3,3.0,4.0,6.0,4.0,,,,,,COMPLETE
970,970,0.684577522559475,2025-01-01 17:52:35.981643,2025-01-01 17:52:43.705741,0 days 00:00:07.724098,2,90,55.0,,,,,,,,,3,3.0,,,,,,,,,COMPLETE
971,971,0.586048454469507,2025-01-01 17:52:43.706480,2025-01-01 17:52:50.425165,0 days 00:00:06.718685,2,95,65.0,,,,,,,,,3,2.0,,,,,,,,,COMPLETE
972,972,0.4888888888888889,2025-01-01 17:52:50.425913,2025-01-01 17:53:00.205036,0 days 00:00:09.779123,3,60,55.0,5.0,,,,,,,,3,3.0,2.0,,,,,,,,COMPLETE
973,973,0.717948717948718,2025-01-01 17:53:00.205821,2025-01-01 17:53:05.023129,0 days 00:00:04.817308,1,100,,,,,,,,,,3,,,,,,,,,,COMPLETE
974,974,0.6439704675963904,2025-01-01 17:53:05.023827,2025-01-01 17:53:14.738852,0 days 00:00:09.715025,3,95,75.0,70.0,,,,,,,,3,3.0,2.0,,,,,,,,COMPLETE
975,975,0.5755517826825127,2025-01-01 17:53:14.740040,2025-01-01 17:53:35.613435,0 days 00:00:20.873395,6,90,80.0,65.0,10.0,60.0,35.0,,,,,3,2.0,2.0,6.0,4.0,3.0,,,,,COMPLETE
976,976,0.6696016771488469,2025-01-01 17:53:35.614500,2025-01-01 17:53:43.361868,0 days 00:00:07.747368,2,85,70.0,,,,,,,,,3,3.0,,,,,,,,,COMPLETE
977,977,0.47117794486215536,2025-01-01 17:53:43.362608,2025-01-01 17:54:05.115767,0 days 00:00:21.753159,10,95,85.0,5.0,90.0,80.0,10.0,35.0,25.0,35.0,30.0,3,3.0,5.0,5.0,5.0,5.0,5.0,3.0,3.0,6.0,COMPLETE
978,978,0.43464495703301675,2025-01-01 17:54:05.117015,2025-01-01 17:54:10.944779,0 days 00:00:05.827764,2,90,60.0,,,,,,,,,2,2.0,,,,,,,,,COMPLETE
979,979,0.6477801268498943,2025-01-01 17:54:10.945549,2025-01-01 17:54:18.702656,0 days 00:00:07.757107,2,55,95.0,,,,,,,,,3,3.0,,,,,,,,,COMPLETE
980,980,0.6124031007751938,2025-01-01 17:54:18.703359,2025-01-01 17:54:31.305975,0 days 00:00:12.602616,3,20,90.0,10.0,,,,,,,,3,3.0,4.0,,,,,,,,COMPLETE
981,981,0.6790281329923273,2025-01-01 17:54:31.306733,2025-01-01 17:54:36.439968,0 days 00:00:05.133235,1,80,,,,,,,,,,3,,,,,,,,,,COMPLETE
982,982,0.6989160979526294,2025-01-01 17:54:36.440663,2025-01-01 17:54:44.198654,0 days 00:00:07.757991,2,90,50.0,,,,,,,,,3,3.0,,,,,,,,,COMPLETE
983,983,0.6124031007751938,2025-01-01 17:54:44.199398,2025-01-01 17:55:05.250456,0 days 00:00:21.051058,6,95,100.0,70.0,65.0,55.0,50.0,,,,,3,2.0,2.0,6.0,5.0,2.0,,,,,COMPLETE
984,984,0.3545548654244306,2025-01-01 17:55:05.251317,2025-01-01 17:55:15.015083,0 days 00:00:09.763766,3,85,55.0,15.0,,,,,,,,3,3.0,2.0,,,,,,,,COMPLETE
985,985,0.7017543859649122,2025-01-01 17:55:15.016646,2025-01-01 17:55:23.343096,0 days 00:00:08.326450,2,90,90.0,,,,,,,,,3,3.0,,,,,,,,,COMPLETE
986,986,0.488135593220339,2025-01-01 17:55:23.343831,2025-01-01 17:55:55.511177,0 days 00:00:32.167346,7,100,60.0,70.0,60.0,45.0,30.0,70.0,,,,3,2.0,6.0,6.0,4.0,6.0,4.0,,,,COMPLETE
987,987,0.7063166529942575,2025-01-01 17:55:55.512258,2025-01-01 17:56:03.237771,0 days 00:00:07.725513,2,60,75.0,,,,,,,,,3,3.0,,,,,,,,,COMPLETE
988,988,0.6998799519807923,2025-01-01 17:56:03.238487,2025-01-01 17:56:14.889777,0 days 00:00:11.651290,3,90,85.0,65.0,,,,,,,,3,2.0,4.0,,,,,,,,COMPLETE
989,989,0.46374946374946374,2025-01-01 17:56:14.890542,2025-01-01 17:56:46.281112,0 days 00:00:31.390570,8,95,80.0,45.0,95.0,50.0,75.0,25.0,55.0,,,4,3.0,2.0,5.0,6.0,3.0,5.0,4.0,,,COMPLETE
990,990,0.7159090909090908,2025-01-01 17:56:46.282267,2025-01-01 17:56:54.087368,0 days 00:00:07.805101,2,95,50.0,,,,,,,,,3,3.0,,,,,,,,,COMPLETE
991,991,0.6959517657192076,2025-01-01 17:56:54.088125,2025-01-01 17:56:59.206254,0 days 00:00:05.118129,1,85,,,,,,,,,,3,,,,,,,,,,COMPLETE
992,992,0.6594684385382059,2025-01-01 17:56:59.206957,2025-01-01 17:57:06.001334,0 days 00:00:06.794377,2,90,65.0,,,,,,,,,3,2.0,,,,,,,,,COMPLETE
993,993,0.548440065681445,2025-01-01 17:57:06.002172,2025-01-01 17:57:38.731824,0 days 00:00:32.729652,9,100,55.0,5.0,70.0,30.0,65.0,75.0,75.0,40.0,,3,3.0,2.0,6.0,5.0,2.0,5.0,3.0,4.0,,COMPLETE
994,994,0.7083333333333333,2025-01-01 17:57:38.732771,2025-01-01 17:57:58.798595,0 days 00:00:20.065824,10,85,60.0,70.0,55.0,55.0,40.0,60.0,55.0,50.0,50.0,3,3.0,2.0,6.0,4.0,3.0,4.0,4.0,6.0,6.0,COMPLETE
995,995,0.6458333333333333,2025-01-01 17:57:58.799593,2025-01-01 17:58:09.953222,0 days 00:00:11.153629,3,95,80.0,25.0,,,,,,,,5,2.0,2.0,,,,,,,,COMPLETE
996,996,0.6063424947145877,2025-01-01 17:58:09.954012,2025-01-01 17:58:28.704617,0 days 00:00:18.750605,5,90,30.0,65.0,5.0,35.0,,,,,,3,3.0,2.0,6.0,4.0,,,,,,COMPLETE
997,997,0.7069387755102041,2025-01-01 17:58:28.705762,2025-01-01 17:58:36.537613,0 days 00:00:07.831851,2,95,90.0,,,,,,,,,3,3.0,,,,,,,,,COMPLETE
998,998,0.46374946374946374,2025-01-01 17:58:36.538389,2025-01-01 17:59:03.828208,0 days 00:00:27.289819,6,85,85.0,10.0,15.0,65.0,80.0,,,,,2,3.0,4.0,5.0,4.0,5.0,,,,,COMPLETE
999,999,0.5892271662763466,2025-01-01 17:59:03.829200,2025-01-01 17:59:08.903772,0 days 00:00:05.074572,1,5,,,,,,,,,,3,,,,,,,,,,COMPLETE
