,number,value,datetime_start,datetime_complete,duration,params_depth,params_neurons_layer_0,params_neurons_layer_1,params_neurons_layer_2,params_neurons_layer_3,params_neurons_layer_4,params_neurons_layer_5,params_neurons_layer_6,params_neurons_layer_7,params_neurons_layer_8,params_neurons_layer_9,params_orders_layer_0,params_orders_layer_1,params_orders_layer_2,params_orders_layer_3,params_orders_layer_4,params_orders_layer_5,params_orders_layer_6,params_orders_layer_7,params_orders_layer_8,params_orders_layer_9,state
0,0,0.7408855205424811,2025-01-01 17:59:22.186299,2025-01-01 17:59:49.483769,0 days 00:00:27.297470,8,20,30.0,75.0,65.0,10.0,15.0,20.0,80.0,,,3,3.0,3.0,2.0,2.0,6.0,6.0,2.0,,,COMPLETE
1,1,0.6936936936936937,2025-01-01 17:59:49.484353,2025-01-01 18:00:08.261664,0 days 00:00:18.777311,6,40,55.0,5.0,80.0,5.0,20.0,,,,,2,6.0,2.0,2.0,2.0,4.0,,,,,COMPLETE
2,2,0.5416833828131269,2025-01-01 18:00:08.262354,2025-01-01 18:00:41.051467,0 days 00:00:32.789113,8,60,85.0,40.0,5.0,100.0,95.0,100.0,5.0,,,6,3.0,2.0,5.0,5.0,5.0,4.0,4.0,,,COMPLETE
3,3,0.5582381446867428,2025-01-01 18:00:41.052270,2025-01-01 18:00:59.299458,0 days 00:00:18.247188,3,45,70.0,20.0,,,,,,,,5,6.0,6.0,,,,,,,,COMPLETE
4,4,0.6276749798873693,2025-01-01 18:00:59.299993,2025-01-01 18:01:26.297130,0 days 00:00:26.997137,9,80,50.0,30.0,10.0,50.0,100.0,80.0,35.0,40.0,,4,3.0,6.0,3.0,4.0,2.0,6.0,3.0,4.0,,COMPLETE
5,5,0.6763265306122449,2025-01-01 18:01:26.297869,2025-01-01 18:01:41.948169,0 days 00:00:15.650300,5,45,55.0,70.0,65.0,50.0,,,,,,4,3.0,2.0,3.0,2.0,,,,,,COMPLETE
6,6,0.6305194805194805,2025-01-01 18:01:41.948877,2025-01-01 18:02:05.366790,0 days 00:00:23.417913,5,90,50.0,5.0,55.0,20.0,,,,,,5,2.0,5.0,3.0,4.0,,,,,,COMPLETE
7,7,0.6097345132743363,2025-01-01 18:02:05.367335,2025-01-01 18:02:38.548613,0 days 00:00:33.181278,7,40,75.0,85.0,70.0,20.0,55.0,95.0,,,,6,6.0,4.0,6.0,3.0,2.0,6.0,,,,COMPLETE
8,8,0.7850975375759515,2025-01-01 18:02:38.549261,2025-01-01 18:03:04.597744,0 days 00:00:26.048483,7,55,50.0,100.0,55.0,65.0,90.0,50.0,,,,4,2.0,3.0,4.0,6.0,6.0,3.0,,,,COMPLETE
9,9,0.7393885902270722,2025-01-01 18:03:04.598391,2025-01-01 18:03:24.523345,0 days 00:00:19.924954,5,90,90.0,60.0,40.0,80.0,,,,,,3,4.0,5.0,4.0,2.0,,,,,,COMPLETE
10,10,0.6960408684546615,2025-01-01 18:03:24.524521,2025-01-01 18:03:33.063690,0 days 00:00:08.539169,1,5,,,,,,,,,,4,,,,,,,,,,COMPLETE
11,11,0.7711086045762165,2025-01-01 18:03:33.064153,2025-01-01 18:04:03.431659,0 days 00:00:30.367506,9,15,15.0,100.0,95.0,70.0,25.0,20.0,95.0,100.0,,2,2.0,3.0,2.0,6.0,6.0,2.0,2.0,6.0,,COMPLETE
12,12,0.6844562505030991,2025-01-01 18:04:03.432297,2025-01-01 18:04:46.655063,0 days 00:00:43.222766,10,65,5.0,100.0,95.0,70.0,55.0,30.0,100.0,100.0,65.0,2,2.0,3.0,5.0,6.0,6.0,2.0,6.0,6.0,3.0,COMPLETE
13,13,0.6720690211256248,2025-01-01 18:04:46.655822,2025-01-01 18:05:32.570127,0 days 00:00:45.914305,10,25,5.0,100.0,100.0,65.0,35.0,45.0,65.0,100.0,10.0,3,2.0,3.0,4.0,6.0,6.0,2.0,2.0,6.0,6.0,COMPLETE
14,14,0.7371251629726205,2025-01-01 18:05:32.570960,2025-01-01 18:05:58.632480,0 days 00:00:26.061520,7,70,20.0,90.0,35.0,90.0,75.0,60.0,,,,2,4.0,4.0,4.0,5.0,5.0,3.0,,,,COMPLETE
15,15,0.5766233766233766,2025-01-01 18:05:58.633118,2025-01-01 18:06:39.862769,0 days 00:00:41.229651,8,5,35.0,55.0,30.0,40.0,35.0,5.0,100.0,,,5,4.0,3.0,6.0,6.0,4.0,3.0,6.0,,,COMPLETE
16,16,0.7681623931623931,2025-01-01 18:06:39.863564,2025-01-01 18:06:50.695151,0 days 00:00:10.831587,3,25,100.0,85.0,,,,,,,,3,2.0,4.0,,,,,,,,COMPLETE
17,17,0.7221288515406163,2025-01-01 18:06:50.695631,2025-01-01 18:07:22.602114,0 days 00:00:31.906483,9,100,20.0,70.0,85.0,65.0,80.0,55.0,40.0,10.0,,2,5.0,3.0,2.0,5.0,5.0,3.0,4.0,2.0,,COMPLETE
18,18,0.6963317384370016,2025-01-01 18:07:22.602788,2025-01-01 18:07:54.005256,0 days 00:00:31.402468,7,55,35.0,100.0,50.0,80.0,35.0,35.0,,,,5,2.0,4.0,5.0,6.0,3.0,4.0,,,,COMPLETE
19,19,0.47216231328380864,2025-01-01 18:07:54.005997,2025-01-01 18:08:29.735065,0 days 00:00:35.729068,9,30,20.0,45.0,20.0,35.0,5.0,5.0,70.0,65.0,,3,3.0,5.0,3.0,5.0,6.0,2.0,4.0,4.0,,COMPLETE
20,20,0.6602809706257982,2025-01-01 18:08:29.735741,2025-01-01 18:08:55.610665,0 days 00:00:25.874924,6,15,40.0,90.0,80.0,60.0,70.0,,,,,4,5.0,2.0,4.0,6.0,5.0,,,,,COMPLETE
21,21,0.7330439056356488,2025-01-01 18:08:55.611268,2025-01-01 18:09:07.211657,0 days 00:00:11.600389,3,30,100.0,80.0,,,,,,,,3,2.0,4.0,,,,,,,,COMPLETE
22,22,0.7294261294261295,2025-01-01 18:09:07.212169,2025-01-01 18:09:17.615461,0 days 00:00:10.403292,3,15,65.0,90.0,,,,,,,,3,2.0,3.0,,,,,,,,COMPLETE
23,23,0.7656593406593406,2025-01-01 18:09:17.616047,2025-01-01 18:09:21.675213,0 days 00:00:04.059166,1,35,,,,,,,,,,2,,,,,,,,,,COMPLETE
24,24,0.6389100448506388,2025-01-01 18:09:21.675633,2025-01-01 18:09:35.555771,0 days 00:00:13.880138,4,50,100.0,100.0,50.0,,,,,,,4,2.0,4.0,2.0,,,,,,,COMPLETE
25,25,0.7351756364808251,2025-01-01 18:09:35.556382,2025-01-01 18:09:51.374480,0 days 00:00:15.818098,4,15,85.0,85.0,90.0,,,,,,,3,3.0,3.0,5.0,,,,,,,COMPLETE
26,26,0.7866522755891348,2025-01-01 18:09:51.375008,2025-01-01 18:09:57.536435,0 days 00:00:06.161427,2,25,65.0,,,,,,,,,2,2.0,,,,,,,,,COMPLETE
27,27,0.8284600389863548,2025-01-01 18:09:57.536811,2025-01-01 18:10:04.811523,0 days 00:00:07.274712,2,70,65.0,,,,,,,,,2,3.0,,,,,,,,,COMPLETE
28,28,0.8332526230831315,2025-01-01 18:10:04.811904,2025-01-01 18:10:12.064268,0 days 00:00:07.252364,2,75,60.0,,,,,,,,,2,3.0,,,,,,,,,COMPLETE
29,29,0.8274237540292586,2025-01-01 18:10:12.064652,2025-01-01 18:10:20.492159,0 days 00:00:08.427507,2,75,65.0,,,,,,,,,2,4.0,,,,,,,,,COMPLETE
30,30,0.821560093739538,2025-01-01 18:10:20.492510,2025-01-01 18:10:29.731829,0 days 00:00:09.239319,2,75,75.0,,,,,,,,,2,5.0,,,,,,,,,COMPLETE
31,31,0.8049220672682527,2025-01-01 18:10:29.732243,2025-01-01 18:10:39.574915,0 days 00:00:09.842672,2,75,75.0,,,,,,,,,2,5.0,,,,,,,,,COMPLETE
32,32,0.7963963963963965,2025-01-01 18:10:39.575287,2025-01-01 18:10:48.066827,0 days 00:00:08.491540,2,80,60.0,,,,,,,,,2,4.0,,,,,,,,,COMPLETE
33,33,0.8196881091617934,2025-01-01 18:10:48.067504,2025-01-01 18:10:52.148725,0 days 00:00:04.081221,1,65,,,,,,,,,,2,,,,,,,,,,COMPLETE
34,34,0.8108108108108109,2025-01-01 18:10:52.149051,2025-01-01 18:11:00.615191,0 days 00:00:08.466140,2,85,75.0,,,,,,,,,2,4.0,,,,,,,,,COMPLETE
35,35,0.7073271927640861,2025-01-01 18:11:00.615565,2025-01-01 18:11:19.538796,0 days 00:00:18.923231,4,70,65.0,25.0,20.0,,,,,,,2,5.0,6.0,6.0,,,,,,,COMPLETE
36,36,0.7708541043536059,2025-01-01 18:11:19.539358,2025-01-01 18:11:24.367713,0 days 00:00:04.828355,1,75,,,,,,,,,,3,,,,,,,,,,COMPLETE
37,37,0.8251247384516337,2025-01-01 18:11:24.368105,2025-01-01 18:11:31.585676,0 days 00:00:07.217571,2,100,80.0,,,,,,,,,2,3.0,,,,,,,,,COMPLETE
38,38,0.771286013198133,2025-01-01 18:11:31.586048,2025-01-01 18:11:45.651811,0 days 00:00:14.065763,3,100,85.0,40.0,,,,,,,,3,3.0,5.0,,,,,,,,COMPLETE
39,39,0.7271675345069841,2025-01-01 18:11:45.652525,2025-01-01 18:12:02.153246,0 days 00:00:16.500721,4,90,45.0,15.0,25.0,,,,,,,2,3.0,6.0,6.0,,,,,,,COMPLETE
40,40,0.807041572671608,2025-01-01 18:12:02.153703,2025-01-01 18:12:09.444499,0 days 00:00:07.290796,2,95,60.0,,,,,,,,,2,3.0,,,,,,,,,COMPLETE
41,41,0.8002645502645502,2025-01-01 18:12:09.444892,2025-01-01 18:12:16.781881,0 days 00:00:07.336989,2,80,80.0,,,,,,,,,2,3.0,,,,,,,,,COMPLETE
42,42,0.7925233644859813,2025-01-01 18:12:16.782246,2025-01-01 18:12:20.939504,0 days 00:00:04.157258,1,65,,,,,,,,,,2,,,,,,,,,,COMPLETE
43,43,0.8205128205128205,2025-01-01 18:12:20.939907,2025-01-01 18:12:29.522478,0 days 00:00:08.582571,2,85,60.0,,,,,,,,,2,4.0,,,,,,,,,COMPLETE
44,44,0.7938720988478878,2025-01-01 18:12:29.522964,2025-01-01 18:12:42.492527,0 days 00:00:12.969563,3,60,70.0,60.0,,,,,,,,2,3.0,5.0,,,,,,,,COMPLETE
45,45,0.8214713635274382,2025-01-01 18:12:42.493138,2025-01-01 18:12:47.622487,0 days 00:00:05.129349,1,75,,,,,,,,,,3,,,,,,,,,,COMPLETE
46,46,0.6427489436338993,2025-01-01 18:12:47.622870,2025-01-01 18:13:02.815624,0 days 00:00:15.192754,3,85,70.0,10.0,,,,,,,,6,5.0,2.0,,,,,,,,COMPLETE
47,47,0.750450893589113,2025-01-01 18:13:02.816052,2025-01-01 18:13:12.189821,0 days 00:00:09.373769,2,70,90.0,,,,,,,,,2,6.0,,,,,,,,,COMPLETE
48,48,0.7928571428571429,2025-01-01 18:13:12.190205,2025-01-01 18:13:17.317599,0 days 00:00:05.127394,1,60,,,,,,,,,,3,,,,,,,,,,COMPLETE
49,49,0.7857142857142857,2025-01-01 18:13:17.317959,2025-01-01 18:13:37.240026,0 days 00:00:19.922067,5,95,55.0,30.0,40.0,30.0,,,,,,2,3.0,6.0,5.0,3.0,,,,,,COMPLETE
50,50,0.7766254487435182,2025-01-01 18:13:37.240481,2025-01-01 18:13:50.989576,0 days 00:00:13.749095,4,50,80.0,45.0,15.0,,,,,,,2,4.0,2.0,3.0,,,,,,,COMPLETE
51,51,0.8016569200779726,2025-01-01 18:13:50.990256,2025-01-01 18:13:56.117970,0 days 00:00:05.127714,1,75,,,,,,,,,,3,,,,,,,,,,COMPLETE
52,52,0.7464620630861041,2025-01-01 18:13:56.118359,2025-01-01 18:14:05.613692,0 days 00:00:09.495333,2,80,70.0,,,,,,,,,3,4.0,,,,,,,,,COMPLETE
53,53,0.8223464619492658,2025-01-01 18:14:05.614079,2025-01-01 18:14:09.730423,0 days 00:00:04.116344,1,90,,,,,,,,,,2,,,,,,,,,,COMPLETE
54,54,0.7802896218825423,2025-01-01 18:14:09.730808,2025-01-01 18:14:17.013907,0 days 00:00:07.283099,2,95,75.0,,,,,,,,,2,3.0,,,,,,,,,COMPLETE
55,55,0.7566558441558442,2025-01-01 18:14:17.014624,2025-01-01 18:14:30.234560,0 days 00:00:13.219936,3,90,50.0,65.0,,,,,,,,2,4.0,5.0,,,,,,,,COMPLETE
56,56,0.8401167639699749,2025-01-01 18:14:30.235009,2025-01-01 18:14:34.401028,0 days 00:00:04.166019,1,100,,,,,,,,,,2,,,,,,,,,,COMPLETE
57,57,0.8123653769445554,2025-01-01 18:14:34.401379,2025-01-01 18:14:38.482952,0 days 00:00:04.081573,1,100,,,,,,,,,,2,,,,,,,,,,COMPLETE
58,58,0.8325143325143325,2025-01-01 18:14:38.483311,2025-01-01 18:14:42.583402,0 days 00:00:04.100091,1,95,,,,,,,,,,2,,,,,,,,,,COMPLETE
59,59,0.7341608738828203,2025-01-01 18:14:42.583732,2025-01-01 18:14:55.494406,0 days 00:00:12.910674,3,95,45.0,35.0,,,,,,,,5,3.0,2.0,,,,,,,,COMPLETE
60,60,0.8204213387699626,2025-01-01 18:14:55.495126,2025-01-01 18:14:59.596775,0 days 00:00:04.101649,1,100,,,,,,,,,,2,,,,,,,,,,COMPLETE
61,61,0.7960467205750225,2025-01-01 18:14:59.597097,2025-01-01 18:15:03.848026,0 days 00:00:04.250929,1,90,,,,,,,,,,2,,,,,,,,,,COMPLETE
62,62,0.7705649574808453,2025-01-01 18:15:03.848386,2025-01-01 18:15:07.903500,0 days 00:00:04.055114,1,85,,,,,,,,,,2,,,,,,,,,,COMPLETE
63,63,0.8143840104849279,2025-01-01 18:15:07.903834,2025-01-01 18:15:15.256844,0 days 00:00:07.353010,2,95,90.0,,,,,,,,,2,3.0,,,,,,,,,COMPLETE
64,64,0.7867924528301887,2025-01-01 18:15:15.257212,2025-01-01 18:15:19.405397,0 days 00:00:04.148185,1,90,,,,,,,,,,2,,,,,,,,,,COMPLETE
65,65,0.8379520520113775,2025-01-01 18:15:19.405764,2025-01-01 18:15:27.961505,0 days 00:00:08.555741,2,100,55.0,,,,,,,,,2,4.0,,,,,,,,,COMPLETE
66,66,0.7910052910052909,2025-01-01 18:15:27.961906,2025-01-01 18:15:36.495939,0 days 00:00:08.534033,2,100,55.0,,,,,,,,,2,4.0,,,,,,,,,COMPLETE
67,67,0.7087057265806025,2025-01-01 18:15:36.496305,2025-01-01 18:16:01.933781,0 days 00:00:25.437476,6,95,45.0,20.0,70.0,100.0,45.0,,,,,2,4.0,6.0,6.0,3.0,3.0,,,,,COMPLETE
68,68,0.7837662337662338,2025-01-01 18:16:01.934402,2025-01-01 18:16:17.082210,0 days 00:00:15.147808,3,100,60.0,50.0,,,,,,,,4,3.0,5.0,,,,,,,,COMPLETE
69,69,0.7301719819669394,2025-01-01 18:16:17.082616,2025-01-01 18:16:27.219519,0 days 00:00:10.136903,2,80,65.0,,,,,,,,,3,4.0,,,,,,,,,COMPLETE
70,70,0.7759103641456582,2025-01-01 18:16:27.219910,2025-01-01 18:16:50.770830,0 days 00:00:23.550920,8,85,50.0,75.0,5.0,20.0,65.0,85.0,5.0,,,2,4.0,2.0,5.0,4.0,3.0,5.0,5.0,,,COMPLETE
71,71,0.7962962962962963,2025-01-01 18:16:50.771369,2025-01-01 18:16:54.935076,0 days 00:00:04.163707,1,95,,,,,,,,,,2,,,,,,,,,,COMPLETE
72,72,0.8030060761112888,2025-01-01 18:16:54.935436,2025-01-01 18:17:02.291739,0 days 00:00:07.356303,2,70,80.0,,,,,,,,,2,3.0,,,,,,,,,COMPLETE
73,73,0.7850467289719626,2025-01-01 18:17:02.292111,2025-01-01 18:17:06.360870,0 days 00:00:04.068759,1,100,,,,,,,,,,2,,,,,,,,,,COMPLETE
74,74,0.8017857142857143,2025-01-01 18:17:06.361210,2025-01-01 18:17:13.655753,0 days 00:00:07.294543,2,90,40.0,,,,,,,,,2,3.0,,,,,,,,,COMPLETE
75,75,0.8455809334657398,2025-01-01 18:17:13.656254,2025-01-01 18:17:17.809755,0 days 00:00:04.153501,1,90,,,,,,,,,,2,,,,,,,,,,COMPLETE
76,76,0.8825536062378168,2025-01-01 18:17:17.810138,2025-01-01 18:17:27.609313,0 days 00:00:09.799175,2,95,55.0,,,,,,,,,2,5.0,,,,,,,,,COMPLETE
77,77,0.6796491228070176,2025-01-01 18:17:27.609716,2025-01-01 18:17:42.702618,0 days 00:00:15.092902,3,85,55.0,5.0,,,,,,,,2,5.0,6.0,,,,,,,,COMPLETE
78,78,0.8124850514231046,2025-01-01 18:17:42.703079,2025-01-01 18:17:47.887505,0 days 00:00:05.184426,1,95,,,,,,,,,,3,,,,,,,,,,COMPLETE
79,79,0.7760116848526506,2025-01-01 18:17:47.887907,2025-01-01 18:17:57.256525,0 days 00:00:09.368618,2,60,40.0,,,,,,,,,2,6.0,,,,,,,,,COMPLETE
80,80,0.7938662644544998,2025-01-01 18:17:57.256909,2025-01-01 18:18:02.390889,0 days 00:00:05.133980,1,80,,,,,,,,,,3,,,,,,,,,,COMPLETE
81,81,0.865546218487395,2025-01-01 18:18:02.391236,2025-01-01 18:18:12.152469,0 days 00:00:09.761233,2,100,60.0,,,,,,,,,2,5.0,,,,,,,,,COMPLETE
82,82,0.8454907161803713,2025-01-01 18:18:12.152849,2025-01-01 18:18:22.008376,0 days 00:00:09.855527,2,100,60.0,,,,,,,,,2,5.0,,,,,,,,,COMPLETE
83,83,0.8430709802028006,2025-01-01 18:18:22.008808,2025-01-01 18:18:31.851420,0 days 00:00:09.842612,2,100,60.0,,,,,,,,,2,5.0,,,,,,,,,COMPLETE
84,84,0.7507389162561576,2025-01-01 18:18:31.851878,2025-01-01 18:18:45.863543,0 days 00:00:14.011665,3,100,60.0,15.0,,,,,,,,2,5.0,4.0,,,,,,,,COMPLETE
85,85,0.8430709802028006,2025-01-01 18:18:45.863955,2025-01-01 18:18:55.682121,0 days 00:00:09.818166,2,95,55.0,,,,,,,,,2,5.0,,,,,,,,,COMPLETE
86,86,0.7601606030809571,2025-01-01 18:18:55.682653,2025-01-01 18:19:09.687203,0 days 00:00:14.004550,3,100,55.0,35.0,,,,,,,,2,5.0,6.0,,,,,,,,COMPLETE
87,87,0.755861365953109,2025-01-01 18:19:09.687648,2025-01-01 18:19:22.635904,0 days 00:00:12.948256,2,90,50.0,,,,,,,,,6,5.0,,,,,,,,,COMPLETE
88,88,0.8269151138716355,2025-01-01 18:19:22.636307,2025-01-01 18:19:32.417847,0 days 00:00:09.781540,2,95,55.0,,,,,,,,,2,5.0,,,,,,,,,COMPLETE
89,89,0.7416789637645516,2025-01-01 18:19:32.418232,2025-01-01 18:19:43.106899,0 days 00:00:10.688667,3,100,45.0,55.0,,,,,,,,2,6.0,2.0,,,,,,,,COMPLETE
90,90,0.7634274516789882,2025-01-01 18:19:43.107313,2025-01-01 18:19:52.877021,0 days 00:00:09.769708,2,95,60.0,,,,,,,,,2,5.0,,,,,,,,,COMPLETE
91,91,0.8133244281182168,2025-01-01 18:19:52.877431,2025-01-01 18:19:57.009814,0 days 00:00:04.132383,1,95,,,,,,,,,,2,,,,,,,,,,COMPLETE
92,92,0.7724867724867726,2025-01-01 18:19:57.010178,2025-01-01 18:20:06.863319,0 days 00:00:09.853141,2,100,50.0,,,,,,,,,2,5.0,,,,,,,,,COMPLETE
93,93,0.7817460317460317,2025-01-01 18:20:06.863782,2025-01-01 18:20:10.976284,0 days 00:00:04.112502,1,90,,,,,,,,,,2,,,,,,,,,,COMPLETE
94,94,0.7396970466277397,2025-01-01 18:20:10.976666,2025-01-01 18:20:20.419450,0 days 00:00:09.442784,2,95,65.0,,,,,,,,,2,6.0,,,,,,,,,COMPLETE
95,95,0.8182263196540752,2025-01-01 18:20:20.419883,2025-01-01 18:20:28.088903,0 days 00:00:07.669020,1,100,,,,,,,,,,5,,,,,,,,,,COMPLETE
96,96,0.7587625473095277,2025-01-01 18:20:28.089370,2025-01-01 18:20:37.959350,0 days 00:00:09.869980,2,95,30.0,,,,,,,,,2,5.0,,,,,,,,,COMPLETE
97,97,0.8598130841121495,2025-01-01 18:20:37.959750,2025-01-01 18:20:42.166493,0 days 00:00:04.206743,1,100,,,,,,,,,,2,,,,,,,,,,COMPLETE
98,98,0.7230155564419625,2025-01-01 18:20:42.166875,2025-01-01 18:21:21.387358,0 days 00:00:39.220483,10,100,70.0,70.0,65.0,45.0,5.0,75.0,25.0,5.0,100.0,2,5.0,5.0,2.0,3.0,4.0,5.0,5.0,2.0,2.0,COMPLETE
99,99,0.7671061415220294,2025-01-01 18:21:21.387882,2025-01-01 18:21:31.228228,0 days 00:00:09.840346,2,90,55.0,,,,,,,,,2,5.0,,,,,,,,,COMPLETE
100,100,0.7387387387387387,2025-01-01 18:21:31.228633,2025-01-01 18:21:48.720318,0 days 00:00:17.491685,4,100,60.0,25.0,45.0,,,,,,,2,5.0,5.0,3.0,,,,,,,COMPLETE
101,101,0.8144870534251065,2025-01-01 18:21:48.720882,2025-01-01 18:21:52.865309,0 days 00:00:04.144427,1,95,,,,,,,,,,2,,,,,,,,,,COMPLETE
102,102,0.8198198198198199,2025-01-01 18:21:52.865684,2025-01-01 18:21:57.016157,0 days 00:00:04.150473,1,95,,,,,,,,,,2,,,,,,,,,,COMPLETE
103,103,0.8218218218218218,2025-01-01 18:21:57.016524,2025-01-01 18:22:01.110988,0 days 00:00:04.094464,1,100,,,,,,,,,,2,,,,,,,,,,COMPLETE
104,104,0.8250201126307322,2025-01-01 18:22:01.111537,2025-01-01 18:22:05.269752,0 days 00:00:04.158215,1,40,,,,,,,,,,2,,,,,,,,,,COMPLETE
105,105,0.7906746031746033,2025-01-01 18:22:05.270236,2025-01-01 18:22:14.661473,0 days 00:00:09.391237,2,90,65.0,,,,,,,,,2,6.0,,,,,,,,,COMPLETE
106,106,0.7759197324414716,2025-01-01 18:22:14.661895,2025-01-01 18:22:26.689740,0 days 00:00:12.027845,3,100,50.0,75.0,,,,,,,,2,5.0,3.0,,,,,,,,COMPLETE
107,107,0.8297619047619047,2025-01-01 18:22:26.690209,2025-01-01 18:22:30.825394,0 days 00:00:04.135185,1,85,,,,,,,,,,2,,,,,,,,,,COMPLETE
108,108,0.7643805309734513,2025-01-01 18:22:30.825778,2025-01-01 18:22:40.195328,0 days 00:00:09.369550,2,95,70.0,,,,,,,,,2,6.0,,,,,,,,,COMPLETE
109,109,0.7928571428571429,2025-01-01 18:22:40.195729,2025-01-01 18:22:44.284379,0 days 00:00:04.088650,1,90,,,,,,,,,,2,,,,,,,,,,COMPLETE
110,110,0.8170922355393434,2025-01-01 18:22:44.284740,2025-01-01 18:22:54.104891,0 days 00:00:09.820151,2,100,60.0,,,,,,,,,2,5.0,,,,,,,,,COMPLETE
111,111,0.7846097201767305,2025-01-01 18:22:54.105306,2025-01-01 18:22:58.191554,0 days 00:00:04.086248,1,85,,,,,,,,,,2,,,,,,,,,,COMPLETE
112,112,0.8918831168831169,2025-01-01 18:22:58.191933,2025-01-01 18:23:02.346831,0 days 00:00:04.154898,1,85,,,,,,,,,,2,,,,,,,,,,COMPLETE
113,113,0.835993714332975,2025-01-01 18:23:02.347170,2025-01-01 18:23:06.433636,0 days 00:00:04.086466,1,95,,,,,,,,,,2,,,,,,,,,,COMPLETE
114,114,0.7926093514328808,2025-01-01 18:23:06.434195,2025-01-01 18:23:16.469094,0 days 00:00:10.034899,2,90,10.0,,,,,,,,,2,5.0,,,,,,,,,COMPLETE
115,115,0.8108766233766234,2025-01-01 18:23:16.469468,2025-01-01 18:23:20.713555,0 days 00:00:04.244087,1,95,,,,,,,,,,2,,,,,,,,,,COMPLETE
116,116,0.7760260260260261,2025-01-01 18:23:20.713971,2025-01-01 18:23:30.815620,0 days 00:00:10.101649,2,100,55.0,,,,,,,,,2,5.0,,,,,,,,,COMPLETE
117,117,0.8518518518518519,2025-01-01 18:23:30.816044,2025-01-01 18:23:35.054630,0 days 00:00:04.238586,1,90,,,,,,,,,,2,,,,,,,,,,COMPLETE
118,118,0.8359788359788359,2025-01-01 18:23:35.055154,2025-01-01 18:23:39.289965,0 days 00:00:04.234811,1,95,,,,,,,,,,2,,,,,,,,,,COMPLETE
119,119,0.8070796460176992,2025-01-01 18:23:39.290344,2025-01-01 18:23:43.536588,0 days 00:00:04.246244,1,90,,,,,,,,,,2,,,,,,,,,,COMPLETE
120,120,0.7763135946622186,2025-01-01 18:23:43.536977,2025-01-01 18:23:50.059897,0 days 00:00:06.522920,1,100,,,,,,,,,,4,,,,,,,,,,COMPLETE
121,121,0.8201664967720014,2025-01-01 18:23:50.060516,2025-01-01 18:23:54.164805,0 days 00:00:04.104289,1,95,,,,,,,,,,2,,,,,,,,,,COMPLETE
122,122,0.8018691588785047,2025-01-01 18:23:54.165186,2025-01-01 18:23:58.288421,0 days 00:00:04.123235,1,95,,,,,,,,,,2,,,,,,,,,,COMPLETE
123,123,0.7812066574202496,2025-01-01 18:23:58.288801,2025-01-01 18:24:02.422754,0 days 00:00:04.133953,1,95,,,,,,,,,,2,,,,,,,,,,COMPLETE
124,124,0.7744819179195449,2025-01-01 18:24:02.423123,2025-01-01 18:24:06.599813,0 days 00:00:04.176690,1,10,,,,,,,,,,2,,,,,,,,,,COMPLETE
125,125,0.8215895808983136,2025-01-01 18:24:06.600160,2025-01-01 18:24:16.524001,0 days 00:00:09.923841,2,90,35.0,,,,,,,,,2,6.0,,,,,,,,,COMPLETE
126,126,0.8774405250205086,2025-01-01 18:24:16.524394,2025-01-01 18:24:20.710070,0 days 00:00:04.185676,1,100,,,,,,,,,,2,,,,,,,,,,COMPLETE
127,127,0.8064828253507499,2025-01-01 18:24:20.710437,2025-01-01 18:24:24.314727,0 days 00:00:03.604290,1,100,,,,,,,,,,2,,,,,,,,,,COMPLETE
128,128,0.7738095238095237,2025-01-01 18:24:24.315086,2025-01-01 18:24:33.051690,0 days 00:00:08.736604,2,100,40.0,,,,,,,,,2,4.0,,,,,,,,,COMPLETE
129,129,0.7927927927927928,2025-01-01 18:24:33.052065,2025-01-01 18:24:37.275418,0 days 00:00:04.223353,1,100,,,,,,,,,,2,,,,,,,,,,COMPLETE
130,130,0.8686926605504588,2025-01-01 18:24:37.275795,2025-01-01 18:24:45.945008,0 days 00:00:08.669213,2,90,45.0,,,,,,,,,2,4.0,,,,,,,,,COMPLETE
131,131,0.812280701754386,2025-01-01 18:24:45.945747,2025-01-01 18:24:54.599731,0 days 00:00:08.653984,2,90,45.0,,,,,,,,,2,4.0,,,,,,,,,COMPLETE
132,132,0.7963782366437233,2025-01-01 18:24:54.600110,2025-01-01 18:25:04.746194,0 days 00:00:10.146084,2,95,25.0,,,,,,,,,2,5.0,,,,,,,,,COMPLETE
133,133,0.8564102564102565,2025-01-01 18:25:04.746701,2025-01-01 18:25:14.678204,0 days 00:00:09.931503,2,100,35.0,,,,,,,,,2,5.0,,,,,,,,,COMPLETE
134,134,0.829933707292198,2025-01-01 18:25:14.678813,2025-01-01 18:25:23.991255,0 days 00:00:09.312442,2,100,35.0,,,,,,,,,2,5.0,,,,,,,,,COMPLETE
135,135,0.7999008182494421,2025-01-01 18:25:23.991644,2025-01-01 18:25:32.637446,0 days 00:00:08.645802,2,100,40.0,,,,,,,,,2,4.0,,,,,,,,,COMPLETE
136,136,0.7080309627479439,2025-01-01 18:25:32.637909,2025-01-01 18:25:52.370688,0 days 00:00:19.732779,5,100,30.0,65.0,75.0,85.0,,,,,,2,5.0,4.0,2.0,4.0,,,,,,COMPLETE
137,137,0.8195989283104652,2025-01-01 18:25:52.371133,2025-01-01 18:26:05.181801,0 days 00:00:12.810668,3,85,50.0,50.0,,,,,,,,2,4.0,4.0,,,,,,,,COMPLETE
138,138,0.7207380197027884,2025-01-01 18:26:05.182533,2025-01-01 18:26:14.938746,0 days 00:00:09.756213,2,95,35.0,,,,,,,,,2,5.0,,,,,,,,,COMPLETE
139,139,0.7994031830238726,2025-01-01 18:26:14.939198,2025-01-01 18:26:24.733900,0 days 00:00:09.794702,2,90,45.0,,,,,,,,,2,5.0,,,,,,,,,COMPLETE
140,140,0.8444960212201591,2025-01-01 18:26:24.734314,2025-01-01 18:26:35.626997,0 days 00:00:10.892683,3,100,55.0,95.0,,,,,,,,2,4.0,3.0,,,,,,,,COMPLETE
141,141,0.788888888888889,2025-01-01 18:26:35.627532,2025-01-01 18:26:46.375584,0 days 00:00:10.748052,3,100,55.0,95.0,,,,,,,,2,4.0,3.0,,,,,,,,COMPLETE
142,142,0.8033060611120388,2025-01-01 18:26:46.376029,2025-01-01 18:26:56.127754,0 days 00:00:09.751725,2,100,50.0,,,,,,,,,2,5.0,,,,,,,,,COMPLETE
143,143,0.8461288223812622,2025-01-01 18:26:56.128181,2025-01-01 18:27:04.559821,0 days 00:00:08.431640,2,95,60.0,,,,,,,,,2,4.0,,,,,,,,,COMPLETE
144,144,0.7499202551834131,2025-01-01 18:27:04.560229,2025-01-01 18:27:29.009896,0 days 00:00:24.449667,7,95,60.0,80.0,60.0,30.0,45.0,65.0,,,,2,4.0,2.0,4.0,3.0,2.0,5.0,,,,COMPLETE
145,145,0.8084525680258043,2025-01-01 18:27:29.010442,2025-01-01 18:27:39.122639,0 days 00:00:10.112197,2,85,65.0,,,,,,,,,2,5.0,,,,,,,,,COMPLETE
146,146,0.7962264150943397,2025-01-01 18:27:39.123146,2025-01-01 18:27:51.074569,0 days 00:00:11.951423,3,95,60.0,80.0,,,,,,,,2,4.0,3.0,,,,,,,,COMPLETE
147,147,0.7472348731294729,2025-01-01 18:27:51.075023,2025-01-01 18:27:58.912076,0 days 00:00:07.837053,1,90,,,,,,,,,,5,,,,,,,,,,COMPLETE
148,148,0.8008525149190111,2025-01-01 18:27:58.912531,2025-01-01 18:28:08.957474,0 days 00:00:10.044943,2,95,25.0,,,,,,,,,2,5.0,,,,,,,,,COMPLETE
149,149,0.7080309627479439,2025-01-01 18:28:08.957850,2025-01-01 18:28:35.037095,0 days 00:00:26.079245,6,100,45.0,60.0,30.0,90.0,80.0,,,,,2,4.0,4.0,6.0,5.0,3.0,,,,,COMPLETE
150,150,0.7353935296957992,2025-01-01 18:28:35.038387,2025-01-01 18:28:50.382151,0 days 00:00:15.343764,4,90,65.0,95.0,10.0,,,,,,,2,5.0,2.0,3.0,,,,,,,COMPLETE
151,151,0.8069377789003958,2025-01-01 18:28:50.382577,2025-01-01 18:28:58.518353,0 days 00:00:08.135776,2,100,55.0,,,,,,,,,2,4.0,,,,,,,,,COMPLETE
152,152,0.7694011484823626,2025-01-01 18:28:58.518777,2025-01-01 18:29:07.230615,0 days 00:00:08.711838,2,100,55.0,,,,,,,,,2,4.0,,,,,,,,,COMPLETE
153,153,0.8144963144963145,2025-01-01 18:29:07.231047,2025-01-01 18:29:15.956617,0 days 00:00:08.725570,2,95,50.0,,,,,,,,,2,4.0,,,,,,,,,COMPLETE
154,154,0.7674681753889675,2025-01-01 18:29:15.957026,2025-01-01 18:29:20.066708,0 days 00:00:04.109682,1,95,,,,,,,,,,2,,,,,,,,,,COMPLETE
155,155,0.7963645717225414,2025-01-01 18:29:20.067104,2025-01-01 18:29:28.484209,0 days 00:00:08.417105,2,100,60.0,,,,,,,,,2,4.0,,,,,,,,,COMPLETE
156,156,0.8256880733944955,2025-01-01 18:29:28.484678,2025-01-01 18:29:32.664135,0 days 00:00:04.179457,1,100,,,,,,,,,,2,,,,,,,,,,COMPLETE
157,157,0.7747234873129474,2025-01-01 18:29:32.664711,2025-01-01 18:30:00.944435,0 days 00:00:28.279724,8,95,60.0,95.0,85.0,10.0,65.0,70.0,55.0,,,2,4.0,3.0,5.0,2.0,2.0,4.0,3.0,,,COMPLETE
158,158,0.813728813559322,2025-01-01 18:30:00.945170,2025-01-01 18:30:14.124333,0 days 00:00:13.179163,3,100,50.0,65.0,,,,,,,,2,4.0,4.0,,,,,,,,COMPLETE
159,159,0.8233366109472304,2025-01-01 18:30:14.124759,2025-01-01 18:30:24.161971,0 days 00:00:10.037212,2,95,55.0,,,,,,,,,2,5.0,,,,,,,,,COMPLETE
160,160,0.8213346089452285,2025-01-01 18:30:24.162369,2025-01-01 18:30:28.144440,0 days 00:00:03.982071,1,100,,,,,,,,,,2,,,,,,,,,,COMPLETE
161,161,0.8035535535535536,2025-01-01 18:30:28.145066,2025-01-01 18:30:32.321634,0 days 00:00:04.176568,1,95,,,,,,,,,,2,,,,,,,,,,COMPLETE
162,162,0.7836697247706422,2025-01-01 18:30:32.322102,2025-01-01 18:30:36.569953,0 days 00:00:04.247851,1,95,,,,,,,,,,2,,,,,,,,,,COMPLETE
163,163,0.8032376502002669,2025-01-01 18:30:36.570338,2025-01-01 18:30:40.817106,0 days 00:00:04.246768,1,90,,,,,,,,,,2,,,,,,,,,,COMPLETE
164,164,0.799936788874842,2025-01-01 18:30:40.817618,2025-01-01 18:30:44.981762,0 days 00:00:04.164144,1,100,,,,,,,,,,2,,,,,,,,,,COMPLETE
165,165,0.7673815288827395,2025-01-01 18:30:44.982124,2025-01-01 18:30:53.643888,0 days 00:00:08.661764,2,95,65.0,,,,,,,,,2,4.0,,,,,,,,,COMPLETE
166,166,0.7999338624338624,2025-01-01 18:30:53.644300,2025-01-01 18:30:57.770383,0 days 00:00:04.126083,1,55,,,,,,,,,,2,,,,,,,,,,COMPLETE
167,167,0.7962264150943397,2025-01-01 18:30:57.770875,2025-01-01 18:31:07.512262,0 days 00:00:09.741387,2,20,55.0,,,,,,,,,2,5.0,,,,,,,,,COMPLETE
168,168,0.7823650289557258,2025-01-01 18:31:07.512685,2025-01-01 18:31:11.685003,0 days 00:00:04.172318,1,90,,,,,,,,,,2,,,,,,,,,,COMPLETE
169,169,0.844107744107744,2025-01-01 18:31:11.685380,2025-01-01 18:31:20.281045,0 days 00:00:08.595665,2,100,60.0,,,,,,,,,2,4.0,,,,,,,,,COMPLETE
170,170,0.7767679183608387,2025-01-01 18:31:20.281432,2025-01-01 18:31:28.815368,0 days 00:00:08.533936,2,35,60.0,,,,,,,,,2,4.0,,,,,,,,,COMPLETE
171,171,0.7543598644516076,2025-01-01 18:31:28.815759,2025-01-01 18:31:37.506654,0 days 00:00:08.690895,2,100,65.0,,,,,,,,,2,4.0,,,,,,,,,COMPLETE
172,172,0.8070796460176992,2025-01-01 18:31:37.507404,2025-01-01 18:31:47.563427,0 days 00:00:10.056023,2,100,70.0,,,,,,,,,2,5.0,,,,,,,,,COMPLETE
173,173,0.7962264150943397,2025-01-01 18:31:47.563819,2025-01-01 18:31:51.693074,0 days 00:00:04.129255,1,95,,,,,,,,,,2,,,,,,,,,,COMPLETE
174,174,0.823495655025414,2025-01-01 18:31:51.693712,2025-01-01 18:32:01.666661,0 days 00:00:09.972949,2,100,60.0,,,,,,,,,2,5.0,,,,,,,,,COMPLETE
175,175,0.8215120160213618,2025-01-01 18:32:01.667144,2025-01-01 18:32:12.675105,0 days 00:00:11.007961,3,95,55.0,75.0,,,,,,,,2,4.0,3.0,,,,,,,,COMPLETE
176,176,0.8400900900900901,2025-01-01 18:32:12.675553,2025-01-01 18:32:16.874378,0 days 00:00:04.198825,1,100,,,,,,,,,,2,,,,,,,,,,COMPLETE
177,177,0.7998961398649819,2025-01-01 18:32:16.874743,2025-01-01 18:32:26.767766,0 days 00:00:09.893023,2,100,50.0,,,,,,,,,2,5.0,,,,,,,,,COMPLETE
178,178,0.8107493707883413,2025-01-01 18:32:26.768147,2025-01-01 18:32:31.006323,0 days 00:00:04.238176,1,100,,,,,,,,,,2,,,,,,,,,,COMPLETE
179,179,0.8368742368742368,2025-01-01 18:32:31.006821,2025-01-01 18:32:41.098973,0 days 00:00:10.092152,2,100,65.0,,,,,,,,,2,5.0,,,,,,,,,COMPLETE
180,180,0.7173333333333334,2025-01-01 18:32:41.099397,2025-01-01 18:32:52.585657,0 days 00:00:11.486260,3,100,55.0,85.0,,,,,,,,2,5.0,2.0,,,,,,,,COMPLETE
181,181,0.8143840104849279,2025-01-01 18:32:52.586142,2025-01-01 18:33:02.702458,0 days 00:00:10.116316,2,100,70.0,,,,,,,,,2,5.0,,,,,,,,,COMPLETE
182,182,0.7241153342070774,2025-01-01 18:33:02.702901,2025-01-01 18:33:15.725416,0 days 00:00:13.022515,2,100,65.0,,,,,,,,,6,5.0,,,,,,,,,COMPLETE
183,183,0.756043956043956,2025-01-01 18:33:15.725854,2025-01-01 18:33:27.968859,0 days 00:00:12.243005,2,100,60.0,,,,,,,,,4,5.0,,,,,,,,,COMPLETE
184,184,0.795129175580056,2025-01-01 18:33:27.969277,2025-01-01 18:33:37.859660,0 days 00:00:09.890383,2,95,60.0,,,,,,,,,2,5.0,,,,,,,,,COMPLETE
185,185,0.8131935342944517,2025-01-01 18:33:37.860085,2025-01-01 18:33:41.974870,0 days 00:00:04.114785,1,100,,,,,,,,,,2,,,,,,,,,,COMPLETE
186,186,0.7835511894130065,2025-01-01 18:33:41.975226,2025-01-01 18:33:51.855876,0 days 00:00:09.880650,2,95,65.0,,,,,,,,,2,5.0,,,,,,,,,COMPLETE
187,187,0.7798165137614679,2025-01-01 18:33:51.856443,2025-01-01 18:33:56.008297,0 days 00:00:04.151854,1,100,,,,,,,,,,2,,,,,,,,,,COMPLETE
188,188,0.8607085346215781,2025-01-01 18:33:56.008660,2025-01-01 18:34:04.652052,0 days 00:00:08.643392,2,90,55.0,,,,,,,,,2,4.0,,,,,,,,,COMPLETE
189,189,0.8108108108108109,2025-01-01 18:34:04.652460,2025-01-01 18:34:08.841926,0 days 00:00:04.189466,1,85,,,,,,,,,,2,,,,,,,,,,COMPLETE
190,190,0.7612191630883219,2025-01-01 18:34:08.842598,2025-01-01 18:34:17.513983,0 days 00:00:08.671385,2,90,55.0,,,,,,,,,2,4.0,,,,,,,,,COMPLETE
191,191,0.8623853211009175,2025-01-01 18:34:17.514504,2025-01-01 18:34:26.122477,0 days 00:00:08.607973,2,90,55.0,,,,,,,,,2,4.0,,,,,,,,,COMPLETE
192,192,0.8738738738738738,2025-01-01 18:34:26.122916,2025-01-01 18:34:34.866313,0 days 00:00:08.743397,2,90,50.0,,,,,,,,,2,4.0,,,,,,,,,COMPLETE
193,193,0.8090909090909091,2025-01-01 18:34:34.866751,2025-01-01 18:34:43.405193,0 days 00:00:08.538442,2,85,45.0,,,,,,,,,2,4.0,,,,,,,,,COMPLETE
194,194,0.8322675848499754,2025-01-01 18:34:43.405585,2025-01-01 18:34:51.938086,0 days 00:00:08.532501,2,90,50.0,,,,,,,,,2,4.0,,,,,,,,,COMPLETE
195,195,0.8008525149190111,2025-01-01 18:34:51.938496,2025-01-01 18:35:00.463699,0 days 00:00:08.525203,2,90,50.0,,,,,,,,,2,4.0,,,,,,,,,COMPLETE
196,196,0.8065114709851552,2025-01-01 18:35:00.464201,2025-01-01 18:35:04.725495,0 days 00:00:04.261294,1,85,,,,,,,,,,2,,,,,,,,,,COMPLETE
197,197,0.7781782437745741,2025-01-01 18:35:04.725892,2025-01-01 18:35:13.570188,0 days 00:00:08.844296,2,90,55.0,,,,,,,,,2,4.0,,,,,,,,,COMPLETE
198,198,0.8201664967720014,2025-01-01 18:35:13.570611,2025-01-01 18:35:26.778587,0 days 00:00:13.207976,3,90,45.0,45.0,,,,,,,,2,4.0,4.0,,,,,,,,COMPLETE
199,199,0.7500857632933104,2025-01-01 18:35:26.779056,2025-01-01 18:35:30.994033,0 days 00:00:04.214977,1,85,,,,,,,,,,2,,,,,,,,,,COMPLETE
200,200,0.8272584511116621,2025-01-01 18:35:30.994421,2025-01-01 18:35:39.693468,0 days 00:00:08.699047,2,95,55.0,,,,,,,,,2,4.0,,,,,,,,,COMPLETE
201,201,0.7921717171717171,2025-01-01 18:35:39.693997,2025-01-01 18:35:48.422735,0 days 00:00:08.728738,2,95,55.0,,,,,,,,,2,4.0,,,,,,,,,COMPLETE
202,202,0.7811963014483266,2025-01-01 18:35:48.423187,2025-01-01 18:35:57.037269,0 days 00:00:08.614082,2,95,60.0,,,,,,,,,2,4.0,,,,,,,,,COMPLETE
203,203,0.8271441568108511,2025-01-01 18:35:57.037716,2025-01-01 18:36:05.686020,0 days 00:00:08.648304,2,90,50.0,,,,,,,,,2,4.0,,,,,,,,,COMPLETE
204,204,0.8250201126307322,2025-01-01 18:36:05.686449,2025-01-01 18:36:14.434768,0 days 00:00:08.748319,2,95,55.0,,,,,,,,,2,4.0,,,,,,,,,COMPLETE
205,205,0.8196428571428571,2025-01-01 18:36:14.435187,2025-01-01 18:36:23.047687,0 days 00:00:08.612500,2,100,60.0,,,,,,,,,2,4.0,,,,,,,,,COMPLETE
206,206,0.8293907420013614,2025-01-01 18:36:23.048093,2025-01-01 18:36:27.220475,0 days 00:00:04.172382,1,90,,,,,,,,,,2,,,,,,,,,,COMPLETE
207,207,0.8123653769445554,2025-01-01 18:36:27.220936,2025-01-01 18:36:35.905211,0 days 00:00:08.684275,2,95,60.0,,,,,,,,,2,4.0,,,,,,,,,COMPLETE
208,208,0.7833333333333333,2025-01-01 18:36:35.905621,2025-01-01 18:36:40.103634,0 days 00:00:04.198013,1,45,,,,,,,,,,2,,,,,,,,,,COMPLETE
209,209,0.8776630612913798,2025-01-01 18:36:40.104033,2025-01-01 18:36:48.699807,0 days 00:00:08.595774,2,100,50.0,,,,,,,,,2,4.0,,,,,,,,,COMPLETE
210,210,0.8072390572390573,2025-01-01 18:36:48.700277,2025-01-01 18:36:57.117683,0 days 00:00:08.417406,2,100,50.0,,,,,,,,,2,4.0,,,,,,,,,COMPLETE
211,211,0.8529931800959838,2025-01-01 18:36:57.118164,2025-01-01 18:37:05.824008,0 days 00:00:08.705844,2,100,55.0,,,,,,,,,2,4.0,,,,,,,,,COMPLETE
212,212,0.8400900900900901,2025-01-01 18:37:05.824417,2025-01-01 18:37:14.477498,0 days 00:00:08.653081,2,100,55.0,,,,,,,,,2,4.0,,,,,,,,,COMPLETE
213,213,0.8013988288874431,2025-01-01 18:37:14.478109,2025-01-01 18:37:23.165369,0 days 00:00:08.687260,2,65,50.0,,,,,,,,,2,4.0,,,,,,,,,COMPLETE
214,214,0.8089488048962038,2025-01-01 18:37:23.165882,2025-01-01 18:37:31.886134,0 days 00:00:08.720252,2,100,45.0,,,,,,,,,2,4.0,,,,,,,,,COMPLETE
215,215,0.8054873054873055,2025-01-01 18:37:31.886551,2025-01-01 18:37:36.119909,0 days 00:00:04.233358,1,95,,,,,,,,,,2,,,,,,,,,,COMPLETE
216,216,0.8155802861685215,2025-01-01 18:37:36.120287,2025-01-01 18:37:44.093746,0 days 00:00:07.973459,2,100,60.0,,,,,,,,,2,4.0,,,,,,,,,COMPLETE
217,217,0.8017857142857143,2025-01-01 18:37:44.094169,2025-01-01 18:37:54.996531,0 days 00:00:10.902362,3,100,55.0,90.0,,,,,,,,2,4.0,3.0,,,,,,,,COMPLETE
218,218,0.8491321762349799,2025-01-01 18:37:54.996948,2025-01-01 18:38:03.688663,0 days 00:00:08.691715,2,95,50.0,,,,,,,,,2,4.0,,,,,,,,,COMPLETE
219,219,0.8453395087254982,2025-01-01 18:38:03.689153,2025-01-01 18:38:12.252726,0 days 00:00:08.563573,2,90,50.0,,,,,,,,,2,4.0,,,,,,,,,COMPLETE
220,220,0.8035535535535536,2025-01-01 18:38:12.253137,2025-01-01 18:38:20.775015,0 days 00:00:08.521878,2,90,50.0,,,,,,,,,2,4.0,,,,,,,,,COMPLETE
221,221,0.795968534906588,2025-01-01 18:38:20.775744,2025-01-01 18:38:29.489858,0 days 00:00:08.714114,2,90,45.0,,,,,,,,,2,4.0,,,,,,,,,COMPLETE
222,222,0.7669172932330827,2025-01-01 18:38:29.490292,2025-01-01 18:38:38.239432,0 days 00:00:08.749140,2,85,50.0,,,,,,,,,2,4.0,,,,,,,,,COMPLETE
223,223,0.7996030105036804,2025-01-01 18:38:38.239890,2025-01-01 18:38:46.819140,0 days 00:00:08.579250,2,95,55.0,,,,,,,,,2,4.0,,,,,,,,,COMPLETE
224,224,0.7403846153846154,2025-01-01 18:38:46.819693,2025-01-01 18:38:55.394430,0 days 00:00:08.574737,2,90,40.0,,,,,,,,,2,4.0,,,,,,,,,COMPLETE
225,225,0.8035863219349458,2025-01-01 18:38:55.394858,2025-01-01 18:39:03.864649,0 days 00:00:08.469791,2,95,50.0,,,,,,,,,2,4.0,,,,,,,,,COMPLETE
226,226,0.7817805383022775,2025-01-01 18:39:03.865085,2025-01-01 18:39:12.396442,0 days 00:00:08.531357,2,95,55.0,,,,,,,,,2,4.0,,,,,,,,,COMPLETE
227,227,0.8053800032409658,2025-01-01 18:39:12.396849,2025-01-01 18:39:20.995282,0 days 00:00:08.598433,2,90,60.0,,,,,,,,,2,4.0,,,,,,,,,COMPLETE
228,228,0.7902572161111571,2025-01-01 18:39:20.995694,2025-01-01 18:39:29.563505,0 days 00:00:08.567811,2,95,55.0,,,,,,,,,2,4.0,,,,,,,,,COMPLETE
229,229,0.7597509013438217,2025-01-01 18:39:29.563918,2025-01-01 18:39:42.498506,0 days 00:00:12.934588,3,90,60.0,40.0,,,,,,,,2,4.0,4.0,,,,,,,,COMPLETE
230,230,0.7892535392535392,2025-01-01 18:39:42.498974,2025-01-01 18:39:51.004349,0 days 00:00:08.505375,2,85,30.0,,,,,,,,,2,4.0,,,,,,,,,COMPLETE
231,231,0.8288961038961038,2025-01-01 18:39:51.004782,2025-01-01 18:39:55.066408,0 days 00:00:04.061626,1,100,,,,,,,,,,2,,,,,,,,,,COMPLETE
232,232,0.8610038610038611,2025-01-01 18:39:55.066784,2025-01-01 18:39:59.232246,0 days 00:00:04.165462,1,100,,,,,,,,,,2,,,,,,,,,,COMPLETE
233,233,0.7907265063228366,2025-01-01 18:39:59.232629,2025-01-01 18:40:09.185499,0 days 00:00:09.952870,2,100,50.0,,,,,,,,,2,5.0,,,,,,,,,COMPLETE
234,234,0.8487226582067123,2025-01-01 18:40:09.185991,2025-01-01 18:40:13.379494,0 days 00:00:04.193503,1,100,,,,,,,,,,2,,,,,,,,,,COMPLETE
235,235,0.7795733678086619,2025-01-01 18:40:13.379896,2025-01-01 18:40:17.593176,0 days 00:00:04.213280,1,100,,,,,,,,,,2,,,,,,,,,,COMPLETE
236,236,0.7445134575569359,2025-01-01 18:40:17.593653,2025-01-01 18:40:26.211470,0 days 00:00:08.617817,2,95,55.0,,,,,,,,,2,4.0,,,,,,,,,COMPLETE
237,237,0.7942307692307693,2025-01-01 18:40:26.211966,2025-01-01 18:40:36.135942,0 days 00:00:09.923976,2,95,45.0,,,,,,,,,2,5.0,,,,,,,,,COMPLETE
238,238,0.8251247384516337,2025-01-01 18:40:36.136334,2025-01-01 18:40:40.315235,0 days 00:00:04.178901,1,100,,,,,,,,,,2,,,,,,,,,,COMPLETE
239,239,0.7817460317460317,2025-01-01 18:40:40.315625,2025-01-01 18:40:50.062359,0 days 00:00:09.746734,2,100,50.0,,,,,,,,,2,5.0,,,,,,,,,COMPLETE
240,240,0.8235583224115335,2025-01-01 18:40:50.063037,2025-01-01 18:40:54.250796,0 days 00:00:04.187759,1,90,,,,,,,,,,2,,,,,,,,,,COMPLETE
241,241,0.8482021844853703,2025-01-01 18:40:54.251207,2025-01-01 18:40:58.285922,0 days 00:00:04.034715,1,100,,,,,,,,,,2,,,,,,,,,,COMPLETE
242,242,0.8498914676907664,2025-01-01 18:40:58.286287,2025-01-01 18:41:02.416287,0 days 00:00:04.130000,1,100,,,,,,,,,,2,,,,,,,,,,COMPLETE
243,243,0.7999008182494421,2025-01-01 18:41:02.416658,2025-01-01 18:41:06.523494,0 days 00:00:04.106836,1,100,,,,,,,,,,2,,,,,,,,,,COMPLETE
244,244,0.8198198198198199,2025-01-01 18:41:06.524219,2025-01-01 18:41:10.598996,0 days 00:00:04.074777,1,100,,,,,,,,,,2,,,,,,,,,,COMPLETE
245,245,0.8218218218218218,2025-01-01 18:41:10.599374,2025-01-01 18:41:14.777981,0 days 00:00:04.178607,1,100,,,,,,,,,,2,,,,,,,,,,COMPLETE
246,246,0.7271221532091097,2025-01-01 18:41:14.778378,2025-01-01 18:41:35.237603,0 days 00:00:20.459225,5,100,45.0,70.0,60.0,55.0,,,,,,2,4.0,5.0,2.0,4.0,,,,,,COMPLETE
247,247,0.7963659147869674,2025-01-01 18:41:35.238222,2025-01-01 18:41:39.279485,0 days 00:00:04.041263,1,100,,,,,,,,,,2,,,,,,,,,,COMPLETE
248,248,0.8482142857142857,2025-01-01 18:41:39.279876,2025-01-01 18:41:43.402201,0 days 00:00:04.122325,1,100,,,,,,,,,,2,,,,,,,,,,COMPLETE
249,249,0.7873054873054873,2025-01-01 18:41:43.402582,2025-01-01 18:41:47.518169,0 days 00:00:04.115587,1,100,,,,,,,,,,2,,,,,,,,,,COMPLETE
250,250,0.8325958702064897,2025-01-01 18:41:47.518676,2025-01-01 18:41:51.646608,0 days 00:00:04.127932,1,95,,,,,,,,,,2,,,,,,,,,,COMPLETE
251,251,0.8441711590296497,2025-01-01 18:41:51.647028,2025-01-01 18:41:55.727306,0 days 00:00:04.080278,1,100,,,,,,,,,,2,,,,,,,,,,COMPLETE
252,252,0.8072390572390573,2025-01-01 18:41:55.727702,2025-01-01 18:41:59.849825,0 days 00:00:04.122123,1,100,,,,,,,,,,2,,,,,,,,,,COMPLETE
253,253,0.818121693121693,2025-01-01 18:41:59.850225,2025-01-01 18:42:04.012099,0 days 00:00:04.161874,1,95,,,,,,,,,,2,,,,,,,,,,COMPLETE
254,254,0.8452764691296801,2025-01-01 18:42:04.012512,2025-01-01 18:42:08.154014,0 days 00:00:04.141502,1,100,,,,,,,,,,2,,,,,,,,,,COMPLETE
255,255,0.8531986531986532,2025-01-01 18:42:08.154395,2025-01-01 18:42:12.373517,0 days 00:00:04.219122,1,95,,,,,,,,,,2,,,,,,,,,,COMPLETE
256,256,0.8212005108556832,2025-01-01 18:42:12.373916,2025-01-01 18:42:16.598482,0 days 00:00:04.224566,1,90,,,,,,,,,,2,,,,,,,,,,COMPLETE
257,257,0.8166666666666667,2025-01-01 18:42:16.598906,2025-01-01 18:42:20.773730,0 days 00:00:04.174824,1,95,,,,,,,,,,2,,,,,,,,,,COMPLETE
258,258,0.8125625625625625,2025-01-01 18:42:20.774408,2025-01-01 18:42:25.014721,0 days 00:00:04.240313,1,85,,,,,,,,,,2,,,,,,,,,,COMPLETE
259,259,0.8543528632903012,2025-01-01 18:42:25.015189,2025-01-01 18:42:29.237995,0 days 00:00:04.222806,1,95,,,,,,,,,,2,,,,,,,,,,COMPLETE
260,260,0.8194534808067664,2025-01-01 18:42:29.238387,2025-01-01 18:42:33.380083,0 days 00:00:04.141696,1,95,,,,,,,,,,2,,,,,,,,,,COMPLETE
261,261,0.8235583224115335,2025-01-01 18:42:33.380748,2025-01-01 18:42:37.552832,0 days 00:00:04.172084,1,90,,,,,,,,,,2,,,,,,,,,,COMPLETE
262,262,0.8016381766381766,2025-01-01 18:42:37.553278,2025-01-01 18:42:41.751551,0 days 00:00:04.198273,1,80,,,,,,,,,,2,,,,,,,,,,COMPLETE
263,263,0.7999338624338624,2025-01-01 18:42:41.751975,2025-01-01 18:42:45.932220,0 days 00:00:04.180245,1,95,,,,,,,,,,2,,,,,,,,,,COMPLETE
264,264,0.8221739856403407,2025-01-01 18:42:45.932658,2025-01-01 18:42:50.098202,0 days 00:00:04.165544,1,90,,,,,,,,,,2,,,,,,,,,,COMPLETE
265,265,0.8051724137931034,2025-01-01 18:42:50.098704,2025-01-01 18:42:56.602119,0 days 00:00:06.503415,1,95,,,,,,,,,,4,,,,,,,,,,COMPLETE
266,266,0.7457779228196133,2025-01-01 18:42:56.602518,2025-01-01 18:43:04.530403,0 days 00:00:07.927885,1,95,,,,,,,,,,5,,,,,,,,,,COMPLETE
267,267,0.8094850065189048,2025-01-01 18:43:04.530821,2025-01-01 18:43:08.723378,0 days 00:00:04.192557,1,90,,,,,,,,,,2,,,,,,,,,,COMPLETE
268,268,0.7981481481481482,2025-01-01 18:43:08.723917,2025-01-01 18:43:12.876103,0 days 00:00:04.152186,1,95,,,,,,,,,,2,,,,,,,,,,COMPLETE
269,269,0.8416052416052415,2025-01-01 18:43:12.876740,2025-01-01 18:43:17.037585,0 days 00:00:04.160845,1,85,,,,,,,,,,2,,,,,,,,,,COMPLETE
270,270,0.835655087286193,2025-01-01 18:43:17.038022,2025-01-01 18:43:21.212820,0 days 00:00:04.174798,1,95,,,,,,,,,,2,,,,,,,,,,COMPLETE
271,271,0.8180841391850566,2025-01-01 18:43:21.213221,2025-01-01 18:43:25.375702,0 days 00:00:04.162481,1,90,,,,,,,,,,2,,,,,,,,,,COMPLETE
272,272,0.825925925925926,2025-01-01 18:43:25.376116,2025-01-01 18:43:29.442304,0 days 00:00:04.066188,1,95,,,,,,,,,,2,,,,,,,,,,COMPLETE
273,273,0.8597640891218873,2025-01-01 18:43:29.442686,2025-01-01 18:43:33.608795,0 days 00:00:04.166109,1,100,,,,,,,,,,2,,,,,,,,,,COMPLETE
274,274,0.8090909090909091,2025-01-01 18:43:33.609188,2025-01-01 18:43:37.796801,0 days 00:00:04.187613,1,100,,,,,,,,,,2,,,,,,,,,,COMPLETE
275,275,0.8275749674054759,2025-01-01 18:43:37.797220,2025-01-01 18:43:41.887119,0 days 00:00:04.089899,1,100,,,,,,,,,,2,,,,,,,,,,COMPLETE
276,276,0.7047687514977234,2025-01-01 18:43:41.887498,2025-01-01 18:44:07.485180,0 days 00:00:25.597682,7,100,40.0,5.0,100.0,10.0,85.0,90.0,,,,2,3.0,6.0,3.0,2.0,4.0,4.0,,,,COMPLETE
277,277,0.8164983164983165,2025-01-01 18:44:07.485753,2025-01-01 18:44:11.620242,0 days 00:00:04.134489,1,100,,,,,,,,,,2,,,,,,,,,,COMPLETE
278,278,0.8279383763198893,2025-01-01 18:44:11.620647,2025-01-01 18:44:15.798799,0 days 00:00:04.178152,1,95,,,,,,,,,,2,,,,,,,,,,COMPLETE
279,279,0.7954291605808059,2025-01-01 18:44:15.799213,2025-01-01 18:44:19.735348,0 days 00:00:03.936135,1,100,,,,,,,,,,2,,,,,,,,,,COMPLETE
280,280,0.8215895808983136,2025-01-01 18:44:19.735770,2025-01-01 18:44:23.856608,0 days 00:00:04.120838,1,95,,,,,,,,,,2,,,,,,,,,,COMPLETE
281,281,0.7871068152031455,2025-01-01 18:44:23.857041,2025-01-01 18:44:29.119505,0 days 00:00:05.262464,1,100,,,,,,,,,,3,,,,,,,,,,COMPLETE
282,282,0.8358114520721291,2025-01-01 18:44:29.120005,2025-01-01 18:44:33.349049,0 days 00:00:04.229044,1,100,,,,,,,,,,2,,,,,,,,,,COMPLETE
283,283,0.8236961938310852,2025-01-01 18:44:33.349557,2025-01-01 18:44:37.594346,0 days 00:00:04.244789,1,95,,,,,,,,,,2,,,,,,,,,,COMPLETE
284,284,0.830084557187361,2025-01-01 18:44:37.594847,2025-01-01 18:44:41.833803,0 days 00:00:04.238956,1,100,,,,,,,,,,2,,,,,,,,,,COMPLETE
285,285,0.6230047720914924,2025-01-01 18:44:41.834230,2025-01-01 18:45:28.258791,0 days 00:00:46.424561,10,100,40.0,25.0,75.0,5.0,45.0,20.0,20.0,60.0,5.0,2,3.0,5.0,4.0,3.0,3.0,5.0,5.0,3.0,6.0,COMPLETE
286,286,0.8432860998650472,2025-01-01 18:45:28.259542,2025-01-01 18:45:32.393124,0 days 00:00:04.133582,1,95,,,,,,,,,,2,,,,,,,,,,COMPLETE
287,287,0.7766254487435182,2025-01-01 18:45:32.393520,2025-01-01 18:45:36.265276,0 days 00:00:03.871756,1,100,,,,,,,,,,2,,,,,,,,,,COMPLETE
288,288,0.780952380952381,2025-01-01 18:45:36.265684,2025-01-01 18:45:45.674786,0 days 00:00:09.409102,2,95,30.0,,,,,,,,,2,6.0,,,,,,,,,COMPLETE
289,289,0.8427536231884059,2025-01-01 18:45:45.675243,2025-01-01 18:45:49.870394,0 days 00:00:04.195151,1,100,,,,,,,,,,2,,,,,,,,,,COMPLETE
290,290,0.8699919549477071,2025-01-01 18:45:49.870906,2025-01-01 18:45:58.575421,0 days 00:00:08.704515,2,95,35.0,,,,,,,,,2,4.0,,,,,,,,,COMPLETE
291,291,0.7928571428571429,2025-01-01 18:45:58.575832,2025-01-01 18:46:06.024906,0 days 00:00:07.449074,2,90,35.0,,,,,,,,,2,3.0,,,,,,,,,COMPLETE
292,292,0.8035535535535536,2025-01-01 18:46:06.025314,2025-01-01 18:46:10.165962,0 days 00:00:04.140648,1,95,,,,,,,,,,2,,,,,,,,,,COMPLETE
293,293,0.7286505867014341,2025-01-01 18:46:10.166475,2025-01-01 18:46:18.666089,0 days 00:00:08.499614,2,90,40.0,,,,,,,,,2,4.0,,,,,,,,,COMPLETE
294,294,0.7998961398649819,2025-01-01 18:46:18.666514,2025-01-01 18:46:22.809583,0 days 00:00:04.143069,1,95,,,,,,,,,,2,,,,,,,,,,COMPLETE
295,295,0.7612794612794613,2025-01-01 18:46:22.809985,2025-01-01 18:46:31.198148,0 days 00:00:08.388163,2,50,30.0,,,,,,,,,2,4.0,,,,,,,,,COMPLETE
296,296,0.7727084883048185,2025-01-01 18:46:31.198571,2025-01-01 18:46:35.255998,0 days 00:00:04.057427,1,95,,,,,,,,,,2,,,,,,,,,,COMPLETE
297,297,0.703109411373462,2025-01-01 18:46:35.256383,2025-01-01 18:46:46.141021,0 days 00:00:10.884638,2,90,35.0,,,,,,,,,5,3.0,,,,,,,,,COMPLETE
298,298,0.7882851093860268,2025-01-01 18:46:46.141453,2025-01-01 18:46:50.287411,0 days 00:00:04.145958,1,85,,,,,,,,,,2,,,,,,,,,,COMPLETE
299,299,0.8038038038038038,2025-01-01 18:46:50.287818,2025-01-01 18:46:58.862784,0 days 00:00:08.574966,2,95,40.0,,,,,,,,,2,4.0,,,,,,,,,COMPLETE
300,300,0.6393602338231712,2025-01-01 18:46:58.863300,2025-01-01 18:47:18.819104,0 days 00:00:19.955804,4,30,15.0,10.0,5.0,,,,,,,2,4.0,6.0,5.0,,,,,,,COMPLETE
301,301,0.73109243697479,2025-01-01 18:47:18.819628,2025-01-01 18:47:25.064979,0 days 00:00:06.245351,2,90,25.0,,,,,,,,,2,2.0,,,,,,,,,COMPLETE
302,302,0.8543528632903012,2025-01-01 18:47:25.065461,2025-01-01 18:47:29.190047,0 days 00:00:04.124586,1,100,,,,,,,,,,2,,,,,,,,,,COMPLETE
303,303,0.6153047368000639,2025-01-01 18:47:29.190465,2025-01-01 18:47:59.723869,0 days 00:00:30.533404,6,100,45.0,35.0,40.0,95.0,15.0,,,,,6,4.0,5.0,6.0,5.0,5.0,,,,,COMPLETE
304,304,0.8553433563592036,2025-01-01 18:47:59.724739,2025-01-01 18:48:04.856479,0 days 00:00:05.131740,1,100,,,,,,,,,,3,,,,,,,,,,COMPLETE
305,305,0.8444321417273015,2025-01-01 18:48:04.856897,2025-01-01 18:48:10.073246,0 days 00:00:05.216349,1,100,,,,,,,,,,3,,,,,,,,,,COMPLETE
306,306,0.8286249149081008,2025-01-01 18:48:10.073652,2025-01-01 18:48:15.313036,0 days 00:00:05.239384,1,100,,,,,,,,,,3,,,,,,,,,,COMPLETE
307,307,0.5648473938302921,2025-01-01 18:48:15.313464,2025-01-01 18:48:46.336874,0 days 00:00:31.023410,9,100,25.0,30.0,60.0,25.0,60.0,45.0,80.0,40.0,,4,6.0,6.0,3.0,4.0,2.0,6.0,3.0,5.0,,COMPLETE
308,308,0.8272584511116621,2025-01-01 18:48:46.337614,2025-01-01 18:48:51.573386,0 days 00:00:05.235772,1,100,,,,,,,,,,3,,,,,,,,,,COMPLETE
309,309,0.8250201126307322,2025-01-01 18:48:51.573812,2025-01-01 18:48:55.756274,0 days 00:00:04.182462,1,100,,,,,,,,,,2,,,,,,,,,,COMPLETE
310,310,0.7024544999165137,2025-01-01 18:48:55.756676,2025-01-01 18:49:00.065179,0 days 00:00:04.308503,1,5,,,,,,,,,,2,,,,,,,,,,COMPLETE
311,311,0.8749601275917065,2025-01-01 18:49:00.065642,2025-01-01 18:49:04.163926,0 days 00:00:04.098284,1,100,,,,,,,,,,2,,,,,,,,,,COMPLETE
312,312,0.8334047843607991,2025-01-01 18:49:04.164398,2025-01-01 18:49:08.274490,0 days 00:00:04.110092,1,100,,,,,,,,,,2,,,,,,,,,,COMPLETE
313,313,0.7996678266371402,2025-01-01 18:49:08.274896,2025-01-01 18:49:12.176717,0 days 00:00:03.901821,1,95,,,,,,,,,,2,,,,,,,,,,COMPLETE
314,314,0.8250201126307322,2025-01-01 18:49:12.177154,2025-01-01 18:49:16.319848,0 days 00:00:04.142694,1,100,,,,,,,,,,2,,,,,,,,,,COMPLETE
315,315,0.7605987055016181,2025-01-01 18:49:16.320391,2025-01-01 18:49:21.496922,0 days 00:00:05.176531,1,100,,,,,,,,,,3,,,,,,,,,,COMPLETE
316,316,0.7892535392535392,2025-01-01 18:49:21.497351,2025-01-01 18:49:25.740189,0 days 00:00:04.242838,1,95,,,,,,,,,,2,,,,,,,,,,COMPLETE
317,317,0.818121693121693,2025-01-01 18:49:25.740602,2025-01-01 18:49:29.900712,0 days 00:00:04.160110,1,100,,,,,,,,,,2,,,,,,,,,,COMPLETE
318,318,0.769010160603081,2025-01-01 18:49:29.901130,2025-01-01 18:49:34.129430,0 days 00:00:04.228300,1,95,,,,,,,,,,2,,,,,,,,,,COMPLETE
319,319,0.785035035035035,2025-01-01 18:49:34.129882,2025-01-01 18:49:42.882889,0 days 00:00:08.753007,2,100,35.0,,,,,,,,,2,4.0,,,,,,,,,COMPLETE
320,320,0.8237899917965545,2025-01-01 18:49:42.883326,2025-01-01 18:49:47.109472,0 days 00:00:04.226146,1,80,,,,,,,,,,2,,,,,,,,,,COMPLETE
321,321,0.8385283597342872,2025-01-01 18:49:47.109887,2025-01-01 18:49:51.341885,0 days 00:00:04.231998,1,100,,,,,,,,,,2,,,,,,,,,,COMPLETE
322,322,0.7760260260260261,2025-01-01 18:49:51.342285,2025-01-01 18:50:00.056582,0 days 00:00:08.714297,2,95,40.0,,,,,,,,,2,4.0,,,,,,,,,COMPLETE
323,323,0.7318640955004592,2025-01-01 18:50:00.057126,2025-01-01 18:50:08.854074,0 days 00:00:08.796948,2,100,20.0,,,,,,,,,2,4.0,,,,,,,,,COMPLETE
324,324,0.7946428571428572,2025-01-01 18:50:08.854581,2025-01-01 18:50:13.104748,0 days 00:00:04.250167,1,95,,,,,,,,,,2,,,,,,,,,,COMPLETE
325,325,0.8286249149081008,2025-01-01 18:50:13.105148,2025-01-01 18:50:21.737914,0 days 00:00:08.632766,2,100,45.0,,,,,,,,,2,4.0,,,,,,,,,COMPLETE
326,326,0.7928698752228165,2025-01-01 18:50:21.738483,2025-01-01 18:50:25.957643,0 days 00:00:04.219160,1,100,,,,,,,,,,2,,,,,,,,,,COMPLETE
327,327,0.8276787259823438,2025-01-01 18:50:25.958078,2025-01-01 18:50:30.198285,0 days 00:00:04.240207,1,95,,,,,,,,,,2,,,,,,,,,,COMPLETE
328,328,0.7900589162725085,2025-01-01 18:50:30.198803,2025-01-01 18:50:38.942295,0 days 00:00:08.743492,2,100,35.0,,,,,,,,,2,4.0,,,,,,,,,COMPLETE
329,329,0.812280701754386,2025-01-01 18:50:38.942753,2025-01-01 18:50:43.072805,0 days 00:00:04.130052,1,95,,,,,,,,,,2,,,,,,,,,,COMPLETE
330,330,0.7925586136595311,2025-01-01 18:50:43.073316,2025-01-01 18:50:51.724973,0 days 00:00:08.651657,2,100,95.0,,,,,,,,,2,4.0,,,,,,,,,COMPLETE
331,331,0.7995670995670996,2025-01-01 18:50:51.725462,2025-01-01 18:50:55.928009,0 days 00:00:04.202547,1,95,,,,,,,,,,2,,,,,,,,,,COMPLETE
332,332,0.7833441769681198,2025-01-01 18:50:55.928430,2025-01-01 18:51:04.630049,0 days 00:00:08.701619,2,90,40.0,,,,,,,,,2,4.0,,,,,,,,,COMPLETE
333,333,0.8279681550709588,2025-01-01 18:51:04.630516,2025-01-01 18:51:08.504860,0 days 00:00:03.874344,1,100,,,,,,,,,,2,,,,,,,,,,COMPLETE
334,334,0.7531421205285207,2025-01-01 18:51:08.505293,2025-01-01 18:51:21.632637,0 days 00:00:13.127344,4,60,45.0,20.0,45.0,,,,,,,2,4.0,2.0,2.0,,,,,,,COMPLETE
335,335,0.7817460317460317,2025-01-01 18:51:21.633104,2025-01-01 18:51:25.862654,0 days 00:00:04.229550,1,95,,,,,,,,,,2,,,,,,,,,,COMPLETE
336,336,0.8286062576188541,2025-01-01 18:51:25.863072,2025-01-01 18:51:34.330495,0 days 00:00:08.467423,2,85,45.0,,,,,,,,,2,4.0,,,,,,,,,COMPLETE
337,337,0.8270931481940657,2025-01-01 18:51:34.330948,2025-01-01 18:51:38.484593,0 days 00:00:04.153645,1,100,,,,,,,,,,2,,,,,,,,,,COMPLETE
338,338,0.6868759485581915,2025-01-01 18:51:38.485001,2025-01-01 18:52:07.837582,0 days 00:00:29.352581,8,95,30.0,60.0,30.0,75.0,100.0,35.0,50.0,,,2,4.0,5.0,4.0,2.0,4.0,3.0,6.0,,,COMPLETE
339,339,0.8,2025-01-01 18:52:07.838319,2025-01-01 18:52:17.454719,0 days 00:00:09.616400,2,100,50.0,,,,,,,,,2,6.0,,,,,,,,,COMPLETE
340,340,0.7238695937090432,2025-01-01 18:52:17.455654,2025-01-01 18:52:31.296602,0 days 00:00:13.840948,3,95,35.0,15.0,,,,,,,,2,4.0,6.0,,,,,,,,COMPLETE
341,341,0.8205128205128205,2025-01-01 18:52:31.297122,2025-01-01 18:52:35.416393,0 days 00:00:04.119271,1,100,,,,,,,,,,2,,,,,,,,,,COMPLETE
342,342,0.7791824694479561,2025-01-01 18:52:35.416818,2025-01-01 18:52:45.205916,0 days 00:00:09.789098,2,90,45.0,,,,,,,,,2,5.0,,,,,,,,,COMPLETE
343,343,0.7982559723862295,2025-01-01 18:52:45.206357,2025-01-01 18:52:49.373220,0 days 00:00:04.166863,1,100,,,,,,,,,,2,,,,,,,,,,COMPLETE
344,344,0.761467889908257,2025-01-01 18:52:49.373642,2025-01-01 18:52:53.589748,0 days 00:00:04.216106,1,95,,,,,,,,,,2,,,,,,,,,,COMPLETE
345,345,0.8123653769445554,2025-01-01 18:52:53.590176,2025-01-01 18:53:00.987120,0 days 00:00:07.396944,2,100,65.0,,,,,,,,,2,3.0,,,,,,,,,COMPLETE
346,346,0.8180841391850566,2025-01-01 18:53:00.987583,2025-01-01 18:53:05.129744,0 days 00:00:04.142161,1,90,,,,,,,,,,2,,,,,,,,,,COMPLETE
347,347,0.7511875511875512,2025-01-01 18:53:05.130144,2025-01-01 18:53:14.873484,0 days 00:00:09.743340,2,95,40.0,,,,,,,,,3,4.0,,,,,,,,,COMPLETE
348,348,0.8454545454545455,2025-01-01 18:53:14.874004,2025-01-01 18:53:19.101089,0 days 00:00:04.227085,1,100,,,,,,,,,,2,,,,,,,,,,COMPLETE
349,349,0.8430709802028006,2025-01-01 18:53:19.101537,2025-01-01 18:53:23.320484,0 days 00:00:04.218947,1,95,,,,,,,,,,2,,,,,,,,,,COMPLETE
350,350,0.7667390215394891,2025-01-01 18:53:23.320918,2025-01-01 18:53:32.048432,0 days 00:00:08.727514,2,100,5.0,,,,,,,,,2,4.0,,,,,,,,,COMPLETE
351,351,0.6873257911132973,2025-01-01 18:53:32.049090,2025-01-01 18:53:58.346384,0 days 00:00:26.297294,5,90,50.0,55.0,95.0,45.0,,,,,,4,5.0,2.0,5.0,5.0,,,,,,COMPLETE
352,352,0.7995670995670996,2025-01-01 18:53:58.347049,2025-01-01 18:54:02.544955,0 days 00:00:04.197906,1,35,,,,,,,,,,2,,,,,,,,,,COMPLETE
353,353,0.7892322549492998,2025-01-01 18:54:02.545432,2025-01-01 18:54:11.154642,0 days 00:00:08.609210,2,85,45.0,,,,,,,,,2,4.0,,,,,,,,,COMPLETE
354,354,0.8049420326648049,2025-01-01 18:54:11.155107,2025-01-01 18:54:15.387487,0 days 00:00:04.232380,1,100,,,,,,,,,,2,,,,,,,,,,COMPLETE
355,355,0.7814076585890332,2025-01-01 18:54:15.387919,2025-01-01 18:54:31.255174,0 days 00:00:15.867255,3,75,20.0,50.0,,,,,,,,2,5.0,5.0,,,,,,,,COMPLETE
356,356,0.8237463126843658,2025-01-01 18:54:31.255683,2025-01-01 18:54:39.939402,0 days 00:00:08.683719,2,95,75.0,,,,,,,,,2,4.0,,,,,,,,,COMPLETE
357,357,0.8358753315649867,2025-01-01 18:54:39.939985,2025-01-01 18:54:44.128324,0 days 00:00:04.188339,1,100,,,,,,,,,,2,,,,,,,,,,COMPLETE
358,358,0.7938375350140057,2025-01-01 18:54:44.128773,2025-01-01 18:54:48.323038,0 days 00:00:04.194265,1,45,,,,,,,,,,2,,,,,,,,,,COMPLETE
359,359,0.8035863219349458,2025-01-01 18:54:48.323455,2025-01-01 18:54:57.638989,0 days 00:00:09.315534,2,100,25.0,,,,,,,,,2,4.0,,,,,,,,,COMPLETE
360,360,0.8427764326069411,2025-01-01 18:54:57.639758,2025-01-01 18:55:01.802593,0 days 00:00:04.162835,1,95,,,,,,,,,,2,,,,,,,,,,COMPLETE
361,361,0.8181818181818182,2025-01-01 18:55:01.803066,2025-01-01 18:55:11.941740,0 days 00:00:10.138674,2,100,50.0,,,,,,,,,2,5.0,,,,,,,,,COMPLETE
362,362,0.8108108108108109,2025-01-01 18:55:11.942313,2025-01-01 18:55:16.145502,0 days 00:00:04.203189,1,90,,,,,,,,,,2,,,,,,,,,,COMPLETE
363,363,0.8218045112781955,2025-01-01 18:55:16.145924,2025-01-01 18:55:24.781976,0 days 00:00:08.636052,2,95,35.0,,,,,,,,,2,4.0,,,,,,,,,COMPLETE
364,364,0.6776463063639271,2025-01-01 18:55:24.782417,2025-01-01 18:55:50.923184,0 days 00:00:26.140767,7,100,65.0,10.0,15.0,40.0,15.0,10.0,,,,2,4.0,4.0,3.0,2.0,3.0,5.0,,,,COMPLETE
365,365,0.8235583224115335,2025-01-01 18:55:50.923736,2025-01-01 18:55:54.815502,0 days 00:00:03.891766,1,90,,,,,,,,,,2,,,,,,,,,,COMPLETE
366,366,0.8128899835796388,2025-01-01 18:55:54.815944,2025-01-01 18:55:59.015808,0 days 00:00:04.199864,1,95,,,,,,,,,,2,,,,,,,,,,COMPLETE
367,367,0.702675585284281,2025-01-01 18:55:59.016293,2025-01-01 18:56:07.459415,0 days 00:00:08.443122,2,100,45.0,,,,,,,,,2,4.0,,,,,,,,,COMPLETE
368,368,0.8403403403403403,2025-01-01 18:56:07.459859,2025-01-01 18:56:11.558136,0 days 00:00:04.098277,1,100,,,,,,,,,,2,,,,,,,,,,COMPLETE
369,369,0.8127400233761897,2025-01-01 18:56:11.558556,2025-01-01 18:56:15.599234,0 days 00:00:04.040678,1,95,,,,,,,,,,2,,,,,,,,,,COMPLETE
370,370,0.8166203586764335,2025-01-01 18:56:15.599636,2025-01-01 18:56:28.017542,0 days 00:00:12.417906,3,85,55.0,40.0,,,,,,,,2,3.0,6.0,,,,,,,,COMPLETE
371,371,0.8789414414414414,2025-01-01 18:56:28.018136,2025-01-01 18:56:37.905077,0 days 00:00:09.886941,2,100,70.0,,,,,,,,,2,5.0,,,,,,,,,COMPLETE
372,372,0.8035535535535536,2025-01-01 18:56:37.905631,2025-01-01 18:56:47.890510,0 days 00:00:09.984879,2,100,85.0,,,,,,,,,2,5.0,,,,,,,,,COMPLETE
373,373,0.8143840104849279,2025-01-01 18:56:47.891061,2025-01-01 18:56:57.846292,0 days 00:00:09.955231,2,55,75.0,,,,,,,,,2,5.0,,,,,,,,,COMPLETE
374,374,0.7890750886239124,2025-01-01 18:56:57.846766,2025-01-01 18:57:07.138738,0 days 00:00:09.291972,2,70,70.0,,,,,,,,,2,5.0,,,,,,,,,COMPLETE
375,375,0.7854045037531276,2025-01-01 18:57:07.139197,2025-01-01 18:57:17.130825,0 days 00:00:09.991628,2,95,70.0,,,,,,,,,2,5.0,,,,,,,,,COMPLETE
376,376,0.8240553306342779,2025-01-01 18:57:17.131267,2025-01-01 18:57:27.108315,0 days 00:00:09.977048,2,90,55.0,,,,,,,,,2,5.0,,,,,,,,,COMPLETE
377,377,0.6720689655172414,2025-01-01 18:57:27.108861,2025-01-01 18:57:42.506659,0 days 00:00:15.397798,3,95,50.0,80.0,,,,,,,,3,5.0,4.0,,,,,,,,COMPLETE
378,378,0.8270502645502645,2025-01-01 18:57:42.507108,2025-01-01 18:57:52.464172,0 days 00:00:09.957064,2,100,65.0,,,,,,,,,2,5.0,,,,,,,,,COMPLETE
379,379,0.8304597701149425,2025-01-01 18:57:52.464709,2025-01-01 18:58:01.013274,0 days 00:00:08.548565,2,20,90.0,,,,,,,,,2,4.0,,,,,,,,,COMPLETE
380,380,0.7702839756592292,2025-01-01 18:58:01.013742,2025-01-01 18:58:10.768887,0 days 00:00:09.755145,2,90,55.0,,,,,,,,,2,4.0,,,,,,,,,COMPLETE
381,381,0.8266479199404515,2025-01-01 18:58:10.769652,2025-01-01 18:58:20.716151,0 days 00:00:09.946499,2,100,80.0,,,,,,,,,2,5.0,,,,,,,,,COMPLETE
382,382,0.8469155844155845,2025-01-01 18:58:20.716805,2025-01-01 18:58:29.195620,0 days 00:00:08.478815,2,95,50.0,,,,,,,,,2,4.0,,,,,,,,,COMPLETE
383,383,0.728168535507985,2025-01-01 18:58:29.196113,2025-01-01 18:58:40.815508,0 days 00:00:11.619395,2,100,70.0,,,,,,,,,4,6.0,,,,,,,,,COMPLETE
384,384,0.8288288288288288,2025-01-01 18:58:40.816029,2025-01-01 18:58:44.917729,0 days 00:00:04.101700,1,100,,,,,,,,,,2,,,,,,,,,,COMPLETE
385,385,0.8038038038038038,2025-01-01 18:58:44.918161,2025-01-01 18:58:53.336087,0 days 00:00:08.417926,2,95,30.0,,,,,,,,,2,4.0,,,,,,,,,COMPLETE
386,386,0.8035087719298246,2025-01-01 18:58:53.336590,2025-01-01 18:59:03.177245,0 days 00:00:09.840655,2,100,40.0,,,,,,,,,2,5.0,,,,,,,,,COMPLETE
387,387,0.8219349457881568,2025-01-01 18:59:03.177708,2025-01-01 18:59:07.261134,0 days 00:00:04.083426,1,95,,,,,,,,,,2,,,,,,,,,,COMPLETE
388,388,0.7889676113360324,2025-01-01 18:59:07.261570,2025-01-01 18:59:15.587576,0 days 00:00:08.326006,2,95,45.0,,,,,,,,,2,4.0,,,,,,,,,COMPLETE
389,389,0.753223388305847,2025-01-01 18:59:15.588038,2025-01-01 18:59:19.667523,0 days 00:00:04.079485,1,10,,,,,,,,,,2,,,,,,,,,,COMPLETE
390,390,0.7647458779534251,2025-01-01 18:59:19.668009,2025-01-01 18:59:23.757784,0 days 00:00:04.089775,1,90,,,,,,,,,,2,,,,,,,,,,COMPLETE
391,391,0.8408119658119657,2025-01-01 18:59:23.758198,2025-01-01 18:59:32.298441,0 days 00:00:08.540243,2,100,60.0,,,,,,,,,2,4.0,,,,,,,,,COMPLETE
392,392,0.8127400233761897,2025-01-01 18:59:32.298991,2025-01-01 18:59:36.476614,0 days 00:00:04.177623,1,100,,,,,,,,,,2,,,,,,,,,,COMPLETE
393,393,0.7863247863247864,2025-01-01 18:59:36.477100,2025-01-01 18:59:44.970830,0 days 00:00:08.493730,3,85,50.0,20.0,,,,,,,,2,2.0,2.0,,,,,,,,COMPLETE
394,394,0.8164626424651752,2025-01-01 18:59:44.971399,2025-01-01 18:59:49.121538,0 days 00:00:04.150139,1,95,,,,,,,,,,2,,,,,,,,,,COMPLETE
395,395,0.7925233644859813,2025-01-01 18:59:49.122061,2025-01-01 18:59:59.186849,0 days 00:00:10.064788,2,100,55.0,,,,,,,,,2,5.0,,,,,,,,,COMPLETE
396,396,0.8181818181818182,2025-01-01 18:59:59.187306,2025-01-01 19:00:03.319725,0 days 00:00:04.132419,1,90,,,,,,,,,,2,,,,,,,,,,COMPLETE
397,397,0.8407342657342657,2025-01-01 19:00:03.320179,2025-01-01 19:00:07.472943,0 days 00:00:04.152764,1,95,,,,,,,,,,2,,,,,,,,,,COMPLETE
398,398,0.8010104302477183,2025-01-01 19:00:07.473399,2025-01-01 19:00:16.010138,0 days 00:00:08.536739,2,100,50.0,,,,,,,,,2,4.0,,,,,,,,,COMPLETE
399,399,0.8089488048962038,2025-01-01 19:00:16.010633,2025-01-01 19:00:20.118853,0 days 00:00:04.108220,1,100,,,,,,,,,,2,,,,,,,,,,COMPLETE
400,400,0.8118513558754603,2025-01-01 19:00:20.119548,2025-01-01 19:00:28.750721,0 days 00:00:08.631173,2,95,45.0,,,,,,,,,2,4.0,,,,,,,,,COMPLETE
401,401,0.8035535535535536,2025-01-01 19:00:28.751196,2025-01-01 19:00:32.852484,0 days 00:00:04.101288,1,100,,,,,,,,,,2,,,,,,,,,,COMPLETE
402,402,0.7150331356818974,2025-01-01 19:00:32.852930,2025-01-01 19:00:43.541864,0 days 00:00:10.688934,2,90,60.0,,,,,,,,,3,5.0,,,,,,,,,COMPLETE
403,403,0.8042692939244663,2025-01-01 19:00:43.542304,2025-01-01 19:00:51.858322,0 days 00:00:08.316018,2,95,55.0,,,,,,,,,2,4.0,,,,,,,,,COMPLETE
404,404,0.8070796460176992,2025-01-01 19:00:51.858802,2025-01-01 19:00:55.931925,0 days 00:00:04.073123,1,100,,,,,,,,,,2,,,,,,,,,,COMPLETE
405,405,0.8288961038961038,2025-01-01 19:00:55.932336,2025-01-01 19:00:59.964862,0 days 00:00:04.032526,1,95,,,,,,,,,,2,,,,,,,,,,COMPLETE
406,406,0.7232832526950175,2025-01-01 19:00:59.965369,2025-01-01 19:01:08.300439,0 days 00:00:08.335070,2,85,35.0,,,,,,,,,2,4.0,,,,,,,,,COMPLETE
407,407,0.8185358255451713,2025-01-01 19:01:08.300897,2025-01-01 19:01:12.438374,0 days 00:00:04.137477,1,100,,,,,,,,,,2,,,,,,,,,,COMPLETE
408,408,0.7946428571428572,2025-01-01 19:01:12.438810,2025-01-01 19:01:20.932952,0 days 00:00:08.494142,2,100,40.0,,,,,,,,,2,4.0,,,,,,,,,COMPLETE
409,409,0.584516129032258,2025-01-01 19:01:20.933528,2025-01-01 19:01:37.182711,0 days 00:00:16.249183,9,90,50.0,30.0,85.0,55.0,40.0,100.0,85.0,75.0,,2,6.0,5.0,4.0,3.0,5.0,2.0,5.0,3.0,,COMPLETE
410,410,0.7891391794046662,2025-01-01 19:01:37.183301,2025-01-01 19:01:41.342967,0 days 00:00:04.159666,1,95,,,,,,,,,,2,,,,,,,,,,COMPLETE
411,411,0.8272584511116621,2025-01-01 19:01:41.343392,2025-01-01 19:01:49.916192,0 days 00:00:08.572800,2,100,80.0,,,,,,,,,2,4.0,,,,,,,,,COMPLETE
412,412,0.7908918092404331,2025-01-01 19:01:49.916645,2025-01-01 19:01:53.991754,0 days 00:00:04.075109,1,90,,,,,,,,,,2,,,,,,,,,,COMPLETE
413,413,0.8312750333778371,2025-01-01 19:01:53.992218,2025-01-01 19:02:03.860848,0 days 00:00:09.868630,2,70,65.0,,,,,,,,,2,5.0,,,,,,,,,COMPLETE
414,414,0.8000173070266527,2025-01-01 19:02:03.861306,2025-01-01 19:02:08.002389,0 days 00:00:04.141083,1,95,,,,,,,,,,2,,,,,,,,,,COMPLETE
415,415,0.7773109243697478,2025-01-01 19:02:08.002927,2025-01-01 19:02:13.229347,0 days 00:00:05.226420,1,100,,,,,,,,,,3,,,,,,,,,,COMPLETE
416,416,0.8064828253507499,2025-01-01 19:02:13.229781,2025-01-01 19:02:21.832518,0 days 00:00:08.602737,2,100,55.0,,,,,,,,,2,4.0,,,,,,,,,COMPLETE
417,417,0.8625336927223719,2025-01-01 19:02:21.833073,2025-01-01 19:02:25.711304,0 days 00:00:03.878231,1,95,,,,,,,,,,2,,,,,,,,,,COMPLETE
418,418,0.7207792207792207,2025-01-01 19:02:25.711744,2025-01-01 19:02:40.896082,0 days 00:00:15.184338,3,40,15.0,85.0,,,,,,,,2,5.0,6.0,,,,,,,,COMPLETE
419,419,0.7866127583108715,2025-01-01 19:02:40.896657,2025-01-01 19:02:44.984373,0 days 00:00:04.087716,1,90,,,,,,,,,,2,,,,,,,,,,COMPLETE
420,420,0.8035535535535536,2025-01-01 19:02:44.984803,2025-01-01 19:02:53.547836,0 days 00:00:08.563033,2,95,75.0,,,,,,,,,2,4.0,,,,,,,,,COMPLETE
421,421,0.7989365237620472,2025-01-01 19:02:53.548396,2025-01-01 19:03:02.101165,0 days 00:00:08.552769,2,95,45.0,,,,,,,,,2,4.0,,,,,,,,,COMPLETE
422,422,0.8313313313313313,2025-01-01 19:03:02.101906,2025-01-01 19:03:06.271645,0 days 00:00:04.169739,1,90,,,,,,,,,,2,,,,,,,,,,COMPLETE
423,423,0.8161196911196911,2025-01-01 19:03:06.272089,2025-01-01 19:03:10.411282,0 days 00:00:04.139193,1,95,,,,,,,,,,2,,,,,,,,,,COMPLETE
424,424,0.5931731104144897,2025-01-01 19:03:10.411807,2025-01-01 19:03:22.232595,0 days 00:00:11.820788,2,80,60.0,,,,,,,,,6,4.0,,,,,,,,,COMPLETE
425,425,0.807041572671608,2025-01-01 19:03:22.233200,2025-01-01 19:03:26.378514,0 days 00:00:04.145314,1,95,,,,,,,,,,2,,,,,,,,,,COMPLETE
426,426,0.808695652173913,2025-01-01 19:03:26.379277,2025-01-01 19:03:36.149276,0 days 00:00:09.769999,2,65,50.0,,,,,,,,,2,5.0,,,,,,,,,COMPLETE
427,427,0.792268479184367,2025-01-01 19:03:36.149774,2025-01-01 19:03:40.246862,0 days 00:00:04.097088,1,85,,,,,,,,,,2,,,,,,,,,,COMPLETE
428,428,0.8559218559218559,2025-01-01 19:03:40.247290,2025-01-01 19:03:48.639865,0 days 00:00:08.392575,2,95,60.0,,,,,,,,,2,4.0,,,,,,,,,COMPLETE
429,429,0.8482021844853703,2025-01-01 19:03:48.640633,2025-01-01 19:03:52.795821,0 days 00:00:04.155188,1,90,,,,,,,,,,2,,,,,,,,,,COMPLETE
430,430,0.8343015913109371,2025-01-01 19:03:52.796258,2025-01-01 19:04:01.405328,0 days 00:00:08.609070,2,95,65.0,,,,,,,,,2,4.0,,,,,,,,,COMPLETE
431,431,0.683038263849229,2025-01-01 19:04:01.405893,2025-01-01 19:04:31.018429,0 days 00:00:29.612536,6,100,60.0,35.0,70.0,100.0,25.0,,,,,4,5.0,3.0,6.0,4.0,4.0,,,,,COMPLETE
432,432,0.7341299477221808,2025-01-01 19:04:31.019095,2025-01-01 19:04:45.738423,0 days 00:00:14.719328,4,90,70.0,25.0,35.0,,,,,,,2,4.0,4.0,2.0,,,,,,,COMPLETE
433,433,0.8454417720472767,2025-01-01 19:04:45.738948,2025-01-01 19:04:49.899599,0 days 00:00:04.160651,1,95,,,,,,,,,,2,,,,,,,,,,COMPLETE
434,434,0.72953216374269,2025-01-01 19:04:49.900046,2025-01-01 19:04:57.220771,0 days 00:00:07.320725,2,25,60.0,,,,,,,,,2,3.0,,,,,,,,,COMPLETE
435,435,0.6832041343669251,2025-01-01 19:04:57.221229,2025-01-01 19:05:09.397333,0 days 00:00:12.176104,3,100,65.0,45.0,,,,,,,,2,5.0,2.0,,,,,,,,COMPLETE
436,436,0.8195989283104652,2025-01-01 19:05:09.397826,2025-01-01 19:05:13.283263,0 days 00:00:03.885437,1,95,,,,,,,,,,2,,,,,,,,,,COMPLETE
437,437,0.8256880733944955,2025-01-01 19:05:13.283726,2025-01-01 19:05:17.445362,0 days 00:00:04.161636,1,100,,,,,,,,,,2,,,,,,,,,,COMPLETE
438,438,0.835993714332975,2025-01-01 19:05:17.445833,2025-01-01 19:05:26.092326,0 days 00:00:08.646493,2,90,80.0,,,,,,,,,2,4.0,,,,,,,,,COMPLETE
439,439,0.8283272283272283,2025-01-01 19:05:26.092794,2025-01-01 19:05:30.284476,0 days 00:00:04.191682,1,100,,,,,,,,,,2,,,,,,,,,,COMPLETE
440,440,0.766551724137931,2025-01-01 19:05:30.285011,2025-01-01 19:05:42.653580,0 days 00:00:12.368569,2,95,55.0,,,,,,,,,5,4.0,,,,,,,,,COMPLETE
441,441,0.8247440128628247,2025-01-01 19:05:42.654070,2025-01-01 19:05:46.812378,0 days 00:00:04.158308,1,85,,,,,,,,,,2,,,,,,,,,,COMPLETE
442,442,0.7515407344871254,2025-01-01 19:05:46.812834,2025-01-01 19:05:56.819540,0 days 00:00:10.006706,2,100,60.0,,,,,,,,,2,5.0,,,,,,,,,COMPLETE
443,443,0.8266434892541087,2025-01-01 19:05:56.820117,2025-01-01 19:06:00.970477,0 days 00:00:04.150360,1,95,,,,,,,,,,2,,,,,,,,,,COMPLETE
444,444,0.8196881091617934,2025-01-01 19:06:00.970944,2025-01-01 19:06:09.567172,0 days 00:00:08.596228,2,100,35.0,,,,,,,,,2,4.0,,,,,,,,,COMPLETE
445,445,0.8150943396226416,2025-01-01 19:06:09.567754,2025-01-01 19:06:13.722984,0 days 00:00:04.155230,1,90,,,,,,,,,,2,,,,,,,,,,COMPLETE
446,446,0.8054554390563565,2025-01-01 19:06:13.723453,2025-01-01 19:06:25.624028,0 days 00:00:11.900575,3,95,55.0,70.0,,,,,,,,2,6.0,3.0,,,,,,,,COMPLETE
447,447,0.7850975375759515,2025-01-01 19:06:25.624522,2025-01-01 19:06:30.824683,0 days 00:00:05.200161,1,100,,,,,,,,,,3,,,,,,,,,,COMPLETE
448,448,0.8209146146466262,2025-01-01 19:06:30.825143,2025-01-01 19:06:39.363959,0 days 00:00:08.538816,2,95,65.0,,,,,,,,,2,4.0,,,,,,,,,COMPLETE
449,449,0.8196881091617934,2025-01-01 19:06:39.364452,2025-01-01 19:06:43.519266,0 days 00:00:04.154814,1,90,,,,,,,,,,2,,,,,,,,,,COMPLETE
450,450,0.8080238726790451,2025-01-01 19:06:43.519705,2025-01-01 19:06:53.533996,0 days 00:00:10.014291,2,100,60.0,,,,,,,,,2,5.0,,,,,,,,,COMPLETE
451,451,0.7817460317460317,2025-01-01 19:06:53.534497,2025-01-01 19:06:57.677216,0 days 00:00:04.142719,1,100,,,,,,,,,,2,,,,,,,,,,COMPLETE
452,452,0.8230516817063167,2025-01-01 19:06:57.677666,2025-01-01 19:07:06.288617,0 days 00:00:08.610951,2,80,95.0,,,,,,,,,2,4.0,,,,,,,,,COMPLETE
453,453,0.8284600389863548,2025-01-01 19:07:06.289181,2025-01-01 19:07:10.458535,0 days 00:00:04.169354,1,95,,,,,,,,,,2,,,,,,,,,,COMPLETE
454,454,0.7795739664898543,2025-01-01 19:07:10.459081,2025-01-01 19:07:14.587797,0 days 00:00:04.128716,1,100,,,,,,,,,,2,,,,,,,,,,COMPLETE
455,455,0.7835511894130065,2025-01-01 19:07:14.588229,2025-01-01 19:07:23.113117,0 days 00:00:08.524888,2,95,70.0,,,,,,,,,2,4.0,,,,,,,,,COMPLETE
456,456,0.7519392372333549,2025-01-01 19:07:23.113925,2025-01-01 19:08:04.332489,0 days 00:00:41.218564,10,90,40.0,65.0,55.0,15.0,25.0,70.0,15.0,35.0,50.0,2,5.0,5.0,4.0,2.0,4.0,6.0,3.0,5.0,4.0,COMPLETE
457,457,0.7774429616874732,2025-01-01 19:08:04.333263,2025-01-01 19:08:08.469391,0 days 00:00:04.136128,1,85,,,,,,,,,,2,,,,,,,,,,COMPLETE
458,458,0.8595542445099967,2025-01-01 19:08:08.469944,2025-01-01 19:08:17.054188,0 days 00:00:08.584244,2,100,55.0,,,,,,,,,2,4.0,,,,,,,,,COMPLETE
459,459,0.8198051948051948,2025-01-01 19:08:17.054645,2025-01-01 19:08:23.974604,0 days 00:00:06.919959,2,100,55.0,,,,,,,,,2,3.0,,,,,,,,,COMPLETE
460,460,0.7873525557011796,2025-01-01 19:08:23.975102,2025-01-01 19:08:32.574503,0 days 00:00:08.599401,2,95,50.0,,,,,,,,,2,4.0,,,,,,,,,COMPLETE
461,461,0.8108974358974359,2025-01-01 19:08:32.575066,2025-01-01 19:08:38.481252,0 days 00:00:05.906186,2,100,55.0,,,,,,,,,2,2.0,,,,,,,,,COMPLETE
462,462,0.7926948051948053,2025-01-01 19:08:38.481835,2025-01-01 19:08:50.317321,0 days 00:00:11.835486,3,95,60.0,5.0,,,,,,,,2,4.0,3.0,,,,,,,,COMPLETE
463,463,0.7147319544111439,2025-01-01 19:08:50.318066,2025-01-01 19:09:00.904719,0 days 00:00:10.586653,2,90,55.0,,,,,,,,,4,4.0,,,,,,,,,COMPLETE
464,464,0.768046035372768,2025-01-01 19:09:00.905178,2025-01-01 19:09:09.214860,0 days 00:00:08.309682,2,100,50.0,,,,,,,,,2,4.0,,,,,,,,,COMPLETE
465,465,0.7418375717801476,2025-01-01 19:09:09.215434,2025-01-01 19:09:18.828415,0 days 00:00:09.612981,2,50,55.0,,,,,,,,,2,5.0,,,,,,,,,COMPLETE
466,466,0.8503853090670601,2025-01-01 19:09:18.828883,2025-01-01 19:09:27.224435,0 days 00:00:08.395552,2,100,60.0,,,,,,,,,2,4.0,,,,,,,,,COMPLETE
467,467,0.7617628101836932,2025-01-01 19:09:27.224926,2025-01-01 19:09:34.433073,0 days 00:00:07.208147,2,95,50.0,,,,,,,,,2,3.0,,,,,,,,,COMPLETE
468,468,0.777504105090312,2025-01-01 19:09:34.433549,2025-01-01 19:09:47.395896,0 days 00:00:12.962347,3,100,30.0,55.0,,,,,,,,2,4.0,6.0,,,,,,,,COMPLETE
469,469,0.8414154652686763,2025-01-01 19:09:47.396430,2025-01-01 19:09:57.329774,0 days 00:00:09.933344,2,90,65.0,,,,,,,,,2,5.0,,,,,,,,,COMPLETE
470,470,0.8699324324324325,2025-01-01 19:09:57.330217,2025-01-01 19:10:05.974837,0 days 00:00:08.644620,2,95,55.0,,,,,,,,,2,4.0,,,,,,,,,COMPLETE
471,471,0.8253032345013478,2025-01-01 19:10:05.975620,2025-01-01 19:10:14.587097,0 days 00:00:08.611477,2,95,55.0,,,,,,,,,2,4.0,,,,,,,,,COMPLETE
472,472,0.8107493707883413,2025-01-01 19:10:14.587578,2025-01-01 19:10:23.151320,0 days 00:00:08.563742,2,95,55.0,,,,,,,,,2,4.0,,,,,,,,,COMPLETE
473,473,0.7675606641123882,2025-01-01 19:10:23.151842,2025-01-01 19:10:32.667838,0 days 00:00:09.515996,2,100,60.0,,,,,,,,,3,4.0,,,,,,,,,COMPLETE
474,474,0.7743664717348928,2025-01-01 19:10:32.668427,2025-01-01 19:10:41.222657,0 days 00:00:08.554230,2,95,55.0,,,,,,,,,2,4.0,,,,,,,,,COMPLETE
475,475,0.7226615544372554,2025-01-01 19:10:41.223127,2025-01-01 19:11:08.754225,0 days 00:00:27.531098,8,100,50.0,100.0,90.0,5.0,90.0,85.0,40.0,,,2,4.0,4.0,3.0,4.0,2.0,4.0,2.0,,,COMPLETE
476,476,0.7599671862182117,2025-01-01 19:11:08.755041,2025-01-01 19:11:31.072100,0 days 00:00:22.317059,5,100,60.0,60.0,25.0,75.0,,,,,,2,4.0,2.0,5.0,5.0,,,,,,COMPLETE
477,477,0.7817460317460317,2025-01-01 19:11:31.072848,2025-01-01 19:11:39.659967,0 days 00:00:08.587119,2,95,45.0,,,,,,,,,2,4.0,,,,,,,,,COMPLETE
478,478,0.792725501339612,2025-01-01 19:11:39.660450,2025-01-01 19:11:48.233159,0 days 00:00:08.572709,2,95,55.0,,,,,,,,,2,4.0,,,,,,,,,COMPLETE
479,479,0.8198051948051948,2025-01-01 19:11:48.233620,2025-01-01 19:11:56.815024,0 days 00:00:08.581404,2,100,50.0,,,,,,,,,2,4.0,,,,,,,,,COMPLETE
480,480,0.7837662337662338,2025-01-01 19:11:56.815585,2025-01-01 19:12:04.840109,0 days 00:00:08.024524,2,100,60.0,,,,,,,,,2,4.0,,,,,,,,,COMPLETE
481,481,0.8659697433282338,2025-01-01 19:12:04.840594,2025-01-01 19:12:13.438697,0 days 00:00:08.598103,2,95,85.0,,,,,,,,,2,4.0,,,,,,,,,COMPLETE
482,482,0.7963782366437233,2025-01-01 19:12:13.439413,2025-01-01 19:12:22.036863,0 days 00:00:08.597450,2,95,95.0,,,,,,,,,2,4.0,,,,,,,,,COMPLETE
483,483,0.8213716108452951,2025-01-01 19:12:22.037339,2025-01-01 19:12:30.670020,0 days 00:00:08.632681,2,95,45.0,,,,,,,,,2,4.0,,,,,,,,,COMPLETE
484,484,0.8303436179542374,2025-01-01 19:12:30.670652,2025-01-01 19:12:45.378662,0 days 00:00:14.708010,3,95,90.0,90.0,,,,,,,,2,5.0,5.0,,,,,,,,COMPLETE
485,485,0.8049220672682527,2025-01-01 19:12:45.379172,2025-01-01 19:12:52.742756,0 days 00:00:07.363584,2,95,85.0,,,,,,,,,2,3.0,,,,,,,,,COMPLETE
486,486,0.8013988288874431,2025-01-01 19:12:52.743229,2025-01-01 19:13:01.320095,0 days 00:00:08.576866,2,90,35.0,,,,,,,,,2,4.0,,,,,,,,,COMPLETE
487,487,0.7904761904761906,2025-01-01 19:13:01.320890,2025-01-01 19:13:11.310354,0 days 00:00:09.989464,2,95,85.0,,,,,,,,,2,5.0,,,,,,,,,COMPLETE
488,488,0.7629310344827587,2025-01-01 19:13:11.310851,2025-01-01 19:13:19.372387,0 days 00:00:08.061536,2,30,100.0,,,,,,,,,2,4.0,,,,,,,,,COMPLETE
489,489,0.7589813941524479,2025-01-01 19:13:19.372930,2025-01-01 19:13:27.983286,0 days 00:00:08.610356,2,90,40.0,,,,,,,,,2,4.0,,,,,,,,,COMPLETE
490,490,0.8144963144963145,2025-01-01 19:13:27.983775,2025-01-01 19:13:37.955119,0 days 00:00:09.971344,2,95,75.0,,,,,,,,,2,5.0,,,,,,,,,COMPLETE
491,491,0.7817647058823529,2025-01-01 19:13:37.955735,2025-01-01 19:13:46.591559,0 days 00:00:08.635824,2,95,50.0,,,,,,,,,2,4.0,,,,,,,,,COMPLETE
492,492,0.743201145070304,2025-01-01 19:13:46.592153,2025-01-01 19:13:57.473945,0 days 00:00:10.881792,2,100,65.0,,,,,,,,,4,4.0,,,,,,,,,COMPLETE
493,493,0.7927927927927928,2025-01-01 19:13:57.474421,2025-01-01 19:14:10.717818,0 days 00:00:13.243397,3,95,85.0,50.0,,,,,,,,2,5.0,3.0,,,,,,,,COMPLETE
494,494,0.8017857142857143,2025-01-01 19:14:10.718455,2025-01-01 19:14:20.318197,0 days 00:00:09.599742,2,100,80.0,,,,,,,,,2,6.0,,,,,,,,,COMPLETE
495,495,0.7867924528301887,2025-01-01 19:14:20.318783,2025-01-01 19:14:28.923676,0 days 00:00:08.604893,2,90,30.0,,,,,,,,,2,4.0,,,,,,,,,COMPLETE
496,496,0.8182945992887272,2025-01-01 19:14:28.924173,2025-01-01 19:14:34.488950,0 days 00:00:05.564777,1,45,,,,,,,,,,3,,,,,,,,,,COMPLETE
497,497,0.7655945419103314,2025-01-01 19:14:34.489492,2025-01-01 19:14:48.971970,0 days 00:00:14.482478,3,95,70.0,10.0,,,,,,,,2,4.0,5.0,,,,,,,,COMPLETE
498,498,0.8148846780416703,2025-01-01 19:14:48.972515,2025-01-01 19:14:53.104834,0 days 00:00:04.132319,1,75,,,,,,,,,,2,,,,,,,,,,COMPLETE
499,499,0.8343015913109371,2025-01-01 19:14:53.105285,2025-01-01 19:15:01.594351,0 days 00:00:08.489066,2,100,95.0,,,,,,,,,2,4.0,,,,,,,,,COMPLETE
500,500,0.8220720720720721,2025-01-01 19:15:01.594817,2025-01-01 19:15:05.763162,0 days 00:00:04.168345,1,90,,,,,,,,,,2,,,,,,,,,,COMPLETE
501,501,0.8416871416871416,2025-01-01 19:15:05.763630,2025-01-01 19:15:09.907022,0 days 00:00:04.143392,1,95,,,,,,,,,,2,,,,,,,,,,COMPLETE
502,502,0.8083146626835946,2025-01-01 19:15:09.907463,2025-01-01 19:15:19.085599,0 days 00:00:09.178136,2,100,50.0,,,,,,,,,2,4.0,,,,,,,,,COMPLETE
503,503,0.811214953271028,2025-01-01 19:15:19.086235,2025-01-01 19:15:29.073659,0 days 00:00:09.987424,2,100,25.0,,,,,,,,,2,5.0,,,,,,,,,COMPLETE
504,504,0.8018018018018018,2025-01-01 19:15:29.074170,2025-01-01 19:15:33.223043,0 days 00:00:04.148873,1,90,,,,,,,,,,2,,,,,,,,,,COMPLETE
505,505,0.8595183486238532,2025-01-01 19:15:33.223503,2025-01-01 19:15:41.792987,0 days 00:00:08.569484,2,100,90.0,,,,,,,,,2,4.0,,,,,,,,,COMPLETE
506,506,0.8283272283272283,2025-01-01 19:15:41.793896,2025-01-01 19:15:50.418782,0 days 00:00:08.624886,2,100,95.0,,,,,,,,,2,4.0,,,,,,,,,COMPLETE
507,507,0.7727272727272727,2025-01-01 19:15:50.419283,2025-01-01 19:15:59.954217,0 days 00:00:09.534934,2,100,90.0,,,,,,,,,3,4.0,,,,,,,,,COMPLETE
508,508,0.8218218218218218,2025-01-01 19:15:59.954734,2025-01-01 19:16:08.514494,0 days 00:00:08.559760,2,100,90.0,,,,,,,,,2,4.0,,,,,,,,,COMPLETE
509,509,0.8027568922305764,2025-01-01 19:16:08.514980,2025-01-01 19:16:17.143340,0 days 00:00:08.628360,2,100,90.0,,,,,,,,,2,4.0,,,,,,,,,COMPLETE
510,510,0.7996030105036804,2025-01-01 19:16:17.143854,2025-01-01 19:16:25.815908,0 days 00:00:08.672054,2,100,100.0,,,,,,,,,2,4.0,,,,,,,,,COMPLETE
511,511,0.8196881091617934,2025-01-01 19:16:25.816410,2025-01-01 19:16:34.443647,0 days 00:00:08.627237,2,100,85.0,,,,,,,,,2,4.0,,,,,,,,,COMPLETE
512,512,0.8010104302477183,2025-01-01 19:16:34.444140,2025-01-01 19:16:42.913769,0 days 00:00:08.469629,2,100,10.0,,,,,,,,,2,4.0,,,,,,,,,COMPLETE
513,513,0.8270502645502645,2025-01-01 19:16:42.914249,2025-01-01 19:16:51.542963,0 days 00:00:08.628714,2,100,55.0,,,,,,,,,2,4.0,,,,,,,,,COMPLETE
514,514,0.8557504873294347,2025-01-01 19:16:51.543564,2025-01-01 19:17:04.503213,0 days 00:00:12.959649,3,85,75.0,15.0,,,,,,,,2,4.0,4.0,,,,,,,,COMPLETE
515,515,0.8329472329472329,2025-01-01 19:17:04.503809,2025-01-01 19:17:17.534340,0 days 00:00:13.030531,3,85,75.0,15.0,,,,,,,,2,4.0,4.0,,,,,,,,COMPLETE
516,516,0.7673234262815161,2025-01-01 19:17:17.534865,2025-01-01 19:17:34.812340,0 days 00:00:17.277475,4,85,85.0,40.0,80.0,,,,,,,2,4.0,3.0,6.0,,,,,,,COMPLETE
517,517,0.7797292942313889,2025-01-01 19:17:34.812994,2025-01-01 19:17:47.824841,0 days 00:00:13.011847,3,85,80.0,30.0,,,,,,,,2,4.0,4.0,,,,,,,,COMPLETE
518,518,0.6981391585760518,2025-01-01 19:17:47.825400,2025-01-01 19:18:00.889793,0 days 00:00:13.064393,4,85,85.0,5.0,45.0,,,,,,,2,4.0,3.0,2.0,,,,,,,COMPLETE
519,519,0.7767094017094017,2025-01-01 19:18:00.890433,2025-01-01 19:18:09.343826,0 days 00:00:08.453393,2,80,75.0,,,,,,,,,2,4.0,,,,,,,,,COMPLETE
520,520,0.8044871794871795,2025-01-01 19:18:09.344339,2025-01-01 19:18:22.210793,0 days 00:00:12.866454,3,85,90.0,25.0,,,,,,,,2,4.0,4.0,,,,,,,,COMPLETE
521,521,0.8273809523809523,2025-01-01 19:18:22.211334,2025-01-01 19:18:30.669003,0 days 00:00:08.457669,2,80,80.0,,,,,,,,,2,4.0,,,,,,,,,COMPLETE
522,522,0.7431192660550459,2025-01-01 19:18:30.669626,2025-01-01 19:18:39.141866,0 days 00:00:08.472240,2,90,75.0,,,,,,,,,2,4.0,,,,,,,,,COMPLETE
523,523,0.7589285714285714,2025-01-01 19:18:39.142348,2025-01-01 19:18:53.317770,0 days 00:00:14.175422,3,95,95.0,20.0,,,,,,,,2,4.0,5.0,,,,,,,,COMPLETE
524,524,0.7837837837837838,2025-01-01 19:18:53.318380,2025-01-01 19:19:01.581794,0 days 00:00:08.263414,2,95,60.0,,,,,,,,,2,4.0,,,,,,,,,COMPLETE
525,525,0.8235583224115335,2025-01-01 19:19:01.582282,2025-01-01 19:19:09.871932,0 days 00:00:08.289650,2,95,55.0,,,,,,,,,2,4.0,,,,,,,,,COMPLETE
526,526,0.817391304347826,2025-01-01 19:19:09.872416,2025-01-01 19:19:18.237183,0 days 00:00:08.364767,2,90,65.0,,,,,,,,,2,4.0,,,,,,,,,COMPLETE
527,527,0.7889197608823777,2025-01-01 19:19:18.237676,2025-01-01 19:19:26.295748,0 days 00:00:08.058072,2,95,55.0,,,,,,,,,2,4.0,,,,,,,,,COMPLETE
528,528,0.7889908256880734,2025-01-01 19:19:26.296238,2025-01-01 19:19:34.910778,0 days 00:00:08.614540,2,85,90.0,,,,,,,,,2,4.0,,,,,,,,,COMPLETE
529,529,0.8182494421026532,2025-01-01 19:19:34.911279,2025-01-01 19:19:42.967820,0 days 00:00:08.056541,2,90,50.0,,,,,,,,,2,4.0,,,,,,,,,COMPLETE
530,530,0.8684038020321206,2025-01-01 19:19:42.968311,2025-01-01 19:19:51.593469,0 days 00:00:08.625158,2,80,60.0,,,,,,,,,2,4.0,,,,,,,,,COMPLETE
531,531,0.8147131955757524,2025-01-01 19:19:51.593968,2025-01-01 19:20:00.169469,0 days 00:00:08.575501,2,80,60.0,,,,,,,,,2,4.0,,,,,,,,,COMPLETE
532,532,0.792268479184367,2025-01-01 19:20:00.170056,2025-01-01 19:20:08.860698,0 days 00:00:08.690642,2,85,60.0,,,,,,,,,2,4.0,,,,,,,,,COMPLETE
533,533,0.8257575757575758,2025-01-01 19:20:08.861336,2025-01-01 19:20:17.377833,0 days 00:00:08.516497,2,80,55.0,,,,,,,,,2,4.0,,,,,,,,,COMPLETE
534,534,0.8379520520113775,2025-01-01 19:20:17.378309,2025-01-01 19:20:30.000402,0 days 00:00:12.622093,3,85,60.0,15.0,,,,,,,,2,4.0,3.0,,,,,,,,COMPLETE
535,535,0.7997351870241642,2025-01-01 19:20:30.001022,2025-01-01 19:20:38.612283,0 days 00:00:08.611261,2,85,70.0,,,,,,,,,2,4.0,,,,,,,,,COMPLETE
536,536,0.735024154589372,2025-01-01 19:20:38.612794,2025-01-01 19:21:04.165749,0 days 00:00:25.552955,6,80,60.0,45.0,65.0,50.0,15.0,,,,,2,4.0,4.0,4.0,4.0,6.0,,,,,COMPLETE
537,537,0.8108766233766234,2025-01-01 19:21:04.166557,2025-01-01 19:21:12.790517,0 days 00:00:08.623960,2,90,55.0,,,,,,,,,2,4.0,,,,,,,,,COMPLETE
538,538,0.8414154652686763,2025-01-01 19:21:12.791030,2025-01-01 19:21:21.434139,0 days 00:00:08.643109,2,75,65.0,,,,,,,,,2,4.0,,,,,,,,,COMPLETE
539,539,0.7224666014988596,2025-01-01 19:21:21.434754,2025-01-01 19:21:35.047140,0 days 00:00:13.612386,2,90,55.0,,,,,,,,,5,5.0,,,,,,,,,COMPLETE
540,540,0.8398731006845884,2025-01-01 19:21:35.047775,2025-01-01 19:21:43.557448,0 days 00:00:08.509673,2,100,80.0,,,,,,,,,2,4.0,,,,,,,,,COMPLETE
541,541,0.7885018545395904,2025-01-01 19:21:43.558319,2025-01-01 19:21:53.419336,0 days 00:00:09.861017,2,90,55.0,,,,,,,,,2,5.0,,,,,,,,,COMPLETE
542,542,0.8269151138716355,2025-01-01 19:21:53.419945,2025-01-01 19:22:02.025128,0 days 00:00:08.605183,2,100,50.0,,,,,,,,,2,4.0,,,,,,,,,COMPLETE
543,543,0.7663043478260869,2025-01-01 19:22:02.025609,2025-01-01 19:22:10.586623,0 days 00:00:08.561014,2,100,65.0,,,,,,,,,2,4.0,,,,,,,,,COMPLETE
544,544,0.8233125819134994,2025-01-01 19:22:10.587257,2025-01-01 19:22:19.216200,0 days 00:00:08.628943,2,85,60.0,,,,,,,,,2,4.0,,,,,,,,,COMPLETE
545,545,0.7677830940988836,2025-01-01 19:22:19.216705,2025-01-01 19:22:39.022908,0 days 00:00:19.806203,5,80,70.0,40.0,50.0,60.0,,,,,,2,4.0,6.0,5.0,3.0,,,,,,COMPLETE
546,546,0.8159504265250281,2025-01-01 19:22:39.023700,2025-01-01 19:22:53.809876,0 days 00:00:14.786176,3,100,55.0,35.0,,,,,,,,2,5.0,5.0,,,,,,,,COMPLETE
547,547,0.8070796460176992,2025-01-01 19:22:53.810384,2025-01-01 19:23:02.308969,0 days 00:00:08.498585,2,95,50.0,,,,,,,,,2,4.0,,,,,,,,,COMPLETE
548,548,0.8581566204708633,2025-01-01 19:23:02.309492,2025-01-01 19:23:10.892408,0 days 00:00:08.582916,2,85,35.0,,,,,,,,,2,4.0,,,,,,,,,COMPLETE
549,549,0.6616666666666666,2025-01-01 19:23:10.892901,2025-01-01 19:23:23.182919,0 days 00:00:12.290018,2,85,35.0,,,,,,,,,5,4.0,,,,,,,,,COMPLETE
550,550,0.7431192660550459,2025-01-01 19:23:23.183453,2025-01-01 19:23:31.775496,0 days 00:00:08.592043,2,85,30.0,,,,,,,,,2,4.0,,,,,,,,,COMPLETE
551,551,0.7670558798999166,2025-01-01 19:23:31.776161,2025-01-01 19:23:40.379176,0 days 00:00:08.603015,2,80,30.0,,,,,,,,,2,4.0,,,,,,,,,COMPLETE
552,552,0.8199236827149469,2025-01-01 19:23:40.379663,2025-01-01 19:23:49.020420,0 days 00:00:08.640757,2,85,35.0,,,,,,,,,2,4.0,,,,,,,,,COMPLETE
553,553,0.8177983624183276,2025-01-01 19:23:49.021152,2025-01-01 19:23:57.639321,0 days 00:00:08.618169,2,90,55.0,,,,,,,,,2,4.0,,,,,,,,,COMPLETE
554,554,0.8094850065189048,2025-01-01 19:23:57.639836,2025-01-01 19:24:06.241736,0 days 00:00:08.601900,2,85,40.0,,,,,,,,,2,4.0,,,,,,,,,COMPLETE
555,555,0.59375,2025-01-01 19:24:06.242344,2025-01-01 19:24:18.104563,0 days 00:00:11.862219,2,75,35.0,,,,,,,,,6,4.0,,,,,,,,,COMPLETE
556,556,0.7521929824561404,2025-01-01 19:24:18.105114,2025-01-01 19:24:28.852329,0 days 00:00:10.747215,3,80,35.0,10.0,,,,,,,,2,4.0,2.0,,,,,,,,COMPLETE
557,557,0.8188034188034188,2025-01-01 19:24:28.852875,2025-01-01 19:24:37.460526,0 days 00:00:08.607651,2,90,85.0,,,,,,,,,2,4.0,,,,,,,,,COMPLETE
558,558,0.8333333333333334,2025-01-01 19:24:37.461024,2025-01-01 19:24:46.103650,0 days 00:00:08.642626,2,85,35.0,,,,,,,,,2,4.0,,,,,,,,,COMPLETE
559,559,0.8069377789003958,2025-01-01 19:24:46.104167,2025-01-01 19:24:54.714898,0 days 00:00:08.610731,2,55,60.0,,,,,,,,,2,4.0,,,,,,,,,COMPLETE
560,560,0.8303436179542374,2025-01-01 19:24:54.715512,2025-01-01 19:25:07.810760,0 days 00:00:13.095248,3,90,40.0,25.0,,,,,,,,2,4.0,4.0,,,,,,,,COMPLETE
561,561,0.8558558558558559,2025-01-01 19:25:07.811295,2025-01-01 19:25:17.747179,0 days 00:00:09.935884,2,85,25.0,,,,,,,,,2,5.0,,,,,,,,,COMPLETE
562,562,0.8482441471571907,2025-01-01 19:25:17.747830,2025-01-01 19:25:27.611777,0 days 00:00:09.863947,2,90,20.0,,,,,,,,,2,5.0,,,,,,,,,COMPLETE
563,563,0.8054554390563565,2025-01-01 19:25:27.612299,2025-01-01 19:25:36.843446,0 days 00:00:09.231147,2,85,15.0,,,,,,,,,2,5.0,,,,,,,,,COMPLETE
564,564,0.7050232165470662,2025-01-01 19:25:36.843955,2025-01-01 19:25:46.760558,0 days 00:00:09.916603,2,95,10.0,,,,,,,,,2,5.0,,,,,,,,,COMPLETE
565,565,0.8213716108452951,2025-01-01 19:25:46.761167,2025-01-01 19:25:56.770279,0 days 00:00:10.009112,2,90,30.0,,,,,,,,,2,5.0,,,,,,,,,COMPLETE
566,566,0.8321861684693543,2025-01-01 19:25:56.770812,2025-01-01 19:26:06.762940,0 days 00:00:09.992128,2,95,20.0,,,,,,,,,2,5.0,,,,,,,,,COMPLETE
567,567,0.818121693121693,2025-01-01 19:26:06.763414,2025-01-01 19:26:16.833420,0 days 00:00:10.070006,2,90,45.0,,,,,,,,,2,5.0,,,,,,,,,COMPLETE
568,568,0.7910571121580297,2025-01-01 19:26:16.833953,2025-01-01 19:26:26.844511,0 days 00:00:10.010558,2,95,25.0,,,,,,,,,2,5.0,,,,,,,,,COMPLETE
569,569,0.8247987117552334,2025-01-01 19:26:26.845010,2025-01-01 19:26:34.153784,0 days 00:00:07.308774,2,100,25.0,,,,,,,,,2,5.0,,,,,,,,,COMPLETE
570,570,0.7602363866610384,2025-01-01 19:26:34.154301,2025-01-01 19:26:44.201808,0 days 00:00:10.047507,2,95,45.0,,,,,,,,,2,5.0,,,,,,,,,COMPLETE
571,571,0.8325962325962326,2025-01-01 19:26:44.202474,2025-01-01 19:26:54.171852,0 days 00:00:09.969378,2,85,50.0,,,,,,,,,2,5.0,,,,,,,,,COMPLETE
572,572,0.7914918610505118,2025-01-01 19:26:54.172352,2025-01-01 19:27:04.184753,0 days 00:00:10.012401,2,90,25.0,,,,,,,,,2,5.0,,,,,,,,,COMPLETE
573,573,0.8293967714528462,2025-01-01 19:27:04.185354,2025-01-01 19:27:14.173387,0 days 00:00:09.988033,2,100,50.0,,,,,,,,,2,5.0,,,,,,,,,COMPLETE
574,574,0.7635610766045549,2025-01-01 19:27:14.173904,2025-01-01 19:27:24.774879,0 days 00:00:10.600975,2,80,20.0,,,,,,,,,2,5.0,,,,,,,,,COMPLETE
575,575,0.7885018545395904,2025-01-01 19:27:24.775395,2025-01-01 19:27:33.104944,0 days 00:00:08.329549,2,95,55.0,,,,,,,,,2,4.0,,,,,,,,,COMPLETE
576,576,0.8230516817063167,2025-01-01 19:27:33.105441,2025-01-01 19:27:41.401485,0 days 00:00:08.296044,2,100,30.0,,,,,,,,,2,4.0,,,,,,,,,COMPLETE
577,577,0.8581566204708633,2025-01-01 19:27:41.402091,2025-01-01 19:27:50.407771,0 days 00:00:09.005680,2,65,55.0,,,,,,,,,2,5.0,,,,,,,,,COMPLETE
578,578,0.8210526315789474,2025-01-01 19:27:50.408376,2025-01-01 19:27:58.766920,0 days 00:00:08.358544,2,95,55.0,,,,,,,,,2,4.0,,,,,,,,,COMPLETE
579,579,0.777504105090312,2025-01-01 19:27:58.767427,2025-01-01 19:28:07.087320,0 days 00:00:08.319893,2,65,60.0,,,,,,,,,2,4.0,,,,,,,,,COMPLETE
580,580,0.7802896218825423,2025-01-01 19:28:07.087893,2025-01-01 19:28:15.362416,0 days 00:00:08.274523,2,65,50.0,,,,,,,,,2,4.0,,,,,,,,,COMPLETE
581,581,0.7352916770392499,2025-01-01 19:28:15.362921,2025-01-01 19:28:22.758064,0 days 00:00:07.395143,2,100,55.0,,,,,,,,,2,5.0,,,,,,,,,COMPLETE
582,582,0.7872602065912444,2025-01-01 19:28:22.758763,2025-01-01 19:28:31.075014,0 days 00:00:08.316251,2,95,60.0,,,,,,,,,2,4.0,,,,,,,,,COMPLETE
583,583,0.8053779308083292,2025-01-01 19:28:31.075492,2025-01-01 19:28:39.385676,0 days 00:00:08.310184,2,55,55.0,,,,,,,,,2,4.0,,,,,,,,,COMPLETE
584,584,0.7797979797979798,2025-01-01 19:28:39.386281,2025-01-01 19:28:49.015228,0 days 00:00:09.628947,2,75,55.0,,,,,,,,,2,5.0,,,,,,,,,COMPLETE
585,585,0.7649957519116397,2025-01-01 19:28:49.015734,2025-01-01 19:28:57.367897,0 days 00:00:08.352163,2,100,60.0,,,,,,,,,2,4.0,,,,,,,,,COMPLETE
586,586,0.7959746794351567,2025-01-01 19:28:57.368414,2025-01-01 19:29:07.010145,0 days 00:00:09.641731,2,95,50.0,,,,,,,,,2,5.0,,,,,,,,,COMPLETE
587,587,0.8065114709851552,2025-01-01 19:29:07.010661,2025-01-01 19:29:15.333121,0 days 00:00:08.322460,2,100,60.0,,,,,,,,,2,4.0,,,,,,,,,COMPLETE
588,588,0.7294795810668182,2025-01-01 19:29:15.333724,2025-01-01 19:29:23.648716,0 days 00:00:08.314992,2,50,40.0,,,,,,,,,2,4.0,,,,,,,,,COMPLETE
589,589,0.8505897771952817,2025-01-01 19:29:23.649192,2025-01-01 19:29:31.979013,0 days 00:00:08.329821,2,95,45.0,,,,,,,,,2,4.0,,,,,,,,,COMPLETE
590,590,0.8239382239382239,2025-01-01 19:29:31.979501,2025-01-01 19:29:40.307709,0 days 00:00:08.328208,2,70,55.0,,,,,,,,,2,4.0,,,,,,,,,COMPLETE
591,591,0.8272584511116621,2025-01-01 19:29:40.308198,2025-01-01 19:29:49.542727,0 days 00:00:09.234529,2,100,50.0,,,,,,,,,2,6.0,,,,,,,,,COMPLETE
592,592,0.7850975375759515,2025-01-01 19:29:49.543237,2025-01-01 19:29:55.651046,0 days 00:00:06.107809,2,70,35.0,,,,,,,,,2,2.0,,,,,,,,,COMPLETE
593,593,0.8161268556005399,2025-01-01 19:29:55.651678,2025-01-01 19:30:05.344585,0 days 00:00:09.692907,2,100,65.0,,,,,,,,,2,5.0,,,,,,,,,COMPLETE
594,594,0.8074074074074074,2025-01-01 19:30:05.345166,2025-01-01 19:30:13.684193,0 days 00:00:08.339027,2,60,95.0,,,,,,,,,2,4.0,,,,,,,,,COMPLETE
595,595,0.8042787181029298,2025-01-01 19:30:13.684924,2025-01-01 19:30:22.029735,0 days 00:00:08.344811,2,90,55.0,,,,,,,,,2,4.0,,,,,,,,,COMPLETE
596,596,0.8000661211670386,2025-01-01 19:30:22.030372,2025-01-01 19:30:30.367155,0 days 00:00:08.336783,2,95,90.0,,,,,,,,,2,4.0,,,,,,,,,COMPLETE
597,597,0.7735087719298246,2025-01-01 19:30:30.367643,2025-01-01 19:30:38.701447,0 days 00:00:08.333804,2,100,50.0,,,,,,,,,2,4.0,,,,,,,,,COMPLETE
598,598,0.8399703801217706,2025-01-01 19:30:38.701951,2025-01-01 19:30:47.051964,0 days 00:00:08.350013,2,90,55.0,,,,,,,,,2,4.0,,,,,,,,,COMPLETE
599,599,0.7926228114907361,2025-01-01 19:30:47.052470,2025-01-01 19:31:01.830821,0 days 00:00:14.778351,3,100,60.0,75.0,,,,,,,,2,5.0,6.0,,,,,,,,COMPLETE
600,600,0.828715775749674,2025-01-01 19:31:01.831334,2025-01-01 19:31:10.132684,0 days 00:00:08.301350,2,95,60.0,,,,,,,,,2,4.0,,,,,,,,,COMPLETE
601,601,0.8235053235053236,2025-01-01 19:31:10.133262,2025-01-01 19:31:19.737584,0 days 00:00:09.604322,2,95,55.0,,,,,,,,,2,5.0,,,,,,,,,COMPLETE
602,602,0.7686628383921248,2025-01-01 19:31:19.738105,2025-01-01 19:31:28.027757,0 days 00:00:08.289652,2,95,45.0,,,,,,,,,2,4.0,,,,,,,,,COMPLETE
603,603,0.8276403936812505,2025-01-01 19:31:28.028263,2025-01-01 19:31:36.323222,0 days 00:00:08.294959,2,100,100.0,,,,,,,,,2,4.0,,,,,,,,,COMPLETE
604,604,0.7661654135338346,2025-01-01 19:31:36.323871,2025-01-01 19:31:40.327736,0 days 00:00:04.003865,1,90,,,,,,,,,,2,,,,,,,,,,COMPLETE
605,605,0.7173773129525343,2025-01-01 19:31:40.328218,2025-01-01 19:32:10.147905,0 days 00:00:29.819687,7,65,50.0,70.0,35.0,95.0,95.0,30.0,,,,2,5.0,2.0,5.0,6.0,5.0,3.0,,,,COMPLETE
606,606,0.7568181818181818,2025-01-01 19:32:10.148724,2025-01-01 19:32:23.635778,0 days 00:00:13.487054,3,100,65.0,95.0,,,,,,,,2,4.0,6.0,,,,,,,,COMPLETE
607,607,0.8075158786167961,2025-01-01 19:32:23.636310,2025-01-01 19:32:27.631018,0 days 00:00:03.994708,1,60,,,,,,,,,,2,,,,,,,,,,COMPLETE
608,608,0.8161705551086083,2025-01-01 19:32:27.631489,2025-01-01 19:32:34.269010,0 days 00:00:06.637521,2,95,40.0,,,,,,,,,2,3.0,,,,,,,,,COMPLETE
609,609,0.8161030595813205,2025-01-01 19:32:34.269601,2025-01-01 19:32:42.006860,0 days 00:00:07.737259,2,100,55.0,,,,,,,,,2,4.0,,,,,,,,,COMPLETE
610,610,0.8,2025-01-01 19:32:42.007364,2025-01-01 19:32:52.372506,0 days 00:00:10.365142,3,90,35.0,80.0,,,,,,,,2,4.0,2.0,,,,,,,,COMPLETE
611,611,0.8182494421026532,2025-01-01 19:32:52.373018,2025-01-01 19:32:56.371452,0 days 00:00:03.998434,1,95,,,,,,,,,,2,,,,,,,,,,COMPLETE
612,612,0.8336287463744763,2025-01-01 19:32:56.371920,2025-01-01 19:33:03.516330,0 days 00:00:07.144410,2,100,50.0,,,,,,,,,2,3.0,,,,,,,,,COMPLETE
613,613,0.8273809523809523,2025-01-01 19:33:03.516830,2025-01-01 19:33:13.147421,0 days 00:00:09.630591,2,75,60.0,,,,,,,,,2,5.0,,,,,,,,,COMPLETE
614,614,0.8182945992887272,2025-01-01 19:33:13.148102,2025-01-01 19:33:21.463629,0 days 00:00:08.315527,2,100,55.0,,,,,,,,,2,4.0,,,,,,,,,COMPLETE
615,615,0.8194534808067664,2025-01-01 19:33:21.464149,2025-01-01 19:33:25.455514,0 days 00:00:03.991365,1,40,,,,,,,,,,2,,,,,,,,,,COMPLETE
616,616,0.8070796460176992,2025-01-01 19:33:25.455999,2025-01-01 19:33:33.758232,0 days 00:00:08.302233,2,95,45.0,,,,,,,,,2,4.0,,,,,,,,,COMPLETE
617,617,0.7279411764705883,2025-01-01 19:33:33.758839,2025-01-01 19:33:42.994905,0 days 00:00:09.236066,2,100,60.0,,,,,,,,,2,6.0,,,,,,,,,COMPLETE
618,618,0.6417748917748918,2025-01-01 19:33:42.995426,2025-01-01 19:33:59.514396,0 days 00:00:16.518970,5,95,50.0,90.0,10.0,15.0,,,,,,2,4.0,6.0,2.0,2.0,,,,,,COMPLETE
619,619,0.7643209246982832,2025-01-01 19:33:59.515001,2025-01-01 19:34:03.792463,0 days 00:00:04.277462,1,90,,,,,,,,,,2,,,,,,,,,,COMPLETE
620,620,0.8052277941658472,2025-01-01 19:34:03.792970,2025-01-01 19:34:10.900821,0 days 00:00:07.107851,1,100,,,,,,,,,,6,,,,,,,,,,COMPLETE
621,621,0.8141498606328906,2025-01-01 19:34:10.901303,2025-01-01 19:34:20.517488,0 days 00:00:09.616185,2,95,55.0,,,,,,,,,2,5.0,,,,,,,,,COMPLETE
622,622,0.771286013198133,2025-01-01 19:34:20.518022,2025-01-01 19:34:24.531686,0 days 00:00:04.013664,1,100,,,,,,,,,,2,,,,,,,,,,COMPLETE
623,623,0.824255389172289,2025-01-01 19:34:24.532170,2025-01-01 19:34:32.837928,0 days 00:00:08.305758,2,80,50.0,,,,,,,,,2,4.0,,,,,,,,,COMPLETE
624,624,0.7963963963963965,2025-01-01 19:34:32.838522,2025-01-01 19:34:41.178844,0 days 00:00:08.340322,2,95,60.0,,,,,,,,,2,4.0,,,,,,,,,COMPLETE
625,625,0.8188034188034188,2025-01-01 19:34:41.179501,2025-01-01 19:34:49.446029,0 days 00:00:08.266528,2,90,55.0,,,,,,,,,2,4.0,,,,,,,,,COMPLETE
626,626,0.8223270440251573,2025-01-01 19:34:49.446520,2025-01-01 19:34:53.464702,0 days 00:00:04.018182,1,100,,,,,,,,,,2,,,,,,,,,,COMPLETE
627,627,0.7789059425423062,2025-01-01 19:34:53.465300,2025-01-01 19:35:04.443908,0 days 00:00:10.978608,3,60,30.0,65.0,,,,,,,,2,5.0,2.0,,,,,,,,COMPLETE
628,628,0.7870279146141215,2025-01-01 19:35:04.444532,2025-01-01 19:35:12.730950,0 days 00:00:08.286418,2,90,90.0,,,,,,,,,2,4.0,,,,,,,,,COMPLETE
629,629,0.6612783505154639,2025-01-01 19:35:12.731566,2025-01-01 19:35:53.588945,0 days 00:00:40.857379,9,100,40.0,100.0,20.0,25.0,60.0,60.0,60.0,25.0,,2,4.0,5.0,4.0,5.0,3.0,6.0,4.0,3.0,,COMPLETE
630,630,0.754985754985755,2025-01-01 19:35:53.589688,2025-01-01 19:35:57.593911,0 days 00:00:04.004223,1,100,,,,,,,,,,2,,,,,,,,,,COMPLETE
631,631,0.8378246753246753,2025-01-01 19:35:57.594358,2025-01-01 19:36:06.568835,0 days 00:00:08.974477,2,95,65.0,,,,,,,,,2,5.0,,,,,,,,,COMPLETE
632,632,0.8105648110524177,2025-01-01 19:36:06.569448,2025-01-01 19:36:14.869034,0 days 00:00:08.299586,2,100,45.0,,,,,,,,,2,4.0,,,,,,,,,COMPLETE
633,633,0.8467971096858001,2025-01-01 19:36:14.869541,2025-01-01 19:36:18.882830,0 days 00:00:04.013289,1,95,,,,,,,,,,2,,,,,,,,,,COMPLETE
634,634,0.7730848861283643,2025-01-01 19:36:18.883427,2025-01-01 19:36:27.194239,0 days 00:00:08.310812,2,90,55.0,,,,,,,,,2,4.0,,,,,,,,,COMPLETE
635,635,0.8196428571428571,2025-01-01 19:36:27.194720,2025-01-01 19:36:32.653612,0 days 00:00:05.458892,2,100,50.0,,,,,,,,,2,4.0,,,,,,,,,COMPLETE
636,636,0.8165137614678899,2025-01-01 19:36:32.654149,2025-01-01 19:36:36.676447,0 days 00:00:04.022298,1,95,,,,,,,,,,2,,,,,,,,,,COMPLETE
637,637,0.7850225413257639,2025-01-01 19:36:36.677044,2025-01-01 19:36:46.352680,0 days 00:00:09.675636,2,90,60.0,,,,,,,,,2,5.0,,,,,,,,,COMPLETE
638,638,0.8290979946415524,2025-01-01 19:36:46.353296,2025-01-01 19:36:54.637888,0 days 00:00:08.284592,2,100,35.0,,,,,,,,,2,4.0,,,,,,,,,COMPLETE
639,639,0.8387425658453695,2025-01-01 19:36:54.638393,2025-01-01 19:36:58.641421,0 days 00:00:04.003028,1,100,,,,,,,,,,2,,,,,,,,,,COMPLETE
640,640,0.8035535535535536,2025-01-01 19:36:58.641944,2025-01-01 19:37:08.320365,0 days 00:00:09.678421,2,95,95.0,,,,,,,,,2,5.0,,,,,,,,,COMPLETE
641,641,0.8256895978730475,2025-01-01 19:37:08.320887,2025-01-01 19:37:16.636418,0 days 00:00:08.315531,2,90,55.0,,,,,,,,,2,4.0,,,,,,,,,COMPLETE
642,642,0.5871794871794872,2025-01-01 19:37:16.637052,2025-01-01 19:37:51.016176,0 days 00:00:34.379124,7,70,50.0,85.0,90.0,85.0,50.0,40.0,,,,5,4.0,3.0,6.0,6.0,5.0,5.0,,,,COMPLETE
643,643,0.8152542372881356,2025-01-01 19:37:51.016772,2025-01-01 19:37:59.294000,0 days 00:00:08.277228,2,95,65.0,,,,,,,,,2,4.0,,,,,,,,,COMPLETE
644,644,0.8279383763198893,2025-01-01 19:37:59.294499,2025-01-01 19:38:03.296822,0 days 00:00:04.002323,1,100,,,,,,,,,,2,,,,,,,,,,COMPLETE
645,645,0.8071911196911197,2025-01-01 19:38:03.297464,2025-01-01 19:38:18.190754,0 days 00:00:14.893290,3,100,60.0,55.0,,,,,,,,4,4.0,5.0,,,,,,,,COMPLETE
646,646,0.7996030105036804,2025-01-01 19:38:18.191450,2025-01-01 19:38:27.828252,0 days 00:00:09.636802,2,85,40.0,,,,,,,,,2,5.0,,,,,,,,,COMPLETE
647,647,0.796281127129751,2025-01-01 19:38:27.828882,2025-01-01 19:38:31.813547,0 days 00:00:03.984665,1,80,,,,,,,,,,2,,,,,,,,,,COMPLETE
648,648,0.7999008182494421,2025-01-01 19:38:31.814060,2025-01-01 19:38:40.087436,0 days 00:00:08.273376,2,95,55.0,,,,,,,,,2,4.0,,,,,,,,,COMPLETE
649,649,0.8001142204454597,2025-01-01 19:38:40.087972,2025-01-01 19:38:49.644711,0 days 00:00:09.556739,2,95,35.0,,,,,,,,,2,5.0,,,,,,,,,COMPLETE
650,650,0.7601965601965602,2025-01-01 19:38:49.645229,2025-01-01 19:38:53.639569,0 days 00:00:03.994340,1,45,,,,,,,,,,2,,,,,,,,,,COMPLETE
651,651,0.8250201126307322,2025-01-01 19:38:53.640154,2025-01-01 19:39:05.004989,0 days 00:00:11.364835,3,100,30.0,60.0,,,,,,,,2,4.0,3.0,,,,,,,,COMPLETE
652,652,0.8002645502645502,2025-01-01 19:39:05.005654,2025-01-01 19:39:13.255658,0 days 00:00:08.250004,2,90,50.0,,,,,,,,,2,4.0,,,,,,,,,COMPLETE
653,653,0.788888888888889,2025-01-01 19:39:13.256172,2025-01-01 19:39:36.284881,0 days 00:00:23.028709,6,100,45.0,30.0,75.0,40.0,30.0,,,,,2,3.0,6.0,3.0,5.0,2.0,,,,,COMPLETE
654,654,0.7927781392322707,2025-01-01 19:39:36.285537,2025-01-01 19:39:40.279411,0 days 00:00:03.993874,1,95,,,,,,,,,,2,,,,,,,,,,COMPLETE
655,655,0.8266434892541087,2025-01-01 19:39:40.280059,2025-01-01 19:39:48.565426,0 days 00:00:08.285367,2,100,60.0,,,,,,,,,2,4.0,,,,,,,,,COMPLETE
656,656,0.810428849902534,2025-01-01 19:39:48.565943,2025-01-01 19:39:58.152113,0 days 00:00:09.586170,2,95,55.0,,,,,,,,,2,5.0,,,,,,,,,COMPLETE
657,657,0.6674957875310921,2025-01-01 19:39:58.152742,2025-01-01 19:40:31.481167,0 days 00:00:33.328425,8,85,60.0,45.0,95.0,70.0,10.0,15.0,70.0,,,2,4.0,2.0,6.0,6.0,6.0,4.0,6.0,,,COMPLETE
658,658,0.8125834445927904,2025-01-01 19:40:31.481927,2025-01-01 19:40:35.485810,0 days 00:00:04.003883,1,90,,,,,,,,,,2,,,,,,,,,,COMPLETE
659,659,0.7811671087533156,2025-01-01 19:40:35.486306,2025-01-01 19:40:43.781982,0 days 00:00:08.295676,2,95,55.0,,,,,,,,,2,4.0,,,,,,,,,COMPLETE
660,660,0.8340572715572716,2025-01-01 19:40:43.782507,2025-01-01 19:40:53.369681,0 days 00:00:09.587174,2,65,70.0,,,,,,,,,2,5.0,,,,,,,,,COMPLETE
661,661,0.7962962962962963,2025-01-01 19:40:53.370316,2025-01-01 19:40:57.377272,0 days 00:00:04.006956,1,100,,,,,,,,,,2,,,,,,,,,,COMPLETE
662,662,0.7322515212981744,2025-01-01 19:40:57.377814,2025-01-01 19:41:05.642472,0 days 00:00:08.264658,2,100,45.0,,,,,,,,,2,4.0,,,,,,,,,COMPLETE
663,663,0.8308578104138852,2025-01-01 19:41:05.642961,2025-01-01 19:41:13.945104,0 days 00:00:08.302143,2,90,55.0,,,,,,,,,2,4.0,,,,,,,,,COMPLETE
664,664,0.7982655552749011,2025-01-01 19:41:13.945612,2025-01-01 19:41:17.963023,0 days 00:00:04.017411,1,95,,,,,,,,,,2,,,,,,,,,,COMPLETE
665,665,0.8125418060200669,2025-01-01 19:41:17.963774,2025-01-01 19:41:27.189514,0 days 00:00:09.225740,2,85,90.0,,,,,,,,,2,6.0,,,,,,,,,COMPLETE
666,666,0.7837837837837838,2025-01-01 19:41:27.190139,2025-01-01 19:41:41.325522,0 days 00:00:14.135383,3,100,85.0,75.0,,,,,,,,2,5.0,5.0,,,,,,,,COMPLETE
667,667,0.8303436179542374,2025-01-01 19:41:41.326134,2025-01-01 19:41:49.578955,0 days 00:00:08.252821,2,95,40.0,,,,,,,,,2,4.0,,,,,,,,,COMPLETE
668,668,0.812280701754386,2025-01-01 19:41:49.579620,2025-01-01 19:41:53.608708,0 days 00:00:04.029088,1,75,,,,,,,,,,2,,,,,,,,,,COMPLETE
669,669,0.8109600679694138,2025-01-01 19:41:53.609211,2025-01-01 19:42:01.893023,0 days 00:00:08.283812,2,55,50.0,,,,,,,,,2,4.0,,,,,,,,,COMPLETE
670,670,0.81632110579479,2025-01-01 19:42:01.893550,2025-01-01 19:42:10.185767,0 days 00:00:08.292217,2,100,65.0,,,,,,,,,2,4.0,,,,,,,,,COMPLETE
671,671,0.7627329192546584,2025-01-01 19:42:10.186332,2025-01-01 19:42:19.833603,0 days 00:00:09.647271,2,100,60.0,,,,,,,,,2,5.0,,,,,,,,,COMPLETE
672,672,0.7873525557011796,2025-01-01 19:42:19.834125,2025-01-01 19:42:23.821725,0 days 00:00:03.987600,1,95,,,,,,,,,,2,,,,,,,,,,COMPLETE
673,673,0.8127400233761897,2025-01-01 19:42:23.822216,2025-01-01 19:42:27.772263,0 days 00:00:03.950047,1,90,,,,,,,,,,2,,,,,,,,,,COMPLETE
674,674,0.8593109105824446,2025-01-01 19:42:27.772752,2025-01-01 19:42:33.778279,0 days 00:00:06.005527,2,100,50.0,,,,,,,,,2,2.0,,,,,,,,,COMPLETE
675,675,0.8198051948051948,2025-01-01 19:42:33.778775,2025-01-01 19:42:39.804192,0 days 00:00:06.025417,2,100,50.0,,,,,,,,,2,2.0,,,,,,,,,COMPLETE
676,676,0.8571185864763846,2025-01-01 19:42:39.804802,2025-01-01 19:42:45.823550,0 days 00:00:06.018748,2,100,45.0,,,,,,,,,2,2.0,,,,,,,,,COMPLETE
677,677,0.8310810810810811,2025-01-01 19:42:45.824070,2025-01-01 19:42:51.822115,0 days 00:00:05.998045,2,100,50.0,,,,,,,,,2,2.0,,,,,,,,,COMPLETE
678,678,0.7735849056603774,2025-01-01 19:42:51.822808,2025-01-01 19:42:55.781587,0 days 00:00:03.958779,1,100,,,,,,,,,,2,,,,,,,,,,COMPLETE
679,679,0.7616161616161616,2025-01-01 19:42:55.782095,2025-01-01 19:43:02.798992,0 days 00:00:07.016897,2,100,45.0,,,,,,,,,2,3.0,,,,,,,,,COMPLETE
680,680,0.7762301918265222,2025-01-01 19:43:02.799499,2025-01-01 19:43:11.223847,0 days 00:00:08.424348,3,100,45.0,50.0,,,,,,,,2,2.0,3.0,,,,,,,,COMPLETE
681,681,0.764641718409129,2025-01-01 19:43:11.224477,2025-01-01 19:43:18.666232,0 days 00:00:07.441755,1,100,,,,,,,,,,5,,,,,,,,,,COMPLETE
682,682,0.6903267342668598,2025-01-01 19:43:18.666757,2025-01-01 19:43:54.964993,0 days 00:00:36.298236,10,100,45.0,95.0,25.0,35.0,75.0,25.0,30.0,80.0,95.0,2,6.0,6.0,4.0,3.0,6.0,4.0,5.0,5.0,4.0,COMPLETE
683,683,0.757703081232493,2025-01-01 19:43:54.965708,2025-01-01 19:44:00.588830,0 days 00:00:05.623122,2,100,45.0,,,,,,,,,2,2.0,,,,,,,,,COMPLETE
684,684,0.7703977798334876,2025-01-01 19:44:00.589335,2025-01-01 19:44:06.602956,0 days 00:00:06.013621,2,100,50.0,,,,,,,,,2,2.0,,,,,,,,,COMPLETE
685,685,0.8072745642839101,2025-01-01 19:44:06.603468,2025-01-01 19:44:10.561465,0 days 00:00:03.957997,1,85,,,,,,,,,,2,,,,,,,,,,COMPLETE
686,686,0.7612870619946093,2025-01-01 19:44:10.562158,2025-01-01 19:44:16.540886,0 days 00:00:05.978728,2,100,50.0,,,,,,,,,2,2.0,,,,,,,,,COMPLETE
687,687,0.7871068152031455,2025-01-01 19:44:16.541383,2025-01-01 19:44:22.541714,0 days 00:00:06.000331,2,95,50.0,,,,,,,,,2,2.0,,,,,,,,,COMPLETE
688,688,0.8090751301760477,2025-01-01 19:44:22.542419,2025-01-01 19:44:26.489444,0 days 00:00:03.947025,1,100,,,,,,,,,,2,,,,,,,,,,COMPLETE
689,689,0.8300183720744468,2025-01-01 19:44:26.490042,2025-01-01 19:44:32.512078,0 days 00:00:06.022036,2,100,45.0,,,,,,,,,2,2.0,,,,,,,,,COMPLETE
690,690,0.8054054054054054,2025-01-01 19:44:32.512581,2025-01-01 19:44:38.473269,0 days 00:00:05.960688,2,15,50.0,,,,,,,,,2,2.0,,,,,,,,,COMPLETE
691,691,0.8529931800959838,2025-01-01 19:44:38.473796,2025-01-01 19:44:42.425104,0 days 00:00:03.951308,1,80,,,,,,,,,,2,,,,,,,,,,COMPLETE
692,692,0.8054054054054054,2025-01-01 19:44:42.425628,2025-01-01 19:44:48.411869,0 days 00:00:05.986241,2,85,45.0,,,,,,,,,2,2.0,,,,,,,,,COMPLETE
693,693,0.7756892230576441,2025-01-01 19:44:48.412377,2025-01-01 19:44:54.423223,0 days 00:00:06.010846,2,25,50.0,,,,,,,,,2,2.0,,,,,,,,,COMPLETE
694,694,0.8725587553790135,2025-01-01 19:44:54.423736,2025-01-01 19:44:58.381033,0 days 00:00:03.957297,1,95,,,,,,,,,,2,,,,,,,,,,COMPLETE
695,695,0.8325143325143325,2025-01-01 19:44:58.381519,2025-01-01 19:45:02.343291,0 days 00:00:03.961772,1,90,,,,,,,,,,2,,,,,,,,,,COMPLETE
696,696,0.8420329670329669,2025-01-01 19:45:02.343760,2025-01-01 19:45:06.323077,0 days 00:00:03.979317,1,95,,,,,,,,,,2,,,,,,,,,,COMPLETE
697,697,0.7182539682539683,2025-01-01 19:45:06.323538,2025-01-01 19:45:13.356686,0 days 00:00:07.033148,1,95,,,,,,,,,,6,,,,,,,,,,COMPLETE
698,698,0.8124850514231046,2025-01-01 19:45:13.357290,2025-01-01 19:45:25.405229,0 days 00:00:12.047939,4,95,55.0,55.0,15.0,,,,,,,2,3.0,2.0,3.0,,,,,,,COMPLETE
699,699,0.7938720988478878,2025-01-01 19:45:25.405788,2025-01-01 19:45:29.360717,0 days 00:00:03.954929,1,90,,,,,,,,,,2,,,,,,,,,,COMPLETE
700,700,0.7697368421052632,2025-01-01 19:45:29.361207,2025-01-01 19:45:33.317925,0 days 00:00:03.956718,1,95,,,,,,,,,,2,,,,,,,,,,COMPLETE
701,701,0.8288961038961038,2025-01-01 19:45:33.318586,2025-01-01 19:45:37.267770,0 days 00:00:03.949184,1,95,,,,,,,,,,2,,,,,,,,,,COMPLETE
702,702,0.8258284445853814,2025-01-01 19:45:37.268253,2025-01-01 19:45:41.189877,0 days 00:00:03.921624,1,35,,,,,,,,,,2,,,,,,,,,,COMPLETE
703,703,0.8403403403403403,2025-01-01 19:45:41.190366,2025-01-01 19:45:45.146304,0 days 00:00:03.955938,1,90,,,,,,,,,,2,,,,,,,,,,COMPLETE
704,704,0.8610038610038611,2025-01-01 19:45:45.146819,2025-01-01 19:45:49.095434,0 days 00:00:03.948615,1,70,,,,,,,,,,2,,,,,,,,,,COMPLETE
705,705,0.8226495726495726,2025-01-01 19:45:49.096072,2025-01-01 19:45:53.049928,0 days 00:00:03.953856,1,80,,,,,,,,,,2,,,,,,,,,,COMPLETE
706,706,0.8348484848484848,2025-01-01 19:45:53.050420,2025-01-01 19:45:57.003960,0 days 00:00:03.953540,1,70,,,,,,,,,,2,,,,,,,,,,COMPLETE
707,707,0.7781782437745741,2025-01-01 19:45:57.004460,2025-01-01 19:46:00.968387,0 days 00:00:03.963927,1,95,,,,,,,,,,2,,,,,,,,,,COMPLETE
708,708,0.8177910052910053,2025-01-01 19:46:00.968913,2025-01-01 19:46:04.896101,0 days 00:00:03.927188,1,90,,,,,,,,,,2,,,,,,,,,,COMPLETE
709,709,0.8,2025-01-01 19:46:04.896603,2025-01-01 19:46:11.010882,0 days 00:00:06.114279,1,95,,,,,,,,,,4,,,,,,,,,,COMPLETE
710,710,0.8569243840271877,2025-01-01 19:46:11.011445,2025-01-01 19:46:14.959947,0 days 00:00:03.948502,1,85,,,,,,,,,,2,,,,,,,,,,COMPLETE
711,711,0.8285714285714285,2025-01-01 19:46:14.960428,2025-01-01 19:46:18.917958,0 days 00:00:03.957530,1,75,,,,,,,,,,2,,,,,,,,,,COMPLETE
712,712,0.8325958702064897,2025-01-01 19:46:18.918417,2025-01-01 19:46:22.886907,0 days 00:00:03.968490,1,95,,,,,,,,,,2,,,,,,,,,,COMPLETE
713,713,0.7226615544372554,2025-01-01 19:46:22.887466,2025-01-01 19:46:27.246091,0 days 00:00:04.358625,1,5,,,,,,,,,,2,,,,,,,,,,COMPLETE
714,714,0.8333205078876491,2025-01-01 19:46:27.246586,2025-01-01 19:46:31.199187,0 days 00:00:03.952601,1,90,,,,,,,,,,2,,,,,,,,,,COMPLETE
715,715,0.7889197608823777,2025-01-01 19:46:31.199681,2025-01-01 19:46:35.159659,0 days 00:00:03.959978,1,85,,,,,,,,,,2,,,,,,,,,,COMPLETE
716,716,0.7777015437392796,2025-01-01 19:46:35.160151,2025-01-01 19:46:39.105855,0 days 00:00:03.945704,1,90,,,,,,,,,,2,,,,,,,,,,COMPLETE
717,717,0.8107493707883413,2025-01-01 19:46:39.106350,2025-01-01 19:46:43.068806,0 days 00:00:03.962456,1,80,,,,,,,,,,2,,,,,,,,,,COMPLETE
718,718,0.7727272727272727,2025-01-01 19:46:43.069301,2025-01-01 19:46:47.037836,0 days 00:00:03.968535,1,95,,,,,,,,,,2,,,,,,,,,,COMPLETE
719,719,0.8202514441046551,2025-01-01 19:46:47.038434,2025-01-01 19:46:51.005529,0 days 00:00:03.967095,1,95,,,,,,,,,,2,,,,,,,,,,COMPLETE
720,720,0.821560093739538,2025-01-01 19:46:51.006340,2025-01-01 19:46:54.961453,0 days 00:00:03.955113,1,90,,,,,,,,,,2,,,,,,,,,,COMPLETE
721,721,0.7795733678086619,2025-01-01 19:46:54.962038,2025-01-01 19:46:58.924549,0 days 00:00:03.962511,1,85,,,,,,,,,,2,,,,,,,,,,COMPLETE
722,722,0.8349751620779657,2025-01-01 19:46:58.925144,2025-01-01 19:47:02.855981,0 days 00:00:03.930837,1,100,,,,,,,,,,2,,,,,,,,,,COMPLETE
723,723,0.7705649574808453,2025-01-01 19:47:02.856560,2025-01-01 19:47:15.340697,0 days 00:00:12.484137,4,95,90.0,80.0,70.0,,,,,,,2,3.0,4.0,2.0,,,,,,,COMPLETE
724,724,0.8636363636363635,2025-01-01 19:47:15.341356,2025-01-01 19:47:19.282385,0 days 00:00:03.941029,1,100,,,,,,,,,,2,,,,,,,,,,COMPLETE
725,725,0.783875943817488,2025-01-01 19:47:19.282903,2025-01-01 19:47:23.237753,0 days 00:00:03.954850,1,100,,,,,,,,,,2,,,,,,,,,,COMPLETE
726,726,0.8303436179542374,2025-01-01 19:47:23.238255,2025-01-01 19:47:27.195954,0 days 00:00:03.957699,1,100,,,,,,,,,,2,,,,,,,,,,COMPLETE
727,727,0.8319327731092436,2025-01-01 19:47:27.196448,2025-01-01 19:47:31.143311,0 days 00:00:03.946863,1,100,,,,,,,,,,2,,,,,,,,,,COMPLETE
728,728,0.8699324324324325,2025-01-01 19:47:31.143812,2025-01-01 19:47:35.090735,0 days 00:00:03.946923,1,100,,,,,,,,,,2,,,,,,,,,,COMPLETE
729,729,0.8250201126307322,2025-01-01 19:47:35.091238,2025-01-01 19:47:39.021158,0 days 00:00:03.929920,1,100,,,,,,,,,,2,,,,,,,,,,COMPLETE
730,730,0.8161705551086083,2025-01-01 19:47:39.021655,2025-01-01 19:47:42.971924,0 days 00:00:03.950269,1,100,,,,,,,,,,2,,,,,,,,,,COMPLETE
731,731,0.8620021891049928,2025-01-01 19:47:42.972420,2025-01-01 19:47:46.931917,0 days 00:00:03.959497,1,100,,,,,,,,,,2,,,,,,,,,,COMPLETE
732,732,0.8479111750139787,2025-01-01 19:47:46.932423,2025-01-01 19:47:50.890978,0 days 00:00:03.958555,1,95,,,,,,,,,,2,,,,,,,,,,COMPLETE
733,733,0.8072390572390573,2025-01-01 19:47:50.891481,2025-01-01 19:47:54.839350,0 days 00:00:03.947869,1,100,,,,,,,,,,2,,,,,,,,,,COMPLETE
734,734,0.8506961506961507,2025-01-01 19:47:54.839871,2025-01-01 19:47:58.795275,0 days 00:00:03.955404,1,95,,,,,,,,,,2,,,,,,,,,,COMPLETE
735,735,0.8378510378510379,2025-01-01 19:47:58.795782,2025-01-01 19:48:02.750930,0 days 00:00:03.955148,1,100,,,,,,,,,,2,,,,,,,,,,COMPLETE
736,736,0.8309424520433695,2025-01-01 19:48:02.751427,2025-01-01 19:48:06.702927,0 days 00:00:03.951500,1,95,,,,,,,,,,2,,,,,,,,,,COMPLETE
737,737,0.8425790962874047,2025-01-01 19:48:06.703436,2025-01-01 19:48:10.658240,0 days 00:00:03.954804,1,100,,,,,,,,,,2,,,,,,,,,,COMPLETE
738,738,0.8105648110524177,2025-01-01 19:48:10.658929,2025-01-01 19:48:14.611625,0 days 00:00:03.952696,1,95,,,,,,,,,,2,,,,,,,,,,COMPLETE
739,739,0.8363095238095238,2025-01-01 19:48:14.612135,2025-01-01 19:48:18.566838,0 days 00:00:03.954703,1,100,,,,,,,,,,2,,,,,,,,,,COMPLETE
740,740,0.8387425658453695,2025-01-01 19:48:18.567341,2025-01-01 19:48:22.526526,0 days 00:00:03.959185,1,100,,,,,,,,,,2,,,,,,,,,,COMPLETE
741,741,0.8195989283104652,2025-01-01 19:48:22.527057,2025-01-01 19:48:26.458563,0 days 00:00:03.931506,1,10,,,,,,,,,,2,,,,,,,,,,COMPLETE
742,742,0.8213716108452951,2025-01-01 19:48:26.459234,2025-01-01 19:48:30.412086,0 days 00:00:03.952852,1,95,,,,,,,,,,2,,,,,,,,,,COMPLETE
743,743,0.8128128128128128,2025-01-01 19:48:30.412605,2025-01-01 19:48:34.364266,0 days 00:00:03.951661,1,100,,,,,,,,,,2,,,,,,,,,,COMPLETE
744,744,0.8525943396226415,2025-01-01 19:48:34.364776,2025-01-01 19:48:38.331124,0 days 00:00:03.966348,1,100,,,,,,,,,,2,,,,,,,,,,COMPLETE
745,745,0.8493493493493494,2025-01-01 19:48:38.331635,2025-01-01 19:48:42.294522,0 days 00:00:03.962887,1,95,,,,,,,,,,2,,,,,,,,,,COMPLETE
746,746,0.8181818181818182,2025-01-01 19:48:42.295058,2025-01-01 19:48:47.272411,0 days 00:00:04.977353,1,95,,,,,,,,,,3,,,,,,,,,,COMPLETE
747,747,0.8469420949902408,2025-01-01 19:48:47.272915,2025-01-01 19:48:51.225298,0 days 00:00:03.952383,1,100,,,,,,,,,,2,,,,,,,,,,COMPLETE
748,748,0.8288874430709174,2025-01-01 19:48:51.225817,2025-01-01 19:48:55.180823,0 days 00:00:03.955006,1,100,,,,,,,,,,2,,,,,,,,,,COMPLETE
749,749,0.7963782366437233,2025-01-01 19:48:55.181333,2025-01-01 19:48:59.137790,0 days 00:00:03.956457,1,95,,,,,,,,,,2,,,,,,,,,,COMPLETE
750,750,0.7706414405443531,2025-01-01 19:48:59.138290,2025-01-01 19:49:05.259363,0 days 00:00:06.121073,1,95,,,,,,,,,,4,,,,,,,,,,COMPLETE
751,751,0.860774818401937,2025-01-01 19:49:05.259852,2025-01-01 19:49:09.209165,0 days 00:00:03.949313,1,100,,,,,,,,,,2,,,,,,,,,,COMPLETE
752,752,0.8347371967654986,2025-01-01 19:49:09.209638,2025-01-01 19:49:13.158726,0 days 00:00:03.949088,1,100,,,,,,,,,,2,,,,,,,,,,COMPLETE
753,753,0.8595542445099967,2025-01-01 19:49:13.159323,2025-01-01 19:49:17.115460,0 days 00:00:03.956137,1,95,,,,,,,,,,2,,,,,,,,,,COMPLETE
754,754,0.8078097529379107,2025-01-01 19:49:17.116069,2025-01-01 19:49:21.072346,0 days 00:00:03.956277,1,100,,,,,,,,,,2,,,,,,,,,,COMPLETE
755,755,0.8018178729187904,2025-01-01 19:49:21.072952,2025-01-01 19:49:24.777870,0 days 00:00:03.704918,1,90,,,,,,,,,,2,,,,,,,,,,COMPLETE
756,756,0.8221739856403407,2025-01-01 19:49:24.778395,2025-01-01 19:49:28.741434,0 days 00:00:03.963039,1,100,,,,,,,,,,2,,,,,,,,,,COMPLETE
757,757,0.8710493046776233,2025-01-01 19:49:28.742131,2025-01-01 19:49:32.699891,0 days 00:00:03.957760,1,95,,,,,,,,,,2,,,,,,,,,,COMPLETE
758,758,0.84785568413887,2025-01-01 19:49:32.700401,2025-01-01 19:49:36.661757,0 days 00:00:03.961356,1,90,,,,,,,,,,2,,,,,,,,,,COMPLETE
759,759,0.8325962325962326,2025-01-01 19:49:36.662263,2025-01-01 19:49:40.621992,0 days 00:00:03.959729,1,95,,,,,,,,,,2,,,,,,,,,,COMPLETE
760,760,0.8148846780416703,2025-01-01 19:49:40.622506,2025-01-01 19:49:44.580022,0 days 00:00:03.957516,1,90,,,,,,,,,,2,,,,,,,,,,COMPLETE
761,761,0.8051724137931034,2025-01-01 19:49:44.580631,2025-01-01 19:49:48.541051,0 days 00:00:03.960420,1,95,,,,,,,,,,2,,,,,,,,,,COMPLETE
762,762,0.8199106054449411,2025-01-01 19:49:48.541548,2025-01-01 19:49:52.501003,0 days 00:00:03.959455,1,90,,,,,,,,,,2,,,,,,,,,,COMPLETE
763,763,0.7982655552749011,2025-01-01 19:49:52.501515,2025-01-01 19:49:56.454465,0 days 00:00:03.952950,1,95,,,,,,,,,,2,,,,,,,,,,COMPLETE
764,764,0.8361469712015889,2025-01-01 19:49:56.454977,2025-01-01 19:50:00.413260,0 days 00:00:03.958283,1,90,,,,,,,,,,2,,,,,,,,,,COMPLETE
765,765,0.8202514441046551,2025-01-01 19:50:00.413808,2025-01-01 19:50:04.393983,0 days 00:00:03.980175,1,95,,,,,,,,,,2,,,,,,,,,,COMPLETE
766,766,0.8343025705857564,2025-01-01 19:50:04.394492,2025-01-01 19:50:08.349117,0 days 00:00:03.954625,1,95,,,,,,,,,,2,,,,,,,,,,COMPLETE
767,767,0.8202514441046551,2025-01-01 19:50:08.349624,2025-01-01 19:50:12.284601,0 days 00:00:03.934977,1,95,,,,,,,,,,2,,,,,,,,,,COMPLETE
768,768,0.8302353410450738,2025-01-01 19:50:12.285120,2025-01-01 19:50:16.245046,0 days 00:00:03.959926,1,90,,,,,,,,,,2,,,,,,,,,,COMPLETE
769,769,0.8091931216931216,2025-01-01 19:50:16.245559,2025-01-01 19:50:20.187866,0 days 00:00:03.942307,1,95,,,,,,,,,,2,,,,,,,,,,COMPLETE
770,770,0.8182263196540752,2025-01-01 19:50:20.188375,2025-01-01 19:50:25.133839,0 days 00:00:04.945464,1,95,,,,,,,,,,3,,,,,,,,,,COMPLETE
771,771,0.8352425876010782,2025-01-01 19:50:25.134343,2025-01-01 19:50:28.837626,0 days 00:00:03.703283,1,90,,,,,,,,,,2,,,,,,,,,,COMPLETE
772,772,0.8142414860681115,2025-01-01 19:50:28.838163,2025-01-01 19:50:32.794947,0 days 00:00:03.956784,1,90,,,,,,,,,,2,,,,,,,,,,COMPLETE
773,773,0.7928571428571429,2025-01-01 19:50:32.795509,2025-01-01 19:50:36.757222,0 days 00:00:03.961713,1,95,,,,,,,,,,2,,,,,,,,,,COMPLETE
774,774,0.7982300884955753,2025-01-01 19:50:36.757750,2025-01-01 19:50:40.714698,0 days 00:00:03.956948,1,95,,,,,,,,,,2,,,,,,,,,,COMPLETE
775,775,0.8558441558441559,2025-01-01 19:50:40.715219,2025-01-01 19:50:44.670692,0 days 00:00:03.955473,1,100,,,,,,,,,,2,,,,,,,,,,COMPLETE
776,776,0.7906715126341295,2025-01-01 19:50:44.671225,2025-01-01 19:50:48.640632,0 days 00:00:03.969407,1,95,,,,,,,,,,2,,,,,,,,,,COMPLETE
777,777,0.8247987117552334,2025-01-01 19:50:48.641381,2025-01-01 19:50:52.603616,0 days 00:00:03.962235,1,90,,,,,,,,,,2,,,,,,,,,,COMPLETE
778,778,0.8202380952380952,2025-01-01 19:50:52.604174,2025-01-01 19:50:56.564559,0 days 00:00:03.960385,1,100,,,,,,,,,,2,,,,,,,,,,COMPLETE
779,779,0.8161030595813205,2025-01-01 19:50:56.565090,2025-01-01 19:51:00.518749,0 days 00:00:03.953659,1,95,,,,,,,,,,2,,,,,,,,,,COMPLETE
780,780,0.815929203539823,2025-01-01 19:51:00.519274,2025-01-01 19:51:04.226471,0 days 00:00:03.707197,1,100,,,,,,,,,,2,,,,,,,,,,COMPLETE
781,781,0.8017857142857143,2025-01-01 19:51:04.227187,2025-01-01 19:51:08.188905,0 days 00:00:03.961718,1,95,,,,,,,,,,2,,,,,,,,,,COMPLETE
782,782,0.8763351134846462,2025-01-01 19:51:08.189488,2025-01-01 19:51:12.150405,0 days 00:00:03.960917,1,100,,,,,,,,,,2,,,,,,,,,,COMPLETE
783,783,0.8137931034482759,2025-01-01 19:51:12.150995,2025-01-01 19:51:16.106876,0 days 00:00:03.955881,1,70,,,,,,,,,,2,,,,,,,,,,COMPLETE
784,784,0.8017857142857143,2025-01-01 19:51:16.107382,2025-01-01 19:51:20.068738,0 days 00:00:03.961356,1,100,,,,,,,,,,2,,,,,,,,,,COMPLETE
785,785,0.8336192109777016,2025-01-01 19:51:20.069228,2025-01-01 19:51:24.023698,0 days 00:00:03.954470,1,95,,,,,,,,,,2,,,,,,,,,,COMPLETE
786,786,0.809276566285912,2025-01-01 19:51:24.024179,2025-01-01 19:51:27.986011,0 days 00:00:03.961832,1,90,,,,,,,,,,2,,,,,,,,,,COMPLETE
787,787,0.8198051948051948,2025-01-01 19:51:27.986492,2025-01-01 19:51:31.687398,0 days 00:00:03.700906,1,100,,,,,,,,,,2,,,,,,,,,,COMPLETE
788,788,0.8520514883346741,2025-01-01 19:51:31.687924,2025-01-01 19:51:35.631870,0 days 00:00:03.943946,1,100,,,,,,,,,,2,,,,,,,,,,COMPLETE
789,789,0.7724867724867726,2025-01-01 19:51:35.632399,2025-01-01 19:51:39.569098,0 days 00:00:03.936699,1,100,,,,,,,,,,2,,,,,,,,,,COMPLETE
790,790,0.8134615384615385,2025-01-01 19:51:39.569605,2025-01-01 19:51:43.515007,0 days 00:00:03.945402,1,95,,,,,,,,,,2,,,,,,,,,,COMPLETE
791,791,0.8378378378378378,2025-01-01 19:51:43.515526,2025-01-01 19:51:47.465384,0 days 00:00:03.949858,1,90,,,,,,,,,,2,,,,,,,,,,COMPLETE
792,792,0.7944565035899149,2025-01-01 19:51:47.465909,2025-01-01 19:51:51.408984,0 days 00:00:03.943075,1,50,,,,,,,,,,2,,,,,,,,,,COMPLETE
793,793,0.7871189773844641,2025-01-01 19:51:51.409501,2025-01-01 19:51:55.087799,0 days 00:00:03.678298,1,75,,,,,,,,,,2,,,,,,,,,,COMPLETE
794,794,0.842985842985843,2025-01-01 19:51:55.088281,2025-01-01 19:51:59.047764,0 days 00:00:03.959483,1,100,,,,,,,,,,2,,,,,,,,,,COMPLETE
795,795,0.8461288223812622,2025-01-01 19:51:59.048245,2025-01-01 19:52:03.010827,0 days 00:00:03.962582,1,95,,,,,,,,,,2,,,,,,,,,,COMPLETE
796,796,0.8310258548790659,2025-01-01 19:52:03.011562,2025-01-01 19:52:06.966553,0 days 00:00:03.954991,1,100,,,,,,,,,,2,,,,,,,,,,COMPLETE
797,797,0.7082228116710876,2025-01-01 19:52:06.967036,2025-01-01 19:52:27.765727,0 days 00:00:20.798691,5,95,70.0,70.0,40.0,60.0,,,,,,2,6.0,5.0,5.0,2.0,,,,,,COMPLETE
798,798,0.8251287001287001,2025-01-01 19:52:27.766441,2025-01-01 19:52:31.719755,0 days 00:00:03.953314,1,90,,,,,,,,,,2,,,,,,,,,,COMPLETE
799,799,0.8520514883346741,2025-01-01 19:52:31.720294,2025-01-01 19:53:04.424466,0 days 00:00:32.704172,9,100,70.0,65.0,100.0,45.0,95.0,80.0,45.0,20.0,,2,3.0,6.0,2.0,6.0,2.0,6.0,3.0,2.0,,COMPLETE
800,800,0.8622895622895623,2025-01-01 19:53:04.425247,2025-01-01 19:53:08.417339,0 days 00:00:03.992092,1,95,,,,,,,,,,2,,,,,,,,,,COMPLETE
801,801,0.7996030105036804,2025-01-01 19:53:08.417858,2025-01-01 19:53:12.419821,0 days 00:00:04.001963,1,95,,,,,,,,,,2,,,,,,,,,,COMPLETE
802,802,0.8307142857142857,2025-01-01 19:53:12.420329,2025-01-01 19:53:16.428415,0 days 00:00:04.008086,1,95,,,,,,,,,,2,,,,,,,,,,COMPLETE
803,803,0.8332761578044596,2025-01-01 19:53:16.428948,2025-01-01 19:53:20.444314,0 days 00:00:04.015366,1,95,,,,,,,,,,2,,,,,,,,,,COMPLETE
804,804,0.7979287698913867,2025-01-01 19:53:20.444813,2025-01-01 19:53:24.457643,0 days 00:00:04.012830,1,100,,,,,,,,,,2,,,,,,,,,,COMPLETE
805,805,0.8203058623619371,2025-01-01 19:53:24.458264,2025-01-01 19:53:28.484122,0 days 00:00:04.025858,1,95,,,,,,,,,,2,,,,,,,,,,COMPLETE
806,806,0.8254208754208754,2025-01-01 19:53:28.484648,2025-01-01 19:53:32.495797,0 days 00:00:04.011149,1,100,,,,,,,,,,2,,,,,,,,,,COMPLETE
807,807,0.8687448728465956,2025-01-01 19:53:32.496496,2025-01-01 19:53:36.463736,0 days 00:00:03.967240,1,100,,,,,,,,,,2,,,,,,,,,,COMPLETE
808,808,0.8333333333333333,2025-01-01 19:53:36.464265,2025-01-01 19:53:40.444174,0 days 00:00:03.979909,1,95,,,,,,,,,,2,,,,,,,,,,COMPLETE
809,809,0.8075295362369952,2025-01-01 19:53:40.444695,2025-01-01 19:53:44.408192,0 days 00:00:03.963497,1,95,,,,,,,,,,2,,,,,,,,,,COMPLETE
810,810,0.7544117647058823,2025-01-01 19:53:44.408712,2025-01-01 19:53:51.878733,0 days 00:00:07.470021,1,100,,,,,,,,,,5,,,,,,,,,,COMPLETE
811,811,0.829933110367893,2025-01-01 19:53:51.879363,2025-01-01 19:53:55.829359,0 days 00:00:03.949996,1,95,,,,,,,,,,2,,,,,,,,,,COMPLETE
812,812,0.7576086956521739,2025-01-01 19:53:55.829884,2025-01-01 19:54:00.815310,0 days 00:00:04.985426,1,100,,,,,,,,,,3,,,,,,,,,,COMPLETE
813,813,0.8454417720472767,2025-01-01 19:54:00.815846,2025-01-01 19:54:04.808008,0 days 00:00:03.992162,1,95,,,,,,,,,,2,,,,,,,,,,COMPLETE
814,814,0.7677830940988836,2025-01-01 19:54:04.808593,2025-01-01 19:54:08.757034,0 days 00:00:03.948441,1,100,,,,,,,,,,2,,,,,,,,,,COMPLETE
815,815,0.823495655025414,2025-01-01 19:54:08.757666,2025-01-01 19:54:12.689943,0 days 00:00:03.932277,1,100,,,,,,,,,,2,,,,,,,,,,COMPLETE
816,816,0.794392523364486,2025-01-01 19:54:12.690525,2025-01-01 19:54:16.650958,0 days 00:00:03.960433,1,95,,,,,,,,,,2,,,,,,,,,,COMPLETE
817,817,0.8151839248095933,2025-01-01 19:54:16.651549,2025-01-01 19:54:20.610141,0 days 00:00:03.958592,1,95,,,,,,,,,,2,,,,,,,,,,COMPLETE
818,818,0.7597966879816362,2025-01-01 19:54:20.610757,2025-01-01 19:54:26.760541,0 days 00:00:06.149784,1,100,,,,,,,,,,4,,,,,,,,,,COMPLETE
819,819,0.8372274143302181,2025-01-01 19:54:26.761077,2025-01-01 19:54:30.717150,0 days 00:00:03.956073,1,100,,,,,,,,,,2,,,,,,,,,,COMPLETE
820,820,0.8287732402370707,2025-01-01 19:54:30.717681,2025-01-01 19:54:34.683438,0 days 00:00:03.965757,1,95,,,,,,,,,,2,,,,,,,,,,COMPLETE
821,821,0.8219349457881568,2025-01-01 19:54:34.683968,2025-01-01 19:54:38.641036,0 days 00:00:03.957068,1,100,,,,,,,,,,2,,,,,,,,,,COMPLETE
822,822,0.823495655025414,2025-01-01 19:54:38.641570,2025-01-01 19:54:42.596869,0 days 00:00:03.955299,1,95,,,,,,,,,,2,,,,,,,,,,COMPLETE
823,823,0.7160186108341642,2025-01-01 19:54:42.597377,2025-01-01 19:54:49.657391,0 days 00:00:07.060014,1,100,,,,,,,,,,6,,,,,,,,,,COMPLETE
824,824,0.8302353410450738,2025-01-01 19:54:49.657924,2025-01-01 19:54:53.640077,0 days 00:00:03.982153,1,100,,,,,,,,,,2,,,,,,,,,,COMPLETE
825,825,0.8251287001287001,2025-01-01 19:54:53.640691,2025-01-01 19:55:11.994818,0 days 00:00:18.354127,6,95,65.0,85.0,5.0,75.0,20.0,,,,,2,3.0,2.0,3.0,3.0,4.0,,,,,COMPLETE
826,826,0.816283573292919,2025-01-01 19:55:11.995896,2025-01-01 19:55:15.941133,0 days 00:00:03.945237,1,100,,,,,,,,,,2,,,,,,,,,,COMPLETE
827,827,0.7650723840938245,2025-01-01 19:55:15.941756,2025-01-01 19:55:19.891916,0 days 00:00:03.950160,1,95,,,,,,,,,,2,,,,,,,,,,COMPLETE
828,828,0.7980041847738613,2025-01-01 19:55:19.892447,2025-01-01 19:55:23.840983,0 days 00:00:03.948536,1,90,,,,,,,,,,2,,,,,,,,,,COMPLETE
829,829,0.6683473389355743,2025-01-01 19:55:23.841511,2025-01-01 19:55:36.278066,0 days 00:00:12.436555,4,60,75.0,5.0,65.0,,,,,,,2,3.0,4.0,6.0,,,,,,,COMPLETE
830,830,0.8068438003220613,2025-01-01 19:55:36.278790,2025-01-01 19:55:40.237780,0 days 00:00:03.958990,1,100,,,,,,,,,,2,,,,,,,,,,COMPLETE
831,831,0.7782694198623402,2025-01-01 19:55:40.238314,2025-01-01 19:55:44.193561,0 days 00:00:03.955247,1,35,,,,,,,,,,2,,,,,,,,,,COMPLETE
832,832,0.8180234005476723,2025-01-01 19:55:44.194089,2025-01-01 19:55:48.161621,0 days 00:00:03.967532,1,95,,,,,,,,,,2,,,,,,,,,,COMPLETE
833,833,0.8235053235053236,2025-01-01 19:55:48.162151,2025-01-01 19:55:51.849076,0 days 00:00:03.686925,1,95,,,,,,,,,,2,,,,,,,,,,COMPLETE
834,834,0.7318007662835249,2025-01-01 19:55:51.849584,2025-01-01 19:56:19.678585,0 days 00:00:27.829001,7,100,70.0,20.0,55.0,80.0,55.0,95.0,,,,2,3.0,3.0,4.0,4.0,5.0,5.0,,,,COMPLETE
835,835,0.8000173070266527,2025-01-01 19:56:19.679334,2025-01-01 19:56:23.630799,0 days 00:00:03.951465,1,95,,,,,,,,,,2,,,,,,,,,,COMPLETE
836,836,0.8430662805662805,2025-01-01 19:56:23.631328,2025-01-01 19:56:27.573815,0 days 00:00:03.942487,1,100,,,,,,,,,,2,,,,,,,,,,COMPLETE
837,837,0.8124850514231046,2025-01-01 19:56:27.574339,2025-01-01 19:56:31.522759,0 days 00:00:03.948420,1,90,,,,,,,,,,2,,,,,,,,,,COMPLETE
838,838,0.8074074074074074,2025-01-01 19:56:31.523475,2025-01-01 19:56:35.477087,0 days 00:00:03.953612,1,100,,,,,,,,,,2,,,,,,,,,,COMPLETE
839,839,0.8109600679694138,2025-01-01 19:56:35.477609,2025-01-01 19:56:39.434071,0 days 00:00:03.956462,1,95,,,,,,,,,,2,,,,,,,,,,COMPLETE
840,840,0.8303436179542374,2025-01-01 19:56:39.434586,2025-01-01 19:56:43.385825,0 days 00:00:03.951239,1,45,,,,,,,,,,2,,,,,,,,,,COMPLETE
841,841,0.8074413683653676,2025-01-01 19:56:43.386459,2025-01-01 19:56:47.335849,0 days 00:00:03.949390,1,100,,,,,,,,,,2,,,,,,,,,,COMPLETE
842,842,0.7928571428571429,2025-01-01 19:56:47.336371,2025-01-01 19:56:51.284962,0 days 00:00:03.948591,1,100,,,,,,,,,,2,,,,,,,,,,COMPLETE
843,843,0.7662734818698121,2025-01-01 19:56:51.285499,2025-01-01 19:56:55.250512,0 days 00:00:03.965013,1,95,,,,,,,,,,2,,,,,,,,,,COMPLETE
844,844,0.7731152204836416,2025-01-01 19:56:55.251063,2025-01-01 19:56:59.199364,0 days 00:00:03.948301,1,90,,,,,,,,,,2,,,,,,,,,,COMPLETE
845,845,0.8299065420560747,2025-01-01 19:56:59.199898,2025-01-01 19:57:03.158637,0 days 00:00:03.958739,1,100,,,,,,,,,,2,,,,,,,,,,COMPLETE
846,846,0.8054054054054054,2025-01-01 19:57:03.159194,2025-01-01 19:57:07.110748,0 days 00:00:03.951554,1,95,,,,,,,,,,2,,,,,,,,,,COMPLETE
847,847,0.7314584583726313,2025-01-01 19:57:07.111289,2025-01-01 19:57:21.745862,0 days 00:00:14.634573,3,80,65.0,90.0,,,,,,,,2,6.0,5.0,,,,,,,,COMPLETE
848,848,0.8466477041852905,2025-01-01 19:57:21.746442,2025-01-01 19:57:25.676553,0 days 00:00:03.930111,1,95,,,,,,,,,,2,,,,,,,,,,COMPLETE
849,849,0.798012129380054,2025-01-01 19:57:25.677177,2025-01-01 19:57:29.632892,0 days 00:00:03.955715,1,100,,,,,,,,,,2,,,,,,,,,,COMPLETE
850,850,0.8033033033033032,2025-01-01 19:57:29.633506,2025-01-01 19:57:33.585691,0 days 00:00:03.952185,1,90,,,,,,,,,,2,,,,,,,,,,COMPLETE
851,851,0.820074791772905,2025-01-01 19:57:33.586303,2025-01-01 19:57:37.548816,0 days 00:00:03.962513,1,90,,,,,,,,,,2,,,,,,,,,,COMPLETE
852,852,0.8015131286159323,2025-01-01 19:57:37.549424,2025-01-01 19:57:41.508305,0 days 00:00:03.958881,1,100,,,,,,,,,,2,,,,,,,,,,COMPLETE
853,853,0.8397719537100068,2025-01-01 19:57:41.508954,2025-01-01 19:57:45.471852,0 days 00:00:03.962898,1,100,,,,,,,,,,2,,,,,,,,,,COMPLETE
854,854,0.8146962233169129,2025-01-01 19:57:45.472380,2025-01-01 19:57:49.428267,0 days 00:00:03.955887,1,95,,,,,,,,,,2,,,,,,,,,,COMPLETE
855,855,0.6936688311688312,2025-01-01 19:57:49.428807,2025-01-01 19:58:23.907447,0 days 00:00:34.478640,8,75,75.0,40.0,10.0,15.0,85.0,55.0,90.0,,,2,3.0,4.0,5.0,5.0,6.0,2.0,4.0,,,COMPLETE
856,856,0.7564780539397145,2025-01-01 19:58:23.908545,2025-01-01 19:58:35.048928,0 days 00:00:11.140383,3,95,80.0,35.0,,,,,,,,2,6.0,2.0,,,,,,,,COMPLETE
857,857,0.8251247384516337,2025-01-01 19:58:35.049527,2025-01-01 19:58:38.733142,0 days 00:00:03.683615,1,100,,,,,,,,,,2,,,,,,,,,,COMPLETE
858,858,0.8092515592515592,2025-01-01 19:58:38.733759,2025-01-01 19:58:42.691161,0 days 00:00:03.957402,1,95,,,,,,,,,,2,,,,,,,,,,COMPLETE
859,859,0.8270931481940657,2025-01-01 19:58:42.691778,2025-01-01 19:58:46.651476,0 days 00:00:03.959698,1,100,,,,,,,,,,2,,,,,,,,,,COMPLETE
860,860,0.8418551294657489,2025-01-01 19:58:46.652116,2025-01-01 19:58:50.614764,0 days 00:00:03.962648,1,95,,,,,,,,,,2,,,,,,,,,,COMPLETE
861,861,0.8492910758965805,2025-01-01 19:58:50.615368,2025-01-01 19:58:54.588423,0 days 00:00:03.973055,1,100,,,,,,,,,,2,,,,,,,,,,COMPLETE
862,862,0.8293967714528462,2025-01-01 19:58:54.589038,2025-01-01 19:58:58.547042,0 days 00:00:03.958004,1,90,,,,,,,,,,2,,,,,,,,,,COMPLETE
863,863,0.8018178729187904,2025-01-01 19:58:58.547573,2025-01-01 19:59:02.506731,0 days 00:00:03.959158,1,85,,,,,,,,,,2,,,,,,,,,,COMPLETE
864,864,0.8018178729187904,2025-01-01 19:59:02.507269,2025-01-01 19:59:06.451130,0 days 00:00:03.943861,1,95,,,,,,,,,,2,,,,,,,,,,COMPLETE
865,865,0.8597640891218873,2025-01-01 19:59:06.451656,2025-01-01 19:59:10.408585,0 days 00:00:03.956929,1,100,,,,,,,,,,2,,,,,,,,,,COMPLETE
866,866,0.8559714216124057,2025-01-01 19:59:10.409133,2025-01-01 19:59:17.453359,0 days 00:00:07.044226,2,100,65.0,,,,,,,,,2,3.0,,,,,,,,,COMPLETE
867,867,0.7700581907952742,2025-01-01 19:59:17.453927,2025-01-01 19:59:21.393818,0 days 00:00:03.939891,1,95,,,,,,,,,,2,,,,,,,,,,COMPLETE
868,868,0.7706971677559913,2025-01-01 19:59:21.394354,2025-01-01 19:59:25.346289,0 days 00:00:03.951935,1,90,,,,,,,,,,2,,,,,,,,,,COMPLETE
869,869,0.8336287463744763,2025-01-01 19:59:25.347022,2025-01-01 19:59:34.804114,0 days 00:00:09.457092,3,100,70.0,75.0,,,,,,,,2,3.0,3.0,,,,,,,,COMPLETE
870,870,0.7863247863247864,2025-01-01 19:59:34.804705,2025-01-01 19:59:41.832859,0 days 00:00:07.028154,2,95,40.0,,,,,,,,,2,3.0,,,,,,,,,COMPLETE
871,871,0.788888888888889,2025-01-01 19:59:41.833606,2025-01-01 19:59:45.798646,0 days 00:00:03.965040,1,100,,,,,,,,,,2,,,,,,,,,,COMPLETE
872,872,0.8089488048962038,2025-01-01 19:59:45.799245,2025-01-01 19:59:55.346232,0 days 00:00:09.546987,2,90,65.0,,,,,,,,,2,5.0,,,,,,,,,COMPLETE
873,873,0.75,2025-01-01 19:59:55.346824,2025-01-01 20:00:02.798592,0 days 00:00:07.451768,1,100,,,,,,,,,,5,,,,,,,,,,COMPLETE
874,874,0.852012882447665,2025-01-01 20:00:02.799172,2025-01-01 20:00:11.661623,0 days 00:00:08.862451,2,40,40.0,,,,,,,,,2,5.0,,,,,,,,,COMPLETE
875,875,0.8695617144698679,2025-01-01 20:00:11.662205,2025-01-01 20:00:15.613205,0 days 00:00:03.951000,1,95,,,,,,,,,,2,,,,,,,,,,COMPLETE
876,876,0.7301652892561983,2025-01-01 20:00:15.613750,2025-01-01 20:00:31.850728,0 days 00:00:16.236978,4,20,80.0,50.0,75.0,,,,,,,2,6.0,6.0,3.0,,,,,,,COMPLETE
877,877,0.824618149146451,2025-01-01 20:00:31.851323,2025-01-01 20:00:35.795500,0 days 00:00:03.944177,1,95,,,,,,,,,,2,,,,,,,,,,COMPLETE
878,878,0.8198051948051948,2025-01-01 20:00:35.796136,2025-01-01 20:00:44.874989,0 days 00:00:09.078853,2,95,70.0,,,,,,,,,2,6.0,,,,,,,,,COMPLETE
879,879,0.843826380109566,2025-01-01 20:00:44.875575,2025-01-01 20:00:48.823070,0 days 00:00:03.947495,1,95,,,,,,,,,,2,,,,,,,,,,COMPLETE
880,880,0.8144870534251065,2025-01-01 20:00:48.823606,2025-01-01 20:00:55.839696,0 days 00:00:07.016090,2,95,100.0,,,,,,,,,2,3.0,,,,,,,,,COMPLETE
881,881,0.8558558558558559,2025-01-01 20:00:55.840441,2025-01-01 20:00:59.805665,0 days 00:00:03.965224,1,95,,,,,,,,,,2,,,,,,,,,,COMPLETE
882,882,0.803654873164219,2025-01-01 20:00:59.806204,2025-01-01 20:01:03.753612,0 days 00:00:03.947408,1,95,,,,,,,,,,2,,,,,,,,,,COMPLETE
883,883,0.8341110217216412,2025-01-01 20:01:03.754156,2025-01-01 20:01:13.247857,0 days 00:00:09.493701,2,95,65.0,,,,,,,,,2,5.0,,,,,,,,,COMPLETE
884,884,0.8143840104849279,2025-01-01 20:01:13.248560,2025-01-01 20:01:22.737360,0 days 00:00:09.488800,2,100,75.0,,,,,,,,,2,5.0,,,,,,,,,COMPLETE
885,885,0.7601965601965602,2025-01-01 20:01:22.737954,2025-01-01 20:01:36.439191,0 days 00:00:13.701237,3,100,40.0,100.0,,,,,,,,3,4.0,5.0,,,,,,,,COMPLETE
886,886,0.7982300884955753,2025-01-01 20:01:36.439805,2025-01-01 20:01:40.410245,0 days 00:00:03.970440,1,90,,,,,,,,,,2,,,,,,,,,,COMPLETE
887,887,0.8491321762349799,2025-01-01 20:01:40.410766,2025-01-01 20:01:44.359049,0 days 00:00:03.948283,1,95,,,,,,,,,,2,,,,,,,,,,COMPLETE
888,888,0.7211585665193913,2025-01-01 20:01:44.359577,2025-01-01 20:01:52.533133,0 days 00:00:08.173556,2,95,5.0,,,,,,,,,2,4.0,,,,,,,,,COMPLETE
889,889,0.806531332744925,2025-01-01 20:01:52.533712,2025-01-01 20:01:56.477919,0 days 00:00:03.944207,1,100,,,,,,,,,,2,,,,,,,,,,COMPLETE
890,890,0.8416871416871416,2025-01-01 20:01:56.478468,2025-01-01 20:02:00.437045,0 days 00:00:03.958577,1,100,,,,,,,,,,2,,,,,,,,,,COMPLETE
891,891,0.8651549247014021,2025-01-01 20:02:00.437597,2025-01-01 20:02:04.396850,0 days 00:00:03.959253,1,90,,,,,,,,,,2,,,,,,,,,,COMPLETE
892,892,0.7997351870241642,2025-01-01 20:02:04.397381,2025-01-01 20:02:11.417152,0 days 00:00:07.019771,2,90,65.0,,,,,,,,,2,3.0,,,,,,,,,COMPLETE
893,893,0.8038038038038038,2025-01-01 20:02:11.417722,2025-01-01 20:02:15.369889,0 days 00:00:03.952167,1,90,,,,,,,,,,2,,,,,,,,,,COMPLETE
894,894,0.8324868938401049,2025-01-01 20:02:15.370421,2025-01-01 20:02:23.564963,0 days 00:00:08.194542,2,90,70.0,,,,,,,,,2,4.0,,,,,,,,,COMPLETE
895,895,0.8092404330936441,2025-01-01 20:02:23.565871,2025-01-01 20:02:27.526447,0 days 00:00:03.960576,1,90,,,,,,,,,,2,,,,,,,,,,COMPLETE
896,896,0.7908918092404331,2025-01-01 20:02:27.527092,2025-01-01 20:02:37.051002,0 days 00:00:09.523910,2,90,65.0,,,,,,,,,2,5.0,,,,,,,,,COMPLETE
897,897,0.8325962325962326,2025-01-01 20:02:37.051554,2025-01-01 20:02:41.005908,0 days 00:00:03.954354,1,90,,,,,,,,,,2,,,,,,,,,,COMPLETE
898,898,0.8272584511116621,2025-01-01 20:02:41.006553,2025-01-01 20:02:49.286471,0 days 00:00:08.279918,2,90,45.0,,,,,,,,,2,4.0,,,,,,,,,COMPLETE
899,899,0.8015750588617359,2025-01-01 20:02:49.287178,2025-01-01 20:02:55.499237,0 days 00:00:06.212059,1,85,,,,,,,,,,4,,,,,,,,,,COMPLETE
900,900,0.7782694198623402,2025-01-01 20:02:55.499794,2025-01-01 20:03:16.251368,0 days 00:00:20.751574,5,85,60.0,60.0,60.0,35.0,,,,,,2,4.0,3.0,6.0,4.0,,,,,,COMPLETE
901,901,0.8296516567544605,2025-01-01 20:03:16.252069,2025-01-01 20:03:20.239482,0 days 00:00:03.987413,1,90,,,,,,,,,,2,,,,,,,,,,COMPLETE
902,902,0.809276566285912,2025-01-01 20:03:20.240024,2025-01-01 20:03:24.234411,0 days 00:00:03.994387,1,90,,,,,,,,,,2,,,,,,,,,,COMPLETE
903,903,0.8038038038038038,2025-01-01 20:03:24.234942,2025-01-01 20:03:32.510602,0 days 00:00:08.275660,2,85,40.0,,,,,,,,,2,4.0,,,,,,,,,COMPLETE
904,904,0.8064053940160134,2025-01-01 20:03:32.511182,2025-01-01 20:03:42.136626,0 days 00:00:09.625444,2,90,70.0,,,,,,,,,2,5.0,,,,,,,,,COMPLETE
905,905,0.792725501339612,2025-01-01 20:03:42.137309,2025-01-01 20:03:46.155447,0 days 00:00:04.018138,1,95,,,,,,,,,,2,,,,,,,,,,COMPLETE
906,906,0.7817460317460317,2025-01-01 20:03:46.155996,2025-01-01 20:03:59.619411,0 days 00:00:13.463415,3,95,45.0,85.0,,,,,,,,2,4.0,6.0,,,,,,,,COMPLETE
907,907,0.7617628101836932,2025-01-01 20:03:59.620275,2025-01-01 20:04:07.915112,0 days 00:00:08.294837,2,95,45.0,,,,,,,,,2,4.0,,,,,,,,,COMPLETE
908,908,0.8378246753246753,2025-01-01 20:04:07.915702,2025-01-01 20:04:11.920412,0 days 00:00:04.004710,1,90,,,,,,,,,,2,,,,,,,,,,COMPLETE
909,909,0.8144963144963145,2025-01-01 20:04:11.920956,2025-01-01 20:04:15.922836,0 days 00:00:04.001880,1,95,,,,,,,,,,2,,,,,,,,,,COMPLETE
910,910,0.8168616712306033,2025-01-01 20:04:15.923478,2025-01-01 20:04:24.240587,0 days 00:00:08.317109,2,95,40.0,,,,,,,,,2,4.0,,,,,,,,,COMPLETE
911,911,0.7970451667370199,2025-01-01 20:04:24.241166,2025-01-01 20:04:28.223726,0 days 00:00:03.982560,1,95,,,,,,,,,,2,,,,,,,,,,COMPLETE
912,912,0.8016569200779726,2025-01-01 20:04:28.224267,2025-01-01 20:04:37.468966,0 days 00:00:09.244699,2,90,75.0,,,,,,,,,2,6.0,,,,,,,,,COMPLETE
913,913,0.8180841391850566,2025-01-01 20:04:37.469550,2025-01-01 20:04:41.491485,0 days 00:00:04.021935,1,85,,,,,,,,,,2,,,,,,,,,,COMPLETE
914,914,0.8287337662337663,2025-01-01 20:04:41.492041,2025-01-01 20:04:45.499650,0 days 00:00:04.007609,1,95,,,,,,,,,,2,,,,,,,,,,COMPLETE
915,915,0.7511056511056511,2025-01-01 20:04:45.500199,2025-01-01 20:05:10.347650,0 days 00:00:24.847451,6,90,15.0,25.0,85.0,65.0,30.0,,,,,2,4.0,4.0,5.0,6.0,3.0,,,,,COMPLETE
916,916,0.774114774114774,2025-01-01 20:05:10.348542,2025-01-01 20:05:37.199712,0 days 00:00:26.851170,9,95,80.0,45.0,20.0,25.0,70.0,100.0,15.0,80.0,,2,4.0,2.0,2.0,2.0,4.0,3.0,2.0,4.0,,COMPLETE
917,917,0.7837837837837838,2025-01-01 20:05:37.200811,2025-01-01 20:05:49.877551,0 days 00:00:12.676740,2,90,65.0,,,,,,,,,6,5.0,,,,,,,,,COMPLETE
918,918,0.7999307718933887,2025-01-01 20:05:49.878144,2025-01-01 20:05:53.905550,0 days 00:00:04.027406,1,95,,,,,,,,,,2,,,,,,,,,,COMPLETE
919,919,0.7437792559743779,2025-01-01 20:05:53.906329,2025-01-01 20:06:03.199627,0 days 00:00:09.293298,2,95,65.0,,,,,,,,,3,4.0,,,,,,,,,COMPLETE
920,920,0.7711086045762165,2025-01-01 20:06:03.200205,2025-01-01 20:06:19.100451,0 days 00:00:15.900246,4,95,10.0,10.0,35.0,,,,,,,2,5.0,3.0,4.0,,,,,,,COMPLETE
921,921,0.8411812961443806,2025-01-01 20:06:19.101264,2025-01-01 20:06:23.125503,0 days 00:00:04.024239,1,100,,,,,,,,,,2,,,,,,,,,,COMPLETE
922,922,0.8159504265250281,2025-01-01 20:06:23.126097,2025-01-01 20:06:27.136433,0 days 00:00:04.010336,1,85,,,,,,,,,,2,,,,,,,,,,COMPLETE
923,923,0.7535474234503361,2025-01-01 20:06:27.137007,2025-01-01 20:06:35.450634,0 days 00:00:08.313627,2,95,60.0,,,,,,,,,2,4.0,,,,,,,,,COMPLETE
924,924,0.8124850514231046,2025-01-01 20:06:35.451320,2025-01-01 20:06:39.207871,0 days 00:00:03.756551,1,100,,,,,,,,,,2,,,,,,,,,,COMPLETE
925,925,0.8219349457881568,2025-01-01 20:06:39.208422,2025-01-01 20:06:45.833720,0 days 00:00:06.625298,2,90,45.0,,,,,,,,,2,3.0,,,,,,,,,COMPLETE
926,926,0.7533783783783784,2025-01-01 20:06:45.834447,2025-01-01 20:07:24.358204,0 days 00:00:38.523757,10,95,60.0,30.0,95.0,85.0,40.0,50.0,75.0,50.0,40.0,2,5.0,5.0,3.0,3.0,5.0,6.0,6.0,3.0,2.0,COMPLETE
927,927,0.70096717932456,2025-01-01 20:07:24.359540,2025-01-01 20:07:51.894048,0 days 00:00:27.534508,7,100,75.0,80.0,45.0,90.0,50.0,10.0,,,,2,4.0,4.0,6.0,5.0,2.0,2.0,,,,COMPLETE
928,928,0.7906271656271656,2025-01-01 20:07:51.894915,2025-01-01 20:07:55.912622,0 days 00:00:04.017707,1,100,,,,,,,,,,2,,,,,,,,,,COMPLETE
929,929,0.7981821106821108,2025-01-01 20:07:55.913208,2025-01-01 20:08:05.575583,0 days 00:00:09.662375,2,30,60.0,,,,,,,,,2,5.0,,,,,,,,,COMPLETE
930,930,0.7511875511875512,2025-01-01 20:08:05.576164,2025-01-01 20:08:11.798872,0 days 00:00:06.222708,1,90,,,,,,,,,,4,,,,,,,,,,COMPLETE
931,931,0.7976957782790848,2025-01-01 20:08:11.799441,2025-01-01 20:08:15.790402,0 days 00:00:03.990961,1,100,,,,,,,,,,2,,,,,,,,,,COMPLETE
932,932,0.8392344497607656,2025-01-01 20:08:15.790968,2025-01-01 20:08:24.088455,0 days 00:00:08.297487,2,95,45.0,,,,,,,,,2,4.0,,,,,,,,,COMPLETE
933,933,0.8036697247706422,2025-01-01 20:08:24.089042,2025-01-01 20:08:28.098622,0 days 00:00:04.009580,1,90,,,,,,,,,,2,,,,,,,,,,COMPLETE
934,934,0.7927781392322707,2025-01-01 20:08:28.099181,2025-01-01 20:08:36.412096,0 days 00:00:08.312915,2,100,65.0,,,,,,,,,2,4.0,,,,,,,,,COMPLETE
935,935,0.7463029066802651,2025-01-01 20:08:36.412680,2025-01-01 20:08:40.157675,0 days 00:00:03.744995,1,25,,,,,,,,,,2,,,,,,,,,,COMPLETE
936,936,0.8177983624183276,2025-01-01 20:08:40.158223,2025-01-01 20:08:47.286392,0 days 00:00:07.128169,2,95,70.0,,,,,,,,,2,3.0,,,,,,,,,COMPLETE
937,937,0.8430662805662805,2025-01-01 20:08:47.287080,2025-01-01 20:08:51.305215,0 days 00:00:04.018135,1,100,,,,,,,,,,2,,,,,,,,,,COMPLETE
938,938,0.7355498721227622,2025-01-01 20:08:51.305996,2025-01-01 20:09:04.748683,0 days 00:00:13.442687,3,90,50.0,90.0,,,,,,,,2,4.0,6.0,,,,,,,,COMPLETE
939,939,0.8280741704619389,2025-01-01 20:09:04.749411,2025-01-01 20:09:08.768822,0 days 00:00:04.019411,1,85,,,,,,,,,,2,,,,,,,,,,COMPLETE
940,940,0.7478696741854636,2025-01-01 20:09:08.769398,2025-01-01 20:09:18.483656,0 days 00:00:09.714258,3,95,40.0,60.0,,,,,,,,2,4.0,2.0,,,,,,,,COMPLETE
941,941,0.8303436179542374,2025-01-01 20:09:18.484370,2025-01-01 20:09:26.807766,0 days 00:00:08.323396,2,95,80.0,,,,,,,,,2,4.0,,,,,,,,,COMPLETE
942,942,0.7207380197027884,2025-01-01 20:09:26.808466,2025-01-01 20:09:34.381272,0 days 00:00:07.572806,1,100,,,,,,,,,,5,,,,,,,,,,COMPLETE
943,943,0.7926435609921849,2025-01-01 20:09:34.381884,2025-01-01 20:09:38.390894,0 days 00:00:04.009010,1,95,,,,,,,,,,2,,,,,,,,,,COMPLETE
944,944,0.8108108108108109,2025-01-01 20:09:38.391482,2025-01-01 20:09:48.027680,0 days 00:00:09.636198,2,100,60.0,,,,,,,,,2,5.0,,,,,,,,,COMPLETE
945,945,0.8429605792437651,2025-01-01 20:09:48.028283,2025-01-01 20:09:52.032570,0 days 00:00:04.004287,1,90,,,,,,,,,,2,,,,,,,,,,COMPLETE
946,946,0.8074460916442049,2025-01-01 20:09:52.033128,2025-01-01 20:10:00.350491,0 days 00:00:08.317363,2,95,85.0,,,,,,,,,2,4.0,,,,,,,,,COMPLETE
947,947,0.7999008182494421,2025-01-01 20:10:00.351105,2025-01-01 20:10:04.379643,0 days 00:00:04.028538,1,100,,,,,,,,,,2,,,,,,,,,,COMPLETE
948,948,0.7954881050041018,2025-01-01 20:10:04.380191,2025-01-01 20:10:09.432032,0 days 00:00:05.051841,1,95,,,,,,,,,,3,,,,,,,,,,COMPLETE
949,949,0.8072390572390573,2025-01-01 20:10:09.432590,2025-01-01 20:10:19.065711,0 days 00:00:09.633121,2,100,50.0,,,,,,,,,2,5.0,,,,,,,,,COMPLETE
950,950,0.8074074074074074,2025-01-01 20:10:19.066268,2025-01-01 20:10:27.394599,0 days 00:00:08.328331,2,90,45.0,,,,,,,,,2,4.0,,,,,,,,,COMPLETE
951,951,0.8597051597051597,2025-01-01 20:10:27.395390,2025-01-01 20:10:31.408862,0 days 00:00:04.013472,1,100,,,,,,,,,,2,,,,,,,,,,COMPLETE
952,952,0.7800579430226944,2025-01-01 20:10:31.409409,2025-01-01 20:10:41.038299,0 days 00:00:09.628890,2,95,60.0,,,,,,,,,2,5.0,,,,,,,,,COMPLETE
953,953,0.8166034555415087,2025-01-01 20:10:41.038996,2025-01-01 20:10:45.069782,0 days 00:00:04.030786,1,85,,,,,,,,,,2,,,,,,,,,,COMPLETE
954,954,0.8125625625625625,2025-01-01 20:10:45.070441,2025-01-01 20:10:49.086810,0 days 00:00:04.016369,1,100,,,,,,,,,,2,,,,,,,,,,COMPLETE
955,955,0.8341377091377091,2025-01-01 20:10:49.087385,2025-01-01 20:10:53.094501,0 days 00:00:04.007116,1,95,,,,,,,,,,2,,,,,,,,,,COMPLETE
956,956,0.8233125819134994,2025-01-01 20:10:53.095063,2025-01-01 20:11:00.858973,0 days 00:00:07.763910,2,100,100.0,,,,,,,,,2,4.0,,,,,,,,,COMPLETE
957,957,0.8659752692461109,2025-01-01 20:11:00.859572,2025-01-01 20:11:04.870374,0 days 00:00:04.010802,1,90,,,,,,,,,,2,,,,,,,,,,COMPLETE
958,958,0.8392857142857143,2025-01-01 20:11:04.870942,2025-01-01 20:11:13.754124,0 days 00:00:08.883182,2,90,70.0,,,,,,,,,2,4.0,,,,,,,,,COMPLETE
959,959,0.8064828253507499,2025-01-01 20:11:13.754809,2025-01-01 20:11:17.784879,0 days 00:00:04.030070,1,90,,,,,,,,,,2,,,,,,,,,,COMPLETE
960,960,0.8194534808067664,2025-01-01 20:11:17.785443,2025-01-01 20:11:21.797313,0 days 00:00:04.011870,1,85,,,,,,,,,,2,,,,,,,,,,COMPLETE
961,961,0.7686628383921248,2025-01-01 20:11:21.797891,2025-01-01 20:11:30.124360,0 days 00:00:08.326469,2,90,55.0,,,,,,,,,2,4.0,,,,,,,,,COMPLETE
962,962,0.8052277941658472,2025-01-01 20:11:30.124962,2025-01-01 20:11:39.412472,0 days 00:00:09.287510,2,85,40.0,,,,,,,,,2,6.0,,,,,,,,,COMPLETE
963,963,0.8117647058823529,2025-01-01 20:11:39.413084,2025-01-01 20:11:43.435770,0 days 00:00:04.022686,1,90,,,,,,,,,,2,,,,,,,,,,COMPLETE
964,964,0.7871902597959359,2025-01-01 20:11:43.436510,2025-01-01 20:11:47.441526,0 days 00:00:04.005016,1,90,,,,,,,,,,2,,,,,,,,,,COMPLETE
965,965,0.771551724137931,2025-01-01 20:11:47.442182,2025-01-01 20:11:55.776833,0 days 00:00:08.334651,2,90,50.0,,,,,,,,,2,4.0,,,,,,,,,COMPLETE
966,966,0.8109600679694138,2025-01-01 20:11:55.777532,2025-01-01 20:11:59.812929,0 days 00:00:04.035397,1,85,,,,,,,,,,2,,,,,,,,,,COMPLETE
967,967,0.796281127129751,2025-01-01 20:11:59.813503,2025-01-01 20:12:08.174798,0 days 00:00:08.361295,2,90,50.0,,,,,,,,,2,4.0,,,,,,,,,COMPLETE
968,968,0.8302353410450738,2025-01-01 20:12:08.175492,2025-01-01 20:12:12.187998,0 days 00:00:04.012506,1,90,,,,,,,,,,2,,,,,,,,,,COMPLETE
969,969,0.810428849902534,2025-01-01 20:12:12.188560,2025-01-01 20:12:24.076122,0 days 00:00:11.887562,3,90,45.0,100.0,,,,,,,,2,3.0,5.0,,,,,,,,COMPLETE
970,970,0.8558558558558559,2025-01-01 20:12:24.076755,2025-01-01 20:12:28.096229,0 days 00:00:04.019474,1,85,,,,,,,,,,2,,,,,,,,,,COMPLETE
971,971,0.7174472879446323,2025-01-01 20:12:28.096814,2025-01-01 20:12:44.541537,0 days 00:00:16.444723,5,90,55.0,70.0,80.0,30.0,,,,,,2,4.0,3.0,2.0,4.0,,,,,,COMPLETE
972,972,0.8325457513532091,2025-01-01 20:12:44.542284,2025-01-01 20:12:54.149909,0 days 00:00:09.607625,2,95,65.0,,,,,,,,,2,5.0,,,,,,,,,COMPLETE
973,973,0.8302625723186471,2025-01-01 20:12:54.150520,2025-01-01 20:12:58.161178,0 days 00:00:04.010658,1,90,,,,,,,,,,2,,,,,,,,,,COMPLETE
974,974,0.8328414494179374,2025-01-01 20:12:58.161751,2025-01-01 20:13:02.171963,0 days 00:00:04.010212,1,85,,,,,,,,,,2,,,,,,,,,,COMPLETE
975,975,0.823489010989011,2025-01-01 20:13:02.172522,2025-01-01 20:13:10.473865,0 days 00:00:08.301343,2,95,75.0,,,,,,,,,2,4.0,,,,,,,,,COMPLETE
976,976,0.8490990990990992,2025-01-01 20:13:10.474454,2025-01-01 20:13:14.473256,0 days 00:00:03.998802,1,95,,,,,,,,,,2,,,,,,,,,,COMPLETE
977,977,0.8220720720720721,2025-01-01 20:13:14.473823,2025-01-01 20:13:22.804892,0 days 00:00:08.331069,2,90,60.0,,,,,,,,,2,4.0,,,,,,,,,COMPLETE
978,978,0.8143560295324037,2025-01-01 20:13:22.805699,2025-01-01 20:13:26.818601,0 days 00:00:04.012902,1,95,,,,,,,,,,2,,,,,,,,,,COMPLETE
979,979,0.8088624338624338,2025-01-01 20:13:26.819174,2025-01-01 20:13:36.471251,0 days 00:00:09.652077,2,95,45.0,,,,,,,,,2,5.0,,,,,,,,,COMPLETE
980,980,0.8089098272584512,2025-01-01 20:13:36.471963,2025-01-01 20:13:40.465865,0 days 00:00:03.993902,1,95,,,,,,,,,,2,,,,,,,,,,COMPLETE
981,981,0.8429605792437651,2025-01-01 20:13:40.466406,2025-01-01 20:13:44.476973,0 days 00:00:04.010567,1,90,,,,,,,,,,2,,,,,,,,,,COMPLETE
982,982,0.8324856439704675,2025-01-01 20:13:44.477643,2025-01-01 20:13:52.764656,0 days 00:00:08.287013,2,85,55.0,,,,,,,,,2,4.0,,,,,,,,,COMPLETE
983,983,0.8161705551086083,2025-01-01 20:13:52.765261,2025-01-01 20:14:06.681722,0 days 00:00:13.916461,3,95,40.0,95.0,,,,,,,,2,4.0,5.0,,,,,,,,COMPLETE
984,984,0.8295107033639144,2025-01-01 20:14:06.682336,2025-01-01 20:14:10.662085,0 days 00:00:03.979749,1,90,,,,,,,,,,2,,,,,,,,,,COMPLETE
985,985,0.8071529333665256,2025-01-01 20:14:10.662638,2025-01-01 20:14:18.974843,0 days 00:00:08.312205,2,95,55.0,,,,,,,,,2,4.0,,,,,,,,,COMPLETE
986,986,0.8053779308083292,2025-01-01 20:14:18.975425,2025-01-01 20:14:22.995011,0 days 00:00:04.019586,1,90,,,,,,,,,,2,,,,,,,,,,COMPLETE
987,987,0.7952542372881356,2025-01-01 20:14:22.995552,2025-01-01 20:14:32.224853,0 days 00:00:09.229301,2,95,65.0,,,,,,,,,2,6.0,,,,,,,,,COMPLETE
988,988,0.812280701754386,2025-01-01 20:14:32.225454,2025-01-01 20:14:36.245689,0 days 00:00:04.020235,1,95,,,,,,,,,,2,,,,,,,,,,COMPLETE
989,989,0.8107493707883413,2025-01-01 20:14:36.246214,2025-01-01 20:14:40.232931,0 days 00:00:03.986717,1,90,,,,,,,,,,2,,,,,,,,,,COMPLETE
990,990,0.8033060611120388,2025-01-01 20:14:40.233579,2025-01-01 20:14:48.568710,0 days 00:00:08.335131,2,95,50.0,,,,,,,,,2,4.0,,,,,,,,,COMPLETE
991,991,0.8340579710144927,2025-01-01 20:14:48.569306,2025-01-01 20:14:52.578852,0 days 00:00:04.009546,1,95,,,,,,,,,,2,,,,,,,,,,COMPLETE
992,992,0.8144963144963145,2025-01-01 20:14:52.579636,2025-01-01 20:14:56.556431,0 days 00:00:03.976795,1,85,,,,,,,,,,2,,,,,,,,,,COMPLETE
993,993,0.7852852852852853,2025-01-01 20:14:56.557005,2025-01-01 20:15:06.232946,0 days 00:00:09.675941,2,90,85.0,,,,,,,,,2,5.0,,,,,,,,,COMPLETE
994,994,0.7907580477673936,2025-01-01 20:15:06.233652,2025-01-01 20:15:10.235135,0 days 00:00:04.001483,1,95,,,,,,,,,,2,,,,,,,,,,COMPLETE
995,995,0.7667667667667668,2025-01-01 20:15:10.235702,2025-01-01 20:15:19.871459,0 days 00:00:09.635757,2,100,70.0,,,,,,,,,2,5.0,,,,,,,,,COMPLETE
996,996,0.8273809523809523,2025-01-01 20:15:19.872076,2025-01-01 20:15:23.891655,0 days 00:00:04.019579,1,100,,,,,,,,,,2,,,,,,,,,,COMPLETE
997,997,0.8467971096858001,2025-01-01 20:15:23.892226,2025-01-01 20:15:31.022920,0 days 00:00:07.130694,2,90,60.0,,,,,,,,,2,3.0,,,,,,,,,COMPLETE
998,998,0.8204720455306327,2025-01-01 20:15:31.023623,2025-01-01 20:15:35.051208,0 days 00:00:04.027585,1,95,,,,,,,,,,2,,,,,,,,,,COMPLETE
999,999,0.721900826446281,2025-01-01 20:15:35.051795,2025-01-01 20:15:48.585357,0 days 00:00:13.533562,3,100,50.0,50.0,,,,,,,,3,4.0,4.0,,,,,,,,COMPLETE
