,number,value,datetime_start,datetime_complete,duration,params_depth,params_neurons_layer_0,params_neurons_layer_1,params_neurons_layer_2,params_neurons_layer_3,params_neurons_layer_4,params_neurons_layer_5,params_neurons_layer_6,params_neurons_layer_7,params_neurons_layer_8,params_neurons_layer_9,params_orders_layer_0,params_orders_layer_1,params_orders_layer_2,params_orders_layer_3,params_orders_layer_4,params_orders_layer_5,params_orders_layer_6,params_orders_layer_7,params_orders_layer_8,params_orders_layer_9,state
0,0,0.6083333333333334,2025-01-01 20:15:52.640620,2025-01-01 20:15:56.771447,0 days 00:00:04.130827,2,100,85.0,,,,,,,,,3,2.0,,,,,,,,,COMPLETE
1,1,0.5180952380952382,2025-01-01 20:15:56.771812,2025-01-01 20:16:09.551201,0 days 00:00:12.779389,5,100,95.0,80.0,75.0,80.0,,,,,,3,4.0,5.0,5.0,5.0,,,,,,COMPLETE
2,2,0.5094043887147335,2025-01-01 20:16:09.551697,2025-01-01 20:16:16.802379,0 days 00:00:07.250682,4,10,45.0,25.0,95.0,,,,,,,4,2.0,2.0,2.0,,,,,,,COMPLETE
3,3,0.527536231884058,2025-01-01 20:16:16.802797,2025-01-01 20:16:33.898594,0 days 00:00:17.095797,6,10,95.0,20.0,25.0,90.0,85.0,,,,,3,6.0,6.0,2.0,6.0,4.0,,,,,COMPLETE
4,4,0.5357142857142857,2025-01-01 20:16:33.899164,2025-01-01 20:16:54.089991,0 days 00:00:20.190827,7,35,50.0,85.0,30.0,80.0,65.0,55.0,,,,3,6.0,6.0,4.0,6.0,2.0,3.0,,,,COMPLETE
5,5,0.44655797101449274,2025-01-01 20:16:54.090663,2025-01-01 20:17:18.617812,0 days 00:00:24.527149,10,10,40.0,40.0,10.0,50.0,65.0,80.0,80.0,40.0,65.0,2,3.0,5.0,6.0,2.0,3.0,2.0,4.0,4.0,6.0,COMPLETE
6,6,0.41276595744680855,2025-01-01 20:17:18.618431,2025-01-01 20:17:28.236049,0 days 00:00:09.617618,4,30,55.0,90.0,40.0,,,,,,,5,2.0,3.0,3.0,,,,,,,COMPLETE
7,7,0.6190476190476191,2025-01-01 20:17:28.236473,2025-01-01 20:17:56.264741,0 days 00:00:28.028268,10,50,5.0,60.0,45.0,15.0,40.0,40.0,10.0,60.0,55.0,3,3.0,6.0,5.0,2.0,6.0,6.0,5.0,3.0,5.0,COMPLETE
8,8,0.5568421052631579,2025-01-01 20:17:56.265491,2025-01-01 20:18:07.233320,0 days 00:00:10.967829,4,55,40.0,20.0,80.0,,,,,,,5,6.0,2.0,3.0,,,,,,,COMPLETE
9,9,0.44655797101449274,2025-01-01 20:18:07.234068,2025-01-01 20:18:32.615921,0 days 00:00:25.381853,9,30,60.0,85.0,20.0,90.0,45.0,35.0,100.0,10.0,,5,2.0,5.0,3.0,3.0,4.0,4.0,5.0,5.0,,COMPLETE
10,10,0.5070679434564523,2025-01-01 20:18:32.617018,2025-01-01 20:18:57.451366,0 days 00:00:24.834348,8,75,5.0,60.0,55.0,10.0,25.0,5.0,10.0,,,6,4.0,4.0,6.0,2.0,6.0,6.0,2.0,,,COMPLETE
11,11,0.6529411764705882,2025-01-01 20:18:57.452080,2025-01-01 20:19:00.162081,0 days 00:00:02.710001,1,70,,,,,,,,,,2,,,,,,,,,,COMPLETE
12,12,0.6452358926919519,2025-01-01 20:19:00.162419,2025-01-01 20:19:02.711447,0 days 00:00:02.549028,1,70,,,,,,,,,,2,,,,,,,,,,COMPLETE
13,13,0.615,2025-01-01 20:19:02.711784,2025-01-01 20:19:05.941278,0 days 00:00:03.229494,1,70,,,,,,,,,,2,,,,,,,,,,COMPLETE
14,14,0.5957547169811321,2025-01-01 20:19:05.941710,2025-01-01 20:19:09.343665,0 days 00:00:03.401955,1,80,,,,,,,,,,2,,,,,,,,,,COMPLETE
15,15,0.5108695652173914,2025-01-01 20:19:09.344106,2025-01-01 20:19:14.292490,0 days 00:00:04.948384,2,60,25.0,,,,,,,,,2,5.0,,,,,,,,,COMPLETE
16,16,0.6083333333333334,2025-01-01 20:19:14.292939,2025-01-01 20:19:22.695116,0 days 00:00:08.402177,3,85,75.0,40.0,,,,,,,,4,5.0,3.0,,,,,,,,COMPLETE
17,17,0.6875,2025-01-01 20:19:22.695532,2025-01-01 20:19:30.796417,0 days 00:00:08.100885,2,65,25.0,,,,,,,,,4,5.0,,,,,,,,,COMPLETE
18,18,0.5208333333333333,2025-01-01 20:19:30.796817,2025-01-01 20:19:40.358913,0 days 00:00:09.562096,3,45,25.0,5.0,,,,,,,,6,5.0,3.0,,,,,,,,COMPLETE
19,19,0.5535714285714286,2025-01-01 20:19:40.359340,2025-01-01 20:19:47.214631,0 days 00:00:06.855291,2,90,30.0,,,,,,,,,4,5.0,,,,,,,,,COMPLETE
20,20,0.5819047619047619,2025-01-01 20:19:47.215126,2025-01-01 20:19:55.987901,0 days 00:00:08.772775,3,65,70.0,100.0,,,,,,,,4,3.0,4.0,,,,,,,,COMPLETE
21,21,0.5043478260869565,2025-01-01 20:19:55.988315,2025-01-01 20:19:59.438663,0 days 00:00:03.450348,1,70,,,,,,,,,,2,,,,,,,,,,COMPLETE
22,22,0.5915697674418605,2025-01-01 20:19:59.439054,2025-01-01 20:20:02.323823,0 days 00:00:02.884769,1,60,,,,,,,,,,2,,,,,,,,,,COMPLETE
23,23,0.4643527204502814,2025-01-01 20:20:02.324263,2025-01-01 20:20:09.234471,0 days 00:00:06.910208,2,90,20.0,,,,,,,,,3,4.0,,,,,,,,,COMPLETE
24,24,0.6524822695035462,2025-01-01 20:20:09.234874,2025-01-01 20:20:14.445665,0 days 00:00:05.210791,1,45,,,,,,,,,,5,,,,,,,,,,COMPLETE
25,25,0.49428571428571433,2025-01-01 20:20:14.446196,2025-01-01 20:20:22.904992,0 days 00:00:08.458796,3,40,70.0,70.0,,,,,,,,5,5.0,2.0,,,,,,,,COMPLETE
26,26,0.4919110212335692,2025-01-01 20:20:22.905418,2025-01-01 20:20:37.814093,0 days 00:00:14.908675,5,50,10.0,45.0,65.0,45.0,,,,,,6,6.0,4.0,4.0,4.0,,,,,,COMPLETE
27,27,0.4775413711583924,2025-01-01 20:20:37.814581,2025-01-01 20:20:44.369232,0 days 00:00:06.554651,2,25,15.0,,,,,,,,,5,3.0,,,,,,,,,COMPLETE
28,28,0.5990697674418605,2025-01-01 20:20:44.369619,2025-01-01 20:20:49.551716,0 days 00:00:05.182097,1,20,,,,,,,,,,5,,,,,,,,,,COMPLETE
29,29,0.5835866261398176,2025-01-01 20:20:49.552188,2025-01-01 20:20:56.033564,0 days 00:00:06.481376,2,60,35.0,,,,,,,,,4,4.0,,,,,,,,,COMPLETE
30,30,0.4313186813186813,2025-01-01 20:20:56.034001,2025-01-01 20:21:02.861936,0 days 00:00:06.827935,2,45,60.0,,,,,,,,,6,4.0,,,,,,,,,COMPLETE
31,31,0.6382978723404256,2025-01-01 20:21:02.862350,2025-01-01 20:21:06.532582,0 days 00:00:03.670232,1,75,,,,,,,,,,3,,,,,,,,,,COMPLETE
32,32,0.575984990619137,2025-01-01 20:21:06.532945,2025-01-01 20:21:08.854306,0 days 00:00:02.321361,1,65,,,,,,,,,,2,,,,,,,,,,COMPLETE
33,33,0.5108695652173914,2025-01-01 20:21:08.854685,2025-01-01 20:21:18.703870,0 days 00:00:09.849185,3,80,15.0,10.0,,,,,,,,4,6.0,5.0,,,,,,,,COMPLETE
34,34,0.5742753623188406,2025-01-01 20:21:18.704307,2025-01-01 20:21:27.614612,0 days 00:00:08.910305,4,100,85.0,100.0,100.0,,,,,,,3,5.0,3.0,5.0,,,,,,,COMPLETE
35,35,0.4547511312217195,2025-01-01 20:21:27.615224,2025-01-01 20:21:43.235866,0 days 00:00:15.620642,6,55,30.0,70.0,80.0,30.0,5.0,,,,,3,4.0,6.0,6.0,4.0,2.0,,,,,COMPLETE
36,36,0.5611210494931425,2025-01-01 20:21:43.236388,2025-01-01 20:21:45.457914,0 days 00:00:02.221526,1,70,,,,,,,,,,2,,,,,,,,,,COMPLETE
37,37,0.5317028985507246,2025-01-01 20:21:45.458278,2025-01-01 20:21:55.754137,0 days 00:00:10.295859,5,40,45.0,30.0,10.0,65.0,,,,,,4,3.0,2.0,2.0,5.0,,,,,,COMPLETE
38,38,0.5375,2025-01-01 20:21:55.754613,2025-01-01 20:22:03.198650,0 days 00:00:07.444037,2,65,85.0,,,,,,,,,5,5.0,,,,,,,,,COMPLETE
39,39,0.5434782608695652,2025-01-01 20:22:03.199046,2025-01-01 20:22:16.159563,0 days 00:00:12.960517,4,75,75.0,50.0,60.0,,,,,,,3,6.0,4.0,4.0,,,,,,,COMPLETE
40,40,0.6382978723404256,2025-01-01 20:22:16.160159,2025-01-01 20:22:31.116933,0 days 00:00:14.956774,7,55,60.0,35.0,40.0,35.0,100.0,95.0,,,,2,4.0,3.0,3.0,3.0,5.0,5.0,,,,COMPLETE
41,41,0.6524822695035462,2025-01-01 20:22:31.117483,2025-01-01 20:22:34.347194,0 days 00:00:03.229711,1,80,,,,,,,,,,3,,,,,,,,,,COMPLETE
42,42,0.5319727891156463,2025-01-01 20:22:34.347565,2025-01-01 20:22:37.124003,0 days 00:00:02.776438,1,90,,,,,,,,,,3,,,,,,,,,,COMPLETE
43,43,0.4721706864564007,2025-01-01 20:22:37.124432,2025-01-01 20:22:41.625132,0 days 00:00:04.500700,2,80,15.0,,,,,,,,,2,2.0,,,,,,,,,COMPLETE
44,44,0.5683229813664596,2025-01-01 20:22:41.625605,2025-01-01 20:22:45.468729,0 days 00:00:03.843124,1,85,,,,,,,,,,4,,,,,,,,,,COMPLETE
45,45,0.5419047619047619,2025-01-01 20:22:45.469230,2025-01-01 20:22:50.927643,0 days 00:00:05.458413,2,95,50.0,,,,,,,,,2,6.0,,,,,,,,,COMPLETE
46,46,0.6104702750665484,2025-01-01 20:22:50.928178,2025-01-01 20:22:54.788986,0 days 00:00:03.860808,1,75,,,,,,,,,,3,,,,,,,,,,COMPLETE
47,47,0.5211200759373518,2025-01-01 20:22:54.789439,2025-01-01 20:23:04.956373,0 days 00:00:10.166934,3,70,100.0,60.0,,,,,,,,3,5.0,5.0,,,,,,,,COMPLETE
48,48,0.6350771869639794,2025-01-01 20:23:04.956906,2025-01-01 20:23:09.288111,0 days 00:00:04.331205,2,5,40.0,,,,,,,,,2,3.0,,,,,,,,,COMPLETE
49,49,0.5827181936604429,2025-01-01 20:23:09.288490,2025-01-01 20:23:13.681473,0 days 00:00:04.392983,1,50,,,,,,,,,,4,,,,,,,,,,COMPLETE
50,50,0.43961352657004826,2025-01-01 20:23:13.681851,2025-01-01 20:23:19.598728,0 days 00:00:05.916877,2,65,90.0,,,,,,,,,5,2.0,,,,,,,,,COMPLETE
51,51,0.6785225718194254,2025-01-01 20:23:19.599112,2025-01-01 20:23:22.367177,0 days 00:00:02.768065,1,75,,,,,,,,,,3,,,,,,,,,,COMPLETE
52,52,0.5957446808510638,2025-01-01 20:23:22.367557,2025-01-01 20:23:26.354391,0 days 00:00:03.986834,1,80,,,,,,,,,,4,,,,,,,,,,COMPLETE
53,53,0.6083333333333334,2025-01-01 20:23:26.354768,2025-01-01 20:23:29.410335,0 days 00:00:03.055567,1,70,,,,,,,,,,2,,,,,,,,,,COMPLETE
54,54,0.5398601398601399,2025-01-01 20:23:29.410690,2025-01-01 20:23:52.187019,0 days 00:00:22.776329,9,85,30.0,70.0,90.0,65.0,15.0,15.0,50.0,100.0,,3,6.0,4.0,5.0,5.0,5.0,2.0,2.0,6.0,,COMPLETE
55,55,0.639766081871345,2025-01-01 20:23:52.187645,2025-01-01 20:23:55.461874,0 days 00:00:03.274229,1,60,,,,,,,,,,2,,,,,,,,,,COMPLETE
56,56,0.390999415546464,2025-01-01 20:23:55.462317,2025-01-01 20:24:02.372463,0 days 00:00:06.910146,3,75,45.0,5.0,,,,,,,,4,4.0,2.0,,,,,,,,COMPLETE
57,57,0.6556776556776557,2025-01-01 20:24:02.372933,2025-01-01 20:24:05.325862,0 days 00:00:02.952929,1,65,,,,,,,,,,2,,,,,,,,,,COMPLETE
58,58,0.4337121212121212,2025-01-01 20:24:05.326240,2025-01-01 20:24:10.324208,0 days 00:00:04.997968,2,65,55.0,,,,,,,,,3,3.0,,,,,,,,,COMPLETE
59,59,0.5932367149758454,2025-01-01 20:24:10.324588,2025-01-01 20:24:15.265284,0 days 00:00:04.940696,1,45,,,,,,,,,,5,,,,,,,,,,COMPLETE
60,60,0.6356589147286822,2025-01-01 20:24:15.265656,2025-01-01 20:24:21.154646,0 days 00:00:05.888990,2,60,10.0,,,,,,,,,2,5.0,,,,,,,,,COMPLETE
61,61,0.5952380952380952,2025-01-01 20:24:21.155072,2025-01-01 20:24:23.893252,0 days 00:00:02.738180,1,55,,,,,,,,,,2,,,,,,,,,,COMPLETE
62,62,0.6882516188714154,2025-01-01 20:24:23.893616,2025-01-01 20:24:26.417090,0 days 00:00:02.523474,1,70,,,,,,,,,,2,,,,,,,,,,COMPLETE
63,63,0.5680272108843538,2025-01-01 20:24:26.417444,2025-01-01 20:24:30.410793,0 days 00:00:03.993349,2,75,35.0,,,,,,,,,2,2.0,,,,,,,,,COMPLETE
64,64,0.6236111111111111,2025-01-01 20:24:30.411156,2025-01-01 20:24:34.222485,0 days 00:00:03.811329,1,85,,,,,,,,,,3,,,,,,,,,,COMPLETE
65,65,0.5641148325358851,2025-01-01 20:24:34.222855,2025-01-01 20:24:37.038051,0 days 00:00:02.815196,1,80,,,,,,,,,,2,,,,,,,,,,COMPLETE
66,66,0.5111331024245422,2025-01-01 20:24:37.038482,2025-01-01 20:24:41.886925,0 days 00:00:04.848443,2,65,65.0,,,,,,,,,3,6.0,,,,,,,,,COMPLETE
67,67,0.5783972125435539,2025-01-01 20:24:41.887284,2025-01-01 20:24:45.589884,0 days 00:00:03.702600,1,70,,,,,,,,,,6,,,,,,,,,,COMPLETE
68,68,0.5727272727272728,2025-01-01 20:24:45.590245,2025-01-01 20:24:51.084717,0 days 00:00:05.494472,2,35,5.0,,,,,,,,,2,4.0,,,,,,,,,COMPLETE
69,69,0.574468085106383,2025-01-01 20:24:51.085087,2025-01-01 20:24:55.084743,0 days 00:00:03.999656,1,60,,,,,,,,,,4,,,,,,,,,,COMPLETE
70,70,0.5982142857142857,2025-01-01 20:24:55.085135,2025-01-01 20:25:02.596385,0 days 00:00:07.511250,2,50,20.0,,,,,,,,,3,5.0,,,,,,,,,COMPLETE
71,71,0.648479427549195,2025-01-01 20:25:02.596770,2025-01-01 20:25:05.762879,0 days 00:00:03.166109,1,70,,,,,,,,,,2,,,,,,,,,,COMPLETE
72,72,0.5887311446317658,2025-01-01 20:25:05.763216,2025-01-01 20:25:09.006064,0 days 00:00:03.242848,1,70,,,,,,,,,,2,,,,,,,,,,COMPLETE
73,73,0.6333333333333333,2025-01-01 20:25:09.006415,2025-01-01 20:25:12.146754,0 days 00:00:03.140339,1,80,,,,,,,,,,2,,,,,,,,,,COMPLETE
74,74,0.6268518518518519,2025-01-01 20:25:12.147084,2025-01-01 20:25:14.768915,0 days 00:00:02.621831,1,75,,,,,,,,,,2,,,,,,,,,,COMPLETE
75,75,0.5758928571428572,2025-01-01 20:25:14.769297,2025-01-01 20:25:17.983133,0 days 00:00:03.213836,1,70,,,,,,,,,,2,,,,,,,,,,COMPLETE
76,76,0.5523809523809524,2025-01-01 20:25:17.983470,2025-01-01 20:25:37.603057,0 days 00:00:19.619587,7,65,50.0,15.0,5.0,5.0,80.0,70.0,,,,2,3.0,6.0,6.0,3.0,3.0,4.0,,,,COMPLETE
77,77,0.7386363636363636,2025-01-01 20:25:37.603762,2025-01-01 20:25:42.806908,0 days 00:00:05.203146,2,55,25.0,,,,,,,,,5,2.0,,,,,,,,,COMPLETE
78,78,0.5111111111111111,2025-01-01 20:25:42.807296,2025-01-01 20:25:48.148600,0 days 00:00:05.341304,2,55,25.0,,,,,,,,,5,2.0,,,,,,,,,COMPLETE
79,79,0.6148255813953488,2025-01-01 20:25:48.149029,2025-01-01 20:25:55.960851,0 days 00:00:07.811822,3,45,20.0,50.0,,,,,,,,5,2.0,3.0,,,,,,,,COMPLETE
80,80,0.4699248120300752,2025-01-01 20:25:55.961269,2025-01-01 20:26:03.655608,0 days 00:00:07.694339,2,60,40.0,,,,,,,,,5,3.0,,,,,,,,,COMPLETE
81,81,0.5927952576379389,2025-01-01 20:26:03.656101,2025-01-01 20:26:07.836806,0 days 00:00:04.180705,1,65,,,,,,,,,,5,,,,,,,,,,COMPLETE
82,82,0.5852272727272727,2025-01-01 20:26:07.837295,2025-01-01 20:26:11.732113,0 days 00:00:03.894818,1,75,,,,,,,,,,5,,,,,,,,,,COMPLETE
83,83,0.5624103299856529,2025-01-01 20:26:11.732470,2025-01-01 20:26:19.354229,0 days 00:00:07.621759,3,55,10.0,80.0,,,,,,,,2,2.0,5.0,,,,,,,,COMPLETE
84,84,0.6103723404255319,2025-01-01 20:26:19.354640,2025-01-01 20:26:26.805524,0 days 00:00:07.450884,2,40,35.0,,,,,,,,,6,3.0,,,,,,,,,COMPLETE
85,85,0.6737588652482269,2025-01-01 20:26:26.805945,2025-01-01 20:26:39.898280,0 days 00:00:13.092335,5,70,25.0,30.0,65.0,100.0,,,,,,4,4.0,5.0,2.0,4.0,,,,,,COMPLETE
86,86,0.49402199904351984,2025-01-01 20:26:39.898805,2025-01-01 20:26:55.637380,0 days 00:00:15.738575,6,50,25.0,30.0,70.0,100.0,35.0,,,,,4,5.0,5.0,2.0,4.0,3.0,,,,,COMPLETE
87,87,0.3823845327604726,2025-01-01 20:26:55.637922,2025-01-01 20:27:24.895101,0 days 00:00:29.257179,10,75,30.0,25.0,85.0,65.0,60.0,100.0,45.0,100.0,5.0,4,4.0,4.0,4.0,4.0,5.0,5.0,6.0,2.0,2.0,COMPLETE
88,88,0.5890473999079613,2025-01-01 20:27:24.895765,2025-01-01 20:27:36.077934,0 days 00:00:11.182169,4,65,5.0,15.0,50.0,,,,,,,4,4.0,6.0,3.0,,,,,,,COMPLETE
89,89,0.5153061224489797,2025-01-01 20:27:36.078433,2025-01-01 20:27:55.472804,0 days 00:00:19.394371,8,80,20.0,35.0,65.0,100.0,100.0,25.0,75.0,,,5,5.0,5.0,2.0,5.0,6.0,3.0,3.0,,,COMPLETE
90,90,0.6079545454545454,2025-01-01 20:27:55.473626,2025-01-01 20:28:06.466519,0 days 00:00:10.992893,4,60,35.0,55.0,35.0,,,,,,,3,5.0,6.0,3.0,,,,,,,COMPLETE
91,91,0.5558139534883721,2025-01-01 20:28:06.467027,2025-01-01 20:28:10.995281,0 days 00:00:04.528254,1,70,,,,,,,,,,4,,,,,,,,,,COMPLETE
92,92,0.6154545454545455,2025-01-01 20:28:10.995637,2025-01-01 20:28:15.793911,0 days 00:00:04.798274,1,70,,,,,,,,,,4,,,,,,,,,,COMPLETE
93,93,0.6154545454545455,2025-01-01 20:28:15.794288,2025-01-01 20:28:20.337256,0 days 00:00:04.542968,2,75,45.0,,,,,,,,,2,3.0,,,,,,,,,COMPLETE
94,94,0.4944495837187789,2025-01-01 20:28:20.337625,2025-01-01 20:28:32.380481,0 days 00:00:12.042856,5,65,15.0,75.0,55.0,25.0,,,,,,2,4.0,5.0,4.0,3.0,,,,,,COMPLETE
95,95,0.6524822695035462,2025-01-01 20:28:32.381013,2025-01-01 20:28:37.388336,0 days 00:00:05.007323,1,85,,,,,,,,,,4,,,,,,,,,,COMPLETE
96,96,0.5790697674418605,2025-01-01 20:28:37.388823,2025-01-01 20:28:41.303867,0 days 00:00:03.915044,1,90,,,,,,,,,,4,,,,,,,,,,COMPLETE
97,97,0.6326530612244898,2025-01-01 20:28:41.304339,2025-01-01 20:28:47.037076,0 days 00:00:05.732737,2,85,40.0,,,,,,,,,4,4.0,,,,,,,,,COMPLETE
98,98,0.6079545454545454,2025-01-01 20:28:47.037481,2025-01-01 20:28:56.199125,0 days 00:00:09.161644,3,95,25.0,25.0,,,,,,,,4,6.0,6.0,,,,,,,,COMPLETE
99,99,0.5927952576379389,2025-01-01 20:28:56.199589,2025-01-01 20:29:09.008003,0 days 00:00:12.808414,5,85,30.0,45.0,20.0,75.0,,,,,,4,2.0,5.0,2.0,6.0,,,,,,COMPLETE
100,100,0.4944495837187789,2025-01-01 20:29:09.008530,2025-01-01 20:29:14.062352,0 days 00:00:05.053822,1,80,,,,,,,,,,5,,,,,,,,,,COMPLETE
101,101,0.6292486583184258,2025-01-01 20:29:14.062851,2025-01-01 20:29:17.810602,0 days 00:00:03.747751,1,75,,,,,,,,,,3,,,,,,,,,,COMPLETE
102,102,0.5452991452991452,2025-01-01 20:29:17.810980,2025-01-01 20:29:21.402073,0 days 00:00:03.591093,1,70,,,,,,,,,,2,,,,,,,,,,COMPLETE
103,103,0.5265567765567765,2025-01-01 20:29:21.402533,2025-01-01 20:29:24.970295,0 days 00:00:03.567762,1,80,,,,,,,,,,3,,,,,,,,,,COMPLETE
104,104,0.559204440333025,2025-01-01 20:29:24.970677,2025-01-01 20:29:31.185922,0 days 00:00:06.215245,2,70,10.0,,,,,,,,,2,5.0,,,,,,,,,COMPLETE
105,105,0.637641723356009,2025-01-01 20:29:31.186537,2025-01-01 20:29:34.566991,0 days 00:00:03.380454,1,60,,,,,,,,,,6,,,,,,,,,,COMPLETE
106,106,0.6292486583184258,2025-01-01 20:29:34.567457,2025-01-01 20:29:38.415334,0 days 00:00:03.847877,1,45,,,,,,,,,,3,,,,,,,,,,COMPLETE
107,107,0.6168478260869565,2025-01-01 20:29:38.415701,2025-01-01 20:29:45.041241,0 days 00:00:06.625540,2,65,50.0,,,,,,,,,5,3.0,,,,,,,,,COMPLETE
108,108,0.6557878633350331,2025-01-01 20:29:45.041655,2025-01-01 20:29:48.081683,0 days 00:00:03.040028,1,70,,,,,,,,,,2,,,,,,,,,,COMPLETE
109,109,0.6316489361702128,2025-01-01 20:29:48.082056,2025-01-01 20:29:52.155039,0 days 00:00:04.072983,1,85,,,,,,,,,,4,,,,,,,,,,COMPLETE
110,110,0.5680272108843538,2025-01-01 20:29:52.155569,2025-01-01 20:30:05.796466,0 days 00:00:13.640897,6,75,20.0,90.0,100.0,40.0,80.0,,,,,4,4.0,4.0,3.0,4.0,2.0,,,,,COMPLETE
111,111,0.6381818181818182,2025-01-01 20:30:05.797015,2025-01-01 20:30:08.742342,0 days 00:00:02.945327,1,70,,,,,,,,,,2,,,,,,,,,,COMPLETE
112,112,0.5967514124293786,2025-01-01 20:30:08.742819,2025-01-01 20:30:11.713407,0 days 00:00:02.970588,1,65,,,,,,,,,,2,,,,,,,,,,COMPLETE
113,113,0.599759132878362,2025-01-01 20:30:11.713875,2025-01-01 20:30:14.724681,0 days 00:00:03.010806,1,75,,,,,,,,,,2,,,,,,,,,,COMPLETE
114,114,0.5153061224489797,2025-01-01 20:30:14.725067,2025-01-01 20:30:34.889000,0 days 00:00:20.163933,7,15,15.0,15.0,75.0,55.0,20.0,60.0,,,,2,5.0,3.0,5.0,5.0,4.0,3.0,,,,COMPLETE
115,115,0.5384226491405459,2025-01-01 20:30:34.889561,2025-01-01 20:30:40.117429,0 days 00:00:05.227868,2,70,55.0,,,,,,,,,2,6.0,,,,,,,,,COMPLETE
116,116,0.6362683438155137,2025-01-01 20:30:40.117890,2025-01-01 20:30:42.443701,0 days 00:00:02.325811,1,60,,,,,,,,,,2,,,,,,,,,,COMPLETE
117,117,0.6581818181818182,2025-01-01 20:30:42.444150,2025-01-01 20:31:04.413014,0 days 00:00:21.968864,9,80,45.0,65.0,70.0,90.0,5.0,80.0,35.0,10.0,,2,2.0,6.0,2.0,3.0,3.0,5.0,6.0,6.0,,COMPLETE
118,118,0.6802721088435374,2025-01-01 20:31:04.413956,2025-01-01 20:31:25.100957,0 days 00:00:20.687001,8,35,45.0,65.0,70.0,90.0,5.0,80.0,30.0,,,5,2.0,6.0,2.0,3.0,3.0,5.0,6.0,,,COMPLETE
119,119,0.5531914893617021,2025-01-01 20:31:25.101577,2025-01-01 20:31:48.436359,0 days 00:00:23.334782,9,35,45.0,65.0,70.0,90.0,5.0,80.0,30.0,5.0,,5,2.0,6.0,2.0,3.0,3.0,5.0,6.0,6.0,,COMPLETE
120,120,0.47317298797409807,2025-01-01 20:31:48.437115,2025-01-01 20:32:08.385285,0 days 00:00:19.948170,8,55,40.0,55.0,60.0,100.0,30.0,85.0,35.0,,,5,2.0,6.0,2.0,3.0,3.0,5.0,6.0,,,COMPLETE
121,121,0.6882516188714154,2025-01-01 20:32:08.385920,2025-01-01 20:32:24.685089,0 days 00:00:16.299169,8,30,65.0,80.0,90.0,85.0,15.0,65.0,25.0,,,5,2.0,6.0,2.0,2.0,4.0,6.0,5.0,,,COMPLETE
122,122,0.5358139534883721,2025-01-01 20:32:24.685730,2025-01-01 20:32:47.688799,0 days 00:00:23.003069,9,30,75.0,85.0,90.0,85.0,15.0,65.0,25.0,35.0,,5,2.0,6.0,2.0,2.0,4.0,6.0,5.0,5.0,,COMPLETE
123,123,0.6834905660377358,2025-01-01 20:32:47.689537,2025-01-01 20:33:08.906493,0 days 00:00:21.216956,8,35,70.0,75.0,75.0,95.0,5.0,75.0,25.0,,,5,2.0,6.0,2.0,2.0,3.0,6.0,6.0,,,COMPLETE
124,124,0.53,2025-01-01 20:33:08.907279,2025-01-01 20:33:29.240027,0 days 00:00:20.332748,8,25,65.0,75.0,75.0,95.0,5.0,75.0,25.0,,,5,2.0,6.0,2.0,2.0,3.0,6.0,6.0,,,COMPLETE
125,125,0.6168478260869565,2025-01-01 20:33:29.240614,2025-01-01 20:33:48.891037,0 days 00:00:19.650423,9,25,80.0,65.0,85.0,85.0,15.0,90.0,20.0,65.0,,5,2.0,6.0,2.0,2.0,4.0,5.0,5.0,4.0,,COMPLETE
126,126,0.5380200860832138,2025-01-01 20:33:48.891725,2025-01-01 20:34:06.835932,0 days 00:00:17.944207,7,35,70.0,90.0,70.0,75.0,5.0,65.0,,,,5,2.0,6.0,2.0,3.0,3.0,6.0,,,,COMPLETE
127,127,0.6356589147286822,2025-01-01 20:34:06.836605,2025-01-01 20:34:25.753960,0 days 00:00:18.917355,8,30,65.0,80.0,80.0,95.0,15.0,50.0,40.0,,,5,2.0,6.0,2.0,2.0,2.0,5.0,6.0,,,COMPLETE
128,128,0.649264356905553,2025-01-01 20:34:25.754777,2025-01-01 20:34:45.383409,0 days 00:00:19.628632,9,40,80.0,75.0,65.0,80.0,25.0,75.0,20.0,25.0,,5,2.0,5.0,2.0,3.0,3.0,6.0,5.0,6.0,,COMPLETE
129,129,0.6079545454545454,2025-01-01 20:34:45.384077,2025-01-01 20:35:04.285194,0 days 00:00:18.901117,8,40,60.0,65.0,90.0,90.0,10.0,85.0,60.0,,,5,2.0,6.0,3.0,2.0,4.0,4.0,6.0,,,COMPLETE
130,130,0.6356589147286822,2025-01-01 20:35:04.285766,2025-01-01 20:35:30.568044,0 days 00:00:26.282278,10,30,55.0,95.0,75.0,95.0,25.0,70.0,35.0,75.0,95.0,5,2.0,6.0,2.0,3.0,2.0,6.0,4.0,5.0,2.0,COMPLETE
131,131,0.5890473999079613,2025-01-01 20:35:30.568736,2025-01-01 20:35:51.495073,0 days 00:00:20.926337,7,35,70.0,60.0,60.0,75.0,10.0,50.0,,,,5,2.0,5.0,3.0,4.0,3.0,5.0,,,,COMPLETE
132,132,0.5932367149758454,2025-01-01 20:35:51.495792,2025-01-01 20:36:11.510406,0 days 00:00:20.014614,9,25,60.0,70.0,85.0,85.0,20.0,90.0,20.0,25.0,,5,3.0,6.0,2.0,2.0,4.0,6.0,6.0,2.0,,COMPLETE
133,133,0.5523809523809524,2025-01-01 20:36:11.511078,2025-01-01 20:36:27.763937,0 days 00:00:16.252859,8,35,50.0,80.0,95.0,95.0,5.0,75.0,5.0,,,2,2.0,6.0,3.0,2.0,4.0,5.0,5.0,,,COMPLETE
134,134,0.6015769944341374,2025-01-01 20:36:27.764521,2025-01-01 20:36:48.432788,0 days 00:00:20.668267,7,20,30.0,85.0,50.0,85.0,50.0,60.0,,,,5,2.0,5.0,2.0,3.0,2.0,6.0,,,,COMPLETE
135,135,0.5727272727272728,2025-01-01 20:36:48.433321,2025-01-01 20:37:06.633877,0 days 00:00:18.200556,8,75,80.0,75.0,80.0,100.0,10.0,100.0,60.0,,,2,2.0,6.0,3.0,2.0,3.0,4.0,6.0,,,COMPLETE
136,136,0.5890473999079613,2025-01-01 20:37:06.634606,2025-01-01 20:37:32.002176,0 days 00:00:25.367570,8,30,65.0,65.0,70.0,70.0,35.0,55.0,40.0,,,5,3.0,5.0,2.0,4.0,5.0,5.0,5.0,,,COMPLETE
137,137,0.5153061224489797,2025-01-01 20:37:32.003059,2025-01-01 20:37:49.806966,0 days 00:00:17.803907,9,50,35.0,45.0,65.0,90.0,20.0,85.0,30.0,80.0,,2,2.0,6.0,2.0,2.0,3.0,6.0,6.0,4.0,,COMPLETE
138,138,0.6219851576994434,2025-01-01 20:37:49.807577,2025-01-01 20:38:10.969649,0 days 00:00:21.162072,10,80,70.0,55.0,95.0,80.0,10.0,70.0,15.0,50.0,15.0,2,3.0,5.0,2.0,3.0,2.0,5.0,4.0,3.0,4.0,COMPLETE
139,139,0.5583333333333333,2025-01-01 20:38:10.970305,2025-01-01 20:38:26.266961,0 days 00:00:15.296656,5,45,25.0,95.0,75.0,95.0,,,,,,5,2.0,6.0,3.0,4.0,,,,,,COMPLETE
140,140,0.6356589147286822,2025-01-01 20:38:26.267506,2025-01-01 20:38:47.857435,0 days 00:00:21.589929,8,65,90.0,60.0,55.0,60.0,30.0,80.0,30.0,,,6,2.0,6.0,2.0,2.0,4.0,4.0,6.0,,,COMPLETE
141,141,0.4622892635314996,2025-01-01 20:38:47.858198,2025-01-01 20:38:51.213701,0 days 00:00:03.355503,1,90,,,,,,,,,,3,,,,,,,,,,COMPLETE
142,142,0.5317028985507246,2025-01-01 20:38:51.214094,2025-01-01 20:38:54.913751,0 days 00:00:03.699657,1,80,,,,,,,,,,4,,,,,,,,,,COMPLETE
143,143,0.5584415584415584,2025-01-01 20:38:54.914230,2025-01-01 20:39:00.528342,0 days 00:00:05.614112,1,70,,,,,,,,,,5,,,,,,,,,,COMPLETE
144,144,0.6441489361702128,2025-01-01 20:39:00.528746,2025-01-01 20:39:03.796612,0 days 00:00:03.267866,1,75,,,,,,,,,,2,,,,,,,,,,COMPLETE
145,145,0.559204440333025,2025-01-01 20:39:03.797103,2025-01-01 20:39:19.980695,0 days 00:00:16.183592,6,85,75.0,80.0,60.0,90.0,40.0,,,,,4,2.0,5.0,3.0,3.0,4.0,,,,,COMPLETE
146,146,0.509750566893424,2025-01-01 20:39:19.981254,2025-01-01 20:39:24.180710,0 days 00:00:04.199456,1,70,,,,,,,,,,3,,,,,,,,,,COMPLETE
147,147,0.5619047619047619,2025-01-01 20:39:24.181193,2025-01-01 20:39:32.732206,0 days 00:00:08.551013,3,80,60.0,40.0,,,,,,,,2,3.0,5.0,,,,,,,,COMPLETE
148,148,0.5805555555555555,2025-01-01 20:39:32.732645,2025-01-01 20:39:36.490184,0 days 00:00:03.757539,1,40,,,,,,,,,,4,,,,,,,,,,COMPLETE
149,149,0.5244444444444445,2025-01-01 20:39:36.490591,2025-01-01 20:39:42.911023,0 days 00:00:06.420432,2,30,45.0,,,,,,,,,5,2.0,,,,,,,,,COMPLETE
150,150,0.6333333333333333,2025-01-01 20:39:42.911438,2025-01-01 20:39:45.326139,0 days 00:00:02.414701,1,70,,,,,,,,,,2,,,,,,,,,,COMPLETE
151,151,0.5317028985507246,2025-01-01 20:39:45.326527,2025-01-01 20:40:13.267370,0 days 00:00:27.940843,9,40,80.0,75.0,65.0,80.0,25.0,75.0,20.0,20.0,,5,2.0,4.0,2.0,3.0,3.0,6.0,5.0,6.0,,COMPLETE
152,152,0.4891304347826087,2025-01-01 20:40:13.268052,2025-01-01 20:40:37.586755,0 days 00:00:24.318703,9,35,80.0,70.0,65.0,80.0,15.0,65.0,20.0,20.0,,4,2.0,5.0,2.0,3.0,3.0,6.0,4.0,6.0,,COMPLETE
153,153,0.5125581395348837,2025-01-01 20:40:37.587496,2025-01-01 20:41:02.958804,0 days 00:00:25.371308,9,40,90.0,75.0,70.0,85.0,10.0,80.0,35.0,35.0,,5,2.0,5.0,2.0,3.0,3.0,6.0,5.0,5.0,,COMPLETE
154,154,0.5675544794188861,2025-01-01 20:41:02.959461,2025-01-01 20:41:26.829789,0 days 00:00:23.870328,10,45,85.0,85.0,45.0,100.0,20.0,90.0,15.0,5.0,95.0,5,2.0,6.0,2.0,2.0,2.0,6.0,6.0,6.0,3.0,COMPLETE
155,155,0.5358139534883721,2025-01-01 20:41:26.830450,2025-01-01 20:41:55.473963,0 days 00:00:28.643513,9,35,95.0,70.0,80.0,90.0,5.0,75.0,45.0,25.0,,5,2.0,6.0,2.0,5.0,3.0,6.0,5.0,5.0,,COMPLETE
156,156,0.5322128851540616,2025-01-01 20:41:55.474923,2025-01-01 20:42:23.015324,0 days 00:00:27.540401,8,65,20.0,50.0,75.0,70.0,25.0,60.0,25.0,,,4,3.0,5.0,2.0,4.0,5.0,5.0,4.0,,,COMPLETE
157,157,0.5531914893617021,2025-01-01 20:42:23.016098,2025-01-01 20:42:27.821381,0 days 00:00:04.805283,1,75,,,,,,,,,,5,,,,,,,,,,COMPLETE
158,158,0.5950113378684807,2025-01-01 20:42:27.821790,2025-01-01 20:42:32.561741,0 days 00:00:04.739951,1,40,,,,,,,,,,5,,,,,,,,,,COMPLETE
159,159,0.5140977443609023,2025-01-01 20:42:32.562169,2025-01-01 20:42:36.909469,0 days 00:00:04.347300,2,45,85.0,,,,,,,,,4,2.0,,,,,,,,,COMPLETE
160,160,0.6855813953488372,2025-01-01 20:42:36.909985,2025-01-01 20:42:44.318258,0 days 00:00:07.408273,4,95,40.0,65.0,85.0,,,,,,,2,2.0,6.0,3.0,,,,,,,COMPLETE
161,161,0.6388367729831144,2025-01-01 20:42:44.318728,2025-01-01 20:42:59.136769,0 days 00:00:14.818041,6,95,40.0,65.0,85.0,95.0,60.0,,,,,2,2.0,6.0,3.0,6.0,3.0,,,,,COMPLETE
162,162,0.5952157598499062,2025-01-01 20:42:59.137316,2025-01-01 20:43:10.119275,0 days 00:00:10.981959,5,95,45.0,60.0,80.0,85.0,,,,,,2,2.0,6.0,2.0,3.0,,,,,,COMPLETE
163,163,0.5964912280701754,2025-01-01 20:43:10.119875,2025-01-01 20:43:15.876105,0 days 00:00:05.756230,4,75,35.0,70.0,90.0,,,,,,,2,2.0,6.0,2.0,,,,,,,COMPLETE
164,164,0.5465838509316769,2025-01-01 20:43:15.876552,2025-01-01 20:43:18.303518,0 days 00:00:02.426966,1,100,,,,,,,,,,2,,,,,,,,,,COMPLETE
165,165,0.6680143755615453,2025-01-01 20:43:18.303913,2025-01-01 20:43:25.866806,0 days 00:00:07.562893,4,90,55.0,75.0,65.0,,,,,,,2,2.0,6.0,2.0,,,,,,,COMPLETE
166,166,0.5358139534883721,2025-01-01 20:43:25.867320,2025-01-01 20:43:33.551911,0 days 00:00:07.684591,4,90,55.0,80.0,95.0,,,,,,,2,2.0,6.0,3.0,,,,,,,COMPLETE
167,167,0.5742753623188406,2025-01-01 20:43:33.552345,2025-01-01 20:43:44.692137,0 days 00:00:11.139792,5,90,50.0,65.0,70.0,15.0,,,,,,2,2.0,6.0,4.0,4.0,,,,,,COMPLETE
168,168,0.5756302521008403,2025-01-01 20:43:44.692735,2025-01-01 20:43:53.950989,0 days 00:00:09.258254,4,95,25.0,90.0,85.0,,,,,,,2,3.0,6.0,2.0,,,,,,,COMPLETE
169,169,0.5727272727272728,2025-01-01 20:43:53.951445,2025-01-01 20:44:02.027567,0 days 00:00:08.076122,3,85,30.0,55.0,,,,,,,,2,2.0,6.0,,,,,,,,COMPLETE
170,170,0.6065656565656565,2025-01-01 20:44:02.028044,2025-01-01 20:44:05.139178,0 days 00:00:03.111134,1,80,,,,,,,,,,2,,,,,,,,,,COMPLETE
171,171,0.6452358926919519,2025-01-01 20:44:05.139573,2025-01-01 20:44:15.254736,0 days 00:00:10.115163,5,35,55.0,75.0,65.0,75.0,,,,,,2,2.0,6.0,2.0,2.0,,,,,,COMPLETE
172,172,0.4445454545454546,2025-01-01 20:44:15.255224,2025-01-01 20:44:19.083348,0 days 00:00:03.828124,1,65,,,,,,,,,,5,,,,,,,,,,COMPLETE
173,173,0.4562647754137116,2025-01-01 20:44:19.083761,2025-01-01 20:44:26.531053,0 days 00:00:07.447292,4,90,40.0,80.0,60.0,,,,,,,4,2.0,6.0,2.0,,,,,,,COMPLETE
174,174,0.6190476190476191,2025-01-01 20:44:26.531521,2025-01-01 20:44:29.284059,0 days 00:00:02.752538,1,85,,,,,,,,,,2,,,,,,,,,,COMPLETE
175,175,0.4872727272727273,2025-01-01 20:44:29.284461,2025-01-01 20:44:39.858485,0 days 00:00:10.574024,4,30,50.0,75.0,70.0,,,,,,,5,2.0,6.0,2.0,,,,,,,COMPLETE
176,176,0.7847985347985348,2025-01-01 20:44:39.858957,2025-01-01 20:44:55.853880,0 days 00:00:15.994923,7,50,45.0,70.0,75.0,50.0,15.0,70.0,,,,2,2.0,6.0,2.0,5.0,3.0,2.0,,,,COMPLETE
177,177,0.6802721088435374,2025-01-01 20:44:55.854489,2025-01-01 20:45:08.840535,0 days 00:00:12.986046,7,50,45.0,65.0,75.0,45.0,10.0,40.0,,,,2,2.0,6.0,2.0,5.0,4.0,2.0,,,,COMPLETE
178,178,0.6168478260869565,2025-01-01 20:45:08.841218,2025-01-01 20:45:24.970712,0 days 00:00:16.129494,7,50,45.0,70.0,75.0,50.0,10.0,40.0,,,,2,2.0,6.0,2.0,5.0,4.0,2.0,,,,COMPLETE
179,179,0.561936402467964,2025-01-01 20:45:24.971454,2025-01-01 20:45:37.541378,0 days 00:00:12.569924,7,50,40.0,65.0,75.0,40.0,15.0,45.0,,,,2,2.0,6.0,2.0,5.0,4.0,2.0,,,,COMPLETE
180,180,0.575984990619137,2025-01-01 20:45:37.542177,2025-01-01 20:45:51.906435,0 days 00:00:14.364258,6,55,50.0,60.0,80.0,55.0,5.0,,,,,2,2.0,6.0,2.0,5.0,5.0,,,,,COMPLETE
181,181,0.5890473999079613,2025-01-01 20:45:51.907072,2025-01-01 20:46:11.408977,0 days 00:00:19.501905,8,50,45.0,70.0,75.0,45.0,90.0,30.0,55.0,,,2,2.0,6.0,2.0,5.0,4.0,3.0,3.0,,,COMPLETE
182,182,0.6304347826086957,2025-01-01 20:46:11.409645,2025-01-01 20:46:29.224939,0 days 00:00:17.815294,7,55,65.0,65.0,85.0,45.0,20.0,55.0,,,,2,2.0,6.0,4.0,6.0,3.0,2.0,,,,COMPLETE
183,183,0.5695970695970696,2025-01-01 20:46:29.225592,2025-01-01 20:46:43.257557,0 days 00:00:14.031965,6,70,30.0,60.0,60.0,40.0,10.0,,,,,2,2.0,6.0,2.0,5.0,3.0,,,,,COMPLETE
184,184,0.5530791788856305,2025-01-01 20:46:43.258212,2025-01-01 20:47:06.274761,0 days 00:00:23.016549,8,55,35.0,85.0,70.0,30.0,5.0,35.0,5.0,,,2,2.0,6.0,2.0,5.0,4.0,3.0,6.0,,,COMPLETE
185,185,0.6651205936920223,2025-01-01 20:47:06.275553,2025-01-01 20:47:23.512181,0 days 00:00:17.236628,8,50,45.0,55.0,90.0,60.0,15.0,70.0,90.0,,,2,2.0,6.0,2.0,4.0,5.0,2.0,5.0,,,COMPLETE
186,186,0.5742753623188406,2025-01-01 20:47:23.513067,2025-01-01 20:47:46.523538,0 days 00:00:23.010471,8,50,45.0,55.0,90.0,55.0,15.0,70.0,100.0,,,2,2.0,6.0,2.0,4.0,6.0,2.0,5.0,,,COMPLETE
187,187,0.6882516188714154,2025-01-01 20:47:46.524404,2025-01-01 20:48:07.221065,0 days 00:00:20.696661,8,50,45.0,50.0,80.0,50.0,15.0,65.0,95.0,,,2,2.0,6.0,2.0,4.0,5.0,2.0,6.0,,,COMPLETE
188,188,0.6556776556776557,2025-01-01 20:48:07.221739,2025-01-01 20:48:22.402620,0 days 00:00:15.180881,8,50,45.0,40.0,80.0,50.0,15.0,65.0,90.0,,,2,2.0,6.0,2.0,4.0,5.0,2.0,6.0,,,COMPLETE
189,189,0.4721706864564007,2025-01-01 20:48:22.403355,2025-01-01 20:48:43.064953,0 days 00:00:20.661598,8,50,45.0,25.0,80.0,50.0,15.0,65.0,90.0,,,2,2.0,6.0,2.0,4.0,5.0,2.0,6.0,,,COMPLETE
190,190,0.5374653098982424,2025-01-01 20:48:43.065704,2025-01-01 20:49:01.856258,0 days 00:00:18.790554,8,55,40.0,35.0,85.0,45.0,10.0,60.0,90.0,,,2,2.0,6.0,2.0,4.0,5.0,2.0,6.0,,,COMPLETE
191,191,0.6022201665124884,2025-01-01 20:49:01.856979,2025-01-01 20:49:20.386473,0 days 00:00:18.529494,8,45,50.0,50.0,75.0,50.0,5.0,70.0,90.0,,,2,2.0,6.0,2.0,4.0,5.0,2.0,6.0,,,COMPLETE
192,192,0.6371980676328503,2025-01-01 20:49:20.387168,2025-01-01 20:49:39.187132,0 days 00:00:18.799964,8,50,45.0,40.0,80.0,60.0,20.0,80.0,75.0,,,2,2.0,6.0,2.0,4.0,5.0,2.0,6.0,,,COMPLETE
193,193,0.6356589147286822,2025-01-01 20:49:39.187792,2025-01-01 20:49:54.881174,0 days 00:00:15.693382,7,45,50.0,40.0,85.0,60.0,10.0,65.0,,,,2,2.0,6.0,2.0,4.0,6.0,2.0,,,,COMPLETE
194,194,0.6730769230769231,2025-01-01 20:49:54.881885,2025-01-01 20:50:10.774812,0 days 00:00:15.892927,8,50,40.0,30.0,100.0,35.0,15.0,20.0,95.0,,,2,2.0,6.0,2.0,4.0,5.0,2.0,6.0,,,COMPLETE
195,195,0.6083333333333334,2025-01-01 20:50:10.775683,2025-01-01 20:50:28.919083,0 days 00:00:18.143400,8,50,40.0,35.0,100.0,35.0,15.0,15.0,95.0,,,2,2.0,6.0,2.0,4.0,5.0,2.0,6.0,,,COMPLETE
196,196,0.6056003796867584,2025-01-01 20:50:28.919867,2025-01-01 20:50:47.387287,0 days 00:00:18.467420,8,50,45.0,30.0,90.0,45.0,20.0,5.0,85.0,,,2,2.0,6.0,2.0,4.0,5.0,2.0,6.0,,,COMPLETE
197,197,0.5790697674418605,2025-01-01 20:50:47.387967,2025-01-01 20:51:05.617022,0 days 00:00:18.229055,7,60,40.0,45.0,75.0,25.0,5.0,20.0,,,,2,2.0,6.0,2.0,4.0,5.0,3.0,,,,COMPLETE
198,198,0.5432624113475177,2025-01-01 20:51:05.617825,2025-01-01 20:51:24.263661,0 days 00:00:18.645836,8,55,45.0,65.0,95.0,35.0,15.0,70.0,95.0,,,2,2.0,6.0,2.0,4.0,5.0,2.0,6.0,,,COMPLETE
199,199,0.6423255813953488,2025-01-01 20:51:24.264377,2025-01-01 20:51:39.668880,0 days 00:00:15.404503,8,70,50.0,30.0,100.0,40.0,10.0,75.0,80.0,,,2,2.0,6.0,2.0,4.0,5.0,2.0,6.0,,,COMPLETE
200,200,0.6882516188714154,2025-01-01 20:51:39.669648,2025-01-01 20:51:58.596733,0 days 00:00:18.927085,8,100,40.0,25.0,80.0,50.0,30.0,80.0,95.0,,,2,2.0,6.0,2.0,4.0,5.0,2.0,6.0,,,COMPLETE
201,201,0.5994397759103641,2025-01-01 20:51:58.597377,2025-01-01 20:52:16.132026,0 days 00:00:17.534649,8,100,40.0,20.0,80.0,50.0,15.0,80.0,95.0,,,2,2.0,6.0,2.0,4.0,5.0,2.0,6.0,,,COMPLETE
202,202,0.6154589371980677,2025-01-01 20:52:16.132698,2025-01-01 20:52:32.755723,0 days 00:00:16.623025,8,100,35.0,25.0,70.0,55.0,10.0,70.0,100.0,,,2,2.0,6.0,2.0,5.0,5.0,2.0,6.0,,,COMPLETE
203,203,0.6196060037523452,2025-01-01 20:52:32.756397,2025-01-01 20:52:51.606279,0 days 00:00:18.849882,8,50,45.0,20.0,85.0,100.0,30.0,85.0,85.0,,,2,2.0,6.0,2.0,4.0,5.0,3.0,6.0,,,COMPLETE
204,204,0.7309833024118739,2025-01-01 20:52:51.607165,2025-01-01 20:53:07.780441,0 days 00:00:16.173276,8,65,40.0,30.0,90.0,50.0,20.0,65.0,95.0,,,2,2.0,6.0,2.0,4.0,5.0,2.0,6.0,,,COMPLETE
205,205,0.6223255813953488,2025-01-01 20:53:07.781205,2025-01-01 20:53:25.449275,0 days 00:00:17.668070,8,95,40.0,30.0,90.0,50.0,20.0,65.0,95.0,,,2,2.0,6.0,2.0,4.0,5.0,2.0,6.0,,,COMPLETE
206,206,0.6022201665124884,2025-01-01 20:53:25.450030,2025-01-01 20:53:43.744547,0 days 00:00:18.294517,8,100,45.0,35.0,95.0,45.0,15.0,60.0,100.0,,,2,2.0,6.0,2.0,4.0,5.0,2.0,6.0,,,COMPLETE
207,207,0.7525439407955596,2025-01-01 20:53:43.745413,2025-01-01 20:54:02.207417,0 days 00:00:18.462004,8,65,40.0,30.0,90.0,50.0,5.0,75.0,85.0,,,2,2.0,6.0,2.0,4.0,5.0,2.0,6.0,,,COMPLETE
208,208,0.5950113378684807,2025-01-01 20:54:02.208101,2025-01-01 20:54:17.783561,0 days 00:00:15.575460,8,60,35.0,30.0,90.0,55.0,5.0,75.0,85.0,,,2,2.0,6.0,2.0,4.0,3.0,2.0,3.0,,,COMPLETE
209,209,0.637641723356009,2025-01-01 20:54:17.784224,2025-01-01 20:54:32.448240,0 days 00:00:14.664016,7,65,40.0,25.0,90.0,95.0,5.0,80.0,,,,2,2.0,6.0,2.0,4.0,6.0,2.0,,,,COMPLETE
210,210,0.6452358926919519,2025-01-01 20:54:32.448950,2025-01-01 20:54:48.221098,0 days 00:00:15.772148,8,65,40.0,30.0,95.0,90.0,10.0,85.0,95.0,,,2,2.0,6.0,2.0,2.0,3.0,2.0,6.0,,,COMPLETE
211,211,0.5890473999079613,2025-01-01 20:54:48.221764,2025-01-01 20:55:08.105153,0 days 00:00:19.883389,8,65,45.0,35.0,85.0,50.0,20.0,70.0,90.0,,,2,2.0,6.0,2.0,4.0,5.0,4.0,6.0,,,COMPLETE
212,212,0.5742753623188406,2025-01-01 20:55:08.106142,2025-01-01 20:55:24.780267,0 days 00:00:16.674125,8,95,40.0,25.0,80.0,55.0,10.0,75.0,90.0,,,2,2.0,6.0,2.0,4.0,5.0,2.0,6.0,,,COMPLETE
213,213,0.5950113378684807,2025-01-01 20:55:24.780935,2025-01-01 20:55:42.073971,0 days 00:00:17.293036,8,60,70.0,70.0,75.0,50.0,15.0,65.0,25.0,,,2,2.0,6.0,2.0,4.0,5.0,2.0,6.0,,,COMPLETE
214,214,0.6882516188714154,2025-01-01 20:55:42.074654,2025-01-01 20:56:02.764062,0 days 00:00:20.689408,8,50,25.0,30.0,80.0,60.0,5.0,75.0,95.0,,,2,2.0,6.0,2.0,4.0,5.0,2.0,6.0,,,COMPLETE
215,215,0.6452358926919519,2025-01-01 20:56:02.764741,2025-01-01 20:56:20.204979,0 days 00:00:17.440238,8,60,20.0,30.0,70.0,60.0,5.0,75.0,100.0,,,2,2.0,6.0,2.0,4.0,5.0,2.0,6.0,,,COMPLETE
216,216,0.6725201708590414,2025-01-01 20:56:20.205699,2025-01-01 20:56:37.107310,0 days 00:00:16.901611,9,45,25.0,25.0,80.0,65.0,5.0,80.0,30.0,45.0,,2,2.0,6.0,2.0,4.0,4.0,2.0,5.0,3.0,,COMPLETE
217,217,0.6594202898550725,2025-01-01 20:56:37.108124,2025-01-01 20:56:55.397204,0 days 00:00:18.289080,9,45,25.0,25.0,80.0,65.0,5.0,80.0,30.0,40.0,,2,2.0,6.0,2.0,4.0,4.0,2.0,5.0,3.0,,COMPLETE
218,218,0.5493230174081238,2025-01-01 20:56:55.397894,2025-01-01 20:57:16.788297,0 days 00:00:21.390403,9,45,25.0,20.0,80.0,60.0,5.0,80.0,30.0,45.0,,2,2.0,6.0,2.0,4.0,4.0,2.0,5.0,3.0,,COMPLETE
219,219,0.509750566893424,2025-01-01 20:57:16.789162,2025-01-01 20:57:33.490098,0 days 00:00:16.700936,9,45,25.0,25.0,75.0,65.0,5.0,75.0,25.0,60.0,,2,2.0,6.0,2.0,4.0,4.0,2.0,5.0,3.0,,COMPLETE
220,220,0.5852272727272727,2025-01-01 20:57:33.490959,2025-01-01 20:57:55.014099,0 days 00:00:21.523140,9,45,25.0,30.0,85.0,70.0,10.0,80.0,35.0,50.0,,2,2.0,6.0,2.0,4.0,4.0,2.0,5.0,2.0,,COMPLETE
221,221,0.5804810360777057,2025-01-01 20:57:55.014849,2025-01-01 20:58:18.074294,0 days 00:00:23.059445,9,55,20.0,25.0,80.0,65.0,5.0,85.0,30.0,15.0,,2,2.0,6.0,2.0,4.0,3.0,2.0,5.0,4.0,,COMPLETE
222,222,0.559204440333025,2025-01-01 20:58:18.075066,2025-01-01 20:58:40.560297,0 days 00:00:22.485231,9,50,30.0,20.0,70.0,55.0,10.0,75.0,30.0,35.0,,2,2.0,6.0,2.0,4.0,4.0,2.0,5.0,3.0,,COMPLETE
223,223,0.5457892314772204,2025-01-01 20:58:40.561008,2025-01-01 20:59:01.899329,0 days 00:00:21.338321,9,50,25.0,30.0,85.0,60.0,5.0,80.0,40.0,75.0,,2,2.0,6.0,2.0,4.0,3.0,2.0,5.0,3.0,,COMPLETE
224,224,0.6234967622571693,2025-01-01 20:59:01.900211,2025-01-01 20:59:07.979245,0 days 00:00:06.079034,3,55,30.0,75.0,,,,,,,,2,2.0,6.0,,,,,,,,COMPLETE
225,225,0.6080378250591016,2025-01-01 20:59:07.979779,2025-01-01 20:59:30.878100,0 days 00:00:22.898321,8,45,20.0,60.0,75.0,65.0,10.0,85.0,25.0,,,2,2.0,6.0,2.0,4.0,5.0,2.0,6.0,,,COMPLETE
226,226,0.5523809523809524,2025-01-01 20:59:30.878873,2025-01-01 20:59:47.751665,0 days 00:00:16.872792,9,50,25.0,70.0,80.0,95.0,10.0,70.0,95.0,40.0,,2,2.0,6.0,2.0,2.0,3.0,5.0,6.0,2.0,,COMPLETE
227,227,0.4959473150962513,2025-01-01 20:59:47.752477,2025-01-01 21:00:04.759497,0 days 00:00:17.007020,8,50,25.0,25.0,90.0,45.0,5.0,75.0,35.0,,,2,2.0,6.0,2.0,4.0,4.0,2.0,5.0,,,COMPLETE
228,228,0.5933268858800773,2025-01-01 21:00:04.760186,2025-01-01 21:00:14.037037,0 days 00:00:09.276851,5,40,40.0,35.0,75.0,55.0,,,,,,2,2.0,6.0,2.0,4.0,,,,,,COMPLETE
229,229,0.5790697674418605,2025-01-01 21:00:14.037742,2025-01-01 21:00:32.186479,0 days 00:00:18.148737,7,70,35.0,75.0,65.0,45.0,15.0,75.0,,,,2,2.0,6.0,2.0,4.0,5.0,4.0,,,,COMPLETE
230,230,0.5727272727272728,2025-01-01 21:00:32.187323,2025-01-01 21:00:51.692183,0 days 00:00:19.504860,9,45,50.0,65.0,85.0,100.0,50.0,80.0,95.0,55.0,,2,2.0,6.0,2.0,5.0,4.0,2.0,6.0,4.0,,COMPLETE
231,231,0.6388367729831144,2025-01-01 21:00:51.692970,2025-01-01 21:01:11.348012,0 days 00:00:19.655042,8,65,35.0,70.0,70.0,65.0,10.0,90.0,70.0,,,2,2.0,6.0,2.0,2.0,5.0,6.0,6.0,,,COMPLETE
232,232,0.7088372093023256,2025-01-01 21:01:11.348687,2025-01-01 21:01:27.706305,0 days 00:00:16.357618,8,70,25.0,15.0,95.0,90.0,75.0,45.0,20.0,,,2,2.0,6.0,2.0,4.0,3.0,2.0,6.0,,,COMPLETE
233,233,0.6168478260869565,2025-01-01 21:01:27.707372,2025-01-01 21:01:43.772174,0 days 00:00:16.064802,8,75,25.0,5.0,95.0,90.0,70.0,45.0,20.0,,,2,2.0,6.0,2.0,3.0,3.0,2.0,6.0,,,COMPLETE
234,234,0.5869565217391304,2025-01-01 21:01:43.772862,2025-01-01 21:02:02.373429,0 days 00:00:18.600567,8,70,20.0,15.0,100.0,95.0,90.0,40.0,15.0,,,2,2.0,6.0,2.0,5.0,3.0,2.0,6.0,,,COMPLETE
235,235,0.5212962962962963,2025-01-01 21:02:02.374110,2025-01-01 21:02:21.707505,0 days 00:00:19.333395,8,70,30.0,10.0,95.0,90.0,5.0,45.0,30.0,,,2,2.0,6.0,2.0,4.0,4.0,2.0,6.0,,,COMPLETE
236,236,0.5419047619047619,2025-01-01 21:02:21.708344,2025-01-01 21:02:40.673630,0 days 00:00:18.965286,8,20,25.0,15.0,90.0,85.0,60.0,70.0,25.0,,,2,2.0,6.0,2.0,4.0,3.0,5.0,4.0,,,COMPLETE
237,237,0.5436507936507937,2025-01-01 21:02:40.674393,2025-01-01 21:02:58.862679,0 days 00:00:18.188286,8,50,30.0,30.0,80.0,50.0,5.0,55.0,15.0,,,2,2.0,6.0,2.0,4.0,4.0,2.0,6.0,,,COMPLETE
238,238,0.5182724252491694,2025-01-01 21:02:58.863438,2025-01-01 21:03:17.027739,0 days 00:00:18.164301,8,25,45.0,10.0,95.0,70.0,75.0,50.0,35.0,,,2,2.0,6.0,2.0,3.0,3.0,2.0,5.0,,,COMPLETE
239,239,0.6423255813953488,2025-01-01 21:03:17.028414,2025-01-01 21:03:39.378372,0 days 00:00:22.349958,9,50,45.0,20.0,75.0,90.0,45.0,30.0,100.0,40.0,,2,2.0,6.0,2.0,6.0,5.0,6.0,6.0,3.0,,COMPLETE
240,240,0.6356589147286822,2025-01-01 21:03:39.379147,2025-01-01 21:03:56.760478,0 days 00:00:17.381331,7,95,65.0,25.0,90.0,50.0,15.0,60.0,,,,2,2.0,6.0,2.0,4.0,4.0,2.0,,,,COMPLETE
241,241,0.5927952576379389,2025-01-01 21:03:56.761132,2025-01-01 21:04:20.352993,0 days 00:00:23.591861,10,65,30.0,65.0,85.0,30.0,10.0,10.0,20.0,90.0,30.0,2,2.0,6.0,2.0,4.0,3.0,2.0,6.0,4.0,6.0,COMPLETE
242,242,0.5788497217068646,2025-01-01 21:04:20.353827,2025-01-01 21:04:38.314458,0 days 00:00:17.960631,6,70,25.0,80.0,100.0,40.0,5.0,,,,,2,2.0,6.0,2.0,5.0,5.0,,,,,COMPLETE
243,243,0.5457892314772204,2025-01-01 21:04:38.315211,2025-01-01 21:04:56.543968,0 days 00:00:18.228757,8,65,20.0,30.0,75.0,60.0,20.0,70.0,90.0,,,2,2.0,6.0,2.0,2.0,4.0,4.0,4.0,,,COMPLETE
244,244,0.5654846335697399,2025-01-01 21:04:56.544657,2025-01-01 21:05:15.808066,0 days 00:00:19.263409,8,70,55.0,35.0,80.0,95.0,10.0,80.0,30.0,,,2,2.0,6.0,2.0,4.0,5.0,2.0,6.0,,,COMPLETE
245,245,0.6785225718194254,2025-01-01 21:05:15.808749,2025-01-01 21:05:21.878042,0 days 00:00:06.069293,3,100,40.0,65.0,,,,,,,,2,2.0,6.0,,,,,,,,COMPLETE
246,246,0.6700143472022956,2025-01-01 21:05:21.878627,2025-01-01 21:05:29.587086,0 days 00:00:07.708459,3,100,40.0,65.0,,,,,,,,2,4.0,6.0,,,,,,,,COMPLETE
247,247,0.7068480300187617,2025-01-01 21:05:29.587618,2025-01-01 21:05:36.967791,0 days 00:00:07.380173,3,100,40.0,65.0,,,,,,,,2,4.0,6.0,,,,,,,,COMPLETE
248,248,0.5647840531561461,2025-01-01 21:05:36.968324,2025-01-01 21:05:44.031856,0 days 00:00:07.063532,3,100,40.0,65.0,,,,,,,,2,4.0,6.0,,,,,,,,COMPLETE
249,249,0.570754716981132,2025-01-01 21:05:44.032505,2025-01-01 21:05:53.264528,0 days 00:00:09.232023,3,100,40.0,60.0,,,,,,,,2,4.0,6.0,,,,,,,,COMPLETE
250,250,0.38589981447124305,2025-01-01 21:05:53.265139,2025-01-01 21:06:02.978280,0 days 00:00:09.713141,3,100,40.0,65.0,,,,,,,,2,4.0,6.0,,,,,,,,COMPLETE
251,251,0.49257884972170685,2025-01-01 21:06:02.978820,2025-01-01 21:06:11.405974,0 days 00:00:08.427154,3,100,35.0,60.0,,,,,,,,2,4.0,6.0,,,,,,,,COMPLETE
252,252,0.5742753623188406,2025-01-01 21:06:11.406742,2025-01-01 21:06:19.491743,0 days 00:00:08.085001,4,95,40.0,70.0,30.0,,,,,,,2,4.0,6.0,2.0,,,,,,,COMPLETE
253,253,0.6594202898550725,2025-01-01 21:06:19.492307,2025-01-01 21:06:29.487680,0 days 00:00:09.995373,3,100,40.0,65.0,,,,,,,,2,4.0,6.0,,,,,,,,COMPLETE
254,254,0.6234967622571693,2025-01-01 21:06:29.488228,2025-01-01 21:06:38.465422,0 days 00:00:08.977194,3,100,35.0,80.0,,,,,,,,2,4.0,6.0,,,,,,,,COMPLETE
255,255,0.6269230769230769,2025-01-01 21:06:38.465983,2025-01-01 21:06:48.202373,0 days 00:00:09.736390,4,95,40.0,70.0,85.0,,,,,,,2,6.0,6.0,3.0,,,,,,,COMPLETE
256,256,0.5322128851540616,2025-01-01 21:06:48.203129,2025-01-01 21:06:57.743868,0 days 00:00:09.540739,3,100,45.0,25.0,,,,,,,,6,4.0,6.0,,,,,,,,COMPLETE
257,257,0.5415282392026578,2025-01-01 21:06:57.744429,2025-01-01 21:07:07.019890,0 days 00:00:09.275461,4,95,25.0,65.0,65.0,,,,,,,2,5.0,6.0,2.0,,,,,,,COMPLETE
258,258,0.5560224089635855,2025-01-01 21:07:07.020467,2025-01-01 21:07:16.654553,0 days 00:00:09.634086,4,100,60.0,60.0,90.0,,,,,,,2,2.0,6.0,6.0,,,,,,,COMPLETE
259,259,0.6594202898550725,2025-01-01 21:07:16.655134,2025-01-01 21:07:34.063340,0 days 00:00:17.408206,8,100,75.0,75.0,85.0,55.0,30.0,70.0,85.0,,,2,2.0,4.0,2.0,4.0,5.0,3.0,5.0,,,COMPLETE
260,260,0.5374653098982424,2025-01-01 21:07:34.064086,2025-01-01 21:07:41.234407,0 days 00:00:07.170321,3,95,40.0,70.0,,,,,,,,2,4.0,6.0,,,,,,,,COMPLETE
261,261,0.5927952576379389,2025-01-01 21:07:41.234952,2025-01-01 21:08:01.502949,0 days 00:00:20.267997,8,55,70.0,30.0,80.0,100.0,15.0,65.0,95.0,,,2,2.0,6.0,4.0,4.0,5.0,2.0,5.0,,,COMPLETE
262,262,0.6824577861163227,2025-01-01 21:08:01.503980,2025-01-01 21:08:05.991050,0 days 00:00:04.487070,2,50,45.0,,,,,,,,,2,2.0,,,,,,,,,COMPLETE
263,263,0.6349206349206349,2025-01-01 21:08:05.991699,2025-01-01 21:08:09.993894,0 days 00:00:04.002195,2,55,45.0,,,,,,,,,2,2.0,,,,,,,,,COMPLETE
264,264,0.5765957446808511,2025-01-01 21:08:09.994398,2025-01-01 21:08:14.660252,0 days 00:00:04.665854,2,50,45.0,,,,,,,,,2,2.0,,,,,,,,,COMPLETE
265,265,0.5387254901960784,2025-01-01 21:08:14.660764,2025-01-01 21:08:19.244812,0 days 00:00:04.584048,2,100,50.0,,,,,,,,,3,2.0,,,,,,,,,COMPLETE
266,266,0.648479427549195,2025-01-01 21:08:19.245413,2025-01-01 21:08:23.970944,0 days 00:00:04.725531,2,50,45.0,,,,,,,,,2,2.0,,,,,,,,,COMPLETE
267,267,0.6802721088435374,2025-01-01 21:08:23.971554,2025-01-01 21:08:41.249329,0 days 00:00:17.277775,8,55,35.0,75.0,95.0,40.0,25.0,55.0,80.0,,,5,2.0,6.0,2.0,5.0,6.0,3.0,2.0,,,COMPLETE
268,268,0.469187675070028,2025-01-01 21:08:41.250052,2025-01-01 21:08:55.590300,0 days 00:00:14.340248,5,55,35.0,75.0,95.0,40.0,,,,,,5,2.0,3.0,3.0,5.0,,,,,,COMPLETE
269,269,0.5583333333333333,2025-01-01 21:08:55.590938,2025-01-01 21:09:18.728594,0 days 00:00:23.137656,8,60,40.0,85.0,100.0,35.0,25.0,55.0,70.0,,,5,2.0,6.0,2.0,5.0,6.0,3.0,3.0,,,COMPLETE
270,270,0.5317028985507246,2025-01-01 21:09:18.729371,2025-01-01 21:09:24.416480,0 days 00:00:05.687109,2,55,35.0,,,,,,,,,5,2.0,,,,,,,,,COMPLETE
271,271,0.5439024390243903,2025-01-01 21:09:24.417020,2025-01-01 21:09:35.054203,0 days 00:00:10.637183,3,95,40.0,75.0,,,,,,,,5,4.0,6.0,,,,,,,,COMPLETE
272,272,0.4453781512605042,2025-01-01 21:09:35.055059,2025-01-01 21:10:00.490279,0 days 00:00:25.435220,8,30,40.0,80.0,95.0,40.0,25.0,35.0,10.0,,,5,2.0,6.0,5.0,5.0,6.0,3.0,2.0,,,COMPLETE
273,273,0.6594202898550725,2025-01-01 21:10:00.491032,2025-01-01 21:10:23.510870,0 days 00:00:23.019838,7,60,35.0,35.0,70.0,45.0,35.0,40.0,,,,5,2.0,6.0,2.0,5.0,6.0,3.0,,,,COMPLETE
274,274,0.6323055683387022,2025-01-01 21:10:23.511574,2025-01-01 21:10:50.131724,0 days 00:00:26.620150,8,35,40.0,70.0,95.0,30.0,20.0,65.0,45.0,,,5,2.0,6.0,2.0,5.0,6.0,6.0,6.0,,,COMPLETE
275,275,0.4997635933806146,2025-01-01 21:10:50.132572,2025-01-01 21:11:11.634013,0 days 00:00:21.501441,8,100,35.0,65.0,75.0,45.0,30.0,25.0,75.0,,,4,5.0,6.0,2.0,2.0,2.0,2.0,6.0,,,COMPLETE
276,276,0.5742753623188406,2025-01-01 21:11:11.634821,2025-01-01 21:11:17.697834,0 days 00:00:06.063013,2,55,45.0,,,,,,,,,5,2.0,,,,,,,,,COMPLETE
277,277,0.6080378250591016,2025-01-01 21:11:17.698471,2025-01-01 21:11:26.512888,0 days 00:00:08.814417,3,90,50.0,75.0,,,,,,,,2,4.0,6.0,,,,,,,,COMPLETE
278,278,0.6594202898550725,2025-01-01 21:11:26.513443,2025-01-01 21:11:38.915374,0 days 00:00:12.401931,8,25,40.0,70.0,100.0,85.0,25.0,50.0,80.0,,,2,2.0,6.0,2.0,5.0,3.0,2.0,2.0,,,COMPLETE
279,279,0.6444444444444444,2025-01-01 21:11:38.916057,2025-01-01 21:11:57.500949,0 days 00:00:18.584892,8,60,45.0,60.0,60.0,40.0,100.0,45.0,85.0,,,2,2.0,6.0,2.0,6.0,6.0,2.0,6.0,,,COMPLETE
280,280,0.5952157598499062,2025-01-01 21:11:57.501648,2025-01-01 21:12:07.985903,0 days 00:00:10.484255,5,50,30.0,30.0,90.0,45.0,,,,,,5,2.0,6.0,2.0,4.0,,,,,,COMPLETE
281,281,0.7172576832151301,2025-01-01 21:12:07.986680,2025-01-01 21:12:15.564128,0 days 00:00:07.577448,3,100,20.0,80.0,,,,,,,,2,2.0,6.0,,,,,,,,COMPLETE
282,282,0.6907894736842105,2025-01-01 21:12:15.564771,2025-01-01 21:12:23.459205,0 days 00:00:07.894434,3,100,15.0,80.0,,,,,,,,4,2.0,6.0,,,,,,,,COMPLETE
283,283,0.5771649733913884,2025-01-01 21:12:23.459754,2025-01-01 21:12:32.475584,0 days 00:00:09.015830,3,100,15.0,80.0,,,,,,,,3,2.0,6.0,,,,,,,,COMPLETE
284,284,0.6168478260869565,2025-01-01 21:12:32.476123,2025-01-01 21:12:41.706733,0 days 00:00:09.230610,3,100,15.0,80.0,,,,,,,,4,2.0,6.0,,,,,,,,COMPLETE
285,285,0.4777777777777778,2025-01-01 21:12:41.707378,2025-01-01 21:12:50.684640,0 days 00:00:08.977262,3,5,10.0,85.0,,,,,,,,3,2.0,6.0,,,,,,,,COMPLETE
286,286,0.5323639774859287,2025-01-01 21:12:50.685252,2025-01-01 21:13:06.786314,0 days 00:00:16.101062,7,55,15.0,80.0,85.0,50.0,25.0,55.0,,,,4,2.0,6.0,3.0,2.0,2.0,6.0,,,,COMPLETE
287,287,0.5927952576379389,2025-01-01 21:13:06.787204,2025-01-01 21:13:27.796255,0 days 00:00:21.009051,8,45,20.0,85.0,5.0,35.0,20.0,60.0,60.0,,,5,2.0,6.0,3.0,4.0,3.0,2.0,6.0,,,COMPLETE
288,288,0.4034552845528455,2025-01-01 21:13:27.797188,2025-01-01 21:13:32.203430,0 days 00:00:04.406242,2,30,20.0,,,,,,,,,4,2.0,,,,,,,,,COMPLETE
289,289,0.5025310630464795,2025-01-01 21:13:32.204063,2025-01-01 21:13:51.515233,0 days 00:00:19.311170,6,50,25.0,80.0,95.0,95.0,90.0,,,,,5,2.0,6.0,2.0,5.0,5.0,,,,,COMPLETE
290,290,0.5769230769230769,2025-01-01 21:13:51.515897,2025-01-01 21:14:09.594792,0 days 00:00:18.078895,8,35,10.0,35.0,80.0,55.0,15.0,60.0,100.0,,,3,2.0,6.0,2.0,3.0,5.0,2.0,6.0,,,COMPLETE
291,291,0.4881470730527334,2025-01-01 21:14:09.595580,2025-01-01 21:14:24.767987,0 days 00:00:15.172407,8,100,20.0,20.0,90.0,45.0,55.0,75.0,80.0,,,5,2.0,6.0,2.0,4.0,3.0,2.0,6.0,,,COMPLETE
292,292,0.6064084170253468,2025-01-01 21:14:24.768823,2025-01-01 21:14:32.577281,0 days 00:00:07.808458,3,65,30.0,30.0,,,,,,,,2,2.0,5.0,,,,,,,,COMPLETE
293,293,0.5619047619047619,2025-01-01 21:14:32.577830,2025-01-01 21:14:50.849064,0 days 00:00:18.271234,8,55,15.0,25.0,75.0,50.0,10.0,90.0,10.0,,,2,2.0,2.0,2.0,4.0,5.0,2.0,3.0,,,COMPLETE
294,294,0.5053191489361701,2025-01-01 21:14:50.849768,2025-01-01 21:14:55.500204,0 days 00:00:04.650436,2,95,20.0,,,,,,,,,5,2.0,,,,,,,,,COMPLETE
295,295,0.5398601398601399,2025-01-01 21:14:55.500741,2025-01-01 21:15:08.563236,0 days 00:00:13.062495,7,45,25.0,75.0,20.0,40.0,20.0,60.0,,,,2,2.0,6.0,2.0,4.0,3.0,3.0,,,,COMPLETE
296,296,0.6452358926919519,2025-01-01 21:15:08.563915,2025-01-01 21:15:31.998793,0 days 00:00:23.434878,8,50,30.0,5.0,100.0,100.0,15.0,65.0,95.0,,,4,2.0,6.0,5.0,5.0,5.0,6.0,6.0,,,COMPLETE
297,297,0.44363812288340587,2025-01-01 21:15:31.999788,2025-01-01 21:15:51.813007,0 days 00:00:19.813219,8,100,45.0,10.0,85.0,80.0,40.0,85.0,100.0,,,2,6.0,6.0,2.0,2.0,6.0,2.0,4.0,,,COMPLETE
298,298,0.5927952576379389,2025-01-01 21:15:51.813807,2025-01-01 21:16:08.508964,0 days 00:00:16.695157,8,65,25.0,15.0,80.0,50.0,10.0,75.0,90.0,,,6,2.0,6.0,2.0,4.0,3.0,2.0,6.0,,,COMPLETE
299,299,0.5268867924528302,2025-01-01 21:16:08.509768,2025-01-01 21:16:14.744132,0 days 00:00:06.234364,3,40,20.0,35.0,,,,,,,,2,2.0,6.0,,,,,,,,COMPLETE
300,300,0.6022201665124884,2025-01-01 21:16:14.744703,2025-01-01 21:16:19.658805,0 days 00:00:04.914102,2,45,75.0,,,,,,,,,3,2.0,,,,,,,,,COMPLETE
301,301,0.5643939393939394,2025-01-01 21:16:19.659330,2025-01-01 21:16:36.190376,0 days 00:00:16.531046,8,50,40.0,70.0,45.0,90.0,85.0,95.0,20.0,,,2,2.0,4.0,2.0,3.0,4.0,5.0,6.0,,,COMPLETE
302,302,0.5584415584415584,2025-01-01 21:16:36.191130,2025-01-01 21:16:50.967134,0 days 00:00:14.776004,7,30,35.0,85.0,75.0,55.0,95.0,20.0,,,,2,2.0,6.0,2.0,4.0,5.0,2.0,,,,COMPLETE
303,303,0.723404255319149,2025-01-01 21:16:50.967811,2025-01-01 21:17:00.703829,0 days 00:00:09.736018,4,60,25.0,30.0,90.0,,,,,,,5,2.0,6.0,3.0,,,,,,,COMPLETE
304,304,0.687847866419295,2025-01-01 21:17:00.704407,2025-01-01 21:17:11.245968,0 days 00:00:10.541561,4,60,45.0,30.0,90.0,,,,,,,4,2.0,6.0,4.0,,,,,,,COMPLETE
305,305,0.5380200860832138,2025-01-01 21:17:11.246805,2025-01-01 21:17:21.547645,0 days 00:00:10.300840,4,60,50.0,30.0,90.0,,,,,,,4,2.0,6.0,4.0,,,,,,,COMPLETE
306,306,0.5727272727272728,2025-01-01 21:17:21.548363,2025-01-01 21:17:31.806185,0 days 00:00:10.257822,3,15,45.0,35.0,,,,,,,,4,2.0,6.0,,,,,,,,COMPLETE
307,307,0.509750566893424,2025-01-01 21:17:31.806981,2025-01-01 21:17:40.851519,0 days 00:00:09.044538,4,60,50.0,75.0,90.0,,,,,,,5,2.0,6.0,4.0,,,,,,,COMPLETE
308,308,0.53,2025-01-01 21:17:40.852148,2025-01-01 21:17:55.192985,0 days 00:00:14.340837,4,65,45.0,80.0,90.0,,,,,,,4,5.0,6.0,3.0,,,,,,,COMPLETE
309,309,0.6666666666666666,2025-01-01 21:17:55.193595,2025-01-01 21:18:06.873765,0 days 00:00:11.680170,4,60,30.0,45.0,85.0,,,,,,,5,2.0,5.0,4.0,,,,,,,COMPLETE
310,310,0.5576279292204687,2025-01-01 21:18:06.874337,2025-01-01 21:18:16.811294,0 days 00:00:09.936957,4,60,25.0,65.0,90.0,,,,,,,4,2.0,6.0,4.0,,,,,,,COMPLETE
311,311,0.6428571428571428,2025-01-01 21:18:16.811900,2025-01-01 21:18:31.668404,0 days 00:00:14.856504,5,65,45.0,60.0,95.0,95.0,,,,,,5,2.0,6.0,3.0,3.0,,,,,,COMPLETE
312,312,0.6225296442687747,2025-01-01 21:18:31.669066,2025-01-01 21:18:42.247872,0 days 00:00:10.578806,4,65,70.0,30.0,85.0,,,,,,,4,2.0,6.0,3.0,,,,,,,COMPLETE
313,313,0.5335968379446641,2025-01-01 21:18:42.248475,2025-01-01 21:18:51.567248,0 days 00:00:09.318773,2,55,40.0,,,,,,,,,5,5.0,,,,,,,,,COMPLETE
314,314,0.5053191489361701,2025-01-01 21:18:51.567896,2025-01-01 21:19:01.462115,0 days 00:00:09.894219,4,70,20.0,70.0,70.0,,,,,,,5,2.0,6.0,3.0,,,,,,,COMPLETE
315,315,0.5804810360777057,2025-01-01 21:19:01.462737,2025-01-01 21:19:15.897609,0 days 00:00:14.434872,6,60,25.0,75.0,90.0,10.0,25.0,,,,,4,2.0,6.0,2.0,5.0,2.0,,,,,COMPLETE
316,316,0.687847866419295,2025-01-01 21:19:15.898368,2025-01-01 21:19:25.041144,0 days 00:00:09.142776,4,100,45.0,35.0,85.0,,,,,,,5,2.0,6.0,2.0,,,,,,,COMPLETE
317,317,0.5499031007751938,2025-01-01 21:19:25.041719,2025-01-01 21:19:34.295992,0 days 00:00:09.254273,3,100,45.0,65.0,,,,,,,,5,2.0,6.0,,,,,,,,COMPLETE
318,318,0.6444444444444444,2025-01-01 21:19:34.296575,2025-01-01 21:19:46.085190,0 days 00:00:11.788615,4,100,50.0,40.0,85.0,,,,,,,5,2.0,6.0,4.0,,,,,,,COMPLETE
319,319,0.45307125307125307,2025-01-01 21:19:46.085841,2025-01-01 21:19:52.828379,0 days 00:00:06.742538,2,100,45.0,,,,,,,,,5,2.0,,,,,,,,,COMPLETE
320,320,0.5265957446808511,2025-01-01 21:19:52.828936,2025-01-01 21:20:04.511653,0 days 00:00:11.682717,4,95,40.0,35.0,95.0,,,,,,,5,2.0,6.0,2.0,,,,,,,COMPLETE
321,321,0.43255813953488376,2025-01-01 21:20:04.512257,2025-01-01 21:20:16.468487,0 days 00:00:11.956230,4,100,45.0,55.0,80.0,,,,,,,5,2.0,6.0,5.0,,,,,,,COMPLETE
322,322,0.6054582210242587,2025-01-01 21:20:16.469226,2025-01-01 21:20:22.552662,0 days 00:00:06.083436,2,60,50.0,,,,,,,,,5,2.0,,,,,,,,,COMPLETE
323,323,0.5788497217068646,2025-01-01 21:20:22.553192,2025-01-01 21:20:31.332366,0 days 00:00:08.779174,3,95,40.0,70.0,,,,,,,,5,2.0,6.0,,,,,,,,COMPLETE
324,324,0.6444444444444444,2025-01-01 21:20:31.333037,2025-01-01 21:20:39.919866,0 days 00:00:08.586829,3,55,45.0,25.0,,,,,,,,5,2.0,6.0,,,,,,,,COMPLETE
325,325,0.4939393939393939,2025-01-01 21:20:39.920571,2025-01-01 21:20:49.864690,0 days 00:00:09.944119,4,100,35.0,85.0,85.0,,,,,,,5,2.0,6.0,3.0,,,,,,,COMPLETE
326,326,0.6581818181818182,2025-01-01 21:20:49.865375,2025-01-01 21:21:05.291892,0 days 00:00:15.426517,8,95,15.0,50.0,90.0,75.0,75.0,50.0,75.0,,,5,2.0,6.0,2.0,2.0,3.0,4.0,2.0,,,COMPLETE
327,327,0.6665124884366327,2025-01-01 21:21:05.292596,2025-01-01 21:21:27.755224,0 days 00:00:22.462628,8,100,40.0,20.0,95.0,80.0,65.0,35.0,80.0,,,5,2.0,6.0,5.0,5.0,6.0,3.0,6.0,,,COMPLETE
328,328,0.5166835187057635,2025-01-01 21:21:27.756259,2025-01-01 21:21:46.132897,0 days 00:00:18.376638,8,55,50.0,40.0,85.0,45.0,20.0,65.0,15.0,,,2,2.0,6.0,2.0,6.0,4.0,6.0,6.0,,,COMPLETE
329,329,0.5507692307692308,2025-01-01 21:21:46.133624,2025-01-01 21:21:51.742594,0 days 00:00:05.608970,2,60,45.0,,,,,,,,,5,2.0,,,,,,,,,COMPLETE
330,330,0.6594202898550725,2025-01-01 21:21:51.743136,2025-01-01 21:21:58.112781,0 days 00:00:06.369645,3,95,40.0,80.0,,,,,,,,2,3.0,6.0,,,,,,,,COMPLETE
331,331,0.6423255813953488,2025-01-01 21:21:58.113338,2025-01-01 21:22:13.545684,0 days 00:00:15.432346,8,65,45.0,30.0,80.0,50.0,35.0,40.0,55.0,,,2,2.0,6.0,2.0,3.0,3.0,5.0,6.0,,,COMPLETE
332,332,0.5892857142857143,2025-01-01 21:22:13.546456,2025-01-01 21:22:24.208132,0 days 00:00:10.661676,4,100,35.0,90.0,90.0,,,,,,,4,6.0,6.0,2.0,,,,,,,COMPLETE
333,333,0.5583333333333333,2025-01-01 21:22:24.208722,2025-01-01 21:22:40.925443,0 days 00:00:16.716721,8,55,40.0,35.0,80.0,25.0,15.0,70.0,65.0,,,2,2.0,6.0,2.0,5.0,3.0,4.0,3.0,,,COMPLETE
334,334,0.5607142857142857,2025-01-01 21:22:40.926452,2025-01-01 21:22:48.783718,0 days 00:00:07.857266,3,100,45.0,60.0,,,,,,,,5,2.0,6.0,,,,,,,,COMPLETE
335,335,0.5950113378684807,2025-01-01 21:22:48.784434,2025-01-01 21:23:05.408145,0 days 00:00:16.623711,8,65,40.0,75.0,85.0,85.0,45.0,70.0,85.0,,,2,2.0,2.0,2.0,2.0,6.0,6.0,6.0,,,COMPLETE
336,336,0.5950113378684807,2025-01-01 21:23:05.408872,2025-01-01 21:23:19.350234,0 days 00:00:13.941362,7,60,75.0,70.0,90.0,55.0,30.0,65.0,,,,5,2.0,6.0,2.0,3.0,3.0,3.0,,,,COMPLETE
337,337,0.6665124884366327,2025-01-01 21:23:19.350904,2025-01-01 21:23:29.370233,0 days 00:00:10.019329,4,20,50.0,30.0,85.0,,,,,,,2,2.0,6.0,4.0,,,,,,,COMPLETE
338,338,0.6737588652482269,2025-01-01 21:23:29.370823,2025-01-01 21:23:32.596231,0 days 00:00:03.225408,2,35,45.0,,,,,,,,,2,2.0,,,,,,,,,COMPLETE
339,339,0.6808510638297872,2025-01-01 21:23:32.596737,2025-01-01 21:23:50.676947,0 days 00:00:18.080210,8,100,35.0,80.0,95.0,45.0,10.0,75.0,50.0,,,4,2.0,6.0,2.0,5.0,4.0,6.0,6.0,,,COMPLETE
340,340,0.7847985347985348,2025-01-01 21:23:50.677769,2025-01-01 21:24:11.777582,0 days 00:00:21.099813,8,65,30.0,80.0,95.0,45.0,10.0,75.0,45.0,,,4,2.0,6.0,2.0,5.0,4.0,6.0,6.0,,,COMPLETE
341,341,0.5238095238095237,2025-01-01 21:24:11.778705,2025-01-01 21:24:35.160580,0 days 00:00:23.381875,8,65,30.0,80.0,95.0,45.0,10.0,75.0,45.0,,,4,2.0,6.0,2.0,5.0,4.0,6.0,6.0,,,COMPLETE
342,342,0.5769230769230769,2025-01-01 21:24:35.161375,2025-01-01 21:24:54.117628,0 days 00:00:18.956253,8,65,35.0,80.0,95.0,40.0,5.0,75.0,50.0,,,4,2.0,6.0,2.0,5.0,4.0,6.0,6.0,,,COMPLETE
343,343,0.5742753623188406,2025-01-01 21:24:54.118576,2025-01-01 21:25:14.916520,0 days 00:00:20.797944,8,60,30.0,80.0,100.0,45.0,10.0,70.0,55.0,,,4,2.0,6.0,2.0,5.0,4.0,6.0,6.0,,,COMPLETE
344,344,0.5126050420168067,2025-01-01 21:25:14.917273,2025-01-01 21:25:35.385214,0 days 00:00:20.467941,8,55,35.0,85.0,95.0,50.0,10.0,75.0,40.0,,,4,2.0,6.0,2.0,5.0,4.0,6.0,6.0,,,COMPLETE
345,345,0.5756302521008403,2025-01-01 21:25:35.386065,2025-01-01 21:26:01.740987,0 days 00:00:26.354922,8,65,30.0,75.0,90.0,45.0,15.0,80.0,50.0,,,4,2.0,6.0,2.0,5.0,4.0,6.0,6.0,,,COMPLETE
346,346,0.5106382978723404,2025-01-01 21:26:01.741835,2025-01-01 21:26:25.618656,0 days 00:00:23.876821,8,100,25.0,85.0,95.0,40.0,5.0,85.0,25.0,,,4,2.0,6.0,2.0,5.0,4.0,6.0,6.0,,,COMPLETE
347,347,0.551594746716698,2025-01-01 21:26:25.619407,2025-01-01 21:26:51.702099,0 days 00:00:26.082692,8,25,20.0,45.0,90.0,50.0,15.0,75.0,45.0,,,4,2.0,6.0,2.0,5.0,5.0,6.0,6.0,,,COMPLETE
348,348,0.6080378250591016,2025-01-01 21:26:51.702987,2025-01-01 21:27:10.765903,0 days 00:00:19.062916,8,55,65.0,80.0,75.0,45.0,5.0,70.0,60.0,,,4,2.0,6.0,2.0,5.0,3.0,6.0,6.0,,,COMPLETE
349,349,0.6428571428571428,2025-01-01 21:27:10.766775,2025-01-01 21:27:29.107849,0 days 00:00:18.341074,8,50,30.0,80.0,95.0,50.0,20.0,40.0,90.0,,,4,2.0,6.0,2.0,5.0,4.0,6.0,6.0,,,COMPLETE
350,350,0.5788497217068646,2025-01-01 21:27:29.108589,2025-01-01 21:27:50.255348,0 days 00:00:21.146759,8,60,35.0,75.0,90.0,40.0,10.0,45.0,20.0,,,4,2.0,6.0,2.0,5.0,5.0,6.0,6.0,,,COMPLETE
351,351,0.430019305019305,2025-01-01 21:27:50.256124,2025-01-01 21:28:09.419361,0 days 00:00:19.163237,8,95,25.0,25.0,100.0,50.0,5.0,65.0,50.0,,,6,2.0,6.0,6.0,2.0,3.0,5.0,6.0,,,COMPLETE
352,352,0.5643939393939394,2025-01-01 21:28:09.420125,2025-01-01 21:28:26.731243,0 days 00:00:17.311118,8,65,30.0,80.0,80.0,55.0,10.0,80.0,100.0,,,4,2.0,6.0,2.0,5.0,4.0,2.0,6.0,,,COMPLETE
353,353,0.6083333333333334,2025-01-01 21:28:26.732258,2025-01-01 21:28:43.870938,0 days 00:00:17.138680,7,100,25.0,75.0,85.0,45.0,20.0,80.0,,,,4,2.0,6.0,2.0,5.0,5.0,2.0,,,,COMPLETE
354,354,0.6022201665124884,2025-01-01 21:28:43.871737,2025-01-01 21:29:08.092035,0 days 00:00:24.220298,8,60,100.0,40.0,90.0,90.0,10.0,75.0,95.0,,,5,2.0,6.0,2.0,6.0,4.0,2.0,6.0,,,COMPLETE
355,355,0.6526829268292682,2025-01-01 21:29:08.092800,2025-01-01 21:29:32.431145,0 days 00:00:24.338345,8,35,35.0,90.0,75.0,50.0,15.0,70.0,40.0,,,5,2.0,6.0,2.0,5.0,3.0,6.0,6.0,,,COMPLETE
356,356,0.570754716981132,2025-01-01 21:29:32.432141,2025-01-01 21:29:53.925420,0 days 00:00:21.493279,8,55,25.0,30.0,95.0,20.0,5.0,75.0,35.0,,,4,2.0,6.0,3.0,2.0,5.0,2.0,6.0,,,COMPLETE
357,357,0.49444444444444446,2025-01-01 21:29:53.926134,2025-01-01 21:30:11.764306,0 days 00:00:17.838172,7,30,15.0,75.0,50.0,45.0,55.0,50.0,,,,6,5.0,6.0,2.0,5.0,3.0,4.0,,,,COMPLETE
358,358,0.6154545454545455,2025-01-01 21:30:11.765150,2025-01-01 21:30:21.248290,0 days 00:00:09.483140,4,50,20.0,80.0,85.0,,,,,,,4,2.0,6.0,2.0,,,,,,,COMPLETE
359,359,0.6126373626373627,2025-01-01 21:30:21.249000,2025-01-01 21:30:41.066246,0 days 00:00:19.817246,8,95,30.0,30.0,90.0,40.0,15.0,60.0,25.0,,,5,2.0,6.0,2.0,5.0,5.0,2.0,6.0,,,COMPLETE
360,360,0.5457892314772204,2025-01-01 21:30:41.067216,2025-01-01 21:30:47.125107,0 days 00:00:06.057891,2,100,45.0,,,,,,,,,5,3.0,,,,,,,,,COMPLETE
361,361,0.7655328798185941,2025-01-01 21:30:47.125656,2025-01-01 21:31:06.142022,0 days 00:00:19.016366,8,55,35.0,85.0,80.0,45.0,70.0,70.0,95.0,,,5,2.0,6.0,2.0,4.0,2.0,6.0,6.0,,,COMPLETE
362,362,0.5499316005471957,2025-01-01 21:31:06.142777,2025-01-01 21:31:16.961104,0 days 00:00:10.818327,5,70,45.0,85.0,80.0,55.0,,,,,,4,2.0,6.0,2.0,3.0,,,,,,COMPLETE
363,363,0.5950113378684807,2025-01-01 21:31:16.961736,2025-01-01 21:31:35.035486,0 days 00:00:18.073750,8,100,40.0,85.0,80.0,45.0,75.0,85.0,95.0,,,2,2.0,6.0,2.0,4.0,2.0,6.0,6.0,,,COMPLETE
364,364,0.5957446808510638,2025-01-01 21:31:35.036304,2025-01-01 21:31:53.457040,0 days 00:00:18.420736,8,50,55.0,90.0,75.0,85.0,70.0,70.0,90.0,,,5,2.0,6.0,2.0,4.0,2.0,6.0,6.0,,,COMPLETE
365,365,0.6655813953488372,2025-01-01 21:31:53.457938,2025-01-01 21:32:16.509925,0 days 00:00:23.051987,8,65,35.0,85.0,85.0,50.0,80.0,70.0,95.0,,,2,2.0,6.0,2.0,3.0,2.0,6.0,6.0,,,COMPLETE
366,366,0.6260162601626016,2025-01-01 21:32:16.510631,2025-01-01 21:32:19.953742,0 days 00:00:03.443111,2,40,60.0,,,,,,,,,2,2.0,,,,,,,,,COMPLETE
367,367,0.5707364341085271,2025-01-01 21:32:19.954280,2025-01-01 21:32:31.665016,0 days 00:00:11.710736,4,60,25.0,35.0,80.0,,,,,,,4,2.0,6.0,2.0,,,,,,,COMPLETE
368,368,0.4671201814058957,2025-01-01 21:32:31.665617,2025-01-01 21:32:48.789344,0 days 00:00:17.123727,7,100,40.0,50.0,75.0,55.0,65.0,80.0,,,,5,2.0,6.0,2.0,4.0,2.0,6.0,,,,COMPLETE
369,369,0.5518867924528301,2025-01-01 21:32:48.790054,2025-01-01 21:33:04.379573,0 days 00:00:15.589519,8,65,70.0,30.0,70.0,90.0,70.0,65.0,100.0,,,2,2.0,6.0,2.0,2.0,2.0,6.0,6.0,,,COMPLETE
370,370,0.6064084170253468,2025-01-01 21:33:04.380290,2025-01-01 21:33:24.730141,0 days 00:00:20.349851,8,55,20.0,25.0,85.0,45.0,75.0,70.0,20.0,,,2,2.0,6.0,3.0,4.0,5.0,5.0,6.0,,,COMPLETE
371,371,0.6154545454545455,2025-01-01 21:33:24.730990,2025-01-01 21:33:45.552301,0 days 00:00:20.821311,8,95,45.0,35.0,80.0,50.0,80.0,75.0,25.0,,,2,2.0,6.0,2.0,4.0,5.0,6.0,6.0,,,COMPLETE
372,372,0.4187192118226601,2025-01-01 21:33:45.553369,2025-01-01 21:33:53.899419,0 days 00:00:08.346050,4,25,40.0,20.0,75.0,,,,,,,4,3.0,6.0,2.0,,,,,,,COMPLETE
373,373,0.5652173913043478,2025-01-01 21:33:53.900148,2025-01-01 21:34:17.118952,0 days 00:00:23.218804,8,50,50.0,80.0,90.0,60.0,80.0,70.0,90.0,,,5,2.0,6.0,4.0,3.0,4.0,2.0,6.0,,,COMPLETE
374,374,0.5804810360777057,2025-01-01 21:34:17.119719,2025-01-01 21:34:20.405435,0 days 00:00:03.285716,2,100,30.0,,,,,,,,,2,2.0,,,,,,,,,COMPLETE
375,375,0.4445454545454546,2025-01-01 21:34:20.405981,2025-01-01 21:34:34.298497,0 days 00:00:13.892516,6,60,45.0,65.0,85.0,85.0,5.0,,,,,5,2.0,6.0,2.0,4.0,5.0,,,,,COMPLETE
376,376,0.53,2025-01-01 21:34:34.299192,2025-01-01 21:34:51.956826,0 days 00:00:17.657634,8,70,25.0,55.0,80.0,95.0,10.0,80.0,95.0,,,4,2.0,6.0,2.0,2.0,4.0,6.0,6.0,,,COMPLETE
377,377,0.6257142857142857,2025-01-01 21:34:51.957657,2025-01-01 21:35:00.721631,0 days 00:00:08.763974,4,55,35.0,90.0,90.0,,,,,,,2,5.0,6.0,2.0,,,,,,,COMPLETE
378,378,0.4891304347826087,2025-01-01 21:35:00.722225,2025-01-01 21:35:16.179866,0 days 00:00:15.457641,8,30,50.0,25.0,75.0,55.0,70.0,75.0,100.0,,,2,2.0,6.0,2.0,4.0,2.0,2.0,5.0,,,COMPLETE
379,379,0.601923076923077,2025-01-01 21:35:16.180686,2025-01-01 21:35:24.758988,0 days 00:00:08.578302,4,65,65.0,30.0,85.0,,,,,,,5,2.0,6.0,2.0,,,,,,,COMPLETE
380,380,0.6447124304267161,2025-01-01 21:35:24.759571,2025-01-01 21:35:42.231098,0 days 00:00:17.471527,7,50,40.0,80.0,80.0,45.0,85.0,65.0,,,,2,2.0,6.0,2.0,4.0,5.0,5.0,,,,COMPLETE
381,381,0.5727272727272728,2025-01-01 21:35:42.231813,2025-01-01 21:35:59.477849,0 days 00:00:17.246036,8,100,15.0,85.0,90.0,50.0,5.0,75.0,85.0,,,2,2.0,6.0,2.0,6.0,3.0,2.0,6.0,,,COMPLETE
382,382,0.723404255319149,2025-01-01 21:35:59.478764,2025-01-01 21:36:12.455307,0 days 00:00:12.976543,5,95,45.0,65.0,95.0,90.0,,,,,,2,2.0,3.0,4.0,4.0,,,,,,COMPLETE
383,383,0.5374653098982424,2025-01-01 21:36:12.455936,2025-01-01 21:36:20.795845,0 days 00:00:08.339909,4,90,20.0,10.0,100.0,,,,,,,4,2.0,2.0,4.0,,,,,,,COMPLETE
384,384,0.559204440333025,2025-01-01 21:36:20.796511,2025-01-01 21:36:33.703739,0 days 00:00:12.907228,5,95,40.0,15.0,95.0,90.0,,,,,,5,2.0,6.0,4.0,4.0,,,,,,COMPLETE
385,385,0.6821705426356589,2025-01-01 21:36:33.704431,2025-01-01 21:36:43.526815,0 days 00:00:09.822384,5,95,25.0,70.0,95.0,90.0,,,,,,2,2.0,3.0,4.0,4.0,,,,,,COMPLETE
386,386,0.6713286713286714,2025-01-01 21:36:43.527549,2025-01-01 21:36:48.345980,0 days 00:00:04.818431,3,90,25.0,70.0,,,,,,,,2,2.0,3.0,,,,,,,,COMPLETE
387,387,0.5375,2025-01-01 21:36:48.346539,2025-01-01 21:37:00.372257,0 days 00:00:12.025718,5,95,25.0,70.0,100.0,85.0,,,,,,2,2.0,3.0,4.0,4.0,,,,,,COMPLETE
388,388,0.7159090909090908,2025-01-01 21:37:00.372896,2025-01-01 21:37:09.518823,0 days 00:00:09.145927,5,95,30.0,30.0,95.0,95.0,,,,,,2,2.0,3.0,4.0,4.0,,,,,,COMPLETE
389,389,0.6388367729831144,2025-01-01 21:37:09.519484,2025-01-01 21:37:19.103022,0 days 00:00:09.583538,5,90,30.0,30.0,95.0,95.0,,,,,,2,2.0,3.0,4.0,4.0,,,,,,COMPLETE
390,390,0.5727272727272728,2025-01-01 21:37:19.103613,2025-01-01 21:37:29.212258,0 days 00:00:10.108645,5,95,30.0,35.0,95.0,100.0,,,,,,2,2.0,3.0,4.0,4.0,,,,,,COMPLETE
391,391,0.5317028985507246,2025-01-01 21:37:29.212905,2025-01-01 21:37:37.868020,0 days 00:00:08.655115,5,95,25.0,25.0,100.0,90.0,,,,,,2,2.0,3.0,4.0,4.0,,,,,,COMPLETE
392,392,0.6082926829268294,2025-01-01 21:37:37.868645,2025-01-01 21:37:48.026691,0 days 00:00:10.158046,5,95,20.0,30.0,90.0,100.0,,,,,,2,2.0,3.0,4.0,4.0,,,,,,COMPLETE
393,393,0.5950113378684807,2025-01-01 21:37:48.027299,2025-01-01 21:38:01.541803,0 days 00:00:13.514504,5,90,30.0,35.0,90.0,90.0,,,,,,2,2.0,3.0,4.0,4.0,,,,,,COMPLETE
394,394,0.5804810360777057,2025-01-01 21:38:01.542543,2025-01-01 21:38:12.281859,0 days 00:00:10.739316,5,95,25.0,30.0,95.0,95.0,,,,,,2,3.0,3.0,4.0,4.0,,,,,,COMPLETE
395,395,0.5871212121212122,2025-01-01 21:38:12.282478,2025-01-01 21:38:22.603202,0 days 00:00:10.320724,5,95,20.0,25.0,90.0,95.0,,,,,,2,2.0,3.0,4.0,4.0,,,,,,COMPLETE
396,396,0.6015769944341374,2025-01-01 21:38:22.603946,2025-01-01 21:38:33.888821,0 days 00:00:11.284875,5,95,25.0,30.0,95.0,90.0,,,,,,2,2.0,4.0,4.0,4.0,,,,,,COMPLETE
397,397,0.6382978723404256,2025-01-01 21:38:33.889433,2025-01-01 21:38:45.933212,0 days 00:00:12.043779,5,90,30.0,35.0,40.0,80.0,,,,,,2,2.0,4.0,4.0,4.0,,,,,,COMPLETE
398,398,0.5523809523809524,2025-01-01 21:38:45.933868,2025-01-01 21:38:56.345895,0 days 00:00:10.412027,4,65,20.0,70.0,85.0,,,,,,,2,5.0,3.0,4.0,,,,,,,COMPLETE
399,399,0.6556776556776557,2025-01-01 21:38:56.346508,2025-01-01 21:39:06.677600,0 days 00:00:10.331092,5,90,25.0,25.0,90.0,85.0,,,,,,2,2.0,3.0,4.0,4.0,,,,,,COMPLETE
400,400,0.53,2025-01-01 21:39:06.678224,2025-01-01 21:39:14.697253,0 days 00:00:08.019029,4,95,30.0,30.0,95.0,,,,,,,2,2.0,3.0,4.0,,,,,,,COMPLETE
401,401,0.7273584905660377,2025-01-01 21:39:14.697858,2025-01-01 21:39:29.083007,0 days 00:00:14.385149,6,100,25.0,40.0,85.0,100.0,20.0,,,,,2,2.0,3.0,4.0,4.0,5.0,,,,,COMPLETE
402,402,0.5742753623188406,2025-01-01 21:39:29.083678,2025-01-01 21:39:41.292445,0 days 00:00:12.208767,6,100,10.0,45.0,85.0,100.0,20.0,,,,,2,2.0,3.0,3.0,4.0,5.0,,,,,COMPLETE
403,403,0.5317028985507246,2025-01-01 21:39:41.293246,2025-01-01 21:39:56.520126,0 days 00:00:15.226880,6,100,15.0,35.0,85.0,100.0,20.0,,,,,2,6.0,3.0,5.0,4.0,5.0,,,,,COMPLETE
404,404,0.6308784383318544,2025-01-01 21:39:56.520814,2025-01-01 21:39:59.682282,0 days 00:00:03.161468,2,100,70.0,,,,,,,,,2,2.0,,,,,,,,,COMPLETE
405,405,0.5523809523809524,2025-01-01 21:39:59.682842,2025-01-01 21:40:07.501614,0 days 00:00:07.818772,4,60,45.0,40.0,55.0,,,,,,,2,2.0,3.0,4.0,,,,,,,COMPLETE
406,406,0.6666666666666666,2025-01-01 21:40:07.502290,2025-01-01 21:40:23.579297,0 days 00:00:16.077007,6,100,40.0,35.0,85.0,95.0,30.0,,,,,2,2.0,4.0,4.0,4.0,5.0,,,,,COMPLETE
407,407,0.6655813953488372,2025-01-01 21:40:23.580137,2025-01-01 21:40:29.292372,0 days 00:00:05.712235,3,70,30.0,40.0,,,,,,,,2,2.0,3.0,,,,,,,,COMPLETE
408,408,0.5804810360777057,2025-01-01 21:40:29.292949,2025-01-01 21:40:45.030058,0 days 00:00:15.737109,6,65,35.0,95.0,80.0,100.0,40.0,,,,,6,2.0,3.0,3.0,4.0,5.0,,,,,COMPLETE
409,409,0.5964912280701754,2025-01-01 21:40:45.030737,2025-01-01 21:40:49.994055,0 days 00:00:04.963318,3,60,25.0,30.0,,,,,,,,3,2.0,2.0,,,,,,,,COMPLETE
410,410,0.5683139534883721,2025-01-01 21:40:49.994611,2025-01-01 21:40:58.276771,0 days 00:00:08.282160,4,20,75.0,50.0,90.0,,,,,,,2,2.0,6.0,4.0,,,,,,,COMPLETE
411,411,0.49358974358974356,2025-01-01 21:40:58.277480,2025-01-01 21:41:02.522440,0 days 00:00:04.244960,2,100,35.0,,,,,,,,,2,2.0,,,,,,,,,COMPLETE
412,412,0.5266472868217054,2025-01-01 21:41:02.522985,2025-01-01 21:41:09.835631,0 days 00:00:07.312646,3,55,45.0,40.0,,,,,,,,3,2.0,5.0,,,,,,,,COMPLETE
413,413,0.49786426198386335,2025-01-01 21:41:09.836210,2025-01-01 21:41:18.322508,0 days 00:00:08.486298,4,15,40.0,35.0,85.0,,,,,,,2,2.0,6.0,4.0,,,,,,,COMPLETE
414,414,0.5805555555555555,2025-01-01 21:41:18.323108,2025-01-01 21:41:26.315864,0 days 00:00:07.992756,4,75,55.0,45.0,90.0,,,,,,,2,2.0,6.0,5.0,,,,,,,COMPLETE
415,415,0.6356589147286822,2025-01-01 21:41:26.316775,2025-01-01 21:41:40.750225,0 days 00:00:14.433450,6,100,25.0,30.0,80.0,95.0,25.0,,,,,2,2.0,6.0,3.0,4.0,5.0,,,,,COMPLETE
416,416,0.5834175935288171,2025-01-01 21:41:40.751017,2025-01-01 21:41:44.704079,0 days 00:00:03.953062,2,60,50.0,,,,,,,,,2,2.0,,,,,,,,,COMPLETE
417,417,0.6064084170253468,2025-01-01 21:41:44.704634,2025-01-01 21:41:52.659233,0 days 00:00:07.954599,3,70,40.0,25.0,,,,,,,,2,2.0,6.0,,,,,,,,COMPLETE
418,418,0.5416666666666667,2025-01-01 21:41:52.659935,2025-01-01 21:42:02.069145,0 days 00:00:09.409210,4,100,20.0,30.0,30.0,,,,,,,5,2.0,6.0,4.0,,,,,,,COMPLETE
419,419,0.6594202898550725,2025-01-01 21:42:02.069813,2025-01-01 21:42:16.129987,0 days 00:00:14.060174,7,65,45.0,35.0,85.0,100.0,15.0,60.0,,,,2,2.0,6.0,4.0,4.0,5.0,3.0,,,,COMPLETE
420,420,0.7028985507246377,2025-01-01 21:42:16.130723,2025-01-01 21:42:26.291441,0 days 00:00:10.160718,3,65,20.0,55.0,,,,,,,,5,5.0,3.0,,,,,,,,COMPLETE
421,421,0.5584415584415584,2025-01-01 21:42:26.292025,2025-01-01 21:42:33.444573,0 days 00:00:07.152548,3,65,20.0,60.0,,,,,,,,5,2.0,3.0,,,,,,,,COMPLETE
422,422,0.6802721088435374,2025-01-01 21:42:33.445139,2025-01-01 21:42:42.861962,0 days 00:00:09.416823,3,65,20.0,100.0,,,,,,,,5,5.0,3.0,,,,,,,,COMPLETE
423,423,0.6057142857142856,2025-01-01 21:42:42.862555,2025-01-01 21:42:52.067975,0 days 00:00:09.205420,3,60,15.0,50.0,,,,,,,,5,5.0,3.0,,,,,,,,COMPLETE
424,424,0.6452358926919519,2025-01-01 21:42:52.068567,2025-01-01 21:43:02.230748,0 days 00:00:10.162181,3,70,25.0,55.0,,,,,,,,5,5.0,3.0,,,,,,,,COMPLETE
425,425,0.6168478260869565,2025-01-01 21:43:02.231540,2025-01-01 21:43:10.936233,0 days 00:00:08.704693,3,70,20.0,60.0,,,,,,,,5,5.0,3.0,,,,,,,,COMPLETE
426,426,0.6190476190476191,2025-01-01 21:43:10.936827,2025-01-01 21:43:21.368498,0 days 00:00:10.431671,4,65,10.0,55.0,90.0,,,,,,,5,5.0,3.0,3.0,,,,,,,COMPLETE
427,427,0.7140124342419896,2025-01-01 21:43:21.369277,2025-01-01 21:43:30.270775,0 days 00:00:08.901498,3,65,25.0,75.0,,,,,,,,5,5.0,3.0,,,,,,,,COMPLETE
428,428,0.6126373626373627,2025-01-01 21:43:30.271366,2025-01-01 21:43:40.037251,0 days 00:00:09.765885,3,5,25.0,85.0,,,,,,,,5,5.0,3.0,,,,,,,,COMPLETE
429,429,0.5357142857142857,2025-01-01 21:43:40.037865,2025-01-01 21:43:49.843723,0 days 00:00:09.805858,3,65,25.0,30.0,,,,,,,,5,5.0,3.0,,,,,,,,COMPLETE
430,430,0.7019927536231885,2025-01-01 21:43:49.844367,2025-01-01 21:43:58.268845,0 days 00:00:08.424478,3,65,25.0,65.0,,,,,,,,5,5.0,3.0,,,,,,,,COMPLETE
431,431,0.49257884972170685,2025-01-01 21:43:58.269433,2025-01-01 21:44:09.140580,0 days 00:00:10.871147,3,10,25.0,80.0,,,,,,,,5,5.0,3.0,,,,,,,,COMPLETE
432,432,0.45138888888888884,2025-01-01 21:44:09.141164,2025-01-01 21:44:17.981575,0 days 00:00:08.840411,3,65,25.0,25.0,,,,,,,,5,5.0,3.0,,,,,,,,COMPLETE
433,433,0.7172576832151301,2025-01-01 21:44:17.982156,2025-01-01 21:44:26.723786,0 days 00:00:08.741630,3,65,30.0,75.0,,,,,,,,5,5.0,3.0,,,,,,,,COMPLETE
434,434,0.5191176470588236,2025-01-01 21:44:26.724383,2025-01-01 21:44:36.808319,0 days 00:00:10.083936,3,65,30.0,75.0,,,,,,,,5,5.0,3.0,,,,,,,,COMPLETE
435,435,0.49257884972170685,2025-01-01 21:44:36.808925,2025-01-01 21:44:46.533133,0 days 00:00:09.724208,3,65,30.0,75.0,,,,,,,,5,5.0,3.0,,,,,,,,COMPLETE
436,436,0.6079545454545454,2025-01-01 21:44:46.533873,2025-01-01 21:44:53.962903,0 days 00:00:07.429030,3,70,30.0,75.0,,,,,,,,5,5.0,3.0,,,,,,,,COMPLETE
437,437,0.5805555555555555,2025-01-01 21:44:53.963509,2025-01-01 21:45:02.595550,0 days 00:00:08.632041,3,60,30.0,65.0,,,,,,,,5,5.0,3.0,,,,,,,,COMPLETE
438,438,0.4825581395348837,2025-01-01 21:45:02.596401,2025-01-01 21:45:12.077287,0 days 00:00:09.480886,3,65,20.0,80.0,,,,,,,,5,5.0,3.0,,,,,,,,COMPLETE
439,439,0.4493023255813954,2025-01-01 21:45:12.077902,2025-01-01 21:45:22.221269,0 days 00:00:10.143367,3,60,30.0,45.0,,,,,,,,5,5.0,3.0,,,,,,,,COMPLETE
440,440,0.5038684719535783,2025-01-01 21:45:22.221886,2025-01-01 21:45:32.278429,0 days 00:00:10.056543,3,65,20.0,85.0,,,,,,,,5,5.0,3.0,,,,,,,,COMPLETE
441,441,0.5905552672548002,2025-01-01 21:45:32.279021,2025-01-01 21:45:40.356316,0 days 00:00:08.077295,3,70,25.0,30.0,,,,,,,,5,5.0,3.0,,,,,,,,COMPLETE
442,442,0.5080188679245283,2025-01-01 21:45:40.356942,2025-01-01 21:45:49.524057,0 days 00:00:09.167115,3,70,30.0,75.0,,,,,,,,5,5.0,3.0,,,,,,,,COMPLETE
443,443,0.5374653098982424,2025-01-01 21:45:49.524745,2025-01-01 21:45:59.348164,0 days 00:00:09.823419,3,60,15.0,5.0,,,,,,,,5,5.0,3.0,,,,,,,,COMPLETE
444,444,0.5647840531561461,2025-01-01 21:45:59.348923,2025-01-01 21:46:08.047010,0 days 00:00:08.698087,3,65,35.0,80.0,,,,,,,,5,6.0,3.0,,,,,,,,COMPLETE
445,445,0.7178030303030303,2025-01-01 21:46:08.047599,2025-01-01 21:46:16.848158,0 days 00:00:08.800559,3,65,25.0,40.0,,,,,,,,5,5.0,3.0,,,,,,,,COMPLETE
446,446,0.49444444444444446,2025-01-01 21:46:16.848770,2025-01-01 21:46:27.166209,0 days 00:00:10.317439,3,65,25.0,15.0,,,,,,,,5,5.0,3.0,,,,,,,,COMPLETE
447,447,0.6452358926919519,2025-01-01 21:46:27.167085,2025-01-01 21:46:36.911283,0 days 00:00:09.744198,3,60,25.0,20.0,,,,,,,,5,5.0,3.0,,,,,,,,COMPLETE
448,448,0.41047619047619044,2025-01-01 21:46:36.911862,2025-01-01 21:46:45.921277,0 days 00:00:09.009415,3,65,20.0,50.0,,,,,,,,5,5.0,3.0,,,,,,,,COMPLETE
449,449,0.5932367149758454,2025-01-01 21:46:45.922013,2025-01-01 21:46:55.428090,0 days 00:00:09.506077,3,70,30.0,45.0,,,,,,,,5,5.0,3.0,,,,,,,,COMPLETE
450,450,0.7525439407955596,2025-01-01 21:46:55.428696,2025-01-01 21:47:04.448527,0 days 00:00:09.019831,3,65,25.0,10.0,,,,,,,,5,5.0,3.0,,,,,,,,COMPLETE
451,451,0.5499316005471957,2025-01-01 21:47:04.449163,2025-01-01 21:47:14.694634,0 days 00:00:10.245471,3,65,25.0,10.0,,,,,,,,5,5.0,3.0,,,,,,,,COMPLETE
452,452,0.6168478260869565,2025-01-01 21:47:14.695253,2025-01-01 21:47:23.466815,0 days 00:00:08.771562,3,70,25.0,40.0,,,,,,,,5,5.0,3.0,,,,,,,,COMPLETE
453,453,0.649264356905553,2025-01-01 21:47:23.467581,2025-01-01 21:47:32.123063,0 days 00:00:08.655482,3,65,20.0,10.0,,,,,,,,5,5.0,3.0,,,,,,,,COMPLETE
454,454,0.608974358974359,2025-01-01 21:47:32.123678,2025-01-01 21:47:41.548112,0 days 00:00:09.424434,3,65,25.0,5.0,,,,,,,,5,5.0,3.0,,,,,,,,COMPLETE
455,455,0.5851922164214522,2025-01-01 21:47:41.548748,2025-01-01 21:47:51.926508,0 days 00:00:10.377760,3,70,30.0,15.0,,,,,,,,5,5.0,3.0,,,,,,,,COMPLETE
456,456,0.5654846335697399,2025-01-01 21:47:51.927131,2025-01-01 21:48:00.743258,0 days 00:00:08.816127,3,65,25.0,10.0,,,,,,,,5,5.0,3.0,,,,,,,,COMPLETE
457,457,0.5531914893617021,2025-01-01 21:48:00.744020,2025-01-01 21:48:09.606570,0 days 00:00:08.862550,3,65,20.0,55.0,,,,,,,,5,5.0,3.0,,,,,,,,COMPLETE
458,458,0.5432624113475177,2025-01-01 21:48:09.607300,2025-01-01 21:48:19.529694,0 days 00:00:09.922394,3,65,25.0,60.0,,,,,,,,5,5.0,3.0,,,,,,,,COMPLETE
459,459,0.4742857142857143,2025-01-01 21:48:19.530446,2025-01-01 21:48:29.353949,0 days 00:00:09.823503,3,75,30.0,10.0,,,,,,,,5,5.0,3.0,,,,,,,,COMPLETE
460,460,0.4891304347826087,2025-01-01 21:48:29.354609,2025-01-01 21:48:38.927071,0 days 00:00:09.572462,3,75,25.0,65.0,,,,,,,,5,5.0,3.0,,,,,,,,COMPLETE
461,461,0.5744047619047619,2025-01-01 21:48:38.927687,2025-01-01 21:48:48.681306,0 days 00:00:09.753619,3,60,5.0,70.0,,,,,,,,5,5.0,3.0,,,,,,,,COMPLETE
462,462,0.5851922164214522,2025-01-01 21:48:48.681909,2025-01-01 21:48:57.739122,0 days 00:00:09.057213,3,70,20.0,20.0,,,,,,,,5,5.0,3.0,,,,,,,,COMPLETE
463,463,0.6022201665124884,2025-01-01 21:48:57.739743,2025-01-01 21:49:06.711219,0 days 00:00:08.971476,3,65,30.0,80.0,,,,,,,,5,5.0,3.0,,,,,,,,COMPLETE
464,464,0.5819047619047619,2025-01-01 21:49:06.711823,2025-01-01 21:49:25.235942,0 days 00:00:18.524119,7,60,15.0,75.0,100.0,60.0,25.0,60.0,,,,5,5.0,3.0,3.0,6.0,5.0,3.0,,,,COMPLETE
465,465,0.4721706864564007,2025-01-01 21:49:25.236707,2025-01-01 21:49:40.667595,0 days 00:00:15.430888,6,65,20.0,85.0,100.0,55.0,65.0,,,,,2,6.0,3.0,3.0,4.0,5.0,,,,,COMPLETE
466,466,0.5188536953242835,2025-01-01 21:49:40.668447,2025-01-01 21:49:59.076633,0 days 00:00:18.408186,8,70,25.0,75.0,100.0,35.0,60.0,55.0,65.0,,,5,5.0,3.0,6.0,4.0,5.0,2.0,5.0,,,COMPLETE
467,467,0.6655813953488372,2025-01-01 21:49:59.077529,2025-01-01 21:50:06.529881,0 days 00:00:07.452352,3,60,35.0,15.0,,,,,,,,2,5.0,3.0,,,,,,,,COMPLETE
468,468,0.5957446808510638,2025-01-01 21:50:06.530484,2025-01-01 21:50:24.767661,0 days 00:00:18.237177,8,65,30.0,70.0,95.0,75.0,20.0,95.0,85.0,,,2,3.0,3.0,5.0,4.0,2.0,3.0,5.0,,,COMPLETE
469,469,0.5654846335697399,2025-01-01 21:50:24.768427,2025-01-01 21:50:35.935572,0 days 00:00:11.167145,3,70,25.0,5.0,,,,,,,,5,5.0,3.0,,,,,,,,COMPLETE
470,470,0.637641723356009,2025-01-01 21:50:35.936199,2025-01-01 21:50:54.414505,0 days 00:00:18.478306,8,65,20.0,65.0,100.0,50.0,35.0,65.0,90.0,,,2,5.0,3.0,2.0,4.0,5.0,2.0,5.0,,,COMPLETE
471,471,0.6495238095238096,2025-01-01 21:50:54.415291,2025-01-01 21:51:02.656393,0 days 00:00:08.241102,3,60,35.0,80.0,,,,,,,,5,5.0,3.0,,,,,,,,COMPLETE
472,472,0.5742753623188406,2025-01-01 21:51:02.657150,2025-01-01 21:51:20.299198,0 days 00:00:17.642048,8,65,30.0,55.0,95.0,55.0,15.0,55.0,100.0,,,2,5.0,3.0,2.0,4.0,5.0,2.0,5.0,,,COMPLETE
473,473,0.6495238095238096,2025-01-01 21:51:20.300117,2025-01-01 21:51:27.772242,0 days 00:00:07.472125,3,70,25.0,45.0,,,,,,,,5,2.0,3.0,,,,,,,,COMPLETE
474,474,0.6382978723404256,2025-01-01 21:51:27.772847,2025-01-01 21:51:45.772453,0 days 00:00:17.999606,7,60,25.0,50.0,10.0,60.0,45.0,85.0,,,,2,4.0,4.0,3.0,4.0,5.0,2.0,,,,COMPLETE
475,475,0.5990697674418605,2025-01-01 21:51:45.773488,2025-01-01 21:52:00.043338,0 days 00:00:14.269850,6,55,30.0,80.0,100.0,5.0,30.0,,,,,6,3.0,3.0,2.0,4.0,5.0,,,,,COMPLETE
476,476,0.6518518518518519,2025-01-01 21:52:00.044067,2025-01-01 21:52:15.932351,0 days 00:00:15.888284,9,70,25.0,70.0,90.0,50.0,80.0,60.0,5.0,90.0,,2,5.0,2.0,2.0,3.0,2.0,2.0,5.0,2.0,,COMPLETE
477,477,0.5836829836829837,2025-01-01 21:52:15.933091,2025-01-01 21:52:38.079977,0 days 00:00:22.146886,8,60,15.0,65.0,95.0,70.0,25.0,65.0,85.0,,,2,2.0,3.0,2.0,4.0,5.0,3.0,4.0,,,COMPLETE
478,478,0.4565217391304348,2025-01-01 21:52:38.080717,2025-01-01 21:52:45.408966,0 days 00:00:07.328249,3,65,30.0,40.0,,,,,,,,5,2.0,3.0,,,,,,,,COMPLETE
479,479,0.6260162601626016,2025-01-01 21:52:45.409757,2025-01-01 21:53:06.142708,0 days 00:00:20.732951,8,85,35.0,80.0,90.0,80.0,20.0,95.0,5.0,,,2,2.0,4.0,3.0,4.0,5.0,2.0,5.0,,,COMPLETE
480,480,0.5851922164214522,2025-01-01 21:53:06.143555,2025-01-01 21:53:22.616708,0 days 00:00:16.473153,8,65,20.0,85.0,80.0,40.0,15.0,100.0,95.0,,,5,5.0,3.0,2.0,4.0,4.0,2.0,4.0,,,COMPLETE
481,481,0.6130750605326876,2025-01-01 21:53:22.617491,2025-01-01 21:53:29.689871,0 days 00:00:07.072380,3,100,20.0,75.0,,,,,,,,2,2.0,5.0,,,,,,,,COMPLETE
482,482,0.5742753623188406,2025-01-01 21:53:29.690459,2025-01-01 21:53:51.726598,0 days 00:00:22.036139,8,55,25.0,95.0,15.0,55.0,25.0,90.0,90.0,,,5,2.0,6.0,2.0,4.0,5.0,2.0,5.0,,,COMPLETE
483,483,0.6154545454545455,2025-01-01 21:53:51.727570,2025-01-01 21:53:58.611025,0 days 00:00:06.883455,3,15,35.0,15.0,,,,,,,,2,2.0,6.0,,,,,,,,COMPLETE
484,484,0.5210401891252955,2025-01-01 21:53:58.611737,2025-01-01 21:54:18.480950,0 days 00:00:19.869213,8,65,25.0,60.0,85.0,50.0,70.0,70.0,100.0,,,5,5.0,3.0,2.0,6.0,6.0,2.0,6.0,,,COMPLETE
485,485,0.551594746716698,2025-01-01 21:54:18.481735,2025-01-01 21:54:25.575711,0 days 00:00:07.093976,3,60,30.0,85.0,,,,,,,,2,2.0,6.0,,,,,,,,COMPLETE
486,486,0.559204440333025,2025-01-01 21:54:25.576462,2025-01-01 21:54:44.304939,0 days 00:00:18.728477,8,70,25.0,75.0,100.0,85.0,55.0,55.0,65.0,,,5,2.0,6.0,2.0,3.0,4.0,2.0,6.0,,,COMPLETE
487,487,0.7417582417582418,2025-01-01 21:54:44.305796,2025-01-01 21:54:49.884425,0 days 00:00:05.578629,3,100,20.0,65.0,,,,,,,,2,2.0,3.0,,,,,,,,COMPLETE
488,488,0.6057142857142856,2025-01-01 21:54:49.885125,2025-01-01 21:54:58.212583,0 days 00:00:08.327458,3,100,15.0,60.0,,,,,,,,2,5.0,3.0,,,,,,,,COMPLETE
489,489,0.5990697674418605,2025-01-01 21:54:58.213306,2025-01-01 21:55:04.382444,0 days 00:00:06.169138,3,95,20.0,65.0,,,,,,,,2,2.0,3.0,,,,,,,,COMPLETE
490,490,0.7436363636363637,2025-01-01 21:55:04.383050,2025-01-01 21:55:10.811202,0 days 00:00:06.428152,3,100,15.0,65.0,,,,,,,,5,2.0,3.0,,,,,,,,COMPLETE
491,491,0.3742690058479532,2025-01-01 21:55:10.811805,2025-01-01 21:55:17.734940,0 days 00:00:06.923135,3,100,10.0,65.0,,,,,,,,5,2.0,3.0,,,,,,,,COMPLETE
492,492,0.5419047619047619,2025-01-01 21:55:17.735652,2025-01-01 21:55:26.225541,0 days 00:00:08.489889,3,100,15.0,65.0,,,,,,,,5,2.0,3.0,,,,,,,,COMPLETE
493,493,0.6126373626373627,2025-01-01 21:55:26.226161,2025-01-01 21:55:35.194009,0 days 00:00:08.967848,3,100,10.0,65.0,,,,,,,,5,3.0,3.0,,,,,,,,COMPLETE
494,494,0.4765957446808511,2025-01-01 21:55:35.194572,2025-01-01 21:55:42.265818,0 days 00:00:07.071246,3,100,15.0,70.0,,,,,,,,5,2.0,3.0,,,,,,,,COMPLETE
495,495,0.5994397759103641,2025-01-01 21:55:42.266417,2025-01-01 21:55:52.152687,0 days 00:00:09.886270,3,85,15.0,70.0,,,,,,,,5,5.0,3.0,,,,,,,,COMPLETE
496,496,0.5134615384615384,2025-01-01 21:55:52.153302,2025-01-01 21:55:59.387534,0 days 00:00:07.234232,3,95,20.0,65.0,,,,,,,,5,2.0,3.0,,,,,,,,COMPLETE
497,497,0.402992277992278,2025-01-01 21:55:59.388174,2025-01-01 21:56:07.047016,0 days 00:00:07.658842,3,100,15.0,60.0,,,,,,,,6,2.0,3.0,,,,,,,,COMPLETE
498,498,0.5265567765567765,2025-01-01 21:56:07.047771,2025-01-01 21:56:13.129463,0 days 00:00:06.081692,3,65,20.0,70.0,,,,,,,,3,2.0,3.0,,,,,,,,COMPLETE
499,499,0.5296167247386759,2025-01-01 21:56:13.130059,2025-01-01 21:56:24.152826,0 days 00:00:11.022767,3,100,20.0,65.0,,,,,,,,5,6.0,3.0,,,,,,,,COMPLETE
500,500,0.6196060037523452,2025-01-01 21:56:24.153606,2025-01-01 21:56:34.213332,0 days 00:00:10.059726,3,65,10.0,60.0,,,,,,,,5,5.0,3.0,,,,,,,,COMPLETE
501,501,0.4591836734693877,2025-01-01 21:56:34.213955,2025-01-01 21:56:42.276819,0 days 00:00:08.062864,3,70,20.0,65.0,,,,,,,,5,2.0,3.0,,,,,,,,COMPLETE
502,502,0.6219851576994434,2025-01-01 21:56:42.277533,2025-01-01 21:56:50.867505,0 days 00:00:08.589972,3,75,15.0,45.0,,,,,,,,5,5.0,3.0,,,,,,,,COMPLETE
503,503,0.4855581576893052,2025-01-01 21:56:50.868158,2025-01-01 21:56:56.687831,0 days 00:00:05.819673,2,95,20.0,,,,,,,,,5,2.0,,,,,,,,,COMPLETE
504,504,0.4645454545454546,2025-01-01 21:56:56.688402,2025-01-01 21:57:04.404209,0 days 00:00:07.715807,3,65,30.0,50.0,,,,,,,,5,2.0,3.0,,,,,,,,COMPLETE
505,505,0.5864527629233511,2025-01-01 21:57:04.404825,2025-01-01 21:57:11.395354,0 days 00:00:06.990529,3,60,25.0,60.0,,,,,,,,3,2.0,3.0,,,,,,,,COMPLETE
506,506,0.5927952576379389,2025-01-01 21:57:11.395958,2025-01-01 21:57:22.500978,0 days 00:00:11.105020,6,100,15.0,70.0,35.0,95.0,75.0,,,,,5,2.0,3.0,3.0,3.0,2.0,,,,,COMPLETE
507,507,0.5220338983050847,2025-01-01 21:57:22.501685,2025-01-01 21:57:39.319406,0 days 00:00:16.817721,5,95,25.0,10.0,100.0,30.0,,,,,,6,4.0,3.0,3.0,6.0,,,,,,COMPLETE
508,508,0.6428571428571428,2025-01-01 21:57:39.320101,2025-01-01 21:57:45.701027,0 days 00:00:06.380926,2,60,25.0,,,,,,,,,5,2.0,,,,,,,,,COMPLETE
509,509,0.4196428571428571,2025-01-01 21:57:45.701756,2025-01-01 21:57:54.396007,0 days 00:00:08.694251,3,65,30.0,70.0,,,,,,,,5,5.0,3.0,,,,,,,,COMPLETE
510,510,0.5867612293144208,2025-01-01 21:57:54.396626,2025-01-01 21:58:01.559697,0 days 00:00:07.163071,3,100,85.0,80.0,,,,,,,,5,2.0,3.0,,,,,,,,COMPLETE
511,511,0.5712250712250713,2025-01-01 21:58:01.560402,2025-01-01 21:58:09.435154,0 days 00:00:07.874752,3,65,20.0,55.0,,,,,,,,5,4.0,2.0,,,,,,,,COMPLETE
512,512,0.5126050420168067,2025-01-01 21:58:09.436046,2025-01-01 21:58:19.636127,0 days 00:00:10.200081,3,10,25.0,65.0,,,,,,,,5,5.0,3.0,,,,,,,,COMPLETE
513,513,0.551594746716698,2025-01-01 21:58:19.636746,2025-01-01 21:58:38.778991,0 days 00:00:19.142245,7,70,20.0,75.0,95.0,35.0,85.0,50.0,,,,3,2.0,3.0,5.0,3.0,2.0,5.0,,,,COMPLETE
514,514,0.5094043887147335,2025-01-01 21:58:38.779896,2025-01-01 21:58:45.128097,0 days 00:00:06.348201,2,80,35.0,,,,,,,,,5,2.0,,,,,,,,,COMPLETE
515,515,0.6665124884366327,2025-01-01 21:58:45.128641,2025-01-01 21:58:56.455248,0 days 00:00:11.326607,6,100,60.0,60.0,100.0,100.0,95.0,,,,,2,2.0,3.0,3.0,4.0,4.0,,,,,COMPLETE
516,516,0.6196060037523452,2025-01-01 21:58:56.456106,2025-01-01 21:59:03.080389,0 days 00:00:06.624283,3,70,30.0,80.0,,,,,,,,2,5.0,3.0,,,,,,,,COMPLETE
517,517,0.53,2025-01-01 21:59:03.080993,2025-01-01 21:59:09.628288,0 days 00:00:06.547295,3,55,55.0,40.0,,,,,,,,5,2.0,3.0,,,,,,,,COMPLETE
518,518,0.7172576832151301,2025-01-01 21:59:09.628990,2025-01-01 21:59:18.380652,0 days 00:00:08.751662,3,65,25.0,90.0,,,,,,,,5,2.0,4.0,,,,,,,,COMPLETE
519,519,0.4695121951219512,2025-01-01 21:59:18.381254,2025-01-01 21:59:28.426143,0 days 00:00:10.044889,3,65,25.0,85.0,,,,,,,,5,2.0,5.0,,,,,,,,COMPLETE
520,520,0.5212962962962963,2025-01-01 21:59:28.426918,2025-01-01 21:59:37.119986,0 days 00:00:08.693068,3,65,20.0,90.0,,,,,,,,5,2.0,4.0,,,,,,,,COMPLETE
521,521,0.5204981837052414,2025-01-01 21:59:37.120729,2025-01-01 21:59:46.526810,0 days 00:00:09.406081,3,60,25.0,90.0,,,,,,,,5,3.0,4.0,,,,,,,,COMPLETE
522,522,0.6651205936920223,2025-01-01 21:59:46.527533,2025-01-01 21:59:54.569709,0 days 00:00:08.042176,3,65,25.0,95.0,,,,,,,,5,2.0,4.0,,,,,,,,COMPLETE
523,523,0.5560224089635855,2025-01-01 21:59:54.570286,2025-01-01 22:00:06.727702,0 days 00:00:12.157416,3,60,30.0,75.0,,,,,,,,5,5.0,4.0,,,,,,,,COMPLETE
524,524,0.4874348032242769,2025-01-01 22:00:06.728350,2025-01-01 22:00:13.318413,0 days 00:00:06.590063,2,70,15.0,,,,,,,,,5,2.0,,,,,,,,,COMPLETE
525,525,0.7095282146160962,2025-01-01 22:00:13.319102,2025-01-01 22:00:25.755594,0 days 00:00:12.436492,5,65,90.0,85.0,100.0,95.0,,,,,,5,5.0,5.0,3.0,3.0,,,,,,COMPLETE
526,526,0.5304304799604156,2025-01-01 22:00:25.756310,2025-01-01 22:00:40.449923,0 days 00:00:14.693613,5,65,10.0,90.0,100.0,100.0,,,,,,5,5.0,5.0,5.0,3.0,,,,,,COMPLETE
527,527,0.5161887141535615,2025-01-01 22:00:40.450618,2025-01-01 22:00:55.925601,0 days 00:00:15.474983,5,65,20.0,95.0,100.0,95.0,,,,,,5,5.0,5.0,3.0,3.0,,,,,,COMPLETE
528,528,0.5393939393939393,2025-01-01 22:00:55.926316,2025-01-01 22:01:10.185072,0 days 00:00:14.258756,5,65,90.0,90.0,100.0,100.0,,,,,,5,5.0,5.0,3.0,3.0,,,,,,COMPLETE
529,529,0.6288561936402468,2025-01-01 22:01:10.185936,2025-01-01 22:01:23.787380,0 days 00:00:13.601444,5,65,30.0,85.0,95.0,95.0,,,,,,5,5.0,5.0,3.0,3.0,,,,,,COMPLETE
530,530,0.6236111111111111,2025-01-01 22:01:23.788198,2025-01-01 22:01:42.243597,0 days 00:00:18.455399,5,60,25.0,85.0,100.0,90.0,,,,,,5,5.0,5.0,4.0,5.0,,,,,,COMPLETE
531,531,0.637641723356009,2025-01-01 22:01:42.244491,2025-01-01 22:01:58.441485,0 days 00:00:16.196994,5,70,80.0,90.0,45.0,40.0,,,,,,5,5.0,3.0,3.0,5.0,,,,,,COMPLETE
532,532,0.4880952380952381,2025-01-01 22:01:58.442351,2025-01-01 22:02:16.091490,0 days 00:00:17.649139,5,65,100.0,90.0,95.0,85.0,,,,,,5,5.0,4.0,5.0,4.0,,,,,,COMPLETE
533,533,0.5804810360777057,2025-01-01 22:02:16.092227,2025-01-01 22:02:27.632533,0 days 00:00:11.540306,5,70,35.0,85.0,95.0,20.0,,,,,,5,5.0,3.0,3.0,3.0,,,,,,COMPLETE
534,534,0.5647840531561461,2025-01-01 22:02:27.633199,2025-01-01 22:02:36.344451,0 days 00:00:08.711252,3,65,95.0,65.0,,,,,,,,5,5.0,3.0,,,,,,,,COMPLETE
535,535,0.5871212121212122,2025-01-01 22:02:36.345235,2025-01-01 22:02:46.203524,0 days 00:00:09.858289,3,60,30.0,65.0,,,,,,,,5,6.0,3.0,,,,,,,,COMPLETE
536,536,0.5357142857142857,2025-01-01 22:02:46.204211,2025-01-01 22:02:55.971698,0 days 00:00:09.767487,3,95,25.0,70.0,,,,,,,,5,5.0,3.0,,,,,,,,COMPLETE
537,537,0.6064084170253468,2025-01-01 22:02:55.972434,2025-01-01 22:03:12.174305,0 days 00:00:16.201871,5,65,25.0,85.0,100.0,35.0,,,,,,5,5.0,3.0,4.0,4.0,,,,,,COMPLETE
538,538,0.5523809523809524,2025-01-01 22:03:12.175003,2025-01-01 22:03:23.067780,0 days 00:00:10.892777,3,100,20.0,60.0,,,,,,,,5,5.0,5.0,,,,,,,,COMPLETE
539,539,0.6589147286821706,2025-01-01 22:03:23.068441,2025-01-01 22:03:32.789667,0 days 00:00:09.721226,3,60,20.0,90.0,,,,,,,,5,5.0,3.0,,,,,,,,COMPLETE
540,540,0.5208333333333333,2025-01-01 22:03:32.790425,2025-01-01 22:03:48.915290,0 days 00:00:16.124865,6,70,25.0,5.0,50.0,75.0,50.0,,,,,2,5.0,3.0,4.0,5.0,2.0,,,,,COMPLETE
541,541,0.4997635933806146,2025-01-01 22:03:48.916149,2025-01-01 22:03:56.623575,0 days 00:00:07.707426,3,65,35.0,80.0,,,,,,,,3,2.0,3.0,,,,,,,,COMPLETE
542,542,0.5476190476190477,2025-01-01 22:03:56.624279,2025-01-01 22:04:03.515818,0 days 00:00:06.891539,3,95,15.0,65.0,,,,,,,,5,2.0,3.0,,,,,,,,COMPLETE
543,543,0.7417582417582418,2025-01-01 22:04:03.516531,2025-01-01 22:04:08.570595,0 days 00:00:05.054064,3,100,30.0,70.0,,,,,,,,2,2.0,3.0,,,,,,,,COMPLETE
544,544,0.637641723356009,2025-01-01 22:04:08.571208,2025-01-01 22:04:15.005711,0 days 00:00:06.434503,3,100,30.0,70.0,,,,,,,,2,2.0,3.0,,,,,,,,COMPLETE
545,545,0.47317298797409807,2025-01-01 22:04:15.006459,2025-01-01 22:04:20.248401,0 days 00:00:05.241942,3,100,30.0,75.0,,,,,,,,2,2.0,3.0,,,,,,,,COMPLETE
546,546,0.5788497217068646,2025-01-01 22:04:20.249133,2025-01-01 22:04:28.117247,0 days 00:00:07.868114,3,100,30.0,70.0,,,,,,,,5,4.0,3.0,,,,,,,,COMPLETE
547,547,0.6713286713286714,2025-01-01 22:04:28.117896,2025-01-01 22:04:34.120696,0 days 00:00:06.002800,3,100,25.0,70.0,,,,,,,,2,2.0,3.0,,,,,,,,COMPLETE
548,548,0.5034013605442177,2025-01-01 22:04:34.121293,2025-01-01 22:04:41.937995,0 days 00:00:07.816702,3,95,35.0,65.0,,,,,,,,5,2.0,3.0,,,,,,,,COMPLETE
549,549,0.5990697674418605,2025-01-01 22:04:41.938725,2025-01-01 22:04:47.690666,0 days 00:00:05.751941,3,100,30.0,75.0,,,,,,,,2,2.0,3.0,,,,,,,,COMPLETE
550,550,0.6594202898550725,2025-01-01 22:04:47.691377,2025-01-01 22:04:52.737158,0 days 00:00:05.045781,3,95,25.0,70.0,,,,,,,,2,2.0,3.0,,,,,,,,COMPLETE
551,551,0.49786426198386335,2025-01-01 22:04:52.737782,2025-01-01 22:05:01.028643,0 days 00:00:08.290861,3,100,25.0,20.0,,,,,,,,5,2.0,3.0,,,,,,,,COMPLETE
552,552,0.7019927536231885,2025-01-01 22:05:01.029314,2025-01-01 22:05:06.636341,0 days 00:00:05.607027,3,100,30.0,65.0,,,,,,,,2,2.0,4.0,,,,,,,,COMPLETE
553,553,0.5957446808510638,2025-01-01 22:05:06.636928,2025-01-01 22:05:20.467595,0 days 00:00:13.830667,6,95,30.0,65.0,95.0,65.0,60.0,,,,,2,2.0,4.0,5.0,4.0,6.0,,,,,COMPLETE
554,554,0.6452358926919519,2025-01-01 22:05:20.468507,2025-01-01 22:05:29.930600,0 days 00:00:09.462093,3,100,30.0,65.0,,,,,,,,2,2.0,4.0,,,,,,,,COMPLETE
555,555,0.6236111111111111,2025-01-01 22:05:29.931223,2025-01-01 22:05:44.157458,0 days 00:00:14.226235,5,100,35.0,65.0,95.0,95.0,,,,,,2,5.0,4.0,4.0,4.0,,,,,,COMPLETE
556,556,0.5927952576379389,2025-01-01 22:05:44.158174,2025-01-01 22:05:51.466800,0 days 00:00:07.308626,3,60,30.0,65.0,,,,,,,,2,2.0,4.0,,,,,,,,COMPLETE
557,557,0.6168478260869565,2025-01-01 22:05:51.467403,2025-01-01 22:05:57.985549,0 days 00:00:06.518146,3,65,30.0,60.0,,,,,,,,2,2.0,4.0,,,,,,,,COMPLETE
558,558,0.6163967611336032,2025-01-01 22:05:57.986332,2025-01-01 22:06:06.066068,0 days 00:00:08.079736,3,95,25.0,70.0,,,,,,,,2,5.0,4.0,,,,,,,,COMPLETE
559,559,0.6382978723404256,2025-01-01 22:06:06.066868,2025-01-01 22:06:17.949643,0 days 00:00:11.882775,5,100,30.0,60.0,90.0,90.0,,,,,,2,2.0,3.0,3.0,4.0,,,,,,COMPLETE
560,560,0.5474806201550388,2025-01-01 22:06:17.950417,2025-01-01 22:06:24.217622,0 days 00:00:06.267205,3,60,35.0,70.0,,,,,,,,2,4.0,4.0,,,,,,,,COMPLETE
561,561,0.7421052631578948,2025-01-01 22:06:24.218243,2025-01-01 22:06:33.079813,0 days 00:00:08.861570,4,65,25.0,65.0,100.0,,,,,,,2,2.0,4.0,4.0,,,,,,,COMPLETE
562,562,0.5887254901960784,2025-01-01 22:06:33.080442,2025-01-01 22:06:44.020263,0 days 00:00:10.939821,4,65,25.0,60.0,100.0,,,,,,,5,2.0,4.0,4.0,,,,,,,COMPLETE
563,563,0.6206349206349207,2025-01-01 22:06:44.020945,2025-01-01 22:06:53.973019,0 days 00:00:09.952074,4,65,25.0,70.0,100.0,,,,,,,2,5.0,3.0,4.0,,,,,,,COMPLETE
564,564,0.5905552672548002,2025-01-01 22:06:53.973798,2025-01-01 22:07:07.430854,0 days 00:00:13.457056,5,65,25.0,15.0,95.0,95.0,,,,,,5,2.0,3.0,4.0,5.0,,,,,,COMPLETE
565,565,0.53,2025-01-01 22:07:07.431530,2025-01-01 22:07:16.199862,0 days 00:00:08.768332,4,60,20.0,65.0,95.0,,,,,,,2,2.0,5.0,4.0,,,,,,,COMPLETE
566,566,0.5136298421807748,2025-01-01 22:07:16.200518,2025-01-01 22:07:28.703932,0 days 00:00:12.503414,5,65,25.0,65.0,100.0,100.0,,,,,,5,2.0,3.0,4.0,4.0,,,,,,COMPLETE
567,567,0.6581818181818182,2025-01-01 22:07:28.704607,2025-01-01 22:07:39.961412,0 days 00:00:11.256805,4,65,20.0,95.0,100.0,,,,,,,2,3.0,4.0,4.0,,,,,,,COMPLETE
568,568,0.5182724252491694,2025-01-01 22:07:39.962194,2025-01-01 22:07:56.444976,0 days 00:00:16.482782,7,60,25.0,70.0,90.0,80.0,50.0,45.0,,,,5,5.0,3.0,4.0,3.0,2.0,3.0,,,,COMPLETE
569,569,0.7058823529411764,2025-01-01 22:07:56.445893,2025-01-01 22:08:11.823504,0 days 00:00:15.377611,5,60,25.0,40.0,95.0,40.0,,,,,,2,2.0,3.0,4.0,4.0,,,,,,COMPLETE
570,570,0.5804810360777057,2025-01-01 22:08:11.824322,2025-01-01 22:08:22.677449,0 days 00:00:10.853127,5,55,25.0,40.0,95.0,30.0,,,,,,2,2.0,3.0,4.0,4.0,,,,,,COMPLETE
571,571,0.5652173913043478,2025-01-01 22:08:22.678269,2025-01-01 22:08:32.525176,0 days 00:00:09.846907,5,55,25.0,40.0,95.0,40.0,,,,,,2,2.0,3.0,4.0,4.0,,,,,,COMPLETE
572,572,0.5742753623188406,2025-01-01 22:08:32.525909,2025-01-01 22:08:42.229455,0 days 00:00:09.703546,5,90,20.0,35.0,100.0,45.0,,,,,,2,2.0,3.0,4.0,4.0,,,,,,COMPLETE
573,573,0.5583333333333333,2025-01-01 22:08:42.230175,2025-01-01 22:08:53.462045,0 days 00:00:11.231870,5,55,30.0,40.0,90.0,35.0,,,,,,2,2.0,2.0,4.0,4.0,,,,,,COMPLETE
574,574,0.5482926829268293,2025-01-01 22:08:53.462833,2025-01-01 22:09:03.303576,0 days 00:00:09.840743,5,60,25.0,45.0,95.0,40.0,,,,,,2,2.0,3.0,4.0,4.0,,,,,,COMPLETE
575,575,0.5140977443609023,2025-01-01 22:09:03.304298,2025-01-01 22:09:18.463206,0 days 00:00:15.158908,6,55,90.0,40.0,100.0,30.0,40.0,,,,,2,2.0,3.0,4.0,4.0,6.0,,,,,COMPLETE
576,576,0.6651205936920223,2025-01-01 22:09:18.464086,2025-01-01 22:09:27.436582,0 days 00:00:08.972496,5,60,20.0,45.0,95.0,40.0,,,,,,2,2.0,3.0,4.0,4.0,,,,,,COMPLETE
577,577,0.5125581395348837,2025-01-01 22:09:27.437256,2025-01-01 22:09:39.644296,0 days 00:00:12.207040,5,60,30.0,10.0,25.0,45.0,,,,,,2,2.0,3.0,6.0,4.0,,,,,,COMPLETE
578,578,0.723404255319149,2025-01-01 22:09:39.645114,2025-01-01 22:09:50.561441,0 days 00:00:10.916327,5,65,25.0,75.0,90.0,45.0,,,,,,2,2.0,4.0,4.0,4.0,,,,,,COMPLETE
579,579,0.5890473999079613,2025-01-01 22:09:50.562140,2025-01-01 22:10:02.790255,0 days 00:00:12.228115,5,70,25.0,75.0,90.0,45.0,,,,,,2,2.0,4.0,4.0,4.0,,,,,,COMPLETE
580,580,0.5238095238095237,2025-01-01 22:10:02.791079,2025-01-01 22:10:14.621075,0 days 00:00:11.829996,5,65,30.0,75.0,95.0,45.0,,,,,,2,2.0,5.0,4.0,4.0,,,,,,COMPLETE
581,581,0.6083333333333334,2025-01-01 22:10:14.621783,2025-01-01 22:10:26.219917,0 days 00:00:11.598134,5,60,25.0,100.0,90.0,40.0,,,,,,2,2.0,4.0,4.0,4.0,,,,,,COMPLETE
582,582,0.6655813953488372,2025-01-01 22:10:26.220746,2025-01-01 22:10:37.888831,0 days 00:00:11.668085,5,90,25.0,80.0,90.0,35.0,,,,,,2,2.0,5.0,4.0,4.0,,,,,,COMPLETE
583,583,0.6190476190476191,2025-01-01 22:10:37.889648,2025-01-01 22:10:48.648000,0 days 00:00:10.758352,5,60,35.0,75.0,95.0,45.0,,,,,,2,2.0,4.0,4.0,4.0,,,,,,COMPLETE
584,584,0.6755637367694431,2025-01-01 22:10:48.648806,2025-01-01 22:10:59.889423,0 days 00:00:11.240617,5,55,25.0,75.0,90.0,55.0,,,,,,2,2.0,5.0,4.0,5.0,,,,,,COMPLETE
585,585,0.5957446808510638,2025-01-01 22:10:59.890459,2025-01-01 22:11:11.958861,0 days 00:00:12.068402,5,65,30.0,35.0,100.0,50.0,,,,,,2,2.0,4.0,4.0,4.0,,,,,,COMPLETE
586,586,0.6875,2025-01-01 22:11:11.959559,2025-01-01 22:11:25.046687,0 days 00:00:13.087128,6,70,35.0,75.0,90.0,45.0,85.0,,,,,2,2.0,4.0,4.0,4.0,2.0,,,,,COMPLETE
587,587,0.687847866419295,2025-01-01 22:11:25.047497,2025-01-01 22:11:37.105678,0 days 00:00:12.058181,5,60,25.0,75.0,95.0,35.0,,,,,,2,2.0,2.0,4.0,4.0,,,,,,COMPLETE
588,588,0.5,2025-01-01 22:11:37.106498,2025-01-01 22:11:50.334056,0 days 00:00:13.227558,5,65,30.0,90.0,95.0,40.0,,,,,,2,2.0,6.0,4.0,6.0,,,,,,COMPLETE
589,589,0.6755637367694431,2025-01-01 22:11:50.334776,2025-01-01 22:12:03.750280,0 days 00:00:13.415504,5,65,25.0,85.0,100.0,100.0,,,,,,2,2.0,6.0,4.0,4.0,,,,,,COMPLETE
590,590,0.6214745175655616,2025-01-01 22:12:03.751033,2025-01-01 22:12:13.614479,0 days 00:00:09.863446,4,70,30.0,40.0,90.0,,,,,,,2,2.0,4.0,4.0,,,,,,,COMPLETE
591,591,0.6929283341243475,2025-01-01 22:12:13.615126,2025-01-01 22:12:22.833363,0 days 00:00:09.218237,4,60,40.0,70.0,85.0,,,,,,,2,2.0,6.0,4.0,,,,,,,COMPLETE
592,592,0.6808510638297872,2025-01-01 22:12:22.834024,2025-01-01 22:12:33.353457,0 days 00:00:10.519433,5,65,25.0,80.0,95.0,90.0,,,,,,2,2.0,3.0,4.0,3.0,,,,,,COMPLETE
593,593,0.7095282146160962,2025-01-01 22:12:33.354336,2025-01-01 22:12:45.513126,0 days 00:00:12.158790,6,95,40.0,5.0,90.0,50.0,65.0,,,,,2,2.0,6.0,4.0,4.0,2.0,,,,,COMPLETE
594,594,0.5219858156028369,2025-01-01 22:12:45.513843,2025-01-01 22:13:01.176273,0 days 00:00:15.662430,7,95,40.0,10.0,85.0,55.0,65.0,30.0,,,,2,2.0,4.0,4.0,5.0,2.0,4.0,,,,COMPLETE
595,595,0.5499316005471957,2025-01-01 22:13:01.177124,2025-01-01 22:13:14.719166,0 days 00:00:13.542042,6,95,40.0,10.0,55.0,50.0,75.0,,,,,2,2.0,4.0,4.0,4.0,2.0,,,,,COMPLETE
596,596,0.5950113378684807,2025-01-01 22:13:14.720050,2025-01-01 22:13:29.305914,0 days 00:00:14.585864,6,95,40.0,5.0,90.0,60.0,65.0,,,,,2,2.0,4.0,5.0,5.0,2.0,,,,,COMPLETE
597,597,0.49786426198386335,2025-01-01 22:13:29.306612,2025-01-01 22:13:43.191586,0 days 00:00:13.884974,6,90,40.0,5.0,85.0,50.0,60.0,,,,,2,2.0,6.0,4.0,4.0,2.0,,,,,COMPLETE
598,598,0.5807926829268293,2025-01-01 22:13:43.192317,2025-01-01 22:13:58.741520,0 days 00:00:15.549203,7,95,35.0,5.0,90.0,50.0,70.0,5.0,,,,2,2.0,6.0,4.0,4.0,2.0,3.0,,,,COMPLETE
599,599,0.4721706864564007,2025-01-01 22:13:58.742231,2025-01-01 22:14:12.968026,0 days 00:00:14.225795,6,100,40.0,5.0,90.0,55.0,65.0,,,,,2,6.0,6.0,4.0,4.0,2.0,,,,,COMPLETE
600,600,0.509750566893424,2025-01-01 22:14:12.969128,2025-01-01 22:14:26.905125,0 days 00:00:13.935997,6,95,85.0,25.0,85.0,60.0,70.0,,,,,2,2.0,6.0,4.0,5.0,2.0,,,,,COMPLETE
601,601,0.5950113378684807,2025-01-01 22:14:26.905949,2025-01-01 22:14:39.407530,0 days 00:00:12.501581,6,95,35.0,5.0,100.0,50.0,55.0,,,,,2,2.0,6.0,3.0,3.0,3.0,,,,,COMPLETE
602,602,0.6581818181818182,2025-01-01 22:14:39.408409,2025-01-01 22:14:52.476422,0 days 00:00:13.068013,6,100,35.0,10.0,90.0,95.0,75.0,,,,,2,2.0,6.0,5.0,4.0,2.0,,,,,COMPLETE
603,603,0.5927952576379389,2025-01-01 22:14:52.477132,2025-01-01 22:15:08.233996,0 days 00:00:15.756864,6,95,40.0,20.0,95.0,45.0,60.0,,,,,2,2.0,6.0,4.0,4.0,3.0,,,,,COMPLETE
604,604,0.6581818181818182,2025-01-01 22:15:08.234895,2025-01-01 22:15:18.442057,0 days 00:00:10.207162,4,100,40.0,10.0,85.0,,,,,,,2,2.0,4.0,4.0,,,,,,,COMPLETE
605,605,0.5191176470588236,2025-01-01 22:15:18.442698,2025-01-01 22:15:22.482081,0 days 00:00:04.039383,2,70,30.0,,,,,,,,,2,2.0,,,,,,,,,COMPLETE
606,606,0.6396226415094339,2025-01-01 22:15:22.482693,2025-01-01 22:15:26.755712,0 days 00:00:04.273019,2,90,30.0,,,,,,,,,2,2.0,,,,,,,,,COMPLETE
607,607,0.6515151515151515,2025-01-01 22:15:26.756366,2025-01-01 22:15:44.659344,0 days 00:00:17.902978,7,100,25.0,15.0,100.0,10.0,90.0,90.0,,,,2,2.0,4.0,3.0,5.0,2.0,5.0,,,,COMPLETE
608,608,0.7731092436974789,2025-01-01 22:15:44.660078,2025-01-01 22:16:05.093592,0 days 00:00:20.433514,9,95,35.0,85.0,95.0,95.0,80.0,35.0,70.0,70.0,,2,2.0,6.0,4.0,4.0,3.0,3.0,5.0,5.0,,COMPLETE
609,609,0.6056003796867584,2025-01-01 22:16:05.094646,2025-01-01 22:16:19.473598,0 days 00:00:14.378952,7,90,35.0,85.0,95.0,95.0,80.0,40.0,,,,6,2.0,6.0,4.0,4.0,3.0,3.0,,,,COMPLETE
610,610,0.7019927536231885,2025-01-01 22:16:19.474483,2025-01-01 22:16:41.193801,0 days 00:00:21.719318,9,90,35.0,85.0,95.0,100.0,85.0,35.0,75.0,70.0,,2,2.0,6.0,4.0,4.0,3.0,4.0,5.0,5.0,,COMPLETE
611,611,0.6356589147286822,2025-01-01 22:16:41.194881,2025-01-01 22:17:06.207640,0 days 00:00:25.012759,10,95,30.0,90.0,90.0,95.0,75.0,25.0,70.0,85.0,75.0,2,2.0,6.0,4.0,4.0,3.0,3.0,4.0,5.0,4.0,COMPLETE
612,612,0.5727272727272728,2025-01-01 22:17:06.208710,2025-01-01 22:17:27.277091,0 days 00:00:21.068381,9,95,35.0,85.0,100.0,90.0,70.0,35.0,80.0,95.0,,2,2.0,6.0,4.0,4.0,3.0,3.0,5.0,4.0,,COMPLETE
613,613,0.5208333333333333,2025-01-01 22:17:27.278283,2025-01-01 22:17:48.556411,0 days 00:00:21.278128,9,65,30.0,80.0,90.0,100.0,80.0,30.0,70.0,65.0,,2,2.0,6.0,4.0,4.0,3.0,3.0,5.0,5.0,,COMPLETE
614,614,0.6518518518518519,2025-01-01 22:17:48.557371,2025-01-01 22:18:16.776302,0 days 00:00:28.218931,9,95,20.0,85.0,95.0,95.0,80.0,45.0,75.0,60.0,,2,2.0,6.0,4.0,4.0,3.0,4.0,5.0,6.0,,COMPLETE
615,615,0.637641723356009,2025-01-01 22:18:16.777358,2025-01-01 22:18:37.507027,0 days 00:00:20.729669,10,90,30.0,80.0,90.0,90.0,65.0,50.0,60.0,100.0,35.0,2,2.0,5.0,4.0,4.0,3.0,3.0,4.0,4.0,5.0,COMPLETE
616,616,0.49786426198386335,2025-01-01 22:18:37.507907,2025-01-01 22:19:01.541358,0 days 00:00:24.033451,10,65,30.0,90.0,95.0,90.0,75.0,20.0,55.0,80.0,40.0,6,2.0,6.0,4.0,4.0,2.0,4.0,5.0,6.0,3.0,COMPLETE
617,617,0.5415282392026578,2025-01-01 22:19:01.542416,2025-01-01 22:19:23.965989,0 days 00:00:22.423573,9,95,35.0,80.0,100.0,100.0,90.0,30.0,70.0,70.0,,2,2.0,6.0,4.0,4.0,3.0,3.0,5.0,5.0,,COMPLETE
618,618,0.5560224089635855,2025-01-01 22:19:23.966961,2025-01-01 22:19:40.736353,0 days 00:00:16.769392,7,85,25.0,85.0,90.0,50.0,70.0,40.0,,,,2,2.0,6.0,4.0,4.0,2.0,4.0,,,,COMPLETE
619,619,0.4891304347826087,2025-01-01 22:19:40.737114,2025-01-01 22:19:59.357595,0 days 00:00:18.620481,9,70,25.0,75.0,95.0,95.0,80.0,60.0,65.0,55.0,,2,2.0,2.0,4.0,4.0,3.0,3.0,3.0,4.0,,COMPLETE
620,620,0.5695970695970696,2025-01-01 22:19:59.358379,2025-01-01 22:20:13.697398,0 days 00:00:14.339019,7,65,20.0,90.0,85.0,85.0,75.0,35.0,,,,2,2.0,6.0,4.0,4.0,2.0,3.0,,,,COMPLETE
621,621,0.6168478260869565,2025-01-01 22:20:13.698145,2025-01-01 22:20:26.923324,0 days 00:00:13.225179,6,70,5.0,5.0,100.0,45.0,85.0,,,,,2,2.0,6.0,4.0,4.0,3.0,,,,,COMPLETE
622,622,0.5654846335697399,2025-01-01 22:20:26.924223,2025-01-01 22:20:48.834810,0 days 00:00:21.910587,10,65,35.0,85.0,95.0,55.0,70.0,25.0,80.0,95.0,80.0,2,2.0,6.0,4.0,4.0,3.0,3.0,5.0,5.0,3.0,COMPLETE
623,623,0.5927952576379389,2025-01-01 22:20:48.835783,2025-01-01 22:21:06.505982,0 days 00:00:17.670199,6,90,25.0,75.0,90.0,50.0,65.0,,,,,5,2.0,6.0,4.0,4.0,4.0,,,,,COMPLETE
624,624,0.5499316005471957,2025-01-01 22:21:06.506741,2025-01-01 22:21:19.273380,0 days 00:00:12.766639,4,65,30.0,30.0,100.0,,,,,,,2,2.0,5.0,4.0,,,,,,,COMPLETE
625,625,0.5742753623188406,2025-01-01 22:21:19.274067,2025-01-01 22:21:34.281951,0 days 00:00:15.007884,7,55,25.0,80.0,60.0,100.0,85.0,55.0,,,,2,2.0,3.0,3.0,3.0,2.0,5.0,,,,COMPLETE
626,626,0.5317028985507246,2025-01-01 22:21:34.282704,2025-01-01 22:21:59.090172,0 days 00:00:24.807468,9,95,20.0,95.0,90.0,95.0,75.0,15.0,75.0,30.0,,5,2.0,3.0,4.0,5.0,3.0,4.0,4.0,5.0,,COMPLETE
627,627,0.5643939393939394,2025-01-01 22:21:59.091210,2025-01-01 22:22:18.064434,0 days 00:00:18.973224,7,65,30.0,25.0,85.0,45.0,95.0,45.0,,,,2,2.0,6.0,5.0,4.0,2.0,3.0,,,,COMPLETE
628,628,0.5742753623188406,2025-01-01 22:22:18.065368,2025-01-01 22:22:25.995788,0 days 00:00:07.930420,4,95,25.0,15.0,95.0,,,,,,,5,2.0,3.0,2.0,,,,,,,COMPLETE
629,629,0.5217391304347826,2025-01-01 22:22:25.996520,2025-01-01 22:22:40.156184,0 days 00:00:14.159664,6,65,35.0,70.0,95.0,55.0,60.0,,,,,2,2.0,6.0,4.0,4.0,4.0,,,,,COMPLETE
630,630,0.6190476190476191,2025-01-01 22:22:40.156913,2025-01-01 22:23:03.934946,0 days 00:00:23.778033,9,70,30.0,75.0,85.0,90.0,70.0,85.0,80.0,80.0,,5,2.0,3.0,3.0,4.0,2.0,5.0,5.0,6.0,,COMPLETE
631,631,0.5432624113475177,2025-01-01 22:23:03.935800,2025-01-01 22:23:16.981519,0 days 00:00:13.045719,6,60,25.0,80.0,90.0,85.0,80.0,,,,,2,2.0,6.0,2.0,6.0,6.0,,,,,COMPLETE
632,632,0.729559748427673,2025-01-01 22:23:16.982423,2025-01-01 22:23:28.104604,0 days 00:00:11.122181,5,55,20.0,85.0,45.0,100.0,,,,,,2,2.0,3.0,4.0,3.0,,,,,,COMPLETE
633,633,0.6022201665124884,2025-01-01 22:23:28.105270,2025-01-01 22:23:38.914861,0 days 00:00:10.809591,5,55,20.0,85.0,40.0,100.0,,,,,,5,2.0,3.0,4.0,3.0,,,,,,COMPLETE
634,634,0.6785225718194254,2025-01-01 22:23:38.915708,2025-01-01 22:23:48.309767,0 days 00:00:09.394059,5,55,20.0,90.0,50.0,100.0,,,,,,2,2.0,4.0,4.0,3.0,,,,,,COMPLETE
635,635,0.6154545454545455,2025-01-01 22:23:48.310437,2025-01-01 22:24:01.127586,0 days 00:00:12.817149,5,55,20.0,85.0,85.0,100.0,,,,,,5,2.0,4.0,4.0,3.0,,,,,,COMPLETE
636,636,0.5957446808510638,2025-01-01 22:24:01.128434,2025-01-01 22:24:10.076211,0 days 00:00:08.947777,5,50,20.0,85.0,45.0,95.0,,,,,,2,2.0,3.0,4.0,3.0,,,,,,COMPLETE
637,637,0.6356589147286822,2025-01-01 22:24:10.076892,2025-01-01 22:24:21.942810,0 days 00:00:11.865918,5,55,20.0,90.0,100.0,100.0,,,,,,6,2.0,4.0,4.0,3.0,,,,,,COMPLETE
638,638,0.6288561936402468,2025-01-01 22:24:21.943508,2025-01-01 22:24:30.368639,0 days 00:00:08.425131,5,50,95.0,80.0,35.0,50.0,,,,,,2,2.0,3.0,4.0,3.0,,,,,,COMPLETE
639,639,0.6015769944341374,2025-01-01 22:24:30.369338,2025-01-01 22:24:38.792556,0 days 00:00:08.423218,5,55,15.0,85.0,35.0,95.0,,,,,,3,2.0,3.0,4.0,3.0,,,,,,COMPLETE
640,640,0.5357142857142857,2025-01-01 22:24:38.793242,2025-01-01 22:24:48.676315,0 days 00:00:09.883073,4,60,35.0,85.0,45.0,,,,,,,5,2.0,4.0,4.0,,,,,,,COMPLETE
641,641,0.49444444444444446,2025-01-01 22:24:48.677004,2025-01-01 22:25:00.912209,0 days 00:00:12.235205,5,50,100.0,90.0,55.0,100.0,,,,,,2,2.0,3.0,4.0,3.0,,,,,,COMPLETE
642,642,0.5742753623188406,2025-01-01 22:25:00.912894,2025-01-01 22:25:25.699419,0 days 00:00:24.786525,10,55,20.0,80.0,45.0,45.0,35.0,90.0,60.0,65.0,20.0,5,2.0,4.0,4.0,3.0,6.0,5.0,4.0,2.0,5.0,COMPLETE
643,643,0.5558139534883721,2025-01-01 22:25:25.700492,2025-01-01 22:25:32.712008,0 days 00:00:07.011516,4,100,35.0,85.0,50.0,,,,,,,2,2.0,3.0,4.0,,,,,,,COMPLETE
644,644,0.6196060037523452,2025-01-01 22:25:32.712680,2025-01-01 22:25:43.408586,0 days 00:00:10.695906,5,100,25.0,75.0,90.0,50.0,,,,,,5,2.0,3.0,6.0,3.0,,,,,,COMPLETE
645,645,0.6808510638297872,2025-01-01 22:25:43.409434,2025-01-01 22:25:55.802866,0 days 00:00:12.393432,6,95,40.0,70.0,85.0,45.0,30.0,,,,,2,2.0,3.0,4.0,3.0,4.0,,,,,COMPLETE
646,646,0.5950113378684807,2025-01-01 22:25:55.803746,2025-01-01 22:26:05.121427,0 days 00:00:09.317681,5,55,50.0,80.0,40.0,95.0,,,,,,2,2.0,3.0,4.0,5.0,,,,,,COMPLETE
647,647,0.5136298421807748,2025-01-01 22:26:05.122268,2025-01-01 22:26:15.519924,0 days 00:00:10.397656,4,95,30.0,30.0,40.0,,,,,,,5,2.0,3.0,4.0,,,,,,,COMPLETE
648,648,0.4387464387464387,2025-01-01 22:26:15.520607,2025-01-01 22:26:33.120648,0 days 00:00:17.600041,6,60,30.0,95.0,95.0,55.0,55.0,,,,,5,2.0,4.0,3.0,3.0,4.0,,,,,COMPLETE
649,649,0.601923076923077,2025-01-01 22:26:33.121387,2025-01-01 22:26:36.969642,0 days 00:00:03.848255,2,60,15.0,,,,,,,,,2,2.0,,,,,,,,,COMPLETE
650,650,0.6875,2025-01-01 22:26:36.970273,2025-01-01 22:26:49.238440,0 days 00:00:12.268167,5,100,20.0,75.0,50.0,100.0,,,,,,2,2.0,3.0,4.0,5.0,,,,,,COMPLETE
651,651,0.6785225718194254,2025-01-01 22:26:49.239169,2025-01-01 22:27:02.313446,0 days 00:00:13.074277,5,90,95.0,85.0,90.0,45.0,,,,,,5,2.0,3.0,4.0,6.0,,,,,,COMPLETE
652,652,0.6581818181818182,2025-01-01 22:27:02.314526,2025-01-01 22:27:06.754883,0 days 00:00:04.440357,2,95,55.0,,,,,,,,,2,2.0,,,,,,,,,COMPLETE
653,653,0.5654846335697399,2025-01-01 22:27:06.755504,2025-01-01 22:27:17.901529,0 days 00:00:11.146025,5,65,40.0,90.0,100.0,60.0,,,,,,2,2.0,4.0,4.0,5.0,,,,,,COMPLETE
654,654,0.614622641509434,2025-01-01 22:27:17.902322,2025-01-01 22:27:26.865790,0 days 00:00:08.963468,4,60,25.0,35.0,90.0,,,,,,,5,2.0,3.0,5.0,,,,,,,COMPLETE
655,655,0.6356589147286822,2025-01-01 22:27:26.866459,2025-01-01 22:27:35.160883,0 days 00:00:08.294424,5,100,35.0,70.0,100.0,40.0,,,,,,2,2.0,3.0,3.0,3.0,,,,,,COMPLETE
656,656,0.6323055683387022,2025-01-01 22:27:35.161563,2025-01-01 22:27:47.986985,0 days 00:00:12.825422,6,65,30.0,85.0,85.0,50.0,50.0,,,,,5,2.0,4.0,4.0,4.0,2.0,,,,,COMPLETE
657,657,0.5457892314772204,2025-01-01 22:27:47.987743,2025-01-01 22:28:00.263692,0 days 00:00:12.275949,5,50,25.0,80.0,95.0,95.0,,,,,,2,2.0,3.0,4.0,4.0,,,,,,COMPLETE
658,658,0.5375,2025-01-01 22:28:00.264367,2025-01-01 22:28:08.865099,0 days 00:00:08.600732,4,55,20.0,30.0,90.0,,,,,,,5,2.0,3.0,4.0,,,,,,,COMPLETE
659,659,0.53,2025-01-01 22:28:08.865771,2025-01-01 22:28:28.880561,0 days 00:00:20.014790,9,95,25.0,25.0,95.0,55.0,35.0,60.0,75.0,70.0,,2,2.0,3.0,3.0,4.0,6.0,4.0,5.0,5.0,,COMPLETE
660,660,0.5266472868217054,2025-01-01 22:28:28.881465,2025-01-01 22:28:40.112953,0 days 00:00:11.231488,5,100,30.0,75.0,30.0,45.0,,,,,,5,2.0,3.0,4.0,5.0,,,,,,COMPLETE
661,661,0.5180952380952382,2025-01-01 22:28:40.113858,2025-01-01 22:28:46.552497,0 days 00:00:06.438639,3,60,40.0,80.0,,,,,,,,3,2.0,3.0,,,,,,,,COMPLETE
662,662,0.5106382978723404,2025-01-01 22:28:46.553133,2025-01-01 22:29:03.368712,0 days 00:00:16.815579,7,65,20.0,70.0,80.0,100.0,20.0,85.0,,,,2,2.0,3.0,4.0,3.0,4.0,4.0,,,,COMPLETE
663,663,0.6234967622571693,2025-01-01 22:29:03.369575,2025-01-01 22:29:14.217875,0 days 00:00:10.848300,6,65,25.0,85.0,95.0,50.0,25.0,,,,,2,2.0,3.0,5.0,4.0,2.0,,,,,COMPLETE
664,664,0.5272727272727273,2025-01-01 22:29:14.218763,2025-01-01 22:29:20.264502,0 days 00:00:06.045739,2,100,15.0,,,,,,,,,5,2.0,,,,,,,,,COMPLETE
665,665,0.7095282146160962,2025-01-01 22:29:20.265130,2025-01-01 22:29:29.396626,0 days 00:00:09.131496,4,70,30.0,50.0,55.0,,,,,,,2,2.0,4.0,3.0,,,,,,,COMPLETE
666,666,0.5742753623188406,2025-01-01 22:29:29.397283,2025-01-01 22:29:37.937863,0 days 00:00:08.540580,3,95,45.0,70.0,,,,,,,,5,2.0,6.0,,,,,,,,COMPLETE
667,667,0.551594746716698,2025-01-01 22:29:37.938525,2025-01-01 22:29:50.203374,0 days 00:00:12.264849,5,60,35.0,35.0,40.0,95.0,,,,,,2,2.0,3.0,4.0,4.0,,,,,,COMPLETE
668,668,0.6260162601626016,2025-01-01 22:29:50.204089,2025-01-01 22:29:59.773307,0 days 00:00:09.569218,4,55,25.0,75.0,85.0,,,,,,,2,2.0,6.0,4.0,,,,,,,COMPLETE
669,669,0.5950113378684807,2025-01-01 22:29:59.774183,2025-01-01 22:30:07.684725,0 days 00:00:07.910542,3,65,40.0,25.0,,,,,,,,5,2.0,3.0,,,,,,,,COMPLETE
670,670,0.6959810874704492,2025-01-01 22:30:07.685363,2025-01-01 22:30:22.477595,0 days 00:00:14.792232,7,45,25.0,90.0,100.0,40.0,45.0,95.0,,,,2,2.0,6.0,4.0,4.0,2.0,3.0,,,,COMPLETE
671,671,0.5083986562150056,2025-01-01 22:30:22.478483,2025-01-01 22:30:28.112400,0 days 00:00:05.633917,2,100,30.0,,,,,,,,,5,2.0,,,,,,,,,COMPLETE
672,672,0.4643527204502814,2025-01-01 22:30:28.113030,2025-01-01 22:30:39.957396,0 days 00:00:11.844366,5,65,20.0,70.0,90.0,90.0,,,,,,2,2.0,3.0,4.0,4.0,,,,,,COMPLETE
673,673,0.6452358926919519,2025-01-01 22:30:39.958119,2025-01-01 22:30:46.602427,0 days 00:00:06.644308,3,90,30.0,80.0,,,,,,,,2,2.0,3.0,,,,,,,,COMPLETE
674,674,0.5266472868217054,2025-01-01 22:30:46.603087,2025-01-01 22:30:55.150304,0 days 00:00:08.547217,3,50,25.0,75.0,,,,,,,,5,2.0,6.0,,,,,,,,COMPLETE
675,675,0.5374653098982424,2025-01-01 22:30:55.150974,2025-01-01 22:31:06.586835,0 days 00:00:11.435861,5,60,35.0,85.0,65.0,100.0,,,,,,5,2.0,4.0,2.0,5.0,,,,,,COMPLETE
676,676,0.5432624113475177,2025-01-01 22:31:06.587729,2025-01-01 22:31:19.131191,0 days 00:00:12.543462,6,70,40.0,30.0,15.0,50.0,20.0,,,,,2,2.0,3.0,4.0,4.0,4.0,,,,,COMPLETE
677,677,0.5790697674418605,2025-01-01 22:31:19.131950,2025-01-01 22:31:33.021347,0 days 00:00:13.889397,6,100,20.0,80.0,45.0,45.0,100.0,,,,,2,2.0,6.0,3.0,4.0,2.0,,,,,COMPLETE
678,678,0.5432624113475177,2025-01-01 22:31:33.022112,2025-01-01 22:31:59.965228,0 days 00:00:26.943116,10,65,25.0,20.0,90.0,55.0,60.0,15.0,85.0,85.0,55.0,2,2.0,3.0,2.0,6.0,4.0,3.0,5.0,6.0,6.0,COMPLETE
679,679,0.4572649572649573,2025-01-01 22:31:59.966396,2025-01-01 22:32:24.741641,0 days 00:00:24.775245,9,55,45.0,70.0,95.0,95.0,10.0,60.0,55.0,75.0,,5,2.0,6.0,4.0,4.0,6.0,5.0,5.0,4.0,,COMPLETE
680,680,0.6154545454545455,2025-01-01 22:32:24.742573,2025-01-01 22:32:30.215290,0 days 00:00:05.472717,3,95,35.0,90.0,,,,,,,,2,3.0,3.0,,,,,,,,COMPLETE
681,681,0.6581818181818182,2025-01-01 22:32:30.215939,2025-01-01 22:32:36.996353,0 days 00:00:06.780414,3,65,30.0,45.0,,,,,,,,2,2.0,4.0,,,,,,,,COMPLETE
682,682,0.561936402467964,2025-01-01 22:32:36.996999,2025-01-01 22:32:44.900751,0 days 00:00:07.903752,3,75,15.0,65.0,,,,,,,,5,2.0,6.0,,,,,,,,COMPLETE
683,683,0.5932367149758454,2025-01-01 22:32:44.901405,2025-01-01 22:33:00.290578,0 days 00:00:15.389173,5,70,25.0,85.0,85.0,40.0,,,,,,5,5.0,3.0,4.0,5.0,,,,,,COMPLETE
684,684,0.5499316005471957,2025-01-01 22:33:00.291374,2025-01-01 22:33:08.113660,0 days 00:00:07.822286,3,100,20.0,35.0,,,,,,,,2,2.0,6.0,,,,,,,,COMPLETE
685,685,0.6556776556776557,2025-01-01 22:33:08.114282,2025-01-01 22:33:18.670411,0 days 00:00:10.556129,4,95,50.0,30.0,100.0,,,,,,,5,2.0,3.0,2.0,,,,,,,COMPLETE
686,686,0.5474806201550388,2025-01-01 22:33:18.671319,2025-01-01 22:33:34.570143,0 days 00:00:15.898824,7,50,25.0,75.0,95.0,25.0,15.0,100.0,,,,2,2.0,6.0,4.0,3.0,5.0,3.0,,,,COMPLETE
687,687,0.6407407407407407,2025-01-01 22:33:34.570990,2025-01-01 22:33:39.678750,0 days 00:00:05.107760,2,60,35.0,,,,,,,,,5,2.0,,,,,,,,,COMPLETE
688,688,0.5210401891252955,2025-01-01 22:33:39.679385,2025-01-01 22:33:52.963545,0 days 00:00:13.284160,5,90,30.0,80.0,35.0,70.0,,,,,,6,2.0,4.0,4.0,4.0,,,,,,COMPLETE
689,689,0.759469696969697,2025-01-01 22:33:52.964301,2025-01-01 22:34:01.626906,0 days 00:00:08.662605,3,65,40.0,75.0,,,,,,,,2,5.0,3.0,,,,,,,,COMPLETE
690,690,0.5210401891252955,2025-01-01 22:34:01.627574,2025-01-01 22:34:09.516720,0 days 00:00:07.889146,3,65,20.0,75.0,,,,,,,,3,5.0,3.0,,,,,,,,COMPLETE
691,691,0.6875,2025-01-01 22:34:09.517473,2025-01-01 22:34:20.230189,0 days 00:00:10.712716,3,65,30.0,70.0,,,,,,,,2,5.0,5.0,,,,,,,,COMPLETE
692,692,0.49444444444444446,2025-01-01 22:34:20.230860,2025-01-01 22:34:30.369091,0 days 00:00:10.138231,3,70,10.0,75.0,,,,,,,,5,5.0,3.0,,,,,,,,COMPLETE
693,693,0.5851922164214522,2025-01-01 22:34:30.369764,2025-01-01 22:34:37.607383,0 days 00:00:07.237619,3,65,25.0,75.0,,,,,,,,2,5.0,3.0,,,,,,,,COMPLETE
694,694,0.637641723356009,2025-01-01 22:34:37.608056,2025-01-01 22:34:46.702855,0 days 00:00:09.094799,3,60,20.0,75.0,,,,,,,,2,5.0,5.0,,,,,,,,COMPLETE
695,695,0.6665124884366327,2025-01-01 22:34:46.703480,2025-01-01 22:34:55.328883,0 days 00:00:08.625403,3,65,25.0,80.0,,,,,,,,5,5.0,3.0,,,,,,,,COMPLETE
696,696,0.6742424242424242,2025-01-01 22:34:55.329746,2025-01-01 22:35:03.541455,0 days 00:00:08.211709,3,70,40.0,80.0,,,,,,,,5,5.0,3.0,,,,,,,,COMPLETE
697,697,0.5576279292204687,2025-01-01 22:35:03.542248,2025-01-01 22:35:10.130592,0 days 00:00:06.588344,3,60,45.0,70.0,,,,,,,,2,5.0,3.0,,,,,,,,COMPLETE
698,698,0.5070149975810353,2025-01-01 22:35:10.131240,2025-01-01 22:35:17.918062,0 days 00:00:07.786822,4,65,25.0,85.0,80.0,,,,,,,2,5.0,2.0,3.0,,,,,,,COMPLETE
699,699,0.6154545454545455,2025-01-01 22:35:17.918818,2025-01-01 22:35:25.256398,0 days 00:00:07.337580,2,65,30.0,,,,,,,,,5,5.0,,,,,,,,,COMPLETE
700,700,0.4980952380952381,2025-01-01 22:35:25.257070,2025-01-01 22:35:36.949335,0 days 00:00:11.692265,3,55,30.0,70.0,,,,,,,,2,5.0,5.0,,,,,,,,COMPLETE
701,701,0.5474806201550388,2025-01-01 22:35:36.950018,2025-01-01 22:35:46.490941,0 days 00:00:09.540923,3,70,35.0,75.0,,,,,,,,5,5.0,3.0,,,,,,,,COMPLETE
702,702,0.7687074829931972,2025-01-01 22:35:46.491599,2025-01-01 22:35:55.004325,0 days 00:00:08.512726,3,60,25.0,80.0,,,,,,,,2,5.0,3.0,,,,,,,,COMPLETE
703,703,0.5184122429459589,2025-01-01 22:35:55.004996,2025-01-01 22:36:02.067842,0 days 00:00:07.062846,3,55,25.0,75.0,,,,,,,,2,5.0,3.0,,,,,,,,COMPLETE
704,704,0.48351648351648346,2025-01-01 22:36:02.068492,2025-01-01 22:36:10.498003,0 days 00:00:08.429511,3,60,25.0,80.0,,,,,,,,2,5.0,3.0,,,,,,,,COMPLETE
705,705,0.6126373626373627,2025-01-01 22:36:10.498628,2025-01-01 22:36:17.607288,0 days 00:00:07.108660,3,55,20.0,80.0,,,,,,,,2,5.0,3.0,,,,,,,,COMPLETE
706,706,0.6695238095238095,2025-01-01 22:36:17.607956,2025-01-01 22:36:25.842018,0 days 00:00:08.234062,3,60,25.0,75.0,,,,,,,,2,5.0,3.0,,,,,,,,COMPLETE
707,707,0.6456241032998565,2025-01-01 22:36:25.842796,2025-01-01 22:36:32.758570,0 days 00:00:06.915774,3,60,25.0,80.0,,,,,,,,2,2.0,3.0,,,,,,,,COMPLETE
708,708,0.5990697674418605,2025-01-01 22:36:32.759425,2025-01-01 22:36:40.563544,0 days 00:00:07.804119,3,55,15.0,75.0,,,,,,,,2,6.0,3.0,,,,,,,,COMPLETE
709,709,0.6083333333333334,2025-01-01 22:36:40.564216,2025-01-01 22:36:46.118498,0 days 00:00:05.554282,3,50,20.0,65.0,,,,,,,,2,2.0,3.0,,,,,,,,COMPLETE
710,710,0.6655813953488372,2025-01-01 22:36:46.119147,2025-01-01 22:36:51.401876,0 days 00:00:05.282729,3,60,25.0,80.0,,,,,,,,2,2.0,3.0,,,,,,,,COMPLETE
711,711,0.6802721088435374,2025-01-01 22:36:51.402647,2025-01-01 22:36:57.163546,0 days 00:00:05.760899,3,80,30.0,70.0,,,,,,,,2,2.0,3.0,,,,,,,,COMPLETE
712,712,0.5584415584415584,2025-01-01 22:36:57.164294,2025-01-01 22:37:05.613180,0 days 00:00:08.448886,3,60,20.0,75.0,,,,,,,,2,5.0,3.0,,,,,,,,COMPLETE
713,713,0.5539452495974235,2025-01-01 22:37:05.613844,2025-01-01 22:37:10.214249,0 days 00:00:04.600405,2,60,25.0,,,,,,,,,2,2.0,,,,,,,,,COMPLETE
714,714,0.6219851576994434,2025-01-01 22:37:10.214886,2025-01-01 22:37:16.202910,0 days 00:00:05.988024,3,55,20.0,60.0,,,,,,,,2,2.0,3.0,,,,,,,,COMPLETE
715,715,0.5493230174081238,2025-01-01 22:37:16.203650,2025-01-01 22:37:40.386249,0 days 00:00:24.182599,9,65,30.0,55.0,60.0,35.0,30.0,65.0,65.0,10.0,,2,2.0,3.0,5.0,5.0,4.0,5.0,4.0,6.0,,COMPLETE
716,716,0.6234967622571693,2025-01-01 22:37:40.387133,2025-01-01 22:37:48.313653,0 days 00:00:07.926520,3,45,25.0,30.0,,,,,,,,2,5.0,3.0,,,,,,,,COMPLETE
717,717,0.5432624113475177,2025-01-01 22:37:48.314520,2025-01-01 22:37:54.651311,0 days 00:00:06.336791,3,100,35.0,65.0,,,,,,,,2,2.0,3.0,,,,,,,,COMPLETE
718,718,0.7229024943310658,2025-01-01 22:37:54.651969,2025-01-01 22:38:00.662353,0 days 00:00:06.010384,4,60,25.0,80.0,80.0,,,,,,,2,2.0,3.0,2.0,,,,,,,COMPLETE
719,719,0.5957446808510638,2025-01-01 22:38:00.662992,2025-01-01 22:38:07.188382,0 days 00:00:06.525390,4,55,30.0,80.0,75.0,,,,,,,2,2.0,3.0,2.0,,,,,,,COMPLETE
720,720,0.6594202898550725,2025-01-01 22:38:07.189246,2025-01-01 22:38:15.277298,0 days 00:00:08.088052,4,60,25.0,80.0,80.0,,,,,,,2,2.0,3.0,2.0,,,,,,,COMPLETE
721,721,0.5106382978723404,2025-01-01 22:38:15.277973,2025-01-01 22:38:21.789524,0 days 00:00:06.511551,4,60,20.0,80.0,70.0,,,,,,,2,2.0,3.0,2.0,,,,,,,COMPLETE
722,722,0.5523809523809524,2025-01-01 22:38:21.790240,2025-01-01 22:38:28.502308,0 days 00:00:06.712068,4,60,30.0,80.0,80.0,,,,,,,2,2.0,3.0,2.0,,,,,,,COMPLETE
723,723,0.6515151515151515,2025-01-01 22:38:28.502940,2025-01-01 22:38:35.012700,0 days 00:00:06.509760,4,55,30.0,80.0,75.0,,,,,,,2,2.0,3.0,2.0,,,,,,,COMPLETE
724,724,0.637641723356009,2025-01-01 22:38:35.013489,2025-01-01 22:38:42.130582,0 days 00:00:07.117093,4,50,40.0,65.0,80.0,,,,,,,2,2.0,3.0,2.0,,,,,,,COMPLETE
725,725,0.6581818181818182,2025-01-01 22:38:42.131256,2025-01-01 22:38:48.459490,0 days 00:00:06.328234,4,55,35.0,30.0,85.0,,,,,,,2,2.0,3.0,2.0,,,,,,,COMPLETE
726,726,0.5398601398601399,2025-01-01 22:38:48.460160,2025-01-01 22:38:54.672691,0 days 00:00:06.212531,4,60,25.0,50.0,80.0,,,,,,,2,2.0,3.0,2.0,,,,,,,COMPLETE
727,727,0.6518518518518519,2025-01-01 22:38:54.673349,2025-01-01 22:39:01.932734,0 days 00:00:07.259385,4,60,20.0,20.0,70.0,,,,,,,2,2.0,3.0,2.0,,,,,,,COMPLETE
728,728,0.6802721088435374,2025-01-01 22:39:01.933397,2025-01-01 22:39:06.435377,0 days 00:00:04.501980,2,50,45.0,,,,,,,,,2,4.0,,,,,,,,,COMPLETE
729,729,0.6015769944341374,2025-01-01 22:39:06.436028,2025-01-01 22:39:12.325494,0 days 00:00:05.889466,4,100,15.0,35.0,85.0,,,,,,,2,2.0,3.0,2.0,,,,,,,COMPLETE
730,730,0.6581818181818182,2025-01-01 22:39:12.326183,2025-01-01 22:39:17.746107,0 days 00:00:05.419924,4,55,25.0,25.0,85.0,,,,,,,2,2.0,2.0,2.0,,,,,,,COMPLETE
731,731,0.5357142857142857,2025-01-01 22:39:17.746774,2025-01-01 22:39:25.033980,0 days 00:00:07.287206,4,60,35.0,85.0,25.0,,,,,,,2,2.0,3.0,2.0,,,,,,,COMPLETE
732,732,0.5957446808510638,2025-01-01 22:39:25.034850,2025-01-01 22:39:31.232594,0 days 00:00:06.197744,4,100,25.0,60.0,80.0,,,,,,,2,2.0,3.0,2.0,,,,,,,COMPLETE
733,733,0.7573203194321206,2025-01-01 22:39:31.233277,2025-01-01 22:39:39.905241,0 days 00:00:08.671964,4,60,30.0,80.0,75.0,,,,,,,2,2.0,4.0,2.0,,,,,,,COMPLETE
734,734,0.6304347826086957,2025-01-01 22:39:39.906131,2025-01-01 22:39:49.103892,0 days 00:00:09.197761,4,60,40.0,80.0,70.0,,,,,,,2,2.0,4.0,2.0,,,,,,,COMPLETE
735,735,0.5957446808510638,2025-01-01 22:39:49.104562,2025-01-01 22:39:55.775563,0 days 00:00:06.671001,4,60,25.0,80.0,75.0,,,,,,,2,2.0,3.0,2.0,,,,,,,COMPLETE
736,736,0.6382978723404256,2025-01-01 22:39:55.776241,2025-01-01 22:40:03.001271,0 days 00:00:07.225030,4,55,30.0,85.0,75.0,,,,,,,2,3.0,4.0,2.0,,,,,,,COMPLETE
737,737,0.6126373626373627,2025-01-01 22:40:03.002085,2025-01-01 22:40:11.098650,0 days 00:00:08.096565,4,60,20.0,80.0,65.0,,,,,,,2,2.0,4.0,2.0,,,,,,,COMPLETE
738,738,0.6356589147286822,2025-01-01 22:40:11.099291,2025-01-01 22:40:19.645479,0 days 00:00:08.546188,4,60,40.0,80.0,70.0,,,,,,,2,2.0,4.0,2.0,,,,,,,COMPLETE
739,739,0.5619047619047619,2025-01-01 22:40:19.646159,2025-01-01 22:40:28.370147,0 days 00:00:08.723988,4,55,20.0,85.0,75.0,,,,,,,2,2.0,4.0,2.0,,,,,,,COMPLETE
740,740,0.7058823529411764,2025-01-01 22:40:28.370945,2025-01-01 22:40:36.737475,0 days 00:00:08.366530,4,60,30.0,80.0,75.0,,,,,,,2,2.0,4.0,2.0,,,,,,,COMPLETE
741,741,0.5317028985507246,2025-01-01 22:40:36.738276,2025-01-01 22:40:45.765406,0 days 00:00:09.027130,4,55,25.0,85.0,80.0,,,,,,,2,2.0,4.0,2.0,,,,,,,COMPLETE
742,742,0.44655797101449274,2025-01-01 22:40:45.766089,2025-01-01 22:40:52.933094,0 days 00:00:07.167005,4,60,25.0,75.0,70.0,,,,,,,3,2.0,4.0,2.0,,,,,,,COMPLETE
743,743,0.6168478260869565,2025-01-01 22:40:52.933974,2025-01-01 22:40:59.872319,0 days 00:00:06.938345,4,65,30.0,80.0,75.0,,,,,,,2,2.0,4.0,2.0,,,,,,,COMPLETE
744,744,0.6295731707317074,2025-01-01 22:40:59.872999,2025-01-01 22:41:09.217267,0 days 00:00:09.344268,4,65,15.0,80.0,5.0,,,,,,,2,2.0,4.0,2.0,,,,,,,COMPLETE
745,745,0.5952157598499062,2025-01-01 22:41:09.217944,2025-01-01 22:41:16.814361,0 days 00:00:07.596417,3,60,35.0,75.0,,,,,,,,6,2.0,4.0,,,,,,,,COMPLETE
746,746,0.5261756876663709,2025-01-01 22:41:16.815286,2025-01-01 22:41:20.419006,0 days 00:00:03.603720,2,65,40.0,,,,,,,,,2,2.0,,,,,,,,,COMPLETE
747,747,0.6595441595441596,2025-01-01 22:41:20.419643,2025-01-01 22:41:38.029449,0 days 00:00:17.609806,7,55,20.0,85.0,80.0,35.0,40.0,85.0,,,,2,2.0,4.0,2.0,5.0,6.0,4.0,,,,COMPLETE
748,748,0.5950113378684807,2025-01-01 22:41:38.030188,2025-01-01 22:41:57.882382,0 days 00:00:19.852194,9,65,25.0,90.0,80.0,60.0,90.0,55.0,40.0,30.0,,2,2.0,4.0,2.0,6.0,4.0,3.0,3.0,4.0,,COMPLETE
749,749,0.509750566893424,2025-01-01 22:41:57.883223,2025-01-01 22:42:21.042242,0 days 00:00:23.159019,10,60,30.0,75.0,85.0,60.0,25.0,10.0,45.0,45.0,80.0,2,2.0,4.0,2.0,5.0,5.0,3.0,5.0,5.0,2.0,COMPLETE
750,750,0.5756302521008403,2025-01-01 22:42:21.043129,2025-01-01 22:42:28.612220,0 days 00:00:07.569091,3,75,45.0,65.0,,,,,,,,2,2.0,4.0,,,,,,,,COMPLETE
751,751,0.5950113378684807,2025-01-01 22:42:28.613225,2025-01-01 22:42:34.727692,0 days 00:00:06.114467,4,65,25.0,95.0,75.0,,,,,,,2,2.0,4.0,2.0,,,,,,,COMPLETE
752,752,0.6219851576994434,2025-01-01 22:42:34.728349,2025-01-01 22:42:40.160511,0 days 00:00:05.432162,3,60,20.0,70.0,,,,,,,,2,2.0,3.0,,,,,,,,COMPLETE
753,753,0.559204440333025,2025-01-01 22:42:40.161136,2025-01-01 22:42:45.910685,0 days 00:00:05.749549,3,55,30.0,80.0,,,,,,,,2,2.0,3.0,,,,,,,,COMPLETE
754,754,0.6354545454545455,2025-01-01 22:42:45.911337,2025-01-01 22:42:51.615900,0 days 00:00:05.704563,3,50,35.0,80.0,,,,,,,,2,2.0,3.0,,,,,,,,COMPLETE
755,755,0.5927952576379389,2025-01-01 22:42:51.616677,2025-01-01 22:43:01.313086,0 days 00:00:09.696409,4,65,50.0,85.0,80.0,,,,,,,2,2.0,4.0,2.0,,,,,,,COMPLETE
756,756,0.6234967622571693,2025-01-01 22:43:01.313875,2025-01-01 22:43:08.304209,0 days 00:00:06.990334,3,65,25.0,60.0,,,,,,,,2,2.0,6.0,,,,,,,,COMPLETE
757,757,0.6556776556776557,2025-01-01 22:43:08.304887,2025-01-01 22:43:14.498035,0 days 00:00:06.193148,3,60,45.0,70.0,,,,,,,,2,2.0,3.0,,,,,,,,COMPLETE
758,758,0.5805555555555555,2025-01-01 22:43:14.498736,2025-01-01 22:43:33.547101,0 days 00:00:19.048365,9,55,25.0,75.0,85.0,65.0,95.0,80.0,85.0,95.0,,2,2.0,6.0,2.0,5.0,4.0,5.0,2.0,2.0,,COMPLETE
759,759,0.5253411306042886,2025-01-01 22:43:33.548155,2025-01-01 22:43:37.360185,0 days 00:00:03.812030,2,70,35.0,,,,,,,,,2,2.0,,,,,,,,,COMPLETE
760,760,0.5852272727272727,2025-01-01 22:43:37.360825,2025-01-01 22:43:43.232476,0 days 00:00:05.871651,4,65,20.0,55.0,70.0,,,,,,,2,2.0,3.0,2.0,,,,,,,COMPLETE
761,761,0.5707364341085271,2025-01-01 22:43:43.233287,2025-01-01 22:43:50.470144,0 days 00:00:07.236857,4,70,30.0,45.0,45.0,,,,,,,2,2.0,6.0,2.0,,,,,,,COMPLETE
762,762,0.5180952380952382,2025-01-01 22:43:50.470840,2025-01-01 22:43:57.068888,0 days 00:00:06.598048,3,60,10.0,85.0,,,,,,,,2,2.0,4.0,,,,,,,,COMPLETE
763,763,0.6598639455782312,2025-01-01 22:43:57.069550,2025-01-01 22:44:04.045464,0 days 00:00:06.975914,3,100,25.0,65.0,,,,,,,,2,4.0,3.0,,,,,,,,COMPLETE
764,764,0.6013888888888889,2025-01-01 22:44:04.046138,2025-01-01 22:44:11.420037,0 days 00:00:07.373899,3,55,40.0,75.0,,,,,,,,3,2.0,6.0,,,,,,,,COMPLETE
765,765,0.5950113378684807,2025-01-01 22:44:11.420926,2025-01-01 22:44:28.522255,0 days 00:00:17.101329,7,60,15.0,70.0,65.0,40.0,20.0,95.0,,,,2,6.0,2.0,2.0,5.0,6.0,3.0,,,,COMPLETE
766,766,0.5950113378684807,2025-01-01 22:44:28.523072,2025-01-01 22:44:33.544550,0 days 00:00:05.021478,3,45,30.0,80.0,,,,,,,,2,2.0,3.0,,,,,,,,COMPLETE
767,767,0.5374653098982424,2025-01-01 22:44:33.545302,2025-01-01 22:44:54.324279,0 days 00:00:20.778977,9,50,25.0,80.0,85.0,20.0,35.0,50.0,80.0,50.0,,2,2.0,4.0,6.0,5.0,5.0,2.0,5.0,6.0,,COMPLETE
768,768,0.7151515151515151,2025-01-01 22:44:54.325192,2025-01-01 22:45:01.788140,0 days 00:00:07.462948,4,65,20.0,90.0,80.0,,,,,,,2,2.0,3.0,2.0,,,,,,,COMPLETE
769,769,0.5182186234817814,2025-01-01 22:45:01.788816,2025-01-01 22:45:09.134583,0 days 00:00:07.345767,3,85,30.0,100.0,,,,,,,,6,2.0,3.0,,,,,,,,COMPLETE
770,770,0.6084480303749407,2025-01-01 22:45:09.135271,2025-01-01 22:45:29.273683,0 days 00:00:20.138412,8,100,25.0,85.0,85.0,55.0,15.0,70.0,70.0,,,2,2.0,6.0,2.0,5.0,4.0,6.0,5.0,,,COMPLETE
771,771,0.6168478260869565,2025-01-01 22:45:29.274530,2025-01-01 22:45:35.216273,0 days 00:00:05.941743,3,65,35.0,75.0,,,,,,,,2,2.0,3.0,,,,,,,,COMPLETE
772,772,0.5583333333333333,2025-01-01 22:45:35.216948,2025-01-01 22:45:43.758989,0 days 00:00:08.542041,4,60,40.0,70.0,90.0,,,,,,,2,3.0,6.0,2.0,,,,,,,COMPLETE
773,773,0.6511627906976745,2025-01-01 22:45:43.759667,2025-01-01 22:45:49.014706,0 days 00:00:05.255039,2,60,20.0,,,,,,,,,2,2.0,,,,,,,,,COMPLETE
774,774,0.5851922164214522,2025-01-01 22:45:49.015348,2025-01-01 22:45:55.355797,0 days 00:00:06.340449,3,55,15.0,65.0,,,,,,,,3,2.0,3.0,,,,,,,,COMPLETE
775,775,0.7305555555555556,2025-01-01 22:45:55.356737,2025-01-01 22:46:14.755240,0 days 00:00:19.398503,8,65,25.0,75.0,50.0,65.0,10.0,60.0,70.0,,,2,2.0,4.0,2.0,2.0,5.0,4.0,5.0,,,COMPLETE
776,776,0.6518518518518519,2025-01-01 22:46:14.756169,2025-01-01 22:46:36.930756,0 days 00:00:22.174587,8,100,30.0,75.0,45.0,15.0,10.0,60.0,70.0,,,2,2.0,3.0,2.0,2.0,5.0,4.0,4.0,,,COMPLETE
777,777,0.5727272727272728,2025-01-01 22:46:36.931730,2025-01-01 22:46:53.380646,0 days 00:00:16.448916,8,65,25.0,75.0,50.0,60.0,5.0,65.0,55.0,,,2,2.0,6.0,2.0,2.0,5.0,5.0,4.0,,,COMPLETE
778,778,0.6168478260869565,2025-01-01 22:46:53.381513,2025-01-01 22:47:09.402340,0 days 00:00:16.020827,8,70,20.0,75.0,50.0,70.0,10.0,70.0,65.0,,,2,2.0,4.0,2.0,2.0,5.0,4.0,5.0,,,COMPLETE
779,779,0.5805555555555555,2025-01-01 22:47:09.403214,2025-01-01 22:47:26.286369,0 days 00:00:16.883155,8,80,35.0,75.0,55.0,80.0,15.0,55.0,50.0,,,2,2.0,3.0,2.0,2.0,5.0,5.0,4.0,,,COMPLETE
780,780,0.5531914893617021,2025-01-01 22:47:26.287248,2025-01-01 22:47:42.740218,0 days 00:00:16.452970,8,60,45.0,70.0,90.0,45.0,5.0,60.0,85.0,,,2,2.0,3.0,2.0,2.0,5.0,4.0,5.0,,,COMPLETE
781,781,0.5265567765567765,2025-01-01 22:47:42.741432,2025-01-01 22:47:58.313207,0 days 00:00:15.571775,8,100,30.0,80.0,50.0,65.0,15.0,65.0,75.0,,,2,2.0,6.0,2.0,2.0,5.0,6.0,6.0,,,COMPLETE
782,782,0.5439024390243903,2025-01-01 22:47:58.314166,2025-01-01 22:48:17.199067,0 days 00:00:18.884901,8,55,25.0,70.0,45.0,70.0,20.0,65.0,80.0,,,2,2.0,3.0,2.0,2.0,5.0,2.0,6.0,,,COMPLETE
783,783,0.6013888888888889,2025-01-01 22:48:17.199880,2025-01-01 22:48:33.282721,0 days 00:00:16.082841,8,50,25.0,75.0,40.0,35.0,10.0,70.0,45.0,,,2,2.0,4.0,2.0,2.0,5.0,5.0,5.0,,,COMPLETE
784,784,0.5499316005471957,2025-01-01 22:48:33.283490,2025-01-01 22:48:47.816406,0 days 00:00:14.532916,7,65,40.0,80.0,50.0,65.0,10.0,65.0,,,,2,2.0,6.0,2.0,2.0,5.0,2.0,,,,COMPLETE
785,785,0.6168478260869565,2025-01-01 22:48:47.817200,2025-01-01 22:49:03.945423,0 days 00:00:16.128223,9,70,20.0,75.0,45.0,25.0,5.0,60.0,60.0,85.0,,2,2.0,3.0,2.0,4.0,5.0,3.0,6.0,4.0,,COMPLETE
786,786,0.5957446808510638,2025-01-01 22:49:03.946712,2025-01-01 22:49:26.984903,0 days 00:00:23.038191,8,65,35.0,60.0,45.0,75.0,20.0,50.0,90.0,,,2,2.0,3.0,2.0,4.0,5.0,4.0,6.0,,,COMPLETE
787,787,0.5804810360777057,2025-01-01 22:49:26.985835,2025-01-01 22:49:47.459693,0 days 00:00:20.473858,8,60,30.0,65.0,50.0,40.0,5.0,80.0,60.0,,,2,2.0,6.0,2.0,4.0,6.0,6.0,5.0,,,COMPLETE
788,788,0.6396226415094339,2025-01-01 22:49:47.460610,2025-01-01 22:50:01.452045,0 days 00:00:13.991435,8,100,50.0,70.0,55.0,75.0,25.0,75.0,80.0,,,2,2.0,6.0,2.0,2.0,4.0,2.0,6.0,,,COMPLETE
789,789,0.6356589147286822,2025-01-01 22:50:01.452852,2025-01-01 22:50:13.053922,0 days 00:00:11.601070,7,60,25.0,80.0,50.0,80.0,15.0,55.0,,,,2,2.0,3.0,2.0,4.0,5.0,2.0,,,,COMPLETE
790,790,0.5950113378684807,2025-01-01 22:50:13.054659,2025-01-01 22:50:28.127199,0 days 00:00:15.072540,8,55,45.0,75.0,40.0,55.0,10.0,70.0,90.0,,,2,2.0,4.0,2.0,4.0,5.0,3.0,4.0,,,COMPLETE
791,791,0.5851922164214522,2025-01-01 22:50:28.127997,2025-01-01 22:50:46.536979,0 days 00:00:18.408982,8,65,30.0,70.0,55.0,50.0,30.0,80.0,85.0,,,2,2.0,3.0,2.0,5.0,6.0,6.0,6.0,,,COMPLETE
792,792,0.4642042863657091,2025-01-01 22:50:46.538075,2025-01-01 22:51:10.179791,0 days 00:00:23.641716,9,70,20.0,45.0,60.0,30.0,20.0,65.0,70.0,20.0,,2,5.0,6.0,2.0,6.0,4.0,2.0,5.0,3.0,,COMPLETE
793,793,0.6154545454545455,2025-01-01 22:51:10.180788,2025-01-01 22:51:29.200406,0 days 00:00:19.019618,8,65,25.0,80.0,75.0,45.0,15.0,70.0,75.0,,,2,2.0,3.0,2.0,4.0,4.0,4.0,6.0,,,COMPLETE
794,794,0.6521739130434783,2025-01-01 22:51:29.201220,2025-01-01 22:51:37.067931,0 days 00:00:07.866711,4,50,35.0,75.0,45.0,,,,,,,2,5.0,3.0,2.0,,,,,,,COMPLETE
795,795,0.6356589147286822,2025-01-01 22:51:37.068612,2025-01-01 22:51:46.705136,0 days 00:00:09.636524,4,100,25.0,65.0,80.0,,,,,,,2,6.0,6.0,2.0,,,,,,,COMPLETE
796,796,0.6651205936920223,2025-01-01 22:51:46.705870,2025-01-01 22:52:05.723765,0 days 00:00:19.017895,8,10,10.0,85.0,85.0,50.0,10.0,55.0,50.0,,,2,2.0,4.0,2.0,4.0,5.0,2.0,6.0,,,COMPLETE
797,797,0.5727272727272728,2025-01-01 22:52:05.724576,2025-01-01 22:52:26.532725,0 days 00:00:20.808149,7,60,40.0,80.0,90.0,60.0,5.0,75.0,,,,2,4.0,3.0,3.0,5.0,5.0,5.0,,,,COMPLETE
798,798,0.5727272727272728,2025-01-01 22:52:26.533735,2025-01-01 22:52:36.731665,0 days 00:00:10.197930,4,65,40.0,20.0,85.0,,,,,,,3,2.0,3.0,2.0,,,,,,,COMPLETE
799,799,0.6323055683387022,2025-01-01 22:52:36.732473,2025-01-01 22:52:59.147584,0 days 00:00:22.415111,8,60,20.0,60.0,55.0,45.0,45.0,90.0,40.0,,,2,2.0,6.0,2.0,4.0,6.0,3.0,5.0,,,COMPLETE
800,800,0.6302600472813239,2025-01-01 22:52:59.148442,2025-01-01 22:53:05.583571,0 days 00:00:06.435129,4,100,30.0,80.0,80.0,,,,,,,2,2.0,3.0,2.0,,,,,,,COMPLETE
801,801,0.5374653098982424,2025-01-01 22:53:05.584265,2025-01-01 22:53:23.040657,0 days 00:00:17.456392,8,55,25.0,75.0,90.0,55.0,10.0,65.0,95.0,,,2,5.0,3.0,2.0,4.0,4.0,2.0,6.0,,,COMPLETE
802,802,0.6918238993710691,2025-01-01 22:53:23.041485,2025-01-01 22:53:31.670182,0 days 00:00:08.628697,4,65,30.0,70.0,95.0,,,,,,,2,2.0,6.0,2.0,,,,,,,COMPLETE
803,803,0.4765133171912833,2025-01-01 22:53:31.670888,2025-01-01 22:53:35.057784,0 days 00:00:03.386896,2,70,15.0,,,,,,,,,2,2.0,,,,,,,,,COMPLETE
804,804,0.6236111111111111,2025-01-01 22:53:35.058438,2025-01-01 22:54:02.131972,0 days 00:00:27.073534,10,60,25.0,65.0,15.0,85.0,25.0,60.0,100.0,60.0,100.0,2,2.0,3.0,2.0,4.0,5.0,6.0,3.0,5.0,4.0,COMPLETE
805,805,0.655266757865937,2025-01-01 22:54:02.133082,2025-01-01 22:54:22.935656,0 days 00:00:20.802574,8,55,20.0,85.0,60.0,35.0,5.0,85.0,75.0,,,2,2.0,4.0,3.0,2.0,3.0,3.0,4.0,,,COMPLETE
806,806,0.5523809523809524,2025-01-01 22:54:22.936524,2025-01-01 22:54:41.758153,0 days 00:00:18.821629,7,85,30.0,50.0,75.0,40.0,15.0,75.0,,,,2,2.0,3.0,5.0,3.0,4.0,4.0,,,,COMPLETE
807,807,0.6854942233632862,2025-01-01 22:54:41.759221,2025-01-01 22:54:44.775370,0 days 00:00:03.016149,1,100,,,,,,,,,,2,,,,,,,,,,COMPLETE
808,808,0.6083333333333334,2025-01-01 22:54:44.776101,2025-01-01 22:55:05.911977,0 days 00:00:21.135876,9,65,25.0,70.0,85.0,55.0,15.0,50.0,65.0,30.0,,2,2.0,6.0,2.0,5.0,5.0,2.0,6.0,3.0,,COMPLETE
809,809,0.5668449197860963,2025-01-01 22:55:05.912828,2025-01-01 22:55:12.206769,0 days 00:00:06.293941,2,60,35.0,,,,,,,,,2,5.0,,,,,,,,,COMPLETE
810,810,0.5890473999079613,2025-01-01 22:55:12.207444,2025-01-01 22:55:20.656947,0 days 00:00:08.449503,4,70,25.0,80.0,90.0,,,,,,,2,2.0,6.0,2.0,,,,,,,COMPLETE
811,811,0.5705996131528046,2025-01-01 22:55:20.657628,2025-01-01 22:55:38.228466,0 days 00:00:17.570838,8,100,50.0,25.0,90.0,40.0,30.0,70.0,85.0,,,2,2.0,3.0,3.0,4.0,6.0,6.0,5.0,,,COMPLETE
812,812,0.7262596899224807,2025-01-01 22:55:38.229490,2025-01-01 22:55:45.427686,0 days 00:00:07.198196,3,55,30.0,35.0,,,,,,,,2,3.0,4.0,,,,,,,,COMPLETE
813,813,0.6515151515151515,2025-01-01 22:55:45.428369,2025-01-01 22:55:50.727926,0 days 00:00:05.299557,2,50,20.0,,,,,,,,,2,3.0,,,,,,,,,COMPLETE
814,814,0.5358139534883721,2025-01-01 22:55:50.728678,2025-01-01 22:55:59.697548,0 days 00:00:08.968870,4,55,45.0,35.0,85.0,,,,,,,2,3.0,4.0,2.0,,,,,,,COMPLETE
815,815,0.5387288977159881,2025-01-01 22:55:59.698398,2025-01-01 22:56:13.462796,0 days 00:00:13.764398,7,55,30.0,40.0,95.0,50.0,20.0,80.0,,,,2,4.0,4.0,2.0,6.0,3.0,2.0,,,,COMPLETE
816,816,0.4591836734693877,2025-01-01 22:56:13.463767,2025-01-01 22:56:22.016905,0 days 00:00:08.553138,3,55,35.0,35.0,,,,,,,,2,3.0,4.0,,,,,,,,COMPLETE
817,817,0.5788497217068646,2025-01-01 22:56:22.017606,2025-01-01 22:56:29.158208,0 days 00:00:07.140602,3,55,25.0,35.0,,,,,,,,2,3.0,4.0,,,,,,,,COMPLETE
818,818,0.6275058275058275,2025-01-01 22:56:29.158883,2025-01-01 22:56:50.975904,0 days 00:00:21.817021,8,55,15.0,40.0,80.0,45.0,10.0,60.0,55.0,,,2,3.0,4.0,2.0,4.0,4.0,5.0,6.0,,,COMPLETE
819,819,0.6168478260869565,2025-01-01 22:56:50.976730,2025-01-01 22:56:57.035134,0 days 00:00:06.058404,3,55,35.0,40.0,,,,,,,,2,2.0,4.0,,,,,,,,COMPLETE
820,820,0.5322128851540616,2025-01-01 22:56:57.035948,2025-01-01 22:57:04.912491,0 days 00:00:07.876543,4,50,25.0,35.0,40.0,,,,,,,2,3.0,4.0,2.0,,,,,,,COMPLETE
821,821,0.5523809523809524,2025-01-01 22:57:04.913154,2025-01-01 22:57:12.915711,0 days 00:00:08.002557,3,50,20.0,40.0,,,,,,,,2,3.0,4.0,,,,,,,,COMPLETE
822,822,0.53,2025-01-01 22:57:12.916387,2025-01-01 22:57:37.944900,0 days 00:00:25.028513,9,55,40.0,35.0,90.0,100.0,20.0,55.0,60.0,55.0,,2,4.0,4.0,4.0,5.0,5.0,3.0,2.0,6.0,,COMPLETE
823,823,0.6148255813953488,2025-01-01 22:57:37.946114,2025-01-01 22:57:56.802422,0 days 00:00:18.856308,8,55,20.0,30.0,75.0,50.0,5.0,75.0,90.0,,,2,2.0,4.0,5.0,3.0,5.0,2.0,5.0,,,COMPLETE
824,824,0.5867612293144208,2025-01-01 22:57:56.803243,2025-01-01 22:58:03.471495,0 days 00:00:06.668252,3,50,30.0,45.0,,,,,,,,2,2.0,4.0,,,,,,,,COMPLETE
825,825,0.5990697674418605,2025-01-01 22:58:03.472194,2025-01-01 22:58:21.470870,0 days 00:00:17.998676,7,50,25.0,35.0,50.0,45.0,25.0,70.0,,,,6,2.0,4.0,6.0,4.0,3.0,6.0,,,,COMPLETE
826,826,0.637641723356009,2025-01-01 22:58:21.471701,2025-01-01 22:58:28.968721,0 days 00:00:07.497020,4,60,45.0,35.0,85.0,,,,,,,2,2.0,4.0,2.0,,,,,,,COMPLETE
827,827,0.6481481481481481,2025-01-01 22:58:28.969530,2025-01-01 22:58:32.957175,0 days 00:00:03.987645,2,55,25.0,,,,,,,,,2,2.0,,,,,,,,,COMPLETE
828,828,0.53,2025-01-01 22:58:32.957939,2025-01-01 22:58:38.313298,0 days 00:00:05.355359,3,60,35.0,40.0,,,,,,,,2,2.0,4.0,,,,,,,,COMPLETE
829,829,0.5358139534883721,2025-01-01 22:58:38.313960,2025-01-01 22:58:53.660110,0 days 00:00:15.346150,8,100,55.0,30.0,95.0,65.0,15.0,10.0,100.0,,,2,2.0,4.0,4.0,4.0,3.0,3.0,3.0,,,COMPLETE
830,830,0.5890473999079613,2025-01-01 22:58:53.661136,2025-01-01 22:59:00.848766,0 days 00:00:07.187630,3,45,30.0,40.0,,,,,,,,2,2.0,6.0,,,,,,,,COMPLETE
831,831,0.6084480303749407,2025-01-01 22:59:00.849448,2025-01-01 22:59:09.521023,0 days 00:00:08.671575,4,60,40.0,85.0,75.0,,,,,,,2,2.0,6.0,3.0,,,,,,,COMPLETE
832,832,0.6518518518518519,2025-01-01 22:59:09.521699,2025-01-01 22:59:17.175186,0 days 00:00:07.653487,3,100,30.0,30.0,,,,,,,,2,2.0,6.0,,,,,,,,COMPLETE
833,833,0.5455840455840456,2025-01-01 22:59:17.175975,2025-01-01 22:59:24.245332,0 days 00:00:07.069357,4,50,25.0,65.0,90.0,,,,,,,2,2.0,4.0,2.0,,,,,,,COMPLETE
834,834,0.614622641509434,2025-01-01 22:59:24.246030,2025-01-01 22:59:47.475551,0 days 00:00:23.229521,8,55,20.0,30.0,80.0,75.0,90.0,20.0,35.0,,,2,3.0,6.0,4.0,4.0,5.0,2.0,6.0,,,COMPLETE
835,835,0.5952157598499062,2025-01-01 22:59:47.476425,2025-01-01 23:00:16.803303,0 days 00:00:29.326878,10,60,15.0,35.0,55.0,10.0,10.0,75.0,45.0,15.0,5.0,2,2.0,6.0,4.0,5.0,5.0,4.0,6.0,4.0,3.0,COMPLETE
836,836,0.5804810360777057,2025-01-01 23:00:16.804464,2025-01-01 23:00:23.141596,0 days 00:00:06.337132,3,75,25.0,85.0,,,,,,,,2,2.0,4.0,,,,,,,,COMPLETE
837,837,0.7213862289101687,2025-01-01 23:00:23.142514,2025-01-01 23:00:29.635532,0 days 00:00:06.493018,3,100,30.0,65.0,,,,,,,,2,2.0,6.0,,,,,,,,COMPLETE
838,838,0.5263157894736842,2025-01-01 23:00:29.636193,2025-01-01 23:00:34.243149,0 days 00:00:04.606956,2,45,30.0,,,,,,,,,2,2.0,,,,,,,,,COMPLETE
839,839,0.5357142857142857,2025-01-01 23:00:34.244018,2025-01-01 23:00:50.916488,0 days 00:00:16.672470,8,55,30.0,65.0,65.0,35.0,95.0,65.0,70.0,,,2,2.0,2.0,2.0,4.0,4.0,2.0,5.0,,,COMPLETE
840,840,0.6594202898550725,2025-01-01 23:00:50.917277,2025-01-01 23:00:57.311540,0 days 00:00:06.394263,3,100,35.0,60.0,,,,,,,,2,2.0,4.0,,,,,,,,COMPLETE
841,841,0.4290352504638219,2025-01-01 23:00:57.312210,2025-01-01 23:01:19.316095,0 days 00:00:22.003885,9,60,30.0,65.0,95.0,60.0,5.0,90.0,95.0,90.0,,2,2.0,6.0,2.0,2.0,6.0,5.0,6.0,5.0,,COMPLETE
842,842,0.6154545454545455,2025-01-01 23:01:19.317202,2025-01-01 23:01:26.439296,0 days 00:00:07.122094,3,60,30.0,65.0,,,,,,,,2,2.0,6.0,,,,,,,,COMPLETE
843,843,0.554006968641115,2025-01-01 23:01:26.439961,2025-01-01 23:01:32.937891,0 days 00:00:06.497930,4,55,30.0,65.0,85.0,,,,,,,2,2.0,6.0,3.0,,,,,,,COMPLETE
844,844,0.5695970695970696,2025-01-01 23:01:32.938574,2025-01-01 23:01:48.069164,0 days 00:00:15.130590,7,100,35.0,65.0,45.0,90.0,25.0,65.0,,,,2,2.0,4.0,4.0,4.0,5.0,3.0,,,,COMPLETE
845,845,0.6755637367694431,2025-01-01 23:01:48.069984,2025-01-01 23:01:56.475381,0 days 00:00:08.405397,4,50,30.0,65.0,70.0,,,,,,,2,2.0,6.0,2.0,,,,,,,COMPLETE
846,846,0.6168478260869565,2025-01-01 23:01:56.476326,2025-01-01 23:02:16.929014,0 days 00:00:20.452688,8,95,30.0,60.0,90.0,55.0,85.0,50.0,80.0,,,2,2.0,3.0,2.0,4.0,4.0,6.0,4.0,,,COMPLETE
847,847,0.6190476190476191,2025-01-01 23:02:16.929964,2025-01-01 23:02:23.892632,0 days 00:00:06.962668,3,60,35.0,60.0,,,,,,,,2,2.0,4.0,,,,,,,,COMPLETE
848,848,0.5912144702842377,2025-01-01 23:02:23.893352,2025-01-01 23:02:32.555412,0 days 00:00:08.662060,3,65,30.0,70.0,,,,,,,,6,2.0,6.0,,,,,,,,COMPLETE
849,849,0.6665124884366327,2025-01-01 23:02:32.556144,2025-01-01 23:02:53.828449,0 days 00:00:21.272305,8,55,35.0,65.0,80.0,40.0,20.0,60.0,90.0,,,2,2.0,3.0,4.0,3.0,5.0,2.0,6.0,,,COMPLETE
850,850,0.6083333333333334,2025-01-01 23:02:53.829294,2025-01-01 23:03:04.019222,0 days 00:00:10.189928,5,100,40.0,60.0,100.0,100.0,,,,,,2,2.0,4.0,2.0,5.0,,,,,,COMPLETE
851,851,0.5785714285714285,2025-01-01 23:03:04.019934,2025-01-01 23:03:26.041038,0 days 00:00:22.021104,9,65,25.0,70.0,95.0,50.0,35.0,25.0,85.0,5.0,,2,3.0,3.0,4.0,4.0,3.0,3.0,5.0,2.0,,COMPLETE
852,852,0.5398601398601399,2025-01-01 23:03:26.042134,2025-01-01 23:03:33.030599,0 days 00:00:06.988465,3,60,25.0,65.0,,,,,,,,3,2.0,6.0,,,,,,,,COMPLETE
853,853,0.6785225718194254,2025-01-01 23:03:33.031298,2025-01-01 23:03:40.267571,0 days 00:00:07.236273,4,100,35.0,25.0,10.0,,,,,,,2,2.0,3.0,3.0,,,,,,,COMPLETE
854,854,0.637641723356009,2025-01-01 23:03:40.268280,2025-01-01 23:03:48.008918,0 days 00:00:07.740638,3,95,30.0,70.0,,,,,,,,2,2.0,6.0,,,,,,,,COMPLETE
855,855,0.6223255813953488,2025-01-01 23:03:48.009717,2025-01-01 23:04:03.340186,0 days 00:00:15.330469,7,55,40.0,40.0,90.0,45.0,15.0,80.0,,,,2,2.0,3.0,2.0,4.0,4.0,6.0,,,,COMPLETE
856,856,0.5772357723577235,2025-01-01 23:04:03.340959,2025-01-01 23:04:08.793323,0 days 00:00:05.452364,2,70,25.0,,,,,,,,,2,2.0,,,,,,,,,COMPLETE
857,857,0.6382978723404256,2025-01-01 23:04:08.793981,2025-01-01 23:04:19.883105,0 days 00:00:11.089124,5,65,45.0,65.0,50.0,45.0,,,,,,2,2.0,4.0,4.0,3.0,,,,,,COMPLETE
858,858,0.5619047619047619,2025-01-01 23:04:19.883899,2025-01-01 23:04:39.338054,0 days 00:00:19.454155,8,60,30.0,35.0,100.0,40.0,10.0,5.0,65.0,,,2,4.0,6.0,2.0,4.0,5.0,2.0,6.0,,,COMPLETE
859,859,0.7312673450508789,2025-01-01 23:04:39.338916,2025-01-01 23:04:47.872130,0 days 00:00:08.533214,3,5,5.0,70.0,,,,,,,,2,2.0,3.0,,,,,,,,COMPLETE
860,860,0.5907756813417191,2025-01-01 23:04:47.872779,2025-01-01 23:04:51.080991,0 days 00:00:03.208212,1,80,,,,,,,,,,2,,,,,,,,,,COMPLETE
861,861,0.6260162601626016,2025-01-01 23:04:51.081636,2025-01-01 23:04:59.032685,0 days 00:00:07.951049,4,40,10.0,70.0,80.0,,,,,,,2,2.0,3.0,4.0,,,,,,,COMPLETE
862,862,0.5070679434564523,2025-01-01 23:04:59.033397,2025-01-01 23:05:06.340361,0 days 00:00:07.306964,3,25,40.0,70.0,,,,,,,,2,2.0,6.0,,,,,,,,COMPLETE
863,863,0.5457892314772204,2025-01-01 23:05:06.341297,2025-01-01 23:05:13.465271,0 days 00:00:07.123974,3,10,50.0,70.0,,,,,,,,2,2.0,3.0,,,,,,,,COMPLETE
864,864,0.7097222222222223,2025-01-01 23:05:13.466065,2025-01-01 23:05:28.404492,0 days 00:00:14.938427,8,40,5.0,70.0,85.0,55.0,40.0,75.0,95.0,,,2,2.0,3.0,2.0,3.0,5.0,5.0,6.0,,,COMPLETE
865,865,0.6154545454545455,2025-01-01 23:05:28.405320,2025-01-01 23:05:38.158805,0 days 00:00:09.753485,4,20,35.0,70.0,95.0,,,,,,,2,2.0,4.0,4.0,,,,,,,COMPLETE
866,866,0.5765765765765766,2025-01-01 23:05:38.159534,2025-01-01 23:05:46.986144,0 days 00:00:08.826610,4,10,5.0,70.0,20.0,,,,,,,2,2.0,6.0,2.0,,,,,,,COMPLETE
867,867,0.6594202898550725,2025-01-01 23:05:46.986871,2025-01-01 23:05:54.625516,0 days 00:00:07.638645,3,20,35.0,60.0,,,,,,,,2,2.0,4.0,,,,,,,,COMPLETE
868,868,0.6808510638297872,2025-01-01 23:05:54.626173,2025-01-01 23:06:05.655736,0 days 00:00:11.029563,6,100,40.0,65.0,40.0,90.0,10.0,,,,,2,2.0,2.0,2.0,5.0,3.0,,,,,COMPLETE
869,869,0.6862745098039216,2025-01-01 23:06:05.656632,2025-01-01 23:06:18.744301,0 days 00:00:13.087669,5,100,5.0,65.0,90.0,100.0,,,,,,2,2.0,3.0,4.0,4.0,,,,,,COMPLETE
870,870,0.48874296435272047,2025-01-01 23:06:18.745054,2025-01-01 23:06:38.884092,0 days 00:00:20.139038,9,5,30.0,70.0,75.0,50.0,15.0,85.0,80.0,65.0,,2,2.0,6.0,2.0,4.0,4.0,4.0,5.0,3.0,,COMPLETE
871,871,0.4997635933806146,2025-01-01 23:06:38.885200,2025-01-01 23:06:47.125812,0 days 00:00:08.240612,3,5,5.0,65.0,,,,,,,,2,2.0,3.0,,,,,,,,COMPLETE
872,872,0.4445454545454546,2025-01-01 23:06:47.126470,2025-01-01 23:07:03.766972,0 days 00:00:16.640502,8,30,5.0,75.0,95.0,95.0,5.0,45.0,55.0,,,2,2.0,4.0,3.0,5.0,6.0,2.0,6.0,,,COMPLETE
873,873,0.6104702750665484,2025-01-01 23:07:03.767929,2025-01-01 23:07:09.160738,0 days 00:00:05.392809,2,95,5.0,,,,,,,,,2,2.0,,,,,,,,,COMPLETE
874,874,0.5904306220095694,2025-01-01 23:07:09.161429,2025-01-01 23:07:19.366666,0 days 00:00:10.205237,5,25,35.0,70.0,90.0,60.0,,,,,,2,2.0,3.0,2.0,3.0,,,,,,COMPLETE
875,875,0.53,2025-01-01 23:07:19.367533,2025-01-01 23:07:28.987109,0 days 00:00:09.619576,3,75,10.0,30.0,,,,,,,,3,2.0,6.0,,,,,,,,COMPLETE
876,876,0.5727272727272728,2025-01-01 23:07:28.987819,2025-01-01 23:07:47.662245,0 days 00:00:18.674426,7,95,10.0,70.0,85.0,85.0,15.0,70.0,,,,2,2.0,4.0,4.0,4.0,5.0,3.0,,,,COMPLETE
877,877,0.44655797101449274,2025-01-01 23:07:47.663080,2025-01-01 23:07:59.203455,0 days 00:00:11.540375,4,100,5.0,25.0,85.0,,,,,,,2,2.0,3.0,5.0,,,,,,,COMPLETE
878,878,0.6594202898550725,2025-01-01 23:07:59.204192,2025-01-01 23:08:07.443575,0 days 00:00:08.239383,5,75,10.0,65.0,45.0,55.0,,,,,,2,2.0,3.0,2.0,2.0,,,,,,COMPLETE
879,879,0.6084480303749407,2025-01-01 23:08:07.444301,2025-01-01 23:08:28.463194,0 days 00:00:21.018893,8,60,45.0,55.0,100.0,100.0,20.0,30.0,70.0,,,2,2.0,6.0,4.0,4.0,4.0,6.0,5.0,,,COMPLETE
880,880,0.6862745098039216,2025-01-01 23:08:28.464303,2025-01-01 23:08:35.280374,0 days 00:00:06.816071,3,35,30.0,65.0,,,,,,,,2,2.0,3.0,,,,,,,,COMPLETE
881,881,0.5584415584415584,2025-01-01 23:08:35.281180,2025-01-01 23:08:42.561097,0 days 00:00:07.279917,3,85,30.0,75.0,,,,,,,,2,2.0,6.0,,,,,,,,COMPLETE
882,882,0.5805555555555555,2025-01-01 23:08:42.561801,2025-01-01 23:08:48.145979,0 days 00:00:05.584178,4,100,45.0,85.0,80.0,,,,,,,2,2.0,3.0,2.0,,,,,,,COMPLETE
883,883,0.5265567765567765,2025-01-01 23:08:48.146679,2025-01-01 23:08:54.990420,0 days 00:00:06.843741,3,55,25.0,75.0,,,,,,,,4,2.0,4.0,,,,,,,,COMPLETE
884,884,0.5648148148148149,2025-01-01 23:08:54.991147,2025-01-01 23:09:11.450429,0 days 00:00:16.459282,8,95,35.0,85.0,95.0,70.0,50.0,65.0,90.0,,,2,2.0,6.0,4.0,4.0,3.0,4.0,6.0,,,COMPLETE
885,885,0.5303237574099408,2025-01-01 23:09:11.451316,2025-01-01 23:09:15.471830,0 days 00:00:04.020514,2,25,40.0,,,,,,,,,2,2.0,,,,,,,,,COMPLETE
886,886,0.637641723356009,2025-01-01 23:09:15.472593,2025-01-01 23:09:20.524294,0 days 00:00:05.051701,3,5,30.0,70.0,,,,,,,,2,2.0,3.0,,,,,,,,COMPLETE
887,887,0.4881470730527334,2025-01-01 23:09:20.524987,2025-01-01 23:09:48.684695,0 days 00:00:28.159708,10,60,25.0,60.0,90.0,65.0,30.0,15.0,50.0,45.0,45.0,2,2.0,6.0,2.0,6.0,5.0,2.0,6.0,5.0,5.0,COMPLETE
888,888,0.6584905660377358,2025-01-01 23:09:48.685651,2025-01-01 23:10:02.423638,0 days 00:00:13.737987,7,60,30.0,30.0,75.0,45.0,5.0,60.0,,,,2,2.0,3.0,4.0,4.0,4.0,3.0,,,,COMPLETE
889,889,0.5523809523809524,2025-01-01 23:10:02.424697,2025-01-01 23:10:17.389883,0 days 00:00:14.965186,6,55,25.0,75.0,70.0,5.0,10.0,,,,,4,2.0,3.0,2.0,5.0,5.0,,,,,COMPLETE
890,890,0.7445652173913043,2025-01-01 23:10:17.390797,2025-01-01 23:10:23.694776,0 days 00:00:06.303979,3,100,40.0,80.0,,,,,,,,2,2.0,3.0,,,,,,,,COMPLETE
891,891,0.5270655270655271,2025-01-01 23:10:23.695491,2025-01-01 23:10:31.452998,0 days 00:00:07.757507,4,80,40.0,80.0,90.0,,,,,,,2,4.0,2.0,3.0,,,,,,,COMPLETE
892,892,0.44655797101449274,2025-01-01 23:10:31.453733,2025-01-01 23:10:49.760924,0 days 00:00:18.307191,9,35,40.0,80.0,85.0,40.0,20.0,80.0,75.0,75.0,,2,3.0,3.0,2.0,3.0,3.0,2.0,5.0,6.0,,COMPLETE
893,893,0.6236111111111111,2025-01-01 23:10:49.761797,2025-01-01 23:11:02.366724,0 days 00:00:12.604927,5,60,40.0,80.0,95.0,50.0,,,,,,2,2.0,5.0,4.0,4.0,,,,,,COMPLETE
894,894,0.5416666666666667,2025-01-01 23:11:02.367501,2025-01-01 23:11:10.723734,0 days 00:00:08.356233,4,100,40.0,85.0,100.0,,,,,,,2,2.0,3.0,2.0,,,,,,,COMPLETE
895,895,0.6855813953488372,2025-01-01 23:11:10.724677,2025-01-01 23:11:27.378465,0 days 00:00:16.653788,8,85,45.0,80.0,50.0,35.0,25.0,85.0,100.0,,,2,2.0,3.0,4.0,2.0,6.0,6.0,4.0,,,COMPLETE
896,896,0.6088888888888888,2025-01-01 23:11:27.379488,2025-01-01 23:11:32.328828,0 days 00:00:04.949340,3,90,45.0,75.0,,,,,,,,2,2.0,2.0,,,,,,,,COMPLETE
897,897,0.637641723356009,2025-01-01 23:11:32.329528,2025-01-01 23:11:49.982468,0 days 00:00:17.652940,7,65,40.0,80.0,60.0,30.0,5.0,70.0,,,,2,2.0,3.0,2.0,4.0,5.0,5.0,,,,COMPLETE
898,898,0.5583333333333333,2025-01-01 23:11:49.983467,2025-01-01 23:12:05.005245,0 days 00:00:15.021778,5,20,40.0,85.0,45.0,90.0,,,,,,2,2.0,5.0,2.0,5.0,,,,,,COMPLETE
899,899,0.7009090909090909,2025-01-01 23:12:05.006038,2025-01-01 23:12:12.054195,0 days 00:00:07.048157,3,60,45.0,75.0,,,,,,,,2,2.0,3.0,,,,,,,,COMPLETE
900,900,0.6190476190476191,2025-01-01 23:12:12.054900,2025-01-01 23:12:19.741284,0 days 00:00:07.686384,4,55,40.0,80.0,95.0,,,,,,,3,2.0,3.0,4.0,,,,,,,COMPLETE
901,901,0.5531914893617021,2025-01-01 23:12:19.741972,2025-01-01 23:12:34.948667,0 days 00:00:15.206695,8,95,45.0,80.0,85.0,95.0,100.0,55.0,95.0,,,2,2.0,3.0,2.0,4.0,3.0,2.0,6.0,,,COMPLETE
902,902,0.5957446808510638,2025-01-01 23:12:34.949514,2025-01-01 23:12:47.792553,0 days 00:00:12.843039,6,70,40.0,85.0,80.0,80.0,55.0,,,,,2,2.0,3.0,5.0,4.0,4.0,,,,,COMPLETE
903,903,0.6356589147286822,2025-01-01 23:12:47.793592,2025-01-01 23:12:55.144219,0 days 00:00:07.350627,3,100,10.0,80.0,,,,,,,,2,2.0,5.0,,,,,,,,COMPLETE
904,904,0.5890473999079613,2025-01-01 23:12:55.144932,2025-01-01 23:13:09.967111,0 days 00:00:14.822179,8,55,40.0,75.0,90.0,55.0,80.0,65.0,85.0,,,2,2.0,3.0,3.0,4.0,5.0,3.0,4.0,,,COMPLETE
905,905,0.6594202898550725,2025-01-01 23:13:09.968087,2025-01-01 23:13:17.064016,0 days 00:00:07.095929,3,65,50.0,85.0,,,,,,,,2,3.0,3.0,,,,,,,,COMPLETE
906,906,0.6223255813953488,2025-01-01 23:13:17.064711,2025-01-01 23:13:22.572323,0 days 00:00:05.507612,2,60,35.0,,,,,,,,,2,2.0,,,,,,,,,COMPLETE
907,907,0.5927952576379389,2025-01-01 23:13:22.573096,2025-01-01 23:13:30.597798,0 days 00:00:08.024702,4,40,35.0,80.0,100.0,,,,,,,2,2.0,3.0,2.0,,,,,,,COMPLETE
908,908,0.5825289575289576,2025-01-01 23:13:30.598630,2025-01-01 23:13:38.383947,0 days 00:00:07.785317,3,65,40.0,85.0,,,,,,,,2,4.0,3.0,,,,,,,,COMPLETE
909,909,0.5892857142857143,2025-01-01 23:13:38.384785,2025-01-01 23:13:41.662651,0 days 00:00:03.277866,1,95,,,,,,,,,,2,,,,,,,,,,COMPLETE
910,910,0.5727272727272728,2025-01-01 23:13:41.663327,2025-01-01 23:13:51.922046,0 days 00:00:10.258719,5,100,25.0,75.0,30.0,50.0,,,,,,2,2.0,3.0,4.0,5.0,,,,,,COMPLETE
911,911,0.6428571428571428,2025-01-01 23:13:51.922854,2025-01-01 23:14:11.197430,0 days 00:00:19.274576,9,60,35.0,75.0,95.0,100.0,15.0,50.0,90.0,80.0,,2,2.0,3.0,2.0,3.0,5.0,2.0,5.0,3.0,,COMPLETE
912,912,0.5560224089635855,2025-01-01 23:14:11.198328,2025-01-01 23:14:16.731410,0 days 00:00:05.533082,3,65,25.0,25.0,,,,,,,,2,2.0,3.0,,,,,,,,COMPLETE
913,913,0.6802721088435374,2025-01-01 23:14:16.732354,2025-01-01 23:14:25.109602,0 days 00:00:08.377248,4,15,45.0,80.0,35.0,,,,,,,2,2.0,3.0,4.0,,,,,,,COMPLETE
914,914,0.559204440333025,2025-01-01 23:14:25.110342,2025-01-01 23:14:42.925640,0 days 00:00:17.815298,8,70,25.0,30.0,70.0,60.0,40.0,40.0,45.0,,,2,2.0,3.0,2.0,4.0,3.0,5.0,6.0,,,COMPLETE
915,915,0.6079545454545454,2025-01-01 23:14:42.926619,2025-01-01 23:15:00.666517,0 days 00:00:17.739898,8,55,20.0,85.0,90.0,45.0,90.0,60.0,60.0,,,2,2.0,3.0,3.0,5.0,6.0,6.0,3.0,,,COMPLETE
916,916,0.559204440333025,2025-01-01 23:15:00.667449,2025-01-01 23:15:07.084785,0 days 00:00:06.417336,3,100,40.0,80.0,,,,,,,,2,2.0,3.0,,,,,,,,COMPLETE
917,917,0.6083333333333334,2025-01-01 23:15:07.085484,2025-01-01 23:15:16.853905,0 days 00:00:09.768421,5,30,45.0,80.0,80.0,40.0,,,,,,2,2.0,3.0,4.0,3.0,,,,,,COMPLETE
918,918,0.5932367149758454,2025-01-01 23:15:16.854634,2025-01-01 23:15:27.212734,0 days 00:00:10.358100,4,60,50.0,75.0,90.0,,,,,,,2,6.0,3.0,5.0,,,,,,,COMPLETE
919,919,0.5375,2025-01-01 23:15:27.213626,2025-01-01 23:15:30.391752,0 days 00:00:03.178126,2,55,25.0,,,,,,,,,2,2.0,,,,,,,,,COMPLETE
920,920,0.6211474632527264,2025-01-01 23:15:30.392447,2025-01-01 23:15:35.057987,0 days 00:00:04.665540,3,70,10.0,70.0,,,,,,,,2,2.0,2.0,,,,,,,,COMPLETE
921,921,0.7009090909090909,2025-01-01 23:15:35.058678,2025-01-01 23:15:47.962297,0 days 00:00:12.903619,7,65,35.0,75.0,85.0,55.0,45.0,70.0,,,,3,2.0,3.0,2.0,4.0,2.0,4.0,,,,COMPLETE
922,922,0.5531914893617021,2025-01-01 23:15:47.963121,2025-01-01 23:15:55.006056,0 days 00:00:07.042935,3,95,55.0,30.0,,,,,,,,2,2.0,3.0,,,,,,,,COMPLETE
923,923,0.6126373626373627,2025-01-01 23:15:55.006850,2025-01-01 23:16:16.206660,0 days 00:00:21.199810,8,60,40.0,85.0,100.0,85.0,20.0,80.0,75.0,,,2,2.0,5.0,4.0,4.0,4.0,2.0,6.0,,,COMPLETE
924,924,0.6785225718194254,2025-01-01 23:16:16.207829,2025-01-01 23:16:26.554288,0 days 00:00:10.346459,6,100,20.0,70.0,95.0,45.0,25.0,,,,,2,2.0,3.0,2.0,2.0,5.0,,,,,COMPLETE
925,925,0.7095282146160962,2025-01-01 23:16:26.555111,2025-01-01 23:16:32.621399,0 days 00:00:06.066288,3,95,35.0,75.0,,,,,,,,2,2.0,3.0,,,,,,,,COMPLETE
926,926,0.5317028985507246,2025-01-01 23:16:32.622218,2025-01-01 23:16:43.899659,0 days 00:00:11.277441,5,60,25.0,80.0,90.0,95.0,,,,,,2,2.0,3.0,4.0,6.0,,,,,,COMPLETE
927,927,0.6452358926919519,2025-01-01 23:16:43.900422,2025-01-01 23:16:50.433899,0 days 00:00:06.533477,4,65,20.0,70.0,75.0,,,,,,,2,2.0,3.0,2.0,,,,,,,COMPLETE
928,928,0.6689250225835592,2025-01-01 23:16:50.434733,2025-01-01 23:16:54.287981,0 days 00:00:03.853248,2,15,25.0,,,,,,,,,4,2.0,,,,,,,,,COMPLETE
929,929,0.7009090909090909,2025-01-01 23:16:54.288624,2025-01-01 23:17:00.259988,0 days 00:00:05.971364,3,100,15.0,85.0,,,,,,,,2,2.0,3.0,,,,,,,,COMPLETE
930,930,0.6515151515151515,2025-01-01 23:17:00.260648,2025-01-01 23:17:25.908244,0 days 00:00:25.647596,9,65,25.0,80.0,85.0,50.0,10.0,55.0,65.0,100.0,,2,2.0,3.0,3.0,5.0,5.0,3.0,5.0,4.0,,COMPLETE
931,931,0.575984990619137,2025-01-01 23:17:25.909124,2025-01-01 23:17:46.199142,0 days 00:00:20.290018,10,60,35.0,90.0,55.0,80.0,10.0,75.0,40.0,15.0,65.0,2,2.0,3.0,2.0,3.0,4.0,2.0,6.0,2.0,6.0,COMPLETE
932,932,0.5619047619047619,2025-01-01 23:17:46.200290,2025-01-01 23:18:13.745621,0 days 00:00:27.545331,8,90,5.0,30.0,75.0,100.0,5.0,65.0,80.0,,,2,2.0,3.0,4.0,4.0,3.0,6.0,6.0,,,COMPLETE
933,933,0.6190476190476191,2025-01-01 23:18:13.746619,2025-01-01 23:18:20.144164,0 days 00:00:06.397545,3,55,40.0,75.0,,,,,,,,4,2.0,3.0,,,,,,,,COMPLETE
934,934,0.5933268858800773,2025-01-01 23:18:20.144880,2025-01-01 23:18:27.802576,0 days 00:00:07.657696,5,100,20.0,25.0,95.0,40.0,,,,,,2,2.0,2.0,2.0,4.0,,,,,,COMPLETE
935,935,0.637641723356009,2025-01-01 23:18:27.803279,2025-01-01 23:18:33.670605,0 days 00:00:05.867326,3,60,25.0,80.0,,,,,,,,2,2.0,3.0,,,,,,,,COMPLETE
936,936,0.6057142857142856,2025-01-01 23:18:33.671315,2025-01-01 23:18:44.881757,0 days 00:00:11.210442,4,70,30.0,70.0,50.0,,,,,,,2,2.0,5.0,4.0,,,,,,,COMPLETE
937,937,0.6581818181818182,2025-01-01 23:18:44.882508,2025-01-01 23:18:57.693265,0 days 00:00:12.810757,6,65,35.0,20.0,40.0,50.0,35.0,,,,,2,2.0,3.0,2.0,4.0,2.0,,,,,COMPLETE
938,938,0.559204440333025,2025-01-01 23:18:57.694463,2025-01-01 23:19:11.228872,0 days 00:00:13.534409,7,15,20.0,55.0,80.0,90.0,15.0,70.0,,,,2,2.0,3.0,2.0,4.0,5.0,3.0,,,,COMPLETE
939,939,0.6356589147286822,2025-01-01 23:19:11.229696,2025-01-01 23:19:17.640839,0 days 00:00:06.411143,3,55,40.0,85.0,,,,,,,,2,2.0,3.0,,,,,,,,COMPLETE
940,940,0.5950113378684807,2025-01-01 23:19:17.641652,2025-01-01 23:19:29.661087,0 days 00:00:12.019435,4,95,45.0,35.0,85.0,,,,,,,2,3.0,3.0,4.0,,,,,,,COMPLETE
941,941,0.5322128851540616,2025-01-01 23:19:29.661834,2025-01-01 23:19:38.671388,0 days 00:00:09.009554,5,65,30.0,80.0,100.0,50.0,,,,,,2,2.0,3.0,2.0,5.0,,,,,,COMPLETE
942,942,0.6154545454545455,2025-01-01 23:19:38.672132,2025-01-01 23:19:48.752094,0 days 00:00:10.079962,4,60,15.0,75.0,95.0,,,,,,,2,2.0,3.0,4.0,,,,,,,COMPLETE
943,943,0.6808510638297872,2025-01-01 23:19:48.752825,2025-01-01 23:19:58.319800,0 days 00:00:09.566975,7,80,25.0,75.0,80.0,45.0,85.0,35.0,,,,2,2.0,3.0,2.0,2.0,6.0,2.0,,,,COMPLETE
944,944,0.5927952576379389,2025-01-01 23:19:58.320606,2025-01-01 23:20:14.652820,0 days 00:00:16.332214,8,75,30.0,70.0,65.0,55.0,20.0,75.0,100.0,,,2,2.0,3.0,2.0,4.0,5.0,4.0,5.0,,,COMPLETE
945,945,0.6511111111111112,2025-01-01 23:20:14.653688,2025-01-01 23:20:21.154353,0 days 00:00:06.500665,3,100,25.0,85.0,,,,,,,,2,2.0,6.0,,,,,,,,COMPLETE
946,946,0.7659574468085106,2025-01-01 23:20:21.155053,2025-01-01 23:20:26.837756,0 days 00:00:05.682703,3,65,35.0,70.0,,,,,,,,2,2.0,3.0,,,,,,,,COMPLETE
947,947,0.5833333333333333,2025-01-01 23:20:26.838453,2025-01-01 23:20:35.354881,0 days 00:00:08.516428,3,70,35.0,70.0,,,,,,,,3,4.0,6.0,,,,,,,,COMPLETE
948,948,0.5918762088974855,2025-01-01 23:20:35.355857,2025-01-01 23:20:42.020241,0 days 00:00:06.664384,3,65,35.0,70.0,,,,,,,,2,2.0,3.0,,,,,,,,COMPLETE
949,949,0.5957446808510638,2025-01-01 23:20:42.020949,2025-01-01 23:20:47.811234,0 days 00:00:05.790285,3,70,35.0,70.0,,,,,,,,2,2.0,3.0,,,,,,,,COMPLETE
950,950,0.5932367149758454,2025-01-01 23:20:47.811957,2025-01-01 23:20:52.627326,0 days 00:00:04.815369,2,65,60.0,,,,,,,,,2,2.0,,,,,,,,,COMPLETE
951,951,0.6655813953488372,2025-01-01 23:20:52.628046,2025-01-01 23:21:00.117849,0 days 00:00:07.489803,3,65,35.0,70.0,,,,,,,,2,2.0,6.0,,,,,,,,COMPLETE
952,952,0.6269230769230769,2025-01-01 23:21:00.118665,2025-01-01 23:21:05.395827,0 days 00:00:05.277162,3,70,35.0,65.0,,,,,,,,2,2.0,3.0,,,,,,,,COMPLETE
953,953,0.5927952576379389,2025-01-01 23:21:05.396553,2025-01-01 23:21:13.373938,0 days 00:00:07.977385,3,65,40.0,70.0,,,,,,,,2,3.0,4.0,,,,,,,,COMPLETE
954,954,0.5053191489361701,2025-01-01 23:21:13.374680,2025-01-01 23:21:20.506597,0 days 00:00:07.131917,3,65,35.0,70.0,,,,,,,,6,2.0,6.0,,,,,,,,COMPLETE
955,955,0.6452358926919519,2025-01-01 23:21:20.507334,2025-01-01 23:21:27.993936,0 days 00:00:07.486602,3,70,40.0,65.0,,,,,,,,2,2.0,3.0,,,,,,,,COMPLETE
956,956,0.5498084291187739,2025-01-01 23:21:27.994648,2025-01-01 23:21:33.292252,0 days 00:00:05.297604,3,65,40.0,65.0,,,,,,,,2,2.0,3.0,,,,,,,,COMPLETE
957,957,0.6515366430260048,2025-01-01 23:21:33.292975,2025-01-01 23:21:38.646948,0 days 00:00:05.353973,3,65,45.0,70.0,,,,,,,,2,2.0,2.0,,,,,,,,COMPLETE
958,958,0.7346153846153847,2025-01-01 23:21:38.647659,2025-01-01 23:21:44.733274,0 days 00:00:06.085615,3,100,35.0,70.0,,,,,,,,2,2.0,6.0,,,,,,,,COMPLETE
959,959,0.687847866419295,2025-01-01 23:21:44.733995,2025-01-01 23:21:52.166718,0 days 00:00:07.432723,3,100,35.0,65.0,,,,,,,,2,2.0,6.0,,,,,,,,COMPLETE
960,960,0.5952157598499062,2025-01-01 23:21:52.167433,2025-01-01 23:21:58.665686,0 days 00:00:06.498253,3,100,35.0,70.0,,,,,,,,2,2.0,6.0,,,,,,,,COMPLETE
961,961,0.6524822695035462,2025-01-01 23:21:58.666397,2025-01-01 23:22:09.107306,0 days 00:00:10.440909,3,100,35.0,70.0,,,,,,,,2,6.0,6.0,,,,,,,,COMPLETE
962,962,0.6953703703703704,2025-01-01 23:22:09.108107,2025-01-01 23:22:16.515001,0 days 00:00:07.406894,3,100,35.0,65.0,,,,,,,,2,2.0,6.0,,,,,,,,COMPLETE
963,963,0.6739130434782609,2025-01-01 23:22:16.515931,2025-01-01 23:22:23.966341,0 days 00:00:07.450410,3,95,35.0,65.0,,,,,,,,2,2.0,6.0,,,,,,,,COMPLETE
964,964,0.5493230174081238,2025-01-01 23:22:23.967032,2025-01-01 23:22:29.846509,0 days 00:00:05.879477,3,100,35.0,70.0,,,,,,,,2,2.0,6.0,,,,,,,,COMPLETE
965,965,0.5265567765567765,2025-01-01 23:22:29.847349,2025-01-01 23:22:37.578946,0 days 00:00:07.731597,3,95,40.0,25.0,,,,,,,,4,2.0,6.0,,,,,,,,COMPLETE
966,966,0.6957759848125297,2025-01-01 23:22:37.579682,2025-01-01 23:22:45.140350,0 days 00:00:07.560668,3,100,40.0,70.0,,,,,,,,2,2.0,6.0,,,,,,,,COMPLETE
967,967,0.6154545454545455,2025-01-01 23:22:45.141081,2025-01-01 23:22:53.699988,0 days 00:00:08.558907,3,100,35.0,65.0,,,,,,,,2,2.0,6.0,,,,,,,,COMPLETE
968,968,0.6785225718194254,2025-01-01 23:22:53.700834,2025-01-01 23:22:57.621374,0 days 00:00:03.920540,2,95,40.0,,,,,,,,,2,2.0,,,,,,,,,COMPLETE
969,969,0.6016260162601625,2025-01-01 23:22:57.622023,2025-01-01 23:23:04.218505,0 days 00:00:06.596482,3,100,35.0,60.0,,,,,,,,2,2.0,6.0,,,,,,,,COMPLETE
970,970,0.5152777777777777,2025-01-01 23:23:04.219240,2025-01-01 23:23:11.539276,0 days 00:00:07.320036,3,95,35.0,70.0,,,,,,,,2,2.0,6.0,,,,,,,,COMPLETE
971,971,0.44655797101449274,2025-01-01 23:23:11.539966,2025-01-01 23:23:17.974547,0 days 00:00:06.434581,3,100,40.0,70.0,,,,,,,,2,2.0,6.0,,,,,,,,COMPLETE
972,972,0.6570731707317073,2025-01-01 23:23:17.975231,2025-01-01 23:23:25.195198,0 days 00:00:07.219967,3,100,40.0,35.0,,,,,,,,2,2.0,6.0,,,,,,,,COMPLETE
973,973,0.6154545454545455,2025-01-01 23:23:25.195934,2025-01-01 23:23:33.201662,0 days 00:00:08.005728,3,100,35.0,65.0,,,,,,,,2,3.0,6.0,,,,,,,,COMPLETE
974,974,0.6447124304267161,2025-01-01 23:23:33.202386,2025-01-01 23:23:40.637063,0 days 00:00:07.434677,3,90,35.0,60.0,,,,,,,,3,2.0,6.0,,,,,,,,COMPLETE
975,975,0.6015769944341374,2025-01-01 23:23:40.637793,2025-01-01 23:23:48.720516,0 days 00:00:08.082723,3,95,45.0,30.0,,,,,,,,2,2.0,6.0,,,,,,,,COMPLETE
976,976,0.6022201665124884,2025-01-01 23:23:48.721609,2025-01-01 23:23:55.567292,0 days 00:00:06.845683,3,100,30.0,90.0,,,,,,,,2,4.0,3.0,,,,,,,,COMPLETE
977,977,0.42213570634037817,2025-01-01 23:23:55.567972,2025-01-01 23:24:00.815194,0 days 00:00:05.247222,2,95,40.0,,,,,,,,,4,2.0,,,,,,,,,COMPLETE
978,978,0.6987179487179487,2025-01-01 23:24:00.815916,2025-01-01 23:24:07.821526,0 days 00:00:07.005610,3,100,30.0,65.0,,,,,,,,2,2.0,6.0,,,,,,,,COMPLETE
979,979,0.6655813953488372,2025-01-01 23:24:07.822400,2025-01-01 23:24:22.445000,0 days 00:00:14.622600,8,100,35.0,30.0,55.0,85.0,5.0,60.0,95.0,,,2,2.0,3.0,3.0,6.0,2.0,3.0,6.0,,,COMPLETE
980,980,0.4721706864564007,2025-01-01 23:24:22.445816,2025-01-01 23:24:29.167918,0 days 00:00:06.722102,3,10,5.0,70.0,,,,,,,,2,2.0,3.0,,,,,,,,COMPLETE
981,981,0.7229024943310658,2025-01-01 23:24:29.168634,2025-01-01 23:24:36.909739,0 days 00:00:07.741105,3,95,40.0,35.0,,,,,,,,2,2.0,6.0,,,,,,,,COMPLETE
982,982,0.6323055683387022,2025-01-01 23:24:36.910466,2025-01-01 23:24:41.697660,0 days 00:00:04.787194,2,100,30.0,,,,,,,,,2,2.0,,,,,,,,,COMPLETE
983,983,0.6556776556776557,2025-01-01 23:24:41.698358,2025-01-01 23:25:00.165721,0 days 00:00:18.467363,8,50,35.0,70.0,60.0,65.0,15.0,85.0,50.0,,,2,2.0,3.0,3.0,3.0,4.0,6.0,4.0,,,COMPLETE
984,984,0.7312673450508789,2025-01-01 23:25:00.166567,2025-01-01 23:25:06.693069,0 days 00:00:06.526502,3,100,50.0,65.0,,,,,,,,2,2.0,6.0,,,,,,,,COMPLETE
985,985,0.4891304347826087,2025-01-01 23:25:06.693798,2025-01-01 23:25:13.214895,0 days 00:00:06.521097,3,100,50.0,65.0,,,,,,,,2,2.0,6.0,,,,,,,,COMPLETE
986,986,0.7384026781444285,2025-01-01 23:25:13.215568,2025-01-01 23:25:19.036327,0 days 00:00:05.820759,3,100,50.0,15.0,,,,,,,,2,2.0,6.0,,,,,,,,COMPLETE
987,987,0.4693023255813954,2025-01-01 23:25:19.037322,2025-01-01 23:25:26.660123,0 days 00:00:07.622801,3,100,50.0,10.0,,,,,,,,6,2.0,6.0,,,,,,,,COMPLETE
988,988,0.6600580270793037,2025-01-01 23:25:26.660826,2025-01-01 23:25:33.241964,0 days 00:00:06.581138,3,100,55.0,15.0,,,,,,,,2,2.0,6.0,,,,,,,,COMPLETE
989,989,0.5820181731229077,2025-01-01 23:25:33.242704,2025-01-01 23:25:42.028453,0 days 00:00:08.785749,3,100,45.0,70.0,,,,,,,,6,2.0,6.0,,,,,,,,COMPLETE
990,990,0.6022201665124884,2025-01-01 23:25:42.029317,2025-01-01 23:25:49.363834,0 days 00:00:07.334517,3,100,50.0,15.0,,,,,,,,2,2.0,6.0,,,,,,,,COMPLETE
991,991,0.6234967622571693,2025-01-01 23:25:49.364511,2025-01-01 23:25:56.615556,0 days 00:00:07.251045,3,100,55.0,15.0,,,,,,,,2,2.0,6.0,,,,,,,,COMPLETE
992,992,0.6302600472813239,2025-01-01 23:25:56.616281,2025-01-01 23:26:04.931463,0 days 00:00:08.315182,3,100,50.0,10.0,,,,,,,,2,3.0,6.0,,,,,,,,COMPLETE
993,993,0.6984126984126984,2025-01-01 23:26:04.932235,2025-01-01 23:26:11.135647,0 days 00:00:06.203412,3,100,55.0,20.0,,,,,,,,2,2.0,6.0,,,,,,,,COMPLETE
994,994,0.6834905660377358,2025-01-01 23:26:11.136378,2025-01-01 23:26:17.832930,0 days 00:00:06.696552,3,100,45.0,75.0,,,,,,,,2,2.0,6.0,,,,,,,,COMPLETE
995,995,0.6148255813953488,2025-01-01 23:26:17.833659,2025-01-01 23:26:24.926455,0 days 00:00:07.092796,3,100,50.0,70.0,,,,,,,,2,2.0,6.0,,,,,,,,COMPLETE
996,996,0.6594202898550725,2025-01-01 23:26:24.927190,2025-01-01 23:26:32.038956,0 days 00:00:07.111766,3,100,55.0,10.0,,,,,,,,2,2.0,6.0,,,,,,,,COMPLETE
997,997,0.5804810360777057,2025-01-01 23:26:32.039785,2025-01-01 23:26:38.300237,0 days 00:00:06.260452,3,100,50.0,10.0,,,,,,,,2,2.0,5.0,,,,,,,,COMPLETE
998,998,0.6581818181818182,2025-01-01 23:26:38.300954,2025-01-01 23:26:45.133544,0 days 00:00:06.832590,3,100,55.0,5.0,,,,,,,,2,2.0,6.0,,,,,,,,COMPLETE
999,999,0.637641723356009,2025-01-01 23:26:45.134268,2025-01-01 23:26:52.206635,0 days 00:00:07.072367,3,100,50.0,15.0,,,,,,,,2,2.0,6.0,,,,,,,,COMPLETE
